code,name,group,major,plan,admit,score,rank
0378,安徽财经大学,,经济学类(经济学、国民经济管理),,,561,
0378,安徽财经大学,,金融学类(投资学、保险学),,,564,
0378,安徽财经大学,,经济与贸易类(国际经济与贸易、贸易经济),,,555,
0378,安徽财经大学,,电子商务,,,534,
0378,安徽财经大学,,计算机类(计算机科学与技术、物联网工程),,,578,
0378,安徽财经大学,,管理科学与工程类(信息管理与信息系统、工程管理、工程造价),,,547,
0378,安徽财经大学,,会计学,,,599,
0378,安徽财经大学,,财政学类(财政学、税收学),,,577,
0378,安徽财经大学,,经济统计学,,,575,
0378,安徽财经大学,,应用统计学(中外合作办学),,,533,
0357,安徽大学,,数学类(数学与应用数学、信息与计算科学),,,618,
0357,安徽大学,,计算机科学与技术,,,630,
0357,安徽大学,,智能科学与技术,,,622,
0357,安徽大学,,电子信息工程,,,628,
0357,安徽大学,,通信工程,,,624,
0357,安徽大学,,电气工程及其自动化,,,624,
0357,安徽大学,,机械设计制造及其自动化,,,620,
0357,安徽大学,,人工智能,,,622,
0357,安徽大学,,集成电路设计与集成系统,,,624,
0363,安徽工程大学,,高分子材料与工程,,,481,
0363,安徽工程大学,,纺织工程,,,464,
0363,安徽工程大学,,给排水科学与工程,,,490,
0360,安徽工业大学,,经济统计学,,,545,
0360,安徽工业大学,,材料科学与工程,,,522,
0360,安徽工业大学,,焊接技术与工程,,,533,
0360,安徽工业大学,,化学工程与工艺,,,530,
0360,安徽工业大学,,化学生物学,,,500,
0360,安徽工业大学,,环境工程,,,473,
0360,安徽工业大学,,机械设计制造及其自动化,,,569,
0360,安徽工业大学,,计算机科学与技术,,,582,
0360,安徽工业大学,,建筑环境与能源应用工程,,,510,
0360,安徽工业大学,,无机非金属材料工程,,,510,
0360,安徽工业大学,,冶金工程,,,484,
0360,安徽工业大学,,自动化,,,576,
0878,安徽建筑大学,,土木工程,,,517,
0878,安徽建筑大学,,勘查技术与工程,,,482,
0878,安徽建筑大学,,环境生态工程,,,497,
0878,安徽建筑大学,,通信工程,,,555,
0878,安徽建筑大学,,网络工程,,,558,
0878,安徽建筑大学,,高分子材料与工程,,,501,
0878,安徽建筑大学,,声学,,,506,
0878,安徽建筑大学,,过程装备与控制工程,,,514,
0878,安徽建筑大学,,法学,,,552,
0878,安徽建筑大学,,劳动与社会保障,,,511,
0879,安徽科技学院,,城乡规划,,,462,
0879,安徽科技学院,,建筑学,,,464,
0879,安徽科技学院,,农学,,,456,
0879,安徽科技学院,,动物科学,,,466,
0879,安徽科技学院,,环境工程,,,460,
0879,安徽科技学院,,物流管理,,,462,
0879,安徽科技学院,,质量管理工程,,,478,
0361,安徽理工大学,,工程力学,,,543,
0361,安徽理工大学,,过程装备与控制工程,,,538,
0361,安徽理工大学,,新能源汽车工程,,,548,
0361,安徽理工大学,,测控技术与仪器,,,554,
0361,安徽理工大学,,无机非金属材料工程,,,522,
0361,安徽理工大学,,高分子材料与工程,,,518,
0361,安徽理工大学,,土木工程,,,537,
0361,安徽理工大学,,建筑环境与能源应用工程,,,530,
0361,安徽理工大学,,测绘工程,,,523,
0361,安徽理工大学,,地质工程,,,519,
0361,安徽理工大学,,环境工程,,,509,
0361,安徽理工大学,,安全工程,,,531,
0364,安徽农业大学,,农学,,,538,
0364,安徽农业大学,,植物保护,,,497,
0364,安徽农业大学,,智慧农业,,,538,
0364,安徽农业大学,,动物科学,,,543,
0364,安徽农业大学,,茶学,,,552,
0364,安徽农业大学,,农业资源与环境,,,521,
0364,安徽农业大学,,车辆工程,,,548,
0364,安徽农业大学,,计算机科学与技术,,,578,
0364,安徽农业大学,,会计学,,,553,
0364,安徽农业大学,,金融学,,,543,
0364,安徽农业大学,,农林经济管理,,,515,
0370,安徽师范大学,,经济学,,,538,
0370,安徽师范大学,,数字经济,,,529,
0370,安徽师范大学,,金融工程,,,521,
0370,安徽师范大学,,会计学,,,569,
0370,安徽师范大学,,统计学,,,565,
0370,安徽师范大学,,人工智能,,,558,
0370,安徽师范大学,,软件工程,,,572,
0370,安徽师范大学,,物联网工程,,,563,
0370,安徽师范大学,,数据科学与大数据技术,,,558,
0370,安徽师范大学,,网络空间安全,,,562,
0370,安徽师范大学,,土地资源管理,,,505,
0370,安徽师范大学,,环境工程,,,468,
0370,安徽师范大学,,环境科学,,,484,
2216,安徽新华学院,,电子信息工程,,,424,
2216,安徽新华学院,,药学,,,429,
2216,安徽新华学院,,制药工程,,,428,
0366,安徽医科大学,,临床医学,,,604,
3618,安徽医科大学临床医学院,,临床医学,,,494,
3618,安徽医科大学临床医学院,,预防医学,,,437,
0369,安徽中医药大学,,中医学,,,537,
0369,安徽中医药大学,,中医骨伤科学,,,517,
0369,安徽中医药大学,,中西医临床医学,,,526,
0369,安徽中医药大学,,药学,,,552,
0369,安徽中医药大学,,医学影像技术,,,509,
0369,安徽中医药大学,,国际经济与贸易,,,491,
0369,安徽中医药大学,,医疗保险,,,534,
0369,安徽中医药大学,,护理学,,,504,
1397,安康学院,,工程管理,,,460,
0372,安庆师范大学,,计算机类(计算机科学与技术、物联网工程、数字媒体技术、数据科学与大数据技术、智能科学与技术),,,506,
0372,安庆师范大学,,电子信息类(电子信息科学与技术、通信工程、微电子科学与工程、光电信息科学与工程),,,498,
0667,安顺学院,,材料物理,,,449,
0667,安顺学院,,植物生产类(农学、植物保护、设施农业科学与工程),,,451,
1330,安阳工学院,,机械电子工程,,,473,
1330,安阳工学院,,网络工程,,,475,
1330,安阳工学院,,应用化学,,,454,
1330,安阳工学院,,安全工程,,,459,
0479,安阳师范学院,,人工智能,,,504,
0479,安阳师范学院,,化学(师范类),,,509,
0479,安阳师范学院,,电气工程及其自动化,,,512,
0169,鞍山师范学院,,思想政治教育(师范类),,,539,
0169,鞍山师范学院,,社会工作,,,471,
0169,鞍山师范学院,,汉语言文学(师范类),,,543,
0169,鞍山师范学院,,汉语国际教育,,,514,
0169,鞍山师范学院,,网络与新媒体,,,493,
0169,鞍山师范学院,,历史学(师范类),,,509,
0169,鞍山师范学院,,英语(师范类),,,533,
0169,鞍山师范学院,,日语,,,477,
0169,鞍山师范学院,,数学与应用数学(师范类),,,514,
0169,鞍山师范学院,,会计学,,,511,
0169,鞍山师范学院,,旅游管理,,,467,
0169,鞍山师范学院,,酒店管理,,,464,
0169,鞍山师范学院,,市场营销,,,467,
0169,鞍山师范学院,,物理学(师范类),,,501,
0169,鞍山师范学院,,化学(师范类),,,501,
0169,鞍山师范学院,,应用化学,,,465,
0169,鞍山师范学院,,生物科学(师范类),,,498,
0169,鞍山师范学院,,食品科学与工程,,,467,
0169,鞍山师范学院,,学前教育(师范类),,,483,
0169,鞍山师范学院,,小学教育(师范类),,,512,
0169,鞍山师范学院,,应用心理学(师范类),,,479,
0169,鞍山师范学院,,教育技术学(师范类),,,473,
0169,鞍山师范学院,,计算机科学与技术,,,490,
0169,鞍山师范学院,,数据科学与大数据技术,,,477,
0169,鞍山师范学院,,大数据管理与应用,,,480,
0169,鞍山师范学院,,地理科学(师范类),,,490,
0169,鞍山师范学院,,健康服务与管理,,,467,
0169,鞍山师范学院,,养老服务管理,,,473,
0206,白城师范学院,,小学教育(师范类),,,504,
0206,白城师范学院,,教育技术学(师范类),,,467,
0206,白城师范学院,,地理科学(师范类),,,510,
0206,白城师范学院,,生物技术,,,459,
0206,白城师范学院,,财务管理,,,492,
0206,白城师范学院,,物流管理,,,465,
0609,百色学院,,化学(师范类),,,472,
0609,百色学院,,应用统计学,,,453,
0609,百色学院,,材料成型及控制工程,,,455,
0609,百色学院,,金属材料工程,,,452,
0609,百色学院,,电气工程及其自动化,,,478,
0609,百色学院,,计算机科学与技术,,,470,
0609,百色学院,,食品科学与工程,,,460,
0609,百色学院,,工程管理,,,457,
0609,百色学院,,土木工程,,,451,
0609,百色学院,,英语,,,458,
0367,蚌埠医科大学,,医学影像学,,,562,
0721,宝鸡文理学院,,经济学,,,467,
0721,宝鸡文理学院,,教育技术学(师范类),,,466,
0721,宝鸡文理学院,,地理科学(师范类),,,499,
0721,宝鸡文理学院,,机械设计制造及其自动化,,,477,
0721,宝鸡文理学院,,电气工程及其自动化,,,488,
3891,保定理工学院,,经济学,,,438,
3891,保定理工学院,,地质学,,,437,
3891,保定理工学院,,机械设计制造及其自动化,,,438,
3891,保定理工学院,,电气工程及其自动化,,,439,
3891,保定理工学院,,土木工程,,,422,
3891,保定理工学院,,信息管理与信息系统,,,445,
3891,保定理工学院,,工程管理,,,431,
3891,保定理工学院,,会计学,,,446,
3891,保定理工学院,,财务管理,,,445,
3891,保定理工学院,,电子信息工程,,,436,
3891,保定理工学院,,物联网工程,,,433,
3891,保定理工学院,,工程造价,,,437,
3891,保定理工学院,,计算机科学与技术,,,439,
3891,保定理工学院,,金融工程,,,433,
3891,保定理工学院,,学前教育,,,435,
3891,保定理工学院,,小学教育,,,443,
3891,保定理工学院,,审计学,,,446,
3891,保定理工学院,,数据科学与大数据技术,,,435,
3891,保定理工学院,,土木工程(中外合作办学),,,368,
0096,保定学院,,数学与应用数学(师范类),,,542,
0096,保定学院,,软件工程,,,536,
0096,保定学院,,物理学(师范类),,,517,
0096,保定学院,,科学教育(师范类),,,492,
0096,保定学院,,教育技术学(师范类),,,491,
0096,保定学院,,物联网工程,,,508,
0096,保定学院,,物流工程,,,485,
1607,北部湾大学,,自动化,,,488,
1607,北部湾大学,,海洋科学,,,461,
1607,北部湾大学,,港口航道与海岸工程,,,467,
1607,北部湾大学,,机械工程(中外合作办学),,,431,
1607,北部湾大学,,机械设计制造及其自动化(中外合作办学),,,439,
1607,北部湾大学,,车辆工程(中外合作办学),,,435,
1607,北部湾大学,,物联网工程(中外合作办学),,,435,
1607,北部湾大学,,工程造价(中外合作办学),,,430,
1607,北部湾大学,,电子信息工程(中外合作办学),,,445,
0009,北方工业大学,,统计学,,,596,
0009,北方工业大学,,机械设计制造及其自动化(创新实验班),,,607,
0009,北方工业大学,,材料成型及控制工程,,,586,
0009,北方工业大学,,机械电子工程(智能制造与新能源汽车),,,601,
0009,北方工业大学,,工业设计,,,591,
0009,北方工业大学,,材料科学与工程(新材料),,,583,
0009,北方工业大学,,电气工程及其自动化,,,610,
0009,北方工业大学,,电子信息工程,,,608,
0009,北方工业大学,,电子信息工程(创新实验班),,,613,
0009,北方工业大学,,微电子科学与工程(集成电路设计与测试),,,609,
0009,北方工业大学,,人工智能,,,618,
0009,北方工业大学,,自动化(创新实验班),,,613,
0009,北方工业大学,,自动化(智能无人机),,,611,
0009,北方工业大学,,计算机科学与技术,,,619,
0009,北方工业大学,,计算机科学与技术(创新实验班),,,624,
0009,北方工业大学,,信息安全,,,611,
0009,北方工业大学,,数字媒体技术,,,608,
0009,北方工业大学,,土木工程,,,541,
0009,北方工业大学,,智能建造,,,581,
0009,北方工业大学,,智慧交通,,,584,
0009,北方工业大学,,工程管理,,,561,
0009,北方工业大学,,储能科学与工程,,,592,
0009,北方工业大学,,数据科学与大数据技术(中外合作办学),,,572,
0009,北方工业大学,,土木工程(中外合作办学),,,520,
1407,北方民族大学,,材料类(高分子材料与工程、新能源材料与器件、材料科学与工程、智能材料与结构),,,458,
1407,北方民族大学,,电子信息类(通信工程、电子信息工程),,,484,
1407,北方民族大学,,医学影像技术,,,503,
1407,北方民族大学,,眼视光学,,,492,
1407,北方民族大学,,旅游管理,,,470,
1407,北方民族大学,,行政管理,,,468,
1407,北方民族大学,,化工与制药类(化学工程与工艺、制药工程、能源化学工程),,,476,
1407,北方民族大学,,制药工程(与合肥工业大学联合培养),,,486,
1407,北方民族大学,,计算机类(计算机科学与技术、软件工程、网络工程、智能科学与技术),,,486,
1407,北方民族大学,,工商管理类(人力资源工商方向)(工商管理、人力资源管理),,,473,
1407,北方民族大学,,工商管理类(财务会计方向)(会计学、财务管理),,,502,
1407,北方民族大学,,法学,,,550,
1407,北方民族大学,,生物科学类(生物科学、生物技术、生态学),,,466,
1407,北方民族大学,,生物工程,,,465,
1407,北方民族大学,,食品科学与工程,,,471,
1407,北方民族大学,,食品科学与工程(与合肥工业大学联合培养),,,477,
1407,北方民族大学,,土木类(土木工程、道路桥梁与渡河工程),,,457,
1407,北方民族大学,,水利水电工程,,,472,
1407,北方民族大学,,英语,,,497,
1407,北方民族大学,,日语,,,487,
1407,北方民族大学,,阿拉伯语,,,492,
1407,北方民族大学,,数学类(数学与应用数学、信息与计算科学),,,468,
1407,北方民族大学,,统计学类(统计学、应用统计学),,,474,
1407,北方民族大学,,数据科学与大数据技术,,,525,
1407,北方民族大学,,金融数学,,,497,
1407,北方民族大学,,经济学类(经济学、税收学、国际经济与贸易、金融学),,,486,
1407,北方民族大学,,电子商务,,,468,
1407,北方民族大学,,少数民族预科班,,,469,
1407,北方民族大学,,电气工程及其自动化,,,499,
1407,北方民族大学,,自动化,,,489,
1407,北方民族大学,,测控技术与仪器,,,478,
0201,北华大学,,日语,,,478,
0201,北华大学,,化学(师范类),,,536,
0201,北华大学,,机械设计制造及其自动化,,,540,
0201,北华大学,,机械设计制造及其自动化(中外合作办学),,,461,
0201,北华大学,,材料成型及控制工程,,,511,
0201,北华大学,,电气工程及其自动化,,,560,
0201,北华大学,,自动化,,,548,
0201,北华大学,,软件工程,,,550,
0201,北华大学,,食品科学与工程,,,510,
0201,北华大学,,临床医学,,,553,
0201,北华大学,,护理学,,,510,
0201,北华大学,,护理学(中外合作办学),,,483,
0201,北华大学,,旅游管理,,,485,
1629,北华航天工业学院,,经济学,,,509,
1629,北华航天工业学院,,国际经济与贸易,,,511,
1629,北华航天工业学院,,社会工作,,,468,
1629,北华航天工业学院,,机械设计制造及其自动化,,,545,
1629,北华航天工业学院,,材料成型及控制工程,,,511,
1629,北华航天工业学院,,机械电子工程,,,530,
1629,北华航天工业学院,,工业设计,,,503,
1629,北华航天工业学院,,电子信息工程,,,536,
1629,北华航天工业学院,,自动化,,,543,
1629,北华航天工业学院,,计算机科学与技术,,,549,
1629,北华航天工业学院,,网络工程,,,540,
1629,北华航天工业学院,,空间信息与数字技术,,,524,
1629,北华航天工业学院,,土木工程,,,453,
1629,北华航天工业学院,,飞行器制造工程,,,554,
1629,北华航天工业学院,,会计学,,,534,
1629,北华航天工业学院,,物流管理,,,506,
1629,北华航天工业学院,,电子商务,,,511,
1629,北华航天工业学院,,机械设计制造及其自动化(中外合作办学),,,473,
1629,北华航天工业学院,,通信工程(中外合作办学),,,464,
1418,北京城市学院,,计算机科学与技术(校企合作班),,,476,
1418,北京城市学院,,物联网工程(校企合作班),,,453,
1418,北京城市学院,,软件工程(校企合作班),,,480,
1418,北京城市学院,,数据科学与大数据技术(校企合作班),,,455,
1418,北京城市学院,,人工智能(校企合作班),,,458,
1418,北京城市学院,,建筑学(中国传统建筑文化与技艺),,,448,
1418,北京城市学院,,土木工程(智能设计与建造),,,430,
1418,北京城市学院,,会计学,,,466,
1418,北京城市学院,,工商管理类(工商管理、人力资源管理),,,456,
0001,北京大学,,理科试验班类(理科基础类专业)(数学类),,,702,
9001,北京大学医学部,,基础医学(本博连读),,,692,
9001,北京大学医学部,,临床医学(本博连读),,,699,
9001,北京大学医学部,,临床医学,,,692,
9001,北京大学医学部,,口腔医学(本博连读),,,699,
9001,北京大学医学部,,口腔医学,,,697,
9001,北京大学医学部,,预防医学(本硕连读),,,689,
9001,北京大学医学部,,药学(本硕连读),,,692,
9001,北京大学医学部,,英语(医学英语),,,683,
9001,北京大学医学部,,医学技术类(医学检验技术、医学影像技术),,,684,
0031,北京第二外国语学院,,商务英语(国际商业管理),,,600,
0031,北京第二外国语学院,,俄语,,,578,
0031,北京第二外国语学院,,意大利语(人文交流),,,586,
0031,北京第二外国语学院,,爱沙尼亚语,,,585,
0031,北京第二外国语学院,,阿拉伯语,,,580,
0031,北京第二外国语学院,,财务管理(智能财务),,,598,
0031,北京第二外国语学院,,金融学(跨境金融),,,598,
0050,北京电影学院,,广播电视编导,,,591,
0012,北京服装学院,,服装设计与工程,,,554,
0012,北京服装学院,,高分子材料与工程,,,541,
0012,北京服装学院,,国际经济与贸易,,,496,
0012,北京服装学院,,工商管理类(工商管理、市场营销、文化产业管理),,,530,
0012,北京服装学院,,信息管理与信息系统,,,534,
0011,北京工商大学,,金融科技,,,576,
0011,北京工商大学,,食品科学与工程(卓越人才培养实验班),,,573,
0011,北京工商大学,,应用化学(日化创新实验班),,,559,
0011,北京工商大学,,环境工程(碳中和实验班),,,543,
0005,北京工业大学,,新能源科学与工程(新能源和环科双学士学位),,,626,
0005,北京工业大学,,物联网工程,,,637,
0005,北京工业大学,,电子科学与技术(实验班),,,638,
0005,北京工业大学,,会计学,,,621,
0005,北京工业大学,,英语,,,607,
0005,北京工业大学,,电子信息工程(中外合作办学),,,612,
0005,北京工业大学,,金融学(中外合作办学),,,591,
3904,北京工业大学耿丹学院,,国际经济与贸易,,,438,
3904,北京工业大学耿丹学院,,财务管理,,,434,
3904,北京工业大学耿丹学院,,金融工程,,,423,
3904,北京工业大学耿丹学院,,工程管理,,,426,
3904,北京工业大学耿丹学院,,工业设计,,,438,
3904,北京工业大学耿丹学院,,计算机类(计算机科学与技术、物联网工程),,,498,
0006,北京航空航天大学,,计算机科学与技术(拔尖学生培养计划),,,690,
0006,北京航空航天大学,,数学与应用数学(拔尖学生培养计划),,,685,
0006,北京航空航天大学,,工程力学(拔尖学生培养计划),,,688,
0006,北京航空航天大学,,物理学(拔尖学生培养计划),,,685,
0006,北京航空航天大学,,工科试验班类(未来空天领军计划)(智能飞行器技术、智能感知工程、智能制造工程、空天智能电推进技术、飞行器设计与工程、飞行器动力工程、材料科学与工程、智慧交通、人工智能、网络空间安全、交通运输、空间科学与技术),,,689,
0006,北京航空航天大学,,理科试验班类(中法工程师学院)(数学与应用数学、信息与计算科学、工程力学、应用物理学),,,680,
0006,北京航空航天大学,,工科试验班类(医工交叉试验班)(生物医学工程、智能医学工程),,,679,
0006,北京航空航天大学,,飞行器动力工程(卓越人才培养试验班),,,684,
0006,北京航空航天大学,,微电子科学与工程(卓越人才培养试验班),,,688,
0006,北京航空航天大学,,人工智能(卓越人才培养试验班),,,688,
0006,北京航空航天大学,,工科试验班类(航空H航天类)(智能飞行器技术、空天智能电推进技术、智能制造工程、飞行器设计与工程、飞行器动力工程、飞行器环境与生命保障工程、飞行器控制与信息工程、飞行器制造工程、材料科学与工程、纳米材料与技术、能源与动力工程、工程力学、机械工程、微机电系统工程、工业设计、机器人工程、生物医学工程、车辆工程、智慧交通、飞行器适航技术、飞行器质量与可靠性、安全工程、探测制导与控制技术、无人驾驶航空器系统工程),,,678,
0006,北京航空航天大学,,工科试验班类(信息类)(计算机科学与技术、人工智能、虚拟现实技术、电子信息工程、通信工程、电子科学与技术、集成电路设计与集成系统、光电信息科学与工程、电磁场与无线技术、交通运输、软件工程、自动化、电气工程及其自动化、机器人工程、信息对抗技术、信息安全、微电子科学与工程、测控技术),,,682,
0006,北京航空航天大学,,"理科试验班类(含数学与应用数学、应用物理学、化学等,具体专业方向详见学校招生信息网报考指南专栏)",,,679,
0006,北京航空航天大学,,飞行器动力工程(国际合作专项),,,673,
0010,北京化工大学,,工科试验班(宏德书院)(化学工程与工艺、高分子材料与工程、生物工程),,,626,
0010,北京化工大学,,化学,,,628,
0010,北京化工大学,,工科试验班(绿色化工与生物医药)(化学工程与工艺、能源化学工程、环境工程、生物工程、生物医学工程、制药工程、氢能科学与工程),,,617,
0010,北京化工大学,,自动化类(高端装备与智能制造)(测控技术与仪器、自动化、机械设计制造及其自动化、过程装备与控制工程、安全工程、机器人工程),,,623,
0010,北京化工大学,,计算机类(电子信息工程、人工智能、计算机科学与技术、数据科学与大数据技术),,,629,
0010,北京化工大学,,理科试验班(数学、物理电子与管理)(电子科学与技术、数学与应用数学、信息与计算科学、金融数学、信息管理与信息系统、物流管理、大数据管理与应用、应用物理学),,,621,
0010,北京化工大学,,化工与制药类(中外合作办学)(中法精英工程教育试验班)[高分子材料与工程(中外合作办学)、化学工程与工艺(中外合作办学)、生物工程(中外合作办学)],,,596,
0010,北京化工大学,,生物工程(中外合作办学)(中美双学位、生物过程工程),,,591,
0010,北京化工大学,,机械设计制造及其自动化(中外合作办学)(中美双学位、机器人方向),,,598,
0010,北京化工大学,,工业设计(中外合作办学)(中意设计双学位),,,592,
0010,北京化工大学,,化学工程与工艺(化工、大数据双学士学位),,,626,
0010,北京化工大学,,生物工程(生工、大数据双学士学位),,,622,
0010,北京化工大学,,化学(化学、生工双学士学位),,,623,
0010,北京化工大学,,材料科学与工程(材料、大数据双学士学位),,,619,
0010,北京化工大学,,工科试验班(先进材料)(高分子材料与工程、材料科学与工程、功能材料),,,619,
0010,北京化工大学,,理科试验班(绿色化学)(应用化学、能源化学、资源化学),,,618,
0016,北京建筑大学,,建筑学(实验班),,,583,
0016,北京建筑大学,,建筑学,,,584,
0016,北京建筑大学,,智能建造,,,598,
0016,北京建筑大学,,土木工程(实验班),,,568,
0016,北京建筑大学,,土木工程,,,563,
0016,北京建筑大学,,建筑环境与能源应用工程(实验班),,,587,
0016,北京建筑大学,,给排水科学与工程,,,572,
0016,北京建筑大学,,自动化(建筑智能控制与机器人),,,611,
0016,北京建筑大学,,工程造价,,,593,
0016,北京建筑大学,,测绘类(智慧城市类)(测绘工程、地理空间信息工程、遥感科学与技术),,,569,
0016,北京建筑大学,,工业工程(工业互联网与大数据),,,585,
0016,北京建筑大学,,车辆工程(实验班),,,588,
0016,北京建筑大学,,车辆工程(智能轨道车辆),,,587,
0004,北京交通大学,,理科试验班类(詹天佑试点班信息类)(通信工程、计算机科学与技术、信息安全),,,658,
0004,北京交通大学,,理科试验班类(詹天佑试点班智能类)(轨道交通信号与控制、交通运输、测控技术与仪器、电气工程及其自动化),,,656,
0004,北京交通大学,,自动化类[轨道交通信号与控制、自动化、智能装备与系统、人工智能(智能系统与应用)],,,644,
0004,北京交通大学,,电子信息类(通信工程、电子科学与技术、信息工程),,,651,
0004,北京交通大学,,计算机类[计算机科学与技术、计算机科学与技术(铁路信息技术)、人工智能、物联网工程、信息安全、保密技术],,,655,
0004,北京交通大学,,交通运输类[交通运输(铁道运输)、交通运输(城市轨道交通)、交通运输(高铁运营管理)、交通运输(民航运输)、交通运输(运输、信息计算科学双学位项目)、交通工程、智能运输工程、物流工程、电子商务],,,642,
0004,北京交通大学,,土木类(智慧建造与智能工程)[土木工程、铁道工程、智能建造、土木工程(土木、金融双学位项目)],,,624,
0004,北京交通大学,,机械类(智能制造与智能装备)[机械工程、车辆工程、测控技术与仪器、能源与动力工程、工业工程(与统计双学位项目)],,,638,
0004,北京交通大学,,电气类[电气工程及其自动化、电气工程及其自动化(轨道牵引电气化)、电气工程及其自动化(新能源国际班)、电气工程及其自动化(电气、经济双学位项目)、智慧能源工程],,,651,
0004,北京交通大学,,理科试验班(数学与统计)[信息与计算科学、统计学、数据科学、数学与应用数学(拔尖试点班)],,,642,
0004,北京交通大学,,理科试验班(智能光电与纳米技术)[光电信息科学与工程、纳米材料与技术(智能材料)、应用物理学(黄昆英才班)、工程力学],,,640,
0004,北京交通大学,,软件工程,,,651,
0004,北京交通大学,,环境工程(智慧环境与低碳技术),,,620,
0004,北京交通大学,,建筑类(建筑与规划)(建筑学、城乡规划),,,625,
0004,北京交通大学,,经济管理试验班(经济类、管科类)[经济学、数字经济、金融学、金融科技、工程管理、物流管理、供应链管理、信息管理与信息系统、保密管理(双学位项目)],,,630,
0004,北京交通大学,,外国语言文学类(英语、西班牙语、葡萄牙语),,,614,
0004,北京交通大学,,纳米材料与技术(中外合作办学),,,601,
0004,北京交通大学,,机械电子工程(中外合作办学),,,617,
0004,北京交通大学,,"土木类(智慧建造与智能工程)(民族班,只招少数民族考生)[土木工程、铁道工程、智能建造、土木工程(土木、金融双学位项目)]",,,600,
9004,北京交通大学(威海校区),,信息管理与信息系统(中外合作办学),,,594,
9004,北京交通大学(威海校区),,通信工程(中外合作办学),,,616,
9004,北京交通大学(威海校区),,计算机科学与技术(中外合作办学),,,617,
9004,北京交通大学(威海校区),,环境工程(中外合作办学),,,589,
9004,北京交通大学(威海校区),,会计学(中外合作办学),,,599,
0008,北京科技大学,,理科试验班(材料科学与工程、机械类、计算机类、通信工程、土木类、安全工程、数学类、应用物理学),,,648,
0008,北京科技大学,,工科试验班类(材料科学与工程、计算机类、机械类、通信工程、能源动力类、储能科学与工程、冶金工程),,,642,
0008,北京科技大学,,理科试验班(纳米科学与工程试验班)(纳米材料与技术),,,656,
0008,北京科技大学,,材料科学与工程(高精尖班),,,654,
0008,北京科技大学,,人工智能,,,642,
0008,北京科技大学,,材料科学与工程,,,630,
0008,北京科技大学,,工商管理类(数智管理与经济试验班)(工商管理、会计学、国际经济与贸易),,,627,
0008,北京科技大学,,大数据管理与应用(大数据与金融试验班),,,633,
0008,北京科技大学,,机械类(机械工程、机器人工程、车辆工程、物流工程、工业设计),,,633,
0008,北京科技大学,,能源动力类(能源、环境专业)(能源与动力工程、新能源科学与工程、环境工程、环境科学),,,630,
0008,北京科技大学,,自动化类(自动化、测控技术与仪器、智能感知工程),,,638,
0008,北京科技大学,,计算机类(计算机科学与技术、信息安全、物联网工程),,,647,
0008,北京科技大学,,通信工程,,,643,
0008,北京科技大学,,储能科学与工程,,,633,
0008,北京科技大学,,安全工程,,,627,
0008,北京科技大学,,数学类(数学与应用数学、信息与计算科学、统计学),,,639,
0008,北京科技大学,,应用物理学,,,638,
0008,北京科技大学,,材料智能技术,,,640,
3898,北京科技大学天津学院,,工程造价,,,455,
3898,北京科技大学天津学院,,自动化,,,460,
3898,北京科技大学天津学院,,通信工程,,,456,
3898,北京科技大学天津学院,,金融工程,,,456,
3898,北京科技大学天津学院,,知识产权,,,454,
0007,北京理工大学,,工科试验班(未来精工技术)(智能制造工程、智能感知工程、人工智能、机器人工程、数据科学与大数据技术、计算机科学与技术、网络空间安全),,,682,
0007,北京理工大学,,工科试验班(徐特立英才班)(计算机科学与技术、人工智能、自动化、智能无人系统技术、智能制造工程、机器人工程、软件工程、数据科学与大数据技术、电子信息工程、网络空间安全、智能感知工程),,,681,
0007,北京理工大学,,工科试验班(宇航与机电类)(飞行器设计与工程、飞行器动力工程、航空航天工程、武器发射工程、探测制导与控制技术、工程力学、武器系统与工程、弹药工程与爆炸技术、特种能源技术与工程、安全工程、机械电子工程、智能无人系统技术),,,673,
0007,北京理工大学,,工科试验班(信息科学技术)(自动化、电气工程及其自动化、机器人工程、计算机科学与技术、软件工程、人工智能、数据科学与大数据技术、网络空间安全、密码科学与技术、信息对抗技术),,,675,
0007,北京理工大学,,工科试验班(电子信息实验班)(光电信息科学与工程、测控技术与仪器、智能感知工程、电子信息工程、电子科学与技术、通信工程、微电子科学与工程),,,674,
1417,北京联合大学,,工业设计,,,557,
1417,北京联合大学,,人工智能,,,591,
1417,北京联合大学,,软件工程,,,603,
1417,北京联合大学,,信息安全,,,590,
1417,北京联合大学,,物联网工程,,,593,
1417,北京联合大学,,烹饪与营养教育,,,491,
1417,北京联合大学,,电气工程及其自动化(中外合作办学),,,501,
1417,北京联合大学,,轨道交通信号与控制(中外合作办学),,,477,
1417,北京联合大学,,交通工程(中外合作办学),,,468,
1417,北京联合大学,,物流工程(中外合作办学),,,462,
0022,北京林业大学,,林学类[林学、林学(城市林业方向)、森林保护、经济林],,,607,
0022,北京林业大学,,地理信息科学,,,601,
0022,北京林业大学,,水土保持与荒漠化防治,,,600,
0022,北京林业大学,,自然地理与资源环境,,,590,
0022,北京林业大学,,生物科学类(生物科学、生物技术),,,612,
0022,北京林业大学,,食品科学与工程,,,602,
0022,北京林业大学,,风景园林,,,618,
0022,北京林业大学,,园林,,,605,
0022,北京林业大学,,城乡规划,,,595,
0022,北京林业大学,,金融学,,,608,
0022,北京林业大学,,统计学,,,616,
0022,北京林业大学,,工商管理类(会计学、工商管理、市场营销、人力资源管理、物业管理),,,612,
0022,北京林业大学,,农林经济管理(梁希实验班),,,621,
0022,北京林业大学,,机械设计制造及其自动化,,,621,
0022,北京林业大学,,车辆工程,,,618,
0022,北京林业大学,,自动化,,,622,
0022,北京林业大学,,电气工程及其自动化,,,625,
0022,北京林业大学,,林业工程类[林产化工、林产化工(制浆造纸工程方向)、林产化工(生物质能源科学与工程方向)、木材科学与工程、木材科学与工程(木结构材料与工程方向)、家具设计与工程],,,596,
0022,北京林业大学,,法学,,,616,
0022,北京林业大学,,应用心理学,,,608,
0022,北京林业大学,,英语,,,611,
0022,北京林业大学,,商务英语,,,593,
0022,北京林业大学,,信息管理与信息系统,,,618,
0022,北京林业大学,,计算机类(计算机科学与技术、数字媒体技术、网络工程、物联网工程、数据科学与大数据技术),,,625,
0022,北京林业大学,,数学与应用数学,,,622,
0022,北京林业大学,,电子信息科学与技术,,,626,
0022,北京林业大学,,野生动物与自然保护区管理,,,598,
0022,北京林业大学,,环境科学,,,609,
0022,北京林业大学,,草业科学(梁希实验班),,,599,
0022,北京林业大学,,草坪科学与工程,,,591,
0022,北京林业大学,,生物科学(拔尖班),,,620,
0022,北京林业大学,,林学类(梁希实验班)(林学、森林保护),,,621,
0022,北京林业大学,,水土保持与荒漠化防治(梁希实验班),,,606,
0022,北京林业大学,,风景园林(梁希实验班),,,618,
0022,北京林业大学,,林业工程类(梁希实验班)(林产化工、木材科学与工程),,,597,
0022,北京林业大学,,数字经济,,,607,
0022,北京林业大学,,生物技术(与园艺专业双学士学位项目),,,608,
0020,北京农学院,,生物工程,,,527,
0020,北京农学院,,植物保护(植物医学),,,523,
0020,北京农学院,,农学(现代种业),,,543,
0027,北京师范大学,,社会科学试验班[经济学(励耘实验班)、工商管理(数字企业管理实验班)、金融学、会计学、国际经济与贸易、法学(卓越实验班)、人力资源管理、公共事业管理、社会学(社会学、心理学双学士学位人才培养项目)],,,667,
0027,北京师范大学,,数学类[数学与应用数学、统计学、数学与应用数学(励耘实验班)、统计学(经济学、统计学双学士学位人才培养项目)],,,680,
0027,北京师范大学,,物理学类[物理学、计算机科学与技术、人工智能、信息管理与信息系统、天文学、物理学(励耘实验班)],,,667,
0027,北京师范大学,,理科试验班[化学、生物科学类、环境科学与工程类、心理学、地理科学类、资源环境科学、化学(励耘实验班)、生物科学(励耘实验班)、地理科学(励耘实验班)],,,662,
9027,北京师范大学(珠海校区),,理科试验班(地理科学、心理学、生物科学、化学),,,652,
9027,北京师范大学(珠海校区),,数学类[数学与应用数学、物理学、系统科学与工程、数据科学与大数据技术、应用统计学、人工智能(创新实验班)],,,660,
6401,北京师范大学-香港浸会大学联合国际学院,,工商管理类(中外合作办学)[财务管理(中外合作办学)、人力资源管理(中外合作办学)、市场营销(中外合作办学)、工商管理(中外合作办学)、文化产业管理(中外合作办学)],,,562,
6401,北京师范大学-香港浸会大学联合国际学院,,新闻传播学类(中外合作办学)[广告学(中外合作办学)、传播学(中外合作办学)],,,563,
6401,北京师范大学-香港浸会大学联合国际学院,,计算机类(中外合作办学)[计算机科学与技术(中外合作办学)、数据科学与大数据技术(中外合作办学)],,,575,
6401,北京师范大学-香港浸会大学联合国际学院,,会计学(中外合作办学),,,568,
6401,北京师范大学-香港浸会大学联合国际学院,,经济学(中外合作办学),,,566,
6401,北京师范大学-香港浸会大学联合国际学院,,应用心理学(中外合作办学),,,561,
6401,北京师范大学-香港浸会大学联合国际学院,,食品科学与工程(中外合作办学),,,565,
6401,北京师范大学-香港浸会大学联合国际学院,,统计学(中外合作办学),,,571,
6401,北京师范大学-香港浸会大学联合国际学院,,金融数学(中外合作办学),,,568,
6401,北京师范大学-香港浸会大学联合国际学院,,人工智能(中外合作办学),,,575,
0017,北京石油化工学院,,材料科学与工程,,,539,
0017,北京石油化工学院,,高分子材料与工程,,,539,
0017,北京石油化工学院,,化学工程与工艺,,,536,
0017,北京石油化工学院,,生物制药,,,537,
0017,北京石油化工学院,,药物分析,,,526,
0017,北京石油化工学院,,机械工程,,,542,
0017,北京石油化工学院,,环境工程,,,520,
0017,北京石油化工学院,,智能制造工程,,,539,
0017,北京石油化工学院,,大数据管理与应用,,,558,
0017,北京石油化工学院,,物流管理,,,527,
0017,北京石油化工学院,,安全工程,,,529,
0017,北京石油化工学院,,安全生产监管,,,522,
0043,北京体育大学,,运动人体科学,,,590,
0043,北京体育大学,,运动康复,,,598,
0043,北京体育大学,,智能体育工程,,,604,
0043,北京体育大学,,英语,,,591,
0043,北京体育大学,,新闻学,,,606,
0043,北京体育大学,,数据科学与大数据技术,,,606,
0043,北京体育大学,,体育经济与管理,,,593,
0043,北京体育大学,,公共事业管理,,,592,
0043,北京体育大学,,康复物理治疗,,,589,
0043,北京体育大学,,休闲体育(中外合作办学),,,535,
0030,北京外国语大学,,金融学,,,626,
0030,北京外国语大学,,法学,,,643,
0030,北京外国语大学,,英语,,,651,
0030,北京外国语大学,,德语,,,642,
0030,北京外国语大学,,翻译(外交外事高级翻译),,,655,
0037,北京物资学院,,金融学(期货与证券实验班),,,556,
0037,北京物资学院,,金融学,,,555,
0037,北京物资学院,,物流工程,,,575,
0037,北京物资学院,,质量管理工程,,,552,
0037,北京物资学院,,电子商务,,,532,
0037,北京物资学院,,物流工程(京东科技实验班),,,558,
1232,北京信息科技大学,,机械设计制造及其自动化,,,595,
1232,北京信息科技大学,,机器人工程(勤信实验班),,,608,
1232,北京信息科技大学,,测控技术与仪器,,,603,
1232,北京信息科技大学,,人工智能(勤信实验班),,,617,
1232,北京信息科技大学,,通信工程,,,612,
1232,北京信息科技大学,,电子信息工程,,,614,
1232,北京信息科技大学,,电子信息类(勤信实验班)(通信工程、电子信息工程),,,617,
1232,北京信息科技大学,,计算机科学与技术,,,618,
1232,北京信息科技大学,,软件工程,,,614,
1232,北京信息科技大学,,网络工程(智能网络与安全),,,612,
1232,北京信息科技大学,,计算机类(勤信实验班)(计算机科学与技术、软件工程、网络工程、数据科学与大数据技术),,,620,
1232,北京信息科技大学,,信息管理与信息系统,,,599,
1232,北京信息科技大学,,电子信息科学与技术,,,612,
0015,北京印刷学院,,包装工程,,,519,
0015,北京印刷学院,,机械工程,,,528,
0015,北京印刷学院,,自动化,,,534,
0015,北京印刷学院,,信息管理与信息系统,,,539,
0015,北京印刷学院,,计算机科学与技术,,,557,
0015,北京印刷学院,,信息安全(数字版权保护),,,565,
0013,北京邮电大学,,计算机类(元班),,,671,
0013,北京邮电大学,,电子信息类(元班),,,671,
0013,北京邮电大学,,通信工程(大类招生),,,664,
0013,北京邮电大学,,电子信息类,,,664,
0013,北京邮电大学,,计算机类,,,666,
0013,北京邮电大学,,软件工程,,,664,
0013,北京邮电大学,,网络空间安全(大类招生),,,660,
0013,北京邮电大学,,人工智能(大类招生),,,662,
9013,北京邮电大学(宏福校区),,电信工程及管理(中外合作办学),,,628,
9013,北京邮电大学(宏福校区),,物联网工程(中外合作办学),,,637,
9013,北京邮电大学(宏福校区),,电子信息工程(中外合作办学),,,647,
9013,北京邮电大学(宏福校区),,智能科学与技术(中外合作办学),,,643,
9013,北京邮电大学(宏福校区),,信息与计算科学(中外合作办学),,,614,
9013,北京邮电大学(宏福校区),,数字媒体技术(中外合作办学),,,618,
0032,北京语言大学,,经济学(经济金融统计与分析),,,589,
0032,北京语言大学,,金融学,,,580,
0032,北京语言大学,,汉语国际教育,,,616,
0032,北京语言大学,,外国语言文学类[英语、英语(英西复语)、商务英语],,,626,
0032,北京语言大学,,语言学,,,603,
0032,北京语言大学,,翻译(本地化),,,596,
0032,北京语言大学,,心理学,,,598,
0032,北京语言大学,,计算机类(人工智能、计算机科学与技术、数字媒体技术、数据科学与大数据技术),,,601,
0032,北京语言大学,,国际组织与全球治理,,,590,
0032,北京语言大学,,听力与言语康复学,,,544,
0032,北京语言大学,,"经济学(经济金融统计与分析)(民族班,只招少数民族考生)",,,573,
0032,北京语言大学,,"计算机类(民族班,只招少数民族考生)(人工智能、计算机科学与技术、数字媒体技术、数据科学与大数据技术)",,,597,
0026,北京中医药大学,,中医学(领军人才培养计划),,,684,
0026,北京中医药大学,,中西医临床医学(华佗班),,,665,
0026,北京中医药大学,,中医学(卓越5+3一体化),,,645,
0026,北京中医药大学,,中医学(卓越中医儿科班5+3一体化),,,645,
0026,北京中医药大学,,中医学,,,632,
0026,北京中医药大学,,中医学(实验班),,,639,
0026,北京中医药大学,,中医骨伤科学,,,624,
0026,北京中医药大学,,针灸推拿学,,,625,
0026,北京中医药大学,,中药学,,,621,
0026,北京中医药大学,,中药制药,,,615,
0026,北京中医药大学,,药学,,,622,
0026,北京中医药大学,,生物工程,,,609,
0026,北京中医药大学,,康复治疗学,,,601,
0026,北京中医药大学,,公共管理类(工商管理、公共事业管理),,,591,
0026,北京中医药大学,,药事管理,,,613,
0026,北京中医药大学,,大数据管理与应用,,,612,
0026,北京中医药大学,,法学(医药卫生),,,614,
0026,北京中医药大学,,英语(医学),,,606,
3899,北京中医药大学东方学院,,中医学,,,495,
3899,北京中医药大学东方学院,,针灸推拿学,,,486,
3899,北京中医药大学东方学院,,中西医临床医学,,,474,
3899,北京中医药大学东方学院,,药学,,,450,
3899,北京中医药大学东方学院,,药事管理,,,444,
3899,北京中医药大学东方学院,,中药学,,,452,
3899,北京中医药大学东方学院,,中药制药,,,447,
3899,北京中医药大学东方学院,,医学检验技术,,,464,
3899,北京中医药大学东方学院,,医学影像技术,,,464,
3899,北京中医药大学东方学院,,眼视光学,,,454,
3899,北京中医药大学东方学院,,康复治疗学,,,451,
3899,北京中医药大学东方学院,,口腔医学技术,,,458,
3899,北京中医药大学东方学院,,护理学,,,489,
3899,北京中医药大学东方学院,,工商管理,,,448,
3899,北京中医药大学东方学院,,市场营销,,,445,
3899,北京中医药大学东方学院,,公共事业管理,,,446,
3899,北京中医药大学东方学院,,健康服务与管理,,,453,
0440,滨州医学院,,临床医学,,,587,
0440,滨州医学院,,预防医学,,,493,
0440,滨州医学院,,药学,,,499,
0440,滨州医学院,,健康服务与管理,,,473,
0167,渤海大学,,电气工程及其自动化,,,527,
0167,渤海大学,,电子信息工程,,,515,
0167,渤海大学,,自动化,,,509,
0167,渤海大学,,会计学,,,535,
0167,渤海大学,,会计学,,,488,
0167,渤海大学,,工商管理,,,495,
0167,渤海大学,,市场营销,,,474,
0167,渤海大学,,物流管理,,,488,
0167,渤海大学,,应用化学,,,479,
0167,渤海大学,,化学(师范类),,,519,
0167,渤海大学,,食品科学与工程,,,483,
0167,渤海大学,,食品质量与安全,,,485,
0167,渤海大学,,法学,,,538,
0167,渤海大学,,金融学,,,503,
0167,渤海大学,,金融学,,,459,
0167,渤海大学,,经济学,,,498,
0167,渤海大学,,旅游管理,,,473,
0167,渤海大学,,数学与应用数学(师范类),,,534,
0167,渤海大学,,信息与计算科学,,,499,
0167,渤海大学,,物理学(师范类),,,520,
0167,渤海大学,,日语,,,477,
0167,渤海大学,,法语,,,475,
0167,渤海大学,,英语(师范类),,,539,
0167,渤海大学,,新闻学,,,491,
0167,渤海大学,,计算机科学与技术,,,530,
0167,渤海大学,,物联网工程,,,518,
0167,渤海大学,,软件工程,,,488,
0167,渤海大学,,新能源材料与器件,,,488,
0167,渤海大学,,微电子科学与工程,,,501,
0167,渤海大学,,广播电视编导,,,461,
0167,渤海大学,,数学与应用数学(师范类)(辽宁省高校专项计划),,,567,
0167,渤海大学,,学前教育(师范类),,,500,
0167,渤海大学,,小学教育(师范类),,,532,
0167,渤海大学,,教育技术学(师范类),,,489,
0167,渤海大学,,智能科学与技术,,,512,
0167,渤海大学,,智能装备与系统,,,491,
0167,渤海大学,,数据科学与大数据技术,,,515,
0167,渤海大学,,食品科学与工程(中外合作办学),,,443,
0167,渤海大学,,船舶与海洋工程,,,482,
0167,渤海大学,,食品营养与健康,,,478,
0167,渤海大学,,通信工程,,,508,
0167,渤海大学,,环境工程,,,470,
0167,渤海大学,,电气工程及其自动化,,,467,
0167,渤海大学,,工商管理,,,454,
0167,渤海大学,,软件工程(少数民族预科班),,,456,
4202,沧州交通学院,,工商管理,,,435,
4202,沧州交通学院,,计算机科学与技术,,,445,
4202,沧州交通学院,,轨道交通信号与控制,,,456,
4202,沧州交通学院,,交通运输,,,443,
4202,沧州交通学院,,电气工程及其自动化,,,449,
4202,沧州交通学院,,土木工程,,,439,
4202,沧州交通学院,,车辆工程,,,451,
0105,沧州师范学院,,物理学(师范类),,,507,
0105,沧州师范学院,,生物科学(师范类),,,512,
0105,沧州师范学院,,计算机科学与技术,,,519,
0997,昌吉学院,,金融数学,,,454,
0997,昌吉学院,,数学与应用数学(师范类),,,452,
0997,昌吉学院,,材料物理,,,452,
0997,昌吉学院,,应急管理,,,453,
0710,长安大学,,道路桥梁与渡河工程,,,611,
0710,长安大学,,道路桥梁与渡河工程(国际工程班),,,605,
0710,长安大学,,智能车辆工程,,,624,
0710,长安大学,,车辆工程,,,625,
0710,长安大学,,物流工程,,,602,
0710,长安大学,,机械类(智能制造工程、机械工程、机械设计制造及其自动化、机械电子工程),,,623,
0710,长安大学,,工商管理类(工商管理、市场营销、会计学),,,601,
0710,长安大学,,管理科学与工程类(工程管理、信息管理与信息系统),,,608,
0710,长安大学,,自动化类(自动化、机器人工程),,,624,
0710,长安大学,,交通设备与控制工程,,,617,
0710,长安大学,,计算机类(计算机科学与技术、软件工程、物联网工程),,,626,
0710,长安大学,,测绘类(测绘工程、遥感科学与技术、地理空间信息工程),,,604,
0710,长安大学,,土木类(土木工程、建筑环境与能源应用工程、给排水科学与工程、工程造价),,,592,
0710,长安大学,,环境科学与工程类(环境工程、环境科学),,,602,
0710,长安大学,,建筑类(建筑学、城乡规划、风景园林),,,578,
0710,长安大学,,材料类(材料科学与工程、材料成型及控制工程、无机非金属材料工程、新能源材料与器件、高分子材料与工程),,,607,
0710,长安大学,,交通工程,,,620,
0710,长安大学,,交通工程(国际工程班),,,616,
0710,长安大学,,交通运输,,,622,
0710,长安大学,,能源与动力工程,,,619,
0710,长安大学,,电气工程及其自动化,,,626,
0710,长安大学,,新闻传播学类(新闻学、汉语言文学),,,605,
0710,长安大学,,车辆工程(中外合作办学),,,603,
0710,长安大学,,交通运输(中外合作办学),,,592,
0710,长安大学,,少数民族预科班,,,598,
3603,长春财经学院,,经济学,,,434,
3603,长春财经学院,,经济统计学,,,419,
3603,长春财经学院,,数字经济,,,409,
3603,长春财经学院,,税收学,,,435,
3603,长春财经学院,,金融学,,,430,
3603,长春财经学院,,投资学,,,411,
3603,长春财经学院,,国际经济与贸易,,,412,
3603,长春财经学院,,法学,,,444,
3603,长春财经学院,,小学教育,,,447,
3603,长春财经学院,,汉语国际教育,,,430,
3603,长春财经学院,,英语,,,436,
3603,长春财经学院,,日语,,,430,
3603,长春财经学院,,网络与新媒体,,,438,
3603,长春财经学院,,人工智能,,,414,
3603,长春财经学院,,计算机科学与技术,,,437,
3603,长春财经学院,,物联网工程,,,420,
3603,长春财经学院,,数据科学与大数据技术,,,415,
3603,长春财经学院,,工商管理,,,430,
3603,长春财经学院,,市场营销,,,417,
3603,长春财经学院,,会计学,,,450,
3603,长春财经学院,,财务管理,,,450,
3603,长春财经学院,,国际商务,,,419,
3603,长春财经学院,,人力资源管理,,,435,
3603,长春财经学院,,审计学,,,446,
3603,长春财经学院,,物流管理,,,416,
3603,长春财经学院,,电子商务,,,422,
3603,长春财经学院,,跨境电子商务,,,422,
3603,长春财经学院,,金融工程(中外合作办学),,,386,
1726,长春大学,,信息与计算科学,,,540,
1726,长春大学,,会计学,,,545,
1726,长春大学,,机械工程(中外合作办学),,,464,
1726,长春大学,,自动化(中外合作办学),,,474,
1726,长春大学,,园林,,,487,
1726,长春大学,,计算机科学与技术,,,550,
1726,长春大学,,网络工程,,,545,
1726,长春大学,,自动化,,,551,
1726,长春大学,,食品质量与安全,,,530,
1726,长春大学,,计算机科学与技术,,,534,
1726,长春大学,,会计学,,,516,
1726,长春大学,,金融工程,,,478,
3623,长春大学旅游学院,,旅游管理,,,396,
3623,长春大学旅游学院,,酒店管理,,,392,
3623,长春大学旅游学院,,会展经济与管理,,,396,
3623,长春大学旅游学院,,文化产业管理,,,394,
3623,长春大学旅游学院,,金融学,,,410,
3623,长春大学旅游学院,,市场营销,,,400,
3623,长春大学旅游学院,,会计学,,,440,
3623,长春大学旅游学院,,财务管理,,,424,
3623,长春大学旅游学院,,人力资源管理,,,406,
3623,长春大学旅游学院,,物流管理,,,403,
3623,长春大学旅游学院,,电子商务,,,412,
3623,长春大学旅游学院,,英语,,,455,
3623,长春大学旅游学院,,日语,,,408,
3623,长春大学旅游学院,,俄语,,,406,
3623,长春大学旅游学院,,汉语国际教育,,,423,
3623,长春大学旅游学院,,智能建造,,,387,
3623,长春大学旅游学院,,建筑学,,,399,
3623,长春大学旅游学院,,风景园林,,,398,
3623,长春大学旅游学院,,工程造价,,,400,
3623,长春大学旅游学院,,工程管理,,,392,
3623,长春大学旅游学院,,网络工程,,,394,
3623,长春大学旅游学院,,物联网工程,,,399,
3623,长春大学旅游学院,,数据科学与大数据技术,,,404,
3623,长春大学旅游学院,,人工智能,,,394,
3602,长春电子科技学院,,新能源科学与工程,,,402,
3602,长春电子科技学院,,电子科学与技术,,,423,
3602,长春电子科技学院,,测控技术与仪器,,,414,
3602,长春电子科技学院,,智能感知工程,,,399,
3602,长春电子科技学院,,电子信息工程,,,409,
3602,长春电子科技学院,,通信工程,,,407,
3602,长春电子科技学院,,自动化,,,416,
3602,长春电子科技学院,,电气工程及其自动化,,,430,
3602,长春电子科技学院,,电子信息科学与技术,,,434,
3602,长春电子科技学院,,轨道交通信号与控制,,,403,
3602,长春电子科技学院,,计算机科学与技术,,,410,
3602,长春电子科技学院,,软件工程,,,419,
3602,长春电子科技学院,,物联网工程,,,408,
3602,长春电子科技学院,,数据科学与大数据技术,,,413,
3602,长春电子科技学院,,机械设计制造及其自动化,,,409,
3602,长春电子科技学院,,机械电子工程,,,414,
3602,长春电子科技学院,,智能制造工程,,,406,
3602,长春电子科技学院,,光电信息科学与工程,,,400,
3602,长春电子科技学院,,光电信息科学与工程,,,391,
1437,长春工程学院,,电气工程及其自动化,,,592,
1437,长春工程学院,,电子信息工程,,,512,
1437,长春工程学院,,智能电网信息工程,,,566,
1437,长春工程学院,,自动化,,,517,
1437,长春工程学院,,道路桥梁与渡河工程,,,475,
1437,长春工程学院,,土木工程,,,452,
1437,长春工程学院,,宝石及材料工艺学,,,465,
1437,长春工程学院,,测绘工程,,,475,
1437,长春工程学院,,资源勘查工程,,,465,
1437,长春工程学院,,材料成型及控制工程,,,484,
1437,长春工程学院,,焊接技术与工程,,,475,
1437,长春工程学院,,机械设计制造及其自动化,,,507,
1437,长春工程学院,,智能车辆工程,,,497,
1437,长春工程学院,,应急技术与管理,,,469,
1437,长春工程学院,,水利水电工程,,,513,
1437,长春工程学院,,农业水利工程,,,486,
1437,长春工程学院,,水文与水资源工程,,,473,
1437,长春工程学院,,建筑电气与智能化,,,478,
1437,长春工程学院,,建筑环境与能源应用工程,,,470,
1437,长春工程学院,,能源与动力工程,,,531,
1437,长春工程学院,,新能源科学与工程,,,526,
1437,长春工程学院,,工程管理,,,480,
1437,长春工程学院,,工程造价,,,505,
1437,长春工程学院,,建筑学,,,477,
1437,长春工程学院,,应用化学,,,467,
1437,长春工程学院,,计算机科学与技术,,,519,
1437,长春工程学院,,数据科学与大数据技术,,,516,
1437,长春工程学院,,功能材料,,,461,
1437,长春工程学院,,智能运输工程,,,490,
1437,长春工程学院,,电气工程及其自动化(中外合作办学),,,528,
1437,长春工程学院,,能源与动力工程(中外合作办学),,,469,
1437,长春工程学院,,机械设计制造及其自动化(中外合作办学),,,449,
1437,长春工程学院,,土木工程(中外合作办学),,,438,
1437,长春工程学院,,边防军人子女预科班,,,342,
0190,长春工业大学,,机械工程,,,588,
0190,长春工业大学,,机械电子工程,,,574,
0190,长春工业大学,,工业设计,,,545,
0190,长春工业大学,,工业工程,,,533,
0190,长春工业大学,,智能制造工程,,,583,
0190,长春工业大学,,材料成型及控制工程,,,551,
0190,长春工业大学,,金属材料工程,,,541,
0190,长春工业大学,,材料物理,,,546,
0190,长春工业大学,,电气工程及其自动化,,,592,
0190,长春工业大学,,自动化,,,576,
0190,长春工业大学,,机器人工程,,,570,
0190,长春工业大学,,计算机科学与技术,,,577,
0190,长春工业大学,,软件工程,,,585,
0190,长春工业大学,,人工智能,,,581,
0190,长春工业大学,,电子信息工程,,,588,
0190,长春工业大学,,信息安全,,,590,
0190,长春工业大学,,会计学,,,560,
0190,长春工业大学,,信息管理与信息系统,,,558,
0190,长春工业大学,,高分子材料与工程,,,530,
0190,长春工业大学,,化学工程与工艺,,,526,
0190,长春工业大学,,环境工程,,,493,
0190,长春工业大学,,制药工程,,,553,
0190,长春工业大学,,涂料工程,,,488,
0190,长春工业大学,,材料化学,,,518,
0190,长春工业大学,,化学,,,526,
0190,长春工业大学,,生物工程,,,518,
0190,长春工业大学,,食品科学与工程,,,537,
0190,长春工业大学,,化妆品技术与工程,,,509,
0190,长春工业大学,,数字媒体技术,,,560,
0190,长春工业大学,,网络与新媒体,,,555,
0190,长春工业大学,,行政管理,,,515,
0190,长春工业大学,,信息与计算科学,,,558,
0190,长春工业大学,,统计学,,,566,
0190,长春工业大学,,数据科学与大数据技术,,,566,
0190,长春工业大学,,英语,,,538,
0190,长春工业大学,,电气工程及其自动化(中外合作办学),,,550,
0190,长春工业大学,,计算机科学与技术(中外合作办学),,,527,
0190,长春工业大学,,工业工程(中外合作办学),,,484,
0190,长春工业大学,,机械工程(中外合作办学),,,506,
3601,长春工业大学人文信息学院,,机械工程,,,420,
3601,长春工业大学人文信息学院,,机械设计制造及其自动化,,,422,
3601,长春工业大学人文信息学院,,智能制造工程,,,409,
3601,长春工业大学人文信息学院,,车辆工程,,,434,
3601,长春工业大学人文信息学院,,新能源汽车工程,,,428,
3601,长春工业大学人文信息学院,,智能车辆工程,,,430,
3601,长春工业大学人文信息学院,,自动化,,,414,
3601,长春工业大学人文信息学院,,电气工程及其自动化,,,435,
3601,长春工业大学人文信息学院,,轨道交通信号与控制,,,426,
3601,长春工业大学人文信息学院,,机器人工程,,,418,
3601,长春工业大学人文信息学院,,电子信息工程,,,425,
3601,长春工业大学人文信息学院,,人工智能,,,413,
3601,长春工业大学人文信息学院,,计算机科学与技术,,,428,
3601,长春工业大学人文信息学院,,软件工程,,,431,
3601,长春工业大学人文信息学院,,数据科学与大数据技术,,,430,
3601,长春工业大学人文信息学院,,制药工程,,,409,
3601,长春工业大学人文信息学院,,土木工程,,,387,
3601,长春工业大学人文信息学院,,智能建造,,,406,
3601,长春工业大学人文信息学院,,工程造价,,,424,
3601,长春工业大学人文信息学院,,工程管理,,,408,
3601,长春工业大学人文信息学院,,工商管理,,,419,
3601,长春工业大学人文信息学院,,物流管理,,,409,
3601,长春工业大学人文信息学院,,人力资源管理,,,438,
3601,长春工业大学人文信息学院,,供应链管理,,,433,
3601,长春工业大学人文信息学院,,会计学,,,448,
3601,长春工业大学人文信息学院,,财务管理,,,446,
3601,长春工业大学人文信息学院,,电子商务,,,426,
3601,长春工业大学人文信息学院,,市场营销,,,392,
3601,长春工业大学人文信息学院,,国际经济与贸易,,,409,
3601,长春工业大学人文信息学院,,金融学,,,425,
3601,长春工业大学人文信息学院,,英语,,,424,
3601,长春工业大学人文信息学院,,商务英语,,,416,
3601,长春工业大学人文信息学院,,日语,,,427,
3601,长春工业大学人文信息学院,,法学,,,438,
3600,长春光华学院,,国际经济与贸易,,,415,
3600,长春光华学院,,财务管理,,,445,
3600,长春光华学院,,学前教育,,,421,
3600,长春光华学院,,英语,,,434,
3600,长春光华学院,,俄语,,,408,
3600,长春光华学院,,日语,,,411,
3600,长春光华学院,,朝鲜语,,,410,
3600,长春光华学院,,商务英语,,,426,
3600,长春光华学院,,机械工程,,,431,
3600,长春光华学院,,机械设计制造及其自动化,,,424,
3600,长春光华学院,,机械电子工程,,,419,
3600,长春光华学院,,汽车服务工程,,,392,
3600,长春光华学院,,智能制造工程,,,414,
3600,长春光华学院,,电气工程及其自动化,,,441,
3600,长春光华学院,,电子信息工程,,,412,
3600,长春光华学院,,计算机科学与技术,,,420,
3600,长春光华学院,,物联网工程,,,401,
3600,长春光华学院,,数字媒体技术,,,416,
3600,长春光华学院,,电子商务,,,419,
3600,长春光华学院,,旅游管理,,,389,
3605,长春建筑学院,,电气工程及其自动化,,,445,
3605,长春建筑学院,,电子信息工程,,,426,
3605,长春建筑学院,,通信工程,,,414,
3605,长春建筑学院,,自动化,,,429,
3605,长春建筑学院,,机器人工程,,,392,
3605,长春建筑学院,,计算机科学与技术,,,436,
3605,长春建筑学院,,信息安全,,,397,
3605,长春建筑学院,,物联网工程,,,396,
3605,长春建筑学院,,数字媒体技术,,,411,
3605,长春建筑学院,,数据科学与大数据技术,,,401,
3605,长春建筑学院,,土木工程,,,388,
3605,长春建筑学院,,建筑环境与能源应用工程,,,387,
3605,长春建筑学院,,给排水科学与工程,,,393,
3605,长春建筑学院,,建筑电气与智能化,,,411,
3605,长春建筑学院,,城市地下空间工程,,,386,
3605,长春建筑学院,,道路桥梁与渡河工程,,,389,
3605,长春建筑学院,,测绘工程,,,398,
3605,长春建筑学院,,智慧交通,,,399,
3605,长春建筑学院,,建筑学,,,413,
3605,长春建筑学院,,城乡规划,,,408,
3605,长春建筑学院,,风景园林,,,396,
3605,长春建筑学院,,安全工程,,,391,
3605,长春建筑学院,,护理学,,,428,
3605,长春建筑学院,,工程管理,,,417,
3605,长春建筑学院,,房地产开发与管理,,,389,
3605,长春建筑学院,,工程造价,,,436,
3606,长春科技学院,,电子信息科学与技术,,,413,
3606,长春科技学院,,人工智能,,,412,
3606,长春科技学院,,自动化,,,426,
3606,长春科技学院,,机械设计制造及其自动化,,,427,
3606,长春科技学院,,轨道交通信号与控制,,,426,
3606,长春科技学院,,应用化学,,,435,
3606,长春科技学院,,生物工程,,,416,
3606,长春科技学院,,中药学,,,418,
3606,长春科技学院,,动物科学,,,420,
3606,长春科技学院,,计算机类(计算机科学与技术、网络工程、数据科学与大数据技术),,,411,
3606,长春科技学院,,新能源汽车工程,,,410,
3606,长春科技学院,,机器人工程,,,420,
3606,长春科技学院,,数字经济,,,398,
3606,长春科技学院,,中医学,,,438,
3606,长春科技学院,,护理学,,,451,
3606,长春科技学院,,财务管理,,,417,
3606,长春科技学院,,工商管理,,,412,
3606,长春科技学院,,电子商务,,,414,
3606,长春科技学院,,人力资源管理,,,411,
3606,长春科技学院,,金融学,,,424,
0186,长春理工大学,,少数民族预科班,,,570,
0186,长春理工大学,,应用物理学,,,591,
0186,长春理工大学,,电子科学与技术,,,608,
0186,长春理工大学,,微电子科学与工程,,,609,
0186,长春理工大学,,光电信息科学与工程,,,612,
0186,长春理工大学,,光电信息科学与工程(中外合作办学),,,563,
0186,长春理工大学,,测控技术与仪器,,,608,
0186,长春理工大学,,光电信息科学与工程,,,617,
0186,长春理工大学,,探测制导与控制技术,,,591,
0186,长春理工大学,,光电信息科学与工程(中外合作办学),,,578,
0186,长春理工大学,,机械设计制造及其自动化,,,597,
0186,长春理工大学,,机械电子工程,,,593,
0186,长春理工大学,,过程装备与控制工程,,,580,
0186,长春理工大学,,电气工程及其自动化,,,605,
0186,长春理工大学,,电子信息工程,,,605,
0186,长春理工大学,,通信工程,,,605,
0186,长春理工大学,,电子信息科学与技术,,,604,
0186,长春理工大学,,自动化,,,602,
0186,长春理工大学,,计算机科学与技术,,,610,
0186,长春理工大学,,软件工程,,,607,
0186,长春理工大学,,信息安全,,,600,
0186,长春理工大学,,数据科学与大数据技术,,,600,
0186,长春理工大学,,机器人工程,,,594,
0186,长春理工大学,,无机非金属材料工程,,,553,
0186,长春理工大学,,功能材料,,,538,
0186,长春理工大学,,新能源材料与器件,,,576,
0186,长春理工大学,,应用化学,,,550,
0186,长春理工大学,,化学工程与工艺,,,564,
0186,长春理工大学,,生物技术,,,547,
0186,长春理工大学,,生物工程,,,556,
0186,长春理工大学,,生物工程(中外合作办学),,,459,
0186,长春理工大学,,金融工程,,,507,
0186,长春理工大学,,国际经济与贸易,,,525,
0186,长春理工大学,,信息管理与信息系统,,,582,
0186,长春理工大学,,法学,,,580,
0186,长春理工大学,,电子科学与技术(中外合作办学),,,546,
0186,长春理工大学,,测控技术与仪器(中外合作办学),,,524,
0186,长春理工大学,,数学类(数学与应用数学、信息与计算科学),,,576,
0186,长春理工大学,,工商管理类(工商管理、会计学),,,544,
1436,长春汽车职业技术大学,,机械设计制造及自动化,,,460,
1436,长春汽车职业技术大学,,机器人技术,,,457,
1436,长春汽车职业技术大学,,新能源汽车工程技术,,,458,
1436,长春汽车职业技术大学,,智能网联汽车工程技术,,,456,
1436,长春汽车职业技术大学,,汽车服务工程技术,,,453,
1436,长春汽车职业技术大学,,物流工程技术,,,452,
3662,长春人文学院,,英语,,,428,
3662,长春人文学院,,翻译,,,409,
3662,长春人文学院,,商务英语,,,439,
3662,长春人文学院,,日语,,,405,
3662,长春人文学院,,俄语,,,422,
3662,长春人文学院,,工商管理,,,434,
3662,长春人文学院,,金融学,,,428,
3662,长春人文学院,,会计学,,,441,
3662,长春人文学院,,社会工作,,,398,
3662,长春人文学院,,学前教育(师范类),,,440,
3662,长春人文学院,,康复治疗学,,,420,
3662,长春人文学院,,汉语国际教育,,,427,
3662,长春人文学院,,法学,,,441,
3662,长春人文学院,,计算机科学与技术,,,441,
3662,长春人文学院,,数据科学与大数据技术,,,416,
3662,长春人文学院,,数字媒体技术,,,417,
3662,长春人文学院,,数学与应用数学,,,428,
3662,长春人文学院,,电气工程及其自动化,,,432,
0205,长春师范大学,,数学与应用数学(师范类),,,574,
0205,长春师范大学,,生物科学(师范类),,,563,
0205,长春师范大学,,人工智能,,,520,
0205,长春师范大学,,少数民族预科班,,,495,
0199,长春中医药大学,,生物制药(中外合作办学),,,455,
0199,长春中医药大学,,临床医学,,,572,
0199,长春中医药大学,,中医学,,,567,
0199,长春中医药大学,,中医学(5+3一体化),,,580,
0199,长春中医药大学,,针灸推拿学,,,559,
0199,长春中医药大学,,中医康复学,,,529,
0199,长春中医药大学,,中医儿科学,,,547,
0199,长春中医药大学,,中医骨伤科学,,,549,
0199,长春中医药大学,,中西医临床医学,,,537,
0199,长春中医药大学,,中药学,,,544,
0199,长春中医药大学,,护理学,,,515,
0199,长春中医药大学,,市场营销,,,498,
0489,长江大学,,新闻传播学类[广播电视学(含荆楚卓越人才协同育人计划)、网络与新媒体],,,546,
0489,长江大学,,中国语言文学类[汉语言文学(师范)、汉语言文学],,,573,
0489,长江大学,,外国语言文学类[英语(师范)、英语(翻译)、商务英语],,,550,
0489,长江大学,,经济学类(含荆楚卓越人才协同育人计划)[经济学、国际经济与贸易、农林经济管理、金融学(含荆楚卓越人才协同育人计划)],,,553,
0489,长江大学,,工商管理类(含荆楚卓越协同育人计划)(财务管理、市场营销、人力资源管理、物流管理、会计学),,,541,
0489,长江大学,,资源环境大数据工程,,,519,
0489,长江大学,,光电信息科学与工程,,,580,
0489,长江大学,,工业设计(智能化产品),,,559,
0489,长江大学,,机械类[材料成型及控制工程、机器人工程、机械设计制造及其自动化(教育部卓越工程师、省支柱产业人才培养计划)],,,579,
0489,长江大学,,计算机类(软件工程、计算机科学与技术、网络工程、智能科学与技术),,,579,
0489,长江大学,,地球化学(资源、环境),,,532,
0489,长江大学,,"地球物理学类(国家特色专业,含教育部卓越工程师培养计划)[地球物理学、勘查技术与工程(国家特色专业)]",,,542,
0489,长江大学,,资源勘查工程(石油勘探、新能源、油气测录工程),,,556,
0489,长江大学,,地质学,,,539,
0489,长江大学,,地理信息科学(含省支柱产业人才计划),,,552,
0489,长江大学,,海洋油气工程,,,555,
0489,长江大学,,石油工程(含中俄能源方向、教育部卓越工程师),,,564,
0489,长江大学,,油气储运工程(含中俄能源方向),,,569,
0489,长江大学,,植物生产类(含教育部卓越农林、省支柱产业人才计划)[农学(国家特色专业)、植物保护],,,526,
0489,长江大学,,农业资源与环境(含教育部卓越农林人才计划),,,513,
0489,长江大学,,园艺(现代园艺),,,496,
0489,长江大学,,智慧农业,,,540,
0489,长江大学,,动物医学类(含教育部卓越农林人才教育培养计划)[动物医学、动物科学(动物生物信息与大数据)、水产养殖学],,,537,
0489,长江大学,,食品科学与工程类[食品科学与工程(含国家卓越工程师培养计划)、食品质量与安全(营养及检测技术)],,,539,
0489,长江大学,,临床医学(含教育部卓越医生、省荆楚卓越人才计划),,,585,
0489,长江大学,,中西医临床医学,,,547,
0489,长江大学,,电气工程及其自动化(含荆楚卓越工程师协同育人计划),,,593,
0489,长江大学,,电子信息工程(含教育部卓越工程师教育培养计划),,,591,
0489,长江大学,,高分子材料与工程,,,549,
0489,长江大学,,土木工程(中外合作办学),,,453,
3246,长江大学文理学院,,外国语言文学类[英语、英语(师范类)、英语(英日或英韩)、商务英语],,,452,
0647,长江师范学院,,日语(师范类),,,478,
0647,长江师范学院,,金融工程,,,502,
0647,长江师范学院,,机械类(机械设计制造及其自动化、智能制造工程),,,513,
0536,长沙理工大学,,财务管理,,,583,
0536,长沙理工大学,,数学与应用数学,,,597,
0536,长沙理工大学,,信息与计算科学,,,591,
0536,长沙理工大学,,应用统计学,,,587,
0536,长沙理工大学,,光电信息科学与工程,,,624,
0536,长沙理工大学,,电子信息科学与技术,,,608,
0536,长沙理工大学,,环境工程,,,549,
0536,长沙理工大学,,食品科学与工程,,,563,
0536,长沙理工大学,,生物工程,,,555,
0536,长沙理工大学,,土木工程,,,538,
0536,长沙理工大学,,能源与动力工程,,,595,
0536,长沙理工大学,,新能源科学与工程,,,595,
0536,长沙理工大学,,自动化,,,603,
0536,长沙理工大学,,电气工程及其自动化,,,629,
0536,长沙理工大学,,电子信息工程,,,609,
0536,长沙理工大学,,计算机科学与技术,,,617,
0536,长沙理工大学,,软件工程,,,615,
0536,长沙理工大学,,网络工程,,,607,
0536,长沙理工大学,,道路桥梁与渡河工程,,,555,
0536,长沙理工大学,,测绘工程,,,566,
0536,长沙理工大学,,工程管理,,,558,
0536,长沙理工大学,,给排水科学与工程,,,557,
0536,长沙理工大学,,金融学,,,576,
0536,长沙理工大学,,水利类(水利水电工程、港口航道与海岸工程、水文与水资源工程),,,585,
0536,长沙理工大学,,数字经济,,,568,
0536,长沙理工大学,,储能科学与工程,,,590,
0536,长沙理工大学,,智能建造,,,569,
0536,长沙理工大学,,机械设计制造及其自动化,,,596,
0536,长沙理工大学,,车辆工程,,,597,
0536,长沙理工大学,,交通运输,,,596,
0536,长沙理工大学,,交通工程,,,596,
0536,长沙理工大学,,物流工程,,,566,
0536,长沙理工大学,,应用化学,,,566,
0536,长沙理工大学,,化学工程与工艺,,,574,
0536,长沙理工大学,,无机非金属材料工程,,,576,
0536,长沙理工大学,,新能源材料与器件,,,585,
0536,长沙理工大学,,港口航道与海岸工程(卓越班),,,566,
0536,长沙理工大学,,道路桥梁与渡河工程(智慧道路卓越班),,,575,
0536,长沙理工大学,,土木工程(智能土木卓越班),,,565,
3635,长沙理工大学城南学院,,机械设计制造及其自动化,,,451,
3635,长沙理工大学城南学院,,电气工程及其自动化,,,455,
3635,长沙理工大学城南学院,,通信工程,,,453,
3635,长沙理工大学城南学院,,自动化,,,457,
3635,长沙理工大学城南学院,,土木工程,,,445,
3806,长沙师范学院,,物联网工程,,,498,
3806,长沙师范学院,,包装工程,,,457,
3806,长沙师范学院,,电子商务,,,481,
1077,长沙学院,,思想政治教育,,,502,
1077,长沙学院,,材料成型及控制工程,,,462,
1077,长沙学院,,软件工程,,,540,
0823,长沙医学院,,临床医学,,,487,
0823,长沙医学院,,口腔医学,,,502,
0823,长沙医学院,,医学影像学,,,482,
0823,长沙医学院,,中医学,,,455,
0823,长沙医学院,,针灸推拿学,,,436,
0122,长治学院,,学前教育(师范类),,,482,
0122,长治学院,,数学与应用数学(师范类),,,504,
0122,长治学院,,物理学(师范类),,,482,
0122,长治学院,,电子信息科学与技术,,,502,
0122,长治学院,,生物技术,,,456,
0122,长治学院,,环境生态工程,,,455,
0122,长治学院,,网络工程,,,476,
0117,长治医学院,,临床医学,,,532,
0117,长治医学院,,口腔医学,,,568,
0117,长治医学院,,麻醉学,,,549,
0117,长治医学院,,预防医学,,,490,
0117,长治医学院,,护理学,,,529,
0117,长治医学院,,生物医学工程,,,477,
0117,长治医学院,,药学,,,521,
0117,长治医学院,,信息管理与信息系统,,,480,
0117,长治医学院,,康复治疗学,,,495,
0117,长治医学院,,应用心理学,,,481,
0117,长治医学院,,医学实验技术,,,496,
0117,长治医学院,,医学影像技术,,,513,
0292,常州大学,,智能制造工程,,,578,
0292,常州大学,,油气储运工程,,,562,
0292,常州大学,,石油工程,,,558,
0292,常州大学,,计算机科学与技术,,,585,
1055,常州工学院,,材料成型及控制工程,,,528,
1055,常州工学院,,电气工程及其自动化,,,552,
0171,朝阳师范学院,,学前教育(师范类),,,469,
0171,朝阳师范学院,,小学教育(师范类),,,483,
0171,朝阳师范学院,,汉语言文学(师范类),,,502,
0171,朝阳师范学院,,英语(师范类),,,494,
0171,朝阳师范学院,,数学与应用数学(师范类),,,481,
0171,朝阳师范学院,,计算机科学与技术,,,466,
1079,成都大学,,金融科技,,,560,
1079,成都大学,,小学教育(师范类),,,549,
1079,成都大学,,机械设计制造及其自动化,,,578,
1079,成都大学,,材料成型及控制工程,,,560,
1079,成都大学,,材料科学与工程,,,547,
1079,成都大学,,通信工程,,,587,
1079,成都大学,,软件工程,,,592,
1079,成都大学,,数据科学与大数据技术,,,584,
1079,成都大学,,生物工程,,,550,
1079,成都大学,,口腔医学技术,,,550,
1079,成都大学,,工程管理,,,543,
1079,成都大学,,工程造价,,,544,
1079,成都大学,,审计学,,,572,
1079,成都大学,,化学,,,554,
1079,成都大学,,医学检验技术,,,550,
1079,成都大学,,数据科学与大数据技术(中外合作办学),,,530,
2636,成都东软学院,,计算机类(计算机科学与技术、网络工程、物联网工程、网络空间安全、智能科学与技术),,,456,
2636,成都东软学院,,人工智能,,,457,
2636,成都东软学院,,软件工程,,,474,
2636,成都东软学院,,信息工程,,,450,
2636,成都东软学院,,数据科学与大数据技术,,,470,
2636,成都东软学院,,信息管理与信息系统,,,457,
2636,成都东软学院,,电子商务,,,447,
2636,成都东软学院,,大数据管理与应用,,,456,
2636,成都东软学院,,财务管理,,,474,
2636,成都东软学院,,数字媒体技术,,,458,
2636,成都东软学院,,虚拟现实技术,,,450,
2636,成都东软学院,,英语,,,459,
2636,成都东软学院,,医学信息工程,,,445,
2636,成都东软学院,,医学影像技术,,,450,
3903,成都锦城学院,,行政管理,,,451,
3903,成都锦城学院,,建筑学,,,443,
3903,成都锦城学院,,供应链管理,,,456,
3903,成都锦城学院,,会计学,,,471,
3903,成都锦城学院,,经济统计学,,,450,
3903,成都锦城学院,,日语,,,449,
3903,成都锦城学院,,通信工程,,,450,
3903,成都锦城学院,,机械设计制造及其自动化,,,459,
0616,成都理工大学,,地质学类(地质学、地球化学),,,587,
0616,成都理工大学,,测绘工程,,,577,
0616,成都理工大学,,石油工程,,,571,
0616,成都理工大学,,工程力学,,,586,
0616,成都理工大学,,土木工程,,,540,
0616,成都理工大学,,城市地下空间工程,,,553,
0616,成都理工大学,,地质工程,,,568,
0616,成都理工大学,,地下水科学与工程,,,559,
0616,成都理工大学,,地球物理学,,,564,
0616,成都理工大学,,工商管理,,,565,
0616,成都理工大学,,新闻传播学类(广播电视学、广告学),,,564,
0616,成都理工大学,,建筑类(建筑学、风景园林),,,562,
0616,成都理工大学,,人文地理与城乡规划,,,559,
0616,成都理工大学,,电子信息类(通信工程、信息工程、人工智能),,,608,
0616,成都理工大学,,资源勘查工程,,,565,
3668,成都理工大学工程技术学院,,核工程与核技术,,,449,
3668,成都理工大学工程技术学院,,能源与动力工程,,,446,
3668,成都理工大学工程技术学院,,土木工程,,,434,
3668,成都理工大学工程技术学院,,自动化,,,447,
3668,成都理工大学工程技术学院,,电气工程及其自动化,,,452,
3668,成都理工大学工程技术学院,,软件工程,,,448,
3673,成都外国语学院,,学前教育,,,455,
3673,成都外国语学院,,汉语言文学,,,463,
0621,成都信息工程大学,,大气科学,,,606,
0621,成都信息工程大学,,应用气象学,,,599,
0621,成都信息工程大学,,电子信息工程,,,610,
0621,成都信息工程大学,,通信工程,,,607,
0621,成都信息工程大学,,气象技术与工程,,,597,
0621,成都信息工程大学,,计算机科学与技术,,,607,
0621,成都信息工程大学,,网络工程,,,605,
0621,成都信息工程大学,,网络空间安全,,,603,
3705,成都医学院,,临床医学,,,579,
3670,成都银杏酒店管理学院,,工商管理类(市场营销、会计学、财务管理、人力资源管理、审计学、物业管理、文化产业管理),,,443,
0633,成都中医药大学,,中医学(5+3一体化),,,632,
0633,成都中医药大学,,针灸推拿学,,,604,
0633,成都中医药大学,,中药学,,,583,
0633,成都中医药大学,,应用心理学,,,567,
0633,成都中医药大学,,助产学,,,523,
0633,成都中医药大学,,医学检验技术,,,577,
0093,承德医学院,,临床医学,,,550,
0093,承德医学院,,护理学,,,515,
0138,赤峰学院,,数学与应用数学(师范类),,,458,
1391,楚雄师范学院,,科学教育(师范类),,,464,
1391,楚雄师范学院,,数学与应用数学(师范类),,,466,
1391,楚雄师范学院,,信息与计算科学,,,454,
0634,川北医学院,,临床医学,,,574,
0634,川北医学院,,医学检验技术,,,497,
3590,重庆财经学院,,金融学,,,478,
0611,重庆大学,,边防军人子女预科班,,,599,
0611,重庆大学,,理科试验班(数学物理类)(数学与应用数学、物理学、信息与计算科学、应用物理学、统计学),,,653,
0611,重庆大学,,工科试验班(新工科类)(机器人工程、碳储科学与工程、储能科学与工程、智能感知工程、智能建造),,,644,
0611,重庆大学,,工科试验班(工程能源类)(机械设计制造及其自动化、能源与动力工程、航空航天工程、车辆工程、新能源科学与工程、工程力学、土木工程、材料科学与工程、建筑环境与能源应用工程、核工程与核技术、材料成型及控制工程、机械电子工程、工业工程),,,642,
0611,重庆大学,,工科试验班(电气信息类)(电气工程及其自动化、通信工程、计算机科学与技术、软件工程、测控技术与仪器、自动化、人工智能、数据科学与大数据技术、集成电路设计与集成系统、信息安全、电子信息工程),,,656,
0611,重庆大学,,工科试验班(卓越工程师计划)[电气工程及其自动化(等普通类四年制理工类专业)],,,663,
3589,重庆对外经贸学院,,日语,,,451,
3589,重庆对外经贸学院,,数学与应用数学(师范类),,,433,
3589,重庆对外经贸学院,,应用统计学,,,447,
1799,重庆工商大学,,经济学(联合学士学位项目),,,580,
1799,重庆工商大学,,金融学类(金融学、保险学、投资学),,,551,
1799,重庆工商大学,,财务管理,,,578,
1799,重庆工商大学,,物流管理,,,526,
1799,重庆工商大学,,工程管理,,,541,
1799,重庆工商大学,,金融学(中外双学士项目),,,542,
0618,重庆交通大学,,土木工程,,,536,
0618,重庆交通大学,,土木工程,,,540,
0618,重庆交通大学,,水利类(水利水电工程、港口航道与海岸工程、智慧水利),,,574,
0618,重庆交通大学,,交通运输类(交通运输、交通工程、交通设备与控制工程),,,587,
0618,重庆交通大学,,机械类(机械设计制造及其自动化、材料成型及控制工程、机械电子工程、车辆工程),,,583,
0618,重庆交通大学,,船舶与海洋工程,,,558,
0618,重庆交通大学,,计算机科学与技术,,,599,
0618,重庆交通大学,,飞行器制造工程,,,580,
0618,重庆交通大学,,飞行器动力工程,,,576,
1551,重庆科技大学,,应用化学,,,497,
1551,重庆科技大学,,金属材料工程,,,489,
1551,重庆科技大学,,能源与动力工程,,,529,
1551,重庆科技大学,,自动化,,,537,
1551,重庆科技大学,,计算机科学与技术,,,555,
1551,重庆科技大学,,数据科学与大数据技术,,,541,
1551,重庆科技大学,,土木工程,,,475,
1551,重庆科技大学,,能源化学工程,,,505,
1551,重庆科技大学,,资源勘查工程,,,503,
1551,重庆科技大学,,石油工程,,,527,
1551,重庆科技大学,,油气储运工程,,,517,
1551,重庆科技大学,,会计学,,,539,
1551,重庆科技大学,,物流管理,,,506,
1660,重庆理工大学,,机械电子工程,,,591,
1660,重庆理工大学,,高分子材料与工程,,,559,
1660,重庆理工大学,,计算机科学与技术,,,594,
1660,重庆理工大学,,电气工程及其自动化,,,594,
1660,重庆理工大学,,药学,,,570,
1660,重庆理工大学,,人工智能,,,590,
1660,重庆理工大学,,智能制造工程,,,583,
1660,重庆理工大学,,应用化学,,,553,
0637,重庆师范大学,,化学(师范类),,,597,
0637,重庆师范大学,,生物科学(中外合作办学)(师范类),,,528,
3588,重庆外语外事学院,,翻译,,,449,
3588,重庆外语外事学院,,俄语,,,448,
3588,重庆外语外事学院,,法语,,,449,
3588,重庆外语外事学院,,德语,,,448,
3588,重庆外语外事学院,,日语,,,450,
3588,重庆外语外事学院,,朝鲜语,,,446,
3588,重庆外语外事学院,,阿拉伯语,,,446,
0642,重庆文理学院,,环境科学,,,467,
0642,重庆文理学院,,制药工程,,,497,
0642,重庆文理学院,,机械工程,,,513,
0642,重庆文理学院,,园艺,,,470,
0642,重庆文理学院,,材料科学与工程,,,473,
0642,重庆文理学院,,计算机科学与技术,,,543,
0642,重庆文理学院,,电子信息科学与技术,,,513,
0631,重庆医科大学,,临床医学(5+3一体化),,,653,
0631,重庆医科大学,,临床医学,,,638,
0631,重庆医科大学,,麻醉学,,,621,
0631,重庆医科大学,,医学影像学,,,614,
0631,重庆医科大学,,精神医学,,,598,
0631,重庆医科大学,,儿科学,,,617,
0631,重庆医科大学,,口腔医学,,,640,
0631,重庆医科大学,,预防医学,,,573,
0631,重庆医科大学,,医学检验技术,,,588,
0631,重庆医科大学,,药学,,,615,
0631,重庆医科大学,,医学影像技术,,,581,
0631,重庆医科大学,,康复治疗学,,,565,
0631,重庆医科大学,,生物医学工程,,,606,
0631,重庆医科大学,,智能医学工程,,,597,
0631,重庆医科大学,,护理学,,,589,
3627,重庆移通学院,,通信工程,,,445,
3627,重庆移通学院,,电气工程及其自动化,,,449,
3627,重庆移通学院,,计算机科学与技术,,,448,
3627,重庆移通学院,,软件工程,,,448,
0617,重庆邮电大学,,电子信息类(通信与信息类)(通信工程、电子信息工程),,,624,
0617,重庆邮电大学,,计算机类(计算机与智能科学类)(计算机科学与技术、智能科学与技术、数据科学与大数据技术、人工智能),,,625,
0617,重庆邮电大学,,自动化类(智能自动化)(自动化、电气工程及其自动化、物联网工程、测控技术与仪器),,,619,
0617,重庆邮电大学,,电子信息类(集成电路类)(微电子科学与工程、集成电路设计与集成系统),,,624,
0617,重庆邮电大学,,电子信息类(电子工程类)(光电信息科学与工程、电子科学与技术、电磁场与无线技术),,,622,
0617,重庆邮电大学,,生物信息学,,,585,
0617,重庆邮电大学,,医学信息工程,,,613,
0617,重庆邮电大学,,软件工程,,,621,
0617,重庆邮电大学,,软件工程(中外合作办学),,,606,
4830,重庆中医药学院,,中医学,,,536,
4830,重庆中医药学院,,中西医临床医学,,,510,
4830,重庆中医药学院,,中药学,,,501,
0679,大理大学,,临床医学,,,542,
0679,大理大学,,医学影像学,,,540,
0679,大理大学,,眼视光医学,,,540,
0679,大理大学,,康复治疗学,,,498,
0679,大理大学,,预防医学,,,481,
0679,大理大学,,电气工程及其自动化,,,544,
0679,大理大学,,建筑学,,,497,
3218,大连财经学院,,会计学,,,459,
3218,大连财经学院,,财务管理,,,447,
3218,大连财经学院,,审计学,,,454,
3218,大连财经学院,,资产评估,,,425,
3218,大连财经学院,,财政学,,,445,
3218,大连财经学院,,税收学,,,440,
3218,大连财经学院,,金融学,,,431,
3218,大连财经学院,,金融工程,,,418,
3218,大连财经学院,,保险学,,,404,
3218,大连财经学院,,投资学,,,404,
3218,大连财经学院,,国际经济与贸易,,,408,
3218,大连财经学院,,商务英语,,,433,
3218,大连财经学院,,市场营销,,,402,
3218,大连财经学院,,跨境电子商务,,,405,
3218,大连财经学院,,工程管理,,,400,
3218,大连财经学院,,工程造价,,,401,
3218,大连财经学院,,人力资源管理,,,424,
3218,大连财经学院,,劳动与社会保障,,,404,
3218,大连财经学院,,物流管理,,,407,
3218,大连财经学院,,供应链管理,,,416,
3218,大连财经学院,,法学,,,448,
3218,大连财经学院,,汉语言,,,443,
3218,大连财经学院,,网络与新媒体,,,436,
3218,大连财经学院,,信用风险管理与法律防控,,,430,
3218,大连财经学院,,经济统计学,,,437,
3218,大连财经学院,,数字经济,,,424,
3218,大连财经学院,,互联网金融,,,427,
3218,大连财经学院,,大数据管理与应用,,,427,
3218,大连财经学院,,电子商务,,,411,
1258,大连大学,,金融学,,,540,
1258,大连大学,,数学与应用数学,,,542,
1258,大连大学,,国际经济与贸易,,,510,
1258,大连大学,,法学,,,561,
1258,大连大学,,小学教育(师范类),,,533,
1258,大连大学,,汉语言文学,,,553,
1258,大连大学,,汉语国际教育,,,534,
1258,大连大学,,英语,,,518,
1258,大连大学,,日语,,,481,
1258,大连大学,,翻译,,,509,
1258,大连大学,,历史学,,,502,
1258,大连大学,,化学,,,514,
1258,大连大学,,生物技术,,,502,
1258,大连大学,,机械设计制造及其自动化,,,545,
1258,大连大学,,材料成型及控制工程,,,525,
1258,大连大学,,工业设计,,,533,
1258,大连大学,,物理学(师范类),,,554,
1258,大连大学,,车辆工程,,,535,
1258,大连大学,,电子信息工程,,,559,
1258,大连大学,,自动化,,,559,
1258,大连大学,,计算机科学与技术,,,569,
1258,大连大学,,软件工程,,,572,
1258,大连大学,,土木工程,,,463,
1258,大连大学,,建筑环境与能源应用工程,,,504,
1258,大连大学,,化学工程与工艺,,,518,
1258,大连大学,,制药工程,,,529,
1258,大连大学,,环境工程,,,493,
1258,大连大学,,建筑学,,,511,
1258,大连大学,,生物工程,,,522,
1258,大连大学,,临床医学,,,556,
1258,大连大学,,口腔医学,,,577,
1258,大连大学,,中药学,,,514,
1258,大连大学,,医学检验技术,,,527,
1258,大连大学,,护理学,,,527,
1258,大连大学,,工程管理,,,503,
1258,大连大学,,助产学,,,517,
1258,大连大学,,旅游管理,,,490,
1258,大连大学,,酒店管理,,,481,
1258,大连大学,,工商管理,,,509,
1258,大连大学,,市场营销,,,493,
1258,大连大学,,会计学,,,544,
1258,大连大学,,光电信息科学与工程,,,555,
1258,大连大学,,数据科学与大数据技术,,,559,
1258,大连大学,,园艺,,,507,
1258,大连大学,,会计学(中外合作办学),,,509,
1258,大连大学,,旅游管理(中外合作办学),,,462,
1258,大连大学,,机械设计制造及其自动化(辽宁省高校专项计划),,,536,
3631,大连东软信息学院,,计算机科学与技术,,,449,
3631,大连东软信息学院,,网络工程,,,442,
3631,大连东软信息学院,,物联网工程,,,435,
3631,大连东软信息学院,,软件工程,,,446,
3631,大连东软信息学院,,信息管理与信息系统,,,430,
3631,大连东软信息学院,,财务管理,,,445,
3631,大连东软信息学院,,电子商务,,,416,
3631,大连东软信息学院,,集成电路设计与集成系统,,,429,
3631,大连东软信息学院,,电子信息工程,,,438,
3631,大连东软信息学院,,微电子科学与工程,,,431,
3631,大连东软信息学院,,智能科学与技术,,,430,
3631,大连东软信息学院,,通信工程,,,437,
3631,大连东软信息学院,,英语,,,440,
3631,大连东软信息学院,,日语,,,421,
3631,大连东软信息学院,,数字媒体技术,,,436,
3631,大连东软信息学院,,数据科学与大数据技术,,,454,
3631,大连东软信息学院,,健康服务与管理,,,418,
3631,大连东软信息学院,,医学影像技术,,,425,
3631,大连东软信息学院,,智能医学工程,,,416,
3631,大连东软信息学院,,医疗产品管理,,,425,
3631,大连东软信息学院,,人工智能,,,441,
3631,大连东软信息学院,,机器人工程,,,445,
3631,大连东软信息学院,,医学信息工程,,,424,
3631,大连东软信息学院,,大数据管理与应用,,,452,
3631,大连东软信息学院,,虚拟现实技术,,,426,
3631,大连东软信息学院,,人力资源管理,,,437,
3631,大连东软信息学院,,供应链管理,,,425,
3631,大连东软信息学院,,网络空间安全,,,439,
0152,大连工业大学,,英语,,,500,
0152,大连工业大学,,日语,,,466,
0152,大连工业大学,,工商管理,,,502,
0152,大连工业大学,,工商管理(本科学术互认课程项目),,,454,
0152,大连工业大学,,人力资源管理,,,506,
0152,大连工业大学,,物流管理,,,510,
0152,大连工业大学,,大数据管理与应用,,,532,
0152,大连工业大学,,化妆品技术与工程,,,485,
0152,大连工业大学,,应用化学,,,484,
0152,大连工业大学,,环境工程,,,473,
0152,大连工业大学,,化学工程与工艺,,,482,
0152,大连工业大学,,轻化工程,,,475,
0152,大连工业大学,,生物质能源与材料,,,472,
0152,大连工业大学,,纺织工程,,,473,
0152,大连工业大学,,高分子材料与工程,,,474,
0152,大连工业大学,,无机非金属材料工程,,,474,
0152,大连工业大学,,计算机科学与技术,,,553,
0152,大连工业大学,,计算机科学与技术(本科学术互认课程项目),,,496,
0152,大连工业大学,,自动化,,,535,
0152,大连工业大学,,电子信息工程,,,539,
0152,大连工业大学,,通信工程,,,536,
0152,大连工业大学,,光源与照明,,,501,
0152,大连工业大学,,生物工程,,,472,
0152,大连工业大学,,葡萄与葡萄酒工程,,,468,
0152,大连工业大学,,生物制药,,,484,
0152,大连工业大学,,食品科学与工程,,,491,
0152,大连工业大学,,食品质量与安全,,,485,
0152,大连工业大学,,食品营养与健康,,,478,
0152,大连工业大学,,数字媒体技术,,,540,
0152,大连工业大学,,风景园林,,,482,
0152,大连工业大学,,服装设计与工程,,,479,
0152,大连工业大学,,机械工程,,,505,
0152,大连工业大学,,材料成型及控制工程,,,485,
0152,大连工业大学,,机械电子工程,,,500,
0152,大连工业大学,,智能制造工程,,,521,
0152,大连工业大学,,机械电子工程(中外合作办学),,,457,
0152,大连工业大学,,非物质文化遗产保护,,,490,
0152,大连工业大学,,机械工程(辽宁省高校专项计划),,,515,
3203,大连工业大学艺术与信息工程学院,,国际经济与贸易,,,388,
3203,大连工业大学艺术与信息工程学院,,英语,,,403,
3203,大连工业大学艺术与信息工程学院,,网络与新媒体,,,384,
3203,大连工业大学艺术与信息工程学院,,机械工程,,,375,
3203,大连工业大学艺术与信息工程学院,,机械电子工程,,,380,
3203,大连工业大学艺术与信息工程学院,,工业设计,,,376,
3203,大连工业大学艺术与信息工程学院,,电气工程及其自动化,,,404,
3203,大连工业大学艺术与信息工程学院,,电气工程与智能控制,,,393,
3203,大连工业大学艺术与信息工程学院,,自动化,,,382,
3203,大连工业大学艺术与信息工程学院,,计算机科学与技术,,,380,
3203,大连工业大学艺术与信息工程学院,,工商管理,,,396,
3203,大连工业大学艺术与信息工程学院,,物联网工程,,,392,
3203,大连工业大学艺术与信息工程学院,,艺术教育,,,390,
3203,大连工业大学艺术与信息工程学院,,互联网金融,,,390,
3203,大连工业大学艺术与信息工程学院,,智能制造工程,,,377,
3203,大连工业大学艺术与信息工程学院,,机器人工程,,,383,
3203,大连工业大学艺术与信息工程学院,,智能交互设计,,,377,
3203,大连工业大学艺术与信息工程学院,,数据科学与大数据技术,,,393,
0151,大连海事大学,,自动化类(自动化、电气工程及其自动化、测控技术与仪器),,,624,
0151,大连海事大学,,电子信息类(电子信息工程、电子信息科学与技术、通信工程、光电信息科学与工程),,,626,
0151,大连海事大学,,计算机类(计算机科学与技术、软件工程、数据科学与大数据技术、网络工程、智能科学与技术),,,627,
0151,大连海事大学,,交通运输类(交通运输、物流工程、材料科学与工程、土木工程、交通工程),,,613,
0151,大连海事大学,,管理科学与工程类(信息管理与信息系统、大数据管理与应用、电子商务),,,614,
0151,大连海事大学,,经济学类(经济学、国际经济与贸易),,,610,
0151,大连海事大学,,机械类[机械设计制造及其自动化、船舶与海洋工程、能源与动力工程、救助与打捞工程(海洋智能装备)],,,619,
0151,大连海事大学,,海事管理,,,622,
0151,大连海事大学,,物流管理,,,608,
0151,大连海事大学,,供应链管理,,,609,
0151,大连海事大学,,轮机工程(陆上专业),,,617,
0151,大连海事大学,,金融工程,,,605,
0151,大连海事大学,,法学,,,632,
0151,大连海事大学,,物联网工程,,,626,
0151,大连海事大学,,人工智能,,,627,
0151,大连海事大学,,交通管理,,,613,
0151,大连海事大学,,电子信息工程(中外合作办学),,,604,
0151,大连海事大学,,机械设计制造及其自动化(中外合作办学),,,597,
0151,大连海事大学,,土木工程(中外合作办学),,,565,
0151,大连海事大学,,法学(中外合作办学),,,612,
0158,大连海洋大学,,英语,,,492,
0158,大连海洋大学,,日语,,,468,
0158,大连海洋大学,,市场营销,,,472,
0158,大连海洋大学,,会计学,,,525,
0158,大连海洋大学,,农林经济管理,,,485,
0158,大连海洋大学,,法学,,,531,
0158,大连海洋大学,,船舶与海洋工程(辽宁省高校专项计划),,,495,
0158,大连海洋大学,,港口航道与海岸工程(辽宁省高校专项计划),,,489,
0158,大连海洋大学,,人力资源管理,,,487,
0158,大连海洋大学,,经济与金融,,,491,
0158,大连海洋大学,,海洋渔业科学与技术,,,465,
0158,大连海洋大学,,水产养殖学,,,482,
0158,大连海洋大学,,船舶与海洋工程,,,497,
0158,大连海洋大学,,港口航道与海岸工程,,,481,
0158,大连海洋大学,,信息与计算科学,,,493,
0158,大连海洋大学,,应用物理学,,,462,
0158,大连海洋大学,,机械设计制造及其自动化,,,504,
0158,大连海洋大学,,自动化,,,500,
0158,大连海洋大学,,计算机科学与技术,,,518,
0158,大连海洋大学,,建筑环境与能源应用工程,,,464,
0158,大连海洋大学,,给排水科学与工程,,,469,
0158,大连海洋大学,,海洋资源与环境,,,469,
0158,大连海洋大学,,土木工程,,,454,
0158,大连海洋大学,,水族科学与技术,,,465,
0158,大连海洋大学,,能源与动力工程,,,495,
0158,大连海洋大学,,食品科学与工程,,,474,
0158,大连海洋大学,,食品质量与安全,,,475,
0158,大连海洋大学,,水生动物医学,,,473,
0158,大连海洋大学,,环境工程,,,468,
0158,大连海洋大学,,数据科学与大数据技术,,,509,
0158,大连海洋大学,,生物科学,,,489,
0158,大连海洋大学,,电子信息工程,,,503,
0158,大连海洋大学,,翻译,,,479,
0158,大连海洋大学,,社会政策,,,470,
0158,大连海洋大学,,农业智能装备工程,,,464,
0158,大连海洋大学,,海洋科学,,,464,
0158,大连海洋大学,,海洋技术,,,462,
0158,大连海洋大学,,生物育种技术,,,466,
0158,大连海洋大学,,大数据管理与应用,,,501,
0158,大连海洋大学,,机械设计制造及其自动化(中外合作办学),,,445,
0150,大连交通大学,,会计学,,,583,
0150,大连交通大学,,工商管理,,,567,
0150,大连交通大学,,物流管理,,,554,
0150,大连交通大学,,会计学(中外合作办学),,,517,
0150,大连交通大学,,机械工程,,,578,
0150,大连交通大学,,机械电子工程,,,577,
0150,大连交通大学,,工业工程,,,539,
0150,大连交通大学,,机器人工程,,,572,
0150,大连交通大学,,物流工程,,,541,
0150,大连交通大学,,材料成型及控制工程,,,562,
0150,大连交通大学,,材料科学与工程,,,550,
0150,大连交通大学,,焊接技术与工程,,,547,
0150,大连交通大学,,电子科学与技术,,,572,
0150,大连交通大学,,车辆工程,,,588,
0150,大连交通大学,,测控技术与仪器,,,567,
0150,大连交通大学,,交通设备与控制工程,,,573,
0150,大连交通大学,,交通运输,,,587,
0150,大连交通大学,,交通工程,,,578,
0150,大连交通大学,,安全工程,,,538,
0150,大连交通大学,,电气工程及其自动化,,,584,
0150,大连交通大学,,自动化,,,582,
0150,大连交通大学,,轨道交通信号与控制,,,585,
0150,大连交通大学,,通信工程,,,581,
0150,大连交通大学,,电子信息工程,,,578,
0150,大连交通大学,,计算机科学与技术,,,582,
0150,大连交通大学,,土木工程,,,536,
0150,大连交通大学,,工程力学,,,548,
0150,大连交通大学,,环境工程,,,519,
0150,大连交通大学,,应用化学,,,529,
0150,大连交通大学,,能源化学工程,,,545,
0150,大连交通大学,,工业设计,,,537,
0150,大连交通大学,,大数据管理与应用,,,561,
0150,大连交通大学,,数据科学与大数据技术,,,573,
0150,大连交通大学,,人工智能,,,566,
0150,大连交通大学,,软件工程,,,553,
0150,大连交通大学,,机械工程(机械工程与软件工程专业嫁接),,,546,
0150,大连交通大学,,材料成型及控制工程(材料成型及控制工程与软件工程专业嫁接),,,531,
0150,大连交通大学,,交通工程(交通工程与软件工程专业嫁接),,,550,
0150,大连交通大学,,土木工程(土木工程与软件工程专业嫁接),,,511,
0150,大连交通大学,,测控技术与仪器(测控技术与仪器与软件工程专业嫁接),,,541,
0150,大连交通大学,,数学与应用数学,,,535,
0150,大连交通大学,,英语,,,507,
0150,大连交通大学,,机械工程(中外合作办学),,,482,
0150,大连交通大学,,土木工程(中外合作办学),,,447,
0150,大连交通大学,,机械工程(中外合作办学),,,479,
0150,大连交通大学,,车辆工程(中外合作办学),,,499,
0150,大连交通大学,,土木工程(中外合作办学),,,449,
0150,大连交通大学,,智能制造工程,,,566,
0150,大连交通大学,,智能建造与智慧交通,,,550,
0150,大连交通大学,,机械工程(辽宁省高校专项计划),,,577,
0150,大连交通大学,,机械电子工程(辽宁省高校专项计划),,,575,
0150,大连交通大学,,材料成型及控制工程(辽宁省高校专项计划),,,559,
0150,大连交通大学,,材料科学与工程(辽宁省高校专项计划),,,543,
0150,大连交通大学,,车辆工程(辽宁省高校专项计划),,,584,
0150,大连交通大学,,交通运输(辽宁省高校专项计划),,,586,
0150,大连交通大学,,电气工程及其自动化(辽宁省高校专项计划),,,584,
0150,大连交通大学,,土木工程(辽宁省高校专项计划),,,527,
3207,大连科技学院,,机械设计制造及其自动化,,,424,
3207,大连科技学院,,机械电子工程,,,420,
3207,大连科技学院,,智能制造工程,,,418,
3207,大连科技学院,,电气工程及其自动化,,,436,
3207,大连科技学院,,通信工程,,,418,
3207,大连科技学院,,自动化,,,432,
3207,大连科技学院,,轨道交通信号与控制,,,427,
3207,大连科技学院,,车辆工程,,,422,
3207,大连科技学院,,交通运输,,,429,
3207,大连科技学院,,交通工程,,,418,
3207,大连科技学院,,智慧交通,,,414,
3207,大连科技学院,,计算机科学与技术,,,438,
3207,大连科技学院,,软件工程,,,428,
3207,大连科技学院,,网络工程,,,422,
3207,大连科技学院,,物联网工程,,,417,
3207,大连科技学院,,数据科学与大数据技术,,,425,
3207,大连科技学院,,电子商务,,,405,
3207,大连科技学院,,信息管理与信息系统,,,415,
3207,大连科技学院,,会计学,,,449,
3207,大连科技学院,,工业设计,,,411,
0141,大连理工大学,,电子信息类(电子信息工程、计算机科学与技术、自动化、电气工程及其自动化、光电信息科学与工程、生物医学工程),,,654,
0141,大连理工大学,,大数据管理与应用(新工科拔尖班),,,657,
0141,大连理工大学,,大数据管理与应用,,,652,
0141,大连理工大学,,储能科学与工程(新工科拔尖班),,,649,
0141,大连理工大学,,环境科学与工程类(新工科拔尖班)(环境科学、环境工程),,,640,
0141,大连理工大学,,生物工程(新工科拔尖班),,,648,
0141,大连理工大学,,电子信息类(创新班)(电子信息工程、计算机科学与技术、自动化、电气工程及其自动化、光电信息科学与工程、生物医学工程),,,668,
0141,大连理工大学,,船舶与海洋工程(新工科拔尖班),,,648,
0141,大连理工大学,,建筑类(新工科拔尖班)(建筑学、城乡规划),,,641,
0141,大连理工大学,,能源与动力工程(创新班),,,653,
0141,大连理工大学,,材料类(新工科拔尖班)(金属材料工程、功能材料、材料成型及控制工程),,,649,
0141,大连理工大学,,应用化学(张大煜化学基础科学拔尖计划班),,,645,
0141,大连理工大学,,化工与制药类(创新班)(化学工程与工艺、制药工程、高分子材料与工程、安全工程),,,643,
0141,大连理工大学,,计算机类(中外合作办学)[软件工程(中外合作办学)、数字媒体技术(中外合作办学)、物联网工程(中外合作办学)],,,622,
0141,大连理工大学,,应用物理学(中外合作办学),,,618,
0141,大连理工大学,,工程力学(中外合作办学),,,621,
0141,大连理工大学,,机械设计制造及其自动化(中外合作办学),,,636,
0141,大连理工大学,,工程力学,,,645,
0141,大连理工大学,,工程力学(创新班),,,661,
0141,大连理工大学,,智能制造工程(创新班),,,663,
0141,大连理工大学,,软件工程,,,646,
0141,大连理工大学,,数学类(数学类及华罗庚拔尖计划班)(数学与应用数学、信息与计算科学),,,645,
0141,大连理工大学,,电子科学与技术,,,652,
0141,大连理工大学,,应用物理学(王大珩物理基础科学拔尖计划班),,,648,
0141,大连理工大学,,智能制造工程,,,644,
0141,大连理工大学,,人工智能(未来技术班),,,666,
0141,大连理工大学,,人工智能(创新班),,,665,
0141,大连理工大学,,少数民族预科班,,,635,
0141,大连理工大学,,智能建造(创新班),,,643,
9141,大连理工大学(盘锦校区),,能源化学工程,,,611,
9141,大连理工大学(盘锦校区),,海洋技术,,,605,
9141,大连理工大学(盘锦校区),,环境生态工程,,,605,
9141,大连理工大学(盘锦校区),,生物科学类(生物信息学、生物科学),,,615,
9141,大连理工大学(盘锦校区),,药学,,,608,
9141,大连理工大学(盘锦校区),,过程装备与控制工程(中外合作办学),,,600,
9141,大连理工大学(盘锦校区),,应用化学(中外合作办学),,,596,
9141,大连理工大学(盘锦校区),,数理基础科学(中外合作办学),,,603,
9141,大连理工大学(盘锦校区),,经济学类(电子商务、经济学),,,611,
3198,大连理工大学城市学院,,计算机科学与技术,,,445,
3198,大连理工大学城市学院,,软件工程,,,438,
3198,大连理工大学城市学院,,网络工程,,,433,
3198,大连理工大学城市学院,,数字媒体技术,,,430,
3198,大连理工大学城市学院,,数据科学与大数据技术,,,433,
3198,大连理工大学城市学院,,虚拟现实技术,,,415,
3198,大连理工大学城市学院,,电气工程及其自动化,,,449,
3198,大连理工大学城市学院,,电子信息工程,,,429,
3198,大连理工大学城市学院,,通信工程,,,424,
3198,大连理工大学城市学院,,自动化,,,435,
3198,大连理工大学城市学院,,物联网工程,,,426,
3198,大连理工大学城市学院,,信息管理与信息系统,,,422,
3198,大连理工大学城市学院,,大数据管理与应用,,,438,
3198,大连理工大学城市学院,,工商管理,,,429,
3198,大连理工大学城市学院,,市场营销,,,416,
3198,大连理工大学城市学院,,物流管理,,,433,
3198,大连理工大学城市学院,,跨境电子商务,,,439,
3198,大连理工大学城市学院,,土木工程,,,407,
3198,大连理工大学城市学院,,测绘工程,,,407,
3198,大连理工大学城市学院,,地理空间信息工程,,,401,
3198,大连理工大学城市学院,,建筑学,,,430,
3198,大连理工大学城市学院,,风景园林,,,422,
3198,大连理工大学城市学院,,工程造价,,,423,
3198,大连理工大学城市学院,,英语,,,435,
3198,大连理工大学城市学院,,日语,,,417,
3198,大连理工大学城市学院,,广播电视学,,,415,
3198,大连理工大学城市学院,,网络与新媒体,,,448,
2026,大连民族大学,,经济学,,,540,
2026,大连民族大学,,市场营销,,,504,
2026,大连民族大学,,工商管理,,,530,
2026,大连民族大学,,行政管理,,,517,
2026,大连民族大学,,人力资源管理,,,519,
2026,大连民族大学,,机械设计制造及其自动化,,,540,
2026,大连民族大学,,自动化,,,537,
2026,大连民族大学,,车辆工程,,,523,
2026,大连民族大学,,机器人工程,,,549,
2026,大连民族大学,,智能制造工程,,,534,
2026,大连民族大学,,生物工程,,,492,
2026,大连民族大学,,食品科学与工程,,,513,
2026,大连民族大学,,食品质量与安全,,,513,
2026,大连民族大学,,化学工程与工艺,,,507,
2026,大连民族大学,,应用化学,,,516,
2026,大连民族大学,,制药工程,,,523,
2026,大连民族大学,,英语,,,536,
2026,大连民族大学,,日语,,,521,
2026,大连民族大学,,朝鲜语,,,485,
2026,大连民族大学,,计算机科学与技术,,,582,
2026,大连民族大学,,网络工程,,,561,
2026,大连民族大学,,软件工程,,,569,
2026,大连民族大学,,人工智能,,,555,
2026,大连民族大学,,工业设计,,,551,
2026,大连民族大学,,土木工程,,,471,
2026,大连民族大学,,工程管理,,,491,
2026,大连民族大学,,建筑环境与能源应用工程,,,477,
2026,大连民族大学,,法学,,,559,
2026,大连民族大学,,新闻学,,,532,
2026,大连民族大学,,数学与应用数学,,,529,
2026,大连民族大学,,信息与计算科学,,,538,
2026,大连民族大学,,统计学,,,530,
2026,大连民族大学,,区块链工程,,,538,
2026,大连民族大学,,国际经济与贸易,,,536,
2026,大连民族大学,,会计学,,,574,
2026,大连民族大学,,财务管理,,,558,
2026,大连民族大学,,国际商务,,,516,
2026,大连民族大学,,电子信息工程,,,565,
2026,大连民族大学,,通信工程,,,550,
2026,大连民族大学,,物联网工程,,,544,
2026,大连民族大学,,生物技术,,,503,
2026,大连民族大学,,环境工程,,,479,
2026,大连民族大学,,环境科学,,,473,
2026,大连民族大学,,光电信息科学与工程,,,535,
2026,大连民族大学,,功能材料,,,489,
2026,大连民族大学,,建筑学,,,510,
2026,大连民族大学,,少数民族预科班,,,485,
0172,大连外国语大学,,日语,,,507,
0172,大连外国语大学,,英语,,,553,
0172,大连外国语大学,,翻译,,,512,
0172,大连外国语大学,,商务英语,,,545,
0172,大连外国语大学,,俄语,,,513,
0172,大连外国语大学,,意大利语,,,511,
0172,大连外国语大学,,阿拉伯语,,,495,
0172,大连外国语大学,,法语,,,518,
0172,大连外国语大学,,德语,,,520,
0172,大连外国语大学,,西班牙语,,,584,
0172,大连外国语大学,,葡萄牙语,,,511,
0172,大连外国语大学,,朝鲜语,,,492,
0172,大连外国语大学,,泰语,,,481,
0172,大连外国语大学,,捷克语,,,492,
0172,大连外国语大学,,西班牙语(中外合作办学),,,497,
0172,大连外国语大学,,国际事务与国际关系,,,509,
0172,大连外国语大学,,国际经济与贸易,,,556,
0172,大连外国语大学,,财务管理,,,560,
0172,大连外国语大学,,旅游管理,,,490,
0172,大连外国语大学,,汉语国际教育,,,540,
0172,大连外国语大学,,汉语言文学,,,584,
0172,大连外国语大学,,新闻学,,,539,
0172,大连外国语大学,,经济学,,,537,
0172,大连外国语大学,,外交学,,,509,
0172,大连外国语大学,,国际新闻与传播,,,512,
0172,大连外国语大学,,跨境电子商务,,,518,
0172,大连外国语大学,,数字经济,,,520,
0172,大连外国语大学,,计算机科学与技术,,,515,
0172,大连外国语大学,,软件工程,,,488,
0172,大连外国语大学,,网络工程,,,483,
0172,大连外国语大学,,信息管理与信息系统,,,472,
0172,大连外国语大学,,大数据管理与应用,,,527,
0161,大连医科大学,,中西医临床医学(岐黄班),,,621,
0161,大连医科大学,,基础医学(其震班),,,599,
0161,大连医科大学,,临床医学(5+3一体化),,,626,
0161,大连医科大学,,"临床医学(5+3一体化,儿科学)",,,617,
0161,大连医科大学,,临床医学,,,598,
0161,大连医科大学,,麻醉学,,,610,
0161,大连医科大学,,医学影像学,,,603,
0161,大连医科大学,,眼视光医学,,,607,
0161,大连医科大学,,精神医学,,,586,
0161,大连医科大学,,基础医学,,,545,
0161,大连医科大学,,口腔医学,,,616,
0161,大连医科大学,,预防医学,,,544,
0161,大连医科大学,,中西医临床医学,,,577,
0161,大连医科大学,,针灸推拿学,,,560,
0161,大连医科大学,,中医康复学,,,538,
0161,大连医科大学,,药学,,,574,
0161,大连医科大学,,临床药学,,,552,
0161,大连医科大学,,医学检验技术,,,555,
0161,大连医科大学,,医学影像技术,,,554,
0161,大连医科大学,,康复治疗学,,,536,
0161,大连医科大学,,卫生检验与检疫,,,540,
0161,大连医科大学,,生物技术,,,536,
0161,大连医科大学,,生物医学工程,,,545,
0161,大连医科大学,,生物制药,,,549,
0161,大连医科大学,,应用心理学,,,536,
0161,大连医科大学,,法学,,,570,
0161,大连医科大学,,公共事业管理,,,516,
0161,大连医科大学,,护理学,,,528,
0161,大连医科大学,,助产学,,,518,
0161,大连医科大学,,护理学(辽宁省高校专项计划),,,507,
3212,大连医科大学中山学院,,护理学,,,444,
3212,大连医科大学中山学院,,助产学,,,444,
3212,大连医科大学中山学院,,针灸推拿学,,,445,
3212,大连医科大学中山学院,,康复治疗学,,,433,
3212,大连医科大学中山学院,,康复物理治疗,,,429,
3212,大连医科大学中山学院,,运动康复,,,439,
3212,大连医科大学中山学院,,医学影像技术,,,444,
3212,大连医科大学中山学院,,医学检验技术,,,464,
3212,大连医科大学中山学院,,临床医学,,,497,
3212,大连医科大学中山学院,,口腔医学,,,513,
3212,大连医科大学中山学院,,药事管理,,,423,
3212,大连医科大学中山学院,,中药学,,,441,
3212,大连医科大学中山学院,,公共事业管理,,,423,
3212,大连医科大学中山学院,,劳动与社会保障,,,412,
3212,大连医科大学中山学院,,健康服务与管理,,,420,
3212,大连医科大学中山学院,,计算机科学与技术,,,441,
3212,大连医科大学中山学院,,数字媒体技术,,,428,
3212,大连医科大学中山学院,,新媒体技术,,,420,
3212,大连医科大学中山学院,,医学信息工程,,,438,
3212,大连医科大学中山学院,,智能医学工程,,,424,
3599,大连艺术学院,,艺术教育,,,385,
3599,大连艺术学院,,日语,,,395,
3599,大连艺术学院,,网络与新媒体,,,406,
3599,大连艺术学院,,园艺,,,388,
3599,大连艺术学院,,文化产业管理,,,389,
3599,大连艺术学院,,电子商务,,,396,
3599,大连艺术学院,,跨境电子商务,,,392,
3599,大连艺术学院,,旅游管理,,,392,
0235,大庆师范学院,,经济与金融,,,480,
0235,大庆师范学院,,法学,,,526,
0235,大庆师范学院,,化学(师范类),,,492,
0235,大庆师范学院,,应用化学,,,459,
0235,大庆师范学院,,油气储运工程,,,476,
0235,大庆师范学院,,计算机科学与技术(师范类),,,503,
0235,大庆师范学院,,软件工程,,,484,
0235,大庆师范学院,,网络工程,,,479,
0235,大庆师范学院,,生物制药,,,477,
0235,大庆师范学院,,俄语,,,468,
0235,大庆师范学院,,日语,,,466,
0235,大庆师范学院,,物理学(师范类),,,497,
0448,德州学院,,护理学,,,504,
3326,滇池学院,,通信工程,,,418,
3326,滇池学院,,计算机科学与技术,,,427,
3326,滇池学院,,数据科学与大数据技术,,,430,
3326,滇池学院,,工程造价,,,420,
3326,滇池学院,,金融学,,,403,
4623,滇西应用技术大学,,市场营销,,,459,
4623,滇西应用技术大学,,酒店管理,,,456,
4623,滇西应用技术大学,,跨境电子商务,,,458,
4623,滇西应用技术大学,,会计学,,,495,
4623,滇西应用技术大学,,健康服务与管理,,,466,
4623,滇西应用技术大学,,地理空间信息工程,,,454,
4623,滇西应用技术大学,,测绘工程,,,453,
4623,滇西应用技术大学,,计算机科学与技术,,,485,
0614,电子科技大学,,电子信息类(信息与通信)(通信工程、电子信息工程、网络工程、物联网工程、信息对抗技术),,,673,
0614,电子科技大学,,工科试验班(电子工程类)(电子科学与技术、电磁场与无线技术),,,672,
0614,电子科技大学,,计算机类(计算机科学与技术、人工智能、数据科学与大数据技术、网络空间安全),,,673,
0614,电子科技大学,,集成电路设计与集成系统(国家示范性微电子学院),,,672,
0614,电子科技大学,,物联网工程(互联网交叉复合型精英人才双学位培养计划),,,672,
0614,电子科技大学,,计算机科学与技术(互联网交叉复合型精英人才双学位培养计划),,,673,
0614,电子科技大学,,工科试验班(机器人、电气信息、智能制造)(机器人工程、电气工程及其自动化、机械设计制造及其自动化、智能电网信息工程、工业工程),,,671,
0614,电子科技大学,,电子信息类(光电集成与光网络)(光电信息科学与工程、信息工程),,,672,
0614,电子科技大学,,电子信息类(智能仪器、智能控制)(自动化、测控技术与仪器),,,669,
9614,电子科技大学(沙河校区),,电子信息类(中外合作办学)(电子信息)(电子信息工程),,,664,
9614,电子科技大学(沙河校区),,电子信息类(中外合作办学)(通信、微电子)(通信工程、微电子科学与工程),,,660,
9614,电子科技大学(沙河校区),,软件工程(国家示范性软件学院),,,667,
3665,电子科技大学成都学院,,电子信息工程,,,455,
3665,电子科技大学成都学院,,机器人工程,,,449,
3665,电子科技大学成都学院,,计算机科学与技术,,,457,
3665,电子科技大学成都学院,,软件工程,,,465,
3665,电子科技大学成都学院,,网络工程,,,450,
3665,电子科技大学成都学院,,智能科学与技术,,,454,
3665,电子科技大学成都学院,,飞行器制造工程,,,449,
0173,东北财经大学,,经济学,,,610,
0173,东北财经大学,,经济学(拔尖学生培养基地班),,,612,
0173,东北财经大学,,经济统计学,,,594,
0173,东北财经大学,,数字经济,,,587,
0173,东北财经大学,,财政学类(财政学、税收学),,,603,
0173,东北财经大学,,金融学类(金融学、投资学),,,589,
0173,东北财经大学,,金融工程,,,589,
0173,东北财经大学,,保险学,,,584,
0173,东北财经大学,,金融数学,,,595,
0173,东北财经大学,,金融科技,,,578,
0173,东北财经大学,,国际经济与贸易,,,581,
0173,东北财经大学,,法学,,,608,
0173,东北财经大学,,统计学,,,609,
0173,东北财经大学,,应用统计学,,,610,
0173,东北财经大学,,人工智能,,,595,
0173,东北财经大学,,数据科学与大数据技术,,,602,
0173,东北财经大学,,管理科学,,,573,
0173,东北财经大学,,信息管理与信息系统,,,578,
0173,东北财经大学,,大数据管理与应用,,,582,
0173,东北财经大学,,管理科学与工程类(工程管理、房地产开发与管理),,,562,
0173,东北财经大学,,工商管理,,,581,
0173,东北财经大学,,市场营销,,,577,
0173,东北财经大学,,人力资源管理,,,577,
0173,东北财经大学,,会计学(注册会计师方向),,,622,
0173,东北财经大学,,会计学(国际会计方向),,,616,
0173,东北财经大学,,财务管理,,,611,
0173,东北财经大学,,审计学,,,612,
0173,东北财经大学,,资产评估,,,604,
0173,东北财经大学,,物流管理,,,577,
0173,东北财经大学,,电子商务,,,589,
0173,东北财经大学,,金融学(国际商学院专业),,,561,
0173,东北财经大学,,会计学(国际商学院专业),,,586,
0173,东北财经大学,,工商管理(中外合作办学),,,552,
0173,东北财经大学,,财务管理(中外合作办学),,,575,
0173,东北财经大学,,经济学(中外合作办学),,,573,
0173,东北财经大学,,金融学(中外合作办学),,,555,
0173,东北财经大学,,会计学(中外合作办学),,,580,
0173,东北财经大学,,会计学(中外合作办学),,,579,
0173,东北财经大学,,经济学(辽宁省高校专项计划),,,596,
0173,东北财经大学,,经济统计学(辽宁省高校专项计划),,,589,
0173,东北财经大学,,金融学类(金融学、投资学)(辽宁省高校专项计划),,,586,
0173,东北财经大学,,保险学(辽宁省高校专项计划),,,533,
0173,东北财经大学,,金融科技(辽宁省高校专项计划),,,573,
0173,东北财经大学,,数据科学与大数据技术(辽宁省高校专项计划),,,599,
0173,东北财经大学,,管理科学(辽宁省高校专项计划),,,576,
0173,东北财经大学,,信息管理与信息系统(辽宁省高校专项计划),,,580,
0173,东北财经大学,,管理科学与工程类(工程管理、房地产开发与管理)(辽宁省高校专项计划),,,548,
0173,东北财经大学,,工商管理(辽宁省高校专项计划),,,598,
0173,东北财经大学,,物流管理(辽宁省高校专项计划),,,527,
0145,东北大学,,机械类(机械工程、过程装备与控制工程、车辆工程、工业设计),,,634,
0145,东北大学,,智能制造工程,,,635,
0145,东北大学,,自动化类(自动化、电气工程及其自动化、测控技术与仪器、电子科学与技术、工业智能),,,640,
0145,东北大学,,计算机科学与技术,,,644,
0145,东北大学,,电子信息类(电子信息工程、通信工程),,,638,
0145,东北大学,,人工智能,,,642,
0145,东北大学,,计算机类(软件工程、信息安全、数字媒体技术),,,636,
0145,东北大学,,机器人工程,,,643,
0145,东北大学,,少数民族预科班,,,623,
0145,东北大学,,经济管理试验班(工商管理、市场营销、会计学、工业工程、信息管理与信息系统、金融学、经济学),,,632,
0145,东北大学,,数学类(数学与应用数学、信息与计算科学),,,634,
0145,东北大学,,材料类(材料科学与工程、材料成型及控制工程、材料物理),,,633,
0145,东北大学,,物联网工程,,,641,
0145,东北大学,,人工智能(未来技术学院),,,644,
9145,东北大学秦皇岛分校,,经济学类(经济学、金融学、国际经济与贸易),,,614,
9145,东北大学秦皇岛分校,,外国语言文学类(英语、日语),,,605,
9145,东北大学秦皇岛分校,,数学类(数学与应用数学、应用统计学、数据科学与大数据技术),,,632,
9145,东北大学秦皇岛分校,,机械类(机械工程、车辆工程),,,631,
9145,东北大学秦皇岛分校,,材料类(材料成型及控制工程、材料科学与工程、冶金工程、资源勘查工程、环境工程),,,622,
9145,东北大学秦皇岛分校,,电子信息工程,,,634,
9145,东北大学秦皇岛分校,,通信工程,,,633,
9145,东北大学秦皇岛分校,,自动化类(电气工程及其自动化、自动化),,,634,
9145,东北大学秦皇岛分校,,仪器类(智能光电感知)(测控技术与仪器、光电信息科学与工程),,,629,
9145,东北大学秦皇岛分校,,计算机科学与技术,,,634,
9145,东北大学秦皇岛分校,,物联网工程,,,633,
9145,东北大学秦皇岛分校,,工商管理类(工商管理、会计学、健康服务与管理),,,611,
9145,东北大学秦皇岛分校,,信息管理与信息系统,,,630,
9145,东北大学秦皇岛分校,,电子商务,,,609,
9145,东北大学秦皇岛分校,,计算机科学与技术(中外合作办学),,,622,
9145,东北大学秦皇岛分校,,通信工程(中外合作办学),,,618,
9145,东北大学秦皇岛分校,,应用统计学(中外合作办学),,,610,
9145,东北大学秦皇岛分校,,数学与应用数学(中外合作办学),,,601,
0188,东北电力大学,,电气工程及其自动化,,,632,
0188,东北电力大学,,电气工程及其自动化(中外合作办学),,,614,
0188,东北电力大学,,电子信息工程,,,622,
0188,东北电力大学,,智能电网信息工程,,,627,
0188,东北电力大学,,通信工程,,,607,
0188,东北电力大学,,能源与动力工程,,,601,
0188,东北电力大学,,储能科学与工程,,,601,
0188,东北电力大学,,核工程与核技术,,,616,
0188,东北电力大学,,新能源科学与工程,,,617,
0188,东北电力大学,,自动化,,,609,
0188,东北电力大学,,测控技术与仪器,,,590,
0188,东北电力大学,,应用化学,,,559,
0188,东北电力大学,,环境工程,,,554,
0188,东北电力大学,,会计学,,,592,
0188,东北电力大学,,金融工程,,,558,
0188,东北电力大学,,土木工程,,,542,
0188,东北电力大学,,土木工程(中外合作办学),,,474,
0188,东北电力大学,,计算机科学与技术,,,614,
0188,东北电力大学,,智能科学与技术,,,604,
0188,东北电力大学,,软件工程,,,600,
0188,东北电力大学,,机械设计制造及其自动化,,,594,
0188,东北电力大学,,机械电子工程,,,592,
0188,东北电力大学,,数学与应用数学,,,586,
0188,东北电力大学,,新能源材料与器件,,,598,
0188,东北电力大学,,统计学,,,585,
0188,东北电力大学,,广播电视编导,,,527,
0225,东北林业大学,,林学类(林学、森林保护),,,586,
0225,东北林业大学,,环境科学,,,562,
0225,东北林业大学,,地理信息科学,,,583,
0225,东北林业大学,,生态学,,,576,
0225,东北林业大学,,木材科学与工程,,,564,
0225,东北林业大学,,林产化工,,,575,
0225,东北林业大学,,材料类(材料化学、高分子材料与工程),,,578,
0225,东北林业大学,,野生动物与自然保护区管理,,,568,
0225,东北林业大学,,动物医学,,,595,
0225,东北林业大学,,机械设计制造及其自动化,,,601,
0225,东北林业大学,,机械电子工程,,,600,
0225,东北林业大学,,机器人工程,,,603,
0225,东北林业大学,,车辆工程,,,599,
0225,东北林业大学,,农林智能装备工程,,,589,
0225,东北林业大学,,计算机类(计算机科学与技术、软件工程),,,608,
0225,东北林业大学,,数据科学与大数据技术,,,605,
0225,东北林业大学,,人工智能,,,604,
0225,东北林业大学,,电子信息类(电子信息工程、通信工程),,,605,
0225,东北林业大学,,电气类(电气工程及其自动化、自动化),,,604,
0225,东北林业大学,,生物科学类[生物科学(国家理科基础科学研究和教学人才培养基地)、生物技术(国家生命科学与技术人才培养基地)、生物技术],,,581,
0225,东北林业大学,,食品科学与工程,,,581,
0225,东北林业大学,,园林,,,572,
0225,东北林业大学,,风景园林,,,577,
0225,东北林业大学,,城乡规划,,,566,
0225,东北林业大学,,土木工程,,,559,
0225,东北林业大学,,建筑环境与能源应用工程,,,574,
0225,东北林业大学,,工程管理,,,567,
0225,东北林业大学,,交通运输类(交通运输、交通工程),,,593,
0225,东北林业大学,,智能建造与智慧交通,,,581,
0225,东北林业大学,,数学与应用数学,,,596,
0225,东北林业大学,,信息与计算科学,,,599,
0225,东北林业大学,,物理学,,,587,
0225,东北林业大学,,化学类(化学、应用化学),,,568,
0225,东北林业大学,,化学工程与工艺,,,575,
0225,东北林业大学,,工商管理类(工商管理、市场营销、会计学、农林经济管理),,,575,
0225,东北林业大学,,经济学类(经济统计学、国际经济与贸易),,,580,
0225,东北林业大学,,法学,,,605,
0225,东北林业大学,,英语,,,587,
0225,东北林业大学,,日语,,,553,
0225,东北林业大学,,工业设计,,,587,
0225,东北林业大学,,林学类(成栋实验班)(林学、森林保护),,,599,
0225,东北林业大学,,林业工程类(成栋班)(木材科学与工程、林产化工),,,599,
0225,东北林业大学,,生物科学(拔尖人才成栋班),,,613,
0225,东北林业大学,,计算机科学与技术(中外合作办学),,,587,
0225,东北林业大学,,生物技术(中外合作办学),,,545,
0225,东北林业大学,,化学(中外合作办学),,,531,
0225,东北林业大学,,工程管理(中外合作办学),,,522,
0224,东北农业大学,,植物生产类(1)(农学、种子科学与工程),,,575,
0224,东北农业大学,,农学(拔尖人才培养班),,,612,
0224,东北农业大学,,智慧农业,,,584,
0224,东北农业大学,,植物保护,,,567,
0224,东北农业大学,,植物生产类(2)(园艺、设施农业科学与工程),,,572,
0224,东北农业大学,,园艺(拔尖人才培养班),,,599,
0224,东北农业大学,,园林,,,573,
0224,东北农业大学,,风景园林,,,572,
0224,东北农业大学,,环境科学与工程类(环境科学、环境工程),,,565,
0224,东北农业大学,,自然保护与环境生态类(农业资源与环境、应用生物科学),,,557,
0224,东北农业大学,,应用气象学,,,591,
0224,东北农业大学,,动物生产类(动物科学、草业科学、水产养殖学),,,560,
0224,东北农业大学,,动物医学,,,599,
0224,东北农业大学,,机械类(机械设计制造及其自动化、农业机械化及其自动化),,,597,
0224,东北农业大学,,农业机械化及其自动化(拔尖人才培养班),,,610,
0224,东北农业大学,,能源动力类(新能源科学与工程、农业建筑环境与能源工程),,,598,
0224,东北农业大学,,农业智能装备工程,,,586,
0224,东北农业大学,,金融学类(金融学、保险学、国际经济与贸易),,,580,
0224,东北农业大学,,工商管理类(工商管理、会计学、市场营销、人力资源管理),,,584,
0224,东北农业大学,,生物科学类(生物科学、生物技术、生物工程),,,573,
0224,东北农业大学,,制药工程,,,582,
0224,东北农业大学,,食品科学与工程类(食品科学与工程、食品质量与安全、粮食工程、乳品工程、食品营养与健康),,,584,
0224,东北农业大学,,土地资源管理,,,560,
0224,东北农业大学,,人文地理与城乡规划,,,564,
0224,东北农业大学,,水利类(水利水电工程、水文与水资源工程、农业水利工程、土木工程、工程管理),,,573,
0224,东北农业大学,,电气类(电气工程及其自动化、农业电气化),,,603,
0224,东北农业大学,,计算机类(计算机科学与技术、物联网工程、人工智能),,,604,
0224,东北农业大学,,俄语,,,548,
0224,东北农业大学,,统计学,,,595,
0224,东北农业大学,,数据科学与大数据技术,,,602,
0224,东北农业大学,,生物科学(中美121双学位项目),,,520,
0224,东北农业大学,,动物科学(中美121双学位项目),,,491,
0224,东北农业大学,,食品科学与工程(中美121双学位项目),,,530,
0224,东北农业大学,,计算机科学与技术(中美121双学位项目),,,587,
0224,东北农业大学,,金融学(中外合作办学)(中俄合作办学),,,540,
0224,东北农业大学,,国际经济与贸易(中外合作办学)(中俄合作办学),,,538,
0224,东北农业大学,,工商管理(中外合作办学)(中俄合作办学),,,532,
0200,东北师范大学,,广播电视编导,,,589,
0200,东北师范大学,,数字媒体技术(少数民族预科班)(师范类),,,607,
0200,东北师范大学,,心理学(师范类),,,633,
0200,东北师范大学,,化学(师范类),,,652,
0200,东北师范大学,,经济学类(金融学、会计学、人力资源管理、经济学、市场营销),,,614,
0200,东北师范大学,,计算机类[计算机科学与技术、智能科学与技术、图书馆学、教育技术学(师范)],,,635,
0200,东北师范大学,,物理学类[物理学(师范)、电子信息科学与技术、材料物理],,,647,
0200,东北师范大学,,地理科学类[地理科学(师范)、地理信息科学、人文地理与城乡规划],,,638,
0200,东北师范大学,,数学与应用数学(陆家羲试验班)(师范类),,,661,
0200,东北师范大学,,生物科学(郝水试验班)(师范类),,,646,
0200,东北师范大学,,会计学(中外合作办学),,,589,
0200,东北师范大学,,英语(中外合作办学),,,605,
0200,东北师范大学,,计算机科学与技术(中外合作办学),,,606,
0200,东北师范大学,,金融学(中外合作办学),,,574,
0200,东北师范大学,,物流管理(中外合作办学),,,545,
0220,东北石油大学,,建筑学,,,530,
0220,东北石油大学,,安全工程,,,547,
0220,东北石油大学,,测控技术与仪器,,,565,
0220,东北石油大学,,电气工程及其自动化,,,593,
0220,东北石油大学,,电子科学与技术,,,567,
0220,东北石油大学,,电子信息工程,,,582,
0220,东北石油大学,,俄语,,,530,
0220,东北石油大学,,高分子材料与工程,,,554,
0220,东北石油大学,,给排水科学与工程,,,551,
0220,东北石油大学,,工程管理,,,535,
0220,东北石油大学,,工商管理,,,554,
0220,东北石油大学,,人工智能,,,564,
0220,东北石油大学,,过程装备与控制工程,,,579,
0220,东北石油大学,,海洋油气工程,,,574,
0220,东北石油大学,,化学,,,563,
0220,东北石油大学,,化学工程与工艺,,,584,
0220,东北石油大学,,环境工程,,,514,
0220,东北石油大学,,机械设计制造及其自动化,,,591,
0220,东北石油大学,,金属材料工程,,,535,
0220,东北石油大学,,勘查技术与工程,,,533,
0220,东北石油大学,,能源与动力工程,,,564,
0220,东北石油大学,,石油工程,,,580,
0220,东北石油大学,,网络空间安全,,,563,
0220,东北石油大学,,通信工程,,,572,
0220,东北石油大学,,物联网工程,,,568,
0220,东北石油大学,,信息与计算科学,,,551,
0220,东北石油大学,,英语,,,523,
0220,东北石油大学,,应用化学,,,558,
0220,东北石油大学,,应用物理学,,,544,
0220,东北石油大学,,油气储运工程,,,576,
0220,东北石油大学,,资源勘查工程,,,554,
0220,东北石油大学,,自动化,,,587,
0220,东北石油大学,,资源勘查工程(实验班),,,596,
0220,东北石油大学,,计算机类(计算机科学与技术、软件工程),,,573,
0220,东北石油大学,,数据科学与大数据技术,,,556,
0220,东北石油大学,,地质学类(地质学、地球化学),,,528,
0220,东北石油大学,,机械设计制造及其自动化(实验班),,,597,
0220,东北石油大学,,化学工程与工艺(实验班),,,598,
0220,东北石油大学,,石油工程(实验班),,,606,
0220,东北石油大学,,过程装备与控制工程(融创班),,,583,
0220,东北石油大学,,化学工程与工艺(融创班),,,587,
0220,东北石油大学,,应用化学(融创班),,,558,
0220,东北石油大学,,资源勘查工程(中俄能源特色班),,,543,
0220,东北石油大学,,碳储科学与工程,,,571,
0220,东北石油大学,,工程造价,,,540,
0220,东北石油大学,,地球信息科学与技术,,,537,
0220,东北石油大学,,储能科学与工程,,,566,
0220,东北石油大学,,土木工程(智能土木),,,528,
0220,东北石油大学,,土木工程(新一代智慧建筑工程),,,511,
0220,东北石油大学,,土木工程(智慧道桥工程),,,495,
0220,东北石油大学,,建筑环境与能源应用工程(清洁能源技术),,,526,
0255,东华大学,,管理科学与工程类(信息管理与信息系统、电子商务、供应链管理),,,611,
0255,东华大学,,环境工程,,,609,
0255,东华大学,,服装设计与工程,,,599,
0255,东华大学,,纺织工程,,,616,
0255,东华大学,,建筑环境与能源应用工程,,,601,
0255,东华大学,,数据科学与大数据技术,,,630,
0255,东华大学,,智能科学与技术,,,629,
0255,东华大学,,计算机类(软件工程、计算机科学与技术、信息安全),,,631,
0255,东华大学,,人工智能,,,631,
0255,东华大学,,电子信息类(电气工程及其自动化、自动化、通信工程、电子信息工程),,,628,
0255,东华大学,,功能材料,,,617,
0255,东华大学,,材料类(高分子材料与工程、无机非金属材料工程、复合材料与工程),,,613,
0255,东华大学,,工业设计,,,621,
0255,东华大学,,机械工程,,,623,
0255,东华大学,,化学类(轻化工程、应用化学),,,617,
0255,东华大学,,物理学类(集成电路与新能源)(应用物理学、光电信息科学与工程),,,620,
0255,东华大学,,数学类(金融与统计)(数学与应用数学、统计学),,,624,
0255,东华大学,,理科试验班类(数据科学与大数据技术、智能制造工程、信息管理与信息系统、电子商务、软件工程、计算机科学与技术、信息安全、电气工程及其自动化、自动化、通信工程、电子信息工程、建筑环境与能源应用工程、能源与环境系统工程、机械工程、工业设计、数学与应用数学、统计学、应用物理学、光电信息科学与工程、人工智能、供应链管理、智能科学与技术、土木工程),,,631,
0255,东华大学,,经济管理试验班(市场营销、财务管理、会计学、工商管理),,,622,
0405,东华理工大学,,资源勘查工程,,,500,
0405,东华理工大学,,旅游地学与规划工程,,,454,
0405,东华理工大学,,勘查技术与工程,,,507,
0405,东华理工大学,,测控技术与仪器,,,544,
0405,东华理工大学,,材料科学与工程,,,522,
0405,东华理工大学,,核工程类(核工程与核技术、辐射防护与核安全),,,584,
0405,东华理工大学,,工程管理,,,507,
0405,东华理工大学,,生物技术,,,509,
0286,东南大学,,工科试验班(碳中和与智能制造实验班)(电气工程及其自动化、电动载运工程、机器人工程、自动化、智能车辆工程、机械工程、新能源科学与工程、能源与动力工程、建筑环境与能源应用工程、核工程与核技术、环境工程、智能感知工程、测控技术与仪器),,,669,
0286,东南大学,,工科试验班(吴健雄班)[信息工程(等四年制理工科专业)],,,682,
0286,东南大学,,电子信息类(信息工程、海洋信息工程、电子科学与技术),,,677,
0286,东南大学,,计算机类(计算机科学与技术、软件工程、人工智能、网络空间安全),,,675,
0286,东南大学,,理科试验班(数学与应用数学、信息与计算科学、统计学、应用物理学、物理学、工程力学、密码科学与技术),,,669,
0286,东南大学,,集成电路设计与集成系统(后两年在无锡培养),,,677,
0286,东南大学,,生物医学工程(学制七年本硕连读),,,671,
2689,东南大学成贤学院,,机械设计制造及其自动化,,,485,
2689,东南大学成贤学院,,土木工程,,,436,
2689,东南大学成贤学院,,工程造价,,,456,
2689,东南大学成贤学院,,药事管理,,,456,
3844,东莞城市学院,,机械设计制造及其自动化,,,417,
3844,东莞城市学院,,机械电子工程,,,404,
3844,东莞城市学院,,智能制造工程,,,407,
3844,东莞城市学院,,电子信息工程,,,424,
3844,东莞城市学院,,建筑电气与智能化,,,372,
1819,东莞理工学院,,机械设计制造及其自动化(中外合作办学),,,512,
1819,东莞理工学院,,软件工程(中外合作办学),,,518,
0036,对外经济贸易大学,,金融学类[金融学、金融学(国际金融与市场)、经济与金融、投资学、保险学],,,642,
0036,对外经济贸易大学,,经济学类(国际经济与贸易、财政学、税收学),,,650,
0036,对外经济贸易大学,,金融工程(大类招生),,,649,
0036,对外经济贸易大学,,金融工程(量化金融实验班),,,660,
0036,对外经济贸易大学,,会计学(与北邮计算机联合学士学位培养项目),,,652,
0036,对外经济贸易大学,,数据科学与大数据技术(可参加与法学、保险学双学士学位项目选拔),,,645,
0036,对外经济贸易大学,,精算学,,,644,
0036,对外经济贸易大学,,金融数学,,,647,
0036,对外经济贸易大学,,经济统计学,,,646,
1775,防灾科技学院,,地球物理学,,,531,
1775,防灾科技学院,,勘查技术与工程,,,522,
1775,防灾科技学院,,土木工程,,,494,
1775,防灾科技学院,,城市地下空间工程,,,506,
1775,防灾科技学院,,电气工程及其自动化,,,557,
1775,防灾科技学院,,测控技术与仪器,,,518,
1775,防灾科技学院,,通信工程,,,534,
1775,防灾科技学院,,计算机类(计算机科学与技术、网络工程),,,532,
1775,防灾科技学院,,会计学,,,528,
1775,防灾科技学院,,应急技术与管理,,,524,
1775,防灾科技学院,,人工智能,,,533,
1847,佛山大学,,生物工程,,,509,
1847,佛山大学,,环境工程,,,457,
1847,佛山大学,,环境科学,,,457,
1847,佛山大学,,资源循环科学与工程,,,471,
3763,福建江夏学院,,金融学,,,448,
3763,福建江夏学院,,国际经济与贸易,,,447,
0388,福建理工大学,,工商管理,,,486,
0388,福建理工大学,,国际经济与贸易,,,485,
0388,福建理工大学,,互联网金融,,,489,
0388,福建理工大学,,市场营销,,,479,
0388,福建理工大学,,数字经济,,,503,
0388,福建理工大学,,智慧海洋技术,,,491,
0389,福建农林大学,,蜂学,,,484,
0394,福建师范大学,,网络空间安全,,,574,
0394,福建师范大学,,软件工程,,,577,
0394,福建师范大学,,数据科学,,,553,
0394,福建师范大学,,环境工程,,,514,
0394,福建师范大学,,电子信息类(电子信息工程、信息工程、通信工程),,,569,
0394,福建师范大学,,光电信息科学与工程,,,563,
0392,福建医科大学,,临床医学,,,612,
0392,福建医科大学,,护理学,,,556,
0386,福州大学,,储能科学与工程,,,613,
0386,福州大学,,车辆工程,,,618,
0386,福州大学,,化学工程与工艺,,,602,
0386,福州大学,,土木工程,,,592,
0386,福州大学,,安全工程,,,593,
0386,福州大学,,生物医学工程,,,605,
0386,福州大学,,化学,,,611,
0386,福州大学,,可持续能源,,,605,
3470,福州大学至诚学院,,安全工程,,,432,
3470,福州大学至诚学院,,电气工程及其自动化,,,443,
3470,福州大学至诚学院,,化学工程与工艺,,,442,
3470,福州大学至诚学院,,软件工程,,,443,
3470,福州大学至诚学院,,土木工程,,,437,
3762,福州外语外贸学院,,法语,,,420,
3762,福州外语外贸学院,,国际经济与贸易,,,415,
3762,福州外语外贸学院,,物流管理,,,418,
3762,福州外语外贸学院,,会计学,,,435,
3762,福州外语外贸学院,,财务管理,,,435,
3762,福州外语外贸学院,,资产评估,,,407,
3762,福州外语外贸学院,,金融学,,,402,
3762,福州外语外贸学院,,金融工程,,,415,
3762,福州外语外贸学院,,投资学,,,396,
3762,福州外语外贸学院,,人工智能,,,402,
3762,福州外语外贸学院,,数据科学与大数据技术,,,411,
3762,福州外语外贸学院,,大数据管理与应用,,,410,
3762,福州外语外贸学院,,电子商务,,,415,
3762,福州外语外贸学院,,智能建造,,,408,
3762,福州外语外贸学院,,土木工程,,,388,
3762,福州外语外贸学院,,工程造价,,,401,
3762,福州外语外贸学院,,艺术教育(师范类),,,408,
0246,复旦大学,,经济学类(拔尖班)[经济学(数理经济方向拔尖项目)、经济学(国际项目UIPE)、国际经济与贸易(大数据、国际贸易双学位项目)、金融学],,,691,
0246,复旦大学,,理科试验班(相辉学堂相辉计划)(数学与应用数学、物理学、化学、生物科学),,,698,
0246,复旦大学,,工科试验班(新工科微电子班)(微电子科学与工程),,,696,
0246,复旦大学,,工科试验班(新工科电子信息班)[智能科学与技术(智能信息与系统方向)、电子信息科学与技术、通信工程、生物医学工程、光电信息科学与工程],,,694,
0246,复旦大学,,工科试验班(新工科拔尖班)(智能科学与技术、微电子科学与工程、人工智能),,,697,
9246,复旦大学医学院,,"临床医学(8年制,卓越医生计划)",,,695,
9246,复旦大学医学院,,"临床医学(5年制,卓越医生计划)",,,679,
9246,复旦大学医学院,,医学试验班(拔尖学生培养基地)(预防医学、药学、公共事业管理),,,674,
1561,甘肃民族师范学院,,数学与应用数学(师范类),,,471,
1561,甘肃民族师范学院,,地理科学(师范类),,,491,
1561,甘肃民族师范学院,,化学(师范类),,,482,
1561,甘肃民族师范学院,,生物科学(师范类),,,465,
1561,甘肃民族师范学院,,财务管理,,,485,
1561,甘肃民族师范学院,,计算机科学与技术(师范类),,,469,
0733,甘肃农业大学,,动物科学,,,467,
0733,甘肃农业大学,,生物工程,,,459,
0733,甘肃农业大学,,园艺,,,459,
0733,甘肃农业大学,,设施农业科学与工程,,,454,
1406,甘肃政法大学,,人工智能,,,540,
1406,甘肃政法大学,,法学,,,581,
1406,甘肃政法大学,,数据科学与大数据技术,,,535,
3432,赣东学院,,测绘工程,,,459,
3432,赣东学院,,土木工程,,,451,
3432,赣东学院,,计算机科学与技术,,,472,
3432,赣东学院,,网络工程,,,469,
3432,赣东学院,,大数据管理与应用,,,484,
3432,赣东学院,,英语,,,470,
3434,赣南科技学院,,数据科学与大数据技术,,,470,
3434,赣南科技学院,,数字经济,,,465,
3434,赣南科技学院,,冶金工程,,,452,
3434,赣南科技学院,,土木工程,,,450,
0418,赣南师范大学,,数学与应用数学(师范类),,,574,
0418,赣南师范大学,,生物科学(师范类),,,536,
0418,赣南师范大学,,电子信息工程,,,495,
0413,赣南医科大学,,临床医学,,,557,
0413,赣南医科大学,,预防医学,,,488,
0413,赣南医科大学,,制药工程,,,496,
0413,赣南医科大学,,食品卫生与营养学,,,473,
0413,赣南医科大学,,生物医学工程(医学电子方向),,,477,
0592,广东财经大学,,电子商务(大数据决策分析),,,551,
0592,广东财经大学,,金融学,,,579,
2574,广东东软学院,,软件工程,,,414,
2574,广东东软学院,,网络工程,,,399,
2574,广东东软学院,,大数据管理与应用,,,410,
2574,广东东软学院,,软件工程(中外合作办学),,,375,
1845,广东工业大学,,应用化学,,,556,
1845,广东工业大学,,土木工程,,,546,
1845,广东工业大学,,能源动力类(能源与动力工程、新能源科学与工程),,,600,
1845,广东工业大学,,建筑学,,,536,
1845,广东工业大学,,管理科学与工程类(大数据管理与应用、信息管理与信息系统、房地产开发与管理),,,577,
0566,广东海洋大学,,电子信息工程(中外合作办学),,,495,
0566,广东海洋大学,,船舶与海洋工程(中外合作办学),,,474,
1540,广东金融学院,,金融学,,,549,
1540,广东金融学院,,会计学,,,578,
1540,广东金融学院,,数据科学与大数据技术,,,568,
3720,广东理工学院,,工程造价,,,409,
3720,广东理工学院,,电气工程及其自动化,,,442,
3720,广东理工学院,,计算机科学与技术,,,413,
3720,广东理工学院,,机械电子工程,,,413,
1656,广东石油化工学院,,化学工程与工艺(卓越班),,,510,
1656,广东石油化工学院,,油气储运工程,,,501,
1656,广东石油化工学院,,石油工程,,,498,
1656,广东石油化工学院,,资源勘查工程,,,487,
1656,广东石油化工学院,,环保设备工程,,,471,
1656,广东石油化工学院,,过程装备与控制工程,,,477,
1656,广东石油化工学院,,电气工程及其自动化(卓越班),,,532,
2620,广东外语外贸大学南国商学院,,计算机科学与技术,,,422,
0573,广东药科大学,,预防医学,,,529,
0573,广东药科大学,,药学,,,557,
0573,广东药科大学,,药物制剂,,,548,
0573,广东药科大学,,海洋药学,,,507,
0573,广东药科大学,,中药学,,,531,
0573,广东药科大学,,中药制药,,,538,
0571,广东医科大学,,临床医学,,,600,
0571,广东医科大学,,儿科学,,,588,
0571,广东医科大学,,麻醉学,,,596,
0571,广东医科大学,,医学影像学,,,592,
0571,广东医科大学,,口腔医学,,,615,
0571,广东医科大学,,康复治疗学,,,527,
0571,广东医科大学,,法医学,,,570,
0571,广东医科大学,,预防医学,,,537,
1548,广西财经学院,,财政学,,,504,
0593,广西大学,,机械电子工程,,,591,
0593,广西大学,,电气工程及其自动化,,,615,
0593,广西大学,,自动化,,,605,
0593,广西大学,,土木工程,,,539,
0593,广西大学,,计算机科学与技术,,,612,
0593,广西大学,,电子信息类(电子信息工程、通信工程),,,601,
0593,广西大学,,工商管理,,,549,
0594,广西科技大学,,车辆工程,,,480,
0594,广西科技大学,,电气工程及其自动化,,,509,
0594,广西科技大学,,机器人工程,,,479,
0594,广西科技大学,,土木工程,,,452,
0594,广西科技大学,,化学工程与工艺,,,461,
0594,广西科技大学,,工程管理,,,466,
0594,广西科技大学,,软件工程(中外合作办学),,,440,
0594,广西科技大学,,机械工程(中外合作办学),,,440,
1546,广西科技师范学院,,汽车服务工程,,,441,
1546,广西科技师范学院,,智能车辆工程,,,453,
1546,广西科技师范学院,,电气工程及其自动化,,,495,
1546,广西科技师范学院,,计算机科学与技术,,,472,
1546,广西科技师范学院,,软件工程,,,474,
1546,广西科技师范学院,,数据科学与大数据技术,,,467,
1546,广西科技师范学院,,财务管理,,,485,
0608,广西民族大学,,工商管理,,,487,
0608,广西民族大学,,物理学(师范类),,,510,
0608,广西民族大学,,信息安全,,,495,
0608,广西民族大学,,化学,,,496,
0608,广西民族大学,,海洋科学,,,458,
0608,广西民族大学,,生物技术,,,507,
0602,广西师范大学,,政治学与行政学,,,517,
0602,广西师范大学,,翻译,,,486,
0602,广西师范大学,,翻译(中外高水平大学学生交流计划),,,423,
0602,广西师范大学,,数学与应用数学(师范类),,,582,
0602,广西师范大学,,化学(师范类),,,562,
0602,广西师范大学,,生物技术,,,511,
0602,广西师范大学,,生物技术(中外高水平大学学生交流计划),,,467,
3830,广西外国语学院,,英语,,,410,
3830,广西外国语学院,,法语,,,428,
3830,广西外国语学院,,翻译,,,409,
3830,广西外国语学院,,商务英语,,,432,
3830,广西外国语学院,,泰语,,,397,
3830,广西外国语学院,,越南语,,,423,
3830,广西外国语学院,,柬埔寨语,,,391,
3830,广西外国语学院,,国际经济与贸易,,,406,
3830,广西外国语学院,,金融工程,,,402,
3830,广西外国语学院,,经济与金融,,,398,
3830,广西外国语学院,,跨境电子商务,,,405,
3830,广西外国语学院,,金融科技,,,390,
3830,广西外国语学院,,行政管理,,,426,
3830,广西外国语学院,,人力资源管理,,,434,
3830,广西外国语学院,,财务管理,,,410,
3830,广西外国语学院,,软件工程,,,412,
3830,广西外国语学院,,人工智能,,,422,
3830,广西外国语学院,,计算机科学与技术,,,428,
3830,广西外国语学院,,学前教育,,,408,
0598,广西医科大学,,临床医学(5+3一体化),,,621,
0598,广西医科大学,,临床医学,,,603,
0598,广西医科大学,,预防医学,,,510,
0600,广西中医药大学,,中医学,,,543,
0600,广西中医药大学,,针灸推拿学,,,529,
0600,广西中医药大学,,临床医学,,,554,
0600,广西中医药大学,,中药学,,,500,
0600,广西中医药大学,,药学,,,523,
0600,广西中医药大学,,护理学,,,506,
3643,广西中医药大学赛恩斯新医药学院,,中医学,,,453,
3643,广西中医药大学赛恩斯新医药学院,,针灸推拿学,,,457,
3643,广西中医药大学赛恩斯新医药学院,,护理学,,,470,
3643,广西中医药大学赛恩斯新医药学院,,药学,,,447,
3643,广西中医药大学赛恩斯新医药学院,,中药学,,,441,
3643,广西中医药大学赛恩斯新医药学院,,医学影像技术,,,447,
3643,广西中医药大学赛恩斯新医药学院,,康复治疗学,,,443,
2617,广州城市理工学院,,车辆工程,,,401,
2617,广州城市理工学院,,新能源汽车工程,,,427,
2617,广州城市理工学院,,智能车辆工程,,,401,
2617,广州城市理工学院,,机械工程,,,426,
2617,广州城市理工学院,,机械电子工程,,,421,
2617,广州城市理工学院,,机器人工程,,,416,
2617,广州城市理工学院,,自动化,,,430,
2617,广州城市理工学院,,通信工程,,,421,
2617,广州城市理工学院,,人工智能,,,426,
2617,广州城市理工学院,,电气工程及其自动化,,,440,
2617,广州城市理工学院,,新能源科学与工程,,,416,
2617,广州城市理工学院,,土木工程,,,400,
2617,广州城市理工学院,,物流工程,,,413,
2617,广州城市理工学院,,建筑学,,,396,
2617,广州城市理工学院,,风景园林,,,408,
2617,广州城市理工学院,,工商管理,,,421,
2617,广州城市理工学院,,人力资源管理,,,412,
2617,广州城市理工学院,,大数据管理与应用,,,418,
2617,广州城市理工学院,,经济统计学,,,415,
2617,广州城市理工学院,,经济学,,,431,
2617,广州城市理工学院,,会计学(注册会计师双语班),,,452,
2617,广州城市理工学院,,投资学,,,410,
1078,广州大学,,工程管理,,,562,
1078,广州大学,,信息与计算科学,,,594,
1078,广州大学,,智能制造工程,,,592,
1078,广州大学,,物联网工程,,,593,
1078,广州大学,,人工智能,,,598,
1078,广州大学,,土木工程,,,522,
1078,广州大学,,环境科学,,,518,
3714,广州工商学院,,数据科学与大数据技术(中外合作办学),,,383,
3714,广州工商学院,,软件工程(中外合作办学),,,380,
3714,广州工商学院,,通信工程(中外合作办学),,,381,
3656,广州华立学院,,电气工程及其自动化,,,420,
3656,广州华立学院,,计算机科学与技术,,,425,
3656,广州华立学院,,工程管理,,,403,
2619,广州南方学院,,工商管理,,,438,
2619,广州南方学院,,英语,,,427,
2619,广州南方学院,,法语,,,438,
2619,广州南方学院,,翻译,,,389,
2619,广州南方学院,,计算机科学与技术,,,431,
2619,广州南方学院,,软件工程,,,453,
2619,广州南方学院,,护理学,,,418,
2619,广州南方学院,,会计学,,,418,
2619,广州南方学院,,数据科学与大数据技术(中外合作办学),,,410,
2618,广州软件学院,,软件工程,,,438,
2618,广州软件学院,,网络工程,,,421,
2618,广州软件学院,,自动化,,,406,
2618,广州软件学院,,电子信息工程,,,415,
2618,广州软件学院,,计算机科学与技术,,,419,
2618,广州软件学院,,物联网工程,,,426,
3902,广州新华学院,,法学,,,459,
3902,广州新华学院,,商务英语,,,394,
3902,广州新华学院,,市场营销,,,425,
3902,广州新华学院,,财务管理,,,436,
3902,广州新华学院,,经济统计学,,,421,
3902,广州新华学院,,金融工程,,,405,
3902,广州新华学院,,数字媒体技术,,,421,
3902,广州新华学院,,电子信息科学与技术,,,414,
3902,广州新华学院,,软件工程,,,420,
3902,广州新华学院,,计算机科学与技术,,,418,
3902,广州新华学院,,护理学,,,428,
3902,广州新华学院,,药学,,,412,
3902,广州新华学院,,健康服务与管理,,,406,
3902,广州新华学院,,工商管理(创新班),,,411,
3902,广州新华学院,,数据科学与大数据技术,,,412,
0572,广州中医药大学,,中医学(5+3一体化),,,644,
0572,广州中医药大学,,中医学,,,619,
0572,广州中医药大学,,临床医学,,,607,
0572,广州中医药大学,,康复治疗学,,,567,
0572,广州中医药大学,,中药学类(中药学、中药资源与开发),,,599,
0572,广州中医药大学,,药学,,,582,
0572,广州中医药大学,,应用心理学,,,588,
0572,广州中医药大学,,医学信息工程,,,579,
3650,贵阳信息科技学院,,计算机科学与技术,,,446,
3650,贵阳信息科技学院,,人工智能,,,436,
3650,贵阳信息科技学院,,机械设计制造及其自动化,,,437,
3650,贵阳信息科技学院,,机器人工程,,,433,
3650,贵阳信息科技学院,,自动化,,,441,
0671,贵州财经大学,,会计学(中外合作办学),,,475,
0671,贵州财经大学,,财务管理(中外合作办学),,,461,
0671,贵州财经大学,,市场营销(中外合作办学),,,432,
0657,贵州大学,,法学,,,603,
0657,贵州大学,,财政学类(财政学、金融学),,,578,
0657,贵州大学,,工商管理类(工商管理、市场营销、会计学、财务管理、人力资源管理),,,577,
0657,贵州大学,,机械设计制造及其自动化,,,603,
0657,贵州大学,,电气类(电气工程及其自动化、能源与动力工程、测控技术与仪器、自动化),,,605,
0657,贵州大学,,土木类(土木工程、建筑环境与能源应用工程),,,571,
0657,贵州大学,,水利水电工程,,,581,
0657,贵州大学,,建筑类(建筑学、城乡规划),,,532,
0657,贵州大学,,材料类(材料科学与工程、高分子材料与工程),,,584,
0657,贵州大学,,新能源科学与工程,,,596,
0657,贵州大学,,化工与制药类(无机非金属材料工程、化学工程与工艺),,,579,
0657,贵州大学,,过程装备与控制工程,,,589,
0657,贵州大学,,地质类(资源勘查工程、地质工程),,,567,
0657,贵州大学,,食品科学与工程类(食品科学与工程、食品质量与安全、酿酒工程),,,575,
0657,贵州大学,,制药工程,,,589,
0668,贵州工程应用技术学院,,数学与应用数学(师范类),,,461,
4440,贵州理工学院,,飞行器制造工程,,,484,
4440,贵州理工学院,,土木工程,,,456,
4440,贵州理工学院,,应用物理学,,,453,
4440,贵州理工学院,,机械电子工程,,,475,
4440,贵州理工学院,,管理科学与工程类(工程管理、工程造价),,,461,
4440,贵州理工学院,,交通工程,,,463,
4440,贵州理工学院,,材料类(材料科学与工程、新能源材料与器件、焊接技术与工程),,,456,
3648,贵州黔南经济学院,,财政学,,,437,
3648,贵州黔南经济学院,,互联网金融,,,431,
0660,贵州医科大学,,临床医学,,,593,
0660,贵州医科大学,,预防医学,,,484,
0660,贵州医科大学,,食品卫生与营养学,,,409,
0660,贵州医科大学,,护理学,,,498,
0660,贵州医科大学,,药学(中外合作办学),,,491,
0662,贵州中医药大学,,中医养生学,,,516,
0662,贵州中医药大学,,中西医临床医学,,,519,
0662,贵州中医药大学,,中医学,,,534,
0662,贵州中医药大学,,中药学,,,503,
0662,贵州中医药大学,,药物制剂(中外合作办学),,,470,
0595,桂林电子科技大学,,机械设计制造及其自动化,,,592,
0595,桂林电子科技大学,,电气工程及其自动化,,,607,
0595,桂林电子科技大学,,通信工程,,,608,
0595,桂林电子科技大学,,电子信息工程,,,605,
0595,桂林电子科技大学,,电子科学与技术,,,610,
0595,桂林电子科技大学,,计算机科学与技术,,,612,
0595,桂林电子科技大学,,金融工程,,,532,
0595,桂林电子科技大学,,信息管理与信息系统,,,575,
0595,桂林电子科技大学,,数学与应用数学,,,576,
0595,桂林电子科技大学,,测控技术与仪器,,,592,
0595,桂林电子科技大学,,新能源材料与器件,,,566,
0595,桂林电子科技大学,,生物医学工程,,,578,
0595,桂林电子科技大学,,交通工程,,,560,
0595,桂林电子科技大学,,土木工程,,,519,
0595,桂林电子科技大学,,边防军人子女预科班,,,514,
1825,桂林航天工业学院,,财务管理,,,498,
1825,桂林航天工业学院,,机械设计制造及其自动化,,,492,
1825,桂林航天工业学院,,智能制造工程,,,493,
1825,桂林航天工业学院,,自动化,,,492,
1825,桂林航天工业学院,,车辆工程,,,490,
1825,桂林航天工业学院,,工程管理,,,484,
1825,桂林航天工业学院,,计算机科学与技术,,,500,
0596,桂林理工大学,,勘查技术与工程,,,504,
0596,桂林理工大学,,地下水科学与工程,,,499,
0596,桂林理工大学,,材料类(金属材料工程、冶金工程、高分子材料与工程、无机非金属材料工程、材料科学与工程、宝石及材料工艺学),,,484,
0596,桂林理工大学,,化工与制药类(化学工程与工艺、能源化学工程),,,501,
0596,桂林理工大学,,地理信息科学,,,506,
0596,桂林理工大学,,计算机类(计算机科学与技术、网络工程、物联网工程、软件工程),,,559,
0596,桂林理工大学,,自动化类(自动化、机器人工程),,,550,
0596,桂林理工大学,,机械设计制造及其自动化(中外合作办学),,,452,
0596,桂林理工大学,,工商管理类(工商管理、市场营销、人力资源管理),,,494,
0596,桂林理工大学,,日语,,,472,
1837,桂林旅游学院,,英语,,,464,
1837,桂林旅游学院,,法语,,,461,
1837,桂林旅游学院,,日语,,,463,
1837,桂林旅游学院,,商务英语,,,464,
3644,桂林信息科技学院,,虚拟现实技术,,,419,
3644,桂林信息科技学院,,计算机科学与技术,,,424,
3644,桂林信息科技学院,,软件工程,,,425,
3644,桂林信息科技学院,,电子信息工程,,,416,
3644,桂林信息科技学院,,自动化,,,433,
3644,桂林信息科技学院,,机械设计制造及其自动化,,,410,
3644,桂林信息科技学院,,电气工程及其自动化,,,431,
0601,桂林医学院,,临床医学,,,547,
0601,桂林医学院,,预防医学,,,495,
0601,桂林医学院,,临床药学,,,541,
0601,桂林医学院,,康复治疗学,,,494,
0601,桂林医学院,,康复治疗学(中澳学分互认联合培养项目),,,407,
J002,国防科技大学,,计算机类[计算机科学与技术(计算机系统方向)、计算机科学与技术(并行计算方向)、计算机科学与技术(大数据方向)、软件工程、网络工程、信息安全],,,672,
J002,国防科技大学,,电子信息类(电子信息工程、电子科学与技术、通信工程、微电子科学与工程、信息工程、集成电路设计与集成系统、光电信息科学与工程),,,667,
J002,国防科技大学,,航空航天类(航空航天工程、飞行器动力工程、材料科学与工程),,,665,
J002,国防科技大学,,自动化类[自动化(无人机方向)、机器人工程、人工智能],,,666,
J002,国防科技大学,,大气科学类(大气科学、气象技术与工程),,,654,
J002,国防科技大学,,计算机科学与技术(天河拔尖班),,,677,
J002,国防科技大学,,理论与应用力学(航天力学拔尖班),,,674,
0217,哈尔滨工程大学,,海洋工程类(船舶与海洋工程、港口航道与海岸工程、海洋机器人),,,629,
0217,哈尔滨工程大学,,航空航天类(飞行器设计与工程、飞行器动力工程、工程力学、土木工程),,,629,
0217,哈尔滨工程大学,,能源动力类(能源与动力工程、轮机工程),,,627,
0217,哈尔滨工程大学,,自动化类(自动化、电气工程及其自动化、测控技术与仪器、探测制导与控制技术、机器人工程、人工智能),,,633,
0217,哈尔滨工程大学,,水声工程(含水声、电子水声、海洋信息3个专业),,,634,
0217,哈尔滨工程大学,,计算机科学与技术,,,642,
0217,哈尔滨工程大学,,软件工程(国家特色化示范性软件学院),,,634,
0217,哈尔滨工程大学,,机械类(机械设计制造及其自动化、工业设计),,,628,
0217,哈尔滨工程大学,,智能制造工程,,,628,
0217,哈尔滨工程大学,,电子信息类(电子信息工程、通信工程、光电信息科学与工程),,,634,
0217,哈尔滨工程大学,,大数据管理与应用,,,628,
0217,哈尔滨工程大学,,材料类(材料科学与工程、化学工程与工艺、核化工与核燃料工程),,,625,
0217,哈尔滨工程大学,,新能源材料与器件,,,625,
0217,哈尔滨工程大学,,核工程与核技术,,,630,
0217,哈尔滨工程大学,,数学与应用数学,,,626,
0217,哈尔滨工程大学,,土木工程(中外合作办学),,,581,
0217,哈尔滨工程大学,,机械设计制造及其自动化(中外合作办学),,,609,
0217,哈尔滨工程大学,,材料物理(中外合作办学),,,592,
0217,哈尔滨工程大学,,船舶与海洋工程(中外合作办学),,,615,
0217,哈尔滨工程大学,,轮机工程(中外合作办学),,,615,
0217,哈尔滨工程大学,,自动化(中外合作办学),,,620,
0217,哈尔滨工程大学,,水声工程(中外合作办学),,,623,
0217,哈尔滨工程大学,,能源与动力工程,,,642,
0217,哈尔滨工程大学,,核工程与核技术,,,648,
0217,哈尔滨工程大学,,少数民族预科班,,,612,
0213,哈尔滨工业大学,,工科试验班(院士特色班、未来技术拔尖班)(自动化、集成电路设计与集成系统、智能视觉工程、飞行器设计与工程、智能装备与系统、人工智能、机器人工程、计算机科学与技术、通信工程、电子信息工程、数据科学与大数据技术、大数据管理与应用、智能感知工程、仿生科学与工程、焊接技术与工程、电子封装技术),,,685,
0213,哈尔滨工业大学,,工科试验班(航天与自动化)[自动化、集成电路设计与集成系统、智能视觉工程、智能装备与系统、电气工程及其自动化、飞行器设计与工程、智能材料与结构、微电子科学与工程、探测制导与控制技术、复合材料与工程、飞行器环境与生命保障工程、空间科学与技术、光电信息科学与工程(光学工程方向)、电子科学与技术、建筑电气与智能化、能源互联网工程],,,682,
0213,哈尔滨工业大学,,工科试验班(计算机与电子通信)(计算机科学与技术、人工智能、数据科学与大数据技术、通信工程、电磁场与无线技术、电子信息工程、遥感科学与技术、信息对抗技术、智能测控工程、信息安全、网络空间安全、物联网工程、软件工程),,,682,
0213,哈尔滨工业大学,,工科试验班(AI先进技术领军班)(人工智能),,,684,
0213,哈尔滨工业大学,,数学与应用数学(中外合作办学),,,654,
0213,哈尔滨工业大学,,应用物理学(中外合作办学),,,652,
0213,哈尔滨工业大学,,化学(中外合作办学),,,629,
0213,哈尔滨工业大学,,大数据管理与应用(中外合作办学),,,643,
0213,哈尔滨工业大学,,智慧建筑与建造(中外合作办学),,,617,
8213,哈尔滨工业大学(深圳),,工科试验班(计算机与电子通信)(计算机科学与技术、数据科学与大数据技术、通信工程、光电信息科学与工程、电子封装技术、集成电路设计与集成系统),,,678,
8213,哈尔滨工业大学(深圳),,工科试验班(机器人与智能装备)(自动化、机器人工程),,,676,
9213,哈尔滨工业大学(威海),,工科试验班(电气与自动化)(自动化、电气工程及其自动化、智能材料与结构),,,661,
9213,哈尔滨工业大学(威海),,工科试验班(计算机与电子通信)(计算机科学与技术、人工智能、网络空间安全、通信工程、海洋信息工程、电子信息工程、微电子科学与工程、光电信息科学与工程),,,660,
9213,哈尔滨工业大学(威海),,软件工程,,,658,
9213,哈尔滨工业大学(威海),,工科试验班(机器人与智能装备类拔尖班)(机器人工程、机械设计制造及其自动化、精密仪器、飞行器制造工程、飞行器动力工程、智能感知工程、测控技术与仪器、智能制造工程、机械电子工程、仿生科学与工程、工业工程、能源与动力工程、核工程与核技术、新能源科学与工程、储能科学与工程),,,664,
9213,哈尔滨工业大学(威海),,工科试验班(先进材料与智能制造类拔尖班)(材料科学与工程、焊接技术与工程、电子封装技术、增材制造工程、材料物理、材料成型及控制工程),,,662,
9213,哈尔滨工业大学(威海),,船舶与海洋工程(中外合作办学),,,626,
9213,哈尔滨工业大学(威海),,工科试验班(理工交叉先进技术领军班)(数学与应用数学、信息与计算科学),,,659,
3306,哈尔滨广厦学院,,学前教育(师范类),,,428,
3306,哈尔滨广厦学院,,应用心理学,,,436,
3306,哈尔滨广厦学院,,电气工程及其自动化,,,417,
3306,哈尔滨广厦学院,,通信工程,,,403,
3306,哈尔滨广厦学院,,计算机科学与技术,,,409,
3306,哈尔滨广厦学院,,数据科学与大数据技术,,,400,
3306,哈尔滨广厦学院,,会计学,,,430,
3306,哈尔滨广厦学院,,财务管理,,,417,
3306,哈尔滨广厦学院,,电子商务,,,404,
3307,哈尔滨华德学院,,机械设计制造及其自动化(英才班),,,405,
3307,哈尔滨华德学院,,焊接技术与工程(英才班),,,393,
3307,哈尔滨华德学院,,电气工程及其自动化(英才班),,,418,
3307,哈尔滨华德学院,,软件工程(英才班),,,399,
3307,哈尔滨华德学院,,工程造价,,,399,
3307,哈尔滨华德学院,,大数据管理与应用(英才班),,,409,
3307,哈尔滨华德学院,,财务管理(英才班),,,417,
3303,哈尔滨剑桥学院,,学前教育(师范类),,,416,
0245,哈尔滨金融学院,,信用管理,,,484,
0245,哈尔滨金融学院,,金融工程,,,521,
0245,哈尔滨金融学院,,会计学,,,561,
0245,哈尔滨金融学院,,计算机科学与技术,,,537,
0245,哈尔滨金融学院,,软件工程,,,529,
0245,哈尔滨金融学院,,税收学,,,537,
0245,哈尔滨金融学院,,保险学,,,480,
0245,哈尔滨金融学院,,投资学,,,498,
0245,哈尔滨金融学院,,商务英语,,,499,
0214,哈尔滨理工大学,,机械设计制造及其自动化,,,594,
0214,哈尔滨理工大学,,能源与动力工程,,,582,
0214,哈尔滨理工大学,,机械电子工程,,,589,
0214,哈尔滨理工大学,,金属材料工程,,,538,
0214,哈尔滨理工大学,,无机非金属材料工程,,,540,
0214,哈尔滨理工大学,,高分子材料与工程,,,558,
0214,哈尔滨理工大学,,材料成型及控制工程,,,554,
0214,哈尔滨理工大学,,电气工程及其自动化,,,597,
0214,哈尔滨理工大学,,新能源材料与器件,,,571,
0214,哈尔滨理工大学,,计算机科学与技术,,,606,
0214,哈尔滨理工大学,,测控技术与仪器,,,580,
0214,哈尔滨理工大学,,安全工程,,,539,
0214,哈尔滨理工大学,,通信工程,,,591,
0214,哈尔滨理工大学,,信息管理与信息系统,,,569,
0214,哈尔滨理工大学,,工商管理,,,544,
0214,哈尔滨理工大学,,人力资源管理,,,535,
0214,哈尔滨理工大学,,会计学,,,584,
0214,哈尔滨理工大学,,网络空间安全,,,582,
0214,哈尔滨理工大学,,储能科学与工程,,,574,
0214,哈尔滨理工大学,,应用物理学,,,548,
0214,哈尔滨理工大学,,应用统计学,,,566,
0214,哈尔滨理工大学,,材料化学,,,553,
0214,哈尔滨理工大学,,软件工程,,,585,
0214,哈尔滨理工大学,,集成电路设计与集成系统,,,576,
0214,哈尔滨理工大学,,建筑学,,,536,
0214,哈尔滨理工大学,,土木工程,,,528,
0214,哈尔滨理工大学,,工程力学,,,571,
0214,哈尔滨理工大学,,化学工程与工艺,,,539,
0214,哈尔滨理工大学,,金融学,,,545,
0214,哈尔滨理工大学,,自动化,,,583,
0214,哈尔滨理工大学,,机器人工程,,,580,
0240,哈尔滨商业大学,,经济学,,,535,
0240,哈尔滨商业大学,,经济统计学,,,542,
0240,哈尔滨商业大学,,国际经济与贸易,,,524,
0240,哈尔滨商业大学,,统计学,,,547,
0240,哈尔滨商业大学,,金融学,,,546,
0240,哈尔滨商业大学,,金融工程,,,536,
0240,哈尔滨商业大学,,财政学,,,547,
0240,哈尔滨商业大学,,税收学,,,545,
0240,哈尔滨商业大学,,行政管理,,,503,
0240,哈尔滨商业大学,,人力资源管理,,,530,
0240,哈尔滨商业大学,,物流管理,,,507,
0240,哈尔滨商业大学,,物流工程,,,495,
0240,哈尔滨商业大学,,质量管理工程,,,498,
0240,哈尔滨商业大学,,会计学,,,574,
0240,哈尔滨商业大学,,食品质量与安全,,,515,
0240,哈尔滨商业大学,,生物工程,,,491,
0240,哈尔滨商业大学,,制药工程,,,518,
0240,哈尔滨商业大学,,药学,,,525,
0240,哈尔滨商业大学,,中药学,,,518,
0240,哈尔滨商业大学,,机械设计制造及其自动化,,,525,
0240,哈尔滨商业大学,,包装工程,,,469,
0240,哈尔滨商业大学,,电子信息工程,,,544,
0240,哈尔滨商业大学,,计算机科学与技术,,,546,
0240,哈尔滨商业大学,,大数据管理与应用,,,530,
0240,哈尔滨商业大学,,电子商务,,,507,
0240,哈尔滨商业大学,,能源与动力工程,,,496,
0240,哈尔滨商业大学,,土木工程,,,454,
0240,哈尔滨商业大学,,油气储运工程,,,509,
0240,哈尔滨商业大学,,工程管理,,,491,
0240,哈尔滨商业大学,,烹饪与营养教育,,,471,
0240,哈尔滨商业大学,,商务英语,,,504,
0240,哈尔滨商业大学,,数据科学与大数据技术,,,544,
0240,哈尔滨商业大学,,数字经济,,,528,
0240,哈尔滨商业大学,,智能制造工程,,,518,
0240,哈尔滨商业大学,,"食品科学与工程(英才学院,4加3)",,,551,
0240,哈尔滨商业大学,,"中药学(英才学院,4加3)",,,543,
0231,哈尔滨师范大学,,地理科学(师范类),,,564,
0231,哈尔滨师范大学,,日语(师范类),,,537,
0231,哈尔滨师范大学,,学前教育(师范类),,,503,
0231,哈尔滨师范大学,,物理学(师范类),,,593,
0231,哈尔滨师范大学,,英语(师范类),,,591,
0231,哈尔滨师范大学,,物流管理,,,502,
0231,哈尔滨师范大学,,法语,,,479,
0231,哈尔滨师范大学,,西班牙语,,,487,
0231,哈尔滨师范大学,,朝鲜语,,,483,
0231,哈尔滨师范大学,,地理信息科学,,,546,
0231,哈尔滨师范大学,,数字媒体技术,,,552,
0231,哈尔滨师范大学,,计算机科学与技术(实验班),,,507,
3299,哈尔滨石油学院,,石油工程,,,442,
3299,哈尔滨石油学院,,油气储运工程,,,446,
3299,哈尔滨石油学院,,新能源科学与工程,,,440,
3299,哈尔滨石油学院,,化学工程与工艺,,,442,
3299,哈尔滨石油学院,,环境工程,,,424,
3299,哈尔滨石油学院,,机械类(机械设计制造及其自动化、机械电子工程、过程装备与控制工程),,,444,
3299,哈尔滨石油学院,,工业设计,,,430,
3299,哈尔滨石油学院,,自动化,,,434,
3299,哈尔滨石油学院,,电气工程及其自动化,,,446,
3299,哈尔滨石油学院,,土木工程,,,414,
3299,哈尔滨石油学院,,工程造价,,,434,
3299,哈尔滨石油学院,,信息安全,,,437,
1635,哈尔滨信息工程学院,,软件工程,,,412,
1635,哈尔滨信息工程学院,,电子信息工程,,,416,
1635,哈尔滨信息工程学院,,财务管理,,,445,
0234,哈尔滨学院,,学前教育(师范类),,,496,
0234,哈尔滨学院,,小学教育(师范类),,,515,
0234,哈尔滨学院,,网络与新媒体,,,488,
0234,哈尔滨学院,,商务英语,,,500,
0234,哈尔滨学院,,俄语,,,475,
0234,哈尔滨学院,,财务管理,,,510,
0234,哈尔滨学院,,金融学,,,499,
0234,哈尔滨学院,,商务经济学,,,476,
0234,哈尔滨学院,,会计学,,,517,
0234,哈尔滨学院,,建筑电气与智能化,,,478,
0234,哈尔滨学院,,电子信息工程,,,512,
0234,哈尔滨学院,,智能建造,,,474,
0234,哈尔滨学院,,土木工程,,,456,
0234,哈尔滨学院,,城市地下空间工程,,,448,
0234,哈尔滨学院,,数学与应用数学(师范类),,,525,
0234,哈尔滨学院,,软件工程,,,487,
0234,哈尔滨学院,,计算机科学与技术,,,512,
0234,哈尔滨学院,,化学(师范类),,,512,
0234,哈尔滨学院,,食品科学与工程,,,476,
0226,哈尔滨医科大学,,护理学,,,567,
0226,哈尔滨医科大学,,"临床医学(5+3一体化,于维汉班)",,,666,
0226,哈尔滨医科大学,,临床医学(5+3一体化),,,647,
0226,哈尔滨医科大学,,"临床医学(5+3一体化,儿科学硕士)",,,634,
0226,哈尔滨医科大学,,基础医学(伍连德班),,,592,
0226,哈尔滨医科大学,,基础医学,,,517,
0226,哈尔滨医科大学,,临床医学,,,617,
0226,哈尔滨医科大学,,麻醉学,,,632,
0226,哈尔滨医科大学,,医学影像学,,,618,
0226,哈尔滨医科大学,,儿科学,,,605,
0226,哈尔滨医科大学,,口腔医学,,,638,
0226,哈尔滨医科大学,,预防医学,,,565,
0226,哈尔滨医科大学,,药学,,,583,
0226,哈尔滨医科大学,,临床药学,,,585,
0226,哈尔滨医科大学,,智能医学工程,,,611,
0226,哈尔滨医科大学,,生物信息学,,,544,
0226,哈尔滨医科大学,,生物医学工程,,,591,
0226,哈尔滨医科大学,,眼视光医学,,,617,
0226,哈尔滨医科大学,,精神医学,,,587,
0226,哈尔滨医科大学,,运动康复,,,519,
0226,哈尔滨医科大学,,药物制剂,,,545,
0226,哈尔滨医科大学,,药物分析,,,533,
0226,哈尔滨医科大学,,医学检验技术,,,557,
0226,哈尔滨医科大学,,医学影像技术,,,565,
0226,哈尔滨医科大学,,康复治疗学,,,538,
0226,哈尔滨医科大学,,护理学,,,550,
0226,哈尔滨医科大学,,助产学,,,522,
0226,哈尔滨医科大学,,信息管理与信息系统,,,509,
0226,哈尔滨医科大学,,健康服务与管理,,,506,
3301,哈尔滨远东理工学院,,计算机类(计算机科学与技术、软件工程),,,415,
3301,哈尔滨远东理工学院,,电气工程及其自动化,,,426,
3301,哈尔滨远东理工学院,,汉语言文学,,,442,
3301,哈尔滨远东理工学院,,会计学,,,436,
3301,哈尔滨远东理工学院,,机器人工程,,,408,
3301,哈尔滨远东理工学院,,机械类(机械设计制造及其自动化、机械电子工程),,,425,
3301,哈尔滨远东理工学院,,土木工程,,,374,
3301,哈尔滨远东理工学院,,工程造价,,,408,
2911,哈尔滨职业技术大学,,智能控制技术,,,458,
2911,哈尔滨职业技术大学,,电子商务,,,454,
J020,海军军医大学,,临床医学(高级临床医师),,,653,
J020,海军军医大学,,临床医学(临床医师),,,624,
J020,海军军医大学,,麻醉学(临床麻醉医师),,,624,
J020,海军军医大学,,医学影像学(临床影像医师),,,621,
J020,海军军医大学,,药学(药剂师),,,628,
J020,海军军医大学,,生物技术,,,603,
2308,海口经济学院,,会计学,,,433,
2308,海口经济学院,,数据科学与大数据技术(数字平台运维),,,407,
0589,海南大学,,化学,,,576,
0589,海南大学,,生物医学工程,,,599,
0589,海南大学,,机械设计制造及其自动化,,,611,
0589,海南大学,,自动化,,,615,
0589,海南大学,,材料科学与工程,,,590,
0589,海南大学,,高分子材料与工程,,,595,
0589,海南大学,,电子信息工程,,,616,
0589,海南大学,,通信工程,,,614,
0589,海南大学,,人工智能,,,614,
0589,海南大学,,电子科学与技术,,,616,
0589,海南大学,,信息安全,,,616,
0589,海南大学,,密码科学与技术,,,608,
0589,海南大学,,数据科学与大数据技术,,,612,
0589,海南大学,,土木工程,,,572,
0589,海南大学,,食品科学与工程,,,581,
0589,海南大学,,食品质量与安全,,,578,
0589,海南大学,,生物育种科学,,,588,
0589,海南大学,,植物保护,,,581,
0589,海南大学,,动物科学,,,576,
0589,海南大学,,大数据管理与应用,,,599,
0589,海南大学,,计算机科学与技术,,,620,
0589,海南大学,,软件工程(NIIT),,,616,
0589,海南大学,,人文地理与城乡规划(中外合作办学),,,536,
0589,海南大学,,智能科学与技术(中外合作办学),,,583,
0589,海南大学,,会展经济与管理(中外合作办学),,,538,
4172,海南科技职业大学,,建筑工程,,,387,
4172,海南科技职业大学,,机械设计制造及自动化,,,417,
4172,海南科技职业大学,,新能源汽车工程技术,,,394,
4172,海南科技职业大学,,制药工程技术,,,397,
4172,海南科技职业大学,,汽车服务工程技术,,,392,
4172,海南科技职业大学,,水路运输与海事管理,,,389,
4172,海南科技职业大学,,软件工程技术,,,391,
4172,海南科技职业大学,,人工智能工程技术,,,411,
4172,海南科技职业大学,,药学,,,405,
4172,海南科技职业大学,,口腔医学技术,,,434,
4172,海南科技职业大学,,健康管理,,,415,
1100,海南热带海洋学院,,海洋科学,,,486,
1100,海南热带海洋学院,,海洋技术,,,472,
1100,海南热带海洋学院,,生物科学,,,453,
1100,海南热带海洋学院,,通信工程,,,477,
1100,海南热带海洋学院,,电子信息科学与技术,,,472,
1100,海南热带海洋学院,,网络工程,,,480,
1100,海南热带海洋学院,,环境工程,,,467,
1100,海南热带海洋学院,,食品科学与工程,,,473,
1100,海南热带海洋学院,,食品质量与安全,,,470,
1100,海南热带海洋学院,,海洋渔业科学与技术,,,456,
1100,海南热带海洋学院,,海事管理,,,488,
1658,海南师范大学,,教育学类(教育学、学前教育、特殊教育)(师范类),,,540,
1658,海南师范大学,,学前教育(中外合作办学)(师范类),,,432,
1658,海南师范大学,,数学与应用数学(师范类),,,565,
1658,海南师范大学,,英语(师范类),,,566,
1658,海南师范大学,,软件工程(NIIT班),,,535,
1810,海南医科大学,,临床医学,,,581,
1810,海南医科大学,,医学影像学,,,578,
1810,海南医科大学,,临床药学,,,522,
1810,海南医科大学,,海洋药学,,,489,
1810,海南医科大学,,医学检验技术,,,512,
1810,海南医科大学,,护理学,,,521,
1810,海南医科大学,,医学信息工程,,,502,
1810,海南医科大学,,医学影像技术(中外合作办学),,,436,
1810,海南医科大学,,康复治疗学(中外合作办学),,,430,
1810,海南医科大学,,护理学(中外合作办学),,,438,
0578,韩山师范学院,,烹饪与营养教育(师范类),,,467,
0578,韩山师范学院,,数据科学与大数据技术,,,471,
0336,杭州电子科技大学,,计算机类(计算机科学与技术、软件工程),,,630,
0336,杭州电子科技大学,,电子信息类(电子信息学院)(电子信息工程、电子科学与技术),,,627,
0336,杭州电子科技大学,,集成电路设计与集成系统,,,627,
0336,杭州电子科技大学,,信息安全,,,631,
0336,杭州电子科技大学,,网络工程,,,626,
0336,杭州电子科技大学,,电子信息类(通信学院)(通信工程、信息对抗技术),,,625,
0336,杭州电子科技大学,,电气工程及其自动化,,,622,
0336,杭州电子科技大学,,自动化,,,623,
0336,杭州电子科技大学,,机械设计制造及其自动化,,,617,
0336,杭州电子科技大学,,车辆工程,,,613,
0336,杭州电子科技大学,,材料科学与工程,,,597,
0336,杭州电子科技大学,,管理科学与工程类(信息管理与信息系统、保密管理),,,603,
0336,杭州电子科技大学,,数学类(数学与应用数学、信息与计算科学),,,614,
0336,杭州电子科技大学,,光电信息科学与工程,,,626,
0336,杭州电子科技大学,,工业设计,,,591,
0336,杭州电子科技大学,,统计学,,,607,
0336,杭州电子科技大学,,经济学类(国际经济与贸易、经济学),,,593,
0336,杭州电子科技大学,,金融学,,,595,
0336,杭州电子科技大学,,英语,,,569,
0336,杭州电子科技大学,,智能制造工程,,,621,
0336,杭州电子科技大学,,应用物理学,,,617,
0336,杭州电子科技大学,,人工智能,,,630,
0336,杭州电子科技大学,,测控技术与仪器,,,617,
0336,杭州电子科技大学,,自动化(中外合作办学),,,612,
0336,杭州电子科技大学,,计算机科学与技术(中外合作办学),,,618,
0346,杭州师范大学,,制药工程,,,564,
0346,杭州师范大学,,高分子材料与工程,,,556,
0346,杭州师范大学,,药学,,,555,
3615,合肥城市学院,,安全工程,,,426,
3615,合肥城市学院,,城乡规划,,,404,
3615,合肥城市学院,,汽车服务工程,,,440,
1059,合肥大学,,建筑学,,,500,
1059,合肥大学,,食品科学与工程,,,492,
1059,合肥大学,,生物制药,,,501,
1059,合肥大学,,化学工程与工艺,,,500,
0359,合肥工业大学,,电气工程及其自动化,,,632,
0359,合肥工业大学,,集成电路设计与集成系统,,,632,
0359,合肥工业大学,,电子商务,,,577,
0359,合肥工业大学,,市场营销,,,574,
0359,合肥工业大学,,化学工程与工艺,,,612,
0359,合肥工业大学,,高分子材料与工程,,,608,
0359,合肥工业大学,,机械设计制造及其自动化,,,626,
0359,合肥工业大学,,智能制造工程,,,626,
0359,合肥工业大学,,计算机科学与技术,,,634,
0359,合肥工业大学,,电子信息工程,,,633,
0359,合肥工业大学,,建筑学,,,571,
0359,合肥工业大学,,城乡规划,,,555,
0359,合肥工业大学,,车辆工程,,,627,
0359,合肥工业大学,,交通工程,,,615,
0359,合肥工业大学,,软件工程,,,632,
0359,合肥工业大学,,生物工程,,,597,
0359,合肥工业大学,,食品科学与工程,,,595,
0359,合肥工业大学,,信息与计算科学,,,623,
0359,合肥工业大学,,土木工程,,,574,
0359,合肥工业大学,,水利水电工程,,,607,
0359,合肥工业大学,,水文与水资源工程,,,603,
0359,合肥工业大学,,工程力学,,,617,
0359,合肥工业大学,,智能建造,,,605,
0359,合肥工业大学,,测控技术与仪器,,,626,
0359,合肥工业大学,,光电信息科学与工程,,,631,
0359,合肥工业大学,,遥感科学与技术,,,620,
0359,合肥工业大学,,国际经济与贸易(中外合作办学),,,560,
9359,合肥工业大学(宣城校区),,电气工程与智能控制,,,625,
9359,合肥工业大学(宣城校区),,能源化学工程,,,606,
9359,合肥工业大学(宣城校区),,机械工程,,,619,
9359,合肥工业大学(宣城校区),,计算机科学与技术,,,629,
9359,合肥工业大学(宣城校区),,智能科学与技术,,,622,
9359,合肥工业大学(宣城校区),,生物技术,,,585,
9359,合肥工业大学(宣城校区),,土木工程,,,565,
0092,河北北方学院,,临床医学,,,534,
0092,河北北方学院,,医学影像学,,,536,
0092,河北北方学院,,医学检验技术,,,512,
0092,河北北方学院,,中医学,,,513,
0092,河北北方学院,,中西医临床医学,,,507,
0075,河北大学,,经济学,,,553,
0075,河北大学,,经济统计学,,,558,
0075,河北大学,,国际经济与贸易,,,545,
0075,河北大学,,工商管理,,,535,
0075,河北大学,,旅游管理,,,487,
0075,河北大学,,会计学,,,594,
0075,河北大学,,日语,,,497,
0075,河北大学,,法学,,,601,
0075,河北大学,,软件工程,,,594,
0075,河北大学,,人工智能,,,584,
0075,河北大学,,计算机科学与技术,,,596,
0075,河北大学,,光电信息科学与工程,,,588,
0075,河北大学,,生物科学类(生物科学、生物技术、生物信息学),,,527,
0075,河北大学,,通信工程,,,586,
0075,河北大学,,自动化,,,586,
0075,河北大学,,土木工程,,,474,
0075,河北大学,,机械设计制造及其自动化,,,581,
0077,河北地质大学,,地质类(地质学、古生物学、资源勘查工程、海洋资源与环境),,,487,
0077,河北地质大学,,勘查技术与工程,,,483,
0077,河北地质大学,,资源环境大数据工程,,,460,
0077,河北地质大学,,水利类(地下水科学与工程、水文与水资源工程),,,514,
0077,河北地质大学,,环境工程,,,477,
0077,河北地质大学,,土木类(土木工程、城市地下空间工程),,,457,
0077,河北地质大学,,工程管理,,,492,
0077,河北地质大学,,测绘类(土地整治工程、遥感科学与技术、测绘工程),,,498,
0077,河北地质大学,,经济统计学,,,515,
0077,河北地质大学,,工商管理类(工商管理、市场营销、人力资源管理、旅游管理),,,492,
0077,河北地质大学,,大数据管理与应用,,,528,
0077,河北地质大学,,旅游地学与规划工程,,,452,
0077,河北地质大学,,计算机类(通信工程、光电信息科学与工程、软件工程、信息安全),,,541,
0077,河北地质大学,,计算机科学与技术,,,532,
0077,河北地质大学,,法学,,,549,
3594,河北地质大学华信学院,,金融学类(金融学、保险学、经济与金融、互联网金融),,,445,
3594,河北地质大学华信学院,,法学,,,450,
3594,河北地质大学华信学院,,英语,,,437,
3594,河北地质大学华信学院,,计算机类(计算机科学与技术、软件工程、物联网工程、数据科学与大数据技术),,,439,
3594,河北地质大学华信学院,,土木工程,,,425,
3594,河北地质大学华信学院,,地质类(勘查技术与工程、资源勘查工程),,,428,
3594,河北地质大学华信学院,,环境工程,,,440,
3594,河北地质大学华信学院,,护理学,,,447,
3594,河北地质大学华信学院,,管理科学与工程类(信息管理与信息系统、工程管理、工程造价、大数据管理与应用),,,440,
3594,河北地质大学华信学院,,工商管理类(会计学、财务管理),,,446,
3594,河北地质大学华信学院,,公共管理类(行政管理、劳动与社会保障),,,442,
3594,河北地质大学华信学院,,物流管理,,,448,
4225,河北东方学院,,金融工程,,,451,
4225,河北东方学院,,经济与金融,,,445,
4225,河北东方学院,,国际经济与贸易,,,449,
4225,河北东方学院,,电子信息科学与技术,,,441,
4225,河北东方学院,,人工智能,,,442,
4225,河北东方学院,,软件工程,,,445,
4225,河北东方学院,,物联网工程,,,443,
4225,河北东方学院,,数据科学与大数据技术,,,445,
4225,河北东方学院,,虚拟现实技术,,,446,
4225,河北东方学院,,医学影像技术,,,447,
4225,河北东方学院,,护理学,,,466,
4225,河北东方学院,,财务管理,,,454,
4225,河北东方学院,,审计学,,,455,
0076,河北工程大学,,信息与计算科学,,,539,
0076,河北工程大学,,地理信息科学,,,515,
0076,河北工程大学,,应用统计学,,,536,
0076,河北工程大学,,电气工程及其自动化,,,584,
0076,河北工程大学,,电子信息工程,,,563,
0076,河北工程大学,,通信工程,,,557,
0076,河北工程大学,,光电信息科学与工程,,,544,
0076,河北工程大学,,自动化,,,558,
0076,河北工程大学,,建筑环境与能源应用工程,,,487,
0076,河北工程大学,,给排水科学与工程,,,508,
0076,河北工程大学,,水利水电工程,,,546,
0076,河北工程大学,,测绘工程,,,516,
0076,河北工程大学,,遥感科学与技术,,,528,
0076,河北工程大学,,化学工程与工艺,,,515,
0076,河北工程大学,,地质工程,,,481,
0076,河北工程大学,,勘查技术与工程,,,483,
0076,河北工程大学,,资源勘查工程,,,498,
0076,河北工程大学,,采矿工程,,,467,
0076,河北工程大学,,农业水利工程,,,504,
0076,河北工程大学,,环境工程,,,492,
0076,河北工程大学,,食品科学与工程,,,506,
0076,河北工程大学,,建筑学,,,493,
0076,河北工程大学,,城乡规划,,,479,
0076,河北工程大学,,风景园林,,,493,
0076,河北工程大学,,安全工程,,,509,
0076,河北工程大学,,动物科学,,,496,
0076,河北工程大学,,动物医学,,,523,
0076,河北工程大学,,测控技术与仪器,,,535,
0076,河北工程大学,,冶金工程,,,462,
0076,河北工程大学,,新能源科学与工程,,,548,
0076,河北工程大学,,土木工程,,,496,
0076,河北工程大学,,工程力学,,,514,
0076,河北工程大学,,机器人工程,,,549,
0076,河北工程大学,,车辆工程,,,548,
0076,河北工程大学,,计算机科学与技术,,,573,
0076,河北工程大学,,土木工程(中外合作办学),,,447,
0076,河北工程大学,,过程装备与控制工程,,,531,
3578,河北工程大学科信学院,,国际经济与贸易,,,456,
3578,河北工程大学科信学院,,英语,,,480,
3578,河北工程大学科信学院,,机械设计制造及其自动化,,,457,
3578,河北工程大学科信学院,,材料成型及控制工程,,,452,
3578,河北工程大学科信学院,,车辆工程,,,452,
3578,河北工程大学科信学院,,能源与动力工程,,,454,
3578,河北工程大学科信学院,,电气工程及其自动化,,,463,
3578,河北工程大学科信学院,,电子信息工程,,,461,
3578,河北工程大学科信学院,,通信工程,,,457,
3578,河北工程大学科信学院,,自动化,,,453,
3578,河北工程大学科信学院,,计算机科学与技术,,,463,
3578,河北工程大学科信学院,,土木工程,,,447,
3578,河北工程大学科信学院,,建筑环境与能源应用工程,,,450,
3578,河北工程大学科信学院,,给排水科学与工程,,,448,
3578,河北工程大学科信学院,,水利水电工程,,,452,
3578,河北工程大学科信学院,,交通工程,,,451,
3578,河北工程大学科信学院,,食品科学与工程,,,452,
3578,河北工程大学科信学院,,工程管理,,,450,
3578,河北工程大学科信学院,,会计学,,,473,
2796,河北工程技术学院,,建筑学,,,438,
2796,河北工程技术学院,,风景园林,,,431,
2796,河北工程技术学院,,城乡规划,,,426,
2796,河北工程技术学院,,土木工程,,,425,
2796,河北工程技术学院,,智能科学与技术,,,441,
2796,河北工程技术学院,,区块链工程,,,436,
2796,河北工程技术学院,,软件工程,,,445,
2796,河北工程技术学院,,网络工程,,,442,
2796,河北工程技术学院,,物联网工程,,,442,
0080,河北工业大学,,机械设计制造及其自动化,,,627,
0080,河北工业大学,,建筑环境与能源应用工程,,,602,
0080,河北工业大学,,电气工程及其自动化,,,637,
0080,河北工业大学,,过程装备与控制工程,,,616,
0080,河北工业大学,,安全工程,,,605,
0080,河北工业大学,,海洋技术,,,594,
0080,河北工业大学,,工商管理,,,597,
0080,河北工业大学,,工程管理,,,595,
0080,河北工业大学,,电子信息工程,,,632,
0080,河北工业大学,,电子科学与技术,,,631,
0080,河北工业大学,,公共管理类(公共事业管理、劳动与社会保障),,,586,
0080,河北工业大学,,日语,,,562,
0080,河北工业大学,,能源与动力工程,,,585,
0080,河北工业大学,,计算机科学与技术,,,602,
0080,河北工业大学,,软件工程,,,632,
0080,河北工业大学,,金属材料工程,,,610,
0080,河北工业大学,,机器人工程,,,628,
0080,河北工业大学,,应用物理学(中外合作办学),,,588,
0080,河北工业大学,,机械设计制造及其自动化(中外合作办学),,,604,
6204,河北工业职业技术大学,,钢铁智能冶金技术,,,457,
6204,河北工业职业技术大学,,生态环境工程技术,,,455,
6204,河北工业职业技术大学,,应用化工技术,,,462,
6204,河北工业职业技术大学,,电子信息工程技术,,,472,
6204,河北工业职业技术大学,,机械设计制造及自动化,,,487,
6204,河北工业职业技术大学,,智能制造工程技术,,,470,
6204,河北工业职业技术大学,,汽车服务工程技术,,,462,
D721,河北环境工程学院,,环境科学与工程,,,464,
D721,河北环境工程学院,,海洋资源与环境,,,455,
D721,河北环境工程学院,,环境生态工程,,,463,
D721,河北环境工程学院,,食品质量与安全,,,478,
D721,河北环境工程学院,,园林,,,461,
D721,河北环境工程学院,,数据科学与大数据技术,,,474,
D721,河北环境工程学院,,工程管理,,,463,
0084,河北建筑工程学院,,土木工程,,,476,
0084,河北建筑工程学院,,材料科学与工程,,,461,
0084,河北建筑工程学院,,建筑电气与智能化,,,483,
0084,河北建筑工程学院,,城乡规划,,,470,
0084,河北建筑工程学院,,工程管理,,,482,
0084,河北建筑工程学院,,工程造价,,,490,
0084,河北建筑工程学院,,能源动力类(能源与动力工程、新能源科学与工程、建筑环境与能源应用工程),,,490,
0084,河北建筑工程学院,,给排水科学与工程,,,485,
0084,河北建筑工程学院,,机械设计制造及其自动化,,,496,
1420,河北金融学院,,会计学,,,540,
1420,河北金融学院,,信息安全,,,481,
1420,河北金融学院,,精算学,,,491,
1420,河北金融学院,,数据科学与大数据技术,,,529,
1420,河北金融学院,,知识产权,,,509,
1832,河北经贸大学,,经济学,,,556,
1832,河北经贸大学,,贸易经济,,,484,
1832,河北经贸大学,,保险学,,,505,
1832,河北经贸大学,,会计学,,,577,
1832,河北经贸大学,,工商管理,,,525,
1832,河北经贸大学,,行政管理,,,494,
1832,河北经贸大学,,软件工程,,,558,
1832,河北经贸大学,,数据科学与大数据技术,,,557,
1832,河北经贸大学,,工程管理,,,473,
1832,河北经贸大学,,法学,,,578,
1832,河北经贸大学,,商务英语,,,475,
1832,河北经贸大学,,统计学,,,548,
3414,河北经贸大学经济管理学院,,会计学,,,464,
0082,河北科技大学,,金属材料工程,,,474,
0082,河北科技大学,,电气工程及其自动化,,,549,
0082,河北科技大学,,管理科学与工程类(大数据管理与应用、应急管理),,,504,
0082,河北科技大学,,应用化学,,,493,
0082,河北科技大学,,网络与新媒体,,,496,
0082,河北科技大学,,食品科学与工程类(食品科学与工程、食品质量与安全),,,480,
0082,河北科技大学,,纺织工程,,,485,
6203,河北科技工程职业技术大学,,智能建造工程,,,459,
6203,河北科技工程职业技术大学,,汽车工程技术,,,463,
6203,河北科技工程职业技术大学,,智能网联汽车工程技术,,,459,
6203,河北科技工程职业技术大学,,大数据工程技术,,,467,
6203,河北科技工程职业技术大学,,生态环境工程技术,,,457,
0798,河北科技师范学院,,风景园林,,,462,
0798,河北科技师范学院,,生物技术(师范类),,,469,
0798,河北科技师范学院,,工程管理,,,466,
0798,河北科技师范学院,,食品科学与工程,,,462,
0798,河北科技师范学院,,英语(师范类),,,520,
0798,河北科技师范学院,,财务管理,,,502,
0798,河北科技师范学院,,人力资源管理,,,476,
0798,河北科技师范学院,,人工智能,,,475,
3391,河北科技学院,,财务管理,,,446,
3391,河北科技学院,,土木工程,,,408,
3391,河北科技学院,,工程造价,,,427,
3391,河北科技学院,,物流管理,,,444,
3391,河北科技学院,,计算机科学与技术,,,444,
3391,河北科技学院,,数据科学与大数据技术,,,438,
3391,河北科技学院,,机械设计制造及其自动化,,,436,
3391,河北科技学院,,车辆工程,,,429,
3391,河北科技学院,,汽车服务工程,,,426,
3391,河北科技学院,,智能车辆工程,,,432,
3391,河北科技学院,,小学教育,,,447,
3391,河北科技学院,,学前教育,,,438,
3391,河北科技学院,,护理学,,,448,
3391,河北科技学院,,助产学,,,439,
0098,河北民族师范学院,,经济与金融,,,469,
0098,河北民族师范学院,,新闻学,,,475,
0098,河北民族师范学院,,数学与应用数学(师范类),,,494,
0098,河北民族师范学院,,生物科学(师范类),,,485,
0086,河北农业大学,,农业水利工程,,,478,
0086,河北农业大学,,电气工程及其自动化,,,535,
0086,河北农业大学,,车辆工程,,,518,
0086,河北农业大学,,药学,,,499,
0086,河北农业大学,,机械设计制造及其自动化(中外合作办学),,,475,
0094,河北师范大学,,信息安全,,,559,
0094,河北师范大学,,智能科学与技术,,,557,
0094,河北师范大学,,金融工程,,,520,
0094,河北师范大学,,软件工程,,,544,
0094,河北师范大学,,新闻学,,,531,
0094,河北师范大学,,电子信息工程,,,563,
0094,河北师范大学,,人工智能,,,554,
0094,河北师范大学,,英语(师范类),,,579,
0094,河北师范大学,,数学与应用数学(师范类),,,597,
0094,河北师范大学,,物理学(师范类),,,592,
0094,河北师范大学,,化学(师范类),,,585,
0094,河北师范大学,,生物科学(师范类),,,583,
3411,河北师范大学汇华学院,,计算机科学与技术,,,479,
3411,河北师范大学汇华学院,,网络工程,,,461,
3411,河北师范大学汇华学院,,数学与应用数学(师范类),,,477,
3411,河北师范大学汇华学院,,化学(师范类),,,472,
3411,河北师范大学汇华学院,,生物科学(师范类),,,473,
6202,河北石油职业技术大学,,工业设计,,,463,
6202,河北石油职业技术大学,,电气工程及自动化,,,491,
6202,河北石油职业技术大学,,化工智能制造工程技术,,,459,
6202,河北石油职业技术大学,,建设工程管理,,,458,
6202,河北石油职业技术大学,,建筑环境与能源工程,,,458,
6202,河北石油职业技术大学,,酒店管理,,,459,
6202,河北石油职业技术大学,,汽车工程技术,,,461,
6202,河北石油职业技术大学,,软件工程技术,,,476,
6202,河北石油职业技术大学,,石油工程技术,,,465,
6202,河北石油职业技术大学,,现代精细化工技术,,,459,
6202,河北石油职业技术大学,,新能源汽车工程技术,,,472,
6202,河北石油职业技术大学,,应用化工技术,,,458,
6202,河北石油职业技术大学,,自动化技术与应用,,,473,
6202,河北石油职业技术大学,,大数据工程技术,,,463,
3402,河北外国语学院,,英语,,,450,
3402,河北外国语学院,,翻译,,,446,
3402,河北外国语学院,,德语,,,439,
3402,河北外国语学院,,俄语,,,446,
3402,河北外国语学院,,金融工程,,,442,
3402,河北外国语学院,,工程造价,,,440,
0089,河北医科大学,,临床医学(5+3一体化),,,626,
0089,河北医科大学,,临床医学,,,611,
0089,河北医科大学,,麻醉学,,,602,
0089,河北医科大学,,公共卫生与预防医学类(预防医学、妇幼保健医学),,,548,
0089,河北医科大学,,药学类(药学、药物制剂、药物分析、药物化学),,,580,
0089,河北医科大学,,康复治疗学,,,531,
0089,河北医科大学,,护理学类(护理学、助产学),,,549,
3415,河北医科大学临床学院,,临床医学,,,513,
3415,河北医科大学临床学院,,口腔医学,,,551,
3415,河北医科大学临床学院,,医学影像技术,,,492,
3415,河北医科大学临床学院,,护理学,,,497,
4432,河北中医药大学,,中医学,,,537,
4432,河北中医药大学,,针灸推拿学,,,520,
4432,河北中医药大学,,中药资源与开发,,,510,
4432,河北中医药大学,,康复治疗学,,,508,
4432,河北中医药大学,,医学检验技术,,,526,
4432,河北中医药大学,,医学影像技术,,,520,
4432,河北中医药大学,,护理学,,,519,
4432,河北中医药大学,,应用心理学,,,504,
0294,河海大学,,水文与水资源工程,,,621,
0294,河海大学,,水务工程,,,622,
0294,河海大学,,水利水电工程,,,628,
0294,河海大学,,智慧水利,,,625,
0294,河海大学,,港口航道与海岸工程,,,619,
0294,河海大学,,船舶与海洋工程,,,624,
0294,河海大学,,海洋资源开发技术,,,610,
0294,河海大学,,土木工程,,,585,
0294,河海大学,,智能建造,,,620,
0294,河海大学,,交通工程,,,618,
0294,河海大学,,给排水科学与工程,,,614,
0294,河海大学,,环境工程,,,607,
0294,河海大学,,能源与动力工程,,,624,
0294,河海大学,,电气工程及其自动化,,,637,
0294,河海大学,,计算机科学与技术,,,636,
0294,河海大学,,应用物理学,,,620,
0294,河海大学,,工程力学,,,621,
0294,河海大学,,测绘工程,,,603,
0294,河海大学,,地质工程,,,601,
0294,河海大学,,农业水利工程,,,616,
0294,河海大学,,海洋科学,,,611,
0294,河海大学,,海洋技术,,,611,
0294,河海大学,,遥感科学与技术,,,623,
0294,河海大学,,数学类(数学与应用数学、信息与计算科学),,,629,
0294,河海大学,,工程管理,,,598,
0294,河海大学,,大数据管理与应用,,,627,
0294,河海大学,,水利类(大禹强化班)(水文与水资源工程、水利水电工程、港口航道与海岸工程),,,643,
0294,河海大学,,机械工程,,,620,
0294,河海大学,,智能制造工程,,,624,
0294,河海大学,,通信工程,,,633,
0294,河海大学,,物联网工程,,,632,
0294,河海大学,,人工智能,,,634,
0294,河海大学,,自动化,,,632,
0294,河海大学,,新能源科学与工程,,,627,
0294,河海大学,,材料科学与工程,,,612,
0484,河南财经政法大学,,经济与贸易类(国际经济与贸易、贸易经济),,,584,
0484,河南财经政法大学,,计算机类(计算机科学与技术、物联网工程),,,576,
0484,河南财经政法大学,,法学,,,595,
0484,河南财经政法大学,,会计学,,,602,
0484,河南财经政法大学,,公共管理类(行政管理、劳动与社会保障),,,509,
0484,河南财经政法大学,,地理信息科学,,,536,
0484,河南财经政法大学,,人文地理与城乡规划,,,506,
1652,河南财政金融学院,,数据科学与大数据技术,,,523,
1652,河南财政金融学院,,工程造价,,,496,
1652,河南财政金融学院,,数学与应用数学,,,455,
1765,河南城建学院,,建筑环境与能源应用工程,,,452,
1765,河南城建学院,,新能源科学与工程,,,462,
1765,河南城建学院,,数学与应用数学,,,458,
1765,河南城建学院,,数据科学与大数据技术,,,464,
1765,河南城建学院,,遥感科学与技术,,,457,
0475,河南大学,,经济学类(经济学、金融学、财政学、国际经济与贸易),,,570,
0475,河南大学,,材料化学,,,565,
0475,河南大学,,生物科学(师范类),,,581,
0475,河南大学,,计算机类(计算机科学与技术、数据科学与大数据技术、信息安全),,,610,
0475,河南大学,,土木工程,,,530,
0475,河南大学,,建筑学,,,544,
0475,河南大学,,网络工程,,,578,
0475,河南大学,,软件工程,,,587,
1517,河南工程学院,,信息与计算科学,,,473,
1517,河南工程学院,,材料成型及控制工程,,,466,
1517,河南工程学院,,土木工程,,,465,
1517,河南工程学院,,服装设计与工程,,,469,
1517,河南工程学院,,资源环境科学,,,458,
1517,河南工程学院,,高分子材料与工程,,,461,
0463,河南工业大学,,材料科学与工程,,,531,
0463,河南工业大学,,电气工程及其自动化,,,590,
0463,河南工业大学,,法学,,,573,
0463,河南工业大学,,工商管理,,,533,
0463,河南工业大学,,化学工程与工艺,,,537,
0463,河南工业大学,,环境工程,,,489,
0463,河南工业大学,,会计学,,,560,
0463,河南工业大学,,机械设计制造及其自动化,,,582,
0463,河南工业大学,,建筑环境与能源应用工程,,,492,
0463,河南工业大学,,建筑学,,,543,
0463,河南工业大学,,金融学,,,538,
0463,河南工业大学,,经济学,,,533,
0463,河南工业大学,,空间信息与数字技术,,,532,
0463,河南工业大学,,生物技术,,,506,
0463,河南工业大学,,通信工程,,,583,
0463,河南工业大学,,物流管理,,,536,
0463,河南工业大学,,应用化学,,,533,
0463,河南工业大学,,应用物理学,,,537,
0463,河南工业大学,,制药工程,,,529,
0463,河南工业大学,,材料类(高分子材料与工程、复合材料与工程),,,519,
0463,河南工业大学,,食品科学与工程类(食品科学与工程、粮食工程、食品质量与安全),,,543,
0463,河南工业大学,,饲料工程,,,488,
0463,河南工业大学,,智能建造,,,518,
0463,河南工业大学,,食品科学与工程(智慧储运),,,548,
0463,河南工业大学,,食品科学与工程(油脂科学与技术),,,536,
0463,河南工业大学,,过程装备与控制工程,,,564,
0463,河南工业大学,,车辆工程,,,570,
0463,河南工业大学,,水质科学与技术,,,476,
3501,河南开封科技传媒学院,,经济学,,,448,
3501,河南开封科技传媒学院,,财务管理,,,453,
0464,河南科技大学,,知识产权,,,537,
0464,河南科技大学,,机械类(机械设计制造及其自动化、机械电子工程),,,560,
0464,河南科技大学,,材料成型及控制工程,,,532,
0464,河南科技大学,,车辆工程,,,558,
0464,河南科技大学,,材料类(冶金工程、金属材料工程、无机非金属材料工程、功能材料),,,519,
0464,河南科技大学,,能源与动力工程,,,553,
0464,河南科技大学,,电气工程及其自动化,,,583,
0464,河南科技大学,,电子信息类(电子信息工程、通信工程),,,581,
0464,河南科技大学,,计算机科学与技术,,,589,
0467,河南科技学院,,生物工程,,,460,
0467,河南科技学院,,食品质量与安全,,,465,
0467,河南科技学院,,动物科学,,,464,
0467,河南科技学院,,园艺,,,455,
0467,河南科技学院,,园林,,,460,
0467,河南科技学院,,植物保护,,,455,
0467,河南科技学院,,化学工程与工艺,,,458,
0460,河南理工大学,,通信工程,,,573,
0460,河南理工大学,,机械设计制造及其自动化,,,562,
0460,河南理工大学,,能源与动力工程,,,580,
0460,河南理工大学,,土木工程,,,481,
0460,河南理工大学,,测绘工程(导航方向),,,546,
0460,河南理工大学,,遥感科学与技术,,,561,
0460,河南理工大学,,土地资源管理,,,519,
0460,河南理工大学,,人文地理与城乡规划,,,467,
0460,河南理工大学,,智能采矿工程,,,468,
0460,河南理工大学,,安全工程(卓越计划班),,,537,
0460,河南理工大学,,智能材料与结构,,,518,
0460,河南理工大学,,计算机科学与技术,,,578,
0460,河南理工大学,,物联网工程,,,570,
0460,河南理工大学,,数学类(数学与应用数学、信息与计算科学),,,561,
0460,河南理工大学,,建筑类(建筑学、城乡规划),,,486,
0460,河南理工大学,,应急技术与管理,,,471,
0466,河南农业大学,,植物生产类(农学类)(农学、种子科学与工程),,,530,
0466,河南农业大学,,动物医学类(动物医学、兽医公共卫生),,,580,
0466,河南农业大学,,工商管理类(农林经济管理、工商管理、财务管理),,,529,
0466,河南农业大学,,轻工类(烟工类)[食品科学与工程(烟草工程)、香料香精技术与工程],,,574,
0466,河南农业大学,,烟草,,,594,
0466,河南农业大学,,食品科学与工程类(食品科学与工程、食品质量与安全、食品营养与健康),,,526,
0466,河南农业大学,,环境科学(中外合作办学),,,447,
0476,河南师范大学,,电子信息工程,,,501,
0476,河南师范大学,,水产类(水产养殖学、水族科学与技术),,,460,
0471,河南中医药大学,,中医骨伤科学,,,516,
0471,河南中医药大学,,针灸推拿学,,,536,
0471,河南中医药大学,,护理学,,,529,
0471,河南中医药大学,,计算机类(计算机科学与技术、软件工程、医学信息工程),,,518,
0740,河西学院,,应用化学,,,455,
0740,河西学院,,生物科学(师范类),,,472,
0740,河西学院,,能源与动力工程,,,463,
0740,河西学院,,电气工程及其自动化,,,484,
0740,河西学院,,农学,,,452,
0740,河西学院,,种子科学与工程,,,452,
0740,河西学院,,菌物科学与工程,,,453,
0740,河西学院,,护理学,,,480,
0455,菏泽学院,,生物工程,,,468,
0455,菏泽学院,,食品科学与工程,,,473,
0223,黑龙江八一农垦大学,,农学,,,492,
0223,黑龙江八一农垦大学,,植物保护,,,482,
0223,黑龙江八一农垦大学,,农业资源与环境,,,468,
0223,黑龙江八一农垦大学,,种子科学与工程,,,486,
0223,黑龙江八一农垦大学,,智慧农业,,,476,
0223,黑龙江八一农垦大学,,农业机械化及其自动化,,,475,
0223,黑龙江八一农垦大学,,农业电气化,,,484,
0223,黑龙江八一农垦大学,,机械设计制造及其自动化,,,482,
0223,黑龙江八一农垦大学,,交通运输,,,473,
0223,黑龙江八一农垦大学,,工业设计,,,481,
0223,黑龙江八一农垦大学,,动物科学,,,491,
0223,黑龙江八一农垦大学,,动物医学,,,527,
0223,黑龙江八一农垦大学,,草业科学,,,468,
0223,黑龙江八一农垦大学,,动物药学,,,498,
0223,黑龙江八一农垦大学,,会计学,,,520,
0223,黑龙江八一农垦大学,,人力资源管理,,,492,
0223,黑龙江八一农垦大学,,审计学,,,517,
0223,黑龙江八一农垦大学,,食品科学与工程,,,478,
0223,黑龙江八一农垦大学,,包装工程,,,464,
0223,黑龙江八一农垦大学,,食品质量与安全,,,476,
0223,黑龙江八一农垦大学,,粮食工程,,,474,
0223,黑龙江八一农垦大学,,计算机科学与技术,,,501,
0223,黑龙江八一农垦大学,,通信工程,,,490,
0223,黑龙江八一农垦大学,,生物技术,,,471,
0223,黑龙江八一农垦大学,,制药工程,,,489,
0223,黑龙江八一农垦大学,,设施农业科学与工程,,,466,
0223,黑龙江八一农垦大学,,风景园林,,,469,
0223,黑龙江八一农垦大学,,土木工程,,,460,
0223,黑龙江八一农垦大学,,水利水电工程,,,472,
3298,黑龙江财经学院,,金融学,,,438,
3298,黑龙江财经学院,,金融工程,,,428,
3298,黑龙江财经学院,,保险学,,,433,
3298,黑龙江财经学院,,互联网金融,,,442,
3298,黑龙江财经学院,,国际经济与贸易,,,423,
3298,黑龙江财经学院,,法学,,,461,
3298,黑龙江财经学院,,汉语言文学,,,451,
3298,黑龙江财经学院,,英语,,,436,
3298,黑龙江财经学院,,广告学,,,435,
3298,黑龙江财经学院,,电子信息工程,,,439,
3298,黑龙江财经学院,,计算机科学与技术,,,452,
3298,黑龙江财经学院,,数据科学与大数据技术,,,445,
3298,黑龙江财经学院,,信息管理与信息系统,,,423,
3298,黑龙江财经学院,,"工商管理类(隶属于管理学类,按管理学类培养分流)(工商管理、市场营销、人力资源管理、旅游管理、会展经济与管理)",,,416,
3298,黑龙江财经学院,,会计学,,,457,
3298,黑龙江财经学院,,财务管理,,,446,
3298,黑龙江财经学院,,国际商务,,,418,
3298,黑龙江财经学院,,审计学,,,450,
3298,黑龙江财经学院,,资产评估,,,437,
3298,黑龙江财经学院,,物流管理,,,429,
3298,黑龙江财经学院,,电子商务,,,436,
0212,黑龙江大学,,物理学,,,543,
0212,黑龙江大学,,化学,,,558,
0212,黑龙江大学,,应用心理学,,,534,
0212,黑龙江大学,,统计学,,,552,
0212,黑龙江大学,,机械设计制造及其自动化,,,570,
0212,黑龙江大学,,材料化学,,,534,
0212,黑龙江大学,,电气工程及其自动化,,,586,
0212,黑龙江大学,,水利水电工程,,,540,
0212,黑龙江大学,,农业水利工程,,,527,
0212,黑龙江大学,,数学与应用数学,,,560,
0212,黑龙江大学,,化学工程与工艺,,,523,
0212,黑龙江大学,,生物技术,,,511,
0212,黑龙江大学,,网络空间安全,,,562,
1446,黑龙江东方学院,,计算机科学与技术,,,440,
1446,黑龙江东方学院,,土木工程,,,405,
1802,黑龙江工程学院,,电气工程及其自动化,,,524,
1802,黑龙江工程学院,,计算机类(计算机科学与技术、软件工程),,,496,
1802,黑龙江工程学院,,会计学,,,513,
1802,黑龙江工程学院,,电子信息工程,,,493,
1802,黑龙江工程学院,,车辆工程,,,477,
1802,黑龙江工程学院,,机械类(材料成型及控制工程、机械电子工程),,,477,
1802,黑龙江工程学院,,遥感科学与技术,,,472,
1802,黑龙江工程学院,,建筑环境与能源应用工程,,,460,
1802,黑龙江工程学院,,土木类(土木工程、道路桥梁与渡河工程),,,465,
1802,黑龙江工程学院,,城乡规划,,,464,
1802,黑龙江工程学院,,地理信息科学,,,480,
1802,黑龙江工程学院,,材料类(材料科学与工程、复合材料与工程、功能材料),,,463,
1802,黑龙江工程学院,,市场营销,,,468,
1802,黑龙江工程学院,,新能源汽车工程,,,509,
1802,黑龙江工程学院,,人工智能,,,494,
1802,黑龙江工程学院,,机器人工程,,,489,
1802,黑龙江工程学院,,数据科学与大数据技术,,,491,
1802,黑龙江工程学院,,俄语,,,481,
1802,黑龙江工程学院,,高分子材料与工程,,,466,
1802,黑龙江工程学院,,社会工作,,,466,
1802,黑龙江工程学院,,金融工程,,,473,
3300,黑龙江工商学院,,金融学,,,410,
3300,黑龙江工商学院,,计算机科学与技术,,,411,
3300,黑龙江工商学院,,车辆工程,,,395,
1445,黑龙江工业学院,,电气工程及其自动化,,,497,
1445,黑龙江工业学院,,人工智能,,,470,
1445,黑龙江工业学院,,数据科学与大数据技术,,,480,
1445,黑龙江工业学院,,土木工程,,,457,
1445,黑龙江工业学院,,测绘工程,,,462,
1445,黑龙江工业学院,,工程造价,,,471,
1445,黑龙江工业学院,,机械设计制造及其自动化,,,479,
1445,黑龙江工业学院,,智能制造工程,,,474,
1445,黑龙江工业学院,,采矿工程,,,454,
1445,黑龙江工业学院,,矿物加工工程,,,457,
1445,黑龙江工业学院,,食品质量与安全,,,468,
0219,黑龙江科技大学,,电气工程及其自动化,,,555,
0219,黑龙江科技大学,,自动化,,,524,
0219,黑龙江科技大学,,电气工程与智能控制,,,546,
0219,黑龙江科技大学,,机械设计制造及其自动化,,,519,
0219,黑龙江科技大学,,机械电子工程,,,503,
0219,黑龙江科技大学,,机械工艺技术,,,490,
0219,黑龙江科技大学,,人工智能,,,511,
0219,黑龙江科技大学,,电子信息工程,,,506,
0219,黑龙江科技大学,,电子信息科学与技术,,,512,
0219,黑龙江科技大学,,焊接技术与工程,,,476,
0219,黑龙江科技大学,,建筑学,,,491,
0219,黑龙江科技大学,,城乡规划,,,481,
0219,黑龙江科技大学,,风景园林,,,488,
0219,黑龙江科技大学,,道路桥梁与渡河工程,,,474,
0219,黑龙江科技大学,,计算机科学与技术,,,535,
0219,黑龙江科技大学,,软件工程,,,528,
0219,黑龙江科技大学,,物联网工程,,,505,
0219,黑龙江科技大学,,数据科学与大数据技术,,,515,
0219,黑龙江科技大学,,数学与应用数学,,,509,
0219,黑龙江科技大学,,工程力学,,,479,
0219,黑龙江科技大学,,应用物理学,,,466,
0219,黑龙江科技大学,,采矿工程,,,466,
0219,黑龙江科技大学,,智能采矿工程,,,533,
0219,黑龙江科技大学,,安全工程,,,481,
0219,黑龙江科技大学,,工商管理,,,487,
3296,黑龙江外国语学院,,小学教育,,,420,
3296,黑龙江外国语学院,,日语(精英班),,,433,
3296,黑龙江外国语学院,,计算机科学与技术(精英班),,,404,
3296,黑龙江外国语学院,,软件工程(精英班),,,400,
0228,黑龙江中医药大学,,中医学(5+3一体化),,,608,
0228,黑龙江中医药大学,,"中医学(5+3一体化,专业硕士儿科学)",,,603,
0228,黑龙江中医药大学,,中医学,,,578,
0228,黑龙江中医药大学,,中西医临床医学,,,550,
0228,黑龙江中医药大学,,中医骨伤科学,,,554,
0228,黑龙江中医药大学,,针灸推拿学,,,562,
0228,黑龙江中医药大学,,康复治疗学,,,507,
0228,黑龙江中医药大学,,中医康复学,,,542,
0228,黑龙江中医药大学,,中药学,,,560,
0228,黑龙江中医药大学,,药物制剂,,,530,
0228,黑龙江中医药大学,,药学,,,543,
0228,黑龙江中医药大学,,中药制药,,,519,
0228,黑龙江中医药大学,,市场营销,,,472,
0228,黑龙江中医药大学,,医学信息工程,,,504,
0228,黑龙江中医药大学,,护理学,,,510,
0228,黑龙江中医药大学,,医学检验技术,,,517,
0101,衡水学院,,经济与金融,,,469,
0101,衡水学院,,国际经济与贸易,,,469,
0101,衡水学院,,学前教育(师范类),,,495,
0101,衡水学院,,化学(师范类),,,491,
0101,衡水学院,,应用化学,,,459,
0101,衡水学院,,机械电子工程,,,472,
0101,衡水学院,,计算机科学与技术,,,506,
0101,衡水学院,,网络工程,,,484,
0101,衡水学院,,数字媒体技术,,,490,
0101,衡水学院,,智能医学工程,,,468,
0101,衡水学院,,人力资源管理,,,472,
0101,衡水学院,,数学与应用数学(中外合作办学),,,445,
0546,衡阳师范学院,,经济学,,,490,
0546,衡阳师范学院,,财务管理,,,506,
0546,衡阳师范学院,,电子商务,,,474,
0546,衡阳师范学院,,旅游管理,,,461,
0546,衡阳师范学院,,化学生物学,,,482,
0546,衡阳师范学院,,电子信息工程,,,514,
0546,衡阳师范学院,,网络空间安全,,,485,
0687,红河学院,,计算机科学与技术,,,472,
0687,红河学院,,电气工程及其自动化,,,469,
0687,红河学院,,机械工程,,,461,
1709,呼和浩特民族学院,,小学教育(师范类),,,371,
1709,呼和浩特民族学院,,计算机科学与技术,,,472,
1709,呼和浩特民族学院,,小学教育(师范类),,,466,
0819,呼伦贝尔学院,,采矿工程,,,453,
0512,湖北大学,,生物科学类(生物科学、生物信息学),,,566,
0512,湖北大学,,化学类(化学、应用化学、化学生物学),,,560,
0512,湖北大学,,材料类(材料科学与工程、材料化学、高分子材料与工程),,,563,
0512,湖北大学,,新闻传播学类(新闻学、广告学、传播学),,,559,
0512,湖北大学,,信息安全,,,593,
0512,湖北大学,,合成生物学,,,550,
0512,湖北大学,,新能源材料与器件,,,564,
3234,湖北大学知行学院,,汉语言文学(教育、对外教学、写作方向),,,460,
3234,湖北大学知行学院,,生物技术(制药、生物大数据分析方向),,,440,
3234,湖北大学知行学院,,机器人工程,,,452,
0528,湖北工程学院,,金融工程,,,480,
0528,湖北工程学院,,电子信息科学与技术,,,549,
0528,湖北工程学院,,材料化学,,,468,
0528,湖北工程学院,,高分子材料与工程,,,472,
0528,湖北工程学院,,食品科学与工程,,,473,
0528,湖北工程学院,,机械设计制造及其自动化,,,518,
0528,湖北工程学院,,人工智能,,,533,
0528,湖北工程学院,,土木工程,,,488,
0500,湖北工业大学,,机械设计制造及其自动化,,,589,
0500,湖北工业大学,,电气工程及其自动化,,,599,
0500,湖北工业大学,,计算机科学与技术,,,598,
0500,湖北工业大学,,软件工程,,,597,
1600,湖北经济学院,,电子商务,,,465,
1600,湖北经济学院,,金融学,,,539,
1600,湖北经济学院,,经济学,,,532,
0927,湖北科技学院,,电子信息类(光电信息科学与工程、电子信息科学与技术),,,496,
0927,湖北科技学院,,核工程与核技术,,,499,
0927,湖北科技学院,,生物医学工程,,,476,
0920,湖北理工学院,,通信工程,,,501,
0920,湖北理工学院,,电气工程及其自动化,,,513,
0920,湖北理工学院,,生物制药,,,486,
0517,湖北民族大学,,计算机科学与技术,,,518,
0517,湖北民族大学,,临床医学,,,535,
0517,湖北民族大学,,少数民族预科班,,,479,
0517,湖北民族大学,,中医学,,,514,
0525,湖北汽车工业学院,,车辆工程,,,545,
0525,湖北汽车工业学院,,新能源材料与器件,,,536,
0513,湖北师范大学,,化学(师范类),,,548,
0513,湖北师范大学,,环境工程,,,467,
0513,湖北师范大学,,生物科学(师范类),,,548,
0519,湖北文理学院,,计算机科学与技术,,,506,
0929,湖北医药学院,,临床医学,,,586,
0929,湖北医药学院,,医学影像学,,,571,
0929,湖北医药学院,,精神医学,,,544,
0929,湖北医药学院,,儿科学,,,549,
0929,湖北医药学院,,口腔医学,,,590,
3249,湖北医药学院药护学院,,临床医学,,,486,
3249,湖北医药学院药护学院,,麻醉学,,,492,
0507,湖北中医药大学,,中医学,,,557,
0507,湖北中医药大学,,中西医临床医学,,,573,
0507,湖北中医药大学,,针灸推拿学,,,565,
0507,湖北中医药大学,,中医骨伤科学,,,548,
0507,湖北中医药大学,,医学实验技术,,,523,
0507,湖北中医药大学,,中药学,,,551,
0507,湖北中医药大学,,药学,,,541,
0507,湖北中医药大学,,制药工程,,,536,
0507,湖北中医药大学,,药物制剂,,,539,
0507,湖北中医药大学,,中药资源与开发,,,524,
0507,湖北中医药大学,,医学检验技术,,,562,
0507,湖北中医药大学,,卫生检验与检疫,,,534,
0507,湖北中医药大学,,生物技术,,,509,
0507,湖北中医药大学,,护理学,,,529,
1532,湖南财政经济学院,,金融学,,,521,
1532,湖南财政经济学院,,计算机科学与技术,,,554,
1532,湖南财政经济学院,,会计学,,,551,
1532,湖南财政经济学院,,财政学类(财政学、税收学),,,537,
1527,湖南城市学院,,建筑环境与能源应用工程,,,455,
1527,湖南城市学院,,土木工程,,,446,
1527,湖南城市学院,,水利水电工程,,,467,
1527,湖南城市学院,,交通工程,,,459,
1527,湖南城市学院,,工程管理,,,466,
1527,湖南城市学院,,机械电子工程,,,479,
0532,湖南大学,,经济学类(经济学、财政学),,,633,
0532,湖南大学,,金融学,,,633,
0532,湖南大学,,精算学,,,652,
0532,湖南大学,,金融科技,,,643,
0532,湖南大学,,国际经济与贸易(实验班),,,641,
0532,湖南大学,,法学,,,640,
0532,湖南大学,,数学类(信息与计算科学、数学与应用数学),,,649,
0532,湖南大学,,化学类(化学、应用化学、化学生物学),,,634,
0532,湖南大学,,生物技术,,,637,
0532,湖南大学,,统计学类(统计学、经济统计学),,,645,
0532,湖南大学,,工程力学(力学实验班),,,643,
0532,湖南大学,,机械类(机械设计制造及其自动化、车辆工程、工业工程),,,645,
0532,湖南大学,,工业设计,,,639,
0532,湖南大学,,智能制造工程,,,648,
0532,湖南大学,,智能车辆工程,,,644,
0532,湖南大学,,测控技术与仪器,,,644,
0532,湖南大学,,材料科学与工程,,,633,
0532,湖南大学,,能源与动力工程(未来能源与动力创新实验班),,,649,
0532,湖南大学,,电气工程及其自动化,,,656,
0532,湖南大学,,电子信息工程,,,660,
0532,湖南大学,,电子科学与技术,,,653,
0532,湖南大学,,通信工程,,,653,
0532,湖南大学,,微电子科学与工程,,,656,
0532,湖南大学,,人工智能,,,653,
0532,湖南大学,,机器人工程,,,653,
0532,湖南大学,,计算机科学与技术,,,661,
0532,湖南大学,,计算机科学与技术(智能班),,,660,
0532,湖南大学,,软件工程,,,656,
0532,湖南大学,,信息安全,,,652,
0532,湖南大学,,给排水科学与工程,,,635,
0532,湖南大学,,智能建造,,,632,
0532,湖南大学,,化学工程与工艺,,,633,
0532,湖南大学,,生物医学工程,,,646,
0532,湖南大学,,建筑学,,,625,
0532,湖南大学,,大数据管理与应用,,,639,
0532,湖南大学,,工商管理,,,630,
0532,湖南大学,,会计学,,,642,
0532,湖南大学,,少数民族预科班,,,630,
2034,湖南第一师范学院,,电子信息工程,,,548,
2034,湖南第一师范学院,,计算机科学与技术,,,541,
2034,湖南第一师范学院,,微电子科学与工程,,,540,
2034,湖南第一师范学院,,智能制造工程,,,528,
2034,湖南第一师范学院,,软件工程,,,543,
2034,湖南第一师范学院,,网络空间安全,,,536,
2034,湖南第一师范学院,,电气工程及其自动化,,,546,
2034,湖南第一师范学院,,机器人工程,,,529,
1342,湖南工程学院,,英语,,,508,
1342,湖南工程学院,,统计学,,,482,
1342,湖南工程学院,,机械设计制造及其自动化,,,504,
1342,湖南工程学院,,高分子材料与工程,,,463,
1342,湖南工程学院,,新能源科学与工程,,,509,
1342,湖南工程学院,,电气工程及其自动化,,,519,
1342,湖南工程学院,,通信工程,,,505,
1342,湖南工程学院,,土木工程,,,459,
1342,湖南工程学院,,市场营销,,,463,
0554,湖南工商大学,,工商管理类(工商管理、市场营销、人力资源管理),,,492,
0554,湖南工商大学,,财务管理,,,549,
0554,湖南工商大学,,法学,,,575,
0554,湖南工商大学,,人工智能(智慧城市建设与智慧社会治理院士卓越班),,,573,
0554,湖南工商大学,,数据科学与大数据技术(院士卓越班),,,557,
0554,湖南工商大学,,电子信息工程(电子信息与集成电路院士卓越班),,,561,
0554,湖南工商大学,,信息管理与信息系统,,,547,
0554,湖南工商大学,,工程管理,,,521,
0554,湖南工商大学,,人工智能(大数据与AI院士卓越班),,,569,
0554,湖南工商大学,,智能制造工程,,,549,
0554,湖南工商大学,,通信工程,,,569,
1528,湖南工学院,,机械设计制造及其自动化,,,487,
1528,湖南工学院,,材料成型及控制工程,,,460,
1528,湖南工学院,,无机非金属材料工程,,,460,
1528,湖南工学院,,安全工程,,,477,
1528,湖南工学院,,物流工程,,,472,
1528,湖南工学院,,电子信息工程,,,491,
1528,湖南工学院,,化学工程与工艺,,,467,
1535,湖南工业大学,,高分子材料与工程,,,536,
1535,湖南工业大学,,无机非金属材料工程,,,463,
1535,湖南工业大学,,通信工程,,,584,
1535,湖南工业大学,,电子商务,,,487,
1535,湖南工业大学,,财务管理,,,548,
1535,湖南工业大学,,包装设计,,,493,
1535,湖南工业大学,,数字媒体艺术,,,533,
1535,湖南工业大学,,产品设计,,,483,
0534,湖南科技大学,,建筑环境与能源应用工程,,,511,
0534,湖南科技大学,,土木工程,,,450,
0534,湖南科技大学,,机械设计制造及其自动化,,,591,
0534,湖南科技大学,,测控技术与仪器,,,567,
0534,湖南科技大学,,车辆工程,,,580,
0534,湖南科技大学,,机械设计制造及其自动化(卓越工程师班),,,591,
0534,湖南科技大学,,工业工程,,,546,
0534,湖南科技大学,,海洋机器人,,,562,
0534,湖南科技大学,,电气工程及其自动化,,,598,
0534,湖南科技大学,,电气工程及其自动化(卓越工程师班),,,599,
0534,湖南科技大学,,自动化,,,587,
0534,湖南科技大学,,电子信息工程,,,598,
0534,湖南科技大学,,通信工程,,,594,
0534,湖南科技大学,,机器人工程,,,582,
0534,湖南科技大学,,计算机科学与技术,,,599,
0534,湖南科技大学,,信息安全,,,593,
0534,湖南科技大学,,物联网工程,,,586,
0534,湖南科技大学,,应用化学,,,553,
0534,湖南科技大学,,化学工程与工艺,,,545,
0534,湖南科技大学,,化学工程与工艺(卓越工程师班),,,550,
0534,湖南科技大学,,制药工程,,,537,
0534,湖南科技大学,,能源化学工程,,,561,
0534,湖南科技大学,,数学与应用数学(师范类),,,580,
0534,湖南科技大学,,信息与计算科学,,,579,
0534,湖南科技大学,,物理学(师范类),,,555,
0534,湖南科技大学,,光电信息科学与工程,,,578,
0534,湖南科技大学,,生物工程,,,535,
0534,湖南科技大学,,建筑学,,,523,
0534,湖南科技大学,,风景园林,,,538,
0534,湖南科技大学,,汉语国际教育,,,547,
0534,湖南科技大学,,教育学(师范类),,,546,
0534,湖南科技大学,,教育技术学(师范类),,,492,
0534,湖南科技大学,,应用心理学(师范类),,,541,
0534,湖南科技大学,,经济学,,,553,
0534,湖南科技大学,,财务管理,,,567,
0534,湖南科技大学,,电子商务,,,563,
0534,湖南科技大学,,金融工程,,,545,
0534,湖南科技大学,,数字经济,,,557,
0534,湖南科技大学,,采矿工程,,,471,
0534,湖南科技大学,,安全工程,,,533,
0534,湖南科技大学,,应急技术与管理,,,501,
0534,湖南科技大学,,环境工程,,,487,
0534,湖南科技大学,,材料科学与工程,,,508,
0534,湖南科技大学,,智能材料与结构,,,549,
0534,湖南科技大学,,公共事业管理,,,512,
0534,湖南科技大学,,勘查技术与工程,,,489,
0534,湖南科技大学,,测绘工程,,,525,
0534,湖南科技大学,,遥感科学与技术,,,543,
0534,湖南科技大学,,集成电路设计与集成系统,,,579,
0534,湖南科技大学,,智能制造工程,,,580,
0534,湖南科技大学,,给排水科学与工程,,,515,
2649,湖南科技大学潇湘学院,,机械设计制造及其自动化,,,460,
2649,湖南科技大学潇湘学院,,会计学,,,468,
0551,湖南科技学院,,智能建造,,,466,
0551,湖南科技学院,,化学(师范类),,,484,
0551,湖南科技学院,,金融工程,,,462,
0551,湖南科技学院,,信息与计算科学,,,485,
0551,湖南科技学院,,电子科学与技术,,,484,
0551,湖南科技学院,,软件工程,,,500,
0551,湖南科技学院,,制药工程,,,470,
0551,湖南科技学院,,教育技术学(师范类),,,461,
0543,湖南理工学院,,法学,,,556,
0543,湖南理工学院,,电子科学与技术,,,533,
0543,湖南理工学院,,土木工程,,,445,
0543,湖南理工学院,,应用化学(中外合作办学),,,451,
0537,湖南农业大学,,动物科学,,,524,
0537,湖南农业大学,,水产养殖学,,,487,
0537,湖南农业大学,,水生动物医学,,,497,
0537,湖南农业大学,,植物保护,,,525,
0537,湖南农业大学,,动植物检疫,,,506,
0537,湖南农业大学,,车辆工程,,,546,
0537,湖南农业大学,,农业机械化及其自动化,,,540,
0537,湖南农业大学,,工程管理,,,509,
0537,湖南农业大学,,土木工程,,,447,
0537,湖南农业大学,,农学,,,537,
0537,湖南农业大学,,生态学,,,495,
0537,湖南农业大学,,农业资源与环境,,,502,
0537,湖南农业大学,,土地资源管理,,,512,
0537,湖南农业大学,,生物工程,,,516,
0537,湖南农业大学,,生物科学,,,530,
0537,湖南农业大学,,动物医学,,,574,
0537,湖南农业大学,,应用化学,,,521,
0537,湖南农业大学,,园艺,,,512,
0537,湖南农业大学,,中药资源与开发,,,498,
0537,湖南农业大学,,食品科学与工程,,,540,
0537,湖南农业大学,,公共管理类(行政管理、公共事业管理、劳动与社会保障),,,513,
0537,湖南农业大学,,电子信息工程,,,552,
0537,湖南农业大学,,数据科学与大数据技术,,,562,
0537,湖南农业大学,,统计学,,,540,
0537,湖南农业大学,,会计学,,,547,
0537,湖南农业大学,,农林经济管理,,,513,
0537,湖南农业大学,,园林,,,484,
0537,湖南农业大学,,风景园林,,,532,
1538,湖南女子学院,,人工智能,,,463,
1538,湖南女子学院,,数据科学与大数据技术,,,468,
1538,湖南女子学院,,市场营销,,,457,
1538,湖南女子学院,,人力资源管理,,,466,
0553,湖南人文科技学院,,农学,,,454,
0553,湖南人文科技学院,,法学,,,529,
0553,湖南人文科技学院,,英语(师范类),,,506,
0553,湖南人文科技学院,,应用心理学(师范类),,,475,
0553,湖南人文科技学院,,金融工程,,,459,
0553,湖南人文科技学院,,环境工程,,,454,
2303,湖南涉外经济学院,,法学,,,457,
2303,湖南涉外经济学院,,汉语言文学,,,424,
2303,湖南涉外经济学院,,网络与新媒体,,,421,
2303,湖南涉外经济学院,,金融学,,,412,
2303,湖南涉外经济学院,,工商管理,,,412,
2303,湖南涉外经济学院,,会计学,,,437,
2303,湖南涉外经济学院,,商务英语,,,394,
2303,湖南涉外经济学院,,计算机科学与技术,,,419,
2303,湖南涉外经济学院,,软件工程,,,407,
2303,湖南涉外经济学院,,机械设计制造及其自动化,,,416,
2303,湖南涉外经济学院,,数据科学与大数据技术,,,401,
2303,湖南涉外经济学院,,人工智能,,,408,
0542,湖南师范大学,,法学,,,624,
0542,湖南师范大学,,经济学,,,596,
0542,湖南师范大学,,金融学,,,594,
0542,湖南师范大学,,国际经济与贸易,,,577,
0542,湖南师范大学,,旅游管理类(旅游管理、酒店管理、会展经济与管理),,,553,
0542,湖南师范大学,,外国语言文学类(英语、俄语、德语、法语、西班牙语、阿拉伯语、日语、朝鲜语、葡萄牙语、翻译),,,602,
0542,湖南师范大学,,数学与应用数学(师范类),,,630,
0542,湖南师范大学,,数据科学与大数据技术,,,617,
0542,湖南师范大学,,物理学类(物理学、应用物理学),,,617,
0542,湖南师范大学,,化学(师范类),,,628,
0542,湖南师范大学,,化工与制药类(化学工程与工艺、制药工程),,,591,
0542,湖南师范大学,,生物科学类(生物科学、生物技术),,,607,
0542,湖南师范大学,,人文地理与城乡规划,,,583,
0542,湖南师范大学,,临床医学,,,597,
0542,湖南师范大学,,药学,,,583,
0542,湖南师范大学,,预防医学,,,567,
0542,湖南师范大学,,计算机科学与技术,,,620,
0542,湖南师范大学,,软件工程,,,615,
0542,湖南师范大学,,通信工程,,,614,
0542,湖南师范大学,,物联网工程,,,615,
0542,湖南师范大学,,新闻传播学类(新闻学、编辑出版学、广告学、网络与新媒体),,,590,
0549,湖南文理学院,,电子信息科学与技术,,,495,
0549,湖南文理学院,,材料科学与工程,,,462,
0549,湖南文理学院,,网络工程,,,484,
0549,湖南文理学院,,机械设计制造及其自动化,,,491,
0549,湖南文理学院,,土木工程,,,449,
0549,湖南文理学院,,化学(师范类),,,496,
2214,湖南医药学院,,临床医学,,,551,
2214,湖南医药学院,,医学影像技术,,,508,
2214,湖南医药学院,,药学,,,502,
0541,湖南中医药大学,,中医学(卓越1班、5+3一体化),,,619,
0541,湖南中医药大学,,中医学,,,589,
0541,湖南中医药大学,,中西医临床医学,,,565,
0541,湖南中医药大学,,针灸推拿学,,,568,
0541,湖南中医药大学,,临床医学,,,582,
0541,湖南中医药大学,,医学影像学,,,590,
0541,湖南中医药大学,,口腔医学,,,608,
0541,湖南中医药大学,,医学检验技术,,,546,
0541,湖南中医药大学,,护理学,,,522,
0541,湖南中医药大学,,药学,,,545,
0541,湖南中医药大学,,药物制剂,,,544,
0541,湖南中医药大学,,中药学,,,539,
0541,湖南中医药大学,,计算机科学与技术,,,573,
0541,湖南中医药大学,,中医养生学,,,534,
0541,湖南中医药大学,,中医康复学,,,550,
0541,湖南中医药大学,,中医学(卓越3班、5+3一体化),,,613,
0541,湖南中医药大学,,中医儿科学,,,572,
0541,湖南中医药大学,,中医骨伤科学,,,560,
0347,湖州师范学院,,电子信息工程,,,524,
0347,湖州师范学院,,制药工程,,,500,
0347,湖州师范学院,,临床医学,,,573,
0347,湖州师范学院,,护理学,,,505,
0079,华北电力大学(保定),,电气工程及其自动化,,,650,
0079,华北电力大学(保定),,通信工程,,,632,
0079,华北电力大学(保定),,电子信息科学与技术,,,633,
0079,华北电力大学(保定),,集成电路设计与集成系统,,,631,
0079,华北电力大学(保定),,能源与动力工程,,,626,
0079,华北电力大学(保定),,储能科学与工程,,,625,
0079,华北电力大学(保定),,氢能科学与工程,,,626,
0079,华北电力大学(保定),,建筑环境与能源应用工程,,,601,
0079,华北电力大学(保定),,机械工程,,,618,
0079,华北电力大学(保定),,智能制造工程,,,624,
0079,华北电力大学(保定),,工业工程,,,610,
0079,华北电力大学(保定),,环境科学与工程类(环境科学、环境工程、能源化学工程、应用化学),,,597,
0079,华北电力大学(保定),,经济学,,,607,
0079,华北电力大学(保定),,信息管理与信息系统,,,615,
0079,华北电力大学(保定),,工程造价,,,606,
0079,华北电力大学(保定),,会计学,,,613,
0079,华北电力大学(保定),,信息与计算科学,,,622,
0079,华北电力大学(保定),,数据科学与大数据技术,,,630,
0079,华北电力大学(保定),,应用物理学,,,617,
0079,华北电力大学(保定),,测控技术与仪器,,,625,
0079,华北电力大学(保定),,自动化,,,639,
0079,华北电力大学(保定),,机器人工程,,,633,
0079,华北电力大学(保定),,计算机科学与技术,,,630,
0079,华北电力大学(保定),,网络空间安全,,,627,
0079,华北电力大学(保定),,软件工程,,,629,
0079,华北电力大学(保定),,智能科学与技术,,,627,
0054,华北电力大学(北京),,电气工程及其自动化,,,659,
0054,华北电力大学(北京),,智能电网信息工程,,,657,
0054,华北电力大学(北京),,电子信息工程,,,654,
0054,华北电力大学(北京),,电子科学与技术,,,651,
0054,华北电力大学(北京),,通信工程,,,649,
0054,华北电力大学(北京),,机械工程,,,635,
0054,华北电力大学(北京),,材料科学与工程,,,627,
0054,华北电力大学(北京),,能源与动力工程,,,638,
0054,华北电力大学(北京),,储能科学与工程,,,639,
0054,华北电力大学(北京),,氢能科学与工程,,,644,
0054,华北电力大学(北京),,测控技术与仪器,,,632,
0054,华北电力大学(北京),,人工智能,,,647,
0054,华北电力大学(北京),,自动化,,,641,
0054,华北电力大学(北京),,机器人工程,,,653,
0054,华北电力大学(北京),,计算机科学与技术,,,653,
0054,华北电力大学(北京),,金融学,,,615,
0054,华北电力大学(北京),,工程管理,,,620,
0054,华北电力大学(北京),,工商管理,,,617,
0054,华北电力大学(北京),,会计学,,,618,
0054,华北电力大学(北京),,供应链管理,,,619,
0054,华北电力大学(北京),,能源动力类(新能源)(新能源科学与工程、新能源材料与器件),,,634,
0054,华北电力大学(北京),,核工程类(核工程与核技术、辐射防护与核安全),,,631,
0054,华北电力大学(北京),,信息与计算科学,,,634,
0054,华北电力大学(北京),,应用物理学,,,635,
0054,华北电力大学(北京),,应用化学,,,619,
0054,华北电力大学(北京),,碳储科学与工程,,,633,
0054,华北电力大学(北京),,环境科学,,,615,
0054,华北电力大学(北京),,水利类(水利水电工程、水文与水资源工程),,,633,
1104,华北科技学院,,应急技术与管理,,,519,
1104,华北科技学院,,采矿工程,,,456,
1104,华北科技学院,,安全生产监管,,,509,
1104,华北科技学院,,安全工程,,,515,
1104,华北科技学院,,化工安全工程,,,466,
1104,华北科技学院,,材料科学与工程,,,462,
1104,华北科技学院,,机械设计制造及其自动化,,,519,
1104,华北科技学院,,电气工程及其自动化,,,546,
1104,华北科技学院,,自动化,,,535,
1104,华北科技学院,,信息工程,,,498,
1104,华北科技学院,,计算机科学与技术,,,549,
1104,华北科技学院,,软件工程,,,525,
1104,华北科技学院,,公共事业管理,,,464,
1104,华北科技学院,,建筑环境与能源应用工程,,,458,
1104,华北科技学院,,地理信息科学,,,476,
0081,华北理工大学,,矿业类(采矿工程、矿物加工工程),,,490,
0081,华北理工大学,,测绘工程,,,517,
0081,华北理工大学,,环境工程,,,479,
0081,华北理工大学,,材料类(冶金工程、金属材料工程),,,476,
0081,华北理工大学,,车辆工程,,,553,
0081,华北理工大学,,智能制造工程,,,553,
0081,华北理工大学,,化学,,,527,
0081,华北理工大学,,应用化学,,,529,
0081,华北理工大学,,工程管理,,,525,
0081,华北理工大学,,工程管理,,,440,
0081,华北理工大学,,给排水科学与工程,,,510,
0081,华北理工大学,,临床医学,,,594,
0081,华北理工大学,,麻醉学,,,592,
0081,华北理工大学,,预防医学,,,531,
0081,华北理工大学,,无机非金属材料工程,,,487,
0081,华北理工大学,,测控技术与仪器,,,550,
0081,华北理工大学,,信息管理与信息系统,,,545,
0081,华北理工大学,,金融学,,,538,
0081,华北理工大学,,金融学,,,507,
0081,华北理工大学,,康复治疗学,,,517,
0081,华北理工大学,,药学,,,536,
0081,华北理工大学,,计算机科学与技术,,,595,
0081,华北理工大学,,电子信息工程,,,574,
0081,华北理工大学,,人工智能,,,563,
0081,华北理工大学,,信息与计算科学,,,553,
0081,华北理工大学,,智能科学与技术,,,557,
0081,华北理工大学,,英语,,,521,
0081,华北理工大学,,英语,,,438,
0081,华北理工大学,,翻译,,,510,
0081,华北理工大学,,匈牙利语,,,454,
0081,华北理工大学,,精神医学,,,547,
0081,华北理工大学,,安全工程,,,521,
0081,华北理工大学,,地质工程,,,497,
0081,华北理工大学,,交通运输,,,540,
0081,华北理工大学,,机械设计制造及其自动化(中外合作办学),,,452,
0081,华北理工大学,,化学(中外合作办学),,,448,
0081,华北理工大学,,电气工程及其自动化(中外合作办学),,,502,
3408,华北理工大学轻工学院,,财务管理,,,446,
3408,华北理工大学轻工学院,,机械电子工程,,,445,
3408,华北理工大学轻工学院,,机械设计制造及其自动化,,,446,
3408,华北理工大学轻工学院,,工程造价,,,433,
3408,华北理工大学轻工学院,,土木工程,,,428,
3408,华北理工大学轻工学院,,电气工程及其自动化,,,448,
3408,华北理工大学轻工学院,,计算机科学与技术,,,441,
3408,华北理工大学轻工学院,,物联网工程,,,438,
3408,华北理工大学轻工学院,,软件工程,,,436,
0078,华北水利水电大学,,水利水电工程,,,581,
0078,华北水利水电大学,,水文与水资源工程,,,560,
0078,华北水利水电大学,,城市地下空间工程,,,514,
0078,华北水利水电大学,,地质工程,,,544,
0078,华北水利水电大学,,材料成型及控制工程,,,557,
0078,华北水利水电大学,,土木工程,,,537,
0078,华北水利水电大学,,道路桥梁与渡河工程,,,565,
0078,华北水利水电大学,,智能建造,,,559,
0078,华北水利水电大学,,电气工程及其自动化,,,598,
0078,华北水利水电大学,,能源与动力工程(热动),,,581,
0078,华北水利水电大学,,机械类(机械设计制造及其自动化、车辆工程、智能制造工程),,,573,
0078,华北水利水电大学,,环境工程,,,487,
0078,华北水利水电大学,,会计学,,,570,
0078,华北水利水电大学,,电子信息工程,,,592,
0078,华北水利水电大学,,土木工程(中外合作办学),,,453,
0078,华北水利水电大学,,测绘工程(中外合作办学),,,474,
0078,华北水利水电大学,,能源与动力工程(中外合作办学),,,530,
0078,华北水利水电大学,,给排水科学与工程(中外合作办学),,,479,
0078,华北水利水电大学,,建筑学(中外合作办学),,,474,
0404,华东交通大学,,土木工程,,,534,
0404,华东交通大学,,建筑环境与能源应用工程,,,523,
0404,华东交通大学,,给排水科学与工程,,,530,
0404,华东交通大学,,建筑学,,,515,
0404,华东交通大学,,智能建造,,,548,
0404,华东交通大学,,工程管理(中外合作办学),,,509,
0404,华东交通大学,,机械设计制造及其自动化,,,572,
0404,华东交通大学,,机械电子工程,,,573,
0404,华东交通大学,,车辆工程,,,584,
0404,华东交通大学,,智能制造工程,,,570,
0404,华东交通大学,,电气工程及其自动化,,,592,
0404,华东交通大学,,自动化,,,584,
0404,华东交通大学,,电子信息工程,,,581,
0404,华东交通大学,,交通运输,,,584,
0404,华东交通大学,,铁道工程,,,570,
0404,华东交通大学,,数字经济,,,545,
0404,华东交通大学,,法学,,,572,
0404,华东交通大学,,通信工程,,,579,
0404,华东交通大学,,人工智能,,,584,
0404,华东交通大学,,数据科学与大数据技术,,,581,
0404,华东交通大学,,高分子材料与工程,,,536,
0404,华东交通大学,,智能材料与结构,,,531,
0404,华东交通大学,,会计学(中外高水平大学学生交流计划),,,522,
0404,华东交通大学,,计算机科学与技术(中外高水平大学学生交流计划),,,484,
0251,华东理工大学,,工科试验班(智能与机器人)(人工智能、机器人工程),,,649,
0251,华东理工大学,,工科试验班(智慧化工)(化学工程与工艺、油气储运工程、轻化工程、资源循环科学与工程),,,627,
0251,华东理工大学,,工科试验班(能源与环境)(能源与动力工程、环境工程、储能科学与工程),,,624,
0251,华东理工大学,,生物工程类(生物工程、生物科学、生物技术、食品科学与工程、食品质量与安全),,,625,
0251,华东理工大学,,化学类[化学、应用化学、材料化学(绿色与能源催化方向)、精细化工(光电信息材料方向)],,,620,
0251,华东理工大学,,材料类(新材料实验班)(无机非金属材料工程、高分子材料与工程、复合材料与工程、新能源材料与器件、电子信息材料),,,631,
0251,华东理工大学,,机械类(机械智能化实验班)(机械设计制造及其自动化、过程装备与控制工程、智能制造工程),,,632,
0251,华东理工大学,,电子信息类(自动化、电气工程及其自动化、信息工程),,,640,
0251,华东理工大学,,计算机类(计算机科学与技术、软件工程),,,642,
0251,华东理工大学,,数学类(数学与应用数学、信息与计算科学),,,641,
0251,华东理工大学,,物理学类(应用物理学、光电信息科学与工程),,,629,
0251,华东理工大学,,经济学类(经济学、金融学),,,630,
0251,华东理工大学,,工商管理类[工商管理(商务分析方向)、市场营销(大数据营销)、人力资源管理(人力资源数据分析方向)、会计学(大数据会计)、财务管理(智能财务方向)],,,625,
0251,华东理工大学,,能源与动力工程,,,633,
0251,华东理工大学,,"高分子材料与工程(民族班,只招少数民族考生)",,,625,
0269,华东师范大学,,金融学(双学位),,,657,
0269,华东师范大学,,新闻学(双学位),,,652,
0269,华东师范大学,,心理学类(心理学、应用心理学),,,654,
0269,华东师范大学,,心理学(双学位),,,651,
0269,华东师范大学,,数学与应用数学,,,667,
0269,华东师范大学,,统计学类(统计学、保险学),,,662,
0269,华东师范大学,,统计学(双学位),,,666,
0269,华东师范大学,,物理学,,,661,
0269,华东师范大学,,电子信息科学与技术,,,665,
0269,华东师范大学,,通信工程,,,663,
0269,华东师范大学,,计算机科学与技术,,,664,
0269,华东师范大学,,软件工程,,,665,
0269,华东师范大学,,数据科学与大数据技术,,,665,
0269,华东师范大学,,教育技术学(智能教育)(师范类),,,653,
0269,华东师范大学,,教育技术学(双学位),,,653,
0269,华东师范大学,,化学,,,660,
0269,华东师范大学,,地理科学,,,654,
0269,华东师范大学,,地理信息科学,,,654,
0269,华东师范大学,,地理信息科学(双学位),,,658,
0276,华东政法大学,,法学(民商法律),,,655,
0276,华东政法大学,,法学(经济法),,,656,
0276,华东政法大学,,法学(国际经济法),,,657,
0276,华东政法大学,,法学(网络与信息法),,,654,
0276,华东政法大学,,社会学类(社会学、社会工作、社会政策),,,620,
0561,华南理工大学,,工科试验班(智能装备与先进制造)(机械工程、机械电子工程、智能车辆工程、过程装备与控制工程、材料成型及控制工程),,,662,
0561,华南理工大学,,建筑学,,,648,
0561,华南理工大学,,土木工程(卓越班),,,645,
0561,华南理工大学,,工科试验班(智慧土木与数字建造)(智能建造、土木工程、水务工程、工程管理),,,647,
0561,华南理工大学,,工科试验班(智能交通与运输)(交通工程、交通运输),,,659,
0561,华南理工大学,,电气类(电气工程及其自动化、能源与动力工程),,,664,
0561,华南理工大学,,信息工程(创新班),,,670,
0561,华南理工大学,,信息工程,,,668,
0561,华南理工大学,,自动化(创新班),,,669,
0561,华南理工大学,,材料类(创新班)(高分子材料与工程、材料科学与工程、功能材料、生物材料),,,665,
0561,华南理工大学,,材料类(高分子材料与工程、材料科学与工程、功能材料、生物材料),,,652,
0561,华南理工大学,,化工与制药类(应用化学、化学工程与工艺、能源化学工程、制药工程),,,654,
0561,华南理工大学,,食品科学与工程类(食品科学与工程、食品质量与安全、食品营养与健康),,,646,
0561,华南理工大学,,数学类(数学与应用数学、信息与计算科学、统计学),,,660,
0561,华南理工大学,,应用物理学(严济慈英才班),,,660,
0561,华南理工大学,,物理学类(应用物理学、光电信息科学与工程),,,662,
0561,华南理工大学,,会计学,,,647,
0561,华南理工大学,,工业工程,,,647,
0561,华南理工大学,,计算机类(计算机科学与技术、网络工程、信息安全),,,669,
0561,华南理工大学,,软件工程(3加2中澳班),,,658,
0561,华南理工大学,,软件工程,,,666,
0561,华南理工大学,,生物科学类(生物工程、生物制药、生物技术),,,654,
0561,华南理工大学,,工业设计,,,656,
0561,华南理工大学,,经济学类(经济学、金融学、国际经济与贸易),,,653,
0561,华南理工大学,,金融科技,,,651,
0561,华南理工大学,,大数据管理与应用,,,659,
0561,华南理工大学,,医学影像学,,,649,
0561,华南理工大学,,临床医学,,,648,
0564,华南农业大学,,车辆工程,,,592,
0564,华南农业大学,,电子信息工程,,,604,
0564,华南农业大学,,生物技术,,,585,
0564,华南农业大学,,制药工程,,,574,
0564,华南农业大学,,海洋科学,,,559,
0564,华南农业大学,,水产养殖学,,,555,
0564,华南农业大学,,水产养殖学(智慧渔业),,,544,
0564,华南农业大学,,园林,,,560,
0574,华南师范大学,,教育技术学,,,581,
0574,华南师范大学,,数学与应用数学(师范),,,633,
0574,华南师范大学,,生物技术,,,600,
0574,华南师范大学,,生物工程,,,594,
0574,华南师范大学,,网络工程,,,618,
0574,华南师范大学,,信息工程,,,615,
0574,华南师范大学,,材料化学,,,593,
0385,华侨大学,,哲学(含中西人文综合试验班、中华文化学试验班),,,539,
0385,华侨大学,,机械工程,,,584,
0385,华侨大学,,智能制造工程,,,581,
0385,华侨大学,,材料科学与工程,,,561,
0385,华侨大学,,高分子材料与工程,,,557,
0385,华侨大学,,应用物理学(拔尖人才试点班),,,572,
0385,华侨大学,,电气工程及其自动化,,,594,
0385,华侨大学,,通信工程,,,586,
0385,华侨大学,,计算机科学与技术,,,605,
0385,华侨大学,,软件工程,,,600,
0385,华侨大学,,土木工程(智能结构与城市更新方向),,,528,
0385,华侨大学,,给排水科学与工程(城镇智能水系统方向),,,523,
0385,华侨大学,,化学工程与工艺(含碳核算方向),,,545,
0385,华侨大学,,环境工程,,,536,
0385,华侨大学,,建筑学,,,562,
0385,华侨大学,,经济学,,,561,
0385,华侨大学,,国际经济与贸易,,,541,
0385,华侨大学,,法学,,,595,
0385,华侨大学,,日语,,,515,
0385,华侨大学,,翻译,,,531,
0385,华侨大学,,物联网工程,,,595,
0385,华侨大学,,数据科学与大数据技术,,,586,
0385,华侨大学,,药学(生物与医药方向),,,557,
0385,华侨大学,,工商管理,,,556,
0385,华侨大学,,行政管理(数字政府治理、社会福利、公共危机管理方向),,,535,
0385,华侨大学,,酒店管理(数智酒店与运营管理方向),,,502,
0385,华侨大学,,"经济学类(中美121双学位班,可接轨CFA金融分析师)[金融学(全英文教学)]",,,535,
0385,华侨大学,,国际商务(全英文教学),,,515,
0487,华中科技大学,,数学类(数学与应用数学、统计学、信息与计算科学),,,673,
0487,华中科技大学,,物理学类(物理学、应用物理学),,,670,
0487,华中科技大学,,机械类(机械设计制造及其自动化、工业工程、测控技术与仪器、机器人工程),,,673,
0487,华中科技大学,,材料类(材料成型及控制工程、材料科学与工程、电子封装技术),,,668,
0487,华中科技大学,,能源动力类(能源与动力工程、新能源科学与工程、储能科学与工程),,,673,
0487,华中科技大学,,电气工程及其自动化,,,678,
0487,华中科技大学,,生物医学工程类(生物医学工程、生物信息学),,,670,
0487,华中科技大学,,电子信息类(电信学院)(电子信息工程、通信工程、电磁场与无线技术),,,678,
0487,华中科技大学,,光电信息科学与工程,,,681,
0487,华中科技大学,,自动化类(人工智能、自动化、智能医学工程),,,678,
0487,华中科技大学,,航空航天类(飞行器设计与工程、工程力学),,,673,
0487,华中科技大学,,计算机类(计算机学院)(计算机科学与技术、数据科学与大数据技术、智能科学与技术),,,679,
0487,华中科技大学,,数字经济(AI双学位),,,675,
0487,华中科技大学,,临床医学(八年制),,,682,
0487,华中科技大学,,临床医学,,,665,
0487,华中科技大学,,光电信息科学与工程(未来技术实验班),,,685,
0504,华中农业大学,,生物科学类[生物科学(国家生物学理科基地班)、生物技术(国家生命科学与技术基地班)],,,623,
0504,华中农业大学,,植物生产类[农学(国家卓越农林人才计划)、植物科学与技术、种子科学与工程、植物保护(国家卓越农林人才计划)、应用生物科学],,,596,
0504,华中农业大学,,智慧农业,,,600,
0504,华中农业大学,,动物科学(国家卓越农林人才计划),,,606,
0504,华中农业大学,,动物医学,,,623,
0504,华中农业大学,,环境科学与工程类[农业资源与环境(国家卓越农林人才计划)、环境工程、环境科学、环境生态工程、生态学],,,596,
0504,华中农业大学,,地理信息科学,,,596,
0504,华中农业大学,,园艺(国家卓越农林人才计划),,,612,
0504,华中农业大学,,园林(国家卓越农林人才计划),,,595,
0504,华中农业大学,,风景园林,,,592,
0504,华中农业大学,,水产类[水产养殖学(国家卓越农林人才计划)、水族科学与技术],,,590,
0504,华中农业大学,,农业工程类[农业机械化及其自动化(国家卓越工程师计划)、能源与动力工程],,,607,
0504,华中农业大学,,机械类(机械设计制造及其自动化、机械电子工程、自动化、机器人工程),,,620,
0504,华中农业大学,,光电信息科学与工程,,,619,
0504,华中农业大学,,食品科学与工程类[食品科学与工程(国家卓越工程师计划)、食品质量与安全、食品营养与健康],,,608,
0504,华中农业大学,,应用化学,,,594,
0504,华中农业大学,,生物信息学,,,613,
0504,华中农业大学,,计算机类(计算机科学与技术、数据科学与大数据技术、人工智能),,,621,
0504,华中农业大学,,社会学类(社会学、社会工作),,,588,
0504,华中农业大学,,经济学类[经济学、国际经济与贸易、农林经济管理(国家卓越农林人才计划)、农村区域发展],,,607,
0504,华中农业大学,,工商管理类(市场营销、人力资源管理、会计学、财务管理、工商管理),,,595,
0504,华中农业大学,,管理科学与工程类(工程管理、信息管理与信息系统),,,599,
0511,华中师范大学,,少数民族预科班,,,614,
0548,怀化学院,,电子信息科学与技术,,,473,
0548,怀化学院,,制药工程,,,468,
0548,怀化学院,,生物制药,,,461,
0548,怀化学院,,物理学(师范类),,,486,
0373,淮北师范大学,,教育技术学(师范类),,,510,
0373,淮北师范大学,,数学与应用数学(师范类),,,576,
0373,淮北师范大学,,物理学(师范类),,,572,
0373,淮北师范大学,,化学(师范类),,,564,
0373,淮北师范大学,,生物科学(师范类),,,560,
1049,淮阴工学院,,物流工程,,,484,
1049,淮阴工学院,,俄语,,,462,
1049,淮阴工学院,,经济与金融,,,479,
1049,淮阴工学院,,化学工程与工艺,,,481,
0918,黄淮学院,,土木工程,,,451,
0918,黄淮学院,,助产学,,,478,
0918,黄淮学院,,软件工程(中外合作办学),,,455,
0577,惠州学院,,化学工程与工艺,,,459,
0577,惠州学院,,地理信息科学,,,494,
0577,惠州学院,,功能材料,,,457,
0577,惠州学院,,高分子材料与工程,,,460,
2802,吉利学院,,计算机类(计算机科学与技术、数据科学与大数据技术、网络工程、虚拟现实技术),,,439,
0207,吉林财经大学,,审计学,,,588,
0207,吉林财经大学,,英语,,,526,
0207,吉林财经大学,,朝鲜语,,,480,
0207,吉林财经大学,,计算机科学与技术,,,577,
0207,吉林财经大学,,电子商务,,,528,
0207,吉林财经大学,,国际商务,,,533,
0207,吉林财经大学,,经济统计学,,,572,
0207,吉林财经大学,,税收学,,,584,
0207,吉林财经大学,,财政学,,,576,
0207,吉林财经大学,,经济学,,,561,
0207,吉林财经大学,,金融学,,,571,
0207,吉林财经大学,,金融工程,,,547,
0207,吉林财经大学,,财务管理,,,582,
0207,吉林财经大学,,人力资源管理,,,552,
0207,吉林财经大学,,数据科学与大数据技术,,,572,
0207,吉林财经大学,,会计学,,,591,
0207,吉林财经大学,,法学,,,581,
0207,吉林财经大学,,养老服务管理,,,489,
0207,吉林财经大学,,会计学(中外合作办学),,,561,
0207,吉林财经大学,,金融学(中外合作办学),,,534,
0207,吉林财经大学,,电子商务(中外合作办学),,,474,
0183,吉林大学,,英语,,,633,
0183,吉林大学,,"经济学(匡亚明班,拔尖学生培养基地)",,,648,
0183,吉林大学,,经济学类(经济学、财政学、国际经济与贸易、金融学),,,643,
0183,吉林大学,,法学(涉外法治人才试验班),,,660,
0183,吉林大学,,法学,,,655,
0183,吉林大学,,政治学与行政学,,,628,
0183,吉林大学,,经济学(国别与区域经济),,,634,
0183,吉林大学,,会计学,,,634,
0183,吉林大学,,工商管理,,,626,
0183,吉林大学,,工商管理类(工商管理、市场营销、人力资源管理),,,621,
0183,吉林大学,,物流管理,,,637,
0183,吉林大学,,管理科学与工程类(信息管理与信息系统、工程管理、物流管理、大数据管理与应用),,,629,
0183,吉林大学,,档案学,,,620,
0183,吉林大学,,理科试验班(唐敖庆班)(物理学类、化学类、生物科学类),,,656,
0183,吉林大学,,理科试验班(唐敖庆班)(计算机科学与技术、数学类),,,661,
0183,吉林大学,,数学类(数学与应用数学、信息与计算科学、统计学),,,648,
0183,吉林大学,,物理学类(物理学、应用物理学),,,641,
0183,吉林大学,,物理学(中外合作办学),,,613,
0183,吉林大学,,化学类(化学、应用化学、材料化学、高分子材料与工程、化学工程与工艺),,,636,
0183,吉林大学,,生物科学类(生物科学、生物技术、生物制药),,,634,
0183,吉林大学,,机械工程(饶斌班),,,654,
0183,吉林大学,,机械工程,,,639,
0183,吉林大学,,工业工程,,,632,
0183,吉林大学,,工程力学,,,636,
0183,吉林大学,,智能制造工程,,,640,
0183,吉林大学,,车辆工程(饶斌班),,,663,
0183,吉林大学,,车辆工程,,,641,
0183,吉林大学,,工业设计,,,628,
0183,吉林大学,,能源与动力工程,,,635,
0183,吉林大学,,材料类(材料科学与工程、无机非金属材料工程、材料成型及控制工程),,,633,
0183,吉林大学,,材料物理,,,629,
0183,吉林大学,,交通运输类(交通运输、交通工程、道路桥梁与渡河工程),,,626,
0183,吉林大学,,仿生科学与工程,,,637,
0183,吉林大学,,电子信息类(电子科学与技术、微电子科学与工程、电子信息科学与技术),,,640,
0183,吉林大学,,集成电路设计与集成系统,,,645,
0183,吉林大学,,通信工程,,,641,
0183,吉林大学,,信息工程,,,640,
0183,吉林大学,,空间信息与数字技术,,,640,
0183,吉林大学,,自动化,,,643,
0183,吉林大学,,机器人工程,,,643,
0183,吉林大学,,计算机科学与技术,,,647,
0183,吉林大学,,物联网工程,,,644,
0183,吉林大学,,网络空间安全,,,649,
0183,吉林大学,,网络空间安全(王湘浩班),,,658,
0183,吉林大学,,软件工程,,,639,
0183,吉林大学,,数据科学与大数据技术,,,642,
0183,吉林大学,,地质类(地质学、资源勘查工程、土地资源管理),,,617,
0183,吉林大学,,勘查技术与工程,,,616,
0183,吉林大学,,土木类(土木工程、地质工程),,,612,
0183,吉林大学,,地下水科学与工程(黄大年班),,,629,
0183,吉林大学,,环境科学与工程类(环境科学、环境工程),,,627,
0183,吉林大学,,新能源科学与工程,,,641,
0183,吉林大学,,仪器类(测控技术与仪器、智能感知工程),,,639,
0183,吉林大学,,电气工程及其自动化,,,649,
0183,吉林大学,,预防医学,,,618,
0183,吉林大学,,临床医学(白求恩班),,,652,
0183,吉林大学,,"临床医学(5+3一体化,儿科学)",,,647,
0183,吉林大学,,临床医学(5+3一体化),,,661,
0183,吉林大学,,临床医学(白求恩班),,,650,
0183,吉林大学,,临床医学(眼科学),,,642,
0183,吉林大学,,临床医学,,,641,
0183,吉林大学,,材料类(少数民族预科班),,,615,
0183,吉林大学,,口腔医学(5+3一体化),,,662,
0183,吉林大学,,药学,,,630,
0183,吉林大学,,临床药学,,,625,
0183,吉林大学,,护理学,,,597,
0183,吉林大学,,生物医学科学(白求恩班),,,640,
0183,吉林大学,,生物医学科学,,,627,
0183,吉林大学,,动物医学,,,611,
0183,吉林大学,,动物科学(生物育种班),,,616,
0183,吉林大学,,动物科学,,,604,
0183,吉林大学,,农学(生物育种班),,,620,
0183,吉林大学,,植物生产类(农学、植物保护、农业资源与环境),,,607,
0183,吉林大学,,食品科学与工程类(食品科学与工程、食品质量与安全),,,622,
0183,吉林大学,,人工智能(王湘浩班),,,661,
0183,吉林大学,,人工智能,,,645,
3607,吉林动画学院,,新媒体技术,,,412,
3607,吉林动画学院,,软件工程,,,428,
3607,吉林动画学院,,市场营销,,,412,
3607,吉林动画学院,,数字媒体技术,,,433,
3607,吉林动画学院,,虚拟现实技术,,,425,
3607,吉林动画学院,,飞行器制造工程,,,430,
3607,吉林动画学院,,飞行器动力工程,,,433,
3607,吉林动画学院,,飞行器控制与信息工程,,,426,
0204,吉林工程技术师范学院,,生物工程(师范类),,,456,
0204,吉林工程技术师范学院,,数学与应用数学(师范类),,,493,
1261,吉林工商学院,,金融学,,,507,
1261,吉林工商学院,,投资学,,,469,
1261,吉林工商学院,,金融科技,,,473,
1261,吉林工商学院,,英语,,,485,
1261,吉林工商学院,,广告学,,,481,
1261,吉林工商学院,,网络与新媒体,,,483,
1261,吉林工商学院,,人工智能,,,485,
1261,吉林工商学院,,数据科学与大数据技术,,,493,
1261,吉林工商学院,,食品科学与工程,,,471,
1261,吉林工商学院,,食品质量与安全,,,472,
1261,吉林工商学院,,粮食工程,,,463,
1261,吉林工商学院,,烹饪与营养教育,,,469,
1261,吉林工商学院,,生物工程,,,467,
1261,吉林工商学院,,资产评估,,,475,
1261,吉林工商学院,,旅游管理,,,463,
1261,吉林工商学院,,会计学,,,514,
1261,吉林工商学院,,现代粮食工程技术,,,458,
0192,吉林化工学院,,化学工程与工艺,,,484,
0192,吉林化工学院,,轻化工程,,,467,
0192,吉林化工学院,,油气储运工程,,,484,
0192,吉林化工学院,,材料成型及控制工程,,,472,
0192,吉林化工学院,,能源与动力工程,,,492,
0192,吉林化工学院,,工业工程,,,484,
0192,吉林化工学院,,过程装备与控制工程,,,485,
0192,吉林化工学院,,电气工程及其自动化,,,538,
0192,吉林化工学院,,测控技术与仪器,,,485,
0192,吉林化工学院,,自动化,,,520,
0192,吉林化工学院,,化学,,,472,
0192,吉林化工学院,,应用化学,,,486,
0192,吉林化工学院,,给排水科学与工程,,,477,
0192,吉林化工学院,,环境工程,,,466,
0192,吉林化工学院,,会计学,,,518,
0192,吉林化工学院,,信息管理与信息系统,,,504,
0192,吉林化工学院,,高分子材料与工程,,,473,
0192,吉林化工学院,,材料化学,,,472,
0192,吉林化工学院,,生物技术,,,482,
0192,吉林化工学院,,食品科学与工程,,,478,
0192,吉林化工学院,,生物工程,,,491,
0192,吉林化工学院,,车辆工程,,,498,
0192,吉林化工学院,,少数民族预科班,,,453,
0191,吉林建筑大学,,城乡规划,,,468,
0191,吉林建筑大学,,土木工程,,,484,
0191,吉林建筑大学,,工程力学,,,479,
0191,吉林建筑大学,,城市地下空间工程,,,483,
0191,吉林建筑大学,,给排水科学与工程,,,480,
0191,吉林建筑大学,,环境工程,,,472,
0191,吉林建筑大学,,工程管理,,,490,
0191,吉林建筑大学,,经济统计学,,,497,
0191,吉林建筑大学,,道路桥梁与渡河工程,,,476,
0191,吉林建筑大学,,交通工程,,,499,
0191,吉林建筑大学,,电气工程及其自动化,,,533,
0191,吉林建筑大学,,建筑电气与智能化,,,511,
0191,吉林建筑大学,,测绘工程,,,481,
0191,吉林建筑大学,,地质工程,,,469,
0191,吉林建筑大学,,地理信息科学,,,501,
0191,吉林建筑大学,,安全工程,,,472,
0191,吉林建筑大学,,建筑学(中外合作办学),,,456,
0191,吉林建筑大学,,土木工程(中外合作办学),,,448,
0191,吉林建筑大学,,电气工程及其自动化(中外合作办学),,,490,
0191,吉林建筑大学,,工程管理(中外合作办学),,,461,
0191,吉林建筑大学,,少数民族预科班,,,456,
3604,吉林建筑科技学院,,建筑学,,,416,
3604,吉林建筑科技学院,,土木工程,,,396,
3604,吉林建筑科技学院,,测绘工程,,,417,
3604,吉林建筑科技学院,,道路桥梁与渡河工程,,,412,
3604,吉林建筑科技学院,,交通工程,,,401,
3604,吉林建筑科技学院,,智慧交通,,,408,
3604,吉林建筑科技学院,,建筑环境与能源应用工程,,,391,
3604,吉林建筑科技学院,,给排水科学与工程,,,395,
3604,吉林建筑科技学院,,安全工程,,,420,
3604,吉林建筑科技学院,,新能源科学与工程,,,434,
3604,吉林建筑科技学院,,电气工程及其自动化,,,444,
3604,吉林建筑科技学院,,自动化,,,418,
3604,吉林建筑科技学院,,建筑电气与智能化,,,405,
3604,吉林建筑科技学院,,电子信息工程,,,430,
3604,吉林建筑科技学院,,机器人工程,,,411,
3604,吉林建筑科技学院,,机械设计制造及其自动化,,,426,
3604,吉林建筑科技学院,,计算机科学与技术,,,425,
3604,吉林建筑科技学院,,软件工程,,,432,
3604,吉林建筑科技学院,,网络工程,,,414,
3604,吉林建筑科技学院,,物联网工程,,,416,
3604,吉林建筑科技学院,,数据科学与大数据技术,,,415,
3604,吉林建筑科技学院,,人工智能,,,415,
3604,吉林建筑科技学院,,工程管理,,,402,
3604,吉林建筑科技学院,,工程造价,,,413,
3604,吉林建筑科技学院,,资产评估,,,412,
3604,吉林建筑科技学院,,审计学,,,435,
3604,吉林建筑科技学院,,智能建造,,,392,
3604,吉林建筑科技学院,,风景园林,,,417,
0193,吉林农业大学,,工商管理类(工商管理、市场营销、财务管理、农林经济管理、土地资源管理、旅游管理),,,500,
0193,吉林农业大学,,自然保护与环境生态类(农业资源与环境、水土保持与荒漠化防治),,,480,
0193,吉林农业大学,,环境科学与工程类(环境工程、环境科学),,,477,
0193,吉林农业大学,,机械类(机械设计制造及其自动化、自动化、农业建筑环境与能源工程、农业智能装备工程),,,502,
0193,吉林农业大学,,动物生产类(动物科学、经济动物学、水产养殖学),,,474,
0193,吉林农业大学,,中药学类(中药学、中药资源与开发、中草药栽培与鉴定),,,493,
0193,吉林农业大学,,食品科学与工程类(食品科学与工程、食品质量与安全、粮食工程、酿酒工程),,,490,
0193,吉林农业大学,,生物工程类(生物工程、制药工程),,,497,
0193,吉林农业大学,,计算机类(计算机科学与技术、物联网工程、数据科学与大数据技术),,,532,
0193,吉林农业大学,,植物生产类(园艺、设施农业科学与工程),,,475,
0193,吉林农业大学,,植物生产类(植物保护、菌物科学与工程),,,493,
0193,吉林农业大学,,智慧农业,,,488,
0193,吉林农业大学,,电子信息科学与技术,,,519,
0193,吉林农业大学,,园林,,,491,
0193,吉林农业大学,,动物医学,,,533,
0193,吉林农业大学,,农药化肥,,,473,
0193,吉林农业大学,,生物信息学,,,484,
0193,吉林农业大学,,兽医公共卫生,,,494,
0193,吉林农业大学,,应用化学,,,476,
1439,吉林农业科技学院,,电气工程及其自动化,,,496,
1439,吉林农业科技学院,,食品科学与工程类(食品科学与工程、食品质量与安全),,,471,
1439,吉林农业科技学院,,动物医学,,,506,
1439,吉林农业科技学院,,中药学类(中药学、中药资源与开发、中草药栽培与鉴定),,,486,
1439,吉林农业科技学院,,工商管理类(工商管理、市场营销、财务管理),,,483,
1439,吉林农业科技学院,,机械设计制造及其自动化(中外合作办学),,,446,
1439,吉林农业科技学院,,动物医学(中外合作办学),,,479,
0203,吉林师范大学,,数学与应用数学(师范类),,,599,
0203,吉林师范大学,,统计学,,,551,
0203,吉林师范大学,,网络空间安全,,,530,
0203,吉林师范大学,,软件工程,,,507,
0203,吉林师范大学,,物理学(师范类),,,594,
0203,吉林师范大学,,少数民族预科班,,,520,
0203,吉林师范大学,,地理信息科学,,,552,
0203,吉林师范大学,,光电信息科学与工程,,,532,
0203,吉林师范大学,,微电子科学与工程,,,533,
0203,吉林师范大学,,电子信息工程(中外合作办学),,,464,
0203,吉林师范大学,,人力资源管理,,,463,
0203,吉林师范大学,,财务管理,,,504,
0203,吉林师范大学,,环境工程,,,474,
0203,吉林师范大学,,环境科学,,,492,
0203,吉林师范大学,,给排水科学与工程,,,466,
3622,吉林师范大学博达学院,,小学教育(师范类),,,459,
3622,吉林师范大学博达学院,,学前教育(师范类),,,441,
3622,吉林师范大学博达学院,,汉语言文学(师范类),,,467,
3622,吉林师范大学博达学院,,英语(师范类),,,464,
3622,吉林师范大学博达学院,,地理科学(师范类),,,455,
3622,吉林师范大学博达学院,,财务管理,,,442,
3622,吉林师范大学博达学院,,数学与应用数学(师范类),,,443,
3622,吉林师范大学博达学院,,信息工程,,,402,
3622,吉林师范大学博达学院,,电子信息工程,,,434,
3622,吉林师范大学博达学院,,软件工程,,,434,
3622,吉林师范大学博达学院,,食品科学与工程,,,414,
3622,吉林师范大学博达学院,,食品质量与安全,,,411,
3622,吉林师范大学博达学院,,数据科学与大数据技术,,,422,
0964,吉林外国语大学,,翻译,,,462,
0964,吉林外国语大学,,商务英语,,,454,
0964,吉林外国语大学,,英语,,,472,
0964,吉林外国语大学,,阿拉伯语,,,440,
0964,吉林外国语大学,,马来语,,,424,
0964,吉林外国语大学,,日语,,,453,
0964,吉林外国语大学,,英语(英韩双语),,,458,
0964,吉林外国语大学,,英语(英日双语),,,460,
0964,吉林外国语大学,,葡萄牙语,,,435,
0964,吉林外国语大学,,西班牙语,,,434,
0964,吉林外国语大学,,英语(英德双语),,,454,
0964,吉林外国语大学,,英语(英法双语),,,458,
0964,吉林外国语大学,,英语(英西班牙双语),,,453,
0964,吉林外国语大学,,波兰语,,,432,
0964,吉林外国语大学,,电子商务,,,452,
0964,吉林外国语大学,,会计学,,,476,
0964,吉林外国语大学,,旅游管理类(旅游管理、酒店管理),,,437,
0964,吉林外国语大学,,人工智能,,,440,
0964,吉林外国语大学,,数据科学与大数据技术,,,443,
0964,吉林外国语大学,,数字媒体技术,,,447,
0964,吉林外国语大学,,朝鲜语(中外合作办学),,,430,
0964,吉林外国语大学,,德语(中外合作办学),,,431,
0964,吉林外国语大学,,俄语(中外合作办学),,,437,
0964,吉林外国语大学,,金融学(中外合作办学),,,411,
0964,吉林外国语大学,,法语,,,440,
3706,吉林医药学院,,临床医学,,,535,
3706,吉林医药学院,,医学影像学,,,544,
3706,吉林医药学院,,预防医学,,,492,
3706,吉林医药学院,,药学,,,509,
3706,吉林医药学院,,药物制剂,,,510,
3706,吉林医药学院,,医学检验技术,,,520,
3706,吉林医药学院,,医学影像技术,,,520,
3706,吉林医药学院,,康复治疗学,,,496,
3706,吉林医药学院,,口腔医学技术,,,519,
3706,吉林医药学院,,卫生检验与检疫,,,490,
3706,吉林医药学院,,护理学,,,516,
3706,吉林医药学院,,生物技术,,,492,
3706,吉林医药学院,,应用心理学,,,485,
3706,吉林医药学院,,生物医学工程,,,510,
3706,吉林医药学院,,生物制药,,,503,
3706,吉林医药学院,,生物制药(中外合作办学),,,455,
3706,吉林医药学院,,信息管理与信息系统,,,498,
0531,吉首大学,,医学影像技术,,,501,
0531,吉首大学,,计算机科学与技术,,,531,
0531,吉首大学,,机械设计制造及其自动化,,,514,
0531,吉首大学,,数学与应用数学(师范类),,,512,
0531,吉首大学,,食品科学与工程,,,506,
0531,吉首大学,,智能建造,,,445,
0390,集美大学,,交通运输,,,570,
0390,集美大学,,智慧交通,,,556,
0390,集美大学,,轮机工程(陆上方向),,,553,
0390,集美大学,,船舶与海洋工程,,,569,
0390,集美大学,,动物科学,,,538,
0390,集美大学,,水产养殖学,,,528,
0390,集美大学,,经济学,,,573,
0390,集美大学,,数字经济,,,573,
0390,集美大学,,学前教育(师范类),,,533,
0390,集美大学,,市场营销,,,540,
0390,集美大学,,电子商务,,,559,
0390,集美大学,,通信工程,,,592,
0390,集美大学,,计算机科学与技术,,,593,
0390,集美大学,,机械设计制造及其自动化,,,576,
0390,集美大学,,能源与动力工程,,,575,
0390,集美大学,,港口航道与海岸工程,,,553,
3471,集美大学诚毅学院,,财政学,,,454,
3471,集美大学诚毅学院,,金融学,,,441,
3471,集美大学诚毅学院,,金融工程,,,444,
3471,集美大学诚毅学院,,机械工程,,,449,
3471,集美大学诚毅学院,,智能制造工程,,,442,
3471,集美大学诚毅学院,,电子信息工程,,,443,
3471,集美大学诚毅学院,,通信工程,,,449,
3471,集美大学诚毅学院,,自动化,,,448,
3471,集美大学诚毅学院,,计算机科学与技术,,,447,
3471,集美大学诚毅学院,,软件工程,,,456,
3471,集美大学诚毅学院,,物联网工程,,,443,
3471,集美大学诚毅学院,,数据科学与大数据技术,,,444,
3471,集美大学诚毅学院,,工程管理,,,455,
3471,集美大学诚毅学院,,会计学,,,476,
3471,集美大学诚毅学院,,供应链管理,,,452,
0427,济南大学,,金融数学,,,561,
0427,济南大学,,数据科学与大数据技术,,,599,
0427,济南大学,,经济学,,,571,
0427,济南大学,,工商管理,,,568,
0427,济南大学,,英语(师范兼非师范),,,567,
0427,济南大学,,法学,,,590,
0427,济南大学,,公共管理类(行政管理、劳动与社会保障),,,547,
0427,济南大学,,材料类(材料物理、材料科学与工程、复合材料与工程),,,553,
0427,济南大学,,化工与制药类(高分子材料与工程、化学工程与工艺),,,566,
0427,济南大学,,智能制造工程,,,594,
0427,济南大学,,土木类(土木工程、给排水科学与工程),,,508,
0427,济南大学,,自动化,,,598,
0427,济南大学,,电气工程及其自动化,,,599,
0427,济南大学,,计算机科学与技术,,,613,
0427,济南大学,,烹饪与营养教育,,,469,
0454,济宁学院,,智能制造工程,,,468,
0443,济宁医学院,,临床医学,,,547,
0443,济宁医学院,,精神医学,,,538,
0443,济宁医学院,,口腔医学,,,587,
0443,济宁医学院,,预防医学,,,514,
0443,济宁医学院,,针灸推拿学,,,522,
0443,济宁医学院,,中西医临床医学,,,515,
0443,济宁医学院,,法医学,,,552,
0443,济宁医学院,,医学检验技术,,,521,
0443,济宁医学院,,康复治疗学,,,499,
0443,济宁医学院,,卫生检验与检疫,,,492,
0443,济宁医学院,,护理学,,,504,
0443,济宁医学院,,药学,,,506,
0443,济宁医学院,,药物制剂,,,498,
0443,济宁医学院,,中药学,,,501,
0443,济宁医学院,,医学影像技术,,,550,
0559,暨南大学,,金融学,,,625,
0559,暨南大学,,软件工程,,,632,
0559,暨南大学,,信息与计算科学,,,626,
0559,暨南大学,,计算机科学与技术,,,634,
0559,暨南大学,,应用化学,,,612,
0559,暨南大学,,材料科学与工程,,,611,
0559,暨南大学,,国际经济与贸易,,,613,
0559,暨南大学,,临床医学,,,616,
0559,暨南大学,,电气工程及其自动化,,,627,
0559,暨南大学,,光电信息科学与工程,,,631,
0559,暨南大学,,数学与应用数学(中外合作办学),,,597,
0559,暨南大学,,信息与计算科学(中外合作办学),,,613,
0559,暨南大学,,经济统计学(中外合作办学),,,603,
0559,暨南大学,,经济学(中外合作办学),,,606,
0559,暨南大学,,经济学,,,626,
0559,暨南大学,,预防医学,,,601,
0559,暨南大学,,金融工程,,,616,
0222,佳木斯大学,,护理学,,,508,
0222,佳木斯大学,,预防医学,,,487,
0222,佳木斯大学,,数学与应用数学(师范类),,,500,
0222,佳木斯大学,,物理学(师范类),,,498,
0222,佳木斯大学,,地理科学(师范类),,,502,
0222,佳木斯大学,,电气工程及其自动化,,,493,
0222,佳木斯大学,,电子信息工程,,,481,
0222,佳木斯大学,,自动化,,,479,
0354,嘉兴大学,,护理学,,,520,
0354,嘉兴大学,,数字经济,,,523,
0354,嘉兴大学,,信息管理与信息系统,,,527,
0354,嘉兴大学,,金融数学,,,524,
0354,嘉兴大学,,工程管理,,,527,
0354,嘉兴大学,,机械设计制造及其自动化,,,542,
0354,嘉兴大学,,智能制造工程,,,531,
0354,嘉兴大学,,环境工程,,,518,
0354,嘉兴大学,,制药工程,,,516,
0354,嘉兴大学,,应用化学,,,514,
0354,嘉兴大学,,高分子材料与工程,,,511,
0354,嘉兴大学,,轻化工程,,,506,
0354,嘉兴大学,,纺织工程,,,505,
3291,嘉兴南湖学院,,金融学,,,516,
3291,嘉兴南湖学院,,会计学,,,532,
3291,嘉兴南湖学院,,智能制造工程,,,520,
3291,嘉兴南湖学院,,自动化,,,530,
3291,嘉兴南湖学院,,土木工程,,,486,
3291,嘉兴南湖学院,,工程管理,,,509,
3291,嘉兴南湖学院,,工程造价,,,520,
3291,嘉兴南湖学院,,化学工程与工艺,,,493,
3291,嘉兴南湖学院,,生物工程,,,488,
1072,江汉大学,,自动化,,,563,
1072,江汉大学,,计算机科学与技术,,,569,
0295,江南大学,,食品科学与工程,,,631,
0295,江南大学,,食品营养与健康,,,620,
0295,江南大学,,生物工程,,,609,
0295,江南大学,,生物技术,,,603,
0295,江南大学,,酿酒工程,,,601,
0295,江南大学,,纺织工程(先进纺织卓越创新班),,,618,
0295,江南大学,,纺织工程,,,597,
0295,江南大学,,轻化工程,,,598,
0295,江南大学,,高分子材料与工程,,,606,
0295,江南大学,,应用化学,,,609,
0295,江南大学,,制药工程,,,614,
0295,江南大学,,临床医学,,,612,
0295,江南大学,,物联网工程,,,627,
0295,江南大学,,自动化,,,627,
0295,江南大学,,微电子科学与工程,,,628,
0295,江南大学,,信息与计算科学,,,620,
0295,江南大学,,光电信息科学与工程,,,626,
0295,江南大学,,机械工程,,,619,
0295,江南大学,,机器人工程,,,624,
0295,江南大学,,智能制造工程,,,620,
0295,江南大学,,工业设计,,,627,
0295,江南大学,,人工智能,,,624,
0295,江南大学,,大数据管理与应用,,,620,
0295,江南大学,,工商管理,,,599,
0295,江南大学,,英语(涉外法治人才卓越创新班),,,603,
0299,江苏大学,,材料成型及控制工程,,,577,
0299,江苏大学,,材料类(材料科学与工程、冶金工程、高分子材料与工程),,,577,
0299,江苏大学,,测控技术与仪器,,,601,
0299,江苏大学,,车辆工程,,,606,
0299,江苏大学,,储能科学与工程,,,597,
0299,江苏大学,,电气工程及其自动化,,,615,
0299,江苏大学,,光电信息科学与工程,,,612,
0299,江苏大学,,化学工程与工艺,,,579,
0299,江苏大学,,化学类[化学、化学(师范)、应用化学],,,579,
0299,江苏大学,,机器人工程,,,609,
0299,江苏大学,,机械电子工程,,,611,
0299,江苏大学,,机械设计制造及其自动化,,,615,
0299,江苏大学,,金属材料工程,,,573,
0299,江苏大学,,口腔医学,,,606,
0299,江苏大学,,临床医学,,,602,
0299,江苏大学,,能源与动力工程,,,597,
0299,江苏大学,,农业电气化,,,587,
0299,江苏大学,,农业机械化及其自动化,,,586,
0299,江苏大学,,通信工程,,,613,
0299,江苏大学,,土木工程,,,557,
0299,江苏大学,,新能源科学与工程,,,605,
0299,江苏大学,,信息安全,,,614,
0299,江苏大学,,信息管理与信息系统,,,597,
0299,江苏大学,,药学类(药学、药物制剂),,,586,
0299,江苏大学,,医学检验技术,,,580,
0299,江苏大学,,智能科学与技术,,,609,
0299,江苏大学,,智能制造工程,,,602,
0299,江苏大学,,自动化,,,609,
1641,江苏海洋大学,,海洋科学,,,502,
1641,江苏海洋大学,,生物技术,,,505,
1641,江苏海洋大学,,水产养殖学,,,501,
1641,江苏海洋大学,,安全工程,,,511,
1641,江苏海洋大学,,数学与应用数学,,,523,
1641,江苏海洋大学,,信息与计算科学,,,529,
1641,江苏海洋大学,,工程管理,,,498,
0289,江苏科技大学,,管理科学与工程类(信息管理与信息系统、大数据管理与应用),,,577,
0289,江苏科技大学,,计算机类(计算机科学与技术、物联网工程、信息安全),,,608,
0289,江苏科技大学,,电子信息类(电子信息工程、水声工程、电子信息科学与技术、通信工程、海洋信息工程),,,595,
0289,江苏科技大学,,机械类(机械设计制造及其自动化、机械电子工程、智能制造工程),,,591,
0289,江苏科技大学,,海洋工程类(船舶与海洋工程、海洋工程与技术),,,586,
0289,江苏科技大学,,食品科学与工程类(粮食工程、食品质量与安全、食品科学与工程),,,548,
0289,江苏科技大学,,材料类(焊接技术与工程、金属材料工程、功能材料、高分子材料与工程),,,563,
0289,江苏科技大学,,软件工程,,,601,
0289,江苏科技大学,,轮机工程,,,563,
0289,江苏科技大学,,生物技术,,,561,
0289,江苏科技大学,,蚕学,,,506,
0289,江苏科技大学,,生物工程,,,553,
0289,江苏科技大学,,自动化,,,602,
0289,江苏科技大学,,工业工程,,,565,
0289,江苏科技大学,,人工智能,,,599,
0289,江苏科技大学,,港口航道与海岸工程,,,559,
0289,江苏科技大学,,测控技术与仪器,,,577,
0289,江苏科技大学,,给排水科学与工程,,,519,
0289,江苏科技大学,,土木工程,,,518,
0289,江苏科技大学,,建筑环境与能源应用工程,,,551,
0289,江苏科技大学,,工业设计,,,575,
0289,江苏科技大学,,电子封装技术,,,586,
0289,江苏科技大学,,能源动力类(能源与动力工程、新能源科学与工程),,,590,
0289,江苏科技大学,,船舶与海洋工程(中外合作办学),,,549,
0289,江苏科技大学,,工程管理,,,546,
3991,江苏科技大学苏州理工学院,,船舶与海洋工程,,,445,
3991,江苏科技大学苏州理工学院,,土木工程,,,439,
3991,江苏科技大学苏州理工学院,,能源与动力工程,,,447,
1463,江苏理工学院,,工业设计,,,502,
1463,江苏理工学院,,数字媒体技术,,,513,
1463,江苏理工学院,,功能材料,,,496,
1463,江苏理工学院,,资源循环科学与工程,,,475,
1463,江苏理工学院,,车辆工程,,,539,
0320,江苏师范大学,,数据科学与大数据技术,,,571,
0320,江苏师范大学,,生物科学(师范类),,,583,
0320,江苏师范大学,,生物技术,,,523,
0320,江苏师范大学,,遥感科学与技术,,,558,
0320,江苏师范大学,,金融工程(中外合作办学),,,514,
0320,江苏师范大学,,机械设计制造及其自动化(中外合作办学),,,498,
0320,江苏师范大学,,轨道交通信号与控制(中外合作办学),,,527,
0320,江苏师范大学,,电子信息工程(中外合作办学),,,511,
0421,江西财经大学,,人力资源管理(数智人力),,,552,
0421,江西财经大学,,物流管理(智慧供应链),,,542,
0421,江西财经大学,,财政学,,,591,
0421,江西财经大学,,税收学,,,596,
0421,江西财经大学,,劳动与社会保障(康养金融),,,578,
0421,江西财经大学,,土地资源管理(评估与规划),,,538,
0421,江西财经大学,,会计学,,,621,
0421,江西财经大学,,会计学(智能会计),,,612,
0421,江西财经大学,,会计学(ACCA方向),,,606,
0421,江西财经大学,,国际商务,,,546,
0421,江西财经大学,,经济学(数理经济),,,588,
0421,江西财经大学,,金融学,,,588,
0421,江西财经大学,,金融科技,,,578,
0421,江西财经大学,,经济统计学,,,596,
0421,江西财经大学,,计算机科学与技术,,,590,
0421,江西财经大学,,网络空间安全,,,588,
0421,江西财经大学,,法学(数据法学),,,608,
0421,江西财经大学,,物联网工程,,,585,
0421,江西财经大学,,软件工程,,,589,
0421,江西财经大学,,虚拟现实技术,,,588,
0421,江西财经大学,,软件工程(VR软件开发),,,589,
0421,江西财经大学,,软件工程(中外合作办学),,,538,
0421,江西财经大学,,数字经济(中外合作办学),,,547,
3441,江西财经大学现代经济管理学院,,会计学,,,490,
3441,江西财经大学现代经济管理学院,,金融学,,,444,
3441,江西财经大学现代经济管理学院,,电子商务,,,447,
3441,江西财经大学现代经济管理学院,,国际经济与贸易,,,445,
3441,江西财经大学现代经济管理学院,,市场营销(数字营销),,,446,
3441,江西财经大学现代经济管理学院,,人力资源管理(数字人力),,,448,
3441,江西财经大学现代经济管理学院,,物流管理(智慧供应链),,,451,
3441,江西财经大学现代经济管理学院,,大数据管理与应用,,,453,
3441,江西财经大学现代经济管理学院,,计算机科学与技术(数智化方向),,,452,
3441,江西财经大学现代经济管理学院,,数字经济,,,449,
3441,江西财经大学现代经济管理学院,,工程造价,,,448,
3441,江西财经大学现代经济管理学院,,工程管理,,,451,
3441,江西财经大学现代经济管理学院,,工程审计,,,449,
3441,江西财经大学现代经济管理学院,,法学,,,507,
2766,江西工程学院,,物联网工程,,,433,
1318,江西科技师范大学,,广告学,,,485,
1318,江西科技师范大学,,国际经济与贸易,,,482,
1318,江西科技师范大学,,法学,,,552,
1318,江西科技师范大学,,人工智能,,,518,
1318,江西科技师范大学,,制药工程,,,495,
1318,江西科技师范大学,,数字经济,,,522,
1318,江西科技师范大学,,生物制药,,,505,
1318,江西科技师范大学,,新能源材料与器件,,,477,
1318,江西科技师范大学,,英语(师范),,,530,
1318,江西科技师范大学,,会计学(国际会计),,,528,
1318,江西科技师范大学,,教育技术学(师范),,,488,
1318,江西科技师范大学,,计算机科学与技术(泰豪),,,512,
1318,江西科技师范大学,,虚拟现实技术(泰豪),,,480,
0846,江西科技学院,,汽车服务工程,,,404,
0846,江西科技学院,,机械设计制造及其自动化,,,424,
0846,江西科技学院,,数据科学与大数据技术,,,433,
0846,江西科技学院,,计算机科学与技术,,,424,
0846,江西科技学院,,土木工程,,,404,
0846,江西科技学院,,工程造价,,,403,
0846,江西科技学院,,工商管理,,,440,
0846,江西科技学院,,教育学,,,435,
0846,江西科技学院,,药学,,,427,
0407,江西理工大学,,材料科学与工程,,,518,
0407,江西理工大学,,法学,,,562,
0407,江西理工大学,,电子信息科学与技术,,,558,
0407,江西理工大学,,信息与计算科学,,,543,
0407,江西理工大学,,软件工程(智能制造方向),,,550,
0407,江西理工大学,,软件工程(软件开发方向),,,559,
0407,江西理工大学,,智能建造,,,482,
0407,江西理工大学,,数字经济,,,528,
0407,江西理工大学,,建筑环境与能源应用工程,,,460,
0407,江西理工大学,,土木工程,,,489,
0407,江西理工大学,,软件工程(物联网方向),,,550,
0407,江西理工大学,,应急管理,,,502,
0407,江西理工大学,,采矿工程,,,467,
0407,江西理工大学,,矿物加工工程,,,463,
0410,江西农业大学,,机械设计制造及其自动化,,,523,
0410,江西农业大学,,电子商务,,,474,
0410,江西农业大学,,材料化学,,,478,
0410,江西农业大学,,软件工程(金融方向),,,495,
3436,江西农业大学南昌商学院,,数字经济,,,449,
3436,江西农业大学南昌商学院,,国际经济与贸易,,,451,
3436,江西农业大学南昌商学院,,日语,,,453,
3436,江西农业大学南昌商学院,,商务英语,,,443,
3436,江西农业大学南昌商学院,,广告学,,,446,
3436,江西农业大学南昌商学院,,电子信息工程,,,451,
3436,江西农业大学南昌商学院,,物联网工程,,,449,
3436,江西农业大学南昌商学院,,工程管理,,,446,
3436,江西农业大学南昌商学院,,大数据管理与应用,,,450,
3436,江西农业大学南昌商学院,,财务管理,,,462,
3436,江西农业大学南昌商学院,,人力资源管理,,,453,
3436,江西农业大学南昌商学院,,供应链管理,,,451,
3436,江西农业大学南昌商学院,,旅游管理,,,450,
3436,江西农业大学南昌商学院,,园林,,,455,
3438,江西师范大学科学技术学院,,数字经济,,,447,
3438,江西师范大学科学技术学院,,人工智能,,,434,
2938,江西应用科技学院,,电子信息工程,,,421,
2938,江西应用科技学院,,区块链工程,,,378,
0412,江西中医药大学,,中西医临床医学,,,541,
0412,江西中医药大学,,针灸推拿学,,,549,
0412,江西中医药大学,,药学,,,525,
0412,江西中医药大学,,中药学,,,529,
0412,江西中医药大学,,中医学,,,560,
1048,金陵科技学院,,审计学,,,558,
1048,金陵科技学院,,机械设计制造及其自动化,,,559,
1048,金陵科技学院,,建筑电气与智能化,,,531,
1048,金陵科技学院,,物联网工程,,,565,
1048,金陵科技学院,,信息工程,,,558,
1048,金陵科技学院,,复合材料与工程,,,527,
0160,锦州医科大学,,临床医学,,,560,
0160,锦州医科大学,,麻醉学,,,583,
0160,锦州医科大学,,医学影像学,,,570,
0160,锦州医科大学,,口腔医学,,,589,
0160,锦州医科大学,,预防医学,,,506,
0160,锦州医科大学,,基础医学,,,496,
0160,锦州医科大学,,临床药学,,,517,
0160,锦州医科大学,,药学,,,513,
0160,锦州医科大学,,护理学,,,519,
0160,锦州医科大学,,运动康复(中外合作办学),,,442,
0160,锦州医科大学,,康复治疗学,,,501,
0160,锦州医科大学,,医学检验技术,,,535,
0160,锦州医科大学,,医学影像技术,,,533,
0160,锦州医科大学,,医学实验技术,,,496,
0160,锦州医科大学,,智能医学工程,,,488,
0160,锦州医科大学,,健康服务与管理,,,476,
0160,锦州医科大学,,动物科学,,,474,
0160,锦州医科大学,,动物医学,,,508,
0160,锦州医科大学,,动植物检疫,,,482,
0160,锦州医科大学,,食品科学与工程,,,480,
0160,锦州医科大学,,食品质量与安全,,,472,
0160,锦州医科大学,,食品营养与健康,,,470,
0160,锦州医科大学,,生物医药数据科学,,,474,
0160,锦州医科大学,,兽医公共卫生,,,476,
0160,锦州医科大学,,临床医学(辽宁省高校专项计划),,,567,
3213,锦州医科大学医疗学院,,临床医学,,,476,
3213,锦州医科大学医疗学院,,口腔医学,,,507,
3213,锦州医科大学医疗学院,,麻醉学,,,470,
3213,锦州医科大学医疗学院,,护理学,,,430,
3213,锦州医科大学医疗学院,,医学检验技术,,,449,
3213,锦州医科大学医疗学院,,医学影像技术,,,438,
3213,锦州医科大学医疗学院,,康复治疗学,,,419,
3213,锦州医科大学医疗学院,,眼视光学,,,432,
3213,锦州医科大学医疗学院,,药学,,,436,
3213,锦州医科大学医疗学院,,食品科学与工程,,,416,
3213,锦州医科大学医疗学院,,食品营养与检验教育,,,402,
3213,锦州医科大学医疗学院,,食品质量与安全,,,404,
3213,锦州医科大学医疗学院,,食品营养与健康,,,406,
3213,锦州医科大学医疗学院,,公共事业管理,,,395,
3213,锦州医科大学医疗学院,,健康服务与管理,,,402,
3213,锦州医科大学医疗学院,,养老服务管理,,,404,
3213,锦州医科大学医疗学院,,助产学,,,419,
3535,晋中信息学院,,计算机科学与技术,,,453,
3535,晋中信息学院,,网络工程,,,452,
3535,晋中信息学院,,软件工程,,,452,
3535,晋中信息学院,,机械设计制造及其自动化,,,453,
3535,晋中信息学院,,电气工程及其自动化,,,453,
3535,晋中信息学院,,食品质量与安全,,,448,
0121,晋中学院,,网络与新媒体,,,478,
0121,晋中学院,,英语(师范类),,,497,
0121,晋中学院,,数据科学与大数据技术,,,469,
0121,晋中学院,,电子科学与技术,,,465,
0121,晋中学院,,食品科学与工程,,,469,
0121,晋中学院,,网络工程,,,477,
0121,晋中学院,,物联网工程,,,468,
0121,晋中学院,,自动化,,,471,
0121,晋中学院,,轨道交通信号与控制,,,468,
0121,晋中学院,,机械设计制造及其自动化,,,470,
0121,晋中学院,,材料成型及控制工程,,,457,
0419,井冈山大学,,数据科学与大数据技术,,,488,
0419,井冈山大学,,计算机科学与技术,,,492,
0419,井冈山大学,,电子信息科学与技术,,,484,
0419,井冈山大学,,材料化学,,,465,
0419,井冈山大学,,土木工程,,,454,
0419,井冈山大学,,材料成型及控制工程,,,467,
0419,井冈山大学,,机械设计制造及其自动化,,,480,
0408,景德镇陶瓷大学,,材料化学,,,474,
0408,景德镇陶瓷大学,,无机非金属材料工程,,,479,
0408,景德镇陶瓷大学,,粉体材料科学与工程,,,476,
0408,景德镇陶瓷大学,,新能源材料与器件,,,502,
0408,景德镇陶瓷大学,,储能科学与工程,,,476,
0408,景德镇陶瓷大学,,机械设计制造及其自动化,,,501,
0408,景德镇陶瓷大学,,材料成型及控制工程,,,495,
0408,景德镇陶瓷大学,,电子科学与技术,,,498,
3435,景德镇艺术职业大学,,机械设计制造及自动化,,,445,
3435,景德镇艺术职业大学,,计算机应用工程,,,434,
3435,景德镇艺术职业大学,,大数据与财务管理,,,432,
1843,九江学院,,金融工程,,,470,
1843,九江学院,,电子信息工程,,,483,
1843,九江学院,,计算机科学与技术,,,498,
1843,九江学院,,护理学,,,485,
1843,九江学院,,临床医学,,,530,
0763,喀什大学,,法学,,,491,
0763,喀什大学,,小学教育(师范类),,,480,
0763,喀什大学,,汉语言文学(师范类),,,490,
0763,喀什大学,,汉语国际教育,,,469,
0763,喀什大学,,英语(师范类),,,479,
0763,喀什大学,,俄语,,,454,
0763,喀什大学,,广播电视学,,,466,
0763,喀什大学,,数学与应用数学(师范类),,,486,
0763,喀什大学,,物理学(师范类),,,464,
0763,喀什大学,,物理学(师范类),,,456,
0763,喀什大学,,化学(师范类),,,482,
0763,喀什大学,,生物科学(师范类),,,475,
0763,喀什大学,,地理科学(师范类),,,496,
0763,喀什大学,,应用统计学,,,459,
0763,喀什大学,,电子信息科学与技术,,,463,
0763,喀什大学,,网络工程,,,458,
0763,喀什大学,,环境科学与工程,,,452,
0763,喀什大学,,计算机科学与技术(师范类),,,464,
0763,喀什大学,,旅游管理,,,466,
0763,喀什大学,,土木工程,,,450,
0763,喀什大学,,国际经济与贸易,,,459,
0763,喀什大学,,社会工作,,,462,
0763,喀什大学,,食品科学与工程,,,452,
0763,喀什大学,,财务管理,,,497,
0763,喀什大学,,数字媒体技术,,,466,
0763,喀什大学,,翻译,,,458,
0763,喀什大学,,通信工程,,,467,
0763,喀什大学,,护理学,,,498,
0763,喀什大学,,预防医学,,,458,
0763,喀什大学,,酒店管理,,,455,
0763,喀什大学,,交通工程,,,456,
0763,喀什大学,,物流工程,,,456,
0763,喀什大学,,卫生检验与检疫,,,467,
0763,喀什大学,,设施农业科学与工程,,,450,
0763,喀什大学,,道路桥梁与渡河工程,,,450,
0763,喀什大学,,建筑学,,,456,
0763,喀什大学,,城乡规划,,,453,
0674,昆明理工大学,,地质工程,,,531,
0674,昆明理工大学,,资源勘查工程,,,504,
0674,昆明理工大学,,新能源材料与器件,,,566,
0674,昆明理工大学,,能源与动力工程,,,581,
0674,昆明理工大学,,工业工程,,,536,
0674,昆明理工大学,,测控技术与仪器,,,565,
0674,昆明理工大学,,电子信息工程,,,588,
0674,昆明理工大学,,自动化,,,589,
0674,昆明理工大学,,物联网工程,,,581,
0674,昆明理工大学,,电气工程及其自动化,,,600,
0674,昆明理工大学,,车辆工程,,,580,
0674,昆明理工大学,,环境科学与工程类(环境工程、环境科学),,,542,
0674,昆明理工大学,,油气储运工程,,,552,
0674,昆明理工大学,,给排水科学与工程,,,510,
0674,昆明理工大学,,工程管理,,,538,
0674,昆明理工大学,,光电信息科学与工程,,,580,
0674,昆明理工大学,,法学,,,564,
0674,昆明理工大学,,材料成型及控制工程,,,551,
0674,昆明理工大学,,材料科学与工程,,,545,
0674,昆明理工大学,,功能材料,,,528,
0674,昆明理工大学,,护理学,,,516,
0674,昆明理工大学,,安全工程,,,550,
0674,昆明理工大学,,机械工程,,,579,
0674,昆明理工大学,,交通运输,,,569,
0674,昆明理工大学,,计算机科学与技术,,,598,
0674,昆明理工大学,,新能源科学与工程,,,575,
0674,昆明理工大学,,冶金工程,,,560,
0674,昆明理工大学,,土木工程(中外合作办学),,,438,
3626,昆明理工大学津桥学院,,计算机科学与技术,,,434,
3626,昆明理工大学津桥学院,,电气工程及其自动化,,,582,
3626,昆明理工大学津桥学院,,通信工程,,,415,
3626,昆明理工大学津桥学院,,自动化,,,429,
3626,昆明理工大学津桥学院,,软件工程,,,436,
3626,昆明理工大学津桥学院,,物联网工程,,,406,
3626,昆明理工大学津桥学院,,水利水电工程,,,410,
3626,昆明理工大学津桥学院,,工程造价,,,432,
3626,昆明理工大学津桥学院,,测绘工程,,,407,
3626,昆明理工大学津桥学院,,交通运输,,,380,
3626,昆明理工大学津桥学院,,工商管理,,,432,
3626,昆明理工大学津桥学院,,国际经济与贸易,,,426,
3626,昆明理工大学津桥学院,,会计学,,,440,
3626,昆明理工大学津桥学院,,市场营销,,,421,
3626,昆明理工大学津桥学院,,物流管理,,,422,
3626,昆明理工大学津桥学院,,学前教育,,,429,
3625,昆明文理学院,,工程造价,,,414,
3625,昆明文理学院,,经济学,,,425,
3625,昆明文理学院,,数学与应用数学,,,428,
1393,昆明学院,,国际经济与贸易,,,463,
1393,昆明学院,,会计学,,,500,
1393,昆明学院,,计算机科学与技术,,,489,
1393,昆明学院,,数据科学与大数据技术,,,482,
0678,昆明医科大学,,临床医学,,,596,
0678,昆明医科大学,,麻醉学,,,604,
0678,昆明医科大学,,医学影像学,,,596,
0678,昆明医科大学,,口腔医学,,,615,
0678,昆明医科大学,,预防医学,,,537,
0678,昆明医科大学,,法医学,,,579,
0678,昆明医科大学,,临床药学,,,565,
0678,昆明医科大学,,药学,,,579,
0678,昆明医科大学,,医学检验技术,,,465,
0678,昆明医科大学,,康复物理治疗,,,507,
0678,昆明医科大学,,护理学(中外合作办学),,,516,
3332,昆明医科大学海源学院,,临床医学,,,480,
3332,昆明医科大学海源学院,,口腔医学,,,505,
3332,昆明医科大学海源学院,,医学影像技术,,,446,
3332,昆明医科大学海源学院,,药学,,,433,
3514,兰州博文科技学院,,车辆工程,,,435,
3514,兰州博文科技学院,,电气工程及其自动化,,,432,
3514,兰州博文科技学院,,机械设计制造及其自动化,,,420,
3514,兰州博文科技学院,,计算机科学与技术,,,443,
3514,兰州博文科技学院,,土木工程,,,389,
0741,兰州财经大学,,会计学,,,565,
0741,兰州财经大学,,金融学,,,497,
0741,兰州财经大学,,金融工程,,,494,
0741,兰州财经大学,,经济统计学,,,530,
0741,兰州财经大学,,人力资源管理,,,492,
0741,兰州财经大学,,电子信息工程,,,539,
0741,兰州财经大学,,智能科学与技术,,,453,
0741,兰州财经大学,,金融学(121中俄实验班),,,475,
0737,兰州城市学院,,数学与应用数学(师范类),,,478,
0737,兰州城市学院,,油气储运工程,,,458,
0737,兰州城市学院,,石油工程,,,460,
0737,兰州城市学院,,资源勘查工程,,,451,
0737,兰州城市学院,,新能源科学与工程,,,463,
0737,兰州城市学院,,机械设计制造及其自动化,,,461,
0737,兰州城市学院,,焊接技术与工程,,,454,
0737,兰州城市学院,,会计学,,,491,
0737,兰州城市学院,,环境工程,,,455,
0730,兰州大学,,经济学类(经济学、国际经济与贸易、金融学),,,621,
0730,兰州大学,,数学类[数学与应用数学(基地班)、数学与应用数学、信息与计算科学、统计学],,,633,
0730,兰州大学,,物理学类(物理学、微电子科学与工程),,,635,
0730,兰州大学,,化学类(化学、应用化学),,,625,
0730,兰州大学,,地理科学类(含基地班)(自然地理与资源环境、人文地理与城乡规划、地理信息科学),,,619,
0730,兰州大学,,大气科学类(大气科学、应用气象学),,,629,
0730,兰州大学,,生物科学(含基地班),,,628,
0730,兰州大学,,材料类(材料物理、材料化学、功能材料、新能源材料与器件),,,628,
0730,兰州大学,,电子信息类(电子信息科学与技术、通信工程、人工智能),,,635,
0730,兰州大学,,计算机类(计算机科学与技术、信息安全、数据科学与大数据技术),,,634,
0730,兰州大学,,化工与制药类(化学工程与工艺、能源化学工程),,,622,
0730,兰州大学,,核工程与核技术,,,632,
0730,兰州大学,,口腔医学,,,624,
0730,兰州大学,,药学,,,614,
0730,兰州大学,,工商管理类(会计学、市场营销、人力资源管理、行政管理),,,618,
0730,兰州大学,,临床医学,,,615,
0730,兰州大学,,医学影像学,,,614,
0732,兰州交通大学,,交通运输,,,581,
0732,兰州交通大学,,交通工程,,,574,
0732,兰州交通大学,,建筑环境与能源应用工程,,,535,
0732,兰州交通大学,,给排水科学与工程,,,545,
0732,兰州交通大学,,土木工程,,,549,
0732,兰州交通大学,,土木工程(卓越计划班),,,561,
0732,兰州交通大学,,工程管理,,,535,
0732,兰州交通大学,,铁道工程,,,567,
0732,兰州交通大学,,道路桥梁与渡河工程,,,561,
0732,兰州交通大学,,机械设计制造及其自动化,,,575,
0732,兰州交通大学,,机械电子工程,,,571,
0732,兰州交通大学,,车辆工程,,,577,
0732,兰州交通大学,,车辆工程(卓越计划班),,,580,
0732,兰州交通大学,,能源与动力工程,,,570,
0732,兰州交通大学,,电气工程及其自动化,,,584,
0732,兰州交通大学,,电气工程及其自动化(卓越计划班),,,587,
0732,兰州交通大学,,自动化,,,579,
0732,兰州交通大学,,轨道交通信号与控制,,,581,
0732,兰州交通大学,,通信工程,,,578,
0732,兰州交通大学,,计算机科学与技术,,,572,
0732,兰州交通大学,,数据科学与大数据技术,,,562,
0732,兰州交通大学,,遥感科学与技术,,,549,
0732,兰州交通大学,,材料科学与工程,,,529,
0732,兰州交通大学,,通信工程(茅以升班),,,583,
0732,兰州交通大学,,给排水科学与工程(茅以升班),,,551,
0732,兰州交通大学,,车辆工程(詹天佑班),,,580,
0731,兰州理工大学,,材料成型及控制工程,,,533,
0731,兰州理工大学,,机械设计制造及其自动化,,,558,
0731,兰州理工大学,,智能制造工程,,,552,
0731,兰州理工大学,,能源与动力工程,,,557,
0731,兰州理工大学,,新能源科学与工程,,,552,
0731,兰州理工大学,,测绘工程,,,511,
0731,兰州理工大学,,电子信息科学与技术,,,559,
0731,兰州理工大学,,自动化,,,567,
0731,兰州理工大学,,通信工程,,,553,
0731,兰州理工大学,,软件工程,,,555,
0731,兰州理工大学,,数据科学与大数据技术,,,556,
0731,兰州理工大学,,工商管理,,,500,
0731,兰州理工大学,,市场营销,,,471,
0731,兰州理工大学,,工业工程,,,515,
0731,兰州理工大学,,过程装备与控制工程,,,544,
0731,兰州理工大学,,化学工程与工艺,,,522,
0731,兰州理工大学,,应用化学,,,516,
0731,兰州理工大学,,工业设计,,,525,
0731,兰州理工大学,,生物制药,,,516,
0731,兰州理工大学,,知识产权,,,526,
6209,兰州石化职业技术大学,,应用化工技术(石油化工技术),,,457,
6209,兰州石化职业技术大学,,应用化工技术(石油炼制技术),,,455,
6209,兰州石化职业技术大学,,电气工程及自动化,,,490,
6209,兰州石化职业技术大学,,数字印刷工程,,,454,
6209,兰州石化职业技术大学,,数字媒体技术,,,468,
1562,兰州文理学院,,化学工程与工艺,,,453,
1562,兰州文理学院,,软件工程,,,465,
3515,兰州信息科技学院,,机械设计制造及其自动化,,,425,
3515,兰州信息科技学院,,机器人工程,,,410,
3515,兰州信息科技学院,,电气工程及其自动化,,,430,
3515,兰州信息科技学院,,食品科学与工程,,,427,
6208,兰州资源环境职业技术大学,,智慧气象技术,,,461,
6208,兰州资源环境职业技术大学,,机器人技术,,,458,
0100,廊坊师范学院,,英语(师范类),,,539,
0100,廊坊师范学院,,新闻学,,,513,
0100,廊坊师范学院,,历史学(师范类),,,515,
0100,廊坊师范学院,,数学与应用数学(师范类),,,528,
0100,廊坊师范学院,,信息与计算科学,,,478,
0100,廊坊师范学院,,物理学(师范类),,,513,
0100,廊坊师范学院,,食品科学与工程,,,474,
0100,廊坊师范学院,,市场营销,,,461,
3328,丽江文化旅游学院,,经济学,,,402,
3328,丽江文化旅游学院,,金融学,,,411,
3328,丽江文化旅游学院,,国际经济与贸易,,,406,
3328,丽江文化旅游学院,,会计学,,,441,
3328,丽江文化旅游学院,,英语,,,422,
3328,丽江文化旅游学院,,日语,,,420,
3328,丽江文化旅游学院,,汉语言文学,,,433,
3328,丽江文化旅游学院,,网络与新媒体,,,436,
3328,丽江文化旅游学院,,学前教育,,,424,
3328,丽江文化旅游学院,,小学教育,,,441,
3328,丽江文化旅游学院,,电子信息工程,,,399,
3328,丽江文化旅游学院,,计算机科学与技术,,,414,
3328,丽江文化旅游学院,,物联网工程,,,397,
3328,丽江文化旅游学院,,软件工程,,,410,
3328,丽江文化旅游学院,,数据科学与大数据技术,,,420,
0352,丽水学院,,机械设计制造及其自动化,,,516,
0352,丽水学院,,计算机科学与技术,,,525,
0352,丽水学院,,少数民族预科班,,,463,
1779,辽东学院,,国际经济与贸易,,,462,
1779,辽东学院,,投资学,,,461,
1779,辽东学院,,金融学,,,472,
1779,辽东学院,,经济统计学,,,471,
1779,辽东学院,,税收学,,,482,
1779,辽东学院,,市场营销,,,460,
1779,辽东学院,,会计学,,,513,
1779,辽东学院,,财务管理,,,500,
1779,辽东学院,,旅游管理,,,460,
1779,辽东学院,,朝鲜语,,,454,
1779,辽东学院,,汉语国际教育(师范类),,,493,
1779,辽东学院,,日语,,,464,
1779,辽东学院,,数学与应用数学(师范类),,,496,
1779,辽东学院,,小学教育(师范类),,,494,
1779,辽东学院,,英语(师范类),,,501,
1779,辽东学院,,工程管理,,,460,
1779,辽东学院,,土木工程,,,453,
1779,辽东学院,,人文地理与城乡规划,,,459,
1779,辽东学院,,纺织工程,,,453,
1779,辽东学院,,服装设计与工程,,,456,
1779,辽东学院,,化学工程与工艺,,,457,
1779,辽东学院,,机械设计制造及其自动化,,,467,
1779,辽东学院,,动物医学,,,501,
1779,辽东学院,,园艺,,,453,
1779,辽东学院,,种子科学与工程,,,456,
1779,辽东学院,,动物科学,,,465,
1779,辽东学院,,电子信息工程,,,477,
1779,辽东学院,,网络工程,,,481,
1779,辽东学院,,计算机科学与技术,,,487,
1779,辽东学院,,测控技术与仪器,,,462,
1779,辽东学院,,护理学,,,487,
1779,辽东学院,,轻化工程,,,454,
1779,辽东学院,,酒店管理,,,460,
1779,辽东学院,,生物科学(师范类),,,489,
1779,辽东学院,,地理科学(师范类),,,496,
1779,辽东学院,,学前教育(师范类),,,469,
1779,辽东学院,,计算机科学与技术(中外合作办学),,,442,
3900,辽宁财贸学院,,金融工程,,,376,
3900,辽宁财贸学院,,互联网金融,,,376,
3900,辽宁财贸学院,,国际经济与贸易,,,376,
3900,辽宁财贸学院,,人工智能,,,375,
3900,辽宁财贸学院,,软件工程,,,385,
3900,辽宁财贸学院,,数据科学与大数据技术,,,378,
3900,辽宁财贸学院,,信息管理与信息系统,,,378,
3900,辽宁财贸学院,,会计学,,,412,
3900,辽宁财贸学院,,财务管理,,,401,
3900,辽宁财贸学院,,审计学,,,402,
3957,辽宁传媒学院,,汉语言文学,,,427,
3957,辽宁传媒学院,,新闻学,,,388,
3957,辽宁传媒学院,,广播电视学,,,389,
3957,辽宁传媒学院,,广告学,,,395,
3957,辽宁传媒学院,,传播学,,,390,
3957,辽宁传媒学院,,网络与新媒体,,,400,
3957,辽宁传媒学院,,数字出版,,,386,
3957,辽宁传媒学院,,数字媒体技术,,,401,
3957,辽宁传媒学院,,风景园林,,,387,
3957,辽宁传媒学院,,工程造价,,,389,
3957,辽宁传媒学院,,大数据管理与应用,,,403,
3957,辽宁传媒学院,,文化产业管理,,,391,
3957,辽宁传媒学院,,电子商务及法律,,,396,
3957,辽宁传媒学院,,广播电视编导,,,404,
0140,辽宁大学,,汉语言文学,,,608,
0140,辽宁大学,,历史学,,,580,
0140,辽宁大学,,考古学,,,574,
0140,辽宁大学,,档案学,,,580,
0140,辽宁大学,,哲学,,,567,
0140,辽宁大学,,行政管理,,,579,
0140,辽宁大学,,劳动与社会保障,,,583,
0140,辽宁大学,,新闻学,,,582,
0140,辽宁大学,,广告学,,,581,
0140,辽宁大学,,编辑出版学,,,566,
0140,辽宁大学,,经济学类(经济学、国民经济管理),,,591,
0140,辽宁大学,,经济统计学,,,592,
0140,辽宁大学,,财政学,,,603,
0140,辽宁大学,,金融学类(金融学、保险学),,,580,
0140,辽宁大学,,国际经济与贸易,,,576,
0140,辽宁大学,,国际政治,,,572,
0140,辽宁大学,,朝鲜语,,,553,
0140,辽宁大学,,工程管理,,,566,
0140,辽宁大学,,工商管理类(工商管理、市场营销、人力资源管理),,,569,
0140,辽宁大学,,会计学,,,612,
0140,辽宁大学,,法学,,,613,
0140,辽宁大学,,英语,,,589,
0140,辽宁大学,,俄语,,,557,
0140,辽宁大学,,德语,,,562,
0140,辽宁大学,,法语,,,563,
0140,辽宁大学,,日语,,,563,
0140,辽宁大学,,广播电视编导,,,558,
0140,辽宁大学,,戏剧影视文学,,,556,
0140,辽宁大学,,汉语国际教育,,,588,
0140,辽宁大学,,数学与应用数学,,,592,
0140,辽宁大学,,物理学,,,584,
0140,辽宁大学,,测控技术与仪器,,,592,
0140,辽宁大学,,微电子科学与工程,,,599,
0140,辽宁大学,,化学类(化学、应用化学),,,575,
0140,辽宁大学,,制药工程,,,573,
0140,辽宁大学,,生物技术,,,560,
0140,辽宁大学,,生物信息学,,,582,
0140,辽宁大学,,环境工程,,,561,
0140,辽宁大学,,环境生态工程,,,558,
0140,辽宁大学,,工程力学,,,587,
0140,辽宁大学,,网络空间安全,,,602,
0140,辽宁大学,,通信工程,,,601,
0140,辽宁大学,,电子信息科学与技术,,,602,
0140,辽宁大学,,数据科学与大数据技术,,,605,
0140,辽宁大学,,计算机科学与技术,,,608,
0140,辽宁大学,,无机非金属材料工程,,,570,
0140,辽宁大学,,电气工程及其自动化,,,601,
0140,辽宁大学,,食品科学与工程,,,570,
0140,辽宁大学,,数字经济,,,588,
0140,辽宁大学,,纪检监察,,,611,
0140,辽宁大学,,英语(辽阳武圣校区),,,563,
0140,辽宁大学,,俄语(辽阳武圣校区),,,531,
0140,辽宁大学,,日语(辽阳武圣校区),,,533,
0140,辽宁大学,,翻译(辽阳武圣校区),,,533,
0140,辽宁大学,,商务英语(辽阳武圣校区),,,530,
0140,辽宁大学,,会计学(中外合作办学)(新华国际商学院),,,556,
0140,辽宁大学,,市场营销(中外合作办学)(新华国际商学院),,,544,
0140,辽宁大学,,工商管理(中外合作办学)(新华国际商学院),,,545,
0140,辽宁大学,,会计学(中外合作办学)(亚澳商学院),,,554,
0140,辽宁大学,,金融学(中外合作办学)(亚澳商学院),,,545,
0140,辽宁大学,,国际商务(中外合作办学)(亚澳商学院),,,545,
0140,辽宁大学,,生物技术(中外高水平大学学生交流计划),,,554,
0140,辽宁大学,,新闻学(中外高水平大学学生交流计划),,,541,
0140,辽宁大学,,英语(中外高水平大学学生交流计划),,,541,
0140,辽宁大学,,经济学(中外高水平大学学生交流计划),,,586,
0140,辽宁大学,,财政学(辽宁省高校专项计划),,,598,
0140,辽宁大学,,工程管理(辽宁省高校专项计划),,,554,
0140,辽宁大学,,法学(辽宁省高校专项计划),,,604,
0140,辽宁大学,,测控技术与仪器(辽宁省高校专项计划),,,590,
0140,辽宁大学,,化学类(化学、应用化学)(辽宁省高校专项计划),,,570,
0140,辽宁大学,,制药工程(辽宁省高校专项计划),,,568,
0140,辽宁大学,,数据科学与大数据技术(辽宁省高校专项计划),,,603,
0140,辽宁大学,,计算机科学与技术(辽宁省高校专项计划),,,606,
0140,辽宁大学,,无机非金属材料工程(辽宁省高校专项计划),,,560,
0140,辽宁大学,,电气工程及其自动化(辽宁省高校专项计划),,,602,
0841,辽宁对外经贸学院,,国际经济与贸易,,,379,
0841,辽宁对外经贸学院,,金融学,,,392,
0841,辽宁对外经贸学院,,物流管理,,,376,
0841,辽宁对外经贸学院,,电子商务,,,376,
0841,辽宁对外经贸学院,,英语,,,398,
0841,辽宁对外经贸学院,,商务英语,,,385,
0841,辽宁对外经贸学院,,日语,,,375,
0841,辽宁对外经贸学院,,俄语,,,381,
0841,辽宁对外经贸学院,,朝鲜语,,,380,
0841,辽宁对外经贸学院,,西班牙语,,,379,
0841,辽宁对外经贸学院,,会计学,,,423,
0841,辽宁对外经贸学院,,财务管理,,,409,
0841,辽宁对外经贸学院,,资产评估,,,387,
0841,辽宁对外经贸学院,,市场营销,,,379,
0841,辽宁对外经贸学院,,人力资源管理,,,396,
0841,辽宁对外经贸学院,,旅游管理,,,379,
0841,辽宁对外经贸学院,,会展经济与管理,,,376,
0841,辽宁对外经贸学院,,养老服务管理,,,403,
0841,辽宁对外经贸学院,,信息管理与信息系统,,,375,
0147,辽宁工程技术大学,,采矿工程,,,474,
0147,辽宁工程技术大学,,智能采矿工程,,,478,
0147,辽宁工程技术大学,,矿物加工工程,,,470,
0147,辽宁工程技术大学,,地质工程,,,471,
0147,辽宁工程技术大学,,资源勘查工程,,,468,
0147,辽宁工程技术大学,,安全工程,,,490,
0147,辽宁工程技术大学,,应急技术与管理,,,485,
0147,辽宁工程技术大学,,能源化学工程,,,492,
0147,辽宁工程技术大学,,测绘工程,,,480,
0147,辽宁工程技术大学,,遥感科学与技术,,,484,
0147,辽宁工程技术大学,,地理信息科学,,,503,
0147,辽宁工程技术大学,,理论与应用力学,,,471,
0147,辽宁工程技术大学,,工程力学,,,485,
0147,辽宁工程技术大学,,新能源科学与工程,,,500,
0147,辽宁工程技术大学,,机械设计制造及其自动化,,,504,
0147,辽宁工程技术大学,,机械电子工程,,,495,
0147,辽宁工程技术大学,,工业设计,,,481,
0147,辽宁工程技术大学,,车辆工程,,,494,
0147,辽宁工程技术大学,,能源与动力工程,,,494,
0147,辽宁工程技术大学,,工程管理,,,481,
0147,辽宁工程技术大学,,工商管理,,,489,
0147,辽宁工程技术大学,,国际经济与贸易,,,488,
0147,辽宁工程技术大学,,金融学,,,504,
0147,辽宁工程技术大学,,信息管理与信息系统,,,510,
0147,辽宁工程技术大学,,会计学,,,532,
0147,辽宁工程技术大学,,市场营销,,,475,
0147,辽宁工程技术大学,,土木工程,,,466,
0147,辽宁工程技术大学,,建筑环境与能源应用工程,,,470,
0147,辽宁工程技术大学,,给排水科学与工程,,,475,
0147,辽宁工程技术大学,,智能建造,,,485,
0147,辽宁工程技术大学,,建筑学,,,478,
0147,辽宁工程技术大学,,交通工程,,,483,
0147,辽宁工程技术大学,,电气工程及其自动化,,,561,
0147,辽宁工程技术大学,,自动化,,,522,
0147,辽宁工程技术大学,,测控技术与仪器,,,503,
0147,辽宁工程技术大学,,智能电网信息工程,,,550,
0147,辽宁工程技术大学,,电气工程与智能控制,,,555,
0147,辽宁工程技术大学,,机器人工程,,,509,
0147,辽宁工程技术大学,,电子信息工程,,,510,
0147,辽宁工程技术大学,,电子科学与技术,,,506,
0147,辽宁工程技术大学,,通信工程,,,516,
0147,辽宁工程技术大学,,计算机科学与技术,,,526,
0147,辽宁工程技术大学,,材料成型及控制工程,,,481,
0147,辽宁工程技术大学,,金属材料工程,,,474,
0147,辽宁工程技术大学,,无机非金属材料工程,,,474,
0147,辽宁工程技术大学,,新能源材料与器件,,,485,
0147,辽宁工程技术大学,,环境工程,,,470,
0147,辽宁工程技术大学,,环境生态工程,,,472,
0147,辽宁工程技术大学,,数学与应用数学,,,494,
0147,辽宁工程技术大学,,信息与计算科学,,,492,
0147,辽宁工程技术大学,,生物工程,,,472,
0147,辽宁工程技术大学,,软件工程,,,494,
0147,辽宁工程技术大学,,网络工程,,,491,
0147,辽宁工程技术大学,,数据科学与大数据技术,,,523,
0147,辽宁工程技术大学,,人工智能,,,524,
0147,辽宁工程技术大学,,法学,,,533,
0147,辽宁工程技术大学,,行政管理,,,489,
0147,辽宁工程技术大学,,劳动与社会保障,,,488,
0147,辽宁工程技术大学,,财务管理,,,517,
0147,辽宁工程技术大学,,英语,,,496,
0147,辽宁工程技术大学,,广播电视学,,,483,
0147,辽宁工程技术大学,,数字媒体技术,,,506,
0147,辽宁工程技术大学,,安全工程(辽宁省高校专项计划),,,480,
0147,辽宁工程技术大学,,测绘工程(辽宁省高校专项计划),,,475,
0147,辽宁工程技术大学,,机械设计制造及其自动化(辽宁省高校专项计划),,,501,
0147,辽宁工程技术大学,,机械电子工程(辽宁省高校专项计划),,,489,
0147,辽宁工程技术大学,,工程管理(辽宁省高校专项计划),,,471,
0147,辽宁工程技术大学,,土木工程(辽宁省高校专项计划),,,461,
0147,辽宁工程技术大学,,电气工程及其自动化(辽宁省高校专项计划),,,559,
0147,辽宁工程技术大学,,自动化(辽宁省高校专项计划),,,519,
0147,辽宁工程技术大学,,电子信息工程(辽宁省高校专项计划),,,506,
0147,辽宁工程技术大学,,通信工程(辽宁省高校专项计划),,,516,
0147,辽宁工程技术大学,,计算机科学与技术(辽宁省高校专项计划),,,520,
0147,辽宁工程技术大学,,无机非金属材料工程(辽宁省高校专项计划),,,468,
0147,辽宁工程技术大学,,新能源材料与器件(辽宁省高校专项计划),,,485,
0147,辽宁工程技术大学,,环境工程(辽宁省高校专项计划),,,463,
0147,辽宁工程技术大学,,生物工程(辽宁省高校专项计划),,,465,
0154,辽宁工业大学,,机械电子工程,,,485,
0154,辽宁工业大学,,机械设计制造及其自动化,,,488,
0154,辽宁工业大学,,过程装备与控制工程,,,472,
0154,辽宁工业大学,,机器人工程,,,482,
0154,辽宁工业大学,,应急装备技术与工程,,,466,
0154,辽宁工业大学,,智能制造工程,,,481,
0154,辽宁工业大学,,车辆工程,,,481,
0154,辽宁工业大学,,新能源汽车工程,,,479,
0154,辽宁工业大学,,交通运输,,,473,
0154,辽宁工业大学,,标准化工程,,,471,
0154,辽宁工业大学,,材料科学与工程,,,464,
0154,辽宁工业大学,,材料成型及控制工程,,,469,
0154,辽宁工业大学,,焊接技术与工程,,,471,
0154,辽宁工业大学,,新能源材料与器件,,,476,
0154,辽宁工业大学,,智能材料与结构,,,466,
0154,辽宁工业大学,,化学工程与工艺,,,470,
0154,辽宁工业大学,,应用化学,,,469,
0154,辽宁工业大学,,环境科学与工程,,,463,
0154,辽宁工业大学,,化工安全工程,,,463,
0154,辽宁工业大学,,储能科学与工程,,,477,
0154,辽宁工业大学,,化学工程与工艺(中外合作办学),,,433,
0154,辽宁工业大学,,测控技术与仪器,,,477,
0154,辽宁工业大学,,自动化,,,488,
0154,辽宁工业大学,,电气工程及其自动化,,,535,
0154,辽宁工业大学,,智能电网信息工程,,,515,
0154,辽宁工业大学,,电子信息工程,,,501,
0154,辽宁工业大学,,通信工程,,,499,
0154,辽宁工业大学,,计算机科学与技术,,,524,
0154,辽宁工业大学,,软件工程,,,508,
0154,辽宁工业大学,,软件工程(中外合作办学),,,445,
0154,辽宁工业大学,,物联网工程,,,490,
0154,辽宁工业大学,,数据科学与大数据技术,,,499,
0154,辽宁工业大学,,工程管理,,,468,
0154,辽宁工业大学,,会计学,,,523,
0154,辽宁工业大学,,工商管理,,,480,
0154,辽宁工业大学,,金融工程,,,473,
0154,辽宁工业大学,,国际经济与贸易,,,478,
0154,辽宁工业大学,,建筑学,,,466,
0154,辽宁工业大学,,土木工程,,,456,
0154,辽宁工业大学,,建筑环境与能源应用工程,,,461,
0154,辽宁工业大学,,给排水科学与工程,,,463,
0154,辽宁工业大学,,信息与计算科学,,,481,
0154,辽宁工业大学,,广告学,,,488,
0154,辽宁工业大学,,传播学,,,480,
3610,辽宁何氏医学院,,临床医学,,,439,
3610,辽宁何氏医学院,,护理学,,,418,
3610,辽宁何氏医学院,,医学影像学,,,444,
3610,辽宁何氏医学院,,医学影像技术,,,420,
3610,辽宁何氏医学院,,眼视光医学,,,443,
3610,辽宁何氏医学院,,眼视光学,,,421,
3610,辽宁何氏医学院,,药学,,,413,
3610,辽宁何氏医学院,,药事管理,,,405,
3610,辽宁何氏医学院,,生物医学工程,,,404,
3610,辽宁何氏医学院,,医学信息工程,,,402,
3610,辽宁何氏医学院,,智能医学工程,,,408,
3610,辽宁何氏医学院,,学前教育,,,400,
3610,辽宁何氏医学院,,健康服务与管理,,,413,
3610,辽宁何氏医学院,,医学检验技术,,,422,
1432,辽宁警察学院,,监狱学,,,504,
1432,辽宁警察学院,,交通管理,,,473,
1432,辽宁警察学院,,网络空间安全,,,475,
1432,辽宁警察学院,,应急技术与管理,,,463,
0146,辽宁科技大学,,金融学,,,500,
0146,辽宁科技大学,,金融科技,,,479,
0146,辽宁科技大学,,国际经济与贸易,,,480,
0146,辽宁科技大学,,法学,,,537,
0146,辽宁科技大学,,英语,,,489,
0146,辽宁科技大学,,数据计算及应用,,,481,
0146,辽宁科技大学,,应用物理学,,,464,
0146,辽宁科技大学,,应用化学,,,467,
0146,辽宁科技大学,,机械工程,,,486,
0146,辽宁科技大学,,机械设计制造及其自动化,,,490,
0146,辽宁科技大学,,材料成型及控制工程,,,471,
0146,辽宁科技大学,,机械电子工程,,,480,
0146,辽宁科技大学,,工业设计,,,475,
0146,辽宁科技大学,,智能制造工程,,,486,
0146,辽宁科技大学,,测控技术与仪器,,,476,
0146,辽宁科技大学,,材料科学与工程,,,466,
0146,辽宁科技大学,,冶金工程,,,473,
0146,辽宁科技大学,,无机非金属材料工程,,,466,
0146,辽宁科技大学,,能源与动力工程,,,480,
0146,辽宁科技大学,,储能科学与工程,,,477,
0146,辽宁科技大学,,电气工程及其自动化,,,516,
0146,辽宁科技大学,,电子信息工程,,,493,
0146,辽宁科技大学,,通信工程,,,495,
0146,辽宁科技大学,,光电信息科学与工程,,,483,
0146,辽宁科技大学,,自动化,,,494,
0146,辽宁科技大学,,机器人工程,,,486,
0146,辽宁科技大学,,计算机科学与技术,,,513,
0146,辽宁科技大学,,软件工程,,,486,
0146,辽宁科技大学,,网络工程,,,483,
0146,辽宁科技大学,,物联网工程,,,496,
0146,辽宁科技大学,,数据科学与大数据技术,,,487,
0146,辽宁科技大学,,土木工程,,,460,
0146,辽宁科技大学,,建筑环境与能源应用工程,,,461,
0146,辽宁科技大学,,智能建造,,,474,
0146,辽宁科技大学,,测绘工程,,,465,
0146,辽宁科技大学,,化学工程与工艺,,,476,
0146,辽宁科技大学,,采矿工程,,,459,
0146,辽宁科技大学,,矿物加工工程,,,459,
0146,辽宁科技大学,,环境工程,,,464,
0146,辽宁科技大学,,建筑学,,,466,
0146,辽宁科技大学,,生物工程,,,466,
0146,辽宁科技大学,,工商管理,,,499,
0146,辽宁科技大学,,市场营销,,,476,
0146,辽宁科技大学,,会计学,,,531,
0146,辽宁科技大学,,财务管理,,,523,
0146,辽宁科技大学,,旅游管理,,,474,
0146,辽宁科技大学,,材料成型及控制工程(辽宁省高校专项计划),,,468,
0146,辽宁科技大学,,化学工程与工艺(辽宁省高校专项计划),,,468,
0146,辽宁科技大学,,冶金工程(中外合作办学),,,437,
1430,辽宁科技学院,,机械设计制造及其自动化,,,474,
1430,辽宁科技学院,,新能源汽车工程,,,466,
1430,辽宁科技学院,,智能制造工程,,,464,
1430,辽宁科技学院,,电气工程及其自动化,,,503,
1430,辽宁科技学院,,自动化,,,475,
1430,辽宁科技学院,,机器人工程,,,464,
1430,辽宁科技学院,,测控技术与仪器,,,460,
1430,辽宁科技学院,,土木工程,,,454,
1430,辽宁科技学院,,道路桥梁与渡河工程,,,453,
1430,辽宁科技学院,,测绘工程,,,456,
1430,辽宁科技学院,,遥感科学与技术,,,462,
1430,辽宁科技学院,,智能采矿工程,,,453,
1430,辽宁科技学院,,工程造价,,,470,
1430,辽宁科技学院,,材料成型及控制工程,,,458,
1430,辽宁科技学院,,冶金工程,,,454,
1430,辽宁科技学院,,金属材料工程,,,455,
1430,辽宁科技学院,,粉体材料科学与工程,,,454,
1430,辽宁科技学院,,应用化学,,,457,
1430,辽宁科技学院,,生物技术,,,458,
1430,辽宁科技学院,,制药工程,,,465,
1430,辽宁科技学院,,能源化学工程,,,457,
1430,辽宁科技学院,,环境工程,,,455,
1430,辽宁科技学院,,计算机科学与技术,,,488,
1430,辽宁科技学院,,数据科学与大数据技术,,,475,
1430,辽宁科技学院,,人工智能,,,469,
1430,辽宁科技学院,,通信工程,,,472,
1430,辽宁科技学院,,物联网工程,,,473,
1430,辽宁科技学院,,数字经济,,,464,
1430,辽宁科技学院,,会计学,,,507,
1430,辽宁科技学院,,档案学,,,466,
1430,辽宁科技学院,,旅游管理,,,461,
1430,辽宁科技学院,,学前教育,,,472,
1430,辽宁科技学院,,广告学,,,464,
1430,辽宁科技学院,,小学教育(师范类),,,493,
1430,辽宁科技学院,,机械设计制造及其自动化(中外合作办学),,,447,
3217,辽宁理工学院,,汉语言文学,,,452,
3217,辽宁理工学院,,英语,,,418,
3217,辽宁理工学院,,网络与新媒体,,,419,
3217,辽宁理工学院,,信息与计算科学,,,390,
3217,辽宁理工学院,,机械电子工程,,,396,
3217,辽宁理工学院,,汽车服务工程,,,380,
3217,辽宁理工学院,,智能制造工程,,,409,
3217,辽宁理工学院,,新能源汽车工程,,,396,
3217,辽宁理工学院,,焊接技术与工程,,,384,
3217,辽宁理工学院,,电气工程与智能控制,,,399,
3217,辽宁理工学院,,电机电器智能化,,,384,
3217,辽宁理工学院,,机器人工程,,,385,
3217,辽宁理工学院,,计算机科学与技术,,,413,
3217,辽宁理工学院,,软件工程,,,407,
3217,辽宁理工学院,,网络工程,,,392,
3217,辽宁理工学院,,数字媒体技术,,,397,
3217,辽宁理工学院,,智能科学与技术,,,384,
3217,辽宁理工学院,,风景园林,,,381,
3217,辽宁理工学院,,工程管理,,,388,
3217,辽宁理工学院,,工程造价,,,389,
3217,辽宁理工学院,,会计学,,,442,
3217,辽宁理工学院,,财务管理,,,413,
3217,辽宁理工学院,,审计学,,,421,
3217,辽宁理工学院,,物流工程,,,383,
3217,辽宁理工学院,,电子商务,,,384,
2595,辽宁理工职业大学,,建筑工程,,,368,
2595,辽宁理工职业大学,,机械设计制造及自动化,,,371,
2595,辽宁理工职业大学,,自动化技术与应用,,,375,
2595,辽宁理工职业大学,,新能源汽车工程技术,,,377,
2595,辽宁理工职业大学,,汽车服务工程技术,,,368,
2595,辽宁理工职业大学,,软件工程技术,,,372,
2595,辽宁理工职业大学,,大数据工程技术,,,370,
2595,辽宁理工职业大学,,信息安全与管理,,,375,
2595,辽宁理工职业大学,,现代物流管理,,,372,
0165,辽宁师范大学,,地理科学(师范类),,,566,
0165,辽宁师范大学,,人文地理与城乡规划,,,547,
0165,辽宁师范大学,,地理信息科学,,,559,
0165,辽宁师范大学,,地理科学(师范类)(辽宁省高校专项计划),,,574,
0165,辽宁师范大学,,化学(师范类)(辽宁省高校专项计划),,,592,
0165,辽宁师范大学,,计算机科学与技术(师范类)(辽宁省高校专项计划),,,563,
0165,辽宁师范大学,,历史学(师范类)(辽宁省高校专项计划),,,555,
0165,辽宁师范大学,,生物科学(师范类)(辽宁省高校专项计划),,,585,
0165,辽宁师范大学,,数学与应用数学(师范类)(辽宁省高校专项计划),,,607,
0165,辽宁师范大学,,英语(师范类)(辽宁省高校专项计划),,,593,
0165,辽宁师范大学,,物理学(师范类)(辽宁省高校专项计划),,,595,
0165,辽宁师范大学,,法学,,,586,
0165,辽宁师范大学,,政治学与行政学,,,560,
0165,辽宁师范大学,,国际商务(中外合作办学),,,449,
0165,辽宁师范大学,,化学(师范类),,,595,
0165,辽宁师范大学,,药物化学,,,544,
0165,辽宁师范大学,,人工智能,,,555,
0165,辽宁师范大学,,计算机科学与技术(师范类),,,561,
0165,辽宁师范大学,,计算机科学与技术,,,575,
0165,辽宁师范大学,,数字媒体技术,,,573,
0165,辽宁师范大学,,教育学(师范类),,,572,
0165,辽宁师范大学,,教育技术学(师范类),,,543,
0165,辽宁师范大学,,学前教育(师范类),,,553,
0165,辽宁师范大学,,小学教育(师范类),,,576,
0165,辽宁师范大学,,特殊教育(师范类),,,567,
0165,辽宁师范大学,,历史学(师范类),,,571,
0165,辽宁师范大学,,文物与博物馆学,,,539,
0165,辽宁师范大学,,思想政治教育(师范类),,,585,
0165,辽宁师范大学,,生物科学(师范类),,,586,
0165,辽宁师范大学,,生物技术,,,545,
0165,辽宁师范大学,,数学与应用数学(师范类),,,608,
0165,辽宁师范大学,,信息与计算科学,,,561,
0165,辽宁师范大学,,英语(师范类),,,594,
0165,辽宁师范大学,,英语(中外合作办学),,,494,
0165,辽宁师范大学,,俄语,,,516,
0165,辽宁师范大学,,法语,,,536,
0165,辽宁师范大学,,日语(师范类),,,532,
0165,辽宁师范大学,,日语,,,519,
0165,辽宁师范大学,,翻译,,,523,
0165,辽宁师范大学,,国际商务,,,548,
0165,辽宁师范大学,,新闻学,,,557,
0165,辽宁师范大学,,广告学,,,554,
0165,辽宁师范大学,,物理学(师范类),,,598,
0165,辽宁师范大学,,电子信息工程,,,568,
0165,辽宁师范大学,,电子科学与技术,,,559,
0165,辽宁师范大学,,心理学(师范类),,,547,
0165,辽宁师范大学,,应用心理学(师范类),,,542,
0165,辽宁师范大学,,广播电视编导,,,526,
0165,辽宁师范大学,,信息管理与信息系统,,,558,
0165,辽宁师范大学,,会计学,,,581,
0165,辽宁师范大学,,公共事业管理,,,546,
0165,辽宁师范大学,,行政管理,,,554,
0165,辽宁师范大学,,图书馆学,,,537,
3215,辽宁师范大学海华学院,,法学,,,442,
3215,辽宁师范大学海华学院,,思想政治教育,,,446,
3215,辽宁师范大学海华学院,,学前教育,,,437,
3215,辽宁师范大学海华学院,,汉语言文学,,,443,
3215,辽宁师范大学海华学院,,汉语国际教育,,,440,
3215,辽宁师范大学海华学院,,英语,,,429,
3215,辽宁师范大学海华学院,,日语,,,412,
3215,辽宁师范大学海华学院,,新闻学,,,414,
3215,辽宁师范大学海华学院,,广告学,,,403,
3215,辽宁师范大学海华学院,,网络与新媒体,,,429,
3215,辽宁师范大学海华学院,,计算机科学与技术,,,411,
3215,辽宁师范大学海华学院,,数字媒体技术,,,416,
3215,辽宁师范大学海华学院,,数据科学与大数据技术,,,411,
3215,辽宁师范大学海华学院,,会计学,,,432,
3215,辽宁师范大学海华学院,,审计学,,,445,
3215,辽宁师范大学海华学院,,旅游管理,,,411,
3215,辽宁师范大学海华学院,,小学教育,,,442,
3215,辽宁师范大学海华学院,,数学与应用数学,,,413,
3215,辽宁师范大学海华学院,,软件工程,,,426,
0148,辽宁石油化工大学,,安全工程,,,514,
0148,辽宁石油化工大学,,大数据管理与应用,,,512,
0148,辽宁石油化工大学,,电气工程及其自动化,,,519,
0148,辽宁石油化工大学,,高分子材料与工程,,,517,
0148,辽宁石油化工大学,,高分子材料与工程(卓越计划班),,,522,
0148,辽宁石油化工大学,,过程装备与控制工程,,,516,
0148,辽宁石油化工大学,,过程装备与控制工程(卓越计划班),,,519,
0148,辽宁石油化工大学,,海洋油气工程,,,514,
0148,辽宁石油化工大学,,化学工程与工艺,,,522,
0148,辽宁石油化工大学,,化学工程与工艺(卓越计划班),,,537,
0148,辽宁石油化工大学,,会计学,,,524,
0148,辽宁石油化工大学,,机械设计制造及其自动化,,,515,
0148,辽宁石油化工大学,,计算机科学与技术,,,510,
0148,辽宁石油化工大学,,金融学,,,508,
0148,辽宁石油化工大学,,能源与动力工程,,,512,
0148,辽宁石油化工大学,,软件工程,,,507,
0148,辽宁石油化工大学,,石油工程,,,533,
0148,辽宁石油化工大学,,数学与应用数学,,,509,
0148,辽宁石油化工大学,,通信工程,,,512,
0148,辽宁石油化工大学,,应用化学,,,522,
0148,辽宁石油化工大学,,油气储运工程,,,519,
0148,辽宁石油化工大学,,油气储运工程(卓越计划班),,,532,
0148,辽宁石油化工大学,,智能制造工程,,,512,
0148,辽宁石油化工大学,,自动化,,,515,
0148,辽宁石油化工大学,,自动化(卓越计划班),,,523,
0148,辽宁石油化工大学,,人工智能,,,509,
0148,辽宁石油化工大学,,电气工程及其自动化(中外合作办学),,,467,
0148,辽宁石油化工大学,,精细化工,,,513,
0148,辽宁石油化工大学,,石油工程(中外合作办学),,,449,
0148,辽宁石油化工大学,,少数民族预科班,,,461,
0148,辽宁石油化工大学,,化学工程与工艺(辽宁省高校专项计划),,,519,
0148,辽宁石油化工大学,,应用化学(辽宁省高校专项计划),,,489,
0148,辽宁石油化工大学,,机械设计制造及其自动化(辽宁省高校专项计划),,,492,
0148,辽宁石油化工大学,,过程装备与控制工程(辽宁省高校专项计划),,,493,
0148,辽宁石油化工大学,,油气储运工程(辽宁省高校专项计划),,,518,
0148,辽宁石油化工大学,,石油工程(辽宁省高校专项计划),,,495,
0148,辽宁石油化工大学,,电气工程及其自动化(辽宁省高校专项计划),,,533,
0148,辽宁石油化工大学,,自动化(辽宁省高校专项计划),,,512,
0162,辽宁中医药大学,,中医学(5+3一体化),,,580,
0162,辽宁中医药大学,,中医学(5+3一体化)(辽宁省高校专项计划),,,563,
0162,辽宁中医药大学,,中医学[5+3一体化(儿科学)],,,570,
0162,辽宁中医药大学,,中医学,,,540,
0162,辽宁中医药大学,,中医骨伤科学,,,514,
0162,辽宁中医药大学,,中西医临床医学,,,515,
0162,辽宁中医药大学,,针灸推拿学,,,522,
0162,辽宁中医药大学,,中医康复学,,,517,
0162,辽宁中医药大学,,中医养生学,,,509,
0162,辽宁中医药大学,,康复治疗学,,,512,
0162,辽宁中医药大学,,运动康复,,,507,
0162,辽宁中医药大学,,护理学,,,512,
0162,辽宁中医药大学,,护理学(中外合作办学),,,469,
0162,辽宁中医药大学,,中药学,,,499,
0162,辽宁中医药大学,,药学,,,511,
0162,辽宁中医药大学,,药物制剂,,,517,
0162,辽宁中医药大学,,中草药栽培与鉴定,,,491,
0162,辽宁中医药大学,,中药制药,,,499,
0162,辽宁中医药大学,,中药资源与开发,,,492,
0162,辽宁中医药大学,,医学检验技术,,,523,
0162,辽宁中医药大学,,市场营销,,,477,
0162,辽宁中医药大学,,健康服务与管理,,,499,
0162,辽宁中医药大学,,公共事业管理,,,495,
0162,辽宁中医药大学,,医学信息工程,,,502,
0162,辽宁中医药大学,,信息管理与信息系统,,,502,
0162,辽宁中医药大学,,数据科学与大数据技术,,,501,
0162,辽宁中医药大学,,英语,,,501,
0162,辽宁中医药大学,,实验动物学,,,489,
0162,辽宁中医药大学,,中兽医学,,,494,
3609,辽宁中医药大学杏林学院,,中医学,,,439,
3609,辽宁中医药大学杏林学院,,中西医临床医学,,,437,
3609,辽宁中医药大学杏林学院,,针灸推拿学,,,432,
3609,辽宁中医药大学杏林学院,,康复治疗学,,,426,
3609,辽宁中医药大学杏林学院,,健康服务与管理,,,416,
3609,辽宁中医药大学杏林学院,,中药学,,,429,
3609,辽宁中医药大学杏林学院,,制药工程,,,426,
3609,辽宁中医药大学杏林学院,,药事管理,,,416,
3609,辽宁中医药大学杏林学院,,护理学,,,433,
3609,辽宁中医药大学杏林学院,,医学检验技术,,,432,
3609,辽宁中医药大学杏林学院,,医学影像技术,,,433,
3609,辽宁中医药大学杏林学院,,口腔医学技术,,,444,
0447,聊城大学,,经济学,,,513,
0447,聊城大学,,生物科学(师范类),,,532,
0447,聊城大学,,车辆工程,,,511,
0447,聊城大学,,金属材料工程,,,472,
0447,聊城大学,,新能源材料与器件,,,491,
0447,聊城大学,,光电信息科学与工程,,,508,
0447,聊城大学,,智能建造,,,467,
0447,聊城大学,,生物制药,,,489,
0447,聊城大学,,会计学,,,537,
0452,临沂大学,,物理学(师范类),,,526,
0452,临沂大学,,地理科学(师范类),,,529,
0452,临沂大学,,医学检验技术,,,516,
0452,临沂大学,,制药工程,,,510,
0452,临沂大学,,软件工程,,,534,
0452,临沂大学,,医学影像技术,,,514,
0452,临沂大学,,卫生检验与检疫,,,503,
0579,岭南师范学院,,软件工程,,,482,
0579,岭南师范学院,,教育技术学(师范),,,462,
3639,柳州工学院,,化学工程与工艺,,,404,
3639,柳州工学院,,市场营销,,,391,
3639,柳州工学院,,财务管理,,,413,
3639,柳州工学院,,智能车辆工程,,,407,
3639,柳州工学院,,土木工程,,,368,
3639,柳州工学院,,机械类(机械工程、材料成型及控制工程、机械设计制造及其自动化),,,403,
1312,龙岩学院,,电子信息工程,,,470,
1312,龙岩学院,,广播电视学,,,459,
0738,陇东学院,,汉语言文学(师范类),,,493,
0738,陇东学院,,会计学,,,492,
0738,陇东学院,,数学与应用数学(师范类),,,475,
0738,陇东学院,,数据科学与大数据技术,,,468,
0738,陇东学院,,农学,,,453,
0738,陇东学院,,土木工程,,,452,
0738,陇东学院,,工程管理,,,457,
0451,鲁东大学,,新能源材料与器件,,,536,
0451,鲁东大学,,集成电路设计与集成系统,,,544,
0451,鲁东大学,,生物科学(师范类),,,541,
0451,鲁东大学,,地理科学(师范类),,,548,
0451,鲁东大学,,智能制造工程,,,548,
0451,鲁东大学,,土木工程,,,471,
0451,鲁东大学,,港口航道与海岸工程,,,518,
0451,鲁东大学,,食品科学与工程,,,512,
0451,鲁东大学,,电气工程及其自动化,,,578,
0451,鲁东大学,,园艺,,,500,
0451,鲁东大学,,水产养殖学,,,463,
0178,鲁迅美术学院,,艺术管理,,,499,
J004,陆军工程大学,,通信工程(全国人防通信领域工程师),,,626,
J004,陆军工程大学,,网络工程(全国人防指挥自动化技术工程师),,,616,
J004,陆军工程大学,,土木工程(全国人防工程建筑结构设计与施工工程师),,,600,
J004,陆军工程大学,,建筑环境与能源应用工程(全国人防通风空调与给排水工程师),,,599,
J004,陆军工程大学,,工程管理(全国人防建筑施工组织管理与监理工程师),,,606,
J004,陆军工程大学,,电气工程及其自动化(全国人防电力工程及自动化技术工程师),,,616,
0812,吕梁学院,,英语(师范类),,,492,
0812,吕梁学院,,冶金工程,,,453,
0812,吕梁学院,,财务管理,,,498,
0812,吕梁学院,,采矿工程(煤层气方向),,,451,
1070,洛阳理工学院,,金属材料工程,,,472,
1070,洛阳理工学院,,机械类(机械电子工程、车辆工程、材料成型及控制工程),,,483,
1070,洛阳理工学院,,机械设计制造及其自动化,,,497,
1070,洛阳理工学院,,新能源汽车工程,,,495,
1070,洛阳理工学院,,机器人工程,,,490,
1070,洛阳理工学院,,电气工程及其自动化,,,515,
1070,洛阳理工学院,,计算机科学与技术,,,509,
1070,洛阳理工学院,,物联网工程,,,511,
1070,洛阳理工学院,,数据科学与大数据技术,,,496,
1070,洛阳理工学院,,土木工程,,,442,
1070,洛阳理工学院,,工程造价,,,483,
1070,洛阳理工学院,,环境工程,,,459,
0482,洛阳师范学院,,物理学(师范类),,,505,
0482,洛阳师范学院,,数据科学与大数据技术,,,484,
0482,洛阳师范学院,,应用心理学(师范类),,,473,
0482,洛阳师范学院,,食品营养与健康,,,461,
4625,茅台学院,,酿酒工程,,,457,
4625,茅台学院,,食品科学与工程,,,455,
4625,茅台学院,,环境科学与工程,,,446,
4625,茅台学院,,自动化,,,451,
0639,绵阳师范学院,,物理学(师范类),,,511,
0639,绵阳师范学院,,园林,,,471,
4139,民政职业大学,,康复辅助器具技术,,,467,
4139,民政职业大学,,现代殡葬管理,,,490,
0395,闽江学院,,人工智能,,,539,
0395,闽江学院,,数据科学与大数据技术,,,550,
0395,闽江学院,,电气工程及其自动化,,,567,
2710,闽南理工学院,,机械设计制造及其自动化,,,435,
2710,闽南理工学院,,电气工程及其自动化,,,445,
2710,闽南理工学院,,数据科学与大数据技术,,,425,
0402,闽南师范大学,,旅游管理,,,465,
0402,闽南师范大学,,应用化学,,,467,
0402,闽南师范大学,,环境科学与工程,,,467,
0233,牡丹江师范学院,,数学与应用数学(师范类),,,532,
0233,牡丹江师范学院,,物理学(师范类),,,511,
0233,牡丹江师范学院,,化学(师范类),,,515,
0233,牡丹江师范学院,,生物技术,,,458,
0233,牡丹江师范学院,,计算机科学与技术,,,516,
0233,牡丹江师范学院,,软件工程,,,482,
0229,牡丹江医科大学,,制药工程,,,489,
0229,牡丹江医科大学,,食品质量与安全,,,473,
0229,牡丹江医科大学,,临床医学,,,535,
0229,牡丹江医科大学,,麻醉学,,,544,
0229,牡丹江医科大学,,医学影像学,,,544,
0229,牡丹江医科大学,,口腔医学,,,574,
0229,牡丹江医科大学,,预防医学,,,489,
0229,牡丹江医科大学,,药学,,,506,
0229,牡丹江医科大学,,医学检验技术,,,515,
0229,牡丹江医科大学,,医学影像技术,,,511,
0229,牡丹江医科大学,,康复治疗学,,,496,
0229,牡丹江医科大学,,护理学,,,506,
0229,牡丹江医科大学,,生物技术,,,459,
0403,南昌大学,,工业工程,,,595,
0403,南昌大学,,数学与应用数学,,,616,
0403,南昌大学,,信息与计算科学,,,615,
0403,南昌大学,,计算机科学与技术,,,622,
0403,南昌大学,,物理学,,,609,
0403,南昌大学,,应用物理学,,,613,
0403,南昌大学,,材料科学与工程,,,600,
0403,南昌大学,,高分子材料与工程,,,599,
0403,南昌大学,,化学工程与工艺,,,596,
0403,南昌大学,,制药工程,,,594,
0403,南昌大学,,生物技术,,,593,
0403,南昌大学,,生态学,,,581,
0403,南昌大学,,食品科学与工程,,,602,
0403,南昌大学,,生物工程,,,597,
0403,南昌大学,,环境工程,,,579,
0403,南昌大学,,测控技术与仪器,,,612,
0403,南昌大学,,机械设计制造及其自动化,,,619,
0403,南昌大学,,材料成型及控制工程,,,606,
0403,南昌大学,,能源与动力工程,,,615,
0403,南昌大学,,建筑学,,,564,
0403,南昌大学,,土木工程,,,574,
0403,南昌大学,,建筑环境与能源应用工程,,,574,
0403,南昌大学,,工程力学,,,602,
0403,南昌大学,,通信工程,,,621,
0403,南昌大学,,电气工程及其自动化,,,624,
0403,南昌大学,,自动化,,,622,
0403,南昌大学,,软件工程,,,620,
0403,南昌大学,,网络空间安全,,,619,
0403,南昌大学,,临床医学,,,612,
0403,南昌大学,,临床医学(中外合作办学)(中英双学位合作办学),,,607,
0403,南昌大学,,预防医学,,,584,
3429,南昌大学科学技术学院,,工商管理,,,449,
3429,南昌大学科学技术学院,,车辆工程,,,446,
3429,南昌大学科学技术学院,,制药工程,,,452,
3429,南昌大学科学技术学院,,建筑学,,,439,
3429,南昌大学科学技术学院,,材料成型及控制工程,,,443,
3429,南昌大学科学技术学院,,电气工程及其自动化,,,453,
3429,南昌大学科学技术学院,,电子信息工程,,,451,
3429,南昌大学科学技术学院,,自动化,,,450,
1319,南昌工程学院,,水利水电工程,,,505,
1319,南昌工程学院,,智慧水利,,,480,
1319,南昌工程学院,,园林,,,491,
1319,南昌工程学院,,土木工程,,,452,
1319,南昌工程学院,,城乡规划,,,476,
1319,南昌工程学院,,机械设计制造及其自动化,,,536,
1319,南昌工程学院,,电气工程及其自动化,,,563,
1319,南昌工程学院,,通信工程,,,526,
1319,南昌工程学院,,计算机科学与技术,,,539,
1319,南昌工程学院,,审计学,,,532,
1319,南昌工程学院,,电气工程及其自动化(中外合作办学),,,513,
3421,南昌工学院,,数学与应用数学,,,423,
3421,南昌工学院,,机械设计制造及其自动化,,,430,
3421,南昌工学院,,材料成型及控制工程,,,430,
3421,南昌工学院,,机械电子工程,,,421,
3421,南昌工学院,,机器人工程,,,414,
3421,南昌工学院,,材料科学与工程,,,405,
3421,南昌工学院,,土木工程,,,368,
3421,南昌工学院,,水利水电工程,,,425,
3421,南昌工学院,,工程造价,,,428,
3421,南昌工学院,,工程管理,,,412,
3421,南昌工学院,,电气工程及其自动化,,,437,
3421,南昌工学院,,电子信息工程,,,430,
3421,南昌工学院,,软件工程,,,427,
3421,南昌工学院,,网络工程,,,409,
3421,南昌工学院,,物联网工程,,,412,
3421,南昌工学院,,数字媒体技术,,,433,
3421,南昌工学院,,智能科学与技术,,,414,
3421,南昌工学院,,数据科学与大数据技术,,,435,
0406,南昌航空大学,,金属材料工程,,,559,
0406,南昌航空大学,,高分子材料与工程,,,542,
0406,南昌航空大学,,新能源科学与工程,,,560,
0406,南昌航空大学,,应用化学,,,539,
0406,南昌航空大学,,材料化学,,,529,
0406,南昌航空大学,,给排水科学与工程,,,512,
0406,南昌航空大学,,机械设计制造及其自动化,,,585,
0406,南昌航空大学,,飞行器制造工程,,,589,
0406,南昌航空大学,,材料成型及控制工程,,,555,
0406,南昌航空大学,,电子封装技术,,,578,
0406,南昌航空大学,,智能制造工程,,,580,
0406,南昌航空大学,,增材制造工程,,,551,
0406,南昌航空大学,,通信工程,,,587,
0406,南昌航空大学,,电气工程及其自动化,,,593,
0406,南昌航空大学,,电子信息工程,,,589,
0406,南昌航空大学,,自动化,,,587,
0406,南昌航空大学,,飞行器动力工程,,,599,
0406,南昌航空大学,,测控技术与仪器,,,584,
0406,南昌航空大学,,工业工程,,,536,
0406,南昌航空大学,,工程管理,,,550,
0406,南昌航空大学,,智慧建筑与建造,,,532,
0406,南昌航空大学,,飞行器制造工程(航空维修工程与技术),,,588,
3433,南昌航空大学科技学院,,飞行器制造工程,,,463,
3433,南昌航空大学科技学院,,机械设计制造及其自动化,,,452,
3433,南昌航空大学科技学院,,材料成型及控制工程,,,450,
3433,南昌航空大学科技学院,,焊接技术与工程(智能焊接技术),,,447,
3433,南昌航空大学科技学院,,金属材料工程,,,449,
3433,南昌航空大学科技学院,,土木工程,,,440,
3433,南昌航空大学科技学院,,测控技术与仪器,,,448,
3433,南昌航空大学科技学院,,自动化,,,450,
3433,南昌航空大学科技学院,,电子信息工程,,,447,
3433,南昌航空大学科技学院,,计算机科学与技术,,,461,
3433,南昌航空大学科技学院,,软件工程,,,450,
3433,南昌航空大学科技学院,,网络空间安全,,,449,
3433,南昌航空大学科技学院,,电子商务,,,453,
3433,南昌航空大学科技学院,,工商管理,,,453,
3433,南昌航空大学科技学院,,市场营销(数字营销),,,447,
3433,南昌航空大学科技学院,,电子科学与技术,,,456,
3431,南昌交通学院,,电气工程及其自动化,,,444,
3431,南昌交通学院,,通信工程,,,436,
3431,南昌交通学院,,土木工程,,,414,
3431,南昌交通学院,,铁道工程,,,438,
3431,南昌交通学院,,建筑学,,,434,
3431,南昌交通学院,,工程造价,,,437,
3431,南昌交通学院,,计算机科学与技术,,,446,
3431,南昌交通学院,,软件工程,,,435,
3431,南昌交通学院,,材料成型及控制工程,,,433,
3431,南昌交通学院,,机械电子工程,,,442,
3431,南昌交通学院,,机器人工程,,,433,
3431,南昌交通学院,,会计学,,,453,
3431,南昌交通学院,,自动化,,,444,
2795,南昌理工学院,,小学教育,,,445,
2795,南昌理工学院,,机械设计制造及其自动化,,,436,
2795,南昌理工学院,,汽车服务工程(中外合作办学),,,381,
2795,南昌理工学院,,电子信息工程,,,436,
2795,南昌理工学院,,计算机科学与技术,,,441,
2795,南昌理工学院,,土木工程,,,416,
2795,南昌理工学院,,护理学,,,440,
2795,南昌理工学院,,大数据管理与应用,,,440,
2795,南昌理工学院,,工商管理,,,430,
2795,南昌理工学院,,会计学,,,446,
4437,南昌师范学院,,旅游管理,,,462,
4437,南昌师范学院,,商务英语,,,469,
4437,南昌师范学院,,思想政治教育(师范类),,,515,
4437,南昌师范学院,,计算机科学与技术(师范类),,,504,
4437,南昌师范学院,,科学教育(师范类),,,496,
3437,南昌医学院,,临床医学,,,536,
3437,南昌医学院,,口腔医学,,,562,
3437,南昌医学院,,预防医学,,,495,
3437,南昌医学院,,中西医临床医学,,,535,
2121,南方医科大学,,临床医学(本博连读八年制),,,668,
2121,南方医科大学,,临床医学,,,641,
2121,南方医科大学,,基础医学,,,587,
2121,南方医科大学,,口腔医学,,,641,
2121,南方医科大学,,中医学,,,600,
2121,南方医科大学,,中西医临床医学,,,605,
2121,南方医科大学,,药学,,,606,
2121,南方医科大学,,临床药学,,,596,
2121,南方医科大学,,医学检验技术,,,581,
2121,南方医科大学,,护理学,,,563,
2121,南方医科大学,,生物医学工程,,,591,
2121,南方医科大学,,儿科学,,,627,
2121,南方医科大学,,生物技术,,,582,
2121,南方医科大学,,临床医学(卓越创新班),,,661,
0555,南华大学,,机械设计制造及其自动化,,,563,
0555,南华大学,,过程装备与控制工程,,,553,
0555,南华大学,,车辆工程,,,556,
0555,南华大学,,智能制造工程,,,561,
0555,南华大学,,电子信息工程,,,578,
0555,南华大学,,通信工程,,,570,
0555,南华大学,,核工程类[核工程与核技术(含卓越工程师班)、辐射防护与核安全、核化工与核燃料工程],,,597,
0555,南华大学,,软件工程,,,581,
0555,南华大学,,物联网工程,,,574,
0555,南华大学,,人工智能,,,572,
0555,南华大学,,土木工程,,,485,
0555,南华大学,,建筑环境与能源应用工程,,,497,
0555,南华大学,,给排水科学与工程,,,466,
0555,南华大学,,道路桥梁与渡河工程,,,464,
0555,南华大学,,城乡规划,,,492,
0555,南华大学,,化工与制药类(化学工程与工艺、制药工程),,,526,
0555,南华大学,,药学,,,528,
0555,南华大学,,卫生检验与检疫,,,525,
0555,南华大学,,护理学,,,511,
0555,南华大学,,工商管理,,,527,
0555,南华大学,,会计学,,,559,
0555,南华大学,,物流工程,,,524,
0555,南华大学,,英语,,,506,
0555,南华大学,,康复治疗学,,,525,
2650,南华大学船山学院,,土木工程,,,423,
0327,南京财经大学,,国际经济与贸易,,,585,
0327,南京财经大学,,工商管理类(会计学、财务管理、审计学、资产评估),,,613,
0327,南京财经大学,,人力资源管理,,,572,
0327,南京财经大学,,旅游管理,,,548,
0327,南京财经大学,,经济学类(经济统计学、数字经济),,,600,
0327,南京财经大学,,金融工程,,,582,
0327,南京财经大学,,金融数学,,,589,
0327,南京财经大学,,大数据管理与应用,,,604,
0327,南京财经大学,,工业工程,,,569,
3990,南京财经大学红山学院,,审计学,,,492,
3990,南京财经大学红山学院,,人力资源管理,,,448,
3990,南京财经大学红山学院,,工商管理,,,450,
3990,南京财经大学红山学院,,财务管理,,,461,
0284,南京大学,,经济管理试验班(数智经济与管理)[经济学、金融学、保险学、经济学(产业经济学方向)、工商管理类、国际经济与贸易、财政学],,,684,
0284,南京大学,,理科试验班类(数理科学类)(数学与应用数学、信息与计算科学、统计学、物理学、应用物理学、声学、天文学、空间科学与技术、大气科学、应用气象学),,,685,
0284,南京大学,,电子信息类(电子信息科学与技术、通信工程、微电子科学与工程、集成电路设计与集成系统),,,689,
0284,南京大学,,软件工程(国家特色化软件学院实验班),,,687,
0284,南京大学,,计算机科学与技术,,,690,
0284,南京大学,,人工智能,,,690,
0284,南京大学,,理科试验班(匡亚明学院大理科班)[数学与应用数学、信息与计算科学、物理学、物理学(生物物理学)、化学、天文学、生物科学、生物科学(生物化学与分子生物学方向)、计算机科学与技术、计算机科学与技术(脑科学与AI方向)],,,688,
0284,南京大学,,临床医学(5+3一体化),,,681,
0284,南京大学,,金融工程(计算机金融实验班),,,687,
0284,南京大学,,技术科学试验班[智能科学与技术、软件工程(智能化软件)、集成电路设计与集成系统、数字经济],,,686,
1276,南京工程学院,,机械类(机械设计制造及其自动化、机械电子工程、机械工程),,,583,
1276,南京工程学院,,材料成型及控制工程,,,549,
1276,南京工程学院,,车辆工程,,,581,
1276,南京工程学院,,软件工程,,,591,
1276,南京工程学院,,电气工程及其自动化(电力系统及其自动化),,,625,
1276,南京工程学院,,通信工程,,,592,
1276,南京工程学院,,城市地下空间工程,,,540,
1276,南京工程学院,,工程管理,,,553,
0291,南京工业大学,,消防工程,,,554,
0291,南京工业大学,,金属材料工程,,,579,
0291,南京工业大学,,复合材料与工程,,,574,
0291,南京工业大学,,化学工程与工艺,,,591,
0291,南京工业大学,,应用化学,,,583,
0291,南京工业大学,,测控技术与仪器,,,591,
0291,南京工业大学,,车辆工程,,,599,
0291,南京工业大学,,过程装备与控制工程,,,595,
0291,南京工业大学,,机械工程,,,604,
0291,南京工业大学,,应急装备技术与工程,,,577,
0291,南京工业大学,,增材制造工程,,,581,
0291,南京工业大学,,能源与动力工程,,,595,
0291,南京工业大学,,能源与环境系统工程,,,582,
0291,南京工业大学,,储能科学与工程,,,592,
0291,南京工业大学,,工程管理,,,566,
0291,南京工业大学,,信息管理与信息系统,,,587,
0291,南京工业大学,,工业工程,,,580,
0291,南京工业大学,,制药工程,,,582,
0291,南京工业大学,,工程力学,,,583,
0291,南京工业大学,,交通工程,,,591,
0291,南京工业大学,,城市地下空间工程,,,569,
0291,南京工业大学,,土木工程,,,538,
3905,南京工业大学浦江学院,,计算机科学与技术,,,466,
3905,南京工业大学浦江学院,,通信工程,,,453,
3905,南京工业大学浦江学院,,机械工程,,,446,
3905,南京工业大学浦江学院,,工程管理,,,452,
3905,南京工业大学浦江学院,,工业工程,,,448,
3905,南京工业大学浦江学院,,新能源汽车工程,,,454,
0287,南京航空航天大学,,航空航天类(飞行器设计与工程、飞行器环境与生命保障工程、飞行器动力工程、飞行器制造工程、航空航天工程、飞行器控制与信息工程),,,642,
0287,南京航空航天大学,,工程力学(钱伟长班),,,641,
0287,南京航空航天大学,,智能飞行器技术,,,641,
0287,南京航空航天大学,,车辆工程,,,635,
0287,南京航空航天大学,,能源与动力工程,,,639,
0287,南京航空航天大学,,储能科学与工程,,,639,
0287,南京航空航天大学,,自动化,,,651,
0287,南京航空航天大学,,电气工程及其自动化,,,650,
0287,南京航空航天大学,,测控技术与仪器,,,636,
0287,南京航空航天大学,,探测制导与控制技术,,,641,
0287,南京航空航天大学,,电子信息类(电子信息科学与技术、信息工程),,,650,
0287,南京航空航天大学,,微电子科学与工程(集成电路设计),,,649,
0287,南京航空航天大学,,机械工程,,,638,
0287,南京航空航天大学,,机器人工程,,,646,
0287,南京航空航天大学,,智能制造工程,,,641,
0287,南京航空航天大学,,材料科学与工程,,,633,
0287,南京航空航天大学,,核工程类(核工程与核技术、辐射防护与核安全),,,633,
0287,南京航空航天大学,,新能源材料与器件,,,636,
0287,南京航空航天大学,,飞行器适航技术,,,637,
0287,南京航空航天大学,,交通运输(空中交通管制与签派),,,634,
0287,南京航空航天大学,,交通运输(民航电子电气工程),,,635,
0287,南京航空航天大学,,信息与计算科学,,,639,
0287,南京航空航天大学,,应用统计学,,,630,
0287,南京航空航天大学,,信息管理与信息系统,,,630,
0287,南京航空航天大学,,工业工程,,,631,
0287,南京航空航天大学,,大数据管理与应用,,,637,
0287,南京航空航天大学,,光电信息科学与工程,,,645,
0287,南京航空航天大学,,计算机科学与技术,,,653,
0287,南京航空航天大学,,人工智能,,,652,
0287,南京航空航天大学,,软件工程,,,650,
0287,南京航空航天大学,,物联网工程,,,644,
0287,南京航空航天大学,,交通运输(民航机务工程),,,633,
0287,南京航空航天大学,,无人驾驶航空器系统工程,,,640,
0287,南京航空航天大学,,少数民族预科班,,,629,
3655,南京航空航天大学金城学院,,机器人工程,,,453,
0288,南京理工大学,,兵器类(弹药工程与爆炸技术、武器系统与工程),,,630,
0288,南京理工大学,,材料类(材料科学与工程、材料物理、纳米材料与技术、材料成型及控制工程),,,627,
0288,南京理工大学,,电子信息类(电子科学与技术、电子信息工程、光电信息科学与工程、通信工程),,,640,
0288,南京理工大学,,工业设计,,,627,
0288,南京理工大学,,机械类(车辆工程、工业工程、机械工程),,,631,
0288,南京理工大学,,计算机类(计算机科学与技术、软件工程、智能科学与技术),,,642,
0288,南京理工大学,,能源动力类(建筑环境与能源应用工程、能源与动力工程),,,627,
0288,南京理工大学,,数学类(信息与计算科学、数学与应用数学、应用统计学),,,632,
0288,南京理工大学,,武器发射工程,,,628,
0288,南京理工大学,,自动化类(轨道交通信号与控制、自动化、电气工程及其自动化、智能电网信息工程),,,636,
0288,南京理工大学,,微电子科学与工程,,,639,
0288,南京理工大学,,大数据管理与应用,,,632,
3842,南京理工大学泰州科技学院,,机械工程,,,435,
3842,南京理工大学泰州科技学院,,自动化,,,442,
3654,南京理工大学紫金学院,,通信工程,,,462,
3654,南京理工大学紫金学院,,计算机科学与技术,,,497,
3654,南京理工大学紫金学院,,人工智能,,,475,
3654,南京理工大学紫金学院,,软件工程,,,496,
3654,南京理工大学紫金学院,,机器人工程,,,460,
0298,南京林业大学,,金融工程,,,585,
0298,南京林业大学,,国际经济与贸易,,,567,
0298,南京林业大学,,工程管理,,,569,
0298,南京林业大学,,林学类(林学、森林保护、智慧林业、经济林),,,588,
0298,南京林业大学,,化学工程与工艺,,,581,
0298,南京林业大学,,机械设计制造及其自动化,,,597,
0298,南京林业大学,,木材科学与工程,,,568,
0298,南京林业大学,,木结构建筑与材料,,,569,
0298,南京林业大学,,土木类(土木工程、给排水科学与工程),,,561,
0298,南京林业大学,,环境工程,,,578,
0298,南京林业大学,,城乡规划,,,566,
0307,南京农业大学,,农学,,,605,
0307,南京农业大学,,种子科学与工程,,,605,
0307,南京农业大学,,智慧农业,,,604,
0307,南京农业大学,,植物保护,,,598,
0307,南京农业大学,,环境科学与工程类(环境工程、环境科学、农业资源与环境、生态学),,,589,
0307,南京农业大学,,风景园林,,,595,
0307,南京农业大学,,园艺,,,596,
0307,南京农业大学,,园林,,,591,
0307,南京农业大学,,茶学,,,590,
0307,南京农业大学,,农林经济管理,,,596,
0307,南京农业大学,,工商管理类(工商管理、市场营销、电子商务),,,590,
0307,南京农业大学,,数字经济,,,598,
0307,南京农业大学,,动物医学类(动物医学、动物药学、兽医公共卫生),,,601,
0307,南京农业大学,,食品科学与工程类(食品科学与工程、食品质量与安全、生物工程、食品营养与健康),,,608,
0307,南京农业大学,,社会学类(法学、社会学、旅游管理、农村区域发展),,,589,
0307,南京农业大学,,信息与计算科学,,,617,
0307,南京农业大学,,统计学,,,607,
0307,南京农业大学,,生物科学类(生物科学、生物技术),,,613,
0307,南京农业大学,,生物科学(生物学基地班),,,618,
0307,南京农业大学,,金融学,,,611,
0307,南京农业大学,,会计学,,,612,
0307,南京农业大学,,金融科技,,,597,
0307,南京农业大学,,机械类(机械设计制造及其自动化、工业设计、车辆工程、材料成型及控制工程),,,612,
0307,南京农业大学,,农业电气化,,,610,
0307,南京农业大学,,农业智能装备工程,,,608,
0307,南京农业大学,,电子信息类(电子信息科学与技术、自动化),,,618,
0307,南京农业大学,,人工智能,,,619,
0307,南京农业大学,,计算机科学与技术,,,625,
0307,南京农业大学,,信息管理与信息系统,,,611,
0307,南京农业大学,,工业工程,,,602,
1287,南京审计大学,,经济统计学,,,609,
1287,南京审计大学,,财政学,,,614,
1287,南京审计大学,,税收学,,,610,
1287,南京审计大学,,金融学,,,609,
1287,南京审计大学,,金融工程,,,603,
1287,南京审计大学,,数据科学与大数据技术,,,616,
1287,南京审计大学,,金融审计,,,632,
1287,南京审计大学,,审计学,,,631,
1287,南京审计大学,,会计学,,,620,
3994,南京审计大学金审学院,,审计学,,,528,
3994,南京审计大学金审学院,,会计学,,,507,
3994,南京审计大学金审学院,,财务管理,,,507,
3994,南京审计大学金审学院,,金融学,,,497,
3994,南京审计大学金审学院,,行政管理,,,456,
3994,南京审计大学金审学院,,信息管理与信息系统,,,441,
3994,南京审计大学金审学院,,计算机科学与技术,,,507,
3994,南京审计大学金审学院,,信息安全,,,468,
0319,南京师范大学,,化学类[化学(师范、非师范)、应用化学],,,628,
0319,南京师范大学,,生物科学类[生物科学(师范、国家理科基地班)、生物技术、生态学],,,626,
0319,南京师范大学,,能源动力类(能源与动力工程、能源与环境系统工程、能源服务工程),,,610,
0319,南京师范大学,,电气工程及其自动化,,,625,
0319,南京师范大学,,自动化,,,617,
0319,南京师范大学,,计算机科学与技术,,,631,
0319,南京师范大学,,环境科学与工程类(环境工程、环境科学),,,590,
0319,南京师范大学,,海洋资源与环境,,,585,
0319,南京师范大学,,食品科学与工程,,,596,
0319,南京师范大学,,合成生物学,,,604,
2048,南京特殊教育师范学院,,特殊教育(师范类),,,534,
2048,南京特殊教育师范学院,,应用心理学,,,515,
2048,南京特殊教育师范学院,,康复治疗学,,,480,
2048,南京特殊教育师范学院,,学前教育(师范类),,,498,
2048,南京特殊教育师范学院,,小学教育(师范类),,,511,
2048,南京特殊教育师范学院,,公共事业管理,,,469,
0300,南京信息工程大学,,大气科学类(大气科学),,,615,
0300,南京信息工程大学,,应用气象学,,,628,
0300,南京信息工程大学,,气象技术与工程,,,615,
0300,南京信息工程大学,,遥感科学与技术,,,612,
0300,南京信息工程大学,,信息与计算科学,,,614,
0300,南京信息工程大学,,应用统计学,,,609,
0300,南京信息工程大学,,电子信息类(电子信息工程、电子科学与技术、通信工程),,,623,
0300,南京信息工程大学,,微电子科学与工程,,,621,
0300,南京信息工程大学,,计算机类(计算机科学与技术、物联网工程、信息安全),,,625,
0300,南京信息工程大学,,软件工程,,,625,
0300,南京信息工程大学,,自动化,,,619,
0300,南京信息工程大学,,人工智能,,,619,
0300,南京信息工程大学,,信息工程,,,621,
0300,南京信息工程大学,,医学信息工程,,,612,
0300,南京信息工程大学,,人工智能(双学士学位培养项目),,,625,
0300,南京信息工程大学,,信息管理与信息系统,,,609,
0300,南京信息工程大学,,金融工程(双学士学位培养项目),,,606,
0300,南京信息工程大学,,大气科学,,,608,
3980,南京医科大学康达学院,,临床医学,,,503,
3980,南京医科大学康达学院,,预防医学,,,447,
0293,南京邮电大学,,通信工程,,,632,
0293,南京邮电大学,,电子信息工程,,,633,
0293,南京邮电大学,,电子科学与技术,,,631,
0293,南京邮电大学,,光电信息科学与工程,,,629,
0293,南京邮电大学,,柔性电子学,,,629,
0293,南京邮电大学,,集成电路设计与集成系统,,,631,
0293,南京邮电大学,,计算机科学与技术,,,633,
0293,南京邮电大学,,软件工程,,,631,
0293,南京邮电大学,,信息安全,,,630,
0293,南京邮电大学,,电气工程及其自动化,,,631,
0293,南京邮电大学,,智能电网信息工程,,,626,
0293,南京邮电大学,,自动化,,,627,
0293,南京邮电大学,,网络工程,,,628,
3989,南京邮电大学通达学院,,电气工程及其自动化,,,458,
3989,南京邮电大学通达学院,,通信工程,,,460,
3989,南京邮电大学通达学院,,自动化,,,455,
3989,南京邮电大学通达学院,,计算机科学与技术,,,476,
0055,南开大学,,经济学类(经济学、国际经济与贸易、财政学、商务经济学),,,665,
0055,南开大学,,金融学类[金融学、保险学(保险与精算)],,,668,
0055,南开大学,,临床医学(5+3一体化),,,668,
0055,南开大学,,理科试验班(数学与大数据)(数学与应用数学、信息与计算科学、数据科学、统计学),,,675,
0055,南开大学,,理科试验班(物质科学与可持续发展)(化学、应用化学、化学生物学、新能源科学与工程、分子科学与工程、生物科学、生物技术、环境科学、环境工程、资源循环科学与工程、药学、药物化学、材料物理、材料化学),,,665,
0055,南开大学,,工科试验班(信息科学与技术)(计算机科学与技术、信息安全、物联网工程、密码科学与技术、自动化、智能科学与技术、软件工程),,,669,
0055,南开大学,,理科试验班(物理与光电信息技术工程)(物理学、应用物理学、光电信息科学与工程、电子信息科学与技术、微电子科学与工程、电子科学与技术、通信工程),,,669,
3645,南宁理工学院,,电气工程及其自动化,,,423,
0603,南宁师范大学,,应用化学,,,465,
0603,南宁师范大学,,软件工程,,,527,
0603,南宁师范大学,,计算机科学与技术(师范类),,,504,
0603,南宁师范大学,,金融数学,,,490,
0603,南宁师范大学,,物流管理,,,464,
0603,南宁师范大学,,土地资源管理,,,470,
1549,南宁学院,,智能制造工程,,,433,
1549,南宁学院,,人工智能,,,432,
0304,南通大学,,化学(师范),,,559,
0304,南通大学,,应用化学,,,541,
0304,南通大学,,纺织工程,,,521,
0304,南通大学,,护理学,,,543,
0304,南通大学,,交通设备与控制工程,,,561,
1653,南阳理工学院,,机械设计制造及其自动化,,,478,
1653,南阳理工学院,,自动化,,,493,
1653,南阳理工学院,,计算机科学与技术,,,510,
1653,南阳理工学院,,数字媒体技术,,,495,
1653,南阳理工学院,,土木工程(建筑工程方向),,,452,
1653,南阳理工学院,,给排水科学与工程,,,454,
1653,南阳理工学院,,护理学,,,507,
1653,南阳理工学院,,国际经济与贸易(数字商务方向),,,461,
1653,南阳理工学院,,工商管理(商务大数据分析方向),,,473,
1653,南阳理工学院,,市场营销(大数据营销方向),,,472,
1653,南阳理工学院,,日语,,,468,
1653,南阳理工学院,,生物工程(中外合作办学),,,446,
0481,南阳师范学院,,制药工程,,,471,
0481,南阳师范学院,,机械电子工程,,,468,
0481,南阳师范学院,,软件工程(数据库技术应用方向),,,464,
0481,南阳师范学院,,软件工程(网络攻防方向),,,463,
0481,南阳师范学院,,金融工程,,,471,
0481,南阳师范学院,,日语,,,461,
0481,南阳师范学院,,电子信息类(电子信息工程、通信工程),,,474,
0640,内江师范学院,,外国语言文学类(英语、翻译)(师范类),,,507,
0640,内江师范学院,,法学,,,521,
0640,内江师范学院,,测绘工程,,,461,
0640,内江师范学院,,工程造价,,,474,
0640,内江师范学院,,金融数学,,,472,
0640,内江师范学院,,水产养殖学,,,459,
0139,内蒙古财经大学,,经济学,,,490,
0126,内蒙古大学,,经济学,,,577,
0126,内蒙古大学,,数学类(数学与应用数学、信息与计算科学、统计学),,,599,
0126,内蒙古大学,,物理学类(应用物理学、物理学),,,584,
0126,内蒙古大学,,应用化学,,,577,
0126,内蒙古大学,,生物科学,,,585,
0126,内蒙古大学,,机械工程,,,590,
0126,内蒙古大学,,车辆工程,,,588,
0126,内蒙古大学,,材料化学,,,572,
0126,内蒙古大学,,通信工程,,,593,
0126,内蒙古大学,,软件工程,,,610,
0126,内蒙古大学,,土木工程,,,564,
0126,内蒙古大学,,交通运输,,,579,
0126,内蒙古大学,,生物医学工程,,,585,
0126,内蒙古大学,,物流管理,,,553,
0128,内蒙古工业大学,,机械设计制造及其自动化,,,515,
0128,内蒙古工业大学,,通信工程,,,500,
0128,内蒙古工业大学,,化学工程与工艺,,,484,
0128,内蒙古工业大学,,能源与动力工程,,,526,
0128,内蒙古工业大学,,土木工程,,,456,
0128,内蒙古工业大学,,道路桥梁与渡河工程,,,462,
0128,内蒙古工业大学,,机械电子工程,,,485,
0128,内蒙古工业大学,,金属材料工程,,,462,
0128,内蒙古工业大学,,材料物理,,,459,
0128,内蒙古工业大学,,制药工程,,,483,
0128,内蒙古工业大学,,应用化学,,,468,
0128,内蒙古工业大学,,新能源科学与工程,,,499,
0128,内蒙古工业大学,,车辆工程,,,491,
0128,内蒙古工业大学,,建筑环境与能源应用工程,,,459,
0128,内蒙古工业大学,,采矿工程,,,458,
0128,内蒙古工业大学,,地质工程,,,460,
0128,内蒙古工业大学,,电气类(电气工程及其自动化、自动化、智能电网信息工程),,,538,
0128,内蒙古工业大学,,能源化学工程,,,471,
0128,内蒙古工业大学,,飞行器设计与工程,,,487,
0128,内蒙古工业大学,,电子信息科学与技术,,,498,
0127,内蒙古科技大学,,金融学,,,484,
0127,内蒙古科技大学,,应用物理学,,,466,
0127,内蒙古科技大学,,材料成型及控制工程,,,465,
0127,内蒙古科技大学,,工业设计,,,470,
0127,内蒙古科技大学,,冶金工程,,,469,
0127,内蒙古科技大学,,能源与动力工程,,,487,
0127,内蒙古科技大学,,环境生态工程,,,458,
0127,内蒙古科技大学,,会计学,,,504,
0127,内蒙古科技大学,,应用化学,,,460,
0127,内蒙古科技大学,,食品科学与工程,,,471,
0127,内蒙古科技大学,,新能源科学与工程,,,479,
0127,内蒙古科技大学,,应急技术与管理,,,467,
0127,内蒙古科技大学,,智能采矿工程,,,459,
0127,内蒙古科技大学,,金属材料工程,,,459,
0127,内蒙古科技大学,,复合材料与工程,,,465,
0127,内蒙古科技大学,,测控技术与仪器,,,474,
0127,内蒙古科技大学,,电子信息工程,,,493,
0127,内蒙古科技大学,,通信工程,,,490,
0127,内蒙古科技大学,,自动化,,,509,
0127,内蒙古科技大学,,建筑电气与智能化,,,463,
0127,内蒙古科技大学,,采矿工程,,,469,
0127,内蒙古科技大学,,矿物加工工程,,,460,
0127,内蒙古科技大学,,机械类(机械设计制造及其自动化、机械电子工程、过程装备与控制工程、车辆工程、智能制造工程),,,479,
0127,内蒙古科技大学,,化工与制药类(化学工程与工艺、能源化学工程),,,459,
0127,内蒙古科技大学,,土木类(土木工程、交通工程),,,456,
8127,内蒙古科技大学包头师范学院,,数学与应用数学(师范类),,,517,
8127,内蒙古科技大学包头师范学院,,化学(师范类),,,500,
8127,内蒙古科技大学包头师范学院,,地理科学(师范类),,,518,
9127,内蒙古科技大学包头医学院,,临床医学,,,532,
9127,内蒙古科技大学包头医学院,,预防医学,,,479,
9127,内蒙古科技大学包头医学院,,药学,,,486,
9127,内蒙古科技大学包头医学院,,医学检验技术,,,508,
0136,内蒙古民族大学,,电气工程及其自动化,,,495,
0136,内蒙古民族大学,,智慧农业,,,464,
0136,内蒙古民族大学,,农学,,,463,
0136,内蒙古民族大学,,农业资源与环境,,,460,
0136,内蒙古民族大学,,经济学,,,473,
0136,内蒙古民族大学,,法学,,,484,
0136,内蒙古民族大学,,动物科学,,,444,
0136,内蒙古民族大学,,动物医学,,,500,
0136,内蒙古民族大学,,物理学(师范类),,,445,
0136,内蒙古民族大学,,心理学(师范类),,,479,
0136,内蒙古民族大学,,园林,,,462,
0136,内蒙古民族大学,,网络工程,,,456,
0136,内蒙古民族大学,,草业科学,,,455,
0136,内蒙古民族大学,,食品质量与安全,,,448,
0136,内蒙古民族大学,,护理学,,,485,
0129,内蒙古农业大学,,动物科学,,,449,
0129,内蒙古农业大学,,动物医学,,,461,
0129,内蒙古农业大学,,动物药学,,,485,
0129,内蒙古农业大学,,植物保护,,,464,
0129,内蒙古农业大学,,林学,,,454,
0129,内蒙古农业大学,,园林,,,368,
0129,内蒙古农业大学,,农业资源与环境,,,444,
0129,内蒙古农业大学,,水土保持与荒漠化防治,,,435,
0129,内蒙古农业大学,,机械设计制造及其自动化,,,483,
0129,内蒙古农业大学,,木材科学与工程,,,453,
0129,内蒙古农业大学,,家具设计与工程,,,456,
0129,内蒙古农业大学,,食品科学与工程,,,453,
0129,内蒙古农业大学,,包装工程,,,457,
0129,内蒙古农业大学,,计算机科学与技术,,,509,
0135,内蒙古师范大学,,小学教育(数学)(师范类),,,510,
0135,内蒙古师范大学,,经济学(师范类),,,490,
0135,内蒙古师范大学,,电子信息科学与技术(师范类),,,476,
0135,内蒙古师范大学,,环境科学,,,372,
0135,内蒙古师范大学,,生物技术(师范类),,,450,
0135,内蒙古师范大学,,地理信息科学(师范类),,,390,
0135,内蒙古师范大学,,环境科学,,,462,
0135,内蒙古师范大学,,生物技术(师范类),,,514,
0135,内蒙古师范大学,,计算机科学与技术(师范类),,,480,
0132,内蒙古医科大学,,蒙医学,,,368,
0132,内蒙古医科大学,,麻醉学,,,573,
0132,内蒙古医科大学,,中医学,,,540,
0132,内蒙古医科大学,,药学,,,510,
0132,内蒙古医科大学,,针灸推拿学,,,530,
0132,内蒙古医科大学,,蒙药学,,,429,
1646,宁波大学,,英语,,,589,
1646,宁波大学,,日语,,,565,
1646,宁波大学,,微电子科学与工程,,,620,
1646,宁波大学,,物理学,,,605,
1646,宁波大学,,数学与应用数学,,,608,
1646,宁波大学,,数学与应用数学(中外合作办学)(中美合作精算科学与风险管理),,,590,
1646,宁波大学,,材料科学与工程,,,589,
1646,宁波大学,,化学,,,583,
1646,宁波大学,,机械类(机械设计制造及其自动化、车辆工程、工业工程),,,614,
1646,宁波大学,,机械设计制造及其自动化(国际贸易班),,,608,
1646,宁波大学,,电子信息类(电子信息科学与技术、电气工程及其自动化、光电信息科学与工程、通信工程),,,622,
1058,宁波工程学院,,电子信息工程,,,542,
1058,宁波工程学院,,电气工程及其自动化,,,559,
1058,宁波工程学院,,机械设计制造及其自动化,,,542,
1058,宁波工程学院,,车辆工程,,,538,
1058,宁波工程学院,,金融工程,,,520,
1058,宁波工程学院,,物流管理,,,508,
1058,宁波工程学院,,机器人工程,,,536,
1058,宁波工程学院,,密码科学与技术,,,540,
6301,宁波诺丁汉大学,,国际商务(中外合作办学),,,603,
6301,宁波诺丁汉大学,,财务管理(中外合作办学),,,629,
6301,宁波诺丁汉大学,,经济学(中外合作办学),,,604,
6301,宁波诺丁汉大学,,传播学(中外合作办学),,,598,
6301,宁波诺丁汉大学,,计算机科学与技术(中外合作办学)(2加2),,,620,
6301,宁波诺丁汉大学,,计算机科学与技术(中外合作办学),,,618,
6301,宁波诺丁汉大学,,数学与应用数学(中外合作办学)(2加2),,,600,
6301,宁波诺丁汉大学,,数学与应用数学(中外合作办学),,,608,
6301,宁波诺丁汉大学,,电气类(中外合作办学)(2加2)[材料成型及控制工程(中外合作办学)(2加2)、工业设计(中外合作办学)(2加2)、电气工程及其自动化(中外合作办学)(2加2)、土木工程(中外合作办学)(2加2)、建筑环境与能源应用工程(中外合作办学)(2加2)、航空航天工程(中外合作办学)(2加2)、化学工程与工艺(中外合作办学)(2加2)、环境工程(中外合作办学)(2加2)],,,603,
6301,宁波诺丁汉大学,,电气类(中外合作办学)[材料成型及控制工程(中外合作办学)、工业设计(中外合作办学)、电气工程及其自动化(中外合作办学)、土木工程(中外合作办学)、建筑环境与能源应用工程(中外合作办学)、航空航天工程(中外合作办学)、化学工程与工艺(中外合作办学)、环境工程(中外合作办学)],,,611,
6301,宁波诺丁汉大学,,建筑学(中外合作办学),,,603,
0749,宁夏大学,,数学与应用数学,,,585,
0749,宁夏大学,,电气工程及其自动化,,,598,
0749,宁夏大学,,网络工程,,,595,
0749,宁夏大学,,土木工程,,,540,
0749,宁夏大学,,农业水利工程,,,548,
0749,宁夏大学,,环境科学与工程,,,542,
0749,宁夏大学,,化学,,,565,
0749,宁夏大学,,过程装备与控制工程,,,568,
2544,宁夏理工学院,,财务管理(大数据财务),,,432,
2544,宁夏理工学院,,国际经济与贸易(数字贸易),,,444,
2544,宁夏理工学院,,电气工程及其自动化,,,439,
2544,宁夏理工学院,,电子信息工程,,,436,
2544,宁夏理工学院,,自动化,,,427,
2544,宁夏理工学院,,物联网工程,,,422,
2544,宁夏理工学院,,机器人工程,,,422,
2544,宁夏理工学院,,计算机类(计算机科学与技术、网络工程、软件工程、数据科学与大数据技术),,,432,
2544,宁夏理工学院,,机械工程,,,422,
2544,宁夏理工学院,,智能制造工程,,,436,
2544,宁夏理工学院,,能源与动力工程,,,426,
2544,宁夏理工学院,,材料成型及控制工程,,,432,
2544,宁夏理工学院,,汽车服务工程(智能网联汽车),,,408,
2544,宁夏理工学院,,土木工程,,,414,
2544,宁夏理工学院,,安全工程,,,421,
2544,宁夏理工学院,,给排水科学与工程,,,412,
2544,宁夏理工学院,,智能建造,,,392,
2544,宁夏理工学院,,环境工程,,,438,
2544,宁夏理工学院,,应用化学,,,436,
2544,宁夏理工学院,,制药工程(绿色智能制药),,,417,
2544,宁夏理工学院,,能源化学工程,,,410,
2544,宁夏理工学院,,材料化学,,,425,
2544,宁夏理工学院,,交通运输(机场运行),,,422,
2544,宁夏理工学院,,交通运输(航空物流),,,417,
2544,宁夏理工学院,,汉语言文学,,,454,
0753,宁夏师范大学,,人工智能,,,464,
1360,攀枝花学院,,临床医学,,,517,
0919,平顶山学院,,测控技术与仪器,,,461,
0919,平顶山学院,,西班牙语,,,455,
0919,平顶山学院,,城乡规划,,,456,
0895,萍乡学院,,电子信息工程,,,477,
0895,萍乡学院,,无机非金属材料工程(电瓷方向),,,464,
0431,齐鲁工业大学,,材料成型及控制工程,,,524,
0431,齐鲁工业大学,,生物工程,,,491,
0431,齐鲁工业大学,,食品科学与工程类(食品科学与工程、食品质量与安全、食品营养与健康),,,504,
0431,齐鲁工业大学,,环境科学与工程类(环境工程、环境科学、环境生态工程),,,456,
0431,齐鲁工业大学,,药学类(药学、药物制剂),,,509,
0431,齐鲁工业大学,,材料类(无机非金属材料工程、高分子材料与工程、宝石及材料工艺学、光电信息材料与器件),,,499,
0431,齐鲁工业大学,,能源与动力工程,,,536,
0431,齐鲁工业大学,,海洋技术,,,487,
0431,齐鲁工业大学,,测控技术与仪器(海洋测控方向),,,535,
3998,齐鲁理工学院,,计算机科学与技术,,,443,
3998,齐鲁理工学院,,护理学,,,448,
3998,齐鲁理工学院,,医学影像技术,,,425,
3998,齐鲁理工学院,,医学检验技术,,,432,
3998,齐鲁理工学院,,中药学,,,425,
3998,齐鲁理工学院,,土木工程,,,399,
3998,齐鲁理工学院,,贸易经济,,,417,
3998,齐鲁理工学院,,金融学,,,432,
3998,齐鲁理工学院,,会计学,,,446,
0825,齐鲁医药学院,,生物医学工程,,,442,
0825,齐鲁医药学院,,食品科学与工程,,,443,
0825,齐鲁医药学院,,临床医学,,,515,
0825,齐鲁医药学院,,医学影像学,,,509,
0825,齐鲁医药学院,,预防医学,,,437,
0825,齐鲁医药学院,,药学,,,454,
0825,齐鲁医药学院,,药物制剂,,,437,
0825,齐鲁医药学院,,化妆品科学与技术,,,458,
0825,齐鲁医药学院,,护理学,,,480,
0232,齐齐哈尔大学,,数学与应用数学(师范类),,,523,
0232,齐齐哈尔大学,,电气工程及其自动化,,,515,
0232,齐齐哈尔大学,,电子信息类(电子信息工程、通信工程),,,496,
0232,齐齐哈尔大学,,计算机类(计算机科学与技术、软件工程),,,511,
0232,齐齐哈尔大学,,物联网工程,,,490,
0232,齐齐哈尔大学,,应用化学,,,470,
0232,齐齐哈尔大学,,化工与制药类(化学工程与工艺、制药工程、能源化学工程),,,475,
0232,齐齐哈尔大学,,材料类(材料化学、无机非金属材料工程、高分子材料与工程),,,461,
0232,齐齐哈尔大学,,纺织工程,,,461,
0232,齐齐哈尔大学,,轻工类(轻化工程、包装工程),,,459,
0232,齐齐哈尔大学,,食品质量与安全,,,470,
0232,齐齐哈尔大学,,土木工程,,,459,
0232,齐齐哈尔大学,,园林,,,474,
2729,齐齐哈尔工程学院,,护理学,,,440,
2729,齐齐哈尔工程学院,,财务管理,,,425,
2729,齐齐哈尔工程学院,,电子科学与技术,,,392,
2729,齐齐哈尔工程学院,,车辆工程,,,400,
1230,齐齐哈尔医学院,,临床医学,,,534,
1230,齐齐哈尔医学院,,精神医学,,,557,
1230,齐齐哈尔医学院,,医学影像学,,,539,
1230,齐齐哈尔医学院,,预防医学,,,498,
1230,齐齐哈尔医学院,,临床药学,,,501,
1230,齐齐哈尔医学院,,医学检验技术,,,521,
1230,齐齐哈尔医学院,,生物医学工程,,,505,
1230,齐齐哈尔医学院,,康复治疗学,,,490,
1230,齐齐哈尔医学院,,食品营养与检验教育,,,462,
1230,齐齐哈尔医学院,,助产学,,,499,
1230,齐齐哈尔医学院,,护理学,,,506,
0670,黔南民族师范学院,,计算机类(计算机科学与技术、软件工程),,,465,
0868,青岛滨海学院,,工程造价,,,433,
0868,青岛滨海学院,,电气工程及其自动化,,,444,
0868,青岛滨海学院,,人工智能,,,434,
0868,青岛滨海学院,,计算机科学与技术,,,442,
0868,青岛滨海学院,,预防医学,,,425,
0868,青岛滨海学院,,智能医学工程,,,420,
3378,青岛城市学院,,土木工程,,,420,
3378,青岛城市学院,,智能建造,,,432,
3378,青岛城市学院,,工程造价,,,446,
3378,青岛城市学院,,工程管理,,,436,
3378,青岛城市学院,,机械设计制造及其自动化,,,445,
3378,青岛城市学院,,电气工程及其自动化,,,445,
3378,青岛城市学院,,机器人工程,,,434,
3378,青岛城市学院,,建筑学,,,444,
3378,青岛城市学院,,城乡规划,,,449,
3378,青岛城市学院,,计算机科学与技术,,,448,
3378,青岛城市学院,,软件工程,,,452,
3378,青岛城市学院,,网络工程,,,446,
3378,青岛城市学院,,物联网工程,,,446,
3378,青岛城市学院,,数据科学与大数据技术,,,444,
3378,青岛城市学院,,大数据管理与应用,,,442,
1065,青岛大学,,环境科学与工程,,,542,
1065,青岛大学,,新能源科学与工程,,,592,
1065,青岛大学,,非织造材料与工程,,,542,
1065,青岛大学,,电气工程及其自动化,,,612,
1065,青岛大学,,轻化工程,,,542,
1065,青岛大学,,临床医学,,,613,
1065,青岛大学,,口腔医学,,,616,
1065,青岛大学,,会计学,,,594,
1065,青岛大学,,材料类(高分子材料与工程、复合材料与工程),,,555,
1065,青岛大学,,纺织工程,,,540,
1065,青岛大学,,国际经济与贸易,,,568,
1065,青岛大学,,微电子科学与工程(微纳英才班),,,602,
1065,青岛大学,,能源与动力工程,,,592,
1065,青岛大学,,光电信息科学与工程,,,599,
1065,青岛大学,,电子信息工程,,,607,
1065,青岛大学,,通信工程,,,607,
1065,青岛大学,,智能科学与技术,,,608,
1065,青岛大学,,应用统计学,,,591,
3995,青岛工学院,,机械设计制造及其自动化,,,447,
3995,青岛工学院,,自动化,,,440,
3995,青岛工学院,,能源与动力工程,,,444,
3995,青岛工学院,,计算机科学与技术,,,444,
3995,青岛工学院,,电子信息工程,,,440,
3995,青岛工学院,,软件工程,,,450,
3995,青岛工学院,,数字媒体技术,,,437,
3995,青岛工学院,,信息安全,,,441,
3995,青岛工学院,,土木工程,,,426,
3995,青岛工学院,,食品科学与工程,,,442,
3995,青岛工学院,,化学工程与工业生物工程,,,437,
3995,青岛工学院,,英语,,,443,
3995,青岛工学院,,工商管理,,,439,
3995,青岛工学院,,汉语言文学,,,453,
3995,青岛工学院,,知识产权,,,443,
3995,青岛工学院,,人工智能,,,445,
3995,青岛工学院,,智能制造工程,,,438,
3015,青岛恒星科技学院,,电气工程及其自动化,,,441,
3015,青岛恒星科技学院,,机械工程,,,416,
3015,青岛恒星科技学院,,车辆工程,,,421,
3015,青岛恒星科技学院,,机器人工程,,,421,
3015,青岛恒星科技学院,,软件工程,,,424,
3015,青岛恒星科技学院,,网络工程,,,421,
3015,青岛恒星科技学院,,人工智能,,,413,
3015,青岛恒星科技学院,,土木工程,,,406,
3015,青岛恒星科技学院,,工程造价,,,425,
3015,青岛恒星科技学院,,金融工程,,,418,
3015,青岛恒星科技学院,,物流工程,,,420,
3015,青岛恒星科技学院,,教育技术学,,,414,
3015,青岛恒星科技学院,,种子科学与工程,,,412,
3015,青岛恒星科技学院,,印刷工程,,,386,
3015,青岛恒星科技学院,,工程管理,,,411,
3015,青岛恒星科技学院,,智能装备与系统,,,408,
3320,青岛黄海学院,,汉语言文学,,,440,
3320,青岛黄海学院,,机械设计制造及其自动化,,,439,
3320,青岛黄海学院,,车辆工程,,,434,
3320,青岛黄海学院,,电气工程及其自动化,,,444,
3320,青岛黄海学院,,计算机科学与技术,,,451,
3320,青岛黄海学院,,数据科学与大数据技术,,,438,
3320,青岛黄海学院,,虚拟现实技术,,,419,
3320,青岛黄海学院,,土木工程,,,394,
3320,青岛黄海学院,,船舶与海洋工程,,,437,
3320,青岛黄海学院,,康复治疗学,,,440,
3320,青岛黄海学院,,护理学,,,459,
3320,青岛黄海学院,,工程造价,,,436,
3320,青岛黄海学院,,财务管理,,,446,
0426,青岛科技大学,,应用物理学,,,573,
0426,青岛科技大学,,应用化学,,,553,
0426,青岛科技大学,,海洋科学,,,546,
0426,青岛科技大学,,机械工程,,,584,
0426,青岛科技大学,,测控技术与仪器,,,580,
0426,青岛科技大学,,材料化学,,,549,
0426,青岛科技大学,,金属材料工程,,,543,
0426,青岛科技大学,,无机非金属材料工程,,,544,
0426,青岛科技大学,,复合材料与工程,,,543,
0426,青岛科技大学,,能源与动力工程,,,585,
0426,青岛科技大学,,计算机科学与技术,,,600,
0426,青岛科技大学,,化学工程与工艺,,,565,
0426,青岛科技大学,,日语,,,519,
0426,青岛科技大学,,高分子材料与工程(塑料工程方向),,,564,
0426,青岛科技大学,,机械工程(中外合作办学)(中德合作办学),,,521,
0426,青岛科技大学,,自动化(中外合作办学)(中德合作办学),,,529,
0429,青岛理工大学,,国际商务,,,554,
0429,青岛理工大学,,新能源汽车工程,,,586,
0429,青岛理工大学,,建筑学,,,556,
0429,青岛理工大学,,城乡规划,,,557,
0429,青岛理工大学,,风景园林,,,548,
0429,青岛理工大学,,土木工程,,,521,
0429,青岛理工大学,,材料科学与工程,,,566,
0429,青岛理工大学,,机械设计制造及其自动化,,,592,
0429,青岛理工大学,,测控技术与仪器,,,582,
0429,青岛理工大学,,材料成型及控制工程,,,575,
0429,青岛理工大学,,给排水科学与工程,,,565,
0429,青岛理工大学,,建筑环境与能源应用工程,,,532,
0429,青岛理工大学,,环境工程,,,550,
0429,青岛理工大学,,车辆工程,,,585,
0429,青岛理工大学,,安全工程,,,560,
0429,青岛理工大学,,计算机科学与技术,,,617,
0429,青岛理工大学,,电子信息工程,,,608,
0429,青岛理工大学,,通信工程,,,598,
0429,青岛理工大学,,建筑电气与智能化,,,593,
0429,青岛理工大学,,工程管理,,,552,
0429,青岛理工大学,,工程造价,,,571,
0429,青岛理工大学,,工业工程,,,573,
0429,青岛理工大学,,信息管理与信息系统,,,578,
0429,青岛理工大学,,应用物理学,,,579,
0429,青岛理工大学,,数学与应用数学,,,585,
0429,青岛理工大学,,经济学,,,570,
0429,青岛理工大学,,统计学,,,588,
0429,青岛理工大学,,城市地下空间工程,,,539,
0429,青岛理工大学,,智能建造,,,578,
0429,青岛理工大学,,智能制造工程,,,594,
0429,青岛理工大学,,工程力学,,,584,
0429,青岛理工大学,,网络空间安全,,,603,
0435,青岛农业大学,,植物保护(含创新实验班30人),,,517,
0435,青岛农业大学,,生物育种科学,,,500,
0435,青岛农业大学,,林学,,,486,
0435,青岛农业大学,,马业科学,,,498,
0435,青岛农业大学,,水产养殖学,,,493,
0435,青岛农业大学,,土地科学与技术,,,469,
3997,青岛农业大学海都学院,,财务管理,,,458,
3997,青岛农业大学海都学院,,电气工程及其自动化,,,462,
3997,青岛农业大学海都学院,,工程造价,,,450,
3997,青岛农业大学海都学院,,动物医学,,,464,
3997,青岛农业大学海都学院,,国际经济与贸易,,,453,
3997,青岛农业大学海都学院,,机械设计制造及其自动化,,,457,
3997,青岛农业大学海都学院,,集成电路设计与集成系统,,,459,
3997,青岛农业大学海都学院,,计算机科学与技术,,,450,
3997,青岛农业大学海都学院,,食品科学与工程,,,448,
3997,青岛农业大学海都学院,,食品质量与安全,,,450,
3997,青岛农业大学海都学院,,园林,,,450,
3997,青岛农业大学海都学院,,园艺,,,447,
3997,青岛农业大学海都学院,,智能制造工程,,,447,
0743,青海大学,,工商管理类(会计学、财务管理),,,550,
0743,青海大学,,临床医学,,,588,
0743,青海大学,,麻醉学,,,580,
0743,青海大学,,预防医学,,,551,
0743,青海大学,,植物生产类(农学、园艺、植物保护),,,553,
0743,青海大学,,动物医学,,,577,
0743,青海大学,,食品科学与工程,,,550,
0743,青海大学,,能源化学工程,,,578,
0743,青海大学,,化学工程与工艺(卓越工程师),,,565,
0743,青海大学,,应用化学,,,566,
0743,青海大学,,过程装备与控制工程,,,555,
0743,青海大学,,机械设计制造及其自动化,,,592,
0743,青海大学,,资源勘查工程,,,552,
0743,青海大学,,计算机科学与技术,,,612,
0743,青海大学,,电气工程及其自动化,,,603,
0743,青海大学,,环境工程,,,577,
0743,青海大学,,材料成型及控制工程(卓越工程师),,,562,
0748,青海民族大学,,人工智能,,,468,
0748,青海民族大学,,药学,,,484,
0746,青海师范大学,,数学与应用数学(师范类),,,537,
0746,青海师范大学,,生物技术,,,476,
0746,青海师范大学,,地理科学(师范类),,,544,
0003,清华大学,,理科试验班类(物理基础类)[工程管理(等专业)],,,699,
0003,清华大学,,临床医学类[临床医学(协和)、临床医学(卓越医师科学班)],,,706,
3811,琼台师范学院,,教育技术学(师范类),,,451,
3811,琼台师范学院,,计算机科学与技术,,,491,
3811,琼台师范学院,,数学与应用数学(师范类),,,509,
0446,曲阜师范大学,,教育技术学(师范类),,,513,
0446,曲阜师范大学,,自动化,,,554,
0446,曲阜师范大学,,化学(师范类),,,584,
0446,曲阜师范大学,,生物工程,,,537,
0446,曲阜师范大学,,数学与应用数学(师范类),,,598,
0446,曲阜师范大学,,网络工程,,,559,
0684,曲靖师范学院,,生物科学(师范类),,,476,
0684,曲靖师范学院,,生物技术,,,453,
0684,曲靖师范学院,,制药工程,,,457,
0684,曲靖师范学院,,会计学,,,491,
0684,曲靖师范学院,,酒店管理,,,457,
1488,衢州学院,,高分子材料与工程,,,465,
1488,衢州学院,,机械设计制造及其自动化,,,478,
1488,衢州学院,,数据科学与大数据技术,,,484,
1488,衢州学院,,人工智能,,,476,
0399,泉州师范学院,,数学与应用数学(师范类),,,521,
0399,泉州师范学院,,化学(师范类),,,490,
0399,泉州师范学院,,国际经济与贸易,,,474,
0399,泉州师范学院,,海洋技术,,,459,
0399,泉州师范学院,,化学工程与工艺,,,459,
3766,泉州信息工程学院,,通信工程,,,423,
3766,泉州信息工程学院,,微电子科学与工程,,,409,
3766,泉州信息工程学院,,集成电路设计与集成系统,,,401,
3766,泉州信息工程学院,,机械设计制造及其自动化,,,421,
3766,泉州信息工程学院,,智能制造工程,,,418,
3766,泉州信息工程学院,,机器人工程,,,402,
3766,泉州信息工程学院,,网络工程,,,400,
3766,泉州信息工程学院,,物联网工程,,,394,
3766,泉州信息工程学院,,数据科学与大数据技术,,,424,
3766,泉州信息工程学院,,网络空间安全,,,407,
3766,泉州信息工程学院,,土木工程,,,378,
3766,泉州信息工程学院,,工程造价,,,406,
1122,三江学院,,日语,,,440,
1122,三江学院,,网络与新媒体,,,444,
1122,三江学院,,国际经济与贸易,,,441,
1122,三江学院,,土木工程,,,420,
1122,三江学院,,广告学,,,436,
1311,三明学院,,供应链管理,,,457,
1311,三明学院,,数字媒体技术,,,487,
1311,三明学院,,人工智能,,,471,
1311,三明学院,,物联网工程,,,492,
1311,三明学院,,网络空间安全,,,479,
1311,三明学院,,机械设计制造及其自动化,,,475,
1311,三明学院,,新能源汽车工程,,,466,
1311,三明学院,,材料化学,,,455,
1311,三明学院,,化学工程与工艺,,,457,
1311,三明学院,,环境工程,,,460,
1311,三明学院,,工程造价,,,468,
1075,三峡大学,,水利水电工程,,,590,
1075,三峡大学,,水文与水资源工程,,,571,
1075,三峡大学,,港口航道与海岸工程,,,571,
1075,三峡大学,,土木工程(智慧土木方向),,,542,
1075,三峡大学,,机械设计制造及其自动化,,,589,
1075,三峡大学,,化学工程与工艺(现代智能化工、化工新材料方向),,,540,
1075,三峡大学,,电气工程及其自动化,,,627,
1075,三峡大学,,电气工程及其自动化(输电线路工程方向),,,623,
1075,三峡大学,,少数民族预科班,,,552,
1075,三峡大学,,核工程与核技术,,,589,
3236,三峡大学科技学院,,电气工程及其自动化(含电力系统、输电线路工程方向),,,480,
3236,三峡大学科技学院,,临床医学,,,487,
3892,三亚学院,,应用心理学,,,422,
3892,三亚学院,,工程管理(建筑数字技术与造价),,,409,
3892,三亚学院,,网络与新媒体,,,422,
3892,三亚学院,,风景园林,,,422,
3892,三亚学院,,电子信息工程,,,415,
3892,三亚学院,,集成电路设计与集成系统,,,413,
3892,三亚学院,,新能源汽车工程,,,410,
3892,三亚学院,,数据计算及应用,,,406,
3892,三亚学院,,软件工程,,,442,
3892,三亚学院,,数据科学与大数据技术,,,432,
3892,三亚学院,,虚拟现实技术,,,409,
3892,三亚学院,,保险学(保险科技),,,406,
3892,三亚学院,,经济与金融,,,431,
3892,三亚学院,,金融科技,,,392,
3892,三亚学院,,数字经济,,,386,
3892,三亚学院,,国际经济与贸易(中外合作办学),,,403,
0456,山东财经大学,,财政学,,,601,
0456,山东财经大学,,金融工程,,,573,
0456,山东财经大学,,金融科技,,,573,
0456,山东财经大学,,精算学,,,578,
0456,山东财经大学,,经济与贸易类(国际经济与贸易、国际商务),,,566,
0456,山东财经大学,,会计学,,,610,
0456,山东财经大学,,审计学,,,610,
0456,山东财经大学,,资产评估,,,587,
0456,山东财经大学,,外国语言文学类(英语、法语、日语、商务英语),,,524,
0456,山东财经大学,,经济统计学,,,578,
0456,山东财经大学,,数据科学与大数据技术,,,588,
0456,山东财经大学,,计算机科学与技术,,,588,
0456,山东财经大学,,人工智能,,,577,
0456,山东财经大学,,数字媒体技术,,,579,
0456,山东财经大学,,信息管理与信息系统,,,563,
0456,山东财经大学,,工程管理,,,551,
0456,山东财经大学,,大数据管理与应用,,,565,
3999,山东财经大学东方学院,,会计学,,,463,
3999,山东财经大学东方学院,,审计学,,,463,
3999,山东财经大学东方学院,,数字经济,,,442,
3999,山东财经大学东方学院,,国际商务,,,451,
3999,山东财经大学东方学院,,电子商务,,,451,
3999,山东财经大学东方学院,,数据科学与大数据技术,,,448,
3999,山东财经大学东方学院,,工商管理,,,454,
0422,山东大学,,经济学类(经济学、财政学、金融学、国际经济与贸易),,,648,
0422,山东大学,,工商管理类(工商管理、会计学),,,641,
0422,山东大学,,数学类(数学与应用数学、信息与计算科学、统计学),,,667,
0422,山东大学,,物理学类(物理学、应用物理学),,,653,
0422,山东大学,,化学类(化学),,,642,
0422,山东大学,,管理科学与工程类(工程管理),,,633,
0422,山东大学,,材料类(材料科学与工程、材料成型及控制工程),,,642,
0422,山东大学,,机械类(机械设计制造及其自动化、智能制造工程),,,653,
0422,山东大学,,自动化类(自动化、机器人工程),,,662,
0422,山东大学,,智能医学工程,,,646,
0422,山东大学,,能源动力类(能源与动力工程、能源与环境系统工程、新能源科学与工程、储能科学与工程),,,651,
0422,山东大学,,电气工程及其自动化,,,664,
0422,山东大学,,土木类(工程力学、土木、水利与海洋工程),,,628,
0422,山东大学,,智能建造与智慧交通,,,640,
0422,山东大学,,计算机类(软件数媒与大数据方向)(软件工程、数字媒体技术、数据科学与大数据技术),,,662,
0422,山东大学,,电子信息类(微电子与电路集成方向)(微电子科学与工程、集成电路设计与集成系统),,,663,
0422,山东大学,,人工智能,,,661,
0422,山东大学,,临床医学(五年制),,,652,
0422,山东大学,,临床医学(齐鲁医学堂创新实验班),,,673,
0422,山东大学,,口腔医学(5+3一体化),,,667,
0422,山东大学,,药学类[药学、临床药学(五年制)],,,645,
0422,山东大学,,生物科学类(生物科学、生物技术、生态学、生物工程),,,647,
0422,山东大学,,电子信息类(通信电子与光电方向)(通信工程、电子科学与技术、光电信息科学与工程),,,663,
0422,山东大学,,计算机科学与技术,,,664,
0422,山东大学,,环境科学与工程类(环境工程、环境科学),,,632,
0422,山东大学,,网络空间安全,,,660,
0422,山东大学,,护理学,,,594,
9422,山东大学威海分校,,经济学类[金融学(数智金融方向)、金融学(保险科技方向)、国际经济与贸易(数字贸易方向)],,,624,
9422,山东大学威海分校,,智能制造工程,,,639,
9422,山东大学威海分校,,自动化类(自动化、机器人工程),,,643,
9422,山东大学威海分校,,电子信息类(电子科学与技术、通信工程),,,647,
9422,山东大学威海分校,,计算机类(计算机科学与技术、人工智能),,,648,
9422,山东大学威海分校,,物理学,,,638,
9422,山东大学威海分校,,数学类(数学与应用数学、信息与计算科学、统计学),,,645,
0438,山东第二医科大学,,临床医学,,,588,
0438,山东第二医科大学,,麻醉学,,,588,
0438,山东第二医科大学,,口腔医学,,,609,
0438,山东第二医科大学,,预防医学,,,505,
0438,山东第二医科大学,,医学影像学,,,585,
0438,山东第二医科大学,,医学检验技术,,,526,
0438,山东第二医科大学,,药学,,,511,
0438,山东第二医科大学,,康复治疗学,,,504,
0438,山东第二医科大学,,护理学,,,511,
0439,山东第一医科大学,,口腔医学技术,,,546,
0439,山东第一医科大学,,预防医学,,,523,
0439,山东第一医科大学,,生物技术,,,505,
0439,山东第一医科大学,,护理学,,,525,
0439,山东第一医科大学,,制药工程,,,538,
3356,山东工程职业技术大学,,汽车工程技术,,,436,
3356,山东工程职业技术大学,,物联网工程技术,,,435,
1688,山东工商学院,,统计学,,,521,
1688,山东工商学院,,信息与计算科学,,,471,
1688,山东工商学院,,经济学,,,533,
1688,山东工商学院,,国际经济与贸易,,,514,
1688,山东工商学院,,财政学,,,552,
1688,山东工商学院,,金融学,,,542,
1688,山东工商学院,,投资学,,,522,
1688,山东工商学院,,法学,,,566,
1688,山东工商学院,,广告学,,,492,
1688,山东工商学院,,会计学,,,568,
1688,山东工商学院,,财务管理,,,560,
1688,山东工商学院,,审计学,,,571,
1688,山东工商学院,,社会工作,,,469,
1688,山东工商学院,,能源经济,,,469,
1688,山东工商学院,,数学与应用数学,,,523,
1688,山东工商学院,,应用统计学,,,527,
1688,山东工商学院,,经济统计学,,,519,
1688,山东工商学院,,保险学,,,500,
1688,山东工商学院,,电气工程及其自动化,,,546,
1688,山东工商学院,,电子信息工程,,,546,
1688,山东工商学院,,通信工程,,,531,
1688,山东工商学院,,软件工程,,,559,
1688,山东工商学院,,计算机科学与技术,,,563,
1688,山东工商学院,,数字媒体技术,,,536,
1688,山东工商学院,,工业工程,,,484,
1688,山东工商学院,,安全工程,,,507,
1688,山东工商学院,,工程管理,,,500,
1688,山东工商学院,,应急技术与管理,,,485,
1688,山东工商学院,,工商管理,,,509,
1688,山东工商学院,,市场营销,,,475,
1688,山东工商学院,,人力资源管理,,,503,
1688,山东工商学院,,物流管理,,,506,
1688,山东工商学院,,资产评估,,,520,
1688,山东工商学院,,行政管理,,,477,
1688,山东工商学院,,劳动与社会保障,,,473,
1688,山东工商学院,,金融科技,,,497,
1688,山东工商学院,,集成电路设计与集成系统,,,535,
1688,山东工商学院,,数据科学与大数据技术,,,548,
1688,山东工商学院,,电子科学与技术,,,528,
1688,山东工商学院,,金融学(中外合作办学)(与美国莫瑞州立大学合作),,,462,
1688,山东工商学院,,国际经济与贸易(中外合作办学)(与美国莫瑞州立大学合作),,,462,
1688,山东工商学院,,会计学(中外合作办学)(与美国莫瑞州立大学合作),,,502,
1688,山东工商学院,,财务管理(中外合作办学)(与美国莫瑞州立大学合作),,,489,
4438,山东管理学院,,国际经济与贸易,,,484,
4438,山东管理学院,,计算机科学与技术,,,508,
4438,山东管理学院,,机器人工程,,,503,
4438,山东管理学院,,电子信息工程,,,498,
0449,山东航空学院,,英语(师范类),,,536,
0449,山东航空学院,,"交通运输(民航机务工程方向,男生)",,,536,
0430,山东建筑大学,,机械工程,,,556,
0430,山东建筑大学,,材料成型及控制工程,,,526,
0430,山东建筑大学,,车辆工程,,,551,
0430,山东建筑大学,,材料科学与工程,,,523,
0430,山东建筑大学,,能源与动力工程,,,550,
0430,山东建筑大学,,光电信息科学与工程,,,553,
0430,山东建筑大学,,土木工程,,,513,
0430,山东建筑大学,,建筑环境与能源应用工程,,,396,
0430,山东建筑大学,,智能建造,,,537,
0430,山东建筑大学,,测绘工程,,,524,
0430,山东建筑大学,,工业工程,,,535,
0430,山东建筑大学,,电子商务,,,485,
0430,山东建筑大学,,建筑学(中外合作办学),,,399,
1510,山东交通学院,,土木工程,,,428,
1510,山东交通学院,,港口航道与海岸工程,,,526,
1510,山东交通学院,,机械设计制造及其自动化,,,549,
1510,山东交通学院,,智慧交通,,,523,
1510,山东交通学院,,飞行器制造工程,,,543,
1510,山东交通学院,,大数据管理与应用,,,537,
1510,山东交通学院,,金融学,,,508,
1510,山东交通学院,,船舶与海洋工程,,,508,
1510,山东交通学院,,海洋机器人,,,523,
1510,山东交通学院,,机械电子工程,,,535,
1510,山东交通学院,,金融工程,,,496,
0424,山东科技大学,,海洋技术,,,542,
0424,山东科技大学,,金属材料工程,,,539,
0424,山东科技大学,,测绘工程,,,551,
0424,山东科技大学,,资源勘查工程,,,544,
0424,山东科技大学,,智能采矿工程,,,527,
0424,山东科技大学,,交通运输,,,573,
0424,山东科技大学,,船舶与海洋工程,,,567,
0424,山东科技大学,,安全工程,,,562,
0424,山东科技大学,,电气工程及其自动化(中外合作办学),,,542,
0424,山东科技大学,,通信工程(中外合作办学),,,531,
0424,山东科技大学,,自动化(中外合作办学),,,531,
0424,山东科技大学,,信息工程(就读地点泰安),,,587,
0433,山东理工大学,,农业机械化及其自动化,,,562,
0433,山东理工大学,,自动化,,,589,
0433,山东理工大学,,电子信息工程,,,593,
0433,山东理工大学,,电气工程及其自动化,,,611,
0433,山东理工大学,,通信工程,,,591,
0433,山东理工大学,,软件工程,,,594,
0433,山东理工大学,,化学工程与工艺,,,552,
0433,山东理工大学,,应用化学,,,544,
0433,山东理工大学,,工程管理,,,526,
0433,山东理工大学,,地理空间信息工程,,,539,
0433,山东理工大学,,采矿工程,,,486,
0433,山东理工大学,,材料科学与工程,,,542,
0433,山东理工大学,,制药工程,,,562,
0433,山东理工大学,,光电信息科学与工程,,,582,
0433,山东理工大学,,日语,,,516,
0433,山东理工大学,,测控技术与仪器,,,562,
0433,山东理工大学,,交通运输,,,570,
0433,山东理工大学,,土木工程(建筑工程方向),,,523,
0434,山东农业大学,,水土保持与荒漠化防治,,,502,
0434,山东农业大学,,动物科学,,,529,
0434,山东农业大学,,动物医学类(动物医学、兽医公共卫生),,,560,
0434,山东农业大学,,机械电子工程,,,533,
0434,山东农业大学,,数字经济,,,524,
0434,山东农业大学,,食品科学与工程,,,541,
0434,山东农业大学,,生物科学类(生物技术、生物科学),,,525,
0434,山东农业大学,,遥感科学与技术,,,539,
2331,山东女子学院,,养老服务管理,,,469,
2331,山东女子学院,,商务英语,,,476,
2331,山东女子学院,,市场营销,,,464,
2331,山东女子学院,,计算机科学与技术,,,480,
0445,山东师范大学,,金融学类(金融学、国际经济与贸易、经济学),,,559,
0445,山东师范大学,,法学,,,586,
0445,山东师范大学,,学前教育(师范类),,,571,
0445,山东师范大学,,中国语言文学类(汉语言文学、汉语言、秘书学),,,591,
0445,山东师范大学,,英语(师范类),,,601,
0445,山东师范大学,,新闻传播学类(新闻学、网络与新媒体),,,585,
0445,山东师范大学,,数学与应用数学(师范类),,,626,
0445,山东师范大学,,物理学(师范类),,,608,
0445,山东师范大学,,电子信息类(电子信息工程、电子科学与技术、光电信息科学与工程),,,580,
0445,山东师范大学,,化学(师范类),,,614,
0445,山东师范大学,,生物科学类(生物科学、生物技术),,,590,
0445,山东师范大学,,地理科学类(地理科学、地理信息科学),,,566,
0445,山东师范大学,,心理学类(心理学、应用心理学),,,575,
0445,山东师范大学,,通信工程,,,583,
0445,山东师范大学,,人工智能,,,584,
0445,山东师范大学,,计算机类(计算机科学与技术、物联网工程、网络空间安全),,,589,
0445,山东师范大学,,信息管理与信息系统,,,564,
0445,山东师范大学,,工商管理类(工商管理、会计学),,,565,
0445,山东师范大学,,物流管理(中外合作办学),,,506,
0445,山东师范大学,,公共管理类(行政管理、劳动与社会保障),,,522,
3386,山东石油化工学院,,资源勘查工程,,,476,
3386,山东石油化工学院,,油气储运工程,,,491,
3386,山东石油化工学院,,化工安全工程,,,484,
3386,山东石油化工学院,,机械设计制造及其自动化,,,493,
3386,山东石油化工学院,,材料成型及控制工程,,,476,
3386,山东石油化工学院,,电气工程及其自动化,,,514,
3386,山东石油化工学院,,自动化,,,492,
3386,山东石油化工学院,,计算机科学与技术,,,500,
3386,山东石油化工学院,,数据科学与大数据技术,,,482,
3322,山东现代学院,,医学检验技术,,,436,
3322,山东现代学院,,康复治疗学,,,423,
3322,山东现代学院,,药学,,,418,
3322,山东现代学院,,中药制药,,,413,
3322,山东现代学院,,中药学,,,417,
3322,山东现代学院,,护理学,,,450,
3322,山东现代学院,,助产学,,,442,
3322,山东现代学院,,学前教育(师范类),,,438,
3322,山东现代学院,,市场营销,,,423,
3322,山东现代学院,,财务管理,,,438,
3322,山东现代学院,,计算机科学与技术,,,436,
3322,山东现代学院,,人工智能,,,409,
3322,山东现代学院,,数据科学与大数据技术,,,433,
3322,山东现代学院,,电子信息工程,,,421,
3322,山东现代学院,,数字媒体技术,,,432,
3322,山东现代学院,,汽车服务工程,,,393,
3322,山东现代学院,,交通运输,,,415,
3322,山东现代学院,,土木工程,,,412,
3322,山东现代学院,,网络工程,,,412,
3322,山东现代学院,,工程造价,,,424,
3324,山东协和学院,,自动化,,,447,
3324,山东协和学院,,土木工程,,,429,
3324,山东协和学院,,电气工程及其自动化,,,473,
3324,山东协和学院,,工程造价,,,444,
3324,山东协和学院,,护理学,,,476,
3324,山东协和学院,,计算机科学与技术,,,445,
3324,山东协和学院,,学前教育(师范类),,,449,
3324,山东协和学院,,财务管理,,,451,
3324,山东协和学院,,审计学,,,452,
3324,山东协和学院,,康复治疗学,,,450,
3324,山东协和学院,,医学影像技术,,,445,
3324,山东协和学院,,医学检验技术,,,443,
3324,山东协和学院,,中药学,,,429,
3324,山东协和学院,,口腔医学,,,504,
3324,山东协和学院,,金融科技,,,451,
3006,山东英才学院,,学前教育(师范类),,,429,
3006,山东英才学院,,机械设计制造及其自动化,,,413,
3006,山东英才学院,,电子信息工程,,,398,
3006,山东英才学院,,物流管理,,,387,
3006,山东英才学院,,汽车服务工程,,,383,
4100,山东政法学院,,法学,,,585,
4100,山东政法学院,,法学(涉外法治实验班),,,583,
4100,山东政法学院,,司法鉴定学,,,584,
4100,山东政法学院,,网络空间安全,,,549,
4100,山东政法学院,,计算机科学与技术,,,544,
0441,山东中医药大学,,中医学,,,605,
0441,山东中医药大学,,中西医临床医学,,,554,
0441,山东中医药大学,,中药学,,,558,
0441,山东中医药大学,,药学,,,543,
0441,山东中医药大学,,制药工程,,,552,
0441,山东中医药大学,,针灸推拿学,,,565,
0441,山东中医药大学,,护理学,,,518,
0441,山东中医药大学,,康复治疗学,,,516,
0441,山东中医药大学,,康复物理治疗,,,504,
0441,山东中医药大学,,中医养生学,,,533,
0441,山东中医药大学,,眼视光学,,,546,
0441,山东中医药大学,,中医骨伤科学,,,552,
0125,山西财经大学,,能源经济,,,549,
0125,山西财经大学,,贸易经济,,,537,
0125,山西财经大学,,国际商务,,,524,
0125,山西财经大学,,财政学,,,580,
0125,山西财经大学,,金融工程,,,554,
0125,山西财经大学,,保险学,,,543,
0125,山西财经大学,,工程造价,,,546,
0125,山西财经大学,,信息管理与信息系统,,,556,
0125,山西财经大学,,电子商务,,,527,
0125,山西财经大学,,劳动与社会保障,,,490,
0125,山西财经大学,,旅游管理,,,483,
0125,山西财经大学,,信息与计算科学,,,556,
0125,山西财经大学,,金融数学,,,546,
0125,山西财经大学,,资源与环境经济学,,,505,
0125,山西财经大学,,金融学(中外合作办学),,,542,
0125,山西财经大学,,会计学(中外合作办学),,,551,
0125,山西财经大学,,数据科学,,,523,
4434,山西传媒学院,,影视摄影与制作,,,464,
4434,山西传媒学院,,广告学,,,456,
4434,山西传媒学院,,戏剧影视文学,,,461,
4434,山西传媒学院,,广播电视编导,,,460,
0120,山西大同大学,,临床医学,,,525,
0108,山西大学,,数学与应用数学,,,591,
0108,山西大学,,信息与计算科学,,,589,
0108,山西大学,,统计学,,,586,
0108,山西大学,,计算机科学与技术,,,615,
0108,山西大学,,计算机科学与技术(先进计算),,,614,
0108,山西大学,,数据科学与大数据技术,,,602,
0108,山西大学,,人工智能,,,605,
0108,山西大学,,物理学(国家基地),,,618,
0108,山西大学,,光电信息科学与工程,,,598,
0108,山西大学,,电子信息类(电子信息工程、电子信息科学与技术),,,599,
0108,山西大学,,能源与动力工程,,,592,
0108,山西大学,,电气工程及其自动化,,,599,
0108,山西大学,,机械电子工程,,,596,
0108,山西大学,,测控技术与仪器,,,588,
0108,山西大学,,自动化,,,613,
4527,山西工程技术学院,,材料成型及控制工程,,,460,
4527,山西工程技术学院,,材料科学与工程,,,500,
4527,山西工程技术学院,,无机非金属材料工程,,,458,
4527,山西工程技术学院,,计算机科学与技术,,,507,
4527,山西工程技术学院,,数据科学与大数据技术,,,481,
4527,山西工程技术学院,,物联网工程,,,475,
4527,山西工程技术学院,,智能科学与技术,,,471,
4527,山西工程技术学院,,测绘工程,,,461,
4527,山西工程技术学院,,地质工程,,,459,
4527,山西工程技术学院,,勘查技术与工程,,,460,
4527,山西工程技术学院,,电气工程及其自动化,,,503,
4527,山西工程技术学院,,自动化,,,484,
4527,山西工程技术学院,,工程管理,,,465,
4527,山西工程技术学院,,工程造价,,,482,
4527,山西工程技术学院,,机械电子工程,,,481,
4527,山西工程技术学院,,机械设计制造及其自动化,,,477,
4527,山西工程技术学院,,智能制造工程,,,473,
4527,山西工程技术学院,,采矿工程,,,464,
4527,山西工程技术学院,,土木工程,,,457,
4527,山西工程技术学院,,智能采矿工程,,,487,
3691,山西工商学院,,财务管理,,,451,
3691,山西工商学院,,互联网金融,,,450,
3534,山西工学院,,采矿工程,,,457,
3534,山西工学院,,应急技术与管理,,,475,
3538,山西晋中理工学院,,机械设计制造及其自动化,,,443,
3538,山西晋中理工学院,,电气工程及其自动化,,,449,
0113,山西农业大学,,农学(卓越人才培养实验班),,,518,
0113,山西农业大学,,农学,,,485,
0113,山西农业大学,,智慧农业,,,491,
0113,山西农业大学,,植物保护(卓越人才培养实验班),,,484,
0113,山西农业大学,,植物保护,,,480,
0113,山西农业大学,,动植物检疫(植物检疫方向),,,474,
0113,山西农业大学,,生物农药科学与工程,,,470,
0113,山西农业大学,,动物科学(卓越人才培养实验班),,,499,
0113,山西农业大学,,动物科学,,,488,
0113,山西农业大学,,经济动物学,,,465,
0113,山西农业大学,,动植物检疫,,,480,
0113,山西农业大学,,兽医公共卫生,,,488,
0113,山西农业大学,,草业科学,,,464,
0113,山西农业大学,,林学(卓越人才培养实验班),,,471,
0113,山西农业大学,,林学类[林学、林学(森林康养方向)],,,466,
0113,山西农业大学,,土地整治工程,,,464,
0113,山西农业大学,,农业资源与环境,,,479,
0113,山西农业大学,,"园艺(花卉与景观设计方向,卓越人才培养实验班)",,,493,
0113,山西农业大学,,园艺,,,468,
0113,山西农业大学,,机械设计制造及其自动化,,,498,
0113,山西农业大学,,电气工程及其自动化,,,529,
0113,山西农业大学,,农业电气化,,,480,
0113,山西农业大学,,农业智能装备工程,,,519,
0113,山西农业大学,,电子信息科学与技术,,,513,
0113,山西农业大学,,生物科学类(生物科学、生物技术、生物信息学),,,482,
0113,山西农业大学,,中药资源与开发,,,483,
0113,山西农业大学,,土木工程,,,475,
0113,山西农业大学,,城乡规划,,,471,
0113,山西农业大学,,风景园林,,,499,
0113,山西农业大学,,农业水利工程,,,496,
0113,山西农业大学,,车辆工程,,,501,
0118,山西师范大学,,社会学,,,500,
0118,山西师范大学,,小学教育(师范类),,,557,
0118,山西师范大学,,日语(师范类),,,499,
0118,山西师范大学,,物理学(师范类),,,587,
0118,山西师范大学,,地理信息科学,,,535,
0118,山西师范大学,,生态学,,,514,
0118,山西师范大学,,环境生态工程,,,455,
0118,山西师范大学,,食品科学与工程,,,506,
0118,山西师范大学,,园艺,,,465,
0118,山西师范大学,,旅游管理,,,466,
0118,山西师范大学,,生物科学(师范类),,,555,
0118,山西师范大学,,食品营养与健康,,,452,
0114,山西医科大学,,临床医学(5+3一体化),,,621,
0114,山西医科大学,,临床医学(5+3一体化儿科学),,,613,
0114,山西医科大学,,临床医学,,,597,
0114,山西医科大学,,基础医学,,,516,
0114,山西医科大学,,麻醉学,,,601,
0114,山西医科大学,,医学影像学,,,596,
0114,山西医科大学,,眼视光医学,,,602,
0114,山西医科大学,,精神医学,,,582,
0114,山西医科大学,,儿科学,,,595,
0114,山西医科大学,,口腔医学,,,614,
0114,山西医科大学,,预防医学,,,505,
0114,山西医科大学,,药学,,,535,
0114,山西医科大学,,临床药学,,,570,
0114,山西医科大学,,中药学,,,510,
0114,山西医科大学,,法医学,,,572,
0114,山西医科大学,,医学检验技术,,,542,
0114,山西医科大学,,医学影像技术,,,537,
0114,山西医科大学,,康复治疗学,,,515,
0114,山西医科大学,,卫生检验与检疫,,,512,
0114,山西医科大学,,护理学,,,543,
0114,山西医科大学,,智能医学工程,,,523,
0114,山西医科大学,,生物医学工程(临床工程),,,518,
0114,山西医科大学,,信息管理与信息系统(医学信息学方向),,,530,
0114,山西医科大学,,生物制药,,,521,
0114,山西医科大学,,运动康复,,,514,
0114,山西医科大学,,眼视光学,,,540,
0114,山西医科大学,,医学实验技术,,,498,
0114,山西医科大学,,临床医学,,,589,
0114,山西医科大学,,口腔医学,,,608,
0114,山西医科大学,,医学影像学,,,591,
0114,山西医科大学,,麻醉学,,,588,
0114,山西医科大学,,眼视光医学,,,594,
0114,山西医科大学,,医学检验技术,,,534,
0114,山西医科大学,,医学实验技术,,,519,
0114,山西医科大学,,眼视光学,,,538,
0114,山西医科大学,,康复治疗学,,,506,
0114,山西医科大学,,护理学,,,541,
0809,山西中医药大学,,中医学,,,544,
0809,山西中医药大学,,针灸推拿学,,,544,
0809,山西中医药大学,,中西医临床医学,,,535,
0809,山西中医药大学,,康复治疗学,,,503,
0809,山西中医药大学,,中药学,,,507,
0809,山西中医药大学,,中药学(临床中药学方向),,,517,
0809,山西中医药大学,,药学,,,518,
0809,山西中医药大学,,中药制药,,,506,
0809,山西中医药大学,,生物制药,,,533,
0809,山西中医药大学,,制药工程,,,511,
0809,山西中医药大学,,中药资源与开发,,,503,
0809,山西中医药大学,,食品科学与工程,,,474,
0809,山西中医药大学,,护理学,,,522,
0809,山西中医药大学,,健康服务与管理,,,485,
0809,山西中医药大学,,药事管理,,,495,
0809,山西中医药大学,,药物分析,,,501,
0809,山西中医药大学,,信息管理与信息系统,,,492,
3123,陕西国际商贸学院,,数据科学与大数据技术,,,433,
3123,陕西国际商贸学院,,制药工程,,,422,
3123,陕西国际商贸学院,,宝石及材料工艺学,,,421,
0708,陕西科技大学,,数学类(数学与应用数学、信息与计算科学),,,574,
0708,陕西科技大学,,机器人工程,,,587,
0708,陕西科技大学,,轻化工程,,,554,
0708,陕西科技大学,,化学类(化学、应用化学),,,550,
0708,陕西科技大学,,材料类(材料物理、材料化学、无机非金属材料工程、材料科学与工程),,,545,
0708,陕西科技大学,,高分子材料与工程,,,546,
0708,陕西科技大学,,数字经济,,,570,
0708,陕西科技大学,,化工与制药类(化学工程与工艺、制药工程、能源化学工程),,,563,
0708,陕西科技大学,,药学,,,548,
0708,陕西科技大学,,机械设计制造及其自动化(中外合作办学),,,543,
0708,陕西科技大学,,工业设计(中外合作办学),,,527,
0708,陕西科技大学,,计算机科学与技术(中外合作办学),,,567,
0720,陕西理工大学,,物理学(师范类),,,527,
0720,陕西理工大学,,智能制造工程,,,539,
0720,陕西理工大学,,电气工程及其自动化(中外合作办学),,,510,
0720,陕西理工大学,,机械设计制造及其自动化(中外合作办学),,,492,
0720,陕西理工大学,,网络工程(中外合作办学),,,451,
0718,陕西师范大学,,心理学类[心理学(泽如拔尖基地班)、应用心理学],,,590,
0718,陕西师范大学,,材料类(材料化学、新能源材料与器件),,,582,
0718,陕西师范大学,,计算机类[计算机科学与技术(创新实验班)、软件工程、人工智能],,,622,
4390,陕西学前师范学院,,生物科学(师范类),,,483,
4390,陕西学前师范学院,,食品科学与工程,,,463,
4390,陕西学前师范学院,,数字媒体技术,,,493,
4390,陕西学前师范学院,,人文地理与城乡规划,,,461,
0716,陕西中医药大学,,临床医学,,,563,
0716,陕西中医药大学,,医学影像学,,,566,
0716,陕西中医药大学,,中医学,,,549,
0716,陕西中医药大学,,中西医临床医学,,,535,
0716,陕西中医药大学,,医学检验技术,,,537,
0560,汕头大学,,物理学(创新班),,,571,
0560,汕头大学,,机械设计制造及其自动化,,,584,
0560,汕头大学,,计算机科学与技术,,,590,
0560,汕头大学,,法学,,,588,
0560,汕头大学,,行政管理(智慧城市特色班),,,554,
1396,商洛学院,,秘书学,,,459,
1396,商洛学院,,物理学(师范类),,,478,
1396,商洛学院,,化学(师范类),,,472,
1396,商洛学院,,工程管理,,,460,
1396,商洛学院,,数据科学与大数据技术,,,474,
0483,商丘师范学院,,金融数学,,,488,
0483,商丘师范学院,,汽车服务工程,,,464,
0483,商丘师范学院,,生物科学(师范类),,,529,
0483,商丘师范学院,,生物工程,,,456,
0483,商丘师范学院,,城乡规划,,,461,
0483,商丘师范学院,,测绘工程,,,455,
0483,商丘师范学院,,建筑电气与智能化,,,460,
0272,上海财经大学,,会计学,,,670,
0272,上海财经大学,,金融学,,,664,
0272,上海财经大学,,金融学(双学士学位、金融学和统计学),,,680,
0272,上海财经大学,,工商管理类[工商管理(商务分析)、工商管理(战略与创新创业)、人力资源管理、市场营销],,,650,
0272,上海财经大学,,经济学(数量经济),,,651,
0272,上海财经大学,,经济学,,,658,
0272,上海财经大学,,数据科学与大数据技术(工学),,,655,
0272,上海财经大学,,统计学类[统计学(实验班)、经济统计学(金融统计与风险管理)、数据科学与大数据技术(理学)],,,668,
0272,上海财经大学,,统计学(双学士学位、统计与管理学院和商学院培养),,,659,
0272,上海财经大学,,数学类(信息与计算科学、数学与应用数学),,,657,
0280,上海大学,,电气类(数学与应用数学、信息与计算科学、应用物理学、理论与应用力学、机械设计制造及其自动化、机械电子工程、智能制造工程、测控技术与仪器、新能源材料与器件、电子科学与技术、自动化、机器人工程、生物医学工程、建筑学、城乡规划、工业工程、城市设计),,,647,
2044,上海第二工业大学,,自动化,,,582,
2044,上海第二工业大学,,智能制造工程,,,579,
1458,上海电机学院,,电气类(电机电器智能化、新能源科学与工程、测控技术与仪器),,,563,
1458,上海电机学院,,材料科学与工程,,,530,
1458,上海电机学院,,电子封装技术,,,553,
1458,上海电机学院,,工业工程类(质量管理工程、工业工程),,,524,
1458,上海电机学院,,经济统计学,,,529,
0256,上海电力大学,,能源与动力工程,,,618,
0256,上海电力大学,,核工程与核技术,,,613,
0256,上海电力大学,,电气工程及其自动化,,,636,
0256,上海电力大学,,电气工程及其自动化(中外合作办学),,,626,
0256,上海电力大学,,核电技术与控制工程,,,620,
0256,上海电力大学,,电子科学与技术,,,619,
0256,上海电力大学,,信息与计算科学,,,610,
0273,上海对外经贸大学,,经济学(国际投资方向),,,608,
0273,上海对外经贸大学,,电子商务,,,580,
0273,上海对外经贸大学,,物流管理(中外合作办学)(中澳合作),,,570,
0273,上海对外经贸大学,,金融学,,,622,
0273,上海对外经贸大学,,金融学(中外合作办学)(中加合作),,,598,
0273,上海对外经贸大学,,财务管理(中外合作办学)(中加合作),,,605,
0856,上海工程技术大学,,机械工程,,,582,
0856,上海工程技术大学,,能源与动力工程,,,569,
0856,上海工程技术大学,,机器人工程,,,584,
0856,上海工程技术大学,,电子信息类(计算机科学与技术、自动化、电气工程及其自动化、数据科学与大数据技术、人工智能),,,587,
0856,上海工程技术大学,,公共管理类(公共事业管理、劳动与社会保障),,,516,
0856,上海工程技术大学,,工程管理,,,542,
0856,上海工程技术大学,,管理科学(东方管理),,,538,
0856,上海工程技术大学,,材料类(材料科学与工程、焊接技术与工程),,,531,
0856,上海工程技术大学,,电子封装技术,,,567,
0856,上海工程技术大学,,材料成型及控制工程,,,557,
0856,上海工程技术大学,,飞行器制造工程,,,580,
0856,上海工程技术大学,,服装设计与工程,,,525,
0856,上海工程技术大学,,纺织工程,,,504,
0856,上海工程技术大学,,车辆工程(城市轨道交通车辆),,,588,
0856,上海工程技术大学,,轨道交通信号与控制,,,588,
0856,上海工程技术大学,,交通运输,,,561,
0856,上海工程技术大学,,铁道工程,,,568,
0856,上海工程技术大学,,数据计算及应用,,,573,
0254,上海海事大学,,交通运输,,,606,
0254,上海海事大学,,交通管理(国航),,,615,
0254,上海海事大学,,机械电子工程,,,598,
0254,上海海事大学,,电气工程及其自动化,,,608,
0254,上海海事大学,,船舶与海洋工程,,,587,
0254,上海海事大学,,港口航道与海岸工程,,,590,
0254,上海海事大学,,法学(海商法),,,621,
0264,上海海洋大学,,计算机类(计算机科学与技术、软件工程、空间信息与数字技术、数据科学与大数据技术),,,607,
2799,上海建桥学院,,数字经济,,,437,
2799,上海建桥学院,,工程管理,,,439,
2799,上海建桥学院,,汽车服务工程,,,424,
2799,上海建桥学院,,计算机科学与技术,,,441,
2799,上海建桥学院,,机械设计制造及其自动化(中外合作办学),,,429,
0262,上海健康医学院,,护理学,,,503,
0262,上海健康医学院,,康复物理治疗,,,490,
0262,上海健康医学院,,康复工程,,,477,
0262,上海健康医学院,,数据科学与大数据技术,,,495,
0262,上海健康医学院,,药学,,,501,
0248,上海交通大学,,人工智能(拔尖英才试点班),,,700,
0248,上海交通大学,,人工智能(卓越人才试点班),,,697,
0248,上海交通大学,,"电子信息类(IEEE试点班,含双学士学位项目)(计算机科学与技术、信息工程、信息安全、自动化)",,,698,
0248,上海交通大学,,"机械类(钱学森工程科学试点班,含双学士学位项目)(机械工程、能源与动力工程)",,,694,
0248,上海交通大学,,经济管理试验班(含双学士学位项目)[经济学、金融学、会计学、工商管理、人力资源管理、大数据管理与应用(大数据和商务管理)],,,698,
0248,上海交通大学,,金融学(含金融学、计算机双学士学位项目),,,690,
0248,上海交通大学,,工科试验班类(信息类)(电子信息类、生物医学工程),,,692,
0248,上海交通大学,,"理科试验班类(含致远,吴文俊、李政道班,双学士学位项目)(数学与应用数学、统计学、物理学、应用物理学、天文学)",,,691,
9248,上海交通大学医学院,,临床医学(八年制本博连读),,,695,
9248,上海交通大学医学院,,"临床医学(八年制本博连读,法语班)",,,698,
9248,上海交通大学医学院,,"临床医学(八年制本博连读,口腔方向)",,,698,
9248,上海交通大学医学院,,口腔医学(5+3一体化),,,685,
9248,上海交通大学医学院,,医学试验班(临床方向)[临床医学(五年制)],,,682,
0252,上海理工大学,,工科试验班(智能化制造类)(机械设计制造及其自动化、材料成型及控制工程、工业设计、过程装备与控制工程、车辆工程、材料科学与工程、能源与动力工程、新能源科学与工程、储能科学与工程、机器人工程、土木工程、建筑环境与能源应用工程、制药工程、交通工程、环境工程、生物医学工程、康复工程、食品科学与工程、食品质量与安全、应用化学、生物技术),,,600,
0252,上海理工大学,,工科试验班(电子与信息类)(测控技术与仪器、电气工程及其自动化、电子信息工程、电子科学与技术、通信工程、光电信息科学与工程、医学信息工程、人工智能、自动化、计算机科学与技术、智能科学与技术、数据科学与大数据技术、新媒体技术、医学影像技术、智能医学工程、系统科学与工程),,,614,
0252,上海理工大学,,理科试验班(数学与应用数学、应用物理学),,,607,
0252,上海理工大学,,机械设计制造及其自动化(中外合作办学)(合作高校为德国富特旺根应用技术大学),,,594,
0252,上海理工大学,,电气工程及其自动化(中外合作办学)(中德合作),,,601,
1047,上海立信会计金融学院,,会计学,,,600,
1047,上海立信会计金融学院,,财务管理,,,586,
1047,上海立信会计金融学院,,审计学,,,592,
1047,上海立信会计金融学院,,资产评估,,,565,
1047,上海立信会计金融学院,,金融学,,,573,
1047,上海立信会计金融学院,,信用管理,,,543,
1047,上海立信会计金融学院,,投资学,,,550,
1047,上海立信会计金融学院,,金融工程,,,548,
1047,上海立信会计金融学院,,工商管理,,,544,
1047,上海立信会计金融学院,,经济学,,,577,
1047,上海立信会计金融学院,,国际经济与贸易,,,545,
1047,上海立信会计金融学院,,财政学,,,582,
1047,上海立信会计金融学院,,税收学,,,574,
1047,上海立信会计金融学院,,应用统计学,,,556,
1047,上海立信会计金融学院,,金融数学,,,577,
1047,上海立信会计金融学院,,计算机科学与技术,,,572,
1047,上海立信会计金融学院,,数据科学与大数据技术,,,570,
1047,上海立信会计金融学院,,智能科学与技术,,,567,
1047,上海立信会计金融学院,,商务英语,,,542,
1047,上海立信会计金融学院,,英语,,,575,
1047,上海立信会计金融学院,,日语,,,562,
1047,上海立信会计金融学院,,保险学,,,555,
1047,上海立信会计金融学院,,精算学,,,586,
1047,上海立信会计金融学院,,金融科技,,,541,
1833,上海杉达学院,,金融学(双语教学),,,450,
1833,上海杉达学院,,计算机科学与技术,,,450,
1833,上海杉达学院,,机械电子工程,,,444,
1833,上海杉达学院,,电气工程与智能控制,,,446,
2050,上海商学院,,国际经济与贸易,,,555,
2050,上海商学院,,食品质量与安全,,,496,
2050,上海商学院,,大数据管理与应用,,,544,
2050,上海商学院,,酒店管理(中外合作办学),,,464,
2050,上海商学院,,电子商务(中外合作办学),,,497,
0270,上海师范大学,,数学与应用数学(师范),,,611,
0270,上海师范大学,,电子信息类(人工智能、机器人工程、计算机科学与技术、通信工程、电子信息工程),,,585,
0270,上海师范大学,,汽车服务工程(中外合作办学),,,521,
0270,上海师范大学,,电子信息工程(中外合作办学),,,566,
0270,上海师范大学,,工程管理,,,546,
0270,上海师范大学,,计算机科学与技术(中外合作办学),,,573,
3893,上海师范大学天华学院,,通信工程(双语教学),,,425,
3632,上海视觉艺术学院,,文化产业管理,,,453,
0271,上海外国语大学,,法语,,,632,
0271,上海外国语大学,,国际经济与贸易(日语),,,618,
3636,上海外国语大学贤达经济人文学院,,英语,,,451,
3636,上海外国语大学贤达经济人文学院,,国际经济与贸易,,,479,
3636,上海外国语大学贤达经济人文学院,,会计学,,,497,
3636,上海外国语大学贤达经济人文学院,,金融科技,,,433,
3636,上海外国语大学贤达经济人文学院,,新闻学(新媒体方向),,,436,
3636,上海外国语大学贤达经济人文学院,,大数据管理与应用,,,434,
0259,上海应用技术大学,,复合材料与工程,,,560,
0259,上海应用技术大学,,机械类(机械设计制造及其自动化、过程装备与控制工程、智能制造工程),,,573,
0259,上海应用技术大学,,电气工程及其自动化(卓越工程师计划试点班),,,581,
0259,上海应用技术大学,,集成电路设计与集成系统,,,577,
0259,上海应用技术大学,,软件工程(卓越工程师计划试点班),,,584,
0259,上海应用技术大学,,人工智能,,,579,
0259,上海应用技术大学,,大数据管理与应用,,,571,
0259,上海应用技术大学,,机械设计制造及其自动化(中外合作办学)(中美合作),,,557,
0259,上海应用技术大学,,电气工程及其自动化(中外合作办学)(中美合作),,,561,
1835,上海政法学院,,法学(卓越法律人才培养创新班),,,622,
1835,上海政法学院,,法学(刑事司法方向),,,610,
1835,上海政法学院,,法学(AI法学方向),,,607,
1835,上海政法学院,,电子商务及法律,,,573,
1835,上海政法学院,,劳动与社会保障,,,564,
2915,上海中侨职业技术大学,,数字媒体技术,,,412,
2915,上海中侨职业技术大学,,物联网工程技术,,,439,
2915,上海中侨职业技术大学,,大数据工程技术,,,423,
2915,上海中侨职业技术大学,,机器人技术,,,431,
2915,上海中侨职业技术大学,,智能制造工程技术,,,427,
2915,上海中侨职业技术大学,,建筑工程,,,421,
2915,上海中侨职业技术大学,,食品质量与安全,,,412,
2915,上海中侨职业技术大学,,食品营养与健康,,,420,
0416,上饶师范学院,,化学(师范类),,,504,
0416,上饶师范学院,,智慧农业,,,453,
0416,上饶师范学院,,地理科学(师范类),,,491,
0416,上饶师范学院,,数学与应用数学(师范类),,,507,
0416,上饶师范学院,,数据计算及应用,,,454,
0576,韶关学院,,机器人工程,,,468,
0576,韶关学院,,软件工程,,,474,
0547,邵阳学院,,大数据管理与应用,,,469,
0547,邵阳学院,,会计学,,,499,
0547,邵阳学院,,机械设计制造及其自动化,,,472,
0547,邵阳学院,,智能制造工程,,,463,
0547,邵阳学院,,能源与动力工程,,,465,
0547,邵阳学院,,制药工程,,,461,
0547,邵阳学院,,生物工程,,,457,
0547,邵阳学院,,电气工程及其自动化,,,503,
0547,邵阳学院,,自动化,,,478,
0547,邵阳学院,,通信工程,,,475,
0547,邵阳学院,,信息与计算科学,,,469,
0547,邵阳学院,,土木工程,,,452,
0547,邵阳学院,,临床医学,,,526,
0547,邵阳学院,,护理学,,,485,
0547,邵阳学院,,医学影像技术,,,499,
0547,邵阳学院,,医学检验技术,,,495,
0349,绍兴文理学院,,工程管理,,,496,
0590,深圳大学,,电子科学与技术,,,633,
0590,深圳大学,,通信工程,,,630,
0590,深圳大学,,信息管理与信息系统(创新班),,,624,
0590,深圳大学,,机械设计制造及其自动化,,,629,
0590,深圳大学,,计算机科学与技术,,,639,
0590,深圳大学,,人工智能(腾班),,,642,
0590,深圳大学,,建筑学,,,616,
0590,深圳大学,,信息与计算科学,,,632,
0590,深圳大学,,光电信息科学与工程,,,631,
0590,深圳大学,,生物医学工程,,,629,
0590,深圳大学,,临床医学,,,623,
0590,深圳大学,,临床医学(卓越班),,,646,
0590,深圳大学,,口腔医学,,,633,
0590,深圳大学,,金融科技(中外合作办学),,,591,
0590,深圳大学,,电子商务(中外合作办学),,,588,
0590,深圳大学,,计算机科学与技术(IEEE荣誉班),,,641,
4655,深圳技术大学,,机械设计制造及其自动化,,,598,
4655,深圳技术大学,,物联网工程,,,601,
4655,深圳技术大学,,光源与照明,,,594,
4655,深圳技术大学,,交通运输,,,590,
4655,深圳技术大学,,生物制药,,,587,
4655,深圳技术大学,,工业设计,,,592,
3208,沈阳城市建设学院,,建筑学,,,384,
3208,沈阳城市建设学院,,城乡规划,,,389,
3208,沈阳城市建设学院,,风景园林,,,398,
3208,沈阳城市建设学院,,土木工程,,,375,
3208,沈阳城市建设学院,,道路桥梁与渡河工程,,,384,
3208,沈阳城市建设学院,,测绘工程,,,379,
3208,沈阳城市建设学院,,安全工程,,,382,
3208,沈阳城市建设学院,,智能建造,,,378,
3208,沈阳城市建设学院,,建筑环境与能源应用工程,,,378,
3208,沈阳城市建设学院,,给排水科学与工程,,,380,
3208,沈阳城市建设学院,,电气工程及其自动化,,,427,
3208,沈阳城市建设学院,,通信工程,,,408,
3208,沈阳城市建设学院,,自动化,,,408,
3208,沈阳城市建设学院,,计算机科学与技术,,,417,
3208,沈阳城市建设学院,,数据科学与大数据技术,,,403,
3208,沈阳城市建设学院,,机械设计制造及其自动化,,,398,
3208,沈阳城市建设学院,,机械电子工程,,,393,
3208,沈阳城市建设学院,,交通运输,,,386,
3208,沈阳城市建设学院,,物流工程,,,389,
3208,沈阳城市建设学院,,智能制造工程,,,387,
3208,沈阳城市建设学院,,工程管理,,,387,
3208,沈阳城市建设学院,,会计学,,,429,
3208,沈阳城市建设学院,,工程造价,,,390,
3208,沈阳城市建设学院,,互联网金融,,,387,
3208,沈阳城市建设学院,,时尚传播,,,383,
3220,沈阳城市学院,,金融学,,,404,
3220,沈阳城市学院,,国际经济与贸易,,,399,
3220,沈阳城市学院,,法学,,,442,
3220,沈阳城市学院,,汉语言文学,,,434,
3220,沈阳城市学院,,汉语国际教育,,,414,
3220,沈阳城市学院,,英语,,,401,
3220,沈阳城市学院,,新闻学,,,392,
3220,沈阳城市学院,,广告学,,,393,
3220,沈阳城市学院,,传播学,,,391,
3220,沈阳城市学院,,网络与新媒体,,,402,
3220,沈阳城市学院,,应用心理学,,,401,
3220,沈阳城市学院,,人工智能,,,403,
3220,沈阳城市学院,,机器人工程,,,400,
3220,沈阳城市学院,,计算机科学与技术,,,420,
3220,沈阳城市学院,,智能科学与技术,,,397,
3220,沈阳城市学院,,数据科学与大数据技术,,,412,
3220,沈阳城市学院,,电影制作,,,398,
3220,沈阳城市学院,,虚拟现实技术,,,402,
3220,沈阳城市学院,,土木工程,,,384,
3220,沈阳城市学院,,建筑环境与能源应用工程,,,397,
3220,沈阳城市学院,,建筑电气与智能化,,,409,
3220,沈阳城市学院,,建筑学,,,399,
3220,沈阳城市学院,,医学检验技术,,,414,
3220,沈阳城市学院,,医学影像技术,,,415,
3220,沈阳城市学院,,智能医学工程,,,402,
3220,沈阳城市学院,,工程造价,,,391,
3220,沈阳城市学院,,大数据管理与应用,,,397,
3220,沈阳城市学院,,工商管理,,,396,
3220,沈阳城市学院,,会计学,,,421,
3220,沈阳城市学院,,财务管理,,,411,
3220,沈阳城市学院,,人力资源管理,,,398,
3220,沈阳城市学院,,健康服务与管理,,,401,
3220,沈阳城市学院,,旅游管理,,,395,
3220,沈阳城市学院,,酒店管理,,,394,
1035,沈阳大学,,广播电视编导,,,499,
1035,沈阳大学,,汉语言文学,,,540,
1035,沈阳大学,,法学,,,551,
1035,沈阳大学,,国际经济与贸易,,,500,
1035,沈阳大学,,经济学,,,507,
1035,沈阳大学,,经济统计学,,,506,
1035,沈阳大学,,机械设计制造及其自动化,,,499,
1035,沈阳大学,,材料成型及控制工程,,,496,
1035,沈阳大学,,工业工程,,,499,
1035,沈阳大学,,通信工程,,,503,
1035,沈阳大学,,人工智能,,,500,
1035,沈阳大学,,自动化,,,502,
1035,沈阳大学,,物联网工程,,,503,
1035,沈阳大学,,电子信息工程,,,508,
1035,沈阳大学,,机器人工程,,,498,
1035,沈阳大学,,数据科学与大数据技术,,,524,
1035,沈阳大学,,大数据管理与应用,,,513,
1035,沈阳大学,,土木工程,,,473,
1035,沈阳大学,,建筑环境与能源应用工程,,,490,
1035,沈阳大学,,建筑学,,,492,
1035,沈阳大学,,生物工程,,,486,
1035,沈阳大学,,园林,,,496,
1035,沈阳大学,,金融学,,,512,
1035,沈阳大学,,社会工作,,,493,
1035,沈阳大学,,工商管理,,,502,
1035,沈阳大学,,会计学,,,536,
1035,沈阳大学,,财务管理,,,527,
1035,沈阳大学,,英语,,,504,
1035,沈阳大学,,汉语言文学(师范类),,,550,
1035,沈阳大学,,生物科学(师范类),,,517,
1035,沈阳大学,,数学与应用数学(师范类),,,544,
1035,沈阳大学,,物理学(师范类),,,531,
1035,沈阳大学,,化学(师范类),,,530,
1035,沈阳大学,,地理科学(师范类),,,523,
1035,沈阳大学,,学前教育(师范类),,,499,
1035,沈阳大学,,小学教育(师范类),,,518,
1035,沈阳大学,,英语(师范类),,,536,
1035,沈阳大学,,自动化(中外合作办学),,,450,
1035,沈阳大学,,工业工程(中外合作办学),,,441,
1632,沈阳工程学院,,电气工程及其自动化,,,601,
1632,沈阳工程学院,,电气工程与智能控制,,,594,
1632,沈阳工程学院,,智能电网信息工程,,,591,
1632,沈阳工程学院,,能源与动力工程,,,535,
1632,沈阳工程学院,,建筑环境与能源应用工程,,,478,
1632,沈阳工程学院,,核工程与核技术,,,521,
1632,沈阳工程学院,,能源与动力工程,,,480,
1632,沈阳工程学院,,自动化,,,546,
1632,沈阳工程学院,,电子信息工程,,,524,
1632,沈阳工程学院,,通信工程,,,520,
1632,沈阳工程学院,,机器人工程,,,498,
1632,沈阳工程学院,,人工智能,,,507,
1632,沈阳工程学院,,机械设计制造及其自动化,,,523,
1632,沈阳工程学院,,过程装备与控制工程,,,500,
1632,沈阳工程学院,,智能制造工程,,,499,
1632,沈阳工程学院,,机械设计制造及其自动化,,,463,
1632,沈阳工程学院,,计算机科学与技术,,,537,
1632,沈阳工程学院,,物联网工程,,,508,
1632,沈阳工程学院,,数字媒体技术,,,511,
1632,沈阳工程学院,,数据科学与大数据技术,,,517,
1632,沈阳工程学院,,网络空间安全,,,501,
1632,沈阳工程学院,,软件工程,,,467,
1632,沈阳工程学院,,新能源科学与工程,,,502,
1632,沈阳工程学院,,新能源材料与器件,,,494,
1632,沈阳工程学院,,应用化学,,,476,
1632,沈阳工程学院,,储能科学与工程,,,497,
1632,沈阳工程学院,,物流管理,,,486,
1632,沈阳工程学院,,工业工程,,,489,
1632,沈阳工程学院,,工程管理,,,477,
1632,沈阳工程学院,,财务管理,,,517,
1632,沈阳工程学院,,物业管理,,,471,
1632,沈阳工程学院,,保险学,,,494,
1632,沈阳工程学院,,法学,,,543,
1632,沈阳工程学院,,社会工作,,,485,
1632,沈阳工程学院,,能源经济,,,487,
1632,沈阳工程学院,,电气工程及其自动化(中外合作办学),,,572,
1632,沈阳工程学院,,电气工程及其自动化(辽宁省高校专项计划),,,597,
1632,沈阳工程学院,,能源与动力工程(辽宁省高校专项计划),,,542,
3201,沈阳工学院,,机械设计制造及其自动化,,,414,
3201,沈阳工学院,,材料成型及控制工程,,,393,
3201,沈阳工学院,,机械电子工程,,,395,
3201,沈阳工学院,,车辆工程,,,395,
3201,沈阳工学院,,新能源汽车工程,,,404,
3201,沈阳工学院,,智能制造工程,,,404,
3201,沈阳工学院,,机器人工程,,,398,
3201,沈阳工学院,,会计学,,,433,
3201,沈阳工学院,,金融学,,,399,
3201,沈阳工学院,,市场营销,,,394,
3201,沈阳工学院,,工商管理,,,404,
3201,沈阳工学院,,人力资源管理,,,412,
3201,沈阳工学院,,物流管理,,,407,
3201,沈阳工学院,,金融科技,,,393,
3201,沈阳工学院,,大数据管理与应用,,,415,
3201,沈阳工学院,,电气工程及其自动化,,,431,
3201,沈阳工学院,,电子信息类(电子信息工程、通信工程),,,403,
3201,沈阳工学院,,计算机类(计算机科学与技术、软件工程),,,410,
3201,沈阳工学院,,人工智能,,,403,
3201,沈阳工学院,,自动化,,,411,
3201,沈阳工学院,,时尚传播,,,396,
3201,沈阳工学院,,风景园林,,,398,
3201,沈阳工学院,,网络与新媒体,,,428,
3201,沈阳工学院,,安全工程,,,391,
3201,沈阳工学院,,兵器类(弹药工程与爆炸技术、特种能源技术与工程),,,415,
3201,沈阳工学院,,测绘工程,,,392,
3201,沈阳工学院,,道路桥梁与渡河工程,,,391,
3201,沈阳工学院,,水利水电工程,,,393,
3201,沈阳工学院,,动物医学,,,427,
3201,沈阳工学院,,生物工程,,,390,
3201,沈阳工学院,,园林,,,396,
3201,沈阳工学院,,动植物检疫,,,418,
3201,沈阳工学院,,园艺,,,394,
3201,沈阳工学院,,食品质量与安全,,,402,
3201,沈阳工学院,,学前教育,,,421,
0142,沈阳工业大学,,机械设计制造及其自动化,,,567,
0142,沈阳工业大学,,车辆工程,,,558,
0142,沈阳工业大学,,工业工程,,,544,
0142,沈阳工业大学,,工业设计,,,538,
0142,沈阳工业大学,,机器人工程,,,557,
0142,沈阳工业大学,,智能制造工程,,,555,
0142,沈阳工业大学,,材料成型及控制工程,,,522,
0142,沈阳工业大学,,金属材料工程,,,517,
0142,沈阳工业大学,,焊接技术与工程,,,527,
0142,沈阳工业大学,,功能材料,,,509,
0142,沈阳工业大学,,电气工程及其自动化,,,596,
0142,沈阳工业大学,,自动化,,,575,
0142,沈阳工业大学,,生物医学工程,,,533,
0142,沈阳工业大学,,新能源科学与工程,,,553,
0142,沈阳工业大学,,测控技术与仪器,,,555,
0142,沈阳工业大学,,电子信息工程,,,571,
0142,沈阳工业大学,,电子科学与技术,,,564,
0142,沈阳工业大学,,通信工程,,,570,
0142,沈阳工业大学,,计算机科学与技术,,,580,
0142,沈阳工业大学,,智能科学与技术,,,561,
0142,沈阳工业大学,,工业智能,,,549,
0142,沈阳工业大学,,数学与应用数学,,,535,
0142,沈阳工业大学,,应用物理学,,,509,
0142,沈阳工业大学,,信息与计算科学,,,548,
0142,沈阳工业大学,,环境工程,,,498,
0142,沈阳工业大学,,能源化学工程,,,524,
0142,沈阳工业大学,,建筑学,,,513,
0142,沈阳工业大学,,土木工程,,,475,
0142,沈阳工业大学,,建筑环境与能源应用工程,,,499,
0142,沈阳工业大学,,智能建造,,,516,
0142,沈阳工业大学,,国际经济与贸易,,,511,
0142,沈阳工业大学,,金融学,,,537,
0142,沈阳工业大学,,金融工程,,,510,
0142,沈阳工业大学,,工程管理,,,506,
0142,沈阳工业大学,,工商管理,,,515,
0142,沈阳工业大学,,会计学,,,565,
0142,沈阳工业大学,,物流管理,,,516,
0142,沈阳工业大学,,英语,,,524,
0142,沈阳工业大学,,日语,,,499,
0142,沈阳工业大学,,软件工程,,,535,
0142,沈阳工业大学,,数据科学与大数据技术,,,544,
0142,沈阳工业大学,,物联网工程,,,533,
0142,沈阳工业大学,,法学,,,559,
0142,沈阳工业大学,,广告学,,,526,
0142,沈阳工业大学,,通信工程(中外合作办学),,,459,
0142,沈阳工业大学,,机械设计制造及其自动化(辽宁省高校专项计划),,,565,
0142,沈阳工业大学,,材料成型及控制工程(辽宁省高校专项计划),,,509,
0142,沈阳工业大学,,电气工程及其自动化(辽宁省高校专项计划),,,594,
0142,沈阳工业大学,,自动化(辽宁省高校专项计划),,,567,
0142,沈阳工业大学,,测控技术与仪器(辽宁省高校专项计划),,,546,
0142,沈阳工业大学,,电子信息工程(辽宁省高校专项计划),,,564,
0142,沈阳工业大学,,计算机科学与技术(辽宁省高校专项计划),,,575,
0142,沈阳工业大学,,高分子材料与工程,,,460,
0142,沈阳工业大学,,化学工程与工艺,,,462,
0142,沈阳工业大学,,应用化学,,,460,
0142,沈阳工业大学,,资源循环科学与工程,,,461,
0142,沈阳工业大学,,过程装备与控制工程,,,461,
0142,沈阳工业大学,,油气储运工程,,,464,
0142,沈阳工业大学,,环保设备工程,,,460,
0142,沈阳工业大学,,能源与动力工程,,,479,
0142,沈阳工业大学,,电子与计算机工程,,,493,
0142,沈阳工业大学,,建筑电气与智能化,,,473,
0142,沈阳工业大学,,电气工程与智能控制,,,506,
0142,沈阳工业大学,,电子商务,,,469,
0142,沈阳工业大学,,互联网金融,,,474,
0142,沈阳工业大学,,知识产权,,,502,
0142,沈阳工业大学,,物流工程,,,468,
0143,沈阳航空航天大学,,计算机科学与技术,,,586,
0143,沈阳航空航天大学,,软件工程,,,583,
0143,沈阳航空航天大学,,网络工程,,,567,
0143,沈阳航空航天大学,,电子信息工程,,,576,
0143,沈阳航空航天大学,,通信工程,,,575,
0143,沈阳航空航天大学,,航空航天工程,,,573,
0143,沈阳航空航天大学,,飞行器设计与工程,,,593,
0143,沈阳航空航天大学,,飞行器制造工程,,,575,
0143,沈阳航空航天大学,,能源与动力工程,,,560,
0143,沈阳航空航天大学,,飞行器动力工程,,,586,
0143,沈阳航空航天大学,,飞行器适航技术,,,570,
0143,沈阳航空航天大学,,安全工程,,,543,
0143,沈阳航空航天大学,,消防工程,,,528,
0143,沈阳航空航天大学,,机械电子工程,,,566,
0143,沈阳航空航天大学,,智能制造工程,,,553,
0143,沈阳航空航天大学,,机械设计制造及其自动化,,,562,
0143,沈阳航空航天大学,,测控技术与仪器,,,552,
0143,沈阳航空航天大学,,探测制导与控制技术,,,558,
0143,沈阳航空航天大学,,自动化,,,571,
0143,沈阳航空航天大学,,金融学,,,540,
0143,沈阳航空航天大学,,人力资源管理,,,534,
0143,沈阳航空航天大学,,国际经济与贸易,,,525,
0143,沈阳航空航天大学,,物流管理,,,524,
0143,沈阳航空航天大学,,工业设计,,,551,
0143,沈阳航空航天大学,,材料成型及控制工程,,,545,
0143,沈阳航空航天大学,,金属材料工程,,,524,
0143,沈阳航空航天大学,,复合材料与工程,,,529,
0143,沈阳航空航天大学,,能源与环境系统工程,,,541,
0143,沈阳航空航天大学,,新能源科学与工程,,,556,
0143,沈阳航空航天大学,,环境工程,,,518,
0143,沈阳航空航天大学,,交通运输,,,537,
0143,沈阳航空航天大学,,飞行器质量与可靠性,,,557,
0143,沈阳航空航天大学,,人工智能,,,567,
0143,沈阳航空航天大学,,机器人工程,,,557,
0143,沈阳航空航天大学,,数据科学与大数据技术,,,565,
0143,沈阳航空航天大学,,自动化(中外合作办学),,,483,
0143,沈阳航空航天大学,,飞行器设计与工程(中外合作办学),,,481,
0143,沈阳航空航天大学,,飞行器制造工程(中外合作办学),,,473,
0143,沈阳航空航天大学,,飞行器动力工程(中外合作办学),,,485,
0143,沈阳航空航天大学,,航空智能制造技术,,,545,
0143,沈阳航空航天大学,,航空机电设备维修技术,,,541,
0143,沈阳航空航天大学,,计算机科学与技术(辽宁省高校专项计划),,,579,
0143,沈阳航空航天大学,,飞行器制造工程(辽宁省高校专项计划),,,565,
0143,沈阳航空航天大学,,机械设计制造及其自动化(辽宁省高校专项计划),,,555,
0149,沈阳化工大学,,化学工程与工艺,,,496,
0149,沈阳化工大学,,化学工程与工艺(卓越工程师班),,,511,
0149,沈阳化工大学,,化学工程与工艺(菱镁产业学院),,,507,
0149,沈阳化工大学,,应用化学,,,477,
0149,沈阳化工大学,,能源化学工程,,,482,
0149,沈阳化工大学,,制药工程,,,491,
0149,沈阳化工大学,,高分子材料与工程(辽宁省高校专项计划),,,474,
0149,沈阳化工大学,,过程装备与控制工程(辽宁省高校专项计划),,,490,
0149,沈阳化工大学,,材料化学,,,477,
0149,沈阳化工大学,,无机非金属材料工程,,,479,
0149,沈阳化工大学,,高分子材料与工程,,,477,
0149,沈阳化工大学,,高分子材料与工程(卓越工程师班),,,500,
0149,沈阳化工大学,,新能源材料与器件,,,494,
0149,沈阳化工大学,,过程装备与控制工程,,,488,
0149,沈阳化工大学,,过程装备与控制工程(菱镁产业学院),,,500,
0149,沈阳化工大学,,机械设计制造及其自动化,,,508,
0149,沈阳化工大学,,能源与动力工程,,,506,
0149,沈阳化工大学,,油气储运工程,,,490,
0149,沈阳化工大学,,能源与动力工程(中外合作办学),,,455,
0149,沈阳化工大学,,电气工程及其自动化,,,536,
0149,沈阳化工大学,,电子信息工程,,,513,
0149,沈阳化工大学,,电子科学与技术,,,507,
0149,沈阳化工大学,,测控技术与仪器,,,495,
0149,沈阳化工大学,,自动化,,,515,
0149,沈阳化工大学,,人工智能,,,512,
0149,沈阳化工大学,,计算机科学与技术,,,533,
0149,沈阳化工大学,,软件工程,,,528,
0149,沈阳化工大学,,网络工程,,,516,
0149,沈阳化工大学,,数据科学与大数据技术,,,523,
0149,沈阳化工大学,,环境工程,,,473,
0149,沈阳化工大学,,安全工程,,,478,
0149,沈阳化工大学,,生物工程,,,475,
0149,沈阳化工大学,,化学,,,479,
0149,沈阳化工大学,,金融学,,,499,
0149,沈阳化工大学,,国际经济与贸易,,,495,
0149,沈阳化工大学,,工程管理,,,483,
0149,沈阳化工大学,,应急管理,,,479,
0149,沈阳化工大学,,会计学,,,526,
0149,沈阳化工大学,,社会工作,,,491,
0149,沈阳化工大学,,英语,,,500,
0149,沈阳化工大学,,国际经济与贸易(对俄贸易方向),,,497,
0153,沈阳建筑大学,,信息与计算科学,,,537,
0153,沈阳建筑大学,,机械工程,,,520,
0153,沈阳建筑大学,,机械设计制造及其自动化,,,546,
0153,沈阳建筑大学,,机械电子工程,,,530,
0153,沈阳建筑大学,,智能制造工程,,,531,
0153,沈阳建筑大学,,无机非金属材料工程,,,478,
0153,沈阳建筑大学,,高分子材料与工程,,,491,
0153,沈阳建筑大学,,功能材料,,,497,
0153,沈阳建筑大学,,新能源材料与器件,,,510,
0153,沈阳建筑大学,,电气工程及其自动化,,,560,
0153,沈阳建筑大学,,通信工程,,,549,
0153,沈阳建筑大学,,人工智能,,,548,
0153,沈阳建筑大学,,自动化,,,550,
0153,沈阳建筑大学,,计算机科学与技术,,,565,
0153,沈阳建筑大学,,数据科学与大数据技术,,,550,
0153,沈阳建筑大学,,土木工程,,,455,
0153,沈阳建筑大学,,建筑环境与能源应用工程,,,476,
0153,沈阳建筑大学,,给排水科学与工程,,,486,
0153,沈阳建筑大学,,建筑电气与智能化,,,526,
0153,沈阳建筑大学,,道路桥梁与渡河工程,,,491,
0153,沈阳建筑大学,,智能建造,,,520,
0153,沈阳建筑大学,,测绘工程,,,480,
0153,沈阳建筑大学,,交通工程,,,519,
0153,沈阳建筑大学,,家具设计与工程,,,474,
0153,沈阳建筑大学,,环境工程,,,471,
0153,沈阳建筑大学,,建筑学,,,516,
0153,沈阳建筑大学,,城乡规划,,,479,
0153,沈阳建筑大学,,风景园林,,,481,
0153,沈阳建筑大学,,安全工程,,,497,
0153,沈阳建筑大学,,工程管理,,,498,
0153,沈阳建筑大学,,房地产开发与管理,,,473,
0153,沈阳建筑大学,,工程造价,,,530,
0153,沈阳建筑大学,,应急管理,,,489,
0153,沈阳建筑大学,,会计学,,,561,
0153,沈阳建筑大学,,城市管理,,,493,
0153,沈阳建筑大学,,电气工程及其自动化(国际本科学术互认课程),,,494,
0153,沈阳建筑大学,,工程管理(国际本科学术互认课程),,,470,
0153,沈阳建筑大学,,道路桥梁与渡河工程(国际本科学术互认课程),,,449,
0153,沈阳建筑大学,,土地资源管理,,,493,
0153,沈阳建筑大学,,计算机科学与技术(中外合作办学),,,462,
0153,沈阳建筑大学,,数据科学与大数据技术(中外合作办学),,,452,
0153,沈阳建筑大学,,工程造价(中外合作办学),,,441,
0153,沈阳建筑大学,,机械工程(辽宁省高校专项计划),,,525,
0153,沈阳建筑大学,,机械设计制造及其自动化(辽宁省高校专项计划),,,544,
0153,沈阳建筑大学,,无机非金属材料工程(辽宁省高校专项计划),,,485,
0153,沈阳建筑大学,,电气工程及其自动化(辽宁省高校专项计划),,,558,
0153,沈阳建筑大学,,土木工程(辽宁省高校专项计划),,,427,
0153,沈阳建筑大学,,建筑环境与能源应用工程(辽宁省高校专项计划),,,477,
0153,沈阳建筑大学,,给排水科学与工程(辽宁省高校专项计划),,,486,
0153,沈阳建筑大学,,道路桥梁与渡河工程(辽宁省高校专项计划),,,482,
0153,沈阳建筑大学,,工程管理(辽宁省高校专项计划),,,494,
3621,沈阳科技学院,,化学工程与工艺,,,401,
3621,沈阳科技学院,,制药工程,,,394,
3621,沈阳科技学院,,应用化学,,,401,
3621,沈阳科技学院,,机械设计制造及其自动化,,,397,
3621,沈阳科技学院,,工业设计,,,390,
3621,沈阳科技学院,,机器人工程,,,394,
3621,沈阳科技学院,,智能制造工程,,,393,
3621,沈阳科技学院,,电气工程及其自动化,,,413,
3621,沈阳科技学院,,计算机科学与技术,,,404,
3621,沈阳科技学院,,智能科学与技术,,,397,
3621,沈阳科技学院,,物联网工程,,,405,
3621,沈阳科技学院,,人工智能,,,405,
3621,沈阳科技学院,,环境工程,,,391,
3621,沈阳科技学院,,生物工程,,,389,
3621,沈阳科技学院,,金融学,,,393,
3621,沈阳科技学院,,互联网金融,,,394,
3621,沈阳科技学院,,数字经济,,,393,
3621,沈阳科技学院,,工商管理,,,397,
3621,沈阳科技学院,,会计学,,,418,
3621,沈阳科技学院,,资产评估,,,395,
3621,沈阳科技学院,,网络与新媒体,,,404,
0144,沈阳理工大学,,金融学,,,531,
0144,沈阳理工大学,,英语,,,519,
0144,沈阳理工大学,,俄语,,,494,
0144,沈阳理工大学,,信息与计算科学,,,520,
0144,沈阳理工大学,,应用化学,,,497,
0144,沈阳理工大学,,机械设计制造及其自动化,,,533,
0144,沈阳理工大学,,材料成型及控制工程,,,494,
0144,沈阳理工大学,,机械电子工程,,,525,
0144,沈阳理工大学,,工业设计,,,521,
0144,沈阳理工大学,,车辆工程,,,527,
0144,沈阳理工大学,,智能制造工程,,,530,
0144,沈阳理工大学,,智能车辆工程,,,529,
0144,沈阳理工大学,,测控技术与仪器,,,517,
0144,沈阳理工大学,,金属材料工程,,,491,
0144,沈阳理工大学,,无机非金属材料工程,,,476,
0144,沈阳理工大学,,粉体材料科学与工程,,,475,
0144,沈阳理工大学,,电气工程及其自动化,,,566,
0144,沈阳理工大学,,电子信息工程,,,550,
0144,沈阳理工大学,,电子科学与技术,,,535,
0144,沈阳理工大学,,通信工程,,,537,
0144,沈阳理工大学,,光电信息科学与工程,,,518,
0144,沈阳理工大学,,自动化,,,534,
0144,沈阳理工大学,,机器人工程,,,540,
0144,沈阳理工大学,,计算机科学与技术,,,551,
0144,沈阳理工大学,,网络工程,,,542,
0144,沈阳理工大学,,智能科学与技术,,,544,
0144,沈阳理工大学,,虚拟现实技术,,,531,
0144,沈阳理工大学,,化学工程与工艺,,,497,
0144,沈阳理工大学,,武器发射工程,,,521,
0144,沈阳理工大学,,探测制导与控制技术,,,549,
0144,沈阳理工大学,,弹药工程与爆炸技术,,,525,
0144,沈阳理工大学,,特种能源技术与工程,,,512,
0144,沈阳理工大学,,装甲车辆工程,,,530,
0144,沈阳理工大学,,信息对抗技术,,,539,
0144,沈阳理工大学,,智能无人系统技术,,,530,
0144,沈阳理工大学,,环境工程,,,476,
0144,沈阳理工大学,,安全工程,,,490,
0144,沈阳理工大学,,信息管理与信息系统,,,513,
0144,沈阳理工大学,,工商管理,,,508,
0144,沈阳理工大学,,会计学,,,551,
0144,沈阳理工大学,,化学工程与工艺(中外合作办学),,,441,
0144,沈阳理工大学,,机械设计制造及其自动化(中外合作办学),,,450,
0144,沈阳理工大学,,计算机科学与技术(中外合作办学),,,475,
0144,沈阳理工大学,,测控技术与仪器(中外合作办学),,,448,
0144,沈阳理工大学,,金属材料工程(中外合作办学),,,444,
0144,沈阳理工大学,,机械设计制造及其自动化(辽宁省高校专项计划),,,531,
0144,沈阳理工大学,,材料成型及控制工程(辽宁省高校专项计划),,,484,
0157,沈阳农业大学,,金融学,,,519,
0157,沈阳农业大学,,应用化学,,,490,
0157,沈阳农业大学,,大气科学,,,558,
0157,沈阳农业大学,,应用气象学,,,550,
0157,沈阳农业大学,,生物科学,,,495,
0157,沈阳农业大学,,生物技术,,,490,
0157,沈阳农业大学,,生态学,,,523,
0157,沈阳农业大学,,机械设计制造及其自动化,,,521,
0157,沈阳农业大学,,电气工程及其自动化,,,584,
0157,沈阳农业大学,,电子信息工程,,,542,
0157,沈阳农业大学,,计算机科学与技术,,,553,
0157,沈阳农业大学,,土木工程,,,476,
0157,沈阳农业大学,,水利水电工程,,,514,
0157,沈阳农业大学,,测绘工程,,,511,
0157,沈阳农业大学,,包装工程,,,496,
0157,沈阳农业大学,,农业机械化及其自动化,,,506,
0157,沈阳农业大学,,农业建筑环境与能源工程,,,489,
0157,沈阳农业大学,,农业水利工程,,,499,
0157,沈阳农业大学,,土地整治工程,,,499,
0157,沈阳农业大学,,环境科学,,,490,
0157,沈阳农业大学,,食品科学与工程,,,519,
0157,沈阳农业大学,,食品质量与安全,,,514,
0157,沈阳农业大学,,风景园林,,,506,
0157,沈阳农业大学,,农学,,,528,
0157,沈阳农业大学,,农学(卓越计划实验班),,,555,
0157,沈阳农业大学,,园艺,,,516,
0157,沈阳农业大学,,园艺(卓越计划实验班),,,553,
0157,沈阳农业大学,,植物保护,,,507,
0157,沈阳农业大学,,种子科学与工程,,,526,
0157,沈阳农业大学,,设施农业科学与工程,,,498,
0157,沈阳农业大学,,农业资源与环境,,,500,
0157,沈阳农业大学,,水土保持与荒漠化防治,,,508,
0157,沈阳农业大学,,动物科学,,,513,
0157,沈阳农业大学,,动物医学,,,531,
0157,沈阳农业大学,,动物药学,,,529,
0157,沈阳农业大学,,林学,,,503,
0157,沈阳农业大学,,园林,,,511,
0157,沈阳农业大学,,水产养殖学,,,505,
0157,沈阳农业大学,,草业科学,,,506,
0157,沈阳农业大学,,中草药栽培与鉴定,,,511,
0157,沈阳农业大学,,市场营销,,,500,
0157,沈阳农业大学,,会计学,,,548,
0157,沈阳农业大学,,农林经济管理,,,520,
0157,沈阳农业大学,,土地资源管理,,,513,
0157,沈阳农业大学,,旅游管理,,,499,
0157,沈阳农业大学,,电气工程及其自动化(中外合作办学),,,555,
0157,沈阳农业大学,,农学(辽宁省高校专项计划),,,507,
0157,沈阳农业大学,,园艺(辽宁省高校专项计划),,,478,
0157,沈阳农业大学,,植物保护(辽宁省高校专项计划),,,482,
0157,沈阳农业大学,,农业资源与环境(辽宁省高校专项计划),,,477,
0157,沈阳农业大学,,动物科学(辽宁省高校专项计划),,,475,
0157,沈阳农业大学,,动物医学(辽宁省高校专项计划),,,519,
0157,沈阳农业大学,,林学(辽宁省高校专项计划),,,494,
0166,沈阳师范大学,,教育学(师范类),,,545,
0166,沈阳师范大学,,应用心理学(师范类),,,528,
0166,沈阳师范大学,,汉语言文学(师范类),,,577,
0166,沈阳师范大学,,汉语国际教育(师范类),,,548,
0166,沈阳师范大学,,新闻学,,,511,
0166,沈阳师范大学,,英语(师范类),,,567,
0166,沈阳师范大学,,英语,,,557,
0166,沈阳师范大学,,翻译,,,509,
0166,沈阳师范大学,,法语,,,490,
0166,沈阳师范大学,,日语,,,491,
0166,沈阳师范大学,,俄语,,,520,
0166,沈阳师范大学,,数学与应用数学(师范类),,,573,
0166,沈阳师范大学,,物理学(师范类),,,563,
0166,沈阳师范大学,,电子信息工程,,,551,
0166,沈阳师范大学,,化学(师范类),,,553,
0166,沈阳师范大学,,计算机科学与技术(师范类),,,544,
0166,沈阳师范大学,,生物科学(师范类),,,545,
0166,沈阳师范大学,,环境生态工程,,,479,
0166,沈阳师范大学,,教育技术学(师范类),,,502,
0166,沈阳师范大学,,网络与新媒体,,,536,
0166,沈阳师范大学,,思想政治教育(师范类),,,580,
0166,沈阳师范大学,,行政管理,,,510,
0166,沈阳师范大学,,劳动与社会保障,,,508,
0166,沈阳师范大学,,旅游管理,,,485,
0166,沈阳师范大学,,酒店管理,,,482,
0166,沈阳师范大学,,物流管理,,,480,
0166,沈阳师范大学,,计算机科学与技术,,,514,
0166,沈阳师范大学,,软件工程,,,520,
0166,沈阳师范大学,,网络工程,,,510,
0166,沈阳师范大学,,法学,,,565,
0166,沈阳师范大学,,社会学,,,502,
0166,沈阳师范大学,,社会工作,,,504,
0166,沈阳师范大学,,学前教育(师范类),,,508,
0166,沈阳师范大学,,小学教育(师范类),,,556,
0166,沈阳师范大学,,粮食工程,,,485,
0166,沈阳师范大学,,食品科学与工程,,,524,
0166,沈阳师范大学,,古生物学,,,491,
0166,沈阳师范大学,,德语,,,484,
0166,沈阳师范大学,,数据科学与大数据技术,,,543,
0166,沈阳师范大学,,能源化学工程,,,488,
0166,沈阳师范大学,,国际经济与贸易,,,495,
0166,沈阳师范大学,,金融学,,,495,
0166,沈阳师范大学,,市场营销,,,474,
0166,沈阳师范大学,,翻译(中外高水平大学学生交流计划),,,447,
0166,沈阳师范大学,,数学与应用数学(师范类)(辽宁省高校专项计划),,,575,
0166,沈阳师范大学,,计算机科学与技术(中外合作办学),,,448,
0166,沈阳师范大学,,金融学(中外合作办学),,,464,
0166,沈阳师范大学,,国际经济与贸易(中外合作办学),,,449,
0166,沈阳师范大学,,市场营销(中外合作办学),,,447,
0166,沈阳师范大学,,法学(中外合作办学),,,521,
0176,沈阳体育学院,,运动人体科学,,,476,
0176,沈阳体育学院,,体育经济与管理,,,470,
0176,沈阳体育学院,,运动康复,,,501,
0176,沈阳体育学院,,应用心理学,,,485,
0176,沈阳体育学院,,新闻学,,,484,
0176,沈阳体育学院,,网络与新媒体,,,489,
0163,沈阳药科大学,,药学,,,556,
0163,沈阳药科大学,,药物制剂,,,545,
0163,沈阳药科大学,,药物分析,,,540,
0163,沈阳药科大学,,药学(英语强化班),,,595,
0163,沈阳药科大学,,药学(日语强化班),,,586,
0163,沈阳药科大学,,制药工程,,,536,
0163,沈阳药科大学,,应用化学,,,533,
0163,沈阳药科大学,,药物化学,,,530,
0163,沈阳药科大学,,中药学类(中药学、中药制药、中药资源与开发),,,521,
0163,沈阳药科大学,,中药学(日语强化班),,,520,
0163,沈阳药科大学,,生物制药,,,554,
0163,沈阳药科大学,,临床药学,,,546,
0163,沈阳药科大学,,生物制药(生命基地班),,,617,
0163,沈阳药科大学,,药事管理,,,527,
0163,沈阳药科大学,,药学(理科基地班),,,621,
0163,沈阳药科大学,,药物制剂(辽宁省高校专项计划),,,545,
0163,沈阳药科大学,,药物分析(辽宁省高校专项计划),,,539,
0163,沈阳药科大学,,制药工程(辽宁省高校专项计划),,,541,
0163,沈阳药科大学,,药物化学(辽宁省高校专项计划),,,535,
0163,沈阳药科大学,,中药学类(中药学、中药制药、中药资源与开发)(辽宁省高校专项计划),,,528,
0163,沈阳药科大学,,中药学(日语强化班)(辽宁省高校专项计划),,,573,
0163,沈阳药科大学,,生物制药(辽宁省高校专项计划),,,549,
0163,沈阳药科大学,,临床药学(辽宁省高校专项计划),,,544,
0164,沈阳医学院,,生物技术,,,471,
0164,沈阳医学院,,生物信息学,,,471,
0164,沈阳医学院,,应用心理学,,,484,
0164,沈阳医学院,,医学信息工程,,,483,
0164,沈阳医学院,,食品质量与安全,,,482,
0164,沈阳医学院,,临床医学,,,537,
0164,沈阳医学院,,麻醉学,,,548,
0164,沈阳医学院,,医学影像学,,,544,
0164,沈阳医学院,,精神医学,,,517,
0164,沈阳医学院,,口腔医学,,,567,
0164,沈阳医学院,,预防医学,,,503,
0164,沈阳医学院,,药学,,,518,
0164,沈阳医学院,,中药学,,,494,
0164,沈阳医学院,,医学检验技术,,,530,
0164,沈阳医学院,,康复治疗学,,,500,
0164,沈阳医学院,,卫生检验与检疫,,,490,
0164,沈阳医学院,,康复物理治疗,,,489,
0164,沈阳医学院,,康复作业治疗,,,481,
0164,沈阳医学院,,护理学,,,524,
0164,沈阳医学院,,助产学,,,511,
0164,沈阳医学院,,大数据管理与应用,,,487,
0164,沈阳医学院,,劳动与社会保障,,,471,
0164,沈阳医学院,,健康服务与管理,,,474,
0164,沈阳医学院,,养老服务管理,,,480,
0177,沈阳音乐学院,,艺术史论(三好校区音乐学系),,,541,
0177,沈阳音乐学院,,戏剧影视文学(长青校区戏剧影视学院),,,500,
0177,沈阳音乐学院,,广播电视编导(长青校区戏剧影视学院),,,518,
0759,石河子大学,,材料科学与工程,,,549,
0759,石河子大学,,应用化学,,,529,
0759,石河子大学,,机械设计制造及其自动化,,,563,
0759,石河子大学,,农业机械化及其自动化,,,551,
0759,石河子大学,,土木工程,,,517,
0759,石河子大学,,给排水科学与工程,,,540,
0759,石河子大学,,食品科学与工程类(食品科学与工程、食品质量与安全),,,526,
0759,石河子大学,,计算机类(计算机科学与技术、软件工程、数据科学与大数据技术、网络空间安全),,,569,
0759,石河子大学,,软件工程(NIIT班),,,560,
0759,石河子大学,,植物生产类(农学、园艺、植物保护、种子科学与工程、设施农业科学与工程),,,521,
0759,石河子大学,,农业资源与环境,,,522,
0759,石河子大学,,动物医学,,,550,
0759,石河子大学,,动物科学,,,525,
0759,石河子大学,,临床医学,,,581,
0759,石河子大学,,预防医学,,,536,
0759,石河子大学,,药学,,,543,
0759,石河子大学,,中药学,,,531,
0759,石河子大学,,生物科学类(生物科学、生物技术),,,532,
0759,石河子大学,,人文地理与城乡规划,,,519,
0759,石河子大学,,应用物理学,,,550,
0759,石河子大学,,工商管理类(财务管理、工商管理、人力资源管理、市场营销),,,539,
0759,石河子大学,,经济学类(金融学、经济学、国际经济与贸易),,,544,
0759,石河子大学,,会计学,,,568,
0759,石河子大学,,审计学,,,563,
0759,石河子大学,,应用心理学,,,535,
0759,石河子大学,,英语,,,525,
0759,石河子大学,,新能源科学与工程,,,565,
0107,石家庄铁道大学,,土木类(土木工程、测绘工程、城市地下空间工程、勘查技术与工程、智能建造),,,528,
0107,石家庄铁道大学,,建筑环境与能源应用工程,,,533,
0107,石家庄铁道大学,,工商管理类(会计学、财务管理、市场营销),,,534,
0107,石家庄铁道大学,,法学,,,574,
0107,石家庄铁道大学,,汉语言文学,,,567,
0107,石家庄铁道大学,,建筑学,,,527,
0107,石家庄铁道大学,,材料类(材料科学与工程、金属材料工程、无机非金属材料工程、功能材料、焊接技术与工程),,,528,
0107,石家庄铁道大学,,计算机类(计算机科学与技术、软件工程、网络工程、数字媒体技术),,,596,
0107,石家庄铁道大学,,安全科学与工程类(安全工程、应急技术与管理),,,544,
0107,石家庄铁道大学,,工程力学,,,550,
0107,石家庄铁道大学,,英语,,,543,
0107,石家庄铁道大学,,土木工程,,,576,
0107,石家庄铁道大学,,机械设计制造及其自动化,,,601,
0107,石家庄铁道大学,,电气工程及其自动化,,,616,
0107,石家庄铁道大学,,物流管理,,,543,
0107,石家庄铁道大学,,自动化,,,596,
0107,石家庄铁道大学,,轨道交通信号与控制,,,609,
0107,石家庄铁道大学,,电气工程及其自动化,,,611,
0107,石家庄铁道大学,,金融学,,,535,
0107,石家庄铁道大学,,国际经济与贸易,,,532,
0107,石家庄铁道大学,,铁道工程,,,576,
0107,石家庄铁道大学,,机械设计制造及其自动化,,,593,
0107,石家庄铁道大学,,机械电子工程,,,589,
0107,石家庄铁道大学,,车辆工程,,,586,
0107,石家庄铁道大学,,智能制造工程,,,585,
0107,石家庄铁道大学,,信息管理与信息系统,,,539,
0107,石家庄铁道大学,,工程管理,,,533,
0107,石家庄铁道大学,,交通工程,,,595,
0107,石家庄铁道大学,,交通运输,,,600,
0107,石家庄铁道大学,,智慧交通,,,592,
0107,石家庄铁道大学,,电子信息工程,,,594,
0107,石家庄铁道大学,,碳储科学与工程,,,547,
3593,石家庄铁道大学四方学院,,机械设计制造及其自动化,,,467,
3593,石家庄铁道大学四方学院,,电气工程及其自动化,,,488,
3593,石家庄铁道大学四方学院,,自动化,,,475,
3593,石家庄铁道大学四方学院,,土木工程,,,449,
3593,石家庄铁道大学四方学院,,工程管理,,,455,
3593,石家庄铁道大学四方学院,,工程造价,,,464,
0038,首都经济贸易大学,,工商管理类(劳经学院)(社会工作、劳动关系、劳动与社会保障),,,582,
0038,首都经济贸易大学,,外国语言文学类(商务英语、法语),,,567,
0038,首都经济贸易大学,,统计学(中外合作办学),,,580,
0028,首都师范大学,,数学类(数理实验班)(数学与应用数学、信息与计算科学、统计学),,,631,
0028,首都师范大学,,计算机科学与技术,,,621,
0028,首都师范大学,,人工智能,,,616,
0028,首都师范大学,,日语,,,594,
0028,首都师范大学,,大数据管理与应用,,,607,
0028,首都师范大学,,心理学(潘菽实验班),,,606,
0025,首都医科大学,,临床医学(阶平班),,,694,
0025,首都医科大学,,临床医学(5+3一体化),,,676,
0025,首都医科大学,,儿科学(5+3一体化),,,656,
0025,首都医科大学,,口腔医学(5+3一体化),,,678,
0025,首都医科大学,,临床医学,,,663,
0025,首都医科大学,,儿科学,,,638,
0025,首都医科大学,,口腔医学,,,671,
0025,首都医科大学,,基础医学,,,606,
0025,首都医科大学,,预防医学,,,620,
0025,首都医科大学,,中医学,,,617,
0025,首都医科大学,,药学,,,627,
0025,首都医科大学,,生物医学工程,,,627,
0025,首都医科大学,,康复物理治疗,,,603,
0025,首都医科大学,,康复作业治疗,,,601,
3669,四川传媒学院,,艺术管理,,,452,
3669,四川传媒学院,,电影学,,,471,
0610,四川大学,,数学类(含双学士学位)[数学与应用数学、信息与计算科学、统计学、数学与应用数学(数学经济学双学士学位)、数学与应用数学(数学与智能科技双学士学位)],,,664,
0610,四川大学,,物理学类(物理学、微电子科学与工程、核工程与核技术),,,657,
0610,四川大学,,化学类(化学、应用化学),,,645,
0610,四川大学,,生物科学类(含双学士学位)[生物科学、生态学、生物科学(计算生物学双学士学位)],,,652,
0610,四川大学,,电子信息类(电子信息工程、光电信息科学与工程、通信工程),,,664,
0610,四川大学,,高分子材料与工程,,,648,
0610,四川大学,,电气类(电气工程及其自动化、自动化),,,662,
0610,四川大学,,计算机类(含双学士学位)[计算机科学与技术、人工智能、计算机科学与技术(计算与金融双学士学位)、软件工程],,,666,
0610,四川大学,,工科试验班(绿色城市与智慧建造)(环境工程、土木工程、工程力学),,,641,
0610,四川大学,,工科试验班(绿色能源与智慧建造)(水利科学与工程、城市地下空间工程、能源与动力工程),,,643,
0610,四川大学,,工科试验班(先进化工与高端装备类)[化学工程与工艺、制药工程、生物工程、化学工程与工艺(互联化工交叉试验班)、过程装备与控制工程],,,649,
0610,四川大学,,生物医学工程类(生物医学工程、医学信息工程),,,658,
0610,四川大学,,网络空间安全(含双学士学位),,,663,
0610,四川大学,,医学试验班(医学基础与法医学)(基础医学、法医学),,,647,
0610,四川大学,,临床医学(五年制),,,664,
0610,四川大学,,临床医学(八年制),,,683,
0610,四川大学,,医学技术类(含双学士学位)[医学检验技术(含双学士学位)、康复治疗学(含双学士学位)、医学影像技术(含双学士学位)、眼视光学(含双学士学位)、口腔医学技术(含双学士学位)],,,641,
0610,四川大学,,口腔医学(五年制),,,673,
0610,四川大学,,口腔医学(八年制),,,685,
0610,四川大学,,公共卫生与预防医学类(预防医学、食品卫生与营养学、卫生检验与检疫),,,633,
0610,四川大学,,药学类(药学、临床药学),,,646,
0610,四川大学,,机械设计制造及其自动化(中外合作办学),,,638,
0610,四川大学,,工业工程(中外合作办学),,,631,
0610,四川大学,,计算机科学与技术(中外合作办学),,,651,
0610,四川大学,,电子信息工程(中外合作办学),,,646,
4039,四川大学锦江学院,,国际经济与贸易,,,450,
4039,四川大学锦江学院,,英语,,,459,
4039,四川大学锦江学院,,土木工程,,,441,
3816,四川工业科技学院,,电子信息类(电子信息工程、人工智能),,,449,
3816,四川工业科技学院,,计算机类(软件工程、数据科学与大数据技术),,,446,
3816,四川工业科技学院,,新能源汽车工程,,,444,
1552,四川旅游学院,,烹饪与营养教育,,,467,
1552,四川旅游学院,,建筑电气与智能化(中外合作办学),,,437,
0655,四川美术学院,,工业设计,,,557,
0626,四川农业大学,,农学,,,590,
0626,四川农业大学,,植物保护,,,579,
0626,四川农业大学,,中草药栽培与鉴定,,,561,
0626,四川农业大学,,动物科学,,,583,
0626,四川农业大学,,水产养殖学,,,555,
0626,四川农业大学,,林学,,,577,
0626,四川农业大学,,木材科学与工程,,,553,
0626,四川农业大学,,农业资源与环境,,,569,
0626,四川农业大学,,环境工程,,,562,
0626,四川农业大学,,财务管理,,,596,
0626,四川农业大学,,风景园林,,,568,
0626,四川农业大学,,草坪科学与工程,,,553,
0626,四川农业大学,,人力资源管理,,,555,
0626,四川农业大学,,土地资源管理,,,552,
0626,四川农业大学,,生物科学,,,575,
0626,四川农业大学,,生物技术,,,562,
0626,四川农业大学,,电气工程及其自动化,,,597,
0626,四川农业大学,,农业机械化及其自动化,,,584,
0626,四川农业大学,,农业工程,,,562,
0626,四川农业大学,,电子科学与技术,,,598,
0626,四川农业大学,,食品科学与工程,,,572,
0626,四川农业大学,,食品质量与安全,,,563,
0626,四川农业大学,,食品营养与健康,,,557,
0626,四川农业大学,,计算机科学与技术,,,599,
0626,四川农业大学,,农业水利工程,,,563,
0626,四川农业大学,,水利水电工程,,,570,
0626,四川农业大学,,英语,,,550,
0626,四川农业大学,,翻译,,,545,
0626,四川农业大学,,法学,,,589,
0626,四川农业大学,,广告学,,,547,
0626,四川农业大学,,城乡规划,,,549,
0626,四川农业大学,,工程管理,,,556,
0626,四川农业大学,,土木工程,,,554,
0626,四川农业大学,,给排水科学与工程,,,556,
0626,四川农业大学,,工商管理,,,561,
0622,四川轻化工大学,,信息与计算科学,,,538,
0622,四川轻化工大学,,工业设计,,,523,
0622,四川轻化工大学,,无机非金属材料工程,,,529,
0622,四川轻化工大学,,食品科学与工程,,,514,
0622,四川轻化工大学,,英语,,,526,
0636,四川师范大学,,小学教育,,,544,
0636,四川师范大学,,心理学,,,581,
0636,四川师范大学,,数学与应用数学,,,596,
0636,四川师范大学,,化学,,,573,
0636,四川师范大学,,英语,,,590,
0636,四川师范大学,,俄语,,,532,
0636,四川师范大学,,经济学,,,560,
0636,四川师范大学,,物理学,,,593,
0636,四川师范大学,,电子信息工程,,,576,
0636,四川师范大学,,生物科学,,,556,
0636,四川师范大学,,计算机科学与技术,,,587,
0636,四川师范大学,,网络工程,,,584,
0650,四川外国语大学,,翻译,,,558,
0650,四川外国语大学,,英语,,,575,
0650,四川外国语大学,,英语,,,603,
0650,四川外国语大学,,英语,,,588,
0650,四川外国语大学,,商务英语,,,565,
0650,四川外国语大学,,商务英语(国经双学位),,,576,
0650,四川外国语大学,,政治学类(外交学、国际政治),,,547,
0650,四川外国语大学,,汉语言文学,,,577,
0650,四川外国语大学,,汉语国际教育,,,577,
0650,四川外国语大学,,国际新闻与传播,,,556,
0650,四川外国语大学,,审计学,,,579,
0650,四川外国语大学,,旅游管理,,,541,
0650,四川外国语大学,,金融科技,,,564,
0650,四川外国语大学,,国际经济与贸易,,,561,
0644,四川文理学院,,数字媒体技术,,,479,
0285,苏州大学,,数学类[数学与应用数学、数学与应用数学(师范)],,,644,
0285,苏州大学,,计算机科学与技术,,,642,
0285,苏州大学,,软件工程,,,640,
0285,苏州大学,,电子信息工程,,,643,
0285,苏州大学,,临床医学,,,647,
0285,苏州大学,,临床医学(5+3一体化),,,656,
0285,苏州大学,,人工智能,,,643,
0285,苏州大学,,应用心理学,,,624,
0285,苏州大学,,财政学,,,623,
0285,苏州大学,,建筑学,,,611,
0285,苏州大学,,历史建筑保护工程,,,611,
0285,苏州大学,,物理学,,,632,
0285,苏州大学,,能源与动力工程,,,632,
0285,苏州大学,,化学,,,628,
0285,苏州大学,,材料类(材料科学与工程、高分子材料与工程),,,629,
0285,苏州大学,,纳米材料与技术,,,633,
0285,苏州大学,,通信工程,,,640,
0285,苏州大学,,机械工程,,,631,
0285,苏州大学,,智能制造工程,,,632,
0285,苏州大学,,电气工程与智能控制,,,635,
0285,苏州大学,,轨道交通信号与控制,,,631,
0285,苏州大学,,生物技术,,,625,
0285,苏州大学,,生物信息学,,,639,
0285,苏州大学,,生物制药,,,633,
0285,苏州大学,,放射医学,,,637,
0285,苏州大学,,机械电子工程,,,633,
0285,苏州大学,,药学,,,630,
0332,苏州科技大学,,城乡规划,,,538,
0332,苏州科技大学,,环境科学与工程类(环境工程、环境科学),,,542,
0332,苏州科技大学,,环境生态工程,,,541,
0332,苏州科技大学,,智能建造,,,551,
0332,苏州科技大学,,金融工程,,,563,
0332,苏州科技大学,,生物工程,,,553,
0332,苏州科技大学,,材料化学,,,553,
0332,苏州科技大学,,机械设计制造及其自动化,,,596,
0332,苏州科技大学,,测绘工程,,,562,
0332,苏州科技大学,,物流管理(中外合作办学),,,543,
0236,绥化学院,,特殊教育(师范类),,,497,
0236,绥化学院,,英语(师范类),,,502,
0236,绥化学院,,数学与应用数学(师范类),,,488,
0236,绥化学院,,自动化,,,471,
0236,绥化学院,,计算机科学与技术,,,476,
0236,绥化学院,,财务管理,,,494,
0757,塔里木大学,,土木工程,,,447,
0757,塔里木大学,,电气工程及其自动化,,,469,
0757,塔里木大学,,农业机械化及其自动化,,,452,
0757,塔里木大学,,过程装备与控制工程,,,452,
0757,塔里木大学,,通信工程,,,455,
0757,塔里木大学,,数学与应用数学(师范类),,,459,
0757,塔里木大学,,旅游管理,,,455,
0757,塔里木大学,,物流管理,,,454,
0757,塔里木大学,,护理学,,,468,
0757,塔里木大学,,临床医学,,,491,
0350,台州学院,,金融学,,,497,
0350,台州学院,,俄语,,,468,
0350,台州学院,,护理学,,,499,
4101,太原工业学院,,机械设计制造及其自动化,,,481,
4101,太原工业学院,,智能制造工程,,,476,
4101,太原工业学院,,电子信息工程,,,482,
4101,太原工业学院,,通信工程,,,477,
4101,太原工业学院,,测控技术与仪器,,,469,
4101,太原工业学院,,电气工程与智能控制,,,489,
4101,太原工业学院,,应用化学,,,459,
4101,太原工业学院,,化学工程与工艺,,,472,
4101,太原工业学院,,计算机科学与技术,,,484,
0109,太原科技大学,,机械设计制造及其自动化,,,555,
0109,太原科技大学,,机械电子工程,,,556,
0109,太原科技大学,,车辆工程(新能源汽车方向),,,549,
0109,太原科技大学,,材料成型及控制工程,,,522,
0109,太原科技大学,,光电信息科学与工程,,,544,
0109,太原科技大学,,智能科学与技术,,,545,
0109,太原科技大学,,工业工程,,,536,
0109,太原科技大学,,信息管理与信息系统,,,537,
0109,太原科技大学,,应急技术与管理,,,478,
0112,太原理工大学,,机械设计制造及其自动化,,,621,
0112,太原理工大学,,车辆工程,,,619,
0112,太原理工大学,,工业设计,,,605,
0112,太原理工大学,,材料成型及控制工程,,,605,
0112,太原理工大学,,材料科学与工程,,,601,
0112,太原理工大学,,金属材料工程,,,590,
0112,太原理工大学,,冶金工程,,,580,
0112,太原理工大学,,能源与动力工程,,,618,
0112,太原理工大学,,自动化,,,623,
0112,太原理工大学,,电子信息工程,,,623,
0112,太原理工大学,,电子科学与技术,,,623,
0112,太原理工大学,,应急技术与管理,,,581,
0112,太原理工大学,,农业水利工程,,,580,
0112,太原理工大学,,水文与水资源工程,,,587,
0112,太原理工大学,,化学工程与工艺,,,601,
0112,太原理工大学,,制药工程,,,602,
0112,太原理工大学,,环境工程,,,584,
0112,太原理工大学,,建筑环境与能源应用工程,,,587,
0112,太原理工大学,,采矿工程,,,579,
0112,太原理工大学,,安全工程,,,598,
0112,太原理工大学,,城市地下空间工程,,,574,
0112,太原理工大学,,矿物加工工程,,,574,
0112,太原理工大学,,测绘工程,,,586,
0112,太原理工大学,,资源勘查工程,,,578,
0112,太原理工大学,,地质工程,,,581,
0112,太原理工大学,,信息与计算科学,,,619,
0112,太原理工大学,,统计学,,,608,
0112,太原理工大学,,光电信息科学与工程,,,622,
0112,太原理工大学,,应用物理学,,,614,
0112,太原理工大学,,工程力学,,,609,
0112,太原理工大学,,生物医学工程,,,608,
0112,太原理工大学,,法学,,,608,
0112,太原理工大学,,行政管理,,,586,
0112,太原理工大学,,工程管理,,,589,
0112,太原理工大学,,会计学,,,605,
0112,太原理工大学,,国际经济与贸易,,,583,
0112,太原理工大学,,计算机科学与技术,,,626,
0112,太原理工大学,,纺织工程,,,573,
0112,太原理工大学,,机械电子工程,,,620,
0112,太原理工大学,,道路桥梁与渡河工程,,,580,
0112,太原理工大学,,电气工程及其自动化,,,625,
0112,太原理工大学,,物流管理,,,581,
0112,太原理工大学,,土木工程,,,581,
0112,太原理工大学,,数据科学与大数据技术,,,621,
0112,太原理工大学,,过程装备与控制工程,,,609,
0112,太原理工大学,,机器人工程,,,621,
0112,太原理工大学,,飞行器设计与工程,,,619,
0112,太原理工大学,,人工智能,,,622,
0112,太原理工大学,,水利水电工程,,,598,
0112,太原理工大学,,给排水科学与工程,,,587,
0112,太原理工大学,,应用化学,,,598,
0112,太原理工大学,,工程力学(试验班),,,611,
0112,太原理工大学,,高分子材料与工程,,,605,
0112,太原理工大学,,化学,,,588,
0112,太原理工大学,,集成电路设计与集成系统,,,622,
0112,太原理工大学,,物联网工程,,,621,
0112,太原理工大学,,网络空间安全,,,621,
0112,太原理工大学,,智能测控工程,,,617,
0112,太原理工大学,,资源勘查工程(煤及煤层气工程专业方向),,,575,
0112,太原理工大学,,物理学,,,608,
0112,太原理工大学,,生态学,,,575,
0112,太原理工大学,,智能采矿工程,,,586,
0119,太原师范学院,,数学与应用数学(师范类),,,549,
0119,太原师范学院,,化学(师范类),,,535,
0119,太原师范学院,,计算机科学与技术(师范类),,,462,
1242,太原学院,,机械工程,,,468,
1242,太原学院,,汽车服务工程,,,457,
1242,太原学院,,建筑环境与能源应用工程,,,451,
1242,太原学院,,给排水科学与工程,,,456,
1242,太原学院,,道路桥梁与渡河工程,,,460,
1242,太原学院,,化学工程与工业生物工程,,,462,
1242,太原学院,,物流工程,,,471,
1242,太原学院,,酒店管理,,,459,
1242,太原学院,,旅游管理与服务教育,,,459,
0453,泰山学院,,机械类(机械设计制造及其自动化、智能制造工程),,,480,
0453,泰山学院,,计算机类(计算机科学与技术、软件工程、网络空间安全),,,480,
0453,泰山学院,,生物科学类[生物技术、生物科学(师范类)],,,475,
0099,唐山师范学院,,历史学(师范类),,,504,
0099,唐山师范学院,,秘书学,,,472,
0099,唐山师范学院,,园艺,,,456,
0099,唐山师范学院,,物流管理,,,463,
1033,唐山学院,,轨道交通信号与控制,,,491,
1033,唐山学院,,软件工程,,,483,
1033,唐山学院,,智能科学与技术,,,479,
0070,天津财经大学,,经济统计学,,,588,
0070,天津财经大学,,财政学类(财政学、税收学),,,602,
0070,天津财经大学,,金融学类(金融学、保险学、投资学、信用管理),,,596,
0070,天津财经大学,,数学与应用数学,,,587,
0070,天津财经大学,,应用统计学,,,601,
0070,天津财经大学,,计算机科学与技术,,,607,
0070,天津财经大学,,数据科学与大数据技术,,,599,
0070,天津财经大学,,管理科学与工程类(管理科学、信息管理与信息系统、工程管理),,,569,
0070,天津财经大学,,工商管理类(工商管理、市场营销、人力资源管理),,,575,
0070,天津财经大学,,会计学(注册会计师),,,618,
0070,天津财经大学,,审计学,,,616,
0070,天津财经大学,,信息资源管理,,,563,
0070,天津财经大学,,金融数学,,,584,
0070,天津财经大学,,数字经济,,,583,
0070,天津财经大学,,大数据管理与应用,,,590,
4087,天津财经大学珠江学院,,会计学,,,480,
4087,天津财经大学珠江学院,,审计学,,,465,
4087,天津财经大学珠江学院,,国际经济与贸易,,,453,
4087,天津财经大学珠江学院,,国际商务,,,453,
4087,天津财经大学珠江学院,,物联网工程(中外合作办学),,,403,
0792,天津城建大学,,土木工程,,,549,
0792,天津城建大学,,城市地下空间工程,,,524,
0792,天津城建大学,,港口航道与海岸工程,,,509,
0792,天津城建大学,,交通工程,,,558,
0792,天津城建大学,,建筑环境与能源应用工程,,,520,
0792,天津城建大学,,材料科学与工程,,,535,
0792,天津城建大学,,工程管理,,,553,
0792,天津城建大学,,房地产开发与管理,,,509,
0792,天津城建大学,,大数据管理与应用,,,558,
0792,天津城建大学,,给排水科学与工程,,,508,
0792,天津城建大学,,电子信息类(电子信息工程、电子信息科学与技术),,,584,
0792,天津城建大学,,计算机类(计算机科学与技术、网络工程、物联网工程),,,577,
0792,天津城建大学,,遥感科学与技术,,,545,
0792,天津城建大学,,机械设计制造及其自动化,,,571,
0792,天津城建大学,,工业设计,,,549,
0792,天津城建大学,,建筑电气与智能化,,,568,
0792,天津城建大学,,土木工程(中外合作办学),,,434,
0792,天津城建大学,,环境工程(中外合作办学),,,438,
0792,天津城建大学,,智能建造,,,529,
0792,天津城建大学,,人工智能,,,579,
0056,天津大学,,数学类(金融数学、数学与应用数学、数据科学与大数据技术),,,662,
0056,天津大学,,经济管理试验班(工程管理、保密管理、信息管理与信息系统、工业工程、金融学、财务管理、工商管理、电子商务、供应链管理),,,646,
0056,天津大学,,工科试验班(智能制造与建造)(港口航道与海岸工程、水利水电工程、土木工程、能源与动力工程、工业设计、机械设计制造及其自动化、工程力学、智能制造工程、材料成型及控制工程),,,654,
0056,天津大学,,工科试验班(高新舰船与海洋装备智能设计与管理)(船舶与海洋工程),,,653,
0056,天津大学,,工科试验班(精仪与光电信息类)[测控技术与仪器、光电信息科学与工程、智能感知工程、电子科学与技术(光电子技术)],,,665,
0056,天津大学,,工科试验班(电气信息类)(电气工程及其自动化、电子信息工程、通信工程、物联网工程、自动化、智能电网信息工程、机器人工程),,,667,
0056,天津大学,,工科试验班(智能与计算类)(人工智能、网络空间安全、计算机科学与技术、软件工程),,,668,
0056,天津大学,,工科试验班(化工能源与生命健康类)(化学工程与工艺、生物工程、合成生物学、食品科学与工程、精细化工、制药工程、过程装备与控制工程),,,654,
0056,天津大学,,医学试验班(新医科)[生物科学、药学、智能医学工程、生物医学工程、临床医学(5年制)],,,659,
0058,天津工业大学,,纺织工程,,,586,
0058,天津工业大学,,非织造材料与工程,,,585,
0058,天津工业大学,,材料科学与工程,,,596,
0058,天津工业大学,,复合材料与工程,,,583,
0058,天津工业大学,,无机非金属材料工程,,,587,
0058,天津工业大学,,化学工程与工艺,,,591,
0058,天津工业大学,,应用化学,,,591,
0058,天津工业大学,,环境工程,,,579,
0058,天津工业大学,,机械工程,,,612,
0058,天津工业大学,,机械电子工程,,,611,
0058,天津工业大学,,智能制造工程,,,611,
0058,天津工业大学,,飞行器制造工程,,,610,
0058,天津工业大学,,电气工程及其自动化,,,624,
0058,天津工业大学,,电子信息工程,,,621,
0058,天津工业大学,,通信工程,,,619,
0058,天津工业大学,,电子科学与技术,,,616,
0058,天津工业大学,,自动化,,,618,
0058,天津工业大学,,计算机科学与技术,,,622,
0058,天津工业大学,,网络空间安全,,,618,
0058,天津工业大学,,人工智能,,,619,
0058,天津工业大学,,生物医学工程,,,597,
0058,天津工业大学,,数学类(数学与应用数学、信息与计算科学、应用统计学),,,602,
0058,天津工业大学,,光电信息科学与工程,,,617,
0058,天津工业大学,,应用物理学,,,594,
0058,天津工业大学,,化学生物学,,,581,
0058,天津工业大学,,工业工程,,,589,
0057,天津科技大学,,过程装备与控制工程,,,577,
0057,天津科技大学,,微电子科学与工程,,,597,
0057,天津科技大学,,机器人工程,,,593,
0057,天津科技大学,,计算机科学与技术,,,608,
0057,天津科技大学,,食品科学与工程,,,573,
0057,天津科技大学,,生物工程,,,558,
0057,天津科技大学,,材料化学,,,548,
0057,天津科技大学,,化学工程与工艺,,,568,
0057,天津科技大学,,海洋科学,,,517,
0057,天津科技大学,,轻化工程,,,541,
0057,天津科技大学,,包装工程,,,528,
0057,天津科技大学,,财务管理,,,579,
0057,天津科技大学,,工业工程,,,578,
0057,天津科技大学,,计算机科学与技术(中外合作办学)(信息处理),,,575,
0057,天津科技大学,,财务管理(中外合作办学),,,545,
0060,天津理工大学,,计算机科学与技术,,,619,
0060,天津理工大学,,信息安全,,,613,
0060,天津理工大学,,数据科学与大数据技术,,,612,
0060,天津理工大学,,计算机科学与技术(中外合作办学),,,588,
0060,天津理工大学,,电气工程及其自动化,,,615,
0060,天津理工大学,,自动化,,,611,
0060,天津理工大学,,材料科学与工程,,,587,
0060,天津理工大学,,新能源材料与器件,,,595,
0060,天津理工大学,,大数据管理与应用,,,603,
0060,天津理工大学,,工商管理(中外合作办学),,,536,
0060,天津理工大学,,工业工程(中外合作办学),,,528,
0060,天津理工大学,,制药工程,,,580,
0060,天津理工大学,,机械电子工程,,,597,
0060,天津理工大学,,能源与动力工程,,,599,
0060,天津理工大学,,新能源科学与工程,,,596,
0060,天津理工大学,,电子信息工程,,,612,
0060,天津理工大学,,通信工程,,,610,
0060,天津理工大学,,集成电路设计与集成系统,,,609,
3897,天津理工大学中环信息学院,,自动化,,,449,
3897,天津理工大学中环信息学院,,电气工程及其自动化,,,452,
3897,天津理工大学中环信息学院,,电气工程与智能控制,,,448,
3897,天津理工大学中环信息学院,,智能电网信息工程,,,449,
3897,天津理工大学中环信息学院,,机械设计制造及其自动化,,,447,
3897,天津理工大学中环信息学院,,机械电子工程,,,453,
3897,天津理工大学中环信息学院,,机器人工程,,,451,
3897,天津理工大学中环信息学院,,电子信息科学与技术,,,455,
3897,天津理工大学中环信息学院,,电子信息工程,,,453,
3897,天津理工大学中环信息学院,,通信工程,,,449,
3897,天津理工大学中环信息学院,,物联网工程,,,446,
3897,天津理工大学中环信息学院,,人工智能,,,456,
3897,天津理工大学中环信息学院,,计算机科学与技术,,,462,
3897,天津理工大学中环信息学院,,软件工程,,,456,
3897,天津理工大学中环信息学院,,数字媒体技术,,,453,
3897,天津理工大学中环信息学院,,数据科学与大数据技术,,,452,
3897,天津理工大学中环信息学院,,工程管理,,,450,
0061,天津农学院,,种子科学与工程,,,506,
0061,天津农学院,,菌物科学与工程,,,474,
0061,天津农学院,,植物保护,,,484,
0061,天津农学院,,动物科学,,,493,
0061,天津农学院,,动物医学,,,545,
0061,天津农学院,,动物药学,,,522,
0061,天津农学院,,水产养殖学,,,467,
0061,天津农学院,,海洋渔业科学与技术,,,465,
0061,天津农学院,,水族科学与技术,,,466,
0061,天津农学院,,水生动物医学,,,486,
0061,天津农学院,,食品科学与工程,,,492,
0061,天津农学院,,新能源科学与工程,,,497,
0061,天津农学院,,软件工程,,,508,
0061,天津农学院,,水利水电工程,,,505,
0061,天津农学院,,工程管理,,,492,
0061,天津农学院,,生物制药,,,488,
0061,天津农学院,,网络与新媒体,,,499,
4038,天津仁爱学院,,英语,,,431,
4038,天津仁爱学院,,机械设计制造及其自动化,,,428,
4038,天津仁爱学院,,智能制造工程,,,417,
4038,天津仁爱学院,,新能源汽车工程,,,405,
4038,天津仁爱学院,,智能交互设计,,,380,
4038,天津仁爱学院,,自动化,,,425,
4038,天津仁爱学院,,电子信息工程,,,411,
4038,天津仁爱学院,,通信工程,,,436,
4038,天津仁爱学院,,电气工程及其自动化,,,441,
4038,天津仁爱学院,,物联网工程,,,374,
4038,天津仁爱学院,,人工智能,,,416,
4038,天津仁爱学院,,软件工程,,,433,
4038,天津仁爱学院,,计算机科学与技术,,,436,
4038,天津仁爱学院,,数据科学与大数据技术,,,419,
4038,天津仁爱学院,,建筑学,,,395,
4038,天津仁爱学院,,土木工程,,,376,
4038,天津仁爱学院,,给排水科学与工程,,,396,
4038,天津仁爱学院,,水利水电工程,,,398,
4038,天津仁爱学院,,港口航道与海岸工程,,,391,
4038,天津仁爱学院,,物流工程,,,416,
4038,天津仁爱学院,,信息管理与信息系统,,,438,
4038,天津仁爱学院,,工程管理,,,412,
4038,天津仁爱学院,,财务管理,,,451,
4038,天津仁爱学院,,金融工程,,,422,
4038,天津仁爱学院,,工业工程,,,415,
4038,天津仁爱学院,,化学工程与工艺,,,407,
4038,天津仁爱学院,,制药工程,,,413,
4038,天津仁爱学院,,新能源科学与工程,,,412,
0069,天津商业大学,,经济学类(经济学、财政学、金融学、信用管理、国际经济与贸易),,,563,
0069,天津商业大学,,旅游管理类(旅游管理、酒店管理),,,501,
0069,天津商业大学,,财务管理,,,583,
0069,天津商业大学,,智能科学与技术,,,566,
0069,天津商业大学,,财务管理(中外合作办学),,,541,
3660,天津商业大学宝德学院,,英语,,,455,
3660,天津商业大学宝德学院,,日语,,,447,
3660,天津商业大学宝德学院,,金融学,,,460,
3660,天津商业大学宝德学院,,电子商务,,,454,
3660,天津商业大学宝德学院,,工商管理类(工商管理、市场营销、人力资源管理),,,453,
3660,天津商业大学宝德学院,,物流管理,,,458,
3660,天津商业大学宝德学院,,会计学,,,478,
3660,天津商业大学宝德学院,,财务管理,,,463,
3660,天津商业大学宝德学院,,戏剧影视文学,,,439,
3660,天津商业大学宝德学院,,广播电视编导,,,441,
0065,天津师范大学,,教育学类[教育学(师范)、小学教育(师范)],,,576,
0065,天津师范大学,,计算机科学与技术(师范),,,597,
0065,天津师范大学,,网络工程,,,596,
0065,天津师范大学,,数据科学与大数据技术,,,598,
0065,天津师范大学,,数学与应用数学(师范),,,617,
0065,天津师范大学,,信息与计算科学,,,588,
0065,天津师范大学,,地理信息科学,,,561,
0065,天津师范大学,,化学(师范),,,614,
0065,天津师范大学,,生物科学(师范),,,612,
0065,天津师范大学,,物理学(师范),,,623,
0065,天津师范大学,,应用物理学,,,583,
0065,天津师范大学,,电子信息科学与技术,,,590,
0065,天津师范大学,,通信工程,,,590,
0065,天津师范大学,,智能科学与技术,,,593,
0065,天津师范大学,,信息管理与信息系统,,,581,
0065,天津师范大学,,档案学,,,569,
0065,天津师范大学,,经济学,,,570,
0071,天津体育学院,,市场营销,,,482,
0071,天津体育学院,,应用心理学,,,523,
0071,天津体育学院,,体育经济与管理,,,521,
0071,天津体育学院,,大数据管理与应用,,,500,
0859,天津天狮学院,,金融学类(金融学、保险学),,,440,
0859,天津天狮学院,,工商管理类(市场营销、财务管理、国际商务、人力资源管理、审计学),,,444,
0859,天津天狮学院,,电子商务,,,438,
0859,天津天狮学院,,劳动与社会保障,,,424,
0859,天津天狮学院,,汉语国际教育,,,438,
0859,天津天狮学院,,英语,,,440,
0859,天津天狮学院,,软件工程,,,438,
0859,天津天狮学院,,电子信息类(电子信息工程、通信工程),,,431,
0859,天津天狮学院,,计算机科学与技术,,,452,
0859,天津天狮学院,,自动化,,,441,
0859,天津天狮学院,,生物工程,,,456,
0859,天津天狮学院,,食品科学与工程类(食品科学与工程、食品质量与安全),,,436,
0859,天津天狮学院,,护理学,,,443,
0859,天津天狮学院,,药学,,,447,
0859,天津天狮学院,,康复治疗学,,,439,
0068,天津外国语大学,,外国语言文学类(英语、翻译、商务英语),,,581,
0068,天津外国语大学,,日语,,,578,
0068,天津外国语大学,,法语,,,573,
0068,天津外国语大学,,斯瓦希里语,,,548,
0068,天津外国语大学,,工商管理类(会计学、财务管理、国际商务、人力资源管理),,,569,
0068,天津外国语大学,,大数据管理与应用,,,573,
0068,天津外国语大学,,新闻传播学类(新闻学、广告学、传播学、网络与新媒体),,,553,
0068,天津外国语大学,,数字媒体技术,,,596,
0068,天津外国语大学,,法学,,,592,
0068,天津外国语大学,,汉语国际教育,,,576,
3658,天津外国语大学滨海外事学院,,德语,,,457,
3658,天津外国语大学滨海外事学院,,国际经济与贸易,,,452,
3658,天津外国语大学滨海外事学院,,护理学,,,475,
0062,天津医科大学,,临床医学(5+3一体化),,,663,
0062,天津医科大学,,"临床医学(5+3一体化,儿科学)",,,645,
0062,天津医科大学,,口腔医学(5+3一体化),,,659,
0062,天津医科大学,,临床医学,,,649,
0062,天津医科大学,,基础医学(朱宪彝班),,,626,
0062,天津医科大学,,眼视光医学,,,634,
0062,天津医科大学,,预防医学,,,603,
0062,天津医科大学,,智能医学工程,,,625,
0062,天津医科大学,,医学技术类(医学检验技术、医学影像技术、眼视光学、康复治疗学),,,609,
0062,天津医科大学,,药学类(药学、药物制剂、临床药学),,,616,
0062,天津医科大学,,生物医学工程,,,615,
0062,天津医科大学,,生物制药,,,610,
0062,天津医科大学,,护理学,,,597,
3661,天津医科大学临床医学院,,临床医学,,,509,
3661,天津医科大学临床医学院,,口腔医学,,,559,
3661,天津医科大学临床医学院,,药学,,,464,
3661,天津医科大学临床医学院,,护理学,,,476,
3661,天津医科大学临床医学院,,眼视光学,,,458,
3661,天津医科大学临床医学院,,医学检验技术,,,474,
3661,天津医科大学临床医学院,,医学影像技术,,,476,
3661,天津医科大学临床医学院,,康复治疗学,,,473,
3661,天津医科大学临床医学院,,健康服务与管理,,,474,
0066,天津职业技术师范大学,,测控技术与仪器,,,539,
0066,天津职业技术师范大学,,汉语国际教育(师范类),,,541,
0066,天津职业技术师范大学,,财务会计教育(师范类),,,582,
2105,天津中德应用技术大学,,机械电子工程,,,498,
2105,天津中德应用技术大学,,车辆工程,,,482,
2105,天津中德应用技术大学,,汽车服务工程,,,471,
2105,天津中德应用技术大学,,金属材料工程,,,463,
2105,天津中德应用技术大学,,能源与动力工程,,,489,
2105,天津中德应用技术大学,,通信工程,,,505,
2105,天津中德应用技术大学,,机器人工程,,,501,
2105,天津中德应用技术大学,,软件工程,,,514,
2105,天津中德应用技术大学,,物联网工程,,,508,
2105,天津中德应用技术大学,,无人驾驶航空器系统工程,,,483,
2105,天津中德应用技术大学,,物流管理,,,469,
2105,天津中德应用技术大学,,质量管理工程,,,476,
0063,天津中医药大学,,中医学(5+3一体化),,,642,
0063,天津中医药大学,,中医学(5+3一体化中医儿科学),,,620,
0063,天津中医药大学,,中医学类(中医学、针灸推拿学、中医康复学、中医养生学、中医骨伤科学),,,613,
0063,天津中医药大学,,护理学类[护理学、护理学(涉外英语班)、护理学(老年护理班)、护理学(中医护理)],,,560,
0063,天津中医药大学,,药学类(药学、药物制剂),,,592,
0063,天津中医药大学,,中药学类(中药学、中药资源与开发、中药制药),,,591,
0063,天津中医药大学,,制药工程,,,587,
0063,天津中医药大学,,工商管理类[市场营销、市场营销(国际营销班)],,,544,
0063,天津中医药大学,,应用统计学,,,560,
0063,天津中医药大学,,预防医学,,,572,
0063,天津中医药大学,,临床药学(中外合作办学),,,540,
0739,天水师范学院,,化学(师范类),,,479,
0739,天水师范学院,,数学与应用数学(师范类),,,489,
0739,天水师范学院,,环境生态工程,,,451,
0202,通化师范学院,,物理学(师范类),,,496,
0202,通化师范学院,,数据科学与大数据技术,,,480,
0202,通化师范学院,,统计学,,,475,
0202,通化师范学院,,计算机科学与技术,,,485,
0202,通化师范学院,,财务管理,,,494,
0202,通化师范学院,,食品科学与工程(中外合作办学),,,443,
0247,同济大学,,工科试验班(国豪精英班),,,683,
0247,同济大学,,经济管理试验班[信息管理与信息系统(商务数据分析)、工程管理(数智工程管理、智慧运维与资产管理)、金融学],,,671,
0247,同济大学,,工科试验班(城市、建筑与创意设计类)(建筑学、历史建筑保护工程、城乡规划、风景园林、城市设计、工业设计),,,666,
0247,同济大学,,工科试验班(智慧建造与低碳环境类)(土木工程、智能建造、环境工程、给排水科学与工程、环境科学),,,665,
0247,同济大学,,工科试验班(智能化制造与新能源类)(新能源材料与器件、机械设计制造及其自动化、能源与动力工程、智能制造工程、飞行器制造工程、建筑环境与能源应用工程),,,675,
0247,同济大学,,工科试验班(信息与智能网联类)[计算机科学与技术、信息安全、数据科学与大数据技术、电气工程及其自动化、自动化、通信工程、人工智能、微电子科学与工程、软件工程、交通工程、交通运输、车辆工程(汽车)、车辆工程、测绘工程、光电信息科学与工程],,,677,
0247,同济大学,,理科试验班(数学与应用数学、统计学、应用物理学、工程力学、材料科学与工程、海洋科学),,,675,
0247,同济大学,,医学试验班[临床医学、口腔医学、生物技术、生物信息学、临床医学(领军人才培养)],,,670,
0247,同济大学,,临床医学(5+3一体化),,,673,
0247,同济大学,,机械类(中外合作办学)[机械电子工程(中外合作办学)、建筑电气与智能化(中外合作办学)、汽车服务工程(中外合作办学)],,,665,
4203,皖江工学院,,水利水电工程,,,389,
4203,皖江工学院,,港口航道与海岸工程,,,383,
4203,皖江工学院,,农业资源与环境,,,384,
4203,皖江工学院,,水文与水资源工程,,,376,
4203,皖江工学院,,水务工程,,,372,
4203,皖江工学院,,土木工程,,,383,
4203,皖江工学院,,给排水科学与工程,,,381,
4203,皖江工学院,,交通工程,,,381,
4203,皖江工学院,,地理空间信息工程,,,379,
4203,皖江工学院,,自动化,,,394,
4203,皖江工学院,,计算机科学与技术,,,408,
4203,皖江工学院,,人工智能,,,416,
4203,皖江工学院,,新能源科学与工程,,,392,
2843,潍坊科技学院,,国际商务,,,447,
2843,潍坊科技学院,,计算机科学与技术,,,454,
2843,潍坊科技学院,,金融工程,,,450,
1067,潍坊学院,,物理学(师范类),,,508,
1067,潍坊学院,,化学工程与工艺,,,474,
1067,潍坊学院,,种子科学与工程,,,469,
1067,潍坊学院,,机器人工程,,,481,
1067,潍坊学院,,土木工程,,,451,
1067,潍坊学院,,会计学,,,514,
1067,潍坊学院,,法学,,,535,
0351,温州大学,,材料科学与工程,,,556,
0351,温州大学,,建筑学,,,557,
6405,温州肯恩大学,,金融学(中外合作办学)(国际金融方向),,,559,
6405,温州肯恩大学,,会计学(中外合作办学)(国际会计方向),,,555,
6405,温州肯恩大学,,传播学(中外合作办学),,,555,
6405,温州肯恩大学,,建筑学(中外合作办学),,,556,
6405,温州肯恩大学,,管理科学(中外合作办学),,,550,
6405,温州肯恩大学,,生物科学(中外合作办学)(细胞与分子方向),,,549,
6405,温州肯恩大学,,数学与应用数学(中外合作办学)(数据分析方向),,,554,
6405,温州肯恩大学,,计算机科学与技术(中外合作办学),,,560,
0343,温州医科大学,,眼视光医学(5+3一体化),,,657,
0343,温州医科大学,,眼视光医学,,,630,
0343,温州医科大学,,临床医学,,,616,
0343,温州医科大学,,儿科学,,,598,
0343,温州医科大学,,精神医学,,,610,
0343,温州医科大学,,预防医学,,,595,
3571,无锡太湖学院,,金融学,,,456,
3571,无锡太湖学院,,财务管理,,,458,
3982,无锡学院,,物联网工程,,,565,
3982,无锡学院,,信息安全,,,544,
3982,无锡学院,,微电子科学与工程,,,565,
3982,无锡学院,,大气科学,,,543,
1354,梧州学院,,工商管理,,,463,
1354,梧州学院,,供应链管理,,,460,
1354,梧州学院,,机械设计制造及其自动化,,,463,
1354,梧州学院,,机械电子工程,,,468,
1354,梧州学院,,茶学,,,449,
1354,梧州学院,,计算机科学与技术,,,468,
1354,梧州学院,,电子信息工程,,,464,
1349,五邑大学,,电子信息工程,,,540,
1349,五邑大学,,机械工程,,,502,
1349,五邑大学,,交通工程,,,487,
1349,五邑大学,,纺织工程,,,452,
2310,武昌理工学院,,计算机科学与技术,,,439,
3235,武汉城市学院,,工程造价,,,450,
3235,武汉城市学院,,机械设计制造及其自动化,,,444,
3235,武汉城市学院,,护理学,,,460,
0486,武汉大学,,经济学类[经济学(基地班)、国际经济与贸易、金融学(含国际金融试验班)、保险学(含精算试验班)、财政学、金融工程],,,671,
0486,武汉大学,,物理学类(含物理学国家拔尖学生培养基地)(物理学、微电子科学与工程、材料物理),,,671,
0486,武汉大学,,化学类(含化学国家拔尖学生培养基地)[化学、应用化学(含化生方向)],,,670,
0486,武汉大学,,生物科学类(含生物国家拔尖学生培养基地)(生物科学、生物技术、生态学),,,672,
0486,武汉大学,,理科试验班(弘毅学堂)(数学与应用数学、物理学、化学、生物科学、计算机科学与技术、人工智能、智能制造工程、微电子科学与工程、电气工程及其自动化、遥感科学与技术),,,683,
0486,武汉大学,,法学,,,675,
0486,武汉大学,,理科试验班(空间信息与智慧城市)(地理信息科学、地理科学、土地资源管理、人文地理与城乡规划),,,665,
0486,武汉大学,,临床医学(8年),,,679,
0486,武汉大学,,口腔医学(5年),,,671,
0486,武汉大学,,网络空间安全(拔尖试验班),,,679,
0486,武汉大学,,临床医学(5+3一体化),,,671,
0486,武汉大学,,计算机类(计算机学院)(计算机科学与技术、人工智能、软件工程),,,677,
0486,武汉大学,,工科试验班(数智土木类试验班)(土木工程、工程力学),,,665,
0486,武汉大学,,大数据管理与应用,,,669,
0486,武汉大学,,工科试验班(电气类)(电气工程及其自动化、自动化、储能科学与工程),,,674,
0486,武汉大学,,工科试验班(智慧能源与智能制造类)(机械设计制造及其自动化、智能制造工程、能源与动力工程、核工程与核技术、能源化学工程),,,671,
0486,武汉大学,,电子信息类[电子信息工程(含电子信息方向、光电子方向、机器人方向)、电波传播与天线(含空间科学技术试验班)、通信工程],,,674,
0486,武汉大学,,遥感科学与技术,,,675,
0486,武汉大学,,工科试验班(碳中和试验班)(水文与水资源工程),,,668,
0486,武汉大学,,计算机科学与技术(弘毅班),,,680,
0486,武汉大学,,导航工程(智能导航试验班),,,676,
0495,武汉纺织大学,,电气工程及其自动化,,,563,
0495,武汉纺织大学,,化学类(应用化学、化妆品技术与工程),,,538,
0495,武汉纺织大学,,计算机类(计算机科学与技术、软件工程、物联网工程、数据科学与大数据技术),,,569,
0490,武汉工程大学,,机器人工程(机器人化智能制造方向),,,591,
0490,武汉工程大学,,机械电子工程(光机电智能装备方向),,,591,
0490,武汉工程大学,,电气工程及其自动化,,,601,
0490,武汉工程大学,,通信工程(5G移动互联网方向),,,598,
0490,武汉工程大学,,自动化(含智能机器人方向、智能控制与技术方向),,,595,
0490,武汉工程大学,,材料物理(半导体芯片制造方向),,,582,
0490,武汉工程大学,,新能源材料与器件(光电与智能材料方向),,,582,
0490,武汉工程大学,,计算机类(计算机科学与技术、智能科学与技术、物联网工程、数字媒体技术、网络空间安全、软件工程),,,605,
0490,武汉工程大学,,人工智能(深度学习、机器人、智能金融方向),,,591,
0490,武汉工程大学,,数据科学与大数据技术,,,596,
0490,武汉工程大学,,化学工程与工艺(中外合作办学),,,531,
3239,武汉工程大学邮电与信息工程学院,,机械设计制造及其自动化(工业机器人方向),,,449,
3239,武汉工程大学邮电与信息工程学院,,计算机科学与技术,,,453,
3239,武汉工程大学邮电与信息工程学院,,土木工程,,,439,
0488,武汉科技大学,,机械类(机械工程、机械电子工程、智能制造工程、测控技术与仪器、工业工程),,,594,
0488,武汉科技大学,,计算机类(计算机科学与技术、软件工程、智能科学与技术、信息安全),,,613,
0488,武汉科技大学,,电气工程及其自动化,,,610,
0488,武汉科技大学,,能源与动力工程,,,596,
0488,武汉科技大学,,自动化类(电子信息)(电子信息工程、通信工程、电子科学与技术),,,611,
0497,武汉理工大学,,材料类(材料成型及控制工程、材料科学与工程、材料物理、无机非金属材料工程、高分子材料与工程、复合材料与工程、新能源材料与器件、材料化学),,,624,
0497,武汉理工大学,,交通运输类(交通设备与控制卓越实验班)(交通设备与控制工程),,,630,
0497,武汉理工大学,,物流管理与工程类(物流管理、物流工程),,,612,
0497,武汉理工大学,,机械设计制造及其自动化,,,630,
0497,武汉理工大学,,能源动力类[能源与动力工程(船舶)],,,625,
0497,武汉理工大学,,机械类(车辆)[车辆工程、能源与动力工程(车辆)、汽车服务工程、储能科学与工程],,,627,
0497,武汉理工大学,,机械工程(智能制造卓越实验班),,,633,
0497,武汉理工大学,,机械类(智能制造)(智能制造工程、工业工程、机械工程、过程装备与控制工程、测控技术与仪器),,,627,
0497,武汉理工大学,,土木类(土木工程、建筑环境与能源应用工程、给排水科学与工程、工程管理),,,604,
0497,武汉理工大学,,电子信息类(电子信息工程、电子科学与技术、通信工程、集成电路设计与集成系统、智能科学与技术),,,635,
0497,武汉理工大学,,计算机类(计算机科学与技术、软件工程、数据科学与大数据技术、人工智能),,,635,
0497,武汉理工大学,,自动化类(电气工程及其自动化、自动化、机器人工程),,,633,
0497,武汉理工大学,,数学类(光电信息科学与工程、电子信息科学与技术、信息与计算科学、统计学、工程力学),,,630,
0497,武汉理工大学,,化工与制药类(含生物方向)(生物技术、应用化学、化学工程与工艺、制药工程),,,615,
0497,武汉理工大学,,信息管理与信息系统,,,622,
0497,武汉理工大学,,工业设计,,,620,
0497,武汉理工大学,,管理科学与工程类(大数据管理与安全科学)(安全工程、应急管理、大数据管理与应用),,,619,
0497,武汉理工大学,,生物科学类(中外合作办学)[生物技术(中外合作办学)、制药工程(中外合作办学)],,,580,
0496,武汉轻工大学,,食品科学与工程类[食品科学与工程、食品质量与安全、粮食工程(营养与大健康方向)、食品营养与健康],,,546,
0496,武汉轻工大学,,计算机类(计算机科学与技术、软件工程),,,577,
2362,武汉生物工程学院,,生物技术,,,444,
2362,武汉生物工程学院,,生物工程,,,448,
2362,武汉生物工程学院,,生物制药,,,454,
2362,武汉生物工程学院,,医学检验技术,,,441,
2362,武汉生物工程学院,,制药工程,,,442,
2362,武汉生物工程学院,,护理学,,,445,
2362,武汉生物工程学院,,机械设计制造及其自动化,,,444,
2362,武汉生物工程学院,,计算机科学与技术,,,440,
2362,武汉生物工程学院,,数字媒体技术,,,447,
2362,武汉生物工程学院,,工程造价,,,447,
3634,武汉学院,,会计学,,,467,
3634,武汉学院,,财政学,,,453,
3634,武汉学院,,税收学,,,456,
3634,武汉学院,,工程管理,,,444,
3634,武汉学院,,大数据管理与应用,,,459,
3634,武汉学院,,供应链管理(智能制造供应链方向),,,449,
3634,武汉学院,,供应链管理(数字电商供应链方向),,,445,
0397,武夷学院,,茶学,,,496,
0397,武夷学院,,智慧农业,,,450,
0397,武夷学院,,机械设计制造及其自动化,,,495,
0397,武夷学院,,土木工程,,,469,
1560,西安财经大学,,经济统计学,,,562,
1560,西安财经大学,,数据科学与大数据技术,,,571,
1560,西安财经大学,,软件工程,,,574,
0701,西安电子科技大学,,自动化类(智能制造及智能测控)(机械设计制造及其自动化、工业设计、自动化、电气工程及其自动化、测控技术与仪器、电子封装技术、机器人工程),,,653,
0701,西安电子科技大学,,管理科学与工程类(数字化与商务智能融合培养)(信息管理与信息系统、电子商务、工业工程、工程管理、大数据管理与应用),,,641,
0701,西安电子科技大学,,通信工程(中外合作办学),,,626,
0701,西安电子科技大学,,电子信息工程(中外合作办学),,,624,
0701,西安电子科技大学,,电子信息类(通信)(通信工程、信息工程、空间信息与数字技术),,,657,
0701,西安电子科技大学,,电子信息类(电子工程)(电子信息工程、信息对抗技术、遥感科学与技术、电磁场与无线技术),,,656,
0701,西安电子科技大学,,电子信息类(集成电路)(微电子科学与工程、集成电路设计与集成系统),,,659,
0701,西安电子科技大学,,电子信息类(电子科学、信息物理、空天信息)(电子科学与技术、光电信息科学与工程、电子信息科学与技术、空间科学与技术、探测制导与控制技术),,,655,
0701,西安电子科技大学,,计算机类(计算机科学与技术、软件工程),,,656,
0701,西安电子科技大学,,计算机类(网络安全)(信息安全、网络工程、网络空间安全),,,655,
0701,西安电子科技大学,,计算机类(智能)(人工智能、智能科学与技术),,,656,
0701,西安电子科技大学,,大数据管理与应用(中外合作办学),,,610,
0701,西安电子科技大学,,少数民族预科班,,,645,
2714,西安翻译学院,,国际经济与贸易,,,430,
2714,西安翻译学院,,护理学,,,432,
0709,西安工程大学,,计算机类(计算机科学与技术、软件工程、智能科学与技术、数据科学与大数据技术),,,586,
0709,西安工程大学,,网络空间安全,,,583,
0709,西安工程大学,,纺织类(纺织工程、非织造材料与工程),,,515,
0709,西安工程大学,,大数据管理与应用,,,570,
0709,西安工程大学,,工商管理,,,544,
3682,西安工商学院,,计算机科学与技术,,,427,
3682,西安工商学院,,会计学,,,449,
0702,西安工业大学,,应用物理学,,,567,
0702,西安工业大学,,智能制造工程,,,586,
0702,西安工业大学,,智能建造,,,563,
0702,西安工业大学,,英语,,,561,
0702,西安工业大学,,金属材料工程,,,571,
0702,西安工业大学,,机械设计制造及其自动化(中外合作办学),,,551,
0702,西安工业大学,,自动化(中外合作办学),,,564,
1736,西安航空学院,,飞行器动力工程,,,529,
1736,西安航空学院,,交通运输,,,513,
1736,西安航空学院,,智能制造工程,,,511,
1736,西安航空学院,,复合材料与工程,,,510,
1736,西安航空学院,,工程管理,,,491,
1736,西安航空学院,,电子商务,,,470,
0703,西安建筑科技大学,,交通工程,,,578,
0703,西安建筑科技大学,,土木工程,,,563,
0703,西安建筑科技大学,,城市地下空间工程,,,546,
0703,西安建筑科技大学,,智能建造,,,576,
0703,西安建筑科技大学,,环境工程,,,559,
0703,西安建筑科技大学,,建筑电气与智能化,,,582,
0703,西安建筑科技大学,,工程管理,,,559,
0703,西安建筑科技大学,,计算机科学与技术,,,586,
0703,西安建筑科技大学,,通信工程,,,593,
0703,西安建筑科技大学,,电气工程及其自动化,,,599,
0703,西安建筑科技大学,,机械类(机械设计制造及其自动化、机械电子工程、车辆工程、智能制造工程),,,586,
0703,西安建筑科技大学,,材料类(材料科学与工程、资源循环科学与工程、功能材料、纳米材料与技术),,,542,
0703,西安建筑科技大学,,化工与制药类(化学工程与工艺、应用化学),,,553,
0703,西安建筑科技大学,,安全工程,,,558,
0703,西安建筑科技大学,,大数据管理与应用,,,590,
0703,西安建筑科技大学,,光电信息科学与工程,,,586,
0703,西安建筑科技大学,,材料类(冶金工程、新能源材料与器件、金属材料工程),,,546,
0703,西安建筑科技大学,,建筑类(建筑学、城乡规划、历史建筑保护工程、城市设计),,,570,
0703,西安建筑科技大学,,环境工程,,,535,
0703,西安建筑科技大学,,土木工程(中外合作办学),,,524,
0703,西安建筑科技大学,,建筑电气与智能化(中外合作办学),,,449,
0703,西安建筑科技大学,,给排水科学与工程,,,570,
3679,西安建筑科技大学华清学院,,建筑学,,,436,
3679,西安建筑科技大学华清学院,,城乡规划,,,440,
3679,西安建筑科技大学华清学院,,土木工程,,,422,
3679,西安建筑科技大学华清学院,,建筑电气与智能化,,,440,
0698,西安交通大学,,智能制造工程(钱学森班),,,681,
0698,西安交通大学,,工程力学(国家拔尖计划),,,677,
0698,西安交通大学,,工科试验班(电气类)(电气工程及其自动化、能源互联网工程),,,678,
0698,西安交通大学,,工科试验班(计算机科学技术类)(计算机科学与技术、网络空间安全、物联网工程),,,676,
0698,西安交通大学,,软件工程,,,674,
0698,西安交通大学,,信息工程,,,675,
0698,西安交通大学,,自动化,,,676,
0698,西安交通大学,,微电子科学与工程,,,676,
0698,西安交通大学,,工科试验班(智慧能源类)[能源与动力工程、能源与动力工程(热流国际班)、新能源科学与工程、核工程与核技术、环境工程],,,671,
0698,西安交通大学,,工科试验班(智能制造类)(机械工程、智能制造工程、车辆工程),,,673,
0698,西安交通大学,,工科试验班(航天航空类)(飞行器设计与工程、飞行器动力工程、工程力学),,,674,
0698,西安交通大学,,工业设计(中外合作办学),,,654,
0698,西安交通大学,,建筑学(中外合作办学),,,630,
3677,西安交通大学城市学院,,经济学类(财政学、金融学),,,456,
3677,西安交通大学城市学院,,机械设计制造及其自动化,,,445,
3677,西安交通大学城市学院,,土木工程,,,427,
3677,西安交通大学城市学院,,电气工程及其自动化,,,457,
3677,西安交通大学城市学院,,计算机科学与技术,,,452,
3677,西安交通大学城市学院,,会计学,,,473,
3569,西安交通工程学院,,机械设计制造及其自动化,,,443,
3569,西安交通工程学院,,通信工程,,,443,
3569,西安交通工程学院,,土木工程,,,442,
0704,西安科技大学,,采矿工程,,,513,
0704,西安科技大学,,土木工程,,,462,
0704,西安科技大学,,自动化,,,598,
0704,西安科技大学,,电气工程及其自动化,,,598,
0704,西安科技大学,,通信工程,,,597,
0704,西安科技大学,,电子信息工程,,,598,
0704,西安科技大学,,计算机科学与技术,,,601,
0704,西安科技大学,,环境工程,,,482,
0704,西安科技大学,,地下水科学与工程,,,533,
0704,西安科技大学,,测绘工程,,,547,
0704,西安科技大学,,新能源材料与器件,,,581,
0704,西安科技大学,,矿物加工工程,,,540,
0704,西安科技大学,,化学工程与工艺,,,568,
0704,西安科技大学,,数字经济,,,563,
4042,西安科技大学高新学院,,金融工程,,,437,
4042,西安科技大学高新学院,,学前教育,,,438,
4042,西安科技大学高新学院,,计算机科学与技术(中外合作办学),,,418,
0700,西安理工大学,,材料成型及控制工程,,,577,
0700,西安理工大学,,机械设计制造及其自动化,,,607,
0700,西安理工大学,,测控技术与仪器,,,602,
0700,西安理工大学,,电子信息工程,,,612,
0700,西安理工大学,,电气工程与智能控制,,,613,
0700,西安理工大学,,电子科学与技术,,,615,
0700,西安理工大学,,通信工程,,,611,
0700,西安理工大学,,信息管理与信息系统,,,589,
0700,西安理工大学,,能源与动力工程,,,607,
0700,西安理工大学,,土木工程,,,557,
0700,西安理工大学,,电气工程及其自动化,,,617,
0700,西安理工大学,,智能电网信息工程,,,615,
0700,西安理工大学,,工业工程,,,579,
0700,西安理工大学,,材料科学与工程,,,587,
3894,西安明德理工学院,,计算机科学与技术,,,441,
3894,西安明德理工学院,,数据科学与大数据技术,,,431,
3894,西安明德理工学院,,通信工程,,,430,
3894,西安明德理工学院,,机械设计制造及其自动化,,,432,
3894,西安明德理工学院,,电气工程及其自动化,,,442,
3894,西安明德理工学院,,会计学,,,442,
2712,西安欧亚学院,,工程造价,,,423,
3738,西安汽车职业大学,,智能网联汽车工程技术,,,440,
0705,西安石油大学,,油气储运工程,,,589,
0705,西安石油大学,,资源勘查工程,,,579,
0705,西安石油大学,,勘查技术与工程,,,553,
0705,西安石油大学,,地质工程,,,553,
0705,西安石油大学,,能源化学工程,,,569,
0705,西安石油大学,,环境工程,,,548,
0705,西安石油大学,,电气工程及其自动化,,,588,
0705,西安石油大学,,机械电子工程,,,581,
0705,西安石油大学,,材料类(材料物理、金属材料工程、焊接技术与工程),,,534,
0705,西安石油大学,,数据科学与大数据技术,,,582,
0705,西安石油大学,,通信工程,,,586,
0705,西安石油大学,,新能源科学与工程,,,580,
0705,西安石油大学,,信息与计算科学,,,580,
0705,西安石油大学,,数据计算及应用,,,572,
0705,西安石油大学,,石油工程,,,582,
0705,西安石油大学,,化学工程与工艺,,,576,
0705,西安石油大学,,测控技术与仪器,,,576,
0705,西安石油大学,,机械设计制造及其自动化,,,585,
0724,西安外国语大学,,经济学,,,555,
0724,西安外国语大学,,英语,,,570,
0724,西安外国语大学,,德语,,,546,
0724,西安外国语大学,,法语,,,560,
0724,西安外国语大学,,日语,,,539,
0724,西安外国语大学,,葡萄牙语,,,549,
0724,西安外国语大学,,翻译,,,567,
0724,西安外国语大学,,商务英语,,,561,
0724,西安外国语大学,,工商管理,,,566,
0724,西安外国语大学,,金融科技,,,541,
2713,西安外事学院,,物联网工程,,,436,
2713,西安外事学院,,数据科学与大数据技术,,,471,
1080,西安文理学院,,光电信息科学与工程,,,502,
1080,西安文理学院,,智能感知工程,,,498,
1080,西安文理学院,,物理学(师范类),,,473,
1840,西安医学院,,临床医学,,,558,
1664,西安邮电大学,,电子信息工程(中外合作办学),,,590,
1664,西安邮电大学,,边防军人子女预科班,,,554,
1664,西安邮电大学,,智能科学与技术,,,612,
1664,西安邮电大学,,信息安全,,,615,
1664,西安邮电大学,,工业工程,,,564,
1664,西安邮电大学,,通信工程,,,618,
1664,西安邮电大学,,电子科学与技术,,,616,
1664,西安邮电大学,,电磁场与无线技术,,,612,
1664,西安邮电大学,,计算机科学与技术,,,623,
1664,西安邮电大学,,智能感知工程,,,607,
1664,西安邮电大学,,电气工程及其自动化,,,617,
0697,西北大学,,物理学,,,616,
0697,西北大学,,经济统计学,,,613,
0697,西北大学,,金融学,,,601,
0697,西北大学,,信息管理与信息系统,,,616,
0697,西北大学,,文物保护技术,,,585,
0697,西北大学,,数学与应用数学,,,624,
0697,西北大学,,数学类(数学与应用数学、信息与计算科学、应用统计学),,,622,
0697,西北大学,,物理学类(物理学、应用物理学、材料物理、光电信息科学与工程),,,614,
0697,西北大学,,地质类(地质工程、资源勘查工程),,,589,
0697,西北大学,,地理科学类(自然地理与资源环境、人文地理与城乡规划、地理信息科学),,,597,
0697,西北大学,,城乡规划,,,584,
0697,西北大学,,生物医学科学,,,602,
0697,西北大学,,计算机类(计算机科学与技术、物联网工程、软件工程),,,627,
0699,西北工业大学,,航空航天类(智慧三航本研衔接班)(飞行器设计与工程、计算机科学与技术),,,676,
0699,西北工业大学,,航空航天类(黄玉珊航空班)(飞行器设计与工程),,,675,
0699,西北工业大学,,航空航天类(航空)(飞行器设计与工程、飞行器控制与信息工程、航空航天工程),,,671,
0699,西北工业大学,,航空航天类(航天)(飞行器设计与工程、飞行器动力工程、飞行器控制与信息工程、航空航天工程),,,671,
0699,西北工业大学,,海洋工程类(智慧海洋试验班)(船舶与海洋工程、水声工程、信息工程、海洋工程与技术),,,664,
0699,西北工业大学,,材料类(航宇新材料试验班)(材料科学与工程、材料成型及控制工程、复合材料与工程、增材制造工程),,,666,
0699,西北工业大学,,机械类(航宇智能制造试验班)(飞行器制造工程、微机电系统工程、机械电子工程、机械设计制造及其自动化、工业设计、工业工程),,,667,
0699,西北工业大学,,能源动力类(航空动力与新能源试验班)(飞行器动力工程、能源与动力工程),,,668,
0699,西北工业大学,,电子信息类(电子科学与技术、电子信息工程、探测制导与控制技术、通信工程),,,671,
0699,西北工业大学,,自动化类(自动化、电气工程及其自动化、机器人工程),,,669,
0699,西北工业大学,,计算机类(计算机科学与技术、物联网工程、数据科学与大数据技术、人工智能、智能交互设计),,,672,
0699,西北工业大学,,软件工程,,,668,
0699,西北工业大学,,数学类(数学与交叉科学试验班)(数学与应用数学、信息与计算科学、统计学),,,663,
0699,西北工业大学,,材料科学与工程(中外合作办学),,,636,
0699,西北工业大学,,高分子材料与工程(中外合作办学),,,631,
0742,西北民族大学,,少数民族预科班,,,457,
0742,西北民族大学,,电子信息类(电子信息工程、通信工程),,,486,
0742,西北民族大学,,化工与制药类(化学工程与工艺、制药工程),,,463,
0742,西北民族大学,,教育技术学,,,470,
0742,西北民族大学,,数字媒体技术,,,490,
0742,西北民族大学,,文物保护技术,,,505,
0742,西北民族大学,,动物科学,,,469,
0742,西北民族大学,,动物医学,,,499,
0742,西北民族大学,,生物工程,,,457,
0742,西北民族大学,,生物技术,,,460,
0742,西北民族大学,,食品科学与工程,,,466,
0742,西北民族大学,,计算机类(计算机科学与技术、软件工程、物联网工程、数据科学与大数据技术),,,487,
0742,西北民族大学,,土木工程,,,457,
0742,西北民族大学,,无机非金属材料工程,,,458,
0742,西北民族大学,,应用化学,,,465,
0742,西北民族大学,,电气工程及其自动化,,,511,
0742,西北民族大学,,物理学,,,486,
0742,西北民族大学,,自动化,,,493,
0742,西北民族大学,,道路桥梁与渡河工程,,,461,
0742,西北民族大学,,高分子材料与工程,,,461,
0742,西北民族大学,,人工智能,,,483,
0742,西北民族大学,,环境工程,,,458,
0742,西北民族大学,,财务管理,,,476,
0742,西北民族大学,,经济学,,,471,
0712,西北农林科技大学,,农学(农学类),,,616,
0712,西北农林科技大学,,智慧农业,,,603,
0712,西北农林科技大学,,植物保护,,,599,
0712,西北农林科技大学,,制药工程,,,608,
0712,西北农林科技大学,,园艺(园艺类),,,596,
0712,西北农林科技大学,,设施农业科学与工程,,,601,
0712,西北农林科技大学,,动物科学,,,601,
0712,西北农林科技大学,,草业科学,,,595,
0712,西北农林科技大学,,动物医学类(动物医学、动物药学),,,608,
0712,西北农林科技大学,,林学类(林学、森林保护),,,602,
0712,西北农林科技大学,,林业工程类(林产化工、木材科学与工程),,,596,
0712,西北农林科技大学,,智慧林业,,,599,
0712,西北农林科技大学,,园林,,,602,
0712,西北农林科技大学,,风景园林,,,596,
0712,西北农林科技大学,,城乡规划,,,600,
0712,西北农林科技大学,,资源环境科学,,,597,
0712,西北农林科技大学,,地理信息科学,,,608,
0712,西北农林科技大学,,水土保持与荒漠化防治,,,596,
0712,西北农林科技大学,,水利类(水利水电工程、水文与水资源工程、农业水利工程、能源与动力工程),,,608,
0712,西北农林科技大学,,电气工程及其自动化,,,628,
0712,西北农林科技大学,,土木工程,,,597,
0712,西北农林科技大学,,智慧水利,,,607,
0712,西北农林科技大学,,机械类(机械设计制造及其自动化、机械电子工程、车辆工程),,,619,
0712,西北农林科技大学,,农业智能装备工程,,,609,
0712,西北农林科技大学,,电子信息工程,,,629,
0712,西北农林科技大学,,计算机类(计算机科学与技术、软件工程、数据科学与大数据技术、电子商务、信息管理与信息系统),,,625,
0712,西北农林科技大学,,食品科学与工程类(食品科学与工程、食品质量与安全),,,608,
0712,西北农林科技大学,,葡萄与葡萄酒工程,,,596,
0712,西北农林科技大学,,葡萄与葡萄酒工程(卓越工程师班),,,603,
0712,西北农林科技大学,,生物科学类(生物科学、生物技术、生物工程),,,611,
0712,西北农林科技大学,,信息与计算科学,,,621,
0712,西北农林科技大学,,光电信息科学与工程,,,624,
0712,西北农林科技大学,,数学与应用数学,,,622,
0712,西北农林科技大学,,化学类(应用化学、化学生物学),,,612,
0712,西北农林科技大学,,工商管理类(会计学、工商管理、农林经济管理、土地资源管理、市场营销),,,598,
0712,西北农林科技大学,,经济学类(经济学、金融学、国际经济与贸易),,,604,
0712,西北农林科技大学,,经济学(基础拔尖培养班),,,610,
0712,西北农林科技大学,,植物生产类(卓越班)(农学、植物保护、园艺),,,610,
0712,西北农林科技大学,,动物医学(卓越班),,,617,
0712,西北农林科技大学,,植物保护(中外合作办学),,,585,
0712,西北农林科技大学,,环境科学(中外合作办学),,,589,
0712,西北农林科技大学,,食品科学与工程(中外合作办学),,,586,
0736,西北师范大学,,化学工程与工艺,,,487,
0736,西北师范大学,,数学与应用数学(师范类),,,586,
0736,西北师范大学,,物联网工程,,,551,
0736,西北师范大学,,生物科学(师范类),,,550,
0736,西北师范大学,,计算机科学与技术,,,564,
0736,西北师范大学,,化学(师范类),,,572,
0736,西北师范大学,,公共管理类(行政管理、劳动与社会保障),,,486,
0726,西北政法大学,,经济学类(经济学、金融学、国际经济与贸易),,,597,
0726,西北政法大学,,法学(民商法),,,639,
0628,西昌学院,,工程管理,,,458,
0623,西华大学,,自动化,,,584,
0623,西华大学,,日语,,,528,
0623,西华大学,,土木工程,,,535,
0623,西华大学,,电子信息类(通信工程、信息工程),,,584,
0623,西华大学,,工商管理,,,542,
0623,西华大学,,边防军人子女预科班,,,413,
0638,西华师范大学,,商务英语,,,493,
0638,西华师范大学,,电子信息科学与技术,,,507,
0638,西华师范大学,,环境科学,,,452,
6302,西交利物浦大学,,数学类(中外合作办学)[数学与应用数学(中外合作办学)、数据科学与大数据技术(中外合作办学)],,,584,
6302,西交利物浦大学,,电子信息类(中外合作办学)[计算机科学与技术(中外合作办学)、电子科学与技术(中外合作办学)、电气工程及其自动化(中外合作办学)、通信工程(中外合作办学)、信息与计算科学(中外合作办学)、数字媒体技术(中外合作办学)、工业设计(中外合作办学)、机械电子工程(中外合作办学)、智能制造工程(中外合作办学)、机器人工程(中外合作办学)、物联网工程(中外合作办学)、微电子科学与工程(中外合作办学)、信息管理与信息系统(中外合作办学)],,,588,
6302,西交利物浦大学,,生物科学类(中外合作办学)[生物科学(中外合作办学)、生物信息学(中外合作办学)、环境科学(中外合作办学)、应用化学(中外合作办学)、应用统计学(中外合作办学)、药学(中外合作办学)、生物制药(中外合作办学)],,,587,
6302,西交利物浦大学,,工商管理类(中外合作办学)[会计学(中外合作办学)、工商管理(中外合作办学)、人力资源管理(中外合作办学)、国际商务(中外合作办学)、市场营销(中外合作办学)、供应链管理(中外合作办学)、经济与金融(中外合作办学)、经济学(中外合作办学)],,,584,
6302,西交利物浦大学,,金融学类(中外合作办学)[精算学(中外合作办学)、金融数学(中外合作办学)],,,587,
0651,西南财经大学,,金融学类[金融学、金融学(证券与期货方向)、金融学(双语实验班)、信用管理、投资学],,,632,
0651,西南财经大学,,金融学(智能金融与区块链金融),,,651,
0651,西南财经大学,,金融工程,,,630,
0651,西南财经大学,,金融科技,,,637,
0651,西南财经大学,,精算学,,,641,
0651,西南财经大学,,工商管理类(会计学院)[会计学(大数据会计)、财务管理、审计学],,,640,
0651,西南财经大学,,会计学(注册会计师专门化方向),,,651,
0651,西南财经大学,,会计学(双语实验班),,,647,
0651,西南财经大学,,统计学类(统计学、数据科学与大数据技术),,,640,
0651,西南财经大学,,经济统计学,,,631,
0651,西南财经大学,,工商管理类[工商管理、工商管理(双语实验班)、市场营销、旅游管理、供应链管理、人力资源管理],,,623,
0651,西南财经大学,,财政学类(财政学、税收学),,,639,
0651,西南财经大学,,经济与贸易类[国际商务(双语实验班)、国际经济与贸易(双语实验班)],,,633,
0651,西南财经大学,,金融学(经管国际化创新实验班),,,644,
0651,西南财经大学,,管理科学与工程类(信息管理与信息系统、电子商务、管理科学、计算金融、大数据管理与应用),,,622,
0651,西南财经大学,,计算机类(人工智能、计算机科学与技术、网络空间安全),,,635,
0651,西南财经大学,,法学(法学与会计学双学位),,,646,
0651,西南财经大学,,数学与应用数学(数学与经济学双学位),,,642,
0651,西南财经大学,,金融数学,,,641,
4037,西南财经大学天府学院,,会计学,,,477,
0635,西南大学,,经济学类(经济学、金融学),,,626,
0635,西南大学,,机械类(机械设计制造及其自动化、智能车辆工程、智能制造工程),,,627,
0635,西南大学,,生物技术,,,615,
0635,西南大学,,计算机科学与技术(中外合作办学),,,614,
0635,西南大学,,软件工程(中外合作办学),,,609,
0635,西南大学,,自动化(中外合作办学),,,607,
0635,西南大学,,心理学(中外合作办学),,,587,
0635,西南大学,,植物科学与技术(中外合作办学),,,567,
0635,西南大学,,电子信息工程(中外合作办学),,,609,
0635,西南大学,,经济学(中外合作办学),,,598,
0635,西南大学,,生物技术(中外合作办学),,,585,
0635,西南大学,,食品质量与安全(中外合作办学),,,574,
9635,西南大学(荣昌校区),,动物科学(中外合作办学),,,555,
0613,西南交通大学,,土木工程,,,593,
0613,西南交通大学,,道路桥梁与渡河工程,,,609,
0613,西南交通大学,,工程造价,,,606,
0613,西南交通大学,,机械类(机械设计制造及其自动化、测控技术与仪器、工业工程),,,631,
0613,西南交通大学,,能源动力类(建筑环境与能源应用工程、能源与动力工程),,,627,
0613,西南交通大学,,电气工程及其自动化,,,640,
0613,西南交通大学,,电子信息工程,,,639,
0613,西南交通大学,,大功率半导体科学与工程,,,636,
0613,西南交通大学,,电子信息类(微电子科学与工程、电子科学与技术),,,638,
0613,西南交通大学,,通信工程,,,636,
0613,西南交通大学,,轨道交通信号与控制,,,633,
0613,西南交通大学,,人工智能,,,635,
0613,西南交通大学,,计算机类(计算机科学与技术、软件工程),,,646,
0613,西南交通大学,,交通运输类(交通运输、交通工程),,,634,
0613,西南交通大学,,工程力学,,,620,
0613,西南交通大学,,制药工程,,,608,
0613,西南交通大学,,数学与应用数学,,,632,
0613,西南交通大学,,统计学,,,628,
0613,西南交通大学,,数据科学与大数据技术,,,634,
0613,西南交通大学,,建筑类(城乡规划、风景园林),,,588,
0613,西南交通大学,,建筑学,,,601,
0613,西南交通大学,,测绘类(测绘工程、遥感科学与技术、地理信息科学),,,611,
0613,西南交通大学,,地质工程,,,604,
0613,西南交通大学,,应用物理学,,,620,
0613,西南交通大学,,电子信息科学与技术,,,640,
0613,西南交通大学,,材料类(材料科学与工程、材料成型及控制工程),,,611,
0613,西南交通大学,,智能制造工程,,,630,
0613,西南交通大学,,新能源科学与工程,,,625,
0613,西南交通大学,,智能建造,,,616,
0613,西南交通大学,,城市设计,,,595,
0613,西南交通大学,,智慧交通,,,633,
0613,西南交通大学,,化学,,,608,
0613,西南交通大学,,生物医学工程,,,621,
0613,西南交通大学,,经济与贸易类(经济学、金融学),,,606,
0613,西南交通大学,,工商管理类(信息管理与信息系统、工商管理、会计学、工程管理),,,606,
0613,西南交通大学,,生物工程(中外合作办学),,,581,
0613,西南交通大学,,安全工程(中外合作办学),,,582,
0613,西南交通大学,,环境工程(中外合作办学),,,578,
0613,西南交通大学,,机械设计制造及其自动化(中外合作办学),,,616,
0613,西南交通大学,,电子信息工程(中外合作办学),,,622,
0613,西南交通大学,,计算机科学与技术(中外合作办学),,,625,
0613,西南交通大学,,土木工程(中外合作办学),,,582,
0613,西南交通大学,,材料科学与工程(中外合作办学),,,593,
4262,西南交通大学希望学院,,土木工程,,,437,
4262,西南交通大学希望学院,,工程管理,,,448,
4262,西南交通大学希望学院,,交通运输,,,450,
0619,西南科技大学,,电子信息类(电子信息工程、通信工程、人工智能、物联网工程),,,575,
0619,西南科技大学,,建筑类(建筑学、城乡规划),,,527,
0619,西南科技大学,,工程管理,,,516,
0619,西南科技大学,,制药工程,,,539,
0619,西南科技大学,,计算机类(计算机科学与技术、软件工程、信息安全),,,582,
0619,西南科技大学,,光电信息科学与工程,,,574,
0677,西南林业大学,,应用化学,,,479,
0677,西南林业大学,,生物技术,,,519,
0677,西南林业大学,,生态学,,,441,
0677,西南林业大学,,应用统计学,,,517,
0677,西南林业大学,,机械电子工程,,,535,
0677,西南林业大学,,高分子材料与工程,,,492,
0677,西南林业大学,,计算机科学与技术,,,539,
0677,西南林业大学,,数据科学与大数据技术,,,527,
0677,西南林业大学,,森林工程,,,492,
0677,西南林业大学,,食品科学与工程,,,503,
0677,西南林业大学,,风景园林,,,508,
0677,西南林业大学,,林学,,,497,
0677,西南林业大学,,园林,,,495,
0677,西南林业大学,,机械电子工程(中外合作办学),,,466,
0677,西南林业大学,,经济林,,,476,
0656,西南民族大学,,旅游管理,,,512,
0656,西南民族大学,,金融工程,,,542,
0656,西南民族大学,,财务管理,,,556,
0656,西南民族大学,,信息与计算科学,,,554,
0656,西南民族大学,,数学与应用数学(师范类),,,552,
0656,西南民族大学,,化学类(化学、应用化学),,,520,
0656,西南民族大学,,化学工程与工艺,,,527,
0656,西南民族大学,,环境科学与工程类(环境工程、环境科学),,,499,
0656,西南民族大学,,电子信息工程,,,569,
0656,西南民族大学,,通信工程,,,567,
0656,西南民族大学,,人工智能,,,566,
0656,西南民族大学,,自动化,,,568,
0656,西南民族大学,,计算机类(计算机科学与技术、软件工程、网络工程、物联网工程),,,572,
0656,西南民族大学,,建筑学,,,504,
0656,西南民族大学,,风景园林,,,523,
0656,西南民族大学,,食品科学与工程类(食品科学与工程、食品质量与安全),,,524,
0656,西南民族大学,,生物技术,,,517,
0656,西南民族大学,,动物科学,,,502,
0656,西南民族大学,,动物医学,,,558,
0656,西南民族大学,,草业科学,,,491,
0656,西南民族大学,,药学,,,541,
0656,西南民族大学,,中药学,,,520,
0615,西南石油大学,,石油工程,,,601,
0615,西南石油大学,,油气储运工程,,,610,
0615,西南石油大学,,海洋油气工程,,,599,
0615,西南石油大学,,资源勘查工程,,,594,
0615,西南石油大学,,城市地下空间工程,,,565,
0615,西南石油大学,,机械工程,,,596,
0615,西南石油大学,,测控技术与仪器,,,592,
0615,西南石油大学,,应用化学,,,588,
0615,西南石油大学,,化学工程与工艺,,,590,
0615,西南石油大学,,新能源材料与器件,,,592,
0615,西南石油大学,,计算机类(计算机科学与技术、软件工程、物联网工程、数据科学与大数据技术、网络空间安全),,,602,
0615,西南石油大学,,电气工程及其自动化,,,606,
0615,西南石油大学,,自动化,,,598,
0615,西南石油大学,,通信工程,,,597,
0615,西南石油大学,,土木工程,,,548,
0615,西南石油大学,,工商管理,,,561,
0615,西南石油大学,,会计学,,,591,
0632,西南医科大学,,临床医学,,,593,
0632,西南医科大学,,预防医学,,,532,
0632,西南医科大学,,医学检验技术,,,539,
0632,西南医科大学,,生物医学工程,,,530,
0632,西南医科大学,,康复治疗学,,,507,
0632,西南医科大学,,中药学,,,539,
0632,西南医科大学,,药学,,,544,
0632,西南医科大学,,临床药学,,,543,
0652,西南政法大学,,法学,,,644,
0652,西南政法大学,,知识产权,,,634,
0652,西南政法大学,,刑事科学技术,,,625,
0652,西南政法大学,,工商管理类(工商管理、市场营销、会计学、审计学、劳动关系、电子商务及法律),,,619,
0652,西南政法大学,,法学(工管双学位),,,649,
0652,西南政法大学,,金融学,,,622,
0652,西南政法大学,,法学(英语双学位),,,652,
0652,西南政法大学,,法学(中外合作办学),,,635,
0694,西藏大学,,财务管理,,,526,
0694,西藏大学,,物理学(师范类),,,525,
0694,西藏大学,,临床医学,,,542,
0693,西藏农牧学院,,植物保护,,,446,
0693,西藏农牧学院,,动物医学,,,450,
0693,西藏农牧学院,,生物技术,,,445,
0693,西藏农牧学院,,生态学,,,450,
0693,西藏农牧学院,,农业资源与环境,,,447,
0693,西藏农牧学院,,林学,,,448,
0693,西藏农牧学院,,园林,,,452,
0693,西藏农牧学院,,土木工程,,,445,
0693,西藏农牧学院,,水利水电工程,,,449,
0693,西藏农牧学院,,电气工程及其自动化,,,458,
0693,西藏农牧学院,,应用化学,,,450,
0384,厦门大学,,公共管理类(政治学与行政学、行政管理、国际政治、马克思主义理论),,,645,
0384,厦门大学,,经济学类(金融学、财政学、税收学、国际经济与贸易、经济学),,,658,
0384,厦门大学,,会计学(含会计、财务、审计),,,664,
0384,厦门大学,,工商管理类[人力资源管理、工商管理、市场营销(含数智营销方向)、旅游管理],,,655,
0384,厦门大学,,数学类(数学与应用数学、信息与计算科学、统计学),,,666,
0384,厦门大学,,物理学类(物理学、天文学),,,664,
0384,厦门大学,,工科试验班(化工与材料类)(化学工程与工艺、材料科学与工程),,,657,
0384,厦门大学,,能源动力类(新能源科学与工程、储能科学与工程),,,663,
0384,厦门大学,,计算机类(计算机科学与技术、网络空间安全、人工智能、软件工程),,,667,
0384,厦门大学,,电子信息类(电子信息工程、集成电路设计与集成系统、微电子科学与工程、电子信息科学与技术、通信工程),,,667,
0384,厦门大学,,工科试验班(航空航天)(机械设计制造及其自动化、测控技术与仪器、自动化、飞行器设计与工程、飞行器动力工程),,,663,
0384,厦门大学,,理科试验班(生命科学与药学类)(生物科学、生物技术、药学),,,663,
0384,厦门大学,,金融学(厦门大学马来西亚分校招生专业),,,618,
0384,厦门大学,,会计学(厦门大学马来西亚分校招生专业),,,621,
0384,厦门大学,,化学工程与工艺(厦门大学马来西亚分校招生专业),,,609,
0384,厦门大学,,计算机科学与技术(厦门大学马来西亚分校招生专业),,,616,
0384,厦门大学,,软件工程(厦门大学马来西亚分校招生专业),,,613,
0384,厦门大学,,电子信息工程(厦门大学马来西亚分校招生专业),,,614,
0384,厦门大学,,海洋科学(厦门大学马来西亚分校招生专业),,,609,
0384,厦门大学,,人工智能(厦门大学马来西亚分校招生专业),,,617,
0384,厦门大学,,网络空间安全(厦门大学马来西亚分校招生专业),,,611,
3469,厦门大学嘉庚学院,,国际经济与贸易,,,456,
3469,厦门大学嘉庚学院,,英语,,,453,
3469,厦门大学嘉庚学院,,新闻学,,,462,
3469,厦门大学嘉庚学院,,机械设计制造及其自动化,,,458,
3469,厦门大学嘉庚学院,,通信工程,,,450,
3469,厦门大学嘉庚学院,,光电信息科学与工程,,,450,
3469,厦门大学嘉庚学院,,软件工程,,,481,
3469,厦门大学嘉庚学院,,智能科学与技术,,,460,
3469,厦门大学嘉庚学院,,数据科学与大数据技术,,,468,
3469,厦门大学嘉庚学院,,工程造价,,,448,
3115,厦门工学院,,机械工程,,,437,
3115,厦门工学院,,新能源材料与器件,,,412,
3115,厦门工学院,,通信工程,,,433,
3115,厦门工学院,,土木工程,,,385,
3115,厦门工学院,,工程管理,,,410,
3115,厦门工学院,,工程造价,,,421,
3115,厦门工学院,,建筑学,,,396,
3115,厦门工学院,,风景园林,,,410,
3115,厦门工学院,,信息与计算科学,,,426,
2709,厦门华厦学院,,机械设计制造及其自动化,,,428,
2709,厦门华厦学院,,通信工程,,,413,
2709,厦门华厦学院,,物联网工程,,,400,
2709,厦门华厦学院,,制药工程,,,392,
2709,厦门华厦学院,,环境科学与工程,,,381,
2709,厦门华厦学院,,食品质量与安全,,,436,
2709,厦门华厦学院,,物流工程,,,413,
2709,厦门华厦学院,,金融学,,,427,
2709,厦门华厦学院,,供应链管理,,,415,
2709,厦门华厦学院,,会展经济与管理,,,408,
2709,厦门华厦学院,,商务英语,,,435,
1062,厦门理工学院,,机械设计制造及其自动化,,,573,
1062,厦门理工学院,,材料科学与工程,,,540,
1062,厦门理工学院,,光电信息科学与工程,,,566,
1062,厦门理工学院,,电气工程及其自动化,,,564,
1062,厦门理工学院,,电子信息工程(中外合作办学),,,547,
0722,咸阳师范学院,,生物科学(师范类),,,497,
0722,咸阳师范学院,,数据科学,,,446,
X012,香港珠海学院,,商学院(会计及银行；工商管理学；财务金融学；金融及资讯管理学),,,404,
X012,香港珠海学院,,理工学院(资讯科学；土木工程；建造工程及管理；建筑学),,,413,
0545,湘南学院,,金融工程,,,477,
0545,湘南学院,,数学与应用数学(师范类),,,509,
0545,湘南学院,,信息与计算科学,,,497,
0545,湘南学院,,供应链管理,,,469,
0545,湘南学院,,电子信息科学与技术,,,509,
0545,湘南学院,,计算机科学与技术,,,526,
0545,湘南学院,,护理学,,,502,
0545,湘南学院,,人工智能,,,491,
0545,湘南学院,,临床药学,,,508,
0545,湘南学院,,口腔医学,,,564,
0545,湘南学院,,临床医学,,,527,
0530,湘潭大学,,金融学,,,568,
0530,湘潭大学,,工商管理,,,558,
0530,湘潭大学,,数学类(数学与应用数学、信息与计算科学、统计学),,,617,
0530,湘潭大学,,数据科学与大数据技术,,,609,
0530,湘潭大学,,物理学,,,590,
0530,湘潭大学,,微电子科学与工程,,,608,
0530,湘潭大学,,光电信息科学与工程,,,600,
0530,湘潭大学,,材料科学与工程,,,581,
0530,湘潭大学,,化学,,,572,
0530,湘潭大学,,应用化学,,,568,
0530,湘潭大学,,化学工程与工艺,,,579,
0530,湘潭大学,,制药工程,,,573,
0530,湘潭大学,,机械设计制造及其自动化,,,595,
0530,湘潭大学,,智能制造工程,,,595,
0530,湘潭大学,,能源与动力工程,,,592,
0530,湘潭大学,,自动化,,,601,
0530,湘潭大学,,电子信息工程,,,609,
0530,湘潭大学,,软件工程,,,614,
0530,湘潭大学,,土木工程,,,544,
0124,忻州师范学院,,通信工程,,,474,
0124,忻州师范学院,,电子信息科学与技术,,,484,
0124,忻州师范学院,,法学,,,524,
0124,忻州师范学院,,化学(师范类),,,511,
0124,忻州师范学院,,应用化学,,,464,
0124,忻州师范学院,,计算机科学与技术(师范类),,,506,
0124,忻州师范学院,,数字媒体技术,,,521,
0124,忻州师范学院,,数据科学与大数据技术,,,486,
0124,忻州师范学院,,旅游管理,,,457,
0124,忻州师范学院,,数学与应用数学(师范类),,,517,
0124,忻州师范学院,,小学教育(师范类),,,511,
0124,忻州师范学院,,翻译,,,480,
0124,忻州师范学院,,科学教育(师范类),,,458,
0124,忻州师范学院,,物理学(师范类),,,489,
0124,忻州师范学院,,工商管理,,,472,
0124,忻州师范学院,,统计学,,,471,
0766,新疆财经大学,,金融学,,,483,
0766,新疆财经大学,,金融科技,,,468,
0766,新疆财经大学,,金融工程,,,467,
0766,新疆财经大学,,保险学,,,465,
0766,新疆财经大学,,经济统计学,,,477,
0766,新疆财经大学,,统计学,,,491,
0766,新疆财经大学,,金融数学,,,454,
0766,新疆财经大学,,数据科学与大数据技术,,,463,
0766,新疆财经大学,,工商管理,,,467,
0766,新疆财经大学,,市场营销,,,456,
0766,新疆财经大学,,物流管理,,,455,
0766,新疆财经大学,,会计学,,,521,
0766,新疆财经大学,,财务管理,,,512,
0766,新疆财经大学,,经济学,,,478,
0766,新疆财经大学,,数字经济,,,462,
0766,新疆财经大学,,财政学,,,483,
0766,新疆财经大学,,税收学,,,494,
0766,新疆财经大学,,行政管理,,,456,
0766,新疆财经大学,,国际经济与贸易,,,456,
0766,新疆财经大学,,国际商务,,,459,
0766,新疆财经大学,,法学,,,514,
0766,新疆财经大学,,网络与新媒体,,,473,
0766,新疆财经大学,,电子商务,,,459,
0766,新疆财经大学,,计算机科学与技术,,,476,
0766,新疆财经大学,,网络空间安全,,,467,
0766,新疆财经大学,,能源经济,,,476,
0755,新疆大学,,经济学,,,552,
0755,新疆大学,,法学,,,586,
0755,新疆大学,,英语,,,540,
0755,新疆大学,,旅游管理,,,519,
0755,新疆大学,,数学与应用数学,,,585,
0755,新疆大学,,信息与计算科学,,,584,
0755,新疆大学,,材料成型及控制工程,,,573,
0755,新疆大学,,能源化学工程,,,563,
0755,新疆大学,,生物工程,,,558,
0755,新疆大学,,食品科学与工程,,,554,
0755,新疆大学,,智慧农业,,,554,
0755,新疆大学,,制药工程,,,553,
0755,新疆大学,,环境科学,,,540,
0755,新疆大学,,计算机科学与技术,,,607,
0755,新疆大学,,机械工程,,,577,
0755,新疆大学,,机械工程,,,591,
0755,新疆大学,,交通工程,,,560,
0755,新疆大学,,能源与动力工程,,,573,
0755,新疆大学,,城乡规划,,,543,
0755,新疆大学,,工程管理,,,541,
0755,新疆大学,,服装设计与工程,,,517,
0755,新疆大学,,地质工程,,,549,
0755,新疆大学,,资源勘查工程,,,550,
0755,新疆大学,,软件工程,,,567,
0755,新疆大学,,自动化,,,579,
3560,新疆第二医学院,,临床医学,,,501,
3560,新疆第二医学院,,口腔医学,,,551,
3560,新疆第二医学院,,中西医临床医学,,,499,
3560,新疆第二医学院,,医学检验技术,,,495,
3560,新疆第二医学院,,医学影像技术,,,485,
3560,新疆第二医学院,,康复治疗学,,,484,
3560,新疆第二医学院,,预防医学,,,469,
3560,新疆第二医学院,,麻醉学,,,513,
0994,新疆工程学院,,安全工程,,,448,
0994,新疆工程学院,,焊接技术与工程,,,452,
0994,新疆工程学院,,机械电子工程,,,455,
0994,新疆工程学院,,机械设计制造及其自动化,,,460,
0994,新疆工程学院,,测控技术与仪器,,,456,
0994,新疆工程学院,,自动化,,,464,
0994,新疆工程学院,,采矿工程,,,452,
0994,新疆工程学院,,地质工程,,,450,
0994,新疆工程学院,,电气工程及其自动化,,,473,
0994,新疆工程学院,,能源与动力工程,,,466,
0994,新疆工程学院,,土木工程,,,448,
0994,新疆工程学院,,数据科学与大数据技术,,,459,
0994,新疆工程学院,,通信工程,,,454,
0994,新疆工程学院,,物联网工程,,,456,
0994,新疆工程学院,,飞行器运维工程,,,450,
0765,新疆和田学院,,小学教育(师范类),,,474,
0765,新疆和田学院,,计算机科学与技术,,,448,
0765,新疆和田学院,,数据科学与大数据技术,,,448,
0765,新疆和田学院,,医学检验技术,,,463,
2734,新疆警察学院,,数据科学与大数据技术,,,453,
2734,新疆警察学院,,网络空间安全,,,458,
3561,新疆科技学院,,护理学,,,470,
3561,新疆科技学院,,会计学,,,481,
3561,新疆科技学院,,财务管理,,,467,
3561,新疆科技学院,,工程审计,,,451,
3561,新疆科技学院,,金融学,,,452,
3561,新疆科技学院,,国际经济与贸易,,,451,
3561,新疆科技学院,,人力资源管理,,,454,
3561,新疆科技学院,,市场营销,,,451,
3561,新疆科技学院,,旅游管理,,,452,
3561,新疆科技学院,,计算机科学与技术,,,453,
3561,新疆科技学院,,信息安全,,,449,
3561,新疆科技学院,,电子商务,,,452,
3561,新疆科技学院,,药学,,,454,
3561,新疆科技学院,,康复治疗学,,,453,
3558,新疆理工学院,,机械设计制造及其自动化,,,462,
3558,新疆理工学院,,机器人工程,,,453,
3558,新疆理工学院,,土木工程,,,450,
3558,新疆理工学院,,电气工程及其自动化,,,469,
3558,新疆理工学院,,物流工程,,,456,
3558,新疆理工学院,,食品安全与检测,,,452,
3558,新疆理工学院,,食品卫生与营养学,,,454,
0758,新疆农业大学,,经济与贸易类(国际经济与贸易),,,453,
0758,新疆农业大学,,英语,,,453,
0758,新疆农业大学,,数学与应用数学,,,455,
0758,新疆农业大学,,生态学,,,451,
0758,新疆农业大学,,电气工程及其自动化,,,483,
0758,新疆农业大学,,人工智能,,,457,
0758,新疆农业大学,,计算机科学与技术,,,472,
0758,新疆农业大学,,食品科学与工程,,,456,
0758,新疆农业大学,,食品质量与安全,,,454,
0758,新疆农业大学,,葡萄与葡萄酒工程,,,451,
0758,新疆农业大学,,农学,,,464,
0758,新疆农业大学,,植物保护,,,451,
0758,新疆农业大学,,种子科学与工程,,,454,
0758,新疆农业大学,,动物科学,,,454,
0758,新疆农业大学,,动物医学,,,494,
0758,新疆农业大学,,水产养殖学,,,448,
0758,新疆农业大学,,药学,,,458,
0758,新疆农业大学,,工商管理类(会计学、人力资源管理、市场营销),,,449,
0762,新疆师范大学,,公共事业管理,,,457,
0762,新疆师范大学,,国际经济与贸易,,,458,
0762,新疆师范大学,,教育技术学(师范类),,,504,
0762,新疆师范大学,,小学教育(师范类),,,518,
0762,新疆师范大学,,俄语,,,459,
0762,新疆师范大学,,数学与应用数学(师范类),,,533,
0762,新疆师范大学,,物理学(师范类),,,514,
0762,新疆师范大学,,计算机科学与技术(师范类),,,479,
0762,新疆师范大学,,地理科学(师范类),,,511,
0762,新疆师范大学,,地理信息科学,,,488,
0762,新疆师范大学,,化学(师范类),,,513,
0762,新疆师范大学,,化学工程与工艺,,,457,
0762,新疆师范大学,,生物科学(师范类),,,499,
0762,新疆师范大学,,心理学(师范类),,,482,
0762,新疆师范大学,,应用心理学,,,483,
3727,新疆天山职业技术大学,,建筑装饰工程,,,414,
3727,新疆天山职业技术大学,,智能制造工程技术,,,426,
3727,新疆天山职业技术大学,,电梯工程技术,,,428,
3727,新疆天山职业技术大学,,无人机系统应用技术,,,432,
3727,新疆天山职业技术大学,,新能源汽车工程技术,,,446,
3727,新疆天山职业技术大学,,数字媒体技术,,,426,
3727,新疆天山职业技术大学,,大数据工程技术,,,428,
3727,新疆天山职业技术大学,,云计算技术,,,429,
3727,新疆天山职业技术大学,,财税大数据应用,,,447,
3727,新疆天山职业技术大学,,国际经济与贸易,,,410,
3727,新疆天山职业技术大学,,智能制造工程技术,,,418,
3727,新疆天山职业技术大学,,电梯工程技术,,,414,
3727,新疆天山职业技术大学,,新能源汽车工程技术,,,432,
3727,新疆天山职业技术大学,,财税大数据应用,,,415,
3727,新疆天山职业技术大学,,国际经济与贸易,,,414,
3727,新疆天山职业技术大学,,电子商务,,,399,
0760,新疆医科大学,,临床医学(“5+3一体化”),,,616,
0760,新疆医科大学,,临床医学,,,578,
0760,新疆医科大学,,口腔医学,,,596,
0760,新疆医科大学,,中西医临床医学,,,517,
0760,新疆医科大学,,中医学,,,518,
0760,新疆医科大学,,针灸推拿学,,,519,
0760,新疆医科大学,,儿科学,,,570,
0760,新疆医科大学,,麻醉学,,,574,
0760,新疆医科大学,,精神医学,,,523,
0760,新疆医科大学,,眼视光医学,,,565,
3628,新疆政法学院,,法学,,,486,
3628,新疆政法学院,,工商管理,,,455,
3628,新疆政法学院,,公共事业管理,,,453,
3628,新疆政法学院,,国际经济与贸易,,,456,
3628,新疆政法学院,,计算机科学与技术,,,449,
3628,新疆政法学院,,英语,,,454,
3628,新疆政法学院,,监狱学,,,468,
3628,新疆政法学院,,社区矫正,,,465,
3628,新疆政法学院,,财务管理,,,463,
3628,新疆政法学院,,学前教育,,,453,
3628,新疆政法学院,,司法警察学,,,480,
3628,新疆政法学院,,网络空间安全,,,455,
3628,新疆政法学院,,经济学,,,456,
3628,新疆政法学院,,政治学与行政学,,,464,
3628,新疆政法学院,,国家安全学,,,467,
3628,新疆政法学院,,数学与应用数学,,,449,
3628,新疆政法学院,,数据科学与大数据技术,,,448,
1071,新乡学院,,数学类(数学与应用数学、信息与计算科学),,,473,
1071,新乡学院,,材料类(材料科学与工程、新能源材料与器件),,,454,
1071,新乡学院,,电气工程及其自动化,,,487,
0472,新乡医学院,,临床医学,,,559,
0472,新乡医学院,,临床药学,,,496,
1508,新余学院,,新能源材料与器件,,,477,
1508,新余学院,,材料成型及控制工程,,,459,
1508,新余学院,,电气工程及其自动化,,,493,
0477,信阳师范大学,,土木工程(中外合作办学),,,444,
0104,邢台学院,,自然地理与资源环境,,,476,
0104,邢台学院,,计算机科学与技术,,,481,
0104,邢台学院,,会计学,,,502,
0104,邢台学院,,物流管理,,,470,
0104,邢台学院,,生物技术,,,455,
1053,徐州工程学院,,土木工程,,,459,
1053,徐州工程学院,,化学工程与工艺,,,501,
1066,烟台大学,,会计学,,,577,
1066,烟台大学,,统计学,,,561,
1066,烟台大学,,自动化,,,573,
1066,烟台大学,,机械设计制造及其自动化,,,577,
1066,烟台大学,,建筑学,,,523,
1066,烟台大学,,土木工程,,,503,
1066,烟台大学,,给排水科学与工程,,,475,
1066,烟台大学,,工程管理,,,527,
1066,烟台大学,,应用化学,,,520,
1066,烟台大学,,化学工程与工艺,,,532,
1066,烟台大学,,生物科学,,,523,
1066,烟台大学,,生物工程,,,521,
1066,烟台大学,,水产养殖学,,,470,
1066,烟台大学,,环境科学与工程,,,486,
1066,烟台大学,,材料科学与工程,,,517,
1066,烟台大学,,核工程与核技术,,,563,
1066,烟台大学,,边防军人子女预科班,,,470,
4002,烟台科技学院,,海洋信息工程,,,417,
4002,烟台科技学院,,物联网工程,,,448,
3359,烟台理工学院,,电子信息科学与技术,,,447,
3359,烟台理工学院,,计算机科学与技术,,,450,
3359,烟台理工学院,,工程管理,,,426,
2332,烟台南山学院,,纺织工程,,,434,
2332,烟台南山学院,,汉语国际教育,,,443,
2332,烟台南山学院,,化学工程与工艺,,,447,
2332,烟台南山学院,,计算机科学与技术,,,451,
2332,烟台南山学院,,金属材料工程,,,443,
2332,烟台南山学院,,自动化,,,449,
0719,延安大学,,经济学,,,494,
0719,延安大学,,金融学,,,495,
0719,延安大学,,数字经济,,,498,
0719,延安大学,,新能源科学与工程,,,505,
0719,延安大学,,化学工程与工艺,,,506,
0719,延安大学,,油气储运工程,,,493,
0719,延安大学,,工程管理,,,490,
0184,延边大学,,电子信息工程,,,590,
0184,延边大学,,通信工程,,,586,
0184,延边大学,,计算机科学与技术,,,592,
0184,延边大学,,人工智能,,,540,
0184,延边大学,,机械设计制造及其自动化,,,519,
0184,延边大学,,土木工程,,,542,
0184,延边大学,,护理学,,,467,
0184,延边大学,,工商管理,,,508,
0184,延边大学,,会计学,,,580,
0184,延边大学,,经济学类(经济学、国际经济与贸易),,,522,
0184,延边大学,,旅游管理,,,536,
0184,延边大学,,地理科学类(地理科学、地理信息科学),,,572,
0184,延边大学,,环境科学,,,534,
0184,延边大学,,化学类(化学、应用化学),,,582,
0184,延边大学,,数学类(数学与应用数学、统计学),,,588,
0184,延边大学,,物理学,,,583,
0184,延边大学,,动物科学,,,540,
0184,延边大学,,动物医学,,,556,
0184,延边大学,,生物技术,,,550,
0184,延边大学,,食品科学与工程,,,562,
0184,延边大学,,园林,,,546,
0184,延边大学,,植物生产类(农学、园艺),,,549,
0184,延边大学,,教育学类(小学教育、学前教育)(师范类),,,488,
0184,延边大学,,教育技术学(师范类),,,551,
0184,延边大学,,药学类(药学、药物制剂),,,529,
0184,延边大学,,临床医学,,,568,
0184,延边大学,,中医学,,,493,
0184,延边大学,,经济学(中外合作办学),,,536,
0184,延边大学,,通信工程(中外合作办学),,,562,
0184,延边大学,,少数民族预科班,,,543,
0305,盐城工学院,,高分子材料与工程,,,484,
0305,盐城工学院,,材料物理,,,468,
0324,盐城师范学院,,应用化学,,,460,
0216,燕山大学,,经济与金融,,,563,
0216,燕山大学,,外国语言文学类[英语、翻译(英语)],,,556,
0216,燕山大学,,信息与计算科学,,,590,
0216,燕山大学,,应用物理学,,,581,
0216,燕山大学,,应用化学,,,575,
0216,燕山大学,,统计学,,,590,
0216,燕山大学,,机械类(机械设计制造及其自动化、智能制造工程、机器人工程),,,614,
0216,燕山大学,,过程装备与控制工程,,,596,
0216,燕山大学,,车辆工程,,,608,
0216,燕山大学,,智能感知工程,,,597,
0216,燕山大学,,材料类(材料物理、金属材料工程、无机非金属材料工程、高分子材料与工程),,,577,
0216,燕山大学,,能源动力类(能源与动力工程、石油工程),,,600,
0216,燕山大学,,电气类(电气工程及其自动化、自动化、智能科学与技术),,,616,
0216,燕山大学,,电子信息类(电子信息工程、电子科学与技术),,,614,
0216,燕山大学,,计算机科学与技术,,,618,
0216,燕山大学,,软件工程,,,613,
0216,燕山大学,,土木类(土木工程、建筑环境与能源应用工程、工程力学),,,533,
0216,燕山大学,,化工与制药类(化学工程与工艺、能源化学工程、生物工程),,,571,
0216,燕山大学,,环境工程,,,554,
0216,燕山大学,,建筑学,,,553,
0216,燕山大学,,智能医学工程,,,569,
0216,燕山大学,,工商管理类(工商管理、会计学、旅游管理、电子商务),,,568,
0216,燕山大学,,工业工程,,,577,
0216,燕山大学,,工业工程(中外合作办学),,,510,
0216,燕山大学,,机械设计制造及其自动化,,,573,
0216,燕山大学,,电气工程及其自动化,,,592,
0216,燕山大学,,自动化,,,584,
0216,燕山大学,,电子科学与技术,,,541,
0216,燕山大学,,化学工程与工艺,,,478,
0216,燕山大学,,机械设计制造及其自动化,,,618,
0216,燕山大学,,车辆工程,,,612,
0216,燕山大学,,电子信息工程,,,618,
0216,燕山大学,,自动化,,,616,
0216,燕山大学,,生物工程,,,588,
1117,扬州大学,,物理学(含师范),,,600,
1117,扬州大学,,微电子科学与工程,,,611,
1117,扬州大学,,工程管理,,,586,
1117,扬州大学,,电气工程及其自动化,,,613,
1117,扬州大学,,环境工程,,,565,
1117,扬州大学,,给排水科学与工程,,,559,
1117,扬州大学,,农学,,,573,
1117,扬州大学,,植物保护,,,572,
1117,扬州大学,,草业科学,,,566,
1117,扬州大学,,动物医学,,,599,
1117,扬州大学,,实验动物学,,,584,
1117,扬州大学,,生物制药,,,582,
1117,扬州大学,,机械设计制造及其自动化,,,602,
1117,扬州大学,,土木工程,,,567,
1117,扬州大学,,能源与动力工程,,,594,
1117,扬州大学,,水利水电工程,,,593,
1117,扬州大学,,化学,,,591,
3987,扬州大学广陵学院,,机械设计制造及其自动化,,,453,
3987,扬州大学广陵学院,,软件工程,,,464,
3987,扬州大学广陵学院,,电气工程及其自动化,,,461,
3987,扬州大学广陵学院,,土木工程,,,423,
3987,扬州大学广陵学院,,建筑环境与能源应用工程,,,438,
3987,扬州大学广陵学院,,水利水电工程,,,448,
1784,仰恩大学,,人力资源管理,,,430,
0764,伊犁师范大学,,俄语,,,451,
0764,伊犁师范大学,,机械设计制造及其自动化,,,451,
0764,伊犁师范大学,,人工智能,,,451,
0764,伊犁师范大学,,计算机科学与技术,,,451,
0764,伊犁师范大学,,物联网工程,,,452,
0641,宜宾学院,,应用化学,,,461,
0641,宜宾学院,,机械电子工程,,,478,
0641,宜宾学院,,财务管理,,,500,
0641,宜宾学院,,质量管理工程,,,474,
0417,宜春学院,,临床医学,,,533,
0417,宜春学院,,护理学,,,503,
4435,营口理工学院,,金融工程,,,472,
4435,营口理工学院,,应用化学,,,460,
4435,营口理工学院,,机械设计制造及其自动化,,,470,
4435,营口理工学院,,材料成型及控制工程,,,454,
4435,营口理工学院,,机械电子工程,,,469,
4435,营口理工学院,,机械工艺技术,,,461,
4435,营口理工学院,,智能制造工程,,,466,
4435,营口理工学院,,材料科学与工程,,,456,
4435,营口理工学院,,无机非金属材料工程,,,455,
4435,营口理工学院,,复合材料与工程,,,454,
4435,营口理工学院,,焊接技术与工程,,,457,
4435,营口理工学院,,新能源材料与器件,,,464,
4435,营口理工学院,,能源与环境系统工程,,,457,
4435,营口理工学院,,新能源科学与工程,,,473,
4435,营口理工学院,,电气工程及其自动化,,,497,
4435,营口理工学院,,自动化,,,470,
4435,营口理工学院,,智能科学与技术,,,471,
4435,营口理工学院,,数据科学与大数据技术,,,470,
4435,营口理工学院,,化学工程与工艺,,,456,
4435,营口理工学院,,能源化学工程,,,457,
4435,营口理工学院,,化学工程与工业生物工程,,,455,
4435,营口理工学院,,环境科学与工程,,,457,
4435,营口理工学院,,大数据管理与应用,,,468,
4435,营口理工学院,,物流管理,,,465,
4435,营口理工学院,,物流工程,,,463,
4435,营口理工学院,,供应链管理,,,466,
0599,右江民族医学院,,临床医学,,,521,
0599,右江民族医学院,,医学影像学,,,531,
0599,右江民族医学院,,预防医学,,,490,
0599,右江民族医学院,,医学检验技术,,,508,
0599,右江民族医学院,,医学影像技术,,,503,
0599,右江民族医学院,,护理学,,,507,
0606,玉林师范学院,,智慧农业,,,448,
1390,玉溪师范学院,,化学(师范类),,,485,
1390,玉溪师范学院,,数学与应用数学(师范类),,,484,
1390,玉溪师范学院,,信息安全,,,458,
0689,云南财经大学,,金融学,,,538,
0689,云南财经大学,,管理科学,,,476,
0689,云南财经大学,,人力资源管理,,,513,
0689,云南财经大学,,会计学,,,569,
0689,云南财经大学,,供应链管理,,,492,
0689,云南财经大学,,行政管理,,,484,
0689,云南财经大学,,计算机科学与技术,,,548,
0689,云南财经大学,,国际商务,,,475,
0689,云南财经大学,,金融数学,,,516,
0689,云南财经大学,,国际经贸规则,,,518,
0673,云南大学,,经济学类(经济学、财政学、金融学、国际经济与贸易),,,581,
0673,云南大学,,法语,,,557,
0673,云南大学,,化学类(化学、高分子材料与工程、化学工程与工艺、制药工程),,,587,
0673,云南大学,,地理科学,,,584,
0673,云南大学,,地理信息科学,,,601,
0673,云南大学,,大气科学,,,607,
0673,云南大学,,地球物理学,,,582,
0673,云南大学,,生物技术,,,592,
0673,云南大学,,生物科学类(生物科学、生物技术),,,592,
0673,云南大学,,生态学,,,618,
0673,云南大学,,统计学,,,610,
0673,云南大学,,材料科学与工程,,,592,
0673,云南大学,,电子信息类(电子信息工程、通信工程),,,615,
0673,云南大学,,计算机类(计算机科学与技术、物联网工程、智能科学与技术、软件工程、数字媒体技术、网络空间安全、人工智能),,,612,
0673,云南大学,,土木工程(中外合作办学),,,534,
0673,云南大学,,建筑学,,,535,
0673,云南大学,,临床医学,,,608,
0673,云南大学,,工商管理类(工商管理、财务管理、会计学、人力资源管理、物流管理、旅游管理),,,581,
0673,云南大学,,档案学,,,581,
0673,云南大学,,新能源科学与工程,,,604,
0673,云南大学,,光电信息科学与工程,,,614,
0673,云南大学,,药学,,,590,
0673,云南大学,,公共事业管理,,,579,
2560,云南经济管理学院,,工程造价,,,411,
2560,云南经济管理学院,,土木工程,,,380,
2560,云南经济管理学院,,小学教育,,,430,
2560,云南经济管理学院,,市场营销,,,441,
2560,云南经济管理学院,,医学检验技术,,,428,
2560,云南经济管理学院,,医学影像技术,,,411,
0691,云南民族大学,,计算机科学与技术,,,540,
0691,云南民族大学,,土木工程,,,450,
0676,云南农业大学,,生物技术,,,516,
0676,云南农业大学,,种子科学与工程,,,519,
0676,云南农业大学,,动物科学,,,506,
0676,云南农业大学,,水产养殖学,,,487,
0676,云南农业大学,,植物保护,,,495,
0676,云南农业大学,,园林,,,491,
0676,云南农业大学,,电气工程及其自动化,,,562,
0676,云南农业大学,,农业机械化及其自动化,,,516,
0676,云南农业大学,,土木工程,,,478,
0676,云南农业大学,,工程管理,,,509,
0676,云南农业大学,,电子商务,,,510,
0681,云南师范大学,,网络空间安全,,,493,
0681,云南师范大学,,电子信息科学与技术,,,492,
0681,云南师范大学,,通信工程,,,506,
0681,云南师范大学,,自然地理与资源环境,,,499,
0681,云南师范大学,,农业建筑环境与能源工程,,,465,
0681,云南师范大学,,生物科学(师范类),,,552,
0680,云南中医药大学,,中医学,,,565,
0680,云南中医药大学,,中西医临床医学,,,514,
0680,云南中医药大学,,药学,,,532,
0680,云南中医药大学,,护理学,,,505,
0123,运城学院,,应用统计学,,,457,
0123,运城学院,,机械设计制造及其自动化,,,467,
0123,运城学院,,数字媒体技术,,,465,
0123,运城学院,,食品科学与工程,,,461,
0123,运城学院,,园林,,,459,
0123,运城学院,,生物科学(检验与检测),,,455,
4226,运城职业技术大学,,智能采矿技术,,,435,
4226,运城职业技术大学,,建筑工程,,,435,
4226,运城职业技术大学,,智能建造工程,,,442,
4226,运城职业技术大学,,机械设计制造及自动化,,,450,
4226,运城职业技术大学,,物联网工程技术,,,446,
4226,运城职业技术大学,,护理,,,440,
4226,运城职业技术大学,,康复治疗,,,440,
4226,运城职业技术大学,,旅游管理,,,432,
0904,枣庄学院,,通信工程,,,472,
4458,张家口学院,,会计学,,,504,
4458,张家口学院,,护理学,,,510,
3021,浙大城市学院,,软件工程,,,569,
3021,浙大城市学院,,应用统计学,,,553,
3021,浙大城市学院,,电子信息工程,,,564,
3021,浙大城市学院,,智能制造工程,,,557,
3021,浙大城市学院,,智能建造,,,522,
3021,浙大城市学院,,药学,,,535,
3021,浙大城市学院,,财务管理,,,569,
3021,浙大城市学院,,工商管理,,,539,
1482,浙江财经大学,,财政学类(财政学、税收学、国际税收),,,593,
1482,浙江财经大学,,公共管理类(劳动与社会保障、土地资源管理、行政管理、城市管理),,,566,
1482,浙江财经大学,,工程管理,,,579,
1482,浙江财经大学,,会计学,,,605,
1482,浙江财经大学,,财务管理,,,604,
1482,浙江财经大学,,金融工程,,,596,
1482,浙江财经大学,,金融学(中外合作办学),,,588,
1482,浙江财经大学,,工商管理类(工商管理、人力资源管理、市场营销、供应链管理),,,572,
1482,浙江财经大学,,计算机类(人工智能、软件工程、计算机科学与技术),,,610,
1482,浙江财经大学,,应用统计学,,,596,
1482,浙江财经大学,,数据科学与大数据技术,,,599,
1647,浙江传媒学院,,广播电视编导,,,593,
1647,浙江传媒学院,,数字媒体艺术,,,564,
1647,浙江传媒学院,,摄影,,,544,
1647,浙江传媒学院,,戏剧影视文学,,,585,
1647,浙江传媒学院,,广播电视学,,,569,
1647,浙江传媒学院,,新闻学,,,583,
1647,浙江传媒学院,,编辑出版学,,,540,
1647,浙江传媒学院,,传播学,,,577,
1647,浙江传媒学院,,汉语言文学,,,585,
1647,浙江传媒学院,,文化产业管理,,,552,
1647,浙江传媒学院,,网络与新媒体,,,602,
1647,浙江传媒学院,,广告学,,,557,
1647,浙江传媒学院,,会展经济与管理,,,545,
1647,浙江传媒学院,,公共关系学,,,549,
1647,浙江传媒学院,,数字媒体技术,,,610,
1647,浙江传媒学院,,广播电视工程,,,552,
1647,浙江传媒学院,,软件工程(传媒大数据),,,582,
1647,浙江传媒学院,,电子科学与技术(演艺工程与舞台技术),,,563,
1647,浙江传媒学院,,网络工程,,,587,
1647,浙江传媒学院,,人工智能,,,574,
1647,浙江传媒学院,,电影制作,,,542,
1647,浙江传媒学院,,英语,,,556,
1647,浙江传媒学院,,传播学(中外合作办学),,,549,
0335,浙江大学,,工科试验班(过程装备与控制工程、车辆工程、能源与环境系统工程、机械工程、电气工程及其自动化、电子信息工程、工程力学、飞行器设计与工程),,,690,
0335,浙江大学,,工科试验班(信息)(计算机科学与技术、信息安全、软件工程、工业设计、光电信息科学与工程、电子科学与技术、微电子科学与工程、信息工程、自动化、生物医学工程),,,690,
0335,浙江大学,,人工智能(荣誉项目班),,,697,
0335,浙江大学,,工科试验班(竺可桢学院图灵班)(计算机科学与技术),,,698,
9335,浙江大学医学院,,临床医学(5+3一体化培养),,,681,
9335,浙江大学医学院,,医学试验班类(临床医学、口腔医学),,,677,
9335,浙江大学医学院,,"生物医学(中外合作办学)(ZJUUOE联合学院,含生物信息)",,,661,
0353,浙江工商大学,,新闻传播学类(广告学、新闻学、网络与新媒体),,,572,
0353,浙江工商大学,,电子信息类(人工智能、电子信息工程、通信工程),,,605,
0353,浙江工商大学,,公共管理类(慈善管理、行政管理、土地资源管理、文化产业管理),,,556,
3290,浙江工商大学杭州商学院,,人力资源管理,,,490,
3290,浙江工商大学杭州商学院,,经济统计学,,,473,
3290,浙江工商大学杭州商学院,,金融学,,,476,
3290,浙江工商大学杭州商学院,,跨境电子商务,,,472,
3290,浙江工商大学杭州商学院,,数字经济,,,489,
3290,浙江工商大学杭州商学院,,物联网工程,,,464,
0337,浙江工业大学,,化工与制药类(化学工程类)(化学工程与工艺、能源化学工程、应用化学),,,588,
0337,浙江工业大学,,机械类(机械工程、过程装备与控制工程、车辆工程、能源与环境系统工程、工业工程、物流工程),,,603,
0337,浙江工业大学,,电子信息类(智能科学与技术、通信工程),,,619,
0337,浙江工业大学,,计算机类(计算机科学与技术、软件工程、网络工程、数字媒体技术),,,620,
0337,浙江工业大学,,管理科学与工程类(信息管理与信息系统、工程管理),,,588,
0337,浙江工业大学,,日语,,,542,
0337,浙江工业大学,,土木工程(中外合作办学),,,529,
0337,浙江工业大学,,药学类(2011计划创新实验区)(制药工程、生物制药、中药学、药学),,,593,
0340,浙江海洋大学,,水产养殖学,,,538,
0340,浙江海洋大学,,食品科学与工程,,,544,
0340,浙江海洋大学,,船舶与海洋工程(中外合作办学),,,506,
0340,浙江海洋大学,,油气储运工程,,,548,
0340,浙江海洋大学,,海洋油气工程,,,546,
1057,浙江科技大学,,自动化,,,563,
1057,浙江科技大学,,通信工程,,,570,
1057,浙江科技大学,,土木工程,,,521,
1057,浙江科技大学,,土木工程(中外合作办学)(中德合作办学),,,404,
0338,浙江理工大学,,数学类(数学与应用数学、信息与计算科学),,,607,
0338,浙江理工大学,,纺织类(纺织工程、非织造材料与工程),,,559,
0338,浙江理工大学,,轻化工程,,,560,
0338,浙江理工大学,,材料类(材料科学与工程、高分子材料与工程),,,588,
0338,浙江理工大学,,机械类(机械设计制造及其自动化、机械电子工程、智能制造工程),,,602,
0338,浙江理工大学,,土木类(土木工程、建筑环境与能源应用工程、工程管理),,,539,
0338,浙江理工大学,,生物科学类(生物技术、生物制药),,,577,
0338,浙江理工大学,,化学类(应用化学、材料化学),,,581,
0338,浙江理工大学,,经济与贸易类(经济学、金融学、国际经济与贸易),,,580,
0338,浙江理工大学,,工商管理类(工商管理、会计学、人力资源管理),,,583,
0338,浙江理工大学,,海洋资源开发技术,,,563,
0341,浙江农林大学,,农学,,,566,
0341,浙江农林大学,,智慧农业,,,562,
0341,浙江农林大学,,环境科学与工程,,,543,
0341,浙江农林大学,,地理信息科学,,,572,
0341,浙江农林大学,,木材科学与工程,,,544,
0341,浙江农林大学,,高分子材料与工程,,,551,
0341,浙江农林大学,,智能装备与系统,,,553,
0345,浙江师范大学,,数学与应用数学(师范),,,613,
0345,浙江师范大学,,光电信息科学与工程,,,583,
0345,浙江师范大学,,电子信息工程,,,587,
0345,浙江师范大学,,智能制造工程,,,574,
0345,浙江师范大学,,机器人工程,,,581,
0876,浙江万里学院,,电子信息类(电子信息工程、通信工程),,,492,
0876,浙江万里学院,,生物工程类(生物工程、生物制药),,,445,
0876,浙江万里学院,,计算机类(计算机科学与技术、软件工程、数据科学与大数据技术),,,503,
0876,浙江万里学院,,食品科学与工程类(食品科学与工程、食品质量与安全),,,459,
0344,浙江中医药大学,,中医学,,,624,
0344,浙江中医药大学,,临床医学,,,594,
0344,浙江中医药大学,,康复治疗学,,,531,
0344,浙江中医药大学,,中药学,,,581,
0344,浙江中医药大学,,护理学,,,550,
0344,浙江中医药大学,,医学实验技术,,,545,
3497,郑州财经学院,,工商管理,,,457,
3497,郑州财经学院,,会计学,,,478,
3497,郑州财经学院,,金融学,,,455,
3497,郑州财经学院,,计算机科学与技术,,,461,
3497,郑州财经学院,,智能制造工程,,,449,
0459,郑州大学,,经济学类(经济学、金融学、国际经济与贸易),,,601,
0459,郑州大学,,法学,,,625,
0459,郑州大学,,新闻传播学类(广告学、新闻学、网络与新媒体),,,600,
0459,郑州大学,,英语,,,594,
0459,郑州大学,,教育学,,,588,
0459,郑州大学,,数学类(数学与应用数学、信息与计算科学、统计学),,,617,
0459,郑州大学,,化学类(化学、应用化学),,,602,
0459,郑州大学,,物理学类(物理学、应用物理学、电子科学与技术、测控技术与仪器),,,609,
0459,郑州大学,,自动化类(电气工程及其自动化、自动化),,,620,
0459,郑州大学,,电子信息类(电子信息工程、通信工程),,,623,
0459,郑州大学,,材料类(材料科学与工程、高分子材料与工程、材料化学),,,599,
0459,郑州大学,,机械类(机械工程、过程装备与控制工程、能源与动力工程),,,610,
0459,郑州大学,,水利类(水利水电工程、水文与水资源工程、道路桥梁与渡河工程),,,595,
0459,郑州大学,,土木类(土木工程、建筑环境与能源应用工程、城市地下空间工程),,,577,
0459,郑州大学,,智能建造与智慧交通,,,595,
0459,郑州大学,,建筑学,,,568,
0459,郑州大学,,城乡规划,,,565,
0459,郑州大学,,管理科学与工程类(工程管理、物流管理、电子商务),,,591,
0459,郑州大学,,力学类(安全工程、工程力学),,,596,
0459,郑州大学,,生物科学类(生物技术、生物信息学、植物科学与技术),,,595,
0459,郑州大学,,信息安全,,,620,
0459,郑州大学,,密码科学与技术,,,617,
0459,郑州大学,,计算机类(计算机科学与技术、软件工程),,,624,
0459,郑州大学,,人工智能,,,621,
0459,郑州大学,,基础医学,,,586,
0459,郑州大学,,康复治疗学,,,577,
0459,郑州大学,,临床医学(第五临床学院),,,617,
1068,郑州工程技术学院,,土木工程,,,455,
1068,郑州工程技术学院,,物流管理,,,466,
1068,郑州工程技术学院,,食品质量与安全,,,465,
1068,郑州工程技术学院,,旅游管理,,,464,
2747,郑州工业应用技术学院,,学前教育,,,443,
2747,郑州工业应用技术学院,,护理学,,,436,
0485,郑州航空工业管理学院,,工商管理类[会计学、会计学(注册会计师方向)、审计学、财务管理、工商管理、人力资源管理、市场营销],,,512,
0485,郑州航空工业管理学院,,工业工程类(工业工程、质量管理工程),,,511,
0485,郑州航空工业管理学院,,金融学类(金融学、金融工程、金融科技),,,496,
0485,郑州航空工业管理学院,,飞行器动力工程,,,529,
0485,郑州航空工业管理学院,,航空航天工程,,,522,
0485,郑州航空工业管理学院,,机械设计制造及其自动化,,,523,
0485,郑州航空工业管理学院,,计算机类(计算机科学与技术、软件工程、网络工程),,,518,
0485,郑州航空工业管理学院,,电子信息类(电子信息工程、通信工程),,,518,
0485,郑州航空工业管理学院,,电气工程及其自动化,,,526,
0485,郑州航空工业管理学院,,交通运输(空管与签派),,,540,
0485,郑州航空工业管理学院,,信息管理与信息系统(中外合作办学),,,463,
0485,郑州航空工业管理学院,,质量管理工程(中外合作办学),,,457,
0485,郑州航空工业管理学院,,材料成型及控制工程(中外合作办学),,,458,
0485,郑州航空工业管理学院,,自动化(中外合作办学),,,472,
0462,郑州轻工业大学,,食品科学与工程,,,536,
0462,郑州轻工业大学,,食品质量与安全,,,514,
0462,郑州轻工业大学,,生物工程,,,504,
0462,郑州轻工业大学,,食品科学与工程(烟草科学与工程),,,557,
0462,郑州轻工业大学,,人工智能,,,544,
0462,郑州轻工业大学,,数字媒体技术,,,554,
0462,郑州轻工业大学,,通信工程,,,548,
0462,郑州轻工业大学,,能源与动力工程,,,540,
0462,郑州轻工业大学,,过程装备与控制工程,,,511,
0462,郑州轻工业大学,,新能源科学与工程,,,542,
4040,郑州商学院,,财务管理,,,461,
4040,郑州商学院,,会计学,,,460,
4333,郑州升达经贸管理学院,,电子信息工程,,,438,
4333,郑州升达经贸管理学院,,物联网工程,,,442,
1969,郑州师范学院,,计算机科学与技术,,,525,
0110,中北大学,,武器系统与工程,,,596,
0110,中北大学,,武器发射工程,,,590,
0110,中北大学,,探测制导与控制技术,,,591,
0110,中北大学,,弹药工程与爆炸技术,,,588,
0110,中北大学,,机械设计制造及其自动化,,,585,
0110,中北大学,,机械电子工程,,,581,
0110,中北大学,,过程装备与控制工程,,,569,
0110,中北大学,,智能制造工程,,,575,
0110,中北大学,,机器人工程,,,584,
0110,中北大学,,包装工程,,,520,
0110,中北大学,,材料成型及控制工程,,,564,
0110,中北大学,,金属材料工程,,,537,
0110,中北大学,,无机非金属材料工程,,,533,
0110,中北大学,,高分子材料与工程,,,550,
0110,中北大学,,复合材料与工程,,,552,
0110,中北大学,,应用化学,,,535,
0110,中北大学,,化学工程与工艺,,,549,
0110,中北大学,,制药工程,,,547,
0110,中北大学,,生物工程,,,511,
0110,中北大学,,通信工程,,,597,
0110,中北大学,,光电信息科学与工程,,,592,
0110,中北大学,,生物医学工程,,,557,
0110,中北大学,,测控技术与仪器,,,600,
0110,中北大学,,智能感知工程,,,591,
0110,中北大学,,电子科学与技术,,,594,
0110,中北大学,,计算机科学与技术,,,594,
0110,中北大学,,数据科学与大数据技术,,,591,
0110,中北大学,,数学与应用数学,,,573,
0110,中北大学,,信息与计算科学,,,581,
0110,中北大学,,统计学,,,556,
0110,中北大学,,经济统计学,,,547,
0110,中北大学,,国际经济与贸易,,,498,
0110,中北大学,,工业工程,,,551,
0110,中北大学,,土木工程,,,531,
0110,中北大学,,城市地下空间工程,,,526,
0110,中北大学,,特种能源技术与工程,,,580,
0110,中北大学,,环境工程,,,518,
0110,中北大学,,安全工程,,,556,
0110,中北大学,,电气工程及其自动化,,,594,
0110,中北大学,,电气工程与智能控制,,,585,
0110,中北大学,,自动化,,,590,
0110,中北大学,,轨道交通信号与控制,,,580,
0110,中北大学,,新能源汽车工程,,,586,
0110,中北大学,,新能源材料与器件,,,565,
0110,中北大学,,能源与动力工程,,,569,
0110,中北大学,,新能源科学与工程,,,575,
0110,中北大学,,工程力学,,,561,
0110,中北大学,,飞行器设计与工程,,,580,
0110,中北大学,,飞行器制造工程,,,577,
0110,中北大学,,应用物理学,,,563,
0110,中北大学,,微电子科学与工程,,,597,
0033,中国传媒大学,,数字媒体技术(智能交互与游戏技术方向),,,651,
0033,中国传媒大学,,广告学,,,614,
0033,中国传媒大学,,国际新闻与传播,,,615,
0033,中国传媒大学,,新闻学(数据新闻方向),,,625,
0033,中国传媒大学,,翻译,,,617,
0033,中国传媒大学,,通信工程,,,629,
0033,中国传媒大学,,广播电视工程(智能视听技术方向),,,625,
0033,中国传媒大学,,数字媒体技术,,,634,
0033,中国传媒大学,,物联网工程,,,628,
0033,中国传媒大学,,数据科学与大数据技术,,,631,
0033,中国传媒大学,,计算机科学与技术,,,634,
0033,中国传媒大学,,工商管理,,,609,
0033,中国传媒大学,,行政管理(媒介与数字公共治理方向),,,615,
0033,中国传媒大学,,数字媒体技术(中外合作办学),,,602,
0033,中国传媒大学,,智能科学与技术(中外合作办学),,,594,
1415,中国地质大学(北京),,地质学(理科基地班),,,618,
1415,中国地质大学(北京),,地质学(燕山书院创新班),,,646,
1415,中国地质大学(北京),,地质学类[地质学、地质学(地质地球物理复合)、地质学(旅游地学)、资源勘查工程(固体矿产)、地球化学、地球信息科学与技术(大数据与数字地球)],,,592,
1415,中国地质大学(北京),,地质工程(工科基地班),,,609,
1415,中国地质大学(北京),,地质工程,,,603,
1415,中国地质大学(北京),,土木工程,,,614,
1415,中国地质大学(北京),,机械设计制造及其自动化,,,622,
1415,中国地质大学(北京),,安全工程,,,613,
1415,中国地质大学(北京),,城市地下空间工程,,,596,
1415,中国地质大学(北京),,智能建造,,,600,
1415,中国地质大学(北京),,材料类(材料科学与工程、材料化学、材料物理、新能源材料与器件),,,606,
1415,中国地质大学(北京),,计算机科学与技术,,,632,
1415,中国地质大学(北京),,电气工程及其自动化,,,628,
1415,中国地质大学(北京),,地理信息科学,,,613,
1415,中国地质大学(北京),,软件工程,,,631,
1415,中国地质大学(北京),,数据科学与大数据技术,,,631,
1415,中国地质大学(北京),,人工智能,,,632,
1415,中国地质大学(北京),,水文与水资源工程,,,602,
1415,中国地质大学(北京),,环境工程,,,599,
1415,中国地质大学(北京),,地下水科学与工程,,,589,
1415,中国地质大学(北京),,环境生态工程,,,590,
1415,中国地质大学(北京),,地质类[石油工程、资源勘查工程(能源)、资源勘查工程(新能源地质与工程)、新能源科学与工程、碳储科学与工程],,,597,
1415,中国地质大学(北京),,工商管理类(工商管理、会计学),,,610,
1415,中国地质大学(北京),,信息管理与信息系统,,,617,
1415,中国地质大学(北京),,经济学,,,601,
1415,中国地质大学(北京),,宝石及材料工艺学,,,595,
1415,中国地质大学(北京),,勘查技术与工程,,,610,
1415,中国地质大学(北京),,测控技术与仪器,,,620,
1415,中国地质大学(北京),,智能地球探测,,,609,
1415,中国地质大学(北京),,海洋科学,,,594,
1415,中国地质大学(北京),,海洋资源与环境,,,593,
1415,中国地质大学(北京),,海洋工程与技术,,,593,
1415,中国地质大学(北京),,测绘工程,,,606,
1415,中国地质大学(北京),,遥感科学与技术,,,620,
1415,中国地质大学(北京),,数据计算及应用,,,620,
1415,中国地质大学(北京),,"电气工程及其自动化(民族班,只招少数民族考生)",,,626,
1415,中国地质大学(北京),,"工商管理类(民族班,只招少数民族考生)(工商管理、会计学)",,,608,
1415,中国地质大学(北京),,"海洋科学(民族班,只招少数民族考生)",,,589,
0491,中国地质大学(武汉),,"地质学类(国家拔尖计划,国家理科基地班)(地质学)",,,613,
0491,中国地质大学(武汉),,地质学类(地质学、地球化学),,,603,
0491,中国地质大学(武汉),,石油工程,,,608,
0491,中国地质大学(武汉),,资源环境大数据工程,,,601,
0491,中国地质大学(武汉),,材料类(材料科学与工程、材料化学),,,607,
0491,中国地质大学(武汉),,土木类(土木工程、城市地下空间工程),,,588,
0491,中国地质大学(武汉),,地质类[地质工程、勘查技术与工程(钻探工程方向)],,,600,
0491,中国地质大学(武汉),,安全科学与工程类(安全工程、应急技术与管理),,,601,
0491,中国地质大学(武汉),,地球物理学(国家拔尖计划),,,610,
0491,中国地质大学(武汉),,地球物理学类(地球物理与信息类)[地球物理学、地球信息科学与技术、勘查技术与工程(勘查地球物理方向)],,,595,
0491,中国地质大学(武汉),,海洋科学类(海洋科学、海洋工程与技术),,,592,
0491,中国地质大学(武汉),,机械类(机械设计制造及其自动化),,,622,
0491,中国地质大学(武汉),,电子信息类(电子信息工程、通信工程),,,627,
0491,中国地质大学(武汉),,管理科学与工程类(信息管理与信息系统、工程管理),,,604,
0491,中国地质大学(武汉),,地理科学类(地理科学、地理信息科学),,,605,
0491,中国地质大学(武汉),,测绘类(测绘与信息类)(测绘工程、遥感科学与技术、地理空间信息工程),,,611,
0491,中国地质大学(武汉),,数学类(数学与应用数学、信息与计算科学),,,623,
0491,中国地质大学(武汉),,应急管理,,,595,
0491,中国地质大学(武汉),,计算机类(计算机科学与技术、软件工程、信息安全、智能科学与技术、空间信息与数字技术、数据科学与大数据技术),,,629,
0491,中国地质大学(武汉),,电子信息类(未来技术学院)(地质学、资源勘查工程、地质工程、地球物理学、机械设计制造及其自动化、计算机科学与技术、自动化、海洋科学),,,626,
0491,中国地质大学(武汉),,土地资源管理(土地资源与整治),,,594,
0423,中国海洋大学,,海洋科学,,,633,
0423,中国海洋大学,,海洋科学(中外合作办学),,,610,
0423,中国海洋大学,,电子信息类(电子信息工程、电子信息科学与技术、通信工程、微电子科学与工程),,,637,
0423,中国海洋大学,,计算机类(计算机科学与技术、智能科学与技术、数据科学与大数据技术、网络空间安全、软件工程、保密技术),,,640,
0423,中国海洋大学,,计算机科学与技术(中外合作办学),,,619,
0423,中国海洋大学,,海洋技术,,,629,
0423,中国海洋大学,,声学,,,633,
0423,中国海洋大学,,化学,,,631,
0423,中国海洋大学,,勘查技术与工程,,,623,
0423,中国海洋大学,,生物科学类(生态学、生物技术、生物科学),,,632,
0423,中国海洋大学,,海洋渔业科学与技术,,,625,
0423,中国海洋大学,,海洋资源与环境,,,628,
0423,中国海洋大学,,水产养殖学,,,620,
0423,中国海洋大学,,食品科学与工程类(食品科学与工程、食品营养与健康),,,623,
0423,中国海洋大学,,海洋资源开发技术,,,625,
0423,中国海洋大学,,船舶与海洋工程,,,632,
0423,中国海洋大学,,港口航道与海岸工程,,,627,
0423,中国海洋大学,,轮机工程,,,626,
0423,中国海洋大学,,国际经济与贸易,,,618,
0423,中国海洋大学,,物流管理,,,620,
0423,中国海洋大学,,数学类(数学与应用数学、信息与计算科学),,,633,
0423,中国海洋大学,,材料类(材料科学与工程、高分子材料与工程、新能源材料与器件),,,629,
0423,中国海洋大学,,数学与应用数学(中外合作办学),,,621,
0423,中国海洋大学,,食品科学与工程(中外合作办学),,,605,
0356,中国计量大学,,自动化,,,603,
0356,中国计量大学,,电气工程及其自动化,,,607,
0356,中国计量大学,,机械设计制造及其自动化,,,600,
0356,中国计量大学,,测控技术与仪器,,,602,
0356,中国计量大学,,智能感知工程,,,602,
0356,中国计量大学,,人工智能,,,605,
0356,中国计量大学,,光电信息科学与工程,,,605,
0356,中国计量大学,,电子科学与技术,,,607,
0356,中国计量大学,,材料科学与工程,,,586,
0356,中国计量大学,,信息管理与信息系统,,,591,
0356,中国计量大学,,数据科学与大数据技术,,,601,
0356,中国计量大学,,工业设计,,,591,
0356,中国计量大学,,质量管理工程,,,597,
0356,中国计量大学,,标准化工程,,,585,
3292,中国计量大学现代科技学院,,自动化,,,460,
3292,中国计量大学现代科技学院,,质量管理工程,,,452,
3292,中国计量大学现代科技学院,,机械电子工程,,,445,
3292,中国计量大学现代科技学院,,测控技术与仪器,,,450,
3292,中国计量大学现代科技学院,,工业设计,,,457,
0358,中国科学技术大学,,理科试验班类[数学类(华罗庚数学科技英才班)、物理学类(严济慈物理科技英才班)、化学类(卢嘉锡化学科技英才班)、生物科学类(贝时璋生命科技英才班)、空间科学与技术(赵九章现代地球和空间科技英才班)、数学类、物理学类、化学类、材料类、生物科学类、空间科学与技术、行星科学、统计学、金融学、工商管理、管理科学],,,686,
0358,中国科学技术大学,,工科试验班[计算机类(华夏计算机科技英才班)、电子信息类(信息科技英才班)、网络空间安全(网络空间科技英才班)、电子信息类(集成电路科技英才班)、人工智能(科技英才班)、力学类(钱学森力学科技英才班)、计算机类、电子信息类、网络空间安全、理论与应用力学、机械设计制造及其自动化、能源与动力工程、安全工程、核工程类],,,687,
4430,中国科学院大学,,数学与应用数学,,,688,
4430,中国科学院大学,,物理学,,,688,
4430,中国科学院大学,,化学,,,686,
4430,中国科学院大学,,天文学,,,687,
4430,中国科学院大学,,人文地理与城乡规划,,,685,
4430,中国科学院大学,,生物科学,,,686,
4430,中国科学院大学,,心理学,,,687,
4430,中国科学院大学,,理论与应用力学,,,688,
4430,中国科学院大学,,材料科学与工程,,,687,
4430,中国科学院大学,,电气工程及其自动化,,,689,
4430,中国科学院大学,,电子信息工程,,,689,
4430,中国科学院大学,,人工智能,,,696,
4430,中国科学院大学,,计算机科学与技术,,,689,
4430,中国科学院大学,,网络空间安全,,,689,
4430,中国科学院大学,,环境科学,,,685,
0290,中国矿业大学,,机器人工程,,,623,
0290,中国矿业大学,,人工智能,,,624,
0290,中国矿业大学,,电子信息类(电子信息工程、自动化),,,625,
0290,中国矿业大学,,遥感科学与技术,,,613,
0290,中国矿业大学,,电气工程及其自动化,,,628,
0290,中国矿业大学,,大数据管理与应用,,,617,
0290,中国矿业大学,,计算机类(软件工程、计算机科学与技术、信息安全、数据科学与大数据技术),,,626,
0290,中国矿业大学,,新能源材料与器件,,,611,
0290,中国矿业大学,,矿业类(新能源科学与工程、智能采矿工程、采矿工程、工业工程、矿物加工工程),,,600,
0290,中国矿业大学,,安全科学与工程类(安全工程、消防工程、职业卫生工程、应急技术与管理),,,609,
0290,中国矿业大学,,土木类(土木工程、工程管理、建筑环境与能源应用工程),,,588,
0290,中国矿业大学,,工程力学,,,611,
0290,中国矿业大学,,机械类(智能制造工程、机械工程),,,618,
0290,中国矿业大学,,集成电路设计与集成系统,,,626,
0290,中国矿业大学,,水文与水资源工程,,,596,
0290,中国矿业大学,,过程装备与控制工程,,,614,
0290,中国矿业大学,,经济与贸易类(金融学、国际经济与贸易),,,601,
0290,中国矿业大学,,能源动力类(储能科学与工程、能源与动力工程),,,614,
0290,中国矿业大学,,环境科学与工程类(环境工程、环境科学),,,601,
0290,中国矿业大学,,工业设计,,,611,
0290,中国矿业大学,,物理学类(应用物理学、光电信息科学与工程),,,611,
0290,中国矿业大学,,数学类(数学与应用数学、统计学),,,620,
0290,中国矿业大学,,工商管理类(会计学、人力资源管理、市场营销),,,606,
0290,中国矿业大学,,建筑类(建筑学、城乡规划),,,586,
0290,中国矿业大学,,土木工程(中外合作办学),,,573,
0290,中国矿业大学,,建筑环境与能源应用工程(中外合作办学),,,581,
1413,中国矿业大学(北京),,采矿工程,,,601,
1413,中国矿业大学(北京),,新能源科学与工程,,,621,
1413,中国矿业大学(北京),,智能采矿工程,,,598,
1413,中国矿业大学(北京),,安全科学与工程类(安全工程、消防工程、应急技术与管理),,,605,
1413,中国矿业大学(北京),,地质类(地质工程、资源勘查工程),,,590,
1413,中国矿业大学(北京),,测绘类(测绘工程、遥感科学与技术),,,606,
1413,中国矿业大学(北京),,地球物理学,,,591,
1413,中国矿业大学(北京),,矿物加工工程,,,593,
1413,中国矿业大学(北京),,环境工程,,,593,
1413,中国矿业大学(北京),,化学工程与工艺,,,603,
1413,中国矿业大学(北京),,碳储科学与工程,,,612,
1413,中国矿业大学(北京),,计算机科学与技术,,,632,
1413,中国矿业大学(北京),,电气工程及其自动化,,,631,
1413,中国矿业大学(北京),,人工智能,,,626,
1413,中国矿业大学(北京),,机械类(机械工程、机器人工程),,,623,
1413,中国矿业大学(北京),,智能制造工程,,,622,
1413,中国矿业大学(北京),,工商管理类(工商管理、会计学、大数据管理与应用),,,603,
1413,中国矿业大学(北京),,工程力学,,,612,
1413,中国矿业大学(北京),,土木工程,,,587,
1413,中国矿业大学(北京),,建筑学,,,595,
1413,中国矿业大学(北京),,城市地下空间工程,,,593,
1413,中国矿业大学(北京),,数学类(数学与应用数学、信息与计算科学),,,621,
3579,中国矿业大学徐海学院,,自动化,,,445,
3579,中国矿业大学徐海学院,,跨境电子商务,,,438,
2453,中国劳动关系学院,,劳动关系,,,560,
2453,中国劳动关系学院,,人力资源管理,,,520,
2453,中国劳动关系学院,,工商管理,,,534,
2453,中国劳动关系学院,,法学,,,567,
2453,中国劳动关系学院,,财务管理,,,533,
2453,中国劳动关系学院,,劳动经济学,,,538,
2453,中国劳动关系学院,,应用统计学,,,527,
2453,中国劳动关系学院,,劳动与社会保障,,,523,
2453,中国劳动关系学院,,应急技术与管理,,,520,
2453,中国劳动关系学院,,社会学,,,557,
2453,中国劳动关系学院,,新闻学,,,529,
2453,中国劳动关系学院,,劳动教育,,,514,
2453,中国劳动关系学院,,计算机科学与技术,,,542,
0059,中国民航大学,,"工科试验班(中外合作办学,中欧航空工程师)(飞行器动力工程)",,,620,
0059,中国民航大学,,信息与计算科学,,,591,
0059,中国民航大学,,应用气象学(航空气象),,,604,
0059,中国民航大学,,统计学(民航大数据),,,595,
0059,中国民航大学,,工科试验班(航空航天)[飞行器动力工程(航空发动机)、飞行器制造工程(飞机结构与系统)、机械电子工程(飞机机电附件)、材料科学与工程、飞行器设计与工程、新能源科学与工程],,,594,
0059,中国民航大学,,信息安全,,,601,
0059,中国民航大学,,交通工程,,,607,
0059,中国民航大学,,交通管理(飞行运行管理),,,611,
0059,中国民航大学,,无人驾驶航空器系统工程,,,606,
0059,中国民航大学,,飞行器适航技术,,,615,
0059,中国民航大学,,工科试验班(民航安全与应急类)(安全工程、应急技术与管理),,,591,
0059,中国民航大学,,飞行器运维工程,,,609,
0059,中国民航大学,,工科试验班(智能与计算机)(计算机科学与技术、人工智能),,,602,
0059,中国民航大学,,工科试验班(电子信息与电气自动化)[电子信息工程(航空电子)、电气工程及其自动化(航空电气)、通信工程、自动化、物联网工程],,,595,
0059,中国民航大学,,工科试验班(智慧空中交通管制)[交通运输(空中交通管制)、智慧交通],,,616,
0624,中国民用航空飞行学院,,思想政治教育,,,516,
0624,中国民用航空飞行学院,,英语,,,563,
0624,中国民用航空飞行学院,,翻译,,,523,
0624,中国民用航空飞行学院,,信息与计算科学,,,517,
0624,中国民用航空飞行学院,,大气科学,,,581,
0624,中国民用航空飞行学院,,应用气象学(机场气象预报、航空公司气象分析),,,586,
0624,中国民用航空飞行学院,,应用心理学,,,500,
0624,中国民用航空飞行学院,,电气工程及其自动化(航空电气设备维修),,,564,
0624,中国民用航空飞行学院,,电子信息工程(航空电子设备维修),,,561,
0624,中国民用航空飞行学院,,计算机科学与技术,,,541,
0624,中国民用航空飞行学院,,物联网工程,,,546,
0624,中国民用航空飞行学院,,数据科学与大数据技术,,,547,
0624,中国民用航空飞行学院,,网络空间安全,,,540,
0624,中国民用航空飞行学院,,导航工程(导航应用与规划、空管保障设施),,,581,
0624,中国民用航空飞行学院,,交通运输(空中交通管制、飞行签派、航行情报),,,594,
0624,中国民用航空飞行学院,,交通工程(机场管理与工程),,,571,
0624,中国民用航空飞行学院,,航空航天工程(直升机维修工程),,,565,
0624,中国民用航空飞行学院,,飞行器制造工程(飞机结构维修),,,563,
0624,中国民用航空飞行学院,,飞行器动力工程(飞机发动机维修),,,567,
0624,中国民用航空飞行学院,,飞行器适航技术,,,574,
0624,中国民用航空飞行学院,,无人驾驶航空器系统工程,,,554,
0624,中国民用航空飞行学院,,安全工程,,,532,
0624,中国民用航空飞行学院,,消防工程,,,523,
0624,中国民用航空飞行学院,,工商管理,,,526,
0624,中国民用航空飞行学院,,市场营销,,,485,
0624,中国民用航空飞行学院,,公共事业管理,,,510,
0624,中国民用航空飞行学院,,交通管理(机场运行管理),,,590,
0624,中国民用航空飞行学院,,物流工程(航空物流),,,561,
0624,中国民用航空飞行学院,,应急管理,,,547,
0624,中国民用航空飞行学院,,智慧交通,,,569,
0624,中国民用航空飞行学院,,新能源科学与工程(航空新能源开发及其利用),,,562,
0624,中国民用航空飞行学院,,飞行器设计与工程(民用航空器设计),,,573,
0019,中国农业大学,,理科试验班类(生命科学)(生物科学类、农学、种子科学与工程、园艺、植物保护、动物医学类、动物科学、草业科学、环境科学与工程类、食品科学与工程类、化学类),,,663,
0019,中国农业大学,,理科试验班(信息科学)(电子信息类、计算机类、农业工程类、机械类、水利类、数学与应用数学、工程力学、地理科学类),,,652,
0019,中国农业大学,,理科试验班(智能装备)(电子信息类、计算机类、农业工程类、机械类、水利类、环境工程),,,650,
0019,中国农业大学,,农学,,,646,
0019,中国农业大学,,园艺,,,639,
0019,中国农业大学,,园林,,,633,
0019,中国农业大学,,植物保护,,,645,
0019,中国农业大学,,生物科学类(生物科学、生物技术),,,654,
0019,中国农业大学,,环境科学与工程类(应用气象学、生态学、资源环境科学、环境工程),,,638,
0019,中国农业大学,,动物科学,,,641,
0019,中国农业大学,,动物医学类(动物医学、中兽医学、兽医公共卫生),,,647,
0019,中国农业大学,,食品科学与工程类(食品科学与工程、食品质量与安全、葡萄与葡萄酒工程、食品营养与健康),,,644,
0019,中国农业大学,,农业工程类(农业工程、农业机械化及其自动化、农业智能装备工程),,,640,
0019,中国农业大学,,机械类(机械设计制造及其自动化、车辆工程、工业设计、机械电子工程),,,639,
0019,中国农业大学,,电子信息类(电子信息工程、通信工程、电气工程及其自动化、人工智能),,,650,
0019,中国农业大学,,计算机类(计算机科学与技术、数据科学与大数据技术),,,654,
0019,中国农业大学,,水利类(农业水利工程、水利水电工程、能源与动力工程、农业建筑环境与能源工程、土木工程),,,637,
0019,中国农业大学,,化学类(化学、应用化学),,,643,
0019,中国农业大学,,数学与应用数学,,,642,
0019,中国农业大学,,经济学类(国际经济与贸易、金融学、农林经济管理),,,635,
0019,中国农业大学,,地理科学类(地理信息科学、土地资源管理、土地科学与技术),,,640,
0019,中国农业大学,,国际经济与贸易(中外合作办学),,,611,
0019,中国农业大学,,农林经济管理(中外合作办学),,,603,
0019,中国农业大学,,水产养殖学,,,599,
0019,中国农业大学,,设施农业科学与工程,,,611,
0019,中国农业大学,,市场营销,,,603,
0019,中国农业大学,,公共事业管理,,,603,
0019,中国农业大学,,工商管理类(工商管理、会计学),,,634,
0002,中国人民大学,,法学,,,687,
0002,中国人民大学,,人工智能(拔尖班),,,690,
0002,中国人民大学,,统计学类(经济统计学、应用统计学、统计学、数据科学与大数据技术),,,685,
0002,中国人民大学,,计算机类(英才班)(计算机科学与技术、软件工程、信息安全、数据科学与大数据技术、信息管理与信息系统),,,689,
0002,中国人民大学,,经济学类(经济学、国民经济管理、能源经济、国际经济与贸易),,,682,
0002,中国人民大学,,"工商管理类(数智化方向,含双学位项目)(工商管理、财务管理、会计学、市场营销、贸易经济)",,,686,
0002,中国人民大学,,金融学类(金融学、保险学、信用管理),,,686,
0002,中国人民大学,,金融学(金融学与大数据技术双主学位项目),,,687,
0002,中国人民大学,,数学类(财政学与数学双主学位项目)(数学与应用数学),,,685,
9002,中国人民大学(苏州校区),,金融学(中外合作办学),,,657,
9002,中国人民大学(苏州校区),,数学与应用数学(中外合作办学)(人大索邦数学拔尖实验班),,,661,
1105,中国人民警察大学,,消防工程,,,540,
1105,中国人民警察大学,,火灾勘查,,,537,
1105,中国人民警察大学,,电子信息工程(智慧消防方向),,,553,
1105,中国人民警察大学,,消防指挥,,,508,
1105,中国人民警察大学,,核生化消防,,,537,
1105,中国人民警察大学,,海外安全管理,,,536,
4596,中国社会科学院大学,,经济学,,,637,
4596,中国社会科学院大学,,财务管理,,,630,
1414,中国石油大学(北京),,安全工程,,,613,
1414,中国石油大学(北京),,材料科学与工程,,,612,
1414,中国石油大学(北京),,储能科学与工程,,,626,
1414,中国石油大学(北京),,电子信息工程,,,630,
1414,中国石油大学(北京),,工商管理类(会计学、财务管理、市场营销),,,614,
1414,中国石油大学(北京),,过程装备与控制工程,,,617,
1414,中国石油大学(北京),,海洋油气工程,,,617,
1414,中国石油大学(北京),,化工与制药类(化学工程与工艺、能源化学工程),,,614,
1414,中国石油大学(北京),,环境科学与工程类(环境工程、环境科学),,,610,
1414,中国石油大学(北京),,机械类(机器人工程、机械设计制造及其自动化),,,623,
1414,中国石油大学(北京),,计算机科学与技术,,,632,
1414,中国石油大学(北京),,经济学类(能源经济、金融学),,,618,
1414,中国石油大学(北京),,勘查技术与工程,,,604,
1414,中国石油大学(北京),,能源与动力工程,,,625,
1414,中国石油大学(北京),,人工智能,,,631,
1414,中国石油大学(北京),,石油工程,,,621,
1414,中国石油大学(北京),,数学类(数学与应用数学、统计学),,,620,
1414,中国石油大学(北京),,碳储科学与工程,,,625,
1414,中国石油大学(北京),,新能源科学与工程,,,628,
1414,中国石油大学(北京),,信息管理与信息系统,,,617,
1414,中国石油大学(北京),,应用化学,,,610,
1414,中国石油大学(北京),,油气储运工程,,,622,
1414,中国石油大学(北京),,资源勘查工程(油气与清洁地质能源),,,606,
1414,中国石油大学(北京),,自动化,,,629,
9414,中国石油大学(北京)克拉玛依校区,,资源勘查工程,,,562,
9414,中国石油大学(北京)克拉玛依校区,,勘查技术与工程,,,566,
9414,中国石油大学(北京)克拉玛依校区,,石油工程,,,578,
9414,中国石油大学(北京)克拉玛依校区,,计算机类(软件工程、数据科学与大数据技术),,,586,
9414,中国石油大学(北京)克拉玛依校区,,人工智能,,,584,
9414,中国石油大学(北京)克拉玛依校区,,化学工程与工艺,,,575,
9414,中国石油大学(北京)克拉玛依校区,,能源化学工程,,,570,
9414,中国石油大学(北京)克拉玛依校区,,油气储运工程,,,582,
9414,中国石油大学(北京)克拉玛依校区,,机械设计制造及其自动化,,,582,
9414,中国石油大学(北京)克拉玛依校区,,过程装备与控制工程,,,573,
9414,中国石油大学(北京)克拉玛依校区,,自动化,,,590,
9414,中国石油大学(北京)克拉玛依校区,,安全工程,,,567,
9414,中国石油大学(北京)克拉玛依校区,,新能源科学与工程,,,576,
9414,中国石油大学(北京)克拉玛依校区,,能源与动力工程,,,575,
9414,中国石油大学(北京)克拉玛依校区,,数学与应用数学,,,577,
9414,中国石油大学(北京)克拉玛依校区,,统计学,,,571,
9414,中国石油大学(北京)克拉玛依校区,,英语,,,553,
9414,中国石油大学(北京)克拉玛依校区,,会计学,,,567,
9414,中国石油大学(北京)克拉玛依校区,,经济学,,,560,
9414,中国石油大学(北京)克拉玛依校区,,金融学,,,555,
0425,中国石油大学(华东),,勘查技术与工程,,,604,
0425,中国石油大学(华东),,资源勘查工程,,,601,
0425,中国石油大学(华东),,石油工程,,,620,
0425,中国石油大学(华东),,石油工程(双学士学位项目),,,622,
0425,中国石油大学(华东),,化工与制药类(化工安全工程、化学工程与工艺、能源化学工程),,,610,
0425,中国石油大学(华东),,化学,,,604,
0425,中国石油大学(华东),,应用化学,,,609,
0425,中国石油大学(华东),,安全工程,,,610,
0425,中国石油大学(华东),,船舶与海洋工程,,,615,
0425,中国石油大学(华东),,工业设计,,,607,
0425,中国石油大学(华东),,机械类(智能装备工程)(机械设计制造及其自动化、车辆工程、智能制造工程),,,620,
0425,中国石油大学(华东),,工程力学,,,614,
0425,中国石油大学(华东),,土木类(绿色能源建设工程)(建筑环境与能源应用工程、土木工程),,,593,
0425,中国石油大学(华东),,油气储运工程,,,620,
0425,中国石油大学(华东),,材料类(材料成型及控制工程、材料科学与工程、材料物理、材料化学、新能源材料与器件),,,604,
0425,中国石油大学(华东),,材料类(本研一体班)(材料成型及控制工程、材料科学与工程、材料物理、材料化学、新能源材料与器件),,,622,
0425,中国石油大学(华东),,储能科学与工程,,,617,
0425,中国石油大学(华东),,电气工程及其自动化,,,626,
0425,中国石油大学(华东),,过程装备与控制工程,,,615,
0425,中国石油大学(华东),,环保设备工程,,,604,
0425,中国石油大学(华东),,能源与动力工程,,,619,
0425,中国石油大学(华东),,测绘工程,,,604,
0425,中国石油大学(华东),,地理信息科学,,,609,
0425,中国石油大学(华东),,电子信息工程,,,626,
0425,中国石油大学(华东),,通信工程,,,625,
0425,中国石油大学(华东),,测控技术与仪器,,,619,
0425,中国石油大学(华东),,智能感知工程,,,619,
0425,中国石油大学(华东),,自动化,,,625,
0425,中国石油大学(华东),,计算机科学与技术,,,630,
0425,中国石油大学(华东),,软件工程,,,625,
0425,中国石油大学(华东),,智能科学与技术,,,623,
0425,中国石油大学(华东),,数据科学与大数据技术,,,625,
0425,中国石油大学(华东),,数学类(数学与应用数学、信息与计算科学),,,619,
0425,中国石油大学(华东),,应用物理学,,,612,
0425,中国石油大学(华东),,工商管理类(会计学、市场营销),,,610,
0425,中国石油大学(华东),,管理科学与工程类(工程管理、信息管理与信息系统),,,600,
0425,中国石油大学(华东),,汉语言文学,,,602,
0316,中国药科大学,,药学(杰出药学家实验班),,,666,
0316,中国药科大学,,药学(拔尖创新班),,,661,
0316,中国药科大学,,药学类(药学、药物制剂、药物分析、药物化学),,,633,
0316,中国药科大学,,中药学类(中药学、中药资源与开发、中药制药),,,618,
0316,中国药科大学,,生物制药(拔尖创新班),,,654,
0316,中国药科大学,,生物制药,,,632,
0316,中国药科大学,,生物技术,,,631,
0316,中国药科大学,,海洋药学,,,628,
0316,中国药科大学,,化工与制药类(制药工程、食品营养与健康、环境科学),,,616,
0316,中国药科大学,,临床药学,,,632,
0316,中国药科大学,,临床药学(中外合作办学),,,609,
0159,中国医科大学,,生物科学,,,558,
0159,中国医科大学,,生物信息学,,,551,
0159,中国医科大学,,应用心理学,,,554,
0159,中国医科大学,,生物医学工程,,,563,
0159,中国医科大学,,基础医学,,,593,
0159,中国医科大学,,临床医学(红医班),,,667,
0159,中国医科大学,,临床医学(5+3一体化),,,648,
0159,中国医科大学,,"临床医学(5+3一体化,儿科学)",,,635,
0159,中国医科大学,,临床医学,,,618,
0159,中国医科大学,,临床医学(检验医师培养试验班),,,628,
0159,中国医科大学,,麻醉学,,,617,
0159,中国医科大学,,医学影像学,,,615,
0159,中国医科大学,,眼视光医学,,,616,
0159,中国医科大学,,精神医学,,,604,
0159,中国医科大学,,儿科学,,,604,
0159,中国医科大学,,口腔医学,,,636,
0159,中国医科大学,,预防医学,,,570,
0159,中国医科大学,,药学,,,592,
0159,中国医科大学,,临床药学,,,582,
0159,中国医科大学,,法医学,,,588,
0159,中国医科大学,,医学检验技术,,,588,
0159,中国医科大学,,医学影像技术,,,585,
0159,中国医科大学,,康复治疗学,,,556,
0159,中国医科大学,,护理学,,,550,
0159,中国医科大学,,信息管理与信息系统,,,552,
0159,中国医科大学,,健康服务与管理,,,539,
0159,中国医科大学,,生物技术(中外合作办学),,,504,
0159,中国医科大学,,药物制剂(中外合作办学),,,523,
0159,中国医科大学,,生物信息学(辽宁省高校专项计划),,,529,
0159,中国医科大学,,生物医学工程(辽宁省高校专项计划),,,551,
0159,中国医科大学,,预防医学(辽宁省高校专项计划),,,559,
0159,中国医科大学,,临床药学(辽宁省高校专项计划),,,569,
0159,中国医科大学,,护理学(辽宁省高校专项计划),,,532,
0053,中国政法大学,,法学,,,659,
0053,中国政法大学,,法学(法学人才培养模式改革实验班),,,673,
0053,中国政法大学,,法学(涉外法治人才培养实验班),,,671,
0053,中国政法大学,,翻译(法律翻译实验班),,,639,
0053,中国政法大学,,应用心理学,,,631,
0053,中国政法大学,,工商管理,,,621,
0053,中国政法大学,,国际商务(涉外法商人才培养实验班),,,635,
0053,中国政法大学,,金融工程(成思危现代金融菁英班),,,633,
0053,中国政法大学,,信息管理与信息系统(数据法学实验班),,,634,
0520,中南财经政法大学,,金融学类(金融学、投资学),,,634,
0520,中南财经政法大学,,法学类[法学、法学(民商法方向)、法学(涉外法治方向)、法学(政府法治方向)、法学(刑事司法方向)、法学(社会治理方向)],,,651,
0520,中南财经政法大学,,工商管理类[工商管理、工商管理(商务分析方向)、市场营销、人力资源管理、物流管理、电子商务],,,620,
0520,中南财经政法大学,,工商管理类(会计学)[会计学、会计学(注册会计师方向)、财务管理],,,644,
0520,中南财经政法大学,,新闻传播学类(新闻学、广播电视学、网络与新媒体),,,611,
0520,中南财经政法大学,,统计学类(统计学、应用统计学、数据科学与大数据技术),,,640,
0520,中南财经政法大学,,计算机类[计算机科学与技术、信息安全、人工智能(仅招双学位班)],,,635,
0520,中南财经政法大学,,保险学,,,609,
0520,中南财经政法大学,,少数民族预科班,,,608,
0533,中南大学,,软件工程,,,660,
0533,中南大学,,临床医学(八年制),,,680,
0533,中南大学,,口腔医学(5+3一体化),,,671,
0533,中南大学,,金融学类(经济管理类)(国际经济与贸易、金融学、工商管理、会计学、行政管理),,,639,
0533,中南大学,,建筑类(建筑城规类)(建筑学、城乡规划),,,639,
0533,中南大学,,数学类(数学与应用数学、信息与计算科学、统计学),,,654,
0533,中南大学,,化工与制药类(化学生物环境类)(应用化学、化学工程与工艺、制药工程、环境工程、生物工程),,,637,
0533,中南大学,,材料类(冶金材料类)(材料科学与工程、粉体材料科学与工程、冶金工程、新能源材料与器件、无机非金属材料工程),,,636,
0533,中南大学,,土木类(土木安全类)(土木工程、铁道工程、工程力学、消防工程、工程管理、城市地下空间工程、安全工程),,,630,
0533,中南大学,,交通运输类(交通运输、交通设备与控制工程、轨道交通信号与控制),,,643,
0533,中南大学,,机械类(车辆工程、机械设计制造及其自动化、微电子科学与工程),,,652,
0533,中南大学,,能源动力类(能源类)(能源与动力工程、新能源科学与工程、建筑环境与能源应用工程),,,647,
0533,中南大学,,电子信息类(电子信息科学与技术、通信工程),,,661,
0533,中南大学,,自动化类(自动化与电气类)(电气工程及其自动化、自动化、测控技术与仪器、电子信息工程、人工智能),,,661,
0533,中南大学,,计算机类(计算机科学与技术、信息安全、数据科学与大数据技术),,,664,
0533,中南大学,,航空航天类(航空航天工程),,,657,
0533,中南大学,,临床医学类(临床及口腔五年制医学类)[临床医学(五年制)、口腔医学(五年制)、麻醉学、精神医学],,,650,
0533,中南大学,,数学与应用数学(中外合作办学)(中南大学邓迪国际学院),,,634,
0533,中南大学,,计算机科学与技术(中外合作办学)(中南大学邓迪国际学院),,,639,
0533,中南大学,,机械设计制造及其自动化(中外合作办学)(中南大学邓迪国际学院),,,632,
0533,中南大学,,土木工程(中外合作办学)(中南大学邓迪国际学院),,,617,
0538,中南林业科技大学,,生物科学类(生物科学、生物技术、生态学),,,523,
0538,中南林业科技大学,,生物工程,,,522,
0538,中南林业科技大学,,环境科学与工程类(环境工程、环境科学、环境生态工程),,,501,
0538,中南林业科技大学,,木材科学与工程,,,473,
0538,中南林业科技大学,,材料类(材料科学与工程、材料化学、高分子材料与工程),,,475,
0538,中南林业科技大学,,木结构建筑与材料,,,482,
0538,中南林业科技大学,,机械设计制造及其自动化,,,557,
0538,中南林业科技大学,,车辆工程,,,547,
0538,中南林业科技大学,,能源动力类(能源与动力工程、新能源科学与工程),,,548,
0538,中南林业科技大学,,森林工程,,,472,
0538,中南林业科技大学,,物流工程,,,531,
0538,中南林业科技大学,,供应链管理,,,517,
0538,中南林业科技大学,,建筑学,,,515,
0538,中南林业科技大学,,工业设计,,,544,
0538,中南林业科技大学,,土木类(土木工程、建筑环境与能源应用工程、城市地下空间工程),,,465,
0538,中南林业科技大学,,工程管理,,,532,
0538,中南林业科技大学,,食品科学与工程类(食品科学与工程、食品质量与安全、粮食工程),,,515,
0538,中南林业科技大学,,林产化工,,,473,
0538,中南林业科技大学,,化学工程与工艺,,,520,
0538,中南林业科技大学,,电子信息工程,,,567,
0538,中南林业科技大学,,自动化,,,567,
0538,中南林业科技大学,,应用物理学,,,523,
0538,中南林业科技大学,,信息与计算科学,,,548,
0538,中南林业科技大学,,地理信息科学,,,543,
0538,中南林业科技大学,,会展经济与管理,,,508,
0538,中南林业科技大学,,旅游管理类(旅游管理、酒店管理),,,495,
0538,中南林业科技大学,,数字经济,,,534,
0538,中南林业科技大学,,林学(陶铸实验班),,,535,
0538,中南林业科技大学,,生态学(陶铸实验班),,,515,
0538,中南林业科技大学,,生物技术(陶铸实验班),,,526,
0538,中南林业科技大学,,林学(中外合作办学),,,435,
0524,中南民族大学,,工商管理类[财务管理(数智财务方向)、会计学(大数据管理会计决策与智能会计方向)、会计学(注册会计师CPA卓越文科人才实验班)、工商管理(含企业管理数智创新方向)、工商管理(数智人才管理方向)],,,558,
0524,中南民族大学,,机械设计制造及其自动化,,,571,
0524,中南民族大学,,电子信息类[电子信息工程(智能电子系统设计与信息处理方向)、集成电路设计与集成系统(芯片设计与先进封装技术方向)、通信工程(智能通信与信息处理方向)、光电信息科学与工程(光电子与智能光通信方向)],,,583,
0524,中南民族大学,,计算机类(计算机科学与技术、软件工程、网络工程、人工智能),,,587,
0524,中南民族大学,,建筑学,,,543,
0524,中南民族大学,,材料类[材料化学(新能源存储与转化材料方向)、高分子材料与工程(新能源风电、汽车高分子材料方向)],,,526,
0524,中南民族大学,,环境科学与工程类(环境工程、环境科学、资源循环科学与工程、水文与水资源工程),,,509,
0524,中南民族大学,,药学类(化学生物学、药学、药物制剂、药物分析),,,535,
0524,中南民族大学,,生物科学类(生物技术、生物工程、生物制药、食品质量与安全),,,530,
0524,中南民族大学,,少数民族预科班,,,538,
0558,中山大学,,经济学类(广州)(经济学、金融学),,,667,
0558,中山大学,,化学类(化学、高分子材料与工程、应用化学),,,657,
0558,中山大学,,电子信息类(通信工程、微电子科学与工程、光电信息科学与工程、电子信息科学与技术),,,669,
0558,中山大学,,计算机类(广州)(计算机科学与技术、信息与计算科学),,,669,
0558,中山大学,,临床医学(八年制),,,689,
0558,中山大学,,临床医学(广州),,,658,
0558,中山大学,,基础医学,,,659,
0558,中山大学,,口腔医学,,,665,
0558,中山大学,,预防医学(广州),,,653,
0558,中山大学,,数学类(珠海)(数学与应用数学、信息与计算科学),,,665,
0558,中山大学,,物理学类(珠海)(物理学、天文学),,,662,
0558,中山大学,,微电子科学与工程(珠海),,,667,
0558,中山大学,,"材料科学与工程(民族班,只招少数民族考生)",,,652,
0558,中山大学,,机械工程,,,659,
0558,中山大学,,工商管理(深圳),,,649,
0034,中央财经大学,,财政学类[财政学、税收学、资产评估、财政学(财政基础理论基地班)、税收学(全球税收治理菁英班)],,,650,
0034,中央财经大学,,金融学(金融学、金融学北京外国语大学英语专业联培),,,667,
0034,中央财经大学,,金融学类(金融工程、金融科技),,,664,
0034,中央财经大学,,金融科技(北航计算机联培项目),,,676,
0034,中央财经大学,,工商管理类(会计学院)(会计学、财务管理),,,653,
0034,中央财经大学,,保险学(北理工智能、保险联培项目),,,641,
0034,中央财经大学,,精算学,,,656,
0034,中央财经大学,,统计学类[统计学、统计学(统计学、金融学双学位项目)、应用统计学、应用统计学(国际贸易、应统双学位项目)、经济统计学、经济统计学(供应链、经统双学位项目)、数据科学与大数据技术],,,654,
0034,中央财经大学,,数学类(数学与应用数学、信息与计算科学),,,651,
0034,中央财经大学,,国际经济与贸易(中外合作办学)(国际贸易、金融风险管理),,,622,
0034,中央财经大学,,经济学类(经济学、国民经济管理),,,650,
0034,中央财经大学,,大数据管理与应用(许国志大数据英才班),,,654,
0034,中央财经大学,,计算机类(计算机科学与技术、信息安全、数据科学与大数据技术),,,646,
0034,中央财经大学,,金融学(国际金融与公司理财),,,657,
0034,中央财经大学,,财政学(财政理论与政策),,,655,
0034,中央财经大学,,少数民族预科班,,,623,
0047,中央美术学院,,艺术史论,,,590,
0047,中央美术学院,,艺术史论(中外合作办学),,,589,
0052,中央民族大学,,经济学类(经济学、财政学、金融学、国际经济与贸易),,,621,
0052,中央民族大学,,法学类[法学、法学(涉外法治)],,,636,
0052,中央民族大学,,工商管理类(工商管理、会计学、财务管理、人力资源管理),,,623,
0052,中央民族大学,,外国语言文学类(英语、翻译),,,613,
0052,中央民族大学,,中国少数民族语言文学,,,562,
0052,中央民族大学,,信息与计算科学,,,629,
0052,中央民族大学,,统计学类(统计学、应用统计学),,,629,
0052,中央民族大学,,纳米材料与技术,,,626,
0052,中央民族大学,,光电信息科学与工程,,,632,
0052,中央民族大学,,电子信息类(电子信息工程、通信工程、人工智能),,,633,
0052,中央民族大学,,计算机类(计算机科学与技术、软件工程、数据科学与大数据技术),,,634,
0052,中央民族大学,,生物科学类(生物科学、生态学),,,617,
0052,中央民族大学,,环境科学与工程类(环境工程、环境科学、化学),,,618,
0052,中央民族大学,,环境科学(中外合作办学),,,583,
0052,中央民族大学,,数据科学与大数据技术(中外合作办学),,,599,
0052,中央民族大学,,少数民族预科班,,,613,
0465,中原工学院,,应用化学,,,461,
0465,中原工学院,,非织造材料与工程,,,455,
0465,中原工学院,,土木类(土木工程、城市地下空间工程),,,449,
0478,周口师范学院,,化学(师范类),,,491,
0478,周口师范学院,,环境工程,,,458,
0478,周口师范学院,,机器人工程,,,470,
0478,周口师范学院,,计算机科学与技术(师范类),,,501,
0478,周口师范学院,,生物技术,,,460,
0478,周口师范学院,,生物制药,,,472,
0478,周口师范学院,,数学与应用数学(师范类),,,510,
0478,周口师范学院,,网络工程,,,479,
0478,周口师范学院,,网络空间安全,,,474,
0478,周口师范学院,,物理学(师范类),,,505,
0478,周口师范学院,,物联网工程,,,484,
0478,周口师范学院,,信息与计算科学,,,473,
0478,周口师范学院,,应用化学,,,463,
0478,周口师范学院,,智能科学与技术,,,466,
0478,周口师范学院,,植物科学与技术,,,454,
0478,周口师范学院,,数字经济,,,461,
0478,周口师范学院,,日语(师范类),,,467,
0478,周口师范学院,,英语(师范类),,,512,
3684,珠海科技学院,,会计学,,,458,
3684,珠海科技学院,,金融学,,,448,
3684,珠海科技学院,,会展经济与管理,,,445,
3684,珠海科技学院,,朝鲜语,,,442,
3684,珠海科技学院,,商务英语,,,444,
3684,珠海科技学院,,机械设计制造及其自动化,,,448,
3684,珠海科技学院,,机械电子工程,,,442,
3684,珠海科技学院,,电子信息科学与技术,,,453,
3684,珠海科技学院,,计算机科学与技术,,,465,
3684,珠海科技学院,,智能科学与技术,,,461,
3684,珠海科技学院,,制药工程,,,450,
3684,珠海科技学院,,数据科学与大数据技术,,,446,
0661,遵义医科大学,,临床医学,,,584,
0661,遵义医科大学,,食品质量与安全,,,533,
0661,遵义医科大学,,康复治疗学,,,502,
0661,遵义医科大学,,临床医学,,,590,
