code,name,group,major,plan,admit,score,rank
0001,北京大学,,理科试验班类(元培)(数学类、物理学类、天文学、地球物理学类、心理学类、计算机类、电子信息类),,,707,
0001,北京大学,,理科试验班类(物理组相关专业)[数学类(等专业类)],,,695,
0002,中国人民大学,,经济学类(经济学、国际经济与贸易、能源经济、国民经济管理),,,684,
0002,中国人民大学,,工商管理类(工商管理、财务管理、会计学、市场营销、管理科学、贸易经济),,,683,
0002,中国人民大学,,金融学类(金融学、金融工程、信用管理、保险学),,,688,
0002,中国人民大学,,理科试验班(统计学、应用统计学、经济统计学、数据科学与大数据技术、计算机科学与技术、信息管理与信息系统、信息安全、软件工程、数学与应用数学、人工智能),,,680,
0003,清华大学,,理科试验班类(物理基础类)[电子信息类(等专业类)],,,694,
0003,清华大学,,临床医学类(含医学、化生类等方向)[临床医学(协和)、临床医学(医学实验班)],,,700,
0004,北京交通大学,,外国语言文学类(英语、西班牙语、葡萄牙语),,,634,
0004,北京交通大学,,经济管理试验班(经济学、金融学、劳动与社会保障、会计学、财务管理、工商管理、市场营销、旅游管理、工程管理、物流管理、信息管理与信息系统、保密管理),,,639,
0004,北京交通大学,,电子信息类(通信与控制)(通信工程、轨道交通信号与控制、自动化、电子科学与技术、信息工程、智能装备与系统),,,643,
0004,北京交通大学,,计算机类[计算机科学与技术、计算机科学与技术(铁路信息技术)、物联网工程、信息安全、保密技术、人工智能],,,648,
0004,北京交通大学,,软件工程,,,644,
0004,北京交通大学,,交通运输类[交通工程、物流工程、电子商务、交通运输(铁道运输)、交通运输(城市轨道交通)、交通运输(智能运输工程)、交通运输(高速铁路客运组织与服务)、交通运输(民航运输)],,,644,
0004,北京交通大学,,土木类(智慧建造与智能工程)(土木工程、铁道工程、环境工程),,,627,
0004,北京交通大学,,机械类(智能制造与智能装备)(机械工程、车辆工程、测控技术与仪器、能源与动力工程、工业工程),,,637,
0004,北京交通大学,,电气类[电气工程及其自动化、电气工程及其自动化(轨道牵引电气化)],,,642,
0004,北京交通大学,,电气工程及其自动化(新能源国际班),,,643,
0004,北京交通大学,,理科试验班类[信息与计算科学、统计学、光电信息科学与工程、纳米材料与技术(智能材料方向)],,,640,
0004,北京交通大学,,建筑类(建筑学、城乡规划),,,631,
0004,北京交通大学,,纳米材料与技术(中外合作办学),,,596,
0004,北京交通大学,,机械电子工程(中外合作办学),,,600,
0004,北京交通大学,,交通运输(中外合作办学),,,607,
0004,北京交通大学,,土木类(智慧建造与智能工程)(土木工程、铁道工程、环境工程),,,621,
0004,北京交通大学,,机械类(智能制造与智能装备)(机械工程、车辆工程、测控技术与仪器、能源与动力工程、工业工程),,,629,
0005,北京工业大学,,计算机科学与技术(实验班),,,628,
0005,北京工业大学,,电子科学与技术(实验班),,,627,
0005,北京工业大学,,测控技术与仪器,,,619,
0005,北京工业大学,,土木类(土木工程、给排水科学与工程、建筑环境与能源应用工程),,,619,
0005,北京工业大学,,工商管理,,,615,
0005,北京工业大学,,英语,,,612,
0005,北京工业大学,,电子信息工程(中外合作办学),,,590,
0005,北京工业大学,,金融学(中外合作办学),,,585,
0006,北京航空航天大学,,工科试验班类(计算机拔尖计划)(计算机科学与技术),,,684,
0006,北京航空航天大学,,工科试验班类(未来空天领军计划)(人工智能、智能飞行器技术、智能感知工程、虚拟现实技术、网络空间安全、计算机科学与技术、智能制造工程、飞行器设计与工程、飞行器动力工程、机器人工程、材料科学与工程、能源与动力工程、飞行器环境与生命保障工程、生物医学工程、交通运输、飞行器质量与可靠性、探测制导与控制技术、电子信息工程、通信工程、集成电路设计与集成系统、电磁场与无线技术、软件工程、自动化、信息安全、测控技术与仪器),,,682,
0006,北京航空航天大学,,理科试验班类(中法工程师学院)(信息与计算科学、数学与应用数学、应用物理学、工程力学),,,675,
0006,北京航空航天大学,,工科试验班类(航空航天类)(智能飞行器技术、飞行器控制与信息工程、智能制造工程、飞行器设计与工程、飞行器动力工程、机器人工程、材料科学与工程、纳米材料与技术、能源与动力工程、工程力学、飞行器环境与生命保障工程、机械工程、材料成型及控制工程、飞行器制造工程、微机电系统工程、工业设计、生物医学工程、车辆工程、交通运输、飞行器适航技术、土木工程、飞行器质量与可靠性、安全工程、探测制导与控制技术、无人驾驶航空器系统工程),,,672,
0006,北京航空航天大学,,工科试验班类(信息类)(人工智能、计算机科学与技术、虚拟现实技术、智能感知工程、网络空间安全、电子信息工程、通信工程、电子科学与技术、集成电路设计与集成系统、光电信息科学与工程、电磁场与无线技术、交通运输、软件工程、自动化、电气工程及其自动化、机器人工程、信息对抗技术、信息安全、微电子科学与工程、测控技术与仪器、探测制导与控制技术、遥感科学与技术),,,675,
0006,北京航空航天大学,,理科试验班类(信息管理与信息系统、工业工程、经济统计学、会计学、工商管理、金融学、工程管理、能源经济、数学与应用数学、信息与计算科学、统计学、信息安全、应用物理学、核物理、物理学、环境工程、空间科学与技术、化学、应用化学、化学生物学),,,674,
0006,北京航空航天大学,,工科试验班类(国际合作专项)(飞行器动力工程),,,671,
0007,北京理工大学,,工科试验班(徐特立英才班)(智能制造工程、人工智能、数据科学与大数据技术、智能无人系统技术、智能感知工程、密码科学与技术、微电子科学与工程、飞行器设计与工程、飞行器动力工程、航空航天工程、武器发射工程、探测制导与控制技术、工程力学、武器系统与工程、弹药工程与爆炸技术、特种能源技术与工程、安全工程、机械电子工程、车辆工程、装甲车辆工程、能源与动力工程、机械工程、工业工程、光电信息科学与工程、测控技术与仪器、自动化、电气工程及其自动化、计算机科学与技术、软件工程、电子信息工程、网络空间安全、电子科学与技术、通信工程),,,670,
0007,北京理工大学,,工科试验班(宇航与机电类)(飞行器设计与工程、飞行器动力工程、航空航天工程、武器发射工程、探测制导与控制技术、工程力学、武器系统与工程、弹药工程与爆炸技术、特种能源技术与工程、安全工程、机械电子工程、智能无人系统技术),,,664,
0007,北京理工大学,,工科试验班(智能制造与智能车辆精英班)(车辆工程、装甲车辆工程、能源与动力工程、机械工程、工业工程、智能制造工程),,,663,
0007,北京理工大学,,工科试验班(信息科学技术)(人工智能、数据科学与大数据技术、网络空间安全、智能感知工程、密码科学与技术、自动化、电气工程及其自动化、计算机科学与技术、软件工程、光电信息科学与工程、测控技术与仪器),,,661,
0007,北京理工大学,,工科试验班(电子信息实验班)(电子信息工程、电子科学与技术、通信工程、信息对抗技术、微电子科学与工程),,,660,
0008,北京科技大学,,理科试验班(材料科学与工程、管理科学与工程类、机械类、自动化类、计算机类、通信工程、土木类、安全工程、数学类、应用物理学),,,641,
0008,北京科技大学,,工科试验班类(材料科学与工程、机械类、自动化类、计算机类、通信工程、土木类、安全工程),,,636,
0008,北京科技大学,,材料科学与工程,,,623,
0008,北京科技大学,,工商管理类(工商管理、会计学、国际经济与贸易、金融工程),,,630,
0008,北京科技大学,,管理科学与工程类(大数据管理与应用、信息管理与信息系统、工程管理),,,627,
0008,北京科技大学,,机械类(机械工程、机器人工程、车辆工程、物流工程、工业设计),,,625,
0008,北京科技大学,,能源动力类(能源与动力工程、新能源科学与工程、环境工程、环境科学),,,623,
0008,北京科技大学,,自动化类(自动化、人工智能、测控技术与仪器),,,629,
0008,北京科技大学,,计算机类(计算机科学与技术、信息安全、物联网工程),,,637,
0008,北京科技大学,,通信工程,,,630,
0008,北京科技大学,,储能科学与工程,,,619,
0008,北京科技大学,,土木类(土木工程、建筑环境与能源应用工程),,,616,
0008,北京科技大学,,安全工程,,,622,
0008,北京科技大学,,数学类(数学与应用数学、信息与计算科学、统计学),,,631,
0008,北京科技大学,,应用物理学,,,625,
0008,北京科技大学,,应用化学,,,623,
0008,北京科技大学,,生物技术,,,630,
0009,北方工业大学,,信息与计算科学,,,580,
0009,北方工业大学,,统计学,,,575,
0009,北方工业大学,,机械电子工程(智能制造与智能装备),,,579,
0009,北方工业大学,,工业设计,,,580,
0009,北方工业大学,,材料科学与工程(新材料),,,566,
0009,北方工业大学,,新能源科学与工程(智能电网),,,584,
0009,北方工业大学,,电子信息工程,,,586,
0009,北方工业大学,,微电子科学与工程(集成电路设计与测试),,,588,
0009,北方工业大学,,人工智能,,,592,
0009,北方工业大学,,计算机科学与技术,,,596,
0009,北方工业大学,,信息安全,,,587,
0009,北方工业大学,,数字媒体技术,,,586,
0009,北方工业大学,,数据科学与大数据技术(中外合作办学),,,555,
0009,北方工业大学,,土木工程(中外合作办学),,,509,
0009,北方工业大学,,建筑环境与能源应用工程(绿色建筑与新能源),,,573,
0009,北方工业大学,,城市地下空间工程(智慧城市),,,578,
0009,北方工业大学,,建筑学,,,575,
0009,北方工业大学,,工程管理(建筑智能化管理),,,577,
0009,北方工业大学,,会计学,,,586,
0009,北方工业大学,,机械设计制造及其自动化(创新实验班),,,592,
0009,北方工业大学,,电子信息工程(理工科实验班),,,592,
0009,北方工业大学,,自动化(创新实验班),,,592,
0009,北方工业大学,,计算机科学与技术(创新实验班),,,598,
0010,北京化工大学,,工科试验班(宏德书院)(化学工程与工艺、高分子材料与工程、生物工程、化学),,,618,
0010,北京化工大学,,工科试验班(绿色化工与生物医药)(化学工程与工艺、能源化学工程、环境工程、生物工程、生物医学工程、制药工程),,,605,
0010,北京化工大学,,工科试验班(先进材料与绿色化学)(材料科学与工程、高分子材料与工程、功能材料、化学、应用化学、能源化学),,,605,
0010,北京化工大学,,自动化类(高端装备与智能制造)(测控技术与仪器、自动化、机械设计制造及其自动化、过程装备与控制工程、安全工程、机器人工程),,,610,
0010,北京化工大学,,计算机类(电子信息工程、通信工程、人工智能、计算机科学与技术、数据科学与大数据技术),,,616,
0010,北京化工大学,,理科试验班(数学、物理电子与管理)(电子科学与技术、数学与应用数学、信息与计算科学、金融数学、信息管理与信息系统、物流管理),,,616,
0010,北京化工大学,,工商管理类(新文科经管法)(财务管理、会计学、工商管理、国际经济与贸易、公共事业管理、行政管理、法学),,,613,
0010,北京化工大学,,化工与制药类(中外合作办学)(中法精英工程教育试验班)[高分子材料与工程(中外合作办学)、化学工程与工艺(中外合作办学)、生物工程(中外合作办学)],,,578,
0010,北京化工大学,,生物工程(中外合作办学)(中美双学位、生物过程工程),,,579,
0010,北京化工大学,,机械设计制造及其自动化(中外合作办学)(中美双学位、机器人方向),,,580,
0010,北京化工大学,,工业设计(中外合作办学)(中意设计双学位),,,573,
0011,北京工商大学,,金融科技(实验班),,,580,
0011,北京工商大学,,应用化学(日化方向),,,556,
0011,北京工商大学,,环境工程,,,557,
0012,北京服装学院,,服装设计与工程,,,549,
0012,北京服装学院,,高分子材料与工程,,,534,
0012,北京服装学院,,轻化工程,,,509,
0012,北京服装学院,,工商管理类(工商管理、市场营销、文化产业管理、国际经济与贸易),,,533,
0012,北京服装学院,,信息管理与信息系统,,,538,
0013,北京邮电大学,,通信工程(大类招生),,,655,
0013,北京邮电大学,,电子信息类(电子信息科学与技术、电子科学与技术、光电信息科学与工程),,,653,
0013,北京邮电大学,,计算机类(计算机科学与技术、网络工程、数据科学与大数据技术),,,658,
0013,北京邮电大学,,网络空间安全(大类招生),,,652,
0013,北京邮电大学,,人工智能(大类招生),,,653,
0013,北京邮电大学,,邮政工程(互联网与智慧物流),,,646,
0013,北京邮电大学,,邮政管理(互联网与智慧物流),,,647,
0013,北京邮电大学,,机械工程(机器人试验班),,,652,
0013,北京邮电大学,,金融学类(大数据管理与应用、金融科技),,,651,
0013,北京邮电大学,,理科试验班(信息科学)(数学与应用数学、信息与计算科学、应用物理学),,,652,
0013,北京邮电大学,,智能交互设计,,,653,
0015,北京印刷学院,,机械类(机械工程、自动化),,,524,
0015,北京印刷学院,,轻工类(印刷工程、包装工程),,,519,
0016,北京建筑大学,,建筑类(建筑学、城乡规划、风景园林),,,613,
0016,北京建筑大学,,历史建筑保护工程,,,587,
0016,北京建筑大学,,智能建造,,,591,
0016,北京建筑大学,,土木工程(实验班),,,590,
0016,北京建筑大学,,土木工程,,,585,
0016,北京建筑大学,,建筑环境与能源应用工程,,,582,
0016,北京建筑大学,,给排水科学与工程,,,577,
0016,北京建筑大学,,管理科学与工程类(项目管理与造价类)(工程管理、工程造价),,,581,
0016,北京建筑大学,,机械类(智能制造类)(机械工程、机械电子工程、工业工程),,,582,
0016,北京建筑大学,,车辆工程(城市轨道车辆实验班),,,580,
0017,北京石油化工学院,,化学工程与工艺,,,524,
0017,北京石油化工学院,,制药工程,,,525,
0017,北京石油化工学院,,生物制药,,,526,
0017,北京石油化工学院,,机械工程,,,533,
0017,北京石油化工学院,,机械电子工程,,,541,
0017,北京石油化工学院,,环境工程,,,525,
0017,北京石油化工学院,,能源与动力工程,,,535,
0017,北京石油化工学院,,物联网工程,,,546,
0017,北京石油化工学院,,大数据管理与应用,,,555,
0017,北京石油化工学院,,旅游管理,,,517,
0017,北京石油化工学院,,高分子材料与工程,,,529,
0017,北京石油化工学院,,安全工程(实验室管理),,,523,
0019,中国农业大学,,农学,,,631,
0019,中国农业大学,,园艺,,,626,
0019,中国农业大学,,植物保护,,,628,
0019,中国农业大学,,生物科学类(生物科学、生物技术),,,641,
0019,中国农业大学,,环境科学与工程类(应用气象学、生态学、资源环境科学、环境工程),,,630,
0019,中国农业大学,,草业科学,,,625,
0019,中国农业大学,,动物科学,,,628,
0019,中国农业大学,,动物医学类(动物医学、中兽医学、兽医公共卫生),,,640,
0019,中国农业大学,,食品科学与工程类(食品科学与工程、食品质量与安全、生物工程、葡萄与葡萄酒工程),,,638,
0019,中国农业大学,,食品科学与工程(中外合作办学),,,619,
0019,中国农业大学,,食品质量与安全(中外合作办学),,,597,
0019,中国农业大学,,农业工程类(农业工程、农业机械化及其自动化、农业智能装备工程),,,629,
0019,中国农业大学,,机械类(机械设计制造及其自动化、车辆工程、工业设计、机械电子工程),,,631,
0019,中国农业大学,,电子信息类(电子信息工程、通信工程、电气工程及其自动化、人工智能),,,636,
0019,中国农业大学,,计算机类(计算机科学与技术、数据科学与大数据技术),,,638,
0019,中国农业大学,,水利类(农业水利工程、水利水电工程、能源与动力工程、农业建筑环境与能源工程、土木工程),,,631,
0019,中国农业大学,,化学类(化学、应用化学),,,631,
0019,中国农业大学,,数学与应用数学,,,645,
0019,中国农业大学,,经济学类(国际经济与贸易、金融学、农林经济管理),,,641,
0019,中国农业大学,,工商管理类(工商管理、会计学),,,636,
0019,中国农业大学,,农村区域发展,,,623,
0019,中国农业大学,,国际经济与贸易(中外合作办学),,,606,
0019,中国农业大学,,传播学(中外合作办学),,,620,
0019,中国农业大学,,农林经济管理(中外合作办学),,,601,
0019,中国农业大学,,水产养殖学,,,589,
0019,中国农业大学,,设施农业科学与工程,,,599,
0019,中国农业大学,,市场营销,,,599,
0019,中国农业大学,,公共事业管理,,,616,
0019,中国农业大学,,理科试验班类(生命科学),,,652,
0019,中国农业大学,,理科试验班(信息科学),,,641,
0019,中国农业大学,,地理科学类,,,631,
0020,北京农学院,,生物工程,,,522,
0020,北京农学院,,植物保护(植物医学),,,520,
0020,北京农学院,,园艺,,,505,
0020,北京农学院,,食品质量与安全,,,514,
0022,北京林业大学,,林学类[林学、森林保护、林学(城市林业方向)、经济林],,,599,
0022,北京林业大学,,地理信息科学,,,602,
0022,北京林业大学,,水土保持与荒漠化防治,,,579,
0022,北京林业大学,,土木工程,,,594,
0022,北京林业大学,,生物科学类(生物科学、生物技术),,,602,
0022,北京林业大学,,食品科学与工程,,,600,
0022,北京林业大学,,风景园林,,,628,
0022,北京林业大学,,园林,,,603,
0022,北京林业大学,,城乡规划,,,604,
0022,北京林业大学,,园艺(观赏园艺方向),,,591,
0022,北京林业大学,,农林经济管理(梁希实验班),,,612,
0022,北京林业大学,,金融学,,,618,
0022,北京林业大学,,工商管理类(会计学、工商管理、市场营销、人力资源管理、物业管理),,,605,
0022,北京林业大学,,机械设计制造及其自动化,,,601,
0022,北京林业大学,,车辆工程,,,596,
0022,北京林业大学,,自动化,,,603,
0022,北京林业大学,,林业工程类[木材科学与工程、木材科学与工程(家具设计与制造方向)、木材科学与工程(木结构材料与工程方向)、林产化工、林产化工(制浆造纸工程方向)、林产化工(生物质能源科学与工程方向)],,,590,
0022,北京林业大学,,包装工程,,,570,
0022,北京林业大学,,法学,,,615,
0022,北京林业大学,,应用心理学,,,605,
0022,北京林业大学,,英语,,,608,
0022,北京林业大学,,商务英语,,,602,
0022,北京林业大学,,计算机类(计算机科学与技术、数字媒体技术、网络工程、物联网工程、数据科学与大数据技术),,,609,
0022,北京林业大学,,信息管理与信息系统,,,607,
0022,北京林业大学,,数学与应用数学,,,613,
0022,北京林业大学,,电子信息科学与技术,,,607,
0022,北京林业大学,,野生动物与自然保护区管理,,,605,
0022,北京林业大学,,环境科学,,,596,
0022,北京林业大学,,草业科学(草坪科学与管理方向),,,587,
0025,首都医科大学,,临床医学(5+3一体化),,,665,
0025,首都医科大学,,儿科学(5+3一体化),,,656,
0025,首都医科大学,,口腔医学(5+3一体化),,,669,
0025,首都医科大学,,临床医学,,,654,
0025,首都医科大学,,临床医学(阶平班),,,675,
0025,首都医科大学,,儿科学,,,646,
0025,首都医科大学,,口腔医学(阶平班),,,671,
0025,首都医科大学,,预防医学,,,627,
0025,首都医科大学,,中医学,,,631,
0025,首都医科大学,,药学,,,631,
0025,首都医科大学,,生物医学工程,,,625,
0025,首都医科大学,,康复治疗学(物理治疗),,,583,
0025,首都医科大学,,康复治疗学(作业治疗),,,629,
0026,北京中医药大学,,中医学(领军人才培养计划),,,677,
0026,北京中医药大学,,中西医临床医学(华佗班),,,653,
0026,北京中医药大学,,中医学(卓越5+3一体化),,,631,
0026,北京中医药大学,,中医学(卓越中医儿科班5+3一体化),,,627,
0026,北京中医药大学,,中医学,,,616,
0026,北京中医药大学,,中医学(实验班),,,620,
0026,北京中医药大学,,针灸推拿学,,,603,
0026,北京中医药大学,,中药学,,,601,
0026,北京中医药大学,,中药制药,,,598,
0026,北京中医药大学,,生物工程,,,588,
0026,北京中医药大学,,康复治疗学,,,593,
0026,北京中医药大学,,公共管理类[公共事业管理(卫生健康事业管理)、工商管理(大健康产业管理)],,,584,
0026,北京中医药大学,,药事管理,,,605,
0026,北京中医药大学,,大数据管理与应用,,,595,
0026,北京中医药大学,,英语(中医药国际传播),,,590,
0026,北京中医药大学,,护理学,,,570,
0027,北京师范大学,,社会科学试验班[工商管理(数字企业管理实验班)、金融学、金融科技、会计学、国际经济与贸易(瀚德实验班)、法学(瀚德实验班)、法学(卓越实验班)、社会学、人力资源管理、公共事业管理、经济学(励耘实验班)],,,665,
0027,北京师范大学,,数学类[数学与应用数学、统计学、数学与应用数学(励耘实验班)],,,674,
0027,北京师范大学,,物理学类[物理学、计算机科学与技术、人工智能、信息管理与信息系统、天文学、物理学(励耘实验班)],,,665,
0027,北京师范大学,,理科试验班[化学、生物科学类、环境科学与工程类、心理学、地理科学类、资源环境科学、化学(励耘实验班)、生物科学(励耘实验班)],,,664,
0028,首都师范大学,,数学类(数学与应用数学、信息与计算科学、统计学),,,619,
0028,首都师范大学,,人工智能,,,608,
0028,首都师范大学,,英语,,,615,
0028,首都师范大学,,日语,,,609,
0030,北京外国语大学,,外交学(中外合作办学),,,620,
0030,北京外国语大学,,日语,,,648,
0030,北京外国语大学,,法学类[法学、法学(国际商法)],,,645,
0030,北京外国语大学,,俄语,,,645,
0031,北京第二外国语学院,,商务英语(国际文化贸易),,,615,
0031,北京第二外国语学院,,法语(经贸合作),,,610,
0031,北京第二外国语学院,,西班牙语(人文交流),,,612,
0031,北京第二外国语学院,,波斯语(人文交流),,,594,
0031,北京第二外国语学院,,市场营销(大数据应用),,,594,
0031,北京第二外国语学院,,新闻学(融媒体国际新闻),,,604,
0032,北京语言大学,,外国语言文学类[英语、英语(英西复语)、商务英语],,,622,
0032,北京语言大学,,翻译(本地化),,,611,
0032,北京语言大学,,汉语国际教育,,,620,
0032,北京语言大学,,网络与新媒体,,,610,
0032,北京语言大学,,计算机类[计算机科学与技术、数字媒体技术、信息管理与信息系统、计算机科学与技术(语言智能与技术实验班)],,,595,
0032,北京语言大学,,金融学,,,604,
0032,北京语言大学,,会计学,,,596,
0032,北京语言大学,,特殊教育(言语听觉科学),,,599,
0032,北京语言大学,,语言学,,,603,
0032,北京语言大学,,心理学,,,602,
0032,北京语言大学,,计算机类[计算机科学与技术、数字媒体技术、信息管理与信息系统、计算机科学与技术(语言智能与技术实验班)],,,600,
0033,中国传媒大学,,广告学,,,635,
0033,中国传媒大学,,广告学(数字营销方向),,,636,
0033,中国传媒大学,,国际新闻与传播,,,638,
0033,中国传媒大学,,新闻学(数据新闻报道方向),,,641,
0033,中国传媒大学,,翻译,,,633,
0033,中国传媒大学,,通信工程(无线多媒体广播技术方向),,,633,
0033,中国传媒大学,,广播电视工程,,,636,
0033,中国传媒大学,,数字媒体技术,,,640,
0033,中国传媒大学,,物联网工程,,,634,
0033,中国传媒大学,,智能科学与技术(智能媒体技术方向),,,634,
0033,中国传媒大学,,数据科学与大数据技术(传媒大数据方向),,,633,
0033,中国传媒大学,,计算机科学与技术,,,634,
0033,中国传媒大学,,行政管理(公共事务与传播治理方向),,,633,
0034,中央财经大学,,财政学类(财政学、税收学、资产评估),,,660,
0034,中央财经大学,,金融学类(金融学、金融工程、金融科技),,,674,
0034,中央财经大学,,工商管理类(会计学院)(会计学、财务管理),,,659,
0034,中央财经大学,,统计学类(经济统计学、统计学、应用统计学、数据科学与大数据技术),,,660,
0034,中央财经大学,,国际经济与贸易(中外合作办学)(国际贸易、金融风险管理),,,647,
0034,中央财经大学,,经济学类(经济学、国民经济管理),,,661,
0034,中央财经大学,,工商管理类(商学院)[工商管理、市场营销(大数据营销)、人力资源管理、供应链管理],,,654,
0034,中央财经大学,,大数据管理与应用(许国志大数据英才班),,,666,
0034,中央财经大学,,投资学,,,667,
0034,中央财经大学,,计算机类(计算机科学与技术、信息安全、数据科学与大数据技术),,,655,
0034,中央财经大学,,金融学(国际金融与公司理财),,,670,
0034,中央财经大学,,财政学(财政理论与政策),,,658,
0034,中央财经大学,,少数民族预科班,,,641,
0036,对外经济贸易大学,,经济学类(国际经济与贸易、财政学、税收学),,,663,
0036,对外经济贸易大学,,金融学,,,665,
0036,对外经济贸易大学,,金融工程,,,668,
0036,对外经济贸易大学,,工商管理类(会计学、财务管理、人力资源管理、市场营销、工商管理),,,653,
0036,对外经济贸易大学,,数据科学与大数据技术,,,655,
0036,对外经济贸易大学,,电子商务类(电子商务、信息管理与信息系统),,,652,
0036,对外经济贸易大学,,精算学,,,656,
0036,对外经济贸易大学,,金融数学,,,665,
0036,对外经济贸易大学,,经济统计学,,,661,
0036,对外经济贸易大学,,少数民族预科班,,,652,
0037,北京物资学院,,金融学类[金融学、金融学(期货与证券)],,,575,
0037,北京物资学院,,物流管理与工程类(物流管理、采购管理、供应链管理),,,578,
0037,北京物资学院,,质量管理工程,,,568,
0037,北京物资学院,,物联网工程,,,574,
0037,北京物资学院,,数据科学与大数据技术,,,572,
0037,北京物资学院,,电子商务,,,566,
0038,首都经济贸易大学,,工商管理类(劳经学院)(社会工作、人力资源管理、劳动关系、劳动与社会保障),,,604,
0038,首都经济贸易大学,,新闻传播学类(广告学、传播学),,,610,
0038,首都经济贸易大学,,安全工程(注安师),,,595,
0038,首都经济贸易大学,,外国语言文学类(商务英语、法语),,,604,
0038,首都经济贸易大学,,统计学(中外合作办学)(商业大数据方向),,,561,
0043,北京体育大学,,经济学,,,597,
0043,北京体育大学,,马克思主义理论,,,583,
0043,北京体育大学,,运动康复,,,593,
0043,北京体育大学,,智能体育工程,,,600,
0043,北京体育大学,,英语,,,602,
0043,北京体育大学,,俄语,,,580,
0043,北京体育大学,,德语,,,586,
0043,北京体育大学,,新闻学,,,616,
0043,北京体育大学,,网络与新媒体,,,612,
0043,北京体育大学,,应用心理学,,,585,
0043,北京体育大学,,数据科学与大数据技术,,,583,
0043,北京体育大学,,体育经济与管理,,,589,
0043,北京体育大学,,公共事业管理,,,576,
0043,北京体育大学,,旅游管理,,,571,
0043,北京体育大学,,康复物理治疗,,,594,
0052,中央民族大学,,经济学类(经济学、数字经济、财政学、金融学、国际经济与贸易),,,630,
0052,中央民族大学,,法学类[法学、法学(涉外法治人才)],,,632,
0052,中央民族大学,,工商管理类(工商管理、会计学、财务管理、人力资源管理、旅游管理),,,629,
0052,中央民族大学,,外国语言文学类(英语、翻译),,,624,
0052,中央民族大学,,信息与计算科学,,,619,
0052,中央民族大学,,信息与计算科学(民族实验班),,,573,
0052,中央民族大学,,统计学类(统计学、应用统计学),,,628,
0052,中央民族大学,,光电信息科学与工程,,,625,
0052,中央民族大学,,环境科学与工程类(环境工程、环境科学),,,616,
0052,中央民族大学,,环境科学(中外合作办学),,,575,
0052,中央民族大学,,电子信息类(电子信息工程、通信工程),,,621,
0052,中央民族大学,,计算机类(计算机科学与技术、软件工程、数据科学与大数据技术),,,626,
0052,中央民族大学,,计算机科学与技术(民族实验班),,,589,
0052,中央民族大学,,少数民族预科班,,,612,
0053,中国政法大学,,法学,,,655,
0053,中国政法大学,,法学(法学人才培养模式改革实验班),,,667,
0053,中国政法大学,,法学(涉外法治人才培养实验班),,,663,
0053,中国政法大学,,社会工作,,,643,
0053,中国政法大学,,翻译(法律翻译实验班),,,646,
0053,中国政法大学,,应用心理学,,,641,
0053,中国政法大学,,工商管理,,,642,
0053,中国政法大学,,国际商务,,,641,
0053,中国政法大学,,金融工程(成思危现代金融菁英班),,,647,
0053,中国政法大学,,信息管理与信息系统(法治信息管理实验班),,,644,
0054,华北电力大学(北京),,电气类(电气工程及其自动化、智能电网信息工程),,,648,
0054,华北电力大学(北京),,电子信息类(电子信息工程、电子科学与技术、通信工程),,,644,
0054,华北电力大学(北京),,能源动力类(能源与动力工程),,,635,
0054,华北电力大学(北京),,能源动力类(储能科学与工程),,,635,
0054,华北电力大学(北京),,机械类(机械工程),,,629,
0054,华北电力大学(北京),,材料类(材料科学与工程),,,625,
0054,华北电力大学(北京),,土木类(建筑环境与能源应用工程),,,626,
0054,华北电力大学(北京),,自动化类(自动化、测控技术与仪器、机器人工程),,,629,
0054,华北电力大学(北京),,计算机类(计算机科学与技术、软件工程、信息安全、物联网工程、智能科学与技术、人工智能),,,635,
0054,华北电力大学(北京),,管理科学与工程类(信息管理与信息系统、工程管理),,,623,
0054,华北电力大学(北京),,经济学类(金融学、经济学),,,626,
0054,华北电力大学(北京),,物流管理与工程类(供应链管理),,,619,
0054,华北电力大学(北京),,能源动力类(新能源科学与工程、新能源材料与器件),,,627,
0054,华北电力大学(北京),,水利类(水利水电工程、水文与水资源工程),,,637,
0054,华北电力大学(北京),,核工程类(核工程与核技术、辐射防护与核安全),,,620,
0054,华北电力大学(北京),,环境科学与工程类(应用化学、环境科学),,,611,
0054,华北电力大学(北京),,数学类(信息与计算科学、数据科学与大数据技术),,,633,
0054,华北电力大学(北京),,工商管理类(会计学、财务管理、工商管理、人力资源管理、市场营销),,,620,
0054,华北电力大学(北京),,法学类(法学),,,620,
0054,华北电力大学(北京),,公共管理类(公共事业管理、行政管理、汉语言文学、广告学),,,616,
0054,华北电力大学(北京),,物理学类(应用物理学),,,635,
0055,南开大学,,经济学类(经济学、国际经济与贸易、财政学、商务经济学),,,664,
0055,南开大学,,金融学类(金融学、保险学、金融工程、投资学、精算学),,,669,
0055,南开大学,,临床医学(5+3一体化),,,659,
0055,南开大学,,工商管理类[工商管理、人力资源管理、财务管理、会计学、会计学(国际会计)、市场营销、信息管理与信息系统、工业工程、物流管理、图书馆学、档案学、旅游管理、会展经济与管理],,,659,
0055,南开大学,,理科试验班(数理科学与大数据)(数学与应用数学、信息与计算科学、物理学、光电信息科学与工程、应用物理学、数据科学与大数据技术、统计学),,,666,
0055,南开大学,,工科试验班(信息科学与技术)(电子信息科学与技术、电子科学与技术、通信工程、微电子科学与工程、光电信息科学与工程、计算机科学与技术、信息安全、物联网工程、密码科学与技术、自动化、智能科学与技术、软件工程),,,660,
0055,南开大学,,理科试验班类(物质科学与可持续发展)(生物科学、生物技术、药学、药物化学),,,658,
0056,天津大学,,建筑类(建筑学、城乡规划、风景园林),,,654,
0056,天津大学,,数学类(金融数学、数学与应用数学、数据科学与大数据技术),,,653,
0056,天津大学,,经济管理试验班[工程管理、保密管理、信息管理与信息系统、工业工程、金融学、财务管理、工商管理、电子商务、物流工程(智慧供应链与运营管理)],,,648,
0056,天津大学,,工科试验班(智能制造与建造)(港口航道与海岸工程、水利水电工程、土木工程、能源与动力工程、工业设计、机械设计制造及其自动化、工程力学、智能制造工程、材料成型及控制工程、建筑环境与能源应用工程、过程装备与控制工程),,,647,
0056,天津大学,,工科试验班(高新舰船与海洋装备智能设计与管理)(船舶与海洋工程),,,646,
0056,天津大学,,工科试验班(精仪与光电信息类)[测控技术与仪器、光电信息科学与工程、智能感知工程、电子科学与技术(光电子技术)],,,651,
0056,天津大学,,工科试验班(电子科学技术类)[集成电路设计与集成系统、电子科学与技术(微电子)],,,651,
0056,天津大学,,工科试验班(电气信息类)(电气工程及其自动化、电子信息工程、通信工程、物联网工程、自动化、智能电网信息工程),,,652,
0056,天津大学,,工科试验班(智能与计算类)(软件工程、人工智能、网络空间安全、计算机科学与技术),,,654,
0056,天津大学,,工科试验班(化工能源与生命医药类)(化学工程与工艺、生物工程、合成生物学、食品科学与工程、精细化工、制药工程),,,645,
0056,天津大学,,医学试验班(新医科)[生物科学、药学、智能医学工程、生物医学工程、临床医学(5年制)],,,647,
0057,天津科技大学,,机械类(机械电子工程、过程装备与控制工程、材料成型及控制工程、机械设计制造及其自动化、车辆工程),,,574,
0057,天津科技大学,,电子信息类(通信工程、电子信息工程),,,579,
0057,天津科技大学,,计算机科学与技术,,,583,
0057,天津科技大学,,智能科学与技术,,,577,
0057,天津科技大学,,海洋科学类(海洋科学、海洋技术),,,564,
0057,天津科技大学,,材料化学,,,562,
0057,天津科技大学,,化学工程与工艺,,,563,
0057,天津科技大学,,轻化工程,,,562,
0057,天津科技大学,,包装工程,,,547,
0057,天津科技大学,,财务管理,,,568,
0057,天津科技大学,,财务管理(中外合作办学),,,531,
0057,天津科技大学,,计算机科学与技术(中外合作办学)(信息处理),,,551,
0058,天津工业大学,,纺织工程,,,585,
0058,天津工业大学,,非织造材料与工程,,,573,
0058,天津工业大学,,轻化工程,,,570,
0058,天津工业大学,,材料科学与工程,,,579,
0058,天津工业大学,,无机非金属材料工程,,,570,
0058,天津工业大学,,机械工程,,,590,
0058,天津工业大学,,机械电子工程,,,591,
0058,天津工业大学,,智能制造工程,,,589,
0058,天津工业大学,,自动化,,,595,
0058,天津工业大学,,人工智能,,,597,
0058,天津工业大学,,电气工程及其自动化,,,599,
0058,天津工业大学,,电子信息工程,,,599,
0058,天津工业大学,,通信工程,,,597,
0058,天津工业大学,,电子科学与技术,,,595,
0058,天津工业大学,,生物医学工程,,,583,
0058,天津工业大学,,环境工程,,,579,
0058,天津工业大学,,化学工程与工艺,,,580,
0058,天津工业大学,,应用化学,,,579,
0058,天津工业大学,,计算机科学与技术,,,600,
0058,天津工业大学,,网络空间安全,,,595,
0058,天津工业大学,,数学类(数学与应用数学、信息与计算科学、应用统计学),,,589,
0058,天津工业大学,,光电信息科学与工程,,,589,
0058,天津工业大学,,应用物理学,,,585,
0058,天津工业大学,,管理科学与工程类(信息管理与信息系统、工业工程),,,578,
0059,中国民航大学,,工科试验班(中欧航空工程师)[航空航天类(中外合作办学)],,,612,
0059,中国民航大学,,英语(民航外语),,,577,
0059,中国民航大学,,信息与计算科学,,,569,
0059,中国民航大学,,应用气象学(航空气象),,,589,
0059,中国民航大学,,应用心理学,,,571,
0059,中国民航大学,,统计学(民航大数据),,,574,
0059,中国民航大学,,材料物理(无损检测与表面工程),,,560,
0059,中国民航大学,,材料化学,,,558,
0059,中国民航大学,,工科试验班(航空工程学院)[飞行器动力工程(航空发动机)、飞行器制造工程(飞机结构与系统)、机械电子工程(飞机机电附件)、材料科学与工程],,,565,
0059,中国民航大学,,电气工程及其自动化(航空电气),,,580,
0059,中国民航大学,,电子信息工程(航空电子),,,576,
0059,中国民航大学,,通信工程,,,576,
0059,中国民航大学,,自动化,,,578,
0059,中国民航大学,,计算机科学与技术,,,576,
0059,中国民航大学,,信息安全,,,577,
0059,中国民航大学,,土木工程,,,554,
0059,中国民航大学,,油气储运工程(机场供油工程),,,556,
0059,中国民航大学,,交通工程,,,582,
0059,中国民航大学,,交通运输(空中交通管制),,,595,
0059,中国民航大学,,交通管理(飞行运行管理),,,593,
0059,中国民航大学,,无人驾驶航空器系统工程,,,587,
0059,中国民航大学,,安全工程,,,561,
0059,中国民航大学,,工商管理类(经济与金融、工商管理、会计学、财务管理),,,562,
0059,中国民航大学,,公共事业管理,,,562,
0059,中国民航大学,,物流管理,,,564,
0059,中国民航大学,,工业工程(航空维修工程与管理),,,562,
0060,天津理工大学,,计算机科学与技术,,,600,
0060,天津理工大学,,信息安全,,,590,
0060,天津理工大学,,数据科学与大数据技术,,,597,
0060,天津理工大学,,计算机科学与技术(中外合作办学),,,562,
0060,天津理工大学,,电气工程及其自动化,,,593,
0060,天津理工大学,,电子信息工程,,,592,
0060,天津理工大学,,通信工程,,,591,
0060,天津理工大学,,集成电路设计与集成系统,,,587,
0060,天津理工大学,,自动化,,,593,
0060,天津理工大学,,材料成型及控制工程,,,579,
0060,天津理工大学,,大数据管理与应用,,,587,
0060,天津理工大学,,工商管理(中外合作办学),,,532,
0060,天津理工大学,,工业工程(中外合作办学),,,549,
0060,天津理工大学,,制药工程,,,573,
0060,天津理工大学,,机械电子工程,,,581,
0060,天津理工大学,,能源与动力工程,,,582,
0060,天津理工大学,,新能源科学与工程,,,581,
0061,天津农学院,,种子科学与工程,,,475,
0061,天津农学院,,菌物科学与工程,,,454,
0061,天津农学院,,植物保护,,,465,
0061,天津农学院,,动物科学,,,475,
0061,天津农学院,,动物医学,,,494,
0061,天津农学院,,动物药学,,,490,
0061,天津农学院,,水产养殖学,,,446,
0061,天津农学院,,海洋渔业科学与技术,,,450,
0061,天津农学院,,水族科学与技术,,,456,
0061,天津农学院,,水生动物医学,,,464,
0061,天津农学院,,食品科学与工程,,,481,
0061,天津农学院,,新能源科学与工程,,,477,
0061,天津农学院,,软件工程,,,491,
0061,天津农学院,,水利水电工程,,,491,
0061,天津农学院,,工程管理,,,478,
0061,天津农学院,,生物制药,,,481,
0061,天津农学院,,酒店管理,,,466,
0062,天津医科大学,,临床医学(5+3一体化),,,644,
0062,天津医科大学,,临床医学(5+3一体化，儿科学),,,638,
0062,天津医科大学,,口腔医学(5+3一体化),,,651,
0062,天津医科大学,,临床医学,,,638,
0062,天津医科大学,,基础医学(朱宪彝班),,,637,
0062,天津医科大学,,眼视光医学,,,620,
0062,天津医科大学,,预防医学,,,603,
0062,天津医科大学,,生物医学工程,,,605,
0062,天津医科大学,,智能医学工程,,,607,
0062,天津医科大学,,护理学,,,573,
0062,天津医科大学,,药学类(药学、药物制剂、临床药学),,,604,
0062,天津医科大学,,医学技术类(医学检验技术、医学影像技术、眼视光学、康复治疗学),,,606,
0063,天津中医药大学,,中医学(5+3一体化),,,619,
0063,天津中医药大学,,中医学(5+3一体化中医儿科学),,,615,
0063,天津中医药大学,,中医学类(中医学、针灸推拿学、中医康复学、中医养生学、中医骨伤科学),,,601,
0063,天津中医药大学,,医学技术类(医学检验技术、医学实验技术),,,563,
0063,天津中医药大学,,护理学类[护理学、护理学(涉外英语班)、护理学(老年护理班)],,,549,
0063,天津中医药大学,,临床药学(中外合作办学),,,526,
0063,天津中医药大学,,药学类(药学、药物制剂),,,579,
0063,天津中医药大学,,中药学类(中药学、中药资源与开发、中药制药),,,582,
0063,天津中医药大学,,制药工程,,,577,
0065,天津师范大学,,教育学类[教育学(师范)、学前教育(师范)、小学教育(师范)],,,576,
0065,天津师范大学,,俄语,,,565,
0065,天津师范大学,,日语,,,578,
0065,天津师范大学,,计算机科学与技术(师范),,,585,
0065,天津师范大学,,网络工程,,,581,
0065,天津师范大学,,数据科学与大数据技术,,,581,
0065,天津师范大学,,数学与应用数学(师范),,,616,
0065,天津师范大学,,信息与计算科学,,,579,
0065,天津师范大学,,化学(师范),,,591,
0065,天津师范大学,,化学生物学,,,569,
0065,天津师范大学,,生物科学(师范),,,596,
0065,天津师范大学,,生物技术,,,564,
0065,天津师范大学,,物理学(师范),,,594,
0065,天津师范大学,,应用物理学,,,575,
0065,天津师范大学,,电子信息科学与技术,,,581,
0065,天津师范大学,,通信工程,,,574,
0065,天津师范大学,,智能科学与技术,,,578,
0065,天津师范大学,,信息管理与信息系统,,,573,
0065,天津师范大学,,档案学,,,568,
0065,天津师范大学,,经济学,,,571,
0066,天津职业技术师范大学,,材料成型及控制工程,,,522,
0066,天津职业技术师范大学,,机电技术教育(师范类),,,541,
0066,天津职业技术师范大学,,机器人工程,,,524,
0066,天津职业技术师范大学,,智能制造工程,,,521,
0066,天津职业技术师范大学,,测控技术与仪器(现代医疗仪器设备方向),,,520,
0066,天津职业技术师范大学,,自动化(师范类),,,543,
0066,天津职业技术师范大学,,网络工程,,,530,
0066,天津职业技术师范大学,,车辆工程,,,524,
0066,天津职业技术师范大学,,交通运输(城市轨道交通方向)(师范类),,,544,
0066,天津职业技术师范大学,,数学与应用数学(师范类),,,551,
0066,天津职业技术师范大学,,汉语国际教育(师范类),,,536,
0066,天津职业技术师范大学,,电子科学与技术,,,528,
0066,天津职业技术师范大学,,通信工程,,,523,
0066,天津职业技术师范大学,,电子信息工程(中外合作办学),,,432,
0066,天津职业技术师范大学,,信用管理,,,527,
0066,天津职业技术师范大学,,财务会计教育(师范类),,,554,
0068,天津外国语大学,,外国语言文学类(英语类)(英语、翻译、商务英语),,,594,
0068,天津外国语大学,,日语,,,589,
0068,天津外国语大学,,法语,,,584,
0068,天津外国语大学,,白俄罗斯语,,,565,
0068,天津外国语大学,,金融学,,,578,
0068,天津外国语大学,,工商管理类(市场营销、会计学、财务管理、国际商务、人力资源管理),,,571,
0068,天津外国语大学,,大数据管理与应用,,,571,
0068,天津外国语大学,,网络与新媒体,,,572,
0068,天津外国语大学,,数字媒体技术,,,579,
0069,天津商业大学,,经济学类(经济学、财政学、金融学、信用管理、国际经济与贸易),,,570,
0069,天津商业大学,,通信工程,,,564,
0069,天津商业大学,,旅游管理(高尔夫经营管理方向),,,550,
0069,天津商业大学,,财务管理,,,572,
0069,天津商业大学,,酒店管理(中外合作办学),,,487,
0069,天津商业大学,,财务管理(中外合作办学),,,529,
0070,天津财经大学,,经济学,,,598,
0070,天津财经大学,,经济统计学,,,594,
0070,天津财经大学,,财政学类(财政学、税收学),,,596,
0070,天津财经大学,,金融学类[金融学、金融学(国际金融)、金融工程、保险学、投资学、信用管理],,,602,
0070,天津财经大学,,数学与应用数学(经济数学与数学建模),,,598,
0070,天津财经大学,,应用统计学,,,592,
0070,天津财经大学,,软件工程,,,591,
0070,天津财经大学,,管理科学与工程类(管理科学、信息管理与信息系统、工程管理),,,581,
0070,天津财经大学,,工商管理类[工商管理、工商管理(大数据管理决策实验班)、市场营销、人力资源管理],,,594,
0070,天津财经大学,,会计学(注册会计师),,,612,
0070,天津财经大学,,审计学,,,602,
0070,天津财经大学,,信息资源管理,,,581,
0070,天津财经大学,,金融数学,,,592,
0071,天津体育学院,,市场营销,,,470,
0071,天津体育学院,,应用心理学,,,499,
0071,天津体育学院,,体育经济与管理,,,482,
0075,河北大学,,新闻传播学类(新闻学、广播电视学、编辑出版学),,,563,
0075,河北大学,,广告学,,,556,
0075,河北大学,,经济学,,,555,
0075,河北大学,,经济统计学,,,551,
0075,河北大学,,国际经济与贸易,,,549,
0075,河北大学,,工商管理,,,552,
0075,河北大学,,会计学,,,578,
0075,河北大学,,英语,,,552,
0075,河北大学,,法学,,,584,
0075,河北大学,,软件工程,,,571,
0075,河北大学,,人工智能,,,567,
0075,河北大学,,计算机类(计算机科学与技术、信息安全),,,572,
0075,河北大学,,光电信息科学与工程,,,551,
0075,河北大学,,电气工程及其自动化,,,565,
0075,河北大学,,通信工程,,,563,
0075,河北大学,,自动化,,,565,
0076,河北工程大学,,信息与计算科学,,,518,
0076,河北工程大学,,应用物理学,,,496,
0076,河北工程大学,,地理信息科学,,,498,
0076,河北工程大学,,应用统计学,,,520,
0076,河北工程大学,,工程力学,,,507,
0076,河北工程大学,,机械类(机械设计制造及其自动化、材料成型及控制工程、车辆工程、机器人工程),,,519,
0076,河北工程大学,,材料类(冶金工程、金属材料工程、复合材料与工程),,,483,
0076,河北工程大学,,电气工程及其自动化,,,552,
0076,河北工程大学,,电子信息工程,,,531,
0076,河北工程大学,,通信工程,,,528,
0076,河北工程大学,,光电信息科学与工程,,,519,
0076,河北工程大学,,自动化,,,533,
0076,河北工程大学,,计算机类(计算机科学与技术、软件工程),,,532,
0076,河北工程大学,,土木工程,,,512,
0076,河北工程大学,,建筑环境与能源应用工程,,,487,
0076,河北工程大学,,给排水科学与工程,,,504,
0076,河北工程大学,,道路桥梁与渡河工程,,,504,
0076,河北工程大学,,水利水电工程,,,522,
0076,河北工程大学,,测绘工程,,,503,
0076,河北工程大学,,遥感科学与技术,,,506,
0076,河北工程大学,,化学工程与工艺,,,501,
0076,河北工程大学,,地质工程,,,489,
0076,河北工程大学,,勘查技术与工程,,,490,
0076,河北工程大学,,资源勘查工程,,,493,
0076,河北工程大学,,采矿工程,,,490,
0076,河北工程大学,,农业水利工程,,,488,
0076,河北工程大学,,环境工程,,,489,
0076,河北工程大学,,食品科学与工程,,,491,
0076,河北工程大学,,城乡规划,,,493,
0076,河北工程大学,,风景园林,,,499,
0076,河北工程大学,,安全工程,,,513,
0076,河北工程大学,,动物科学,,,488,
0076,河北工程大学,,动物医学,,,500,
0076,河北工程大学,,测控技术与仪器,,,511,
0076,河北工程大学,,过程装备与控制工程,,,504,
0076,河北工程大学,,土木工程(中外合作办学),,,409,
0076,河北工程大学,,新能源科学与工程,,,521,
0077,河北地质大学,,土地资源管理,,,500,
0077,河北地质大学,,管理科学与工程类(工程管理、工程造价),,,500,
0077,河北地质大学,,法学,,,525,
0077,河北地质大学,,计算机类(电子信息工程、通信工程、光电信息科学与工程、计算机科学与技术、软件工程、信息安全、数据科学与大数据技术),,,513,
0077,河北地质大学,,地质类(地质学、古生物学、资源勘查工程、海洋资源与环境),,,489,
0077,河北地质大学,,土木类(土木工程、城市地下空间工程),,,495,
0077,河北地质大学,,水利类(地下水科学与工程、水文与水资源工程),,,495,
0077,河北地质大学,,环境工程,,,506,
0077,河北地质大学,,材料类(宝石及材料工艺学、矿物加工工程、材料科学与工程),,,487,
0077,河北地质大学,,经济学类(经济学、经济统计学、国际经济与贸易、金融学),,,502,
0077,河北地质大学,,地球物理学,,,479,
0077,河北地质大学,,勘查技术与工程,,,486,
0077,河北地质大学,,测绘类(土地整治工程、遥感科学与技术、测绘工程),,,491,
0077,河北地质大学,,信息管理与信息系统,,,502,
0077,河北地质大学,,旅游地学与规划工程,,,472,
0078,华北水利水电大学,,水利水电工程,,,568,
0078,华北水利水电大学,,水文与水资源工程,,,556,
0078,华北水利水电大学,,城市地下空间工程,,,551,
0078,华北水利水电大学,,地质工程,,,547,
0078,华北水利水电大学,,材料成型及控制工程,,,552,
0078,华北水利水电大学,,工程力学,,,544,
0078,华北水利水电大学,,土木工程,,,548,
0078,华北水利水电大学,,道路桥梁与渡河工程,,,559,
0078,华北水利水电大学,,能源与动力工程(热动),,,560,
0078,华北水利水电大学,,电气工程及其自动化,,,574,
0078,华北水利水电大学,,自动化类(自动化、轨道交通信号与控制),,,555,
0078,华北水利水电大学,,机械类(机械设计制造及其自动化、车辆工程、智能制造工程),,,556,
0078,华北水利水电大学,,环境科学与工程类(环境工程),,,549,
0078,华北水利水电大学,,会计学,,,555,
0078,华北水利水电大学,,电子信息工程,,,560,
0078,华北水利水电大学,,土木工程(中外合作办学),,,473,
0078,华北水利水电大学,,测绘工程(中外合作办学),,,468,
0078,华北水利水电大学,,能源与动力工程(中外合作办学)(热动),,,489,
0078,华北水利水电大学,,给排水科学与工程(中外合作办学),,,470,
0078,华北水利水电大学,,建筑学(中外合作办学),,,479,
0079,华北电力大学(保定),,经济学类(经济学),,,610,
0079,华北电力大学(保定),,数学类(信息与计算科学、数据科学与大数据技术),,,604,
0079,华北电力大学(保定),,物理学类(应用物理学),,,603,
0079,华北电力大学(保定),,机械类(机械工程、智能制造工程),,,605,
0079,华北电力大学(保定),,能源动力类(能动)(能源与动力工程),,,610,
0079,华北电力大学(保定),,电气类(电气工程及其自动化),,,633,
0079,华北电力大学(保定),,电子信息类(通信工程、电子信息科学与技术),,,620,
0079,华北电力大学(保定),,自动化类(自动化、机器人工程、测控技术与仪器),,,619,
0079,华北电力大学(保定),,计算机类(计算机科学与技术、软件工程、网络工程、信息安全、智能科学与技术、人工智能),,,612,
0079,华北电力大学(保定),,土木类(建筑环境与能源应用工程),,,598,
0079,华北电力大学(保定),,环境科学与工程类(环境工程、环境科学、能源化学工程、应用化学),,,592,
0079,华北电力大学(保定),,管理科学与工程类(信息管理与信息系统、工程造价),,,600,
0079,华北电力大学(保定),,工商管理类(工商管理、会计学),,,612,
0079,华北电力大学(保定),,公共管理类(行政管理、社会工作),,,604,
0079,华北电力大学(保定),,工业工程类(工业工程),,,604,
0079,华北电力大学(保定),,能源动力类(储能)(储能科学与工程),,,612,
0080,河北工业大学,,机械类(机械设计制造及其自动化、机械电子工程、车辆工程、过程装备与控制工程),,,608,
0080,河北工业大学,,能源动力类(建筑环境与能源应用工程、能源与动力工程),,,606,
0080,河北工业大学,,电气工程及其自动化,,,621,
0080,河北工业大学,,化工与制药类(化学工程与工艺、制药工程、生物工程),,,598,
0080,河北工业大学,,海洋技术,,,595,
0080,河北工业大学,,安全工程,,,601,
0080,河北工业大学,,工程管理,,,595,
0080,河北工业大学,,工商管理,,,600,
0080,河北工业大学,,经济学,,,603,
0080,河北工业大学,,会计学,,,601,
0080,河北工业大学,,材料类(金属材料工程、无机非金属材料工程、新能源材料与器件),,,600,
0080,河北工业大学,,材料成型及控制工程,,,596,
0080,河北工业大学,,电子科学与技术,,,609,
0080,河北工业大学,,电子信息工程,,,612,
0080,河北工业大学,,公共管理类(公共事业管理、劳动与社会保障),,,597,
0080,河北工业大学,,日语,,,591,
0080,河北工业大学,,计算机类(计算机科学与技术、软件工程、物联网工程),,,616,
0080,河北工业大学,,自动化,,,610,
0081,华北理工大学,,无机非金属材料工程,,,518,
0081,华北理工大学,,测控技术与仪器,,,531,
0081,华北理工大学,,电气工程及其自动化,,,555,
0081,华北理工大学,,电子科学与技术,,,543,
0081,华北理工大学,,预防医学,,,526,
0081,华北理工大学,,卫生检验与检疫,,,514,
0081,华北理工大学,,信息管理与信息系统,,,536,
0081,华北理工大学,,工商管理,,,531,
0081,华北理工大学,,会计学,,,553,
0081,华北理工大学,,康复治疗学,,,498,
0081,华北理工大学,,护理学,,,514,
0081,华北理工大学,,化学,,,533,
0081,华北理工大学,,应用化学,,,526,
0081,华北理工大学,,过程装备与控制工程,,,538,
0081,华北理工大学,,车辆工程,,,532,
0081,华北理工大学,,临床医学,,,576,
0081,华北理工大学,,麻醉学,,,567,
0081,华北理工大学,,建筑环境与能源应用工程,,,514,
0081,华北理工大学,,给排水科学与工程,,,520,
0081,华北理工大学,,交通运输,,,525,
0081,华北理工大学,,工程管理,,,522,
0081,华北理工大学,,金融学,,,534,
0081,华北理工大学,,国际经济与贸易,,,538,
0081,华北理工大学,,安全科学与工程类(安全工程、地质工程),,,520,
0081,华北理工大学,,矿业类(采矿工程、矿物加工工程、石油工程),,,507,
0081,华北理工大学,,测绘工程,,,530,
0081,华北理工大学,,信息与计算科学,,,541,
0081,华北理工大学,,数据科学与大数据技术,,,557,
0081,华北理工大学,,智能科学与技术,,,533,
0081,华北理工大学,,电子信息工程,,,546,
0081,华北理工大学,,通信工程,,,543,
0081,华北理工大学,,智能医学工程,,,531,
0081,华北理工大学,,计算机科学与技术,,,568,
0081,华北理工大学,,生物科学类(生物技术、生物信息学),,,515,
0081,华北理工大学,,网络工程,,,540,
0081,华北理工大学,,法学,,,560,
0081,华北理工大学,,日语,,,518,
0081,华北理工大学,,匈牙利语,,,516,
0081,华北理工大学,,翻译,,,526,
0081,华北理工大学,,应用心理学,,,515,
0081,华北理工大学,,精神医学,,,524,
0081,华北理工大学,,药学,,,523,
0081,华北理工大学,,药物制剂,,,526,
0081,华北理工大学,,材料类(冶金工程、金属材料工程),,,514,
0081,华北理工大学,,中药学,,,509,
0081,华北理工大学,,电气工程及其自动化(中外合作办学),,,500,
0081,华北理工大学,,化学(中外合作办学),,,433,
0081,华北理工大学,,机械设计制造及其自动化(中外合作办学),,,463,
0082,河北科技大学,,能源与动力工程,,,537,
0082,河北科技大学,,机械类(机械设计制造及其自动化、机械电子工程、车辆工程),,,538,
0082,河北科技大学,,金融学类(金融工程、国际经济与贸易),,,543,
0082,河北科技大学,,生物工程,,,533,
0084,河北建筑工程学院,,土木工程,,,482,
0084,河北建筑工程学院,,材料科学与工程,,,462,
0084,河北建筑工程学院,,建筑电气与智能化,,,469,
0084,河北建筑工程学院,,城乡规划,,,470,
0084,河北建筑工程学院,,工程管理,,,470,
0084,河北建筑工程学院,,工程造价,,,478,
0084,河北建筑工程学院,,能源动力类(能源与动力工程、新能源科学与工程、建筑环境与能源应用工程),,,476,
0084,河北建筑工程学院,,给排水科学与工程,,,464,
0084,河北建筑工程学院,,机械设计制造及其自动化,,,478,
0086,河北农业大学,,电气类(电气工程及其自动化、电子信息工程、测控技术与仪器),,,504,
0086,河北农业大学,,机械类(车辆工程、工业设计、机械设计制造及其自动化),,,494,
0086,河北农业大学,,土木类(水利水电工程、农业水利工程、给排水科学与工程、土木工程),,,484,
0086,河北农业大学,,药学类(制药工程、药学),,,482,
0086,河北农业大学,,机械设计制造及其自动化(中外合作办学),,,437,
0089,河北医科大学,,临床医学(5+3一体化),,,604,
0089,河北医科大学,,临床医学,,,585,
0089,河北医科大学,,口腔医学,,,601,
0089,河北医科大学,,公共卫生与预防医学类(预防医学、妇幼保健医学),,,570,
0089,河北医科大学,,药学类(药学、药物制剂、药物分析、药物化学),,,571,
0089,河北医科大学,,护理学类(护理学、助产学),,,539,
0092,河北北方学院,,临床医学,,,522,
0092,河北北方学院,,医学影像学,,,520,
0092,河北北方学院,,医学检验技术,,,514,
0093,承德医学院,,临床医学,,,528,
0093,承德医学院,,护理学,,,510,
0094,河北师范大学,,经济与贸易类(金融工程、国际经济与贸易),,,550,
0094,河北师范大学,,法学类(法学、政治学与行政学),,,562,
0094,河北师范大学,,公共管理类(行政管理、劳动与社会保障),,,534,
0094,河北师范大学,,化学,,,562,
0094,河北师范大学,,软件工程,,,535,
0094,河北师范大学,,计算机类[计算机科学与技术(师范、非师范兼招)、信息安全、数据科学与大数据技术],,,553,
0094,河北师范大学,,生物科学类[生物科学(师范)、生态学],,,568,
0094,河北师范大学,,数学类[数学与应用数学(师范)、数据计算及应用],,,582,
0094,河北师范大学,,外国语言文学类[翻译、英语(师范、非师范兼招)],,,559,
0094,河北师范大学,,俄语,,,532,
0094,河北师范大学,,物理学类[物理学(师范)、光电信息科学与工程、空间科学与技术],,,568,
0094,河北师范大学,,新闻传播学类(新闻学、广告学),,,552,
0094,河北师范大学,,电子信息类(电子信息工程、人工智能),,,547,
0094,河北师范大学,,建筑环境与能源应用工程,,,521,
0096,保定学院,,数学与应用数学(师范类),,,527,
0096,保定学院,,软件工程,,,514,
0096,保定学院,,物理学(师范类),,,515,
0096,保定学院,,化学,,,500,
0096,保定学院,,教育技术学(师范类),,,499,
0096,保定学院,,物联网工程,,,493,
0096,保定学院,,物流工程,,,493,
0098,河北民族师范学院,,经济与金融,,,467,
0098,河北民族师范学院,,物理学(师范类),,,498,
0098,河北民族师范学院,,数据科学与大数据技术,,,447,
0099,唐山师范学院,,秘书学,,,454,
0099,唐山师范学院,,化学(师范类),,,502,
0099,唐山师范学院,,园艺,,,443,
0100,廊坊师范学院,,英语(师范类),,,527,
0100,廊坊师范学院,,数学与应用数学(师范类),,,521,
0100,廊坊师范学院,,物理学(师范类),,,517,
0100,廊坊师范学院,,信息与计算科学,,,495,
0100,廊坊师范学院,,食品科学与工程,,,484,
0100,廊坊师范学院,,市场营销,,,468,
0100,廊坊师范学院,,新闻学,,,527,
0101,衡水学院,,广播电视学,,,468,
0101,衡水学院,,学前教育(师范类),,,496,
0101,衡水学院,,国际经济与贸易,,,463,
0101,衡水学院,,人力资源管理,,,463,
0101,衡水学院,,计算机科学与技术,,,470,
0101,衡水学院,,物联网工程,,,467,
0101,衡水学院,,网络工程,,,461,
0101,衡水学院,,数字媒体技术,,,474,
0101,衡水学院,,化学(师范类),,,501,
0101,衡水学院,,应用化学,,,474,
0103,邯郸学院,,汉语国际教育(师范类),,,521,
0104,邢台学院,,自然地理与资源环境,,,457,
0104,邢台学院,,计算机科学与技术,,,462,
0104,邢台学院,,会计学,,,477,
0104,邢台学院,,物流管理,,,462,
0104,邢台学院,,生物技术,,,448,
0105,沧州师范学院,,物理学(师范类),,,510,
0105,沧州师范学院,,生物科学(师范类),,,511,
0105,沧州师范学院,,英语(师范类),,,535,
0105,沧州师范学院,,计算机科学与技术,,,510,
0105,沧州师范学院,,自动化,,,500,
0107,石家庄铁道大学,,土木类(土木工程、铁道工程、城市地下空间工程、测绘工程、勘查技术与工程),,,552,
0107,石家庄铁道大学,,机械类(机械设计制造及其自动化、机械电子工程、车辆工程、测控技术与仪器),,,567,
0107,石家庄铁道大学,,建筑环境与能源应用工程,,,547,
0107,石家庄铁道大学,,工商管理类(市场营销、物流管理、会计学、财务管理),,,532,
0107,石家庄铁道大学,,经济与贸易类(金融学、国际经济与贸易),,,548,
0107,石家庄铁道大学,,法学,,,549,
0107,石家庄铁道大学,,汉语言文学,,,558,
0107,石家庄铁道大学,,交通运输类(交通工程、交通运输),,,570,
0107,石家庄铁道大学,,建筑学,,,545,
0107,石家庄铁道大学,,材料类(材料科学与工程、功能材料、金属材料工程、无机非金属材料工程、焊接技术与工程),,,540,
0107,石家庄铁道大学,,电气类(电气工程及其自动化、自动化、轨道交通信号与控制),,,582,
0107,石家庄铁道大学,,电子信息类(电子信息工程、通信工程),,,569,
0107,石家庄铁道大学,,计算机类(计算机科学与技术、软件工程、网络工程、数字媒体技术、信息工程、人工智能),,,571,
0107,石家庄铁道大学,,安全科学与工程类(安全工程、应急技术与管理),,,545,
0107,石家庄铁道大学,,工程力学,,,547,
0107,石家庄铁道大学,,英语,,,557,
0107,石家庄铁道大学,,机械设计制造及其自动化(中外合作办学),,,531,
0107,石家庄铁道大学,,管理科学与工程类(信息管理与信息系统、工程管理),,,540,
0107,石家庄铁道大学,,土木工程,,,564,
0107,石家庄铁道大学,,机械设计制造及其自动化,,,579,
0107,石家庄铁道大学,,电气工程及其自动化,,,585,
0108,山西大学,,文物与博物馆学,,,539,
0108,山西大学,,数学类(数学与应用数学、信息与计算科学、统计学),,,564,
0108,山西大学,,计算机科学与技术,,,576,
0108,山西大学,,数据科学与大数据技术,,,574,
0108,山西大学,,电子信息类(电子信息工程、电子信息科学与技术),,,552,
0108,山西大学,,光电信息科学与工程,,,546,
0108,山西大学,,化学类(化学、应用化学、材料化学),,,520,
0108,山西大学,,自然地理与资源环境,,,519,
0108,山西大学,,环境科学与工程类(环境科学、环境工程),,,531,
0108,山西大学,,资源循环科学与工程,,,511,
0108,山西大学,,经济学类(经济学、金融学、国际经济与贸易),,,557,
0108,山西大学,,工商管理类(信息管理与信息系统、工商管理、会计学),,,547,
0108,山西大学,,电气工程及其自动化,,,556,
0108,山西大学,,工程造价,,,552,
0109,太原科技大学,,机械设计制造及其自动化,,,530,
0109,太原科技大学,,机械电子工程,,,531,
0109,太原科技大学,,车辆工程(新能源汽车方向),,,522,
0109,太原科技大学,,材料成型及控制工程,,,520,
0109,太原科技大学,,光电信息科学与工程,,,526,
0109,太原科技大学,,智能科学与技术,,,528,
0109,太原科技大学,,工业工程,,,520,
0109,太原科技大学,,应急技术与管理,,,489,
0110,中北大学,,经济统计学,,,550,
0110,中北大学,,国际经济与贸易,,,547,
0110,中北大学,,制药工程,,,551,
0110,中北大学,,光电信息科学与工程,,,562,
0110,中北大学,,信息对抗技术,,,564,
0110,中北大学,,自动化类(自动化、轨道交通信号与控制),,,563,
0110,中北大学,,能源动力类(能源与动力工程、新能源科学与工程、新能源材料与器件),,,544,
0110,中北大学,,包装工程,,,545,
0110,中北大学,,电气类(电气工程及其自动化、电气工程与智能控制),,,565,
0110,中北大学,,兵器类(武器系统与工程、武器发射工程、探测制导与控制技术、弹药工程与爆炸技术、装甲车辆工程、智能无人系统技术),,,562,
0110,中北大学,,航空航天类(飞行器设计与工程、飞行器制造工程),,,556,
0110,中北大学,,机械类(机械设计制造及其自动化、机械电子工程、过程装备与控制工程、机器人工程、智能制造工程),,,553,
0110,中北大学,,材料类(高分子材料与工程、复合材料与工程、无机非金属材料工程、金属材料工程),,,541,
0110,中北大学,,材料成型及控制工程,,,545,
0110,中北大学,,化工与制药类(化学工程与工艺、能源化学工程),,,545,
0110,中北大学,,电子信息类(电子信息工程、通信工程、人工智能),,,568,
0110,中北大学,,生物医学工程,,,551,
0110,中北大学,,仪器类(测控技术与仪器、电子科学与技术、微电子科学与工程、智能感知工程、集成电路设计与集成系统),,,569,
0110,中北大学,,计算机类(计算机科学与技术、数据科学与大数据技术、物联网工程),,,569,
0110,中北大学,,数学类(数学与应用数学、信息与计算科学),,,554,
0110,中北大学,,土木类(土木工程、城市地下空间工程),,,545,
0110,中北大学,,工程力学,,,543,
0110,中北大学,,统计学,,,551,
0110,中北大学,,应用化学,,,539,
0110,中北大学,,应用物理学,,,543,
0110,中北大学,,工业工程,,,538,
0110,中北大学,,特种能源技术与工程,,,549,
0110,中北大学,,环境工程,,,546,
0110,中北大学,,安全工程,,,548,
0112,太原理工大学,,机械设计制造及其自动化,,,603,
0112,太原理工大学,,车辆工程,,,594,
0112,太原理工大学,,工业设计,,,593,
0112,太原理工大学,,材料成型及控制工程,,,588,
0112,太原理工大学,,材料科学与工程,,,587,
0112,太原理工大学,,金属材料工程,,,584,
0112,太原理工大学,,冶金工程,,,580,
0112,太原理工大学,,能源与动力工程,,,598,
0112,太原理工大学,,自动化,,,602,
0112,太原理工大学,,电子科学与技术,,,601,
0112,太原理工大学,,应急技术与管理,,,564,
0112,太原理工大学,,农业水利工程,,,578,
0112,太原理工大学,,水文与水资源工程,,,577,
0112,太原理工大学,,化学工程与工艺,,,588,
0112,太原理工大学,,制药工程,,,580,
0112,太原理工大学,,环境工程,,,578,
0112,太原理工大学,,建筑环境与能源应用工程,,,576,
0112,太原理工大学,,采矿工程,,,581,
0112,太原理工大学,,安全工程,,,577,
0112,太原理工大学,,城市地下空间工程,,,586,
0112,太原理工大学,,矿物加工工程,,,575,
0112,太原理工大学,,测绘工程,,,581,
0112,太原理工大学,,资源勘查工程,,,573,
0112,太原理工大学,,地质工程,,,579,
0112,太原理工大学,,物流管理(航空物流),,,580,
0112,太原理工大学,,信息与计算科学,,,595,
0112,太原理工大学,,统计学,,,592,
0112,太原理工大学,,光电信息科学与工程,,,599,
0112,太原理工大学,,应用物理学,,,587,
0112,太原理工大学,,工程力学,,,592,
0112,太原理工大学,,生物医学工程,,,585,
0112,太原理工大学,,法学,,,594,
0112,太原理工大学,,行政管理,,,573,
0112,太原理工大学,,英语(英俄双语方向),,,586,
0112,太原理工大学,,工程管理,,,580,
0112,太原理工大学,,会计学,,,587,
0112,太原理工大学,,国际经济与贸易,,,589,
0112,太原理工大学,,计算机科学与技术,,,608,
0112,太原理工大学,,纺织工程,,,574,
0112,太原理工大学,,机械电子工程,,,594,
0112,太原理工大学,,道路桥梁与渡河工程,,,583,
0112,太原理工大学,,思想政治教育,,,581,
0112,太原理工大学,,电气工程及其自动化,,,603,
0112,太原理工大学,,物流管理,,,592,
0112,太原理工大学,,土木工程,,,587,
0112,太原理工大学,,数据科学与大数据技术,,,601,
0112,太原理工大学,,过程装备与控制工程,,,588,
0112,太原理工大学,,机器人工程,,,599,
0112,太原理工大学,,飞行器设计与工程,,,594,
0112,太原理工大学,,人工智能,,,604,
0112,太原理工大学,,采矿工程(煤炭智能化),,,572,
0112,太原理工大学,,水利水电工程,,,588,
0112,太原理工大学,,给排水科学与工程,,,584,
0112,太原理工大学,,应用化学,,,583,
0112,太原理工大学,,测控技术与仪器,,,593,
0112,太原理工大学,,智能感知工程,,,594,
0112,太原理工大学,,信息安全,,,603,
0112,太原理工大学,,电子科学与技术(集成电路方向),,,602,
0113,山西农业大学,,农学,,,447,
0113,山西农业大学,,农学(卓越人才实验班),,,462,
0113,山西农业大学,,智慧农业,,,465,
0113,山西农业大学,,生物农药科学与工程,,,453,
0113,山西农业大学,,植物保护,,,458,
0113,山西农业大学,,植物保护(卓越人才实验班),,,463,
0113,山西农业大学,,动物科学,,,455,
0113,山西农业大学,,经济动物学,,,459,
0113,山西农业大学,,动物医学,,,505,
0113,山西农业大学,,动植物检疫,,,476,
0113,山西农业大学,,草业科学,,,456,
0113,山西农业大学,,水土保持与荒漠化防治,,,466,
0113,山西农业大学,,林学类[林学、林学(森林康养方向)],,,445,
0113,山西农业大学,,园林,,,450,
0113,山西农业大学,,地理信息科学,,,494,
0113,山西农业大学,,土地整治工程,,,468,
0113,山西农业大学,,环境科学,,,468,
0113,山西农业大学,,农业资源与环境,,,457,
0113,山西农业大学,,土地资源管理,,,469,
0113,山西农业大学,,园艺,,,454,
0113,山西农业大学,,机械类(机械设计制造及其自动化、车辆工程),,,480,
0113,山西农业大学,,电气工程及其自动化,,,477,
0113,山西农业大学,,农业工程类(农业机械化及其自动化、农业电气化),,,469,
0113,山西农业大学,,食用菌科学与工程,,,444,
0113,山西农业大学,,农业经济管理类(农林经济管理、农村区域发展),,,469,
0113,山西农业大学,,计算机类(计算机科学与技术、网络工程、物联网工程),,,507,
0113,山西农业大学,,电子信息类(机器人工程、电子信息科学与技术),,,492,
0113,山西农业大学,,公共事业管理,,,474,
0113,山西农业大学,,生物科学类(生物科学、生物技术、生物信息学),,,453,
0113,山西农业大学,,中药资源与开发,,,459,
0113,山西农业大学,,土木工程,,,475,
0113,山西农业大学,,农业水利工程,,,472,
0113,山西农业大学,,风景园林,,,488,
0113,山西农业大学,,应用化学,,,512,
0114,山西医科大学,,临床医学(5+3一体化),,,599,
0114,山西医科大学,,临床医学(5+3一体化儿科学),,,593,
0114,山西医科大学,,临床医学,,,579,
0114,山西医科大学,,基础医学,,,522,
0114,山西医科大学,,眼视光医学,,,561,
0114,山西医科大学,,儿科学,,,565,
0114,山西医科大学,,口腔医学,,,586,
0114,山西医科大学,,预防医学,,,499,
0114,山西医科大学,,药学,,,516,
0114,山西医科大学,,临床药学,,,516,
0114,山西医科大学,,中药学,,,501,
0114,山西医科大学,,医学检验技术,,,510,
0114,山西医科大学,,医学影像技术,,,517,
0114,山西医科大学,,康复治疗学,,,503,
0114,山西医科大学,,卫生检验与检疫,,,503,
0114,山西医科大学,,护理学,,,503,
0114,山西医科大学,,智能医学工程,,,501,
0114,山西医科大学,,信息管理与信息系统(医学信息学方向),,,511,
0114,山西医科大学,,生物制药,,,498,
0114,山西医科大学,,运动康复,,,504,
0114,山西医科大学,,临床医学,,,557,
0114,山西医科大学,,口腔医学,,,561,
0114,山西医科大学,,医学检验技术,,,513,
0114,山西医科大学,,医学实验技术,,,493,
0114,山西医科大学,,眼视光学,,,499,
0114,山西医科大学,,康复治疗学,,,500,
0114,山西医科大学,,护理学,,,494,
0114,山西医科大学,,助产学,,,499,
0117,长治医学院,,临床医学,,,515,
0117,长治医学院,,口腔医学,,,554,
0117,长治医学院,,麻醉学,,,530,
0117,长治医学院,,医学检验技术,,,524,
0117,长治医学院,,生物医学工程,,,497,
0117,长治医学院,,医学影像技术,,,520,
0117,长治医学院,,康复治疗学,,,499,
0117,长治医学院,,医学实验技术,,,503,
0117,长治医学院,,信息管理与信息系统,,,449,
0118,山西师范大学,,社会学,,,502,
0118,山西师范大学,,教育学(师范类),,,543,
0118,山西师范大学,,小学教育(师范类),,,549,
0118,山西师范大学,,日语(师范类),,,548,
0118,山西师范大学,,编辑出版学,,,526,
0118,山西师范大学,,物理学(师范类),,,564,
0118,山西师范大学,,地理信息科学,,,523,
0118,山西师范大学,,生物科学类(生物科学、生物技术),,,523,
0118,山西师范大学,,生态学,,,500,
0118,山西师范大学,,食品科学与工程,,,506,
0118,山西师范大学,,食品质量与安全,,,511,
0119,太原师范学院,,化学(师范类),,,536,
0119,太原师范学院,,数学与应用数学(师范类),,,548,
0119,太原师范学院,,小学教育(师范类),,,530,
0119,太原师范学院,,计算机科学与技术(师范类),,,525,
0120,山西大同大学,,物理学(师范类),,,505,
0120,山西大同大学,,自动化,,,490,
0121,晋中学院,,英语(师范类),,,501,
0121,晋中学院,,酒店管理,,,466,
0121,晋中学院,,自动化,,,445,
0121,晋中学院,,网络工程,,,445,
0122,长治学院,,数学与应用数学(师范类),,,515,
0122,长治学院,,电子信息科学与技术,,,504,
0122,长治学院,,生物科学(师范类),,,512,
0122,长治学院,,化学(师范类),,,505,
0122,长治学院,,数据科学与大数据技术,,,497,
0122,长治学院,,学前教育(师范类),,,503,
0123,运城学院,,应用统计学,,,443,
0123,运城学院,,机械设计制造及其自动化,,,438,
0123,运城学院,,材料化学,,,422,
0123,运城学院,,数字媒体技术,,,446,
0123,运城学院,,生物科学(检验与检测方向),,,440,
0123,运城学院,,材料科学与工程,,,423,
0124,忻州师范学院,,通信工程,,,486,
0124,忻州师范学院,,电子信息科学与技术,,,490,
0124,忻州师范学院,,法学,,,506,
0124,忻州师范学院,,化学(师范类),,,514,
0124,忻州师范学院,,应用化学,,,492,
0124,忻州师范学院,,计算机科学与技术(师范类),,,501,
0124,忻州师范学院,,数字媒体技术,,,512,
0124,忻州师范学院,,数据科学与大数据技术,,,485,
0124,忻州师范学院,,旅游管理,,,417,
0124,忻州师范学院,,数学与应用数学(师范类),,,516,
0124,忻州师范学院,,小学教育(师范类),,,512,
0124,忻州师范学院,,翻译,,,490,
0124,忻州师范学院,,科学教育(师范类),,,492,
0124,忻州师范学院,,物理学(师范类),,,507,
0124,忻州师范学院,,工商管理,,,485,
0124,忻州师范学院,,统计学,,,490,
0125,山西财经大学,,能源经济,,,545,
0125,山西财经大学,,贸易经济,,,555,
0125,山西财经大学,,国际商务,,,551,
0125,山西财经大学,,财政学,,,564,
0125,山西财经大学,,金融工程,,,575,
0125,山西财经大学,,保险学,,,564,
0125,山西财经大学,,房地产开发与管理,,,541,
0125,山西财经大学,,工程造价,,,558,
0125,山西财经大学,,信息管理与信息系统,,,555,
0125,山西财经大学,,电子商务,,,546,
0125,山西财经大学,,物流管理,,,551,
0125,山西财经大学,,劳动与社会保障,,,542,
0125,山西财经大学,,旅游管理,,,547,
0125,山西财经大学,,信息与计算科学,,,554,
0125,山西财经大学,,金融数学,,,571,
0126,内蒙古大学,,数学类(数学与应用数学、信息与计算科学、统计学),,,586,
0126,内蒙古大学,,生物科学,,,574,
0126,内蒙古大学,,计算机科学与技术,,,585,
0126,内蒙古大学,,软件工程,,,583,
0126,内蒙古大学,,数据科学与大数据技术,,,581,
0126,内蒙古大学,,道路桥梁与渡河工程,,,567,
0126,内蒙古大学,,交通运输,,,569,
0126,内蒙古大学,,工程管理,,,565,
0126,内蒙古大学,,物流管理,,,572,
0127,内蒙古科技大学,,国际经济与贸易,,,456,
0127,内蒙古科技大学,,应用物理学,,,435,
0127,内蒙古科技大学,,材料成型及控制工程,,,444,
0127,内蒙古科技大学,,冶金工程,,,447,
0127,内蒙古科技大学,,能源与动力工程,,,453,
0127,内蒙古科技大学,,信息管理与信息系统,,,481,
0127,内蒙古科技大学,,市场营销,,,450,
0127,内蒙古科技大学,,机械类(机械设计制造及其自动化、机械电子工程、过程装备与控制工程、车辆工程),,,456,
0127,内蒙古科技大学,,材料类(材料化学、金属材料工程、无机非金属材料工程、复合材料与工程、功能材料),,,430,
0127,内蒙古科技大学,,电气类(测控技术与仪器、电气工程及其自动化、电子信息工程、通信工程、自动化、建筑电气与智能化),,,468,
0127,内蒙古科技大学,,化工与制药类(应用化学、化学工程与工艺、轻化工程),,,430,
0127,内蒙古科技大学,,矿业类(测绘工程、地质工程、采矿工程、矿物加工工程、安全工程),,,428,
0127,内蒙古科技大学,,建筑类(建筑学、城乡规划、风景园林),,,441,
0127,内蒙古科技大学,,管理科学与工程类(工程管理、工程造价),,,459,
0128,内蒙古工业大学,,机械设计制造及其自动化,,,487,
0128,内蒙古工业大学,,电子信息工程,,,485,
0128,内蒙古工业大学,,通信工程,,,475,
0128,内蒙古工业大学,,材料成型及控制工程,,,465,
0128,内蒙古工业大学,,化学工程与工艺,,,471,
0128,内蒙古工业大学,,能源与动力工程,,,476,
0128,内蒙古工业大学,,土木工程,,,445,
0128,内蒙古工业大学,,道路桥梁与渡河工程,,,447,
0128,内蒙古工业大学,,机械电子工程,,,455,
0128,内蒙古工业大学,,工业工程,,,443,
0128,内蒙古工业大学,,物联网工程,,,477,
0128,内蒙古工业大学,,金属材料工程,,,444,
0128,内蒙古工业大学,,材料物理,,,436,
0128,内蒙古工业大学,,冶金工程,,,432,
0128,内蒙古工业大学,,过程装备与控制工程,,,443,
0128,内蒙古工业大学,,无机非金属材料工程,,,435,
0128,内蒙古工业大学,,制药工程,,,464,
0128,内蒙古工业大学,,应用化学,,,448,
0128,内蒙古工业大学,,新能源科学与工程,,,469,
0128,内蒙古工业大学,,车辆工程,,,471,
0128,内蒙古工业大学,,给排水科学与工程,,,450,
0128,内蒙古工业大学,,工程力学,,,446,
0128,内蒙古工业大学,,地质工程,,,435,
0128,内蒙古工业大学,,采矿工程,,,434,
0128,内蒙古工业大学,,电气类(电气工程及其自动化、自动化、智能电网信息工程),,,499,
0128,内蒙古工业大学,,飞行器制造工程,,,462,
0128,内蒙古工业大学,,应用物理学,,,422,
0129,内蒙古农业大学,,动物科学,,,439,
0129,内蒙古农业大学,,动物医学,,,456,
0129,内蒙古农业大学,,动物药学,,,446,
0129,内蒙古农业大学,,植物保护,,,444,
0129,内蒙古农业大学,,林学,,,434,
0129,内蒙古农业大学,,园林,,,407,
0129,内蒙古农业大学,,草业科学,,,353,
0129,内蒙古农业大学,,农业资源与环境,,,422,
0129,内蒙古农业大学,,水土保持与荒漠化防治,,,428,
0129,内蒙古农业大学,,机械类(机械设计制造及其自动化、农业机械化及其自动化),,,446,
0129,内蒙古农业大学,,木材科学与工程,,,428,
0129,内蒙古农业大学,,家具设计与工程,,,440,
0129,内蒙古农业大学,,包装工程,,,432,
0129,内蒙古农业大学,,计算机类(计算机科学与技术、软件工程、网络工程、数据科学与大数据技术),,,468,
0132,内蒙古医科大学,,蒙医学,,,0,
0132,内蒙古医科大学,,麻醉学,,,547,
0132,内蒙古医科大学,,临床医学,,,553,
0132,内蒙古医科大学,,中医学,,,525,
0132,内蒙古医科大学,,护理学,,,495,
0132,内蒙古医科大学,,蒙药学,,,0,
0135,内蒙古师范大学,,物理学(师范类),,,535,
0135,内蒙古师范大学,,化学(师范类),,,491,
0135,内蒙古师范大学,,计算机科学与技术(师范类),,,473,
0135,内蒙古师范大学,,化学(师范类),,,416,
0135,内蒙古师范大学,,生物科学(师范类),,,436,
0135,内蒙古师范大学,,地理科学(师范类),,,429,
0136,内蒙古民族大学,,护理学,,,404,
0136,内蒙古民族大学,,食品质量与安全,,,438,
0136,内蒙古民族大学,,农学,,,455,
0136,内蒙古民族大学,,农业资源与环境,,,440,
0136,内蒙古民族大学,,法学,,,439,
0136,内蒙古民族大学,,动物科学,,,421,
0136,内蒙古民族大学,,动物医学,,,467,
0136,内蒙古民族大学,,物理学(师范类),,,479,
0136,内蒙古民族大学,,化学(师范类),,,465,
0136,内蒙古民族大学,,园林,,,444,
0136,内蒙古民族大学,,网络工程,,,451,
0136,内蒙古民族大学,,草业科学,,,434,
0136,内蒙古民族大学,,护理学,,,469,
0136,内蒙古民族大学,,医学检验技术,,,443,
0136,内蒙古民族大学,,物理学(师范类),,,407,
0136,内蒙古民族大学,,化学(师范类),,,0,
0136,内蒙古民族大学,,网络工程,,,406,
0136,内蒙古民族大学,,动物科学,,,393,
0138,赤峰学院,,数学与应用数学(师范类),,,440,
0139,内蒙古财经大学,,经济学,,,504,
0139,内蒙古财经大学,,农村区域发展,,,439,
0140,辽宁大学,,汉语言文学,,,594,
0140,辽宁大学,,历史学,,,581,
0140,辽宁大学,,考古学,,,562,
0140,辽宁大学,,档案学,,,577,
0140,辽宁大学,,哲学,,,574,
0140,辽宁大学,,行政管理,,,578,
0140,辽宁大学,,劳动与社会保障,,,579,
0140,辽宁大学,,新闻学,,,583,
0140,辽宁大学,,广告学,,,583,
0140,辽宁大学,,编辑出版学,,,574,
0140,辽宁大学,,经济学类(经济学、经济统计学、国民经济管理),,,587,
0140,辽宁大学,,财政学,,,582,
0140,辽宁大学,,金融学类(金融学、保险学),,,590,
0140,辽宁大学,,国际经济与贸易,,,583,
0140,辽宁大学,,国际政治,,,572,
0140,辽宁大学,,朝鲜语,,,569,
0140,辽宁大学,,工程管理,,,573,
0140,辽宁大学,,工商管理类(工商管理、市场营销、人力资源管理),,,576,
0140,辽宁大学,,会计学,,,602,
0140,辽宁大学,,法学,,,587,
0140,辽宁大学,,英语,,,586,
0140,辽宁大学,,俄语,,,570,
0140,辽宁大学,,德语,,,578,
0140,辽宁大学,,法语,,,582,
0140,辽宁大学,,日语,,,576,
0140,辽宁大学,,汉语国际教育,,,583,
0140,辽宁大学,,数学与应用数学,,,585,
0140,辽宁大学,,物理学类(物理学、应用物理学),,,573,
0140,辽宁大学,,测控技术与仪器,,,567,
0140,辽宁大学,,化学类(化学、应用化学),,,571,
0140,辽宁大学,,制药工程,,,567,
0140,辽宁大学,,生物技术,,,564,
0140,辽宁大学,,生物信息学,,,561,
0140,辽宁大学,,环境工程,,,566,
0140,辽宁大学,,环境生态工程,,,562,
0140,辽宁大学,,工程力学,,,571,
0140,辽宁大学,,电子信息类(通信工程、电子信息科学与技术),,,583,
0140,辽宁大学,,计算机类(计算机科学与技术、数据科学与大数据技术),,,581,
0140,辽宁大学,,无机非金属材料工程,,,566,
0140,辽宁大学,,电气工程及其自动化,,,584,
0140,辽宁大学,,食品科学与工程,,,565,
0140,辽宁大学,,工商管理(中外合作办学),,,533,
0140,辽宁大学,,市场营销(中外合作办学),,,527,
0140,辽宁大学,,会计学(中外合作办学),,,537,
0140,辽宁大学,,金融学(中外合作办学),,,549,
0140,辽宁大学,,会计学(中外合作办学),,,536,
0140,辽宁大学,,国际商务(中外合作办学),,,528,
0140,辽宁大学,,英语,,,553,
0140,辽宁大学,,俄语,,,520,
0140,辽宁大学,,日语,,,527,
0140,辽宁大学,,翻译,,,530,
0140,辽宁大学,,商务英语,,,527,
0140,辽宁大学,,法学,,,590,
0140,辽宁大学,,财政学,,,589,
0140,辽宁大学,,工程管理,,,572,
0140,辽宁大学,,测控技术与仪器,,,572,
0140,辽宁大学,,化学类(化学、应用化学),,,574,
0140,辽宁大学,,制药工程,,,568,
0140,辽宁大学,,计算机类(计算机科学与技术、数据科学与大数据技术),,,587,
0140,辽宁大学,,无机非金属材料工程,,,567,
0140,辽宁大学,,电气工程及其自动化,,,581,
0141,大连理工大学,,电子信息类(电信、自动化与计算机工科实验班)[电气工程及其自动化、自动化、电子信息工程、电子信息工程(英语强化)、计算机科学与技术、生物医学工程、人工智能],,,639,
0141,大连理工大学,,电子信息类(创新班)(电气工程及其自动化、自动化、电子信息工程、计算机科学与技术、生物医学工程、人工智能),,,649,
0141,大连理工大学,,工商管理类(经济管理实验班)(工商管理、物流管理、信息管理与信息系统、金融学、国际经济与贸易、知识产权、大数据管理与应用),,,627,
0141,大连理工大学,,化工与制药类(化工、制药与新材料工科实验班)[化学工程与工艺、化学工程与工艺(国际班)、制药工程、高分子材料与工程],,,616,
0141,大连理工大学,,应用化学(理学、国家拔尖学生培养基地张大煜化学班),,,635,
0141,大连理工大学,,过程装备与控制工程,,,622,
0141,大连理工大学,,生物工程,,,624,
0141,大连理工大学,,环境科学与工程类(环境工程、环境科学),,,620,
0141,大连理工大学,,化工与制药类(创新班)(化学工程与工艺、制药工程、高分子材料与工程),,,633,
0141,大连理工大学,,土木类[土木工程、土木工程(国际班)、水利水电工程、港口航道与海岸工程、工程管理、建筑环境与能源应用工程、交通工程、海洋资源开发技术],,,616,
0141,大连理工大学,,船舶与海洋工程,,,621,
0141,大连理工大学,,工程力学,,,635,
0141,大连理工大学,,车辆工程(英语强化),,,631,
0141,大连理工大学,,工程力学(钱令希力学创新班),,,647,
0141,大连理工大学,,材料类[金属材料工程、功能材料、材料成型及控制工程、金属材料工程(中日精英班)],,,619,
0141,大连理工大学,,光电信息科学与工程,,,634,
0141,大连理工大学,,机械设计制造及其自动化(日语强化),,,629,
0141,大连理工大学,,机械设计制造及其自动化(创新班),,,644,
0141,大连理工大学,,建筑类(建筑学、城乡规划、工业设计),,,624,
0141,大连理工大学,,能源与动力工程,,,629,
0141,大连理工大学,,软件工程,,,631,
0141,大连理工大学,,数学类[数学与应用数学、信息与计算科学、数学与应用数学(国家拔尖学生培养基地华罗庚数学班)、信息与计算科学(国家拔尖学生培养基地华罗庚数学班)],,,636,
0141,大连理工大学,,电子科学与技术,,,633,
0141,大连理工大学,,应用物理学(王大珩物理基础科学班),,,635,
0141,大连理工大学,,应用物理学(中外合作办学),,,590,
0141,大连理工大学,,工程力学(中外合作办学),,,597,
0141,大连理工大学,,机械设计制造及其自动化(中外合作办学),,,600,
0141,大连理工大学,,机械类(机械设计制造及其自动化、智能制造工程),,,634,
0141,大连理工大学,,计算机类(中外合作办学)[软件工程(中外合作办学)、数字媒体技术(中外合作办学)],,,602,
0141,大连理工大学,,少数民族预科班,,,624,
0142,沈阳工业大学,,机械设计制造及其自动化,,,545,
0142,沈阳工业大学,,车辆工程,,,535,
0142,沈阳工业大学,,工业工程,,,526,
0142,沈阳工业大学,,工业设计,,,526,
0142,沈阳工业大学,,机器人工程,,,536,
0142,沈阳工业大学,,材料成型及控制工程,,,515,
0142,沈阳工业大学,,金属材料工程,,,516,
0142,沈阳工业大学,,焊接技术与工程,,,513,
0142,沈阳工业大学,,功能材料,,,507,
0142,沈阳工业大学,,电气工程及其自动化,,,565,
0142,沈阳工业大学,,自动化,,,546,
0142,沈阳工业大学,,生物医学工程,,,512,
0142,沈阳工业大学,,新能源科学与工程,,,530,
0142,沈阳工业大学,,测控技术与仪器,,,530,
0142,沈阳工业大学,,电子信息工程,,,542,
0142,沈阳工业大学,,电子科学与技术,,,535,
0142,沈阳工业大学,,通信工程,,,545,
0142,沈阳工业大学,,计算机科学与技术,,,553,
0142,沈阳工业大学,,智能科学与技术,,,537,
0142,沈阳工业大学,,信息与计算科学,,,522,
0142,沈阳工业大学,,工业智能,,,522,
0142,沈阳工业大学,,数学与应用数学,,,521,
0142,沈阳工业大学,,应用物理学,,,510,
0142,沈阳工业大学,,环境工程,,,505,
0142,沈阳工业大学,,能源化学工程,,,512,
0142,沈阳工业大学,,建筑学,,,518,
0142,沈阳工业大学,,土木工程,,,509,
0142,沈阳工业大学,,建筑环境与能源应用工程,,,510,
0142,沈阳工业大学,,国际经济与贸易,,,520,
0142,沈阳工业大学,,金融学,,,537,
0142,沈阳工业大学,,金融工程,,,519,
0142,沈阳工业大学,,工程管理,,,513,
0142,沈阳工业大学,,工商管理,,,515,
0142,沈阳工业大学,,市场营销,,,506,
0142,沈阳工业大学,,会计学,,,544,
0142,沈阳工业大学,,物流管理,,,515,
0142,沈阳工业大学,,英语,,,535,
0142,沈阳工业大学,,日语,,,517,
0142,沈阳工业大学,,软件工程,,,503,
0142,沈阳工业大学,,数据科学与大数据技术,,,518,
0142,沈阳工业大学,,物联网工程,,,502,
0142,沈阳工业大学,,机械设计制造及其自动化,,,548,
0142,沈阳工业大学,,材料成型及控制工程,,,517,
0142,沈阳工业大学,,电气工程及其自动化,,,565,
0142,沈阳工业大学,,测控技术与仪器,,,521,
0142,沈阳工业大学,,计算机科学与技术,,,545,
0142,沈阳工业大学,,自动化,,,540,
0142,沈阳工业大学,,电子信息工程,,,537,
0142,沈阳工业大学,,高分子材料与工程,,,428,
0142,沈阳工业大学,,化学工程与工艺,,,431,
0142,沈阳工业大学,,应用化学,,,433,
0142,沈阳工业大学,,资源循环科学与工程,,,437,
0142,沈阳工业大学,,过程装备与控制工程,,,428,
0142,沈阳工业大学,,油气储运工程,,,432,
0142,沈阳工业大学,,环保设备工程,,,435,
0142,沈阳工业大学,,能源与动力工程,,,442,
0142,沈阳工业大学,,电子与计算机工程,,,463,
0142,沈阳工业大学,,建筑电气与智能化,,,449,
0142,沈阳工业大学,,电气工程与智能控制,,,466,
0142,沈阳工业大学,,电子商务,,,448,
0142,沈阳工业大学,,互联网金融,,,452,
0142,沈阳工业大学,,知识产权,,,446,
0142,沈阳工业大学,,物流工程,,,443,
0143,沈阳航空航天大学,,计算机科学与技术,,,560,
0143,沈阳航空航天大学,,物联网工程,,,550,
0143,沈阳航空航天大学,,网络工程,,,548,
0143,沈阳航空航天大学,,软件工程,,,560,
0143,沈阳航空航天大学,,电子信息工程,,,552,
0143,沈阳航空航天大学,,通信工程,,,549,
0143,沈阳航空航天大学,,飞行器制造工程,,,554,
0143,沈阳航空航天大学,,飞行器动力工程,,,565,
0143,沈阳航空航天大学,,能源与动力工程,,,536,
0143,沈阳航空航天大学,,工程力学,,,528,
0143,沈阳航空航天大学,,飞行器设计与工程,,,577,
0143,沈阳航空航天大学,,探测制导与控制技术,,,539,
0143,沈阳航空航天大学,,航空航天工程,,,553,
0143,沈阳航空航天大学,,安全工程,,,532,
0143,沈阳航空航天大学,,机械设计制造及其自动化,,,538,
0143,沈阳航空航天大学,,机械电子工程,,,538,
0143,沈阳航空航天大学,,工业工程,,,528,
0143,沈阳航空航天大学,,自动化,,,544,
0143,沈阳航空航天大学,,测控技术与仪器,,,531,
0143,沈阳航空航天大学,,工业设计,,,538,
0143,沈阳航空航天大学,,材料成型及控制工程,,,528,
0143,沈阳航空航天大学,,焊接技术与工程,,,527,
0143,沈阳航空航天大学,,金属材料工程,,,514,
0143,沈阳航空航天大学,,环境工程,,,516,
0143,沈阳航空航天大学,,飞行器质量与可靠性,,,539,
0143,沈阳航空航天大学,,飞行器适航技术,,,550,
0143,沈阳航空航天大学,,复合材料与工程,,,515,
0143,沈阳航空航天大学,,消防工程,,,516,
0143,沈阳航空航天大学,,保险学,,,517,
0143,沈阳航空航天大学,,功能材料,,,515,
0143,沈阳航空航天大学,,新能源科学与工程,,,533,
0143,沈阳航空航天大学,,能源与环境系统工程,,,525,
0143,沈阳航空航天大学,,信息与计算科学,,,543,
0143,沈阳航空航天大学,,应用物理学,,,527,
0143,沈阳航空航天大学,,交通运输,,,523,
0143,沈阳航空航天大学,,物流管理,,,529,
0143,沈阳航空航天大学,,人力资源管理,,,532,
0143,沈阳航空航天大学,,金融学,,,545,
0143,沈阳航空航天大学,,国际经济与贸易,,,540,
0143,沈阳航空航天大学,,英语,,,537,
0143,沈阳航空航天大学,,日语,,,525,
0143,沈阳航空航天大学,,飞行器动力工程(中外合作办学),,,472,
0143,沈阳航空航天大学,,人工智能,,,550,
0143,沈阳航空航天大学,,机器人工程,,,538,
0143,沈阳航空航天大学,,大数据管理与应用,,,545,
0143,沈阳航空航天大学,,智能制造工程,,,533,
0143,沈阳航空航天大学,,跨境电子商务,,,521,
0143,沈阳航空航天大学,,飞行器动力工程,,,557,
0143,沈阳航空航天大学,,机械设计制造及其自动化,,,536,
0143,沈阳航空航天大学,,自动化,,,537,
0144,沈阳理工大学,,经济学,,,522,
0144,沈阳理工大学,,金融学,,,525,
0144,沈阳理工大学,,国际经济与贸易,,,509,
0144,沈阳理工大学,,英语,,,521,
0144,沈阳理工大学,,俄语,,,489,
0144,沈阳理工大学,,翻译,,,513,
0144,沈阳理工大学,,信息与计算科学,,,508,
0144,沈阳理工大学,,应用化学,,,490,
0144,沈阳理工大学,,机械设计制造及其自动化,,,508,
0144,沈阳理工大学,,材料成型及控制工程,,,484,
0144,沈阳理工大学,,机械电子工程,,,497,
0144,沈阳理工大学,,工业设计,,,507,
0144,沈阳理工大学,,车辆工程,,,498,
0144,沈阳理工大学,,测控技术与仪器,,,491,
0144,沈阳理工大学,,金属材料工程,,,473,
0144,沈阳理工大学,,无机非金属材料工程,,,464,
0144,沈阳理工大学,,高分子材料与工程,,,497,
0144,沈阳理工大学,,粉体材料科学与工程,,,463,
0144,沈阳理工大学,,电气工程及其自动化,,,532,
0144,沈阳理工大学,,电子信息工程,,,517,
0144,沈阳理工大学,,通信工程,,,512,
0144,沈阳理工大学,,光电信息科学与工程,,,495,
0144,沈阳理工大学,,电子信息科学与技术,,,508,
0144,沈阳理工大学,,自动化,,,501,
0144,沈阳理工大学,,机器人工程,,,518,
0144,沈阳理工大学,,计算机科学与技术,,,530,
0144,沈阳理工大学,,网络工程,,,518,
0144,沈阳理工大学,,物联网工程,,,522,
0144,沈阳理工大学,,智能科学与技术,,,525,
0144,沈阳理工大学,,化学工程与工艺,,,483,
0144,沈阳理工大学,,武器发射工程,,,493,
0144,沈阳理工大学,,探测制导与控制技术,,,521,
0144,沈阳理工大学,,弹药工程与爆炸技术,,,503,
0144,沈阳理工大学,,特种能源技术与工程,,,489,
0144,沈阳理工大学,,装甲车辆工程,,,510,
0144,沈阳理工大学,,信息对抗技术,,,525,
0144,沈阳理工大学,,环境工程,,,485,
0144,沈阳理工大学,,安全工程,,,483,
0144,沈阳理工大学,,信息管理与信息系统,,,505,
0144,沈阳理工大学,,工商管理,,,513,
0144,沈阳理工大学,,会计学,,,528,
0144,沈阳理工大学,,电子商务,,,510,
0144,沈阳理工大学,,化学工程与工艺(中外合作办学),,,413,
0144,沈阳理工大学,,机械设计制造及其自动化,,,502,
0144,沈阳理工大学,,材料成型及控制工程,,,478,
0145,东北大学,,经济管理试验班(工商管理、市场营销、会计学、工业工程、信息管理与信息系统、国际经济与贸易、金融学、经济学),,,615,
0145,东北大学,,机械类(机械工程、过程装备与控制工程、车辆工程、工业设计),,,614,
0145,东北大学,,自动化类(自动化、电气工程及其自动化、测控技术与仪器、电子科学与技术、工业智能),,,622,
0145,东北大学,,计算机类(计算机科学与技术、物联网工程),,,629,
0145,东北大学,,电子信息类(电子信息工程、通信工程),,,620,
0145,东北大学,,人工智能,,,624,
0145,东北大学,,计算机类(软件工程、信息安全、数字媒体技术),,,621,
0145,东北大学,,机器人工程,,,629,
0145,东北大学,,少数民族预科班,,,602,
0145,东北大学,,材料类(材料科学与工程、材料成型及控制工程、材料物理),,,612,
0145,东北大学,,数学类(数学与应用数学、信息与计算科学),,,619,
0145,东北大学,,智能制造工程,,,616,
0146,辽宁科技大学,,材料化学,,,440,
0146,辽宁科技大学,,材料科学与工程,,,436,
0146,辽宁科技大学,,冶金工程,,,440,
0146,辽宁科技大学,,材料成型及控制工程,,,437,
0146,辽宁科技大学,,能源与动力工程,,,447,
0146,辽宁科技大学,,无机非金属材料工程,,,434,
0146,辽宁科技大学,,功能材料,,,432,
0146,辽宁科技大学,,自动化,,,465,
0146,辽宁科技大学,,电气工程及其自动化,,,485,
0146,辽宁科技大学,,电子信息工程,,,467,
0146,辽宁科技大学,,通信工程,,,471,
0146,辽宁科技大学,,测控技术与仪器,,,443,
0146,辽宁科技大学,,计算机科学与技术,,,488,
0146,辽宁科技大学,,化学工程与工艺,,,458,
0146,辽宁科技大学,,应用化学,,,443,
0146,辽宁科技大学,,生物工程,,,448,
0146,辽宁科技大学,,环境工程,,,446,
0146,辽宁科技大学,,法学,,,524,
0146,辽宁科技大学,,国际经济与贸易,,,490,
0146,辽宁科技大学,,金融学,,,515,
0146,辽宁科技大学,,光电信息科学与工程,,,460,
0146,辽宁科技大学,,应用物理学,,,448,
0146,辽宁科技大学,,工商管理,,,495,
0146,辽宁科技大学,,市场营销,,,475,
0146,辽宁科技大学,,旅游管理,,,468,
0146,辽宁科技大学,,会计学,,,518,
0146,辽宁科技大学,,财务管理,,,503,
0146,辽宁科技大学,,软件工程,,,459,
0146,辽宁科技大学,,网络工程,,,454,
0146,辽宁科技大学,,机械设计制造及其自动化,,,465,
0146,辽宁科技大学,,机械电子工程,,,448,
0146,辽宁科技大学,,工业设计,,,455,
0146,辽宁科技大学,,机械工程,,,459,
0146,辽宁科技大学,,过程装备与控制工程,,,448,
0146,辽宁科技大学,,采矿工程,,,436,
0146,辽宁科技大学,,矿物加工工程,,,430,
0146,辽宁科技大学,,土木工程,,,446,
0146,辽宁科技大学,,道路桥梁与渡河工程,,,440,
0146,辽宁科技大学,,建筑环境与能源应用工程,,,439,
0146,辽宁科技大学,,测绘工程,,,442,
0146,辽宁科技大学,,物联网工程,,,476,
0146,辽宁科技大学,,建筑学,,,449,
0146,辽宁科技大学,,储能科学与工程,,,441,
0146,辽宁科技大学,,金融科技,,,469,
0146,辽宁科技大学,,数据计算及应用,,,461,
0146,辽宁科技大学,,数据科学与大数据技术,,,468,
0146,辽宁科技大学,,智能制造工程,,,461,
0146,辽宁科技大学,,智能建造,,,451,
0146,辽宁科技大学,,材料成型及控制工程,,,448,
0146,辽宁科技大学,,化学工程与工艺,,,440,
0146,辽宁科技大学,,冶金工程(中外合作办学),,,411,
0147,辽宁工程技术大学,,采矿工程,,,450,
0147,辽宁工程技术大学,,采矿工程(智能开采创新实验班),,,452,
0147,辽宁工程技术大学,,矿物加工工程,,,449,
0147,辽宁工程技术大学,,地质工程,,,451,
0147,辽宁工程技术大学,,资源勘查工程,,,450,
0147,辽宁工程技术大学,,安全工程,,,469,
0147,辽宁工程技术大学,,应急技术与管理,,,461,
0147,辽宁工程技术大学,,能源化学工程,,,463,
0147,辽宁工程技术大学,,测绘工程,,,458,
0147,辽宁工程技术大学,,遥感科学与技术,,,454,
0147,辽宁工程技术大学,,地理空间信息工程,,,453,
0147,辽宁工程技术大学,,地理信息科学,,,466,
0147,辽宁工程技术大学,,理论与应用力学,,,451,
0147,辽宁工程技术大学,,工程力学,,,464,
0147,辽宁工程技术大学,,新能源科学与工程,,,464,
0147,辽宁工程技术大学,,机械设计制造及其自动化,,,461,
0147,辽宁工程技术大学,,机械电子工程,,,458,
0147,辽宁工程技术大学,,工业设计,,,461,
0147,辽宁工程技术大学,,车辆工程,,,458,
0147,辽宁工程技术大学,,能源与动力工程,,,454,
0147,辽宁工程技术大学,,信息管理与信息系统,,,482,
0147,辽宁工程技术大学,,工程管理,,,460,
0147,辽宁工程技术大学,,土木工程,,,455,
0147,辽宁工程技术大学,,建筑环境与能源应用工程,,,450,
0147,辽宁工程技术大学,,给排水科学与工程,,,454,
0147,辽宁工程技术大学,,智能建造,,,460,
0147,辽宁工程技术大学,,建筑学,,,474,
0147,辽宁工程技术大学,,交通工程,,,452,
0147,辽宁工程技术大学,,电气工程及其自动化,,,517,
0147,辽宁工程技术大学,,自动化,,,480,
0147,辽宁工程技术大学,,测控技术与仪器,,,475,
0147,辽宁工程技术大学,,智能电网信息工程,,,501,
0147,辽宁工程技术大学,,电气工程与智能控制,,,506,
0147,辽宁工程技术大学,,机器人工程,,,477,
0147,辽宁工程技术大学,,电子信息工程,,,476,
0147,辽宁工程技术大学,,电子科学与技术,,,475,
0147,辽宁工程技术大学,,通信工程,,,479,
0147,辽宁工程技术大学,,计算机科学与技术,,,488,
0147,辽宁工程技术大学,,材料成型及控制工程,,,452,
0147,辽宁工程技术大学,,金属材料工程,,,447,
0147,辽宁工程技术大学,,无机非金属材料工程,,,446,
0147,辽宁工程技术大学,,新能源材料与器件,,,457,
0147,辽宁工程技术大学,,环境工程,,,450,
0147,辽宁工程技术大学,,环境生态工程,,,457,
0147,辽宁工程技术大学,,数学与应用数学,,,471,
0147,辽宁工程技术大学,,信息与计算科学,,,462,
0147,辽宁工程技术大学,,生物工程,,,451,
0147,辽宁工程技术大学,,电子商务,,,467,
0147,辽宁工程技术大学,,软件工程,,,461,
0147,辽宁工程技术大学,,网络工程,,,457,
0147,辽宁工程技术大学,,数据科学与大数据技术,,,493,
0147,辽宁工程技术大学,,人工智能,,,485,
0147,辽宁工程技术大学,,数字媒体技术,,,479,
0147,辽宁工程技术大学,,工商管理,,,476,
0147,辽宁工程技术大学,,国际经济与贸易,,,485,
0147,辽宁工程技术大学,,金融学,,,507,
0147,辽宁工程技术大学,,会计学,,,507,
0147,辽宁工程技术大学,,市场营销,,,468,
0147,辽宁工程技术大学,,法学,,,506,
0147,辽宁工程技术大学,,行政管理,,,475,
0147,辽宁工程技术大学,,劳动与社会保障,,,460,
0147,辽宁工程技术大学,,英语,,,494,
0147,辽宁工程技术大学,,广播电视学,,,482,
0147,辽宁工程技术大学,,安全工程,,,460,
0147,辽宁工程技术大学,,测绘工程,,,455,
0147,辽宁工程技术大学,,机械设计制造及其自动化,,,460,
0147,辽宁工程技术大学,,车辆工程,,,459,
0147,辽宁工程技术大学,,工程管理,,,460,
0147,辽宁工程技术大学,,土木工程,,,456,
0147,辽宁工程技术大学,,电气工程及其自动化,,,512,
0147,辽宁工程技术大学,,自动化,,,477,
0147,辽宁工程技术大学,,电子信息工程,,,470,
0147,辽宁工程技术大学,,通信工程,,,479,
0147,辽宁工程技术大学,,计算机科学与技术,,,484,
0147,辽宁工程技术大学,,无机非金属材料工程,,,448,
0147,辽宁工程技术大学,,环境工程,,,451,
0148,辽宁石油化工大学,,安全工程,,,451,
0148,辽宁石油化工大学,,材料成型及控制工程,,,439,
0148,辽宁石油化工大学,,材料化学,,,441,
0148,辽宁石油化工大学,,采矿工程,,,441,
0148,辽宁石油化工大学,,测控技术与仪器,,,444,
0148,辽宁石油化工大学,,城市地下空间工程,,,443,
0148,辽宁石油化工大学,,大数据管理与应用,,,471,
0148,辽宁石油化工大学,,电气工程及其自动化,,,476,
0148,辽宁石油化工大学,,俄语,,,473,
0148,辽宁石油化工大学,,复合材料与工程,,,442,
0148,辽宁石油化工大学,,高分子材料与工程,,,446,
0148,辽宁石油化工大学,,高分子材料与工程(卓越计划班),,,462,
0148,辽宁石油化工大学,,给排水科学与工程,,,449,
0148,辽宁石油化工大学,,工程管理,,,453,
0148,辽宁石油化工大学,,工商管理,,,465,
0148,辽宁石油化工大学,,过程装备与控制工程,,,443,
0148,辽宁石油化工大学,,过程装备与控制工程(卓越计划班),,,475,
0148,辽宁石油化工大学,,海洋油气工程,,,446,
0148,辽宁石油化工大学,,化工安全工程,,,446,
0148,辽宁石油化工大学,,化学工程与工艺,,,464,
0148,辽宁石油化工大学,,化学工程与工艺(卓越计划班),,,506,
0148,辽宁石油化工大学,,化学工程与工艺(中外合作办学),,,414,
0148,辽宁石油化工大学,,环境工程,,,452,
0148,辽宁石油化工大学,,环境科学,,,449,
0148,辽宁石油化工大学,,会计学,,,496,
0148,辽宁石油化工大学,,机器人工程,,,452,
0148,辽宁石油化工大学,,机械设计制造及其自动化,,,452,
0148,辽宁石油化工大学,,计算机科学与技术,,,478,
0148,辽宁石油化工大学,,交通运输,,,453,
0148,辽宁石油化工大学,,金融学,,,480,
0148,辽宁石油化工大学,,金属材料工程,,,440,
0148,辽宁石油化工大学,,能源化学工程,,,443,
0148,辽宁石油化工大学,,能源与动力工程,,,445,
0148,辽宁石油化工大学,,软件工程,,,473,
0148,辽宁石油化工大学,,石油工程,,,448,
0148,辽宁石油化工大学,,市场营销,,,459,
0148,辽宁石油化工大学,,数学与应用数学,,,473,
0148,辽宁石油化工大学,,数字媒体技术,,,463,
0148,辽宁石油化工大学,,通信工程,,,466,
0148,辽宁石油化工大学,,土木工程,,,452,
0148,辽宁石油化工大学,,物流管理,,,461,
0148,辽宁石油化工大学,,应用化学,,,446,
0148,辽宁石油化工大学,,应用物理学,,,448,
0148,辽宁石油化工大学,,英语,,,490,
0148,辽宁石油化工大学,,油气储运工程,,,456,
0148,辽宁石油化工大学,,油气储运工程(卓越计划班),,,495,
0148,辽宁石油化工大学,,智能科学与技术,,,462,
0148,辽宁石油化工大学,,智能制造工程,,,455,
0148,辽宁石油化工大学,,自动化,,,461,
0148,辽宁石油化工大学,,自动化(卓越计划班),,,480,
0148,辽宁石油化工大学,,人工智能,,,465,
0148,辽宁石油化工大学,,环境生态工程,,,448,
0148,辽宁石油化工大学,,电气工程及其自动化(中外合作办学),,,432,
0148,辽宁石油化工大学,,少数民族预科班,,,424,
0148,辽宁石油化工大学,,化学工程与工艺,,,459,
0148,辽宁石油化工大学,,应用化学,,,442,
0148,辽宁石油化工大学,,机械设计制造及其自动化,,,452,
0148,辽宁石油化工大学,,过程装备与控制工程,,,447,
0148,辽宁石油化工大学,,油气储运工程,,,467,
0148,辽宁石油化工大学,,石油工程,,,452,
0148,辽宁石油化工大学,,电气工程及其自动化,,,475,
0148,辽宁石油化工大学,,自动化,,,467,
0149,沈阳化工大学,,化学工程与工艺,,,462,
0149,沈阳化工大学,,林产化工,,,460,
0149,沈阳化工大学,,能源化学工程,,,461,
0149,沈阳化工大学,,资源循环科学与工程,,,451,
0149,沈阳化工大学,,化学,,,466,
0149,沈阳化工大学,,应用化学,,,460,
0149,沈阳化工大学,,测控技术与仪器,,,467,
0149,沈阳化工大学,,电气工程及其自动化,,,510,
0149,沈阳化工大学,,电子科学与技术,,,487,
0149,沈阳化工大学,,电子信息工程,,,488,
0149,沈阳化工大学,,物联网工程,,,491,
0149,沈阳化工大学,,自动化,,,487,
0149,沈阳化工大学,,过程装备与控制工程,,,468,
0149,沈阳化工大学,,能源与动力工程,,,479,
0149,沈阳化工大学,,油气储运工程,,,465,
0149,沈阳化工大学,,机械电子工程,,,482,
0149,沈阳化工大学,,机械设计制造及其自动化,,,489,
0149,沈阳化工大学,,金属材料工程,,,449,
0149,沈阳化工大学,,计算机科学与技术,,,502,
0149,沈阳化工大学,,软件工程,,,502,
0149,沈阳化工大学,,网络工程,,,494,
0149,沈阳化工大学,,材料化学,,,457,
0149,沈阳化工大学,,复合材料与工程,,,451,
0149,沈阳化工大学,,高分子材料与工程,,,458,
0149,沈阳化工大学,,无机非金属材料工程,,,459,
0149,沈阳化工大学,,生物工程,,,458,
0149,沈阳化工大学,,食品科学与工程,,,476,
0149,沈阳化工大学,,制药工程,,,476,
0149,沈阳化工大学,,安全工程,,,463,
0149,沈阳化工大学,,环境工程,,,458,
0149,沈阳化工大学,,水质科学与技术,,,457,
0149,沈阳化工大学,,工程管理,,,477,
0149,沈阳化工大学,,工商管理,,,494,
0149,沈阳化工大学,,国际经济与贸易,,,490,
0149,沈阳化工大学,,会计学,,,503,
0149,沈阳化工大学,,金融学,,,497,
0149,沈阳化工大学,,社会工作,,,477,
0149,沈阳化工大学,,应用物理学,,,464,
0149,沈阳化工大学,,国际经济与贸易(对俄贸易方向),,,483,
0149,沈阳化工大学,,英语,,,514,
0149,沈阳化工大学,,包装工程,,,450,
0149,沈阳化工大学,,能源与动力工程(中外合作办学),,,419,
0149,沈阳化工大学,,数据科学与大数据技术,,,498,
0149,沈阳化工大学,,人工智能,,,489,
0149,沈阳化工大学,,大数据管理与应用,,,490,
0149,沈阳化工大学,,应急管理,,,461,
0149,沈阳化工大学,,过程装备与控制工程,,,470,
0149,沈阳化工大学,,高分子材料与工程,,,460,
0150,大连交通大学,,会计学,,,563,
0150,大连交通大学,,工商管理,,,599,
0150,大连交通大学,,物流管理,,,541,
0150,大连交通大学,,会计学(中外合作办学),,,474,
0150,大连交通大学,,机械工程,,,560,
0150,大连交通大学,,机械电子工程,,,557,
0150,大连交通大学,,工业工程,,,537,
0150,大连交通大学,,机器人工程,,,552,
0150,大连交通大学,,物流工程,,,535,
0150,大连交通大学,,材料成型及控制工程,,,549,
0150,大连交通大学,,材料科学与工程,,,545,
0150,大连交通大学,,焊接技术与工程,,,536,
0150,大连交通大学,,电子科学与技术,,,550,
0150,大连交通大学,,车辆工程,,,566,
0150,大连交通大学,,测控技术与仪器,,,547,
0150,大连交通大学,,交通设备与控制工程,,,551,
0150,大连交通大学,,交通运输,,,565,
0150,大连交通大学,,交通工程,,,559,
0150,大连交通大学,,安全工程,,,535,
0150,大连交通大学,,电气工程及其自动化,,,563,
0150,大连交通大学,,自动化,,,560,
0150,大连交通大学,,轨道交通信号与控制,,,565,
0150,大连交通大学,,通信工程,,,558,
0150,大连交通大学,,电子信息工程,,,555,
0150,大连交通大学,,计算机科学与技术,,,559,
0150,大连交通大学,,土木工程,,,544,
0150,大连交通大学,,工程力学,,,538,
0150,大连交通大学,,环境工程,,,530,
0150,大连交通大学,,应用化学,,,535,
0150,大连交通大学,,能源化学工程,,,537,
0150,大连交通大学,,工业设计,,,537,
0150,大连交通大学,,大数据管理与应用,,,548,
0150,大连交通大学,,数据科学与大数据技术,,,556,
0150,大连交通大学,,人工智能,,,550,
0150,大连交通大学,,软件工程,,,533,
0150,大连交通大学,,机械工程(机械工程与软件工程专业嫁接),,,520,
0150,大连交通大学,,材料成型及控制工程(材料成型及控制工程与软件工程专业嫁接),,,500,
0150,大连交通大学,,交通工程(交通工程与软件工程专业嫁接),,,530,
0150,大连交通大学,,土木工程(土木工程与软件工程专业嫁接),,,505,
0150,大连交通大学,,测控技术与仪器(测控技术与仪器与软件工程专业嫁接),,,503,
0150,大连交通大学,,信息管理与信息系统(信息管理与信息系统与软件工程专业嫁接),,,508,
0150,大连交通大学,,数学与应用数学(数学与应用数学与软件工程专业嫁接),,,512,
0150,大连交通大学,,信息与计算科学(信息与计算科学与软件工程专业嫁接),,,511,
0150,大连交通大学,,英语(英语与软件工程专业嫁接),,,514,
0150,大连交通大学,,日语(日语与软件工程专业嫁接),,,501,
0150,大连交通大学,,机械工程(中外合作办学),,,444,
0150,大连交通大学,,土木工程(中外合作办学),,,430,
0150,大连交通大学,,机械工程(中外合作办学),,,414,
0150,大连交通大学,,车辆工程(中外合作办学),,,444,
0150,大连交通大学,,土木工程(中外合作办学),,,417,
0150,大连交通大学,,交通运输,,,563,
0150,大连交通大学,,机械工程,,,561,
0150,大连交通大学,,机械电子工程,,,551,
0150,大连交通大学,,材料成型及控制工程,,,550,
0150,大连交通大学,,材料科学与工程,,,538,
0150,大连交通大学,,车辆工程,,,563,
0150,大连交通大学,,电气工程及其自动化,,,560,
0150,大连交通大学,,土木工程,,,542,
0151,大连海事大学,,自动化类(电气工程及其自动化、自动化、测控技术与仪器),,,604,
0151,大连海事大学,,电子信息类(通信工程、电子信息工程、电子信息科学与技术、光电信息科学与工程),,,606,
0151,大连海事大学,,计算机类(物联网工程、计算机科学与技术、软件工程、数据科学与大数据技术、网络工程、智能科学与技术、人工智能),,,610,
0151,大连海事大学,,交通运输类(交通运输、交通管理、物流工程、材料科学与工程、土木工程、交通工程),,,598,
0151,大连海事大学,,管理科学与工程类(信息管理与信息系统、大数据管理与应用),,,600,
0151,大连海事大学,,工商管理类(工商管理、旅游管理、财务管理),,,596,
0151,大连海事大学,,经济学类(国际经济与贸易、经济学),,,599,
0151,大连海事大学,,机械类[能源与动力工程、船舶与海洋工程、机械设计制造及其自动化、救助与打捞工程(海洋智能装备)、轮机工程(陆上专业)],,,597,
0151,大连海事大学,,海事管理,,,603,
0151,大连海事大学,,物流管理,,,596,
0151,大连海事大学,,供应链管理,,,595,
0151,大连海事大学,,金融工程,,,597,
0151,大连海事大学,,法学,,,607,
0151,大连海事大学,,英语,,,597,
0151,大连海事大学,,电子信息工程(中外合作办学),,,573,
0151,大连海事大学,,机械设计制造及其自动化(中外合作办学),,,570,
0151,大连海事大学,,土木工程(中外合作办学),,,561,
0152,大连工业大学,,翻译,,,513,
0152,大连工业大学,,英语,,,523,
0152,大连工业大学,,日语,,,510,
0152,大连工业大学,,工商管理,,,507,
0152,大连工业大学,,人力资源管理,,,510,
0152,大连工业大学,,大数据管理与应用,,,515,
0152,大连工业大学,,物流管理,,,509,
0152,大连工业大学,,化妆品技术与工程,,,476,
0152,大连工业大学,,包装工程,,,447,
0152,大连工业大学,,应用化学,,,474,
0152,大连工业大学,,环境工程,,,497,
0152,大连工业大学,,化学工程与工艺,,,452,
0152,大连工业大学,,轻化工程,,,475,
0152,大连工业大学,,纺织工程,,,476,
0152,大连工业大学,,高分子材料与工程,,,447,
0152,大连工业大学,,无机非金属材料工程,,,463,
0152,大连工业大学,,计算机科学与技术,,,534,
0152,大连工业大学,,自动化,,,512,
0152,大连工业大学,,电子信息工程,,,516,
0152,大连工业大学,,通信工程,,,516,
0152,大连工业大学,,网络工程,,,511,
0152,大连工业大学,,光源与照明,,,478,
0152,大连工业大学,,生物技术,,,492,
0152,大连工业大学,,生物工程,,,451,
0152,大连工业大学,,葡萄与葡萄酒工程,,,453,
0152,大连工业大学,,食品科学与工程,,,457,
0152,大连工业大学,,海洋资源开发技术,,,446,
0152,大连工业大学,,食品质量与安全,,,453,
0152,大连工业大学,,机械类(机械工程、机械电子工程、材料成型及控制工程),,,463,
0152,大连工业大学,,智能制造工程,,,497,
0152,大连工业大学,,工业工程,,,457,
0152,大连工业大学,,机械电子工程(中外合作办学),,,425,
0152,大连工业大学,,服装设计与工程,,,499,
0152,大连工业大学,,数字媒体技术,,,529,
0152,大连工业大学,,风景园林,,,481,
0152,大连工业大学,,机械类(机械工程、机械电子工程、材料成型及控制工程),,,507,
0153,沈阳建筑大学,,建筑学,,,553,
0153,沈阳建筑大学,,城乡规划,,,529,
0153,沈阳建筑大学,,风景园林,,,512,
0153,沈阳建筑大学,,土木工程,,,518,
0153,沈阳建筑大学,,安全工程,,,499,
0153,沈阳建筑大学,,智能建造,,,508,
0153,沈阳建筑大学,,机械工程,,,496,
0153,沈阳建筑大学,,机械电子工程,,,500,
0153,沈阳建筑大学,,机械设计制造及其自动化,,,516,
0153,沈阳建筑大学,,智能制造工程,,,507,
0153,沈阳建筑大学,,建筑环境与能源应用工程,,,491,
0153,沈阳建筑大学,,给排水科学与工程,,,507,
0153,沈阳建筑大学,,环境工程,,,497,
0153,沈阳建筑大学,,电气工程及其自动化,,,530,
0153,沈阳建筑大学,,自动化,,,523,
0153,沈阳建筑大学,,通信工程,,,531,
0153,沈阳建筑大学,,计算机科学与技术,,,539,
0153,沈阳建筑大学,,建筑电气与智能化,,,514,
0153,沈阳建筑大学,,人工智能,,,523,
0153,沈阳建筑大学,,工程管理,,,506,
0153,沈阳建筑大学,,工程造价,,,537,
0153,沈阳建筑大学,,土地资源管理,,,495,
0153,沈阳建筑大学,,房地产开发与管理,,,496,
0153,沈阳建筑大学,,会计学,,,533,
0153,沈阳建筑大学,,城市管理,,,502,
0153,沈阳建筑大学,,应急管理,,,489,
0153,沈阳建筑大学,,道路桥梁与渡河工程,,,491,
0153,沈阳建筑大学,,测绘工程,,,496,
0153,沈阳建筑大学,,交通工程,,,507,
0153,沈阳建筑大学,,物流工程,,,500,
0153,沈阳建筑大学,,无机非金属材料工程,,,481,
0153,沈阳建筑大学,,功能材料,,,492,
0153,沈阳建筑大学,,高分子材料与工程,,,489,
0153,沈阳建筑大学,,材料化学,,,487,
0153,沈阳建筑大学,,家具设计与工程,,,483,
0153,沈阳建筑大学,,信息与计算科学,,,519,
0153,沈阳建筑大学,,数据科学与大数据技术,,,528,
0153,沈阳建筑大学,,电气工程及其自动化,,,476,
0153,沈阳建筑大学,,工程管理,,,409,
0153,沈阳建筑大学,,土木工程,,,518,
0153,沈阳建筑大学,,机械设计制造及其自动化,,,518,
0153,沈阳建筑大学,,机械工程,,,504,
0153,沈阳建筑大学,,给排水科学与工程,,,514,
0153,沈阳建筑大学,,建筑环境与能源应用工程,,,486,
0153,沈阳建筑大学,,工程管理,,,507,
0153,沈阳建筑大学,,电气工程及其自动化,,,525,
0153,沈阳建筑大学,,道路桥梁与渡河工程,,,489,
0153,沈阳建筑大学,,无机非金属材料工程,,,485,
0154,辽宁工业大学,,机械电子工程,,,458,
0154,辽宁工业大学,,机械设计制造及其自动化,,,461,
0154,辽宁工业大学,,过程装备与控制工程,,,443,
0154,辽宁工业大学,,机器人工程,,,454,
0154,辽宁工业大学,,车辆工程,,,456,
0154,辽宁工业大学,,交通运输,,,451,
0154,辽宁工业大学,,新能源汽车工程,,,453,
0154,辽宁工业大学,,汽车服务工程,,,444,
0154,辽宁工业大学,,材料科学与工程,,,440,
0154,辽宁工业大学,,材料成型及控制工程,,,440,
0154,辽宁工业大学,,焊接技术与工程,,,446,
0154,辽宁工业大学,,化学工程与工艺,,,442,
0154,辽宁工业大学,,应用化学,,,442,
0154,辽宁工业大学,,环境科学与工程,,,445,
0154,辽宁工业大学,,测控技术与仪器,,,447,
0154,辽宁工业大学,,自动化,,,462,
0154,辽宁工业大学,,电气工程及其自动化,,,484,
0154,辽宁工业大学,,电子信息工程,,,471,
0154,辽宁工业大学,,通信工程,,,474,
0154,辽宁工业大学,,计算机科学与技术,,,497,
0154,辽宁工业大学,,软件工程,,,477,
0154,辽宁工业大学,,物联网工程,,,468,
0154,辽宁工业大学,,数据科学与大数据技术,,,480,
0154,辽宁工业大学,,工程管理,,,456,
0154,辽宁工业大学,,工程造价,,,473,
0154,辽宁工业大学,,市场营销,,,463,
0154,辽宁工业大学,,会计学,,,500,
0154,辽宁工业大学,,工商管理,,,476,
0154,辽宁工业大学,,金融学,,,486,
0154,辽宁工业大学,,经济统计学,,,481,
0154,辽宁工业大学,,国际经济与贸易,,,466,
0154,辽宁工业大学,,建筑学,,,452,
0154,辽宁工业大学,,风景园林,,,459,
0154,辽宁工业大学,,土木工程,,,444,
0154,辽宁工业大学,,建筑环境与能源应用工程,,,441,
0154,辽宁工业大学,,给排水科学与工程,,,446,
0154,辽宁工业大学,,英语,,,490,
0154,辽宁工业大学,,信息与计算科学,,,459,
0154,辽宁工业大学,,广告学,,,478,
0154,辽宁工业大学,,传播学,,,466,
0154,辽宁工业大学,,金融工程,,,466,
0154,辽宁工业大学,,应急装备技术与工程,,,444,
0157,沈阳农业大学,,植物生产类(农学、园艺、植物保护、种子科学与工程、设施农业科学与工程),,,467,
0157,沈阳农业大学,,动物医学类(动物医学、动物药学),,,489,
0157,沈阳农业大学,,工商管理类(会计学、市场营销),,,501,
0157,沈阳农业大学,,生物科学类(生物科学、生物技术),,,466,
0157,沈阳农业大学,,农业工程类(农业机械化及其自动化、农业建筑环境与能源工程),,,468,
0157,沈阳农业大学,,应用化学,,,472,
0157,沈阳农业大学,,草业科学,,,478,
0157,沈阳农业大学,,中草药栽培与鉴定,,,486,
0157,沈阳农业大学,,水利水电工程,,,498,
0157,沈阳农业大学,,土木工程,,,479,
0157,沈阳农业大学,,水土保持与荒漠化防治,,,484,
0157,沈阳农业大学,,测绘工程,,,488,
0157,沈阳农业大学,,动物科学,,,473,
0157,沈阳农业大学,,水产养殖学,,,484,
0157,沈阳农业大学,,林学,,,462,
0157,沈阳农业大学,,园林,,,487,
0157,沈阳农业大学,,金融学,,,506,
0157,沈阳农业大学,,农林经济管理,,,493,
0157,沈阳农业大学,,旅游管理,,,474,
0157,沈阳农业大学,,机械设计制造及其自动化,,,488,
0157,沈阳农业大学,,环境科学,,,476,
0157,沈阳农业大学,,农业资源与环境,,,465,
0157,沈阳农业大学,,土地资源管理,,,479,
0157,沈阳农业大学,,土地整治工程,,,476,
0157,沈阳农业大学,,电气工程及其自动化,,,545,
0157,沈阳农业大学,,电子信息工程,,,502,
0157,沈阳农业大学,,计算机科学与技术,,,516,
0157,沈阳农业大学,,应用气象学,,,514,
0157,沈阳农业大学,,大气科学,,,525,
0157,沈阳农业大学,,生态学,,,500,
0157,沈阳农业大学,,包装工程,,,469,
0157,沈阳农业大学,,风景园林,,,497,
0157,沈阳农业大学,,农学(卓越计划实验班),,,514,
0157,沈阳农业大学,,园艺(卓越计划实验班),,,519,
0157,沈阳农业大学,,农业水利工程,,,470,
0157,沈阳农业大学,,食品科学与工程,,,486,
0157,沈阳农业大学,,食品质量与安全,,,483,
0157,沈阳农业大学,,植物生产类(农学、园艺、植物保护、种子科学与工程、设施农业科学与工程),,,458,
0157,沈阳农业大学,,动物医学类(动物医学、动物药学),,,498,
0157,沈阳农业大学,,动物科学,,,480,
0157,沈阳农业大学,,林学,,,479,
0157,沈阳农业大学,,农业资源与环境,,,476,
0158,大连海洋大学,,英语,,,493,
0158,大连海洋大学,,日语,,,485,
0158,大连海洋大学,,市场营销,,,464,
0158,大连海洋大学,,会计学,,,508,
0158,大连海洋大学,,农林经济管理,,,459,
0158,大连海洋大学,,法学,,,505,
0158,大连海洋大学,,船舶与海洋工程,,,485,
0158,大连海洋大学,,港口航道与海岸工程,,,493,
0158,大连海洋大学,,人力资源管理,,,481,
0158,大连海洋大学,,经济与金融,,,481,
0158,大连海洋大学,,海洋渔业科学与技术,,,433,
0158,大连海洋大学,,水产养殖学,,,493,
0158,大连海洋大学,,船舶与海洋工程,,,479,
0158,大连海洋大学,,港口航道与海岸工程,,,475,
0158,大连海洋大学,,信息与计算科学,,,478,
0158,大连海洋大学,,应用物理学,,,454,
0158,大连海洋大学,,机械设计制造及其自动化,,,488,
0158,大连海洋大学,,自动化,,,482,
0158,大连海洋大学,,计算机科学与技术,,,495,
0158,大连海洋大学,,建筑环境与能源应用工程,,,460,
0158,大连海洋大学,,给排水科学与工程,,,461,
0158,大连海洋大学,,海洋资源与环境,,,461,
0158,大连海洋大学,,土木工程,,,473,
0158,大连海洋大学,,水族科学与技术,,,445,
0158,大连海洋大学,,能源与动力工程,,,474,
0158,大连海洋大学,,食品科学与工程,,,465,
0158,大连海洋大学,,食品质量与安全,,,467,
0158,大连海洋大学,,水生动物医学,,,450,
0158,大连海洋大学,,环境工程,,,461,
0158,大连海洋大学,,海洋科学类(海洋科学、海洋技术),,,449,
0158,大连海洋大学,,机械设计制造及其自动化(中外合作办学),,,423,
0158,大连海洋大学,,数据科学与大数据技术,,,489,
0158,大连海洋大学,,生物科学,,,485,
0158,大连海洋大学,,电子信息工程,,,483,
0159,中国医科大学,,生物科学,,,546,
0159,中国医科大学,,生物信息学,,,527,
0159,中国医科大学,,应用心理学,,,569,
0159,中国医科大学,,生物医学工程,,,535,
0159,中国医科大学,,基础医学,,,589,
0159,中国医科大学,,生物医学,,,543,
0159,中国医科大学,,临床医学,,,651,
0159,中国医科大学,,临床医学(5+3一体化),,,635,
0159,中国医科大学,,临床医学(5+3一体化，儿科学),,,623,
0159,中国医科大学,,临床医学,,,612,
0159,中国医科大学,,麻醉学,,,609,
0159,中国医科大学,,医学影像学,,,605,
0159,中国医科大学,,眼视光医学,,,606,
0159,中国医科大学,,精神医学,,,589,
0159,中国医科大学,,儿科学,,,593,
0159,中国医科大学,,口腔医学,,,630,
0159,中国医科大学,,预防医学,,,547,
0159,中国医科大学,,药学,,,577,
0159,中国医科大学,,临床药学,,,571,
0159,中国医科大学,,法医学,,,585,
0159,中国医科大学,,医学检验技术,,,575,
0159,中国医科大学,,医学影像技术,,,573,
0159,中国医科大学,,康复治疗学,,,546,
0159,中国医科大学,,护理学,,,522,
0159,中国医科大学,,信息管理与信息系统,,,541,
0159,中国医科大学,,健康服务与管理,,,526,
0159,中国医科大学,,生物技术(中外合作办学),,,470,
0159,中国医科大学,,药物制剂(中外合作办学),,,504,
0159,中国医科大学,,生物医学工程,,,519,
0159,中国医科大学,,儿科学,,,595,
0159,中国医科大学,,预防医学,,,576,
0159,中国医科大学,,临床药学,,,568,
0159,中国医科大学,,医学影像技术,,,550,
0159,中国医科大学,,康复治疗学,,,532,
0160,锦州医科大学,,临床医学,,,543,
0160,锦州医科大学,,麻醉学,,,560,
0160,锦州医科大学,,医学影像学,,,548,
0160,锦州医科大学,,口腔医学,,,569,
0160,锦州医科大学,,预防医学,,,527,
0160,锦州医科大学,,基础医学,,,506,
0160,锦州医科大学,,临床药学,,,504,
0160,锦州医科大学,,药学,,,498,
0160,锦州医科大学,,护理学,,,508,
0160,锦州医科大学,,运动康复,,,485,
0160,锦州医科大学,,康复治疗学,,,495,
0160,锦州医科大学,,医学检验技术,,,528,
0160,锦州医科大学,,医学影像技术,,,530,
0160,锦州医科大学,,医学实验技术,,,489,
0160,锦州医科大学,,健康服务与管理,,,468,
0160,锦州医科大学,,动物科学,,,455,
0160,锦州医科大学,,动物医学,,,475,
0160,锦州医科大学,,动植物检疫,,,457,
0160,锦州医科大学,,食品科学与工程,,,456,
0160,锦州医科大学,,食品质量与安全,,,448,
0160,锦州医科大学,,食品营养与检验教育,,,448,
0160,锦州医科大学,,麻醉学,,,571,
0160,锦州医科大学,,医学影像学,,,550,
0161,大连医科大学,,临床医学(5+3一体化),,,605,
0161,大连医科大学,,临床医学(5+3一体化，儿科学),,,602,
0161,大连医科大学,,临床医学,,,579,
0161,大连医科大学,,口腔医学,,,602,
0161,大连医科大学,,麻醉学,,,592,
0161,大连医科大学,,医学影像学,,,581,
0161,大连医科大学,,中西医临床医学,,,574,
0161,大连医科大学,,精神医学,,,561,
0161,大连医科大学,,眼视光医学,,,588,
0161,大连医科大学,,预防医学,,,541,
0161,大连医科大学,,基础医学,,,559,
0161,大连医科大学,,医学检验技术,,,542,
0161,大连医科大学,,卫生检验与检疫,,,535,
0161,大连医科大学,,药学,,,551,
0161,大连医科大学,,临床药学,,,539,
0161,大连医科大学,,医学影像技术,,,549,
0161,大连医科大学,,生物技术,,,514,
0161,大连医科大学,,生物医学工程,,,524,
0161,大连医科大学,,生物制药,,,530,
0161,大连医科大学,,应用心理学,,,529,
0161,大连医科大学,,公共事业管理,,,510,
0161,大连医科大学,,护理学,,,515,
0161,大连医科大学,,护理学,,,500,
0162,辽宁中医药大学,,中医学(5+3一体化),,,549,
0162,辽宁中医药大学,,中医学(5+3一体化),,,536,
0162,辽宁中医药大学,,中医学(5+3一体化儿科学),,,547,
0162,辽宁中医药大学,,中医学,,,523,
0162,辽宁中医药大学,,中医骨伤科学,,,513,
0162,辽宁中医药大学,,中西医临床医学,,,516,
0162,辽宁中医药大学,,中医养生学,,,501,
0162,辽宁中医药大学,,中医康复学,,,502,
0162,辽宁中医药大学,,针灸推拿学,,,503,
0162,辽宁中医药大学,,康复治疗学,,,506,
0162,辽宁中医药大学,,中药学,,,493,
0162,辽宁中医药大学,,药学,,,498,
0162,辽宁中医药大学,,药物制剂,,,504,
0162,辽宁中医药大学,,中药制药,,,488,
0162,辽宁中医药大学,,中草药栽培与鉴定,,,485,
0162,辽宁中医药大学,,中药资源与开发,,,483,
0162,辽宁中医药大学,,护理学,,,499,
0162,辽宁中医药大学,,护理学(中外合作办学),,,444,
0162,辽宁中医药大学,,医学检验技术,,,506,
0162,辽宁中医药大学,,医学信息工程,,,495,
0162,辽宁中医药大学,,信息管理与信息系统,,,493,
0162,辽宁中医药大学,,数据科学与大数据技术,,,494,
0163,沈阳药科大学,,药学类(药学、药物制剂、药物分析),,,527,
0163,沈阳药科大学,,药物化学,,,509,
0163,沈阳药科大学,,制药工程,,,519,
0163,沈阳药科大学,,中药学类(中药学、中药资源与开发、中药制药),,,507,
0163,沈阳药科大学,,生物工程类(生物工程、生物制药),,,478,
0163,沈阳药科大学,,药学类(药学、药物制剂、药物分析),,,524,
0163,沈阳药科大学,,药物化学,,,510,
0163,沈阳药科大学,,临床药学,,,526,
0163,沈阳药科大学,,工商管理类(工商管理、市场营销),,,485,
0163,沈阳药科大学,,药事管理,,,488,
0163,沈阳药科大学,,食品科学与工程类(食品科学与工程、食品质量与安全、葡萄与葡萄酒工程),,,484,
0163,沈阳药科大学,,医疗产品管理,,,505,
0163,沈阳药科大学,,生物制药(生命基地班),,,593,
0163,沈阳药科大学,,制药工程,,,515,
0163,沈阳药科大学,,环境科学,,,470,
0163,沈阳药科大学,,应用化学,,,513,
0163,沈阳药科大学,,中药学类(中药学、中药资源与开发、中药制药),,,509,
0163,沈阳药科大学,,生物工程类(生物工程、生物制药),,,482,
0163,沈阳药科大学,,生物医学工程,,,480,
0163,沈阳药科大学,,药学(理科基地班),,,601,
0163,沈阳药科大学,,药学(日语强化班),,,563,
0163,沈阳药科大学,,药学(英语强化班),,,566,
0163,沈阳药科大学,,中药学(日语强化班),,,497,
0163,沈阳药科大学,,生物医学工程(中外合作办学),,,339,
0164,沈阳医学院,,临床医学,,,519,
0164,沈阳医学院,,预防医学,,,508,
0164,沈阳医学院,,麻醉学,,,528,
0164,沈阳医学院,,医学影像学,,,521,
0164,沈阳医学院,,口腔医学,,,558,
0164,沈阳医学院,,精神医学,,,493,
0164,沈阳医学院,,医学检验技术,,,518,
0164,沈阳医学院,,护理学,,,501,
0164,沈阳医学院,,康复治疗学,,,493,
0164,沈阳医学院,,药学,,,509,
0164,沈阳医学院,,食品质量与安全,,,482,
0164,沈阳医学院,,卫生检验与检疫,,,487,
0164,沈阳医学院,,助产学,,,503,
0164,沈阳医学院,,医学信息工程,,,479,
0164,沈阳医学院,,中药学,,,484,
0165,辽宁师范大学,,新闻学,,,562,
0165,辽宁师范大学,,广告学,,,553,
0165,辽宁师范大学,,地理科学(师范),,,568,
0165,辽宁师范大学,,数学与应用数学(师范),,,594,
0165,辽宁师范大学,,英语(师范),,,590,
0165,辽宁师范大学,,物理学(师范),,,586,
0165,辽宁师范大学,,化学(师范),,,583,
0165,辽宁师范大学,,生物科学(师范),,,577,
0165,辽宁师范大学,,历史学(师范),,,563,
0165,辽宁师范大学,,计算机科学与技术(师范),,,562,
0165,辽宁师范大学,,数学与应用数学(师范),,,594,
0165,辽宁师范大学,,信息与计算科学,,,558,
0165,辽宁师范大学,,会计学,,,565,
0165,辽宁师范大学,,英语(师范),,,593,
0165,辽宁师范大学,,国际商务,,,548,
0165,辽宁师范大学,,翻译,,,560,
0165,辽宁师范大学,,日语(师范),,,567,
0165,辽宁师范大学,,日语,,,555,
0165,辽宁师范大学,,俄语,,,547,
0165,辽宁师范大学,,法语,,,557,
0165,辽宁师范大学,,物理学(师范),,,583,
0165,辽宁师范大学,,电子信息工程,,,557,
0165,辽宁师范大学,,电子科学与技术,,,551,
0165,辽宁师范大学,,化学(师范),,,580,
0165,辽宁师范大学,,药物化学,,,540,
0165,辽宁师范大学,,生物科学(师范),,,576,
0165,辽宁师范大学,,生物技术,,,550,
0165,辽宁师范大学,,政治学与行政学,,,552,
0165,辽宁师范大学,,行政管理,,,554,
0165,辽宁师范大学,,地理科学(师范),,,566,
0165,辽宁师范大学,,地理信息科学,,,554,
0165,辽宁师范大学,,水文与水资源工程,,,550,
0165,辽宁师范大学,,公共事业管理,,,554,
0165,辽宁师范大学,,信息管理与信息系统,,,552,
0165,辽宁师范大学,,图书馆学,,,550,
0165,辽宁师范大学,,教育学(师范),,,568,
0165,辽宁师范大学,,学前教育(师范),,,561,
0165,辽宁师范大学,,特殊教育(师范),,,564,
0165,辽宁师范大学,,小学教育(师范),,,566,
0165,辽宁师范大学,,心理学(师范),,,563,
0165,辽宁师范大学,,应用心理学(师范),,,558,
0165,辽宁师范大学,,国际商务(中外合作办学),,,420,
0165,辽宁师范大学,,法学,,,567,
0165,辽宁师范大学,,计算机科学与技术(师范),,,564,
0165,辽宁师范大学,,计算机科学与技术,,,558,
0165,辽宁师范大学,,数字媒体技术,,,560,
0165,辽宁师范大学,,教育技术学(师范),,,560,
0165,辽宁师范大学,,历史学(师范),,,572,
0165,辽宁师范大学,,文物与博物馆学,,,545,
0165,辽宁师范大学,,旅游管理,,,536,
0166,沈阳师范大学,,教育学(师范类),,,552,
0166,沈阳师范大学,,应用心理学(师范类),,,547,
0166,沈阳师范大学,,汉语言文学(师范类),,,566,
0166,沈阳师范大学,,汉语国际教育(师范类),,,550,
0166,沈阳师范大学,,新闻学,,,538,
0166,沈阳师范大学,,英语(师范类),,,567,
0166,沈阳师范大学,,英语,,,566,
0166,沈阳师范大学,,翻译,,,549,
0166,沈阳师范大学,,法语,,,537,
0166,沈阳师范大学,,日语,,,536,
0166,沈阳师范大学,,俄语,,,541,
0166,沈阳师范大学,,数学与应用数学(师范类),,,569,
0166,沈阳师范大学,,物理学(师范类),,,559,
0166,沈阳师范大学,,电子信息工程,,,544,
0166,沈阳师范大学,,化学(师范类),,,554,
0166,沈阳师范大学,,计算机科学与技术(师范类),,,544,
0166,沈阳师范大学,,生物科学(师范类),,,551,
0166,沈阳师范大学,,环境生态工程,,,522,
0166,沈阳师范大学,,教育技术学(师范类),,,537,
0166,沈阳师范大学,,网络与新媒体,,,541,
0166,沈阳师范大学,,思想政治教育(师范类),,,564,
0166,沈阳师范大学,,行政管理,,,539,
0166,沈阳师范大学,,劳动与社会保障,,,537,
0166,沈阳师范大学,,旅游管理,,,513,
0166,沈阳师范大学,,酒店管理,,,512,
0166,沈阳师范大学,,国际经济与贸易(中外合作办学),,,441,
0166,沈阳师范大学,,金融学(中外合作办学),,,460,
0166,沈阳师范大学,,市场营销(中外合作办学),,,427,
0166,沈阳师范大学,,物流管理,,,481,
0166,沈阳师范大学,,计算机科学与技术,,,487,
0166,沈阳师范大学,,软件工程,,,501,
0166,沈阳师范大学,,网络工程,,,488,
0166,沈阳师范大学,,法学,,,544,
0166,沈阳师范大学,,社会学,,,533,
0166,沈阳师范大学,,社会工作,,,520,
0166,沈阳师范大学,,学前教育(师范类),,,534,
0166,沈阳师范大学,,小学教育(师范类),,,554,
0166,沈阳师范大学,,粮食工程,,,474,
0166,沈阳师范大学,,食品科学与工程,,,530,
0166,沈阳师范大学,,古生物学,,,519,
0166,沈阳师范大学,,德语,,,523,
0166,沈阳师范大学,,数据科学与大数据技术,,,539,
0166,沈阳师范大学,,能源化学工程,,,492,
0166,沈阳师范大学,,国际经济与贸易,,,481,
0166,沈阳师范大学,,金融学,,,493,
0166,沈阳师范大学,,市场营销,,,472,
0166,沈阳师范大学,,数学与应用数学(师范类),,,566,
0167,渤海大学,,电气工程及其自动化,,,508,
0167,渤海大学,,电子信息工程,,,503,
0167,渤海大学,,自动化,,,497,
0167,渤海大学,,会计学,,,520,
0167,渤海大学,,会计学,,,448,
0167,渤海大学,,工商管理,,,505,
0167,渤海大学,,市场营销,,,498,
0167,渤海大学,,物流管理,,,499,
0167,渤海大学,,应用化学,,,490,
0167,渤海大学,,化学(师范),,,515,
0167,渤海大学,,食品科学与工程,,,481,
0167,渤海大学,,食品质量与安全,,,484,
0167,渤海大学,,法学,,,529,
0167,渤海大学,,金融学,,,508,
0167,渤海大学,,金融学,,,434,
0167,渤海大学,,经济学,,,510,
0167,渤海大学,,旅游管理,,,486,
0167,渤海大学,,数学与应用数学(师范),,,532,
0167,渤海大学,,信息与计算科学,,,496,
0167,渤海大学,,物理学(师范),,,519,
0167,渤海大学,,日语,,,503,
0167,渤海大学,,法语,,,498,
0167,渤海大学,,英语(师范),,,544,
0167,渤海大学,,新闻学,,,501,
0167,渤海大学,,计算机科学与技术,,,511,
0167,渤海大学,,物联网工程,,,503,
0167,渤海大学,,软件工程,,,465,
0167,渤海大学,,新能源材料与器件,,,484,
0167,渤海大学,,微电子科学与工程,,,492,
0167,渤海大学,,食品质量与安全,,,475,
0167,渤海大学,,学前教育(师范),,,512,
0167,渤海大学,,小学教育(师范),,,519,
0167,渤海大学,,教育技术学(师范),,,501,
0167,渤海大学,,智能科学与技术,,,498,
0167,渤海大学,,智能装备与系统,,,478,
0167,渤海大学,,数据科学与大数据技术,,,499,
0167,渤海大学,,食品科学与工程(中外合作办学),,,336,
0167,渤海大学,,软件工程(少数民族预科班),,,425,
0169,鞍山师范学院,,汉语言文学(师范),,,530,
0169,鞍山师范学院,,汉语国际教育,,,510,
0169,鞍山师范学院,,新闻学,,,493,
0169,鞍山师范学院,,网络与新媒体,,,485,
0169,鞍山师范学院,,历史学(师范),,,509,
0169,鞍山师范学院,,思想政治教育(师范),,,519,
0169,鞍山师范学院,,英语(师范),,,531,
0169,鞍山师范学院,,商务英语,,,510,
0169,鞍山师范学院,,日语,,,486,
0169,鞍山师范学院,,西班牙语,,,480,
0169,鞍山师范学院,,会计学,,,501,
0169,鞍山师范学院,,旅游管理,,,458,
0169,鞍山师范学院,,酒店管理,,,465,
0169,鞍山师范学院,,市场营销,,,463,
0169,鞍山师范学院,,图书馆学,,,489,
0169,鞍山师范学院,,社会工作,,,473,
0169,鞍山师范学院,,学前教育(师范),,,497,
0169,鞍山师范学院,,小学教育(师范),,,511,
0169,鞍山师范学院,,大数据管理与应用,,,454,
0169,鞍山师范学院,,应用心理学,,,476,
0169,鞍山师范学院,,教育技术学(师范),,,486,
0169,鞍山师范学院,,数学与应用数学(师范),,,523,
0169,鞍山师范学院,,计算机科学与技术,,,469,
0169,鞍山师范学院,,应用统计学,,,453,
0169,鞍山师范学院,,数据科学与大数据技术,,,456,
0169,鞍山师范学院,,物理学(师范),,,508,
0169,鞍山师范学院,,电子信息科学与技术,,,448,
0169,鞍山师范学院,,化学(师范),,,510,
0169,鞍山师范学院,,应用化学,,,448,
0169,鞍山师范学院,,生物科学(师范),,,507,
0169,鞍山师范学院,,食品科学与工程,,,449,
0169,鞍山师范学院,,食品营养与检验教育(师范),,,464,
0172,大连外国语大学,,日语,,,542,
0172,大连外国语大学,,英语,,,562,
0172,大连外国语大学,,翻译,,,545,
0172,大连外国语大学,,商务英语,,,562,
0172,大连外国语大学,,俄语,,,540,
0172,大连外国语大学,,意大利语,,,543,
0172,大连外国语大学,,阿拉伯语,,,524,
0172,大连外国语大学,,法语,,,554,
0172,大连外国语大学,,德语,,,558,
0172,大连外国语大学,,西班牙语,,,563,
0172,大连外国语大学,,葡萄牙语,,,539,
0172,大连外国语大学,,朝鲜语,,,532,
0172,大连外国语大学,,捷克语,,,536,
0172,大连外国语大学,,西班牙语(中外合作办学),,,521,
0172,大连外国语大学,,国际事务与国际关系,,,538,
0172,大连外国语大学,,国际经济与贸易,,,568,
0172,大连外国语大学,,财务管理,,,545,
0172,大连外国语大学,,旅游管理,,,515,
0172,大连外国语大学,,市场营销,,,531,
0172,大连外国语大学,,金融学,,,561,
0172,大连外国语大学,,汉语国际教育,,,553,
0172,大连外国语大学,,汉语言文学,,,558,
0172,大连外国语大学,,新闻学,,,551,
0172,大连外国语大学,,传播学,,,534,
0172,大连外国语大学,,经济学,,,537,
0172,大连外国语大学,,外交学,,,536,
0172,大连外国语大学,,计算机科学与技术,,,497,
0172,大连外国语大学,,软件工程,,,480,
0172,大连外国语大学,,网络工程,,,479,
0172,大连外国语大学,,信息管理与信息系统,,,445,
0172,大连外国语大学,,大数据管理与应用,,,516,
0173,东北财经大学,,经济学,,,604,
0173,东北财经大学,,财政学类(财政学、税收学),,,602,
0173,东北财经大学,,金融学类(金融学、金融工程、投资学、保险学),,,603,
0173,东北财经大学,,国际经济与贸易,,,601,
0173,东北财经大学,,法学,,,590,
0173,东北财经大学,,日语,,,577,
0173,东北财经大学,,商务英语,,,601,
0173,东北财经大学,,金融数学,,,598,
0173,东北财经大学,,统计学,,,599,
0173,东北财经大学,,经济统计学,,,594,
0173,东北财经大学,,应用统计学,,,601,
0173,东北财经大学,,计算机科学与技术,,,596,
0173,东北财经大学,,管理科学与工程类(管理科学、信息管理与信息系统、大数据管理与应用),,,581,
0173,东北财经大学,,电子商务,,,586,
0173,东北财经大学,,管理科学与工程类(工程管理、房地产开发与管理),,,570,
0173,东北财经大学,,工商管理类(工商管理、市场营销、人力资源管理),,,585,
0173,东北财经大学,,物流管理,,,580,
0173,东北财经大学,,工商管理类(会计学、财务管理、资产评估),,,606,
0173,东北财经大学,,会计学(注册会计师方向和创新人才培养实验班),,,621,
0173,东北财经大学,,会计学(国际会计方向),,,613,
0173,东北财经大学,,金融科技,,,596,
0173,东北财经大学,,工商管理(中外合作办学),,,562,
0173,东北财经大学,,财务管理(中外合作办学),,,566,
0173,东北财经大学,,旅游管理(中外合作办学),,,551,
0173,东北财经大学,,金融学(国际商学院专业),,,578,
0173,东北财经大学,,会计学(国际商学院专业),,,585,
0173,东北财经大学,,经济学(中外合作办学),,,580,
0173,东北财经大学,,金融学(中外合作办学),,,570,
0173,东北财经大学,,会计学(中外合作办学),,,574,
0173,东北财经大学,,会计学(中外合作办学),,,568,
0173,东北财经大学,,经济学,,,599,
0173,东北财经大学,,国际经济与贸易,,,599,
0173,东北财经大学,,金融学类(金融学、金融工程、投资学、保险学),,,602,
0173,东北财经大学,,经济统计学,,,593,
0173,东北财经大学,,金融数学,,,588,
0173,东北财经大学,,电子商务,,,573,
0173,东北财经大学,,应用统计学,,,597,
0173,东北财经大学,,管理科学与工程类(管理科学、信息管理与信息系统、大数据管理与应用),,,580,
0173,东北财经大学,,管理科学与工程类(工程管理、房地产开发与管理),,,569,
0173,东北财经大学,,工商管理类(会计学、财务管理、资产评估),,,605,
0176,沈阳体育学院,,运动人体科学,,,472,
0176,沈阳体育学院,,运动康复,,,480,
0176,沈阳体育学院,,体育经济与管理,,,463,
0176,沈阳体育学院,,应用心理学,,,477,
0176,沈阳体育学院,,新闻学,,,483,
0176,沈阳体育学院,,网络与新媒体,,,467,
0183,吉林大学,,社会学类(社会学、社会工作、劳动与社会保障),,,628,
0183,吉林大学,,应用心理学,,,620,
0183,吉林大学,,考古学,,,644,
0183,吉林大学,,新闻传播学类(新闻学、广告学),,,632,
0183,吉林大学,,广播电视编导,,,611,
0183,吉林大学,,英语,,,622,
0183,吉林大学,,俄语,,,612,
0183,吉林大学,,西班牙语,,,616,
0183,吉林大学,,日语,,,620,
0183,吉林大学,,经济学类(经济学院)(经济学、财政学、国际经济与贸易、金融学),,,637,
0183,吉林大学,,法学,,,645,
0183,吉林大学,,政治学与行政学,,,621,
0183,吉林大学,,外交学,,,621,
0183,吉林大学,,思想政治教育,,,623,
0183,吉林大学,,会计学(商学院),,,627,
0183,吉林大学,,工商管理类(商学院)(工商管理、市场营销、人力资源管理、信息管理与信息系统),,,614,
0183,吉林大学,,管理科学与工程类(管理学院)(信息管理与信息系统、工程管理、物流管理、大数据管理与应用),,,613,
0183,吉林大学,,档案学,,,609,
0183,吉林大学,,数学类(数学与应用数学、信息与计算科学、金融数学、统计学),,,640,
0183,吉林大学,,物理学类(物理学、应用物理学、核物理、光电信息科学与工程),,,631,
0183,吉林大学,,物理学(中外合作办学),,,583,
0183,吉林大学,,化学类(化学、应用化学、材料化学、高分子材料与工程、化学工程与工艺),,,625,
0183,吉林大学,,生物科学类(生物科学、生物技术),,,614,
0183,吉林大学,,生物工程类(生物工程、生物制药、药物制剂),,,612,
0183,吉林大学,,机械类(机械工程、工业工程、工程力学、智能制造工程),,,618,
0183,吉林大学,,工业设计(车身工程),,,612,
0183,吉林大学,,车辆工程,,,626,
0183,吉林大学,,能源与动力工程,,,613,
0183,吉林大学,,材料类(材料科学与工程、无机非金属材料工程、材料成型及控制工程),,,615,
0183,吉林大学,,材料物理,,,613,
0183,吉林大学,,交通运输类(交通运输、交通工程、汽车服务工程、道路桥梁与渡河工程、物流工程),,,612,
0183,吉林大学,,仿生科学与工程,,,618,
0183,吉林大学,,食品科学与工程类(食品科学与工程、食品质量与安全),,,609,
0183,吉林大学,,电子信息类(电子信息工程、电子科学与技术、微电子科学与工程、电子信息科学与技术、生物医学工程),,,620,
0183,吉林大学,,通信工程,,,621,
0183,吉林大学,,自动化类(自动化、机器人工程),,,624,
0183,吉林大学,,计算机类(计算机科学与技术、物联网工程、网络空间安全),,,632,
0183,吉林大学,,软件工程,,,621,
0183,吉林大学,,数据科学与大数据技术,,,628,
0183,吉林大学,,仪器类(测控技术与仪器、电气工程及其自动化、智能感知工程),,,619,
0183,吉林大学,,地质类(地质学、资源勘查工程、土地资源管理),,,608,
0183,吉林大学,,勘查技术与工程,,,607,
0183,吉林大学,,土木类(土木工程、地质工程),,,608,
0183,吉林大学,,环境科学与工程类(环境科学、环境工程),,,610,
0183,吉林大学,,预防医学,,,616,
0183,吉林大学,,临床医学(一院),,,636,
0183,吉林大学,,临床医学(5+3一体化儿科学),,,628,
0183,吉林大学,,临床医学(二院),,,637,
0183,吉林大学,,材料类(少数民族预科班),,,598,
0183,吉林大学,,临床医学(三院),,,636,
0183,吉林大学,,口腔医学(5+3一体化),,,648,
0183,吉林大学,,临床药学,,,609,
0183,吉林大学,,护理学,,,571,
0183,吉林大学,,动物科学,,,580,
0183,吉林大学,,动物医学(公共卫生),,,587,
0183,吉林大学,,植物生产类(农学、园艺、植物保护、农业资源与环境),,,584,
0183,吉林大学,,人工智能,,,631,
0183,吉林大学,,经济学(国别与区域经济),,,628,
0184,延边大学,,新闻学,,,451,
0184,延边大学,,中国少数民族语言文学,,,0,
0184,延边大学,,中国语言文学类(汉语国际教育、汉语言、汉语言文学),,,495,
0184,延边大学,,法学,,,441,
0184,延边大学,,电子信息类(电子信息工程、通信工程、计算机科学与技术),,,490,
0184,延边大学,,机械类(机械设计制造及其自动化、农业机械化及其自动化),,,467,
0184,延边大学,,通信工程(中外合作办学),,,537,
0184,延边大学,,土木工程,,,478,
0184,延边大学,,护理学,,,481,
0184,延边大学,,工商管理类(工商管理、会计学、市场营销),,,480,
0184,延边大学,,经济学类(经济学、国际经济与贸易),,,476,
0184,延边大学,,农林经济管理,,,554,
0184,延边大学,,经济学(中外合作办学),,,525,
0184,延边大学,,物流管理,,,562,
0184,延边大学,,旅游管理,,,549,
0184,延边大学,,地理科学类(地理科学、地理信息科学),,,566,
0184,延边大学,,环境科学,,,536,
0184,延边大学,,化学类(化学、应用化学),,,561,
0184,延边大学,,数学类(数学与应用数学、统计学),,,565,
0184,延边大学,,物理学,,,560,
0184,延边大学,,动物生产类(动物科学、动物医学),,,525,
0184,延边大学,,生物技术,,,551,
0184,延边大学,,食品科学与工程,,,552,
0184,延边大学,,园林,,,545,
0184,延边大学,,植物生产类(农学、园艺),,,536,
0184,延边大学,,历史学,,,453,
0184,延边大学,,行政管理,,,459,
0184,延边大学,,教育学类(小学教育、学前教育)(师范类),,,484,
0184,延边大学,,教育技术学(师范类),,,537,
0184,延边大学,,心理学(师范类),,,489,
0184,延边大学,,人工智能,,,494,
0184,延边大学,,日语,,,463,
0184,延边大学,,药学类(药学、药物制剂),,,461,
0184,延边大学,,少数民族预科班,,,535,
0184,延边大学,,临床医学,,,568,
0184,延边大学,,中医学,,,499,
0184,延边大学,,少数民族预科班,,,449,
0184,延边大学,,俄语,,,525,
0184,延边大学,,英语,,,0,
0186,长春理工大学,,少数民族预科班,,,549,
0186,长春理工大学,,应用物理学,,,570,
0186,长春理工大学,,电子科学与技术,,,577,
0186,长春理工大学,,微电子科学与工程,,,577,
0186,长春理工大学,,光电信息科学与工程,,,581,
0186,长春理工大学,,光电信息科学与工程(中外合作办学),,,475,
0186,长春理工大学,,探测制导与控制技术,,,567,
0186,长春理工大学,,测控技术与仪器,,,571,
0186,长春理工大学,,光电信息科学与工程,,,587,
0186,长春理工大学,,光电信息科学与工程(中外合作办学),,,522,
0186,长春理工大学,,机械设计制造及其自动化,,,578,
0186,长春理工大学,,机械电子工程,,,567,
0186,长春理工大学,,过程装备与控制工程,,,566,
0186,长春理工大学,,电气工程及其自动化,,,577,
0186,长春理工大学,,电子信息工程,,,579,
0186,长春理工大学,,通信工程,,,579,
0186,长春理工大学,,电子信息科学与技术,,,575,
0186,长春理工大学,,自动化,,,576,
0186,长春理工大学,,计算机科学与技术,,,583,
0186,长春理工大学,,信息安全,,,568,
0186,长春理工大学,,数据科学与大数据技术,,,574,
0186,长春理工大学,,软件工程,,,578,
0186,长春理工大学,,无机非金属材料工程,,,560,
0186,长春理工大学,,新能源材料与器件,,,559,
0186,长春理工大学,,功能材料,,,550,
0186,长春理工大学,,化学工程与工艺,,,557,
0186,长春理工大学,,环境工程,,,553,
0186,长春理工大学,,生物技术,,,553,
0186,长春理工大学,,生物工程,,,557,
0186,长春理工大学,,生物工程(中外合作办学),,,428,
0186,长春理工大学,,信息管理与信息系统,,,573,
0186,长春理工大学,,国际经济与贸易,,,553,
0186,长春理工大学,,金融工程,,,554,
0186,长春理工大学,,法学,,,560,
0186,长春理工大学,,机器人工程,,,574,
0186,长春理工大学,,数学类(数学与应用数学、信息与计算科学),,,563,
0186,长春理工大学,,工商管理类(工商管理、会计学),,,550,
0188,东北电力大学,,会计学,,,574,
0188,东北电力大学,,广播电视编导,,,531,
0188,东北电力大学,,电气工程及其自动化,,,615,
0188,东北电力大学,,电子信息工程,,,607,
0188,东北电力大学,,能源与动力工程,,,579,
0188,东北电力大学,,建筑环境与能源应用工程,,,558,
0188,东北电力大学,,核工程与核技术,,,585,
0188,东北电力大学,,新能源科学与工程,,,594,
0188,东北电力大学,,自动化,,,592,
0188,东北电力大学,,测控技术与仪器,,,569,
0188,东北电力大学,,智能科学与技术,,,585,
0188,东北电力大学,,应用化学,,,556,
0188,东北电力大学,,能源化学工程,,,565,
0188,东北电力大学,,环境工程,,,557,
0188,东北电力大学,,信息管理与信息系统,,,574,
0188,东北电力大学,,工商管理,,,563,
0188,东北电力大学,,土木工程,,,562,
0188,东北电力大学,,给排水科学与工程,,,565,
0188,东北电力大学,,计算机科学与技术,,,589,
0188,东北电力大学,,通信工程,,,581,
0188,东北电力大学,,软件工程,,,578,
0188,东北电力大学,,数学与应用数学,,,575,
0188,东北电力大学,,信息与计算科学,,,579,
0188,东北电力大学,,电气工程及其自动化(中外合作办学),,,574,
0188,东北电力大学,,智能电网信息工程,,,609,
0188,东北电力大学,,工程管理,,,564,
0188,东北电力大学,,新能源材料与器件,,,578,
0188,东北电力大学,,机器人工程,,,570,
0188,东北电力大学,,金融工程,,,570,
0188,东北电力大学,,统计学,,,567,
0188,东北电力大学,,机械类(机械设计制造及其自动化、材料成型及控制工程、机械电子工程),,,564,
0188,东北电力大学,,土木工程(中外合作办学),,,493,
0188,东北电力大学,,储能科学与工程,,,580,
0190,长春工业大学,,机械工程,,,569,
0190,长春工业大学,,机械电子工程,,,540,
0190,长春工业大学,,工业设计,,,534,
0190,长春工业大学,,工业工程,,,531,
0190,长春工业大学,,智能制造工程,,,548,
0190,长春工业大学,,材料成型及控制工程,,,532,
0190,长春工业大学,,金属材料工程,,,524,
0190,长春工业大学,,材料物理,,,536,
0190,长春工业大学,,电气工程及其自动化,,,555,
0190,长春工业大学,,自动化,,,547,
0190,长春工业大学,,机器人工程,,,540,
0190,长春工业大学,,计算机科学与技术,,,545,
0190,长春工业大学,,软件工程,,,556,
0190,长春工业大学,,电子信息工程,,,561,
0190,长春工业大学,,信息安全,,,543,
0190,长春工业大学,,工商管理,,,531,
0190,长春工业大学,,电子商务,,,535,
0190,长春工业大学,,会计学,,,538,
0190,长春工业大学,,信息管理与信息系统,,,540,
0190,长春工业大学,,金融学,,,537,
0190,长春工业大学,,国际经济与贸易,,,534,
0190,长春工业大学,,高分子材料与工程,,,519,
0190,长春工业大学,,化学工程与工艺,,,515,
0190,长春工业大学,,环境工程,,,514,
0190,长春工业大学,,涂料工程,,,491,
0190,长春工业大学,,材料化学,,,516,
0190,长春工业大学,,化学,,,522,
0190,长春工业大学,,生物工程,,,507,
0190,长春工业大学,,食品科学与工程,,,526,
0190,长春工业大学,,化妆品技术与工程,,,484,
0190,长春工业大学,,制药工程,,,535,
0190,长春工业大学,,数字媒体技术,,,539,
0190,长春工业大学,,网络与新媒体,,,542,
0190,长春工业大学,,公共事业管理,,,528,
0190,长春工业大学,,行政管理,,,528,
0190,长春工业大学,,信息与计算科学,,,538,
0190,长春工业大学,,统计学,,,551,
0190,长春工业大学,,数据科学与大数据技术,,,543,
0190,长春工业大学,,英语,,,544,
0190,长春工业大学,,俄语,,,523,
0190,长春工业大学,,日语,,,521,
0190,长春工业大学,,电气工程及其自动化(中外合作办学),,,486,
0190,长春工业大学,,计算机科学与技术(中外合作办学),,,496,
0190,长春工业大学,,工业工程(中外合作办学),,,446,
0190,长春工业大学,,机械工程(中外合作办学),,,466,
0191,吉林建筑大学,,建筑学,,,528,
0191,吉林建筑大学,,城乡规划,,,499,
0191,吉林建筑大学,,建筑学(中外合作办学),,,488,
0191,吉林建筑大学,,土木工程,,,486,
0191,吉林建筑大学,,工程力学,,,472,
0191,吉林建筑大学,,机械工程,,,481,
0191,吉林建筑大学,,城市地下空间工程,,,478,
0191,吉林建筑大学,,土木工程(中外合作办学),,,436,
0191,吉林建筑大学,,建筑环境与能源应用工程,,,484,
0191,吉林建筑大学,,给排水科学与工程,,,501,
0191,吉林建筑大学,,环境工程,,,485,
0191,吉林建筑大学,,环境科学,,,467,
0191,吉林建筑大学,,安全工程,,,466,
0191,吉林建筑大学,,无机非金属材料工程,,,457,
0191,吉林建筑大学,,工程管理,,,481,
0191,吉林建筑大学,,物流管理,,,482,
0191,吉林建筑大学,,财务管理,,,493,
0191,吉林建筑大学,,经济统计学,,,479,
0191,吉林建筑大学,,工程管理(中外合作办学),,,440,
0191,吉林建筑大学,,道路桥梁与渡河工程,,,472,
0191,吉林建筑大学,,交通工程,,,485,
0191,吉林建筑大学,,电气类(电气工程及其自动化、建筑电气与智能化、自动化),,,500,
0191,吉林建筑大学,,计算机类(计算机科学与技术、软件工程、网络工程、信息安全),,,491,
0191,吉林建筑大学,,电气工程及其自动化(中外合作办学),,,472,
0191,吉林建筑大学,,测绘工程,,,471,
0191,吉林建筑大学,,地理空间信息工程,,,473,
0191,吉林建筑大学,,地质工程,,,474,
0191,吉林建筑大学,,地理信息科学,,,481,
0191,吉林建筑大学,,工程造价,,,503,
0191,吉林建筑大学,,勘查技术与工程,,,472,
0191,吉林建筑大学,,消防工程,,,473,
0191,吉林建筑大学,,少数民族预科班,,,426,
0192,吉林化工学院,,化学工程与工艺,,,472,
0192,吉林化工学院,,轻化工程,,,457,
0192,吉林化工学院,,油气储运工程,,,461,
0192,吉林化工学院,,材料成型及控制工程,,,462,
0192,吉林化工学院,,能源与动力工程,,,464,
0192,吉林化工学院,,工业设计,,,467,
0192,吉林化工学院,,工业工程,,,461,
0192,吉林化工学院,,过程装备与控制工程,,,464,
0192,吉林化工学院,,电气工程及其自动化,,,507,
0192,吉林化工学院,,测控技术与仪器,,,460,
0192,吉林化工学院,,自动化,,,476,
0192,吉林化工学院,,化学,,,472,
0192,吉林化工学院,,应用化学,,,457,
0192,吉林化工学院,,制药工程,,,474,
0192,吉林化工学院,,药物制剂,,,477,
0192,吉林化工学院,,给排水科学与工程,,,468,
0192,吉林化工学院,,环境科学,,,462,
0192,吉林化工学院,,环境工程,,,462,
0192,吉林化工学院,,会计学,,,492,
0192,吉林化工学院,,信息管理与信息系统,,,469,
0192,吉林化工学院,,高分子材料与工程,,,459,
0192,吉林化工学院,,材料化学,,,458,
0192,吉林化工学院,,食品科学与工程,,,469,
0192,吉林化工学院,,生物工程,,,470,
0192,吉林化工学院,,车辆工程,,,477,
0193,吉林农业大学,,植物生产类(农学、种子科学与工程),,,476,
0193,吉林农业大学,,工商管理类(工商管理、市场营销、财务管理、农林经济管理、土地资源管理、旅游管理),,,494,
0193,吉林农业大学,,环境科学与工程类(环境工程、环境科学),,,473,
0193,吉林农业大学,,机械类(机械设计制造及其自动化、新能源科学与工程、自动化、交通运输、农业建筑环境与能源工程、农业智能装备工程),,,477,
0193,吉林农业大学,,动物生产类(动物科学、经济动物学、水产养殖学),,,470,
0193,吉林农业大学,,中药学类(中药学、中药资源与开发、中草药栽培与鉴定),,,486,
0193,吉林农业大学,,食品科学与工程类(食品科学与工程、食品质量与安全、粮食工程、酿酒工程),,,475,
0193,吉林农业大学,,社会学类(社会学、家政学),,,476,
0193,吉林农业大学,,生物科学类(生物科学、生物技术),,,488,
0193,吉林农业大学,,生物工程类(生物工程、制药工程),,,481,
0193,吉林农业大学,,计算机类(计算机科学与技术、物联网工程、数据科学与大数据技术),,,496,
0193,吉林农业大学,,植物生产类(园艺、设施农业科学与工程),,,466,
0193,吉林农业大学,,植物生产类(植物保护、菌物科学与工程),,,486,
0193,吉林农业大学,,智慧农业,,,474,
0193,吉林农业大学,,动物药学,,,477,
0193,吉林农业大学,,电子信息科学与技术,,,492,
0193,吉林农业大学,,英语,,,505,
0193,吉林农业大学,,动物医学,,,496,
0193,吉林农业大学,,草业科学,,,456,
0193,吉林农业大学,,农药化肥,,,458,
0199,长春中医药大学,,生物制药(中外合作办学),,,436,
0199,长春中医药大学,,临床医学,,,539,
0199,长春中医药大学,,中医学,,,542,
0199,长春中医药大学,,中医学(5+3一体化),,,549,
0199,长春中医药大学,,针灸推拿学,,,536,
0199,长春中医药大学,,中医康复学,,,521,
0199,长春中医药大学,,中医骨伤科学,,,532,
0199,长春中医药大学,,中西医临床医学,,,528,
0199,长春中医药大学,,中药学,,,526,
0199,长春中医药大学,,康复治疗学,,,511,
0200,东北师范大学,,广播电视编导,,,589,
0200,东北师范大学,,物理学类(少数民族预科班),,,605,
0200,东北师范大学,,商务英语(少数民族预科班),,,581,
0200,东北师范大学,,心理学(师范类),,,632,
0200,东北师范大学,,日语(师范类),,,614,
0200,东北师范大学,,商务英语,,,610,
0200,东北师范大学,,化学(师范类),,,643,
0200,东北师范大学,,计算机类(计算机科学与技术、智能科学与技术、图书馆学、教育技术学),,,609,
0200,东北师范大学,,物理学类(物理学、材料物理、电子信息科学与技术),,,621,
0200,东北师范大学,,生物科学类(生物科学、生物技术),,,641,
0200,东北师范大学,,地理科学类(地理科学、人文地理与城乡规划、地理信息科学),,,610,
0200,东北师范大学,,环境科学与工程类(环境科学、环境工程、生态学),,,602,
0200,东北师范大学,,新闻传播学类(新闻学、广告学),,,603,
0200,东北师范大学,,会计学(中外合作办学),,,576,
0200,东北师范大学,,计算机科学与技术(中外合作办学),,,589,
0200,东北师范大学,,经济学,,,610,
0200,东北师范大学,,数学与应用数学(师范类),,,652,
0200,东北师范大学,,统计学,,,620,
0201,北华大学,,日语,,,506,
0201,北华大学,,朝鲜语,,,501,
0201,北华大学,,统计学类(统计学、应用统计学),,,513,
0201,北华大学,,化学(师范类),,,524,
0201,北华大学,,机械类(机械设计制造及其自动化、材料成型及控制工程),,,514,
0201,北华大学,,机械设计制造及其自动化(中外合作办学),,,445,
0201,北华大学,,电气工程及其自动化,,,528,
0201,北华大学,,自动化,,,518,
0201,北华大学,,软件工程,,,525,
0201,北华大学,,食品科学与工程,,,506,
0201,北华大学,,临床医学,,,522,
0201,北华大学,,护理学,,,501,
0201,北华大学,,护理学(中外合作办学),,,472,
0201,北华大学,,旅游管理,,,503,
0202,通化师范学院,,日语,,,483,
0202,通化师范学院,,物理学(师范类),,,500,
0202,通化师范学院,,数据科学与大数据技术,,,466,
0202,通化师范学院,,统计学,,,463,
0202,通化师范学院,,计算机科学与技术,,,468,
0202,通化师范学院,,财务管理,,,472,
0202,通化师范学院,,食品科学与工程(中外合作办学),,,427,
0203,吉林师范大学,,数学与应用数学(师范类),,,566,
0203,吉林师范大学,,统计学,,,537,
0203,吉林师范大学,,物理学(师范类),,,573,
0203,吉林师范大学,,少数民族预科班,,,514,
0203,吉林师范大学,,地理信息科学,,,545,
0203,吉林师范大学,,软件工程,,,501,
0203,吉林师范大学,,电子信息类(电子信息工程、通信工程、光电信息科学与工程),,,526,
0203,吉林师范大学,,电子信息工程(中外合作办学),,,440,
0203,吉林师范大学,,工商管理类(人力资源管理、财务管理、市场营销),,,518,
0203,吉林师范大学,,人力资源管理,,,520,
0203,吉林师范大学,,财务管理,,,480,
0203,吉林师范大学,,环境工程,,,460,
0203,吉林师范大学,,环境科学,,,501,
0203,吉林师范大学,,给排水科学与工程,,,519,
0204,吉林工程技术师范学院,,化学工程与工业生物工程,,,426,
0204,吉林工程技术师范学院,,电气工程及其自动化(中外合作办学),,,428,
0204,吉林工程技术师范学院,,数学与应用数学(师范类),,,492,
0204,吉林工程技术师范学院,,新闻传播学类(编辑出版学、网络与新媒体),,,490,
0204,吉林工程技术师范学院,,机械设计制造及其自动化(中外合作办学),,,413,
0205,长春师范大学,,广告学,,,526,
0205,长春师范大学,,机械设计制造及其自动化,,,524,
0205,长春师范大学,,化学(师范类),,,550,
0205,长春师范大学,,计算机科学与技术(中外合作办学),,,470,
0205,长春师范大学,,会计学,,,536,
0205,长春师范大学,,生物科学(师范类),,,553,
0205,长春师范大学,,数学与应用数学(师范类),,,563,
0205,长春师范大学,,物理学类(物理学、应用物理学)(师范类),,,553,
0205,长春师范大学,,人工智能,,,518,
0205,长春师范大学,,数据科学与大数据技术,,,527,
0205,长春师范大学,,智能制造工程,,,524,
0205,长春师范大学,,少数民族预科班,,,494,
0206,白城师范学院,,数学与应用数学(师范类),,,508,
0206,白城师范学院,,动物科学,,,441,
0206,白城师范学院,,工程管理,,,450,
0207,吉林财经大学,,会计学,,,579,
0207,吉林财经大学,,审计学,,,570,
0207,吉林财经大学,,英语,,,558,
0207,吉林财经大学,,日语,,,558,
0207,吉林财经大学,,朝鲜语,,,530,
0207,吉林财经大学,,计算机科学与技术,,,565,
0207,吉林财经大学,,电子商务,,,553,
0207,吉林财经大学,,国际商务,,,546,
0207,吉林财经大学,,国际经济与贸易,,,563,
0207,吉林财经大学,,法学,,,569,
0207,吉林财经大学,,经济统计学,,,563,
0207,吉林财经大学,,税收学,,,572,
0207,吉林财经大学,,财政学,,,572,
0207,吉林财经大学,,经济学,,,571,
0207,吉林财经大学,,金融学,,,577,
0207,吉林财经大学,,金融工程,,,562,
0207,吉林财经大学,,信息管理与信息系统,,,555,
0207,吉林财经大学,,工商管理,,,561,
0207,吉林财经大学,,财务管理,,,572,
0207,吉林财经大学,,人力资源管理,,,555,
0207,吉林财经大学,,电子商务(中外合作办学),,,503,
0207,吉林财经大学,,金融学(中外合作办学),,,541,
0207,吉林财经大学,,会计学(中外合作办学),,,546,
0212,黑龙江大学,,物理学,,,541,
0212,黑龙江大学,,化学,,,552,
0212,黑龙江大学,,应用心理学,,,549,
0212,黑龙江大学,,统计学,,,538,
0212,黑龙江大学,,机械设计制造及其自动化,,,545,
0212,黑龙江大学,,电气工程及其自动化,,,559,
0212,黑龙江大学,,水利水电工程,,,536,
0212,黑龙江大学,,水文与水资源工程,,,533,
0212,黑龙江大学,,农业水利工程,,,534,
0212,黑龙江大学,,数学与应用数学,,,545,
0212,黑龙江大学,,化学工程与工艺,,,507,
0212,黑龙江大学,,生物技术,,,518,
0212,黑龙江大学,,网络空间安全,,,545,
0213,哈尔滨工业大学,,工科试验班(英才本硕博连读)(工程力学、飞行器设计与工程、电子科学与技术、微电子科学与工程、自动化、机器人工程、智能装备与系统、电气工程及其自动化、电子信息工程、通信工程、计算机科学与技术、数据科学与大数据技术、人工智能、机械设计制造及其自动化、材料科学与工程、焊接技术与工程、能源与动力工程、新能源科学与工程、测控技术与仪器、智能感知工程、土木工程、建筑学、智慧建筑与建造、环境生态工程、道路桥梁与渡河工程、材料成型及控制工程、高分子材料与工程、化学工程与工艺、计算金融),,,674,
0213,哈尔滨工业大学,,工科试验班(航天与自动化)[复合材料与工程、飞行器设计与工程、飞行器环境与生命保障工程、空间科学与技术、光电信息科学与工程(光学工程)、电子科学与技术、微电子科学与工程、自动化、探测制导与控制技术、智能装备与系统、电气工程及其自动化、建筑电气与智能化],,,654,
0213,哈尔滨工业大学,,工科试验班(智能装备与先进材料)机械设计制造及其自动化、机械电子工程、飞行器制造工程、工业工程、机器人工程、工业设计、材料科学与工程、材料物理、材料成型及控制工程、焊接技术与工程、电子封装技术、能源与动力工程、飞行器动力工程、新能源科学与工程、精密仪器、智能感知工程、测控技术与仪器、智能材料与结构、储能科学与工程),,,653,
0213,哈尔滨工业大学,,工科试验班(智慧人居)(建筑学、城乡规划、智慧建筑与建造、风景园林、建筑环境与能源应用工程、数字媒体技术),,,652,
0213,哈尔滨工业大学,,环境生态工程(中外合作办学),,,623,
0213,哈尔滨工业大学,,工科试验班(计算机与电子通信)(电子信息工程、通信工程、电磁场与无线技术、信息对抗技术、遥感科学与技术、计算机科学与技术、信息安全、数据科学与大数据技术、物联网工程、软件工程、人工智能、智能测控工程、网络空间安全),,,656,
0214,哈尔滨理工大学,,机械设计制造及其自动化,,,570,
0214,哈尔滨理工大学,,能源与动力工程,,,560,
0214,哈尔滨理工大学,,机械电子工程,,,564,
0214,哈尔滨理工大学,,金属材料工程,,,544,
0214,哈尔滨理工大学,,无机非金属材料工程,,,541,
0214,哈尔滨理工大学,,高分子材料与工程,,,552,
0214,哈尔滨理工大学,,材料成型及控制工程,,,543,
0214,哈尔滨理工大学,,电气工程及其自动化,,,569,
0214,哈尔滨理工大学,,电子信息工程,,,569,
0214,哈尔滨理工大学,,新能源材料与器件,,,554,
0214,哈尔滨理工大学,,计算机科学与技术,,,574,
0214,哈尔滨理工大学,,测控技术与仪器,,,555,
0214,哈尔滨理工大学,,通信工程,,,566,
0214,哈尔滨理工大学,,信息管理与信息系统,,,556,
0214,哈尔滨理工大学,,工商管理,,,539,
0214,哈尔滨理工大学,,市场营销,,,541,
0214,哈尔滨理工大学,,人力资源管理,,,553,
0214,哈尔滨理工大学,,会计学,,,565,
0214,哈尔滨理工大学,,材料物理,,,541,
0214,哈尔滨理工大学,,软件工程,,,558,
0214,哈尔滨理工大学,,集成电路设计与集成系统,,,545,
0214,哈尔滨理工大学,,数据科学与大数据技术,,,564,
0214,哈尔滨理工大学,,建筑学,,,552,
0214,哈尔滨理工大学,,土木工程,,,545,
0214,哈尔滨理工大学,,自动化类(自动化、机器人工程),,,553,
0214,哈尔滨理工大学,,化工与制药类(化学工程与工艺、制药工程),,,551,
0216,燕山大学,,经济与金融,,,575,
0216,燕山大学,,外国语言文学类(英语)(英语、翻译),,,569,
0216,燕山大学,,信息与计算科学,,,577,
0216,燕山大学,,应用物理学,,,572,
0216,燕山大学,,应用化学,,,568,
0216,燕山大学,,统计学,,,573,
0216,燕山大学,,机械类(机械设计制造及其自动化、材料成型及控制工程、机器人工程),,,584,
0216,燕山大学,,过程装备与控制工程,,,579,
0216,燕山大学,,车辆工程,,,587,
0216,燕山大学,,能源动力类(能源与动力工程、石油工程),,,582,
0216,燕山大学,,电气类(电气工程及其自动化、自动化、测控技术与仪器、智能科学与技术),,,592,
0216,燕山大学,,电子信息类(电子信息工程、电子科学与技术),,,584,
0216,燕山大学,,计算机科学与技术,,,598,
0216,燕山大学,,软件工程,,,590,
0216,燕山大学,,土木类(土木工程、建筑环境与能源应用工程、工程力学),,,566,
0216,燕山大学,,化工与制药类(化学工程与工艺、能源化学工程、生物工程),,,566,
0216,燕山大学,,环境工程,,,560,
0216,燕山大学,,建筑学,,,571,
0216,燕山大学,,工商管理类(工商管理、会计学、旅游管理、电子商务),,,570,
0216,燕山大学,,公共管理类(公共事业管理、行政管理),,,558,
0216,燕山大学,,工业工程,,,570,
0216,燕山大学,,工业工程(中外合作办学),,,523,
0216,燕山大学,,机械设计制造及其自动化,,,580,
0216,燕山大学,,电气工程及其自动化,,,579,
0216,燕山大学,,自动化,,,581,
0216,燕山大学,,电子科学与技术,,,576,
0216,燕山大学,,化学工程与工艺,,,516,
0216,燕山大学,,材料类(材料物理、无机非金属材料工程、高分子材料与工程),,,574,
0216,燕山大学,,机械设计制造及其自动化,,,600,
0216,燕山大学,,车辆工程,,,589,
0216,燕山大学,,电子信息工程,,,595,
0216,燕山大学,,自动化,,,595,
0216,燕山大学,,生物工程,,,584,
0217,哈尔滨工程大学,,海洋工程类(船舶与海洋工程、港口航道与海岸工程、海洋机器人),,,607,
0217,哈尔滨工程大学,,航空航天类(飞行器设计与工程、飞行器动力工程、土木工程、工程力学),,,608,
0217,哈尔滨工程大学,,土木工程(中外合作办学),,,561,
0217,哈尔滨工程大学,,能源动力类(能源与动力工程、轮机工程),,,607,
0217,哈尔滨工程大学,,自动化类(自动化、电气工程及其自动化、测控技术与仪器、探测制导与控制技术、人工智能、机器人工程),,,613,
0217,哈尔滨工程大学,,水声工程(含水声、水声电子、海洋信息3个专业),,,610,
0217,哈尔滨工程大学,,计算机类(计算机科学与技术、信息安全),,,615,
0217,哈尔滨工程大学,,机械类(机械设计制造及其自动化、工业设计),,,608,
0217,哈尔滨工程大学,,机械设计制造及其自动化(中外合作办学),,,587,
0217,哈尔滨工程大学,,电子信息类(电子信息工程、通信工程),,,612,
0217,哈尔滨工程大学,,金融学,,,606,
0217,哈尔滨工程大学,,工商管理类(工商管理、电子商务),,,601,
0217,哈尔滨工程大学,,材料类(化学工程与工艺、材料科学与工程),,,603,
0217,哈尔滨工程大学,,材料物理(中外合作办学),,,567,
0217,哈尔滨工程大学,,核工程与核技术,,,609,
0217,哈尔滨工程大学,,软件工程,,,612,
0217,哈尔滨工程大学,,数学与应用数学,,,608,
0217,哈尔滨工程大学,,光电信息科学与工程,,,610,
0217,哈尔滨工程大学,,船舶与海洋工程(中外合作办学),,,579,
0217,哈尔滨工程大学,,轮机工程(中外合作办学),,,574,
0217,哈尔滨工程大学,,自动化(中外合作办学),,,581,
0217,哈尔滨工程大学,,水声工程(中外合作办学),,,591,
0217,哈尔滨工程大学,,英语,,,599,
0217,哈尔滨工程大学,,法学,,,601,
0217,哈尔滨工程大学,,少数民族预科班,,,593,
0219,黑龙江科技大学,,电气工程及其自动化,,,502,
0219,黑龙江科技大学,,自动化,,,490,
0219,黑龙江科技大学,,电气工程与智能控制,,,491,
0219,黑龙江科技大学,,机械设计制造及其自动化,,,491,
0219,黑龙江科技大学,,机械电子工程,,,481,
0219,黑龙江科技大学,,机械工艺技术,,,479,
0219,黑龙江科技大学,,通信工程,,,490,
0219,黑龙江科技大学,,电子信息工程,,,483,
0219,黑龙江科技大学,,电子信息科学与技术,,,488,
0219,黑龙江科技大学,,材料成型及控制工程,,,454,
0219,黑龙江科技大学,,土木工程,,,482,
0219,黑龙江科技大学,,建筑学,,,497,
0219,黑龙江科技大学,,城乡规划,,,482,
0219,黑龙江科技大学,,风景园林,,,489,
0219,黑龙江科技大学,,计算机科学与技术,,,502,
0219,黑龙江科技大学,,软件工程,,,494,
0219,黑龙江科技大学,,物联网工程,,,483,
0219,黑龙江科技大学,,数据科学与大数据技术,,,496,
0219,黑龙江科技大学,,数学与应用数学,,,483,
0219,黑龙江科技大学,,安全工程,,,478,
0219,黑龙江科技大学,,信息管理与信息系统,,,471,
0220,东北石油大学,,建筑学,,,534,
0220,东北石油大学,,安全工程,,,525,
0220,东北石油大学,,测控技术与仪器,,,535,
0220,东北石油大学,,车辆工程,,,543,
0220,东北石油大学,,电气工程及其自动化,,,564,
0220,东北石油大学,,电子科学与技术,,,537,
0220,东北石油大学,,电子信息工程,,,540,
0220,东北石油大学,,高分子材料与工程,,,526,
0220,东北石油大学,,给排水科学与工程,,,525,
0220,东北石油大学,,工程管理,,,532,
0220,东北石油大学,,工程力学,,,524,
0220,东北石油大学,,工业设计,,,545,
0220,东北石油大学,,光电信息科学与工程,,,537,
0220,东北石油大学,,过程装备与控制工程,,,552,
0220,东北石油大学,,海洋油气工程,,,541,
0220,东北石油大学,,化学,,,543,
0220,东北石油大学,,化学工程与工艺,,,553,
0220,东北石油大学,,环境工程,,,526,
0220,东北石油大学,,机械设计制造及其自动化,,,550,
0220,东北石油大学,,建筑环境与能源应用工程,,,527,
0220,东北石油大学,,教育技术学,,,526,
0220,东北石油大学,,金属材料工程,,,523,
0220,东北石油大学,,勘查技术与工程,,,527,
0220,东北石油大学,,能源与动力工程,,,541,
0220,东北石油大学,,石油工程,,,559,
0220,东北石油大学,,通信工程,,,543,
0220,东北石油大学,,土木工程,,,531,
0220,东北石油大学,,信息与计算科学,,,531,
0220,东北石油大学,,应用化学,,,539,
0220,东北石油大学,,应用统计学,,,530,
0220,东北石油大学,,应用物理学,,,530,
0220,东北石油大学,,油气储运工程,,,550,
0220,东北石油大学,,资源勘查工程,,,538,
0220,东北石油大学,,自动化,,,556,
0220,东北石油大学,,智能电网信息工程,,,538,
0220,东北石油大学,,资源勘查工程(本硕连读班),,,551,
0220,东北石油大学,,计算机类(计算机科学与技术、软件工程、物联网工程),,,541,
0220,东北石油大学,,工商管理类(工商管理、市场营销、会计学、财务管理),,,529,
0220,东北石油大学,,数据科学与大数据技术,,,533,
0220,东北石油大学,,地质学类(地质学、地球化学),,,522,
0220,东北石油大学,,机械设计制造及其自动化,,,570,
0220,东北石油大学,,化学工程与工艺,,,580,
0220,东北石油大学,,石油工程,,,565,
0222,佳木斯大学,,护理学,,,487,
0222,佳木斯大学,,数学与应用数学(师范类),,,492,
0222,佳木斯大学,,物理学(师范类),,,490,
0222,佳木斯大学,,电气工程及其自动化,,,444,
0222,佳木斯大学,,电子信息工程,,,448,
0222,佳木斯大学,,通信工程,,,443,
0222,佳木斯大学,,计算机科学与技术,,,460,
0223,黑龙江八一农垦大学,,农学,,,446,
0223,黑龙江八一农垦大学,,植物保护,,,449,
0223,黑龙江八一农垦大学,,种子科学与工程,,,454,
0223,黑龙江八一农垦大学,,农业资源与环境,,,448,
0223,黑龙江八一农垦大学,,农业机械化及其自动化,,,452,
0223,黑龙江八一农垦大学,,机械设计制造及其自动化,,,460,
0223,黑龙江八一农垦大学,,交通运输,,,449,
0223,黑龙江八一农垦大学,,工业设计,,,470,
0223,黑龙江八一农垦大学,,动物医学,,,490,
0223,黑龙江八一农垦大学,,动物科学,,,460,
0223,黑龙江八一农垦大学,,动物药学,,,465,
0223,黑龙江八一农垦大学,,草业科学,,,449,
0223,黑龙江八一农垦大学,,农林经济管理,,,451,
0223,黑龙江八一农垦大学,,工商管理类(会计学、财务管理、审计学),,,498,
0223,黑龙江八一农垦大学,,国际经济与贸易,,,470,
0223,黑龙江八一农垦大学,,工商管理类(市场营销、人力资源管理),,,479,
0223,黑龙江八一农垦大学,,食品科学与工程类(食品科学与工程、食品质量与安全、食品营养与健康、粮食工程),,,455,
0223,黑龙江八一农垦大学,,包装工程,,,437,
0223,黑龙江八一农垦大学,,食品科学与工程(北大荒农产品加工现代产业学院),,,449,
0223,黑龙江八一农垦大学,,公共事业管理,,,451,
0223,黑龙江八一农垦大学,,计算机科学与技术,,,470,
0223,黑龙江八一农垦大学,,电气工程及其自动化,,,461,
0223,黑龙江八一农垦大学,,通信工程,,,466,
0223,黑龙江八一农垦大学,,数据科学与大数据技术,,,466,
0223,黑龙江八一农垦大学,,生物科学类(生物科学、生物技术),,,456,
0223,黑龙江八一农垦大学,,生物工程,,,449,
0223,黑龙江八一农垦大学,,制药工程,,,460,
0223,黑龙江八一农垦大学,,土木类(土木工程、建筑环境与能源应用工程),,,445,
0223,黑龙江八一农垦大学,,水利水电工程,,,459,
0224,东北农业大学,,植物生产类(I)(农学、植物保护、种子科学与工程),,,561,
0224,东北农业大学,,农学(本硕博班),,,583,
0224,东北农业大学,,智慧农业,,,563,
0224,东北农业大学,,植物生产类(II)(园艺、设施农业科学与工程),,,558,
0224,东北农业大学,,风景园林,,,573,
0224,东北农业大学,,环境科学与工程类(环境科学、环境工程),,,561,
0224,东北农业大学,,自然保护与环境生态类(农业资源与环境、应用生物科学),,,553,
0224,东北农业大学,,应用气象学,,,568,
0224,东北农业大学,,动物生产类(动物科学、草业科学、水产养殖学),,,558,
0224,东北农业大学,,动物医学,,,574,
0224,东北农业大学,,机械类(机械设计制造及其自动化、农业机械化及其自动化),,,570,
0224,东北农业大学,,农业机械化及其自动化(本硕博班),,,582,
0224,东北农业大学,,能源动力类(新能源科学与工程、农业建筑环境与能源工程),,,568,
0224,东北农业大学,,生物科学类(生物科学、生物技术、生物工程),,,563,
0224,东北农业大学,,制药工程,,,564,
0224,东北农业大学,,土地资源管理,,,565,
0224,东北农业大学,,人文地理与城乡规划,,,561,
0224,东北农业大学,,水利类(水利水电工程、水文与水资源工程、农业水利工程、土木工程、工程管理),,,564,
0224,东北农业大学,,电气类(电气工程及其自动化、农业电气化),,,578,
0224,东北农业大学,,计算机类(计算机科学与技术、软件工程、物联网工程、人工智能),,,581,
0224,东北农业大学,,俄语,,,561,
0224,东北农业大学,,统计学,,,575,
0224,东北农业大学,,数据科学与大数据技术,,,577,
0224,东北农业大学,,金融学(中外合作办学)(中俄合作办学),,,530,
0224,东北农业大学,,工商管理(中外合作办学)(中俄合作办学),,,526,
0224,东北农业大学,,国际经济与贸易(中外合作办学)(中俄合作办学),,,527,
0224,东北农业大学,,金融学类(金融学、保险学、国际经济与贸易、工商管理、会计学、市场营销、人力资源管理、农林经济管理),,,574,
0224,东北农业大学,,食品科学与工程类(食品科学与工程、食品质量与安全、粮食工程、乳品工程),,,562,
0225,东北林业大学,,林学类(林学、森林保护),,,574,
0225,东北林业大学,,环境科学,,,561,
0225,东北林业大学,,食品科学与工程,,,566,
0225,东北林业大学,,地理信息科学,,,567,
0225,东北林业大学,,林学类(成栋实验班)(林学、森林保护),,,579,
0225,东北林业大学,,生态学,,,567,
0225,东北林业大学,,木材科学与工程,,,561,
0225,东北林业大学,,林产化工,,,553,
0225,东北林业大学,,材料类(材料化学、高分子材料与工程),,,562,
0225,东北林业大学,,林业工程类(成栋班)(木材科学与工程、林产化工),,,578,
0225,东北林业大学,,野生动物与自然保护区管理,,,563,
0225,东北林业大学,,动物医学,,,570,
0225,东北林业大学,,森林工程,,,568,
0225,东北林业大学,,工业工程,,,565,
0225,东北林业大学,,物流工程,,,565,
0225,东北林业大学,,机械类(机电)(机械设计制造及其自动化、机械电子工程),,,576,
0225,东北林业大学,,工业设计,,,572,
0225,东北林业大学,,电气类(电气工程及其自动化、自动化),,,579,
0225,东北林业大学,,机器人工程,,,576,
0225,东北林业大学,,生物科学类[生物科学(国家理科基础科学研究和教学人才培养基地)、生物技术(国家生命科学与技术人才培养基地)、生物技术],,,569,
0225,东北林业大学,,生物科学(拔尖人才成栋班),,,606,
0225,东北林业大学,,园林,,,575,
0225,东北林业大学,,风景园林,,,580,
0225,东北林业大学,,城乡规划,,,574,
0225,东北林业大学,,土木工程,,,564,
0225,东北林业大学,,建筑环境与能源应用工程,,,566,
0225,东北林业大学,,工程管理,,,565,
0225,东北林业大学,,交通运输类(交通运输、交通工程),,,570,
0225,东北林业大学,,机械类(车辆)(车辆工程、汽车服务工程),,,569,
0225,东北林业大学,,计算机类(计算机科学与技术、软件工程、数据科学与大数据技术、人工智能),,,580,
0225,东北林业大学,,电子信息类(电子信息工程、通信工程),,,578,
0225,东北林业大学,,数学与应用数学(师范类),,,581,
0225,东北林业大学,,信息与计算科学,,,577,
0225,东北林业大学,,物理学,,,572,
0225,东北林业大学,,化学类(化学、应用化学),,,562,
0225,东北林业大学,,化学工程与工艺,,,560,
0225,东北林业大学,,工商管理类(工商管理、市场营销、会计学、农林经济管理、公共事业管理、旅游管理),,,570,
0225,东北林业大学,,经济学类(经济统计学、国际经济与贸易),,,580,
0225,东北林业大学,,英语,,,576,
0225,东北林业大学,,俄语,,,561,
0225,东北林业大学,,日语,,,567,
0225,东北林业大学,,计算机科学与技术(中外合作办学),,,550,
0225,东北林业大学,,生物技术(中外合作办学),,,515,
0225,东北林业大学,,化学(中外合作办学),,,476,
0225,东北林业大学,,工程管理(中外合作办学),,,516,
0226,哈尔滨医科大学,,临床医学(5+3一体化，于维汉班),,,643,
0226,哈尔滨医科大学,,临床医学(5+3一体化),,,632,
0226,哈尔滨医科大学,,临床医学(5+3一体化，儿科学硕士),,,622,
0226,哈尔滨医科大学,,基础医学(伍连德班),,,628,
0226,哈尔滨医科大学,,基础医学,,,608,
0226,哈尔滨医科大学,,临床医学,,,606,
0226,哈尔滨医科大学,,麻醉学,,,627,
0226,哈尔滨医科大学,,医学影像学,,,601,
0226,哈尔滨医科大学,,儿科学,,,596,
0226,哈尔滨医科大学,,口腔医学,,,618,
0226,哈尔滨医科大学,,预防医学,,,569,
0226,哈尔滨医科大学,,药学,,,569,
0226,哈尔滨医科大学,,临床药学,,,579,
0226,哈尔滨医科大学,,智能医学工程,,,557,
0226,哈尔滨医科大学,,生物信息学,,,511,
0226,哈尔滨医科大学,,生物医学工程,,,565,
0226,哈尔滨医科大学,,护理学,,,555,
0226,哈尔滨医科大学,,医学检验技术,,,534,
0226,哈尔滨医科大学,,康复治疗学,,,514,
0226,哈尔滨医科大学,,精神医学,,,526,
0226,哈尔滨医科大学,,药物制剂,,,525,
0226,哈尔滨医科大学,,药物分析,,,502,
0226,哈尔滨医科大学,,医学影像技术,,,557,
0226,哈尔滨医科大学,,信息管理与信息系统,,,498,
0228,黑龙江中医药大学,,中医学(5+3一体化),,,572,
0228,黑龙江中医药大学,,中医学(5+3一体化，专业硕士儿科学),,,567,
0228,黑龙江中医药大学,,中医学,,,544,
0228,黑龙江中医药大学,,中西医临床医学,,,527,
0228,黑龙江中医药大学,,中医骨伤科学,,,517,
0228,黑龙江中医药大学,,针灸推拿学,,,532,
0228,黑龙江中医药大学,,康复治疗学,,,513,
0228,黑龙江中医药大学,,中药学,,,543,
0228,黑龙江中医药大学,,药物制剂,,,521,
0228,黑龙江中医药大学,,药学,,,522,
0228,黑龙江中医药大学,,中药制药,,,511,
0228,黑龙江中医药大学,,市场营销,,,462,
0228,黑龙江中医药大学,,医学信息工程,,,507,
0228,黑龙江中医药大学,,护理学,,,511,
0228,黑龙江中医药大学,,医学检验技术,,,507,
0228,黑龙江中医药大学,,助产学,,,505,
0229,牡丹江医学院,,制药工程,,,488,
0229,牡丹江医学院,,临床医学,,,516,
0229,牡丹江医学院,,麻醉学,,,526,
0229,牡丹江医学院,,医学影像学,,,515,
0229,牡丹江医学院,,药学,,,503,
0229,牡丹江医学院,,药物制剂,,,500,
0229,牡丹江医学院,,医学检验技术,,,506,
0229,牡丹江医学院,,医学影像技术,,,504,
0229,牡丹江医学院,,康复治疗学,,,489,
0231,哈尔滨师范大学,,地理科学(师范类),,,565,
0231,哈尔滨师范大学,,学前教育(师范类),,,554,
0231,哈尔滨师范大学,,物理学(师范类),,,572,
0231,哈尔滨师范大学,,英语(师范类),,,577,
0231,哈尔滨师范大学,,地理信息科学,,,548,
0231,哈尔滨师范大学,,计算机科学与技术,,,546,
0231,哈尔滨师范大学,,数字媒体技术,,,544,
0231,哈尔滨师范大学,,物流管理,,,532,
0232,齐齐哈尔大学,,数学类[数学与应用数学(师范类)、信息与计算科学],,,502,
0232,齐齐哈尔大学,,应用化学,,,464,
0232,齐齐哈尔大学,,生物技术,,,461,
0232,齐齐哈尔大学,,机械类(机械设计制造及其自动化、机械电子工程、过程装备与控制工程),,,459,
0232,齐齐哈尔大学,,材料类(材料化学、无机非金属材料工程、高分子材料与工程),,,439,
0232,齐齐哈尔大学,,电气工程及其自动化,,,480,
0232,齐齐哈尔大学,,电子信息类(电子信息工程、通信工程),,,471,
0232,齐齐哈尔大学,,人工智能,,,467,
0232,齐齐哈尔大学,,自动化,,,468,
0232,齐齐哈尔大学,,计算机类(计算机科学与技术、软件工程),,,490,
0232,齐齐哈尔大学,,物联网工程,,,465,
0232,齐齐哈尔大学,,数据科学与大数据技术,,,473,
0232,齐齐哈尔大学,,土木工程,,,467,
0232,齐齐哈尔大学,,化工与制药类(化学工程与工艺、制药工程、能源化学工程),,,451,
0232,齐齐哈尔大学,,纺织工程,,,423,
0232,齐齐哈尔大学,,轻工类(轻化工程、包装工程),,,430,
0232,齐齐哈尔大学,,食品科学与工程类(食品科学与工程、食品质量与安全),,,456,
0233,牡丹江师范学院,,数学与应用数学(师范类),,,528,
0233,牡丹江师范学院,,物理学(师范类),,,520,
0233,牡丹江师范学院,,化学(师范类),,,523,
0233,牡丹江师范学院,,生物技术,,,501,
0234,哈尔滨学院,,俄语,,,463,
0234,哈尔滨学院,,商务英语,,,522,
0234,哈尔滨学院,,小学教育(师范类),,,520,
0234,哈尔滨学院,,学前教育(师范类),,,497,
0234,哈尔滨学院,,旅游管理,,,457,
0234,哈尔滨学院,,地理信息科学,,,506,
0234,哈尔滨学院,,会计学,,,502,
0234,哈尔滨学院,,财务管理,,,497,
0234,哈尔滨学院,,金融学,,,499,
0234,哈尔滨学院,,电子信息工程,,,487,
0234,哈尔滨学院,,化学(师范类),,,507,
0234,哈尔滨学院,,数学与应用数学(师范类),,,522,
0234,哈尔滨学院,,食品科学与工程,,,475,
0234,哈尔滨学院,,计算机科学与技术,,,489,
0234,哈尔滨学院,,建筑电气与智能化,,,477,
0234,哈尔滨学院,,软件工程,,,480,
0234,哈尔滨学院,,土木类(土木工程、城市地下空间工程),,,487,
0235,大庆师范学院,,经济与金融,,,475,
0235,大庆师范学院,,法学,,,496,
0235,大庆师范学院,,应用化学,,,429,
0235,大庆师范学院,,油气储运工程,,,469,
0235,大庆师范学院,,计算机科学与技术,,,480,
0235,大庆师范学院,,软件工程,,,478,
0235,大庆师范学院,,网络工程,,,462,
0235,大庆师范学院,,生物制药,,,470,
0235,大庆师范学院,,俄语,,,473,
0235,大庆师范学院,,日语,,,484,
0235,大庆师范学院,,数据科学与大数据技术,,,476,
0235,大庆师范学院,,化学(师范类),,,501,
0235,大庆师范学院,,物理学(师范类),,,500,
0236,绥化学院,,特殊教育(师范类),,,480,
0236,绥化学院,,自动化,,,442,
0236,绥化学院,,计算机科学与技术,,,448,
0236,绥化学院,,水利水电工程,,,439,
0236,绥化学院,,工程造价,,,446,
0236,绥化学院,,财务管理,,,469,
0236,绥化学院,,旅游管理,,,444,
0240,哈尔滨商业大学,,统计学,,,537,
0240,哈尔滨商业大学,,物联网工程,,,532,
0240,哈尔滨商业大学,,物流管理,,,511,
0240,哈尔滨商业大学,,物流工程,,,505,
0240,哈尔滨商业大学,,宝石及材料工艺学,,,377,
0240,哈尔滨商业大学,,质量管理工程,,,513,
0240,哈尔滨商业大学,,会展经济与管理,,,504,
0240,哈尔滨商业大学,,环境工程,,,509,
0240,哈尔滨商业大学,,食品科学与工程,,,523,
0240,哈尔滨商业大学,,生物工程,,,509,
0240,哈尔滨商业大学,,制药工程,,,521,
0240,哈尔滨商业大学,,药学,,,521,
0240,哈尔滨商业大学,,中药学,,,513,
0240,哈尔滨商业大学,,机器人工程,,,530,
0240,哈尔滨商业大学,,工业工程,,,524,
0240,哈尔滨商业大学,,电子信息工程,,,527,
0240,哈尔滨商业大学,,电子商务,,,527,
0240,哈尔滨商业大学,,土木工程,,,515,
0240,哈尔滨商业大学,,建筑环境与能源应用工程,,,515,
0240,哈尔滨商业大学,,油气储运工程,,,507,
0240,哈尔滨商业大学,,工程管理,,,517,
0240,哈尔滨商业大学,,烹饪与营养教育,,,491,
0240,哈尔滨商业大学,,俄语,,,515,
0240,哈尔滨商业大学,,金融学类[金融学(金融学院)、金融工程(金融学院)、保险学(金融学院)、投资学(金融学院)],,,544,
0240,哈尔滨商业大学,,工商管理类[工商管理(商务学院)、市场营销(商务学院)、人力资源管理(商务学院)],,,534,
0240,哈尔滨商业大学,,工商管理类[会计学(会计学院)、财务管理(会计学院)、审计学(会计学院)],,,554,
0240,哈尔滨商业大学,,经济学类(经济学院)[经济学(经济学院)、经济统计学(经济学院)、数字经济(经济学院)],,,536,
0240,哈尔滨商业大学,,财政学类(财政与公共管理学院)[财政学(财政与公共管理学院)、税收学(财政与公共管理学院)],,,539,
0240,哈尔滨商业大学,,经济与贸易类(经济学院)[国际经济与贸易(经济学院)、贸易经济(经济学院)],,,537,
0240,哈尔滨商业大学,,公共管理类(财政与公共管理学院)[行政管理(财政与公共管理学院)、劳动与社会保障(财政与公共管理学院)],,,524,
0240,哈尔滨商业大学,,食品科学与工程类[食品科学与工程(英才学院)、食品质量与安全(英才学院)],,,514,
0240,哈尔滨商业大学,,计算机类(计算机学院)[计算机科学与技术(计算机学院)、软件工程(计算机学院)、数据科学与大数据技术(计算机学院)],,,532,
0240,哈尔滨商业大学,,机械类(轻工学院)[机械设计制造及其自动化(轻工学院)、智能制造工程(轻工学院)],,,510,
0240,哈尔滨商业大学,,轻工类(轻工学院)[包装工程(轻工学院)、印刷工程(轻工学院)],,,405,
0245,哈尔滨金融学院,,金融工程,,,534,
0245,哈尔滨金融学院,,会计学,,,541,
0245,哈尔滨金融学院,,审计学,,,532,
0245,哈尔滨金融学院,,计算机科学与技术,,,523,
0245,哈尔滨金融学院,,软件工程,,,522,
0245,哈尔滨金融学院,,财务管理,,,531,
0245,哈尔滨金融学院,,税收学,,,525,
0245,哈尔滨金融学院,,投资学,,,516,
0245,哈尔滨金融学院,,商务英语,,,519,
0246,复旦大学,,经济学类(拔尖学生培养基地)[经济学、经济学(数理经济方向拔尖项目)、经济学(国际项目UIPE)、国际经济与贸易(国际经济学)、金融学、财政学、保险学],,,690,
0246,复旦大学,,经济管理试验班(工商管理、财务管理、管理科学、信息管理与信息系统、会计学、市场营销、统计学),,,690,
0246,复旦大学,,数学类(拔尖学生培养基地)(数学与应用数学、信息与计算科学、数据科学与大数据技术),,,691,
0246,复旦大学,,技术科学试验班[微电子科学与工程、智能科学与技术(卓越班，智能系统方向)、电子信息科学与技术、通信工程、电气工程及其自动化、生物医学工程、光电信息科学与工程、信息安全、电子科学与技术、材料化学、材料物理、计算机科学与技术、航空航天类、保密技术、数据科学与大数据技术],,,685,
0246,复旦大学,,工科试验班(新工科本研贯通)[智能科学与技术(卓越班)、微电子科学与工程(卓越班)、人工智能],,,692,
0247,同济大学,,经济管理试验班(工程管理、信息管理与信息系统、物流管理、市场营销、会计学、行政管理、国际经济与贸易、金融学),,,669,
0247,同济大学,,工科试验班(建筑规划景观与设计类)(建筑学、历史建筑保护工程、城乡规划、风景园林、城市设计、工业设计),,,671,
0247,同济大学,,工科试验班(土木与环境类)(土木工程、地质工程、港口航道与海岸工程、智能建造、环境工程、给排水科学与工程、环境科学、建筑环境与能源应用工程),,,667,
0247,同济大学,,工科试验班(智能化制造类)(新能源材料与器件、材料科学与工程、机械设计制造及其自动化、工业工程、能源与动力工程、智能制造工程、飞行器制造工程),,,670,
0247,同济大学,,工科试验班(信息类)(测绘工程、计算机科学与技术、信息安全、数据科学与大数据技术、电子信息工程、电气工程及其自动化、自动化、通信工程、人工智能、微电子科学与工程、软件工程、光电信息科学与工程),,,671,
0247,同济大学,,医学试验班[临床医学(拔尖卓越培养)、临床医学(5+3一体化)、临床医学、口腔医学、生物技术、生物信息学],,,665,
0247,同济大学,,机械类(中外合作办学)[机械电子工程(中外合作办学)、建筑电气与智能化(中外合作办学)、汽车服务工程(中外合作办学)],,,662,
0247,同济大学,,技术科学试验班[交通工程、交通运输、车辆工程(汽车)、车辆工程],,,667,
0248,上海交通大学,,电子信息类(IEEE试点班，含双学士学位项目)(自动化、信息工程、计算机科学与技术、信息安全),,,693,
0248,上海交通大学,,人工智能(卓越人才试点班),,,692,
0248,上海交通大学,,经济管理试验班(含双学士学位项目)(金融学、经济学、工商管理、会计学、人力资源管理、信息管理与信息系统),,,684,
0248,上海交通大学,,工科试验班类[海洋工程类、机械类、电子信息类、材料科学与工程、生物医学工程、航空航天工程、电子信息类(中外合作办学)(交大密西根学院)、电子信息类(中外合作办学)(交大巴黎高科卓越工程师学院)],,,680,
0248,上海交通大学,,理科试验班类(含致远，李政道、吴文俊班，双学士学位项目)(数学与应用数学、统计学、物理学、应用物理学、天文学),,,682,
0251,华东理工大学,,工科试验班(人工智能、智能科学与技术、机器人工程),,,638,
0251,华东理工大学,,化工与制药类(国际卓越工程师班)(化学工程与工艺、应用化学、高分子材料与工程、环境工程),,,625,
0251,华东理工大学,,化工与制药类(智慧化工实验班)(化学工程与工艺、油气储运工程、资源循环科学与工程、精细化工),,,619,
0251,华东理工大学,,生物工程类(生物工程、生物科学、生物技术、食品科学与工程、食品质量与安全),,,618,
0251,华东理工大学,,化学类(化学、应用化学、轻化工程),,,620,
0251,华东理工大学,,材料类[无机非金属材料工程、高分子材料与工程、复合材料与工程、新能源材料与器件、材料化学(绿色化学与能源催化)],,,615,
0251,华东理工大学,,能源动力类(能源与环境实验班)(能源与动力工程、环境工程),,,623,
0251,华东理工大学,,机械类(机械智能化实验班)(机械设计制造及其自动化、过程装备与控制工程、智能制造工程),,,623,
0251,华东理工大学,,电子信息类(电气工程及其自动化、信息工程、自动化),,,630,
0251,华东理工大学,,计算机类(计算机科学与技术、软件工程),,,631,
0251,华东理工大学,,数学类(数学与应用数学、信息与计算科学),,,631,
0251,华东理工大学,,经济学类(经济学、金融学),,,631,
0251,华东理工大学,,工商管理类[工商管理、人力资源管理、会计学、财务管理、市场营销(大数据营销)],,,632,
0251,华东理工大学,,化学工程与工艺,,,615,
0251,华东理工大学,,高分子材料与工程,,,622,
0251,华东理工大学,,能源与动力工程,,,623,
0252,上海理工大学,,工科试验班(智能化制造类)(机械设计制造及其自动化、材料成型及控制工程、工业设计、过程装备与控制工程、车辆工程、材料科学与工程、能源与动力工程、新能源科学与工程、储能科学与工程、机器人工程、土木工程、建筑环境与能源应用工程、制药工程、环境工程、生物医学工程、康复工程、管理科学),,,594,
0252,上海理工大学,,工科试验班(电子与信息类)(测控技术与仪器、电气工程及其自动化、电子信息工程、通信工程、光电信息科学与工程、医学信息工程、人工智能、自动化、计算机科学与技术、智能科学与技术、数据科学与大数据技术、新媒体技术、信息管理与信息系统),,,602,
0252,上海理工大学,,经济管理试验班(税收学、金融学、国际经济与贸易、会计学、公共事业管理、工业工程),,,601,
0252,上海理工大学,,机械设计制造及其自动化(中外合作办学)(合作高校为德国富特旺根应用技术大学),,,586,
0252,上海理工大学,,英语(中外合作办学)(中美合作),,,569,
0252,上海理工大学,,电气工程及其自动化(中外合作办学)(中德合作),,,583,
0254,上海海事大学,,经济学类[经济学(海运与物流经济)、国际经济与贸易、金融学(海运金融)、会计学、会计学(国际会计)、会计学(管理会计)、会计学(ACCA)、工商管理、旅游管理、财务管理、电子商务、供应链管理],,,592,
0254,上海海事大学,,机械电子工程(中外合作办学),,,568,
0254,上海海事大学,,电气工程与智能控制(中外合作办学),,,568,
0254,上海海事大学,,交通管理(国航),,,592,
0254,上海海事大学,,交通运输,,,589,
0254,上海海事大学,,交通工程,,,589,
0255,东华大学,,材料类(高分子材料与工程、无机非金属材料工程、复合材料与工程),,,603,
0255,东华大学,,电子信息类(电气工程及其自动化、自动化、通信工程、电子信息工程),,,613,
0255,东华大学,,纺织工程,,,606,
0255,东华大学,,服装设计与工程,,,604,
0255,东华大学,,工业设计,,,614,
0255,东华大学,,功能材料,,,605,
0255,东华大学,,供应链管理,,,605,
0255,东华大学,,化学类(轻化工程、生物工程、应用化学),,,609,
0255,东华大学,,环境工程,,,611,
0255,东华大学,,机械工程,,,608,
0255,东华大学,,计算机类(软件工程、计算机科学与技术、信息安全),,,616,
0255,东华大学,,建筑环境与能源应用工程,,,605,
0255,东华大学,,经济管理试验班(市场营销、财务管理、会计学、旅游管理、工商管理),,,622,
0255,东华大学,,理科试验班类(信息管理与信息系统、电子商务、软件工程、计算机科学与技术、信息安全、电气工程及其自动化、自动化、通信工程、电子信息工程、建筑环境与能源应用工程、能源与环境系统工程、机械工程、工业设计、数学与应用数学、统计学、应用物理学、光电信息科学与工程、人工智能、供应),,,620,
0255,东华大学,,能源与环境系统工程,,,610,
0255,东华大学,,轻化工程(中外合作办学),,,582,
0255,东华大学,,人工智能,,,615,
0255,东华大学,,数据科学与大数据技术,,,615,
0255,东华大学,,数学类(金融与统计)(数学与应用数学、统计学),,,617,
0255,东华大学,,物理学类(光电与能源新技术)(应用物理学、光电信息科学与工程),,,611,
0255,东华大学,,智能科学与技术,,,614,
0256,上海电力大学,,能源与动力工程,,,606,
0256,上海电力大学,,核工程与核技术,,,602,
0256,上海电力大学,,电气工程及其自动化,,,620,
0256,上海电力大学,,电气工程及其自动化(中外合作办学),,,608,
0256,上海电力大学,,自动化,,,604,
0256,上海电力大学,,电子科学与技术,,,601,
0256,上海电力大学,,信息与计算科学,,,600,
0259,上海应用技术大学,,机械设计制造及其自动化(中外合作办学)(中美合作),,,532,
0259,上海应用技术大学,,电气工程及其自动化(卓越工程师计划试点班),,,552,
0259,上海应用技术大学,,电气工程及其自动化(中外合作办学)(中美合作),,,538,
0259,上海应用技术大学,,软件工程(卓越工程师计划试点班),,,555,
0259,上海应用技术大学,,人工智能,,,551,
0259,上海应用技术大学,,工商管理类(会计学、国际经济与贸易、市场营销),,,539,
0259,上海应用技术大学,,大数据管理与应用,,,549,
0262,上海健康医学院,,护理学,,,494,
0262,上海健康医学院,,康复物理治疗,,,492,
0262,上海健康医学院,,生物医学工程,,,483,
0262,上海健康医学院,,临床工程技术,,,495,
0262,上海健康医学院,,数据科学与大数据技术,,,496,
0262,上海健康医学院,,医疗产品管理,,,488,
0262,上海健康医学院,,医学检验技术,,,501,
0262,上海健康医学院,,药学,,,490,
0264,上海海洋大学,,计算机类(计算机科学与技术、软件工程、空间信息与数字技术、数据科学与大数据技术),,,584,
0269,华东师范大学,,金融学类(金融学、经济学),,,655,
0269,华东师范大学,,金融学,,,655,
0269,华东师范大学,,工商管理类(工商管理、会计学、旅游管理),,,659,
0269,华东师范大学,,新闻传播学类(新闻学、编辑出版学),,,650,
0269,华东师范大学,,新闻学,,,651,
0269,华东师范大学,,教育学类(学前教育、艺术教育、特殊教育、教育康复学、公共事业管理)(师范类),,,652,
0269,华东师范大学,,心理学类(心理学、应用心理学),,,655,
0269,华东师范大学,,数学与应用数学,,,665,
0269,华东师范大学,,统计学类(统计学、金融工程、保险学),,,655,
0269,华东师范大学,,统计学,,,657,
0269,华东师范大学,,物理学类(物理学、材料科学与工程),,,655,
0269,华东师范大学,,电子信息科学与技术,,,651,
0269,华东师范大学,,通信工程,,,650,
0269,华东师范大学,,计算机科学与技术,,,652,
0269,华东师范大学,,软件工程,,,655,
0269,华东师范大学,,数据科学与大数据技术,,,662,
0269,华东师范大学,,信息管理与信息系统,,,651,
0269,华东师范大学,,教育技术学(师范类),,,658,
0269,华东师范大学,,化学,,,654,
0269,华东师范大学,,生物科学类(生物科学、生物技术),,,656,
0269,华东师范大学,,地理科学,,,653,
0269,华东师范大学,,地理信息科学,,,650,
0269,华东师范大学,,人文地理与城乡规划,,,648,
0270,上海师范大学,,教育技术学(师范),,,568,
0270,上海师范大学,,数学与应用数学(师范),,,601,
0270,上海师范大学,,数学类(信息与计算科学、统计学),,,579,
0270,上海师范大学,,园艺(中外合作办学)(中荷合作),,,530,
0270,上海师范大学,,旅游管理类(旅游管理、酒店管理、会展经济与管理),,,555,
0270,上海师范大学,,电子信息类(人工智能、电子信息工程、通信工程、计算机科学与技术、电气工程及其自动化、机械设计制造及其自动化),,,570,
0270,上海师范大学,,汽车服务工程(中外合作办学),,,533,
0270,上海师范大学,,电子信息工程(中外合作办学),,,548,
0270,上海师范大学,,工程管理,,,550,
0270,上海师范大学,,金融学类(金融学、金融工程、信用管理、投资学),,,569,
0270,上海师范大学,,计算机科学与技术(中外合作办学),,,549,
0271,上海外国语大学,,法语,,,656,
0271,上海外国语大学,,国际经济与贸易,,,643,
0271,上海外国语大学,,国际经济与贸易(日语),,,642,
0271,上海外国语大学,,汉语国际教育,,,638,
0271,上海外国语大学,,管理科学与工程类(卓越管理人才计划)(信息管理与信息系统、大数据管理与应用),,,637,
0272,上海财经大学,,会计学,,,676,
0272,上海财经大学,,金融学,,,682,
0272,上海财经大学,,金融学(中外合作办学)(银行与国际金融),,,671,
0272,上海财经大学,,工商管理类[人力资源管理、市场营销、工商管理(商务分析)、工商管理(战略与创新创业)],,,661,
0272,上海财经大学,,经济学(中外合作办学)(数量经济),,,664,
0272,上海财经大学,,经济学,,,670,
0272,上海财经大学,,数据科学与大数据技术,,,665,
0272,上海财经大学,,统计学类[统计学(实验班)、经济统计学(金融统计与风险管理)、数据科学与大数据技术(理学)],,,671,
0272,上海财经大学,,数学类(信息与计算科学、数学与应用数学),,,662,
0273,上海对外经贸大学,,金融学,,,631,
0273,上海对外经贸大学,,电子商务,,,625,
0273,上海对外经贸大学,,经济学(国际投资方向),,,627,
0273,上海对外经贸大学,,物流管理(中外合作办学)(中澳合作),,,610,
0273,上海对外经贸大学,,金融学(中外合作办学)(中加合作),,,621,
0273,上海对外经贸大学,,财务管理(中外合作办学)(中加合作),,,604,
0276,华东政法大学,,法学类[法学(民商法律)、法学(刑事法律)、法学(经济法)、法学(国际经济法)、法学(国际金融法)、法学(刑事司法)、法学(网络与信息法)、法学(英国利兹大学双学位项目班)],,,646,
0276,华东政法大学,,经济学类[经济学、金融学、金融学(数量金融)、国际经济与贸易、金融学(金融大数据应用方向)],,,636,
0279,上海戏剧学院,,影视摄影与制作,,,587,
0280,上海大学,,电子信息工程(卓越工程师班),,,642,
0284,南京大学,,经济管理试验班[经济学、金融学、金融工程、保险学、经济学(产业经济学方向)、工商管理、市场营销、会计学、财务管理、电子商务、工商管理(人力资源方向)、国际经济与贸易],,,678,
0284,南京大学,,理科试验班(数理科学类)(数学与应用数学、信息与计算科学、统计学、物理学、应用物理学、声学、天文学、空间科学与技术、大气科学、应用气象学),,,678,
0284,南京大学,,电子信息类(电子信息科学与技术、通信工程、微电子科学与工程、集成电路设计与集成系统),,,679,
0284,南京大学,,金融工程(计算机金融实验班),,,679,
0284,南京大学,,计算机科学与技术,,,679,
0284,南京大学,,人工智能,,,681,
0284,南京大学,,软件工程,,,678,
0284,南京大学,,理科试验班类(匡亚明学院大理科班)(物理学类、计算机类、数学类、天文学类、生物科学类、化学类),,,680,
0285,苏州大学,,新闻传播学类(新闻学、广告学、网络与新媒体),,,630,
0285,苏州大学,,图书情报与档案管理类(档案学、信息资源管理),,,610,
0285,苏州大学,,哲学,,,609,
0285,苏州大学,,管理科学,,,620,
0285,苏州大学,,应用心理学,,,625,
0285,苏州大学,,经济学类(金融学、财政学、经济学、国际经济与贸易),,,624,
0285,苏州大学,,法学,,,632,
0285,苏州大学,,英语(师范),,,642,
0285,苏州大学,,建筑学,,,620,
0285,苏州大学,,历史建筑保护工程,,,610,
0285,苏州大学,,数学类[数学与应用数学(基地)、数学与应用数学(师范)、信息与计算科学],,,640,
0285,苏州大学,,物理学,,,635,
0285,苏州大学,,能源与动力工程,,,620,
0285,苏州大学,,化学类[化学(师范)、化学、应用化学],,,620,
0285,苏州大学,,材料类(材料科学与工程、高分子材料与工程、功能材料),,,616,
0285,苏州大学,,纳米材料与技术,,,614,
0285,苏州大学,,计算机科学与技术,,,629,
0285,苏州大学,,电子信息类(电子信息工程、电子科学与技术、通信工程),,,626,
0285,苏州大学,,机械工程,,,615,
0285,苏州大学,,智能制造工程,,,619,
0285,苏州大学,,冶金工程,,,602,
0285,苏州大学,,金属材料工程,,,611,
0285,苏州大学,,纺织类(纺织工程、服装设计与工程、非织造材料与工程),,,606,
0285,苏州大学,,电气工程与智能控制,,,624,
0285,苏州大学,,轨道交通信号与控制,,,611,
0285,苏州大学,,交通运输,,,614,
0285,苏州大学,,生物信息学,,,615,
0285,苏州大学,,生物制药,,,623,
0285,苏州大学,,临床医学,,,651,
0285,苏州大学,,临床医学,,,629,
0285,苏州大学,,放射医学,,,611,
0285,苏州大学,,护理学,,,589,
0285,苏州大学,,生物技术,,,614,
0285,苏州大学,,人工智能,,,630,
0285,苏州大学,,集成电路设计与集成系统,,,624,
0285,苏州大学,,机械电子工程,,,621,
0286,东南大学,,建筑类(建筑学、城乡规划、风景园林),,,661,
0286,东南大学,,工科试验班(先进机械能源材料类)(机械工程、能源与动力工程、建筑环境与能源应用工程、核工程与核技术、新能源科学与工程、环境工程、材料科学与工程),,,654,
0286,东南大学,,工科试验班(智慧基础设施与智能交通类)(土木工程、给排水科学与工程、工程管理、智能建造、交通工程、交通运输、港口航道与海岸工程、城市地下空间工程、道路桥梁与渡河工程、测绘工程),,,654,
0286,东南大学,,工科试验班(自动化电气测控类)(自动化、机器人工程、电气工程及其自动化、智能感知工程、测控技术与仪器),,,659,
0286,东南大学,,电子信息类(信息工程、电子科学与技术),,,663,
0286,东南大学,,计算机类(计算机科学与技术、软件工程、网络空间安全、人工智能),,,663,
0286,东南大学,,理科试验班(数学与应用数学、信息与计算科学、统计学、应用物理学、物理学、工程力学),,,658,
0286,东南大学,,工科试验班(吴健雄班)[信息工程(等四年制理工科各专业)],,,670,
0286,东南大学,,生物医学工程(学制七年本硕连读),,,660,
0287,南京航空航天大学,,能源与动力工程,,,632,
0287,南京航空航天大学,,自动化,,,642,
0287,南京航空航天大学,,电气工程及其自动化,,,638,
0287,南京航空航天大学,,测控技术与仪器,,,626,
0287,南京航空航天大学,,生物医学工程,,,623,
0287,南京航空航天大学,,探测制导与控制技术,,,632,
0287,南京航空航天大学,,新能源材料与器件,,,629,
0287,南京航空航天大学,,交通运输(空中交通管制与签派),,,633,
0287,南京航空航天大学,,交通运输(民航电子电气工程),,,629,
0287,南京航空航天大学,,飞行器适航技术,,,629,
0287,南京航空航天大学,,土木工程,,,621,
0287,南京航空航天大学,,航空航天工程,,,639,
0287,南京航空航天大学,,计算机科学与技术,,,643,
0287,南京航空航天大学,,软件工程,,,638,
0287,南京航空航天大学,,物联网工程,,,638,
0287,南京航空航天大学,,人工智能,,,641,
0287,南京航空航天大学,,信息与计算科学,,,629,
0287,南京航空航天大学,,应用统计学,,,628,
0287,南京航空航天大学,,交通运输(民航机务工程),,,627,
0287,南京航空航天大学,,交通运输(中外合作办学)(机场运行与管理),,,593,
0287,南京航空航天大学,,电子信息类[电子信息科学与技术(航空航天)、电子信息科学与技术(微波毫米波系统与器件技术)、信息工程(航空航天)],,,638,
0287,南京航空航天大学,,微电子科学与工程(集成电路设计),,,639,
0287,南京航空航天大学,,机械工程,,,629,
0287,南京航空航天大学,,机器人工程,,,636,
0287,南京航空航天大学,,工业设计,,,628,
0287,南京航空航天大学,,材料科学与工程,,,626,
0287,南京航空航天大学,,应用化学,,,618,
0287,南京航空航天大学,,核工程类(核工程与核技术、辐射防护与核安全),,,625,
0287,南京航空航天大学,,管理科学与工程类(信息管理与信息系统、工业工程),,,631,
0287,南京航空航天大学,,航空航天类(飞行器设计与工程、飞行器环境与生命保障工程、飞行器动力工程、飞行器制造工程),,,632,
0287,南京航空航天大学,,少数民族预科班,,,610,
0288,南京理工大学,,经济学类(金融学、国际经济与贸易),,,621,
0288,南京理工大学,,数学类(数学与应用数学、信息与计算科学),,,624,
0288,南京理工大学,,机械类(机械工程、车辆工程、工业工程),,,620,
0288,南京理工大学,,智能制造工程,,,620,
0288,南京理工大学,,能源动力类(建筑环境与能源应用工程、能源与动力工程),,,617,
0288,南京理工大学,,新能源科学与工程,,,615,
0288,南京理工大学,,自动化类(自动化、轨道交通信号与控制、电气工程及其自动化、智能电网信息工程),,,624,
0288,南京理工大学,,计算机类(计算机科学与技术、软件工程、智能科学与技术),,,633,
0288,南京理工大学,,数据科学与大数据技术,,,625,
0288,南京理工大学,,网络空间安全,,,627,
0288,南京理工大学,,化工与制药类(化学工程与工艺、制药工程、材料化学、高分子材料与工程、应用化学),,,614,
0288,南京理工大学,,兵器类(武器系统与工程、弹药工程与爆炸技术),,,619,
0288,南京理工大学,,武器发射工程,,,617,
0288,南京理工大学,,特种能源技术与工程,,,612,
0288,南京理工大学,,环境科学与工程类(环境工程、生物工程、辐射防护与核安全),,,609,
0288,南京理工大学,,信息管理与信息系统,,,618,
0288,南京理工大学,,工商管理类(会计学、工商管理、人力资源管理),,,619,
0288,南京理工大学,,材料类(材料科学与工程、材料物理、纳米材料与技术),,,611,
0288,南京理工大学,,电子信息类(电子科学与技术、电子信息工程、通信工程、微电子科学与工程),,,627,
0289,江苏科技大学,,管理科学与工程类(信息管理与信息系统、大数据管理与应用、工程管理),,,562,
0289,江苏科技大学,,计算机类(计算机科学与技术、物联网工程、信息安全),,,581,
0289,江苏科技大学,,电子信息类(电子信息工程、水声工程、电子信息科学与技术、通信工程),,,574,
0289,江苏科技大学,,机械类(机械设计制造及其自动化、机械电子工程、智能制造工程、材料成型及控制工程),,,563,
0289,江苏科技大学,,海洋工程类(船舶与海洋工程、海洋工程与技术),,,564,
0289,江苏科技大学,,食品科学与工程类(粮食工程、食品质量与安全),,,555,
0289,江苏科技大学,,材料类(焊接技术与工程、金属材料工程、功能材料、高分子材料与工程),,,549,
0289,江苏科技大学,,计算机科学与技术(嵌入式培养),,,577,
0289,江苏科技大学,,轮机工程,,,557,
0289,江苏科技大学,,生物技术,,,567,
0289,江苏科技大学,,生物工程,,,554,
0289,江苏科技大学,,自动化,,,576,
0289,江苏科技大学,,工业工程,,,553,
0289,江苏科技大学,,人工智能,,,578,
0289,江苏科技大学,,港口航道与海岸工程,,,557,
0289,江苏科技大学,,信息与计算科学,,,568,
0289,江苏科技大学,,测控技术与仪器,,,557,
0289,江苏科技大学,,给排水科学与工程,,,559,
0289,江苏科技大学,,土木工程,,,560,
0289,江苏科技大学,,建筑环境与能源应用工程,,,556,
0289,江苏科技大学,,软件工程(嵌入式培养),,,575,
0289,江苏科技大学,,工业设计,,,567,
0289,江苏科技大学,,船舶与海洋工程(中外合作办学),,,529,
0289,江苏科技大学,,电子封装技术,,,556,
0289,江苏科技大学,,能源动力类(能源与动力工程、新能源科学与工程),,,570,
0290,中国矿业大学,,人工智能,,,603,
0290,中国矿业大学,,大数据管理与应用,,,600,
0290,中国矿业大学,,机器人工程,,,602,
0290,中国矿业大学,,遥感科学与技术,,,594,
0290,中国矿业大学,,新能源材料与器件,,,588,
0290,中国矿业大学,,电子信息类(电子信息工程、自动化),,,602,
0290,中国矿业大学,,机械类(机械工程、过程装备与控制工程、工业设计、智能制造工程),,,595,
0290,中国矿业大学,,环境科学与工程类(环境工程、环境科学),,,581,
0290,中国矿业大学,,矿业类(新能源科学与工程、采矿工程、矿物加工工程、工业工程),,,583,
0290,中国矿业大学,,能源动力类(储能科学与工程、能源与动力工程),,,590,
0290,中国矿业大学,,电气类(电气工程及其自动化),,,606,
0290,中国矿业大学,,计算机类(计算机科学与技术、电子信息科学与技术、信息安全、数据科学与大数据技术),,,605,
0290,中国矿业大学,,安全科学与工程类(安全工程、消防工程、职业卫生工程),,,592,
0290,中国矿业大学,,土木类(土木工程、工程管理、建筑环境与能源应用工程),,,585,
0290,中国矿业大学,,建筑类(建筑学),,,591,
0290,中国矿业大学,,数学类(数学与应用数学、统计学),,,596,
0290,中国矿业大学,,工商管理类(会计学、人力资源管理、市场营销、电子商务),,,589,
0290,中国矿业大学,,力学类(工程力学),,,589,
0291,南京工业大学,,机械类(机械工程、过程装备与控制工程、车辆工程),,,586,
0291,南京工业大学,,智能制造工程,,,590,
0291,南京工业大学,,建筑学,,,590,
0291,南京工业大学,,管理科学与工程类(信息管理与信息系统、工程管理、房地产开发与管理),,,585,
0291,南京工业大学,,制药工程,,,570,
0291,南京工业大学,,数学与应用数学,,,585,
0291,南京工业大学,,应用物理学,,,581,
0291,南京工业大学,,工程力学,,,581,
0291,南京工业大学,,光电信息科学与工程,,,593,
0291,南京工业大学,,土木类(土木工程、城市地下空间工程、铁道工程),,,582,
0291,南京工业大学,,遥感科学与技术,,,587,
0291,南京工业大学,,材料类(材料科学与工程、冶金工程、金属材料工程、无机非金属材料工程、高分子材料与工程、复合材料与工程),,,581,
0291,南京工业大学,,化学类(化学、应用化学),,,572,
0291,南京工业大学,,化学工程与工艺,,,586,
0291,南京工业大学,,资源循环科学与工程,,,565,
0291,南京工业大学,,药学类(药学、药物制剂),,,574,
0291,南京工业大学,,交通工程,,,578,
0292,常州大学,,应用化学,,,548,
0292,常州大学,,能源化学工程,,,547,
0292,常州大学,,资源循环科学与工程,,,547,
0292,常州大学,,药学,,,547,
0292,常州大学,,计算机科学与技术(嵌入式培养),,,562,
0292,常州大学,,数学与应用数学,,,551,
0293,南京邮电大学,,电气工程及其自动化,,,615,
0293,南京邮电大学,,智能电网信息工程,,,614,
0293,南京邮电大学,,电子信息工程,,,619,
0293,南京邮电大学,,电子科学与技术,,,618,
0293,南京邮电大学,,通信工程,,,618,
0293,南京邮电大学,,光电信息科学与工程,,,614,
0293,南京邮电大学,,集成电路设计与集成系统,,,613,
0293,南京邮电大学,,自动化,,,613,
0293,南京邮电大学,,计算机科学与技术,,,620,
0293,南京邮电大学,,软件工程(嵌入式培养),,,617,
0293,南京邮电大学,,网络工程,,,614,
0293,南京邮电大学,,信息安全,,,617,
0294,河海大学,,水文与水资源工程,,,611,
0294,河海大学,,水务工程,,,611,
0294,河海大学,,水利水电工程,,,616,
0294,河海大学,,港口航道与海岸工程,,,605,
0294,河海大学,,海洋资源开发技术,,,602,
0294,河海大学,,土木工程,,,608,
0294,河海大学,,交通工程,,,606,
0294,河海大学,,环境工程,,,601,
0294,河海大学,,给排水科学与工程,,,606,
0294,河海大学,,电气工程及其自动化,,,627,
0294,河海大学,,自动化,,,614,
0294,河海大学,,新能源科学与工程,,,612,
0294,河海大学,,计算机科学与技术,,,627,
0294,河海大学,,通信工程,,,619,
0294,河海大学,,智能科学与技术,,,613,
0294,河海大学,,人工智能,,,614,
0294,河海大学,,工程力学,,,610,
0294,河海大学,,材料科学与工程,,,609,
0294,河海大学,,地质工程,,,598,
0294,河海大学,,农业水利工程,,,608,
0294,河海大学,,海洋科学,,,602,
0294,河海大学,,海洋技术,,,594,
0294,河海大学,,数学类(数学与应用数学、信息与计算科学),,,612,
0294,河海大学,,应用物理学,,,608,
0294,河海大学,,工程管理,,,604,
0294,河海大学,,水利类(大禹强化班)(水文与水资源工程、水利水电工程、港口航道与海岸工程、土木工程),,,634,
0294,河海大学,,工程力学(大禹徐芝纶班),,,615,
0294,河海大学,,机械工程(常州校区),,,604,
0294,河海大学,,能源与动力工程(常州校区),,,605,
0294,河海大学,,金属材料工程(常州校区),,,594,
0294,河海大学,,机器人工程(常州校区),,,608,
0294,河海大学,,通信工程(常州校区),,,614,
0294,河海大学,,物联网工程(常州校区),,,610,
0294,河海大学,,大数据管理与应用(常州校区),,,609,
0295,江南大学,,食品科学与工程,,,608,
0295,江南大学,,生物工程,,,595,
0295,江南大学,,生物技术,,,589,
0295,江南大学,,酿酒工程,,,586,
0295,江南大学,,纺织工程,,,589,
0295,江南大学,,轻化工程,,,591,
0295,江南大学,,高分子材料与工程,,,592,
0295,江南大学,,应用化学,,,596,
0295,江南大学,,制药工程,,,594,
0295,江南大学,,临床医学,,,596,
0295,江南大学,,物联网工程,,,608,
0295,江南大学,,自动化,,,604,
0295,江南大学,,微电子科学与工程,,,605,
0295,江南大学,,信息与计算科学,,,602,
0295,江南大学,,机械工程,,,598,
0295,江南大学,,过程装备与控制工程,,,593,
0295,江南大学,,机器人工程,,,603,
0295,江南大学,,工业设计,,,611,
0295,江南大学,,人工智能,,,603,
0295,江南大学,,数字媒体技术,,,609,
0295,江南大学,,教育技术学(师范),,,584,
0295,江南大学,,大数据管理与应用,,,602,
0295,江南大学,,工商管理,,,592,
0298,南京林业大学,,机械类(机械设计制造及其自动化、机械电子工程、智能制造工程),,,576,
0298,南京林业大学,,金融工程,,,576,
0298,南京林业大学,,国际经济与贸易,,,574,
0298,南京林业大学,,土木类(土木工程、给排水科学与工程),,,575,
0298,南京林业大学,,工程管理,,,571,
0298,南京林业大学,,物联网工程,,,588,
0298,南京林业大学,,环境工程,,,570,
0298,南京林业大学,,水土保持与荒漠化防治,,,564,
0298,南京林业大学,,化学工程与工艺,,,569,
0298,南京林业大学,,木材科学与工程,,,568,
0298,南京林业大学,,生态学,,,571,
0298,南京林业大学,,城乡规划,,,577,
0299,江苏大学,,材料成型及控制工程,,,566,
0299,江苏大学,,材料类(材料科学与工程、冶金工程、高分子材料与工程),,,566,
0299,江苏大学,,测控技术与仪器,,,581,
0299,江苏大学,,车辆工程,,,583,
0299,江苏大学,,电子商务,,,575,
0299,江苏大学,,复合材料与工程,,,562,
0299,江苏大学,,工商管理,,,577,
0299,江苏大学,,光电信息科学与工程,,,584,
0299,江苏大学,,化学类(化学、应用化学),,,564,
0299,江苏大学,,化学工程与工艺,,,568,
0299,江苏大学,,环境工程,,,562,
0299,江苏大学,,机械电子工程,,,588,
0299,江苏大学,,机械设计制造及其自动化,,,590,
0299,江苏大学,,计算机科学与技术,,,596,
0299,江苏大学,,建筑环境与能源应用工程,,,571,
0299,江苏大学,,临床医学,,,576,
0299,江苏大学,,能源与动力工程,,,576,
0299,江苏大学,,农业电气化,,,577,
0299,江苏大学,,农业机械化及其自动化,,,577,
0299,江苏大学,,食品科学与工程类(食品科学与工程、食品质量与安全),,,566,
0299,江苏大学,,土木工程,,,579,
0299,江苏大学,,信息管理与信息系统,,,582,
0299,江苏大学,,药学类(药学、药物制剂),,,572,
0299,江苏大学,,医学检验技术,,,569,
0300,南京信息工程大学,,大气科学类(大气科学),,,598,
0300,南京信息工程大学,,应用气象学,,,597,
0300,南京信息工程大学,,气象技术与工程,,,597,
0300,南京信息工程大学,,地理科学类(地理信息科学、自然地理与资源环境、人文地理与城乡规划),,,586,
0300,南京信息工程大学,,测绘工程,,,584,
0300,南京信息工程大学,,海洋科学类(海洋科学、海洋技术、海洋资源与环境),,,581,
0300,南京信息工程大学,,环境科学与工程类(环境科学、环境工程),,,580,
0300,南京信息工程大学,,自动化,,,595,
0300,南京信息工程大学,,信息工程,,,590,
0300,南京信息工程大学,,计算机类(计算机科学与技术、软件工程、网络工程、物联网工程、信息安全),,,606,
0300,南京信息工程大学,,应用物理学,,,582,
0300,南京信息工程大学,,材料物理,,,579,
0300,南京信息工程大学,,信息管理与信息系统,,,595,
0300,南京信息工程大学,,工商管理类(会计学、财务管理、人力资源管理),,,585,
0300,南京信息工程大学,,数学与应用数学(中外合作办学),,,568,
0300,南京信息工程大学,,应用化学(中外合作办学),,,550,
0300,南京信息工程大学,,地理信息科学(中外合作办学),,,568,
0300,南京信息工程大学,,大气科学(中外合作办学),,,580,
0300,南京信息工程大学,,大气科学,,,578,
0304,南通大学,,物理学(师范),,,565,
0304,南通大学,,应用统计学,,,558,
0304,南通大学,,化学(师范),,,549,
0304,南通大学,,机械设计制造及其自动化,,,552,
0304,南通大学,,护理学,,,538,
0304,南通大学,,交通设备与控制工程,,,547,
0305,盐城工学院,,高分子材料与工程,,,459,
0305,盐城工学院,,材料物理,,,450,
0307,南京农业大学,,农学,,,592,
0307,南京农业大学,,种子科学与工程,,,586,
0307,南京农业大学,,植物保护,,,589,
0307,南京农业大学,,环境科学与工程类(环境工程、环境科学、农业资源与环境、生态学),,,583,
0307,南京农业大学,,风景园林,,,597,
0307,南京农业大学,,园艺,,,582,
0307,南京农业大学,,茶学,,,578,
0307,南京农业大学,,农林经济管理,,,587,
0307,南京农业大学,,工商管理类(工商管理、市场营销、电子商务),,,587,
0307,南京农业大学,,动物医学类(动物医学、动物药学),,,591,
0307,南京农业大学,,食品科学与工程类(食品科学与工程、食品质量与安全、生物工程),,,589,
0307,南京农业大学,,社会学类(法学、社会学、旅游管理、农村区域发展),,,585,
0307,南京农业大学,,信息与计算科学,,,594,
0307,南京农业大学,,统计学,,,592,
0307,南京农业大学,,生物科学类(生物科学、生物技术),,,598,
0307,南京农业大学,,生物科学(生物学基地班),,,603,
0307,南京农业大学,,金融学,,,603,
0307,南京农业大学,,会计学,,,599,
0307,南京农业大学,,机械类(机械设计制造及其自动化、农业机械化及其自动化、工业设计、车辆工程、材料成型及控制工程),,,586,
0307,南京农业大学,,电子信息类(电子信息科学与技术、自动化、农业电气化),,,593,
0307,南京农业大学,,人工智能,,,599,
0307,南京农业大学,,计算机科学与技术,,,606,
0307,南京农业大学,,信息管理与信息系统,,,591,
0315,南京中医药大学,,中医学(中医拔尖创新人才培养模式改革),,,622,
0316,中国药科大学,,药学(基础药学理科基地),,,646,
0316,中国药科大学,,药学类(药学、药物制剂、药物分析、药物化学),,,621,
0316,中国药科大学,,中药学类(中药学、中药资源与开发、中药制药),,,608,
0316,中国药科大学,,药学(国家生命科学与技术人才培养基地),,,639,
0316,中国药科大学,,生物技术,,,610,
0316,中国药科大学,,海洋药学,,,609,
0316,中国药科大学,,生物制药,,,619,
0316,中国药科大学,,化工与制药类(制药工程、食品质量与安全、环境科学),,,605,
0316,中国药科大学,,临床药学,,,621,
0319,南京师范大学,,化学类[化学(师范、非师范)、应用化学],,,622,
0319,南京师范大学,,生物科学类[生物科学(师范、国家理科基地班)、生物技术],,,623,
0319,南京师范大学,,能源动力类(能源与动力工程、能源与环境系统工程),,,596,
0319,南京师范大学,,电气工程及其自动化,,,609,
0319,南京师范大学,,计算机科学与技术,,,612,
0319,南京师范大学,,环境科学与工程类(环境工程、环境科学),,,592,
0319,南京师范大学,,海洋资源与环境,,,587,
0319,南京师范大学,,食品科学与工程,,,591,
0320,江苏师范大学,,遥感科学与技术,,,540,
0320,江苏师范大学,,财务管理,,,560,
0320,江苏师范大学,,生物科学(师范类),,,572,
0320,江苏师范大学,,生物制药,,,529,
0320,江苏师范大学,,数据科学与大数据技术,,,556,
0320,江苏师范大学,,俄语,,,554,
0320,江苏师范大学,,电子信息工程(中外合作办学),,,491,
0320,江苏师范大学,,电子科学与技术(中外合作办学),,,490,
0320,江苏师范大学,,工业设计(中外合作办学),,,481,
0320,江苏师范大学,,机械设计制造及其自动化(中外合作办学),,,473,
0324,盐城师范学院,,应用化学,,,438,
0327,南京财经大学,,经济学类(经济、经统)(经济学、经济统计学),,,605,
0327,南京财经大学,,金融学类(金融、金工、保险、投资)(金融学、金融工程、保险学、投资学),,,607,
0327,南京财经大学,,金融数学,,,600,
0327,南京财经大学,,国际经济与贸易,,,596,
0327,南京财经大学,,大数据管理与应用,,,599,
0327,南京财经大学,,工商管理类(会计、财管、审计、资评)(会计学、财务管理、审计学、资产评估),,,603,
0327,南京财经大学,,人力资源管理,,,589,
0327,南京财经大学,,物流管理,,,575,
0327,南京财经大学,,工业工程,,,592,
0332,苏州科技大学,,城乡规划,,,565,
0332,苏州科技大学,,环境科学与工程类(环境工程、环境科学),,,555,
0332,苏州科技大学,,测绘工程,,,553,
0332,苏州科技大学,,机械设计制造及其自动化,,,563,
0332,苏州科技大学,,应用物理学,,,559,
0332,苏州科技大学,,生物工程,,,549,
0332,苏州科技大学,,材料化学,,,549,
0335,浙江大学,,工科试验班(车辆工程、能源与环境系统工程、机械工程、建筑学、城乡规划、土木、水利与交通工程、电气工程及其自动化、电子信息工程、工程力学、飞行器设计与工程、过程装备与控制工程),,,680,
0335,浙江大学,,工科试验班(信息)(计算机科学与技术、信息安全、软件工程、光电信息科学与工程、电子科学与技术、微电子科学与工程、信息工程、自动化、生物医学工程、工业设计),,,685,
0335,浙江大学,,工科试验班(竺可桢学院图灵班)(计算机科学与技术、信息安全、人工智能),,,692,
0335,浙江大学,,工科试验班(中外合作办学，ZJUUIUC联合学院)(机械工程、电子与计算机工程、电气工程及其自动化、土木工程),,,652,
0336,杭州电子科技大学,,汉语国际教育,,,598,
0336,杭州电子科技大学,,经济学类(国际经济与贸易、金融学、经济学),,,603,
0336,杭州电子科技大学,,数学类(数学与应用数学、信息与计算科学),,,604,
0336,杭州电子科技大学,,光电信息科学与工程,,,605,
0336,杭州电子科技大学,,机械类(机械设计制造及其自动化、车辆工程),,,597,
0336,杭州电子科技大学,,智能制造工程,,,607,
0336,杭州电子科技大学,,电子信息类(电子信息学院)(电子信息工程、电子科学与技术、集成电路设计与集成系统),,,610,
0336,杭州电子科技大学,,电子信息类(通信学院)(通信工程、信息对抗技术),,,608,
0336,杭州电子科技大学,,医学信息工程,,,597,
0336,杭州电子科技大学,,自动化,,,606,
0336,杭州电子科技大学,,电气工程及其自动化,,,605,
0336,杭州电子科技大学,,测控技术与仪器,,,602,
0336,杭州电子科技大学,,计算机类(计算机科学与技术、软件工程),,,612,
0336,杭州电子科技大学,,工业设计,,,600,
0336,杭州电子科技大学,,网络工程,,,609,
0336,杭州电子科技大学,,信息安全,,,616,
0336,杭州电子科技大学,,材料科学与工程,,,596,
0336,杭州电子科技大学,,管理科学与工程类(信息管理与信息系统、保密管理),,,601,
0336,杭州电子科技大学,,自动化(中外合作办学),,,594,
0336,杭州电子科技大学,,计算机科学与技术(中外合作办学),,,600,
0337,浙江工业大学,,机械类(机械工程、过程装备与控制工程、车辆工程、能源与环境系统工程、工业工程、物流工程),,,587,
0337,浙江工业大学,,电子信息类(电子信息工程、智能科学与技术、通信工程),,,599,
0337,浙江工业大学,,计算机类(计算机科学与技术、软件工程、网络工程、数字媒体技术、数据科学与大数据技术),,,603,
0337,浙江工业大学,,土木工程(中外合作办学),,,532,
0337,浙江工业大学,,管理科学与工程类(信息管理与信息系统、工程管理),,,591,
0337,浙江工业大学,,药学类(制药工程、生物制药、药学、中药学、药物制剂),,,570,
0337,浙江工业大学,,化工与制药类(化学工程类)[化学工程与工艺、能源化学工程、应用化学、海洋技术(海洋资源工程与环境保护)],,,569,
0338,浙江理工大学,,经济与贸易类(经济学、金融学、国际经济与贸易),,,582,
0338,浙江理工大学,,工商管理类(会计学、工商管理、人力资源管理),,,587,
0338,浙江理工大学,,电子信息类(电子信息工程、通信工程),,,597,
0338,浙江理工大学,,计算机类(计算机科学与技术、数字媒体技术、智能科学与技术),,,593,
0338,浙江理工大学,,机械类(机械设计制造及其自动化、机械电子工程、智能制造工程),,,580,
0338,浙江理工大学,,电气类(测控技术与仪器、电气工程及其自动化、自动化、机器人工程),,,585,
0338,浙江理工大学,,纺织类(纺织工程、非织造材料与工程),,,552,
0338,浙江理工大学,,数学类(按数理类培养)(数学与应用数学、应用物理学、信息与计算科学),,,580,
0338,浙江理工大学,,化学类(应用化学、材料化学),,,579,
0338,浙江理工大学,,生物科学类(生物技术、生物制药),,,569,
0338,浙江理工大学,,海洋资源开发技术,,,567,
0338,浙江理工大学,,土木类(土木工程、建筑环境与能源应用工程、工程管理),,,573,
0338,浙江理工大学,,轻化工程,,,563,
0338,浙江理工大学,,应用心理学,,,586,
0338,浙江理工大学,,服装设计与工程,,,576,
0338,浙江理工大学,,能源与动力工程,,,585,
0338,浙江理工大学,,材料类(材料科学与工程、高分子材料与工程),,,565,
0340,浙江海洋大学,,食品科学与工程,,,522,
0340,浙江海洋大学,,药学,,,530,
0340,浙江海洋大学,,船舶与海洋工程(中外合作办学),,,501,
0340,浙江海洋大学,,机械设计制造及其自动化,,,543,
0340,浙江海洋大学,,化学工程与工艺,,,524,
0340,浙江海洋大学,,水产养殖学,,,528,
0341,浙江农林大学,,植物保护,,,543,
0341,浙江农林大学,,木材科学与工程,,,532,
0341,浙江农林大学,,高分子材料与工程,,,558,
0341,浙江农林大学,,土木工程,,,529,
0341,浙江农林大学,,工商管理,,,554,
0343,温州医科大学,,眼视光医学(5+3一体化),,,640,
0343,温州医科大学,,眼视光医学,,,627,
0343,温州医科大学,,临床医学,,,606,
0343,温州医科大学,,儿科学,,,591,
0343,温州医科大学,,精神医学,,,589,
0343,温州医科大学,,预防医学,,,571,
0344,浙江中医药大学,,中医学,,,584,
0344,浙江中医药大学,,医学影像技术,,,546,
0344,浙江中医药大学,,中药学,,,566,
0344,浙江中医药大学,,医学信息工程,,,554,
0344,浙江中医药大学,,医学实验技术,,,544,
0344,浙江中医药大学,,健康服务与管理,,,553,
0345,浙江师范大学,,数学类[数学与应用数学(师范)、信息与计算科学(数据科学及其应用)],,,595,
0345,浙江师范大学,,电子信息类(光电信息科学与工程、电子信息工程、通信工程),,,575,
0345,浙江师范大学,,生物科学类[生物科学(师范)、科学教育(师范)、生物技术(制药)],,,586,
0345,浙江师范大学,,机械类(工业设计、智能制造工程、机器人工程),,,563,
0346,杭州师范大学,,生物科学类[生物科学(师范)、生物技术、生态学],,,576,
0346,杭州师范大学,,经济学类(经济学、金融工程),,,574,
0346,杭州师范大学,,预防医学,,,570,
0346,杭州师范大学,,药学,,,552,
0346,杭州师范大学,,高分子材料与工程(中外合作办学),,,497,
0346,杭州师范大学,,地理信息科学(中外合作办学),,,547,
0346,杭州师范大学,,高分子材料与工程,,,542,
0346,杭州师范大学,,计算机类[计算机科学与技术(师范)、计算机科学与技术、软件工程、电子信息工程],,,581,
0347,湖州师范学院,,俄语,,,504,
0347,湖州师范学院,,生物工程类[生物工程、制药工程、水产养殖学(卓越班)],,,480,
0347,湖州师范学院,,机械设计制造及其自动化,,,514,
0347,湖州师范学院,,临床医学,,,515,
0347,湖州师范学院,,计算机类(计算机科学与技术、物联网工程),,,526,
0347,湖州师范学院,,新能源材料与器件,,,509,
0349,绍兴文理学院,,工程管理,,,504,
0350,台州学院,,金融学,,,498,
0350,台州学院,,英语(师范),,,508,
0350,台州学院,,护理学,,,501,
0352,丽水学院,,机械设计制造及其自动化,,,496,
0352,丽水学院,,计算机科学与技术,,,499,
0352,丽水学院,,少数民族预科班,,,447,
0353,浙江工商大学,,新闻传播学类(广告学、新闻学、网络与新媒体),,,584,
0353,浙江工商大学,,物联网工程,,,597,
0353,浙江工商大学,,环境科学与工程类(环境科学、环境工程),,,570,
0354,嘉兴学院,,临床医学,,,522,
0354,嘉兴学院,,电子信息工程,,,529,
0354,嘉兴学院,,材料成型及控制工程,,,510,
0354,嘉兴学院,,生物工程,,,492,
0354,嘉兴学院,,应用化学,,,510,
0354,嘉兴学院,,化学工程与工艺,,,502,
0354,嘉兴学院,,高分子材料与工程,,,509,
0354,嘉兴学院,,轻化工程,,,498,
0354,嘉兴学院,,纺织工程,,,484,
0354,嘉兴学院,,土木工程,,,513,
0354,嘉兴学院,,工程管理,,,522,
0356,中国计量大学,,自动化类(自动化、电气工程及其自动化),,,585,
0356,中国计量大学,,机械类(机械设计制造及其自动化、机械电子工程),,,578,
0356,中国计量大学,,测控技术与仪器,,,582,
0356,中国计量大学,,能源与动力工程,,,580,
0356,中国计量大学,,智能感知工程,,,586,
0356,中国计量大学,,电子信息类(电子信息工程、通信工程),,,585,
0356,中国计量大学,,人工智能,,,585,
0356,中国计量大学,,光电信息科学与工程,,,583,
0356,中国计量大学,,电子科学与技术,,,582,
0356,中国计量大学,,质量管理工程,,,579,
0356,中国计量大学,,工业工程,,,571,
0356,中国计量大学,,安全工程,,,582,
0356,中国计量大学,,信息管理与信息系统,,,581,
0356,中国计量大学,,物理学类(应用物理学、声学),,,573,
0356,中国计量大学,,生物工程,,,571,
0356,中国计量大学,,动植物检疫,,,572,
0357,安徽大学,,数学类(数学与应用数学、信息与计算科学、统计学),,,600,
0357,安徽大学,,计算机类(计算机科学与技术、软件工程),,,612,
0357,安徽大学,,电子信息工程,,,606,
0357,安徽大学,,自动化类(测控技术与仪器、电气工程及其自动化、自动化),,,601,
0357,安徽大学,,机械类(机械设计制造及其自动化、智能制造工程),,,598,
0357,安徽大学,,计算机类(数据科学与大数据技术、网络空间安全、物联网工程、网络工程、智能科学与技术),,,606,
0357,安徽大学,,人工智能,,,604,
0357,安徽大学,,集成电路设计与集成系统,,,604,
0357,安徽大学,,经济学类(经济学、金融学、财政学、国际经济与贸易),,,599,
0357,安徽大学,,电子信息类(电子科学与技术、通信工程),,,604,
0358,中国科学技术大学,,工科试验班[计算机类(华夏计算机科技英才班)、电子信息类(信息科技英才班)、力学类(钱学森力学科技英才班)、计算机类、电子信息类、力学类(航空航天、力学与先进智能材料设计交叉方向)、机械类(机器人、智能制造、精密测量、遥感仪器方向)、能源动力类(新能源、航空航天热管理、先进能源材料方向)、安全科学与工程类(火灾科学、公共安全、应急处置与管理方向)、核工程类(等离子体物理、医学物理、先进光源方向],,,680,
0358,中国科学技术大学,,理科试验班(化学与生物)[化学类(卢嘉锡化学科技英才班)、生物科学类(贝时璋生命科技英才班)、化学类、材料类、生物科学类、环境科学与工程类],,,676,
0358,中国科学技术大学,,理科试验班类(数学与物理)[数学类(华罗庚数学科技英才班)、物理学类(严济慈物理科技英才班)、地球物理学类(赵九章现代地球和空间科技英才班)、数学类、物理学类、地球物理学类、金融学类、统计学类、管理科学与工程类],,,679,
0359,合肥工业大学,,工商管理类(会计学、工商管理、市场营销),,,600,
0359,合肥工业大学,,食品科学与工程类(食品科学与工程、生物工程、生物技术、食品质量与安全、制药工程、药学),,,592,
0359,合肥工业大学,,土木类(智慧城市)(土木工程、给排水科学与工程、建筑环境与能源应用工程、测绘工程、水利水电工程、水文与水资源工程、工程力学),,,596,
0359,合肥工业大学,,仪器类(智能感知)(测控技术与仪器、光电信息科学与工程、生物医学工程、智能感知工程),,,601,
0359,合肥工业大学,,材料类(先进材料与智能制造)(材料成型及控制工程、无机非金属材料工程、粉体材料科学与工程、金属材料工程、材料物理),,,594,
0359,合肥工业大学,,机械类(智能制造)(机械设计制造及其自动化、飞行器制造工程、智能制造工程),,,607,
0359,合肥工业大学,,自动化,,,610,
0359,合肥工业大学,,机器人工程,,,609,
0359,合肥工业大学,,电气工程及其自动化,,,615,
0359,合肥工业大学,,智能电网信息工程,,,609,
0359,合肥工业大学,,计算机科学与技术,,,619,
0359,合肥工业大学,,电子信息工程,,,614,
0359,合肥工业大学,,通信工程,,,614,
0359,合肥工业大学,,信息安全,,,612,
0359,合肥工业大学,,智能科学与技术,,,611,
0359,合肥工业大学,,建筑学,,,612,
0359,合肥工业大学,,交通运输,,,603,
0359,合肥工业大学,,车辆工程,,,610,
0359,合肥工业大学,,能源与动力工程,,,605,
0359,合肥工业大学,,信息与计算科学,,,610,
0359,合肥工业大学,,统计学,,,600,
0359,合肥工业大学,,地质学,,,589,
0359,合肥工业大学,,工业工程,,,597,
0359,合肥工业大学,,软件工程,,,616,
0359,合肥工业大学,,金融工程,,,601,
0359,合肥工业大学,,国际经济与贸易(中外合作办学),,,550,
0359,合肥工业大学,,信息管理与信息系统,,,611,
0359,合肥工业大学,,电子科学与技术,,,612,
0359,合肥工业大学,,微电子科学与工程,,,609,
0359,合肥工业大学,,集成电路设计与集成系统,,,610,
0359,合肥工业大学,,高分子材料与工程,,,596,
0359,合肥工业大学,,化学工程与工艺,,,592,
0360,安徽工业大学,,材料成型及控制工程,,,532,
0360,安徽工业大学,,材料类(材料科学与工程、无机非金属材料工程、焊接技术与工程),,,530,
0360,安徽工业大学,,化学工程与工艺,,,531,
0360,安徽工业大学,,建筑环境与能源应用工程,,,532,
0360,安徽工业大学,,机械工程,,,536,
0360,安徽工业大学,,机械设计制造及其自动化,,,542,
0360,安徽工业大学,,自动化,,,539,
0360,安徽工业大学,,计算机类(计算机科学与技术、软件工程、物联网工程),,,545,
0360,安徽工业大学,,物流工程,,,528,
0360,安徽工业大学,,经济统计学,,,529,
0361,安徽理工大学,,工程力学,,,531,
0361,安徽理工大学,,过程装备与控制工程,,,520,
0361,安徽理工大学,,测控技术与仪器,,,519,
0361,安徽理工大学,,无机非金属材料工程,,,515,
0361,安徽理工大学,,复合材料与工程,,,511,
0361,安徽理工大学,,土木工程,,,530,
0361,安徽理工大学,,建筑环境与能源应用工程,,,520,
0361,安徽理工大学,,给排水科学与工程,,,520,
0361,安徽理工大学,,测绘工程,,,517,
0361,安徽理工大学,,地质工程,,,514,
0361,安徽理工大学,,安全工程,,,523,
0361,安徽理工大学,,药学,,,510,
0363,安徽工程大学,,自动化,,,532,
0363,安徽工程大学,,高分子材料与工程,,,517,
0363,安徽工程大学,,数据科学与大数据技术,,,533,
0363,安徽工程大学,,统计学,,,519,
0364,安徽农业大学,,茶学,,,545,
0364,安徽农业大学,,动物科学,,,515,
0364,安徽农业大学,,农林经济管理,,,511,
0364,安徽农业大学,,数据科学与大数据技术,,,540,
0364,安徽农业大学,,木材科学与工程,,,506,
0364,安徽农业大学,,社会工作,,,497,
0364,安徽农业大学,,植物保护,,,534,
0364,安徽农业大学,,食品科学与工程类(食品科学与工程、食品质量与安全),,,507,
0364,安徽农业大学,,农业机械化及其自动化,,,529,
0364,安徽农业大学,,植物生产类(I)(农学、种子科学与工程、草业科学),,,508,
0364,安徽农业大学,,植物生产类(II)(园艺、设施农业科学与工程),,,507,
0364,安徽农业大学,,计算机科学与技术,,,550,
0366,安徽医科大学,,临床医学,,,589,
0367,蚌埠医学院,,医学影像学,,,538,
0370,安徽师范大学,,地理科学(师范),,,572,
0370,安徽师范大学,,旅游管理,,,473,
0370,安徽师范大学,,土地资源管理,,,540,
0370,安徽师范大学,,计算机类(计算机科学与技术、软件工程、网络空间安全、人工智能、物联网工程),,,553,
0370,安徽师范大学,,心理学(师范),,,550,
0370,安徽师范大学,,工商管理类(会计学、财务管理、人力资源管理、供应链管理、物流管理),,,546,
0370,安徽师范大学,,经济学类(经济学、金融工程),,,550,
0370,安徽师范大学,,生物技术,,,543,
0370,安徽师范大学,,环境科学与工程类(环境科学、环境工程),,,541,
0370,安徽师范大学,,生态学,,,549,
0370,安徽师范大学,,数学与应用数学(师范),,,586,
0370,安徽师范大学,,统计学,,,567,
0372,安庆师范大学,,电子信息类(电子信息科学与技术、通信工程、微电子科学与工程、光电信息科学与工程),,,473,
0372,安庆师范大学,,计算机类[计算机科学与技术、计算机科学与技术(师范)、物联网工程、数字媒体技术、数据科学与大数据技术、智能科学与技术],,,486,
0373,淮北师范大学,,生物科学(师范),,,557,
0373,淮北师范大学,,化学(师范),,,551,
0373,淮北师范大学,,数学与应用数学(师范),,,558,
0373,淮北师范大学,,教育技术学(师范),,,538,
0373,淮北师范大学,,物理学(师范),,,558,
0378,安徽财经大学,,经济学类(经济学、国民经济管理、数字经济),,,569,
0378,安徽财经大学,,金融学,,,577,
0378,安徽财经大学,,金融学类(金融工程、保险学、投资学、互联网金融),,,578,
0378,安徽财经大学,,经济与贸易类(国际经济与贸易、贸易经济),,,567,
0378,安徽财经大学,,工商管理类(工商管理、市场营销、人力资源管理),,,563,
0378,安徽财经大学,,管理科学与工程类(信息管理与信息系统、工程管理、工程造价),,,559,
0378,安徽财经大学,,计算机类(计算机科学与技术、物联网工程),,,565,
0378,安徽财经大学,,会计学,,,581,
0378,安徽财经大学,,财政学类(财政学、税收学),,,569,
0378,安徽财经大学,,经济统计学,,,566,
0378,安徽财经大学,,统计学类(统计学、应用统计学),,,569,
0378,安徽财经大学,,应用统计学(中外合作办学),,,495,
0384,厦门大学,,外国语言文学类(英语、日语、法语、俄语、德语、西班牙语),,,650,
0384,厦门大学,,经济学类(金融学、金融工程、保险学、财政学、税收学、国际经济与贸易、国际商务、经济学、经济统计学),,,654,
0384,厦门大学,,会计学(含会计、财务、审计),,,663,
0384,厦门大学,,工商管理类(人力资源管理、工商管理、市场营销、旅游管理、酒店管理),,,652,
0384,厦门大学,,数学类(数学与应用数学、统计学、信息与计算科学),,,655,
0384,厦门大学,,物理学类(物理学、天文学),,,653,
0384,厦门大学,,化学类(化学、能源化学、化学生物学，化学测量学与技术),,,650,
0384,厦门大学,,海洋科学类(海洋科学、海洋技术),,,649,
0384,厦门大学,,环境科学与工程类(环境科学、生态学、环境生态工程),,,646,
0384,厦门大学,,能源动力类(新能源科学与工程、储能科学与工程),,,650,
0384,厦门大学,,计算机类(计算机科学与技术、网络空间安全、人工智能、通信工程),,,654,
0384,厦门大学,,软件工程(含软件、数媒技术),,,652,
0384,厦门大学,,电子信息类(电子信息工程、集成电路设计与集成系统、微电子科学与工程、电子信息科学与技术、电磁场与无线技术),,,652,
0384,厦门大学,,工科试验班(机械设计制造及其自动化、测控技术与仪器、电气工程及其自动化、自动化、飞行器设计与工程、飞行器动力工程),,,650,
0384,厦门大学,,理科试验班(生命科学与医学类)(生物科学、生物技术、基础医学),,,653,
0384,厦门大学,,金融学(厦门大学马来西亚分校招生专业),,,623,
0384,厦门大学,,会计学(厦门大学马来西亚分校招生专业),,,622,
0384,厦门大学,,国际商务(厦门大学马来西亚分校招生专业),,,610,
0384,厦门大学,,数字媒体技术(厦门大学马来西亚分校招生专业),,,596,
0384,厦门大学,,计算机科学与技术(厦门大学马来西亚分校招生专业),,,604,
0384,厦门大学,,电子信息工程(厦门大学马来西亚分校招生专业),,,583,
0384,厦门大学,,数学与应用数学(厦门大学马来西亚分校招生专业),,,604,
0384,厦门大学,,物理学(厦门大学马来西亚分校招生专业),,,570,
0384,厦门大学,,人工智能(厦门大学马来西亚分校招生专业),,,593,
0385,华侨大学,,机械工程,,,557,
0385,华侨大学,,工业设计,,,559,
0385,华侨大学,,应用化学(拔尖人才试点班),,,551,
0385,华侨大学,,高分子材料与工程(拔尖人才试点班),,,555,
0385,华侨大学,,电气工程及其自动化,,,572,
0385,华侨大学,,电子信息类(电子信息工程、电子科学与技术、通信工程、集成电路设计与集成系统),,,573,
0385,华侨大学,,计算机类(计算机科学与技术、信息安全、人工智能),,,576,
0385,华侨大学,,土木类(土木工程、城市地下空间工程、工程管理),,,557,
0385,华侨大学,,给排水科学与工程(城镇智能水系统方向),,,553,
0385,华侨大学,,环境科学与工程类(环境工程、环境生态工程),,,549,
0385,华侨大学,,生物工程,,,549,
0385,华侨大学,,建筑学,,,576,
0385,华侨大学,,经济学类(经济学、国际经济与贸易、电子商务),,,567,
0385,华侨大学,,法学,,,585,
0385,华侨大学,,中国语言文学类(汉语言文学、应用语言学),,,571,
0385,华侨大学,,日语,,,563,
0385,华侨大学,,数据科学与大数据技术,,,572,
0385,华侨大学,,药学(生物与医药方向),,,558,
0385,华侨大学,,工商管理类(工商管理、市场营销、人力资源管理、物流管理),,,566,
0385,华侨大学,,经济学类(中美121双学位班、可接轨CFA金融分析师)[金融学(全英文教学)],,,566,
0386,福州大学,,储能科学与工程,,,590,
0386,福州大学,,车辆工程,,,599,
0386,福州大学,,计算机类(计算机科学与技术、网络工程),,,605,
0386,福州大学,,过程装备与控制工程,,,591,
0386,福州大学,,化学工程与工艺,,,587,
0386,福州大学,,土木工程,,,597,
0386,福州大学,,安全工程,,,591,
0386,福州大学,,生物工程,,,575,
0386,福州大学,,化学,,,593,
0386,福州大学,,工业设计,,,594,
0386,福州大学,,材料科学与工程,,,586,
0386,福州大学,,应用心理学,,,594,
0389,福建农林大学,,蜂学,,,476,
0390,集美大学,,交通运输,,,559,
0390,集美大学,,轮机工程(船机修造方向),,,515,
0390,集美大学,,船舶与海洋工程,,,539,
0390,集美大学,,动物科学,,,516,
0390,集美大学,,水产养殖学,,,526,
0390,集美大学,,经济学,,,564,
0390,集美大学,,学前教育(师范),,,530,
0390,集美大学,,市场营销,,,545,
0390,集美大学,,电子商务,,,561,
0390,集美大学,,通信工程,,,572,
0390,集美大学,,人工智能,,,570,
0390,集美大学,,计算机科学与技术,,,573,
0390,集美大学,,机械设计制造及其自动化,,,557,
0390,集美大学,,能源与动力工程,,,546,
0390,集美大学,,工程管理,,,556,
0390,集美大学,,港口航道与海岸工程,,,543,
0392,福建医科大学,,临床医学,,,589,
0392,福建医科大学,,应用心理学,,,567,
0392,福建医科大学,,护理学,,,533,
0394,福建师范大学,,统计学,,,546,
0394,福建师范大学,,旅游管理类(旅游管理、酒店管理),,,517,
0394,福建师范大学,,软件工程,,,548,
0394,福建师范大学,,环境科学与工程类(环境科学、环境工程),,,522,
0394,福建师范大学,,光电信息科学与工程,,,542,
0394,福建师范大学,,通信工程(中外合作办学)(中英合作办学),,,503,
0394,福建师范大学,,电子信息工程(中外合作办学)(中英合作办学),,,515,
0394,福建师范大学,,计算机科学与技术(中外合作办学)(中英合作办学),,,530,
0395,闽江学院,,应用统计学,,,530,
0395,闽江学院,,计算机科学与技术,,,549,
0395,闽江学院,,电气工程及其自动化,,,548,
0397,武夷学院,,茶学,,,462,
0397,武夷学院,,机械设计制造及其自动化,,,484,
0397,武夷学院,,微电子科学与工程,,,472,
0397,武夷学院,,工程造价,,,452,
0399,泉州师范学院,,化学,,,499,
0399,泉州师范学院,,国际经济与贸易,,,481,
0399,泉州师范学院,,海洋技术,,,437,
0399,泉州师范学院,,数据科学与大数据技术,,,498,
0399,泉州师范学院,,化工与制药类(化学工程与工艺、制药工程),,,474,
0399,泉州师范学院,,纺织工程,,,475,
0399,泉州师范学院,,环境科学,,,462,
0399,泉州师范学院,,食品科学与工程,,,469,
0402,闽南师范大学,,应用化学,,,488,
0402,闽南师范大学,,环境科学与工程,,,470,
0402,闽南师范大学,,旅游管理,,,473,
0403,南昌大学,,工业工程,,,588,
0403,南昌大学,,数学类(数学与应用数学、信息与计算科学),,,596,
0403,南昌大学,,物理学类(物理学、应用物理学),,,586,
0403,南昌大学,,生物科学类(生物科学、生物技术),,,583,
0403,南昌大学,,生态学,,,573,
0403,南昌大学,,食品科学与工程类(食品科学与工程、食品质量与安全),,,586,
0403,南昌大学,,生物工程,,,584,
0403,南昌大学,,材料类(材料科学与工程、高分子材料与工程),,,591,
0403,南昌大学,,化工与制药类(化学工程与工艺、制药工程),,,580,
0403,南昌大学,,机械设计制造及其自动化,,,594,
0403,南昌大学,,车辆工程,,,594,
0403,南昌大学,,材料成型及控制工程,,,587,
0403,南昌大学,,能源与动力工程,,,594,
0403,南昌大学,,土木类(土木工程、建筑环境与能源应用工程),,,589,
0403,南昌大学,,建筑类(建筑学、城乡规划),,,588,
0403,南昌大学,,工程力学,,,584,
0403,南昌大学,,电子信息类(电子信息工程、通信工程),,,602,
0403,南昌大学,,电气工程及其自动化,,,602,
0403,南昌大学,,自动化,,,600,
0403,南昌大学,,测控技术与仪器,,,591,
0403,南昌大学,,计算机类(计算机与大数据)(计算机科学与技术、数据科学与大数据技术),,,603,
0403,南昌大学,,计算机类(软件与网络空间)(软件工程、网络空间安全),,,600,
0403,南昌大学,,临床医学,,,597,
0403,南昌大学,,临床医学类(中外合作办学)(中英双学位合作办学)(临床医学),,,576,
0403,南昌大学,,预防医学,,,575,
0404,华东交通大学,,土木工程,,,549,
0404,华东交通大学,,铁道工程,,,553,
0404,华东交通大学,,建筑环境与能源应用工程,,,533,
0404,华东交通大学,,给排水科学与工程,,,542,
0404,华东交通大学,,测绘工程,,,540,
0404,华东交通大学,,建筑学,,,550,
0404,华东交通大学,,工程管理(中外合作办学),,,522,
0404,华东交通大学,,电气工程及其自动化,,,562,
0404,华东交通大学,,自动化类(自动化、轨道交通信号与控制),,,558,
0404,华东交通大学,,电子信息工程,,,557,
0404,华东交通大学,,建筑电气与智能化,,,540,
0404,华东交通大学,,机械设计制造及其自动化,,,550,
0404,华东交通大学,,机械电子工程,,,550,
0404,华东交通大学,,车辆工程,,,565,
0404,华东交通大学,,车辆工程(中外合作办学),,,530,
0404,华东交通大学,,测控技术与仪器,,,547,
0404,华东交通大学,,智能制造工程,,,551,
0404,华东交通大学,,交通运输,,,559,
0404,华东交通大学,,通信工程,,,552,
0404,华东交通大学,,人工智能,,,561,
0404,华东交通大学,,计算机类(计算机科学与技术、物联网工程),,,564,
0404,华东交通大学,,材料成型及控制工程,,,550,
0404,华东交通大学,,高分子材料与工程,,,537,
0404,华东交通大学,,法学,,,552,
0405,东华理工大学,,地质类(资源勘查工程、旅游地学与规划工程),,,510,
0405,东华理工大学,,勘查技术与工程,,,516,
0405,东华理工大学,,测控技术与仪器,,,521,
0405,东华理工大学,,核工程类(核工程与核技术、辐射防护与核安全),,,542,
0405,东华理工大学,,材料科学与工程,,,520,
0405,东华理工大学,,电子信息类(电子信息工程、电子科学与技术),,,536,
0406,南昌航空大学,,无机非金属材料工程,,,559,
0406,南昌航空大学,,金属材料工程,,,555,
0406,南昌航空大学,,高分子材料与工程,,,553,
0406,南昌航空大学,,应用化学,,,551,
0406,南昌航空大学,,材料化学,,,548,
0406,南昌航空大学,,给排水科学与工程,,,550,
0406,南昌航空大学,,机械设计制造及其自动化,,,573,
0406,南昌航空大学,,飞行器制造工程,,,575,
0406,南昌航空大学,,材料成型及控制工程,,,556,
0406,南昌航空大学,,焊接技术与工程,,,560,
0406,南昌航空大学,,电子信息工程,,,569,
0406,南昌航空大学,,通信工程,,,571,
0406,南昌航空大学,,自动化,,,563,
0406,南昌航空大学,,电气工程及其自动化,,,572,
0406,南昌航空大学,,飞行器动力工程,,,578,
0406,南昌航空大学,,飞行器设计与工程,,,595,
0406,南昌航空大学,,飞行器制造工程(航空维修工程与技术),,,571,
0406,南昌航空大学,,测控技术与仪器,,,564,
0406,南昌航空大学,,土木工程,,,554,
0406,南昌航空大学,,工程管理,,,555,
0406,南昌航空大学,,机械电子工程,,,566,
0406,南昌航空大学,,智能制造工程,,,562,
0406,南昌航空大学,,人工智能,,,564,
0407,江西理工大学,,矿业类(采矿工程、矿物加工工程),,,505,
0407,江西理工大学,,土木类(土木工程、建筑环境与能源应用工程),,,510,
0407,江西理工大学,,地理信息科学,,,508,
0407,江西理工大学,,材料科学与工程,,,502,
0407,江西理工大学,,法学,,,522,
0407,江西理工大学,,信息与计算科学,,,519,
0407,江西理工大学,,电子信息科学与技术,,,525,
0407,江西理工大学,,应急管理,,,491,
0407,江西理工大学,,软件工程(软件开发方向),,,529,
0407,江西理工大学,,软件工程(物联网方向),,,531,
0407,江西理工大学,,软件工程(会计方向),,,519,
0407,江西理工大学,,软件工程(金融方向),,,513,
0407,江西理工大学,,软件工程(智能制造方向),,,527,
0408,景德镇陶瓷大学,,无机非金属材料工程,,,462,
0408,景德镇陶瓷大学,,粉体材料科学与工程,,,437,
0408,景德镇陶瓷大学,,环境工程,,,471,
0408,景德镇陶瓷大学,,机械设计制造及其自动化,,,456,
0408,景德镇陶瓷大学,,材料成型及控制工程,,,460,
0408,景德镇陶瓷大学,,电子科学与技术,,,457,
0410,江西农业大学,,水产养殖学,,,456,
0410,江西农业大学,,应用化学,,,479,
0410,江西农业大学,,材料化学,,,447,
0410,江西农业大学,,教育技术学,,,490,
0410,江西农业大学,,数字媒体技术,,,505,
0412,江西中医药大学,,中医学,,,526,
0412,江西中医药大学,,中西医临床医学,,,529,
0412,江西中医药大学,,针灸推拿学,,,516,
0412,江西中医药大学,,中药学,,,507,
0413,赣南医学院,,临床医学,,,521,
0413,赣南医学院,,预防医学,,,507,
0413,赣南医学院,,物联网工程,,,492,
0413,赣南医学院,,康复治疗学,,,492,
0416,上饶师范学院,,电子信息科学与技术,,,457,
0416,上饶师范学院,,化学(师范类),,,499,
0416,上饶师范学院,,数学与应用数学(师范类),,,520,
0416,上饶师范学院,,数据科学与大数据技术,,,493,
0417,宜春学院,,国际经济与贸易,,,473,
0417,宜春学院,,临床医学,,,505,
0418,赣南师范大学,,日语,,,516,
0418,赣南师范大学,,会计学,,,527,
0418,赣南师范大学,,金融学,,,523,
0418,赣南师范大学,,数学与应用数学(师范类),,,547,
0418,赣南师范大学,,计算机科学与技术,,,531,
0418,赣南师范大学,,电子科学与技术,,,522,
0418,赣南师范大学,,生物科学(师范类),,,545,
0419,井冈山大学,,药学,,,470,
0419,井冈山大学,,数据科学与大数据技术,,,466,
0419,井冈山大学,,计算机科学与技术,,,467,
0419,井冈山大学,,电子信息科学与技术,,,458,
0419,井冈山大学,,材料化学,,,456,
0419,井冈山大学,,土木工程,,,454,
0419,井冈山大学,,材料成型及控制工程,,,455,
0419,井冈山大学,,机械设计制造及其自动化,,,457,
0421,江西财经大学,,金融学类(金融学、保险学、金融工程、金融科技),,,600,
0421,江西财经大学,,精算学,,,600,
0421,江西财经大学,,财政学类(财政学、税收学),,,592,
0421,江西财经大学,,会计学(国际会计),,,587,
0421,江西财经大学,,金融学(国际投资与金融),,,593,
0421,江西财经大学,,工商管理类(工商管理、人力资源管理、市场营销),,,573,
0421,江西财经大学,,市场营销(国际营销),,,493,
0421,江西财经大学,,工商管理类[会计学、会计学(注册会计师)、财务管理],,,605,
0421,江西财经大学,,会计学(智能会计),,,601,
0421,江西财经大学,,会计学(ACCA方向),,,593,
0421,江西财经大学,,国际经济与贸易,,,583,
0421,江西财经大学,,电子商务,,,572,
0421,江西财经大学,,经济学类(经济学、国民经济管理、数字经济),,,586,
0421,江西财经大学,,数据科学与大数据技术,,,577,
0421,江西财经大学,,信息管理与信息系统(金融智能),,,585,
0421,江西财经大学,,管理科学与工程类(工程管理、房地产开发与管理),,,568,
0421,江西财经大学,,法学(数据法学),,,587,
0421,江西财经大学,,社会工作,,,557,
0422,山东大学,,经济学类(经济学、财政学、金融学、国际经济与贸易),,,646,
0422,山东大学,,数学类(数学与应用数学、信息与计算科学、统计学),,,656,
0422,山东大学,,物理学类(物理学、应用物理学),,,647,
0422,山东大学,,化学类(化学、应用化学、化学工程与工艺),,,642,
0422,山东大学,,电子信息类(通信电子与光电方向)(通信工程、电子科学与技术、光电信息科学与工程),,,645,
0422,山东大学,,生物科学类(生物科学、生物技术、生态学、生物工程),,,639,
0422,山东大学,,材料类(材料科学与工程、材料成型及控制工程),,,636,
0422,山东大学,,机械类(机械设计制造及其自动化、智能制造工程),,,640,
0422,山东大学,,自动化类(自动化、机器人工程、生物医学工程),,,643,
0422,山东大学,,智能医学工程,,,641,
0422,山东大学,,能源动力类(能源与动力工程、能源与环境系统工程、新能源科学与工程、储能科学与工程),,,641,
0422,山东大学,,电气工程及其自动化,,,648,
0422,山东大学,,土木类(工程力学、土木、水利与海洋工程),,,635,
0422,山东大学,,环境科学与工程类(环境工程、环境科学),,,639,
0422,山东大学,,临床医学(5+3一体化),,,657,
0422,山东大学,,临床医学(五年制),,,646,
0422,山东大学,,药学类(药学),,,636,
0422,山东大学,,工商管理类(工商管理、会计学),,,645,
0422,山东大学,,计算机类(软件数媒与大数据方向)(软件工程、数字媒体技术、数据科学与大数据技术),,,648,
0422,山东大学,,电子信息类(微电子与电路集成方向)(微电子科学与工程、集成电路设计与集成系统),,,645,
0422,山东大学,,网络空间安全,,,646,
0422,山东大学,,生物医学科学,,,633,
0423,中国海洋大学,,海洋科学,,,623,
0423,中国海洋大学,,海洋科学(中外合作办学),,,597,
0423,中国海洋大学,,电子信息类(电子信息工程、电子信息科学与技术、通信工程、微电子科学与工程),,,623,
0423,中国海洋大学,,计算机类(计算机科学与技术、智能科学与技术、数据科学与大数据技术、网络空间安全、软件工程、保密技术),,,623,
0423,中国海洋大学,,海洋技术,,,619,
0423,中国海洋大学,,计算机科学与技术(中外合作办学),,,595,
0423,中国海洋大学,,化学,,,616,
0423,中国海洋大学,,材料类(材料科学与工程、高分子材料与工程),,,615,
0423,中国海洋大学,,生物科学类(生态学、生物技术、生物科学),,,620,
0423,中国海洋大学,,海洋渔业科学与技术,,,611,
0423,中国海洋大学,,海洋资源与环境,,,619,
0423,中国海洋大学,,水产养殖学,,,612,
0423,中国海洋大学,,食品科学与工程类(食品科学与工程、海洋资源开发技术),,,613,
0423,中国海洋大学,,地质学,,,612,
0423,中国海洋大学,,勘查技术与工程,,,614,
0423,中国海洋大学,,船舶与海洋工程,,,619,
0423,中国海洋大学,,轮机工程,,,613,
0423,中国海洋大学,,数学类(数学与应用数学、信息与计算科学),,,619,
0423,中国海洋大学,,法学(中外合作办学),,,606,
0423,中国海洋大学,,数学与应用数学(中外合作办学),,,593,
0423,中国海洋大学,,食品科学与工程(中外合作办学),,,592,
0423,中国海洋大学,,英语,,,616,
0424,山东科技大学,,地理信息科学,,,565,
0424,山东科技大学,,海洋技术,,,553,
0424,山东科技大学,,金属材料工程,,,551,
0424,山东科技大学,,自动化,,,579,
0424,山东科技大学,,土木类(土木工程、建筑环境与能源应用工程、城市地下空间工程),,,564,
0424,山东科技大学,,测绘工程,,,566,
0424,山东科技大学,,资源勘查工程,,,550,
0424,山东科技大学,,采矿工程,,,546,
0424,山东科技大学,,交通运输,,,557,
0424,山东科技大学,,船舶与海洋工程,,,552,
0424,山东科技大学,,工商管理,,,548,
0424,山东科技大学,,通信工程(中外合作办学)(就读地点济南）（使用英语教学，非英语语种考生慎报),,,546,
0424,山东科技大学,,自动化(中外合作办学)(就读地点济南）（使用英语教学，非英语语种考生慎报),,,505,
0425,中国石油大学(华东),,资源勘查工程,,,591,
0425,中国石油大学(华东),,船舶与海洋工程,,,592,
0425,中国石油大学(华东),,石油工程,,,597,
0425,中国石油大学(华东),,化学工程与工艺,,,594,
0425,中国石油大学(华东),,环境工程,,,586,
0425,中国石油大学(华东),,能源化学工程,,,594,
0425,中国石油大学(华东),,应用化学,,,589,
0425,中国石油大学(华东),,安全工程,,,596,
0425,中国石油大学(华东),,工业设计,,,596,
0425,中国石油大学(华东),,机械类(机械工程、机械设计制造及其自动化、车辆工程、智能制造工程),,,596,
0425,中国石油大学(华东),,工程力学,,,594,
0425,中国石油大学(华东),,建筑环境与能源应用工程,,,592,
0425,中国石油大学(华东),,土木工程,,,591,
0425,中国石油大学(华东),,油气储运工程,,,597,
0425,中国石油大学(华东),,材料类(材料成型及控制工程、材料科学与工程、材料物理、材料化学、新能源材料与器件),,,584,
0425,中国石油大学(华东),,电气工程及其自动化,,,605,
0425,中国石油大学(华东),,过程装备与控制工程,,,594,
0425,中国石油大学(华东),,环保设备工程,,,588,
0425,中国石油大学(华东),,能源与动力工程,,,594,
0425,中国石油大学(华东),,测绘工程,,,589,
0425,中国石油大学(华东),,地理信息科学,,,588,
0425,中国石油大学(华东),,电子信息工程,,,602,
0425,中国石油大学(华东),,通信工程,,,600,
0425,中国石油大学(华东),,测控技术与仪器,,,599,
0425,中国石油大学(华东),,智能感知工程,,,599,
0425,中国石油大学(华东),,自动化,,,601,
0425,中国石油大学(华东),,计算机科学与技术,,,606,
0425,中国石油大学(华东),,软件工程,,,606,
0425,中国石油大学(华东),,物联网工程,,,601,
0425,中国石油大学(华东),,智能科学与技术,,,602,
0425,中国石油大学(华东),,会计学,,,598,
0425,中国石油大学(华东),,经济学,,,596,
0425,中国石油大学(华东),,化学,,,595,
0425,中国石油大学(华东),,数据科学与大数据技术,,,601,
0425,中国石油大学(华东),,数学类(数学与应用数学、信息与计算科学),,,598,
0426,青岛科技大学,,应用物理学,,,551,
0426,青岛科技大学,,应用化学,,,547,
0426,青岛科技大学,,海洋科学,,,549,
0426,青岛科技大学,,机械工程(招收高分子加工机械方向),,,553,
0426,青岛科技大学,,测控技术与仪器,,,553,
0426,青岛科技大学,,材料化学,,,548,
0426,青岛科技大学,,金属材料工程,,,549,
0426,青岛科技大学,,高分子材料与工程(招收塑料工程方向),,,573,
0426,青岛科技大学,,复合材料与工程,,,549,
0426,青岛科技大学,,能源与动力工程,,,559,
0426,青岛科技大学,,通信工程,,,565,
0426,青岛科技大学,,计算机科学与技术,,,572,
0426,青岛科技大学,,化学工程与工艺,,,548,
0426,青岛科技大学,,轻化工程,,,541,
0426,青岛科技大学,,船舶与海洋工程,,,550,
0426,青岛科技大学,,食品质量与安全,,,549,
0426,青岛科技大学,,工业工程,,,557,
0426,青岛科技大学,,日语,,,550,
0426,青岛科技大学,,机械工程(中外合作办学)(中德合作办学),,,521,
0426,青岛科技大学,,自动化(中外合作办学)(中德合作办学),,,523,
0427,济南大学,,中国语言文学类[汉语国际教育(师范类)、汉语言文学(师范类)],,,579,
0427,济南大学,,金融数学,,,573,
0427,济南大学,,数据科学与大数据技术,,,579,
0427,济南大学,,光电信息科学与工程,,,574,
0427,济南大学,,经济学类(金融学、投资学、经济学、国际经济与贸易),,,578,
0427,济南大学,,工商管理类(工商管理、会计学、财务管理),,,571,
0427,济南大学,,英语,,,566,
0427,济南大学,,法学,,,574,
0427,济南大学,,公共管理类(行政管理、劳动与社会保障),,,554,
0427,济南大学,,材料类(材料科学与工程、材料物理、复合材料与工程),,,562,
0427,济南大学,,化工与制药类(化学工程与工艺、高分子材料与工程),,,562,
0427,济南大学,,机械类(机械工程、工业设计、车辆工程、智能制造工程),,,575,
0427,济南大学,,土木类(土木工程、给排水科学与工程),,,576,
0427,济南大学,,建筑类(建筑学、城乡规划),,,572,
0427,济南大学,,自动化类(自动化、机器人工程、电气工程及其自动化),,,580,
0427,济南大学,,计算机类(计算机科学与技术、网络工程、网络空间安全),,,587,
0429,青岛理工大学,,会计学,,,582,
0429,青岛理工大学,,市场营销,,,561,
0429,青岛理工大学,,国际商务,,,567,
0429,青岛理工大学,,国际经济与贸易,,,567,
0429,青岛理工大学,,日语,,,566,
0429,青岛理工大学,,广告学,,,565,
0429,青岛理工大学,,社会工作,,,520,
0429,青岛理工大学,,建筑学,,,582,
0429,青岛理工大学,,城乡规划,,,563,
0429,青岛理工大学,,风景园林,,,569,
0429,青岛理工大学,,材料科学与工程,,,560,
0429,青岛理工大学,,测控技术与仪器,,,565,
0429,青岛理工大学,,给排水科学与工程,,,563,
0429,青岛理工大学,,建筑环境与能源应用工程,,,559,
0429,青岛理工大学,,能源与动力工程,,,572,
0429,青岛理工大学,,环境工程,,,560,
0429,青岛理工大学,,安全工程,,,575,
0429,青岛理工大学,,计算机科学与技术,,,586,
0429,青岛理工大学,,软件工程,,,583,
0429,青岛理工大学,,自动化,,,582,
0429,青岛理工大学,,建筑电气与智能化,,,577,
0429,青岛理工大学,,工业工程,,,565,
0429,青岛理工大学,,应用物理学,,,570,
0429,青岛理工大学,,经济学,,,570,
0429,青岛理工大学,,统计学,,,575,
0429,青岛理工大学,,机械类(机械设计制造及其自动化、材料成型及控制工程、车辆工程),,,568,
0429,青岛理工大学,,电子信息类(电子信息工程、通信工程),,,581,
0429,青岛理工大学,,管理科学与工程类(工程造价、工程管理、房地产开发与管理、信息管理与信息系统),,,561,
0429,青岛理工大学,,土木类(土木工程、城市地下空间工程、智能建造),,,562,
0430,山东建筑大学,,建筑学,,,552,
0430,山东建筑大学,,房地产开发与管理,,,511,
0430,山东建筑大学,,土木工程,,,546,
0430,山东建筑大学,,工程造价,,,554,
0430,山东建筑大学,,能源与动力工程,,,531,
0430,山东建筑大学,,建筑环境与能源应用工程,,,535,
0430,山东建筑大学,,机械工程,,,537,
0430,山东建筑大学,,道路桥梁与渡河工程,,,541,
0430,山东建筑大学,,材料成型及控制工程,,,524,
0430,山东建筑大学,,材料科学与工程,,,525,
0430,山东建筑大学,,光电信息科学与工程,,,531,
0431,齐鲁工业大学,,机械设计制造及其自动化,,,530,
0431,齐鲁工业大学,,材料成型及控制工程,,,515,
0431,齐鲁工业大学,,测控技术与仪器(海洋测控方向),,,519,
0431,齐鲁工业大学,,电气工程及其自动化,,,537,
0431,齐鲁工业大学,,生物技术,,,513,
0431,齐鲁工业大学,,数据科学与大数据技术,,,532,
0431,齐鲁工业大学,,信息与计算科学,,,525,
0433,山东理工大学,,农业机械化及其自动化,,,555,
0433,山东理工大学,,自动化,,,565,
0433,山东理工大学,,电子信息工程,,,565,
0433,山东理工大学,,电气工程及其自动化,,,577,
0433,山东理工大学,,计算机科学与技术,,,575,
0433,山东理工大学,,通信工程,,,561,
0433,山东理工大学,,软件工程,,,567,
0433,山东理工大学,,化学工程与工艺,,,540,
0433,山东理工大学,,应用化学,,,542,
0433,山东理工大学,,土木工程,,,554,
0433,山东理工大学,,工程管理,,,541,
0433,山东理工大学,,地理信息科学,,,545,
0433,山东理工大学,,采矿工程,,,518,
0433,山东理工大学,,材料科学与工程,,,542,
0433,山东理工大学,,制药工程,,,547,
0433,山东理工大学,,光电信息科学与工程,,,553,
0433,山东理工大学,,国际经济与贸易,,,550,
0433,山东理工大学,,信息管理与信息系统,,,556,
0433,山东理工大学,,日语,,,546,
0433,山东理工大学,,测控技术与仪器,,,545,
0433,山东理工大学,,交通运输,,,550,
0434,山东农业大学,,土地资源管理,,,509,
0434,山东农业大学,,地理信息科学,,,517,
0434,山东农业大学,,动物医学类[动物医学(学制五年)、动物药学],,,537,
0434,山东农业大学,,动物科学,,,523,
0434,山东农业大学,,食品科学与工程类(食品科学与工程、食品质量与安全、葡萄与葡萄酒工程),,,511,
0434,山东农业大学,,土木类(土木工程、建筑环境与能源应用工程、道路桥梁与渡河工程、给排水科学与工程),,,512,
0434,山东农业大学,,测绘类(测绘工程、遥感科学与技术),,,517,
0435,青岛农业大学,,植物保护,,,514,
0435,青岛农业大学,,园艺,,,510,
0435,青岛农业大学,,食品科学与工程,,,524,
0435,青岛农业大学,,农林经济管理,,,507,
0435,青岛农业大学,,动物科学,,,515,
0435,青岛农业大学,,公共事业管理,,,539,
0435,青岛农业大学,,设施农业科学与工程,,,506,
0435,青岛农业大学,,土木工程,,,511,
0435,青岛农业大学,,水产类(水产养殖学、水族科学与技术、水生动物医学),,,507,
0438,潍坊医学院,,临床医学,,,555,
0438,潍坊医学院,,麻醉学,,,561,
0438,潍坊医学院,,护理学,,,506,
0438,潍坊医学院,,口腔医学,,,561,
0438,潍坊医学院,,预防医学,,,513,
0438,潍坊医学院,,医学影像学,,,547,
0438,潍坊医学院,,医学检验技术,,,524,
0438,潍坊医学院,,药学,,,500,
0438,潍坊医学院,,眼视光学,,,500,
0438,潍坊医学院,,康复治疗学,,,518,
0439,山东第一医科大学,,预防医学,,,525,
0439,山东第一医科大学,,口腔医学技术,,,540,
0440,滨州医学院,,特殊教育,,,479,
0440,滨州医学院,,公共事业管理,,,470,
0440,滨州医学院,,临床医学,,,563,
0440,滨州医学院,,麻醉学,,,553,
0440,滨州医学院,,预防医学,,,525,
0440,滨州医学院,,药学,,,476,
0440,滨州医学院,,健康服务与管理,,,448,
0441,山东中医药大学,,中医学,,,575,
0441,山东中医药大学,,中医骨伤科学,,,550,
0441,山东中医药大学,,中西医临床医学,,,536,
0441,山东中医药大学,,中药学,,,556,
0441,山东中医药大学,,药学,,,531,
0441,山东中医药大学,,制药工程,,,548,
0441,山东中医药大学,,针灸推拿学,,,557,
0441,山东中医药大学,,康复治疗学,,,514,
0441,山东中医药大学,,护理学,,,513,
0441,山东中医药大学,,应用心理学,,,529,
0441,山东中医药大学,,公共事业管理,,,503,
0441,山东中医药大学,,眼视光学,,,532,
0441,山东中医药大学,,康复物理治疗,,,517,
0441,山东中医药大学,,眼视光学(中外合作办学),,,473,
0443,济宁医学院,,临床医学,,,519,
0443,济宁医学院,,医学影像学,,,547,
0443,济宁医学院,,精神医学,,,499,
0443,济宁医学院,,口腔医学,,,553,
0443,济宁医学院,,预防医学,,,503,
0443,济宁医学院,,针灸推拿学,,,509,
0443,济宁医学院,,中西医临床医学,,,510,
0443,济宁医学院,,法医学,,,550,
0443,济宁医学院,,食品质量与安全,,,497,
0443,济宁医学院,,医学检验技术,,,506,
0443,济宁医学院,,康复治疗学,,,491,
0443,济宁医学院,,卫生检验与检疫,,,485,
0443,济宁医学院,,护理学,,,498,
0443,济宁医学院,,助产学,,,507,
0443,济宁医学院,,药学,,,497,
0443,济宁医学院,,药物制剂,,,478,
0443,济宁医学院,,中药学,,,487,
0445,山东师范大学,,金融学类(金融学、国际经济与贸易),,,568,
0445,山东师范大学,,教育技术学(师范类),,,566,
0445,山东师范大学,,中国语言文学类(汉语言文学、汉语言、秘书学),,,589,
0445,山东师范大学,,新闻传播学类(新闻学、网络与新媒体),,,583,
0445,山东师范大学,,历史学类(历史学、世界史),,,555,
0445,山东师范大学,,数学与应用数学(师范类),,,617,
0445,山东师范大学,,物理学(师范类),,,589,
0445,山东师范大学,,电子信息类(电子信息工程、电子科学与技术、光电信息科学与工程),,,564,
0445,山东师范大学,,化学(师范类),,,628,
0445,山东师范大学,,化工与制药类(化学工程与工艺、制药工程),,,566,
0445,山东师范大学,,食品科学与工程,,,547,
0445,山东师范大学,,生物科学类(生物科学、生物技术),,,582,
0445,山东师范大学,,地理科学类(地理科学、地理信息科学),,,577,
0445,山东师范大学,,心理学类(心理学、应用心理学),,,576,
0445,山东师范大学,,通信工程,,,566,
0445,山东师范大学,,计算机类(计算机科学与技术、物联网工程、网络空间安全),,,577,
0445,山东师范大学,,信息管理与信息系统,,,554,
0445,山东师范大学,,工商管理类(工商管理、会计学),,,568,
0445,山东师范大学,,物流管理(中外合作办学),,,505,
0445,山东师范大学,,财务管理(中外合作办学),,,522,
0445,山东师范大学,,公共管理类(行政管理、劳动与社会保障),,,545,
0446,曲阜师范大学,,教育技术学(师范类),,,540,
0446,曲阜师范大学,,朝鲜语,,,518,
0446,曲阜师范大学,,日语(师范类),,,552,
0446,曲阜师范大学,,自动化,,,542,
0446,曲阜师范大学,,化学(师范类),,,565,
0446,曲阜师范大学,,生物工程,,,538,
0446,曲阜师范大学,,数学与应用数学(师范类),,,585,
0446,曲阜师范大学,,网络工程,,,542,
0447,聊城大学,,经济学,,,518,
0447,聊城大学,,数学与应用数学(师范类),,,530,
0447,聊城大学,,生物科学(师范类),,,530,
0447,聊城大学,,车辆工程,,,499,
0447,聊城大学,,金属材料工程,,,484,
0447,聊城大学,,化学工程与工艺,,,502,
0447,聊城大学,,制药工程,,,504,
0447,聊城大学,,工程管理,,,499,
0447,聊城大学,,工商管理,,,510,
0447,聊城大学,,会计学,,,522,
0448,德州学院,,护理学,,,486,
0449,滨州学院,,英语(师范类),,,507,
0449,滨州学院,,电气工程及其自动化,,,492,
0451,鲁东大学,,心理学(师范类),,,521,
0451,鲁东大学,,财务管理,,,523,
0451,鲁东大学,,数学与应用数学(师范类),,,552,
0451,鲁东大学,,新能源材料与器件,,,520,
0451,鲁东大学,,生物科学(师范类),,,545,
0451,鲁东大学,,地理科学(师范类),,,545,
0451,鲁东大学,,环境工程,,,517,
0451,鲁东大学,,土木工程,,,524,
0451,鲁东大学,,港口航道与海岸工程,,,520,
0451,鲁东大学,,食品科学与工程,,,517,
0451,鲁东大学,,电气工程及其自动化,,,549,
0451,鲁东大学,,计算机科学与技术,,,546,
0451,鲁东大学,,农学,,,513,
0451,鲁东大学,,园艺,,,509,
0451,鲁东大学,,水产养殖学,,,501,
0451,鲁东大学,,机械类(机械设计制造及其自动化、车辆工程、智能制造工程),,,537,
0452,临沂大学,,物理学(师范类),,,513,
0452,临沂大学,,地理科学(师范类),,,521,
0452,临沂大学,,医学检验技术,,,493,
0452,临沂大学,,制药工程,,,487,
0453,泰山学院,,化工与制药类(化学工程与工艺、制药工程),,,435,
0453,泰山学院,,机械类(机械设计制造及其自动化、工业设计),,,459,
0453,泰山学院,,生物科学类(生物技术、生物科学),,,443,
0454,济宁学院,,商务英语,,,475,
0454,济宁学院,,生物工程,,,446,
0455,菏泽学院,,食品科学与工程,,,474,
0455,菏泽学院,,物理学(师范类),,,498,
0456,山东财经大学,,财政学类(财政学、税收学),,,578,
0456,山东财经大学,,金融学类(金融学、金融工程、金融科技、投资学),,,577,
0456,山东财经大学,,经济与贸易类(国际经济与贸易、贸易经济、国际商务),,,576,
0456,山东财经大学,,管理科学与工程类(信息管理与信息系统、工程管理、大数据管理与应用),,,563,
0456,山东财经大学,,工商管理类(会计学、财务管理、审计学、资产评估),,,584,
0456,山东财经大学,,法学,,,572,
0456,山东财经大学,,经济统计学,,,570,
0456,山东财经大学,,计算机类(人工智能、计算机科学与技术、数字媒体技术),,,571,
0459,郑州大学,,经济学类(经济学、经济统计学、金融学、国际经济与贸易),,,602,
0459,郑州大学,,工商管理类(工商管理、财务管理、会计学),,,615,
0459,郑州大学,,旅游管理类(旅游管理、酒店管理、市场营销),,,586,
0459,郑州大学,,法学类(法学、知识产权),,,615,
0459,郑州大学,,中国语言文学类(汉语言文学、汉语国际教育),,,601,
0459,郑州大学,,新闻传播学类(新闻学、广播电视学、广告学、网络与新媒体),,,597,
0459,郑州大学,,外国语言文学类(日语、德语、俄语、英语),,,603,
0459,郑州大学,,教育学类(教育学、应用心理学),,,592,
0459,郑州大学,,数学类(数学与应用数学、信息与计算科学、统计学、金融数学),,,600,
0459,郑州大学,,化学类(含国际化班)(化学、应用化学),,,593,
0459,郑州大学,,物理学类(物理学、应用物理学、电子科学与技术、测控技术与仪器),,,594,
0459,郑州大学,,电子信息类(电子信息工程、通信工程),,,606,
0459,郑州大学,,计算机类(计算机科学与技术、软件工程),,,608,
0459,郑州大学,,自动化类(自动化、轨道交通信号与控制、生物医学工程、电气工程及其自动化),,,602,
0459,郑州大学,,材料类(材料科学与工程、高分子材料与工程、材料化学),,,590,
0459,郑州大学,,机械类(机械工程、工业设计、能源与动力工程、过程装备与控制工程),,,595,
0459,郑州大学,,土木类(土木工程、建筑环境与能源应用工程、城市地下空间工程、交通工程),,,588,
0459,郑州大学,,水利类(水利水电工程、水文与水资源工程、给排水科学与工程、道路桥梁与渡河工程),,,591,
0459,郑州大学,,建筑类[建筑学(学制五年)、城乡规划(学制五年)、风景园林],,,600,
0459,郑州大学,,管理科学与工程类(工程管理、物流管理、工业工程、电子商务),,,589,
0459,郑州大学,,力学类(工程力学、安全工程),,,587,
0459,郑州大学,,生物科学类(生物技术、生物信息学、生物工程、植物科学与技术),,,588,
0459,郑州大学,,环境科学与工程类(环境工程、环境科学),,,584,
0459,郑州大学,,基础医学(国际化班),,,585,
0459,郑州大学,,医学技术类(医学检验技术、医学影像技术、康复治疗学),,,596,
0459,郑州大学,,临床医学类(临床医学、麻醉学、医学影像学、儿科学),,,602,
0460,河南理工大学,,电子信息类(电子信息工程、光电信息科学与工程、微电子科学与工程、通信工程),,,542,
0460,河南理工大学,,机械类(机械设计制造及其自动化、车辆工程),,,537,
0460,河南理工大学,,能源与动力工程,,,535,
0460,河南理工大学,,土木类(土木工程、建筑环境与能源应用工程、城市地下空间工程),,,526,
0460,河南理工大学,,测绘类(测绘工程、遥感科学与技术),,,531,
0460,河南理工大学,,土地资源管理,,,518,
0460,河南理工大学,,人文地理与城乡规划,,,520,
0460,河南理工大学,,采矿工程(智能采矿方向),,,520,
0460,河南理工大学,,安全工程,,,522,
0460,河南理工大学,,材料类(材料科学与工程、材料化学、新能源材料与器件),,,534,
0460,河南理工大学,,计算机类(计算机科学与技术、物联网工程),,,544,
0460,河南理工大学,,数学类(数学与应用数学、信息与计算科学),,,544,
0460,河南理工大学,,建筑类(建筑学、城乡规划),,,529,
0460,河南理工大学,,公共事业管理,,,525,
0462,郑州轻工业大学,,通信工程,,,513,
0462,郑州轻工业大学,,能源与动力工程,,,512,
0462,郑州轻工业大学,,人工智能,,,514,
0462,郑州轻工业大学,,安全工程,,,511,
0462,郑州轻工业大学,,数字媒体技术,,,521,
0462,郑州轻工业大学,,机械设计制造及其自动化,,,516,
0462,郑州轻工业大学,,测控技术与仪器,,,498,
0463,河南工业大学,,材料科学与工程,,,533,
0463,河南工业大学,,测控技术与仪器,,,548,
0463,河南工业大学,,电气工程及其自动化,,,562,
0463,河南工业大学,,法学,,,552,
0463,河南工业大学,,化学工程与工艺,,,537,
0463,河南工业大学,,环境工程,,,522,
0463,河南工业大学,,机械类(过程装备与控制工程、材料成型及控制工程、车辆工程),,,544,
0463,河南工业大学,,机械设计制造及其自动化,,,551,
0463,河南工业大学,,建筑环境与能源应用工程,,,529,
0463,河南工业大学,,建筑学,,,534,
0463,河南工业大学,,交通工程,,,537,
0463,河南工业大学,,金融学(大数据金融),,,537,
0463,河南工业大学,,金融学,,,552,
0463,河南工业大学,,生物技术,,,529,
0463,河南工业大学,,通信工程,,,564,
0463,河南工业大学,,物流管理,,,534,
0463,河南工业大学,,新闻传播学类(广播电视学、新闻学、广告学),,,551,
0463,河南工业大学,,应用化学,,,534,
0463,河南工业大学,,应用物理学,,,531,
0463,河南工业大学,,制药工程,,,533,
0463,河南工业大学,,材料类(高分子材料与工程、复合材料与工程),,,506,
0463,河南工业大学,,食品科学与工程类(食品科学与工程、粮食工程、食品质量与安全),,,544,
0463,河南工业大学,,饲料工程,,,462,
0464,河南科技大学,,机械类(机械设计制造及其自动化、机械电子工程),,,541,
0464,河南科技大学,,材料成型及控制工程,,,533,
0464,河南科技大学,,车辆工程,,,537,
0464,河南科技大学,,材料类(冶金工程、金属材料工程、无机非金属材料工程),,,521,
0464,河南科技大学,,能源与动力工程,,,535,
0464,河南科技大学,,电气工程及其自动化,,,551,
0464,河南科技大学,,电子信息类(电子信息工程、通信工程),,,556,
0464,河南科技大学,,计算机科学与技术,,,559,
0465,中原工学院,,电子信息类(电子信息工程、通信工程),,,476,
0465,中原工学院,,土木类(土木工程、城市地下空间工程),,,458,
0465,中原工学院,,材料成型及控制工程,,,456,
0466,河南农业大学,,机械设计制造及其自动化,,,512,
0466,河南农业大学,,轻工类(烟工类)[食品科学与工程(烟草工程)、香料香精技术与工程],,,516,
0466,河南农业大学,,烟草,,,539,
0466,河南农业大学,,计算机类[计算机科学与技术、数据科学与大数据技术(农业大数据)、人工智能],,,526,
0466,河南农业大学,,管理科学,,,516,
0466,河南农业大学,,食品科学与工程类(食品科学与工程、食品质量与安全、食品营养与健康),,,517,
0467,河南科技学院,,生物工程,,,438,
0467,河南科技学院,,食品质量与安全,,,445,
0467,河南科技学院,,动物科学,,,447,
0467,河南科技学院,,化学工程与工艺,,,432,
0471,河南中医药大学,,中医骨伤科学,,,505,
0471,河南中医药大学,,针灸推拿学,,,516,
0471,河南中医药大学,,护理学,,,506,
0471,河南中医药大学,,计算机类(计算机科学与技术、软件工程、医学信息工程),,,506,
0472,新乡医学院,,临床医学(卓越医生教育培养计划),,,534,
0472,新乡医学院,,临床药学,,,514,
0475,河南大学,,经济学类(经济学、经济统计学、财政学、金融学、国际经济与贸易),,,572,
0475,河南大学,,生物科学(师范类),,,572,
0475,河南大学,,植物科学与技术,,,556,
0475,河南大学,,地理科学类[地理科学(师范)、地理信息科学、人文地理与城乡规划、自然地理与资源环境],,,575,
0475,河南大学,,电子信息类[物理学(师范)、电子信息科学与技术、通信工程、测控技术与仪器],,,575,
0475,河南大学,,土木工程,,,563,
0475,河南大学,,计算机类(计算机科学与技术、信息安全、数据科学与大数据技术),,,580,
0475,河南大学,,国际经济与贸易(中外合作办学),,,535,
0475,河南大学,,会计学(中外合作办学),,,547,
0475,河南大学,,计算机科学与技术(中外合作办学),,,559,
0475,河南大学,,国际经济与贸易(中外合作办学),,,521,
0476,河南师范大学,,物理学(师范类),,,566,
0476,河南师范大学,,计算机科学与技术(师范类),,,552,
0477,信阳师范学院,,土木工程(中外合作办学),,,415,
0477,信阳师范学院,,生物技术(中外合作办学),,,426,
0478,周口师范学院,,日语,,,468,
0478,周口师范学院,,机器人工程,,,454,
0478,周口师范学院,,生物制药,,,453,
0478,周口师范学院,,物联网工程,,,483,
0478,周口师范学院,,网络工程,,,459,
0478,周口师范学院,,计算机科学与技术,,,475,
0478,周口师范学院,,食品质量与安全,,,457,
0478,周口师范学院,,生物工程,,,450,
0478,周口师范学院,,生物技术,,,442,
0478,周口师范学院,,环境工程,,,441,
0478,周口师范学院,,化学工程与工艺,,,438,
0478,周口师范学院,,材料化学,,,440,
0478,周口师范学院,,应用化学,,,490,
0478,周口师范学院,,建筑电气与智能化,,,440,
0478,周口师范学院,,电气工程及其自动化,,,455,
0478,周口师范学院,,光电信息科学与工程,,,438,
0478,周口师范学院,,自动化,,,442,
0478,周口师范学院,,电子信息工程,,,471,
0478,周口师范学院,,应用统计学,,,450,
0478,周口师范学院,,信息与计算科学,,,454,
0478,周口师范学院,,生物科学(师范类),,,512,
0478,周口师范学院,,化学(师范类),,,503,
0478,周口师范学院,,物理学(师范类),,,504,
0478,周口师范学院,,数学与应用数学(师范类),,,514,
0478,周口师范学院,,英语(师范类),,,511,
0478,周口师范学院,,小学教育(师范类),,,503,
0479,安阳师范学院,,计算机类(物联网工程、软件工程、计算机科学与技术),,,515,
0479,安阳师范学院,,化学(师范类),,,513,
0479,安阳师范学院,,电气工程及其自动化,,,501,
0479,安阳师范学院,,数学与应用数学(师范类),,,518,
0481,南阳师范学院,,制药工程,,,445,
0481,南阳师范学院,,机械类(机械电子工程、汽车服务工程),,,445,
0481,南阳师范学院,,软件工程(数据库技术应用方向),,,442,
0481,南阳师范学院,,软件工程(网络攻防方向),,,444,
0481,南阳师范学院,,数学与应用数学(师范类),,,514,
0481,南阳师范学院,,日语,,,475,
0481,南阳师范学院,,电子信息类(电子信息工程、通信工程),,,447,
0482,洛阳师范学院,,物理学(师范类),,,501,
0482,洛阳师范学院,,自动化,,,456,
0482,洛阳师范学院,,数据科学与大数据技术,,,470,
0482,洛阳师范学院,,食品科学与工程,,,447,
0482,洛阳师范学院,,制药工程,,,460,
0483,商丘师范学院,,数学与应用数学(师范类),,,523,
0483,商丘师范学院,,城乡规划,,,481,
0483,商丘师范学院,,生物科学(师范类),,,513,
0483,商丘师范学院,,生物工程,,,460,
0483,商丘师范学院,,动物科学,,,466,
0483,商丘师范学院,,计算机类[计算机科学与技术(师范)、软件工程、物联网工程],,,491,
0483,商丘师范学院,,测绘工程,,,478,
0484,河南财经政法大学,,财政学类(财政学、税收学),,,568,
0484,河南财经政法大学,,经济与贸易类(国际经济与贸易、贸易经济),,,562,
0484,河南财经政法大学,,工商管理类[工商管理、市场营销(大数据营销方向)],,,557,
0484,河南财经政法大学,,会计学,,,576,
0484,河南财经政法大学,,财务管理,,,565,
0484,河南财经政法大学,,物流管理,,,550,
0484,河南财经政法大学,,法学,,,568,
0484,河南财经政法大学,,计算机类(计算机科学与技术、物联网工程),,,560,
0484,河南财经政法大学,,旅游管理类(旅游管理、会展经济与管理),,,562,
0484,河南财经政法大学,,俄语,,,557,
0485,郑州航空工业管理学院,,工商管理类[会计学、会计学(注册会计师方向)、财务管理、审计学、工商管理、人力资源管理、市场营销],,,512,
0485,郑州航空工业管理学院,,工业工程类(工业工程、质量管理工程),,,487,
0485,郑州航空工业管理学院,,物流管理与工程类(物流管理、物流工程),,,480,
0485,郑州航空工业管理学院,,金融学类(金融学、金融工程、保险学),,,498,
0485,郑州航空工业管理学院,,机械类(机械设计制造及其自动化、工业设计、车辆工程),,,494,
0485,郑州航空工业管理学院,,航空航天类(飞行器设计与工程、飞行器动力工程、飞行器质量与可靠性、飞行器适航技术、无人驾驶航空器系统工程),,,497,
0485,郑州航空工业管理学院,,计算机类(计算机科学与技术、软件工程、网络工程、物联网工程),,,500,
0485,郑州航空工业管理学院,,电子信息类(电子信息工程、通信工程),,,493,
0485,郑州航空工业管理学院,,材料类(材料科学与工程、功能材料、材料成型及控制工程),,,481,
0485,郑州航空工业管理学院,,土木类(土木工程、给排水科学与工程),,,482,
0485,郑州航空工业管理学院,,工程管理,,,479,
0485,郑州航空工业管理学院,,环境工程,,,485,
0485,郑州航空工业管理学院,,数学与应用数学,,,478,
0485,郑州航空工业管理学院,,质量管理工程(中外合作办学),,,443,
0485,郑州航空工业管理学院,,信息管理与信息系统(中外合作办学),,,443,
0485,郑州航空工业管理学院,,自动化(中外合作办学),,,478,
0485,郑州航空工业管理学院,,材料成型及控制工程(中外合作办学),,,403,
0486,武汉大学,,工商管理类[工程管理、物流管理、工商管理(国家级一流本科专业)、市场营销(国家级一流本科专业)、会计学、财务管理、人力资源管理、管理科学],,,659,
0486,武汉大学,,数学类(含数学国家拔尖学生培养基地)[数学与应用数学(国家级一流本科专业)、信息与计算科学(国家级一流本科专业)、统计学、数据科学与大数据技术],,,668,
0486,武汉大学,,物理学类(含物理学国家拔尖学生培养基地)[物理学(国家级一流本科专业)、材料物理、微电子科学与工程],,,658,
0486,武汉大学,,化学类(含化学国家拔尖学生培养基地)[化学(国家级一流本科专业)、应用化学],,,657,
0486,武汉大学,,生物科学类(含生物国家拔尖学生培养基地)[生物科学(国家级一流本科专业)、生物技术、生态学],,,661,
0486,武汉大学,,计算机类(国家网络安全学院)[信息安全(国家级一流本科专业)、网络空间安全],,,663,
0486,武汉大学,,社会科学试验班(信息管理类)[图书馆学(国家级一流本科专业)、档案学、信息管理与信息系统(国家级一流本科专业)、电子商务(国家级一流本科专业)、编辑出版学(国家级一流本科专业)],,,654,
0486,武汉大学,,理科试验班(空间信息与资源环境类)[地理信息科学(国家级一流本科专业)、环境科学、地理科学(国家级一流本科专业)、人文地理与城乡规划、土地资源管理(国家级一流本科专业)、环境工程(国家级一流本科专业)],,,654,
0486,武汉大学,,金融学类(弘毅学堂数理经济与数理金融试验班)(经济学、金融学),,,664,
0486,武汉大学,,临床医学(八年制),,,668,
0486,武汉大学,,临床医学(五加三一体化),,,663,
0486,武汉大学,,计算机类(计算机学院)[计算机科学与技术(国家级一流本科专业)、人工智能、软件工程(国家级一流本科专业)],,,665,
0486,武汉大学,,工科试验班(一流学科群)[自动化、机械设计制造及其自动化(国家级一流本科专业)、材料成型及控制工程、金属材料工程、能源与动力工程(国家级一流本科专业)、能源化学工程、核工程与核技术、工程力学、农业水利工程(国家级一流本科专业)、水文与水资源工程(国家级一流本科专业)、港口航道与海岸工程、给排水科学与工程(国家级一流本科专业)、水利水电工程(国家级一流本科专业)、土木工程(国家级一流本科专业)、电气工程及其自动化(国家级一流本科专业)],,,654,
0486,武汉大学,,电子信息类(含卓越工程师教育培养计划)[电子信息工程(国家级一流本科专业)、通信工程(国家级一流本科专业)、电波传播与天线、电子信息科学与技术、测控技术与仪器、光电信息科学与工程],,,660,
0486,武汉大学,,测绘类(含卓越工程师教育培养计划)[测绘工程(国家级一流本科专业)、导航工程],,,655,
0486,武汉大学,,遥感科学与技术(国家一流本科专业),,,659,
0487,华中科技大学,,物理学类(物理学、应用物理学),,,653,
0487,华中科技大学,,机械类(机械学院)[机械设计制造及其自动化(智能制造、先进电子制造、机器人、测控)、工业工程],,,661,
0487,华中科技大学,,材料类(材料成型及控制工程、电子封装技术、材料科学与工程),,,653,
0487,华中科技大学,,能源动力类(能源与动力工程、储能科学与工程、新能源科学与工程),,,656,
0487,华中科技大学,,电气工程及其自动化,,,664,
0487,华中科技大学,,电子信息类(光电学院)(光电信息科学与工程、集成电路设计与集成系统、电子科学与技术、微电子科学与工程),,,668,
0487,华中科技大学,,计算机类(计算机学院)(计算机科学与技术、数据科学与大数据技术、物联网工程),,,671,
0487,华中科技大学,,自动化类(AI试验班)(人工智能、自动化),,,666,
0487,华中科技大学,,临床医学(本硕博贯通培养),,,672,
0487,华中科技大学,,临床医学类(同济医学院)(临床医学、口腔医学、儿科学、医学影像学),,,660,
0487,华中科技大学,,经济学(创新实验班),,,653,
0488,武汉科技大学,,机械类(机械工程、机械电子工程、工业工程、测控技术与仪器、智能制造工程),,,578,
0488,武汉科技大学,,计算机类(计算机科学与技术、软件工程、网络工程、信息安全),,,591,
0488,武汉科技大学,,自动化类(电子信息工程、电子科学与技术、通信工程、电气工程及其自动化、自动化、机器人工程),,,585,
0488,武汉科技大学,,材料类(材料化学、冶金工程、金属材料工程、无机非金属材料工程、材料成型及控制工程、能源与动力工程),,,574,
0488,武汉科技大学,,化工与制药类(化学工程与工艺、生物工程),,,574,
0489,长江大学,,经济学类(国际经济与贸易、经济学、农林经济管理),,,548,
0489,长江大学,,金融学(含荆楚卓越人才协同育人计划),,,544,
0489,长江大学,,光电信息科学与工程,,,541,
0489,长江大学,,化学类(含省支柱产业人才培养计划)[化学(师范类)、应用化学(能源、精细化学品及应用)],,,538,
0489,长江大学,,环境工程(水处理、环境监测),,,514,
0489,长江大学,,化工与制药类[化学工程与工艺(绿色化工、能源化工)、高分子材料与工程(功能高分子材料、新能源材料)],,,530,
0489,长江大学,,工业设计(智能化产品),,,539,
0489,长江大学,,机械类(含教育部卓越工程师、省支柱人才培养计划)[机器人工程、机械设计制造及其自动化(智能装备)、材料成型及控制工程(智能材料与先进制造)、过程装备与控制工程(智能生产系统管理)],,,541,
0489,长江大学,,电子信息类(国家一流专业、教育部卓越工程师培养计划)(人工智能、电子信息工程、通信工程),,,546,
0489,长江大学,,电气类(含省支柱产业计划、荆楚卓越人才计划)(电气工程及其自动化、自动化),,,547,
0489,长江大学,,计算机类[计算机科学与技术、软件工程、物联网工程、网络工程(含大数据)],,,548,
0489,长江大学,,环境科学与工程类[水文与水资源工程、环境生态工程、地球化学(资源、环境)],,,522,
0489,长江大学,,地球物理学类(国家特色专业，含教育部卓越工程师计划)[地球物理学(能源与工程、智慧地球)、勘查技术与工程(测井、物探)],,,530,
0489,长江大学,,资源勘查工程(石油勘探、新能源、油气测录工程),,,525,
0489,长江大学,,地质学类[地球信息科学与技术、地质学(工程地质、资源地质)],,,524,
0489,长江大学,,地理信息科学(GIS、测绘，含省支柱产业人才计划),,,541,
0489,长江大学,,油气储运工程(含中俄能源方向),,,526,
0489,长江大学,,石油工程(含中俄能源方向、教育部卓越工程师计划),,,543,
0489,长江大学,,海洋油气工程,,,523,
0489,长江大学,,植物生产类(含教育部卓越农林计划、省支柱产业计划)[农学(现代农业)、植物保护(植物医学)],,,521,
0489,长江大学,,农业资源与环境(生态农业),,,516,
0489,长江大学,,动物医学类(含教育部卓越农林人才教育培养计划)[动物医学、动物科学(动物生物信息与大数据)、水产养殖学(水生医学)],,,531,
0489,长江大学,,生物科学类[生物技术(生物的制药、省支柱产业人才培养计划)、生物工程(含教育部卓越工程师教育培养计划)],,,552,
0489,长江大学,,临床医学(含教育部卓越医生、省荆楚卓越人才育人计划),,,547,
0489,长江大学,,中西医临床医学,,,533,
0489,长江大学,,土木类(含省荆楚卓越人才协同育人计划)(智能建造、给排水科学与工程、土木工程),,,531,
0489,长江大学,,物理学类(含省荆楚卓越协同育人计划)[物理学(师范类)、应用物理学],,,544,
0490,武汉工程大学,,化工与制药类(化学工程与工艺、制药工程、能源化学工程、药物制剂),,,562,
0490,武汉工程大学,,化学工程与工艺(中外合作办学),,,502,
0490,武汉工程大学,,机械类(机器人工程、机械设计制造及其自动化、过程装备与控制工程、材料成型及控制工程、机械电子工程、机械工程),,,568,
0490,武汉工程大学,,电子信息类(电子信息工程、通信工程、信息工程),,,574,
0490,武汉工程大学,,自动化类(自动化、测控技术与仪器),,,576,
0490,武汉工程大学,,电气工程及其自动化,,,575,
0490,武汉工程大学,,材料物理(半导体芯片制造方向),,,560,
0490,武汉工程大学,,新能源材料与器件(光电与智能材料方向),,,564,
0490,武汉工程大学,,计算机类(计算机科学与技术、智能科学与技术、物联网工程、网络空间安全、数字媒体技术),,,581,
0490,武汉工程大学,,软件工程,,,580,
0490,武汉工程大学,,人工智能,,,572,
0490,武汉工程大学,,信息与计算科学,,,569,
0490,武汉工程大学,,数据科学与大数据技术,,,579,
0490,武汉工程大学,,能源与动力工程(中外合作办学),,,507,
0491,中国地质大学(武汉),,地质学类(国家拔尖计划，国家理科基地班)(地质学),,,602,
0491,中国地质大学(武汉),,地质类(资源能源)(资源勘查工程、石油工程),,,598,
0491,中国地质大学(武汉),,材料类(材料科学与工程、材料化学),,,594,
0491,中国地质大学(武汉),,土木类(土木工程、城市地下空间工程),,,590,
0491,中国地质大学(武汉),,地质类[地质工程、勘查技术与工程(钻探工程方向)],,,587,
0491,中国地质大学(武汉),,安全科学与工程类(安全工程、应急技术与管理),,,587,
0491,中国地质大学(武汉),,地球物理学类(地球物理与信息类)(地球物理学、地球信息科学与技术、勘查技术与工程),,,588,
0491,中国地质大学(武汉),,海洋科学类(海洋科学、海洋工程与技术),,,585,
0491,中国地质大学(武汉),,机械类(机械设计制造及其自动化、工业设计),,,597,
0491,中国地质大学(武汉),,电子信息类(电子信息工程、通信工程),,,607,
0491,中国地质大学(武汉),,统计学,,,596,
0491,中国地质大学(武汉),,管理科学与工程类(信息管理与信息系统、工程管理),,,592,
0491,中国地质大学(武汉),,地理科学类(地理科学、地理信息科学),,,597,
0491,中国地质大学(武汉),,测绘类(测绘与信息类)(测绘工程、遥感科学与技术、地理空间信息工程、软件工程),,,598,
0491,中国地质大学(武汉),,数学类(数学与应用数学、信息与计算科学),,,600,
0491,中国地质大学(武汉),,土地资源管理,,,587,
0491,中国地质大学(武汉),,计算机类(计算机科学与技术、信息安全、智能科学与技术、空间信息与数字技术、数据科学与大数据技术),,,609,
0491,中国地质大学(武汉),,应急管理,,,587,
0495,武汉纺织大学,,材料类(高分子材料与工程、复合材料与工程、材料科学与工程),,,542,
0495,武汉纺织大学,,化学类(应用化学、化学工程与工艺、资源循环科学与工程、轻化工程),,,535,
0495,武汉纺织大学,,计算机类(计算机科学与技术、软件工程、物联网工程、数据科学与大数据技术),,,552,
0496,武汉轻工大学,,食品科学与工程类(食品科学与工程、食品质量与安全、粮食工程),,,554,
0496,武汉轻工大学,,计算机类(计算机科学与技术、软件工程、数据科学与大数据技术、人工智能),,,557,
0497,武汉理工大学,,材料成型及控制工程,,,608,
0497,武汉理工大学,,材料类(材料科学与工程、材料物理、材料化学、无机非金属材料工程、高分子材料与工程、复合材料与工程、新能源材料与器件),,,612,
0497,武汉理工大学,,海洋工程类(港口航道与海岸工程、船舶与海洋工程),,,606,
0497,武汉理工大学,,机械类(车辆)[车辆工程、能源与动力工程(车辆)、汽车服务工程、储能科学与工程],,,612,
0497,武汉理工大学,,机械类(机电工程)(智能制造工程、工业工程、机械工程、过程装备与控制工程、测控技术与仪器),,,612,
0497,武汉理工大学,,能源动力类[能源与动力工程(船舶)、油气储运工程],,,607,
0497,武汉理工大学,,土木类(土木工程、建筑环境与能源应用工程、给排水科学与工程、工程管理),,,606,
0497,武汉理工大学,,电子信息类(电子信息工程、电子科学与技术、通信工程、信息工程),,,619,
0497,武汉理工大学,,计算机类(计算机科学与技术、软件工程、物联网工程、数据科学与大数据技术、人工智能),,,620,
0497,武汉理工大学,,自动化类(电气工程及其自动化、自动化、机器人工程),,,614,
0497,武汉理工大学,,物流管理与工程类(物流管理、物流工程),,,605,
0497,武汉理工大学,,机械设计制造及其自动化,,,611,
0497,武汉理工大学,,数学类(光电信息科学与工程、电子信息科学与技术、信息与计算科学、统计学、工程力学),,,615,
0497,武汉理工大学,,化工与制药类(含生物方向)(化学工程与工艺、制药工程、生物制药、生物技术),,,609,
0497,武汉理工大学,,信息管理与信息系统,,,611,
0497,武汉理工大学,,工业设计,,,609,
0497,武汉理工大学,,管理科学与工程类(大数据管理与安全科学)(安全工程、应急管理、大数据管理与应用),,,610,
0497,武汉理工大学,,生物科学类(中外合作办学)[制药工程(中外合作办学)、生物技术(中外合作办学)],,,571,
0500,湖北工业大学,,机械类(机械设计制造及其自动化、工业工程),,,568,
0500,湖北工业大学,,电气工程及其自动化,,,575,
0500,湖北工业大学,,数据科学与大数据技术,,,572,
0504,华中农业大学,,动物科学(国家卓越农林人才计划),,,588,
0504,华中农业大学,,动物医学,,,604,
0504,华中农业大学,,环境科学与工程类[农业资源与环境(国家卓越农林人才计划)、环境工程、环境科学、环境生态工程、生态学],,,580,
0504,华中农业大学,,风景园林,,,596,
0504,华中农业大学,,园林(国家卓越农林人才计划),,,585,
0504,华中农业大学,,园艺(国家卓越农林人才计划),,,591,
0504,华中农业大学,,经济学类[经济学、国际经济与贸易、经济统计学、农林经济管理(国家卓越农林人才计划)、农村区域发展],,,588,
0504,华中农业大学,,工商管理类(市场营销、人力资源管理、会计学、财务管理、工商管理),,,588,
0504,华中农业大学,,应用化学,,,582,
0504,华中农业大学,,生物信息学,,,584,
0504,华中农业大学,,地理信息科学,,,585,
0504,华中农业大学,,生物科学类[生物科学(国家生物学理科基地班)、生物技术(国家生命科学与技术基地班)],,,603,
0504,华中农业大学,,农业工程类[农业机械化及其自动化(国家卓越工程师计划)、能源与动力工程],,,585,
0504,华中农业大学,,机械类(机械设计制造及其自动化、机械电子工程、自动化、机器人工程),,,593,
0504,华中农业大学,,水产类[水产养殖学(国家卓越农林人才计划)、水族科学与技术],,,574,
0504,华中农业大学,,植物生产类[农学(国家卓越农林人才计划)、植物科学与技术、种子科学与工程、植物保护(国家卓越农林人才计划)、应用生物科学],,,581,
0504,华中农业大学,,社会学类(社会学、社会工作),,,581,
0504,华中农业大学,,管理科学与工程类(工程管理、信息管理与信息系统),,,587,
0504,华中农业大学,,智慧农业,,,587,
0504,华中农业大学,,光电信息科学与工程,,,592,
0504,华中农业大学,,计算机类(计算机科学与技术、数据科学与大数据技术、人工智能),,,598,
0507,湖北中医药大学,,中西医临床医学,,,535,
0507,湖北中医药大学,,中药学,,,527,
0507,湖北中医药大学,,药学,,,532,
0507,湖北中医药大学,,制药工程,,,529,
0507,湖北中医药大学,,药物制剂,,,530,
0507,湖北中医药大学,,中药资源与开发,,,522,
0507,湖北中医药大学,,医学检验技术,,,556,
0507,湖北中医药大学,,卫生检验与检疫,,,526,
0507,湖北中医药大学,,医学影像技术,,,529,
0507,湖北中医药大学,,信息管理与信息系统,,,529,
0507,湖北中医药大学,,医学信息工程,,,528,
0507,湖北中医药大学,,物联网工程,,,529,
0507,湖北中医药大学,,医学实验技术,,,521,
0511,华中师范大学,,统计学,,,636,
0511,华中师范大学,,电子信息类(电子信息科学与技术、通信工程),,,634,
0511,华中师范大学,,生物科学类[生物技术、生物科学、生物科学(化学生物交叉班)],,,633,
0511,华中师范大学,,电子商务,,,626,
0511,华中师范大学,,经济学类[经济学、国际经济与贸易、工商管理、人力资源管理、财务会计教育、经济学(数学经济学交叉班)、经济学(法学经济学交叉班)],,,630,
0511,华中师范大学,,少数民族预科班,,,608,
0512,湖北大学,,生物科学类(生物科学、生物技术、生物信息学),,,565,
0512,湖北大学,,化学类(化学创新人才培养计划)(化学、应用化学、化学生物学),,,559,
0512,湖北大学,,材料类(材料科学与工程、材料化学、高分子材料与工程、新能源材料与器件),,,564,
0512,湖北大学,,新闻传播学类(新闻学、广播电视学、广告学、传播学),,,570,
0512,湖北大学,,信息安全,,,574,
0513,湖北师范大学,,化学类(化学、应用化学),,,536,
0513,湖北师范大学,,环境工程,,,512,
0513,湖北师范大学,,生物科学类(生物科学、生物技术),,,543,
0517,湖北民族大学,,临床医学,,,507,
0517,湖北民族大学,,计算机类(计算机科学与技术、数据科学与大数据技术、信息安全),,,489,
0519,湖北文理学院,,计算机类(计算机科学与技术、软件工程、物联网工程),,,476,
0519,湖北文理学院,,交通设备与控制工程(智能交通方向),,,446,
0520,中南财经政法大学,,金融学类[金融学(国家级一流本科专业)、金融工程(国家级一流本科专业)、投资学(国家级一流本科专业)、保险学、保险学(保险精算方向)],,,645,
0520,中南财经政法大学,,法学类[法学(国家级一流本科专业)、法学(民商法方向)、法学(涉外经贸法方向)、法学(政府法制方向)、法学(刑事司法方向)、知识产权],,,646,
0520,中南财经政法大学,,俄语,,,630,
0520,中南财经政法大学,,新闻传播学类(新闻学、广播电视学、网络与新媒体),,,631,
0520,中南财经政法大学,,工商管理类[工商管理(国家级一流本科专业)、市场营销(国家级一流本科专业)、农林经济管理(国家级一流本科专业)、旅游管理(国家级一流本科专业)、电子商务、物流管理、人力资源管理、工商管理(商务分析方向)],,,638,
0520,中南财经政法大学,,工商管理类(财务会计)[会计学(国家级一流本科专业)、财务管理(国家级一流本科专业)],,,646,
0520,中南财经政法大学,,统计学类[统计学(国家级一流本科专业)、应用统计学、数据科学与大数据技术],,,640,
0520,中南财经政法大学,,计算机类[计算机科学与技术(国家级一流本科专业)、信息安全、信息管理与信息系统、大数据管理与应用],,,637,
0520,中南财经政法大学,,少数民族预科班,,,629,
0524,中南民族大学,,经济学类(经济学、经济统计学、金融学、金融工程、保险学、国际经济与贸易),,,559,
0524,中南民族大学,,机械设计制造及其自动化,,,557,
0524,中南民族大学,,电子信息类(电子信息工程、通信工程、光电信息科学与工程、集成电路设计与集成系统),,,565,
0524,中南民族大学,,计算机类(计算机科学与技术、软件工程、网络工程、人工智能),,,566,
0524,中南民族大学,,数学类(数学与应用数学、信息与计算科学、应用统计学、数据科学与大数据技术),,,546,
0524,中南民族大学,,电子信息类(电子信息工程、通信工程、光电信息科学与工程、集成电路设计与集成系统),,,556,
0524,中南民族大学,,计算机类(计算机科学与技术、软件工程、网络工程、人工智能),,,562,
0524,中南民族大学,,生物医学工程类(生物医学工程、医学信息工程),,,540,
0524,中南民族大学,,生物科学类(生物技术、生物工程、生物制药、食品质量与安全),,,507,
0524,中南民族大学,,少数民族预科班,,,539,
0525,湖北汽车工业学院,,车辆工程(含教育部卓越计划班),,,543,
0525,湖北汽车工业学院,,新能源材料与器件,,,532,
0528,湖北工程学院,,金融工程,,,504,
0528,湖北工程学院,,食品科学与工程,,,478,
0528,湖北工程学院,,机械电子工程,,,501,
0528,湖北工程学院,,土木工程,,,499,
0528,湖北工程学院,,材料类(材料科学与工程、材料化学、高分子材料与工程),,,479,
0528,湖北工程学院,,电子信息类(电子信息工程、光电信息科学与工程、电子信息科学与技术),,,522,
0528,湖北工程学院,,计算机类(计算机科学与技术、软件工程、物联网工程、网络空间安全),,,512,
0530,湘潭大学,,金融学,,,571,
0530,湘潭大学,,工商管理,,,568,
0530,湘潭大学,,信息管理与信息系统,,,568,
0530,湘潭大学,,数学类(数学与应用数学、信息与计算科学、统计学),,,588,
0530,湘潭大学,,数据科学与大数据技术,,,584,
0530,湘潭大学,,物理学,,,573,
0530,湘潭大学,,光电信息科学与工程,,,578,
0530,湘潭大学,,材料科学与工程,,,565,
0530,湘潭大学,,化学,,,562,
0530,湘潭大学,,应用化学,,,559,
0530,湘潭大学,,化学工程与工艺,,,561,
0530,湘潭大学,,制药工程,,,558,
0530,湘潭大学,,机械设计制造及其自动化,,,571,
0530,湘潭大学,,能源动力类(能源与动力工程、过程装备与控制工程),,,562,
0530,湘潭大学,,电子信息工程,,,584,
0530,湘潭大学,,自动化,,,577,
0530,湘潭大学,,软件工程,,,593,
0530,湘潭大学,,土木工程,,,560,
0530,湘潭大学,,测绘工程,,,554,
0530,湘潭大学,,环境科学,,,557,
0530,湘潭大学,,安全工程,,,555,
0531,吉首大学,,医学影像技术,,,499,
0531,吉首大学,,计算机科学与技术,,,504,
0531,吉首大学,,机械设计制造及其自动化,,,492,
0531,吉首大学,,城乡规划,,,483,
0531,吉首大学,,数学与应用数学(师范类),,,515,
0531,吉首大学,,食品科学与工程,,,498,
0532,湖南大学,,材料科学与工程,,,624,
0532,湖南大学,,测控技术与仪器,,,636,
0532,湖南大学,,电气工程及其自动化,,,638,
0532,湖南大学,,电子信息工程,,,642,
0532,湖南大学,,法学,,,641,
0532,湖南大学,,工商管理,,,633,
0532,湖南大学,,会计学,,,636,
0532,湖南大学,,电子商务,,,633,
0532,湖南大学,,化学类(化学、应用化学),,,621,
0532,湖南大学,,化学工程与工艺,,,624,
0532,湖南大学,,环境科学与工程类(环境工程、环境科学),,,631,
0532,湖南大学,,机械类(机械设计制造及其自动化、车辆工程、工业工程、工程力学),,,633,
0532,湖南大学,,能源与动力工程,,,635,
0532,湖南大学,,建筑学,,,638,
0532,湖南大学,,城乡规划,,,628,
0532,湖南大学,,金融学,,,637,
0532,湖南大学,,精算学,,,636,
0532,湖南大学,,统计学类(统计学、经济统计学),,,642,
0532,湖南大学,,经济学类(经济学、财政学),,,635,
0532,湖南大学,,国际经济与贸易(实验班),,,636,
0532,湖南大学,,工业设计,,,628,
0532,湖南大学,,生物技术,,,626,
0532,湖南大学,,生物医学工程,,,633,
0532,湖南大学,,数学类(数学与应用数学、信息与计算科学),,,635,
0532,湖南大学,,土木类(土木工程、工程管理),,,626,
0532,湖南大学,,建筑环境与能源应用工程,,,627,
0532,湖南大学,,给排水科学与工程,,,629,
0532,湖南大学,,电子科学与技术,,,636,
0532,湖南大学,,新闻传播学类(新闻学、广告学),,,638,
0532,湖南大学,,通信工程,,,638,
0532,湖南大学,,计算机科学与技术(拔尖实验班),,,646,
0532,湖南大学,,计算机科学与技术(智能班),,,645,
0532,湖南大学,,软件工程,,,639,
0532,湖南大学,,信息安全,,,636,
0532,湖南大学,,机器人工程,,,638,
0532,湖南大学,,智能制造工程,,,634,
0532,湖南大学,,少数民族预科班,,,619,
0533,中南大学,,软件工程,,,646,
0533,中南大学,,临床医学(八年制),,,669,
0533,中南大学,,口腔医学(5+3一体化),,,664,
0533,中南大学,,金融学类(经济管理类)(国际经济与贸易、金融学、工商管理、会计学、行政管理),,,645,
0533,中南大学,,建筑类(建筑城规类)(建筑学、城乡规划),,,639,
0533,中南大学,,数学类(数学物理类)(数学与应用数学、信息与计算科学、统计学、应用物理学),,,643,
0533,中南大学,,化工与制药类(化学生物环境类)(应用化学、化学工程与工艺、制药工程、生物工程、生物技术),,,634,
0533,中南大学,,材料类(冶金材料类)(材料科学与工程、材料化学、粉体材料科学与工程、冶金工程、新能源材料与器件、无机非金属材料工程),,,633,
0533,中南大学,,土木类(土木安全类)(土木工程、铁道工程、工程力学、消防工程、工程管理、城市地下空间工程、安全工程),,,634,
0533,中南大学,,交通运输类(交通运输、交通设备与控制工程、轨道交通信号与控制、物流工程),,,638,
0533,中南大学,,机械类(机械设计制造及其自动化、车辆工程、微电子科学与工程),,,641,
0533,中南大学,,能源动力类(能源类)(能源与动力工程、新能源科学与工程、建筑环境与能源应用工程),,,640,
0533,中南大学,,电子信息类(光电信息科学与工程、电子信息科学与技术),,,645,
0533,中南大学,,自动化类(电气工程及其自动化、自动化、测控技术与仪器、电子信息工程、人工智能),,,644,
0533,中南大学,,计算机类(计算机通信类)(计算机科学与技术、信息安全、通信工程、数据科学与大数据技术),,,648,
0533,中南大学,,航空航天类(航空航天工程、探测制导与控制技术),,,640,
0533,中南大学,,临床医学类(临床及口腔五年制医学类)[临床医学(五年制)、口腔医学(五年制)、麻醉学、精神医学],,,652,
0533,中南大学,,公共卫生与预防医学类(非临床五年制医学类)(预防医学、基础医学、临床药学),,,630,
0534,湖南科技大学,,安全工程,,,537,
0534,湖南科技大学,,勘查技术与工程,,,522,
0534,湖南科技大学,,测绘工程,,,543,
0534,湖南科技大学,,土木工程,,,532,
0534,湖南科技大学,,建筑环境与能源应用工程,,,528,
0534,湖南科技大学,,机械设计制造及其自动化,,,565,
0534,湖南科技大学,,测控技术与仪器,,,547,
0534,湖南科技大学,,机械设计制造及其自动化(卓越工程师班),,,570,
0534,湖南科技大学,,电气工程及其自动化,,,571,
0534,湖南科技大学,,电气工程及其自动化(卓越工程师班),,,574,
0534,湖南科技大学,,自动化,,,561,
0534,湖南科技大学,,电子信息工程,,,563,
0534,湖南科技大学,,计算机科学与技术,,,570,
0534,湖南科技大学,,信息安全,,,560,
0534,湖南科技大学,,物联网工程,,,558,
0534,湖南科技大学,,化学工程与工艺,,,541,
0534,湖南科技大学,,环境工程,,,533,
0534,湖南科技大学,,数学与应用数学(师范类),,,553,
0534,湖南科技大学,,信息与计算科学,,,553,
0534,湖南科技大学,,物理学(师范类),,,550,
0534,湖南科技大学,,光电信息科学与工程,,,551,
0534,湖南科技大学,,生物工程,,,540,
0534,湖南科技大学,,风景园林,,,535,
0534,湖南科技大学,,广告学,,,571,
0534,湖南科技大学,,汉语国际教育,,,536,
0534,湖南科技大学,,教育学(师范类),,,546,
0534,湖南科技大学,,应用心理学,,,542,
0534,湖南科技大学,,小学教育(师范类),,,563,
0534,湖南科技大学,,经济学,,,555,
0534,湖南科技大学,,国际经济与贸易,,,535,
0534,湖南科技大学,,财务管理,,,554,
0534,湖南科技大学,,市场营销,,,541,
0534,湖南科技大学,,电子商务,,,554,
0534,湖南科技大学,,金融工程,,,555,
0534,湖南科技大学,,公共事业管理,,,533,
0534,湖南科技大学,,化学工程与工艺(卓越工程师班),,,544,
0534,湖南科技大学,,材料科学与工程,,,527,
0534,湖南科技大学,,应急技术与管理,,,521,
0534,湖南科技大学,,智能材料与结构,,,540,
0536,长沙理工大学,,财务管理,,,570,
0536,长沙理工大学,,数学与应用数学,,,576,
0536,长沙理工大学,,信息与计算科学,,,576,
0536,长沙理工大学,,应用统计学,,,569,
0536,长沙理工大学,,化工与制药类(应用化学、化学工程与工艺、轻化工程),,,557,
0536,长沙理工大学,,环境工程,,,552,
0536,长沙理工大学,,土木工程,,,572,
0536,长沙理工大学,,自动化,,,578,
0536,长沙理工大学,,电气工程及其自动化,,,611,
0536,长沙理工大学,,电子信息工程,,,584,
0536,长沙理工大学,,道路桥梁与渡河工程,,,558,
0536,长沙理工大学,,交通运输类(交通运输、交通工程、物流工程),,,575,
0536,长沙理工大学,,测绘工程,,,559,
0536,长沙理工大学,,工程管理,,,562,
0536,长沙理工大学,,给排水科学与工程,,,560,
0536,长沙理工大学,,船舶与海洋工程,,,562,
0536,长沙理工大学,,材料类(无机非金属材料工程、新能源材料与器件),,,557,
0536,长沙理工大学,,机械类(机械设计制造及其自动化、材料成型及控制工程、车辆工程、汽车服务工程、智能制造工程),,,579,
0536,长沙理工大学,,水利类(水利水电工程、港口航道与海岸工程、水文与水资源工程),,,572,
0536,长沙理工大学,,计算机类(计算机科学与技术、软件工程、网络工程),,,584,
0536,长沙理工大学,,电子信息类(电子科学与技术、电子信息科学与技术、光电信息科学与工程),,,582,
0536,长沙理工大学,,生物工程类(生物工程、食品科学与工程),,,557,
0536,长沙理工大学,,智能建造,,,569,
0536,长沙理工大学,,能源动力类(能源与动力工程、新能源科学与工程、储能科学与工程、建筑环境与能源应用工程),,,574,
0537,湖南农业大学,,植物保护,,,515,
0537,湖南农业大学,,工程管理,,,504,
0537,湖南农业大学,,土木工程,,,507,
0537,湖南农业大学,,种子科学与工程,,,508,
0537,湖南农业大学,,农业资源与环境,,,513,
0537,湖南农业大学,,生物工程,,,511,
0537,湖南农业大学,,生态学,,,509,
0537,湖南农业大学,,应用化学,,,515,
0537,湖南农业大学,,统计学,,,526,
0537,湖南农业大学,,园艺,,,510,
0537,湖南农业大学,,中药资源与开发,,,502,
0537,湖南农业大学,,风景园林,,,519,
0537,湖南农业大学,,应用心理学,,,517,
0537,湖南农业大学,,电子商务,,,524,
0537,湖南农业大学,,电子信息工程,,,529,
0537,湖南农业大学,,金融学,,,529,
0537,湖南农业大学,,公共管理类(公共事业管理、行政管理、劳动与社会保障),,,509,
0537,湖南农业大学,,数据科学与大数据技术,,,531,
0537,湖南农业大学,,土地资源管理,,,505,
0537,湖南农业大学,,计算机科学与技术,,,549,
0537,湖南农业大学,,工商管理类(工商管理、会计学、市场营销),,,517,
0537,湖南农业大学,,机械类(机械设计制造及其自动化、车辆工程),,,526,
0537,湖南农业大学,,水产类(水产养殖学、水族科学与技术),,,502,
0537,湖南农业大学,,生物科学类(生物科学、生物技术),,,525,
0537,湖南农业大学,,动植物检疫,,,513,
0537,湖南农业大学,,动物医学,,,521,
0538,中南林业科技大学,,林学类(林学、森林保护、经济林),,,526,
0538,中南林业科技大学,,生物科学类(生物科学、生物技术、生态学),,,522,
0538,中南林业科技大学,,生物工程,,,525,
0538,中南林业科技大学,,材料类(材料科学与工程、材料化学、高分子材料与工程),,,518,
0538,中南林业科技大学,,化学工程与工艺,,,530,
0538,中南林业科技大学,,森林工程,,,522,
0538,中南林业科技大学,,木材科学与工程,,,509,
0538,中南林业科技大学,,林产化工,,,498,
0538,中南林业科技大学,,机械类(机械设计制造及其自动化、材料成型及控制工程、车辆工程),,,531,
0538,中南林业科技大学,,能源动力类(能源与动力工程、新能源科学与工程),,,533,
0538,中南林业科技大学,,物流管理,,,527,
0538,中南林业科技大学,,物流工程,,,531,
0538,中南林业科技大学,,建筑类(建筑学、城乡规划),,,539,
0538,中南林业科技大学,,工业设计,,,542,
0538,中南林业科技大学,,电子信息类(电子信息工程、通信工程),,,545,
0538,中南林业科技大学,,自动化,,,541,
0538,中南林业科技大学,,计算机类(计算机科学与技术、软件工程),,,548,
0538,中南林业科技大学,,土木类(土木工程、建筑环境与能源应用工程、城市地下空间工程),,,523,
0538,中南林业科技大学,,工程管理,,,527,
0538,中南林业科技大学,,食品科学与工程类(食品科学与工程、食品质量与安全、粮食工程),,,528,
0538,中南林业科技大学,,环境科学与工程类(环境工程、环境科学、环境生态工程),,,517,
0538,中南林业科技大学,,信息与计算科学,,,538,
0538,中南林业科技大学,,应用物理学,,,524,
0538,中南林业科技大学,,地理信息科学,,,533,
0538,中南林业科技大学,,工商管理类(市场营销、会计学、国际商务、人力资源管理、农林经济管理),,,538,
0538,中南林业科技大学,,金融学类(金融学、保险学、国际经济与贸易),,,539,
0538,中南林业科技大学,,俄语,,,542,
0538,中南林业科技大学,,朝鲜语,,,523,
0538,中南林业科技大学,,旅游管理类(旅游管理、酒店管理、会展经济与管理),,,522,
0541,湖南中医药大学,,中医学(卓越1班、5+3一体化),,,587,
0541,湖南中医药大学,,中医学,,,562,
0541,湖南中医药大学,,中西医临床医学,,,541,
0541,湖南中医药大学,,针灸推拿学,,,558,
0541,湖南中医药大学,,临床医学,,,566,
0541,湖南中医药大学,,医学影像学,,,569,
0541,湖南中医药大学,,口腔医学,,,590,
0541,湖南中医药大学,,医学检验技术,,,534,
0541,湖南中医药大学,,护理学,,,528,
0541,湖南中医药大学,,药学,,,538,
0541,湖南中医药大学,,药物制剂,,,537,
0541,湖南中医药大学,,中药学,,,526,
0541,湖南中医药大学,,计算机科学与技术,,,554,
0541,湖南中医药大学,,中医养生学,,,545,
0541,湖南中医药大学,,中医康复学,,,549,
0541,湖南中医药大学,,中医学(卓越2班、5+3一体化),,,578,
0541,湖南中医药大学,,中医学(卓越3班、5+3一体化),,,577,
0541,湖南中医药大学,,中医儿科学,,,555,
0541,湖南中医药大学,,中医骨伤科学,,,543,
0542,湖南师范大学,,应用心理学,,,600,
0542,湖南师范大学,,法学,,,601,
0542,湖南师范大学,,知识产权,,,590,
0542,湖南师范大学,,经济学类(经济学、金融学、国际经济与贸易),,,596,
0542,湖南师范大学,,工商管理类(工商管理、会计学),,,597,
0542,湖南师范大学,,旅游管理类(旅游管理、酒店管理、会展经济与管理),,,573,
0542,湖南师范大学,,数学类(数学与应用数学、信息与计算科学),,,611,
0542,湖南师范大学,,数据科学与大数据技术,,,598,
0542,湖南师范大学,,物理学类(物理学、应用物理学),,,611,
0542,湖南师范大学,,化工与制药类(化学工程与工艺、制药工程),,,580,
0542,湖南师范大学,,生物科学类(生物科学、生物技术),,,612,
0542,湖南师范大学,,地理信息科学,,,590,
0542,湖南师范大学,,人文地理与城乡规划,,,587,
0542,湖南师范大学,,临床医学,,,588,
0542,湖南师范大学,,医学检验技术,,,557,
0542,湖南师范大学,,计算机科学与技术,,,599,
0542,湖南师范大学,,软件工程,,,597,
0542,湖南师范大学,,通信工程,,,594,
0542,湖南师范大学,,物联网工程,,,596,
0542,湖南师范大学,,新闻传播学类(新闻学、编辑出版学、广告学、网络与新媒体),,,601,
0543,湖南理工学院,,法学,,,541,
0543,湖南理工学院,,电子科学与技术,,,515,
0543,湖南理工学院,,应用化学(中外合作办学),,,432,
0543,湖南理工学院,,制药工程,,,505,
0543,湖南理工学院,,计算机科学与技术,,,522,
0543,湖南理工学院,,土木工程,,,512,
0545,湘南学院,,数学与应用数学(师范类),,,502,
0545,湘南学院,,财务管理,,,486,
0545,湘南学院,,国际经济与贸易,,,465,
0545,湘南学院,,电气工程及其自动化,,,494,
0545,湘南学院,,医学影像技术,,,494,
0545,湘南学院,,临床医学,,,512,
0546,衡阳师范学院,,经济学,,,492,
0546,衡阳师范学院,,财务管理,,,489,
0546,衡阳师范学院,,电子商务,,,486,
0546,衡阳师范学院,,旅游管理,,,470,
0546,衡阳师范学院,,化学生物学,,,475,
0546,衡阳师范学院,,网络工程,,,478,
0546,衡阳师范学院,,电子信息工程,,,498,
0547,邵阳学院,,管理科学,,,433,
0547,邵阳学院,,信息与计算科学,,,477,
0547,邵阳学院,,制药工程,,,447,
0547,邵阳学院,,生物工程,,,439,
0547,邵阳学院,,土木工程,,,435,
0547,邵阳学院,,机械设计制造及其自动化,,,438,
0547,邵阳学院,,智能制造工程,,,438,
0547,邵阳学院,,能源与动力工程,,,435,
0547,邵阳学院,,电气工程及其自动化,,,467,
0547,邵阳学院,,自动化,,,447,
0547,邵阳学院,,通信工程,,,461,
0547,邵阳学院,,临床医学,,,507,
0547,邵阳学院,,医学影像技术,,,483,
0547,邵阳学院,,医学检验技术,,,483,
0547,邵阳学院,,会计学,,,473,
0548,怀化学院,,电气工程及其自动化,,,458,
0548,怀化学院,,电子信息科学与技术,,,449,
0548,怀化学院,,网络工程,,,447,
0548,怀化学院,,化学(师范类),,,487,
0549,湖南文理学院,,电子信息科学与技术,,,480,
0549,湖南文理学院,,材料科学与工程,,,453,
0549,湖南文理学院,,动物科学,,,486,
0549,湖南文理学院,,网络工程,,,476,
0549,湖南文理学院,,自动化,,,475,
0549,湖南文理学院,,化学(师范类),,,495,
0551,湖南科技学院,,材料化学,,,450,
0551,湖南科技学院,,电子科学与技术,,,466,
0551,湖南科技学院,,软件工程,,,477,
0551,湖南科技学院,,数字媒体技术,,,481,
0551,湖南科技学院,,土木工程,,,462,
0551,湖南科技学院,,制药工程,,,456,
0551,湖南科技学院,,工程管理,,,458,
0551,湖南科技学院,,数据科学与大数据技术,,,473,
0553,湖南人文科技学院,,环境工程,,,435,
0553,湖南人文科技学院,,法学,,,496,
0553,湖南人文科技学院,,英语(师范类),,,495,
0553,湖南人文科技学院,,秘书学,,,439,
0553,湖南人文科技学院,,学前教育(中外合作办学),,,439,
0554,湖南工商大学,,国际经济与贸易,,,548,
0554,湖南工商大学,,工商管理类(工商管理、市场营销、人力资源管理),,,543,
0554,湖南工商大学,,财务管理,,,547,
0554,湖南工商大学,,法学,,,547,
0554,湖南工商大学,,信息管理与信息系统,,,544,
0554,湖南工商大学,,工程管理,,,541,
0554,湖南工商大学,,英语,,,543,
0555,南华大学,,机械类[机械设计制造及其自动化(含卓越工程师班)、材料成型及控制工程、过程装备与控制工程、车辆工程、智能制造工程],,,533,
0555,南华大学,,电子信息类[电子信息工程(含卓越工程师班)、通信工程],,,540,
0555,南华大学,,核工程类[核工程与核技术(含卓越工程师班)、辐射防护与核安全、核化工与核燃料工程],,,545,
0555,南华大学,,矿业类[矿物资源工程(含卓越工程师班)、矿物加工工程],,,494,
0555,南华大学,,资源勘查工程,,,512,
0555,南华大学,,城市地下空间工程,,,514,
0555,南华大学,,环境工程,,,509,
0555,南华大学,,安全工程(含卓越工程师班),,,532,
0555,南华大学,,计算机类[软件工程(含卓越工程师班)、网络工程、物联网工程、数据科学与大数据技术],,,543,
0555,南华大学,,土木类(土木工程、建筑环境与能源应用工程、给排水科学与工程、建筑电气与智能化、道路桥梁与渡河工程),,,523,
0555,南华大学,,建筑类(建筑学、城乡规划),,,532,
0555,南华大学,,化工与制药类[化学工程与工艺(含卓越工程师班)、制药工程],,,528,
0555,南华大学,,材料类(高分子材料与工程、无机非金属材料工程),,,514,
0555,南华大学,,生物技术,,,520,
0555,南华大学,,卫生检验与检疫,,,509,
0555,南华大学,,护理学,,,519,
0555,南华大学,,工商管理类(工商管理、会计学),,,535,
0558,中山大学,,计算机类(深圳，新工科实验班，分流专业详见招生官网)(电子信息科学与技术),,,656,
0558,中山大学,,经济学类(经管实验班，分流专业详见招生官网)(经济学),,,655,
0558,中山大学,,数学类(数学实验班，分流专业详见招生官网)(数学与应用数学),,,662,
0558,中山大学,,临床医学类(深圳，新医科实验班，分流专业详见招生官网)(临床医学),,,656,
0558,中山大学,,海洋科学类(珠海，大海洋实验班，分流专业详见招生官网)(海洋科学),,,637,
0559,暨南大学,,软件工程,,,618,
0559,暨南大学,,信息与计算科学,,,614,
0559,暨南大学,,计算机科学与技术,,,621,
0559,暨南大学,,应用化学,,,603,
0559,暨南大学,,材料科学与工程,,,605,
0559,暨南大学,,国际经济与贸易,,,615,
0559,暨南大学,,临床医学,,,609,
0559,暨南大学,,电气工程及其自动化,,,613,
0559,暨南大学,,光电信息科学与工程,,,617,
0559,暨南大学,,数学与应用数学(中外合作办学),,,599,
0559,暨南大学,,信息与计算科学(中外合作办学),,,589,
0559,暨南大学,,经济统计学(中外合作办学),,,595,
0559,暨南大学,,经济学(中外合作办学),,,599,
0559,暨南大学,,经济学,,,625,
0560,汕头大学,,机械设计制造及其自动化,,,568,
0560,汕头大学,,计算机科学与技术,,,575,
0561,华南理工大学,,机械类(机械工程、机械电子工程、车辆工程、过程装备与控制工程、材料成型及控制工程),,,649,
0561,华南理工大学,,建筑学,,,654,
0561,华南理工大学,,城乡规划,,,645,
0561,华南理工大学,,土木工程(卓越全英班),,,645,
0561,华南理工大学,,土木类(土木工程、水务工程、船舶与海洋工程、工程管理),,,643,
0561,华南理工大学,,交通运输类(交通运输、交通工程),,,646,
0561,华南理工大学,,电气类(电气工程及其自动化、能源与动力工程),,,651,
0561,华南理工大学,,信息工程(创新班),,,656,
0561,华南理工大学,,信息工程,,,651,
0561,华南理工大学,,自动化(创新班),,,651,
0561,华南理工大学,,材料类(全英创新班)(高分子材料与工程、材料科学与工程、功能材料),,,649,
0561,华南理工大学,,材料类(高分子材料与工程、材料科学与工程、功能材料),,,647,
0561,华南理工大学,,化工与制药类(应用化学、化学工程与工艺、能源化学工程、制药工程),,,643,
0561,华南理工大学,,食品科学与工程类(食品科学与工程、食品质量与安全),,,645,
0561,华南理工大学,,数学类(数学与应用数学、信息与计算科学、信息管理与信息系统),,,649,
0561,华南理工大学,,应用物理学(严济慈英才班),,,652,
0561,华南理工大学,,物理学类(应用物理学、光电信息科学与工程),,,649,
0561,华南理工大学,,工商管理(全英班),,,646,
0561,华南理工大学,,工商管理类(工商管理、人力资源管理、市场营销、财务管理),,,648,
0561,华南理工大学,,会计学,,,650,
0561,华南理工大学,,计算机类(计算机科学与技术、网络工程、信息安全),,,654,
0561,华南理工大学,,软件工程(3加2中澳班),,,650,
0561,华南理工大学,,软件工程,,,651,
0561,华南理工大学,,环境工程(全英班),,,643,
0561,华南理工大学,,环境科学与工程类(环境工程、环境科学与工程),,,645,
0561,华南理工大学,,生物科学类(生物工程、生物制药、生物技术),,,646,
0561,华南理工大学,,工业设计,,,646,
0561,华南理工大学,,经济学类(经济学、金融学、国际经济与贸易),,,648,
0561,华南理工大学,,电子商务类(电子商务、物流工程),,,648,
0561,华南理工大学,,临床医学,,,642,
0561,华南理工大学,,医学影像学,,,643,
0564,华南农业大学,,车辆工程,,,550,
0564,华南农业大学,,电子科学与技术,,,564,
0564,华南农业大学,,电子信息科学与技术,,,564,
0564,华南农业大学,,电子信息工程,,,564,
0564,华南农业大学,,生物技术,,,553,
0564,华南农业大学,,光电信息科学与工程,,,569,
0564,华南农业大学,,海洋科学,,,549,
0564,华南农业大学,,水产养殖学,,,540,
0566,广东海洋大学,,轮机工程(陆上),,,495,
0571,广东医科大学,,临床医学,,,576,
0571,广东医科大学,,儿科学,,,551,
0571,广东医科大学,,麻醉学,,,570,
0571,广东医科大学,,医学影像学,,,560,
0571,广东医科大学,,口腔医学,,,590,
0571,广东医科大学,,康复治疗学,,,515,
0571,广东医科大学,,法医学,,,558,
0571,广东医科大学,,生物技术,,,514,
0571,广东医科大学,,医学检验技术,,,526,
0571,广东医科大学,,预防医学,,,536,
0572,广州中医药大学,,中医学(5+3一体化),,,629,
0572,广州中医药大学,,中医学,,,620,
0572,广州中医药大学,,临床医学,,,577,
0572,广州中医药大学,,医学影像学,,,578,
0572,广州中医药大学,,康复治疗学,,,569,
0572,广州中医药大学,,生物技术,,,571,
0572,广州中医药大学,,中药学类(中药学、中药资源与开发),,,596,
0572,广州中医药大学,,药学类(药学、药物制剂),,,563,
0572,广州中医药大学,,应用心理学,,,576,
0572,广州中医药大学,,医学信息工程,,,564,
0573,广东药科大学,,药学类(药学、药物制剂、药物分析、药物化学),,,545,
0573,广东药科大学,,中药学类(中药学、中药制药),,,536,
0574,华南师范大学,,数学与应用数学(师范),,,629,
0574,华南师范大学,,生物技术,,,599,
0574,华南师范大学,,网络工程,,,607,
0574,华南师范大学,,信息工程,,,603,
0574,华南师范大学,,材料化学,,,602,
0576,韶关学院,,食品科学与工程,,,441,
0576,韶关学院,,机器人工程,,,444,
0576,韶关学院,,软件工程,,,454,
0577,惠州学院,,服装设计与工程,,,443,
0577,惠州学院,,建筑学,,,468,
0577,惠州学院,,生物技术,,,450,
0577,惠州学院,,电气工程及其自动化,,,464,
0577,惠州学院,,应用化学,,,443,
0577,惠州学院,,化学工程与工艺,,,437,
0577,惠州学院,,地理信息科学,,,448,
0577,惠州学院,,功能材料,,,438,
0577,惠州学院,,风景园林,,,445,
0578,韩山师范学院,,经济学,,,483,
0588,广东技术师范大学,,电子信息类[电子信息工程、电子信息工程(师范)、通信工程、应用电子技术教育],,,511,
0588,广东技术师范大学,,机器人工程,,,510,
0588,广东技术师范大学,,网络空间安全,,,511,
0589,海南大学,,金融学,,,585,
0589,海南大学,,国际经济与贸易,,,588,
0589,海南大学,,法学,,,600,
0589,海南大学,,数学与应用数学,,,594,
0589,海南大学,,应用物理学,,,579,
0589,海南大学,,应用化学,,,576,
0589,海南大学,,生物科学,,,577,
0589,海南大学,,生物技术,,,578,
0589,海南大学,,药学,,,577,
0589,海南大学,,环境科学,,,581,
0589,海南大学,,机械设计制造及其自动化,,,592,
0589,海南大学,,车辆工程,,,599,
0589,海南大学,,自动化,,,592,
0589,海南大学,,电子信息类(电子信息工程、通信工程),,,604,
0589,海南大学,,人工智能,,,600,
0589,海南大学,,计算机科学与技术,,,605,
0589,海南大学,,软件工程(NIIT),,,590,
0589,海南大学,,信息安全,,,601,
0589,海南大学,,密码科学与技术,,,595,
0589,海南大学,,材料类(材料科学与工程、高分子材料与工程),,,583,
0589,海南大学,,土木工程,,,578,
0589,海南大学,,化学工程与工艺,,,576,
0589,海南大学,,食品科学与工程类(食品科学与工程、食品质量与安全),,,577,
0589,海南大学,,农学,,,568,
0589,海南大学,,植物保护,,,576,
0589,海南大学,,动物科学,,,581,
0589,海南大学,,动物医学,,,572,
0589,海南大学,,园林,,,576,
0589,海南大学,,风景园林,,,581,
0589,海南大学,,旅游管理类(旅游管理、会展经济与管理、酒店管理),,,570,
0589,海南大学,,会展经济与管理(中外合作办学),,,571,
0589,海南大学,,会计学,,,586,
0589,海南大学,,工商管理,,,582,
0589,海南大学,,物流管理,,,580,
0589,海南大学,,农林经济管理,,,573,
0589,海南大学,,行政管理,,,586,
0589,海南大学,,土地资源管理,,,571,
0589,海南大学,,酒店管理(中外合作办学),,,557,
0589,海南大学,,生物医学工程,,,602,
0590,深圳大学,,电子科学与技术,,,622,
0590,深圳大学,,通信工程,,,621,
0590,深圳大学,,信息管理与信息系统,,,621,
0590,深圳大学,,环境工程,,,614,
0590,深圳大学,,机械设计制造及其自动化,,,615,
0590,深圳大学,,计算机科学与技术,,,633,
0590,深圳大学,,软件工程(腾班),,,633,
0590,深圳大学,,建筑学,,,617,
0590,深圳大学,,城乡规划,,,612,
0590,深圳大学,,金融学,,,618,
0590,深圳大学,,金融科技,,,626,
0590,深圳大学,,哲学,,,607,
0590,深圳大学,,生物技术,,,617,
0590,深圳大学,,信息与计算科学,,,630,
0590,深圳大学,,土木工程,,,612,
0590,深圳大学,,光电信息科学与工程,,,618,
0590,深圳大学,,临床医学,,,615,
0590,深圳大学,,口腔医学,,,617,
0590,深圳大学,,预防医学,,,607,
0590,深圳大学,,临床医学(卓越班),,,652,
0592,广东财经大学,,软件工程,,,572,
0592,广东财经大学,,金融学,,,572,
0592,广东财经大学,,计算机科学与技术,,,570,
0593,广西大学,,机械类(机械设计制造及其自动化、机械电子工程、车辆工程),,,575,
0593,广西大学,,电气类(电气工程及其自动化、自动化),,,577,
0593,广西大学,,土木工程,,,565,
0593,广西大学,,计算机类(计算机科学与技术、网络工程、信息安全),,,587,
0593,广西大学,,工商管理类(工商管理、财务管理、会计学、旅游管理),,,565,
0594,广西科技大学,,车辆工程,,,461,
0594,广西科技大学,,电气工程及其自动化,,,480,
0594,广西科技大学,,机器人工程,,,478,
0594,广西科技大学,,网络空间安全,,,474,
0594,广西科技大学,,土木工程,,,471,
0594,广西科技大学,,化学工程与工艺,,,456,
0594,广西科技大学,,工程管理,,,462,
0594,广西科技大学,,软件工程(中外合作办学),,,417,
0594,广西科技大学,,机械工程(中外合作办学),,,413,
0594,广西科技大学,,新媒体技术(虚拟现实方向),,,455,
0594,广西科技大学,,俄语,,,451,
0595,桂林电子科技大学,,机械类(机械设计制造及其自动化、机械电子工程、电子封装技术、车辆工程),,,571,
0595,桂林电子科技大学,,电气工程及其自动化,,,573,
0595,桂林电子科技大学,,电子信息类(通信工程、电子信息工程、微电子科学与工程、电子科学与技术、导航工程),,,577,
0595,桂林电子科技大学,,计算机类(计算机科学与技术、软件工程、信息安全、物联网工程、智能科学与技术、网络空间安全),,,583,
0595,桂林电子科技大学,,金融学类(财务管理、会计学、金融工程),,,560,
0595,桂林电子科技大学,,管理科学与工程类(工业工程、信息管理与信息系统),,,557,
0595,桂林电子科技大学,,数学与应用数学,,,566,
0595,桂林电子科技大学,,仪器类(测控技术与仪器、智能感知工程),,,563,
0595,桂林电子科技大学,,材料类(材料科学与工程、材料成型及控制工程、高分子材料与工程、新能源材料与器件),,,547,
0595,桂林电子科技大学,,生物医学工程,,,548,
0595,桂林电子科技大学,,土木类(土木工程、建筑环境与能源应用工程、建筑电气与智能化),,,561,
0595,桂林电子科技大学,,交通工程,,,553,
0595,桂林电子科技大学,,边防军人子女预科班,,,455,
0596,桂林理工大学,,勘查技术与工程,,,508,
0596,桂林理工大学,,自然地理与资源环境,,,500,
0596,桂林理工大学,,材料类(金属材料工程、冶金工程、高分子材料与工程、无机非金属材料工程、材料科学与工程),,,499,
0596,桂林理工大学,,化工与制药类(化学工程与工艺、能源化学工程),,,509,
0596,桂林理工大学,,计算机类(计算机科学与技术、网络工程、物联网工程、软件工程、人工智能),,,525,
0596,桂林理工大学,,工商管理类(工商管理、市场营销、人力资源管理),,,504,
0596,桂林理工大学,,旅游管理类(旅游管理、酒店管理),,,493,
0596,桂林理工大学,,自动化类(自动化、机器人工程),,,525,
0598,广西医科大学,,临床医学(5+3一体化),,,601,
0598,广西医科大学,,临床医学,,,593,
0599,右江民族医学院,,临床医学,,,508,
0599,右江民族医学院,,医学影像学,,,508,
0599,右江民族医学院,,预防医学,,,493,
0599,右江民族医学院,,医学检验技术,,,505,
0599,右江民族医学院,,医学影像技术,,,497,
0600,广西中医药大学,,中医学,,,540,
0600,广西中医药大学,,临床医学,,,530,
0600,广西中医药大学,,医学影像技术,,,529,
0600,广西中医药大学,,医学检验技术,,,503,
0600,广西中医药大学,,药学,,,503,
0600,广西中医药大学,,中药学,,,494,
0600,广西中医药大学,,护理学(中外合作办学),,,479,
0600,广西中医药大学,,针灸推拿学,,,517,
0601,桂林医学院,,临床医学,,,533,
0601,桂林医学院,,口腔医学,,,552,
0601,桂林医学院,,预防医学,,,509,
0601,桂林医学院,,临床药学,,,529,
0601,桂林医学院,,医学影像学,,,535,
0601,桂林医学院,,康复治疗学,,,491,
0602,广西师范大学,,经济学类(经济学、金融学),,,547,
0602,广西师范大学,,数学与应用数学(师范类),,,567,
0602,广西师范大学,,化学类(化学、应用化学),,,554,
0602,广西师范大学,,生物技术,,,540,
0603,南宁师范大学,,化学(师范类),,,519,
0603,南宁师范大学,,应用化学,,,478,
0603,南宁师范大学,,计算机科学与技术(师范类),,,493,
0603,南宁师范大学,,软件工程,,,497,
0603,南宁师范大学,,土地资源管理,,,479,
0603,南宁师范大学,,物流管理,,,480,
0603,南宁师范大学,,金融数学,,,486,
0606,玉林师范学院,,应用化学,,,429,
0608,广西民族大学,,工商管理,,,497,
0608,广西民族大学,,物理学(师范类),,,496,
0608,广西民族大学,,计算机类(计算机科学与技术、软件工程、网络工程),,,507,
0608,广西民族大学,,化学(师范类),,,495,
0608,广西民族大学,,应用化学,,,484,
0608,广西民族大学,,海洋科学,,,508,
0608,广西民族大学,,生物技术,,,492,
0609,百色学院,,化学(师范类),,,480,
0609,百色学院,,人文地理与城乡规划,,,435,
0609,百色学院,,应用统计学,,,442,
0609,百色学院,,材料成型及控制工程,,,437,
0609,百色学院,,材料化学,,,429,
0609,百色学院,,金属材料工程,,,424,
0609,百色学院,,电气工程及其自动化,,,444,
0609,百色学院,,计算机科学与技术,,,440,
0609,百色学院,,食品科学与工程,,,426,
0609,百色学院,,工程管理,,,433,
0609,百色学院,,土木工程,,,436,
0610,四川大学,,金融学类(金融学、金融工程),,,653,
0610,四川大学,,工商管理类(市场营销、财务管理、人力资源管理),,,646,
0610,四川大学,,数学类(数学与应用数学、信息与计算科学、统计学),,,654,
0610,四川大学,,微电子科学与工程,,,650,
0610,四川大学,,化学类[化学、应用化学、化学(基地班)],,,644,
0610,四川大学,,生物科学类(生物科学、生态学),,,643,
0610,四川大学,,电子信息类(电子信息工程、光电信息科学与工程、通信工程),,,651,
0610,四川大学,,高分子材料与工程,,,641,
0610,四川大学,,材料类(新能源材料与器件、材料科学与工程),,,645,
0610,四川大学,,生物医学工程,,,644,
0610,四川大学,,医学信息工程,,,645,
0610,四川大学,,计算机类(计算机科学与技术、物联网工程、人工智能),,,652,
0610,四川大学,,建筑学,,,647,
0610,四川大学,,土木工程,,,643,
0610,四川大学,,工科试验班(食品与发酵)[生物工程(轻工生物)、食品科学与工程],,,640,
0610,四川大学,,网络空间安全(网安与法学双学士学位),,,651,
0610,四川大学,,法医学(法医学与法学双学士学位),,,640,
0610,四川大学,,临床医学(五年),,,663,
0610,四川大学,,临床医学(八年),,,673,
0610,四川大学,,护理学,,,575,
0610,四川大学,,护理学(护理学与管理学双学士学位),,,582,
0610,四川大学,,医学技术类(医学技术与智能制造双学士学位)(医学检验技术、医学影像技术、眼视光学、康复治疗学),,,643,
0610,四川大学,,口腔医学(五年),,,671,
0610,四川大学,,口腔医学(八年),,,675,
0610,四川大学,,预防医学,,,634,
0610,四川大学,,药学,,,641,
0610,四川大学,,工业工程(中外合作办学),,,610,
0611,重庆大学,,理科试验班(数学与物理类)(数学与应用数学、金融数学、物理学、电子信息科学与技术、信息与计算科学、应用物理学、统计学),,,643,
0611,重庆大学,,工科试验班类(生化类)(智能医学工程、生物医学工程、化学、应用化学、药学、生物科学、生物工程、化学工程与工艺、制药工程、材料化学),,,636,
0611,重庆大学,,工科试验班(环境类)(给排水科学与工程、环境工程、环境生态工程、环境科学),,,637,
0611,重庆大学,,工科试验班(工程与能源类)(机械设计制造及其自动化、土木工程、机器人工程、智能建造、储能科学与工程、建筑环境与能源应用工程、车辆工程、航空航天工程、能源与动力工程、材料科学与工程、安全工程、工程力学、机械电子工程、新能源科学与工程、城市地下空间工程、核工程与核技术、材料成型及控制工程、工业设计、测绘工程、冶金工程、采矿工程),,,642,
0611,重庆大学,,工科试验班(电气与信息类)(电气工程及其自动化、通信工程、计算机科学与技术、软件工程、人工智能、数据科学与大数据技术、智能感知工程、测控技术与仪器、自动化、信息安全、电子信息工程、光电信息科学与工程、电子科学与技术、物联网工程、集成电路设计与集成系统),,,645,
0611,重庆大学,,经济学类(金融学、经济学、能源经济、国际经济与贸易、行政管理、城市管理),,,644,
0611,重庆大学,,人文科学试验班(法学与新闻类)(法学、新闻学、广播电视学、知识产权),,,639,
0611,重庆大学,,建筑类(建筑学、城乡规划、风景园林),,,641,
0611,重庆大学,,外国语言文学类(英语、德语、日语),,,636,
0611,重庆大学,,人文科学试验班(博雅类)(汉语言文学、历史学、哲学),,,641,
0611,重庆大学,,工科试验班(管理类)(工程管理、会计学、工程造价、财务管理、工商管理、信息管理与信息系统、房地产开发与管理、市场营销、电子商务、物流管理),,,638,
0613,西南交通大学,,计算机类(中外合作办学)(计算机科学与技术),,,611,
0613,西南交通大学,,机械类(中外合作办学)(机械设计制造及其自动化),,,596,
0613,西南交通大学,,电子信息类(中外合作办学)(电子信息工程),,,610,
0613,西南交通大学,,土木类(中外合作办学)(土木工程),,,589,
0613,西南交通大学,,土木工程,,,608,
0613,西南交通大学,,铁道工程,,,623,
0613,西南交通大学,,城市地下空间工程,,,619,
0613,西南交通大学,,工程造价,,,611,
0613,西南交通大学,,机械类(机械设计制造及其自动化、测控技术与仪器、工业工程),,,621,
0613,西南交通大学,,能源动力类(建筑环境与能源应用工程、能源与动力工程),,,619,
0613,西南交通大学,,车辆工程,,,620,
0613,西南交通大学,,电气工程及其自动化,,,629,
0613,西南交通大学,,电子信息工程,,,622,
0613,西南交通大学,,轨道交通信号与控制,,,621,
0613,西南交通大学,,电子信息类(微电子科学与工程、电子科学与技术),,,627,
0613,西南交通大学,,通信工程,,,623,
0613,西南交通大学,,计算机类(计算机科学与技术、软件工程),,,639,
0613,西南交通大学,,人工智能,,,620,
0613,西南交通大学,,物流管理与工程类(物流管理、物流工程),,,613,
0613,西南交通大学,,交通运输类(交通运输、交通工程),,,627,
0613,西南交通大学,,建筑类(城乡规划、风景园林),,,611,
0613,西南交通大学,,建筑学,,,613,
0613,西南交通大学,,材料类(材料科学与工程、材料成型及控制工程、高分子材料与工程),,,598,
0613,西南交通大学,,生物医学工程,,,612,
0613,西南交通大学,,地质工程,,,593,
0613,西南交通大学,,测绘类(测绘工程、遥感科学与技术、地理信息科学),,,602,
0613,西南交通大学,,安全科学与工程类(中外合作办学)(安全工程),,,563,
0613,西南交通大学,,工程力学,,,608,
0613,西南交通大学,,电子信息科学与技术,,,629,
0613,西南交通大学,,应用物理学,,,610,
0613,西南交通大学,,数学与应用数学,,,622,
0613,西南交通大学,,统计学,,,615,
0613,西南交通大学,,数据科学与大数据技术,,,621,
0613,西南交通大学,,生物工程,,,604,
0613,西南交通大学,,制药工程,,,602,
0613,西南交通大学,,生物工程类(中外合作办学)(生物工程),,,558,
0613,西南交通大学,,智能建造,,,615,
0613,西南交通大学,,智能制造工程,,,616,
0613,西南交通大学,,城市设计,,,602,
0613,西南交通大学,,新能源科学与工程,,,611,
0613,西南交通大学,,应用心理学,,,606,
0613,西南交通大学,,工商管理类(信息管理与信息系统、工商管理、会计学、工程管理),,,614,
0613,西南交通大学,,经济与贸易类(金融学、经济学、国际经济与贸易),,,614,
0613,西南交通大学,,公共事业管理,,,597,
0613,西南交通大学,,法学,,,618,
0613,西南交通大学,,思想政治教育,,,622,
0613,西南交通大学,,新闻传播学类(传播学、广告学),,,612,
0613,西南交通大学,,外国语言文学类(英语、翻译、日语、德语、法语、商务英语),,,609,
0613,西南交通大学,,交通设备与控制工程,,,615,
0614,电子科技大学,,电子信息类(信息与通信)(通信工程、电子信息工程、网络工程、物联网工程、信息对抗技术),,,657,
0614,电子科技大学,,计算机类(计算机科学与技术、人工智能、数据科学与大数据技术、网络空间安全、数字媒体技术),,,657,
0614,电子科技大学,,电子信息类(光电集成与光网络)(光电信息科学与工程、信息工程、光源与照明),,,654,
0614,电子科技大学,,电子信息类(电子信息与物理科学复合培养)(电子信息科学与技术、应用物理学),,,655,
0614,电子科技大学,,工科试验班(智能仪器、智能控制)(自动化、测控技术与仪器),,,652,
0614,电子科技大学,,工科试验班(电子工程类)(电子科学与技术、微电子科学与工程、电磁场与无线技术、电波传播与天线),,,656,
0614,电子科技大学,,工科试验班(机器人、电气信息、智能制造)(机器人工程、电气工程及其自动化、机械设计制造及其自动化、智能电网信息工程、工业工程),,,655,
0614,电子科技大学,,计算机科学与技术(互联网交叉复合型精英人才双学位培养计划),,,659,
0614,电子科技大学,,物联网工程(互联网交叉复合型精英人才双学位培养计划),,,657,
0615,西南石油大学,,石油工程,,,579,
0615,西南石油大学,,油气储运工程,,,587,
0615,西南石油大学,,海洋油气工程,,,577,
0615,西南石油大学,,资源勘查工程,,,562,
0615,西南石油大学,,城市地下空间工程,,,563,
0615,西南石油大学,,机械类(机械工程、机械设计制造及其自动化、过程装备与控制工程),,,572,
0615,西南石油大学,,测控技术与仪器,,,569,
0615,西南石油大学,,应用化学,,,564,
0615,西南石油大学,,化学工程与工艺,,,569,
0615,西南石油大学,,新能源材料与器件,,,566,
0615,西南石油大学,,计算机类(计算机科学与技术、软件工程、物联网工程、数据科学与大数据技术、网络空间安全),,,576,
0615,西南石油大学,,电气工程及其自动化,,,579,
0615,西南石油大学,,自动化类(自动化、机器人工程),,,574,
0615,西南石油大学,,通信工程,,,573,
0615,西南石油大学,,土木工程,,,563,
0615,西南石油大学,,工商管理类(工商管理、市场营销),,,563,
0615,西南石油大学,,会计学,,,571,
0616,成都理工大学,,地质学类(地质学、地球化学),,,581,
0616,成都理工大学,,测绘工程,,,566,
0616,成都理工大学,,资源勘查工程,,,558,
0616,成都理工大学,,土木工程,,,570,
0616,成都理工大学,,城市地下空间工程,,,562,
0616,成都理工大学,,地质工程,,,563,
0616,成都理工大学,,地下水科学与工程,,,558,
0616,成都理工大学,,工程力学,,,562,
0616,成都理工大学,,核工程类(核工程与核技术、辐射防护与核安全),,,574,
0616,成都理工大学,,机械工程,,,572,
0616,成都理工大学,,数学与应用数学,,,569,
0616,成都理工大学,,工商管理,,,561,
0616,成都理工大学,,人文地理与城乡规划,,,558,
0616,成都理工大学,,材料科学与工程,,,564,
0616,成都理工大学,,新闻传播学类(广播电视学、广告学),,,567,
0617,重庆邮电大学,,电子信息类(通信与信息类)(通信工程、电子信息工程、信息工程),,,605,
0617,重庆邮电大学,,计算机类(计算机与智能科学类)(计算机科学与技术、网络工程、智能科学与技术、空间信息与数字技术、数据科学与大数据技术、人工智能),,,607,
0617,重庆邮电大学,,自动化类(自动化与电气工程类)(自动化、电气工程及其自动化、智能电网信息工程、物联网工程、测控技术与仪器、机器人工程、工业智能),,,603,
0617,重庆邮电大学,,电子信息类(集成电路与电子工程类)(光电信息科学与工程、电子科学与技术、电磁场与无线技术、集成电路设计与集成系统、微电子科学与工程),,,604,
0617,重庆邮电大学,,生物信息学,,,576,
0617,重庆邮电大学,,医学信息工程,,,590,
0617,重庆邮电大学,,经济学类(经济金融类)(经济学、金融工程),,,594,
0617,重庆邮电大学,,软件工程,,,606,
0617,重庆邮电大学,,软件工程(中外合作办学),,,582,
0618,重庆交通大学,,土木类(土木工程、道路桥梁与渡河工程),,,566,
0618,重庆交通大学,,工程力学,,,548,
0618,重庆交通大学,,水利类(水利水电工程、港口航道与海岸工程),,,563,
0618,重庆交通大学,,交通运输类(交通运输、交通工程、交通设备与控制工程),,,573,
0618,重庆交通大学,,机械类(机械设计制造及其自动化、材料成型及控制工程、机械电子工程、车辆工程),,,569,
0618,重庆交通大学,,计算机类(计算机科学与技术、物联网工程),,,576,
0618,重庆交通大学,,材料类(材料科学与工程、材料物理),,,560,
0618,重庆交通大学,,管理科学与工程类(工程管理、工程造价),,,563,
0619,西南科技大学,,电子信息类(电子信息工程、通信工程、光电信息科学与工程、人工智能),,,549,
0619,西南科技大学,,建筑类(建筑学、城乡规划),,,541,
0619,西南科技大学,,管理科学与工程类(工程管理、工程造价),,,543,
0619,西南科技大学,,制药工程,,,535,
0619,西南科技大学,,计算机类(计算机科学与技术、软件工程、信息安全、物联网工程),,,557,
0619,西南科技大学,,国际经济与贸易,,,561,
0619,西南科技大学,,日语,,,544,
0621,成都信息工程大学,,大气科学类(大气科学、应用气象学),,,573,
0621,成都信息工程大学,,电子信息工程,,,578,
0621,成都信息工程大学,,通信工程,,,578,
0621,成都信息工程大学,,机械电子工程,,,573,
0621,成都信息工程大学,,自动化,,,578,
0621,成都信息工程大学,,计算机科学与技术,,,583,
0621,成都信息工程大学,,软件工程,,,581,
0621,成都信息工程大学,,网络工程,,,579,
0621,成都信息工程大学,,信息安全,,,576,
0621,成都信息工程大学,,区块链工程,,,575,
0621,成都信息工程大学,,大气科学类(大气科学、应用气象学),,,575,
0621,成都信息工程大学,,大气科学类(大气科学、应用气象学),,,593,
0622,四川轻化工大学,,工业设计,,,501,
0622,四川轻化工大学,,工程造价,,,501,
0622,四川轻化工大学,,英语,,,505,
0622,四川轻化工大学,,电子信息科学与技术,,,513,
0623,西华大学,,电子信息类(通信工程、信息工程),,,558,
0623,西华大学,,自动化,,,553,
0623,西华大学,,交通工程,,,545,
0623,西华大学,,土木工程,,,548,
0623,西华大学,,边防军人子女预科班,,,397,
0624,中国民用航空飞行学院,,应用心理学,,,523,
0624,中国民用航空飞行学院,,交通运输(空中交通管制、飞行签派、航行情报),,,562,
0624,中国民用航空飞行学院,,应用气象学(机场气象预报、航空公司气象分析),,,573,
0624,中国民用航空飞行学院,,导航工程(导航应用与规划、空管保障设施),,,560,
0624,中国民用航空飞行学院,,飞行器动力工程(飞机发动机维修),,,559,
0624,中国民用航空飞行学院,,飞行器制造工程(飞机结构维修),,,550,
0624,中国民用航空飞行学院,,飞行器适航技术,,,542,
0624,中国民用航空飞行学院,,航空航天工程(直升机维修工程),,,558,
0624,中国民用航空飞行学院,,无人驾驶航空器系统工程,,,532,
0624,中国民用航空飞行学院,,电子信息工程(航空电子设备维修),,,544,
0624,中国民用航空飞行学院,,电气工程及其自动化(航空电气设备维修),,,547,
0624,中国民用航空飞行学院,,交通工程(机场管理与工程),,,561,
0624,中国民用航空飞行学院,,交通管理(机场运行管理),,,564,
0624,中国民用航空飞行学院,,物流工程(航空物流),,,541,
0624,中国民用航空飞行学院,,工商管理,,,483,
0624,中国民用航空飞行学院,,市场营销,,,468,
0624,中国民用航空飞行学院,,信息与计算科学,,,489,
0624,中国民用航空飞行学院,,计算机科学与技术,,,518,
0624,中国民用航空飞行学院,,物联网工程,,,529,
0624,中国民用航空飞行学院,,英语,,,547,
0624,中国民用航空飞行学院,,安全工程,,,504,
0624,中国民用航空飞行学院,,消防工程,,,474,
0624,中国民用航空飞行学院,,思想政治教育,,,523,
0624,中国民用航空飞行学院,,公共事业管理,,,518,
0626,四川农业大学,,生物科学,,,556,
0626,四川农业大学,,生物技术,,,552,
0626,四川农业大学,,电气工程及其自动化,,,572,
0626,四川农业大学,,农业机械化及其自动化,,,564,
0626,四川农业大学,,电子科学与技术,,,570,
0626,四川农业大学,,食品科学与工程,,,560,
0626,四川农业大学,,食品质量与安全,,,558,
0626,四川农业大学,,计算机科学与技术,,,580,
0626,四川农业大学,,农业水利工程,,,554,
0626,四川农业大学,,水利水电工程,,,559,
0626,四川农业大学,,人力资源管理,,,560,
0626,四川农业大学,,英语,,,561,
0626,四川农业大学,,法学,,,570,
0626,四川农业大学,,广告学,,,555,
0626,四川农业大学,,农学,,,567,
0626,四川农业大学,,植物保护,,,562,
0626,四川农业大学,,中草药栽培与鉴定,,,559,
0626,四川农业大学,,动物科学,,,567,
0626,四川农业大学,,水产养殖学,,,559,
0626,四川农业大学,,林学,,,564,
0626,四川农业大学,,木材科学与工程,,,551,
0626,四川农业大学,,农业资源与环境,,,558,
0626,四川农业大学,,土地资源管理,,,562,
0626,四川农业大学,,环境工程,,,558,
0626,四川农业大学,,国际经济与贸易,,,568,
0626,四川农业大学,,经济学,,,574,
0626,四川农业大学,,财务管理,,,577,
0626,四川农业大学,,工商管理,,,569,
0626,四川农业大学,,风景园林,,,577,
0626,四川农业大学,,城乡规划,,,556,
0626,四川农业大学,,工程管理,,,560,
0626,四川农业大学,,土木工程,,,560,
0626,四川农业大学,,给排水科学与工程,,,556,
0626,四川农业大学,,电子商务,,,556,
0631,重庆医科大学,,临床医学,,,617,
0631,重庆医科大学,,儿科学,,,608,
0631,重庆医科大学,,口腔医学,,,624,
0631,重庆医科大学,,医学检验技术,,,583,
0631,重庆医科大学,,预防医学,,,591,
0631,重庆医科大学,,临床药学,,,577,
0631,重庆医科大学,,麻醉学,,,613,
0631,重庆医科大学,,医学影像学,,,607,
0631,重庆医科大学,,精神医学,,,579,
0631,重庆医科大学,,中医学,,,587,
0631,重庆医科大学,,护理学,,,553,
0632,西南医科大学,,临床医学,,,569,
0632,西南医科大学,,药学类(药学、临床药学),,,545,
0633,成都中医药大学,,中医学,,,584,
0633,成都中医药大学,,针灸推拿学,,,588,
0633,成都中医药大学,,中药学,,,573,
0633,成都中医药大学,,应用心理学,,,573,
0633,成都中医药大学,,医学信息工程,,,566,
0634,川北医学院,,临床医学,,,540,
0635,西南大学,,经济学类(经济学、金融学),,,612,
0635,西南大学,,机械类(机械设计制造及其自动化、车辆工程、农业机械化及其自动化),,,605,
0635,西南大学,,计算机科学与技术(中外合作办学),,,590,
0635,西南大学,,软件工程(中外合作办学),,,594,
0635,西南大学,,自动化(中外合作办学),,,587,
0635,西南大学,,心理学(中外合作办学),,,585,
0635,西南大学,,植物科学与技术(中外合作办学),,,571,
0635,西南大学,,动物科学(中外合作办学),,,561,
0635,西南大学,,电子信息工程(中外合作办学),,,582,
0635,西南大学,,经济学(中外合作办学),,,586,
0635,西南大学,,生物技术(中外合作办学),,,586,
0635,西南大学,,食品质量与安全(中外合作办学),,,574,
0636,四川师范大学,,经济学,,,566,
0636,四川师范大学,,金融工程,,,565,
0636,四川师范大学,,金融数学,,,556,
0636,四川师范大学,,法学,,,566,
0636,四川师范大学,,教育学,,,556,
0636,四川师范大学,,科学教育,,,555,
0636,四川师范大学,,教育技术学,,,558,
0636,四川师范大学,,英语,,,577,
0636,四川师范大学,,网络与新媒体,,,570,
0636,四川师范大学,,数学类(数学与应用数学、信息与计算科学),,,584,
0636,四川师范大学,,物理学,,,572,
0636,四川师范大学,,化学,,,567,
0636,四川师范大学,,地理科学类(地理科学、自然地理与资源环境、人文地理与城乡规划),,,560,
0636,四川师范大学,,生物科学类(生物科学、生物技术),,,564,
0636,四川师范大学,,心理学,,,570,
0637,重庆师范大学,,化学(师范类),,,579,
0638,西华师范大学,,电子信息科学与技术,,,502,
0638,西华师范大学,,网络空间安全,,,510,
0638,西华师范大学,,飞行器控制与信息工程,,,505,
0639,绵阳师范学院,,物理学(师范类),,,505,
0639,绵阳师范学院,,园林,,,473,
0640,内江师范学院,,化学类(化学、应用化学),,,453,
0640,内江师范学院,,工程造价,,,453,
0640,内江师范学院,,金融数学,,,449,
0641,宜宾学院,,应用化学,,,444,
0641,宜宾学院,,机械电子工程,,,445,
0641,宜宾学院,,财务管理,,,464,
0642,重庆文理学院,,数据科学与大数据技术,,,514,
0642,重庆文理学院,,制药工程,,,499,
0642,重庆文理学院,,园艺,,,489,
0642,重庆文理学院,,计算机类(软件工程、网络工程、计算机科学与技术),,,519,
0642,重庆文理学院,,材料类(材料科学与工程、高分子材料与工程),,,500,
0642,重庆文理学院,,机械类(机械工程、机械电子工程、智能制造工程),,,504,
0642,重庆文理学院,,电气类(电气工程及其自动化、智能电网信息工程),,,508,
0642,重庆文理学院,,环境科学与工程类(环境科学与工程、环境科学),,,495,
0647,长江师范学院,,日语(师范类),,,508,
0647,长江师范学院,,金融工程,,,514,
0647,长江师范学院,,机械类(机械设计制造及其自动化、智能制造工程),,,503,
0649,乐山师范学院,,特殊教育(师范类),,,480,
0650,四川外国语大学,,英语,,,593,
0650,四川外国语大学,,翻译,,,597,
0650,四川外国语大学,,商务英语,,,590,
0650,四川外国语大学,,政治学类(外交学、国际政治),,,575,
0650,四川外国语大学,,中国语言文学类(汉语国际教育、汉语言文学),,,573,
0650,四川外国语大学,,工商管理类(财务管理、审计学、人力资源管理),,,582,
0650,四川外国语大学,,旅游管理,,,530,
0650,四川外国语大学,,国际经济与贸易,,,584,
0650,四川外国语大学,,社会学类(社会学、社会工作),,,573,
0650,四川外国语大学,,教育学,,,572,
0651,西南财经大学,,金融学类[金融学、金融工程、信用管理、金融学(证券与期货方向)、投资学],,,649,
0651,西南财经大学,,金融科技,,,647,
0651,西南财经大学,,金融学(双语实验班),,,651,
0651,西南财经大学,,金融学类(保险学院)[保险学、保险学(财务与会计双语实验班)、保险学(精算双语实验班)],,,646,
0651,西南财经大学,,精算学,,,648,
0651,西南财经大学,,经济学(国家经济学基础人才培养基地班),,,645,
0651,西南财经大学,,数字经济,,,645,
0651,西南财经大学,,工商管理类[工商管理(数字化管理)、市场营销(大数据营销)、旅游管理(数字文旅)、供应链管理(供应链金融与智慧商务)],,,640,
0651,西南财经大学,,工商管理(双语实验班),,,638,
0651,西南财经大学,,市场营销(中外合作办学)(金融服务与营销),,,583,
0651,西南财经大学,,工商管理类(会计学院)(会计学、财务管理、审计学),,,645,
0651,西南财经大学,,会计学(注册会计师专门化方向),,,654,
0651,西南财经大学,,会计学(双语实验班),,,646,
0651,西南财经大学,,财政学类(财政学、税收学),,,644,
0651,西南财经大学,,统计学类(统计学、数据科学与大数据技术、经济统计学),,,642,
0651,西南财经大学,,计算机类(人工智能、计算机科学与技术),,,644,
0651,西南财经大学,,法学(法学与会计学双学位),,,645,
0651,西南财经大学,,经济与贸易类[国际商务(双语实验班)、国际经济与贸易(双语实验班)],,,642,
0651,西南财经大学,,公共管理类(人力资源管理、行政管理、劳动与社会保障),,,637,
0651,西南财经大学,,数学与应用数学(经济数学方向),,,644,
0651,西南财经大学,,信息管理与信息系统(中外合作办学)(信息系统与数据管理方向),,,615,
0651,西南财经大学,,物流管理(中外合作办学)(运营管理与商务分析方向),,,594,
0651,西南财经大学,,金融数学(中外合作办学)(金融服务与量化分析方向),,,634,
0651,西南财经大学,,金融学(经管国际化创新实验班),,,654,
0651,西南财经大学,,管理科学与工程类(信息学院)(信息管理与信息系统、电子商务),,,637,
0651,西南财经大学,,法学(法学与国商双学位),,,646,
0651,西南财经大学,,计算金融,,,647,
0652,西南政法大学,,法学,,,635,
0652,西南政法大学,,法学,,,641,
0652,西南政法大学,,法学,,,640,
0652,西南政法大学,,知识产权,,,627,
0652,西南政法大学,,法学(中外合作办学),,,624,
0652,西南政法大学,,刑事科学技术,,,623,
0652,西南政法大学,,工商管理类(工商管理、市场营销、会计学、审计学、劳动关系、电子商务及法律),,,624,
0652,西南政法大学,,经济学类(经济统计学、金融学、金融工程、国际经济与贸易),,,626,
0655,四川美术学院,,工业设计,,,597,
0656,西南民族大学,,建筑类(建筑学、城乡规划、风景园林),,,555,
0656,西南民族大学,,数学类(数学与应用数学、信息与计算科学),,,540,
0656,西南民族大学,,英语,,,553,
0656,西南民族大学,,电气工程及其自动化,,,552,
0656,西南民族大学,,自动化,,,548,
0656,西南民族大学,,动物科学,,,523,
0656,西南民族大学,,动物医学,,,553,
0656,西南民族大学,,金融学类(金融学、金融工程、保险学、投资学),,,569,
0656,西南民族大学,,计算机类(计算机科学与技术、软件工程、网络工程、物联网工程),,,559,
0656,西南民族大学,,电子信息类(电子信息工程、通信工程、人工智能),,,551,
0656,西南民族大学,,环境科学与工程类(环境工程、环境科学),,,547,
0656,西南民族大学,,药学类(药学、药物制剂),,,546,
0656,西南民族大学,,工商管理类(工商管理、市场营销、财务管理、人力资源管理、物流管理),,,554,
0656,西南民族大学,,会计学,,,553,
0656,西南民族大学,,新闻传播学类(新闻学、广播电视学),,,534,
0656,西南民族大学,,数学类(数学与应用数学、信息与计算科学),,,523,
0656,西南民族大学,,旅游管理,,,513,
0656,西南民族大学,,电气工程及其自动化,,,540,
0656,西南民族大学,,自动化,,,533,
0656,西南民族大学,,化学工程与工艺,,,504,
0656,西南民族大学,,动物医学,,,520,
0656,西南民族大学,,药学类(药学、药物制剂),,,523,
0656,西南民族大学,,计算机类(计算机科学与技术、软件工程、网络工程、物联网工程),,,546,
0656,西南民族大学,,电子信息类(电子信息工程、通信工程、人工智能),,,539,
0656,西南民族大学,,环境科学与工程类(环境工程、环境科学),,,514,
0656,西南民族大学,,食品科学与工程类(食品科学与工程、食品质量与安全),,,524,
0657,贵州大学,,法学,,,585,
0657,贵州大学,,财政学类(财政学、金融学),,,577,
0657,贵州大学,,机械设计制造及其自动化,,,579,
0657,贵州大学,,电气类(电气工程及其自动化、自动化、能源与动力工程、测控技术与仪器),,,580,
0657,贵州大学,,土木类(土木工程、建筑环境与能源应用工程),,,570,
0657,贵州大学,,水利水电工程,,,568,
0657,贵州大学,,建筑类(建筑学、城乡规划),,,569,
0657,贵州大学,,材料类(材料科学与工程、高分子材料与工程),,,567,
0657,贵州大学,,新能源科学与工程,,,575,
0657,贵州大学,,化工与制药类(化学工程与工艺、无机非金属材料工程),,,559,
0657,贵州大学,,过程装备与控制工程,,,570,
0657,贵州大学,,食品科学与工程类(食品科学与工程、食品质量与安全、酿酒工程),,,568,
0657,贵州大学,,制药工程,,,567,
0660,贵州医科大学,,临床医学,,,578,
0660,贵州医科大学,,预防医学,,,568,
0661,遵义医科大学,,临床医学,,,560,
0661,遵义医科大学,,食品质量与安全,,,507,
0661,遵义医科大学,,康复治疗学,,,521,
0661,遵义医科大学,,临床医学,,,563,
0662,贵州中医药大学,,公共管理类(公共事业管理、劳动与社会保障、健康服务与管理),,,428,
0662,贵州中医药大学,,电子信息类(医学信息工程、数据科学与大数据技术),,,487,
0662,贵州中医药大学,,药物制剂(中外合作办学),,,365,
0662,贵州中医药大学,,中西医临床医学,,,513,
0662,贵州中医药大学,,中药学,,,504,
0667,安顺学院,,应用心理学,,,467,
0667,安顺学院,,植物生产类(农学、设施农业科学与工程),,,440,
0670,黔南民族师范学院,,计算机类(软件工程、智能科学与技术),,,447,
0671,贵州财经大学,,经济学类(资源与环境经济学、经济学、农林经济管理),,,507,
0671,贵州财经大学,,会计学(中外合作办学),,,449,
0671,贵州财经大学,,财务管理(中外合作办学),,,442,
0671,贵州财经大学,,市场营销(中外合作办学),,,419,
0673,云南大学,,经济学类(经济学、财政学、金融学、国际经济与贸易),,,597,
0673,云南大学,,法学,,,595,
0673,云南大学,,化学类(化学、高分子材料与工程、化学工程与工艺、制药工程),,,586,
0673,云南大学,,地理科学,,,583,
0673,云南大学,,大气科学,,,609,
0673,云南大学,,生物技术,,,588,
0673,云南大学,,生物科学类(生物科学、生物技术),,,587,
0673,云南大学,,统计学,,,594,
0673,云南大学,,材料科学与工程,,,575,
0673,云南大学,,电子信息类(电子科学与技术、光电信息科学与工程、电子信息工程、通信工程),,,592,
0673,云南大学,,计算机类(计算机科学与技术、物联网工程、智能科学与技术、软件工程、数字媒体技术、网络空间安全、人工智能),,,593,
0673,云南大学,,土木工程(中外合作办学),,,544,
0673,云南大学,,建筑学,,,595,
0673,云南大学,,城乡规划,,,578,
0673,云南大学,,临床医学,,,584,
0673,云南大学,,工商管理类(工商管理、财务管理、会计学、人力资源管理、物流管理、旅游管理),,,590,
0673,云南大学,,公共事业管理,,,575,
0673,云南大学,,物流管理(中外合作办学),,,559,
0674,昆明理工大学,,地质工程,,,543,
0674,昆明理工大学,,资源勘查工程,,,544,
0674,昆明理工大学,,冶金工程,,,549,
0674,昆明理工大学,,新能源材料与器件,,,556,
0674,昆明理工大学,,能源与动力工程,,,564,
0674,昆明理工大学,,工业工程,,,545,
0674,昆明理工大学,,测控技术与仪器,,,554,
0674,昆明理工大学,,自动化,,,567,
0674,昆明理工大学,,计算机科学与技术,,,576,
0674,昆明理工大学,,物联网工程,,,572,
0674,昆明理工大学,,电气工程及其自动化,,,578,
0674,昆明理工大学,,车辆工程,,,561,
0674,昆明理工大学,,环境科学与工程类(环境工程、环境科学),,,538,
0674,昆明理工大学,,化工与制药类(化学工程与工艺、轻化工程),,,542,
0674,昆明理工大学,,油气储运工程,,,548,
0674,昆明理工大学,,给排水科学与工程,,,550,
0674,昆明理工大学,,工程管理,,,547,
0674,昆明理工大学,,电子信息类(光电信息科学与工程、电子信息科学与技术),,,569,
0674,昆明理工大学,,法学,,,560,
0674,昆明理工大学,,材料成型及控制工程,,,551,
0674,昆明理工大学,,材料科学与工程,,,555,
0674,昆明理工大学,,功能材料,,,549,
0674,昆明理工大学,,机械工程,,,553,
0674,昆明理工大学,,交通运输,,,562,
0674,昆明理工大学,,安全工程,,,545,
0674,昆明理工大学,,土木工程(中外合作办学),,,473,
0676,云南农业大学,,种子科学与工程,,,503,
0676,云南农业大学,,动物科学,,,485,
0676,云南农业大学,,动物医学,,,528,
0676,云南农业大学,,植物保护,,,502,
0676,云南农业大学,,烟草,,,519,
0676,云南农业大学,,水利水电工程,,,506,
0676,云南农业大学,,机械设计制造及其自动化,,,500,
0676,云南农业大学,,电气工程及其自动化,,,516,
0676,云南农业大学,,计算机科学与技术,,,503,
0676,云南农业大学,,土木工程,,,487,
0676,云南农业大学,,土木工程(中外合作办学)(土木与环境),,,454,
0676,云南农业大学,,农林经济管理(中外合作办学),,,448,
0677,西南林业大学,,地理信息科学,,,504,
0677,西南林业大学,,应用化学,,,479,
0677,西南林业大学,,生物技术,,,512,
0677,西南林业大学,,机械电子工程,,,502,
0677,西南林业大学,,高分子材料与工程,,,482,
0677,西南林业大学,,计算机科学与技术,,,515,
0677,西南林业大学,,森林工程,,,489,
0677,西南林业大学,,食品科学与工程,,,480,
0677,西南林业大学,,林学,,,498,
0677,西南林业大学,,园林,,,512,
0677,西南林业大学,,数据科学与大数据技术,,,512,
0677,西南林业大学,,风景园林,,,536,
0677,西南林业大学,,应用统计学,,,510,
0677,西南林业大学,,生态学,,,497,
0678,昆明医科大学,,临床医学,,,579,
0678,昆明医科大学,,麻醉学,,,583,
0678,昆明医科大学,,医学影像学,,,589,
0678,昆明医科大学,,口腔医学,,,600,
0678,昆明医科大学,,预防医学,,,578,
0678,昆明医科大学,,临床药学,,,558,
0678,昆明医科大学,,医学检验技术,,,569,
0678,昆明医科大学,,康复物理治疗,,,561,
0678,昆明医科大学,,药学,,,561,
0678,昆明医科大学,,法医学,,,574,
0678,昆明医科大学,,护理学(中外合作办学),,,498,
0679,大理大学,,临床医学,,,526,
0679,大理大学,,医学影像学,,,523,
0679,大理大学,,眼视光医学,,,529,
0679,大理大学,,药学,,,506,
0679,大理大学,,临床药学,,,511,
0679,大理大学,,化学,,,504,
0679,大理大学,,计算机类(计算机科学与技术、信息安全、智能科学与技术),,,520,
0679,大理大学,,经济学,,,512,
0680,云南中医药大学,,药学,,,512,
0680,云南中医药大学,,中医学,,,519,
0681,云南师范大学,,化学(师范类),,,563,
0681,云南师范大学,,会计学(中外合作办学)(与爱尔兰国家学院合作办学),,,476,
0681,云南师范大学,,物理学(师范类),,,562,
0684,曲靖师范学院,,生物科学(师范类),,,486,
0684,曲靖师范学院,,生物技术,,,450,
0684,曲靖师范学院,,制药工程,,,448,
0684,曲靖师范学院,,工程造价,,,450,
0684,曲靖师范学院,,工商管理,,,459,
0684,曲靖师范学院,,会计学,,,469,
0684,曲靖师范学院,,酒店管理,,,437,
0687,红河学院,,计算机科学与技术,,,446,
0687,红河学院,,电气工程及其自动化,,,444,
0687,红河学院,,设施农业科学与工程,,,431,
0689,云南财经大学,,金融学,,,555,
0689,云南财经大学,,信息与计算科学,,,517,
0689,云南财经大学,,工商管理,,,540,
0689,云南财经大学,,人力资源管理,,,533,
0689,云南财经大学,,法学,,,550,
0689,云南财经大学,,会计学,,,558,
0689,云南财经大学,,物流管理,,,529,
0689,云南财经大学,,劳动与社会保障,,,483,
0689,云南财经大学,,计算机科学与技术,,,545,
0689,云南财经大学,,国际商务,,,536,
0691,云南民族大学,,计算机科学与技术,,,524,
0691,云南民族大学,,土木工程,,,494,
0693,西藏农牧学院,,农学,,,410,
0693,西藏农牧学院,,园艺,,,431,
0693,西藏农牧学院,,植物保护,,,393,
0693,西藏农牧学院,,草业科学,,,379,
0693,西藏农牧学院,,动物科学,,,402,
0693,西藏农牧学院,,生物技术,,,373,
0693,西藏农牧学院,,食品质量与安全,,,391,
0693,西藏农牧学院,,自然地理与资源环境,,,417,
0693,西藏农牧学院,,环境工程,,,394,
0693,西藏农牧学院,,水土保持与荒漠化防治,,,391,
0693,西藏农牧学院,,林学,,,363,
0693,西藏农牧学院,,土木工程,,,426,
0693,西藏农牧学院,,水利水电工程,,,417,
0693,西藏农牧学院,,农业水利工程,,,387,
0693,西藏农牧学院,,电气工程及其自动化,,,424,
0693,西藏农牧学院,,农业电气化,,,405,
0694,西藏大学,,物理学(师范类),,,509,
0694,西藏大学,,地理信息科学,,,509,
0694,西藏大学,,临床医学,,,513,
0697,西北大学,,地质学,,,592,
0697,西北大学,,经济统计学,,,601,
0697,西北大学,,信息管理与信息系统,,,598,
0697,西北大学,,数学类(数学与应用数学、信息与计算科学、应用统计学),,,608,
0697,西北大学,,物理学类(物理学、应用物理学、材料物理、光电信息科学与工程),,,597,
0697,西北大学,,化学类(化学、应用化学、化学生物学、材料化学),,,594,
0697,西北大学,,城乡规划,,,587,
0697,西北大学,,生物医学科学,,,590,
0697,西北大学,,生物科学类(生物科学、生物技术、生态学),,,591,
0697,西北大学,,计算机类(计算机科学与技术、物联网工程、软件工程),,,609,
0697,西北大学,,食品科学与工程,,,591,
0698,西安交通大学,,工科试验班(钱学森班之智能电气Q)(电气工程及其自动化、测控技术与仪器),,,670,
0698,西安交通大学,,工科试验班(钱学森班之智慧能源动力Q)(能源与动力工程、新能源科学与工程、核工程与核技术、环境工程),,,669,
0698,西安交通大学,,工科试验班(越杰计划之智慧能源与智能制造类Q)(能源与动力工程、机械工程、材料科学与工程、工程力学),,,666,
0698,西安交通大学,,理科试验班(化学生物H)(应用化学、生物技术),,,656,
0698,西安交通大学,,理科试验班(力学H)(力学类),,,658,
0698,西安交通大学,,工科试验班(智慧能源与智能制造类)(能源与动力工程、新能源科学与工程、飞行器设计与工程、核工程与核技术、环境工程、人居环境科学与技术、化学工程与工艺、材料科学与工程、机械工程、工业设计、过程装备与控制工程、车辆工程、测控技术与仪器、工程力学、飞行器动力工程、建筑学),,,658,
0698,西安交通大学,,工科试验班(智能电气与信息类)(电气工程及其自动化、电子科学与技术、微电子科学与工程、信息工程、自动化、软件工程、计算机科学与技术、物联网工程、生物医学工程、测控技术与仪器),,,663,
0698,西安交通大学,,工科试验班(经管类)(大数据管理与应用、工商管理、行政管理、劳动与社会保障、工业工程、经济学、财政学、金融学、国际经济与贸易、贸易经济、金融工程、经济统计学、电子商务),,,656,
0698,西安交通大学,,会计学(ACCA),,,661,
0698,西安交通大学,,理科试验班(应用化学、材料物理、光电信息科学与工程、应用物理学、统计学、数学与应用数学、信息与计算科学、力学类、化学、生物技术),,,662,
0699,西北工业大学,,计算机类(本研衔接班)(人工智能、计算机科学与技术、电子信息工程、自动化),,,656,
0699,西北工业大学,,航空航天类(黄玉珊航空班)(飞行器设计与工程),,,661,
0699,西北工业大学,,航空航天类(飞行器设计与工程、飞行器动力工程、飞行器控制与信息工程、航空航天工程),,,652,
0699,西北工业大学,,海洋工程类(智慧海洋试验班)(船舶与海洋工程、水声工程、信息工程、海洋工程与技术),,,643,
0699,西北工业大学,,材料类(新材料与化工试验班)(材料科学与工程、材料成型及控制工程、复合材料与工程、高分子材料与工程、化学工程与工艺),,,647,
0699,西北工业大学,,机械类(航宇智能制造试验班)(飞行器制造工程、机械设计制造及其自动化、机械电子工程、工业设计、微机电系统工程、工业工程),,,649,
0699,西北工业大学,,能源动力类(航空动力与新能源试验班)(飞行器动力工程、能源与动力工程),,,648,
0699,西北工业大学,,电子信息类(电子信息工程、电子科学与技术、通信工程、电磁场与无线技术、探测制导与控制技术),,,650,
0699,西北工业大学,,自动化类(自动化、电气工程及其自动化、机器人工程),,,649,
0699,西北工业大学,,计算机类(计算机科学与技术、数据科学与大数据技术、人工智能、物联网工程),,,652,
0699,西北工业大学,,数学类(数学与应用数学、信息与计算科学、统计学),,,648,
0699,西北工业大学,,软件工程,,,650,
0699,西北工业大学,,材料科学与工程(中外合作办学),,,614,
0699,西北工业大学,,高分子材料与工程(中外合作办学),,,602,
0700,西安理工大学,,材料成型及控制工程,,,575,
0700,西安理工大学,,机械设计制造及其自动化,,,587,
0700,西安理工大学,,测控技术与仪器,,,582,
0700,西安理工大学,,自动化类(电气工程与智能控制、电子信息工程、自动化),,,588,
0700,西安理工大学,,电子科学与技术,,,589,
0700,西安理工大学,,通信工程,,,587,
0700,西安理工大学,,信息管理与信息系统,,,582,
0700,西安理工大学,,能源与动力工程,,,584,
0700,西安理工大学,,计算机科学与技术,,,593,
0700,西安理工大学,,建筑学,,,580,
0700,西安理工大学,,电气类(电气工程及其自动化、智能电网信息工程),,,592,
0700,西安理工大学,,材料科学与工程,,,574,
0701,西安电子科技大学,,电子信息类(通信工程、信息工程、空间信息与数字技术、电子信息工程、信息对抗技术、遥感科学与技术、电磁场与无线技术、微电子科学与工程、集成电路设计与集成系统、电子科学与技术、光电信息科学与工程、电子信息科学与技术、电波传播与天线、空间科学与技术、探测制导与控制技术、飞行器设计与工程),,,644,
0701,西安电子科技大学,,计算机类(计算机科学与技术、物联网工程、数字媒体技术、数据科学与大数据技术、软件工程、人工智能、智能科学与技术、信息安全、网络工程、网络空间安全、密码科学与技术),,,646,
0701,西安电子科技大学,,自动化类(智能制造及智能测控)(机械设计制造及其自动化、工业设计、自动化、电气工程及其自动化、测控技术与仪器、电子封装技术、机器人工程),,,643,
0701,西安电子科技大学,,通信工程(中外合作办学),,,604,
0701,西安电子科技大学,,电子信息工程(中外合作办学),,,599,
0701,西安电子科技大学,,少数民族预科班,,,622,
0702,西安工业大学,,应用物理学,,,554,
0702,西安工业大学,,智能制造工程,,,567,
0702,西安工业大学,,测控技术与仪器,,,563,
0702,西安工业大学,,计算机科学与技术,,,571,
0702,西安工业大学,,土木工程,,,553,
0702,西安工业大学,,城市地下空间工程,,,549,
0702,西安工业大学,,英语,,,553,
0703,西安建筑科技大学,,建筑学,,,615,
0703,西安建筑科技大学,,城乡规划,,,594,
0703,西安建筑科技大学,,土木工程,,,581,
0703,西安建筑科技大学,,交通工程,,,580,
0703,西安建筑科技大学,,给排水科学与工程,,,576,
0703,西安建筑科技大学,,环境工程,,,566,
0703,西安建筑科技大学,,环境科学,,,565,
0703,西安建筑科技大学,,建筑环境与能源应用工程,,,576,
0703,西安建筑科技大学,,建筑电气与智能化,,,577,
0703,西安建筑科技大学,,工商管理,,,565,
0703,西安建筑科技大学,,通信工程,,,577,
0703,西安建筑科技大学,,电气工程及其自动化,,,581,
0703,西安建筑科技大学,,机械类(机械设计制造及其自动化、机械工程、机械电子工程、车辆工程),,,575,
0703,西安建筑科技大学,,金属材料工程,,,556,
0703,西安建筑科技大学,,新能源材料与器件,,,574,
0703,西安建筑科技大学,,材料类(材料科学与工程、资源循环科学与工程、功能材料、纳米材料与技术),,,561,
0703,西安建筑科技大学,,化工与制药类(化学工程与工艺、应用化学),,,556,
0703,西安建筑科技大学,,安全工程,,,571,
0703,西安建筑科技大学,,大数据管理与应用,,,575,
0703,西安建筑科技大学,,光电信息科学与工程,,,574,
0703,西安建筑科技大学,,工程管理,,,572,
0703,西安建筑科技大学,,土木工程(中外合作办学),,,541,
0703,西安建筑科技大学,,建筑电气与智能化(中外合作办学),,,547,
0703,西安建筑科技大学,,土木工程,,,583,
0703,西安建筑科技大学,,环境工程,,,567,
0703,西安建筑科技大学,,机械设计制造及其自动化,,,575,
0704,西安科技大学,,土木工程,,,557,
0704,西安科技大学,,智能制造工程,,,561,
0704,西安科技大学,,电子科学与技术,,,571,
0704,西安科技大学,,计算机科学与技术,,,574,
0704,西安科技大学,,地质工程,,,547,
0704,西安科技大学,,资源勘查工程,,,545,
0704,西安科技大学,,自然地理与资源环境,,,553,
0704,西安科技大学,,无机非金属材料工程,,,551,
0704,西安科技大学,,新能源材料与器件,,,561,
0704,西安科技大学,,矿物加工工程,,,540,
0705,西安石油大学,,油气储运工程,,,561,
0705,西安石油大学,,地质工程,,,558,
0705,西安石油大学,,勘查技术与工程,,,541,
0705,西安石油大学,,资源勘查工程,,,558,
0705,西安石油大学,,电气工程及其自动化,,,563,
0705,西安石油大学,,机械电子工程,,,552,
0705,西安石油大学,,新能源科学与工程,,,551,
0705,西安石油大学,,材料类(材料物理、金属材料工程、焊接技术与工程),,,545,
0705,西安石油大学,,计算机类(计算机科学与技术、软件工程、网络工程、数字媒体技术),,,562,
0705,西安石油大学,,数据科学与大数据技术,,,556,
0705,西安石油大学,,通信工程,,,564,
0705,西安石油大学,,能源化学工程,,,546,
0705,西安石油大学,,环境工程,,,539,
0705,西安石油大学,,数学类(数学与应用数学、信息与计算科学),,,549,
0705,西安石油大学,,工程管理,,,548,
0705,西安石油大学,,石油工程,,,557,
0705,西安石油大学,,测控技术与仪器,,,553,
0705,西安石油大学,,机械设计制造及其自动化,,,559,
0705,西安石油大学,,化学工程与工艺,,,549,
0708,陕西科技大学,,轻化工程,,,547,
0708,陕西科技大学,,数学类(数学与应用数学、信息与计算科学、数据科学与大数据技术),,,563,
0708,陕西科技大学,,机械类(机械设计制造及其自动化、材料成型及控制工程、机械电子工程、过程装备与控制工程),,,562,
0708,陕西科技大学,,材料类(材料物理、材料化学、无机非金属材料工程、高分子材料与工程、纳米材料与技术),,,555,
0708,陕西科技大学,,电气类(智能制造工程、电气工程及其自动化、自动化、机器人工程),,,566,
0708,陕西科技大学,,化工与制药类(化学工程与工艺、制药工程、能源化学工程),,,552,
0708,陕西科技大学,,食品科学与工程类(食品科学与工程、食品质量与安全、乳品工程、酿酒工程),,,549,
0708,陕西科技大学,,物流管理与工程类(物流工程、工业工程),,,553,
0708,陕西科技大学,,机械设计制造及其自动化(中外合作办学),,,531,
0708,陕西科技大学,,工业设计(中外合作办学),,,517,
0708,陕西科技大学,,计算机科学与技术(中外合作办学),,,532,
0709,西安工程大学,,计算机类(计算机科学与技术、软件工程、网络空间安全、智能科学与技术、数据科学与大数据技术),,,557,
0709,西安工程大学,,纺织类(纺织工程、非织造材料与工程),,,525,
0709,西安工程大学,,大数据管理与应用,,,548,
0709,西安工程大学,,工商管理,,,540,
0710,长安大学,,道路桥梁与渡河工程,,,605,
0710,长安大学,,道路桥梁与渡河工程(国际工程班),,,592,
0710,长安大学,,城市地下空间工程,,,592,
0710,长安大学,,车辆工程,,,609,
0710,长安大学,,能源与动力工程,,,602,
0710,长安大学,,物流工程,,,588,
0710,长安大学,,机械类(机械工程、机械设计制造及其自动化、机械电子工程、工业设计),,,605,
0710,长安大学,,工商管理类(工商管理、市场营销、会计学),,,593,
0710,长安大学,,管理科学与工程类(工程管理、信息管理与信息系统),,,594,
0710,长安大学,,电气工程及其自动化,,,605,
0710,长安大学,,自动化类(自动化、机器人工程),,,604,
0710,长安大学,,交通设备与控制工程,,,597,
0710,长安大学,,计算机类(计算机科学与技术、软件工程、物联网工程),,,606,
0710,长安大学,,地质学类(地质学、资源勘查工程),,,588,
0710,长安大学,,土木类(土木工程、建筑环境与能源应用工程、给排水科学与工程、工程造价),,,597,
0710,长安大学,,建筑类(建筑学、城乡规划、风景园林),,,599,
0710,长安大学,,材料类(材料科学与工程、材料成型及控制工程、无机非金属材料工程、新能源材料与器件、高分子材料与工程),,,591,
0710,长安大学,,交通工程,,,604,
0710,长安大学,,交通工程(国际工程班),,,603,
0710,长安大学,,交通运输,,,602,
0710,长安大学,,新闻传播学类(新闻学、广告学、汉语言文学),,,600,
0710,长安大学,,车辆工程(中外合作办学),,,577,
0710,长安大学,,交通运输(中外合作办学),,,568,
0710,长安大学,,少数民族预科班,,,589,
0712,西北农林科技大学,,社会学类(社会学、社会工作),,,586,
0712,西北农林科技大学,,公共管理类(劳动与社会保障、公共事业管理),,,591,
0712,西北农林科技大学,,英语,,,598,
0712,西北农林科技大学,,汉语国际教育,,,607,
0712,西北农林科技大学,,俄语,,,588,
0712,西北农林科技大学,,农学(农学类),,,600,
0712,西北农林科技大学,,智慧农业,,,593,
0712,西北农林科技大学,,植物保护,,,590,
0712,西北农林科技大学,,制药工程,,,593,
0712,西北农林科技大学,,园艺(园艺类),,,584,
0712,西北农林科技大学,,设施农业科学与工程,,,584,
0712,西北农林科技大学,,动物科学(动物类),,,584,
0712,西北农林科技大学,,智慧牧业科学与工程,,,587,
0712,西北农林科技大学,,草业科学,,,589,
0712,西北农林科技大学,,动物医学类(动物医学、动物药学),,,596,
0712,西北农林科技大学,,林学类(林学、森林保护),,,591,
0712,西北农林科技大学,,林业工程类(林产化工、木材科学与工程),,,583,
0712,西北农林科技大学,,园林,,,595,
0712,西北农林科技大学,,风景园林,,,597,
0712,西北农林科技大学,,城乡规划,,,589,
0712,西北农林科技大学,,资源环境科学,,,587,
0712,西北农林科技大学,,地理信息科学,,,592,
0712,西北农林科技大学,,环境科学(中外合作办学),,,560,
0712,西北农林科技大学,,水利类(水文与水资源工程、农业水利工程、水利水电工程、能源与动力工程),,,595,
0712,西北农林科技大学,,电气工程及其自动化,,,601,
0712,西北农林科技大学,,土木工程,,,594,
0712,西北农林科技大学,,机械类(机械电子工程、机械设计制造及其自动化、农业机械化及其自动化、车辆工程),,,596,
0712,西北农林科技大学,,电子信息工程,,,610,
0712,西北农林科技大学,,计算机类(数据科学与大数据技术、软件工程、信息管理与信息系统、计算机科学与技术、电子商务),,,605,
0712,西北农林科技大学,,食品科学与工程类(食品科学与工程、食品质量与安全),,,590,
0712,西北农林科技大学,,食品科学与工程(中外合作办学),,,562,
0712,西北农林科技大学,,葡萄与葡萄酒工程,,,590,
0712,西北农林科技大学,,生物科学类(生物科学、生物技术、生物工程),,,598,
0712,西北农林科技大学,,信息与计算科学,,,595,
0712,西北农林科技大学,,光电信息科学与工程,,,599,
0712,西北农林科技大学,,化学类(应用化学、化学生物学),,,590,
0712,西北农林科技大学,,经济学类(经济学、国际经济与贸易、金融学、保险学),,,597,
0712,西北农林科技大学,,工商管理类(市场营销、土地资源管理、农林经济管理、工商管理、会计学),,,592,
0712,西北农林科技大学,,植物生产类(卓越班)(农学、植物保护、园艺、林学、草业科学),,,592,
0712,西北农林科技大学,,动物医学(卓越班),,,596,
0716,陕西中医药大学,,临床医学,,,542,
0716,陕西中医药大学,,中医骨伤科学,,,525,
0716,陕西中医药大学,,中西医临床医学,,,521,
0718,陕西师范大学,,物理学类[物理学(师范)、物理学(恒元班)、物理学(创新实验班)、电子信息科学与技术],,,645,
0718,陕西师范大学,,心理学类[心理学(师范)、心理学、应用心理学],,,615,
0718,陕西师范大学,,工商管理类(市场营销、人力资源管理、财务管理),,,585,
0718,陕西师范大学,,计算机类[计算机科学与技术(创新实验班)、软件工程],,,611,
0719,延安大学,,经济学,,,494,
0719,延安大学,,金融学,,,487,
0719,延安大学,,人力资源管理,,,484,
0719,延安大学,,油气储运工程,,,475,
0719,延安大学,,工程管理,,,483,
0719,延安大学,,应用心理学(师范类),,,504,
0720,陕西理工大学,,物理学(师范类),,,539,
0720,陕西理工大学,,机械设计制造及其自动化,,,528,
0720,陕西理工大学,,材料成型及控制工程,,,516,
0720,陕西理工大学,,电子信息工程,,,524,
0720,陕西理工大学,,通信工程,,,526,
0720,陕西理工大学,,计算机类(计算机科学与技术、网络工程),,,527,
0721,宝鸡文理学院,,信息与计算科学,,,468,
0721,宝鸡文理学院,,物理学(师范类),,,495,
0721,宝鸡文理学院,,地理科学(师范类),,,501,
0721,宝鸡文理学院,,材料成型及控制工程,,,439,
0721,宝鸡文理学院,,自动化类(自动化、轨道交通信号与控制),,,458,
0722,咸阳师范学院,,金融数学,,,479,
0722,咸阳师范学院,,软件工程,,,480,
0723,渭南师范学院,,会计学,,,468,
0723,渭南师范学院,,财务管理,,,460,
0726,西北政法大学,,法学(民商法),,,625,
0726,西北政法大学,,经济学类(经济学、金融学、金融工程、国际经济与贸易),,,619,
0730,兰州大学,,物理学类[物理学(基地班)、物理学、微电子科学与工程],,,621,
0730,兰州大学,,大气科学类[大气科学(基地班)、大气科学、应用气象学],,,612,
0730,兰州大学,,生物科学类[生物科学(基地班)、生物技术(基地班)、生物科学、生物技术],,,610,
0730,兰州大学,,计算机类[计算机科学与技术(基地班)、计算机科学与技术、信息安全、数据科学与大数据技术],,,618,
0730,兰州大学,,化工与制药类(化学工程与工艺、能源化学工程),,,611,
0730,兰州大学,,临床医学类(临床医学、医学影像学、麻醉学、儿科学),,,606,
0730,兰州大学,,口腔医学,,,617,
0730,兰州大学,,预防医学,,,606,
0730,兰州大学,,工商管理类(会计学、市场营销、人力资源管理),,,609,
0731,兰州理工大学,,材料成型及控制工程,,,528,
0731,兰州理工大学,,工业工程,,,523,
0731,兰州理工大学,,机械设计制造及其自动化,,,535,
0731,兰州理工大学,,能源与动力工程(流体机械及工程),,,538,
0731,兰州理工大学,,新能源科学与工程,,,531,
0731,兰州理工大学,,过程装备与控制工程,,,523,
0731,兰州理工大学,,化学工程与工艺,,,519,
0731,兰州理工大学,,应用化学,,,521,
0731,兰州理工大学,,自动化,,,543,
0731,兰州理工大学,,软件工程,,,544,
0731,兰州理工大学,,通信工程,,,531,
0731,兰州理工大学,,测绘工程,,,522,
0731,兰州理工大学,,工程管理,,,519,
0731,兰州理工大学,,工业设计,,,529,
0731,兰州理工大学,,工商管理,,,519,
0731,兰州理工大学,,会计学,,,536,
0731,兰州理工大学,,市场营销,,,512,
0731,兰州理工大学,,信息管理与信息系统,,,526,
0731,兰州理工大学,,知识产权,,,519,
0731,兰州理工大学,,数据科学与大数据技术,,,533,
0731,兰州理工大学,,智能制造工程,,,532,
0732,兰州交通大学,,交通运输,,,558,
0732,兰州交通大学,,物流管理,,,533,
0732,兰州交通大学,,建筑环境与能源应用工程,,,536,
0732,兰州交通大学,,给排水科学与工程,,,534,
0732,兰州交通大学,,土木工程,,,549,
0732,兰州交通大学,,土木工程(卓越计划班),,,557,
0732,兰州交通大学,,水利水电工程,,,549,
0732,兰州交通大学,,工程管理,,,541,
0732,兰州交通大学,,铁道工程,,,552,
0732,兰州交通大学,,道路桥梁与渡河工程,,,544,
0732,兰州交通大学,,机械设计制造及其自动化,,,555,
0732,兰州交通大学,,机械电子工程,,,552,
0732,兰州交通大学,,车辆工程,,,560,
0732,兰州交通大学,,车辆工程(卓越计划班),,,563,
0732,兰州交通大学,,建筑学,,,539,
0732,兰州交通大学,,电气工程及其自动化,,,563,
0732,兰州交通大学,,自动化,,,558,
0732,兰州交通大学,,轨道交通信号与控制,,,558,
0732,兰州交通大学,,通信工程,,,552,
0732,兰州交通大学,,测绘工程,,,535,
0732,兰州交通大学,,遥感科学与技术,,,541,
0733,甘肃农业大学,,动物科学,,,456,
0733,甘肃农业大学,,人文地理与城乡规划,,,441,
0733,甘肃农业大学,,园艺,,,438,
0733,甘肃农业大学,,设施农业科学与工程,,,436,
0736,西北师范大学,,国际经济与贸易,,,520,
0736,西北师范大学,,软件工程(与中关村软件园合作培养),,,535,
0736,西北师范大学,,电气工程及其自动化,,,534,
0736,西北师范大学,,化学(师范类),,,559,
0736,西北师范大学,,生物科学类(生物科学、生物技术),,,530,
0737,兰州城市学院,,数学与应用数学(师范类),,,492,
0737,兰州城市学院,,环境工程,,,427,
0737,兰州城市学院,,应用心理学(师范类),,,488,
0737,兰州城市学院,,经济学,,,457,
0737,兰州城市学院,,油气储运工程,,,440,
0737,兰州城市学院,,石油工程,,,445,
0737,兰州城市学院,,资源勘查工程,,,436,
0737,兰州城市学院,,新能源科学与工程,,,440,
0737,兰州城市学院,,机械设计制造及其自动化,,,435,
0737,兰州城市学院,,焊接技术与工程,,,426,
0738,陇东学院,,人文地理与城乡规划,,,435,
0738,陇东学院,,电气工程及其自动化,,,438,
0738,陇东学院,,石油工程,,,433,
0738,陇东学院,,油气储运工程,,,430,
0738,陇东学院,,护理学,,,477,
0738,陇东学院,,工程管理,,,434,
0738,陇东学院,,数据科学与大数据技术,,,444,
0738,陇东学院,,采矿工程,,,429,
0739,天水师范学院,,数学与应用数学(师范类),,,482,
0739,天水师范学院,,化学(师范类),,,481,
0740,河西学院,,化学(师范类),,,488,
0740,河西学院,,应用化学,,,426,
0740,河西学院,,学前教育(师范类),,,483,
0740,河西学院,,小学教育(师范类),,,489,
0740,河西学院,,电子商务,,,444,
0740,河西学院,,旅游管理,,,442,
0740,河西学院,,园艺,,,437,
0740,河西学院,,种子科学与工程,,,440,
0740,河西学院,,生物科学(师范类),,,485,
0740,河西学院,,葡萄与葡萄酒工程,,,436,
0740,河西学院,,英语(师范类),,,496,
0740,河西学院,,能源与动力工程,,,437,
0740,河西学院,,电气工程及其自动化,,,443,
0740,河西学院,,电子信息科学与技术,,,440,
0740,河西学院,,物联网工程,,,441,
0741,兰州财经大学,,金融工程,,,531,
0741,兰州财经大学,,投资学,,,525,
0741,兰州财经大学,,会计学,,,552,
0741,兰州财经大学,,财务管理,,,548,
0741,兰州财经大学,,物流管理,,,520,
0741,兰州财经大学,,税收学,,,538,
0741,兰州财经大学,,经济统计学,,,535,
0741,兰州财经大学,,人力资源管理,,,529,
0741,兰州财经大学,,电子信息工程,,,531,
0741,兰州财经大学,,智能科学与技术,,,526,
0741,兰州财经大学,,金融学(121中俄实验班),,,489,
0742,西北民族大学,,少数民族预科班,,,436,
0742,西北民族大学,,电子信息类(电气工程及其自动化、电子信息工程、通信工程、自动化),,,461,
0742,西北民族大学,,化工与制药类(化学工程与工艺、制药工程、环境工程、高分子材料与工程),,,422,
0742,西北民族大学,,教育技术学,,,438,
0742,西北民族大学,,动物医学,,,468,
0742,西北民族大学,,计算机类(计算机科学与技术、软件工程、物联网工程、数据科学与大数据技术),,,457,
0742,西北民族大学,,土木工程,,,444,
0742,西北民族大学,,应用化学,,,424,
0742,西北民族大学,,财务管理,,,474,
0742,西北民族大学,,保险学,,,0,
0742,西北民族大学,,经济学,,,448,
0742,西北民族大学,,电子信息类(电气工程及其自动化、电子信息工程、通信工程、自动化),,,476,
0742,西北民族大学,,化工与制药类(化学工程与工艺、制药工程、环境工程、高分子材料与工程),,,445,
0742,西北民族大学,,教育技术学,,,469,
0742,西北民族大学,,文物保护技术,,,513,
0742,西北民族大学,,动物科学,,,450,
0742,西北民族大学,,动物医学,,,473,
0742,西北民族大学,,生物工程,,,433,
0742,西北民族大学,,生物技术,,,437,
0742,西北民族大学,,食品科学与工程,,,452,
0742,西北民族大学,,计算机类(计算机科学与技术、软件工程、物联网工程、数据科学与大数据技术),,,480,
0742,西北民族大学,,土木工程,,,457,
0742,西北民族大学,,无机非金属材料工程,,,417,
0742,西北民族大学,,临床医学,,,514,
0742,西北民族大学,,应用化学,,,456,
0743,青海大学,,临床医学,,,568,
0743,青海大学,,口腔医学,,,565,
0743,青海大学,,预防医学,,,549,
0743,青海大学,,医学检验技术,,,539,
0743,青海大学,,食品科学与工程,,,547,
0743,青海大学,,植物生产类(农学、园艺、植物保护),,,551,
0743,青海大学,,动物医学,,,562,
0743,青海大学,,应用化学,,,552,
0743,青海大学,,化学工程与工艺(卓越工程师),,,553,
0743,青海大学,,能源化学工程,,,540,
0743,青海大学,,环境工程,,,549,
0743,青海大学,,过程装备与控制工程,,,547,
0743,青海大学,,电气工程及其自动化,,,567,
0743,青海大学,,资源勘查工程,,,552,
0743,青海大学,,计算机科学与技术,,,574,
0743,青海大学,,材料成型及控制工程(卓越工程师),,,553,
0743,青海大学,,工商管理类(会计学、财务管理),,,564,
0743,青海大学,,机械设计制造及其自动化,,,568,
0746,青海师范大学,,生物技术,,,472,
0746,青海师范大学,,统计学,,,458,
0746,青海师范大学,,网络工程,,,457,
0748,青海民族大学,,人工智能,,,445,
0748,青海民族大学,,药学,,,452,
0749,宁夏大学,,数学类(数学与应用数学、信息与计算科学),,,569,
0749,宁夏大学,,电气工程及其自动化,,,572,
0749,宁夏大学,,计算机类(计算机科学与技术、网络工程),,,580,
0749,宁夏大学,,机械类(机械工程、过程装备与控制工程),,,569,
0749,宁夏大学,,交通运输,,,557,
0749,宁夏大学,,农业水利工程,,,558,
0749,宁夏大学,,土木工程,,,562,
0755,新疆大学,,资源勘查工程,,,544,
0755,新疆大学,,英语,,,547,
0755,新疆大学,,数学与应用数学,,,577,
0755,新疆大学,,经济学,,,552,
0755,新疆大学,,历史学,,,535,
0755,新疆大学,,工程管理,,,546,
0755,新疆大学,,软件工程,,,552,
0757,塔里木大学,,电气工程及其自动化,,,430,
0757,塔里木大学,,农业机械化及其自动化,,,422,
0757,塔里木大学,,土木工程,,,428,
0758,新疆农业大学,,土木工程(中外合作办学),,,416,
0758,新疆农业大学,,交通运输(中外合作办学),,,408,
0758,新疆农业大学,,食品质量与安全,,,426,
0758,新疆农业大学,,植物保护,,,422,
0758,新疆农业大学,,林学类(林学、园林、森林保护),,,422,
0758,新疆农业大学,,动物科学,,,429,
0759,石河子大学,,土木类(土木工程、给排水科学与工程),,,536,
0759,石河子大学,,食品科学与工程类(食品科学与工程、食品质量与安全),,,523,
0759,石河子大学,,计算机类(计算机科学与技术、软件工程、数据科学与大数据技术、网络空间安全),,,548,
0759,石河子大学,,临床医学,,,557,
0759,石河子大学,,预防医学,,,528,
0759,石河子大学,,医学影像学,,,555,
0759,石河子大学,,药学,,,529,
0759,石河子大学,,生物科学类(生物科学、生物技术),,,535,
0759,石河子大学,,人文地理与城乡规划,,,525,
0759,石河子大学,,应用物理学,,,528,
0759,石河子大学,,材料科学与工程,,,533,
0759,石河子大学,,工商管理类(工商管理、市场营销、会计学、财务管理、人力资源管理、审计学),,,535,
0759,石河子大学,,动物科学,,,515,
0759,石河子大学,,机械类(农业机械化及其自动化、机械设计制造及其自动化),,,540,
0759,石河子大学,,动物医学,,,523,
0759,石河子大学,,应用化学,,,530,
0759,石河子大学,,教育技术学(师范类),,,522,
0760,新疆医科大学,,临床医学(“5+3一体化”),,,579,
0760,新疆医科大学,,临床医学,,,547,
0760,新疆医科大学,,中医学,,,501,
0760,新疆医科大学,,针灸推拿学,,,517,
0760,新疆医科大学,,麻醉学,,,547,
0762,新疆师范大学,,国际经济与贸易,,,438,
0762,新疆师范大学,,教育技术学(师范类),,,501,
0762,新疆师范大学,,小学教育(师范类),,,507,
0762,新疆师范大学,,英语(师范类),,,529,
0762,新疆师范大学,,俄语,,,481,
0762,新疆师范大学,,数学与应用数学(师范类),,,516,
0762,新疆师范大学,,物理学(师范类),,,505,
0762,新疆师范大学,,计算机科学与技术(师范类),,,478,
0762,新疆师范大学,,地理科学(师范类),,,501,
0762,新疆师范大学,,地理信息科学,,,456,
0762,新疆师范大学,,化学(师范类),,,504,
0762,新疆师范大学,,化学工程与工艺,,,500,
0762,新疆师范大学,,生物科学(师范类),,,498,
0762,新疆师范大学,,心理学(师范类),,,539,
0763,喀什大学,,法学,,,446,
0763,喀什大学,,教育学(师范类),,,451,
0763,喀什大学,,学前教育(师范类),,,446,
0763,喀什大学,,小学教育(师范类),,,451,
0763,喀什大学,,汉语言文学(师范类),,,479,
0763,喀什大学,,汉语国际教育,,,445,
0763,喀什大学,,英语(师范类),,,495,
0763,喀什大学,,俄语,,,433,
0763,喀什大学,,广播电视学,,,462,
0763,喀什大学,,历史学(师范类),,,458,
0763,喀什大学,,数学与应用数学(师范类),,,484,
0763,喀什大学,,物理学(师范类),,,459,
0763,喀什大学,,化学(师范类),,,463,
0763,喀什大学,,生物科学(师范类),,,470,
0763,喀什大学,,地理科学(师范类),,,463,
0763,喀什大学,,应用统计学,,,431,
0763,喀什大学,,电子信息科学与技术,,,438,
0763,喀什大学,,网络工程,,,436,
0763,喀什大学,,环境科学与工程,,,432,
0763,喀什大学,,计算机科学与技术(师范类),,,453,
0763,喀什大学,,旅游管理,,,418,
0763,喀什大学,,电气工程及其自动化,,,445,
0763,喀什大学,,土木工程,,,434,
0763,喀什大学,,社会工作,,,419,
0763,喀什大学,,食品科学与工程,,,429,
0763,喀什大学,,财务管理,,,441,
0763,喀什大学,,数字媒体技术,,,443,
0763,喀什大学,,通信工程,,,435,
0763,喀什大学,,翻译,,,439,
0764,伊犁师范大学,,物联网工程,,,431,
0764,伊犁师范大学,,跨境电子商务,,,429,
0764,伊犁师范大学,,俄语,,,432,
0766,新疆财经大学,,金融科技,,,478,
0766,新疆财经大学,,工商管理,,,471,
0766,新疆财经大学,,国际商务,,,453,
0766,新疆财经大学,,信息管理与信息系统,,,432,
0792,天津城建大学,,交通工程,,,547,
0792,天津城建大学,,建筑环境与能源应用工程,,,541,
0792,天津城建大学,,能源与动力工程,,,544,
0792,天津城建大学,,投资学,,,535,
0792,天津城建大学,,给排水科学与工程,,,545,
0792,天津城建大学,,环境工程,,,542,
0792,天津城建大学,,人工智能,,,556,
0792,天津城建大学,,地质工程,,,537,
0792,天津城建大学,,测绘工程,,,542,
0792,天津城建大学,,智能建造,,,542,
0792,天津城建大学,,建筑类(建筑学、城乡规划、风景园林),,,551,
0792,天津城建大学,,土木类(土木工程、道路桥梁与渡河工程、城市地下空间工程),,,543,
0792,天津城建大学,,管理科学与工程类(信息管理与信息系统、工程管理、房地产开发与管理、工程造价),,,541,
0792,天津城建大学,,计算机类(计算机科学与技术、网络工程、物联网工程),,,556,
0792,天津城建大学,,电子信息类(电子信息工程、电子信息科学与技术),,,562,
0792,天津城建大学,,机械类(机械设计制造及其自动化、机械电子工程、工业设计),,,553,
0792,天津城建大学,,电气类(建筑电气与智能化、电气工程及其自动化、自动化),,,550,
0792,天津城建大学,,工程管理(中外合作办学),,,488,
0792,天津城建大学,,土木工程(中外合作办学),,,490,
0792,天津城建大学,,建筑学(中外合作办学),,,530,
0792,天津城建大学,,风景园林(中外合作办学),,,509,
0798,河北科技师范学院,,风景园林,,,474,
0798,河北科技师范学院,,生物技术(师范类),,,502,
0798,河北科技师范学院,,工程管理,,,473,
0798,河北科技师范学院,,食品科学与工程,,,438,
0798,河北科技师范学院,,计算机科学与技术,,,496,
0798,河北科技师范学院,,英语(师范类),,,519,
0798,河北科技师范学院,,财务管理,,,484,
0798,河北科技师范学院,,人力资源管理,,,488,
0809,山西中医药大学,,中医学,,,519,
0809,山西中医药大学,,针灸推拿学,,,502,
0809,山西中医药大学,,康复治疗学,,,500,
0809,山西中医药大学,,中西医临床医学,,,515,
0809,山西中医药大学,,护理学,,,505,
0809,山西中医药大学,,中药学,,,492,
0809,山西中医药大学,,中药学(临床中药学方向),,,506,
0809,山西中医药大学,,中药资源与开发,,,474,
0809,山西中医药大学,,制药工程,,,504,
0809,山西中医药大学,,生物制药,,,520,
0809,山西中医药大学,,食品科学与工程,,,454,
0809,山西中医药大学,,市场营销,,,489,
0809,山西中医药大学,,信息管理与信息系统,,,464,
0812,吕梁学院,,英语(师范类),,,507,
0812,吕梁学院,,冶金工程,,,431,
0812,吕梁学院,,采矿工程(煤层气方向),,,425,
0823,长沙医学院,,临床医学,,,476,
0823,长沙医学院,,中医学,,,497,
0823,长沙医学院,,口腔医学,,,493,
0823,长沙医学院,,针灸推拿学,,,412,
0823,长沙医学院,,医学影像学,,,473,
0825,齐鲁医药学院,,生物医学工程,,,472,
0825,齐鲁医药学院,,生物制药,,,464,
0825,齐鲁医药学院,,医学影像学,,,484,
0825,齐鲁医药学院,,口腔医学,,,546,
0825,齐鲁医药学院,,预防医学,,,489,
0825,齐鲁医药学院,,药学,,,467,
0825,齐鲁医药学院,,药物制剂,,,495,
0825,齐鲁医药学院,,化妆品科学与技术,,,458,
0825,齐鲁医药学院,,中药学,,,479,
0825,齐鲁医药学院,,医学检验技术,,,477,
0825,齐鲁医药学院,,医学影像技术,,,477,
0825,齐鲁医药学院,,卫生检验与检疫,,,466,
0825,齐鲁医药学院,,助产学,,,470,
0841,辽宁对外经贸学院,,国际经济与贸易,,,345,
0841,辽宁对外经贸学院,,金融学,,,352,
0841,辽宁对外经贸学院,,英语,,,407,
0841,辽宁对外经贸学院,,商务英语,,,378,
0841,辽宁对外经贸学院,,日语,,,356,
0841,辽宁对外经贸学院,,俄语,,,348,
0841,辽宁对外经贸学院,,西班牙语,,,364,
0841,辽宁对外经贸学院,,朝鲜语,,,347,
0841,辽宁对外经贸学院,,会计学,,,387,
0841,辽宁对外经贸学院,,财务管理,,,339,
0841,辽宁对外经贸学院,,资产评估,,,336,
0841,辽宁对外经贸学院,,市场营销,,,339,
0841,辽宁对外经贸学院,,人力资源管理,,,371,
0841,辽宁对外经贸学院,,旅游管理,,,345,
0841,辽宁对外经贸学院,,会展经济与管理,,,341,
0841,辽宁对外经贸学院,,养老服务管理,,,388,
0841,辽宁对外经贸学院,,物流管理,,,336,
0841,辽宁对外经贸学院,,电子商务,,,337,
0841,辽宁对外经贸学院,,信息管理与信息系统,,,337,
0846,江西科技学院,,汽车服务工程,,,383,
0846,江西科技学院,,机械设计制造及其自动化,,,390,
0846,江西科技学院,,计算机科学与技术,,,396,
0846,江西科技学院,,数据科学与大数据技术,,,394,
0846,江西科技学院,,土木工程,,,394,
0846,江西科技学院,,工程造价,,,396,
0846,江西科技学院,,工商管理,,,390,
0856,上海工程技术大学,,能源与动力工程,,,561,
0856,上海工程技术大学,,机器人工程,,,570,
0856,上海工程技术大学,,电子信息类(计算机科学与技术、自动化、电气工程及其自动化、广播电视工程、数据科学与大数据技术、人工智能),,,573,
0856,上海工程技术大学,,工程管理,,,559,
0856,上海工程技术大学,,工业工程,,,555,
0856,上海工程技术大学,,管理科学(东方管理),,,553,
0856,上海工程技术大学,,焊接技术与工程,,,562,
0856,上海工程技术大学,,材料科学与工程,,,549,
0856,上海工程技术大学,,电子封装技术,,,561,
0856,上海工程技术大学,,材料成型及控制工程,,,555,
0856,上海工程技术大学,,工业设计,,,559,
0856,上海工程技术大学,,飞行器制造工程,,,566,
0856,上海工程技术大学,,车辆工程(城市轨道交通车辆),,,572,
0856,上海工程技术大学,,轨道交通信号与控制,,,566,
0856,上海工程技术大学,,铁道工程,,,555,
0856,上海工程技术大学,,数据计算及应用,,,565,
0859,天津天狮学院,,金融学类(保险学、金融学),,,420,
0859,天津天狮学院,,汉语国际教育,,,421,
0859,天津天狮学院,,英语,,,430,
0859,天津天狮学院,,电子信息类(电子信息工程、通信工程),,,417,
0859,天津天狮学院,,自动化(义齿智能制造),,,435,
0859,天津天狮学院,,计算机科学与技术,,,450,
0859,天津天狮学院,,食品科学与工程类(食品科学与工程、食品质量与安全),,,424,
0859,天津天狮学院,,生物工程,,,411,
0859,天津天狮学院,,药学,,,407,
0859,天津天狮学院,,医学技术类(康复治疗学、口腔医学技术),,,411,
0859,天津天狮学院,,护理学,,,426,
0859,天津天狮学院,,信息管理与信息系统,,,407,
0859,天津天狮学院,,工商管理类(财务管理、国际商务、人力资源管理、审计学、市场营销),,,423,
0859,天津天狮学院,,劳动与社会保障,,,421,
0859,天津天狮学院,,电子商务,,,423,
0868,青岛滨海学院,,医学检验技术,,,400,
0868,青岛滨海学院,,医学影像技术,,,397,
0868,青岛滨海学院,,机械设计制造及其自动化,,,407,
0868,青岛滨海学院,,电气工程及其自动化,,,415,
0868,青岛滨海学院,,人工智能,,,412,
0868,青岛滨海学院,,计算机科学与技术,,,411,
0876,浙江万里学院,,电子信息类(电子信息工程、通信工程、物联网工程),,,462,
0876,浙江万里学院,,计算机类(计算机科学与技术、软件工程、数据科学与大数据技术),,,463,
0878,安徽建筑大学,,土木工程,,,545,
0878,安徽建筑大学,,交通工程,,,532,
0878,安徽建筑大学,,能源与动力工程,,,532,
0878,安徽建筑大学,,环境工程,,,522,
0878,安徽建筑大学,,会计学,,,527,
0878,安徽建筑大学,,财务管理,,,538,
0878,安徽建筑大学,,资产评估,,,530,
0878,安徽建筑大学,,通信工程,,,539,
0878,安徽建筑大学,,网络工程,,,542,
0878,安徽建筑大学,,高分子材料与工程,,,520,
0878,安徽建筑大学,,电气工程及其自动化,,,545,
0878,安徽建筑大学,,劳动与社会保障,,,517,
0879,安徽科技学院,,财务管理,,,496,
0879,安徽科技学院,,建筑电气与智能化,,,464,
0879,安徽科技学院,,电子信息工程,,,493,
0879,安徽科技学院,,光电信息科学与工程,,,480,
0879,安徽科技学院,,电气工程及其自动化,,,498,
0879,安徽科技学院,,无机非金属材料工程,,,474,
0879,安徽科技学院,,材料科学与工程,,,488,
0879,安徽科技学院,,城乡规划,,,466,
0879,安徽科技学院,,建筑学,,,477,
0879,安徽科技学院,,计算机科学与技术,,,535,
0879,安徽科技学院,,网络工程,,,483,
0895,萍乡学院,,电子信息工程,,,451,
0904,枣庄学院,,通信工程,,,450,
0918,黄淮学院,,会计学(中外合作办学),,,430,
0918,黄淮学院,,软件工程(中外合作办学),,,426,
0919,平顶山学院,,网络与新媒体,,,466,
0919,平顶山学院,,电气工程及其自动化,,,463,
0919,平顶山学院,,护理学,,,488,
0920,湖北理工学院,,电气类(电气工程及其自动化、自动化),,,482,
0920,湖北理工学院,,电子信息类(电子信息工程、通信工程),,,487,
0920,湖北理工学院,,生物制药,,,460,
0927,湖北科技学院,,电子信息类(光电信息科学与工程、电子信息科学与技术),,,458,
0927,湖北科技学院,,核工程与核技术,,,474,
0927,湖北科技学院,,生物医学工程,,,464,
0929,湖北医药学院,,医学影像学,,,540,
0929,湖北医药学院,,儿科学,,,536,
0929,湖北医药学院,,口腔医学,,,565,
0964,吉林外国语大学,,国际经济与贸易,,,446,
0964,吉林外国语大学,,英语,,,484,
0964,吉林外国语大学,,英语(英德双语),,,498,
0964,吉林外国语大学,,英语(英法双语),,,471,
0964,吉林外国语大学,,英语(英西班牙双语),,,445,
0964,吉林外国语大学,,英语(英日双语),,,491,
0964,吉林外国语大学,,英语(英韩双语),,,480,
0964,吉林外国语大学,,俄语,,,443,
0964,吉林外国语大学,,阿拉伯语,,,412,
0964,吉林外国语大学,,日语,,,446,
0964,吉林外国语大学,,朝鲜语,,,336,
0964,吉林外国语大学,,波兰语,,,343,
0964,吉林外国语大学,,葡萄牙语,,,456,
0964,吉林外国语大学,,翻译,,,466,
0964,吉林外国语大学,,商务英语,,,457,
0964,吉林外国语大学,,人工智能,,,383,
0964,吉林外国语大学,,数字媒体技术,,,406,
0964,吉林外国语大学,,会计学,,,454,
0964,吉林外国语大学,,电子商务,,,437,
0964,吉林外国语大学,,旅游管理类(旅游管理、酒店管理),,,394,
0964,吉林外国语大学,,金融学(中外合作办学),,,410,
0964,吉林外国语大学,,德语(中外合作办学),,,429,
0964,吉林外国语大学,,西班牙语(中外合作办学),,,404,
0964,吉林外国语大学,,法语,,,441,
0994,新疆工程学院,,安全工程,,,425,
0994,新疆工程学院,,焊接技术与工程,,,412,
0994,新疆工程学院,,机器人工程,,,429,
0994,新疆工程学院,,机械电子工程,,,425,
0994,新疆工程学院,,机械设计制造及其自动化,,,431,
0994,新疆工程学院,,测控技术与仪器,,,420,
0994,新疆工程学院,,轨道交通信号与控制,,,428,
0994,新疆工程学院,,自动化,,,427,
0994,新疆工程学院,,采矿工程,,,421,
0994,新疆工程学院,,电气工程及其自动化,,,436,
0994,新疆工程学院,,能源与动力工程,,,425,
0994,新疆工程学院,,新能源科学与工程,,,425,
0994,新疆工程学院,,建筑环境与能源应用工程,,,419,
0994,新疆工程学院,,土木工程,,,425,
0994,新疆工程学院,,数据科学与大数据技术,,,439,
0994,新疆工程学院,,通信工程,,,421,
0994,新疆工程学院,,物联网工程,,,428,
1033,唐山学院,,机械设计制造及其自动化,,,451,
1033,唐山学院,,轨道交通信号与控制,,,462,
1035,沈阳大学,,汉语言文学,,,524,
1035,沈阳大学,,法学,,,529,
1035,沈阳大学,,财政学,,,509,
1035,沈阳大学,,国际经济与贸易,,,499,
1035,沈阳大学,,国际商务,,,498,
1035,沈阳大学,,经济学,,,513,
1035,沈阳大学,,经济统计学,,,507,
1035,沈阳大学,,机械设计制造及其自动化,,,481,
1035,沈阳大学,,材料成型及控制工程,,,467,
1035,沈阳大学,,车辆工程,,,476,
1035,沈阳大学,,金属材料工程,,,450,
1035,沈阳大学,,焊接技术与工程,,,462,
1035,沈阳大学,,工业工程,,,468,
1035,沈阳大学,,交通运输,,,473,
1035,沈阳大学,,电子信息工程,,,492,
1035,沈阳大学,,通信工程,,,488,
1035,沈阳大学,,自动化,,,483,
1035,沈阳大学,,物联网工程,,,492,
1035,沈阳大学,,数据科学与大数据技术,,,513,
1035,沈阳大学,,人工智能,,,489,
1035,沈阳大学,,大数据管理与应用,,,500,
1035,沈阳大学,,土木工程,,,472,
1035,沈阳大学,,建筑环境与能源应用工程,,,475,
1035,沈阳大学,,建筑学,,,483,
1035,沈阳大学,,环境工程,,,467,
1035,沈阳大学,,环境生态工程,,,465,
1035,沈阳大学,,生物工程,,,473,
1035,沈阳大学,,园林,,,479,
1035,沈阳大学,,金融学,,,527,
1035,沈阳大学,,社会工作,,,486,
1035,沈阳大学,,工商管理,,,505,
1035,沈阳大学,,会计学,,,523,
1035,沈阳大学,,财务管理,,,517,
1035,沈阳大学,,旅游管理,,,474,
1035,沈阳大学,,英语,,,525,
1035,沈阳大学,,俄语,,,491,
1035,沈阳大学,,日语,,,507,
1035,沈阳大学,,汉语言文学(师范类),,,536,
1035,沈阳大学,,历史学(师范类),,,523,
1035,沈阳大学,,生物科学(师范类),,,525,
1035,沈阳大学,,数学与应用数学(师范类),,,543,
1035,沈阳大学,,物理学(师范类),,,530,
1035,沈阳大学,,化学(师范类),,,531,
1035,沈阳大学,,地理科学(师范类),,,535,
1035,沈阳大学,,学前教育(师范类),,,514,
1035,沈阳大学,,小学教育(师范类),,,521,
1035,沈阳大学,,英语(师范类),,,540,
1035,沈阳大学,,自动化(中外合作办学),,,429,
1035,沈阳大学,,工业工程(中外合作办学),,,419,
1047,上海立信会计金融学院,,金融工程,,,577,
1047,上海立信会计金融学院,,应用统计学,,,568,
1047,上海立信会计金融学院,,金融数学,,,581,
1047,上海立信会计金融学院,,信息管理与信息系统,,,574,
1047,上海立信会计金融学院,,计算机科学与技术,,,572,
1047,上海立信会计金融学院,,数据科学与大数据技术,,,574,
1047,上海立信会计金融学院,,精算学,,,593,
1047,上海立信会计金融学院,,金融学类(金融学、信用管理、投资学),,,591,
1047,上海立信会计金融学院,,保险学,,,573,
1047,上海立信会计金融学院,,经济学类(国际经济与贸易、经济学),,,579,
1047,上海立信会计金融学院,,会计学,,,599,
1047,上海立信会计金融学院,,财务管理,,,585,
1047,上海立信会计金融学院,,审计学,,,586,
1047,上海立信会计金融学院,,工商管理类(工商管理、市场营销、人力资源管理、物流管理),,,574,
1047,上海立信会计金融学院,,财政学类(税收学、财政学),,,572,
1047,上海立信会计金融学院,,英语,,,574,
1047,上海立信会计金融学院,,金融科技,,,576,
1047,上海立信会计金融学院,,社会工作,,,584,
1047,上海立信会计金融学院,,资产评估,,,579,
1047,上海立信会计金融学院,,商务英语,,,581,
1048,金陵科技学院,,审计学,,,548,
1048,金陵科技学院,,机械设计制造及其自动化,,,544,
1048,金陵科技学院,,建筑电气与智能化,,,539,
1048,金陵科技学院,,物联网工程,,,554,
1048,金陵科技学院,,信息工程,,,548,
1048,金陵科技学院,,复合材料与工程,,,539,
1049,淮阴工学院,,机械类(机械设计制造及其自动化、机械电子工程、材料成型及控制工程、金属材料工程、材料科学与工程、机器人工程、工业设计、车辆工程),,,458,
1049,淮阴工学院,,化工与制药类(化学工程与工艺、制药工程),,,442,
1049,淮阴工学院,,植物生产类(农学、园艺),,,448,
1053,徐州工程学院,,土木工程,,,476,
1053,徐州工程学院,,化学工程与工艺,,,494,
1055,常州工学院,,电气工程及其自动化,,,525,
1055,常州工学院,,测控技术与仪器,,,506,
1057,浙江科技学院,,自动化类(自动化、建筑电气与智能化),,,536,
1057,浙江科技学院,,土木工程,,,526,
1058,宁波工程学院,,机械设计制造及其自动化,,,527,
1058,宁波工程学院,,车辆工程,,,521,
1058,宁波工程学院,,电气工程及其自动化,,,536,
1058,宁波工程学院,,物流管理,,,517,
1058,宁波工程学院,,日语,,,513,
1058,宁波工程学院,,金融工程,,,523,
1059,合肥学院,,通信工程,,,498,
1059,合肥学院,,网络工程,,,517,
1059,合肥学院,,建筑学,,,500,
1059,合肥学院,,食品质量与安全,,,469,
1059,合肥学院,,化学工程与工艺,,,490,
1059,合肥学院,,国际经济与贸易,,,485,
1059,合肥学院,,朝鲜语,,,482,
1062,厦门理工学院,,机械设计制造及其自动化,,,559,
1062,厦门理工学院,,计算机类(计算机科学与技术、网络工程、物联网工程、数据科学与大数据技术),,,558,
1062,厦门理工学院,,电气工程及其自动化,,,539,
1062,厦门理工学院,,电子信息工程(中外合作办学),,,531,
1065,青岛大学,,环境科学与工程,,,558,
1065,青岛大学,,新能源科学与工程,,,572,
1065,青岛大学,,经济学类(经济学、财政学、国际经济与贸易),,,578,
1065,青岛大学,,法学,,,582,
1065,青岛大学,,日语,,,564,
1065,青岛大学,,朝鲜语,,,563,
1065,青岛大学,,新闻学,,,566,
1065,青岛大学,,电气工程及其自动化,,,592,
1065,青岛大学,,数学类(数学与应用数学、应用统计学),,,572,
1065,青岛大学,,电子信息类(电子信息工程、通信工程),,,579,
1065,青岛大学,,纺织类(纺织工程、服装设计与工程),,,545,
1065,青岛大学,,轻化工程,,,547,
1065,青岛大学,,临床医学,,,590,
1065,青岛大学,,口腔医学,,,597,
1065,青岛大学,,护理学,,,547,
1065,青岛大学,,工商管理,,,558,
1065,青岛大学,,标准化工程,,,551,
1065,青岛大学,,材料类(高分子材料与工程、复合材料与工程),,,555,
1065,青岛大学,,微电子科学与工程,,,581,
1065,青岛大学,,能源与动力工程,,,570,
1065,青岛大学,,应用物理学,,,572,
1065,青岛大学,,光电信息科学与工程,,,579,
1065,青岛大学,,机械工程,,,574,
1065,青岛大学,,计算机类(计算机科学与技术、软件工程、信息安全、智能科学与技术),,,586,
1066,烟台大学,,知识产权,,,557,
1066,烟台大学,,工商管理,,,539,
1066,烟台大学,,会计学,,,561,
1066,烟台大学,,统计学,,,552,
1066,烟台大学,,通信工程,,,557,
1066,烟台大学,,自动化,,,554,
1066,烟台大学,,机械设计制造及其自动化,,,554,
1066,烟台大学,,建筑学,,,549,
1066,烟台大学,,土木工程,,,550,
1066,烟台大学,,生物科学,,,544,
1066,烟台大学,,环境科学与工程,,,546,
1066,烟台大学,,材料科学与工程,,,527,
1066,烟台大学,,核工程与核技术,,,546,
1066,烟台大学,,边防军人子女预科班,,,299,
1067,潍坊学院,,化学工程与工艺,,,450,
1067,潍坊学院,,应用化学,,,457,
1067,潍坊学院,,种子科学与工程,,,452,
1067,潍坊学院,,电子信息工程,,,471,
1067,潍坊学院,,计算机科学与技术,,,484,
1067,潍坊学院,,土木工程,,,465,
1067,潍坊学院,,法学,,,510,
1068,郑州工程技术学院,,土木工程,,,440,
1068,郑州工程技术学院,,物流管理,,,450,
1068,郑州工程技术学院,,网络与新媒体,,,500,
1068,郑州工程技术学院,,车辆工程,,,455,
1070,洛阳理工学院,,无机非金属材料工程,,,436,
1070,洛阳理工学院,,机械类(机械电子工程、车辆工程、汽车服务工程、材料成型及控制工程),,,471,
1070,洛阳理工学院,,机械设计制造及其自动化,,,476,
1070,洛阳理工学院,,机器人工程,,,477,
1070,洛阳理工学院,,电气工程及其自动化,,,493,
1070,洛阳理工学院,,计算机科学与技术,,,486,
1070,洛阳理工学院,,物联网工程,,,487,
1070,洛阳理工学院,,数据科学与大数据技术,,,480,
1070,洛阳理工学院,,土木工程,,,470,
1070,洛阳理工学院,,工程造价,,,483,
1070,洛阳理工学院,,环境工程,,,451,
1071,新乡学院,,材料类(新能源材料与器件、材料科学与工程),,,434,
1071,新乡学院,,电气工程及其自动化,,,438,
1071,新乡学院,,数学类(数学与应用数学、信息与计算科学),,,468,
1072,江汉大学,,自动化,,,530,
1072,江汉大学,,环境工程,,,517,
1075,三峡大学,,水利类(水利水电工程、水文与水资源工程、港口航道与海岸工程、农业水利工程),,,565,
1075,三峡大学,,土木类(土木工程、地质工程),,,557,
1075,三峡大学,,能源动力类(能源与动力工程、核工程与核技术),,,564,
1075,三峡大学,,材料类(金属材料工程、新能源材料与器件),,,551,
1075,三峡大学,,电气工程及其自动化,,,600,
1075,三峡大学,,电气工程及其自动化(输电线路工程方向),,,591,
1075,三峡大学,,生物工程,,,535,
1075,三峡大学,,少数民族预科班,,,520,
1075,三峡大学,,化工与制药类(化学工程与工艺、能源化学工程),,,543,
1077,长沙学院,,机械设计制造及其自动化,,,504,
1077,长沙学院,,汽车服务工程,,,483,
1077,长沙学院,,软件工程,,,515,
1078,广州大学,,工程管理,,,570,
1078,广州大学,,信息与计算科学,,,578,
1078,广州大学,,智能制造工程,,,576,
1078,广州大学,,物联网工程,,,576,
1079,成都大学,,小学教育(师范类),,,539,
1079,成都大学,,通信工程,,,561,
1079,成都大学,,工程造价,,,553,
1079,成都大学,,数据科学与大数据技术(中外合作办学),,,524,
1080,西安文理学院,,生物科学,,,494,
1080,西安文理学院,,会计学,,,504,
1100,海南热带海洋学院,,海洋科学类(海洋科学、海洋技术),,,463,
1100,海南热带海洋学院,,生物科学类(生物科学、生物技术),,,473,
1100,海南热带海洋学院,,电子信息类(通信工程、电子信息科学与技术),,,469,
1100,海南热带海洋学院,,计算机类(计算机科学与技术、软件工程、网络工程),,,472,
1100,海南热带海洋学院,,环境工程,,,461,
1100,海南热带海洋学院,,食品科学与工程类(食品科学与工程、食品质量与安全),,,455,
1100,海南热带海洋学院,,海洋渔业科学与技术,,,459,
1100,海南热带海洋学院,,海事管理,,,475,
1104,华北科技学院,,应急技术与管理,,,521,
1104,华北科技学院,,安全工程,,,486,
1104,华北科技学院,,采矿工程,,,442,
1104,华北科技学院,,材料科学与工程,,,454,
1104,华北科技学院,,机械设计制造及其自动化,,,485,
1104,华北科技学院,,电气工程及其自动化,,,502,
1104,华北科技学院,,材料成型及控制工程,,,456,
1104,华北科技学院,,自动化,,,493,
1104,华北科技学院,,信息工程,,,478,
1104,华北科技学院,,计算机科学与技术,,,515,
1104,华北科技学院,,软件工程,,,489,
1104,华北科技学院,,公共事业管理,,,456,
1104,华北科技学院,,建筑环境与能源应用工程,,,466,
1104,华北科技学院,,地理信息科学,,,473,
1105,中国人民警察大学,,消防工程,,,510,
1105,中国人民警察大学,,火灾勘查,,,511,
1105,中国人民警察大学,,电子信息工程(智慧消防方向),,,530,
1105,中国人民警察大学,,消防指挥,,,464,
1105,中国人民警察大学,,抢险救援指挥与技术,,,496,
1105,中国人民警察大学,,核生化消防,,,492,
1105,中国人民警察大学,,海外安全管理,,,524,
1106,广州航海学院,,船舶与海洋工程,,,439,
1106,广州航海学院,,港口航道与海岸工程,,,429,
1117,扬州大学,,物理学(含师范),,,585,
1117,扬州大学,,微电子科学与工程,,,583,
1117,扬州大学,,化学类(化学、应用化学),,,578,
1117,扬州大学,,工程管理,,,574,
1117,扬州大学,,电气工程及其自动化,,,585,
1117,扬州大学,,能源动力类(能源与动力工程、新能源科学与工程),,,573,
1117,扬州大学,,环境工程,,,568,
1117,扬州大学,,给排水科学与工程,,,564,
1117,扬州大学,,农学,,,571,
1117,扬州大学,,植物保护,,,562,
1117,扬州大学,,草业科学,,,559,
1117,扬州大学,,动物医学,,,581,
1117,扬州大学,,实验动物学,,,572,
1117,扬州大学,,生物制药,,,579,
1117,扬州大学,,机械设计制造及其自动化,,,579,
1117,扬州大学,,自动化,,,590,
1117,扬州大学,,土木工程,,,571,
1117,扬州大学,,水利类(水利水电工程、水文与水资源工程、港口航道与海岸工程、农业水利工程),,,581,
1122,三江学院,,电气工程及其自动化,,,412,
1122,三江学院,,土木工程,,,408,
1230,齐齐哈尔医学院,,制药工程,,,515,
1230,齐齐哈尔医学院,,生物医学工程,,,497,
1230,齐齐哈尔医学院,,临床医学,,,517,
1230,齐齐哈尔医学院,,医学影像学,,,518,
1230,齐齐哈尔医学院,,精神医学,,,535,
1230,齐齐哈尔医学院,,儿科学,,,517,
1230,齐齐哈尔医学院,,预防医学,,,511,
1230,齐齐哈尔医学院,,药学类(药学、药物制剂),,,509,
1230,齐齐哈尔医学院,,医学检验技术,,,511,
1230,齐齐哈尔医学院,,健康服务与管理,,,508,
1232,北京信息科技大学,,机械设计制造及其自动化,,,580,
1232,北京信息科技大学,,机器人工程(勤信实验班),,,588,
1232,北京信息科技大学,,测控技术与仪器,,,582,
1232,北京信息科技大学,,电气工程及其自动化,,,585,
1232,北京信息科技大学,,通信工程,,,588,
1232,北京信息科技大学,,电子信息工程,,,586,
1232,北京信息科技大学,,电子信息类(勤信实验班)(通信工程、电子信息工程、物联网工程),,,591,
1232,北京信息科技大学,,计算机科学与技术,,,594,
1232,北京信息科技大学,,软件工程,,,591,
1232,北京信息科技大学,,网络工程,,,587,
1232,北京信息科技大学,,计算机类(勤信实验班)(计算机科学与技术、软件工程、网络工程、数据科学与大数据技术),,,597,
1232,北京信息科技大学,,信息管理与信息系统,,,578,
1232,北京信息科技大学,,电子信息科学与技术,,,588,
1242,太原学院,,物联网工程,,,454,
1242,太原学院,,机械工程,,,446,
1242,太原学院,,化学工程与工业生物工程,,,430,
1242,太原学院,,给排水科学与工程,,,442,
1242,太原学院,,审计学,,,469,
1242,太原学院,,数学与应用数学,,,455,
1258,大连大学,,金融学,,,556,
1258,大连大学,,国际经济与贸易,,,527,
1258,大连大学,,法学,,,540,
1258,大连大学,,运动康复,,,495,
1258,大连大学,,汉语言文学,,,533,
1258,大连大学,,汉语国际教育,,,528,
1258,大连大学,,英语,,,537,
1258,大连大学,,日语,,,507,
1258,大连大学,,翻译,,,525,
1258,大连大学,,历史学,,,519,
1258,大连大学,,化学,,,522,
1258,大连大学,,生物技术,,,504,
1258,大连大学,,机械设计制造及其自动化,,,523,
1258,大连大学,,材料成型及控制工程,,,510,
1258,大连大学,,工业设计,,,529,
1258,大连大学,,车辆工程,,,517,
1258,大连大学,,电子信息工程,,,540,
1258,大连大学,,自动化,,,539,
1258,大连大学,,计算机科学与技术,,,548,
1258,大连大学,,软件工程,,,550,
1258,大连大学,,土木工程,,,500,
1258,大连大学,,建筑环境与能源应用工程,,,495,
1258,大连大学,,化学工程与工艺,,,514,
1258,大连大学,,制药工程,,,519,
1258,大连大学,,环境工程,,,501,
1258,大连大学,,建筑学,,,509,
1258,大连大学,,生物工程,,,521,
1258,大连大学,,临床医学,,,540,
1258,大连大学,,口腔医学,,,555,
1258,大连大学,,中药学,,,498,
1258,大连大学,,医学检验技术,,,505,
1258,大连大学,,护理学,,,508,
1258,大连大学,,工程管理,,,508,
1258,大连大学,,旅游管理,,,487,
1258,大连大学,,酒店管理,,,478,
1258,大连大学,,会计学(中外合作办学),,,486,
1258,大连大学,,旅游管理(中外合作办学),,,461,
1258,大连大学,,小学教育(师范类),,,529,
1258,大连大学,,机械设计制造及其自动化,,,512,
1258,大连大学,,工商管理类(工商管理、市场营销、会计学),,,509,
1258,大连大学,,物理学(师范类),,,542,
1258,大连大学,,数学与应用数学,,,533,
1258,大连大学,,数据科学与大数据技术,,,541,
1261,吉林工商学院,,财政学,,,485,
1261,吉林工商学院,,金融学,,,496,
1261,吉林工商学院,,广告学,,,486,
1261,吉林工商学院,,计算机科学与技术,,,482,
1261,吉林工商学院,,食品质量与安全,,,464,
1261,吉林工商学院,,粮食工程,,,443,
1261,吉林工商学院,,生物工程,,,473,
1261,吉林工商学院,,资产评估,,,473,
1261,吉林工商学院,,旅游管理,,,458,
1261,吉林工商学院,,会计学,,,496,
1276,南京工程学院,,机械类(机械设计制造及其自动化、机械电子工程、机械工程),,,564,
1276,南京工程学院,,材料类(材料科学与工程、焊接技术与工程、金属材料工程、高分子材料与工程、复合材料与工程、功能材料、材料成型及控制工程),,,551,
1276,南京工程学院,,能源动力类(能源与动力工程、核工程与核技术、新能源科学与工程、建筑环境与能源应用工程),,,564,
1276,南京工程学院,,土木类(土木工程、城市地下空间工程、智能建造),,,557,
1276,南京工程学院,,车辆工程,,,562,
1276,南京工程学院,,软件工程,,,569,
1276,南京工程学院,,电气工程及其自动化(电力系统及其自动化),,,602,
1276,南京工程学院,,通信工程,,,572,
1276,南京工程学院,,工程管理,,,553,
1287,南京审计大学,,经济统计学,,,612,
1287,南京审计大学,,税收学,,,613,
1287,南京审计大学,,金融学,,,619,
1287,南京审计大学,,金融工程,,,616,
1287,南京审计大学,,保险学,,,610,
1287,南京审计大学,,数据科学与大数据技术,,,611,
1287,南京审计大学,,会计学,,,620,
1287,南京审计大学,,审计学,,,628,
1311,三明学院,,数字媒体技术,,,459,
1311,三明学院,,物联网工程,,,449,
1311,三明学院,,网络工程,,,450,
1311,三明学院,,机械设计制造及其自动化,,,445,
1311,三明学院,,车辆工程,,,440,
1311,三明学院,,材料化学,,,435,
1311,三明学院,,化学工程与工艺,,,445,
1311,三明学院,,环境工程,,,441,
1311,三明学院,,工程造价,,,457,
1312,龙岩学院,,广播电视学,,,459,
1312,龙岩学院,,电子信息工程,,,444,
1318,江西科技师范大学,,管理科学,,,483,
1318,江西科技师范大学,,法学,,,517,
1318,江西科技师范大学,,计算机科学与技术,,,487,
1318,江西科技师范大学,,生物工程,,,485,
1318,江西科技师范大学,,药学,,,491,
1318,江西科技师范大学,,药物制剂,,,484,
1318,江西科技师范大学,,金属材料工程,,,471,
1318,江西科技师范大学,,制药工程(含职教师范),,,487,
1318,江西科技师范大学,,机械电子工程(含职教师范),,,477,
1318,江西科技师范大学,,计算机科学与技术,,,478,
1319,南昌工程学院,,水利水电工程,,,496,
1319,南昌工程学院,,土木工程,,,489,
1319,南昌工程学院,,电气工程及其自动化,,,515,
1319,南昌工程学院,,机械设计制造及其自动化,,,508,
1319,南昌工程学院,,通信工程,,,502,
1319,南昌工程学院,,计算机类(计算机科学与技术、软件工程),,,509,
1319,南昌工程学院,,电气工程及其自动化(中外合作办学)(中韩合作),,,484,
1319,南昌工程学院,,电子商务,,,498,
1319,南昌工程学院,,审计学,,,500,
1330,安阳工学院,,机械电子工程,,,449,
1330,安阳工学院,,网络工程,,,457,
1330,安阳工学院,,生物技术,,,439,
1330,安阳工学院,,化学工程与工艺,,,442,
1330,安阳工学院,,工程管理,,,449,
1330,安阳工学院,,工业设计,,,445,
1330,安阳工学院,,材料成型及控制工程,,,435,
1330,安阳工学院,,物流管理,,,441,
1342,湖南工程学院,,机械电子工程,,,483,
1342,湖南工程学院,,电子信息工程,,,474,
1342,湖南工程学院,,软件工程,,,495,
1342,湖南工程学院,,建筑学,,,461,
1342,湖南工程学院,,会计学,,,492,
1342,湖南工程学院,,旅游管理,,,449,
1354,梧州学院,,财务管理,,,447,
1354,梧州学院,,公共事业管理,,,445,
1354,梧州学院,,机器人工程,,,436,
1354,梧州学院,,数据科学与大数据技术,,,446,
1360,攀枝花学院,,临床医学,,,501,
1390,玉溪师范学院,,小学教育(师范类),,,489,
1390,玉溪师范学院,,化学(师范类),,,487,
1390,玉溪师范学院,,生物科学(师范类),,,498,
1391,楚雄师范学院,,科学教育(师范类),,,462,
1391,楚雄师范学院,,计算机科学与技术(师范类),,,472,
1391,楚雄师范学院,,财务管理,,,458,
1393,昆明学院,,国际经济与贸易,,,480,
1393,昆明学院,,工商管理,,,480,
1393,昆明学院,,机械设计制造及其自动化,,,475,
1393,昆明学院,,电气工程及其自动化,,,479,
1396,商洛学院,,物理学(师范类),,,493,
1396,商洛学院,,化学(师范类),,,495,
1396,商洛学院,,工程管理,,,451,
1396,商洛学院,,数据科学与大数据技术,,,451,
1396,商洛学院,,会计学,,,488,
1397,安康学院,,工程管理,,,443,
1406,甘肃政法大学,,政治学与行政学,,,543,
1406,甘肃政法大学,,人工智能,,,532,
1406,甘肃政法大学,,法学,,,548,
1406,甘肃政法大学,,法学(卓越法治基地实验班政府法治方向),,,575,
1406,甘肃政法大学,,法学(卓越法治基地实验班生态环境法治方向),,,542,
1406,甘肃政法大学,,法学(卓越法治基地实验班智慧法治方向),,,543,
1407,北方民族大学,,制药工程(与合肥工业大学联合培养),,,462,
1407,北方民族大学,,食品科学与工程,,,439,
1407,北方民族大学,,材料类(高分子材料与工程、新能源材料与器件、材料科学与工程),,,432,
1407,北方民族大学,,电气类(电气工程及其自动化、测控技术与仪器、自动化),,,454,
1407,北方民族大学,,电子信息类(通信工程、电子信息工程),,,464,
1407,北方民族大学,,医学技术类(医学影像技术、眼视光学),,,472,
1407,北方民族大学,,机械类(机械设计制造及其自动化、机械电子工程、工业设计、过程装备与控制工程、材料成型及控制工程),,,439,
1407,北方民族大学,,旅游管理,,,443,
1407,北方民族大学,,公共管理类(公共事业管理、行政管理),,,443,
1407,北方民族大学,,化工与制药类(化学工程与工艺、制药工程),,,439,
1407,北方民族大学,,计算机类(计算机科学与技术、软件工程、网络工程、智能科学与技术),,,462,
1407,北方民族大学,,经济学类(经济学、国际经济与贸易、税收学),,,474,
1407,北方民族大学,,工商管理类(工商管理、会计学、财务管理、人力资源管理),,,469,
1407,北方民族大学,,生物科学类(生物科学、生物技术、生态学),,,440,
1407,北方民族大学,,生物工程,,,431,
1407,北方民族大学,,土木类(土木工程、道路桥梁与渡河工程),,,437,
1407,北方民族大学,,水利水电工程,,,440,
1407,北方民族大学,,外国语言文学类(英语、商务英语),,,486,
1407,北方民族大学,,数学类(数学与应用数学、信息与计算科学),,,446,
1407,北方民族大学,,统计学类(统计学、应用统计学),,,450,
1407,北方民族大学,,数据科学与大数据技术,,,485,
1407,北方民族大学,,金融数学,,,450,
1407,北方民族大学,,电子商务,,,434,
1407,北方民族大学,,物流管理,,,454,
1407,北方民族大学,,法学,,,492,
1407,北方民族大学,,金融学,,,469,
1407,北方民族大学,,少数民族预科班,,,446,
1413,中国矿业大学(北京),,采矿工程,,,583,
1413,中国矿业大学(北京),,工业工程,,,598,
1413,中国矿业大学(北京),,新能源科学与工程,,,601,
1413,中国矿业大学(北京),,智能采矿工程,,,588,
1413,中国矿业大学(北京),,安全科学与工程类(安全工程、消防工程、应急技术与管理),,,592,
1413,中国矿业大学(北京),,地质类(地质工程、资源勘查工程),,,584,
1413,中国矿业大学(北京),,测绘类(测绘工程、遥感科学与技术),,,590,
1413,中国矿业大学(北京),,矿物加工工程,,,572,
1413,中国矿业大学(北京),,环境工程,,,582,
1413,中国矿业大学(北京),,化学工程与工艺,,,592,
1413,中国矿业大学(北京),,计算机科学与技术,,,614,
1413,中国矿业大学(北京),,电气工程及其自动化,,,611,
1413,中国矿业大学(北京),,机械类(机械工程、机器人工程),,,606,
1413,中国矿业大学(北京),,材料科学与工程,,,598,
1413,中国矿业大学(北京),,人工智能,,,609,
1413,中国矿业大学(北京),,工商管理类(工商管理、会计学),,,595,
1413,中国矿业大学(北京),,工程力学,,,594,
1413,中国矿业大学(北京),,土木工程,,,591,
1413,中国矿业大学(北京),,建筑学,,,598,
1413,中国矿业大学(北京),,城市地下空间工程,,,588,
1413,中国矿业大学(北京),,数学类(数学与应用数学、信息与计算科学),,,603,
1414,中国石油大学(北京),,安全工程,,,597,
1414,中国石油大学(北京),,材料科学与工程,,,600,
1414,中国石油大学(北京),,地球物理学类(地球物理学、勘查技术与工程),,,589,
1414,中国石油大学(北京),,地质类(地质学、资源勘查工程),,,593,
1414,中国石油大学(北京),,电子信息工程,,,607,
1414,中国石油大学(北京),,工商管理类(会计学、财务管理、市场营销),,,606,
1414,中国石油大学(北京),,海洋油气工程,,,599,
1414,中国石油大学(北京),,化工与制药类(化学工程与工艺、能源化学工程),,,596,
1414,中国石油大学(北京),,环境科学与工程类(环境工程、环境科学),,,592,
1414,中国石油大学(北京),,机械类(机器人工程、机械设计制造及其自动化、过程装备与控制工程、能源与动力工程),,,601,
1414,中国石油大学(北京),,计算机科学与技术,,,609,
1414,中国石油大学(北京),,经济学类(能源经济、金融学),,,611,
1414,中国石油大学(北京),,石油工程,,,603,
1414,中国石油大学(北京),,数学类(数学与应用数学、统计学),,,607,
1414,中国石油大学(北京),,新能源科学与工程,,,617,
1414,中国石油大学(北京),,信息管理与信息系统,,,601,
1414,中国石油大学(北京),,应用化学,,,600,
1414,中国石油大学(北京),,油气储运工程,,,606,
1414,中国石油大学(北京),,自动化,,,605,
1415,中国地质大学(北京),,地质学(基地班),,,602,
1415,中国地质大学(北京),,地质学类(地质地矿类)[地质学、地质学(地质地球物理复合)、地质学(旅游地学)、资源勘查工程(固体矿产)、地球化学、地球信息科学与技术(大数据与数字地球)],,,580,
1415,中国地质大学(北京),,地质工程,,,593,
1415,中国地质大学(北京),,机械设计制造及其自动化,,,603,
1415,中国地质大学(北京),,安全工程,,,599,
1415,中国地质大学(北京),,城市地下空间工程,,,592,
1415,中国地质大学(北京),,材料类(材料科学与工程、材料化学、材料物理),,,589,
1415,中国地质大学(北京),,计算机科学与技术,,,616,
1415,中国地质大学(北京),,电气工程及其自动化,,,607,
1415,中国地质大学(北京),,地理信息科学,,,601,
1415,中国地质大学(北京),,软件工程,,,615,
1415,中国地质大学(北京),,数据科学与大数据技术,,,611,
1415,中国地质大学(北京),,人工智能,,,615,
1415,中国地质大学(北京),,水文与水资源工程,,,586,
1415,中国地质大学(北京),,环境工程,,,589,
1415,中国地质大学(北京),,地下水科学与工程,,,584,
1415,中国地质大学(北京),,地质类(能源类)[石油工程、资源勘查工程(能源)、资源勘查工程(新能源地质与工程)、新能源科学与工程],,,587,
1415,中国地质大学(北京),,工商管理类(经济管理类)(经济学、工商管理、会计学、信息管理与信息系统),,,594,
1415,中国地质大学(北京),,宝石及材料工艺学,,,588,
1415,中国地质大学(北京),,勘查技术与工程,,,589,
1415,中国地质大学(北京),,测控技术与仪器,,,594,
1415,中国地质大学(北京),,海洋科学,,,585,
1415,中国地质大学(北京),,海洋资源与环境,,,585,
1415,中国地质大学(北京),,测绘工程,,,588,
1415,中国地质大学(北京),,遥感科学与技术,,,599,
1415,中国地质大学(北京),,数据计算及应用,,,600,
1415,中国地质大学(北京),,工商管理类(经济管理类)(经济学、工商管理、会计学、信息管理与信息系统),,,592,
1415,中国地质大学(北京),,电气工程及其自动化,,,607,
1415,中国地质大学(北京),,海洋科学,,,572,
1417,北京联合大学,,新闻学,,,580,
1417,北京联合大学,,物联网工程,,,566,
1417,北京联合大学,,软件工程,,,569,
1417,北京联合大学,,轨道交通信号与控制(中外合作办学),,,464,
1417,北京联合大学,,电气工程及其自动化(中外合作办学),,,487,
1417,北京联合大学,,物流工程(中外合作办学),,,463,
1417,北京联合大学,,交通工程(中外合作办学),,,451,
1417,北京联合大学,,国际经济与贸易,,,558,
1417,北京联合大学,,会计学(国际会计),,,562,
1417,北京联合大学,,人力资源管理,,,557,
1418,北京城市学院,,外国语言文学类(英语、德语、法语、西班牙语、翻译),,,448,
1418,北京城市学院,,软件工程(阿里云校企合作班),,,457,
1418,北京城市学院,,数据科学与大数据技术(阿里云校企合作班),,,447,
1418,北京城市学院,,土木工程(BIM设计与5D项目管理),,,434,
1418,北京城市学院,,建筑学(中国传统建筑文化与技艺),,,423,
1418,北京城市学院,,工程造价(数字造价管理),,,434,
1418,北京城市学院,,工商管理类(工商管理、会计学、人力资源管理、文化产业管理),,,449,
1420,河北金融学院,,经济学类(经济统计学、金融数学),,,547,
1420,河北金融学院,,财政学类(财政学、税收学),,,545,
1420,河北金融学院,,外国语言文学类(商务英语、英语),,,534,
1420,河北金融学院,,经济与贸易类(国际经济与贸易、物流管理、电子商务),,,537,
1420,河北金融学院,,经济学类(经济学、数字经济),,,541,
1420,河北金融学院,,工商管理类(会计学、财务管理、审计学),,,541,
1420,河北金融学院,,金融学类(信用管理、金融学、投资学),,,540,
1420,河北金融学院,,金融工程,,,548,
1420,河北金融学院,,保险学,,,534,
1420,河北金融学院,,精算学,,,543,
1420,河北金融学院,,金融学(中外合作办学),,,515,
1430,辽宁科技学院,,计算机科学与技术,,,459,
1430,辽宁科技学院,,数据科学与大数据技术,,,451,
1430,辽宁科技学院,,人工智能,,,442,
1430,辽宁科技学院,,智能制造工程,,,437,
1430,辽宁科技学院,,测控技术与仪器,,,432,
1430,辽宁科技学院,,机械设计制造及其自动化,,,439,
1430,辽宁科技学院,,汽车服务工程,,,435,
1430,辽宁科技学院,,电气工程及其自动化,,,459,
1430,辽宁科技学院,,通信工程,,,445,
1430,辽宁科技学院,,自动化,,,443,
1430,辽宁科技学院,,机器人工程,,,438,
1430,辽宁科技学院,,物联网工程,,,445,
1430,辽宁科技学院,,土木工程,,,438,
1430,辽宁科技学院,,测绘工程,,,433,
1430,辽宁科技学院,,遥感科学与技术,,,434,
1430,辽宁科技学院,,采矿工程,,,427,
1430,辽宁科技学院,,工程造价,,,454,
1430,辽宁科技学院,,材料成型及控制工程,,,432,
1430,辽宁科技学院,,冶金工程,,,427,
1430,辽宁科技学院,,金属材料工程,,,427,
1430,辽宁科技学院,,粉体材料科学与工程,,,425,
1430,辽宁科技学院,,应用化学,,,430,
1430,辽宁科技学院,,生物技术,,,438,
1430,辽宁科技学院,,制药工程,,,443,
1430,辽宁科技学院,,能源化学工程,,,432,
1430,辽宁科技学院,,环境工程,,,435,
1430,辽宁科技学院,,会计学,,,479,
1430,辽宁科技学院,,档案学,,,441,
1430,辽宁科技学院,,旅游管理,,,441,
1430,辽宁科技学院,,学前教育,,,468,
1430,辽宁科技学院,,小学教育(师范类),,,495,
1430,辽宁科技学院,,广告学,,,448,
1432,辽宁警察学院,,交通管理,,,456,
1437,长春工程学院,,电气工程及其自动化,,,558,
1437,长春工程学院,,电子信息工程,,,487,
1437,长春工程学院,,智能电网信息工程,,,533,
1437,长春工程学院,,自动化,,,496,
1437,长春工程学院,,城市地下空间工程,,,449,
1437,长春工程学院,,道路桥梁与渡河工程,,,472,
1437,长春工程学院,,土木工程,,,481,
1437,长春工程学院,,宝石及材料工艺学,,,459,
1437,长春工程学院,,测绘工程,,,463,
1437,长春工程学院,,地质工程,,,453,
1437,长春工程学院,,资源勘查工程,,,459,
1437,长春工程学院,,材料成型及控制工程,,,470,
1437,长春工程学院,,焊接技术与工程,,,461,
1437,长春工程学院,,机械设计制造及其自动化,,,484,
1437,长春工程学院,,汽车服务工程,,,477,
1437,长春工程学院,,机器人工程,,,502,
1437,长春工程学院,,安全工程,,,461,
1437,长春工程学院,,给排水科学与工程,,,466,
1437,长春工程学院,,环境科学,,,448,
1437,长春工程学院,,农业水利工程,,,470,
1437,长春工程学院,,水利水电工程,,,500,
1437,长春工程学院,,水文与水资源工程,,,465,
1437,长春工程学院,,建筑电气与智能化,,,467,
1437,长春工程学院,,建筑环境与能源应用工程,,,454,
1437,长春工程学院,,能源与动力工程,,,504,
1437,长春工程学院,,新能源科学与工程,,,494,
1437,长春工程学院,,财务管理,,,484,
1437,长春工程学院,,房地产开发与管理,,,447,
1437,长春工程学院,,工程管理,,,475,
1437,长春工程学院,,工程造价,,,494,
1437,长春工程学院,,工商管理,,,478,
1437,长春工程学院,,市场营销,,,473,
1437,长春工程学院,,建筑学,,,476,
1437,长春工程学院,,城乡规划,,,466,
1437,长春工程学院,,应用化学,,,453,
1437,长春工程学院,,英语,,,487,
1437,长春工程学院,,计算机科学与技术,,,496,
1437,长春工程学院,,软件工程,,,499,
1437,长春工程学院,,物联网工程,,,511,
1437,长春工程学院,,数据科学与大数据技术,,,493,
1437,长春工程学院,,机械设计制造及其自动化(中外合作办学),,,423,
1437,长春工程学院,,能源与动力工程(中外合作办学),,,432,
1437,长春工程学院,,土木工程(中外合作办学),,,423,
1437,长春工程学院,,电气工程及其自动化(中外合作办学),,,479,
1437,长春工程学院,,边防军人子女预科班,,,319,
1439,吉林农业科技学院,,机械设计制造及其自动化(中外合作办学),,,425,
1439,吉林农业科技学院,,电气工程及其自动化,,,451,
1439,吉林农业科技学院,,动物医学,,,474,
1439,吉林农业科技学院,,动物医学(中外合作办学),,,446,
1439,吉林农业科技学院,,中药学类(中药学、中药资源与开发、中草药栽培与鉴定),,,464,
1439,吉林农业科技学院,,工商管理类(财务管理、市场营销、工商管理),,,462,
1439,吉林农业科技学院,,食品科学与工程类(食品科学与工程、食品质量与安全、粮食工程),,,448,
1445,黑龙江工业学院,,商务英语,,,476,
1445,黑龙江工业学院,,智能制造工程,,,437,
1445,黑龙江工业学院,,电气工程及其自动化,,,453,
1445,黑龙江工业学院,,数据科学与大数据技术,,,452,
1445,黑龙江工业学院,,土木工程,,,437,
1445,黑龙江工业学院,,测绘工程,,,439,
1445,黑龙江工业学院,,遥感科学与技术,,,444,
1445,黑龙江工业学院,,财务管理,,,474,
1445,黑龙江工业学院,,机械设计制造及其自动化,,,451,
1445,黑龙江工业学院,,材料科学与工程,,,439,
1445,黑龙江工业学院,,采矿工程,,,430,
1445,黑龙江工业学院,,矿物加工工程,,,433,
1445,黑龙江工业学院,,食品质量与安全,,,447,
1445,黑龙江工业学院,,安全工程,,,441,
1446,黑龙江东方学院,,计算机类(计算机科学与技术、软件工程),,,407,
1446,黑龙江东方学院,,土木工程,,,370,
1458,上海电机学院,,电气类(电机电器智能化、新能源科学与工程、测控技术与仪器),,,540,
1458,上海电机学院,,机械类(汽车类)(车辆工程、新能源汽车工程),,,533,
1458,上海电机学院,,计算机类(计算机科学与技术、软件工程、数据科学与大数据技术、物联网工程、网络工程),,,542,
1463,江苏理工学院,,机械设计制造及其自动化,,,531,
1463,江苏理工学院,,数据科学与大数据技术(嵌入式培养),,,534,
1463,江苏理工学院,,应用化学(师范),,,522,
1463,江苏理工学院,,资源循环科学与工程,,,508,
1463,江苏理工学院,,车辆工程,,,526,
1463,江苏理工学院,,功能材料,,,506,
1482,浙江财经大学,,公共管理类(劳动与社会保障、土地资源管理、行政管理、城市管理),,,582,
1482,浙江财经大学,,会计学(中外合作办学),,,576,
1482,浙江财经大学,,金融学类(金融学、信用管理、金融工程、保险学、投资学),,,602,
1482,浙江财经大学,,金融学(中外合作办学),,,578,
1482,浙江财经大学,,工商管理类(工商管理、人力资源管理、市场营销、供应链管理),,,589,
1482,浙江财经大学,,市场营销(中外合作办学),,,561,
1482,浙江财经大学,,计算机类[人工智能、软件工程(智能金融)、信息管理与信息系统(大数据智能)],,,595,
1488,衢州学院,,化学工程与工艺,,,439,
1488,衢州学院,,环境工程,,,434,
1488,衢州学院,,机械设计制造及其自动化,,,449,
1488,衢州学院,,数据科学与大数据技术,,,459,
1508,新余学院,,材料成型及控制工程,,,442,
1508,新余学院,,电气工程及其自动化,,,445,
1508,新余学院,,新能源材料与器件,,,458,
1510,山东交通学院,,港口航道与海岸工程,,,524,
1510,山东交通学院,,土木类(土木工程、城市地下空间工程),,,517,
1510,山东交通学院,,机械设计制造及其自动化,,,532,
1510,山东交通学院,,安全工程,,,507,
1510,山东交通学院,,交通设备与控制工程,,,523,
1510,山东交通学院,,飞行器制造工程,,,530,
1510,山东交通学院,,审计学,,,539,
1510,山东交通学院,,机械电子工程,,,523,
1510,山东交通学院,,交通管理,,,517,
1517,河南工程学院,,金融工程,,,475,
1517,河南工程学院,,信息与计算科学,,,464,
1517,河南工程学院,,材料成型及控制工程,,,453,
1517,河南工程学院,,土木工程,,,465,
1517,河南工程学院,,服装设计与工程,,,458,
1517,河南工程学院,,资源环境科学,,,438,
1517,河南工程学院,,高分子材料与工程,,,444,
1527,湖南城市学院,,土木工程,,,469,
1527,湖南城市学院,,工程造价,,,474,
1527,湖南城市学院,,电子信息工程,,,461,
1527,湖南城市学院,,电气工程及其自动化,,,469,
1528,湖南工学院,,机械设计制造及其自动化,,,461,
1528,湖南工学院,,材料成型及控制工程,,,439,
1528,湖南工学院,,电子信息工程,,,466,
1528,湖南工学院,,安全工程,,,456,
1528,湖南工学院,,物流工程,,,455,
1528,湖南工学院,,化学工程与工艺,,,448,
1528,湖南工学院,,无机非金属材料工程,,,450,
1532,湖南财政经济学院,,财政学类(财政学、税收学),,,536,
1532,湖南财政经济学院,,经济与贸易类(国际经济与贸易、国际商务),,,545,
1532,湖南财政经济学院,,会计学,,,543,
1532,湖南财政经济学院,,审计学,,,542,
1532,湖南财政经济学院,,计算机类(计算机科学与技术、信息管理与信息系统、数据科学与大数据技术),,,544,
1532,湖南财政经济学院,,财务管理,,,542,
1535,湖南工业大学,,机械类(机械设计制造及其自动化、机器人工程、材料成型及控制工程),,,550,
1535,湖南工业大学,,电气类(电气工程及其自动化),,,551,
1535,湖南工业大学,,电子信息类(电子科学与技术、信息工程),,,552,
1535,湖南工业大学,,自动化类(自动化),,,550,
1535,湖南工业大学,,计算机类(计算机科学与技术、软件工程、网络工程、物联网工程),,,567,
1535,湖南工业大学,,土木类(土木工程、建筑环境与能源应用工程、给排水科学与工程),,,539,
1535,湖南工业大学,,工商管理类(工商管理、市场营销、人力资源管理),,,534,
1535,湖南工业大学,,新闻传播学类(广告学、新闻学),,,540,
1535,湖南工业大学,,材料类(冶金工程、金属材料工程、无机非金属材料工程),,,523,
1535,湖南工业大学,,金融工程,,,536,
1535,湖南工业大学,,法学,,,542,
1535,湖南工业大学,,信息与计算科学,,,548,
1535,湖南工业大学,,应用化学,,,539,
1535,湖南工业大学,,生物技术,,,533,
1535,湖南工业大学,,包装工程,,,539,
1535,湖南工业大学,,会计学,,,553,
1535,湖南工业大学,,财务管理,,,544,
1538,湖南女子学院,,市场营销,,,436,
1538,湖南女子学院,,电子商务,,,440,
1540,广东金融学院,,金融学,,,566,
1540,广东金融学院,,会计学,,,571,
1540,广东金融学院,,国际经济与贸易,,,563,
1540,广东金融学院,,物流管理,,,565,
1540,广东金融学院,,数据科学与大数据技术,,,566,
1546,广西科技师范学院,,电气工程及其自动化,,,453,
1546,广西科技师范学院,,软件工程,,,450,
1546,广西科技师范学院,,物联网工程,,,440,
1546,广西科技师范学院,,数据科学与大数据技术,,,441,
1546,广西科技师范学院,,财务管理,,,448,
1548,广西财经学院,,财政学,,,512,
1551,重庆科技学院,,化学类(化学、应用化学),,,488,
1551,重庆科技学院,,材料类(金属材料工程、无机非金属材料工程、复合材料与工程、焊接技术与工程、功能材料),,,473,
1551,重庆科技学院,,能源与动力工程,,,495,
1551,重庆科技学院,,自动化,,,503,
1551,重庆科技学院,,计算机科学与技术,,,523,
1551,重庆科技学院,,土木类(土木工程、给排水科学与工程、道路桥梁与渡河工程),,,482,
1551,重庆科技学院,,建筑环境与能源应用工程,,,473,
1551,重庆科技学院,,能源化学工程,,,475,
1551,重庆科技学院,,地质类(勘查技术与工程、资源勘查工程),,,478,
1551,重庆科技学院,,石油工程,,,498,
1551,重庆科技学院,,油气储运工程,,,479,
1551,重庆科技学院,,工商管理类(会计学、人力资源管理、市场营销),,,504,
1551,重庆科技学院,,物流管理,,,491,
1560,西安财经大学,,经济统计学,,,560,
1560,西安财经大学,,软件工程,,,560,
1560,西安财经大学,,数据科学与大数据技术,,,560,
1561,甘肃民族师范学院,,数学与应用数学(师范类),,,500,
1561,甘肃民族师范学院,,化学(师范类),,,495,
1561,甘肃民族师范学院,,生物科学(师范类),,,493,
1561,甘肃民族师范学院,,财务管理,,,491,
1561,甘肃民族师范学院,,小学教育(中文与社会)(师范类),,,489,
1561,甘肃民族师范学院,,计算机科学与技术(师范类),,,474,
1600,湖北经济学院,,金融学类(金融学、投资学、保险学),,,559,
1600,湖北经济学院,,会计学,,,562,
1607,北部湾大学,,数学与应用数学(师范类),,,498,
1607,北部湾大学,,海洋科学,,,453,
1607,北部湾大学,,机械设计制造及其自动化,,,477,
1607,北部湾大学,,自动化,,,464,
1607,北部湾大学,,物联网工程(物联云),,,489,
1607,北部湾大学,,港口航道与海岸工程,,,446,
1607,北部湾大学,,水产养殖学,,,459,
1607,北部湾大学,,电子信息工程(中外合作办学),,,430,
1607,北部湾大学,,机械工程(中外合作办学),,,421,
1607,北部湾大学,,机械设计制造及其自动化(中外合作办学),,,412,
1607,北部湾大学,,车辆工程(中外合作办学),,,371,
1607,北部湾大学,,物联网工程(中外合作办学),,,461,
1607,北部湾大学,,工程造价(中外合作办学),,,377,
1629,北华航天工业学院,,经济学,,,505,
1629,北华航天工业学院,,国际经济与贸易,,,502,
1629,北华航天工业学院,,社会工作,,,418,
1629,北华航天工业学院,,秘书学,,,485,
1629,北华航天工业学院,,英语,,,506,
1629,北华航天工业学院,,机械设计制造及其自动化,,,519,
1629,北华航天工业学院,,机械设计制造及其自动化(中外合作办学),,,446,
1629,北华航天工业学院,,材料成型及控制工程,,,498,
1629,北华航天工业学院,,机械电子工程,,,499,
1629,北华航天工业学院,,工业设计,,,495,
1629,北华航天工业学院,,车辆工程,,,511,
1629,北华航天工业学院,,焊接技术与工程,,,499,
1629,北华航天工业学院,,电气工程与智能控制,,,526,
1629,北华航天工业学院,,电子信息工程,,,512,
1629,北华航天工业学院,,通信工程,,,511,
1629,北华航天工业学院,,通信工程(中外合作办学),,,430,
1629,北华航天工业学院,,自动化,,,519,
1629,北华航天工业学院,,计算机类(软件工程、网络工程),,,517,
1629,北华航天工业学院,,计算机科学与技术,,,526,
1629,北华航天工业学院,,空间信息与数字技术,,,509,
1629,北华航天工业学院,,数据科学与大数据技术,,,508,
1629,北华航天工业学院,,土木工程,,,505,
1629,北华航天工业学院,,建筑环境与能源应用工程,,,501,
1629,北华航天工业学院,,道路桥梁与渡河工程,,,503,
1629,北华航天工业学院,,遥感科学与技术,,,504,
1629,北华航天工业学院,,导航工程,,,500,
1629,北华航天工业学院,,飞行器制造工程,,,538,
1629,北华航天工业学院,,工程造价,,,502,
1629,北华航天工业学院,,物流管理,,,493,
1629,北华航天工业学院,,电子商务,,,506,
1632,沈阳工程学院,,电气工程及其自动化,,,567,
1632,沈阳工程学院,,电气工程与智能控制,,,563,
1632,沈阳工程学院,,能源与动力工程,,,514,
1632,沈阳工程学院,,建筑环境与能源应用工程,,,477,
1632,沈阳工程学院,,核工程与核技术,,,495,
1632,沈阳工程学院,,能源与动力工程,,,434,
1632,沈阳工程学院,,自动化,,,524,
1632,沈阳工程学院,,电子信息工程,,,501,
1632,沈阳工程学院,,通信工程,,,498,
1632,沈阳工程学院,,机器人工程,,,480,
1632,沈阳工程学院,,人工智能,,,489,
1632,沈阳工程学院,,机械设计制造及其自动化,,,506,
1632,沈阳工程学院,,过程装备与控制工程,,,481,
1632,沈阳工程学院,,智能制造工程,,,478,
1632,沈阳工程学院,,机械设计制造及其自动化,,,426,
1632,沈阳工程学院,,计算机科学与技术,,,506,
1632,沈阳工程学院,,物联网工程,,,487,
1632,沈阳工程学院,,数字媒体技术,,,488,
1632,沈阳工程学院,,数据科学与大数据技术,,,493,
1632,沈阳工程学院,,网络空间安全,,,480,
1632,沈阳工程学院,,软件工程,,,438,
1632,沈阳工程学院,,新能源科学与工程,,,485,
1632,沈阳工程学院,,新能源材料与器件,,,474,
1632,沈阳工程学院,,应用化学,,,464,
1632,沈阳工程学院,,储能科学与工程,,,472,
1632,沈阳工程学院,,物流管理,,,477,
1632,沈阳工程学院,,工业工程,,,470,
1632,沈阳工程学院,,工程管理,,,470,
1632,沈阳工程学院,,财务管理,,,492,
1632,沈阳工程学院,,物业管理,,,462,
1632,沈阳工程学院,,电气工程及其自动化(中外合作办学),,,529,
1632,沈阳工程学院,,电气工程及其自动化,,,568,
1632,沈阳工程学院,,能源与动力工程,,,537,
1635,哈尔滨信息工程学院,,软件工程,,,345,
1635,哈尔滨信息工程学院,,电子信息工程,,,345,
1641,江苏海洋大学,,机械设计制造及其自动化,,,549,
1641,江苏海洋大学,,港口航道与海岸工程,,,520,
1641,江苏海洋大学,,电气工程及其自动化,,,541,
1641,江苏海洋大学,,通信工程,,,527,
1641,江苏海洋大学,,高分子材料与工程,,,529,
1641,江苏海洋大学,,食品科学与工程,,,520,
1641,江苏海洋大学,,海洋资源与环境,,,511,
1641,江苏海洋大学,,海洋科学,,,511,
1641,江苏海洋大学,,船舶与海洋工程,,,520,
1641,江苏海洋大学,,计算机科学与技术,,,550,
1641,江苏海洋大学,,数学与应用数学,,,533,
1641,江苏海洋大学,,新能源科学与工程,,,528,
1646,宁波大学,,物理学类(微电子科学与工程、物理学),,,591,
1646,宁波大学,,数学类[数学与应用数学、数学与应用数学(师范)],,,589,
1646,宁波大学,,数学与应用数学(中外合作办学)(中美合作精算科学与风险管理),,,568,
1646,宁波大学,,化学类(材料科学与工程、化学),,,583,
1646,宁波大学,,机械类(机械设计制造及其自动化、车辆工程、工业工程),,,590,
1646,宁波大学,,机械设计制造及其自动化(国际贸易班),,,587,
1646,宁波大学,,电子信息类(电子信息科学与技术、电气工程及其自动化、光电信息科学与工程、通信工程),,,600,
1646,宁波大学,,船舶与海洋工程,,,582,
1646,宁波大学,,临床医学,,,589,
1647,浙江传媒学院,,新闻学,,,589,
1647,浙江传媒学院,,广播电视学,,,581,
1647,浙江传媒学院,,传播学,,,578,
1647,浙江传媒学院,,编辑出版学,,,574,
1647,浙江传媒学院,,汉语言文学,,,575,
1647,浙江传媒学院,,经济学,,,567,
1647,浙江传媒学院,,广告学,,,588,
1647,浙江传媒学院,,网络与新媒体,,,598,
1647,浙江传媒学院,,文化产业管理,,,568,
1647,浙江传媒学院,,会展经济与管理,,,571,
1647,浙江传媒学院,,电子科学与技术(演艺工程与舞台技术),,,565,
1647,浙江传媒学院,,广播电视工程,,,574,
1647,浙江传媒学院,,软件工程(传媒大数据),,,577,
1647,浙江传媒学院,,网络工程,,,575,
1647,浙江传媒学院,,数字媒体技术,,,603,
1647,浙江传媒学院,,英语,,,568,
1652,河南财政金融学院,,财政学,,,514,
1652,河南财政金融学院,,财务管理,,,513,
1652,河南财政金融学院,,工程造价,,,505,
1653,南阳理工学院,,机械设计制造及其自动化,,,455,
1653,南阳理工学院,,自动化,,,466,
1653,南阳理工学院,,计算机科学与技术,,,473,
1653,南阳理工学院,,数字媒体技术,,,484,
1653,南阳理工学院,,土木工程(房屋建筑方向),,,446,
1653,南阳理工学院,,给排水科学与工程,,,452,
1653,南阳理工学院,,护理学,,,488,
1653,南阳理工学院,,工商管理,,,469,
1653,南阳理工学院,,市场营销,,,457,
1653,南阳理工学院,,日语,,,467,
1653,南阳理工学院,,生物工程(中外合作办学),,,423,
1656,广东石油化工学院,,油气储运工程,,,459,
1656,广东石油化工学院,,石油工程,,,462,
1656,广东石油化工学院,,海洋油气工程,,,453,
1656,广东石油化工学院,,给排水科学与工程,,,451,
1656,广东石油化工学院,,过程装备与控制工程,,,440,
1656,广东石油化工学院,,材料成型及控制工程,,,447,
1656,广东石油化工学院,,电气工程及其自动化,,,470,
1656,广东石油化工学院,,测控技术与仪器,,,453,
1656,广东石油化工学院,,土木工程,,,442,
1658,海南师范大学,,教育学类(教育学、学前教育、特殊教育)(师范类),,,548,
1658,海南师范大学,,学前教育(中外合作办学)(中美合作办学)(师范类),,,470,
1658,海南师范大学,,汉语言文学(师范类),,,565,
1658,海南师范大学,,英语(师范类),,,560,
1658,海南师范大学,,电子信息科学与技术,,,544,
1658,海南师范大学,,自动化,,,543,
1658,海南师范大学,,经济学类(经济学、税收学、金融学、国际经济与贸易),,,549,
1658,海南师范大学,,软件工程(NIIT班),,,520,
1660,重庆理工大学,,机械类(机械设计制造及其自动化、机械电子工程),,,565,
1660,重庆理工大学,,材料类(材料科学与工程、高分子材料与工程、焊接技术与工程),,,554,
1660,重庆理工大学,,计算机科学与技术(中外合作办学),,,536,
1660,重庆理工大学,,电子信息工程(中外合作办学),,,530,
1660,重庆理工大学,,电气工程及其自动化,,,571,
1664,西安邮电大学,,电子信息工程(中外合作办学),,,567,
1664,西安邮电大学,,边防军人子女预科班,,,500,
1664,西安邮电大学,,工业工程,,,583,
1664,西安邮电大学,,电子信息科学与技术,,,599,
1664,西安邮电大学,,通信工程,,,601,
1664,西安邮电大学,,电子科学与技术,,,595,
1664,西安邮电大学,,电磁场与无线技术,,,591,
1664,西安邮电大学,,计算机科学与技术,,,602,
1664,西安邮电大学,,电气工程及其自动化,,,597,
1664,西安邮电大学,,智能科学与技术,,,597,
1664,西安邮电大学,,信息安全,,,600,
1688,山东工商学院,,国际经济与贸易,,,536,
1688,山东工商学院,,财政学,,,538,
1688,山东工商学院,,金融学,,,537,
1688,山东工商学院,,金融工程,,,531,
1688,山东工商学院,,投资学,,,533,
1688,山东工商学院,,法学,,,539,
1688,山东工商学院,,会计学,,,552,
1688,山东工商学院,,财务管理,,,547,
1688,山东工商学院,,审计学,,,557,
1688,山东工商学院,,数学与应用数学,,,526,
1688,山东工商学院,,应用统计学,,,524,
1688,山东工商学院,,经济统计学,,,511,
1688,山东工商学院,,保险学,,,512,
1688,山东工商学院,,电气工程及其自动化,,,524,
1688,山东工商学院,,软件工程,,,533,
1688,山东工商学院,,计算机科学与技术,,,537,
1688,山东工商学院,,数字媒体技术,,,536,
1688,山东工商学院,,网络工程,,,529,
1688,山东工商学院,,工业工程,,,503,
1688,山东工商学院,,安全工程,,,519,
1688,山东工商学院,,工程管理,,,505,
1688,山东工商学院,,工程造价,,,527,
1688,山东工商学院,,工商管理,,,524,
1688,山东工商学院,,市场营销,,,506,
1688,山东工商学院,,人力资源管理,,,513,
1688,山东工商学院,,物流管理,,,514,
1688,山东工商学院,,资产评估,,,522,
1688,山东工商学院,,金融科技,,,512,
1688,山东工商学院,,金融学(中外合作办学),,,514,
1688,山东工商学院,,国际经济与贸易(中外合作办学),,,482,
1688,山东工商学院,,会计学(中外合作办学),,,498,
1688,山东工商学院,,财务管理(中外合作办学),,,483,
1688,山东工商学院,,电子信息类(电子信息工程、通信工程),,,519,
1688,山东工商学院,,公共管理类(行政管理、劳动与社会保障、城市管理),,,501,
1688,山东工商学院,,经济学类(经济学、能源经济),,,526,
1688,山东工商学院,,新闻传播学类(广告学、编辑出版学),,,528,
1709,呼和浩特民族学院,,数学与应用数学(师范类),,,462,
1709,呼和浩特民族学院,,计算机科学与技术(云计算方向),,,426,
1709,呼和浩特民族学院,,小学教育(师范类),,,398,
1726,长春大学,,信息与计算科学,,,523,
1726,长春大学,,会计学,,,530,
1726,长春大学,,机械工程(中外合作办学),,,454,
1726,长春大学,,自动化(中外合作办学),,,444,
1726,长春大学,,园林,,,514,
1726,长春大学,,金融工程,,,513,
1726,长春大学,,计算机科学与技术,,,525,
1726,长春大学,,网络工程,,,526,
1726,长春大学,,自动化,,,527,
1726,长春大学,,食品质量与安全,,,512,
1726,长春大学,,材料科学与工程,,,512,
1736,西安航空学院,,飞行器制造工程,,,528,
1736,西安航空学院,,机械设计制造及其自动化,,,525,
1736,西安航空学院,,给排水科学与工程,,,513,
1736,西安航空学院,,软件工程,,,525,
1736,西安航空学院,,财务管理,,,517,
1765,河南城建学院,,土木工程,,,440,
1765,河南城建学院,,城乡规划,,,437,
1765,河南城建学院,,遥感科学与技术,,,440,
1765,河南城建学院,,测绘工程,,,435,
1765,河南城建学院,,新能源科学与工程,,,438,
1775,防灾科技学院,,投资学,,,490,
1775,防灾科技学院,,地球物理学,,,513,
1775,防灾科技学院,,地质学,,,493,
1775,防灾科技学院,,测控技术与仪器,,,512,
1775,防灾科技学院,,电气工程及其自动化,,,513,
1775,防灾科技学院,,通信工程,,,508,
1775,防灾科技学院,,计算机类(计算机科学与技术、网络工程),,,512,
1775,防灾科技学院,,数据科学与大数据技术,,,514,
1775,防灾科技学院,,土木工程,,,496,
1775,防灾科技学院,,城市地下空间工程,,,494,
1775,防灾科技学院,,测绘工程,,,489,
1775,防灾科技学院,,地质工程,,,488,
1775,防灾科技学院,,勘查技术与工程,,,508,
1775,防灾科技学院,,信息管理与信息系统,,,503,
1775,防灾科技学院,,工程管理,,,484,
1779,辽东学院,,国际经济与贸易,,,454,
1779,辽东学院,,投资学,,,453,
1779,辽东学院,,金融学,,,472,
1779,辽东学院,,经济统计学,,,456,
1779,辽东学院,,税收学,,,468,
1779,辽东学院,,市场营销,,,452,
1779,辽东学院,,会计学,,,497,
1779,辽东学院,,财务管理,,,482,
1779,辽东学院,,旅游管理,,,448,
1779,辽东学院,,朝鲜语,,,439,
1779,辽东学院,,汉语国际教育(师范类),,,490,
1779,辽东学院,,日语,,,473,
1779,辽东学院,,汉语言文学(师范类),,,522,
1779,辽东学院,,数学与应用数学(师范类),,,504,
1779,辽东学院,,小学教育(师范类),,,501,
1779,辽东学院,,英语(师范类),,,503,
1779,辽东学院,,工程管理,,,443,
1779,辽东学院,,土木工程,,,438,
1779,辽东学院,,人文地理与城乡规划,,,435,
1779,辽东学院,,纺织工程,,,421,
1779,辽东学院,,服装设计与工程,,,433,
1779,辽东学院,,化学工程与工艺,,,432,
1779,辽东学院,,轻化工程,,,431,
1779,辽东学院,,机械设计制造及其自动化,,,440,
1779,辽东学院,,动物医学,,,469,
1779,辽东学院,,园艺,,,435,
1779,辽东学院,,种子科学与工程,,,435,
1779,辽东学院,,动物科学,,,440,
1779,辽东学院,,电子信息工程,,,449,
1779,辽东学院,,网络工程,,,455,
1779,辽东学院,,计算机科学与技术,,,464,
1779,辽东学院,,信息管理与信息系统,,,451,
1779,辽东学院,,测控技术与仪器,,,437,
1779,辽东学院,,护理学,,,483,
1784,仰恩大学,,人力资源管理,,,404,
1799,重庆工商大学,,经济学,,,580,
1799,重庆工商大学,,经济与贸易类(贸易经济、国际经济与贸易),,,577,
1799,重庆工商大学,,财政学类(财政学、税收学),,,577,
1799,重庆工商大学,,金融学类(金融学、金融工程、保险学、投资学),,,576,
1799,重庆工商大学,,工商管理类(工商管理、人力资源管理、市场营销、国际商务),,,572,
1799,重庆工商大学,,工商管理类(财会)(会计学、财务管理、审计学、资产评估),,,575,
1799,重庆工商大学,,物流管理,,,571,
1799,重庆工商大学,,工程管理,,,568,
1802,黑龙江工程学院,,社会工作,,,464,
1802,黑龙江工程学院,,英语,,,487,
1802,黑龙江工程学院,,俄语,,,472,
1802,黑龙江工程学院,,网络与新媒体,,,500,
1802,黑龙江工程学院,,地理信息科学,,,466,
1802,黑龙江工程学院,,机械类(材料成型及控制工程、机械电子工程),,,458,
1802,黑龙江工程学院,,车辆工程,,,455,
1802,黑龙江工程学院,,汽车服务工程,,,452,
1802,黑龙江工程学院,,材料类(材料科学与工程、复合材料与工程、功能材料),,,437,
1802,黑龙江工程学院,,材料化学,,,447,
1802,黑龙江工程学院,,电气工程及其自动化,,,482,
1802,黑龙江工程学院,,电子信息工程,,,471,
1802,黑龙江工程学院,,人工智能,,,481,
1802,黑龙江工程学院,,自动化,,,471,
1802,黑龙江工程学院,,机器人工程,,,463,
1802,黑龙江工程学院,,计算机类(计算机科学与技术、物联网工程、软件工程),,,475,
1802,黑龙江工程学院,,智能科学与技术,,,470,
1802,黑龙江工程学院,,数据科学与大数据技术,,,473,
1802,黑龙江工程学院,,土木类(土木工程、城市地下空间工程、道路桥梁与渡河工程),,,454,
1802,黑龙江工程学院,,建筑环境与能源应用工程,,,450,
1802,黑龙江工程学院,,测绘工程,,,451,
1802,黑龙江工程学院,,遥感科学与技术,,,455,
1802,黑龙江工程学院,,建筑类(建筑学、城乡规划),,,480,
1802,黑龙江工程学院,,工程造价,,,478,
1802,黑龙江工程学院,,市场营销,,,463,
1802,黑龙江工程学院,,会计学,,,494,
1802,黑龙江工程学院,,财务管理,,,478,
1802,黑龙江工程学院,,金融学类(金融工程、国际经济与贸易),,,480,
1810,海南医学院,,临床医学,,,548,
1810,海南医学院,,医学影像学,,,542,
1810,海南医学院,,临床药学,,,514,
1810,海南医学院,,护理学,,,509,
1810,海南医学院,,海洋药学,,,492,
1810,海南医学院,,中药学,,,507,
1810,海南医学院,,医学检验技术,,,514,
1810,海南医学院,,生物技术,,,488,
1810,海南医学院,,信息管理与信息系统,,,501,
1819,东莞理工学院,,机械设计制造及其自动化(中外合作办学),,,503,
1819,东莞理工学院,,软件工程(中外合作办学),,,528,
1825,桂林航天工业学院,,财务管理,,,476,
1825,桂林航天工业学院,,机械设计制造及其自动化,,,460,
1825,桂林航天工业学院,,材料成型及控制工程,,,453,
1825,桂林航天工业学院,,自动化,,,459,
1825,桂林航天工业学院,,车辆工程,,,458,
1825,桂林航天工业学院,,工程管理,,,457,
1832,河北经贸大学,,经济学,,,555,
1832,河北经贸大学,,国际经济与贸易,,,548,
1832,河北经贸大学,,贸易经济,,,544,
1832,河北经贸大学,,金融学类(金融学、金融工程、保险学、投资学),,,557,
1832,河北经贸大学,,财政学类(财政学、税收学),,,566,
1832,河北经贸大学,,会计学,,,564,
1832,河北经贸大学,,工商管理类(工商管理、市场营销、人力资源管理、文化产业管理),,,551,
1832,河北经贸大学,,公共管理类(行政管理、劳动与社会保障、土地资源管理),,,528,
1832,河北经贸大学,,工程管理,,,520,
1832,河北经贸大学,,商务英语,,,542,
1832,河北经贸大学,,数学类(数学与应用数学、信息与计算科学),,,544,
1832,河北经贸大学,,统计学类(统计学、应用统计学),,,557,
1832,河北经贸大学,,计算机类(计算机科学与技术、网络工程、软件工程),,,553,
1832,河北经贸大学,,旅游管理类(旅游管理、酒店管理、会展经济与管理),,,546,
1833,上海杉达学院,,金融学,,,445,
1833,上海杉达学院,,国际经济与贸易,,,467,
1833,上海杉达学院,,朝鲜语,,,415,
1833,上海杉达学院,,康复治疗学,,,420,
1833,上海杉达学院,,网络与新媒体,,,490,
1833,上海杉达学院,,时尚传播,,,443,
1835,上海政法学院,,法学(卓越法律人才培养创新班),,,615,
1835,上海政法学院,,法学(刑事司法方向),,,610,
1835,上海政法学院,,法学(AI法学方向),,,601,
1835,上海政法学院,,经济与金融,,,585,
1835,上海政法学院,,劳动与社会保障,,,589,
1837,桂林旅游学院,,会计学,,,467,
1837,桂林旅游学院,,法语,,,482,
1837,桂林旅游学院,,日语,,,460,
1840,西安医学院,,临床医学,,,534,
1843,九江学院,,金融工程,,,445,
1843,九江学院,,英语,,,480,
1843,九江学院,,电子信息工程,,,470,
1843,九江学院,,计算机科学与技术,,,480,
1843,九江学院,,临床医学,,,511,
1843,九江学院,,会计学,,,489,
1845,广东工业大学,,自动化类(自动化、机器人工程),,,588,
1845,广东工业大学,,计算机类(计算机科学与技术、软件工程、网络工程、信息安全),,,587,
1845,广东工业大学,,能源动力类(能源与动力工程、新能源科学与工程),,,584,
1969,郑州师范学院,,计算机科学与技术,,,507,
2026,大连民族大学,,经济学,,,544,
2026,大连民族大学,,市场营销,,,524,
2026,大连民族大学,,旅游管理,,,517,
2026,大连民族大学,,工商管理,,,532,
2026,大连民族大学,,行政管理,,,520,
2026,大连民族大学,,人力资源管理,,,528,
2026,大连民族大学,,机械设计制造及其自动化,,,526,
2026,大连民族大学,,自动化,,,523,
2026,大连民族大学,,测控技术与仪器,,,506,
2026,大连民族大学,,车辆工程,,,510,
2026,大连民族大学,,机器人工程,,,526,
2026,大连民族大学,,智能制造工程,,,520,
2026,大连民族大学,,生物工程,,,517,
2026,大连民族大学,,食品科学与工程,,,518,
2026,大连民族大学,,食品质量与安全,,,512,
2026,大连民族大学,,化学工程与工艺,,,506,
2026,大连民族大学,,应用化学,,,517,
2026,大连民族大学,,制药工程,,,515,
2026,大连民族大学,,英语,,,541,
2026,大连民族大学,,日语,,,543,
2026,大连民族大学,,朝鲜语,,,523,
2026,大连民族大学,,计算机科学与技术,,,552,
2026,大连民族大学,,网络工程,,,545,
2026,大连民族大学,,软件工程,,,550,
2026,大连民族大学,,人工智能,,,539,
2026,大连民族大学,,工业设计,,,549,
2026,大连民族大学,,土木工程,,,508,
2026,大连民族大学,,工程管理,,,513,
2026,大连民族大学,,建筑环境与能源应用工程,,,507,
2026,大连民族大学,,法学,,,539,
2026,大连民族大学,,新闻学,,,534,
2026,大连民族大学,,数学与应用数学,,,535,
2026,大连民族大学,,信息与计算科学,,,524,
2026,大连民族大学,,统计学,,,529,
2026,大连民族大学,,区块链工程,,,530,
2026,大连民族大学,,国际经济与贸易,,,541,
2026,大连民族大学,,会计学,,,553,
2026,大连民族大学,,财务管理,,,543,
2026,大连民族大学,,国际商务,,,526,
2026,大连民族大学,,电子信息工程,,,544,
2026,大连民族大学,,通信工程,,,536,
2026,大连民族大学,,物联网工程,,,535,
2026,大连民族大学,,生物技术,,,509,
2026,大连民族大学,,环境工程,,,503,
2026,大连民族大学,,环境科学,,,499,
2026,大连民族大学,,光电信息科学与工程,,,524,
2026,大连民族大学,,功能材料,,,495,
2026,大连民族大学,,建筑学,,,514,
2026,大连民族大学,,少数民族预科班,,,478,
2034,湖南第一师范学院,,小学教育(师范类),,,548,
2034,湖南第一师范学院,,科学教育(师范类),,,533,
2034,湖南第一师范学院,,数学与应用数学(师范类),,,547,
2034,湖南第一师范学院,,英语(师范类),,,550,
2034,湖南第一师范学院,,电子信息工程,,,539,
2034,湖南第一师范学院,,通信工程,,,530,
2034,湖南第一师范学院,,计算机科学与技术,,,533,
2034,湖南第一师范学院,,会计学,,,527,
2044,上海第二工业大学,,自动化,,,567,
2044,上海第二工业大学,,智能制造工程,,,566,
2048,南京特殊教育师范学院,,特殊教育(师范类),,,509,
2048,南京特殊教育师范学院,,小学教育(师范类),,,517,
2048,南京特殊教育师范学院,,应用心理学,,,510,
2048,南京特殊教育师范学院,,康复治疗学,,,491,
2048,南京特殊教育师范学院,,公共事业管理,,,495,
2048,南京特殊教育师范学院,,教育技术学(师范类),,,506,
2050,上海商学院,,国际经济与贸易,,,574,
2050,上海商学院,,酒店管理,,,538,
2050,上海商学院,,商务英语,,,556,
2050,上海商学院,,电子商务,,,547,
2105,天津中德应用技术大学,,机械电子工程,,,477,
2105,天津中德应用技术大学,,金属材料工程,,,442,
2105,天津中德应用技术大学,,无人驾驶航空器系统工程,,,465,
2105,天津中德应用技术大学,,物流管理,,,466,
2105,天津中德应用技术大学,,通信工程,,,477,
2105,天津中德应用技术大学,,软件工程,,,495,
2105,天津中德应用技术大学,,物联网工程,,,486,
2105,天津中德应用技术大学,,能源与动力工程,,,468,
2105,天津中德应用技术大学,,车辆工程,,,460,
2105,天津中德应用技术大学,,汽车服务工程,,,463,
2105,天津中德应用技术大学,,财务管理,,,487,
2121,南方医科大学,,临床医学(本硕博连读),,,656,
2121,南方医科大学,,临床医学(卓越创新班),,,659,
2121,南方医科大学,,临床医学,,,643,
2121,南方医科大学,,儿科学,,,624,
2121,南方医科大学,,口腔医学,,,644,
2121,南方医科大学,,预防医学,,,619,
2121,南方医科大学,,药学,,,614,
2121,南方医科大学,,生物技术,,,596,
2121,南方医科大学,,生物医学工程,,,574,
2121,南方医科大学,,中医学,,,602,
2121,南方医科大学,,医学检验技术,,,568,
2121,南方医科大学,,康复治疗学,,,550,
2121,南方医科大学,,应用心理学,,,585,
2121,南方医科大学,,公共事业管理,,,555,
2121,南方医科大学,,外国语言文学类[英语(医学英语)、翻译],,,578,
2214,湖南医药学院,,临床医学,,,526,
2214,湖南医药学院,,医学影像技术,,,502,
2214,湖南医药学院,,药学,,,506,
2216,安徽新华学院,,药学,,,419,
2216,安徽新华学院,,制药工程,,,402,
2216,安徽新华学院,,电子信息工程,,,407,
2303,湖南涉外经济学院,,金融学,,,406,
2303,湖南涉外经济学院,,法学,,,420,
2303,湖南涉外经济学院,,汉语言文学,,,371,
2303,湖南涉外经济学院,,机械设计制造及其自动化,,,395,
2303,湖南涉外经济学院,,计算机科学与技术,,,416,
2303,湖南涉外经济学院,,工商管理,,,446,
2303,湖南涉外经济学院,,会计学,,,400,
2303,湖南涉外经济学院,,网络与新媒体,,,380,
2303,湖南涉外经济学院,,物联网工程,,,410,
2303,湖南涉外经济学院,,商务英语,,,421,
2303,湖南涉外经济学院,,软件工程,,,381,
2308,海口经济学院,,管理科学与工程类(工程管理、工程造价),,,376,
2308,海口经济学院,,数据科学与大数据技术(数字平台运维方向),,,392,
2308,海口经济学院,,电气工程及其自动化,,,398,
2310,武昌理工学院,,土木工程,,,426,
2331,山东女子学院,,商务英语,,,461,
2331,山东女子学院,,旅游管理,,,452,
2331,山东女子学院,,市场营销,,,495,
2331,山东女子学院,,金融学,,,506,
2332,烟台南山学院,,车辆工程,,,412,
2332,烟台南山学院,,机械设计制造及其自动化,,,417,
2332,烟台南山学院,,计算机科学与技术,,,427,
2332,烟台南山学院,,英语,,,432,
2332,烟台南山学院,,汉语国际教育,,,418,
2332,烟台南山学院,,化学工程与工艺,,,409,
2332,烟台南山学院,,测控技术与仪器(招收飞机机载电子电气设备维修及管理方向),,,423,
2332,烟台南山学院,,飞行器动力工程(招收飞机发动机维修及其管理方向),,,423,
2362,武汉生物工程学院,,生物工程,,,418,
2362,武汉生物工程学院,,生物技术,,,420,
2362,武汉生物工程学院,,医学检验技术,,,415,
2362,武汉生物工程学院,,生物制药,,,419,
2362,武汉生物工程学院,,制药工程,,,420,
2362,武汉生物工程学院,,机械设计制造及其自动化,,,425,
2362,武汉生物工程学院,,工程造价,,,418,
2362,武汉生物工程学院,,计算机科学与技术,,,421,
2453,中国劳动关系学院,,人力资源管理,,,538,
2453,中国劳动关系学院,,法学,,,555,
2453,中国劳动关系学院,,财务管理,,,533,
2453,中国劳动关系学院,,劳动经济学,,,544,
2453,中国劳动关系学院,,劳动与社会保障,,,534,
2453,中国劳动关系学院,,应急技术与管理,,,527,
2453,中国劳动关系学院,,新闻学,,,533,
2453,中国劳动关系学院,,计算机科学与技术,,,539,
2544,宁夏理工学院,,物联网工程,,,419,
2544,宁夏理工学院,,电气工程及其自动化,,,407,
2544,宁夏理工学院,,电气工程及其自动化(智能电气),,,405,
2544,宁夏理工学院,,自动化,,,404,
2544,宁夏理工学院,,电子信息工程,,,404,
2544,宁夏理工学院,,机器人工程,,,404,
2544,宁夏理工学院,,机械工程,,,406,
2544,宁夏理工学院,,汽车服务工程,,,407,
2544,宁夏理工学院,,能源与动力工程,,,406,
2544,宁夏理工学院,,材料成型及控制工程,,,400,
2544,宁夏理工学院,,智能制造工程,,,415,
2544,宁夏理工学院,,计算机类(计算机科学与技术、网络工程、数字媒体技术、数据科学与大数据技术、软件工程),,,398,
2544,宁夏理工学院,,土木工程,,,405,
2544,宁夏理工学院,,给排水科学与工程,,,396,
2544,宁夏理工学院,,环境工程,,,395,
2544,宁夏理工学院,,安全工程,,,384,
2544,宁夏理工学院,,应用化学(卓越班),,,415,
2544,宁夏理工学院,,制药工程,,,406,
2544,宁夏理工学院,,能源化学工程,,,404,
2560,云南经济管理学院,,工程造价,,,372,
2560,云南经济管理学院,,电子商务,,,405,
2560,云南经济管理学院,,商务英语,,,383,
2560,云南经济管理学院,,小学教育,,,413,
2560,云南经济管理学院,,医学检验技术,,,399,
2574,广东东软学院,,软件工程,,,399,
2574,广东东软学院,,网络工程,,,393,
2574,广东东软学院,,大数据管理与应用,,,388,
2574,广东东软学院,,软件工程(中外合作办学),,,358,
2595,辽宁理工职业大学,,建筑工程,,,336,
2595,辽宁理工职业大学,,机械设计制造及自动化,,,336,
2595,辽宁理工职业大学,,汽车服务工程技术,,,338,
2595,辽宁理工职业大学,,软件工程技术,,,336,
2595,辽宁理工职业大学,,大数据工程技术,,,336,
2595,辽宁理工职业大学,,现代物流管理,,,338,
2617,广州城市理工学院,,车辆工程,,,346,
2617,广州城市理工学院,,交通工程,,,384,
2617,广州城市理工学院,,新能源汽车工程,,,339,
2617,广州城市理工学院,,机械工程,,,339,
2617,广州城市理工学院,,机器人工程,,,347,
2617,广州城市理工学院,,自动化,,,353,
2617,广州城市理工学院,,电气工程及其自动化,,,344,
2617,广州城市理工学院,,新能源科学与工程,,,374,
2617,广州城市理工学院,,大数据管理与应用(数据挖掘与商务智能，大数据管理与治理),,,359,
2617,广州城市理工学院,,供应链管理(供应链数据分析方向，全球供应链的管理方向),,,405,
2617,广州城市理工学院,,宝石及材料工艺学,,,384,
2618,广州软件学院,,软件工程,,,427,
2618,广州软件学院,,网络工程,,,440,
2618,广州软件学院,,自动化,,,414,
2618,广州软件学院,,电子信息工程,,,387,
2618,广州软件学院,,物联网工程,,,428,
2619,广州南方学院,,护理学,,,393,
2619,广州南方学院,,工商管理,,,389,
2619,广州南方学院,,国际商务,,,363,
2619,广州南方学院,,英语,,,392,
2619,广州南方学院,,法语,,,382,
2619,广州南方学院,,计算机科学与技术,,,410,
2619,广州南方学院,,软件工程,,,432,
2620,广东外语外贸大学南国商学院,,英语,,,415,
2620,广东外语外贸大学南国商学院,,计算机科学与技术,,,384,
2620,广东外语外贸大学南国商学院,,网络工程(云计算工程师班),,,374,
2636,成都东软学院,,计算机类(计算机科学与技术、网络工程、物联网工程、网络空间安全、智能科学与技术),,,447,
2636,成都东软学院,,人工智能,,,434,
2636,成都东软学院,,软件工程,,,470,
2636,成都东软学院,,信息工程,,,456,
2636,成都东软学院,,数据科学与大数据技术,,,468,
2636,成都东软学院,,信息管理与信息系统,,,429,
2636,成都东软学院,,电子商务,,,445,
2636,成都东软学院,,大数据管理与应用,,,444,
2636,成都东软学院,,财务管理,,,428,
2636,成都东软学院,,数字媒体技术,,,440,
2636,成都东软学院,,英语,,,444,
2636,成都东软学院,,医学信息工程,,,426,
2636,成都东软学院,,医学影像技术,,,429,
2649,湖南科技大学潇湘学院,,汉语国际教育,,,431,
2649,湖南科技大学潇湘学院,,新闻学,,,459,
2650,南华大学船山学院,,土木工程,,,421,
2689,东南大学成贤学院,,电气工程及其自动化,,,459,
2689,东南大学成贤学院,,土木工程,,,452,
2689,东南大学成贤学院,,机械类(机械设计制造及其自动化、机械工程),,,448,
2709,厦门华厦学院,,金融学,,,420,
2709,厦门华厦学院,,投资学,,,413,
2709,厦门华厦学院,,国际经济与贸易,,,414,
2709,厦门华厦学院,,商务英语,,,405,
2709,厦门华厦学院,,网络与新媒体,,,419,
2709,厦门华厦学院,,机械设计制造及其自动化,,,407,
2709,厦门华厦学院,,通信工程,,,407,
2709,厦门华厦学院,,机器人工程,,,414,
2709,厦门华厦学院,,物联网工程,,,406,
2709,厦门华厦学院,,数据科学与大数据技术,,,419,
2709,厦门华厦学院,,制药工程,,,414,
2709,厦门华厦学院,,环境科学与工程,,,426,
2709,厦门华厦学院,,食品质量与安全,,,410,
2709,厦门华厦学院,,医学检验技术,,,425,
2709,厦门华厦学院,,康复治疗学,,,403,
2709,厦门华厦学院,,财务管理,,,421,
2709,厦门华厦学院,,审计学,,,425,
2709,厦门华厦学院,,物流工程,,,412,
2709,厦门华厦学院,,供应链管理,,,397,
2709,厦门华厦学院,,电子商务,,,408,
2710,闽南理工学院,,机械设计制造及其自动化,,,412,
2710,闽南理工学院,,电气工程及其自动化,,,425,
2710,闽南理工学院,,土木工程,,,421,
2712,西安欧亚学院,,工程造价,,,387,
2713,西安外事学院,,法语,,,348,
2713,西安外事学院,,国际经济与贸易,,,424,
2713,西安外事学院,,日语,,,420,
2713,西安外事学院,,物流管理,,,393,
2714,西安翻译学院,,俄语,,,409,
2714,西安翻译学院,,朝鲜语,,,392,
2729,齐齐哈尔工程学院,,财务管理,,,395,
2729,齐齐哈尔工程学院,,车辆工程,,,385,
2747,郑州工业应用技术学院,,学前教育,,,421,
2747,郑州工业应用技术学院,,药学,,,425,
2747,郑州工业应用技术学院,,护理学,,,429,
2766,江西工程学院,,土木工程,,,413,
2795,南昌理工学院,,机械设计制造及其自动化,,,426,
2795,南昌理工学院,,电子信息工程,,,416,
2795,南昌理工学院,,计算机科学与技术,,,416,
2795,南昌理工学院,,土木工程,,,422,
2795,南昌理工学院,,会计学,,,420,
2795,南昌理工学院,,汽车服务工程(中外合作办学)(中韩合作办学),,,384,
2796,河北工程技术学院,,土木工程,,,389,
2796,河北工程技术学院,,网络工程,,,402,
2796,河北工程技术学院,,工程管理,,,371,
2799,上海建桥学院,,汽车服务工程,,,404,
2799,上海建桥学院,,计算机科学与技术,,,453,
2799,上海建桥学院,,工程管理,,,410,
2799,上海建桥学院,,机械设计制造及其自动化(中外合作办学),,,391,
2802,吉利学院,,电子商务,,,408,
2802,吉利学院,,管理科学与工程类(管理科学、大数据管理与应用),,,414,
2843,潍坊科技学院,,金融工程,,,421,
2915,上海中侨职业技术大学,,数字媒体技术,,,382,
2915,上海中侨职业技术大学,,物联网工程技术,,,415,
3006,山东英才学院,,学前教育(师范类),,,400,
3006,山东英才学院,,机械设计制造及其自动化,,,384,
3006,山东英才学院,,电子信息工程,,,379,
3006,山东英才学院,,信息管理与信息系统,,,375,
3006,山东英才学院,,工商管理,,,392,
3006,山东英才学院,,审计学,,,391,
3006,山东英才学院,,土木工程,,,365,
3006,山东英才学院,,护理学,,,408,
3006,山东英才学院,,金融工程,,,356,
3006,山东英才学院,,工程造价,,,373,
3015,青岛恒星科技学院,,教育技术学,,,399,
3015,青岛恒星科技学院,,机械类(机械工程、车辆工程、汽车服务工程),,,378,
3015,青岛恒星科技学院,,电气工程及其自动化,,,403,
3015,青岛恒星科技学院,,人工智能,,,377,
3015,青岛恒星科技学院,,机器人工程,,,397,
3015,青岛恒星科技学院,,计算机类(软件工程、网络工程),,,396,
3015,青岛恒星科技学院,,土木工程,,,384,
3015,青岛恒星科技学院,,康复治疗学,,,393,
3015,青岛恒星科技学院,,管理科学与工程类(房地产开发与管理、工程造价),,,365,
3015,青岛恒星科技学院,,工商管理类(工商管理、国际商务、人力资源管理),,,371,
3015,青岛恒星科技学院,,旅游管理类(酒店管理、会展经济与管理),,,360,
3015,青岛恒星科技学院,,电气工程及其自动化(校企合作，与青岛国合对外经济技术合作),,,377,
3021,浙大城市学院,,计算机类(计算机科学与技术、软件工程),,,573,
3021,浙大城市学院,,电子信息类(电子信息工程、电子科学与技术、通信工程),,,552,
3021,浙大城市学院,,土木工程,,,542,
3021,浙大城市学院,,工商管理类(工商管理、资产评估、财务管理、国际商务),,,556,
3021,浙大城市学院,,新闻传播学类(新闻学、广告学、广播电视学),,,554,
3115,厦门工学院,,机械工程,,,402,
3115,厦门工学院,,新能源材料与器件,,,399,
3115,厦门工学院,,车辆工程,,,398,
3115,厦门工学院,,通信工程,,,418,
3115,厦门工学院,,电气工程及其自动化,,,417,
3115,厦门工学院,,土木工程,,,405,
3115,厦门工学院,,工程管理,,,398,
3115,厦门工学院,,工程造价,,,415,
3115,厦门工学院,,风景园林,,,415,
3115,厦门工学院,,信息与计算科学,,,399,
3123,陕西国际商贸学院,,数据科学与大数据技术,,,412,
3198,大连理工大学城市学院,,计算机科学与技术,,,415,
3198,大连理工大学城市学院,,软件工程,,,410,
3198,大连理工大学城市学院,,网络工程,,,400,
3198,大连理工大学城市学院,,数字媒体技术,,,397,
3198,大连理工大学城市学院,,数据科学与大数据技术,,,398,
3198,大连理工大学城市学院,,电气工程及其自动化,,,421,
3198,大连理工大学城市学院,,电子信息工程,,,395,
3198,大连理工大学城市学院,,通信工程,,,391,
3198,大连理工大学城市学院,,自动化,,,395,
3198,大连理工大学城市学院,,物联网工程,,,391,
3198,大连理工大学城市学院,,信息管理与信息系统,,,389,
3198,大连理工大学城市学院,,大数据管理与应用,,,403,
3198,大连理工大学城市学院,,工商管理,,,408,
3198,大连理工大学城市学院,,市场营销,,,393,
3198,大连理工大学城市学院,,公共事业管理,,,405,
3198,大连理工大学城市学院,,物流管理,,,398,
3198,大连理工大学城市学院,,土木工程,,,404,
3198,大连理工大学城市学院,,测绘工程,,,385,
3198,大连理工大学城市学院,,地理空间信息工程,,,381,
3198,大连理工大学城市学院,,建筑学,,,390,
3198,大连理工大学城市学院,,风景园林,,,391,
3198,大连理工大学城市学院,,工程管理,,,395,
3198,大连理工大学城市学院,,工程造价,,,397,
3198,大连理工大学城市学院,,英语,,,412,
3198,大连理工大学城市学院,,日语,,,392,
3198,大连理工大学城市学院,,广播电视学,,,387,
3198,大连理工大学城市学院,,网络与新媒体,,,408,
3201,沈阳工学院,,机械设计制造及其自动化,,,368,
3201,沈阳工学院,,智能制造工程,,,383,
3201,沈阳工学院,,机器人工程,,,377,
3201,沈阳工学院,,机械电子工程,,,340,
3201,沈阳工学院,,车辆工程,,,336,
3201,沈阳工学院,,材料成型及控制工程,,,338,
3201,沈阳工学院,,工业设计,,,336,
3201,沈阳工学院,,金融学,,,374,
3201,沈阳工学院,,金融科技,,,342,
3201,沈阳工学院,,市场营销,,,370,
3201,沈阳工学院,,工商管理,,,375,
3201,沈阳工学院,,会计学,,,401,
3201,沈阳工学院,,人力资源管理,,,380,
3201,沈阳工学院,,物流管理,,,385,
3201,沈阳工学院,,酒店管理,,,358,
3201,沈阳工学院,,大数据管理与应用,,,376,
3201,沈阳工学院,,自动化,,,344,
3201,沈阳工学院,,电子信息类(电子信息工程、通信工程),,,343,
3201,沈阳工学院,,计算机类(计算机科学与技术、软件工程、物联网工程),,,364,
3201,沈阳工学院,,电气工程及其自动化,,,399,
3201,沈阳工学院,,智能科学与技术,,,360,
3201,沈阳工学院,,网络与新媒体,,,400,
3201,沈阳工学院,,时尚传播,,,347,
3201,沈阳工学院,,风景园林,,,361,
3201,沈阳工学院,,智能建造,,,342,
3201,沈阳工学院,,兵器类(弹药工程与爆炸技术、特种能源技术与工程),,,352,
3201,沈阳工学院,,城市地下空间工程,,,337,
3201,沈阳工学院,,道路桥梁与渡河工程,,,345,
3201,沈阳工学院,,水利水电工程,,,342,
3201,沈阳工学院,,测绘工程,,,336,
3201,沈阳工学院,,安全工程,,,342,
3201,沈阳工学院,,动物医学,,,375,
3201,沈阳工学院,,生物工程,,,351,
3201,沈阳工学院,,园林,,,366,
3201,沈阳工学院,,环境工程,,,336,
3201,沈阳工学院,,园艺,,,345,
3201,沈阳工学院,,食品科学与工程,,,370,
3201,沈阳工学院,,食品质量与安全,,,365,
3201,沈阳工学院,,学前教育,,,409,
3203,大连工业大学艺术与信息工程学院,,国际经济与贸易,,,354,
3203,大连工业大学艺术与信息工程学院,,英语,,,364,
3203,大连工业大学艺术与信息工程学院,,日语,,,336,
3203,大连工业大学艺术与信息工程学院,,网络与新媒体,,,368,
3203,大连工业大学艺术与信息工程学院,,机械工程,,,337,
3203,大连工业大学艺术与信息工程学院,,材料成型及控制工程,,,336,
3203,大连工业大学艺术与信息工程学院,,机械电子工程,,,337,
3203,大连工业大学艺术与信息工程学院,,工业设计,,,338,
3203,大连工业大学艺术与信息工程学院,,自动化,,,336,
3203,大连工业大学艺术与信息工程学院,,计算机科学与技术,,,344,
3203,大连工业大学艺术与信息工程学院,,工商管理,,,357,
3203,大连工业大学艺术与信息工程学院,,电子商务,,,351,
3203,大连工业大学艺术与信息工程学院,,互联网金融,,,349,
3203,大连工业大学艺术与信息工程学院,,智能制造工程,,,336,
3203,大连工业大学艺术与信息工程学院,,机器人工程,,,358,
3207,大连科技学院,,机械设计制造及其自动化,,,391,
3207,大连科技学院,,智能制造工程,,,389,
3207,大连科技学院,,电气工程及其自动化,,,405,
3207,大连科技学院,,通信工程,,,385,
3207,大连科技学院,,计算机科学与技术,,,399,
3207,大连科技学院,,软件工程,,,389,
3207,大连科技学院,,网络工程,,,385,
3207,大连科技学院,,物联网工程,,,384,
3207,大连科技学院,,数据科学与大数据技术,,,391,
3207,大连科技学院,,会计学,,,401,
3208,沈阳城市建设学院,,建筑学,,,336,
3208,沈阳城市建设学院,,城乡规划,,,364,
3208,沈阳城市建设学院,,风景园林,,,377,
3208,沈阳城市建设学院,,土木工程,,,367,
3208,沈阳城市建设学院,,道路桥梁与渡河工程,,,348,
3208,沈阳城市建设学院,,测绘工程,,,336,
3208,沈阳城市建设学院,,安全工程,,,339,
3208,沈阳城市建设学院,,无机非金属材料工程,,,348,
3208,沈阳城市建设学院,,给排水科学与工程,,,337,
3208,沈阳城市建设学院,,建筑环境与能源应用工程,,,336,
3208,沈阳城市建设学院,,电气工程及其自动化,,,375,
3208,沈阳城市建设学院,,建筑电气与智能化,,,338,
3208,沈阳城市建设学院,,通信工程,,,356,
3208,沈阳城市建设学院,,自动化,,,351,
3208,沈阳城市建设学院,,计算机科学与技术,,,379,
3208,沈阳城市建设学院,,智能建造,,,336,
3208,沈阳城市建设学院,,数据科学与大数据技术,,,350,
3208,沈阳城市建设学院,,机械设计制造及其自动化,,,352,
3208,沈阳城市建设学院,,机械电子工程,,,341,
3208,沈阳城市建设学院,,智能制造工程,,,336,
3208,沈阳城市建设学院,,交通运输,,,337,
3208,沈阳城市建设学院,,物流工程,,,336,
3208,沈阳城市建设学院,,工程管理,,,336,
3208,沈阳城市建设学院,,会计学,,,382,
3208,沈阳城市建设学院,,工程造价,,,375,
3208,沈阳城市建设学院,,互联网金融,,,340,
3212,大连医科大学中山学院,,护理学,,,423,
3212,大连医科大学中山学院,,助产学,,,428,
3212,大连医科大学中山学院,,针灸推拿学,,,411,
3212,大连医科大学中山学院,,康复治疗学,,,415,
3212,大连医科大学中山学院,,医学影像技术,,,425,
3212,大连医科大学中山学院,,医学实验技术,,,417,
3212,大连医科大学中山学院,,计算机科学与技术,,,416,
3212,大连医科大学中山学院,,数字媒体技术,,,410,
3212,大连医科大学中山学院,,医学信息工程,,,414,
3212,大连医科大学中山学院,,公共事业管理,,,416,
3212,大连医科大学中山学院,,劳动与社会保障,,,377,
3212,大连医科大学中山学院,,健康服务与管理,,,402,
3212,大连医科大学中山学院,,药事管理,,,404,
3212,大连医科大学中山学院,,临床医学,,,479,
3212,大连医科大学中山学院,,口腔医学,,,486,
3213,锦州医科大学医疗学院,,临床医学,,,422,
3213,锦州医科大学医疗学院,,口腔医学,,,438,
3213,锦州医科大学医疗学院,,麻醉学,,,427,
3213,锦州医科大学医疗学院,,护理学,,,408,
3213,锦州医科大学医疗学院,,医学检验技术,,,413,
3213,锦州医科大学医疗学院,,药学,,,419,
3213,锦州医科大学医疗学院,,食品营养与检验教育,,,401,
3213,锦州医科大学医疗学院,,医学影像技术,,,414,
3213,锦州医科大学医疗学院,,康复治疗学,,,401,
3215,辽宁师范大学海华学院,,法学,,,414,
3215,辽宁师范大学海华学院,,英语,,,408,
3215,辽宁师范大学海华学院,,日语,,,397,
3215,辽宁师范大学海华学院,,汉语言文学,,,430,
3215,辽宁师范大学海华学院,,新闻学,,,397,
3215,辽宁师范大学海华学院,,广告学,,,402,
3215,辽宁师范大学海华学院,,网络与新媒体,,,403,
3215,辽宁师范大学海华学院,,会计学,,,386,
3215,辽宁师范大学海华学院,,图书馆学,,,389,
3215,辽宁师范大学海华学院,,旅游管理,,,380,
3215,辽宁师范大学海华学院,,计算机科学与技术,,,377,
3215,辽宁师范大学海华学院,,数字媒体技术,,,383,
3215,辽宁师范大学海华学院,,学前教育,,,431,
3215,辽宁师范大学海华学院,,数据科学与大数据技术,,,386,
3215,辽宁师范大学海华学院,,汉语国际教育,,,417,
3215,辽宁师范大学海华学院,,思想政治教育,,,407,
3215,辽宁师范大学海华学院,,审计学,,,406,
3217,辽宁理工学院,,机械电子工程,,,358,
3217,辽宁理工学院,,汽车服务工程,,,337,
3217,辽宁理工学院,,焊接技术与工程,,,336,
3217,辽宁理工学院,,电气工程与智能控制,,,344,
3217,辽宁理工学院,,机器人工程,,,348,
3217,辽宁理工学院,,计算机科学与技术,,,373,
3217,辽宁理工学院,,网络工程,,,355,
3217,辽宁理工学院,,智能科学与技术,,,336,
3217,辽宁理工学院,,电子商务,,,354,
3217,辽宁理工学院,,数字媒体技术,,,363,
3217,辽宁理工学院,,工程造价,,,346,
3217,辽宁理工学院,,物流工程,,,337,
3217,辽宁理工学院,,工程管理,,,336,
3217,辽宁理工学院,,会计学,,,410,
3217,辽宁理工学院,,财务管理,,,364,
3217,辽宁理工学院,,国际经济与贸易,,,351,
3217,辽宁理工学院,,汉语言文学,,,408,
3217,辽宁理工学院,,广播电视学,,,352,
3217,辽宁理工学院,,网络与新媒体,,,380,
3217,辽宁理工学院,,英语,,,396,
3217,辽宁理工学院,,日语,,,338,
3217,辽宁理工学院,,风景园林,,,369,
3218,大连财经学院,,会计学,,,433,
3218,大连财经学院,,财务管理,,,408,
3218,大连财经学院,,审计学,,,423,
3218,大连财经学院,,资产评估,,,389,
3218,大连财经学院,,经济统计学,,,406,
3218,大连财经学院,,财政学,,,406,
3218,大连财经学院,,税收学,,,398,
3218,大连财经学院,,金融学,,,412,
3218,大连财经学院,,金融工程,,,387,
3218,大连财经学院,,保险学,,,360,
3218,大连财经学院,,投资学,,,376,
3218,大连财经学院,,国际经济与贸易,,,369,
3218,大连财经学院,,信息管理与信息系统,,,383,
3218,大连财经学院,,工程管理,,,376,
3218,大连财经学院,,工程造价,,,391,
3218,大连财经学院,,市场营销,,,356,
3218,大连财经学院,,人力资源管理,,,394,
3218,大连财经学院,,劳动与社会保障,,,369,
3218,大连财经学院,,物流管理,,,363,
3218,大连财经学院,,旅游管理,,,370,
3218,大连财经学院,,酒店管理,,,372,
3218,大连财经学院,,大数据管理与应用,,,403,
3218,大连财经学院,,法学,,,400,
3218,大连财经学院,,汉语言,,,415,
3218,大连财经学院,,商务英语,,,419,
3220,沈阳城市学院,,金融学,,,357,
3220,沈阳城市学院,,国际经济与贸易,,,352,
3220,沈阳城市学院,,汉语国际教育,,,385,
3220,沈阳城市学院,,英语,,,393,
3220,沈阳城市学院,,广告学,,,389,
3220,沈阳城市学院,,网络与新媒体,,,398,
3220,沈阳城市学院,,应用心理学,,,382,
3220,沈阳城市学院,,机械设计制造及其自动化,,,383,
3220,沈阳城市学院,,自动化,,,379,
3220,沈阳城市学院,,机器人工程,,,358,
3220,沈阳城市学院,,计算机科学与技术,,,395,
3220,沈阳城市学院,,智能科学与技术,,,375,
3220,沈阳城市学院,,电影制作,,,357,
3220,沈阳城市学院,,土木工程,,,378,
3220,沈阳城市学院,,建筑环境与能源应用工程,,,359,
3220,沈阳城市学院,,建筑电气与智能化,,,367,
3220,沈阳城市学院,,建筑学,,,346,
3220,沈阳城市学院,,工程造价,,,377,
3220,沈阳城市学院,,大数据管理与应用,,,385,
3220,沈阳城市学院,,工商管理,,,370,
3220,沈阳城市学院,,会计学,,,391,
3220,沈阳城市学院,,财务管理,,,368,
3220,沈阳城市学院,,人力资源管理,,,365,
3220,沈阳城市学院,,旅游管理,,,346,
3220,沈阳城市学院,,酒店管理,,,337,
3220,沈阳城市学院,,人工智能,,,371,
3234,湖北大学知行学院,,机器人工程,,,424,
3234,湖北大学知行学院,,汉语言文学,,,421,
3234,湖北大学知行学院,,生物技术,,,422,
3234,湖北大学知行学院,,英语,,,430,
3235,武汉城市学院,,土木工程,,,416,
3235,武汉城市学院,,机械设计制造及其自动化,,,418,
3235,武汉城市学院,,护理学,,,431,
3236,三峡大学科技学院,,电气工程及其自动化(含电力系统、输电线路工程方向),,,440,
3236,三峡大学科技学院,,临床医学,,,463,
3239,武汉工程大学邮电与信息工程学院,,机械设计制造及其自动化(工业机器人方向),,,424,
3239,武汉工程大学邮电与信息工程学院,,计算机科学与技术,,,436,
3239,武汉工程大学邮电与信息工程学院,,土木工程,,,417,
3239,武汉工程大学邮电与信息工程学院,,土木工程(道路与桥梁方向),,,423,
3246,长江大学文理学院,,机械设计制造及其自动化,,,420,
3249,湖北医药学院药护学院,,临床医学,,,472,
3249,湖北医药学院药护学院,,麻醉学,,,495,
3290,浙江工商大学杭州商学院,,人力资源管理,,,508,
3290,浙江工商大学杭州商学院,,会计学(智能会计方向),,,488,
3290,浙江工商大学杭州商学院,,经济统计学,,,459,
3290,浙江工商大学杭州商学院,,金融学,,,487,
3290,浙江工商大学杭州商学院,,跨境电子商务,,,454,
3291,嘉兴南湖学院,,测控技术与仪器,,,478,
3291,嘉兴南湖学院,,机械设计制造及其自动化,,,458,
3291,嘉兴南湖学院,,计算机科学与技术,,,493,
3291,嘉兴南湖学院,,土木工程,,,448,
3292,中国计量大学现代科技学院,,自动化类(自动化、电气工程及其自动化),,,438,
3292,中国计量大学现代科技学院,,质量管理工程,,,403,
3292,中国计量大学现代科技学院,,安全工程,,,432,
3292,中国计量大学现代科技学院,,测控技术与仪器,,,424,
3292,中国计量大学现代科技学院,,工业设计,,,418,
3296,黑龙江外国语学院,,计算机科学与技术,,,391,
3296,黑龙江外国语学院,,软件工程,,,387,
3298,黑龙江财经学院,,金融学,,,415,
3298,黑龙江财经学院,,金融工程,,,409,
3298,黑龙江财经学院,,保险学,,,418,
3298,黑龙江财经学院,,互联网金融,,,415,
3298,黑龙江财经学院,,国际经济与贸易,,,416,
3298,黑龙江财经学院,,法学,,,417,
3298,黑龙江财经学院,,汉语言文学,,,430,
3298,黑龙江财经学院,,英语,,,424,
3298,黑龙江财经学院,,广告学,,,458,
3298,黑龙江财经学院,,电子信息工程,,,435,
3298,黑龙江财经学院,,计算机科学与技术,,,423,
3298,黑龙江财经学院,,数据科学与大数据技术,,,421,
3298,黑龙江财经学院,,信息管理与信息系统,,,398,
3298,黑龙江财经学院,,工商管理类(工商管理、市场营销、人力资源管理、旅游管理、酒店管理、会展经济与管理),,,391,
3298,黑龙江财经学院,,会计学,,,436,
3298,黑龙江财经学院,,财务管理,,,425,
3298,黑龙江财经学院,,国际商务,,,359,
3298,黑龙江财经学院,,审计学,,,399,
3298,黑龙江财经学院,,资产评估,,,406,
3298,黑龙江财经学院,,物流管理,,,390,
3298,黑龙江财经学院,,电子商务,,,380,
3299,哈尔滨石油学院,,石油工程,,,409,
3299,哈尔滨石油学院,,油气储运工程,,,413,
3299,哈尔滨石油学院,,化学工程与工艺,,,367,
3299,哈尔滨石油学院,,环境工程,,,394,
3299,哈尔滨石油学院,,机械类(机械设计制造及其自动化、材料成型及控制工程、工业设计、机械电子工程、过程装备与控制工程),,,408,
3299,哈尔滨石油学院,,土木工程,,,397,
3299,哈尔滨石油学院,,工程造价,,,398,
3299,哈尔滨石油学院,,信息安全,,,407,
3299,哈尔滨石油学院,,自动化,,,400,
3299,哈尔滨石油学院,,电气工程及其自动化,,,407,
3300,黑龙江工商学院,,金融学,,,345,
3301,哈尔滨远东理工学院,,机器人工程,,,388,
3301,哈尔滨远东理工学院,,计算机类(计算机科学与技术、软件工程),,,398,
3301,哈尔滨远东理工学院,,电气工程及其自动化,,,407,
3301,哈尔滨远东理工学院,,机械类(机械设计制造及其自动化、机械电子工程),,,380,
3301,哈尔滨远东理工学院,,会计学,,,391,
3301,哈尔滨远东理工学院,,土木工程,,,389,
3301,哈尔滨远东理工学院,,工程造价,,,372,
3301,哈尔滨远东理工学院,,汉语言文学,,,418,
3303,哈尔滨剑桥学院,,学前教育(师范类),,,406,
3306,哈尔滨广厦学院,,学前教育(师范类),,,413,
3306,哈尔滨广厦学院,,应用心理学,,,399,
3306,哈尔滨广厦学院,,计算机科学与技术,,,378,
3306,哈尔滨广厦学院,,工商管理,,,359,
3306,哈尔滨广厦学院,,会计学,,,382,
3306,哈尔滨广厦学院,,财务管理,,,369,
3306,哈尔滨广厦学院,,电子商务,,,391,
3307,哈尔滨华德学院,,数据科学与大数据技术(英才班),,,372,
3307,哈尔滨华德学院,,机械设计制造及其自动化(英才班),,,384,
3307,哈尔滨华德学院,,焊接技术与工程(英才班),,,340,
3307,哈尔滨华德学院,,电气工程及其自动化(英才班),,,375,
3307,哈尔滨华德学院,,工程造价,,,388,
3307,哈尔滨华德学院,,财务管理(英才班),,,380,
3320,青岛黄海学院,,机械设计制造及其自动化,,,406,
3320,青岛黄海学院,,电气工程及其自动化,,,407,
3320,青岛黄海学院,,船舶与海洋工程,,,410,
3320,青岛黄海学院,,财务管理,,,424,
3320,青岛黄海学院,,数据科学与大数据技术,,,425,
3320,青岛黄海学院,,学前教育(师范类),,,420,
3322,山东现代学院,,护理学,,,408,
3322,山东现代学院,,药学,,,407,
3322,山东现代学院,,中药学,,,394,
3322,山东现代学院,,学前教育(师范类),,,410,
3322,山东现代学院,,计算机科学与技术,,,419,
3322,山东现代学院,,工程造价,,,397,
3322,山东现代学院,,土木工程,,,386,
3324,山东协和学院,,护理学,,,426,
3324,山东协和学院,,助产学,,,426,
3324,山东协和学院,,学前教育(师范类),,,421,
3324,山东协和学院,,康复治疗学,,,418,
3324,山东协和学院,,医学影像技术,,,409,
3324,山东协和学院,,医学检验技术,,,402,
3324,山东协和学院,,中药学,,,417,
3324,山东协和学院,,口腔医学,,,446,
3324,山东协和学院,,财务管理,,,413,
3324,山东协和学院,,酒店管理,,,405,
3324,山东协和学院,,审计学,,,419,
3324,山东协和学院,,智能制造工程,,,391,
3324,山东协和学院,,人工智能,,,416,
3324,山东协和学院,,自动化,,,409,
3326,云南大学滇池学院,,金融学,,,391,
3326,云南大学滇池学院,,新闻传播学类(新闻学、广播电视学、广告学),,,426,
3326,云南大学滇池学院,,通信工程,,,399,
3326,云南大学滇池学院,,人工智能,,,395,
3326,云南大学滇池学院,,物联网工程,,,404,
3326,云南大学滇池学院,,数据科学与大数据技术,,,418,
3326,云南大学滇池学院,,土木类(土木工程、工程管理、工程造价),,,403,
3328,丽江文化旅游学院,,金融学,,,415,
3328,丽江文化旅游学院,,国际经济与贸易,,,397,
3328,丽江文化旅游学院,,会计学,,,405,
3328,丽江文化旅游学院,,英语,,,389,
3328,丽江文化旅游学院,,日语,,,382,
3328,丽江文化旅游学院,,汉语言文学,,,400,
3328,丽江文化旅游学院,,学前教育,,,410,
3328,丽江文化旅游学院,,软件工程,,,387,
3328,丽江文化旅游学院,,物联网工程,,,400,
3328,丽江文化旅游学院,,数据科学与大数据技术,,,378,
3328,丽江文化旅游学院,,信息管理与信息系统,,,380,
3330,昆明城市学院,,会计学,,,424,
3330,昆明城市学院,,学前教育,,,403,
3330,昆明城市学院,,计算机科学与技术,,,422,
3332,昆明医科大学海源学院,,临床医学,,,472,
3332,昆明医科大学海源学院,,口腔医学,,,483,
3332,昆明医科大学海源学院,,医学影像技术,,,471,
3332,昆明医科大学海源学院,,药学,,,471,
3356,山东工程职业技术大学,,智能制造工程技术,,,389,
3356,山东工程职业技术大学,,大数据与财务管理,,,400,
3359,烟台理工学院,,通信工程,,,413,
3359,烟台理工学院,,电子信息科学与技术,,,407,
3359,烟台理工学院,,计算机科学与技术,,,411,
3378,青岛城市学院,,土木工程,,,417,
3378,青岛城市学院,,智能建造,,,416,
3378,青岛城市学院,,工程造价,,,426,
3378,青岛城市学院,,工程管理,,,422,
3378,青岛城市学院,,机械设计制造及其自动化,,,417,
3378,青岛城市学院,,电气工程及其自动化,,,423,
3378,青岛城市学院,,机器人工程,,,406,
3378,青岛城市学院,,建筑学,,,423,
3378,青岛城市学院,,城乡规划,,,424,
3378,青岛城市学院,,计算机类(计算机科学与技术、软件工程、网络工程、物联网工程、数据科学与大数据技术),,,423,
3386,山东石油化工学院,,能源动力类(新能源科学与工程、石油工程、油气储运工程、资源勘查工程),,,441,
3386,山东石油化工学院,,化工与制药类(化学工程与工艺、化工安全工程),,,439,
3386,山东石油化工学院,,机械类(智能制造工程、材料成型及控制工程、机械设计制造及其自动化),,,443,
3386,山东石油化工学院,,计算机类(信息与计算科学、计算机科学与技术、物联网工程、数据科学与大数据技术),,,445,
3386,山东石油化工学院,,护理学,,,478,
3386,山东石油化工学院,,电气工程及其自动化,,,463,
3386,山东石油化工学院,,自动化,,,442,
3391,河北科技学院,,财务管理,,,407,
3391,河北科技学院,,经济学,,,386,
3391,河北科技学院,,审计学,,,405,
3391,河北科技学院,,工程管理,,,374,
3391,河北科技学院,,工程造价,,,421,
3391,河北科技学院,,土木工程,,,412,
3391,河北科技学院,,物流管理,,,406,
3391,河北科技学院,,机械设计制造及其自动化,,,423,
3391,河北科技学院,,电气工程及其自动化,,,420,
3391,河北科技学院,,计算机科学与技术,,,420,
3391,河北科技学院,,软件工程,,,410,
3391,河北科技学院,,数据科学与大数据技术,,,411,
3391,河北科技学院,,汽车服务工程,,,393,
3391,河北科技学院,,车辆工程,,,406,
3391,河北科技学院,,护理学,,,426,
3391,河北科技学院,,助产学,,,404,
3391,河北科技学院,,学前教育,,,420,
3391,河北科技学院,,小学教育,,,426,
3402,河北外国语学院,,外国语言文学类(西班牙语、意大利语、葡萄牙语、朝鲜语、德语、法语、日语、俄语、阿拉伯语),,,390,
3402,河北外国语学院,,金融工程,,,403,
3402,河北外国语学院,,工程造价,,,397,
3408,华北理工大学轻工学院,,财务管理,,,398,
3408,华北理工大学轻工学院,,机械电子工程,,,409,
3408,华北理工大学轻工学院,,机械设计制造及其自动化,,,416,
3408,华北理工大学轻工学院,,工程造价,,,421,
3408,华北理工大学轻工学院,,土木工程,,,416,
3408,华北理工大学轻工学院,,电气工程及其自动化,,,413,
3408,华北理工大学轻工学院,,计算机科学与技术,,,417,
3408,华北理工大学轻工学院,,物联网工程,,,434,
3408,华北理工大学轻工学院,,软件工程,,,409,
3411,河北师范大学汇华学院,,计算机类(计算机科学与技术、网络工程、物联网工程),,,451,
3411,河北师范大学汇华学院,,会计学,,,430,
3411,河北师范大学汇华学院,,人力资源管理,,,458,
3411,河北师范大学汇华学院,,数学与应用数学(师范类),,,486,
3411,河北师范大学汇华学院,,化学(师范类),,,474,
3411,河北师范大学汇华学院,,生物科学(师范类),,,473,
3411,河北师范大学汇华学院,,日语,,,417,
3411,河北师范大学汇华学院,,汉语言文学(师范类),,,488,
3411,河北师范大学汇华学院,,历史学(师范类),,,481,
3414,河北经贸大学经济管理学院,,会计学,,,435,
3415,河北医科大学临床学院,,临床医学,,,493,
3415,河北医科大学临床学院,,口腔医学,,,534,
3415,河北医科大学临床学院,,医学检验技术,,,435,
3415,河北医科大学临床学院,,护理学,,,471,
3418,江西服装学院,,服装设计与工程,,,370,
3421,南昌工学院,,会计学,,,425,
3421,南昌工学院,,家政学,,,387,
3421,南昌工学院,,英语(教师教育),,,439,
3421,南昌工学院,,社会工作,,,367,
3421,南昌工学院,,城乡规划,,,389,
3421,南昌工学院,,材料成型及控制工程,,,388,
3421,南昌工学院,,机械类(机械设计制造及其自动化、机械电子工程、车辆工程、汽车服务工程、智能制造工程),,,404,
3421,南昌工学院,,计算机类(数据科学与大数据技术、软件工程、网络工程、数字媒体技术),,,406,
3421,南昌工学院,,电子信息类(电气工程及其自动化、电子信息工程、智能科学与技术、自动化),,,399,
3421,南昌工学院,,管理科学与工程类(工程管理、工程造价、大数据管理与应用),,,378,
3421,南昌工学院,,土木类(土木工程、水利水电工程、智能建造),,,384,
3421,南昌工学院,,工商管理类(人力资源管理、物流工程、市场营销、电子商务、财务管理、审计学),,,366,
3421,南昌工学院,,经济与贸易类(国际经济与贸易、金融工程),,,423,
3421,南昌工学院,,教育学类(学前教育、小学教育),,,415,
3421,南昌工学院,,中国语言文学类(汉语言文学、秘书学),,,403,
3429,南昌大学科学技术学院,,日语,,,421,
3429,南昌大学科学技术学院,,工商管理,,,416,
3429,南昌大学科学技术学院,,车辆工程,,,427,
3429,南昌大学科学技术学院,,制药工程,,,420,
3429,南昌大学科学技术学院,,建筑学,,,416,
3429,南昌大学科学技术学院,,材料成型及控制工程,,,415,
3429,南昌大学科学技术学院,,电气工程及其自动化,,,426,
3429,南昌大学科学技术学院,,电子信息工程,,,432,
3429,南昌大学科学技术学院,,自动化,,,423,
3431,南昌交通学院,,电气工程及其自动化,,,421,
3431,南昌交通学院,,软件工程,,,411,
3431,南昌交通学院,,计算机科学与技术,,,412,
3431,南昌交通学院,,通信工程,,,410,
3431,南昌交通学院,,土木工程,,,400,
3431,南昌交通学院,,工程造价,,,388,
3431,南昌交通学院,,道路桥梁与渡河工程,,,391,
3431,南昌交通学院,,机器人工程,,,368,
3431,南昌交通学院,,机械电子工程,,,358,
3431,南昌交通学院,,材料成型及控制工程,,,382,
3431,南昌交通学院,,会计学,,,359,
3432,赣东学院,,英语,,,479,
3432,赣东学院,,网络工程,,,438,
3432,赣东学院,,测绘工程,,,436,
3433,南昌航空大学科技学院,,飞行器制造工程,,,421,
3433,南昌航空大学科技学院,,机械设计制造及其自动化(智能制造),,,424,
3433,南昌航空大学科技学院,,材料成型及控制工程,,,413,
3433,南昌航空大学科技学院,,焊接技术与工程(智能焊接技术),,,420,
3433,南昌航空大学科技学院,,金属材料工程,,,420,
3433,南昌航空大学科技学院,,土木工程,,,416,
3433,南昌航空大学科技学院,,测控技术与仪器,,,410,
3433,南昌航空大学科技学院,,自动化,,,419,
3433,南昌航空大学科技学院,,电子信息工程,,,419,
3433,南昌航空大学科技学院,,计算机科学与技术,,,427,
3433,南昌航空大学科技学院,,软件工程,,,427,
3433,南昌航空大学科技学院,,电子商务,,,413,
3433,南昌航空大学科技学院,,工商管理,,,416,
3433,南昌航空大学科技学院,,市场营销,,,410,
3433,南昌航空大学科技学院,,网络空间安全,,,412,
3434,赣南科技学院,,冶金工程,,,433,
3434,赣南科技学院,,材料成型及控制工程,,,434,
3434,赣南科技学院,,机械类(机械工程、机械电子工程),,,440,
3435,景德镇艺术职业大学,,机械设计制造及其自动化,,,369,
3435,景德镇艺术职业大学,,计算机科学与技术,,,377,
3436,江西农业大学南昌商学院,,数字经济,,,416,
3436,江西农业大学南昌商学院,,国际经济与贸易,,,415,
3436,江西农业大学南昌商学院,,日语,,,415,
3436,江西农业大学南昌商学院,,商务英语,,,431,
3436,江西农业大学南昌商学院,,广告学,,,438,
3436,江西农业大学南昌商学院,,电子信息工程,,,416,
3436,江西农业大学南昌商学院,,物联网工程,,,424,
3436,江西农业大学南昌商学院,,园林,,,421,
3436,江西农业大学南昌商学院,,工程管理,,,413,
3436,江西农业大学南昌商学院,,财务管理,,,415,
3436,江西农业大学南昌商学院,,人力资源管理,,,413,
3436,江西农业大学南昌商学院,,物流管理,,,418,
3436,江西农业大学南昌商学院,,电子商务,,,384,
3436,江西农业大学南昌商学院,,旅游管理,,,391,
3437,南昌医学院,,中医学,,,508,
3437,南昌医学院,,针灸推拿学,,,500,
3437,南昌医学院,,中西医临床医学,,,502,
3438,江西师范大学科学技术学院,,金融工程,,,411,
3438,江西师范大学科学技术学院,,物流管理,,,426,
3438,江西师范大学科学技术学院,,财务管理,,,419,
3438,江西师范大学科学技术学院,,计算机科学与技术(师范类),,,431,
3438,江西师范大学科学技术学院,,电子信息工程,,,417,
3441,江西财经大学现代经济管理学院,,会计学,,,436,
3441,江西财经大学现代经济管理学院,,财务管理,,,429,
3441,江西财经大学现代经济管理学院,,金融学,,,452,
3441,江西财经大学现代经济管理学院,,国际经济与贸易,,,422,
3441,江西财经大学现代经济管理学院,,电子商务,,,437,
3441,江西财经大学现代经济管理学院,,人力资源管理,,,429,
3441,江西财经大学现代经济管理学院,,工程造价,,,430,
3441,江西财经大学现代经济管理学院,,物流管理,,,426,
3441,江西财经大学现代经济管理学院,,市场营销,,,420,
3441,江西财经大学现代经济管理学院,,法学,,,430,
3441,江西财经大学现代经济管理学院,,计算机科学与技术,,,425,
3441,江西财经大学现代经济管理学院,,信息管理与信息系统,,,423,
3441,江西财经大学现代经济管理学院,,大数据管理与应用,,,417,
3441,江西财经大学现代经济管理学院,,旅游管理,,,416,
3469,厦门大学嘉庚学院,,国际经济与贸易,,,487,
3469,厦门大学嘉庚学院,,英语,,,486,
3469,厦门大学嘉庚学院,,新闻学,,,475,
3469,厦门大学嘉庚学院,,机械设计制造及其自动化,,,434,
3469,厦门大学嘉庚学院,,车辆工程,,,432,
3469,厦门大学嘉庚学院,,通信工程,,,443,
3469,厦门大学嘉庚学院,,光电信息科学与工程,,,437,
3469,厦门大学嘉庚学院,,自动化,,,432,
3469,厦门大学嘉庚学院,,软件工程,,,472,
3469,厦门大学嘉庚学院,,智能科学与技术,,,456,
3469,厦门大学嘉庚学院,,数据科学与大数据技术,,,461,
3469,厦门大学嘉庚学院,,土木工程,,,434,
3469,厦门大学嘉庚学院,,环境科学与工程,,,426,
3469,厦门大学嘉庚学院,,建筑学,,,474,
3469,厦门大学嘉庚学院,,工程管理,,,444,
3469,厦门大学嘉庚学院,,工程造价,,,463,
3469,厦门大学嘉庚学院,,国际商务,,,471,
3469,厦门大学嘉庚学院,,物流管理,,,439,
3469,厦门大学嘉庚学院,,电子商务,,,465,
3470,福州大学至诚学院,,电气工程及其自动化,,,426,
3470,福州大学至诚学院,,化学工程与工艺,,,416,
3470,福州大学至诚学院,,安全工程,,,406,
3470,福州大学至诚学院,,机械设计制造及其自动化,,,412,
3470,福州大学至诚学院,,计算机科学与技术,,,422,
3470,福州大学至诚学院,,工程管理,,,397,
3470,福州大学至诚学院,,电子信息工程,,,414,
3471,集美大学诚毅学院,,财政学,,,429,
3471,集美大学诚毅学院,,金融学,,,423,
3471,集美大学诚毅学院,,金融工程,,,424,
3471,集美大学诚毅学院,,国际经济与贸易,,,421,
3471,集美大学诚毅学院,,法学,,,473,
3471,集美大学诚毅学院,,机械工程,,,429,
3471,集美大学诚毅学院,,智能制造工程,,,430,
3471,集美大学诚毅学院,,电子信息工程,,,417,
3471,集美大学诚毅学院,,通信工程,,,425,
3471,集美大学诚毅学院,,自动化,,,413,
3471,集美大学诚毅学院,,计算机科学与技术,,,440,
3471,集美大学诚毅学院,,软件工程,,,432,
3471,集美大学诚毅学院,,物联网工程,,,432,
3471,集美大学诚毅学院,,数字媒体技术,,,439,
3471,集美大学诚毅学院,,数据科学与大数据技术,,,438,
3471,集美大学诚毅学院,,工程管理,,,426,
3471,集美大学诚毅学院,,工商管理,,,433,
3471,集美大学诚毅学院,,会计学,,,438,
3471,集美大学诚毅学院,,供应链管理,,,416,
3497,郑州财经学院,,会计学,,,427,
3497,郑州财经学院,,工商管理,,,436,
3514,兰州博文科技学院,,机械设计制造及其自动化,,,413,
3514,兰州博文科技学院,,电气工程及其自动化,,,410,
3514,兰州博文科技学院,,自动化,,,409,
3514,兰州博文科技学院,,土木工程,,,393,
3515,兰州信息科技学院,,机械设计制造及其自动化,,,407,
3515,兰州信息科技学院,,能源与动力工程,,,408,
3515,兰州信息科技学院,,电气工程及其自动化,,,408,
3515,兰州信息科技学院,,土木工程,,,394,
3515,兰州信息科技学院,,机器人工程,,,391,
3534,山西工学院,,电气工程及其自动化,,,455,
3534,山西工学院,,机械设计制造及其自动化,,,453,
3535,晋中信息学院,,计算机科学与技术,,,416,
3535,晋中信息学院,,网络工程,,,426,
3535,晋中信息学院,,软件工程,,,421,
3535,晋中信息学院,,机械设计制造及其自动化,,,417,
3535,晋中信息学院,,电气工程及其自动化,,,422,
3535,晋中信息学院,,动物医学,,,452,
3538,山西晋中理工学院,,车辆工程,,,416,
3538,山西晋中理工学院,,电气工程及其自动化,,,418,
3538,山西晋中理工学院,,工商管理,,,402,
3558,新疆理工学院,,金融学,,,415,
3558,新疆理工学院,,俄语,,,437,
3558,新疆理工学院,,计算机科学与技术,,,425,
3558,新疆理工学院,,土木工程,,,417,
3560,新疆第二医学院,,临床医学,,,494,
3560,新疆第二医学院,,口腔医学,,,500,
3560,新疆第二医学院,,中西医临床医学,,,484,
3560,新疆第二医学院,,医学检验技术,,,461,
3560,新疆第二医学院,,医学影像技术,,,462,
3560,新疆第二医学院,,护理学,,,472,
3560,新疆第二医学院,,信息管理与信息系统,,,426,
3560,新疆第二医学院,,麻醉学,,,492,
3561,新疆科技学院,,会计学,,,433,
3561,新疆科技学院,,财务管理,,,426,
3561,新疆科技学院,,金融学,,,427,
3561,新疆科技学院,,国际经济与贸易,,,424,
3561,新疆科技学院,,税收学,,,422,
3561,新疆科技学院,,人力资源管理,,,425,
3561,新疆科技学院,,市场营销,,,418,
3561,新疆科技学院,,电子商务,,,423,
3561,新疆科技学院,,旅游管理,,,420,
3561,新疆科技学院,,计算机科学与技术,,,433,
3561,新疆科技学院,,信息安全,,,431,
3561,新疆科技学院,,化学工程与工艺,,,424,
3561,新疆科技学院,,纺织工程,,,421,
3561,新疆科技学院,,轻化工程,,,420,
3569,西安交通工程学院,,机械设计制造及其自动化,,,420,
3569,西安交通工程学院,,车辆工程,,,423,
3569,西安交通工程学院,,电气工程及其自动化,,,418,
3571,无锡太湖学院,,金融学,,,431,
3571,无锡太湖学院,,财务管理,,,449,
3578,河北工程大学科信学院,,国际经济与贸易,,,431,
3578,河北工程大学科信学院,,英语,,,446,
3578,河北工程大学科信学院,,机械设计制造及其自动化,,,431,
3578,河北工程大学科信学院,,材料成型及控制工程,,,422,
3578,河北工程大学科信学院,,车辆工程,,,426,
3578,河北工程大学科信学院,,能源与动力工程,,,423,
3578,河北工程大学科信学院,,电气工程及其自动化,,,437,
3578,河北工程大学科信学院,,电子信息工程,,,427,
3578,河北工程大学科信学院,,通信工程,,,426,
3578,河北工程大学科信学院,,自动化,,,427,
3578,河北工程大学科信学院,,计算机科学与技术,,,438,
3578,河北工程大学科信学院,,土木工程,,,422,
3578,河北工程大学科信学院,,建筑环境与能源应用工程,,,419,
3578,河北工程大学科信学院,,给排水科学与工程,,,419,
3578,河北工程大学科信学院,,水利水电工程,,,427,
3578,河北工程大学科信学院,,交通工程,,,433,
3578,河北工程大学科信学院,,食品科学与工程,,,425,
3578,河北工程大学科信学院,,工程管理,,,421,
3578,河北工程大学科信学院,,会计学,,,438,
3579,中国矿业大学徐海学院,,电子信息类(电子科学与技术、信息工程),,,423,
3579,中国矿业大学徐海学院,,土木类(土木工程、建筑环境与能源应用工程),,,417,
3588,重庆外语外事学院,,翻译,,,438,
3588,重庆外语外事学院,,俄语,,,422,
3588,重庆外语外事学院,,法语,,,446,
3588,重庆外语外事学院,,德语,,,446,
3588,重庆外语外事学院,,日语,,,458,
3588,重庆外语外事学院,,阿拉伯语,,,339,
3589,重庆对外经贸学院,,数学与应用数学(师范类),,,470,
3592,燕山大学里仁学院,,工业工程,,,422,
3592,燕山大学里仁学院,,机械设计制造及其自动化,,,433,
3592,燕山大学里仁学院,,材料成型及控制工程,,,420,
3592,燕山大学里仁学院,,测控技术与仪器,,,419,
3592,燕山大学里仁学院,,电子科学与技术,,,429,
3592,燕山大学里仁学院,,土木工程,,,425,
3592,燕山大学里仁学院,,过程装备与控制工程,,,420,
3592,燕山大学里仁学院,,应用化学,,,421,
3593,石家庄铁道大学四方学院,,机械设计制造及其自动化,,,435,
3593,石家庄铁道大学四方学院,,电气工程及其自动化,,,445,
3593,石家庄铁道大学四方学院,,自动化,,,436,
3593,石家庄铁道大学四方学院,,土木工程,,,432,
3593,石家庄铁道大学四方学院,,工程管理,,,427,
3593,石家庄铁道大学四方学院,,工程造价,,,432,
3594,河北地质大学华信学院,,金融学类(金融学、保险学、互联网金融),,,417,
3594,河北地质大学华信学院,,计算机类(计算机科学与技术、软件工程、物联网工程),,,420,
3594,河北地质大学华信学院,,护理学,,,419,
3594,河北地质大学华信学院,,管理科学与工程类(信息管理与信息系统、工程管理、工程造价),,,413,
3594,河北地质大学华信学院,,工商管理类(会计学、财务管理),,,415,
3594,河北地质大学华信学院,,公共管理类(行政管理、劳动与社会保障),,,409,
3594,河北地质大学华信学院,,物流管理,,,421,
3596,华北理工大学冀唐学院,,临床医学,,,477,
3596,华北理工大学冀唐学院,,医学影像技术,,,428,
3596,华北理工大学冀唐学院,,药学,,,396,
3599,大连艺术学院,,日语,,,353,
3599,大连艺术学院,,文化产业管理,,,343,
3599,大连艺术学院,,电子商务,,,368,
3599,大连艺术学院,,旅游管理,,,347,
3599,大连艺术学院,,艺术教育,,,368,
3599,大连艺术学院,,跨境电子商务,,,356,
3600,长春光华学院,,英语,,,422,
3600,长春光华学院,,机械工程,,,405,
3600,长春光华学院,,机械设计制造及其自动化,,,394,
3600,长春光华学院,,电气工程及其自动化,,,412,
3600,长春光华学院,,电子信息工程,,,382,
3600,长春光华学院,,计算机科学与技术,,,394,
3600,长春光华学院,,物联网工程,,,338,
3600,长春光华学院,,数字媒体技术,,,394,
3600,长春光华学院,,经济学,,,391,
3600,长春光华学院,,商务英语,,,406,
3600,长春光华学院,,学前教育,,,412,
3600,长春光华学院,,汽车服务工程,,,342,
3600,长春光华学院,,财务管理,,,414,
3601,长春工业大学人文信息学院,,机械工程,,,410,
3601,长春工业大学人文信息学院,,机械设计制造及其自动化,,,396,
3601,长春工业大学人文信息学院,,智能制造工程,,,0,
3601,长春工业大学人文信息学院,,车辆工程,,,375,
3601,长春工业大学人文信息学院,,新能源汽车工程,,,406,
3601,长春工业大学人文信息学院,,电气工程及其自动化,,,404,
3601,长春工业大学人文信息学院,,轨道交通信号与控制,,,402,
3601,长春工业大学人文信息学院,,机器人工程,,,406,
3601,长春工业大学人文信息学院,,自动化,,,337,
3601,长春工业大学人文信息学院,,计算机科学与技术,,,399,
3601,长春工业大学人文信息学院,,数据科学与大数据技术,,,411,
3601,长春工业大学人文信息学院,,软件工程,,,416,
3601,长春工业大学人文信息学院,,电子信息工程,,,405,
3601,长春工业大学人文信息学院,,人工智能,,,396,
3601,长春工业大学人文信息学院,,制药工程,,,361,
3601,长春工业大学人文信息学院,,英语,,,383,
3601,长春工业大学人文信息学院,,商务英语,,,366,
3601,长春工业大学人文信息学院,,日语,,,385,
3601,长春工业大学人文信息学院,,电子商务,,,350,
3601,长春工业大学人文信息学院,,国际经济与贸易,,,393,
3601,长春工业大学人文信息学院,,市场营销,,,357,
3601,长春工业大学人文信息学院,,人力资源管理,,,427,
3601,长春工业大学人文信息学院,,工商管理,,,367,
3601,长春工业大学人文信息学院,,物流管理,,,337,
3601,长春工业大学人文信息学院,,工程造价,,,414,
3601,长春工业大学人文信息学院,,土木工程,,,350,
3601,长春工业大学人文信息学院,,工程管理,,,346,
3601,长春工业大学人文信息学院,,智能建造,,,379,
3601,长春工业大学人文信息学院,,会计学,,,422,
3601,长春工业大学人文信息学院,,财务管理,,,408,
3601,长春工业大学人文信息学院,,金融学,,,343,
3601,长春工业大学人文信息学院,,法学,,,385,
3602,长春电子科技学院,,光电信息科学与工程(理学学位),,,355,
3602,长春电子科技学院,,新能源科学与工程,,,339,
3602,长春电子科技学院,,电子科学与技术,,,0,
3602,长春电子科技学院,,光电信息科学与工程(工学学位),,,341,
3602,长春电子科技学院,,测控技术与仪器,,,0,
3602,长春电子科技学院,,电子信息工程,,,350,
3602,长春电子科技学院,,通信工程,,,344,
3602,长春电子科技学院,,自动化,,,371,
3602,长春电子科技学院,,电气工程及其自动化,,,388,
3602,长春电子科技学院,,电子信息科学与技术,,,407,
3602,长春电子科技学院,,轨道交通信号与控制,,,340,
3602,长春电子科技学院,,计算机科学与技术,,,379,
3602,长春电子科技学院,,软件工程,,,372,
3602,长春电子科技学院,,物联网工程,,,359,
3602,长春电子科技学院,,数据科学与大数据技术,,,367,
3602,长春电子科技学院,,机械设计制造及其自动化,,,340,
3602,长春电子科技学院,,机械电子工程,,,386,
3602,长春电子科技学院,,智能制造工程,,,0,
3603,长春财经学院,,经济学,,,401,
3603,长春财经学院,,经济统计学,,,353,
3603,长春财经学院,,税收学,,,405,
3603,长春财经学院,,金融学,,,412,
3603,长春财经学院,,金融工程,,,395,
3603,长春财经学院,,保险学,,,364,
3603,长春财经学院,,投资学,,,395,
3603,长春财经学院,,国际经济与贸易,,,368,
3603,长春财经学院,,法学,,,421,
3603,长春财经学院,,小学教育,,,432,
3603,长春财经学院,,汉语国际教育,,,415,
3603,长春财经学院,,英语,,,431,
3603,长春财经学院,,日语,,,419,
3603,长春财经学院,,网络与新媒体,,,432,
3603,长春财经学院,,人工智能,,,397,
3603,长春财经学院,,计算机科学与技术,,,421,
3603,长春财经学院,,物联网工程,,,404,
3603,长春财经学院,,数据科学与大数据技术,,,388,
3603,长春财经学院,,信息管理与信息系统,,,376,
3603,长春财经学院,,工商管理,,,385,
3603,长春财经学院,,市场营销,,,413,
3603,长春财经学院,,会计学,,,426,
3603,长春财经学院,,财务管理,,,425,
3603,长春财经学院,,国际商务,,,412,
3603,长春财经学院,,人力资源管理,,,418,
3603,长春财经学院,,审计学,,,424,
3603,长春财经学院,,物流管理,,,407,
3603,长春财经学院,,电子商务,,,414,
3603,长春财经学院,,跨境电子商务,,,423,
3603,长春财经学院,,旅游管理,,,337,
3604,吉林建筑科技学院,,建筑学,,,394,
3604,吉林建筑科技学院,,城乡规划,,,378,
3604,吉林建筑科技学院,,土木工程,,,405,
3604,吉林建筑科技学院,,城市地下空间工程,,,399,
3604,吉林建筑科技学院,,测绘工程,,,406,
3604,吉林建筑科技学院,,遥感科学与技术,,,413,
3604,吉林建筑科技学院,,交通工程,,,349,
3604,吉林建筑科技学院,,道路桥梁与渡河工程,,,388,
3604,吉林建筑科技学院,,交通设备与控制工程,,,367,
3604,吉林建筑科技学院,,建筑环境与能源应用工程,,,350,
3604,吉林建筑科技学院,,给排水科学与工程,,,340,
3604,吉林建筑科技学院,,能源与动力工程,,,0,
3604,吉林建筑科技学院,,安全工程,,,368,
3604,吉林建筑科技学院,,环境工程,,,393,
3604,吉林建筑科技学院,,新能源科学与工程,,,407,
3604,吉林建筑科技学院,,电气工程及其自动化,,,411,
3604,吉林建筑科技学院,,自动化,,,340,
3604,吉林建筑科技学院,,建筑电气与智能化,,,373,
3604,吉林建筑科技学院,,电子信息工程,,,406,
3604,吉林建筑科技学院,,机器人工程,,,381,
3604,吉林建筑科技学院,,计算机科学与技术,,,403,
3604,吉林建筑科技学院,,软件工程,,,416,
3604,吉林建筑科技学院,,物联网工程,,,395,
3604,吉林建筑科技学院,,数据科学与大数据技术,,,337,
3604,吉林建筑科技学院,,工程管理,,,337,
3604,吉林建筑科技学院,,工程造价,,,400,
3604,吉林建筑科技学院,,资产评估,,,400,
3604,吉林建筑科技学院,,审计学,,,375,
3604,吉林建筑科技学院,,风景园林,,,391,
3604,吉林建筑科技学院,,智能建造,,,372,
3605,长春建筑学院,,电气工程及其自动化,,,419,
3605,长春建筑学院,,电子信息工程,,,408,
3605,长春建筑学院,,通信工程,,,385,
3605,长春建筑学院,,自动化,,,413,
3605,长春建筑学院,,机器人工程,,,343,
3605,长春建筑学院,,计算机科学与技术,,,415,
3605,长春建筑学院,,信息安全,,,363,
3605,长春建筑学院,,物联网工程,,,356,
3605,长春建筑学院,,数字媒体技术,,,352,
3605,长春建筑学院,,数据科学与大数据技术,,,348,
3605,长春建筑学院,,土木工程,,,421,
3605,长春建筑学院,,建筑环境与能源应用工程,,,343,
3605,长春建筑学院,,建筑电气与智能化,,,397,
3605,长春建筑学院,,城市地下空间工程,,,0,
3605,长春建筑学院,,道路桥梁与渡河工程,,,377,
3605,长春建筑学院,,建筑学,,,407,
3605,长春建筑学院,,城乡规划,,,361,
3605,长春建筑学院,,风景园林,,,345,
3605,长春建筑学院,,安全工程,,,377,
3605,长春建筑学院,,工程管理,,,337,
3605,长春建筑学院,,房地产开发与管理,,,345,
3605,长春建筑学院,,工程造价,,,430,
3606,长春科技学院,,电子信息科学与技术,,,355,
3606,长春科技学院,,人工智能,,,388,
3606,长春科技学院,,自动化,,,403,
3606,长春科技学院,,轨道交通信号与控制,,,338,
3606,长春科技学院,,应用化学,,,383,
3606,长春科技学院,,生物工程,,,342,
3606,长春科技学院,,环境工程,,,366,
3606,长春科技学院,,中药学,,,389,
3606,长春科技学院,,动物科学,,,400,
3606,长春科技学院,,工程造价,,,377,
3606,长春科技学院,,中医学,,,403,
3606,长春科技学院,,建筑学,,,379,
3606,长春科技学院,,人力资源管理,,,373,
3606,长春科技学院,,财务管理,,,371,
3606,长春科技学院,,英语,,,417,
3606,长春科技学院,,工商管理类(工商管理、市场营销、资产评估),,,369,
3606,长春科技学院,,机械类(机械设计制造及其自动化、机械电子工程、车辆工程),,,386,
3606,长春科技学院,,金融学类(金融学、金融工程、保险学),,,340,
3606,长春科技学院,,计算机类(计算机科学与技术、网络工程、数据科学与大数据技术),,,349,
3606,长春科技学院,,少数民族预科班,,,410,
3607,吉林动画学院,,软件工程,,,403,
3607,吉林动画学院,,数字媒体技术,,,414,
3607,吉林动画学院,,数据科学与大数据技术,,,404,
3607,吉林动画学院,,虚拟现实技术,,,398,
3607,吉林动画学院,,飞行器制造工程,,,393,
3607,吉林动画学院,,飞行器动力工程,,,402,
3607,吉林动画学院,,飞行器控制与信息工程,,,403,
3607,吉林动画学院,,新媒体技术,,,397,
3609,辽宁中医药大学杏林学院,,中医学,,,398,
3609,辽宁中医药大学杏林学院,,中西医临床医学,,,410,
3609,辽宁中医药大学杏林学院,,针灸推拿学,,,388,
3609,辽宁中医药大学杏林学院,,康复治疗学,,,393,
3609,辽宁中医药大学杏林学院,,健康服务与管理,,,383,
3609,辽宁中医药大学杏林学院,,中药学,,,396,
3609,辽宁中医药大学杏林学院,,制药工程,,,399,
3609,辽宁中医药大学杏林学院,,药事管理,,,392,
3609,辽宁中医药大学杏林学院,,护理学,,,406,
3609,辽宁中医药大学杏林学院,,卫生检验与检疫,,,385,
3609,辽宁中医药大学杏林学院,,医学影像技术,,,409,
3609,辽宁中医药大学杏林学院,,口腔医学技术,,,415,
3610,辽宁何氏医学院,,临床医学,,,407,
3610,辽宁何氏医学院,,护理学,,,395,
3610,辽宁何氏医学院,,医学影像学,,,411,
3610,辽宁何氏医学院,,医学影像技术,,,399,
3610,辽宁何氏医学院,,眼视光医学,,,413,
3610,辽宁何氏医学院,,眼视光学,,,389,
3610,辽宁何氏医学院,,药学,,,382,
3610,辽宁何氏医学院,,药事管理,,,393,
3610,辽宁何氏医学院,,听力与言语康复学,,,357,
3610,辽宁何氏医学院,,生物医学工程,,,368,
3610,辽宁何氏医学院,,医学信息工程,,,374,
3610,辽宁何氏医学院,,智能医学工程,,,364,
3610,辽宁何氏医学院,,学前教育,,,393,
3615,合肥城市学院,,汽车服务工程,,,389,
3615,合肥城市学院,,工程审计,,,379,
3615,合肥城市学院,,安全工程,,,416,
3621,沈阳科技学院,,化学工程与工艺,,,360,
3621,沈阳科技学院,,制药工程,,,356,
3621,沈阳科技学院,,应用化学,,,348,
3621,沈阳科技学院,,机械类(机械设计制造及其自动化、过程装备与控制工程、工业设计、汽车服务工程),,,344,
3621,沈阳科技学院,,机器人工程,,,341,
3621,沈阳科技学院,,智能制造工程,,,348,
3621,沈阳科技学院,,计算机科学与技术,,,350,
3621,沈阳科技学院,,智能科学与技术,,,346,
3621,沈阳科技学院,,电气工程及其自动化,,,355,
3621,沈阳科技学院,,物联网工程,,,360,
3621,沈阳科技学院,,生物工程,,,348,
3621,沈阳科技学院,,会计学,,,347,
3621,沈阳科技学院,,工商管理,,,349,
3621,沈阳科技学院,,金融学,,,336,
3622,吉林师范大学博达学院,,小学教育(师范类),,,444,
3622,吉林师范大学博达学院,,学前教育(师范类),,,418,
3622,吉林师范大学博达学院,,汉语言文学(师范类),,,435,
3622,吉林师范大学博达学院,,英语(师范类),,,435,
3622,吉林师范大学博达学院,,地理科学(师范类),,,434,
3622,吉林师范大学博达学院,,财务管理,,,404,
3622,吉林师范大学博达学院,,数学与应用数学(师范类),,,431,
3622,吉林师范大学博达学院,,信息工程,,,389,
3622,吉林师范大学博达学院,,电子信息工程,,,413,
3622,吉林师范大学博达学院,,软件工程,,,427,
3622,吉林师范大学博达学院,,数字媒体技术,,,375,
3622,吉林师范大学博达学院,,食品科学与工程,,,337,
3622,吉林师范大学博达学院,,食品质量与安全,,,359,
3622,吉林师范大学博达学院,,数据科学与大数据技术,,,405,
3623,长春大学旅游学院,,旅游管理,,,369,
3623,长春大学旅游学院,,酒店管理,,,354,
3623,长春大学旅游学院,,文化产业管理,,,349,
3623,长春大学旅游学院,,金融学,,,358,
3623,长春大学旅游学院,,国际经济与贸易,,,0,
3623,长春大学旅游学院,,市场营销,,,407,
3623,长春大学旅游学院,,会计学,,,391,
3623,长春大学旅游学院,,财务管理,,,373,
3623,长春大学旅游学院,,人力资源管理,,,377,
3623,长春大学旅游学院,,物流管理,,,351,
3623,长春大学旅游学院,,电子商务,,,384,
3623,长春大学旅游学院,,英语,,,430,
3623,长春大学旅游学院,,日语,,,375,
3623,长春大学旅游学院,,俄语,,,0,
3623,长春大学旅游学院,,汉语国际教育,,,362,
3623,长春大学旅游学院,,土木工程,,,359,
3623,长春大学旅游学院,,工程造价,,,345,
3623,长春大学旅游学院,,工程管理,,,340,
3623,长春大学旅游学院,,网络工程,,,348,
3623,长春大学旅游学院,,物联网工程,,,370,
3623,长春大学旅游学院,,数据科学与大数据技术,,,342,
3623,长春大学旅游学院,,人工智能,,,337,
3625,昆明文理学院,,工程造价,,,389,
3625,昆明文理学院,,经济学,,,389,
3625,昆明文理学院,,数学与应用数学,,,405,
3626,昆明理工大学津桥学院,,计算机科学与技术,,,425,
3626,昆明理工大学津桥学院,,电气工程及其自动化,,,404,
3626,昆明理工大学津桥学院,,通信工程,,,408,
3626,昆明理工大学津桥学院,,自动化,,,412,
3626,昆明理工大学津桥学院,,软件工程,,,443,
3626,昆明理工大学津桥学院,,物联网工程,,,414,
3626,昆明理工大学津桥学院,,水利水电工程,,,402,
3626,昆明理工大学津桥学院,,工程造价,,,436,
3626,昆明理工大学津桥学院,,工程管理,,,409,
3626,昆明理工大学津桥学院,,测绘工程,,,398,
3626,昆明理工大学津桥学院,,交通运输,,,392,
3626,昆明理工大学津桥学院,,工商管理,,,400,
3626,昆明理工大学津桥学院,,国际经济与贸易,,,401,
3626,昆明理工大学津桥学院,,会计学,,,411,
3626,昆明理工大学津桥学院,,市场营销,,,390,
3626,昆明理工大学津桥学院,,物流管理,,,392,
3626,昆明理工大学津桥学院,,英语,,,427,
3626,昆明理工大学津桥学院,,学前教育,,,391,
3626,昆明理工大学津桥学院,,法学,,,417,
3627,重庆移通学院,,电子信息类(通信工程、人工智能、电信工程及管理、电子信息工程、电子信息科学与技术),,,424,
3627,重庆移通学院,,电气工程及其自动化(中外合作办学),,,411,
3628,新疆政法学院,,国际经济与贸易,,,421,
3628,新疆政法学院,,法学,,,476,
3628,新疆政法学院,,英语,,,416,
3628,新疆政法学院,,计算机科学与技术,,,419,
3628,新疆政法学院,,工商管理,,,410,
3628,新疆政法学院,,公共事业管理,,,414,
3631,大连东软信息学院,,计算机科学与技术,,,419,
3631,大连东软信息学院,,网络工程,,,415,
3631,大连东软信息学院,,物联网工程,,,408,
3631,大连东软信息学院,,软件工程,,,420,
3631,大连东软信息学院,,信息管理与信息系统,,,396,
3631,大连东软信息学院,,财务管理,,,407,
3631,大连东软信息学院,,电子商务,,,410,
3631,大连东软信息学院,,物流工程,,,398,
3631,大连东软信息学院,,集成电路设计与集成系统,,,387,
3631,大连东软信息学院,,电子信息工程,,,411,
3631,大连东软信息学院,,微电子科学与工程,,,396,
3631,大连东软信息学院,,智能科学与技术,,,393,
3631,大连东软信息学院,,通信工程,,,410,
3631,大连东软信息学院,,日语,,,418,
3631,大连东软信息学院,,数字媒体技术,,,398,
3631,大连东软信息学院,,数据科学与大数据技术,,,432,
3631,大连东软信息学院,,健康服务与管理,,,388,
3631,大连东软信息学院,,医学影像技术,,,405,
3631,大连东软信息学院,,智能医学工程,,,406,
3631,大连东软信息学院,,医疗产品管理,,,392,
3631,大连东软信息学院,,人工智能,,,418,
3631,大连东软信息学院,,机器人工程,,,412,
3631,大连东软信息学院,,医学信息工程,,,396,
3631,大连东软信息学院,,大数据管理与应用,,,422,
3631,大连东软信息学院,,虚拟现实技术,,,389,
3631,大连东软信息学院,,商务英语,,,427,
3631,大连东软信息学院,,人力资源管理,,,418,
3632,上海视觉艺术学院,,文化产业管理,,,504,
3634,武汉学院,,管理科学与工程类(供应链管理、工程管理),,,410,
3635,长沙理工大学城南学院,,机械设计制造及其自动化,,,431,
3635,长沙理工大学城南学院,,电气工程及其自动化,,,439,
3635,长沙理工大学城南学院,,通信工程,,,434,
3635,长沙理工大学城南学院,,自动化,,,430,
3635,长沙理工大学城南学院,,土木工程,,,427,
3636,上海外国语大学贤达经济人文学院,,英语,,,470,
3636,上海外国语大学贤达经济人文学院,,国际经济与贸易,,,475,
3636,上海外国语大学贤达经济人文学院,,会计学,,,448,
3636,上海外国语大学贤达经济人文学院,,新闻学(新媒体方向),,,459,
3636,上海外国语大学贤达经济人文学院,,广告学,,,477,
3639,柳州工学院,,机械类(机械工程、机械设计制造及其自动化、材料成型及控制工程),,,405,
3639,柳州工学院,,电子信息工程,,,395,
3639,柳州工学院,,土木工程,,,399,
3639,柳州工学院,,车辆工程,,,393,
3639,柳州工学院,,汽车服务工程,,,382,
3643,广西中医药大学赛恩斯新医药学院,,中医学,,,438,
3643,广西中医药大学赛恩斯新医药学院,,针灸推拿学,,,416,
3643,广西中医药大学赛恩斯新医药学院,,医学影像技术,,,419,
3644,桂林信息科技学院,,通信工程,,,400,
3644,桂林信息科技学院,,自动化,,,389,
3644,桂林信息科技学院,,机械设计制造及其自动化,,,380,
3644,桂林信息科技学院,,电气工程及其自动化,,,400,
3645,南宁理工学院,,通信工程,,,418,
3645,南宁理工学院,,网络工程,,,382,
3648,贵州黔南经济学院,,金融学,,,397,
3650,贵阳信息科技学院,,机械设计制造及其自动化,,,409,
3650,贵阳信息科技学院,,工业工程,,,393,
3654,南京理工大学紫金学院,,机器人工程,,,445,
3654,南京理工大学紫金学院,,通信工程,,,476,
3654,南京理工大学紫金学院,,人工智能,,,467,
3654,南京理工大学紫金学院,,计算机科学与技术,,,450,
3654,南京理工大学紫金学院,,软件工程,,,447,
3655,南京航空航天大学金城学院,,会计学,,,463,
3655,南京航空航天大学金城学院,,工业设计,,,444,
3656,广州华立学院,,电气工程及其自动化,,,386,
3656,广州华立学院,,计算机科学与技术,,,392,
3658,天津外国语大学滨海外事学院,,英语,,,459,
3658,天津外国语大学滨海外事学院,,国际经济与贸易,,,435,
3660,天津商业大学宝德学院,,英语,,,431,
3660,天津商业大学宝德学院,,商务英语,,,434,
3660,天津商业大学宝德学院,,日语,,,435,
3660,天津商业大学宝德学院,,金融学类(金融学、国际经济与贸易、电子商务),,,456,
3660,天津商业大学宝德学院,,工商管理类(工商系)(工商管理、市场营销、人力资源管理、物流管理、酒店管理),,,430,
3660,天津商业大学宝德学院,,工商管理类(会计系)(会计学、财务管理、审计学),,,435,
3661,天津医科大学临床医学院,,临床医学,,,485,
3661,天津医科大学临床医学院,,口腔医学,,,512,
3661,天津医科大学临床医学院,,药学,,,450,
3661,天津医科大学临床医学院,,护理学,,,453,
3661,天津医科大学临床医学院,,眼视光学,,,451,
3661,天津医科大学临床医学院,,医学检验技术,,,451,
3661,天津医科大学临床医学院,,医学影像技术,,,459,
3661,天津医科大学临床医学院,,康复治疗学,,,465,
3661,天津医科大学临床医学院,,健康服务与管理,,,447,
3662,长春人文学院,,英语,,,419,
3662,长春人文学院,,翻译,,,415,
3662,长春人文学院,,日语,,,386,
3662,长春人文学院,,俄语,,,0,
3662,长春人文学院,,金融学,,,409,
3662,长春人文学院,,学前教育,,,423,
3662,长春人文学院,,康复治疗学,,,384,
3662,长春人文学院,,汉语国际教育,,,383,
3662,长春人文学院,,法学,,,384,
3662,长春人文学院,,计算机科学与技术,,,420,
3662,长春人文学院,,数据科学与大数据技术,,,363,
3662,长春人文学院,,数字媒体技术,,,400,
3662,长春人文学院,,数学与应用数学,,,341,
3662,长春人文学院,,电气工程及其自动化,,,406,
3662,长春人文学院,,会计学,,,409,
3665,电子科技大学成都学院,,电子信息类(电子信息工程、通信工程、集成电路设计与集成系统、电子科学与技术、微电子科学与工程),,,434,
3665,电子科技大学成都学院,,机器人工程,,,430,
3665,电子科技大学成都学院,,智能科学与技术,,,430,
3665,电子科技大学成都学院,,计算机科学与技术,,,443,
3665,电子科技大学成都学院,,网络工程,,,467,
3665,电子科技大学成都学院,,人工智能,,,440,
3665,电子科技大学成都学院,,软件工程,,,442,
3665,电子科技大学成都学院,,数据科学与大数据技术,,,443,
3668,成都理工大学工程技术学院,,核工程与核技术,,,422,
3668,成都理工大学工程技术学院,,能源与动力工程,,,419,
3668,成都理工大学工程技术学院,,土木工程,,,418,
3668,成都理工大学工程技术学院,,自动化,,,424,
3668,成都理工大学工程技术学院,,电气工程及其自动化,,,428,
3668,成都理工大学工程技术学院,,软件工程,,,431,
3668,成都理工大学工程技术学院,,会计学,,,423,
3668,成都理工大学工程技术学院,,工商管理,,,419,
3668,成都理工大学工程技术学院,,电子商务,,,430,
3670,成都银杏酒店管理学院,,旅游管理类(旅游管理、酒店管理、会展经济与管理、旅游管理与服务教育),,,402,
3673,四川外国语大学成都学院,,俄语,,,414,
3673,四川外国语大学成都学院,,德语,,,456,
3673,四川外国语大学成都学院,,学前教育,,,423,
3673,四川外国语大学成都学院,,网络与新媒体,,,455,
3673,四川外国语大学成都学院,,国际经济与贸易,,,463,
3673,四川外国语大学成都学院,,财务管理,,,427,
3673,四川外国语大学成都学院,,汉语言文学,,,458,
3673,四川外国语大学成都学院,,商务英语,,,465,
3673,四川外国语大学成都学院,,日语,,,441,
3675,北京理工大学珠海学院,,智能科学与技术(国际班),,,431,
3675,北京理工大学珠海学院,,计算机类(计算机科学与技术、软件工程、网络工程),,,467,
3675,北京理工大学珠海学院,,机械类(机械设计制造及其自动化、机械电子工程、车辆工程),,,411,
3675,北京理工大学珠海学院,,食品科学与工程,,,436,
3675,北京理工大学珠海学院,,交通运输,,,421,
3675,北京理工大学珠海学院,,金融工程,,,449,
3677,西安交通大学城市学院,,经济学类(财政学、金融学),,,433,
3677,西安交通大学城市学院,,机械类(机械设计制造及其自动化、机器人工程),,,425,
3677,西安交通大学城市学院,,土木类(土木工程、建筑环境与能源应用工程),,,416,
3677,西安交通大学城市学院,,电气类(电气工程及其自动化、自动化),,,429,
3677,西安交通大学城市学院,,计算机类(计算机科学与技术、软件工程、网络工程、物联网工程),,,428,
3677,西安交通大学城市学院,,工商管理类(工商管理、市场营销、会计学、财务管理、人力资源管理、物流管理),,,452,
3679,西安建筑科技大学华清学院,,建筑学,,,416,
3679,西安建筑科技大学华清学院,,风景园林,,,412,
3679,西安建筑科技大学华清学院,,土木工程,,,417,
3682,西安工商学院,,计算机科学与技术,,,412,
3682,西安工商学院,,会计学,,,407,
3684,珠海科技学院,,金融学,,,438,
3684,珠海科技学院,,机械设计制造及其自动化,,,424,
3684,珠海科技学院,,通信工程,,,438,
3684,珠海科技学院,,计算机科学与技术,,,455,
3684,珠海科技学院,,智能科学与技术,,,424,
3684,珠海科技学院,,药物分析,,,385,
3684,珠海科技学院,,数据科学与大数据技术,,,432,
3691,山西工商学院,,会计学,,,416,
3705,成都医学院,,临床医学,,,568,
3706,吉林医药学院,,临床医学,,,521,
3706,吉林医药学院,,医学影像学,,,518,
3706,吉林医药学院,,预防医学,,,493,
3706,吉林医药学院,,药学,,,502,
3706,吉林医药学院,,药物制剂,,,500,
3706,吉林医药学院,,医学检验技术,,,504,
3706,吉林医药学院,,医学影像技术,,,502,
3706,吉林医药学院,,康复治疗学,,,499,
3706,吉林医药学院,,口腔医学技术,,,509,
3706,吉林医药学院,,卫生检验与检疫,,,481,
3706,吉林医药学院,,护理学,,,503,
3706,吉林医药学院,,生物技术,,,499,
3706,吉林医药学院,,应用心理学,,,496,
3706,吉林医药学院,,生物医学工程,,,504,
3706,吉林医药学院,,生物制药,,,500,
3706,吉林医药学院,,生物制药(中外合作办学),,,423,
3706,吉林医药学院,,信息管理与信息系统,,,503,
3706,吉林医药学院,,公共事业管理,,,462,
3706,吉林医药学院,,健康服务与管理,,,494,
3714,广州工商学院,,软件工程,,,379,
3714,广州工商学院,,数据科学与大数据技术,,,377,
3738,西安汽车职业大学,,汽车工程技术,,,390,
3762,福州外语外贸学院,,会计学,,,406,
3762,福州外语外贸学院,,财务管理,,,401,
3762,福州外语外贸学院,,审计学,,,404,
3762,福州外语外贸学院,,金融学,,,401,
3762,福州外语外贸学院,,投资学,,,364,
3762,福州外语外贸学院,,资产评估,,,370,
3762,福州外语外贸学院,,电子商务,,,388,
3762,福州外语外贸学院,,数据科学与大数据技术,,,383,
3762,福州外语外贸学院,,大数据管理与应用,,,373,
3762,福州外语外贸学院,,智能建造,,,385,
3762,福州外语外贸学院,,英语,,,417,
3762,福州外语外贸学院,,翻译,,,403,
3763,福建江夏学院,,金融学,,,430,
3763,福建江夏学院,,国际经济与贸易,,,429,
3766,泉州信息工程学院,,电子信息工程,,,421,
3766,泉州信息工程学院,,通信工程,,,414,
3766,泉州信息工程学院,,人工智能,,,417,
3766,泉州信息工程学院,,机械设计制造及其自动化,,,394,
3766,泉州信息工程学院,,电气工程及其自动化,,,410,
3766,泉州信息工程学院,,软件工程,,,411,
3766,泉州信息工程学院,,物联网工程,,,414,
3766,泉州信息工程学院,,网络工程,,,413,
3766,泉州信息工程学院,,土木工程,,,405,
3766,泉州信息工程学院,,工程造价,,,411,
3766,泉州信息工程学院,,工程管理,,,394,
3806,长沙师范学院,,物联网工程,,,475,
3806,长沙师范学院,,电子商务,,,481,
3811,琼台师范学院,,软件工程,,,491,
3811,琼台师范学院,,计算机科学与技术,,,490,
3811,琼台师范学院,,数学与应用数学(师范类),,,528,
3816,四川工业科技学院,,电子信息类(电子信息工程、人工智能),,,420,
3830,广西外国语学院,,英语,,,408,
3830,广西外国语学院,,法语,,,344,
3830,广西外国语学院,,翻译,,,400,
3830,广西外国语学院,,德语,,,402,
3830,广西外国语学院,,国际经济与贸易,,,385,
3830,广西外国语学院,,人力资源管理,,,387,
3830,广西外国语学院,,财务管理,,,381,
3842,南京理工大学泰州科技学院,,机械电子工程,,,431,
3842,南京理工大学泰州科技学院,,自动化,,,437,
3842,南京理工大学泰州科技学院,,会计学,,,433,
3842,南京理工大学泰州科技学院,,审计学,,,435,
3844,东莞城市学院,,软件工程,,,407,
3844,东莞城市学院,,机械设计制造及其自动化,,,406,
3891,保定理工学院,,经济学,,,408,
3891,保定理工学院,,英语,,,419,
3891,保定理工学院,,地质学,,,395,
3891,保定理工学院,,机械设计制造及其自动化,,,391,
3891,保定理工学院,,电气工程及其自动化,,,409,
3891,保定理工学院,,土木工程,,,417,
3891,保定理工学院,,信息管理与信息系统,,,392,
3891,保定理工学院,,工程管理,,,390,
3891,保定理工学院,,会计学,,,412,
3891,保定理工学院,,财务管理,,,397,
3891,保定理工学院,,电子信息工程,,,387,
3891,保定理工学院,,物联网工程,,,402,
3891,保定理工学院,,工程造价,,,422,
3891,保定理工学院,,电子商务及法律,,,425,
3891,保定理工学院,,计算机科学与技术,,,412,
3891,保定理工学院,,金融工程,,,398,
3891,保定理工学院,,人力资源管理,,,404,
3891,保定理工学院,,学前教育,,,399,
3891,保定理工学院,,小学教育,,,415,
3892,三亚学院,,应用心理学,,,398,
3892,三亚学院,,经济与金融,,,409,
3892,三亚学院,,工程管理,,,406,
3892,三亚学院,,旅游管理,,,437,
3892,三亚学院,,软件工程,,,454,
3892,三亚学院,,智能科学与技术,,,420,
3892,三亚学院,,数据科学与大数据技术,,,421,
3892,三亚学院,,康复治疗学,,,387,
3892,三亚学院,,护理学,,,412,
3892,三亚学院,,工商管理(国际产能合作服务),,,397,
3892,三亚学院,,风景园林(与上海交通大学联合培养),,,410,
3892,三亚学院,,国际经济与贸易(中外合作办学),,,405,
3892,三亚学院,,金融科技,,,403,
3894,西安明德理工学院,,计算机科学与技术,,,408,
3894,西安明德理工学院,,电子商务,,,393,
3894,西安明德理工学院,,通信工程,,,403,
3894,西安明德理工学院,,机械设计制造及其自动化,,,389,
3894,西安明德理工学院,,电气工程及其自动化,,,406,
3894,西安明德理工学院,,会计学,,,406,
3895,燕京理工学院,,制药工程,,,430,
3895,燕京理工学院,,环境工程,,,394,
3895,燕京理工学院,,土木工程,,,422,
3895,燕京理工学院,,工程造价,,,429,
3895,燕京理工学院,,通信工程,,,445,
3895,燕京理工学院,,数据科学与大数据技术,,,428,
3895,燕京理工学院,,金融学,,,426,
3895,燕京理工学院,,工商管理,,,416,
3895,燕京理工学院,,财务管理,,,433,
3895,燕京理工学院,,人力资源管理,,,407,
3895,燕京理工学院,,物流管理,,,434,
3895,燕京理工学院,,大数据管理与应用,,,439,
3895,燕京理工学院,,会计学,,,435,
3895,燕京理工学院,,法学,,,430,
3895,燕京理工学院,,学前教育,,,426,
3897,天津理工大学中环信息学院,,自动化,,,427,
3897,天津理工大学中环信息学院,,电气工程及其自动化,,,428,
3897,天津理工大学中环信息学院,,电气工程及其自动化(电力系统及其自动化方向),,,430,
3897,天津理工大学中环信息学院,,电气工程与智能控制,,,428,
3897,天津理工大学中环信息学院,,智能电网信息工程,,,427,
3897,天津理工大学中环信息学院,,机械设计制造及其自动化,,,419,
3897,天津理工大学中环信息学院,,机械电子工程,,,417,
3897,天津理工大学中环信息学院,,材料成型及控制工程(模具设计制造及自动化方向),,,418,
3897,天津理工大学中环信息学院,,机器人工程,,,430,
3897,天津理工大学中环信息学院,,电子信息科学与技术,,,424,
3897,天津理工大学中环信息学院,,电子信息工程,,,423,
3897,天津理工大学中环信息学院,,通信工程,,,422,
3897,天津理工大学中环信息学院,,物联网工程,,,421,
3897,天津理工大学中环信息学院,,人工智能,,,426,
3897,天津理工大学中环信息学院,,计算机科学与技术,,,431,
3897,天津理工大学中环信息学院,,软件工程,,,430,
3897,天津理工大学中环信息学院,,数字媒体技术,,,435,
3897,天津理工大学中环信息学院,,数据科学与大数据技术,,,425,
3897,天津理工大学中环信息学院,,工程管理,,,441,
3898,北京科技大学天津学院,,材料科学与工程(纳米材料应用),,,425,
3898,北京科技大学天津学院,,机械工程(机器人应用),,,426,
3898,北京科技大学天津学院,,无人驾驶航空器系统工程,,,439,
3899,北京中医药大学东方学院,,中医学,,,451,
3899,北京中医药大学东方学院,,针灸推拿学,,,422,
3899,北京中医药大学东方学院,,中西医临床医学,,,441,
3899,北京中医药大学东方学院,,中药学,,,406,
3899,北京中医药大学东方学院,,中药制药,,,389,
3899,北京中医药大学东方学院,,医学检验技术,,,425,
3899,北京中医药大学东方学院,,护理学,,,452,
3899,北京中医药大学东方学院,,工商管理,,,398,
3899,北京中医药大学东方学院,,市场营销,,,421,
3899,北京中医药大学东方学院,,公共事业管理,,,368,
3899,北京中医药大学东方学院,,健康服务与管理,,,430,
3900,辽宁财贸学院,,金融工程,,,336,
3900,辽宁财贸学院,,互联网金融,,,337,
3900,辽宁财贸学院,,国际经济与贸易,,,339,
3900,辽宁财贸学院,,信息管理与信息系统,,,336,
3900,辽宁财贸学院,,会计学,,,353,
3900,辽宁财贸学院,,财务管理,,,336,
3900,辽宁财贸学院,,审计学,,,338,
3902,广州新华学院,,法学,,,426,
3902,广州新华学院,,电子商务,,,362,
3902,广州新华学院,,会计学,,,402,
3902,广州新华学院,,审计学,,,373,
3902,广州新华学院,,国际经济与贸易,,,385,
3902,广州新华学院,,经济统计学,,,358,
3902,广州新华学院,,金融工程,,,395,
3902,广州新华学院,,数字媒体技术,,,407,
3902,广州新华学院,,软件工程,,,399,
3902,广州新华学院,,计算机科学与技术,,,412,
3903,成都锦城学院,,网络与新媒体,,,453,
3903,成都锦城学院,,智能科学与技术,,,423,
3903,成都锦城学院,,物联网工程,,,429,
3903,成都锦城学院,,电子信息类(电子信息工程、电子信息科学与技术),,,421,
3904,北京工业大学耿丹学院,,电子信息类(电子信息工程、通信工程),,,389,
3904,北京工业大学耿丹学院,,计算机类(计算机科学与技术、物联网工程),,,392,
3904,北京工业大学耿丹学院,,财务管理,,,381,
3904,北京工业大学耿丹学院,,金融工程,,,406,
3904,北京工业大学耿丹学院,,机械设计制造及其自动化(机器人方向),,,412,
3904,北京工业大学耿丹学院,,应用心理学,,,414,
3905,南京工业大学浦江学院,,机械工程,,,426,
3905,南京工业大学浦江学院,,汽车服务工程,,,443,
3905,南京工业大学浦江学院,,通信工程,,,438,
3905,南京工业大学浦江学院,,计算机科学与技术(嵌入式培养),,,437,
3905,南京工业大学浦江学院,,工程管理,,,426,
3905,南京工业大学浦江学院,,工业工程,,,427,
3957,辽宁传媒学院,,汉语言文学,,,397,
3957,辽宁传媒学院,,新闻学,,,385,
3957,辽宁传媒学院,,广播电视学,,,390,
3957,辽宁传媒学院,,广告学,,,388,
3957,辽宁传媒学院,,传播学,,,383,
3957,辽宁传媒学院,,编辑出版学,,,373,
3957,辽宁传媒学院,,网络与新媒体,,,403,
3957,辽宁传媒学院,,数字出版,,,362,
3957,辽宁传媒学院,,数字媒体技术,,,380,
3957,辽宁传媒学院,,风景园林,,,364,
3957,辽宁传媒学院,,工程造价,,,369,
3957,辽宁传媒学院,,大数据管理与应用,,,374,
3957,辽宁传媒学院,,国际商务,,,360,
3957,辽宁传媒学院,,文化产业管理,,,394,
3957,辽宁传媒学院,,信息资源管理,,,370,
3957,辽宁传媒学院,,电子商务及法律,,,376,
3957,辽宁传媒学院,,会展经济与管理,,,363,
3980,南京医科大学康达学院,,临床医学(全科医学),,,486,
3980,南京医科大学康达学院,,预防医学,,,438,
3982,无锡学院,,计算机科学与技术,,,508,
3982,无锡学院,,软件工程,,,501,
3982,无锡学院,,电子信息工程,,,513,
3982,无锡学院,,人工智能,,,500,
3982,无锡学院,,大气科学,,,510,
3987,扬州大学广陵学院,,机械设计制造及其自动化,,,428,
3987,扬州大学广陵学院,,软件工程,,,435,
3987,扬州大学广陵学院,,电气工程及其自动化,,,432,
3987,扬州大学广陵学院,,建筑环境与能源应用工程,,,424,
3987,扬州大学广陵学院,,水利水电工程,,,425,
3987,扬州大学广陵学院,,土木工程,,,426,
3989,南京邮电大学通达学院,,自动化,,,432,
3989,南京邮电大学通达学院,,软件工程,,,458,
3989,南京邮电大学通达学院,,数字媒体技术,,,450,
3989,南京邮电大学通达学院,,通信工程,,,457,
3989,南京邮电大学通达学院,,电子科学与技术,,,447,
3990,南京财经大学红山学院,,审计学,,,434,
3990,南京财经大学红山学院,,人力资源管理,,,433,
3990,南京财经大学红山学院,,工商管理,,,433,
3990,南京财经大学红山学院,,财务管理,,,435,
3991,江苏科技大学苏州理工学院,,船舶与海洋工程,,,427,
3991,江苏科技大学苏州理工学院,,能源与动力工程,,,434,
3991,江苏科技大学苏州理工学院,,软件工程,,,439,
3991,江苏科技大学苏州理工学院,,新能源材料与器件,,,456,
3991,江苏科技大学苏州理工学院,,国际经济与贸易,,,428,
3991,江苏科技大学苏州理工学院,,工商管理,,,442,
3994,南京审计大学金审学院,,审计学,,,520,
3994,南京审计大学金审学院,,会计学,,,503,
3994,南京审计大学金审学院,,财务管理,,,512,
3994,南京审计大学金审学院,,金融学,,,498,
3994,南京审计大学金审学院,,行政管理,,,495,
3994,南京审计大学金审学院,,计算机科学与技术(嵌入式培养),,,510,
3994,南京审计大学金审学院,,信息管理与信息系统,,,500,
3995,青岛工学院,,机械设计制造及其自动化,,,413,
3995,青岛工学院,,自动化,,,412,
3995,青岛工学院,,能源与动力工程,,,409,
3995,青岛工学院,,计算机科学与技术,,,403,
3995,青岛工学院,,电子信息工程,,,418,
3995,青岛工学院,,软件工程,,,432,
3995,青岛工学院,,数字媒体技术,,,418,
3995,青岛工学院,,信息安全,,,407,
3995,青岛工学院,,土木工程,,,405,
3995,青岛工学院,,食品科学与工程,,,426,
3995,青岛工学院,,化学工程与工业生物工程,,,388,
3995,青岛工学院,,英语,,,432,
3995,青岛工学院,,工商管理,,,410,
3995,青岛工学院,,审计学,,,426,
3995,青岛工学院,,汉语言文学,,,434,
3995,青岛工学院,,人工智能,,,403,
3997,青岛农业大学海都学院,,财务管理,,,421,
3997,青岛农业大学海都学院,,电气工程及其自动化,,,432,
3997,青岛农业大学海都学院,,动物医学,,,435,
3997,青岛农业大学海都学院,,国际经济与贸易,,,421,
3997,青岛农业大学海都学院,,机械设计制造及其自动化,,,425,
3997,青岛农业大学海都学院,,园林,,,426,
3997,青岛农业大学海都学院,,食品科学与工程,,,430,
3997,青岛农业大学海都学院,,食品质量与安全,,,439,
3997,青岛农业大学海都学院,,土木工程,,,428,
3998,齐鲁理工学院,,机械设计制造及其自动化,,,409,
3998,齐鲁理工学院,,土木工程,,,402,
3998,齐鲁理工学院,,工程造价,,,394,
3998,齐鲁理工学院,,计算机科学与技术,,,423,
3998,齐鲁理工学院,,贸易经济,,,354,
3998,齐鲁理工学院,,会计学,,,421,
3998,齐鲁理工学院,,护理学,,,406,
3998,齐鲁理工学院,,医学影像技术,,,397,
3998,齐鲁理工学院,,医学检验技术,,,397,
3998,齐鲁理工学院,,学前教育(师范类),,,427,
3999,山东财经大学东方学院,,会计学,,,433,
3999,山东财经大学东方学院,,金融学,,,425,
3999,山东财经大学东方学院,,国际经济与贸易,,,408,
3999,山东财经大学东方学院,,电子商务,,,411,
3999,山东财经大学东方学院,,数据科学与大数据技术,,,408,
4002,烟台科技学院,,软件工程,,,425,
4002,烟台科技学院,,电气工程及其自动化,,,425,
4037,西南财经大学天府学院,,会计学,,,453,
4038,天津仁爱学院,,英语,,,428,
4038,天津仁爱学院,,机械设计制造及其自动化,,,414,
4038,天津仁爱学院,,自动化,,,419,
4038,天津仁爱学院,,电子信息工程,,,427,
4038,天津仁爱学院,,通信工程,,,417,
4038,天津仁爱学院,,电气工程及其自动化,,,427,
4038,天津仁爱学院,,物联网工程,,,423,
4038,天津仁爱学院,,计算机科学与技术,,,430,
4038,天津仁爱学院,,软件工程,,,436,
4038,天津仁爱学院,,计算机科学与技术(中软国际华为云学院大数据方向特色班),,,421,
4038,天津仁爱学院,,软件工程(中软国际华为云学院智能技术开发方向特色班),,,417,
4038,天津仁爱学院,,建筑学,,,418,
4038,天津仁爱学院,,土木工程,,,400,
4038,天津仁爱学院,,给排水科学与工程,,,378,
4038,天津仁爱学院,,水利水电工程,,,403,
4038,天津仁爱学院,,港口航道与海岸工程,,,411,
4038,天津仁爱学院,,船舶与海洋工程,,,385,
4038,天津仁爱学院,,物流工程,,,402,
4038,天津仁爱学院,,信息管理与信息系统,,,411,
4038,天津仁爱学院,,工程管理,,,414,
4038,天津仁爱学院,,财务管理,,,433,
4038,天津仁爱学院,,金融工程,,,411,
4038,天津仁爱学院,,化学工程与工艺,,,383,
4038,天津仁爱学院,,化学工程与工艺(制药方向),,,384,
4038,天津仁爱学院,,过程装备与控制工程(智能化工方向),,,384,
4038,天津仁爱学院,,过程装备与控制工程(新能源方向),,,399,
4038,天津仁爱学院,,传播学(网络新媒体方向),,,431,
4039,四川大学锦江学院,,国际经济与贸易,,,425,
4039,四川大学锦江学院,,德语,,,416,
4039,四川大学锦江学院,,土木工程,,,424,
4042,西安科技大学高新学院,,学前教育,,,416,
4042,西安科技大学高新学院,,机械设计制造及其自动化,,,419,
4042,西安科技大学高新学院,,安全工程,,,406,
4042,西安科技大学高新学院,,财务管理,,,403,
4087,天津财经大学珠江学院,,会计学(注册会计师),,,448,
4087,天津财经大学珠江学院,,审计学,,,432,
4087,天津财经大学珠江学院,,国际商务,,,425,
4087,天津财经大学珠江学院,,金融科技,,,424,
4087,天津财经大学珠江学院,,物联网工程(中外合作办学),,,400,
4100,山东政法学院,,法学,,,562,
4100,山东政法学院,,行政管理,,,548,
4100,山东政法学院,,新闻学(法治新闻方向),,,545,
4100,山东政法学院,,网络与新媒体,,,544,
4100,山东政法学院,,数字出版,,,534,
4100,山东政法学院,,网络空间安全,,,540,
4101,太原工业学院,,机械类(机械设计制造及其自动化、材料成型及控制工程、机械电子工程、汽车服务工程、智能制造工程、智能车辆工程),,,458,
4101,太原工业学院,,电子信息类(测控技术与仪器、电子信息工程、通信工程、物联网工程、微电子科学与工程),,,462,
4101,太原工业学院,,化工与制药类(应用化学、化学工程与工艺、制药工程、能源化学工程),,,446,
4101,太原工业学院,,计算机类(计算机科学与技术、软件工程、网络工程、数字媒体技术),,,464,
4101,太原工业学院,,材料类(无机非金属材料工程、高分子材料与工程、新能源材料与器件),,,432,
4172,海南科技职业大学,,建筑工程,,,366,
4172,海南科技职业大学,,工程造价,,,383,
4172,海南科技职业大学,,汽车服务工程技术,,,364,
4172,海南科技职业大学,,水路运输与海事管理,,,378,
4172,海南科技职业大学,,软件工程技术,,,381,
4201,北京第二外国语学院中瑞酒店管理学院,,酒店管理,,,398,
4201,北京第二外国语学院中瑞酒店管理学院,,财务管理,,,424,
4201,北京第二外国语学院中瑞酒店管理学院,,人力资源管理,,,396,
4202,沧州交通学院,,工商管理,,,410,
4202,沧州交通学院,,物联网工程,,,409,
4202,沧州交通学院,,轨道交通信号与控制,,,420,
4202,沧州交通学院,,交通运输,,,434,
4202,沧州交通学院,,自动化,,,413,
4202,沧州交通学院,,机械工程,,,406,
4202,沧州交通学院,,化学工程与工艺,,,394,
4203,皖江工学院,,水利水电工程,,,398,
4203,皖江工学院,,土木工程,,,411,
4223,贵州师范学院,,物联网工程,,,455,
4225,河北东方学院,,金融工程,,,429,
4225,河北东方学院,,经济与金融,,,421,
4225,河北东方学院,,国际经济与贸易,,,425,
4225,河北东方学院,,软件工程,,,423,
4225,河北东方学院,,物联网工程,,,418,
4225,河北东方学院,,数据科学与大数据技术,,,424,
4225,河北东方学院,,医学影像技术,,,424,
4225,河北东方学院,,护理学,,,430,
4225,河北东方学院,,财务管理,,,424,
4225,河北东方学院,,审计学,,,430,
4225,河北东方学院,,虚拟现实技术,,,411,
4225,河北东方学院,,人工智能,,,418,
4262,西南交通大学希望学院,,土木工程,,,428,
4262,西南交通大学希望学院,,工程管理,,,403,
4262,西南交通大学希望学院,,交通运输,,,472,
4333,郑州升达经贸管理学院,,工商管理类(工商管理、人力资源管理、酒店管理、旅游管理),,,428,
4333,郑州升达经贸管理学院,,电子商务类(电子商务、跨境电子商务、市场营销、物流管理),,,421,
4333,郑州升达经贸管理学院,,英语,,,445,
4333,郑州升达经贸管理学院,,学前教育,,,410,
4333,郑州升达经贸管理学院,,法学,,,429,
4390,陕西学前师范学院,,学前教育(师范类),,,509,
4390,陕西学前师范学院,,生物科学(师范类),,,501,
4390,陕西学前师范学院,,食品科学与工程,,,460,
4390,陕西学前师范学院,,数字媒体技术,,,492,
4390,陕西学前师范学院,,小学教育(师范类),,,511,
4390,陕西学前师范学院,,英语(师范类),,,509,
4390,陕西学前师范学院,,化学(师范类),,,506,
4430,中国科学院大学,,数学与应用数学,,,683,
4430,中国科学院大学,,物理学,,,683,
4430,中国科学院大学,,化学,,,679,
4430,中国科学院大学,,天文学,,,682,
4430,中国科学院大学,,人文地理与城乡规划,,,681,
4430,中国科学院大学,,环境科学,,,679,
4430,中国科学院大学,,生物科学,,,679,
4430,中国科学院大学,,理论与应用力学,,,682,
4430,中国科学院大学,,材料科学与工程,,,683,
4430,中国科学院大学,,电气工程及其自动化,,,683,
4430,中国科学院大学,,电子信息工程,,,686,
4430,中国科学院大学,,计算机科学与技术,,,688,
4430,中国科学院大学,,网络空间安全,,,684,
4430,中国科学院大学,,人工智能,,,689,
4432,河北中医学院,,中医学,,,520,
4432,河北中医学院,,针灸推拿学,,,501,
4432,河北中医学院,,医学检验技术,,,504,
4432,河北中医学院,,医学影像技术,,,500,
4432,河北中医学院,,中药资源与开发,,,487,
4432,河北中医学院,,应用心理学,,,507,
4432,河北中医学院,,护理学,,,496,
4434,山西传媒学院,,广告学,,,517,
4435,营口理工学院,,金融工程,,,455,
4435,营口理工学院,,应用化学,,,436,
4435,营口理工学院,,机械设计制造及其自动化,,,440,
4435,营口理工学院,,材料成型及控制工程,,,427,
4435,营口理工学院,,机械电子工程,,,438,
4435,营口理工学院,,机械工艺技术,,,431,
4435,营口理工学院,,智能制造工程,,,436,
4435,营口理工学院,,材料科学与工程,,,428,
4435,营口理工学院,,无机非金属材料工程,,,425,
4435,营口理工学院,,复合材料与工程,,,425,
4435,营口理工学院,,焊接技术与工程,,,429,
4435,营口理工学院,,新能源材料与器件,,,434,
4435,营口理工学院,,能源与环境系统工程,,,431,
4435,营口理工学院,,新能源科学与工程,,,440,
4435,营口理工学院,,电气工程及其自动化,,,451,
4435,营口理工学院,,自动化,,,439,
4435,营口理工学院,,智能科学与技术,,,437,
4435,营口理工学院,,数据科学与大数据技术,,,443,
4435,营口理工学院,,化学工程与工艺,,,426,
4435,营口理工学院,,能源化学工程,,,428,
4435,营口理工学院,,化学工程与工业生物工程,,,425,
4435,营口理工学院,,环境科学与工程,,,433,
4435,营口理工学院,,大数据管理与应用,,,443,
4435,营口理工学院,,物流管理,,,443,
4435,营口理工学院,,物流工程,,,436,
4435,营口理工学院,,供应链管理,,,439,
4437,南昌师范学院,,旅游管理,,,455,
4437,南昌师范学院,,会展经济与管理,,,469,
4437,南昌师范学院,,计算机科学与技术(师范类),,,484,
4437,南昌师范学院,,科学教育(师范类),,,491,
4437,南昌师范学院,,食品质量与安全,,,464,
4438,山东管理学院,,人力资源管理,,,495,
4438,山东管理学院,,国际经济与贸易,,,484,
4438,山东管理学院,,经济学,,,493,
4438,山东管理学院,,电子商务,,,490,
4438,山东管理学院,,机器人工程,,,494,
4440,贵州理工学院,,土木工程,,,445,
4440,贵州理工学院,,机械电子工程,,,452,
4440,贵州理工学院,,新能源科学与工程,,,460,
4440,贵州理工学院,,应用统计学,,,462,
4440,贵州理工学院,,交通运输类(交通运输、交通工程),,,436,
4440,贵州理工学院,,航空航天类(飞行器制造工程、飞行器动力工程),,,468,
4440,贵州理工学院,,材料类(材料科学与工程、新能源材料与器件、焊接技术与工程),,,424,
4458,张家口学院,,金融工程,,,481,
4458,张家口学院,,会计学,,,474,
4458,张家口学院,,护理学,,,486,
4527,山西工程技术学院,,机械工程,,,442,
4527,山西工程技术学院,,机械设计制造及其自动化,,,445,
4527,山西工程技术学院,,机械电子工程,,,443,
4527,山西工程技术学院,,电气工程及其自动化,,,464,
4527,山西工程技术学院,,自动化,,,456,
4527,山西工程技术学院,,计算机科学与技术,,,466,
4527,山西工程技术学院,,智能科学与技术,,,449,
4527,山西工程技术学院,,数据科学与大数据技术,,,454,
4527,山西工程技术学院,,土木工程,,,443,
4527,山西工程技术学院,,测绘工程,,,441,
4527,山西工程技术学院,,地质工程,,,445,
4527,山西工程技术学院,,勘查技术与工程,,,438,
4527,山西工程技术学院,,工程管理,,,436,
4527,山西工程技术学院,,工程造价,,,476,
4527,山西工程技术学院,,物联网工程,,,449,
4527,山西工程技术学院,,智能制造工程,,,442,
4531,内蒙古艺术学院,,文化产业管理,,,431,
4531,内蒙古艺术学院,,艺术史论,,,426,
4596,中国社会科学院大学,,经济学,,,651,
4596,中国社会科学院大学,,财务管理,,,643,
4596,中国社会科学院大学,,社会学,,,640,
4623,滇西应用技术大学,,跨境电子商务,,,453,
4623,滇西应用技术大学,,健康服务与管理,,,440,
4623,滇西应用技术大学,,地理空间信息工程,,,438,
4623,滇西应用技术大学,,土木工程,,,439,
4623,滇西应用技术大学,,计算机科学与技术,,,450,
4623,滇西应用技术大学,,给排水科学与工程,,,439,
4623,滇西应用技术大学,,测绘工程,,,440,
4623,滇西应用技术大学,,数据科学与大数据技术,,,456,
4625,茅台学院,,白酒酿造工程,,,435,
4625,茅台学院,,食品科学与工程,,,427,
4625,茅台学院,,自动化,,,430,
4625,茅台学院,,电子商务,,,421,
4625,茅台学院,,酒店管理,,,413,
4655,深圳技术大学,,交通运输,,,566,
4655,深圳技术大学,,汽车服务工程,,,564,
4655,深圳技术大学,,机械设计制造及其自动化,,,583,
4655,深圳技术大学,,物联网工程,,,584,
4655,深圳技术大学,,光源与照明,,,574,
4655,深圳技术大学,,工业设计,,,580,
6301,宁波诺丁汉大学,,国际商务(中外合作办学),,,573,
6301,宁波诺丁汉大学,,财务管理(中外合作办学),,,591,
6301,宁波诺丁汉大学,,国际经济与贸易(中外合作办学),,,584,
6301,宁波诺丁汉大学,,经济学(中外合作办学),,,589,
6301,宁波诺丁汉大学,,传播学(中外合作办学),,,572,
6301,宁波诺丁汉大学,,计算机科学与技术(中外合作办学),,,562,
6301,宁波诺丁汉大学,,计算机科学与技术(中外合作办学)(2加2),,,583,
6301,宁波诺丁汉大学,,数学与应用数学(中外合作办学),,,575,
6301,宁波诺丁汉大学,,数学与应用数学(中外合作办学)(2加2),,,569,
6301,宁波诺丁汉大学,,建筑学(中外合作办学),,,566,
6301,宁波诺丁汉大学,,电气类(中外合作办学)[土木工程(中外合作办学)、材料成型及控制工程(中外合作办学)、电气工程及其自动化(中外合作办学)、建筑环境与能源应用工程(中外合作办学)、工业设计(中外合作办学)、航空航天工程(中外合作办学)、环境工程(中外合作办学)、化学工程与工艺(中外合作办学)],,,535,
6301,宁波诺丁汉大学,,电气类(中外合作办学)(2加2)[土木工程(中外合作办学)(2加2)、材料成型及控制工程(中外合作办学)(2加2)、电气工程及其自动化(中外合作办学)(2加2)、建筑环境与能源应用工程(中外合作办学)(2加2)、工业设计(中外合作办学)(2加2)、航空航天工程(中外合作办学)(2加2)、环境工程(中外合作办学)(2加2)、化学工程与工艺(2加2)],,,548,
6302,西交利物浦大学,,数学类(中外合作办学)[数学与应用数学(中外合作办学)、数据科学与大数据技术(中外合作办学)],,,539,
6302,西交利物浦大学,,电子信息类(中外合作办学)[计算机科学与技术(中外合作办学)、电子科学与技术(中外合作办学)、电气工程及其自动化(中外合作办学)、通信工程(中外合作办学)、信息与计算科学(中外合作办学)、数字媒体技术(中外合作办学)、工业设计(中外合作办学)、机械电子工程(中外合作办学)、智能制造工程(中外合作办学)、机器人工程(中外合作办学)、物联网工程(中外合作办学)、信息管理与信息系统(中外合作办学)、微电子科学与工程(中外合作办学)],,,544,
6302,西交利物浦大学,,生物科学类(中外合作办学)[生物科学(中外合作办学)、生物信息学(中外合作办学)、环境科学(中外合作办学)],,,543,
6302,西交利物浦大学,,工商管理类(中外合作办学)[会计学(中外合作办学)、工商管理(中外合作办学)、人力资源管理(中外合作办学)、国际商务(中外合作办学)、市场营销(中外合作办学)、供应链管理(中外合作办学)],,,556,
6302,西交利物浦大学,,金融学类(中外合作办学)[经济学(中外合作办学)、经济与金融(中外合作办学)、精算学(中外合作办学)、金融数学(中外合作办学)],,,567,
6302,西交利物浦大学,,建筑类(中外合作办学)[建筑学(中外合作办学)、城乡规划(中外合作办学)],,,545,
6302,西交利物浦大学,,土木类(中外合作办学)[土木工程(中外合作办学)],,,539,
6302,西交利物浦大学,,外国语言文学类(中外合作办学)[英语(中外合作办学)、汉语国际教育(中外合作办学)、传播学(中外合作办学)、数字媒体艺术(中外合作办学)、广播电视学(中外合作办学)、影视摄影与制作(中外合作办学)、艺术与科技(中外合作办学)],,,563,
6401,北京师范大学-香港浸会大学联合国际学院,,工商管理类(中外合作办学)[财务管理(中外合作办学)、人力资源管理(中外合作办学)、市场营销(中外合作办学)、工商管理(中外合作办学)、文化产业管理(中外合作办学)],,,500,
6401,北京师范大学-香港浸会大学联合国际学院,,新闻传播学类(中外合作办学)[广告学(中外合作办学)、传播学(中外合作办学)],,,517,
6401,北京师范大学-香港浸会大学联合国际学院,,外国语言文学类(中外合作办学)[英语(中外合作办学)、翻译(中外合作办学)],,,509,
6401,北京师范大学-香港浸会大学联合国际学院,,计算机类(中外合作办学)[计算机科学与技术(中外合作办学)、数据科学与大数据技术(中外合作办学)],,,517,
6401,北京师范大学-香港浸会大学联合国际学院,,会计学(中外合作办学),,,523,
6401,北京师范大学-香港浸会大学联合国际学院,,经济学(中外合作办学),,,526,
6401,北京师范大学-香港浸会大学联合国际学院,,应用心理学(中外合作办学),,,536,
6401,北京师范大学-香港浸会大学联合国际学院,,食品科学与工程(中外合作办学),,,515,
6401,北京师范大学-香港浸会大学联合国际学院,,环境科学(中外合作办学),,,498,
6401,北京师范大学-香港浸会大学联合国际学院,,统计学(中外合作办学),,,518,
6401,北京师范大学-香港浸会大学联合国际学院,,金融数学(中外合作办学),,,512,
6401,北京师范大学-香港浸会大学联合国际学院,,数学与应用数学(中外合作办学),,,489,
6401,北京师范大学-香港浸会大学联合国际学院,,人工智能(中外合作办学),,,530,
6405,温州肯恩大学,,经济学(中外合作办学),,,532,
6405,温州肯恩大学,,金融学(中外合作办学)(国际金融方向),,,541,
6405,温州肯恩大学,,会计学(中外合作办学)(国际会计方向),,,538,
6405,温州肯恩大学,,传播学(中外合作办学),,,526,
6405,温州肯恩大学,,建筑学(中外合作办学),,,532,
6405,温州肯恩大学,,数学与应用数学(中外合作办学)(数据分析方向),,,524,
6405,温州肯恩大学,,计算机科学与技术(中外合作办学),,,527,
6410,广东以色列理工学院,,数学与应用数学(中外合作办学),,,0,
6410,广东以色列理工学院,,生物技术(中外合作办学),,,495,
6410,广东以色列理工学院,,材料科学与工程(中外合作办学),,,463,
6410,广东以色列理工学院,,化学工程与工艺(中外合作办学),,,422,
6410,广东以色列理工学院,,机械工程(中外合作办学),,,506,
8127,内蒙古科技大学包头师范学院,,数学与应用数学(师范类),,,516,
8127,内蒙古科技大学包头师范学院,,化学(师范类),,,499,
8127,内蒙古科技大学包头师范学院,,地理科学(师范类),,,509,
8127,内蒙古科技大学包头师范学院,,会计学,,,496,
8213,哈尔滨工业大学(深圳),,计算机类(计算机科学与技术),,,671,
8213,哈尔滨工业大学(深圳),,电子信息类(通信工程、光电信息科学与工程),,,665,
8213,哈尔滨工业大学(深圳),,机械类(机械设计制造及其自动化),,,665,
8213,哈尔滨工业大学(深圳),,自动化类(自动化),,,668,
8213,哈尔滨工业大学(深圳),,电气类(电气工程及其自动化),,,664,
8213,哈尔滨工业大学(深圳),,建筑类(建筑学、城乡规划),,,657,
8213,哈尔滨工业大学(深圳),,经济学类(含经济学实验班)(经济学),,,671,
8213,哈尔滨工业大学(深圳),,工商管理类(大数据会计方向)(会计学),,,664,
8213,哈尔滨工业大学(深圳),,数学类(数据科学与大数据技术),,,666,
9001,北京大学医学部,,基础医学(八年制),,,691,
9001,北京大学医学部,,临床医学(八年制),,,695,
9001,北京大学医学部,,临床医学(五年制),,,688,
9001,北京大学医学部,,口腔医学(八年制),,,693,
9001,北京大学医学部,,口腔医学(五年制),,,687,
9001,北京大学医学部,,预防医学(七年制),,,684,
9001,北京大学医学部,,药学(六年制),,,682,
9001,北京大学医学部,,英语(医学英语),,,678,
9001,北京大学医学部,,医学技术类(医学检验技术、医学影像技术),,,685,
9002,中国人民大学(苏州校区),,国民经济管理(中外合作办学),,,647,
9002,中国人民大学(苏州校区),,金融学(中外合作办学),,,649,
9004,北京交通大学(威海校区),,信息管理与信息系统(中外合作办学),,,568,
9004,北京交通大学(威海校区),,通信工程(中外合作办学),,,584,
9004,北京交通大学(威海校区),,计算机科学与技术(中外合作办学),,,586,
9004,北京交通大学(威海校区),,环境工程(中外合作办学),,,558,
9004,北京交通大学(威海校区),,工商管理(中外合作办学),,,567,
9004,北京交通大学(威海校区),,会计学(中外合作办学),,,575,
9013,北京邮电大学(宏福校区),,电信工程及管理(中外合作办学),,,621,
9013,北京邮电大学(宏福校区),,电子商务及法律(中外合作办学),,,600,
9013,北京邮电大学(宏福校区),,物联网工程(中外合作办学),,,633,
9027,北京师范大学(珠海校区),,数学类(数学与应用数学、物理学、系统科学与工程、数据科学与大数据技术、人工智能),,,652,
9127,内蒙古科技大学包头医学院,,临床医学,,,513,
9127,内蒙古科技大学包头医学院,,预防医学,,,490,
9127,内蒙古科技大学包头医学院,,药学,,,492,
9127,内蒙古科技大学包头医学院,,医学检验技术,,,500,
9141,大连理工大学(盘锦校区),,能源化学工程(能源、资源与生物化工工科实验班),,,590,
9141,大连理工大学(盘锦校区),,海洋技术,,,584,
9141,大连理工大学(盘锦校区),,环境生态工程(生态与食品工科实验班),,,584,
9141,大连理工大学(盘锦校区),,生物科学类(生物信息学、生物科学),,,590,
9141,大连理工大学(盘锦校区),,药学,,,584,
9141,大连理工大学(盘锦校区),,运动康复,,,581,
9141,大连理工大学(盘锦校区),,过程装备与控制工程(中外合作办学),,,575,
9141,大连理工大学(盘锦校区),,应用化学(中外合作办学)(理学),,,570,
9141,大连理工大学(盘锦校区),,数理基础科学(中外合作办学),,,579,
9141,大连理工大学(盘锦校区),,经济学类(经济与商务实验班)(电子商务、经济学),,,599,
9145,东北大学秦皇岛分校,,经济学类(经济学、金融学、国际经济与贸易),,,609,
9145,东北大学秦皇岛分校,,外国语言文学类(英语、日语),,,603,
9145,东北大学秦皇岛分校,,数学类(数学与应用数学、信息与计算科学、应用统计学、数据科学与大数据技术),,,612,
9145,东北大学秦皇岛分校,,机械类(机械工程、车辆工程),,,611,
9145,东北大学秦皇岛分校,,材料类(材料成型及控制工程、材料科学与工程、冶金工程、功能材料、资源勘查工程、环境工程、环境科学),,,603,
9145,东北大学秦皇岛分校,,电子信息类(电子信息工程、通信工程),,,614,
9145,东北大学秦皇岛分校,,自动化类(电气工程及其自动化、自动化),,,613,
9145,东北大学秦皇岛分校,,仪器类(智能光电感知)(测控技术与仪器、光电信息科学与工程),,,609,
9145,东北大学秦皇岛分校,,计算机类(计算机科学与技术、物联网工程),,,617,
9145,东北大学秦皇岛分校,,工商管理类(信息管理与信息系统、工商管理、会计学、行政管理、健康服务与管理、电子商务),,,600,
9145,东北大学秦皇岛分校,,计算机科学与技术(中外合作办学),,,597,
9145,东北大学秦皇岛分校,,通信工程(中外合作办学),,,591,
9145,东北大学秦皇岛分校,,应用统计学(中外合作办学),,,582,
9213,哈尔滨工业大学(威海),,机械设计制造及其自动化,,,641,
9213,哈尔滨工业大学(威海),,机器人工程,,,643,
9213,哈尔滨工业大学(威海),,车辆工程,,,639,
9213,哈尔滨工业大学(威海),,智能车辆工程,,,641,
9213,哈尔滨工业大学(威海),,自动化类(自动化、测控技术与仪器),,,642,
9213,哈尔滨工业大学(威海),,电子信息类(通信工程、电子科学与技术、电子信息工程、电磁场与无线技术、海洋信息工程),,,640,
9213,哈尔滨工业大学(威海),,计算机类(计算机科学与技术、人工智能、网络空间安全),,,646,
9213,哈尔滨工业大学(威海),,软件工程,,,641,
9213,哈尔滨工业大学(威海),,材料类(材料科学与工程、材料成型及控制工程、焊接技术与工程、电子封装技术、智能材料与结构),,,638,
9213,哈尔滨工业大学(威海),,电气工程及其自动化,,,643,
9213,哈尔滨工业大学(威海),,新能源科学与工程,,,640,
9213,哈尔滨工业大学(威海),,数学类(数学与应用数学、信息与计算科学),,,641,
9213,哈尔滨工业大学(威海),,光电信息科学与工程,,,640,
9213,哈尔滨工业大学(威海),,经济管理试验班(国际经济与贸易、工商管理、会计学),,,635,
9213,哈尔滨工业大学(威海),,信息管理与信息系统,,,636,
9213,哈尔滨工业大学(威海),,船舶与海洋工程(中外合作办学),,,599,
9246,复旦大学医学院,,临床医学(八年制本博连读，卓越医生计划),,,686,
9246,复旦大学医学院,,临床医学(五年制，卓越医生计划),,,678,
9246,复旦大学医学院,,医学试验班(拔尖学生培养基地)(基础医学、预防医学、药学、公共事业管理),,,665,
9248,上海交通大学医学院,,临床医学(本博连读八年制),,,687,
9248,上海交通大学医学院,,临床医学(本博连读法语班八年制),,,693,
9248,上海交通大学医学院,,临床医学(本博连读口腔方向八年制),,,691,
9248,上海交通大学医学院,,口腔医学(5+3一体化),,,684,
9335,浙江大学医学院,,临床医学(5+3一体化培养),,,678,
9335,浙江大学医学院,,医学试验班类(临床医学、口腔医学),,,675,
9335,浙江大学医学院,,生物医学(中外合作办学)(ZJUUOE联合学院，含生物信息),,,652,
9359,合肥工业大学(宣城校区),,材料成型及控制工程,,,585,
9359,合肥工业大学(宣城校区),,计算机科学与技术,,,609,
9359,合肥工业大学(宣城校区),,环境工程,,,579,
9359,合肥工业大学(宣城校区),,机械工程,,,595,
9359,合肥工业大学(宣城校区),,城市地下空间工程,,,580,
9359,合肥工业大学(宣城校区),,经济学,,,591,
9359,合肥工业大学(宣城校区),,食品质量与安全,,,575,
9359,合肥工业大学(宣城校区),,物流管理,,,585,
9359,合肥工业大学(宣城校区),,应用化学,,,585,
9359,合肥工业大学(宣城校区),,交通设备与控制工程(先进载运工具),,,574,
9359,合肥工业大学(宣城校区),,材料成型及控制工程,,,524,
9359,合肥工业大学(宣城校区),,机械工程,,,592,
9359,合肥工业大学(宣城校区),,电气工程与智能控制,,,601,
9414,中国石油大学(北京)克拉玛依校区,,资源勘查工程,,,537,
9414,中国石油大学(北京)克拉玛依校区,,勘查技术与工程,,,540,
9414,中国石油大学(北京)克拉玛依校区,,石油工程,,,545,
9414,中国石油大学(北京)克拉玛依校区,,计算机类(软件工程、数据科学与大数据技术),,,557,
9414,中国石油大学(北京)克拉玛依校区,,化学工程与工艺,,,535,
9414,中国石油大学(北京)克拉玛依校区,,能源化学工程,,,536,
9414,中国石油大学(北京)克拉玛依校区,,机械类(机械设计制造及其自动化、过程装备与控制工程),,,539,
9414,中国石油大学(北京)克拉玛依校区,,油气储运工程,,,545,
9414,中国石油大学(北京)克拉玛依校区,,环境工程,,,528,
9414,中国石油大学(北京)克拉玛依校区,,自动化,,,560,
9414,中国石油大学(北京)克拉玛依校区,,俄语,,,533,
9414,中国石油大学(北京)克拉玛依校区,,英语,,,538,
9414,中国石油大学(北京)克拉玛依校区,,统计学,,,534,
9414,中国石油大学(北京)克拉玛依校区,,数学与应用数学,,,540,
9414,中国石油大学(北京)克拉玛依校区,,经济学类(经济学、金融学),,,541,
9414,中国石油大学(北京)克拉玛依校区,,会计学,,,543,
9414,中国石油大学(北京)克拉玛依校区,,行政管理,,,534,
9422,山东大学威海分校,,经济学类[金融学(证券、银行方向)、金融学(保险方向)、国际经济与贸易],,,638,
9422,山东大学威海分校,,工商管理类[工商管理(创新创业方向)、工商管理(数字营销方向)、工商管理(商务智能方向)、工商管理(旅游与大数据方向)、工商管理(组织与人力资本管理方向)、供应链管理、会计学],,,624,
9422,山东大学威海分校,,外国语言文学类[英语(语言文学方向)、英语(英德双语方向)、英语(英法双语方向)、英语(英西双语方向)、英语(英俄双语方向)、英语(英日双语方向)、翻译、朝鲜语(翻译方向)、朝鲜语(经贸方向)],,,625,
9422,山东大学威海分校,,海洋科学,,,619,
9422,山东大学威海分校,,海洋资源开发技术,,,615,
9422,山东大学威海分校,,智能制造工程,,,625,
9422,山东大学威海分校,,自动化类(自动化、机器人工程),,,628,
9422,山东大学威海分校,,电子信息类(电子科学与技术、通信工程),,,630,
9422,山东大学威海分校,,计算机类(软件工程、人工智能),,,631,
9422,山东大学威海分校,,物理学,,,623,
9422,山东大学威海分校,,数学类(数学与应用数学、信息与计算科学、统计学),,,635,
9422,山东大学威海分校,,金融学(中外合作办学),,,616,
9422,山东大学威海分校,,机械设计制造及其自动化(中外合作办学),,,603,
9422,山东大学威海分校,,计算机科学与技术(中外合作办学),,,615,
9422,山东大学威海分校,,数学与应用数学(中外合作办学),,,612,
9422,山东大学威海分校,,应用物理学(中外合作办学),,,590,
9422,山东大学威海分校,,应用化学(中外合作办学),,,578,
9422,山东大学威海分校,,生物科学(中外合作办学),,,591,
9614,电子科技大学(沙河校区),,电子信息类(中外合作办学)(电子信息)(电子信息工程),,,649,
9614,电子科技大学(沙河校区),,临床医学,,,610,
9614,电子科技大学(沙河校区),,电子信息类(中外合作办学)(通信、微电子)(通信工程、微电子科学与工程),,,648,
9614,电子科技大学(沙河校区),,护理学,,,568,
D721,河北环境工程学院,,环境科学与工程,,,438,
D721,河北环境工程学院,,环境工程,,,453,
D721,河北环境工程学院,,环境生态工程,,,443,
D721,河北环境工程学院,,食品质量与安全,,,457,
D721,河北环境工程学院,,物联网工程,,,458,
D721,河北环境工程学院,,工程造价,,,460,
J002,国防科技大学,,计算机类[软件工程、网络工程、计算机科学与技术(计算机系统方向)、计算机科学与技术(并行计算方向)、计算机科学与技术(大数据方向)、信息安全],,,658,
J002,国防科技大学,,电子信息类(电子信息工程、电子科学与技术、微电子科学与工程、集成电路设计与集成系统、通信工程、信息工程、光电信息科学与工程),,,650,
J002,国防科技大学,,航空航天类(航空航天工程、飞行器动力工程、材料科学与工程),,,650,
J002,国防科技大学,,自动化类[自动化(无人机方向)、机器人工程、人工智能],,,650,
J002,国防科技大学,,大气科学类(大气科学、应用气象学),,,645,
J002,国防科技大学,,计算机类(天河拔尖班)[计算机科学与技术(计算机系统方向)、计算机科学与技术(并行计算方向)、计算机科学与技术(大数据方向)、软件工程、网络工程、信息安全],,,669,
J004,陆军工程大学,,通信工程（全国人防通信领域工程师）,,,611,
J004,陆军工程大学,,网络工程（全国人防指挥自动化技术工程师）,,,621,
J004,陆军工程大学,,土木工程（全国人防工程建筑结构设计与施工工程师）,,,586,
J004,陆军工程大学,,建筑环境与能源应用工程（全国人防通风空调与给排水工程师）,,,584,
J004,陆军工程大学,,工程管理（全国人防建筑施工组织管理与监理工程师）,,,585,
J004,陆军工程大学,,电气工程及其自动化（全国人防电力工程及自动化技术工程师）,,,590,
J020,海军军医大学,,生物技术,,,612,
J020,海军军医大学,,临床医学(高级临床医师),,,647,
J020,海军军医大学,,临床医学(临床医师),,,625,
J020,海军军医大学,,麻醉学(临床麻醉医师),,,623,
J020,海军军医大学,,医学影像学(临床影像医师),,,622,
J020,海军军医大学,,药学(药剂师),,,616,
