code,name,group,major,plan,admit,score,rank
1101,北京大学,104,第104组,,,685,
1101,北京大学,307,第307组(国家专项),,,673,
1101,北京大学,308,第308组(国家专项),,,673,
1102,清华大学,103,第103组,,,684,
1102,清华大学,104,第104组,,,688,
1102,清华大学,306,第306组(国家专项),,,675,
1102,清华大学,307,第307组(国家专项),,,674,
1103,中国人民大学,106,第106组,,,664,
1103,中国人民大学,308,第308组(国家专项),,,645,
1104,北京师范大学,109,第109组,,,643,
1104,北京师范大学,110,第110组,,,642,
1104,北京师范大学,313,第313组(国家专项),,,638,
1105,北京科技大学,102,第102组,,,618,
1105,北京科技大学,103,第103组,,,618,
1105,北京科技大学,104,第104组,,,617,
1105,北京科技大学,305,第305组(国家专项),,,600,
1105,北京科技大学,306,第306组(国家专项),,,608,
1105,北京科技大学,307,第307组(国家专项),,,599,
1106,北京邮电大学,104,第104组,,,650,
1106,北京邮电大学,105,第105组,,,639,
1106,北京邮电大学,306,第306组(国家专项),,,626,
1106,北京邮电大学,801,第801组(少数民族预科班),,,625,
1107,北京航空航天大学,104,第104组,,,659,
1107,北京航空航天大学,205,第205组(中外合作办学或国际项目),,,629,
1107,北京航空航天大学,306,第306组(国家专项),,,648,
1107,北京航空航天大学,707,第707组(民族班),,,648,
1108,北京理工大学,104,第104组,,,652,
1108,北京理工大学,205,第205组(中外合作办学或国际项目),,,634,
1108,北京理工大学,206,第206组(中外合作办学或国际项目),,,628,
1108,北京理工大学,307,第307组(国家专项),,,638,
1108,北京理工大学,708,第708组(民族班),,,639,
1109,北京交通大学,102,第102组,,,635,
1109,北京交通大学,103,第103组,,,620,
1109,北京交通大学,204,第204组(中外合作办学或国际项目),,,598,
1109,北京交通大学,305,第305组(国家专项),,,599,
1109,北京交通大学,706,第706组(民族班),,,611,
1110,北京化工大学,104,第104组,,,610,
1110,北京化工大学,106,第106组,,,605,
1110,北京化工大学,205,第205组(中外合作办学或国际项目),,,583,
1110,北京化工大学,207,第207组(中外合作办学或国际项目),,,577,
1110,北京化工大学,308,第308组(国家专项),,,588,
1111,北京工业大学,102,第102组,,,613,
1111,北京工业大学,203,第203组(中外合作办学或国际项目),,,594,
1112,中国农业大学,104,第104组,,,620,
1112,中国农业大学,105,第105组,,,596,
1112,中国农业大学,106,第106组,,,617,
1112,中国农业大学,107,第107组,,,617,
1112,中国农业大学,108,第108组,,,603,
1112,中国农业大学,309,第309组(国家专项),,,609,
1112,中国农业大学,310,第310组(国家专项),,,602,
1112,中国农业大学,311,第311组(国家专项),,,601,
1113,北京林业大学,103,第103组,,,591,
1113,北京林业大学,105,第105组,,,589,
1113,北京林业大学,106,第106组,,,593,
1113,北京林业大学,204,第204组(中外合作办学或国际项目),,,573,
1113,北京林业大学,308,第308组(国家专项),,,591,
1113,北京林业大学,801,第801组(少数民族预科班),,,587,
1114,北京大学医学部,101,第101组,,,678,
1114,北京大学医学部,303,第303组(国家专项),,,654,
1114,北京大学医学部,304,第304组(国家专项),,,666,
1115,北京中医药大学,102,第102组,,,593,
1115,北京中医药大学,103,第103组,,,597,
1115,北京中医药大学,304,第304组(国家专项),,,510,
1115,北京中医药大学,305,第305组(国家专项),,,569,
1115,北京中医药大学,306,第306组(国家专项),,,587,
1115,北京中医药大学,307,第307组(国家专项),,,568,
1116,对外经济贸易大学,104,第104组,,,628,
1116,对外经济贸易大学,306,第306组(国家专项),,,602,
1116,对外经济贸易大学,802,第802组(少数民族预科班),,,616,
1117,北京外国语大学,103,第103组,,,619,
1117,北京外国语大学,104,第104组,,,624,
1117,北京外国语大学,307,第307组(国家专项),,,598,
1117,北京外国语大学,308,第308组(国家专项),,,615,
1117,北京外国语大学,802,第802组(少数民族预科班),,,604,
1118,中央民族大学,103,第103组,,,603,
1118,中央民族大学,104,第104组,,,608,
1118,中央民族大学,107,第107组,,,605,
1118,中央民族大学,205,第205组(中外合作办学或国际项目),,,578,
1118,中央民族大学,206,第206组(中外合作办学或国际项目),,,590,
1118,中央民族大学,308,第308组(国家专项),,,602,
1118,中央民族大学,802,第802组(少数民族预科班),,,596,
1119,中国地质大学(北京),104,第104组,,,602,
1119,中国地质大学(北京),105,第105组,,,591,
1119,中国地质大学(北京),106,第106组,,,609,
1119,中国地质大学(北京),307,第307组(国家专项),,,598,
1119,中国地质大学(北京),308,第308组(国家专项),,,575,
1119,中国地质大学(北京),709,第709组(民族班),,,591,
1119,中国地质大学(北京),710,第710组(民族班),,,595,
1120,中国石油大学(北京),103,第103组,,,603,
1120,中国石油大学(北京),104,第104组,,,602,
1120,中国石油大学(北京),105,第105组,,,604,
1120,中国石油大学(北京),306,第306组(国家专项),,,585,
1122,北京邮电大学(宏福校区),201,第201组(中外合作办学或国际项目),,,616,
1122,北京邮电大学(宏福校区),202,第202组(中外合作办学或国际项目),,,597,
1123,北京体育大学,109,第109组,,,580,
1123,北京体育大学,110,第110组,,,593,
1123,北京体育大学,112,第112组,,,583,
1123,北京体育大学,113,第113组,,,582,
1123,北京体育大学,114,第114组,,,585,
1123,北京体育大学,211,第211组(中外合作办学或国际项目),,,,
1123,北京体育大学,318,第318组(国家专项),,,552,
1125,北京语言大学,105,第105组,,,571,
1125,北京语言大学,106,第106组,,,582,
1125,北京语言大学,308,第308组(国家专项),,,575,
1125,北京语言大学,710,第710组(民族班),,,576,
1126,华北电力大学(北京),102,第102组,,,619,
1126,华北电力大学(北京),103,第103组,,,611,
1126,华北电力大学(北京),304,第304组(国家专项),,,607,
1127,中国矿业大学(北京),102,第102组,,,592,
1127,中国矿业大学(北京),303,第303组(国家专项),,,577,
1128,北京联合大学,102,第102组,,,544,
1128,北京联合大学,103,第103组,,,564,
1129,中国科学院大学,101,第101组,,,675,
1129,中国科学院大学,102,第102组,,,676,
1129,中国科学院大学,303,第303组(国家专项),,,664,
1130,中国传媒大学,105,第105组,,,609,
1130,中国传媒大学,106,第106组,,,615,
1130,中国传媒大学,109,第109组,,,602,
1130,中国传媒大学,207,第207组(中外合作办学或国际项目),,,597,
1130,中国传媒大学,208,第208组(中外合作办学或国际项目),,,584,
1130,中国传媒大学,311,第311组(国家专项),,,587,
1131,中央财经大学,102,第102组,,,632,
1131,中央财经大学,304,第304组(国家专项),,,618,
1132,中国政法大学,103,第103组,,,622,
1132,中国政法大学,305,第305组(国家专项),,,621,
1134,北京第二外国语学院,102,第102组,,,569,
1135,北京工商大学,103,第103组,,,566,
1135,北京工商大学,104,第104组,,,576,
1135,北京工商大学,105,第105组,,,563,
1135,北京工商大学,206,第206组(中外合作办学或国际项目),,,518,
1138,北京信息科技大学,101,第101组,,,586,
1142,北京农学院,101,第101组,,,539,
1142,北京农学院,102,第102组,,,518,
1142,北京农学院,103,第103组,,,516,
1143,北京工商大学嘉华学院,102,第102组,,,,
1144,北京印刷学院,103,第103组,,,512,
1145,北京邮电大学世纪学院,102,第102组,,,423,
1147,中央美术学院,102,第102组,,,605,
1150,北京石油化工学院,101,第101组,,,530,
1150,北京石油化工学院,102,第102组,,,521,
1151,中华女子学院,105,第105组,,,495,
1153,首都经济贸易大学,102,第102组,,,589,
1153,首都经济贸易大学,304,第304组(国家专项),,,531,
1155,首都师范大学,102,第102组,,,606,
1155,首都师范大学,103,第103组,,,602,
1155,首都师范大学,305,第305组(国家专项),,,575,
1156,北京服装学院,102,第102组,,,509,
1156,北京服装学院,103,第103组,,,508,
1157,北方工业大学,101,第101组,,,564,
1157,北方工业大学,202,第202组(中外合作办学或国际项目),,,541,
1157,北方工业大学,303,第303组(国家专项),,,546,
1158,首都师范大学科德学院,102,第102组,,,425,
1159,首都医科大学,101,第101组,,,636,
1159,首都医科大学,102,第102组,,,606,
1159,首都医科大学,303,第303组(国家专项),,,572,
1159,首都医科大学,304,第304组(国家专项),,,557,
1160,北京物资学院,103,第103组,,,542,
1160,北京物资学院,104,第104组,,,540,
1161,北京工业大学耿丹学院,102,第102组,,,434,
1164,北京建筑大学,101,第101组,,,568,
1165,北京城市学院,102,第102组,,,432,
1165,北京城市学院,103,第103组,,,440,
1165,北京城市学院,104,第104组,,,448,
1168,中国人民公安大学,101,第101组,,,611,
1177,北京第二外国语学院中瑞酒店管理学院,102,第102组,,,,
1178,中国社会科学院大学,103,第103组,,,623,
1178,中国社会科学院大学,305,第305组(国家专项),,,609,
1181,中国劳动关系学院,102,第102组,,,517,
1181,中国劳动关系学院,304,第304组(国家专项),,,508,
1182,华北科技学院,102,第102组,,,481,
1182,华北科技学院,104,第104组,,,450,
1182,华北科技学院,203,第203组(中外合作办学或国际项目),,,438,
1182,华北科技学院,306,第306组(国家专项),,,463,
1184,吉利学院,102,第102组,,,436,
1201,南开大学,106,第106组,,,644,
1201,南开大学,107,第107组,,,641,
1201,南开大学,309,第309组(国家专项),,,620,
1202,天津大学,101,第101组,,,639,
1202,天津大学,102,第102组,,,638,
1202,天津大学,303,第303组(国家专项),,,619,
1202,天津大学,304,第304组(国家专项),,,617,
1203,天津医科大学,102,第102组,,,603,
1203,天津医科大学,103,第103组,,,632,
1203,天津医科大学,104,第104组,,,603,
1203,天津医科大学,105,第105组,,,615,
1203,天津医科大学,306,第306组(国家专项),,,554,
1203,天津医科大学,307,第307组(国家专项),,,587,
1203,天津医科大学,308,第308组(国家专项),,,579,
1206,天津理工大学,101,第101组,,,560,
1206,天津理工大学,102,第102组,,,555,
1206,天津理工大学,103,第103组,,,553,
1207,天津工业大学,102,第102组,,,587,
1207,天津工业大学,104,第104组,,,566,
1207,天津工业大学,203,第203组(中外合作办学或国际项目),,,565,
1208,中国民航大学,103,第103组,,,546,
1208,中国民航大学,104,第104组,,,555,
1208,中国民航大学,305,第305组(国家专项),,,547,
1208,中国民航大学,306,第306组(国家专项),,,560,
1209,天津科技大学,104,第104组,,,564,
1209,天津科技大学,105,第105组,,,543,
1209,天津科技大学,106,第106组,,,541,
1209,天津科技大学,109,第109组,,,538,
1209,天津科技大学,110,第110组,,,546,
1209,天津科技大学,207,第207组(中外合作办学或国际项目),,,538,
1209,天津科技大学,208,第208组(中外合作办学或国际项目),,,545,
1209,天津科技大学,211,第211组(中外合作办学或国际项目),,,500,
1209,天津科技大学,312,第312组(国家专项),,,547,
1210,天津财经大学,103,第103组,,,586,
1210,天津财经大学,305,第305组(国家专项),,,532,
1211,天津商业大学,103,第103组,,,529,
1211,天津商业大学,204,第204组(中外合作办学或国际项目),,,517,
1212,天津中医药大学,103,第103组,,,550,
1212,天津中医药大学,104,第104组,,,562,
1212,天津中医药大学,105,第105组,,,551,
1212,天津中医药大学,106,第106组,,,558,
1212,天津中医药大学,107,第107组,,,563,
1212,天津中医药大学,109,第109组,,,591,
1212,天津中医药大学,208,第208组(中外合作办学或国际项目),,,547,
1212,天津中医药大学,311,第311组(国家专项),,,518,
1212,天津中医药大学,312,第312组(国家专项),,,549,
1213,天津城建大学,101,第101组,,,506,
1213,天津城建大学,103,第103组,,,509,
1213,天津城建大学,104,第104组,,,532,
1214,天津外国语大学,104,第104组,,,548,
1214,天津外国语大学,105,第105组,,,497,
1215,天津体育学院,105,第105组,,,473,
1216,天津师范大学,103,第103组,,,557,
1216,天津师范大学,104,第104组,,,581,
1216,天津师范大学,105,第105组,,,574,
1216,天津师范大学,106,第106组,,,571,
1219,天津职业技术师范大学,102,第102组,,,479,
1219,天津职业技术师范大学,103,第103组,,,476,
1220,天津农学院,101,第101组,,,473,
1220,天津农学院,102,第102组,,,474,
1220,天津农学院,103,第103组,,,469,
1220,天津农学院,104,第104组,,,479,
1228,天津商业大学宝德学院,102,第102组,,,430,
1232,天津理工大学中环信息学院,102,第102组,,,436,
1233,天津天狮学院,102,第102组,,,428,
1233,天津天狮学院,103,第103组,,,424,
1238,天津中德应用技术大学,102,第102组,,,474,
1238,天津中德应用技术大学,103,第103组,,,464,
1250,北京科技大学天津学院,102,第102组,,,434,
1251,天津医科大学临床医学院,103,第103组,,,464,
1251,天津医科大学临床医学院,104,第104组,,,480,
1251,天津医科大学临床医学院,105,第105组,,,468,
1251,天津医科大学临床医学院,106,第106组,,,498,
1252,天津仁爱学院,103,第103组,,,429,
1253,天津财经大学珠江学院,102,第102组,,,436,
1301,河北工业大学,102,第102组,,,600,
1301,河北工业大学,103,第103组,,,594,
1301,河北工业大学,104,第104组,,,595,
1303,华北电力大学(保定),102,第102组,,,606,
1303,华北电力大学(保定),103,第103组,,,595,
1303,华北电力大学(保定),304,第304组(国家专项),,,605,
1303,华北电力大学(保定),305,第305组(国家专项),,,592,
1303,华北电力大学(保定),801,第801组(少数民族预科班),,,599,
1304,燕山大学,106,第106组,,,562,
1304,燕山大学,108,第108组,,,554,
1304,燕山大学,207,第207组(中外合作办学或国际项目),,,508,
1305,石家庄铁道大学,104,第104组,,,535,
1305,石家庄铁道大学,105,第105组,,,542,
1305,石家庄铁道大学,106,第106组,,,517,
1305,石家庄铁道大学,107,第107组,,,558,
1306,河北农业大学,101,第101组,,,513,
1306,河北农业大学,103,第103组,,,500,
1306,河北农业大学,104,第104组,,,464,
1306,河北农业大学,202,第202组(中外合作办学或国际项目),,,494,
1307,东北大学秦皇岛分校,103,第103组,,,606,
1307,东北大学秦皇岛分校,204,第204组(中外合作办学或国际项目),,,599,
1308,保定学院,103,第103组,,,465,
1309,河北医科大学,101,第101组,,,511,
1309,河北医科大学,102,第102组,,,521,
1309,河北医科大学,103,第103组,,,604,
1310,河北地质大学,103,第103组,,,488,
1310,河北地质大学,104,第104组,,,492,
1310,河北地质大学,106,第106组,,,522,
1311,北华航天工业学院,102,第102组,,,476,
1312,河北工程大学,103,第103组,,,503,
1312,河北工程大学,104,第104组,,,478,
1312,河北工程大学,105,第105组,,,501,
1312,河北工程大学,106,第106组,,,479,
1312,河北工程大学,107,第107组,,,493,
1312,河北工程大学,108,第108组,,,482,
1312,河北工程大学,109,第109组,,,514,
1313,河北经贸大学,102,第102组,,,535,
1313,河北经贸大学,103,第103组,,,500,
1313,河北经贸大学,104,第104组,,,415,
1315,河北师范大学,103,第103组,,,514,
1315,河北师范大学,104,第104组,,,527,
1315,河北师范大学,105,第105组,,,547,
1315,河北师范大学,106,第106组,,,488,
1315,河北师范大学,107,第107组,,,544,
1316,河北科技师范学院,102,第102组,,,454,
1317,华北理工大学,102,第102组,,,526,
1317,华北理工大学,104,第104组,,,518,
1317,华北理工大学,106,第106组,,,535,
1317,华北理工大学,203,第203组(中外合作办学或国际项目),,,481,
1317,华北理工大学,205,第205组(中外合作办学或国际项目),,,483,
1318,廊坊师范学院,102,第102组,,,451,
1318,廊坊师范学院,103,第103组,,,477,
1318,廊坊师范学院,104,第104组,,,468,
1319,河北科技大学,101,第101组,,,511,
1319,河北科技大学,102,第102组,,,474,
1319,河北科技大学,103,第103组,,,505,
1320,承德医学院,101,第101组,,,503,
1320,承德医学院,102,第102组,,,486,
1320,承德医学院,103,第103组,,,546,
1321,河北北方学院,101,第101组,,,482,
1321,河北北方学院,102,第102组,,,519,
1322,唐山学院,102,第102组,,,463,
1322,唐山学院,103,第103组,,,455,
1324,河北建筑工程学院,101,第101组,,,453,
1325,中国人民警察大学,101,第101组,,,553,
1325,中国人民警察大学,102,第102组,,,543,
1325,中国人民警察大学,303,第303组(国家专项),,,533,
1328,河北水利电力学院,101,第101组,,,477,
1330,唐山师范学院,102,第102组,,,450,
1334,河北科技工程职业技术大学,103,第103组,,,453,
1337,石家庄铁道大学四方学院,102,第102组,,,445,
1338,华北理工大学冀唐学院,101,第101组,,,450,
1340,河北金融学院,102,第102组,,,462,
1340,河北金融学院,103,第103组,,,457,
1340,河北金融学院,104,第104组,,,459,
1341,华北理工大学轻工学院,102,第102组,,,433,
1344,防灾科技学院,102,第102组,,,471,
1344,防灾科技学院,103,第103组,,,470,
1344,防灾科技学院,104,第104组,,,457,
1344,防灾科技学院,105,第105组,,,476,
1345,河北科技学院,102,第102组,,,440,
1348,河北中医药大学,103,第103组,,,507,
1352,保定理工学院,102,第102组,,,434,
1353,邯郸学院,102,第102组,,,454,
1353,邯郸学院,103,第103组,,,449,
1360,石家庄学院,104,第104组,,,462,
1360,石家庄学院,105,第105组,,,441,
1360,石家庄学院,106,第106组,,,451,
1367,衡水学院,103,第103组,,,469,
1367,衡水学院,104,第104组,,,455,
1373,河北环境工程学院,104,第104组,,,452,
1373,河北环境工程学院,105,第105组,,,450,
1376,沧州师范学院,103,第103组,,,466,
1388,河北医科大学临床学院,101,第101组,,,473,
1389,河北外国语学院,102,第102组,,,425,
1392,河北工程大学科信学院,102,第102组,,,440,
1392,河北工程大学科信学院,103,第103组,,,449,
1394,燕京理工学院,102,第102组,,,439,
1395,北京中医药大学东方学院,103,第103组,,,442,
1395,北京中医药大学东方学院,104,第104组,,,432,
1395,北京中医药大学东方学院,105,第105组,,,497,
1399,张家口学院,102,第102组,,,456,
1401,太原理工大学,109,第109组,,,601,
1401,太原理工大学,110,第110组,,,593,
1401,太原理工大学,111,第111组,,,592,
1401,太原理工大学,112,第112组,,,591,
1401,太原理工大学,114,第114组,,,586,
1401,太原理工大学,115,第115组,,,594,
1401,太原理工大学,116,第116组,,,593,
1401,太原理工大学,117,第117组,,,592,
1401,太原理工大学,118,第118组,,,581,
1401,太原理工大学,213,第213组(中外合作办学或国际项目),,,568,
1403,山西大学,107,第107组,,,576,
1403,山西大学,108,第108组,,,559,
1403,山西大学,109,第109组,,,575,
1403,山西大学,110,第110组,,,556,
1407,山西师范大学,104,第104组,,,510,
1407,山西师范大学,105,第105组,,,498,
1407,山西师范大学,106,第106组,,,527,
1407,山西师范大学,107,第107组,,,534,
1408,山西财经大学,104,第104组,,,513,
1408,山西财经大学,105,第105组,,,520,
1409,山西中医药大学,104,第104组,,,503,
1409,山西中医药大学,105,第105组,,,476,
1409,山西中医药大学,106,第106组,,,495,
1409,山西中医药大学,107,第107组,,,480,
1409,山西中医药大学,108,第108组,,,532,
1410,太原科技大学,101,第101组,,,520,
1410,太原科技大学,102,第102组,,,495,
1410,太原科技大学,103,第103组,,,496,
1411,中北大学,106,第106组,,,531,
1411,中北大学,107,第107组,,,516,
1412,山西医科大学,103,第103组,,,520,
1412,山西医科大学,104,第104组,,,489,
1412,山西医科大学,105,第105组,,,512,
1412,山西医科大学,106,第106组,,,530,
1412,山西医科大学,107,第107组,,,552,
1412,山西医科大学,108,第108组,,,578,
1412,山西医科大学,109,第109组,,,553,
1413,太原工业学院,102,第102组,,,470,
1413,太原工业学院,103,第103组,,,453,
1414,山西大同大学,103,第103组,,,498,
1414,山西大同大学,104,第104组,,,500,
1415,山西农业大学,104,第104组,,,495,
1415,山西农业大学,105,第105组,,,471,
1415,山西农业大学,106,第106组,,,463,
1415,山西农业大学,107,第107组,,,468,
1415,山西农业大学,108,第108组,,,511,
1416,太原师范学院,103,第103组,,,486,
1416,太原师范学院,104,第104组,,,463,
1416,太原师范学院,105,第105组,,,449,
1417,长治医学院,102,第102组,,,471,
1417,长治医学院,103,第103组,,,478,
1417,长治医学院,104,第104组,,,512,
1417,长治医学院,105,第105组,,,508,
1417,长治医学院,106,第106组,,,464,
1418,太原学院,102,第102组,,,464,
1418,太原学院,103,第103组,,,463,
1419,运城学院,102,第102组,,,453,
1420,忻州师范学院,109,第109组,,,452,
1420,忻州师范学院,110,第110组,,,453,
1420,忻州师范学院,111,第111组,,,450,
1420,忻州师范学院,112,第112组,,,450,
1420,忻州师范学院,113,第113组,,,451,
1421,吕梁学院,102,第102组,,,449,
1421,吕梁学院,103,第103组,,,449,
1422,山西传媒学院,102,第102组,,,458,
1422,山西传媒学院,103,第103组,,,449,
1430,山西工学院,101,第101组,,,468,
1431,山西晋中理工学院,102,第102组,,,433,
1434,长治学院,103,第103组,,,453,
1434,长治学院,104,第104组,,,453,
1434,长治学院,105,第105组,,,454,
1444,晋中学院,102,第102组,,,464,
1444,晋中学院,103,第103组,,,456,
1444,晋中学院,104,第104组,,,450,
1444,晋中学院,105,第105组,,,452,
1445,山西工程技术学院,102,第102组,,,459,
1445,山西工程技术学院,103,第103组,,,458,
1501,内蒙古大学,104,第104组,,,561,
1501,内蒙古大学,105,第105组,,,549,
1501,内蒙古大学,106,第106组,,,568,
1503,内蒙古工业大学,101,第101组,,,467,
1503,内蒙古工业大学,102,第102组,,,453,
1503,内蒙古工业大学,103,第103组,,,488,
1503,内蒙古工业大学,104,第104组,,,457,
1504,内蒙古农业大学,101,第101组,,,453,
1504,内蒙古农业大学,102,第102组,,,450,
1504,内蒙古农业大学,103,第103组,,,462,
1504,内蒙古农业大学,104,第104组,,,450,
1504,内蒙古农业大学,105,第105组,,,446,
1505,内蒙古科技大学,102,第102组,,,459,
1505,内蒙古科技大学,103,第103组,,,452,
1505,内蒙古科技大学,104,第104组,,,450,
1507,内蒙古师范大学,104,第104组,,,468,
1507,内蒙古师范大学,105,第105组,,,461,
1507,内蒙古师范大学,106,第106组,,,437,
1507,内蒙古师范大学,107,第107组,,,486,
1507,内蒙古师范大学,108,第108组,,,484,
1507,内蒙古师范大学,109,第109组,,,483,
1508,呼伦贝尔学院,104,第104组,,,448,
1508,呼伦贝尔学院,105,第105组,,,449,
1509,内蒙古民族大学,105,第105组,,,466,
1509,内蒙古民族大学,106,第106组,,,451,
1509,内蒙古民族大学,107,第107组,,,493,
1509,内蒙古民族大学,108,第108组,,,449,
1510,内蒙古医科大学,101,第101组,,,488,
1510,内蒙古医科大学,102,第102组,,,469,
1512,赤峰学院,101,第101组,,,446,
1512,赤峰学院,102,第102组,,,446,
1513,内蒙古科技大学包头师范学院,104,第104组,,,449,
1513,内蒙古科技大学包头师范学院,105,第105组,,,453,
1513,内蒙古科技大学包头师范学院,106,第106组,,,447,
1514,内蒙古科技大学包头医学院,101,第101组,,,446,
1515,内蒙古财经大学,103,第103组,,,464,
1515,内蒙古财经大学,104,第104组,,,456,
1633,营口理工学院,101,第101组,,,451,
1633,营口理工学院,102,第102组,,,438,
2101,东北大学,103,第103组,,,620,
2101,东北大学,105,第105组,,,616,
2101,东北大学,204,第204组(中外合作办学或国际项目),,,579,
2101,东北大学,307,第307组(国家专项),,,601,
2101,东北大学,506,第506组(定向),,,611,
2101,东北大学,801,第801组(少数民族预科班),,,604,
2102,大连理工大学,102,第102组,,,629,
2102,大连理工大学,104,第104组,,,619,
2102,大连理工大学,105,第105组,,,619,
2102,大连理工大学,203,第203组(中外合作办学或国际项目),,,608,
2102,大连理工大学,306,第306组(国家专项),,,603,
2103,大连海事大学,102,第102组,,,597,
2103,大连海事大学,203,第203组(中外合作办学或国际项目),,,564,
2103,大连海事大学,304,第304组(国家专项),,,569,
2104,辽宁师范大学,102,第102组,,,521,
2104,辽宁师范大学,203,第203组(中外合作办学或国际项目),,,473,
2105,辽宁大学,104,第104组,,,592,
2105,辽宁大学,105,第105组,,,567,
2105,辽宁大学,111,第111组,,,598,
2105,辽宁大学,112,第112组,,,577,
2105,辽宁大学,113,第113组,,,587,
2105,辽宁大学,116,第116组,,,569,
2105,辽宁大学,206,第206组(中外合作办学或国际项目),,,577,
2105,辽宁大学,207,第207组(中外合作办学或国际项目),,,572,
2105,辽宁大学,208,第208组(中外合作办学或国际项目),,,554,
2105,辽宁大学,209,第209组(中外合作办学或国际项目),,,570,
2105,辽宁大学,210,第210组(中外合作办学或国际项目),,,564,
2105,辽宁大学,315,第315组(国家专项),,,583,
2106,大连交通大学,105,第105组,,,539,
2106,大连交通大学,106,第106组,,,537,
2106,大连交通大学,109,第109组,,,538,
2106,大连交通大学,207,第207组(中外合作办学或国际项目),,,523,
2106,大连交通大学,208,第208组(中外合作办学或国际项目),,,510,
2106,大连交通大学,310,第310组(国家专项),,,526,
2107,沈阳药科大学,104,第104组,,,500,
2107,沈阳药科大学,105,第105组,,,534,
2107,沈阳药科大学,106,第106组,,,482,
2107,沈阳药科大学,307,第307组(国家专项),,,499,
2107,沈阳药科大学,308,第308组(国家专项),,,496,
2108,东北财经大学,104,第104组,,,583,
2108,东北财经大学,205,第205组(中外合作办学或国际项目),,,,
2108,东北财经大学,206,第206组(中外合作办学或国际项目),,,557,
2108,东北财经大学,308,第308组(国家专项),,,558,
2109,辽宁工程技术大学,101,第101组,,,480,
2109,辽宁工程技术大学,302,第302组(国家专项),,,459,
2110,沈阳大学,102,第102组,,,473,
2110,沈阳大学,104,第104组,,,487,
2110,沈阳大学,105,第105组,,,475,
2110,沈阳大学,203,第203组(中外合作办学或国际项目),,,464,
2111,中国医科大学,101,第101组,,,583,
2111,中国医科大学,102,第102组,,,587,
2111,中国医科大学,203,第203组(中外合作办学或国际项目),,,510,
2111,中国医科大学,304,第304组(国家专项),,,528,
2111,中国医科大学,305,第305组(国家专项),,,555,
2112,鞍山师范学院,102,第102组,,,451,
2113,辽宁工业大学,101,第101组,,,498,
2113,辽宁工业大学,103,第103组,,,466,
2113,辽宁工业大学,202,第202组(中外合作办学或国际项目),,,441,
2114,锦州医科大学,101,第101组,,,485,
2114,锦州医科大学,102,第102组,,,533,
2114,锦州医科大学,104,第104组,,,478,
2114,锦州医科大学,203,第203组(中外合作办学或国际项目),,,444,
2115,沈阳医学院,104,第104组,,,472,
2115,沈阳医学院,105,第105组,,,463,
2115,沈阳医学院,106,第106组,,,493,
2115,沈阳医学院,107,第107组,,,532,
2115,沈阳医学院,108,第108组,,,507,
2116,沈阳师范大学,102,第102组,,,505,
2116,沈阳师范大学,203,第203组(中外合作办学或国际项目),,,466,
2117,沈阳建筑大学,102,第102组,,,502,
2117,沈阳建筑大学,106,第106组,,,526,
2117,沈阳建筑大学,203,第203组(中外合作办学或国际项目),,,432,
2117,沈阳建筑大学,204,第204组(中外合作办学或国际项目),,,459,
2117,沈阳建筑大学,308,第308组(国家专项),,,477,
2118,辽宁石油化工大学,101,第101组,,,479,
2118,辽宁石油化工大学,104,第104组,,,490,
2118,辽宁石油化工大学,106,第106组,,,473,
2118,辽宁石油化工大学,202,第202组(中外合作办学或国际项目),,,458,
2118,辽宁石油化工大学,203,第203组(中外合作办学或国际项目),,,421,
2118,辽宁石油化工大学,205,第205组(中外合作办学或国际项目),,,,
2118,辽宁石油化工大学,307,第307组(国家专项),,,481,
2118,辽宁石油化工大学,801,第801组(少数民族预科班),,,459,
2121,沈阳农业大学,101,第101组,,,496,
2121,沈阳农业大学,102,第102组,,,494,
2121,沈阳农业大学,103,第103组,,,486,
2121,沈阳农业大学,205,第205组(中外合作办学或国际项目),,,471,
2121,沈阳农业大学,304,第304组(国家专项),,,468,
2122,大连民族大学,102,第102组,,,478,
2122,大连民族大学,103,第103组,,,466,
2122,大连民族大学,104,第104组,,,474,
2122,大连民族大学,307,第307组(国家专项),,,473,
2123,大连海洋大学,101,第101组,,,499,
2123,大连海洋大学,102,第102组,,,491,
2123,大连海洋大学,104,第104组,,,488,
2123,大连海洋大学,303,第303组(国家专项),,,518,
2124,沈阳工业大学,102,第102组,,,516,
2124,沈阳工业大学,104,第104组,,,485,
2124,沈阳工业大学,203,第203组(中外合作办学或国际项目),,,490,
2124,沈阳工业大学,305,第305组(国家专项),,,491,
2125,沈阳理工大学,102,第102组,,,523,
2125,沈阳理工大学,103,第103组,,,515,
2125,沈阳理工大学,105,第105组,,,518,
2125,沈阳理工大学,204,第204组(中外合作办学或国际项目),,,426,
2125,沈阳理工大学,307,第307组(国家专项),,,503,
2126,沈阳航空航天大学,102,第102组,,,526,
2126,沈阳航空航天大学,103,第103组,,,489,
2126,沈阳航空航天大学,104,第104组,,,551,
2126,沈阳航空航天大学,305,第305组(国家专项),,,559,
2127,辽宁科技大学,102,第102组,,,480,
2127,辽宁科技大学,203,第203组(中外合作办学或国际项目),,,446,
2127,辽宁科技大学,304,第304组(国家专项),,,480,
2128,大连大学,103,第103组,,,516,
2128,大连大学,105,第105组,,,513,
2128,大连大学,106,第106组,,,503,
2128,大连大学,107,第107组,,,565,
2128,大连大学,312,第312组(国家专项),,,550,
2129,大连医科大学,101,第101组,,,589,
2129,大连医科大学,102,第102组,,,574,
2129,大连医科大学,303,第303组(国家专项),,,574,
2129,大连医科大学,304,第304组(国家专项),,,532,
2130,沈阳化工大学,101,第101组,,,502,
2130,沈阳化工大学,102,第102组,,,490,
2130,沈阳化工大学,103,第103组,,,485,
2131,大连工业大学,105,第105组,,,544,
2131,大连工业大学,106,第106组,,,539,
2131,大连工业大学,107,第107组,,,537,
2131,大连工业大学,110,第110组,,,486,
2131,大连工业大学,111,第111组,,,491,
2131,大连工业大学,112,第112组,,,489,
2131,大连工业大学,113,第113组,,,471,
2131,大连工业大学,114,第114组,,,501,
2131,大连工业大学,115,第115组,,,511,
2131,大连工业大学,116,第116组,,,502,
2131,大连工业大学,204,第204组(中外合作办学或国际项目),,,465,
2131,大连工业大学,208,第208组(中外合作办学或国际项目),,,492,
2131,大连工业大学,209,第209组(中外合作办学或国际项目),,,513,
2131,大连工业大学,320,第320组(国家专项),,,502,
2132,大连外国语大学,104,第104组,,,,
2132,大连外国语大学,105,第105组,,,542,
2134,渤海大学,103,第103组,,,482,
2134,渤海大学,104,第104组,,,473,
2134,渤海大学,106,第106组,,,475,
2134,渤海大学,205,第205组(中外合作办学或国际项目),,,442,
2140,大连医科大学中山学院,101,第101组,,,430,
2140,大连医科大学中山学院,102,第102组,,,429,
2140,大连医科大学中山学院,103,第103组,,,418,
2140,大连医科大学中山学院,104,第104组,,,464,
2146,沈阳工程学院,101,第101组,,,519,
2147,沈阳城市建设学院,102,第102组,,,418,
2149,辽宁科技学院,101,第101组,,,452,
2159,大连财经学院,102,第102组,,,430,
2159,大连财经学院,103,第103组,,,436,
2160,大连东软信息学院,102,第102组,,,422,
2160,大连东软信息学院,103,第103组,,,435,
2162,大连理工大学(盘锦校区),102,第102组,,,609,
2162,大连理工大学(盘锦校区),105,第105组,,,608,
2162,大连理工大学(盘锦校区),203,第203组(中外合作办学或国际项目),,,594,
2162,大连理工大学(盘锦校区),204,第204组(中外合作办学或国际项目),,,587,
2162,大连理工大学(盘锦校区),306,第306组(国家专项),,,594,
2162,大连理工大学(盘锦校区),307,第307组(国家专项),,,592,
2170,辽宁对外经贸学院,102,第102组,,,,
2176,沈阳工学院,102,第102组,,,424,
2177,辽宁理工学院,102,第102组,,,426,
2180,辽宁中医药大学,110,第110组,,,481,
2180,辽宁中医药大学,111,第111组,,,497,
2180,辽宁中医药大学,112,第112组,,,452,
2180,辽宁中医药大学,113,第113组,,,476,
2180,辽宁中医药大学,114,第114组,,,483,
2180,辽宁中医药大学,116,第116组,,,476,
2180,辽宁中医药大学,117,第117组,,,523,
2180,辽宁中医药大学,118,第118组,,,493,
2180,辽宁中医药大学,119,第119组,,,505,
2180,辽宁中医药大学,120,第120组,,,475,
2180,辽宁中医药大学,121,第121组,,,511,
2180,辽宁中医药大学,215,第215组(中外合作办学或国际项目),,,441,
2187,辽宁何氏医学院,102,第102组,,,429,
2187,辽宁何氏医学院,103,第103组,,,426,
2187,辽宁何氏医学院,104,第104组,,,436,
2195,沈阳城市学院,102,第102组,,,,
2195,沈阳城市学院,103,第103组,,,,
2195,沈阳城市学院,104,第104组,,,423,
2201,吉林大学,108,第108组,,,620,
2201,吉林大学,109,第109组,,,615,
2201,吉林大学,111,第111组,,,619,
2201,吉林大学,112,第112组,,,596,
2201,吉林大学,113,第113组,,,640,
2201,吉林大学,114,第114组,,,605,
2201,吉林大学,115,第115组,,,614,
2201,吉林大学,116,第116组,,,636,
2201,吉林大学,210,第210组(中外合作办学或国际项目),,,601,
2201,吉林大学,318,第318组(国家专项),,,593,
2201,吉林大学,319,第319组(国家专项),,,619,
2201,吉林大学,320,第320组(国家专项),,,606,
2201,吉林大学,321,第321组(国家专项),,,594,
2201,吉林大学,801,第801组(少数民族预科班),,,594,
2201,吉林大学,802,第802组(少数民族预科班),,,612,
2202,延边大学,102,第102组,,,550,
2202,延边大学,103,第103组,,,569,
2202,延边大学,104,第104组,,,565,
2202,延边大学,105,第105组,,,571,
2202,延边大学,306,第306组(国家专项),,,537,
2204,东北师范大学,116,第116组,,,589,
2204,东北师范大学,117,第117组,,,589,
2204,东北师范大学,118,第118组,,,595,
2204,东北师范大学,321,第321组(国家专项),,,593,
2204,东北师范大学,322,第322组(国家专项),,,580,
2206,吉林工程技术师范学院,102,第102组,,,447,
2207,长春工业大学,102,第102组,,,482,
2207,长春工业大学,103,第103组,,,483,
2207,长春工业大学,104,第104组,,,478,
2207,长春工业大学,105,第105组,,,482,
2207,长春工业大学,106,第106组,,,512,
2207,长春工业大学,108,第108组,,,479,
2207,长春工业大学,109,第109组,,,511,
2207,长春工业大学,110,第110组,,,505,
2207,长春工业大学,111,第111组,,,518,
2207,长春工业大学,112,第112组,,,480,
2207,长春工业大学,207,第207组(中外合作办学或国际项目),,,466,
2209,吉林化工学院,103,第103组,,,453,
2209,吉林化工学院,104,第104组,,,449,
2209,吉林化工学院,105,第105组,,,450,
2209,吉林化工学院,106,第106组,,,452,
2210,吉林师范大学,106,第106组,,,513,
2210,吉林师范大学,109,第109组,,,536,
2210,吉林师范大学,110,第110组,,,518,
2210,吉林师范大学,111,第111组,,,503,
2210,吉林师范大学,207,第207组(中外合作办学或国际项目),,,455,
2210,吉林师范大学,208,第208组(中外合作办学或国际项目),,,420,
2211,白城师范学院,102,第102组,,,447,
2211,白城师范学院,103,第103组,,,437,
2212,吉林医药学院,101,第101组,,,473,
2212,吉林医药学院,102,第102组,,,450,
2212,吉林医药学院,103,第103组,,,480,
2212,吉林医药学院,104,第104组,,,465,
2212,吉林医药学院,205,第205组(中外合作办学或国际项目),,,429,
2213,东北电力大学,101,第101组,,,553,
2213,东北电力大学,103,第103组,,,528,
2213,东北电力大学,202,第202组(中外合作办学或国际项目),,,568,
2214,吉林财经大学,103,第103组,,,490,
2214,吉林财经大学,205,第205组(中外合作办学或国际项目),,,470,
2215,长春理工大学,104,第104组,,,547,
2215,长春理工大学,105,第105组,,,518,
2215,长春理工大学,206,第206组(中外合作办学或国际项目),,,482,
2215,长春理工大学,307,第307组(国家专项),,,552,
2215,长春理工大学,308,第308组(国家专项),,,540,
2216,吉林农业大学,103,第103组,,,502,
2216,吉林农业大学,104,第104组,,,464,
2216,吉林农业大学,105,第105组,,,475,
2216,吉林农业大学,108,第108组,,,469,
2216,吉林农业大学,206,第206组(中外合作办学或国际项目),,,437,
2216,吉林农业大学,207,第207组(中外合作办学或国际项目),,,443,
2216,吉林农业大学,311,第311组(国家专项),,,480,
2217,北华大学,104,第104组,,,485,
2217,北华大学,105,第105组,,,448,
2217,北华大学,107,第107组,,,480,
2217,北华大学,108,第108组,,,507,
2217,北华大学,206,第206组(中外合作办学或国际项目),,,439,
2218,长春工程学院,101,第101组,,,452,
2218,长春工程学院,104,第104组,,,454,
2218,长春工程学院,202,第202组(中外合作办学或国际项目),,,427,
2219,长春师范大学,107,第107组,,,458,
2219,长春师范大学,109,第109组,,,501,
2219,长春师范大学,110,第110组,,,501,
2219,长春师范大学,111,第111组,,,489,
2219,长春师范大学,208,第208组(中外合作办学或国际项目),,,462,
2220,长春大学,103,第103组,,,495,
2220,长春大学,204,第204组(中外合作办学或国际项目),,,440,
2220,长春大学,205,第205组(中外合作办学或国际项目),,,,
2220,长春大学,206,第206组(中外合作办学或国际项目),,,,
2220,长春大学,207,第207组(中外合作办学或国际项目),,,,
2221,吉林建筑大学,103,第103组,,,472,
2221,吉林建筑大学,104,第104组,,,471,
2221,吉林建筑大学,107,第107组,,,455,
2221,吉林建筑大学,109,第109组,,,462,
2221,吉林建筑大学,110,第110组,,,479,
2221,吉林建筑大学,205,第205组(中外合作办学或国际项目),,,449,
2221,吉林建筑大学,206,第206组(中外合作办学或国际项目),,,439,
2221,吉林建筑大学,208,第208组(中外合作办学或国际项目),,,448,
2222,通化师范学院,104,第104组,,,451,
2222,通化师范学院,106,第106组,,,453,
2222,通化师范学院,107,第107组,,,448,
2222,通化师范学院,109,第109组,,,460,
2222,通化师范学院,205,第205组(中外合作办学或国际项目),,,431,
2222,通化师范学院,208,第208组(中外合作办学或国际项目),,,,
2223,长春中医药大学,103,第103组,,,472,
2223,长春中医药大学,104,第104组,,,502,
2223,长春中医药大学,205,第205组(中外合作办学或国际项目),,,451,
2223,长春中医药大学,306,第306组(国家专项),,,492,
2224,吉林外国语大学,102,第102组,,,430,
2228,长春科技学院,101,第101组,,,428,
2228,长春科技学院,102,第102组,,,433,
2233,吉林农业科技学院,102,第102组,,,449,
2233,吉林农业科技学院,103,第103组,,,448,
2239,长春建筑学院,102,第102组,,,427,
2240,长春工业大学人文信息学院,102,第102组,,,417,
2246,长春光华学院,102,第102组,,,441,
2248,长春电子科技学院,102,第102组,,,421,
2251,长春大学旅游学院,102,第102组,,,418,
2252,吉林师范大学博达学院,101,第101组,,,419,
2261,吉林工商学院,102,第102组,,,451,
2261,吉林工商学院,103,第103组,,,451,
2263,吉林警察学院,103,第103组,,,458,
2301,哈尔滨工业大学,103,第103组,,,653,
2301,哈尔滨工业大学,204,第204组(中外合作办学或国际项目),,,621,
2301,哈尔滨工业大学,205,第205组(中外合作办学或国际项目),,,610,
2301,哈尔滨工业大学,206,第206组(中外合作办学或国际项目),,,620,
2301,哈尔滨工业大学,207,第207组(中外合作办学或国际项目),,,599,
2301,哈尔滨工业大学,308,第308组(国家专项),,,624,
2301,哈尔滨工业大学,709,第709组(民族班),,,631,
2302,哈尔滨工程大学,102,第102组,,,625,
2302,哈尔滨工程大学,103,第103组,,,611,
2302,哈尔滨工程大学,204,第204组(中外合作办学或国际项目),,,592,
2302,哈尔滨工程大学,305,第305组(国家专项),,,593,
2302,哈尔滨工程大学,801,第801组(少数民族预科班),,,595,
2303,东北农业大学,102,第102组,,,570,
2303,东北农业大学,103,第103组,,,568,
2303,东北农业大学,104,第104组,,,523,
2303,东北农业大学,105,第105组,,,564,
2303,东北农业大学,307,第307组(国家专项),,,563,
2303,东北农业大学,308,第308组(国家专项),,,559,
2305,东北林业大学,104,第104组,,,573,
2305,东北林业大学,106,第106组,,,567,
2305,东北林业大学,107,第107组,,,568,
2305,东北林业大学,205,第205组(中外合作办学或国际项目),,,553,
2305,东北林业大学,308,第308组(国家专项),,,558,
2306,东北石油大学,108,第108组,,,512,
2306,东北石油大学,109,第109组,,,498,
2306,东北石油大学,110,第110组,,,514,
2309,哈尔滨师范大学,103,第103组,,,527,
2309,哈尔滨师范大学,104,第104组,,,522,
2309,哈尔滨师范大学,105,第105组,,,547,
2310,黑龙江大学,108,第108组,,,516,
2310,黑龙江大学,109,第109组,,,508,
2310,黑龙江大学,110,第110组,,,482,
2310,黑龙江大学,311,第311组(国家专项),,,521,
2310,黑龙江大学,312,第312组(国家专项),,,484,
2311,哈尔滨理工大学,101,第101组,,,544,
2311,哈尔滨理工大学,102,第102组,,,543,
2311,哈尔滨理工大学,103,第103组,,,532,
2312,哈尔滨商业大学,103,第103组,,,470,
2312,哈尔滨商业大学,104,第104组,,,490,
2312,哈尔滨商业大学,105,第105组,,,441,
2312,哈尔滨商业大学,106,第106组,,,476,
2313,黑龙江中医药大学,103,第103组,,,498,
2313,黑龙江中医药大学,104,第104组,,,511,
2313,黑龙江中医药大学,105,第105组,,,466,
2313,黑龙江中医药大学,106,第106组,,,478,
2313,黑龙江中医药大学,107,第107组,,,513,
2313,黑龙江中医药大学,108,第108组,,,483,
2313,黑龙江中医药大学,109,第109组,,,488,
2314,黑龙江科技大学,103,第103组,,,475,
2314,黑龙江科技大学,104,第104组,,,475,
2314,黑龙江科技大学,105,第105组,,,469,
2315,佳木斯大学,105,第105组,,,459,
2315,佳木斯大学,106,第106组,,,516,
2316,哈尔滨医科大学,104,第104组,,,528,
2316,哈尔滨医科大学,105,第105组,,,509,
2316,哈尔滨医科大学,106,第106组,,,519,
2316,哈尔滨医科大学,107,第107组,,,590,
2316,哈尔滨医科大学,108,第108组,,,547,
2316,哈尔滨医科大学,109,第109组,,,541,
2316,哈尔滨医科大学,110,第110组,,,516,
2317,齐齐哈尔大学,103,第103组,,,472,
2317,齐齐哈尔大学,104,第104组,,,461,
2318,牡丹江医学院,101,第101组,,,456,
2318,牡丹江医学院,102,第102组,,,473,
2318,牡丹江医学院,103,第103组,,,508,
2319,牡丹江师范学院,103,第103组,,,447,
2319,牡丹江师范学院,104,第104组,,,447,
2320,哈尔滨学院,104,第104组,,,452,
2320,哈尔滨学院,105,第105组,,,459,
2320,哈尔滨学院,106,第106组,,,456,
2321,黑龙江工程学院,102,第102组,,,451,
2321,黑龙江工程学院,103,第103组,,,448,
2325,黑龙江工业学院,102,第102组,,,448,
2325,黑龙江工业学院,103,第103组,,,445,
2334,齐齐哈尔医学院,102,第102组,,,465,
2334,齐齐哈尔医学院,103,第103组,,,483,
2337,大庆师范学院,103,第103组,,,447,
2338,黑河学院,101,第101组,,,449,
2338,黑河学院,102,第102组,,,446,
2338,黑河学院,103,第103组,,,447,
2339,哈尔滨远东理工学院,101,第101组,,,420,
2340,哈尔滨金融学院,102,第102组,,,470,
2343,哈尔滨信息工程学院,102,第102组,,,422,
2343,哈尔滨信息工程学院,103,第103组,,,423,
2351,黑龙江八一农垦大学,106,第106组,,,470,
2351,黑龙江八一农垦大学,107,第107组,,,470,
2351,黑龙江八一农垦大学,108,第108组,,,453,
2351,黑龙江八一农垦大学,109,第109组,,,462,
2351,黑龙江八一农垦大学,110,第110组,,,475,
2351,黑龙江八一农垦大学,111,第111组,,,467,
2351,黑龙江八一农垦大学,112,第112组,,,451,
2351,黑龙江八一农垦大学,113,第113组,,,449,
2351,黑龙江八一农垦大学,114,第114组,,,447,
2351,黑龙江八一农垦大学,115,第115组,,,453,
2351,黑龙江八一农垦大学,116,第116组,,,457,
2351,黑龙江八一农垦大学,117,第117组,,,453,
2351,黑龙江八一农垦大学,118,第118组,,,458,
2351,黑龙江八一农垦大学,119,第119组,,,451,
2351,黑龙江八一农垦大学,120,第120组,,,454,
2354,绥化学院,104,第104组,,,453,
2354,绥化学院,105,第105组,,,463,
2354,绥化学院,106,第106组,,,456,
2354,绥化学院,107,第107组,,,454,
2354,绥化学院,108,第108组,,,452,
2354,绥化学院,109,第109组,,,454,
2354,绥化学院,110,第110组,,,456,
2354,绥化学院,111,第111组,,,463,
2354,绥化学院,112,第112组,,,451,
2369,黑龙江东方学院,102,第102组,,,,
2379,黑龙江外国语学院,102,第102组,,,427,
2380,黑龙江工程学院昆仑旅游学院,102,第102组,,,,
2381,哈尔滨华德学院,102,第102组,,,,
3101,复旦大学,103,第103组,,,681,
3101,复旦大学,104,第104组,,,673,
3101,复旦大学,105,第105组,,,670,
3101,复旦大学,307,第307组(国家专项),,,662,
3101,复旦大学,308,第308组(国家专项),,,667,
3102,上海交通大学,102,第102组,,,683,
3102,上海交通大学,103,第103组,,,674,
3102,上海交通大学,104,第104组,,,664,
3102,上海交通大学,306,第306组(国家专项),,,657,
3103,东华大学,102,第102组,,,610,
3103,东华大学,103,第103组,,,604,
3103,东华大学,304,第304组(国家专项),,,600,
3103,东华大学,305,第305组(国家专项),,,588,
3104,同济大学,103,第103组,,,652,
3104,同济大学,105,第105组,,,648,
3104,同济大学,106,第106组,,,654,
3104,同济大学,204,第204组(中外合作办学或国际项目),,,642,
3104,同济大学,307,第307组(国家专项),,,636,
3105,华东理工大学,103,第103组,,,617,
3105,华东理工大学,104,第104组,,,615,
3105,华东理工大学,105,第105组,,,611,
3105,华东理工大学,211,第211组(中外合作办学或国际项目),,,581,
3105,华东理工大学,307,第307组(国家专项),,,600,
3105,华东理工大学,308,第308组(国家专项),,,608,
3105,华东理工大学,710,第710组(民族班),,,611,
3106,华东师范大学,109,第109组,,,639,
3106,华东师范大学,110,第110组,,,647,
3106,华东师范大学,111,第111组,,,637,
3107,上海外国语大学,104,第104组,,,615,
3107,上海外国语大学,306,第306组(国家专项),,,590,
3108,复旦大学医学院,101,第101组,,,677,
3108,复旦大学医学院,302,第302组(国家专项),,,637,
3109,上海财经大学,102,第102组,,,635,
3110,上海大学,102,第102组,,,616,
3110,上海大学,104,第104组,,,614,
3110,上海大学,203,第203组(中外合作办学或国际项目),,,598,
3110,上海大学,205,第205组(中外合作办学或国际项目),,,592,
3110,上海大学,306,第306组(国家专项),,,604,
3110,上海大学,307,第307组(国家专项),,,600,
3114,上海海洋大学,102,第102组,,,582,
3114,上海海洋大学,203,第203组(中外合作办学或国际项目),,,560,
3116,华东政法大学,103,第103组,,,612,
3116,华东政法大学,104,第104组,,,604,
3116,华东政法大学,802,第802组(少数民族预科班),,,585,
3117,上海体育大学,104,第104组,,,563,
3117,上海体育大学,105,第105组,,,560,
3117,上海体育大学,106,第106组,,,566,
3118,上海电力大学,101,第101组,,,594,
3118,上海电力大学,801,第801组(少数民族预科班),,,575,
3119,上海商学院,102,第102组,,,538,
3119,上海商学院,306,第306组(国家专项),,,519,
3120,上海第二工业大学,102,第102组,,,559,
3120,上海第二工业大学,103,第103组,,,539,
3120,上海第二工业大学,104,第104组,,,527,
3120,上海第二工业大学,801,第801组(少数民族预科班),,,506,
3121,上海电机学院,102,第102组,,,520,
3121,上海电机学院,203,第203组(中外合作办学或国际项目),,,450,
3122,上海海事大学,102,第102组,,,573,
3122,上海海事大学,802,第802组(少数民族预科班),,,560,
3123,上海对外经贸大学,103,第103组,,,590,
3123,上海对外经贸大学,204,第204组(中外合作办学或国际项目),,,544,
3126,上海理工大学,101,第101组,,,584,
3126,上海理工大学,202,第202组(中外合作办学或国际项目),,,579,
3126,上海理工大学,303,第303组(国家专项),,,559,
3126,上海理工大学,801,第801组(少数民族预科班),,,564,
3128,上海师范大学,102,第102组,,,577,
3128,上海师范大学,304,第304组(国家专项),,,497,
3129,上海工程技术大学,101,第101组,,,538,
3129,上海工程技术大学,102,第102组,,,528,
3130,上海杉达学院,103,第103组,,,,
3130,上海杉达学院,104,第104组,,,435,
3131,上海政法学院,102,第102组,,,577,
3135,海军军医大学,104,第104组,,,601,
3135,海军军医大学,105,第105组,,,621,
3138,上海视觉艺术学院,104,第104组,,,469,
3139,上海应用技术大学,101,第101组,,,545,
3139,上海应用技术大学,202,第202组(中外合作办学或国际项目),,,532,
3139,上海应用技术大学,204,第204组(中外合作办学或国际项目),,,499,
3142,上海健康医学院,101,第101组,,,491,
3142,上海健康医学院,102,第102组,,,492,
3143,上海海关学院,102,第102组,,,556,
3146,上海立信会计金融学院,102,第102组,,,544,
3146,上海立信会计金融学院,104,第104组,,,541,
3146,上海立信会计金融学院,105,第105组,,,553,
3146,上海立信会计金融学院,307,第307组(国家专项),,,542,
3146,上海立信会计金融学院,308,第308组(国家专项),,,521,
3146,上海立信会计金融学院,802,第802组(少数民族预科班),,,525,
3149,上海建桥学院,102,第102组,,,425,
3162,上海中侨职业技术大学,102,第102组,,,415,
3169,上海外国语大学贤达经济人文学院,102,第102组,,,429,
3169,上海外国语大学贤达经济人文学院,103,第103组,,,,
3170,上海交通大学医学院,101,第101组,,,677,
3170,上海交通大学医学院,102,第102组,,,645,
3170,上海交通大学医学院,303,第303组(国家专项),,,658,
3171,上海师范大学天华学院,102,第102组,,,,
3173,上海立达学院,102,第102组,,,,
3173,上海立达学院,103,第103组,,,,
3201,南京大学,103,第103组,,,665,
3201,南京大学,104,第104组,,,669,
3201,南京大学,306,第306组(国家专项),,,650,
3201,南京大学,307,第307组(国家专项),,,646,
3202,东南大学,104,第104组,,,645,
3202,东南大学,306,第306组(国家专项),,,642,
3202,东南大学,307,第307组(国家专项),,,632,
3202,东南大学,308,第308组(国家专项),,,637,
3202,东南大学,309,第309组(国家专项),,,619,
3202,东南大学,310,第310组(国家专项),,,630,
3202,东南大学,311,第311组(国家专项),,,620,
3202,东南大学,801,第801组(少数民族预科班),,,620,
3203,中国矿业大学,104,第104组,,,596,
3203,中国矿业大学,106,第106组,,,597,
3203,中国矿业大学,203,第203组(中外合作办学或国际项目),,,580,
3203,中国矿业大学,205,第205组(中外合作办学或国际项目),,,589,
3203,中国矿业大学,308,第308组(国家专项),,,574,
3203,中国矿业大学,309,第309组(国家专项),,,575,
3204,河海大学,102,第102组,,,607,
3204,河海大学,104,第104组,,,604,
3204,河海大学,106,第106组,,,603,
3204,河海大学,203,第203组(中外合作办学或国际项目),,,577,
3204,河海大学,205,第205组(中外合作办学或国际项目),,,576,
3204,河海大学,308,第308组(国家专项),,,601,
3205,南京理工大学,102,第102组,,,618,
3205,南京理工大学,103,第103组,,,608,
3205,南京理工大学,304,第304组(国家专项),,,613,
3205,南京理工大学,305,第305组(国家专项),,,588,
3206,南京航空航天大学,103,第103组,,,620,
3206,南京航空航天大学,304,第304组(国家专项),,,614,
3206,南京航空航天大学,801,第801组(少数民族预科班),,,602,
3207,南京农业大学,102,第102组,,,587,
3207,南京农业大学,103,第103组,,,583,
3207,南京农业大学,304,第304组(国家专项),,,567,
3207,南京农业大学,305,第305组(国家专项),,,567,
3208,中国药科大学,102,第102组,,,606,
3208,中国药科大学,103,第103组,,,603,
3208,中国药科大学,204,第204组(中外合作办学或国际项目),,,595,
3208,中国药科大学,305,第305组(国家专项),,,567,
3208,中国药科大学,306,第306组(国家专项),,,597,
3208,中国药科大学,307,第307组(国家专项),,,590,
3208,中国药科大学,801,第801组(少数民族预科班),,,582,
3208,中国药科大学,802,第802组(少数民族预科班),,,591,
3209,南京师范大学,106,第106组,,,602,
3209,南京师范大学,107,第107组,,,606,
3209,南京师范大学,108,第108组,,,598,
3209,南京师范大学,310,第310组(国家专项),,,572,
3209,南京师范大学,311,第311组(国家专项),,,597,
3209,南京师范大学,312,第312组(国家专项),,,588,
3210,苏州大学,102,第102组,,,618,
3210,苏州大学,103,第103组,,,614,
3210,苏州大学,104,第104组,,,630,
3210,苏州大学,105,第105组,,,592,
3210,苏州大学,307,第307组(国家专项),,,599,
3210,苏州大学,308,第308组(国家专项),,,589,
3210,苏州大学,309,第309组(国家专项),,,589,
3211,江南大学,106,第106组,,,607,
3211,江南大学,108,第108组,,,596,
3211,江南大学,109,第109组,,,617,
3211,江南大学,310,第310组(国家专项),,,565,
3211,江南大学,311,第311组(国家专项),,,581,
3211,江南大学,801,第801组(少数民族预科班),,,600,
3212,南京信息工程大学,102,第102组,,,597,
3212,南京信息工程大学,203,第203组(中外合作办学或国际项目),,,575,
3212,南京信息工程大学,304,第304组(国家专项),,,560,
3212,南京信息工程大学,305,第305组(国家专项),,,558,
3213,西交利物浦大学,102,第102组,,,567,
3213,西交利物浦大学,103,第103组,,,567,
3215,江苏大学,102,第102组,,,574,
3215,江苏大学,103,第103组,,,561,
3215,江苏大学,104,第104组,,,571,
3215,江苏大学,305,第305组(国家专项),,,552,
3215,江苏大学,306,第306组(国家专项),,,565,
3215,江苏大学,307,第307组(国家专项),,,551,
3216,盐城师范学院,101,第101组,,,451,
3217,淮阴工学院,101,第101组,,,465,
3217,淮阴工学院,102,第102组,,,464,
3217,淮阴工学院,103,第103组,,,467,
3218,南京林业大学,102,第102组,,,576,
3218,南京林业大学,103,第103组,,,558,
3218,南京林业大学,104,第104组,,,567,
3218,南京林业大学,305,第305组(国家专项),,,560,
3218,南京林业大学,306,第306组(国家专项),,,550,
3220,苏州科技大学,103,第103组,,,559,
3220,苏州科技大学,105,第105组,,,549,
3220,苏州科技大学,204,第204组(中外合作办学或国际项目),,,511,
3222,南京邮电大学,101,第101组,,,609,
3222,南京邮电大学,302,第302组(国家专项),,,556,
3223,江苏师范大学,105,第105组,,,543,
3223,江苏师范大学,206,第206组(中外合作办学或国际项目),,,508,
3224,常州大学,103,第103组,,,543,
3224,常州大学,104,第104组,,,528,
3224,常州大学,105,第105组,,,544,
3224,常州大学,106,第106组,,,553,
3225,常熟理工学院,102,第102组,,,505,
3225,常熟理工学院,103,第103组,,,488,
3226,南京审计大学,103,第103组,,,590,
3226,南京审计大学,204,第204组(中外合作办学或国际项目),,,576,
3227,南京财经大学,102,第102组,,,563,
3228,江苏师范大学科文学院,102,第102组,,,431,
3230,南京工业大学,102,第102组,,,568,
3230,南京工业大学,103,第103组,,,559,
3230,南京工业大学,104,第104组,,,577,
3230,南京工业大学,305,第305组(国家专项),,,562,
3230,南京工业大学,306,第306组(国家专项),,,549,
3230,南京工业大学,307,第307组(国家专项),,,549,
3231,南京理工大学紫金学院,101,第101组,,,448,
3233,南京中医药大学,101,第101组,,,572,
3233,南京中医药大学,102,第102组,,,579,
3233,南京中医药大学,103,第103组,,,601,
3234,南京医科大学,102,第102组,,,568,
3234,南京医科大学,103,第103组,,,587,
3234,南京医科大学,104,第104组,,,611,
3235,江苏科技大学,103,第103组,,,548,
3235,江苏科技大学,104,第104组,,,544,
3235,江苏科技大学,105,第105组,,,552,
3235,江苏科技大学,106,第106组,,,538,
3237,徐州医科大学,101,第101组,,,577,
3238,南通大学,102,第102组,,,567,
3238,南通大学,103,第103组,,,535,
3238,南通大学,104,第104组,,,587,
3239,淮阴师范学院,104,第104组,,,456,
3240,南京工程学院,102,第102组,,,537,
3241,常州工学院,101,第101组,,,511,
3243,江苏海洋大学,102,第102组,,,503,
3243,江苏海洋大学,802,第802组(少数民族预科班),,,477,
3244,盐城工学院,101,第101组,,,467,
3245,扬州大学,105,第105组,,,573,
3245,扬州大学,106,第106组,,,582,
3245,扬州大学,308,第308组(国家专项),,,550,
3245,扬州大学,309,第309组(国家专项),,,543,
3246,南京传媒学院,102,第102组,,,461,
3249,无锡太湖学院,102,第102组,,,,
3250,徐州工程学院,102,第102组,,,487,
3256,无锡学院,102,第102组,,,508,
3257,南京邮电大学通达学院,102,第102组,,,449,
3258,南京审计大学金审学院,102,第102组,,,443,
3259,南京航空航天大学金城学院,103,第103组,,,441,
3259,南京航空航天大学金城学院,104,第104组,,,441,
3261,南京工业大学浦江学院,102,第102组,,,444,
3261,南京工业大学浦江学院,103,第103组,,,441,
3262,南京晓庄学院,102,第102组,,,510,
3262,南京晓庄学院,103,第103组,,,511,
3263,东南大学成贤学院,103,第103组,,,462,
3264,江苏理工学院,102,第102组,,,511,
3264,江苏理工学院,104,第104组,,,492,
3264,江苏理工学院,203,第203组(中外合作办学或国际项目),,,503,
3265,三江学院,102,第102组,,,428,
3271,南京特殊教育师范学院,102,第102组,,,493,
3271,南京特殊教育师范学院,103,第103组,,,452,
3273,金陵科技学院,102,第102组,,,501,
3273,金陵科技学院,103,第103组,,,489,
3273,金陵科技学院,802,第802组(少数民族预科班),,,476,
3277,南京理工大学泰州科技学院,101,第101组,,,429,
3283,南通大学杏林学院,101,第101组,,,436,
3283,南通大学杏林学院,102,第102组,,,435,
3286,南京工业职业技术大学,102,第102组,,,478,
3290,常州大学怀德学院,102,第102组,,,433,
3301,浙江大学,107,第107组,,,672,
3301,浙江大学,309,第309组(国家专项),,,655,
3301,浙江大学,310,第310组(国家专项),,,651,
3302,浙江中医药大学,103,第103组,,,538,
3302,浙江中医药大学,104,第104组,,,537,
3302,浙江中医药大学,105,第105组,,,560,
3302,浙江中医药大学,106,第106组,,,534,
3303,宁波大学,108,第108组,,,589,
3303,宁波大学,109,第109组,,,587,
3303,宁波大学,112,第112组,,,581,
3303,宁波大学,113,第113组,,,585,
3303,宁波大学,114,第114组,,,578,
3303,宁波大学,118,第118组,,,582,
3303,宁波大学,210,第210组(中外合作办学或国际项目),,,,
3303,宁波大学,211,第211组(中外合作办学或国际项目),,,571,
3303,宁波大学,215,第215组(中外合作办学或国际项目),,,551,
3303,宁波大学,316,第316组(国家专项),,,552,
3304,湖州师范学院,103,第103组,,,484,
3304,湖州师范学院,104,第104组,,,515,
3304,湖州师范学院,802,第802组(少数民族预科班),,,470,
3305,绍兴文理学院,102,第102组,,,480,
3305,绍兴文理学院,801,第801组(少数民族预科班),,,446,
3306,浙江工商大学,102,第102组,,,551,
3307,中国计量大学,102,第102组,,,565,
3307,中国计量大学,103,第103组,,,564,
3307,中国计量大学,104,第104组,,,553,
3307,中国计量大学,106,第106组,,,556,
3308,杭州电子科技大学,104,第104组,,,597,
3308,杭州电子科技大学,205,第205组(中外合作办学或国际项目),,,596,
3309,中国美术学院,102,第102组,,,602,
3310,浙江理工大学,107,第107组,,,575,
3310,浙江理工大学,108,第108组,,,557,
3310,浙江理工大学,112,第112组,,,573,
3310,浙江理工大学,211,第211组(中外合作办学或国际项目),,,,
3310,浙江理工大学,313,第313组(国家专项),,,550,
3310,浙江理工大学,315,第315组(国家专项),,,538,
3310,浙江理工大学,316,第316组(国家专项),,,551,
3311,温州医科大学,101,第101组,,,511,
3311,温州医科大学,102,第102组,,,526,
3311,温州医科大学,103,第103组,,,572,
3311,温州医科大学,204,第204组(中外合作办学或国际项目),,,586,
3312,浙江农林大学,103,第103组,,,537,
3312,浙江农林大学,104,第104组,,,509,
3312,浙江农林大学,105,第105组,,,515,
3312,浙江农林大学,306,第306组(国家专项),,,517,
3313,浙江海洋大学,102,第102组,,,530,
3313,浙江海洋大学,104,第104组,,,512,
3313,浙江海洋大学,105,第105组,,,518,
3313,浙江海洋大学,106,第106组,,,521,
3313,浙江海洋大学,203,第203组(中外合作办学或国际项目),,,516,
3314,浙江工业大学,102,第102组,,,589,
3314,浙江工业大学,103,第103组,,,584,
3314,浙江工业大学,104,第104组,,,567,
3314,浙江工业大学,105,第105组,,,577,
3314,浙江工业大学,201,第201组(中外合作办学或国际项目),,,583,
3314,浙江工业大学,306,第306组(国家专项),,,585,
3314,浙江工业大学,307,第307组(国家专项),,,549,
3315,嘉兴学院,102,第102组,,,506,
3315,嘉兴学院,103,第103组,,,484,
3315,嘉兴学院,104,第104组,,,500,
3315,嘉兴学院,802,第802组(少数民族预科班),,,473,
3318,浙江师范大学,107,第107组,,,570,
3318,浙江师范大学,109,第109组,,,557,
3318,浙江师范大学,208,第208组(中外合作办学或国际项目),,,,
3318,浙江师范大学,214,第214组(中外合作办学或国际项目),,,561,
3318,浙江师范大学,313,第313组(国家专项),,,564,
3319,温州大学,103,第103组,,,543,
3319,温州大学,105,第105组,,,533,
3319,温州大学,106,第106组,,,535,
3319,温州大学,204,第204组(中外合作办学或国际项目),,,518,
3320,浙江科技学院,102,第102组,,,515,
3320,浙江科技学院,203,第203组(中外合作办学或国际项目),,,,
3320,浙江科技学院,801,第801组(少数民族预科班),,,480,
3321,台州学院,102,第102组,,,471,
3321,台州学院,103,第103组,,,467,
3321,台州学院,104,第104组,,,466,
3321,台州学院,802,第802组(少数民族预科班),,,451,
3322,浙江财经大学,103,第103组,,,556,
3322,浙江财经大学,104,第104组,,,569,
3322,浙江财经大学,205,第205组(中外合作办学或国际项目),,,549,
3322,浙江财经大学,307,第307组(国家专项),,,571,
3322,浙江财经大学,308,第308组(国家专项),,,566,
3323,杭州师范大学,104,第104组,,,562,
3323,杭州师范大学,106,第106组,,,564,
3323,杭州师范大学,108,第108组,,,584,
3323,杭州师范大学,109,第109组,,,536,
3323,杭州师范大学,110,第110组,,,577,
3323,杭州师范大学,205,第205组(中外合作办学或国际项目),,,504,
3323,杭州师范大学,207,第207组(中外合作办学或国际项目),,,497,
3323,杭州师范大学,211,第211组(中外合作办学或国际项目),,,520,
3325,浙江传媒学院,103,第103组,,,546,
3325,浙江传媒学院,204,第204组(中外合作办学或国际项目),,,540,
3325,浙江传媒学院,205,第205组(中外合作办学或国际项目),,,466,
3326,浙江树人学院,102,第102组,,,432,
3326,浙江树人学院,103,第103组,,,431,
3328,中国计量大学现代科技学院,101,第101组,,,445,
3329,丽水学院,103,第103组,,,471,
3329,丽水学院,104,第104组,,,477,
3329,丽水学院,105,第105组,,,469,
3329,丽水学院,106,第106组,,,478,
3329,丽水学院,107,第107组,,,449,
3329,丽水学院,802,第802组(少数民族预科班),,,448,
3331,浙大城市学院,103,第103组,,,518,
3331,浙大城市学院,204,第204组(中外合作办学或国际项目),,,467,
3332,浙江万里学院,102,第102组,,,464,
3332,浙江万里学院,103,第103组,,,449,
3332,浙江万里学院,104,第104组,,,445,
3332,浙江万里学院,105,第105组,,,446,
3332,浙江万里学院,206,第206组(中外合作办学或国际项目),,,426,
3333,浙大宁波理工学院,102,第102组,,,507,
3334,宁波大学科学技术学院,102,第102组,,,440,
3335,宁波诺丁汉大学,103,第103组,,,554,
3335,宁波诺丁汉大学,104,第104组,,,549,
3336,宁波工程学院,102,第102组,,,486,
3336,宁波工程学院,103,第103组,,,488,
3336,宁波工程学院,105,第105组,,,480,
3336,宁波工程学院,204,第204组(中外合作办学或国际项目),,,451,
3337,浙江工业大学之江学院,102,第102组,,,432,
3339,嘉兴南湖学院,102,第102组,,,481,
3340,浙江水利水电学院,101,第101组,,,477,
3340,浙江水利水电学院,102,第102组,,,482,
3343,浙江广厦建设职业技术大学,102,第102组,,,415,
3346,杭州医学院,101,第101组,,,475,
3346,杭州医学院,102,第102组,,,514,
3346,杭州医学院,103,第103组,,,503,
3346,杭州医学院,104,第104组,,,490,
3347,湖州学院,102,第102组,,,476,
3348,温州商学院,102,第102组,,,425,
3350,浙江外国语学院,102,第102组,,,503,
3350,浙江外国语学院,203,第203组(中外合作办学或国际项目),,,498,
3351,浙江药科职业大学,102,第102组,,,449,
3351,浙江药科职业大学,103,第103组,,,456,
3351,浙江药科职业大学,104,第104组,,,449,
3351,浙江药科职业大学,105,第105组,,,452,
3351,浙江药科职业大学,106,第106组,,,449,
3351,浙江药科职业大学,107,第107组,,,453,
3365,宁波财经学院,102,第102组,,,418,
3367,浙江农林大学暨阳学院,101,第101组,,,437,
3367,浙江农林大学暨阳学院,102,第102组,,,440,
3367,浙江农林大学暨阳学院,103,第103组,,,426,
3368,温州医科大学仁济学院,101,第101组,,,448,
3372,温州理工学院,102,第102组,,,489,
3380,浙江越秀外国语学院,102,第102组,,,432,
3380,浙江越秀外国语学院,207,第207组(中外合作办学或国际项目),,,416,
3383,浙江大学医学院,201,第201组(中外合作办学或国际项目),,,634,
3386,衢州学院,102,第102组,,,470,
3386,衢州学院,103,第103组,,,463,
3386,衢州学院,104,第104组,,,459,
3387,上海财经大学浙江学院,102,第102组,,,451,
3393,温州肯恩大学,102,第102组,,,,
3401,中国科学技术大学,101,第101组,,,667,
3401,中国科学技术大学,102,第102组,,,666,
3401,中国科学技术大学,303,第303组(国家专项),,,657,
3401,中国科学技术大学,304,第304组(国家专项),,,654,
3402,安徽大学,102,第102组,,,600,
3402,安徽大学,203,第203组(中外合作办学或国际项目),,,574,
3404,合肥工业大学,104,第104组,,,603,
3404,合肥工业大学,105,第105组,,,608,
3404,合肥工业大学,106,第106组,,,603,
3404,合肥工业大学,107,第107组,,,602,
3404,合肥工业大学,108,第108组,,,591,
3404,合肥工业大学,110,第110组,,,606,
3404,合肥工业大学,209,第209组(中外合作办学或国际项目),,,571,
3404,合肥工业大学,311,第311组(国家专项),,,585,
3404,合肥工业大学,312,第312组(国家专项),,,580,
3404,合肥工业大学,801,第801组(少数民族预科班),,,585,
3405,合肥工业大学(宣城校区),102,第102组,,,599,
3405,合肥工业大学(宣城校区),103,第103组,,,591,
3405,合肥工业大学(宣城校区),304,第304组(国家专项),,,589,
3405,合肥工业大学(宣城校区),305,第305组(国家专项),,,583,
3406,安徽中医药大学,103,第103组,,,490,
3406,安徽中医药大学,104,第104组,,,511,
3406,安徽中医药大学,105,第105组,,,525,
3407,安徽医科大学,103,第103组,,,601,
3407,安徽医科大学,104,第104组,,,565,
3407,安徽医科大学,105,第105组,,,569,
3408,淮北师范大学,106,第106组,,,499,
3408,淮北师范大学,107,第107组,,,508,
3408,淮北师范大学,108,第108组,,,494,
3409,安徽财经大学,102,第102组,,,540,
3410,合肥学院,102,第102组,,,484,
3410,合肥学院,103,第103组,,,481,
3411,安徽理工大学,101,第101组,,,531,
3411,安徽理工大学,102,第102组,,,527,
3411,安徽理工大学,103,第103组,,,524,
3411,安徽理工大学,104,第104组,,,533,
3412,安徽工业大学,102,第102组,,,517,
3412,安徽工业大学,103,第103组,,,537,
3412,安徽工业大学,104,第104组,,,520,
3412,安徽工业大学,105,第105组,,,520,
3413,安徽农业大学,103,第103组,,,508,
3413,安徽农业大学,104,第104组,,,507,
3416,安徽工程大学,101,第101组,,,495,
3416,安徽工程大学,102,第102组,,,478,
3416,安徽工程大学,103,第103组,,,486,
3417,安徽师范大学,108,第108组,,,542,
3417,安徽师范大学,109,第109组,,,540,
3417,安徽师范大学,110,第110组,,,550,
3417,安徽师范大学,111,第111组,,,554,
3418,安徽科技学院,101,第101组,,,468,
3418,安徽科技学院,102,第102组,,,461,
3418,安徽科技学院,103,第103组,,,456,
3418,安徽科技学院,104,第104组,,,483,
3419,安徽建筑大学,102,第102组,,,512,
3419,安徽建筑大学,103,第103组,,,510,
3419,安徽建筑大学,104,第104组,,,502,
3419,安徽建筑大学,105,第105组,,,498,
3419,安徽建筑大学,106,第106组,,,519,
3422,合肥师范学院,101,第101组,,,486,
3422,合肥师范学院,102,第102组,,,466,
3422,合肥师范学院,103,第103组,,,462,
3425,黄山学院,102,第102组,,,450,
3426,蚌埠医学院,103,第103组,,,488,
3426,蚌埠医学院,104,第104组,,,499,
3427,阜阳师范大学,102,第102组,,,482,
3434,皖江工学院,101,第101组,,,439,
3434,皖江工学院,102,第102组,,,433,
3443,宿州学院,101,第101组,,,454,
3443,宿州学院,102,第102组,,,462,
3444,皖西学院,102,第102组,,,472,
3448,安徽信息工程学院,101,第101组,,,436,
3458,蚌埠学院,101,第101组,,,460,
3458,蚌埠学院,102,第102组,,,457,
3463,池州学院,102,第102组,,,459,
3463,池州学院,103,第103组,,,449,
3463,池州学院,104,第104组,,,451,
3501,厦门大学,104,第104组,,,639,
3501,厦门大学,105,第105组,,,640,
3501,厦门大学,107,第107组,,,638,
3501,厦门大学,109,第109组,,,637,
3501,厦门大学,115,第115组(厦门大学马来西亚分校),,,580,
3501,厦门大学,116,第116组(厦门大学马来西亚分校),,,572,
3501,厦门大学,117,第117组(厦门大学马来西亚分校),,,577,
3501,厦门大学,312,第312组(国家专项),,,633,
3501,厦门大学,313,第313组(国家专项),,,617,
3501,厦门大学,802,第802组(少数民族预科班),,,634,
3502,福州大学,102,第102组,,,604,
3502,福州大学,105,第105组,,,599,
3502,福州大学,203,第203组(中外合作办学或国际项目),,,576,
3502,福州大学,204,第204组(中外合作办学或国际项目),,,587,
3502,福州大学,306,第306组(国家专项),,,585,
3502,福州大学,307,第307组(国家专项),,,591,
3502,福州大学,308,第308组(国家专项),,,579,
3505,宁德师范学院,102,第102组,,,455,
3506,福建医科大学,101,第101组,,,504,
3506,福建医科大学,102,第102组,,,546,
3506,福建医科大学,103,第103组,,,578,
3507,集美大学,102,第102组,,,549,
3507,集美大学,103,第103组,,,555,
3507,集美大学,104,第104组,,,541,
3507,集美大学,105,第105组,,,540,
3507,集美大学,311,第311组(国家专项),,,550,
3507,集美大学,312,第312组(国家专项),,,532,
3508,华侨大学,102,第102组,,,552,
3508,华侨大学,104,第104组,,,552,
3508,华侨大学,105,第105组,,,545,
3509,福建师范大学,103,第103组,,,568,
3509,福建师范大学,202,第202组(中外合作办学或国际项目),,,539,
3509,福建师范大学,306,第306组(国家专项),,,507,
3510,厦门理工学院,103,第103组,,,534,
3510,厦门理工学院,204,第204组(中外合作办学或国际项目),,,523,
3510,厦门理工学院,205,第205组(中外合作办学或国际项目),,,514,
3511,仰恩大学,102,第102组,,,423,
3512,闽南师范大学,103,第103组,,,490,
3512,闽南师范大学,104,第104组,,,505,
3512,闽南师范大学,105,第105组,,,482,
3513,福建理工大学,101,第101组,,,492,
3514,莆田学院,102,第102组,,,479,
3514,莆田学院,104,第104组,,,495,
3514,莆田学院,203,第203组(中外合作办学或国际项目),,,447,
3515,泉州师范学院,103,第103组,,,462,
3515,泉州师范学院,104,第104组,,,442,
3515,泉州师范学院,105,第105组,,,452,
3515,泉州师范学院,106,第106组,,,474,
3515,泉州师范学院,111,第111组,,,489,
3516,福建农林大学,105,第105组,,,498,
3516,福建农林大学,107,第107组,,,508,
3516,福建农林大学,206,第206组(中外合作办学或国际项目),,,492,
3516,福建农林大学,208,第208组(中外合作办学或国际项目),,,457,
3516,福建农林大学,309,第309组(国家专项),,,488,
3517,闽江学院,102,第102组,,,487,
3517,闽江学院,103,第103组,,,476,
3518,福建中医药大学,102,第102组,,,536,
3518,福建中医药大学,103,第103组,,,488,
3518,福建中医药大学,104,第104组,,,561,
3518,福建中医药大学,201,第201组(中外合作办学或国际项目),,,445,
3519,厦门大学嘉庚学院,102,第102组,,,439,
3519,厦门大学嘉庚学院,103,第103组,,,445,
3520,三明学院,102,第102组,,,450,
3521,厦门工学院,102,第102组,,,426,
3522,福建商学院,102,第102组,,,465,
3522,福建商学院,103,第103组,,,461,
3523,集美大学诚毅学院,102,第102组,,,438,
3524,泉州职业技术大学,102,第102组,,,430,
3525,武夷学院,102,第102组,,,454,
3525,武夷学院,103,第103组,,,450,
3526,龙岩学院,102,第102组,,,453,
3526,龙岩学院,104,第104组,,,446,
3529,福建师范大学协和学院,103,第103组,,,428,
3529,福建师范大学协和学院,104,第104组,,,433,
3529,福建师范大学协和学院,202,第202组(中外合作办学或国际项目),,,423,
3531,阳光学院,102,第102组,,,421,
3531,阳光学院,204,第204组(中外合作办学或国际项目),,,,
3532,福建农林大学金山学院,103,第103组,,,428,
3532,福建农林大学金山学院,204,第204组(中外合作办学或国际项目),,,,
3534,福建技术师范学院,104,第104组,,,464,
3534,福建技术师范学院,105,第105组,,,452,
3534,福建技术师范学院,106,第106组,,,457,
3534,福建技术师范学院,107,第107组,,,448,
3535,泉州信息工程学院,101,第101组,,,426,
3536,闽南科技学院,102,第102组,,,430,
3540,福州大学至诚学院,102,第102组,,,434,
3540,福州大学至诚学院,103,第103组,,,426,
3572,厦门医学院,101,第101组,,,514,
3572,厦门医学院,102,第102组,,,513,
3575,福建江夏学院,102,第102组,,,469,
3587,厦门华厦学院,102,第102组,,,431,
3599,福州外语外贸学院,102,第102组,,,417,
3599,福州外语外贸学院,103,第103组,,,,
3601,南昌大学,109,第109组,,,598,
3601,南昌大学,110,第110组,,,600,
3601,南昌大学,111,第111组,,,591,
3601,南昌大学,112,第112组,,,610,
3601,南昌大学,114,第114组,,,585,
3601,南昌大学,115,第115组,,,588,
3601,南昌大学,213,第213组(中外合作办学或国际项目),,,590,
3602,南昌师范学院,102,第102组,,,475,
3602,南昌师范学院,103,第103组,,,504,
3603,华东交通大学,107,第107组,,,554,
3603,华东交通大学,109,第109组,,,548,
3603,华东交通大学,110,第110组,,,549,
3603,华东交通大学,208,第208组(中外合作办学或国际项目),,,535,
3604,江西财经大学,104,第104组,,,569,
3604,江西财经大学,107,第107组,,,564,
3604,江西财经大学,205,第205组(中外合作办学或国际项目),,,582,
3605,南昌航空大学,106,第106组,,,548,
3605,南昌航空大学,108,第108组,,,527,
3605,南昌航空大学,201,第201组(中外合作办学或国际项目),,,534,
3606,景德镇陶瓷大学,106,第106组,,,504,
3606,景德镇陶瓷大学,107,第107组,,,502,
3606,景德镇陶瓷大学,108,第108组,,,505,
3606,景德镇陶瓷大学,109,第109组,,,488,
3606,景德镇陶瓷大学,110,第110组,,,506,
3606,景德镇陶瓷大学,111,第111组,,,495,
3607,东华理工大学,104,第104组,,,523,
3607,东华理工大学,105,第105组,,,526,
3608,江西理工大学,102,第102组,,,519,
3608,江西理工大学,103,第103组,,,516,
3608,江西理工大学,104,第104组,,,542,
3608,江西理工大学,105,第105组,,,556,
3608,江西理工大学,106,第106组,,,561,
3608,江西理工大学,107,第107组,,,503,
3609,宜春学院,104,第104组,,,456,
3609,宜春学院,105,第105组,,,471,
3609,宜春学院,106,第106组,,,468,
3609,宜春学院,107,第107组,,,477,
3609,宜春学院,108,第108组,,,484,
3609,宜春学院,109,第109组,,,471,
3609,宜春学院,110,第110组,,,481,
3610,江西师范大学,114,第114组,,,541,
3610,江西师范大学,115,第115组,,,544,
3610,江西师范大学,116,第116组,,,581,
3610,江西师范大学,117,第117组,,,559,
3610,江西师范大学,118,第118组,,,579,
3610,江西师范大学,119,第119组,,,580,
3611,赣南师范大学,104,第104组,,,487,
3611,赣南师范大学,105,第105组,,,485,
3611,赣南师范大学,106,第106组,,,455,
3611,赣南师范大学,107,第107组,,,496,
3612,江西农业大学,110,第110组,,,499,
3612,江西农业大学,111,第111组,,,508,
3612,江西农业大学,112,第112组,,,507,
3612,江西农业大学,113,第113组,,,490,
3612,江西农业大学,114,第114组,,,492,
3612,江西农业大学,115,第115组,,,511,
3612,江西农业大学,116,第116组,,,507,
3612,江西农业大学,117,第117组,,,532,
3613,江西中医药大学,105,第105组,,,502,
3613,江西中医药大学,106,第106组,,,517,
3613,江西中医药大学,107,第107组,,,530,
3613,江西中医药大学,108,第108组,,,526,
3614,上饶师范学院,103,第103组,,,467,
3614,上饶师范学院,104,第104组,,,448,
3614,上饶师范学院,105,第105组,,,469,
3614,上饶师范学院,106,第106组,,,460,
3614,上饶师范学院,107,第107组,,,471,
3615,井冈山大学,105,第105组,,,494,
3615,井冈山大学,106,第106组,,,493,
3618,江西科技师范大学,105,第105组,,,505,
3618,江西科技师范大学,106,第106组,,,498,
3618,江西科技师范大学,107,第107组,,,480,
3618,江西科技师范大学,108,第108组,,,493,
3618,江西科技师范大学,109,第109组,,,484,
3618,江西科技师范大学,110,第110组,,,516,
3618,江西科技师范大学,111,第111组,,,529,
3619,九江学院,102,第102组,,,465,
3619,九江学院,103,第103组,,,476,
3619,九江学院,104,第104组,,,468,
3620,赣南医学院,101,第101组,,,492,
3623,江西师范大学科学技术学院,102,第102组,,,446,
3626,南昌交通学院,103,第103组,,,441,
3627,赣南科技学院,102,第102组,,,464,
3629,南昌医学院,103,第103组,,,562,
3629,南昌医学院,104,第104组,,,530,
3629,南昌医学院,105,第105组,,,533,
3630,赣南师范大学科技学院,102,第102组,,,446,
3631,赣东学院,102,第102组,,,474,
3631,赣东学院,103,第103组,,,454,
3632,南昌大学科学技术学院,102,第102组,,,429,
3635,南昌工程学院,102,第102组,,,495,
3639,江西科技学院,102,第102组,,,428,
3639,江西科技学院,103,第103组,,,438,
3640,新余学院,102,第102组,,,466,
3640,新余学院,103,第103组,,,466,
3641,萍乡学院,104,第104组,,,459,
3641,萍乡学院,105,第105组,,,473,
3641,萍乡学院,106,第106组,,,453,
3641,萍乡学院,107,第107组,,,450,
3644,江西财经大学现代经济管理学院,102,第102组,,,438,
3645,南昌理工学院,102,第102组,,,432,
3645,南昌理工学院,203,第203组(中外合作办学或国际项目),,,441,
3652,南昌航空大学科技学院,102,第102组,,,444,
3654,江西农业大学南昌商学院,102,第102组,,,441,
3656,江西应用科技学院,103,第103组,,,423,
3665,南昌工学院,103,第103组,,,436,
3665,南昌工学院,104,第104组,,,426,
3670,江西服装学院,103,第103组,,,423,
3670,江西服装学院,104,第104组,,,,
3701,山东大学,103,第103组,,,624,
3701,山东大学,104,第104组,,,622,
3701,山东大学,105,第105组,,,643,
3701,山东大学,106,第106组,,,626,
3701,山东大学,309,第309组(国家专项),,,615,
3701,山东大学,310,第310组(国家专项),,,613,
3702,中国海洋大学,108,第108组,,,610,
3702,中国海洋大学,109,第109组,,,615,
3702,中国海洋大学,110,第110组,,,616,
3702,中国海洋大学,111,第111组,,,612,
3702,中国海洋大学,113,第113组,,,613,
3702,中国海洋大学,204,第204组(中外合作办学或国际项目),,,597,
3702,中国海洋大学,205,第205组(中外合作办学或国际项目),,,602,
3702,中国海洋大学,206,第206组(中外合作办学或国际项目),,,600,
3702,中国海洋大学,207,第207组(中外合作办学或国际项目),,,592,
3702,中国海洋大学,212,第212组(中外合作办学或国际项目),,,593,
3702,中国海洋大学,314,第314组(国家专项),,,607,
3702,中国海洋大学,315,第315组(国家专项),,,598,
3702,中国海洋大学,316,第316组(国家专项),,,597,
3702,中国海洋大学,802,第802组(少数民族预科班),,,605,
3703,山东政法学院,102,第102组,,,502,
3704,哈尔滨工业大学(威海),102,第102组,,,625,
3704,哈尔滨工业大学(威海),103,第103组,,,636,
3704,哈尔滨工业大学(威海),304,第304组(国家专项),,,613,
3705,中国石油大学(华东),102,第102组,,,598,
3705,中国石油大学(华东),103,第103组,,,586,
3705,中国石油大学(华东),104,第104组,,,592,
3705,中国石油大学(华东),305,第305组(国家专项),,,587,
3705,中国石油大学(华东),306,第306组(国家专项),,,585,
3706,山东大学威海分校,103,第103组,,,620,
3706,山东大学威海分校,204,第204组(中外合作办学或国际项目),,,613,
3706,山东大学威海分校,205,第205组(中外合作办学或国际项目),,,603,
3706,山东大学威海分校,307,第307组(国家专项),,,600,
3707,山东农业大学,102,第102组,,,509,
3707,山东农业大学,103,第103组,,,486,
3707,山东农业大学,104,第104组,,,499,
3707,山东农业大学,105,第105组,,,507,
3707,山东农业大学,106,第106组,,,503,
3707,山东农业大学,107,第107组,,,495,
3708,山东理工大学,104,第104组,,,535,
3708,山东理工大学,105,第105组,,,524,
3708,山东理工大学,106,第106组,,,519,
3708,山东理工大学,107,第107组,,,520,
3709,济宁医学院,101,第101组,,,473,
3709,济宁医学院,102,第102组,,,471,
3709,济宁医学院,103,第103组,,,476,
3709,济宁医学院,104,第104组,,,479,
3710,青岛科技大学,102,第102组,,,540,
3710,青岛科技大学,103,第103组,,,530,
3710,青岛科技大学,104,第104组,,,508,
3710,青岛科技大学,105,第105组,,,529,
3712,北京交通大学(威海校区),202,第202组(中外合作办学或国际项目),,,584,
3713,青岛大学,102,第102组,,,566,
3713,青岛大学,103,第103组,,,528,
3713,青岛大学,104,第104组,,,553,
3714,山东工商学院,103,第103组,,,470,
3714,山东工商学院,104,第104组,,,461,
3715,山东中医药大学,101,第101组,,,526,
3715,山东中医药大学,102,第102组,,,524,
3715,山东中医药大学,103,第103组,,,561,
3716,济南大学,103,第103组,,,558,
3716,济南大学,104,第104组,,,563,
3716,济南大学,105,第105组,,,573,
3716,济南大学,106,第106组,,,550,
3716,济南大学,107,第107组,,,539,
3716,济南大学,108,第108组,,,547,
3716,济南大学,109,第109组,,,522,
3716,济南大学,110,第110组,,,544,
3717,青岛理工大学,102,第102组,,,528,
3717,青岛理工大学,103,第103组,,,538,
3717,青岛理工大学,104,第104组,,,530,
3717,青岛理工大学,105,第105组,,,529,
3718,烟台大学,105,第105组,,,518,
3718,烟台大学,106,第106组,,,503,
3718,烟台大学,107,第107组,,,511,
3718,烟台大学,902,第902组(边防军人子女预科班),,,476,
3719,山东师范大学,105,第105组,,,561,
3719,山东师范大学,106,第106组,,,581,
3719,山东师范大学,107,第107组,,,564,
3719,山东师范大学,108,第108组,,,590,
3719,山东师范大学,310,第310组(国家专项),,,456,
3719,山东师范大学,311,第311组(国家专项),,,547,
3721,山东科技大学,101,第101组,,,551,
3721,山东科技大学,102,第102组,,,545,
3721,山东科技大学,303,第303组(国家专项),,,544,
3721,山东科技大学,304,第304组(国家专项),,,499,
3722,临沂大学,102,第102组,,,506,
3722,临沂大学,103,第103组,,,477,
3722,临沂大学,204,第204组(中外合作办学或国际项目),,,,
3723,潍坊学院,103,第103组,,,465,
3723,潍坊学院,104,第104组,,,460,
3723,潍坊学院,105,第105组,,,453,
3723,潍坊学院,106,第106组,,,459,
3727,滨州医学院,102,第102组,,,428,
3727,滨州医学院,103,第103组,,,565,
3727,滨州医学院,104,第104组,,,507,
3727,滨州医学院,105,第105组,,,507,
3728,菏泽学院,102,第102组,,,464,
3728,菏泽学院,103,第103组,,,450,
3728,菏泽学院,104,第104组,,,452,
3729,枣庄学院,101,第101组,,,451,
3730,鲁东大学,102,第102组,,,496,
3731,齐鲁工业大学,105,第105组,,,522,
3731,齐鲁工业大学,106,第106组,,,473,
3732,山东交通学院,102,第102组,,,475,
3732,山东交通学院,103,第103组,,,468,
3732,山东交通学院,104,第104组,,,488,
3733,山东财经大学,102,第102组,,,534,
3734,泰山学院,102,第102组,,,451,
3734,泰山学院,103,第103组,,,448,
3734,泰山学院,104,第104组,,,452,
3735,聊城大学,102,第102组,,,472,
3736,山东第一医科大学,102,第102组,,,584,
3736,山东第一医科大学,103,第103组,,,529,
3736,山东第一医科大学,104,第104组,,,524,
3736,山东第一医科大学,105,第105组,,,530,
3737,青岛农业大学,104,第104组,,,502,
3737,青岛农业大学,105,第105组,,,480,
3737,青岛农业大学,106,第106组,,,482,
3737,青岛农业大学,107,第107组,,,485,
3737,青岛农业大学,108,第108组,,,495,
3738,山东建筑大学,102,第102组,,,511,
3739,山东工艺美术学院,102,第102组,,,440,
3739,山东工艺美术学院,103,第103组,,,440,
3740,潍坊医学院,101,第101组,,,486,
3740,潍坊医学院,102,第102组,,,470,
3740,潍坊医学院,103,第103组,,,509,
3740,潍坊医学院,104,第104组,,,537,
3745,山东管理学院,102,第102组,,,468,
3749,山东石油化工学院,102,第102组,,,472,
3750,曲阜师范大学,106,第106组,,,527,
3750,曲阜师范大学,107,第107组,,,523,
3751,滨州学院,102,第102组,,,481,
3751,滨州学院,103,第103组,,,472,
3757,聊城大学东昌学院,102,第102组,,,440,
3757,聊城大学东昌学院,103,第103组,,,437,
3760,青岛城市学院,102,第102组,,,431,
3760,青岛城市学院,103,第103组,,,427,
3763,山东青年政治学院,101,第101组,,,452,
3764,青岛恒星科技学院,104,第104组,,,419,
3770,山东英才学院,101,第101组,,,,
3782,山东女子学院,105,第105组,,,426,
3782,山东女子学院,106,第106组,,,451,
3782,山东女子学院,107,第107组,,,454,
3782,山东女子学院,108,第108组,,,473,
3782,山东女子学院,109,第109组,,,467,
3791,青岛工学院,102,第102组,,,426,
3796,齐鲁医药学院,101,第101组,,,450,
3796,齐鲁医药学院,102,第102组,,,441,
3798,山东工程职业技术大学,101,第101组,,,431,
4101,郑州大学,103,第103组,,,594,
4101,郑州大学,104,第104组,,,599,
4101,郑州大学,105,第105组,,,594,
4102,河南城建学院,102,第102组,,,450,
4103,华北水利水电大学,101,第101组,,,530,
4103,华北水利水电大学,102,第102组,,,529,
4104,河南大学,107,第107组,,,556,
4104,河南大学,109,第109组,,,572,
4104,河南大学,110,第110组,,,574,
4104,河南大学,111,第111组,,,569,
4104,河南大学,112,第112组,,,579,
4104,河南大学,208,第208组(中外合作办学或国际项目),,,550,
4105,郑州轻工业大学,103,第103组,,,521,
4105,郑州轻工业大学,105,第105组,,,508,
4105,郑州轻工业大学,106,第106组,,,544,
4105,郑州轻工业大学,204,第204组(中外合作办学或国际项目),,,458,
4106,河南科技大学,104,第104组,,,540,
4106,河南科技大学,105,第105组,,,545,
4106,河南科技大学,106,第106组,,,502,
4106,河南科技大学,107,第107组,,,571,
4106,河南科技大学,108,第108组,,,481,
4107,郑州航空工业管理学院,103,第103组,,,461,
4107,郑州航空工业管理学院,104,第104组,,,464,
4107,郑州航空工业管理学院,105,第105组,,,485,
4107,郑州航空工业管理学院,208,第208组(中外合作办学或国际项目),,,439,
4108,河南工业大学,103,第103组,,,512,
4108,河南工业大学,104,第104组,,,525,
4108,河南工业大学,107,第107组,,,512,
4108,河南工业大学,108,第108组,,,493,
4108,河南工业大学,110,第110组,,,489,
4108,河南工业大学,205,第205组(中外合作办学或国际项目),,,471,
4108,河南工业大学,206,第206组(中外合作办学或国际项目),,,514,
4108,河南工业大学,209,第209组(中外合作办学或国际项目),,,447,
4108,河南工业大学,211,第211组(中外合作办学或国际项目),,,457,
4109,河南理工大学,102,第102组,,,528,
4109,河南理工大学,103,第103组,,,518,
4109,河南理工大学,105,第105组,,,517,
4109,河南理工大学,106,第106组,,,524,
4109,河南理工大学,107,第107组,,,517,
4109,河南理工大学,108,第108组,,,520,
4109,河南理工大学,204,第204组(中外合作办学或国际项目),,,520,
4110,信阳师范大学,202,第202组(中外合作办学或国际项目),,,449,
4111,中原工学院,101,第101组,,,475,
4111,中原工学院,102,第102组,,,485,
4111,中原工学院,104,第104组,,,456,
4111,中原工学院,203,第203组(中外合作办学或国际项目),,,442,
4112,南阳理工学院,104,第104组,,,469,
4112,南阳理工学院,105,第105组,,,477,
4112,南阳理工学院,106,第106组,,,453,
4112,南阳理工学院,108,第108组,,,445,
4112,南阳理工学院,207,第207组(中外合作办学或国际项目),,,443,
4113,黄河科技学院,103,第103组,,,430,
4113,黄河科技学院,104,第104组,,,426,
4114,河南师范大学,104,第104组,,,475,
4114,河南师范大学,105,第105组,,,538,
4114,河南师范大学,106,第106组,,,469,
4116,河南中医药大学,102,第102组,,,493,
4117,新乡医学院,101,第101组,,,549,
4118,商丘师范学院,102,第102组,,,464,
4118,商丘师范学院,103,第103组,,,460,
4118,商丘师范学院,104,第104组,,,454,
4119,南阳师范学院,104,第104组,,,450,
4119,南阳师范学院,105,第105组,,,481,
4119,南阳师范学院,107,第107组,,,457,
4120,洛阳师范学院,102,第102组,,,465,
4120,洛阳师范学院,103,第103组,,,474,
4125,周口师范学院,103,第103组,,,456,
4125,周口师范学院,104,第104组,,,449,
4125,周口师范学院,105,第105组,,,452,
4125,周口师范学院,106,第106组,,,465,
4125,周口师范学院,107,第107组,,,447,
4125,周口师范学院,108,第108组,,,476,
4126,安阳师范学院,102,第102组,,,463,
4126,安阳师范学院,103,第103组,,,450,
4127,河南农业大学,103,第103组,,,519,
4127,河南农业大学,104,第104组,,,510,
4127,河南农业大学,105,第105组,,,507,
4127,河南农业大学,106,第106组,,,524,
4127,河南农业大学,107,第107组,,,509,
4128,许昌学院,102,第102组,,,469,
4128,许昌学院,103,第103组,,,456,
4129,郑州工程技术学院,102,第102组,,,466,
4129,郑州工程技术学院,103,第103组,,,455,
4129,郑州工程技术学院,104,第104组,,,449,
4131,商丘工学院,101,第101组,,,436,
4133,平顶山学院,103,第103组,,,462,
4133,平顶山学院,104,第104组,,,456,
4134,河南工学院,101,第101组,,,460,
4137,洛阳理工学院,102,第102组,,,470,
4137,洛阳理工学院,103,第103组,,,451,
4138,安阳工学院,103,第103组,,,453,
4138,安阳工学院,104,第104组,,,449,
4145,新乡学院,101,第101组,,,456,
4145,新乡学院,102,第102组,,,452,
4145,新乡学院,103,第103组,,,450,
4146,郑州工业应用技术学院,102,第102组,,,427,
4149,郑州师范学院,102,第102组,,,483,
4152,黄淮学院,103,第103组,,,457,
4152,黄淮学院,104,第104组,,,450,
4152,黄淮学院,105,第105组,,,456,
4152,黄淮学院,202,第202组(中外合作办学或国际项目),,,451,
4155,河南科技学院,101,第101组,,,457,
4155,河南科技学院,102,第102组,,,484,
4158,河南财经政法大学,102,第102组,,,538,
4160,郑州工商学院,102,第102组,,,441,
4162,郑州财经学院,102,第102组,,,440,
4164,河南牧业经济学院,102,第102组,,,451,
4170,河南工程学院,102,第102组,,,472,
4170,河南工程学院,103,第103组,,,489,
4170,河南工程学院,104,第104组,,,449,
4170,河南工程学院,105,第105组,,,452,
4170,河南工程学院,106,第106组,,,466,
4173,河南财政金融学院,102,第102组,,,476,
4187,郑州商学院,102,第102组,,,439,
4201,武汉大学,105,第105组,,,645,
4201,武汉大学,107,第107组,,,636,
4201,武汉大学,108,第108组,,,645,
4201,武汉大学,109,第109组,,,640,
4201,武汉大学,206,第206组(中外合作办学或国际项目),,,632,
4201,武汉大学,310,第310组(国家专项),,,634,
4201,武汉大学,311,第311组(国家专项),,,629,
4202,华中科技大学,112,第112组,,,652,
4202,华中科技大学,113,第113组,,,650,
4202,华中科技大学,214,第214组(中外合作办学或国际项目),,,609,
4202,华中科技大学,315,第315组(国家专项),,,630,
4202,华中科技大学,316,第316组(国家专项),,,628,
4203,武汉理工大学,104,第104组,,,627,
4203,武汉理工大学,105,第105组,,,622,
4203,武汉理工大学,107,第107组,,,613,
4203,武汉理工大学,108,第108组,,,607,
4203,武汉理工大学,206,第206组(中外合作办学或国际项目),,,598,
4203,武汉理工大学,209,第209组(中外合作办学或国际项目),,,580,
4203,武汉理工大学,310,第310组(国家专项),,,600,
4203,武汉理工大学,311,第311组(国家专项),,,596,
4204,武汉城市学院（原武汉科技大学城市学院）,102,第102组,,,424,
4205,武汉华夏理工学院,102,第102组,,,442,
4208,中国地质大学(武汉),107,第107组,,,603,
4208,中国地质大学(武汉),108,第108组,,,602,
4208,中国地质大学(武汉),110,第110组,,,599,
4208,中国地质大学(武汉),111,第111组,,,592,
4208,中国地质大学(武汉),209,第209组(中外合作办学或国际项目),,,599,
4208,中国地质大学(武汉),212,第212组(中外合作办学或国际项目),,,554,
4208,中国地质大学(武汉),313,第313组(国家专项),,,594,
4208,中国地质大学(武汉),314,第314组(国家专项),,,591,
4209,华中农业大学,103,第103组,,,592,
4209,华中农业大学,104,第104组,,,586,
4209,华中农业大学,105,第105组,,,583,
4209,华中农业大学,107,第107组,,,599,
4209,华中农业大学,308,第308组(国家专项),,,597,
4209,华中农业大学,309,第309组(国家专项),,,578,
4209,华中农业大学,310,第310组(国家专项),,,587,
4209,华中农业大学,311,第311组(国家专项),,,569,
4209,华中农业大学,801,第801组(少数民族预科班),,,577,
4211,湖北文理学院理工学院,102,第102组,,,443,
4214,武昌首义学院,102,第102组,,,438,
4215,华中师范大学,123,第123组,,,614,
4215,华中师范大学,124,第124组,,,600,
4215,华中师范大学,125,第125组,,,623,
4215,华中师范大学,126,第126组,,,620,
4215,华中师范大学,330,第330组(国家专项),,,612,
4215,华中师范大学,331,第331组(国家专项),,,605,
4215,华中师范大学,332,第332组(国家专项),,,610,
4215,华中师范大学,802,第802组(少数民族预科班),,,588,
4216,中南财经政法大学,110,第110组,,,604,
4216,中南财经政法大学,112,第112组,,,621,
4216,中南财经政法大学,113,第113组,,,619,
4216,中南财经政法大学,311,第311组(国家专项),,,601,
4216,中南财经政法大学,802,第802组(少数民族预科班),,,597,
4218,武汉体育学院,102,第102组,,,493,
4218,武汉体育学院,103,第103组,,,486,
4219,中南民族大学,104,第104组,,,539,
4219,中南民族大学,105,第105组,,,535,
4219,中南民族大学,106,第106组,,,525,
4219,中南民族大学,107,第107组,,,525,
4219,中南民族大学,310,第310组(国家专项),,,523,
4219,中南民族大学,311,第311组(国家专项),,,517,
4219,中南民族大学,802,第802组(少数民族预科班),,,521,
4220,长江大学,117,第117组,,,538,
4220,长江大学,119,第119组,,,541,
4220,长江大学,120,第120组,,,522,
4220,长江大学,218,第218组(中外合作办学或国际项目),,,461,
4223,武汉纺织大学外经贸学院,102,第102组,,,429,
4224,湖北大学,104,第104组,,,571,
4224,湖北大学,105,第105组,,,571,
4224,湖北大学,107,第107组,,,561,
4224,湖北大学,109,第109组,,,562,
4224,湖北大学,110,第110组,,,553,
4224,湖北大学,206,第206组(中外合作办学或国际项目),,,536,
4224,湖北大学,208,第208组(中外合作办学或国际项目),,,509,
4225,武昌工学院,102,第102组,,,436,
4226,武汉科技大学,105,第105组,,,581,
4226,武汉科技大学,106,第106组,,,556,
4226,武汉科技大学,107,第107组,,,567,
4226,武汉科技大学,108,第108组,,,566,
4227,武汉工程大学,103,第103组,,,566,
4227,武汉工程大学,104,第104组,,,557,
4227,武汉工程大学,105,第105组,,,557,
4227,武汉工程大学,206,第206组(中外合作办学或国际项目),,,490,
4228,武汉纺织大学,101,第101组,,,522,
4228,武汉纺织大学,102,第102组,,,517,
4229,湖北汽车工业学院,102,第102组,,,495,
4229,湖北汽车工业学院,203,第203组(中外合作办学或国际项目),,,485,
4230,武汉轻工大学,103,第103组,,,552,
4230,武汉轻工大学,104,第104组,,,520,
4230,武汉轻工大学,105,第105组,,,527,
4230,武汉轻工大学,106,第106组,,,524,
4231,湖北民族大学,105,第105组,,,488,
4231,湖北民族大学,106,第106组,,,483,
4231,湖北民族大学,107,第107组,,,485,
4231,湖北民族大学,802,第802组(少数民族预科班),,,461,
4234,湖北工业大学,105,第105组,,,562,
4234,湖北工业大学,106,第106组,,,561,
4235,三峡大学,107,第107组,,,546,
4235,三峡大学,108,第108组,,,550,
4235,三峡大学,110,第110组,,,528,
4235,三峡大学,111,第111组,,,533,
4235,三峡大学,209,第209组(中外合作办学或国际项目),,,568,
4235,三峡大学,802,第802组(少数民族预科班),,,509,
4236,湖北科技学院,102,第102组,,,477,
4236,湖北科技学院,103,第103组,,,475,
4236,湖北科技学院,104,第104组,,,504,
4237,湖北师范大学,103,第103组,,,529,
4237,湖北师范大学,104,第104组,,,513,
4237,湖北师范大学,105,第105组,,,512,
4237,湖北师范大学,106,第106组,,,535,
4238,湖北中医药大学,103,第103组,,,528,
4238,湖北中医药大学,104,第104组,,,516,
4238,湖北中医药大学,105,第105组,,,521,
4238,湖北中医药大学,106,第106组,,,544,
4239,湖北医药学院,101,第101组,,,535,
4240,文华学院,102,第102组,,,435,
4241,黄冈师范学院,102,第102组,,,478,
4242,湖北师范大学文理学院,102,第102组,,,440,
4243,湖北工业大学工程技术学院,102,第102组,,,447,
4247,荆州学院,102,第102组,,,435,
4250,湖北经济学院,102,第102组,,,514,
4251,湖北第二师范学院,102,第102组,,,489,
4251,湖北第二师范学院,203,第203组(中外合作办学或国际项目),,,473,
4252,江汉大学,107,第107组,,,549,
4252,江汉大学,108,第108组,,,570,
4254,武汉商学院,103,第103组,,,505,
4257,湖北理工学院,102,第102组,,,493,
4257,湖北理工学院,104,第104组,,,485,
4257,湖北理工学院,105,第105组,,,501,
4257,湖北理工学院,203,第203组(中外合作办学或国际项目),,,440,
4257,湖北理工学院,204,第204组(中外合作办学或国际项目),,,453,
4259,荆楚理工学院,102,第102组,,,472,
4259,荆楚理工学院,103,第103组,,,458,
4264,湖北工程学院,102,第102组,,,485,
4264,湖北工程学院,103,第103组,,,486,
4264,湖北工程学院,104,第104组,,,470,
4264,湖北工程学院,105,第105组,,,497,
4265,湖北文理学院,102,第102组,,,482,
4267,汉江师范学院,102,第102组,,,462,
4267,汉江师范学院,103,第103组,,,461,
4267,汉江师范学院,104,第104组,,,476,
4277,武汉生物工程学院,102,第102组,,,436,
4277,武汉生物工程学院,103,第103组,,,431,
4277,武汉生物工程学院,104,第104组,,,437,
4291,武汉工程科技学院,102,第102组,,,439,
4301,湖南大学,103,第103组,,,622,
4301,湖南大学,104,第104组,,,625,
4301,湖南大学,105,第105组,,,623,
4301,湖南大学,306,第306组(国家专项),,,617,
4301,湖南大学,307,第307组(国家专项),,,614,
4301,湖南大学,308,第308组(国家专项),,,612,
4301,湖南大学,802,第802组(少数民族预科班),,,615,
4301,湖南大学,901,第901组(边防军人子女预科班),,,481,
4302,中南大学,105,第105组,,,632,
4302,中南大学,107,第107组,,,628,
4302,中南大学,108,第108组,,,637,
4302,中南大学,109,第109组,,,662,
4302,中南大学,204,第204组(中外合作办学或国际项目),,,604,
4302,中南大学,206,第206组(中外合作办学或国际项目),,,606,
4302,中南大学,311,第311组(国家专项),,,608,
4302,中南大学,312,第312组(国家专项),,,603,
4302,中南大学,313,第313组(国家专项),,,617,
4302,中南大学,802,第802组(少数民族预科班),,,611,
4303,湖南师范大学,121,第121组,,,584,
4303,湖南师范大学,122,第122组,,,583,
4303,湖南师范大学,123,第123组,,,601,
4303,湖南师范大学,124,第124组,,,598,
4303,湖南师范大学,125,第125组,,,585,
4303,湖南师范大学,126,第126组,,,591,
4303,湖南师范大学,127,第127组,,,587,
4303,湖南师范大学,128,第128组,,,597,
4303,湖南师范大学,338,第338组(国家专项),,,584,
4303,湖南师范大学,339,第339组(国家专项),,,549,
4303,湖南师范大学,340,第340组(国家专项),,,596,
4303,湖南师范大学,341,第341组(国家专项),,,562,
4303,湖南师范大学,342,第342组(国家专项),,,577,
4303,湖南师范大学,343,第343组(国家专项),,,573,
4303,湖南师范大学,344,第344组(国家专项),,,584,
4303,湖南师范大学,449,第449组(地方专项),,,587,
4303,湖南师范大学,450,第450组(地方专项),,,568,
4303,湖南师范大学,451,第451组(地方专项),,,602,
4303,湖南师范大学,452,第452组(地方专项),,,569,
4303,湖南师范大学,453,第453组(地方专项),,,584,
4303,湖南师范大学,454,第454组(地方专项),,,575,
4303,湖南师范大学,455,第455组(地方专项),,,587,
4303,湖南师范大学,632,第632组(定向西藏就业),,,560,
4303,湖南师范大学,633,第633组(定向西藏就业),,,583,
4304,湘潭大学,106,第106组,,,557,
4304,湘潭大学,107,第107组,,,572,
4304,湘潭大学,108,第108组,,,587,
4304,湘潭大学,109,第109组,,,564,
4304,湘潭大学,111,第111组,,,558,
4304,湘潭大学,210,第210组(中外合作办学或国际项目),,,554,
4304,湘潭大学,314,第314组(国家专项),,,564,
4304,湘潭大学,315,第315组(国家专项),,,555,
4304,湘潭大学,418,第418组(地方专项),,,566,
4304,湘潭大学,419,第419组(地方专项),,,556,
4304,湘潭大学,612,第612组(定向西藏就业),,,553,
4305,湖南农业大学,114,第114组,,,523,
4305,湖南农业大学,116,第116组,,,548,
4305,湖南农业大学,118,第118组,,,517,
4305,湖南农业大学,119,第119组,,,521,
4305,湖南农业大学,122,第122组,,,530,
4305,湖南农业大学,123,第123组,,,522,
4305,湖南农业大学,124,第124组,,,532,
4305,湖南农业大学,215,第215组(中外合作办学或国际项目),,,475,
4305,湖南农业大学,220,第220组(中外合作办学或国际项目),,,475,
4305,湖南农业大学,329,第329组(国家专项),,,502,
4305,湖南农业大学,330,第330组(国家专项),,,496,
4305,湖南农业大学,331,第331组(国家专项),,,490,
4305,湖南农业大学,332,第332组(国家专项),,,515,
4305,湖南农业大学,436,第436组(地方专项),,,509,
4305,湖南农业大学,437,第437组(地方专项),,,505,
4305,湖南农业大学,438,第438组(地方专项),,,503,
4305,湖南农业大学,439,第439组(地方专项),,,522,
4305,湖南农业大学,U17,第U17组(楚怡工匠),,,453,
4305,湖南农业大学,U18,第U18组(楚怡工匠),,,464,
4305,湖南农业大学,U19,第U19组(楚怡工匠),,,468,
4305,湖南农业大学,U21,第U21组(楚怡工匠),,,453,
4306,湖南科技大学,116,第116组,,,559,
4306,湖南科技大学,117,第117组,,,540,
4306,湖南科技大学,118,第118组,,,540,
4306,湖南科技大学,119,第119组,,,535,
4306,湖南科技大学,120,第120组,,,537,
4306,湖南科技大学,121,第121组,,,540,
4306,湖南科技大学,326,第326组(国家专项),,,523,
4306,湖南科技大学,327,第327组(国家专项),,,526,
4306,湖南科技大学,328,第328组(国家专项),,,519,
4306,湖南科技大学,329,第329组(国家专项),,,538,
4306,湖南科技大学,330,第330组(国家专项),,,531,
4306,湖南科技大学,434,第434组(地方专项),,,530,
4306,湖南科技大学,435,第435组(地方专项),,,521,
4306,湖南科技大学,436,第436组(地方专项),,,519,
4306,湖南科技大学,437,第437组(地方专项),,,534,
4306,湖南科技大学,438,第438组(地方专项),,,541,
4307,湖南中医药大学,103,第103组,,,505,
4307,湖南中医药大学,104,第104组,,,533,
4307,湖南中医药大学,105,第105组,,,522,
4307,湖南中医药大学,308,第308组(国家专项),,,502,
4307,湖南中医药大学,309,第309组(国家专项),,,526,
4307,湖南中医药大学,310,第310组(国家专项),,,527,
4307,湖南中医药大学,413,第413组(地方专项),,,512,
4307,湖南中医药大学,414,第414组(地方专项),,,540,
4307,湖南中医药大学,415,第415组(地方专项),,,531,
4308,长沙理工大学,107,第107组,,,559,
4308,长沙理工大学,108,第108组,,,555,
4308,长沙理工大学,109,第109组,,,596,
4308,长沙理工大学,110,第110组,,,576,
4308,长沙理工大学,111,第111组,,,551,
4308,长沙理工大学,115,第115组,,,554,
4308,长沙理工大学,212,第212组(中外合作办学或国际项目),,,571,
4308,长沙理工大学,213,第213组(中外合作办学或国际项目),,,538,
4308,长沙理工大学,214,第214组(中外合作办学或国际项目),,,494,
4308,长沙理工大学,317,第317组(国家专项),,,553,
4308,长沙理工大学,318,第318组(国家专项),,,549,
4308,长沙理工大学,420,第420组(地方专项),,,551,
4308,长沙理工大学,421,第421组(地方专项),,,543,
4309,南华大学,105,第105组,,,541,
4309,南华大学,106,第106组,,,532,
4309,南华大学,107,第107组,,,521,
4309,南华大学,108,第108组,,,538,
4309,南华大学,109,第109组,,,587,
4309,南华大学,110,第110组,,,527,
4309,南华大学,313,第313组(国家专项),,,524,
4309,南华大学,314,第314组(国家专项),,,513,
4309,南华大学,315,第315组(国家专项),,,504,
4309,南华大学,316,第316组(国家专项),,,527,
4309,南华大学,317,第317组(国家专项),,,523,
4309,南华大学,420,第420组(地方专项),,,529,
4309,南华大学,421,第421组(地方专项),,,518,
4309,南华大学,422,第422组(地方专项),,,510,
4309,南华大学,423,第423组(地方专项),,,535,
4309,南华大学,424,第424组(地方专项),,,525,
4310,湖南工业大学,119,第119组,,,509,
4310,湖南工业大学,120,第120组,,,509,
4310,湖南工业大学,121,第121组,,,548,
4310,湖南工业大学,122,第122组,,,518,
4310,湖南工业大学,124,第124组,,,502,
4310,湖南工业大学,125,第125组,,,504,
4310,湖南工业大学,328,第328组(国家专项),,,537,
4310,湖南工业大学,329,第329组(国家专项),,,490,
4310,湖南工业大学,330,第330组(国家专项),,,497,
4310,湖南工业大学,331,第331组(国家专项),,,491,
4310,湖南工业大学,332,第332组(国家专项),,,507,
4310,湖南工业大学,333,第333组(国家专项),,,489,
4310,湖南工业大学,334,第334组(国家专项),,,495,
4310,湖南工业大学,436,第436组(地方专项),,,542,
4310,湖南工业大学,437,第437组(地方专项),,,495,
4310,湖南工业大学,438,第438组(地方专项),,,511,
4310,湖南工业大学,439,第439组(地方专项),,,490,
4310,湖南工业大学,440,第440组(地方专项),,,494,
4310,湖南工业大学,441,第441组(地方专项),,,490,
4310,湖南工业大学,825,第825组(少数民族预科班)(面向全省),,,488,
4310,湖南工业大学,826,第826组(少数民族预科班)(面向炎陵县),,,459,
4310,湖南工业大学,827,第827组(少数民族预科班)(面向常宁县),,,,
4310,湖南工业大学,828,第828组(少数民族预科班)(面向隆回县),,,458,
4310,湖南工业大学,829,第829组(少数民族预科班)(面向洞口县),,,453,
4310,湖南工业大学,830,第830组(少数民族预科班)(面向新宁县),,,482,
4310,湖南工业大学,831,第831组(少数民族预科班)(面向绥宁县),,,451,
4310,湖南工业大学,832,第832组(少数民族预科班)(面向城步县),,,471,
4310,湖南工业大学,833,第833组(少数民族预科班)(面向鼎城区),,,,
4310,湖南工业大学,834,第834组(少数民族预科班)(面向汉寿县),,,431,
4310,湖南工业大学,835,第835组(少数民族预科班)(面向桃源县),,,497,
4310,湖南工业大学,836,第836组(少数民族预科班)(面向石门县),,,471,
4310,湖南工业大学,837,第837组(少数民族预科班)(面向永定区),,,478,
4310,湖南工业大学,838,第838组(少数民族预科班)(面向武陵源区),,,502,
4310,湖南工业大学,839,第839组(少数民族预科班)(面向慈利县),,,452,
4310,湖南工业大学,840,第840组(少数民族预科班)(面向桑植县),,,475,
4310,湖南工业大学,841,第841组(少数民族预科班)(面向北湖区),,,454,
4310,湖南工业大学,842,第842组(少数民族预科班)(面向资兴市),,,461,
4310,湖南工业大学,843,第843组(少数民族预科班)(面向桂阳县),,,,
4310,湖南工业大学,844,第844组(少数民族预科班)(面向宜章县),,,,
4310,湖南工业大学,845,第845组(少数民族预科班)(面向临武县),,,,
4310,湖南工业大学,846,第846组(少数民族预科班)(面向汝城县),,,480,
4310,湖南工业大学,847,第847组(少数民族预科班)(面向道县),,,468,
4310,湖南工业大学,848,第848组(少数民族预科班)(面向宁远县),,,466,
4310,湖南工业大学,849,第849组(少数民族预科班)(面向江永县),,,471,
4310,湖南工业大学,850,第850组(少数民族预科班)(面向江华县),,,490,
4310,湖南工业大学,851,第851组(少数民族预科班)(面向蓝山县),,,473,
4310,湖南工业大学,852,第852组(少数民族预科班)(面向祁阳市),,,,
4310,湖南工业大学,853,第853组(少数民族预科班)(面向沅陵县),,,451,
4310,湖南工业大学,854,第854组(少数民族预科班)(面向辰溪县),,,464,
4310,湖南工业大学,855,第855组(少数民族预科班)(面向麻阳县),,,484,
4310,湖南工业大学,856,第856组(少数民族预科班)(面向新晃县),,,476,
4310,湖南工业大学,857,第857组(少数民族预科班)(面向芷江县),,,482,
4310,湖南工业大学,858,第858组(少数民族预科班)(面向会同县),,,444,
4310,湖南工业大学,859,第859组(少数民族预科班)(面向靖州县),,,490,
4310,湖南工业大学,860,第860组(少数民族预科班)(面向通道县),,,484,
4310,湖南工业大学,861,第861组(少数民族预科班)(面向湘西自治州),,,484,
4310,湖南工业大学,U23,第U23组(楚怡工匠),,,475,
4310,湖南工业大学,U24,第U24组(楚怡工匠),,,458,
4312,中南林业科技大学,115,第115组,,,546,
4312,中南林业科技大学,116,第116组,,,542,
4312,中南林业科技大学,117,第117组,,,519,
4312,中南林业科技大学,122,第122组,,,511,
4312,中南林业科技大学,124,第124组,,,532,
4312,中南林业科技大学,218,第218组(中外合作办学或国际项目),,,480,
4312,中南林业科技大学,219,第219组(中外合作办学或国际项目),,,500,
4312,中南林业科技大学,220,第220组(中外合作办学或国际项目),,,470,
4312,中南林业科技大学,223,第223组(中外合作办学或国际项目),,,458,
4312,中南林业科技大学,329,第329组(国家专项),,,539,
4312,中南林业科技大学,330,第330组(国家专项),,,531,
4312,中南林业科技大学,331,第331组(国家专项),,,485,
4312,中南林业科技大学,332,第332组(国家专项),,,487,
4312,中南林业科技大学,333,第333组(国家专项),,,522,
4312,中南林业科技大学,437,第437组(地方专项),,,545,
4312,中南林业科技大学,438,第438组(地方专项),,,544,
4312,中南林业科技大学,439,第439组(地方专项),,,503,
4312,中南林业科技大学,440,第440组(地方专项),,,499,
4312,中南林业科技大学,441,第441组(地方专项),,,526,
4312,中南林业科技大学,U21,第U21组(楚怡工匠),,,468,
4314,湖南工商大学,113,第113组,,,554,
4314,湖南工商大学,114,第114组,,,547,
4314,湖南工商大学,115,第115组,,,542,
4314,湖南工商大学,116,第116组,,,509,
4314,湖南工商大学,217,第217组(中外合作办学或国际项目),,,435,
4314,湖南工商大学,320,第320组(国家专项),,,495,
4314,湖南工商大学,422,第422组(地方专项),,,495,
4315,吉首大学,112,第112组,,,499,
4315,吉首大学,113,第113组,,,490,
4315,吉首大学,114,第114组,,,497,
4315,吉首大学,115,第115组,,,490,
4315,吉首大学,116,第116组,,,537,
4315,吉首大学,117,第117组,,,505,
4315,吉首大学,320,第320组(国家专项),,,499,
4315,吉首大学,422,第422组(地方专项),,,502,
4315,吉首大学,423,第423组(地方专项),,,505,
4315,吉首大学,424,第424组(地方专项),,,502,
4315,吉首大学,823,第823组(少数民族预科班)(面向全省),,,482,
4315,吉首大学,824,第824组(少数民族预科班)(面向洞口县),,,444,
4315,吉首大学,825,第825组(少数民族预科班)(面向新宁县),,,452,
4315,吉首大学,826,第826组(少数民族预科班)(面向绥宁县),,,462,
4315,吉首大学,827,第827组(少数民族预科班)(面向城步县),,,475,
4315,吉首大学,828,第828组(少数民族预科班)(面向石门县),,,449,
4315,吉首大学,829,第829组(少数民族预科班)(面向永定区),,,468,
4315,吉首大学,830,第830组(少数民族预科班)(面向武陵源区),,,488,
4315,吉首大学,831,第831组(少数民族预科班)(面向慈利县),,,459,
4315,吉首大学,832,第832组(少数民族预科班)(面向桑植县),,,475,
4315,吉首大学,833,第833组(少数民族预科班)(面向桃江县),,,473,
4315,吉首大学,834,第834组(少数民族预科班)(面向汝城县),,,475,
4315,吉首大学,835,第835组(少数民族预科班)(面向道县),,,482,
4315,吉首大学,836,第836组(少数民族预科班)(面向宁远县),,,,
4315,吉首大学,837,第837组(少数民族预科班)(面向江永县),,,481,
4315,吉首大学,838,第838组(少数民族预科班)(面向江华县),,,481,
4315,吉首大学,839,第839组(少数民族预科班)(面向洪江市),,,468,
4315,吉首大学,840,第840组(少数民族预科班)(面向沅陵县),,,462,
4315,吉首大学,841,第841组(少数民族预科班)(面向辰溪县),,,463,
4315,吉首大学,842,第842组(少数民族预科班)(面向麻阳县),,,484,
4315,吉首大学,843,第843组(少数民族预科班)(面向新晃县),,,480,
4315,吉首大学,844,第844组(少数民族预科班)(面向芷江县),,,477,
4315,吉首大学,845,第845组(少数民族预科班)(面向会同县),,,463,
4315,吉首大学,846,第846组(少数民族预科班)(面向靖州县),,,483,
4315,吉首大学,847,第847组(少数民族预科班)(面向通道县),,,478,
4315,吉首大学,848,第848组(少数民族预科班)(面向湘西自治州),,,479,
4316,衡阳师范学院,115,第115组,,,486,
4316,衡阳师范学院,116,第116组,,,482,
4316,衡阳师范学院,117,第117组,,,504,
4316,衡阳师范学院,118,第118组,,,501,
4316,衡阳师范学院,119,第119组,,,517,
4316,衡阳师范学院,424,第424组(地方专项),,,493,
4316,衡阳师范学院,425,第425组(地方专项),,,484,
4316,衡阳师范学院,426,第426组(地方专项),,,475,
4316,衡阳师范学院,622,第622组(定向西藏就业),,,512,
4317,湖南理工学院,109,第109组,,,494,
4317,湖南理工学院,110,第110组,,,485,
4317,湖南理工学院,111,第111组,,,485,
4317,湖南理工学院,112,第112组,,,495,
4317,湖南理工学院,113,第113组,,,504,
4317,湖南理工学院,114,第114组,,,482,
4317,湖南理工学院,115,第115组,,,478,
4317,湖南理工学院,117,第117组,,,489,
4317,湖南理工学院,118,第118组,,,493,
4317,湖南理工学院,121,第121组,,,470,
4317,湖南理工学院,216,第216组(中外合作办学或国际项目),,,420,
4317,湖南理工学院,421,第421组(地方专项),,,508,
4317,湖南理工学院,422,第422组(地方专项),,,486,
4318,湖南文理学院,118,第118组,,,474,
4318,湖南文理学院,119,第119组,,,466,
4318,湖南文理学院,120,第120组,,,476,
4318,湖南文理学院,122,第122组,,,482,
4318,湖南文理学院,123,第123组,,,486,
4318,湖南文理学院,217,第217组(中外合作办学或国际项目),,,443,
4318,湖南文理学院,819,第819组(少数民族预科班)(面向全省),,,474,
4318,湖南文理学院,820,第820组(少数民族预科班)(面向洞口县),,,436,
4318,湖南文理学院,821,第821组(少数民族预科班)(面向绥宁县),,,443,
4318,湖南文理学院,822,第822组(少数民族预科班)(面向鼎城区),,,423,
4318,湖南文理学院,823,第823组(少数民族预科班)(面向汉寿县),,,384,
4318,湖南文理学院,824,第824组(少数民族预科班)(面向石门县),,,461,
4318,湖南文理学院,825,第825组(少数民族预科班)(面向永定区),,,444,
4318,湖南文理学院,826,第826组(少数民族预科班)(面向武陵源区),,,469,
4318,湖南文理学院,827,第827组(少数民族预科班)(面向慈利县),,,457,
4318,湖南文理学院,828,第828组(少数民族预科班)(面向桑植县),,,470,
4318,湖南文理学院,829,第829组(少数民族预科班)(面向北湖区),,,411,
4318,湖南文理学院,830,第830组(少数民族预科班)(面向桂阳县),,,,
4318,湖南文理学院,831,第831组(少数民族预科班)(面向宜章县),,,,
4318,湖南文理学院,832,第832组(少数民族预科班)(面向临武县),,,,
4318,湖南文理学院,833,第833组(少数民族预科班)(面向江永县),,,460,
4318,湖南文理学院,834,第834组(少数民族预科班)(面向蓝山县),,,448,
4318,湖南文理学院,835,第835组(少数民族预科班)(面向新田县),,,423,
4318,湖南文理学院,836,第836组(少数民族预科班)(面向沅陵县),,,448,
4318,湖南文理学院,837,第837组(少数民族预科班)(面向麻阳县),,,484,
4318,湖南文理学院,838,第838组(少数民族预科班)(面向靖州县),,,475,
4318,湖南文理学院,839,第839组(少数民族预科班)(面向通道县),,,471,
4318,湖南文理学院,840,第840组(少数民族预科班)(面向湘西自治州),,,471,
4318,湖南文理学院,U21,第U21组(楚怡工匠),,,447,
4319,湖南工程学院,106,第106组,,,472,
4319,湖南工程学院,109,第109组,,,454,
4319,湖南工程学院,110,第110组,,,472,
4319,湖南工程学院,207,第207组(中外合作办学或国际项目),,,438,
4319,湖南工程学院,U08,第U08组(楚怡工匠),,,447,
4320,湖南城市学院,126,第126组,,,483,
4320,湖南城市学院,127,第127组,,,453,
4320,湖南城市学院,128,第128组,,,472,
4320,湖南城市学院,129,第129组,,,458,
4320,湖南城市学院,130,第130组,,,454,
4320,湖南城市学院,131,第131组,,,466,
4320,湖南城市学院,132,第132组,,,472,
4320,湖南城市学院,133,第133组,,,480,
4321,邵阳学院,108,第108组,,,467,
4321,邵阳学院,109,第109组,,,456,
4321,邵阳学院,110,第110组,,,454,
4321,邵阳学院,113,第113组,,,453,
4321,邵阳学院,114,第114组,,,462,
4321,邵阳学院,115,第115组,,,481,
4321,邵阳学院,116,第116组,,,476,
4321,邵阳学院,211,第211组(中外合作办学或国际项目),,,444,
4321,邵阳学院,821,第821组(少数民族预科班)(面向全省),,,448,
4321,邵阳学院,822,第822组(少数民族预科班)(面向隆回县),,,436,
4321,邵阳学院,823,第823组(少数民族预科班)(面向洞口县),,,452,
4321,邵阳学院,824,第824组(少数民族预科班)(面向新宁县),,,446,
4321,邵阳学院,825,第825组(少数民族预科班)(面向绥宁县),,,436,
4321,邵阳学院,826,第826组(少数民族预科班)(面向城步县),,,446,
4321,邵阳学院,827,第827组(少数民族预科班)(面向永定区),,,442,
4321,邵阳学院,828,第828组(少数民族预科班)(面向武陵源区),,,442,
4321,邵阳学院,829,第829组(少数民族预科班)(面向慈利县),,,428,
4321,邵阳学院,830,第830组(少数民族预科班)(面向桑植县),,,447,
4321,邵阳学院,831,第831组(少数民族预科班)(面向江永县),,,438,
4321,邵阳学院,832,第832组(少数民族预科班)(面向江华县),,,445,
4321,邵阳学院,833,第833组(少数民族预科班)(面向沅陵县),,,414,
4321,邵阳学院,834,第834组(少数民族预科班)(面向麻阳县),,,443,
4321,邵阳学院,835,第835组(少数民族预科班)(面向新晃县),,,436,
4321,邵阳学院,836,第836组(少数民族预科班)(面向芷江县),,,442,
4321,邵阳学院,837,第837组(少数民族预科班)(面向会同县),,,436,
4321,邵阳学院,838,第838组(少数民族预科班)(面向靖州县),,,446,
4321,邵阳学院,839,第839组(少数民族预科班)(面向通道县),,,446,
4321,邵阳学院,840,第840组(少数民族预科班)(面向湘西自治州),,,444,
4321,邵阳学院,U12,第U12组(楚怡工匠),,,450,
4322,湖南科技学院,104,第104组,,,453,
4322,湖南科技学院,105,第105组,,,473,
4322,湖南科技学院,106,第106组,,,467,
4322,湖南科技学院,107,第107组,,,475,
4322,湖南科技学院,819,第819组(少数民族预科班)(面向全省),,,448,
4322,湖南科技学院,820,第820组(少数民族预科班)(面向绥宁县),,,443,
4322,湖南科技学院,821,第821组(少数民族预科班)(面向城步县),,,451,
4322,湖南科技学院,822,第822组(少数民族预科班)(面向石门县),,,439,
4322,湖南科技学院,823,第823组(少数民族预科班)(面向永定区),,,447,
4322,湖南科技学院,824,第824组(少数民族预科班)(面向武陵源区),,,449,
4322,湖南科技学院,825,第825组(少数民族预科班)(面向慈利县),,,435,
4322,湖南科技学院,826,第826组(少数民族预科班)(面向桑植县),,,446,
4322,湖南科技学院,827,第827组(少数民族预科班)(面向汝城县),,,449,
4322,湖南科技学院,828,第828组(少数民族预科班)(面向宁远县),,,,
4322,湖南科技学院,829,第829组(少数民族预科班)(面向江永县),,,421,
4322,湖南科技学院,830,第830组(少数民族预科班)(面向江华县),,,441,
4322,湖南科技学院,831,第831组(少数民族预科班)(面向蓝山县),,,434,
4322,湖南科技学院,832,第832组(少数民族预科班)(面向新田县),,,410,
4322,湖南科技学院,833,第833组(少数民族预科班)(面向洪江市),,,409,
4322,湖南科技学院,834,第834组(少数民族预科班)(面向沅陵县),,,408,
4322,湖南科技学院,835,第835组(少数民族预科班)(面向麻阳县),,,444,
4322,湖南科技学院,836,第836组(少数民族预科班)(面向新晃县),,,442,
4322,湖南科技学院,837,第837组(少数民族预科班)(面向芷江县),,,444,
4322,湖南科技学院,838,第838组(少数民族预科班)(面向会同县),,,445,
4322,湖南科技学院,839,第839组(少数民族预科班)(面向靖州县),,,442,
4322,湖南科技学院,840,第840组(少数民族预科班)(面向通道县),,,452,
4322,湖南科技学院,841,第841组(少数民族预科班)(面向湘西自治州),,,445,
4323,怀化学院,108,第108组,,,475,
4323,怀化学院,109,第109组,,,476,
4323,怀化学院,110,第110组,,,466,
4323,怀化学院,111,第111组,,,452,
4323,怀化学院,112,第112组,,,482,
4323,怀化学院,113,第113组,,,460,
4323,怀化学院,114,第114组,,,468,
4323,怀化学院,115,第115组,,,454,
4323,怀化学院,116,第116组,,,475,
4323,怀化学院,833,第833组(少数民族预科班)(面向全省),,,447,
4323,怀化学院,834,第834组(少数民族预科班)(面向炎陵县),,,410,
4323,怀化学院,835,第835组(少数民族预科班)(面向隆回县),,,424,
4323,怀化学院,836,第836组(少数民族预科班)(面向洞口县),,,396,
4323,怀化学院,837,第837组(少数民族预科班)(面向绥宁县),,,440,
4323,怀化学院,838,第838组(少数民族预科班)(面向城步县),,,445,
4323,怀化学院,839,第839组(少数民族预科班)(面向石门县),,,433,
4323,怀化学院,840,第840组(少数民族预科班)(面向永定区),,,441,
4323,怀化学院,841,第841组(少数民族预科班)(面向武陵源区),,,445,
4323,怀化学院,842,第842组(少数民族预科班)(面向慈利县),,,430,
4323,怀化学院,843,第843组(少数民族预科班)(面向桑植县),,,449,
4323,怀化学院,844,第844组(少数民族预科班)(面向桃江县),,,404,
4323,怀化学院,845,第845组(少数民族预科班)(面向道县),,,443,
4323,怀化学院,846,第846组(少数民族预科班)(面向宁远县),,,,
4323,怀化学院,847,第847组(少数民族预科班)(面向江永县),,,434,
4323,怀化学院,848,第848组(少数民族预科班)(面向江华县),,,444,
4323,怀化学院,849,第849组(少数民族预科班)(面向蓝山县),,,396,
4323,怀化学院,850,第850组(少数民族预科班)(面向新田县),,,434,
4323,怀化学院,851,第851组(少数民族预科班)(面向双牌县),,,452,
4323,怀化学院,852,第852组(少数民族预科班)(面向中方县),,,386,
4323,怀化学院,853,第853组(少数民族预科班)(面向洪江市),,,432,
4323,怀化学院,854,第854组(少数民族预科班)(面向沅陵县),,,426,
4323,怀化学院,855,第855组(少数民族预科班)(面向辰溪县),,,444,
4323,怀化学院,856,第856组(少数民族预科班)(面向麻阳县),,,444,
4323,怀化学院,857,第857组(少数民族预科班)(面向新晃县),,,449,
4323,怀化学院,858,第858组(少数民族预科班)(面向芷江县),,,446,
4323,怀化学院,859,第859组(少数民族预科班)(面向会同县),,,445,
4323,怀化学院,860,第860组(少数民族预科班)(面向靖州县),,,452,
4323,怀化学院,861,第861组(少数民族预科班)(面向通道县),,,446,
4323,怀化学院,862,第862组(少数民族预科班)(面向湘西自治州),,,443,
4323,怀化学院,U21,第U21组(楚怡工匠),,,444,
4326,湘南学院,105,第105组,,,463,
4326,湘南学院,106,第106组,,,465,
4326,湘南学院,107,第107组,,,453,
4326,湘南学院,108,第108组,,,470,
4326,湘南学院,109,第109组,,,453,
4326,湘南学院,110,第110组,,,476,
4326,湘南学院,809,第809组(少数民族预科班)(面向全省),,,449,
4326,湘南学院,810,第810组(少数民族预科班)(面向常宁县),,,,
4326,湘南学院,811,第811组(少数民族预科班)(面向城步县),,,448,
4326,湘南学院,812,第812组(少数民族预科班)(面向鼎城区),,,422,
4326,湘南学院,813,第813组(少数民族预科班)(面向桃源县),,,377,
4326,湘南学院,814,第814组(少数民族预科班)(面向石门县),,,431,
4326,湘南学院,815,第815组(少数民族预科班)(面向永定区),,,441,
4326,湘南学院,816,第816组(少数民族预科班)(面向武陵源区),,,439,
4326,湘南学院,817,第817组(少数民族预科班)(面向慈利县),,,435,
4326,湘南学院,818,第818组(少数民族预科班)(面向桑植县),,,446,
4326,湘南学院,819,第819组(少数民族预科班)(面向桃江县),,,392,
4326,湘南学院,820,第820组(少数民族预科班)(面向北湖区),,,,
4326,湘南学院,821,第821组(少数民族预科班)(面向桂阳县),,,,
4326,湘南学院,822,第822组(少数民族预科班)(面向汝城县),,,449,
4326,湘南学院,823,第823组(少数民族预科班)(面向道县),,,430,
4326,湘南学院,824,第824组(少数民族预科班)(面向江永县),,,449,
4326,湘南学院,825,第825组(少数民族预科班)(面向江华县),,,453,
4326,湘南学院,826,第826组(少数民族预科班)(面向蓝山县),,,439,
4326,湘南学院,827,第827组(少数民族预科班)(面向沅陵县),,,410,
4326,湘南学院,828,第828组(少数民族预科班)(面向麻阳县),,,445,
4326,湘南学院,829,第829组(少数民族预科班)(面向新晃县),,,435,
4326,湘南学院,830,第830组(少数民族预科班)(面向芷江县),,,443,
4326,湘南学院,831,第831组(少数民族预科班)(面向靖州县),,,446,
4326,湘南学院,832,第832组(少数民族预科班)(面向湘西自治州),,,452,
4327,国防科技大学,120,第120组,,,646,
4333,湖南人文科技学院,105,第105组,,,454,
4333,湖南人文科技学院,106,第106组,,,458,
4333,湖南人文科技学院,108,第108组,,,451,
4333,湖南人文科技学院,109,第109组,,,451,
4333,湖南人文科技学院,110,第110组,,,469,
4333,湖南人文科技学院,207,第207组(中外合作办学或国际项目),,,423,
4333,湖南人文科技学院,U09,第U09组(楚怡工匠),,,443,
4337,长沙学院,116,第116组,,,489,
4337,长沙学院,117,第117组,,,484,
4337,长沙学院,118,第118组,,,491,
4337,长沙学院,119,第119组,,,485,
4337,长沙学院,120,第120组,,,487,
4337,长沙学院,121,第121组,,,487,
4338,湖南医药学院,105,第105组,,,452,
4338,湖南医药学院,106,第106组,,,450,
4338,湖南医药学院,107,第107组,,,483,
4338,湖南医药学院,108,第108组,,,453,
4339,湖南涉外经济学院,107,第107组,,,,
4339,湖南涉外经济学院,108,第108组,,,,
4339,湖南涉外经济学院,109,第109组,,,,
4339,湖南涉外经济学院,110,第110组,,,,
4339,湖南涉外经济学院,111,第111组,,,,
4339,湖南涉外经济学院,112,第112组,,,,
4342,湖南女子学院,110,第110组,,,459,
4343,湖南警察学院,103,第103组,,,474,
4343,湖南警察学院,104,第104组,,,460,
4344,湖南财政经济学院,114,第114组,,,491,
4344,湖南财政经济学院,115,第115组,,,482,
4344,湖南财政经济学院,116,第116组,,,466,
4344,湖南财政经济学院,117,第117组,,,479,
4344,湖南财政经济学院,118,第118组,,,480,
4344,湖南财政经济学院,119,第119组,,,489,
4344,湖南财政经济学院,120,第120组,,,479,
4344,湖南财政经济学院,121,第121组,,,478,
4344,湖南财政经济学院,122,第122组,,,465,
4344,湖南财政经济学院,123,第123组,,,473,
4344,湖南财政经济学院,124,第124组,,,471,
4344,湖南财政经济学院,127,第127组,,,476,
4344,湖南财政经济学院,128,第128组,,,481,
4344,湖南财政经济学院,129,第129组,,,477,
4344,湖南财政经济学院,225,第225组(中外合作办学或国际项目),,,462,
4344,湖南财政经济学院,U26,第U26组(楚怡工匠),,,447,
4345,长沙师范学院,109,第109组,,,479,
4345,长沙师范学院,110,第110组,,,466,
4345,长沙师范学院,112,第112组,,,463,
4345,长沙师范学院,113,第113组,,,485,
4345,长沙师范学院,616,第616组(定向西藏就业),,,485,
4345,长沙师范学院,617,第617组(定向西藏就业),,,489,
4345,长沙师范学院,U11,第U11组(楚怡工匠),,,454,
4348,湖南第一师范学院,113,第113组,,,484,
4348,湖南第一师范学院,115,第115组,,,521,
4348,湖南第一师范学院,116,第116组,,,520,
4348,湖南第一师范学院,214,第214组(中外合作办学或国际项目),,,415,
4348,湖南第一师范学院,320,第320组(国家专项),,,493,
4348,湖南第一师范学院,321,第321组(国家专项),,,521,
4348,湖南第一师范学院,322,第322组(国家专项),,,516,
4348,湖南第一师范学院,425,第425组(地方专项),,,497,
4348,湖南第一师范学院,426,第426组(地方专项),,,522,
4348,湖南第一师范学院,427,第427组(地方专项),,,533,
4351,湖南工学院,102,第102组,,,460,
4351,湖南工学院,104,第104组,,,450,
4351,湖南工学院,U03,第U03组(楚怡工匠),,,447,
4360,长沙医学院,105,第105组,,,,
4360,长沙医学院,106,第106组,,,,
4360,长沙医学院,107,第107组,,,,
4362,湖南交通工程学院,103,第103组,,,,
4362,湖南交通工程学院,104,第104组,,,,
4401,中山大学,106,第106组,,,644,
4401,中山大学,107,第107组,,,646,
4401,中山大学,108,第108组,,,641,
4401,中山大学,109,第109组,,,645,
4401,中山大学,312,第312组(国家专项),,,621,
4401,中山大学,313,第313组(国家专项),,,620,
4401,中山大学,314,第314组(国家专项),,,624,
4401,中山大学,716,第716组(民族班),,,632,
4402,华南理工大学,106,第106组,,,639,
4402,华南理工大学,107,第107组,,,636,
4402,华南理工大学,108,第108组,,,635,
4402,华南理工大学,309,第309组(国家专项),,,622,
4402,华南理工大学,310,第310组(国家专项),,,616,
4402,华南理工大学,311,第311组(国家专项),,,624,
4403,暨南大学,115,第115组,,,622,
4403,暨南大学,116,第116组,,,616,
4403,暨南大学,120,第120组,,,617,
4403,暨南大学,121,第121组,,,629,
4403,暨南大学,122,第122组,,,618,
4403,暨南大学,214,第214组(中外合作办学或国际项目),,,592,
4403,暨南大学,325,第325组(国家专项),,,613,
4403,暨南大学,327,第327组(国家专项),,,592,
4403,暨南大学,328,第328组(国家专项),,,597,
4404,华南师范大学,107,第107组,,,612,
4404,华南师范大学,108,第108组,,,606,
4405,广州南方学院,102,第102组,,,436,
4405,广州南方学院,103,第103组,,,435,
4405,广州南方学院,206,第206组(中外合作办学或国际项目),,,444,
4406,广东外语外贸大学南国商学院,102,第102组,,,417,
4407,广东外语外贸大学,110,第110组,,,575,
4407,广东外语外贸大学,312,第312组(国家专项),,,573,
4408,华南农业大学,101,第101组,,,576,
4408,华南农业大学,103,第103组,,,574,
4408,华南农业大学,104,第104组,,,572,
4408,华南农业大学,202,第202组(中外合作办学或国际项目),,,551,
4408,华南农业大学,205,第205组(中外合作办学或国际项目),,,542,
4408,华南农业大学,306,第306组(国家专项),,,562,
4408,华南农业大学,307,第307组(国家专项),,,569,
4410,深圳大学,105,第105组,,,617,
4410,深圳大学,107,第107组,,,618,
4410,深圳大学,206,第206组(中外合作办学或国际项目),,,588,
4411,汕头大学,103,第103组,,,570,
4411,汕头大学,104,第104组,,,565,
4411,汕头大学,105,第105组,,,567,
4412,广州中医药大学,106,第106组,,,570,
4412,广州中医药大学,107,第107组,,,560,
4412,广州中医药大学,108,第108组,,,577,
4412,广州中医药大学,109,第109组,,,622,
4412,广州中医药大学,110,第110组,,,590,
4413,北京理工大学珠海学院,102,第102组,,,486,
4414,东莞理工学院,107,第107组,,,547,
4414,东莞理工学院,208,第208组(中外合作办学或国际项目),,,521,
4415,广东海洋大学,107,第107组,,,529,
4415,广东海洋大学,108,第108组,,,527,
4415,广东海洋大学,110,第110组,,,513,
4415,广东海洋大学,111,第111组,,,539,
4415,广东海洋大学,113,第113组,,,523,
4415,广东海洋大学,114,第114组,,,517,
4415,广东海洋大学,115,第115组,,,511,
4415,广东海洋大学,117,第117组,,,520,
4415,广东海洋大学,120,第120组,,,528,
4415,广东海洋大学,212,第212组(中外合作办学或国际项目),,,498,
4416,广州体育学院,104,第104组,,,492,
4417,广东财经大学,102,第102组,,,570,
4418,广州美术学院,102,第102组,,,554,
4419,佛山科学技术学院,101,第101组,,,494,
4419,佛山科学技术学院,102,第102组,,,474,
4419,佛山科学技术学院,103,第103组,,,494,
4419,佛山科学技术学院,104,第104组,,,498,
4420,岭南师范学院,104,第104组,,,477,
4420,岭南师范学院,105,第105组,,,476,
4420,岭南师范学院,107,第107组,,,463,
4420,岭南师范学院,108,第108组,,,482,
4420,岭南师范学院,109,第109组,,,460,
4420,岭南师范学院,115,第115组,,,480,
4420,岭南师范学院,116,第116组,,,479,
4420,岭南师范学院,206,第206组(中外合作办学或国际项目),,,,
4422,嘉应学院,102,第102组,,,469,
4422,嘉应学院,103,第103组,,,469,
4422,嘉应学院,104,第104组,,,467,
4423,广东石油化工学院,102,第102组,,,519,
4423,广东石油化工学院,103,第103组,,,510,
4423,广东石油化工学院,104,第104组,,,501,
4423,广东石油化工学院,105,第105组,,,503,
4423,广东石油化工学院,106,第106组,,,484,
4423,广东石油化工学院,107,第107组,,,497,
4424,广东技术师范大学,102,第102组,,,521,
4425,五邑大学,103,第103组,,,517,
4425,五邑大学,104,第104组,,,487,
4425,五邑大学,105,第105组,,,507,
4426,广东工业大学,106,第106组,,,564,
4426,广东工业大学,107,第107组,,,567,
4426,广东工业大学,108,第108组,,,562,
4426,广东工业大学,109,第109组,,,591,
4426,广东工业大学,110,第110组,,,585,
4426,广东工业大学,111,第111组,,,577,
4427,广州大学,102,第102组,,,586,
4428,广州医科大学,102,第102组,,,572,
4428,广州医科大学,103,第103组,,,596,
4428,广州医科大学,104,第104组,,,610,
4428,广州医科大学,305,第305组(国家专项),,,549,
4428,广州医科大学,306,第306组(国家专项),,,562,
4429,韶关学院,104,第104组,,,481,
4429,韶关学院,105,第105组,,,488,
4429,韶关学院,106,第106组,,,466,
4429,韶关学院,107,第107组,,,469,
4430,惠州学院,103,第103组,,,499,
4430,惠州学院,104,第104组,,,510,
4430,惠州学院,205,第205组(中外合作办学或国际项目),,,,
4431,肇庆学院,101,第101组,,,493,
4432,仲恺农业工程学院,101,第101组,,,496,
4432,仲恺农业工程学院,102,第102组,,,489,
4432,仲恺农业工程学院,103,第103组,,,486,
4433,广东医科大学,102,第102组,,,586,
4434,广东警官学院,102,第102组,,,529,
4435,南方医科大学,102,第102组,,,601,
4436,珠海科技学院,102,第102组,,,459,
4441,广州航海学院,101,第101组,,,470,
4442,广东金融学院,102,第102组,,,529,
4442,广东金融学院,103,第103组,,,539,
4443,广州新华学院,102,第102组,,,418,
4443,广州新华学院,103,第103组,,,422,
4446,广东白云学院,102,第102组,,,431,
4449,东莞城市学院,102,第102组,,,432,
4449,东莞城市学院,103,第103组,,,428,
4449,东莞城市学院,104,第104组,,,425,
4449,东莞城市学院,105,第105组,,,422,
4450,广州应用科技学院,103,第103组,,,438,
4451,广州商学院,105,第105组,,,433,
4451,广州商学院,204,第204组(中外合作办学或国际项目),,,437,
4453,深圳技术大学,102,第102组,,,585,
4453,深圳技术大学,103,第103组,,,581,
4453,深圳技术大学,104,第104组,,,591,
4454,广州理工学院,102,第102组,,,441,
4455,广东药科大学,101,第101组,,,533,
4455,广东药科大学,102,第102组,,,522,
4456,广州华立学院,102,第102组,,,422,
4457,广东培正学院,102,第102组,,,430,
4459,广州城市理工学院,102,第102组,,,439,
4459,广州城市理工学院,103,第103组,,,433,
4460,广州软件学院,102,第102组,,,444,
4460,广州软件学院,103,第103组,,,448,
4478,广东东软学院,101,第101组,,,427,
4478,广东东软学院,102,第102组,,,424,
4481,韩山师范学院,102,第102组,,,459,
4481,韩山师范学院,103,第103组,,,481,
4485,电子科技大学中山学院,101,第101组,,,445,
4485,电子科技大学中山学院,102,第102组,,,449,
4489,华南农业大学珠江学院,102,第102组,,,460,
4490,广东第二师范学院,101,第101组,,,508,
4492,广州工商学院,102,第102组,,,459,
4492,广州工商学院,203,第203组(中外合作办学或国际项目),,,,
4494,广东科技学院,102,第102组,,,448,
4495,广东工商职业技术大学,102,第102组,,,421,
4501,广西大学,107,第107组,,,582,
4501,广西大学,108,第108组,,,580,
4501,广西大学,109,第109组,,,570,
4503,桂林理工大学,104,第104组,,,549,
4503,桂林理工大学,105,第105组,,,489,
4503,桂林理工大学,106,第106组,,,522,
4503,桂林理工大学,107,第107组,,,508,
4503,桂林理工大学,108,第108组,,,522,
4503,桂林理工大学,110,第110组,,,495,
4503,桂林理工大学,111,第111组,,,516,
4503,桂林理工大学,209,第209组(中外合作办学或国际项目),,,487,
4504,桂林电子科技大学,104,第104组,,,573,
4504,桂林电子科技大学,106,第106组,,,558,
4504,桂林电子科技大学,107,第107组,,,546,
4504,桂林电子科技大学,902,第902组(边防军人子女预科班),,,491,
4506,广西艺术学院,102,第102组,,,447,
4507,广西科技大学,102,第102组,,,498,
4507,广西科技大学,104,第104组,,,499,
4507,广西科技大学,105,第105组,,,527,
4507,广西科技大学,106,第106组,,,491,
4507,广西科技大学,203,第203组(中外合作办学或国际项目),,,447,
4508,广西民族大学,109,第109组,,,495,
4508,广西民族大学,110,第110组,,,508,
4508,广西民族大学,111,第111组,,,516,
4508,广西民族大学,112,第112组,,,496,
4508,广西民族大学,113,第113组,,,447,
4508,广西民族大学,114,第114组,,,486,
4508,广西民族大学,115,第115组,,,480,
4508,广西民族大学,116,第116组,,,477,
4508,广西民族大学,117,第117组,,,498,
4509,广西师范大学,104,第104组,,,536,
4509,广西师范大学,105,第105组,,,544,
4509,广西师范大学,106,第106组,,,536,
4509,广西师范大学,107,第107组,,,553,
4509,广西师范大学,108,第108组,,,505,
4510,桂林医学院,102,第102组,,,502,
4510,桂林医学院,103,第103组,,,500,
4510,桂林医学院,104,第104组,,,510,
4511,广西医科大学,102,第102组,,,555,
4511,广西医科大学,103,第103组,,,550,
4511,广西医科大学,104,第104组,,,586,
4511,广西医科大学,105,第105组,,,525,
4511,广西医科大学,106,第106组,,,526,
4512,南宁师范大学,103,第103组,,,509,
4512,南宁师范大学,104,第104组,,,537,
4512,南宁师范大学,105,第105组,,,529,
4512,南宁师范大学,106,第106组,,,518,
4512,南宁师范大学,212,第212组(中外合作办学或国际项目),,,491,
4513,玉林师范学院,104,第104组,,,450,
4513,玉林师范学院,105,第105组,,,470,
4513,玉林师范学院,106,第106组,,,452,
4513,玉林师范学院,107,第107组,,,450,
4513,玉林师范学院,108,第108组,,,474,
4514,广西中医药大学,105,第105组,,,539,
4514,广西中医药大学,106,第106组,,,514,
4514,广西中医药大学,107,第107组,,,537,
4514,广西中医药大学,108,第108组,,,576,
4514,广西中医药大学,109,第109组,,,512,
4514,广西中医药大学,110,第110组,,,575,
4514,广西中医药大学,111,第111组,,,544,
4515,右江民族医学院,103,第103组,,,456,
4515,右江民族医学院,104,第104组,,,451,
4515,右江民族医学院,105,第105组,,,466,
4515,右江民族医学院,106,第106组,,,450,
4515,右江民族医学院,107,第107组,,,512,
4515,右江民族医学院,108,第108组,,,474,
4515,右江民族医学院,109,第109组,,,510,
4520,广西警察学院,101,第101组,,,468,
4530,桂林航天工业学院,102,第102组,,,469,
4530,桂林航天工业学院,103,第103组,,,480,
4531,桂林旅游学院,102,第102组,,,450,
4531,桂林旅游学院,103,第103组,,,457,
4531,桂林旅游学院,104,第104组,,,451,
4531,桂林旅游学院,209,第209组(中外合作办学或国际项目),,,419,
4533,南宁学院,102,第102组,,,422,
4533,南宁学院,103,第103组,,,419,
4538,广西财经学院,103,第103组,,,473,
4538,广西财经学院,204,第204组(中外合作办学或国际项目),,,439,
4539,贺州学院,102,第102组,,,455,
4539,贺州学院,103,第103组,,,452,
4539,贺州学院,104,第104组,,,453,
4540,北部湾大学,107,第107组,,,488,
4540,北部湾大学,108,第108组,,,475,
4540,北部湾大学,109,第109组,,,466,
4540,北部湾大学,110,第110组,,,477,
4540,北部湾大学,111,第111组,,,488,
4540,北部湾大学,204,第204组(中外合作办学或国际项目),,,435,
4540,北部湾大学,205,第205组(中外合作办学或国际项目),,,435,
4540,北部湾大学,206,第206组(中外合作办学或国际项目),,,439,
4541,梧州学院,103,第103组,,,454,
4541,梧州学院,104,第104组,,,461,
4541,梧州学院,105,第105组,,,447,
4542,广西科技师范学院,103,第103组,,,457,
4542,广西科技师范学院,104,第104组,,,453,
4543,百色学院,103,第103组,,,461,
4543,百色学院,104,第104组,,,451,
4543,百色学院,105,第105组,,,452,
4544,河池学院,102,第102组,,,454,
4544,河池学院,103,第103组,,,456,
4549,广西民族师范学院,105,第105组,,,456,
4549,广西民族师范学院,106,第106组,,,461,
4549,广西民族师范学院,107,第107组,,,454,
4549,广西民族师范学院,108,第108组,,,468,
4552,桂林学院,102,第102组,,,433,
4553,桂林信息科技学院,102,第102组,,,427,
4553,桂林信息科技学院,103,第103组,,,422,
4554,南宁理工学院,102,第102组,,,423,
4555,柳州工学院,102,第102组,,,420,
4555,柳州工学院,103,第103组,,,425,
4555,柳州工学院,104,第104组,,,,
4556,广西民族大学相思湖学院,102,第102组,,,432,
4558,广西中医药大学赛恩斯新医药学院,102,第102组,,,443,
4558,广西中医药大学赛恩斯新医药学院,103,第103组,,,443,
4559,广西农业职业技术大学,104,第104组,,,450,
4559,广西农业职业技术大学,105,第105组,,,448,
4559,广西农业职业技术大学,106,第106组,,,453,
4580,广西外国语学院,102,第102组,,,427,
4601,海南大学,115,第115组,,,589,
4601,海南大学,117,第117组,,,582,
4601,海南大学,118,第118组,,,574,
4601,海南大学,119,第119组,,,576,
4601,海南大学,214,第214组(中外合作办学或国际项目),,,545,
4601,海南大学,220,第220组(中外合作办学或国际项目),,,554,
4602,海南医学院,102,第102组,,,499,
4602,海南医学院,103,第103组,,,548,
4602,海南医学院,104,第104组,,,533,
4602,海南医学院,105,第105组,,,510,
4602,海南医学院,106,第106组,,,496,
4602,海南医学院,107,第107组,,,487,
4602,海南医学院,108,第108组,,,478,
4602,海南医学院,110,第110组,,,510,
4602,海南医学院,111,第111组,,,488,
4602,海南医学院,112,第112组,,,477,
4602,海南医学院,209,第209组(中外合作办学或国际项目),,,,
4602,海南医学院,213,第213组(中外合作办学或国际项目),,,,
4604,海南热带海洋学院,104,第104组,,,467,
4604,海南热带海洋学院,106,第106组,,,464,
4604,海南热带海洋学院,107,第107组,,,457,
4604,海南热带海洋学院,205,第205组(中外合作办学或国际项目),,,449,
4605,海南师范大学,123,第123组,,,528,
4605,海南师范大学,124,第124组,,,546,
4605,海南师范大学,126,第126组,,,534,
4605,海南师范大学,127,第127组,,,533,
4605,海南师范大学,128,第128组,,,557,
4605,海南师范大学,129,第129组,,,542,
4605,海南师范大学,130,第130组,,,528,
4605,海南师范大学,131,第131组,,,543,
4605,海南师范大学,225,第225组(中外合作办学或国际项目),,,488,
4630,三亚学院,107,第107组,,,416,
4630,三亚学院,108,第108组,,,427,
4630,三亚学院,110,第110组,,,,
4630,三亚学院,111,第111组,,,435,
4630,三亚学院,112,第112组,,,415,
4630,三亚学院,209,第209组(中外合作办学或国际项目),,,440,
4631,海口经济学院,104,第104组,,,,
4631,海口经济学院,105,第105组,,,416,
4636,海南比勒费尔德应用科学大学,101,第101组,,,,
4650,海南科技职业大学,105,第105组,,,,
4650,海南科技职业大学,106,第106组,,,,
4650,海南科技职业大学,107,第107组,,,426,
4650,海南科技职业大学,108,第108组,,,421,
4671,琼台师范学院,104,第104组,,,461,
4671,琼台师范学院,105,第105组,,,468,
4711,湖南软件职业技术大学,102,第102组,,,416,
4720,湖南师范大学树达学院,104,第104组,,,450,
4720,湖南师范大学树达学院,105,第105组,,,446,
4720,湖南师范大学树达学院,106,第106组,,,449,
4720,湖南师范大学树达学院,107,第107组,,,454,
4720,湖南师范大学树达学院,108,第108组,,,449,
4721,湘潭大学兴湘学院,104,第104组,,,463,
4721,湘潭大学兴湘学院,105,第105组,,,447,
4721,湘潭大学兴湘学院,106,第106组,,,448,
4721,湘潭大学兴湘学院,107,第107组,,,450,
4721,湘潭大学兴湘学院,108,第108组,,,447,
4721,湘潭大学兴湘学院,109,第109组,,,444,
4722,湖南农业大学东方科技学院,104,第104组,,,444,
4722,湖南农业大学东方科技学院,105,第105组,,,444,
4722,湖南农业大学东方科技学院,106,第106组,,,443,
4723,湖南科技大学潇湘学院,103,第103组,,,444,
4724,湖南中医药大学湘杏学院,103,第103组,,,437,
4724,湖南中医药大学湘杏学院,104,第104组,,,438,
4724,湖南中医药大学湘杏学院,105,第105组,,,436,
4725,长沙理工大学城南学院,102,第102组,,,447,
4726,南华大学船山学院,102,第102组,,,441,
4726,南华大学船山学院,103,第103组,,,441,
4726,南华大学船山学院,104,第104组,,,440,
4727,湖南工业大学科技学院,103,第103组,,,437,
4727,湖南工业大学科技学院,104,第104组,,,432,
4727,湖南工业大学科技学院,105,第105组,,,432,
4729,中南林业科技大学涉外学院,103,第103组,,,433,
4729,中南林业科技大学涉外学院,104,第104组,,,439,
4731,湘潭理工学院,102,第102组,,,424,
4732,吉首大学张家界学院,105,第105组,,,431,
4732,吉首大学张家界学院,106,第106组,,,440,
4732,吉首大学张家界学院,107,第107组,,,433,
4733,衡阳师范学院南岳学院,105,第105组,,,436,
4733,衡阳师范学院南岳学院,106,第106组,,,440,
4733,衡阳师范学院南岳学院,107,第107组,,,444,
4733,衡阳师范学院南岳学院,108,第108组,,,443,
4733,衡阳师范学院南岳学院,109,第109组,,,440,
4734,湖南理工学院南湖学院,105,第105组,,,441,
4734,湖南理工学院南湖学院,106,第106组,,,433,
4734,湖南理工学院南湖学院,107,第107组,,,424,
4734,湖南理工学院南湖学院,108,第108组,,,436,
4734,湖南理工学院南湖学院,109,第109组,,,441,
4735,湖南文理学院芙蓉学院,104,第104组,,,431,
4735,湖南文理学院芙蓉学院,105,第105组,,,437,
4736,湖南工程学院应用技术学院,104,第104组,,,431,
4736,湖南工程学院应用技术学院,105,第105组,,,428,
4736,湖南工程学院应用技术学院,106,第106组,,,429,
4736,湖南工程学院应用技术学院,107,第107组,,,432,
4736,湖南工程学院应用技术学院,108,第108组,,,431,
4745,湖南应用技术学院,103,第103组,,,427,
4745,湖南应用技术学院,104,第104组,,,422,
4745,湖南应用技术学院,105,第105组,,,428,
4757,湖南信息学院,102,第102组,,,418,
4803,深圳北理莫斯科大学,102,第102组,,,,
4808,广东以色列理工学院,101,第101组,,,531,
4808,广东以色列理工学院,102,第102组,,,533,
4809,哈尔滨工业大学(深圳),102,第102组,,,658,
4809,哈尔滨工业大学(深圳),303,第303组(国家专项),,,626,
4819,济宁学院,102,第102组,,,444,
4820,湖北恩施学院,103,第103组,,,433,
4820,湖北恩施学院,104,第104组,,,459,
4821,武昌理工学院,101,第101组,,,446,
4822,三峡大学科技学院,102,第102组,,,442,
4822,三峡大学科技学院,103,第103组,,,456,
4824,湖北大学知行学院,102,第102组,,,439,
4824,湖北大学知行学院,103,第103组,,,440,
4825,长江大学文理学院,103,第103组,,,433,
4827,武汉东湖学院,102,第102组,,,430,
4828,武汉文理学院,104,第104组,,,445,
4828,武汉文理学院,105,第105组,,,442,
4828,武汉文理学院,106,第106组,,,432,
4828,武汉文理学院,107,第107组,,,443,
4828,武汉文理学院,108,第108组,,,450,
4828,武汉文理学院,109,第109组,,,449,
4829,武汉工程大学邮电与信息工程学院,102,第102组,,,428,
4829,武汉工程大学邮电与信息工程学院,103,第103组,,,432,
4830,武汉工商学院,102,第102组,,,443,
4831,湖北商贸学院,102,第102组,,,425,
4832,湖北医药学院药护学院,101,第101组,,,461,
4833,湖北经济学院法商学院,102,第102组,,,452,
4834,武汉体育学院体育科技学院,104,第104组,,,438,
4835,武汉学院,102,第102组,,,442,
4835,武汉学院,103,第103组,,,443,
4836,武汉传媒学院,102,第102组,,,425,
4836,武汉传媒学院,103,第103组,,,464,
4838,武汉晴川学院,102,第102组,,,435,
4839,湖北工程学院新技术学院,102,第102组,,,442,
4846,扬州大学广陵学院,102,第102组,,,445,
4849,南京财经大学红山学院,102,第102组,,,437,
4855,中国人民大学(苏州校区),203,第203组(中外合作办学或国际项目),,,632,
4884,北京师范大学-香港浸会大学联合国际学院,102,第102组,,,536,
4897,广东理工学院,102,第102组,,,430,
4899,湛江科技学院,102,第102组,,,423,
4958,江苏大学京江学院,101,第101组,,,452,
4970,南通理工学院,102,第102组,,,,
5001,重庆大学,104,第104组,,,625,
5001,重庆大学,106,第106组,,,623,
5001,重庆大学,205,第205组(中外合作办学或国际项目),,,611,
5001,重庆大学,309,第309组(国家专项),,,607,
5001,重庆大学,310,第310组(国家专项),,,607,
5002,西南大学,118,第118组,,,613,
5002,西南大学,120,第120组,,,602,
5002,西南大学,121,第121组,,,607,
5002,西南大学,123,第123组,,,608,
5002,西南大学,219,第219组(中外合作办学或国际项目),,,583,
5002,西南大学,222,第222组(中外合作办学或国际项目),,,558,
5002,西南大学,801,第801组(少数民族预科班),,,593,
5003,西南政法大学,104,第104组,,,608,
5003,西南政法大学,203,第203组(中外合作办学或国际项目),,,608,
5004,西南大学(荣昌校区),102,第102组,,,587,
5004,西南大学(荣昌校区),103,第103组,,,576,
5004,西南大学(荣昌校区),305,第305组(国家专项),,,571,
5004,西南大学(荣昌校区),306,第306组(国家专项),,,547,
5008,重庆医科大学,102,第102组,,,568,
5008,重庆医科大学,103,第103组,,,633,
5008,重庆医科大学,104,第104组,,,593,
5008,重庆医科大学,106,第106组,,,576,
5008,重庆医科大学,205,第205组(中外合作办学或国际项目),,,599,
5009,重庆邮电大学,104,第104组,,,593,
5009,重庆邮电大学,105,第105组,,,599,
5009,重庆邮电大学,206,第206组(中外合作办学或国际项目),,,580,
5009,重庆邮电大学,207,第207组(中外合作办学或国际项目),,,582,
5010,重庆交通大学,102,第102组,,,556,
5010,重庆交通大学,104,第104组,,,562,
5010,重庆交通大学,203,第203组(中外合作办学或国际项目),,,537,
5011,重庆理工大学,102,第102组,,,564,
5011,重庆理工大学,103,第103组,,,550,
5013,重庆工商大学,102,第102组,,,538,
5013,重庆工商大学,103,第103组,,,520,
5013,重庆工商大学,104,第104组,,,525,
5014,重庆三峡学院,104,第104组,,,483,
5014,重庆三峡学院,105,第105组,,,478,
5015,四川美术学院,102,第102组,,,548,
5016,重庆师范大学,116,第116组,,,482,
5016,重庆师范大学,117,第117组,,,560,
5018,四川外国语大学,114,第114组,,,559,
5018,四川外国语大学,115,第115组,,,549,
5018,四川外国语大学,117,第117组,,,558,
5018,四川外国语大学,216,第216组(中外合作办学或国际项目),,,538,
5019,重庆文理学院,104,第104组,,,486,
5019,重庆文理学院,105,第105组,,,486,
5019,重庆文理学院,106,第106组,,,484,
5019,重庆文理学院,107,第107组,,,512,
5019,重庆文理学院,217,第217组(中外合作办学或国际项目),,,444,
5020,长江师范学院,103,第103组,,,477,
5020,长江师范学院,202,第202组(中外合作办学或国际项目),,,447,
5022,重庆科技学院,102,第102组,,,499,
5023,重庆第二师范学院,102,第102组,,,489,
5025,陆军军医大学,103,第103组,,,602,
5025,陆军军医大学,104,第104组,,,631,
5025,陆军军医大学,105,第105组,,,611,
5025,陆军军医大学,106,第106组,,,602,
5028,重庆城市科技学院,103,第103组,,,442,
5028,重庆城市科技学院,104,第104组,,,440,
5029,重庆对外经贸学院,102,第102组,,,435,
5030,重庆移通学院,102,第102组,,,442,
5030,重庆移通学院,204,第204组(中外合作办学或国际项目),,,420,
5032,重庆工商大学派斯学院,102,第102组,,,427,
5032,重庆工商大学派斯学院,103,第103组,,,441,
5034,重庆财经学院,102,第102组,,,437,
5034,重庆财经学院,103,第103组,,,441,
5045,重庆外语外事学院,102,第102组,,,436,
5058,重庆机电职业技术大学,102,第102组,,,435,
5101,四川大学,116,第116组,,,626,
5101,四川大学,117,第117组,,,622,
5101,四川大学,119,第119组,,,621,
5101,四川大学,120,第120组,,,644,
5101,四川大学,121,第121组,,,617,
5101,四川大学,122,第122组,,,661,
5101,四川大学,218,第218组(中外合作办学或国际项目),,,612,
5101,四川大学,324,第324组(国家专项),,,604,
5101,四川大学,325,第325组(国家专项),,,608,
5102,电子科技大学,102,第102组,,,645,
5102,电子科技大学,304,第304组(国家专项),,,636,
5103,西南交通大学,103,第103组,,,612,
5103,西南交通大学,106,第106组,,,608,
5103,西南交通大学,107,第107组,,,604,
5103,西南交通大学,204,第204组(中外合作办学或国际项目),,,564,
5103,西南交通大学,205,第205组(中外合作办学或国际项目),,,578,
5103,西南交通大学,208,第208组(中外合作办学或国际项目),,,573,
5103,西南交通大学,310,第310组(国家专项),,,598,
5103,西南交通大学,311,第311组(国家专项),,,593,
5104,电子科技大学(沙河校区),101,第101组,,,645,
5104,电子科技大学(沙河校区),104,第104组,,,632,
5104,电子科技大学(沙河校区),202,第202组(中外合作办学或国际项目),,,624,
5105,四川农业大学,101,第101组,,,578,
5105,四川农业大学,102,第102组,,,574,
5105,四川农业大学,103,第103组,,,578,
5106,西南财经大学,103,第103组,,,611,
5106,西南财经大学,204,第204组(中外合作办学或国际项目),,,579,
5106,西南财经大学,306,第306组(国家专项),,,592,
5107,四川师范大学,116,第116组,,,556,
5107,四川师范大学,117,第117组,,,553,
5107,四川师范大学,118,第118组,,,566,
5107,四川师范大学,119,第119组,,,569,
5107,四川师范大学,120,第120组,,,542,
5107,四川师范大学,121,第121组,,,547,
5107,四川师范大学,122,第122组,,,566,
5108,成都中医药大学,103,第103组,,,568,
5108,成都中医药大学,105,第105组,,,560,
5108,成都中医药大学,107,第107组,,,,
5108,成都中医药大学,108,第108组,,,571,
5108,成都中医药大学,109,第109组,,,574,
5108,成都中医药大学,204,第204组(中外合作办学或国际项目),,,422,
5108,成都中医药大学,206,第206组(中外合作办学或国际项目),,,,
5109,乐山师范学院,102,第102组,,,463,
5110,成都理工大学,109,第109组,,,575,
5110,成都理工大学,110,第110组,,,569,
5110,成都理工大学,111,第111组,,,587,
5110,成都理工大学,112,第112组,,,582,
5110,成都理工大学,115,第115组,,,574,
5110,成都理工大学,116,第116组,,,591,
5110,成都理工大学,117,第117组,,,569,
5110,成都理工大学,118,第118组,,,565,
5110,成都理工大学,119,第119组,,,579,
5110,成都理工大学,213,第213组(中外合作办学或国际项目),,,557,
5110,成都理工大学,214,第214组(中外合作办学或国际项目),,,565,
5111,成都体育学院,102,第102组,,,473,
5112,西南民族大学,108,第108组,,,511,
5112,西南民族大学,109,第109组,,,512,
5112,西南民族大学,110,第110组,,,498,
5112,西南民族大学,111,第111组,,,519,
5112,西南民族大学,313,第313组(国家专项),,,517,
5112,西南民族大学,802,第802组(少数民族预科班),,,500,
5114,西南石油大学,106,第106组,,,579,
5114,西南石油大学,107,第107组,,,573,
5115,成都信息工程大学,103,第103组,,,565,
5116,中国民用航空飞行学院,102,第102组,,,498,
5116,中国民用航空飞行学院,103,第103组,,,488,
5116,中国民用航空飞行学院,104,第104组,,,513,
5116,中国民用航空飞行学院,305,第305组(国家专项),,,490,
5116,中国民用航空飞行学院,306,第306组(国家专项),,,507,
5117,西南科技大学,102,第102组,,,543,
5117,西南科技大学,103,第103组,,,528,
5117,西南科技大学,104,第104组,,,516,
5117,西南科技大学,105,第105组,,,536,
5118,四川轻化工大学,103,第103组,,,514,
5118,四川轻化工大学,104,第104组,,,507,
5118,四川轻化工大学,105,第105组,,,516,
5119,西华大学,102,第102组,,,527,
5119,西华大学,902,第902组(边防军人子女预科班),,,466,
5120,西南医科大学,103,第103组,,,541,
5120,西南医科大学,104,第104组,,,551,
5121,成都医学院,101,第101组,,,517,
5121,成都医学院,102,第102组,,,515,
5122,四川音乐学院,102,第102组,,,457,
5123,西华师范大学,102,第102组,,,490,
5123,西华师范大学,103,第103组,,,491,
5123,西华师范大学,104,第104组,,,485,
5125,成都大学,105,第105组,,,550,
5125,成都大学,108,第108组,,,561,
5125,成都大学,109,第109组,,,550,
5125,成都大学,110,第110组,,,544,
5125,成都大学,206,第206组(中外合作办学或国际项目),,,520,
5125,成都大学,207,第207组(中外合作办学或国际项目),,,504,
5126,宜宾学院,102,第102组,,,488,
5126,宜宾学院,103,第103组,,,464,
5126,宜宾学院,104,第104组,,,475,
5127,川北医学院,103,第103组,,,507,
5127,川北医学院,104,第104组,,,556,
5127,川北医学院,105,第105组,,,476,
5128,攀枝花学院,102,第102组,,,470,
5128,攀枝花学院,103,第103组,,,526,
5129,绵阳师范学院,103,第103组,,,468,
5129,绵阳师范学院,104,第104组,,,464,
5129,绵阳师范学院,105,第105组,,,462,
5130,西昌学院,102,第102组,,,459,
5131,四川警察学院,102,第102组,,,483,
5133,四川外国语大学成都学院,102,第102组,,,457,
5134,成都银杏酒店管理学院,102,第102组,,,424,
5135,电子科技大学成都学院,102,第102组,,,455,
5136,成都理工大学工程技术学院,102,第102组,,,440,
5137,四川工商学院,102,第102组,,,441,
5137,四川工商学院,103,第103组,,,441,
5140,四川旅游学院,102,第102组,,,460,
5140,四川旅游学院,201,第201组(中外合作办学或国际项目),,,438,
5147,成都工业学院,101,第101组,,,515,
5147,成都工业学院,102,第102组,,,496,
5147,成都工业学院,103,第103组,,,504,
5152,四川文理学院,102,第102组,,,456,
5152,四川文理学院,103,第103组,,,464,
5152,四川文理学院,104,第104组,,,464,
5153,四川大学锦江学院,103,第103组,,,431,
5153,四川大学锦江学院,104,第104组,,,444,
5158,成都东软学院,102,第102组,,,446,
5162,成都锦城学院,102,第102组,,,429,
5163,绵阳城市学院,102,第102组,,,431,
5176,四川工业科技学院,101,第101组,,,443,
5178,西南交通大学希望学院,101,第101组,,,452,
5178,西南交通大学希望学院,102,第102组,,,440,
5187,成都师范学院,102,第102组,,,503,
5192,西南财经大学天府学院,103,第103组,,,445,
5192,西南财经大学天府学院,104,第104组,,,439,
5192,西南财经大学天府学院,105,第105组,,,442,
5201,贵州大学,113,第113组,,,591,
5201,贵州大学,114,第114组,,,599,
5201,贵州大学,116,第116组,,,602,
5201,贵州大学,118,第118组,,,603,
5201,贵州大学,119,第119组,,,585,
5201,贵州大学,122,第122组,,,583,
5201,贵州大学,123,第123组,,,585,
5201,贵州大学,124,第124组,,,578,
5201,贵州大学,125,第125组,,,582,
5201,贵州大学,215,第215组(中外合作办学或国际项目),,,536,
5201,贵州大学,217,第217组(中外合作办学或国际项目),,,562,
5201,贵州大学,220,第220组(中外合作办学或国际项目),,,544,
5201,贵州大学,221,第221组(中外合作办学或国际项目),,,547,
5203,贵州财经大学,102,第102组,,,505,
5203,贵州财经大学,103,第103组,,,533,
5204,遵义医科大学,102,第102组,,,516,
5204,遵义医科大学,103,第103组,,,541,
5204,遵义医科大学,104,第104组,,,576,
5204,遵义医科大学,105,第105组,,,547,
5205,贵州医科大学,101,第101组,,,583,
5205,贵州医科大学,202,第202组(中外合作办学或国际项目),,,460,
5206,贵州中医药大学,102,第102组,,,537,
5206,贵州中医药大学,103,第103组,,,523,
5206,贵州中医药大学,204,第204组(中外合作办学或国际项目),,,459,
5207,贵州民族大学,103,第103组,,,526,
5207,贵州民族大学,104,第104组,,,497,
5207,贵州民族大学,105,第105组,,,476,
5207,贵州民族大学,106,第106组,,,494,
5207,贵州民族大学,107,第107组,,,487,
5207,贵州民族大学,108,第108组,,,503,
5207,贵州民族大学,109,第109组,,,477,
5207,贵州民族大学,110,第110组,,,535,
5207,贵州民族大学,111,第111组,,,505,
5208,贵州师范大学,104,第104组,,,551,
5208,贵州师范大学,105,第105组,,,545,
5209,黔南民族师范学院,103,第103组,,,456,
5210,遵义师范学院,102,第102组,,,470,
5210,遵义师范学院,103,第103组,,,447,
5211,贵州工程应用技术学院,102,第102组,,,464,
5212,贵州理工学院,101,第101组,,,474,
5212,贵州理工学院,102,第102组,,,478,
5212,贵州理工学院,103,第103组,,,461,
5213,贵州师范学院,105,第105组,,,505,
5213,贵州师范学院,106,第106组,,,497,
5213,贵州师范学院,107,第107组,,,462,
5215,贵阳学院,102,第102组,,,476,
5215,贵阳学院,103,第103组,,,477,
5221,茅台学院,101,第101组,,,447,
5221,茅台学院,102,第102组,,,452,
5233,贵州医科大学神奇民族医药学院,102,第102组,,,445,
5233,贵州医科大学神奇民族医药学院,103,第103组,,,441,
5233,贵州医科大学神奇民族医药学院,104,第104组,,,444,
5234,贵阳信息科技学院,101,第101组,,,441,
5235,贵州黔南科技学院,101,第101组,,,435,
5236,贵州黔南经济学院,102,第102组,,,442,
5238,贵州中医药大学时珍学院,101,第101组,,,446,
5238,贵州中医药大学时珍学院,102,第102组,,,445,
5238,贵州中医药大学时珍学院,103,第103组,,,446,
5239,贵阳人文科技学院,102,第102组,,,432,
5240,铜仁学院,104,第104组,,,451,
5240,铜仁学院,203,第203组(中外合作办学或国际项目),,,428,
5241,贵阳康养职业大学,103,第103组,,,450,
5241,贵阳康养职业大学,104,第104组,,,456,
5241,贵阳康养职业大学,105,第105组,,,457,
5243,贵州商学院,102,第102组,,,472,
5246,安顺学院,103,第103组,,,461,
5246,安顺学院,104,第104组,,,464,
5252,贵州警察学院,102,第102组,,,476,
5252,贵州警察学院,103,第103组,,,472,
5254,六盘水师范学院,103,第103组,,,455,
5259,凯里学院,101,第101组,,,454,
5259,凯里学院,102,第102组,,,456,
5259,凯里学院,207,第207组(中外合作办学或国际项目),,,435,
5261,兴义民族师范学院,103,第103组,,,476,
5261,兴义民族师范学院,104,第104组,,,465,
5262,遵义医科大学医学与科技学院,101,第101组,,,467,
5301,云南大学,111,第111组,,,586,
5301,云南大学,112,第112组,,,596,
5301,云南大学,113,第113组,,,592,
5301,云南大学,114,第114组,,,612,
5301,云南大学,115,第115组,,,585,
5301,云南大学,116,第116组,,,593,
5301,云南大学,117,第117组,,,584,
5301,云南大学,210,第210组(中外合作办学或国际项目),,,555,
5305,昆明理工大学,106,第106组,,,556,
5305,昆明理工大学,109,第109组,,,545,
5305,昆明理工大学,110,第110组,,,539,
5305,昆明理工大学,112,第112组,,,561,
5305,昆明理工大学,113,第113组,,,,
5305,昆明理工大学,214,第214组(中外合作办学或国际项目),,,475,
5306,云南农业大学,104,第104组,,,504,
5306,云南农业大学,106,第106组,,,495,
5306,云南农业大学,107,第107组,,,512,
5306,云南农业大学,205,第205组(中外合作办学或国际项目),,,455,
5308,昆明医科大学,102,第102组,,,546,
5308,昆明医科大学,103,第103组,,,587,
5308,昆明医科大学,104,第104组,,,560,
5308,昆明医科大学,201,第201组(中外合作办学或国际项目),,,482,
5309,西南林业大学,104,第104组,,,504,
5309,西南林业大学,105,第105组,,,501,
5309,西南林业大学,106,第106组,,,494,
5309,西南林业大学,107,第107组,,,494,
5309,西南林业大学,108,第108组,,,503,
5309,西南林业大学,109,第109组,,,504,
5309,西南林业大学,110,第110组,,,516,
5309,西南林业大学,111,第111组,,,488,
5309,西南林业大学,112,第112组,,,504,
5309,西南林业大学,113,第113组,,,502,
5309,西南林业大学,114,第114组,,,498,
5309,西南林业大学,115,第115组,,,509,
5309,西南林业大学,116,第116组,,,516,
5310,云南民族大学,104,第104组,,,516,
5310,云南民族大学,105,第105组,,,499,
5310,云南民族大学,106,第106组,,,516,
5311,云南师范大学,104,第104组,,,540,
5311,云南师范大学,105,第105组,,,557,
5311,云南师范大学,106,第106组,,,529,
5311,云南师范大学,107,第107组,,,552,
5311,云南师范大学,108,第108组,,,499,
5312,云南财经大学,104,第104组,,,502,
5312,云南财经大学,105,第105组,,,523,
5312,云南财经大学,106,第106组,,,508,
5312,云南财经大学,107,第107组,,,500,
5313,普洱学院,102,第102组,,,457,
5314,云南中医药大学,103,第103组,,,504,
5314,云南中医药大学,104,第104组,,,520,
5314,云南中医药大学,105,第105组,,,502,
5314,云南中医药大学,106,第106组,,,535,
5314,云南中医药大学,107,第107组,,,504,
5314,云南中医药大学,108,第108组,,,501,
5315,玉溪师范学院,104,第104组,,,470,
5315,玉溪师范学院,105,第105组,,,483,
5316,大理大学,105,第105组,,,509,
5316,大理大学,106,第106组,,,496,
5316,大理大学,107,第107组,,,530,
5317,楚雄师范学院,106,第106组,,,446,
5317,楚雄师范学院,107,第107组,,,450,
5317,楚雄师范学院,108,第108组,,,446,
5318,曲靖师范学院,105,第105组,,,452,
5318,曲靖师范学院,106,第106组,,,454,
5318,曲靖师范学院,107,第107组,,,466,
5318,曲靖师范学院,108,第108组,,,457,
5319,昆明学院,103,第103组,,,480,
5319,昆明学院,104,第104组,,,470,
5319,昆明学院,105,第105组,,,470,
5321,红河学院,104,第104组,,,448,
5321,红河学院,105,第105组,,,450,
5321,红河学院,106,第106组,,,449,
5321,红河学院,107,第107组,,,449,
5324,滇西应用技术大学,103,第103组,,,471,
5324,滇西应用技术大学,104,第104组,,,454,
5343,昆明理工大学津桥学院,103,第103组,,,428,
5343,昆明理工大学津桥学院,104,第104组,,,427,
5344,云南大学滇池学院,102,第102组,,,439,
5344,云南大学滇池学院,103,第103组,,,440,
5345,云南艺术学院文华学院,102,第102组,,,416,
5346,昆明文理学院,102,第102组,,,424,
5347,昆明城市学院,103,第103组,,,438,
5347,昆明城市学院,104,第104组,,,433,
5348,丽江文化旅游学院,102,第102组,,,433,
5349,昆明医科大学海源学院,102,第102组,,,433,
5349,昆明医科大学海源学院,103,第103组,,,464,
5358,昭通学院,103,第103组,,,468,
5361,文山学院,102,第102组,,,452,
5363,保山学院,103,第103组,,,451,
5371,云南经济管理学院,103,第103组,,,426,
5371,云南经济管理学院,104,第104组,,,446,
5384,滇西科技师范学院,102,第102组,,,452,
5401,西藏大学,104,第104组,,,533,
5401,西藏大学,105,第105组,,,523,
5401,西藏大学,106,第106组,,,522,
5401,西藏大学,107,第107组,,,536,
5401,西藏大学,108,第108组,,,526,
5403,西藏农牧学院,102,第102组,,,444,
5403,西藏农牧学院,103,第103组,,,439,
5405,西藏民族大学,108,第108组,,,480,
5405,西藏民族大学,109,第109组,,,493,
6101,西安交通大学,102,第102组,,,649,
6101,西安交通大学,103,第103组,,,645,
6101,西安交通大学,104,第104组(西安交通大学医学部),,,637,
6101,西安交通大学,209,第209组(中外合作办学或国际项目),,,602,
6101,西安交通大学,306,第306组(国家专项),,,626,
6101,西安交通大学,307,第307组(国家专项),,,627,
6101,西安交通大学,308,第308组(国家专项)(西安交通大学医学部),,,622,
6101,西安交通大学,801,第801组(少数民族预科班),,,629,
6102,西北大学,103,第103组,,,596,
6102,西北大学,104,第104组,,,595,
6102,西北大学,105,第105组,,,594,
6102,西北大学,106,第106组,,,595,
6102,西北大学,207,第207组(中外合作办学或国际项目),,,564,
6103,西北工业大学,102,第102组,,,638,
6103,西北工业大学,104,第104组,,,633,
6103,西北工业大学,203,第203组(中外合作办学或国际项目),,,603,
6103,西北工业大学,306,第306组(国家专项),,,630,
6103,西北工业大学,801,第801组(少数民族预科班),,,616,
6104,西安电子科技大学,103,第103组,,,631,
6104,西安电子科技大学,304,第304组(国家专项),,,617,
6104,西安电子科技大学,305,第305组(国家专项),,,603,
6104,西安电子科技大学,801,第801组(少数民族预科班),,,609,
6105,长安大学,103,第103组,,,594,
6105,长安大学,106,第106组,,,602,
6105,长安大学,204,第204组(中外合作办学或国际项目),,,565,
6105,长安大学,205,第205组(中外合作办学或国际项目),,,578,
6105,长安大学,207,第207组(中外合作办学或国际项目),,,564,
6105,长安大学,309,第309组(国家专项),,,567,
6105,长安大学,310,第310组(国家专项),,,587,
6105,长安大学,801,第801组(少数民族预科班),,,590,
6106,西北农林科技大学,104,第104组,,,597,
6106,西北农林科技大学,105,第105组,,,602,
6106,西北农林科技大学,106,第106组,,,606,
6106,西北农林科技大学,107,第107组,,,596,
6106,西北农林科技大学,109,第109组,,,603,
6106,西北农林科技大学,208,第208组(中外合作办学或国际项目),,,570,
6106,西北农林科技大学,312,第312组(国家专项),,,594,
6106,西北农林科技大学,313,第313组(国家专项),,,586,
6106,西北农林科技大学,801,第801组(少数民族预科班),,,590,
6107,陕西科技大学,102,第102组,,,537,
6107,陕西科技大学,104,第104组,,,516,
6107,陕西科技大学,203,第203组(中外合作办学或国际项目),,,519,
6108,空军军医大学,103,第103组,,,606,
6108,空军军医大学,104,第104组,,,614,
6108,空军军医大学,105,第105组,,,593,
6108,空军军医大学,106,第106组,,,569,
6112,西安建筑科技大学,105,第105组,,,579,
6112,西安建筑科技大学,106,第106组,,,548,
6112,西安建筑科技大学,108,第108组,,,523,
6112,西安建筑科技大学,207,第207组(中外合作办学或国际项目),,,474,
6112,西安建筑科技大学,209,第209组(中外合作办学或国际项目),,,523,
6113,陕西师范大学,326,第326组(国家专项),,,583,
6113,陕西师范大学,327,第327组(国家专项),,,594,
6113,陕西师范大学,328,第328组(国家专项),,,578,
6113,陕西师范大学,329,第329组(国家专项),,,586,
6113,陕西师范大学,802,第802组(少数民族预科班),,,586,
6114,西安外国语大学,107,第107组,,,546,
6115,陕西学前师范学院,102,第102组,,,451,
6115,陕西学前师范学院,103,第103组,,,452,
6115,陕西学前师范学院,104,第104组,,,466,
6116,延安大学,104,第104组,,,492,
6116,延安大学,105,第105组,,,484,
6116,延安大学,106,第106组,,,510,
6116,延安大学,107,第107组,,,486,
6117,宝鸡文理学院,102,第102组,,,457,
6118,渭南师范学院,103,第103组,,,458,
6118,渭南师范学院,104,第104组,,,470,
6118,渭南师范学院,105,第105组,,,449,
6119,陕西理工大学,104,第104组,,,514,
6119,陕西理工大学,105,第105组,,,502,
6119,陕西理工大学,107,第107组,,,516,
6119,陕西理工大学,206,第206组(中外合作办学或国际项目),,,,
6121,西安石油大学,104,第104组,,,526,
6121,西安石油大学,105,第105组,,,516,
6122,西安邮电大学,102,第102组,,,577,
6122,西安邮电大学,203,第203组(中外合作办学或国际项目),,,557,
6123,西安财经大学,102,第102组,,,523,
6123,西安财经大学,203,第203组(中外合作办学或国际项目),,,507,
6125,西北政法大学,105,第105组,,,601,
6126,西安工程大学,103,第103组,,,533,
6126,西安工程大学,105,第105组,,,508,
6126,西安工程大学,107,第107组,,,521,
6127,西安理工大学,102,第102组,,,564,
6127,西安理工大学,203,第203组(中外合作办学或国际项目),,,527,
6128,西安工业大学,106,第106组,,,561,
6128,西安工业大学,207,第207组(中外合作办学或国际项目),,,540,
6128,西安工业大学,208,第208组(中外合作办学或国际项目),,,444,
6129,西安科技大学,104,第104组,,,549,
6129,西安科技大学,106,第106组,,,545,
6129,西安科技大学,107,第107组,,,546,
6129,西安科技大学,205,第205组(中外合作办学或国际项目),,,513,
6131,陕西中医药大学,101,第101组,,,515,
6131,陕西中医药大学,102,第102组,,,511,
6131,陕西中医药大学,103,第103组,,,552,
6131,陕西中医药大学,104,第104组,,,517,
6133,咸阳师范学院,103,第103组,,,458,
6140,西安交通工程学院,103,第103组,,,434,
6140,西安交通工程学院,104,第104组,,,439,
6140,西安交通工程学院,105,第105组,,,444,
6141,西安信息职业大学,102,第102组,,,424,
6142,榆林学院,102,第102组,,,455,
6142,榆林学院,103,第103组,,,451,
6142,榆林学院,105,第105组,,,450,
6142,榆林学院,106,第106组,,,450,
6142,榆林学院,107,第107组,,,450,
6142,榆林学院,108,第108组,,,450,
6142,榆林学院,204,第204组(中外合作办学或国际项目),,,438,
6143,陕西科技大学镐京学院,103,第103组,,,432,
6143,陕西科技大学镐京学院,104,第104组,,,431,
6143,陕西科技大学镐京学院,105,第105组,,,430,
6146,西安航空学院,101,第101组,,,466,
6146,西安航空学院,103,第103组,,,470,
6146,西安航空学院,202,第202组(中外合作办学或国际项目),,,463,
6147,西安外事学院,102,第102组,,,426,
6147,西安外事学院,103,第103组,,,438,
6148,西安培华学院,103,第103组,,,421,
6148,西安培华学院,104,第104组,,,421,
6150,西安欧亚学院,102,第102组,,,428,
6150,西安欧亚学院,203,第203组(中外合作办学或国际项目),,,417,
6151,西安翻译学院,102,第102组,,,419,
6151,西安翻译学院,103,第103组,,,427,
6152,西京学院,102,第102组,,,425,
6153,西安文理学院,105,第105组,,,483,
6153,西安文理学院,106,第106组,,,452,
6153,西安文理学院,107,第107组,,,454,
6154,西安医学院,103,第103组,,,493,
6154,西安医学院,104,第104组,,,500,
6154,西安医学院,105,第105组,,,559,
6154,西安医学院,106,第106组,,,513,
6156,商洛学院,103,第103组,,,453,
6156,商洛学院,204,第204组(中外合作办学或国际项目),,,451,
6156,商洛学院,205,第205组(中外合作办学或国际项目),,,434,
6157,陕西国际商贸学院,102,第102组,,,,
6157,陕西国际商贸学院,103,第103组,,,415,
6157,陕西国际商贸学院,104,第104组,,,420,
6159,陕西服装工程学院,102,第102组,,,420,
6160,西安思源学院,102,第102组,,,427,
6160,西安思源学院,103,第103组,,,430,
6171,西安汽车职业大学,102,第102组,,,430,
6171,西安汽车职业大学,103,第103组,,,419,
6173,安康学院,104,第104组,,,450,
6173,安康学院,105,第105组,,,449,
6174,西安工商学院,102,第102组,,,420,
6175,西安交通大学城市学院,101,第101组,,,451,
6176,西安明德理工学院,102,第102组,,,424,
6177,西安科技大学高新学院,102,第102组,,,432,
6177,西安科技大学高新学院,204,第204组(中外合作办学或国际项目),,,,
6191,西安建筑科技大学华清学院,101,第101组,,,432,
6191,西安建筑科技大学华清学院,102,第102组,,,432,
6192,延安大学西安创新学院,102,第102组,,,419,
6192,延安大学西安创新学院,103,第103组,,,423,
6201,兰州大学,111,第111组,,,613,
6201,兰州大学,112,第112组,,,616,
6201,兰州大学,113,第113组,,,617,
6201,兰州大学,114,第114组,,,612,
6201,兰州大学,115,第115组,,,610,
6201,兰州大学,316,第316组(国家专项),,,594,
6201,兰州大学,317,第317组(国家专项),,,602,
6201,兰州大学,318,第318组(国家专项),,,616,
6202,兰州交通大学,104,第104组,,,530,
6202,兰州交通大学,105,第105组,,,525,
6202,兰州交通大学,106,第106组,,,541,
6203,兰州理工大学,104,第104组,,,483,
6203,兰州理工大学,105,第105组,,,517,
6203,兰州理工大学,106,第106组,,,483,
6203,兰州理工大学,107,第107组,,,520,
6204,甘肃农业大学,102,第102组,,,485,
6204,甘肃农业大学,103,第103组,,,459,
6204,甘肃农业大学,104,第104组,,,463,
6205,西北民族大学,112,第112组,,,469,
6205,西北民族大学,113,第113组,,,485,
6205,西北民族大学,114,第114组,,,472,
6205,西北民族大学,115,第115组,,,459,
6205,西北民族大学,116,第116组,,,470,
6205,西北民族大学,117,第117组,,,533,
6205,西北民族大学,118,第118组,,,475,
6205,西北民族大学,323,第323组(国家专项),,,467,
6205,西北民族大学,324,第324组(国家专项),,,529,
6205,西北民族大学,802,第802组(少数民族预科班),,,465,
6206,兰州财经大学,102,第102组,,,481,
6207,甘肃中医药大学,104,第104组,,,451,
6207,甘肃中医药大学,105,第105组,,,490,
6207,甘肃中医药大学,106,第106组,,,479,
6207,甘肃中医药大学,107,第107组,,,490,
6207,甘肃中医药大学,108,第108组,,,485,
6207,甘肃中医药大学,109,第109组,,,506,
6208,天水师范学院,103,第103组,,,449,
6208,天水师范学院,104,第104组,,,449,
6209,西北师范大学,110,第110组,,,493,
6209,西北师范大学,111,第111组,,,511,
6209,西北师范大学,112,第112组,,,441,
6209,西北师范大学,114,第114组,,,517,
6209,西北师范大学,115,第115组,,,537,
6209,西北师范大学,116,第116组,,,542,
6209,西北师范大学,213,第213组(中外合作办学或国际项目),,,447,
6210,甘肃政法大学,103,第103组,,,513,
6210,甘肃政法大学,104,第104组,,,529,
6210,甘肃政法大学,105,第105组,,,524,
6211,兰州文理学院,102,第102组,,,458,
6211,兰州文理学院,103,第103组,,,452,
6212,河西学院,103,第103组,,,451,
6212,河西学院,104,第104组,,,454,
6212,河西学院,105,第105组,,,445,
6212,河西学院,106,第106组,,,453,
6212,河西学院,107,第107组,,,450,
6213,陇东学院,102,第102组,,,451,
6213,陇东学院,103,第103组,,,450,
6213,陇东学院,104,第104组,,,451,
6213,陇东学院,105,第105组,,,450,
6213,陇东学院,106,第106组,,,447,
6214,兰州工业学院,101,第101组,,,456,
6214,兰州工业学院,103,第103组,,,454,
6217,甘肃医学院,101,第101组,,,457,
6217,甘肃医学院,102,第102组,,,477,
6219,甘肃民族师范学院,103,第103组,,,451,
6219,甘肃民族师范学院,104,第104组,,,454,
6219,甘肃民族师范学院,105,第105组,,,454,
6221,兰州博文科技学院,101,第101组,,,432,
6224,兰州城市学院,103,第103组,,,452,
6224,兰州城市学院,104,第104组,,,450,
6224,兰州城市学院,105,第105组,,,452,
6224,兰州城市学院,106,第106组,,,448,
6224,兰州城市学院,107,第107组,,,453,
6228,兰州资源环境职业技术大学,101,第101组,,,447,
6231,兰州石化职业技术大学,102,第102组,,,452,
6231,兰州石化职业技术大学,103,第103组,,,447,
6301,青海大学,102,第102组,,,560,
6301,青海大学,103,第103组,,,553,
6301,青海大学,104,第104组,,,557,
6301,青海大学,105,第105组,,,561,
6301,青海大学,106,第106组,,,557,
6301,青海大学,107,第107组,,,559,
6301,青海大学,108,第108组,,,582,
6301,青海大学,109,第109组,,,573,
6301,青海大学,110,第110组,,,530,
6303,青海民族大学,102,第102组,,,467,
6303,青海民族大学,103,第103组,,,471,
6303,青海民族大学,104,第104组,,,471,
6303,青海民族大学,205,第205组(中外合作办学或国际项目),,,433,
6304,青海师范大学,102,第102组,,,521,
6304,青海师范大学,103,第103组,,,490,
6304,青海师范大学,104,第104组,,,486,
6319,青海大学昆仑学院,102,第102组,,,441,
6401,北方民族大学,113,第113组,,,459,
6401,北方民族大学,114,第114组,,,451,
6401,北方民族大学,116,第116组,,,451,
6401,北方民族大学,117,第117组,,,449,
6401,北方民族大学,118,第118组,,,475,
6401,北方民族大学,119,第119组,,,472,
6401,北方民族大学,120,第120组,,,477,
6401,北方民族大学,121,第121组,,,449,
6401,北方民族大学,122,第122组,,,453,
6401,北方民族大学,215,第215组(中外合作办学或国际项目),,,460,
6401,北方民族大学,324,第324组(国家专项),,,451,
6401,北方民族大学,325,第325组(国家专项),,,465,
6401,北方民族大学,326,第326组(国家专项),,,480,
6401,北方民族大学,802,第802组(少数民族预科班),,,459,
6402,宁夏大学,106,第106组,,,568,
6402,宁夏大学,107,第107组,,,571,
6402,宁夏大学,108,第108组,,,565,
6402,宁夏大学,109,第109组,,,554,
6405,宁夏医科大学,101,第101组,,,464,
6405,宁夏医科大学,102,第102组,,,451,
6405,宁夏医科大学,103,第103组,,,555,
6405,宁夏医科大学,104,第104组,,,524,
6420,宁夏理工学院,102,第102组,,,436,
6420,宁夏理工学院,103,第103组,,,433,
6421,宁夏师范学院,102,第102组,,,461,
6427,银川科技学院,102,第102组,,,423,
6501,新疆大学,105,第105组,,,554,
6501,新疆大学,106,第106组,,,544,
6501,新疆大学,107,第107组,,,564,
6502,石河子大学,103,第103组,,,539,
6502,石河子大学,104,第104组,,,546,
6502,石河子大学,105,第105组,,,527,
6503,新疆警察学院,102,第102组,,,460,
6504,新疆医科大学,101,第101组,,,555,
6504,新疆医科大学,102,第102组,,,435,
6504,新疆医科大学,103,第103组,,,492,
6504,新疆医科大学,104,第104组,,,510,
6504,新疆医科大学,105,第105组,,,489,
6504,新疆医科大学,106,第106组,,,,
6504,新疆医科大学,107,第107组,,,468,
6504,新疆医科大学,108,第108组,,,543,
6504,新疆医科大学,109,第109组,,,431,
6504,新疆医科大学,110,第110组,,,486,
6505,新疆师范大学,104,第104组,,,476,
6505,新疆师范大学,105,第105组,,,441,
6505,新疆师范大学,106,第106组,,,474,
6505,新疆师范大学,107,第107组,,,480,
6505,新疆师范大学,108,第108组,,,468,
6505,新疆师范大学,109,第109组,,,435,
6505,新疆师范大学,116,第116组,,,480,
6506,新疆财经大学,102,第102组,,,444,
6507,新疆农业大学,103,第103组,,,449,
6507,新疆农业大学,104,第104组,,,453,
6507,新疆农业大学,105,第105组,,,451,
6507,新疆农业大学,106,第106组,,,449,
6507,新疆农业大学,108,第108组,,,449,
6507,新疆农业大学,207,第207组(中外合作办学或国际项目),,,444,
6508,塔里木大学,104,第104组,,,443,
6508,塔里木大学,105,第105组,,,435,
6508,塔里木大学,106,第106组,,,442,
6508,塔里木大学,107,第107组,,,439,
6508,塔里木大学,108,第108组,,,440,
6508,塔里木大学,109,第109组,,,444,
6509,伊犁师范大学,104,第104组,,,443,
6509,伊犁师范大学,105,第105组,,,443,
6509,伊犁师范大学,106,第106组,,,442,
6509,伊犁师范大学,107,第107组,,,457,
6509,伊犁师范大学,108,第108组,,,454,
6509,伊犁师范大学,109,第109组,,,444,
6511,喀什大学,107,第107组,,,445,
6511,喀什大学,108,第108组,,,446,
6511,喀什大学,109,第109组,,,446,
6511,喀什大学,110,第110组,,,449,
6511,喀什大学,111,第111组,,,445,
6511,喀什大学,112,第112组,,,472,
6511,喀什大学,113,第113组,,,466,
6512,新疆科技学院,105,第105组,,,442,
6512,新疆科技学院,106,第106组,,,444,
6512,新疆科技学院,107,第107组,,,438,
6512,新疆科技学院,108,第108组,,,436,
6512,新疆科技学院,109,第109组,,,444,
6512,新疆科技学院,110,第110组,,,443,
6514,新疆第二医学院,101,第101组,,,486,
6514,新疆第二医学院,102,第102组,,,447,
6514,新疆第二医学院,103,第103组,,,449,
6514,新疆第二医学院,104,第104组,,,465,
6514,新疆第二医学院,105,第105组,,,440,
6514,新疆第二医学院,106,第106组,,,444,
6514,新疆第二医学院,107,第107组,,,471,
6514,新疆第二医学院,108,第108组,,,468,
6514,新疆第二医学院,109,第109组,,,469,
6515,新疆理工学院,102,第102组,,,446,
6515,新疆理工学院,103,第103组,,,447,
6517,新疆工程学院,101,第101组,,,445,
6517,新疆工程学院,102,第102组,,,445,
6517,新疆工程学院,103,第103组,,,442,
6528,昌吉学院,102,第102组,,,440,
6531,中国石油大学(北京)克拉玛依校区,103,第103组,,,553,
6531,中国石油大学(北京)克拉玛依校区,304,第304组(国家专项),,,548,
6532,新疆天山职业技术大学,102,第102组,,,430,
6537,新疆政法学院,102,第102组,,,447,
6537,新疆政法学院,103,第103组,,,441,
