code,name,group,major,plan,admit,score,rank
1101,北京大学,104,第104组,,,685,98
1101,北京大学,306,第306组(国家专项),,,670,546
1101,北京大学,307,第307组(国家专项),,,671,497
1102,清华大学,103,第103组,,,685,98
1102,清华大学,305,第305组(国家专项),,,673,420
1103,中国人民大学,107,第107组,,,669,587
1103,中国人民大学,108,第108组,,,667,689
1103,中国人民大学,311,第311组(国家专项),,,629,6094
1103,中国人民大学,312,第312组(国家专项),,,641,3617
1104,北京师范大学,110,第110组,,,633,5154
1104,北京师范大学,111,第111组,,,638,4156
1104,北京师范大学,315,第315组(国家专项),,,634,4926
1104,北京师范大学,316,第316组(国家专项),,,635,4716
1105,北京科技大学,103,第103组,,,620,8598
1105,北京科技大学,104,第104组,,,620,8598
1105,北京科技大学,105,第105组,,,616,9830
1105,北京科技大学,306,第306组(国家专项),,,568,32731
1106,北京邮电大学,103,第103组,,,649,2346
1106,北京邮电大学,104,第104组,,,638,4156
1106,北京邮电大学,205,第205组(中外合作办学或国际项目),,,615,10149
1106,北京邮电大学,206,第206组(中外合作办学或国际项目),,,600,15860
1106,北京邮电大学,307,第307组(国家专项),,,619,8897
1106,北京邮电大学,308,第308组(国家专项),,,629,6094
1106,北京邮电大学,801,第801组(少数民族预科班),,,625,7140
1107,北京航空航天大学,103,第103组,,,661,1088
1107,北京航空航天大学,204,第204组(中外合作办学或国际项目),,,640,3787
1107,北京航空航天大学,305,第305组(国家专项),,,648,2481
1107,北京航空航天大学,706,第706组(民族班),,,650,2208
1108,北京理工大学,103,第103组(珠海校区),,,666,741
1108,北京理工大学,104,第104组,,,659,1269
1108,北京理工大学,202,第202组(中外合作办学或国际项目),,,621,8307
1108,北京理工大学,205,第205组(中外合作办学或国际项目),,,629,6094
1108,北京理工大学,306,第306组(国家专项),,,645,2936
1108,北京理工大学,707,第707组(民族班),,,644,3097
1109,北京交通大学,105,第105组,,,637,4322
1109,北京交通大学,106,第106组,,,636,4516
1109,北京交通大学,107,第107组,,,623,7713
1109,北京交通大学,208,第208组(中外合作办学或国际项目),,,605,13804
1109,北京交通大学,209,第209组(中外合作办学或国际项目),,,601,15422
1109,北京交通大学,311,第311组(国家专项),,,590,20503
1109,北京交通大学,712,第712组(民族班),,,605,13804
1109,北京交通大学,713,第713组(民族班),,,585,23042
1110,北京化工大学,103,第103组,,,615,10149
1110,北京化工大学,104,第104组,,,607,13036
1110,北京化工大学,105,第105组,,,611,11512
1110,北京化工大学,206,第206组(中外合作办学或国际项目),,,574,29052
1110,北京化工大学,307,第307组(国家专项),,,593,19030
1111,北京工业大学,102,第102组,,,610,11873
1111,北京工业大学,203,第203组(中外合作办学或国际项目),,,598,16754
1112,中国农业大学,103,第103组,,,617,9530
1112,中国农业大学,104,第104组,,,604,14233
1112,中国农业大学,305,第305组(国家专项),,,607,13036
1113,北京林业大学,106,第106组,,,588,21502
1113,北京林业大学,107,第107组,,,588,21502
1113,北京林业大学,108,第108组,,,601,15422
1113,北京林业大学,109,第109组,,,606,13439
1113,北京林业大学,110,第110组,,,596,17619
1113,北京林业大学,111,第111组,,,584,23577
1113,北京林业大学,112,第112组,,,589,20981
1113,北京林业大学,114,第114组,,,593,19030
1113,北京林业大学,115,第115组,,,591,20003
1113,北京林业大学,213,第213组(中外合作办学或国际项目),,,,
1113,北京林业大学,317,第317组(国家专项),,,580,25720
1113,北京林业大学,319,第319组(国家专项),,,555,41377
1113,北京林业大学,320,第320组(国家专项),,,565,34573
1113,北京林业大学,801,第801组(少数民族预科班),,,585,23042
1114,北京大学医学部,101,第101组,,,679,206
1114,北京大学医学部,302,第302组(国家专项),,,663,938
1114,北京大学医学部,303,第303组(国家专项),,,665,825
1115,北京中医药大学,102,第102组,,,587,22001
1115,北京中医药大学,103,第103组,,,578,26844
1115,北京中医药大学,304,第304组(国家专项),,,566,33968
1115,北京中医药大学,305,第305组(国家专项),,,567,33317
1116,对外经济贸易大学,103,第103组,,,616,9830
1116,对外经济贸易大学,104,第104组,,,619,8897
1116,对外经济贸易大学,205,第205组(中外合作办学或国际项目),,,584,23577
1116,对外经济贸易大学,308,第308组(国家专项),,,604,14233
1116,对外经济贸易大学,309,第309组(国家专项),,,605,13804
1116,对外经济贸易大学,802,第802组(少数民族预科班),,,607,13036
1117,北京外国语大学,104,第104组,,,618,9205
1117,北京外国语大学,105,第105组,,,613,10797
1117,北京外国语大学,106,第106组,,,616,9830
1117,北京外国语大学,107,第107组,,,623,7713
1117,北京外国语大学,108,第108组,,,619,8897
1117,北京外国语大学,213,第213组(中外合作办学或国际项目),,,596,17619
1117,北京外国语大学,311,第311组(国家专项),,,598,16754
1117,北京外国语大学,312,第312组(国家专项),,,606,13439
1117,北京外国语大学,802,第802组(少数民族预科班),,,594,18532
1118,中央民族大学,107,第107组,,,606,13439
1118,中央民族大学,108,第108组,,,609,12245
1118,中央民族大学,209,第209组(中外合作办学或国际项目),,,575,28527
1118,中央民族大学,210,第210组(中外合作办学或国际项目),,,586,22537
1118,中央民族大学,312,第312组(国家专项),,,585,23042
1119,中国地质大学(北京),103,第103组,,,597,17176
1119,中国地质大学(北京),104,第104组,,,595,18050
1119,中国地质大学(北京),305,第305组(国家专项),,,589,20981
1119,中国地质大学(北京),706,第706组(民族班),,,595,18050
1120,中国石油大学(北京),103,第103组,,,602,15016
1120,中国石油大学(北京),104,第104组,,,606,13439
1120,中国石油大学(北京),305,第305组(国家专项),,,587,22001
1123,北京体育大学,110,第110组,,,582,24579
1123,北京体育大学,112,第112组,,,591,20003
1123,北京体育大学,113,第113组,,,593,19030
1123,北京体育大学,114,第114组,,,595,18050
1123,北京体育大学,115,第115组,,,578,26844
1123,北京体育大学,211,第211组(中外合作办学或国际项目),,,494,97592
1123,北京体育大学,319,第319组(国家专项),,,562,36495
1123,北京体育大学,320,第320组(国家专项),,,565,34573
1125,北京语言大学,107,第107组,,,571,30892
1125,北京语言大学,109,第109组,,,584,23577
1125,北京语言大学,110,第110组,,,563,35850
1125,北京语言大学,208,第208组(中外合作办学或国际项目),,,466,132409
1125,北京语言大学,313,第313组(国家专项),,,584,23577
1125,北京语言大学,715,第715组(民族班),,,566,33968
1125,北京语言大学,716,第716组(民族班),,,539,53361
1126,华北电力大学(北京),102,第102组,,,599,16296
1126,华北电力大学(北京),103,第103组,,,617,9530
1126,华北电力大学(北京),304,第304组(国家专项),,,594,18532
1126,华北电力大学(北京),305,第305组(国家专项),,,614,10468
1127,中国矿业大学(北京),102,第102组,,,581,25122
1127,中国矿业大学(北京),103,第103组,,,587,22001
1127,中国矿业大学(北京),304,第304组(国家专项),,,568,32731
1128,北京联合大学,105,第105组,,,540,52569
1128,北京联合大学,106,第106组,,,550,44942
1128,北京联合大学,107,第107组,,,558,39203
1128,北京联合大学,108,第108组,,,564,35220
1128,北京联合大学,109,第109组,,,546,47840
1129,中国科学院大学,102,第102组,,,677,272
1129,中国科学院大学,303,第303组(国家专项),,,668,637
1130,中国传媒大学,107,第107组,,,605,13804
1130,中国传媒大学,110,第110组,,,613,10797
1130,中国传媒大学,112,第112组,,,615,10149
1130,中国传媒大学,209,第209组(中外合作办学或国际项目),,,576,27958
1130,中国传媒大学,211,第211组(中外合作办学或国际项目),,,573,29648
1130,中国传媒大学,314,第314组(国家专项),,,596,17619
1131,中央财经大学,104,第104组,,,618,9205
1131,中央财经大学,205,第205组(中外合作办学或国际项目),,,598,16754
1131,中央财经大学,307,第307组(国家专项),,,606,13439
1132,中国政法大学,104,第104组,,,620,8598
1132,中国政法大学,306,第306组(国家专项),,,612,11151
1134,北京第二外国语学院,102,第102组,,,545,48625
1135,北京工商大学,103,第103组,,,562,36495
1135,北京工商大学,104,第104组,,,555,41377
1135,北京工商大学,205,第205组(中外合作办学或国际项目),,,505,85352
1138,北京信息科技大学,101,第101组,,,598,16754
1138,北京信息科技大学,102,第102组,,,595,18050
1142,北京农学院,101,第101组,,,505,85352
1142,北京农学院,202,第202组(中外合作办学或国际项目),,,419,194396
1143,北京金融科技学院,105,第105组,,,438,169715
1143,北京金融科技学院,106,第106组,,,441,165648
1144,北京印刷学院,103,第103组,,,513,76981
1145,北京邮电大学世纪学院,103,第103组,,,437,171075
1145,北京邮电大学世纪学院,104,第104组,,,434,175127
1145,北京邮电大学世纪学院,105,第105组,,,420,193111
1147,中央美术学院,205,第205组,,,599,16296
1150,北京石油化工学院,101,第101组,,,550,44942
1150,北京石油化工学院,102,第102组,,,535,56712
1151,中华女子学院,105,第105组,,,494,97592
1151,中华女子学院,106,第106组,,,504,86449
1153,首都经济贸易大学,102,第102组,,,571,30892
1153,首都经济贸易大学,104,第104组,,,589,20981
1153,首都经济贸易大学,306,第306组(国家专项),,,521,69188
1155,首都师范大学,109,第109组,,,600,15860
1155,首都师范大学,311,第311组(国家专项),,,565,34573
1156,北京服装学院,103,第103组,,,499,91840
1156,北京服装学院,104,第104组,,,507,83152
1157,北方工业大学,102,第102组,,,573,29648
1157,北方工业大学,203,第203组(中外合作办学或国际项目),,,545,48625
1157,北方工业大学,304,第304组(国家专项),,,485,108253
1159,首都医科大学,101,第101组,,,615,10149
1159,首都医科大学,102,第102组,,,595,18050
1159,首都医科大学,303,第303组(国家专项),,,560,37841
1159,首都医科大学,304,第304组(国家专项),,,550,44942
1160,北京物资学院,103,第103组,,,557,39957
1160,北京物资学院,104,第104组,,,545,48625
1161,北京工业大学耿丹学院,103,第103组,,,463,136388
1164,北京建筑大学,101,第101组,,,570,31452
1164,北京建筑大学,102,第102组,,,558,39203
1164,北京建筑大学,103,第103组,,,480,114419
1165,北京城市学院,108,第108组,,,415,199408
1168,中国人民公安大学,105,第105组,,,611,11512
1177,北京第二外国语学院中瑞酒店管理学院,102,第102组,,,407,209093
1178,中国社会科学院大学,103,第103组,,,608,12636
1178,中国社会科学院大学,305,第305组(国家专项),,,601,15422
1181,中国劳动关系学院,103,第103组,,,500,90705
1181,中国劳动关系学院,104,第104组,,,513,76981
1181,中国劳动关系学院,306,第306组(国家专项),,,509,81069
1181,中国劳动关系学院,307,第307组(国家专项),,,514,75982
1182,华北科技学院,104,第104组,,,472,124520
1182,华北科技学院,105,第105组,,,460,140382
1182,华北科技学院,106,第106组,,,497,94171
1182,华北科技学院,107,第107组,,,482,111948
1182,华北科技学院,108,第108组,,,443,162957
1182,华北科技学院,309,第309组(国家专项),,,461,139048
1182,华北科技学院,310,第310组(国家专项),,,443,162957
1184,吉利学院,102,第102组,,,439,168325
1199,民政职业大学,102,第102组,,,483,110693
1201,南开大学,105,第105组,,,640,3787
1201,南开大学,106,第106组,,,642,3456
1201,南开大学,308,第308组(国家专项),,,623,7713
1202,天津大学,102,第102组,,,639,3975
1202,天津大学,304,第304组(国家专项),,,614,10468
1203,天津医科大学,101,第101组,,,596,17619
1203,天津医科大学,102,第102组,,,638,4156
1203,天津医科大学,103,第103组,,,616,9830
1203,天津医科大学,104,第104组,,,625,7140
1203,天津医科大学,105,第105组,,,599,16296
1203,天津医科大学,307,第307组(国家专项),,,582,24579
1203,天津医科大学,308,第308组(国家专项),,,550,44942
1203,天津医科大学,309,第309组(国家专项),,,575,28527
1206,天津理工大学,101,第101组,,,540,52569
1206,天津理工大学,102,第102组,,,566,33968
1206,天津理工大学,103,第103组,,,569,32093
1206,天津理工大学,104,第104组,,,551,44253
1207,天津工业大学,105,第105组,,,561,37146
1207,天津工业大学,106,第106组,,,567,33317
1207,天津工业大学,107,第107组,,,585,23042
1207,天津工业大学,208,第208组(中外合作办学或国际项目),,,577,27385
1208,中国民航大学,104,第104组,,,566,33968
1208,中国民航大学,105,第105组,,,570,31452
1208,中国民航大学,306,第306组(国家专项),,,564,35220
1209,天津科技大学,104,第104组,,,543,50163
1209,天津科技大学,106,第106组,,,560,37841
1209,天津科技大学,107,第107组,,,526,64558
1209,天津科技大学,205,第205组(中外合作办学或国际项目),,,530,61016
1209,天津科技大学,208,第208组(中外合作办学或国际项目),,,551,44253
1209,天津科技大学,309,第309组(国家专项),,,522,68225
1210,天津财经大学,103,第103组,,,579,26282
1210,天津财经大学,104,第104组,,,574,29052
1210,天津财经大学,306,第306组(国家专项),,,535,56712
1210,天津财经大学,307,第307组(国家专项),,,530,61016
1210,天津财经大学,308,第308组(国家专项),,,552,43519
1211,天津商业大学,104,第104组,,,501,89625
1211,天津商业大学,106,第106组,,,500,90705
1211,天津商业大学,107,第107组,,,488,104648
1211,天津商业大学,205,第205组(中外合作办学或国际项目),,,523,67295
1212,天津中医药大学,102,第102组,,,549,45644
1212,天津中医药大学,103,第103组,,,574,29052
1212,天津中医药大学,104,第104组,,,552,43519
1212,天津中医药大学,105,第105组,,,541,51729
1212,天津中医药大学,106,第106组,,,549,45644
1212,天津中医药大学,108,第108组,,,532,59218
1212,天津中医药大学,207,第207组(中外合作办学或国际项目),,,526,64558
1212,天津中医药大学,309,第309组(国家专项),,,485,108253
1213,天津城建大学,102,第102组,,,503,87520
1213,天津城建大学,104,第104组,,,477,118119
1213,天津城建大学,105,第105组,,,533,58342
1214,天津外国语大学,105,第105组,,,547,47099
1214,天津外国语大学,106,第106组,,,538,54204
1214,天津外国语大学,107,第107组,,,535,56712
1214,天津外国语大学,109,第109组,,,563,35850
1214,天津外国语大学,208,第208组(中外合作办学或国际项目),,,520,70142
1215,天津体育学院,106,第106组,,,478,116904
1216,天津师范大学,109,第109组,,,520,70142
1216,天津师范大学,110,第110组,,,520,70142
1216,天津师范大学,111,第111组,,,562,36495
1216,天津师范大学,112,第112组,,,554,42079
1219,天津职业技术师范大学,102,第102组,,,478,116904
1219,天津职业技术师范大学,103,第103组,,,483,110693
1220,天津农学院,101,第101组,,,484,109438
1220,天津农学院,102,第102组,,,469,128457
1220,天津农学院,103,第103组,,,469,128457
1220,天津农学院,104,第104组,,,480,114419
1228,天津商业大学宝德学院,107,第107组,,,436,172420
1228,天津商业大学宝德学院,108,第108组,,,449,154943
1232,天津理工大学中环信息学院,102,第102组,,,462,137709
1232,天津理工大学中环信息学院,103,第103组,,,437,171075
1233,天津天狮学院,102,第102组,,,437,171075
1233,天津天狮学院,103,第103组,,,436,172420
1233,天津天狮学院,104,第104组,,,440,166998
1238,天津中德应用技术大学,102,第102组,,,493,98756
1238,天津中德应用技术大学,103,第103组,,,478,116904
1250,北京科技大学天津学院,104,第104组,,,461,139048
1250,北京科技大学天津学院,105,第105组,,,441,165648
1251,天津医科大学临床医学院,101,第101组,,,433,176429
1251,天津医科大学临床医学院,102,第102组,,,437,171075
1251,天津医科大学临床医学院,103,第103组,,,471,125833
1251,天津医科大学临床医学院,104,第104组,,,480,114419
1252,天津仁爱学院,104,第104组,,,425,186782
1252,天津仁爱学院,105,第105组,,,,
1253,天津财经大学珠江学院,102,第102组,,,444,161624
1301,河北工业大学,102,第102组,,,572,30270
1301,河北工业大学,103,第103组,,,603,14618
1301,河北工业大学,104,第104组,,,594,18532
1301,河北工业大学,105,第105组(河北工业大学芬兰校区),,,561,37146
1301,河北工业大学,106,第106组,,,592,19542
1301,河北工业大学,207,第207组(中外合作办学或国际项目),,,590,20503
1303,华北电力大学(保定),102,第102组,,,590,20503
1303,华北电力大学(保定),103,第103组,,,605,13804
1303,华北电力大学(保定),304,第304组(国家专项),,,586,22537
1303,华北电力大学(保定),305,第305组(国家专项),,,610,11873
1303,华北电力大学(保定),801,第801组(少数民族预科班),,,596,17619
1304,燕山大学,106,第106组,,,562,36495
1304,燕山大学,108,第108组,,,585,23042
1304,燕山大学,207,第207组(中外合作办学或国际项目),,,526,64558
1305,石家庄铁道大学,105,第105组,,,524,66377
1305,石家庄铁道大学,106,第106组,,,531,60130
1305,石家庄铁道大学,107,第107组,,,537,55007
1305,石家庄铁道大学,108,第108组,,,539,53361
1305,石家庄铁道大学,109,第109组,,,540,52569
1306,河北农业大学,101,第101组,,,467,131077
1306,河北农业大学,104,第104组,,,467,131077
1306,河北农业大学,203,第203组(中外合作办学或国际项目),,,428,182995
1307,东北大学秦皇岛分校,103,第103组,,,601,15422
1307,东北大学秦皇岛分校,104,第104组,,,612,11151
1307,东北大学秦皇岛分校,205,第205组(中外合作办学或国际项目),,,594,18532
1308,保定学院,105,第105组,,,460,140382
1308,保定学院,106,第106组,,,463,136388
1309,河北医科大学,101,第101组,,,516,74057
1309,河北医科大学,102,第102组,,,579,26282
1309,河北医科大学,103,第103组,,,513,76981
1310,河北地质大学,104,第104组,,,487,105871
1310,河北地质大学,105,第105组,,,480,114419
1310,河北地质大学,206,第206组,,,489,103409
1311,北华航天工业学院,102,第102组,,,478,116904
1311,北华航天工业学院,103,第103组,,,488,104648
1312,河北工程大学,105,第105组,,,500,90705
1312,河北工程大学,106,第106组,,,473,123239
1312,河北工程大学,107,第107组,,,481,113115
1312,河北工程大学,108,第108组,,,534,57535
1312,河北工程大学,110,第110组,,,486,107082
1312,河北工程大学,209,第209组(中外合作办学或国际项目),,,436,172420
1313,河北经贸大学,102,第102组,,,499,91840
1313,河北经贸大学,103,第103组,,,494,97592
1315,河北师范大学,109,第109组,,,499,91840
1315,河北师范大学,111,第111组,,,476,119396
1315,河北师范大学,112,第112组,,,488,104648
1315,河北师范大学,210,第210组(中外合作办学或国际项目),,,436,172420
1316,河北科技师范学院,104,第104组,,,456,145716
1316,河北科技师范学院,105,第105组,,,455,147026
1317,华北理工大学,104,第104组,,,520,70142
1317,华北理工大学,105,第105组,,,510,80008
1317,华北理工大学,106,第106组,,,502,88548
1317,华北理工大学,107,第107组,,,545,48625
1317,华北理工大学,108,第108组,,,490,102293
1317,华北理工大学,109,第109组,,,489,103409
1317,华北理工大学,110,第110组,,,513,76981
1317,华北理工大学,114,第114组,,,553,42812
1317,华北理工大学,211,第211组(中外合作办学或国际项目),,,500,90705
1317,华北理工大学,212,第212组(中外合作办学或国际项目),,,490,102293
1317,华北理工大学,213,第213组(中外合作办学或国际项目),,,,
1318,廊坊师范学院,102,第102组,,,457,144362
1318,廊坊师范学院,103,第103组,,,451,152300
1319,河北科技大学,101,第101组,,,498,92992
1319,河北科技大学,102,第102组,,,497,94171
1319,河北科技大学,103,第103组,,,498,92992
1319,河北科技大学,104,第104组,,,488,104648
1319,河北科技大学,105,第105组,,,508,82093
1319,河北科技大学,106,第106组,,,507,83152
1319,河北科技大学,107,第107组,,,514,75982
1319,河北科技大学,108,第108组,,,527,63627
1319,河北科技大学,109,第109组,,,516,74057
1319,河北科技大学,110,第110组,,,490,102293
1319,河北科技大学,111,第111组,,,484,109438
1319,河北科技大学,112,第112组,,,520,70142
1319,河北科技大学,113,第113组,,,488,104648
1320,承德医学院,101,第101组,,,551,44253
1320,承德医学院,102,第102组,,,490,102293
1321,河北北方学院,101,第101组,,,501,89625
1321,河北北方学院,102,第102组,,,484,109438
1321,河北北方学院,103,第103组,,,471,125833
1322,唐山学院,102,第102组,,,460,140382
1324,河北建筑工程学院,101,第101组,,,465,133720
1324,河北建筑工程学院,102,第102组,,,459,141751
1324,河北建筑工程学院,103,第103组,,,446,158935
1325,中国人民警察大学,110,第110组,,,547,47099
1325,中国人民警察大学,111,第111组,,,511,78999
1325,中国人民警察大学,112,第112组,,,512,77998
1328,河北水利电力学院,101,第101组,,,472,124520
1330,唐山师范学院,102,第102组,,,456,145716
1330,唐山师范学院,103,第103组,,,449,154943
1334,河北科技工程职业技术大学,102,第102组,,,471,125833
1337,石家庄铁道大学四方学院,102,第102组,,,448,156272
1337,石家庄铁道大学四方学院,103,第103组,,,445,160297
1340,河北金融学院,103,第103组,,,471,125833
1340,河北金融学院,105,第105组,,,474,121969
1340,河北金融学院,106,第106组,,,459,141751
1340,河北金融学院,204,第204组(中外合作办学或国际项目),,,466,132409
1341,华北理工大学轻工学院,102,第102组,,,435,173735
1344,防灾科技学院,102,第102组,,,483,110693
1344,防灾科技学院,103,第103组,,,492,99960
1344,防灾科技学院,104,第104组,,,464,135109
1344,防灾科技学院,105,第105组,,,491,101126
1345,河北科技学院,101,第101组,,,415,199408
1348,河北中医药大学,101,第101组,,,525,65455
1348,河北中医药大学,102,第102组,,,515,74992
1348,河北中医药大学,103,第103组,,,526,64558
1348,河北中医药大学,104,第104组,,,500,90705
1353,邯郸学院,105,第105组,,,452,150984
1360,石家庄学院,106,第106组,,,463,136388
1360,石家庄学院,107,第107组,,,451,152300
1360,石家庄学院,108,第108组,,,453,149704
1367,衡水学院,105,第105组,,,470,127104
1373,河北环境工程学院,104,第104组,,,457,144362
1373,河北环境工程学院,105,第105组,,,446,158935
1376,沧州师范学院,102,第102组,,,444,161624
1388,河北医科大学临床学院,101,第101组,,,473,123239
1388,河北医科大学临床学院,102,第102组,,,461,139048
1389,河北外国语学院,102,第102组,,,429,181701
1392,河北工程大学科信学院,101,第101组,,,451,152300
1392,河北工程大学科信学院,102,第102组,,,437,171075
1392,河北工程大学科信学院,103,第103组,,,439,168325
1394,燕京理工学院,103,第103组,,,443,162957
1395,北京中医药大学东方学院,103,第103组,,,478,116904
1395,北京中医药大学东方学院,104,第104组,,,436,172420
1395,北京中医药大学东方学院,105,第105组,,,458,143070
1399,张家口学院,101,第101组,,,469,128457
1401,太原理工大学,109,第109组,,,576,27958
1401,太原理工大学,110,第110组,,,588,21502
1401,太原理工大学,211,第211组(中外合作办学或国际项目),,,579,26282
1403,山西大学,105,第105组,,,543,50163
1403,山西大学,106,第106组,,,545,48625
1407,山西师范大学,105,第105组,,,454,148351
1407,山西师范大学,106,第106组,,,456,145716
1407,山西师范大学,107,第107组,,,527,63627
1408,山西财经大学,106,第106组,,,490,102293
1408,山西财经大学,107,第107组,,,498,92992
1408,山西财经大学,109,第109组,,,536,55823
1408,山西财经大学,110,第110组,,,532,59218
1408,山西财经大学,208,第208组(中外合作办学或国际项目),,,484,109438
1409,山西中医药大学,104,第104组,,,520,70142
1409,山西中医药大学,105,第105组,,,493,98756
1409,山西中医药大学,106,第106组,,,460,140382
1409,山西中医药大学,107,第107组,,,525,65455
1409,山西中医药大学,108,第108组,,,499,91840
1410,太原科技大学,101,第101组,,,536,55823
1410,太原科技大学,102,第102组,,,498,92992
1411,中北大学,105,第105组,,,532,59218
1411,中北大学,106,第106组,,,584,23577
1411,中北大学,107,第107组,,,583,24083
1411,中北大学,108,第108组,,,559,38509
1412,山西医科大学,103,第103组,,,469,128457
1412,山西医科大学,105,第105组,,,483,110693
1412,山西医科大学,106,第106组,,,575,28527
1412,山西医科大学,107,第107组,,,481,113115
1412,山西医科大学,108,第108组,,,515,74992
1413,太原工业学院,103,第103组,,,472,124520
1413,太原工业学院,104,第104组,,,459,141751
1414,山西大同大学,103,第103组,,,500,90705
1414,山西大同大学,104,第104组,,,504,86449
1414,山西大同大学,105,第105组,,,503,87520
1415,山西农业大学,104,第104组,,,475,120662
1415,山西农业大学,105,第105组,,,462,137709
1415,山西农业大学,106,第106组,,,469,128457
1416,太原师范学院,110,第110组,,,447,157600
1417,长治医学院,102,第102组,,,528,62757
1417,长治医学院,103,第103组,,,470,127104
1417,长治医学院,104,第104组,,,449,154943
1417,长治医学院,105,第105组,,,476,119396
1417,长治医学院,106,第106组,,,475,120662
1418,太原学院,102,第102组,,,468,129773
1418,太原学院,103,第103组,,,465,133720
1418,太原学院,104,第104组,,,448,156272
1418,太原学院,902,第902组(边防军人子女预科班),,,360,256161
1419,运城学院,102,第102组,,,448,156272
1420,忻州师范学院,112,第112组,,,457,144362
1420,忻州师范学院,113,第113组,,,459,141751
1420,忻州师范学院,114,第114组,,,445,160297
1420,忻州师范学院,115,第115组,,,439,168325
1420,忻州师范学院,116,第116组,,,471,125833
1421,吕梁学院,105,第105组,,,458,143070
1421,吕梁学院,106,第106组,,,444,161624
1421,吕梁学院,107,第107组,,,446,158935
1421,吕梁学院,108,第108组,,,463,136388
1421,吕梁学院,109,第109组,,,455,147026
1422,山西传媒学院,108,第108组,,,455,147026
1422,山西传媒学院,109,第109组,,,456,145716
1430,山西工学院,101,第101组,,,468,129773
1431,山西晋中理工学院,102,第102组,,,444,161624
1434,长治学院,106,第106组,,,455,147026
1434,长治学院,107,第107组,,,446,158935
1444,晋中学院,102,第102组,,,455,147026
1444,晋中学院,103,第103组,,,445,160297
1445,山西工程技术学院,102,第102组,,,471,125833
1445,山西工程技术学院,103,第103组,,,454,148351
1445,山西工程技术学院,104,第104组,,,486,107082
1501,内蒙古大学,104,第104组,,,557,39957
1501,内蒙古大学,105,第105组,,,539,53361
1501,内蒙古大学,107,第107组,,,534,57535
1501,内蒙古大学,108,第108组,,,533,58342
1501,内蒙古大学,109,第109组,,,567,33317
1501,内蒙古大学,110,第110组,,,583,24083
1503,内蒙古工业大学,102,第102组,,,456,145716
1503,内蒙古工业大学,103,第103组,,,456,145716
1503,内蒙古工业大学,104,第104组,,,456,145716
1503,内蒙古工业大学,105,第105组,,,500,90705
1503,内蒙古工业大学,106,第106组,,,427,184303
1503,内蒙古工业大学,107,第107组,,,423,189315
1503,内蒙古工业大学,108,第108组,,,502,88548
1503,内蒙古工业大学,109,第109组,,,496,95338
1503,内蒙古工业大学,110,第110组,,,474,121969
1503,内蒙古工业大学,111,第111组,,,466,132409
1503,内蒙古工业大学,112,第112组,,,469,128457
1503,内蒙古工业大学,113,第113组,,,483,110693
1503,内蒙古工业大学,114,第114组,,,465,133720
1503,内蒙古工业大学,115,第115组,,,493,98756
1503,内蒙古工业大学,116,第116组,,,481,113115
1503,内蒙古工业大学,117,第117组,,,423,189315
1503,内蒙古工业大学,118,第118组,,,468,129773
1504,内蒙古农业大学,101,第101组,,,459,141751
1504,内蒙古农业大学,102,第102组,,,442,164312
1504,内蒙古农业大学,103,第103组,,,439,168325
1504,内蒙古农业大学,104,第104组,,,442,164312
1504,内蒙古农业大学,105,第105组,,,443,162957
1504,内蒙古农业大学,106,第106组,,,456,145716
1505,内蒙古科技大学,103,第103组,,,462,137709
1505,内蒙古科技大学,104,第104组,,,453,149704
1505,内蒙古科技大学,105,第105组,,,448,156272
1505,内蒙古科技大学,106,第106组,,,457,144362
1507,内蒙古师范大学,105,第105组,,,458,143070
1507,内蒙古师范大学,106,第106组,,,432,177734
1507,内蒙古师范大学,107,第107组,,,484,109438
1508,呼伦贝尔学院,105,第105组,,,452,150984
1508,呼伦贝尔学院,106,第106组,,,450,153634
1508,呼伦贝尔学院,107,第107组,,,459,141751
1508,呼伦贝尔学院,108,第108组,,,443,162957
1508,呼伦贝尔学院,109,第109组,,,452,150984
1509,内蒙古民族大学,104,第104组,,,454,148351
1509,内蒙古民族大学,105,第105组,,,467,131077
1509,内蒙古民族大学,106,第106组,,,450,153634
1509,内蒙古民族大学,107,第107组,,,438,169715
1509,内蒙古民族大学,108,第108组,,,439,168325
1509,内蒙古民族大学,109,第109组,,,452,150984
1510,内蒙古医科大学,101,第101组,,,521,69188
1510,内蒙古医科大学,102,第102组,,,458,143070
1510,内蒙古医科大学,103,第103组,,,520,70142
1510,内蒙古医科大学,104,第104组,,,447,157600
1510,内蒙古医科大学,105,第105组,,,455,147026
1510,内蒙古医科大学,106,第106组,,,442,164312
1510,内蒙古医科大学,107,第107组,,,501,89625
1510,内蒙古医科大学,108,第108组,,,444,161624
1512,赤峰学院,101,第101组,,,439,168325
1512,赤峰学院,102,第102组,,,437,171075
1513,内蒙古科技大学包头师范学院,107,第107组,,,452,150984
1513,内蒙古科技大学包头师范学院,108,第108组,,,453,149704
1513,内蒙古科技大学包头师范学院,109,第109组,,,440,166998
1513,内蒙古科技大学包头师范学院,110,第110组,,,442,164312
1513,内蒙古科技大学包头师范学院,111,第111组,,,455,147026
1514,内蒙古科技大学包头医学院,101,第101组,,,469,128457
1514,内蒙古科技大学包头医学院,102,第102组,,,487,105871
1514,内蒙古科技大学包头医学院,103,第103组,,,438,169715
1515,内蒙古财经大学,102,第102组,,,463,136388
1515,内蒙古财经大学,103,第103组,,,454,148351
1515,内蒙古财经大学,104,第104组,,,441,165648
1633,营口理工学院,101,第101组,,,449,154943
2101,东北大学,106,第106组,,,613,10797
2101,东北大学,107,第107组,,,622,8008
2101,东北大学,208,第208组(中外合作办学或国际项目),,,586,22537
2101,东北大学,310,第310组(国家专项),,,600,15860
2101,东北大学,509,第509组(定向),,,608,12636
2101,东北大学,801,第801组(少数民族预科班),,,611,11512
2102,大连理工大学,102,第102组,,,636,4516
2102,大连理工大学,203,第203组(中外合作办学或国际项目),,,609,12245
2102,大连理工大学,204,第204组(中外合作办学或国际项目),,,604,14233
2102,大连理工大学,305,第305组(国家专项),,,616,9830
2102,大连理工大学,306,第306组(国家专项),,,609,12245
2103,大连海事大学,103,第103组,,,592,19542
2103,大连海事大学,105,第105组,,,602,15016
2103,大连海事大学,204,第204组(中外合作办学或国际项目),,,586,22537
2103,大连海事大学,206,第206组(中外合作办学或国际项目),,,,
2103,大连海事大学,307,第307组(国家专项),,,558,39203
2103,大连海事大学,308,第308组(国家专项),,,583,24083
2103,大连海事大学,309,第309组(国家专项),,,557,39957
2104,辽宁师范大学,105,第105组,,,479,115667
2104,辽宁师范大学,107,第107组,,,453,149704
2104,辽宁师范大学,109,第109组,,,499,91840
2104,辽宁师范大学,206,第206组(中外合作办学或国际项目),,,471,125833
2104,辽宁师范大学,208,第208组(中外合作办学或国际项目),,,,
2105,辽宁大学,109,第109组,,,584,23577
2105,辽宁大学,117,第117组,,,552,43519
2105,辽宁大学,118,第118组,,,599,16296
2105,辽宁大学,119,第119组,,,569,32093
2105,辽宁大学,212,第212组(中外合作办学或国际项目),,,567,33317
2105,辽宁大学,213,第213组(中外合作办学或国际项目),,,549,45644
2105,辽宁大学,214,第214组(中外合作办学或国际项目),,,564,35220
2105,辽宁大学,215,第215组(中外合作办学或国际项目),,,563,35850
2105,辽宁大学,216,第216组(中外合作办学或国际项目),,,533,58342
2105,辽宁大学,321,第321组(国家专项),,,583,24083
2106,大连交通大学,105,第105组,,,543,50163
2106,大连交通大学,106,第106组,,,547,47099
2106,大连交通大学,204,第204组(中外合作办学或国际项目),,,534,57535
2106,大连交通大学,207,第207组(中外合作办学或国际项目),,,542,50973
2106,大连交通大学,208,第208组(中外合作办学或国际项目),,,527,63627
2106,大连交通大学,309,第309组(国家专项),,,531,60130
2107,沈阳药科大学,101,第101组,,,501,89625
2107,沈阳药科大学,102,第102组,,,498,92992
2107,沈阳药科大学,303,第303组(国家专项),,,485,108253
2107,沈阳药科大学,304,第304组(国家专项),,,500,90705
2108,东北财经大学,106,第106组,,,586,22537
2108,东北财经大学,107,第107组,,,564,35220
2108,东北财经大学,112,第112组,,,583,24083
2108,东北财经大学,208,第208组(中外合作办学或国际项目),,,538,54204
2108,东北财经大学,209,第209组(中外合作办学或国际项目),,,543,50163
2108,东北财经大学,210,第210组(中外合作办学或国际项目),,,572,30270
2108,东北财经大学,211,第211组(中外合作办学或国际项目),,,551,44253
2108,东北财经大学,314,第314组(国家专项),,,541,51729
2109,辽宁工程技术大学,101,第101组,,,476,119396
2109,辽宁工程技术大学,102,第102组,,,475,120662
2109,辽宁工程技术大学,303,第303组(国家专项),,,466,132409
2110,沈阳大学,108,第108组,,,483,110693
2110,沈阳大学,110,第110组,,,481,113115
2110,沈阳大学,113,第113组,,,479,115667
2110,沈阳大学,114,第114组,,,480,114419
2110,沈阳大学,209,第209组(中外合作办学或国际项目),,,457,144362
2110,沈阳大学,211,第211组(中外合作办学或国际项目),,,477,118119
2110,沈阳大学,212,第212组(中外合作办学或国际项目),,,466,132409
2111,中国医科大学,101,第101组,,,565,34573
2111,中国医科大学,102,第102组,,,531,60130
2111,中国医科大学,203,第203组(中外合作办学或国际项目),,,,
2111,中国医科大学,304,第304组(国家专项),,,516,74057
2112,鞍山师范学院,108,第108组,,,471,125833
2112,鞍山师范学院,109,第109组,,,457,144362
2112,鞍山师范学院,110,第110组,,,453,149704
2113,辽宁工业大学,101,第101组,,,462,137709
2113,辽宁工业大学,202,第202组(中外合作办学或国际项目),,,436,172420
2113,辽宁工业大学,203,第203组(中外合作办学或国际项目),,,455,147026
2114,锦州医科大学,101,第101组,,,487,105871
2114,锦州医科大学,102,第102组,,,455,147026
2114,锦州医科大学,103,第103组,,,451,152300
2114,锦州医科大学,204,第204组(中外合作办学或国际项目),,,444,161624
2115,沈阳医学院,102,第102组,,,498,92992
2115,沈阳医学院,103,第103组,,,448,156272
2115,沈阳医学院,104,第104组,,,446,158935
2115,沈阳医学院,105,第105组,,,469,128457
2116,沈阳师范大学,105,第105组,,,509,81069
2116,沈阳师范大学,206,第206组(中外合作办学或国际项目),,,451,152300
2117,沈阳建筑大学,102,第102组,,,487,105871
2117,沈阳建筑大学,103,第103组,,,481,113115
2117,沈阳建筑大学,106,第106组,,,463,136388
2117,沈阳建筑大学,204,第204组(中外合作办学或国际项目),,,442,164312
2117,沈阳建筑大学,205,第205组(中外合作办学或国际项目),,,,
2117,沈阳建筑大学,207,第207组(中外合作办学或国际项目),,,437,171075
2117,沈阳建筑大学,208,第208组(中外合作办学或国际项目),,,466,132409
2117,沈阳建筑大学,309,第309组(国家专项),,,455,147026
2118,辽宁石油化工大学,101,第101组,,,481,113115
2118,辽宁石油化工大学,202,第202组(中外合作办学或国际项目),,,458,143070
2118,辽宁石油化工大学,303,第303组(国家专项),,,482,111948
2118,辽宁石油化工大学,801,第801组(少数民族预科班),,,469,128457
2119,沈阳体育学院,101,第101组,,,474,121969
2119,沈阳体育学院,102,第102组,,,457,144362
2119,沈阳体育学院,103,第103组,,,460,140382
2121,沈阳农业大学,101,第101组,,,466,132409
2121,沈阳农业大学,203,第203组(中外合作办学或国际项目),,,512,77998
2121,沈阳农业大学,302,第302组(国家专项),,,464,135109
2122,大连民族大学,103,第103组,,,490,102293
2122,大连民族大学,104,第104组,,,474,121969
2122,大连民族大学,305,第305组(国家专项),,,470,127104
2123,大连海洋大学,101,第101组,,,527,63627
2123,大连海洋大学,102,第102组,,,482,111948
2123,大连海洋大学,103,第103组,,,472,124520
2123,大连海洋大学,304,第304组(国家专项),,,522,68225
2124,沈阳工业大学,102,第102组,,,482,111948
2124,沈阳工业大学,103,第103组,,,501,89625
2124,沈阳工业大学,204,第204组(中外合作办学或国际项目),,,470,127104
2124,沈阳工业大学,305,第305组(国家专项),,,537,55007
2125,沈阳理工大学,103,第103组,,,526,64558
2125,沈阳理工大学,104,第104组,,,545,48625
2125,沈阳理工大学,205,第205组(中外合作办学或国际项目),,,474,121969
2125,沈阳理工大学,206,第206组(中外合作办学或国际项目),,,476,119396
2125,沈阳理工大学,307,第307组(国家专项),,,540,52569
2126,沈阳航空航天大学,101,第101组,,,530,61016
2126,沈阳航空航天大学,102,第102组,,,551,44253
2126,沈阳航空航天大学,203,第203组(中外合作办学或国际项目),,,520,70142
2126,沈阳航空航天大学,204,第204组(中外合作办学或国际项目),,,520,70142
2126,沈阳航空航天大学,305,第305组(国家专项),,,582,24579
2127,辽宁科技大学,101,第101组,,,462,137709
2127,辽宁科技大学,102,第102组,,,470,127104
2127,辽宁科技大学,203,第203组(中外合作办学或国际项目),,,441,165648
2127,辽宁科技大学,204,第204组(中外合作办学或国际项目),,,471,125833
2127,辽宁科技大学,305,第305组(国家专项),,,483,110693
2128,大连大学,106,第106组,,,487,105871
2128,大连大学,107,第107组,,,487,105871
2128,大连大学,109,第109组,,,467,131077
2128,大连大学,110,第110组,,,540,52569
2128,大连大学,308,第308组(国家专项),,,508,82093
2129,大连医科大学,101,第101组,,,617,9530
2129,大连医科大学,102,第102组,,,562,36495
2129,大连医科大学,103,第103组,,,513,76981
2129,大连医科大学,304,第304组(国家专项),,,542,50973
2129,大连医科大学,305,第305组(国家专项),,,512,77998
2130,沈阳化工大学,101,第101组,,,442,164312
2130,沈阳化工大学,102,第102组,,,478,116904
2131,大连工业大学,105,第105组,,,506,84198
2131,大连工业大学,107,第107组,,,505,85352
2131,大连工业大学,108,第108组,,,493,98756
2131,大连工业大学,109,第109组,,,512,77998
2131,大连工业大学,110,第110组,,,508,82093
2131,大连工业大学,111,第111组,,,491,101126
2131,大连工业大学,112,第112组,,,492,99960
2131,大连工业大学,113,第113组,,,548,46365
2131,大连工业大学,115,第115组,,,550,44942
2131,大连工业大学,116,第116组,,,524,66377
2131,大连工业大学,204,第204组(中外合作办学或国际项目),,,458,143070
2131,大连工业大学,214,第214组(中外合作办学或国际项目),,,501,89625
2131,大连工业大学,217,第217组(中外合作办学或国际项目),,,507,83152
2131,大连工业大学,218,第218组(中外合作办学或国际项目),,,495,96459
2131,大连工业大学,219,第219组(中外合作办学或国际项目),,,498,92992
2131,大连工业大学,220,第220组(中外合作办学或国际项目),,,502,88548
2131,大连工业大学,321,第321组(国家专项),,,550,44942
2132,大连外国语大学,104,第104组,,,517,73013
2132,大连外国语大学,105,第105组,,,512,77998
2134,渤海大学,103,第103组,,,475,120662
2134,渤海大学,106,第106组,,,503,87520
2134,渤海大学,107,第107组,,,492,99960
2134,渤海大学,108,第108组,,,456,145716
2134,渤海大学,109,第109组,,,464,135109
2134,渤海大学,204,第204组(中外合作办学或国际项目),,,478,116904
2134,渤海大学,205,第205组(中外合作办学或国际项目),,,429,181701
2140,大连医科大学中山学院,101,第101组,,,414,200674
2140,大连医科大学中山学院,102,第102组,,,427,184303
2140,大连医科大学中山学院,103,第103组,,,466,132409
2140,大连医科大学中山学院,104,第104组,,,466,132409
2140,大连医科大学中山学院,105,第105组,,,441,165648
2140,大连医科大学中山学院,106,第106组,,,418,195646
2140,大连医科大学中山学院,107,第107组,,,408,207860
2141,大连工业大学艺术与信息工程学院,102,第102组,,,408,207860
2141,大连工业大学艺术与信息工程学院,103,第103组,,,405,211431
2142,辽宁师范大学海华学院,103,第103组,,,407,209093
2142,辽宁师范大学海华学院,104,第104组,,,421,191837
2142,辽宁师范大学海华学院,105,第105组,,,,
2143,辽宁中医药大学杏林学院,101,第101组,,,418,195646
2145,大连理工大学城市学院,101,第101组,,,425,186782
2145,大连理工大学城市学院,102,第102组,,,410,205496
2146,沈阳工程学院,101,第101组,,,523,67295
2146,沈阳工程学院,202,第202组(中外合作办学或国际项目),,,536,55823
2146,沈阳工程学院,203,第203组(中外合作办学或国际项目),,,456,145716
2147,沈阳城市建设学院,102,第102组,,,,
2147,沈阳城市建设学院,103,第103组,,,,
2148,大连科技学院,102,第102组,,,416,198170
2149,辽宁科技学院,101,第101组,,,445,160297
2159,大连财经学院,103,第103组,,,413,201862
2159,大连财经学院,104,第104组,,,420,193111
2160,大连东软信息学院,101,第101组,,,,
2160,大连东软信息学院,102,第102组,,,417,196969
2162,大连理工大学(盘锦校区),101,第101组,,,606,13439
2162,大连理工大学(盘锦校区),102,第102组,,,609,12245
2162,大连理工大学(盘锦校区),203,第203组(中外合作办学或国际项目),,,572,30270
2170,辽宁对外经贸学院,102,第102组,,,,
2170,辽宁对外经贸学院,104,第104组,,,405,211431
2176,沈阳工学院,104,第104组,,,,
2176,沈阳工学院,105,第105组,,,418,195646
2176,沈阳工学院,106,第106组,,,428,182995
2177,辽宁理工学院,102,第102组,,,,
2177,辽宁理工学院,103,第103组,,,,
2178,辽宁传媒学院,103,第103组,,,,
2180,辽宁中医药大学,105,第105组,,,526,64558
2180,辽宁中医药大学,106,第106组,,,520,70142
2180,辽宁中医药大学,107,第107组,,,486,107082
2180,辽宁中医药大学,108,第108组,,,490,102293
2180,辽宁中医药大学,109,第109组,,,462,137709
2180,辽宁中医药大学,110,第110组,,,518,72077
2180,辽宁中医药大学,112,第112组,,,462,137709
2180,辽宁中医药大学,113,第113组,,,482,111948
2180,辽宁中医药大学,114,第114组,,,472,124520
2180,辽宁中医药大学,115,第115组,,,473,123239
2180,辽宁中医药大学,211,第211组(中外合作办学或国际项目),,,422,190592
2183,锦州医科大学医疗学院,101,第101组,,,410,205496
2183,锦州医科大学医疗学院,102,第102组,,,446,158935
2183,锦州医科大学医疗学院,103,第103组,,,406,210303
2183,锦州医科大学医疗学院,104,第104组,,,440,166998
2184,沈阳科技学院,102,第102组,,,411,204282
2184,沈阳科技学院,103,第103组,,,,
2187,辽宁何氏医学院,101,第101组,,,,
2192,朝阳师范学院,102,第102组,,,443,162957
2193,辽宁理工职业大学,101,第101组,,,413,201862
2193,辽宁理工职业大学,102,第102组,,,,
2195,沈阳城市学院,102,第102组,,,,
2195,沈阳城市学院,103,第103组,,,,
2201,吉林大学,106,第106组,,,613,10797
2201,吉林大学,107,第107组,,,629,6094
2201,吉林大学,108,第108组,,,633,5154
2201,吉林大学,109,第109组,,,615,10149
2201,吉林大学,110,第110组,,,627,6601
2201,吉林大学,111,第111组,,,621,8307
2201,吉林大学,112,第112组,,,629,6094
2201,吉林大学,314,第314组(国家专项),,,603,14618
2201,吉林大学,315,第315组(国家专项),,,597,17176
2201,吉林大学,316,第316组(国家专项),,,590,20503
2201,吉林大学,801,第801组(少数民族预科班),,,601,15422
2201,吉林大学,802,第802组(少数民族预科班),,,599,16296
2202,延边大学,102,第102组,,,552,43519
2202,延边大学,103,第103组,,,551,44253
2202,延边大学,304,第304组(国家专项),,,536,55823
2204,东北师范大学,113,第113组,,,569,32093
2204,东北师范大学,115,第115组,,,575,28527
2204,东北师范大学,116,第116组,,,606,13439
2204,东北师范大学,117,第117组,,,601,15422
2204,东北师范大学,214,第214组(中外合作办学或国际项目),,,556,40654
2204,东北师范大学,218,第218组(中外合作办学或国际项目),,,584,23577
2204,东北师范大学,321,第321组(国家专项),,,576,27958
2204,东北师范大学,322,第322组(国家专项),,,554,42079
2206,吉林工程技术师范学院,102,第102组,,,444,161624
2206,吉林工程技术师范学院,203,第203组(中外合作办学或国际项目),,,436,172420
2207,长春工业大学,103,第103组,,,473,123239
2207,长春工业大学,105,第105组,,,474,121969
2207,长春工业大学,204,第204组(中外合作办学或国际项目),,,464,135109
2207,长春工业大学,206,第206组(中外合作办学或国际项目),,,487,105871
2209,吉林化工大学,101,第101组,,,457,144362
2209,吉林化工大学,102,第102组,,,450,153634
2210,吉林师范大学,109,第109组,,,462,137709
2210,吉林师范大学,112,第112组,,,512,77998
2210,吉林师范大学,208,第208组(中外合作办学或国际项目),,,447,157600
2210,吉林师范大学,210,第210组(中外合作办学或国际项目),,,446,158935
2210,吉林师范大学,211,第211组(中外合作办学或国际项目),,,441,165648
2211,白城师范学院,102,第102组,,,451,152300
2211,白城师范学院,103,第103组,,,440,166998
2211,白城师范学院,104,第104组,,,448,156272
2212,吉林医药学院,102,第102组,,,467,131077
2212,吉林医药学院,103,第103组,,,444,161624
2212,吉林医药学院,104,第104组,,,470,127104
2212,吉林医药学院,105,第105组,,,448,156272
2212,吉林医药学院,206,第206组(中外合作办学或国际项目),,,432,177734
2213,东北电力大学,101,第101组,,,534,57535
2213,东北电力大学,202,第202组(中外合作办学或国际项目),,,577,27385
2213,东北电力大学,203,第203组(中外合作办学或国际项目),,,560,37841
2213,东北电力大学,204,第204组(中外合作办学或国际项目),,,548,46365
2214,吉林财经大学,103,第103组,,,474,121969
2214,吉林财经大学,105,第105组,,,502,88548
2214,吉林财经大学,204,第204组(中外合作办学或国际项目),,,452,150984
2215,长春理工大学,104,第104组,,,520,70142
2215,长春理工大学,105,第105组,,,580,25720
2215,长春理工大学,106,第106组,,,561,37146
2215,长春理工大学,207,第207组(中外合作办学或国际项目),,,551,44253
2215,长春理工大学,208,第208组(中外合作办学或国际项目),,,559,38509
2215,长春理工大学,209,第209组(中外合作办学或国际项目),,,466,132409
2215,长春理工大学,310,第310组(国家专项),,,557,39957
2215,长春理工大学,311,第311组(国家专项),,,545,48625
2216,吉林农业大学,104,第104组,,,467,131077
2216,吉林农业大学,105,第105组,,,461,139048
2216,吉林农业大学,106,第106组,,,447,157600
2216,吉林农业大学,108,第108组,,,474,121969
2216,吉林农业大学,207,第207组(中外合作办学或国际项目),,,434,175127
2216,吉林农业大学,310,第310组(国家专项),,,469,128457
2217,北华大学,107,第107组,,,463,136388
2217,北华大学,109,第109组,,,469,128457
2217,北华大学,112,第112组,,,512,77998
2217,北华大学,113,第113组,,,464,135109
2217,北华大学,208,第208组(中外合作办学或国际项目),,,467,131077
2217,北华大学,210,第210组(中外合作办学或国际项目),,,436,172420
2217,北华大学,211,第211组(中外合作办学或国际项目),,,413,201862
2218,长春工程学院,101,第101组,,,453,149704
2218,长春工程学院,102,第102组,,,472,124520
2218,长春工程学院,103,第103组,,,468,129773
2218,长春工程学院,104,第104组,,,445,160297
2218,长春工程学院,205,第205组(中外合作办学或国际项目),,,430,180359
2219,长春师范大学,110,第110组,,,446,158935
2219,长春师范大学,111,第111组,,,454,148351
2219,长春师范大学,113,第113组,,,474,121969
2219,长春师范大学,114,第114组,,,472,124520
2219,长春师范大学,212,第212组(中外合作办学或国际项目),,,446,158935
2220,长春大学,112,第112组,,,489,103409
2220,长春大学,114,第114组,,,487,105871
2220,长春大学,115,第115组,,,484,109438
2220,长春大学,116,第116组,,,483,110693
2220,长春大学,117,第117组,,,474,121969
2220,长春大学,118,第118组,,,488,104648
2220,长春大学,124,第124组,,,479,115667
2220,长春大学,211,第211组(中外合作办学或国际项目),,,444,161624
2220,长春大学,213,第213组(中外合作办学或国际项目),,,448,156272
2220,长春大学,219,第219组(中外合作办学或国际项目),,,441,165648
2220,长春大学,220,第220组(中外合作办学或国际项目),,,436,172420
2220,长春大学,221,第221组(中外合作办学或国际项目),,,443,162957
2220,长春大学,222,第222组(中外合作办学或国际项目),,,450,153634
2220,长春大学,223,第223组(中外合作办学或国际项目),,,447,157600
2220,长春大学,225,第225组(中外合作办学或国际项目),,,452,150984
2220,长春大学,226,第226组(中外合作办学或国际项目),,,433,176429
2221,吉林建筑大学,104,第104组,,,468,129773
2221,吉林建筑大学,106,第106组,,,445,160297
2221,吉林建筑大学,108,第108组,,,456,145716
2221,吉林建筑大学,205,第205组(中外合作办学或国际项目),,,439,168325
2221,吉林建筑大学,207,第207组(中外合作办学或国际项目),,,441,165648
2222,通化师范学院,105,第105组,,,442,164312
2222,通化师范学院,206,第206组(中外合作办学或国际项目),,,422,190592
2223,长春中医药大学,102,第102组,,,498,92992
2223,长春中医药大学,103,第103组,,,462,137709
2223,长春中医药大学,204,第204组(中外合作办学或国际项目),,,439,168325
2223,长春中医药大学,305,第305组(国家专项),,,531,60130
2223,长春中医药大学,306,第306组(国家专项),,,472,124520
2224,吉林外国语大学,102,第102组,,,430,180359
2224,吉林外国语大学,103,第103组,,,434,175127
2225,吉林建筑科技学院,102,第102组,,,,
2228,长春科技学院,101,第101组,,,,
2228,长春科技学院,102,第102组,,,416,198170
2229,长春汽车职业技术大学,101,第101组,,,448,156272
2233,吉林农业科技学院,102,第102组,,,454,148351
2233,吉林农业科技学院,103,第103组,,,443,162957
2233,吉林农业科技学院,104,第104组,,,453,149704
2239,长春建筑学院,102,第102组,,,,
2240,长春工业大学人文信息学院,102,第102组,,,,
2240,长春工业大学人文信息学院,103,第103组,,,,
2244,长春职业技术大学,101,第101组,,,443,162957
2244,长春职业技术大学,102,第102组,,,438,169715
2246,长春光华学院,102,第102组,,,426,185558
2247,长春财经学院,102,第102组,,,416,198170
2247,长春财经学院,103,第103组,,,407,209093
2248,长春电子科技学院,102,第102组,,,422,190592
2248,长春电子科技学院,103,第103组,,,,
2251,长春大学旅游学院,102,第102组,,,,
2251,长春大学旅游学院,103,第103组,,,,
2252,吉林师范大学博达学院,102,第102组,,,418,195646
2261,吉林工商学院,102,第102组,,,453,149704
2261,吉林工商学院,103,第103组,,,444,161624
2261,吉林工商学院,104,第104组,,,443,162957
2261,吉林工商学院,105,第105组,,,442,164312
2263,吉林警察学院,102,第102组,,,478,116904
2263,吉林警察学院,103,第103组,,,458,143070
2264,吉林铁道职业技术大学,101,第101组,,,491,101126
2301,哈尔滨工业大学,104,第104组,,,674,372
2301,哈尔滨工业大学,105,第105组,,,666,741
2301,哈尔滨工业大学,202,第202组(中外合作办学或国际项目),,,625,7140
2301,哈尔滨工业大学,203,第203组(中外合作办学或国际项目),,,603,14618
2301,哈尔滨工业大学,206,第206组(中外合作办学或国际项目),,,630,5842
2301,哈尔滨工业大学,207,第207组(中外合作办学或国际项目),,,614,10468
2301,哈尔滨工业大学,208,第208组(中外合作办学或国际项目),,,613,10797
2301,哈尔滨工业大学,309,第309组(国家专项),,,631,5624
2301,哈尔滨工业大学,710,第710组(民族班),,,631,5624
2302,哈尔滨工程大学,104,第104组,,,616,9830
2302,哈尔滨工程大学,105,第105组,,,635,4716
2302,哈尔滨工程大学,106,第106组,,,624,7431
2302,哈尔滨工程大学,107,第107组,,,625,7140
2302,哈尔滨工程大学,108,第108组,,,625,7140
2302,哈尔滨工程大学,109,第109组,,,628,6359
2302,哈尔滨工程大学,110,第110组,,,626,6870
2302,哈尔滨工程大学,111,第111组,,,626,6870
2302,哈尔滨工程大学,112,第112组,,,622,8008
2302,哈尔滨工程大学,113,第113组,,,629,6094
2302,哈尔滨工程大学,114,第114组,,,620,8598
2302,哈尔滨工程大学,115,第115组,,,623,7713
2302,哈尔滨工程大学,216,第216组(中外合作办学或国际项目),,,591,20003
2302,哈尔滨工程大学,217,第217组(中外合作办学或国际项目),,,,
2302,哈尔滨工程大学,318,第318组(国家专项),,,607,13036
2302,哈尔滨工程大学,801,第801组(少数民族预科班),,,600,15860
2303,东北农业大学,107,第107组,,,551,44253
2303,东北农业大学,108,第108组,,,556,40654
2303,东北农业大学,209,第209组(中外合作办学或国际项目),,,521,69188
2303,东北农业大学,210,第210组(中外合作办学或国际项目),,,514,75982
2303,东北农业大学,312,第312组(国家专项),,,562,36495
2305,东北林业大学,104,第104组,,,543,50163
2305,东北林业大学,105,第105组,,,558,39203
2305,东北林业大学,107,第107组,,,550,44942
2305,东北林业大学,206,第206组(中外合作办学或国际项目),,,518,72077
2305,东北林业大学,308,第308组(国家专项),,,543,50163
2306,东北石油大学,106,第106组,,,478,116904
2306,东北石油大学,107,第107组,,,488,104648
2306,东北石油大学,208,第208组(中外合作办学或国际项目),,,488,104648
2309,哈尔滨师范大学,111,第111组,,,511,78999
2309,哈尔滨师范大学,112,第112组,,,531,60130
2310,黑龙江大学,107,第107组,,,516,74057
2310,黑龙江大学,109,第109组,,,471,125833
2310,黑龙江大学,208,第208组(中外合作办学或国际项目),,,499,91840
2310,黑龙江大学,210,第210组(中外合作办学或国际项目),,,536,55823
2310,黑龙江大学,311,第311组(国家专项),,,489,103409
2310,黑龙江大学,312,第312组(国家专项),,,505,85352
2311,哈尔滨理工大学,101,第101组,,,532,59218
2311,哈尔滨理工大学,102,第102组,,,542,50973
2312,哈尔滨商业大学,102,第102组,,,490,102293
2312,哈尔滨商业大学,103,第103组,,,472,124520
2312,哈尔滨商业大学,104,第104组,,,464,135109
2313,黑龙江中医药大学,103,第103组,,,514,75982
2313,黑龙江中医药大学,104,第104组,,,486,107082
2313,黑龙江中医药大学,105,第105组,,,452,150984
2313,黑龙江中医药大学,106,第106组,,,523,67295
2313,黑龙江中医药大学,107,第107组,,,504,86449
2314,黑龙江科技大学,102,第102组,,,499,91840
2314,黑龙江科技大学,103,第103组,,,460,140382
2315,佳木斯大学,106,第106组,,,446,158935
2315,佳木斯大学,107,第107组,,,456,145716
2315,佳木斯大学,108,第108组,,,517,73013
2316,哈尔滨医科大学,103,第103组,,,501,89625
2316,哈尔滨医科大学,104,第104组,,,592,19542
2316,哈尔滨医科大学,105,第105组,,,505,85352
2316,哈尔滨医科大学,106,第106组,,,483,110693
2316,哈尔滨医科大学,107,第107组,,,553,42812
2316,哈尔滨医科大学,108,第108组,,,522,68225
2316,哈尔滨医科大学,109,第109组,,,547,47099
2316,哈尔滨医科大学,110,第110组,,,540,52569
2316,哈尔滨医科大学,111,第111组,,,509,81069
2317,齐齐哈尔大学,108,第108组,,,442,164312
2318,牡丹江医科大学,101,第101组,,,482,111948
2318,牡丹江医科大学,102,第102组,,,448,156272
2318,牡丹江医科大学,103,第103组,,,455,147026
2318,牡丹江医科大学,104,第104组,,,482,111948
2318,牡丹江医科大学,105,第105组,,,442,164312
2319,牡丹江师范学院,102,第102组,,,453,149704
2319,牡丹江师范学院,103,第103组,,,442,164312
2320,哈尔滨学院,106,第106组,,,474,121969
2320,哈尔滨学院,107,第107组,,,443,162957
2321,黑龙江工程学院,102,第102组,,,463,136388
2321,黑龙江工程学院,103,第103组,,,446,158935
2321,黑龙江工程学院,104,第104组,,,467,131077
2324,哈尔滨石油学院,102,第102组,,,407,209093
2324,哈尔滨石油学院,103,第103组,,,,
2325,黑龙江工业学院,103,第103组,,,453,149704
2325,黑龙江工业学院,104,第104组,,,443,162957
2326,齐齐哈尔工程学院,102,第102组,,,,
2326,齐齐哈尔工程学院,103,第103组,,,,
2326,齐齐哈尔工程学院,104,第104组,,,432,177734
2334,齐齐哈尔医学院,102,第102组,,,453,149704
2334,齐齐哈尔医学院,103,第103组,,,471,125833
2337,大庆师范学院,109,第109组,,,443,162957
2337,大庆师范学院,110,第110组,,,448,156272
2338,黑河学院,104,第104组,,,442,164312
2339,哈尔滨远东理工学院,101,第101组,,,,
2339,哈尔滨远东理工学院,102,第102组,,,,
2340,哈尔滨金融学院,102,第102组,,,469,128457
2340,哈尔滨金融学院,103,第103组,,,467,131077
2340,哈尔滨金融学院,104,第104组,,,472,124520
2343,哈尔滨信息工程学院,102,第102组,,,411,204282
2343,哈尔滨信息工程学院,103,第103组,,,,
2351,黑龙江八一农垦大学,103,第103组,,,456,145716
2351,黑龙江八一农垦大学,104,第104组,,,441,165648
2351,黑龙江八一农垦大学,105,第105组,,,447,157600
2351,黑龙江八一农垦大学,106,第106组,,,469,128457
2351,黑龙江八一农垦大学,107,第107组,,,468,129773
2354,绥化学院,108,第108组,,,453,149704
2354,绥化学院,109,第109组,,,466,132409
2354,绥化学院,110,第110组,,,446,158935
2354,绥化学院,111,第111组,,,450,153634
2369,黑龙江东方学院,102,第102组,,,,
2369,黑龙江东方学院,103,第103组,,,,
2375,黑龙江财经学院,102,第102组,,,,
2375,黑龙江财经学院,103,第103组,,,,
2379,黑龙江外国语学院,102,第102组,,,,
2379,黑龙江外国语学院,103,第103组,,,,
2379,黑龙江外国语学院,105,第105组,,,,
2379,黑龙江外国语学院,106,第106组,,,,
2380,黑龙江工程学院昆仑旅游学院,103,第103组,,,,
2380,黑龙江工程学院昆仑旅游学院,104,第104组,,,,
2381,哈尔滨华德学院,102,第102组,,,,
2381,哈尔滨华德学院,103,第103组,,,,
3101,复旦大学,102,第102组,,,669,587
3101,复旦大学,304,第304组(国家专项),,,653,1888
3102,上海交通大学,103,第103组,,,685,98
3102,上海交通大学,104,第104组,,,671,497
3102,上海交通大学,205,第205组(中外合作办学或国际项目),,,668,637
3102,上海交通大学,307,第307组(国家专项),,,660,1175
3103,东华大学,107,第107组,,,609,12245
3103,东华大学,108,第108组,,,602,15016
3103,东华大学,310,第310组(国家专项),,,583,24083
3104,同济大学,110,第110组,,,654,1785
3104,同济大学,111,第111组,,,639,3975
3104,同济大学,113,第113组,,,646,2766
3104,同济大学,212,第212组(中外合作办学或国际项目),,,643,3272
3104,同济大学,314,第314组(国家专项),,,623,7713
3105,华东理工大学,102,第102组,,,612,11151
3105,华东理工大学,304,第304组(国家专项),,,600,15860
3105,华东理工大学,706,第706组(民族班),,,601,15422
3106,华东师范大学,112,第112组,,,636,4516
3106,华东师范大学,113,第113组,,,637,4322
3107,上海外国语大学,104,第104组,,,610,11873
3107,上海外国语大学,307,第307组(国家专项),,,586,22537
3107,上海外国语大学,309,第309组(国家专项),,,593,19030
3108,复旦大学医学院,101,第101组,,,676,297
3108,复旦大学医学院,102,第102组,,,652,1984
3108,复旦大学医学院,303,第303组(国家专项),,,627,6601
3109,上海财经大学,102,第102组,,,622,8008
3109,上海财经大学,103,第103组,,,628,6359
3110,上海大学,105,第105组,,,613,10797
3110,上海大学,107,第107组,,,616,9830
3110,上海大学,206,第206组(中外合作办学或国际项目),,,583,24083
3110,上海大学,208,第208组(中外合作办学或国际项目),,,574,29052
3110,上海大学,309,第309组(国家专项),,,609,12245
3114,上海海洋大学,103,第103组,,,587,22001
3114,上海海洋大学,202,第202组(中外合作办学或国际项目),,,546,47840
3116,华东政法大学,102,第102组,,,592,19542
3116,华东政法大学,802,第802组(少数民族预科班),,,582,24579
3117,上海体育大学,103,第103组,,,574,29052
3117,上海体育大学,104,第104组,,,563,35850
3118,上海电力大学,101,第101组,,,599,16296
3118,上海电力大学,801,第801组(少数民族预科班),,,578,26844
3119,上海商学院,103,第103组,,,533,58342
3119,上海商学院,104,第104组,,,541,51729
3119,上海商学院,306,第306组(国家专项),,,554,42079
3119,上海商学院,307,第307组(国家专项),,,536,55823
3120,上海第二工业大学,102,第102组,,,524,66377
3120,上海第二工业大学,103,第103组,,,542,50973
3120,上海第二工业大学,104,第104组,,,528,62757
3120,上海第二工业大学,801,第801组(少数民族预科班),,,507,83152
3121,上海电机学院,101,第101组,,,517,73013
3121,上海电机学院,102,第102组,,,532,59218
3121,上海电机学院,203,第203组(中外合作办学或国际项目),,,512,77998
3122,上海海事大学,102,第102组,,,580,25720
3122,上海海事大学,103,第103组,,,577,27385
3122,上海海事大学,802,第802组(少数民族预科班),,,561,37146
3123,上海对外经贸大学,103,第103组,,,571,30892
3123,上海对外经贸大学,105,第105组,,,583,24083
3123,上海对外经贸大学,204,第204组(中外合作办学或国际项目),,,543,50163
3126,上海理工大学,103,第103组,,,590,20503
3126,上海理工大学,304,第304组(国家专项),,,581,25122
3126,上海理工大学,801,第801组(少数民族预科班),,,568,32731
3127,上海中医药大学,101,第101组,,,597,17176
3128,上海师范大学,102,第102组,,,580,25720
3128,上海师范大学,304,第304组(国家专项),,,568,32731
3129,上海工程技术大学,101,第101组,,,526,64558
3129,上海工程技术大学,102,第102组,,,542,50973
3130,上海杉达学院,103,第103组,,,453,149704
3130,上海杉达学院,104,第104组,,,461,139048
3130,上海杉达学院,105,第105组,,,429,181701
3131,上海政法学院,102,第102组,,,563,35850
3135,海军军医大学,104,第104组,,,598,16754
3135,海军军医大学,105,第105组,,,596,17619
3135,海军军医大学,106,第106组,,,584,23577
3138,上海视觉艺术学院,108,第108组,,,445,160297
3139,上海应用技术大学,102,第102组,,,561,37146
3139,上海应用技术大学,103,第103组,,,528,62757
3139,上海应用技术大学,104,第104组,,,554,42079
3139,上海应用技术大学,105,第105组,,,536,55823
3139,上海应用技术大学,106,第106组,,,561,37146
3139,上海应用技术大学,207,第207组(中外合作办学或国际项目),,,517,73013
3142,上海健康医学院,101,第101组,,,494,97592
3142,上海健康医学院,102,第102组,,,499,91840
3142,上海健康医学院,103,第103组,,,493,98756
3142,上海健康医学院,104,第104组,,,511,78999
3146,上海立信会计金融学院,103,第103组,,,539,53361
3146,上海立信会计金融学院,104,第104组,,,535,56712
3146,上海立信会计金融学院,105,第105组,,,537,55007
3146,上海立信会计金融学院,307,第307组(国家专项),,,521,69188
3146,上海立信会计金融学院,802,第802组(少数民族预科班),,,520,70142
3149,上海建桥学院,103,第103组,,,409,206673
3149,上海建桥学院,104,第104组,,,440,166998
3162,上海中侨职业技术大学,103,第103组,,,,
3169,上海外国语大学贤达经济人文学院,103,第103组,,,,
3169,上海外国语大学贤达经济人文学院,104,第104组,,,,
3170,上海交通大学医学院,101,第101组,,,677,272
3170,上海交通大学医学院,102,第102组,,,639,3975
3170,上海交通大学医学院,303,第303组(国家专项),,,650,2208
3171,上海师范大学天华学院,103,第103组,,,432,177734
3171,上海师范大学天华学院,104,第104组,,,422,190592
3173,上海立达学院,105,第105组,,,,
3173,上海立达学院,106,第106组,,,,
3201,南京大学,102,第102组,,,666,741
3201,南京大学,304,第304组(国家专项),,,646,2766
3202,东南大学,103,第103组,,,652,1984
3202,东南大学,304,第304组(国家专项),,,626,6870
3202,东南大学,305,第305组(国家专项),,,633,5154
3202,东南大学,801,第801组(少数民族预科班),,,620,8598
3203,中国矿业大学,105,第105组,,,590,20503
3203,中国矿业大学,106,第106组,,,612,11151
3203,中国矿业大学,107,第107组,,,591,20003
3203,中国矿业大学,208,第208组(中外合作办学或国际项目),,,486,107082
3203,中国矿业大学,209,第209组(中外合作办学或国际项目),,,564,35220
3203,中国矿业大学,312,第312组(国家专项),,,566,33968
3203,中国矿业大学,313,第313组(国家专项),,,575,28527
3204,河海大学,103,第103组,,,600,15860
3204,河海大学,104,第104组,,,604,14233
3204,河海大学,205,第205组(中外合作办学或国际项目),,,567,33317
3204,河海大学,306,第306组(国家专项),,,560,37841
3205,南京理工大学,102,第102组,,,620,8598
3205,南京理工大学,303,第303组(国家专项),,,586,22537
3205,南京理工大学,304,第304组(国家专项),,,579,26282
3206,南京航空航天大学,102,第102组,,,625,7140
3206,南京航空航天大学,203,第203组(中外合作办学或国际项目),,,602,15016
3206,南京航空航天大学,304,第304组(国家专项),,,616,9830
3206,南京航空航天大学,801,第801组(少数民族预科班),,,609,12245
3207,南京农业大学,102,第102组,,,579,26282
3207,南京农业大学,103,第103组,,,581,25122
3207,南京农业大学,304,第304组(国家专项),,,565,34573
3207,南京农业大学,305,第305组(国家专项),,,562,36495
3208,中国药科大学,102,第102组,,,623,7713
3208,中国药科大学,103,第103组,,,599,16296
3208,中国药科大学,104,第104组,,,607,13036
3208,中国药科大学,205,第205组(中外合作办学或国际项目),,,586,22537
3208,中国药科大学,306,第306组(国家专项),,,581,25122
3208,中国药科大学,307,第307组(国家专项),,,579,26282
3208,中国药科大学,801,第801组(少数民族预科班),,,575,28527
3208,中国药科大学,802,第802组(少数民族预科班),,,594,18532
3209,南京师范大学,105,第105组,,,588,21502
3209,南京师范大学,106,第106组,,,601,15422
3209,南京师范大学,107,第107组,,,597,17176
3209,南京师范大学,309,第309组(国家专项),,,577,27385
3209,南京师范大学,310,第310组(国家专项),,,569,32093
3210,苏州大学,108,第108组,,,620,8598
3210,苏州大学,109,第109组,,,614,10468
3210,苏州大学,207,第207组(中外合作办学或国际项目),,,589,20981
3210,苏州大学,311,第311组(国家专项),,,574,29052
3210,苏州大学,312,第312组(国家专项),,,583,24083
3210,苏州大学,313,第313组(国家专项),,,579,26282
3211,江南大学,113,第113组,,,604,14233
3211,江南大学,114,第114组,,,575,28527
3211,江南大学,116,第116组,,,612,11151
3211,江南大学,117,第117组,,,603,14618
3211,江南大学,118,第118组,,,611,11512
3211,江南大学,119,第119组,,,609,12245
3211,江南大学,120,第120组,,,601,15422
3211,江南大学,121,第121组,,,605,13804
3211,江南大学,122,第122组,,,603,14618
3211,江南大学,123,第123组,,,616,9830
3211,江南大学,124,第124组,,,615,10149
3211,江南大学,125,第125组,,,593,19030
3211,江南大学,126,第126组,,,603,14618
3211,江南大学,127,第127组,,,613,10797
3211,江南大学,128,第128组,,,633,5154
3211,江南大学,129,第129组,,,613,10797
3211,江南大学,130,第130组,,,611,11512
3211,江南大学,131,第131组,,,613,10797
3211,江南大学,132,第132组,,,617,9530
3211,江南大学,133,第133组,,,612,11151
3211,江南大学,215,第215组(中外合作办学或国际项目),,,585,23042
3211,江南大学,334,第334组(国家专项),,,552,43519
3211,江南大学,335,第335组(国家专项),,,576,27958
3211,江南大学,801,第801组(少数民族预科班),,,592,19542
3212,南京信息工程大学,103,第103组,,,598,16754
3212,南京信息工程大学,304,第304组(国家专项),,,561,37146
3213,西交利物浦大学,102,第102组,,,563,35850
3213,西交利物浦大学,103,第103组,,,559,38509
3215,江苏大学,102,第102组,,,573,29648
3215,江苏大学,103,第103组,,,572,30270
3215,江苏大学,304,第304组(国家专项),,,548,46365
3216,盐城师范学院,104,第104组,,,461,139048
3217,淮阴工学院,101,第101组,,,474,121969
3217,淮阴工学院,102,第102组,,,474,121969
3218,南京林业大学,102,第102组,,,575,28527
3218,南京林业大学,103,第103组,,,559,38509
3218,南京林业大学,104,第104组,,,577,27385
3218,南京林业大学,106,第106组,,,569,32093
3218,南京林业大学,307,第307组(国家专项),,,553,42812
3218,南京林业大学,308,第308组(国家专项),,,553,42812
3219,南京体育学院,102,第102组,,,482,111948
3220,苏州科技大学,105,第105组,,,550,44942
3220,苏州科技大学,107,第107组,,,542,50973
3220,苏州科技大学,206,第206组(中外合作办学或国际项目),,,500,90705
3220,苏州科技大学,208,第208组(中外合作办学或国际项目),,,499,91840
3222,南京邮电大学,101,第101组,,,609,12245
3222,南京邮电大学,302,第302组(国家专项),,,570,31452
3223,江苏师范大学,109,第109组,,,538,54204
3223,江苏师范大学,110,第110组,,,540,52569
3223,江苏师范大学,211,第211组(中外合作办学或国际项目),,,504,86449
3223,江苏师范大学,212,第212组(中外合作办学或国际项目),,,492,99960
3224,常州大学,104,第104组,,,541,51729
3225,苏州工学院,105,第105组,,,508,82093
3226,南京审计大学,103,第103组,,,586,22537
3226,南京审计大学,204,第204组(中外合作办学或国际项目),,,558,39203
3227,南京财经大学,103,第103组,,,557,39957
3227,南京财经大学,104,第104组,,,558,39203
3228,江苏师范大学科文学院,104,第104组,,,441,165648
3228,江苏师范大学科文学院,105,第105组,,,439,168325
3228,江苏师范大学科文学院,106,第106组,,,443,162957
3228,江苏师范大学科文学院,107,第107组,,,438,169715
3228,江苏师范大学科文学院,108,第108组,,,438,169715
3228,江苏师范大学科文学院,109,第109组,,,436,172420
3230,南京工业大学,103,第103组,,,558,39203
3230,南京工业大学,105,第105组,,,570,31452
3230,南京工业大学,206,第206组(中外合作办学或国际项目),,,531,60130
3230,南京工业大学,307,第307组(国家专项),,,553,42812
3231,南京理工大学紫金学院,101,第101组,,,457,144362
3233,南京中医药大学,101,第101组,,,597,17176
3233,南京中医药大学,102,第102组,,,576,27958
3233,南京中医药大学,103,第103组,,,568,32731
3233,南京中医药大学,104,第104组,,,541,51729
3234,南京医科大学,102,第102组,,,569,32093
3234,南京医科大学,103,第103组,,,606,13439
3234,南京医科大学,104,第104组,,,563,35850
3235,江苏科技大学,103,第103组,,,564,35220
3235,江苏科技大学,104,第104组,,,536,55823
3237,徐州医科大学,101,第101组,,,555,41377
3238,南通大学,105,第105组,,,538,54204
3238,南通大学,106,第106组,,,552,43519
3238,南通大学,207,第207组(中外合作办学或国际项目),,,481,113115
3239,淮阴师范学院,110,第110组,,,464,135109
3239,淮阴师范学院,111,第111组,,,455,147026
3240,南京工程学院,103,第103组,,,539,53361
3240,南京工程学院,104,第104组,,,538,54204
3241,常州工学院,102,第102组,,,519,71119
3243,江苏海洋大学,102,第102组,,,496,95338
3243,江苏海洋大学,802,第802组(少数民族预科班),,,475,120662
3244,盐城工学院,101,第101组,,,463,136388
3245,扬州大学,108,第108组,,,562,36495
3245,扬州大学,310,第310组(国家专项),,,547,47099
3245,扬州大学,311,第311组(国家专项),,,535,56712
3249,无锡太湖学院,102,第102组,,,438,169715
3249,无锡太湖学院,103,第103组,,,430,180359
3250,徐州工程学院,102,第102组,,,508,82093
3250,徐州工程学院,103,第103组,,,485,108253
3256,无锡学院,102,第102组,,,515,74992
3256,无锡学院,103,第103组,,,525,65455
3257,南京邮电大学通达学院,101,第101组,,,441,165648
3258,南京审计大学金审学院,102,第102组,,,450,153634
3258,南京审计大学金审学院,103,第103组,,,447,157600
3259,南京航空航天大学金城学院,104,第104组,,,447,157600
3259,南京航空航天大学金城学院,105,第105组,,,443,162957
3261,南京工业大学浦江学院,102,第102组,,,448,156272
3261,南京工业大学浦江学院,103,第103组,,,437,171075
3262,南京晓庄学院,104,第104组,,,510,80008
3263,东南大学成贤学院,102,第102组,,,461,139048
3263,东南大学成贤学院,103,第103组,,,438,169715
3264,江苏理工学院,102,第102组,,,497,94171
3264,江苏理工学院,103,第103组,,,513,76981
3265,三江学院,102,第102组,,,430,180359
3265,三江学院,103,第103组,,,427,184303
3271,南京特殊教育师范学院,103,第103组,,,519,71119
3271,南京特殊教育师范学院,104,第104组,,,469,128457
3273,金陵科技学院,102,第102组,,,497,94171
3273,金陵科技学院,103,第103组,,,505,85352
3273,金陵科技学院,802,第802组(少数民族预科班),,,487,105871
3277,南京理工大学泰州科技学院,101,第101组,,,430,180359
3283,南通大学杏林学院,101,第101组,,,433,176429
3284,江苏第二师范学院,103,第103组,,,471,125833
3286,南京工业职业技术大学,102,第102组,,,531,60130
3290,常州大学怀德学院,103,第103组,,,436,172420
3290,常州大学怀德学院,104,第104组,,,432,177734
3301,浙江大学,105,第105组,,,672,453
3301,浙江大学,307,第307组(国家专项),,,647,2614
3301,浙江大学,308,第308组(国家专项),,,651,2091
3302,浙江中医药大学,102,第102组,,,570,31452
3302,浙江中医药大学,103,第103组,,,555,41377
3302,浙江中医药大学,104,第104组,,,524,66377
3302,浙江中医药大学,105,第105组,,,539,53361
3302,浙江中医药大学,106,第106组,,,520,70142
3302,浙江中医药大学,107,第107组,,,547,47099
3302,浙江中医药大学,108,第108组,,,522,68225
3302,浙江中医药大学,309,第309组(国家专项),,,547,47099
3302,浙江中医药大学,310,第310组(国家专项),,,508,82093
3303,宁波大学,106,第106组,,,561,37146
3303,宁波大学,107,第107组,,,596,17619
3303,宁波大学,109,第109组,,,576,27958
3303,宁波大学,208,第208组(中外合作办学或国际项目),,,511,78999
3303,宁波大学,210,第210组(中外合作办学或国际项目),,,577,27385
3303,宁波大学,211,第211组(中外合作办学或国际项目),,,516,74057
3303,宁波大学,312,第312组(国家专项),,,551,44253
3304,湖州师范学院,106,第106组,,,486,107082
3304,湖州师范学院,107,第107组,,,479,115667
3304,湖州师范学院,802,第802组(少数民族预科班),,,481,113115
3305,绍兴文理学院,106,第106组,,,502,88548
3305,绍兴文理学院,107,第107组,,,475,120662
3305,绍兴文理学院,205,第205组(中外合作办学或国际项目),,,439,168325
3305,绍兴文理学院,801,第801组(少数民族预科班),,,463,136388
3306,浙江工商大学,102,第102组,,,555,41377
3306,浙江工商大学,103,第103组,,,568,32731
3306,浙江工商大学,104,第104组,,,563,35850
3307,中国计量大学,102,第102组,,,571,30892
3307,中国计量大学,103,第103组,,,568,32731
3308,杭州电子科技大学,103,第103组,,,569,32093
3308,杭州电子科技大学,104,第104组,,,602,15016
3308,杭州电子科技大学,105,第105组,,,607,13036
3308,杭州电子科技大学,206,第206组(中外合作办学或国际项目),,,601,15422
3309,中国美术学院,102,第102组,,,592,19542
3310,浙江理工大学,106,第106组,,,558,39203
3310,浙江理工大学,108,第108组,,,577,27385
3310,浙江理工大学,207,第207组(中外合作办学或国际项目),,,503,87520
3310,浙江理工大学,309,第309组(国家专项),,,541,51729
3311,温州医科大学,101,第101组,,,549,45644
3311,温州医科大学,102,第102组,,,519,71119
3311,温州医科大学,103,第103组,,,573,29648
3311,温州医科大学,104,第104组,,,527,63627
3311,温州医科大学,106,第106组,,,509,81069
3311,温州医科大学,205,第205组(中外合作办学或国际项目),,,581,25122
3312,浙江农林大学,103,第103组,,,526,64558
3312,浙江农林大学,104,第104组,,,509,81069
3312,浙江农林大学,105,第105组,,,525,65455
3312,浙江农林大学,306,第306组(国家专项),,,493,98756
3313,浙江海洋大学,102,第102组,,,529,61880
3313,浙江海洋大学,103,第103组,,,501,89625
3313,浙江海洋大学,105,第105组,,,520,70142
3313,浙江海洋大学,204,第204组(中外合作办学或国际项目),,,504,86449
3314,浙江工业大学,104,第104组,,,585,23042
3314,浙江工业大学,105,第105组,,,579,26282
3314,浙江工业大学,106,第106组,,,602,15016
3314,浙江工业大学,107,第107组,,,566,33968
3314,浙江工业大学,208,第208组(中外合作办学或国际项目),,,549,45644
3314,浙江工业大学,309,第309组(国家专项),,,560,37841
3314,浙江工业大学,310,第310组(国家专项),,,594,18532
3315,嘉兴大学,102,第102组,,,511,78999
3315,嘉兴大学,103,第103组,,,512,77998
3315,嘉兴大学,104,第104组,,,519,71119
3315,嘉兴大学,802,第802组(少数民族预科班),,,512,77998
3318,浙江师范大学,109,第109组,,,529,61880
3318,浙江师范大学,110,第110组,,,554,42079
3318,浙江师范大学,111,第111组,,,523,67295
3318,浙江师范大学,212,第212组(中外合作办学或国际项目),,,560,37841
3318,浙江师范大学,315,第315组(国家专项),,,566,33968
3319,温州大学,109,第109组,,,516,74057
3319,温州大学,111,第111组,,,535,56712
3319,温州大学,212,第212组(中外合作办学或国际项目),,,521,69188
3320,浙江科技大学,104,第104组,,,531,60130
3320,浙江科技大学,105,第105组,,,543,50163
3320,浙江科技大学,108,第108组,,,525,65455
3320,浙江科技大学,206,第206组(中外合作办学或国际项目),,,533,58342
3320,浙江科技大学,207,第207组(中外合作办学或国际项目),,,464,135109
3320,浙江科技大学,801,第801组(少数民族预科班),,,515,74992
3321,台州学院,104,第104组,,,488,104648
3321,台州学院,105,第105组,,,476,119396
3321,台州学院,802,第802组(少数民族预科班),,,462,137709
3322,浙江财经大学,103,第103组,,,556,40654
3322,浙江财经大学,104,第104组,,,558,39203
3322,浙江财经大学,105,第105组,,,569,32093
3322,浙江财经大学,307,第307组(国家专项),,,568,32731
3323,杭州师范大学,103,第103组,,,554,42079
3323,杭州师范大学,104,第104组,,,528,62757
3323,杭州师范大学,105,第105组,,,540,52569
3323,杭州师范大学,106,第106组,,,556,40654
3323,杭州师范大学,107,第107组,,,572,30270
3323,杭州师范大学,208,第208组(中外合作办学或国际项目),,,516,74057
3323,杭州师范大学,209,第209组(中外合作办学或国际项目),,,491,101126
3325,浙江传媒学院,114,第114组,,,536,55823
3325,浙江传媒学院,116,第116组,,,493,98756
3325,浙江传媒学院,117,第117组,,,543,50163
3325,浙江传媒学院,215,第215组(中外合作办学或国际项目),,,535,56712
3326,浙江树人学院,102,第102组,,,434,175127
3326,浙江树人学院,103,第103组,,,421,191837
3328,中国计量大学现代科技学院,101,第101组,,,442,164312
3328,中国计量大学现代科技学院,102,第102组,,,437,171075
3329,丽水学院,106,第106组,,,491,101126
3329,丽水学院,107,第107组,,,507,83152
3329,丽水学院,108,第108组,,,468,129773
3329,丽水学院,109,第109组,,,497,94171
3329,丽水学院,110,第110组,,,475,120662
3329,丽水学院,111,第111组,,,466,132409
3329,丽水学院,112,第112组,,,470,127104
3329,丽水学院,802,第802组(少数民族预科班),,,456,145716
3331,浙大城市学院,102,第102组,,,510,80008
3331,浙大城市学院,103,第103组,,,523,67295
3332,浙江万里学院,102,第102组,,,457,144362
3332,浙江万里学院,103,第103组,,,475,120662
3332,浙江万里学院,104,第104组,,,449,154943
3333,浙大宁波理工学院,102,第102组,,,510,80008
3333,浙大宁波理工学院,103,第103组,,,518,72077
3334,宁波大学科学技术学院,102,第102组,,,440,166998
3334,宁波大学科学技术学院,103,第103组,,,434,175127
3334,宁波大学科学技术学院,105,第105组,,,433,176429
3335,宁波诺丁汉大学,103,第103组,,,547,47099
3335,宁波诺丁汉大学,104,第104组,,,532,59218
3336,宁波工程学院,102,第102组,,,494,97592
3336,宁波工程学院,103,第103组,,,492,99960
3336,宁波工程学院,105,第105组,,,477,118119
3336,宁波工程学院,204,第204组(中外合作办学或国际项目),,,449,154943
3337,浙江工业大学之江学院,102,第102组,,,438,169715
3337,浙江工业大学之江学院,103,第103组,,,436,172420
3339,嘉兴南湖学院,102,第102组,,,500,90705
3339,嘉兴南湖学院,103,第103组,,,492,99960
3340,浙江水利水电学院,101,第101组,,,492,99960
3340,浙江水利水电学院,102,第102组,,,490,102293
3340,浙江水利水电学院,103,第103组,,,492,99960
3343,浙江广厦建设职业技术大学,103,第103组,,,,
3346,杭州医学院,101,第101组,,,485,108253
3346,杭州医学院,102,第102组,,,489,103409
3347,湖州学院,103,第103组,,,492,99960
3348,温州商学院,103,第103组,,,410,205496
3348,温州商学院,104,第104组,,,,
3350,浙江外国语学院,104,第104组,,,515,74992
3350,浙江外国语学院,106,第106组,,,532,59218
3350,浙江外国语学院,205,第205组(中外合作办学或国际项目),,,491,101126
3351,浙江药科职业大学,102,第102组,,,465,133720
3351,浙江药科职业大学,103,第103组,,,465,133720
3352,金华职业技术大学,103,第103组,,,462,137709
3358,浙江师范大学行知学院,102,第102组,,,430,180359
3358,浙江师范大学行知学院,103,第103组,,,446,158935
3359,杭州电子科技大学信息工程学院,102,第102组,,,460,140382
3359,杭州电子科技大学信息工程学院,103,第103组,,,448,156272
3362,浙江机电职业技术大学,102,第102组,,,486,107082
3365,宁波财经学院,103,第103组,,,436,172420
3365,宁波财经学院,104,第104组,,,423,189315
3367,浙江农林大学暨阳学院,101,第101组,,,436,172420
3367,浙江农林大学暨阳学院,102,第102组,,,433,176429
3367,浙江农林大学暨阳学院,103,第103组,,,423,189315
3367,浙江农林大学暨阳学院,104,第104组,,,438,169715
3367,浙江农林大学暨阳学院,105,第105组,,,432,177734
3368,温州医科大学仁济学院,101,第101组,,,449,154943
3368,温州医科大学仁济学院,102,第102组,,,435,173735
3371,浙江理工大学科技与艺术学院,101,第101组,,,439,168325
3371,浙江理工大学科技与艺术学院,103,第103组,,,435,173735
3372,温州理工学院,102,第102组,,,499,91840
3373,浙江工商大学杭州商学院,102,第102组,,,449,154943
3373,浙江工商大学杭州商学院,104,第104组,,,446,158935
3374,绍兴理工学院,101,第101组,,,467,131077
3380,浙江越秀外国语学院,105,第105组,,,411,204282
3380,浙江越秀外国语学院,106,第106组,,,419,194396
3380,浙江越秀外国语学院,208,第208组(中外合作办学或国际项目),,,,
3383,浙江大学医学院,201,第201组(中外合作办学或国际项目),,,631,5624
3386,衢州学院,104,第104组,,,472,124520
3386,衢州学院,105,第105组,,,474,121969
3387,上海财经大学浙江学院,102,第102组,,,455,147026
3387,上海财经大学浙江学院,103,第103组,,,433,176429
3393,温州肯恩大学,102,第102组,,,462,137709
3393,温州肯恩大学,103,第103组,,,481,113115
3401,中国科学技术大学,101,第101组,,,668,637
3401,中国科学技术大学,302,第302组(国家专项),,,655,1665
3402,安徽大学,104,第104组,,,586,22537
3402,安徽大学,105,第105组,,,597,17176
3402,安徽大学,206,第206组(中外合作办学或国际项目),,,550,44942
3404,合肥工业大学,103,第103组,,,591,20003
3404,合肥工业大学,105,第105组,,,612,11151
3404,合肥工业大学,204,第204组(中外合作办学或国际项目),,,558,39203
3404,合肥工业大学,306,第306组(国家专项),,,552,43519
3404,合肥工业大学,307,第307组(国家专项),,,580,25720
3404,合肥工业大学,801,第801组(少数民族预科班),,,586,22537
3405,合肥工业大学(宣城校区),102,第102组,,,563,35850
3405,合肥工业大学(宣城校区),103,第103组,,,600,15860
3405,合肥工业大学(宣城校区),304,第304组(国家专项),,,573,29648
3405,合肥工业大学(宣城校区),305,第305组(国家专项),,,597,17176
3406,安徽中医药大学,103,第103组,,,529,61880
3406,安徽中医药大学,105,第105组,,,493,98756
3407,安徽医科大学,101,第101组,,,555,41377
3408,淮北师范大学,110,第110组,,,491,101126
3408,淮北师范大学,111,第111组,,,507,83152
3408,淮北师范大学,112,第112组,,,,
3409,安徽财经大学,102,第102组,,,544,49388
3410,合肥大学,103,第103组,,,504,86449
3410,合肥大学,104,第104组,,,522,68225
3411,安徽理工大学,101,第101组,,,507,83152
3411,安徽理工大学,102,第102组,,,517,73013
3412,安徽工业大学,102,第102组,,,543,50163
3412,安徽工业大学,103,第103组,,,521,69188
3413,安徽农业大学,101,第101组,,,487,105871
3413,安徽农业大学,102,第102组,,,501,89625
3416,安徽工程大学,102,第102组,,,487,105871
3416,安徽工程大学,103,第103组,,,473,123239
3417,安徽师范大学,108,第108组,,,531,60130
3417,安徽师范大学,109,第109组,,,532,59218
3417,安徽师范大学,110,第110组,,,491,101126
3417,安徽师范大学,111,第111组,,,561,37146
3418,安徽科技学院,101,第101组,,,472,124520
3418,安徽科技学院,102,第102组,,,461,139048
3418,安徽科技学院,103,第103组,,,474,121969
3419,安徽建筑大学,103,第103组,,,491,101126
3419,安徽建筑大学,104,第104组,,,484,109438
3419,安徽建筑大学,105,第105组,,,544,49388
3422,合肥师范学院,101,第101组,,,479,115667
3422,合肥师范学院,102,第102组,,,455,147026
3425,黄山学院,102,第102组,,,455,147026
3425,黄山学院,103,第103组,,,446,158935
3426,蚌埠医科大学,101,第101组,,,477,118119
3427,阜阳师范大学,103,第103组,,,479,115667
3427,阜阳师范大学,104,第104组,,,491,101126
3434,皖江工学院,101,第101组,,,426,185558
3442,安庆师范大学,102,第102组,,,476,119396
3443,宿州学院,104,第104组,,,453,149704
3444,皖西学院,103,第103组,,,478,116904
3448,安徽信息工程学院,101,第101组,,,425,186782
3458,蚌埠学院,101,第101组,,,452,150984
3463,池州学院,102,第102组,,,453,149704
3501,厦门大学,114,第114组,,,634,4926
3501,厦门大学,115,第115组,,,636,4516
3501,厦门大学,117,第117组(厦门大学马来西亚分校),,,589,20981
3501,厦门大学,118,第118组(厦门大学马来西亚分校),,,585,23042
3501,厦门大学,320,第320组(国家专项),,,613,10797
3501,厦门大学,321,第321组(国家专项),,,616,9830
3501,厦门大学,802,第802组(少数民族预科班),,,628,6359
3502,福州大学,104,第104组,,,589,20981
3502,福州大学,106,第106组,,,605,13804
3502,福州大学,205,第205组(中外合作办学或国际项目),,,553,42812
3502,福州大学,207,第207组(中外合作办学或国际项目),,,601,15422
3502,福州大学,208,第208组(中外合作办学或国际项目),,,589,20981
3502,福州大学,309,第309组(国家专项),,,583,24083
3503,福建福耀科技大学,101,第101组,,,635,4716
3505,宁德师范学院,104,第104组,,,476,119396
3505,宁德师范学院,105,第105组,,,455,147026
3505,宁德师范学院,106,第106组,,,492,99960
3506,福建医科大学,102,第102组,,,509,81069
3506,福建医科大学,103,第103组,,,546,47840
3506,福建医科大学,104,第104组,,,554,42079
3507,集美大学,107,第107组,,,545,48625
3507,集美大学,108,第108组,,,558,39203
3507,集美大学,109,第109组,,,553,42812
3507,集美大学,110,第110组,,,543,50163
3507,集美大学,111,第111组,,,538,54204
3507,集美大学,313,第313组(国家专项),,,539,53361
3507,集美大学,314,第314组(国家专项),,,559,38509
3507,集美大学,315,第315组(国家专项),,,519,71119
3508,华侨大学,108,第108组,,,531,60130
3508,华侨大学,110,第110组,,,550,44942
3508,华侨大学,111,第111组,,,546,47840
3508,华侨大学,112,第112组,,,573,29648
3508,华侨大学,209,第209组(中外合作办学或国际项目),,,534,57535
3509,福建师范大学,106,第106组,,,567,33317
3509,福建师范大学,207,第207组(中外合作办学或国际项目),,,539,53361
3509,福建师范大学,309,第309组(国家专项),,,508,82093
3510,厦门理工学院,107,第107组,,,525,65455
3510,厦门理工学院,109,第109组,,,532,59218
3510,厦门理工学院,208,第208组(中外合作办学或国际项目),,,494,97592
3510,厦门理工学院,211,第211组(中外合作办学或国际项目),,,515,74992
3511,仰恩大学,102,第102组,,,426,185558
3511,仰恩大学,103,第103组,,,427,184303
3512,闽南师范大学,104,第104组,,,470,127104
3512,闽南师范大学,105,第105组,,,475,120662
3513,福建理工大学,102,第102组,,,494,97592
3513,福建理工大学,103,第103组,,,510,80008
3514,莆田学院,105,第105组,,,460,140382
3514,莆田学院,204,第204组(中外合作办学或国际项目),,,447,157600
3515,泉州师范学院,106,第106组,,,470,127104
3515,泉州师范学院,107,第107组,,,462,137709
3515,泉州师范学院,108,第108组,,,492,99960
3515,泉州师范学院,109,第109组,,,458,143070
3515,泉州师范学院,110,第110组,,,473,123239
3516,福建农林大学,103,第103组,,,518,72077
3516,福建农林大学,105,第105组,,,487,105871
3516,福建农林大学,106,第106组,,,527,63627
3516,福建农林大学,204,第204组(中外合作办学或国际项目),,,448,156272
3516,福建农林大学,307,第307组(国家专项),,,477,118119
3517,闽江学院,104,第104组,,,490,102293
3517,闽江学院,105,第105组,,,496,95338
3518,福建中医药大学,102,第102组,,,545,48625
3518,福建中医药大学,103,第103组,,,558,39203
3518,福建中医药大学,104,第104组,,,513,76981
3518,福建中医药大学,105,第105组,,,526,64558
3518,福建中医药大学,106,第106组,,,547,47099
3518,福建中医药大学,207,第207组(中外合作办学或国际项目),,,482,111948
3519,厦门大学嘉庚学院,108,第108组,,,449,154943
3519,厦门大学嘉庚学院,109,第109组,,,449,154943
3519,厦门大学嘉庚学院,110,第110组,,,444,161624
3520,三明学院,104,第104组,,,457,144362
3520,三明学院,105,第105组,,,457,144362
3521,厦门工学院,103,第103组,,,408,207860
3521,厦门工学院,104,第104组,,,422,190592
3522,福建商学院,102,第102组,,,464,135109
3522,福建商学院,103,第103组,,,467,131077
3522,福建商学院,902,第902组(边防军人子女预科班),,,345,267846
3523,集美大学诚毅学院,103,第103组,,,445,160297
3523,集美大学诚毅学院,104,第104组,,,440,166998
3524,泉州职业技术大学,102,第102组,,,424,188046
3525,武夷学院,102,第102组,,,457,144362
3525,武夷学院,103,第103组,,,451,152300
3526,龙岩学院,104,第104组,,,455,147026
3526,龙岩学院,105,第105组,,,446,158935
3529,福建师范大学协和学院,106,第106组,,,438,169715
3529,福建师范大学协和学院,107,第107组,,,439,168325
3529,福建师范大学协和学院,108,第108组,,,434,175127
3529,福建师范大学协和学院,110,第110组,,,436,172420
3529,福建师范大学协和学院,209,第209组(中外合作办学或国际项目),,,432,177734
3531,阳光学院,102,第102组,,,418,195646
3531,阳光学院,105,第105组,,,,
3531,阳光学院,203,第203组(中外合作办学或国际项目),,,,
3532,福建农林大学金山学院,103,第103组,,,435,173735
3532,福建农林大学金山学院,105,第105组,,,433,176429
3532,福建农林大学金山学院,106,第106组,,,434,175127
3532,福建农林大学金山学院,204,第204组(中外合作办学或国际项目),,,418,195646
3534,福建技术师范学院,104,第104组,,,461,139048
3534,福建技术师范学院,105,第105组,,,469,128457
3534,福建技术师范学院,108,第108组,,,450,153634
3535,泉州信息工程学院,101,第101组,,,419,194396
3536,闽南科技学院,102,第102组,,,427,184303
3536,闽南科技学院,103,第103组,,,427,184303
3540,福州大学至诚学院,104,第104组,,,433,176429
3572,厦门医学院,101,第101组,,,506,84198
3572,厦门医学院,102,第102组,,,496,95338
3572,厦门医学院,103,第103组,,,495,96459
3575,福建江夏学院,102,第102组,,,473,123239
3575,福建江夏学院,103,第103组,,,472,124520
3587,厦门华厦学院,104,第104组,,,430,180359
3587,厦门华厦学院,105,第105组,,,413,201862
3599,福州外语外贸学院,103,第103组,,,,
3599,福州外语外贸学院,104,第104组,,,,
3601,南昌大学,119,第119组,,,587,22001
3601,南昌大学,120,第120组,,,589,20981
3601,南昌大学,121,第121组,,,610,11873
3601,南昌大学,122,第122组,,,585,23042
3601,南昌大学,124,第124组,,,616,9830
3601,南昌大学,223,第223组(中外合作办学或国际项目),,,590,20503
3602,南昌师范学院,106,第106组,,,472,124520
3602,南昌师范学院,107,第107组,,,483,110693
3603,华东交通大学,108,第108组,,,540,52569
3603,华东交通大学,109,第109组,,,542,50973
3603,华东交通大学,111,第111组,,,552,43519
3603,华东交通大学,210,第210组(中外合作办学或国际项目),,,532,59218
3603,华东交通大学,212,第212组(中外合作办学或国际项目),,,539,53361
3604,江西财经大学,108,第108组,,,577,27385
3604,江西财经大学,109,第109组,,,572,30270
3604,江西财经大学,112,第112组,,,566,33968
3604,江西财经大学,113,第113组,,,564,35220
3604,江西财经大学,210,第210组(中外合作办学或国际项目),,,559,38509
3604,江西财经大学,211,第211组(中外合作办学或国际项目),,,432,177734
3604,江西财经大学,214,第214组(中外合作办学或国际项目),,,554,42079
3604,江西财经大学,215,第215组(中外合作办学或国际项目),,,437,171075
3605,南昌航空大学,107,第107组,,,550,44942
3605,南昌航空大学,108,第108组,,,556,40654
3605,南昌航空大学,109,第109组,,,552,43519
3605,南昌航空大学,210,第210组(中外合作办学或国际项目),,,540,52569
3606,景德镇陶瓷大学,106,第106组,,,514,75982
3606,景德镇陶瓷大学,107,第107组,,,491,101126
3607,东华理工大学,104,第104组,,,513,76981
3608,江西理工大学,102,第102组,,,510,80008
3608,江西理工大学,103,第103组,,,516,74057
3608,江西理工大学,104,第104组,,,563,35850
3609,宜春学院,113,第113组,,,478,116904
3609,宜春学院,114,第114组,,,455,147026
3609,宜春学院,115,第115组,,,487,105871
3609,宜春学院,116,第116组,,,492,99960
3610,江西师范大学,117,第117组,,,521,69188
3610,江西师范大学,118,第118组,,,521,69188
3610,江西师范大学,119,第119组,,,519,71119
3610,江西师范大学,121,第121组,,,541,51729
3610,江西师范大学,122,第122组,,,538,54204
3610,江西师范大学,123,第123组,,,566,33968
3611,赣南师范大学,114,第114组,,,485,108253
3611,赣南师范大学,115,第115组,,,495,96459
3611,赣南师范大学,116,第116组,,,499,91840
3611,赣南师范大学,117,第117组,,,473,123239
3611,赣南师范大学,118,第118组,,,446,158935
3611,赣南师范大学,119,第119组,,,504,86449
3612,江西农业大学,105,第105组,,,506,84198
3612,江西农业大学,106,第106组,,,496,95338
3612,江西农业大学,107,第107组,,,501,89625
3612,江西农业大学,108,第108组,,,485,108253
3612,江西农业大学,109,第109组,,,491,101126
3612,江西农业大学,110,第110组,,,527,63627
3612,江西农业大学,111,第111组,,,514,75982
3613,江西中医药大学,106,第106组,,,544,49388
3613,江西中医药大学,107,第107组,,,487,105871
3613,江西中医药大学,108,第108组,,,511,78999
3613,江西中医药大学,109,第109组,,,544,49388
3613,江西中医药大学,110,第110组,,,518,72077
3614,上饶师范学院,106,第106组,,,485,108253
3614,上饶师范学院,107,第107组,,,451,152300
3614,上饶师范学院,108,第108组,,,459,141751
3615,井冈山大学,107,第107组,,,497,94171
3615,井冈山大学,108,第108组,,,467,131077
3618,江西科技师范大学,108,第108组,,,501,89625
3618,江西科技师范大学,109,第109组,,,478,116904
3619,九江学院,107,第107组,,,464,135109
3619,九江学院,208,第208组(中外合作办学或国际项目),,,,
3620,赣南医科大学,101,第101组,,,516,74057
3623,江西师范大学科学技术学院,103,第103组,,,448,156272
3623,江西师范大学科学技术学院,104,第104组,,,449,154943
3626,南昌交通学院,102,第102组,,,436,172420
3627,赣南科技学院,102,第102组,,,473,123239
3627,赣南科技学院,103,第103组,,,491,101126
3629,南昌医学院,102,第102组,,,562,36495
3629,南昌医学院,103,第103组,,,575,28527
3629,南昌医学院,104,第104组,,,522,68225
3629,南昌医学院,105,第105组,,,525,65455
3630,赣南师范大学科技学院,101,第101组,,,442,164312
3631,赣东学院,102,第102组,,,471,125833
3631,赣东学院,103,第103组,,,486,107082
3631,赣东学院,104,第104组,,,458,143070
3632,南昌大学科学技术学院,102,第102组,,,451,152300
3635,江西水利电力大学,105,第105组,,,518,72077
3635,江西水利电力大学,106,第106组,,,525,65455
3635,江西水利电力大学,108,第108组,,,487,105871
3635,江西水利电力大学,207,第207组(中外合作办学或国际项目),,,438,169715
3639,江西科技学院,102,第102组,,,457,144362
3639,江西科技学院,103,第103组,,,427,184303
3639,江西科技学院,104,第104组,,,428,182995
3640,新余学院,103,第103组,,,470,127104
3640,新余学院,104,第104组,,,484,109438
3640,新余学院,105,第105组,,,487,105871
3641,萍乡学院,106,第106组,,,463,136388
3641,萍乡学院,107,第107组,,,453,149704
3643,江西工程学院,102,第102组,,,440,166998
3644,江西财经大学现代经济管理学院,102,第102组,,,460,140382
3644,江西财经大学现代经济管理学院,103,第103组,,,451,152300
3644,江西财经大学现代经济管理学院,104,第104组,,,442,164312
3645,南昌理工学院,105,第105组,,,438,169715
3645,南昌理工学院,108,第108组,,,431,179082
3645,南昌理工学院,207,第207组(中外合作办学或国际项目),,,418,195646
3652,南昌航空大学科技学院,103,第103组,,,445,160297
3654,江西农业大学南昌商学院,102,第102组,,,448,156272
3656,江西应用科技学院,105,第105组,,,421,191837
3665,南昌工学院,104,第104组,,,433,176429
3670,江西服装学院,104,第104组,,,437,171075
3676,江西飞行学院,101,第101组,,,500,90705
3701,山东大学,103,第103组,,,622,8008
3701,山东大学,104,第104组,,,627,6601
3701,山东大学,105,第105组,,,618,9205
3701,山东大学,106,第106组,,,632,5402
3701,山东大学,107,第107组,,,616,9830
3701,山东大学,108,第108组,,,629,6094
3701,山东大学,311,第311组(国家专项),,,599,16296
3702,中国海洋大学,106,第106组,,,610,11873
3702,中国海洋大学,107,第107组,,,614,10468
3702,中国海洋大学,113,第113组,,,622,8008
3702,中国海洋大学,114,第114组,,,622,8008
3702,中国海洋大学,208,第208组(中外合作办学或国际项目),,,594,18532
3702,中国海洋大学,209,第209组(中外合作办学或国际项目),,,605,13804
3702,中国海洋大学,210,第210组(中外合作办学或国际项目),,,600,15860
3702,中国海洋大学,211,第211组(中外合作办学或国际项目),,,592,19542
3702,中国海洋大学,212,第212组(中外合作办学或国际项目),,,598,16754
3702,中国海洋大学,315,第315组(国家专项),,,591,20003
3702,中国海洋大学,802,第802组(少数民族预科班),,,601,15422
3703,山东政法学院,102,第102组,,,520,70142
3703,山东政法学院,103,第103组,,,517,73013
3704,哈尔滨工业大学(威海),101,第101组,,,642,3456
3704,哈尔滨工业大学(威海),102,第102组,,,635,4716
3704,哈尔滨工业大学(威海),203,第203组(中外合作办学或国际项目),,,610,11873
3704,哈尔滨工业大学(威海),304,第304组(国家专项),,,621,8307
3705,中国石油大学(华东),102,第102组,,,596,17619
3705,中国石油大学(华东),103,第103组,,,596,17619
3705,中国石油大学(华东),104,第104组,,,598,16754
3705,中国石油大学(华东),305,第305组(国家专项),,,588,21502
3705,中国石油大学(华东),306,第306组(国家专项),,,590,20503
3706,山东大学威海分校,105,第105组,,,615,10149
3706,山东大学威海分校,307,第307组(国家专项),,,599,16296
3706,山东大学威海分校,308,第308组(国家专项),,,589,20981
3707,山东农业大学,102,第102组,,,475,120662
3707,山东农业大学,103,第103组,,,526,64558
3707,山东农业大学,204,第204组(中外合作办学或国际项目),,,466,132409
3708,山东理工大学,104,第104组,,,535,56712
3708,山东理工大学,105,第105组,,,512,77998
3708,山东理工大学,106,第106组,,,494,97592
3709,济宁医学院,101,第101组,,,463,136388
3709,济宁医学院,102,第102组,,,442,164312
3710,青岛科技大学,104,第104组,,,519,71119
3712,北京交通大学(威海校区),203,第203组(中外合作办学或国际项目),,,572,30270
3712,北京交通大学(威海校区),204,第204组(中外合作办学或国际项目),,,567,33317
3713,青岛大学,108,第108组,,,545,48625
3713,青岛大学,109,第109组,,,548,46365
3713,青岛大学,110,第110组,,,537,55007
3713,青岛大学,111,第111组,,,536,55823
3714,山东工商学院,102,第102组,,,476,119396
3714,山东工商学院,103,第103组,,,467,131077
3714,山东工商学院,104,第104组,,,477,118119
3715,山东中医药大学,101,第101组,,,517,73013
3716,济南大学,102,第102组,,,542,50973
3716,济南大学,103,第103组,,,529,61880
3717,青岛理工大学,103,第103组,,,509,81069
3717,青岛理工大学,104,第104组,,,513,76981
3717,青岛理工大学,106,第106组,,,515,74992
3717,青岛理工大学,205,第205组(中外合作办学或国际项目),,,438,169715
3717,青岛理工大学,207,第207组(中外合作办学或国际项目),,,,
3718,烟台大学,105,第105组,,,503,87520
3718,烟台大学,106,第106组,,,484,109438
3718,烟台大学,902,第902组(边防军人子女预科班),,,465,133720
3719,山东师范大学,105,第105组,,,521,69188
3719,山东师范大学,106,第106组,,,535,56712
3719,山东师范大学,107,第107组,,,562,36495
3719,山东师范大学,309,第309组(国家专项),,,495,96459
3719,山东师范大学,311,第311组(国家专项),,,471,125833
3721,山东科技大学,101,第101组,,,534,57535
3721,山东科技大学,302,第302组(国家专项),,,540,52569
3722,临沂大学,107,第107组,,,476,119396
3723,潍坊学院,105,第105组,,,463,136388
3723,潍坊学院,106,第106组,,,454,148351
3723,潍坊学院,107,第107组,,,455,147026
3723,潍坊学院,108,第108组,,,490,102293
3727,滨州医学院,101,第101组,,,553,42812
3727,滨州医学院,102,第102组,,,512,77998
3728,菏泽学院,101,第101组,,,443,162957
3730,鲁东大学,102,第102组,,,483,110693
3730,鲁东大学,103,第103组,,,460,140382
3730,鲁东大学,205,第205组(中外合作办学或国际项目),,,421,191837
3731,齐鲁工业大学,102,第102组,,,493,98756
3732,山东交通学院,102,第102组,,,489,103409
3732,山东交通学院,103,第103组,,,491,101126
3733,山东财经大学,102,第102组,,,537,55007
3733,山东财经大学,103,第103组,,,539,53361
3733,山东财经大学,104,第104组,,,548,46365
3734,泰山学院,103,第103组,,,446,158935
3734,泰山学院,104,第104组,,,443,162957
3734,泰山学院,105,第105组,,,463,136388
3734,泰山学院,106,第106组,,,446,158935
3735,聊城大学,108,第108组,,,474,121969
3735,聊城大学,209,第209组(中外合作办学或国际项目),,,,
3735,聊城大学,210,第210组(中外合作办学或国际项目),,,,
3736,山东第一医科大学,103,第103组,,,583,24083
3736,山东第一医科大学,104,第104组,,,580,25720
3736,山东第一医科大学,105,第105组,,,489,103409
3736,山东第一医科大学,106,第106组,,,509,81069
3736,山东第一医科大学,107,第107组,,,576,27958
3736,山东第一医科大学,108,第108组,,,503,87520
3737,青岛农业大学,101,第101组,,,436,172420
3738,山东建筑大学,102,第102组,,,491,101126
3738,山东建筑大学,103,第103组,,,504,86449
3738,山东建筑大学,104,第104组,,,,
3739,山东工艺美术学院,105,第105组,,,453,149704
3739,山东工艺美术学院,106,第106组,,,460,140382
3739,山东工艺美术学院,107,第107组,,,444,161624
3740,山东第二医科大学,101,第101组,,,501,89625
3740,山东第二医科大学,102,第102组,,,484,109438
3743,康复大学,101,第101组,,,545,48625
3743,康复大学,102,第102组,,,542,50973
3743,康复大学,103,第103组,,,585,23042
3743,康复大学,104,第104组,,,568,32731
3743,康复大学,105,第105组,,,559,38509
3743,康复大学,106,第106组,,,562,36495
3743,康复大学,107,第107组,,,553,42812
3743,康复大学,108,第108组,,,540,52569
3745,山东管理学院,102,第102组,,,475,120662
3749,山东石油化工学院,102,第102组,,,473,123239
3749,山东石油化工学院,103,第103组,,,482,111948
3749,山东石油化工学院,104,第104组,,,489,103409
3750,曲阜师范大学,107,第107组,,,465,133720
3750,曲阜师范大学,108,第108组,,,488,104648
3750,曲阜师范大学,109,第109组,,,508,82093
3751,山东航空学院,102,第102组,,,482,111948
3751,山东航空学院,103,第103组,,,505,85352
3751,山东航空学院,104,第104组,,,492,99960
3757,聊城大学东昌学院,102,第102组,,,440,166998
3760,青岛城市学院,104,第104组,,,439,168325
3760,青岛城市学院,105,第105组,,,443,162957
3760,青岛城市学院,106,第106组,,,433,176429
3760,青岛城市学院,107,第107组,,,433,176429
3760,青岛城市学院,108,第108组,,,429,181701
3763,山东青年政治学院,101,第101组,,,460,140382
3764,青岛恒星科技学院,102,第102组,,,413,201862
3764,青岛恒星科技学院,103,第103组,,,,
3770,山东英才学院,101,第101组,,,410,205496
3782,山东女子学院,105,第105组,,,461,139048
3782,山东女子学院,106,第106组,,,482,111948
3782,山东女子学院,107,第107组,,,470,127104
3782,山东女子学院,108,第108组,,,456,145716
3782,山东女子学院,109,第109组,,,458,143070
3782,山东女子学院,110,第110组,,,437,171075
3791,青岛工学院,102,第102组,,,428,182995
3791,青岛工学院,103,第103组,,,431,179082
3791,青岛工学院,104,第104组,,,423,189315
3796,齐鲁医药学院,101,第101组,,,480,114419
3796,齐鲁医药学院,102,第102组,,,468,129773
3796,齐鲁医药学院,103,第103组,,,441,165648
3796,齐鲁医药学院,104,第104组,,,464,135109
3796,齐鲁医药学院,105,第105组,,,439,168325
3798,山东工程职业技术大学,101,第101组,,,445,160297
4101,郑州大学,120,第120组,,,578,26844
4101,郑州大学,121,第121组,,,588,21502
4102,河南城建学院,103,第103组,,,455,147026
4102,河南城建学院,104,第104组,,,444,161624
4102,河南城建学院,105,第105组,,,455,147026
4103,华北水利水电大学,101,第101组,,,521,69188
4103,华北水利水电大学,102,第102组,,,510,80008
4103,华北水利水电大学,203,第203组(中外合作办学或国际项目),,,458,143070
4104,河南大学,112,第112组,,,548,46365
4104,河南大学,114,第114组,,,554,42079
4104,河南大学,115,第115组,,,577,27385
4104,河南大学,116,第116组,,,572,30270
4104,河南大学,117,第117组,,,566,33968
4104,河南大学,119,第119组,,,558,39203
4104,河南大学,120,第120组,,,583,24083
4104,河南大学,213,第213组(中外合作办学或国际项目),,,529,61880
4104,河南大学,218,第218组(中外合作办学或国际项目),,,522,68225
4104,河南大学,222,第222组(中外合作办学或国际项目),,,561,37146
4105,郑州轻工业大学,103,第103组,,,511,78999
4105,郑州轻工业大学,204,第204组(中外合作办学或国际项目),,,492,99960
4105,郑州轻工业大学,205,第205组(中外合作办学或国际项目),,,458,143070
4106,河南科技大学,105,第105组,,,500,90705
4106,河南科技大学,107,第107组,,,533,58342
4106,河南科技大学,110,第110组,,,525,65455
4106,河南科技大学,206,第206组(中外合作办学或国际项目),,,498,92992
4106,河南科技大学,208,第208组(中外合作办学或国际项目),,,470,127104
4106,河南科技大学,209,第209组(中外合作办学或国际项目),,,475,120662
4107,郑州航空工业管理学院,104,第104组,,,475,120662
4107,郑州航空工业管理学院,106,第106组,,,518,72077
4107,郑州航空工业管理学院,107,第107组,,,489,103409
4107,郑州航空工业管理学院,205,第205组(中外合作办学或国际项目),,,456,145716
4107,郑州航空工业管理学院,208,第208组(中外合作办学或国际项目),,,450,153634
4108,河南工业大学,105,第105组,,,505,85352
4108,河南工业大学,106,第106组,,,494,97592
4108,河南工业大学,107,第107组,,,529,61880
4108,河南工业大学,208,第208组(中外合作办学或国际项目),,,469,128457
4109,河南理工大学,106,第106组,,,493,98756
4109,河南理工大学,107,第107组,,,532,59218
4109,河南理工大学,108,第108组,,,517,73013
4109,河南理工大学,109,第109组,,,466,132409
4109,河南理工大学,110,第110组,,,463,136388
4109,河南理工大学,211,第211组(中外合作办学或国际项目),,,519,71119
4109,河南理工大学,212,第212组(中外合作办学或国际项目),,,515,74992
4111,中原工学院,104,第104组,,,473,123239
4111,中原工学院,105,第105组,,,496,95338
4111,中原工学院,106,第106组,,,464,135109
4112,南阳理工学院,108,第108组,,,486,107082
4112,南阳理工学院,109,第109组,,,472,124520
4112,南阳理工学院,110,第110组,,,471,125833
4112,南阳理工学院,111,第111组,,,470,127104
4112,南阳理工学院,112,第112组,,,446,158935
4112,南阳理工学院,113,第113组,,,458,143070
4112,南阳理工学院,115,第115组,,,471,125833
4112,南阳理工学院,116,第116组,,,470,127104
4112,南阳理工学院,214,第214组(中外合作办学或国际项目),,,438,169715
4113,黄河科技学院,101,第101组,,,442,164312
4113,黄河科技学院,102,第102组,,,436,172420
4114,河南师范大学,103,第103组,,,475,120662
4114,河南师范大学,104,第104组,,,419,194396
4116,河南中医药大学,104,第104组,,,530,61016
4116,河南中医药大学,105,第105组,,,478,116904
4116,河南中医药大学,106,第106组,,,515,74992
4117,河南医药大学,101,第101组,,,458,143070
4118,商丘师范学院,110,第110组,,,457,144362
4118,商丘师范学院,111,第111组,,,446,158935
4119,南阳师范学院,104,第104组,,,468,129773
4119,南阳师范学院,105,第105组,,,459,141751
4119,南阳师范学院,106,第106组,,,456,145716
4119,南阳师范学院,107,第107组,,,453,149704
4119,南阳师范学院,108,第108组,,,487,105871
4120,洛阳师范学院,111,第111组,,,447,157600
4125,周口师范学院,110,第110组,,,446,158935
4125,周口师范学院,111,第111组,,,461,139048
4126,安阳师范学院,103,第103组,,,457,144362
4127,河南农业大学,103,第103组,,,494,97592
4127,河南农业大学,104,第104组,,,496,95338
4127,河南农业大学,105,第105组,,,556,40654
4127,河南农业大学,108,第108组,,,450,153634
4127,河南农业大学,206,第206组(中外合作办学或国际项目),,,456,145716
4127,河南农业大学,207,第207组(中外合作办学或国际项目),,,461,139048
4128,许昌学院,103,第103组,,,476,119396
4128,许昌学院,104,第104组,,,451,152300
4129,郑州工程技术学院,102,第102组,,,463,136388
4129,郑州工程技术学院,103,第103组,,,466,132409
4129,郑州工程技术学院,104,第104组,,,452,150984
4131,商丘工学院,101,第101组,,,436,172420
4133,平顶山学院,108,第108组,,,456,145716
4133,平顶山学院,109,第109组,,,458,143070
4134,河南工学院,101,第101组,,,464,135109
4137,洛阳理工学院,105,第105组,,,469,128457
4138,安阳工学院,104,第104组,,,449,154943
4145,新乡学院,102,第102组,,,448,156272
4146,郑州工业应用技术学院,101,第101组,,,432,177734
4149,郑州师范学院,102,第102组,,,480,114419
4152,黄淮学院,103,第103组,,,464,135109
4152,黄淮学院,104,第104组,,,450,153634
4152,黄淮学院,205,第205组(中外合作办学或国际项目),,,445,160297
4155,河南科技学院,105,第105组,,,470,127104
4158,河南财经政法大学,102,第102组,,,523,67295
4158,河南财经政法大学,103,第103组,,,522,68225
4160,郑州工商学院,102,第102组,,,440,166998
4162,郑州财经学院,102,第102组,,,447,157600
4162,郑州财经学院,103,第103组,,,442,164312
4164,河南牧业经济学院,102,第102组,,,451,152300
4170,河南工程学院,106,第106组,,,466,132409
4170,河南工程学院,107,第107组,,,459,141751
4173,河南财政金融学院,103,第103组,,,477,118119
4173,河南财政金融学院,104,第104组,,,482,111948
4187,郑州商学院,102,第102组,,,446,158935
4201,武汉大学,106,第106组,,,643,3272
4201,武汉大学,107,第107组,,,680,185
4201,武汉大学,108,第108组,,,653,1888
4201,武汉大学,109,第109组,,,645,2936
4201,武汉大学,110,第110组,,,646,2766
4201,武汉大学,111,第111组,,,639,3975
4201,武汉大学,313,第313组(国家专项),,,628,6359
4201,武汉大学,314,第314组(国家专项),,,626,6870
4202,华中科技大学,115,第115组,,,646,2766
4202,华中科技大学,116,第116组,,,647,2614
4202,华中科技大学,217,第217组(中外合作办学或国际项目),,,612,11151
4202,华中科技大学,218,第218组(中外合作办学或国际项目),,,609,12245
4202,华中科技大学,319,第319组(国家专项),,,627,6601
4203,武汉理工大学,106,第106组,,,637,4322
4203,武汉理工大学,107,第107组,,,630,5842
4203,武汉理工大学,108,第108组,,,631,5624
4203,武汉理工大学,109,第109组,,,624,7431
4203,武汉理工大学,110,第110组,,,611,11512
4203,武汉理工大学,205,第205组(中外合作办学或国际项目),,,596,17619
4203,武汉理工大学,211,第211组(中外合作办学或国际项目),,,606,13439
4203,武汉理工大学,212,第212组(中外合作办学或国际项目),,,596,17619
4203,武汉理工大学,313,第313组(国家专项),,,597,17176
4203,武汉理工大学,314,第314组(国家专项),,,608,12636
4204,武汉城市学院（原武汉科技大学城市学院）,103,第103组,,,443,162957
4204,武汉城市学院（原武汉科技大学城市学院）,104,第104组,,,443,162957
4205,武汉华夏理工学院,103,第103组,,,437,171075
4208,中国地质大学(武汉),106,第106组,,,604,14233
4208,中国地质大学(武汉),107,第107组,,,599,16296
4208,中国地质大学(武汉),208,第208组(中外合作办学或国际项目),,,555,41377
4208,中国地质大学(武汉),209,第209组(中外合作办学或国际项目),,,595,18050
4208,中国地质大学(武汉),210,第210组(中外合作办学或国际项目),,,587,22001
4208,中国地质大学(武汉),211,第211组(中外合作办学或国际项目),,,594,18532
4208,中国地质大学(武汉),212,第212组(中外合作办学或国际项目),,,578,26844
4208,中国地质大学(武汉),315,第315组(国家专项),,,600,15860
4209,华中农业大学,106,第106组,,,579,26282
4209,华中农业大学,108,第108组,,,588,21502
4209,华中农业大学,109,第109组,,,581,25122
4209,华中农业大学,110,第110组,,,595,18050
4209,华中农业大学,204,第204组(中外合作办学或国际项目),,,558,39203
4209,华中农业大学,207,第207组(中外合作办学或国际项目),,,547,47099
4209,华中农业大学,311,第311组(国家专项),,,570,31452
4209,华中农业大学,312,第312组(国家专项),,,573,29648
4209,华中农业大学,801,第801组(少数民族预科班),,,579,26282
4211,湖北文理学院理工学院,102,第102组,,,447,157600
4212,湖北三峡航空学院,102,第102组,,,429,181701
4212,湖北三峡航空学院,103,第103组,,,427,184303
4214,武昌首义学院,103,第103组,,,437,171075
4214,武昌首义学院,104,第104组,,,437,171075
4215,华中师范大学,124,第124组,,,593,19030
4215,华中师范大学,125,第125组,,,611,11512
4215,华中师范大学,126,第126组,,,606,13439
4215,华中师范大学,127,第127组,,,597,17176
4215,华中师范大学,331,第331组(国家专项),,,574,29052
4215,华中师范大学,332,第332组(国家专项),,,605,13804
4215,华中师范大学,333,第333组(国家专项),,,593,19030
4215,华中师范大学,802,第802组(少数民族预科班),,,592,19542
4216,中南财经政法大学,105,第105组,,,601,15422
4216,中南财经政法大学,107,第107组,,,609,12245
4216,中南财经政法大学,208,第208组(中外合作办学或国际项目),,,580,25720
4216,中南财经政法大学,311,第311组(国家专项),,,600,15860
4216,中南财经政法大学,312,第312组(国家专项),,,586,22537
4216,中南财经政法大学,802,第802组(少数民族预科班),,,593,19030
4218,武汉体育学院,109,第109组,,,480,114419
4218,武汉体育学院,110,第110组,,,480,114419
4218,武汉体育学院,111,第111组,,,478,116904
4219,中南民族大学,109,第109组,,,526,64558
4219,中南民族大学,110,第110组,,,535,56712
4219,中南民族大学,111,第111组,,,533,58342
4219,中南民族大学,112,第112组,,,527,63627
4219,中南民族大学,113,第113组,,,556,40654
4219,中南民族大学,317,第317组(国家专项),,,508,82093
4219,中南民族大学,319,第319组(国家专项),,,532,59218
4219,中南民族大学,802,第802组(少数民族预科班),,,542,50973
4220,长江大学,118,第118组,,,522,68225
4220,长江大学,119,第119组,,,513,76981
4220,长江大学,120,第120组,,,573,29648
4220,长江大学,121,第121组,,,554,42079
4220,长江大学,124,第124组,,,512,77998
4220,长江大学,222,第222组(中外合作办学或国际项目),,,444,161624
4220,长江大学,223,第223组(中外合作办学或国际项目),,,503,87520
4223,武汉纺织大学外经贸学院,103,第103组,,,436,172420
4223,武汉纺织大学外经贸学院,104,第104组,,,439,168325
4224,湖北大学,105,第105组,,,549,45644
4224,湖北大学,106,第106组,,,564,35220
4224,湖北大学,108,第108组,,,547,47099
4224,湖北大学,207,第207组(中外合作办学或国际项目),,,504,86449
4225,武昌工学院,103,第103组,,,449,154943
4225,武昌工学院,104,第104组,,,441,165648
4226,武汉科技大学,105,第105组,,,556,40654
4226,武汉科技大学,106,第106组,,,567,33317
4226,武汉科技大学,207,第207组(中外合作办学或国际项目),,,501,89625
4227,武汉工程大学,103,第103组,,,545,48625
4227,武汉工程大学,104,第104组,,,550,44942
4227,武汉工程大学,205,第205组(中外合作办学或国际项目),,,508,82093
4228,武汉纺织大学,103,第103组,,,533,58342
4229,湖北汽车工业学院,103,第103组,,,517,73013
4229,湖北汽车工业学院,104,第104组,,,511,78999
4229,湖北汽车工业学院,205,第205组(中外合作办学或国际项目),,,497,94171
4230,武汉轻工大学,105,第105组,,,518,72077
4230,武汉轻工大学,204,第204组(中外合作办学或国际项目),,,472,124520
4230,武汉轻工大学,206,第206组(中外合作办学或国际项目),,,478,116904
4230,武汉轻工大学,207,第207组(中外合作办学或国际项目),,,446,158935
4231,湖北民族大学,110,第110组,,,499,91840
4231,湖北民族大学,111,第111组,,,487,105871
4231,湖北民族大学,112,第112组,,,466,132409
4231,湖北民族大学,213,第213组(中外合作办学或国际项目),,,430,180359
4231,湖北民族大学,802,第802组(少数民族预科班),,,470,127104
4234,湖北工业大学,103,第103组,,,544,49388
4234,湖北工业大学,104,第104组,,,552,43519
4235,三峡大学,107,第107组,,,508,82093
4235,三峡大学,108,第108组,,,552,43519
4235,三峡大学,109,第109组,,,523,67295
4235,三峡大学,110,第110组,,,537,55007
4235,三峡大学,802,第802组(少数民族预科班),,,516,74057
4236,湖北科技学院,107,第107组,,,473,123239
4236,湖北科技学院,108,第108组,,,468,129773
4236,湖北科技学院,110,第110组,,,479,115667
4236,湖北科技学院,209,第209组(中外合作办学或国际项目),,,466,132409
4237,湖北师范大学,107,第107组,,,505,85352
4237,湖北师范大学,108,第108组,,,536,55823
4238,湖北中医药大学,104,第104组,,,581,25122
4238,湖北中医药大学,105,第105组,,,531,60130
4238,湖北中医药大学,106,第106组,,,506,84198
4238,湖北中医药大学,107,第107组,,,494,97592
4239,湖北医药学院,101,第101组,,,502,88548
4240,文华学院,104,第104组,,,437,171075
4240,文华学院,105,第105组,,,435,173735
4241,黄冈师范学院,107,第107组,,,464,135109
4241,黄冈师范学院,108,第108组,,,475,120662
4242,湖北师范大学文理学院,105,第105组,,,436,172420
4243,湖北工业大学工程技术学院,103,第103组,,,441,165648
4247,荆州学院,102,第102组,,,431,179082
4250,湖北经济学院,102,第102组,,,504,86449
4250,湖北经济学院,103,第103组,,,526,64558
4250,湖北经济学院,204,第204组(中外合作办学或国际项目),,,467,131077
4251,湖北第二师范学院,107,第107组,,,477,118119
4251,湖北第二师范学院,208,第208组(中外合作办学或国际项目),,,471,125833
4252,江汉大学,107,第107组,,,512,77998
4252,江汉大学,108,第108组,,,542,50973
4254,武汉商学院,106,第106组,,,506,84198
4254,武汉商学院,108,第108组,,,515,74992
4254,武汉商学院,207,第207组(中外合作办学或国际项目),,,470,127104
4257,湖北理工学院,106,第106组,,,499,91840
4257,湖北理工学院,107,第107组,,,490,102293
4257,湖北理工学院,208,第208组(中外合作办学或国际项目),,,455,147026
4259,荆楚理工学院,104,第104组,,,471,125833
4259,荆楚理工学院,105,第105组,,,465,133720
4264,湖北工程学院,106,第106组,,,474,121969
4264,湖北工程学院,107,第107组,,,481,113115
4265,湖北文理学院,104,第104组,,,471,125833
4265,湖北文理学院,105,第105组,,,449,154943
4267,汉江师范学院,102,第102组,,,470,127104
4267,汉江师范学院,103,第103组,,,459,141751
4275,武汉职业技术大学,102,第102组,,,480,114419
4277,武汉生物工程学院,103,第103组,,,436,172420
4291,武汉工程科技学院,102,第102组,,,436,172420
4301,湖南大学,107,第107组,,,624,7431
4301,湖南大学,108,第108组,,,624,7431
4301,湖南大学,310,第310组(国家专项),,,598,16754
4301,湖南大学,311,第311组(国家专项),,,587,22001
4301,湖南大学,802,第802组(少数民族预科班),,,611,11512
4301,湖南大学,901,第901组(边防军人子女预科班),,,611,11512
4302,中南大学,116,第116组,,,629,6094
4302,中南大学,118,第118组,,,625,7140
4302,中南大学,119,第119组,,,655,1665
4302,中南大学,217,第217组(中外合作办学或国际项目),,,585,23042
4302,中南大学,321,第321组(国家专项),,,620,8598
4302,中南大学,322,第322组(国家专项),,,590,20503
4302,中南大学,323,第323组(国家专项),,,605,13804
4302,中南大学,802,第802组(少数民族预科班),,,612,11151
4303,湖南师范大学,143,第143组,,,575,28527
4303,湖南师范大学,145,第145组,,,606,13439
4303,湖南师范大学,146,第146组,,,585,23042
4303,湖南师范大学,147,第147组,,,569,32093
4303,湖南师范大学,150,第150组,,,566,33968
4303,湖南师范大学,151,第151组,,,583,24083
4303,湖南师范大学,152,第152组,,,584,23577
4303,湖南师范大学,360,第360组(国家专项),,,560,37841
4303,湖南师范大学,361,第361组(国家专项),,,582,24579
4303,湖南师范大学,362,第362组(国家专项),,,555,41377
4303,湖南师范大学,363,第363组(国家专项),,,548,46365
4303,湖南师范大学,364,第364组(国家专项),,,574,29052
4303,湖南师范大学,365,第365组(国家专项),,,581,25122
4303,湖南师范大学,469,第469组(地方专项),,,573,29648
4303,湖南师范大学,470,第470组(地方专项),,,592,19542
4303,湖南师范大学,471,第471组(地方专项),,,563,35850
4303,湖南师范大学,472,第472组(地方专项),,,562,36495
4303,湖南师范大学,473,第473组(地方专项),,,594,18532
4303,湖南师范大学,474,第474组(地方专项),,,577,27385
4303,湖南师范大学,656,第656组(定向西藏就业),,,564,35220
4304,湘潭大学,105,第105组,,,551,44253
4304,湘潭大学,106,第106组,,,559,38509
4304,湘潭大学,107,第107组,,,586,22537
4304,湘潭大学,108,第108组,,,556,40654
4304,湘潭大学,109,第109组,,,555,41377
4304,湘潭大学,210,第210组(中外合作办学或国际项目),,,562,36495
4304,湘潭大学,312,第312组(国家专项),,,557,39957
4304,湘潭大学,313,第313组(国家专项),,,559,38509
4304,湘潭大学,416,第416组(地方专项),,,565,34573
4304,湘潭大学,417,第417组(地方专项),,,558,39203
4305,湖南农业大学,109,第109组,,,513,76981
4305,湖南农业大学,111,第111组,,,508,82093
4305,湖南农业大学,112,第112组,,,547,47099
4305,湖南农业大学,120,第120组,,,520,70142
4305,湖南农业大学,121,第121组,,,527,63627
4305,湖南农业大学,210,第210组(中外合作办学或国际项目),,,504,86449
4305,湖南农业大学,213,第213组(中外合作办学或国际项目),,,473,123239
4305,湖南农业大学,324,第324组(国家专项),,,503,87520
4305,湖南农业大学,325,第325组(国家专项),,,485,108253
4305,湖南农业大学,428,第428组(地方专项),,,511,78999
4305,湖南农业大学,429,第429组(地方专项),,,497,94171
4306,湖南科技大学,123,第123组,,,527,63627
4306,湖南科技大学,124,第124组,,,543,50163
4306,湖南科技大学,125,第125组,,,542,50973
4306,湖南科技大学,127,第127组,,,530,61016
4306,湖南科技大学,128,第128组,,,539,53361
4306,湖南科技大学,333,第333组(国家专项),,,512,77998
4306,湖南科技大学,334,第334组(国家专项),,,525,65455
4306,湖南科技大学,335,第335组(国家专项),,,518,72077
4306,湖南科技大学,336,第336组(国家专项),,,529,61880
4306,湖南科技大学,440,第440组(地方专项),,,510,80008
4306,湖南科技大学,441,第441组(地方专项),,,524,66377
4306,湖南科技大学,442,第442组(地方专项),,,535,56712
4306,湖南科技大学,443,第443组(地方专项),,,538,54204
4307,湖南中医药大学,103,第103组,,,530,61016
4307,湖南中医药大学,104,第104组,,,492,99960
4307,湖南中医药大学,105,第105组,,,609,12245
4307,湖南中医药大学,106,第106组,,,526,64558
4307,湖南中医药大学,107,第107组,,,496,95338
4307,湖南中医药大学,108,第108组,,,516,74057
4307,湖南中医药大学,313,第313组(国家专项),,,530,61016
4307,湖南中医药大学,314,第314组(国家专项),,,523,67295
4307,湖南中医药大学,315,第315组(国家专项),,,538,54204
4307,湖南中医药大学,316,第316组(国家专项),,,496,95338
4307,湖南中医药大学,317,第317组(国家专项),,,517,73013
4307,湖南中医药大学,420,第420组(地方专项),,,536,55823
4307,湖南中医药大学,421,第421组(地方专项),,,527,63627
4307,湖南中医药大学,422,第422组(地方专项),,,537,55007
4307,湖南中医药大学,423,第423组(地方专项),,,503,87520
4307,湖南中医药大学,424,第424组(地方专项),,,520,70142
4308,长沙理工大学,103,第103组,,,542,50973
4308,长沙理工大学,104,第104组,,,600,15860
4308,长沙理工大学,105,第105组,,,561,37146
4308,长沙理工大学,106,第106组,,,544,49388
4308,长沙理工大学,207,第207组(中外合作办学或国际项目),,,582,24579
4308,长沙理工大学,208,第208组(中外合作办学或国际项目),,,549,45644
4308,长沙理工大学,209,第209组(中外合作办学或国际项目),,,493,98756
4308,长沙理工大学,311,第311组(国家专项),,,530,61016
4308,长沙理工大学,312,第312组(国家专项),,,548,46365
4308,长沙理工大学,414,第414组(地方专项),,,537,55007
4308,长沙理工大学,415,第415组(地方专项),,,546,47840
4309,南华大学,103,第103组,,,513,76981
4309,南华大学,104,第104组,,,569,32093
4309,南华大学,105,第105组,,,513,76981
4309,南华大学,106,第106组,,,519,71119
4309,南华大学,107,第107组,,,523,67295
4309,南华大学,309,第309组(国家专项),,,505,85352
4309,南华大学,310,第310组(国家专项),,,505,85352
4309,南华大学,311,第311组(国家专项),,,514,75982
4309,南华大学,312,第312组(国家专项),,,522,68225
4309,南华大学,414,第414组(地方专项),,,510,80008
4309,南华大学,415,第415组(地方专项),,,512,77998
4309,南华大学,416,第416组(地方专项),,,515,74992
4309,南华大学,417,第417组(地方专项),,,524,66377
4310,湖南工业大学,120,第120组,,,498,92992
4310,湖南工业大学,121,第121组,,,497,94171
4310,湖南工业大学,122,第122组,,,503,87520
4310,湖南工业大学,123,第123组,,,497,94171
4310,湖南工业大学,125,第125组,,,497,94171
4310,湖南工业大学,126,第126组,,,542,50973
4310,湖南工业大学,330,第330组(国家专项),,,504,86449
4310,湖南工业大学,331,第331组(国家专项),,,494,97592
4310,湖南工业大学,332,第332组(国家专项),,,501,89625
4310,湖南工业大学,333,第333组(国家专项),,,490,102293
4310,湖南工业大学,334,第334组(国家专项),,,540,52569
4310,湖南工业大学,335,第335组(国家专项),,,490,102293
4310,湖南工业大学,438,第438组(地方专项),,,497,94171
4310,湖南工业大学,439,第439组(地方专项),,,496,95338
4310,湖南工业大学,440,第440组(地方专项),,,493,98756
4310,湖南工业大学,441,第441组(地方专项),,,488,104648
4310,湖南工业大学,442,第442组(地方专项),,,543,50163
4310,湖南工业大学,443,第443组(地方专项),,,495,96459
4310,湖南工业大学,827,第827组(少数民族预科班)(面向全省),,,494,97592
4310,湖南工业大学,828,第828组(少数民族预科班)(面向炎陵县),,,488,104648
4310,湖南工业大学,829,第829组(少数民族预科班)(面向隆回县),,,470,127104
4310,湖南工业大学,830,第830组(少数民族预科班)(面向洞口县),,,481,113115
4310,湖南工业大学,831,第831组(少数民族预科班)(面向新宁县),,,465,133720
4310,湖南工业大学,832,第832组(少数民族预科班)(面向绥宁县),,,480,114419
4310,湖南工业大学,833,第833组(少数民族预科班)(面向城步县),,,478,116904
4310,湖南工业大学,834,第834组(少数民族预科班)(面向鼎城区),,,425,186782
4310,湖南工业大学,835,第835组(少数民族预科班)(面向汉寿县),,,476,119396
4310,湖南工业大学,836,第836组(少数民族预科班)(面向桃源县),,,449,154943
4310,湖南工业大学,837,第837组(少数民族预科班)(面向石门县),,,479,115667
4310,湖南工业大学,838,第838组(少数民族预科班)(面向永定区),,,485,108253
4310,湖南工业大学,839,第839组(少数民族预科班)(面向武陵源区),,,494,97592
4310,湖南工业大学,840,第840组(少数民族预科班)(面向慈利县),,,482,111948
4310,湖南工业大学,841,第841组(少数民族预科班)(面向桑植县),,,467,131077
4310,湖南工业大学,842,第842组(少数民族预科班)(面向北湖区),,,417,196969
4310,湖南工业大学,843,第843组(少数民族预科班)(面向资兴市),,,442,164312
4310,湖南工业大学,844,第844组(少数民族预科班)(面向宜章县),,,439,168325
4310,湖南工业大学,845,第845组(少数民族预科班)(面向汝城县),,,488,104648
4310,湖南工业大学,846,第846组(少数民族预科班)(面向道县),,,481,113115
4310,湖南工业大学,847,第847组(少数民族预科班)(面向宁远县),,,492,99960
4310,湖南工业大学,848,第848组(少数民族预科班)(面向江永县),,,465,133720
4310,湖南工业大学,849,第849组(少数民族预科班)(面向江华县),,,492,99960
4310,湖南工业大学,850,第850组(少数民族预科班)(面向蓝山县),,,467,131077
4310,湖南工业大学,851,第851组(少数民族预科班)(面向洪江市),,,456,145716
4310,湖南工业大学,852,第852组(少数民族预科班)(面向沅陵县),,,476,119396
4310,湖南工业大学,853,第853组(少数民族预科班)(面向辰溪县),,,456,145716
4310,湖南工业大学,854,第854组(少数民族预科班)(面向麻阳县),,,484,109438
4310,湖南工业大学,855,第855组(少数民族预科班)(面向新晃县),,,481,113115
4310,湖南工业大学,856,第856组(少数民族预科班)(面向芷江县),,,481,113115
4310,湖南工业大学,857,第857组(少数民族预科班)(面向会同县),,,488,104648
4310,湖南工业大学,858,第858组(少数民族预科班)(面向靖州县),,,495,96459
4310,湖南工业大学,859,第859组(少数民族预科班)(面向通道县),,,483,110693
4310,湖南工业大学,860,第860组(少数民族预科班)(面向湘西自治州),,,482,111948
4312,中南林业科技大学,109,第109组,,,505,85352
4312,中南林业科技大学,111,第111组,,,501,89625
4312,中南林业科技大学,112,第112组,,,498,92992
4312,中南林业科技大学,113,第113组,,,526,64558
4312,中南林业科技大学,208,第208组(中外合作办学或国际项目),,,492,99960
4312,中南林业科技大学,210,第210组(中外合作办学或国际项目),,,471,125833
4312,中南林业科技大学,317,第317组(国家专项),,,494,97592
4312,中南林业科技大学,318,第318组(国家专项),,,486,107082
4312,中南林业科技大学,319,第319组(国家专项),,,487,105871
4312,中南林业科技大学,320,第320组(国家专项),,,516,74057
4312,中南林业科技大学,423,第423组(地方专项),,,505,85352
4312,中南林业科技大学,424,第424组(地方专项),,,507,83152
4312,中南林业科技大学,425,第425组(地方专项),,,495,96459
4312,中南林业科技大学,426,第426组(地方专项),,,521,69188
4314,湖南工商大学,114,第114组,,,522,68225
4314,湖南工商大学,115,第115组,,,550,44942
4314,湖南工商大学,116,第116组,,,536,55823
4314,湖南工商大学,117,第117组,,,513,76981
4314,湖南工商大学,119,第119组,,,526,64558
4314,湖南工商大学,120,第120组,,,530,61016
4314,湖南工商大学,121,第121组,,,537,55007
4314,湖南工商大学,122,第122组,,,518,72077
4314,湖南工商大学,218,第218组(中外合作办学或国际项目),,,482,111948
4314,湖南工商大学,325,第325组(国家专项),,,491,101126
4314,湖南工商大学,326,第326组(国家专项),,,506,84198
4314,湖南工商大学,428,第428组(地方专项),,,492,99960
4314,湖南工商大学,429,第429组(地方专项),,,500,90705
4315,吉首大学,110,第110组,,,481,113115
4315,吉首大学,111,第111组,,,444,161624
4315,吉首大学,112,第112组,,,484,109438
4315,吉首大学,116,第116组,,,481,113115
4315,吉首大学,118,第118组,,,492,99960
4315,吉首大学,119,第119组,,,494,97592
4315,吉首大学,120,第120组,,,489,103409
4315,吉首大学,324,第324组(国家专项),,,512,77998
4315,吉首大学,427,第427组(地方专项),,,493,98756
4315,吉首大学,428,第428组(地方专项),,,484,109438
4315,吉首大学,429,第429组(地方专项),,,489,103409
4315,吉首大学,822,第822组(少数民族预科班)(面向全省),,,480,114419
4315,吉首大学,823,第823组(少数民族预科班)(面向洞口县),,,455,147026
4315,吉首大学,824,第824组(少数民族预科班)(面向新宁县),,,465,133720
4315,吉首大学,825,第825组(少数民族预科班)(面向绥宁县),,,468,129773
4315,吉首大学,826,第826组(少数民族预科班)(面向城步县),,,482,111948
4315,吉首大学,827,第827组(少数民族预科班)(面向石门县),,,466,132409
4315,吉首大学,828,第828组(少数民族预科班)(面向永定区),,,473,123239
4315,吉首大学,829,第829组(少数民族预科班)(面向武陵源区),,,488,104648
4315,吉首大学,830,第830组(少数民族预科班)(面向慈利县),,,476,119396
4315,吉首大学,831,第831组(少数民族预科班)(面向桑植县),,,470,127104
4315,吉首大学,832,第832组(少数民族预科班)(面向桃江县),,,427,184303
4315,吉首大学,833,第833组(少数民族预科班)(面向汝城县),,,478,116904
4315,吉首大学,834,第834组(少数民族预科班)(面向道县),,,449,154943
4315,吉首大学,835,第835组(少数民族预科班)(面向宁远县),,,461,139048
4315,吉首大学,836,第836组(少数民族预科班)(面向江永县),,,469,128457
4315,吉首大学,837,第837组(少数民族预科班)(面向江华县),,,479,115667
4315,吉首大学,838,第838组(少数民族预科班)(面向洪江市),,,479,115667
4315,吉首大学,839,第839组(少数民族预科班)(面向沅陵县),,,455,147026
4315,吉首大学,840,第840组(少数民族预科班)(面向辰溪县),,,467,131077
4315,吉首大学,841,第841组(少数民族预科班)(面向麻阳县),,,472,124520
4315,吉首大学,842,第842组(少数民族预科班)(面向新晃县),,,470,127104
4315,吉首大学,843,第843组(少数民族预科班)(面向芷江县),,,477,118119
4315,吉首大学,844,第844组(少数民族预科班)(面向会同县),,,467,131077
4315,吉首大学,845,第845组(少数民族预科班)(面向靖州县),,,475,120662
4315,吉首大学,846,第846组(少数民族预科班)(面向通道县),,,470,127104
4315,吉首大学,847,第847组(少数民族预科班)(面向湘西自治州),,,478,116904
4316,衡阳师范学院,122,第122组,,,464,135109
4316,衡阳师范学院,124,第124组,,,459,141751
4316,衡阳师范学院,127,第127组,,,468,129773
4316,衡阳师范学院,129,第129组,,,480,114419
4316,衡阳师范学院,130,第130组,,,483,110693
4316,衡阳师范学院,435,第435组(地方专项),,,479,115667
4316,衡阳师范学院,436,第436组(地方专项),,,475,120662
4316,衡阳师范学院,437,第437组(地方专项),,,457,144362
4316,衡阳师范学院,633,第633组(定向西藏就业),,,510,80008
4317,湖南理工学院,110,第110组,,,495,96459
4317,湖南理工学院,111,第111组,,,497,94171
4317,湖南理工学院,112,第112组,,,486,107082
4317,湖南理工学院,213,第213组(中外合作办学或国际项目),,,438,169715
4317,湖南理工学院,421,第421组(地方专项),,,508,82093
4317,湖南理工学院,422,第422组(地方专项),,,493,98756
4318,湖南文理学院,114,第114组,,,460,140382
4318,湖南文理学院,115,第115组,,,491,101126
4318,湖南文理学院,120,第120组,,,452,150984
4318,湖南文理学院,121,第121组,,,466,132409
4318,湖南文理学院,122,第122组,,,480,114419
4318,湖南文理学院,123,第123组,,,475,120662
4318,湖南文理学院,213,第213组(中外合作办学或国际项目),,,450,153634
4318,湖南文理学院,219,第219组(中外合作办学或国际项目),,,450,153634
4318,湖南文理学院,820,第820组(少数民族预科班)(面向全省),,,469,128457
4318,湖南文理学院,821,第821组(少数民族预科班)(面向洞口县),,,401,216011
4318,湖南文理学院,822,第822组(少数民族预科班)(面向绥宁县),,,439,168325
4318,湖南文理学院,823,第823组(少数民族预科班)(面向汉寿县),,,441,165648
4318,湖南文理学院,824,第824组(少数民族预科班)(面向桃源县),,,409,206673
4318,湖南文理学院,825,第825组(少数民族预科班)(面向石门县),,,452,150984
4318,湖南文理学院,826,第826组(少数民族预科班)(面向永定区),,,465,133720
4318,湖南文理学院,827,第827组(少数民族预科班)(面向武陵源区),,,469,128457
4318,湖南文理学院,828,第828组(少数民族预科班)(面向慈利县),,,443,162957
4318,湖南文理学院,829,第829组(少数民族预科班)(面向桑植县),,,467,131077
4318,湖南文理学院,830,第830组(少数民族预科班)(面向桃江县),,,422,190592
4318,湖南文理学院,831,第831组(少数民族预科班)(面向桂阳县),,,401,216011
4318,湖南文理学院,832,第832组(少数民族预科班)(面向临武县),,,,
4318,湖南文理学院,833,第833组(少数民族预科班)(面向道县),,,435,173735
4318,湖南文理学院,834,第834组(少数民族预科班)(面向江华县),,,472,124520
4318,湖南文理学院,835,第835组(少数民族预科班)(面向蓝山县),,,438,169715
4318,湖南文理学院,836,第836组(少数民族预科班)(面向新田县),,,446,158935
4318,湖南文理学院,837,第837组(少数民族预科班)(面向双牌县),,,466,132409
4318,湖南文理学院,838,第838组(少数民族预科班)(面向沅陵县),,,455,147026
4318,湖南文理学院,839,第839组(少数民族预科班)(面向麻阳县),,,458,143070
4318,湖南文理学院,840,第840组(少数民族预科班)(面向新晃县),,,467,131077
4318,湖南文理学院,841,第841组(少数民族预科班)(面向芷江县),,,461,139048
4318,湖南文理学院,842,第842组(少数民族预科班)(面向会同县),,,446,158935
4318,湖南文理学院,843,第843组(少数民族预科班)(面向靖州县),,,460,140382
4318,湖南文理学院,844,第844组(少数民族预科班)(面向通道县),,,457,144362
4318,湖南文理学院,845,第845组(少数民族预科班)(面向湘西自治州),,,472,124520
4319,湖南工程学院,105,第105组,,,471,125833
4319,湖南工程学院,106,第106组,,,474,121969
4319,湖南工程学院,108,第108组,,,493,98756
4319,湖南工程学院,109,第109组,,,480,114419
4319,湖南工程学院,110,第110组,,,483,110693
4319,湖南工程学院,211,第211组(中外合作办学或国际项目),,,465,133720
4320,湖南城市学院,110,第110组,,,458,143070
4320,湖南城市学院,112,第112组,,,454,148351
4320,湖南城市学院,118,第118组,,,474,121969
4321,邵阳学院,110,第110组,,,461,139048
4321,邵阳学院,111,第111组,,,450,153634
4321,邵阳学院,113,第113组,,,501,89625
4321,邵阳学院,116,第116组,,,460,140382
4321,邵阳学院,117,第117组,,,475,120662
4321,邵阳学院,212,第212组(中外合作办学或国际项目),,,441,165648
4321,邵阳学院,821,第821组(少数民族预科班)(面向全省),,,448,156272
4321,邵阳学院,822,第822组(少数民族预科班)(面向隆回县),,,436,172420
4321,邵阳学院,823,第823组(少数民族预科班)(面向洞口县),,,411,204282
4321,邵阳学院,824,第824组(少数民族预科班)(面向新宁县),,,454,148351
4321,邵阳学院,825,第825组(少数民族预科班)(面向绥宁县),,,436,172420
4321,邵阳学院,826,第826组(少数民族预科班)(面向城步县),,,449,154943
4321,邵阳学院,827,第827组(少数民族预科班)(面向永定区),,,442,164312
4321,邵阳学院,828,第828组(少数民族预科班)(面向武陵源区),,,444,161624
4321,邵阳学院,829,第829组(少数民族预科班)(面向慈利县),,,406,210303
4321,邵阳学院,830,第830组(少数民族预科班)(面向桑植县),,,439,168325
4321,邵阳学院,831,第831组(少数民族预科班)(面向江永县),,,431,179082
4321,邵阳学院,832,第832组(少数民族预科班)(面向江华县),,,446,158935
4321,邵阳学院,833,第833组(少数民族预科班)(面向沅陵县),,,432,177734
4321,邵阳学院,834,第834组(少数民族预科班)(面向辰溪县),,,434,175127
4321,邵阳学院,835,第835组(少数民族预科班)(面向麻阳县),,,437,171075
4321,邵阳学院,836,第836组(少数民族预科班)(面向新晃县),,,445,160297
4321,邵阳学院,837,第837组(少数民族预科班)(面向芷江县),,,443,162957
4321,邵阳学院,838,第838组(少数民族预科班)(面向会同县),,,434,175127
4321,邵阳学院,839,第839组(少数民族预科班)(面向靖州县),,,441,165648
4321,邵阳学院,840,第840组(少数民族预科班)(面向通道县),,,437,171075
4321,邵阳学院,841,第841组(少数民族预科班)(面向湘西自治州),,,445,160297
4322,湖南科技学院,109,第109组,,,461,139048
4322,湖南科技学院,110,第110组,,,465,133720
4322,湖南科技学院,111,第111组,,,449,154943
4322,湖南科技学院,115,第115组,,,449,154943
4322,湖南科技学院,117,第117组,,,450,153634
4322,湖南科技学院,819,第819组(少数民族预科班)(面向全省),,,446,158935
4322,湖南科技学院,820,第820组(少数民族预科班)(面向绥宁县),,,444,161624
4322,湖南科技学院,821,第821组(少数民族预科班)(面向城步县),,,454,148351
4322,湖南科技学院,822,第822组(少数民族预科班)(面向石门县),,,441,165648
4322,湖南科技学院,823,第823组(少数民族预科班)(面向永定区),,,439,168325
4322,湖南科技学院,824,第824组(少数民族预科班)(面向武陵源区),,,443,162957
4322,湖南科技学院,825,第825组(少数民族预科班)(面向慈利县),,,399,218266
4322,湖南科技学院,826,第826组(少数民族预科班)(面向桑植县),,,441,165648
4322,湖南科技学院,827,第827组(少数民族预科班)(面向汝城县),,,438,169715
4322,湖南科技学院,828,第828组(少数民族预科班)(面向道县),,,401,216011
4322,湖南科技学院,829,第829组(少数民族预科班)(面向宁远县),,,433,176429
4322,湖南科技学院,830,第830组(少数民族预科班)(面向江永县),,,438,169715
4322,湖南科技学院,831,第831组(少数民族预科班)(面向江华县),,,446,158935
4322,湖南科技学院,832,第832组(少数民族预科班)(面向蓝山县),,,418,195646
4322,湖南科技学院,833,第833组(少数民族预科班)(面向新田县),,,416,198170
4322,湖南科技学院,834,第834组(少数民族预科班)(面向双牌县),,,453,149704
4322,湖南科技学院,835,第835组(少数民族预科班)(面向祁阳市),,,412,203076
4322,湖南科技学院,836,第836组(少数民族预科班)(面向洪江市),,,409,206673
4322,湖南科技学院,837,第837组(少数民族预科班)(面向沅陵县),,,425,186782
4322,湖南科技学院,838,第838组(少数民族预科班)(面向麻阳县),,,445,160297
4322,湖南科技学院,839,第839组(少数民族预科班)(面向新晃县),,,441,165648
4322,湖南科技学院,840,第840组(少数民族预科班)(面向芷江县),,,440,166998
4322,湖南科技学院,841,第841组(少数民族预科班)(面向会同县),,,440,166998
4322,湖南科技学院,842,第842组(少数民族预科班)(面向靖州县),,,438,169715
4322,湖南科技学院,843,第843组(少数民族预科班)(面向通道县),,,441,165648
4322,湖南科技学院,844,第844组(少数民族预科班)(面向湘西自治州),,,447,157600
4323,怀化学院,111,第111组,,,483,110693
4323,怀化学院,112,第112组,,,459,141751
4323,怀化学院,113,第113组,,,496,95338
4323,怀化学院,114,第114组,,,460,140382
4323,怀化学院,115,第115组,,,458,143070
4323,怀化学院,116,第116组,,,448,156272
4323,怀化学院,117,第117组,,,458,143070
4323,怀化学院,118,第118组,,,470,127104
4323,怀化学院,829,第829组(少数民族预科班)(面向全省),,,447,157600
4323,怀化学院,830,第830组(少数民族预科班)(面向炎陵县),,,407,209093
4323,怀化学院,831,第831组(少数民族预科班)(面向隆回县),,,435,173735
4323,怀化学院,832,第832组(少数民族预科班)(面向洞口县),,,411,204282
4323,怀化学院,833,第833组(少数民族预科班)(面向新宁县),,,439,168325
4323,怀化学院,834,第834组(少数民族预科班)(面向绥宁县),,,443,162957
4323,怀化学院,835,第835组(少数民族预科班)(面向城步县),,,446,158935
4323,怀化学院,836,第836组(少数民族预科班)(面向桃源县),,,,
4323,怀化学院,837,第837组(少数民族预科班)(面向石门县),,,435,173735
4323,怀化学院,838,第838组(少数民族预科班)(面向永定区),,,437,171075
4323,怀化学院,839,第839组(少数民族预科班)(面向武陵源区),,,442,164312
4323,怀化学院,840,第840组(少数民族预科班)(面向慈利县),,,424,188046
4323,怀化学院,841,第841组(少数民族预科班)(面向桑植县),,,444,161624
4323,怀化学院,842,第842组(少数民族预科班)(面向桃江县),,,408,207860
4323,怀化学院,843,第843组(少数民族预科班)(面向汝城县),,,444,161624
4323,怀化学院,844,第844组(少数民族预科班)(面向道县),,,429,181701
4323,怀化学院,845,第845组(少数民族预科班)(面向宁远县),,,426,185558
4323,怀化学院,846,第846组(少数民族预科班)(面向江永县),,,426,185558
4323,怀化学院,847,第847组(少数民族预科班)(面向江华县),,,446,158935
4323,怀化学院,848,第848组(少数民族预科班)(面向蓝山县),,,420,193111
4323,怀化学院,849,第849组(少数民族预科班)(面向新田县),,,412,203076
4323,怀化学院,850,第850组(少数民族预科班)(面向双牌县),,,431,179082
4323,怀化学院,851,第851组(少数民族预科班)(面向祁阳市),,,,
4323,怀化学院,852,第852组(少数民族预科班)(面向中方县),,,418,195646
4323,怀化学院,853,第853组(少数民族预科班)(面向洪江市),,,416,198170
4323,怀化学院,854,第854组(少数民族预科班)(面向沅陵县),,,422,190592
4323,怀化学院,855,第855组(少数民族预科班)(面向辰溪县),,,435,173735
4323,怀化学院,856,第856组(少数民族预科班)(面向麻阳县),,,438,169715
4323,怀化学院,857,第857组(少数民族预科班)(面向新晃县),,,449,154943
4323,怀化学院,858,第858组(少数民族预科班)(面向芷江县),,,442,164312
4323,怀化学院,859,第859组(少数民族预科班)(面向会同县),,,428,182995
4323,怀化学院,860,第860组(少数民族预科班)(面向靖州县),,,437,171075
4323,怀化学院,861,第861组(少数民族预科班)(面向通道县),,,439,168325
4323,怀化学院,862,第862组(少数民族预科班)(面向湘西自治州),,,445,160297
4326,湘南学院,108,第108组,,,466,132409
4326,湘南学院,109,第109组,,,458,143070
4326,湘南学院,110,第110组,,,521,69188
4326,湘南学院,111,第111组,,,502,88548
4326,湘南学院,112,第112组,,,458,143070
4326,湘南学院,113,第113组,,,459,141751
4326,湘南学院,117,第117组,,,466,132409
4326,湘南学院,811,第811组(少数民族预科班)(面向全省),,,456,145716
4326,湘南学院,812,第812组(少数民族预科班)(面向常宁县),,,,
4326,湘南学院,813,第813组(少数民族预科班)(面向鼎城区),,,404,212589
4326,湘南学院,814,第814组(少数民族预科班)(面向桃源县),,,,
4326,湘南学院,815,第815组(少数民族预科班)(面向石门县),,,440,166998
4326,湘南学院,816,第816组(少数民族预科班)(面向永定区),,,440,166998
4326,湘南学院,817,第817组(少数民族预科班)(面向武陵源区),,,441,165648
4326,湘南学院,818,第818组(少数民族预科班)(面向慈利县),,,401,216011
4326,湘南学院,819,第819组(少数民族预科班)(面向桑植县),,,447,157600
4326,湘南学院,820,第820组(少数民族预科班)(面向桃江县),,,435,173735
4326,湘南学院,821,第821组(少数民族预科班)(面向北湖区),,,397,220505
4326,湘南学院,822,第822组(少数民族预科班)(面向桂阳县),,,390,227983
4326,湘南学院,823,第823组(少数民族预科班)(面向临武县),,,,
4326,湘南学院,824,第824组(少数民族预科班)(面向汝城县),,,438,169715
4326,湘南学院,825,第825组(少数民族预科班)(面向道县),,,440,166998
4326,湘南学院,826,第826组(少数民族预科班)(面向江永县),,,435,173735
4326,湘南学院,827,第827组(少数民族预科班)(面向江华县),,,455,147026
4326,湘南学院,828,第828组(少数民族预科班)(面向蓝山县),,,457,144362
4326,湘南学院,829,第829组(少数民族预科班)(面向沅陵县),,,452,150984
4326,湘南学院,830,第830组(少数民族预科班)(面向麻阳县),,,454,148351
4326,湘南学院,831,第831组(少数民族预科班)(面向新晃县),,,461,139048
4326,湘南学院,832,第832组(少数民族预科班)(面向芷江县),,,460,140382
4326,湘南学院,833,第833组(少数民族预科班)(面向会同县),,,443,162957
4326,湘南学院,834,第834组(少数民族预科班)(面向靖州县),,,458,143070
4326,湘南学院,835,第835组(少数民族预科班)(面向通道县),,,441,165648
4326,湘南学院,836,第836组(少数民族预科班)(面向湘西自治州),,,459,141751
4327,国防科技大学,111,第111组,,,645,2936
4333,湖南人文科技学院,113,第113组,,,458,143070
4333,湖南人文科技学院,115,第115组,,,447,157600
4333,湖南人文科技学院,116,第116组,,,466,132409
4333,湖南人文科技学院,212,第212组(中外合作办学或国际项目),,,447,157600
4337,长沙学院,112,第112组,,,486,107082
4337,长沙学院,113,第113组,,,482,111948
4337,长沙学院,114,第114组,,,483,110693
4337,长沙学院,115,第115组,,,504,86449
4337,长沙学院,116,第116组,,,508,82093
4337,长沙学院,117,第117组,,,507,83152
4337,长沙学院,118,第118组,,,483,110693
4337,长沙学院,119,第119组,,,481,113115
4337,长沙学院,120,第120组,,,482,111948
4337,长沙学院,121,第121组,,,489,103409
4337,长沙学院,122,第122组,,,485,108253
4338,湖南医药学院,104,第104组,,,456,145716
4338,湖南医药学院,105,第105组,,,480,114419
4338,湖南医药学院,106,第106组,,,471,125833
4338,湖南医药学院,107,第107组,,,448,156272
4338,湖南医药学院,108,第108组,,,444,161624
4339,湖南涉外经济学院,113,第113组,,,424,188046
4339,湖南涉外经济学院,114,第114组,,,,
4339,湖南涉外经济学院,115,第115组,,,,
4339,湖南涉外经济学院,116,第116组,,,,
4339,湖南涉外经济学院,117,第117组,,,,
4342,湖南女子学院,110,第110组,,,463,136388
4342,湖南女子学院,111,第111组,,,464,135109
4343,湖南警察学院,105,第105组,,,510,80008
4343,湖南警察学院,106,第106组,,,499,91840
4344,湖南财政经济学院,110,第110组,,,529,61880
4344,湖南财政经济学院,111,第111组,,,473,123239
4344,湖南财政经济学院,112,第112组,,,484,109438
4344,湖南财政经济学院,113,第113组,,,478,116904
4344,湖南财政经济学院,114,第114组,,,483,110693
4344,湖南财政经济学院,115,第115组,,,474,121969
4344,湖南财政经济学院,116,第116组,,,486,107082
4344,湖南财政经济学院,217,第217组(中外合作办学或国际项目),,,483,110693
4345,长沙师范学院,120,第120组,,,467,131077
4345,长沙师范学院,121,第121组,,,467,131077
4345,长沙师范学院,122,第122组,,,479,115667
4345,长沙师范学院,624,第624组(定向西藏就业),,,501,89625
4348,湖南第一师范学院,143,第143组,,,475,120662
4348,湖南第一师范学院,145,第145组,,,488,104648
4348,湖南第一师范学院,146,第146组,,,504,86449
4348,湖南第一师范学院,244,第244组(中外合作办学或国际项目),,,457,144362
4348,湖南第一师范学院,351,第351组(国家专项),,,485,108253
4348,湖南第一师范学院,352,第352组(国家专项),,,490,102293
4348,湖南第一师范学院,353,第353组(国家专项),,,515,74992
4348,湖南第一师范学院,456,第456组(地方专项),,,488,104648
4348,湖南第一师范学院,457,第457组(地方专项),,,492,99960
4348,湖南第一师范学院,458,第458组(地方专项),,,514,75982
4348,湖南第一师范学院,648,第648组(定向西藏就业),,,514,75982
4351,湖南工学院,103,第103组,,,467,131077
4351,湖南工学院,105,第105组,,,464,135109
4351,湖南工学院,106,第106组,,,472,124520
4360,长沙医学院,104,第104组,,,,
4360,长沙医学院,105,第105组,,,,
4362,湖南交通工程学院,107,第107组,,,414,200674
4362,湖南交通工程学院,108,第108组,,,,
4363,长沙科技学院,102,第102组,,,416,198170
4363,长沙科技学院,103,第103组,,,,
4401,中山大学,107,第107组,,,641,3617
4401,中山大学,108,第108组,,,643,3272
4401,中山大学,109,第109组,,,641,3617
4401,中山大学,311,第311组(国家专项),,,624,7431
4401,中山大学,714,第714组(民族班),,,633,5154
4402,华南理工大学,114,第114组,,,638,4156
4402,华南理工大学,115,第115组,,,647,2614
4402,华南理工大学,116,第116组,,,636,4516
4402,华南理工大学,117,第117组,,,632,5402
4402,华南理工大学,118,第118组,,,633,5154
4402,华南理工大学,319,第319组(国家专项),,,627,6601
4402,华南理工大学,320,第320组(国家专项),,,617,9530
4403,暨南大学,110,第110组,,,605,13804
4403,暨南大学,112,第112组,,,608,12636
4403,暨南大学,114,第114组,,,617,9530
4403,暨南大学,115,第115组,,,622,8008
4403,暨南大学,211,第211组(中外合作办学或国际项目),,,584,23577
4403,暨南大学,213,第213组(中外合作办学或国际项目),,,583,24083
4403,暨南大学,317,第317组(国家专项),,,595,18050
4403,暨南大学,318,第318组(国家专项),,,600,15860
4404,华南师范大学,108,第108组,,,601,15422
4404,华南师范大学,109,第109组,,,602,15016
4405,广州南方学院,103,第103组,,,432,177734
4405,广州南方学院,104,第104组,,,437,171075
4406,广东外语外贸大学南国商学院,104,第104组,,,464,135109
4406,广东外语外贸大学南国商学院,105,第105组,,,447,157600
4407,广东外语外贸大学,106,第106组,,,565,34573
4407,广东外语外贸大学,308,第308组(国家专项),,,536,55823
4408,华南农业大学,102,第102组,,,563,35850
4408,华南农业大学,103,第103组,,,563,35850
4408,华南农业大学,105,第105组,,,570,31452
4408,华南农业大学,204,第204组(中外合作办学或国际项目),,,447,157600
4408,华南农业大学,306,第306组(国家专项),,,554,42079
4410,深圳大学,106,第106组,,,617,9530
4410,深圳大学,108,第108组,,,622,8008
4410,深圳大学,109,第109组,,,611,11512
4410,深圳大学,207,第207组(中外合作办学或国际项目),,,585,23042
4411,汕头大学,102,第102组,,,570,31452
4411,汕头大学,103,第103组,,,561,37146
4411,汕头大学,104,第104组,,,568,32731
4412,广州中医药大学,104,第104组,,,579,26282
4412,广州中医药大学,105,第105组,,,562,36495
4412,广州中医药大学,106,第106组,,,556,40654
4414,东莞理工学院,105,第105组,,,541,51729
4414,东莞理工学院,106,第106组,,,553,42812
4414,东莞理工学院,207,第207组(中外合作办学或国际项目),,,513,76981
4415,广东海洋大学,109,第109组,,,521,69188
4415,广东海洋大学,110,第110组,,,516,74057
4415,广东海洋大学,111,第111组,,,552,43519
4415,广东海洋大学,112,第112组,,,529,61880
4415,广东海洋大学,113,第113组,,,506,84198
4415,广东海洋大学,114,第114组,,,521,69188
4415,广东海洋大学,116,第116组,,,515,74992
4415,广东海洋大学,117,第117组,,,513,76981
4415,广东海洋大学,215,第215组(中外合作办学或国际项目),,,495,96459
4417,广东财经大学,103,第103组,,,570,31452
4417,广东财经大学,104,第104组,,,575,28527
4419,佛山大学,102,第102组,,,520,70142
4419,佛山大学,103,第103组,,,500,90705
4419,佛山大学,104,第104组,,,501,89625
4420,岭南师范学院,108,第108组,,,488,104648
4420,岭南师范学院,109,第109组,,,504,86449
4420,岭南师范学院,110,第110组,,,482,111948
4420,岭南师范学院,111,第111组,,,464,135109
4420,岭南师范学院,112,第112组,,,496,95338
4420,岭南师范学院,114,第114组,,,462,137709
4420,岭南师范学院,115,第115组,,,507,83152
4420,岭南师范学院,213,第213组(中外合作办学或国际项目),,,429,181701
4422,嘉应学院,106,第106组,,,473,123239
4422,嘉应学院,107,第107组,,,475,120662
4423,广东石油化工学院,105,第105组,,,517,73013
4423,广东石油化工学院,106,第106组,,,522,68225
4424,广东技术师范大学,105,第105组,,,545,48625
4425,五邑大学,102,第102组,,,498,92992
4425,五邑大学,103,第103组,,,536,55823
4425,五邑大学,104,第104组,,,521,69188
4426,广东工业大学,106,第106组,,,584,23577
4426,广东工业大学,109,第109组,,,593,19030
4426,广东工业大学,110,第110组,,,596,17619
4426,广东工业大学,111,第111组,,,577,27385
4426,广东工业大学,208,第208组(中外合作办学或国际项目),,,539,53361
4427,广州大学,108,第108组,,,571,30892
4427,广州大学,109,第109组,,,582,24579
4428,广州医科大学,101,第101组,,,571,30892
4428,广州医科大学,102,第102组,,,601,15422
4428,广州医科大学,103,第103组,,,562,36495
4428,广州医科大学,304,第304组(国家专项),,,543,50163
4429,韶关学院,104,第104组,,,463,136388
4429,韶关学院,105,第105组,,,469,128457
4430,惠州学院,104,第104组,,,528,62757
4430,惠州学院,105,第105组,,,503,87520
4430,惠州学院,106,第106组,,,532,59218
4431,肇庆学院,102,第102组,,,509,81069
4433,广东医科大学,101,第101组,,,571,30892
4433,广东医科大学,102,第102组,,,502,88548
4434,广东警官学院,102,第102组,,,551,44253
4435,南方医科大学,102,第102组,,,560,37841
4436,珠海科技学院,104,第104组,,,540,52569
4436,珠海科技学院,105,第105组,,,490,102293
4441,广州航海学院,101,第101组,,,514,75982
4442,广东金融学院,102,第102组,,,552,43519
4443,广州新华学院,102,第102组,,,445,160297
4443,广州新华学院,103,第103组,,,440,166998
4444,广东轻工职业技术大学,103,第103组,,,483,110693
4446,广东白云学院,103,第103组,,,443,162957
4446,广东白云学院,104,第104组,,,430,180359
4449,东莞城市学院,108,第108组,,,435,173735
4449,东莞城市学院,109,第109组,,,424,188046
4449,东莞城市学院,110,第110组,,,435,173735
4450,广州应用科技学院,104,第104组,,,436,172420
4450,广州应用科技学院,105,第105组,,,435,173735
4451,广州商学院,103,第103组,,,454,148351
4451,广州商学院,205,第205组(中外合作办学或国际项目),,,415,199408
4453,深圳技术大学,102,第102组,,,598,16754
4453,深圳技术大学,103,第103组,,,603,14618
4454,广州理工学院,105,第105组,,,457,144362
4455,广东药科大学,101,第101组,,,540,52569
4455,广东药科大学,102,第102组,,,535,56712
4455,广东药科大学,103,第103组,,,540,52569
4456,广州华立学院,105,第105组,,,429,181701
4456,广州华立学院,106,第106组,,,430,180359
4456,广州华立学院,107,第107组,,,425,186782
4456,广州华立学院,108,第108组,,,419,194396
4456,广州华立学院,109,第109组,,,,
4457,广东培正学院,102,第102组,,,427,184303
4459,广州城市理工学院,102,第102组,,,447,157600
4459,广州城市理工学院,103,第103组,,,438,169715
4460,广州软件学院,102,第102组,,,443,162957
4460,广州软件学院,103,第103组,,,439,168325
4478,广东东软学院,101,第101组,,,425,186782
4481,韩山师范学院,103,第103组,,,488,104648
4481,韩山师范学院,104,第104组,,,482,111948
4488,肇庆医学院,101,第101组,,,479,115667
4489,华南农业大学珠江学院,103,第103组,,,421,191837
4489,华南农业大学珠江学院,104,第104组,,,,
4492,广州工商学院,103,第103组,,,453,149704
4492,广州工商学院,104,第104组,,,438,169715
4492,广州工商学院,205,第205组(中外合作办学或国际项目),,,,
4494,广东科技学院,106,第106组,,,450,153634
4494,广东科技学院,107,第107组,,,437,171075
4494,广东科技学院,108,第108组,,,439,168325
4494,广东科技学院,109,第109组,,,477,118119
4495,广东工商职业技术大学,105,第105组,,,420,193111
4499,深圳职业技术大学,101,第101组,,,574,29052
4501,广西大学,107,第107组,,,567,33317
4501,广西大学,108,第108组,,,568,32731
4501,广西大学,109,第109组,,,575,28527
4503,桂林理工大学,103,第103组,,,501,89625
4503,桂林理工大学,106,第106组,,,498,92992
4503,桂林理工大学,204,第204组(中外合作办学或国际项目),,,487,105871
4503,桂林理工大学,205,第205组(中外合作办学或国际项目),,,474,121969
4504,桂林电子科技大学,104,第104组,,,549,45644
4504,桂林电子科技大学,105,第105组,,,577,27385
4504,桂林电子科技大学,206,第206组(中外合作办学或国际项目),,,511,78999
4504,桂林电子科技大学,901,第901组(边防军人子女预科班),,,543,50163
4506,广西艺术学院,116,第116组,,,454,148351
4507,广西科技大学,102,第102组,,,496,95338
4507,广西科技大学,104,第104组,,,515,74992
4507,广西科技大学,105,第105组,,,462,137709
4507,广西科技大学,106,第106组,,,491,101126
4507,广西科技大学,107,第107组,,,552,43519
4507,广西科技大学,108,第108组,,,469,128457
4507,广西科技大学,203,第203组(中外合作办学或国际项目),,,452,150984
4508,广西民族大学,113,第113组,,,483,110693
4508,广西民族大学,115,第115组,,,484,109438
4508,广西民族大学,118,第118组,,,484,109438
4508,广西民族大学,214,第214组(中外合作办学或国际项目),,,455,147026
4508,广西民族大学,216,第216组(中外合作办学或国际项目),,,474,121969
4508,广西民族大学,217,第217组(中外合作办学或国际项目),,,,
4509,广西师范大学,108,第108组,,,495,96459
4509,广西师范大学,109,第109组,,,513,76981
4509,广西师范大学,110,第110组,,,553,42812
4510,桂林医科大学,103,第103组,,,473,123239
4510,桂林医科大学,105,第105组,,,558,39203
4510,桂林医科大学,106,第106组,,,569,32093
4510,桂林医科大学,107,第107组,,,553,42812
4510,桂林医科大学,108,第108组,,,555,41377
4510,桂林医科大学,109,第109组,,,463,136388
4510,桂林医科大学,110,第110组,,,475,120662
4510,桂林医科大学,204,第204组(中外合作办学或国际项目),,,458,143070
4510,桂林医科大学,211,第211组(中外合作办学或国际项目),,,439,168325
4510,桂林医科大学,212,第212组(中外合作办学或国际项目),,,,
4510,桂林医科大学,213,第213组(中外合作办学或国际项目),,,,
4510,桂林医科大学,214,第214组(中外合作办学或国际项目),,,,
4510,桂林医科大学,215,第215组(中外合作办学或国际项目),,,406,210303
4511,广西医科大学,103,第103组,,,619,8897
4511,广西医科大学,104,第104组,,,594,18532
4511,广西医科大学,105,第105组,,,593,19030
4511,广西医科大学,106,第106组,,,565,34573
4511,广西医科大学,107,第107组,,,529,61880
4511,广西医科大学,108,第108组,,,538,54204
4511,广西医科大学,209,第209组(中外合作办学或国际项目),,,,
4512,南宁师范大学,109,第109组,,,489,103409
4512,南宁师范大学,110,第110组,,,493,98756
4512,南宁师范大学,112,第112组,,,505,85352
4512,南宁师范大学,113,第113组,,,529,61880
4512,南宁师范大学,114,第114组,,,529,61880
4512,南宁师范大学,211,第211组(中外合作办学或国际项目),,,502,88548
4513,玉林师范学院,109,第109组,,,449,154943
4513,玉林师范学院,110,第110组,,,453,149704
4513,玉林师范学院,111,第111组,,,448,156272
4514,广西中医药大学,102,第102组,,,532,59218
4514,广西中医药大学,103,第103组,,,528,62757
4514,广西中医药大学,104,第104组,,,502,88548
4514,广西中医药大学,105,第105组,,,499,91840
4514,广西中医药大学,206,第206组(中外合作办学或国际项目),,,,
4515,右江民族医学院,102,第102组,,,454,148351
4515,右江民族医学院,103,第103组,,,480,114419
4515,右江民族医学院,104,第104组,,,499,91840
4515,右江民族医学院,105,第105组,,,559,38509
4515,右江民族医学院,106,第106组,,,502,88548
4515,右江民族医学院,107,第107组,,,452,150984
4515,右江民族医学院,108,第108组,,,481,113115
4515,右江民族医学院,109,第109组,,,490,102293
4515,右江民族医学院,110,第110组,,,483,110693
4520,广西警察学院,102,第102组,,,489,103409
4520,广西警察学院,103,第103组,,,491,101126
4530,桂林航天工业学院,104,第104组,,,480,114419
4530,桂林航天工业学院,105,第105组,,,489,103409
4530,桂林航天工业学院,206,第206组(中外合作办学或国际项目),,,446,158935
4531,桂林旅游学院,208,第208组(中外合作办学或国际项目),,,,
4531,桂林旅游学院,209,第209组(中外合作办学或国际项目),,,427,184303
4531,桂林旅游学院,210,第210组(中外合作办学或国际项目),,,,
4533,南宁学院,105,第105组,,,432,177734
4533,南宁学院,107,第107组,,,432,177734
4535,南宁职业技术大学,102,第102组,,,451,152300
4536,柳州职业技术大学,101,第101组,,,455,147026
4537,桂林师范学院,103,第103组,,,459,141751
4538,广西财经学院,104,第104组,,,483,110693
4538,广西财经学院,106,第106组,,,483,110693
4538,广西财经学院,205,第205组(中外合作办学或国际项目),,,457,144362
4538,广西财经学院,207,第207组(中外合作办学或国际项目),,,448,156272
4538,广西财经学院,208,第208组(中外合作办学或国际项目),,,431,179082
4539,贺州学院,105,第105组,,,459,141751
4539,贺州学院,106,第106组,,,455,147026
4540,北部湾大学,109,第109组,,,491,101126
4540,北部湾大学,110,第110组,,,480,114419
4540,北部湾大学,112,第112组,,,500,90705
4540,北部湾大学,113,第113组,,,478,116904
4540,北部湾大学,114,第114组,,,479,115667
4540,北部湾大学,115,第115组,,,485,108253
4540,北部湾大学,116,第116组,,,517,73013
4540,北部湾大学,211,第211组(中外合作办学或国际项目),,,445,160297
4541,梧州学院,105,第105组,,,464,135109
4541,梧州学院,106,第106组,,,454,148351
4541,梧州学院,107,第107组,,,463,136388
4542,广西科技师范学院,105,第105组,,,465,133720
4542,广西科技师范学院,106,第106组,,,458,143070
4542,广西科技师范学院,107,第107组,,,452,150984
4543,百色学院,106,第106组,,,466,132409
4543,百色学院,107,第107组,,,447,157600
4544,河池学院,107,第107组,,,464,135109
4544,河池学院,108,第108组,,,448,156272
4549,广西民族师范学院,107,第107组,,,447,157600
4552,桂林学院,103,第103组,,,431,179082
4552,桂林学院,104,第104组,,,433,176429
4553,桂林信息科技学院,103,第103组,,,424,188046
4553,桂林信息科技学院,104,第104组,,,420,193111
4554,南宁理工学院,106,第106组,,,425,186782
4554,南宁理工学院,107,第107组,,,424,188046
4554,南宁理工学院,108,第108组,,,445,160297
4555,柳州工学院,103,第103组,,,406,210303
4555,柳州工学院,104,第104组,,,422,190592
4556,广西民族大学相思湖学院,105,第105组,,,437,171075
4556,广西民族大学相思湖学院,106,第106组,,,435,173735
4556,广西民族大学相思湖学院,107,第107组,,,437,171075
4557,南宁师范大学师园学院,102,第102组,,,447,157600
4557,南宁师范大学师园学院,103,第103组,,,438,169715
4558,广西中医药大学赛恩斯新医药学院,101,第101组,,,462,137709
4558,广西中医药大学赛恩斯新医药学院,102,第102组,,,440,166998
4558,广西中医药大学赛恩斯新医药学院,103,第103组,,,459,141751
4559,广西农业职业技术大学,102,第102组,,,453,149704
4561,广西职业师范学院,101,第101组,,,455,147026
4561,广西职业师范学院,102,第102组,,,458,143070
4561,广西职业师范学院,103,第103组,,,444,161624
4580,广西外国语学院,106,第106组,,,420,193111
4580,广西外国语学院,107,第107组,,,416,198170
4601,海南大学,116,第116组,,,578,26844
4601,海南大学,117,第117组,,,573,29648
4601,海南大学,119,第119组,,,575,28527
4601,海南大学,120,第120组,,,598,16754
4601,海南大学,122,第122组,,,570,31452
4601,海南大学,218,第218组(中外合作办学或国际项目),,,462,137709
4601,海南大学,221,第221组(中外合作办学或国际项目),,,569,32093
4601,海南大学,223,第223组(中外合作办学或国际项目),,,537,55007
4602,海南医科大学,102,第102组,,,534,57535
4602,海南医科大学,103,第103组,,,535,56712
4602,海南医科大学,104,第104组,,,529,61880
4602,海南医科大学,105,第105组,,,511,78999
4602,海南医科大学,106,第106组,,,502,88548
4602,海南医科大学,107,第107组,,,487,105871
4602,海南医科大学,108,第108组,,,501,89625
4602,海南医科大学,209,第209组(中外合作办学或国际项目),,,,
4602,海南医科大学,210,第210组(中外合作办学或国际项目),,,,
4604,海南热带海洋学院,107,第107组,,,491,101126
4604,海南热带海洋学院,108,第108组,,,447,157600
4604,海南热带海洋学院,206,第206组(中外合作办学或国际项目),,,,
4605,海南师范大学,120,第120组,,,478,116904
4605,海南师范大学,123,第123组,,,490,102293
4605,海南师范大学,124,第124组,,,537,55007
4605,海南师范大学,125,第125组,,,479,115667
4605,海南师范大学,126,第126组,,,530,61016
4605,海南师范大学,127,第127组,,,527,63627
4630,三亚学院,108,第108组,,,,
4630,三亚学院,109,第109组,,,,
4630,三亚学院,111,第111组,,,,
4630,三亚学院,112,第112组,,,,
4630,三亚学院,210,第210组(中外合作办学或国际项目),,,,
4631,海口经济学院,111,第111组,,,,
4631,海口经济学院,112,第112组,,,,
4631,海口经济学院,113,第113组,,,,
4636,海南比勒费尔德应用科学大学,101,第101组,,,,
4636,海南比勒费尔德应用科学大学,102,第102组,,,,
4636,海南比勒费尔德应用科学大学,103,第103组,,,,
4636,海南比勒费尔德应用科学大学,104,第104组,,,408,207860
4650,海南科技职业大学,104,第104组,,,,
4650,海南科技职业大学,105,第105组,,,,
4671,琼台师范学院,115,第115组,,,460,140382
4671,琼台师范学院,117,第117组,,,454,148351
4671,琼台师范学院,118,第118组,,,462,137709
4671,琼台师范学院,119,第119组,,,446,158935
4671,琼台师范学院,216,第216组(中外合作办学或国际项目),,,416,198170
4711,湖南软件职业技术大学,103,第103组,,,,
4719,湖南汽车工程职业大学,102,第102组,,,448,156272
4720,长沙工业学院,103,第103组,,,475,120662
4720,长沙工业学院,104,第104组,,,470,127104
4720,长沙工业学院,105,第105组,,,475,120662
4720,长沙工业学院,106,第106组,,,474,121969
4720,长沙工业学院,107,第107组,,,464,135109
4720,长沙工业学院,108,第108组,,,463,136388
4722,湖南农业大学东方科技学院,103,第103组,,,455,147026
4722,湖南农业大学东方科技学院,104,第104组,,,447,157600
4723,湖南科技大学潇湘学院,103,第103组,,,459,141751
4723,湖南科技大学潇湘学院,104,第104组,,,445,160297
4724,湖南中医药大学湘杏学院,102,第102组,,,451,152300
4724,湖南中医药大学湘杏学院,103,第103组,,,436,172420
4726,南华大学船山学院,103,第103组,,,455,147026
4726,南华大学船山学院,104,第104组,,,445,160297
4726,南华大学船山学院,105,第105组,,,440,166998
4729,中南林业科技大学涉外学院,107,第107组,,,441,165648
4729,中南林业科技大学涉外学院,109,第109组,,,438,169715
4731,湘潭理工学院,103,第103组,,,428,182995
4731,湘潭理工学院,104,第104组,,,424,188046
4732,张家界学院,116,第116组,,,418,195646
4732,张家界学院,117,第117组,,,416,198170
4732,张家界学院,118,第118组,,,,
4732,张家界学院,119,第119组,,,,
4732,张家界学院,120,第120组,,,412,203076
4733,衡阳师范学院南岳学院,107,第107组,,,446,158935
4733,衡阳师范学院南岳学院,108,第108组,,,437,171075
4733,衡阳师范学院南岳学院,109,第109组,,,436,172420
4733,衡阳师范学院南岳学院,110,第110组,,,451,152300
4734,岳阳学院,105,第105组,,,426,185558
4734,岳阳学院,106,第106组,,,,
4735,常德学院,106,第106组,,,434,175127
4735,常德学院,107,第107组,,,406,210303
4735,常德学院,108,第108组,,,435,173735
4736,湖南工程学院应用技术学院,103,第103组,,,446,158935
4736,湖南工程学院应用技术学院,104,第104组,,,446,158935
4736,湖南工程学院应用技术学院,105,第105组,,,444,161624
4745,湖南应用技术学院,104,第104组,,,425,186782
4745,湖南应用技术学院,105,第105组,,,,
4757,湖南信息学院,107,第107组,,,,
4757,湖南信息学院,108,第108组,,,,
4802,深圳理工大学,101,第101组,,,627,6601
4803,深圳北理莫斯科大学,103,第103组,,,555,41377
4803,深圳北理莫斯科大学,104,第104组,,,562,36495
4808,广东以色列理工学院,101,第101组,,,529,61880
4809,哈尔滨工业大学(深圳),102,第102组,,,659,1269
4809,哈尔滨工业大学(深圳),303,第303组(国家专项),,,644,3097
4819,济宁学院,102,第102组,,,448,156272
4820,湖北恩施学院,103,第103组,,,446,158935
4821,武昌理工学院,104,第104组,,,440,166998
4822,三峡大学科技学院,106,第106组,,,444,161624
4824,湖北大学知行学院,104,第104组,,,450,153634
4824,湖北大学知行学院,105,第105组,,,436,172420
4824,湖北大学知行学院,106,第106组,,,447,157600
4825,长江大学文理学院,102,第102组,,,447,157600
4825,长江大学文理学院,103,第103组,,,435,173735
4825,长江大学文理学院,104,第104组,,,448,156272
4827,武汉东湖学院,102,第102组,,,438,169715
4827,武汉东湖学院,103,第103组,,,433,176429
4828,武汉文理学院,103,第103组,,,446,158935
4828,武汉文理学院,104,第104组,,,438,169715
4828,武汉文理学院,105,第105组,,,482,111948
4829,武汉工程大学邮电与信息工程学院,103,第103组,,,450,153634
4829,武汉工程大学邮电与信息工程学院,104,第104组,,,433,176429
4830,武汉工商学院,106,第106组,,,445,160297
4830,武汉工商学院,107,第107组,,,444,161624
4830,武汉工商学院,108,第108组,,,449,154943
4831,湖北商贸学院,103,第103组,,,438,169715
4832,湖北医药学院药护学院,101,第101组,,,459,141751
4833,湖北经济学院法商学院,102,第102组,,,453,149704
4834,武汉体育学院体育科技学院,105,第105组,,,446,158935
4835,武汉学院,102,第102组,,,444,161624
4835,武汉学院,103,第103组,,,439,168325
4838,武汉晴川学院,103,第103组,,,437,171075
4838,武汉晴川学院,104,第104组,,,437,171075
4839,湖北工程学院新技术学院,103,第103组,,,442,164312
4846,扬州大学广陵学院,102,第102组,,,436,172420
4849,南京财经大学红山学院,102,第102组,,,441,165648
4855,中国人民大学(苏州校区),105,第105组,,,661,1088
4855,中国人民大学(苏州校区),203,第203组(中外合作办学或国际项目),,,632,5402
4855,中国人民大学(苏州校区),204,第204组(中外合作办学或国际项目),,,645,2936
4870,广州科技职业技术大学,102,第102组,,,437,171075
4884,北师香港浸会大学,103,第103组,,,510,80008
4884,北师香港浸会大学,104,第104组,,,536,55823
4897,广东理工学院,103,第103组,,,429,181701
4899,湛江科技学院,105,第105组,,,424,188046
4899,湛江科技学院,106,第106组,,,420,193111
4958,江苏大学京江学院,101,第101组,,,442,164312
4970,南通理工学院,102,第102组,,,420,193111
5001,重庆大学,110,第110组,,,638,4156
5001,重庆大学,111,第111组,,,629,6094
5001,重庆大学,112,第112组,,,622,8008
5001,重庆大学,213,第213组(中外合作办学或国际项目),,,612,11151
5001,重庆大学,315,第315组(国家专项),,,590,20503
5001,重庆大学,316,第316组(国家专项),,,585,23042
5001,重庆大学,317,第317组(国家专项),,,597,17176
5001,重庆大学,318,第318组(国家专项),,,621,8307
5002,西南大学,125,第125组,,,599,16296
5002,西南大学,128,第128组,,,605,13804
5002,西南大学,129,第129组,,,594,18532
5002,西南大学,131,第131组,,,606,13439
5002,西南大学,132,第132组,,,588,21502
5002,西南大学,133,第133组,,,599,16296
5002,西南大学,227,第227组(中外合作办学或国际项目),,,585,23042
5002,西南大学,230,第230组(中外合作办学或国际项目),,,562,36495
5002,西南大学,334,第334组(国家专项),,,573,29648
5002,西南大学,335,第335组(国家专项),,,569,32093
5002,西南大学,336,第336组(国家专项),,,584,23577
5002,西南大学,337,第337组(国家专项),,,560,37841
5002,西南大学,801,第801组(少数民族预科班),,,594,18532
5003,西南政法大学,103,第103组,,,596,17619
5003,西南政法大学,204,第204组(中外合作办学或国际项目),,,599,16296
5004,西南大学(荣昌校区),102,第102组,,,578,26844
5004,西南大学(荣昌校区),103,第103组,,,569,32093
5004,西南大学(荣昌校区),204,第204组(中外合作办学或国际项目),,,543,50163
5008,重庆医科大学,101,第101组,,,597,17176
5008,重庆医科大学,102,第102组,,,552,43519
5008,重庆医科大学,103,第103组,,,543,50163
5008,重庆医科大学,104,第104组,,,557,39957
5008,重庆医科大学,205,第205组(中外合作办学或国际项目),,,586,22537
5009,重庆邮电大学,104,第104组,,,586,22537
5009,重庆邮电大学,105,第105组,,,594,18532
5009,重庆邮电大学,106,第106组,,,594,18532
5009,重庆邮电大学,107,第107组,,,599,16296
5009,重庆邮电大学,208,第208组(中外合作办学或国际项目),,,569,32093
5010,重庆交通大学,103,第103组,,,525,65455
5010,重庆交通大学,104,第104组,,,545,48625
5010,重庆交通大学,205,第205组(中外合作办学或国际项目),,,542,50973
5011,重庆理工大学,103,第103组,,,556,40654
5011,重庆理工大学,104,第104组,,,569,32093
5011,重庆理工大学,105,第105组,,,553,42812
5013,重庆工商大学,105,第105组,,,526,64558
5013,重庆工商大学,107,第107组,,,527,63627
5013,重庆工商大学,206,第206组(中外合作办学或国际项目),,,501,89625
5014,重庆三峡学院,104,第104组,,,485,108253
5014,重庆三峡学院,105,第105组,,,481,113115
5015,四川美术学院,105,第105组,,,497,94171
5015,四川美术学院,106,第106组,,,556,40654
5016,重庆师范大学,109,第109组,,,513,76981
5016,重庆师范大学,110,第110组,,,546,47840
5016,重庆师范大学,111,第111组,,,526,64558
5016,重庆师范大学,112,第112组,,,556,40654
5016,重庆师范大学,113,第113组,,,557,39957
5018,四川外国语大学,110,第110组,,,540,52569
5018,四川外国语大学,112,第112组,,,524,66377
5018,四川外国语大学,114,第114组,,,545,48625
5018,四川外国语大学,211,第211组(中外合作办学或国际项目),,,526,64558
5019,重庆文理学院,107,第107组,,,480,114419
5019,重庆文理学院,108,第108组,,,487,105871
5019,重庆文理学院,209,第209组(中外合作办学或国际项目),,,437,171075
5019,重庆文理学院,210,第210组(中外合作办学或国际项目),,,440,166998
5020,长江师范学院,109,第109组,,,487,105871
5020,长江师范学院,110,第110组,,,465,133720
5022,重庆科技大学,103,第103组,,,525,65455
5022,重庆科技大学,104,第104组,,,527,63627
5022,重庆科技大学,105,第105组,,,520,70142
5022,重庆科技大学,106,第106组,,,519,71119
5023,重庆第二师范学院,103,第103组,,,490,102293
5023,重庆第二师范学院,104,第104组,,,496,95338
5025,陆军军医大学,105,第105组,,,565,34573
5025,陆军军医大学,106,第106组,,,576,27958
5028,重庆城市科技学院,106,第106组,,,445,160297
5028,重庆城市科技学院,107,第107组,,,438,169715
5028,重庆城市科技学院,108,第108组,,,450,153634
5029,重庆对外经贸学院,102,第102组,,,443,162957
5029,重庆对外经贸学院,103,第103组,,,436,172420
5030,重庆移通学院,103,第103组,,,450,153634
5030,重庆移通学院,104,第104组,,,437,171075
5030,重庆移通学院,205,第205组(中外合作办学或国际项目),,,419,194396
5030,重庆移通学院,206,第206组(中外合作办学或国际项目),,,408,207860
5032,重庆工商大学派斯学院,102,第102组,,,444,161624
5032,重庆工商大学派斯学院,103,第103组,,,440,166998
5034,重庆财经学院,102,第102组,,,451,152300
5034,重庆财经学院,104,第104组,,,445,160297
5034,重庆财经学院,203,第203组(中外合作办学或国际项目),,,433,176429
5045,重庆外语外事学院,107,第107组,,,439,168325
5045,重庆外语外事学院,108,第108组,,,441,165648
5045,重庆外语外事学院,109,第109组,,,436,172420
5048,重庆中医药学院,102,第102组,,,522,68225
5048,重庆中医药学院,103,第103组,,,520,70142
5051,重庆电子科技职业大学,101,第101组,,,504,86449
5056,重庆人文科技学院,108,第108组,,,441,165648
5058,重庆机电职业技术大学,102,第102组,,,444,161624
5101,四川大学,110,第110组,,,619,8897
5101,四川大学,111,第111组,,,636,4516
5101,四川大学,112,第112组,,,660,1175
5101,四川大学,113,第113组,,,671,497
5101,四川大学,114,第114组,,,576,27958
5101,四川大学,316,第316组(国家专项),,,604,14233
5102,电子科技大学,102,第102组,,,645,2936
5102,电子科技大学,303,第303组(国家专项),,,641,3617
5103,西南交通大学,106,第106组,,,601,15422
5103,西南交通大学,207,第207组(中外合作办学或国际项目),,,549,45644
5103,西南交通大学,208,第208组(中外合作办学或国际项目),,,562,36495
5103,西南交通大学,310,第310组(国家专项),,,564,35220
5104,电子科技大学(沙河校区),101,第101组,,,646,2766
5104,电子科技大学(沙河校区),104,第104组,,,622,8008
5104,电子科技大学(沙河校区),202,第202组(中外合作办学或国际项目),,,634,4926
5104,电子科技大学(沙河校区),203,第203组(中外合作办学或国际项目),,,622,8008
5105,四川农业大学,101,第101组,,,565,34573
5105,四川农业大学,102,第102组,,,573,29648
5106,西南财经大学,103,第103组,,,605,13804
5106,西南财经大学,105,第105组,,,611,11512
5106,西南财经大学,204,第204组(中外合作办学或国际项目),,,546,47840
5106,西南财经大学,307,第307组(国家专项),,,584,23577
5106,西南财经大学,308,第308组(国家专项),,,608,12636
5107,四川师范大学,118,第118组,,,487,105871
5107,四川师范大学,119,第119组,,,525,65455
5107,四川师范大学,120,第120组,,,544,49388
5107,四川师范大学,121,第121组,,,546,47840
5107,四川师范大学,122,第122组,,,519,71119
5107,四川师范大学,123,第123组,,,535,56712
5107,四川师范大学,124,第124组,,,550,44942
5108,成都中医药大学,102,第102组,,,571,30892
5108,成都中医药大学,104,第104组,,,581,25122
5108,成都中医药大学,105,第105组,,,555,41377
5108,成都中医药大学,106,第106组,,,545,48625
5108,成都中医药大学,109,第109组,,,540,52569
5108,成都中医药大学,203,第203组(中外合作办学或国际项目),,,488,104648
5108,成都中医药大学,207,第207组(中外合作办学或国际项目),,,499,91840
5108,成都中医药大学,208,第208组(中外合作办学或国际项目),,,495,96459
5109,乐山师范学院,104,第104组,,,457,144362
5110,成都理工大学,111,第111组,,,572,30270
5110,成都理工大学,113,第113组,,,558,39203
5110,成都理工大学,114,第114组,,,566,33968
5110,成都理工大学,116,第116组,,,598,16754
5110,成都理工大学,117,第117组,,,597,17176
5110,成都理工大学,118,第118组,,,572,30270
5110,成都理工大学,119,第119组,,,546,47840
5110,成都理工大学,120,第120组,,,589,20981
5110,成都理工大学,121,第121组,,,566,33968
5110,成都理工大学,122,第122组,,,560,37841
5110,成都理工大学,123,第123组,,,567,33317
5110,成都理工大学,124,第124组,,,594,18532
5110,成都理工大学,125,第125组,,,573,29648
5110,成都理工大学,126,第126组,,,573,29648
5110,成都理工大学,128,第128组,,,565,34573
5110,成都理工大学,129,第129组,,,543,50163
5110,成都理工大学,130,第130组,,,480,114419
5110,成都理工大学,215,第215组(中外合作办学或国际项目),,,538,54204
5110,成都理工大学,227,第227组(中外合作办学或国际项目),,,566,33968
5111,成都体育学院,105,第105组,,,513,76981
5111,成都体育学院,106,第106组,,,480,114419
5111,成都体育学院,107,第107组,,,495,96459
5112,西南民族大学,109,第109组,,,512,77998
5112,西南民族大学,110,第110组,,,502,88548
5112,西南民族大学,312,第312组(国家专项),,,512,77998
5112,西南民族大学,802,第802组(少数民族预科班),,,526,64558
5114,西南石油大学,104,第104组,,,554,42079
5114,西南石油大学,105,第105组,,,578,26844
5115,成都信息工程大学,104,第104组,,,593,19030
5115,成都信息工程大学,105,第105组,,,562,36495
5116,中国民用航空飞行学院,103,第103组,,,522,68225
5116,中国民用航空飞行学院,104,第104组,,,534,57535
5116,中国民用航空飞行学院,305,第305组(国家专项),,,557,39957
5116,中国民用航空飞行学院,306,第306组(国家专项),,,531,60130
5117,西南科技大学,105,第105组,,,538,54204
5117,西南科技大学,106,第106组,,,520,70142
5117,西南科技大学,107,第107组,,,539,53361
5118,四川轻化工大学,105,第105组,,,511,78999
5118,四川轻化工大学,106,第106组,,,506,84198
5119,西华大学,102,第102组,,,532,59218
5119,西华大学,103,第103组,,,521,69188
5119,西华大学,104,第104组,,,532,59218
5119,西华大学,902,第902组(边防军人子女预科班),,,445,160297
5120,西南医科大学,102,第102组,,,552,43519
5120,西南医科大学,103,第103组,,,511,78999
5120,西南医科大学,104,第104组,,,571,30892
5120,西南医科大学,105,第105组,,,538,54204
5120,西南医科大学,106,第106组,,,523,67295
5120,西南医科大学,107,第107组,,,522,68225
5120,西南医科大学,108,第108组,,,504,86449
5121,成都医学院,101,第101组,,,502,88548
5123,西华师范大学,105,第105组,,,501,89625
5123,西华师范大学,106,第106组,,,474,121969
5123,西华师范大学,107,第107组,,,492,99960
5125,成都大学,110,第110组,,,544,49388
5125,成都大学,113,第113组,,,556,40654
5125,成都大学,211,第211组(中外合作办学或国际项目),,,543,50163
5125,成都大学,212,第212组(中外合作办学或国际项目),,,511,78999
5126,宜宾学院,104,第104组,,,480,114419
5126,宜宾学院,105,第105组,,,483,110693
5126,宜宾学院,106,第106组,,,460,140382
5127,川北医学院,102,第102组,,,554,42079
5127,川北医学院,103,第103组,,,498,92992
5127,川北医学院,104,第104组,,,543,50163
5127,川北医学院,105,第105组,,,508,82093
5127,川北医学院,106,第106组,,,502,88548
5128,攀枝花学院,102,第102组,,,446,158935
5129,绵阳师范学院,108,第108组,,,497,94171
5129,绵阳师范学院,109,第109组,,,459,141751
5130,西昌学院,104,第104组,,,461,139048
5130,西昌学院,105,第105组,,,472,124520
5130,西昌学院,106,第106组,,,442,164312
5131,四川警察学院,102,第102组,,,508,82093
5133,成都外国语学院,102,第102组,,,455,147026
5134,成都银杏酒店管理学院,102,第102组,,,444,161624
5134,成都银杏酒店管理学院,103,第103组,,,439,168325
5135,电子科技大学成都学院,103,第103组,,,452,150984
5136,成都理工大学工程技术学院,102,第102组,,,437,171075
5137,四川工商学院,104,第104组,,,447,157600
5137,四川工商学院,105,第105组,,,439,168325
5140,四川旅游学院,102,第102组,,,483,110693
5140,四川旅游学院,201,第201组(中外合作办学或国际项目),,,421,191837
5145,四川工程职业技术大学,101,第101组,,,469,128457
5147,成都工业学院,102,第102组,,,504,86449
5147,成都工业学院,103,第103组,,,521,69188
5152,四川文理学院,107,第107组,,,472,124520
5152,四川文理学院,108,第108组,,,453,149704
5153,四川大学锦江学院,105,第105组,,,444,161624
5153,四川大学锦江学院,106,第106组,,,440,166998
5158,成都东软学院,102,第102组,,,445,160297
5162,成都锦城学院,102,第102组,,,457,144362
5163,绵阳城市学院,102,第102组,,,439,168325
5176,四川工业科技学院,101,第101组,,,445,160297
5178,西南交通大学希望学院,102,第102组,,,436,172420
5187,成都师范学院,105,第105组,,,500,90705
5187,成都师范学院,106,第106组,,,512,77998
5187,成都师范学院,107,第107组,,,500,90705
5187,成都师范学院,108,第108组,,,511,78999
5192,西南财经大学天府学院,105,第105组,,,449,154943
5192,西南财经大学天府学院,106,第106组,,,450,153634
5192,西南财经大学天府学院,107,第107组,,,446,158935
5192,西南财经大学天府学院,108,第108组,,,437,171075
5192,西南财经大学天府学院,109,第109组,,,437,171075
5192,西南财经大学天府学院,110,第110组,,,,
5201,贵州大学,111,第111组,,,552,43519
5201,贵州大学,112,第112组,,,569,32093
5201,贵州大学,115,第115组,,,600,15860
5201,贵州大学,116,第116组,,,573,29648
5201,贵州大学,117,第117组,,,586,22537
5201,贵州大学,118,第118组,,,606,13439
5201,贵州大学,213,第213组(中外合作办学或国际项目),,,509,81069
5201,贵州大学,214,第214组(中外合作办学或国际项目),,,557,39957
5201,贵州大学,219,第219组(中外合作办学或国际项目),,,567,33317
5201,贵州大学,220,第220组(中外合作办学或国际项目),,,539,53361
5201,贵州大学,221,第221组(中外合作办学或国际项目),,,530,61016
5203,贵州财经大学,107,第107组,,,544,49388
5203,贵州财经大学,108,第108组,,,525,65455
5203,贵州财经大学,205,第205组(中外合作办学或国际项目),,,461,139048
5203,贵州财经大学,206,第206组(中外合作办学或国际项目),,,466,132409
5204,遵义医科大学,102,第102组,,,564,35220
5204,遵义医科大学,103,第103组,,,518,72077
5204,遵义医科大学,104,第104组,,,521,69188
5204,遵义医科大学,105,第105组,,,571,30892
5204,遵义医科大学,106,第106组,,,533,58342
5204,遵义医科大学,107,第107组,,,519,71119
5205,贵州医科大学,101,第101组,,,516,74057
5205,贵州医科大学,102,第102组,,,512,77998
5205,贵州医科大学,103,第103组,,,567,33317
5205,贵州医科大学,104,第104组,,,494,97592
5205,贵州医科大学,105,第105组,,,517,73013
5205,贵州医科大学,106,第106组,,,508,82093
5205,贵州医科大学,107,第107组,,,500,90705
5205,贵州医科大学,108,第108组,,,506,84198
5205,贵州医科大学,209,第209组(中外合作办学或国际项目),,,432,177734
5205,贵州医科大学,210,第210组(中外合作办学或国际项目),,,457,144362
5205,贵州医科大学,211,第211组(中外合作办学或国际项目),,,439,168325
5205,贵州医科大学,212,第212组(中外合作办学或国际项目),,,482,111948
5206,贵州中医药大学,104,第104组,,,527,63627
5206,贵州中医药大学,105,第105组,,,510,80008
5206,贵州中医药大学,106,第106组,,,483,110693
5206,贵州中医药大学,107,第107组,,,499,91840
5206,贵州中医药大学,108,第108组,,,522,68225
5206,贵州中医药大学,109,第109组,,,495,96459
5206,贵州中医药大学,110,第110组,,,503,87520
5206,贵州中医药大学,111,第111组,,,476,119396
5206,贵州中医药大学,112,第112组,,,488,104648
5206,贵州中医药大学,213,第213组(中外合作办学或国际项目),,,466,132409
5207,贵州民族大学,118,第118组,,,482,111948
5207,贵州民族大学,119,第119组,,,528,62757
5207,贵州民族大学,120,第120组,,,480,114419
5207,贵州民族大学,121,第121组,,,470,127104
5207,贵州民族大学,122,第122组,,,429,181701
5207,贵州民族大学,123,第123组,,,474,121969
5207,贵州民族大学,124,第124组,,,468,129773
5207,贵州民族大学,125,第125组,,,516,74057
5207,贵州民族大学,126,第126组,,,530,61016
5207,贵州民族大学,127,第127组,,,505,85352
5207,贵州民族大学,128,第128组,,,512,77998
5207,贵州民族大学,129,第129组,,,509,81069
5207,贵州民族大学,130,第130组,,,479,115667
5207,贵州民族大学,131,第131组,,,537,55007
5208,贵州师范大学,116,第116组,,,549,45644
5208,贵州师范大学,117,第117组,,,481,113115
5208,贵州师范大学,118,第118组,,,543,50163
5208,贵州师范大学,119,第119组,,,529,61880
5208,贵州师范大学,120,第120组,,,536,55823
5208,贵州师范大学,121,第121组,,,515,74992
5209,黔南民族师范学院,108,第108组,,,466,132409
5210,遵义师范学院,108,第108组,,,469,128457
5210,遵义师范学院,109,第109组,,,474,121969
5210,遵义师范学院,110,第110组,,,467,131077
5210,遵义师范学院,111,第111组,,,465,133720
5210,遵义师范学院,112,第112组,,,469,128457
5210,遵义师范学院,113,第113组,,,464,135109
5211,贵州工程应用技术学院,104,第104组,,,461,139048
5212,贵州理工学院,101,第101组,,,472,124520
5212,贵州理工学院,102,第102组,,,473,123239
5212,贵州理工学院,103,第103组,,,467,131077
5212,贵州理工学院,104,第104组,,,495,96459
5212,贵州理工学院,105,第105组,,,495,96459
5212,贵州理工学院,106,第106组,,,484,109438
5212,贵州理工学院,107,第107组,,,497,94171
5212,贵州理工学院,208,第208组(中外合作办学或国际项目),,,473,123239
5213,贵州师范学院,105,第105组,,,464,135109
5213,贵州师范学院,107,第107组,,,480,114419
5213,贵州师范学院,108,第108组,,,489,103409
5213,贵州师范学院,109,第109组,,,475,120662
5213,贵州师范学院,110,第110组,,,487,105871
5215,贵阳学院,104,第104组,,,463,136388
5215,贵阳学院,105,第105组,,,462,137709
5221,茅台学院,101,第101组,,,454,148351
5221,茅台学院,102,第102组,,,468,129773
5221,茅台学院,103,第103组,,,452,150984
5221,茅台学院,104,第104组,,,450,153634
5221,茅台学院,105,第105组,,,444,161624
5233,贵州医科大学神奇民族医药学院,102,第102组,,,445,160297
5233,贵州医科大学神奇民族医药学院,103,第103组,,,450,153634
5233,贵州医科大学神奇民族医药学院,104,第104组,,,477,118119
5234,贵阳信息科技学院,102,第102组,,,437,171075
5235,贵州黔南科技学院,104,第104组,,,440,166998
5236,贵州黔南经济学院,102,第102组,,,436,172420
5238,贵州中医药大学时珍学院,101,第101组,,,439,168325
5239,贵阳人文科技学院,103,第103组,,,437,171075
5240,铜仁学院,110,第110组,,,444,161624
5240,铜仁学院,209,第209组(中外合作办学或国际项目),,,423,189315
5241,贵阳康养职业大学,102,第102组,,,466,132409
5241,贵阳康养职业大学,103,第103组,,,479,115667
5241,贵阳康养职业大学,104,第104组,,,448,156272
5243,贵州商学院,102,第102组,,,469,128457
5243,贵州商学院,103,第103组,,,473,123239
5246,安顺学院,110,第110组,,,466,132409
5252,贵州警察学院,102,第102组,,,505,85352
5252,贵州警察学院,103,第103组,,,497,94171
5254,六盘水师范学院,106,第106组,,,450,153634
5254,六盘水师范学院,107,第107组,,,443,162957
5259,凯里学院,103,第103组,,,456,145716
5261,兴义民族师范学院,102,第102组,,,471,125833
5261,兴义民族师范学院,103,第103组,,,465,133720
5262,遵义医科大学医学与科技学院,101,第101组,,,484,109438
5301,云南大学,108,第108组,,,567,33317
5301,云南大学,111,第111组,,,578,26844
5301,云南大学,113,第113组,,,604,14233
5301,云南大学,114,第114组,,,588,21502
5301,云南大学,115,第115组,,,586,22537
5301,云南大学,116,第116组,,,582,24579
5301,云南大学,209,第209组(中外合作办学或国际项目),,,500,90705
5301,云南大学,210,第210组(中外合作办学或国际项目),,,529,61880
5301,云南大学,212,第212组(中外合作办学或国际项目),,,576,27958
5305,昆明理工大学,103,第103组,,,524,66377
5305,昆明理工大学,105,第105组,,,535,56712
5305,昆明理工大学,106,第106组,,,573,29648
5305,昆明理工大学,107,第107组,,,537,55007
5305,昆明理工大学,204,第204组(中外合作办学或国际项目),,,504,86449
5306,云南农业大学,106,第106组,,,489,103409
5306,云南农业大学,109,第109组,,,497,94171
5306,云南农业大学,110,第110组,,,473,123239
5306,云南农业大学,111,第111组,,,483,110693
5306,云南农业大学,113,第113组,,,510,80008
5306,云南农业大学,208,第208组(中外合作办学或国际项目),,,460,140382
5306,云南农业大学,212,第212组(中外合作办学或国际项目),,,444,161624
5308,昆明医科大学,101,第101组,,,526,64558
5308,昆明医科大学,202,第202组(中外合作办学或国际项目),,,476,119396
5309,西南林业大学,103,第103组,,,496,95338
5309,西南林业大学,104,第104组,,,468,129773
5309,西南林业大学,106,第106组,,,511,78999
5310,云南民族大学,106,第106组,,,486,107082
5311,云南师范大学,109,第109组,,,492,99960
5311,云南师范大学,110,第110组,,,536,55823
5311,云南师范大学,111,第111组,,,536,55823
5312,云南财经大学,104,第104组,,,492,99960
5312,云南财经大学,106,第106组,,,509,81069
5312,云南财经大学,107,第107组,,,501,89625
5312,云南财经大学,205,第205组(中外合作办学或国际项目),,,482,111948
5313,普洱学院,102,第102组,,,459,141751
5314,云南中医药大学,103,第103组,,,526,64558
5314,云南中医药大学,104,第104组,,,524,66377
5314,云南中医药大学,105,第105组,,,496,95338
5314,云南中医药大学,106,第106组,,,500,90705
5314,云南中医药大学,107,第107组,,,489,103409
5314,云南中医药大学,108,第108组,,,510,80008
5314,云南中医药大学,109,第109组,,,505,85352
5314,云南中医药大学,110,第110组,,,521,69188
5315,玉溪师范学院,107,第107组,,,476,119396
5315,玉溪师范学院,108,第108组,,,451,152300
5316,大理大学,108,第108组,,,492,99960
5316,大理大学,109,第109组,,,513,76981
5316,大理大学,110,第110组,,,521,69188
5316,大理大学,111,第111组,,,499,91840
5316,大理大学,112,第112组,,,511,78999
5317,楚雄师范学院,106,第106组,,,444,161624
5318,曲靖师范学院,109,第109组,,,464,135109
5318,曲靖师范学院,110,第110组,,,459,141751
5318,曲靖师范学院,111,第111组,,,464,135109
5318,曲靖师范学院,112,第112组,,,479,115667
5318,曲靖师范学院,113,第113组,,,471,125833
5318,曲靖师范学院,114,第114组,,,488,104648
5319,昆明学院,107,第107组,,,487,105871
5319,昆明学院,108,第108组,,,504,86449
5321,红河学院,107,第107组,,,456,145716
5321,红河学院,108,第108组,,,446,158935
5324,滇西应用技术大学,102,第102组,,,468,129773
5343,昆明理工大学津桥学院,102,第102组,,,432,177734
5343,昆明理工大学津桥学院,103,第103组,,,428,182995
5344,滇池学院,105,第105组,,,434,175127
5344,滇池学院,106,第106组,,,432,177734
5345,昆明传媒学院,107,第107组,,,433,176429
5345,昆明传媒学院,108,第108组,,,411,204282
5346,昆明文理学院,102,第102组,,,432,177734
5346,昆明文理学院,103,第103组,,,436,172420
5347,昆明城市学院,108,第108组,,,453,149704
5347,昆明城市学院,109,第109组,,,433,176429
5349,昆明医科大学海源学院,102,第102组,,,435,173735
5358,昭通学院,102,第102组,,,459,141751
5361,文山学院,102,第102组,,,454,148351
5363,保山学院,103,第103组,,,446,158935
5371,云南经济管理学院,104,第104组,,,429,181701
5371,云南经济管理学院,105,第105组,,,435,173735
5384,滇西科技师范学院,103,第103组,,,457,144362
5401,西藏大学,105,第105组,,,522,68225
5401,西藏大学,106,第106组,,,535,56712
5401,西藏大学,107,第107组,,,520,70142
5401,西藏大学,108,第108组,,,514,75982
5401,西藏大学,110,第110组,,,534,57535
5403,西藏农牧学院,102,第102组,,,442,164312
5405,西藏民族大学,105,第105组,,,460,140382
5405,西藏民族大学,106,第106组,,,456,145716
5405,西藏民族大学,107,第107组,,,482,111948
5405,西藏民族大学,108,第108组,,,483,110693
5405,西藏民族大学,109,第109组,,,506,84198
5405,西藏民族大学,110,第110组,,,457,144362
5405,西藏民族大学,111,第111组,,,471,125833
5405,西藏民族大学,112,第112组,,,520,70142
5405,西藏民族大学,113,第113组,,,472,124520
6101,西安交通大学,105,第105组,,,638,4156
6101,西安交通大学,106,第106组,,,649,2346
6101,西安交通大学,107,第107组(西安交通大学医学部),,,632,5402
6101,西安交通大学,208,第208组(中外合作办学或国际项目),,,600,15860
6101,西安交通大学,209,第209组(中外合作办学或国际项目),,,632,5402
6101,西安交通大学,311,第311组(国家专项),,,625,7140
6101,西安交通大学,312,第312组(国家专项),,,634,4926
6101,西安交通大学,313,第313组(国家专项)(西安交通大学医学部),,,619,8897
6101,西安交通大学,801,第801组(少数民族预科班),,,625,7140
6102,西北大学,104,第104组,,,597,17176
6102,西北大学,105,第105组,,,595,18050
6102,西北大学,106,第106组,,,590,20503
6102,西北大学,109,第109组,,,589,20981
6102,西北大学,207,第207组(中外合作办学或国际项目),,,562,36495
6102,西北大学,208,第208组(中外合作办学或国际项目),,,578,26844
6103,西北工业大学,103,第103组,,,644,3097
6103,西北工业大学,204,第204组(中外合作办学或国际项目),,,621,8307
6103,西北工业大学,305,第305组(国家专项),,,624,7431
6103,西北工业大学,706,第706组(民族班),,,619,8897
6104,西安电子科技大学,102,第102组,,,622,8008
6104,西安电子科技大学,104,第104组,,,632,5402
6104,西安电子科技大学,203,第203组(中外合作办学或国际项目),,,596,17619
6104,西安电子科技大学,205,第205组(中外合作办学或国际项目),,,606,13439
6104,西安电子科技大学,306,第306组(国家专项),,,617,9530
6104,西安电子科技大学,801,第801组(少数民族预科班),,,619,8897
6105,长安大学,105,第105组,,,577,27385
6105,长安大学,106,第106组,,,590,20503
6105,长安大学,207,第207组(中外合作办学或国际项目),,,579,26282
6105,长安大学,208,第208组(中外合作办学或国际项目),,,558,39203
6105,长安大学,310,第310组(国家专项),,,559,38509
6105,长安大学,311,第311组(国家专项),,,562,36495
6105,长安大学,801,第801组(少数民族预科班),,,590,20503
6106,西北农林科技大学,103,第103组,,,603,14618
6106,西北农林科技大学,104,第104组,,,600,15860
6106,西北农林科技大学,105,第105组,,,596,17619
6106,西北农林科技大学,106,第106组,,,594,18532
6106,西北农林科技大学,107,第107组,,,606,13439
6106,西北农林科技大学,108,第108组,,,597,17176
6106,西北农林科技大学,112,第112组,,,604,14233
6106,西北农林科技大学,113,第113组,,,603,14618
6106,西北农林科技大学,209,第209组(中外合作办学或国际项目),,,571,30892
6106,西北农林科技大学,210,第210组(中外合作办学或国际项目),,,571,30892
6106,西北农林科技大学,211,第211组(中外合作办学或国际项目),,,580,25720
6106,西北农林科技大学,316,第316组(国家专项),,,586,22537
6106,西北农林科技大学,317,第317组(国家专项),,,580,25720
6106,西北农林科技大学,318,第318组(国家专项),,,582,24579
6106,西北农林科技大学,801,第801组(少数民族预科班),,,591,20003
6107,陕西科技大学,105,第105组,,,538,54204
6107,陕西科技大学,106,第106组,,,542,50973
6107,陕西科技大学,107,第107组,,,541,51729
6107,陕西科技大学,108,第108组,,,555,41377
6107,陕西科技大学,109,第109组,,,545,48625
6107,陕西科技大学,110,第110组,,,543,50163
6107,陕西科技大学,111,第111组,,,538,54204
6107,陕西科技大学,112,第112组,,,535,56712
6107,陕西科技大学,113,第113组,,,535,56712
6107,陕西科技大学,114,第114组,,,511,78999
6107,陕西科技大学,115,第115组,,,512,77998
6107,陕西科技大学,116,第116组,,,526,64558
6107,陕西科技大学,117,第117组,,,,
6107,陕西科技大学,218,第218组(中外合作办学或国际项目),,,527,63627
6107,陕西科技大学,219,第219组(中外合作办学或国际项目),,,460,140382
6108,空军军医大学,103,第103组,,,607,13036
6108,空军军医大学,104,第104组,,,593,19030
6108,空军军医大学,105,第105组,,,585,23042
6112,西安建筑科技大学,103,第103组,,,517,73013
6112,西安建筑科技大学,105,第105组,,,509,81069
6112,西安建筑科技大学,204,第204组(中外合作办学或国际项目),,,483,110693
6113,陕西师范大学,326,第326组(国家专项),,,570,31452
6113,陕西师范大学,327,第327组(国家专项),,,564,35220
6113,陕西师范大学,328,第328组(国家专项),,,573,29648
6113,陕西师范大学,730,第730组(民族班),,,601,15422
6114,西安外国语大学,107,第107组,,,539,53361
6114,西安外国语大学,108,第108组,,,548,46365
6114,西安外国语大学,110,第110组,,,559,38509
6115,陕西学前师范学院,105,第105组,,,455,147026
6115,陕西学前师范学院,106,第106组,,,445,160297
6115,陕西学前师范学院,107,第107组,,,444,161624
6116,延安大学,105,第105组,,,471,125833
6116,延安大学,106,第106组,,,480,114419
6117,宝鸡文理学院,104,第104组,,,446,158935
6118,渭南师范学院,108,第108组,,,466,132409
6118,渭南师范学院,109,第109组,,,465,133720
6118,渭南师范学院,110,第110组,,,444,161624
6118,渭南师范学院,111,第111组,,,449,154943
6119,陕西理工大学,107,第107组,,,456,145716
6119,陕西理工大学,108,第108组,,,499,91840
6119,陕西理工大学,109,第109组,,,524,66377
6121,西安石油大学,104,第104组,,,527,63627
6121,西安石油大学,105,第105组,,,541,51729
6121,西安石油大学,106,第106组,,,520,70142
6121,西安石油大学,107,第107组,,,518,72077
6122,西安邮电大学,102,第102组,,,567,33317
6122,西安邮电大学,103,第103组,,,583,24083
6122,西安邮电大学,204,第204组(中外合作办学或国际项目),,,558,39203
6122,西安邮电大学,205,第205组(中外合作办学或国际项目),,,568,32731
6123,西安财经大学,102,第102组,,,510,80008
6123,西安财经大学,104,第104组,,,524,66377
6123,西安财经大学,203,第203组(中外合作办学或国际项目),,,496,95338
6125,西北政法大学,105,第105组,,,589,20981
6126,西安工程大学,105,第105组,,,495,96459
6126,西安工程大学,106,第106组,,,554,42079
6126,西安工程大学,107,第107组,,,536,55823
6126,西安工程大学,108,第108组,,,539,53361
6126,西安工程大学,109,第109组,,,530,61016
6126,西安工程大学,110,第110组,,,496,95338
6126,西安工程大学,111,第111组,,,477,118119
6127,西安理工大学,102,第102组,,,555,41377
6127,西安理工大学,103,第103组,,,557,39957
6127,西安理工大学,204,第204组(中外合作办学或国际项目),,,,
6128,西安工业大学,104,第104组,,,552,43519
6128,西安工业大学,105,第105组,,,558,39203
6128,西安工业大学,206,第206组(中外合作办学或国际项目),,,508,82093
6129,西安科技大学,102,第102组,,,535,56712
6129,西安科技大学,103,第103组,,,510,80008
6131,陕西中医药大学,101,第101组,,,528,62757
6131,陕西中医药大学,102,第102组,,,467,131077
6133,咸阳师范学院,108,第108组,,,449,154943
6140,西安交通工程学院,103,第103组,,,435,173735
6140,西安交通工程学院,104,第104组,,,421,191837
6140,西安交通工程学院,105,第105组,,,421,191837
6141,西安信息职业大学,102,第102组,,,407,209093
6142,榆林学院,102,第102组,,,448,156272
6142,榆林学院,104,第104组,,,457,144362
6142,榆林学院,203,第203组(中外合作办学或国际项目),,,430,180359
6143,陕西科技大学镐京学院,102,第102组,,,,
6143,陕西科技大学镐京学院,103,第103组,,,405,211431
6146,西安航空学院,102,第102组,,,514,75982
6146,西安航空学院,103,第103组,,,476,119396
6146,西安航空学院,204,第204组(中外合作办学或国际项目),,,461,139048
6146,西安航空学院,205,第205组(中外合作办学或国际项目),,,453,149704
6146,西安航空学院,206,第206组(中外合作办学或国际项目),,,418,195646
6147,西安外事学院,102,第102组,,,416,198170
6148,西安培华学院,104,第104组,,,427,184303
6148,西安培华学院,105,第105组,,,437,171075
6150,西安欧亚学院,102,第102组,,,429,181701
6150,西安欧亚学院,103,第103组,,,417,196969
6151,西安翻译学院,102,第102组,,,417,196969
6151,西安翻译学院,103,第103组,,,410,205496
6152,西京学院,103,第103组,,,433,176429
6152,西京学院,104,第104组,,,418,195646
6152,西京学院,105,第105组,,,448,156272
6153,西安文理学院,106,第106组,,,478,116904
6153,西安文理学院,107,第107组,,,478,116904
6153,西安文理学院,108,第108组,,,449,154943
6153,西安文理学院,109,第109组,,,485,108253
6154,西安医学院,103,第103组,,,480,114419
6154,西安医学院,104,第104组,,,476,119396
6154,西安医学院,105,第105组,,,532,59218
6154,西安医学院,106,第106组,,,492,99960
6154,西安医学院,207,第207组(中外合作办学或国际项目),,,464,135109
6156,商洛学院,105,第105组,,,447,157600
6156,商洛学院,206,第206组(中外合作办学或国际项目),,,456,145716
6156,商洛学院,207,第207组(中外合作办学或国际项目),,,459,141751
6157,陕西国际商贸学院,103,第103组,,,429,181701
6157,陕西国际商贸学院,104,第104组,,,,
6159,陕西服装工程学院,106,第106组,,,,
6159,陕西服装工程学院,107,第107组,,,,
6160,西安思源学院,105,第105组,,,425,186782
6160,西安思源学院,106,第106组,,,,
6171,西安汽车职业大学,102,第102组,,,418,195646
6173,安康学院,103,第103组,,,443,162957
6174,西安工商学院,102,第102组,,,408,207860
6174,西安工商学院,103,第103组,,,434,175127
6174,西安工商学院,104,第104组,,,410,205496
6175,西安交通大学城市学院,101,第101组,,,440,166998
6176,西安明德理工学院,102,第102组,,,421,191837
6176,西安明德理工学院,104,第104组,,,417,196969
6177,西安科技大学高新学院,103,第103组,,,438,169715
6177,西安科技大学高新学院,104,第104组,,,434,175127
6177,西安科技大学高新学院,205,第205组(中外合作办学或国际项目),,,,
6191,西安建筑科技大学华清学院,101,第101组,,,415,199408
6192,延安大学西安创新学院,103,第103组,,,429,181701
6192,延安大学西安创新学院,104,第104组,,,417,196969
6192,延安大学西安创新学院,105,第105组,,,428,182995
6192,延安大学西安创新学院,106,第106组,,,457,144362
6201,兰州大学,109,第109组,,,603,14618
6201,兰州大学,110,第110组,,,607,13036
6201,兰州大学,111,第111组,,,603,14618
6201,兰州大学,312,第312组(国家专项),,,590,20503
6202,兰州交通大学,103,第103组,,,542,50973
6203,兰州理工大学,103,第103组,,,530,61016
6203,兰州理工大学,104,第104组,,,483,110693
6204,甘肃农业大学,101,第101组,,,497,94171
6204,甘肃农业大学,102,第102组,,,447,157600
6204,甘肃农业大学,103,第103组,,,460,140382
6205,西北民族大学,114,第114组,,,469,128457
6205,西北民族大学,115,第115组,,,481,113115
6205,西北民族大学,116,第116组,,,478,116904
6205,西北民族大学,117,第117组,,,443,162957
6205,西北民族大学,118,第118组,,,472,124520
6205,西北民族大学,119,第119组,,,472,124520
6205,西北民族大学,120,第120组,,,459,141751
6205,西北民族大学,121,第121组,,,449,154943
6205,西北民族大学,122,第122组,,,525,65455
6205,西北民族大学,327,第327组(国家专项),,,470,127104
6205,西北民族大学,328,第328组(国家专项),,,533,58342
6205,西北民族大学,802,第802组(少数民族预科班),,,483,110693
6206,兰州财经大学,103,第103组,,,471,125833
6206,兰州财经大学,104,第104组,,,491,101126
6206,兰州财经大学,105,第105组,,,468,129773
6206,兰州财经大学,106,第106组,,,484,109438
6207,甘肃中医药大学,104,第104组,,,568,32731
6207,甘肃中医药大学,105,第105组,,,540,52569
6207,甘肃中医药大学,106,第106组,,,458,143070
6207,甘肃中医药大学,107,第107组,,,476,119396
6207,甘肃中医药大学,108,第108组,,,435,173735
6207,甘肃中医药大学,109,第109组,,,468,129773
6207,甘肃中医药大学,110,第110组,,,435,173735
6207,甘肃中医药大学,111,第111组,,,480,114419
6208,天水师范大学,102,第102组,,,447,157600
6208,天水师范大学,103,第103组,,,470,127104
6209,西北师范大学,110,第110组,,,491,101126
6209,西北师范大学,111,第111组,,,520,70142
6209,西北师范大学,112,第112组,,,502,88548
6209,西北师范大学,113,第113组,,,498,92992
6209,西北师范大学,114,第114组,,,455,147026
6209,西北师范大学,115,第115组,,,517,73013
6209,西北师范大学,216,第216组(中外合作办学或国际项目),,,443,162957
6210,甘肃政法大学,103,第103组,,,528,62757
6210,甘肃政法大学,105,第105组,,,509,81069
6211,兰州文理学院,102,第102组,,,444,161624
6212,河西学院,102,第102组,,,459,141751
6212,河西学院,103,第103组,,,445,160297
6213,陇东学院,103,第103组,,,464,135109
6213,陇东学院,104,第104组,,,442,164312
6213,陇东学院,105,第105组,,,464,135109
6214,兰州工业学院,101,第101组,,,450,153634
6217,甘肃医学院,101,第101组,,,472,124520
6217,甘肃医学院,102,第102组,,,457,144362
6219,甘肃民族师范学院,104,第104组,,,443,162957
6221,兰州博文科技学院,101,第101组,,,423,189315
6221,兰州博文科技学院,102,第102组,,,433,176429
6224,兰州城市学院,101,第101组,,,445,160297
6225,甘肃林业职业技术大学,102,第102组,,,449,154943
6228,兰州资源环境职业技术大学,101,第101组,,,457,144362
6231,兰州石化职业技术大学,102,第102组,,,472,124520
6231,兰州石化职业技术大学,103,第103组,,,443,162957
6301,青海大学,102,第102组,,,557,39957
6301,青海大学,103,第103组,,,551,44253
6301,青海大学,104,第104组,,,558,39203
6301,青海大学,105,第105组,,,535,56712
6301,青海大学,106,第106组,,,524,66377
6303,青海民族大学,104,第104组,,,447,157600
6303,青海民族大学,205,第205组(中外合作办学或国际项目),,,436,172420
6304,青海师范大学,109,第109组,,,514,75982
6304,青海师范大学,110,第110组,,,489,103409
6304,青海师范大学,111,第111组,,,502,88548
6305,青海理工学院,101,第101组,,,457,144362
6305,青海理工学院,102,第102组,,,449,154943
6320,青海职业技术大学,101,第101组,,,448,156272
6401,北方民族大学,108,第108组,,,458,143070
6401,北方民族大学,109,第109组,,,451,152300
6401,北方民族大学,111,第111组,,,476,119396
6401,北方民族大学,112,第112组,,,482,111948
6401,北方民族大学,210,第210组(中外合作办学或国际项目),,,467,131077
6401,北方民族大学,314,第314组(国家专项),,,467,131077
6401,北方民族大学,315,第315组(国家专项),,,465,133720
6401,北方民族大学,802,第802组(少数民族预科班),,,474,121969
6402,宁夏大学,106,第106组,,,549,45644
6402,宁夏大学,107,第107组,,,574,29052
6402,宁夏大学,108,第108组,,,542,50973
6402,宁夏大学,109,第109组,,,550,44942
6402,宁夏大学,110,第110组,,,537,55007
6405,宁夏医科大学,101,第101组,,,497,94171
6405,宁夏医科大学,102,第102组,,,535,56712
6405,宁夏医科大学,103,第103组,,,502,88548
6405,宁夏医科大学,104,第104组,,,483,110693
6405,宁夏医科大学,105,第105组,,,492,99960
6405,宁夏医科大学,106,第106组,,,482,111948
6420,宁夏理工学院,102,第102组,,,432,177734
6421,宁夏师范大学,102,第102组,,,460,140382
6421,宁夏师范大学,103,第103组,,,451,152300
6427,银川科技学院,103,第103组,,,427,184303
6501,新疆大学,103,第103组,,,539,53361
6501,新疆大学,104,第104组,,,560,37841
6501,新疆大学,105,第105组,,,539,53361
6501,新疆大学,106,第106组,,,548,46365
6502,石河子大学,102,第102组,,,524,66377
6502,石河子大学,103,第103组,,,523,67295
6502,石河子大学,104,第104组,,,561,37146
6503,新疆警察学院,102,第102组,,,504,86449
6503,新疆警察学院,103,第103组,,,465,133720
6504,新疆医科大学,101,第101组,,,476,119396
6504,新疆医科大学,102,第102组,,,453,149704
6504,新疆医科大学,103,第103组,,,483,110693
6504,新疆医科大学,104,第104组,,,455,147026
6505,新疆师范大学,108,第108组,,,456,145716
6505,新疆师范大学,110,第110组,,,433,176429
6505,新疆师范大学,111,第111组,,,480,114419
6505,新疆师范大学,112,第112组,,,482,111948
6505,新疆师范大学,114,第114组,,,464,135109
6505,新疆师范大学,115,第115组,,,459,141751
6506,新疆财经大学,103,第103组,,,456,145716
6506,新疆财经大学,104,第104组,,,459,141751
6506,新疆财经大学,105,第105组,,,459,141751
6506,新疆财经大学,109,第109组,,,463,136388
6506,新疆财经大学,110,第110组,,,468,129773
6506,新疆财经大学,111,第111组,,,453,149704
6507,新疆农业大学,103,第103组,,,457,144362
6507,新疆农业大学,106,第106组,,,442,164312
6507,新疆农业大学,109,第109组,,,458,143070
6507,新疆农业大学,204,第204组(中外合作办学或国际项目),,,443,162957
6507,新疆农业大学,205,第205组(中外合作办学或国际项目),,,440,166998
6507,新疆农业大学,207,第207组(中外合作办学或国际项目),,,437,171075
6508,塔里木大学,103,第103组,,,452,150984
6508,塔里木大学,104,第104组,,,441,165648
6509,伊犁师范大学,110,第110组,,,449,154943
6509,伊犁师范大学,111,第111组,,,436,172420
6509,伊犁师范大学,112,第112组,,,453,149704
6509,伊犁师范大学,113,第113组,,,457,144362
6511,喀什大学,115,第115组,,,446,158935
6511,喀什大学,117,第117组,,,440,166998
6511,喀什大学,118,第118组,,,460,140382
6511,喀什大学,119,第119组,,,452,150984
6511,喀什大学,120,第120组,,,469,128457
6511,喀什大学,123,第123组,,,448,156272
6512,新疆科技学院,103,第103组,,,448,156272
6512,新疆科技学院,104,第104组,,,447,157600
6512,新疆科技学院,105,第105组,,,437,171075
6512,新疆科技学院,106,第106组,,,440,166998
6512,新疆科技学院,107,第107组,,,459,141751
6514,新疆第二医学院,101,第101组,,,438,169715
6514,新疆第二医学院,102,第102组,,,443,162957
6514,新疆第二医学院,103,第103组,,,454,148351
6515,新疆理工学院,102,第102组,,,451,152300
6515,新疆理工学院,103,第103组,,,447,157600
6515,新疆理工学院,104,第104组,,,441,165648
6517,新疆工程学院,101,第101组,,,454,148351
6517,新疆工程学院,102,第102组,,,440,166998
6517,新疆工程学院,104,第104组,,,443,162957
6517,新疆工程学院,203,第203组(中外合作办学或国际项目),,,445,160297
6518,乌鲁木齐职业大学,101,第101组,,,447,157600
6519,新疆农业职业技术大学,102,第102组,,,448,156272
6526,新疆工业学院,101,第101组,,,446,158935
6526,新疆工业学院,102,第102组,,,437,171075
6527,新疆和田学院,103,第103组,,,447,157600
6527,新疆和田学院,104,第104组,,,438,169715
6527,新疆和田学院,105,第105组,,,436,172420
6528,昌吉学院,108,第108组,,,450,153634
6528,昌吉学院,109,第109组,,,438,169715
6531,中国石油大学(北京)克拉玛依校区,103,第103组,,,545,48625
6531,中国石油大学(北京)克拉玛依校区,104,第104组,,,561,37146
6531,中国石油大学(北京)克拉玛依校区,305,第305组(国家专项),,,557,39957
6532,新疆天山职业技术大学,104,第104组,,,440,166998
6532,新疆天山职业技术大学,105,第105组,,,443,162957
6532,新疆天山职业技术大学,106,第106组,,,443,162957
6532,新疆天山职业技术大学,107,第107组,,,446,158935
6532,新疆天山职业技术大学,108,第108组,,,440,166998
6537,新疆政法学院,104,第104组,,,460,140382
6537,新疆政法学院,105,第105组,,,443,162957
