code,name,group,major,plan,admit,score,rank
1101,北京大学,105,第105组,,,690,
1101,北京大学,306,第306组(国家专项),,,677,
1102,清华大学,104,第104组,,,689,
1102,清华大学,105,第105组,,,691,
1102,清华大学,306,第306组(国家专项),,,675,
1102,清华大学,307,第307组(国家专项),,,679,
1103,中国人民大学,108,第108组,,,664,
1103,中国人民大学,109,第109组,,,671,
1103,中国人民大学,310,第310组(国家专项),,,643,
1103,中国人民大学,311,第311组(国家专项),,,644,
1104,北京师范大学,113,第113组,,,635,
1104,北京师范大学,114,第114组,,,639,
1104,北京师范大学,315,第315组(国家专项),,,630,
1104,北京师范大学,316,第316组(国家专项),,,632,
1105,北京科技大学,103,第103组,,,614,
1105,北京科技大学,104,第104组,,,617,
1105,北京科技大学,105,第105组,,,616,
1105,北京科技大学,306,第306组(国家专项),,,592,
1106,北京邮电大学,104,第104组,,,647,
1106,北京邮电大学,105,第105组,,,636,
1106,北京邮电大学,306,第306组(国家专项),,,625,
1106,北京邮电大学,307,第307组(国家专项),,,627,
1106,北京邮电大学,801,第801组(少数民族预科班),,,622,
1107,北京航空航天大学,103,第103组,,,662,
1107,北京航空航天大学,204,第204组(中外合作办学或国际项目),,,633,
1107,北京航空航天大学,305,第305组(国家专项),,,650,
1107,北京航空航天大学,706,第706组(民族班),,,651,
1108,北京理工大学,103,第103组（珠海校区）,,,668,
1108,北京理工大学,104,第104组,,,658,
1108,北京理工大学,305,第305组(国家专项),,,639,
1108,北京理工大学,706,第706组(民族班),,,640,
1109,北京交通大学,103,第103组,,,591,
1109,北京交通大学,104,第104组,,,634,
1109,北京交通大学,105,第105组,,,634,
1109,北京交通大学,106,第106组,,,619,
1109,北京交通大学,207,第207组(中外合作办学或国际项目),,,598,
1109,北京交通大学,308,第308组(国家专项),,,581,
1109,北京交通大学,709,第709组(民族班),,,611,
1110,北京化工大学,103,第103组,,,604,
1110,北京化工大学,104,第104组,,,608,
1110,北京化工大学,205,第205组(中外合作办学或国际项目),,,580,
1110,北京化工大学,306,第306组(国家专项),,,585,
1111,北京工业大学,102,第102组,,,607,
1111,北京工业大学,203,第203组(中外合作办学或国际项目),,,592,
1112,中国农业大学,103,第103组,,,615,
1112,中国农业大学,104,第104组,,,597,
1112,中国农业大学,105,第105组,,,618,
1112,中国农业大学,106,第106组,,,603,
1112,中国农业大学,307,第307组(国家专项),,,599,
1113,北京林业大学,107,第107组,,,588,
1113,北京林业大学,108,第108组,,,570,
1113,北京林业大学,109,第109组,,,597,
1113,北京林业大学,110,第110组,,,602,
1113,北京林业大学,111,第111组,,,591,
1113,北京林业大学,112,第112组,,,578,
1113,北京林业大学,113,第113组,,,579,
1113,北京林业大学,115,第115组,,,589,
1113,北京林业大学,116,第116组,,,585,
1113,北京林业大学,214,第214组(中外合作办学或国际项目),,,565,
1113,北京林业大学,317,第317组(国家专项),,,577,
1113,北京林业大学,318,第318组(国家专项),,,574,
1113,北京林业大学,801,第801组(少数民族预科班),,,583,
1114,北京大学医学部,101,第101组,,,681,
1114,北京大学医学部,302,第302组(国家专项),,,665,
1114,北京大学医学部,303,第303组(国家专项),,,656,
1115,北京中医药大学,102,第102组,,,585,
1115,北京中医药大学,103,第103组,,,584,
1115,北京中医药大学,304,第304组(国家专项),,,565,
1115,北京中医药大学,305,第305组(国家专项),,,562,
1116,对外经济贸易大学,105,第105组,,,612,
1116,对外经济贸易大学,106,第106组,,,620,
1116,对外经济贸易大学,307,第307组(国家专项),,,592,
1116,对外经济贸易大学,308,第308组(国家专项),,,605,
1116,对外经济贸易大学,802,第802组(少数民族预科班),,,607,
1117,北京外国语大学,105,第105组,,,609,
1117,北京外国语大学,107,第107组,,,616,
1117,北京外国语大学,108,第108组,,,612,
1117,北京外国语大学,309,第309组(国家专项),,,566,
1117,北京外国语大学,310,第310组(国家专项),,,599,
1117,北京外国语大学,311,第311组(国家专项),,,603,
1117,北京外国语大学,802,第802组(少数民族预科班),,,586,
1118,中央民族大学,105,第105组,,,600,
1118,中央民族大学,106,第106组,,,606,
1118,中央民族大学,207,第207组(中外合作办学或国际项目),,,578,
1118,中央民族大学,208,第208组(中外合作办学或国际项目),,,589,
1118,中央民族大学,309,第309组(国家专项),,,605,
1118,中央民族大学,801,第801组(少数民族预科班),,,601,
1119,中国地质大学(北京),103,第103组,,,583,
1119,中国地质大学(北京),104,第104组,,,590,
1119,中国地质大学(北京),105,第105组,,,586,
1119,中国地质大学(北京),306,第306组(国家专项),,,578,
1119,中国地质大学(北京),707,第707组(民族班),,,584,
1120,中国石油大学(北京),103,第103组,,,595,
1120,中国石油大学(北京),104,第104组,,,598,
1120,中国石油大学(北京),305,第305组(国家专项),,,580,
1122,北京邮电大学(宏福校区),201,第201组(中外合作办学或国际项目),,,618,
1122,北京邮电大学(宏福校区),202,第202组(中外合作办学或国际项目),,,597,
1123,北京体育大学,108,第108组,,,585,
1123,北京体育大学,110,第110组,,,576,
1123,北京体育大学,111,第111组,,,578,
1123,北京体育大学,112,第112组,,,590,
1123,北京体育大学,113,第113组,,,574,
1123,北京体育大学,209,第209组(中外合作办学或国际项目),,,461,
1123,北京体育大学,314,第314组(国家专项),,,559,
1123,北京体育大学,315,第315组(国家专项),,,580,
1125,北京语言大学,111,第111组,,,568,
1125,北京语言大学,113,第113组,,,578,
1125,北京语言大学,114,第114组,,,518,
1125,北京语言大学,115,第115组,,,563,
1125,北京语言大学,316,第316组(国家专项),,,556,
1125,北京语言大学,317,第317组(国家专项),,,575,
1125,北京语言大学,718,第718组(民族班),,,567,
1126,华北电力大学(北京),102,第102组,,,594,
1126,华北电力大学(北京),103,第103组,,,612,
1126,华北电力大学(北京),304,第304组(国家专项),,,591,
1126,华北电力大学(北京),305,第305组(国家专项),,,615,
1127,中国矿业大学(北京),102,第102组,,,574,
1127,中国矿业大学(北京),103,第103组,,,585,
1127,中国矿业大学(北京),304,第304组(国家专项),,,566,
1128,北京联合大学,105,第105组,,,546,
1128,北京联合大学,106,第106组,,,563,
1128,北京联合大学,107,第107组,,,561,
1128,北京联合大学,108,第108组,,,540,
1129,中国科学院大学,101,第101组,,,680,
1129,中国科学院大学,302,第302组(国家专项),,,671,
1130,中国传媒大学,107,第107组,,,602,
1130,中国传媒大学,110,第110组,,,609,
1130,中国传媒大学,209,第209组(中外合作办学或国际项目),,,583,
1130,中国传媒大学,211,第211组(中外合作办学或国际项目),,,571,
1130,中国传媒大学,312,第312组(国家专项),,,592,
1131,中央财经大学,104,第104组,,,621,
1131,中央财经大学,305,第305组(国家专项),,,601,
1131,中央财经大学,306,第306组(国家专项),,,616,
1132,中国政法大学,105,第105组,,,614,
1132,中国政法大学,306,第306组(国家专项),,,598,
1134,北京第二外国语学院,102,第102组,,,555,
1135,北京工商大学,103,第103组,,,559,
1135,北京工商大学,104,第104组,,,561,
1135,北京工商大学,105,第105组,,,572,
1135,北京工商大学,106,第106组,,,559,
1135,北京工商大学,207,第207组(中外合作办学或国际项目),,,519,
1138,北京信息科技大学,101,第101组,,,597,
1138,北京信息科技大学,102,第102组,,,589,
1142,北京农学院,101,第101组,,,511,
1142,北京农学院,102,第102组,,,523,
1143,北京金融科技学院,105,第105组,,,447,
1143,北京金融科技学院,106,第106组,,,488,
1144,北京印刷学院,103,第103组,,,514,
1145,北京邮电大学世纪学院,103,第103组,,,441,
1145,北京邮电大学世纪学院,104,第104组,,,426,
1147,中央美术学院,106,第106组,,,594,
1150,北京石油化工学院,101,第101组,,,549,
1150,北京石油化工学院,102,第102组,,,519,
1151,中华女子学院,105,第105组,,,501,
1151,中华女子学院,106,第106组,,,511,
1153,首都经济贸易大学,104,第104组,,,575,
1153,首都经济贸易大学,305,第305组(国家专项),,,532,
1155,首都师范大学,110,第110组,,,557,
1155,首都师范大学,111,第111组,,,594,
1155,首都师范大学,312,第312组(国家专项),,,568,
1156,北京服装学院,103,第103组,,,527,
1156,北京服装学院,104,第104组,,,500,
1157,北方工业大学,102,第102组,,,560,
1157,北方工业大学,203,第203组(中外合作办学或国际项目),,,524,
1157,北方工业大学,304,第304组(国家专项),,,542,
1158,首都师范大学科德学院,105,第105组,,,,
1159,首都医科大学,101,第101组,,,633,
1159,首都医科大学,102,第102组,,,600,
1159,首都医科大学,303,第303组(国家专项),,,555,
1159,首都医科大学,304,第304组(国家专项),,,570,
1160,北京物资学院,102,第102组,,,554,
1160,北京物资学院,103,第103组,,,541,
1164,北京建筑大学,101,第101组,,,562,
1164,北京建筑大学,103,第103组,,,554,
1164,北京建筑大学,104,第104组,,,560,
1165,北京城市学院,110,第110组,,,455,
1165,北京城市学院,112,第112组,,,433,
1168,中国人民公安大学,112,第112组,,,608,
1177,北京第二外国语学院中瑞酒店管理学院,102,第102组,,,,
1178,中国社会科学院大学,104,第104组,,,606,
1178,中国社会科学院大学,305,第305组(国家专项),,,623,
1181,中国劳动关系学院,104,第104组,,,507,
1181,中国劳动关系学院,106,第106组,,,519,
1181,中国劳动关系学院,307,第307组(国家专项),,,513,
1182,华北科技学院,103,第103组,,,476,
1182,华北科技学院,105,第105组,,,461,
1182,华北科技学院,204,第204组(中外合作办学或国际项目),,,461,
1182,华北科技学院,306,第306组(国家专项),,,455,
1184,吉利学院,102,第102组,,,441,
1199,民政职业大学,102,第102组,,,485,
1201,南开大学,107,第107组,,,643,
1201,南开大学,108,第108组,,,643,
1201,南开大学,309,第309组(国家专项),,,622,
1202,天津大学,102,第102组,,,639,
1202,天津大学,103,第103组,,,634,
1202,天津大学,304,第304组(国家专项),,,616,
1203,天津医科大学,101,第101组,,,621,
1203,天津医科大学,102,第102组,,,603,
1203,天津医科大学,103,第103组,,,644,
1203,天津医科大学,104,第104组,,,609,
1203,天津医科大学,105,第105组,,,632,
1203,天津医科大学,106,第106组,,,613,
1203,天津医科大学,107,第107组,,,599,
1203,天津医科大学,308,第308组(国家专项),,,577,
1203,天津医科大学,309,第309组(国家专项),,,529,
1203,天津医科大学,310,第310组(国家专项),,,572,
1206,天津理工大学,101,第101组,,,549,
1206,天津理工大学,102,第102组,,,548,
1207,天津工业大学,104,第104组,,,560,
1207,天津工业大学,106,第106组,,,563,
1207,天津工业大学,107,第107组,,,582,
1207,天津工业大学,205,第205组(中外合作办学或国际项目),,,556,
1207,天津工业大学,208,第208组(中外合作办学或国际项目),,,570,
1208,中国民航大学,104,第104组,,,552,
1208,中国民航大学,105,第105组,,,552,
1208,中国民航大学,306,第306组(国家专项),,,548,
1208,中国民航大学,307,第307组(国家专项),,,540,
1209,天津科技大学,104,第104组,,,546,
1209,天津科技大学,106,第106组,,,558,
1209,天津科技大学,107,第107组,,,529,
1209,天津科技大学,205,第205组(中外合作办学或国际项目),,,535,
1209,天津科技大学,208,第208组(中外合作办学或国际项目),,,547,
1209,天津科技大学,309,第309组(国家专项),,,537,
1210,天津财经大学,104,第104组,,,584,
1210,天津财经大学,105,第105组,,,576,
1210,天津财经大学,306,第306组(国家专项),,,554,
1210,天津财经大学,307,第307组(国家专项),,,539,
1210,天津财经大学,308,第308组(国家专项),,,548,
1211,天津商业大学,104,第104组,,,519,
1211,天津商业大学,106,第106组,,,485,
1211,天津商业大学,205,第205组(中外合作办学或国际项目),,,531,
1212,天津中医药大学,104,第104组,,,543,
1212,天津中医药大学,105,第105组,,,536,
1212,天津中医药大学,106,第106组,,,545,
1212,天津中医药大学,107,第107组,,,555,
1212,天津中医药大学,109,第109组,,,580,
1212,天津中医药大学,208,第208组(中外合作办学或国际项目),,,540,
1212,天津中医药大学,310,第310组(国家专项),,,525,
1212,天津中医药大学,311,第311组(国家专项),,,528,
1213,天津城建大学,102,第102组,,,511,
1213,天津城建大学,103,第103组,,,504,
1213,天津城建大学,104,第104组,,,527,
1214,天津外国语大学,104,第104组,,,535,
1214,天津外国语大学,105,第105组,,,526,
1214,天津外国语大学,107,第107组,,,560,
1215,天津体育学院,106,第106组,,,487,
1216,天津师范大学,107,第107组,,,487,
1216,天津师范大学,108,第108组,,,543,
1216,天津师范大学,109,第109组,,,561,
1219,天津职业技术师范大学,102,第102组,,,491,
1219,天津职业技术师范大学,103,第103组,,,488,
1220,天津农学院,101,第101组,,,494,
1220,天津农学院,102,第102组,,,486,
1220,天津农学院,103,第103组,,,478,
1220,天津农学院,104,第104组,,,483,
1228,天津商业大学宝德学院,106,第106组,,,457,
1232,天津理工大学中环信息学院,102,第102组,,,466,
1232,天津理工大学中环信息学院,103,第103组,,,441,
1233,天津天狮学院,102,第102组,,,447,
1233,天津天狮学院,103,第103组,,,430,
1238,天津中德应用技术大学,102,第102组,,,481,
1238,天津中德应用技术大学,103,第103组,,,482,
1250,北京科技大学天津学院,104,第104组,,,459,
1250,北京科技大学天津学院,105,第105组,,,444,
1251,天津医科大学临床医学院,102,第102组,,,479,
1251,天津医科大学临床医学院,103,第103组,,,454,
1251,天津医科大学临床医学院,104,第104组,,,479,
1252,天津仁爱学院,104,第104组,,,430,
1252,天津仁爱学院,105,第105组,,,,
1253,天津财经大学珠江学院,102,第102组,,,452,
1301,河北工业大学,102,第102组,,,539,
1301,河北工业大学,103,第103组,,,598,
1301,河北工业大学,104,第104组,,,595,
1301,河北工业大学,105,第105组(河北工业大学芬兰校区),,,555,
1303,华北电力大学(保定),102,第102组,,,582,
1303,华北电力大学(保定),103,第103组,,,607,
1303,华北电力大学(保定),304,第304组(国家专项),,,580,
1303,华北电力大学(保定),305,第305组(国家专项),,,603,
1303,华北电力大学(保定),801,第801组(少数民族预科班),,,599,
1304,燕山大学,106,第106组,,,550,
1304,燕山大学,109,第109组,,,568,
1304,燕山大学,208,第208组(中外合作办学或国际项目),,,526,
1305,石家庄铁道大学,103,第103组,,,535,
1305,石家庄铁道大学,104,第104组,,,524,
1305,石家庄铁道大学,105,第105组,,,526,
1306,河北农业大学,101,第101组,,,492,
1306,河北农业大学,102,第102组,,,481,
1306,河北农业大学,203,第203组(中外合作办学或国际项目),,,503,
1307,东北大学秦皇岛分校,103,第103组,,,597,
1307,东北大学秦皇岛分校,104,第104组,,,610,
1307,东北大学秦皇岛分校,205,第205组(中外合作办学或国际项目),,,595,
1308,保定学院,105,第105组,,,483,
1308,保定学院,106,第106组,,,467,
1309,河北医科大学,101,第101组,,,515,
1309,河北医科大学,102,第102组,,,586,
1309,河北医科大学,103,第103组,,,519,
1310,河北地质大学,104,第104组,,,498,
1310,河北地质大学,105,第105组,,,489,
1311,北华航天工业学院,102,第102组,,,486,
1311,北华航天工业学院,103,第103组,,,483,
1312,河北工程大学,104,第104组,,,493,
1312,河北工程大学,105,第105组,,,508,
1312,河北工程大学,106,第106组,,,495,
1312,河北工程大学,107,第107组,,,525,
1312,河北工程大学,108,第108组,,,497,
1313,河北经贸大学,102,第102组,,,502,
1313,河北经贸大学,103,第103组,,,497,
1315,河北师范大学,108,第108组,,,523,
1315,河北师范大学,109,第109组,,,519,
1315,河北师范大学,110,第110组,,,553,
1316,河北科技师范学院,104,第104组,,,471,
1316,河北科技师范学院,105,第105组,,,455,
1317,华北理工大学,102,第102组,,,518,
1317,华北理工大学,103,第103组,,,504,
1317,华北理工大学,104,第104组,,,511,
1317,华北理工大学,106,第106组,,,563,
1317,华北理工大学,205,第205组(中外合作办学或国际项目),,,484,
1318,廊坊师范学院,102,第102组,,,471,
1318,廊坊师范学院,103,第103组,,,454,
1319,河北科技大学,101,第101组,,,495,
1319,河北科技大学,102,第102组,,,486,
1320,承德医学院,101,第101组,,,500,
1320,承德医学院,102,第102组,,,556,
1320,承德医学院,103,第103组,,,503,
1321,河北北方学院,101,第101组,,,473,
1322,唐山学院,102,第102组,,,464,
1324,河北建筑工程学院,101,第101组,,,472,
1324,河北建筑工程学院,102,第102组,,,453,
1325,中国人民警察大学,110,第110组,,,548,
1325,中国人民警察大学,111,第111组,,,543,
1325,中国人民警察大学,312,第312组(国家专项),,,489,
1328,河北水利电力学院,101,第101组,,,476,
1330,唐山师范学院,102,第102组,,,467,
1330,唐山师范学院,103,第103组,,,450,
1334,河北科技工程职业技术大学,102,第102组,,,476,
1337,石家庄铁道大学四方学院,102,第102组,,,461,
1337,石家庄铁道大学四方学院,103,第103组,,,448,
1340,河北金融学院,102,第102组,,,475,
1340,河北金融学院,103,第103组,,,475,
1340,河北金融学院,104,第104组,,,462,
1341,华北理工大学轻工学院,102,第102组,,,443,
1344,防灾科技学院,102,第102组,,,492,
1344,防灾科技学院,103,第103组,,,493,
1344,防灾科技学院,104,第104组,,,490,
1344,防灾科技学院,105,第105组,,,473,
1344,防灾科技学院,106,第106组,,,489,
1345,河北科技学院,102,第102组,,,454,
1348,河北中医药大学,101,第101组,,,511,
1348,河北中医药大学,102,第102组,,,519,
1348,河北中医药大学,103,第103组,,,507,
1352,保定理工学院,102,第102组,,,450,
1352,保定理工学院,103,第103组,,,436,
1353,邯郸学院,107,第107组,,,460,
1360,石家庄学院,105,第105组,,,486,
1360,石家庄学院,106,第106组,,,464,
1360,石家庄学院,107,第107组,,,453,
1367,衡水学院,103,第103组,,,467,
1373,河北环境工程学院,104,第104组,,,470,
1373,河北环境工程学院,105,第105组,,,451,
1376,沧州师范学院,102,第102组,,,462,
1388,河北医科大学临床学院,101,第101组,,,483,
1388,河北医科大学临床学院,102,第102组,,,477,
1389,河北外国语学院,102,第102组,,,445,
1392,河北工程大学科信学院,101,第101组,,,462,
1392,河北工程大学科信学院,102,第102组,,,444,
1394,燕京理工学院,103,第103组,,,457,
1395,北京中医药大学东方学院,103,第103组,,,445,
1395,北京中医药大学东方学院,104,第104组,,,479,
1399,张家口学院,102,第102组,,,469,
1399,张家口学院,103,第103组,,,486,
1401,太原理工大学,105,第105组,,,575,
1401,太原理工大学,106,第106组,,,579,
1401,太原理工大学,207,第207组(中外合作办学或国际项目),,,574,
1403,山西大学,108,第108组,,,546,
1403,山西大学,109,第109组,,,547,
1403,山西大学,110,第110组,,,586,
1403,山西大学,111,第111组,,,568,
1403,山西大学,112,第112组,,,542,
1407,山西师范大学,104,第104组,,,512,
1407,山西师范大学,105,第105组,,,500,
1407,山西师范大学,106,第106组,,,530,
1408,山西财经大学,105,第105组,,,503,
1408,山西财经大学,106,第106组,,,516,
1408,山西财经大学,107,第107组,,,533,
1408,山西财经大学,108,第108组,,,527,
1409,山西中医药大学,103,第103组,,,507,
1409,山西中医药大学,104,第104组,,,485,
1409,山西中医药大学,105,第105组,,,523,
1409,山西中医药大学,106,第106组,,,504,
1410,太原科技大学,101,第101组,,,539,
1410,太原科技大学,102,第102组,,,502,
1411,中北大学,107,第107组,,,533,
1411,中北大学,108,第108组,,,537,
1412,山西医科大学,104,第104组,,,503,
1412,山西医科大学,105,第105组,,,514,
1412,山西医科大学,106,第106组,,,546,
1412,山西医科大学,107,第107组,,,556,
1412,山西医科大学,108,第108组,,,527,
1412,山西医科大学,109,第109组,,,517,
1413,太原工业学院,103,第103组,,,466,
1414,山西大同大学,102,第102组,,,502,
1414,山西大同大学,103,第103组,,,506,
1414,山西大同大学,104,第104组,,,503,
1415,山西农业大学,104,第104组,,,496,
1415,山西农业大学,105,第105组,,,477,
1415,山西农业大学,106,第106组,,,475,
1415,山西农业大学,107,第107组,,,484,
1416,太原师范学院,111,第111组,,,448,
1416,太原师范学院,112,第112组,,,463,
1416,太原师范学院,113,第113组,,,450,
1417,长治医学院,102,第102组,,,479,
1417,长治医学院,103,第103组,,,473,
1417,长治医学院,104,第104组,,,523,
1417,长治医学院,105,第105组,,,492,
1418,太原学院,103,第103组,,,469,
1418,太原学院,105,第105组,,,438,
1419,运城学院,102,第102组,,,449,
1420,忻州师范学院,112,第112组,,,476,
1420,忻州师范学院,113,第113组,,,467,
1420,忻州师范学院,114,第114组,,,450,
1420,忻州师范学院,115,第115组,,,456,
1420,忻州师范学院,116,第116组,,,471,
1421,吕梁学院,104,第104组,,,470,
1421,吕梁学院,105,第105组,,,450,
1421,吕梁学院,106,第106组,,,447,
1421,吕梁学院,107,第107组,,,472,
1422,山西传媒学院,108,第108组,,,473,
1422,山西传媒学院,110,第110组,,,454,
1430,山西工学院,101,第101组,,,474,
1431,山西晋中理工学院,102,第102组,,,447,
1434,长治学院,104,第104组,,,470,
1434,长治学院,105,第105组,,,449,
1444,晋中学院,102,第102组,,,466,
1444,晋中学院,103,第103组,,,446,
1445,山西工程技术学院,102,第102组,,,479,
1445,山西工程技术学院,103,第103组,,,458,
1445,山西工程技术学院,104,第104组,,,491,
1501,内蒙古大学,104,第104组,,,543,
1501,内蒙古大学,105,第105组,,,555,
1501,内蒙古大学,106,第106组,,,566,
1503,内蒙古工业大学,101,第101组,,,472,
1503,内蒙古工业大学,102,第102组,,,475,
1504,内蒙古农业大学,101,第101组,,,447,
1504,内蒙古农业大学,102,第102组,,,475,
1505,内蒙古科技大学,103,第103组,,,475,
1505,内蒙古科技大学,104,第104组,,,478,
1505,内蒙古科技大学,105,第105组,,,452,
1507,内蒙古师范大学,103,第103组,,,467,
1507,内蒙古师范大学,104,第104组,,,463,
1508,呼伦贝尔学院,105,第105组,,,464,
1508,呼伦贝尔学院,106,第106组,,,462,
1508,呼伦贝尔学院,107,第107组,,,469,
1508,呼伦贝尔学院,108,第108组,,,446,
1508,呼伦贝尔学院,109,第109组,,,457,
1509,内蒙古民族大学,104,第104组,,,465,
1509,内蒙古民族大学,105,第105组,,,448,
1509,内蒙古民族大学,106,第106组,,,446,
1509,内蒙古民族大学,107,第107组,,,465,
1510,内蒙古医科大学,101,第101组,,,466,
1510,内蒙古医科大学,102,第102组,,,539,
1510,内蒙古医科大学,103,第103组,,,454,
1510,内蒙古医科大学,104,第104组,,,511,
1510,内蒙古医科大学,105,第105组,,,496,
1512,赤峰学院,101,第101组,,,441,
1513,内蒙古科技大学包头师范学院,103,第103组,,,463,
1513,内蒙古科技大学包头师范学院,104,第104组,,,445,
1514,内蒙古科技大学包头医学院,101,第101组,,,446,
1515,内蒙古财经大学,102,第102组,,,469,
1633,营口理工学院,101,第101组,,,456,
2101,东北大学,109,第109组,,,610,
2101,东北大学,110,第110组,,,619,
2101,东北大学,211,第211组(中外合作办学或国际项目),,,582,
2101,东北大学,313,第313组(国家专项),,,595,
2101,东北大学,512,第512组(定向),,,609,
2101,东北大学,801,第801组(少数民族预科班),,,601,
2102,大连理工大学,102,第102组,,,633,
2102,大连理工大学,203,第203组(中外合作办学或国际项目),,,603,
2102,大连理工大学,304,第304组(国家专项),,,609,
2102,大连理工大学,305,第305组(国家专项),,,605,
2103,大连海事大学,103,第103组,,,590,
2103,大连海事大学,105,第105组,,,597,
2103,大连海事大学,204,第204组(中外合作办学或国际项目),,,585,
2103,大连海事大学,206,第206组(中外合作办学或国际项目),,,576,
2103,大连海事大学,307,第307组(国家专项),,,556,
2103,大连海事大学,308,第308组(国家专项),,,571,
2104,辽宁师范大学,107,第107组,,,512,
2104,辽宁师范大学,109,第109组,,,471,
2104,辽宁师范大学,111,第111组,,,508,
2104,辽宁师范大学,208,第208组(中外合作办学或国际项目),,,490,
2105,辽宁大学,111,第111组,,,583,
2105,辽宁大学,119,第119组,,,594,
2105,辽宁大学,120,第120组,,,567,
2105,辽宁大学,212,第212组(中外合作办学或国际项目),,,572,
2105,辽宁大学,213,第213组(中外合作办学或国际项目),,,541,
2105,辽宁大学,214,第214组(中外合作办学或国际项目),,,575,
2105,辽宁大学,215,第215组(中外合作办学或国际项目),,,562,
2105,辽宁大学,216,第216组(中外合作办学或国际项目),,,538,
2105,辽宁大学,321,第321组(国家专项),,,573,
2106,大连交通大学,104,第104组,,,543,
2106,大连交通大学,106,第106组,,,530,
2106,大连交通大学,205,第205组(中外合作办学或国际项目),,,534,
2106,大连交通大学,207,第207组(中外合作办学或国际项目),,,509,
2106,大连交通大学,308,第308组(国家专项),,,524,
2107,沈阳药科大学,102,第102组,,,522,
2107,沈阳药科大学,103,第103组,,,509,
2107,沈阳药科大学,304,第304组(国家专项),,,491,
2107,沈阳药科大学,305,第305组(国家专项),,,499,
2108,东北财经大学,107,第107组,,,562,
2108,东北财经大学,208,第208组(中外合作办学或国际项目),,,542,
2108,东北财经大学,209,第209组(中外合作办学或国际项目),,,553,
2108,东北财经大学,210,第210组(中外合作办学或国际项目),,,514,
2108,东北财经大学,211,第211组(中外合作办学或国际项目),,,565,
2108,东北财经大学,312,第312组(国家专项),,,545,
2109,辽宁工程技术大学,101,第101组,,,484,
2109,辽宁工程技术大学,102,第102组,,,487,
2109,辽宁工程技术大学,303,第303组(国家专项),,,477,
2110,沈阳大学,107,第107组,,,505,
2110,沈阳大学,109,第109组,,,486,
2110,沈阳大学,111,第111组,,,485,
2110,沈阳大学,208,第208组(中外合作办学或国际项目),,,471,
2110,沈阳大学,210,第210组(中外合作办学或国际项目),,,475,
2111,中国医科大学,101,第101组,,,581,
2111,中国医科大学,102,第102组,,,545,
2111,中国医科大学,203,第203组(中外合作办学或国际项目),,,526,
2111,中国医科大学,304,第304组(国家专项),,,509,
2112,鞍山师范学院,106,第106组,,,471,
2113,辽宁工业大学,101,第101组,,,489,
2113,辽宁工业大学,202,第202组(中外合作办学或国际项目),,,472,
2113,辽宁工业大学,203,第203组(中外合作办学或国际项目),,,437,
2114,锦州医科大学,101,第101组,,,498,
2114,锦州医科大学,102,第102组,,,446,
2114,锦州医科大学,103,第103组,,,442,
2114,锦州医科大学,204,第204组(中外合作办学或国际项目),,,457,
2115,沈阳医学院,102,第102组,,,483,
2115,沈阳医学院,103,第103组,,,447,
2115,沈阳医学院,104,第104组,,,449,
2115,沈阳医学院,105,第105组,,,503,
2116,沈阳师范大学,106,第106组,,,507,
2116,沈阳师范大学,205,第205组(中外合作办学或国际项目),,,466,
2117,沈阳建筑大学,102,第102组,,,497,
2117,沈阳建筑大学,103,第103组,,,498,
2117,沈阳建筑大学,106,第106组,,,494,
2117,沈阳建筑大学,204,第204组(中外合作办学或国际项目),,,477,
2117,沈阳建筑大学,205,第205组(中外合作办学或国际项目),,,471,
2117,沈阳建筑大学,207,第207组(中外合作办学或国际项目),,,483,
2117,沈阳建筑大学,208,第208组(中外合作办学或国际项目),,,470,
2117,沈阳建筑大学,309,第309组(国家专项),,,483,
2118,辽宁石油化工大学,101,第101组,,,478,
2118,辽宁石油化工大学,202,第202组(中外合作办学或国际项目),,,463,
2118,辽宁石油化工大学,303,第303组(国家专项),,,486,
2118,辽宁石油化工大学,801,第801组(少数民族预科班),,,475,
2119,沈阳体育学院,101,第101组,,,461,
2121,沈阳农业大学,101,第101组,,,498,
2121,沈阳农业大学,202,第202组(中外合作办学或国际项目),,,498,
2121,沈阳农业大学,303,第303组(国家专项),,,481,
2122,大连民族大学,103,第103组,,,479,
2122,大连民族大学,105,第105组,,,473,
2122,大连民族大学,306,第306组(国家专项),,,477,
2123,大连海洋大学,101,第101组,,,523,
2123,大连海洋大学,102,第102组,,,492,
2123,大连海洋大学,103,第103组,,,487,
2123,大连海洋大学,304,第304组(国家专项),,,515,
2124,沈阳工业大学,102,第102组,,,518,
2124,沈阳工业大学,103,第103组,,,504,
2124,沈阳工业大学,204,第204组(中外合作办学或国际项目),,,490,
2124,沈阳工业大学,305,第305组(国家专项),,,517,
2124,沈阳工业大学,306,第306组(国家专项),,,517,
2125,沈阳理工大学,104,第104组,,,516,
2125,沈阳理工大学,105,第105组,,,528,
2125,沈阳理工大学,206,第206组(中外合作办学或国际项目),,,473,
2125,沈阳理工大学,307,第307组(国家专项),,,510,
2126,沈阳航空航天大学,101,第101组,,,526,
2126,沈阳航空航天大学,102,第102组,,,534,
2126,沈阳航空航天大学,203,第203组(中外合作办学或国际项目),,,509,
2126,沈阳航空航天大学,204,第204组(中外合作办学或国际项目),,,509,
2126,沈阳航空航天大学,305,第305组(国家专项),,,558,
2127,辽宁科技大学,101,第101组,,,493,
2127,辽宁科技大学,102,第102组,,,489,
2127,辽宁科技大学,203,第203组(中外合作办学或国际项目),,,447,
2127,辽宁科技大学,304,第304组(国家专项),,,486,
2128,大连大学,105,第105组,,,506,
2128,大连大学,106,第106组,,,495,
2128,大连大学,307,第307组(国家专项),,,545,
2129,大连医科大学,101,第101组,,,568,
2129,大连医科大学,102,第102组,,,619,
2129,大连医科大学,103,第103组,,,545,
2129,大连医科大学,104,第104组,,,533,
2129,大连医科大学,305,第305组(国家专项),,,487,
2130,沈阳化工大学,101,第101组,,,508,
2130,沈阳化工大学,102,第102组,,,487,
2131,大连工业大学,107,第107组,,,509,
2131,大连工业大学,108,第108组,,,501,
2131,大连工业大学,109,第109组,,,495,
2131,大连工业大学,110,第110组,,,489,
2131,大连工业大学,112,第112组,,,544,
2131,大连工业大学,113,第113组,,,513,
2131,大连工业大学,114,第114组,,,508,
2131,大连工业大学,115,第115组,,,496,
2131,大连工业大学,116,第116组,,,532,
2131,大连工业大学,118,第118组,,,540,
2131,大连工业大学,206,第206组(中外合作办学或国际项目),,,484,
2131,大连工业大学,211,第211组(中外合作办学或国际项目),,,503,
2131,大连工业大学,217,第217组(中外合作办学或国际项目),,,498,
2131,大连工业大学,319,第319组(国家专项),,,546,
2132,大连外国语大学,104,第104组,,,509,
2132,大连外国语大学,105,第105组,,,516,
2134,渤海大学,105,第105组,,,493,
2134,渤海大学,106,第106组,,,454,
2134,渤海大学,107,第107组,,,496,
2134,渤海大学,108,第108组,,,478,
2134,渤海大学,109,第109组,,,475,
2134,渤海大学,112,第112组,,,501,
2134,渤海大学,210,第210组(中外合作办学或国际项目),,,476,
2134,渤海大学,211,第211组(中外合作办学或国际项目),,,449,
2140,大连医科大学中山学院,101,第101组,,,444,
2140,大连医科大学中山学院,102,第102组,,,470,
2140,大连医科大学中山学院,103,第103组,,,470,
2140,大连医科大学中山学院,104,第104组,,,445,
2140,大连医科大学中山学院,105,第105组,,,434,
2146,沈阳工程学院,101,第101组,,,491,
2146,沈阳工程学院,102,第102组,,,515,
2146,沈阳工程学院,203,第203组(中外合作办学或国际项目),,,542,
2146,沈阳工程学院,204,第204组(中外合作办学或国际项目),,,453,
2147,沈阳城市建设学院,102,第102组,,,435,
2147,沈阳城市建设学院,103,第103组,,,427,
2148,大连科技学院,102,第102组,,,425,
2149,辽宁科技学院,101,第101组,,,450,
2159,大连财经学院,102,第102组,,,443,
2160,大连东软信息学院,101,第101组,,,429,
2160,大连东软信息学院,102,第102组,,,432,
2162,大连理工大学(盘锦校区),101,第101组,,,600,
2162,大连理工大学(盘锦校区),102,第102组,,,601,
2162,大连理工大学(盘锦校区),203,第203组(中外合作办学或国际项目),,,584,
2170,辽宁对外经贸学院,102,第102组,,,428,
2176,沈阳工学院,104,第104组,,,441,
2176,沈阳工学院,105,第105组,,,437,
2177,辽宁理工学院,102,第102组,,,434,
2177,辽宁理工学院,103,第103组,,,,
2178,辽宁传媒学院,102,第102组,,,422,
2180,辽宁中医药大学,106,第106组,,,474,
2180,辽宁中医药大学,107,第107组,,,492,
2180,辽宁中医药大学,108,第108组,,,485,
2180,辽宁中医药大学,109,第109组,,,495,
2180,辽宁中医药大学,110,第110组,,,520,
2180,辽宁中医药大学,111,第111组,,,485,
2180,辽宁中医药大学,112,第112组,,,474,
2180,辽宁中医药大学,113,第113组,,,472,
2180,辽宁中医药大学,114,第114组,,,517,
2180,辽宁中医药大学,115,第115组,,,507,
2180,辽宁中医药大学,116,第116组,,,482,
2180,辽宁中医药大学,117,第117组,,,492,
2180,辽宁中医药大学,118,第118组,,,498,
2180,辽宁中医药大学,219,第219组(中外合作办学或国际项目),,,430,
2187,辽宁何氏医学院,102,第102组,,,,
2193,辽宁理工职业大学,101,第101组,,,433,
2193,辽宁理工职业大学,102,第102组,,,,
2195,沈阳城市学院,103,第103组,,,427,
2195,沈阳城市学院,104,第104组,,,,
2201,吉林大学,107,第107组,,,606,
2201,吉林大学,108,第108组,,,635,
2201,吉林大学,109,第109组,,,629,
2201,吉林大学,110,第110组,,,620,
2201,吉林大学,111,第111组,,,627,
2201,吉林大学,112,第112组,,,629,
2201,吉林大学,313,第313组(国家专项),,,595,
2201,吉林大学,314,第314组(国家专项),,,588,
2201,吉林大学,801,第801组(少数民族预科班),,,606,
2201,吉林大学,802,第802组(少数民族预科班),,,617,
2202,延边大学,102,第102组,,,549,
2202,延边大学,103,第103组,,,545,
2202,延边大学,304,第304组(国家专项),,,542,
2204,东北师范大学,115,第115组,,,575,
2204,东北师范大学,116,第116组,,,610,
2204,东北师范大学,117,第117组,,,585,
2204,东北师范大学,318,第318组(国家专项),,,572,
2204,东北师范大学,319,第319组(国家专项),,,571,
2206,吉林工程技术师范学院,102,第102组,,,439,
2206,吉林工程技术师范学院,203,第203组(中外合作办学或国际项目),,,438,
2207,长春工业大学,105,第105组,,,496,
2207,长春工业大学,110,第110组,,,487,
2207,长春工业大学,209,第209组(中外合作办学或国际项目),,,491,
2207,长春工业大学,211,第211组(中外合作办学或国际项目),,,489,
2209,吉林化工学院,101,第101组,,,470,
2209,吉林化工学院,102,第102组,,,468,
2209,吉林化工学院,103,第103组,,,450,
2210,吉林师范大学,109,第109组,,,451,
2210,吉林师范大学,112,第112组,,,521,
2210,吉林师范大学,208,第208组(中外合作办学或国际项目),,,462,
2210,吉林师范大学,210,第210组(中外合作办学或国际项目),,,461,
2210,吉林师范大学,211,第211组(中外合作办学或国际项目),,,453,
2211,白城师范学院,103,第103组,,,467,
2211,白城师范学院,104,第104组,,,450,
2211,白城师范学院,105,第105组,,,452,
2212,吉林医药学院,103,第103组,,,473,
2212,吉林医药学院,105,第105组,,,449,
2212,吉林医药学院,106,第106组,,,454,
2212,吉林医药学院,219,第219组(中外合作办学或国际项目),,,447,
2213,东北电力大学,101,第101组,,,556,
2213,东北电力大学,102,第102组,,,533,
2213,东北电力大学,203,第203组(中外合作办学或国际项目),,,575,
2214,吉林财经大学,103,第103组,,,503,
2214,吉林财经大学,105,第105组,,,504,
2214,吉林财经大学,204,第204组(中外合作办学或国际项目),,,487,
2215,长春理工大学,103,第103组,,,519,
2215,长春理工大学,104,第104组,,,551,
2215,长春理工大学,205,第205组(中外合作办学或国际项目),,,539,
2215,长春理工大学,206,第206组(中外合作办学或国际项目),,,448,
2215,长春理工大学,307,第307组(国家专项),,,519,
2216,吉林农业大学,104,第104组,,,483,
2216,吉林农业大学,105,第105组,,,473,
2216,吉林农业大学,106,第106组,,,433,
2216,吉林农业大学,108,第108组,,,485,
2216,吉林农业大学,207,第207组(中外合作办学或国际项目),,,439,
2216,吉林农业大学,309,第309组(国家专项),,,478,
2217,北华大学,108,第108组,,,478,
2217,北华大学,110,第110组,,,469,
2217,北华大学,112,第112组,,,517,
2217,北华大学,113,第113组,,,477,
2217,北华大学,211,第211组(中外合作办学或国际项目),,,444,
2218,长春工程学院,101,第101组,,,468,
2218,长春工程学院,102,第102组,,,475,
2218,长春工程学院,103,第103组,,,452,
2218,长春工程学院,204,第204组(中外合作办学或国际项目),,,443,
2219,长春师范大学,109,第109组,,,492,
2219,长春师范大学,110,第110组,,,467,
2219,长春师范大学,112,第112组,,,492,
2219,长春师范大学,211,第211组(中外合作办学或国际项目),,,456,
2220,长春大学,109,第109组,,,486,
2220,长春大学,110,第110组,,,478,
2220,长春大学,208,第208组(中外合作办学或国际项目),,,457,
2220,长春大学,211,第211组(中外合作办学或国际项目),,,455,
2220,长春大学,212,第212组(中外合作办学或国际项目),,,457,
2220,长春大学,213,第213组(中外合作办学或国际项目),,,446,
2220,长春大学,214,第214组(中外合作办学或国际项目),,,446,
2220,长春大学,215,第215组(中外合作办学或国际项目),,,458,
2220,长春大学,216,第216组(中外合作办学或国际项目),,,442,
2221,吉林建筑大学,105,第105组,,,475,
2221,吉林建筑大学,107,第107组,,,451,
2221,吉林建筑大学,206,第206组(中外合作办学或国际项目),,,462,
2221,吉林建筑大学,208,第208组(中外合作办学或国际项目),,,445,
2222,通化师范学院,105,第105组,,,449,
2222,通化师范学院,206,第206组(中外合作办学或国际项目),,,442,
2223,长春中医药大学,101,第101组,,,471,
2223,长春中医药大学,102,第102组,,,441,
2223,长春中医药大学,203,第203组(中外合作办学或国际项目),,,444,
2223,长春中医药大学,304,第304组(国家专项),,,489,
2224,吉林外国语大学,102,第102组,,,443,
2224,吉林外国语大学,103,第103组,,,434,
2228,长春科技学院,101,第101组,,,436,
2228,长春科技学院,102,第102组,,,429,
2228,长春科技学院,103,第103组,,,459,
2229,长春汽车职业技术大学,101,第101组,,,464,
2233,吉林农业科技学院,103,第103组,,,467,
2233,吉林农业科技学院,105,第105组,,,443,
2233,吉林农业科技学院,106,第106组,,,465,
2239,长春建筑学院,102,第102组,,,427,
2240,长春工业大学人文信息学院,102,第102组,,,437,
2240,长春工业大学人文信息学院,103,第103组,,,426,
2246,长春光华学院,102,第102组,,,442,
2246,长春光华学院,103,第103组,,,429,
2247,长春财经学院,102,第102组,,,438,
2247,长春财经学院,103,第103组,,,,
2248,长春电子科技学院,102,第102组,,,422,
2251,长春大学旅游学院,102,第102组,,,438,
2252,吉林师范大学博达学院,102,第102组,,,429,
2261,吉林工商学院,102,第102组,,,467,
2261,吉林工商学院,103,第103组,,,451,
2261,吉林工商学院,104,第104组,,,446,
2261,吉林工商学院,105,第105组,,,445,
2263,吉林警察学院,102,第102组,,,476,
2263,吉林警察学院,103,第103组,,,462,
2301,哈尔滨工业大学,104,第104组,,,665,
2301,哈尔滨工业大学,202,第202组(中外合作办学或国际项目),,,623,
2301,哈尔滨工业大学,203,第203组(中外合作办学或国际项目),,,598,
2301,哈尔滨工业大学,205,第205组(中外合作办学或国际项目),,,629,
2301,哈尔滨工业大学,206,第206组(中外合作办学或国际项目),,,626,
2301,哈尔滨工业大学,207,第207组(中外合作办学或国际项目),,,606,
2301,哈尔滨工业大学,308,第308组(国家专项),,,633,
2301,哈尔滨工业大学,709,第709组(民族班),,,636,
2302,哈尔滨工程大学,103,第103组,,,626,
2302,哈尔滨工程大学,104,第104组,,,623,
2302,哈尔滨工程大学,105,第105组,,,624,
2302,哈尔滨工程大学,106,第106组,,,612,
2302,哈尔滨工程大学,207,第207组(中外合作办学或国际项目),,,572,
2302,哈尔滨工程大学,208,第208组(中外合作办学或国际项目),,,598,
2302,哈尔滨工程大学,309,第309组(国家专项),,,596,
2302,哈尔滨工程大学,801,第801组(少数民族预科班),,,594,
2303,东北农业大学,107,第107组,,,557,
2303,东北农业大学,108,第108组,,,553,
2303,东北农业大学,209,第209组(中外合作办学或国际项目),,,543,
2303,东北农业大学,210,第210组(中外合作办学或国际项目),,,530,
2303,东北农业大学,311,第311组(国家专项),,,552,
2303,东北农业大学,312,第312组(国家专项),,,563,
2305,东北林业大学,104,第104组,,,556,
2305,东北林业大学,105,第105组,,,559,
2305,东北林业大学,206,第206组(中外合作办学或国际项目),,,536,
2305,东北林业大学,307,第307组(国家专项),,,538,
2306,东北石油大学,107,第107组,,,499,
2306,东北石油大学,108,第108组,,,489,
2309,哈尔滨师范大学,111,第111组,,,517,
2309,哈尔滨师范大学,112,第112组,,,532,
2310,黑龙江大学,109,第109组,,,524,
2310,黑龙江大学,110,第110组,,,488,
2310,黑龙江大学,311,第311组(国家专项),,,490,
2311,哈尔滨理工大学,101,第101组,,,541,
2311,哈尔滨理工大学,102,第102组,,,537,
2312,哈尔滨商业大学,102,第102组,,,493,
2312,哈尔滨商业大学,103,第103组,,,487,
2312,哈尔滨商业大学,104,第104组,,,468,
2313,黑龙江中医药大学,101,第101组,,,498,
2313,黑龙江中医药大学,102,第102组,,,470,
2313,黑龙江中医药大学,103,第103组,,,528,
2313,黑龙江中医药大学,104,第104组,,,517,
2314,黑龙江科技大学,103,第103组,,,484,
2314,黑龙江科技大学,104,第104组,,,475,
2315,佳木斯大学,103,第103组,,,444,
2315,佳木斯大学,104,第104组,,,467,
2315,佳木斯大学,105,第105组,,,512,
2316,哈尔滨医科大学,102,第102组,,,509,
2316,哈尔滨医科大学,103,第103组,,,601,
2316,哈尔滨医科大学,104,第104组,,,513,
2316,哈尔滨医科大学,105,第105组,,,470,
2316,哈尔滨医科大学,106,第106组,,,578,
2316,哈尔滨医科大学,107,第107组,,,516,
2316,哈尔滨医科大学,108,第108组,,,540,
2316,哈尔滨医科大学,109,第109组,,,534,
2316,哈尔滨医科大学,110,第110组,,,532,
2317,齐齐哈尔大学,109,第109组,,,489,
2317,齐齐哈尔大学,110,第110组,,,459,
2318,牡丹江医科大学,101,第101组,,,492,
2318,牡丹江医科大学,102,第102组,,,454,
2318,牡丹江医科大学,103,第103组,,,466,
2318,牡丹江医科大学,104,第104组,,,497,
2318,牡丹江医科大学,105,第105组,,,458,
2319,牡丹江师范学院,102,第102组,,,465,
2319,牡丹江师范学院,103,第103组,,,447,
2320,哈尔滨学院,106,第106组,,,478,
2320,哈尔滨学院,107,第107组,,,450,
2321,黑龙江工程学院,103,第103组,,,470,
2321,黑龙江工程学院,104,第104组,,,461,
2321,黑龙江工程学院,105,第105组,,,472,
2325,黑龙江工业学院,103,第103组,,,467,
2325,黑龙江工业学院,104,第104组,,,447,
2334,齐齐哈尔医学院,102,第102组,,,465,
2334,齐齐哈尔医学院,103,第103组,,,487,
2334,齐齐哈尔医学院,104,第104组,,,465,
2337,大庆师范学院,107,第107组,,,466,
2337,大庆师范学院,108,第108组,,,449,
2338,黑河学院,106,第106组,,,447,
2339,哈尔滨远东理工学院,101,第101组,,,427,
2339,哈尔滨远东理工学院,102,第102组,,,,
2340,哈尔滨金融学院,102,第102组,,,479,
2340,哈尔滨金融学院,103,第103组,,,482,
2340,哈尔滨金融学院,104,第104组,,,501,
2343,哈尔滨信息工程学院,102,第102组,,,444,
2343,哈尔滨信息工程学院,103,第103组,,,,
2351,黑龙江八一农垦大学,103,第103组,,,470,
2351,黑龙江八一农垦大学,104,第104组,,,449,
2351,黑龙江八一农垦大学,105,第105组,,,458,
2351,黑龙江八一农垦大学,106,第106组,,,480,
2351,黑龙江八一农垦大学,107,第107组,,,468,
2354,绥化学院,107,第107组,,,467,
2354,绥化学院,108,第108组,,,453,
2369,黑龙江东方学院,103,第103组,,,424,
2379,黑龙江外国语学院,102,第102组,,,,
2379,黑龙江外国语学院,103,第103组,,,427,
2380,黑龙江工程学院昆仑旅游学院,102,第102组,,,424,
2380,黑龙江工程学院昆仑旅游学院,103,第103组,,,,
2381,哈尔滨华德学院,102,第102组,,,428,
2381,哈尔滨华德学院,103,第103组,,,,
3101,复旦大学,103,第103组,,,681,
3101,复旦大学,104,第104组,,,687,
3101,复旦大学,105,第105组,,,677,
3101,复旦大学,306,第306组(国家专项),,,671,
3102,上海交通大学,105,第105组,,,688,
3102,上海交通大学,106,第106组,,,675,
3102,上海交通大学,308,第308组(国家专项),,,663,
3103,东华大学,108,第108组,,,601,
3103,东华大学,109,第109组,,,594,
3103,东华大学,110,第110组,,,604,
3103,东华大学,311,第311组(国家专项),,,571,
3104,同济大学,109,第109组,,,650,
3104,同济大学,110,第110组,,,648,
3104,同济大学,111,第111组,,,648,
3104,同济大学,212,第212组(中外合作办学或国际项目),,,641,
3104,同济大学,313,第313组(国家专项),,,627,
3105,华东理工大学,104,第104组,,,607,
3105,华东理工大学,306,第306组(国家专项),,,598,
3105,华东理工大学,707,第707组(民族班),,,593,
3106,华东师范大学,114,第114组,,,638,
3106,华东师范大学,115,第115组,,,635,
3107,上海外国语大学,107,第107组,,,599,
3107,上海外国语大学,308,第308组(国家专项),,,579,
3108,复旦大学医学院,101,第101组,,,682,
3108,复旦大学医学院,102,第102组,,,667,
3108,复旦大学医学院,303,第303组(国家专项),,,551,
3109,上海财经大学,103,第103组,,,620,
3109,上海财经大学,104,第104组,,,635,
3109,上海财经大学,105,第105组,,,637,
3110,上海大学,105,第105组,,,607,
3110,上海大学,107,第107组,,,613,
3110,上海大学,206,第206组(中外合作办学或国际项目),,,587,
3110,上海大学,208,第208组(中外合作办学或国际项目),,,578,
3110,上海大学,309,第309组(国家专项),,,603,
3114,上海海洋大学,103,第103组,,,576,
3114,上海海洋大学,202,第202组(中外合作办学或国际项目),,,555,
3116,华东政法大学,102,第102组,,,594,
3116,华东政法大学,802,第802组(少数民族预科班),,,585,
3117,上海体育大学,103,第103组,,,556,
3117,上海体育大学,104,第104组,,,564,
3118,上海电力大学,101,第101组,,,592,
3118,上海电力大学,801,第801组(少数民族预科班),,,571,
3119,上海商学院,104,第104组,,,533,
3119,上海商学院,105,第105组,,,539,
3119,上海商学院,106,第106组,,,536,
3119,上海商学院,307,第307组(国家专项),,,530,
3119,上海商学院,308,第308组(国家专项),,,533,
3120,上海第二工业大学,102,第102组,,,567,
3120,上海第二工业大学,103,第103组,,,527,
3120,上海第二工业大学,801,第801组(少数民族预科班),,,507,
3121,上海电机学院,102,第102组,,,519,
3121,上海电机学院,103,第103组,,,522,
3121,上海电机学院,204,第204组(中外合作办学或国际项目),,,480,
3122,上海海事大学,102,第102组,,,584,
3122,上海海事大学,103,第103组,,,569,
3122,上海海事大学,802,第802组(少数民族预科班),,,560,
3123,上海对外经贸大学,103,第103组,,,571,
3123,上海对外经贸大学,105,第105组,,,580,
3123,上海对外经贸大学,204,第204组(中外合作办学或国际项目),,,548,
3126,上海理工大学,103,第103组,,,580,
3126,上海理工大学,204,第204组(中外合作办学或国际项目),,,579,
3126,上海理工大学,305,第305组(国家专项),,,568,
3126,上海理工大学,801,第801组(少数民族预科班),,,564,
3128,上海师范大学,103,第103组,,,564,
3128,上海师范大学,304,第304组(国家专项),,,566,
3129,上海工程技术大学,101,第101组,,,526,
3129,上海工程技术大学,102,第102组,,,528,
3130,上海杉达学院,104,第104组,,,457,
3130,上海杉达学院,105,第105组,,,452,
3130,上海杉达学院,107,第107组,,,438,
3130,上海杉达学院,206,第206组(中外合作办学或国际项目),,,456,
3131,上海政法学院,102,第102组,,,568,
3135,海军军医大学,104,第104组,,,608,
3135,海军军医大学,105,第105组,,,595,
3138,上海视觉艺术学院,106,第106组,,,458,
3139,上海应用技术大学,103,第103组,,,557,
3139,上海应用技术大学,104,第104组,,,534,
3139,上海应用技术大学,105,第105组,,,547,
3139,上海应用技术大学,106,第106组,,,531,
3139,上海应用技术大学,107,第107组,,,537,
3139,上海应用技术大学,110,第110组,,,551,
3139,上海应用技术大学,208,第208组(中外合作办学或国际项目),,,513,
3142,上海健康医学院,101,第101组,,,498,
3142,上海健康医学院,102,第102组,,,497,
3146,上海立信会计金融学院,104,第104组,,,537,
3146,上海立信会计金融学院,105,第105组,,,534,
3146,上海立信会计金融学院,106,第106组,,,536,
3146,上海立信会计金融学院,307,第307组(国家专项),,,533,
3146,上海立信会计金融学院,308,第308组(国家专项),,,527,
3146,上海立信会计金融学院,802,第802组(少数民族预科班),,,525,
3149,上海建桥学院,103,第103组,,,441,
3149,上海建桥学院,104,第104组,,,429,
3149,上海建桥学院,105,第105组,,,451,
3162,上海中侨职业技术大学,103,第103组,,,423,
3169,上海外国语大学贤达经济人文学院,103,第103组,,,,
3170,上海交通大学医学院,101,第101组,,,679,
3170,上海交通大学医学院,102,第102组,,,642,
3170,上海交通大学医学院,303,第303组(国家专项),,,660,
3171,上海师范大学天华学院,102,第102组,,,448,
3171,上海师范大学天华学院,104,第104组,,,425,
3171,上海师范大学天华学院,203,第203组(中外合作办学或国际项目),,,,
3173,上海立达学院,105,第105组,,,422,
3173,上海立达学院,106,第106组,,,,
3201,南京大学,103,第103组,,,670,
3201,南京大学,104,第104组,,,670,
3201,南京大学,305,第305组(国家专项),,,650,
3202,东南大学,103,第103组,,,651,
3202,东南大学,304,第304组(国家专项),,,616,
3202,东南大学,305,第305组(国家专项),,,627,
3202,东南大学,801,第801组(少数民族预科班),,,614,
3203,中国矿业大学,105,第105组,,,587,
3203,中国矿业大学,106,第106组,,,599,
3203,中国矿业大学,207,第207组(中外合作办学或国际项目),,,575,
3203,中国矿业大学,208,第208组(中外合作办学或国际项目),,,569,
3203,中国矿业大学,309,第309组(国家专项),,,580,
3203,中国矿业大学,310,第310组(国家专项),,,574,
3204,河海大学,104,第104组,,,597,
3204,河海大学,105,第105组,,,599,
3204,河海大学,206,第206组(中外合作办学或国际项目),,,572,
3204,河海大学,307,第307组(国家专项),,,583,
3205,南京理工大学,102,第102组,,,597,
3205,南京理工大学,103,第103组,,,614,
3205,南京理工大学,204,第204组(中外合作办学或国际项目),,,598,
3205,南京理工大学,305,第305组(国家专项),,,586,
3205,南京理工大学,306,第306组(国家专项),,,600,
3206,南京航空航天大学,102,第102组,,,620,
3206,南京航空航天大学,203,第203组(中外合作办学或国际项目),,,597,
3206,南京航空航天大学,304,第304组(国家专项),,,615,
3206,南京航空航天大学,801,第801组(少数民族预科班),,,603,
3207,南京农业大学,102,第102组,,,574,
3207,南京农业大学,103,第103组,,,585,
3207,南京农业大学,304,第304组(国家专项),,,564,
3207,南京农业大学,305,第305组(国家专项),,,566,
3208,中国药科大学,102,第102组,,,605,
3208,中国药科大学,103,第103组,,,602,
3208,中国药科大学,204,第204组(中外合作办学或国际项目),,,581,
3208,中国药科大学,305,第305组(国家专项),,,564,
3208,中国药科大学,306,第306组(国家专项),,,582,
3208,中国药科大学,801,第801组(少数民族预科班),,,587,
3208,中国药科大学,802,第802组(少数民族预科班),,,587,
3209,南京师范大学,107,第107组,,,584,
3209,南京师范大学,108,第108组,,,592,
3209,南京师范大学,309,第309组(国家专项),,,578,
3209,南京师范大学,310,第310组(国家专项),,,580,
3210,苏州大学,108,第108组,,,615,
3210,苏州大学,109,第109组,,,613,
3210,苏州大学,110,第110组,,,592,
3210,苏州大学,311,第311组(国家专项),,,581,
3210,苏州大学,312,第312组(国家专项),,,572,
3210,苏州大学,313,第313组(国家专项),,,576,
3211,江南大学,110,第110组,,,590,
3211,江南大学,111,第111组,,,609,
3211,江南大学,112,第112组,,,608,
3211,江南大学,113,第113组,,,598,
3211,江南大学,114,第114组,,,608,
3211,江南大学,115,第115组,,,594,
3211,江南大学,116,第116组,,,598,
3211,江南大学,117,第117组,,,611,
3211,江南大学,118,第118组,,,610,
3211,江南大学,119,第119组,,,591,
3211,江南大学,120,第120组,,,593,
3211,江南大学,121,第121组,,,607,
3211,江南大学,122,第122组,,,612,
3211,江南大学,123,第123组,,,607,
3211,江南大学,124,第124组,,,607,
3211,江南大学,125,第125组,,,613,
3211,江南大学,326,第326组(国家专项),,,560,
3211,江南大学,327,第327组(国家专项),,,570,
3211,江南大学,801,第801组(少数民族预科班),,,593,
3212,南京信息工程大学,102,第102组,,,593,
3212,南京信息工程大学,303,第303组(国家专项),,,551,
3213,西交利物浦大学,102,第102组,,,569,
3213,西交利物浦大学,103,第103组,,,572,
3215,江苏大学,102,第102组,,,583,
3215,江苏大学,103,第103组,,,570,
3215,江苏大学,304,第304组(国家专项),,,547,
3216,盐城师范学院,104,第104组,,,463,
3217,淮阴工学院,101,第101组,,,480,
3217,淮阴工学院,102,第102组,,,474,
3218,南京林业大学,102,第102组,,,572,
3218,南京林业大学,103,第103组,,,555,
3218,南京林业大学,104,第104组,,,564,
3218,南京林业大学,105,第105组,,,575,
3218,南京林业大学,306,第306组(国家专项),,,551,
3218,南京林业大学,307,第307组(国家专项),,,549,
3219,南京体育学院,102,第102组,,,473,
3220,苏州科技大学,106,第106组,,,554,
3220,苏州科技大学,108,第108组,,,541,
3220,苏州科技大学,207,第207组(中外合作办学或国际项目),,,513,
3220,苏州科技大学,209,第209组(中外合作办学或国际项目),,,503,
3222,南京邮电大学,102,第102组,,,608,
3222,南京邮电大学,303,第303组(国家专项),,,582,
3222,南京邮电大学,304,第304组(国家专项),,,563,
3223,江苏师范大学,109,第109组,,,545,
3223,江苏师范大学,111,第111组,,,538,
3223,江苏师范大学,210,第210组(中外合作办学或国际项目),,,509,
3223,江苏师范大学,212,第212组(中外合作办学或国际项目),,,521,
3224,常州大学,105,第105组,,,528,
3225,常熟理工学院,105,第105组,,,509,
3226,南京审计大学,103,第103组,,,584,
3226,南京审计大学,204,第204组(中外合作办学或国际项目),,,574,
3227,南京财经大学,103,第103组,,,557,
3227,南京财经大学,104,第104组,,,557,
3228,江苏师范大学科文学院,104,第104组,,,450,
3228,江苏师范大学科文学院,105,第105组,,,450,
3228,江苏师范大学科文学院,106,第106组,,,451,
3228,江苏师范大学科文学院,107,第107组,,,438,
3230,南京工业大学,103,第103组,,,557,
3230,南京工业大学,304,第304组(国家专项),,,554,
3231,南京理工大学紫金学院,101,第101组,,,454,
3233,南京中医药大学,101,第101组,,,572,
3233,南京中医药大学,102,第102组,,,598,
3233,南京中医药大学,103,第103组,,,532,
3234,南京医科大学,102,第102组,,,568,
3234,南京医科大学,103,第103组,,,587,
3234,南京医科大学,104,第104组,,,561,
3235,江苏科技大学,103,第103组,,,563,
3235,江苏科技大学,104,第104组,,,535,
3235,江苏科技大学,105,第105组,,,559,
3235,江苏科技大学,106,第106组,,,530,
3235,江苏科技大学,107,第107组,,,568,
3237,徐州医科大学,101,第101组,,,562,
3238,南通大学,105,第105组,,,535,
3238,南通大学,106,第106组,,,536,
3239,淮阴师范学院,107,第107组,,,474,
3239,淮阴师范学院,108,第108组,,,460,
3240,南京工程学院,103,第103组,,,541,
3240,南京工程学院,104,第104组,,,535,
3241,常州工学院,102,第102组,,,513,
3243,江苏海洋大学,102,第102组,,,503,
3243,江苏海洋大学,802,第802组(少数民族预科班),,,484,
3244,盐城工学院,101,第101组,,,461,
3245,扬州大学,108,第108组,,,563,
3245,扬州大学,309,第309组(国家专项),,,565,
3245,扬州大学,310,第310组(国家专项),,,536,
3249,无锡太湖学院,102,第102组,,,450,
3249,无锡太湖学院,103,第103组,,,445,
3250,徐州工程学院,102,第102组,,,513,
3250,徐州工程学院,103,第103组,,,489,
3256,无锡学院,102,第102组,,,509,
3256,无锡学院,103,第103组,,,514,
3257,南京邮电大学通达学院,101,第101组,,,445,
3258,南京审计大学金审学院,102,第102组,,,459,
3258,南京审计大学金审学院,103,第103组,,,447,
3259,南京航空航天大学金城学院,105,第105组,,,456,
3259,南京航空航天大学金城学院,106,第106组,,,462,
3259,南京航空航天大学金城学院,107,第107组,,,447,
3261,南京工业大学浦江学院,102,第102组,,,461,
3261,南京工业大学浦江学院,103,第103组,,,444,
3262,南京晓庄学院,104,第104组,,,509,
3263,东南大学成贤学院,102,第102组,,,486,
3263,东南大学成贤学院,103,第103组,,,451,
3264,江苏理工学院,102,第102组,,,509,
3264,江苏理工学院,103,第103组,,,508,
3265,三江学院,103,第103组,,,448,
3265,三江学院,104,第104组,,,442,
3271,南京特殊教育师范学院,102,第102组,,,506,
3271,南京特殊教育师范学院,103,第103组,,,468,
3273,金陵科技学院,102,第102组,,,506,
3273,金陵科技学院,103,第103组,,,500,
3273,金陵科技学院,802,第802组(少数民族预科班),,,491,
3277,南京理工大学泰州科技学院,101,第101组,,,428,
3283,南通大学杏林学院,101,第101组,,,433,
3286,南京工业职业技术大学,102,第102组,,,506,
3290,常州大学怀德学院,103,第103组,,,442,
3290,常州大学怀德学院,104,第104组,,,429,
3301,浙江大学,106,第106组,,,671,
3301,浙江大学,307,第307组(国家专项),,,650,
3301,浙江大学,308,第308组(国家专项),,,660,
3302,浙江中医药大学,103,第103组,,,551,
3302,浙江中医药大学,104,第104组,,,567,
3302,浙江中医药大学,105,第105组,,,529,
3302,浙江中医药大学,106,第106组,,,532,
3302,浙江中医药大学,107,第107组,,,518,
3302,浙江中医药大学,108,第108组,,,541,
3302,浙江中医药大学,109,第109组,,,519,
3302,浙江中医药大学,310,第310组(国家专项),,,564,
3302,浙江中医药大学,311,第311组(国家专项),,,513,
3303,宁波大学,106,第106组,,,580,
3303,宁波大学,107,第107组,,,575,
3303,宁波大学,110,第110组,,,576,
3303,宁波大学,209,第209组(中外合作办学或国际项目),,,521,
3303,宁波大学,211,第211组(中外合作办学或国际项目),,,570,
3303,宁波大学,212,第212组(中外合作办学或国际项目),,,525,
3303,宁波大学,313,第313组(国家专项),,,547,
3304,湖州师范学院,106,第106组,,,492,
3304,湖州师范学院,107,第107组,,,488,
3304,湖州师范学院,108,第108组,,,498,
3304,湖州师范学院,802,第802组(少数民族预科班),,,486,
3305,绍兴文理学院,104,第104组,,,497,
3305,绍兴文理学院,105,第105组,,,449,
3305,绍兴文理学院,801,第801组(少数民族预科班),,,467,
3306,浙江工商大学,102,第102组,,,547,
3306,浙江工商大学,103,第103组,,,569,
3306,浙江工商大学,104,第104组,,,560,
3307,中国计量大学,101,第101组,,,565,
3307,中国计量大学,102,第102组,,,553,
3308,杭州电子科技大学,103,第103组,,,557,
3308,杭州电子科技大学,104,第104组,,,602,
3308,杭州电子科技大学,205,第205组(中外合作办学或国际项目),,,591,
3309,中国美术学院,103,第103组,,,596,
3310,浙江理工大学,107,第107组,,,548,
3310,浙江理工大学,109,第109组,,,555,
3310,浙江理工大学,208,第208组(中外合作办学或国际项目),,,486,
3310,浙江理工大学,310,第310组(国家专项),,,527,
3311,温州医科大学,101,第101组,,,532,
3311,温州医科大学,102,第102组,,,527,
3311,温州医科大学,103,第103组,,,565,
3311,温州医科大学,105,第105组,,,519,
3311,温州医科大学,106,第106组,,,513,
3311,温州医科大学,204,第204组(中外合作办学或国际项目),,,583,
3312,浙江农林大学,103,第103组,,,540,
3312,浙江农林大学,104,第104组,,,507,
3312,浙江农林大学,105,第105组,,,529,
3312,浙江农林大学,306,第306组(国家专项),,,474,
3313,浙江海洋大学,102,第102组,,,532,
3313,浙江海洋大学,103,第103组,,,503,
3313,浙江海洋大学,105,第105组,,,533,
3313,浙江海洋大学,204,第204组(中外合作办学或国际项目),,,488,
3314,浙江工业大学,103,第103组,,,581,
3314,浙江工业大学,104,第104组,,,545,
3314,浙江工业大学,105,第105组,,,575,
3314,浙江工业大学,106,第106组,,,594,
3314,浙江工业大学,107,第107组,,,574,
3314,浙江工业大学,208,第208组(中外合作办学或国际项目),,,522,
3314,浙江工业大学,309,第309组(国家专项),,,542,
3314,浙江工业大学,310,第310组(国家专项),,,586,
3315,嘉兴大学,103,第103组,,,511,
3315,嘉兴大学,104,第104组,,,517,
3315,嘉兴大学,802,第802组(少数民族预科班),,,502,
3318,浙江师范大学,110,第110组,,,481,
3318,浙江师范大学,111,第111组,,,551,
3318,浙江师范大学,212,第212组(中外合作办学或国际项目),,,561,
3318,浙江师范大学,313,第313组(国家专项),,,562,
3319,温州大学,108,第108组,,,540,
3319,温州大学,109,第109组,,,537,
3319,温州大学,110,第110组,,,529,
3319,温州大学,211,第211组(中外合作办学或国际项目),,,523,
3320,浙江科技大学,104,第104组,,,524,
3320,浙江科技大学,105,第105组,,,524,
3320,浙江科技大学,106,第106组,,,528,
3320,浙江科技大学,207,第207组(中外合作办学或国际项目),,,493,
3320,浙江科技大学,801,第801组(少数民族预科班),,,501,
3321,台州学院,103,第103组,,,489,
3321,台州学院,104,第104组,,,476,
3321,台州学院,802,第802组(少数民族预科班),,,465,
3322,浙江财经大学,104,第104组,,,554,
3322,浙江财经大学,106,第106组,,,556,
3322,浙江财经大学,107,第107组,,,565,
3322,浙江财经大学,205,第205组(中外合作办学或国际项目),,,531,
3322,浙江财经大学,308,第308组(国家专项),,,562,
3323,杭州师范大学,106,第106组,,,544,
3323,杭州师范大学,107,第107组,,,556,
3323,杭州师范大学,108,第108组,,,537,
3323,杭州师范大学,209,第209组(中外合作办学或国际项目),,,509,
3323,杭州师范大学,210,第210组(中外合作办学或国际项目),,,529,
3325,浙江传媒学院,114,第114组,,,531,
3325,浙江传媒学院,116,第116组,,,544,
3325,浙江传媒学院,117,第117组,,,505,
3325,浙江传媒学院,215,第215组(中外合作办学或国际项目),,,533,
3326,浙江树人学院,102,第102组,,,445,
3326,浙江树人学院,103,第103组,,,440,
3328,中国计量大学现代科技学院,101,第101组,,,451,
3328,中国计量大学现代科技学院,102,第102组,,,437,
3329,丽水学院,107,第107组,,,490,
3329,丽水学院,108,第108组,,,464,
3329,丽水学院,109,第109组,,,488,
3329,丽水学院,110,第110组,,,480,
3329,丽水学院,111,第111组,,,500,
3329,丽水学院,112,第112组,,,487,
3329,丽水学院,802,第802组(少数民族预科班),,,464,
3331,浙大城市学院,102,第102组,,,518,
3331,浙大城市学院,103,第103组,,,520,
3332,浙江万里学院,103,第103组,,,466,
3332,浙江万里学院,105,第105组,,,469,
3332,浙江万里学院,106,第106组,,,449,
3332,浙江万里学院,204,第204组(中外合作办学或国际项目),,,453,
3333,浙大宁波理工学院,102,第102组,,,508,
3333,浙大宁波理工学院,103,第103组,,,509,
3334,宁波大学科学技术学院,102,第102组,,,453,
3334,宁波大学科学技术学院,103,第103组,,,458,
3334,宁波大学科学技术学院,104,第104组,,,433,
3335,宁波诺丁汉大学,103,第103组,,,556,
3335,宁波诺丁汉大学,104,第104组,,,559,
3336,宁波工程学院,102,第102组,,,497,
3336,宁波工程学院,103,第103组,,,511,
3336,宁波工程学院,104,第104组,,,488,
3336,宁波工程学院,205,第205组(中外合作办学或国际项目),,,464,
3337,浙江工业大学之江学院,102,第102组,,,451,
3337,浙江工业大学之江学院,103,第103组,,,443,
3339,嘉兴南湖学院,103,第103组,,,498,
3339,嘉兴南湖学院,104,第104组,,,490,
3340,浙江水利水电学院,102,第102组,,,492,
3340,浙江水利水电学院,103,第103组,,,491,
3340,浙江水利水电学院,104,第104组,,,488,
3343,浙江广厦建设职业技术大学,103,第103组,,,427,
3346,杭州医学院,101,第101组,,,498,
3346,杭州医学院,102,第102组,,,490,
3347,湖州学院,102,第102组,,,485,
3348,温州商学院,103,第103组,,,436,
3348,温州商学院,104,第104组,,,434,
3350,浙江外国语学院,103,第103组,,,507,
3350,浙江外国语学院,105,第105组,,,517,
3350,浙江外国语学院,204,第204组(中外合作办学或国际项目),,,492,
3351,浙江药科职业大学,102,第102组,,,469,
3359,杭州电子科技大学信息工程学院,102,第102组,,,478,
3359,杭州电子科技大学信息工程学院,103,第103组,,,443,
3365,宁波财经学院,104,第104组,,,441,
3365,宁波财经学院,105,第105组,,,425,
3367,浙江农林大学暨阳学院,101,第101组,,,447,
3367,浙江农林大学暨阳学院,102,第102组,,,440,
3367,浙江农林大学暨阳学院,103,第103组,,,449,
3368,温州医科大学仁济学院,101,第101组,,,480,
3368,温州医科大学仁济学院,102,第102组,,,436,
3371,浙江理工大学科技与艺术学院,101,第101组,,,441,
3371,浙江理工大学科技与艺术学院,102,第102组,,,430,
3372,温州理工学院,104,第104组,,,497,
3372,温州理工学院,105,第105组,,,496,
3373,浙江工商大学杭州商学院,102,第102组,,,451,
3373,浙江工商大学杭州商学院,106,第106组,,,457,
3380,浙江越秀外国语学院,106,第106组,,,437,
3380,浙江越秀外国语学院,107,第107组,,,432,
3380,浙江越秀外国语学院,109,第109组,,,428,
3380,浙江越秀外国语学院,208,第208组(中外合作办学或国际项目),,,426,
3383,浙江大学医学院,201,第201组(中外合作办学或国际项目),,,635,
3386,衢州学院,102,第102组,,,480,
3386,衢州学院,103,第103组,,,470,
3387,上海财经大学浙江学院,102,第102组,,,466,
3393,温州肯恩大学,102,第102组,,,511,
3393,温州肯恩大学,103,第103组,,,521,
3401,中国科学技术大学,101,第101组,,,671,
3401,中国科学技术大学,302,第302组(国家专项),,,654,
3401,中国科学技术大学,303,第303组(国家专项),,,666,
3402,安徽大学,104,第104组,,,574,
3402,安徽大学,105,第105组,,,599,
3402,安徽大学,206,第206组(中外合作办学或国际项目),,,580,
3404,合肥工业大学,104,第104组,,,586,
3404,合肥工业大学,106,第106组,,,611,
3404,合肥工业大学,205,第205组(中外合作办学或国际项目),,,565,
3404,合肥工业大学,307,第307组(国家专项),,,576,
3404,合肥工业大学,801,第801组(少数民族预科班),,,580,
3405,合肥工业大学(宣城校区),103,第103组,,,594,
3405,合肥工业大学(宣城校区),304,第304组(国家专项),,,564,
3405,合肥工业大学(宣城校区),305,第305组(国家专项),,,575,
3406,安徽中医药大学,102,第102组,,,500,
3407,安徽医科大学,101,第101组,,,530,
3408,淮北师范大学,109,第109组,,,501,
3408,淮北师范大学,110,第110组,,,517,
3408,淮北师范大学,111,第111组,,,488,
3409,安徽财经大学,102,第102组,,,536,
3410,合肥大学,103,第103组,,,501,
3410,合肥大学,104,第104组,,,511,
3411,安徽理工大学,101,第101组,,,521,
3411,安徽理工大学,102,第102组,,,534,
3411,安徽理工大学,103,第103组,,,515,
3412,安徽工业大学,102,第102组,,,526,
3412,安徽工业大学,103,第103组,,,514,
3413,安徽农业大学,101,第101组,,,490,
3416,安徽工程大学,102,第102组,,,496,
3416,安徽工程大学,103,第103组,,,479,
3417,安徽师范大学,107,第107组,,,545,
3417,安徽师范大学,108,第108组,,,536,
3417,安徽师范大学,109,第109组,,,514,
3417,安徽师范大学,110,第110组,,,562,
3418,安徽科技学院,101,第101组,,,482,
3418,安徽科技学院,102,第102组,,,467,
3418,安徽科技学院,103,第103组,,,484,
3419,安徽建筑大学,103,第103组,,,504,
3419,安徽建筑大学,104,第104组,,,530,
3419,安徽建筑大学,105,第105组,,,495,
3419,安徽建筑大学,106,第106组,,,529,
3422,合肥师范学院,101,第101组,,,479,
3422,合肥师范学院,102,第102组,,,444,
3425,黄山学院,102,第102组,,,467,
3425,黄山学院,103,第103组,,,451,
3425,黄山学院,104,第104组,,,470,
3426,蚌埠医科大学,102,第102组,,,490,
3427,阜阳师范大学,103,第103组,,,487,
3427,阜阳师范大学,104,第104组,,,495,
3434,皖江工学院,101,第101组,,,428,
3443,宿州学院,104,第104组,,,453,
3444,皖西学院,104,第104组,,,478,
3448,安徽信息工程学院,101,第101组,,,432,
3458,蚌埠学院,101,第101组,,,453,
3463,池州学院,103,第103组,,,453,
3501,厦门大学,116,第116组,,,629,
3501,厦门大学,117,第117组,,,637,
3501,厦门大学,118,第118组,,,635,
3501,厦门大学,119,第119组(厦门大学马来西亚分校),,,595,
3501,厦门大学,120,第120组(厦门大学马来西亚分校),,,575,
3501,厦门大学,321,第321组(国家专项),,,620,
3501,厦门大学,802,第802组(少数民族预科班),,,625,
3502,福州大学,105,第105组,,,586,
3502,福州大学,107,第107组,,,600,
3502,福州大学,206,第206组(中外合作办学或国际项目),,,569,
3502,福州大学,208,第208组(中外合作办学或国际项目),,,586,
3502,福州大学,209,第209组(中外合作办学或国际项目),,,591,
3502,福州大学,310,第310组(国家专项),,,574,
3505,宁德师范学院,103,第103组,,,457,
3505,宁德师范学院,104,第104组,,,487,
3506,福建医科大学,101,第101组,,,516,
3506,福建医科大学,102,第102组,,,517,
3506,福建医科大学,103,第103组,,,531,
3507,集美大学,108,第108组,,,543,
3507,集美大学,109,第109组,,,540,
3507,集美大学,110,第110组,,,537,
3507,集美大学,311,第311组(国家专项),,,543,
3507,集美大学,312,第312组(国家专项),,,553,
3507,集美大学,313,第313组(国家专项),,,486,
3508,华侨大学,107,第107组,,,547,
3508,华侨大学,108,第108组,,,557,
3508,华侨大学,109,第109组,,,546,
3508,华侨大学,110,第110组,,,572,
3509,福建师范大学,207,第207组(中外合作办学或国际项目),,,541,
3509,福建师范大学,308,第308组(国家专项),,,507,
3510,厦门理工学院,107,第107组,,,529,
3510,厦门理工学院,108,第108组,,,530,
3510,厦门理工学院,209,第209组(中外合作办学或国际项目),,,519,
3510,厦门理工学院,210,第210组(中外合作办学或国际项目),,,522,
3511,仰恩大学,102,第102组,,,446,
3511,仰恩大学,103,第103组,,,436,
3512,闽南师范大学,106,第106组,,,499,
3512,闽南师范大学,108,第108组,,,485,
3512,闽南师范大学,207,第207组(中外合作办学或国际项目),,,433,
3513,福建理工大学,102,第102组,,,499,
3513,福建理工大学,103,第103组,,,504,
3514,莆田学院,105,第105组,,,484,
3514,莆田学院,106,第106组,,,509,
3514,莆田学院,204,第204组(中外合作办学或国际项目),,,458,
3515,泉州师范学院,107,第107组,,,483,
3515,泉州师范学院,108,第108组,,,466,
3515,泉州师范学院,109,第109组,,,495,
3515,泉州师范学院,110,第110组,,,475,
3515,泉州师范学院,111,第111组,,,486,
3516,福建农林大学,103,第103组,,,525,
3516,福建农林大学,105,第105组,,,499,
3516,福建农林大学,106,第106组,,,526,
3516,福建农林大学,204,第204组(中外合作办学或国际项目),,,455,
3516,福建农林大学,307,第307组(国家专项),,,491,
3517,闽江学院,105,第105组,,,498,
3517,闽江学院,106,第106组,,,497,
3518,福建中医药大学,101,第101组,,,506,
3518,福建中医药大学,102,第102组,,,554,
3518,福建中医药大学,203,第203组(中外合作办学或国际项目),,,488,
3519,厦门大学嘉庚学院,108,第108组,,,463,
3519,厦门大学嘉庚学院,109,第109组,,,458,
3519,厦门大学嘉庚学院,110,第110组,,,456,
3520,三明学院,105,第105组,,,470,
3520,三明学院,106,第106组,,,458,
3521,厦门工学院,102,第102组,,,430,
3522,福建商学院,103,第103组,,,475,
3522,福建商学院,104,第104组,,,471,
3523,集美大学诚毅学院,103,第103组,,,457,
3523,集美大学诚毅学院,104,第104组,,,446,
3524,泉州职业技术大学,102,第102组,,,438,
3525,武夷学院,102,第102组,,,470,
3525,武夷学院,103,第103组,,,456,
3526,龙岩学院,105,第105组,,,468,
3526,龙岩学院,106,第106组,,,455,
3529,福建师范大学协和学院,105,第105组,,,450,
3529,福建师范大学协和学院,107,第107组,,,448,
3529,福建师范大学协和学院,108,第108组,,,451,
3529,福建师范大学协和学院,109,第109组,,,443,
3529,福建师范大学协和学院,206,第206组(中外合作办学或国际项目),,,448,
3531,阳光学院,102,第102组,,,432,
3531,阳光学院,104,第104组,,,,
3531,阳光学院,203,第203组(中外合作办学或国际项目),,,,
3532,福建农林大学金山学院,103,第103组,,,449,
3532,福建农林大学金山学院,105,第105组,,,433,
3532,福建农林大学金山学院,204,第204组(中外合作办学或国际项目),,,437,
3534,福建技术师范学院,102,第102组,,,469,
3534,福建技术师范学院,103,第103组,,,451,
3535,泉州信息工程学院,101,第101组,,,426,
3536,闽南科技学院,102,第102组,,,446,
3536,闽南科技学院,103,第103组,,,449,
3536,闽南科技学院,104,第104组,,,433,
3540,福州大学至诚学院,104,第104组,,,434,
3572,厦门医学院,101,第101组,,,509,
3572,厦门医学院,102,第102组,,,503,
3572,厦门医学院,103,第103组,,,492,
3575,福建江夏学院,102,第102组,,,485,
3575,福建江夏学院,103,第103组,,,478,
3587,厦门华厦学院,104,第104组,,,435,
3587,厦门华厦学院,106,第106组,,,,
3599,福州外语外贸学院,104,第104组,,,432,
3599,福州外语外贸学院,106,第106组,,,,
3601,南昌大学,118,第118组,,,584,
3601,南昌大学,119,第119组,,,583,
3601,南昌大学,121,第121组,,,615,
3601,南昌大学,220,第220组(中外合作办学或国际项目),,,584,
3602,南昌师范学院,106,第106组,,,485,
3602,南昌师范学院,107,第107组,,,488,
3603,华东交通大学,106,第106组,,,544,
3603,华东交通大学,107,第107组,,,542,
3603,华东交通大学,109,第109组,,,557,
3603,华东交通大学,208,第208组(中外合作办学或国际项目),,,540,
3604,江西财经大学,111,第111组,,,579,
3604,江西财经大学,112,第112组,,,570,
3604,江西财经大学,113,第113组,,,566,
3604,江西财经大学,114,第114组,,,557,
3604,江西财经大学,116,第116组,,,561,
3604,江西财经大学,215,第215组(中外合作办学或国际项目),,,563,
3604,江西财经大学,217,第217组(中外合作办学或国际项目),,,565,
3605,南昌航空大学,107,第107组,,,541,
3605,南昌航空大学,108,第108组,,,517,
3605,南昌航空大学,109,第109组,,,533,
3605,南昌航空大学,210,第210组(中外合作办学或国际项目),,,539,
3606,景德镇陶瓷大学,108,第108组,,,516,
3606,景德镇陶瓷大学,109,第109组,,,495,
3606,景德镇陶瓷大学,110,第110组,,,505,
3606,景德镇陶瓷大学,111,第111组,,,514,
3607,东华理工大学,104,第104组,,,508,
3608,江西理工大学,102,第102组,,,526,
3608,江西理工大学,103,第103组,,,523,
3608,江西理工大学,104,第104组,,,559,
3609,宜春学院,113,第113组,,,481,
3609,宜春学院,114,第114组,,,484,
3609,宜春学院,115,第115组,,,469,
3609,宜春学院,116,第116组,,,495,
3609,宜春学院,117,第117组,,,496,
3610,江西师范大学,114,第114组,,,533,
3610,江西师范大学,116,第116组,,,538,
3610,江西师范大学,117,第117组,,,573,
3611,赣南师范大学,111,第111组,,,498,
3611,赣南师范大学,113,第113组,,,504,
3611,赣南师范大学,114,第114组,,,502,
3611,赣南师范大学,115,第115组,,,484,
3612,江西农业大学,104,第104组,,,502,
3612,江西农业大学,106,第106组,,,495,
3612,江西农业大学,108,第108组,,,519,
3612,江西农业大学,109,第109组,,,536,
3612,江西农业大学,205,第205组(中外合作办学或国际项目),,,512,
3612,江西农业大学,207,第207组(中外合作办学或国际项目),,,,
3613,江西中医药大学,104,第104组,,,504,
3613,江西中医药大学,105,第105组,,,519,
3613,江西中医药大学,106,第106组,,,555,
3613,江西中医药大学,107,第107组,,,522,
3614,上饶师范学院,109,第109组,,,484,
3614,上饶师范学院,110,第110组,,,454,
3614,上饶师范学院,111,第111组,,,469,
3615,井冈山大学,108,第108组,,,502,
3615,井冈山大学,110,第110组,,,496,
3618,江西科技师范大学,107,第107组,,,509,
3618,江西科技师范大学,108,第108组,,,514,
3618,江西科技师范大学,109,第109组,,,481,
3619,九江学院,107,第107组,,,470,
3620,赣南医科大学,101,第101组,,,497,
3623,江西师范大学科学技术学院,104,第104组,,,472,
3623,江西师范大学科学技术学院,105,第105组,,,440,
3626,南昌交通学院,103,第103组,,,441,
3627,赣南科技学院,102,第102组,,,484,
3627,赣南科技学院,103,第103组,,,484,
3629,南昌医学院,102,第102组,,,564,
3629,南昌医学院,103,第103组,,,559,
3629,南昌医学院,104,第104组,,,522,
3629,南昌医学院,105,第105组,,,533,
3630,赣南师范大学科技学院,102,第102组,,,447,
3631,赣东学院,102,第102组,,,482,
3631,赣东学院,103,第103组,,,474,
3632,南昌大学科学技术学院,102,第102组,,,461,
3635,南昌工程学院,105,第105组,,,509,
3635,南昌工程学院,106,第106组,,,502,
3639,江西科技学院,102,第102组,,,455,
3639,江西科技学院,103,第103组,,,432,
3639,江西科技学院,104,第104组,,,445,
3640,新余学院,102,第102组,,,486,
3640,新余学院,103,第103组,,,474,
3640,新余学院,104,第104组,,,502,
3641,萍乡学院,107,第107组,,,474,
3641,萍乡学院,108,第108组,,,459,
3643,江西工程学院,102,第102组,,,448,
3644,江西财经大学现代经济管理学院,102,第102组,,,462,
3644,江西财经大学现代经济管理学院,103,第103组,,,466,
3644,江西财经大学现代经济管理学院,104,第104组,,,458,
3645,南昌理工学院,106,第106组,,,450,
3645,南昌理工学院,107,第107组,,,437,
3645,南昌理工学院,208,第208组(中外合作办学或国际项目),,,427,
3652,南昌航空大学科技学院,103,第103组,,,463,
3652,南昌航空大学科技学院,104,第104组,,,450,
3654,江西农业大学南昌商学院,102,第102组,,,460,
3656,江西应用科技学院,105,第105组,,,427,
3665,南昌工学院,104,第104组,,,433,
3670,江西服装学院,103,第103组,,,461,
3676,江西飞行学院,102,第102组,,,467,
3676,江西飞行学院,103,第103组,,,496,
3701,山东大学,103,第103组,,,616,
3701,山东大学,104,第104组,,,620,
3701,山东大学,105,第105组,,,617,
3701,山东大学,106,第106组,,,638,
3701,山东大学,307,第307组(国家专项),,,611,
3702,中国海洋大学,106,第106组,,,608,
3702,中国海洋大学,107,第107组,,,610,
3702,中国海洋大学,208,第208组(中外合作办学或国际项目),,,587,
3702,中国海洋大学,209,第209组(中外合作办学或国际项目),,,600,
3702,中国海洋大学,210,第210组(中外合作办学或国际项目),,,593,
3702,中国海洋大学,211,第211组(中外合作办学或国际项目),,,584,
3702,中国海洋大学,212,第212组(中外合作办学或国际项目),,,599,
3702,中国海洋大学,313,第313组(国家专项),,,591,
3702,中国海洋大学,802,第802组(少数民族预科班),,,599,
3703,山东政法学院,102,第102组,,,519,
3703,山东政法学院,103,第103组,,,525,
3704,哈尔滨工业大学(威海),102,第102组,,,639,
3704,哈尔滨工业大学(威海),103,第103组,,,627,
3704,哈尔滨工业大学(威海),304,第304组(国家专项),,,614,
3705,中国石油大学(华东),102,第102组,,,591,
3705,中国石油大学(华东),103,第103组,,,584,
3705,中国石油大学(华东),104,第104组,,,589,
3705,中国石油大学(华东),305,第305组(国家专项),,,574,
3706,山东大学威海分校,107,第107组,,,604,
3706,山东大学威海分校,108,第108组,,,618,
3706,山东大学威海分校,309,第309组(国家专项),,,588,
3706,山东大学威海分校,310,第310组(国家专项),,,596,
3707,山东农业大学,103,第103组,,,486,
3708,山东理工大学,105,第105组,,,531,
3708,山东理工大学,106,第106组,,,525,
3708,山东理工大学,107,第107组,,,536,
3708,山东理工大学,108,第108组,,,513,
3708,山东理工大学,109,第109组,,,504,
3709,济宁医学院,101,第101组,,,484,
3709,济宁医学院,102,第102组,,,493,
3709,济宁医学院,103,第103组,,,476,
3709,济宁医学院,104,第104组,,,476,
3710,青岛科技大学,103,第103组,,,528,
3710,青岛科技大学,104,第104组,,,512,
3712,北京交通大学(威海校区),203,第203组(中外合作办学或国际项目),,,584,
3712,北京交通大学(威海校区),204,第204组(中外合作办学或国际项目),,,588,
3713,青岛大学,109,第109组,,,546,
3713,青岛大学,110,第110组,,,534,
3713,青岛大学,111,第111组,,,542,
3713,青岛大学,112,第112组,,,547,
3714,山东工商学院,103,第103组,,,484,
3714,山东工商学院,104,第104组,,,479,
3714,山东工商学院,105,第105组,,,480,
3715,山东中医药大学,101,第101组,,,519,
3715,山东中医药大学,102,第102组,,,566,
3716,济南大学,105,第105组,,,546,
3716,济南大学,106,第106组,,,524,
3717,青岛理工大学,102,第102组,,,527,
3717,青岛理工大学,103,第103组,,,532,
3717,青岛理工大学,104,第104组,,,524,
3718,烟台大学,105,第105组,,,509,
3718,烟台大学,106,第106组,,,494,
3718,烟台大学,902,第902组(边防军人子女预科班),,,433,
3719,山东师范大学,106,第106组,,,543,
3719,山东师范大学,108,第108组,,,543,
3719,山东师范大学,109,第109组,,,575,
3719,山东师范大学,310,第310组(国家专项),,,504,
3719,山东师范大学,312,第312组(国家专项),,,498,
3721,山东科技大学,101,第101组,,,538,
3721,山东科技大学,302,第302组(国家专项),,,525,
3722,临沂大学,105,第105组,,,489,
3723,潍坊学院,104,第104组,,,475,
3723,潍坊学院,105,第105组,,,447,
3723,潍坊学院,106,第106组,,,444,
3723,潍坊学院,107,第107组,,,491,
3727,滨州医学院,101,第101组,,,513,
3728,菏泽学院,101,第101组,,,449,
3729,枣庄学院,102,第102组,,,457,
3730,鲁东大学,103,第103组,,,492,
3730,鲁东大学,104,第104组,,,472,
3731,齐鲁工业大学,103,第103组,,,484,
3732,山东交通学院,102,第102组,,,501,
3732,山东交通学院,103,第103组,,,486,
3733,山东财经大学,102,第102组,,,536,
3733,山东财经大学,103,第103组,,,545,
3733,山东财经大学,104,第104组,,,546,
3734,泰山学院,103,第103组,,,450,
3734,泰山学院,104,第104组,,,452,
3734,泰山学院,105,第105组,,,463,
3735,聊城大学,107,第107组,,,491,
3736,山东第一医科大学,102,第102组,,,583,
3736,山东第一医科大学,103,第103组,,,584,
3736,山东第一医科大学,104,第104组,,,528,
3736,山东第一医科大学,105,第105组,,,523,
3736,山东第一医科大学,106,第106组,,,504,
3736,山东第一医科大学,107,第107组,,,503,
3737,青岛农业大学,101,第101组,,,486,
3738,山东建筑大学,102,第102组,,,505,
3738,山东建筑大学,103,第103组,,,500,
3739,山东工艺美术学院,105,第105组,,,462,
3739,山东工艺美术学院,106,第106组,,,465,
3739,山东工艺美术学院,107,第107组,,,449,
3740,山东第二医科大学,101,第101组,,,497,
3740,山东第二医科大学,102,第102组,,,495,
3743,康复大学,101,第101组,,,538,
3745,山东管理学院,102,第102组,,,491,
3745,山东管理学院,103,第103组,,,482,
3749,山东石油化工学院,102,第102组,,,478,
3750,曲阜师范大学,106,第106组,,,500,
3750,曲阜师范大学,107,第107组,,,491,
3751,山东航空学院,102,第102组,,,489,
3751,山东航空学院,103,第103组,,,488,
3751,山东航空学院,104,第104组,,,499,
3757,聊城大学东昌学院,103,第103组,,,453,
3757,聊城大学东昌学院,104,第104组,,,454,
3757,聊城大学东昌学院,105,第105组,,,452,
3760,青岛城市学院,104,第104组,,,448,
3760,青岛城市学院,105,第105组,,,457,
3760,青岛城市学院,106,第106组,,,426,
3760,青岛城市学院,107,第107组,,,439,
3760,青岛城市学院,108,第108组,,,440,
3763,山东青年政治学院,101,第101组,,,471,
3764,青岛恒星科技学院,102,第102组,,,428,
3764,青岛恒星科技学院,103,第103组,,,426,
3770,山东英才学院,101,第101组,,,422,
3782,山东女子学院,102,第102组,,,466,
3782,山东女子学院,103,第103组,,,475,
3782,山东女子学院,104,第104组,,,460,
3791,青岛工学院,102,第102组,,,447,
3791,青岛工学院,103,第103组,,,429,
3796,齐鲁医药学院,101,第101组,,,445,
3798,山东工程职业技术大学,101,第101组,,,454,
4101,郑州大学,123,第123组,,,546,
4101,郑州大学,125,第125组,,,577,
4102,河南城建学院,103,第103组,,,469,
4102,河南城建学院,104,第104组,,,450,
4102,河南城建学院,105,第105组,,,467,
4103,华北水利水电大学,101,第101组,,,529,
4103,华北水利水电大学,102,第102组,,,515,
4104,河南大学,113,第113组,,,558,
4104,河南大学,115,第115组,,,567,
4104,河南大学,116,第116组,,,542,
4104,河南大学,117,第117组,,,555,
4104,河南大学,118,第118组,,,579,
4105,郑州轻工业大学,103,第103组,,,493,
4105,郑州轻工业大学,204,第204组(中外合作办学或国际项目),,,487,
4106,河南科技大学,104,第104组,,,510,
4106,河南科技大学,106,第106组,,,508,
4106,河南科技大学,108,第108组,,,530,
4106,河南科技大学,205,第205组(中外合作办学或国际项目),,,486,
4106,河南科技大学,207,第207组(中外合作办学或国际项目),,,470,
4107,郑州航空工业管理学院,105,第105组,,,478,
4107,郑州航空工业管理学院,107,第107组,,,481,
4107,郑州航空工业管理学院,206,第206组(中外合作办学或国际项目),,,465,
4107,郑州航空工业管理学院,208,第208组(中外合作办学或国际项目),,,461,
4108,河南工业大学,104,第104组,,,510,
4108,河南工业大学,105,第105组,,,516,
4108,河南工业大学,106,第106组,,,496,
4108,河南工业大学,207,第207组(中外合作办学或国际项目),,,473,
4109,河南理工大学,105,第105组,,,522,
4109,河南理工大学,106,第106组,,,491,
4109,河南理工大学,107,第107组,,,505,
4109,河南理工大学,108,第108组,,,,
4109,河南理工大学,209,第209组(中外合作办学或国际项目),,,527,
4109,河南理工大学,210,第210组(中外合作办学或国际项目),,,525,
4110,信阳师范大学,205,第205组(中外合作办学或国际项目),,,456,
4110,信阳师范大学,206,第206组(中外合作办学或国际项目),,,440,
4111,中原工学院,104,第104组,,,487,
4111,中原工学院,105,第105组,,,445,
4111,中原工学院,106,第106组,,,466,
4111,中原工学院,107,第107组,,,452,
4112,南阳理工学院,109,第109组,,,496,
4112,南阳理工学院,110,第110组,,,477,
4112,南阳理工学院,111,第111组,,,479,
4112,南阳理工学院,112,第112组,,,484,
4112,南阳理工学院,113,第113组,,,475,
4112,南阳理工学院,114,第114组,,,475,
4112,南阳理工学院,115,第115组,,,443,
4112,南阳理工学院,116,第116组,,,454,
4112,南阳理工学院,117,第117组,,,469,
4112,南阳理工学院,119,第119组,,,482,
4112,南阳理工学院,218,第218组(中外合作办学或国际项目),,,447,
4113,黄河科技学院,101,第101组,,,451,
4113,黄河科技学院,102,第102组,,,439,
4114,河南师范大学,102,第102组,,,485,
4114,河南师范大学,103,第103组,,,514,
4114,河南师范大学,104,第104组,,,480,
4116,河南中医药大学,103,第103组,,,494,
4116,河南中医药大学,104,第104组,,,519,
4116,河南中医药大学,105,第105组,,,511,
4117,新乡医学院,101,第101组,,,539,
4118,商丘师范学院,109,第109组,,,468,
4118,商丘师范学院,110,第110组,,,449,
4119,南阳师范学院,104,第104组,,,469,
4119,南阳师范学院,105,第105组,,,450,
4119,南阳师范学院,106,第106组,,,460,
4119,南阳师范学院,107,第107组,,,487,
4120,洛阳师范学院,112,第112组,,,479,
4120,洛阳师范学院,113,第113组,,,478,
4125,周口师范学院,109,第109组,,,451,
4125,周口师范学院,110,第110组,,,468,
4126,安阳师范学院,103,第103组,,,461,
4127,河南农业大学,103,第103组,,,509,
4127,河南农业大学,104,第104组,,,500,
4127,河南农业大学,105,第105组,,,535,
4127,河南农业大学,206,第206组(中外合作办学或国际项目),,,439,
4127,河南农业大学,207,第207组(中外合作办学或国际项目),,,450,
4128,许昌学院,103,第103组,,,475,
4128,许昌学院,104,第104组,,,459,
4129,郑州工程技术学院,102,第102组,,,473,
4129,郑州工程技术学院,103,第103组,,,456,
4131,商丘工学院,101,第101组,,,435,
4133,平顶山学院,107,第107组,,,471,
4133,平顶山学院,108,第108组,,,463,
4134,河南工学院,101,第101组,,,469,
4137,洛阳理工学院,105,第105组,,,481,
4137,洛阳理工学院,106,第106组,,,456,
4138,安阳工学院,107,第107组,,,453,
4138,安阳工学院,108,第108组,,,447,
4145,新乡学院,102,第102组,,,449,
4145,新乡学院,103,第103组,,,450,
4146,郑州工业应用技术学院,101,第101组,,,439,
4149,郑州师范学院,102,第102组,,,461,
4152,黄淮学院,103,第103组,,,466,
4152,黄淮学院,104,第104组,,,454,
4152,黄淮学院,106,第106组,,,468,
4152,黄淮学院,205,第205组(中外合作办学或国际项目),,,448,
4155,河南科技学院,105,第105组,,,469,
4155,河南科技学院,106,第106组,,,471,
4155,河南科技学院,107,第107组,,,488,
4155,河南科技学院,108,第108组,,,481,
4158,河南财经政法大学,102,第102组,,,528,
4158,河南财经政法大学,103,第103组,,,526,
4160,郑州工商学院,102,第102组,,,447,
4162,郑州财经学院,102,第102组,,,464,
4162,郑州财经学院,103,第103组,,,446,
4164,河南牧业经济学院,102,第102组,,,452,
4170,河南工程学院,106,第106组,,,476,
4170,河南工程学院,107,第107组,,,456,
4173,河南财政金融学院,103,第103组,,,482,
4173,河南财政金融学院,104,第104组,,,483,
4187,郑州商学院,102,第102组,,,461,
4201,武汉大学,107,第107组,,,643,
4201,武汉大学,108,第108组,,,649,
4201,武汉大学,109,第109组,,,646,
4201,武汉大学,310,第310组(国家专项),,,640,
4201,武汉大学,311,第311组(国家专项),,,626,
4202,华中科技大学,114,第114组,,,648,
4202,华中科技大学,115,第115组,,,642,
4202,华中科技大学,116,第116组,,,636,
4202,华中科技大学,117,第117组,,,632,
4202,华中科技大学,218,第218组(中外合作办学或国际项目),,,611,
4202,华中科技大学,319,第319组(国家专项),,,624,
4203,武汉理工大学,105,第105组,,,628,
4203,武汉理工大学,106,第106组,,,628,
4203,武汉理工大学,107,第107组,,,624,
4203,武汉理工大学,108,第108组,,,624,
4203,武汉理工大学,109,第109组,,,609,
4203,武汉理工大学,204,第204组(中外合作办学或国际项目),,,589,
4203,武汉理工大学,210,第210组(中外合作办学或国际项目),,,601,
4203,武汉理工大学,211,第211组(中外合作办学或国际项目),,,583,
4203,武汉理工大学,312,第312组(国家专项),,,590,
4203,武汉理工大学,313,第313组(国家专项),,,600,
4204,武汉城市学院（原武汉科技大学城市学院）,103,第103组,,,454,
4204,武汉城市学院（原武汉科技大学城市学院）,104,第104组,,,453,
4205,武汉华夏理工学院,103,第103组,,,446,
4208,中国地质大学(武汉),107,第107组,,,598,
4208,中国地质大学(武汉),108,第108组,,,589,
4208,中国地质大学(武汉),209,第209组(中外合作办学或国际项目),,,567,
4208,中国地质大学(武汉),210,第210组(中外合作办学或国际项目),,,594,
4208,中国地质大学(武汉),311,第311组(国家专项),,,570,
4208,中国地质大学(武汉),312,第312组(国家专项),,,590,
4209,华中农业大学,104,第104组,,,565,
4209,华中农业大学,106,第106组,,,577,
4209,华中农业大学,109,第109组,,,582,
4209,华中农业大学,110,第110组,,,603,
4209,华中农业大学,205,第205组(中外合作办学或国际项目),,,548,
4209,华中农业大学,207,第207组(中外合作办学或国际项目),,,557,
4209,华中农业大学,208,第208组(中外合作办学或国际项目),,,528,
4209,华中农业大学,311,第311组(国家专项),,,595,
4209,华中农业大学,312,第312组(国家专项),,,587,
4209,华中农业大学,313,第313组(国家专项),,,567,
4209,华中农业大学,314,第314组(国家专项),,,570,
4209,华中农业大学,801,第801组(少数民族预科班),,,575,
4211,湖北文理学院理工学院,102,第102组,,,445,
4214,武昌首义学院,104,第104组,,,442,
4215,华中师范大学,127,第127组,,,587,
4215,华中师范大学,128,第128组,,,610,
4215,华中师范大学,329,第329组(国家专项),,,566,
4215,华中师范大学,330,第330组(国家专项),,,602,
4215,华中师范大学,802,第802组(少数民族预科班),,,591,
4216,中南财经政法大学,106,第106组,,,588,
4216,中南财经政法大学,108,第108组,,,603,
4216,中南财经政法大学,309,第309组(国家专项),,,593,
4216,中南财经政法大学,802,第802组(少数民族预科班),,,590,
4218,武汉体育学院,111,第111组,,,484,
4218,武汉体育学院,112,第112组,,,484,
4218,武汉体育学院,113,第113组,,,500,
4219,中南民族大学,109,第109组,,,530,
4219,中南民族大学,110,第110组,,,511,
4219,中南民族大学,111,第111组,,,548,
4219,中南民族大学,312,第312组(国家专项),,,530,
4219,中南民族大学,313,第313组(国家专项),,,522,
4219,中南民族大学,802,第802组(少数民族预科班),,,538,
4220,长江大学,116,第116组,,,532,
4220,长江大学,117,第117组,,,511,
4220,长江大学,119,第119组,,,540,
4220,长江大学,218,第218组(中外合作办学或国际项目),,,476,
4223,武汉纺织大学外经贸学院,103,第103组,,,448,
4223,武汉纺织大学外经贸学院,104,第104组,,,439,
4224,湖北大学,106,第106组,,,563,
4224,湖北大学,107,第107组,,,551,
4224,湖北大学,108,第108组,,,553,
4224,湖北大学,109,第109组,,,570,
4224,湖北大学,112,第112组,,,547,
4224,湖北大学,113,第113组,,,554,
4224,湖北大学,114,第114组,,,568,
4224,湖北大学,210,第210组(中外合作办学或国际项目),,,538,
4224,湖北大学,211,第211组(中外合作办学或国际项目),,,521,
4225,武昌工学院,103,第103组,,,461,
4225,武昌工学院,104,第104组,,,442,
4226,武汉科技大学,105,第105组,,,548,
4226,武汉科技大学,106,第106组,,,553,
4227,武汉工程大学,103,第103组,,,555,
4227,武汉工程大学,104,第104组,,,549,
4227,武汉工程大学,205,第205组(中外合作办学或国际项目),,,512,
4228,武汉纺织大学,104,第104组,,,518,
4229,湖北汽车工业学院,103,第103组,,,509,
4229,湖北汽车工业学院,104,第104组,,,503,
4229,湖北汽车工业学院,205,第205组(中外合作办学或国际项目),,,492,
4230,武汉轻工大学,105,第105组,,,518,
4230,武汉轻工大学,204,第204组(中外合作办学或国际项目),,,476,
4230,武汉轻工大学,206,第206组(中外合作办学或国际项目),,,482,
4231,湖北民族大学,111,第111组,,,485,
4231,湖北民族大学,112,第112组,,,496,
4231,湖北民族大学,802,第802组(少数民族预科班),,,477,
4234,湖北工业大学,103,第103组,,,544,
4234,湖北工业大学,104,第104组,,,557,
4235,三峡大学,107,第107组,,,507,
4235,三峡大学,108,第108组,,,538,
4235,三峡大学,109,第109组,,,530,
4235,三峡大学,110,第110组,,,528,
4235,三峡大学,211,第211组(中外合作办学或国际项目),,,573,
4235,三峡大学,802,第802组(少数民族预科班),,,517,
4236,湖北科技学院,107,第107组,,,488,
4236,湖北科技学院,108,第108组,,,482,
4236,湖北科技学院,109,第109组,,,487,
4237,湖北师范大学,111,第111组,,,507,
4237,湖北师范大学,112,第112组,,,532,
4238,湖北中医药大学,103,第103组,,,511,
4238,湖北中医药大学,104,第104组,,,529,
4238,湖北中医药大学,105,第105组,,,503,
4239,湖北医药学院,101,第101组,,,517,
4240,文华学院,104,第104组,,,435,
4241,黄冈师范学院,107,第107组,,,478,
4242,湖北师范大学文理学院,104,第104组,,,464,
4242,湖北师范大学文理学院,105,第105组,,,445,
4243,湖北工业大学工程技术学院,103,第103组,,,447,
4247,荆州学院,102,第102组,,,454,
4247,荆州学院,103,第103组,,,440,
4250,湖北经济学院,102,第102组,,,510,
4250,湖北经济学院,103,第103组,,,524,
4251,湖北第二师范学院,107,第107组,,,490,
4251,湖北第二师范学院,108,第108组,,,494,
4251,湖北第二师范学院,209,第209组(中外合作办学或国际项目),,,479,
4252,江汉大学,107,第107组,,,522,
4254,武汉商学院,106,第106组,,,509,
4254,武汉商学院,205,第205组(中外合作办学或国际项目),,,472,
4257,湖北理工学院,107,第107组,,,503,
4257,湖北理工学院,109,第109组,,,497,
4257,湖北理工学院,208,第208组(中外合作办学或国际项目),,,458,
4259,荆楚理工学院,105,第105组,,,483,
4259,荆楚理工学院,106,第106组,,,473,
4259,荆楚理工学院,107,第107组,,,474,
4264,湖北工程学院,110,第110组,,,491,
4264,湖北工程学院,111,第111组,,,483,
4265,湖北文理学院,108,第108组,,,494,
4265,湖北文理学院,109,第109组,,,481,
4267,汉江师范学院,102,第102组,,,478,
4267,汉江师范学院,103,第103组,,,467,
4277,武汉生物工程学院,103,第103组,,,444,
4291,武汉工程科技学院,102,第102组,,,446,
4301,湖南大学,105,第105组,,,603,
4301,湖南大学,106,第106组,,,622,
4301,湖南大学,307,第307组(国家专项),,,595,
4301,湖南大学,308,第308组(国家专项),,,596,
4301,湖南大学,802,第802组(少数民族预科班),,,614,
4301,湖南大学,901,第901组(边防军人子女预科班),,,554,
4302,中南大学,107,第107组,,,624,
4302,中南大学,109,第109组,,,623,
4302,中南大学,110,第110组,,,666,
4302,中南大学,208,第208组(中外合作办学或国际项目),,,601,
4302,中南大学,311,第311组(国家专项),,,620,
4302,中南大学,312,第312组(国家专项),,,600,
4302,中南大学,313,第313组(国家专项),,,605,
4302,中南大学,802,第802组(少数民族预科班),,,604,
4303,湖南师范大学,162,第162组,,,575,
4303,湖南师范大学,164,第164组,,,587,
4303,湖南师范大学,165,第165组,,,595,
4303,湖南师范大学,166,第166组,,,581,
4303,湖南师范大学,168,第168组,,,576,
4303,湖南师范大学,169,第169组,,,601,
4303,湖南师范大学,170,第170组,,,584,
4303,湖南师范大学,372,第372组(国家专项),,,570,
4303,湖南师范大学,373,第373组(国家专项),,,581,
4303,湖南师范大学,374,第374组(国家专项),,,564,
4303,湖南师范大学,375,第375组(国家专项),,,555,
4303,湖南师范大学,376,第376组(国家专项),,,582,
4303,湖南师范大学,477,第477组(地方专项),,,572,
4303,湖南师范大学,478,第478组(地方专项),,,588,
4303,湖南师范大学,479,第479组(地方专项),,,565,
4303,湖南师范大学,480,第480组(地方专项),,,561,
4303,湖南师范大学,481,第481组(地方专项),,,584,
4303,湖南师范大学,671,第671组(定向西藏就业),,,562,
4304,湘潭大学,108,第108组,,,555,
4304,湘潭大学,109,第109组,,,567,
4304,湘潭大学,110,第110组,,,584,
4304,湘潭大学,111,第111组,,,551,
4304,湘潭大学,112,第112组,,,554,
4304,湘潭大学,213,第213组(中外合作办学或国际项目),,,555,
4304,湘潭大学,314,第314组(国家专项),,,562,
4304,湘潭大学,315,第315组(国家专项),,,559,
4304,湘潭大学,416,第416组(地方专项),,,562,
4304,湘潭大学,417,第417组(地方专项),,,555,
4305,湖南农业大学,115,第115组,,,522,
4305,湖南农业大学,117,第117组,,,510,
4305,湖南农业大学,118,第118组,,,546,
4305,湖南农业大学,120,第120组,,,523,
4305,湖南农业大学,121,第121组,,,535,
4305,湖南农业大学,122,第122组,,,531,
4305,湖南农业大学,216,第216组(中外合作办学或国际项目),,,506,
4305,湖南农业大学,219,第219组(中外合作办学或国际项目),,,483,
4305,湖南农业大学,323,第323组(国家专项),,,514,
4305,湖南农业大学,324,第324组(国家专项),,,496,
4305,湖南农业大学,325,第325组(国家专项),,,495,
4305,湖南农业大学,326,第326组(国家专项),,,524,
4305,湖南农业大学,427,第427组(地方专项),,,518,
4305,湖南农业大学,428,第428组(地方专项),,,509,
4305,湖南农业大学,429,第429组(地方专项),,,505,
4305,湖南农业大学,430,第430组(地方专项),,,530,
4306,湖南科技大学,139,第139组,,,540,
4306,湖南科技大学,140,第140组,,,544,
4306,湖南科技大学,141,第141组,,,537,
4306,湖南科技大学,142,第142组,,,541,
4306,湖南科技大学,143,第143组,,,545,
4306,湖南科技大学,344,第344组(国家专项),,,524,
4306,湖南科技大学,345,第345组(国家专项),,,522,
4306,湖南科技大学,346,第346组(国家专项),,,536,
4306,湖南科技大学,347,第347组(国家专项),,,542,
4306,湖南科技大学,448,第448组(地方专项),,,532,
4306,湖南科技大学,449,第449组(地方专项),,,530,
4306,湖南科技大学,450,第450组(地方专项),,,538,
4306,湖南科技大学,451,第451组(地方专项),,,539,
4307,湖南中医药大学,107,第107组,,,511,
4307,湖南中医药大学,108,第108组,,,527,
4307,湖南中医药大学,109,第109组,,,557,
4307,湖南中医药大学,110,第110组,,,504,
4307,湖南中医药大学,311,第311组(国家专项),,,510,
4307,湖南中医药大学,312,第312组(国家专项),,,519,
4307,湖南中医药大学,313,第313组(国家专项),,,550,
4307,湖南中医药大学,314,第314组(国家专项),,,492,
4307,湖南中医药大学,415,第415组(地方专项),,,513,
4307,湖南中医药大学,416,第416组(地方专项),,,527,
4307,湖南中医药大学,417,第417组(地方专项),,,554,
4307,湖南中医药大学,418,第418组(地方专项),,,500,
4308,长沙理工大学,106,第106组,,,547,
4308,长沙理工大学,107,第107组,,,597,
4308,长沙理工大学,108,第108组,,,563,
4308,长沙理工大学,109,第109组,,,548,
4308,长沙理工大学,210,第210组(中外合作办学或国际项目),,,543,
4308,长沙理工大学,211,第211组(中外合作办学或国际项目),,,575,
4308,长沙理工大学,212,第212组(中外合作办学或国际项目),,,510,
4308,长沙理工大学,313,第313组(国家专项),,,544,
4308,长沙理工大学,314,第314组(国家专项),,,544,
4308,长沙理工大学,415,第415组(地方专项),,,544,
4308,长沙理工大学,416,第416组(地方专项),,,544,
4309,南华大学,105,第105组,,,522,
4309,南华大学,106,第106组,,,532,
4309,南华大学,107,第107组,,,520,
4309,南华大学,108,第108组,,,585,
4309,南华大学,109,第109组,,,516,
4309,南华大学,310,第310组(国家专项),,,518,
4309,南华大学,311,第311组(国家专项),,,499,
4309,南华大学,312,第312组(国家专项),,,517,
4309,南华大学,313,第313组(国家专项),,,515,
4309,南华大学,414,第414组(地方专项),,,526,
4309,南华大学,415,第415组(地方专项),,,516,
4309,南华大学,416,第416组(地方专项),,,525,
4309,南华大学,417,第417组(地方专项),,,522,
4310,湖南工业大学,126,第126组,,,515,
4310,湖南工业大学,127,第127组,,,518,
4310,湖南工业大学,128,第128组,,,515,
4310,湖南工业大学,129,第129组,,,521,
4310,湖南工业大学,131,第131组,,,511,
4310,湖南工业大学,132,第132组,,,541,
4310,湖南工业大学,333,第333组(国家专项),,,509,
4310,湖南工业大学,334,第334组(国家专项),,,513,
4310,湖南工业大学,335,第335组(国家专项),,,511,
4310,湖南工业大学,337,第337组(国家专项),,,499,
4310,湖南工业大学,338,第338组(国家专项),,,539,
4310,湖南工业大学,339,第339组(国家专项),,,509,
4310,湖南工业大学,440,第440组(地方专项),,,509,
4310,湖南工业大学,441,第441组(地方专项),,,510,
4310,湖南工业大学,442,第442组(地方专项),,,511,
4310,湖南工业大学,444,第444组(地方专项),,,500,
4310,湖南工业大学,445,第445组(地方专项),,,538,
4310,湖南工业大学,446,第446组(地方专项),,,510,
4310,湖南工业大学,825,第825组(少数民族预科班)(面向全省),,,498,
4310,湖南工业大学,826,第826组(少数民族预科班)(面向炎陵县),,,438,
4310,湖南工业大学,828,第828组(少数民族预科班)(面向隆回县),,,468,
4310,湖南工业大学,829,第829组(少数民族预科班)(面向洞口县),,,478,
4310,湖南工业大学,830,第830组(少数民族预科班)(面向新宁县),,,468,
4310,湖南工业大学,831,第831组(少数民族预科班)(面向绥宁县),,,483,
4310,湖南工业大学,832,第832组(少数民族预科班)(面向城步县),,,480,
4310,湖南工业大学,833,第833组(少数民族预科班)(面向鼎城区),,,,
4310,湖南工业大学,834,第834组(少数民族预科班)(面向汉寿县),,,439,
4310,湖南工业大学,835,第835组(少数民族预科班)(面向桃源县),,,,
4310,湖南工业大学,836,第836组(少数民族预科班)(面向石门县),,,483,
4310,湖南工业大学,837,第837组(少数民族预科班)(面向永定区),,,494,
4310,湖南工业大学,838,第838组(少数民族预科班)(面向武陵源区),,,489,
4310,湖南工业大学,839,第839组(少数民族预科班)(面向慈利县),,,471,
4310,湖南工业大学,840,第840组(少数民族预科班)(面向桑植县),,,483,
4310,湖南工业大学,841,第841组(少数民族预科班)(面向北湖区),,,435,
4310,湖南工业大学,842,第842组(少数民族预科班)(面向资兴市),,,446,
4310,湖南工业大学,844,第844组(少数民族预科班)(面向宜章县),,,,
4310,湖南工业大学,846,第846组(少数民族预科班)(面向汝城县),,,474,
4310,湖南工业大学,847,第847组(少数民族预科班)(面向道县),,,475,
4310,湖南工业大学,848,第848组(少数民族预科班)(面向宁远县),,,453,
4310,湖南工业大学,849,第849组(少数民族预科班)(面向江永县),,,482,
4310,湖南工业大学,850,第850组(少数民族预科班)(面向江华县),,,505,
4310,湖南工业大学,851,第851组(少数民族预科班)(面向蓝山县),,,442,
4310,湖南工业大学,853,第853组(少数民族预科班)(面向沅陵县),,,486,
4310,湖南工业大学,854,第854组(少数民族预科班)(面向辰溪县),,,450,
4310,湖南工业大学,855,第855组(少数民族预科班)(面向麻阳县),,,490,
4310,湖南工业大学,856,第856组(少数民族预科班)(面向新晃县),,,492,
4310,湖南工业大学,857,第857组(少数民族预科班)(面向芷江县),,,491,
4310,湖南工业大学,858,第858组(少数民族预科班)(面向会同县),,,475,
4310,湖南工业大学,859,第859组(少数民族预科班)(面向靖州县),,,503,
4310,湖南工业大学,860,第860组(少数民族预科班)(面向通道县),,,497,
4310,湖南工业大学,861,第861组(少数民族预科班)(面向湘西自治州),,,495,
4312,中南林业科技大学,117,第117组,,,519,
4312,中南林业科技大学,119,第119组,,,528,
4312,中南林业科技大学,120,第120组,,,517,
4312,中南林业科技大学,121,第121组,,,531,
4312,中南林业科技大学,122,第122组,,,538,
4312,中南林业科技大学,216,第216组(中外合作办学或国际项目),,,511,
4312,中南林业科技大学,218,第218组(中外合作办学或国际项目),,,499,
4312,中南林业科技大学,323,第323组(国家专项),,,514,
4312,中南林业科技大学,324,第324组(国家专项),,,518,
4312,中南林业科技大学,325,第325组(国家专项),,,504,
4312,中南林业科技大学,326,第326组(国家专项),,,516,
4312,中南林业科技大学,327,第327组(国家专项),,,533,
4312,中南林业科技大学,428,第428组(地方专项),,,522,
4312,中南林业科技大学,429,第429组(地方专项),,,528,
4312,中南林业科技大学,430,第430组(地方专项),,,519,
4312,中南林业科技大学,431,第431组(地方专项),,,521,
4312,中南林业科技大学,432,第432组(地方专项),,,536,
4314,湖南工商大学,113,第113组,,,522,
4314,湖南工商大学,114,第114组,,,533,
4314,湖南工商大学,115,第115组,,,544,
4314,湖南工商大学,116,第116组,,,511,
4314,湖南工商大学,118,第118组,,,524,
4314,湖南工商大学,119,第119组,,,529,
4314,湖南工商大学,120,第120组,,,510,
4314,湖南工商大学,217,第217组(中外合作办学或国际项目),,,479,
4314,湖南工商大学,321,第321组(国家专项),,,506,
4314,湖南工商大学,322,第322组(国家专项),,,503,
4314,湖南工商大学,423,第423组(地方专项),,,507,
4314,湖南工商大学,424,第424组(地方专项),,,508,
4315,吉首大学,117,第117组,,,499,
4315,吉首大学,118,第118组,,,498,
4315,吉首大学,121,第121组,,,498,
4315,吉首大学,122,第122组,,,492,
4315,吉首大学,123,第123组,,,508,
4315,吉首大学,124,第124组,,,508,
4315,吉首大学,125,第125组,,,496,
4315,吉首大学,327,第327组(国家专项),,,503,
4315,吉首大学,428,第428组(地方专项),,,501,
4315,吉首大学,429,第429组(地方专项),,,496,
4315,吉首大学,822,第822组(少数民族预科班)(面向全省),,,490,
4315,吉首大学,823,第823组(少数民族预科班)(面向洞口县),,,465,
4315,吉首大学,824,第824组(少数民族预科班)(面向新宁县),,,435,
4315,吉首大学,825,第825组(少数民族预科班)(面向绥宁县),,,475,
4315,吉首大学,826,第826组(少数民族预科班)(面向城步县),,,499,
4315,吉首大学,827,第827组(少数民族预科班)(面向石门县),,,478,
4315,吉首大学,828,第828组(少数民族预科班)(面向永定区),,,487,
4315,吉首大学,829,第829组(少数民族预科班)(面向武陵源区),,,468,
4315,吉首大学,830,第830组(少数民族预科班)(面向慈利县),,,479,
4315,吉首大学,831,第831组(少数民族预科班)(面向桑植县),,,483,
4315,吉首大学,832,第832组(少数民族预科班)(面向桃江县),,,488,
4315,吉首大学,833,第833组(少数民族预科班)(面向汝城县),,,464,
4315,吉首大学,834,第834组(少数民族预科班)(面向道县),,,468,
4315,吉首大学,835,第835组(少数民族预科班)(面向宁远县),,,434,
4315,吉首大学,836,第836组(少数民族预科班)(面向江永县),,,472,
4315,吉首大学,837,第837组(少数民族预科班)(面向江华县),,,490,
4315,吉首大学,838,第838组(少数民族预科班)(面向洪江市),,,483,
4315,吉首大学,839,第839组(少数民族预科班)(面向沅陵县),,,464,
4315,吉首大学,840,第840组(少数民族预科班)(面向辰溪县),,,463,
4315,吉首大学,841,第841组(少数民族预科班)(面向麻阳县),,,487,
4315,吉首大学,842,第842组(少数民族预科班)(面向新晃县),,,486,
4315,吉首大学,843,第843组(少数民族预科班)(面向芷江县),,,486,
4315,吉首大学,844,第844组(少数民族预科班)(面向会同县),,,467,
4315,吉首大学,845,第845组(少数民族预科班)(面向靖州县),,,483,
4315,吉首大学,846,第846组(少数民族预科班)(面向通道县),,,489,
4315,吉首大学,847,第847组(少数民族预科班)(面向湘西自治州),,,488,
4316,衡阳师范学院,133,第133组,,,491,
4316,衡阳师范学院,134,第134组,,,475,
4316,衡阳师范学院,137,第137组,,,470,
4316,衡阳师范学院,139,第139组,,,516,
4316,衡阳师范学院,140,第140组,,,501,
4316,衡阳师范学院,442,第442组(地方专项),,,497,
4316,衡阳师范学院,443,第443组(地方专项),,,489,
4316,衡阳师范学院,444,第444组(地方专项),,,474,
4316,衡阳师范学院,641,第641组(定向西藏就业),,,538,
4317,湖南理工学院,119,第119组,,,504,
4317,湖南理工学院,120,第120组,,,500,
4317,湖南理工学院,121,第121组,,,495,
4317,湖南理工学院,222,第222组(中外合作办学或国际项目),,,451,
4317,湖南理工学院,424,第424组(地方专项),,,494,
4318,湖南文理学院,117,第117组,,,483,
4318,湖南文理学院,118,第118组,,,502,
4318,湖南文理学院,120,第120组,,,474,
4318,湖南文理学院,126,第126组,,,497,
4318,湖南文理学院,127,第127组,,,491,
4318,湖南文理学院,219,第219组(中外合作办学或国际项目),,,463,
4318,湖南文理学院,225,第225组(中外合作办学或国际项目),,,454,
4318,湖南文理学院,820,第820组(少数民族预科班)(面向全省),,,480,
4318,湖南文理学院,821,第821组(少数民族预科班)(面向洞口县),,,454,
4318,湖南文理学院,822,第822组(少数民族预科班)(面向绥宁县),,,471,
4318,湖南文理学院,823,第823组(少数民族预科班)(面向鼎城区),,,441,
4318,湖南文理学院,824,第824组(少数民族预科班)(面向汉寿县),,,461,
4318,湖南文理学院,825,第825组(少数民族预科班)(面向桃源县),,,,
4318,湖南文理学院,826,第826组(少数民族预科班)(面向石门县),,,467,
4318,湖南文理学院,827,第827组(少数民族预科班)(面向永定区),,,477,
4318,湖南文理学院,828,第828组(少数民族预科班)(面向武陵源区),,,474,
4318,湖南文理学院,829,第829组(少数民族预科班)(面向慈利县),,,461,
4318,湖南文理学院,830,第830组(少数民族预科班)(面向桑植县),,,476,
4318,湖南文理学院,831,第831组(少数民族预科班)(面向桃江县),,,458,
4318,湖南文理学院,832,第832组(少数民族预科班)(面向桂阳县),,,391,
4318,湖南文理学院,833,第833组(少数民族预科班)(面向临武县),,,446,
4318,湖南文理学院,834,第834组(少数民族预科班)(面向道县),,,442,
4318,湖南文理学院,835,第835组(少数民族预科班)(面向江华县),,,477,
4318,湖南文理学院,836,第836组(少数民族预科班)(面向蓝山县),,,430,
4318,湖南文理学院,837,第837组(少数民族预科班)(面向新田县),,,395,
4318,湖南文理学院,838,第838组(少数民族预科班)(面向双牌县),,,461,
4318,湖南文理学院,839,第839组(少数民族预科班)(面向沅陵县),,,462,
4318,湖南文理学院,840,第840组(少数民族预科班)(面向麻阳县),,,465,
4318,湖南文理学院,841,第841组(少数民族预科班)(面向新晃县),,,477,
4318,湖南文理学院,842,第842组(少数民族预科班)(面向会同县),,,476,
4318,湖南文理学院,843,第843组(少数民族预科班)(面向靖州县),,,471,
4318,湖南文理学院,844,第844组(少数民族预科班)(面向通道县),,,477,
4318,湖南文理学院,845,第845组(少数民族预科班)(面向湘西自治州),,,479,
4319,湖南工程学院,104,第104组,,,481,
4319,湖南工程学院,105,第105组,,,485,
4319,湖南工程学院,106,第106组,,,480,
4319,湖南工程学院,107,第107组,,,469,
4319,湖南工程学院,108,第108组,,,478,
4319,湖南工程学院,209,第209组(中外合作办学或国际项目),,,459,
4320,湖南城市学院,112,第112组,,,474,
4320,湖南城市学院,113,第113组,,,479,
4320,湖南城市学院,115,第115组,,,459,
4320,湖南城市学院,116,第116组,,,460,
4320,湖南城市学院,118,第118组,,,491,
4321,邵阳学院,112,第112组,,,474,
4321,邵阳学院,113,第113组,,,472,
4321,邵阳学院,114,第114组,,,455,
4321,邵阳学院,117,第117组,,,471,
4321,邵阳学院,118,第118组,,,490,
4321,邵阳学院,119,第119组,,,486,
4321,邵阳学院,215,第215组(中外合作办学或国际项目),,,448,
4321,邵阳学院,821,第821组(少数民族预科班)(面向全省),,,458,
4321,邵阳学院,822,第822组(少数民族预科班)(面向隆回县),,,431,
4321,邵阳学院,823,第823组(少数民族预科班)(面向洞口县),,,444,
4321,邵阳学院,824,第824组(少数民族预科班)(面向新宁县),,,442,
4321,邵阳学院,825,第825组(少数民族预科班)(面向绥宁县),,,449,
4321,邵阳学院,826,第826组(少数民族预科班)(面向城步县),,,459,
4321,邵阳学院,827,第827组(少数民族预科班)(面向永定区),,,452,
4321,邵阳学院,828,第828组(少数民族预科班)(面向武陵源区),,,454,
4321,邵阳学院,829,第829组(少数民族预科班)(面向慈利县),,,455,
4321,邵阳学院,830,第830组(少数民族预科班)(面向桑植县),,,454,
4321,邵阳学院,831,第831组(少数民族预科班)(面向江永县),,,444,
4321,邵阳学院,832,第832组(少数民族预科班)(面向江华县),,,463,
4321,邵阳学院,833,第833组(少数民族预科班)(面向沅陵县),,,425,
4321,邵阳学院,834,第834组(少数民族预科班)(面向麻阳县),,,451,
4321,邵阳学院,835,第835组(少数民族预科班)(面向新晃县),,,459,
4321,邵阳学院,836,第836组(少数民族预科班)(面向芷江县),,,447,
4321,邵阳学院,837,第837组(少数民族预科班)(面向会同县),,,446,
4321,邵阳学院,838,第838组(少数民族预科班)(面向靖州县),,,448,
4321,邵阳学院,839,第839组(少数民族预科班)(面向通道县),,,451,
4321,邵阳学院,840,第840组(少数民族预科班)(面向湘西自治州),,,454,
4322,湖南科技学院,110,第110组,,,472,
4322,湖南科技学院,112,第112组,,,453,
4322,湖南科技学院,819,第819组(少数民族预科班)(面向全省),,,458,
4322,湖南科技学院,820,第820组(少数民族预科班)(面向绥宁县),,,462,
4322,湖南科技学院,821,第821组(少数民族预科班)(面向城步县),,,482,
4322,湖南科技学院,822,第822组(少数民族预科班)(面向石门县),,,456,
4322,湖南科技学院,823,第823组(少数民族预科班)(面向永定区),,,456,
4322,湖南科技学院,824,第824组(少数民族预科班)(面向武陵源区),,,455,
4322,湖南科技学院,825,第825组(少数民族预科班)(面向慈利县),,,451,
4322,湖南科技学院,826,第826组(少数民族预科班)(面向桑植县),,,454,
4322,湖南科技学院,827,第827组(少数民族预科班)(面向汝城县),,,448,
4322,湖南科技学院,828,第828组(少数民族预科班)(面向道县),,,450,
4322,湖南科技学院,829,第829组(少数民族预科班)(面向宁远县),,,404,
4322,湖南科技学院,830,第830组(少数民族预科班)(面向江永县),,,434,
4322,湖南科技学院,831,第831组(少数民族预科班)(面向江华县),,,456,
4322,湖南科技学院,832,第832组(少数民族预科班)(面向蓝山县),,,415,
4322,湖南科技学院,833,第833组(少数民族预科班)(面向新田县),,,,
4322,湖南科技学院,834,第834组(少数民族预科班)(面向双牌县),,,430,
4322,湖南科技学院,835,第835组(少数民族预科班)(面向祁阳市),,,410,
4322,湖南科技学院,836,第836组(少数民族预科班)(面向洪江市),,,453,
4322,湖南科技学院,837,第837组(少数民族预科班)(面向沅陵县),,,427,
4322,湖南科技学院,838,第838组(少数民族预科班)(面向麻阳县),,,451,
4322,湖南科技学院,839,第839组(少数民族预科班)(面向新晃县),,,455,
4322,湖南科技学院,840,第840组(少数民族预科班)(面向芷江县),,,448,
4322,湖南科技学院,841,第841组(少数民族预科班)(面向会同县),,,444,
4322,湖南科技学院,842,第842组(少数民族预科班)(面向靖州县),,,451,
4322,湖南科技学院,843,第843组(少数民族预科班)(面向通道县),,,451,
4322,湖南科技学院,844,第844组(少数民族预科班)(面向湘西自治州),,,456,
4323,怀化学院,126,第126组,,,496,
4323,怀化学院,127,第127组,,,475,
4323,怀化学院,128,第128组,,,471,
4323,怀化学院,129,第129组,,,474,
4323,怀化学院,130,第130组,,,490,
4323,怀化学院,131,第131组,,,474,
4323,怀化学院,132,第132组,,,471,
4323,怀化学院,133,第133组,,,470,
4323,怀化学院,134,第134组,,,466,
4323,怀化学院,135,第135组,,,463,
4323,怀化学院,136,第136组,,,466,
4323,怀化学院,137,第137组,,,454,
4323,怀化学院,138,第138组,,,450,
4323,怀化学院,139,第139组,,,453,
4323,怀化学院,140,第140组,,,461,
4323,怀化学院,143,第143组,,,470,
4323,怀化学院,144,第144组,,,486,
4323,怀化学院,833,第833组(少数民族预科班)(面向全省),,,457,
4323,怀化学院,834,第834组(少数民族预科班)(面向炎陵县),,,425,
4323,怀化学院,835,第835组(少数民族预科班)(面向隆回县),,,386,
4323,怀化学院,836,第836组(少数民族预科班)(面向洞口县),,,439,
4323,怀化学院,837,第837组(少数民族预科班)(面向绥宁县),,,453,
4323,怀化学院,838,第838组(少数民族预科班)(面向城步县),,,456,
4323,怀化学院,839,第839组(少数民族预科班)(面向石门县),,,444,
4323,怀化学院,840,第840组(少数民族预科班)(面向永定区),,,452,
4323,怀化学院,841,第841组(少数民族预科班)(面向武陵源区),,,459,
4323,怀化学院,842,第842组(少数民族预科班)(面向慈利县),,,441,
4323,怀化学院,843,第843组(少数民族预科班)(面向桑植县),,,459,
4323,怀化学院,844,第844组(少数民族预科班)(面向桃江县),,,435,
4323,怀化学院,845,第845组(少数民族预科班)(面向道县),,,433,
4323,怀化学院,846,第846组(少数民族预科班)(面向宁远县),,,426,
4323,怀化学院,847,第847组(少数民族预科班)(面向江永县),,,426,
4323,怀化学院,848,第848组(少数民族预科班)(面向江华县),,,460,
4323,怀化学院,849,第849组(少数民族预科班)(面向蓝山县),,,408,
4323,怀化学院,850,第850组(少数民族预科班)(面向新田县),,,,
4323,怀化学院,851,第851组(少数民族预科班)(面向双牌县),,,423,
4323,怀化学院,852,第852组(少数民族预科班)(面向中方县),,,425,
4323,怀化学院,853,第853组(少数民族预科班)(面向洪江市),,,448,
4323,怀化学院,854,第854组(少数民族预科班)(面向沅陵县),,,438,
4323,怀化学院,855,第855组(少数民族预科班)(面向辰溪县),,,445,
4323,怀化学院,856,第856组(少数民族预科班)(面向麻阳县),,,453,
4323,怀化学院,857,第857组(少数民族预科班)(面向新晃县),,,456,
4323,怀化学院,858,第858组(少数民族预科班)(面向芷江县),,,449,
4323,怀化学院,859,第859组(少数民族预科班)(面向会同县),,,450,
4323,怀化学院,860,第860组(少数民族预科班)(面向靖州县),,,448,
4323,怀化学院,861,第861组(少数民族预科班)(面向通道县),,,451,
4323,怀化学院,862,第862组(少数民族预科班)(面向湘西自治州),,,454,
4326,湘南学院,108,第108组,,,474,
4326,湘南学院,109,第109组,,,505,
4326,湘南学院,110,第110组,,,471,
4326,湘南学院,111,第111组,,,455,
4326,湘南学院,112,第112组,,,462,
4326,湘南学院,809,第809组(少数民族预科班)(面向全省),,,461,
4326,湘南学院,810,第810组(少数民族预科班)(面向常宁县),,,,
4326,湘南学院,811,第811组(少数民族预科班)(面向鼎城区),,,,
4326,湘南学院,812,第812组(少数民族预科班)(面向桃源县),,,,
4326,湘南学院,813,第813组(少数民族预科班)(面向石门县),,,448,
4326,湘南学院,814,第814组(少数民族预科班)(面向永定区),,,456,
4326,湘南学院,815,第815组(少数民族预科班)(面向武陵源区),,,464,
4326,湘南学院,816,第816组(少数民族预科班)(面向慈利县),,,435,
4326,湘南学院,817,第817组(少数民族预科班)(面向桑植县),,,457,
4326,湘南学院,818,第818组(少数民族预科班)(面向桃江县),,,448,
4326,湘南学院,819,第819组(少数民族预科班)(面向北湖区),,,,
4326,湘南学院,820,第820组(少数民族预科班)(面向桂阳县),,,,
4326,湘南学院,821,第821组(少数民族预科班)(面向临武县),,,,
4326,湘南学院,822,第822组(少数民族预科班)(面向汝城县),,,459,
4326,湘南学院,823,第823组(少数民族预科班)(面向道县),,,433,
4326,湘南学院,824,第824组(少数民族预科班)(面向江永县),,,427,
4326,湘南学院,825,第825组(少数民族预科班)(面向江华县),,,462,
4326,湘南学院,826,第826组(少数民族预科班)(面向蓝山县),,,414,
4326,湘南学院,827,第827组(少数民族预科班)(面向沅陵县),,,458,
4326,湘南学院,828,第828组(少数民族预科班)(面向麻阳县),,,463,
4326,湘南学院,829,第829组(少数民族预科班)(面向新晃县),,,456,
4326,湘南学院,830,第830组(少数民族预科班)(面向芷江县),,,451,
4326,湘南学院,831,第831组(少数民族预科班)(面向靖州县),,,453,
4326,湘南学院,832,第832组(少数民族预科班)(面向湘西自治州),,,466,
4327,国防科技大学,114,第114组,,,644,
4333,湖南人文科技学院,111,第111组,,,471,
4333,湖南人文科技学院,113,第113组,,,451,
4333,湖南人文科技学院,116,第116组,,,479,
4333,湖南人文科技学院,212,第212组(中外合作办学或国际项目),,,454,
4337,长沙学院,115,第115组,,,497,
4337,长沙学院,116,第116组,,,497,
4337,长沙学院,118,第118组,,,500,
4337,长沙学院,119,第119组,,,490,
4337,长沙学院,122,第122组,,,489,
4337,长沙学院,123,第123组,,,498,
4337,长沙学院,124,第124组,,,496,
4338,湖南医药学院,104,第104组,,,468,
4338,湖南医药学院,105,第105组,,,486,
4338,湖南医药学院,106,第106组,,,457,
4338,湖南医药学院,107,第107组,,,449,
4339,湖南涉外经济学院,114,第114组,,,431,
4339,湖南涉外经济学院,115,第115组,,,424,
4339,湖南涉外经济学院,117,第117组,,,,
4339,湖南涉外经济学院,118,第118组,,,423,
4339,湖南涉外经济学院,119,第119组,,,,
4342,湖南女子学院,110,第110组,,,473,
4342,湖南女子学院,111,第111组,,,467,
4343,湖南警察学院,109,第109组,,,489,
4343,湖南警察学院,110,第110组,,,481,
4343,湖南警察学院,111,第111组,,,483,
4344,湖南财政经济学院,108,第108组,,,485,
4344,湖南财政经济学院,109,第109组,,,489,
4344,湖南财政经济学院,112,第112组,,,484,
4344,湖南财政经济学院,113,第113组,,,493,
4344,湖南财政经济学院,114,第114组,,,487,
4344,湖南财政经济学院,210,第210组(中外合作办学或国际项目),,,478,
4345,长沙师范学院,129,第129组,,,482,
4345,长沙师范学院,130,第130组,,,474,
4345,长沙师范学院,131,第131组,,,496,
4345,长沙师范学院,632,第632组(定向西藏就业),,,513,
4345,长沙师范学院,633,第633组(定向西藏就业),,,501,
4348,湖南第一师范学院,148,第148组,,,497,
4348,湖南第一师范学院,150,第150组,,,492,
4348,湖南第一师范学院,151,第151组,,,522,
4348,湖南第一师范学院,249,第249组(中外合作办学或国际项目),,,462,
4348,湖南第一师范学院,353,第353组(国家专项),,,500,
4348,湖南第一师范学院,354,第354组(国家专项),,,493,
4348,湖南第一师范学院,355,第355组(国家专项),,,527,
4348,湖南第一师范学院,456,第456组(地方专项),,,503,
4348,湖南第一师范学院,457,第457组(地方专项),,,498,
4348,湖南第一师范学院,458,第458组(地方专项),,,527,
4348,湖南第一师范学院,652,第652组(定向西藏就业),,,508,
4351,湖南工学院,103,第103组,,,476,
4351,湖南工学院,105,第105组,,,463,
4351,湖南工学院,106,第106组,,,464,
4360,长沙医学院,104,第104组,,,430,
4360,长沙医学院,105,第105组,,,,
4362,湖南交通工程学院,107,第107组,,,432,
4362,湖南交通工程学院,108,第108组,,,,
4401,中山大学,108,第108组,,,639,
4401,中山大学,109,第109组,,,643,
4401,中山大学,110,第110组,,,634,
4401,中山大学,311,第311组(国家专项),,,621,
4401,中山大学,712,第712组(民族班),,,636,
4402,华南理工大学,114,第114组,,,627,
4402,华南理工大学,115,第115组,,,631,
4402,华南理工大学,316,第316组(国家专项),,,584,
4402,华南理工大学,317,第317组(国家专项),,,614,
4403,暨南大学,111,第111组,,,601,
4403,暨南大学,113,第113组,,,612,
4403,暨南大学,114,第114组,,,623,
4403,暨南大学,212,第212组(中外合作办学或国际项目),,,588,
4403,暨南大学,215,第215组(中外合作办学或国际项目),,,584,
4403,暨南大学,316,第316组(国家专项),,,596,
4403,暨南大学,317,第317组(国家专项),,,597,
4404,华南师范大学,109,第109组,,,595,
4404,华南师范大学,110,第110组,,,602,
4405,广州南方学院,104,第104组,,,447,
4405,广州南方学院,105,第105组,,,428,
4405,广州南方学院,107,第107组,,,434,
4405,广州南方学院,206,第206组(中外合作办学或国际项目),,,441,
4406,广东外语外贸大学南国商学院,104,第104组,,,451,
4406,广东外语外贸大学南国商学院,105,第105组,,,446,
4407,广东外语外贸大学,107,第107组,,,565,
4407,广东外语外贸大学,108,第108组,,,580,
4407,广东外语外贸大学,309,第309组(国家专项),,,458,
4408,华南农业大学,102,第102组,,,583,
4408,华南农业大学,103,第103组,,,560,
4408,华南农业大学,204,第204组(中外合作办学或国际项目),,,546,
4408,华南农业大学,305,第305组(国家专项),,,551,
4410,深圳大学,106,第106组,,,612,
4410,深圳大学,108,第108组,,,613,
4410,深圳大学,109,第109组,,,611,
4410,深圳大学,207,第207组(中外合作办学或国际项目),,,587,
4411,汕头大学,102,第102组,,,568,
4411,汕头大学,103,第103组,,,559,
4411,汕头大学,104,第104组,,,562,
4412,广州中医药大学,104,第104组,,,556,
4412,广州中医药大学,105,第105组,,,578,
4412,广州中医药大学,106,第106组,,,564,
4412,广州中医药大学,107,第107组,,,562,
4414,东莞理工学院,106,第106组,,,533,
4414,东莞理工学院,107,第107组,,,542,
4414,东莞理工学院,208,第208组(中外合作办学或国际项目),,,525,
4415,广东海洋大学,110,第110组,,,530,
4415,广东海洋大学,111,第111组,,,524,
4415,广东海洋大学,112,第112组,,,526,
4415,广东海洋大学,113,第113组,,,509,
4415,广东海洋大学,114,第114组,,,521,
4415,广东海洋大学,115,第115组,,,545,
4415,广东海洋大学,117,第117组,,,541,
4415,广东海洋大学,118,第118组,,,512,
4415,广东海洋大学,119,第119组,,,512,
4415,广东海洋大学,120,第120组,,,514,
4415,广东海洋大学,216,第216组(中外合作办学或国际项目),,,496,
4417,广东财经大学,103,第103组,,,565,
4418,广州美术学院,102,第102组,,,511,
4418,广州美术学院,103,第103组,,,590,
4419,佛山大学,102,第102组,,,499,
4419,佛山大学,103,第103组,,,499,
4420,岭南师范学院,120,第120组,,,480,
4420,岭南师范学院,121,第121组,,,483,
4420,岭南师范学院,122,第122组,,,471,
4420,岭南师范学院,123,第123组,,,470,
4420,岭南师范学院,124,第124组,,,463,
4420,岭南师范学院,125,第125组,,,497,
4420,岭南师范学院,126,第126组,,,493,
4420,岭南师范学院,227,第227组(中外合作办学或国际项目),,,436,
4422,嘉应学院,106,第106组,,,479,
4422,嘉应学院,107,第107组,,,473,
4422,嘉应学院,108,第108组,,,470,
4423,广东石油化工学院,105,第105组,,,503,
4423,广东石油化工学院,106,第106组,,,513,
4423,广东石油化工学院,107,第107组,,,510,
4423,广东石油化工学院,108,第108组,,,522,
4423,广东石油化工学院,109,第109组,,,509,
4424,广东技术师范大学,105,第105组,,,536,
4425,五邑大学,103,第103组,,,524,
4425,五邑大学,104,第104组,,,508,
4425,五邑大学,105,第105组,,,496,
4426,广东工业大学,107,第107组,,,576,
4426,广东工业大学,108,第108组,,,579,
4426,广东工业大学,109,第109组,,,580,
4426,广东工业大学,110,第110组,,,562,
4427,广州大学,108,第108组,,,570,
4427,广州大学,109,第109组,,,577,
4428,广州医科大学,101,第101组,,,556,
4428,广州医科大学,102,第102组,,,557,
4428,广州医科大学,304,第304组(国家专项),,,550,
4428,广州医科大学,305,第305组(国家专项),,,550,
4429,韶关学院,103,第103组,,,454,
4430,惠州学院,105,第105组,,,516,
4430,惠州学院,106,第106组,,,513,
4431,肇庆学院,103,第103组,,,499,
4431,肇庆学院,104,第104组,,,505,
4432,仲恺农业工程学院,102,第102组,,,520,
4432,仲恺农业工程学院,103,第103组,,,499,
4433,广东医科大学,102,第102组,,,581,
4434,广东警官学院,102,第102组,,,537,
4435,南方医科大学,102,第102组,,,537,
4435,南方医科大学,103,第103组,,,613,
4436,珠海科技学院,102,第102组,,,485,
4436,珠海科技学院,103,第103组,,,476,
4442,广东金融学院,102,第102组,,,551,
4442,广东金融学院,103,第103组,,,538,
4443,广州新华学院,103,第103组,,,442,
4443,广州新华学院,104,第104组,,,438,
4443,广州新华学院,105,第105组,,,433,
4446,广东白云学院,102,第102组,,,447,
4446,广东白云学院,103,第103组,,,433,
4449,东莞城市学院,106,第106组,,,443,
4449,东莞城市学院,107,第107组,,,437,
4449,东莞城市学院,108,第108组,,,441,
4450,广州应用科技学院,103,第103组,,,435,
4451,广州商学院,104,第104组,,,449,
4451,广州商学院,205,第205组(中外合作办学或国际项目),,,431,
4453,深圳技术大学,102,第102组,,,587,
4453,深圳技术大学,103,第103组,,,592,
4454,广州理工学院,103,第103组,,,447,
4455,广东药科大学,101,第101组,,,553,
4455,广东药科大学,102,第102组,,,528,
4456,广州华立学院,103,第103组,,,445,
4456,广州华立学院,104,第104组,,,430,
4456,广州华立学院,105,第105组,,,445,
4456,广州华立学院,106,第106组,,,439,
4457,广东培正学院,102,第102组,,,443,
4459,广州城市理工学院,102,第102组,,,455,
4459,广州城市理工学院,103,第103组,,,439,
4460,广州软件学院,102,第102组,,,448,
4478,广东东软学院,101,第101组,,,428,
4481,韩山师范学院,105,第105组,,,480,
4481,韩山师范学院,106,第106组,,,475,
4485,电子科技大学中山学院,101,第101组,,,459,
4485,电子科技大学中山学院,102,第102组,,,471,
4489,华南农业大学珠江学院,103,第103组,,,452,
4490,广东第二师范学院,102,第102组,,,517,
4492,广州工商学院,103,第103组,,,443,
4492,广州工商学院,204,第204组(中外合作办学或国际项目),,,,
4494,广东科技学院,102,第102组,,,434,
4495,广东工商职业技术大学,103,第103组,,,439,
4499,深圳职业技术大学,101,第101组,,,549,
4501,广西大学,108,第108组,,,570,
4501,广西大学,109,第109组,,,572,
4501,广西大学,110,第110组,,,574,
4503,桂林理工大学,103,第103组,,,508,
4503,桂林理工大学,104,第104组,,,500,
4503,桂林理工大学,205,第205组(中外合作办学或国际项目),,,496,
4504,桂林电子科技大学,104,第104组,,,548,
4504,桂林电子科技大学,105,第105组,,,559,
4504,桂林电子科技大学,902,第902组(边防军人子女预科班),,,495,
4506,广西艺术学院,119,第119组,,,465,
4507,广西科技大学,104,第104组,,,501,
4507,广西科技大学,105,第105组,,,508,
4507,广西科技大学,106,第106组,,,495,
4507,广西科技大学,107,第107组,,,506,
4507,广西科技大学,109,第109组,,,541,
4507,广西科技大学,110,第110组,,,490,
4507,广西科技大学,208,第208组(中外合作办学或国际项目),,,460,
4508,广西民族大学,111,第111组,,,492,
4508,广西民族大学,114,第114组,,,512,
4508,广西民族大学,115,第115组,,,491,
4508,广西民族大学,117,第117组,,,491,
4508,广西民族大学,118,第118组,,,486,
4508,广西民族大学,213,第213组(中外合作办学或国际项目),,,476,
4508,广西民族大学,216,第216组(中外合作办学或国际项目),,,460,
4509,广西师范大学,112,第112组,,,514,
4509,广西师范大学,113,第113组,,,508,
4509,广西师范大学,114,第114组,,,555,
4509,广西师范大学,218,第218组(中外合作办学或国际项目),,,,
4510,桂林医学院,103,第103组,,,506,
4510,桂林医学院,104,第104组,,,515,
4510,桂林医学院,105,第105组,,,,
4511,广西医科大学,103,第103组,,,575,
4511,广西医科大学,104,第104组,,,523,
4511,广西医科大学,105,第105组,,,544,
4511,广西医科大学,106,第106组,,,,
4512,南宁师范大学,110,第110组,,,516,
4512,南宁师范大学,111,第111组,,,520,
4512,南宁师范大学,113,第113组,,,515,
4512,南宁师范大学,114,第114组,,,527,
4512,南宁师范大学,212,第212组(中外合作办学或国际项目),,,505,
4513,玉林师范学院,109,第109组,,,464,
4513,玉林师范学院,110,第110组,,,455,
4513,玉林师范学院,111,第111组,,,454,
4514,广西中医药大学,101,第101组,,,531,
4514,广西中医药大学,102,第102组,,,513,
4514,广西中医药大学,103,第103组,,,536,
4514,广西中医药大学,104,第104组,,,526,
4514,广西中医药大学,105,第105组,,,570,
4514,广西中医药大学,106,第106组,,,504,
4515,右江民族医学院,103,第103组,,,485,
4515,右江民族医学院,104,第104组,,,481,
4515,右江民族医学院,105,第105组,,,471,
4515,右江民族医学院,106,第106组,,,460,
4515,右江民族医学院,107,第107组,,,497,
4520,广西警察学院,102,第102组,,,491,
4530,桂林航天工业学院,104,第104组,,,489,
4530,桂林航天工业学院,105,第105组,,,491,
4530,桂林航天工业学院,206,第206组(中外合作办学或国际项目),,,457,
4531,桂林旅游学院,105,第105组,,,472,
4531,桂林旅游学院,107,第107组,,,455,
4531,桂林旅游学院,108,第108组,,,472,
4531,桂林旅游学院,206,第206组(中外合作办学或国际项目),,,455,
4533,南宁学院,103,第103组,,,447,
4533,南宁学院,104,第104组,,,451,
4533,南宁学院,105,第105组,,,440,
4538,广西财经学院,104,第104组,,,486,
4538,广西财经学院,106,第106组,,,484,
4538,广西财经学院,205,第205组(中外合作办学或国际项目),,,464,
4538,广西财经学院,207,第207组(中外合作办学或国际项目),,,451,
4539,贺州学院,105,第105组,,,469,
4539,贺州学院,106,第106组,,,450,
4540,北部湾大学,110,第110组,,,487,
4540,北部湾大学,111,第111组,,,490,
4540,北部湾大学,114,第114组,,,482,
4540,北部湾大学,115,第115组,,,500,
4540,北部湾大学,116,第116组,,,486,
4540,北部湾大学,117,第117组,,,479,
4540,北部湾大学,118,第118组,,,496,
4540,北部湾大学,119,第119组,,,507,
4540,北部湾大学,209,第209组(中外合作办学或国际项目),,,454,
4540,北部湾大学,212,第212组(中外合作办学或国际项目),,,439,
4540,北部湾大学,213,第213组(中外合作办学或国际项目),,,447,
4541,梧州学院,108,第108组,,,473,
4541,梧州学院,109,第109组,,,486,
4541,梧州学院,110,第110组,,,459,
4542,广西科技师范学院,105,第105组,,,476,
4542,广西科技师范学院,106,第106组,,,461,
4542,广西科技师范学院,107,第107组,,,452,
4543,百色学院,106,第106组,,,451,
4544,河池学院,107,第107组,,,470,
4544,河池学院,108,第108组,,,453,
4549,广西民族师范学院,107,第107组,,,450,
4552,桂林学院,103,第103组,,,454,
4552,桂林学院,104,第104组,,,441,
4553,桂林信息科技学院,103,第103组,,,445,
4553,桂林信息科技学院,104,第104组,,,429,
4554,南宁理工学院,106,第106组,,,441,
4554,南宁理工学院,108,第108组,,,432,
4554,南宁理工学院,109,第109组,,,455,
4555,柳州工学院,102,第102组,,,439,
4555,柳州工学院,103,第103组,,,433,
4555,柳州工学院,104,第104组,,,437,
4556,广西民族大学相思湖学院,104,第104组,,,451,
4556,广西民族大学相思湖学院,105,第105组,,,450,
4556,广西民族大学相思湖学院,106,第106组,,,445,
4558,广西中医药大学赛恩斯新医药学院,101,第101组,,,443,
4558,广西中医药大学赛恩斯新医药学院,102,第102组,,,467,
4559,广西农业职业技术大学,102,第102组,,,467,
4561,广西职业师范学院,102,第102组,,,456,
4580,广西外国语学院,106,第106组,,,432,
4580,广西外国语学院,107,第107组,,,432,
4601,海南大学,115,第115组,,,578,
4601,海南大学,116,第116组,,,563,
4601,海南大学,118,第118组,,,566,
4601,海南大学,119,第119组,,,592,
4601,海南大学,121,第121组,,,569,
4601,海南大学,217,第217组(中外合作办学或国际项目),,,551,
4601,海南大学,220,第220组(中外合作办学或国际项目),,,560,
4601,海南大学,222,第222组(中外合作办学或国际项目),,,544,
4602,海南医科大学,102,第102组,,,559,
4602,海南医科大学,103,第103组,,,529,
4602,海南医科大学,104,第104组,,,534,
4602,海南医科大学,105,第105组,,,524,
4602,海南医科大学,106,第106组,,,511,
4602,海南医科大学,107,第107组,,,503,
4602,海南医科大学,108,第108组,,,496,
4602,海南医科大学,109,第109组,,,502,
4602,海南医科大学,112,第112组,,,504,
4602,海南医科大学,210,第210组(中外合作办学或国际项目),,,457,
4602,海南医科大学,211,第211组(中外合作办学或国际项目),,,432,
4604,海南热带海洋学院,109,第109组,,,495,
4604,海南热带海洋学院,111,第111组,,,454,
4604,海南热带海洋学院,210,第210组(中外合作办学或国际项目),,,459,
4605,海南师范大学,121,第121组,,,493,
4605,海南师范大学,126,第126组,,,490,
4605,海南师范大学,127,第127组,,,540,
4605,海南师范大学,128,第128组,,,444,
4605,海南师范大学,129,第129组,,,538,
4605,海南师范大学,130,第130组,,,534,
4605,海南师范大学,222,第222组(中外合作办学或国际项目),,,,
4630,三亚学院,107,第107组,,,427,
4630,三亚学院,108,第108组,,,424,
4630,三亚学院,109,第109组,,,425,
4630,三亚学院,111,第111组,,,,
4630,三亚学院,112,第112组,,,422,
4630,三亚学院,210,第210组(中外合作办学或国际项目),,,436,
4631,海口经济学院,112,第112组,,,423,
4631,海口经济学院,114,第114组,,,,
4636,海南比勒费尔德应用科学大学,101,第101组,,,,
4636,海南比勒费尔德应用科学大学,102,第102组,,,,
4650,海南科技职业大学,104,第104组,,,431,
4650,海南科技职业大学,105,第105组,,,427,
4671,琼台师范学院,111,第111组,,,468,
4671,琼台师范学院,112,第112组,,,448,
4711,湖南软件职业技术大学,103,第103组,,,434,
4719,湖南汽车工程职业大学,102,第102组,,,466,
4720,长沙工业学院,103,第103组,,,474,
4720,长沙工业学院,104,第104组,,,466,
4722,湖南农业大学东方科技学院,104,第104组,,,465,
4722,湖南农业大学东方科技学院,105,第105组,,,452,
4723,湖南科技大学潇湘学院,103,第103组,,,467,
4723,湖南科技大学潇湘学院,104,第104组,,,449,
4724,湖南中医药大学湘杏学院,103,第103组,,,437,
4724,湖南中医药大学湘杏学院,104,第104组,,,457,
4725,长沙理工大学城南学院,103,第103组,,,470,
4725,长沙理工大学城南学院,104,第104组,,,457,
4726,南华大学船山学院,103,第103组,,,465,
4726,南华大学船山学院,104,第104组,,,448,
4726,南华大学船山学院,105,第105组,,,444,
4727,湖南工业大学科技学院,103,第103组,,,462,
4727,湖南工业大学科技学院,104,第104组,,,444,
4729,中南林业科技大学涉外学院,106,第106组,,,453,
4729,中南林业科技大学涉外学院,108,第108组,,,442,
4731,湘潭理工学院,103,第103组,,,447,
4731,湘潭理工学院,104,第104组,,,428,
4732,张家界学院,113,第113组,,,435,
4732,张家界学院,114,第114组,,,,
4732,张家界学院,115,第115组,,,,
4732,张家界学院,116,第116组,,,438,
4733,衡阳师范学院南岳学院,109,第109组,,,456,
4733,衡阳师范学院南岳学院,110,第110组,,,434,
4733,衡阳师范学院南岳学院,111,第111组,,,438,
4733,衡阳师范学院南岳学院,112,第112组,,,460,
4733,衡阳师范学院南岳学院,113,第113组,,,458,
4734,湖南理工学院南湖学院,103,第103组,,,453,
4734,湖南理工学院南湖学院,104,第104组,,,458,
4734,湖南理工学院南湖学院,105,第105组,,,443,
4735,湖南文理学院芙蓉学院,108,第108组,,,455,
4735,湖南文理学院芙蓉学院,109,第109组,,,440,
4736,湖南工程学院应用技术学院,103,第103组,,,451,
4736,湖南工程学院应用技术学院,104,第104组,,,452,
4736,湖南工程学院应用技术学院,105,第105组,,,442,
4745,湖南应用技术学院,106,第106组,,,446,
4745,湖南应用技术学院,108,第108组,,,427,
4757,湖南信息学院,107,第107组,,,429,
4757,湖南信息学院,108,第108组,,,,
4803,深圳北理莫斯科大学,103,第103组,,,550,
4803,深圳北理莫斯科大学,104,第104组,,,558,
4808,广东以色列理工学院,101,第101组,,,553,
4809,哈尔滨工业大学(深圳),103,第103组,,,662,
4809,哈尔滨工业大学(深圳),304,第304组(国家专项),,,648,
4819,济宁学院,102,第102组,,,450,
4820,湖北恩施学院,103,第103组,,,442,
4821,武昌理工学院,105,第105组,,,446,
4822,三峡大学科技学院,106,第106组,,,451,
4824,湖北大学知行学院,104,第104组,,,463,
4824,湖北大学知行学院,106,第106组,,,441,
4824,湖北大学知行学院,107,第107组,,,450,
4825,长江大学文理学院,103,第103组,,,463,
4825,长江大学文理学院,104,第104组,,,444,
4825,长江大学文理学院,105,第105组,,,466,
4827,武汉东湖学院,102,第102组,,,450,
4827,武汉东湖学院,103,第103组,,,434,
4828,武汉文理学院,103,第103组,,,460,
4828,武汉文理学院,104,第104组,,,445,
4828,武汉文理学院,105,第105组,,,465,
4829,武汉工程大学邮电与信息工程学院,103,第103组,,,458,
4829,武汉工程大学邮电与信息工程学院,104,第104组,,,447,
4830,武汉工商学院,103,第103组,,,466,
4830,武汉工商学院,104,第104组,,,450,
4831,湖北商贸学院,103,第103组,,,449,
4832,湖北医药学院药护学院,101,第101组,,,443,
4833,湖北经济学院法商学院,102,第102组,,,468,
4834,武汉体育学院体育科技学院,105,第105组,,,461,
4835,武汉学院,102,第102组,,,461,
4835,武汉学院,103,第103组,,,453,
4836,武汉传媒学院,106,第106组,,,471,
4836,武汉传媒学院,107,第107组,,,445,
4838,武汉晴川学院,103,第103组,,,450,
4838,武汉晴川学院,105,第105组,,,440,
4839,湖北工程学院新技术学院,103,第103组,,,448,
4846,扬州大学广陵学院,102,第102组,,,435,
4849,南京财经大学红山学院,102,第102组,,,454,
4855,中国人民大学(苏州校区),204,第204组(中外合作办学或国际项目),,,633,
4855,中国人民大学(苏州校区),205,第205组(中外合作办学或国际项目),,,641,
4884,北京师范大学-香港浸会大学联合国际学院,103,第103组,,,540,
4884,北京师范大学-香港浸会大学联合国际学院,104,第104组,,,541,
4897,广东理工学院,103,第103组,,,457,
4897,广东理工学院,104,第104组,,,437,
4899,湛江科技学院,105,第105组,,,429,
4899,湛江科技学院,106,第106组,,,422,
4958,江苏大学京江学院,101,第101组,,,448,
4970,南通理工学院,102,第102组,,,438,
5001,重庆大学,113,第113组,,,620,
5001,重庆大学,114,第114组,,,621,
5001,重庆大学,215,第215组(中外合作办学或国际项目),,,610,
5001,重庆大学,316,第316组(国家专项),,,599,
5001,重庆大学,317,第317组(国家专项),,,582,
5002,西南大学,124,第124组,,,596,
5002,西南大学,127,第127组,,,594,
5002,西南大学,129,第129组,,,607,
5002,西南大学,130,第130组,,,580,
5002,西南大学,131,第131组,,,598,
5002,西南大学,226,第226组(中外合作办学或国际项目),,,569,
5002,西南大学,228,第228组(中外合作办学或国际项目),,,565,
5002,西南大学,801,第801组(少数民族预科班),,,593,
5003,西南政法大学,103,第103组,,,590,
5003,西南政法大学,204,第204组(中外合作办学或国际项目),,,607,
5004,西南大学(荣昌校区),103,第103组,,,573,
5004,西南大学(荣昌校区),104,第104组,,,560,
5004,西南大学(荣昌校区),205,第205组(中外合作办学或国际项目),,,547,
5004,西南大学(荣昌校区),306,第306组(国家专项),,,566,
5004,西南大学(荣昌校区),307,第307组(国家专项),,,534,
5008,重庆医科大学,102,第102组,,,594,
5008,重庆医科大学,103,第103组,,,556,
5008,重庆医科大学,104,第104组,,,556,
5008,重庆医科大学,105,第105组,,,565,
5008,重庆医科大学,201,第201组(中外合作办学或国际项目),,,594,
5009,重庆邮电大学,104,第104组,,,581,
5009,重庆邮电大学,105,第105组,,,587,
5009,重庆邮电大学,107,第107组,,,596,
5009,重庆邮电大学,206,第206组(中外合作办学或国际项目),,,579,
5009,重庆邮电大学,208,第208组(中外合作办学或国际项目),,,580,
5010,重庆交通大学,102,第102组,,,531,
5010,重庆交通大学,103,第103组,,,541,
5010,重庆交通大学,204,第204组(中外合作办学或国际项目),,,540,
5011,重庆理工大学,102,第102组,,,554,
5011,重庆理工大学,103,第103组,,,555,
5013,重庆工商大学,104,第104组,,,536,
5013,重庆工商大学,105,第105组,,,517,
5013,重庆工商大学,107,第107组,,,516,
5014,重庆三峡学院,104,第104组,,,489,
5014,重庆三峡学院,105,第105组,,,484,
5015,四川美术学院,104,第104组,,,524,
5015,四川美术学院,106,第106组,,,535,
5016,重庆师范大学,112,第112组,,,523,
5016,重庆师范大学,113,第113组,,,548,
5016,重庆师范大学,114,第114组,,,572,
5016,重庆师范大学,115,第115组,,,558,
5018,四川外国语大学,110,第110组,,,549,
5018,四川外国语大学,112,第112组,,,537,
5018,四川外国语大学,114,第114组,,,564,
5018,四川外国语大学,211,第211组(中外合作办学或国际项目),,,529,
5019,重庆文理学院,109,第109组,,,496,
5019,重庆文理学院,110,第110组,,,492,
5019,重庆文理学院,211,第211组(中外合作办学或国际项目),,,445,
5019,重庆文理学院,212,第212组(中外合作办学或国际项目),,,,
5020,长江师范学院,109,第109组,,,488,
5020,长江师范学院,111,第111组,,,479,
5020,长江师范学院,210,第210组(中外合作办学或国际项目),,,446,
5022,重庆科技大学,103,第103组,,,517,
5022,重庆科技大学,104,第104组,,,515,
5023,重庆第二师范学院,103,第103组,,,499,
5023,重庆第二师范学院,104,第104组,,,502,
5025,陆军军医大学,101,第101组,,,634,
5025,陆军军医大学,102,第102组,,,608,
5025,陆军军医大学,103,第103组,,,616,
5025,陆军军医大学,104,第104组,,,589,
5025,陆军军医大学,105,第105组,,,580,
5025,陆军军医大学,106,第106组,,,581,
5025,陆军军医大学,107,第107组,,,590,
5028,重庆城市科技学院,106,第106组,,,459,
5028,重庆城市科技学院,107,第107组,,,445,
5028,重庆城市科技学院,108,第108组,,,459,
5029,重庆对外经贸学院,102,第102组,,,456,
5029,重庆对外经贸学院,103,第103组,,,457,
5029,重庆对外经贸学院,104,第104组,,,439,
5030,重庆移通学院,103,第103组,,,459,
5030,重庆移通学院,104,第104组,,,442,
5030,重庆移通学院,205,第205组(中外合作办学或国际项目),,,424,
5030,重庆移通学院,206,第206组(中外合作办学或国际项目),,,426,
5032,重庆工商大学派斯学院,102,第102组,,,457,
5032,重庆工商大学派斯学院,103,第103组,,,445,
5034,重庆财经学院,102,第102组,,,462,
5034,重庆财经学院,105,第105组,,,447,
5034,重庆财经学院,204,第204组(中外合作办学或国际项目),,,444,
5045,重庆外语外事学院,107,第107组,,,451,
5045,重庆外语外事学院,108,第108组,,,440,
5048,重庆中医药学院,102,第102组,,,503,
5048,重庆中医药学院,103,第103组,,,498,
5051,重庆电子科技职业大学,101,第101组,,,501,
5058,重庆机电职业技术大学,103,第103组,,,457,
5101,四川大学,111,第111组,,,617,
5101,四川大学,112,第112组,,,621,
5101,四川大学,113,第113组,,,649,
5101,四川大学,214,第214组(中外合作办学或国际项目),,,614,
5101,四川大学,315,第315组(国家专项),,,605,
5102,电子科技大学,102,第102组,,,647,
5102,电子科技大学,303,第303组(国家专项),,,639,
5103,西南交通大学,107,第107组,,,600,
5103,西南交通大学,208,第208组(中外合作办学或国际项目),,,574,
5103,西南交通大学,209,第209组(中外合作办学或国际项目),,,555,
5103,西南交通大学,210,第210组(中外合作办学或国际项目),,,583,
5103,西南交通大学,311,第311组(国家专项),,,575,
5104,电子科技大学(沙河校区),101,第101组,,,646,
5104,电子科技大学(沙河校区),102,第102组,,,623,
5104,电子科技大学(沙河校区),203,第203组(中外合作办学或国际项目),,,630,
5104,电子科技大学(沙河校区),204,第204组(中外合作办学或国际项目),,,624,
5105,四川农业大学,101,第101组,,,564,
5105,四川农业大学,102,第102组,,,571,
5106,西南财经大学,104,第104组,,,599,
5106,西南财经大学,108,第108组,,,610,
5106,西南财经大学,206,第206组(中外合作办学或国际项目),,,566,
5106,西南财经大学,309,第309组(国家专项),,,582,
5106,西南财经大学,310,第310组(国家专项),,,602,
5107,四川师范大学,121,第121组,,,537,
5107,四川师范大学,122,第122组,,,541,
5107,四川师范大学,123,第123组,,,564,
5107,四川师范大学,124,第124组,,,536,
5107,四川师范大学,125,第125组,,,540,
5107,四川师范大学,126,第126组,,,539,
5107,四川师范大学,127,第127组,,,561,
5108,成都中医药大学,103,第103组,,,548,
5108,成都中医药大学,105,第105组,,,582,
5108,成都中医药大学,106,第106组,,,563,
5108,成都中医药大学,107,第107组,,,553,
5108,成都中医药大学,108,第108组,,,540,
5108,成都中医药大学,109,第109组,,,549,
5108,成都中医药大学,110,第110组,,,517,
5108,成都中医药大学,204,第204组(中外合作办学或国际项目),,,486,
5108,成都中医药大学,211,第211组(中外合作办学或国际项目),,,476,
5109,乐山师范学院,104,第104组,,,457,
5110,成都理工大学,105,第105组,,,563,
5110,成都理工大学,106,第106组,,,568,
5110,成都理工大学,109,第109组,,,549,
5110,成都理工大学,110,第110组,,,580,
5110,成都理工大学,112,第112组,,,551,
5110,成都理工大学,208,第208组(中外合作办学或国际项目),,,537,
5110,成都理工大学,211,第211组(中外合作办学或国际项目),,,566,
5111,成都体育学院,103,第103组,,,495,
5112,西南民族大学,111,第111组,,,518,
5112,西南民族大学,112,第112组,,,509,
5112,西南民族大学,313,第313组(国家专项),,,513,
5112,西南民族大学,802,第802组(少数民族预科班),,,522,
5114,西南石油大学,104,第104组,,,568,
5114,西南石油大学,105,第105组,,,570,
5114,西南石油大学,106,第106组,,,574,
5115,成都信息工程大学,103,第103组,,,552,
5115,成都信息工程大学,104,第104组,,,560,
5116,中国民用航空飞行学院,103,第103组,,,514,
5116,中国民用航空飞行学院,104,第104组,,,504,
5116,中国民用航空飞行学院,105,第105组,,,514,
5116,中国民用航空飞行学院,306,第306组(国家专项),,,531,
5116,中国民用航空飞行学院,307,第307组(国家专项),,,513,
5117,西南科技大学,105,第105组,,,534,
5117,西南科技大学,106,第106组,,,511,
5117,西南科技大学,107,第107组,,,540,
5118,四川轻化工大学,105,第105组,,,520,
5118,四川轻化工大学,106,第106组,,,509,
5119,西华大学,102,第102组,,,531,
5119,西华大学,103,第103组,,,527,
5119,西华大学,902,第902组(边防军人子女预科班),,,453,
5120,西南医科大学,102,第102组,,,570,
5120,西南医科大学,103,第103组,,,572,
5120,西南医科大学,104,第104组,,,550,
5120,西南医科大学,105,第105组,,,545,
5120,西南医科大学,106,第106组,,,545,
5120,西南医科大学,107,第107组,,,540,
5120,西南医科大学,108,第108组,,,551,
5120,西南医科大学,109,第109组,,,544,
5120,西南医科大学,110,第110组,,,535,
5120,西南医科大学,111,第111组,,,487,
5120,西南医科大学,112,第112组,,,537,
5120,西南医科大学,113,第113组,,,511,
5121,成都医学院,101,第101组,,,519,
5121,成都医学院,102,第102组,,,512,
5123,西华师范大学,106,第106组,,,504,
5123,西华师范大学,107,第107组,,,493,
5123,西华师范大学,108,第108组,,,496,
5125,成都大学,111,第111组,,,544,
5125,成都大学,114,第114组,,,556,
5125,成都大学,212,第212组(中外合作办学或国际项目),,,536,
5125,成都大学,213,第213组(中外合作办学或国际项目),,,520,
5126,宜宾学院,103,第103组,,,487,
5126,宜宾学院,104,第104组,,,485,
5127,川北医学院,103,第103组,,,556,
5127,川北医学院,104,第104组,,,513,
5127,川北医学院,105,第105组,,,544,
5127,川北医学院,106,第106组,,,543,
5127,川北医学院,107,第107组,,,508,
5128,攀枝花学院,102,第102组,,,475,
5128,攀枝花学院,103,第103组,,,526,
5129,绵阳师范学院,107,第107组,,,495,
5129,绵阳师范学院,108,第108组,,,464,
5130,西昌学院,103,第103组,,,473,
5130,西昌学院,104,第104组,,,472,
5131,四川警察学院,102,第102组,,,489,
5133,成都外国语学院,102,第102组,,,460,
5134,成都银杏酒店管理学院,102,第102组,,,452,
5135,电子科技大学成都学院,103,第103组,,,455,
5136,成都理工大学工程技术学院,102,第102组,,,444,
5137,四川工商学院,103,第103组,,,444,
5140,四川旅游学院,101,第101组,,,479,
5140,四川旅游学院,202,第202组(中外合作办学或国际项目),,,442,
5147,成都工业学院,103,第103组,,,507,
5147,成都工业学院,104,第104组,,,513,
5147,成都工业学院,105,第105组,,,509,
5152,四川文理学院,107,第107组,,,475,
5152,四川文理学院,109,第109组,,,453,
5153,四川大学锦江学院,106,第106组,,,459,
5153,四川大学锦江学院,108,第108组,,,445,
5158,成都东软学院,102,第102组,,,450,
5162,成都锦城学院,102,第102组,,,464,
5163,绵阳城市学院,102,第102组,,,443,
5176,四川工业科技学院,101,第101组,,,449,
5178,西南交通大学希望学院,102,第102组,,,456,
5187,成都师范学院,104,第104组,,,505,
5187,成都师范学院,105,第105组,,,502,
5192,西南财经大学天府学院,103,第103组,,,461,
5192,西南财经大学天府学院,104,第104组,,,456,
5192,西南财经大学天府学院,105,第105组,,,444,
5201,贵州大学,110,第110组,,,572,
5201,贵州大学,112,第112组,,,599,
5201,贵州大学,113,第113组,,,596,
5201,贵州大学,114,第114组,,,576,
5201,贵州大学,115,第115组,,,578,
5201,贵州大学,116,第116组,,,580,
5201,贵州大学,120,第120组,,,601,
5201,贵州大学,211,第211组(中外合作办学或国际项目),,,536,
5201,贵州大学,217,第217组(中外合作办学或国际项目),,,543,
5201,贵州大学,218,第218组(中外合作办学或国际项目),,,565,
5201,贵州大学,219,第219组(中外合作办学或国际项目),,,531,
5203,贵州财经大学,107,第107组,,,541,
5203,贵州财经大学,108,第108组,,,544,
5203,贵州财经大学,109,第109组,,,534,
5203,贵州财经大学,206,第206组(中外合作办学或国际项目),,,452,
5204,遵义医科大学,102,第102组,,,563,
5204,遵义医科大学,103,第103组,,,503,
5204,遵义医科大学,104,第104组,,,578,
5204,遵义医科大学,105,第105组,,,539,
5204,遵义医科大学,106,第106组,,,531,
5205,贵州医科大学,101,第101组,,,573,
5205,贵州医科大学,102,第102组,,,500,
5205,贵州医科大学,103,第103组,,,481,
5205,贵州医科大学,104,第104组,,,495,
5205,贵州医科大学,205,第205组(中外合作办学或国际项目),,,,
5205,贵州医科大学,206,第206组(中外合作办学或国际项目),,,,
5205,贵州医科大学,207,第207组(中外合作办学或国际项目),,,503,
5206,贵州中医药大学,104,第104组,,,491,
5206,贵州中医药大学,105,第105组,,,521,
5206,贵州中医药大学,106,第106组,,,484,
5206,贵州中医药大学,108,第108组,,,463,
5206,贵州中医药大学,109,第109组,,,487,
5206,贵州中医药大学,207,第207组(中外合作办学或国际项目),,,473,
5207,贵州民族大学,111,第111组,,,495,
5207,贵州民族大学,112,第112组,,,522,
5207,贵州民族大学,113,第113组,,,487,
5207,贵州民族大学,114,第114组,,,476,
5207,贵州民族大学,115,第115组,,,509,
5207,贵州民族大学,116,第116组,,,525,
5207,贵州民族大学,117,第117组,,,534,
5208,贵州师范大学,114,第114组,,,549,
5208,贵州师范大学,115,第115组,,,527,
5209,黔南民族师范学院,110,第110组,,,457,
5210,遵义师范学院,107,第107组,,,480,
5210,遵义师范学院,108,第108组,,,478,
5210,遵义师范学院,109,第109组,,,475,
5210,遵义师范学院,110,第110组,,,468,
5210,遵义师范学院,111,第111组,,,457,
5210,遵义师范学院,112,第112组,,,480,
5211,贵州工程应用技术学院,106,第106组,,,472,
5212,贵州理工学院,102,第102组,,,486,
5212,贵州理工学院,103,第103组,,,486,
5212,贵州理工学院,104,第104组,,,482,
5212,贵州理工学院,105,第105组,,,475,
5212,贵州理工学院,106,第106组,,,487,
5212,贵州理工学院,107,第107组,,,464,
5212,贵州理工学院,108,第108组,,,487,
5212,贵州理工学院,209,第209组(中外合作办学或国际项目),,,460,
5213,贵州师范学院,105,第105组,,,480,
5213,贵州师范学院,107,第107组,,,486,
5213,贵州师范学院,108,第108组,,,491,
5213,贵州师范学院,109,第109组,,,475,
5213,贵州师范学院,110,第110组,,,489,
5215,贵阳学院,104,第104组,,,475,
5221,茅台学院,101,第101组,,,460,
5221,茅台学院,102,第102组,,,462,
5221,茅台学院,103,第103组,,,458,
5221,茅台学院,104,第104组,,,448,
5221,茅台学院,105,第105组,,,447,
5233,贵州医科大学神奇民族医药学院,101,第101组,,,476,
5234,贵阳信息科技学院,102,第102组,,,442,
5235,贵州黔南科技学院,104,第104组,,,439,
5236,贵州黔南经济学院,102,第102组,,,460,
5236,贵州黔南经济学院,103,第103组,,,439,
5238,贵州中医药大学时珍学院,101,第101组,,,446,
5239,贵阳人文科技学院,103,第103组,,,441,
5240,铜仁学院,108,第108组,,,450,
5240,铜仁学院,207,第207组(中外合作办学或国际项目),,,440,
5241,贵阳康养职业大学,101,第101组,,,479,
5241,贵阳康养职业大学,102,第102组,,,453,
5243,贵州商学院,103,第103组,,,468,
5246,安顺学院,108,第108组,,,451,
5246,安顺学院,109,第109组,,,479,
5246,安顺学院,110,第110组,,,485,
5252,贵州警察学院,102,第102组,,,487,
5252,贵州警察学院,103,第103组,,,502,
5252,贵州警察学院,104,第104组,,,483,
5254,六盘水师范学院,107,第107组,,,457,
5254,六盘水师范学院,108,第108组,,,449,
5259,凯里学院,103,第103组,,,462,
5259,凯里学院,204,第204组(中外合作办学或国际项目),,,442,
5261,兴义民族师范学院,102,第102组,,,482,
5261,兴义民族师范学院,103,第103组,,,470,
5262,遵义医科大学医学与科技学院,101,第101组,,,479,
5301,云南大学,111,第111组,,,572,
5301,云南大学,112,第112组,,,578,
5301,云南大学,114,第114组,,,573,
5301,云南大学,115,第115组,,,593,
5301,云南大学,116,第116组,,,593,
5301,云南大学,117,第117组,,,584,
5301,云南大学,118,第118组,,,558,
5301,云南大学,213,第213组(中外合作办学或国际项目),,,545,
5305,昆明理工大学,105,第105组,,,544,
5305,昆明理工大学,107,第107组,,,534,
5305,昆明理工大学,108,第108组,,,567,
5305,昆明理工大学,109,第109组,,,546,
5305,昆明理工大学,206,第206组(中外合作办学或国际项目),,,500,
5306,云南农业大学,106,第106组,,,499,
5306,云南农业大学,109,第109组,,,485,
5306,云南农业大学,111,第111组,,,513,
5306,云南农业大学,112,第112组,,,507,
5306,云南农业大学,208,第208组(中外合作办学或国际项目),,,473,
5306,云南农业大学,210,第210组(中外合作办学或国际项目),,,450,
5308,昆明医科大学,101,第101组,,,581,
5308,昆明医科大学,102,第102组,,,534,
5308,昆明医科大学,103,第103组,,,538,
5308,昆明医科大学,204,第204组(中外合作办学或国际项目),,,484,
5309,西南林业大学,103,第103组,,,506,
5309,西南林业大学,104,第104组,,,492,
5309,西南林业大学,105,第105组,,,507,
5309,西南林业大学,106,第106组,,,506,
5310,云南民族大学,106,第106组,,,479,
5311,云南师范大学,111,第111组,,,528,
5311,云南师范大学,112,第112组,,,514,
5311,云南师范大学,113,第113组,,,539,
5311,云南师范大学,114,第114组,,,541,
5312,云南财经大学,105,第105组,,,502,
5312,云南财经大学,106,第106组,,,515,
5312,云南财经大学,107,第107组,,,511,
5313,普洱学院,102,第102组,,,464,
5314,云南中医药大学,102,第102组,,,491,
5314,云南中医药大学,103,第103组,,,502,
5314,云南中医药大学,104,第104组,,,521,
5314,云南中医药大学,105,第105组,,,503,
5315,玉溪师范学院,107,第107组,,,480,
5315,玉溪师范学院,108,第108组,,,450,
5316,大理大学,107,第107组,,,497,
5316,大理大学,108,第108组,,,517,
5316,大理大学,109,第109组,,,498,
5316,大理大学,110,第110组,,,508,
5317,楚雄师范学院,108,第108组,,,448,
5318,曲靖师范学院,110,第110组,,,479,
5318,曲靖师范学院,111,第111组,,,474,
5318,曲靖师范学院,112,第112组,,,481,
5318,曲靖师范学院,113,第113组,,,469,
5318,曲靖师范学院,114,第114组,,,482,
5319,昆明学院,110,第110组,,,502,
5319,昆明学院,111,第111组,,,475,
5321,红河学院,107,第107组,,,468,
5321,红河学院,108,第108组,,,451,
5324,滇西应用技术大学,102,第102组,,,470,
5343,昆明理工大学津桥学院,102,第102组,,,447,
5343,昆明理工大学津桥学院,104,第104组,,,450,
5343,昆明理工大学津桥学院,106,第106组,,,433,
5344,滇池学院,105,第105组,,,442,
5344,滇池学院,106,第106组,,,461,
5344,滇池学院,107,第107组,,,431,
5345,昆明传媒学院,107,第107组,,,445,
5346,昆明文理学院,102,第102组,,,445,
5346,昆明文理学院,103,第103组,,,438,
5347,昆明城市学院,107,第107组,,,460,
5347,昆明城市学院,108,第108组,,,438,
5349,昆明医科大学海源学院,103,第103组,,,467,
5349,昆明医科大学海源学院,104,第104组,,,472,
5349,昆明医科大学海源学院,105,第105组,,,443,
5358,昭通学院,102,第102组,,,471,
5361,文山学院,102,第102组,,,458,
5363,保山学院,104,第104组,,,450,
5371,云南经济管理学院,107,第107组,,,450,
5371,云南经济管理学院,108,第108组,,,448,
5371,云南经济管理学院,109,第109组,,,460,
5371,云南经济管理学院,110,第110组,,,447,
5371,云南经济管理学院,111,第111组,,,438,
5384,滇西科技师范学院,103,第103组,,,461,
5401,西藏大学,109,第109组,,,548,
5401,西藏大学,110,第110组,,,526,
5401,西藏大学,111,第111组,,,526,
5401,西藏大学,114,第114组,,,530,
5401,西藏大学,116,第116组,,,523,
5401,西藏大学,118,第118组,,,529,
5401,西藏大学,119,第119组,,,525,
5401,西藏大学,120,第120组,,,546,
5401,西藏大学,122,第122组,,,544,
5401,西藏大学,123,第123组,,,540,
5401,西藏大学,124,第124组,,,546,
5403,西藏农牧学院,102,第102组,,,445,
5405,西藏民族大学,102,第102组,,,490,
5405,西藏民族大学,103,第103组,,,476,
5405,西藏民族大学,104,第104组,,,521,
6101,西安交通大学,107,第107组,,,637,
6101,西安交通大学,108,第108组,,,650,
6101,西安交通大学,109,第109组(西安交通大学医学部),,,634,
6101,西安交通大学,210,第210组(中外合作办学或国际项目),,,595,
6101,西安交通大学,311,第311组(国家专项),,,626,
6101,西安交通大学,312,第312组(国家专项),,,625,
6101,西安交通大学,313,第313组(国家专项)(西安交通大学医学部),,,612,
6101,西安交通大学,801,第801组(少数民族预科班),,,630,
6102,西北大学,104,第104组,,,587,
6102,西北大学,106,第106组,,,590,
6102,西北大学,108,第108组,,,585,
6102,西北大学,207,第207组(中外合作办学或国际项目),,,560,
6103,西北工业大学,102,第102组,,,641,
6103,西北工业大学,203,第203组(中外合作办学或国际项目),,,609,
6103,西北工业大学,304,第304组(国家专项),,,616,
6103,西北工业大学,801,第801组(少数民族预科班),,,623,
6104,西安电子科技大学,102,第102组,,,619,
6104,西安电子科技大学,103,第103组,,,630,
6104,西安电子科技大学,304,第304组(国家专项),,,609,
6104,西安电子科技大学,305,第305组(国家专项),,,613,
6104,西安电子科技大学,801,第801组(少数民族预科班),,,610,
6105,长安大学,104,第104组,,,573,
6105,长安大学,106,第106组,,,594,
6105,长安大学,207,第207组(中外合作办学或国际项目),,,579,
6105,长安大学,208,第208组(中外合作办学或国际项目),,,567,
6105,长安大学,309,第309组(国家专项),,,566,
6105,长安大学,310,第310组(国家专项),,,564,
6105,长安大学,801,第801组(少数民族预科班),,,587,
6106,西北农林科技大学,103,第103组,,,592,
6106,西北农林科技大学,104,第104组,,,595,
6106,西北农林科技大学,106,第106组,,,600,
6106,西北农林科技大学,107,第107组,,,600,
6106,西北农林科技大学,205,第205组(中外合作办学或国际项目),,,566,
6106,西北农林科技大学,308,第308组(国家专项),,,584,
6106,西北农林科技大学,309,第309组(国家专项),,,577,
6106,西北农林科技大学,310,第310组(国家专项),,,578,
6106,西北农林科技大学,801,第801组(少数民族预科班),,,590,
6107,陕西科技大学,105,第105组,,,540,
6107,陕西科技大学,106,第106组,,,515,
6107,陕西科技大学,207,第207组(中外合作办学或国际项目),,,516,
6108,空军军医大学,103,第103组,,,615,
6108,空军军医大学,104,第104组,,,587,
6108,空军军医大学,105,第105组,,,586,
6112,西安建筑科技大学,104,第104组,,,551,
6112,西安建筑科技大学,105,第105组,,,545,
6112,西安建筑科技大学,107,第107组,,,518,
6112,西安建筑科技大学,108,第108组,,,515,
6112,西安建筑科技大学,203,第203组(中外合作办学或国际项目),,,500,
6112,西安建筑科技大学,206,第206组(中外合作办学或国际项目),,,504,
6113,陕西师范大学,327,第327组(国家专项),,,560,
6113,陕西师范大学,328,第328组(国家专项),,,510,
6113,陕西师范大学,329,第329组(国家专项),,,571,
6113,陕西师范大学,802,第802组(少数民族预科班),,,586,
6114,西安外国语大学,107,第107组,,,543,
6115,陕西学前师范学院,104,第104组,,,444,
6116,延安大学,106,第106组,,,495,
6116,延安大学,108,第108组,,,487,
6117,宝鸡文理学院,104,第104组,,,450,
6118,渭南师范学院,110,第110组,,,477,
6118,渭南师范学院,111,第111组,,,465,
6118,渭南师范学院,112,第112组,,,459,
6118,渭南师范学院,113,第113组,,,479,
6118,渭南师范学院,114,第114组,,,464,
6119,陕西理工大学,108,第108组,,,516,
6119,陕西理工大学,109,第109组,,,508,
6119,陕西理工大学,210,第210组(中外合作办学或国际项目),,,453,
6121,西安石油大学,104,第104组,,,527,
6121,西安石油大学,105,第105组,,,518,
6121,西安石油大学,106,第106组,,,510,
6122,西安邮电大学,101,第101组,,,559,
6122,西安邮电大学,102,第102组,,,576,
6122,西安邮电大学,203,第203组(中外合作办学或国际项目),,,566,
6123,西安财经大学,103,第103组,,,525,
6123,西安财经大学,106,第106组,,,528,
6123,西安财经大学,205,第205组(中外合作办学或国际项目),,,505,
6125,西北政法大学,105,第105组,,,596,
6126,西安工程大学,108,第108组,,,517,
6126,西安工程大学,109,第109组,,,506,
6127,西安理工大学,102,第102组,,,553,
6127,西安理工大学,103,第103组,,,551,
6127,西安理工大学,204,第204组(中外合作办学或国际项目),,,539,
6128,西安工业大学,104,第104组,,,555,
6128,西安工业大学,105,第105组,,,552,
6128,西安工业大学,206,第206组(中外合作办学或国际项目),,,508,
6129,西安科技大学,103,第103组,,,522,
6129,西安科技大学,104,第104组,,,538,
6129,西安科技大学,105,第105组,,,559,
6131,陕西中医药大学,101,第101组,,,511,
6131,陕西中医药大学,102,第102组,,,517,
6133,咸阳师范学院,109,第109组,,,449,
6140,西安交通工程学院,103,第103组,,,455,
6140,西安交通工程学院,104,第104组,,,447,
6140,西安交通工程学院,105,第105组,,,436,
6141,西安信息职业大学,102,第102组,,,442,
6142,榆林学院,102,第102组,,,455,
6142,榆林学院,104,第104组,,,473,
6142,榆林学院,203,第203组(中外合作办学或国际项目),,,442,
6143,陕西科技大学镐京学院,102,第102组,,,446,
6143,陕西科技大学镐京学院,103,第103组,,,443,
6143,陕西科技大学镐京学院,104,第104组,,,432,
6146,西安航空学院,103,第103组,,,475,
6146,西安航空学院,105,第105组,,,471,
6146,西安航空学院,206,第206组(中外合作办学或国际项目),,,471,
6147,西安外事学院,102,第102组,,,433,
6148,西安培华学院,104,第104组,,,455,
6148,西安培华学院,105,第105组,,,448,
6148,西安培华学院,106,第106组,,,434,
6150,西安欧亚学院,103,第103组,,,446,
6150,西安欧亚学院,104,第104组,,,428,
6150,西安欧亚学院,205,第205组(中外合作办学或国际项目),,,425,
6151,西安翻译学院,103,第103组,,,436,
6151,西安翻译学院,105,第105组,,,426,
6152,西京学院,103,第103组,,,459,
6152,西京学院,104,第104组,,,458,
6152,西京学院,105,第105组,,,438,
6153,西安文理学院,107,第107组,,,485,
6153,西安文理学院,108,第108组,,,482,
6154,西安医学院,103,第103组,,,493,
6154,西安医学院,104,第104组,,,551,
6154,西安医学院,105,第105组,,,503,
6156,商洛学院,107,第107组,,,454,
6156,商洛学院,206,第206组(中外合作办学或国际项目),,,450,
6156,商洛学院,208,第208组(中外合作办学或国际项目),,,453,
6156,商洛学院,209,第209组(中外合作办学或国际项目),,,465,
6157,陕西国际商贸学院,103,第103组,,,444,
6157,陕西国际商贸学院,104,第104组,,,438,
6159,陕西服装工程学院,105,第105组,,,,
6160,西安思源学院,105,第105组,,,447,
6160,西安思源学院,106,第106组,,,427,
6160,西安思源学院,107,第107组,,,432,
6171,西安汽车职业大学,102,第102组,,,434,
6173,安康学院,104,第104组,,,456,
6173,安康学院,105,第105组,,,449,
6173,安康学院,106,第106组,,,447,
6173,安康学院,107,第107组,,,448,
6174,西安工商学院,102,第102组,,,437,
6174,西安工商学院,103,第103组,,,425,
6175,西安交通大学城市学院,101,第101组,,,453,
6176,西安明德理工学院,102,第102组,,,438,
6176,西安明德理工学院,103,第103组,,,442,
6176,西安明德理工学院,104,第104组,,,422,
6177,西安科技大学高新学院,103,第103组,,,447,
6177,西安科技大学高新学院,104,第104组,,,440,
6177,西安科技大学高新学院,205,第205组(中外合作办学或国际项目),,,425,
6191,西安建筑科技大学华清学院,101,第101组,,,448,
6191,西安建筑科技大学华清学院,102,第102组,,,436,
6192,延安大学西安创新学院,104,第104组,,,442,
6192,延安大学西安创新学院,105,第105组,,,447,
6192,延安大学西安创新学院,106,第106组,,,439,
6192,延安大学西安创新学院,107,第107组,,,430,
6192,延安大学西安创新学院,108,第108组,,,436,
6192,延安大学西安创新学院,109,第109组,,,427,
6192,延安大学西安创新学院,110,第110组,,,457,
6201,兰州大学,108,第108组,,,609,
6201,兰州大学,109,第109组,,,615,
6201,兰州大学,110,第110组,,,608,
6201,兰州大学,311,第311组(国家专项),,,586,
6202,兰州交通大学,103,第103组,,,540,
6203,兰州理工大学,103,第103组,,,531,
6203,兰州理工大学,104,第104组,,,502,
6203,兰州理工大学,105,第105组,,,498,
6203,兰州理工大学,106,第106组,,,504,
6204,甘肃农业大学,101,第101组,,,498,
6204,甘肃农业大学,102,第102组,,,461,
6204,甘肃农业大学,103,第103组,,,478,
6205,西北民族大学,116,第116组,,,487,
6205,西北民族大学,117,第117组,,,475,
6205,西北民族大学,118,第118组,,,495,
6205,西北民族大学,119,第119组,,,464,
6205,西北民族大学,120,第120组,,,482,
6205,西北民族大学,121,第121组,,,491,
6205,西北民族大学,122,第122组,,,453,
6205,西北民族大学,123,第123组,,,533,
6205,西北民族大学,127,第127组,,,485,
6205,西北民族大学,324,第324组(国家专项),,,474,
6205,西北民族大学,325,第325组(国家专项),,,535,
6205,西北民族大学,802,第802组(少数民族预科班),,,481,
6206,兰州财经大学,103,第103组,,,491,
6206,兰州财经大学,104,第104组,,,496,
6206,兰州财经大学,105,第105组,,,460,
6206,兰州财经大学,106,第106组,,,491,
6207,甘肃中医药大学,102,第102组,,,468,
6207,甘肃中医药大学,103,第103组,,,543,
6207,甘肃中医药大学,104,第104组,,,508,
6207,甘肃中医药大学,105,第105组,,,469,
6207,甘肃中医药大学,106,第106组,,,480,
6207,甘肃中医药大学,107,第107组,,,464,
6208,天水师范学院,104,第104组,,,457,
6208,天水师范学院,105,第105组,,,475,
6209,西北师范大学,111,第111组,,,504,
6209,西北师范大学,112,第112组,,,515,
6209,西北师范大学,113,第113组,,,494,
6209,西北师范大学,115,第115组,,,541,
6209,西北师范大学,214,第214组(中外合作办学或国际项目),,,448,
6210,甘肃政法大学,103,第103组,,,531,
6210,甘肃政法大学,104,第104组,,,538,
6211,兰州文理学院,102,第102组,,,447,
6212,河西学院,102,第102组,,,469,
6212,河西学院,103,第103组,,,456,
6213,陇东学院,104,第104组,,,474,
6213,陇东学院,105,第105组,,,450,
6213,陇东学院,106,第106组,,,472,
6214,兰州工业学院,101,第101组,,,452,
6217,甘肃医学院,101,第101组,,,482,
6217,甘肃医学院,102,第102组,,,464,
6219,甘肃民族师范学院,103,第103组,,,447,
6221,兰州博文科技学院,101,第101组,,,451,
6221,兰州博文科技学院,102,第102组,,,436,
6224,兰州城市学院,103,第103组,,,466,
6224,兰州城市学院,104,第104组,,,450,
6224,兰州城市学院,105,第105组,,,467,
6228,兰州资源环境职业技术大学,101,第101组,,,468,
6231,兰州石化职业技术大学,102,第102组,,,480,
6231,兰州石化职业技术大学,103,第103组,,,451,
6301,青海大学,102,第102组,,,552,
6301,青海大学,103,第103组,,,562,
6301,青海大学,104,第104组,,,533,
6301,青海大学,105,第105组,,,536,
6303,青海民族大学,103,第103组,,,490,
6303,青海民族大学,104,第104组,,,456,
6303,青海民族大学,205,第205组(中外合作办学或国际项目),,,440,
6304,青海师范大学,109,第109组,,,510,
6304,青海师范大学,110,第110组,,,486,
6304,青海师范大学,111,第111组,,,503,
6305,青海理工学院,101,第101组,,,466,
6305,青海理工学院,102,第102组,,,454,
6401,北方民族大学,110,第110组,,,474,
6401,北方民族大学,111,第111组,,,476,
6401,北方民族大学,112,第112组,,,463,
6401,北方民族大学,114,第114组,,,493,
6401,北方民族大学,213,第213组(中外合作办学或国际项目),,,483,
6401,北方民族大学,315,第315组(国家专项),,,474,
6401,北方民族大学,316,第316组(国家专项),,,469,
6401,北方民族大学,802,第802组(少数民族预科班),,,473,
6402,宁夏大学,108,第108组,,,557,
6402,宁夏大学,109,第109组,,,538,
6402,宁夏大学,110,第110组,,,575,
6402,宁夏大学,111,第111组,,,569,
6402,宁夏大学,112,第112组,,,582,
6402,宁夏大学,113,第113组,,,583,
6402,宁夏大学,114,第114组,,,584,
6402,宁夏大学,115,第115组,,,581,
6402,宁夏大学,116,第116组,,,564,
6402,宁夏大学,117,第117组,,,566,
6402,宁夏大学,118,第118组,,,572,
6402,宁夏大学,119,第119组,,,540,
6402,宁夏大学,120,第120组,,,546,
6402,宁夏大学,121,第121组,,,569,
6402,宁夏大学,122,第122组,,,570,
6402,宁夏大学,123,第123组,,,576,
6402,宁夏大学,124,第124组,,,573,
6402,宁夏大学,125,第125组,,,569,
6402,宁夏大学,126,第126组,,,546,
6405,宁夏医科大学,101,第101组,,,485,
6405,宁夏医科大学,102,第102组,,,490,
6405,宁夏医科大学,103,第103组,,,499,
6405,宁夏医科大学,104,第104组,,,481,
6405,宁夏医科大学,105,第105组,,,491,
6420,宁夏理工学院,103,第103组,,,436,
6421,宁夏师范大学,102,第102组,,,475,
6427,银川科技学院,103,第103组,,,437,
6501,新疆大学,103,第103组,,,532,
6501,新疆大学,104,第104组,,,552,
6501,新疆大学,105,第105组,,,531,
6501,新疆大学,106,第106组,,,556,
6502,石河子大学,102,第102组,,,529,
6502,石河子大学,103,第103组,,,560,
6502,石河子大学,104,第104组,,,527,
6503,新疆警察学院,102,第102组,,,476,
6503,新疆警察学院,103,第103组,,,456,
6504,新疆医科大学,101,第101组,,,501,
6504,新疆医科大学,102,第102组,,,561,
6504,新疆医科大学,103,第103组,,,483,
6504,新疆医科大学,104,第104组,,,491,
6504,新疆医科大学,105,第105组,,,464,
6505,新疆师范大学,107,第107组,,,472,
6505,新疆师范大学,108,第108组,,,462,
6505,新疆师范大学,109,第109组,,,494,
6505,新疆师范大学,110,第110组,,,478,
6505,新疆师范大学,111,第111组,,,476,
6505,新疆师范大学,112,第112组,,,493,
6506,新疆财经大学,103,第103组,,,471,
6506,新疆财经大学,104,第104组,,,459,
6506,新疆财经大学,105,第105组,,,466,
6507,新疆农业大学,103,第103组,,,467,
6507,新疆农业大学,106,第106组,,,446,
6507,新疆农业大学,204,第204组(中外合作办学或国际项目),,,440,
6507,新疆农业大学,205,第205组(中外合作办学或国际项目),,,444,
6507,新疆农业大学,207,第207组(中外合作办学或国际项目),,,435,
6508,塔里木大学,103,第103组,,,465,
6508,塔里木大学,104,第104组,,,445,
6508,塔里木大学,105,第105组,,,456,
6509,伊犁师范大学,110,第110组,,,467,
6509,伊犁师范大学,111,第111组,,,464,
6509,伊犁师范大学,112,第112组,,,448,
6509,伊犁师范大学,113,第113组,,,464,
6509,伊犁师范大学,114,第114组,,,466,
6511,喀什大学,110,第110组,,,464,
6511,喀什大学,111,第111组,,,464,
6511,喀什大学,112,第112组,,,443,
6511,喀什大学,113,第113组,,,474,
6511,喀什大学,114,第114组,,,476,
6512,新疆科技学院,104,第104组,,,462,
6512,新疆科技学院,105,第105组,,,462,
6512,新疆科技学院,106,第106组,,,444,
6512,新疆科技学院,107,第107组,,,450,
6512,新疆科技学院,108,第108组,,,466,
6512,新疆科技学院,109,第109组,,,461,
6514,新疆第二医学院,101,第101组,,,476,
6514,新疆第二医学院,102,第102组,,,504,
6514,新疆第二医学院,103,第103组,,,466,
6514,新疆第二医学院,104,第104组,,,455,
6514,新疆第二医学院,105,第105组,,,465,
6514,新疆第二医学院,106,第106组,,,452,
6514,新疆第二医学院,107,第107组,,,460,
6514,新疆第二医学院,108,第108组,,,453,
6514,新疆第二医学院,109,第109组,,,446,
6514,新疆第二医学院,110,第110组,,,445,
6514,新疆第二医学院,111,第111组,,,474,
6514,新疆第二医学院,112,第112组,,,464,
6515,新疆理工学院,102,第102组,,,464,
6515,新疆理工学院,103,第103组,,,443,
6517,新疆工程学院,101,第101组,,,465,
6517,新疆工程学院,102,第102组,,,445,
6517,新疆工程学院,103,第103组,,,445,
6517,新疆工程学院,104,第104组,,,441,
6527,新疆和田学院,103,第103组,,,462,
6527,新疆和田学院,104,第104组,,,448,
6527,新疆和田学院,105,第105组,,,448,
6528,昌吉学院,106,第106组,,,462,
6528,昌吉学院,107,第107组,,,446,
6531,中国石油大学(北京)克拉玛依校区,103,第103组,,,556,
6531,中国石油大学(北京)克拉玛依校区,104,第104组,,,559,
6531,中国石油大学(北京)克拉玛依校区,305,第305组(国家专项),,,544,
6532,新疆天山职业技术大学,102,第102组,,,451,
6537,新疆政法学院,104,第104组,,,466,
6537,新疆政法学院,105,第105组,,,451,
