code,name,group,major,plan,admit,score,rank,score_raw
0002,陆军工程大学,306,,,,590,18344,590.225113117
0002,陆军工程大学,307,,,,593,17125,593.226115121
0015,空军军医大学,303,,,,615,9170,615.243122133
0015,空军军医大学,304,,,,608,11475,608.232120129
1001,北京大学,301,,,,686,72,686.259132137
1001,北京大学,302,高校专项计划组,,,669,530,669.263135131
1001,北京大学,303,国家专项计划组,,,654,1526,654.251134138
1001,北京大学,304,国家专项计划组,,,665,732,665.257130138
1002,中国人民大学,301,,,,669,530,669.260136143
1002,中国人民大学,302,,,,668,571,668.261132139
1002,中国人民大学,303,国家专项计划组,,,641,3175,641.241128131
1003,清华大学,302,,,,683,109,683.271144131
1003,清华大学,303,高校专项计划组,,,670,482,670.262132138
1003,清华大学,304,国家专项计划组,,,670,482,670.258131135
1004,北京交通大学,302,,,,644,2712,644.241124133
1004,北京交通大学,303,,,,640,3332,640.251126135
1004,北京交通大学,304,,,,643,2855,643.246125127
1004,北京交通大学,305,,,,630,5284,630.239126122
1004,北京交通大学,306,合作办学组,,,613,9773,613.241122127
1004,北京交通大学,307,合作办学组,,,611,10413,611.231121138
1004,北京交通大学,308,合作办学组,,,617,8598,617.242121123
1004,北京交通大学,309,高校专项计划组,,,602,13604,602.230116131
1004,北京交通大学,310,高校专项计划组,,,580,22748,580.217109123
1004,北京交通大学,311,高校专项计划组,,,625,6443,625.244124134
1004,北京交通大学,312,国家专项计划组,,,610,10758,610.231119130
1004,北京交通大学,313,国家专项计划组,,,598,15183,598.240123121
1005,北京工业大学,301,合作办学组,,,578,23639,578.215110112
1005,北京工业大学,302,,,,625,6443,625.249136130
1005,北京工业大学,303,,,,600,14366,600.242130109
1005,北京工业大学,304,合作办学组,,,606,12157,606.228122126
1005,北京工业大学,305,高校专项计划组,,,573,26096,573.225115117
1006,北京航空航天大学,301,,,,665,732,665.252128144
1006,北京航空航天大学,302,合作办学组,,,653,1610,653.258129128
1006,北京航空航天大学,303,合作办学组,,,651,1795,651.252127138
1006,北京航空航天大学,304,高校专项计划组,,,649,2013,649.244126138
1006,北京航空航天大学,305,国家专项计划组,,,661,976,661.253129129
1007,北京理工大学,301,,,,659,1109,659.257131135
1007,北京理工大学,302,合作办学组,,,635,4268,635.256131131
1007,北京理工大学,303,高校专项计划组,,,654,1526,654.262133130
1007,北京理工大学,304,国家专项计划组,,,642,3022,642.244124131
1008,北京科技大学,301,,,,622,7204,622.248126126
1008,北京科技大学,302,,,,634,4450,634.238120135
1008,北京科技大学,303,,,,629,5506,629.248127122
1008,北京科技大学,304,,,,633,4657,633.243123124
1008,北京科技大学,305,,,,625,6443,625.243136118
1008,北京科技大学,306,,,,626,6196,626.243122131
1008,北京科技大学,307,高校专项计划组,,,610,10758,610.238124121
1008,北京科技大学,308,国家专项计划组,,,599,14785,599.226116122
1009,北方工业大学,301,,,,594,16722,594.224117128
1009,北方工业大学,302,,,,597,15557,597.244130115
1009,北方工业大学,303,合作办学组,,,558,33708,558.233128098
1010,北京化工大学,301,,,,623,6940,623.247125127
1010,北京化工大学,302,,,,618,8312,618.246127123
1010,北京化工大学,303,,,,615,9170,615.244124125
1010,北京化工大学,304,,,,621,7485,621.237123125
1010,北京化工大学,305,合作办学组,,,584,20919,584.232126130
1010,北京化工大学,306,高校专项计划组,,,603,13232,603.235130118
1010,北京化工大学,307,国家专项计划组,,,587,19640,587.213114125
1011,北京工商大学,301,,,,572,26560,572.223118119
1011,北京工商大学,302,,,,582,21818,582.249125124
1011,北京工商大学,303,国家专项计划组,,,534,47263,534.220112108
1012,北京服装学院,301,,,,521,55350,521.203102115
1012,北京服装学院,302,,,,508,63699,508.217115101
1013,北京邮电大学,301,,,,655,1430,655.255133127
1013,北京邮电大学,302,,,,644,2712,644.248126128
1013,北京邮电大学,303,合作办学组,,,623,6940,623.236121132
1013,北京邮电大学,304,合作办学组,,,614,9470,614.229116136
1013,北京邮电大学,305,高校专项计划组,,,609,11116,609.224120133
1013,北京邮电大学,306,高校专项计划组,,,643,2855,643.249130131
1013,北京邮电大学,307,国家专项计划组,,,633,4657,633.251129127
1014,北京印刷学院,301,,,,560,32630,560.227119127
1014,北京印刷学院,302,,,,553,36434,553.227122109
1014,北京印刷学院,303,,,,544,41495,544.218113120
1015,北京建筑大学,301,,,,547,39805,547.221112125
1015,北京建筑大学,302,,,,539,44321,539.219111107
1016,北京石油化工学院,301,,,,552,36980,552.213113119
1016,北京石油化工学院,302,,,,547,39805,547.219113102
1018,中国农业大学,301,合作办学组,,,604,12897,604.235118120
1018,中国农业大学,302,合作办学组,,,597,15557,597.230117126
1018,中国农业大学,303,,,,622,7204,622.242121126
1018,中国农业大学,304,,,,630,5284,630.254137109
1018,中国农业大学,305,,,,612,10095,612.235118137
1018,中国农业大学,306,合作办学组,,,619,8038,619.232129123
1018,中国农业大学,307,高校专项计划组,,,600,14366,600.236125108
1018,中国农业大学,308,国家专项计划组,,,613,9773,613.229117115
1019,北京农学院,301,,,,528,50905,528.216116115
1019,北京农学院,302,,,,530,49685,530.237120105
1019,北京农学院,303,合作办学组,,,466,92259,466.189096107
1020,北京林业大学,301,,,,592,17526,592.223114121
1020,北京林业大学,302,,,,582,21818,582.224114132
1020,北京林业大学,303,,,,609,11116,609.231119128
1020,北京林业大学,304,,,,618,8312,618.242121118
1020,北京林业大学,305,,,,608,11475,608.223116111
1020,北京林业大学,306,,,,596,15928,596.232117129
1020,北京林业大学,307,,,,594,16722,594.226114116
1020,北京林业大学,308,合作办学组,,,558,33708,558.229117107
1020,北京林业大学,309,,,,589,18768,589.228120125
1020,北京林业大学,310,,,,580,22748,580.226121121
1020,北京林业大学,311,高校专项计划组,,,582,21818,582.214110127
1020,北京林业大学,312,国家专项计划组,,,587,19640,587.233118130
1021,北京协和医学院,301,,,,608,11475,608.228121122
1022,首都医科大学,301,,,,628,5741,628.249128136
1022,首都医科大学,302,,,,597,15557,597.223123138
1022,首都医科大学,303,国家专项计划组,,,560,32630,560.219117127
1022,首都医科大学,304,国家专项计划组,,,551,37532,551.197100113
1023,北京中医药大学,301,,,,608,11475,608.229126135
1023,北京中医药大学,302,,,,633,4657,633.246130123
1023,北京中医药大学,303,,,,599,14785,599.242126130
1023,北京中医药大学,304,,,,570,27506,570.212112117
1023,北京中医药大学,305,高校专项计划组,,,598,15183,598.234130135
1024,北京师范大学,302,,,,627,5983,627.253128134
1024,北京师范大学,303,,,,633,4657,633.246127135
1024,北京师范大学,304,国家专项计划组,,,628,5741,628.245126133
1025,首都师范大学,301,,,,612,10095,612.232123121
1025,首都师范大学,302,,,,597,15557,597.226115110
1026,首都体育学院,301,,,,517,57920,517.211115119
1026,首都体育学院,302,,,,528,50905,528.209117125
1027,北京外国语大学,302,,,,604,12897,604.248124133
1027,北京外国语大学,303,合作办学组,,,585,20496,585.223117132
1027,北京外国语大学,304,国家专项计划组,,,581,22295,581.225115132
1028,北京第二外国语学院,301,,,,567,29088,567.213110125
1028,北京第二外国语学院,302,,,,580,22748,580.226117118
1029,北京语言大学,302,,,,559,33157,559.227114127
1029,北京语言大学,303,合作办学组,,,527,51540,527.221127108
1029,北京语言大学,304,,,,592,17526,592.224121115
1029,北京语言大学,305,合作办学组,,,475,86200,475.188105108
1029,北京语言大学,306,,,,576,24660,576.220120138
1030,中国传媒大学,301,,,,601,13988,601.239121109
1030,中国传媒大学,302,,,,610,10758,610.244128121
1030,中国传媒大学,303,,,,598,15183,598.229126128
1030,中国传媒大学,304,合作办学组,,,575,25157,575.224127117
1030,中国传媒大学,305,,,,621,7485,621.231121134
1030,中国传媒大学,306,,,,618,8312,618.232117127
1030,中国传媒大学,307,合作办学组,,,577,24149,577.234128106
1030,中国传媒大学,308,高校专项计划组,,,569,28037,569.229115132
1030,中国传媒大学,309,国家专项计划组,,,609,11116,609.233119136
1031,中央财经大学,301,,,,621,7485,621.253129129
1031,中央财经大学,302,合作办学组,,,607,11828,607.231116131
1031,中央财经大学,303,,,,626,6196,626.236123133
1031,中央财经大学,304,高校专项计划组,,,610,10758,610.242122117
1032,对外经济贸易大学,302,,,,619,8038,619.247126136
1032,对外经济贸易大学,303,合作办学组,,,607,11828,607.248125128
1032,对外经济贸易大学,304,,,,625,6443,625.230121143
1032,对外经济贸易大学,305,高校专项计划组,,,600,14366,600.226119133
1032,对外经济贸易大学,306,国家专项计划组,,,602,13604,602.243125124
1033,北京物资学院,301,,,,546,40364,546.222117101
1033,北京物资学院,302,,,,556,34745,556.233129110
1033,北京物资学院,303,,,,553,36434,553.212106110
1034,首都经济贸易大学,301,,,,571,27047,571.225115126
1034,首都经济贸易大学,302,,,,593,17125,593.227118126
1036,外交学院,302,国家专项计划组,,,601,13988,601.241124139
1036,外交学院,303,国家专项计划组,,,584,20919,584.237119126
1039,北京体育大学,301,,,,579,23209,579.219116116
1039,北京体育大学,302,,,,579,23209,579.212108128
1039,北京体育大学,303,,,,594,16722,594.234121132
1039,北京体育大学,304,合作办学组,,,508,63699,508.196099102
1039,北京体育大学,305,,,,611,10413,611.235119117
1039,北京体育大学,306,,,,581,22295,581.239122117
1039,北京体育大学,307,国家专项计划组,,,540,43706,540.216117095
1039,北京体育大学,308,国家专项计划组,,,538,44898,538.225113120
1042,中央美术学院,301,,,,571,27047,571.224114122
1047,中央民族大学,301,,,,611,10413,611.244123133
1047,中央民族大学,302,,,,623,6940,623.243127122
1048,中国政法大学,301,,,,613,9773,613.234118126
1048,中国政法大学,302,,,,636,4055,636.247127130
1049,华北电力大学(北京),301,,,,648,2162,648.249139133
1049,华北电力大学(北京),302,,,,627,5983,627.236123132
1049,华北电力大学(北京),303,,,,610,10758,610.238127117
1049,华北电力大学(北京),304,高校专项计划组,,,631,5085,631.244128134
1049,华北电力大学(北京),305,国家专项计划组,,,601,13988,601.229121133
1052,北京科技职业大学,301,,,,547,39805,547.225119114
1054,中华女子学院,301,,,,514,59845,514.197111110
1054,中华女子学院,302,,,,535,46695,535.226114109
1055,北京信息科技大学,301,,,,595,16316,595.228119123
1055,北京信息科技大学,302,,,,607,11828,607.254129111
1055,北京信息科技大学,303,合作办学组,,,557,34225,557.220113114
1055,北京信息科技大学,304,国家专项计划组,,,595,16316,595.217111125
1056,中国矿业大学(北京),301,,,,588,19218,588.229116121
1056,中国矿业大学(北京),302,,,,606,12157,606.228122125
1056,中国矿业大学(北京),303,高校专项计划组,,,578,23639,578.242129110
1056,中国矿业大学(北京),304,国家专项计划组,,,558,33708,558.226117123
1057,中国石油大学(北京),301,,,,605,12554,605.227118135
1057,中国石油大学(北京),302,合作办学组,,,591,17922,591.230119113
1057,中国石油大学(北京),303,,,,616,8877,616.243124126
1057,中国石油大学(北京),304,合作办学组,,,596,15928,596.217114136
1057,中国石油大学(北京),305,国家专项计划组,,,597,15557,597.229117123
1058,中国地质大学(北京),301,,,,594,16722,594.236119134
1058,中国地质大学(北京),302,合作办学组,,,581,22295,581.224121124
1058,中国地质大学(北京),303,合作办学组,,,573,26096,573.235126127
1058,中国地质大学(北京),304,,,,603,13232,603.234125118
1058,中国地质大学(北京),305,,,,591,17922,591.230116115
1058,中国地质大学(北京),306,,,,604,12897,604.228115135
1058,中国地质大学(北京),307,,,,605,12554,605.239126134
1058,中国地质大学(北京),308,高校专项计划组,,,604,12897,604.226115121
1058,中国地质大学(北京),309,国家专项计划组,,,585,20496,585.223121133
1059,中国科学院大学,301,,,,676,266,676.259133140
1060,北京联合大学,301,,,,573,26096,573.225121106
1060,北京联合大学,302,,,,562,31551,562.220116134
1060,北京联合大学,303,合作办学组,,,486,78583,486.206116118
1060,北京联合大学,304,,,,584,20919,584.233125119
1060,北京联合大学,305,,,,564,30562,564.219116114
1060,北京联合大学,306,,,,576,24660,576.233120123
1060,北京联合大学,307,,,,577,24149,577.222115120
1060,北京联合大学,308,合作办学组,,,519,56662,519.212110094
1060,北京联合大学,309,合作办学组,,,497,71044,497.217112099
1060,北京联合大学,310,合作办学组,,,481,82062,481.191097075
1060,北京联合大学,311,,,,522,54717,522.220112109
1061,北京城市学院,301,,,,451,101979,451.166113104
1061,北京城市学院,302,,,,469,90283,469.179104091
1061,北京城市学院,303,,,,450,102616,450.196104097
1066,中国劳动关系学院,301,,,,526,52177,526.218114109
1066,中国劳动关系学院,302,,,,526,52177,526.203119127
1074,首都师范大学科德学院,301,,,,,,
1074,首都师范大学科德学院,302,,,,,,
1075,北京金融科技学院,301,,,,410,125186,410.165090082
1075,北京金融科技学院,302,,,,,,
1078,北京邮电大学世纪学院,301,,,,419,120637,419.168099067
1078,北京邮电大学世纪学院,302,,,,,,
1078,北京邮电大学世纪学院,303,,,,410,125186,410.165088077
1078,北京邮电大学世纪学院,304,,,,436,111130,436.176094085
1079,北京工业大学耿丹学院,301,,,,414,123211,414.164096083
1079,北京工业大学耿丹学院,302,,,,402,128948,402.158092089
1084,民政职业大学,301,,,,493,73817,493.202115099
1084,民政职业大学,302,,,,501,68329,501.208113090
1084,民政职业大学,303,,,,494,73086,494.198105095
1086,北京第二外国语学院中瑞酒店管理,301,,,,,,
1092,北京大学医学部,301,,,,677,232,677.266134139
1092,北京大学医学部,302,,,,666,669,666.255131134
1092,北京大学医学部,303,国家专项计划组,,,627,5983,627.229119139
1093,南开大学,301,,,,648,2162,648.240122138
1093,南开大学,302,,,,646,2426,646.248130130
1093,南开大学,303,高校专项计划组,,,632,4875,632.239127139
1094,天津大学,301,,,,647,2294,647.251126131
1094,天津大学,302,合作办学组,,,624,6686,624.235124127
1094,天津大学,303,合作办学组,,,633,4657,633.247127136
1094,天津大学,304,高校专项计划组,,,636,4055,636.247129126
1094,天津大学,305,国家专项计划组,,,615,9170,615.235121130
1095,天津科技大学,301,,,,546,40364,546.213110112
1095,天津科技大学,302,,,,577,24149,577.224114113
1095,天津科技大学,303,,,,582,21818,582.230116119
1095,天津科技大学,304,,,,584,20919,584.227121124
1095,天津科技大学,305,,,,556,34745,556.230116106
1095,天津科技大学,306,,,,539,44321,539.218110109
1095,天津科技大学,307,合作办学组,,,552,36980,552.212106105
1096,天津工业大学,301,,,,566,29615,566.226119127
1096,天津工业大学,302,,,,592,17526,592.244130121
1096,天津工业大学,303,,,,601,13988,601.220118124
1096,天津工业大学,304,,,,571,27047,571.239120123
1097,中国民航大学,302,,,,586,20073,586.231120113
1097,中国民航大学,303,,,,587,19640,587.225121105
1097,中国民航大学,304,,,,589,18768,589.227130107
1097,中国民航大学,305,国家专项计划组,,,581,22295,581.243128130
1098,天津理工大学,302,,,,529,50310,529.212108122
1098,天津理工大学,303,合作办学组,,,521,55350,521.184100123
1098,天津理工大学,304,合作办学组,,,506,65003,506.200105125
1098,天津理工大学,305,,,,590,18344,590.238119123
1098,天津理工大学,306,,,,581,22295,581.226121122
1098,天津理工大学,307,,,,551,37532,551.213111107
1098,天津理工大学,308,合作办学组,,,550,38107,550.221117109
1098,天津理工大学,309,合作办学组,,,540,43706,540.205107122
1098,天津理工大学,310,合作办学组,,,482,81351,482.192104057
1098,天津理工大学,311,合作办学组,,,531,49079,531.226115115
1099,天津农学院,301,,,,481,82062,481.186094105
1099,天津农学院,302,,,,503,67037,503.202102103
1099,天津农学院,303,,,,481,82062,481.188107107
1099,天津农学院,304,,,,484,79965,484.201105095
1099,天津农学院,305,,,,510,62391,510.216118095
1099,天津农学院,306,,,,534,47263,534.219114097
1099,天津农学院,307,,,,476,85499,476.179108124
1100,天津医科大学,301,,,,600,14366,600.230115123
1100,天津医科大学,302,,,,573,26096,573.225117123
1100,天津医科大学,303,,,,653,1610,653.247126138
1100,天津医科大学,304,,,,610,10758,610.236121127
1100,天津医科大学,305,,,,632,4875,632.231121138
1100,天津医科大学,306,,,,615,9170,615.233119131
1100,天津医科大学,307,,,,596,15928,596.235121128
1100,天津医科大学,308,,,,650,1904,650.252128132
1101,天津中医药大学,301,,,,500,69009,500.198102103
1101,天津中医药大学,302,,,,557,34225,557.206110134
1101,天津中医药大学,303,,,,585,20496,585.222118119
1101,天津中医药大学,304,,,,586,20073,586.220117124
1101,天津中医药大学,305,,,,554,35858,554.226116120
1101,天津中医药大学,306,,,,549,38659,549.216109126
1101,天津中医药大学,307,,,,567,29088,567.231122130
1101,天津中医药大学,308,,,,537,45512,537.206104121
1102,天津师范大学,301,,,,508,63699,508.207112122
1102,天津师范大学,302,,,,552,36980,552.228116127
1102,天津师范大学,303,,,,519,56662,519.207109122
1102,天津师范大学,304,,,,551,37532,551.219115108
1102,天津师范大学,305,,,,580,22748,580.230119113
1102,天津师范大学,306,,,,540,43706,540.209116114
1102,天津师范大学,307,,,,524,53482,524.203114122
1102,天津师范大学,308,,,,559,33157,559.235119109
1102,天津师范大学,309,,,,521,55350,521.209110114
1102,天津师范大学,310,,,,543,42036,543.215112104
1103,天津职业技术师范大学,301,,,,503,67037,503.200101108
1103,天津职业技术师范大学,302,,,,515,59190,515.205107118
1103,天津职业技术师范大学,303,合作办学组,,,410,125186,410.178092076
1103,天津职业技术师范大学,304,国家专项计划组,,,530,49685,530.212107105
1104,天津外国语大学,301,,,,547,39805,547.220111129
1104,天津外国语大学,302,,,,516,58515,516.195106124
1104,天津外国语大学,303,,,,544,41495,544.213107124
1104,天津外国语大学,304,,,,535,46695,535.213112124
1104,天津外国语大学,305,,,,555,35325,555.215112123
1104,天津外国语大学,306,合作办学组,,,517,57920,517.220123117
1104,天津外国语大学,307,,,,574,25620,574.238119112
1104,天津外国语大学,308,,,,523,54122,523.198103103
1105,天津商业大学,301,,,,567,29088,567.214116132
1105,天津商业大学,302,,,,574,25620,574.235118115
1105,天津商业大学,303,,,,547,39805,547.230120114
1105,天津商业大学,304,,,,512,61078,512.192103092
1105,天津商业大学,305,合作办学组,,,531,49079,531.208118122
1105,天津商业大学,306,,,,548,39243,548.226114122
1105,天津商业大学,307,,,,559,33157,559.223121107
1105,天津商业大学,308,,,,517,57920,517.201110117
1106,天津财经大学,301,,,,595,16316,595.234127128
1106,天津财经大学,302,,,,578,23639,578.221115131
1106,天津财经大学,303,,,,592,17526,592.223120136
1106,天津财经大学,304,,,,526,52177,526.203110119
1106,天津财经大学,305,,,,570,27506,570.228115127
1106,天津财经大学,306,,,,579,23209,579.221114107
1106,天津财经大学,307,,,,584,20919,584.218112130
1107,天津体育学院,301,,,,480,82762,480.208117082
1107,天津体育学院,302,,,,515,59190,515.205117104
1110,河北工业大学,301,,,,618,8312,618.231121132
1110,河北工业大学,302,,,,601,13988,601.234123123
1110,河北工业大学,303,,,,591,17922,591.231118129
1110,河北工业大学,304,,,,612,10095,612.238128121
1110,河北工业大学,305,,,,620,7776,620.244126117
1110,河北工业大学,306,,,,597,15557,597.208110129
1110,河北工业大学,307,,,,593,17125,593.237125132
1110,河北工业大学,308,,,,612,10095,612.240126133
1110,河北工业大学,309,合作办学组,,,596,15928,596.245125118
1110,河北工业大学,310,合作办学组,,,569,28037,569.225113119
1110,河北工业大学,311,合作办学组,,,563,31069,563.223118115
1111,天津城建大学,301,,,,511,61740,511.196110109
1111,天津城建大学,302,,,,527,51540,527.194110119
1111,天津城建大学,303,,,,491,75208,491.195103086
1111,天津城建大学,304,合作办学组,,,463,94291,463.202114083
1111,天津城建大学,305,合作办学组,,,430,114611,430.169090080
1111,天津城建大学,306,,,,496,71691,496.214109079
1111,天津城建大学,307,,,,509,63028,509.203110108
1111,天津城建大学,308,,,,547,39805,547.214126124
1111,天津城建大学,309,,,,547,39805,547.211113101
1111,天津城建大学,310,,,,520,56002,520.211119113
1111,天津城建大学,311,,,,516,58515,516.217109098
1111,天津城建大学,312,合作办学组,,,422,119091,422.189095085
1111,天津城建大学,313,合作办学组,,,413,123709,413.170099088
1111,天津城建大学,314,,,,521,55350,521.208105109
1112,天津天狮学院,301,,,,407,126607,407.149099088
1112,天津天狮学院,302,,,,403,128503,403.155082072
1112,天津天狮学院,303,,,,401,129364,401.146101088
1112,天津天狮学院,304,,,,404,128007,404.162096089
1112,天津天狮学院,305,,,,401,129364,401.169101080
1112,天津天狮学院,306,,,,403,128503,403.178109090
1115,天津中德应用技术大学,301,,,,529,50310,529.216109079
1129,天津外国语大学滨海外事学院,301,,,,430,114611,430.152094113
1129,天津外国语大学滨海外事学院,302,,,,437,110501,437.162089114
1129,天津外国语大学滨海外事学院,303,,,,424,117985,424.181101068
1130,天津传媒学院,301,,,,402,128948,402.166096090
1131,天津商业大学宝德学院,301,,,,416,122226,416.163102095
1131,天津商业大学宝德学院,302,,,,426,116902,426.156094113
1131,天津商业大学宝德学院,303,,,,415,122733,415.172100092
1131,天津商业大学宝德学院,304,,,,427,116331,427.172107098
1131,天津商业大学宝德学院,305,,,,410,125186,410.157099083
1131,天津商业大学宝德学院,306,,,,402,128948,402.150076093
1132,天津医科大学临床医学院,301,,,,418,121181,418.166092101
1132,天津医科大学临床医学院,302,,,,449,103240,449.182109106
1132,天津医科大学临床医学院,303,,,,445,105659,445.190114100
1132,天津医科大学临床医学院,304,,,,435,111714,435.195110073
1132,天津医科大学临床医学院,305,,,,431,114034,431.187095077
1132,天津医科大学临床医学院,306,,,,487,77932,487.181091115
1132,天津医科大学临床医学院,307,,,,529,50310,529.213114119
1139,天津理工大学中环信息学院,301,,,,436,111130,436.210115072
1139,天津理工大学中环信息学院,302,,,,407,126607,407.186093090
1140,北京科技大学天津学院,301,,,,406,127067,406.160102085
1140,北京科技大学天津学院,302,,,,401,129364,401.146088087
1145,天津仁爱学院,301,,,,401,129364,401.163104081
1145,天津仁爱学院,302,,,,401,129364,401.163099078
1145,天津仁爱学院,303,,,,403,128503,403.174098092
1145,天津仁爱学院,304,,,,401,129364,401.146103069
1145,天津仁爱学院,305,,,,401,129364,401.144094108
1145,天津仁爱学院,306,,,,,,
1145,天津仁爱学院,307,,,,404,128007,404.160111075
1146,天津财经大学珠江学院,301,,,,412,124211,412.159093082
1146,天津财经大学珠江学院,302,,,,426,116902,426.175110064
1151,河北大学,301,,,,508,63699,508.194100121
1151,河北大学,302,,,,517,57920,517.199109100
1151,河北大学,303,,,,521,55350,521.203109120
1151,河北大学,304,,,,530,49685,530.209119093
1151,河北大学,305,,,,559,33157,559.216112135
1152,河北工程大学,301,,,,500,69009,500.202109095
1152,河北工程大学,302,,,,483,80653,483.202102114
1152,河北工程大学,303,,,,501,68329,501.218115104
1152,河北工程大学,304,,,,522,54717,522.219113102
1152,河北工程大学,305,,,,494,73086,494.199118092
1152,河北工程大学,306,,,,575,25157,575.236119115
1152,河北工程大学,307,,,,523,54122,523.205115083
1152,河北工程大学,308,合作办学组,,,406,127067,406.189102072
1152,河北工程大学,309,合作办学组,,,488,77244,488.188108118
1152,河北工程大学,310,,,,491,75208,491.192103081
1153,河北地质大学,301,,,,496,71691,496.210111104
1153,河北地质大学,302,,,,515,59190,515.207111092
1153,河北地质大学,303,,,,553,36434,553.206109117
1154,华北电力大学(保定),301,,,,600,14366,600.237120128
1154,华北电力大学(保定),302,,,,643,2855,643.247124136
1154,华北电力大学(保定),303,,,,624,6686,624.251130130
1154,华北电力大学(保定),304,,,,601,13988,601.232129125
1154,华北电力大学(保定),305,高校专项计划组,,,572,26560,572.226121115
1154,华北电力大学(保定),306,国家专项计划组,,,607,11828,607.238121136
1154,华北电力大学(保定),307,国家专项计划组,,,637,3850,637.248139130
1155,华北理工大学,301,,,,522,54717,522.217111117
1155,华北理工大学,302,,,,530,49685,530.206106136
1155,华北理工大学,303,,,,538,44898,538.219110115
1155,华北理工大学,304,,,,522,54717,522.216113112
1155,华北理工大学,305,,,,524,53482,524.211110104
1155,华北理工大学,306,,,,577,24149,577.234124122
1155,华北理工大学,307,,,,571,27047,571.211110121
1155,华北理工大学,308,,,,533,47848,533.204110105
1155,华北理工大学,309,,,,512,61078,512.220111099
1155,华北理工大学,310,,,,516,58515,516.205104105
1155,华北理工大学,311,,,,438,109920,438.190102092
1155,华北理工大学,312,,,,546,40364,546.240122090
1155,华北理工大学,313,,,,557,34225,557.208116124
1156,河北科技大学,301,,,,528,50905,528.213120112
1156,河北科技大学,302,,,,531,49079,531.208125128
1156,河北科技大学,303,,,,563,31069,563.232122118
1156,河北科技大学,304,,,,532,48423,532.207104102
1156,河北科技大学,305,,,,532,48423,532.215120105
1156,河北科技大学,306,,,,566,29615,566.230116129
1156,河北科技大学,307,合作办学组,,,502,67689,502.217118111
1156,河北科技大学,308,,,,564,30562,564.233121112
1156,河北科技大学,309,,,,559,33157,559.229116122
1156,河北科技大学,310,,,,576,24660,576.219122113
1156,河北科技大学,311,,,,579,23209,579.232127115
1156,河北科技大学,312,,,,551,37532,551.224120110
1156,河北科技大学,313,,,,539,44321,539.229115114
1156,河北科技大学,314,,,,506,65003,506.207106108
1156,河北科技大学,315,,,,543,42036,543.211122120
1156,河北科技大学,316,,,,512,61078,512.210107072
1156,河北科技大学,317,,,,536,46089,536.218110108
1156,河北科技大学,318,,,,575,25157,575.227118109
1156,河北科技大学,319,,,,557,34225,557.200104119
1156,河北科技大学,320,,,,563,31069,563.235123095
1156,河北科技大学,321,,,,504,66355,504.213120048
1156,河北科技大学,322,,,,526,52177,526.203104119
1156,河北科技大学,323,,,,535,46695,535.202112122
1156,河北科技大学,324,,,,553,36434,553.216108123
1156,河北科技大学,325,,,,540,43706,540.212108117
1156,河北科技大学,326,,,,577,24149,577.218110132
1156,河北科技大学,327,,,,575,25157,575.232123103
1156,河北科技大学,328,,,,572,26560,572.233124114
1156,河北科技大学,329,,,,525,52839,525.208109114
1156,河北科技大学,330,,,,569,28037,569.222112102
1156,河北科技大学,331,,,,565,30102,565.236119099
1156,河北科技大学,332,合作办学组,,,444,106286,444.186094099
1156,河北科技大学,333,合作办学组,,,470,89567,470.177095113
1156,河北科技大学,334,合作办学组,,,518,57296,518.192098118
1156,河北科技大学,335,合作办学组,,,527,51540,527.201112099
1157,河北建筑工程学院,301,,,,473,87550,473.188108085
1157,河北建筑工程学院,302,,,,485,79287,485.193112108
1157,河北建筑工程学院,303,,,,436,111130,436.178092055
1158,河北水利电力学院,301,,,,461,95622,461.185097113
1158,河北水利电力学院,302,,,,500,69009,500.199109089
1159,河北农业大学,301,,,,472,88227,472.212107077
1159,河北农业大学,302,,,,480,82762,480.205107095
1159,河北农业大学,303,,,,497,71044,497.180107131
1159,河北农业大学,304,合作办学组,,,470,89567,470.191107083
1159,河北农业大学,305,合作办学组,,,464,93632,464.181099093
1159,河北农业大学,306,合作办学组,,,526,52177,526.220111090
1159,河北农业大学,307,,,,496,71691,496.192098101
1160,河北医科大学,301,,,,523,54122,523.225129108
1160,河北医科大学,302,,,,570,27506,570.231118108
1161,河北北方学院,301,,,,542,42561,542.213118127
1161,河北北方学院,302,,,,544,41495,544.213107123
1161,河北北方学院,303,,,,516,58515,516.217114118
1162,承德医学院,301,,,,481,82062,481.210120093
1163,河北师范大学,301,,,,499,69661,499.199108096
1163,河北师范大学,302,,,,492,74508,492.199108117
1163,河北师范大学,303,,,,522,54717,522.209121124
1163,河北师范大学,304,,,,488,77244,488.202109094
1163,河北师范大学,305,,,,545,40943,545.233118101
1163,河北师范大学,306,,,,521,55350,521.220116102
1163,河北师范大学,307,,,,476,85499,476.190096091
1163,河北师范大学,308,,,,566,29615,566.220111127
1163,河北师范大学,309,,,,547,39805,547.216111110
1163,河北师范大学,310,,,,549,38659,549.211106113
1163,河北师范大学,311,,,,530,49685,530.213112097
1164,保定学院,301,,,,498,70354,498.203106105
1164,保定学院,302,,,,491,75208,491.196109097
1164,保定学院,303,,,,515,59190,515.201102101
1164,保定学院,304,,,,490,75871,490.192114101
1166,唐山师范学院,301,,,,469,90283,469.192109104
1166,唐山师范学院,302,,,,485,79287,485.203111102
1166,唐山师范学院,303,,,,449,103240,449.176092054
1167,廊坊师范学院,301,,,,466,92259,466.181110093
1167,廊坊师范学院,302,,,,481,82062,481.181105101
1167,廊坊师范学院,303,,,,506,65003,506.193114120
1168,衡水学院,301,,,,495,72384,495.191101116
1168,衡水学院,302,,,,445,105659,445.156088113
1168,衡水学院,303,,,,517,57920,517.205111097
1168,衡水学院,304,,,,452,101363,452.183111077
1168,衡水学院,305,,,,484,79965,484.207113074
1169,石家庄学院,301,,,,515,59190,515.217116109
1169,石家庄学院,302,,,,484,79965,484.205106093
1169,石家庄学院,303,,,,518,57296,518.209108115
1169,石家庄学院,304,,,,471,88879,471.204107082
1169,石家庄学院,305,,,,474,86902,474.177098114
1170,邯郸学院,301,,,,486,78583,486.202105121
1170,邯郸学院,302,,,,442,107497,442.184107090
1170,邯郸学院,303,,,,511,61740,511.208110107
1171,邢台学院,301,,,,469,90283,469.182109110
1171,邢台学院,302,,,,473,87550,473.176112119
1171,邢台学院,303,,,,478,84139,478.187103116
1171,邢台学院,304,,,,491,75208,491.201105109
1171,邢台学院,305,,,,504,66355,504.208114082
1173,石家庄铁道大学,301,,,,562,31551,562.225116112
1173,石家庄铁道大学,302,,,,534,47263,534.229120113
1173,石家庄铁道大学,303,,,,548,39243,548.228119090
1173,石家庄铁道大学,304,,,,575,25157,575.219118120
1173,石家庄铁道大学,305,,,,587,19640,587.233117116
1173,石家庄铁道大学,306,,,,570,27506,570.218111133
1174,燕山大学,301,,,,532,48423,532.199116120
1174,燕山大学,302,合作办学组,,,529,50310,529.221122115
1174,燕山大学,303,,,,537,45512,537.207107104
1174,燕山大学,304,合作办学组,,,559,33157,559.215114118
1175,河北科技师范学院,301,,,,479,83454,479.193103079
1176,唐山学院,301,,,,518,57296,518.206109089
1176,唐山学院,302,,,,519,56662,519.205110104
1178,应急管理大学,301,,,,497,71044,497.184095099
1178,应急管理大学,302,,,,531,49079,531.208116109
1178,应急管理大学,303,,,,535,46695,535.222114074
1178,应急管理大学,304,,,,539,44321,539.209107102
1178,应急管理大学,305,,,,504,66355,504.187102114
1178,应急管理大学,306,国家专项计划组,,,488,77244,488.199116103
1179,中国人民警察大学,304,,,,539,44321,539.211109091
1179,中国人民警察大学,305,,,,546,40364,546.204111112
1179,中国人民警察大学,306,,,,529,50310,529.212113105
1182,河北金融学院,301,,,,492,74508,492.211114095
1182,河北金融学院,302,,,,505,65683,505.199102125
1182,河北金融学院,303,,,,484,79965,484.187098103
1182,河北金融学院,304,合作办学组,,,416,122226,416.184093083
1182,河北金融学院,305,,,,504,66355,504.203103108
1184,北华航天工业学院,301,,,,538,44898,538.224124103
1184,北华航天工业学院,302,,,,524,53482,524.221118120
1185,河北经贸大学,301,,,,403,128503,403.165091047
1185,河北经贸大学,302,,,,514,59845,514.209107130
1185,河北经贸大学,303,,,,504,66355,504.198099125
1185,河北经贸大学,304,,,,543,42036,543.210107122
1200,河北传媒学院,301,,,,401,129364,401.169094086
1200,河北传媒学院,302,,,,431,114034,431.188095053
1204,河北工程技术学院,301,,,,410,125186,410.190114060
1204,河北工程技术学院,302,,,,412,124211,412.153087094
1212,河北美术学院,301,,,,401,129364,401.155093092
1213,河北科技学院,301,,,,409,125656,409.165101084
1213,河北科技学院,302,,,,410,125186,410.165091075
1213,河北科技学院,303,,,,410,125186,410.161096083
1223,河北外国语学院,301,,,,405,127543,405.168100080
1223,河北外国语学院,302,,,,416,122226,416.171089093
1225,华北理工大学轻工学院,301,,,,441,108122,441.171086093
1228,河北医科大学临床学院,301,,,,470,89567,470.203114085
1228,河北医科大学临床学院,302,,,,504,66355,504.223117104
1228,河北医科大学临床学院,303,,,,460,96266,460.194103088
1229,河北工程大学科信学院,301,,,,443,106877,443.201105047
1229,河北工程大学科信学院,302,,,,446,105066,446.166096124
1229,河北工程大学科信学院,303,,,,441,108122,441.194104075
1229,河北工程大学科信学院,304,,,,440,108709,440.172093080
1231,石家庄铁道大学四方学院,301,,,,456,98826,456.172096101
1231,石家庄铁道大学四方学院,302,,,,502,67689,502.208111109
1231,石家庄铁道大学四方学院,303,,,,497,71044,497.191111094
1231,石家庄铁道大学四方学院,304,,,,451,101979,451.180097080
1231,石家庄铁道大学四方学院,305,,,,454,100090,454.180103093
1232,河北地质大学华信学院,301,,,,415,122733,415.181107095
1232,河北地质大学华信学院,302,,,,421,119606,421.165097101
1232,河北地质大学华信学院,303,,,,426,116902,426.170108099
1232,河北地质大学华信学院,304,,,,417,121686,417.182098115
1238,保定理工学院,301,,,,412,124211,412.163108092
1238,保定理工学院,302,,,,416,122226,416.195099046
1239,燕京理工学院,301,,,,410,125186,410.171106099
1239,燕京理工学院,302,,,,422,119091,422.159099100
1239,燕京理工学院,303,,,,444,106286,444.189095107
1240,北京中医药大学东方学院,301,,,,519,56662,519.203104119
1240,北京中医药大学东方学院,302,,,,435,111714,435.174093086
1240,北京中医药大学东方学院,303,,,,440,108709,440.181096112
1246,沧州交通学院,301,,,,412,124211,412.175110077
1246,沧州交通学院,302,,,,414,123211,414.158115104
1249,河北东方学院,301,,,,423,118552,423.167108087
1249,河北东方学院,302,,,,425,117444,425.186105078
1249,河北东方学院,303,,,,423,118552,423.184099103
1249,河北东方学院,304,,,,435,111714,435.176103091
1249,河北东方学院,305,,,,417,121686,417.176092099
1257,河北中医药大学,301,,,,599,14785,599.240121119
1257,河北中医药大学,302,,,,563,31069,563.228115121
1257,河北中医药大学,303,,,,564,30562,564.222124116
1276,河北石油职业技术大学,301,,,,464,93632,464.181091094
1277,河北科技工程职业技术大学,301,,,,463,94291,463.189106063
1277,河北科技工程职业技术大学,302,,,,451,101979,451.187104100
1278,河北工业职业技术大学,301,,,,484,79965,484.196112090
1278,河北工业职业技术大学,302,,,,515,59190,515.213111059
1278,河北工业职业技术大学,303,,,,503,67037,503.213108050
1278,河北工业职业技术大学,304,,,,470,89567,470.198099103
1278,河北工业职业技术大学,305,,,,478,84139,478.202114071
1278,河北工业职业技术大学,306,,,,461,95622,461.180097091
1278,河北工业职业技术大学,307,,,,476,85499,476.204108089
1278,河北工业职业技术大学,308,,,,443,106877,443.165101071
1278,河北工业职业技术大学,309,,,,464,93632,464.177102082
1279,东北大学秦皇岛分校,301,,,,606,12157,606.249128134
1279,东北大学秦皇岛分校,302,,,,622,7204,622.251129126
1279,东北大学秦皇岛分校,303,合作办学组,,,594,16722,594.224119131
1282,河北环境工程学院,301,,,,459,96873,459.187101077
1282,河北环境工程学院,302,,,,468,90939,468.181114103
1282,河北环境工程学院,303,,,,476,85499,476.212125088
1285,内蒙古大学,301,,,,571,27047,571.220118126
1285,内蒙古大学,302,,,,558,33708,558.209119113
1285,内蒙古大学,303,,,,568,28579,568.226114123
1285,内蒙古大学,304,,,,556,34745,556.235118107
1285,内蒙古大学,305,,,,562,31551,562.222118102
1285,内蒙古大学,306,,,,579,23209,579.234117103
1285,内蒙古大学,307,,,,607,11828,607.239127134
1286,内蒙古科技大学,301,,,,466,92259,466.191100087
1286,内蒙古科技大学,302,,,,497,71044,497.200102111
1286,内蒙古科技大学,303,,,,520,56002,520.200105092
1286,内蒙古科技大学,304,,,,473,87550,473.210106102
1286,内蒙古科技大学,305,,,,526,52177,526.194100113
1286,内蒙古科技大学,306,,,,555,35325,555.216109104
1286,内蒙古科技大学,307,,,,515,59190,515.201104110
1286,内蒙古科技大学,308,,,,548,39243,548.218111121
1286,内蒙古科技大学,309,,,,547,39805,547.226120116
1286,内蒙古科技大学,310,,,,552,36980,552.217109103
1286,内蒙古科技大学,311,,,,522,54717,522.202106107
1286,内蒙古科技大学,312,,,,453,100719,453.183103091
1286,内蒙古科技大学,313,,,,446,105066,446.168085110
1286,内蒙古科技大学,314,,,,549,38659,549.203103126
1286,内蒙古科技大学,315,,,,528,50905,528.192101118
1286,内蒙古科技大学,316,,,,548,39243,548.217116111
1286,内蒙古科技大学,317,,,,542,42561,542.211112105
1287,内蒙古工业大学,301,,,,501,68329,501.171108132
1287,内蒙古工业大学,302,,,,484,79965,484.195103102
1287,内蒙古工业大学,303,,,,535,46695,535.219111116
1287,内蒙古工业大学,304,,,,484,79965,484.183113107
1287,内蒙古工业大学,305,,,,513,60466,513.200107109
1287,内蒙古工业大学,306,,,,538,44898,538.199107114
1287,内蒙古工业大学,307,,,,490,75871,490.206104063
1287,内蒙古工业大学,308,,,,506,65003,506.209109099
1287,内蒙古工业大学,309,,,,557,34225,557.208106132
1287,内蒙古工业大学,310,,,,557,34225,557.201114123
1287,内蒙古工业大学,311,,,,565,30102,565.225115113
1287,内蒙古工业大学,312,,,,554,35858,554.206120127
1287,内蒙古工业大学,313,,,,568,28579,568.224125121
1287,内蒙古工业大学,314,,,,548,39243,548.228116118
1287,内蒙古工业大学,315,,,,545,40943,545.201113130
1287,内蒙古工业大学,316,,,,550,38107,550.203104114
1287,内蒙古工业大学,317,,,,578,23639,578.213115131
1287,内蒙古工业大学,318,,,,553,36434,553.218110114
1287,内蒙古工业大学,319,,,,540,43706,540.209112108
1287,内蒙古工业大学,320,,,,499,69661,499.195103096
1287,内蒙古工业大学,321,,,,489,76544,489.185101117
1287,内蒙古工业大学,322,,,,558,33708,558.227116126
1287,内蒙古工业大学,323,,,,540,43706,540.218114087
1287,内蒙古工业大学,324,,,,542,42561,542.204103118
1288,内蒙古农业大学,301,,,,501,68329,501.186103108
1288,内蒙古农业大学,302,,,,491,75208,491.197111109
1288,内蒙古农业大学,303,,,,501,68329,501.209115067
1288,内蒙古农业大学,304,,,,534,47263,534.219112121
1288,内蒙古农业大学,305,,,,483,80653,483.201104063
1288,内蒙古农业大学,306,,,,483,80653,483.171103118
1288,内蒙古农业大学,307,,,,502,67689,502.206108093
1288,内蒙古农业大学,308,,,,480,82762,480.189099076
1288,内蒙古农业大学,309,,,,472,88227,472.155104111
1289,内蒙古医科大学,301,,,,550,38107,550.222114114
1289,内蒙古医科大学,302,,,,571,27047,571.221114127
1289,内蒙古医科大学,303,,,,559,33157,559.216108118
1289,内蒙古医科大学,304,,,,567,29088,567.226118122
1289,内蒙古医科大学,305,,,,532,48423,532.199102101
1289,内蒙古医科大学,306,,,,515,59190,515.209109109
1289,内蒙古医科大学,307,,,,527,51540,527.222115115
1289,内蒙古医科大学,308,,,,510,62391,510.199115123
1289,内蒙古医科大学,309,,,,555,35325,555.232122112
1289,内蒙古医科大学,310,,,,486,78583,486.197113112
1289,内蒙古医科大学,311,,,,542,42561,542.218118115
1290,内蒙古师范大学,301,,,,487,77932,487.207109086
1290,内蒙古师范大学,302,,,,481,82062,481.193103118
1290,内蒙古师范大学,303,,,,510,62391,510.204105101
1290,内蒙古师范大学,304,,,,488,77244,488.204105097
1290,内蒙古师范大学,305,,,,514,59845,514.200112125
1290,内蒙古师范大学,306,,,,493,73817,493.188097102
1290,内蒙古师范大学,307,,,,483,80653,483.199103097
1290,内蒙古师范大学,308,,,,517,57920,517.213110115
1290,内蒙古师范大学,309,,,,521,55350,521.196103117
1290,内蒙古师范大学,310,,,,517,57920,517.209113100
1290,内蒙古师范大学,311,,,,497,71044,497.203118107
1290,内蒙古师范大学,312,,,,503,67037,503.203104119
1291,内蒙古民族大学,301,,,,510,62391,510.212113126
1291,内蒙古民族大学,302,,,,528,50905,528.229121095
1291,内蒙古民族大学,303,,,,528,50905,528.221115113
1291,内蒙古民族大学,304,,,,515,59190,515.218109108
1291,内蒙古民族大学,305,,,,517,57920,517.207114114
1291,内蒙古民族大学,306,,,,497,71044,497.217115113
1291,内蒙古民族大学,307,,,,535,46695,535.208112121
1291,内蒙古民族大学,308,,,,496,71691,496.178092105
1291,内蒙古民族大学,309,,,,542,42561,542.203108126
1291,内蒙古民族大学,310,,,,501,68329,501.193098117
1291,内蒙古民族大学,311,,,,473,87550,473.183105089
1291,内蒙古民族大学,312,,,,486,78583,486.210110076
1292,赤峰大学,301,,,,474,86902,474.190101081
1293,内蒙古财经大学,301,,,,505,65683,505.192103113
1293,内蒙古财经大学,302,,,,479,83454,479.201107093
1293,内蒙古财经大学,303,,,,484,79965,484.196105108
1293,内蒙古财经大学,304,,,,480,82762,480.190106105
1293,内蒙古财经大学,305,,,,555,35325,555.223116125
1293,内蒙古财经大学,306,,,,535,46695,535.214115124
1293,内蒙古财经大学,307,,,,541,43132,541.223115116
1294,呼伦贝尔学院,301,,,,467,91565,467.163087075
1294,呼伦贝尔学院,302,,,,478,84139,478.186098100
1294,呼伦贝尔学院,303,合作办学组,,,428,115778,428.179090094
1298,河套学院,301,,,,486,78583,486.203110058
1299,呼和浩特民族学院,301,,,,494,73086,494.191110120
1299,呼和浩特民族学院,302,,,,479,83454,479.193099101
1322,内蒙古大学创业学院,301,,,,432,113490,432.168098112
1322,内蒙古大学创业学院,302,,,,443,106877,443.170091081
1323,内蒙古鸿德文理学院,301,,,,414,123211,414.162099102
1323,内蒙古鸿德文理学院,302,,,,434,112335,434.176090085
1336,鄂尔多斯应用技术学院,301,,,,484,79965,484.204115088
1336,鄂尔多斯应用技术学院,302,,,,490,75871,490.205104101
1336,鄂尔多斯应用技术学院,303,,,,461,95622,461.186099101
1339,内蒙古科技大学包头师范学院,301,,,,456,98826,456.197112083
1339,内蒙古科技大学包头师范学院,302,,,,476,85499,476.193103103
1339,内蒙古科技大学包头师范学院,303,,,,500,69009,500.232120083
1339,内蒙古科技大学包头师范学院,304,,,,470,89567,470.183099109
1339,内蒙古科技大学包头师范学院,305,,,,497,71044,497.182102122
1339,内蒙古科技大学包头师范学院,306,,,,452,101363,452.177102105
1340,内蒙古科技大学包头医学院,301,,,,550,38107,550.225115120
1340,内蒙古科技大学包头医学院,302,,,,456,98826,456.179095101
1341,辽宁大学,301,,,,583,21361,583.229118119
1341,辽宁大学,302,合作办学组,,,581,22295,581.237125134
1341,辽宁大学,303,合作办学组,,,576,24660,576.223120127
1341,辽宁大学,304,合作办学组,,,558,33708,558.216120122
1341,辽宁大学,305,,,,611,10413,611.252126093
1342,大连理工大学,301,,,,646,2426,646.256130137
1342,大连理工大学,302,合作办学组,,,619,8038,619.238120125
1342,大连理工大学,303,高校专项计划组,,,617,8598,617.229121132
1342,大连理工大学,304,国家专项计划组,,,610,10758,610.248127121
1343,沈阳工业大学,301,,,,524,53482,524.217114112
1343,沈阳工业大学,302,,,,502,67689,502.232116058
1343,沈阳工业大学,303,,,,533,47848,533.209114112
1343,沈阳工业大学,304,,,,521,55350,521.211109121
1343,沈阳工业大学,305,,,,585,20496,585.242122125
1343,沈阳工业大学,306,,,,552,36980,552.203107107
1343,沈阳工业大学,307,国家专项计划组,,,598,15183,598.233124113
1344,沈阳航空航天大学,301,,,,542,42561,542.213113118
1344,沈阳航空航天大学,302,,,,577,24149,577.222114127
1344,沈阳航空航天大学,303,合作办学组,,,562,31551,562.214113133
1345,沈阳理工大学,301,,,,537,45512,537.236118103
1345,沈阳理工大学,302,,,,548,39243,548.216110113
1345,沈阳理工大学,303,,,,533,47848,533.216115117
1345,沈阳理工大学,304,,,,569,28037,569.228125110
1345,沈阳理工大学,305,,,,521,55350,521.226115110
1345,沈阳理工大学,306,合作办学组,,,499,69661,499.221114087
1345,沈阳理工大学,307,合作办学组,,,498,70354,498.201117106
1346,东北大学,301,,,,615,9170,615.239123123
1346,东北大学,302,,,,619,8038,619.245124108
1346,东北大学,303,合作办学组,,,609,11116,609.237121134
1346,东北大学,304,合作办学组,,,603,13232,603.239121111
1346,东北大学,305,高校专项计划组,,,612,10095,612.239120131
1346,东北大学,306,高校专项计划组,,,609,11116,609.219123139
1346,东北大学,307,国家专项计划组,,,606,12157,606.228124121
1347,辽宁科技大学,301,,,,440,108709,440.167098092
1347,辽宁科技大学,302,合作办学组,,,487,77932,487.195104071
1347,辽宁科技大学,303,合作办学组,,,521,55350,521.192107112
1347,辽宁科技大学,304,合作办学组,,,513,60466,513.220111106
1347,辽宁科技大学,305,合作办学组,,,502,67689,502.202102074
1347,辽宁科技大学,306,合作办学组,,,510,62391,510.201110102
1348,辽宁工程技术大学,301,,,,453,100719,453.178091108
1348,辽宁工程技术大学,302,合作办学组,,,502,67689,502.205105123
1348,辽宁工程技术大学,303,国家专项计划组,,,528,50905,528.225120101
1349,辽宁石油化工大学,301,,,,550,38107,550.225124120
1349,辽宁石油化工大学,302,,,,556,34745,556.216109104
1349,辽宁石油化工大学,303,,,,569,28037,569.236122100
1349,辽宁石油化工大学,304,合作办学组,,,490,75871,490.206106098
1350,沈阳化工大学,301,,,,522,54717,522.212117104
1350,沈阳化工大学,302,,,,558,33708,558.224113110
1350,沈阳化工大学,303,合作办学组,,,513,60466,513.191109124
1351,大连交通大学,301,,,,565,30102,565.234123096
1351,大连交通大学,302,合作办学组,,,528,50905,528.194105128
1351,大连交通大学,303,,,,548,39243,548.206105100
1351,大连交通大学,304,,,,580,22748,580.232117123
1351,大连交通大学,305,,,,546,40364,546.214117109
1351,大连交通大学,306,合作办学组,,,528,50905,528.212114115
1351,大连交通大学,307,合作办学组,,,535,46695,535.196111120
1352,大连海事大学,302,,,,593,17125,593.241125127
1352,大连海事大学,303,合作办学组,,,592,17526,592.251135125
1352,大连海事大学,304,,,,599,14785,599.236120124
1352,大连海事大学,305,,,,602,13604,602.235118130
1352,大连海事大学,306,合作办学组,,,582,21818,582.225116124
1352,大连海事大学,307,高校专项计划组,,,583,21361,583.234124119
1352,大连海事大学,308,国家专项计划组,,,590,18344,590.223113125
1353,大连工业大学,301,,,,529,50310,529.220111108
1353,大连工业大学,302,,,,523,54122,523.216110102
1353,大连工业大学,303,,,,519,56662,519.194111117
1353,大连工业大学,304,,,,529,50310,529.208108113
1353,大连工业大学,305,,,,543,42036,543.204103095
1353,大连工业大学,306,,,,568,28579,568.230123118
1353,大连工业大学,307,,,,552,36980,552.220123102
1353,大连工业大学,308,,,,550,38107,550.202108103
1353,大连工业大学,309,,,,533,47848,533.200115122
1353,大连工业大学,310,,,,571,27047,571.220122126
1353,大连工业大学,311,,,,565,30102,565.232117104
1353,大连工业大学,312,合作办学组,,,530,49685,530.190095124
1353,大连工业大学,313,合作办学组,,,514,59845,514.215111088
1353,大连工业大学,314,合作办学组,,,523,54122,523.213107110
1353,大连工业大学,315,合作办学组,,,527,51540,527.223113114
1354,沈阳建筑大学,301,,,,528,50905,528.202101109
1354,沈阳建筑大学,302,,,,495,72384,495.203112110
1354,沈阳建筑大学,303,,,,490,75871,490.198109096
1354,沈阳建筑大学,304,,,,458,97505,458.206110077
1354,沈阳建筑大学,305,,,,499,69661,499.196101102
1354,沈阳建筑大学,306,,,,536,46089,536.217114102
1354,沈阳建筑大学,307,,,,580,22748,580.224113122
1355,辽宁工业大学,301,,,,519,56662,519.214109094
1356,沈阳农业大学,301,,,,482,81351,482.187097116
1356,沈阳农业大学,302,,,,493,73817,493.191107100
1356,沈阳农业大学,303,,,,485,79287,485.179093121
1356,沈阳农业大学,304,国家专项计划组,,,521,55350,521.224113116
1357,大连海洋大学,302,,,,504,66355,504.206107110
1357,大连海洋大学,303,,,,513,60466,513.209116107
1357,大连海洋大学,304,,,,501,68329,501.186099120
1357,大连海洋大学,305,,,,517,57920,517.207104089
1357,大连海洋大学,306,,,,515,59190,515.200104092
1357,大连海洋大学,307,合作办学组,,,501,68329,501.218110091
1358,中国医科大学,301,,,,624,6686,624.243126124
1358,中国医科大学,302,,,,609,11116,609.227116133
1358,中国医科大学,303,,,,597,15557,597.231117124
1358,中国医科大学,304,合作办学组,,,514,59845,514.201104108
1358,中国医科大学,305,国家专项计划组,,,579,23209,579.219114127
1359,锦州医科大学,301,,,,564,30562,564.221117131
1359,锦州医科大学,302,,,,459,96873,459.182108103
1360,大连医科大学,301,,,,632,4875,632.235121124
1360,大连医科大学,302,,,,612,10095,612.227116136
1361,辽宁中医药大学,301,,,,540,43706,540.207121120
1361,辽宁中医药大学,302,,,,511,61740,511.209110112
1361,辽宁中医药大学,303,,,,505,65683,505.203104115
1361,辽宁中医药大学,304,,,,530,49685,530.217113117
1362,沈阳药科大学,301,,,,540,43706,540.229117121
1362,沈阳药科大学,302,,,,552,36980,552.221113119
1362,沈阳药科大学,303,,,,554,35858,554.225117126
1362,沈阳药科大学,304,,,,535,46695,535.206109111
1362,沈阳药科大学,305,,,,602,13604,602.234119136
1362,沈阳药科大学,306,国家专项计划组,,,569,28037,569.236119122
1363,沈阳医学院,301,,,,514,59845,514.210107087
1363,沈阳医学院,302,,,,497,71044,497.200102108
1363,沈阳医学院,303,,,,481,82062,481.197101100
1364,辽宁师范大学,301,,,,537,45512,537.201103121
1364,辽宁师范大学,302,,,,498,70354,498.198107127
1364,辽宁师范大学,303,,,,485,79287,485.182102121
1364,辽宁师范大学,304,合作办学组,,,478,84139,478.183109122
1364,辽宁师范大学,305,合作办学组,,,465,92942,465.175093114
1364,辽宁师范大学,306,,,,508,63699,508.191099124
1365,沈阳师范大学,301,,,,458,97505,458.199113093
1365,沈阳师范大学,302,,,,514,59845,514.201105118
1365,沈阳师范大学,303,合作办学组,,,449,103240,449.158089096
1366,渤海大学,303,,,,497,71044,497.222113085
1366,渤海大学,304,,,,520,56002,520.206109114
1367,鞍山师范学院,301,,,,464,93632,464.177107111
1367,鞍山师范学院,302,,,,492,74508,492.193101104
1367,鞍山师范学院,303,,,,497,71044,497.204110101
1367,鞍山师范学院,304,,,,464,93632,464.172086103
1367,鞍山师范学院,305,,,,482,81351,482.195119089
1367,鞍山师范学院,306,,,,457,98150,457.177094104
1367,鞍山师范学院,307,,,,459,96873,459.187109091
1367,鞍山师范学院,308,,,,462,94965,462.192107101
1367,鞍山师范学院,309,,,,473,87550,473.202110083
1368,朝阳师范学院,301,,,,463,94291,463.147090114
1368,朝阳师范学院,302,,,,497,71044,497.199110101
1368,朝阳师范学院,303,,,,469,90283,469.192101099
1369,大连外国语大学,301,,,,516,58515,516.189120135
1369,大连外国语大学,302,,,,542,42561,542.219117138
1369,大连外国语大学,303,,,,522,54717,522.203113129
1369,大连外国语大学,304,,,,550,38107,550.219111124
1369,大连外国语大学,305,,,,524,53482,524.193108122
1370,东北财经大学,301,,,,597,15557,597.239120126
1370,东北财经大学,302,,,,575,25157,575.223117123
1370,东北财经大学,303,合作办学组,,,563,31069,563.239121097
1370,东北财经大学,304,合作办学组,,,545,40943,545.236123125
1370,东北财经大学,305,合作办学组,,,542,42561,542.221121109
1370,东北财经大学,306,合作办学组,,,563,31069,563.223117121
1372,沈阳体育学院,301,,,,481,82062,481.189102096
1372,沈阳体育学院,302,,,,477,84836,477.189096097
1372,沈阳体育学院,303,,,,469,90283,469.179102109
1372,沈阳体育学院,304,合作办学组,,,452,101363,452.175092087
1379,辽宁对外经贸学院,301,,,,402,128948,402.159090081
1379,辽宁对外经贸学院,302,,,,,,
1381,沈阳大学,301,,,,451,101979,451.203103079
1381,沈阳大学,302,合作办学组,,,479,83454,479.177099094
1381,沈阳大学,303,,,,498,70354,498.197106100
1381,沈阳大学,304,合作办学组,,,512,61078,512.213109093
1381,沈阳大学,305,合作办学组,,,501,68329,501.190097102
1386,大连大学,301,,,,495,72384,495.192114127
1386,大连大学,302,,,,531,49079,531.230124116
1386,大连大学,303,,,,516,58515,516.212114106
1386,大连大学,304,,,,521,55350,521.198106103
1386,大连大学,305,,,,502,67689,502.213109086
1386,大连大学,306,,,,542,42561,542.232124088
1386,大连大学,307,合作办学组,,,506,65003,506.206110107
1387,辽宁科技学院,301,,,,504,66355,504.204106084
1387,辽宁科技学院,302,,,,513,60466,513.208107110
1387,辽宁科技学院,303,,,,468,90939,468.198106105
1390,沈阳工程学院,301,,,,545,40943,545.209118113
1390,沈阳工程学院,302,合作办学组,,,538,44898,538.204115122
1391,辽东学院,301,,,,445,105659,445.184092078
1391,辽东学院,302,,,,454,100090,454.172102103
1392,大连民族大学,301,,,,507,64331,507.195099082
1392,大连民族大学,302,,,,555,35325,555.227118115
1392,大连民族大学,303,,,,524,53482,524.218111099
1392,大连民族大学,304,国家专项计划组,,,548,39243,548.213110112
1399,辽宁理工职业大学,301,,,,403,128503,403.173105061
1399,辽宁理工职业大学,302,,,,403,128503,403.171091074
1408,大连工程学院,301,,,,401,129364,401.161094072
1408,大连工程学院,302,,,,401,129364,401.176097063
1411,沈阳工学院,301,,,,409,125656,409.171101096
1411,沈阳工学院,302,,,,425,117444,425.188095094
1412,大连工业大学艺术与信息工程学院,301,,,,403,128503,403.160106092
1412,大连工业大学艺术与信息工程学院,302,,,,402,128948,402.163097056
1413,大连科技学院,301,,,,401,129364,401.163084093
1414,沈阳城市建设学院,301,,,,427,116331,427.193097101
1414,沈阳城市建设学院,302,,,,403,128503,403.147093094
1415,大连医科大学中山学院,301,,,,404,128007,404.160104082
1415,大连医科大学中山学院,302,,,,486,78583,486.197105112
1415,大连医科大学中山学院,303,,,,517,57920,517.218111110
1415,大连医科大学中山学院,304,,,,496,71691,496.192120114
1415,大连医科大学中山学院,305,,,,406,127067,406.173102104
1415,大连医科大学中山学院,306,,,,402,128948,402.188095084
1415,大连医科大学中山学院,307,,,,419,120637,419.150094079
1416,锦州医科大学医疗学院,301,,,,420,120122,420.160103074
1417,辽宁师范大学海华学院,301,,,,418,121181,418.181098087
1417,辽宁师范大学海华学院,302,,,,402,128948,402.170101088
1417,辽宁师范大学海华学院,303,,,,406,127067,406.178114053
1418,辽宁理工学院,301,,,,403,128503,403.173098072
1418,辽宁理工学院,302,,,,406,127067,406.160089074
1419,大连财经学院,301,,,,402,128948,402.168095068
1420,沈阳城市学院,301,,,,401,129364,401.152099082
1420,沈阳城市学院,302,,,,401,129364,401.151076099
1421,大连艺术学院,301,,,,,,
1422,辽宁中医药大学杏林学院,301,,,,438,109920,438.195106082
1423,辽宁何氏医学院,301,,,,407,126607,407.157109096
1424,沈阳科技学院,301,,,,418,121181,418.161095073
1424,沈阳科技学院,302,,,,401,129364,401.153091087
1425,大连东软信息学院,301,,,,404,128007,404.145095106
1425,大连东软信息学院,302,,,,413,123709,413.157100087
1425,大连东软信息学院,303,,,,401,129364,401.145076058
1427,辽宁传媒学院,301,,,,,,
1427,辽宁传媒学院,302,,,,404,128007,404.168100091
1448,营口理工学院,301,,,,437,110501,437.158098110
1448,营口理工学院,302,,,,497,71044,497.214111101
1454,大连理工大学(盘锦校区),301,,,,609,11116,609.239120124
1454,大连理工大学(盘锦校区),302,,,,615,9170,615.229122121
1454,大连理工大学(盘锦校区),303,合作办学组,,,611,10413,611.237121129
1454,大连理工大学(盘锦校区),304,合作办学组,,,598,15183,598.236119117
1456,吉林大学,301,,,,613,9773,613.250135129
1456,吉林大学,302,,,,612,10095,612.227117135
1456,吉林大学,303,,,,636,4055,636.244122135
1456,吉林大学,304,,,,650,1904,650.253128124
1456,吉林大学,305,,,,630,5284,630.246125130
1456,吉林大学,306,,,,623,6940,623.247130118
1456,吉林大学,307,,,,635,4268,635.239124123
1456,吉林大学,308,,,,626,6196,626.239121121
1456,吉林大学,309,,,,639,3489,639.250126123
1456,吉林大学,310,,,,637,3850,637.251126131
1456,吉林大学,311,,,,634,4450,634.247127125
1456,吉林大学,312,,,,636,4055,636.243126131
1456,吉林大学,313,,,,636,4055,636.246124130
1456,吉林大学,314,,,,614,9470,614.254127108
1456,吉林大学,315,,,,619,8038,619.236118124
1456,吉林大学,316,,,,616,8877,616.253128103
1456,吉林大学,317,,,,621,7485,621.236121141
1456,吉林大学,318,,,,625,6443,625.237129123
1456,吉林大学,319,,,,623,6940,623.247124117
1456,吉林大学,320,合作办学组,,,605,12554,605.240120131
1456,吉林大学,321,,,,620,7776,620.248126112
1456,吉林大学,322,高校专项计划组,,,616,8877,616.243125129
1456,吉林大学,323,国家专项计划组,,,612,10095,612.232123115
1457,延边大学,301,,,,543,42036,543.206118102
1457,延边大学,302,合作办学组,,,550,38107,550.220115116
1457,延边大学,303,,,,577,24149,577.222113123
1457,延边大学,304,,,,583,21361,583.229117121
1457,延边大学,305,合作办学组,,,566,29615,566.207113128
1457,延边大学,306,合作办学组,,,547,39805,547.213115126
1457,延边大学,307,,,,576,24660,576.239127097
1457,延边大学,308,,,,556,34745,556.216109115
1458,长春理工大学,301,,,,530,49685,530.205106139
1458,长春理工大学,302,,,,550,38107,550.230118116
1458,长春理工大学,303,,,,624,6686,624.233120133
1458,长春理工大学,304,合作办学组,,,578,23639,578.237124098
1458,长春理工大学,305,,,,544,41495,544.208117102
1459,东北电力大学,301,,,,537,45512,537.222114123
1459,东北电力大学,302,,,,558,33708,558.227123098
1459,东北电力大学,303,合作办学组,,,598,15183,598.245129120
1460,长春工业大学,301,,,,512,61078,512.198101113
1460,长春工业大学,302,,,,544,41495,544.199104117
1460,长春工业大学,303,,,,521,55350,521.207104111
1460,长春工业大学,304,,,,507,64331,507.203111116
1460,长春工业大学,305,,,,563,31069,563.233118104
1460,长春工业大学,306,,,,557,34225,557.226116113
1460,长春工业大学,307,,,,555,35325,555.207111109
1460,长春工业大学,308,,,,558,33708,558.234119090
1460,长春工业大学,309,,,,560,32630,560.208105127
1460,长春工业大学,310,,,,568,28579,568.228114124
1460,长春工业大学,311,,,,555,35325,555.214122123
1460,长春工业大学,312,,,,554,35858,554.238122113
1460,长春工业大学,313,,,,510,62391,510.225116077
1460,长春工业大学,314,,,,549,38659,549.218111110
1460,长春工业大学,315,合作办学组,,,533,47848,533.222117083
1460,长春工业大学,316,合作办学组,,,502,67689,502.205103113
1460,长春工业大学,317,合作办学组,,,523,54122,523.204117095
1460,长春工业大学,318,合作办学组,,,561,32100,561.224120111
1460,长春工业大学,319,合作办学组,,,492,74508,492.213110102
1461,吉林建筑大学,301,,,,484,79965,484.191104108
1461,吉林建筑大学,302,合作办学组,,,452,101363,452.171087085
1461,吉林建筑大学,303,,,,485,79287,485.184112096
1461,吉林建筑大学,305,合作办学组,,,490,75871,490.193099086
1461,吉林建筑大学,306,合作办学组,,,416,122226,416.155113071
1462,吉林化工大学,301,,,,459,96873,459.164086096
1462,吉林化工大学,302,,,,502,67689,502.180099109
1462,吉林化工大学,303,,,,529,50310,529.204104109
1462,吉林化工大学,304,,,,511,61740,511.211108087
1462,吉林化工大学,305,,,,526,52177,526.218111124
1463,吉林农业大学,301,,,,482,81351,482.208107083
1463,吉林农业大学,302,,,,466,92259,466.200103077
1463,吉林农业大学,303,,,,462,94965,462.197102098
1464,长春中医药大学,301,,,,575,25157,575.225116124
1464,长春中医药大学,302,,,,509,63028,509.229125109
1464,长春中医药大学,303,,,,499,69661,499.215109100
1464,长春中医药大学,304,合作办学组,,,428,115778,428.191098054
1465,东北师范大学,305,合作办学组,,,557,34225,557.236122117
1465,东北师范大学,306,合作办学组,,,545,40943,545.220120110
1465,东北师范大学,307,,,,573,26096,573.211112124
1465,东北师范大学,308,,,,608,11475,608.244129115
1465,东北师范大学,309,高校专项计划组,,,567,29088,567.220119108
1465,东北师范大学,310,国家专项计划组,,,578,23639,578.232121118
1466,北华大学,301,,,,534,47263,534.206104127
1466,北华大学,302,,,,516,58515,516.222118109
1466,北华大学,303,,,,501,68329,501.195099095
1466,北华大学,304,,,,510,62391,510.206105093
1466,北华大学,305,,,,539,44321,539.215110103
1466,北华大学,306,,,,407,126607,407.152085078
1466,北华大学,307,,,,413,123709,413.168099073
1466,北华大学,308,,,,496,71691,496.211109093
1466,北华大学,309,合作办学组,,,497,71044,497.197106091
1467,通化师范学院,301,,,,443,106877,443.189115067
1467,通化师范学院,302,,,,444,106286,444.182094088
1467,通化师范学院,303,,,,436,111130,436.177102083
1468,吉林师范大学,301,,,,496,71691,496.215110110
1468,吉林师范大学,302,,,,490,75871,490.211109104
1468,吉林师范大学,303,合作办学组,,,502,67689,502.212108107
1468,吉林师范大学,304,,,,475,86200,475.198099106
1468,吉林师范大学,305,,,,496,71691,496.197104096
1468,吉林师范大学,306,合作办学组,,,448,103863,448.172103099
1468,吉林师范大学,307,合作办学组,,,488,77244,488.188098110
1468,吉林师范大学,308,,,,513,60466,513.205108108
1469,吉林工程技术师范学院,301,,,,462,94965,462.183098109
1469,吉林工程技术师范学院,302,,,,459,96873,459.205113103
1469,吉林工程技术师范学院,303,合作办学组,,,448,103863,448.182110103
1469,吉林工程技术师范学院,304,合作办学组,,,479,83454,479.193111094
1470,长春师范大学,301,,,,488,77244,488.191101114
1470,长春师范大学,302,,,,529,50310,529.215111083
1470,长春师范大学,303,,,,416,122226,416.149090097
1470,长春师范大学,304,合作办学组,,,461,95622,461.195105095
1470,长春师范大学,305,,,,438,109920,438.146089098
1470,长春师范大学,306,,,,459,96873,459.180111091
1470,长春师范大学,307,,,,519,56662,519.215114101
1470,长春师范大学,308,,,,506,65003,506.199100126
1470,长春师范大学,309,合作办学组,,,495,72384,495.200107109
1470,长春师范大学,310,合作办学组,,,489,76544,489.170113104
1471,白城师范学院,301,,,,449,103240,449.207106101
1471,白城师范学院,302,,,,452,101363,452.193103103
1471,白城师范学院,303,,,,493,73817,493.194097101
1472,吉林财经大学,301,,,,558,33708,558.218111117
1472,吉林财经大学,302,,,,531,49079,531.218113126
1472,吉林财经大学,303,,,,562,31551,562.228122109
1472,吉林财经大学,304,,,,509,63028,509.206108128
1472,吉林财经大学,305,,,,495,72384,495.180103122
1472,吉林财经大学,306,,,,519,56662,519.205111106
1472,吉林财经大学,307,合作办学组,,,463,94291,463.190098085
1472,吉林财经大学,308,,,,550,38107,550.219111120
1474,吉林艺术学院,301,,,,468,90939,468.182113119
1474,吉林艺术学院,302,,,,446,105066,446.182106103
1476,吉林外国语大学,301,,,,406,127067,406.160095107
1476,吉林外国语大学,302,,,,401,129364,401.160100089
1476,吉林外国语大学,303,合作办学组,,,,,
1476,吉林外国语大学,304,合作办学组,,,,,
1476,吉林外国语大学,305,,,,403,128503,403.182096065
1478,吉林工商学院,301,,,,477,84836,477.185097094
1478,吉林工商学院,302,,,,467,91565,467.185105112
1478,吉林工商学院,303,,,,460,96266,460.153091104
1478,吉林工商学院,304,,,,468,90939,468.169097109
1478,吉林工商学院,305,,,,494,73086,494.214107096
1479,长春汽车职业技术大学,301,,,,513,60466,513.203118097
1480,长春工程学院,301,,,,465,92942,465.195105087
1480,长春工程学院,302,合作办学组,,,502,67689,502.207111099
1480,长春工程学院,303,合作办学组,,,450,102616,450.181101093
1480,长春工程学院,304,边防军人子女预科,,,399,,399.173096031
1481,吉林农业科技学院,301,,,,499,69661,499.203106105
1481,吉林农业科技学院,302,,,,507,64331,507.209105090
1481,吉林农业科技学院,303,,,,508,63699,508.206110096
1481,吉林农业科技学院,304,,,,480,82762,480.185106103
1481,吉林农业科技学院,305,,,,477,84836,477.184108119
1483,吉林警察学院,301,,,,503,67037,503.206110099
1483,吉林警察学院,302,,,,506,65003,506.214108115
1484,长春大学,301,,,,455,99475,455.187098086
1484,长春大学,302,,,,545,40943,545.214107116
1484,长春大学,303,,,,451,101979,451.186094103
1484,长春大学,304,合作办学组,,,443,106877,443.168094125
1484,长春大学,305,,,,551,37532,551.208109125
1484,长春大学,306,,,,549,38659,549.216119095
1484,长春大学,307,,,,536,46089,536.222119091
1484,长春大学,308,合作办学组,,,502,67689,502.196110110
1484,长春大学,309,合作办学组,,,512,61078,512.206108094
1484,长春大学,310,合作办学组,,,506,65003,506.208124096
1484,长春大学,311,合作办学组,,,459,96873,459.151102105
1484,长春大学,312,,,,478,84139,478.206105089
1493,长春光华学院,301,,,,401,129364,401.166094097
1493,长春光华学院,302,,,,406,127067,406.150093091
1494,长春工业大学人文信息学院,301,,,,401,129364,401.163082072
1495,长春电子科技学院,301,,,,410,125186,410.158091061
1495,长春电子科技学院,302,,,,402,128948,402.141102119
1496,长春财经学院,301,,,,402,128948,402.172109088
1496,长春财经学院,302,,,,406,127067,406.167090092
1497,吉林建筑科技学院,301,,,,413,123709,413.181095077
1498,长春建筑学院,301,,,,,,
1498,长春建筑学院,302,,,,403,128503,403.144084079
1499,长春科技学院,301,,,,411,124695,411.163096082
1499,长春科技学院,302,,,,438,109920,438.163098082
1501,吉林师范大学博达学院,301,,,,409,125656,409.150092092
1501,吉林师范大学博达学院,302,,,,,,
1502,长春大学旅游学院,301,,,,405,127543,405.165101074
1502,长春大学旅游学院,302,,,,,,
1502,长春大学旅游学院,303,,,,402,128948,402.180110089
1503,长春人文学院,301,,,,405,127543,405.169106077
1504,吉林医药学院,301,,,,468,90939,468.188105092
1504,吉林医药学院,302,,,,438,109920,438.163096106
1504,吉林医药学院,303,,,,494,73086,494.199103107
1504,吉林医药学院,304,合作办学组,,,417,121686,417.169100087
1526,黑龙江大学,301,,,,490,75871,490.190097120
1526,黑龙江大学,302,,,,561,32100,561.219112101
1526,黑龙江大学,303,,,,572,26560,572.214113132
1526,黑龙江大学,304,,,,559,33157,559.223113100
1526,黑龙江大学,305,,,,542,42561,542.207104097
1526,黑龙江大学,306,,,,526,52177,526.213114114
1526,黑龙江大学,307,,,,479,83454,479.208106095
1526,黑龙江大学,308,合作办学组,,,494,73086,494.192108095
1526,黑龙江大学,309,合作办学组,,,523,54122,523.186108129
1526,黑龙江大学,310,合作办学组,,,418,121181,418.178107109
1526,黑龙江大学,311,合作办学组,,,451,101979,451.198113093
1526,黑龙江大学,312,高校专项计划组,,,529,50310,529.220120091
1527,哈尔滨工业大学,301,合作办学组,,,624,6686,624.249126119
1527,哈尔滨工业大学,302,合作办学组,,,604,12897,604.240120116
1527,哈尔滨工业大学,303,,,,669,530,669.254133129
1527,哈尔滨工业大学,304,合作办学组,,,627,5983,627.247127134
1527,哈尔滨工业大学,305,合作办学组,,,628,5741,628.236120129
1527,哈尔滨工业大学,306,合作办学组,,,618,8312,618.240124127
1527,哈尔滨工业大学,307,高校专项计划组,,,647,2294,647.252135127
1528,哈尔滨理工大学,301,,,,521,55350,521.215110085
1528,哈尔滨理工大学,302,,,,576,24660,576.224113116
1529,哈尔滨工程大学,301,,,,636,4055,636.233121133
1529,哈尔滨工程大学,302,,,,633,4657,633.254132132
1529,哈尔滨工程大学,303,,,,636,4055,636.244122134
1529,哈尔滨工程大学,304,,,,635,4268,635.249126125
1529,哈尔滨工程大学,305,,,,634,4450,634.251130124
1529,哈尔滨工程大学,306,,,,629,5506,629.243126126
1529,哈尔滨工程大学,307,,,,625,6443,625.247126123
1529,哈尔滨工程大学,308,,,,645,2558,645.261133117
1529,哈尔滨工程大学,309,,,,639,3489,639.245124137
1529,哈尔滨工程大学,310,,,,635,4268,635.243125131
1529,哈尔滨工程大学,311,,,,636,4055,636.253131130
1529,哈尔滨工程大学,312,,,,637,3850,637.251134127
1529,哈尔滨工程大学,313,,,,630,5284,630.246130131
1529,哈尔滨工程大学,314,,,,630,5284,630.238122130
1529,哈尔滨工程大学,315,,,,628,5741,628.242122121
1529,哈尔滨工程大学,316,合作办学组,,,551,37532,551.211106114
1529,哈尔滨工程大学,317,合作办学组,,,593,17125,593.230115119
1529,哈尔滨工程大学,318,合作办学组,,,593,17125,593.224115134
1530,黑龙江科技大学,301,,,,515,59190,515.210105092
1530,黑龙江科技大学,302,,,,489,76544,489.192102075
1530,黑龙江科技大学,303,,,,517,57920,517.213118094
1530,黑龙江科技大学,304,,,,493,73817,493.210106107
1530,黑龙江科技大学,305,合作办学组,,,457,98150,457.191099079
1530,黑龙江科技大学,306,合作办学组,,,477,84836,477.184119111
1531,东北石油大学,301,,,,512,61078,512.186095120
1531,东北石油大学,302,,,,537,45512,537.204115114
1531,东北石油大学,303,,,,522,54717,522.200103094
1531,东北石油大学,304,,,,545,40943,545.215118102
1532,佳木斯大学,301,,,,466,92259,466.179117084
1532,佳木斯大学,302,,,,504,66355,504.197108109
1532,佳木斯大学,303,,,,534,47263,534.206104102
1533,黑龙江八一农垦大学,301,,,,475,86200,475.187118100
1533,黑龙江八一农垦大学,302,,,,461,95622,461.183095091
1533,黑龙江八一农垦大学,303,,,,478,84139,478.202102089
1533,黑龙江八一农垦大学,304,,,,530,49685,530.205106108
1534,东北农业大学,301,,,,560,32630,560.218111124
1534,东北农业大学,302,,,,585,20496,585.235126124
1534,东北农业大学,303,,,,602,13604,602.229117127
1534,东北农业大学,304,,,,548,39243,548.198119134
1535,东北林业大学,301,,,,564,30562,564.222117121
1535,东北林业大学,302,,,,567,29088,567.235122121
1535,东北林业大学,303,,,,564,30562,564.217116121
1535,东北林业大学,304,合作办学组,,,560,32630,560.212118118
1535,东北林业大学,305,合作办学组,,,511,61740,511.198105109
1535,东北林业大学,306,合作办学组,,,560,32630,560.201106127
1535,东北林业大学,307,高校专项计划组,,,555,35325,555.239122096
1535,东北林业大学,308,国家专项计划组,,,552,36980,552.217110113
1536,哈尔滨医科大学,301,,,,504,66355,504.186104112
1536,哈尔滨医科大学,302,,,,583,21361,583.228119122
1536,哈尔滨医科大学,303,,,,534,47263,534.222117104
1536,哈尔滨医科大学,304,,,,531,49079,531.210112101
1536,哈尔滨医科大学,305,,,,535,46695,535.211115106
1536,哈尔滨医科大学,306,,,,525,52839,525.224115113
1536,哈尔滨医科大学,307,,,,575,25157,575.227115122
1536,哈尔滨医科大学,308,,,,488,77244,488.197113094
1536,哈尔滨医科大学,309,,,,577,24149,577.205110126
1536,哈尔滨医科大学,310,,,,559,33157,559.226120124
1536,哈尔滨医科大学,311,,,,529,50310,529.212111118
1536,哈尔滨医科大学,312,国家专项计划组,,,593,17125,593.223119113
1537,黑龙江中医药大学,301,,,,529,50310,529.215108101
1537,黑龙江中医药大学,302,,,,439,109313,439.178091077
1537,黑龙江中医药大学,303,,,,502,67689,502.189095096
1537,黑龙江中医药大学,304,,,,474,86902,474.183119105
1537,黑龙江中医药大学,305,,,,521,55350,521.211110113
1537,黑龙江中医药大学,306,,,,519,56662,519.211110104
1538,牡丹江医科大学,301,,,,500,69009,500.217119080
1538,牡丹江医科大学,302,,,,537,45512,537.220120119
1538,牡丹江医科大学,303,,,,490,75871,490.180103102
1538,牡丹江医科大学,304,,,,532,48423,532.221114125
1538,牡丹江医科大学,305,,,,450,102616,450.189106099
1539,哈尔滨师范大学,301,,,,500,69009,500.186117142
1539,哈尔滨师范大学,302,,,,480,82762,480.191101100
1539,哈尔滨师范大学,303,,,,459,96873,459.194115108
1539,哈尔滨师范大学,304,,,,498,70354,498.209116103
1539,哈尔滨师范大学,305,,,,495,72384,495.214130086
1539,哈尔滨师范大学,306,,,,516,58515,516.212119095
1539,哈尔滨师范大学,307,,,,496,71691,496.177098102
1539,哈尔滨师范大学,308,,,,481,82062,481.190117084
1539,哈尔滨师范大学,309,,,,524,53482,524.195100101
1540,齐齐哈尔大学,301,,,,495,72384,495.192097078
1540,齐齐哈尔大学,302,,,,476,85499,476.179096082
1540,齐齐哈尔大学,303,,,,439,109313,439.172089086
1540,齐齐哈尔大学,304,,,,523,54122,523.219123113
1540,齐齐哈尔大学,305,合作办学组,,,402,128948,402.170102082
1541,牡丹江师范学院,301,,,,453,100719,453.169096105
1541,牡丹江师范学院,302,,,,460,96266,460.203110099
1542,哈尔滨学院,301,,,,494,73086,494.176101109
1542,哈尔滨学院,302,,,,463,94291,463.206106070
1542,哈尔滨学院,303,,,,487,77932,487.203102081
1542,哈尔滨学院,304,,,,518,57296,518.206105102
1542,哈尔滨学院,305,,,,480,82762,480.187105092
1543,大庆师范学院,301,,,,448,103863,448.178103097
1543,大庆师范学院,302,,,,480,82762,480.187109114
1543,大庆师范学院,303,,,,500,69009,500.204111111
1543,大庆师范学院,304,,,,444,106286,444.192108084
1543,大庆师范学院,305,,,,477,84836,477.192119108
1543,大庆师范学院,306,合作办学组,,,412,124211,412.166099083
1543,大庆师范学院,307,合作办学组,,,445,105659,445.167091078
1544,绥化学院,301,,,,476,85499,476.193105098
1544,绥化学院,302,,,,508,63699,508.211110095
1544,绥化学院,303,,,,478,84139,478.186111097
1544,绥化学院,304,,,,503,67037,503.183105106
1544,绥化学院,305,,,,477,84836,477.204106089
1546,哈尔滨商业大学,301,,,,512,61078,512.204104116
1546,哈尔滨商业大学,302,,,,482,81351,482.175090115
1546,哈尔滨商业大学,303,,,,500,69009,500.196117118
1546,哈尔滨商业大学,304,,,,490,75871,490.181098084
1546,哈尔滨商业大学,305,,,,503,67037,503.200104101
1546,哈尔滨商业大学,306,,,,484,79965,484.209105110
1546,哈尔滨商业大学,307,,,,499,69661,499.191115097
1548,哈尔滨金融学院,301,,,,462,94965,462.202107107
1548,哈尔滨金融学院,302,,,,486,78583,486.187103122
1548,哈尔滨金融学院,303,,,,491,75208,491.193100109
1551,齐齐哈尔医学院,301,,,,471,88879,471.187094107
1551,齐齐哈尔医学院,302,,,,460,96266,460.194107062
1551,齐齐哈尔医学院,303,,,,526,52177,526.202108098
1551,齐齐哈尔医学院,304,,,,510,62391,510.197109091
1551,齐齐哈尔医学院,305,,,,524,53482,524.221119095
1551,齐齐哈尔医学院,306,,,,472,88227,472.198108101
1551,齐齐哈尔医学院,307,,,,457,98150,457.183104104
1552,黑龙江工业学院,301,,,,460,96266,460.186108097
1552,黑龙江工业学院,302,,,,507,64331,507.208115117
1552,黑龙江工业学院,303,,,,487,77932,487.181113105
1552,黑龙江工业学院,304,,,,483,80653,483.203102064
1552,黑龙江工业学院,305,,,,460,96266,460.195108098
1552,黑龙江工业学院,306,,,,443,106877,443.174098094
1552,黑龙江工业学院,307,,,,458,97505,458.183094058
1553,黑龙江东方学院,301,,,,402,128948,402.169103079
1553,黑龙江东方学院,302,,,,401,129364,401.178102072
1555,哈尔滨信息工程学院,301,,,,418,121181,418.197103068
1555,哈尔滨信息工程学院,302,,,,403,128503,403.145083086
1556,黑龙江工程学院,301,,,,484,79965,484.185094087
1556,黑龙江工程学院,302,,,,438,109920,438.178092063
1556,黑龙江工程学院,303,,,,463,94291,463.175097085
1558,哈尔滨建筑科技职业大学,301,,,,444,106286,444.176094077
1563,黑龙江农业工程职业技术大学,301,,,,445,105659,445.191100086
1566,齐齐哈尔工程学院,301,,,,,,
1566,齐齐哈尔工程学院,302,,,,409,125656,409.178105043
1566,齐齐哈尔工程学院,303,,,,402,128948,402.175101067
1566,齐齐哈尔工程学院,304,,,,406,127067,406.149083079
1566,齐齐哈尔工程学院,305,,,,402,128948,402.155106096
1571,哈尔滨职业技术大学,301,,,,460,96266,460.174096120
1572,黑龙江外国语学院,301,,,,414,123211,414.188094090
1572,黑龙江外国语学院,302,,,,404,128007,404.156097077
1573,黑龙江财经学院,301,,,,411,124695,411.178109069
1573,黑龙江财经学院,302,,,,403,128503,403.165101081
1574,哈尔滨石油学院,301,,,,401,129364,401.171096060
1576,哈尔滨远东理工学院,301,,,,401,129364,401.167097087
1578,哈尔滨剑桥学院,301,,,,449,103240,449.171096111
1578,哈尔滨剑桥学院,302,,,,406,127067,406.171091079
1579,黑龙江工程学院昆仑旅游学院,301,,,,404,128007,404.157091066
1579,黑龙江工程学院昆仑旅游学院,302,,,,402,128948,402.181098074
1580,哈尔滨广厦学院,301,,,,408,126113,408.149099085
1580,哈尔滨广厦学院,302,,,,404,128007,404.156099097
1581,哈尔滨华德学院,301,,,,,,
1581,哈尔滨华德学院,302,,,,401,129364,401.161092069
1589,黑河学院,301,,,,445,105659,445.197108074
1589,黑河学院,302,,,,448,103863,448.196102088
1589,黑河学院,303,,,,458,97505,458.180107075
1610,复旦大学,301,,,,673,369,673.249129132
1610,复旦大学,302,国家专项计划组,,,659,1109,659.260131133
1611,同济大学,301,,,,653,1610,653.254132134
1611,同济大学,302,,,,646,2426,646.251128139
1611,同济大学,303,合作办学组,,,648,2162,648.245125141
1611,同济大学,304,高校专项计划组,,,620,7776,620.240121128
1611,同济大学,305,国家专项计划组,,,624,6686,624.238121124
1612,上海交通大学,301,,,,684,95,684.268137136
1612,上海交通大学,302,,,,675,300,675.256129140
1612,上海交通大学,303,合作办学组,,,664,786,664.255130137
1612,上海交通大学,304,国家专项计划组,,,653,1610,653.247132129
1613,华东理工大学,301,,,,609,11116,609.251130123
1613,华东理工大学,302,,,,629,5506,629.242126127
1613,华东理工大学,303,,,,618,8312,618.234120128
1613,华东理工大学,304,,,,623,6940,623.247125128
1613,华东理工大学,305,高校专项计划组,,,623,6940,623.228121137
1613,华东理工大学,306,高校专项计划组,,,606,12157,606.226118120
1613,华东理工大学,307,国家专项计划组,,,596,15928,596.236122129
1613,华东理工大学,308,国家专项计划组,,,618,8312,618.233118124
1613,华东理工大学,309,国家专项计划组,,,613,9773,613.241121129
1614,上海理工大学,301,,,,597,15557,597.234124118
1614,上海理工大学,302,国家专项计划组,,,609,11116,609.231125115
1615,上海海事大学,302,,,,574,25620,574.222117120
1616,东华大学,301,,,,606,12157,606.237121118
1616,东华大学,302,高校专项计划组,,,582,21818,582.235121120
1616,东华大学,303,国家专项计划组,,,587,19640,587.225117112
1617,上海电力大学,301,,,,600,14366,600.236121117
1617,上海电力大学,302,,,,589,18768,589.231123110
1617,上海电力大学,303,国家专项计划组,,,590,18344,590.223114131
1618,上海应用技术大学,301,,,,544,41495,544.220112123
1618,上海应用技术大学,302,,,,584,20919,584.232120138
1618,上海应用技术大学,303,,,,562,31551,562.223113112
1618,上海应用技术大学,304,,,,528,50905,528.208106093
1619,上海健康医学院,301,,,,518,57296,518.212112103
1620,上海海洋大学,301,,,,558,33708,558.214107093
1620,上海海洋大学,302,,,,592,17526,592.238123119
1621,上海中医药大学,301,,,,624,6686,624.225114137
1621,上海中医药大学,302,,,,598,15183,598.230121127
1621,上海中医药大学,303,,,,619,8038,619.239120127
1621,上海中医药大学,304,,,,596,15928,596.230121125
1621,上海中医药大学,305,,,,579,23209,579.218115130
1622,华东师范大学,303,,,,644,2712,644.249125131
1622,华东师范大学,304,高校专项计划组,,,603,13232,603.232118122
1623,上海师范大学,301,,,,543,42036,543.230117113
1623,上海师范大学,302,,,,559,33157,559.217112112
1624,上海外国语大学,302,,,,615,9170,615.243126132
1624,上海外国语大学,303,高校专项计划组,,,602,13604,602.236120128
1625,上海财经大学,301,,,,622,7204,622.241125131
1625,上海财经大学,302,,,,633,4657,633.234119129
1625,上海财经大学,303,高校专项计划组,,,620,7776,620.241121140
1625,上海财经大学,304,国家专项计划组,,,600,14366,600.237126125
1626,上海对外经贸大学,301,,,,571,27047,571.218118119
1626,上海对外经贸大学,302,,,,591,17922,591.230118130
1627,上海海关学院,302,,,,601,13988,601.234119123
1629,华东政法大学,301,,,,599,14785,599.255130116
1630,上海体育大学,301,,,,552,36980,552.214108123
1630,上海体育大学,302,,,,578,23639,578.214118126
1630,上海体育大学,303,,,,566,29615,566.232116106
1630,上海体育大学,304,,,,569,28037,569.218112114
1630,上海体育大学,305,,,,540,43706,540.220116115
1630,上海体育大学,306,,,,552,36980,552.220126130
1630,上海体育大学,307,,,,550,38107,550.223121116
1630,上海体育大学,308,合作办学组,,,507,64331,507.206105126
1633,上海大学,301,,,,612,10095,612.237119127
1633,上海大学,302,合作办学组,,,589,18768,589.225118121
1633,上海大学,303,,,,624,6686,624.224115131
1633,上海大学,304,,,,619,8038,619.241133118
1637,上海工程技术大学,301,,,,534,47263,534.232126103
1637,上海工程技术大学,302,,,,552,36980,552.219110095
1638,上海立信会计金融学院,301,,,,552,36980,552.218114128
1638,上海立信会计金融学院,302,,,,550,38107,550.216124106
1638,上海立信会计金融学院,303,,,,554,35858,554.215112125
1639,上海电机学院,301,,,,527,51540,527.211111112
1639,上海电机学院,302,,,,549,38659,549.222116117
1639,上海电机学院,303,合作办学组,,,536,46089,536.183115128
1641,上海杉达学院,301,,,,423,118552,423.153099098
1641,上海杉达学院,302,合作办学组,,,438,109920,438.156084111
1641,上海杉达学院,303,,,,403,128503,403.182095074
1642,上海政法学院,301,,,,560,32630,560.224115119
1643,上海第二工业大学,301,,,,529,50310,529.201104103
1643,上海第二工业大学,302,,,,552,36980,552.230120081
1643,上海第二工业大学,303,,,,523,54122,523.193099108
1643,上海第二工业大学,304,,,,545,40943,545.213117127
1644,上海商学院,301,,,,520,56002,520.197111122
1644,上海商学院,302,,,,522,54717,522.215109081
1654,上海立达学院,301,,,,403,128503,403.162096078
1654,上海立达学院,302,,,,416,122226,416.167098073
1657,上海建桥学院,301,,,,406,127067,406.167102086
1657,上海建桥学院,302,,,,402,128948,402.149091072
1657,上海建桥学院,303,合作办学组,,,410,125186,410.153092111
1657,上海建桥学院,304,,,,,,
1663,上海中侨职业技术大学,301,,,,409,125656,409.161088098
1665,上海外国语大学贤达经济人文学院,301,,,,407,126607,407.146084114
1665,上海外国语大学贤达经济人文学院,302,,,,419,120637,419.180101080
1667,上海师范大学天华学院,301,,,,403,128503,403.181095098
1667,上海师范大学天华学院,302,,,,409,125656,409.167104074
1667,上海师范大学天华学院,303,,,,401,129364,401.153093079
1667,上海师范大学天华学院,304,,,,419,120637,419.168088105
1678,复旦大学医学院,301,,,,675,300,675.264132137
1678,复旦大学医学院,302,,,,659,1109,659.249130135
1678,复旦大学医学院,303,,,,611,10413,611.228117129
1678,复旦大学医学院,304,国家专项计划组,,,610,10758,610.240122126
1679,上海交通大学医学院,301,,,,677,232,677.254128139
1679,上海交通大学医学院,302,,,,649,2013,649.258131130
1679,上海交通大学医学院,303,,,,614,9470,614.250125128
1679,上海交通大学医学院,304,高校专项计划组,,,642,3022,642.256132139
1679,上海交通大学医学院,305,国家专项计划组,,,641,3175,641.242130127
1681,南京大学,301,,,,669,530,669.255131141
1681,南京大学,302,合作办学组,,,646,2426,646.248124142
1681,南京大学,303,高校专项计划组,,,644,2712,644.247128128
1681,南京大学,304,国家专项计划组,,,643,2855,643.249133130
1682,苏州大学,301,,,,615,9170,615.246131128
1682,苏州大学,302,,,,626,6196,626.244125129
1682,苏州大学,303,,,,622,7204,622.245123132
1682,苏州大学,304,,,,608,11475,608.234124121
1682,苏州大学,305,,,,619,8038,619.232122129
1682,苏州大学,306,高校专项计划组,,,606,12157,606.227119118
1683,东南大学,301,,,,669,530,669.254127140
1683,东南大学,302,,,,659,1109,659.256135129
1683,东南大学,304,高校专项计划组,,,627,5983,627.241121135
1683,东南大学,305,国家专项计划组,,,639,3489,639.247125126
1684,东南大学,303,,,,634,4450,634.254131129
1685,南京航空航天大学,301,,,,649,2013,649.255132131
1685,南京航空航天大学,302,,,,645,2558,645.249130136
1685,南京航空航天大学,303,,,,633,4657,633.254133127
1685,南京航空航天大学,304,合作办学组,,,613,9773,613.237127136
1685,南京航空航天大学,305,高校专项计划组,,,624,6686,624.242126131
1685,南京航空航天大学,306,国家专项计划组,,,629,5506,629.244122130
1686,南京理工大学,301,,,,640,3332,640.242122134
1686,南京理工大学,302,,,,631,5085,631.248125125
1686,南京理工大学,303,,,,632,4875,632.249130126
1686,南京理工大学,304,合作办学组,,,611,10413,611.233117128
1686,南京理工大学,305,高校专项计划组,,,617,8598,617.241122130
1687,江苏科技大学,301,,,,540,43706,540.214109104
1687,江苏科技大学,302,,,,536,46089,536.213109118
1688,中国矿业大学,301,,,,593,17125,593.232118122
1688,中国矿业大学,302,,,,606,12157,606.230119110
1688,中国矿业大学,303,,,,616,8877,616.234119136
1688,中国矿业大学,304,合作办学组,,,557,34225,557.209116110
1688,中国矿业大学,305,合作办学组,,,570,27506,570.230121120
1688,中国矿业大学,306,高校专项计划组,,,574,25620,574.215112132
1688,中国矿业大学,307,国家专项计划组,,,571,27047,571.212108128
1689,南京工业大学,301,,,,582,21818,582.226121125
1689,南京工业大学,302,,,,565,30102,565.216112121
1689,南京工业大学,303,国家专项计划组,,,544,41495,544.225113116
1690,常州大学,301,,,,539,44321,539.228124108
1691,南京邮电大学,301,,,,618,8312,618.237122129
1692,河海大学,301,,,,603,13232,603.215120129
1692,河海大学,302,,,,617,8598,617.241124134
1692,河海大学,303,国家专项计划组,,,600,14366,600.225113126
1693,江南大学,301,合作办学组,,,573,26096,573.227121111
1693,江南大学,302,合作办学组,,,592,17526,592.233118121
1693,江南大学,303,,,,628,5741,628.244128121
1693,江南大学,304,,,,622,7204,622.229115140
1693,江南大学,305,,,,620,7776,620.249125128
1693,江南大学,306,,,,610,10758,610.247124126
1693,江南大学,307,,,,608,11475,608.240122126
1693,江南大学,308,,,,628,5741,628.233121133
1693,江南大学,309,,,,624,6686,624.249132128
1693,江南大学,310,,,,626,6196,626.250127126
1693,江南大学,311,,,,630,5284,630.241126136
1693,江南大学,312,,,,626,6196,626.236122130
1693,江南大学,313,,,,614,9470,614.237126122
1693,江南大学,314,,,,620,7776,620.245128116
1693,江南大学,315,,,,628,5741,628.237121127
1693,江南大学,316,,,,625,6443,625.229121134
1693,江南大学,317,,,,620,7776,620.234123125
1693,江南大学,318,,,,625,6443,625.238126127
1693,江南大学,319,,,,596,15928,596.238121128
1693,江南大学,320,高校专项计划组,,,587,19640,587.230118118
1693,江南大学,321,国家专项计划组,,,577,24149,577.232117098
1694,南京林业大学,301,,,,566,29615,566.224117107
1694,南京林业大学,302,,,,574,25620,574.231118113
1694,南京林业大学,303,,,,582,21818,582.235125129
1694,南京林业大学,304,国家专项计划组,,,544,41495,544.207110127
1695,江苏大学,301,,,,577,24149,577.226120104
1695,江苏大学,302,,,,531,49079,531.200115124
1696,南京信息工程大学,301,,,,580,22748,580.230121117
1698,南通大学,301,,,,531,49079,531.204102092
1698,南通大学,302,,,,531,49079,531.221116121
1698,南通大学,303,,,,540,43706,540.219118113
1700,南京农业大学,301,,,,582,21818,582.220124120
1700,南京农业大学,302,,,,579,23209,579.225121126
1700,南京农业大学,303,合作办学组,,,569,28037,569.219112117
1700,南京农业大学,304,高校专项计划组,,,581,22295,581.222115121
1700,南京农业大学,305,国家专项计划组,,,567,29088,567.221116112
1702,徐州医科大学,301,,,,598,15183,598.238120124
1703,南京中医药大学,301,,,,614,9470,614.230116138
1703,南京中医药大学,302,,,,604,12897,604.230119125
1703,南京中医药大学,303,,,,579,23209,579.230118114
1704,中国药科大学,301,,,,642,3022,642.249129132
1704,中国药科大学,302,,,,605,12554,605.232122127
1704,中国药科大学,303,,,,615,9170,615.245123126
1704,中国药科大学,304,合作办学组,,,602,13604,602.229118122
1704,中国药科大学,305,高校专项计划组,,,606,12157,606.234125117
1704,中国药科大学,306,国家专项计划组,,,599,14785,599.233122132
1705,南京师范大学,301,,,,614,9470,614.237122124
1706,江苏师范大学,301,,,,523,54122,523.197102124
1706,江苏师范大学,302,,,,549,38659,549.209109110
1707,淮阴师范学院,301,,,,491,75208,491.207109078
1707,淮阴师范学院,302,,,,504,66355,504.194100111
1708,盐城师范学院,301,,,,489,76544,489.193105120
1708,盐城师范学院,302,,,,518,57296,518.221118077
1709,南京财经大学,301,,,,566,29615,566.222124122
1709,南京财经大学,302,,,,575,25157,575.218117117
1713,苏州科技大学,301,,,,552,36980,552.225122094
1713,苏州科技大学,302,合作办学组,,,522,54717,522.215109110
1713,苏州科技大学,303,,,,551,37532,551.214113112
1713,苏州科技大学,304,合作办学组,,,563,31069,563.230115117
1717,江苏建筑职业技术大学,301,,,,457,98150,457.192102096
1718,南京工业职业技术大学,301,,,,525,52839,525.225118115
1721,金陵科技学院,301,,,,514,59845,514.208115118
1721,金陵科技学院,302,,,,516,58515,516.208108096
1722,淮安大学,301,,,,499,69661,499.213114118
1722,淮安大学,302,,,,499,69661,499.201115124
1726,徐州工程学院,301,,,,532,48423,532.209114099
1726,徐州工程学院,302,,,,592,17526,592.231123134
1726,徐州工程学院,303,,,,556,34745,556.220110107
1728,常州工学院,301,,,,540,43706,540.218116113
1729,扬州大学,301,,,,537,45512,537.207107095
1729,扬州大学,302,,,,544,41495,544.226121122
1729,扬州大学,303,,,,575,25157,575.228119123
1730,三江学院,301,,,,404,128007,404.173102081
1730,三江学院,302,,,,405,127543,405.166088070
1730,三江学院,303,,,,403,128503,403.163090050
1731,南京工程学院,301,,,,545,40943,545.220114104
1732,南京审计大学,301,,,,582,21818,582.214110125
1732,南京审计大学,302,,,,596,15928,596.232126132
1734,南京晓庄学院,301,,,,537,45512,537.205115120
1736,江苏理工学院,301,,,,536,46089,536.214110116
1739,江苏海洋大学,301,,,,526,52177,526.194109117
1739,江苏海洋大学,302,,,,536,46089,536.205107116
1741,泰州学院,301,,,,506,65003,506.199111120
1743,南京特殊教育师范学院,301,,,,491,75208,491.203106118
1743,南京特殊教育师范学院,302,,,,505,65683,505.193111116
1745,南通理工学院,301,,,,401,129364,401.167093073
1760,东南大学成贤学院,301,,,,446,105066,446.196114108
1760,东南大学成贤学院,302,,,,442,107497,442.164083062
1790,无锡太湖学院,301,,,,409,125656,409.134093104
1790,无锡太湖学院,302,,,,403,128503,403.164108080
1790,无锡太湖学院,303,,,,404,128007,404.170102096
1791,中国矿业大学徐海学院,301,,,,440,108709,440.191110105
1791,中国矿业大学徐海学院,302,,,,429,115171,429.196098029
1791,中国矿业大学徐海学院,303,,,,439,109313,439.176108074
1792,南京理工大学紫金学院,301,,,,461,95622,461.181101110
1792,南京理工大学紫金学院,302,,,,480,82762,480.167112123
1792,南京理工大学紫金学院,303,,,,469,90283,469.193119095
1793,南京航空航天大学金城学院,301,,,,436,111130,436.167094106
1793,南京航空航天大学金城学院,302,,,,436,111130,436.168109105
1793,南京航空航天大学金城学院,303,,,,468,90939,468.187117112
1793,南京航空航天大学金城学院,304,,,,446,105066,446.191102078
1793,南京航空航天大学金城学院,305,,,,453,100719,453.186101092
1794,南京传媒学院,301,,,,412,124211,412.209114064
1794,南京传媒学院,302,,,,431,114034,431.164088105
1802,南京理工大学泰州科技学院,301,,,,408,126113,408.142090103
1803,南京师范大学泰州学院,301,,,,428,115778,428.178098065
1804,南京工业大学浦江学院,301,,,,421,119606,421.148084105
1804,南京工业大学浦江学院,302,,,,448,103863,448.182111101
1804,南京工业大学浦江学院,303,,,,444,106286,444.175111090
1804,南京工业大学浦江学院,304,,,,419,120637,419.170100101
1805,南京师范大学中北学院,301,,,,419,120637,419.174098078
1805,南京师范大学中北学院,302,,,,424,117985,424.160099090
1809,南京医科大学康达学院,301,,,,493,73817,493.199110111
1809,南京医科大学康达学院,302,,,,425,117444,425.173097112
1809,南京医科大学康达学院,303,,,,465,92942,465.183097110
1811,无锡学院,301,,,,518,57296,518.214115109
1811,无锡学院,302,,,,550,38107,550.217116085
1812,苏州城市学院,301,,,,544,41495,544.235126088
1812,苏州城市学院,302,,,,548,39243,548.218111097
1813,苏州大学应用技术学院,301,,,,448,103863,448.193105078
1814,苏州科技大学天平学院,301,,,,453,100719,453.177101109
1815,江苏大学京江学院,301,,,,437,110501,437.168087079
1815,江苏大学京江学院,302,,,,452,101363,452.168108106
1816,扬州大学广陵学院,301,,,,442,107497,442.166100110
1816,扬州大学广陵学院,302,,,,429,115171,429.166096091
1817,江苏师范大学科文学院,301,,,,425,117444,425.174096093
1817,江苏师范大学科文学院,302,,,,434,112335,434.166101122
1817,江苏师范大学科文学院,303,,,,437,110501,437.177102093
1817,江苏师范大学科文学院,304,,,,434,112335,434.167086093
1817,江苏师范大学科文学院,305,,,,433,112913,433.168102100
1817,江苏师范大学科文学院,306,,,,418,121181,418.159095063
1818,南京邮电大学通达学院,301,,,,447,104455,447.180101097
1819,南京财经大学红山学院,301,,,,433,112913,433.183096091
1819,南京财经大学红山学院,302,,,,437,110501,437.169104104
1820,江苏科技大学苏州理工学院,301,,,,423,118552,423.183093070
1820,江苏科技大学苏州理工学院,302,,,,438,109920,438.165083072
1821,常州大学怀德学院,301,,,,423,118552,423.175115092
1822,南通大学杏林学院,301,,,,409,125656,409.190104059
1822,南通大学杏林学院,302,,,,409,125656,409.175092075
1823,南京审计大学金审学院,301,,,,461,95622,461.176094098
1823,南京审计大学金审学院,302,,,,444,106286,444.188100100
1825,宿迁学院,301,,,,504,66355,504.195110127
1825,宿迁学院,302,,,,513,60466,513.207119128
1825,宿迁学院,303,,,,463,94291,463.175112110
1855,西交利物浦大学,301,合作办学组,,,565,30102,565.233122117
1855,西交利物浦大学,302,合作办学组,,,574,25620,574.224118118
1857,中国人民大学(苏州校区),301,合作办学组,,,623,6940,623.237122130
1857,中国人民大学(苏州校区),302,,,,661,976,661.258138125
1857,中国人民大学(苏州校区),303,合作办学组,,,632,4875,632.248129132
1860,浙江大学,301,,,,674,333,674.252127140
1860,浙江大学,302,高校专项计划组,,,665,732,665.253132142
1860,浙江大学,303,国家专项计划组,,,642,3022,642.245123132
1860,浙江大学,304,国家专项计划组,,,655,1430,655.240122133
1861,杭州电子科技大学,301,,,,601,13988,601.227116115
1861,杭州电子科技大学,302,,,,594,16722,594.232119113
1861,杭州电子科技大学,303,,,,614,9470,614.235120135
1861,杭州电子科技大学,304,国家专项计划组,,,552,36980,552.228120120
1862,浙江工业大学,301,,,,581,22295,581.216108130
1862,浙江工业大学,302,,,,568,28579,568.240123104
1862,浙江工业大学,303,,,,600,14366,600.236118135
1863,浙江理工大学,301,,,,580,22748,580.217117120
1863,浙江理工大学,302,,,,565,30102,565.228116108
1864,浙江海洋大学,302,,,,539,44321,539.205109129
1864,浙江海洋大学,303,,,,531,49079,531.201105118
1864,浙江海洋大学,304,,,,509,63028,509.217113092
1865,浙江农林大学,301,,,,544,41495,544.200115119
1865,浙江农林大学,302,,,,535,46695,535.205112117
1867,浙江中医药大学,301,,,,591,17922,591.235122122
1867,浙江中医药大学,302,,,,560,32630,560.228118133
1867,浙江中医药大学,303,,,,552,36980,552.214122122
1867,浙江中医药大学,304,,,,571,27047,571.233120119
1867,浙江中医药大学,305,,,,542,42561,542.206118122
1867,浙江中医药大学,306,合作办学组,,,542,42561,542.211109110
1868,浙江师范大学,301,,,,575,25157,575.229116128
1868,浙江师范大学,302,,,,568,28579,568.233118105
1869,杭州师范大学,301,,,,540,43706,540.224118130
1869,杭州师范大学,302,,,,533,47848,533.217115097
1869,杭州师范大学,303,,,,517,57920,517.201105118
1870,湖州师范大学,301,,,,512,61078,512.217121100
1870,湖州师范大学,302,,,,522,54717,522.212106107
1870,湖州师范大学,303,,,,503,67037,503.214111106
1871,绍兴大学,301,,,,521,55350,521.223117117
1872,台州学院,301,,,,496,71691,496.190102088
1872,台州学院,302,合作办学组,,,,,
1873,温州大学,301,,,,543,42036,543.223113093
1873,温州大学,302,,,,531,49079,531.210106114
1873,温州大学,303,合作办学组,,,520,56002,520.193097119
1874,丽水学院,301,,,,527,51540,527.200115104
1874,丽水学院,302,,,,495,72384,495.189110116
1875,浙江工商大学,301,,,,574,25620,574.238127125
1875,浙江工商大学,302,,,,573,26096,573.226121115
1876,嘉兴大学,301,,,,530,49685,530.211121130
1876,嘉兴大学,302,,,,522,54717,522.209107114
1878,中国计量大学,301,,,,577,24149,577.224116111
1878,中国计量大学,302,,,,579,23209,579.235122112
1881,浙江万里学院,301,,,,488,77244,488.181093085
1881,浙江万里学院,302,,,,513,60466,513.207106108
1882,浙江科技大学,301,,,,542,42561,542.216110114
1882,浙江科技大学,302,合作办学组,,,473,87550,473.200102106
1883,宁波工程学院,301,,,,524,53482,524.210106108
1883,宁波工程学院,302,,,,536,46089,536.221114102
1883,宁波工程学院,303,,,,538,44898,538.230116101
1883,宁波工程学院,304,合作办学组,,,512,61078,512.193107104
1884,浙江水利水电学院,301,,,,528,50905,528.206115107
1884,浙江水利水电学院,302,,,,539,44321,539.203107111
1884,浙江水利水电学院,303,,,,530,49685,530.215108105
1885,浙江财经大学,301,,,,569,28037,569.208117136
1885,浙江财经大学,302,,,,569,28037,569.218122131
1885,浙江财经大学,303,,,,588,19218,588.244125113
1887,衢州学院,301,,,,504,66355,504.209108097
1888,宁波大学,301,,,,570,27506,570.222111127
1888,宁波大学,302,,,,518,57296,518.214116101
1889,浙江传媒学院,301,,,,529,50310,529.196110127
1889,浙江传媒学院,302,,,,546,40364,546.207117125
1889,浙江传媒学院,303,,,,541,43132,541.212109117
1889,浙江传媒学院,304,,,,516,58515,516.221117105
1889,浙江传媒学院,305,合作办学组,,,538,44898,538.219121120
1890,浙江树人学院,301,,,,435,111714,435.191106089
1899,浙江越秀外国语学院,301,,,,401,129364,401.161114071
1899,浙江越秀外国语学院,302,,,,401,129364,401.145092089
1899,浙江越秀外国语学院,303,,,,402,128948,402.166092079
1917,宁波财经学院,301,,,,402,128948,402.169085098
1917,宁波财经学院,302,,,,418,121181,418.162100070
1922,杭州医学院,301,,,,518,57296,518.205106120
1922,杭州医学院,302,,,,513,60466,513.206105115
1929,浙江工业大学之江学院,301,,,,434,112335,434.183100093
1929,浙江工业大学之江学院,302,,,,440,108709,440.183101076
1930,浙江师范大学行知学院,301,,,,443,106877,443.172095089
1930,浙江师范大学行知学院,302,,,,449,103240,449.184099078
1930,浙江师范大学行知学院,303,,,,419,120637,419.177105042
1930,浙江师范大学行知学院,304,,,,441,108122,441.168100117
1931,宁波大学科学技术学院,301,,,,425,117444,425.171098083
1931,宁波大学科学技术学院,302,,,,441,108122,441.161102126
1931,宁波大学科学技术学院,303,,,,422,119091,422.153100080
1932,杭州电子科技大学信息工程学院,301,,,,490,75871,490.189112110
1934,浙江农林大学暨阳学院,301,,,,437,110501,437.170108098
1934,浙江农林大学暨阳学院,302,,,,426,116902,426.200103079
1934,浙江农林大学暨阳学院,303,,,,416,122226,416.193119066
1935,温州医科大学仁济学院,301,,,,471,88879,471.167089102
1935,温州医科大学仁济学院,302,,,,440,108709,440.152089088
1938,湖州学院,301,,,,536,46089,536.199107125
1939,绍兴理工学院,301,,,,525,52839,525.208109113
1940,温州理工学院,301,,,,513,60466,513.188095109
1941,浙江工商大学杭州商学院,301,,,,427,116331,427.167117090
1941,浙江工商大学杭州商学院,302,,,,427,116331,427.182100071
1942,嘉兴南湖学院,301,,,,515,59190,515.205103089
1942,嘉兴南湖学院,302,,,,519,56662,519.194104115
1943,中国计量大学现代科技学院,301,,,,429,115171,429.159086087
1943,中国计量大学现代科技学院,302,,,,441,108122,441.198101051
1943,中国计量大学现代科技学院,303,,,,439,109313,439.180103102
1944,浙江财经大学东方学院,301,,,,416,122226,416.181103086
1944,浙江财经大学东方学院,302,,,,437,110501,437.190096070
1955,上海财经大学浙江学院,301,,,,453,100719,453.184120079
1955,上海财经大学浙江学院,302,,,,447,104455,447.190108086
1957,浙江外国语学院,301,,,,522,54717,522.208124107
1957,浙江外国语学院,302,,,,543,42036,543.212116135
1957,浙江外国语学院,303,,,,550,38107,550.223121109
1967,宁波诺丁汉大学,301,合作办学组,,,583,21361,583.220116128
1967,宁波诺丁汉大学,302,合作办学组,,,567,29088,567.224121118
1968,温州肯恩大学,301,合作办学组,,,549,38659,549.220114116
1968,温州肯恩大学,302,合作办学组,,,546,40364,546.216115122
1970,浙江大学医学院,301,,,,644,2712,644.250139128
1970,浙江大学医学院,302,国家专项计划组,,,627,5983,627.252127121
1972,安徽大学,301,,,,585,20496,585.212108127
1972,安徽大学,302,,,,603,13232,603.241124135
1972,安徽大学,303,合作办学组,,,561,32100,561.206103122
1973,中国科学技术大学,301,,,,671,442,671.258131134
1973,中国科学技术大学,302,国家专项计划组,,,651,1795,651.250127141
1974,合肥工业大学,301,,,,593,17125,593.246126120
1974,合肥工业大学,302,合作办学组,,,562,31551,562.209105101
1974,合肥工业大学,303,,,,620,7776,620.234126121
1974,合肥工业大学,304,,,,619,8038,619.248125128
1974,合肥工业大学,305,高校专项计划组,,,580,22748,580.231125100
1974,合肥工业大学,306,国家专项计划组,,,575,25157,575.219115121
1975,安徽工业大学,301,,,,518,57296,518.209121119
1976,安徽理工大学,301,,,,515,59190,515.209110102
1976,安徽理工大学,302,,,,523,54122,523.208114111
1976,安徽理工大学,303,,,,529,50310,529.214121115
1977,安徽工程大学,301,,,,515,59190,515.206115112
1977,安徽工程大学,302,,,,527,51540,527.200100115
1978,安徽农业大学,301,,,,521,55350,521.201103112
1978,安徽农业大学,302,,,,518,57296,518.206112111
1978,安徽农业大学,303,,,,515,59190,515.204107118
1979,安徽医科大学,301,,,,464,93632,464.186104108
1979,安徽医科大学,302,,,,535,46695,535.232122084
1984,阜阳师范大学,301,,,,477,84836,477.205105081
1984,阜阳师范大学,302,,,,494,73086,494.192101087
1985,安庆师范大学,301,,,,488,77244,488.199109091
1986,淮北师范大学,301,,,,459,96873,459.180114093
1986,淮北师范大学,302,,,,539,44321,539.205109115
1986,淮北师范大学,303,,,,497,71044,497.197103089
1987,黄山学院,301,,,,463,94291,463.189095075
1987,黄山学院,302,,,,508,63699,508.202107078
1989,滁州学院,301,,,,523,54122,523.226118109
1990,安徽财经大学,301,,,,526,52177,526.211106126
1990,安徽财经大学,302,,,,560,32630,560.206106130
1991,宿州学院,301,,,,474,86902,474.186103085
1993,淮南师范学院,301,,,,475,86200,475.178105122
1993,淮南师范学院,302,,,,485,79287,485.191098119
1993,淮南师范学院,303,,,,477,84836,477.183095103
1993,淮南师范学院,304,,,,474,86902,474.195113102
1996,安徽建筑大学,301,,,,508,63699,508.206117123
1996,安徽建筑大学,302,,,,507,64331,507.187104124
1996,安徽建筑大学,303,,,,548,39243,548.204110109
1997,安徽科技工程大学,301,,,,494,73086,494.192116121
1997,安徽科技工程大学,302,,,,489,76544,489.202111113
1997,安徽科技工程大学,303,,,,484,79965,484.195102093
2002,蚌埠学院,301,,,,471,88879,471.200101083
2006,亳州学院,301,,,,457,98150,457.185112114
2006,亳州学院,302,,,,472,88227,472.183107118
2006,亳州学院,303,,,,464,93632,464.197101094
2046,安徽信息工程学院,301,,,,425,117444,425.170107097
2048,合肥城市学院,301,,,,404,128007,404.177106080
2048,合肥城市学院,302,,,,404,128007,404.167105090
2052,阜阳理工学院,301,,,,424,117985,424.168093068
2065,合肥师范学院,301,,,,501,68329,501.203119121
2065,合肥师范学院,302,,,,528,50905,528.217114101
2065,合肥师范学院,303,,,,520,56002,520.214109113
2073,皖江工学院,301,,,,406,127067,406.163095080
2098,合肥工业大学(宣城校区),301,,,,584,20919,584.228115122
2098,合肥工业大学(宣城校区),302,,,,605,12554,605.232123131
2098,合肥工业大学(宣城校区),303,高校专项计划组,,,576,24660,576.226114127
2100,厦门大学,301,,,,628,5741,628.251130118
2100,厦门大学,302,,,,641,3175,641.238121131
2100,厦门大学,303,高校专项计划组,,,617,8598,617.244123108
2100,厦门大学,304,国家专项计划组,,,617,8598,617.224119138
2101,厦门大学(马来西亚分校),305,,,,613,9773,613.245125129
2102,华侨大学,301,,,,531,49079,531.220110108
2102,华侨大学,302,,,,530,49685,530.202110083
2102,华侨大学,303,,,,549,38659,549.214111127
2102,华侨大学,304,,,,570,27506,570.213115129
2102,华侨大学,305,国家专项计划组,,,518,57296,518.203106118
2102,华侨大学,306,国家专项计划组,,,509,63028,509.216117098
2103,福州大学,301,合作办学组,,,576,24660,576.215112106
2103,福州大学,302,,,,608,11475,608.236119118
2103,福州大学,303,,,,623,6940,623.244124130
2103,福州大学,304,,,,604,12897,604.237125113
2103,福州大学,305,合作办学组,,,617,8598,617.236120136
2103,福州大学,306,合作办学组,,,595,16316,595.236119127
2104,福建理工大学,301,,,,510,62391,510.212106109
2104,福建理工大学,302,,,,525,52839,525.213107093
2104,福建理工大学,303,,,,521,55350,521.222123117
2104,福建理工大学,304,,,,540,43706,540.199112116
2104,福建理工大学,305,合作办学组,,,493,73817,493.180103113
2105,福建农林大学,301,,,,446,105066,446.189100095
2105,福建农林大学,302,,,,493,73817,493.198102098
2106,集美大学,303,,,,540,43706,540.228121095
2106,集美大学,304,,,,583,21361,583.230116112
2106,集美大学,305,,,,581,22295,581.233121109
2106,集美大学,306,,,,544,41495,544.209114106
2106,集美大学,307,,,,544,41495,544.211110122
2106,集美大学,308,,,,558,33708,558.236120123
2107,福建医科大学,301,,,,582,21818,582.227117106
2107,福建医科大学,302,,,,573,26096,573.224115124
2107,福建医科大学,303,,,,532,48423,532.194106128
2107,福建医科大学,304,,,,529,50310,529.219111108
2108,福建中医药大学,301,,,,548,39243,548.208108122
2108,福建中医药大学,302,,,,572,26560,572.214112133
2108,福建中医药大学,303,,,,536,46089,536.219114096
2108,福建中医药大学,304,,,,514,59845,514.210118062
2108,福建中医药大学,305,合作办学组,,,531,49079,531.211110113
2108,福建中医药大学,306,,,,552,36980,552.216111112
2108,福建中医药大学,307,,,,528,50905,528.227124125
2109,福建师范大学,301,,,,555,35325,555.218116092
2109,福建师范大学,302,,,,533,47848,533.195098092
2110,闽江大学,301,,,,515,59190,515.210108108
2110,闽江大学,302,,,,519,56662,519.206112110
2110,闽江大学,303,,,,544,41495,544.215111132
2110,闽江大学,304,,,,520,56002,520.209107115
2111,武夷学院,301,,,,455,99475,455.171102095
2111,武夷学院,302,,,,465,92942,465.171091083
2112,宁德师范学院,301,,,,439,109313,439.169098093
2112,宁德师范学院,302,,,,502,67689,502.223116093
2112,宁德师范学院,303,,,,491,75208,491.188114099
2113,泉州师范学院,301,,,,481,82062,481.199109114
2113,泉州师范学院,302,,,,485,79287,485.214117099
2113,泉州师范学院,303,,,,486,78583,486.195101106
2113,泉州师范学院,304,,,,481,82062,481.191101099
2114,闽南师范大学,301,,,,511,61740,511.203113111
2114,闽南师范大学,302,,,,513,60466,513.223118080
2114,闽南师范大学,303,,,,505,65683,505.196108121
2114,闽南师范大学,304,,,,526,52177,526.217114111
2114,闽南师范大学,305,合作办学组,,,421,119606,421.188106108
2114,闽南师范大学,306,,,,477,84836,477.190102099
2116,厦门理工学院,301,,,,516,58515,516.201109077
2116,厦门理工学院,302,,,,529,50310,529.222119117
2116,厦门理工学院,303,,,,546,40364,546.223120098
2116,厦门理工学院,304,合作办学组,,,524,53482,524.224118102
2117,三明学院,301,,,,454,100090,454.202104088
2117,三明学院,302,,,,456,98826,456.177106098
2118,龙岩学院,301,,,,455,99475,455.187111109
2118,龙岩学院,302,,,,468,90939,468.189108083
2118,龙岩学院,303,,,,458,97505,458.209105054
2119,福建商学院,301,,,,499,69661,499.181099127
2119,福建商学院,302,,,,516,58515,516.207108103
2119,福建商学院,303,边防军人子女预科,,,354,,354.151097061
2124,莆田学院,301,,,,482,81351,482.220111084
2124,莆田学院,302,,,,473,87550,473.197102101
2124,莆田学院,303,,,,511,61740,511.204120111
2124,莆田学院,304,,,,486,78583,486.192107104
2127,仰恩大学,301,,,,434,112335,434.194104094
2127,仰恩大学,302,,,,432,113490,432.180109094
2134,厦门医学院,301,,,,506,65003,506.212121103
2134,厦门医学院,302,,,,531,49079,531.203114127
2134,厦门医学院,303,,,,506,65003,506.202107117
2138,厦门华厦学院,301,,,,413,123709,413.157099106
2138,厦门华厦学院,302,,,,404,128007,404.167103088
2139,闽南理工学院,301,,,,,,
2139,闽南理工学院,302,,,,,,
2143,闽南科技学院,301,,,,417,121686,417.183098085
2143,闽南科技学院,302,,,,401,129364,401.143086083
2144,福州工商学院,301,,,,401,129364,401.172096077
2145,厦门工学院,301,,,,,,
2145,厦门工学院,302,,,,403,128503,403.144091076
2146,阳光学院,301,,,,412,124211,412.146106108
2146,阳光学院,302,,,,,,
2146,阳光学院,303,,,,402,128948,402.168086080
2147,厦门大学嘉庚学院,301,,,,445,105659,445.193101089
2147,厦门大学嘉庚学院,302,,,,467,91565,467.187095074
2147,厦门大学嘉庚学院,303,,,,464,93632,464.188097100
2147,厦门大学嘉庚学院,304,,,,441,108122,441.171113088
2148,福州大学至诚学院,301,,,,426,116902,426.154102109
2148,福州大学至诚学院,302,,,,415,122733,415.165100085
2149,集美大学诚毅学院,301,,,,434,112335,434.181094070
2149,集美大学诚毅学院,302,,,,437,110501,437.175107102
2149,集美大学诚毅学院,303,,,,435,111714,435.198110082
2150,福建师范大学协和学院,301,,,,414,123211,414.173101066
2150,福建师范大学协和学院,302,,,,417,121686,417.176099097
2150,福建师范大学协和学院,303,,,,429,115171,429.161103086
2151,福州外语外贸学院,301,,,,402,128948,402.166108088
2151,福州外语外贸学院,302,,,,420,120122,420.180095071
2152,福建江夏学院,301,,,,486,78583,486.187110112
2152,福建江夏学院,302,,,,493,73817,493.214117091
2155,泉州信息工程学院,301,,,,,,
2155,泉州信息工程学院,302,,,,402,128948,402.181091070
2171,福建农林大学金山学院,301,,,,414,123211,414.164107080
2171,福建农林大学金山学院,302,,,,416,122226,416.165091094
2171,福建农林大学金山学院,303,,,,415,122733,415.177098082
2187,福建技术师范学院,301,,,,468,90939,468.181099092
2188,福建福耀科技大学,301,,,,634,4450,634.248128133
2192,南昌大学,301,,,,576,24660,576.222111120
2192,南昌大学,302,,,,606,12157,606.232125119
2192,南昌大学,303,,,,568,28579,568.223119128
2192,南昌大学,304,,,,620,7776,620.247128125
2192,南昌大学,305,,,,579,23209,579.224113122
2192,南昌大学,306,,,,590,18344,590.235120129
2192,南昌大学,307,,,,610,10758,610.232127123
2192,南昌大学,308,,,,586,20073,586.246123116
2192,南昌大学,309,合作办学组,,,569,28037,569.229124124
2192,南昌大学,310,合作办学组,,,538,44898,538.223114085
2192,南昌大学,311,合作办学组,,,576,24660,576.227115126
2192,南昌大学,312,合作办学组,,,572,26560,572.229119112
2192,南昌大学,313,合作办学组,,,584,20919,584.227119124
2192,南昌大学,314,,,,606,12157,606.239120131
2193,华东交通大学,301,,,,532,48423,532.211111127
2193,华东交通大学,302,,,,519,56662,519.215115130
2193,华东交通大学,303,合作办学组,,,540,43706,540.208112137
2193,华东交通大学,304,,,,541,43132,541.211109095
2193,华东交通大学,305,,,,555,35325,555.220121104
2193,华东交通大学,306,,,,567,29088,567.216109114
2194,东华理工大学,301,,,,531,49079,531.224113108
2194,东华理工大学,302,合作办学组,,,467,91565,467.188099093
2195,南昌航空大学,301,,,,529,50310,529.204102088
2195,南昌航空大学,302,,,,535,46695,535.205103120
2195,南昌航空大学,303,,,,568,28579,568.209106119
2195,南昌航空大学,304,,,,536,46089,536.221111110
2195,南昌航空大学,305,,,,586,20073,586.240128107
2195,南昌航空大学,306,,,,580,22748,580.223121129
2195,南昌航空大学,307,,,,579,23209,579.244127121
2195,南昌航空大学,308,,,,577,24149,577.216108124
2195,南昌航空大学,309,,,,572,26560,572.229117130
2195,南昌航空大学,310,合作办学组,,,538,44898,538.220125097
2196,江西理工大学,301,,,,511,61740,511.229116042
2196,江西理工大学,302,,,,527,51540,527.202102104
2196,江西理工大学,303,合作办学组,,,498,70354,498.213116117
2196,江西理工大学,304,,,,557,34225,557.198104119
2197,景德镇陶瓷大学,301,,,,482,81351,482.203115106
2197,景德镇陶瓷大学,302,,,,493,73817,493.207118105
2197,景德镇陶瓷大学,303,,,,516,58515,516.214113101
2197,景德镇陶瓷大学,304,,,,537,45512,537.205112124
2197,景德镇陶瓷大学,305,,,,512,61078,512.207109111
2197,景德镇陶瓷大学,306,,,,530,49685,530.221113102
2198,江西农业大学,301,,,,484,79965,484.205109079
2198,江西农业大学,302,,,,515,59190,515.207110120
2198,江西农业大学,303,,,,493,73817,493.194102103
2198,江西农业大学,304,,,,494,73086,494.222114097
2198,江西农业大学,305,,,,503,67037,503.195107096
2198,江西农业大学,306,,,,541,43132,541.227120102
2198,江西农业大学,307,,,,484,79965,484.185102108
2199,江西中医药大学,301,,,,558,33708,558.219113112
2200,赣南医科大学,301,,,,537,45512,537.213114118
2200,赣南医科大学,302,,,,487,77932,487.205108119
2201,江西师范大学,301,,,,535,46695,535.217110103
2201,江西师范大学,302,,,,537,45512,537.212111095
2201,江西师范大学,303,,,,551,37532,551.219114123
2201,江西师范大学,304,,,,446,105066,446.186097092
2201,江西师范大学,305,,,,569,28037,569.224115096
2201,江西师范大学,306,,,,545,40943,545.213107115
2201,江西师范大学,307,,,,549,38659,549.206112123
2201,江西师范大学,308,,,,555,35325,555.201111124
2201,江西师范大学,309,合作办学组,,,520,56002,520.208104114
2201,江西师范大学,310,合作办学组,,,522,54717,522.209109118
2201,江西师范大学,311,合作办学组,,,447,104455,447.168095112
2201,江西师范大学,312,,,,557,34225,557.207109116
2202,上饶师范学院,301,,,,488,77244,488.170091113
2202,上饶师范学院,302,,,,469,90283,469.195098097
2202,上饶师范学院,303,,,,463,94291,463.194108100
2202,上饶师范学院,304,,,,493,73817,493.187104103
2202,上饶师范学院,305,,,,498,70354,498.208105095
2202,上饶师范学院,306,,,,464,93632,464.201104078
2202,上饶师范学院,307,,,,448,103863,448.162084120
2203,宜春学院,301,,,,508,63699,508.194112112
2203,宜春学院,302,,,,483,80653,483.195104107
2203,宜春学院,303,,,,458,97505,458.179096087
2203,宜春学院,304,,,,481,82062,481.197099112
2203,宜春学院,305,,,,470,89567,470.197099094
2203,宜春学院,306,,,,501,68329,501.206111092
2203,宜春学院,307,,,,503,67037,503.191110110
2203,宜春学院,308,,,,473,87550,473.195102098
2203,宜春学院,309,,,,464,93632,464.181102067
2203,宜春学院,310,,,,476,85499,476.205116081
2203,宜春学院,311,,,,522,54717,522.212110121
2203,宜春学院,312,,,,472,88227,472.185103120
2204,赣南师范大学,301,,,,476,85499,476.187119111
2204,赣南师范大学,302,,,,450,102616,450.191114080
2204,赣南师范大学,303,,,,509,63028,509.196099124
2204,赣南师范大学,304,,,,517,57920,517.203105088
2204,赣南师范大学,305,,,,496,71691,496.211117107
2204,赣南师范大学,306,,,,445,105659,445.188102096
2204,赣南师范大学,307,,,,505,65683,505.202107102
2204,赣南师范大学,308,,,,498,70354,498.186109086
2205,井冈山大学,301,,,,512,61078,512.219119084
2205,井冈山大学,302,,,,498,70354,498.204104109
2205,井冈山大学,303,,,,507,64331,507.195102123
2206,江西财经大学,301,,,,564,30562,564.213116126
2206,江西财经大学,302,,,,583,21361,583.226114132
2206,江西财经大学,303,合作办学组,,,550,38107,550.218113125
2206,江西财经大学,304,合作办学组,,,527,51540,527.207119118
2206,江西财经大学,305,,,,570,27506,570.238119131
2206,江西财经大学,306,,,,565,30102,565.209108123
2206,江西财经大学,307,合作办学组,,,550,38107,550.205110114
2206,江西财经大学,308,合作办学组,,,528,50905,528.211108098
2208,江西科技学院,301,,,,401,129364,401.174102101
2208,江西科技学院,302,,,,405,127543,405.175104073
2211,萍乡学院,301,,,,465,92942,465.161102121
2212,江西科技师范大学,301,,,,553,36434,553.214111119
2212,江西科技师范大学,302,,,,539,44321,539.205110122
2212,江西科技师范大学,303,,,,472,88227,472.188111094
2212,江西科技师范大学,304,,,,494,73086,494.176105107
2212,江西科技师范大学,305,,,,534,47263,534.216109113
2213,江西水利电力大学,301,,,,490,75871,490.192099110
2213,江西水利电力大学,302,,,,519,56662,519.204106110
2213,江西水利电力大学,303,,,,490,75871,490.193114091
2216,新余学院,301,,,,512,61078,512.204103093
2217,江西职业技术大学,301,,,,492,74508,492.203107096
2218,九江学院,301,,,,460,96266,460.193108066
2218,九江学院,302,,,,469,90283,469.185106090
2218,九江学院,303,,,,466,92259,466.192103104
2219,江西工程学院,301,,,,440,108709,440.198103079
2220,南昌理工学院,301,,,,405,127543,405.189098041
2228,江西应用科技学院,301,,,,411,124695,411.164085069
2236,江西服装学院,301,,,,408,126113,408.171098078
2238,南昌职业大学,301,,,,401,129364,401.169095060
2238,南昌职业大学,302,,,,401,129364,401.156105062
2239,南昌工学院,301,,,,404,128007,404.166104095
2239,南昌工学院,302,,,,402,128948,402.143098091
2247,南昌大学科学技术学院,301,,,,420,120122,420.176108086
2247,南昌大学科学技术学院,302,,,,438,109920,438.188096053
2248,南昌大学共青学院,301,,,,426,116902,426.167097093
2248,南昌大学共青学院,302,,,,441,108122,441.194108054
2248,南昌大学共青学院,303,,,,457,98150,457.190096086
2249,南昌交通学院,301,,,,417,121686,417.149075080
2249,南昌交通学院,302,,,,444,106286,444.195108086
2250,赣东学院,301,,,,481,82062,481.199104085
2250,赣东学院,302,,,,488,77244,488.216118116
2250,赣东学院,303,,,,515,59190,515.218116035
2251,南昌航空大学科技学院,301,,,,433,112913,433.199106059
2251,南昌航空大学科技学院,302,,,,437,110501,437.186099105
2252,赣南科技学院,301,,,,483,80653,483.203113103
2252,赣南科技学院,302,,,,509,63028,509.206114065
2252,赣南科技学院,303,,,,445,105659,445.154093099
2252,赣南科技学院,304,,,,497,71044,497.205108108
2252,赣南科技学院,305,,,,502,67689,502.202114108
2253,景德镇艺术职业大学,301,,,,424,117985,424.166086098
2254,江西农业大学南昌商学院,301,,,,427,116331,427.165105089
2254,江西农业大学南昌商学院,302,,,,438,109920,438.168107085
2254,江西农业大学南昌商学院,303,,,,438,109920,438.178100085
2254,江西农业大学南昌商学院,304,,,,436,111130,436.164086111
2255,南昌医学院,301,,,,503,67037,503.221113102
2255,南昌医学院,302,,,,499,69661,499.210109094
2255,南昌医学院,303,,,,551,37532,551.222112105
2255,南昌医学院,304,,,,559,33157,559.226116120
2255,南昌医学院,305,,,,510,62391,510.204106117
2255,南昌医学院,306,,,,522,54717,522.209111081
2255,南昌医学院,307,,,,487,77932,487.205108118
2255,南昌医学院,308,,,,531,49079,531.223121112
2256,江西师范大学科学技术学院,301,,,,432,113490,432.191098064
2256,江西师范大学科学技术学院,302,,,,450,102616,450.180097099
2257,赣南师范大学科技学院,301,,,,429,115171,429.190114063
2257,赣南师范大学科技学院,302,,,,452,101363,452.196099101
2258,南昌应用技术师范学院,301,,,,429,115171,429.170097084
2259,江西财经大学现代经济管理学院,301,,,,446,105066,446.192096114
2259,江西财经大学现代经济管理学院,302,,,,445,105659,445.161099124
2259,江西财经大学现代经济管理学院,303,,,,423,118552,423.176093088
2259,江西财经大学现代经济管理学院,304,,,,442,107497,442.177103085
2261,抚州医药学院,301,,,,465,92942,465.189099113
2261,抚州医药学院,302,,,,500,69009,500.198101087
2261,抚州医药学院,303,,,,464,93632,464.185097114
2261,抚州医药学院,304,,,,504,66355,504.219115097
2261,抚州医药学院,305,,,,462,94965,462.183093103
2262,江西软件职业技术大学,301,,,,409,125656,409.174090066
2281,南昌师范学院,301,,,,477,84836,477.206120094
2281,南昌师范学院,302,,,,476,85499,476.179095094
2281,南昌师范学院,303,,,,492,74508,492.231124075
2281,南昌师范学院,304,,,,513,60466,513.209114093
2310,江西飞行学院,301,,,,495,72384,495.195114115
2310,江西飞行学院,302,,,,540,43706,540.219110102
2311,山东大学,301,,,,630,5284,630.250129134
2311,山东大学,302,,,,629,5506,629.246124114
2311,山东大学,303,,,,638,3668,638.251130131
2311,山东大学,304,,,,621,7485,621.238127134
2311,山东大学,305,,,,626,6196,626.232119136
2311,山东大学,306,高校专项计划组,,,586,20073,586.244126106
2311,山东大学,307,国家专项计划组,,,631,5085,631.235125134
2312,中国海洋大学,301,,,,628,5741,628.250127128
2312,中国海洋大学,302,,,,624,6686,624.254127124
2312,中国海洋大学,303,,,,616,8877,616.237124123
2312,中国海洋大学,304,合作办学组,,,609,11116,609.229116125
2312,中国海洋大学,305,合作办学组,,,613,9773,613.253130111
2312,中国海洋大学,306,合作办学组,,,605,12554,605.228119128
2312,中国海洋大学,307,高校专项计划组,,,629,5506,629.256128124
2312,中国海洋大学,308,国家专项计划组,,,610,10758,610.245128133
2313,山东科技大学,301,,,,520,56002,520.201106094
2313,山东科技大学,302,,,,544,41495,544.215110120
2314,中国石油大学(华东),301,,,,603,13232,603.227117120
2314,中国石油大学(华东),302,,,,604,12897,604.240123129
2314,中国石油大学(华东),303,高校专项计划组,,,606,12157,606.228121132
2314,中国石油大学(华东),304,国家专项计划组,,,582,21818,582.232120113
2314,中国石油大学(华东),305,国家专项计划组,,,603,13232,603.242132110
2315,青岛科技大学,301,,,,535,46695,535.225116104
2315,青岛科技大学,302,合作办学组,,,508,63699,508.192100111
2316,济南大学,301,,,,539,44321,539.203107120
2316,济南大学,302,,,,496,71691,496.202109101
2316,济南大学,303,,,,523,54122,523.219114090
2316,济南大学,304,,,,530,49685,530.214110113
2317,青岛理工大学,301,,,,522,54717,522.194102098
2317,青岛理工大学,302,,,,549,38659,549.211107131
2317,青岛理工大学,303,,,,533,47848,533.202120119
2317,青岛理工大学,304,合作办学组,,,479,83454,479.187100107
2317,青岛理工大学,305,,,,534,47263,534.219117117
2317,青岛理工大学,306,合作办学组,,,544,41495,544.212108124
2318,山东建筑大学,301,,,,527,51540,527.209111109
2318,山东建筑大学,302,合作办学组,,,444,106286,444.179103095
2318,山东建筑大学,303,,,,472,88227,472.185094087
2319,齐鲁工业大学,301,,,,534,47263,534.204106107
2319,齐鲁工业大学,302,,,,530,49685,530.208105095
2320,山东理工大学,301,,,,490,75871,490.190101088
2320,山东理工大学,302,,,,533,47848,533.225113100
2321,山东农业大学,301,,,,510,62391,510.200103109
2321,山东农业大学,302,,,,517,57920,517.204116120
2321,山东农业大学,303,,,,519,56662,519.218122115
2321,山东农业大学,304,,,,515,59190,515.202109097
2322,青岛农业大学,301,,,,504,66355,504.192104089
2322,青岛农业大学,302,,,,493,73817,493.192101112
2322,青岛农业大学,303,合作办学组,,,473,87550,473.183105110
2323,山东第二医科大学,301,,,,504,66355,504.203112093
2323,山东第二医科大学,302,,,,512,61078,512.211111114
2323,山东第二医科大学,303,,,,510,62391,510.200112109
2323,山东第二医科大学,304,,,,550,38107,550.213107115
2324,山东第一医科大学,301,,,,517,57920,517.206114101
2324,山东第一医科大学,302,,,,558,33708,558.230116134
2324,山东第一医科大学,303,,,,542,42561,542.201113125
2324,山东第一医科大学,304,,,,600,14366,600.236118116
2324,山东第一医科大学,305,,,,554,35858,554.225117101
2324,山东第一医科大学,306,,,,558,33708,558.225114126
2324,山东第一医科大学,307,,,,521,55350,521.214111104
2324,山东第一医科大学,308,,,,513,60466,513.196114127
2324,山东第一医科大学,309,,,,595,16316,595.234121128
2324,山东第一医科大学,310,,,,536,46089,536.209109114
2324,山东第一医科大学,311,,,,553,36434,553.217125119
2324,山东第一医科大学,312,,,,544,41495,544.222115109
2324,山东第一医科大学,313,,,,540,43706,540.231116113
2324,山东第一医科大学,314,,,,555,35325,555.225121122
2324,山东第一医科大学,315,,,,535,46695,535.212112095
2324,山东第一医科大学,316,,,,529,50310,529.208115106
2325,山东医药大学,301,,,,508,63699,508.197111117
2325,山东医药大学,302,,,,519,56662,519.203111112
2325,山东医药大学,303,,,,528,50905,528.203116112
2325,山东医药大学,304,,,,513,60466,513.214112104
2325,山东医药大学,305,,,,546,40364,546.205103117
2325,山东医药大学,306,,,,504,66355,504.203116095
2325,山东医药大学,307,,,,536,46089,536.220117108
2326,山东中医药大学,301,,,,542,42561,542.215124112
2326,山东中医药大学,302,,,,438,109920,438.182103081
2328,济宁医学院,301,,,,510,62391,510.205103104
2328,济宁医学院,302,,,,479,83454,479.190113099
2328,济宁医学院,303,,,,523,54122,523.205104127
2330,山东师范大学,301,,,,496,71691,496.208113091
2330,山东师范大学,302,,,,540,43706,540.216116104
2330,山东师范大学,303,,,,563,31069,563.227114114
2331,曲阜师范大学,301,,,,507,64331,507.203106107
2331,曲阜师范大学,302,,,,484,79965,484.200106088
2331,曲阜师范大学,303,,,,497,71044,497.208108100
2332,聊城大学,301,,,,429,115171,429.171099101
2332,聊城大学,302,,,,525,52839,525.217112106
2332,聊城大学,303,,,,525,52839,525.201105106
2332,聊城大学,304,,,,527,51540,527.221111110
2333,德州学院,301,,,,521,55350,521.209110094
2333,德州学院,302,,,,456,98826,456.185097108
2334,山东航空学院,301,,,,502,67689,502.197099103
2334,山东航空学院,302,,,,513,60466,513.216125111
2335,鲁东大学,301,,,,411,124695,411.159096099
2335,鲁东大学,302,合作办学组,,,495,72384,495.212118118
2336,临沂大学,301,,,,504,66355,504.187100121
2336,临沂大学,302,,,,509,63028,509.194099062
2337,泰山学院,301,,,,515,59190,515.223115084
2337,泰山学院,302,,,,515,59190,515.206109092
2337,泰山学院,303,,,,519,56662,519.211115105
2337,泰山学院,304,,,,461,95622,461.186097095
2337,泰山学院,305,,,,458,97505,458.188096069
2337,泰山学院,306,,,,515,59190,515.196102092
2340,山东财经大学,301,,,,509,63028,509.199109132
2340,山东财经大学,302,,,,546,40364,546.221115124
2340,山东财经大学,303,,,,563,31069,563.218119129
2343,齐鲁医药学院,301,,,,444,106286,444.183100066
2343,齐鲁医药学院,302,,,,446,105066,446.168091104
2343,齐鲁医药学院,303,,,,501,68329,501.206106088
2343,齐鲁医药学院,304,,,,436,111130,436.208107070
2343,齐鲁医药学院,305,,,,426,116902,426.176101087
2343,齐鲁医药学院,306,,,,435,111714,435.165097091
2343,齐鲁医药学院,307,,,,480,82762,480.186098087
2343,齐鲁医药学院,308,,,,444,106286,444.188098075
2343,齐鲁医药学院,309,,,,429,115171,429.159102097
2345,青岛滨海学院,301,,,,418,121181,418.159097092
2345,青岛滨海学院,302,,,,408,126113,408.167103089
2346,枣庄学院,301,,,,494,73086,494.212112093
2348,青岛大学,301,,,,555,35325,555.233118118
2348,青岛大学,302,,,,555,35325,555.218113129
2348,青岛大学,303,,,,567,29088,567.225115123
2348,青岛大学,304,合作办学组,,,543,42036,543.216110113
2349,烟台大学,302,,,,508,63699,508.212112091
2349,烟台大学,303,,,,519,56662,519.216116089
2349,烟台大学,304,国家专项计划组,,,543,42036,543.228114105
2349,烟台大学,305,边防军人子女预科,,,421,119606,421.200103065
2350,潍坊学院,301,,,,474,86902,474.206109085
2350,潍坊学院,302,,,,474,86902,474.169091100
2350,潍坊学院,303,,,,460,96266,460.183110100
2350,潍坊学院,304,,,,488,77244,488.192105102
2352,山东交通学院,302,,,,465,92942,465.185100109
2352,山东交通学院,303,,,,476,85499,476.213122062
2352,山东交通学院,304,,,,549,38659,549.219110113
2352,山东交通学院,305,合作办学组,,,414,123211,414.177101094
2353,山东工商学院,301,,,,478,84139,478.187097106
2353,山东工商学院,302,,,,488,77244,488.202103115
2353,山东工商学院,303,合作办学组,,,457,98150,457.174115114
2353,山东工商学院,304,,,,506,65003,506.207111096
2362,山东女子学院,301,,,,478,84139,478.189098110
2362,山东女子学院,302,,,,490,75871,490.192102103
2362,山东女子学院,303,,,,492,74508,492.186098125
2362,山东女子学院,304,,,,485,79287,485.191099090
2362,山东女子学院,305,,,,509,63028,509.203123123
2362,山东女子学院,306,,,,505,65683,505.207107106
2362,山东女子学院,307,合作办学组,,,440,108709,440.182092107
2363,烟台南山学院,301,,,,437,110501,437.164091090
2363,烟台南山学院,302,,,,441,108122,441.173098089
2363,烟台南山学院,303,,,,427,116331,427.177102110
2363,烟台南山学院,304,,,,426,116902,426.170088069
2363,烟台南山学院,305,,,,441,108122,441.167101080
2363,烟台南山学院,306,,,,424,117985,424.198100058
2363,烟台南山学院,307,,,,430,114611,430.167101106
2373,潍坊科技学院,301,,,,424,117985,424.160082109
2373,潍坊科技学院,302,,,,426,116902,426.177090081
2379,山东英才学院,301,,,,407,126607,407.169098087
2379,山东英才学院,302,,,,408,126113,408.174099080
2379,山东英才学院,303,,,,406,127067,406.182100061
2387,青岛恒星科技学院,301,,,,403,128503,403.184103096
2387,青岛恒星科技学院,302,,,,402,128948,402.155100076
2392,青岛黄海学院,301,,,,404,128007,404.172096068
2392,青岛黄海学院,302,,,,410,125186,410.177100058
2392,青岛黄海学院,303,,,,413,123709,413.187102059
2394,山东现代学院,301,,,,445,105659,445.191107106
2394,山东现代学院,302,,,,409,125656,409.157086082
2394,山东现代学院,303,,,,410,125186,410.165094096
2396,山东协和学院,301,,,,423,118552,423.166091085
2396,山东协和学院,302,,,,414,123211,414.181100085
2396,山东协和学院,303,,,,413,123709,413.169091044
2396,山东协和学院,304,,,,427,116331,427.189100082
2398,山东工程职业技术大学,301,,,,405,127543,405.168096094
2399,烟台理工学院,301,,,,444,106286,444.182109082
2400,青岛城市学院,301,,,,406,127067,406.167091078
2400,青岛城市学院,302,,,,415,122733,415.177105087
2400,青岛城市学院,303,,,,418,121181,418.185099091
2400,青岛城市学院,304,,,,442,107497,442.198101086
2400,青岛城市学院,305,,,,425,117444,425.174106094
2402,山东石油化工学院,301,,,,540,43706,540.209107102
2402,山东石油化工学院,302,,,,543,42036,543.224114099
2402,山东石油化工学院,303,,,,539,44321,539.215109097
2402,山东石油化工学院,304,,,,530,49685,530.220115085
2402,山东石油化工学院,305,,,,548,39243,548.205107114
2402,山东石油化工学院,306,,,,539,44321,539.219111084
2402,山东石油化工学院,307,,,,541,43132,541.196099124
2402,山东石油化工学院,308,,,,537,45512,537.217113108
2402,山东石油化工学院,309,,,,535,46695,535.220117121
2407,泰山科技学院,301,,,,418,121181,418.162106097
2407,泰山科技学院,302,,,,401,129364,401.156087070
2407,泰山科技学院,303,,,,417,121686,417.193102065
2412,山东华宇工学院,301,,,,417,121686,417.134086090
2419,青岛工学院,301,,,,405,127543,405.160085088
2419,青岛工学院,302,,,,410,125186,410.160098099
2421,齐鲁理工学院,301,,,,431,114034,431.180090089
2421,齐鲁理工学院,302,,,,401,129364,401.167091090
2424,聊城大学东昌学院,301,,,,451,101979,451.186106084
2424,聊城大学东昌学院,302,,,,465,92942,465.183098078
2424,聊城大学东昌学院,303,,,,444,106286,444.183096070
2425,烟台科技学院,301,,,,415,122733,415.181093091
2425,烟台科技学院,302,,,,414,123211,414.189103057
2431,山东政法学院,301,,,,524,53482,524.210109109
2431,山东政法学院,302,合作办学组,,,503,67037,503.175102125
2431,山东政法学院,303,,,,534,47263,534.207113113
2438,齐鲁师范学院,301,合作办学组,,,442,107497,442.172109096
2438,齐鲁师范学院,302,合作办学组,,,437,110501,437.174107098
2439,山东青年政治学院,301,,,,515,59190,515.200112119
2439,山东青年政治学院,302,,,,502,67689,502.191106120
2448,山东管理学院,301,,,,508,63699,508.210111094
2471,康复大学,301,,,,584,20919,584.228118125
2471,康复大学,302,,,,594,16722,594.229119128
2471,康复大学,303,,,,584,20919,584.234118121
2471,康复大学,304,,,,588,19218,588.237119122
2478,北京交通大学(威海校区),301,合作办学组,,,610,10758,610.231116125
2478,北京交通大学(威海校区),302,合作办学组,,,597,15557,597.226113121
2479,哈尔滨工业大学(威海),301,,,,644,2712,644.239127135
2479,哈尔滨工业大学(威海),302,,,,638,3668,638.245126125
2479,哈尔滨工业大学(威海),303,合作办学组,,,617,8598,617.237119131
2479,哈尔滨工业大学(威海),304,合作办学组,,,617,8598,617.241125124
2479,哈尔滨工业大学(威海),305,高校专项计划组,,,636,4055,636.246123141
2480,山东大学威海分校,302,合作办学组,,,597,15557,597.235121127
2480,山东大学威海分校,303,,,,626,6196,626.234120123
2480,山东大学威海分校,304,国家专项计划组,,,620,7776,620.255130103
2481,华北水利水电大学,301,,,,531,49079,531.212109118
2481,华北水利水电大学,302,,,,540,43706,540.227126109
2482,郑州大学,301,,,,590,18344,590.225115126
2482,郑州大学,302,,,,599,14785,599.217117118
2482,郑州大学,303,,,,617,8598,617.243130131
2482,郑州大学,304,,,,600,14366,600.235125109
2482,郑州大学,305,,,,599,14785,599.234123127
2482,郑州大学,306,,,,608,11475,608.239129123
2482,郑州大学,307,,,,590,18344,590.239127126
2483,河南理工大学,301,,,,529,50310,529.223113086
2483,河南理工大学,302,,,,559,33157,559.214115111
2483,河南理工大学,303,,,,558,33708,558.223115117
2483,河南理工大学,304,,,,548,39243,548.212106124
2483,河南理工大学,305,,,,547,39805,547.231122098
2483,河南理工大学,306,,,,537,45512,537.228115108
2483,河南理工大学,307,,,,512,61078,512.197117122
2483,河南理工大学,308,,,,523,54122,523.217109114
2483,河南理工大学,309,,,,464,93632,464.201118100
2483,河南理工大学,310,合作办学组,,,512,61078,512.203102085
2484,郑州轻工业大学,301,,,,554,35858,554.217117128
2484,郑州轻工业大学,302,合作办学组,,,522,54717,522.186107123
2484,郑州轻工业大学,303,合作办学组,,,504,66355,504.203113106
2485,河南工业大学,301,,,,503,67037,503.216109092
2485,河南工业大学,302,,,,525,52839,525.216110101
2485,河南工业大学,303,,,,514,59845,514.203109113
2485,河南工业大学,304,,,,526,52177,526.203102099
2485,河南工业大学,305,,,,560,32630,560.217121127
2485,河南工业大学,306,合作办学组,,,527,51540,527.208109115
2485,河南工业大学,307,合作办学组,,,494,73086,494.208121103
2485,河南工业大学,308,合作办学组,,,518,57296,518.208121114
2485,河南工业大学,309,合作办学组,,,465,92942,465.183093087
2486,河南科技大学,301,,,,530,49685,530.195099121
2486,河南科技大学,302,,,,493,73817,493.194107099
2486,河南科技大学,303,,,,481,82062,481.180105107
2486,河南科技大学,304,,,,560,32630,560.224116110
2487,中原工学院,301,,,,500,69009,500.201101104
2487,中原工学院,302,,,,515,59190,515.202102113
2488,河南农业大学,301,,,,506,65003,506.190102110
2488,河南农业大学,302,,,,512,61078,512.208123123
2488,河南农业大学,303,,,,567,29088,567.220113116
2488,河南农业大学,304,,,,521,55350,521.214122133
2488,河南农业大学,305,,,,477,84836,477.190098097
2488,河南农业大学,306,,,,558,33708,558.229120100
2488,河南农业大学,307,,,,553,36434,553.209105124
2488,河南农业大学,308,,,,517,57920,517.216109119
2488,河南农业大学,309,,,,472,88227,472.185102073
2488,河南农业大学,310,,,,517,57920,517.201106088
2488,河南农业大学,311,,,,521,55350,521.203108111
2489,河南科技学院,301,,,,461,95622,461.184096095
2490,河南牧业经济学院,301,,,,480,82762,480.182110080
2490,河南牧业经济学院,302,,,,483,80653,483.192098110
2491,河南中医药大学,301,,,,556,34745,556.206114121
2491,河南中医药大学,302,,,,515,59190,515.203118116
2491,河南中医药大学,303,,,,502,67689,502.197101115
2492,河南医药大学,301,,,,476,85499,476.205104098
2492,河南医药大学,302,,,,535,46695,535.217113073
2492,河南医药大学,303,,,,484,79965,484.188100109
2493,河南大学,301,合作办学组,,,531,49079,531.193108108
2493,河南大学,302,合作办学组,,,552,36980,552.227117129
2493,河南大学,303,合作办学组,,,527,51540,527.189113132
2493,河南大学,304,,,,545,40943,545.208109081
2493,河南大学,305,,,,566,29615,566.226118107
2493,河南大学,306,,,,567,29088,567.226115115
2493,河南大学,307,,,,560,32630,560.227120116
2493,河南大学,308,合作办学组,,,556,34745,556.223113109
2493,河南大学,309,合作办学组,,,528,50905,528.204105113
2493,河南大学,310,合作办学组,,,549,38659,549.212107103
2493,河南大学,311,合作办学组,,,550,38107,550.223117125
2493,河南大学,312,合作办学组,,,545,40943,545.209106124
2494,河南师范大学,301,,,,513,60466,513.227120126
2494,河南师范大学,302,,,,498,70354,498.185104101
2494,河南师范大学,303,,,,513,60466,513.217126102
2495,信阳师范大学,301,,,,498,70354,498.211107089
2495,信阳师范大学,302,,,,458,97505,458.199109087
2496,周口师范学院,301,,,,457,98150,457.189108079
2497,安阳师范学院,301,,,,489,76544,489.199104079
2497,安阳师范学院,302,,,,441,108122,441.162091126
2498,许昌学院,301,,,,478,84139,478.172093110
2499,南阳师范学院,301,,,,481,82062,481.185099103
2499,南阳师范学院,302,,,,486,78583,486.207117089
2500,洛阳师范学院,301,,,,495,72384,495.200118088
2501,商丘师范学院,301,,,,461,95622,461.197108102
2501,商丘师范学院,302,,,,462,94965,462.191108105
2501,商丘师范学院,303,,,,464,93632,464.206109095
2501,商丘师范学院,304,,,,459,96873,459.194104113
2502,河南财经政法大学,301,,,,561,32100,561.215118132
2502,河南财经政法大学,302,,,,581,22295,581.222115117
2502,河南财经政法大学,303,,,,592,17526,592.231123128
2502,河南财经政法大学,304,,,,545,40943,545.217117099
2503,郑州航空工业管理学院,301,,,,487,77932,487.193108112
2503,郑州航空工业管理学院,302,,,,507,64331,507.188095117
2503,郑州航空工业管理学院,303,,,,515,59190,515.209110113
2503,郑州航空工业管理学院,304,,,,508,63699,508.195103118
2503,郑州航空工业管理学院,305,,,,518,57296,518.198100109
2503,郑州航空工业管理学院,306,合作办学组,,,475,86200,475.194102100
2503,郑州航空工业管理学院,307,合作办学组,,,486,78583,486.192104092
2503,郑州航空工业管理学院,308,,,,559,33157,559.218119124
2503,郑州航空工业管理学院,309,,,,555,35325,555.215109087
2503,郑州航空工业管理学院,310,,,,541,43132,541.193098116
2503,郑州航空工业管理学院,311,,,,551,37532,551.228118102
2503,郑州航空工业管理学院,312,,,,544,41495,544.215119107
2503,郑州航空工业管理学院,313,,,,529,50310,529.204102113
2503,郑州航空工业管理学院,314,,,,461,95622,461.186094087
2503,郑州航空工业管理学院,315,,,,550,38107,550.214107111
2503,郑州航空工业管理学院,316,,,,416,122226,416.170101091
2503,郑州航空工业管理学院,317,合作办学组,,,507,64331,507.199106107
2508,黄淮学院,301,,,,463,94291,463.180096105
2508,黄淮学院,302,,,,463,94291,463.188118117
2509,平顶山学院,301,,,,514,59845,514.202105114
2509,平顶山学院,302,,,,504,66355,504.213113082
2510,郑州工程技术学院,301,,,,463,94291,463.191105099
2510,郑州工程技术学院,302,,,,467,91565,467.183095086
2510,郑州工程技术学院,303,,,,501,68329,501.188099111
2512,洛阳理工学院,301,,,,482,81351,482.193098077
2512,洛阳理工学院,302,,,,504,66355,504.196109113
2513,新乡学院,301,,,,445,105659,445.180102098
2515,河南工学院,301,,,,517,57920,517.220117105
2516,安阳工学院,301,,,,475,86200,475.183098106
2516,安阳工学院,302,,,,442,107497,442.174096101
2516,安阳工学院,303,合作办学组,,,444,106286,444.171103096
2517,河南工程学院,301,,,,499,69661,499.188103117
2517,河南工程学院,302,,,,478,84139,478.196103098
2517,河南工程学院,303,合作办学组,,,484,79965,484.211112108
2517,河南工程学院,304,,,,480,82762,480.183096104
2519,河南财政金融学院,301,,,,487,77932,487.205114112
2519,河南财政金融学院,302,,,,512,61078,512.206112111
2520,南阳理工学院,301,,,,462,94965,462.205107099
2520,南阳理工学院,302,,,,495,72384,495.213107104
2520,南阳理工学院,303,,,,470,89567,470.190114107
2520,南阳理工学院,304,,,,515,59190,515.210113098
2520,南阳理工学院,305,,,,436,111130,436.171108101
2520,南阳理工学院,306,,,,532,48423,532.204104116
2520,南阳理工学院,307,,,,531,49079,531.214113109
2520,南阳理工学院,308,,,,524,53482,524.232116077
2520,南阳理工学院,309,,,,527,51540,527.196111104
2520,南阳理工学院,310,,,,455,99475,455.179101089
2520,南阳理工学院,311,,,,480,82762,480.187111087
2520,南阳理工学院,312,,,,508,63699,508.204106099
2520,南阳理工学院,313,,,,519,56662,519.209107098
2520,南阳理工学院,314,,,,516,58515,516.209115105
2520,南阳理工学院,315,合作办学组,,,445,105659,445.157100109
2520,南阳理工学院,316,,,,494,73086,494.207113103
2520,南阳理工学院,317,合作办学组,,,434,112335,434.183092084
2521,河南城建学院,301,,,,466,92259,466.195117088
2521,河南城建学院,302,,,,468,90939,468.187106118
2521,河南城建学院,303,,,,439,109313,439.208113085
2521,河南城建学院,304,,,,501,68329,501.195109091
2521,河南城建学院,305,,,,479,83454,479.197101079
2521,河南城建学院,306,,,,504,66355,504.207107096
2521,河南城建学院,307,,,,499,69661,499.208108111
2521,河南城建学院,308,,,,465,92942,465.179123121
2521,河南城建学院,309,,,,470,89567,470.186102106
2525,黄河科技学院,301,,,,434,112335,434.189095092
2525,黄河科技学院,302,,,,436,111130,436.193103101
2525,黄河科技学院,303,,,,434,112335,434.173106107
2527,郑州师范学院,301,,,,532,48423,532.215116113
2528,黄河水利职业技术大学,301,,,,491,75208,491.210106113
2535,郑州科技学院,301,,,,455,99475,455.210120081
2536,郑州工业应用技术学院,301,,,,444,106286,444.175095114
2536,郑州工业应用技术学院,302,,,,436,111130,436.192098060
2536,郑州工业应用技术学院,303,,,,425,117444,425.159099084
2542,河南工业职业技术大学,301,,,,483,80653,483.195099095
2543,郑州健康学院,301,,,,441,108122,441.179095070
2544,郑州财经学院,301,,,,426,116902,426.179107077
2544,郑州财经学院,302,,,,426,116902,426.171106104
2547,商丘工学院,301,,,,433,112913,433.173097092
2550,信阳学院,301,,,,435,111714,435.201102046
2554,郑州工商学院,301,,,,446,105066,446.170086103
2555,郑州经贸学院,301,,,,444,106286,444.179101078
2575,郑州商学院,301,,,,437,110501,437.208106066
2575,郑州商学院,302,,,,439,109313,439.147091075
2592,郑州升达经贸管理学院,301,,,,429,115171,429.199101083
2592,郑州升达经贸管理学院,302,,,,428,115778,428.161097110
2592,郑州升达经贸管理学院,303,合作办学组,,,,,
2592,郑州升达经贸管理学院,304,,,,438,109920,438.172098095
2620,郑州西亚斯学院,301,,,,443,106877,443.198103072
2662,武汉大学,301,,,,641,3175,641.246126132
2662,武汉大学,302,,,,647,2294,647.250127136
2662,武汉大学,303,,,,647,2294,647.254128130
2662,武汉大学,304,合作办学组,,,619,8038,619.240123125
2662,武汉大学,305,合作办学组,,,624,6686,624.248129136
2662,武汉大学,306,合作办学组,,,631,5085,631.245125134
2662,武汉大学,307,合作办学组,,,637,3850,637.253130128
2662,武汉大学,308,合作办学组,,,621,7485,621.236120132
2662,武汉大学,309,合作办学组,,,606,12157,606.236120122
2662,武汉大学,310,高校专项计划组,,,623,6940,623.236118132
2662,武汉大学,311,国家专项计划组,,,614,9470,614.250127133
2662,武汉大学,312,国家专项计划组,,,609,11116,609.231119133
2663,华中科技大学,301,,,,654,1526,654.243122141
2663,华中科技大学,302,,,,643,2855,643.254130139
2663,华中科技大学,303,高校专项计划组,,,637,3850,637.243124127
2663,华中科技大学,304,国家专项计划组,,,626,6196,626.237119130
2664,武汉科技大学,301,,,,572,26560,572.228118101
2664,武汉科技大学,302,合作办学组,,,534,47263,534.219113104
2665,长江大学,301,,,,486,78583,486.195105103
2665,长江大学,302,,,,550,38107,550.210109103
2665,长江大学,303,,,,407,126607,407.185103072
2665,长江大学,304,,,,590,18344,590.226119118
2665,长江大学,305,,,,585,20496,585.221119108
2665,长江大学,306,,,,595,16316,595.223114124
2665,长江大学,307,,,,576,24660,576.224119133
2665,长江大学,308,合作办学组,,,556,34745,556.217111116
2665,长江大学,309,,,,468,90939,468.195119101
2666,武汉工程大学,301,,,,529,50310,529.215113113
2666,武汉工程大学,302,,,,563,31069,563.229120111
2667,中国地质大学(武汉),301,,,,610,10758,610.247126123
2667,中国地质大学(武汉),302,,,,596,15928,596.227115131
2667,中国地质大学(武汉),303,,,,597,15557,597.237127112
2667,中国地质大学(武汉),304,,,,597,15557,597.227124129
2667,中国地质大学(武汉),305,合作办学组,,,572,26560,572.209107131
2667,中国地质大学(武汉),306,合作办学组,,,607,11828,607.236118110
2667,中国地质大学(武汉),307,合作办学组,,,594,16722,594.224115119
2667,中国地质大学(武汉),308,合作办学组,,,593,17125,593.240123131
2667,中国地质大学(武汉),309,合作办学组,,,581,22295,581.240121104
2667,中国地质大学(武汉),310,合作办学组,,,576,24660,576.218109118
2667,中国地质大学(武汉),311,高校专项计划组,,,587,19640,587.233124117
2667,中国地质大学(武汉),312,国家专项计划组,,,568,28579,568.247124109
2668,武汉纺织大学,301,,,,532,48423,532.203110113
2669,武汉轻工大学,301,合作办学组,,,468,90939,468.193099098
2669,武汉轻工大学,302,,,,531,49079,531.221115120
2669,武汉轻工大学,303,合作办学组,,,508,63699,508.203125111
2670,武汉理工大学,302,,,,638,3668,638.248127122
2670,武汉理工大学,303,,,,632,4875,632.252129135
2670,武汉理工大学,304,,,,588,19218,588.233123111
2670,武汉理工大学,305,合作办学组,,,614,9470,614.244128119
2670,武汉理工大学,306,合作办学组,,,596,15928,596.230126124
2670,武汉理工大学,307,高校专项计划组,,,596,15928,596.242123119
2670,武汉理工大学,308,国家专项计划组,,,582,21818,582.223126116
2671,湖北工业大学,301,,,,466,92259,466.196104112
2671,湖北工业大学,302,,,,559,33157,559.224125123
2672,华中农业大学,301,,,,588,19218,588.217109116
2672,华中农业大学,302,,,,602,13604,602.233119113
2672,华中农业大学,303,,,,611,10413,611.234119135
2672,华中农业大学,304,,,,576,24660,576.233121116
2672,华中农业大学,305,,,,594,16722,594.232120113
2672,华中农业大学,306,,,,595,16316,595.230116122
2672,华中农业大学,307,高校专项计划组,,,582,21818,582.230117119
2672,华中农业大学,308,高校专项计划组,,,590,18344,590.239122118
2672,华中农业大学,309,国家专项计划组,,,595,16316,595.232120130
2672,华中农业大学,310,国家专项计划组,,,577,24149,577.222113127
2673,湖北中医药大学,301,,,,569,28037,569.234123117
2673,湖北中医药大学,302,,,,532,48423,532.210112109
2673,湖北中医药大学,303,,,,569,28037,569.229117116
2673,湖北中医药大学,304,,,,530,49685,530.207104102
2673,湖北中医药大学,305,,,,515,59190,515.193105116
2674,华中师范大学,308,,,,583,21361,583.225117126
2674,华中师范大学,309,,,,618,8312,618.248129121
2674,华中师范大学,310,,,,612,10095,612.237120130
2674,华中师范大学,311,,,,603,13232,603.227124127
2674,华中师范大学,312,高校专项计划组,,,596,15928,596.241122130
2675,湖北大学,301,,,,540,43706,540.200118116
2675,湖北大学,302,,,,565,30102,565.231118102
2675,湖北大学,303,,,,556,34745,556.200114111
2675,湖北大学,304,,,,561,32100,561.217113124
2676,湖北师范大学,301,,,,522,54717,522.201107127
2676,湖北师范大学,302,,,,519,56662,519.190116122
2676,湖北师范大学,303,,,,518,57296,518.204106103
2677,黄冈师范学院,301,,,,440,108709,440.172093091
2678,湖北民族大学,301,,,,502,67689,502.209110092
2678,湖北民族大学,302,,,,526,52177,526.219115087
2678,湖北民族大学,303,,,,492,74508,492.200106105
2678,湖北民族大学,304,合作办学组,,,490,75871,490.196102100
2678,湖北民族大学,305,,,,456,98826,456.178097101
2680,湖北文理学院,301,,,,479,83454,479.191112116
2680,湖北文理学院,302,,,,469,90283,469.179114097
2681,中南财经政法大学,301,,,,608,11475,608.232120134
2681,中南财经政法大学,302,,,,614,9470,614.240129125
2681,中南财经政法大学,303,合作办学组,,,598,15183,598.226123128
2681,中南财经政法大学,304,高校专项计划组,,,591,17922,591.236118119
2681,中南财经政法大学,305,国家专项计划组,,,570,27506,570.224116124
2682,武汉体育学院,301,,,,498,70354,498.197107101
2682,武汉体育学院,302,,,,499,69661,499.203115112
2682,武汉体育学院,303,,,,530,49685,530.210109106
2684,中南民族大学,301,,,,575,25157,575.213116120
2684,中南民族大学,302,,,,582,21818,582.221116127
2684,中南民族大学,303,,,,510,62391,510.221112086
2685,湖北汽车工业学院,301,,,,537,45512,537.217109109
2685,湖北汽车工业学院,302,,,,541,43132,541.215113113
2685,湖北汽车工业学院,303,,,,530,49685,530.216113105
2685,湖北汽车工业学院,304,合作办学组,,,526,52177,526.202112114
2686,湖北工程学院,301,,,,501,68329,501.195106100
2686,湖北工程学院,302,,,,481,82062,481.194111103
2686,湖北工程学院,303,合作办学组,,,461,95622,461.188098096
2687,武汉职业技术大学,301,,,,516,58515,516.207111085
2688,湖北理工学院,301,,,,501,68329,501.194099096
2688,湖北理工学院,302,,,,500,69009,500.210105088
2689,湖北科技学院,301,,,,496,71691,496.216127095
2690,湖北医药学院,301,,,,440,108709,440.169093112
2693,江汉大学,301,,,,509,63028,509.194105109
2693,江汉大学,302,,,,532,48423,532.217111089
2695,三峡大学,301,,,,542,42561,542.193103127
2695,三峡大学,302,,,,546,40364,546.218113112
2695,三峡大学,303,,,,540,43706,540.217113109
2695,三峡大学,304,,,,522,54717,522.211107096
2695,三峡大学,305,,,,611,10413,611.247128124
2695,三峡大学,306,合作办学组,,,594,16722,594.237126113
2699,荆楚理工学院,301,,,,489,76544,489.203107096
2701,湖北经济学院,301,,,,492,74508,492.186103118
2701,湖北经济学院,302,合作办学组,,,455,99475,455.194100085
2701,湖北经济学院,303,,,,548,39243,548.233119108
2701,湖北经济学院,304,合作办学组,,,464,93632,464.193098096
2702,武汉商学院,301,,,,534,47263,534.221114108
2705,汉口学院,301,,,,401,129364,401.176105063
2705,汉口学院,302,,,,425,117444,425.179104089
2709,武昌首义学院,301,,,,441,108122,441.186103056
2710,武昌理工学院,301,,,,443,106877,443.166094103
2713,武汉生物工程学院,301,,,,424,117985,424.206109052
2736,武汉晴川学院,301,,,,410,125186,410.177096077
2736,武汉晴川学院,302,,,,429,115171,429.189099049
2738,武汉城市学院,301,,,,428,115778,428.196100108
2738,武汉城市学院,302,,,,433,112913,433.162096075
2739,三峡大学科技学院,301,,,,428,115778,428.173100081
2740,武汉文理学院,301,,,,431,114034,431.158099101
2740,武汉文理学院,302,,,,435,111714,435.178098099
2740,武汉文理学院,303,,,,426,116902,426.180091078
2740,武汉文理学院,304,,,,450,102616,450.163102103
2741,湖北工业大学工程技术学院,301,,,,432,113490,432.168098102
2742,武汉工程大学邮电与信息工程学院,301,,,,421,119606,421.182110070
2742,武汉工程大学邮电与信息工程学院,302,,,,422,119091,422.188101107
2743,武汉纺织大学外经贸学院,301,,,,435,111714,435.174089082
2744,武昌工学院,301,,,,408,126113,408.173107062
2745,武汉工商学院,301,,,,429,115171,429.155100111
2745,武汉工商学院,302,,,,431,114034,431.158102102
2745,武汉工商学院,303,,,,439,109313,439.171100079
2745,武汉工商学院,304,,,,430,114611,430.187103095
2747,长江大学文理学院,301,,,,422,119091,422.163086058
2748,湖北商贸学院,301,,,,425,117444,425.165100114
2748,湖北商贸学院,302,,,,423,118552,423.177089086
2750,湖北医药学院药护学院,301,,,,434,112335,434.180103096
2751,湖北恩施学院,301,,,,428,115778,428.151091079
2752,湖北经济学院法商学院,301,,,,452,101363,452.181094093
2755,湖北文理学院理工学院,301,,,,513,60466,513.208110071
2756,湖北工程学院新技术学院,301,,,,430,114611,430.162105091
2757,文华学院,301,,,,425,117444,425.169097091
2757,文华学院,302,,,,413,123709,413.165089064
2762,武汉学院,301,,,,412,124211,412.163105096
2762,武汉学院,302,,,,428,115778,428.176091098
2762,武汉学院,303,,,,424,117985,424.176090086
2763,武汉工程科技学院,301,,,,425,117444,425.172102089
2764,武汉华夏理工学院,301,,,,422,119091,422.176100090
2764,武汉华夏理工学院,302,,,,434,112335,434.181102070
2773,武汉设计工程学院,301,,,,418,121181,418.169103100
2775,湖北第二师范学院,301,,,,542,42561,542.217114111
2775,湖北第二师范学院,302,,,,487,77932,487.201102090
2795,湖北三峡航空学院,301,,,,416,122226,416.142086116
2795,湖北三峡航空学院,302,,,,426,116902,426.160104098
2801,湘潭大学,301,,,,564,30562,564.216118125
2801,湘潭大学,302,,,,563,31069,563.224113128
2801,湘潭大学,303,,,,571,27047,571.227120115
2802,吉首大学,301,,,,505,65683,505.207111080
2802,吉首大学,302,,,,505,65683,505.201111103
2803,湖南大学,301,,,,637,3850,637.245124131
2803,湖南大学,302,,,,639,3489,639.255132130
2803,湖南大学,303,高校专项计划组,,,613,9773,613.229121122
2803,湖南大学,304,国家专项计划组,,,588,19218,588.233122138
2803,湖南大学,305,国家专项计划组,,,598,15183,598.229121125
2804,中南大学,301,,,,640,3332,640.242129132
2804,中南大学,302,,,,633,4657,633.259134109
2804,中南大学,303,,,,631,5085,631.246124128
2804,中南大学,304,合作办学组,,,603,13232,603.241123114
2804,中南大学,305,,,,630,5284,630.243125134
2804,中南大学,306,,,,655,1430,655.259132128
2804,中南大学,307,高校专项计划组,,,617,8598,617.220112131
2804,中南大学,308,高校专项计划组,,,,,
2804,中南大学,309,国家专项计划组,,,608,11475,608.216109122
2804,中南大学,310,国家专项计划组,,,621,7485,621.231118129
2805,湖南科技大学,301,,,,509,63028,509.216119116
2805,湖南科技大学,302,,,,526,52177,526.220118104
2805,湖南科技大学,303,,,,486,78583,486.197104092
2806,长沙理工大学,301,,,,559,33157,559.224119126
2806,长沙理工大学,302,,,,532,48423,532.214107101
2807,湖南农业大学,301,,,,470,89567,470.183105118
2807,湖南农业大学,302,,,,483,80653,483.189116123
2807,湖南农业大学,303,,,,491,75208,491.197101118
2808,中南林业科技大学,301,,,,496,71691,496.218111108
2808,中南林业科技大学,302,,,,495,72384,495.195101104
2809,湖南中医药大学,301,,,,574,25620,574.229121124
2809,湖南中医药大学,302,,,,527,51540,527.203114117
2809,湖南中医药大学,303,,,,553,36434,553.215115123
2809,湖南中医药大学,304,,,,554,35858,554.220118105
2809,湖南中医药大学,305,,,,562,31551,562.228116124
2809,湖南中医药大学,306,,,,510,62391,510.197106097
2810,湖南师范大学,301,,,,584,20919,584.231122118
2810,湖南师范大学,302,,,,582,21818,582.222112128
2810,湖南师范大学,303,,,,556,34745,556.229120114
2811,湖南理工大学,301,,,,534,47263,534.210111117
2811,湖南理工大学,302,,,,516,58515,516.216114110
2812,湘南学院,301,,,,485,79287,485.182104107
2812,湘南学院,302,,,,478,84139,478.187102117
2812,湘南学院,303,,,,449,103240,449.181099089
2812,湘南学院,304,,,,508,63699,508.198110098
2813,衡阳师范学院,301,,,,480,82762,480.212112111
2813,衡阳师范学院,302,,,,503,67037,503.226116074
2813,衡阳师范学院,303,,,,516,58515,516.189111110
2813,衡阳师范学院,304,,,,453,100719,453.176092090
2813,衡阳师范学院,305,,,,483,80653,483.188103102
2814,邵阳学院,301,,,,499,69661,499.202104110
2814,邵阳学院,302,,,,506,65003,506.199116117
2814,邵阳学院,303,,,,444,106286,444.199100094
2815,怀化学院,301,,,,512,61078,512.207110107
2815,怀化学院,302,,,,508,63699,508.198111102
2815,怀化学院,303,,,,455,99475,455.192096085
2815,怀化学院,304,,,,451,101979,451.165097112
2816,湖南文理学院,301,,,,412,124211,412.196098054
2817,湖南科技学院,301,,,,494,73086,494.202104092
2817,湖南科技学院,302,,,,466,92259,466.203106081
2817,湖南科技学院,303,合作办学组,,,478,84139,478.180107112
2818,湖南人文科技学院,301,,,,424,117985,424.188104088
2818,湖南人文科技学院,302,,,,440,108709,440.176111119
2818,湖南人文科技学院,303,合作办学组,,,437,110501,437.183106115
2818,湖南人文科技学院,304,,,,488,77244,488.188111105
2818,湖南人文科技学院,305,,,,434,112335,434.162090098
2818,湖南人文科技学院,306,,,,481,82062,481.192102094
2819,湖南工商大学,301,,,,436,111130,436.182104095
2819,湖南工商大学,302,,,,527,51540,527.221112108
2819,湖南工商大学,303,,,,506,65003,506.213114077
2820,南华大学,301,,,,437,110501,437.176107088
2821,长沙医学院,301,,,,485,79287,485.197101096
2826,长沙学院,301,,,,498,70354,498.193101102
2826,长沙学院,302,,,,522,54717,522.218110077
2826,长沙学院,303,,,,505,65683,505.201113119
2827,湖南工程学院,301,,,,515,59190,515.221114111
2827,湖南工程学院,302,,,,477,84836,477.193111124
2827,湖南工程学院,303,,,,432,113490,432.186101065
2827,湖南工程学院,304,合作办学组,,,449,103240,449.195107046
2828,湖南城市学院,301,,,,453,100719,453.194115085
2828,湖南城市学院,302,,,,446,105066,446.171105102
2829,湖南工学院,301,,,,501,68329,501.221119124
2829,湖南工学院,302,,,,503,67037,503.199111086
2829,湖南工学院,303,,,,512,61078,512.198103102
2830,湖南财政经济学院,301,,,,484,79965,484.186113123
2830,湖南财政经济学院,302,,,,531,49079,531.205113119
2832,湖南工业大学,301,,,,541,43132,541.217111124
2832,湖南工业大学,302,,,,540,43706,540.220114105
2832,湖南工业大学,303,,,,565,30102,565.234119116
2832,湖南工业大学,304,,,,482,81351,482.193117103
2833,湖南女子学院,301,,,,464,93632,464.197112110
2833,湖南女子学院,302,,,,477,84836,477.204106088
2836,湖南第一师范学院,301,,,,444,106286,444.188102097
2836,湖南第一师范学院,302,,,,509,63028,509.221120087
2838,湖南医药学院,301,,,,530,49685,530.205106120
2838,湖南医药学院,302,,,,461,95622,461.183107101
2838,湖南医药学院,303,,,,525,52839,525.221115107
2838,湖南医药学院,304,,,,476,85499,476.201107097
2838,湖南医药学院,305,,,,441,108122,441.179098099
2842,湖南涉外经济学院,301,,,,402,128948,402.158095091
2842,湖南涉外经济学院,302,,,,,,
2842,湖南涉外经济学院,303,,,,407,126607,407.173087073
2859,湘潭理工学院,301,,,,426,116902,426.194107093
2859,湘潭理工学院,302,,,,423,118552,423.166093071
2860,长沙工业学院,301,,,,545,40943,545.213116120
2862,中南林业科技大学涉外学院,301,,,,430,114611,430.177096110
2862,中南林业科技大学涉外学院,302,,,,441,108122,441.174093082
2863,常德学院,301,,,,408,126113,408.177097060
2864,岳阳学院,301,,,,409,125656,409.168095077
2864,岳阳学院,302,,,,405,127543,405.166103082
2864,岳阳学院,303,,,,402,128948,402.163096093
2865,衡阳师范学院南岳学院,301,,,,439,109313,439.190097066
2865,衡阳师范学院南岳学院,302,,,,419,120637,419.165083093
2865,衡阳师范学院南岳学院,303,,,,409,125656,409.164106093
2891,长沙师范学院,301,,,,476,85499,476.192105099
2891,长沙师范学院,302,,,,507,64331,507.198100098
2894,湖南应用技术学院,301,,,,430,114611,430.178090071
2894,湖南应用技术学院,302,,,,405,127543,405.154106090
2895,湖南信息学院,301,,,,468,90939,468.203111102
2899,湖南交通工程学院,301,,,,409,125656,409.191101071
2901,湖南汽车工程职业大学,301,,,,514,59845,514.197107101
2952,中山大学,301,,,,639,3489,639.240127134
2952,中山大学,302,,,,656,1341,656.249128143
2952,中山大学,303,,,,637,3850,637.238120129
2952,中山大学,304,高校专项计划组,,,617,8598,617.243124132
2952,中山大学,305,国家专项计划组,,,610,10758,610.236124130
2953,暨南大学,301,,,,604,12897,604.228118131
2953,暨南大学,302,,,,600,14366,600.237125124
2953,暨南大学,303,,,,600,14366,600.242124115
2953,暨南大学,304,,,,595,16316,595.221114126
2953,暨南大学,305,,,,602,13604,602.237122119
2953,暨南大学,306,,,,606,12157,606.232118117
2953,暨南大学,307,,,,611,10413,611.236124116
2953,暨南大学,308,,,,622,7204,622.244124127
2953,暨南大学,309,,,,616,8877,616.244125123
2953,暨南大学,310,,,,588,19218,588.231122133
2953,暨南大学,311,国家专项计划组,,,600,14366,600.246123103
2953,暨南大学,312,国家专项计划组,,,557,34225,557.215112110
2954,汕头大学,301,,,,548,39243,548.231118110
2954,汕头大学,302,,,,567,29088,567.230123114
2954,汕头大学,303,,,,584,20919,584.237122121
2955,华南理工大学,301,,,,647,2294,647.252129135
2955,华南理工大学,302,,,,642,3022,642.251128132
2955,华南理工大学,303,,,,641,3175,641.239128128
2955,华南理工大学,304,,,,641,3175,641.241122128
2955,华南理工大学,305,高校专项计划组,,,631,5085,631.253130133
2955,华南理工大学,306,国家专项计划组,,,617,8598,617.252129127
2956,华南农业大学,301,,,,559,33157,559.213107112
2956,华南农业大学,302,,,,563,31069,563.224122113
2957,广东海洋大学,303,,,,526,52177,526.220110105
2957,广东海洋大学,304,,,,502,67689,502.195109117
2957,广东海洋大学,305,,,,527,51540,527.204102125
2957,广东海洋大学,306,,,,550,38107,550.227124109
2957,广东海洋大学,307,,,,542,42561,542.210108098
2957,广东海洋大学,308,,,,521,55350,521.207119109
2957,广东海洋大学,309,,,,490,75871,490.192116112
2958,广州医科大学,301,,,,619,8038,619.241131121
2958,广州医科大学,302,,,,534,47263,534.214111105
2959,广东医科大学,301,,,,559,33157,559.213111113
2959,广东医科大学,302,,,,509,63028,509.196108124
2960,广州中医药大学,301,,,,593,17125,593.231128128
2960,广州中医药大学,302,,,,553,36434,553.235118122
2960,广州中医药大学,303,,,,565,30102,565.212111102
2960,广州中医药大学,304,,,,542,42561,542.210110114
2961,广东药科大学,301,,,,507,64331,507.204108096
2961,广东药科大学,302,,,,521,55350,521.208105116
2961,广东药科大学,303,,,,514,59845,514.216114090
2961,广东药科大学,304,,,,509,63028,509.199113097
2962,华南师范大学,301,,,,562,31551,562.214108132
2962,华南师范大学,302,,,,610,10758,610.230116123
2962,华南师范大学,303,,,,603,13232,603.248127110
2962,华南师范大学,304,,,,613,9773,613.234120129
2966,岭南师范学院,301,,,,492,74508,492.200112093
2966,岭南师范学院,302,,,,514,59845,514.188107109
2966,岭南师范学院,303,,,,502,67689,502.193097126
2966,岭南师范学院,304,,,,482,81351,482.178099080
2966,岭南师范学院,305,,,,493,73817,493.209116117
2966,岭南师范学院,306,,,,470,89567,470.191108099
2966,岭南师范学院,307,,,,497,71044,497.195108102
2967,肇庆学院,301,,,,462,94965,462.194114097
2967,肇庆学院,302,,,,496,71691,496.208106093
2967,肇庆学院,303,,,,533,47848,533.229118102
2967,肇庆学院,304,,,,468,90939,468.196103099
2968,嘉应学院,301,,,,468,90939,468.202105085
2968,嘉应学院,302,,,,464,93632,464.186100077
2968,嘉应学院,303,,,,464,93632,464.190098087
2968,嘉应学院,304,,,,455,99475,455.179100102
2972,广东技术师范大学,301,,,,556,34745,556.222114117
2973,深圳大学,301,,,,603,13232,603.242125131
2973,深圳大学,302,合作办学组,,,579,23209,579.214118118
2973,深圳大学,303,,,,610,10758,610.236122127
2974,广东财经大学,301,,,,559,33157,559.220115127
2974,广东财经大学,302,合作办学组,,,544,41495,544.202112121
2981,广州大学,301,,,,600,14366,600.240121127
2981,广州大学,302,,,,597,15557,597.238124125
2981,广州大学,303,,,,552,36980,552.232130112
2981,广州大学,304,,,,592,17526,592.232117125
2981,广州大学,305,,,,542,42561,542.222112116
2981,广州大学,306,,,,593,17125,593.242122124
2981,广州大学,307,,,,596,15928,596.231121120
2988,五邑大学,301,,,,528,50905,528.191099113
2988,五邑大学,302,,,,523,54122,523.217119110
2989,广东金融学院,301,,,,547,39805,547.218114112
2989,广东金融学院,302,,,,541,43132,541.218113106
2989,广东金融学院,303,,,,550,38107,550.217113107
2990,电子科技大学中山学院,301,,,,406,127067,406.161100081
2990,电子科技大学中山学院,302,,,,462,94965,462.192107084
2990,电子科技大学中山学院,303,,,,461,95622,461.170104109
2990,电子科技大学中山学院,304,,,,434,112335,434.162094092
2991,广东石油化工学院,301,,,,547,39805,547.220112113
2991,广东石油化工学院,302,,,,561,32100,561.231123105
2992,东莞理工学院,301,,,,438,109920,438.152089100
2993,广东工业大学,301,,,,586,20073,586.232124096
2993,广东工业大学,302,合作办学组,,,536,46089,536.209112096
2993,广东工业大学,303,,,,604,12897,604.233119122
2993,广东工业大学,304,,,,599,14785,599.248125130
2993,广东工业大学,305,,,,499,69661,499.189112103
2993,广东工业大学,306,,,,512,61078,512.199121131
2993,广东工业大学,307,,,,608,11475,608.233121128
2994,广东外语外贸大学,301,,,,580,22748,580.220115125
2994,广东外语外贸大学,302,,,,551,37532,551.208123129
2995,佛山大学,301,,,,491,75208,491.220116097
2995,佛山大学,302,,,,493,73817,493.218109090
3000,南方医科大学,301,,,,603,13232,603.228126132
3000,南方医科大学,302,,,,642,3022,642.249128132
3000,南方医科大学,303,,,,579,23209,579.225118101
3000,南方医科大学,304,,,,563,31069,563.217116122
3000,南方医科大学,305,,,,543,42036,543.231121115
3011,广州城市理工学院,301,,,,404,128007,404.159080094
3011,广州城市理工学院,302,,,,401,129364,401.141095099
3012,广州软件学院,301,,,,426,116902,426.173102096
3012,广州软件学院,302,,,,428,115778,428.179093084
3012,广州软件学院,303,,,,424,117985,424.152089118
3012,广州软件学院,304,,,,434,112335,434.176091090
3012,广州软件学院,305,,,,425,117444,425.153080090
3013,广州南方学院,301,,,,410,125186,410.155097107
3013,广州南方学院,302,,,,416,122226,416.156092095
3017,华南农业大学珠江学院,301,,,,404,128007,404.168088086
3018,广州理工学院,301,,,,419,120637,419.165091076
3038,广州华立学院,301,,,,,,
3038,广州华立学院,302,,,,402,128948,402.161100098
3040,广州商学院,301,,,,426,116902,426.165101068
3040,广州商学院,302,,,,412,124211,412.168089067
3042,珠海科技学院,301,,,,456,98826,456.187097082
3042,珠海科技学院,302,,,,460,96266,460.178100101
3050,广州工商学院,301,,,,415,122733,415.150109091
3050,广州工商学院,302,合作办学组,,,,,
3050,广州工商学院,303,,,,423,118552,423.162096071
3050,广州工商学院,304,合作办学组,,,,,
3055,广东科技学院,301,,,,401,129364,401.178106049
3056,广东理工学院,301,,,,,,
3056,广东理工学院,302,,,,402,128948,402.156092116
3057,广东工商职业技术大学,301,,,,,,
3058,肇庆医学院,301,,,,515,59190,515.206108117
3058,肇庆医学院,302,,,,494,73086,494.211107113
3058,肇庆医学院,303,,,,481,82062,481.188103113
3058,肇庆医学院,304,,,,482,81351,482.187095098
3059,东莞城市学院,301,,,,410,125186,410.192110082
3059,东莞城市学院,302,,,,402,128948,402.171097069
3060,广州新华学院,301,,,,403,128503,403.169099077
3060,广州新华学院,302,,,,403,128503,403.165092072
3098,深圳技术大学,301,,,,595,16316,595.220110130
3098,深圳技术大学,302,,,,602,13604,602.239126118
3112,北师香港浸会大学,301,合作办学组,,,556,34745,556.215113110
3112,北师香港浸会大学,302,合作办学组,,,558,33708,558.214109098
3114,深圳北理莫斯科大学,303,合作办学组,,,576,24660,576.230118126
3114,深圳北理莫斯科大学,304,合作办学组,,,586,20073,586.224115126
3117,哈尔滨工业大学(深圳),301,,,,668,571,668.273139136
3118,北京师范大学(珠海校区),304,,,,630,5284,630.250131139
3118,北京师范大学(珠海校区),305,,,,632,4875,632.232118138
3120,广西大学,301,,,,545,40943,545.193105123
3120,广西大学,302,,,,567,29088,567.209109121
3120,广西大学,303,高校专项计划组,,,585,20496,585.224120109
3121,广西科技大学,301,,,,477,84836,477.191097093
3121,广西科技大学,302,,,,532,48423,532.222121070
3121,广西科技大学,303,,,,539,44321,539.208123130
3121,广西科技大学,304,,,,502,67689,502.202114089
3121,广西科技大学,305,,,,539,44321,539.199100124
3121,广西科技大学,306,合作办学组,,,463,94291,463.182106117
3121,广西科技大学,307,合作办学组,,,418,121181,418.167094098
3121,广西科技大学,308,,,,431,114034,431.159110121
3121,广西科技大学,309,,,,522,54717,522.202114097
3122,桂林电子科技大学,301,,,,526,52177,526.212108117
3122,桂林电子科技大学,302,,,,566,29615,566.219112129
3122,桂林电子科技大学,303,合作办学组,,,483,80653,483.179096118
3122,桂林电子科技大学,304,,,,585,20496,585.249130107
3122,桂林电子科技大学,305,,,,593,17125,593.230117128
3122,桂林电子科技大学,306,,,,590,18344,590.228124103
3122,桂林电子科技大学,307,,,,570,27506,570.231117126
3122,桂林电子科技大学,308,,,,580,22748,580.223112123
3122,桂林电子科技大学,309,,,,585,20496,585.228114119
3122,桂林电子科技大学,310,,,,585,20496,585.224115120
3122,桂林电子科技大学,311,,,,413,123709,413.181116085
3122,桂林电子科技大学,312,,,,586,20073,586.234123127
3122,桂林电子科技大学,313,,,,587,19640,587.222116127
3122,桂林电子科技大学,314,合作办学组,,,537,45512,537.215108088
3122,桂林电子科技大学,315,合作办学组,,,542,42561,542.211108124
3123,桂林理工大学,301,,,,454,100090,454.165090101
3123,桂林理工大学,302,,,,530,49685,530.208111112
3123,桂林理工大学,303,合作办学组,,,516,58515,516.204107108
3123,桂林理工大学,304,合作办学组,,,491,75208,491.203104114
3124,广西医科大学,301,,,,613,9773,613.249129128
3124,广西医科大学,302,,,,583,21361,583.226113126
3124,广西医科大学,303,,,,539,44321,539.209119121
3124,广西医科大学,304,,,,515,59190,515.215109112
3124,广西医科大学,305,,,,519,56662,519.185100088
3124,广西医科大学,306,,,,504,66355,504.197105095
3125,右江民族医学院,301,,,,528,50905,528.209118102
3125,右江民族医学院,302,,,,531,49079,531.211124106
3125,右江民族医学院,303,,,,442,107497,442.190113100
3125,右江民族医学院,304,,,,447,104455,447.212110047
3125,右江民族医学院,305,,,,470,89567,470.192096100
3126,广西中医药大学,301,,,,545,40943,545.221117119
3126,广西中医药大学,302,,,,540,43706,540.208107114
3126,广西中医药大学,303,,,,498,70354,498.219113116
3126,广西中医药大学,304,,,,522,54717,522.200113110
3126,广西中医药大学,305,,,,518,57296,518.209106093
3126,广西中医药大学,306,,,,511,61740,511.222115103
3126,广西中医药大学,307,,,,509,63028,509.204103063
3127,桂林医科大学,301,,,,564,30562,564.239124112
3127,桂林医科大学,302,,,,575,25157,575.237124120
3127,桂林医科大学,303,,,,445,105659,445.186102091
3127,桂林医科大学,304,,,,527,51540,527.214118121
3127,桂林医科大学,305,,,,493,73817,493.220110085
3128,广西师范大学,301,,,,501,68329,501.210105102
3128,广西师范大学,302,,,,426,116902,426.172106095
3128,广西师范大学,303,,,,512,61078,512.207113119
3128,广西师范大学,304,,,,488,77244,488.190106106
3128,广西师范大学,305,,,,493,73817,493.206120106
3128,广西师范大学,306,,,,519,56662,519.223120092
3128,广西师范大学,307,,,,554,35858,554.207116123
3128,广西师范大学,308,,,,518,57296,518.190098106
3128,广西师范大学,309,,,,508,63699,508.202109082
3129,南宁师范大学,301,,,,473,87550,473.199101092
3129,南宁师范大学,302,,,,519,56662,519.212107107
3129,南宁师范大学,303,合作办学组,,,419,120637,419.179094037
3129,南宁师范大学,304,合作办学组,,,434,112335,434.168091103
3129,南宁师范大学,305,合作办学组,,,404,128007,404.140095106
3129,南宁师范大学,306,,,,502,67689,502.204110092
3130,广西民族师范学院,301,,,,477,84836,477.214108076
3130,广西民族师范学院,302,,,,455,99475,455.178091098
3131,河池学院,301,,,,474,86902,474.194099099
3131,河池学院,302,,,,456,98826,456.187097082
3132,玉林师范学院,301,,,,451,101979,451.196101079
3133,广西艺术学院,301,,,,453,100719,453.160092117
3134,广西民族大学,301,,,,479,83454,479.197111125
3134,广西民族大学,302,,,,480,82762,480.219117104
3134,广西民族大学,303,,,,478,84139,478.198112102
3134,广西民族大学,304,,,,473,87550,473.207118101
3134,广西民族大学,305,合作办学组,,,482,81351,482.195101078
3134,广西民族大学,306,,,,478,84139,478.176089119
3134,广西民族大学,307,合作办学组,,,454,100090,454.180101120
3134,广西民族大学,308,,,,486,78583,486.179107104
3138,梧州学院,301,,,,468,90939,468.173101122
3138,梧州学院,302,,,,493,73817,493.197106115
3138,梧州学院,303,,,,461,95622,461.191112095
3141,广西警察学院,301,,,,506,65003,506.207116112
3142,广西财经学院,301,,,,505,65683,505.201104114
3142,广西财经学院,302,合作办学组,,,412,124211,412.190096083
3142,广西财经学院,303,,,,511,61740,511.207113098
3142,广西财经学院,304,合作办学组,,,424,117985,424.165100099
3142,广西财经学院,305,合作办学组,,,452,101363,452.175088086
3143,南宁学院,301,,,,407,126607,407.162088057
3143,南宁学院,302,,,,409,125656,409.183105073
3143,南宁学院,303,,,,402,128948,402.154078089
3143,南宁学院,304,,,,421,119606,421.170097101
3144,北部湾大学,301,,,,521,55350,521.200106107
3144,北部湾大学,302,,,,508,63699,508.202114115
3144,北部湾大学,303,,,,519,56662,519.196100108
3148,桂林航天工业学院,301,,,,504,66355,504.192103124
3148,桂林航天工业学院,302,,,,507,64331,507.207107108
3148,桂林航天工业学院,303,,,,521,55350,521.217109111
3148,桂林航天工业学院,304,,,,555,35325,555.209105116
3148,桂林航天工业学院,305,,,,523,54122,523.208105091
3149,桂林旅游学院,301,合作办学组,,,,,
3149,桂林旅游学院,302,,,,497,71044,497.216113109
3149,桂林旅游学院,303,合作办学组,,,438,109920,438.176098089
3150,贺州学院,301,,,,454,100090,454.191112102
3150,贺州学院,302,,,,464,93632,464.174092101
3150,贺州学院,303,,,,461,95622,461.153096129
3162,柳州工学院,301,,,,405,127543,405.157089050
3164,桂林学院,301,,,,403,128503,403.178109065
3164,桂林学院,302,,,,410,125186,410.176088047
3166,广西中医药大学赛恩斯新医药学院,301,,,,485,79287,485.207107087
3166,广西中医药大学赛恩斯新医药学院,302,,,,428,115778,428.184110082
3166,广西中医药大学赛恩斯新医药学院,303,,,,428,115778,428.185110079
3167,桂林信息科技学院,301,,,,405,127543,405.149099090
3167,桂林信息科技学院,302,,,,401,129364,401.150098091
3168,南宁理工学院,301,,,,402,128948,402.178095070
3168,南宁理工学院,302,,,,410,125186,410.171089069
3172,广西外国语学院,301,,,,402,128948,402.135082102
3172,广西外国语学院,302,,,,,,
3172,广西外国语学院,303,,,,402,128948,402.145090085
3175,广西城市职业大学,301,,,,407,126607,407.170103087
3211,海南大学,301,,,,572,26560,572.224116113
3211,海南大学,302,,,,557,34225,557.233122108
3211,海南大学,303,合作办学组,,,536,46089,536.195114130
3211,海南大学,304,,,,559,33157,559.225123134
3211,海南大学,305,合作办学组,,,574,25620,574.224116114
3211,海南大学,306,,,,540,43706,540.222123117
3212,海南热带海洋学院,302,,,,485,79287,485.193100103
3212,海南热带海洋学院,303,合作办学组,,,420,120122,420.140080098
3212,海南热带海洋学院,304,,,,469,90283,469.180107110
3212,海南热带海洋学院,305,,,,467,91565,467.183094087
3212,海南热带海洋学院,306,,,,512,61078,512.190102108
3213,海南师范大学,301,,,,501,68329,501.207114114
3213,海南师范大学,302,,,,494,73086,494.198104101
3213,海南师范大学,303,,,,526,52177,526.206113118
3213,海南师范大学,304,合作办学组,,,523,54122,523.206108132
3213,海南师范大学,305,,,,492,74508,492.210108108
3214,海南医科大学,301,,,,547,39805,547.204113129
3214,海南医科大学,302,,,,557,34225,557.230118109
3214,海南医科大学,303,,,,483,80653,483.183112120
3214,海南医科大学,304,,,,508,63699,508.200108105
3214,海南医科大学,305,,,,513,60466,513.200108116
3214,海南医科大学,306,,,,525,52839,525.206108105
3214,海南医科大学,307,,,,512,61078,512.212116084
3214,海南医科大学,308,合作办学组,,,423,118552,423.187114105
3214,海南医科大学,309,合作办学组,,,437,110501,437.148082117
3216,海口经济学院,301,,,,402,128948,402.182106070
3216,海口经济学院,302,,,,426,116902,426.173087086
3216,海口经济学院,303,,,,405,127543,405.177099071
3221,琼台师范学院,301,,,,487,77932,487.190114120
3221,琼台师范学院,302,,,,472,88227,472.199116119
3221,琼台师范学院,303,合作办学组,,,423,118552,423.194112083
3221,琼台师范学院,304,,,,471,88879,471.203108090
3221,琼台师范学院,305,,,,520,56002,520.226127113
3224,三亚学院,301,,,,403,128503,403.155088091
3224,三亚学院,302,,,,401,129364,401.157099069
3224,三亚学院,303,,,,401,129364,401.165093071
3226,海南科技职业大学,302,,,,412,124211,412.166103104
3232,海南比勒费尔德应用科学大学,301,,,,439,109313,439.165091098
3232,海南比勒费尔德应用科学大学,302,,,,407,126607,407.182111082
3232,海南比勒费尔德应用科学大学,303,,,,457,98150,457.183109114
3239,重庆大学,301,,,,647,2294,647.251131126
3239,重庆大学,302,,,,646,2426,646.253130134
3239,重庆大学,303,,,,637,3850,637.240122140
3239,重庆大学,304,合作办学组,,,627,5983,627.232119126
3239,重庆大学,305,合作办学组,,,609,11116,609.227124123
3239,重庆大学,306,合作办学组,,,592,17526,592.222111133
3239,重庆大学,307,高校专项计划组,,,640,3332,640.252128132
3239,重庆大学,308,国家专项计划组,,,615,9170,615.231120127
3239,重庆大学,309,国家专项计划组,,,628,5741,628.240133123
3239,重庆大学,310,边防军人子女预科,,,566,29615,566.221124123
3240,重庆邮电大学,301,,,,586,20073,586.240123106
3241,重庆交通大学,301,,,,529,50310,529.201120119
3241,重庆交通大学,302,,,,551,37532,551.209120108
3242,重庆医科大学,301,,,,594,16722,594.239123132
3242,重庆医科大学,302,,,,558,33708,558.216109124
3242,重庆医科大学,303,,,,545,40943,545.230118077
3242,重庆医科大学,304,,,,547,39805,547.224122123
3243,西南大学,312,,,,571,27047,571.230118133
3243,西南大学,313,,,,586,20073,586.237120108
3243,西南大学,314,,,,590,18344,590.238120128
3243,西南大学,315,合作办学组,,,561,32100,561.228124121
3243,西南大学,316,,,,605,12554,605.246124125
3243,西南大学,317,,,,607,11828,607.243126124
3243,西南大学,318,,,,601,13988,601.231122126
3243,西南大学,319,,,,604,12897,604.235120129
3243,西南大学,320,,,,580,22748,580.203105125
3243,西南大学,321,,,,622,7204,622.248129119
3243,西南大学,322,,,,626,6196,626.251129120
3243,西南大学,323,合作办学组,,,578,23639,578.225118113
3243,西南大学,324,合作办学组,,,590,18344,590.234120117
3243,西南大学,325,合作办学组,,,597,15557,597.236119122
3243,西南大学,326,合作办学组,,,563,31069,563.222122112
3243,西南大学,327,合作办学组,,,554,35858,554.212112113
3243,西南大学,328,,,,610,10758,610.238124120
3243,西南大学,329,,,,576,24660,576.226116129
3243,西南大学,330,,,,595,16316,595.213117125
3243,西南大学,331,高校专项计划组,,,601,13988,601.240124117
3244,重庆师范大学,301,,,,532,48423,532.213111108
3244,重庆师范大学,302,,,,552,36980,552.219116114
3244,重庆师范大学,303,,,,549,38659,549.232122116
3244,重庆师范大学,304,,,,431,114034,431.174100073
3245,重庆文理学院,301,,,,497,71044,497.207107101
3245,重庆文理学院,302,,,,516,58515,516.195117103
3245,重庆文理学院,303,,,,516,58515,516.198110091
3245,重庆文理学院,304,合作办学组,,,464,93632,464.185104124
3245,重庆文理学院,305,,,,478,84139,478.205107093
3246,重庆三峡科技大学,301,,,,506,65003,506.193109118
3246,重庆三峡科技大学,302,,,,527,51540,527.215112100
3246,重庆三峡科技大学,303,,,,522,54717,522.223114123
3247,长江师范学院,301,,,,487,77932,487.178101127
3247,长江师范学院,302,,,,487,77932,487.192097119
3247,长江师范学院,303,,,,498,70354,498.223121109
3247,长江师范学院,304,合作办学组,,,482,81351,482.179090101
3247,长江师范学院,305,合作办学组,,,484,79965,484.198105082
3248,四川外国语大学,302,,,,551,37532,551.220110130
3248,四川外国语大学,303,,,,531,49079,531.189112130
3248,四川外国语大学,304,,,,534,47263,534.212122126
3248,四川外国语大学,305,合作办学组,,,524,53482,524.183099122
3249,西南政法大学,303,,,,614,9470,614.235121134
3249,西南政法大学,304,,,,595,16316,595.231120122
3249,西南政法大学,305,高校专项计划组,,,600,14366,600.232117119
3250,四川美术学院,301,,,,547,39805,547.228118100
3252,重庆科技大学,301,,,,524,53482,524.203118116
3252,重庆科技大学,302,,,,544,41495,544.215111099
3252,重庆科技大学,303,,,,528,50905,528.219112106
3252,重庆科技大学,304,,,,537,45512,537.220118095
3253,重庆理工大学,301,,,,561,32100,561.228120127
3253,重庆理工大学,302,,,,577,24149,577.224114109
3253,重庆理工大学,303,,,,555,35325,555.226114100
3254,重庆工商大学,301,,,,432,113490,432.183098056
3254,重庆工商大学,302,合作办学组,,,492,74508,492.207111106
3254,重庆工商大学,303,,,,565,30102,565.224119099
3254,重庆工商大学,304,,,,490,75871,490.200108118
3259,重庆机电职业技术大学,301,,,,429,115171,429.180112080
3261,重庆电子科技职业大学,301,,,,520,56002,520.204106107
3261,重庆电子科技职业大学,302,,,,507,64331,507.209121110
3261,重庆电子科技职业大学,303,,,,512,61078,512.211109092
3262,重庆城市科技学院,301,,,,439,109313,439.175094099
3262,重庆城市科技学院,302,,,,435,111714,435.162106096
3270,重庆人文科技学院,301,,,,441,108122,441.169093105
3270,重庆人文科技学院,302,,,,439,109313,439.180101095
3270,重庆人文科技学院,303,,,,439,109313,439.171106099
3271,重庆外语外事学院,301,,,,430,114611,430.161108095
3271,重庆外语外事学院,302,,,,427,116331,427.161107111
3272,重庆对外经贸学院,301,,,,429,115171,429.182102098
3272,重庆对外经贸学院,302,,,,427,116331,427.184093096
3273,重庆财经学院,301,,,,445,105659,445.192111086
3274,重庆工商大学派斯学院,301,,,,433,112913,433.193104092
3274,重庆工商大学派斯学院,302,,,,441,108122,441.182098092
3275,重庆移通学院,301,,,,428,115778,428.192105073
3275,重庆移通学院,302,,,,437,110501,437.155094106
3298,重庆第二师范学院,301,,,,479,83454,479.192115123
3298,重庆第二师范学院,302,,,,513,60466,513.182095119
3313,西南大学(荣昌校区),301,,,,569,28037,569.230123124
3313,西南大学(荣昌校区),302,,,,566,29615,566.229125096
3313,西南大学(荣昌校区),303,国家专项计划组,,,533,47848,533.203102111
3313,西南大学(荣昌校区),304,国家专项计划组,,,534,47263,534.224113104
3315,四川大学,301,,,,622,7204,622.248128122
3315,四川大学,302,,,,621,7485,621.239122137
3315,四川大学,303,,,,642,3022,642.251127132
3315,四川大学,304,,,,657,1264,657.257129139
3315,四川大学,305,高校专项计划组,,,631,5085,631.238122128
3315,四川大学,306,国家专项计划组,,,595,16316,595.242122126
3316,西南交通大学,301,,,,628,5741,628.240122138
3316,西南交通大学,302,,,,627,5983,627.245123117
3316,西南交通大学,303,,,,627,5983,627.250130122
3316,西南交通大学,304,,,,624,6686,624.236121120
3316,西南交通大学,305,,,,624,6686,624.234118131
3316,西南交通大学,306,,,,616,8877,616.233118114
3316,西南交通大学,307,,,,612,10095,612.226121127
3316,西南交通大学,308,,,,617,8598,617.238122130
3316,西南交通大学,309,,,,601,13988,601.232118122
3316,西南交通大学,310,,,,598,15183,598.240122122
3316,西南交通大学,311,,,,610,10758,610.238122122
3316,西南交通大学,312,,,,597,15557,597.235124130
3316,西南交通大学,313,合作办学组,,,576,24660,576.226113123
3316,西南交通大学,314,合作办学组,,,571,27047,571.228126127
3316,西南交通大学,315,高校专项计划组,,,580,22748,580.224113112
3316,西南交通大学,316,国家专项计划组,,,565,30102,565.220121117
3317,电子科技大学,301,,,,652,1706,652.251126131
3317,电子科技大学,302,,,,644,2712,644.246129131
3317,电子科技大学,303,高校专项计划组,,,645,2558,645.246124134
3317,电子科技大学,304,国家专项计划组,,,645,2558,645.244131137
3318,西南石油大学,301,,,,566,29615,566.224117120
3318,西南石油大学,302,,,,585,20496,585.230121121
3318,西南石油大学,303,,,,581,22295,581.227117126
3318,西南石油大学,304,,,,609,11116,609.234117119
3318,西南石油大学,305,,,,581,22295,581.225114125
3318,西南石油大学,306,,,,604,12897,604.221120115
3318,西南石油大学,307,,,,573,26096,573.208109124
3319,成都理工大学,301,,,,564,30562,564.207112118
3319,成都理工大学,302,,,,553,36434,553.210110124
3319,成都理工大学,303,合作办学组,,,537,45512,537.221120113
3319,成都理工大学,304,合作办学组,,,550,38107,550.203115114
3319,成都理工大学,305,,,,612,10095,612.228129136
3319,成都理工大学,306,,,,592,17526,592.236121116
3319,成都理工大学,307,,,,558,33708,558.215110120
3319,成都理工大学,308,,,,583,21361,583.227123110
3319,成都理工大学,309,,,,566,29615,566.222113119
3319,成都理工大学,310,,,,568,28579,568.226117113
3319,成都理工大学,311,,,,589,18768,589.234118116
3319,成都理工大学,312,,,,566,29615,566.220117125
3319,成都理工大学,313,,,,579,23209,579.230121120
3319,成都理工大学,314,,,,601,13988,601.240125123
3319,成都理工大学,315,,,,580,22748,580.228119109
3319,成都理工大学,316,,,,575,25157,575.226117123
3319,成都理工大学,317,合作办学组,,,557,34225,557.217117120
3320,西南科技大学,301,,,,548,39243,548.220114113
3320,西南科技大学,302,,,,515,59190,515.214110093
3320,西南科技大学,303,,,,536,46089,536.201111107
3321,成都信息工程大学,301,,,,562,31551,562.232122125
3321,成都信息工程大学,302,,,,564,30562,564.234120124
3321,成都信息工程大学,303,,,,608,11475,608.248128122
3321,成都信息工程大学,304,,,,576,24660,576.230127114
3321,成都信息工程大学,305,合作办学组,,,551,37532,551.218111119
3321,成都信息工程大学,306,,,,566,29615,566.235121101
3322,四川轻化工大学,301,,,,499,69661,499.201103093
3323,西华大学,301,,,,527,51540,527.195109125
3323,西华大学,302,,,,538,44898,538.224120100
3323,西华大学,303,,,,542,42561,542.214111106
3323,西华大学,304,,,,528,50905,528.229117095
3324,中国民用航空飞行学院,302,,,,509,63028,509.203113096
3324,中国民用航空飞行学院,303,,,,558,33708,558.210118121
3324,中国民用航空飞行学院,304,,,,543,42036,543.217109130
3324,中国民用航空飞行学院,305,,,,547,39805,547.227118125
3324,中国民用航空飞行学院,306,,,,518,57296,518.215112103
3325,四川农业大学,301,,,,577,24149,577.238120129
3325,四川农业大学,302,,,,573,26096,573.228114127
3325,四川农业大学,303,,,,569,28037,569.238127111
3325,四川农业大学,304,,,,592,17526,592.234120112
3325,四川农业大学,305,,,,568,28579,568.227119120
3327,西南医科大学,301,,,,564,30562,564.228121123
3327,西南医科大学,302,,,,546,40364,546.215110117
3327,西南医科大学,303,,,,513,60466,513.207113106
3328,成都中医药大学,301,,,,594,16722,594.231117122
3328,成都中医药大学,302,,,,576,24660,576.216116121
3328,成都中医药大学,303,,,,561,32100,561.215108116
3328,成都中医药大学,304,,,,553,36434,553.223118115
3329,川北医学院,301,,,,569,28037,569.212107109
3329,川北医学院,302,,,,490,75871,490.191101101
3330,四川师范大学,301,,,,459,96873,459.182110122
3330,四川师范大学,302,,,,540,43706,540.219112121
3330,四川师范大学,303,,,,425,117444,425.179095084
3330,四川师范大学,304,,,,530,49685,530.198109133
3330,四川师范大学,305,,,,473,87550,473.196106082
3330,四川师范大学,306,,,,508,63699,508.204115119
3330,四川师范大学,307,,,,508,63699,508.210118108
3330,四川师范大学,308,,,,551,37532,551.228123101
3331,西华师范大学,301,,,,496,71691,496.190106114
3331,西华师范大学,302,,,,404,128007,404.180094090
3332,绵阳师范学院,301,,,,453,100719,453.192100084
3332,绵阳师范学院,302,,,,471,88879,471.201103097
3333,内江师范学院,301,,,,518,57296,518.213115100
3334,宜宾学院,301,,,,504,66355,504.196106115
3335,四川文理学院,301,,,,464,93632,464.198101089
3335,四川文理学院,302,,,,494,73086,494.206104109
3338,西南财经大学,301,,,,603,13232,603.232121128
3338,西南财经大学,302,合作办学组,,,543,42036,543.209109111
3338,西南财经大学,303,,,,614,9470,614.236125121
3338,西南财经大学,304,高校专项计划组,,,619,8038,619.241122131
3338,西南财经大学,305,国家专项计划组,,,591,17922,591.223120123
3339,成都体育学院,301,,,,535,46695,535.220124119
3341,西南民族大学,301,,,,544,41495,544.221111116
3341,西南民族大学,302,,,,542,42561,542.232121103
3342,成都大学,301,,,,534,47263,534.192100117
3342,成都大学,302,,,,542,42561,542.209107113
3342,成都大学,303,,,,566,29615,566.215108131
3342,成都大学,304,,,,530,49685,530.211117108
3343,成都工业学院,301,,,,552,36980,552.214113085
3343,成都工业学院,302,,,,550,38107,550.223121095
3344,攀枝花学院,301,,,,520,56002,520.221119099
3344,攀枝花学院,302,,,,518,57296,518.206114108
3345,四川旅游学院,301,,,,482,81351,482.192108123
3345,四川旅游学院,302,,,,503,67037,503.207115102
3345,四川旅游学院,303,,,,499,69661,499.193110121
3349,四川警察学院,301,,,,540,43706,540.225115100
3350,成都航空职业技术大学,301,,,,524,53482,524.196102111
3353,成都东软学院,301,,,,444,106286,444.195098049
3353,成都东软学院,302,,,,437,110501,437.161097096
3353,成都东软学院,303,,,,464,93632,464.178104124
3353,成都东软学院,304,合作办学组,,,,,
3364,四川工程职业技术大学,301,,,,489,76544,489.200110090
3364,四川工程职业技术大学,302,,,,493,73817,493.207108089
3365,四川建筑职业技术大学,301,,,,447,104455,447.192097101
3367,吉利学院,301,,,,414,123211,414.169107081
3367,吉利学院,302,,,,427,116331,427.180106077
3378,电子科技大学成都学院,301,,,,448,103863,448.199119075
3378,电子科技大学成都学院,302,,,,478,84139,478.189096099
3379,成都理工大学工程技术学院,301,,,,444,106286,444.182103058
3380,四川传媒学院,301,,,,408,126113,408.166097088
3380,四川传媒学院,302,,,,417,121686,417.162085073
3380,四川传媒学院,303,,,,421,119606,421.176100088
3380,四川传媒学院,304,,,,451,101979,451.183096104
3380,四川传媒学院,305,,,,429,115171,429.168087094
3380,四川传媒学院,306,,,,428,115778,428.205110060
3380,四川传媒学院,307,,,,442,107497,442.151109099
3380,四川传媒学院,308,,,,413,123709,413.169096091
3380,四川传媒学院,309,合作办学组,,,421,119606,421.190095090
3381,成都银杏酒店管理学院,301,,,,415,122733,415.180104073
3381,成都银杏酒店管理学院,302,,,,414,123211,414.164092097
3381,成都银杏酒店管理学院,303,,,,410,125186,410.176094075
3382,成都文理学院,301,,,,440,108709,440.181096098
3382,成都文理学院,302,,,,408,126113,408.180101099
3383,四川工商学院,301,,,,444,106286,444.169097088
3383,四川工商学院,302,,,,436,111130,436.166091097
3384,成都外国语学院,301,,,,416,122226,416.155111124
3385,成都医学院,301,,,,548,39243,548.226117118
3390,四川工业科技学院,301,,,,421,119606,421.153088092
3390,四川工业科技学院,302,,,,433,112913,433.164100092
3391,成都锦城学院,301,,,,433,112913,433.174095103
3391,成都锦城学院,302,,,,451,101979,451.176103106
3397,西南财经大学天府学院,301,,,,448,103863,448.175101112
3397,西南财经大学天府学院,302,,,,434,112335,434.168090111
3397,西南财经大学天府学院,303,,,,438,109920,438.189111083
3397,西南财经大学天府学院,304,,,,433,112913,433.181099100
3397,西南财经大学天府学院,305,,,,462,94965,462.215112090
3397,西南财经大学天府学院,306,,,,440,108709,440.176106109
3398,四川大学锦江学院,301,,,,430,114611,430.190119090
3398,四川大学锦江学院,302,,,,414,123211,414.168099090
3399,四川文化艺术学院,301,,,,410,125186,410.164088091
3399,四川文化艺术学院,302,,,,408,126113,408.168095036
3407,西南交通大学希望学院,301,,,,418,121181,418.166104081
3407,西南交通大学希望学院,302,,,,430,114611,430.191109089
3410,成都师范学院,301,,,,526,52177,526.209118107
3454,电子科技大学(沙河校区),301,,,,646,2426,646.250125137
3454,电子科技大学(沙河校区),302,合作办学组,,,640,3332,640.228116136
3454,电子科技大学(沙河校区),303,合作办学组,,,627,5983,627.251127131
3458,贵州大学,301,,,,559,33157,559.228126128
3458,贵州大学,302,,,,553,36434,553.236122105
3458,贵州大学,303,,,,558,33708,558.218112125
3458,贵州大学,304,,,,556,34745,556.218113113
3458,贵州大学,305,合作办学组,,,517,57920,517.196099113
3458,贵州大学,306,合作办学组,,,553,36434,553.227114119
3458,贵州大学,307,,,,560,32630,560.222119123
3458,贵州大学,308,,,,592,17526,592.232127109
3458,贵州大学,309,,,,603,13232,603.243122117
3458,贵州大学,310,,,,609,11116,609.242123135
3458,贵州大学,311,,,,555,35325,555.201105121
3458,贵州大学,312,,,,558,33708,558.210110119
3458,贵州大学,313,,,,569,28037,569.217115111
3458,贵州大学,314,,,,575,25157,575.227115128
3458,贵州大学,315,合作办学组,,,571,27047,571.216115116
3458,贵州大学,316,合作办学组,,,563,31069,563.229118116
3458,贵州大学,317,合作办学组,,,539,44321,539.211109109
3458,贵州大学,318,高校专项计划组,,,542,42561,542.215120111
3459,贵州医科大学,301,,,,586,20073,586.231116101
3459,贵州医科大学,302,,,,492,74508,492.198108096
3459,贵州医科大学,303,,,,487,77932,487.194109103
3459,贵州医科大学,304,,,,445,105659,445.191115091
3460,遵义医科大学,301,,,,564,30562,564.221117124
3460,遵义医科大学,302,,,,436,111130,436.190114092
3460,遵义医科大学,303,,,,572,26560,572.205105121
3462,贵州师范大学,301,,,,478,84139,478.185108121
3462,贵州师范大学,302,,,,493,73817,493.193097127
3462,贵州师范大学,303,,,,545,40943,545.208123131
3462,贵州师范大学,304,,,,475,86200,475.195100086
3462,贵州师范大学,305,,,,517,57920,517.195113123
3462,贵州师范大学,306,,,,524,53482,524.204103092
3462,贵州师范大学,307,,,,458,97505,458.181104101
3462,贵州师范大学,308,,,,519,56662,519.211109121
3462,贵州师范大学,309,,,,531,49079,531.215115101
3462,贵州师范大学,310,,,,484,79965,484.200109091
3462,贵州师范大学,311,,,,522,54717,522.195108092
3462,贵州师范大学,312,,,,500,69009,500.163084119
3462,贵州师范大学,313,,,,541,43132,541.218116114
3462,贵州师范大学,314,,,,510,62391,510.221111085
3463,遵义师范学院,301,,,,476,85499,476.194109109
3463,遵义师范学院,302,,,,463,94291,463.192115084
3465,兴义民族师范学院,301,,,,453,100719,453.185105087
3465,兴义民族师范学院,302,,,,454,100090,454.201109064
3465,兴义民族师范学院,303,,,,448,103863,448.180109102
3465,兴义民族师范学院,304,,,,447,104455,447.184111099
3469,黔南民族师范学院,301,,,,450,102616,450.164100098
3469,黔南民族师范学院,302,,,,450,102616,450.197102047
3470,贵州财经大学,301,合作办学组,,,472,88227,472.175092118
3470,贵州财经大学,302,合作办学组,,,441,108122,441.165094117
3471,贵州民族大学,301,合作办学组,,,407,126607,407.195106061
3471,贵州民族大学,302,合作办学组,,,451,101979,451.166094098
3473,六盘水师范学院,301,,,,460,96266,460.194101057
3473,六盘水师范学院,302,,,,456,98826,456.183093082
3475,贵州商学院,301,合作办学组,,,442,107497,442.176107092
3475,贵州商学院,302,合作办学组,,,445,105659,445.200112081
3490,贵州黔南经济学院,301,,,,415,122733,415.154082080
3492,贵阳信息科技学院,301,,,,401,129364,401.154085069
3501,贵州师范学院,301,,,,435,111714,435.174096096
3505,贵州理工学院,301,,,,478,84139,478.189110114
3505,贵州理工学院,302,,,,519,56662,519.208112095
3505,贵州理工学院,303,,,,485,79287,485.190098066
3505,贵州理工学院,304,,,,496,71691,496.183101115
3505,贵州理工学院,305,合作办学组,,,508,63699,508.206106109
3505,贵州理工学院,306,合作办学组,,,401,129364,401.160089072
3538,云南大学,301,,,,586,20073,586.225118130
3538,云南大学,302,,,,571,27047,571.210117111
3538,云南大学,303,,,,579,23209,579.234123120
3538,云南大学,304,合作办学组,,,550,38107,550.219115099
3538,云南大学,305,,,,603,13232,603.216120141
3538,云南大学,306,,,,599,14785,599.229117124
3538,云南大学,307,,,,577,24149,577.214117131
3538,云南大学,308,,,,559,33157,559.210108127
3538,云南大学,309,高校专项计划组,,,586,20073,586.225119122
3539,昆明理工大学,301,,,,533,47848,533.231118120
3539,昆明理工大学,302,,,,558,33708,558.216117109
3539,昆明理工大学,303,,,,509,63028,509.200116106
3539,昆明理工大学,304,合作办学组,,,552,36980,552.212109118
3539,昆明理工大学,305,,,,584,20919,584.224123109
3539,昆明理工大学,306,,,,503,67037,503.200118102
3540,云南农业大学,301,,,,488,77244,488.208115106
3540,云南农业大学,302,,,,490,75871,490.204119102
3540,云南农业大学,303,合作办学组,,,450,102616,450.184104108
3540,云南农业大学,304,,,,500,69009,500.195102123
3540,云南农业大学,305,,,,494,73086,494.186103102
3540,云南农业大学,306,合作办学组,,,406,127067,406.156095025
3541,西南林业大学,301,,,,495,72384,495.198114128
3541,西南林业大学,302,,,,462,94965,462.184114081
3541,西南林业大学,303,,,,484,79965,484.194100075
3541,西南林业大学,304,,,,535,46695,535.218114115
3541,西南林业大学,305,,,,452,101363,452.186100111
3541,西南林业大学,306,合作办学组,,,434,112335,434.205109063
3541,西南林业大学,307,,,,498,70354,498.209110083
3542,昆明医科大学,301,,,,580,22748,580.228120129
3542,昆明医科大学,302,,,,566,29615,566.235120116
3542,昆明医科大学,303,,,,565,30102,565.213116135
3542,昆明医科大学,304,,,,595,16316,595.229116124
3542,昆明医科大学,305,,,,550,38107,550.230123116
3542,昆明医科大学,306,,,,566,29615,566.209111127
3542,昆明医科大学,307,,,,553,36434,553.231119111
3542,昆明医科大学,308,,,,569,28037,569.211112108
3542,昆明医科大学,309,,,,552,36980,552.216117126
3542,昆明医科大学,310,,,,538,44898,538.201113123
3542,昆明医科大学,311,合作办学组,,,496,71691,496.199104112
3543,大理大学,301,,,,479,83454,479.179100126
3543,大理大学,302,,,,506,65003,506.205106101
3543,大理大学,303,,,,496,71691,496.211115100
3543,大理大学,304,,,,499,69661,499.217116106
3544,云南中医药大学,301,,,,550,38107,550.223112081
3544,云南中医药大学,302,,,,538,44898,538.218110117
3544,云南中医药大学,303,,,,507,64331,507.219114097
3544,云南中医药大学,304,,,,498,70354,498.209108093
3544,云南中医药大学,305,,,,510,62391,510.182116122
3544,云南中医药大学,306,,,,538,44898,538.220117115
3544,云南中医药大学,307,,,,470,89567,470.177104105
3544,云南中医药大学,308,合作办学组,,,447,104455,447.172103101
3545,云南师范大学,301,,,,465,92942,465.190096104
3545,云南师范大学,302,,,,504,66355,504.188105117
3545,云南师范大学,303,,,,530,49685,530.202104115
3545,云南师范大学,304,,,,496,71691,496.195121131
3545,云南师范大学,305,,,,541,43132,541.225118106
3546,昭通学院,301,,,,461,95622,461.197106092
3547,曲靖师范学院,301,,,,468,90939,468.182092081
3547,曲靖师范学院,302,,,,455,99475,455.170097099
3549,保山学院,301,,,,451,101979,451.187099085
3550,红河学院,301,,,,445,105659,445.201104057
3551,云南财经大学,301,,,,487,77932,487.202105087
3551,云南财经大学,302,,,,485,79287,485.186126125
3551,云南财经大学,303,,,,456,98826,456.194097088
3551,云南财经大学,304,,,,430,114611,430.157101095
3551,云南财经大学,305,合作办学组,,,492,74508,492.197104083
3551,云南财经大学,306,合作办学组,,,,,
3551,云南财经大学,307,,,,535,46695,535.211107116
3551,云南财经大学,308,,,,537,45512,537.213109110
3553,云南民族大学,301,,,,545,40943,545.210108107
3553,云南民族大学,302,,,,502,67689,502.193104109
3553,云南民族大学,303,,,,478,84139,478.182110104
3554,玉溪师范学院,301,,,,452,101363,452.189098100
3554,玉溪师范学院,302,,,,502,67689,502.208115122
3554,玉溪师范学院,303,,,,453,100719,453.183117092
3555,楚雄师范学院,301,,,,449,103240,449.174100100
3556,云南警官学院,302,,,,510,62391,510.207105087
3557,昆明学院,301,,,,466,92259,466.187094108
3557,昆明学院,302,,,,455,99475,455.177102088
3557,昆明学院,303,合作办学组,,,,,
3557,昆明学院,304,,,,500,69009,500.199106115
3567,云南经济管理学院,301,,,,402,128948,402.166099068
3567,云南经济管理学院,302,,,,427,116331,427.176099059
3573,滇池学院,301,,,,412,124211,412.152083087
3573,滇池学院,302,,,,423,118552,423.150082111
3574,丽江文化旅游学院,301,,,,401,129364,401.146083086
3575,昆明城市学院,301,,,,449,103240,449.164104112
3575,昆明城市学院,302,,,,404,128007,404.160091090
3576,昆明医科大学海源学院,301,,,,483,80653,483.161093106
3576,昆明医科大学海源学院,302,,,,441,108122,441.182116078
3577,昆明传媒学院,301,,,,403,128503,403.174099056
3577,昆明传媒学院,302,,,,404,128007,404.173093067
3578,昆明文理学院,301,,,,402,128948,402.160096083
3578,昆明文理学院,302,,,,406,127067,406.171090080
3579,昆明理工大学津桥学院,301,,,,418,121181,418.174101084
3579,昆明理工大学津桥学院,302,,,,410,125186,410.146099099
3579,昆明理工大学津桥学院,303,,,,401,129364,401.155090080
3585,云南工商学院,301,,,,431,114034,431.170101095
3585,云南工商学院,302,,,,409,125656,409.166088088
3630,西藏农牧大学,301,,,,476,85499,476.200106116
3631,西藏大学,301,,,,521,55350,521.203104116
3631,西藏大学,302,,,,508,63699,508.204103110
3631,西藏大学,303,,,,527,51540,527.223119110
3631,西藏大学,304,,,,515,59190,515.211115106
3631,西藏大学,305,,,,529,50310,529.214114115
3631,西藏大学,306,,,,525,52839,525.228120102
3632,西藏民族大学,301,,,,534,47263,534.215118113
3632,西藏民族大学,302,,,,503,67037,503.200108130
3632,西藏民族大学,303,,,,452,101363,452.192098062
3632,西藏民族大学,304,,,,539,44321,539.205104108
3632,西藏民族大学,305,,,,501,68329,501.198114116
3632,西藏民族大学,306,,,,529,50310,529.213111103
3632,西藏民族大学,307,,,,548,39243,548.220111096
3632,西藏民族大学,308,,,,496,71691,496.208107107
3632,西藏民族大学,309,,,,539,44321,539.216113090
3638,西北大学,301,,,,594,16722,594.227117129
3638,西北大学,302,合作办学组,,,581,22295,581.220117125
3638,西北大学,303,,,,617,8598,617.240126119
3638,西北大学,304,,,,619,8038,619.227114123
3638,西北大学,305,,,,601,13988,601.232125121
3638,西北大学,306,合作办学组,,,586,20073,586.227120127
3638,西北大学,307,,,,587,19640,587.239122132
3638,西北大学,308,高校专项计划组,,,596,15928,596.233120131
3639,西安交通大学,302,,,,646,2426,646.250125138
3639,西安交通大学,303,,,,657,1264,657.253131135
3639,西安交通大学,304,合作办学组,,,621,7485,621.223120134
3639,西安交通大学,305,合作办学组,,,644,2712,644.263133137
3639,西安交通大学,306,合作办学组,,,633,4657,633.238127131
3639,西安交通大学,307,合作办学组,,,612,10095,612.232119127
3639,西安交通大学,308,高校专项计划组,,,630,5284,630.243133130
3639,西安交通大学,309,高校专项计划组,,,634,4450,634.253129121
3639,西安交通大学,310,国家专项计划组,,,628,5741,628.247127127
3639,西安交通大学,311,国家专项计划组,,,634,4450,634.247124126
3640,西北工业大学,301,,,,651,1795,651.250127132
3640,西北工业大学,302,合作办学组,,,635,4268,635.240129132
3640,西北工业大学,303,合作办学组,,,633,4657,633.240124137
3640,西北工业大学,304,高校专项计划组,,,618,8312,618.240123125
3640,西北工业大学,305,国家专项计划组,,,641,3175,641.246127131
3641,西安理工大学,301,,,,542,42561,542.214119116
3642,西安电子科技大学,301,,,,629,5506,629.243129126
3642,西安电子科技大学,302,,,,647,2294,647.245128128
3642,西安电子科技大学,303,,,,636,4055,636.246127123
3642,西安电子科技大学,304,合作办学组,,,614,9470,614.231117125
3642,西安电子科技大学,305,合作办学组,,,621,7485,621.245127124
3642,西安电子科技大学,306,高校专项计划组,,,632,4875,632.247130127
3642,西安电子科技大学,307,国家专项计划组,,,630,5284,630.246140121
3643,西安工业大学,301,,,,559,33157,559.230118096
3643,西安工业大学,302,合作办学组,,,530,49685,530.213112112
3644,西安建筑科技大学,301,,,,543,42036,543.237122104
3644,西安建筑科技大学,302,,,,558,33708,558.237123099
3644,西安建筑科技大学,303,,,,524,53482,524.196106117
3644,西安建筑科技大学,304,合作办学组,,,512,61078,512.230125087
3644,西安建筑科技大学,305,合作办学组,,,492,74508,492.211111094
3645,西安科技大学,301,,,,580,22748,580.230118131
3645,西安科技大学,302,,,,515,59190,515.205105112
3646,西安石油大学,301,,,,567,29088,567.226116113
3646,西安石油大学,302,,,,556,34745,556.220112124
3646,西安石油大学,303,,,,565,30102,565.237121092
3647,陕西科技大学,301,,,,568,28579,568.220119130
3647,陕西科技大学,302,,,,592,17526,592.240121104
3647,陕西科技大学,303,,,,583,21361,583.225114113
3647,陕西科技大学,304,,,,598,15183,598.237125129
3647,陕西科技大学,305,,,,588,19218,588.226118108
3647,陕西科技大学,306,,,,582,21818,582.237119126
3647,陕西科技大学,307,,,,582,21818,582.246125094
3647,陕西科技大学,308,,,,581,22295,581.223118111
3647,陕西科技大学,309,,,,550,38107,550.212111111
3647,陕西科技大学,310,,,,554,35858,554.224113109
3647,陕西科技大学,311,,,,569,28037,569.227120109
3647,陕西科技大学,312,合作办学组,,,542,42561,542.220116122
3647,陕西科技大学,313,合作办学组,,,546,40364,546.216116112
3647,陕西科技大学,314,合作办学组,,,552,36980,552.205110110
3647,陕西科技大学,315,合作办学组,,,522,54717,522.217112101
3648,西安工程大学,301,,,,531,49079,531.200106098
3648,西安工程大学,302,,,,535,46695,535.215112108
3648,西安工程大学,303,,,,573,26096,573.235120114
3648,西安工程大学,304,,,,593,17125,593.222112127
3648,西安工程大学,305,,,,589,18768,589.225114127
3648,西安工程大学,306,,,,561,32100,561.237122108
3648,西安工程大学,307,,,,579,23209,579.231119106
3648,西安工程大学,308,,,,573,26096,573.230122112
3648,西安工程大学,309,,,,552,36980,552.224122105
3648,西安工程大学,310,,,,544,41495,544.184120134
3648,西安工程大学,311,,,,558,33708,558.218124110
3648,西安工程大学,312,,,,461,95622,461.184104095
3649,长安大学,301,,,,584,20919,584.221123114
3649,长安大学,302,,,,615,9170,615.228119129
3649,长安大学,303,,,,596,15928,596.229115136
3649,长安大学,304,,,,614,9470,614.245123127
3649,长安大学,305,,,,594,16722,594.250127110
3649,长安大学,306,,,,602,13604,602.224117126
3649,长安大学,307,合作办学组,,,568,28579,568.233121124
3649,长安大学,308,高校专项计划组,,,577,24149,577.209115116
3649,长安大学,309,国家专项计划组,,,556,34745,556.225122109
3650,西北农林科技大学,301,,,,598,15183,598.241122126
3650,西北农林科技大学,302,,,,600,14366,600.234119121
3650,西北农林科技大学,303,合作办学组,,,589,18768,589.223121121
3650,西北农林科技大学,304,,,,620,7776,620.244131123
3650,西北农林科技大学,305,,,,600,14366,600.231116120
3650,西北农林科技大学,306,,,,618,8312,618.246124116
3650,西北农林科技大学,307,,,,608,11475,608.227127126
3650,西北农林科技大学,308,,,,597,15557,597.237122117
3650,西北农林科技大学,309,,,,598,15183,598.236121130
3650,西北农林科技大学,310,,,,599,14785,599.239123130
3650,西北农林科技大学,311,,,,606,12157,606.237127115
3650,西北农林科技大学,312,,,,606,12157,606.237123121
3650,西北农林科技大学,313,,,,608,11475,608.236120125
3650,西北农林科技大学,314,,,,613,9773,613.249126133
3650,西北农林科技大学,315,,,,616,8877,616.236120132
3650,西北农林科技大学,316,,,,626,6196,626.232118134
3650,西北农林科技大学,317,合作办学组,,,574,25620,574.212111125
3650,西北农林科技大学,318,,,,618,8312,618.235121119
3650,西北农林科技大学,319,,,,613,9773,613.241123134
3650,西北农林科技大学,320,,,,603,13232,603.240126132
3650,西北农林科技大学,321,,,,608,11475,608.237122128
3650,西北农林科技大学,322,高校专项计划组,,,592,17526,592.227119129
3650,西北农林科技大学,323,国家专项计划组,,,593,17125,593.232123131
3651,陕西中医药大学,301,,,,581,22295,581.234118122
3651,陕西中医药大学,302,,,,548,39243,548.221114106
3651,陕西中医药大学,303,,,,576,24660,576.217111120
3651,陕西中医药大学,304,,,,570,27506,570.235120113
3651,陕西中医药大学,305,,,,559,33157,559.216108112
3651,陕西中医药大学,306,,,,556,34745,556.220118105
3651,陕西中医药大学,307,,,,521,55350,521.203107108
3651,陕西中医药大学,308,,,,534,47263,534.214112102
3651,陕西中医药大学,309,,,,525,52839,525.211111115
3651,陕西中医药大学,310,,,,530,49685,530.213107123
3652,陕西师范大学,313,,,,625,6443,625.245123125
3652,陕西师范大学,314,,,,616,8877,616.233119131
3652,陕西师范大学,315,,,,617,8598,617.251127122
3652,陕西师范大学,316,合作办学组,,,481,82062,481.178104106
3652,陕西师范大学,317,,,,606,12157,606.226118114
3652,陕西师范大学,318,高校专项计划组,,,610,10758,610.234120129
3652,陕西师范大学,319,国家专项计划组,,,595,16316,595.233118124
3653,延安大学,301,,,,505,65683,505.214113101
3653,延安大学,302,,,,502,67689,502.197101100
3653,延安大学,303,,,,501,68329,501.197100104
3654,陕西理工大学,301,,,,531,49079,531.209107116
3654,陕西理工大学,302,,,,530,49685,530.199112117
3654,陕西理工大学,303,,,,551,37532,551.226117087
3654,陕西理工大学,304,,,,573,26096,573.228115114
3654,陕西理工大学,305,,,,529,50310,529.211111094
3654,陕西理工大学,306,,,,564,30562,564.238125089
3654,陕西理工大学,307,,,,529,50310,529.208107094
3654,陕西理工大学,308,,,,553,36434,553.210110089
3654,陕西理工大学,309,,,,495,72384,495.207109095
3654,陕西理工大学,310,,,,547,39805,547.221118112
3654,陕西理工大学,311,,,,535,46695,535.204105102
3655,宝鸡文理学院,301,,,,513,60466,513.211107090
3656,咸阳师范学院,301,,,,480,82762,480.179099088
3656,咸阳师范学院,302,,,,484,79965,484.193108127
3657,渭南师范学院,301,,,,473,87550,473.212106085
3657,渭南师范学院,302,,,,475,86200,475.199108107
3658,西安外国语大学,302,,,,553,36434,553.214108112
3658,西安外国语大学,303,,,,575,25157,575.227115129
3658,西安外国语大学,304,,,,549,38659,549.220115116
3659,西北政法大学,303,,,,606,12157,606.230125131
3659,西北政法大学,304,,,,585,20496,585.224112125
3660,西安体育学院,301,,,,478,84139,478.184099099
3660,西安体育学院,302,,,,508,63699,508.177104116
3665,西安文理学院,301,,,,528,50905,528.197102107
3665,西安文理学院,302,,,,510,62391,510.195100103
3665,西安文理学院,303,,,,507,64331,507.210117109
3665,西安文理学院,304,,,,533,47848,533.208105117
3665,西安文理学院,305,,,,506,65003,506.206121111
3666,榆林大学,301,,,,496,71691,496.221111100
3666,榆林大学,302,,,,523,54122,523.200107095
3667,商洛学院,301,,,,468,90939,468.191099103
3667,商洛学院,302,,,,474,86902,474.198103102
3667,商洛学院,303,,,,456,98826,456.177097097
3668,安康学院,301,,,,472,88227,472.191100107
3668,安康学院,302,,,,466,92259,466.178099103
3669,西安培华学院,301,,,,437,110501,437.185119107
3669,西安培华学院,302,,,,430,114611,430.161097092
3669,西安培华学院,303,,,,453,100719,453.190104100
3669,西安培华学院,304,,,,436,111130,436.194097078
3669,西安培华学院,305,,,,433,112913,433.185104098
3669,西安培华学院,306,,,,444,106286,444.196098093
3670,西安财经大学,301,,,,533,47848,533.204104101
3670,西安财经大学,302,合作办学组,,,509,63028,509.210110084
3670,西安财经大学,303,,,,570,27506,570.216112108
3671,西安邮电大学,301,,,,582,21818,582.229116126
3671,西安邮电大学,302,,,,598,15183,598.236120117
3671,西安邮电大学,303,合作办学组,,,583,21361,583.239123119
3671,西安邮电大学,304,合作办学组,,,572,26560,572.228117112
3671,西安邮电大学,305,合作办学组,,,565,30102,565.223112114
3671,西安邮电大学,306,边防军人子女预科,,,466,92259,466.192110088
3672,西安航空学院,301,,,,523,54122,523.210118120
3672,西安航空学院,302,,,,558,33708,558.225120105
3672,西安航空学院,303,,,,543,42036,543.213112112
3672,西安航空学院,304,,,,527,51540,527.216116111
3672,西安航空学院,305,合作办学组,,,503,67037,503.184113124
3672,西安航空学院,306,合作办学组,,,495,72384,495.204107105
3672,西安航空学院,307,合作办学组,,,438,109920,438.186106104
3674,西安医学院,301,,,,490,75871,490.187114120
3674,西安医学院,302,,,,507,64331,507.202107125
3674,西安医学院,303,,,,522,54717,522.213108100
3674,西安医学院,304,,,,491,75208,491.201108097
3674,西安医学院,305,合作办学组,,,409,125656,409.142094098
3674,西安医学院,306,,,,520,56002,520.197118123
3674,西安医学院,307,,,,492,74508,492.191111113
3674,西安医学院,308,,,,488,77244,488.183109124
3676,西安欧亚学院,301,,,,401,129364,401.153106109
3676,西安欧亚学院,302,,,,401,129364,401.145083075
3676,西安欧亚学院,303,合作办学组,,,,,
3677,西安外事学院,301,,,,404,128007,404.173088077
3677,西安外事学院,302,,,,413,123709,413.179094079
3678,西安翻译学院,301,,,,408,126113,408.172095068
3678,西安翻译学院,302,,,,410,125186,410.163099078
3678,西安翻译学院,303,,,,406,127067,406.176112086
3679,西京学院,301,,,,474,86902,474.199101112
3679,西京学院,302,,,,464,93632,464.183092117
3679,西京学院,303,,,,455,99475,455.199104097
3679,西京学院,304,,,,449,103240,449.180093094
3679,西京学院,305,,,,474,86902,474.207105084
3679,西京学院,306,,,,479,83454,479.190120108
3679,西京学院,307,,,,466,92259,466.194098068
3679,西京学院,308,,,,450,102616,450.187108095
3679,西京学院,309,,,,466,92259,466.186106106
3685,西安思源学院,301,,,,405,127543,405.174107097
3685,西安思源学院,302,,,,412,124211,412.172088087
3685,西安思源学院,303,,,,407,126607,407.172094093
3685,西安思源学院,304,,,,413,123709,413.159090106
3687,陕西国际商贸学院,301,,,,401,129364,401.150097089
3687,陕西国际商贸学院,302,,,,402,128948,402.177101083
3689,陕西服装工程学院,301,,,,414,123211,414.180100082
3689,陕西服装工程学院,302,,,,409,125656,409.167097071
3693,西安交通工程学院,301,,,,428,115778,428.179098084
3695,西安交通大学城市学院,301,,,,440,108709,440.181095099
3695,西安交通大学城市学院,302,,,,437,110501,437.180095095
3696,西北大学现代学院,301,,,,432,113490,432.172089071
3697,西安建筑科技大学华清学院,301,,,,412,124211,412.175113059
3697,西安建筑科技大学华清学院,302,,,,413,123709,413.174088054
3697,西安建筑科技大学华清学院,303,,,,436,111130,436.169107099
3697,西安建筑科技大学华清学院,304,,,,412,124211,412.130092118
3697,西安建筑科技大学华清学院,305,,,,432,113490,432.173090099
3698,西安财经大学行知学院,301,,,,441,108122,441.154099119
3698,西安财经大学行知学院,302,,,,429,115171,429.176107099
3698,西安财经大学行知学院,303,,,,435,111714,435.160091098
3699,陕西科技大学镐京学院,301,,,,402,128948,402.200109057
3699,陕西科技大学镐京学院,302,,,,419,120637,419.183093075
3699,陕西科技大学镐京学院,303,,,,414,123211,414.148091087
3699,陕西科技大学镐京学院,304,,,,411,124695,411.163092098
3700,西安工商学院,301,,,,404,128007,404.149095101
3700,西安工商学院,302,,,,409,125656,409.169089105
3705,西安汽车职业大学,301,,,,406,127067,406.163090085
3705,西安汽车职业大学,302,,,,408,126113,408.141078100
3708,西安明德理工学院,301,,,,429,115171,429.162096096
3708,西安明德理工学院,302,,,,417,121686,417.175099085
3721,西安信息职业大学,301,,,,405,127543,405.175093062
3721,西安信息职业大学,302,,,,403,128503,403.173087065
3721,西安信息职业大学,303,,,,408,126113,408.176094086
3721,西安信息职业大学,304,,,,405,127543,405.159096088
3721,西安信息职业大学,305,,,,401,129364,401.146087073
3724,西安理工大学高科学院,301,,,,442,107497,442.167094084
3725,西安科技大学高新学院,301,,,,417,121686,417.151099085
3725,西安科技大学高新学院,302,,,,404,128007,404.154098093
3725,西安科技大学高新学院,303,,,,432,113490,432.140081112
3725,西安科技大学高新学院,304,,,,403,128503,403.201101063
3725,西安科技大学高新学院,305,合作办学组,,,422,119091,422.186116071
3728,陕西学前师范学院,301,,,,479,83454,479.185106116
3728,陕西学前师范学院,302,,,,476,85499,476.195111096
3728,陕西学前师范学院,303,,,,474,86902,474.182092107
3728,陕西学前师范学院,304,,,,475,86200,475.188103109
3728,陕西学前师范学院,305,,,,467,91565,467.189113106
3728,陕西学前师范学院,306,,,,488,77244,488.204114077
3728,陕西学前师范学院,307,,,,491,75208,491.192107097
3743,兰州大学,301,,,,610,10758,610.246135126
3743,兰州大学,302,,,,640,3332,640.249130129
3743,兰州大学,303,,,,633,4657,633.252126130
3743,兰州大学,304,,,,627,5983,627.243122133
3743,兰州大学,305,,,,618,8312,618.245124126
3743,兰州大学,306,,,,631,5085,631.244122130
3743,兰州大学,307,,,,626,6196,626.238122125
3743,兰州大学,308,,,,627,5983,627.244125130
3743,兰州大学,309,,,,614,9470,614.238128126
3743,兰州大学,310,,,,611,10413,611.234117135
3743,兰州大学,311,,,,609,11116,609.237123136
3743,兰州大学,312,合作办学组,,,595,16316,595.235122114
3743,兰州大学,313,高校专项计划组,,,604,12897,604.230117135
3743,兰州大学,314,国家专项计划组,,,591,17922,591.229121128
3743,兰州大学,315,国家专项计划组,,,598,15183,598.247127128
3744,兰州理工大学,301,,,,406,127067,406.166091099
3744,兰州理工大学,302,,,,447,104455,447.153096097
3745,兰州交通大学,301,,,,545,40943,545.224114102
3745,兰州交通大学,302,,,,535,46695,535.209116118
3745,兰州交通大学,303,,,,610,10758,610.237122131
3745,兰州交通大学,304,,,,608,11475,608.229120132
3745,兰州交通大学,305,,,,551,37532,551.210115123
3746,甘肃农业大学,301,,,,470,89567,470.195116062
3748,西北师范大学,301,,,,470,89567,470.164100113
3748,西北师范大学,302,,,,545,40943,545.209112125
3748,西北师范大学,303,,,,528,50905,528.226117092
3748,西北师范大学,304,,,,477,84836,477.193097101
3748,西北师范大学,305,,,,523,54122,523.213120116
3748,西北师范大学,306,,,,557,34225,557.226120097
3748,西北师范大学,307,合作办学组,,,436,111130,436.181107099
3748,西北师范大学,308,,,,491,75208,491.212107079
3749,兰州城市学院,301,,,,444,106286,444.167105109
3749,兰州城市学院,302,,,,446,105066,446.184097112
3749,兰州城市学院,303,,,,460,96266,460.189109093
3749,兰州城市学院,304,,,,489,76544,489.220115051
3749,兰州城市学院,305,,,,479,83454,479.200112084
3749,兰州城市学院,306,,,,444,106286,444.187108059
3749,兰州城市学院,307,,,,472,88227,472.194107062
3749,兰州城市学院,308,,,,456,98826,456.183108089
3750,陇东学院,301,,,,484,79965,484.195107125
3750,陇东学院,302,,,,454,100090,454.171105095
3750,陇东学院,303,,,,465,92942,465.185098092
3750,陇东学院,304,,,,442,107497,442.192108081
3751,天水师范大学,301,,,,445,105659,445.171092086
3752,河西学院,301,,,,452,101363,452.186106101
3752,河西学院,302,,,,450,102616,450.173090095
3752,河西学院,303,,,,457,98150,457.181096089
3752,河西学院,304,,,,459,96873,459.194115063
3753,兰州财经大学,301,,,,443,106877,443.199106062
3753,兰州财经大学,302,,,,516,58515,516.212109098
3753,兰州财经大学,303,,,,534,47263,534.188096120
3753,兰州财经大学,304,,,,479,83454,479.199108085
3754,西北民族大学,301,,,,534,47263,534.213110089
3754,西北民族大学,302,,,,503,67037,503.180101102
3754,西北民族大学,303,,,,500,69009,500.207109090
3754,西北民族大学,304,,,,477,84836,477.195103114
3754,西北民族大学,305,,,,551,37532,551.222116107
3754,西北民族大学,306,合作办学组,,,430,114611,430.170103094
3754,西北民族大学,307,国家专项计划组,,,537,45512,537.218121091
3755,甘肃政法大学,301,,,,540,43706,540.209115110
3755,甘肃政法大学,302,,,,581,22295,581.213107140
3755,甘肃政法大学,303,,,,545,40943,545.215116108
3756,甘肃民族师范学院,301,,,,454,100090,454.184098114
3757,兰州文理学院,301,,,,457,98150,457.180105114
3757,兰州文理学院,302,,,,461,95622,461.201102079
3757,兰州文理学院,303,,,,460,96266,460.201111029
3758,甘肃医学院,301,,,,507,64331,507.202113100
3758,甘肃医学院,302,,,,478,84139,478.197106122
3759,陇南师范学院,301,,,,450,102616,450.179098089
3759,陇南师范学院,302,,,,469,90283,469.187098108
3760,兰州工业学院,301,,,,483,80653,483.215111080
3763,酒泉职业技术大学,301,,,,462,94965,462.187106090
3767,甘肃林业职业技术大学,301,,,,450,102616,450.183097086
3770,兰州博文科技学院,301,,,,402,128948,402.150092098
3770,兰州博文科技学院,302,,,,401,129364,401.153085065
3771,兰州信息科技学院,301,,,,419,120637,419.179103058
3771,兰州信息科技学院,302,,,,401,129364,401.147085085
3788,兰州资源环境职业技术大学,301,,,,455,99475,455.178090113
3789,兰州石化职业技术大学,301,,,,485,79287,485.201104108
3793,青海大学,301,,,,570,27506,570.227121127
3793,青海大学,302,,,,552,36980,552.216113116
3793,青海大学,303,,,,542,42561,542.224115112
3793,青海大学,304,,,,544,41495,544.210111092
3794,青海师范大学,301,,,,488,77244,488.210105097
3794,青海师范大学,302,,,,464,93632,464.192116083
3795,青海民族大学,301,,,,452,101363,452.177096099
3795,青海民族大学,302,,,,465,92942,465.191096068
3795,青海民族大学,303,,,,500,69009,500.206105113
3795,青海民族大学,304,合作办学组,,,424,117985,424.186100057
3805,青海理工学院,301,,,,474,86902,474.180100114
3805,青海理工学院,302,,,,508,63699,508.206106099
3806,宁夏大学,301,,,,579,23209,579.240123130
3806,宁夏大学,302,,,,576,24660,576.235121104
3806,宁夏大学,303,,,,599,14785,599.226124125
3806,宁夏大学,304,,,,603,13232,603.222113127
3806,宁夏大学,305,,,,597,15557,597.245128098
3806,宁夏大学,306,,,,566,29615,566.217119106
3806,宁夏大学,307,,,,568,28579,568.221111109
3806,宁夏大学,308,,,,580,22748,580.222116129
3806,宁夏大学,309,,,,561,32100,561.227117114
3806,宁夏大学,310,,,,555,35325,555.222114117
3806,宁夏大学,311,,,,556,34745,556.226118108
3806,宁夏大学,312,,,,578,23639,578.226114116
3806,宁夏大学,313,,,,594,16722,594.229115124
3806,宁夏大学,314,,,,587,19640,587.231119114
3806,宁夏大学,315,,,,589,18768,589.231118132
3806,宁夏大学,316,,,,592,17526,592.225117120
3806,宁夏大学,317,,,,590,18344,590.230117123
3807,宁夏医科大学,301,,,,563,31069,563.217122117
3807,宁夏医科大学,302,,,,522,54717,522.206108125
3807,宁夏医科大学,303,,,,499,69661,499.204113090
3808,宁夏师范大学,301,,,,475,86200,475.217110058
3808,宁夏师范大学,302,,,,494,73086,494.188107123
3808,宁夏师范大学,303,,,,467,91565,467.191106104
3808,宁夏师范大学,304,,,,487,77932,487.218112106
3808,宁夏师范大学,305,,,,518,57296,518.231126105
3808,宁夏师范大学,306,,,,531,49079,531.213112095
3808,宁夏师范大学,307,,,,505,65683,505.216115079
3808,宁夏师范大学,308,,,,467,91565,467.184092087
3809,北方民族大学,301,,,,480,82762,480.199117098
3809,北方民族大学,302,,,,524,53482,524.222114117
3809,北方民族大学,303,,,,478,84139,478.174100107
3809,北方民族大学,304,,,,528,50905,528.225114116
3809,北方民族大学,305,,,,506,65003,506.199105112
3809,北方民族大学,306,,,,526,52177,526.220121072
3809,北方民族大学,307,,,,536,46089,536.225113089
3809,北方民族大学,308,合作办学组,,,499,69661,499.187100112
3809,北方民族大学,309,,,,528,50905,528.213111115
3809,北方民族大学,310,国家专项计划组,,,524,53482,524.206108119
3809,北方民族大学,311,国家专项计划组,,,511,61740,511.199105077
3809,北方民族大学,312,国家专项计划组,,,544,41495,544.223115106
3810,宁夏理工学院,301,,,,414,123211,414.192101056
3810,宁夏理工学院,302,,,,407,126607,407.173100083
3810,宁夏理工学院,303,,,,401,129364,401.164091061
3819,银川能源学院,301,,,,405,127543,405.160096082
3819,银川能源学院,302,,,,401,129364,401.161095088
3819,银川能源学院,303,,,,405,127543,405.175105057
3820,银川科技学院,301,,,,401,129364,401.158095092
3820,银川科技学院,302,,,,402,128948,402.166090081
3820,银川科技学院,303,,,,404,128007,404.164108075
3828,新疆大学,301,,,,555,35325,555.218113124
3828,新疆大学,302,,,,545,40943,545.225119077
3828,新疆大学,303,,,,553,36434,553.234118114
3828,新疆大学,304,,,,598,15183,598.242122121
3828,新疆大学,305,,,,562,31551,562.236119108
3829,塔里木大学,301,,,,462,94965,462.195100096
3829,塔里木大学,302,,,,478,84139,478.206115098
3829,塔里木大学,303,合作办学组,,,498,70354,498.206104087
3829,塔里木大学,304,,,,472,88227,472.205106082
3829,塔里木大学,305,国家专项计划组,,,462,94965,462.187095118
3830,新疆农业大学,301,,,,456,98826,456.192097099
3830,新疆农业大学,302,,,,454,100090,454.185106109
3830,新疆农业大学,303,,,,484,79965,484.197104107
3830,新疆农业大学,304,合作办学组,,,440,108709,440.188110060
3831,石河子大学,301,,,,548,39243,548.232119111
3831,石河子大学,302,,,,562,31551,562.213119144
3831,石河子大学,303,,,,551,37532,551.224118089
3831,石河子大学,304,,,,570,27506,570.213108125
3831,石河子大学,305,,,,565,30102,565.238119103
3831,石河子大学,306,国家专项计划组,,,532,48423,532.206106124
3832,新疆医科大学,301,,,,490,75871,490.211111076
3832,新疆医科大学,302,,,,585,20496,585.221117124
3832,新疆医科大学,303,,,,537,45512,537.210108112
3832,新疆医科大学,304,,,,495,72384,495.200104095
3833,新疆师范大学,301,,,,448,103863,448.181099099
3833,新疆师范大学,302,,,,471,88879,471.193100100
3833,新疆师范大学,303,,,,528,50905,528.216118083
3833,新疆师范大学,304,,,,485,79287,485.202114087
3834,喀什大学,301,,,,455,99475,455.163096113
3834,喀什大学,302,,,,465,92942,465.179100104
3834,喀什大学,303,,,,473,87550,473.191099097
3834,喀什大学,304,,,,480,82762,480.191111095
3834,喀什大学,305,,,,464,93632,464.204116110
3834,喀什大学,306,,,,465,92942,465.201105060
3834,喀什大学,307,,,,468,90939,468.195100088
3834,喀什大学,308,,,,459,96873,459.194109069
3834,喀什大学,309,,,,461,95622,461.218120064
3834,喀什大学,310,,,,493,73817,493.184095100
3834,喀什大学,311,,,,492,74508,492.195111112
3834,喀什大学,312,,,,466,92259,466.197099081
3834,喀什大学,313,,,,477,84836,477.183097115
3834,喀什大学,314,,,,483,80653,483.210109109
3835,伊犁师范大学,301,,,,460,96266,460.174095105
3835,伊犁师范大学,302,,,,459,96873,459.188107099
3836,新疆和田学院,301,,,,450,102616,450.181102110
3836,新疆和田学院,302,,,,445,105659,445.181101100
3837,新疆财经大学,301,,,,495,72384,495.189101130
3837,新疆财经大学,302,,,,517,57920,517.226120093
3839,新疆工程学院,301,,,,460,96266,460.184110096
3839,新疆工程学院,302,,,,481,82062,481.210114098
3840,新疆农业职业技术大学,301,,,,446,105066,446.162086115
3841,昌吉学院,301,,,,456,98826,456.172100110
3841,昌吉学院,302,,,,454,100090,454.196115073
3841,昌吉学院,303,,,,475,86200,475.184092090
3842,乌鲁木齐职业大学,301,,,,446,105066,446.177115071
3847,新疆警察学院,301,,,,486,78583,486.197106115
3852,新疆理工学院,301,,,,469,90283,469.206112087
3853,新疆第二医学院,301,,,,499,69661,499.211110105
3853,新疆第二医学院,302,,,,442,107497,442.179093095
3854,新疆科技学院,301,,,,450,102616,450.185104093
3856,新疆政法学院,301,,,,481,82062,481.187110100
3856,新疆政法学院,302,,,,483,80653,483.211117087
3858,新疆天山职业技术大学,301,,,,435,111714,435.180094078
3858,新疆天山职业技术大学,302,,,,433,112913,433.190096059
3858,新疆天山职业技术大学,303,,,,441,108122,441.178116069
3858,新疆天山职业技术大学,304,,,,425,117444,425.162101106
3858,新疆天山职业技术大学,305,,,,429,115171,429.181107057
3858,新疆天山职业技术大学,306,,,,426,116902,426.179105086
3858,新疆天山职业技术大学,307,,,,421,119606,421.184093084
3859,新疆交通职业技术大学,301,,,,452,101363,452.181101094
3865,新疆能源铁道职业技术大学,301,,,,478,84139,478.194104102
3865,新疆能源铁道职业技术大学,302,,,,472,88227,472.189100103
3865,新疆能源铁道职业技术大学,303,,,,486,78583,486.171098095
3865,新疆能源铁道职业技术大学,304,,,,507,64331,507.208108098
3889,新疆工业学院,301,,,,447,104455,447.173088094
3889,新疆工业学院,302,,,,449,103240,449.168089097
3889,新疆工业学院,303,,,,451,101979,451.168095104
3892,新疆理工职业大学,301,,,,446,105066,446.171089078
3893,中国石油大学(北京)克拉玛依校区,301,,,,555,35325,555.234118113
3893,中国石油大学(北京)克拉玛依校区,302,,,,582,21818,582.232121124
3893,中国石油大学(北京)克拉玛依校区,303,,,,588,19218,588.222111122
3893,中国石油大学(北京)克拉玛依校区,304,高校专项计划组,,,574,25620,574.216112121
3893,中国石油大学(北京)克拉玛依校区,305,国家专项计划组,,,585,20496,585.217112125
3895,南京航空航天大学,307,,,,627,5983,627.238129125
6000,山西大学,301,,,,544,41495,544.213118121
6000,山西大学,302,,,,582,21818,582.230118135
6000,山西大学,303,,,,593,17125,593.226118115
6000,山西大学,304,,,,608,11475,608.235119117
6000,山西大学,305,,,,591,17922,591.240126105
6000,山西大学,306,,,,542,42561,542.221113114
6000,山西大学,307,,,,577,24149,577.212111113
6000,山西大学,308,,,,551,37532,551.230120101
6000,山西大学,309,国家专项计划组,,,552,36980,552.212107126
6000,山西大学,310,国家专项计划组,,,562,31551,562.227115118
6000,山西大学,311,地方专项计划组,,,537,45512,537.219112085
6000,山西大学,312,地方专项计划组,,,562,31551,562.212108124
6000,山西大学,313,定向组,,,635,4268,635.243122126
6000,山西大学,314,定向组,,,612,10095,612.238127121
6000,山西大学,315,定向组,,,597,15557,597.243124133
6000,山西大学,316,定向组,,,603,13232,603.238122123
6000,山西大学,317,定向组,,,584,20919,584.224114122
6000,山西大学,318,定向组,,,589,18768,589.230122129
6000,山西大学,319,定向组,,,571,27047,571.215112129
6000,山西大学,320,定向组,,,601,13988,601.240122119
6000,山西大学,321,定向组,,,604,12897,604.226116132
6000,山西大学,322,定向组,,,590,18344,590.221118128
6000,山西大学,323,定向组,,,583,21361,583.238125122
6000,山西大学,324,定向组,,,605,12554,605.230122116
6000,山西大学,325,定向组,,,601,13988,601.235121127
6000,山西大学,326,定向组,,,588,19218,588.217120139
6000,山西大学,327,定向组,,,586,20073,586.229116124
6000,山西大学,328,定向组,,,551,37532,551.223113114
6000,山西大学,329,定向组,,,598,15183,598.234119121
6000,山西大学,330,定向组,,,579,23209,579.238129112
6000,山西大学,331,定向组,,,557,34225,557.219110123
6000,山西大学,332,定向组,,,598,15183,598.224121134
6000,山西大学,333,定向组,,,598,15183,598.229117121
6000,山西大学,334,定向组,,,604,12897,604.237119130
6001,山西大学(大同校区),335,,,,561,32100,561.208115098
6002,太原科技大学,301,,,,548,39243,548.232118117
6002,太原科技大学,302,,,,526,52177,526.238122088
6002,太原科技大学,303,,,,531,49079,531.210118119
6002,太原科技大学,304,,,,532,48423,532.188110119
6002,太原科技大学,305,国家专项计划组,,,534,47263,534.214114112
6002,太原科技大学,306,国家专项计划组,,,558,33708,558.193101127
6002,太原科技大学,307,国家专项计划组,,,551,37532,551.217114118
6002,太原科技大学,308,地方专项计划组,,,524,53482,524.201101112
6002,太原科技大学,309,地方专项计划组,,,541,43132,541.213115114
6002,太原科技大学,310,地方专项计划组,,,543,42036,543.197109119
6003,中北大学,301,,,,524,53482,524.210106114
6003,中北大学,302,,,,531,49079,531.223113118
6003,中北大学,303,,,,599,14785,599.221113130
6003,中北大学,304,,,,585,20496,585.244125125
6003,中北大学,305,,,,580,22748,580.228117120
6003,中北大学,306,,,,561,32100,561.230123108
6003,中北大学,307,,,,565,30102,565.216109114
6003,中北大学,308,,,,562,31551,562.226114110
6003,中北大学,309,,,,545,40943,545.222116095
6003,中北大学,310,,,,549,38659,549.225113081
6003,中北大学,311,,,,561,32100,561.231127098
6003,中北大学,312,,,,543,42036,543.209107113
6003,中北大学,313,,,,524,53482,524.218114096
6003,中北大学,314,国家专项计划组,,,536,46089,536.219110110
6003,中北大学,315,国家专项计划组,,,588,19218,588.219114125
6003,中北大学,316,国家专项计划组,,,575,25157,575.231121119
6003,中北大学,317,国家专项计划组,,,567,29088,567.218117139
6003,中北大学,318,国家专项计划组,,,577,24149,577.238127111
6003,中北大学,319,国家专项计划组,,,550,38107,550.219118115
6003,中北大学,320,国家专项计划组,,,561,32100,561.220128131
6003,中北大学,321,国家专项计划组,,,567,29088,567.214112118
6003,中北大学,322,国家专项计划组,,,555,35325,555.225119108
6003,中北大学,323,地方专项计划组,,,520,56002,520.209105096
6003,中北大学,324,地方专项计划组,,,589,18768,589.225115105
6003,中北大学,325,地方专项计划组,,,582,21818,582.230116118
6003,中北大学,326,地方专项计划组,,,560,32630,560.221116109
6003,中北大学,327,地方专项计划组,,,561,32100,561.228128113
6003,中北大学,328,地方专项计划组,,,572,26560,572.214112123
6003,中北大学,329,地方专项计划组,,,542,42561,542.239120090
6003,中北大学,330,地方专项计划组,,,559,33157,559.222119112
6003,中北大学,331,地方专项计划组,,,564,30562,564.224119113
6003,中北大学,332,地方专项计划组,,,554,35858,554.206105110
6004,太原理工大学,301,,,,559,33157,559.219111114
6004,太原理工大学,302,,,,572,26560,572.225114129
6004,太原理工大学,303,,,,621,7485,621.251132132
6004,太原理工大学,304,,,,620,7776,620.229123127
6004,太原理工大学,305,,,,612,10095,612.234118122
6004,太原理工大学,306,,,,603,13232,603.213118135
6004,太原理工大学,307,,,,603,13232,603.224113128
6004,太原理工大学,308,,,,597,15557,597.233122126
6004,太原理工大学,309,,,,593,17125,593.230117122
6004,太原理工大学,310,,,,582,21818,582.219110135
6004,太原理工大学,311,,,,561,32100,561.222114123
6004,太原理工大学,312,,,,564,30562,564.230116124
6004,太原理工大学,313,,,,567,29088,567.230123124
6004,太原理工大学,314,合作办学组,,,578,23639,578.223113116
6004,太原理工大学,315,国家专项计划组,,,548,39243,548.242127108
6004,太原理工大学,316,国家专项计划组,,,614,9470,614.249128125
6004,太原理工大学,317,国家专项计划组,,,608,11475,608.241130127
6004,太原理工大学,318,国家专项计划组,,,600,14366,600.222111122
6004,太原理工大学,319,国家专项计划组,,,589,18768,589.228124119
6004,太原理工大学,320,国家专项计划组,,,577,24149,577.212109113
6004,太原理工大学,321,国家专项计划组,,,553,36434,553.213108129
6004,太原理工大学,322,国家专项计划组,,,554,35858,554.212108109
6004,太原理工大学,323,地方专项计划组,,,539,44321,539.231117082
6004,太原理工大学,324,地方专项计划组,,,611,10413,611.241129130
6004,太原理工大学,325,地方专项计划组,,,606,12157,606.227115132
6004,太原理工大学,326,地方专项计划组,,,600,14366,600.230125108
6004,太原理工大学,327,地方专项计划组,,,590,18344,590.243124120
6004,太原理工大学,328,地方专项计划组,,,570,27506,570.228117123
6004,太原理工大学,329,地方专项计划组,,,553,36434,553.218121105
6004,太原理工大学,330,地方专项计划组,,,555,35325,555.223115126
6005,山西农业大学,305,,,,489,76544,489.195105120
6005,山西农业大学,306,,,,513,60466,513.207111117
6005,山西农业大学,307,,,,480,82762,480.192099102
6005,山西农业大学,308,,,,525,52839,525.216118076
6005,山西农业大学,309,,,,521,55350,521.191108124
6005,山西农业大学,310,,,,481,82062,481.208106092
6005,山西农业大学,311,,,,488,77244,488.199106093
6005,山西农业大学,312,,,,502,67689,502.214110070
6005,山西农业大学,313,,,,484,79965,484.217112093
6005,山西农业大学,314,,,,478,84139,478.201109114
6005,山西农业大学,315,国家专项计划组,,,525,52839,525.201104121
6005,山西农业大学,316,地方专项计划组,,,515,59190,515.224120095
6006,山西医科大学,302,,,,515,59190,515.194097110
6006,山西医科大学,303,合作办学组,,,405,127543,405.164087082
6006,山西医科大学,304,,,,520,56002,520.212111099
6006,山西医科大学,305,,,,521,55350,521.215116090
6006,山西医科大学,306,合作办学组,,,401,129364,401.168105081
6006,山西医科大学,307,,,,607,11828,607.231123127
6006,山西医科大学,308,,,,573,26096,573.211115129
6006,山西医科大学,309,,,,563,31069,563.231121118
6006,山西医科大学,310,,,,517,57920,517.187096111
6006,山西医科大学,311,,,,515,59190,515.201106107
6006,山西医科大学,312,国家专项计划组,,,517,57920,517.204102110
6006,山西医科大学,313,国家专项计划组,,,544,41495,544.223115118
6006,山西医科大学,314,国家专项计划组,,,579,23209,579.234121115
6006,山西医科大学,315,国家专项计划组,,,558,33708,558.219112113
6006,山西医科大学,316,国家专项计划组,,,501,68329,501.198111119
6006,山西医科大学,317,国家专项计划组,,,523,54122,523.199101121
6006,山西医科大学,318,地方专项计划组,,,507,64331,507.206107101
6006,山西医科大学,319,地方专项计划组,,,543,42036,543.214114108
6006,山西医科大学,320,地方专项计划组,,,568,28579,568.217117103
6006,山西医科大学,321,地方专项计划组,,,553,36434,553.214107129
6006,山西医科大学,322,地方专项计划组,,,510,62391,510.201107108
6006,山西医科大学,323,地方专项计划组,,,510,62391,510.194100113
6007,长治医学院,302,,,,467,91565,467.197105088
6007,长治医学院,303,,,,533,47848,533.218112093
6007,长治医学院,304,,,,468,90939,468.207120098
6007,长治医学院,305,,,,535,46695,535.200109127
6007,长治医学院,306,,,,497,71044,497.200104121
6007,长治医学院,307,,,,468,90939,468.176090105
6007,长治医学院,308,,,,484,79965,484.189095117
6007,长治医学院,309,,,,475,86200,475.169092086
6007,长治医学院,310,国家专项计划组,,,534,47263,534.220112121
6007,长治医学院,311,国家专项计划组,,,539,44321,539.209107127
6007,长治医学院,312,国家专项计划组,,,474,86902,474.195104094
6007,长治医学院,313,国家专项计划组,,,475,86200,475.197099104
6007,长治医学院,314,地方专项计划组,,,526,52177,526.223114076
6007,长治医学院,315,地方专项计划组,,,525,52839,525.215109083
6007,长治医学院,316,地方专项计划组,,,469,90283,469.176102089
6007,长治医学院,317,地方专项计划组,,,473,87550,473.174109116
6008,山西师范大学,348,,,,494,73086,494.216113110
6008,山西师范大学,349,,,,483,80653,483.207110108
6008,山西师范大学,350,,,,466,92259,466.183103097
6008,山西师范大学,351,,,,514,59845,514.224115088
6008,山西师范大学,352,,,,501,68329,501.195112105
6008,山西师范大学,353,,,,536,46089,536.208112125
6008,山西师范大学,354,,,,497,71044,497.207111082
6008,山西师范大学,355,国家专项计划组,,,495,72384,495.188102119
6008,山西师范大学,356,国家专项计划组,,,516,58515,516.217116102
6008,山西师范大学,357,地方专项计划组,,,492,74508,492.191102111
6008,山西师范大学,358,地方专项计划组,,,507,64331,507.211106098
6008,山西师范大学,359,地方专项计划组,,,511,61740,511.218111092
6009,太原师范学院,321,,,,503,67037,503.211109078
6009,太原师范学院,322,,,,518,57296,518.208115126
6009,太原师范学院,323,,,,478,84139,478.208119115
6009,太原师范学院,324,,,,494,73086,494.186112125
6009,太原师范学院,325,,,,479,83454,479.192114097
6009,太原师范学院,326,,,,507,64331,507.218110090
6009,太原师范学院,327,,,,500,69009,500.180090096
6009,太原师范学院,328,,,,491,75208,491.204110060
6009,太原师范学院,329,,,,482,81351,482.202103101
6009,太原师范学院,330,,,,513,60466,513.207109121
6009,太原师范学院,331,,,,482,81351,482.192097098
6009,太原师范学院,332,国家专项计划组,,,474,86902,474.192098110
6009,太原师范学院,333,地方专项计划组,,,480,82762,480.204116101
6009,太原师范学院,334,定向组,,,508,63699,508.208104036
6010,山西大同大学,301,,,,486,78583,486.210111097
6010,山西大同大学,302,,,,472,88227,472.188107112
6010,山西大同大学,303,,,,500,69009,500.195109103
6010,山西大同大学,304,,,,530,49685,530.211117113
6010,山西大同大学,305,,,,478,84139,478.193100100
6010,山西大同大学,306,,,,474,86902,474.193106107
6010,山西大同大学,307,,,,470,89567,470.193102111
6010,山西大同大学,308,,,,505,65683,505.200102100
6010,山西大同大学,309,,,,491,75208,491.197114117
6010,山西大同大学,310,,,,521,55350,521.217120097
6010,山西大同大学,311,,,,485,79287,485.206109102
6010,山西大同大学,312,,,,477,84836,477.200108099
6010,山西大同大学,313,,,,520,56002,520.202102122
6010,山西大同大学,314,,,,467,91565,467.177090106
6010,山西大同大学,315,,,,488,77244,488.177099097
6010,山西大同大学,316,,,,482,81351,482.205107099
6010,山西大同大学,317,合作办学组,,,462,94965,462.196106094
6010,山西大同大学,318,合作办学组,,,429,115171,429.168093087
6010,山西大同大学,319,,,,514,59845,514.194103104
6010,山西大同大学,320,,,,475,86200,475.199104099
6010,山西大同大学,321,,,,480,82762,480.197104106
6010,山西大同大学,322,国家专项计划组,,,471,88879,471.207110078
6010,山西大同大学,323,地方专项计划组,,,466,92259,466.187094082
6010,山西大同大学,324,定向组,,,537,45512,537.193103108
6011,晋中学院,301,,,,493,73817,493.207108106
6011,晋中学院,302,,,,464,93632,464.201103088
6011,晋中学院,303,,,,509,63028,509.193103093
6011,晋中学院,304,,,,485,79287,485.182095116
6011,晋中学院,305,,,,489,76544,489.204110074
6011,晋中学院,306,,,,462,94965,462.203112074
6011,晋中学院,307,,,,467,91565,467.191114091
6011,晋中学院,308,地方专项计划组,,,450,102616,450.191103114
6012,长治学院,301,,,,492,74508,492.205107099
6012,长治学院,302,,,,490,75871,490.190099101
6012,长治学院,303,,,,476,85499,476.208110107
6012,长治学院,304,,,,451,101979,451.191104093
6012,长治学院,305,,,,473,87550,473.186098121
6012,长治学院,306,,,,461,95622,461.187109108
6012,长治学院,307,,,,462,94965,462.195105087
6012,长治学院,308,,,,462,94965,462.190103098
6012,长治学院,309,,,,459,96873,459.182096117
6012,长治学院,310,,,,456,98826,456.166108116
6012,长治学院,311,,,,473,87550,473.183099107
6012,长治学院,312,,,,452,101363,452.206104083
6012,长治学院,313,,,,451,101979,451.186100087
6012,长治学院,314,,,,468,90939,468.181098103
6012,长治学院,315,,,,482,81351,482.202103088
6012,长治学院,316,地方专项计划组,,,464,93632,464.196111106
6012,长治学院,317,地方专项计划组,,,444,106286,444.178097109
6012,长治学院,318,定向组,,,503,67037,503.211118093
6013,运城学院,301,,,,457,98150,457.178090067
6013,运城学院,302,,,,449,103240,449.165102107
6013,运城学院,303,,,,454,100090,454.189109080
6013,运城学院,304,,,,479,83454,479.201107101
6013,运城学院,305,,,,476,85499,476.222113103
6013,运城学院,306,,,,455,99475,455.187095081
6013,运城学院,307,,,,451,101979,451.152085098
6013,运城学院,308,,,,490,75871,490.205107114
6013,运城学院,309,地方专项计划组,,,448,103863,448.197102061
6013,运城学院,310,定向组,,,504,66355,504.228124083
6014,忻州师范学院,329,,,,478,84139,478.204103107
6014,忻州师范学院,330,,,,477,84836,477.189099089
6014,忻州师范学院,331,,,,458,97505,458.201118084
6014,忻州师范学院,332,,,,460,96266,460.191096101
6014,忻州师范学院,333,,,,457,98150,457.182103102
6014,忻州师范学院,334,,,,452,101363,452.197108103
6014,忻州师范学院,335,,,,460,96266,460.179090115
6014,忻州师范学院,336,地方专项计划组,,,467,91565,467.179106096
6014,忻州师范学院,337,地方专项计划组,,,452,101363,452.173097103
6014,忻州师范学院,338,地方专项计划组,,,463,94291,463.201103085
6014,忻州师范学院,339,地方专项计划组,,,450,102616,450.191096097
6014,忻州师范学院,340,地方专项计划组,,,447,104455,447.195105070
6014,忻州师范学院,341,定向组,,,502,67689,502.203106095
6015,山西财经大学,301,,,,514,59845,514.206116109
6015,山西财经大学,302,合作办学组,,,493,73817,493.203111120
6015,山西财经大学,303,,,,535,46695,535.219121120
6015,山西财经大学,304,,,,513,60466,513.211114102
6015,山西财经大学,305,国家专项计划组,,,522,54717,522.196112110
6015,山西财经大学,306,国家专项计划组,,,540,43706,540.220118116
6015,山西财经大学,307,地方专项计划组,,,508,63699,508.211106098
6015,山西财经大学,308,地方专项计划组,,,542,42561,542.199114112
6016,山西中医药大学,302,,,,595,16316,595.234123106
6016,山西中医药大学,303,,,,536,46089,536.205114098
6016,山西中医药大学,304,,,,503,67037,503.201101109
6016,山西中医药大学,305,,,,501,68329,501.212108112
6016,山西中医药大学,306,,,,482,81351,482.190112110
6016,山西中医药大学,307,,,,499,69661,499.211110097
6016,山西中医药大学,308,,,,508,63699,508.195104103
6016,山西中医药大学,309,,,,483,80653,483.197102116
6016,山西中医药大学,310,国家专项计划组,,,536,46089,536.216109108
6016,山西中医药大学,311,国家专项计划组,,,487,77932,487.194101117
6016,山西中医药大学,312,国家专项计划组,,,521,55350,521.216114092
6016,山西中医药大学,313,国家专项计划组,,,483,80653,483.200117120
6016,山西中医药大学,314,地方专项计划组,,,532,48423,532.208111092
6016,山西中医药大学,315,地方专项计划组,,,492,74508,492.203108074
6016,山西中医药大学,316,地方专项计划组,,,507,64331,507.194103091
6016,山西中医药大学,317,地方专项计划组,,,477,84836,477.202107096
6017,吕梁学院,301,,,,450,102616,450.188109105
6017,吕梁学院,302,,,,475,86200,475.195106113
6017,吕梁学院,303,,,,451,101979,451.188098098
6017,吕梁学院,304,,,,449,103240,449.188106100
6017,吕梁学院,305,,,,447,104455,447.186099114
6017,吕梁学院,306,,,,449,103240,449.156084105
6017,吕梁学院,307,地方专项计划组,,,448,103863,448.181112093
6017,吕梁学院,308,地方专项计划组,,,447,104455,447.187113108
6017,吕梁学院,309,地方专项计划组,,,444,106286,444.186111082
6017,吕梁学院,310,地方专项计划组,,,444,106286,444.168099087
6017,吕梁学院,311,地方专项计划组,,,444,106286,444.186095079
6018,太原学院,301,,,,473,87550,473.207109093
6018,太原学院,302,,,,479,83454,479.189119127
6018,太原学院,303,,,,477,84836,477.193104083
6018,太原学院,304,,,,496,71691,496.194112089
6018,太原学院,305,,,,467,91565,467.199109101
6018,太原学院,306,,,,473,87550,473.209113091
6018,太原学院,307,边防军人子女预科,,,382,,382.167101055
6020,山西警察学院,305,,,,511,61740,511.207110111
6020,山西警察学院,306,,,,488,77244,488.179096099
6020,山西警察学院,307,,,,493,73817,493.215112066
6025,山西应用科技学院,301,,,,426,116902,426.179117083
6025,山西应用科技学院,302,,,,417,121686,417.171090086
6025,山西应用科技学院,303,,,,427,116331,427.163091107
6025,山西应用科技学院,304,,,,423,118552,423.172088081
6025,山西应用科技学院,305,,,,416,122226,416.161099084
6025,山西应用科技学院,306,,,,423,118552,423.191101060
6036,山西工学院,301,,,,462,94965,462.184104098
6036,山西工学院,302,,,,462,94965,462.192101098
6036,山西工学院,303,,,,454,100090,454.174097096
6037,晋中信息学院,301,,,,431,114034,431.183106086
6037,晋中信息学院,302,,,,434,112335,434.174099086
6037,晋中信息学院,303,,,,438,109920,438.180106080
6037,晋中信息学院,304,合作办学组,,,402,128948,402.138095087
6038,山西电子科技学院,301,,,,496,71691,496.191104112
6038,山西电子科技学院,302,,,,489,76544,489.201102111
6038,山西电子科技学院,303,,,,485,79287,485.200108092
6038,山西电子科技学院,304,,,,484,79965,484.196101108
6039,山西晋中理工学院,301,,,,430,114611,430.157096102
6039,山西晋中理工学院,302,,,,430,114611,430.189117090
6039,山西晋中理工学院,303,,,,430,114611,430.184102089
6039,山西晋中理工学院,304,,,,432,113490,432.182101060
6039,山西晋中理工学院,305,,,,428,115778,428.189096083
6041,山西科技学院,301,,,,458,97505,458.195108076
6041,山西科技学院,302,,,,458,97505,458.196098108
6042,晋中健康学院,301,,,,430,114611,430.191108091
6042,晋中健康学院,302,,,,440,108709,440.195101072
6044,山西工商学院,301,,,,422,119091,422.157090084
6044,山西工商学院,302,,,,416,122226,416.177093088
6044,山西工商学院,303,,,,419,120637,419.170108065
6044,山西工商学院,304,,,,418,121181,418.179090094
6049,山西文化旅游职业大学,301,,,,448,103863,448.182101082
6049,山西文化旅游职业大学,302,,,,445,105659,445.177091105
6049,山西文化旅游职业大学,303,,,,446,105066,446.172105085
6058,太原工业学院,301,,,,481,82062,481.201107109
6058,太原工业学院,302,,,,515,59190,515.219114116
6058,太原工业学院,303,,,,520,56002,520.210114114
6058,太原工业学院,304,,,,488,77244,488.218121050
6058,太原工业学院,305,,,,517,57920,517.218112064
6058,太原工业学院,306,,,,477,84836,477.197104098
6058,太原工业学院,307,,,,508,63699,508.194101118
6058,太原工业学院,308,地方专项计划组,,,465,92942,465.200111079
6058,太原工业学院,309,地方专项计划组,,,453,100719,453.198106081
6062,运城职业技术大学,301,,,,417,121686,417.161095100
6062,运城职业技术大学,302,,,,426,116902,426.157093104
6062,运城职业技术大学,303,,,,413,123709,413.185102086
6067,山西传媒学院,301,,,,450,102616,450.185093099
6067,山西传媒学院,302,,,,455,99475,455.181092088
6067,山西传媒学院,303,,,,486,78583,486.188117102
6071,山西工程技术学院,301,,,,447,104455,447.179101104
6071,山西工程技术学院,302,,,,468,90939,468.189096114
6071,山西工程技术学院,303,,,,480,82762,480.172087102
6071,山西工程技术学院,304,,,,470,89567,470.173088109
6071,山西工程技术学院,305,,,,445,105659,445.178097098
6071,山西工程技术学院,306,,,,450,102616,450.183093105
6071,山西工程技术学院,307,,,,450,102616,450.174088106
6071,山西工程技术学院,308,,,,447,104455,447.201101088
6071,山西工程技术学院,309,,,,458,97505,458.164106099
6078,山西医药学院,301,,,,495,72384,495.206107098
6078,山西医药学院,302,,,,483,80653,483.198118084
6078,山西医药学院,303,,,,476,85499,476.192111092
6078,山西医药学院,304,,,,454,100090,454.175091092
6078,山西医药学院,305,,,,453,100719,453.183107109
6080,山西工程科技职业大学,301,,,,446,105066,446.180104097
6080,山西工程科技职业大学,302,,,,457,98150,457.211106100
6080,山西工程科技职业大学,303,,,,475,86200,475.185102107
6082,山西能源学院,301,,,,473,87550,473.188105096
6082,山西能源学院,302,,,,467,91565,467.201102061
6082,山西能源学院,303,,,,470,89567,470.206114048
6082,山西能源学院,304,,,,495,72384,495.205115104
6082,山西能源学院,305,,,,458,97505,458.195106095
6082,山西能源学院,306,,,,473,87550,473.187095112
6082,山西能源学院,307,,,,501,68329,501.179104127
6082,山西能源学院,308,,,,456,98826,456.184099098
