code,name,group,major,plan,admit,score,rank
0105,陆军工程大学,09,不限,,,597,38088
0105,陆军工程大学,10,化学,,,601,34502
0131,海军军医大学,04,化学,,,614,24115
0131,海军军医大学,05,化学,,,608,28740
0131,海军军医大学,06,化学,,,604,31983
0201,中国人民公安大学,11,不限,,,611,26367
0203,中国人民警察大学,08,不限,,,565,72560
0203,中国人民警察大学,09,化学,,,556,84047
0203,育中国人民警察大学,10,思想政治,,,558,81389
0306,中国民用航空飞行学院,03,不限,,,534,113272
0306,中国民用航空飞行学院,04,化学,,,561,77041
1101,教南京大学,08,化学,,,685,230
1101,南京大学,09,化学,,,683,295
1101,南京大学,10,化学,,,679,527
1101,省南京大学,11,化学,,,668,1646
1101,南京大学,12,化学,,,667,1802
1101,南京大学,13,化学,,,659,3287
1101,苏南京大学,14,化学)(中外合作办学,,,648,6409
1102,东南大学,10,化学,,,680,464
1102,东南大学,11,化学,,,664,2287
1102,江东南大学,12,化学,,,662,2666
1102,东南大学,13,不限,,,658,3527
1102,东南大学,14,化学,,,646,7076
1102,东南大学,15,化学)(中外合作办学,,,633,12565
1103,南京航空航天大学,05,化学,,,659,3287
1103,南京航空航天大学,06,化学,,,652,5161
1103,南京航空航天大学,07,化学,,,647,6737
1103,南京航空航天大学,08,化学)(中外合作办学,,,623,18045
1103,南京航空航天大学,09,化学)(中外合作办学,,,628,15130
1103,南京航空航天大学,10,化学)(中外合作办学,,,616,22647
1103,南京航空航天大学,11,化学)(中外合作办学,,,623,18045
1104,南京理工大学,03,化学,,,650,5772
1104,南京理工大学,04,化学,,,644,7817
1104,南京理工大学,05,化学)(中外合作办学,,,622,18694
1104,南京理工大学,06,化学)(中外合作办学,,,609,27931
1105,河海大学,05,化学,,,644,7817
1105,河海大学,06,化学,,,641,8960
1105,河海大学,07,化学,,,638,10252
1105,河海大学,08,化学,,,631,13548
1105,河海大学,09,化学)(中外合作办学,,,595,39948
1105,河海大学,10,不限,,,628,15130
1106,南京信息工程大学,17,化学,,,633,12565
1106,南京信息工程大学,18,化学,,,626,16268
1106,南京信息工程大学,19,化学,,,604,31983
1106,南京信息工程大学,20,化学,,,595,39948
1106,南京信息工程大学,21,化学,,,599,36291
1106,育南京信息工程大学,22,化学,,,595,39948
1106,南京信息工程大学,23,化学,,,593,41836
1106,南京信息工程大学,24,化学,,,606,30312
1106,教南京信息工程大学,25,化学,,,600,35398
1106,南京信息工程大学,26,化学,,,608,28740
1106,南京信息工程大学,27,化学,,,607,29534
1106,省南京信息工程大学,28,化学,,,605,31163
1106,南京信息工程大学,29,化学,,,603,32791
1106,南京信息工程大学,30,化学,,,597,38088
1106,苏南京信息工程大学,31,化学,,,602,33651
1106,南京信息工程大学,32,化学,,,599,36291
1106,江南京信息工程大学,33,化学,,,595,39948
1106,南京信息工程大学,34,化学,,,591,43812
1106,南京信息工程大学,35,不限,,,586,48810
1106,南京信息工程大学,36,不限,,,590,44753
1106,南京信息工程大学,37,化学)(中外合作办学,,,569,67621
1106,南京信息工程大学,38,化学)(中外合作办学,,,567,70124
1106,南京信息工程大学,39,化学)(中外合作办学,,,557,82718
1106,南京信息工程大学,40,化学)(中外合作办学,,,584,50912
1107,南京农业大学,08,化学,,,617,21970
1107,南京农业大学,09,化学,,,611,26367
1107,南京农业大学,10,化学,,,610,27149
1107,南京农业大学,11,不限,,,609,27931
1107,南京农业大学,12,化学)(中外合作办学,,,593,41836
1107,南京农业大学,13,化学)(中外合作办学,,,577,58411
1108,南京师范大学,18,不限,,,618,21298
1108,南京师范大学,19,不限,,,616,22647
1108,南京师范大学,20,不限,,,617,21970
1108,南京师范大学,21,地理,,,614,24115
1108,南京师范大学,22,化学,,,627,15662
1108,南京师范大学,23,化学,,,627,15662
1108,南京师范大学,24,化学,,,623,18045
1108,南京师范大学,25,不限,,,592,42793
1108,南京师范大学,26,不限)(中外合作办学,,,593,41836
1108,南京师范大学,27,不限)(高校中外学分互认联合培养项目,,,573,62978
1108,南京师范大学,28,化学,,,603,32791
1108,南京师范大学,29,化学,,,623,18045
1108,育南京师范大学,30,化学,,,615,23390
1108,南京师范大学,31,化学,,,595,39948
1108,南京师范大学,32,化学)(中外合作办学,,,594,40855
1108,教南京师范大学,33,化学)(中外合作办学,,,611,26367
1108,南京师范大学,34,化学)(高校中外学分互认联合培养项目,,,600,35398
1108,南京师范大学,35,化学)(高校中外学分互认联合培养项目,,,562,76392
1108,省南京师范大学,36,地理,,,597,38088
1109,中国药科大学,03,化学,,,616,22647
1109,中国药科大学,04,化学,,,646,7076
1109,苏中国药科大学,05,化学,,,618,21298
1109,中国药科大学,06,化学)(中外合作办学,,,598,37203
1109,江中国药科大学,07,化学)(中外合作办学,,,584,50912
1110,南京工业大学,05,不限,,,557,82718
1110,南京工业大学,06,化学,,,602,33651
1110,南京工业大学,07,化学,,,597,38088
1110,南京工业大学,08,化学,,,592,42793
1110,南京工业大学,09,化学,,,588,46733
1110,南京工业大学,10,化学,,,589,45767
1110,南京工业大学,11,化学,,,584,50912
1110,南京工业大学,12,化学,,,577,58411
1110,南京工业大学,13,化学,,,583,51987
1110,南京工业大学,14,化学)(中外合作办学,,,587,47782
1110,南京工业大学,15,化学)(中外合作办学,,,563,75021
1110,南京工业大学,16,化学)(中外合作办学,,,544,100381
1111,南京邮电大学,05,不限,,,610,27149
1111,南京邮电大学,06,化学,,,640,9378
1111,南京邮电大学,07,化学,,,615,23390
1111,南京邮电大学,08,化学,,,612,25593
1111,南京邮电大学,09,化学,,,615,23390
1111,南京邮电大学,10,化学)(中外合作办学,,,587,47782
1112,南京医科大学,05,不限)(常州校区,,,560,77690
1112,南京医科大学,06,不限)(常州校区,,,572,64139
1112,南京医科大学,07,化学)(常州校区,,,568,68889
1112,南京医科大学,08,化学)(常州校区,,,577,58411
1112,南京医科大学,09,化学)(常州校区,,,557,82718
1112,南京医科大学,10,化学)(常州校区,,,596,39012
1112,南京医科大学,11,化学)(常州校区,,,580,55141
1112,育南京医科大学,12,化学)(常州校区,,,565,72560
1112,南京医科大学,13,化学)(常州校区,,,582,53034
1112,南京医科大学,14,化学)(常州校区,,,567,70124
1112,教南京医科大学,15,化学)(常州校区,,,576,59533
1112,南京医科大学,16,化学)(江宁校区,,,653,4878
1112,南京医科大学,17,化学)(江宁校区,,,621,19332
1112,省南京医科大学,18,化学)(江宁校区,,,633,12565
1112,南京医科大学,19,化学)(江宁校区,,,596,39012
1112,南京医科大学,20,化学)(江宁校区,,,617,21970
1113,苏南京中医药大学,09,不限)(南京校区,,,638,10252
1113,南京中医药大学,10,不限)(南京校区,,,609,27931
1113,江南京中医药大学,11,不限)(南京校区,,,585,49888
1113,南京中医药大学,12,不限)(南京校区,,,554,85803
1113,南京中医药大学,13,不限)(中外合作办学)(泰州校区,,,515,142465
1113,南京中医药大学,14,化学)(南京校区,,,617,21970
1113,南京中医药大学,15,化学)(南京校区,,,603,32791
1113,南京中医药大学,16,化学)(南京校区,,,585,49888
1113,南京中医药大学,17,化学)(南京校区,,,556,84047
1113,南京中医药大学,18,化学)(泰州校区,,,555,85359
1113,南京中医药大学,19,化学)(中外合作办学)(泰州校区,,,496,169851
1113,南京中医药大学,20,化学)(中外合作办学)(泰州校区,,,514,143932
1114,南京工程学院,02,不限,,,535,112508
1114,南京工程学院,03,化学,,,561,77041
1114,南京工程学院,04,化学,,,536,111744
1114,南京工程学院,05,化学,,,553,86246
1114,南京工程学院,06,化学)(中外合作办学,,,605,31163
1114,南京工程学院,07,化学)(中外合作办学,,,496,169851
1115,南京林业大学,04,不限)(南京校区,,,578,57339
1115,南京林业大学,05,不限)(淮安校区,,,560,77690
1115,南京林业大学,06,化学)(南京校区,,,593,41836
1115,南京林业大学,07,化学)(南京校区,,,603,32791
1115,南京林业大学,08,化学)(南京校区,,,598,37203
1115,南京林业大学,09,化学)(南京校区,,,578,57339
1115,南京林业大学,10,化学)(南京校区,,,572,64139
1115,南京林业大学,11,化学)(南京校区,,,576,59533
1115,南京林业大学,12,化学)(南京校区,,,582,53034
1115,南京林业大学,13,化学)(南京校区,,,579,56236
1115,育南京林业大学,14,化学)(淮安校区,,,595,39948
1115,南京林业大学,15,化学)(淮安校区,,,591,43812
1115,南京林业大学,16,化学)(淮安校区,,,565,72560
1115,教南京林业大学,17,化学)(淮安校区,,,577,58411
1115,南京林业大学,18,化学)(中外合作办学)(南京校区,,,547,93475
1116,南京财经大学,08,不限,,,593,41836
1116,省南京财经大学,09,不限,,,593,41836
1116,南京财经大学,10,不限,,,598,37203
1116,南京财经大学,11,不限,,,556,84047
1116,苏南京财经大学,12,不限,,,562,76392
1116,南京财经大学,13,不限)(中外合作办学,,,538,108896
1116,江南京财经大学,14,不限)(中外合作办学,,,510,149799
1116,南京财经大学,15,不限)(中外合作办学,,,531,119058
1116,南京财经大学,16,化学,,,591,43812
1116,南京财经大学,17,化学,,,585,49888
1116,南京财经大学,18,化学,,,567,70124
1117,南京体育学院,04,不限,,,520,135215
1117,南京体育学院,05,不限)(中外合作办学,,,458,215568
1117,南京体育学院,06,化学,,,528,123485
1117,南京体育学院,07,生物,,,521,133759
1118,南京艺术学院,02,不限,,,524,129360
1118,南京艺术学院,03,化学,,,540,106004
1119,南京审计大学,09,不限,,,609,27931
1119,南京审计大学,10,不限,,,601,34502
1119,南京审计大学,11,不限,,,607,29534
1119,南京审计大学,12,不限,,,548,92072
1119,南京审计大学,13,不限)(中外合作办学,,,560,77690
1119,南京审计大学,14,不限)(中外合作办学,,,534,113272
1119,南京审计大学,15,不限)(高校中外学分互认联合培养项目,,,529,122025
1119,南京审计大学,16,不限)(高校中外学分互认联合培养项目,,,536,111744
1119,南京审计大学,17,不限)(高校中外学分互认联合培养项目,,,531,119058
1119,南京审计大学,18,化学,,,570,66423
1120,南京晓庄学院,07,不限,,,522,132287
1120,南京晓庄学院,08,不限,,,515,142465
1120,南京晓庄学院,09,不限,,,488,180632
1120,南京晓庄学院,10,不限,,,526,126460
1120,南京晓庄学院,11,化学,,,529,122025
1120,育南京晓庄学院,12,化学,,,535,112508
1120,南京晓庄学院,13,化学,,,520,135215
1120,南京晓庄学院,14,思想政治,,,542,103195
1120,教南京晓庄学院,15,地理,,,528,123485
1122,江苏警官学院,08,不限,,,557,82718
1128,金陵科技学院,04,不限,,,512,146896
1128,省金陵科技学院,05,不限)(高校中外学分互认联合培养项目,,,456,217438
1128,金陵科技学院,06,化学,,,538,108896
1128,金陵科技学院,07,化学,,,524,129360
1128,苏金陵科技学院,08,化学,,,528,123485
1128,金陵科技学院,09,化学)(中外合作办学,,,486,183287
1128,江金陵科技学院,10,化学)(中外合作办学,,,500,162709
1128,金陵科技学院,11,生物,,,507,153904
1131,江苏第二师范学院,08,化学,,,521,133759
1131,江苏第二师范学院,09,化学,,,520,135215
1131,江苏第二师范学院,10,化学,,,532,117593
1131,江苏第二师范学院,11,化学,,,531,119058
1131,江苏第二师范学院,12,化学,,,521,133759
1131,江苏第二师范学院,13,化学)(中外合作办学,,,499,165555
1131,江苏第二师范学院,14,化学)(中外合作办学,,,490,177981
1131,江苏第二师范学院,15,不限,,,514,143932
1131,江苏第二师范学院,16,不限,,,502,160562
1131,江苏第二师范学院,17,不限,,,519,136665
1131,江苏第二师范学院,18,不限)(高校中外学分互认联合培养项目,,,456,217438
1131,江苏第二师范学院,19,思想政治,,,537,110271
1131,江苏第二师范学院,20,地理,,,522,132287
1133,南京特殊教育师范学院,05,不限,,,499,165555
1133,南京特殊教育师范学院,06,不限)(高校中外学分互认联合培养项目,,,462,211501
1133,南京特殊教育师范学院,07,不限)(高校中外学分互认联合培养项目,,,456,217438
1133,南京特殊教育师范学院,08,化学,,,518,138037
1133,南京特殊教育师范学院,09,化学)(中外合作办学,,,456,217438
1133,南京特殊教育师范学院,10,化学)(高校中外学分互认联合培养项目,,,456,217438
1133,南京特殊教育师范学院,11,思想政治,,,506,155379
1136,南京工业职业技术大学,03,不限,,,535,112508
1136,南京工业职业技术大学,04,不限,,,513,145420
1136,育南京工业职业技术大学,05,不限)(联合培养项目,,,524,129360
1136,南京工业职业技术大学,06,不限)(中外合作办学,,,480,189021
1201,江南大学,10,化学,,,639,9802
1201,教江南大学,11,化学,,,639,9802
1201,江南大学,12,化学,,,621,19332
1201,江南大学,13,化学,,,627,15662
1201,省江南大学,14,化学,,,627,15662
1201,江南大学,15,化学,,,616,22647
1201,苏江南大学,16,化学,,,620,19962
1201,江南大学,17,化学,,,619,20665
1201,江南大学,18,化学,,,619,20665
1201,江江南大学,19,化学,,,628,15130
1201,江南大学,20,化学,,,628,15130
1201,江南大学,21,化学,,,615,23390
1201,江南大学,22,化学,,,626,16268
1201,江南大学,23,化学,,,622,18694
1201,江南大学,24,化学,,,626,16268
1201,江南大学,25,化学,,,622,18694
1201,江南大学,26,化学,,,627,15662
1201,江南大学,27,化学,,,622,18694
1201,江南大学,28,化学,,,614,24115
1201,江南大学,29,化学,,,642,8580
1201,江南大学,30,化学,,,620,19962
1201,江南大学,31,化学,,,629,14603
1201,江南大学,32,不限,,,611,26367
1201,江南大学,33,不限,,,615,23390
1201,江南大学,34,不限)(中外合作办学,,,593,41836
1201,江南大学,35,不限)(中外合作办学,,,596,39012
1201,江南大学,36,化学)(中外合作办学,,,605,31163
1203,无锡学院,02,不限,,,526,126460
1203,无锡学院,03,化学,,,553,86246
1203,无锡学院,04,化学,,,544,100381
1203,无锡学院,05,化学,,,540,106004
1203,无锡学院,06,化学)(中外合作办学,,,511,148364
1211,无锡职业技术大学,03,不限,,,514,143932
1221,中国矿业大学,04,不限,,,600,35398
1221,中国矿业大学,05,化学,,,628,15130
1221,育中国矿业大学,06,化学,,,605,31163
1221,中国矿业大学,07,化学)(中外合作办学,,,583,51987
1221,中国矿业大学,08,化学)(中外合作办学,,,587,47782
1222,教江苏师范大学,13,不限,,,553,86246
1222,江苏师范大学,14,不限,,,564,73784
1222,江苏师范大学,15,不限,,,560,77690
1222,省江苏师范大学,16,不限,,,538,108896
1222,江苏师范大学,17,不限,,,529,122025
1222,江苏师范大学,18,不限,,,515,142465
1222,苏江苏师范大学,19,不限,,,532,117593
1222,江苏师范大学,20,不限,,,522,132287
1222,江江苏师范大学,21,不限)(中外合作办学,,,505,156836
1222,江苏师范大学,22,化学,,,564,73784
1222,江苏师范大学,23,化学,,,553,86246
1222,江苏师范大学,24,化学,,,537,110271
1222,江苏师范大学,25,化学,,,555,85359
1222,江苏师范大学,26,化学,,,536,111744
1222,江苏师范大学,27,化学,,,556,84047
1222,江苏师范大学,28,化学,,,552,86690
1222,江苏师范大学,29,化学,,,542,103195
1222,江苏师范大学,30,化学)(中外合作办学,,,508,152558
1222,江苏师范大学,31,化学)(中外合作办学,,,456,217438
1222,江苏师范大学,32,思想政治,,,559,78921
1222,江苏师范大学,33,地理,,,538,108896
1223,徐州医科大学,03,不限,,,529,122025
1223,徐州医科大学,04,化学,,,532,117593
1223,徐州医科大学,05,化学,,,581,54115
1223,徐州医科大学,06,化学,,,539,107423
1223,徐州医科大学,07,化学,,,548,92072
1223,徐州医科大学,08,化学,,,552,86690
1223,徐州医科大学,09,化学,,,579,56236
1223,徐州医科大学,10,化学,,,539,107423
1223,徐州医科大学,11,化学,,,622,18694
1224,徐州工程学院,03,不限,,,511,148364
1224,徐州工程学院,04,不限,,,512,146896
1224,徐州工程学院,05,不限,,,508,152558
1224,徐州工程学院,06,化学,,,528,123485
1224,育徐州工程学院,07,化学,,,531,119058
1224,徐州工程学院,08,化学,,,524,129360
1224,徐州工程学院,09,化学,,,507,153904
1224,教徐州工程学院,10,化学,,,515,142465
1224,徐州工程学院,11,化学,,,516,140984
1224,徐州工程学院,12,化学,,,517,139498
1224,省徐州工程学院,13,化学)(中外合作办学,,,488,180632
1224,徐州工程学院,14,化学)(中外合作办学,,,501,161290
1230,江苏建筑职业技术大学,04,不限,,,495,171272
1230,苏江苏建筑职业技术大学,05,不限,,,504,158329
1242,常州大学,05,不限,,,529,122025
1242,江常州大学,06,化学,,,568,68889
1242,常州大学,07,化学,,,574,61816
1242,常州大学,08,化学,,,579,56236
1242,常州大学,09,化学,,,565,72560
1242,常州大学,10,化学,,,557,82718
1242,常州大学,11,化学,,,579,56236
1242,常州大学,12,化学,,,570,66423
1242,常州大学,13,化学,,,536,111744
1242,常州大学,14,化学,,,549,91620
1242,常州大学,15,化学,,,543,101845
1242,常州大学,16,化学)(中外合作办学,,,513,145420
1242,常州大学,17,不限)(中外合作办学,,,497,168396
1242,常州大学,18,不限)(高校中外学分互认联合培养项目,,,456,217438
1242,常州大学,19,不限)(高校中外学分互认联合培养项目,,,456,217438
1242,常州大学,20,化学)(中外合作办学,,,523,130819
1243,常州工学院,05,不限,,,514,143932
1243,常州工学院,06,不限)(高校中外学分互认联合培养项目,,,456,217438
1243,常州工学院,07,化学,,,557,82718
1243,常州工学院,08,化学,,,548,92072
1243,常州工学院,09,化学,,,534,113272
1243,常州工学院,10,化学)(中外合作办学,,,498,166941
1243,常州工学院,11,化学)(中外合作办学,,,503,159833
1244,江苏理工学院,09,不限,,,526,126460
1244,江苏理工学院,10,不限,,,520,135215
1244,江苏理工学院,11,不限,,,527,124934
1244,江苏理工学院,12,不限,,,515,142465
1244,育江苏理工学院,13,不限,,,513,145420
1244,江苏理工学院,14,不限,,,531,119058
1244,江苏理工学院,15,不限,,,511,148364
1244,教江苏理工学院,16,不限)(高校中外学分互认联合培养项目,,,456,217438
1244,江苏理工学院,17,不限)(高校中外学分互认联合培养项目,,,456,217438
1244,江苏理工学院,18,化学,,,546,97670
1244,省江苏理工学院,19,化学,,,554,85803
1244,江苏理工学院,20,化学,,,548,92072
1244,江苏理工学院,21,化学,,,545,99020
1244,苏江苏理工学院,22,化学,,,540,106004
1244,江苏理工学院,23,化学,,,536,111744
1244,江江苏理工学院,24,化学,,,527,124934
1244,江苏理工学院,25,化学,,,543,101845
1244,江苏理工学院,26,化学,,,527,124934
1244,江苏理工学院,27,化学,,,538,108896
1244,江苏理工学院,28,化学,,,522,132287
1244,江苏理工学院,29,化学,,,528,123485
1244,江苏理工学院,30,化学)(中外合作办学,,,494,172592
1244,江苏理工学院,31,化学)(中外合作办学,,,492,175304
1244,江苏理工学院,32,化学)(高校中外学分互认联合培养项目,,,472,196937
1244,江苏理工学院,33,化学)(高校中外学分互认联合培养项目,,,456,217438
1250,常州信息职业技术大学,05,不限,,,508,152558
1261,苏州大学,35,化学,,,635,11598
1261,苏州大学,36,化学,,,634,12072
1261,苏州大学,37,化学,,,638,10252
1261,苏州大学,38,化学,,,641,8960
1261,苏州大学,39,化学,,,636,11118
1261,苏州大学,40,化学,,,636,11118
1261,苏州大学,41,化学,,,632,13058
1261,苏州大学,42,不限,,,615,23390
1261,苏州大学,43,不限,,,612,25593
1261,苏州大学,44,不限,,,608,28740
1261,苏州大学,45,不限,,,599,36291
1261,苏州大学,46,不限)(中外合作办学,,,600,35398
1261,苏州大学,47,化学,,,623,18045
1261,苏州大学,48,化学,,,625,16848
1261,苏州大学,49,化学,,,613,24799
1261,育苏州大学,50,化学,,,614,24115
1261,苏州大学,51,化学,,,611,26367
1261,苏州大学,52,化学,,,605,31163
1261,教苏州大学,53,化学,,,602,33651
1261,苏州大学,54,化学,,,612,25593
1261,苏州大学,55,化学,,,598,37203
1261,省苏州大学,56,化学)(中外合作办学,,,608,28740
1261,苏州大学,57,化学)(中外合作办学,,,596,39012
1261,苏州大学,58,化学)(中外合作办学,,,592,42793
1261,苏苏州大学,59,生物,,,596,39012
1262,苏州科技大学,05,化学,,,574,61816
1262,江苏州科技大学,06,化学,,,568,68889
1262,苏州科技大学,07,化学,,,565,72560
1262,苏州科技大学,08,化学,,,543,101845
1262,苏州科技大学,09,化学,,,566,71329
1262,苏州科技大学,10,化学,,,554,85803
1262,苏州科技大学,11,化学,,,540,106004
1262,苏州科技大学,12,化学,,,538,108896
1262,苏州科技大学,13,化学)(中外合作办学,,,536,111744
1262,苏州科技大学,14,不限,,,528,123485
1262,苏州科技大学,15,不限)(中外合作办学,,,523,130819
1262,苏州科技大学,16,思想政治,,,552,86690
1262,苏州科技大学,17,地理,,,544,100381
1263,苏州工学院,04,不限,,,509,151167
1263,苏州工学院,05,不限,,,517,139498
1263,苏州工学院,06,化学,,,523,130819
1263,苏州工学院,07,化学,,,534,113272
1263,苏州工学院,08,化学,,,543,101845
1263,苏州工学院,09,化学,,,529,122025
1263,苏州工学院,10,化学)(中外合作办学,,,510,149799
1263,苏州工学院,11,化学)(中外合作办学,,,481,188709
1263,苏州工学院,12,化学)(高校中外学分互认联合培养项目,,,456,217438
1263,苏州工学院,13,化学)(高校中外学分互认联合培养项目,,,456,217438
1265,中国人民大学(苏州校区),03,不限)(中外合作办学,,,643,8204
1265,中国人民大学(苏州校区),04,化学,,,665,2112
1265,中国人民大学(苏州校区),05,化学)(中外合作办学,,,648,6409
1267,苏州城市学院,04,不限,,,510,149799
1267,育苏州城市学院,05,不限,,,523,130819
1267,苏州城市学院,06,不限,,,519,136665
1267,苏州城市学院,07,化学,,,542,103195
1267,教苏州城市学院,08,化学,,,539,107423
1267,苏州城市学院,09,化学,,,537,110271
1267,苏州城市学院,10,化学,,,536,111744
1270,省苏州职业技术大学,03,不限,,,521,133759
1301,南通大学,08,不限,,,528,123485
1301,南通大学,09,不限,,,538,108896
1301,苏南通大学,10,不限,,,543,101845
1301,南通大学,11,不限,,,539,107423
1301,江南通大学,12,不限)(高校中外学分互认联合培养项目,,,456,217438
1301,南通大学,13,不限)(高校中外学分互认联合培养项目,,,514,143932
1301,南通大学,14,不限)(高校中外学分互认联合培养项目,,,470,202230
1301,南通大学,15,化学,,,562,76392
1301,南通大学,16,化学,,,536,111744
1301,南通大学,17,化学,,,577,58411
1301,南通大学,18,化学,,,567,70124
1301,南通大学,19,化学,,,582,53034
1301,南通大学,20,化学,,,581,54115
1301,南通大学,21,化学,,,556,84047
1301,南通大学,22,化学,,,545,99020
1301,南通大学,23,化学,,,574,61816
1301,南通大学,24,化学,,,557,82718
1301,南通大学,25,化学,,,542,103195
1301,南通大学,26,化学,,,546,97670
1301,南通大学,27,化学)(高校中外学分互认联合培养项目,,,524,129360
1301,南通大学,28,化学)(高校中外学分互认联合培养项目,,,456,217438
1301,南通大学,29,化学)(中外合作办学,,,511,148364
1301,南通大学,30,化学)(中外合作办学,,,517,139498
1301,南通大学,31,思想政治,,,547,93475
1301,南通大学,32,地理,,,544,100381
1321,江苏海洋大学,04,不限,,,516,140984
1321,江苏海洋大学,05,不限,,,497,168396
1321,江苏海洋大学,06,化学,,,517,139498
1321,江苏海洋大学,07,化学,,,530,120545
1321,江苏海洋大学,08,化学)(中外合作办学,,,471,201685
1321,育江苏海洋大学,09,化学,,,548,92072
1321,江苏海洋大学,10,地理,,,539,107423
1330,连云港师范学院,03,不限,,,502,160562
1330,教连云港师范学院,04,化学,,,504,158329
1341,淮阴师范学院,04,不限,,,500,162709
1341,淮阴师范学院,05,化学,,,504,158329
1341,省淮阴师范学院,06,化学,,,507,153904
1341,淮阴师范学院,07,化学,,,508,152558
1341,淮阴师范学院,08,化学,,,516,140984
1341,苏淮阴师范学院,09,化学,,,516,140984
1341,淮阴师范学院,10,思想政治,,,512,146896
1341,江淮阴师范学院,11,地理,,,503,159833
1342,淮安大学,02,不限,,,510,149799
1342,淮安大学,03,不限)(中外合作办学,,,485,184547
1342,淮安大学,04,化学,,,524,129360
1342,淮安大学,05,化学)(中外合作办学,,,494,172592
1361,盐城工学院,02,不限,,,502,160562
1361,盐城工学院,03,化学,,,531,119058
1361,盐城工学院,04,化学,,,519,136665
1361,盐城工学院,05,化学,,,513,145420
1361,盐城工学院,06,化学)(中外合作办学,,,502,160562
1362,盐城师范学院,04,不限,,,498,166941
1362,盐城师范学院,05,不限,,,496,169851
1362,盐城师范学院,06,化学,,,518,138037
1362,盐城师范学院,07,化学,,,505,156836
1362,盐城师范学院,08,化学,,,508,152558
1362,盐城师范学院,09,化学,,,503,159833
1362,盐城师范学院,10,化学)(中外合作办学,,,472,196937
1362,盐城师范学院,11,化学,,,504,158329
1362,盐城师范学院,12,思想政治,,,516,140984
1362,盐城师范学院,13,地理,,,503,159833
1381,扬州大学,22,不限,,,584,50912
1381,扬州大学,23,不限,,,574,61816
1381,扬州大学,24,不限,,,589,45767
1381,扬州大学,25,不限,,,582,53034
1381,扬州大学,26,不限,,,572,64139
1381,扬州大学,27,不限,,,554,85803
1381,育扬州大学,28,不限)(高校中外学分互认联合培养项目,,,456,217438
1381,扬州大学,29,不限,,,571,65270
1381,扬州大学,30,不限,,,555,85359
1381,教扬州大学,31,不限,,,541,104586
1381,扬州大学,32,不限,,,569,67621
1381,扬州大学,33,不限,,,553,86246
1381,省扬州大学,34,不限,,,548,92072
1381,扬州大学,35,不限,,,558,81389
1381,扬州大学,36,不限,,,561,77041
1381,苏扬州大学,37,不限)(中外合作办学,,,539,107423
1381,扬州大学,38,不限)(高校中外学分互认联合培养项目,,,505,156836
1381,江扬州大学,39,化学,,,583,51987
1381,扬州大学,40,化学,,,586,48810
1381,扬州大学,41,化学,,,583,51987
1381,扬州大学,42,化学,,,594,40855
1381,扬州大学,43,化学,,,587,47782
1381,扬州大学,44,化学,,,554,85803
1381,扬州大学,45,化学,,,556,84047
1381,扬州大学,46,化学,,,565,72560
1381,扬州大学,47,化学,,,550,91169
1381,扬州大学,48,化学,,,561,77041
1381,扬州大学,49,化学,,,566,71329
1381,扬州大学,50,化学,,,589,45767
1381,扬州大学,51,化学,,,584,50912
1381,扬州大学,52,化学,,,588,46733
1381,扬州大学,53,化学,,,571,65270
1381,扬州大学,54,化学,,,553,86246
1381,扬州大学,55,化学,,,566,71329
1381,扬州大学,56,化学,,,560,77690
1381,扬州大学,57,化学,,,578,57339
1381,扬州大学,58,化学,,,554,85803
1381,扬州大学,59,化学,,,569,67621
1381,扬州大学,60,化学,,,553,86246
1381,扬州大学,61,化学,,,549,91620
1381,扬州大学,62,化学,,,559,78921
1381,扬州大学,63,化学,,,562,76392
1381,扬州大学,64,化学,,,559,78921
1381,育扬州大学,65,化学)(中外合作办学,,,558,81389
1381,扬州大学,66,化学,,,587,47782
1381,扬州大学,67,化学,,,592,42793
1381,教扬州大学,68,化学,,,562,76392
1381,扬州大学,69,化学,,,555,85359
1381,扬州大学,70,化学,,,557,82718
1381,省扬州大学,71,化学,,,573,62978
1381,扬州大学,72,化学,,,573,62978
1381,扬州大学,73,化学,,,575,60650
1381,苏扬州大学,74,化学,,,564,73784
1381,扬州大学,75,化学,,,572,64139
1381,江扬州大学,76,化学,,,573,62978
1381,扬州大学,77,化学)(高校中外学分互认联合培养项目,,,456,217438
1381,扬州大学,78,生物,,,543,101845
1390,扬州职业技术大学,04,不限,,,510,149799
1390,扬州职业技术大学,05,不限,,,502,160562
1390,扬州职业技术大学,06,不限)(中外合作办学,,,490,177981
1401,江苏大学,15,化学,,,610,27149
1401,江苏大学,16,化学,,,590,44753
1401,江苏大学,17,化学,,,560,77690
1401,江苏大学,18,化学,,,589,45767
1401,江苏大学,19,化学,,,596,39012
1401,江苏大学,20,化学,,,597,38088
1401,江苏大学,21,化学,,,590,44753
1401,江苏大学,22,化学,,,588,46733
1401,江苏大学,23,化学,,,571,65270
1401,江苏大学,24,化学,,,581,54115
1401,江苏大学,25,化学,,,576,59533
1401,江苏大学,26,化学,,,586,48810
1401,江苏大学,27,化学,,,568,68889
1401,江苏大学,28,不限,,,581,54115
1401,江苏大学,29,不限,,,569,67621
1401,江苏大学,30,不限)(高校中外学分互认联合培养项目,,,492,175304
1401,江苏大学,31,化学)(中外合作办学,,,538,108896
1401,江苏大学,32,化学)(中外合作办学,,,531,119058
1401,江苏大学,33,化学)(高校中外学分互认联合培养项目,,,517,139498
1402,江苏科技大学,04,不限)(镇江校区,,,546,97670
1402,育江苏科技大学,05,不限)(中外合作办学)(镇江校区,,,531,119058
1402,江苏科技大学,06,不限)(高校中外学分互认联合培养项目)(镇江校区,,,457,216493
1402,教江苏科技大学,07,不限)(张家港校区,,,548,92072
1402,江苏科技大学,08,化学)(镇江校区,,,579,56236
1402,江苏科技大学,09,化学)(镇江校区,,,575,60650
1402,省江苏科技大学,10,化学)(镇江校区,,,563,75021
1402,江苏科技大学,11,化学)(镇江校区,,,563,75021
1402,江苏科技大学,12,化学)(张家港校区,,,560,77690
1402,苏江苏科技大学,13,化学)(中外合作办学)(镇江校区,,,573,62978
1402,江苏科技大学,14,化学)(中外合作办学)(镇江校区,,,546,97670
1421,泰州学院,03,不限,,,503,159833
1421,江泰州学院,04,不限)(高校中外学分互认联合培养项目,,,460,213575
1421,泰州学院,05,化学,,,511,148364
1421,泰州学院,06,化学)(高校中外学分互认联合培养项目,,,456,217438
1421,泰州学院,07,化学,,,509,151167
1426,宿迁学院,03,不限,,,500,162709
1426,宿迁学院,04,化学,,,518,138037
1426,宿迁学院,05,化学,,,508,152558
1426,宿迁学院,06,化学)(中外合作办学,,,465,208365
1426,宿迁学院,07,生物,,,502,160562
1426,宿迁学院,08,思想政治,,,506,155379
1802,东南大学成贤学院,03,不限,,,512,146896
1802,东南大学成贤学院,04,不限,,,492,175304
1802,东南大学成贤学院,05,不限,,,498,166941
1802,东南大学成贤学院,06,化学,,,511,148364
1802,东南大学成贤学院,07,化学,,,512,146896
1802,东南大学成贤学院,08,化学,,,511,148364
1802,东南大学成贤学院,09,化学,,,507,153904
1802,东南大学成贤学院,10,化学,,,506,155379
1802,东南大学成贤学院,11,化学,,,494,172592
1802,东南大学成贤学院,12,化学,,,501,161290
1803,南京航空航天大学金城学院,05,不限,,,482,188397
1803,南京航空航天大学金城学院,06,化学,,,501,161290
1803,南京航空航天大学金城学院,07,化学,,,491,176674
1803,南京航空航天大学金城学院,08,思想政治,,,493,173957
1804,南京理工大学紫金学院,04,不限,,,495,171272
1804,南京理工大学紫金学院,05,不限,,,496,169851
1804,育南京理工大学紫金学院,06,化学,,,511,148364
1804,南京理工大学紫金学院,07,化学,,,507,153904
1804,南京理工大学紫金学院,08,化学,,,503,159833
1804,教南京理工大学紫金学院,09,化学,,,501,161290
1804,南京理工大学紫金学院,10,化学,,,502,160562
1804,南京理工大学紫金学院,11,化学,,,499,165555
1807,省南京审计大学金审学院,03,不限,,,494,172592
1807,南京审计大学金审学院,04,不限)(中外合作办学,,,465,208365
1807,南京审计大学金审学院,05,化学,,,496,169851
1807,苏南京审计大学金审学院,06,化学)(中外合作办学,,,459,214584
1810,南京工业大学浦江学院,04,不限,,,485,184547
1810,江南京工业大学浦江学院,05,不限,,,477,194611
1810,南京工业大学浦江学院,06,不限)(中外合作办学,,,462,211501
1810,南京工业大学浦江学院,07,化学,,,496,169851
1810,南京工业大学浦江学院,08,化学,,,495,171272
1810,南京工业大学浦江学院,09,化学,,,487,181943
1816,南京财经大学红山学院,02,不限,,,482,188397
1826,中国矿业大学徐海学院,02,不限,,,484,185817
1826,中国矿业大学徐海学院,03,化学,,,482,188397
1826,中国矿业大学徐海学院,04,化学,,,486,183287
1827,江苏师范大学科文学院,06,不限,,,470,202230
1827,江苏师范大学科文学院,07,不限,,,476,195778
1827,江苏师范大学科文学院,08,不限,,,473,196648
1827,江苏师范大学科文学院,09,不限,,,469,202774
1827,江苏师范大学科文学院,10,不限,,,473,196648
1827,江苏师范大学科文学院,11,化学,,,479,189334
1827,江苏师范大学科文学院,12,化学,,,480,189021
1827,江苏师范大学科文学院,13,化学,,,477,194611
1827,江苏师范大学科文学院,14,地理,,,479,189334
1834,苏州大学应用技术学院,03,不限,,,485,184547
1834,苏州大学应用技术学院,04,不限,,,483,187151
1834,苏州大学应用技术学院,05,化学,,,495,171272
1834,苏州大学应用技术学院,06,化学,,,493,173957
1834,苏州大学应用技术学院,07,化学,,,493,173957
1834,苏州大学应用技术学院,08,化学)(中外合作办学,,,456,217438
1835,苏州科技大学天平学院,02,不限,,,481,188709
1835,苏州科技大学天平学院,03,化学,,,476,195778
1835,育苏州科技大学天平学院,04,化学,,,491,176674
1837,江苏科技大学苏州理工学院,02,不限,,,487,181943
1837,江苏科技大学苏州理工学院,03,化学,,,490,177981
1838,教南通大学杏林学院,03,不限,,,469,202774
1838,南通大学杏林学院,04,化学,,,476,195778
1838,南通大学杏林学院,05,化学,,,493,173957
1838,省南通大学杏林学院,06,化学,,,516,140984
1844,扬州大学广陵学院,02,不限,,,500,162709
1844,扬州大学广陵学院,03,不限,,,493,173957
1844,苏扬州大学广陵学院,04,化学,,,489,179304
1844,扬州大学广陵学院,05,化学,,,484,185817
1844,江扬州大学广陵学院,06,生物,,,483,187151
1845,江苏大学京江学院,03,不限,,,481,188709
1845,江苏大学京江学院,04,化学,,,491,176674
1845,江苏大学京江学院,05,化学,,,485,184547
1845,江苏大学京江学院,06,化学,,,487,181943
1845,江苏大学京江学院,07,化学,,,486,183287
1845,江苏大学京江学院,08,生物,,,484,185817
1846,南京医科大学康达学院,04,不限,,,481,188709
1846,南京医科大学康达学院,05,化学,,,500,162709
1846,南京医科大学康达学院,06,化学,,,482,188397
1846,南京医科大学康达学院,07,生物,,,488,180632
1847,南京师范大学泰州学院,03,不限,,,487,181943
1847,南京师范大学泰州学院,04,化学,,,484,185817
1847,南京师范大学泰州学院,05,化学,,,479,189334
1847,南京师范大学泰州学院,06,化学,,,475,196068
1848,南京理工大学泰州科技学院,02,不限,,,487,181943
1848,南京理工大学泰州科技学院,03,不限,,,484,185817
1848,南京理工大学泰州科技学院,04,化学,,,486,183287
1850,南京邮电大学通达学院,02,不限,,,489,179304
1850,南京邮电大学通达学院,03,化学,,,496,169851
1850,南京邮电大学通达学院,04,化学,,,494,172592
1855,常州大学怀德学院,03,不限,,,472,196937
1855,常州大学怀德学院,04,化学,,,475,196068
1858,南京师范大学中北学院,03,不限,,,478,189646
1858,南京师范大学中北学院,04,不限,,,472,196937
1858,南京师范大学中北学院,05,化学,,,479,189334
1901,育南京传媒学院,03,不限,,,463,210472
1901,南京传媒学院,04,不限)(中外合作办学,,,456,217438
1901,南京传媒学院,05,化学,,,471,201685
1901,教南京传媒学院,06,化学)(中外合作办学,,,456,217438
1911,三江学院,02,不限,,,470,202230
1911,三江学院,03,化学,,,474,196358
1915,省无锡太湖学院,03,不限,,,488,180632
1915,无锡太湖学院,04,不限)(中外合作办学,,,456,217438
1915,无锡太湖学院,05,化学,,,480,189021
1915,苏无锡太湖学院,06,化学)(中外合作办学,,,459,214584
1915,无锡太湖学院,07,生物,,,480,189021
1921,江西交利物浦大学,02,不限)(中外合作办学,,,546,97670
1921,西交利物浦大学,03,化学)(中外合作办学,,,550,91169
1928,南通理工学院,02,不限,,,467,206114
1928,南通理工学院,03,化学,,,466,207210
1928,南通理工学院,04,化学,,,471,201685
2101,复旦大学,07,化学,,,679,527
2102,同济大学,05,化学,,,664,2287
2102,同济大学,06,化学)(中外合作办学,,,657,3776
2102,同济大学,07,化学,,,651,5467
2102,同济大学,08,化学,,,659,3287
2103,上海交通大学,05,化学,,,689,110
2103,上海交通大学,06,化学,,,680,464
2103,上海交通大学,07,化学)(中外合作办学,,,667,1802
2104,华东理工大学,03,化学,,,626,16268
2105,东华大学,03,化学,,,621,19332
2105,东华大学,04,化学,,,621,19332
2106,华东师范大学,06,化学,,,653,4878
2107,华东政法大学,04,不限,,,628,15130
2107,华东政法大学,05,不限,,,635,11598
2107,华东政法大学,06,不限,,,630,14065
2109,上海外国语大学,09,不限,,,618,21298
2109,上海外国语大学,10,不限,,,613,24799
2109,上海外国语大学,11,化学,,,631,13548
2110,上海财经大学,05,不限,,,640,9378
2110,上海财经大学,06,化学,,,642,8580
2111,上海师范大学,05,不限,,,575,60650
2111,育上海师范大学,06,化学,,,573,62978
2111,上海师范大学,07,化学,,,578,57339
2111,上海师范大学,08,化学,,,558,81389
2111,教上海师范大学,09,化学)(中外合作办学,,,533,115432
2112,上海大学,04,不限,,,627,15662
2112,上海大学,05,不限)(中外合作办学,,,605,31163
2112,省上海大学,06,化学,,,636,11118
2112,上海大学,07,化学)(中外合作办学,,,599,36291
2113,上海中医药大学,01,化学,,,632,13058
2113,苏上海中医药大学,02,化学,,,586,48810
2113,上海中医药大学,03,化学)(中外合作办学,,,582,53034
2113,江上海中医药大学,04,化学,,,633,12565
2113,上海中医药大学,05,化学,,,581,54115
2114,上海对外经贸大学,03,不限,,,599,36291
2114,上海对外经贸大学,04,不限)(中外合作办学,,,583,51987
2114,上海对外经贸大学,05,化学,,,601,34502
2115,上海理工大学,03,化学)(中外合作办学,,,601,34502
2115,上海理工大学,04,化学,,,608,28740
2116,上海海洋大学,02,不限)(中外合作办学,,,577,58411
2116,上海海洋大学,03,化学,,,596,39012
2116,上海海洋大学,04,化学,,,585,49888
2117,上海海事大学,03,不限,,,611,26367
2117,上海海事大学,04,化学,,,601,34502
2118,上海电力大学,02,化学,,,611,26367
2118,上海电力大学,03,化学)(中外合作办学,,,620,19962
2119,上海体育大学,03,不限,,,569,67621
2119,上海体育大学,04,化学)(中外合作办学,,,555,85359
2119,上海体育大学,05,化学,,,593,41836
2120,上海工程技术大学,02,化学,,,574,61816
2123,上海应用技术大学,02,不限,,,580,55141
2123,上海应用技术大学,03,化学,,,601,34502
2123,上海应用技术大学,04,化学,,,580,55141
2124,上海第二工业大学,02,不限,,,566,71329
2124,上海第二工业大学,03,化学,,,578,57339
2124,上海第二工业大学,04,化学,,,574,61816
2125,上海政法学院,04,不限,,,573,62978
2125,上海政法学院,05,不限,,,547,93475
2125,育上海政法学院,06,不限,,,590,44753
2128,复旦大学医学院,02,化学,,,678,595
2128,复旦大学医学院,03,化学,,,657,3776
2128,教复旦大学医学院,04,生物,,,640,9378
2131,上海海关学院,06,不限,,,583,51987
2135,上海健康医学院,01,不限,,,531,119058
2135,省上海健康医学院,02,化学,,,558,81389
2135,上海健康医学院,03,化学,,,535,112508
2135,上海健康医学院,04,化学,,,540,106004
2135,苏上海健康医学院,05,化学,,,537,110271
2135,上海健康医学院,06,化学,,,537,110271
2135,江上海健康医学院,07,化学)(中外合作办学,,,489,179304
2136,上海电机学院,02,化学,,,571,65270
2136,上海电机学院,03,化学)(中外合作办学,,,566,71329
2137,上海立信会计金融学院,02,不限,,,553,86246
2137,上海立信会计金融学院,03,化学,,,560,77690
2139,上海交通大学医学院,02,化学,,,680,464
2139,上海交通大学医学院,03,化学,,,662,2666
2139,上海交通大学医学院,04,化学,,,652,5161
2141,上海商学院,03,不限,,,537,110271
2141,上海商学院,04,不限)(中外合作办学,,,519,136665
2141,上海商学院,05,化学,,,548,92072
2201,浙江大学,05,化学,,,679,527
2201,浙江大学,06,化学)(农学类,,,659,3287
2202,中国计量大学,02,不限,,,590,44753
2202,中国计量大学,03,化学,,,611,26367
2202,中国计量大学,04,化学)(中外合作办学,,,577,58411
2202,中国计量大学,05,化学,,,595,39948
2203,浙江理工大学,02,不限,,,572,64139
2203,浙江理工大学,03,不限)(中外合作办学,,,546,97670
2203,浙江理工大学,04,不限,,,570,66423
2203,浙江理工大学,05,化学,,,580,55141
2204,浙江工业大学,02,不限,,,591,43812
2204,浙江工业大学,03,化学,,,596,39012
2204,浙江工业大学,04,化学)(中外合作办学,,,563,75021
2204,浙江工业大学,05,化学,,,608,28740
2205,中国美术学院,02,不限,,,551,90718
2205,育中国美术学院,03,化学,,,625,16848
2206,浙江师范大学,05,不限,,,579,56236
2206,浙江师范大学,06,不限)(中外合作办学,,,524,129360
2206,教浙江师范大学,07,化学)(中外合作办学,,,567,70124
2206,浙江师范大学,08,化学,,,598,37203
2207,浙江工商大学,02,不限,,,579,56236
2207,省浙江工商大学,03,不限,,,560,77690
2207,浙江工商大学,04,化学,,,562,76392
2208,杭州电子科技大学,01,不限,,,582,53034
2208,苏杭州电子科技大学,02,不限,,,595,39948
2208,杭州电子科技大学,03,化学,,,614,24115
2208,江杭州电子科技大学,04,化学)(中外合作办学,,,608,28740
2208,杭州电子科技大学,05,化学)(中外合作办学,,,605,31163
2209,杭州师范大学,01,不限,,,552,86690
2209,杭州师范大学,02,不限,,,555,85359
2209,杭州师范大学,03,化学,,,557,82718
2209,杭州师范大学,04,化学,,,547,93475
2209,杭州师范大学,05,化学,,,552,86690
2211,浙江传媒学院,04,不限)(中外合作办学,,,547,93475
2211,浙江传媒学院,05,不限,,,543,101845
2211,浙江传媒学院,06,不限,,,543,101845
2211,浙江传媒学院,07,化学)(中外合作办学,,,567,70124
2211,浙江传媒学院,08,化学,,,561,77041
2211,浙江传媒学院,09,化学,,,536,111744
2212,浙江科技大学,04,不限,,,560,77690
2212,浙江科技大学,05,化学,,,546,97670
2212,浙江科技大学,06,化学)(中外合作办学,,,496,169851
2212,浙江科技大学,07,化学)(中外合作办学,,,545,99020
2213,浙江财经大学,05,不限,,,579,56236
2213,浙江财经大学,06,不限,,,555,85359
2213,浙江财经大学,07,不限)(中外合作办学,,,552,86690
2213,浙江财经大学,08,不限)(中外合作办学,,,557,82718
2213,浙江财经大学,09,化学,,,578,57339
2214,浙江农林大学,03,不限,,,547,93475
2214,浙江农林大学,04,化学,,,553,86246
2214,浙江农林大学,05,化学)(中外合作办学,,,536,111744
2216,浙江中医药大学,02,化学,,,582,53034
2216,育浙江中医药大学,03,化学,,,562,76392
2216,浙江中医药大学,04,化学,,,589,45767
2216,浙江中医药大学,05,化学,,,573,62978
2216,教浙江中医药大学,06,化学)(中外合作办学,,,556,84047
2216,浙江中医药大学,07,化学,,,565,72560
2216,浙江中医药大学,08,化学,,,589,45767
2221,省宁波大学,01,不限,,,589,45767
2221,宁波大学,02,化学)(中外合作办学,,,584,50912
2221,宁波大学,03,化学,,,595,39948
2222,苏宁波工程学院,01,不限,,,536,111744
2222,宁波工程学院,02,化学,,,533,115432
2222,江宁波工程学院,03,化学,,,528,123485
2222,宁波工程学院,04,化学)(中外合作办学,,,510,149799
2223,绍兴大学,02,化学,,,540,106004
2228,温州大学,04,不限,,,560,77690
2228,温州大学,05,化学,,,554,85803
2228,温州大学,06,化学)(中外合作办学,,,550,91169
2228,温州大学,07,化学)(中外合作办学,,,524,129360
2228,温州大学,08,化学)(中外合作办学,,,549,91620
2231,嘉兴大学,01,化学)(中外合作办学,,,538,108896
2231,嘉兴大学,02,化学,,,537,110271
2240,浙江外国语学院,03,不限)(中外合作办学,,,506,155379
2240,浙江外国语学院,04,不限,,,533,115432
2240,浙江外国语学院,05,化学,,,562,76392
2241,温州医科大学,01,化学,,,600,35398
2241,温州医科大学,02,化学,,,589,45767
2241,温州医科大学,03,化学)(中外合作办学,,,579,56236
2242,浙江大学医学院,01,化学)(中外合作办学,,,648,6409
2242,浙江大学医学院,02,化学,,,653,4878
2245,宁波诺丁汉大学,03,不限)(中外合作办学,,,600,35398
2245,宁波诺丁汉大学,04,化学)(中外合作办学,,,602,33651
2248,温州肯恩大学,02,不限)(中外合作办学,,,542,103195
2248,温州肯恩大学,03,化学)(中外合作办学,,,542,103195
2249,浙大城市学院,03,不限,,,536,111744
2249,浙大城市学院,04,化学)(中外合作办学,,,531,119058
2249,浙大城市学院,05,化学,,,549,91620
2250,浙大宁波理工学院,02,不限,,,526,126460
2250,育浙大宁波理工学院,03,化学,,,532,117593
2251,浙江海洋大学,02,不限,,,548,92072
2251,浙江海洋大学,03,化学,,,542,103195
2251,教浙江海洋大学,04,化学)(中外合作办学,,,554,85803
2251,浙江海洋大学,05,生物,,,556,84047
2261,湖州师范大学,02,不限,,,531,119058
2261,省湖州师范大学,03,化学,,,526,126460
2268,丽水学院,03,不限,,,524,129360
2268,丽水学院,04,化学,,,554,85803
2268,苏丽水学院,05,化学)(中外合作办学,,,496,169851
2268,丽水学院,06,化学,,,519,136665
2272,江浙江水利水电学院,01,不限,,,537,110271
2272,浙江水利水电学院,02,化学,,,536,111744
2272,浙江水利水电学院,03,地理,,,545,99020
2275,湖州学院,02,化学,,,534,113272
2276,温州理工学院,01,化学,,,527,124934
2277,嘉兴南湖学院,02,不限,,,513,145420
2277,嘉兴南湖学院,03,化学,,,528,123485
2278,衢州学院,01,不限,,,513,145420
2278,衢州学院,02,化学,,,515,142465
2279,绍兴理工学院,02,不限,,,518,138037
2279,绍兴理工学院,03,化学,,,522,132287
2301,中国科学技术大学,02,化学,,,676,711
2302,合肥工业大学,04,不限,,,606,30312
2302,合肥工业大学,05,不限)(中外合作办学,,,590,44753
2302,合肥工业大学,06,化学,,,628,15130
2303,安徽大学,02,不限,,,598,37203
2303,安徽大学,03,化学)(中外合作办学,,,587,47782
2303,安徽大学,04,化学,,,621,19332
2304,安徽医科大学,02,不限)(中外合作办学,,,524,129360
2304,安徽医科大学,03,不限,,,545,99020
2304,安徽医科大学,04,化学,,,555,85359
2305,安徽建筑大学,02,不限,,,504,158329
2305,安徽建筑大学,03,化学,,,537,110271
2305,安徽建筑大学,04,地理,,,549,91620
2306,安徽农业大学,02,化学,,,541,104586
2306,安徽农业大学,03,生物,,,544,100381
2307,育安徽中医药大学,03,不限,,,552,86690
2307,安徽中医药大学,04,不限,,,579,56236
2307,安徽中医药大学,05,不限,,,547,93475
2307,教安徽中医药大学,06,化学,,,569,67621
2307,安徽中医药大学,07,化学,,,539,107423
2308,安徽工程大学,01,化学,,,530,120545
2309,省安徽师范大学,04,不限,,,530,120545
2309,安徽师范大学,05,化学,,,537,110271
2309,安徽师范大学,06,地理,,,578,57339
2310,苏安徽科技工程大学,01,不限,,,524,129360
2310,安徽科技工程大学,02,化学,,,515,142465
2310,江安徽科技工程大学,03,地理,,,511,148364
2321,安徽财经大学,03,不限,,,545,99020
2321,安徽财经大学,04,化学,,,551,90718
2327,合肥大学,03,不限,,,548,92072
2327,合肥大学,04,化学)(中外合作办学,,,520,135215
2327,合肥大学,05,化学,,,550,91169
2331,阜阳师范大学,02,不限,,,501,161290
2331,阜阳师范大学,03,化学,,,518,138037
2332,蚌埠医科大学,01,化学,,,516,140984
2333,皖西学院,01,化学,,,507,153904
2341,安徽理工大学,02,不限,,,541,104586
2341,安徽理工大学,03,不限,,,550,91169
2341,安徽理工大学,04,化学,,,551,90718
2341,安徽理工大学,05,化学)(中外合作办学,,,560,77690
2342,宿州学院,03,化学,,,507,153904
2343,安庆师范大学,02,化学)(中外合作办学,,,502,160562
2347,蚌埠学院,01,化学,,,518,138037
2348,池州学院,02,化学,,,509,151167
2349,皖南医科大学,01,化学,,,515,142465
2351,淮北师范大学,05,不限,,,512,146896
2351,淮北师范大学,06,化学,,,525,127889
2351,淮北师范大学,07,化学和生物,,,517,139498
2356,铜陵学院,02,化学,,,503,159833
2361,安徽工业大学,02,不限,,,555,85359
2361,安徽工业大学,03,化学,,,554,85803
2362,淮南师范学院,03,不限,,,503,159833
2362,育淮南师范学院,04,化学,,,513,145420
2367,巢湖学院,02,不限,,,499,165555
2367,巢湖学院,03,化学,,,507,153904
2381,教黄山学院,04,不限,,,501,161290
2381,黄山学院,05,不限)(中外合作办学,,,488,180632
2381,黄山学院,06,化学,,,505,156836
2383,省合肥工业大学(宣城校区),03,不限,,,597,38088
2383,合肥工业大学(宣城校区),04,化学,,,623,18045
2401,福州大学,03,不限,,,596,39012
2401,苏福州大学,04,化学,,,621,19332
2401,福州大学,05,化学,,,606,30312
2401,江福州大学,06,化学)(中外合作办学,,,609,27931
2402,福建农林大学,01,化学,,,529,122025
2405,福建理工大学,02,不限,,,534,113272
2405,福建理工大学,03,化学,,,544,100381
2406,福建医科大学,01,不限,,,537,110271
2406,福建医科大学,02,化学,,,532,117593
2406,福建医科大学,03,化学和生物,,,546,97670
2406,福建医科大学,04,化学和生物,,,581,54115
2406,福建医科大学,05,化学和生物,,,548,92072
2406,福建医科大学,06,化学和生物,,,588,46733
2406,福建医科大学,07,化学和生物,,,522,132287
2406,福建医科大学,08,化学和生物,,,618,21298
2407,福建中医药大学,01,化学,,,571,65270
2407,福建中医药大学,02,化学,,,579,56236
2407,福建中医药大学,03,化学,,,541,104586
2407,福建中医药大学,04,生物,,,560,77690
2408,龙岩学院,01,不限,,,502,160562
2408,龙岩学院,02,化学,,,502,160562
2408,龙岩学院,03,化学)(中外合作办学,,,456,217438
2409,闽江大学,02,不限,,,528,123485
2409,闽江大学,03,化学,,,541,104586
2410,三明学院,01,不限,,,500,162709
2410,三明学院,02,化学,,,506,155379
2411,厦门大学,05,不限,,,646,7076
2411,厦门大学,06,不限)(马来西亚分校,,,618,21298
2411,厦门大学,07,化学,,,651,5467
2411,育厦门大学,08,化学,,,649,6090
2411,厦门大学,09,化学)(马来西亚分校,,,622,18694
2412,集美大学,04,不限,,,549,91620
2412,教集美大学,05,化学,,,571,65270
2412,集美大学,06,化学,,,563,75021
2412,集美大学,07,化学,,,567,70124
2412,省集美大学,08,化学和生物,,,549,91620
2412,集美大学,09,地理,,,576,59533
2413,厦门理工学院,02,不限,,,546,97670
2413,苏厦门理工学院,03,化学,,,534,113272
2413,厦门理工学院,04,化学)(中外合作办学,,,530,120545
2421,江莆田学院,02,不限)(中外合作办学,,,488,180632
2421,莆田学院,03,化学,,,528,123485
2422,华侨大学,02,不限,,,512,146896
2422,华侨大学,03,化学,,,549,91620
2422,华侨大学,04,化学,,,555,85359
2437,武夷学院,02,不限,,,503,159833
2437,武夷学院,03,化学,,,504,158329
2442,宁德师范学院,01,化学,,,517,139498
2443,泉州师范学院,01,不限,,,518,138037
2443,泉州师范学院,02,化学,,,508,152558
2443,泉州师范学院,03,地理,,,515,142465
2448,闽南师范大学,04,不限,,,529,122025
2448,闽南师范大学,05,不限,,,521,133759
2448,闽南师范大学,06,不限,,,493,173957
2448,闽南师范大学,07,化学,,,518,138037
2448,闽南师范大学,08,生物,,,485,184547
2501,江西财经大学,03,不限,,,576,59533
2501,江西财经大学,04,不限,,,596,39012
2501,江西财经大学,05,不限)(中外合作办学,,,547,93475
2501,江西财经大学,06,不限)(中外合作办学,,,534,113272
2501,江西财经大学,07,化学,,,574,61816
2501,江西财经大学,08,化学,,,568,68889
2501,江西财经大学,09,化学)(中外合作办学,,,535,112508
2501,江西财经大学,10,化学)(中外合作办学,,,556,84047
2502,华东交通大学,04,不限,,,548,92072
2502,华东交通大学,05,不限,,,553,86246
2502,育华东交通大学,06,不限)(中外合作办学,,,537,110271
2502,华东交通大学,07,不限,,,567,70124
2502,华东交通大学,08,化学)(中外合作办学,,,580,55141
2502,教华东交通大学,09,化学,,,567,70124
2502,华东交通大学,10,化学,,,567,70124
2504,江西中医药大学,04,不限,,,577,58411
2504,省江西中医药大学,05,化学,,,536,111744
2504,江西中医药大学,06,生物,,,555,85359
2504,江西中医药大学,07,生物,,,545,99020
2505,苏南昌大学,02,不限,,,597,38088
2505,南昌大学,03,化学,,,601,34502
2505,江南昌大学,04,化学,,,590,44753
2505,南昌大学,05,化学)(中外合作办学,,,580,55141
2505,南昌大学,06,化学,,,620,19962
2505,南昌大学,07,化学)(中外合作办学,,,599,36291
2505,南昌大学,08,化学)(中外合作办学,,,596,39012
2505,南昌大学,09,化学)(中外合作办学,,,562,76392
2505,南昌大学,10,化学和生物,,,611,26367
2506,南昌航空大学,03,不限,,,540,106004
2506,南昌航空大学,04,化学,,,566,71329
2506,南昌航空大学,05,化学,,,567,70124
2506,南昌航空大学,06,化学)(中外合作办学,,,526,126460
2506,南昌航空大学,07,化学,,,584,50912
2506,南昌航空大学,08,化学)(中外合作办学,,,559,78921
2506,南昌航空大学,09,化学,,,579,56236
2507,江西科技师范大学,02,不限,,,482,188397
2507,江西科技师范大学,03,化学,,,535,112508
2507,江西科技师范大学,04,化学,,,504,158329
2508,江西农业大学,03,不限,,,458,215568
2508,江西农业大学,04,不限,,,508,152558
2508,江西农业大学,05,化学,,,524,129360
2508,江西农业大学,06,化学,,,526,126460
2508,江西农业大学,07,化学,,,518,138037
2510,江西师范大学,09,不限,,,526,126460
2510,江西师范大学,10,不限,,,534,113272
2510,江西师范大学,11,不限,,,486,183287
2510,江西师范大学,12,化学)(中外合作办学,,,483,187151
2510,育江西师范大学,13,化学,,,558,81389
2510,江西师范大学,14,化学,,,555,85359
2510,江西师范大学,15,化学,,,556,84047
2510,教江西师范大学,16,化学,,,536,111744
2510,江西师范大学,17,化学)(中外合作办学,,,490,177981
2510,江西师范大学,18,化学,,,534,113272
2510,省江西师范大学,19,地理,,,574,61816
2511,江西水利电力大学,02,不限,,,525,127889
2511,江西水利电力大学,03,化学)(中外合作办学,,,456,217438
2511,苏江西水利电力大学,04,化学,,,531,119058
2511,江西水利电力大学,05,生物,,,481,188709
2512,江江西警察学院,02,不限,,,539,107423
2512,江西警察学院,03,化学,,,520,135215
2521,江西理工大学,02,不限,,,533,115432
2521,江西理工大学,03,化学,,,540,106004
2521,江西理工大学,04,化学)(中外合作办学,,,456,217438
2521,江西理工大学,05,化学)(中外合作办学,,,546,97670
2521,江西理工大学,06,地理,,,549,91620
2522,赣南医科大学,01,不限,,,524,129360
2522,赣南医科大学,02,化学,,,523,130819
2522,赣南医科大学,03,化学,,,511,148364
2522,赣南医科大学,04,化学,,,526,126460
2522,赣南医科大学,05,化学,,,563,75021
2522,赣南医科大学,06,化学,,,510,149799
2522,赣南医科大学,07,化学,,,554,85803
2523,赣南师范大学,09,不限,,,495,171272
2523,赣南师范大学,10,不限,,,514,143932
2523,赣南师范大学,11,不限,,,507,153904
2523,赣南师范大学,12,不限,,,496,169851
2523,赣南师范大学,13,化学,,,531,119058
2523,赣南师范大学,14,化学,,,505,156836
2523,赣南师范大学,15,化学,,,510,149799
2523,赣南师范大学,16,化学,,,523,130819
2523,赣南师范大学,17,化学,,,508,152558
2523,赣南师范大学,18,化学,,,503,159833
2523,赣南师范大学,19,化学和生物,,,498,166941
2523,赣南师范大学,20,地理,,,507,153904
2527,育新余学院,03,化学,,,510,149799
2527,新余学院,04,化学,,,514,143932
2531,景德镇陶瓷大学,03,不限,,,520,135215
2531,教景德镇陶瓷大学,04,化学,,,524,129360
2541,东华理工大学,01,化学,,,522,132287
2541,东华理工大学,02,化学)(中外合作办学,,,523,130819
2541,省东华理工大学,03,化学)(中外合作办学,,,528,123485
2542,萍乡学院,02,化学,,,504,158329
2543,南昌师范学院,03,不限,,,496,169851
2543,苏南昌师范学院,04,化学,,,512,146896
2547,江西飞行学院,01,化学,,,541,104586
2551,江宜春学院,04,不限,,,496,169851
2551,宜春学院,05,化学,,,515,142465
2551,宜春学院,06,化学,,,510,149799
2551,宜春学院,07,化学,,,504,158329
2551,宜春学院,08,化学,,,501,161290
2551,宜春学院,09,化学和生物,,,524,129360
2551,宜春学院,10,生物,,,501,161290
2551,宜春学院,11,生物,,,516,140984
2561,九江学院,02,不限,,,500,162709
2561,九江学院,03,化学,,,505,156836
2561,九江学院,04,化学)(中外合作办学,,,461,212550
2571,上饶师范学院,03,不限,,,495,171272
2571,上饶师范学院,04,化学,,,502,160562
2571,上饶师范学院,05,化学)(中外合作办学,,,465,208365
2571,上饶师范学院,06,生物,,,499,165555
2572,赣东学院,02,不限,,,510,149799
2572,赣东学院,03,化学,,,505,156836
2573,赣南科技学院,02,不限,,,505,156836
2573,赣南科技学院,03,化学,,,505,156836
2574,南昌医学院,02,化学,,,570,66423
2574,南昌医学院,03,化学,,,562,76392
2574,南昌医学院,04,化学,,,512,146896
2574,南昌医学院,05,化学,,,584,50912
2574,南昌医学院,06,生物,,,544,100381
2574,南昌医学院,07,生物,,,566,71329
2581,井冈山大学,02,不限,,,488,180632
2581,育井冈山大学,03,化学,,,504,158329
2581,井冈山大学,04,化学,,,506,155379
2581,井冈山大学,05,化学,,,525,127889
2581,教井冈山大学,06,化学,,,525,127889
2581,井冈山大学,07,化学,,,528,123485
2581,井冈山大学,08,化学,,,490,177981
2581,省井冈山大学,09,化学,,,550,91169
2596,景德镇学院,02,不限,,,499,165555
2596,景德镇学院,03,化学,,,514,143932
2601,苏山东大学,07,化学,,,652,5161
2601,山东大学,08,化学,,,647,6737
2601,江山东大学,09,化学,,,640,9378
2601,山东大学,10,化学,,,647,6737
2601,山东大学,11,化学和生物,,,640,9378
2601,山东大学,12,生物,,,602,33651
2602,济南大学,02,不限,,,551,90718
2602,济南大学,03,化学,,,548,92072
2603,北京交通大学(威海校区),02,不限)(中外合作办学,,,600,35398
2603,北京交通大学(威海校区),03,化学)(中外合作办学,,,613,24799
2605,山东中医药大学,01,化学,,,534,113272
2605,山东中医药大学,02,化学)(中外合作办学,,,525,127889
2606,山东财经大学,02,不限,,,512,146896
2606,山东财经大学,03,不限,,,555,85359
2606,山东财经大学,04,化学,,,566,71329
2607,山东建筑大学,02,不限,,,529,122025
2607,山东建筑大学,03,不限)(中外合作办学,,,502,160562
2607,山东建筑大学,04,化学,,,532,117593
2607,山东建筑大学,05,化学)(中外合作办学,,,456,217438
2608,山东工艺美术学院,04,不限,,,508,152558
2608,山东工艺美术学院,05,不限,,,495,171272
2608,山东工艺美术学院,06,化学,,,500,162709
2609,山东交通学院,03,不限,,,501,161290
2609,山东交通学院,04,化学,,,530,120545
2609,山东交通学院,05,化学)(中外合作办学,,,478,189646
2610,齐鲁工业大学,02,化学,,,549,91620
2611,山东理工大学,02,化学,,,547,93475
2613,枣庄学院,01,不限,,,503,159833
2613,育枣庄学院,02,化学,,,506,155379
2614,山东第二医科大学,01,化学,,,534,113272
2614,山东第二医科大学,02,化学,,,535,112508
2614,教山东第二医科大学,03,化学,,,519,136665
2621,中国海洋大学,09,不限,,,631,13548
2621,中国海洋大学,10,化学,,,643,8204
2621,省中国海洋大学,11,化学)(中外合作办学,,,629,14603
2621,中国海洋大学,12,化学)(中外合作办学,,,623,18045
2621,中国海洋大学,13,化学,,,640,9378
2621,苏中国海洋大学,14,化学,,,630,14065
2621,中国海洋大学,15,化学)(中外合作办学,,,625,16848
2621,江中国海洋大学,16,化学,,,645,7460
2621,中国海洋大学,17,化学,,,634,12072
2622,青岛理工大学,02,不限,,,517,139498
2622,青岛理工大学,03,不限)(中外合作办学,,,514,143932
2622,青岛理工大学,04,不限,,,523,130819
2622,青岛理工大学,05,化学)(中外合作办学,,,541,104586
2622,青岛理工大学,06,化学,,,552,86690
2623,青岛科技大学,01,化学,,,562,76392
2624,青岛大学,02,不限,,,575,60650
2624,青岛大学,03,化学,,,571,65270
2631,山东农业大学,02,化学)(中外合作办学,,,532,117593
2631,山东农业大学,03,化学,,,538,108896
2633,山东科技大学,01,不限,,,578,57339
2633,山东科技大学,02,不限)(中外合作办学,,,511,148364
2633,山东科技大学,03,化学)(中外合作办学,,,544,100381
2633,山东科技大学,04,化学,,,559,78921
2633,山东科技大学,05,地理,,,584,50912
2635,潍坊学院,03,化学,,,507,153904
2635,潍坊学院,04,化学和生物,,,507,153904
2641,中国石油大学(华东),03,不限,,,611,26367
2641,中国石油大学(华东),04,化学,,,612,25593
2642,聊城大学,03,不限,,,516,140984
2642,聊城大学,04,化学,,,525,127889
2642,聊城大学,05,化学,,,513,145420
2642,聊城大学,06,化学,,,489,179304
2642,聊城大学,07,化学,,,523,130819
2642,育聊城大学,08,化学)(中外合作办学,,,484,185817
2642,聊城大学,09,化学和生物)(中外合作办学,,,486,183287
2643,青岛农业大学,01,化学,,,520,135215
2645,教临沂大学,02,不限,,,530,120545
2645,临沂大学,03,不限,,,547,93475
2645,临沂大学,04,化学,,,511,148364
2645,省临沂大学,05,化学)(中外合作办学,,,470,202230
2650,山东航空学院,02,不限,,,539,107423
2650,山东航空学院,03,化学,,,550,91169
2650,苏山东航空学院,04,化学,,,547,93475
2650,山东航空学院,05,化学,,,555,85359
2651,江烟台大学,04,不限,,,527,124934
2651,烟台大学,05,化学,,,526,126460
2652,山东工商学院,02,不限,,,512,146896
2652,山东工商学院,03,不限,,,489,179304
2652,山东工商学院,04,化学,,,521,133759
2653,鲁东大学,02,不限,,,518,138037
2653,鲁东大学,03,化学,,,510,149799
2653,鲁东大学,04,化学)(中外合作办学,,,456,217438
2661,山东大学威海分校,03,不限,,,635,11598
2661,山东大学威海分校,04,不限)(中外合作办学,,,611,26367
2661,山东大学威海分校,05,化学,,,642,8580
2662,哈尔滨工业大学(威海),02,化学)(中外合作办学,,,637,10678
2662,哈尔滨工业大学(威海),03,化学,,,653,4878
2662,哈尔滨工业大学(威海),04,化学,,,656,4021
2669,菏泽学院,02,不限,,,520,135215
2669,菏泽学院,03,化学,,,503,159833
2671,曲阜师范大学,02,不限,,,508,152558
2671,曲阜师范大学,03,化学)(中外合作办学,,,477,194611
2671,曲阜师范大学,04,化学,,,555,85359
2671,曲阜师范大学,05,地理,,,528,123485
2681,山东医药大学,02,化学,,,573,62978
2681,山东医药大学,03,化学)(中外合作办学,,,497,168396
2683,德州学院,02,化学,,,511,148364
2691,山东第一医科大学,03,不限,,,553,86246
2691,山东第一医科大学,04,化学,,,568,68889
2691,山东第一医科大学,05,化学,,,548,92072
2691,育山东第一医科大学,06,化学,,,566,71329
2691,山东第一医科大学,07,化学,,,552,86690
2691,山东第一医科大学,08,化学,,,561,77041
2691,教山东第一医科大学,09,化学,,,540,106004
2691,山东第一医科大学,10,化学,,,593,41836
2691,山东第一医科大学,11,化学,,,587,47782
2691,省山东第一医科大学,12,化学,,,559,78921
2691,山东第一医科大学,13,化学,,,566,71329
2691,山东第一医科大学,14,化学,,,538,108896
2691,苏山东第一医科大学,15,化学,,,561,77041
2691,山东第一医科大学,16,化学,,,552,86690
2691,江山东第一医科大学,17,化学,,,538,108896
2691,山东第一医科大学,18,化学,,,552,86690
2691,山东第一医科大学,19,化学,,,559,78921
2691,山东第一医科大学,20,化学,,,583,51987
2695,济宁医学院,01,化学,,,498,166941
2695,济宁医学院,02,化学,,,525,127889
2695,济宁医学院,03,化学,,,532,117593
2701,山东女子学院,02,不限,,,494,172592
2701,山东女子学院,03,化学)(中外合作办学,,,456,217438
2702,济宁学院,01,化学,,,523,130819
2706,泰山学院,01,化学,,,508,152558
2706,泰山学院,02,化学,,,509,151167
2706,泰山学院,03,化学,,,531,119058
2706,泰山学院,04,化学,,,526,126460
2706,泰山学院,05,化学,,,503,159833
2710,齐鲁师范学院,01,化学)(中外合作办学,,,466,207210
2710,齐鲁师范学院,02,化学)(中外合作办学,,,479,189334
2711,山东师范大学,04,不限,,,543,101845
2711,山东师范大学,05,不限)(中外合作办学,,,540,106004
2711,山东师范大学,06,化学,,,539,107423
2711,山东师范大学,07,地理,,,580,55141
2713,山东青年政治学院,01,不限,,,518,138037
2713,山东青年政治学院,02,化学,,,527,124934
2721,康复大学,01,化学,,,570,66423
2721,康复大学,02,化学,,,571,65270
2721,康复大学,03,化学,,,564,73784
2721,育康复大学,04,化学,,,564,73784
2755,山东石油化工学院,03,化学,,,532,117593
2755,山东石油化工学院,04,化学,,,516,140984
2755,教山东石油化工学院,05,化学,,,534,113272
2755,山东石油化工学院,06,化学,,,535,112508
2755,山东石油化工学院,07,化学,,,529,122025
2755,省山东石油化工学院,08,化学,,,541,104586
2755,山东石油化工学院,09,化学,,,536,111744
2755,山东石油化工学院,10,化学,,,537,110271
3101,苏北京大学,07,化学,,,689,110
3102,中国人民大学,06,化学,,,673,1049
3103,江清华大学,06,化学,,,690,
3104,北京师范大学,04,不限,,,640,9378
3104,北京师范大学,05,化学,,,646,7076
3105,北京交通大学,06,化学,,,647,6737
3105,北京交通大学,07,化学,,,650,5772
3105,北京交通大学,08,化学,,,646,7076
3105,北京交通大学,09,化学,,,644,7817
3105,北京交通大学,10,化学)(中外合作办学,,,627,15662
3105,北京交通大学,11,化学)(中外合作办学,,,627,15662
3106,北京航空航天大学,03,化学,,,665,2112
3106,北京航空航天大学,04,化学)(中外合作办学,,,649,6090
3106,北京航空航天大学,05,化学)(中外合作办学,,,648,6409
3107,北京理工大学,03,不限)(中外合作办学,,,633,12565
3107,北京理工大学,04,化学,,,662,2666
3107,北京理工大学,05,化学)(中外合作办学,,,645,7460
3107,北京理工大学,06,化学)(中外合作办学,,,644,7817
3108,北京科技大学,03,不限,,,638,10252
3108,北京科技大学,04,化学,,,644,7817
3108,北京科技大学,05,化学,,,643,8204
3108,北京科技大学,06,化学,,,644,7817
3108,北京科技大学,07,化学,,,639,9802
3108,北京科技大学,08,化学,,,638,10252
3109,北京化工大学,03,化学,,,630,14065
3109,北京化工大学,04,化学,,,625,16848
3109,北京化工大学,05,化学,,,615,23390
3109,北京化工大学,06,化学,,,621,19332
3110,育中国农业大学,06,化学,,,644,7817
3110,中国农业大学,07,化学,,,638,10252
3110,中国农业大学,08,化学)(中外合作办学,,,633,12565
3111,教中国地质大学(北京),03,不限,,,596,39012
3111,中国地质大学(北京),04,不限)(中外合作办学,,,564,73784
3111,中国地质大学(北京),05,不限)(中外合作办学,,,573,62978
3111,省中国地质大学(北京),06,化学,,,607,29534
3111,中国地质大学(北京),07,化学,,,600,35398
3111,中国地质大学(北京),08,化学,,,605,31163
3111,苏中国地质大学(北京),09,化学,,,604,31983
3112,中国政法大学,06,不限,,,653,4878
3112,江中国政法大学,07,不限,,,629,14603
3112,中国政法大学,08,不限)(中外合作办学,,,587,47782
3113,北京邮电大学,03,化学,,,660,3077
3113,北京邮电大学,04,化学,,,652,5161
3113,北京邮电大学,05,化学)(中外合作办学,,,644,7817
3113,北京邮电大学,06,化学)(中外合作办学,,,632,13058
3114,北京林业大学,06,不限,,,595,39948
3114,北京林业大学,07,不限,,,600,35398
3114,北京林业大学,08,不限,,,602,33651
3114,北京林业大学,09,化学,,,614,24115
3114,北京林业大学,10,化学,,,600,35398
3114,北京林业大学,11,化学,,,602,33651
3114,北京林业大学,12,化学,,,609,27931
3114,北京林业大学,13,生物,,,600,35398
3114,北京林业大学,14,地理,,,603,32791
3115,北京大学医学部,02,不限,,,674,786
3115,北京大学医学部,03,化学,,,675,748
3115,北京大学医学部,04,化学,,,682,353
3116,北京外国语大学,08,不限,,,616,22647
3116,北京外国语大学,09,不限)(中外合作办学,,,604,31983
3117,北京语言大学,06,不限,,,567,70124
3117,北京语言大学,07,不限)(中外合作办学,,,530,120545
3117,北京语言大学,08,化学)(中外合作办学,,,493,173957
3117,北京语言大学,09,化学,,,588,46733
3117,北京语言大学,10,思想政治,,,561,77041
3118,中国石油大学(北京),02,不限,,,604,31983
3118,育中国石油大学(北京),03,不限)(中外合作办学,,,587,47782
3118,中国石油大学(北京),04,化学,,,613,24799
3118,中国石油大学(北京),05,化学)(中外合作办学,,,590,44753
3119,教对外经济贸易大学,07,不限,,,632,13058
3119,对外经济贸易大学,08,不限)(中外合作办学,,,622,18694
3119,对外经济贸易大学,09,化学,,,636,11118
3119,省对外经济贸易大学,10,化学)(中外合作办学,,,621,19332
3120,中央财经大学,05,不限,,,646,7076
3120,中央财经大学,06,不限,,,637,10678
3120,苏中央财经大学,07,不限)(中外合作办学,,,623,18045
3120,中央财经大学,08,化学,,,641,8960
3121,江北京中医药大学,03,不限,,,607,29534
3121,北京中医药大学,04,化学,,,589,45767
3121,北京中医药大学,05,化学,,,632,13058
3122,中国矿业大学(北京),02,不限,,,594,40855
3122,中国矿业大学(北京),03,化学,,,605,31163
3123,中国传媒大学,07,不限,,,613,24799
3123,中国传媒大学,08,不限,,,628,15130
3123,中国传媒大学,09,不限,,,617,21970
3123,中国传媒大学,10,不限)(中外合作办学,,,603,32791
3123,中国传媒大学,11,化学,,,634,12072
3123,中国传媒大学,12,化学,,,625,16848
3123,中国传媒大学,13,化学,,,629,14603
3123,中国传媒大学,14,化学)(中外合作办学,,,592,42793
3124,中央美术学院,04,不限,,,587,47782
3124,中央美术学院,05,不限)(中外合作办学,,,558,81389
3124,中央美术学院,06,化学,,,623,18045
3127,北京体育大学,05,不限,,,591,43812
3127,北京体育大学,06,不限,,,588,46733
3127,北京体育大学,07,不限,,,599,36291
3127,北京体育大学,08,不限)(中外合作办学,,,531,119058
3127,北京体育大学,09,化学,,,611,26367
3127,北京体育大学,10,化学,,,612,25593
3128,华北电力大学(北京),03,不限,,,607,29534
3128,华北电力大学(北京),04,化学,,,658,3527
3128,华北电力大学(北京),05,化学,,,644,7817
3128,华北电力大学(北京),06,化学,,,629,14603
3129,育中央民族大学,03,不限,,,624,17453
3129,中央民族大学,04,化学)(中外合作办学,,,608,28740
3129,中央民族大学,05,化学,,,633,12565
3129,教中央民族大学,06,化学)(中外合作办学,,,616,22647
3130,北京协和医学院,01,化学,,,594,40855
3132,北京第二外国语学院,02,不限,,,515,142465
3133,省首都师范大学,02,化学,,,607,29534
3133,首都师范大学,03,化学,,,622,18694
3134,北京工业大学,01,化学,,,633,12565
3135,苏首都医科大学,01,化学,,,588,46733
3135,首都医科大学,02,化学,,,622,18694
3136,江北京物资学院,02,不限,,,557,82718
3136,北京物资学院,03,不限)(中外合作办学,,,520,135215
3136,北京物资学院,04,化学,,,556,84047
3136,北京物资学院,05,化学,,,563,75021
3137,北京信息科技大学,01,不限,,,589,45767
3137,北京信息科技大学,02,化学,,,601,34502
3138,北京服装学院,01,化学,,,543,101845
3139,北京印刷学院,02,化学,,,565,72560
3141,北京石油化工学院,03,不限,,,533,115432
3141,北京石油化工学院,04,化学,,,537,110271
3142,北京工商大学,02,不限,,,562,76392
3142,北京工商大学,03,化学,,,572,64139
3144,北京联合大学,03,化学,,,587,47782
3144,北京联合大学,04,地理,,,566,71329
3145,北京建筑大学,01,化学,,,547,93475
3148,北京电影学院,07,不限,,,598,37203
3148,北京电影学院,08,不限,,,595,39948
3148,北京电影学院,09,不限,,,601,34502
3148,北京电影学院,10,化学,,,603,32791
3153,应急管理大学,04,不限,,,524,129360
3153,应急管理大学,05,化学,,,544,100381
3153,应急管理大学,06,化学,,,536,111744
3153,应急管理大学,07,化学,,,528,123485
3153,应急管理大学,08,化学,,,532,117593
3154,首都经济贸易大学,02,不限,,,579,56236
3154,首都经济贸易大学,03,化学,,,589,45767
3154,育首都经济贸易大学,04,化学)(中外合作办学,,,562,76392
3156,中国科学院大学,02,化学,,,677,674
3169,中国劳动关系学院,02,不限,,,519,136665
3169,教中国劳动关系学院,03,化学,,,531,119058
3176,民政职业大学,03,不限,,,521,133759
3176,民政职业大学,04,化学,,,526,126460
3201,省南开大学,04,化学,,,656,4021
3202,天津大学,04,化学,,,657,3776
3202,天津大学,05,化学)(中外合作办学,,,648,6409
3203,苏天津医科大学,01,化学,,,603,32791
3203,天津医科大学,02,化学和生物,,,646,7076
3203,江天津医科大学,03,化学和生物,,,612,25593
3203,天津医科大学,04,化学和生物,,,628,15130
3203,天津医科大学,05,化学和生物,,,641,8960
3203,天津医科大学,06,化学和生物,,,639,9802
3204,天津师范大学,06,不限,,,490,177981
3204,天津师范大学,07,化学,,,534,113272
3204,天津师范大学,08,化学,,,568,68889
3204,天津师范大学,09,地理,,,528,123485
3205,中国民航大学,03,不限,,,589,45767
3205,中国民航大学,04,化学,,,589,45767
3205,中国民航大学,05,化学,,,593,41836
3206,天津工业大学,03,不限,,,581,54115
3206,天津工业大学,04,化学,,,589,45767
3206,天津工业大学,05,化学,,,578,57339
3206,天津工业大学,06,化学,,,600,35398
3207,天津商业大学,02,不限,,,527,124934
3207,天津商业大学,03,不限)(中外合作办学,,,528,123485
3207,天津商业大学,04,化学,,,539,107423
3208,天津科技大学,02,不限,,,538,108896
3208,天津科技大学,03,化学)(中外合作办学,,,490,177981
3208,天津科技大学,04,化学,,,573,62978
3208,天津科技大学,05,化学,,,543,101845
3209,天津财经大学,06,不限,,,579,56236
3209,天津财经大学,07,不限,,,552,86690
3209,天津财经大学,08,不限,,,579,56236
3209,天津财经大学,09,不限,,,548,92072
3209,育天津财经大学,10,不限,,,562,76392
3209,天津财经大学,11,化学,,,565,72560
3209,天津财经大学,12,化学,,,569,67621
3210,教天津城建大学,03,不限,,,507,153904
3210,天津城建大学,04,化学)(中外合作办学,,,456,217438
3210,天津城建大学,05,化学,,,514,143932
3210,省天津城建大学,06,地理,,,547,93475
3211,天津外国语大学,06,不限,,,537,110271
3211,天津外国语大学,07,不限,,,542,103195
3211,苏天津外国语大学,08,不限,,,513,145420
3211,天津外国语大学,09,不限,,,549,91620
3211,江天津外国语大学,10,不限)(中外合作办学,,,537,110271
3211,天津外国语大学,11,化学,,,564,73784
3211,天津外国语大学,12,思想政治,,,550,91169
3212,天津中医药大学,02,化学,,,554,85803
3212,天津中医药大学,03,化学,,,584,50912
3212,天津中医药大学,04,化学,,,580,55141
3212,天津中医药大学,05,化学,,,530,120545
3212,天津中医药大学,06,化学)(中外合作办学,,,550,91169
3212,天津中医药大学,07,化学,,,565,72560
3212,天津中医药大学,08,化学,,,592,42793
3213,天津农学院,02,不限,,,490,177981
3213,天津农学院,03,不限,,,500,162709
3213,天津农学院,04,化学,,,516,140984
3213,天津农学院,05,化学,,,505,156836
3213,天津农学院,06,生物,,,503,159833
3214,天津理工大学,01,不限)(中外合作办学,,,520,135215
3214,天津理工大学,02,不限,,,528,123485
3214,天津理工大学,03,化学,,,559,78921
3214,天津理工大学,04,化学,,,541,104586
3214,天津理工大学,05,化学)(中外合作办学,,,456,217438
3214,天津理工大学,06,化学,,,579,56236
3214,天津理工大学,07,化学)(中外合作办学,,,532,117593
3217,天津体育学院,02,不限,,,488,180632
3218,天津职业技术师范大学,02,化学,,,538,108896
3301,石家庄铁道大学,03,不限,,,545,99020
3301,石家庄铁道大学,04,不限,,,537,110271
3301,育石家庄铁道大学,05,化学,,,560,77690
3301,石家庄铁道大学,06,化学,,,588,46733
3302,河北科技师范学院,02,不限,,,490,177981
3302,教河北科技师范学院,03,化学,,,503,159833
3303,河北建筑工程学院,01,不限,,,506,155379
3303,河北建筑工程学院,02,化学,,,506,155379
3304,省河北科技大学,01,不限)(中外合作办学,,,456,217438
3304,河北科技大学,02,化学,,,557,82718
3304,河北科技大学,03,化学)(中外合作办学,,,527,124934
3304,苏河北科技大学,04,化学)(中外合作办学,,,512,146896
3304,河北科技大学,05,化学)(中外合作办学,,,531,119058
3304,江河北科技大学,06,化学)(中外合作办学,,,507,153904
3304,河北科技大学,07,化学)(中外合作办学,,,502,160562
3305,河北地质大学,02,不限,,,505,156836
3305,河北地质大学,03,化学,,,522,132287
3307,河北工业大学,02,不限,,,585,49888
3307,河北工业大学,03,化学,,,602,33651
3307,河北工业大学,04,化学,,,604,31983
3307,河北工业大学,05,化学,,,608,28740
3307,河北工业大学,06,化学)(中外合作办学,,,609,27931
3310,河北经贸大学,04,不限,,,518,138037
3310,河北经贸大学,05,不限,,,490,177981
3310,河北经贸大学,06,不限,,,532,117593
3310,河北经贸大学,07,不限)(中外合作办学,,,487,181943
3310,河北经贸大学,08,化学,,,527,124934
3311,华北电力大学(保定),03,不限,,,602,33651
3311,华北电力大学(保定),04,化学,,,654,4577
3311,华北电力大学(保定),05,化学,,,608,28740
3311,华北电力大学(保定),06,化学,,,628,15130
3311,华北电力大学(保定),07,化学,,,633,12565
3312,河北大学,02,不限,,,548,92072
3312,河北大学,03,不限,,,547,93475
3312,河北大学,04,化学,,,549,91620
3312,河北大学,05,化学,,,543,101845
3313,河北医科大学,01,化学,,,524,129360
3313,河北医科大学,02,化学和生物,,,585,49888
3313,河北医科大学,03,生物,,,534,113272
3314,育河北师范大学,03,不限)(中外合作办学,,,456,217438
3314,河北师范大学,04,化学,,,552,86690
3315,河北金融学院,05,不限,,,494,172592
3315,教河北金融学院,06,不限,,,517,139498
3315,河北金融学院,07,不限,,,504,158329
3315,河北金融学院,08,不限)(中外合作办学,,,487,181943
3315,省河北金融学院,09,不限)(中外合作办学,,,500,162709
3315,河北金融学院,10,化学,,,507,153904
3320,河北环境工程学院,02,不限,,,494,172592
3320,苏河北环境工程学院,03,化学,,,500,162709
3321,燕山大学,02,化学,,,570,66423
3321,江燕山大学,03,化学)(中外合作办学,,,564,73784
3322,东北大学秦皇岛分校,02,不限,,,616,22647
3322,东北大学秦皇岛分校,03,化学,,,637,10678
3322,东北大学秦皇岛分校,04,化学)(中外合作办学,,,617,21970
3322,东北大学秦皇岛分校,05,化学)(中外合作办学,,,623,18045
3326,河北水利电力学院,01,化学,,,506,155379
3332,华北理工大学,04,不限,,,529,122025
3332,华北理工大学,05,不限,,,538,108896
3332,华北理工大学,06,不限,,,500,162709
3332,华北理工大学,07,化学,,,501,161290
3332,华北理工大学,08,化学,,,534,113272
3332,华北理工大学,09,化学,,,530,120545
3332,华北理工大学,10,化学,,,573,62978
3332,华北理工大学,11,化学,,,532,117593
3332,华北理工大学,12,化学,,,529,122025
3332,华北理工大学,13,化学和生物,,,564,73784
3332,华北理工大学,14,生物,,,555,85359
3333,衡水学院,04,不限,,,502,160562
3333,衡水学院,05,不限,,,506,155379
3333,衡水学院,06,不限,,,495,171272
3333,衡水学院,07,不限,,,499,165555
3333,衡水学院,08,化学,,,504,158329
3333,衡水学院,09,化学,,,500,162709
3333,衡水学院,10,化学)(中外合作办学,,,473,196648
3341,北华航天工业学院,02,不限,,,515,142465
3341,北华航天工业学院,03,化学,,,524,129360
3344,育邯郸学院,02,不限,,,501,161290
3344,邯郸学院,03,化学,,,506,155379
3344,邯郸学院,04,化学)(中外合作办学,,,456,217438
3348,教河北中医药大学,01,不限,,,562,76392
3348,河北中医药大学,02,化学,,,566,71329
3348,河北中医药大学,03,化学,,,539,107423
3348,省河北中医药大学,04,生物,,,462,211501
3349,河北北方学院,01,化学,,,537,110271
3349,河北北方学院,02,化学,,,547,93475
3351,苏河北工程大学,02,不限,,,505,156836
3351,河北工程大学,03,化学,,,518,138037
3351,江河北工程大学,04,化学)(中外合作办学,,,494,172592
3353,承德医学院,01,化学,,,557,82718
3362,邢台学院,02,不限,,,491,176674
3362,邢台学院,03,化学,,,503,159833
3365,沧州师范学院,02,化学,,,504,158329
3365,沧州师范学院,03,化学)(中外合作办学,,,490,177981
3378,河北石油职业技术大学,01,不限,,,512,146896
3379,河北科技工程职业技术大学,03,不限,,,516,140984
3380,河北工业职业技术大学,01,不限,,,506,155379
3380,河北工业职业技术大学,02,化学,,,502,160562
3380,河北工业职业技术大学,03,化学,,,502,160562
3401,山西大学,02,化学,,,591,43812
3402,中北大学,02,不限,,,545,99020
3402,中北大学,03,化学,,,571,65270
3402,中北大学,04,化学,,,588,46733
3402,中北大学,05,化学,,,589,45767
3402,中北大学,06,化学,,,604,31983
3402,中北大学,07,化学,,,591,43812
3402,中北大学,08,化学,,,585,49888
3402,中北大学,09,化学,,,560,77690
3402,中北大学,10,化学,,,560,77690
3402,中北大学,11,化学,,,610,27149
3403,山西财经大学,03,不限,,,485,184547
3403,山西财经大学,04,不限)(中外合作办学,,,530,120545
3403,山西财经大学,05,化学,,,551,90718
3404,太原科技大学,01,不限,,,473,196648
3404,育太原科技大学,02,化学,,,539,107423
3405,太原理工大学,01,化学,,,613,24799
3405,太原理工大学,02,化学,,,610,27149
3405,教太原理工大学,03,化学,,,599,36291
3405,太原理工大学,04,化学,,,596,39012
3405,太原理工大学,05,化学,,,618,21298
3405,省太原理工大学,06,化学,,,611,26367
3405,太原理工大学,07,化学,,,610,27149
3405,太原理工大学,08,化学,,,607,29534
3405,苏太原理工大学,09,化学,,,612,25593
3406,太原工业学院,02,化学,,,512,146896
3406,江太原工业学院,03,化学,,,502,160562
3406,太原工业学院,04,化学,,,508,152558
3407,山西医科大学,01,化学,,,502,160562
3407,山西医科大学,02,化学和生物,,,546,97670
3407,山西医科大学,03,化学和生物,,,587,47782
3407,山西医科大学,04,化学和生物,,,583,51987
3408,山西中医药大学,03,不限,,,545,99020
3408,山西中医药大学,04,不限,,,586,48810
3408,山西中医药大学,05,化学,,,511,148364
3408,山西中医药大学,06,生物,,,515,142465
3408,山西中医药大学,07,生物,,,536,111744
3410,山西农业大学,03,不限,,,498,166941
3410,山西农业大学,04,化学,,,509,151167
3410,山西农业大学,05,化学和生物,,,507,153904
3410,山西农业大学,06,化学和生物,,,510,149799
3412,山西传媒学院,02,不限,,,490,177981
3412,山西传媒学院,03,化学,,,503,159833
3413,忻州师范学院,01,不限,,,494,172592
3413,忻州师范学院,02,不限,,,497,168396
3413,忻州师范学院,03,不限,,,504,158329
3413,忻州师范学院,04,化学,,,501,161290
3413,忻州师范学院,05,化学,,,500,162709
3413,忻州师范学院,06,化学和生物,,,498,166941
3413,忻州师范学院,07,地理,,,495,171272
3415,山西师范大学,03,不限,,,476,195778
3415,山西师范大学,04,化学,,,508,152558
3415,育山西师范大学,05,地理,,,526,126460
3416,太原师范学院,05,不限,,,501,161290
3416,太原师范学院,06,化学,,,502,160562
3416,教太原师范学院,07,地理,,,498,166941
3417,山西大同大学,03,化学和生物,,,539,107423
3418,运城学院,01,化学,,,503,159833
3429,省山西工程科技职业大学,01,不限,,,504,158329
3431,吕梁学院,04,不限,,,494,172592
3431,吕梁学院,05,化学,,,500,162709
3431,苏吕梁学院,06,生物,,,492,175304
3431,吕梁学院,07,地理,,,497,168396
3432,江晋中学院,02,不限,,,496,169851
3432,晋中学院,03,化学,,,499,165555
3433,山西工程技术学院,02,不限,,,496,169851
3433,山西工程技术学院,03,化学,,,506,155379
3434,山西科技学院,02,不限,,,498,166941
3434,山西科技学院,03,化学,,,524,129360
3439,山西工学院,01,化学,,,522,132287
3501,内蒙古大学,01,不限,,,527,124934
3501,内蒙古大学,02,化学,,,601,34502
3501,内蒙古大学,03,化学,,,587,47782
3501,内蒙古大学,04,化学,,,588,46733
3503,内蒙古农业大学,01,不限,,,495,171272
3503,内蒙古农业大学,02,化学,,,478,189646
3503,内蒙古农业大学,03,化学,,,486,183287
3503,内蒙古农业大学,04,生物,,,484,185817
3504,内蒙古工业大学,01,不限,,,473,196648
3504,内蒙古工业大学,02,不限,,,495,171272
3506,内蒙古民族大学,02,化学,,,510,149799
3506,内蒙古民族大学,03,化学,,,493,173957
3506,内蒙古民族大学,04,化学,,,501,161290
3506,内蒙古民族大学,05,生物,,,488,180632
3507,内蒙古财经大学,01,不限,,,486,183287
3507,内蒙古财经大学,02,化学,,,519,136665
3511,内蒙古科技大学,03,不限,,,498,166941
3511,内蒙古科技大学,04,化学,,,505,156836
3515,赤峰大学,01,化学,,,497,168396
3516,育内蒙古医科大学,01,化学和生物,,,517,139498
3516,内蒙古医科大学,02,化学和生物,,,535,112508
3516,内蒙古医科大学,03,化学和生物,,,549,91620
4101,教东北大学,04,不限,,,628,15130
4101,东北大学,05,化学,,,640,9378
4101,东北大学,06,化学)(中外合作办学,,,625,16848
4102,省辽宁大学,06,不限)(中外合作办学,,,572,64139
4102,辽宁大学,07,不限)(中外合作办学,,,568,68889
4102,辽宁大学,08,不限)(中外合作办学,,,571,65270
4102,苏辽宁大学,09,不限)(中外合作办学,,,561,77041
4102,辽宁大学,10,不限,,,592,42793
4102,江辽宁大学,11,化学,,,600,35398
4103,中国医科大学,01,化学)(中外合作办学,,,511,148364
4103,中国医科大学,02,化学,,,567,70124
4103,中国医科大学,03,化学,,,592,42793
4103,中国医科大学,04,化学,,,630,14065
4104,沈阳药科大学,01,化学,,,560,77690
4104,沈阳药科大学,02,化学,,,566,71329
4105,沈阳农业大学,01,化学,,,513,145420
4107,沈阳化工大学,01,不限,,,505,156836
4107,沈阳化工大学,02,化学,,,524,129360
4107,沈阳化工大学,03,化学,,,531,119058
4107,沈阳化工大学,04,化学)(中外合作办学,,,519,136665
4108,沈阳工业大学,02,不限,,,481,188709
4108,沈阳工业大学,03,化学)(中外合作办学,,,518,138037
4108,沈阳工业大学,04,化学,,,535,112508
4108,沈阳工业大学,05,化学,,,557,82718
4109,沈阳理工大学,02,不限,,,563,75021
4109,沈阳理工大学,03,化学)(中外合作办学,,,456,217438
4109,沈阳理工大学,04,化学,,,557,82718
4109,沈阳理工大学,05,化学)(中外合作办学,,,526,126460
4110,沈阳航空航天大学,01,化学,,,566,71329
4110,沈阳航空航天大学,02,化学)(中外合作办学,,,572,64139
4111,沈阳建筑大学,01,不限,,,528,123485
4111,沈阳建筑大学,02,不限,,,506,155379
4111,沈阳建筑大学,03,不限,,,497,168396
4111,沈阳建筑大学,04,化学,,,498,166941
4111,育沈阳建筑大学,05,化学,,,518,138037
4112,鞍山师范学院,02,不限,,,492,175304
4113,沈阳医学院,01,化学,,,538,108896
4113,教沈阳医学院,02,化学,,,503,159833
4113,沈阳医学院,03,生物,,,522,132287
4114,辽宁中医药大学,02,不限,,,558,81389
4114,省辽宁中医药大学,03,不限,,,520,135215
4114,辽宁中医药大学,04,化学,,,552,86690
4114,辽宁中医药大学,05,化学,,,531,119058
4114,苏辽宁中医药大学,06,化学,,,520,135215
4114,辽宁中医药大学,07,化学,,,512,146896
4115,江辽宁工业大学,01,化学,,,510,149799
4116,沈阳体育学院,01,不限,,,492,175304
4116,沈阳体育学院,02,不限)(中外合作办学,,,456,217438
4117,沈阳师范大学,03,不限,,,482,188397
4117,沈阳师范大学,04,不限,,,486,183287
4117,沈阳师范大学,05,化学,,,501,161290
4120,沈阳大学,02,不限,,,498,166941
4120,沈阳大学,03,不限)(中外合作办学,,,456,217438
4120,沈阳大学,04,化学,,,513,145420
4120,沈阳大学,05,化学)(中外合作办学,,,456,217438
4120,沈阳大学,06,地理,,,510,149799
4122,沈阳工程学院,01,化学,,,564,73784
4122,沈阳工程学院,02,化学)(中外合作办学,,,579,56236
4126,辽宁师范大学,03,不限)(中外合作办学,,,456,217438
4126,辽宁师范大学,04,不限)(中外合作办学,,,479,189334
4126,辽宁师范大学,05,不限)(中外合作办学,,,456,217438
4131,大连理工大学,03,化学)(中外合作办学,,,639,9802
4131,大连理工大学,04,化学,,,654,4577
4132,大连海事大学,06,不限,,,593,41836
4132,大连海事大学,07,不限)(中外合作办学,,,599,36291
4132,大连海事大学,08,化学)(中外合作办学,,,597,38088
4132,大连海事大学,09,化学,,,609,27931
4133,东北财经大学,04,不限,,,597,38088
4133,东北财经大学,05,不限)(中外合作办学,,,574,61816
4133,东北财经大学,06,不限)(中外合作办学,,,566,71329
4133,东北财经大学,07,化学,,,585,49888
4134,育大连医科大学,01,化学,,,600,35398
4134,大连医科大学,02,化学,,,622,18694
4135,大连外国语大学,03,不限,,,533,115432
4135,教大连外国语大学,04,不限,,,528,123485
4135,大连外国语大学,05,不限,,,530,120545
4135,大连外国语大学,06,不限,,,559,78921
4135,省大连外国语大学,07,化学,,,554,85803
4135,大连外国语大学,08,思想政治,,,492,175304
4136,大连大学,02,不限,,,463,210472
4136,苏大连大学,03,化学,,,519,136665
4136,大连大学,04,化学)(中外合作办学,,,514,143932
4136,江大连大学,05,化学,,,560,77690
4136,大连大学,06,化学,,,558,81389
4136,大连大学,07,化学,,,564,73784
4137,大连海洋大学,01,化学,,,529,122025
4137,大连海洋大学,02,化学,,,520,135215
4137,大连海洋大学,03,化学,,,529,122025
4138,大连工业大学,01,不限,,,525,127889
4138,大连工业大学,02,化学,,,542,103195
4138,大连工业大学,03,化学,,,537,110271
4138,大连工业大学,04,化学)(中外合作办学,,,546,97670
4138,大连工业大学,05,化学)(中外合作办学,,,543,101845
4138,大连工业大学,06,化学,,,553,86246
4138,大连工业大学,07,化学,,,540,106004
4138,大连工业大学,08,化学,,,528,123485
4138,大连工业大学,09,化学)(中外合作办学,,,525,127889
4138,大连工业大学,10,化学,,,565,72560
4138,大连工业大学,11,化学,,,538,108896
4138,大连工业大学,12,化学,,,540,106004
4138,大连工业大学,13,化学,,,567,70124
4138,大连工业大学,14,化学,,,531,119058
4138,大连工业大学,15,化学)(中外合作办学,,,536,111744
4139,大连交通大学,02,不限,,,557,82718
4139,大连交通大学,03,化学,,,564,73784
4139,大连交通大学,04,化学,,,545,99020
4140,大连民族大学,02,不限,,,530,120545
4140,大连民族大学,03,化学,,,549,91620
4140,育大连民族大学,04,化学和生物)(中外合作办学,,,479,189334
4141,锦州医科大学,01,化学,,,517,139498
4141,锦州医科大学,02,化学,,,545,99020
4141,教锦州医科大学,03,生物)(中外合作办学,,,469,202774
4152,渤海大学,02,不限,,,456,217438
4152,渤海大学,03,化学,,,478,189646
4161,省辽宁工程技术大学,01,化学,,,533,115432
4161,辽宁工程技术大学,02,化学)(中外合作办学,,,525,127889
4162,大连理工大学(盘锦校区),01,不限,,,627,15662
4162,苏大连理工大学(盘锦校区),02,化学,,,634,12072
4162,大连理工大学(盘锦校区),03,化学)(中外合作办学,,,617,21970
4162,江大连理工大学(盘锦校区),04,化学)(中外合作办学,,,627,15662
4171,辽宁科技大学,01,化学)(中外合作办学,,,512,146896
4171,辽宁科技大学,02,化学)(中外合作办学,,,456,217438
4171,辽宁科技大学,03,化学)(中外合作办学,,,508,152558
4171,辽宁科技大学,04,化学,,,532,117593
4171,辽宁科技大学,05,化学)(中外合作办学,,,496,169851
4181,辽宁石油化工大学,01,化学,,,552,86690
4181,辽宁石油化工大学,02,化学)(中外合作办学,,,456,217438
4192,辽宁科技学院,01,化学,,,503,159833
4195,朝阳师范学院,02,化学,,,496,169851
4201,吉林大学,09,不限,,,633,12565
4201,吉林大学,10,不限,,,642,8580
4201,吉林大学,11,化学,,,644,7817
4201,吉林大学,12,化学,,,638,10252
4201,吉林大学,13,化学,,,637,10678
4201,吉林大学,14,化学,,,647,6737
4201,吉林大学,15,化学)(中外合作办学,,,630,14065
4201,吉林大学,16,化学)(中外合作办学,,,627,15662
4201,吉林大学,17,化学,,,638,10252
4201,吉林大学,18,化学,,,637,10678
4201,吉林大学,19,化学,,,642,8580
4201,吉林大学,20,化学,,,634,12072
4201,吉林大学,21,化学,,,646,7076
4201,吉林大学,22,化学,,,634,12072
4201,吉林大学,23,化学,,,652,5161
4201,吉林大学,24,化学,,,645,7460
4201,育吉林大学,25,化学,,,652,5161
4202,东北师范大学,07,不限)(中外合作办学,,,554,85803
4202,东北师范大学,08,不限)(中外合作办学,,,568,68889
4202,教东北师范大学,09,不限)(中外合作办学,,,553,86246
4202,东北师范大学,10,化学,,,600,35398
4203,吉林农业大学,01,不限,,,526,126460
4203,省吉林农业大学,02,化学,,,511,148364
4203,吉林农业大学,03,化学和生物,,,461,212550
4204,长春大学,07,不限,,,505,156836
4204,苏长春大学,08,不限,,,488,180632
4204,长春大学,09,不限)(中外合作办学,,,485,184547
4204,江长春大学,10,化学)(中外合作办学,,,523,130819
4204,长春大学,11,化学,,,554,85803
4204,长春大学,12,化学)(中外合作办学,,,456,217438
4204,长春大学,13,化学)(中外合作办学,,,474,196358
4204,长春大学,14,化学,,,534,113272
4204,长春大学,15,化学)(中外合作办学,,,493,173957
4204,长春大学,16,化学,,,520,135215
4204,长春大学,17,化学)(中外合作办学,,,477,194611
4204,长春大学,18,化学,,,536,111744
4204,长春大学,19,化学,,,553,86246
4204,长春大学,20,化学)(中外合作办学,,,499,165555
4205,长春工业大学,03,不限,,,512,146896
4205,长春工业大学,04,化学,,,554,85803
4205,长春工业大学,05,化学)(中外合作办学,,,528,123485
4205,长春工业大学,06,化学,,,531,119058
4205,长春工业大学,07,化学)(中外合作办学,,,523,130819
4205,长春工业大学,08,化学)(中外合作办学,,,456,217438
4205,长春工业大学,09,化学,,,517,139498
4205,长春工业大学,10,化学)(中外合作办学,,,509,151167
4205,长春工业大学,11,化学,,,552,86690
4205,长春工业大学,12,化学,,,538,108896
4205,长春工业大学,13,化学,,,533,115432
4205,长春工业大学,14,化学)(中外合作办学,,,512,146896
4206,吉林财经大学,08,不限,,,545,99020
4206,吉林财经大学,09,不限,,,556,84047
4206,吉林财经大学,10,不限,,,551,90718
4206,育吉林财经大学,11,不限)(中外合作办学,,,520,135215
4206,吉林财经大学,12,不限,,,549,91620
4206,吉林财经大学,13,化学,,,544,100381
4207,教长春师范大学,04,不限,,,456,217438
4207,长春师范大学,05,化学,,,501,161290
4207,长春师范大学,06,化学,,,516,140984
4207,省长春师范大学,07,化学)(中外合作办学,,,456,217438
4207,长春师范大学,08,化学,,,456,217438
4208,长春理工大学,02,不限,,,537,110271
4208,苏长春理工大学,03,化学)(中外合作办学,,,591,43812
4208,长春理工大学,04,化学,,,577,58411
4208,江长春理工大学,05,化学)(中外合作办学,,,565,72560
4208,长春理工大学,06,化学,,,627,15662
4208,长春理工大学,07,化学和生物,,,551,90718
4209,长春工程学院,04,不限,,,506,155379
4209,长春工程学院,05,不限,,,511,148364
4209,长春工程学院,06,化学,,,516,140984
4210,吉林建筑大学,03,不限)(中外合作办学,,,474,196358
4210,吉林建筑大学,04,不限,,,487,181943
4210,吉林建筑大学,05,化学,,,501,161290
4210,吉林建筑大学,06,化学)(中外合作办学,,,456,217438
4210,吉林建筑大学,07,化学)(中外合作办学,,,492,175304
4210,吉林建筑大学,09,生物和地理,,,491,176674
4212,吉林工程技术师范学院,02,化学)(中外合作办学,,,487,181943
4212,吉林工程技术师范学院,03,化学,,,498,166941
4212,吉林工程技术师范学院,04,化学,,,484,185817
4212,吉林工程技术师范学院,05,化学,,,472,196937
4213,吉林体育学院,02,不限,,,497,168396
4213,吉林体育学院,03,不限,,,487,181943
4214,长春中医药大学,01,不限,,,539,107423
4214,长春中医药大学,02,化学,,,536,111744
4215,吉林师范大学,05,不限,,,511,148364
4215,吉林师范大学,06,化学,,,508,152558
4220,吉林警察学院,02,不限,,,517,139498
4220,吉林警察学院,03,化学,,,512,146896
4222,长春汽车职业技术大学,01,不限,,,509,151167
4225,吉林农业科技学院,01,化学,,,512,146896
4225,育吉林农业科技学院,02,化学,,,504,158329
4228,吉林医药学院,02,不限,,,496,169851
4228,吉林医药学院,03,化学,,,489,179304
4228,教吉林医药学院,04,化学和生物,,,488,180632
4228,吉林医药学院,05,化学和生物)(中外合作办学,,,478,189646
4228,吉林医药学院,06,化学和生物,,,501,161290
4231,省东北电力大学,01,不限,,,520,135215
4231,东北电力大学,02,不限,,,561,77041
4231,东北电力大学,03,化学,,,609,27931
4231,苏东北电力大学,04,化学,,,582,53034
4231,东北电力大学,05,化学,,,575,60650
4231,江东北电力大学,06,化学,,,571,65270
4231,东北电力大学,07,化学)(中外合作办学,,,603,32791
4231,东北电力大学,08,化学)(中外合作办学,,,509,151167
4232,北华大学,04,化学,,,517,139498
4232,北华大学,05,化学,,,526,126460
4232,北华大学,06,化学,,,532,117593
4232,北华大学,07,化学,,,476,195778
4232,北华大学,08,化学)(中外合作办学,,,506,155379
4232,北华大学,09,化学,,,456,217438
4232,北华大学,10,化学,,,493,173957
4232,北华大学,11,化学和生物,,,531,119058
4233,通化师范学院,02,不限,,,503,159833
4233,通化师范学院,03,化学,,,500,162709
4233,通化师范学院,04,地理,,,493,173957
4235,吉林化工大学,01,不限,,,494,172592
4235,吉林化工大学,02,化学,,,508,152558
4237,吉林工商学院,02,不限,,,496,169851
4237,吉林工商学院,03,化学,,,499,165555
4241,白城师范学院,04,不限,,,496,169851
4241,白城师范学院,05,不限,,,493,173957
4241,白城师范学院,06,不限)(中外合作办学,,,456,217438
4241,白城师范学院,07,化学,,,498,166941
4241,白城师范学院,08,化学)(中外合作办学,,,456,217438
4241,白城师范学院,09,化学,,,503,159833
4241,白城师范学院,10,地理,,,496,169851
4301,哈尔滨工业大学,03,不限)(中外合作办学,,,631,13548
4301,育哈尔滨工业大学,04,不限)(中外合作办学,,,643,8204
4301,哈尔滨工业大学,05,化学)(中外合作办学,,,645,7460
4301,哈尔滨工业大学,06,化学)(中外合作办学,,,642,8580
4301,教哈尔滨工业大学,07,化学)(中外合作办学,,,637,10678
4301,哈尔滨工业大学,08,化学)(中外合作办学,,,643,8204
4301,哈尔滨工业大学,09,化学,,,666,1964
4302,省哈尔滨工程大学,05,化学,,,641,8960
4302,哈尔滨工程大学,06,化学,,,643,8204
4302,哈尔滨工程大学,07,化学,,,643,8204
4302,苏哈尔滨工程大学,08,化学,,,643,8204
4302,哈尔滨工程大学,09,化学,,,643,8204
4302,江哈尔滨工程大学,10,化学,,,639,9802
4302,哈尔滨工程大学,11,化学,,,642,8580
4302,哈尔滨工程大学,12,化学,,,643,8204
4302,哈尔滨工程大学,13,化学,,,641,8960
4302,哈尔滨工程大学,14,化学,,,645,7460
4302,哈尔滨工程大学,15,化学,,,642,8580
4302,哈尔滨工程大学,16,化学,,,645,7460
4302,哈尔滨工程大学,17,化学,,,645,7460
4302,哈尔滨工程大学,18,化学,,,643,8204
4302,哈尔滨工程大学,19,化学,,,642,8580
4302,哈尔滨工程大学,20,化学)(中外合作办学,,,603,32791
4302,哈尔滨工程大学,21,化学)(中外合作办学,,,608,28740
4302,哈尔滨工程大学,22,化学)(中外合作办学,,,576,59533
4303,东北林业大学,03,化学)(中外合作办学,,,550,91169
4303,东北林业大学,04,化学,,,605,31163
4303,东北林业大学,05,化学)(中外合作办学,,,579,56236
4303,东北林业大学,06,化学)(中外合作办学,,,586,48810
4304,东北农业大学,02,化学,,,593,41836
4305,黑龙江中医药大学,02,不限,,,539,107423
4305,黑龙江中医药大学,03,化学,,,493,173957
4306,黑龙江工程学院,02,不限,,,492,175304
4306,黑龙江工程学院,03,化学,,,505,156836
4306,黑龙江工程学院,04,地理,,,513,145420
4307,哈尔滨商业大学,02,不限,,,521,133759
4307,哈尔滨商业大学,03,化学,,,476,195778
4307,哈尔滨商业大学,04,化学,,,524,129360
4308,育哈尔滨理工大学,01,不限,,,473,196648
4308,哈尔滨理工大学,02,化学,,,573,62978
4308,哈尔滨理工大学,03,化学,,,573,62978
4308,教哈尔滨理工大学,04,化学,,,597,38088
4308,哈尔滨理工大学,05,化学,,,552,86690
4308,哈尔滨理工大学,06,化学,,,579,56236
4309,省哈尔滨医科大学,03,化学,,,594,40855
4309,哈尔滨医科大学,04,化学,,,547,93475
4309,哈尔滨医科大学,05,化学,,,542,103195
4309,苏哈尔滨医科大学,06,化学和生物,,,553,86246
4309,哈尔滨医科大学,07,化学和生物,,,550,91169
4309,江哈尔滨医科大学,08,化学和生物,,,576,59533
4309,哈尔滨医科大学,09,生物,,,550,91169
4309,哈尔滨医科大学,10,生物,,,553,86246
4310,黑龙江科技大学,02,不限,,,487,181943
4310,黑龙江科技大学,03,化学)(中外合作办学,,,479,189334
4310,黑龙江科技大学,04,化学,,,530,120545
4310,黑龙江科技大学,05,化学)(中外合作办学,,,467,206114
4311,黑龙江大学,10,不限,,,541,104586
4311,黑龙江大学,11,化学,,,555,85359
4311,黑龙江大学,12,化学,,,549,91620
4311,黑龙江大学,13,化学,,,535,112508
4311,黑龙江大学,14,化学,,,544,100381
4311,黑龙江大学,15,化学,,,522,132287
4311,黑龙江大学,16,化学,,,553,86246
4312,哈尔滨师范大学,06,不限,,,529,122025
4312,哈尔滨师范大学,07,不限,,,510,149799
4312,哈尔滨师范大学,08,不限,,,473,196648
4312,哈尔滨师范大学,09,不限,,,472,196937
4312,哈尔滨师范大学,10,化学,,,545,99020
4312,哈尔滨师范大学,11,化学,,,519,136665
4312,哈尔滨师范大学,12,化学,,,540,106004
4312,哈尔滨师范大学,13,化学,,,513,145420
4312,哈尔滨师范大学,14,化学,,,505,156836
4312,哈尔滨师范大学,15,地理,,,479,189334
4314,牡丹江师范学院,02,不限,,,489,179304
4314,牡丹江师范学院,03,化学,,,500,162709
4315,育哈尔滨金融学院,02,不限,,,498,166941
4315,哈尔滨金融学院,03,化学,,,508,152558
4321,东北石油大学,02,化学,,,543,101845
4323,教哈尔滨学院,04,不限,,,494,172592
4323,哈尔滨学院,05,化学,,,502,160562
4323,哈尔滨学院,06,地理,,,516,140984
4324,省大庆师范学院,02,不限,,,496,169851
4324,大庆师范学院,03,化学,,,501,161290
4324,大庆师范学院,04,化学,,,499,165555
4324,苏大庆师范学院,05,化学)(中外合作办学,,,456,217438
4324,大庆师范学院,06,化学,,,498,166941
4324,江大庆师范学院,07,化学,,,496,169851
4331,齐齐哈尔医学院,02,化学,,,506,155379
4331,齐齐哈尔医学院,03,化学和生物,,,520,135215
4332,齐齐哈尔大学,02,不限,,,504,158329
4332,齐齐哈尔大学,03,化学,,,515,142465
4332,齐齐哈尔大学,04,化学,,,505,156836
4332,齐齐哈尔大学,05,化学)(中外合作办学,,,456,217438
4332,齐齐哈尔大学,06,化学,,,517,139498
4332,齐齐哈尔大学,07,化学,,,499,165555
4332,齐齐哈尔大学,08,生物,,,496,169851
4333,黑河学院,02,不限,,,502,160562
4333,黑河学院,03,化学,,,498,166941
4341,黑龙江工业学院,01,化学,,,500,162709
4343,哈尔滨职业技术大学,01,不限,,,502,160562
4351,佳木斯大学,01,不限,,,494,172592
4351,佳木斯大学,02,化学,,,528,123485
4351,佳木斯大学,03,化学,,,500,162709
4351,佳木斯大学,04,化学,,,500,162709
4351,佳木斯大学,05,化学)(中外合作办学,,,456,217438
4351,佳木斯大学,06,化学和生物,,,560,77690
4351,佳木斯大学,07,化学和生物,,,513,145420
4351,佳木斯大学,08,化学和生物,,,548,92072
4352,黑龙江八一农垦大学,01,不限,,,492,175304
4352,黑龙江八一农垦大学,02,不限,,,513,145420
4352,黑龙江八一农垦大学,03,化学)(中外合作办学,,,483,187151
4352,黑龙江八一农垦大学,04,化学,,,505,156836
4352,育黑龙江八一农垦大学,05,化学,,,499,165555
4352,黑龙江八一农垦大学,06,化学,,,511,148364
4352,黑龙江八一农垦大学,07,化学,,,503,159833
4352,教黑龙江八一农垦大学,08,生物,,,496,169851
4371,延边大学,03,不限,,,581,54115
4371,延边大学,04,化学,,,590,44753
4371,省延边大学,05,化学,,,586,48810
4381,牡丹江医科大学,01,化学,,,505,156836
4381,牡丹江医科大学,02,化学,,,531,119058
4381,苏牡丹江医科大学,03,化学和生物,,,526,126460
4381,牡丹江医科大学,04,化学和生物,,,484,185817
5101,江郑州大学,03,化学,,,622,18694
5101,郑州大学,04,化学,,,614,24115
5101,郑州大学,05,化学,,,609,27931
5101,郑州大学,06,化学,,,602,33651
5101,郑州大学,07,化学,,,611,26367
5101,郑州大学,08,化学,,,593,41836
5102,华北水利水电大学,01,化学,,,550,91169
5103,中原工学院,02,不限,,,509,151167
5103,中原工学院,03,化学,,,509,151167
5104,河南工业大学,02,不限,,,520,135215
5104,河南工业大学,03,化学,,,559,78921
5104,河南工业大学,04,化学)(中外合作办学,,,534,113272
5104,河南工业大学,05,化学,,,530,120545
5104,河南工业大学,06,化学)(中外合作办学,,,492,175304
5104,河南工业大学,07,化学,,,537,110271
5104,河南工业大学,08,化学)(中外合作办学,,,540,106004
5104,河南工业大学,09,化学)(中外合作办学,,,523,130819
5105,郑州航空工业管理学院,03,不限,,,505,156836
5105,郑州航空工业管理学院,04,不限,,,516,140984
5105,郑州航空工业管理学院,05,不限)(中外合作办学,,,459,214584
5105,郑州航空工业管理学院,06,不限,,,474,196358
5105,郑州航空工业管理学院,07,不限,,,490,177981
5105,郑州航空工业管理学院,08,化学)(中外合作办学,,,527,124934
5105,郑州航空工业管理学院,09,化学,,,555,85359
5105,郑州航空工业管理学院,10,化学)(中外合作办学,,,503,159833
5105,郑州航空工业管理学院,11,化学,,,553,86246
5105,育郑州航空工业管理学院,12,化学,,,528,123485
5105,郑州航空工业管理学院,13,化学,,,498,166941
5105,郑州航空工业管理学院,14,化学)(中外合作办学,,,511,148364
5105,教郑州航空工业管理学院,15,化学,,,546,97670
5105,郑州航空工业管理学院,16,化学,,,510,149799
5106,郑州轻工业大学,02,化学,,,541,104586
5106,省郑州轻工业大学,03,化学)(中外合作办学,,,516,140984
5106,郑州轻工业大学,04,化学)(中外合作办学,,,516,140984
5110,河南科技学院,02,化学,,,504,158329
5114,苏河南中医药大学,02,不限,,,579,56236
5114,河南中医药大学,03,化学,,,562,76392
5114,江河南中医药大学,04,化学,,,540,106004
5114,河南中医药大学,05,生物,,,532,117593
5117,河南农业大学,03,不限,,,531,119058
5117,河南农业大学,04,化学)(中外合作办学,,,512,146896
5117,河南农业大学,05,化学,,,540,106004
5117,河南农业大学,06,化学)(中外合作办学,,,503,159833
5117,河南农业大学,07,化学,,,570,66423
5117,河南农业大学,08,化学)(中外合作办学,,,503,159833
5117,河南农业大学,09,化学,,,535,112508
5117,河南农业大学,10,化学和生物,,,534,113272
5117,河南农业大学,11,生物,,,522,132287
5118,信阳师范大学,02,化学,,,521,133759
5118,信阳师范大学,03,化学,,,527,124934
5118,信阳师范大学,04,化学,,,507,153904
5119,河南财经政法大学,04,不限,,,576,59533
5119,河南财经政法大学,05,不限,,,560,77690
5119,河南财经政法大学,06,不限,,,554,85803
5119,河南财经政法大学,07,化学,,,542,103195
5119,河南财经政法大学,08,化学,,,547,93475
5122,河南工程学院,03,不限,,,499,165555
5122,河南工程学院,04,化学,,,504,158329
5125,周口师范学院,03,化学,,,503,159833
5125,周口师范学院,04,化学)(中外合作办学,,,473,196648
5131,洛阳理工学院,02,化学,,,510,149799
5132,河南科技大学,03,不限)(中外合作办学,,,542,103195
5132,河南科技大学,04,化学,,,495,171272
5132,育河南科技大学,05,化学,,,551,90718
5132,河南科技大学,06,化学)(中外合作办学,,,516,140984
5132,河南科技大学,07,化学)(中外合作办学,,,552,86690
5132,教河南科技大学,08,化学,,,563,75021
5132,河南科技大学,09,化学,,,555,85359
5133,洛阳师范学院,02,化学,,,503,159833
5134,省平顶山学院,03,不限,,,518,138037
5134,平顶山学院,04,化学,,,503,159833
5134,平顶山学院,05,思想政治,,,524,129360
5141,苏河南大学,04,不限)(中外合作办学,,,558,81389
5141,河南大学,05,不限,,,578,57339
5141,江河南大学,06,化学,,,545,99020
5141,河南大学,07,化学)(中外合作办学,,,583,51987
5141,河南大学,08,化学,,,590,44753
5141,河南大学,09,化学)(中外合作办学,,,587,47782
5151,河南理工大学,02,不限,,,533,115432
5151,河南理工大学,03,化学,,,530,120545
5151,河南理工大学,04,化学,,,564,73784
5151,河南理工大学,05,化学,,,526,126460
5151,河南理工大学,06,化学,,,541,104586
5151,河南理工大学,07,化学,,,560,77690
5151,河南理工大学,08,化学,,,542,103195
5151,河南理工大学,09,化学)(中外合作办学,,,535,112508
5151,河南理工大学,10,化学,,,543,101845
5153,河南师范大学,02,化学,,,456,217438
5161,安阳工学院,02,化学,,,502,160562
5161,安阳工学院,03,化学)(中外合作办学,,,486,183287
5162,安阳师范学院,03,化学,,,502,160562
5162,安阳师范学院,04,地理,,,499,165555
5171,河南工学院,01,化学,,,528,123485
5172,郑州工程技术学院,02,化学,,,501,161290
5173,新乡学院,03,化学)(中外合作办学,,,488,180632
5173,新乡学院,04,化学,,,501,161290
5174,许昌学院,02,不限,,,499,165555
5174,许昌学院,03,化学,,,511,148364
5174,许昌学院,04,地理,,,502,160562
5181,南阳师范学院,05,不限,,,498,166941
5181,育南阳师范学院,06,化学,,,501,161290
5181,南阳师范学院,07,地理,,,503,159833
5182,南阳理工学院,04,不限,,,496,169851
5182,教南阳理工学院,05,不限,,,500,162709
5182,南阳理工学院,06,不限,,,500,162709
5182,南阳理工学院,07,化学,,,504,158329
5182,省南阳理工学院,08,化学)(中外合作办学,,,497,168396
5182,南阳理工学院,09,化学,,,521,133759
5182,南阳理工学院,10,化学,,,511,148364
5182,苏南阳理工学院,11,化学,,,518,138037
5182,南阳理工学院,12,化学,,,516,140984
5191,江黄淮学院,03,不限,,,499,165555
5191,黄淮学院,04,化学)(中外合作办学,,,491,176674
5191,黄淮学院,05,化学,,,502,160562
5191,黄淮学院,06,生物,,,493,173957
5192,河南医药大学,01,化学,,,541,104586
5193,河南城建学院,02,不限,,,495,171272
5193,河南城建学院,03,不限,,,498,166941
5193,河南城建学院,04,化学,,,501,161290
5193,河南城建学院,05,化学,,,507,153904
5193,河南城建学院,06,化学,,,501,161290
5193,河南城建学院,07,化学,,,512,146896
5193,河南城建学院,08,化学,,,501,161290
5193,河南城建学院,09,化学,,,508,152558
5198,商丘师范学院,03,不限,,,498,166941
5198,商丘师范学院,04,化学,,,503,159833
5198,商丘师范学院,05,地理,,,502,160562
5201,武汉大学,07,不限,,,646,7076
5201,武汉大学,08,化学)(中外合作办学,,,643,8204
5201,武汉大学,09,化学,,,643,8204
5201,武汉大学,10,化学)(中外合作办学,,,618,21298
5201,武汉大学,11,化学,,,655,4294
5201,武汉大学,12,化学,,,639,9802
5202,华中科技大学,03,化学)(中外合作办学,,,632,13058
5202,华中科技大学,04,化学,,,650,5772
5202,华中科技大学,05,化学)(中外合作办学,,,636,11118
5202,华中科技大学,06,化学,,,659,3287
5203,育华中师范大学,07,不限,,,595,39948
5203,华中师范大学,08,化学,,,608,28740
5203,华中师范大学,09,化学,,,617,21970
5203,教华中师范大学,10,地理,,,610,27149
5204,华中农业大学,03,不限,,,607,29534
5204,华中农业大学,04,化学,,,592,42793
5204,省华中农业大学,05,地理,,,607,29534
5205,中国地质大学(武汉),03,不限,,,599,36291
5205,中国地质大学(武汉),04,化学)(中外合作办学,,,581,54115
5205,苏中国地质大学(武汉),05,化学,,,629,14603
5205,中国地质大学(武汉),06,化学)(中外合作办学,,,607,29534
5205,江中国地质大学(武汉),07,化学,,,605,31163
5205,中国地质大学(武汉),08,化学)(中外合作办学,,,581,54115
5205,中国地质大学(武汉),09,化学)(中外合作办学,,,606,30312
5205,中国地质大学(武汉),10,化学,,,607,29534
5206,中南财经政法大学,06,不限,,,615,23390
5206,中南财经政法大学,07,不限)(中外合作办学,,,557,82718
5206,中南财经政法大学,08,化学)(中外合作办学,,,607,29534
5206,中南财经政法大学,09,化学,,,617,21970
5207,武汉理工大学,06,化学,,,645,7460
5207,武汉理工大学,07,化学,,,644,7817
5207,武汉理工大学,08,化学,,,645,7460
5207,武汉理工大学,09,化学,,,644,7817
5207,武汉理工大学,10,化学,,,614,24115
5207,武汉理工大学,11,化学)(中外合作办学,,,621,19332
5207,武汉理工大学,12,化学)(中外合作办学,,,620,19962
5207,武汉理工大学,13,化学)(中外合作办学,,,609,27931
5207,武汉理工大学,14,化学)(中外合作办学,,,589,45767
5208,中南民族大学,04,不限,,,540,106004
5208,中南民族大学,05,不限,,,523,130819
5208,中南民族大学,06,化学,,,566,71329
5208,中南民族大学,07,化学,,,544,100381
5208,中南民族大学,08,化学,,,543,101845
5209,湖北大学,02,不限,,,543,101845
5209,湖北大学,03,化学)(中外合作办学,,,529,122025
5209,湖北大学,04,化学,,,584,50912
5209,湖北大学,05,化学)(中外合作办学,,,516,140984
5211,育湖北中医药大学,04,不限,,,589,45767
5211,湖北中医药大学,05,不限,,,456,217438
5211,湖北中医药大学,06,不限,,,569,67621
5211,教湖北中医药大学,07,化学,,,560,77690
5211,湖北中医药大学,08,化学,,,515,142465
5211,湖北中医药大学,09,化学,,,543,101845
5212,省武汉纺织大学,02,化学,,,530,120545
5213,武汉体育学院,02,不限,,,504,158329
5215,武汉工程大学,02,化学,,,571,65270
5215,苏武汉工程大学,03,化学)(中外合作办学,,,528,123485
5215,武汉工程大学,04,化学)(中外合作办学,,,545,99020
5216,江武汉轻工大学,03,不限)(中外合作办学,,,456,217438
5216,武汉轻工大学,04,化学,,,528,123485
5216,武汉轻工大学,05,化学)(中外合作办学,,,528,123485
5217,武汉科技大学,02,化学)(中外合作办学,,,541,104586
5217,武汉科技大学,03,化学,,,588,46733
5218,江汉大学,01,化学,,,570,66423
5219,湖北工业大学,01,不限,,,523,130819
5219,湖北工业大学,02,化学,,,547,93475
5220,湖北第二师范学院,03,不限,,,507,153904
5220,湖北第二师范学院,04,化学)(中外合作办学,,,456,217438
5221,湖北经济学院,03,不限,,,494,172592
5221,湖北经济学院,04,不限)(中外合作办学,,,456,217438
5221,湖北经济学院,05,化学,,,535,112508
5225,汉江师范学院,03,化学,,,503,159833
5226,武汉职业技术大学,01,不限,,,516,140984
5243,长江大学,02,不限,,,537,110271
5243,长江大学,03,化学,,,537,110271
5243,长江大学,04,化学,,,575,60650
5243,长江大学,05,化学,,,568,68889
5243,长江大学,06,化学)(中外合作办学,,,480,189021
5243,长江大学,07,化学)(中外合作办学,,,541,104586
5243,长江大学,08,生物,,,525,127889
5251,三峡大学,02,不限,,,551,90718
5251,三峡大学,03,化学,,,581,54115
5251,三峡大学,04,化学)(中外合作办学,,,600,35398
5255,湖北汽车工业学院,01,不限,,,502,160562
5255,育湖北汽车工业学院,02,化学,,,532,117593
5255,湖北汽车工业学院,03,化学)(中外合作办学,,,512,146896
5256,湖北医药学院,01,化学,,,509,151167
5256,教湖北医药学院,02,化学)(中外合作办学,,,490,177981
5261,湖北师范大学,03,化学)(中外合作办学,,,516,140984
5261,湖北师范大学,04,化学,,,516,140984
5265,省湖北理工学院,02,不限,,,499,165555
5265,湖北理工学院,03,化学,,,516,140984
5267,湖北民族大学,02,化学,,,532,117593
5271,苏湖北警官学院,02,不限,,,549,91620
5271,湖北警官学院,03,化学,,,529,122025
5285,江荆楚理工学院,02,化学,,,510,149799
5285,荆楚理工学院,03,化学)(中外合作办学,,,487,181943
5287,湖北科技学院,02,化学,,,512,146896
5287,湖北科技学院,03,化学)(中外合作办学,,,488,180632
5290,湖北文理学院,02,化学,,,502,160562
5295,湖北工程学院,01,不限,,,495,171272
5295,湖北工程学院,02,化学,,,502,160562
5295,湖北工程学院,03,化学)(中外合作办学,,,479,189334
5301,湖南大学,05,不限)(边防军人子女预科班,,,628,15130
5301,湖南大学,06,不限,,,637,10678
5301,湖南大学,07,化学,,,645,7460
5301,湖南大学,08,化学,,,649,6090
5301,湖南大学,09,化学,,,643,8204
5302,中南大学,04,化学)(中外合作办学,,,593,41836
5302,中南大学,05,化学,,,643,8204
5302,中南大学,06,化学,,,644,7817
5302,中南大学,07,化学,,,645,7460
5302,中南大学,08,化学)(中外合作办学,,,631,13548
5302,中南大学,09,化学)(中外合作办学,,,633,12565
5302,中南大学,10,化学和生物,,,654,4577
5302,中南大学,11,化学和生物,,,641,8960
5303,湖南师范大学,04,不限,,,589,45767
5303,湖南师范大学,05,化学,,,585,49888
5303,湖南师范大学,06,化学,,,596,39012
5303,湖南师范大学,07,地理,,,592,42793
5304,湖南中医药大学,01,不限,,,511,148364
5304,育湖南中医药大学,02,不限,,,570,66423
5304,湖南中医药大学,03,化学,,,532,117593
5304,湖南中医药大学,04,化学,,,561,77041
5304,教湖南中医药大学,05,化学,,,556,84047
5304,湖南中医药大学,06,化学,,,551,90718
5305,湖南农业大学,02,不限,,,499,165555
5305,省湖南农业大学,03,化学,,,514,143932
5306,湖南工商大学,02,不限,,,493,173957
5306,湖南工商大学,03,不限)(中外合作办学,,,531,119058
5306,苏湖南工商大学,04,不限)(中外合作办学,,,525,127889
5306,湖南工商大学,05,化学,,,536,111744
5306,江湖南工商大学,06,地理,,,515,142465
5307,长沙理工大学,02,不限,,,569,67621
5307,长沙理工大学,03,化学)(中外合作办学,,,580,55141
5307,长沙理工大学,04,化学)(中外合作办学,,,605,31163
5307,长沙理工大学,05,化学)(中外合作办学,,,521,133759
5307,长沙理工大学,06,化学)(中外合作办学,,,572,64139
5307,长沙理工大学,07,化学,,,572,64139
5308,长沙学院,03,不限,,,480,189021
5308,长沙学院,04,不限,,,499,165555
5308,长沙学院,05,化学,,,511,148364
5308,长沙学院,06,化学和生物,,,506,155379
5310,湖南人文科技学院,04,不限,,,497,168396
5310,湖南人文科技学院,05,不限)(中外合作办学,,,456,217438
5310,湖南人文科技学院,06,化学,,,501,161290
5310,湖南人文科技学院,07,思想政治,,,494,172592
5320,湖南财政经济学院,02,不限,,,491,176674
5320,湖南财政经济学院,03,化学,,,526,126460
5321,湖南科技大学,03,不限,,,510,149799
5321,湖南科技大学,04,不限,,,526,126460
5321,湖南科技大学,05,化学,,,523,130819
5321,湖南科技大学,06,化学,,,554,85803
5321,湖南科技大学,07,地理,,,535,112508
5322,湖南工程学院,02,不限,,,489,179304
5322,湖南工程学院,03,化学)(中外合作办学,,,507,153904
5322,湖南工程学院,04,化学,,,516,140984
5322,湖南工程学院,05,化学)(中外合作办学,,,456,217438
5323,育湘潭大学,02,不限,,,550,91169
5323,湘潭大学,03,化学,,,588,46733
5323,湘潭大学,04,化学)(中外合作办学,,,586,48810
5327,教湖南工学院,02,不限,,,494,172592
5327,湖南工学院,03,化学,,,506,155379
5331,中南林业科技大学,03,不限,,,527,124934
5331,省中南林业科技大学,04,不限)(中外合作办学,,,525,127889
5331,中南林业科技大学,05,化学,,,528,123485
5331,中南林业科技大学,06,化学)(中外合作办学,,,513,145420
5332,苏湖南工业大学,03,不限,,,466,207210
5332,湖南工业大学,04,不限,,,515,142465
5332,江湖南工业大学,05,不限,,,482,188397
5332,湖南工业大学,06,化学,,,521,133759
5332,湖南工业大学,07,化学,,,504,158329
5332,湖南工业大学,08,化学,,,551,90718
5341,南华大学,02,不限,,,523,130819
5341,南华大学,03,化学,,,537,110271
5342,衡阳师范学院,04,不限,,,493,173957
5342,衡阳师范学院,05,化学,,,509,151167
5342,衡阳师范学院,06,化学,,,502,160562
5342,衡阳师范学院,07,化学,,,515,142465
5342,衡阳师范学院,08,地理,,,496,169851
5343,湖南文理学院,02,不限)(中外合作办学,,,464,209418
5343,湖南文理学院,03,化学,,,505,156836
5343,湖南文理学院,04,化学)(中外合作办学,,,493,173957
5343,湖南文理学院,05,化学和生物,,,502,160562
5348,湖南医药学院,01,化学,,,569,67621
5348,湖南医药学院,02,化学,,,504,158329
5348,湖南医药学院,03,化学,,,523,130819
5349,湖南第一师范学院,02,不限,,,474,196358
5349,湖南第一师范学院,03,化学,,,516,140984
5351,湖南理工大学,03,不限,,,513,145420
5351,湖南理工大学,04,不限,,,512,146896
5351,湖南理工大学,05,化学)(中外合作办学,,,512,146896
5351,湖南理工大学,06,化学,,,526,126460
5355,湖南城市学院,03,不限,,,493,173957
5355,湖南城市学院,04,不限,,,493,173957
5355,育湖南城市学院,05,化学,,,503,159833
5361,吉首大学,03,不限,,,517,139498
5361,吉首大学,04,化学,,,518,138037
5371,教邵阳学院,03,不限,,,502,160562
5371,邵阳学院,04,化学,,,507,153904
5371,邵阳学院,05,化学,,,522,132287
5371,省邵阳学院,06,化学)(中外合作办学,,,495,171272
5371,邵阳学院,07,生物,,,496,169851
5380,长沙师范学院,03,不限,,,503,159833
5380,苏长沙师范学院,04,不限,,,506,155379
5381,湘南学院,02,不限,,,546,97670
5381,江湘南学院,03,不限,,,496,169851
5381,湘南学院,04,化学,,,504,158329
5381,湘南学院,05,化学,,,505,156836
5385,怀化学院,03,不限,,,500,162709
5385,怀化学院,04,化学,,,503,159833
5385,怀化学院,05,生物,,,496,169851
5391,湖南科技学院,03,化学,,,504,158329
5391,湖南科技学院,04,化学)(中外合作办学,,,477,194611
5393,湖南女子学院,02,不限,,,495,171272
5393,湖南女子学院,03,化学,,,502,160562
5401,中山大学,04,不限,,,643,8204
5401,中山大学,05,化学,,,656,4021
5401,中山大学,06,化学,,,643,8204
5401,中山大学,07,化学,,,651,5467
5402,华南理工大学,04,化学,,,651,5467
5402,华南理工大学,05,化学,,,653,4878
5402,华南理工大学,06,化学,,,653,4878
5402,华南理工大学,07,化学,,,658,3527
5403,华南农业大学,01,不限,,,584,50912
5403,华南农业大学,02,化学,,,584,50912
5403,华南农业大学,03,生物,,,600,35398
5404,广东外语外贸大学,04,不限,,,561,77041
5404,广东外语外贸大学,05,不限,,,568,68889
5405,广东医科大学,01,化学,,,531,119058
5405,广东医科大学,02,化学,,,574,61816
5406,广东药科大学,01,化学,,,550,91169
5406,育广东药科大学,02,化学,,,544,100381
5406,广东药科大学,03,化学,,,570,66423
5407,暨南大学,03,不限,,,601,34502
5407,教暨南大学,04,化学,,,608,28740
5407,暨南大学,05,化学,,,618,21298
5407,暨南大学,06,化学,,,623,18045
5407,省暨南大学,07,化学,,,615,23390
5408,广州美术学院,01,不限,,,508,152558
5408,广州美术学院,02,化学,,,599,36291
5411,苏广州航海学院,02,化学,,,543,101845
5412,广东金融学院,02,不限,,,550,91169
5412,江广东金融学院,03,化学,,,566,71329
5413,华南师范大学,02,化学,,,605,31163
5414,广东财经大学,02,不限,,,548,92072
5416,广东轻工职业技术大学,02,不限,,,521,133759
5418,哈尔滨工业大学(深圳),02,化学,,,653,4878
5418,哈尔滨工业大学(深圳),03,化学,,,663,2465
5418,哈尔滨工业大学(深圳),04,化学)(中外合作办学,,,651,5467
5419,广州大学,05,不限,,,577,58411
5419,广州大学,06,化学,,,580,55141
5419,广州大学,07,化学,,,582,53034
5419,广州大学,08,化学,,,588,46733
5419,广州大学,09,化学,,,587,47782
5419,广州大学,10,化学,,,596,39012
5420,广州中医药大学,02,不限,,,599,36291
5420,广州中医药大学,03,化学,,,587,47782
5420,广州中医药大学,04,化学,,,575,60650
5420,广州中医药大学,05,生物,,,560,77690
5421,汕头大学,03,不限,,,550,91169
5421,汕头大学,04,化学,,,571,65270
5421,汕头大学,05,化学,,,560,77690
5422,南方医科大学,02,不限,,,625,16848
5422,南方医科大学,03,化学,,,591,43812
5422,南方医科大学,04,化学,,,645,7460
5422,南方医科大学,05,化学,,,573,62978
5423,广州体育学院,01,化学,,,526,126460
5427,东莞理工学院,01,化学)(中外合作办学,,,515,142465
5431,育广东海洋大学,01,不限,,,538,108896
5431,广东海洋大学,02,化学,,,526,126460
5431,广东海洋大学,03,化学)(中外合作办学,,,515,142465
5431,教广东海洋大学,04,化学和生物,,,527,124934
5431,广东海洋大学,05,化学和生物,,,520,135215
5437,韶关学院,02,化学,,,511,148364
5438,省广东以色列理工学院,01,化学)(中外合作办学,,,584,50912
5441,广东石油化工学院,01,化学,,,513,145420
5451,深圳大学,02,不限,,,626,16268
5451,苏深圳大学,03,不限)(中外合作办学,,,611,26367
5451,深圳大学,04,化学,,,621,19332
5461,江北师香港浸会大学,02,化学)(中外合作办学,,,549,91620
5477,岭南师范学院,03,不限,,,487,181943
5477,岭南师范学院,04,不限,,,516,140984
5477,岭南师范学院,05,化学,,,512,146896
5477,岭南师范学院,06,化学,,,502,160562
5478,广东工业大学,01,不限)(中外合作办学,,,540,106004
5478,广东工业大学,02,化学,,,609,27931
5479,深圳技术大学,02,化学,,,602,33651
5480,深圳北理莫斯科大学,04,不限)(中外合作办学,,,570,66423
5480,深圳北理莫斯科大学,05,化学)(中外合作办学,,,579,56236
5484,肇庆学院,01,化学,,,526,126460
5484,肇庆学院,02,化学,,,540,106004
5485,肇庆医学院,01,化学,,,531,119058
5485,肇庆医学院,02,化学,,,522,132287
5485,肇庆医学院,03,化学,,,542,103195
5488,香港城市大学(东莞),01,化学)(中外合作办学,,,641,8960
5501,广西大学,02,化学,,,600,35398
5502,广西中医药大学,03,不限,,,589,45767
5502,广西中医药大学,04,不限,,,545,99020
5502,广西中医药大学,05,化学,,,572,64139
5502,广西中医药大学,06,化学,,,527,124934
5502,广西中医药大学,07,化学,,,558,81389
5502,广西中医药大学,08,化学,,,521,133759
5502,广西中医药大学,09,化学,,,515,142465
5504,南宁师范大学,02,不限,,,502,160562
5504,南宁师范大学,03,化学)(中外合作办学,,,456,217438
5504,育南宁师范大学,04,化学)(中外合作办学,,,456,217438
5504,南宁师范大学,05,化学,,,510,149799
5504,南宁师范大学,06,化学和生物)(中外合作办学,,,456,217438
5505,教玉林师范学院,05,化学,,,498,166941
5505,玉林师范学院,06,化学,,,499,165555
5505,玉林师范学院,07,化学和生物,,,496,169851
5505,省玉林师范学院,08,生物,,,493,173957
5507,北部湾大学,02,化学,,,506,155379
5507,北部湾大学,03,化学,,,524,129360
5508,苏广西医科大学,01,化学,,,519,136665
5508,广西医科大学,02,化学,,,533,115432
5508,江广西医科大学,03,生物,,,534,113272
5510,桂林医科大学,02,化学,,,529,122025
5510,桂林医科大学,03,化学,,,508,152558
5510,桂林医科大学,04,化学,,,547,93475
5510,桂林医科大学,05,化学,,,568,68889
5510,桂林医科大学,06,化学,,,553,86246
5510,桂林医科大学,07,化学,,,559,78921
5511,广西师范大学,03,不限,,,507,153904
5511,广西师范大学,04,不限,,,510,149799
5511,广西师范大学,05,化学,,,517,139498
5512,桂林理工大学,03,不限,,,514,143932
5512,桂林理工大学,04,化学)(中外合作办学,,,522,132287
5512,桂林理工大学,05,化学,,,522,132287
5512,桂林理工大学,06,化学)(中外合作办学,,,456,217438
5513,桂林电子科技大学,04,不限,,,547,93475
5513,桂林电子科技大学,05,不限)(中外合作办学,,,520,135215
5513,桂林电子科技大学,06,不限,,,548,92072
5513,桂林电子科技大学,07,化学,,,599,36291
5513,桂林电子科技大学,08,化学)(中外合作办学,,,555,85359
5513,桂林电子科技大学,09,化学,,,575,60650
5513,桂林电子科技大学,10,化学,,,591,43812
5513,桂林电子科技大学,11,化学,,,595,39948
5513,桂林电子科技大学,12,化学,,,591,43812
5513,桂林电子科技大学,13,化学,,,496,169851
5513,桂林电子科技大学,14,化学,,,595,39948
5513,桂林电子科技大学,15,化学)(中外合作办学,,,564,73784
5513,育桂林电子科技大学,16,化学,,,464,209418
5517,右江民族医学院,02,不限,,,491,176674
5517,右江民族医学院,03,化学,,,523,130819
5517,教右江民族医学院,04,化学,,,502,160562
5517,右江民族医学院,05,化学,,,538,108896
5517,右江民族医学院,06,化学,,,492,175304
5517,省右江民族医学院,07,化学,,,475,196068
5517,右江民族医学院,08,化学,,,510,149799
5517,右江民族医学院,09,生物,,,503,159833
5518,苏广西民族师范学院,02,化学,,,497,168396
5519,贺州学院,02,不限,,,493,173957
5519,江贺州学院,03,化学,,,501,161290
5521,桂林航天工业学院,01,化学,,,563,75021
5521,桂林航天工业学院,02,化学,,,556,84047
5522,桂林旅游学院,03,不限)(中外合作办学,,,456,217438
5522,桂林旅游学院,04,不限)(中外合作办学,,,456,217438
5522,桂林旅游学院,05,化学)(中外合作办学,,,456,217438
5527,广西科技师范学院,02,不限,,,494,172592
5527,广西科技师范学院,03,化学,,,491,176674
5527,广西科技师范学院,04,化学,,,501,161290
5531,广西科技大学,02,不限,,,488,180632
5531,广西科技大学,03,化学,,,509,151167
5531,广西科技大学,04,化学)(中外合作办学,,,463,210472
5531,广西科技大学,05,化学)(中外合作办学,,,456,217438
5531,广西科技大学,06,化学和生物,,,456,217438
5532,广西民族大学,02,不限,,,495,171272
5532,广西民族大学,03,不限,,,496,169851
5532,广西民族大学,04,化学,,,501,161290
5532,广西民族大学,05,化学和生物,,,500,162709
5544,河池学院,01,化学,,,499,165555
5561,梧州学院,02,不限,,,495,171272
5561,梧州学院,03,化学,,,499,165555
5601,海南大学,07,不限,,,594,40855
5601,海南大学,08,不限)(中外合作办学,,,563,75021
5601,海南大学,09,化学,,,602,33651
5601,海南大学,10,化学)(中外合作办学,,,591,43812
5602,海南师范大学,08,不限,,,524,129360
5602,育海南师范大学,09,不限,,,527,124934
5602,海南师范大学,10,不限,,,456,217438
5602,海南师范大学,11,不限,,,506,155379
5602,教海南师范大学,12,化学,,,540,106004
5602,海南师范大学,13,化学,,,524,129360
5602,海南师范大学,14,化学,,,525,127889
5602,省海南师范大学,15,化学和生物,,,469,202774
5603,海南医科大学,01,不限,,,565,72560
5603,海南医科大学,02,化学,,,518,138037
5603,苏海南医科大学,03,化学,,,559,78921
5603,海南医科大学,04,化学)(中外合作办学,,,498,166941
5603,江海南医科大学,05,化学,,,530,120545
5603,海南医科大学,06,化学,,,518,138037
5603,海南医科大学,07,化学,,,557,82718
5603,海南医科大学,08,化学,,,530,120545
5603,海南医科大学,09,化学)(中外合作办学,,,511,148364
5604,海南热带海洋学院,05,不限,,,497,168396
5604,海南热带海洋学院,06,不限)(中外合作办学,,,459,214584
5604,海南热带海洋学院,07,化学,,,499,165555
5619,琼台师范学院,04,化学,,,497,168396
5621,海南比勒费尔德应用科学大学,02,不限,,,468,203800
5621,海南比勒费尔德应用科学大学,03,化学,,,456,217438
5621,海南比勒费尔德应用科学大学,04,化学,,,468,203800
5632,海南洛桑旅游大学,02,不限,,,456,217438
5632,海南洛桑旅游大学,03,化学,,,456,217438
6101,四川大学,04,不限,,,637,10678
6101,四川大学,05,不限,,,639,9802
6101,四川大学,06,化学,,,646,7076
6101,四川大学,07,化学,,,652,5161
6101,四川大学,08,化学,,,656,4021
6101,四川大学,09,化学,,,662,2666
6101,四川大学,10,化学,,,658,3527
6101,四川大学,11,化学,,,603,32791
6101,四川大学,12,化学)(中外合作办学,,,633,12565
6101,四川大学,13,化学)(中外合作办学,,,640,9378
6101,四川大学,14,化学,,,640,9378
6102,西南交通大学,04,化学,,,624,17453
6102,育西南交通大学,05,化学,,,610,27149
6102,西南交通大学,06,化学,,,635,11598
6102,西南交通大学,07,化学,,,617,21970
6102,教西南交通大学,08,化学)(中外合作办学,,,571,65270
6102,西南交通大学,09,化学,,,623,18045
6102,西南交通大学,10,化学,,,608,28740
6102,省西南交通大学,11,化学)(中外合作办学,,,583,51987
6102,西南交通大学,12,化学,,,629,14603
6102,西南交通大学,13,化学,,,609,27931
6102,苏西南交通大学,14,化学,,,614,24115
6102,西南交通大学,15,化学,,,600,35398
6102,江西南交通大学,16,化学,,,632,13058
6102,西南交通大学,17,化学,,,607,29534
6103,西南财经大学,05,不限,,,612,25593
6103,西南财经大学,06,不限)(中外合作办学,,,582,53034
6103,西南财经大学,07,化学,,,622,18694
6104,电子科技大学,03,化学,,,655,4294
6104,电子科技大学,04,化学,,,659,3287
6105,西南民族大学,02,化学,,,559,78921
6106,成都理工大学,04,不限,,,572,64139
6106,成都理工大学,05,不限)(中外合作办学,,,541,104586
6106,成都理工大学,06,化学)(中外合作办学,,,582,53034
6106,成都理工大学,07,化学,,,578,57339
6106,成都理工大学,08,化学,,,592,42793
6106,成都理工大学,09,化学,,,592,42793
6107,成都信息工程大学,02,化学,,,583,51987
6107,成都信息工程大学,03,化学)(中外合作办学,,,544,100381
6108,成都体育学院,04,不限,,,544,100381
6108,成都体育学院,05,不限,,,533,115432
6108,成都体育学院,06,化学,,,526,126460
6109,四川音乐学院,05,不限,,,492,175304
6109,四川音乐学院,06,不限,,,508,152558
6110,西华大学,03,化学,,,548,92072
6111,成都中医药大学,01,不限,,,586,48810
6111,成都中医药大学,02,不限,,,610,27149
6111,成都中医药大学,03,化学,,,573,62978
6112,电子科技大学(沙河校区),01,化学,,,653,4878
6112,育电子科技大学(沙河校区),02,化学)(中外合作办学,,,644,7817
6112,电子科技大学(沙河校区),03,化学)(中外合作办学,,,650,5772
6113,四川农业大学,01,不限,,,590,44753
6113,教四川农业大学,02,化学,,,594,40855
6114,成都大学,03,不限)(中外合作办学,,,506,155379
6114,成都大学,04,化学)(中外合作办学,,,525,127889
6114,省成都大学,05,化学,,,561,77041
6115,四川轻化工大学,02,化学,,,543,101845
6116,成都医学院,01,化学,,,526,126460
6117,苏西昌学院,02,化学,,,499,165555
6117,西昌学院,03,化学,,,507,153904
6118,江内江师范学院,03,不限,,,506,155379
6118,内江师范学院,04,化学,,,487,181943
6120,四川警察学院,02,不限,,,538,108896
6129,成都师范学院,01,化学)(中外合作办学,,,456,217438
6129,成都师范学院,02,化学)(中外合作办学,,,456,217438
6129,成都师范学院,03,化学)(中外合作办学,,,456,217438
6131,西南科技大学,04,不限,,,536,111744
6131,西南科技大学,05,化学)(中外合作办学,,,488,180632
6131,西南科技大学,06,化学,,,556,84047
6131,西南科技大学,07,化学,,,548,92072
6135,四川工程职业技术大学,02,不限,,,511,148364
6138,成都航空职业技术大学,01,不限,,,522,132287
6140,四川师范大学,04,不限,,,532,117593
6140,四川师范大学,05,化学,,,528,123485
6141,西南石油大学,02,化学,,,593,41836
6142,西华师范大学,02,化学,,,456,217438
6143,西南医科大学,01,化学,,,578,57339
6143,西南医科大学,02,化学,,,588,46733
6143,西南医科大学,03,化学,,,539,107423
6143,西南医科大学,04,化学,,,543,101845
6144,绵阳师范学院,02,化学,,,502,160562
6150,成都工业学院,01,化学,,,533,115432
6151,乐山师范学院,02,化学,,,500,162709
6151,乐山师范学院,03,化学和生物,,,500,162709
6161,川北医学院,02,化学,,,524,129360
6161,川北医学院,03,化学,,,567,70124
6161,育川北医学院,04,化学,,,549,91620
6161,川北医学院,05,化学,,,552,86690
6181,宜宾学院,02,化学,,,501,161290
6187,教攀枝花学院,02,化学,,,516,140984
6191,成都轻工职业技术大学,01,不限,,,500,162709
6201,重庆大学,04,化学)(边防军人子女预科班,,,622,18694
6201,省重庆大学,05,化学)(中外合作办学,,,641,8960
6201,重庆大学,06,化学,,,656,4021
6201,重庆大学,07,化学,,,645,7460
6201,苏重庆大学,08,化学)(中外合作办学,,,616,22647
6201,重庆大学,09,化学)(中外合作办学,,,624,17453
6201,江重庆大学,10,化学,,,648,6409
6201,重庆大学,11,化学,,,654,4577
6202,西南大学,08,不限)(中外合作办学,,,577,58411
6202,西南大学,09,不限,,,591,43812
6202,西南大学,10,不限,,,594,40855
6202,西南大学,11,化学)(中外合作办学,,,591,43812
6202,西南大学,12,化学,,,603,32791
6202,西南大学,13,化学,,,620,19962
6202,西南大学,14,化学,,,610,27149
6202,西南大学,15,化学,,,607,29534
6202,西南大学,16,化学)(中外合作办学,,,576,59533
6202,西南大学,17,化学)(中外合作办学,,,605,31163
6202,西南大学,18,化学)(中外合作办学,,,582,53034
6202,西南大学,19,化学)(中外合作办学,,,608,28740
6202,西南大学,20,化学和生物,,,612,25593
6202,西南大学,21,地理,,,609,27931
6203,西南政法大学,09,不限)(中外合作办学,,,608,28740
6203,西南政法大学,10,不限,,,619,20665
6203,西南政法大学,11,不限,,,596,39012
6205,重庆医科大学,01,化学,,,590,44753
6205,重庆医科大学,02,化学,,,552,86690
6205,重庆医科大学,03,化学,,,564,73784
6205,重庆医科大学,04,化学)(中外合作办学,,,572,64139
6206,重庆工商大学,03,不限,,,474,196358
6206,重庆工商大学,04,不限)(中外合作办学,,,491,176674
6206,重庆工商大学,05,化学,,,534,113272
6207,育重庆交通大学,03,不限,,,501,161290
6207,重庆交通大学,04,化学)(中外合作办学,,,558,81389
6207,重庆交通大学,05,化学,,,550,91169
6208,教重庆理工大学,02,不限,,,560,77690
6208,重庆理工大学,03,化学,,,571,65270
6209,重庆邮电大学,02,化学)(中外合作办学,,,604,31983
6209,省重庆邮电大学,03,化学,,,606,30312
6209,重庆邮电大学,04,化学)(中外合作办学,,,581,54115
6210,重庆师范大学,05,不限,,,547,93475
6210,苏重庆师范大学,06,不限,,,535,112508
6210,重庆师范大学,07,不限,,,526,126460
6210,江重庆师范大学,08,化学,,,540,106004
6210,重庆师范大学,09,化学,,,526,126460
6210,重庆师范大学,10,地理,,,540,106004
6211,四川美术学院,02,不限,,,531,119058
6211,四川美术学院,03,化学,,,582,53034
6212,四川外国语大学,08,不限)(中外合作办学,,,525,127889
6212,四川外国语大学,09,不限,,,531,119058
6212,四川外国语大学,10,不限)(中外合作办学,,,507,153904
6212,四川外国语大学,11,不限,,,545,99020
6212,四川外国语大学,12,化学,,,551,90718
6212,四川外国语大学,13,思想政治,,,534,113272
6213,重庆三峡科技大学,03,不限,,,506,155379
6213,重庆三峡科技大学,04,化学,,,511,148364
6214,长江师范学院,03,不限,,,498,166941
6214,长江师范学院,04,化学)(中外合作办学,,,470,202230
6214,长江师范学院,05,化学)(中外合作办学,,,466,207210
6214,长江师范学院,06,化学,,,505,156836
6214,长江师范学院,07,化学,,,504,158329
6214,长江师范学院,08,生物,,,500,162709
6215,重庆文理学院,01,不限,,,504,158329
6215,重庆文理学院,02,化学,,,515,142465
6221,重庆科技大学,02,不限,,,528,123485
6221,重庆科技大学,03,化学,,,537,110271
6221,重庆科技大学,04,化学,,,543,101845
6221,重庆科技大学,05,化学,,,537,110271
6301,贵州大学,05,化学)(中外合作办学,,,568,68889
6301,育贵州大学,06,化学)(中外合作办学,,,597,38088
6301,贵州大学,07,化学)(中外合作办学,,,568,68889
6301,贵州大学,08,化学,,,610,27149
6302,教贵州中医药大学,03,不限,,,554,85803
6302,贵州中医药大学,04,化学,,,549,91620
6302,贵州中医药大学,05,化学,,,511,148364
6302,省贵州中医药大学,06,化学,,,512,146896
6302,贵州中医药大学,07,化学)(中外合作办学,,,490,177981
6302,贵州中医药大学,08,化学,,,518,138037
6303,苏贵州医科大学,01,化学,,,520,135215
6303,贵州医科大学,02,化学,,,559,78921
6303,江贵州医科大学,03,化学,,,490,177981
6304,贵州财经大学,02,不限)(中外合作办学,,,456,217438
6305,贵州民族大学,01,化学)(中外合作办学,,,456,217438
6306,贵州师范大学,04,化学和生物,,,498,166941
6308,安顺学院,05,化学,,,499,165555
6308,安顺学院,06,化学,,,501,161290
6308,安顺学院,07,化学,,,502,160562
6308,安顺学院,08,地理,,,504,158329
6309,贵阳学院,01,化学,,,500,162709
6310,黔南民族师范学院,02,化学,,,498,166941
6314,遵义医科大学,01,化学,,,567,70124
6314,遵义医科大学,02,化学,,,482,188397
6314,遵义医科大学,03,化学,,,547,93475
6315,贵州工程应用技术学院,03,不限,,,499,165555
6315,贵州工程应用技术学院,04,化学,,,497,168396
6316,贵州商学院,02,不限)(中外合作办学,,,460,213575
6316,贵州商学院,03,不限,,,493,173957
6316,贵州商学院,04,化学)(中外合作办学,,,456,217438
6319,贵州理工学院,01,化学,,,514,143932
6319,贵州理工学院,02,化学)(中外合作办学,,,456,217438
6320,六盘水师范学院,02,化学,,,501,161290
6323,贵州警察学院,02,不限,,,524,129360
6323,贵州警察学院,03,化学,,,531,119058
6324,贵阳康养职业大学,02,不限,,,495,171272
6324,贵阳康养职业大学,03,化学,,,499,165555
6401,云南大学,05,不限,,,593,41836
6401,育云南大学,06,化学)(中外合作办学,,,590,44753
6401,云南大学,07,化学,,,595,39948
6401,云南大学,08,化学和生物)(中外合作办学,,,596,39012
6401,教云南大学,09,化学和生物,,,600,35398
6401,云南大学,10,化学和生物,,,610,27149
6402,云南师范大学,03,化学,,,530,120545
6402,省云南师范大学,04,化学,,,513,145420
6402,云南师范大学,05,化学,,,513,145420
6402,云南师范大学,06,地理,,,494,172592
6404,苏昆明理工大学,04,不限,,,533,115432
6404,昆明理工大学,05,化学,,,553,86246
6404,江昆明理工大学,06,化学,,,542,103195
6404,昆明理工大学,07,化学,,,564,73784
6404,昆明理工大学,08,化学)(中外合作办学,,,567,70124
6404,昆明理工大学,09,化学和生物,,,567,70124
6404,昆明理工大学,10,化学和生物,,,557,82718
6405,云南农业大学,02,不限,,,495,171272
6405,云南农业大学,03,不限)(中外合作办学,,,456,217438
6405,云南农业大学,04,化学,,,498,166941
6405,云南农业大学,05,化学)(中外合作办学,,,461,212550
6405,云南农业大学,06,化学,,,497,168396
6406,昆明医科大学,01,化学,,,507,153904
6406,昆明医科大学,02,化学,,,555,85359
6406,昆明医科大学,03,化学)(中外合作办学,,,531,119058
6407,玉溪师范学院,02,化学,,,500,162709
6408,云南财经大学,06,不限,,,483,187151
6408,云南财经大学,07,不限)(中外合作办学,,,485,184547
6408,云南财经大学,08,不限,,,522,132287
6408,云南财经大学,09,不限,,,550,91169
6408,云南财经大学,10,不限,,,471,201685
6408,云南财经大学,11,化学,,,518,138037
6408,云南财经大学,12,化学,,,526,126460
6409,楚雄师范学院,02,化学,,,498,166941
6409,楚雄师范学院,03,地理,,,495,171272
6410,昆明学院,02,不限,,,496,169851
6410,昆明学院,03,化学,,,500,162709
6410,昆明学院,04,化学和生物,,,515,142465
6410,育昆明学院,05,思想政治,,,487,181943
6411,大理大学,03,化学,,,506,155379
6411,大理大学,04,化学,,,500,162709
6411,教大理大学,05,化学,,,513,145420
6413,红河学院,02,不限,,,497,168396
6413,红河学院,03,化学,,,498,166941
6414,省云南民族大学,02,化学,,,503,159833
6415,西南林业大学,01,不限,,,508,152558
6415,西南林业大学,02,不限,,,510,149799
6415,苏西南林业大学,03,化学,,,514,143932
6415,西南林业大学,04,化学,,,516,140984
6415,江西南林业大学,05,化学)(中外合作办学,,,529,122025
6415,西南林业大学,06,化学,,,531,119058
6415,西南林业大学,07,生物,,,523,130819
6417,曲靖师范学院,03,不限,,,498,166941
6417,曲靖师范学院,04,化学,,,499,165555
6417,曲靖师范学院,05,地理,,,501,161290
6420,文山学院,02,地理,,,497,168396
6501,西藏大学,03,不限,,,578,57339
6501,西藏大学,04,化学,,,582,53034
6501,西藏大学,05,化学和生物,,,543,101845
6502,西藏民族大学,02,化学和生物,,,535,112508
7101,西北大学,05,不限)(中外合作办学,,,587,47782
7101,西北大学,06,化学,,,605,31163
7101,西北大学,07,化学,,,623,18045
7101,西北大学,08,化学)(中外合作办学,,,589,45767
7101,西北大学,09,化学,,,603,32791
7101,西北大学,10,化学)(中外合作办学,,,605,31163
7101,西北大学,11,地理,,,595,39948
7102,西北工业大学,04,化学)(中外合作办学,,,642,8580
7102,西北工业大学,05,化学,,,654,4577
7102,西北工业大学,06,化学)(中外合作办学,,,646,7076
7102,西北工业大学,07,化学)(中外合作办学,,,645,7460
7103,陕西师范大学,05,不限,,,597,38088
7103,陕西师范大学,06,化学,,,601,34502
7103,陕西师范大学,07,化学)(中外合作办学,,,577,58411
7103,陕西师范大学,08,生物,,,604,31983
7103,育陕西师范大学,09,地理,,,596,39012
7104,西安交通大学,07,不限,,,653,4878
7104,西安交通大学,08,化学,,,667,1802
7104,教西安交通大学,09,化学)(中外合作办学,,,645,7460
7104,西安交通大学,10,化学)(中外合作办学,,,655,4294
7104,西安交通大学,11,化学)(医学类,,,643,8204
7104,省西安交通大学,12,化学)(中外合作办学,,,625,16848
7104,西安交通大学,13,化学)(中外合作办学,,,628,15130
7104,西安交通大学,14,化学,,,659,3287
7104,苏西安交通大学,15,化学,,,662,2666
7105,西安电子科技大学,02,不限,,,640,9378
7105,江西安电子科技大学,03,化学,,,645,7460
7105,西安电子科技大学,04,化学)(中外合作办学,,,627,15662
7105,西安电子科技大学,05,化学,,,653,4878
7105,西安电子科技大学,06,化学)(中外合作办学,,,636,11118
7107,长安大学,04,不限,,,591,43812
7107,长安大学,05,化学,,,615,23390
7107,长安大学,06,化学,,,599,36291
7107,长安大学,07,化学)(中外合作办学,,,599,36291
7107,长安大学,08,化学,,,609,27931
7107,长安大学,09,化学)(中外合作办学,,,586,48810
7107,长安大学,10,化学,,,606,30312
7108,西安建筑科技大学,01,不限)(中外合作办学,,,464,209418
7108,西安建筑科技大学,02,不限,,,551,90718
7108,西安建筑科技大学,03,化学)(中外合作办学,,,503,159833
7108,西安建筑科技大学,04,化学)(中外合作办学,,,456,217438
7108,西安建筑科技大学,05,化学,,,548,92072
7109,西北政法大学,03,不限,,,612,25593
7109,西北政法大学,04,不限,,,608,28740
7110,西安工程大学,04,不限,,,527,124934
7110,西安工程大学,05,不限,,,527,124934
7110,西安工程大学,06,化学,,,575,60650
7110,西安工程大学,07,化学,,,536,111744
7110,西安工程大学,08,化学,,,564,73784
7110,西安工程大学,09,化学,,,546,97670
7110,西安工程大学,10,化学,,,531,119058
7110,西安工程大学,11,化学,,,568,68889
7110,育西安工程大学,12,化学,,,535,112508
7110,西安工程大学,13,化学,,,593,41836
7110,西安工程大学,14,化学,,,565,72560
7110,教西安工程大学,15,化学,,,570,66423
7110,西安工程大学,16,化学,,,548,92072
7110,西安工程大学,17,化学,,,549,91620
7111,省西安财经大学,02,不限)(中外合作办学,,,518,138037
7111,西安财经大学,03,不限,,,572,64139
7111,西安财经大学,04,化学,,,553,86246
7112,苏西安理工大学,01,不限,,,563,75021
7112,西安理工大学,02,化学,,,558,81389
7113,江西安石油大学,02,化学,,,554,85803
7113,西安石油大学,03,化学,,,564,73784
7113,西安石油大学,04,化学,,,568,68889
7113,西安石油大学,05,化学,,,556,84047
7114,西安医学院,03,化学,,,490,177981
7114,西安医学院,04,生物,,,535,112508
7114,西安医学院,05,生物,,,530,120545
7115,西安工业大学,02,不限,,,578,57339
7115,西安工业大学,03,化学,,,565,72560
7115,西安工业大学,04,化学)(中外合作办学,,,556,84047
7116,西安邮电大学,03,不限,,,590,44753
7116,西安邮电大学,04,化学)(中外合作办学,,,576,59533
7116,西安邮电大学,05,化学,,,599,36291
7117,西安外国语大学,04,不限,,,528,123485
7117,西安外国语大学,05,化学,,,564,73784
7118,西安科技大学,02,不限,,,548,92072
7118,西安科技大学,03,化学,,,553,86246
7118,西安科技大学,04,地理,,,564,73784
7122,西安文理学院,04,化学,,,503,159833
7122,西安文理学院,05,化学,,,503,159833
7122,西安文理学院,06,化学,,,508,152558
7122,西安文理学院,07,化学,,,513,145420
7122,西安文理学院,08,化学和生物,,,517,139498
7131,西安航空学院,01,化学)(中外合作办学,,,503,159833
7131,西安航空学院,02,化学,,,517,139498
7131,西安航空学院,03,化学)(中外合作办学,,,489,179304
7131,育西安航空学院,04,化学,,,525,127889
7131,西安航空学院,05,化学)(中外合作办学,,,456,217438
7138,陕西中医药大学,01,不限,,,573,62978
7138,教陕西中医药大学,02,化学,,,515,142465
7140,渭南师范学院,03,不限,,,496,169851
7140,渭南师范学院,04,化学,,,503,159833
7141,省西北农林科技大学,03,不限,,,615,23390
7141,西北农林科技大学,04,不限,,,613,24799
7141,西北农林科技大学,05,不限)(中外合作办学,,,587,47782
7141,苏西北农林科技大学,06,化学,,,617,21970
7141,西北农林科技大学,07,化学)(中外合作办学,,,587,47782
7141,江西北农林科技大学,08,化学,,,624,17453
7141,西北农林科技大学,09,化学,,,608,28740
7141,西北农林科技大学,10,化学,,,634,12072
7141,西北农林科技大学,11,化学,,,624,17453
7141,西北农林科技大学,12,化学,,,614,24115
7141,西北农林科技大学,13,化学和生物,,,630,14065
7141,西北农林科技大学,14,地理,,,619,20665
7142,延安大学,03,不限,,,511,148364
7142,延安大学,04,化学,,,514,143932
7142,延安大学,05,化学和生物,,,526,126460
7150,陕西学前师范学院,04,不限,,,500,162709
7150,陕西学前师范学院,05,化学,,,503,159833
7150,陕西学前师范学院,06,地理,,,496,169851
7151,陕西科技大学,02,不限,,,552,86690
7151,陕西科技大学,03,化学,,,580,55141
7151,陕西科技大学,04,化学)(中外合作办学,,,528,123485
7151,陕西科技大学,05,化学,,,570,66423
7151,陕西科技大学,06,化学,,,577,58411
7151,陕西科技大学,07,化学,,,563,75021
7151,陕西科技大学,08,化学,,,558,81389
7151,陕西科技大学,09,化学,,,560,77690
7151,陕西科技大学,10,化学)(中外合作办学,,,546,97670
7151,陕西科技大学,11,化学,,,552,86690
7162,宝鸡文理学院,02,化学,,,503,159833
7162,宝鸡文理学院,03,地理,,,497,168396
7165,咸阳师范学院,02,不限,,,502,160562
7166,育商洛学院,02,化学,,,502,160562
7167,陕西理工大学,07,不限,,,472,196937
7167,陕西理工大学,08,不限,,,483,187151
7167,教陕西理工大学,09,化学,,,498,166941
7167,陕西理工大学,10,化学,,,488,180632
7167,陕西理工大学,11,化学,,,528,123485
7167,省陕西理工大学,12,化学,,,551,90718
7167,陕西理工大学,13,化学,,,519,136665
7167,陕西理工大学,14,化学,,,526,126460
7167,苏陕西理工大学,15,化学,,,529,122025
7167,陕西理工大学,16,化学,,,545,99020
7167,江陕西理工大学,17,思想政治,,,519,136665
7167,陕西理工大学,18,地理,,,544,100381
7201,兰州大学,09,不限,,,631,13548
7201,兰州大学,10,化学,,,646,7076
7201,兰州大学,11,化学,,,642,8580
7201,兰州大学,12,化学,,,640,9378
7201,兰州大学,13,化学,,,635,11598
7201,兰州大学,14,化学,,,641,8960
7201,兰州大学,15,化学,,,637,10678
7201,兰州大学,16,化学,,,637,10678
7201,兰州大学,17,化学,,,634,12072
7201,兰州大学,18,化学,,,629,14603
7201,兰州大学,19,化学,,,621,19332
7201,兰州大学,20,化学)(中外合作办学,,,606,30312
7202,兰州理工大学,02,不限,,,517,139498
7202,兰州理工大学,03,化学,,,542,103195
7203,兰州财经大学,02,不限,,,505,156836
7203,兰州财经大学,03,化学,,,544,100381
7204,兰州交通大学,02,不限,,,561,77041
7204,兰州交通大学,03,不限,,,544,100381
7204,兰州交通大学,04,化学,,,591,43812
7204,兰州交通大学,05,化学,,,552,86690
7204,兰州交通大学,06,化学,,,595,39948
7205,西北民族大学,06,不限,,,504,158329
7205,西北民族大学,07,化学,,,506,155379
7205,西北民族大学,08,化学,,,524,129360
7205,育西北民族大学,09,化学,,,522,132287
7205,西北民族大学,10,化学)(中外合作办学,,,460,213575
7205,西北民族大学,11,化学,,,501,161290
7205,教西北民族大学,12,化学,,,506,155379
7206,甘肃农业大学,02,不限,,,501,161290
7207,甘肃政法大学,02,不限,,,496,169851
7207,省甘肃政法大学,03,化学,,,534,113272
7211,陇东学院,01,不限,,,494,172592
7211,陇东学院,02,化学,,,500,162709
7211,苏陇东学院,03,化学和生物,,,497,168396
7214,西北师范大学,03,不限,,,512,146896
7214,江西北师范大学,04,化学,,,528,123485
7214,西北师范大学,05,地理,,,545,99020
7216,天水师范大学,03,化学,,,492,175304
7217,兰州工业学院,01,化学,,,503,159833
7218,兰州城市学院,02,化学,,,496,169851
7218,兰州城市学院,03,化学,,,495,171272
7218,兰州城市学院,04,化学,,,497,168396
7218,兰州城市学院,05,化学,,,498,166941
7218,兰州城市学院,06,化学,,,498,166941
7218,兰州城市学院,07,化学,,,497,168396
7219,兰州文理学院,02,化学,,,502,160562
7220,甘肃医学院,01,化学,,,498,166941
7220,甘肃医学院,02,化学,,,524,129360
7222,兰州石化职业技术大学,03,化学,,,499,165555
7223,兰州资源环境职业技术大学,02,不限,,,511,148364
7224,甘肃中医药大学,02,不限,,,579,56236
7224,甘肃中医药大学,03,不限,,,540,106004
7224,甘肃中医药大学,04,化学,,,517,139498
7224,甘肃中医药大学,05,化学,,,536,111744
7224,甘肃中医药大学,06,化学,,,498,166941
7224,甘肃中医药大学,07,化学,,,508,152558
7224,甘肃中医药大学,08,化学,,,506,155379
7301,青海大学,01,化学,,,586,48810
7301,青海大学,02,化学和生物,,,553,86246
7302,青海民族大学,04,化学,,,500,162709
7302,青海民族大学,05,思想政治,,,492,175304
7302,育青海民族大学,06,地理)(中外合作办学,,,456,217438
7303,青海师范大学,02,不限,,,496,169851
7303,青海师范大学,03,化学,,,479,189334
7304,教青海职业技术大学,02,不限,,,489,179304
7305,青海理工学院,01,不限,,,498,166941
7305,青海理工学院,02,化学,,,500,162709
7401,省北方民族大学,03,不限,,,496,169851
7401,北方民族大学,04,化学,,,517,139498
7401,北方民族大学,05,化学,,,522,132287
7401,苏北方民族大学,06,化学,,,499,165555
7401,北方民族大学,07,化学,,,506,155379
7401,江北方民族大学,08,化学,,,516,140984
7401,北方民族大学,09,化学)(中外合作办学,,,506,155379
7402,宁夏大学,03,化学,,,583,51987
7402,宁夏大学,04,化学,,,598,37203
7402,宁夏大学,05,化学,,,586,48810
7402,宁夏大学,06,化学,,,604,31983
7403,宁夏医科大学,01,化学,,,532,117593
7403,宁夏医科大学,02,化学,,,546,97670
7403,宁夏医科大学,03,化学,,,503,159833
7403,宁夏医科大学,04,化学和生物,,,524,129360
7501,新疆大学,03,不限,,,573,62978
7501,新疆大学,04,化学,,,584,50912
7501,新疆大学,05,地理,,,580,55141
7502,新疆师范大学,06,不限,,,493,173957
7502,新疆师范大学,07,不限,,,502,160562
7502,新疆师范大学,08,化学,,,496,169851
7502,新疆师范大学,09,思想政治,,,497,168396
7502,新疆师范大学,10,地理,,,504,158329
7503,新疆农业大学,04,不限,,,492,175304
7503,新疆农业大学,05,不限,,,489,179304
7503,新疆农业大学,06,不限,,,484,185817
7503,新疆农业大学,07,不限,,,485,184547
7503,新疆农业大学,08,化学,,,497,168396
7503,新疆农业大学,09,化学)(中外合作办学,,,456,217438
7504,中国石油大学(北京)克拉玛依校区,01,不限,,,577,58411
7504,中国石油大学(北京)克拉玛依校区,02,化学,,,590,44753
7505,育新疆财经大学,03,不限,,,494,172592
7505,新疆财经大学,04,化学,,,500,162709
7505,新疆财经大学,05,思想政治,,,488,180632
7506,教新疆工业职业技术大学,03,不限,,,486,183287
7506,新疆工业职业技术大学,04,化学,,,489,179304
7506,新疆工业职业技术大学,05,化学,,,485,184547
7506,省新疆工业职业技术大学,06,化学和生物,,,484,185817
7507,昌吉学院,03,不限,,,496,169851
7507,昌吉学院,04,化学,,,492,175304
7508,苏新疆艺术学院,02,不限,,,484,185817
7509,新疆工程学院,01,不限,,,492,175304
7509,江新疆工程学院,02,化学,,,496,169851
7509,新疆工程学院,03,化学,,,495,171272
7509,新疆工程学院,04,化学,,,499,165555
7511,石河子大学,02,不限,,,567,70124
7511,石河子大学,03,化学,,,581,54115
7511,石河子大学,04,化学,,,581,54115
7512,新疆科技学院,03,不限,,,484,185817
7512,新疆科技学院,04,化学,,,489,179304
7512,新疆科技学院,05,化学和生物,,,488,180632
7512,新疆科技学院,06,生物,,,507,153904
7513,新疆理工学院,03,不限,,,489,179304
7513,新疆理工学院,04,化学,,,492,175304
7521,伊犁师范大学,04,不限,,,486,183287
7521,伊犁师范大学,05,化学,,,490,177981
7521,伊犁师范大学,06,生物,,,485,184547
7521,伊犁师范大学,07,地理,,,492,175304
7523,新疆和田学院,04,不限,,,484,185817
7523,新疆和田学院,05,化学,,,486,183287
7526,塔里木大学,02,化学,,,502,160562
7527,新疆医科大学,01,不限,,,551,90718
7527,新疆医科大学,02,化学,,,498,166941
7527,新疆医科大学,03,化学和生物,,,510,149799
7529,喀什大学,03,不限,,,495,171272
7529,喀什大学,04,化学,,,497,168396
7529,喀什大学,05,思想政治,,,493,173957
7531,新疆政法学院,03,不限,,,489,179304
7531,育新疆政法学院,04,化学,,,495,171272
7531,新疆政法学院,05,思想政治,,,490,177981
7544,新疆交通职业技术大学,02,不限,,,488,180632
7548,教新疆工业学院,01,化学,,,487,181943
7548,新疆工业学院,02,化学,,,490,177981
7549,新疆理工职业大学,01,不限,,,489,179304
8001,省上海杉达学院,03,不限,,,494,172592
8001,上海杉达学院,04,化学,,,474,196358
8002,上海建桥学院,04,不限,,,467,206114
8002,苏上海建桥学院,05,化学,,,473,196648
8002,上海建桥学院,06,化学,,,468,203800
8003,江上海兴伟学院,02,不限,,,456,217438
8004,上海视觉艺术学院,02,不限,,,520,135215
8005,上海外国语大学贤达经济人文学院,02,不限,,,456,217438
8005,上海外国语大学贤达经济人文学院,03,化学,,,475,196068
8006,上海师范大学天华学院,03,不限)(中外合作办学,,,457,216493
8006,上海师范大学天华学院,04,不限,,,464,209418
8006,上海师范大学天华学院,05,化学,,,465,208365
8006,上海师范大学天华学院,06,化学,,,475,196068
8006,上海师范大学天华学院,07,化学,,,460,213575
8023,上海立达学院,03,不限,,,457,216493
8023,上海立达学院,04,化学,,,463,210472
8029,上海中侨职业技术大学,03,不限,,,467,206114
8029,上海中侨职业技术大学,04,不限)(中外合作办学,,,456,217438
8030,浙江万里学院,03,不限,,,490,177981
8030,浙江万里学院,04,不限)(中外合作办学,,,456,217438
8030,浙江万里学院,05,化学,,,499,165555
8030,浙江万里学院,06,化学,,,498,166941
8031,浙江树人学院,03,不限,,,461,212550
8031,浙江树人学院,04,不限)(中外合作办学,,,461,212550
8031,浙江树人学院,05,化学,,,467,206114
8032,浙江越秀外国语学院,03,不限,,,457,216493
8032,浙江越秀外国语学院,04,不限)(中外合作办学,,,456,217438
8032,浙江越秀外国语学院,05,化学,,,467,206114
8033,宁波财经学院,02,不限,,,471,201685
8033,宁波财经学院,03,化学,,,471,201685
8036,浙江工业大学之江学院,02,不限,,,475,196068
8036,育浙江工业大学之江学院,03,化学,,,482,188397
8037,浙江师范大学行知学院,02,化学,,,480,189021
8037,浙江师范大学行知学院,03,生物,,,499,165555
8038,教宁波大学科学技术学院,02,不限,,,466,207210
8038,宁波大学科学技术学院,03,化学,,,474,196358
8039,杭州电子科技大学信息工程学院,01,不限,,,509,151167
8039,省杭州电子科技大学信息工程学院,02,化学,,,496,169851
8040,浙江理工大学科技与艺术学院,01,不限,,,466,207210
8040,浙江理工大学科技与艺术学院,02,化学,,,473,196648
8042,苏浙江农林大学暨阳学院,02,不限,,,478,189646
8042,浙江农林大学暨阳学院,03,化学,,,472,196937
8042,江浙江农林大学暨阳学院,04,生物,,,475,196068
8043,温州医科大学仁济学院,01,不限,,,457,216493
8048,浙江工商大学杭州商学院,02,不限,,,477,194611
8048,浙江工商大学杭州商学院,03,化学,,,489,179304
8050,中国计量大学现代科技学院,01,不限,,,589,45767
8050,中国计量大学现代科技学院,02,化学,,,514,143932
8051,浙江财经大学东方学院,02,不限,,,468,203800
8051,浙江财经大学东方学院,03,化学,,,476,195778
8052,温州商学院,03,不限,,,468,203800
8052,温州商学院,04,化学,,,476,195778
8054,上海财经大学浙江学院,02,不限,,,478,189646
8054,上海财经大学浙江学院,03,化学,,,491,176674
8077,浙江广厦建设职业技术大学,01,不限,,,471,201685
8080,安徽三联学院,02,不限,,,468,203800
8080,安徽三联学院,03,化学,,,473,196648
8081,安徽新华学院,02,不限,,,463,210472
8081,安徽新华学院,03,化学,,,468,203800
8082,安徽文达信息工程学院,02,不限,,,467,206114
8083,安徽外国语学院,02,不限,,,466,207210
8084,蚌埠工商学院,02,不限,,,484,185817
8084,蚌埠工商学院,03,化学,,,486,183287
8086,安徽信息工程学院,01,化学,,,479,189334
8087,马鞍山学院,02,不限,,,491,176674
8087,马鞍山学院,03,化学,,,488,180632
8088,合肥城市学院,01,不限,,,463,210472
8088,合肥城市学院,02,化学,,,472,196937
8090,育芜湖学院,02,化学,,,492,175304
8091,安徽医科大学临床医学院,01,不限,,,481,188709
8094,皖江工学院,02,不限,,,468,203800
8094,教皖江工学院,03,不限,,,466,207210
8094,皖江工学院,04,化学,,,468,203800
8094,皖江工学院,05,化学,,,468,203800
8094,省皖江工学院,06,化学,,,474,196358
8120,厦门华厦学院,01,不限,,,456,217438
8120,厦门华厦学院,02,化学,,,466,207210
8121,苏闽南理工学院,01,不限,,,463,210472
8122,闽南科技学院,01,化学,,,473,196648
8124,江厦门工学院,02,不限,,,456,217438
8124,厦门工学院,03,化学)(中外合作办学,,,456,217438
8124,厦门工学院,04,化学,,,468,203800
8125,阳光学院,02,不限,,,456,217438
8125,阳光学院,03,化学,,,462,211501
8126,厦门大学嘉庚学院,04,不限,,,460,213575
8126,厦门大学嘉庚学院,05,不限,,,481,188709
8126,厦门大学嘉庚学院,06,化学,,,483,187151
8126,厦门大学嘉庚学院,07,化学,,,473,196648
8126,厦门大学嘉庚学院,08,化学,,,485,184547
8127,福州大学至诚学院,02,不限,,,459,214584
8127,福州大学至诚学院,03,化学,,,466,207210
8128,集美大学诚毅学院,04,不限,,,468,203800
8128,集美大学诚毅学院,05,不限,,,462,211501
8128,集美大学诚毅学院,06,化学,,,475,196068
8128,集美大学诚毅学院,07,化学,,,478,189646
8130,福州外语外贸学院,02,不限,,,466,207210
8130,福州外语外贸学院,03,化学,,,464,209418
8132,仰恩大学,02,不限,,,482,188397
8133,泉州信息工程学院,01,不限,,,456,217438
8133,泉州信息工程学院,02,化学,,,464,209418
8133,泉州信息工程学院,03,化学)(中外合作办学,,,458,215568
8170,江西科技学院,02,不限,,,462,211501
8170,江西科技学院,03,化学,,,465,208365
8171,江西工程学院,02,化学,,,490,177981
8172,南昌理工学院,02,不限,,,471,201685
8172,育南昌理工学院,03,化学,,,468,203800
8173,江西应用科技学院,02,不限,,,456,217438
8173,江西应用科技学院,03,化学,,,465,208365
8174,教江西服装学院,03,不限)(中外合作办学,,,461,212550
8174,江西服装学院,04,化学,,,461,212550
8175,南昌工学院,05,不限,,,475,196068
8175,省南昌工学院,06,化学,,,466,207210
8176,南昌大学科学技术学院,02,不限,,,476,195778
8176,南昌大学科学技术学院,03,不限,,,473,196648
8176,苏南昌大学科学技术学院,04,化学,,,488,180632
8177,南昌大学共青学院,02,不限,,,464,209418
8177,江南昌大学共青学院,03,化学,,,478,189646
8178,南昌交通学院,02,不限,,,461,212550
8178,南昌交通学院,03,化学,,,472,196937
8180,南昌航空大学科技学院,02,不限,,,476,195778
8180,南昌航空大学科技学院,03,化学,,,483,187151
8183,江西农业大学南昌商学院,03,不限,,,469,202774
8183,江西农业大学南昌商学院,04,化学,,,475,196068
8183,江西农业大学南昌商学院,05,生物,,,475,196068
8185,江西师范大学科学技术学院,02,不限,,,461,212550
8185,江西师范大学科学技术学院,03,化学,,,477,194611
8186,景德镇艺术职业大学,02,不限,,,483,187151
8187,南昌应用技术师范学院,02,化学,,,470,202230
8188,江西财经大学现代经济管理学院,02,不限,,,466,207210
8188,江西财经大学现代经济管理学院,03,不限,,,468,203800
8188,江西财经大学现代经济管理学院,04,化学,,,475,196068
8210,齐鲁医药学院,06,不限,,,481,188709
8210,齐鲁医药学院,07,不限,,,483,187151
8210,齐鲁医药学院,08,不限,,,484,185817
8210,齐鲁医药学院,09,不限,,,488,180632
8210,齐鲁医药学院,10,不限,,,483,187151
8211,青岛滨海学院,02,不限,,,463,210472
8211,青岛滨海学院,03,化学,,,469,202774
8212,烟台南山学院,02,化学,,,471,201685
8212,烟台南山学院,03,化学,,,473,196648
8213,潍坊科技学院,03,不限,,,474,196358
8213,潍坊科技学院,04,化学,,,491,176674
8214,育山东英才学院,02,化学,,,465,208365
8215,青岛恒星科技学院,03,化学,,,465,208365
8215,青岛恒星科技学院,04,化学)(中外合作办学,,,456,217438
8216,教青岛黄海学院,03,不限,,,472,196937
8216,青岛黄海学院,04,化学,,,471,201685
8217,山东现代学院,03,不限,,,461,212550
8217,省山东现代学院,04,化学,,,469,202774
8218,山东协和学院,02,不限,,,465,208365
8218,山东协和学院,03,化学,,,472,196937
8219,苏烟台理工学院,02,化学,,,487,181943
8220,青岛城市学院,03,不限,,,464,209418
8220,江青岛城市学院,04,不限,,,466,207210
8220,青岛城市学院,05,化学,,,477,194611
8220,青岛城市学院,06,化学,,,464,209418
8220,青岛城市学院,07,化学,,,475,196068
8220,青岛城市学院,08,化学,,,472,196937
8223,泰山科技学院,03,不限,,,468,203800
8223,泰山科技学院,04,化学,,,466,207210
8225,青岛工学院,02,不限,,,466,207210
8225,青岛工学院,03,化学,,,466,207210
8226,青岛农业大学海都学院,03,不限,,,485,184547
8226,青岛农业大学海都学院,04,化学,,,472,196937
8227,齐鲁理工学院,02,不限,,,461,212550
8227,齐鲁理工学院,03,化学,,,467,206114
8228,山东财经大学东方学院,02,不限,,,492,175304
8228,山东财经大学东方学院,03,不限,,,477,194611
8228,山东财经大学东方学院,04,化学,,,481,188709
8230,烟台科技学院,02,不限,,,475,196068
8230,烟台科技学院,03,化学,,,485,184547
8249,山东工程职业技术大学,02,不限,,,484,185817
8249,山东工程职业技术大学,03,不限)(中外合作办学,,,472,196937
8260,北京城市学院,02,不限,,,481,188709
8260,北京城市学院,03,化学,,,463,210472
8262,首都师范大学科德学院,02,不限,,,456,217438
8262,首都师范大学科德学院,03,不限,,,456,217438
8262,首都师范大学科德学院,04,化学,,,457,216493
8263,北京金融科技学院,02,不限,,,456,217438
8263,育北京金融科技学院,03,化学,,,457,216493
8264,北京邮电大学世纪学院,02,不限,,,456,217438
8264,北京邮电大学世纪学院,03,化学,,,461,212550
8265,教北京工业大学耿丹学院,02,不限,,,456,217438
8265,北京工业大学耿丹学院,03,化学,,,457,216493
8266,北京第二外国语学院中瑞酒店管理学院,02,不限,,,456,217438
8290,省天津天狮学院,03,不限,,,456,217438
8290,天津天狮学院,04,化学,,,463,210472
8291,天津外国语大学滨海外事学院,02,不限,,,456,217438
8292,苏天津传媒学院,02,化学,,,456,217438
8293,天津商业大学宝德学院,02,不限,,,456,217438
8294,江天津医科大学临床医学院,02,不限,,,456,217438
8297,天津理工大学中环信息学院,02,不限,,,462,211501
8297,天津理工大学中环信息学院,03,化学,,,467,206114
8298,北京科技大学天津学院,02,不限,,,458,215568
8298,北京科技大学天津学院,03,化学,,,465,208365
8299,天津仁爱学院,02,不限,,,456,217438
8299,天津仁爱学院,03,不限,,,456,217438
8299,天津仁爱学院,04,化学,,,463,210472
8299,天津仁爱学院,05,化学,,,457,216493
8299,天津仁爱学院,06,化学,,,463,210472
8301,天津财经大学珠江学院,02,不限,,,458,215568
8301,天津财经大学珠江学院,03,化学,,,473,196648
8312,河北美术学院,02,化学,,,458,215568
8313,河北科技学院,02,不限,,,469,202774
8313,河北科技学院,03,化学,,,470,202230
8314,河北外国语学院,02,不限,,,456,217438
8314,河北外国语学院,03,化学,,,467,206114
8316,华北理工大学轻工学院,02,不限,,,473,196648
8316,华北理工大学轻工学院,03,不限,,,472,196937
8316,华北理工大学轻工学院,04,化学,,,472,196937
8318,河北经贸大学经济管理学院,02,不限,,,472,196937
8320,河北工程大学科信学院,01,不限,,,488,180632
8320,河北工程大学科信学院,02,化学,,,489,179304
8323,石家庄铁道大学四方学院,02,不限,,,487,181943
8323,石家庄铁道大学四方学院,03,化学,,,485,184547
8323,石家庄铁道大学四方学院,04,化学,,,501,161290
8323,育石家庄铁道大学四方学院,05,化学,,,506,155379
8323,石家庄铁道大学四方学院,06,化学,,,492,175304
8324,河北地质大学华信学院,01,不限,,,463,210472
8324,教河北地质大学华信学院,02,化学,,,474,196358
8324,河北地质大学华信学院,03,化学,,,470,202230
8326,保定理工学院,02,不限,,,456,217438
8326,省保定理工学院,03,化学)(中外合作办学,,,456,217438
8326,保定理工学院,04,化学,,,469,202774
8328,北京中医药大学东方学院,02,不限,,,470,202230
8329,苏沧州交通学院,02,不限,,,456,217438
8329,沧州交通学院,03,化学,,,467,206114
8330,江河北东方学院,02,化学,,,475,196068
8360,山西应用科技学院,02,不限,,,461,212550
8363,晋中信息学院,02,化学,,,480,189021
8364,山西晋中理工学院,02,不限,,,486,183287
8364,山西晋中理工学院,03,化学,,,474,196358
8366,山西工商学院,02,不限,,,463,210472
8366,山西工商学院,03,化学,,,476,195778
8379,运城职业技术大学,02,不限,,,494,172592
8401,辽宁对外经贸学院,01,不限,,,456,217438
8401,辽宁对外经贸学院,02,不限,,,456,217438
8401,辽宁对外经贸学院,03,不限,,,456,217438
8402,大连工程学院,01,不限,,,456,217438
8402,大连工程学院,02,化学,,,464,209418
8404,沈阳工学院,02,不限,,,456,217438
8404,沈阳工学院,03,化学,,,473,196648
8405,大连工业大学艺术与信息工程学院,01,化学,,,463,210472
8406,大连科技学院,01,不限,,,456,217438
8406,大连科技学院,02,化学,,,463,210472
8407,沈阳城市建设学院,02,不限,,,456,217438
8407,沈阳城市建设学院,03,化学,,,459,214584
8408,大连医科大学中山学院,03,不限,,,457,216493
8408,大连医科大学中山学院,04,化学,,,466,207210
8408,大连医科大学中山学院,05,化学,,,463,210472
8411,大连财经学院,02,不限,,,456,217438
8412,沈阳城市学院,02,不限,,,456,217438
8412,沈阳城市学院,03,化学,,,459,214584
8416,育大连东软信息学院,02,不限,,,459,214584
8416,大连东软信息学院,03,化学,,,464,209418
8417,辽宁师范大学海华学院,02,不限,,,456,217438
8417,教辽宁师范大学海华学院,03,化学,,,462,211501
8418,辽宁理工职业大学,01,不限,,,460,213575
8418,辽宁理工职业大学,02,化学,,,456,217438
8424,省辽宁传媒学院,01,化学,,,456,217438
8440,吉林外国语大学,05,不限,,,457,216493
8440,吉林外国语大学,06,不限)(中外合作办学,,,456,217438
8440,苏吉林外国语大学,07,不限,,,458,215568
8440,吉林外国语大学,08,不限)(中外合作办学,,,456,217438
8440,江吉林外国语大学,09,化学,,,464,209418
8441,长春光华学院,02,不限,,,456,217438
8441,长春光华学院,03,不限,,,456,217438
8441,长春光华学院,04,化学,,,463,210472
8442,长春工业大学人文信息学院,02,不限,,,456,217438
8442,长春工业大学人文信息学院,03,化学,,,461,212550
8443,长春电子科技学院,02,不限,,,456,217438
8443,长春电子科技学院,03,化学,,,463,210472
8444,长春财经学院,02,不限,,,456,217438
8444,长春财经学院,03,不限)(中外合作办学,,,456,217438
8444,长春财经学院,04,化学,,,461,212550
8445,吉林建筑科技学院,02,不限,,,456,217438
8445,吉林建筑科技学院,03,化学,,,456,217438
8446,长春建筑学院,01,不限,,,456,217438
8446,长春建筑学院,02,化学,,,458,215568
8447,长春科技学院,02,不限,,,456,217438
8447,长春科技学院,03,化学,,,461,212550
8448,吉林动画学院,02,不限,,,456,217438
8448,吉林动画学院,03,化学,,,459,214584
8449,吉林师范大学博达学院,03,不限,,,456,217438
8449,吉林师范大学博达学院,04,不限,,,456,217438
8449,吉林师范大学博达学院,05,化学,,,457,216493
8450,长春大学旅游学院,01,不限,,,456,217438
8450,长春大学旅游学院,02,化学,,,456,217438
8451,长春人文学院,02,不限,,,456,217438
8451,长春人文学院,03,不限,,,456,217438
8451,育长春人文学院,04,化学,,,463,210472
8470,黑龙江东方学院,01,化学,,,460,213575
8470,黑龙江东方学院,02,化学,,,462,211501
8472,教黑龙江财经学院,02,不限,,,456,217438
8472,黑龙江财经学院,03,化学,,,462,211501
8473,哈尔滨石油学院,02,化学,,,476,195778
8474,省哈尔滨广厦学院,02,不限,,,456,217438
8475,哈尔滨华德学院,02,不限,,,456,217438
8475,哈尔滨华德学院,03,化学,,,458,215568
8483,苏黑龙江工商学院,01,不限,,,456,217438
8483,黑龙江工商学院,02,化学,,,459,214584
8484,江哈尔滨信息工程学院,01,化学,,,456,217438
8485,齐齐哈尔工程学院,01,化学,,,460,213575
8486,黑龙江外国语学院,02,化学,,,466,207210
8487,哈尔滨远东理工学院,01,化学,,,458,215568
8489,黑龙江工程学院昆仑旅游学院,01,不限,,,463,210472
8501,黄河科技学院,02,不限,,,477,194611
8501,黄河科技学院,03,化学,,,481,188709
8502,郑州科技学院,02,不限,,,482,188397
8502,郑州科技学院,03,化学,,,497,168396
8504,郑州财经学院,02,不限,,,493,173957
8504,郑州财经学院,03,化学,,,497,168396
8505,商丘工学院,01,化学,,,474,196358
8508,郑州工商学院,02,不限,,,478,189646
8508,郑州工商学院,03,化学,,,478,189646
8510,郑州商学院,02,不限,,,479,189334
8510,郑州商学院,03,化学,,,494,172592
8518,郑州西亚斯学院,02,不限)(中外合作办学,,,456,217438
8550,武汉东湖学院,03,不限,,,461,212550
8550,武汉东湖学院,04,化学,,,467,206114
8551,汉口学院,02,不限,,,463,210472
8552,武昌首义学院,03,不限,,,458,215568
8552,武昌首义学院,04,化学,,,470,202230
8553,武昌理工学院,02,不限,,,456,217438
8553,武昌理工学院,03,化学,,,469,202774
8553,武昌理工学院,04,化学)(中外合作办学,,,456,217438
8554,武汉生物工程学院,03,化学,,,471,201685
8555,育武汉晴川学院,02,不限,,,456,217438
8555,武汉晴川学院,03,化学,,,468,203800
8556,湖北大学知行学院,02,化学,,,479,189334
8556,教湖北大学知行学院,03,化学,,,471,201685
8557,武汉城市学院,02,不限,,,457,216493
8557,武汉城市学院,03,化学,,,470,202230
8558,省三峡大学科技学院,02,不限,,,465,208365
8558,三峡大学科技学院,03,化学,,,474,196358
8559,湖北工业大学工程技术学院,02,化学,,,468,203800
8560,苏武汉工程大学邮电与信息工程学院,02,不限,,,461,212550
8560,武汉工程大学邮电与信息工程学院,03,化学,,,473,196648
8561,江武汉纺织大学外经贸学院,03,不限,,,461,212550
8561,武汉纺织大学外经贸学院,04,不限,,,468,203800
8561,武汉纺织大学外经贸学院,05,化学,,,467,206114
8562,武昌工学院,02,不限,,,460,213575
8562,武昌工学院,03,化学,,,470,202230
8563,武汉工商学院,03,不限,,,462,211501
8563,武汉工商学院,04,不限,,,464,209418
8563,武汉工商学院,05,化学,,,473,196648
8563,武汉工商学院,06,化学,,,475,196068
8565,长江大学文理学院,02,不限,,,471,201685
8565,长江大学文理学院,03,化学,,,472,196937
8568,湖北医药学院药护学院,01,不限,,,462,211501
8570,湖北经济学院法商学院,02,不限,,,459,214584
8570,湖北经济学院法商学院,03,化学,,,474,196358
8571,武汉体育学院体育科技学院,02,不限,,,456,217438
8572,湖北文理学院理工学院,02,不限,,,471,201685
8572,湖北文理学院理工学院,03,化学,,,476,195778
8573,文华学院,02,不限,,,462,211501
8573,文华学院,03,化学,,,470,202230
8574,武汉工程科技学院,03,不限,,,479,189334
8574,武汉工程科技学院,04,化学,,,466,207210
8575,武汉华夏理工学院,02,不限,,,458,215568
8575,武汉华夏理工学院,03,化学,,,466,207210
8576,武汉传媒学院,02,不限,,,461,212550
8576,武汉传媒学院,03,化学,,,473,196648
8577,武汉设计工程学院,02,化学,,,474,196358
8601,育长沙医学院,02,不限,,,474,196358
8601,长沙医学院,03,化学,,,466,207210
8602,湖南涉外经济学院,03,不限,,,456,217438
8602,教湖南涉外经济学院,04,不限,,,456,217438
8602,湖南涉外经济学院,05,化学,,,465,208365
8607,湘潭理工学院,02,不限,,,461,212550
8607,省湘潭理工学院,03,化学,,,468,203800
8609,常德学院,02,化学,,,487,181943
8610,岳阳学院,03,不限,,,457,216493
8610,苏岳阳学院,04,不限,,,466,207210
8610,岳阳学院,05,化学,,,465,208365
8613,江张家界学院,02,不限,,,481,188709
8613,张家界学院,03,化学,,,464,209418
8620,中南林业科技大学涉外学院,02,不限,,,473,196648
8620,中南林业科技大学涉外学院,03,化学,,,478,189646
8640,广东白云学院,02,不限,,,460,213575
8640,广东白云学院,03,化学,,,465,208365
8641,电子科技大学中山学院,01,不限,,,462,211501
8641,电子科技大学中山学院,02,化学,,,477,194611
8641,电子科技大学中山学院,03,化学,,,465,208365
8641,电子科技大学中山学院,04,化学,,,477,194611
8641,电子科技大学中山学院,05,化学,,,473,196648
8642,广东东软学院,01,不限,,,456,217438
8642,广东东软学院,02,化学,,,464,209418
8643,广州城市理工学院,02,不限,,,459,214584
8643,广州城市理工学院,03,化学,,,464,209418
8644,广州软件学院,01,化学,,,464,209418
8644,广州软件学院,02,化学,,,471,201685
8644,广州软件学院,03,化学,,,472,196937
8644,广州软件学院,04,化学,,,469,202774
8644,广州软件学院,05,化学,,,469,202774
8644,广州软件学院,06,化学,,,468,203800
8645,广州南方学院,02,化学,,,462,211501
8645,广州南方学院,03,化学)(中外合作办学,,,456,217438
8646,广东外语外贸大学南国商学院,02,不限,,,457,216493
8646,广东外语外贸大学南国商学院,03,化学,,,475,196068
8648,广州应用科技学院,01,不限,,,456,217438
8648,育广州应用科技学院,02,化学,,,458,215568
8648,广州应用科技学院,03,化学,,,459,214584
8650,珠海科技学院,02,不限,,,497,168396
8650,教珠海科技学院,03,化学,,,510,149799
8651,广州工商学院,02,不限)(中外合作办学,,,456,217438
8651,广州工商学院,03,不限,,,456,217438
8651,省广州工商学院,04,化学,,,462,211501
8652,东莞城市学院,02,化学,,,456,217438
8659,华南农业大学珠江学院,02,不限,,,465,208365
8659,苏华南农业大学珠江学院,03,化学,,,461,212550
8660,湛江科技学院,02,化学,,,460,213575
8661,江广州华立学院,02,不限,,,456,217438
8664,广东工商职业技术大学,02,不限,,,468,203800
8665,广州新华学院,02,不限,,,460,213575
8665,广州新华学院,03,化学,,,465,208365
8668,广东理工学院,02,化学,,,464,209418
8710,南宁学院,03,不限,,,456,217438
8710,南宁学院,04,化学,,,463,210472
8710,南宁学院,05,化学,,,463,210472
8711,北海艺术设计学院,02,不限,,,460,213575
8713,柳州工学院,02,化学,,,457,216493
8714,桂林学院,02,不限,,,457,216493
8714,桂林学院,03,化学,,,464,209418
8715,广西中医药大学赛恩斯新医药学院,01,化学,,,467,206114
8716,桂林信息科技学院,01,不限,,,456,217438
8716,桂林信息科技学院,02,化学,,,462,211501
8717,南宁理工学院,02,不限,,,457,216493
8717,南宁理工学院,03,化学,,,461,212550
8718,广西外国语学院,02,不限,,,456,217438
8718,广西外国语学院,03,不限,,,456,217438
8718,广西外国语学院,04,化学,,,457,216493
8740,海口经济学院,03,不限,,,456,217438
8740,海口经济学院,04,化学,,,456,217438
8741,三亚学院,04,不限,,,456,217438
8741,三亚学院,05,不限,,,456,217438
8741,三亚学院,06,不限)(中外合作办学,,,456,217438
8741,三亚学院,07,化学,,,459,214584
8741,育三亚学院,08,化学)(中外合作办学,,,456,217438
8757,海南科技职业大学,04,不限,,,458,215568
8760,成都东软学院,02,化学)(中外合作办学,,,456,217438
8760,教成都东软学院,03,化学,,,476,195778
8761,电子科技大学成都学院,02,不限,,,498,166941
8761,电子科技大学成都学院,03,化学,,,481,188709
8762,省成都理工大学工程技术学院,02,化学,,,475,196068
8763,四川传媒学院,07,不限,,,490,177981
8763,四川传媒学院,08,不限,,,488,180632
8763,苏四川传媒学院,09,不限,,,479,189334
8763,四川传媒学院,10,不限,,,476,195778
8763,江四川传媒学院,11,不限,,,472,196937
8763,四川传媒学院,12,化学,,,486,183287
8763,四川传媒学院,13,化学,,,481,188709
8763,四川传媒学院,14,化学)(中外合作办学,,,456,217438
8764,成都银杏酒店管理学院,02,不限,,,467,206114
8764,成都银杏酒店管理学院,03,生物,,,466,207210
8765,成都文理学院,02,不限,,,462,211501
8766,四川工商学院,02,化学,,,477,194611
8767,成都外国语学院,02,不限,,,460,213575
8769,成都锦城学院,02,不限,,,468,203800
8769,成都锦城学院,03,化学)(中外合作办学,,,456,217438
8769,成都锦城学院,04,化学,,,491,176674
8770,西南财经大学天府学院,04,不限,,,473,196648
8770,西南财经大学天府学院,05,不限)(中外合作办学,,,456,217438
8770,西南财经大学天府学院,06,不限,,,483,187151
8770,西南财经大学天府学院,07,不限,,,488,180632
8770,西南财经大学天府学院,08,不限,,,481,188709
8770,西南财经大学天府学院,09,化学,,,476,195778
8770,西南财经大学天府学院,10,化学,,,462,211501
8770,西南财经大学天府学院,11,化学,,,465,208365
8771,四川大学锦江学院,04,不限,,,478,189646
8771,四川大学锦江学院,05,化学,,,473,196648
8771,四川大学锦江学院,06,思想政治,,,487,181943
8774,西南交通大学希望学院,02,不限,,,466,207210
8774,西南交通大学希望学院,03,化学,,,472,196937
8781,吉利学院,02,化学,,,475,196068
8801,育重庆城市科技学院,03,不限,,,459,214584
8801,重庆城市科技学院,04,化学,,,469,202774
8802,重庆外语外事学院,02,不限,,,465,208365
8803,教重庆对外经贸学院,02,不限,,,462,211501
8803,重庆对外经贸学院,03,化学,,,471,201685
8804,重庆财经学院,02,不限,,,478,189646
8804,省重庆财经学院,03,化学,,,477,194611
8805,重庆工商大学派斯学院,02,化学,,,472,196937
8806,重庆移通学院,02,不限,,,474,196358
8806,苏重庆移通学院,03,化学,,,473,196648
8806,重庆移通学院,04,化学)(中外合作办学,,,456,217438
8806,江重庆移通学院,05,化学)(中外合作办学,,,456,217438
8808,重庆人文科技学院,02,化学,,,483,187151
8833,四川工业科技学院,01,化学,,,476,195778
8841,贵阳人文科技学院,03,不限,,,470,202230
8841,贵阳人文科技学院,04,化学,,,464,209418
8848,茅台学院,01,不限,,,488,180632
8848,茅台学院,02,化学,,,496,169851
8848,茅台学院,03,化学,,,503,159833
8848,茅台学院,04,化学,,,488,180632
8848,茅台学院,05,化学,,,489,179304
8870,滇池学院,02,不限,,,457,216493
8870,滇池学院,03,化学,,,462,211501
8871,丽江文化旅游学院,03,不限,,,456,217438
8871,丽江文化旅游学院,04,化学,,,458,215568
8872,昆明城市学院,02,不限,,,465,208365
8872,昆明城市学院,03,化学,,,463,210472
8873,昆明医科大学海源学院,02,不限,,,472,196937
8874,昆明传媒学院,02,不限,,,457,216493
8874,昆明传媒学院,03,化学,,,456,217438
8875,昆明文理学院,02,不限,,,459,214584
8875,昆明文理学院,03,化学,,,463,210472
8876,昆明理工大学津桥学院,02,不限,,,456,217438
8876,昆明理工大学津桥学院,03,化学,,,461,212550
8878,云南经济管理学院,02,不限,,,461,212550
8878,云南经济管理学院,03,化学,,,465,208365
8882,云南工商学院,02,化学,,,465,208365
8901,育西安培华学院,03,不限,,,456,217438
8901,西安培华学院,04,不限,,,456,217438
8901,西安培华学院,05,化学,,,471,201685
8901,教西安培华学院,06,化学,,,494,172592
8902,西安欧亚学院,02,不限,,,458,215568
8902,西安欧亚学院,03,化学,,,464,209418
8902,省西安欧亚学院,04,化学)(中外合作办学,,,456,217438
8903,西安外事学院,03,不限,,,461,212550
8903,西安外事学院,04,化学,,,464,209418
8904,苏西安翻译学院,02,不限,,,456,217438
8905,西京学院,03,不限,,,499,165555
8905,江西京学院,04,化学,,,494,172592
8906,西安思源学院,02,不限,,,461,212550
8906,西安思源学院,03,不限,,,463,210472
8906,西安思源学院,04,化学,,,464,209418
8907,陕西国际商贸学院,02,不限,,,458,215568
8910,西安交通大学城市学院,02,不限,,,461,212550
8910,西安交通大学城市学院,03,化学,,,471,201685
8911,西北大学现代学院,02,不限,,,460,213575
8912,西安建筑科技大学华清学院,02,化学,,,469,202774
8913,西安财经大学行知学院,02,不限,,,456,217438
8913,西安财经大学行知学院,03,化学,,,472,196937
8914,西安工商学院,03,不限,,,456,217438
8914,西安工商学院,04,化学,,,465,208365
8915,延安大学西安创新学院,01,不限,,,461,212550
8915,延安大学西安创新学院,02,化学,,,464,209418
8916,西安明德理工学院,02,不限,,,475,196068
8916,西安明德理工学院,03,化学,,,465,208365
8918,西安科技大学高新学院,02,不限,,,459,214584
8918,西安科技大学高新学院,03,化学,,,470,202230
8940,兰州工商学院,03,不限,,,456,217438
8940,兰州工商学院,04,不限,,,456,217438
8941,兰州博文科技学院,02,不限,,,465,208365
8941,兰州博文科技学院,03,化学,,,463,210472
8942,兰州信息科技学院,01,化学,,,468,203800
8970,宁夏理工学院,02,不限,,,460,213575
8970,宁夏理工学院,03,化学,,,458,215568
8970,育宁夏理工学院,04,化学,,,460,213575
8971,宁夏大学新华学院,02,不限,,,460,213575
8971,宁夏大学新华学院,03,化学,,,468,203800
8971,教宁夏大学新华学院,04,化学,,,459,214584
8971,宁夏大学新华学院,05,化学,,,461,212550
8972,银川能源学院,02,不限,,,456,217438
8972,省银川能源学院,03,化学,,,462,211501
8981,新疆天山职业技术大学,02,不限,,,471,201685
9112,香港珠海学院,02,不限,,,456,217438
