code,name,group,major,plan,admit,score,rank
A001,北京大学,,文科试验班类(文科基础类专业),25,,,181
A001,北京大学,,理科试验班类(理科基础类专业),44,,,110
A002,中国人民大学,,社会科学试验班(管理学科类),6,,,1218
A002,中国人民大学,,经济学类,11,,,872
A002,中国人民大学,,新闻传播学类,7,,,1305
A002,中国人民大学,,工商管理类,13,,,1093
A002,中国人民大学,,金融学类,6,,,640
A002,中国人民大学,,法学,8,,,563
A002,中国人民大学,,国际政治,5,,,1312
A002,中国人民大学,,人力资源管理(经管试验班),2,,,999
A002,中国人民大学,,理科试验班类(物理学拔尖班),3,,,1032
A002,中国人民大学,,人工智能(拔尖班),2,,,561
A002,中国人民大学,,政治学、经济学与哲学(PPE实验班),2,,,1044
A002,中国人民大学,,统计学类,8,,,689
A002,中国人民大学,,计算机类,6,,,787
A002,中国人民大学,,数学类(英才班),2,,,830
A002,中国人民大学,,新闻传播学类(国际新闻全英文主辅修实验班),2,,,1286
A002,中国人民大学,,财政学(财政学与数学双主学位项目),2,,,801
A002,中国人民大学,,计算机类(图灵实验班),2,,,629
A002,中国人民大学,,数学类(经济学与数学双主学位项目),2,,,738
A003,清华大学,,理科试验班类(物理基础类),71,,,141
A003,清华大学,,文科试验班类(通用基础类),1,,,4
A003,清华大学,,临床医学类,7,,,88
A004,北京交通大学,,理科试验班类(詹天佑本博直升试点班),10,,,5536
A004,北京交通大学,,电子信息类(通信与控制),17,,,7066
A004,北京交通大学,,计算机类,8,,,5213
A004,北京交通大学,,电气类(含双学士学位项目),7,,,7741
A004,北京交通大学,,软件工程,6,,,5994
A004,北京交通大学,,理科试验班(数学与统计),4,,,8282
A004,北京交通大学,,理科试验班(智能光电与纳米技术),7,,,9336
A004,北京交通大学,,建筑类(建筑与规划),5,,,19694
A004,北京交通大学,,经济管理试验班,13,,,14608
A004,北京交通大学,,外国语言文学类,4,,,18831
A004,北京交通大学,,新闻传播学类,4,,,16176
A004,北京交通大学,,法学,4,,,9832
A004,北京交通大学,,交通运输类(含双学士学位项目),10,,,10246
A004,北京交通大学,,土木类(智慧建造与智能工程，含双学士学位项目),16,,,21151
A004,北京交通大学,,机械类(智能制造与智能装备，含双学士学位项目),15,,,11612
A004,北京交通大学,,纳米材料与技术(中外合作办学),8,,,33862
A004,北京交通大学,,机械电子工程(中外合作办学),6,,,27879
A005,北京工业大学,,新能源科学与工程(新能源和环科双学士学位),2,,,13877
A005,北京工业大学,,机械类,4,,,14217
A005,北京工业大学,,土木类,7,,,24963
A005,北京工业大学,,建筑学,3,,,25607
A005,北京工业大学,,物联网工程(中外合作办学),5,,,29740
A005,北京工业大学,,软件工程(中外合作办学),6,,,26698
A005,北京工业大学,,电子信息工程(中外合作办学),4,,,26431
A006,北京航空航天大学,,工科试验班类(计算机拔尖计划),1,,,438
A006,北京航空航天大学,,理科试验班类(华罗庚数学拔尖计划),1,,,454
A006,北京航空航天大学,,工科试验班类(未来空天领军计划),4,,,621
A006,北京航空航天大学,,理科试验班类(国际卓越工程师试验班),7,,,1205
A006,北京航空航天大学,,工科试验班类(医工交叉试验班),4,,,1115
A006,北京航空航天大学,,工科试验班类(信息类),65,,,1106
A006,北京航空航天大学,,社会科学试验班,11,,,4052
A006,北京航空航天大学,,工科试验班类(中外合作办学，中法航空试验班),8,,,5702
A006,北京航空航天大学,,工科试验班类(航空H航天类),54,,,1441
A006,北京航空航天大学,,理科试验班类,10,,,1335
A007,北京理工大学,,工科试验班(未来精工技术),1,,,713
A007,北京理工大学,,工科试验班(徐特立英才班),20,,,1178
A007,北京理工大学,,工科试验班(宇航与机电类),25,,,1960
A007,北京理工大学,,工科试验班(信息科学技术),49,,,1742
A007,北京理工大学,,工科试验班(电子信息实验班),34,,,1913
A007,北京理工大学,,工科试验班(智能制造与智能车辆菁英班),4,,,1988
A007,北京理工大学,,理科试验班(理学与材料菁英班),6,,,1872
A007,北京理工大学,,会计学(中外合作办学),6,,,17295
A008,北京科技大学,,理科试验班,6,,,7006
A008,北京科技大学,,工科试验班类,9,,,9092
A008,北京科技大学,,理科试验班(纳米科学与工程本博贯通班),2,,,6049
A008,北京科技大学,,材料科学与工程(本博贯通高精尖班),2,,,6329
A008,北京科技大学,,人工智能,6,,,9543
A008,北京科技大学,,材料科学与工程,22,,,15055
A008,北京科技大学,,工商管理类(数智经济与管理试验班),8,,,15402
A008,北京科技大学,,能源动力类(能源、环境专业),14,,,13397
A008,北京科技大学,,自动化类,11,,,10602
A008,北京科技大学,,计算机类,8,,,7188
A008,北京科技大学,,通信工程,6,,,10198
A008,北京科技大学,,储能科学与工程,6,,,13966
A008,北京科技大学,,安全工程,2,,,11815
A008,北京科技大学,,数学类,6,,,10766
A008,北京科技大学,,应用物理学,3,,,10902
A008,北京科技大学,,应用化学,5,,,15625
A008,北京科技大学,,生物技术,4,,,13531
A008,北京科技大学,,社会科学试验班,11,,,16132
A008,北京科技大学,,外国语言文学类,8,,,28717
A008,北京科技大学,,管理科学与工程类(大数据管理试验班),5,,,12295
A008,北京科技大学,,机械类,21,,,13865
A008,北京科技大学,,冶金工程,9,,,18582
A009,北方工业大学,,经济与金融,1,,,32124
A009,北方工业大学,,国际经济与贸易,2,,,40518
A009,北方工业大学,,法学,2,,,24201
A009,北方工业大学,,知识产权,2,,,24142
A009,北方工业大学,,英语,2,,,41773
A009,北方工业大学,,信息与计算科学,2,,,27580
A009,北方工业大学,,机械设计制造及其自动化(创新实验班),3,,,28657
A009,北方工业大学,,机械电子工程(智能制造与新能源汽车),4,,,31591
A009,北方工业大学,,工业设计,1,,,33378
A009,北方工业大学,,储能科学与工程,1,,,35066
A009,北方工业大学,,电气工程及其自动化,5,,,25305
A009,北方工业大学,,电子信息工程,2,,,24620
A009,北方工业大学,,电子信息工程(理工科实验班),2,,,21584
A009,北方工业大学,,通信工程,3,,,26097
A009,北方工业大学,,人工智能,2,,,25698
A009,北方工业大学,,自动化(创新实验班),2,,,26169
A009,北方工业大学,,计算机科学与技术,2,,,21873
A009,北方工业大学,,计算机科学与技术(创新实验班),2,,,20672
A009,北方工业大学,,信息安全,2,,,27987
A009,北方工业大学,,智能建造,3,,,39245
A009,北方工业大学,,智慧交通,2,,,29393
A009,北方工业大学,,建筑学,1,,,24909
A009,北方工业大学,,城乡规划,2,,,39017
A009,北方工业大学,,建筑学(海外交换),1,,,65960
A009,北方工业大学,,数据科学与大数据技术(中外合作办学),3,,,53766
A009,北方工业大学,,土木工程(中外合作办学),2,,,69261
A010,北京化工大学,,工科试验班(宏德书院),5,,,14573
A010,北京化工大学,,化学(基础拔尖),3,,,18196
A010,北京化工大学,,法学(卓越实验班),2,,,14167
A010,北京化工大学,,计算机类,15,,,14050
A010,北京化工大学,,理科试验班(数学、物理电子与管理),15,,,17378
A010,北京化工大学,,英语,2,,,25605
A010,北京化工大学,,化学工程与工艺(化工、大数据双学士学位),4,,,16573
A010,北京化工大学,,生物工程(生工、大数据双学士学位),4,,,17934
A010,北京化工大学,,化学(化学、生工双学士学位),2,,,19166
A010,北京化工大学,,材料科学与工程(材料、大数据双学士学位),2,,,18759
A010,北京化工大学,,工科试验班(绿色化工与生物医药),22,,,21529
A010,北京化工大学,,工科试验班(先进材料与绿色化学),23,,,22987
A010,北京化工大学,,自动化类(高端装备与智能制造),31,,,17077
A010,北京化工大学,,工商管理类(新文科经管法),17,,,24150
A010,北京化工大学,,化工与制药类(中外合作办学)(中法精英工程教育试验班),7,,,37573
A010,北京化工大学,,生物工程(中外合作办学)(中美双学位、生物过程工程),5,,,40019
A010,北京化工大学,,机械设计制造及其自动化(中外合作办学)(中美双学位、机器人方向),6,,,38485
A010,北京化工大学,,工业设计(中外合作办学)(中意设计双学位),2,,,38219
A011,北京工商大学,,会计学(智能会计),6,,,27475
A011,北京工商大学,,物流管理与工程类,5,,,45146
A011,北京工商大学,,法学,5,,,24824
A011,北京工商大学,,香料香精技术与工程,5,,,55782
A011,北京工商大学,,材料类,5,,,56515
A011,北京工商大学,,食品科学与工程类,6,,,46831
A011,北京工商大学,,应用化学(日化方向),5,,,53690
A011,北京工商大学,,化妆品技术与工程,5,,,55851
A011,北京工商大学,,酿酒工程,5,,,59601
A011,北京工商大学,,生物工程,5,,,53776
A011,北京工商大学,,数字经济,5,,,34396
A011,北京工商大学,,经济学,5,,,32876
A011,北京工商大学,,食品科学与工程(中外合作办学)(国际),5,,,110706
A012,北京服装学院,,服装设计与工程,3,,,66739
A012,北京服装学院,,工业设计,2,,,77986
A012,北京服装学院,,高分子材料与工程,6,,,126991
A012,北京服装学院,,轻化工程,5,,,136634
A012,北京服装学院,,传播学,1,,,72222
A012,北京服装学院,,广告学,2,,,70180
A012,北京服装学院,,国际经济与贸易,1,,,84058
A012,北京服装学院,,工商管理类,4,,,89043
A012,北京服装学院,,信息管理与信息系统,2,,,100096
A013,北京邮电大学,,计算机类(元班),11,,,2158
A013,北京邮电大学,,计算机类,15,,,2863
A013,北京邮电大学,,软件工程,11,,,3628
A013,北京邮电大学,,人工智能(大类招生),18,,,4409
A013,北京邮电大学,,自动化类(智能机器人与智慧物流),2,,,4530
A013,北京邮电大学,,工商管理类,4,,,12434
A013,北京邮电大学,,理科试验班(信息科学),3,,,4698
A013,北京邮电大学,,英语,4,,,16461
A013,北京邮电大学,,法学,3,,,8812
A013,北京邮电大学,,智能交互设计,3,,,4667
A013,北京邮电大学,,网络与新媒体,3,,,9338
A013,北京邮电大学,,通信工程(大类招生),20,,,3814
A013,北京邮电大学,,电子信息类,13,,,4096
A013,北京邮电大学,,网络空间安全(大类招生),11,,,4114
A015,北京印刷学院,,印刷工程,3,,,83019
A015,北京印刷学院,,印刷工程(毕昇卓越班),1,,,73378
A015,北京印刷学院,,包装工程,2,,,94564
A015,北京印刷学院,,机械类,3,,,100241
A015,北京印刷学院,,计算机类,9,,,88061
A015,北京印刷学院,,编辑出版学,1,,,38741
A015,北京印刷学院,,编辑出版学(韬奋实验班),1,,,35290
A015,北京印刷学院,,数字出版,1,,,71706
A015,北京印刷学院,,传播学(国际出版实验班),1,,,60611
A015,北京印刷学院,,广告学,2,,,75477
A015,北京印刷学院,,传播学,1,,,57234
A016,北京建筑大学,,建筑学(实验班),1,,,27103
A016,北京建筑大学,,风景园林,1,,,31385
A016,北京建筑大学,,智能建造,2,,,35784
A016,北京建筑大学,,土木工程(实验班),3,,,45274
A016,北京建筑大学,,土木工程(新一代智慧建筑工程),2,,,41876
A016,北京建筑大学,,土木工程(智慧城市道桥工程),1,,,38009
A016,北京建筑大学,,交通工程(智能交通),1,,,31811
A016,北京建筑大学,,建筑环境与能源应用工程(实验班),1,,,41621
A016,北京建筑大学,,建筑环境与能源应用工程,1,,,44954
A016,北京建筑大学,,给排水科学与工程,3,,,48755
A016,北京建筑大学,,环境科学与工程类,1,,,38227
A016,北京建筑大学,,自动化(建筑智能控制与机器人),1,,,28227
A016,北京建筑大学,,电气工程及其自动化(城市电网),1,,,23914
A016,北京建筑大学,,建筑电气与智能化(智能建筑),1,,,29506
A016,北京建筑大学,,工程管理(实验班),1,,,36050
A016,北京建筑大学,,工程管理,1,,,44877
A016,北京建筑大学,,工程造价,1,,,40668
A016,北京建筑大学,,法学,2,,,28042
A016,北京建筑大学,,导航工程,2,,,34775
A017,北京石油化工学院,,化学工程与工艺,5,,,95581
A017,北京石油化工学院,,生物制药,6,,,100219
A017,北京石油化工学院,,机械工程,4,,,91935
A017,北京石油化工学院,,环境工程,8,,,116419
A017,北京石油化工学院,,能源与动力工程,8,,,103534
A017,北京石油化工学院,,新能源科学与工程,5,,,85201
A017,北京石油化工学院,,机器人工程,3,,,74206
A017,北京石油化工学院,,电气工程及其自动化,3,,,69868
A017,北京石油化工学院,,计算机科学与技术,3,,,55040
A017,北京石油化工学院,,物联网工程,2,,,67025
A017,北京石油化工学院,,自动化,5,,,79148
A017,北京石油化工学院,,大数据管理与应用,2,,,81207
A017,北京石油化工学院,,高分子材料与工程,5,,,108228
A017,北京石油化工学院,,材料科学与工程,2,,,110929
A017,北京石油化工学院,,安全工程(实验室管理),6,,,116510
A017,北京石油化工学院,,药物分析,2,,,107580
A019,中国农业大学,,农学,5,,,6689
A019,中国农业大学,,生物科学类,4,,,4683
A019,中国农业大学,,食品科学与工程类,8,,,8906
A019,中国农业大学,,电子信息类,4,,,5667
A019,中国农业大学,,计算机类,3,,,5355
A019,中国农业大学,,数学与应用数学,3,,,7575
A019,中国农业大学,,工程力学,2,,,10814
A019,中国农业大学,,经济学类,4,,,9781
A019,中国农业大学,,法学,3,,,7182
A019,中国农业大学,,社会学类,3,,,9677
A019,中国农业大学,,英语,2,,,12546
A019,中国农业大学,,传播学,2,,,13553
A019,中国农业大学,,农村区域发展,2,,,10435
A019,中国农业大学,,水产养殖学,72,,,38016
A019,中国农业大学,,设施农业科学与工程,74,,,34229
A019,中国农业大学,,市场营销,109,,,37748
A019,中国农业大学,,公共事业管理,80,,,29742
A019,中国农业大学,,电子商务,90,,,37704
A019,中国农业大学,,葡萄与葡萄酒工程,60,,,39143
A019,中国农业大学,,理科试验班类(生命科学),2,,,3373
A019,中国农业大学,,理科试验班(信息科学),2,,,5244
A019,中国农业大学,,园艺,2,,,9722
A019,中国农业大学,,植物保护,3,,,9089
A019,中国农业大学,,环境科学与工程类,4,,,9723
A019,中国农业大学,,动物科学,3,,,11623
A019,中国农业大学,,动物医学类,4,,,10935
A019,中国农业大学,,农业工程类,3,,,9177
A019,中国农业大学,,机械类,4,,,10545
A019,中国农业大学,,水利类,2,,,11730
A019,中国农业大学,,化学类,3,,,9641
A019,中国农业大学,,地理科学类,4,,,12145
A019,中国农业大学,,工商管理类,5,,,9506
A019,中国农业大学,,国际经济与贸易(中外合作办学),5,,,23332
A019,中国农业大学,,传播学(中外合作办学),4,,,28359
A019,中国农业大学,,农林经济管理(中外合作办学),6,,,30658
A020,北京农学院,,生物工程,2,,,89543
A020,北京农学院,,应用化学,2,,,110893
A020,北京农学院,,农业资源与环境,2,,,102536
A020,北京农学院,,园艺,2,,,68556
A020,北京农学院,,动物医学,2,,,41982
A020,北京农学院,,食品科学与工程,4,,,103770
A020,北京农学院,,食品质量与安全,4,,,98145
A020,北京农学院,,酿酒工程,2,,,92226
A020,北京农学院,,法学,2,,,54193
A020,北京农学院,,社会工作,2,,,91488
A020,北京农学院,,农村区域发展(规划),2,,,96097
A020,北京农学院,,会展经济与管理(策划与设计),2,,,99660
A020,北京农学院,,投资学,2,,,112126
A020,北京农学院,,工商管理(品牌管理),2,,,85902
A020,北京农学院,,食品科学与工程(中外合作办学),2,,,122051
A020,北京农学院,,农业资源与环境(中外合作办学),3,,,160249
A022,北京林业大学,,水土保持与荒漠化防治,3,,,29802
A022,北京林业大学,,自然地理与资源环境,3,,,21568
A022,北京林业大学,,土木工程,4,,,30079
A022,北京林业大学,,生物科学类,3,,,19093
A022,北京林业大学,,风景园林,9,,,20808
A022,北京林业大学,,园林,8,,,25917
A022,北京林业大学,,城乡规划,2,,,23554
A022,北京林业大学,,园艺(观赏园艺方向),3,,,28349
A022,北京林业大学,,国际经济与贸易,3,,,24736
A022,北京林业大学,,金融学,3,,,20401
A022,北京林业大学,,统计学,2,,,15284
A022,北京林业大学,,信息管理与信息系统(管理信息方向),2,,,18619
A022,北京林业大学,,机械设计制造及其自动化,5,,,19637
A022,北京林业大学,,车辆工程,5,,,23202
A022,北京林业大学,,自动化,3,,,16868
A022,北京林业大学,,电气工程及其自动化,4,,,15680
A022,北京林业大学,,法学,4,,,15387
A022,北京林业大学,,应用心理学,2,,,16686
A022,北京林业大学,,英语,3,,,24361
A022,北京林业大学,,商务英语,2,,,28226
A022,北京林业大学,,日语,3,,,33261
A022,北京林业大学,,信息管理与信息系统,2,,,20432
A022,北京林业大学,,计算机类,8,,,14876
A022,北京林业大学,,数学与应用数学,4,,,17441
A022,北京林业大学,,电子信息科学与技术,2,,,15062
A022,北京林业大学,,环境科学,2,,,22660
A022,北京林业大学,,环境工程,3,,,30067
A022,北京林业大学,,给排水科学与工程,2,,,28520
A022,北京林业大学,,草业科学(梁希实验班),3,,,27949
A022,北京林业大学,,草坪科学与工程,2,,,33269
A022,北京林业大学,,生物科学(拔尖班),2,,,14744
A022,北京林业大学,,林学类(梁希实验班),2,,,21898
A022,北京林业大学,,水土保持与荒漠化防治(梁希实验班),2,,,28937
A022,北京林业大学,,风景园林(梁希实验班),2,,,13174
A022,北京林业大学,,林业工程类(梁希实验班),2,,,29533
A022,北京林业大学,,林学类,8,,,26989
A022,北京林业大学,,食品科学与工程,5,,,25263
A022,北京林业大学,,工商管理类,10,,,23366
A022,北京林业大学,,林业工程类,10,,,33124
A022,北京林业大学,,木材科学与工程(中外合作办学),3,,,49840
A022,北京林业大学,,生物技术(中外合作办学),2,,,38928
A023,北京协和医学院,,护理学,10,,,24561
A025,首都医科大学,,临床医学(阶平班),2,,,848
A025,首都医科大学,,口腔医学(阶平班),1,,,910
A025,首都医科大学,,临床医学(5+3一体化),5,,,1322
A025,首都医科大学,,儿科学(5+3一体化),2,,,4067
A025,首都医科大学,,口腔医学(5+3一体化),1,,,1203
A025,首都医科大学,,临床医学,4,,,2920
A025,首都医科大学,,精神医学,2,,,8360
A025,首都医科大学,,基础医学,2,,,8857
A025,首都医科大学,,预防医学,3,,,16462
A025,首都医科大学,,临床药学,2,,,11527
A025,首都医科大学,,听力与言语康复学,2,,,30259
A025,首都医科大学,,生物医学工程,1,,,12082
A025,首都医科大学,,康复物理治疗,1,,,22177
A025,首都医科大学,,康复作业治疗,1,,,30653
A025,首都医科大学,,公共事业管理(卫生管理),1,,,45137
A025,首都医科大学,,护理学,2,,,26137
A025,首都医科大学,,助产学,2,,,31318
A026,北京中医药大学,,中医学(领军人才培养计划),1,,,1499
A026,北京中医药大学,,中西医临床医学(华佗班),1,,,1869
A026,北京中医药大学,,中药学(时珍国药班),1,,,7472
A026,北京中医药大学,,中医学(卓越中医儿科班5+3一体化),1,,,6022
A026,北京中医药大学,,中医学(实验班),5,,,7752
A026,北京中医药大学,,中医骨伤科学,2,,,13337
A026,北京中医药大学,,大数据管理与应用,7,,,24242
A026,北京中医药大学,,英语(医学),2,,,35391
A026,北京中医药大学,,英语(中医药国际传播),1,,,23075
A026,北京中医药大学,,护理学,7,,,32861
A026,北京中医药大学,,中医学(卓越5+3一体化),14,,,5896
A026,北京中医药大学,,中医学,8,,,9710
A026,北京中医药大学,,针灸推拿学,8,,,14713
A026,北京中医药大学,,中药学,9,,,20060
A026,北京中医药大学,,中药制药,2,,,20566
A026,北京中医药大学,,药学,2,,,12193
A026,北京中医药大学,,生物工程,2,,,20338
A026,北京中医药大学,,康复治疗学,2,,,20169
A026,北京中医药大学,,公共管理类,5,,,38614
A026,北京中医药大学,,药事管理,1,,,20304
A026,北京中医药大学,,法学(医药卫生),1,,,15354
A027,北京师范大学,,教育学类,7,,,4942
A027,北京师范大学,,戏剧影视文学,3,,,7824
A027,北京师范大学,,人文科学试验班,28,,,3531
A027,北京师范大学,,历史学类,3,,,3786
A027,北京师范大学,,社会科学试验班,28,,,4601
A027,北京师范大学,,数学类,13,,,2324
A027,北京师范大学,,物理学类,22,,,3569
A027,北京师范大学,,理科试验班,33,,,5041
A028,首都师范大学,,中国语言文学类,4,,,15342
A028,首都师范大学,,世界史(外语双学士学位项目),2,,,19856
A028,首都师范大学,,教育学,4,,,20995
A028,首都师范大学,,数学与应用数学(教育部拔尖计划实验班),2,,,14276
A028,首都师范大学,,数学类(数理实验班),2,,,15614
A028,首都师范大学,,光电信息科学与工程,4,,,22949
A028,首都师范大学,,电子信息工程,4,,,18754
A028,首都师范大学,,计算机科学与技术,2,,,16340
A028,首都师范大学,,英语,5,,,21812
A028,首都师范大学,,信息管理与信息系统,2,,,23756
A028,首都师范大学,,劳动与社会保障,4,,,29829
A030,北京外国语大学,,金融学,3,,,10517
A030,北京外国语大学,,国际经济与贸易,2,,,9944
A030,北京外国语大学,,外交学,3,,,8816
A030,北京外国语大学,,国际组织与全球治理,1,,,8500
A030,北京外国语大学,,汉语言文学,2,,,7158
A030,北京外国语大学,,英语,3,,,7327
A030,北京外国语大学,,英语(中国政法大学联合培养涉外法治人才),3,,,4970
A030,北京外国语大学,,英语(中央财经大学金融学专业联合培养),2,,,4298
A030,北京外国语大学,,英语(国别与区域研究),2,,,6626
A030,北京外国语大学,,西班牙语(中国人民大学国际新闻传播专业联合培养),1,,,1919
A030,北京外国语大学,,翻译(外交外事高级翻译),1,,,2452
A030,北京外国语大学,,传播学,2,,,17071
A030,北京外国语大学,,俄语,3,,,32940
A030,北京外国语大学,,德语,2,,,7898
A030,北京外国语大学,,法语,2,,,5295
A030,北京外国语大学,,西班牙语,2,,,7721
A030,北京外国语大学,,日语,3,,,18182
A030,北京外国语大学,,工商管理类,1,,,10928
A031,北京第二外国语学院,,英语(人文交流),2,,,28716
A031,北京第二外国语学院,,日语(人文交流),2,,,54147
A031,北京第二外国语学院,,朝鲜语(人文交流),2,,,192666
A031,北京第二外国语学院,,德语(人文交流),1,,,38263
A031,北京第二外国语学院,,德语(经贸合作),2,,,36321
A031,北京第二外国语学院,,法语(人文交流),2,,,38122
A031,北京第二外国语学院,,西班牙语,1,,,32780
A031,北京第二外国语学院,,葡萄牙语(经贸合作),1,,,42471
A031,北京第二外国语学院,,塞尔维亚语,1,,,38866
A031,北京第二外国语学院,,阿拉伯语,2,,,40597
A031,北京第二外国语学院,,波斯语,1,,,70265
A031,北京第二外国语学院,,翻译(中英法复语),1,,,34581
A031,北京第二外国语学院,,翻译(中英俄复语),1,,,32008
A031,北京第二外国语学院,,旅游管理(数字文旅),1,,,41431
A031,北京第二外国语学院,,旅游管理(旅游规划与开发),1,,,45210
A031,北京第二外国语学院,,酒店管理,2,,,112835
A031,北京第二外国语学院,,市场营销(一带一路营销管理),1,,,41444
A031,北京第二外国语学院,,财务管理(AI财务),1,,,26538
A031,北京第二外国语学院,,国际经济与贸易(国际服务贸易),1,,,35401
A031,北京第二外国语学院,,金融学(资本市场与投融资),1,,,38269
A031,北京第二外国语学院,,贸易经济(国际文化贸易),1,,,40454
A031,北京第二外国语学院,,汉语言文学(多语复合),2,,,24217
A031,北京第二外国语学院,,新闻学(融媒体国际新闻),2,,,37430
A032,北京语言大学,,经济学(经济金融统计与分析),2,,,30550
A032,北京语言大学,,金融学,3,,,31083
A032,北京语言大学,,国际经济与贸易,2,,,35451
A032,北京语言大学,,国际政治,1,,,25650
A032,北京语言大学,,国际事务与国际关系,2,,,30263
A032,北京语言大学,,汉语言文学,3,,,18615
A032,北京语言大学,,汉语国际教育,3,,,25445
A032,北京语言大学,,外国语言文学类,5,,,28390
A032,北京语言大学,,语言学,2,,,28396
A032,北京语言大学,,翻译(本地化),1,,,42370
A032,北京语言大学,,翻译(英语),1,,,22377
A032,北京语言大学,,翻译(汉英法),2,,,26257
A032,北京语言大学,,新闻学(国际新闻传播),1,,,17596
A032,北京语言大学,,网络与新媒体,2,,,23645
A032,北京语言大学,,心理学,1,,,22325
A032,北京语言大学,,会计学,2,,,23380
A032,北京语言大学,,人力资源管理,1,,,27651
A032,北京语言大学,,古典文献学,1,,,19821
A032,北京语言大学,,计算机类,8,,,26774
A033,中国传媒大学,,数字媒体技术(游戏设计技术方向),3,,,7761
A033,中国传媒大学,,广告学,3,,,10741
A033,中国传媒大学,,广告学(计算广告双学士学位复合型人才培养项目),3,,,12309
A033,中国传媒大学,,网络与新媒体(智能融媒体运营方向),3,,,8216
A033,中国传媒大学,,国际新闻与传播,3,,,7117
A033,中国传媒大学,,数字出版,2,,,17790
A033,中国传媒大学,,新闻学(数据新闻方向),3,,,7720
A033,中国传媒大学,,传播学,2,,,11358
A033,中国传媒大学,,传播学(舆情分析方向),3,,,9398
A033,中国传媒大学,,传播学(计算传播方向),3,,,12703
A033,中国传媒大学,,翻译,2,,,13924
A033,中国传媒大学,,汉语言,3,,,11072
A033,中国传媒大学,,通信工程,3,,,11975
A033,中国传媒大学,,广播电视工程(智能视听技术方向),4,,,15554
A033,中国传媒大学,,电子信息工程,3,,,12393
A033,中国传媒大学,,智能装备与系统(演艺工程与智能技术方向),2,,,16438
A033,中国传媒大学,,数字媒体技术,2,,,8971
A033,中国传媒大学,,物联网工程,3,,,13732
A033,中国传媒大学,,智能科学与技术,2,,,11640
A033,中国传媒大学,,数据科学与大数据技术,3,,,13075
A033,中国传媒大学,,计算机科学与技术,2,,,10805
A033,中国传媒大学,,网络空间安全,4,,,13507
A033,中国传媒大学,,文化产业管理,3,,,17803
A033,中国传媒大学,,艺术管理,2,,,21167
A033,中国传媒大学,,大数据管理与应用,2,,,13136
A033,中国传媒大学,,数字经济,3,,,14186
A033,中国传媒大学,,政治学与行政学(国家治理与政治传播方向),2,,,15480
A033,中国传媒大学,,智能科学与技术(中外合作办学),6,,,41924
A033,中国传媒大学,,传播学(中外合作办学),6,,,24689
A033,中国传媒大学,,广告学(中外合作办学),4,,,27024
A034,中央财经大学,,财政学类,7,,,4752
A034,中央财经大学,,金融学类,7,,,1978
A034,中央财经大学,,工商管理类(会计学院),7,,,3425
A034,中央财经大学,,保险学,3,,,7474
A034,中央财经大学,,精算学,4,,,3914
A034,中央财经大学,,统计学类,4,,,3681
A034,中央财经大学,,数学类,4,,,5588
A034,中央财经大学,,经济学类,4,,,3121
A034,中央财经大学,,管理科学与工程类,4,,,7664
A034,中央财经大学,,大数据管理与应用(许国志大数据英才班),5,,,4138
A034,中央财经大学,,投资学,6,,,5697
A034,中央财经大学,,公共管理类,4,,,12452
A034,中央财经大学,,新闻传播学类,2,,,11299
A034,中央财经大学,,计算机类,4,,,4882
A034,中央财经大学,,经济学(数理经济与数理金融),3,,,2759
A034,中央财经大学,,金融学(国际金融与公司理财),3,,,3215
A034,中央财经大学,,财政学(财政理论与政策),3,,,3943
A034,中央财经大学,,工商管理类(商学院),4,,,6889
A034,中央财经大学,,法学(卓越法治人才教育培养计划),3,,,5102
A034,中央财经大学,,国际经济与贸易(中外合作办学)(国际贸易、金融风险管理),8,,,11957
A036,对外经济贸易大学,,金融学类,17,,,6119
A036,对外经济贸易大学,,国际经济与贸易(国际组织人才基地班、与法学双学士学位项目),3,,,4751
A036,对外经济贸易大学,,数字经济,2,,,7051
A036,对外经济贸易大学,,金融工程(量化金融实验班),4,,,4206
A036,对外经济贸易大学,,金融科技,2,,,7135
A036,对外经济贸易大学,,工商管理类,12,,,6874
A036,对外经济贸易大学,,法学类,8,,,4627
A036,对外经济贸易大学,,数据科学与大数据技术,4,,,5822
A036,对外经济贸易大学,,精算学,4,,,6931
A036,对外经济贸易大学,,金融数学,3,,,5882
A036,对外经济贸易大学,,经济统计学,3,,,5265
A036,对外经济贸易大学,,经济学类,6,,,5563
A037,北京物资学院,,经济学(实验班),1,,,55271
A037,北京物资学院,,经济学,1,,,61561
A037,北京物资学院,,金融学(期货与证券实验班),4,,,62898
A037,北京物资学院,,金融学,3,,,63130
A037,北京物资学院,,金融科技,2,,,69232
A037,北京物资学院,,物流管理,3,,,98489
A037,北京物资学院,,物流工程,1,,,130395
A037,北京物资学院,,采购管理,1,,,66026
A037,北京物资学院,,计算机科学与技术(实验班),2,,,45875
A037,北京物资学院,,人工智能,1,,,59878
A037,北京物资学院,,电子商务,1,,,61237
A037,北京物资学院,,商务英语(实验班),2,,,81493
A037,北京物资学院,,会计学(注册会计师),2,,,46423
A037,北京物资学院,,会计学(智能会计),1,,,51260
A037,北京物资学院,,财务管理,1,,,49617
A037,北京物资学院,,数据科学与大数据技术,1,,,49695
A037,北京物资学院,,应用统计学,1,,,55415
A037,北京物资学院,,物流工程(京东科技实验班),1,,,66207
A037,北京物资学院,,大数据管理与应用(中外合作办学),7,,,130675
A038,首都经济贸易大学,,公共管理类,3,,,34027
A038,首都经济贸易大学,,计算机科学与技术,3,,,21910
A038,首都经济贸易大学,,安全工程(注安师),2,,,46632
A038,首都经济贸易大学,,工业工程,2,,,38951
A038,首都经济贸易大学,,金融学(国际金融英文班),3,,,22207
A038,首都经济贸易大学,,工商管理(国际会计),2,,,24851
A038,首都经济贸易大学,,工商管理(实验班),3,,,28794
A038,首都经济贸易大学,,会计学(数智化国际会计),3,,,19646
A038,首都经济贸易大学,,统计学(中外合作办学),5,,,52588
A041,中国人民公安大学,,法学,4,,,9180
A043,北京体育大学,,经济学,2,,,27543
A043,北京体育大学,,马克思主义理论,1,,,22492
A043,北京体育大学,,教育学,1,,,22072
A043,北京体育大学,,运动人体科学,2,,,24023
A043,北京体育大学,,运动康复,1,,,21917
A043,北京体育大学,,智能体育工程,1,,,24822
A043,北京体育大学,,汉语国际教育,1,,,22453
A043,北京体育大学,,英语,2,,,34330
A043,北京体育大学,,新闻学,3,,,27619
A043,北京体育大学,,网络与新媒体,2,,,25680
A043,北京体育大学,,应用心理学,2,,,26708
A043,北京体育大学,,数据科学与大数据技术,3,,,23243
A043,北京体育大学,,体育经济与管理,3,,,31981
A043,北京体育大学,,公共事业管理,1,,,30039
A043,北京体育大学,,旅游管理,2,,,74529
A043,北京体育大学,,汉语言文学,2,,,21108
A043,北京体育大学,,康复物理治疗,3,,,30579
A043,北京体育大学,,俄语(国际体育组织人才实验班),1,,,34502
A043,北京体育大学,,德语(国际体育组织人才实验班),1,,,34402
A043,北京体育大学,,休闲体育(中外合作办学),4,,,107963
A043,北京体育大学,,旅游管理(中外合作办学),4,,,134882
A047,中央美术学院,,艺术史论,3,,,25519
A048,中央戏剧学院,,戏剧影视文学(戏剧创作),3,,,20654
A048,中央戏剧学院,,戏剧影视文学(电视剧创作),3,,,32186
A048,中央戏剧学院,,戏剧学(戏剧史论与批评),3,,,43085
A048,中央戏剧学院,,戏剧教育(师范类),4,,,44448
A048,中央戏剧学院,,艺术管理(演出制作),3,,,57981
A048,中央戏剧学院,,艺术管理(影视制片),3,,,30596
A049,中国戏曲学院,,戏剧影视文学(戏曲文学),2,,,56061
A049,中国戏曲学院,,艺术管理(国际文化交流),3,,,75762
A049,中国戏曲学院,,文化产业管理,1,,,81389
A050,北京电影学院,,数字媒体技术,2,,,15370
A052,中央民族大学,,哲学类,2,,,15399
A052,中央民族大学,,经济学类,20,,,15863
A052,中央民族大学,,法学类,14,,,11894
A052,中央民族大学,,社会学类,4,,,14917
A052,中央民族大学,,民族学,2,,,14001
A052,中央民族大学,,历史学类,2,,,11082
A052,中央民族大学,,历史学,3,,,12757
A052,中央民族大学,,教育学,4,,,16730
A052,中央民族大学,,汉语言文学,4,,,9686
A052,中央民族大学,,汉语国际教育,3,,,14928
A052,中央民族大学,,新闻传播学类,8,,,16400
A052,中央民族大学,,工商管理类,14,,,16801
A052,中央民族大学,,公共管理类,5,,,18338
A052,中央民族大学,,外国语言文学类,5,,,19507
A052,中央民族大学,,日语,3,,,21707
A052,中央民族大学,,信息与计算科学,7,,,15191
A052,中央民族大学,,统计学类,7,,,15903
A052,中央民族大学,,纳米材料与技术,7,,,20277
A052,中央民族大学,,光电信息科学与工程,7,,,14561
A052,中央民族大学,,电子信息类,11,,,13029
A052,中央民族大学,,计算机类,17,,,12285
A052,中央民族大学,,生物科学类,11,,,16787
A052,中央民族大学,,环境科学与工程类,11,,,20820
A052,中央民族大学,,环境科学(中外合作办学),5,,,45862
A052,中央民族大学,,数据科学与大数据技术(中外合作办学),5,,,34086
A053,中国政法大学,,哲学(拔尖创新人才培养实验班),3,,,10046
A053,中国政法大学,,法学,25,,,2996
A053,中国政法大学,,法学(法学人才培养模式改革实验班),14,,,1972
A053,中国政法大学,,法学(涉外法治人才培养实验班),7,,,2251
A053,中国政法大学,,社会工作,1,,,9190
A053,中国政法大学,,汉语言文学,2,,,8276
A053,中国政法大学,,英语(法律英语实验班),4,,,10007
A053,中国政法大学,,翻译(法律翻译实验班),2,,,9413
A053,中国政法大学,,德语(法律德语实验班),3,,,11500
A053,中国政法大学,,网络与新媒体,1,,,7325
A053,中国政法大学,,应用心理学,1,,,8218
A053,中国政法大学,,工商管理,4,,,10968
A053,中国政法大学,,国际商务,3,,,12733
A053,中国政法大学,,行政管理,3,,,10864
A053,中国政法大学,,公共事业管理,1,,,11089
A053,中国政法大学,,国际政治,2,,,8047
A053,中国政法大学,,政治学与行政学,3,,,5718
A053,中国政法大学,,经济学,1,,,7012
A053,中国政法大学,,金融工程(成思危现代金融菁英班),4,,,7619
A053,中国政法大学,,信息管理与信息系统(法治信息管理实验班),2,,,9863
A053,中国政法大学,,法学(北京外国语大学联合培养涉外法治人才),4,,,1340
A054,华北电力大学(北京),,电气类,18,,,6219
A054,华北电力大学(北京),,储能科学与工程,3,,,11974
A054,华北电力大学(北京),,氢能科学与工程,1,,,9557
A054,华北电力大学(北京),,机械工程,1,,,11137
A054,华北电力大学(北京),,材料科学与工程,2,,,13968
A054,华北电力大学(北京),,建筑环境与能源应用工程,1,,,20414
A054,华北电力大学(北京),,测控技术与仪器,2,,,12783
A054,华北电力大学(北京),,计算机类(计算机),8,,,10984
A054,华北电力大学(北京),,计算机类(智能),3,,,11013
A054,华北电力大学(北京),,供应链管理,1,,,16265
A054,华北电力大学(北京),,能源动力类(新能源),5,,,12016
A054,华北电力大学(北京),,水利类,3,,,18510
A054,华北电力大学(北京),,数学类,4,,,13658
A054,华北电力大学(北京),,应用物理学,1,,,14775
A054,华北电力大学(北京),,环境科学与工程类,3,,,21874
A054,华北电力大学(北京),,工商管理类,6,,,21025
A054,华北电力大学(北京),,法学,3,,,15408
A054,华北电力大学(北京),,公共管理类,3,,,22942
A054,华北电力大学(北京),,网络与新媒体,2,,,15611
A054,华北电力大学(北京),,外国语言文学类,1,,,21670
A054,华北电力大学(北京),,碳储科学与工程,1,,,12509
A054,华北电力大学(北京),,电子信息类,5,,,9834
A054,华北电力大学(北京),,能源与动力工程,8,,,13155
A054,华北电力大学(北京),,自动化类,5,,,11378
A054,华北电力大学(北京),,管理科学与工程类,5,,,19824
A054,华北电力大学(北京),,核工程类,6,,,15987
A055,南开大学,,经济学类,11,,,2970
A055,南开大学,,金融学类,8,,,1845
A055,南开大学,,临床医学(5+3一体化),8,,,2315
A055,南开大学,,中国语言文学类,5,,,3894
A055,南开大学,,工商管理类,15,,,4701
A055,南开大学,,理科试验班(数学与大数据),10,,,1569
A055,南开大学,,理科试验班类(物质科学与可持续发展),20,,,3335
A055,南开大学,,工科试验班(信息科学与技术),39,,,2753
A055,南开大学,,理科试验班(物理与光电信息技术工程),21,,,2701
A055,南开大学,,电子商务(中外合作办学),5,,,13840
A056,天津大学,,建筑类,8,,,4580
A056,天津大学,,经济管理试验班,31,,,8720
A056,天津大学,,工科试验班(高新舰船与海洋装备智能设计与管理),15,,,6142
A056,天津大学,,工科试验班(精仪与光电信息类),39,,,4174
A056,天津大学,,工科试验班(电气信息类),30,,,3602
A056,天津大学,,工科试验班(智能与计算类),22,,,3202
A056,天津大学,,理科试验班(生态与环境类),28,,,8695
A056,天津大学,,医学试验班(新医科),20,,,6216
A056,天津大学,,工科试验班(智能制造与建造),33,,,5954
A056,天津大学,,化工与制药类(化工能源与生命医药试验班),20,,,5500
A057,天津科技大学,,智能制造工程,2,,,35553
A057,天津科技大学,,工业设计,3,,,49002
A057,天津科技大学,,自动化,4,,,33944
A057,天津科技大学,,机器人工程,3,,,34886
A057,天津科技大学,,通信工程,4,,,34635
A057,天津科技大学,,电气工程及其自动化,3,,,32053
A057,天津科技大学,,人工智能,2,,,29345
A057,天津科技大学,,计算机科学与技术,5,,,28591
A057,天津科技大学,,软件工程,4,,,30838
A057,天津科技大学,,数据科学与大数据技术,3,,,32692
A057,天津科技大学,,数字媒体技术,4,,,37010
A057,天津科技大学,,高分子材料与工程,4,,,47537
A057,天津科技大学,,材料化学,3,,,59417
A057,天津科技大学,,化学工程与工艺,5,,,51960
A057,天津科技大学,,轻化工程,4,,,53787
A057,天津科技大学,,包装工程,3,,,79626
A057,天津科技大学,,食品科学与工程,3,,,48439
A057,天津科技大学,,食品质量与安全,4,,,59096
A057,天津科技大学,,食品营养与健康,3,,,55520
A057,天津科技大学,,生物工程,3,,,42241
A057,天津科技大学,,制药工程,4,,,47723
A057,天津科技大学,,工业工程,4,,,58984
A057,天津科技大学,,物流管理,4,,,64254
A057,天津科技大学,,国际经济与贸易,3,,,56805
A057,天津科技大学,,财务管理,3,,,46372
A057,天津科技大学,,公共事业管理,4,,,75733
A057,天津科技大学,,法学类,4,,,38512
A057,天津科技大学,,汉语国际教育,5,,,55636
A057,天津科技大学,,英语,4,,,58246
A057,天津科技大学,,日语,5,,,112154
A057,天津科技大学,,翻译,5,,,84802
A057,天津科技大学,,过程装备与控制工程,3,,,54521
A057,天津科技大学,,机械设计制造及其自动化,4,,,40712
A057,天津科技大学,,车辆工程,4,,,43660
A057,天津科技大学,,微电子科学与工程,4,,,35841
A057,天津科技大学,,金融工程,3,,,52024
A057,天津科技大学,,投资学,3,,,59567
A057,天津科技大学,,海洋科学,3,,,56757
A057,天津科技大学,,海洋技术,2,,,56796
A057,天津科技大学,,环境工程,2,,,60792
A057,天津科技大学,,环境科学,2,,,56397
A057,天津科技大学,,生物工程(中外合作办学)(酿造与蒸馏),4,,,98602
A057,天津科技大学,,财务管理(中外合作办学),6,,,70804
A057,天津科技大学,,计算机科学与技术(中外合作办学)(信息处理),6,,,61333
A058,天津工业大学,,纺织工程,6,,,46946
A058,天津工业大学,,非织造材料与工程,3,,,45445
A058,天津工业大学,,轻化工程,4,,,38480
A058,天津工业大学,,服装设计与工程,2,,,52034
A058,天津工业大学,,材料科学与工程,4,,,33694
A058,天津工业大学,,复合材料与工程,4,,,38640
A058,天津工业大学,,无机非金属材料工程,3,,,37384
A058,天津工业大学,,高分子材料与工程,4,,,33008
A058,天津工业大学,,化学工程与工艺,6,,,33113
A058,天津工业大学,,应用化学,2,,,30801
A058,天津工业大学,,制药工程,3,,,30877
A058,天津工业大学,,环境工程,4,,,37284
A058,天津工业大学,,机械工程,6,,,29008
A058,天津工业大学,,工业设计,2,,,29837
A058,天津工业大学,,机械电子工程,6,,,26362
A058,天津工业大学,,智能制造工程,4,,,27365
A058,天津工业大学,,飞行器制造工程,6,,,29105
A058,天津工业大学,,电气工程及其自动化,6,,,23229
A058,天津工业大学,,电子信息工程,6,,,23006
A058,天津工业大学,,通信工程,6,,,23971
A058,天津工业大学,,电子科学与技术,4,,,24582
A058,天津工业大学,,自动化,6,,,24356
A058,天津工业大学,,计算机科学与技术,4,,,20998
A058,天津工业大学,,物联网工程,2,,,22160
A058,天津工业大学,,网络空间安全,6,,,23985
A058,天津工业大学,,软件工程,15,,,23078
A058,天津工业大学,,人工智能,3,,,22413
A058,天津工业大学,,生物医学工程,2,,,29083
A058,天津工业大学,,智能医学工程,3,,,29343
A058,天津工业大学,,数学类,10,,,26110
A058,天津工业大学,,数据科学与大数据技术,4,,,21989
A058,天津工业大学,,光电信息科学与工程,6,,,26866
A058,天津工业大学,,应用物理学,4,,,28644
A058,天津工业大学,,化学生物学,3,,,33343
A058,天津工业大学,,网络与新媒体,4,,,31074
A058,天津工业大学,,英语,4,,,44554
A058,天津工业大学,,金融学,3,,,32706
A058,天津工业大学,,国际经济与贸易,2,,,38473
A058,天津工业大学,,工商管理,2,,,35266
A058,天津工业大学,,会计学,3,,,24958
A058,天津工业大学,,工业工程,2,,,35233
A058,天津工业大学,,信息管理与信息系统,2,,,31297
A058,天津工业大学,,法学,2,,,22327
A058,天津工业大学,,电气工程及其自动化(中外合作办学),10,,,39688
A058,天津工业大学,,通信工程(中外合作办学),12,,,42406
A058,天津工业大学,,信息管理与信息系统(中外合作办学),12,,,51535
A059,中国民航大学,,工科试验班(中欧航空工程师),11,,,25988
A059,中国民航大学,,英语(民航外语),4,,,40186
A059,中国民航大学,,信息与计算科学,5,,,38891
A059,中国民航大学,,应用气象学(航空气象),7,,,35452
A059,中国民航大学,,统计学(民航大数据),4,,,35745
A059,中国民航大学,,工科试验班(航空航天),55,,,45777
A059,中国民航大学,,信息安全,8,,,34675
A059,中国民航大学,,交通工程,5,,,39293
A059,中国民航大学,,交通管理(飞行运行管理),12,,,49013
A059,中国民航大学,,无人驾驶航空器系统工程,8,,,38064
A059,中国民航大学,,工商管理类(航空运输管理),11,,,50162
A059,中国民航大学,,飞行器适航技术,3,,,39757
A059,中国民航大学,,工科试验班(民航安全与应急类),10,,,46802
A059,中国民航大学,,工科试验班(智能与计算机),18,,,34185
A059,中国民航大学,,工科试验班(电子信息与电气自动化),47,,,43641
A059,中国民航大学,,工科试验班(智慧空中交通管制),11,,,37405
A059,中国民航大学,,航空安防管理,4,,,52167
A060,天津理工大学,,计算机科学与技术,2,,,20746
A060,天津理工大学,,信息安全,2,,,22074
A060,天津理工大学,,物联网工程,5,,,26565
A060,天津理工大学,,数据科学与大数据技术,4,,,24526
A060,天津理工大学,,电气工程及其自动化,5,,,25035
A060,天津理工大学,,人工智能,4,,,27266
A060,天津理工大学,,自动化,5,,,28356
A060,天津理工大学,,材料成型及控制工程,3,,,48848
A060,天津理工大学,,功能材料,2,,,53000
A060,天津理工大学,,新能源材料与器件,2,,,43668
A060,天津理工大学,,大数据管理与应用,3,,,30069
A060,天津理工大学,,制药工程,5,,,42091
A060,天津理工大学,,机械电子工程,6,,,36022
A060,天津理工大学,,智能制造工程,4,,,33032
A060,天津理工大学,,能源与动力工程,2,,,32166
A060,天津理工大学,,汉语言文学,6,,,40468
A060,天津理工大学,,英语,4,,,51714
A060,天津理工大学,,日语,6,,,293404
A060,天津理工大学,,社会学,5,,,59962
A060,天津理工大学,,社会工作,5,,,86295
A060,天津理工大学,,电子信息工程,7,,,29226
A060,天津理工大学,,通信工程,7,,,30157
A060,天津理工大学,,集成电路设计与集成系统,7,,,31937
A060,天津理工大学,,土木、水利与海洋工程,2,,,89253
A060,天津理工大学,,计算机科学与技术(中外合作办学),15,,,52687
A060,天津理工大学,,工商管理(中外合作办学),6,,,92919
A060,天津理工大学,,工业工程(中外合作办学),4,,,87152
A061,天津农学院,,菌物科学与工程,2,,,156697
A061,天津农学院,,植物保护,2,,,145109
A061,天津农学院,,设施农业科学与工程,2,,,149190
A061,天津农学院,,林学,1,,,148262
A061,天津农学院,,动物科学,1,,,133332
A061,天津农学院,,动物医学(小动医方向),2,,,99372
A061,天津农学院,,动物药学,2,,,138390
A061,天津农学院,,水产养殖学,3,,,157926
A061,天津农学院,,海洋渔业科学与技术,5,,,164972
A061,天津农学院,,会计学,1,,,77599
A061,天津农学院,,公共事业管理,2,,,125238
A061,天津农学院,,食品科学与工程,2,,,142947
A061,天津农学院,,食品质量与安全,1,,,103948
A061,天津农学院,,测控技术与仪器,1,,,140368
A061,天津农学院,,软件工程,2,,,106911
A061,天津农学院,,水利水电工程,1,,,136446
A061,天津农学院,,工程管理,1,,,147314
A061,天津农学院,,功能材料,1,,,156102
A061,天津农学院,,生物制药,1,,,93021
A061,天津农学院,,文化产业管理,1,,,134018
A061,天津农学院,,酒店管理,3,,,172656
A062,天津医科大学,,临床医学(5+3一体化),5,,,4056
A062,天津医科大学,,临床医学(5+3一体化，儿科学),1,,,5923
A062,天津医科大学,,口腔医学(5+3一体化),3,,,4363
A062,天津医科大学,,临床医学,3,,,5381
A062,天津医科大学,,基础医学(朱宪彝班),1,,,7191
A062,天津医科大学,,麻醉学,1,,,6171
A062,天津医科大学,,医学影像学,2,,,5820
A062,天津医科大学,,眼视光医学,1,,,5363
A062,天津医科大学,,预防医学,2,,,13396
A062,天津医科大学,,智能医学工程,1,,,13936
A062,天津医科大学,,医学技术类,6,,,20011
A062,天津医科大学,,药学类,3,,,16732
A062,天津医科大学,,生物医学工程,1,,,13726
A062,天津医科大学,,护理学,4,,,29864
A062,天津医科大学,,临床医学(5+3一体化，朱宪彝班),2,,,2474
A063,天津中医药大学,,中国语言文学类,2,,,34420
A063,天津中医药大学,,中医学(拔尖创新人才培养模式改革9年制),2,,,6035
A063,天津中医药大学,,中医学(5+3一体化),4,,,9593
A063,天津中医药大学,,中医学(5+3一体化，中医儿科学),2,,,11927
A063,天津中医药大学,,中医学类,8,,,19303
A063,天津中医药大学,,中西医临床医学,3,,,20650
A063,天津中医药大学,,医学技术类,3,,,29493
A063,天津中医药大学,,医学信息工程,3,,,38199
A063,天津中医药大学,,食品卫生与营养学,4,,,45753
A063,天津中医药大学,,康复治疗学,2,,,34919
A063,天津中医药大学,,临床药学,3,,,24954
A063,天津中医药大学,,药学类,6,,,34237
A063,天津中医药大学,,中药学类,7,,,33505
A063,天津中医药大学,,制药工程,4,,,34780
A063,天津中医药大学,,应用心理学,1,,,32569
A063,天津中医药大学,,工商管理类,2,,,45010
A063,天津中医药大学,,公共管理类,3,,,49676
A063,天津中医药大学,,传播学,5,,,49508
A063,天津中医药大学,,临床医学,5,,,19152
A063,天津中医药大学,,中药学(拔尖学生培养基地班),2,,,20630
A063,天津中医药大学,,应用统计学,4,,,40647
A063,天津中医药大学,,预防医学,2,,,35220
A063,天津中医药大学,,临床药学(中外合作办学),6,,,68500
A065,天津师范大学,,汉语言文学(师范类),11,,,24746
A065,天津师范大学,,广告学,2,,,37130
A065,天津师范大学,,历史学(师范类),1,,,21612
A065,天津师范大学,,应用心理学(师范类),2,,,33801
A065,天津师范大学,,教育技术学(师范类),1,,,43405
A065,天津师范大学,,学前教育(师范类),4,,,52525
A065,天津师范大学,,教育学类(师范类),18,,,44296
A065,天津师范大学,,政治学与行政学,2,,,29231
A065,天津师范大学,,法学,2,,,22261
A065,天津师范大学,,英语(师范类),5,,,29821
A065,天津师范大学,,俄语,2,,,73121
A065,天津师范大学,,朝鲜语,1,,,93512
A065,天津师范大学,,计算机科学与技术(师范类),4,,,28116
A065,天津师范大学,,数据科学与大数据技术,2,,,32019
A065,天津师范大学,,软件工程,20,,,44275
A065,天津师范大学,,数学与应用数学(师范类),1,,,25728
A065,天津师范大学,,数据计算及应用,2,,,35727
A065,天津师范大学,,化学(师范类),6,,,28616
A065,天津师范大学,,生物科学(师范类),8,,,30700
A065,天津师范大学,,物理学(师范类),6,,,31618
A065,天津师范大学,,电子信息科学与技术,2,,,32104
A065,天津师范大学,,人工智能(师范类),2,,,36970
A065,天津师范大学,,工商管理,3,,,46362
A065,天津师范大学,,物流管理,3,,,56106
A065,天津师范大学,,市场营销,2,,,96982
A065,天津师范大学,,大数据管理与应用,2,,,33994
A065,天津师范大学,,国际经济与贸易,9,,,60013
A065,天津师范大学,,经济学,2,,,39177
A065,天津师范大学,,应用心理学(创新班),2,,,33326
A066,天津职业技术师范大学,,机械设计制造及其自动化,1,,,80463
A066,天津职业技术师范大学,,材料成型及控制工程,2,,,149031
A066,天津职业技术师范大学,,测控技术与仪器,5,,,138669
A066,天津职业技术师范大学,,人工智能(师范类),2,,,80519
A066,天津职业技术师范大学,,电气工程及其自动化(师范类),1,,,56338
A066,天津职业技术师范大学,,自动化(师范类),8,,,80788
A066,天津职业技术师范大学,,教育技术学(师范类),2,,,84119
A066,天津职业技术师范大学,,软件工程,8,,,88292
A066,天津职业技术师范大学,,网络工程,5,,,93946
A066,天津职业技术师范大学,,数据科学与大数据技术,2,,,81846
A066,天津职业技术师范大学,,教育学(师范类),2,,,78630
A066,天津职业技术师范大学,,劳动教育(师范类),5,,,96020
A066,天津职业技术师范大学,,车辆工程,3,,,113107
A066,天津职业技术师范大学,,汽车服务工程(师范类),4,,,130973
A066,天津职业技术师范大学,,新能源汽车工程(师范类),5,,,88383
A066,天津职业技术师范大学,,交通运输(师范类，城市轨道交通方向),5,,,105352
A066,天津职业技术师范大学,,交通运输(智能交通方向),5,,,111058
A066,天津职业技术师范大学,,应用物理学(师范类),5,,,124001
A066,天津职业技术师范大学,,数学与应用数学(师范类),6,,,89632
A066,天津职业技术师范大学,,信息与计算科学,2,,,98183
A066,天津职业技术师范大学,,英语(师范类),2,,,69814
A066,天津职业技术师范大学,,日语,4,,,272137
A066,天津职业技术师范大学,,电子科学与技术,3,,,106909
A066,天津职业技术师范大学,,微电子科学与工程(师范类),2,,,100202
A066,天津职业技术师范大学,,光电信息科学与工程(师范类),3,,,101724
A066,天津职业技术师范大学,,金融学,2,,,86469
A066,天津职业技术师范大学,,信用管理,4,,,189632
A066,天津职业技术师范大学,,人力资源管理,3,,,104342
A066,天津职业技术师范大学,,财务会计教育(师范类),3,,,74343
A066,天津职业技术师范大学,,物流管理(师范类),3,,,100296
A068,天津外国语大学,,外国语言文学类(英语类),6,,,39638
A068,天津外国语大学,,日语,4,,,88131
A068,天津外国语大学,,俄语,1,,,35560
A068,天津外国语大学,,德语,2,,,41568
A068,天津外国语大学,,法语,2,,,38535
A068,天津外国语大学,,西班牙语,1,,,33405
A068,天津外国语大学,,意大利语,1,,,33946
A068,天津外国语大学,,葡萄牙语,1,,,55845
A068,天津外国语大学,,波兰语,1,,,117792
A068,天津外国语大学,,希腊语,1,,,65827
A068,天津外国语大学,,乌克兰语,1,,,51370
A068,天津外国语大学,,朝鲜语,2,,,95010
A068,天津外国语大学,,阿拉伯语,1,,,125440
A068,天津外国语大学,,斯瓦希里语,1,,,85789
A068,天津外国语大学,,汉语国际教育,2,,,35272
A068,天津外国语大学,,国际经济与贸易,1,,,40147
A068,天津外国语大学,,金融学,2,,,46166
A068,天津外国语大学,,工商管理类,4,,,49259
A068,天津外国语大学,,大数据管理与应用,2,,,50026
A068,天津外国语大学,,法学,2,,,24972
A068,天津外国语大学,,国际政治,1,,,39665
A068,天津外国语大学,,外交学,1,,,37615
A068,天津外国语大学,,国际组织与全球治理,2,,,40410
A068,天津外国语大学,,汉语言文学,1,,,24982
A068,天津外国语大学,,新闻传播学类,1,,,34590
A068,天津外国语大学,,网络与新媒体,1,,,38238
A068,天津外国语大学,,广告学,1,,,44906
A068,天津外国语大学,,数字媒体技术,2,,,36019
A068,天津外国语大学,,经济学(中外合作办学),4,,,73406
A069,天津商业大学,,机械设计制造及其自动化,3,,,61523
A069,天津商业大学,,能源与动力工程,17,,,87150
A069,天津商业大学,,新能源科学与工程,8,,,68488
A069,天津商业大学,,建筑环境与能源应用工程,12,,,147131
A069,天津商业大学,,包装工程,3,,,118205
A069,天津商业大学,,经济学类,4,,,53498
A069,天津商业大学,,宝石及材料工艺学,4,,,113459
A069,天津商业大学,,工商管理类,5,,,67708
A069,天津商业大学,,会计学,3,,,44265
A069,天津商业大学,,食品科学与工程,5,,,91266
A069,天津商业大学,,法学,7,,,40878
A069,天津商业大学,,翻译,4,,,104559
A069,天津商业大学,,智能科学与技术,3,,,57298
A069,天津商业大学,,财务管理(中外合作办学),11,,,86233
A070,天津财经大学,,经济学,4,,,32855
A070,天津财经大学,,财政学类,5,,,30180
A070,天津财经大学,,金融学类,9,,,35792
A070,天津财经大学,,法学,6,,,24236
A070,天津财经大学,,数学与应用数学(经济数学与数学建模),3,,,32482
A070,天津财经大学,,软件工程,3,,,27357
A070,天津财经大学,,数据科学与大数据技术,3,,,27884
A070,天津财经大学,,管理科学与工程类,3,,,46742
A070,天津财经大学,,工商管理类,7,,,44483
A070,天津财经大学,,会计学(注册会计师),5,,,23104
A070,天津财经大学,,会计学,4,,,25404
A070,天津财经大学,,财务管理,2,,,27075
A070,天津财经大学,,国际商务,3,,,43434
A070,天津财经大学,,审计学,2,,,23137
A070,天津财经大学,,物流管理,4,,,53258
A070,天津财经大学,,金融数学,3,,,35414
A070,天津财经大学,,数字经济,4,,,38337
A070,天津财经大学,,大数据管理与应用,2,,,42665
A070,天津财经大学,,金融学(中外合作办学)(能源金融),13,,,68673
A071,天津体育学院,,英语,2,,,128889
A071,天津体育学院,,公共事业管理,3,,,154575
A071,天津体育学院,,新闻学,9,,,131426
A071,天津体育学院,,特殊教育,2,,,112282
A071,天津体育学院,,市场营销,2,,,173625
A071,天津体育学院,,运动康复,7,,,129933
A071,天津体育学院,,应用心理学,2,,,116903
A071,天津体育学院,,康复治疗学,3,,,136312
A071,天津体育学院,,体育经济与管理,5,,,168228
A071,天津体育学院,,学前教育,5,,,160681
A073,天津美术学院,,历史建筑保护工程,3,,,96151
A075,河北大学,,新闻传播学类,2,,,38363
A075,河北大学,,保险学,2,,,56675
A075,河北大学,,国际经济与贸易,3,,,54495
A075,河北大学,,法学,2,,,25632
A075,河北大学,,物理学类,4,,,34465
A075,河北大学,,新能源材料与器件,4,,,45915
A075,河北大学,,光电信息科学与工程,3,,,33704
A075,河北大学,,化学,4,,,42427
A075,河北大学,,材料化学,3,,,51645
A075,河北大学,,环境科学与工程类,3,,,54084
A075,河北大学,,通信工程,2,,,31165
A075,河北大学,,自动化,3,,,34788
A075,河北大学,,土木工程,2,,,58331
A075,河北大学,,广播电视学(中外合作办学),3,,,104526
A075,河北大学,,广告学(中外合作办学),3,,,106829
A076,河北工程大学,,经济学,2,,,79374
A076,河北工程大学,,金融工程,2,,,90882
A076,河北工程大学,,法学,2,,,58770
A076,河北工程大学,,文物与博物馆学,2,,,99575
A076,河北工程大学,,信息与计算科学,2,,,81996
A076,河北工程大学,,应用物理学,2,,,109077
A076,河北工程大学,,应用化学,2,,,116752
A076,河北工程大学,,地理信息科学,2,,,90879
A076,河北工程大学,,应用统计学,2,,,84397
A076,河北工程大学,,能源与动力工程,2,,,82770
A076,河北工程大学,,电气工程及其自动化,2,,,70199
A076,河北工程大学,,电子信息工程,2,,,70759
A076,河北工程大学,,通信工程,2,,,72829
A076,河北工程大学,,光电信息科学与工程,2,,,65590
A076,河北工程大学,,自动化,2,,,73199
A076,河北工程大学,,数据科学与大数据技术,2,,,73740
A076,河北工程大学,,给排水科学与工程,2,,,130280
A076,河北工程大学,,水利水电工程,2,,,80754
A076,河北工程大学,,水文与水资源工程,2,,,112857
A076,河北工程大学,,测绘工程,2,,,119155
A076,河北工程大学,,遥感科学与技术,2,,,118910
A076,河北工程大学,,化学工程与工艺,2,,,114890
A076,河北工程大学,,地质工程,2,,,116498
A076,河北工程大学,,勘查技术与工程,1,,,130217
A076,河北工程大学,,资源勘查工程,2,,,135345
A076,河北工程大学,,采矿工程,2,,,148652
A076,河北工程大学,,农业水利工程,2,,,136247
A076,河北工程大学,,食品科学与工程,2,,,121314
A076,河北工程大学,,建筑学,3,,,112807
A076,河北工程大学,,城乡规划,4,,,129736
A076,河北工程大学,,风景园林,3,,,134518
A076,河北工程大学,,安全工程,2,,,124328
A076,河北工程大学,,园林,3,,,135448
A076,河北工程大学,,临床医学,5,,,82510
A076,河北工程大学,,医学检验技术,4,,,128250
A076,河北工程大学,,医学影像技术,2,,,111464
A076,河北工程大学,,护理学,2,,,100954
A076,河北工程大学,,测控技术与仪器,2,,,109571
A076,河北工程大学,,新能源科学与工程,2,,,96550
A076,河北工程大学,,土木工程,2,,,115294
A076,河北工程大学,,工程力学,2,,,116333
A076,河北工程大学,,交通工程,2,,,98273
A076,河北工程大学,,机器人工程,2,,,77950
A076,河北工程大学,,汉语国际教育,2,,,102874
A076,河北工程大学,,农学,2,,,122721
A076,河北工程大学,,园艺,2,,,147395
A076,河北工程大学,,设施农业科学与工程,2,,,127008
A076,河北工程大学,,计算机科学与技术,2,,,60659
A076,河北工程大学,,软件工程,4,,,65245
A076,河北工程大学,,复合材料与工程,2,,,137152
A076,河北工程大学,,工商管理,2,,,100834
A076,河北工程大学,,智慧水利,2,,,120586
A076,河北工程大学,,土木工程(中外合作办学),10,,,193702
A077,河北地质大学,,地质类,2,,,111572
A077,河北地质大学,,水利类,2,,,94008
A077,河北地质大学,,环境工程,3,,,135022
A077,河北地质大学,,土木类,3,,,134243
A077,河北地质大学,,管理科学与工程类,2,,,122602
A077,河北地质大学,,土地资源管理,2,,,92190
A077,河北地质大学,,地理信息科学,4,,,100720
A077,河北地质大学,,测绘类,2,,,119498
A077,河北地质大学,,材料类,2,,,134731
A077,河北地质大学,,经济学类,10,,,105745
A077,河北地质大学,,工商管理类,4,,,99724
A077,河北地质大学,,物流管理与工程类,9,,,137539
A077,河北地质大学,,旅游地学与规划工程,3,,,156157
A077,河北地质大学,,计算机类,4,,,76320
A077,河北地质大学,,英语,4,,,103017
A077,河北地质大学,,汉语国际教育,6,,,114064
A077,河北地质大学,,公共管理类,6,,,125882
A077,河北地质大学,,金融学(中外合作办学),4,,,149243
A077,河北地质大学,,计算机科学与技术(校企合作),10,,,159241
A078,华北水利水电大学,,水利水电工程,5,,,50991
A078,华北水利水电大学,,水文与水资源工程,5,,,73505
A078,华北水利水电大学,,地质工程,5,,,107256
A078,华北水利水电大学,,材料成型及控制工程,10,,,120477
A078,华北水利水电大学,,土木工程,10,,,108247
A078,华北水利水电大学,,电气工程及其自动化,5,,,54303
A078,华北水利水电大学,,核工程与核技术,5,,,77519
A078,华北水利水电大学,,应用化学,5,,,104306
A078,华北水利水电大学,,国际经济与贸易,5,,,108541
A078,华北水利水电大学,,市场营销,5,,,142466
A078,华北水利水电大学,,物流管理,5,,,117124
A078,华北水利水电大学,,计算机科学与技术,5,,,57657
A078,华北水利水电大学,,软件工程,10,,,63060
A078,华北水利水电大学,,电子信息工程,5,,,62887
A078,华北水利水电大学,,地质工程(中外合作办学)(灾害管理),5,,,180232
A078,华北水利水电大学,,机械设计制造及其自动化(中外合作办学),5,,,140448
A078,华北水利水电大学,,物流管理(中外合作办学),5,,,168171
A078,华北水利水电大学,,土木工程(中外合作办学),5,,,180917
A078,华北水利水电大学,,测绘工程(中外合作办学),5,,,174701
A078,华北水利水电大学,,能源与动力工程(中外合作办学)(热动),5,,,145104
A078,华北水利水电大学,,给排水科学与工程(中外合作办学),5,,,178777
A078,华北水利水电大学,,建筑学(中外合作办学),5,,,146982
A079,华北电力大学(保定),,环境科学与工程类,12,,,30004
A079,华北电力大学(保定),,工商管理类,5,,,26248
A079,华北电力大学(保定),,储能科学与工程,3,,,16952
A079,华北电力大学(保定),,氢能科学与工程,3,,,18117
A079,华北电力大学(保定),,建筑环境与能源应用工程,2,,,27941
A079,华北电力大学(保定),,工业工程,1,,,24113
A079,华北电力大学(保定),,法学,3,,,19018
A079,华北电力大学(保定),,社会工作,3,,,33246
A079,华北电力大学(保定),,行政管理,3,,,33351
A079,华北电力大学(保定),,数学类,7,,,20217
A079,华北电力大学(保定),,应用物理学,3,,,22665
A079,华北电力大学(保定),,外国语言文学类,4,,,38384
A079,华北电力大学(保定),,经济学,3,,,27781
A079,华北电力大学(保定),,电气工程及其自动化,24,,,9940
A079,华北电力大学(保定),,电子信息类,10,,,13894
A079,华北电力大学(保定),,管理科学与工程类,8,,,27404
A079,华北电力大学(保定),,测控技术与仪器,4,,,19319
A079,华北电力大学(保定),,自动化类,7,,,15499
A079,华北电力大学(保定),,计算机类(智能),4,,,15698
A079,华北电力大学(保定),,机械类,21,,,21968
A079,华北电力大学(保定),,能源与动力工程,8,,,17649
A079,华北电力大学(保定),,计算机类(计算机),10,,,15426
A080,河北工业大学,,数学类,2,,,19562
A080,河北工业大学,,应用统计学,2,,,20460
A080,河北工业大学,,机械设计制造及其自动化,2,,,18910
A080,河北工业大学,,测控技术与仪器,2,,,22259
A080,河北工业大学,,能源与动力工程,2,,,21001
A080,河北工业大学,,建筑环境与能源应用工程,2,,,32865
A080,河北工业大学,,电气工程及其自动化,2,,,13452
A080,河北工业大学,,生物工程,2,,,25755
A080,河北工业大学,,制药工程,2,,,24662
A080,河北工业大学,,过程装备与控制工程,2,,,21998
A080,河北工业大学,,应用化学,2,,,23922
A080,河北工业大学,,安全工程,2,,,24097
A080,河北工业大学,,海洋技术,3,,,27256
A080,河北工业大学,,土木工程,2,,,30635
A080,河北工业大学,,道路桥梁与渡河工程,2,,,29803
A080,河北工业大学,,给排水科学与工程,2,,,33061
A080,河北工业大学,,工程管理,2,,,28158
A080,河北工业大学,,会计学,2,,,21496
A080,河北工业大学,,材料成型及控制工程,2,,,25106
A080,河北工业大学,,材料类,2,,,24398
A080,河北工业大学,,法学,2,,,18108
A080,河北工业大学,,公共管理类,2,,,31028
A080,河北工业大学,,汉语国际教育,2,,,23681
A080,河北工业大学,,英语,2,,,30376
A080,河北工业大学,,日语,3,,,76490
A080,河北工业大学,,建筑学,2,,,31225
A080,河北工业大学,,城乡规划,2,,,31885
A080,河北工业大学,,能源与动力工程,2,,,39271
A080,河北工业大学,,电气工程及其自动化,2,,,29336
A080,河北工业大学,,计算机科学与技术,2,,,29435
A080,河北工业大学,,自动化,2,,,16097
A080,河北工业大学,,生物医学工程,3,,,22841
A080,河北工业大学,,环境工程(中外合作办学),2,,,45411
A080,河北工业大学,,应用物理学(中外合作办学),2,,,43335
A080,河北工业大学,,材料物理(中外合作办学)(电子信息材料方向),2,,,44309
A080,河北工业大学,,物联网工程(中外合作办学),2,,,33936
A081,华北理工大学,,安全工程,5,,,103355
A081,华北理工大学,,矿业类,15,,,141360
A081,华北理工大学,,测绘工程,5,,,102034
A081,华北理工大学,,碳储科学与工程,3,,,88519
A081,华北理工大学,,地质工程,5,,,133116
A081,华北理工大学,,材料成型及控制工程,4,,,103799
A081,华北理工大学,,材料类,20,,,144736
A081,华北理工大学,,能源动力类,10,,,71049
A081,华北理工大学,,工业工程,4,,,109012
A081,华北理工大学,,工业设计,3,,,88025
A081,华北理工大学,,过程装备与控制工程,5,,,101039
A081,华北理工大学,,机械设计制造及其自动化,5,,,70687
A081,华北理工大学,,车辆工程,5,,,78096
A081,华北理工大学,,化学,5,,,71048
A081,华北理工大学,,应用化学,8,,,78058
A081,华北理工大学,,化学工程与工艺,8,,,82017
A081,华北理工大学,,能源化学工程,7,,,93052
A081,华北理工大学,,中药学,7,,,101658
A081,华北理工大学,,电子信息工程,3,,,58861
A081,华北理工大学,,智能医学工程,5,,,93260
A081,华北理工大学,,人工智能,4,,,58907
A081,华北理工大学,,集成电路设计与集成系统,3,,,61887
A081,华北理工大学,,计算机科学与技术,4,,,54502
A081,华北理工大学,,数学与应用数学,4,,,65219
A081,华北理工大学,,信息与计算科学,3,,,63545
A081,华北理工大学,,数据科学与大数据技术,2,,,57796
A081,华北理工大学,,应用物理学,2,,,73284
A081,华北理工大学,,智能科学与技术,3,,,62321
A081,华北理工大学,,日语,3,,,119945
A081,华北理工大学,,英语,7,,,88344
A081,华北理工大学,,翻译,4,,,278174
A081,华北理工大学,,汉语国际教育,4,,,95810
A081,华北理工大学,,匈牙利语,3,,,253903
A081,华北理工大学,,法学,3,,,53520
A081,华北理工大学,,工程管理,6,,,122049
A081,华北理工大学,,建筑环境与能源应用工程,3,,,114307
A081,华北理工大学,,建筑学,4,,,95485
A081,华北理工大学,,交通运输,4,,,87040
A081,华北理工大学,,物流工程,6,,,118780
A081,华北理工大学,,土木工程,4,,,95469
A081,华北理工大学,,临床医学,6,,,25316
A081,华北理工大学,,应用心理学,6,,,73109
A081,华北理工大学,,精神医学,9,,,81187
A081,华北理工大学,,环境工程,3,,,101933
A081,华北理工大学,,医疗保险,4,,,166454
A081,华北理工大学,,医学影像学,3,,,36440
A081,华北理工大学,,麻醉学,6,,,42673
A081,华北理工大学,,医学检验技术,6,,,57616
A081,华北理工大学,,预防医学,7,,,79168
A081,华北理工大学,,卫生检验与检疫,4,,,92502
A081,华北理工大学,,医学实验技术,6,,,83415
A081,华北理工大学,,生物科学类,20,,,92214
A081,华北理工大学,,材料化学,5,,,85652
A081,华北理工大学,,高分子材料与工程,7,,,71708
A081,华北理工大学,,无机非金属材料工程,10,,,119456
A081,华北理工大学,,复合材料与工程,7,,,111305
A081,华北理工大学,,测控技术与仪器,5,,,71132
A081,华北理工大学,,电气工程及其自动化,3,,,53398
A081,华北理工大学,,自动化,3,,,51576
A081,华北理工大学,,电子科学与技术,3,,,61582
A081,华北理工大学,,会计学,3,,,46265
A081,华北理工大学,,公共事业管理,3,,,101324
A081,华北理工大学,,信息管理与信息系统,5,,,85560
A081,华北理工大学,,国际经济与贸易,6,,,101723
A081,华北理工大学,,金融学,4,,,70476
A081,华北理工大学,,经济统计学,9,,,86863
A081,华北理工大学,,护理学,4,,,98285
A081,华北理工大学,,康复治疗学,10,,,97879
A081,华北理工大学,,助产学,3,,,131232
A081,华北理工大学,,中医学,5,,,56218
A081,华北理工大学,,针灸推拿学,4,,,84886
A081,华北理工大学,,中西医临床医学,4,,,44092
A081,华北理工大学,,口腔医学,2,,,22028
A081,华北理工大学,,药学,15,,,77832
A081,华北理工大学,,药物制剂,11,,,77166
A081,华北理工大学,,机械设计制造及其自动化(中外合作办学),7,,,157856
A081,华北理工大学,,化学(中外合作办学),6,,,186791
A081,华北理工大学,,电气工程及其自动化(中外合作办学),8,,,133123
A082,河北科技大学,,材料类,5,,,138401
A082,河北科技大学,,电气工程及其自动化,5,,,63358
A082,河北科技大学,,人工智能,5,,,70585
A082,河北科技大学,,机械设计制造及其自动化,5,,,71546
A082,河北科技大学,,电子信息工程,5,,,68006
A082,河北科技大学,,计算机科学与技术,5,,,63065
A082,河北科技大学,,软件工程,5,,,64532
A082,河北科技大学,,工商管理类,10,,,99797
A082,河北科技大学,,应用化学,4,,,90921
A082,河北科技大学,,化学工程与工艺,9,,,118382
A082,河北科技大学,,制药工程,5,,,96878
A082,河北科技大学,,能源化学工程,8,,,119166
A082,河北科技大学,,土木工程,5,,,120130
A082,河北科技大学,,建筑环境与能源应用工程,3,,,133371
A082,河北科技大学,,工程管理,5,,,138199
A082,河北科技大学,,生物科学类,4,,,82912
A082,河北科技大学,,食品科学与工程类,4,,,96167
A082,河北科技大学,,纺织工程,5,,,168813
A082,河北科技大学,,信息管理与信息系统(中外合作办学),4,,,188650
A082,河北科技大学,,金属材料工程(中外合作办学),8,,,211483
A082,河北科技大学,,环境科学(中外合作办学),9,,,191318
A084,河北建筑工程学院,,土木工程,2,,,171780
A084,河北建筑工程学院,,道路桥梁与渡河工程,2,,,180330
A084,河北建筑工程学院,,电子信息工程,2,,,144816
A084,河北建筑工程学院,,建筑电气与智能化,6,,,176412
A084,河北建筑工程学院,,建筑学,1,,,128474
A084,河北建筑工程学院,,城乡规划,2,,,185112
A084,河北建筑工程学院,,工程管理,3,,,195513
A084,河北建筑工程学院,,工程造价,2,,,155450
A084,河北建筑工程学院,,财务管理,2,,,147635
A084,河北建筑工程学院,,能源动力类,6,,,180939
A084,河北建筑工程学院,,给排水科学与工程,2,,,191675
A084,河北建筑工程学院,,环境工程,2,,,188658
A084,河北建筑工程学院,,消防工程,2,,,179160
A084,河北建筑工程学院,,信息与计算科学,2,,,172782
A084,河北建筑工程学院,,理论与应用力学,2,,,196596
A084,河北建筑工程学院,,德语,2,,,194120
A084,河北建筑工程学院,,信息管理与信息系统,2,,,198074
A084,河北建筑工程学院,,信息资源管理,2,,,197719
A084,河北建筑工程学院,,机械设计制造及其自动化,3,,,151627
A084,河北建筑工程学院,,机械电子工程,3,,,167606
A084,河北建筑工程学院,,车辆工程,3,,,167100
A085,河北水利电力学院,,交通运输,5,,,193737
A085,河北水利电力学院,,农业水利工程,5,,,195438
A085,河北水利电力学院,,测绘工程,2,,,186032
A085,河北水利电力学院,,勘查技术与工程,2,,,191520
A085,河北水利电力学院,,建筑学,2,,,195419
A085,河北水利电力学院,,电气工程及其自动化,2,,,157790
A085,河北水利电力学院,,智能电网信息工程,2,,,170163
A085,河北水利电力学院,,电气工程与智能控制,2,,,165170
A085,河北水利电力学院,,土木工程,2,,,190300
A085,河北水利电力学院,,给排水科学与工程,2,,,196204
A085,河北水利电力学院,,建筑电气与智能化,5,,,198137
A085,河北水利电力学院,,城市地下空间工程,2,,,198708
A085,河北水利电力学院,,道路桥梁与渡河工程,2,,,200648
A085,河北水利电力学院,,水利水电工程,2,,,160865
A085,河北水利电力学院,,水文与水资源工程,3,,,177935
A086,河北农业大学,,动植物检疫,5,,,174089
A086,河北农业大学,,园林,5,,,138303
A086,河北农业大学,,动物科学,15,,,174056
A086,河北农业大学,,动物医学,15,,,128773
A086,河北农业大学,,计算机类,15,,,106415
A086,河北农业大学,,电气类,15,,,116495
A086,河北农业大学,,机械类,15,,,132321
A086,河北农业大学,,土木类,10,,,151536
A086,河北农业大学,,机械设计制造及其自动化(中外合作办学),5,,,173411
A089,河北医科大学,,临床医学(5+3一体化),6,,,12002
A089,河北医科大学,,临床医学,9,,,15008
A089,河北医科大学,,麻醉学,2,,,18056
A089,河北医科大学,,精神医学,3,,,27979
A089,河北医科大学,,口腔医学,3,,,15953
A089,河北医科大学,,公共卫生与预防医学类,7,,,52099
A089,河北医科大学,,药学类,3,,,38239
A089,河北医科大学,,护理学类,2,,,67684
A092,河北北方学院,,临床医学,5,,,74937
A092,河北北方学院,,医学影像学,2,,,73463
A092,河北北方学院,,医学检验技术,3,,,120213
A093,承德医学院,,临床医学,4,,,63055
A093,承德医学院,,中西医临床医学,4,,,87783
A093,承德医学院,,护理学,3,,,125429
A093,承德医学院,,生物医学工程,3,,,174069
A094,河北师范大学,,计算机科学与技术,3,,,48185
A094,河北师范大学,,英语,2,,,63816
A094,河北师范大学,,电气工程及其自动化,4,,,55601
A094,河北师范大学,,人文地理与城乡规划,2,,,88928
A094,河北师范大学,,地理信息科学,1,,,47636
A094,河北师范大学,,法学,4,,,38678
A094,河北师范大学,,行政管理,2,,,70349
A094,河北师范大学,,劳动与社会保障,2,,,75814
A094,河北师范大学,,信息安全,3,,,50976
A094,河北师范大学,,智能科学与技术,2,,,50198
A094,河北师范大学,,数据科学与大数据技术,2,,,51482
A094,河北师范大学,,家政学,4,,,139604
A094,河北师范大学,,考古学,2,,,51400
A094,河北师范大学,,外国语言与外国历史,1,,,107769
A094,河北师范大学,,软件工程,12,,,61854
A094,河北师范大学,,金融工程,4,,,79133
A094,河北师范大学,,国际经济与贸易,5,,,104030
A094,河北师范大学,,生物技术,1,,,55720
A094,河北师范大学,,生态学,1,,,62274
A094,河北师范大学,,翻译,1,,,61129
A094,河北师范大学,,汉语言,1,,,35331
A094,河北师范大学,,新闻学,2,,,63734
A094,河北师范大学,,广告学,3,,,128630
A094,河北师范大学,,电子信息工程,3,,,56685
A094,河北师范大学,,人工智能,2,,,58511
A094,河北师范大学,,建筑环境与能源应用工程,6,,,142996
A094,河北师范大学,,地理科学(师范类),1,,,45475
A094,河北师范大学,,学前教育(师范类),4,,,76599
A094,河北师范大学,,历史学(师范类),2,,,43506
A094,河北师范大学,,汉语言文学(师范类),3,,,37774
A094,河北师范大学,,化学(师范类),5,,,51267
A094,河北师范大学,,计算机科学与技术(师范类),1,,,50887
A094,河北师范大学,,生物科学(师范类),2,,,50368
A094,河北师范大学,,数学与应用数学(师范类),8,,,47855
A094,河北师范大学,,英语(师范类),2,,,43248
A094,河北师范大学,,物理学(师范类),5,,,51808
A096,保定学院,,汉语言文学(师范类),1,,,111888
A096,保定学院,,秘书学,1,,,151718
A096,保定学院,,投资学,1,,,175816
A096,保定学院,,历史学(师范类),1,,,103185
A096,保定学院,,文物与博物馆学,1,,,137543
A096,保定学院,,英语(师范类),1,,,134061
A096,保定学院,,日语,1,,,154976
A096,保定学院,,数学与应用数学(师范类),1,,,137204
A096,保定学院,,软件工程,1,,,133218
A096,保定学院,,物理学(师范类),1,,,151095
A096,保定学院,,汽车服务工程,1,,,201519
A096,保定学院,,化学,1,,,174609
A096,保定学院,,生物科学,1,,,148886
A096,保定学院,,环境生态工程,1,,,174549
A096,保定学院,,人文地理与城乡规划,1,,,156726
A096,保定学院,,旅游管理与服务教育,1,,,195053
A096,保定学院,,学前教育(师范类),1,,,135142
A096,保定学院,,特殊教育(师范类),1,,,131868
A096,保定学院,,网络与新媒体,2,,,142322
A096,保定学院,,物流工程,1,,,165314
A096,保定学院,,思想政治教育(师范类),1,,,102052
A098,河北民族师范学院,,汉语言文学(师范类),2,,,125811
A098,河北民族师范学院,,英语(师范类),5,,,151740
A098,河北民族师范学院,,历史学(师范类),5,,,157675
A098,河北民族师范学院,,财务管理,4,,,189740
A099,唐山师范学院,,地理科学(师范类),7,,,155590
A099,唐山师范学院,,旅游管理,5,,,206826
A099,唐山师范学院,,数学与应用数学(师范类),10,,,183518
A099,唐山师范学院,,信息管理与信息系统,5,,,205053
A099,唐山师范学院,,电子信息科学与技术,6,,,194693
A099,唐山师范学院,,园艺,5,,,206849
A100,廊坊师范学院,,汉语言文学,3,,,99613
A100,廊坊师范学院,,英语,4,,,121935
A100,廊坊师范学院,,新闻学,3,,,157668
A100,廊坊师范学院,,数学与应用数学,4,,,150664
A100,廊坊师范学院,,物理学,4,,,166848
A100,廊坊师范学院,,生物科学类,5,,,152662
A100,廊坊师范学院,,材料化学,4,,,194357
A101,衡水学院,,经济与金融,2,,,175583
A101,衡水学院,,国际经济与贸易,2,,,196195
A101,衡水学院,,政治学与行政学,2,,,150152
A101,衡水学院,,社会工作,3,,,195190
A101,衡水学院,,思想政治教育(师范类),2,,,143799
A101,衡水学院,,英语(师范类),3,,,163293
A101,衡水学院,,数学与应用数学(师范类),2,,,173013
A101,衡水学院,,应用化学,2,,,193008
A101,衡水学院,,生物科学(师范类),2,,,160831
A101,衡水学院,,生物技术,2,,,179918
A101,衡水学院,,机械电子工程,3,,,198059
A101,衡水学院,,高分子材料与工程,2,,,200989
A101,衡水学院,,电子信息工程,3,,,188460
A101,衡水学院,,计算机科学与技术,2,,,169358
A101,衡水学院,,网络工程,2,,,186192
A101,衡水学院,,数字媒体技术,3,,,174770
A101,衡水学院,,智能科学与技术,3,,,195945
A101,衡水学院,,化学工程与工艺,2,,,196765
A101,衡水学院,,环境生态工程,3,,,204188
A101,衡水学院,,财务管理,3,,,170353
A101,衡水学院,,电子商务,2,,,185948
A101,衡水学院,,数学与应用数学(中外合作办学),2,,,219741
A102,石家庄学院,,历史学(师范类),5,,,156403
A102,石家庄学院,,数学与应用数学(师范类),8,,,174316
A102,石家庄学院,,物理学(师范类),5,,,177683
A102,石家庄学院,,环境生态工程,5,,,190521
A102,石家庄学院,,思想政治教育(师范类),5,,,140118
A103,邯郸学院,,智能制造工程,11,,,212161
A103,邯郸学院,,电气工程及其自动化,10,,,170721
A103,邯郸学院,,机械设计制造及其自动化,14,,,204921
A103,邯郸学院,,软件工程,8,,,173922
A103,邯郸学院,,网络工程,5,,,191247
A103,邯郸学院,,财务管理,4,,,173199
A103,邯郸学院,,人工智能,8,,,202400
A104,邢台学院,,思想政治教育,5,,,152588
A104,邢台学院,,数学与应用数学,5,,,183566
A104,邢台学院,,财务管理,5,,,172396
A105,沧州师范学院,,汉语言文学(师范类),1,,,123360
A105,沧州师范学院,,思想政治教育(师范类),2,,,127534
A105,沧州师范学院,,英语(师范类),1,,,134661
A105,沧州师范学院,,数学与应用数学(师范类),2,,,159984
A105,沧州师范学院,,物理学(师范类),2,,,167931
A105,沧州师范学院,,生物科学(师范类),2,,,158387
A105,沧州师范学院,,计算机科学与技术,3,,,156765
A105,沧州师范学院,,环境工程,1,,,186056
A105,沧州师范学院,,电气工程及其自动化,1,,,140612
A107,石家庄铁道大学,,土木类,35,,,86867
A107,石家庄铁道大学,,机械类,35,,,61639
A107,石家庄铁道大学,,建筑环境与能源应用工程,4,,,85848
A107,石家庄铁道大学,,工商管理类,12,,,88615
A107,石家庄铁道大学,,法学,3,,,54872
A107,石家庄铁道大学,,汉语言文学,2,,,54606
A107,石家庄铁道大学,,交通运输类,10,,,49872
A107,石家庄铁道大学,,建筑学,4,,,73242
A107,石家庄铁道大学,,材料类,9,,,96555
A107,石家庄铁道大学,,电子信息类,3,,,48371
A107,石家庄铁道大学,,计算机类,16,,,51167
A107,石家庄铁道大学,,安全科学与工程类,7,,,86670
A107,石家庄铁道大学,,工程力学,5,,,76270
A107,石家庄铁道大学,,数学与应用数学,6,,,73213
A107,石家庄铁道大学,,应用物理学,5,,,81111
A107,石家庄铁道大学,,英语,2,,,78984
A107,石家庄铁道大学,,管理科学与工程类,10,,,86818
A107,石家庄铁道大学,,土木工程,8,,,59259
A107,石家庄铁道大学,,机械设计制造及其自动化,3,,,46061
A107,石家庄铁道大学,,电气工程及其自动化,2,,,32653
A107,石家庄铁道大学,,物流管理,9,,,89479
A107,石家庄铁道大学,,自动化,3,,,46622
A107,石家庄铁道大学,,轨道交通信号与控制,1,,,37337
A107,石家庄铁道大学,,电气工程及其自动化,6,,,37396
A108,山西大学,,汉语言文学,10,,,29183
A108,山西大学,,历史学,3,,,30620
A108,山西大学,,哲学类,2,,,31046
A108,山西大学,,政治学类,10,,,38513
A108,山西大学,,英语,3,,,40351
A108,山西大学,,翻译,3,,,62562
A108,山西大学,,日语,2,,,49748
A108,山西大学,,俄语,1,,,57447
A108,山西大学,,德语,2,,,144500
A108,山西大学,,法语,2,,,46175
A108,山西大学,,教育学,4,,,41515
A108,山西大学,,法学,8,,,24263
A108,山西大学,,数学与应用数学,4,,,29472
A108,山西大学,,信息与计算科学,4,,,31005
A108,山西大学,,统计学,6,,,34005
A108,山西大学,,计算机科学与技术,4,,,22593
A108,山西大学,,数据科学与大数据技术,4,,,27125
A108,山西大学,,人工智能,4,,,29601
A108,山西大学,,物理学(国家基地),4,,,23401
A108,山西大学,,光电信息科学与工程,4,,,29840
A108,山西大学,,电子信息类,12,,,30153
A108,山西大学,,自然地理与资源环境,7,,,47883
A108,山西大学,,工商管理类,10,,,50238
A108,山西大学,,新闻传播学类,6,,,42401
A108,山西大学,,电气工程及其自动化,10,,,30152
A108,山西大学,,智慧建筑与建造,5,,,47250
A108,山西大学,,机械电子工程,3,,,33189
A108,山西大学,,测控技术与仪器,5,,,42648
A108,山西大学,,自动化,3,,,27974
A108,山西大学,,考古学,2,,,38763
A109,太原科技大学,,机械设计制造及其自动化,12,,,96930
A109,太原科技大学,,机械电子工程,4,,,94176
A109,太原科技大学,,车辆工程(新能源汽车方向),4,,,93474
A109,太原科技大学,,材料成型及控制工程,8,,,137650
A109,太原科技大学,,焊接技术与工程,2,,,132469
A109,太原科技大学,,材料科学与工程,2,,,116270
A109,太原科技大学,,冶金工程,2,,,160314
A109,太原科技大学,,功能材料,2,,,141126
A109,太原科技大学,,自动化,2,,,76940
A109,太原科技大学,,电气工程及其自动化,4,,,74025
A109,太原科技大学,,电子信息工程,2,,,74550
A109,太原科技大学,,工程力学,2,,,114605
A109,太原科技大学,,光电信息科学与工程,2,,,82227
A109,太原科技大学,,数据计算及应用,2,,,104552
A109,太原科技大学,,应用统计学,2,,,105572
A109,太原科技大学,,环境工程,2,,,145271
A109,太原科技大学,,环境科学,2,,,201506
A109,太原科技大学,,环保设备工程,2,,,142309
A109,太原科技大学,,交通运输,2,,,105729
A109,太原科技大学,,交通工程,2,,,106712
A109,太原科技大学,,化学工程与工艺,2,,,121980
A109,太原科技大学,,过程装备与控制工程,2,,,118696
A109,太原科技大学,,油气储运工程,2,,,115223
A109,太原科技大学,,能源化学工程,2,,,122998
A109,太原科技大学,,计算机科学与技术,2,,,50366
A109,太原科技大学,,软件工程,2,,,58999
A109,太原科技大学,,物联网工程,2,,,70744
A109,太原科技大学,,智能科学与技术,2,,,80887
A109,太原科技大学,,经济学,2,,,90639
A109,太原科技大学,,会计学,2,,,76536
A109,太原科技大学,,信息管理与信息系统,2,,,100566
A109,太原科技大学,,工业工程(标准化方向),2,,,119961
A109,太原科技大学,,日语,4,,,158895
A109,太原科技大学,,应急技术与管理,4,,,153634
A109,太原科技大学,,智能装备与系统,4,,,102293
A110,中北大学,,武器系统与工程,3,,,40619
A110,中北大学,,武器发射工程,3,,,50585
A110,中北大学,,探测制导与控制技术,3,,,49267
A110,中北大学,,弹药工程与爆炸技术,6,,,55606
A110,中北大学,,装甲车辆工程,3,,,55534
A110,中北大学,,智能无人系统技术,2,,,51506
A110,中北大学,,机械设计制造及其自动化,7,,,59002
A110,中北大学,,机械电子工程,5,,,64567
A110,中北大学,,过程装备与控制工程,5,,,69415
A110,中北大学,,智能制造工程,5,,,62920
A110,中北大学,,机器人工程,5,,,60527
A110,中北大学,,包装工程,7,,,140471
A110,中北大学,,材料成型及控制工程,4,,,67893
A110,中北大学,,金属材料工程,6,,,117251
A110,中北大学,,无机非金属材料工程,6,,,113567
A110,中北大学,,高分子材料与工程,8,,,91028
A110,中北大学,,复合材料与工程,6,,,103767
A110,中北大学,,应用化学,10,,,98993
A110,中北大学,,化学工程与工艺,7,,,105477
A110,中北大学,,制药工程,4,,,90472
A110,中北大学,,能源化学工程,5,,,88300
A110,中北大学,,生物工程,8,,,86956
A110,中北大学,,电子信息工程,11,,,50215
A110,中北大学,,通信工程,11,,,53178
A110,中北大学,,光电信息科学与工程,8,,,60361
A110,中北大学,,人工智能,6,,,54265
A110,中北大学,,信息对抗技术,6,,,57988
A110,中北大学,,生物医学工程,2,,,63954
A110,中北大学,,测控技术与仪器,10,,,56477
A110,中北大学,,智能感知工程,3,,,61220
A110,中北大学,,电子科学与技术,7,,,54230
A110,中北大学,,计算机科学与技术,8,,,47114
A110,中北大学,,物联网工程,5,,,51195
A110,中北大学,,数据科学与大数据技术,5,,,52994
A110,中北大学,,数学与应用数学,6,,,64396
A110,中北大学,,信息与计算科学,6,,,64711
A110,中北大学,,统计学,4,,,67813
A110,中北大学,,经济统计学,5,,,74945
A110,中北大学,,国际经济与贸易,3,,,97980
A110,中北大学,,市场营销,3,,,169972
A110,中北大学,,财务管理,7,,,85388
A110,中北大学,,工业工程,2,,,69973
A110,中北大学,,英语,6,,,86521
A110,中北大学,,广播电视学,7,,,106545
A110,中北大学,,土木工程,4,,,112331
A110,中北大学,,城市地下空间工程,5,,,162863
A110,中北大学,,特种能源技术与工程,8,,,67897
A110,中北大学,,环境工程,8,,,108433
A110,中北大学,,安全工程,10,,,79383
A110,中北大学,,电气工程及其自动化,8,,,55383
A110,中北大学,,电气工程与智能控制,7,,,58678
A110,中北大学,,自动化,5,,,54840
A110,中北大学,,轨道交通信号与控制,6,,,66002
A110,中北大学,,车辆工程,2,,,55596
A110,中北大学,,新能源汽车工程,2,,,56191
A110,中北大学,,能源与动力工程,3,,,61506
A110,中北大学,,新能源科学与工程,2,,,60443
A110,中北大学,,工程力学,4,,,72448
A110,中北大学,,飞行器设计与工程,5,,,51554
A110,中北大学,,飞行器制造工程,5,,,53789
A110,中北大学,,应用物理学,8,,,77875
A110,中北大学,,微电子科学与工程,7,,,55950
A110,中北大学,,集成电路设计与集成系统,4,,,57869
A112,太原理工大学,,机械设计制造及其自动化,8,,,24016
A112,太原理工大学,,车辆工程,4,,,23813
A112,太原理工大学,,工业设计,2,,,25866
A112,太原理工大学,,材料成型及控制工程,8,,,30711
A112,太原理工大学,,材料科学与工程,5,,,29825
A112,太原理工大学,,能源与动力工程,2,,,22621
A112,太原理工大学,,自动化,4,,,20920
A112,太原理工大学,,通信工程,4,,,20280
A112,太原理工大学,,电子信息工程,4,,,19437
A112,太原理工大学,,电子科学与技术,1,,,19046
A112,太原理工大学,,建筑学,4,,,37343
A112,太原理工大学,,城乡规划,5,,,38065
A112,太原理工大学,,化学工程与工艺,8,,,30133
A112,太原理工大学,,制药工程,4,,,28843
A112,太原理工大学,,环境工程,8,,,34667
A112,太原理工大学,,建筑环境与能源应用工程,2,,,33002
A112,太原理工大学,,安全工程,4,,,28895
A112,太原理工大学,,城市地下空间工程,4,,,33464
A112,太原理工大学,,测绘工程,4,,,31111
A112,太原理工大学,,地质工程,4,,,33426
A112,太原理工大学,,数学与应用数学,2,,,21583
A112,太原理工大学,,信息与计算科学,2,,,21502
A112,太原理工大学,,统计学,4,,,24350
A112,太原理工大学,,光电信息科学与工程,4,,,21733
A112,太原理工大学,,应用物理学,2,,,24282
A112,太原理工大学,,工程力学,2,,,25807
A112,太原理工大学,,生物医学工程,2,,,24614
A112,太原理工大学,,法学,5,,,20415
A112,太原理工大学,,行政管理,3,,,33357
A112,太原理工大学,,英语,4,,,35856
A112,太原理工大学,,英语(英俄双语方向),2,,,36406
A112,太原理工大学,,英语(英日双语方向),4,,,37916
A112,太原理工大学,,工程管理,2,,,30769
A112,太原理工大学,,会计学,2,,,22392
A112,太原理工大学,,国际经济与贸易,3,,,37488
A112,太原理工大学,,计算机科学与技术,4,,,17477
A112,太原理工大学,,机械电子工程,8,,,24320
A112,太原理工大学,,道路桥梁与渡河工程,2,,,30300
A112,太原理工大学,,思想政治教育,4,,,24298
A112,太原理工大学,,电气工程及其自动化,6,,,18704
A112,太原理工大学,,物流管理,4,,,32404
A112,太原理工大学,,土木工程,4,,,30639
A112,太原理工大学,,数据科学与大数据技术,4,,,20497
A112,太原理工大学,,过程装备与控制工程,2,,,27345
A112,太原理工大学,,机器人工程,2,,,21685
A112,太原理工大学,,飞行器设计与工程,4,,,24081
A112,太原理工大学,,水利水电工程,5,,,30117
A112,太原理工大学,,给排水科学与工程,2,,,32347
A112,太原理工大学,,数学与应用数学(试验班),2,,,20517
A112,太原理工大学,,应用化学,6,,,31370
A112,太原理工大学,,工程力学(试验班),2,,,25123
A112,太原理工大学,,智能感知工程,2,,,22514
A112,太原理工大学,,高分子材料与工程,3,,,29783
A112,太原理工大学,,计算机科学与技术(试验班),2,,,15721
A112,太原理工大学,,化学,2,,,31824
A112,太原理工大学,,集成电路设计与集成系统,4,,,20848
A112,太原理工大学,,物联网工程,2,,,19397
A112,太原理工大学,,网络空间安全,2,,,19761
A112,太原理工大学,,智能测控工程,2,,,22267
A112,太原理工大学,,区块链工程,2,,,21715
A112,太原理工大学,,能源互联网工程,4,,,24783
A112,太原理工大学,,物理学,2,,,26428
A112,太原理工大学,,物理学(试验班),2,,,22961
A112,太原理工大学,,生态学,4,,,37980
A112,太原理工大学,,机械设计制造及其自动化(中外合作办学),10,,,43952
A113,山西农业大学,,农学(卓越人才实验班),2,,,126340
A113,山西农业大学,,农学,10,,,145594
A113,山西农业大学,,智慧农业,2,,,132264
A113,山西农业大学,,植物保护(卓越人才实验班),2,,,128288
A113,山西农业大学,,植物保护,4,,,159425
A113,山西农业大学,,动植物检疫(植物检疫方向),2,,,163908
A113,山西农业大学,,生物农药科学与工程,3,,,176989
A113,山西农业大学,,动物科学(卓越人才实验班),2,,,147106
A113,山西农业大学,,动物科学,8,,,164031
A113,山西农业大学,,经济动物学,5,,,166803
A113,山西农业大学,,动物医学,3,,,107999
A113,山西农业大学,,动植物检疫,5,,,157578
A113,山西农业大学,,兽医公共卫生,1,,,166766
A113,山西农业大学,,草业科学(卓越人才实验班),3,,,172795
A113,山西农业大学,,草业科学,5,,,175409
A113,山西农业大学,,林学(卓越人才实验班),2,,,158825
A113,山西农业大学,,林学类,8,,,173661
A113,山西农业大学,,水土保持与荒漠化防治,5,,,177453
A113,山西农业大学,,生态学,2,,,163987
A113,山西农业大学,,园林,2,,,157786
A113,山西农业大学,,土地资源管理(卓越人才实验班),2,,,133477
A113,山西农业大学,,土地资源管理,1,,,136763
A113,山西农业大学,,环境科学,5,,,165911
A113,山西农业大学,,土地整治工程,3,,,178162
A113,山西农业大学,,地理信息科学,5,,,118811
A113,山西农业大学,,农业资源与环境,2,,,165930
A113,山西农业大学,,园艺(花卉与景观设计方向，卓越人才实验班),2,,,147322
A113,山西农业大学,,园艺,15,,,175009
A113,山西农业大学,,农业机械化及其自动化(卓越人才实验班),2,,,130179
A113,山西农业大学,,农业机械化及其自动化,5,,,137794
A113,山西农业大学,,机械设计制造及其自动化,2,,,131402
A113,山西农业大学,,电气工程及其自动化,5,,,109934
A113,山西农业大学,,农业电气化,5,,,157906
A113,山西农业大学,,农业智能装备工程,2,,,158744
A113,山西农业大学,,食品科学与工程(卓越人才实验班),2,,,143545
A113,山西农业大学,,食品质量与安全(卓越人才实验班),2,,,133230
A113,山西农业大学,,食品科学与工程,5,,,147461
A113,山西农业大学,,食品质量与安全,5,,,134942
A113,山西农业大学,,葡萄与葡萄酒工程,3,,,174573
A113,山西农业大学,,食用菌科学与工程,5,,,170699
A113,山西农业大学,,农林经济管理(卓越人才实验班),2,,,133209
A113,山西农业大学,,农林经济管理,2,,,134029
A113,山西农业大学,,国际经济与贸易,1,,,130628
A113,山西农业大学,,农村区域发展,1,,,134027
A113,山西农业大学,,物流管理,2,,,151512
A113,山西农业大学,,市场营销,2,,,152904
A113,山西农业大学,,电子信息科学与技术,2,,,112236
A113,山西农业大学,,计算机科学与技术,2,,,109254
A113,山西农业大学,,网络工程,3,,,116876
A113,山西农业大学,,物联网工程,2,,,119021
A113,山西农业大学,,机器人工程,2,,,120276
A113,山西农业大学,,法学,2,,,83342
A113,山西农业大学,,行政管理,2,,,131748
A113,山西农业大学,,公共事业管理,2,,,148656
A113,山西农业大学,,生物科学(卓越人才实验班),2,,,142107
A113,山西农业大学,,生物科学类,10,,,157369
A113,山西农业大学,,中药资源与开发,6,,,165489
A113,山西农业大学,,数据科学与大数据技术,3,,,118166
A113,山西农业大学,,智能科学与技术,2,,,119977
A113,山西农业大学,,土木工程,6,,,168463
A113,山西农业大学,,城乡规划,5,,,144461
A113,山西农业大学,,风景园林,5,,,148575
A113,山西农业大学,,农业水利工程,5,,,159483
A113,山西农业大学,,应用化学,5,,,159736
A113,山西农业大学,,信息与计算科学,4,,,131160
A113,山西农业大学,,英语,2,,,125386
A114,山西医科大学,,临床医学(5+3一体化),4,,,15515
A114,山西医科大学,,临床医学(5+3一体化，儿科学),2,,,19207
A114,山西医科大学,,临床医学,4,,,19589
A114,山西医科大学,,基础医学,2,,,49931
A114,山西医科大学,,麻醉学,1,,,22460
A114,山西医科大学,,医学影像学,1,,,27527
A114,山西医科大学,,眼视光医学,1,,,25780
A114,山西医科大学,,精神医学,1,,,43776
A114,山西医科大学,,儿科学,1,,,27384
A114,山西医科大学,,口腔医学,2,,,21274
A114,山西医科大学,,预防医学,3,,,66925
A114,山西医科大学,,药学,4,,,43393
A114,山西医科大学,,临床药学,3,,,38430
A114,山西医科大学,,中药学,3,,,64678
A114,山西医科大学,,法医学,2,,,38118
A114,山西医科大学,,医学检验技术,2,,,65114
A114,山西医科大学,,医学影像技术,3,,,68165
A114,山西医科大学,,康复治疗学,2,,,68285
A114,山西医科大学,,卫生检验与检疫,3,,,136291
A114,山西医科大学,,护理学,3,,,76791
A114,山西医科大学,,智能医学工程,3,,,107527
A114,山西医科大学,,生物医学工程(临床工程),3,,,72373
A114,山西医科大学,,信息管理与信息系统(医学信息学方向),2,,,100547
A114,山西医科大学,,社会工作,3,,,140183
A114,山西医科大学,,公共事业管理(卫生事业管理方向),3,,,129454
A114,山西医科大学,,生物制药,3,,,55498
A114,山西医科大学,,运动康复,3,,,103022
A114,山西医科大学,,眼视光学,3,,,71051
A114,山西医科大学,,临床医学,2,,,27791
A114,山西医科大学,,口腔医学,1,,,29120
A114,山西医科大学,,医学影像学,1,,,29388
A114,山西医科大学,,麻醉学,1,,,33634
A114,山西医科大学,,眼视光医学,1,,,34655
A114,山西医科大学,,预防医学,1,,,170153
A114,山西医科大学,,医学检验技术,2,,,88455
A114,山西医科大学,,医学实验技术,1,,,304078
A114,山西医科大学,,眼视光学,1,,,63095
A114,山西医科大学,,康复治疗学,1,,,141921
A114,山西医科大学,,护理学,4,,,112030
A114,山西医科大学,,助产学,2,,,89425
A114,山西医科大学,,健康服务与管理,2,,,156121
A117,长治医学院,,临床医学,16,,,90554
A117,长治医学院,,麻醉学,1,,,74012
A117,长治医学院,,医学影像学,1,,,71621
A117,长治医学院,,精神医学,1,,,97492
A117,长治医学院,,口腔医学,3,,,53363
A117,长治医学院,,预防医学,1,,,113989
A117,长治医学院,,药学,2,,,131010
A117,长治医学院,,中药学,1,,,117695
A117,长治医学院,,医学检验技术,1,,,120321
A117,长治医学院,,医学影像技术,1,,,115860
A117,长治医学院,,康复治疗学,1,,,122553
A117,长治医学院,,护理学,3,,,152157
A117,长治医学院,,助产学,1,,,139174
A117,长治医学院,,信息管理与信息系统,1,,,194488
A117,长治医学院,,传播学,2,,,183987
A117,长治医学院,,应用心理学,1,,,80028
A117,长治医学院,,生物医学工程,3,,,175348
A118,山西师范大学,,经济学,2,,,81731
A118,山西师范大学,,法学,2,,,50693
A118,山西师范大学,,社会学,2,,,79858
A118,山西师范大学,,思想政治教育(师范类),2,,,53748
A118,山西师范大学,,教育学(师范类),2,,,61756
A118,山西师范大学,,教育技术学(师范类),2,,,85701
A118,山西师范大学,,日语(师范类),2,,,97463
A118,山西师范大学,,历史学(师范类),2,,,53865
A118,山西师范大学,,编辑出版学,2,,,88177
A118,山西师范大学,,物理学(师范类),1,,,66961
A118,山西师范大学,,自然地理与资源环境,2,,,86173
A118,山西师范大学,,人文地理与城乡规划,2,,,82978
A118,山西师范大学,,地理信息科学,2,,,70309
A118,山西师范大学,,生物科学类,2,,,69750
A118,山西师范大学,,生态学,2,,,99983
A118,山西师范大学,,心理学(师范类),2,,,68879
A118,山西师范大学,,电子信息工程,2,,,72427
A118,山西师范大学,,计算机科学与技术,2,,,58185
A118,山西师范大学,,环境生态工程,2,,,130448
A118,山西师范大学,,食品科学与工程,2,,,132539
A118,山西师范大学,,食品质量与安全,2,,,123977
A118,山西师范大学,,园艺(师范类),2,,,143787
A118,山西师范大学,,财务管理,2,,,59129
A118,山西师范大学,,旅游管理,2,,,143785
A118,山西师范大学,,地理科学(师范类),2,,,58825
A119,太原师范学院,,政治学与行政学,3,,,140148
A119,太原师范学院,,思想政治教育(师范类),3,,,116037
A119,太原师范学院,,学前教育(师范类),3,,,154103
A119,太原师范学院,,汉语言文学(师范类),5,,,104880
A119,太原师范学院,,历史学(师范类),4,,,116718
A119,太原师范学院,,文物与博物馆学,3,,,135498
A119,太原师范学院,,人文教育(师范类),3,,,139334
A119,太原师范学院,,英语(师范类),3,,,123732
A119,太原师范学院,,数学与应用数学(师范类),8,,,141235
A119,太原师范学院,,信息与计算科学,4,,,165070
A119,太原师范学院,,物理学(师范类),4,,,152140
A119,太原师范学院,,科学教育(师范类),3,,,162563
A119,太原师范学院,,化学(师范类),4,,,147838
A119,太原师范学院,,应用化学,4,,,174545
A119,太原师范学院,,生物科学(师范类),4,,,129437
A119,太原师范学院,,生物技术,4,,,165636
A119,太原师范学院,,计算机科学与技术(师范类),3,,,149201
A119,太原师范学院,,数据科学与大数据技术,3,,,130270
A119,太原师范学院,,地理科学(师范类),4,,,116491
A119,太原师范学院,,自然地理与资源环境,4,,,151905
A120,山西大同大学,,法学,10,,,101336
A120,山西大同大学,,数学与应用数学(师范类),10,,,134258
A120,山西大同大学,,临床医学,35,,,101632
A120,山西大同大学,,中医学,10,,,107136
A121,晋中学院,,小学教育(师范类),10,,,169108
A121,晋中学院,,汉语言文学(师范类),10,,,144029
A121,晋中学院,,旅游管理,9,,,211920
A121,晋中学院,,酒店管理,9,,,213737
A121,晋中学院,,数学与应用数学(师范类),10,,,192796
A121,晋中学院,,物理学(师范类),10,,,197205
A121,晋中学院,,应用化学,10,,,209044
A121,晋中学院,,生物技术,10,,,202610
A121,晋中学院,,机械设计制造及其自动化,10,,,201370
A121,晋中学院,,翻译,10,,,214330
A121,晋中学院,,会展经济与管理,11,,,211170
A122,长治学院,,汉语言文学(师范类),4,,,138328
A122,长治学院,,新闻学,1,,,167897
A122,长治学院,,网络与新媒体,1,,,165351
A122,长治学院,,历史学(师范类),2,,,148600
A122,长治学院,,旅游管理,2,,,204756
A122,长治学院,,文化遗产,2,,,187026
A122,长治学院,,酒店管理,2,,,211626
A122,长治学院,,法学,2,,,132283
A122,长治学院,,经济学,2,,,182437
A122,长治学院,,财务管理,2,,,172498
A122,长治学院,,思想政治教育(师范类),4,,,151015
A122,长治学院,,英语(师范类),1,,,168301
A122,长治学院,,商务英语,2,,,204452
A122,长治学院,,翻译,2,,,195426
A122,长治学院,,学前教育(师范类),2,,,172848
A122,长治学院,,数学与应用数学(师范类),2,,,186838
A122,长治学院,,应用统计学,1,,,190399
A122,长治学院,,物理学(师范类),1,,,183431
A122,长治学院,,光电信息科学与工程,1,,,184474
A122,长治学院,,电子信息科学与技术,1,,,191028
A122,长治学院,,科学教育(师范类),1,,,165855
A122,长治学院,,生物科学(师范类),1,,,165363
A122,长治学院,,生物技术,1,,,177304
A122,长治学院,,环境生态工程,1,,,198626
A122,长治学院,,化学(师范类),1,,,164998
A122,长治学院,,化学生物学,1,,,180966
A122,长治学院,,药物化学,1,,,177818
A122,长治学院,,计算机科学与技术,1,,,176429
A122,长治学院,,网络工程,1,,,177074
A122,长治学院,,数据科学与大数据技术,1,,,176631
A122,长治学院,,小学教育(师范类),1,,,168599
A122,长治学院,,日语,1,,,187807
A123,运城学院,,机械设计制造及其自动化,10,,,205426
A123,运城学院,,机械电子工程,20,,,210133
A123,运城学院,,网络工程,10,,,203621
A123,运城学院,,食品科学与工程,10,,,205742
A123,运城学院,,园林,5,,,209541
A123,运城学院,,电子科学与技术(印制电路技术与工艺),10,,,209977
A123,运城学院,,材料科学与工程,10,,,210402
A123,运城学院,,新能源科学与工程,10,,,205683
A124,忻州师范学院,,地理科学(师范类),5,,,150187
A124,忻州师范学院,,通信工程,4,,,199118
A124,忻州师范学院,,电子信息科学与技术,2,,,184631
A124,忻州师范学院,,法学,3,,,129485
A124,忻州师范学院,,应用化学,4,,,205500
A124,忻州师范学院,,计算机科学与技术(师范类),2,,,174666
A124,忻州师范学院,,数字媒体技术,2,,,183398
A124,忻州师范学院,,数据科学与大数据技术,3,,,194317
A124,忻州师范学院,,教育学(师范类),3,,,166528
A124,忻州师范学院,,心理学(师范类),1,,,149747
A124,忻州师范学院,,人文地理与城乡规划,1,,,151237
A124,忻州师范学院,,旅游管理,1,,,182338
A124,忻州师范学院,,数学与应用数学(师范类),3,,,181381
A124,忻州师范学院,,英语(师范类),3,,,160825
A124,忻州师范学院,,翻译,1,,,163573
A124,忻州师范学院,,科学教育(师范类),2,,,179736
A124,忻州师范学院,,审计学,2,,,154898
A124,忻州师范学院,,工商管理,5,,,192424
A124,忻州师范学院,,财务管理,4,,,172089
A124,忻州师范学院,,历史学(师范类),3,,,144410
A124,忻州师范学院,,思想政治教育(师范类),3,,,142268
A124,忻州师范学院,,汉语言文学(师范类),3,,,131534
A124,忻州师范学院,,网络与新媒体,2,,,162383
A125,山西财经大学,,经济学,3,,,57179
A125,山西财经大学,,能源经济,3,,,81486
A125,山西财经大学,,统计学,4,,,60238
A125,山西财经大学,,经济统计学,3,,,66665
A125,山西财经大学,,应用统计学,2,,,58954
A125,山西财经大学,,国际经济与贸易,4,,,82875
A125,山西财经大学,,贸易经济,3,,,76099
A125,山西财经大学,,农林经济管理,2,,,92814
A125,山西财经大学,,国际商务,3,,,99757
A125,山西财经大学,,财政学,2,,,54469
A125,山西财经大学,,金融学,6,,,63568
A125,山西财经大学,,金融工程,2,,,74851
A125,山西财经大学,,保险学,2,,,82417
A125,山西财经大学,,税收学,2,,,56380
A125,山西财经大学,,法学,4,,,46494
A125,山西财经大学,,商务英语,2,,,267031
A125,山西财经大学,,管理科学,2,,,106551
A125,山西财经大学,,工程管理,2,,,115576
A125,山西财经大学,,房地产开发与管理,2,,,206485
A125,山西财经大学,,工程造价,2,,,90396
A125,山西财经大学,,信息管理与信息系统,2,,,84158
A125,山西财经大学,,计算机科学与技术,2,,,56257
A125,山西财经大学,,电子商务,2,,,98123
A125,山西财经大学,,工商管理,2,,,58767
A125,山西财经大学,,市场营销,3,,,125912
A125,山西财经大学,,物流管理,4,,,108246
A125,山西财经大学,,会计学,3,,,41527
A125,山西财经大学,,财务管理,2,,,48700
A125,山西财经大学,,审计学,3,,,48403
A125,山西财经大学,,资产评估,1,,,65069
A125,山西财经大学,,劳动与社会保障,1,,,98878
A125,山西财经大学,,人力资源管理,3,,,75362
A125,山西财经大学,,行政管理,1,,,61277
A125,山西财经大学,,国民经济管理,2,,,87653
A125,山西财经大学,,土地资源管理,1,,,83243
A125,山西财经大学,,新闻学,2,,,71194
A125,山西财经大学,,文化产业管理,1,,,79228
A125,山西财经大学,,旅游管理,4,,,242163
A125,山西财经大学,,网络与新媒体,1,,,46897
A125,山西财经大学,,信息与计算科学,1,,,65225
A125,山西财经大学,,金融数学,2,,,62043
A125,山西财经大学,,自然地理与资源环境,1,,,67858
A125,山西财经大学,,人文地理与城乡规划,2,,,75918
A125,山西财经大学,,资源与环境经济学,3,,,84690
A125,山西财经大学,,数据科学与大数据技术,2,,,61825
A125,山西财经大学,,汉语国际教育,1,,,76972
A125,山西财经大学,,金融科技,3,,,82587
A125,山西财经大学,,应急管理,2,,,161853
A125,山西财经大学,,地理信息科学,2,,,71583
A125,山西财经大学,,金融学(中外合作办学),8,,,112759
A125,山西财经大学,,会计学(中外合作办学),8,,,99313
A126,内蒙古大学,,哲学,1,,,23648
A126,内蒙古大学,,哲学,1,,,32221
A126,内蒙古大学,,法学,2,,,20028
A126,内蒙古大学,,纪检监察,1,,,20040
A126,内蒙古大学,,政治学与行政学,1,,,29951
A126,内蒙古大学,,社会学,2,,,38733
A126,内蒙古大学,,社会工作,1,,,45116
A126,内蒙古大学,,政治学、经济学与哲学,1,,,33489
A126,内蒙古大学,,马克思主义理论,1,,,28494
A126,内蒙古大学,,汉语言文学,2,,,21818
A126,内蒙古大学,,汉语言文学,2,,,23035
A126,内蒙古大学,,汉语国际教育,1,,,27723
A126,内蒙古大学,,英语,2,,,41545
A126,内蒙古大学,,俄语,1,,,218567
A126,内蒙古大学,,日语,1,,,139107
A126,内蒙古大学,,新闻学,2,,,35195
A126,内蒙古大学,,网络与新媒体,1,,,31984
A126,内蒙古大学,,历史学,1,,,24879
A126,内蒙古大学,,历史学,2,,,27671
A126,内蒙古大学,,文物与博物馆学,1,,,32191
A126,内蒙古大学,,行政管理,1,,,38653
A126,内蒙古大学,,劳动与社会保障,1,,,33690
A126,内蒙古大学,,土地资源管理,1,,,39434
A126,内蒙古大学,,旅游管理,1,,,46671
A126,内蒙古大学,,经济学,3,,,35836
A126,内蒙古大学,,金融学,3,,,35620
A126,内蒙古大学,,数学类,5,,,28920
A126,内蒙古大学,,数理基础科学,2,,,26578
A126,内蒙古大学,,物理学,2,,,30308
A126,内蒙古大学,,物理学类,4,,,31874
A126,内蒙古大学,,化学,3,,,40760
A126,内蒙古大学,,应用化学,3,,,42292
A126,内蒙古大学,,大气科学,2,,,35958
A126,内蒙古大学,,生物科学,3,,,32174
A126,内蒙古大学,,生物科学,2,,,35712
A126,内蒙古大学,,生物科学,1,,,27461
A126,内蒙古大学,,生物技术,2,,,34950
A126,内蒙古大学,,生物技术,1,,,35838
A126,内蒙古大学,,生态学,3,,,44308
A126,内蒙古大学,,机械工程,8,,,35980
A126,内蒙古大学,,车辆工程,6,,,35030
A126,内蒙古大学,,材料化学,3,,,42000
A126,内蒙古大学,,电子信息类,5,,,28599
A126,内蒙古大学,,电子科学与技术,4,,,28747
A126,内蒙古大学,,计算机科学与技术,2,,,21750
A126,内蒙古大学,,软件工程,5,,,25855
A126,内蒙古大学,,数据科学与大数据技术,2,,,26302
A126,内蒙古大学,,土木工程,8,,,51144
A126,内蒙古大学,,道路桥梁与渡河工程,5,,,50848
A126,内蒙古大学,,化学工程与工艺,3,,,44782
A126,内蒙古大学,,交通运输,5,,,39768
A126,内蒙古大学,,环境工程,2,,,40888
A126,内蒙古大学,,环境科学,2,,,45593
A126,内蒙古大学,,环境生态工程,2,,,45787
A126,内蒙古大学,,生物医学工程,2,,,37490
A126,内蒙古大学,,工程管理,5,,,48137
A126,内蒙古大学,,工商管理,2,,,46048
A126,内蒙古大学,,会计学,3,,,24562
A126,内蒙古大学,,物流管理,6,,,51376
A127,内蒙古科技大学,,金融学,2,,,139631
A127,内蒙古科技大学,,国际经济与贸易,1,,,150212
A127,内蒙古科技大学,,法学,2,,,103555
A127,内蒙古科技大学,,社会工作,4,,,177766
A127,内蒙古科技大学,,思想政治教育,2,,,110174
A127,内蒙古科技大学,,汉语言文学,2,,,88097
A127,内蒙古科技大学,,市场营销,4,,,191030
A127,内蒙古科技大学,,会计学,2,,,121372
A127,内蒙古科技大学,,应用物理学,5,,,158694
A127,内蒙古科技大学,,材料成型及控制工程,3,,,167741
A127,内蒙古科技大学,,冶金工程,20,,,183905
A127,内蒙古科技大学,,能源与动力工程,3,,,134410
A127,内蒙古科技大学,,智能建造,3,,,164794
A127,内蒙古科技大学,,环境工程,1,,,163932
A127,内蒙古科技大学,,建筑学,1,,,148343
A127,内蒙古科技大学,,城市设计,5,,,185453
A127,内蒙古科技大学,,食品科学与工程,1,,,170481
A127,内蒙古科技大学,,应急技术与管理,2,,,173523
A127,内蒙古科技大学,,机械类,30,,,160374
A127,内蒙古科技大学,,电气类,2,,,132741
A127,内蒙古科技大学,,管理科学与工程类,2,,,176390
A127,内蒙古科技大学,,化工与制药类,30,,,183285
A127,内蒙古科技大学,,土木类,60,,,191810
A127,内蒙古科技大学,,材料类,14,,,188033
A128,内蒙古工业大学,,机械设计制造及其自动化,4,,,134431
A128,内蒙古工业大学,,电子信息工程,3,,,123962
A128,内蒙古工业大学,,材料成型及控制工程,4,,,163291
A128,内蒙古工业大学,,化学工程与工艺,4,,,145136
A128,内蒙古工业大学,,建筑学,4,,,127259
A128,内蒙古工业大学,,土木工程,4,,,165561
A128,内蒙古工业大学,,道路桥梁与渡河工程,4,,,166399
A128,内蒙古工业大学,,计算机科学与技术,4,,,111409
A128,内蒙古工业大学,,冶金工程,5,,,176869
A128,内蒙古工业大学,,过程装备与控制工程,3,,,164742
A128,内蒙古工业大学,,应用化学,3,,,160919
A128,内蒙古工业大学,,安全工程,4,,,175149
A128,内蒙古工业大学,,信息与计算科学,4,,,135540
A128,内蒙古工业大学,,车辆工程,4,,,147173
A128,内蒙古工业大学,,建筑环境与能源应用工程,4,,,168083
A128,内蒙古工业大学,,资源与环境经济学,4,,,169000
A128,内蒙古工业大学,,工程力学,4,,,167387
A128,内蒙古工业大学,,纺织工程,3,,,177464
A128,内蒙古工业大学,,地质工程,3,,,175629
A128,内蒙古工业大学,,交通运输,4,,,153524
A128,内蒙古工业大学,,公共事业管理,4,,,167912
A128,内蒙古工业大学,,交通工程,4,,,155279
A128,内蒙古工业大学,,采矿工程,3,,,185962
A128,内蒙古工业大学,,电气类,14,,,124414
A128,内蒙古工业大学,,智能制造工程,4,,,151603
A128,内蒙古工业大学,,能源化学工程,4,,,156533
A128,内蒙古工业大学,,储能科学与工程,4,,,152324
A128,内蒙古工业大学,,智能建造,4,,,172778
A128,内蒙古工业大学,,飞行器设计与工程,4,,,146781
A128,内蒙古工业大学,,英语(英德复语),5,,,171412
A129,内蒙古农业大学,,动物科学,2,,,125432
A129,内蒙古农业大学,,动植物检疫,4,,,162606
A129,内蒙古农业大学,,动物药学,3,,,167123
A129,内蒙古农业大学,,农学,3,,,150161
A129,内蒙古农业大学,,植物保护,4,,,173978
A129,内蒙古农业大学,,植物科学与技术,4,,,173363
A129,内蒙古农业大学,,种子科学与工程,5,,,172519
A129,内蒙古农业大学,,林学,4,,,161298
A129,内蒙古农业大学,,园林,4,,,168658
A129,内蒙古农业大学,,消防工程,3,,,162003
A129,内蒙古农业大学,,草业科学,4,,,164655
A129,内蒙古农业大学,,农业资源与环境,3,,,170146
A129,内蒙古农业大学,,土地资源管理,4,,,156151
A129,内蒙古农业大学,,机械设计制造及其自动化,4,,,150251
A129,内蒙古农业大学,,电气工程及其自动化,3,,,130050
A129,内蒙古农业大学,,农业机械化及其自动化,3,,,164848
A129,内蒙古农业大学,,农业电气化,4,,,163102
A129,内蒙古农业大学,,农业水利工程,3,,,151557
A129,内蒙古农业大学,,水利类,3,,,144156
A129,内蒙古农业大学,,风景园林,4,,,159476
A129,内蒙古农业大学,,食品科学与工程,4,,,157540
A129,内蒙古农业大学,,食品质量与安全,3,,,162273
A129,内蒙古农业大学,,计算机科学与技术,3,,,123137
A129,内蒙古农业大学,,制药工程,4,,,163109
A129,内蒙古农业大学,,生物技术,4,,,168827
A129,内蒙古农业大学,,英语,4,,,159855
A129,内蒙古农业大学,,电子科学与技术,6,,,143883
A129,内蒙古农业大学,,应用统计学,3,,,138995
A129,内蒙古农业大学,,应用化学,6,,,171538
A129,内蒙古农业大学,,新能源科学与工程,3,,,136737
A129,内蒙古农业大学,,道路桥梁与渡河工程,4,,,179455
A132,内蒙古医科大学,,医学影像学,1,,,58369
A132,内蒙古医科大学,,临床医学,3,,,48780
A132,内蒙古医科大学,,中医学,5,,,97560
A132,内蒙古医科大学,,针灸推拿学,5,,,114343
A132,内蒙古医科大学,,护理学,4,,,160243
A135,内蒙古师范大学,,汉语言文学(师范类),5,,,68853
A135,内蒙古师范大学,,物理学(师范类),5,,,104186
A135,内蒙古师范大学,,化学(师范类),5,,,120432
A136,内蒙古民族大学,,临床医学,3,,,96441
A136,内蒙古民族大学,,电气工程及其自动化,4,,,149676
A136,内蒙古民族大学,,智慧农业,3,,,174209
A136,内蒙古民族大学,,食品质量与安全,3,,,180876
A136,内蒙古民族大学,,农学,2,,,173518
A136,内蒙古民族大学,,经济学,1,,,143887
A136,内蒙古民族大学,,法学,1,,,102211
A136,内蒙古民族大学,,思想政治教育(师范类),3,,,114980
A136,内蒙古民族大学,,汉语国际教育,4,,,192058
A136,内蒙古民族大学,,新闻学,4,,,174984
A136,内蒙古民族大学,,数学与应用数学(师范类),2,,,147128
A136,内蒙古民族大学,,物理学(师范类),2,,,147748
A136,内蒙古民族大学,,化学(师范类),6,,,162149
A136,内蒙古民族大学,,生物科学,4,,,178725
A136,内蒙古民族大学,,机械设计制造及其自动化,6,,,167727
A136,内蒙古民族大学,,计算机科学与技术,2,,,137249
A136,内蒙古民族大学,,网络工程,2,,,145568
A136,内蒙古民族大学,,数字媒体技术,2,,,130507
A136,内蒙古民族大学,,化学工程与工艺,3,,,181506
A136,内蒙古民族大学,,预防医学,1,,,130372
A136,内蒙古民族大学,,药物制剂,2,,,166441
A136,内蒙古民族大学,,医学影像技术,2,,,141204
A136,内蒙古民族大学,,护理学,2,,,150681
A136,内蒙古民族大学,,财务管理,3,,,146415
A138,赤峰学院,,数学与应用数学(师范类),3,,,198324
A138,赤峰学院,,物理学(师范类),4,,,202465
A138,赤峰学院,,化学(师范类),6,,,191567
A138,赤峰学院,,英语(师范类),6,,,203526
A138,赤峰学院,,机械设计制造及其自动化,5,,,210699
A139,内蒙古财经大学,,经济学,6,,,152421
A139,内蒙古财经大学,,金融工程,6,,,163905
A139,内蒙古财经大学,,税收学,6,,,130041
A139,内蒙古财经大学,,资产评估,6,,,154283
A139,内蒙古财经大学,,工商管理,6,,,146478
A139,内蒙古财经大学,,会计学,6,,,98833
A139,内蒙古财经大学,,财务管理,6,,,116059
A139,内蒙古财经大学,,秘书学,6,,,155399
A139,内蒙古财经大学,,经济统计学,6,,,167207
A139,内蒙古财经大学,,法学,6,,,103257
A140,辽宁大学,,编辑出版学,2,,,32102
A140,辽宁大学,,经济学类,10,,,27250
A140,辽宁大学,,金融学类,5,,,24051
A140,辽宁大学,,国际政治,3,,,32141
A140,辽宁大学,,朝鲜语,4,,,53780
A140,辽宁大学,,英语,3,,,29360
A140,辽宁大学,,法语,3,,,35217
A140,辽宁大学,,日语,2,,,38896
A140,辽宁大学,,广播电视编导,5,,,48301
A140,辽宁大学,,戏剧影视文学,4,,,50404
A140,辽宁大学,,汉语国际教育,3,,,26899
A140,辽宁大学,,数学与应用数学,3,,,22305
A140,辽宁大学,,物理学,2,,,23953
A140,辽宁大学,,微电子科学与工程,2,,,21602
A140,辽宁大学,,化学类,3,,,27640
A140,辽宁大学,,制药工程,2,,,26634
A140,辽宁大学,,生物技术,3,,,28302
A140,辽宁大学,,电子信息类,3,,,21879
A140,辽宁大学,,数字经济,2,,,24152
A140,辽宁大学,,纪检监察,4,,,22231
A140,辽宁大学,,英语(中外高水平大学学生交流计划),2,,,102642
A140,辽宁大学,,汉语言文学,3,,,18912
A140,辽宁大学,,新闻学,6,,,32827
A140,辽宁大学,,会计学(中外合作办学),5,,,35202
A140,辽宁大学,,市场营销(中外合作办学),5,,,73496
A140,辽宁大学,,工商管理(中外合作办学),4,,,40588
A140,辽宁大学,,会计学(中外合作办学),1,,,28629
A140,辽宁大学,,金融学(中外合作办学),1,,,31774
A140,辽宁大学,,国际商务(中外合作办学),2,,,44992
A141,大连理工大学,,电子信息类(创新班),3,,,4495
A141,大连理工大学,,应用化学(理学、张大煜化学基础科学拔尖计划班),3,,,7245
A141,大连理工大学,,生物工程,3,,,11777
A141,大连理工大学,,工程力学,7,,,7317
A141,大连理工大学,,车辆工程(英语强化),5,,,10844
A141,大连理工大学,,工程力学(钱令希力学创新班、拔尖计划班),5,,,6526
A141,大连理工大学,,光电信息科学与工程,9,,,8223
A141,大连理工大学,,机械设计制造及其自动化(日语强化),4,,,8589
A141,大连理工大学,,机械设计制造及其自动化(创新班),5,,,5404
A141,大连理工大学,,建筑类,13,,,64076
A141,大连理工大学,,能源与动力工程,19,,,11408
A141,大连理工大学,,软件工程,35,,,9073
A141,大连理工大学,,数学类(数学类及华罗庚数学基础科学拔尖计划班),9,,,7929
A141,大连理工大学,,电子科学与技术,10,,,6554
A141,大连理工大学,,应用物理学(王大珩物理基础科学拔尖计划班),4,,,8671
A141,大连理工大学,,机械类,6,,,7189
A141,大连理工大学,,管理科学与工程类(经济管理实验班),9,,,14425
A141,大连理工大学,,人工智能(未来技术班),4,,,5148
A141,大连理工大学,,计算机科学与技术(国家基础学科拔尖学生培养计划基地班),3,,,4676
A141,大连理工大学,,化工与制药类(创新班),5,,,8907
A141,大连理工大学,,电子信息类(电信、自动化与计算机新工科实验班),26,,,6028
A141,大连理工大学,,环境科学与工程类,9,,,14636
A141,大连理工大学,,化工与制药类(智能化工、新材料与安全新工科实验班),7,,,12142
A141,大连理工大学,,应用物理学(中外合作办学),3,,,25117
A141,大连理工大学,,工程力学(中外合作办学),3,,,25449
A141,大连理工大学,,计算机类(中外合作办学),27,,,20606
A141,大连理工大学,,机械设计制造及其自动化(中外合作办学),3,,,19285
A142,沈阳工业大学,,机械设计制造及其自动化,6,,,52884
A142,沈阳工业大学,,工业设计,5,,,76764
A142,沈阳工业大学,,机器人工程,4,,,61192
A142,沈阳工业大学,,材料成型及控制工程,5,,,91363
A142,沈阳工业大学,,电气工程及其自动化,6,,,27446
A142,沈阳工业大学,,自动化,5,,,51214
A142,沈阳工业大学,,电子科学与技术,3,,,59019
A142,沈阳工业大学,,通信工程,3,,,59227
A142,沈阳工业大学,,计算机科学与技术,6,,,43980
A142,沈阳工业大学,,应用物理学,3,,,63973
A142,沈阳工业大学,,信息与计算科学,3,,,67606
A142,沈阳工业大学,,环境工程,5,,,120867
A142,沈阳工业大学,,能源化学工程,3,,,70999
A142,沈阳工业大学,,土木工程,4,,,98957
A142,沈阳工业大学,,国际经济与贸易,3,,,108551
A142,沈阳工业大学,,金融学,3,,,75571
A142,沈阳工业大学,,工程管理,3,,,125361
A142,沈阳工业大学,,会计学,6,,,70879
A142,沈阳工业大学,,物流管理,3,,,104657
A142,沈阳工业大学,,日语,5,,,231611
A142,沈阳工业大学,,法学,5,,,65128
A142,沈阳工业大学,,通信工程(中外合作办学),10,,,171545
A143,沈阳航空航天大学,,计算机科学与技术,1,,,23503
A143,沈阳航空航天大学,,物联网工程,1,,,25284
A143,沈阳航空航天大学,,网络工程,3,,,38182
A143,沈阳航空航天大学,,软件工程,1,,,27828
A143,沈阳航空航天大学,,电子信息工程,1,,,24235
A143,沈阳航空航天大学,,通信工程,2,,,28883
A143,沈阳航空航天大学,,飞行器制造工程,1,,,25052
A143,沈阳航空航天大学,,能源与动力工程,1,,,27226
A143,沈阳航空航天大学,,工程力学,2,,,51518
A143,沈阳航空航天大学,,飞行器设计与工程,1,,,21206
A143,沈阳航空航天大学,,探测制导与控制技术,1,,,39611
A143,沈阳航空航天大学,,安全工程,2,,,51393
A143,沈阳航空航天大学,,机械设计制造及其自动化,2,,,32092
A143,沈阳航空航天大学,,机械电子工程,1,,,41262
A143,沈阳航空航天大学,,工业工程,1,,,52219
A143,沈阳航空航天大学,,测控技术与仪器,1,,,46172
A143,沈阳航空航天大学,,工业设计,1,,,33160
A143,沈阳航空航天大学,,材料成型及控制工程,3,,,55399
A143,沈阳航空航天大学,,金属材料工程,5,,,101704
A143,沈阳航空航天大学,,环境工程,3,,,75302
A143,沈阳航空航天大学,,复合材料与工程,2,,,73667
A143,沈阳航空航天大学,,消防工程,6,,,94962
A143,沈阳航空航天大学,,保险学,4,,,172435
A143,沈阳航空航天大学,,新能源科学与工程,2,,,42255
A143,沈阳航空航天大学,,能源与环境系统工程,3,,,48157
A143,沈阳航空航天大学,,信息与计算科学,2,,,44862
A143,沈阳航空航天大学,,应用物理学,2,,,41303
A143,沈阳航空航天大学,,交通运输,1,,,55691
A143,沈阳航空航天大学,,英语,2,,,66733
A143,沈阳航空航天大学,,人工智能,2,,,34650
A143,沈阳航空航天大学,,机器人工程,2,,,35692
A143,沈阳航空航天大学,,智能制造工程,1,,,36460
A143,沈阳航空航天大学,,数据科学与大数据技术,2,,,35714
A143,沈阳航空航天大学,,飞行器动力工程(中外合作办学),6,,,77862
A144,沈阳理工大学,,金融学,2,,,73798
A144,沈阳理工大学,,英语,2,,,90621
A144,沈阳理工大学,,俄语,2,,,133660
A144,沈阳理工大学,,信息与计算科学,1,,,57628
A144,沈阳理工大学,,应用化学,1,,,61248
A144,沈阳理工大学,,机械设计制造及其自动化,5,,,70439
A144,沈阳理工大学,,材料成型及控制工程,1,,,98838
A144,沈阳理工大学,,机械电子工程,2,,,71252
A144,沈阳理工大学,,工业设计,1,,,70491
A144,沈阳理工大学,,车辆工程,5,,,80954
A144,沈阳理工大学,,智能制造工程,1,,,55080
A144,沈阳理工大学,,智能车辆工程,1,,,64836
A144,沈阳理工大学,,测控技术与仪器,1,,,67975
A144,沈阳理工大学,,金属材料工程,1,,,109903
A144,沈阳理工大学,,无机非金属材料工程,1,,,94569
A144,沈阳理工大学,,粉体材料科学与工程,1,,,84033
A144,沈阳理工大学,,电气工程及其自动化,1,,,33226
A144,沈阳理工大学,,电子信息工程,1,,,34278
A144,沈阳理工大学,,通信工程,1,,,39975
A144,沈阳理工大学,,光电信息科学与工程,1,,,61219
A144,沈阳理工大学,,自动化,1,,,53213
A144,沈阳理工大学,,机器人工程,1,,,64786
A144,沈阳理工大学,,计算机科学与技术,1,,,38437
A144,沈阳理工大学,,网络工程,1,,,51341
A144,沈阳理工大学,,智能科学与技术,1,,,47409
A144,沈阳理工大学,,化学工程与工艺,1,,,81315
A144,沈阳理工大学,,武器发射工程,1,,,63090
A144,沈阳理工大学,,探测制导与控制技术,1,,,68146
A144,沈阳理工大学,,弹药工程与爆炸技术,1,,,71446
A144,沈阳理工大学,,特种能源技术与工程,1,,,77871
A144,沈阳理工大学,,装甲车辆工程,1,,,40129
A144,沈阳理工大学,,信息对抗技术,1,,,68197
A144,沈阳理工大学,,智能无人系统技术,1,,,59090
A144,沈阳理工大学,,环境工程,1,,,105211
A144,沈阳理工大学,,安全工程,1,,,89424
A144,沈阳理工大学,,信息管理与信息系统,1,,,77605
A144,沈阳理工大学,,工商管理,2,,,95523
A144,沈阳理工大学,,会计学,2,,,71829
A144,沈阳理工大学,,机械设计制造及其自动化(中外合作办学),10,,,200527
A144,沈阳理工大学,,测控技术与仪器(中外合作办学),5,,,207235
A144,沈阳理工大学,,金属材料工程(中外合作办学),5,,,217624
A144,沈阳理工大学,,计算机科学与技术(中外合作办学),5,,,140346
A144,沈阳理工大学,,化学工程与工艺(中外合作办学),13,,,217578
A145,东北大学,,公共管理类,10,,,17885
A145,东北大学,,人文科学试验班,6,,,18357
A145,东北大学,,外国语言文学类,30,,,32928
A145,东北大学,,经济管理试验班,16,,,18701
A145,东北大学,,数学类,5,,,13426
A145,东北大学,,应用物理学,8,,,15207
A145,东北大学,,化学类,6,,,18848
A145,东北大学,,智能采矿工程,2,,,20924
A145,东北大学,,工科试验班,24,,,17879
A145,东北大学,,材料类,12,,,18738
A145,东北大学,,机械类,22,,,15724
A145,东北大学,,智能制造工程,10,,,13111
A145,东北大学,,自动化类,13,,,10887
A145,东北大学,,计算机类,7,,,8319
A145,东北大学,,电子信息类,4,,,10408
A145,东北大学,,人工智能,4,,,9882
A145,东北大学,,计算机类,20,,,10528
A145,东北大学,,智能医学工程,4,,,13999
A145,东北大学,,生物工程类,2,,,15852
A145,东北大学,,建筑类,6,,,22331
A145,东北大学,,机器人工程,2,,,10564
A146,辽宁科技大学,,材料成型及控制工程,4,,,128623
A146,辽宁科技大学,,材料科学与工程,6,,,139712
A146,辽宁科技大学,,冶金工程,4,,,158949
A146,辽宁科技大学,,无机非金属材料工程,7,,,154206
A146,辽宁科技大学,,能源与动力工程,4,,,81578
A146,辽宁科技大学,,应用化学,1,,,118983
A146,辽宁科技大学,,储能科学与工程,4,,,92862
A146,辽宁科技大学,,化学工程与工艺,2,,,118931
A146,辽宁科技大学,,环境工程,4,,,169259
A146,辽宁科技大学,,生物工程,3,,,56392
A146,辽宁科技大学,,电气工程及其自动化,1,,,65447
A146,辽宁科技大学,,通信工程,1,,,61382
A146,辽宁科技大学,,自动化,2,,,73228
A146,辽宁科技大学,,机械工程,3,,,84353
A146,辽宁科技大学,,机械设计制造及其自动化,2,,,65487
A146,辽宁科技大学,,机械电子工程,1,,,64544
A146,辽宁科技大学,,智能制造工程,4,,,99367
A146,辽宁科技大学,,软件工程,4,,,79077
A146,辽宁科技大学,,网络工程,4,,,101476
A146,辽宁科技大学,,数据科学与大数据技术,2,,,94007
A146,辽宁科技大学,,工商管理,2,,,109528
A146,辽宁科技大学,,市场营销,2,,,182020
A146,辽宁科技大学,,采矿工程,4,,,147510
A146,辽宁科技大学,,矿物加工工程,4,,,151296
A146,辽宁科技大学,,数据计算及应用,3,,,107728
A146,辽宁科技大学,,应用物理学,1,,,93437
A146,辽宁科技大学,,金融学,1,,,101420
A146,辽宁科技大学,,英语,3,,,154179
A146,辽宁科技大学,,机器人工程,2,,,82381
A146,辽宁科技大学,,冶金工程(中外合作办学),6,,,210562
A147,辽宁工程技术大学,,采矿工程,2,,,145770
A147,辽宁工程技术大学,,安全工程,2,,,108926
A147,辽宁工程技术大学,,应急技术与管理,2,,,140896
A147,辽宁工程技术大学,,工程力学,3,,,124152
A147,辽宁工程技术大学,,机械设计制造及其自动化,2,,,85106
A147,辽宁工程技术大学,,土木工程,2,,,151216
A147,辽宁工程技术大学,,金属材料工程,2,,,143413
A147,辽宁工程技术大学,,数据科学与大数据技术,2,,,92102
A148,辽宁石油化工大学,,材料成型及控制工程,3,,,148858
A148,辽宁石油化工大学,,材料化学,2,,,148034
A148,辽宁石油化工大学,,测控技术与仪器,5,,,141027
A148,辽宁石油化工大学,,城市地下空间工程,2,,,145378
A148,辽宁石油化工大学,,复合材料与工程,3,,,155093
A148,辽宁石油化工大学,,高分子材料与工程(卓越计划班),5,,,122495
A148,辽宁石油化工大学,,工程管理,2,,,150192
A148,辽宁石油化工大学,,过程装备与控制工程,2,,,130182
A148,辽宁石油化工大学,,过程装备与控制工程(卓越计划班),1,,,86002
A148,辽宁石油化工大学,,海洋油气工程,2,,,127125
A148,辽宁石油化工大学,,化工安全工程,2,,,151297
A148,辽宁石油化工大学,,化学工程与工艺,1,,,117572
A148,辽宁石油化工大学,,化学工程与工艺(卓越计划班),1,,,117005
A148,辽宁石油化工大学,,环境工程,3,,,151520
A148,辽宁石油化工大学,,机器人工程,2,,,123235
A148,辽宁石油化工大学,,机械设计制造及其自动化,3,,,111672
A148,辽宁石油化工大学,,金属材料工程,1,,,156231
A148,辽宁石油化工大学,,能源与动力工程,3,,,122002
A148,辽宁石油化工大学,,石油工程,2,,,111614
A148,辽宁石油化工大学,,市场营销,2,,,194828
A148,辽宁石油化工大学,,数学与应用数学,3,,,132622
A148,辽宁石油化工大学,,应用化学,6,,,143327
A148,辽宁石油化工大学,,应用物理学,2,,,132523
A148,辽宁石油化工大学,,油气储运工程,1,,,88547
A148,辽宁石油化工大学,,智能科学与技术,1,,,117506
A148,辽宁石油化工大学,,智能制造工程,2,,,128405
A148,辽宁石油化工大学,,人工智能,2,,,114303
A148,辽宁石油化工大学,,环境生态工程,2,,,154461
A148,辽宁石油化工大学,,精细化工,2,,,149667
A148,辽宁石油化工大学,,质量管理工程,3,,,202581
A148,辽宁石油化工大学,,化学工程与工艺(中外合作办学),8,,,207963
A148,辽宁石油化工大学,,电气工程及其自动化(中外合作办学),9,,,178693
A148,辽宁石油化工大学,,石油工程(中外合作办学),12,,,206355
A149,沈阳化工大学,,化学工程与工艺,6,,,132906
A149,沈阳化工大学,,应用化学,2,,,121217
A149,沈阳化工大学,,能源化学工程,2,,,125113
A149,沈阳化工大学,,高分子材料与工程,2,,,134707
A149,沈阳化工大学,,高分子材料与工程(卓越工程师班),5,,,132868
A149,沈阳化工大学,,无机非金属材料工程,4,,,153874
A149,沈阳化工大学,,材料化学,4,,,144032
A149,沈阳化工大学,,过程装备与控制工程,2,,,124411
A149,沈阳化工大学,,机械设计制造及其自动化,2,,,105606
A149,沈阳化工大学,,油气储运工程,3,,,129783
A149,沈阳化工大学,,能源与动力工程,1,,,96006
A149,沈阳化工大学,,金属材料工程,9,,,159065
A149,沈阳化工大学,,电气工程及其自动化,2,,,92247
A149,沈阳化工大学,,自动化,2,,,99423
A149,沈阳化工大学,,测控技术与仪器,2,,,136143
A149,沈阳化工大学,,电子信息工程,2,,,99328
A149,沈阳化工大学,,人工智能,3,,,105622
A149,沈阳化工大学,,电子科学与技术,2,,,95312
A149,沈阳化工大学,,计算机科学与技术,1,,,71369
A149,沈阳化工大学,,软件工程,2,,,92108
A149,沈阳化工大学,,网络工程,2,,,110755
A149,沈阳化工大学,,数据科学与大数据技术,1,,,100302
A149,沈阳化工大学,,制药工程,4,,,133011
A149,沈阳化工大学,,生物工程,3,,,125439
A149,沈阳化工大学,,环境工程,8,,,162066
A149,沈阳化工大学,,安全工程,6,,,152611
A149,沈阳化工大学,,化学,2,,,120857
A149,沈阳化工大学,,金融学,4,,,134040
A149,沈阳化工大学,,会计学,3,,,103532
A149,沈阳化工大学,,工程管理,3,,,181407
A149,沈阳化工大学,,国际经济与贸易,1,,,130865
A149,沈阳化工大学,,应急管理,3,,,162871
A149,沈阳化工大学,,社会工作,2,,,153072
A149,沈阳化工大学,,英语,2,,,130382
A149,沈阳化工大学,,能源与动力工程(中外合作办学),3,,,183532
A150,大连交通大学,,机械工程,3,,,37550
A150,大连交通大学,,材料成型及控制工程,2,,,55382
A150,大连交通大学,,焊接技术与工程,2,,,72265
A150,大连交通大学,,电子科学与技术,2,,,39447
A150,大连交通大学,,车辆工程,4,,,42932
A150,大连交通大学,,交通运输,2,,,35466
A150,大连交通大学,,交通工程,2,,,43389
A150,大连交通大学,,安全工程,2,,,56084
A150,大连交通大学,,电气工程及其自动化,3,,,34949
A150,大连交通大学,,轨道交通信号与控制,2,,,33912
A150,大连交通大学,,通信工程,2,,,37260
A150,大连交通大学,,电子信息工程,2,,,36365
A150,大连交通大学,,计算机科学与技术,2,,,32398
A150,大连交通大学,,土木工程,3,,,55496
A150,大连交通大学,,环境工程,3,,,65187
A150,大连交通大学,,日语,2,,,246268
A150,大连交通大学,,会计学(中外合作办学),3,,,100624
A150,大连交通大学,,机械工程(中外合作办学),5,,,106910
A150,大连交通大学,,土木工程(中外合作办学),4,,,134718
A150,大连交通大学,,机械工程(中外合作办学),4,,,128759
A150,大连交通大学,,车辆工程(中外合作办学),5,,,129121
A150,大连交通大学,,土木工程(中外合作办学),4,,,149282
A151,大连海事大学,,经济学类,3,,,24297
A151,大连海事大学,,海事管理,6,,,23845
A151,大连海事大学,,安全工程,4,,,29473
A151,大连海事大学,,物流管理,4,,,28976
A151,大连海事大学,,供应链管理,4,,,29228
A151,大连海事大学,,金融工程,4,,,25774
A151,大连海事大学,,法学,12,,,15274
A151,大连海事大学,,英语,6,,,27169
A151,大连海事大学,,日语,4,,,47241
A151,大连海事大学,,物联网工程,4,,,19130
A151,大连海事大学,,人工智能,3,,,20341
A151,大连海事大学,,自动化类,29,,,21814
A151,大连海事大学,,电子信息类,27,,,20713
A151,大连海事大学,,计算机类,34,,,19591
A151,大连海事大学,,交通运输类,36,,,28675
A151,大连海事大学,,管理科学与工程类,9,,,27341
A151,大连海事大学,,机械类,28,,,27347
A151,大连海事大学,,环境科学与工程类,5,,,29752
A151,大连海事大学,,数学类,4,,,21421
A151,大连海事大学,,轮机工程(陆上专业),8,,,27403
A151,大连海事大学,,电子信息工程(中外合作办学),11,,,36685
A151,大连海事大学,,机械设计制造及其自动化(中外合作办学),8,,,41916
A151,大连海事大学,,土木工程(中外合作办学),8,,,66409
A152,大连工业大学,,工商管理(本科学术互认课程项目),5,,,134159
A152,大连工业大学,,应用化学,2,,,91957
A152,大连工业大学,,生物质能源与材料,3,,,108373
A152,大连工业大学,,计算机科学与技术,2,,,56854
A152,大连工业大学,,计算机科学与技术(本科学术互认课程项目),5,,,67076
A152,大连工业大学,,通信工程,3,,,60879
A152,大连工业大学,,生物技术,4,,,85777
A152,大连工业大学,,生物工程,5,,,92147
A152,大连工业大学,,生物制药,4,,,95449
A152,大连工业大学,,食品科学与工程,8,,,81150
A152,大连工业大学,,食品质量与安全,3,,,80665
A152,大连工业大学,,食品营养与健康,4,,,96565
A152,大连工业大学,,机械工程,3,,,74856
A152,大连工业大学,,机械电子工程(中外合作办学),4,,,152503
A153,沈阳建筑大学,,建筑学,2,,,53857
A153,沈阳建筑大学,,城乡规划,1,,,44943
A153,沈阳建筑大学,,风景园林,1,,,42544
A153,沈阳建筑大学,,土木工程,3,,,60841
A153,沈阳建筑大学,,安全工程,1,,,92225
A153,沈阳建筑大学,,智能建造,1,,,69549
A153,沈阳建筑大学,,机械工程,2,,,67088
A153,沈阳建筑大学,,机械设计制造及其自动化,1,,,48628
A153,沈阳建筑大学,,机械电子工程,1,,,69704
A153,沈阳建筑大学,,智能制造工程,1,,,51785
A153,沈阳建筑大学,,给排水科学与工程,1,,,82131
A153,沈阳建筑大学,,建筑环境与能源应用工程,2,,,164744
A153,沈阳建筑大学,,环境工程,1,,,108434
A153,沈阳建筑大学,,电气工程及其自动化,1,,,47255
A153,沈阳建筑大学,,自动化,1,,,68201
A153,沈阳建筑大学,,建筑电气与智能化,1,,,63685
A153,沈阳建筑大学,,通信工程,1,,,67217
A153,沈阳建筑大学,,计算机科学与技术,1,,,39463
A153,沈阳建筑大学,,人工智能,1,,,52505
A153,沈阳建筑大学,,信息与计算科学,1,,,82028
A153,沈阳建筑大学,,数据科学与大数据技术,1,,,60906
A153,沈阳建筑大学,,工程管理,2,,,72595
A153,沈阳建筑大学,,工程造价,1,,,74761
A153,沈阳建筑大学,,会计学,1,,,72910
A153,沈阳建筑大学,,道路桥梁与渡河工程,1,,,69997
A153,沈阳建筑大学,,测绘工程,1,,,76484
A153,沈阳建筑大学,,交通工程,1,,,86844
A153,沈阳建筑大学,,物流工程,1,,,105726
A153,沈阳建筑大学,,高分子材料与工程,1,,,82426
A153,沈阳建筑大学,,材料化学,1,,,89185
A153,沈阳建筑大学,,英语,2,,,123459
A153,沈阳建筑大学,,电气工程及其自动化(国际本科学术互认课程项目),2,,,63231
A153,沈阳建筑大学,,工程管理(国际本科学术互认课程项目),2,,,181352
A153,沈阳建筑大学,,道路桥梁与渡河工程(国际本科学术互认课程项目),2,,,111554
A153,沈阳建筑大学,,数据科学与大数据技术(中外合作办学),2,,,162994
A153,沈阳建筑大学,,计算机科学与技术(中外合作办学),3,,,126715
A153,沈阳建筑大学,,工程造价(中外合作办学),3,,,158455
A154,辽宁工业大学,,机械设计制造及其自动化,2,,,94911
A154,辽宁工业大学,,过程装备与控制工程,2,,,130839
A154,辽宁工业大学,,车辆工程,2,,,95232
A154,辽宁工业大学,,材料科学与工程,3,,,142715
A154,辽宁工业大学,,材料成型及控制工程,2,,,138424
A154,辽宁工业大学,,焊接技术与工程,2,,,137494
A154,辽宁工业大学,,自动化,3,,,93636
A154,辽宁工业大学,,电气工程及其自动化,4,,,69048
A154,辽宁工业大学,,电子信息工程,2,,,95570
A154,辽宁工业大学,,工程管理,2,,,136973
A154,辽宁工业大学,,经济统计学,2,,,121671
A154,辽宁工业大学,,建筑学,2,,,125286
A154,辽宁工业大学,,土木工程,2,,,132455
A154,辽宁工业大学,,建筑环境与能源应用工程,2,,,127057
A154,辽宁工业大学,,英语,2,,,127915
A154,辽宁工业大学,,信息与计算科学,1,,,71178
A154,辽宁工业大学,,软件工程(中外合作办学),6,,,179344
A154,辽宁工业大学,,化学工程与工艺(中外合作办学),6,,,224992
A157,沈阳农业大学,,农学,2,,,99579
A157,沈阳农业大学,,种子科学与工程,2,,,98728
A157,沈阳农业大学,,应用气象学,3,,,90549
A157,沈阳农业大学,,植物保护,2,,,122349
A157,沈阳农业大学,,应用化学,2,,,143738
A157,沈阳农业大学,,园艺,2,,,128289
A157,沈阳农业大学,,动物医学,2,,,88982
A157,沈阳农业大学,,动物药学,2,,,115825
A157,沈阳农业大学,,动物科学,4,,,129340
A157,沈阳农业大学,,环境科学,4,,,141735
A157,沈阳农业大学,,会计学,2,,,96190
A157,沈阳农业大学,,农林经济管理,2,,,113414
A157,沈阳农业大学,,农业机械化及其自动化,2,,,121150
A157,沈阳农业大学,,机械设计制造及其自动化,2,,,93432
A157,沈阳农业大学,,林学,2,,,134344
A157,沈阳农业大学,,园林,2,,,128438
A157,沈阳农业大学,,电气工程及其自动化,2,,,80295
A157,沈阳农业大学,,电子信息工程,2,,,105789
A157,沈阳农业大学,,测绘工程,2,,,136294
A157,沈阳农业大学,,食品科学与工程,2,,,113264
A157,沈阳农业大学,,食品质量与安全,2,,,122982
A157,沈阳农业大学,,包装工程,3,,,157963
A157,沈阳农业大学,,生物技术,3,,,123017
A157,沈阳农业大学,,农学(卓越计划实验班),3,,,92760
A157,沈阳农业大学,,园艺(卓越计划实验班),3,,,117357
A157,沈阳农业大学,,电气工程及其自动化(中外合作办学),2,,,140659
A158,大连海洋大学,,海洋渔业科学与技术,2,,,95599
A158,大连海洋大学,,水产养殖学,2,,,75021
A158,大连海洋大学,,船舶与海洋工程,5,,,86499
A158,大连海洋大学,,港口航道与海岸工程,2,,,84378
A158,大连海洋大学,,信息与计算科学,2,,,72589
A158,大连海洋大学,,应用物理学,2,,,98378
A158,大连海洋大学,,自动化,2,,,66944
A158,大连海洋大学,,建筑环境与能源应用工程,2,,,103566
A158,大连海洋大学,,土木工程,5,,,108710
A158,大连海洋大学,,能源与动力工程,2,,,83513
A158,大连海洋大学,,食品科学与工程,2,,,91022
A158,大连海洋大学,,海洋科学类,7,,,96733
A158,大连海洋大学,,生物科学,4,,,87581
A158,大连海洋大学,,电子信息工程,2,,,65230
A158,大连海洋大学,,机械设计制造及其自动化(中外合作办学),15,,,192439
A159,中国医科大学,,临床医学,2,,,4620
A159,中国医科大学,,临床医学(5+3一体化),2,,,4729
A159,中国医科大学,,临床医学,16,,,9183
A159,中国医科大学,,临床医学(检验医师培养试验班),1,,,7129
A159,中国医科大学,,医学影像学,2,,,10732
A159,中国医科大学,,口腔医学,2,,,7542
A159,中国医科大学,,法医学,2,,,23979
A159,中国医科大学,,生物技术(中外合作办学),4,,,68212
A159,中国医科大学,,药物制剂(中外合作办学),5,,,72294
A160,锦州医科大学,,临床医学,6,,,32870
A160,锦州医科大学,,麻醉学,1,,,27573
A160,锦州医科大学,,医学影像学,2,,,34125
A160,锦州医科大学,,口腔医学,1,,,20447
A160,锦州医科大学,,预防医学,1,,,57881
A160,锦州医科大学,,药学,2,,,61040
A160,锦州医科大学,,护理学,1,,,69283
A160,锦州医科大学,,医学检验技术,2,,,57779
A160,锦州医科大学,,食品科学与工程,1,,,76638
A160,锦州医科大学,,运动康复(中外合作办学),3,,,193676
A161,大连医科大学,,临床医学(5+3一体化),2,,,6308
A161,大连医科大学,,临床医学(5+3一体化，儿科学),2,,,10635
A161,大连医科大学,,临床医学,2,,,11352
A161,大连医科大学,,口腔医学,1,,,8191
A161,大连医科大学,,麻醉学,2,,,16279
A161,大连医科大学,,医学影像学,1,,,16031
A161,大连医科大学,,中西医临床医学,2,,,21949
A161,大连医科大学,,精神医学,2,,,25109
A161,大连医科大学,,基础医学,3,,,34068
A161,大连医科大学,,医学检验技术,2,,,30682
A161,大连医科大学,,临床药学,2,,,27805
A161,大连医科大学,,医学影像技术,2,,,28010
A161,大连医科大学,,生物制药,3,,,36500
A161,大连医科大学,,法学,2,,,30656
A161,大连医科大学,,护理学,2,,,51235
A162,辽宁中医药大学,,中医学,4,,,55991
A162,辽宁中医药大学,,中西医临床医学,4,,,82247
A162,辽宁中医药大学,,针灸推拿学,6,,,83443
A162,辽宁中医药大学,,中草药栽培与鉴定,3,,,149070
A162,辽宁中医药大学,,中药资源与开发,3,,,162847
A162,辽宁中医药大学,,医学检验技术,2,,,98714
A162,辽宁中医药大学,,市场营销,2,,,168151
A162,辽宁中医药大学,,物流管理,2,,,166359
A162,辽宁中医药大学,,公共事业管理,3,,,152357
A162,辽宁中医药大学,,医学信息工程,5,,,143071
A162,辽宁中医药大学,,信息管理与信息系统,4,,,161380
A162,辽宁中医药大学,,数据科学与大数据技术,3,,,136252
A162,辽宁中医药大学,,英语,5,,,146491
A162,辽宁中医药大学,,护理学(中外合作办学),10,,,180510
A163,沈阳药科大学,,药学类,20,,,35141
A163,沈阳药科大学,,药学(英语强化班),3,,,28762
A163,沈阳药科大学,,药学(日语强化班),3,,,33624
A163,沈阳药科大学,,制药工程,2,,,37460
A163,沈阳药科大学,,环境科学,3,,,134453
A163,沈阳药科大学,,应用化学,1,,,44743
A163,沈阳药科大学,,药物化学,8,,,48202
A163,沈阳药科大学,,中药学类,9,,,53607
A163,沈阳药科大学,,中药学(日语强化班),2,,,53767
A163,沈阳药科大学,,生物工程,1,,,37473
A163,沈阳药科大学,,生物制药,1,,,31878
A163,沈阳药科大学,,临床药学,2,,,36585
A163,沈阳药科大学,,生物制药(生命基地班),2,,,30177
A163,沈阳药科大学,,工商管理类,3,,,107320
A163,沈阳药科大学,,药事管理,7,,,65314
A163,沈阳药科大学,,医疗产品管理,4,,,97355
A163,沈阳药科大学,,食品科学与工程类,7,,,68854
A163,沈阳药科大学,,药学(理科基地班),6,,,22320
A164,沈阳医学院,,临床医学,5,,,59948
A164,沈阳医学院,,预防医学,1,,,77550
A164,沈阳医学院,,麻醉学,1,,,41020
A164,沈阳医学院,,医学影像学,1,,,35153
A164,沈阳医学院,,口腔医学,1,,,25875
A164,沈阳医学院,,精神医学,1,,,71024
A164,沈阳医学院,,医学检验技术,1,,,69092
A164,沈阳医学院,,护理学,1,,,108500
A164,沈阳医学院,,康复治疗学,1,,,98877
A164,沈阳医学院,,药学,1,,,78638
A164,沈阳医学院,,卫生检验与检疫,1,,,101768
A164,沈阳医学院,,助产学,1,,,130764
A164,沈阳医学院,,医学信息工程,1,,,135555
A164,沈阳医学院,,中药学,1,,,106477
A165,辽宁师范大学,,人工智能,2,,,62519
A165,辽宁师范大学,,计算机科学与技术(师范类),4,,,60216
A165,辽宁师范大学,,国际商务(中外合作办学),6,,,138179
A165,辽宁师范大学,,英语(中外合作办学),4,,,108159
A166,沈阳师范大学,,教育学(师范类),2,,,73086
A166,沈阳师范大学,,应用心理学(师范类),2,,,82851
A166,沈阳师范大学,,物理学(师范类),4,,,89907
A166,沈阳师范大学,,电子信息工程,5,,,109761
A166,沈阳师范大学,,化学(师范类),5,,,90878
A166,沈阳师范大学,,计算机科学与技术(师范类),4,,,77644
A166,沈阳师范大学,,环境生态工程,3,,,152284
A166,沈阳师范大学,,教育技术学(师范类),12,,,138069
A166,沈阳师范大学,,网络与新媒体,6,,,97720
A166,沈阳师范大学,,思想政治教育(师范类),3,,,62239
A166,沈阳师范大学,,旅游管理,2,,,154983
A166,沈阳师范大学,,历史学(师范类),2,,,65917
A166,沈阳师范大学,,酒店管理,6,,,173483
A166,沈阳师范大学,,物流管理,3,,,164240
A166,沈阳师范大学,,计算机科学与技术,5,,,112038
A166,沈阳师范大学,,软件工程,2,,,115155
A166,沈阳师范大学,,网络工程,2,,,119523
A166,沈阳师范大学,,社会学,5,,,119784
A166,沈阳师范大学,,社会工作,5,,,139457
A166,沈阳师范大学,,学前教育(师范类),8,,,123965
A166,沈阳师范大学,,小学教育(师范类),5,,,81895
A166,沈阳师范大学,,粮食工程,8,,,169032
A166,沈阳师范大学,,食品科学与工程,5,,,127982
A166,沈阳师范大学,,古生物学,6,,,143646
A166,沈阳师范大学,,数据科学与大数据技术,3,,,109122
A166,沈阳师范大学,,市场营销,3,,,155406
A166,沈阳师范大学,,翻译(中外高水平大学学生交流计划),4,,,202046
A167,渤海大学,,自动化,5,,,112957
A167,渤海大学,,会计学,1,,,79151
A167,渤海大学,,市场营销,4,,,152510
A167,渤海大学,,化学(师范类),6,,,122204
A167,渤海大学,,金融学,1,,,104912
A167,渤海大学,,信息与计算科学,2,,,110962
A167,渤海大学,,法语,2,,,127899
A167,渤海大学,,英语(师范类),6,,,103268
A167,渤海大学,,新闻学,5,,,115100
A167,渤海大学,,物联网工程,2,,,96625
A167,渤海大学,,软件工程,3,,,122270
A167,渤海大学,,思想政治教育(师范类),1,,,90351
A167,渤海大学,,学前教育(师范类),2,,,123710
A167,渤海大学,,小学教育(师范类),2,,,108877
A167,渤海大学,,教育技术学(师范类),1,,,139372
A167,渤海大学,,船舶与海洋工程,5,,,128930
A167,渤海大学,,食品营养与健康,2,,,120638
A167,渤海大学,,食品科学与工程(中外合作办学),5,,,204149
A169,鞍山师范学院,,英语(师范类),1,,,139914
A169,鞍山师范学院,,酒店管理,1,,,193124
A172,大连外国语大学,,日语,9,,,81140
A172,大连外国语大学,,英语,12,,,52795
A172,大连外国语大学,,翻译,6,,,84494
A172,大连外国语大学,,俄语,3,,,75586
A172,大连外国语大学,,阿拉伯语,7,,,293903
A172,大连外国语大学,,法语,3,,,57503
A172,大连外国语大学,,德语,8,,,145425
A172,大连外国语大学,,西班牙语,1,,,36929
A172,大连外国语大学,,葡萄牙语,1,,,251718
A172,大连外国语大学,,朝鲜语,13,,,274482
A172,大连外国语大学,,国际事务与国际关系,3,,,62423
A172,大连外国语大学,,西班牙语(中外合作办学),2,,,78705
A173,东北财经大学,,经济学,1,,,21557
A173,东北财经大学,,数字经济,3,,,33661
A173,东北财经大学,,财政学类,2,,,21394
A173,东北财经大学,,金融学类,2,,,20122
A173,东北财经大学,,金融科技,3,,,28853
A173,东北财经大学,,国际经济与贸易,2,,,28275
A173,东北财经大学,,法学,3,,,22457
A173,东北财经大学,,人工智能,2,,,27809
A173,东北财经大学,,数据科学与大数据技术,1,,,27273
A173,东北财经大学,,管理科学与工程类,4,,,43198
A173,东北财经大学,,管理科学与工程类,3,,,60115
A173,东北财经大学,,工商管理类,3,,,32057
A173,东北财经大学,,工商管理类,3,,,19278
A173,东北财经大学,,会计学(注册会计师方向),2,,,15610
A173,东北财经大学,,会计学(国际会计方向),2,,,18722
A173,东北财经大学,,公共管理类,2,,,40620
A173,东北财经大学,,物流管理,1,,,36726
A173,东北财经大学,,电子商务,2,,,32390
A173,东北财经大学,,工商管理(中外合作办学)(与英国萨里大学合作办学),12,,,69385
A173,东北财经大学,,财务管理(中外合作办学)(与英国萨里大学合作办学),13,,,48405
A173,东北财经大学,,旅游管理(中外合作办学)(与英国萨里大学合作办学),10,,,150632
A173,东北财经大学,,经济学(中外合作办学)(与加拿大西安大略大学国王大学学院合作办学),2,,,48465
A173,东北财经大学,,金融学(中外合作办学)(与英国奥斯特大学合作办学),7,,,49060
A173,东北财经大学,,会计学(中外合作办学)(与英国奥斯特大学合作办学),6,,,37709
A176,沈阳体育学院,,运动人体科学,3,,,177081
A176,沈阳体育学院,,运动康复,3,,,159915
A176,沈阳体育学院,,新闻学,2,,,155176
A176,沈阳体育学院,,网络与新媒体,2,,,175440
A176,沈阳体育学院,,应用心理学,2,,,177945
A177,沈阳音乐学院,,艺术史论(三好校区音乐学系),3,,,202249
A177,沈阳音乐学院,,戏剧影视文学(长青校区戏剧影视学院),4,,,199626
A177,沈阳音乐学院,,广播电视编导(长青校区戏剧影视学院),3,,,176187
A183,吉林大学,,哲学(匡亚明班，拔尖学生培养基地),1,,,12329
A183,吉林大学,,哲学,4,,,13787
A183,吉林大学,,社会学类,5,,,14889
A183,吉林大学,,汉语言文学(匡亚明班，拔尖学生培养基地),2,,,8243
A183,吉林大学,,汉语言文学,2,,,8904
A183,吉林大学,,考古学,4,,,10752
A183,吉林大学,,新闻传播学类,6,,,16740
A183,吉林大学,,广播电视编导,2,,,29556
A183,吉林大学,,英语,7,,,17844
A183,吉林大学,,俄语,2,,,21692
A183,吉林大学,,西班牙语,4,,,22145
A183,吉林大学,,日语,4,,,24241
A183,吉林大学,,政治学与行政学,6,,,13863
A183,吉林大学,,外交学,2,,,13568
A183,吉林大学,,会计学,15,,,13903
A183,吉林大学,,管理科学与工程类,8,,,15260
A183,吉林大学,,档案学,6,,,17776
A183,吉林大学,,数学类,10,,,7786
A183,吉林大学,,物理学类,8,,,9432
A183,吉林大学,,化学类,18,,,13006
A183,吉林大学,,生物科学类,4,,,10853
A183,吉林大学,,生物工程类,8,,,13530
A183,吉林大学,,机械工程(饶斌班，本研贯通),1,,,7789
A183,吉林大学,,机械工程,10,,,12781
A183,吉林大学,,工业工程,6,,,20062
A183,吉林大学,,工程力学,3,,,14811
A183,吉林大学,,工业设计,6,,,15446
A183,吉林大学,,车辆工程(饶斌班，本研贯通),1,,,6846
A183,吉林大学,,车辆工程,8,,,11295
A183,吉林大学,,能源与动力工程,15,,,13829
A183,吉林大学,,材料类,23,,,17739
A183,吉林大学,,交通运输类,20,,,16754
A183,吉林大学,,农业机械化及其自动化(饶斌班，本研贯通),1,,,13977
A183,吉林大学,,仿生科学与工程,7,,,14963
A183,吉林大学,,食品科学与工程类,8,,,18181
A183,吉林大学,,电子信息类,20,,,9787
A183,吉林大学,,通信工程,12,,,10794
A183,吉林大学,,信息工程,7,,,10785
A183,吉林大学,,空间信息与数字技术,4,,,10349
A183,吉林大学,,自动化,7,,,10269
A183,吉林大学,,机器人工程,2,,,10535
A183,吉林大学,,软件工程,24,,,10047
A183,吉林大学,,数据科学与大数据技术,6,,,9281
A183,吉林大学,,仪器类,12,,,13233
A183,吉林大学,,电气工程及其自动化,8,,,10622
A183,吉林大学,,地质学(李四光班，本研贯通),1,,,12700
A183,吉林大学,,地球物理学(李四光班，本研贯通),1,,,14717
A183,吉林大学,,土木类,20,,,23673
A183,吉林大学,,环境科学与工程类,8,,,19905
A183,吉林大学,,新能源科学与工程,2,,,10945
A183,吉林大学,,预防医学,12,,,16929
A183,吉林大学,,临床医学(5+3一体化),2,,,3801
A183,吉林大学,,临床医学,4,,,5316
A183,吉林大学,,临床医学(5+3一体化，儿科学),5,,,6228
A183,吉林大学,,临床医学(5+3一体化),6,,,4373
A183,吉林大学,,临床医学(5+3一体化),3,,,4803
A183,吉林大学,,临床医学,6,,,5606
A183,吉林大学,,口腔医学,2,,,5207
A183,吉林大学,,药学,12,,,17110
A183,吉林大学,,临床药学,3,,,14257
A183,吉林大学,,康复治疗学,2,,,20623
A183,吉林大学,,护理学,10,,,24886
A183,吉林大学,,动物医学,9,,,19491
A183,吉林大学,,人工智能,4,,,8490
A183,吉林大学,,经济学(国别与区域经济),5,,,15244
A183,吉林大学,,生物医学科学,4,,,12678
A183,吉林大学,,朝鲜语,3,,,21767
A183,吉林大学,,经济学类,15,,,13517
A183,吉林大学,,法学,8,,,4796
A183,吉林大学,,工商管理类,4,,,16234
A183,吉林大学,,农业机械化及其自动化,4,,,17430
A183,吉林大学,,计算机科学与技术,14,,,7946
A183,吉林大学,,物联网工程,4,,,8820
A183,吉林大学,,网络空间安全,4,,,8089
A183,吉林大学,,地质类,20,,,22763
A183,吉林大学,,勘查技术与工程,10,,,20841
A183,吉林大学,,植物生产类,15,,,22887
A183,吉林大学,,物理学(中外合作办学),6,,,27005
A184,延边大学,,朝鲜语,2,,,47204
A184,延边大学,,中国语言文学类,3,,,28235
A184,延边大学,,法学,3,,,24855
A184,延边大学,,电子信息类,4,,,25136
A184,延边大学,,人工智能,4,,,27302
A184,延边大学,,机械类,4,,,30409
A184,延边大学,,高分子材料与工程,4,,,39870
A184,延边大学,,土木工程,3,,,44054
A184,延边大学,,护理学,6,,,52584
A184,延边大学,,工商管理类,6,,,40500
A184,延边大学,,经济学类,6,,,37289
A184,延边大学,,信息管理与信息系统,3,,,36604
A184,延边大学,,物流管理,2,,,42537
A184,延边大学,,旅游管理,4,,,49813
A184,延边大学,,地理科学类,8,,,42259
A184,延边大学,,化学类,4,,,40667
A184,延边大学,,物理学,4,,,34903
A184,延边大学,,食品科学与工程,3,,,43524
A184,延边大学,,俄语,2,,,58259
A184,延边大学,,药学类,3,,,39087
A184,延边大学,,临床医学,3,,,24368
A184,延边大学,,麻醉学,3,,,26707
A184,延边大学,,预防医学,3,,,39751
A184,延边大学,,中医学,3,,,32991
A184,延边大学,,英语,2,,,34446
A184,延边大学,,日语,2,,,41439
A184,延边大学,,通信工程(中外合作办学),4,,,49819
A184,延边大学,,经济学(中外合作办学),6,,,60740
A184,延边大学,,食品科学与工程(中外合作办学),6,,,67782
A186,长春理工大学,,应用物理学,3,,,59488
A186,长春理工大学,,电子科学与技术,2,,,39921
A186,长春理工大学,,微电子科学与工程,4,,,46759
A186,长春理工大学,,光电信息科学与工程,5,,,40913
A186,长春理工大学,,测控技术与仪器,4,,,57889
A186,长春理工大学,,智能感知工程,3,,,62900
A186,长春理工大学,,光电信息科学与工程,10,,,37614
A186,长春理工大学,,探测制导与控制技术,2,,,58280
A186,长春理工大学,,信息对抗技术,3,,,53121
A186,长春理工大学,,机械设计制造及其自动化,5,,,49398
A186,长春理工大学,,机械电子工程,5,,,63891
A186,长春理工大学,,过程装备与控制工程,7,,,88888
A186,长春理工大学,,电气工程及其自动化,5,,,50924
A186,长春理工大学,,电子信息工程,2,,,39322
A186,长春理工大学,,通信工程,2,,,40924
A186,长春理工大学,,电子信息科学与技术,2,,,45733
A186,长春理工大学,,自动化,3,,,52995
A186,长春理工大学,,计算机科学与技术,4,,,30724
A186,长春理工大学,,软件工程,2,,,31900
A186,长春理工大学,,信息安全,3,,,38936
A186,长春理工大学,,数据科学与大数据技术,5,,,48903
A186,长春理工大学,,机器人工程,2,,,50971
A186,长春理工大学,,材料化学,9,,,106043
A186,长春理工大学,,功能材料,3,,,105856
A186,长春理工大学,,新能源材料与器件,6,,,76146
A186,长春理工大学,,应用化学,2,,,76314
A186,长春理工大学,,化学工程与工艺,4,,,85203
A186,长春理工大学,,环境工程,2,,,81277
A186,长春理工大学,,应用统计学,5,,,75048
A186,长春理工大学,,生物技术,2,,,82267
A186,长春理工大学,,生物医学工程,5,,,74614
A186,长春理工大学,,生物工程,2,,,79703
A186,长春理工大学,,金融工程,9,,,105128
A186,长春理工大学,,国际经济与贸易,2,,,99742
A186,长春理工大学,,信息管理与信息系统,1,,,56741
A186,长春理工大学,,俄语,5,,,204490
A186,长春理工大学,,日语,3,,,129865
A186,长春理工大学,,朝鲜语,3,,,178247
A186,长春理工大学,,翻译,2,,,93614
A186,长春理工大学,,汉语言文学,3,,,57951
A186,长春理工大学,,汉语国际教育,2,,,93077
A186,长春理工大学,,广告学,2,,,92704
A186,长春理工大学,,法学,2,,,49768
A186,长春理工大学,,社会工作,3,,,115309
A186,长春理工大学,,数学类,3,,,67996
A186,长春理工大学,,工商管理类,8,,,92925
A186,长春理工大学,,光电信息科学与工程(中外合作办学),18,,,116507
A186,长春理工大学,,光电信息科学与工程(中外合作办学),19,,,100911
A186,长春理工大学,,生物工程(中外合作办学),11,,,192011
A186,长春理工大学,,应用物理学(中外合作办学),5,,,173227
A186,长春理工大学,,电子科学与技术(中外合作办学),8,,,129406
A186,长春理工大学,,测控技术与仪器(中外合作办学),9,,,167501
A188,东北电力大学,,电气工程及其自动化,14,,,21661
A188,东北电力大学,,电子信息工程,3,,,28743
A188,东北电力大学,,智能电网信息工程,5,,,24069
A188,东北电力大学,,通信工程,5,,,39965
A188,东北电力大学,,能源与动力工程,19,,,48797
A188,东北电力大学,,储能科学与工程,3,,,45655
A188,东北电力大学,,建筑环境与能源应用工程,4,,,89759
A188,东北电力大学,,核工程与核技术,7,,,49274
A188,东北电力大学,,新能源科学与工程,4,,,35109
A188,东北电力大学,,自动化,11,,,35112
A188,东北电力大学,,机器人工程,6,,,48192
A188,东北电力大学,,测控技术与仪器,5,,,57852
A188,东北电力大学,,应用化学,10,,,89272
A188,东北电力大学,,能源化学工程,7,,,79122
A188,东北电力大学,,环境工程,3,,,86947
A188,东北电力大学,,化学工程与工业生物工程,3,,,63158
A188,东北电力大学,,会计学,10,,,55738
A188,东北电力大学,,信息管理与信息系统,3,,,54845
A188,东北电力大学,,土木工程,12,,,100031
A188,东北电力大学,,工程管理,5,,,100616
A188,东北电力大学,,给排水科学与工程,4,,,72292
A188,东北电力大学,,计算机科学与技术,8,,,30285
A188,东北电力大学,,智能科学与技术,4,,,42104
A188,东北电力大学,,软件工程,4,,,35740
A188,东北电力大学,,机械设计制造及其自动化,6,,,52369
A188,东北电力大学,,材料成型及控制工程,4,,,92519
A188,东北电力大学,,机械电子工程,5,,,60285
A188,东北电力大学,,数学与应用数学,4,,,52104
A188,东北电力大学,,信息与计算科学,3,,,51132
A188,东北电力大学,,新能源材料与器件,2,,,45841
A188,东北电力大学,,日语,11,,,226767
A188,东北电力大学,,英语,10,,,104707
A188,东北电力大学,,思想政治教育,4,,,67553
A188,东北电力大学,,广播电视编导,9,,,143283
A188,东北电力大学,,电气工程及其自动化(中外合作办学),30,,,40698
A188,东北电力大学,,土木工程(中外合作办学),5,,,141090
A190,长春工业大学,,机械工程,2,,,87408
A190,长春工业大学,,机械电子工程,1,,,76518
A190,长春工业大学,,车辆工程,2,,,98407
A190,长春工业大学,,工业设计,2,,,106967
A190,长春工业大学,,工业工程,2,,,120714
A190,长春工业大学,,智能制造工程,1,,,66428
A190,长春工业大学,,材料成型及控制工程,2,,,139503
A190,长春工业大学,,金属材料工程,6,,,153741
A190,长春工业大学,,材料物理,4,,,158467
A190,长春工业大学,,智能材料与结构,2,,,151097
A190,长春工业大学,,电气工程及其自动化,1,,,68846
A190,长春工业大学,,自动化,3,,,81159
A190,长春工业大学,,测控技术与仪器,3,,,117006
A190,长春工业大学,,机器人工程,5,,,87141
A190,长春工业大学,,计算机科学与技术,12,,,72703
A190,长春工业大学,,软件工程,3,,,74755
A190,长春工业大学,,电子信息工程,5,,,91839
A190,长春工业大学,,信息安全,6,,,81339
A190,长春工业大学,,工商管理,3,,,122907
A190,长春工业大学,,电子商务,4,,,151236
A190,长春工业大学,,会计学,4,,,109388
A190,长春工业大学,,信息管理与信息系统,3,,,122718
A190,长春工业大学,,金融学,4,,,122603
A190,长春工业大学,,国际经济与贸易,2,,,139001
A190,长春工业大学,,高分子材料与工程,6,,,141310
A190,长春工业大学,,化学工程与工艺,6,,,137503
A190,长春工业大学,,环境工程,5,,,149875
A190,长春工业大学,,制药工程,4,,,120532
A190,长春工业大学,,涂料工程,1,,,160216
A190,长春工业大学,,材料化学,3,,,161583
A190,长春工业大学,,化学,2,,,122110
A190,长春工业大学,,生物工程,1,,,112740
A190,长春工业大学,,食品科学与工程,1,,,127255
A190,长春工业大学,,化妆品技术与工程,1,,,105587
A190,长春工业大学,,数字媒体技术,10,,,109233
A190,长春工业大学,,网络与新媒体,1,,,80724
A190,长春工业大学,,公共事业管理,4,,,150290
A190,长春工业大学,,社会工作,1,,,135823
A190,长春工业大学,,行政管理,4,,,139624
A190,长春工业大学,,信息与计算科学,5,,,103346
A190,长春工业大学,,统计学,3,,,114329
A190,长春工业大学,,数据科学与大数据技术,5,,,94532
A190,长春工业大学,,经济统计学,2,,,126881
A190,长春工业大学,,英语,2,,,104097
A190,长春工业大学,,俄语,1,,,143711
A190,长春工业大学,,日语,4,,,166100
A190,长春工业大学,,电气工程及其自动化(中外合作办学),5,,,147982
A190,长春工业大学,,计算机科学与技术(中外合作办学),5,,,147076
A190,长春工业大学,,工业工程(中外合作办学),10,,,200460
A190,长春工业大学,,机械工程(中外合作办学),5,,,184959
A191,吉林建筑大学,,建筑学,2,,,81841
A191,吉林建筑大学,,城乡规划,3,,,147832
A191,吉林建筑大学,,土木工程,15,,,169301
A191,吉林建筑大学,,工程力学,2,,,162744
A191,吉林建筑大学,,机械工程,2,,,137064
A191,吉林建筑大学,,城市地下空间工程,4,,,177133
A191,吉林建筑大学,,建筑环境与能源应用工程,13,,,186173
A191,吉林建筑大学,,给排水科学与工程,8,,,176226
A191,吉林建筑大学,,环境工程,4,,,174018
A191,吉林建筑大学,,环境科学,6,,,186949
A191,吉林建筑大学,,安全工程,14,,,177588
A191,吉林建筑大学,,无机非金属材料工程,11,,,182487
A191,吉林建筑大学,,高分子材料与工程,6,,,167408
A191,吉林建筑大学,,材料化学,3,,,171804
A191,吉林建筑大学,,工程管理,5,,,165436
A191,吉林建筑大学,,物流管理,2,,,157972
A191,吉林建筑大学,,财务管理,2,,,117585
A191,吉林建筑大学,,公共事业管理,2,,,150665
A191,吉林建筑大学,,城市管理,2,,,142587
A191,吉林建筑大学,,社会工作,4,,,157635
A191,吉林建筑大学,,道路桥梁与渡河工程,15,,,183731
A191,吉林建筑大学,,交通工程,4,,,153314
A191,吉林建筑大学,,电气工程及其自动化,4,,,116866
A191,吉林建筑大学,,电子信息工程,4,,,129433
A191,吉林建筑大学,,电子信息科学与技术,5,,,130403
A191,吉林建筑大学,,自动化,5,,,123735
A191,吉林建筑大学,,计算机科学与技术,2,,,115431
A191,吉林建筑大学,,软件工程,4,,,120882
A191,吉林建筑大学,,建筑电气与智能化,7,,,154092
A191,吉林建筑大学,,测绘工程,6,,,165412
A191,吉林建筑大学,,地理空间信息工程,2,,,147233
A191,吉林建筑大学,,地质工程,6,,,167793
A191,吉林建筑大学,,地理信息科学,2,,,143421
A191,吉林建筑大学,,风景园林,2,,,139531
A191,吉林建筑大学,,工程造价,4,,,151314
A191,吉林建筑大学,,勘查技术与工程,2,,,167318
A191,吉林建筑大学,,消防工程,10,,,183438
A191,吉林建筑大学,,建筑学(中外合作办学),3,,,175890
A191,吉林建筑大学,,土木工程(中外合作办学),4,,,208209
A191,吉林建筑大学,,电气工程及其自动化(中外合作办学),3,,,165877
A191,吉林建筑大学,,工程管理(中外合作办学),4,,,212571
A192,吉林化工学院,,化学工程与工艺,1,,,99088
A192,吉林化工学院,,轻化工程,1,,,178442
A192,吉林化工学院,,油气储运工程,2,,,174160
A192,吉林化工学院,,材料成型及控制工程,2,,,189031
A192,吉林化工学院,,能源与动力工程,2,,,173740
A192,吉林化工学院,,工业工程,1,,,151305
A192,吉林化工学院,,过程装备与控制工程,2,,,198610
A192,吉林化工学院,,电气工程及其自动化,1,,,113293
A192,吉林化工学院,,测控技术与仪器,1,,,195093
A192,吉林化工学院,,电子信息工程,1,,,144581
A192,吉林化工学院,,自动化,1,,,153232
A192,吉林化工学院,,计算机科学与技术,2,,,138200
A192,吉林化工学院,,智能装备与系统,4,,,184294
A192,吉林化工学院,,化学,3,,,190849
A192,吉林化工学院,,应用化学,1,,,180415
A192,吉林化工学院,,制药工程,1,,,149742
A192,吉林化工学院,,药物制剂,1,,,161492
A192,吉林化工学院,,安全工程,2,,,198837
A192,吉林化工学院,,给排水科学与工程,1,,,200547
A192,吉林化工学院,,环境科学,3,,,192126
A192,吉林化工学院,,环境工程,2,,,191451
A192,吉林化工学院,,国际经济与贸易,1,,,194158
A192,吉林化工学院,,金融工程,1,,,190068
A192,吉林化工学院,,市场营销,2,,,201207
A192,吉林化工学院,,工程管理,4,,,204805
A192,吉林化工学院,,信息管理与信息系统,4,,,195598
A192,吉林化工学院,,物流工程,2,,,195029
A192,吉林化工学院,,英语,1,,,192968
A192,吉林化工学院,,日语,1,,,182902
A192,吉林化工学院,,应用物理学,2,,,183446
A192,吉林化工学院,,数据科学与大数据技术,6,,,136259
A192,吉林化工学院,,高分子材料与工程,3,,,177102
A192,吉林化工学院,,材料物理,1,,,158948
A192,吉林化工学院,,材料化学,3,,,187838
A192,吉林化工学院,,材料科学与工程,3,,,188256
A192,吉林化工学院,,生物技术,2,,,173692
A192,吉林化工学院,,生物工程,2,,,171504
A192,吉林化工学院,,车辆工程,2,,,175425
A192,吉林化工学院,,飞行器制造工程,4,,,183465
A192,吉林化工学院,,飞行器动力工程,1,,,173061
A192,吉林化工学院,,化学工程与工艺(中外合作办学),15,,,222338
A192,吉林化工学院,,电气工程及其自动化(中外合作办学),10,,,222295
A192,吉林化工学院,,电子信息工程(中外合作办学),15,,,224669
A193,吉林农业大学,,植物生产类,10,,,156834
A193,吉林农业大学,,工商管理类,9,,,140282
A193,吉林农业大学,,自然保护与环境生态类,4,,,158021
A193,吉林农业大学,,环境科学与工程类,2,,,156648
A193,吉林农业大学,,机械类,5,,,134866
A193,吉林农业大学,,动物生产类,3,,,158093
A193,吉林农业大学,,中药学类,7,,,143958
A193,吉林农业大学,,食品科学与工程类,9,,,149766
A193,吉林农业大学,,生物科学类,5,,,136657
A193,吉林农业大学,,生物工程类,6,,,154408
A193,吉林农业大学,,计算机类,3,,,107080
A193,吉林农业大学,,植物生产类,9,,,165445
A193,吉林农业大学,,植物生产类,10,,,165711
A193,吉林农业大学,,智慧农业,2,,,137854
A193,吉林农业大学,,动物药学,5,,,132547
A193,吉林农业大学,,电子信息科学与技术,2,,,118928
A193,吉林农业大学,,风景园林,4,,,139497
A193,吉林农业大学,,金融学,2,,,126081
A193,吉林农业大学,,动物医学,2,,,73712
A193,吉林农业大学,,农药化肥,12,,,173274
A193,吉林农业大学,,思想政治教育,2,,,103223
A193,吉林农业大学,,生物信息学,5,,,154970
A193,吉林农业大学,,兽医公共卫生,2,,,142125
A193,吉林农业大学,,生物育种科学,2,,,147213
A193,吉林农业大学,,生物技术(中外合作办学),8,,,196559
A193,吉林农业大学,,动物科学(中外合作办学),12,,,204305
A199,长春中医药大学,,制药工程,1,,,56507
A199,长春中医药大学,,临床医学,10,,,50576
A199,长春中医药大学,,中医学,3,,,52609
A199,长春中医药大学,,中医学(5+3一体化),6,,,35673
A199,长春中医药大学,,针灸推拿学,12,,,89803
A199,长春中医药大学,,中医康复学,3,,,98230
A199,长春中医药大学,,中医儿科学,2,,,63531
A199,长春中医药大学,,中医骨伤科学,2,,,69352
A199,长春中医药大学,,中西医临床医学,13,,,84645
A199,长春中医药大学,,药学,1,,,78541
A199,长春中医药大学,,药物制剂,1,,,74747
A199,长春中医药大学,,中药学,1,,,113421
A199,长春中医药大学,,康复治疗学,1,,,102965
A199,长春中医药大学,,护理学,2,,,108405
A199,长春中医药大学,,中医养生学,3,,,109642
A199,长春中医药大学,,生物制药(中外合作办学),5,,,183455
A200,东北师范大学,,心理学(师范类),2,,,25227
A200,东北师范大学,,汉语言文学(师范类),2,,,12188
A200,东北师范大学,,历史学(师范类),2,,,14471
A200,东北师范大学,,英语(师范类),2,,,13470
A200,东北师范大学,,日语(师范类),2,,,30671
A200,东北师范大学,,俄语(师范类),2,,,34592
A200,东北师范大学,,商务英语,2,,,27331
A200,东北师范大学,,化学(师范类),3,,,14544
A200,东北师范大学,,德语(师范类),3,,,36134
A200,东北师范大学,,教育学类(师范类),2,,,19476
A200,东北师范大学,,政治学类,4,,,20423
A200,东北师范大学,,经济学类,7,,,27198
A200,东北师范大学,,马克思主义理论类,5,,,17371
A200,东北师范大学,,数学类,4,,,17317
A200,东北师范大学,,计算机类,8,,,20989
A200,东北师范大学,,物理学类,6,,,21303
A200,东北师范大学,,生物科学类,2,,,15704
A200,东北师范大学,,地理科学类,3,,,17623
A200,东北师范大学,,环境科学与工程类,4,,,36810
A200,东北师范大学,,新闻传播学类,2,,,24346
A200,东北师范大学,,法学,3,,,17475
A200,东北师范大学,,会计学(中外合作办学),6,,,34593
A200,东北师范大学,,计算机科学与技术(中外合作办学),6,,,31612
A201,北华大学,,法学,5,,,68889
A201,北华大学,,思想政治教育,2,,,77194
A201,北华大学,,小学教育(师范类),6,,,115312
A201,北华大学,,汉语言文学(师范类),2,,,68534
A201,北华大学,,网络与新媒体,2,,,100176
A201,北华大学,,历史学(师范类),2,,,69976
A201,北华大学,,英语,11,,,141240
A201,北华大学,,西班牙语,2,,,216928
A201,北华大学,,日语,4,,,161725
A201,北华大学,,法语,6,,,178381
A201,北华大学,,俄语,4,,,159943
A201,北华大学,,数学与应用数学(师范类),3,,,109604
A201,北华大学,,经济统计学,4,,,118055
A201,北华大学,,统计学,5,,,123994
A201,北华大学,,物理学(师范类),3,,,124983
A201,北华大学,,化学(师范类),4,,,107759
A201,北华大学,,机械设计制造及其自动化,3,,,124730
A201,北华大学,,工业设计,2,,,130960
A201,北华大学,,材料成型及控制工程,2,,,128727
A201,北华大学,,应用化学,5,,,144940
A201,北华大学,,家具设计与工程,2,,,167854
A201,北华大学,,电子信息工程,7,,,116331
A201,北华大学,,通信工程,3,,,112887
A201,北华大学,,机器人工程,6,,,123058
A201,北华大学,,软件工程,5,,,103857
A201,北华大学,,数字媒体技术,2,,,92082
A201,北华大学,,车辆工程,4,,,132584
A201,北华大学,,土木工程,4,,,139774
A201,北华大学,,工程管理,4,,,149678
A201,北华大学,,林学,5,,,147667
A201,北华大学,,风景园林,7,,,135578
A201,北华大学,,临床医学,4,,,63882
A201,北华大学,,医学影像学,2,,,68834
A201,北华大学,,预防医学,2,,,84540
A201,北华大学,,医学检验技术,3,,,83838
A201,北华大学,,护理学,6,,,135581
A201,北华大学,,药学,3,,,112497
A201,北华大学,,工商管理,4,,,127948
A201,北华大学,,国际经济与贸易,2,,,121022
A201,北华大学,,会计学,4,,,97952
A201,北华大学,,物流管理,2,,,137909
A201,北华大学,,行政管理,3,,,136156
A201,北华大学,,机械设计制造及其自动化(中外合作办学),18,,,204965
A201,北华大学,,通信工程(中外合作办学),10,,,188313
A201,北华大学,,护理学(中外合作办学),11,,,180441
A202,通化师范学院,,法学,2,,,134849
A202,通化师范学院,,思想政治教育(师范类),4,,,157915
A202,通化师范学院,,汉语言文学(师范类),8,,,147629
A202,通化师范学院,,汉语国际教育(师范类),2,,,162103
A202,通化师范学院,,英语(师范类),5,,,180304
A202,通化师范学院,,数学与应用数学(师范类),2,,,188137
A202,通化师范学院,,广播电视编导,2,,,195761
A202,通化师范学院,,计算机科学与技术,8,,,183739
A202,通化师范学院,,食品科学与工程,2,,,193109
A202,通化师范学院,,食品质量与安全,2,,,194021
A202,通化师范学院,,药物制剂,4,,,192102
A202,通化师范学院,,财务管理,2,,,174292
A202,通化师范学院,,生物科学(中外合作办学),5,,,217721
A202,通化师范学院,,食品科学与工程(中外合作办学),8,,,217883
A203,吉林师范大学,,汉语言文学(师范类),2,,,50351
A203,吉林师范大学,,汉语国际教育,1,,,75969
A203,吉林师范大学,,思想政治教育(师范类),2,,,56375
A203,吉林师范大学,,历史学(师范类),2,,,59851
A203,吉林师范大学,,英语(师范类),3,,,65748
A203,吉林师范大学,,俄语,3,,,121721
A203,吉林师范大学,,日语,3,,,302956
A203,吉林师范大学,,朝鲜语,3,,,216957
A203,吉林师范大学,,德语,3,,,276391
A203,吉林师范大学,,西班牙语,3,,,244236
A203,吉林师范大学,,心理学(师范类),2,,,72362
A203,吉林师范大学,,小学教育(师范类),1,,,64321
A203,吉林师范大学,,数学与应用数学(师范类),2,,,65105
A203,吉林师范大学,,计算机科学与技术(师范类),1,,,78140
A203,吉林师范大学,,数据科学与大数据技术,2,,,70752
A203,吉林师范大学,,软件工程,2,,,112823
A203,吉林师范大学,,应用物理学,2,,,109131
A203,吉林师范大学,,应用化学,1,,,95340
A203,吉林师范大学,,生物科学(师范类),1,,,44185
A203,吉林师范大学,,地理信息科学,2,,,76514
A203,吉林师范大学,,旅游管理,2,,,166653
A203,吉林师范大学,,新闻学,2,,,111493
A203,吉林师范大学,,编辑出版学,2,,,113828
A203,吉林师范大学,,广播电视编导,8,,,168709
A203,吉林师范大学,,光电信息科学与工程,2,,,110007
A203,吉林师范大学,,社会工作,1,,,94729
A203,吉林师范大学,,法学,1,,,41918
A203,吉林师范大学,,金融学,4,,,152411
A203,吉林师范大学,,人力资源管理,4,,,150421
A203,吉林师范大学,,财务管理,3,,,139268
A203,吉林师范大学,,环境科学,2,,,149895
A203,吉林师范大学,,给排水科学与工程,2,,,135686
A203,吉林师范大学,,环境工程,2,,,169113
A203,吉林师范大学,,学前教育(中外合作办学)(师范类),3,,,170988
A203,吉林师范大学,,电子信息工程(中外合作办学),4,,,180944
A204,吉林工程技术师范学院,,人力资源管理(师范类),10,,,205204
A204,吉林工程技术师范学院,,机械设计制造及其自动化(中外合作办学),18,,,233002
A205,长春师范大学,,思想政治教育(师范类),2,,,72958
A205,长春师范大学,,车辆工程,4,,,143733
A205,长春师范大学,,机械设计制造及其自动化,4,,,135116
A205,长春师范大学,,图书馆学,4,,,131096
A205,长春师范大学,,行政管理,2,,,126032
A205,长春师范大学,,小学教育(师范类),4,,,101010
A205,长春师范大学,,化学(师范类),5,,,103343
A205,长春师范大学,,物理学(师范类),5,,,112687
A205,长春师范大学,,应用物理学,3,,,149387
A205,长春师范大学,,历史学(师范类),4,,,74046
A205,长春师范大学,,文物与博物馆学,3,,,99470
A205,长春师范大学,,数学与应用数学(师范类),4,,,101548
A205,长春师范大学,,环境科学,4,,,162985
A205,长春师范大学,,科学教育(师范类),6,,,129677
A205,长春师范大学,,人文教育(师范类),4,,,118277
A205,长春师范大学,,地理科学(师范类),3,,,73972
A205,长春师范大学,,地理信息科学,3,,,112397
A205,长春师范大学,,生物技术,5,,,139114
A205,长春师范大学,,生物科学(师范类),5,,,98589
A205,长春师范大学,,汉语国际教育(师范类),4,,,102745
A205,长春师范大学,,汉语言文学(师范类),5,,,65645
A205,长春师范大学,,法学,2,,,70297
A205,长春师范大学,,经济与金融,4,,,142525
A205,长春师范大学,,计算机科学与技术(师范类),3,,,104261
A205,长春师范大学,,朝鲜语(师范类),4,,,289146
A205,长春师范大学,,俄语(师范类),4,,,232989
A205,长春师范大学,,法语,4,,,268835
A205,长春师范大学,,日语(师范类),4,,,259336
A205,长春师范大学,,西班牙语,4,,,190105
A205,长春师范大学,,英语(师范类),3,,,77575
A205,长春师范大学,,阿拉伯语,2,,,180030
A205,长春师范大学,,广告学,4,,,261648
A205,长春师范大学,,广播电视编导,5,,,157027
A205,长春师范大学,,戏剧影视文学,5,,,162201
A205,长春师范大学,,学前教育(师范类),3,,,151427
A205,长春师范大学,,旅游管理(中外合作办学),4,,,207402
A205,长春师范大学,,计算机科学与技术(中外合作办学),4,,,177367
A205,长春师范大学,,学前教育(中外合作办学)(师范类),5,,,187564
A205,长春师范大学,,会计学,4,,,126908
A205,长春师范大学,,人工智能,8,,,161118
A206,白城师范学院,,思想政治教育(师范类),5,,,165236
A206,白城师范学院,,汉语言文学(师范类),8,,,152818
A206,白城师范学院,,数学与应用数学(师范类),7,,,192784
A206,白城师范学院,,法学,2,,,134220
A206,白城师范学院,,人文教育(师范类),6,,,195862
A206,白城师范学院,,商务英语,3,,,198289
A206,白城师范学院,,统计学,3,,,192939
A206,白城师范学院,,电子信息工程,2,,,195198
A206,白城师范学院,,生物技术,4,,,200472
A206,白城师范学院,,园艺,2,,,205231
A206,白城师范学院,,动物科学,2,,,170590
A206,白城师范学院,,机械设计制造及其自动化,2,,,204799
A206,白城师范学院,,机械电子工程,2,,,207328
A206,白城师范学院,,计算机科学与技术,2,,,189563
A206,白城师范学院,,财务管理,2,,,177999
A206,白城师范学院,,地理信息科学,3,,,179354
A206,白城师范学院,,数据科学与大数据技术,2,,,197736
A206,白城师范学院,,学前教育(中外合作办学),2,,,207119
A206,白城师范学院,,软件工程,4,,,204904
A207,吉林财经大学,,会计学,5,,,53489
A207,吉林财经大学,,审计学,4,,,55581
A207,吉林财经大学,,英语,3,,,78624
A207,吉林财经大学,,日语,3,,,198588
A207,吉林财经大学,,朝鲜语,4,,,183920
A207,吉林财经大学,,计算机科学与技术,3,,,62757
A207,吉林财经大学,,国际经济与贸易,4,,,87390
A207,吉林财经大学,,法学,3,,,56049
A207,吉林财经大学,,经济统计学,4,,,70833
A207,吉林财经大学,,保险学,4,,,91824
A207,吉林财经大学,,税收学,4,,,59693
A207,吉林财经大学,,财政学,2,,,61613
A207,吉林财经大学,,经济学,3,,,68614
A207,吉林财经大学,,金融学,4,,,67201
A207,吉林财经大学,,金融工程,3,,,85200
A207,吉林财经大学,,信息管理与信息系统,2,,,93418
A207,吉林财经大学,,市场营销,2,,,102428
A207,吉林财经大学,,物流管理,2,,,118122
A207,吉林财经大学,,数学与应用数学,3,,,77855
A207,吉林财经大学,,资产评估,2,,,70305
A207,吉林财经大学,,跨境电子商务,3,,,109183
A207,吉林财经大学,,养老服务管理,2,,,127656
A207,吉林财经大学,,电子商务(中外合作办学),3,,,161476
A207,吉林财经大学,,金融学(中外合作办学),4,,,107389
A207,吉林财经大学,,会计学(中外合作办学),4,,,76516
A212,黑龙江大学,,哲学,3,,,41554
A212,黑龙江大学,,经济学,2,,,52278
A212,黑龙江大学,,法学,2,,,25442
A212,黑龙江大学,,教育学,7,,,67424
A212,黑龙江大学,,汉语言文学,2,,,32781
A212,黑龙江大学,,英语,2,,,42460
A212,黑龙江大学,,俄语,1,,,44475
A212,黑龙江大学,,德语,2,,,92440
A212,黑龙江大学,,法语,2,,,70955
A212,黑龙江大学,,西班牙语,2,,,286732
A212,黑龙江大学,,阿拉伯语,4,,,269258
A212,黑龙江大学,,日语,5,,,117969
A212,黑龙江大学,,朝鲜语,4,,,276984
A212,黑龙江大学,,翻译(俄语),5,,,143243
A212,黑龙江大学,,翻译(英语),2,,,74816
A212,黑龙江大学,,考古学,3,,,60048
A212,黑龙江大学,,数学与应用数学,2,,,56518
A212,黑龙江大学,,信息与计算科学,7,,,63683
A212,黑龙江大学,,物理学,10,,,79021
A212,黑龙江大学,,化学,4,,,57693
A212,黑龙江大学,,应用心理学,2,,,58273
A212,黑龙江大学,,统计学,3,,,60149
A212,黑龙江大学,,材料化学,2,,,69671
A212,黑龙江大学,,电气工程及其自动化,3,,,46086
A212,黑龙江大学,,自动化,2,,,49644
A212,黑龙江大学,,计算机科学与技术,3,,,40214
A212,黑龙江大学,,软件工程,2,,,48548
A212,黑龙江大学,,物联网工程,2,,,42116
A212,黑龙江大学,,土木工程,4,,,85283
A212,黑龙江大学,,给排水科学与工程,5,,,106961
A212,黑龙江大学,,水利水电工程,2,,,66964
A212,黑龙江大学,,化学工程与工艺,2,,,61372
A212,黑龙江大学,,农业水利工程,5,,,132824
A212,黑龙江大学,,植物保护,3,,,81343
A212,黑龙江大学,,种子科学与工程,2,,,76296
A212,黑龙江大学,,农业资源与环境,2,,,71220
A212,黑龙江大学,,信息管理与信息系统,2,,,58916
A212,黑龙江大学,,人力资源管理,2,,,72997
A212,黑龙江大学,,行政管理,3,,,54955
A212,黑龙江大学,,数学与应用数学,5,,,91960
A212,黑龙江大学,,物理学,10,,,132367
A212,黑龙江大学,,化学工程与工艺,8,,,130476
A212,黑龙江大学,,生物技术,8,,,92272
A212,黑龙江大学,,金融学,2,,,67700
A212,黑龙江大学,,法学,4,,,38029
A212,黑龙江大学,,金融学,5,,,82101
A212,黑龙江大学,,俄语,3,,,96302
A212,黑龙江大学,,电子信息类,2,,,43183
A213,哈尔滨工业大学,,工科试验班(英才本硕博连读),20,,,1002
A213,哈尔滨工业大学,,工科试验班(航天与自动化),17,,,1920
A213,哈尔滨工业大学,,工科试验班(计算机与电子通信),20,,,1623
A213,哈尔滨工业大学,,工科试验班(机器人与智能装备),5,,,1109
A213,哈尔滨工业大学,,工业设计(中外合作办学),3,,,16023
A213,哈尔滨工业大学,,建筑学(中外合作办学),2,,,21913
A213,哈尔滨工业大学,,数学与应用数学(中外合作办学),2,,,12768
A213,哈尔滨工业大学,,应用物理学(中外合作办学),2,,,11061
A213,哈尔滨工业大学,,化学(中外合作办学),4,,,21381
A213,哈尔滨工业大学,,大数据管理与应用(中外合作办学),4,,,15666
A214,哈尔滨理工大学,,车辆工程,5,,,49896
A214,哈尔滨理工大学,,金属材料工程,4,,,79062
A214,哈尔滨理工大学,,无机非金属材料工程,6,,,80464
A214,哈尔滨理工大学,,高分子材料与工程,4,,,60865
A214,哈尔滨理工大学,,新能源材料与器件,2,,,65216
A214,哈尔滨理工大学,,计算机科学与技术,6,,,30590
A214,哈尔滨理工大学,,网络工程,2,,,36628
A214,哈尔滨理工大学,,测控技术与仪器,2,,,59229
A214,哈尔滨理工大学,,安全工程,2,,,59842
A214,哈尔滨理工大学,,通信工程,2,,,43726
A214,哈尔滨理工大学,,信息管理与信息系统,2,,,58878
A214,哈尔滨理工大学,,市场营销,3,,,156186
A214,哈尔滨理工大学,,人力资源管理,2,,,80650
A214,哈尔滨理工大学,,网络空间安全,4,,,39702
A214,哈尔滨理工大学,,人工智能,4,,,38353
A214,哈尔滨理工大学,,应用物理学,5,,,65817
A214,哈尔滨理工大学,,光电信息科学与工程,2,,,47036
A214,哈尔滨理工大学,,信息与计算科学,2,,,43394
A214,哈尔滨理工大学,,应用统计学,2,,,49926
A214,哈尔滨理工大学,,材料化学,4,,,69540
A214,哈尔滨理工大学,,环境工程,6,,,76010
A214,哈尔滨理工大学,,物联网工程,2,,,34244
A214,哈尔滨理工大学,,数据科学与大数据技术,2,,,37721
A214,哈尔滨理工大学,,建筑学,2,,,68911
A214,哈尔滨理工大学,,工程力学,8,,,74784
A214,哈尔滨理工大学,,化学工程与工艺,8,,,73679
A214,哈尔滨理工大学,,经济学类,3,,,75787
A214,哈尔滨理工大学,,机器人工程,3,,,48914
A216,燕山大学,,经济与金融,2,,,36803
A216,燕山大学,,法学,4,,,29863
A216,燕山大学,,汉语言文学,2,,,29957
A216,燕山大学,,汉语国际教育,2,,,41980
A216,燕山大学,,外国语言文学类(英语),6,,,176198
A216,燕山大学,,俄语,2,,,79785
A216,燕山大学,,德语,2,,,76213
A216,燕山大学,,法语,2,,,54227
A216,燕山大学,,日语,4,,,99510
A216,燕山大学,,信息与计算科学,2,,,33056
A216,燕山大学,,应用物理学,4,,,39181
A216,燕山大学,,应用化学,2,,,40285
A216,燕山大学,,统计学,2,,,32742
A216,燕山大学,,机械类,8,,,30845
A216,燕山大学,,过程装备与控制工程,6,,,42761
A216,燕山大学,,车辆工程,2,,,30839
A216,燕山大学,,智能感知工程,2,,,39769
A216,燕山大学,,材料类,6,,,46202
A216,燕山大学,,能源动力类,2,,,32680
A216,燕山大学,,电气类,4,,,26030
A216,燕山大学,,电子信息类,6,,,26759
A216,燕山大学,,计算机科学与技术,2,,,22061
A216,燕山大学,,软件工程,5,,,27101
A216,燕山大学,,土木类,8,,,82805
A216,燕山大学,,环境工程,4,,,54403
A216,燕山大学,,建筑学,2,,,40305
A216,燕山大学,,智能医学工程,2,,,47181
A216,燕山大学,,工商管理类,6,,,47213
A216,燕山大学,,公共管理类,4,,,52747
A216,燕山大学,,工业工程,2,,,46512
A216,燕山大学,,材料成型及控制工程,2,,,35778
A216,燕山大学,,测控技术与仪器,2,,,34858
A216,燕山大学,,机械设计制造及其自动化,4,,,89161
A216,燕山大学,,电气工程及其自动化,4,,,99314
A216,燕山大学,,自动化,4,,,111327
A216,燕山大学,,电子科学与技术,4,,,67721
A216,燕山大学,,化学工程与工艺,4,,,142704
A216,燕山大学,,机械设计制造及其自动化,10,,,85158
A216,燕山大学,,电子科学与技术,10,,,69277
A216,燕山大学,,自动化,10,,,81634
A216,燕山大学,,软件工程,10,,,73319
A216,燕山大学,,机械设计制造及其自动化,2,,,24015
A216,燕山大学,,车辆工程,4,,,30219
A216,燕山大学,,电子信息工程,2,,,23082
A216,燕山大学,,自动化,4,,,23338
A216,燕山大学,,生物工程,2,,,36753
A216,燕山大学,,工业工程(中外合作办学),15,,,124130
A217,哈尔滨工程大学,,海洋工程类,22,,,18821
A217,哈尔滨工程大学,,航空航天类,29,,,20659
A217,哈尔滨工程大学,,自动化类,22,,,16036
A217,哈尔滨工程大学,,水声工程(含水声、水声电子、海洋信息3个专业),22,,,16354
A217,哈尔滨工程大学,,计算机类,8,,,12664
A217,哈尔滨工程大学,,软件工程(国家特色示范学院),12,,,14565
A217,哈尔滨工程大学,,智能制造工程,8,,,21435
A217,哈尔滨工程大学,,电子信息类,15,,,15058
A217,哈尔滨工程大学,,金融学,9,,,28224
A217,哈尔滨工程大学,,工商管理,3,,,30804
A217,哈尔滨工程大学,,大数据管理与应用,9,,,21773
A217,哈尔滨工程大学,,核工程与核技术,20,,,19173
A217,哈尔滨工程大学,,计算机科学与技术(本博贯通),2,,,9317
A217,哈尔滨工程大学,,法学,2,,,19549
A217,哈尔滨工程大学,,光电信息科学与工程,9,,,17510
A217,哈尔滨工程大学,,能源动力类,15,,,21234
A217,哈尔滨工程大学,,机械类,15,,,21828
A217,哈尔滨工程大学,,材料类,6,,,22729
A217,哈尔滨工程大学,,新能源材料与器件,8,,,22499
A217,哈尔滨工程大学,,数学与应用数学,11,,,20903
A217,哈尔滨工程大学,,应用物理学,3,,,21133
A217,哈尔滨工程大学,,土木工程(中外合作办学),5,,,52048
A217,哈尔滨工程大学,,机械设计制造及其自动化(中外合作办学),4,,,34793
A217,哈尔滨工程大学,,材料物理(中外合作办学),6,,,43911
A217,哈尔滨工程大学,,船舶与海洋工程(中外合作办学),5,,,32983
A217,哈尔滨工程大学,,轮机工程(中外合作办学),3,,,36880
A217,哈尔滨工程大学,,自动化(中外合作办学),4,,,26888
A217,哈尔滨工程大学,,水声工程(中外合作办学),6,,,28740
A219,黑龙江科技大学,,电气工程及其自动化,3,,,82926
A219,黑龙江科技大学,,自动化,2,,,102747
A219,黑龙江科技大学,,测控技术与仪器,4,,,140882
A219,黑龙江科技大学,,电气工程与智能控制,4,,,95584
A219,黑龙江科技大学,,机械设计制造及其自动化,4,,,105349
A219,黑龙江科技大学,,机械电子工程,4,,,126829
A219,黑龙江科技大学,,机械工艺技术,4,,,153056
A219,黑龙江科技大学,,通信工程,2,,,113147
A219,黑龙江科技大学,,电子信息工程,2,,,108605
A219,黑龙江科技大学,,电子信息科学与技术,2,,,116453
A219,黑龙江科技大学,,材料成型及控制工程,3,,,149900
A219,黑龙江科技大学,,土木工程,2,,,150863
A219,黑龙江科技大学,,建筑学,1,,,123731
A219,黑龙江科技大学,,城乡规划,1,,,141052
A219,黑龙江科技大学,,风景园林,2,,,141525
A219,黑龙江科技大学,,计算机科学与技术,3,,,90611
A219,黑龙江科技大学,,软件工程,2,,,103676
A219,黑龙江科技大学,,物联网工程,3,,,115302
A219,黑龙江科技大学,,数据科学与大数据技术,3,,,112679
A219,黑龙江科技大学,,数学与应用数学,1,,,103552
A219,黑龙江科技大学,,环境工程,2,,,153199
A219,黑龙江科技大学,,化学工程与工艺,3,,,149968
A219,黑龙江科技大学,,应用化学,2,,,150343
A219,黑龙江科技大学,,安全工程,2,,,142555
A219,黑龙江科技大学,,国际经济与贸易,2,,,149199
A219,黑龙江科技大学,,金融学,2,,,135678
A219,黑龙江科技大学,,会计学,5,,,109403
A219,黑龙江科技大学,,财务管理,4,,,121856
A219,黑龙江科技大学,,信息管理与信息系统,4,,,144658
A219,黑龙江科技大学,,英语,4,,,168995
A219,黑龙江科技大学,,商务英语,2,,,173499
A219,黑龙江科技大学,,俄语,2,,,139947
A219,黑龙江科技大学,,社会学,4,,,171928
A220,东北石油大学,,建筑学,5,,,102764
A220,东北石油大学,,安全工程,5,,,125208
A220,东北石油大学,,测控技术与仪器,5,,,118638
A220,东北石油大学,,电气工程及其自动化,4,,,64482
A220,东北石油大学,,电子科学与技术,3,,,83760
A220,东北石油大学,,电子信息工程,2,,,74223
A220,东北石油大学,,俄语,3,,,148606
A220,东北石油大学,,高分子材料与工程,4,,,95397
A220,东北石油大学,,给排水科学与工程,5,,,135609
A220,东北石油大学,,工程管理,3,,,132527
A220,东北石油大学,,人工智能,2,,,89612
A220,东北石油大学,,光电信息科学与工程,3,,,94876
A220,东北石油大学,,过程装备与控制工程,5,,,113156
A220,东北石油大学,,海洋油气工程,2,,,90299
A220,东北石油大学,,汉语言文学,2,,,72993
A220,东北石油大学,,行政管理,3,,,96344
A220,东北石油大学,,化学,3,,,122388
A220,东北石油大学,,化学工程与工艺,5,,,94350
A220,东北石油大学,,环境工程,2,,,134702
A220,东北石油大学,,机械设计制造及其自动化,3,,,71075
A220,东北石油大学,,建筑环境与能源应用工程,4,,,139278
A220,东北石油大学,,金属材料工程,2,,,121015
A220,东北石油大学,,勘查技术与工程,10,,,123464
A220,东北石油大学,,旅游管理,2,,,157227
A220,东北石油大学,,能源与动力工程,4,,,93079
A220,东北石油大学,,社会工作,2,,,119240
A220,东北石油大学,,石油工程,16,,,96688
A220,东北石油大学,,网络空间安全,3,,,84095
A220,东北石油大学,,通信工程,5,,,88245
A220,东北石油大学,,土木工程,10,,,141268
A220,东北石油大学,,信息与计算科学,7,,,108106
A220,东北石油大学,,英语,4,,,112259
A220,东北石油大学,,应用化学,5,,,120754
A220,东北石油大学,,应用物理学,5,,,110235
A220,东北石油大学,,油气储运工程,7,,,104086
A220,东北石油大学,,资源勘查工程,12,,,112193
A220,东北石油大学,,自动化,3,,,75303
A220,东北石油大学,,智能电网信息工程,2,,,79811
A220,东北石油大学,,资源勘查工程(实验班),2,,,60420
A220,东北石油大学,,计算机类,12,,,83504
A220,东北石油大学,,工商管理类,4,,,113547
A220,东北石油大学,,数据科学与大数据技术,4,,,92955
A220,东北石油大学,,地质学类,4,,,114120
A220,东北石油大学,,机械设计制造及其自动化(实验班),2,,,61097
A220,东北石油大学,,化学工程与工艺(实验班),2,,,66862
A220,东北石油大学,,石油工程(实验班),3,,,65847
A220,东北石油大学,,过程装备与控制工程(融创班),4,,,111245
A220,东北石油大学,,机械设计制造及其自动化(融创班),2,,,76382
A220,东北石油大学,,自动化(融创班),3,,,86804
A220,东北石油大学,,建筑环境与能源应用工程(融创班),1,,,154072
A220,东北石油大学,,资源勘查工程(中俄能源特色班),3,,,132604
A220,东北石油大学,,碳储科学与工程,2,,,110734
A220,东北石油大学,,机器人工程,4,,,93702
A220,东北石油大学,,工程造价,2,,,120690
A222,佳木斯大学,,临床医学,25,,,98952
A222,佳木斯大学,,医学检验技术,9,,,150441
A222,佳木斯大学,,康复治疗学,15,,,166192
A222,佳木斯大学,,护理学,17,,,159702
A222,佳木斯大学,,预防医学,24,,,159266
A222,佳木斯大学,,药学,24,,,170685
A222,佳木斯大学,,数学与应用数学(师范类),19,,,176151
A222,佳木斯大学,,汉语言文学(师范类),14,,,121273
A222,佳木斯大学,,机器人工程,9,,,156709
A222,佳木斯大学,,材料成型及控制工程,12,,,184172
A222,佳木斯大学,,焊接技术与工程,24,,,204869
A223,黑龙江八一农垦大学,,植物保护,3,,,171058
A223,黑龙江八一农垦大学,,农业资源与环境,2,,,173125
A223,黑龙江八一农垦大学,,种子科学与工程,2,,,168803
A223,黑龙江八一农垦大学,,农学(创新人才培养班),8,,,166138
A223,黑龙江八一农垦大学,,农业电气化,2,,,165899
A223,黑龙江八一农垦大学,,机械设计制造及其自动化,3,,,151045
A223,黑龙江八一农垦大学,,交通运输,2,,,167147
A223,黑龙江八一农垦大学,,农业机械化及其自动化(创新人才培养班),8,,,169439
A223,黑龙江八一农垦大学,,动物科学,2,,,146962
A223,黑龙江八一农垦大学,,动物医学(创新人才培养班),9,,,145466
A223,黑龙江八一农垦大学,,国际经济与贸易,2,,,151863
A223,黑龙江八一农垦大学,,财务管理,2,,,141323
A223,黑龙江八一农垦大学,,人力资源管理,2,,,155037
A223,黑龙江八一农垦大学,,审计学,2,,,141039
A223,黑龙江八一农垦大学,,会计学(创新人才培养班),5,,,134059
A223,黑龙江八一农垦大学,,食品质量与安全,2,,,167671
A223,黑龙江八一农垦大学,,粮食工程,2,,,172746
A223,黑龙江八一农垦大学,,食品营养与健康,2,,,175071
A223,黑龙江八一农垦大学,,食品科学与工程(创新人才培养班),8,,,171907
A223,黑龙江八一农垦大学,,公共事业管理,2,,,168923
A223,黑龙江八一农垦大学,,社会工作,2,,,168716
A223,黑龙江八一农垦大学,,英语,2,,,148321
A223,黑龙江八一农垦大学,,汉语言文学,2,,,117840
A223,黑龙江八一农垦大学,,计算机科学与技术,2,,,149824
A223,黑龙江八一农垦大学,,电气工程及其自动化,2,,,139559
A223,黑龙江八一农垦大学,,电子信息工程,2,,,145418
A223,黑龙江八一农垦大学,,通信工程,2,,,154388
A223,黑龙江八一农垦大学,,数据科学与大数据技术,2,,,153339
A223,黑龙江八一农垦大学,,生物技术,2,,,166997
A223,黑龙江八一农垦大学,,生物科学,2,,,169907
A223,黑龙江八一农垦大学,,生物工程,2,,,172340
A223,黑龙江八一农垦大学,,制药工程,3,,,167417
A223,黑龙江八一农垦大学,,信息与计算科学,2,,,151218
A223,黑龙江八一农垦大学,,应用化学,2,,,170368
A223,黑龙江八一农垦大学,,园艺,2,,,171787
A223,黑龙江八一农垦大学,,园林,2,,,172691
A223,黑龙江八一农垦大学,,设施农业科学与工程,3,,,171946
A223,黑龙江八一农垦大学,,风景园林,2,,,174808
A223,黑龙江八一农垦大学,,土木工程,3,,,179784
A223,黑龙江八一农垦大学,,建筑环境与能源应用工程,2,,,183263
A223,黑龙江八一农垦大学,,水利水电工程,2,,,168014
A223,黑龙江八一农垦大学,,建筑电气与智能化,3,,,180247
A224,东北农业大学,,植物生产类(1),15,,,43857
A224,东北农业大学,,农学(本硕博班),2,,,22445
A224,东北农业大学,,智慧农业,3,,,38299
A224,东北农业大学,,植物保护,6,,,45234
A224,东北农业大学,,植物生产类(2),6,,,45358
A224,东北农业大学,,园艺(中新实验班),10,,,83979
A224,东北农业大学,,风景园林,3,,,43004
A224,东北农业大学,,环境科学与工程类,5,,,40425
A224,东北农业大学,,自然保护与环境生态类,5,,,46613
A224,东北农业大学,,生态学,4,,,45353
A224,东北农业大学,,动物生产类,5,,,46069
A224,东北农业大学,,动物医学,4,,,34325
A224,东北农业大学,,机械类,4,,,29993
A224,东北农业大学,,农业机械化及其自动化(本硕博班),2,,,26890
A224,东北农业大学,,能源动力类,3,,,31079
A224,东北农业大学,,工业工程类,5,,,44681
A224,东北农业大学,,农业智能装备工程,2,,,37570
A224,东北农业大学,,金融学类,6,,,33520
A224,东北农业大学,,工商管理类,9,,,36081
A224,东北农业大学,,农林经济管理,3,,,27720
A224,东北农业大学,,生物科学类,5,,,32487
A224,东北农业大学,,生物科学(本硕博班),2,,,23165
A224,东北农业大学,,制药工程,3,,,33368
A224,东北农业大学,,食品科学与工程类,14,,,40057
A224,东北农业大学,,食品科学与工程(本硕博班),2,,,26185
A224,东北农业大学,,土地资源管理,3,,,37041
A224,东北农业大学,,行政管理,5,,,37051
A224,东北农业大学,,水利类,15,,,44988
A224,东北农业大学,,电气类,4,,,25955
A224,东北农业大学,,计算机类,5,,,24444
A224,东北农业大学,,应用化学,4,,,37938
A224,东北农业大学,,化学生物学,4,,,41029
A224,东北农业大学,,英语,4,,,42526
A224,东北农业大学,,俄语,5,,,54091
A224,东北农业大学,,数据科学与大数据技术,3,,,25448
A224,东北农业大学,,汉语国际教育,5,,,39373
A224,东北农业大学,,生物科学(中美121双学位项目),2,,,65851
A224,东北农业大学,,动物科学(中美121双学位项目),2,,,78902
A224,东北农业大学,,食品科学与工程(中美121双学位项目),2,,,68723
A224,东北农业大学,,计算机科学与技术(中美121双学位项目),2,,,51568
A224,东北农业大学,,工商管理(中美121双学位项目),2,,,67156
A225,东北林业大学,,环境科学,5,,,40561
A225,东北林业大学,,地理信息科学,4,,,30966
A225,东北林业大学,,林学类(成栋实验班),5,,,30338
A225,东北林业大学,,生态学,2,,,35930
A225,东北林业大学,,林产化工,4,,,42753
A225,东北林业大学,,轻化工程,4,,,42764
A225,东北林业大学,,材料类,12,,,36562
A225,东北林业大学,,林业工程类(成栋班),4,,,31742
A225,东北林业大学,,野生动物与自然保护区管理,4,,,46063
A225,东北林业大学,,动物科学,4,,,41676
A225,东北林业大学,,动物医学,5,,,34432
A225,东北林业大学,,机器人工程,6,,,27638
A225,东北林业大学,,车辆工程,8,,,31770
A225,东北林业大学,,森林工程,6,,,39152
A225,东北林业大学,,数据科学与大数据技术,4,,,25089
A225,东北林业大学,,人工智能,4,,,25179
A225,东北林业大学,,电子信息类,12,,,25479
A225,东北林业大学,,生物科学类,15,,,31637
A225,东北林业大学,,生物科学(拔尖人才成栋班),2,,,24382
A225,东北林业大学,,食品科学与工程,3,,,33287
A225,东北林业大学,,园林,3,,,40532
A225,东北林业大学,,城乡规划,5,,,45138
A225,东北林业大学,,土木工程,18,,,46545
A225,东北林业大学,,建筑环境与能源应用工程,3,,,39705
A225,东北林业大学,,工程管理,5,,,42752
A225,东北林业大学,,交通运输类,12,,,34783
A225,东北林业大学,,数学与应用数学,6,,,27835
A225,东北林业大学,,信息与计算科学,7,,,27945
A225,东北林业大学,,物理学,6,,,30049
A225,东北林业大学,,化学类,13,,,39848
A225,东北林业大学,,化学工程与工艺,10,,,38357
A225,东北林业大学,,法学,5,,,21668
A225,东北林业大学,,政治学与行政学,5,,,31175
A225,东北林业大学,,社会工作,5,,,50472
A225,东北林业大学,,广告学,3,,,43566
A225,东北林业大学,,英语,2,,,31422
A225,东北林业大学,,俄语,4,,,44063
A225,东北林业大学,,日语,2,,,69039
A225,东北林业大学,,工业设计,4,,,34705
A225,东北林业大学,,林学类,7,,,38450
A225,东北林业大学,,木材科学与工程,5,,,45780
A225,东北林业大学,,机械设计制造及其自动化,5,,,27605
A225,东北林业大学,,机械电子工程,9,,,28907
A225,东北林业大学,,计算机类,14,,,24094
A225,东北林业大学,,电气类,16,,,26532
A225,东北林业大学,,风景园林,6,,,39671
A225,东北林业大学,,物流工程,6,,,43648
A225,东北林业大学,,工商管理类,21,,,37913
A225,东北林业大学,,经济学类,7,,,31879
A225,东北林业大学,,计算机科学与技术(中外合作办学),13,,,41685
A225,东北林业大学,,生物技术(中外合作办学),15,,,54952
A225,东北林业大学,,化学(中外合作办学),16,,,70197
A225,东北林业大学,,工程管理(中外合作办学),20,,,80985
A226,哈尔滨医科大学,,临床医学(5+3一体化),3,,,6087
A226,哈尔滨医科大学,,临床医学(5+3一体化，儿科学硕士),1,,,9470
A226,哈尔滨医科大学,,基础医学(伍连德班),1,,,18494
A226,哈尔滨医科大学,,基础医学,2,,,17947
A226,哈尔滨医科大学,,临床医学,9,,,11091
A226,哈尔滨医科大学,,麻醉学,1,,,10892
A226,哈尔滨医科大学,,医学影像学,1,,,14547
A226,哈尔滨医科大学,,儿科学,1,,,18851
A226,哈尔滨医科大学,,口腔医学,1,,,8281
A226,哈尔滨医科大学,,预防医学,2,,,28885
A226,哈尔滨医科大学,,药学,2,,,33470
A226,哈尔滨医科大学,,临床药学,3,,,33564
A226,哈尔滨医科大学,,智能医学工程,2,,,35210
A226,哈尔滨医科大学,,生物信息学,3,,,47069
A226,哈尔滨医科大学,,生物医学工程,1,,,34195
A226,哈尔滨医科大学,,法学,2,,,43982
A226,哈尔滨医科大学,,护理学,4,,,66292
A226,哈尔滨医科大学,,公共事业管理,2,,,66560
A226,哈尔滨医科大学,,医学检验技术,8,,,52864
A226,哈尔滨医科大学,,康复治疗学,8,,,88675
A226,哈尔滨医科大学,,精神医学,5,,,50232
A226,哈尔滨医科大学,,药物制剂,4,,,60737
A226,哈尔滨医科大学,,药物分析,5,,,79594
A226,哈尔滨医科大学,,医学实验技术,5,,,98129
A226,哈尔滨医科大学,,信息管理与信息系统,8,,,141573
A226,哈尔滨医科大学,,健康服务与管理,4,,,131734
A226,哈尔滨医科大学,,运动康复,6,,,105617
A226,哈尔滨医科大学,,眼视光医学,1,,,13957
A228,黑龙江中医药大学,,中医学(5+3一体化),9,,,33478
A228,黑龙江中医药大学,,中医学(5+3一体化，专业硕士儿科学),2,,,37630
A228,黑龙江中医药大学,,中医学,23,,,58966
A228,黑龙江中医药大学,,中西医临床医学,12,,,80845
A228,黑龙江中医药大学,,中医骨伤科学,15,,,89187
A228,黑龙江中医药大学,,护理学,6,,,130986
A228,黑龙江中医药大学,,针灸推拿学,6,,,68602
A228,黑龙江中医药大学,,康复治疗学,6,,,114186
A228,黑龙江中医药大学,,运动康复,2,,,138358
A228,黑龙江中医药大学,,中医康复学,13,,,100344
A228,黑龙江中医药大学,,医学影像技术,3,,,98474
A228,黑龙江中医药大学,,中药学,5,,,67806
A228,黑龙江中医药大学,,药物制剂,10,,,139153
A228,黑龙江中医药大学,,制药工程,4,,,117928
A228,黑龙江中医药大学,,生物技术,2,,,95602
A228,黑龙江中医药大学,,中药资源与开发,2,,,129625
A228,黑龙江中医药大学,,药学,8,,,103186
A228,黑龙江中医药大学,,中药制药,2,,,70528
A228,黑龙江中医药大学,,应用心理学,2,,,66296
A228,黑龙江中医药大学,,智能医学工程,2,,,116856
A229,牡丹江医学院,,制药工程,2,,,170744
A229,牡丹江医学院,,生物医学工程,2,,,175572
A229,牡丹江医学院,,临床医学,9,,,90226
A229,牡丹江医学院,,麻醉学,4,,,88979
A229,牡丹江医学院,,医学影像学,4,,,72050
A229,牡丹江医学院,,医学检验技术,2,,,129337
A229,牡丹江医学院,,医学影像技术,2,,,129639
A231,哈尔滨师范大学,,心理学(师范类),3,,,67761
A231,哈尔滨师范大学,,生物科学(师范类),3,,,57197
A231,哈尔滨师范大学,,数学与应用数学(师范类),3,,,57187
A231,哈尔滨师范大学,,物理学(师范类),3,,,64091
A231,哈尔滨师范大学,,英语(师范类),3,,,51284
A231,哈尔滨师范大学,,小学教育(师范类),3,,,63825
A231,哈尔滨师范大学,,历史学(师范类),3,,,56934
A231,哈尔滨师范大学,,行政管理,2,,,74186
A231,哈尔滨师范大学,,俄语(非师范),3,,,103276
A231,哈尔滨师范大学,,地理信息科学,3,,,65843
A231,哈尔滨师范大学,,计算机科学与技术,3,,,52506
A232,齐齐哈尔大学,,国际经济与贸易,1,,,134933
A232,齐齐哈尔大学,,法学,1,,,80824
A232,齐齐哈尔大学,,中国语言文学类,1,,,93719
A232,齐齐哈尔大学,,外国语言文学类,1,,,118824
A232,齐齐哈尔大学,,俄语(师范类),2,,,157723
A232,齐齐哈尔大学,,日语,2,,,171057
A232,齐齐哈尔大学,,朝鲜语,2,,,251067
A232,齐齐哈尔大学,,广播电视学,2,,,176078
A232,齐齐哈尔大学,,数学类,1,,,136122
A232,齐齐哈尔大学,,物理学(师范类),2,,,134633
A232,齐齐哈尔大学,,地理科学(师范类),2,,,106721
A232,齐齐哈尔大学,,生物科学(师范类),2,,,118736
A232,齐齐哈尔大学,,应用心理学,2,,,134489
A232,齐齐哈尔大学,,机械类,10,,,150156
A232,齐齐哈尔大学,,材料类,5,,,170274
A232,齐齐哈尔大学,,电气工程及其自动化,3,,,123077
A232,齐齐哈尔大学,,电子信息类,7,,,136193
A232,齐齐哈尔大学,,人工智能,7,,,124502
A232,齐齐哈尔大学,,自动化,2,,,125989
A232,齐齐哈尔大学,,计算机类,2,,,113752
A232,齐齐哈尔大学,,物联网工程,8,,,137130
A232,齐齐哈尔大学,,数据科学与大数据技术,8,,,138224
A232,齐齐哈尔大学,,土木工程,10,,,173776
A232,齐齐哈尔大学,,化工与制药类,11,,,161259
A232,齐齐哈尔大学,,纺织工程,2,,,176718
A232,齐齐哈尔大学,,轻工类,6,,,174670
A232,齐齐哈尔大学,,食品科学与工程类,8,,,156142
A232,齐齐哈尔大学,,林学,2,,,164171
A232,齐齐哈尔大学,,工商管理类,2,,,131366
A233,牡丹江师范学院,,国际经济与贸易,2,,,207055
A233,牡丹江师范学院,,汉语言文学(师范类),3,,,138094
A233,牡丹江师范学院,,汉语言,2,,,146336
A233,牡丹江师范学院,,商务英语,2,,,199345
A233,牡丹江师范学院,,历史学(师范类),3,,,154603
A233,牡丹江师范学院,,数学与应用数学(师范类),3,,,184076
A233,牡丹江师范学院,,化学(师范类),3,,,182388
A233,牡丹江师范学院,,生物技术,4,,,198479
A233,牡丹江师范学院,,电气工程及其自动化,2,,,177509
A233,牡丹江师范学院,,电子信息科学与技术,3,,,199968
A233,牡丹江师范学院,,工商管理,5,,,193687
A233,牡丹江师范学院,,英语(师范类),3,,,171250
A234,哈尔滨学院,,英语(师范类),3,,,163914
A234,哈尔滨学院,,俄语,2,,,185496
A234,哈尔滨学院,,商务英语,2,,,187960
A234,哈尔滨学院,,小学教育(师范类),3,,,146554
A234,哈尔滨学院,,学前教育(师范类),2,,,174293
A234,哈尔滨学院,,汉语言文学(师范类),2,,,123242
A234,哈尔滨学院,,汉语国际教育,2,,,146130
A234,哈尔滨学院,,社会工作,1,,,179902
A234,哈尔滨学院,,旅游管理,2,,,193456
A234,哈尔滨学院,,地理信息科学,2,,,162194
A234,哈尔滨学院,,会计学,2,,,142880
A234,哈尔滨学院,,财务管理,2,,,150973
A234,哈尔滨学院,,金融学,2,,,160519
A234,哈尔滨学院,,商务经济学,2,,,176208
A234,哈尔滨学院,,电子信息工程,2,,,158961
A234,哈尔滨学院,,建筑电气与智能化,2,,,183199
A234,哈尔滨学院,,土木类,2,,,207343
A234,哈尔滨学院,,智能建造,1,,,192860
A234,哈尔滨学院,,化学(师范类),2,,,167862
A234,哈尔滨学院,,网络与新媒体,1,,,174513
A234,哈尔滨学院,,数学与应用数学(师范类),2,,,174325
A234,哈尔滨学院,,计算机科学与技术,2,,,152055
A234,哈尔滨学院,,软件工程,2,,,167634
A234,哈尔滨学院,,思想政治教育(师范类),1,,,123901
A235,大庆师范学院,,市场营销,5,,,210843
A235,大庆师范学院,,财务管理,5,,,184779
A235,大庆师范学院,,旅游管理,4,,,210513
A235,大庆师范学院,,法学,4,,,136073
A235,大庆师范学院,,化学(师范类),5,,,193579
A235,大庆师范学院,,应用化学,2,,,206647
A235,大庆师范学院,,化学工程与工艺,2,,,204033
A235,大庆师范学院,,油气储运工程,2,,,191602
A235,大庆师范学院,,学前教育(师范类),7,,,188832
A235,大庆师范学院,,数学与应用数学(师范类),8,,,191543
A235,大庆师范学院,,日语,5,,,207892
A235,大庆师范学院,,汉语言文学(师范类),7,,,156359
A235,大庆师范学院,,汉语国际教育(师范类),3,,,170217
A235,大庆师范学院,,秘书学,8,,,193371
A235,大庆师范学院,,汽车服务工程,5,,,216716
A236,绥化学院,,特殊教育(师范类),4,,,182496
A236,绥化学院,,汉语言文学(师范类),2,,,149393
A236,绥化学院,,英语(师范类),4,,,184767
A236,绥化学院,,英语,4,,,198643
A236,绥化学院,,数学与应用数学(师范类),2,,,199921
A236,绥化学院,,化学,3,,,201379
A236,绥化学院,,汽车服务工程,6,,,220439
A236,绥化学院,,电气工程及其自动化,6,,,203862
A236,绥化学院,,电子信息工程,6,,,205662
A236,绥化学院,,自动化,6,,,209805
A236,绥化学院,,计算机科学与技术,4,,,202372
A236,绥化学院,,软件工程,3,,,200338
A236,绥化学院,,化学工程与工艺,6,,,209140
A236,绥化学院,,制药工程,6,,,203478
A236,绥化学院,,工程造价,3,,,211389
A236,绥化学院,,财务管理,4,,,182519
A240,哈尔滨商业大学,,统计学,7,,,122511
A240,哈尔滨商业大学,,物流管理,20,,,164872
A240,哈尔滨商业大学,,物流工程,9,,,170902
A240,哈尔滨商业大学,,宝石及材料工艺学,4,,,188820
A240,哈尔滨商业大学,,生物工程,4,,,149784
A240,哈尔滨商业大学,,制药工程,5,,,137607
A240,哈尔滨商业大学,,药学,4,,,128938
A240,哈尔滨商业大学,,中药学,6,,,149175
A240,哈尔滨商业大学,,包装工程,6,,,176444
A240,哈尔滨商业大学,,电子信息工程,3,,,93971
A240,哈尔滨商业大学,,电子商务,6,,,162223
A240,哈尔滨商业大学,,烹饪与营养教育,3,,,173927
A240,哈尔滨商业大学,,法学,6,,,67467
A240,哈尔滨商业大学,,新闻学,9,,,139578
A240,哈尔滨商业大学,,数学与应用数学,4,,,125308
A240,哈尔滨商业大学,,金融学类(金融学院),28,,,138567
A240,哈尔滨商业大学,,工商管理类(商务学院),21,,,178006
A240,哈尔滨商业大学,,工商管理类(会计学院),9,,,68094
A240,哈尔滨商业大学,,经济学类(经济学院),21,,,132538
A240,哈尔滨商业大学,,财政学类(财政与公共管理学院),22,,,127543
A240,哈尔滨商业大学,,经济与贸易类(经济学院),15,,,161192
A240,哈尔滨商业大学,,公共管理类(财政与公共管理学院),13,,,178065
A240,哈尔滨商业大学,,计算机类(计算机学院),9,,,98956
A240,哈尔滨商业大学,,外国语言文学类(外语学院),6,,,190001
A240,哈尔滨商业大学,,食品科学与工程类(食品工程学院),20,,,160636
A240,哈尔滨商业大学,,大数据管理与应用,2,,,130302
A240,哈尔滨商业大学,,经济学(本硕班),2,,,66216
A240,哈尔滨商业大学,,食品科学与工程(本硕班),2,,,120513
A240,哈尔滨商业大学,,中药学(本硕班),4,,,112646
A242,哈尔滨体育学院,,运动人体科学,2,,,203327
A242,哈尔滨体育学院,,运动康复,20,,,209035
A242,哈尔滨体育学院,,英语,2,,,194197
A242,哈尔滨体育学院,,新闻学,7,,,197369
A242,哈尔滨体育学院,,体育经济与管理,4,,,214152
A245,哈尔滨金融学院,,金融学,4,,,135236
A245,哈尔滨金融学院,,国际经济与贸易,2,,,173052
A245,哈尔滨金融学院,,会计学,4,,,120541
A245,哈尔滨金融学院,,电子商务,2,,,175724
A245,哈尔滨金融学院,,投资学,6,,,184819
A245,哈尔滨金融学院,,商务英语,3,,,197134
A245,哈尔滨金融学院,,财务管理,4,,,149668
A245,哈尔滨金融学院,,市场营销,4,,,192782
A245,哈尔滨金融学院,,税收学,4,,,147947
A245,哈尔滨金融学院,,知识产权,2,,,150463
A246,复旦大学,,人文科学试验班(拔尖学生培养基地),5,,,675
A246,复旦大学,,法学(卓越法律人才基地),2,,,597
A246,复旦大学,,理科试验班(含自科技科工科),4,,,224
A246,复旦大学,,金融学(金融科技方向，泛海国际金融学院),2,,,362
A246,复旦大学,,新闻传播学类(卓越新闻人才计划),3,,,865
A246,复旦大学,,社会科学试验班,5,,,819
A246,复旦大学,,经济学类(拔尖学生培养基地),8,,,505
A246,复旦大学,,经济管理试验班,3,,,370
A246,复旦大学,,自然科学试验班(物理化学方向，拔尖学生培养基地),16,,,548
A246,复旦大学,,技术科学试验班(拔尖学生培养基地),18,,,422
A247,同济大学,,工科试验班(国豪精英班),6,,,884
A247,同济大学,,人文科学试验班,8,,,3828
A247,同济大学,,社会科学试验班,4,,,2942
A247,同济大学,,经济管理试验班,8,,,2550
A247,同济大学,,工科试验班(建筑规划景观与设计类),11,,,2771
A247,同济大学,,工科试验班(智慧建造与低碳环境类),22,,,3377
A247,同济大学,,工科试验班(智能交通与车辆类),16,,,2559
A247,同济大学,,工科试验班(智能化制造与先进材料类),10,,,2219
A247,同济大学,,工科试验班(信息类),36,,,1685
A247,同济大学,,医学试验班,4,,,1665
A247,同济大学,,临床医学(5+3一体化),6,,,1384
A247,同济大学,,理科试验班,11,,,2083
A247,同济大学,,数学与应用数学(数学拔尖学生培养),3,,,1610
A248,上海交通大学,,工科试验班类,46,,,737
A248,上海交通大学,,自然科学试验班,27,,,987
A248,上海交通大学,,人工智能(卓越人才试点班),5,,,223
A248,上海交通大学,,电子信息类(IEEE试点班，含双学士学位项目),4,,,200
A248,上海交通大学,,核工程与核技术,9,,,1049
A248,上海交通大学,,自然保护与环境生态类(含双学士学位项目),40,,,2338
A248,上海交通大学,,经济管理试验班(含双学士学位项目),5,,,580
A248,上海交通大学,,金融学(含金融学、计算机双学士学位项目),4,,,432
A248,上海交通大学,,法学试验班(含双学士学位项目),1,,,502
A248,上海交通大学,,工科试验班类(信息类),30,,,364
A248,上海交通大学,,理科试验班类(含致远，吴文俊、李政道班，双学士学位项目),10,,,461
A251,华东理工大学,,电子信息类(智能与机器人实验班),11,,,11330
A251,华东理工大学,,工科试验班(生物医药),9,,,13607
A251,华东理工大学,,工科试验班(智慧化工),20,,,17626
A251,华东理工大学,,工科试验班(能源与环境),6,,,13524
A251,华东理工大学,,生物工程类,23,,,18985
A251,华东理工大学,,化学类,18,,,18253
A251,华东理工大学,,药学,7,,,17406
A251,华东理工大学,,材料类,14,,,19040
A251,华东理工大学,,机械类(机械智能化实验班),24,,,15340
A251,华东理工大学,,电子信息类,13,,,11435
A251,华东理工大学,,计算机类,4,,,8372
A251,华东理工大学,,数学类,4,,,10116
A251,华东理工大学,,物理学类,7,,,14328
A251,华东理工大学,,经济学类,2,,,12540
A251,华东理工大学,,管理科学与工程类,4,,,16805
A251,华东理工大学,,工商管理类,5,,,15944
A251,华东理工大学,,公共管理类,5,,,21353
A251,华东理工大学,,工业设计,4,,,16821
A251,华东理工大学,,风景园林(景观建筑规划方向),4,,,23352
A251,华东理工大学,,外国语言文学类,5,,,21684
A251,华东理工大学,,法学,5,,,13438
A251,华东理工大学,,化学工程与工艺(双学士学位项目),4,,,10507
A251,华东理工大学,,计算机科学与技术(双学士学位项目),4,,,8128
A251,华东理工大学,,应用化学(双学士学位项目),2,,,12335
A251,华东理工大学,,能源与动力工程(双学士学位项目),3,,,12928
A252,上海理工大学,,工科试验班(智能化制造类),18,,,28236
A252,上海理工大学,,工科试验班(电子与信息类),5,,,19453
A252,上海理工大学,,工科试验班(医理工综合类),2,,,27773
A252,上海理工大学,,理科试验班,4,,,25695
A252,上海理工大学,,经济管理试验班,6,,,31587
A252,上海理工大学,,新闻传播学类,6,,,43525
A252,上海理工大学,,光电信息科学与工程(中外合作办学)(中德合作),1,,,31836
A252,上海理工大学,,工商管理(中外合作办学)(中美合作),4,,,50552
A252,上海理工大学,,机械设计制造及其自动化(中外合作办学)(合作高校为德国富特旺根应用,4,,,44526
A252,上海理工大学,,英语(中外合作办学)(中美合作),5,,,55196
A252,上海理工大学,,机械设计制造及其自动化(中外合作办学)(中英合作),4,,,40786
A252,上海理工大学,,电子信息科学与技术(中外合作办学)(中英合作),3,,,34615
A252,上海理工大学,,工商管理(中外合作办学)(中英合作),1,,,50518
A252,上海理工大学,,会展经济与管理(中外合作办学)(中英合作),3,,,63096
A254,上海海事大学,,法学(海商法),2,,,20531
A254,上海海事大学,,经济学类,2,,,30112
A254,上海海事大学,,法语,2,,,41535
A254,上海海事大学,,港口航道与海岸工程,2,,,38329
A254,上海海事大学,,交通工程,2,,,28127
A254,上海海事大学,,船舶与海洋工程,2,,,32873
A254,上海海事大学,,环境工程,2,,,56158
A254,上海海事大学,,交通管理(国航),2,,,27633
A254,上海海事大学,,物流管理,2,,,33613
A254,上海海事大学,,机械电子工程(中外合作办学),6,,,53714
A254,上海海事大学,,电气工程与智能控制(中外合作办学),5,,,47202
A255,东华大学,,材料类,9,,,21184
A255,东华大学,,电子信息类,12,,,13859
A255,东华大学,,纺织类,3,,,20021
A255,东华大学,,服装设计与工程,2,,,22823
A255,东华大学,,工业设计,2,,,18191
A255,东华大学,,功能材料,2,,,19241
A255,东华大学,,管理科学与工程类,3,,,20858
A255,东华大学,,化学类,2,,,19237
A255,东华大学,,环境工程(双学士学位),2,,,19673
A255,东华大学,,机械工程,2,,,15582
A255,东华大学,,计算机类,7,,,12011
A255,东华大学,,建筑环境与能源应用工程,2,,,22536
A255,东华大学,,经济管理试验班,8,,,18962
A255,东华大学,,经济与贸易类,4,,,18618
A255,东华大学,,理科试验班类,2,,,12055
A255,东华大学,,能源与环境系统工程,2,,,19581
A255,东华大学,,人工智能,3,,,13581
A255,东华大学,,日语,2,,,36229
A255,东华大学,,社会科学试验班,2,,,15866
A255,东华大学,,数学类(金融与统计),4,,,14606
A255,东华大学,,物理学类(光电与能源新技术),3,,,15569
A255,东华大学,,新闻传播学类,7,,,22179
A255,东华大学,,英语,4,,,23331
A255,东华大学,,智能科学与技术,2,,,13028
A255,东华大学,,智能制造工程,2,,,14264
A255,东华大学,,生物工程,3,,,20483
A256,上海电力大学,,能源与动力工程,4,,,29046
A256,上海电力大学,,机械电子工程,4,,,30938
A256,上海电力大学,,新能源科学与工程,3,,,28602
A256,上海电力大学,,核工程与核技术,4,,,30695
A256,上海电力大学,,环境工程,2,,,38811
A256,上海电力大学,,电气工程及其自动化,17,,,20289
A256,上海电力大学,,自动化,3,,,22918
A256,上海电力大学,,核电技术与控制工程,3,,,28761
A256,上海电力大学,,软件工程,3,,,23214
A256,上海电力大学,,电子信息工程,3,,,22904
A256,上海电力大学,,集成电路设计与集成系统,3,,,26378
A256,上海电力大学,,能源服务工程,3,,,36193
A256,上海电力大学,,信息与计算科学,2,,,27649
A256,上海电力大学,,应用物理学,3,,,33125
A256,上海电力大学,,电气工程及其自动化(中外合作办学),9,,,26131
A259,上海应用技术大学,,机械设计制造及其自动化(卓越工程师计划试点班),3,,,46899
A259,上海应用技术大学,,机械类,2,,,46913
A259,上海应用技术大学,,电气工程及其自动化(卓越工程师计划试点班),3,,,39370
A259,上海应用技术大学,,软件工程(卓越工程师计划试点班),3,,,37211
A259,上海应用技术大学,,人工智能,3,,,44803
A259,上海应用技术大学,,工商管理类,3,,,62958
A259,上海应用技术大学,,大数据管理与应用,2,,,48624
A259,上海应用技术大学,,机械设计制造及其自动化(中外合作办学)(中美合作),3,,,77626
A259,上海应用技术大学,,电气工程及其自动化(中外合作办学)(中美合作),3,,,60505
A262,上海健康医学院,,临床医学,7,,,83679
A262,上海健康医学院,,护理学,10,,,102956
A262,上海健康医学院,,康复物理治疗,5,,,119234
A262,上海健康医学院,,数据科学与大数据技术,5,,,109689
A262,上海健康医学院,,医疗产品管理,5,,,127178
A262,上海健康医学院,,医学检验技术,5,,,98350
A262,上海健康医学院,,卫生检验与检疫,5,,,121369
A262,上海健康医学院,,口腔医学技术,5,,,101535
A262,上海健康医学院,,智能影像工程,5,,,104357
A262,上海健康医学院,,药学,8,,,116379
A262,上海健康医学院,,药物分析,5,,,133200
A262,上海健康医学院,,公共事业管理,5,,,127843
A264,上海海洋大学,,水产类,7,,,39583
A264,上海海洋大学,,食品科学与工程类,7,,,38087
A264,上海海洋大学,,环境科学与工程类,7,,,38829
A264,上海海洋大学,,会计学,10,,,30953
A264,上海海洋大学,,计算机类,11,,,26118
A264,上海海洋大学,,日语,8,,,77797
A264,上海海洋大学,,信息管理与信息系统(中外合作办学),10,,,50492
A264,上海海洋大学,,市场营销(中外合作办学),10,,,67836
A268,上海中医药大学,,中医学(屠呦呦班),4,,,2142
A268,上海中医药大学,,中医学(5+3一体化),3,,,6552
A268,上海中医药大学,,中医学(5+3一体化，针灸推拿英语方向),1,,,6132
A268,上海中医药大学,,中医学(5+3一体化，汇聚创新班),1,,,4260
A268,上海中医药大学,,药学(中外合作办学),2,,,31567
A269,华东师范大学,,汉语言文学,3,,,3668
A269,华东师范大学,,汉语国际教育,3,,,6740
A269,华东师范大学,,英语,1,,,5483
A269,华东师范大学,,翻译,1,,,7412
A269,华东师范大学,,翻译(双学位),1,,,5123
A269,华东师范大学,,德语,2,,,8623
A269,华东师范大学,,法语,1,,,5933
A269,华东师范大学,,金融学类,3,,,5343
A269,华东师范大学,,工商管理(中法创新实验班),2,,,7375
A269,华东师范大学,,公共管理类,1,,,9571
A269,华东师范大学,,新闻传播学类,2,,,5547
A269,华东师范大学,,历史学,2,,,4787
A269,华东师范大学,,政治学与行政学(双学位),2,,,5532
A269,华东师范大学,,法学,2,,,4587
A269,华东师范大学,,法学(双学位),2,,,3895
A269,华东师范大学,,金融学(双学位),4,,,3260
A269,华东师范大学,,心理学类,2,,,5302
A269,华东师范大学,,心理学(双学位),3,,,3156
A269,华东师范大学,,数学与应用数学,2,,,3249
A269,华东师范大学,,统计学类,2,,,3247
A269,华东师范大学,,统计学(双学位),5,,,2626
A269,华东师范大学,,物理学,3,,,4500
A269,华东师范大学,,电子信息科学与技术,2,,,3653
A269,华东师范大学,,通信工程,2,,,4063
A269,华东师范大学,,通信工程(双学位),2,,,4158
A269,华东师范大学,,微电子科学与工程,2,,,3561
A269,华东师范大学,,计算机科学与技术,4,,,3268
A269,华东师范大学,,软件工程,9,,,3127
A269,华东师范大学,,数据科学与大数据技术,4,,,3418
A269,华东师范大学,,化学,2,,,5412
A269,华东师范大学,,人文地理与城乡规划,2,,,6323
A269,华东师范大学,,日语,1,,,10489
A269,华东师范大学,,工商管理类,1,,,4993
A269,华东师范大学,,教育学类(师范类),2,,,6165
A269,华东师范大学,,生物科学类,2,,,3622
A270,上海师范大学,,艺术管理,10,,,65709
A270,上海师范大学,,汉语言文学(师范类),5,,,20563
A270,上海师范大学,,法学,4,,,24981
A270,上海师范大学,,英语(师范类),4,,,25565
A270,上海师范大学,,法语,4,,,51416
A270,上海师范大学,,日语,6,,,69033
A270,上海师范大学,,小学教育(师范类),8,,,34441
A270,上海师范大学,,学前教育(师范类),12,,,70222
A270,上海师范大学,,数学与应用数学(师范类),7,,,30795
A270,上海师范大学,,数学与应用数学(数学金融AI实验班),5,,,27894
A270,上海师范大学,,生物科学(师范类),6,,,32172
A270,上海师范大学,,化学类,8,,,39429
A270,上海师范大学,,旅游管理类,8,,,56779
A270,上海师范大学,,电子信息类,7,,,31162
A270,上海师范大学,,财务管理,4,,,35715
A270,上海师范大学,,金融学类,4,,,38933
A270,上海师范大学,,金融科技,5,,,43900
A270,上海师范大学,,电子信息工程(中外合作办学)(中美合作),8,,,49562
A270,上海师范大学,,土木工程(中外合作办学)(中英合作),10,,,108438
A270,上海师范大学,,经济学(中外合作办学)(中美合作),6,,,48146
A270,上海师范大学,,经济学(中外合作办学)(中法合作),6,,,52708
A270,上海师范大学,,计算机科学与技术(中外合作办学)(中法合作),5,,,46822
A270,上海师范大学,,汽车服务工程(中外合作办学)(中德合作),10,,,164226
A271,上海外国语大学,,英语,3,,,9313
A271,上海外国语大学,,德语(卓越外语人才计划),3,,,10737
A271,上海外国语大学,,法语(英语),3,,,16275
A271,上海外国语大学,,金融学(英语),2,,,9840
A271,上海外国语大学,,政治学与行政学(英语),2,,,14634
A271,上海外国语大学,,国际政治(英语),2,,,15020
A271,上海外国语大学,,外交学(双学位),2,,,9984
A271,上海外国语大学,,教育技术学(英语),2,,,16954
A271,上海外国语大学,,汉语国际教育(英语),3,,,14353
A271,上海外国语大学,,新闻传播学类(卓越国际新闻传播人才计划),3,,,14708
A271,上海外国语大学,,会计学(英语),2,,,10571
A272,上海财经大学,,金融学,3,,,1628
A272,上海财经大学,,金融学(双学士学位、统计学和金融学),5,,,1915
A272,上海财经大学,,工商管理类,5,,,6492
A272,上海财经大学,,国际经济与贸易,2,,,4730
A272,上海财经大学,,经济学,2,,,2567
A272,上海财经大学,,经济学(双学士学位、经济学院和数学学院培养),2,,,2313
A272,上海财经大学,,法学,1,,,3558
A272,上海财经大学,,财政学类,2,,,3226
A272,上海财经大学,,投资学,3,,,4629
A272,上海财经大学,,新闻学,3,,,12190
A272,上海财经大学,,计算机科学与技术,3,,,3932
A272,上海财经大学,,数据科学与大数据技术(工学),4,,,4603
A272,上海财经大学,,统计学(双学士学位、商学院和统计与管理学院培养),5,,,3691
A272,上海财经大学,,投资学(双学士学位、公管学院和数学学院培养),3,,,4313
A272,上海财经大学,,会计学,3,,,2216
A272,上海财经大学,,保险学(保险精算),3,,,4934
A272,上海财经大学,,数学类,5,,,5133
A272,上海财经大学,,金融学(中外合作办学)(银行与国际金融),2,,,4711
A273,上海对外经贸大学,,国际经济与贸易(全英语),2,,,19806
A273,上海对外经贸大学,,金融学(全英语),2,,,19121
A273,上海对外经贸大学,,金融学,2,,,18812
A273,上海对外经贸大学,,会计学(国际会计方向),3,,,20301
A273,上海对外经贸大学,,法学(国际经济法方向),2,,,17059
A273,上海对外经贸大学,,数据科学与大数据技术,3,,,20550
A273,上海对外经贸大学,,人工智能,2,,,20763
A273,上海对外经贸大学,,物流管理(中外合作办学)(中澳合作),3,,,47460
A273,上海对外经贸大学,,金融学(中外合作办学)(中加合作),3,,,31149
A274,上海海关学院,,物流管理,3,,,33400
A274,上海海关学院,,税收学,2,,,21292
A274,上海海关学院,,国际商务,2,,,36454
A274,上海海关学院,,英语,3,,,32550
A274,上海海关学院,,经济统计学,2,,,30641
A276,华东政法大学,,法学(民商法律),10,,,6322
A276,华东政法大学,,法学(卓越民商法治人才实验班),2,,,3450
A276,华东政法大学,,法学(经济法),6,,,6805
A276,华东政法大学,,法学(卓越经济法律人才实验班),2,,,3992
A276,华东政法大学,,法学(国际经济法),6,,,7453
A276,华东政法大学,,法学(沪港交流涉外卓越法律人才实验班),2,,,5142
A276,华东政法大学,,法学(刑事法律),2,,,6958
A276,华东政法大学,,法学(刑事司法),2,,,7044
A276,华东政法大学,,法学(网络与信息法),2,,,7516
A276,华东政法大学,,法学(卓越刑事法律人才实验班),2,,,5399
A276,华东政法大学,,法学(涉外卓越国际金融法律人才实验班),3,,,5739
A276,华东政法大学,,知识产权(卓越人才实验班),2,,,6311
A276,华东政法大学,,公共事业管理,2,,,16534
A276,华东政法大学,,新闻学(卓越人才实验班),1,,,15400
A276,华东政法大学,,英语(涉外法商),3,,,16799
A276,华东政法大学,,经济学类,6,,,18380
A276,华东政法大学,,社会学类,2,,,16698
A277,上海体育大学,,新闻学,2,,,33205
A277,上海体育大学,,医学技术类(运动健康),4,,,44129
A278,上海音乐学院,,艺术管理,2,,,49649
A279,上海戏剧学院,,戏剧影视文学,2,,,35543
A279,上海戏剧学院,,戏剧学,1,,,37889
A279,上海戏剧学院,,戏剧教育,2,,,73063
A279,上海戏剧学院,,艺术管理,2,,,74521
A279,上海戏剧学院,,广播电视编导,2,,,37131
A279,上海戏剧学院,,影视摄影与制作,3,,,61614
A280,上海大学,,社会学类,6,,,13108
A280,上海大学,,经济学类,3,,,12189
A280,上海大学,,理科试验班类,10,,,12358
A280,上海大学,,电气类,6,,,11982
A280,上海大学,,材料类,4,,,16071
A280,上海大学,,国际经济与贸易(中外合作办学),6,,,23288
A280,上海大学,,信息管理与信息系统(中外合作办学),2,,,22746
A280,上海大学,,机械工程(中外合作办学),5,,,26959
A280,上海大学,,材料科学与工程(中外合作办学),5,,,31880
A280,上海大学,,信息工程(中外合作办学),5,,,22356
A280,上海大学,,电气工程及其自动化(中外合作办学),2,,,19224
A280,上海大学,,土木工程(中外合作办学),2,,,35516
A280,上海大学,,环境工程(中外合作办学),2,,,26596
A284,南京大学,,社会科学试验班,5,,,1389
A284,南京大学,,经济管理试验班,9,,,1170
A284,南京大学,,理科试验班(数理科学类),15,,,844
A284,南京大学,,电子信息类,9,,,725
A284,南京大学,,工科试验班,7,,,912
A284,南京大学,,计算机科学与技术,5,,,553
A284,南京大学,,人工智能,3,,,440
A284,南京大学,,软件工程,8,,,755
A284,南京大学,,理科试验班类(匡亚明学院大理科班),3,,,550
A284,南京大学,,技术科学试验班,16,,,847
A284,南京大学,,理科试验班类(化学与生命科学类),4,,,1011
A284,南京大学,,理科试验班类(地球科学与资源环境类),3,,,1026
A285,苏州大学,,汉语言文学(师范类),1,,,9189
A285,苏州大学,,新闻传播学类,2,,,13187
A285,苏州大学,,法学,2,,,9342
A285,苏州大学,,英语(师范类),1,,,11531
A285,苏州大学,,数学类,2,,,9856
A285,苏州大学,,智能测控工程,1,,,11210
A285,苏州大学,,软件工程,1,,,9088
A285,苏州大学,,计算机科学与技术,2,,,8826
A285,苏州大学,,通信工程,1,,,10848
A285,苏州大学,,智能制造工程,2,,,13404
A285,苏州大学,,临床医学(5+3一体化),2,,,4184
A285,苏州大学,,临床医学,1,,,4282
A285,苏州大学,,人工智能,1,,,8309
A285,苏州大学,,汉语国际教育,2,,,17067
A285,苏州大学,,旅游管理,1,,,27353
A285,苏州大学,,图书情报与档案管理类,2,,,16326
A285,苏州大学,,城市管理,1,,,25994
A285,苏州大学,,教育学(师范类),1,,,15735
A285,苏州大学,,应用心理学,1,,,13169
A285,苏州大学,,财政学,1,,,13178
A285,苏州大学,,知识产权,1,,,12340
A285,苏州大学,,俄语,1,,,29581
A285,苏州大学,,法语,1,,,17851
A285,苏州大学,,建筑学,2,,,27736
A285,苏州大学,,风景园林,1,,,25884
A285,苏州大学,,金融数学,1,,,9437
A285,苏州大学,,物理学,1,,,11540
A285,苏州大学,,光电信息科学与工程,1,,,9946
A285,苏州大学,,化学类,2,,,14012
A285,苏州大学,,材料类,2,,,14667
A285,苏州大学,,纳米材料与技术,5,,,14168
A285,苏州大学,,电子信息工程,1,,,10332
A285,苏州大学,,金属材料工程,1,,,15630
A285,苏州大学,,电气工程与智能控制,1,,,11738
A285,苏州大学,,运动康复,1,,,28051
A285,苏州大学,,生物技术,2,,,12939
A285,苏州大学,,放射医学,2,,,9428
A285,苏州大学,,药学(省拔尖人才培养基地),1,,,10713
A285,苏州大学,,机械电子工程,1,,,12365
A285,苏州大学,,轻化工程,1,,,18483
A285,苏州大学,,护理学,2,,,31156
A286,东南大学,,建筑类,7,,,3844
A286,东南大学,,工科试验班(碳中和与智能制造实验班),48,,,3560
A286,东南大学,,工科试验班(土木交通材料实验班),15,,,5319
A286,东南大学,,电子信息类,21,,,2330
A286,东南大学,,电子科学与技术(集成电路方向，后两年在无锡培养),10,,,2565
A286,东南大学,,计算机类,20,,,2504
A286,东南大学,,理科试验班,8,,,2891
A286,东南大学,,工科试验班(吴健雄班),5,,,1450
A286,东南大学,,文科试验班类,4,,,4872
A286,东南大学,,临床医学(5+3一体化),7,,,3036
A286,东南大学,,经济学类,6,,,5061
A287,南京航空航天大学,,法学,3,,,13157
A287,南京航空航天大学,,行政管理,3,,,20004
A287,南京航空航天大学,,英语(民航业务、国际贸易),2,,,19367
A287,南京航空航天大学,,会计学,3,,,13167
A287,南京航空航天大学,,金融学,2,,,14594
A287,南京航空航天大学,,航空航天类,43,,,10226
A287,南京航空航天大学,,工程力学,2,,,10626
A287,南京航空航天大学,,车辆工程,3,,,11390
A287,南京航空航天大学,,能源与动力工程,4,,,11592
A287,南京航空航天大学,,自动化,7,,,9696
A287,南京航空航天大学,,电气工程及其自动化,10,,,9117
A287,南京航空航天大学,,测控技术与仪器,4,,,11756
A287,南京航空航天大学,,生物医学工程,3,,,13800
A287,南京航空航天大学,,探测制导与控制技术,3,,,11247
A287,南京航空航天大学,,电子信息类,14,,,9908
A287,南京航空航天大学,,微电子科学与工程(集成电路设计),4,,,9450
A287,南京航空航天大学,,机械工程,10,,,12567
A287,南京航空航天大学,,工业设计,4,,,12691
A287,南京航空航天大学,,机器人工程,5,,,10796
A287,南京航空航天大学,,智能制造工程,5,,,11541
A287,南京航空航天大学,,材料科学与工程,5,,,15200
A287,南京航空航天大学,,核工程类,3,,,12410
A287,南京航空航天大学,,新能源材料与器件,3,,,12779
A287,南京航空航天大学,,应用化学,2,,,15504
A287,南京航空航天大学,,飞行器适航技术,5,,,12001
A287,南京航空航天大学,,交通运输(民航电子电气工程),3,,,12168
A287,南京航空航天大学,,土木工程,2,,,19182
A287,南京航空航天大学,,应用统计学,3,,,11188
A287,南京航空航天大学,,管理科学与工程类,4,,,14584
A287,南京航空航天大学,,大数据管理与应用,4,,,11710
A287,南京航空航天大学,,光电信息科学与工程,5,,,11194
A287,南京航空航天大学,,计算机科学与技术,2,,,6925
A287,南京航空航天大学,,人工智能,2,,,7052
A287,南京航空航天大学,,软件工程,4,,,7645
A287,南京航空航天大学,,物联网工程,3,,,9490
A287,南京航空航天大学,,信息安全,3,,,9483
A287,南京航空航天大学,,应用物理学,5,,,13461
A287,南京航空航天大学,,交通运输(中外合作办学)(机场运行与管理),6,,,33130
A288,南京理工大学,,兵器类,12,,,11966
A288,南京理工大学,,工商管理类,8,,,18708
A288,南京理工大学,,经济学类,9,,,19306
A288,南京理工大学,,能源动力类,14,,,14666
A288,南京理工大学,,探测制导与控制技术,8,,,12524
A288,南京理工大学,,法学,2,,,13612
A288,南京理工大学,,智能制造工程,12,,,13695
A288,南京理工大学,,新能源科学与工程,4,,,14286
A288,南京理工大学,,数据科学与大数据技术,5,,,11205
A288,南京理工大学,,网络空间安全,4,,,11741
A288,南京理工大学,,信息管理与信息系统,8,,,15938
A288,南京理工大学,,微电子科学与工程,4,,,11015
A288,南京理工大学,,材料类,15,,,16092
A288,南京理工大学,,电子信息类,20,,,10548
A288,南京理工大学,,化工与制药类,16,,,18624
A288,南京理工大学,,机械类,14,,,13893
A288,南京理工大学,,计算机类,8,,,9132
A288,南京理工大学,,自动化类,18,,,11335
A288,南京理工大学,,材料科学与工程(中外合作办学),5,,,33949
A288,南京理工大学,,机械工程(中外合作办学),4,,,28301
A289,江苏科技大学,,外国语言文学类,7,,,83438
A289,江苏科技大学,,电子信息类,10,,,35999
A289,江苏科技大学,,机械类,10,,,46784
A289,江苏科技大学,,海洋工程类,6,,,54496
A289,江苏科技大学,,食品科学与工程类,10,,,64073
A289,江苏科技大学,,应用化学,2,,,47940
A289,江苏科技大学,,轮机工程,3,,,55963
A289,江苏科技大学,,蚕学,2,,,93732
A289,江苏科技大学,,生物工程,1,,,45511
A289,江苏科技大学,,环境工程,2,,,53353
A289,江苏科技大学,,自动化,2,,,32161
A289,江苏科技大学,,应用统计学,2,,,40909
A289,江苏科技大学,,工业工程,3,,,54253
A289,江苏科技大学,,港口航道与海岸工程,2,,,56817
A289,江苏科技大学,,应用物理学,3,,,39989
A289,江苏科技大学,,测控技术与仪器,6,,,54005
A289,江苏科技大学,,给排水科学与工程,2,,,61414
A289,江苏科技大学,,土木工程,3,,,59365
A289,江苏科技大学,,建筑环境与能源应用工程,2,,,59608
A289,江苏科技大学,,工程力学,5,,,59551
A289,江苏科技大学,,电气工程及其自动化,5,,,32305
A289,江苏科技大学,,俄语,2,,,89635
A289,江苏科技大学,,智能感知工程,5,,,50474
A289,江苏科技大学,,船舶与海洋工程(中外合作办学),5,,,115435
A290,中国矿业大学,,机械类,40,,,24832
A290,中国矿业大学,,机器人工程,8,,,20567
A290,中国矿业大学,,安全科学与工程类,20,,,28586
A290,中国矿业大学,,测绘类,5,,,26007
A290,中国矿业大学,,环境科学与工程类,9,,,29358
A290,中国矿业大学,,遥感科学与技术,9,,,23299
A290,中国矿业大学,,地球物理学,4,,,27792
A290,中国矿业大学,,地球信息科学与技术,4,,,26390
A290,中国矿业大学,,大数据管理与应用,5,,,20328
A290,中国矿业大学,,金融学,4,,,22133
A290,中国矿业大学,,电子信息类,50,,,19980
A290,中国矿业大学,,计算机类,50,,,18155
A290,中国矿业大学,,人工智能,18,,,19651
A290,中国矿业大学,,数学类,32,,,22215
A290,中国矿业大学,,新能源材料与器件,8,,,23907
A290,中国矿业大学,,物理学类,16,,,23531
A290,中国矿业大学,,能源动力类,18,,,23660
A290,中国矿业大学,,网络与新媒体,6,,,25232
A290,中国矿业大学,,建筑类,10,,,34137
A290,中国矿业大学,,公共管理类,10,,,32751
A290,中国矿业大学,,英语,13,,,34315
A290,中国矿业大学,,德语,6,,,41994
A290,中国矿业大学,,汉语言文学,6,,,20103
A290,中国矿业大学,,电子商务,8,,,38546
A290,中国矿业大学,,电气工程及其自动化,50,,,18322
A290,中国矿业大学,,工商管理类,28,,,28053
A290,中国矿业大学,,工程力学,5,,,25108
A290,中国矿业大学,,矿业类,16,,,29715
A290,中国矿业大学,,化工与制药类,6,,,25649
A290,中国矿业大学,,地质类,3,,,27829
A290,中国矿业大学,,土木类,14,,,32454
A290,中国矿业大学,,土地资源管理,2,,,26325
A290,中国矿业大学,,材料科学与工程,5,,,26699
A290,中国矿业大学,,土木工程(中外合作办学),9,,,45026
A290,中国矿业大学,,建筑环境与能源应用工程(中外合作办学),9,,,46201
A291,南京工业大学,,化学工程与工艺,5,,,34598
A291,南京工业大学,,安全工程,3,,,33621
A291,南京工业大学,,环境工程,2,,,45832
A291,南京工业大学,,环境科学,3,,,49316
A291,南京工业大学,,无机非金属材料工程,2,,,40650
A291,南京工业大学,,复合材料与工程,2,,,25751
A291,南京工业大学,,高分子材料与工程,2,,,35750
A291,南京工业大学,,材料科学与工程,2,,,32698
A291,南京工业大学,,应用化学,3,,,32286
A291,南京工业大学,,电气工程及其自动化,3,,,23361
A291,南京工业大学,,机器人工程,2,,,25193
A291,南京工业大学,,制药工程,4,,,34672
A291,南京工业大学,,消防工程,2,,,38268
A291,南京工业大学,,信息管理与信息系统,4,,,38874
A291,南京工业大学,,应急技术与管理,4,,,55456
A291,南京工业大学,,新能源材料与器件,2,,,29686
A291,南京工业大学,,工商管理,4,,,50641
A291,南京工业大学,,国际经济与贸易,2,,,39562
A291,南京工业大学,,工业工程,6,,,42223
A291,南京工业大学,,知识产权,2,,,26301
A291,南京工业大学,,法学,2,,,23726
A291,南京工业大学,,德语,2,,,46701
A291,南京工业大学,,药学,6,,,35687
A291,南京工业大学,,食品科学与工程,2,,,35868
A291,南京工业大学,,轻化工程,2,,,36377
A291,南京工业大学,,建筑学,2,,,37355
A291,南京工业大学,,车辆工程,4,,,35676
A291,南京工业大学,,过程装备与控制工程,5,,,37698
A291,南京工业大学,,新能源科学与工程,2,,,25478
A291,南京工业大学,,数学与应用数学,2,,,24990
A291,南京工业大学,,土木工程,12,,,66193
A291,南京工业大学,,铁道工程,2,,,47079
A291,南京工业大学,,机械工程(中外合作办学),3,,,50418
A291,南京工业大学,,电子信息工程(中外合作办学),3,,,43452
A291,南京工业大学,,制药工程(中外合作办学),3,,,64341
A291,南京工业大学,,土木工程(中外合作办学),3,,,60584
A292,常州大学,,市场营销,5,,,97185
A292,常州大学,,国际经济与贸易,1,,,57156
A292,常州大学,,法学,2,,,40393
A292,常州大学,,社会工作,4,,,80946
A292,常州大学,,会计学,1,,,48409
A292,常州大学,,政治学与行政学,4,,,63439
A292,常州大学,,西班牙语,3,,,99571
A292,常州大学,,信息管理与信息系统,2,,,57045
A292,常州大学,,化学工程与工艺,3,,,59726
A292,常州大学,,过程装备与控制工程,2,,,60487
A292,常州大学,,能源与动力工程,2,,,51187
A292,常州大学,,油气储运工程,2,,,66500
A292,常州大学,,石油工程,4,,,70911
A292,常州大学,,高分子材料与工程,2,,,62510
A292,常州大学,,材料科学与工程,2,,,70797
A292,常州大学,,材料化学,2,,,59779
A292,常州大学,,资源循环科学与工程,6,,,86413
A292,常州大学,,消防工程,2,,,99331
A292,常州大学,,工程管理,2,,,71660
A292,常州大学,,建筑环境与能源应用工程,3,,,81395
A292,常州大学,,电子信息工程(中外合作办学),2,,,73373
A293,南京邮电大学,,通信工程,9,,,14469
A293,南京邮电大学,,电子信息工程,5,,,15063
A293,南京邮电大学,,电子科学与技术,5,,,13900
A293,南京邮电大学,,微电子科学与工程,5,,,16238
A293,南京邮电大学,,集成电路设计与集成系统,5,,,17133
A293,南京邮电大学,,计算机科学与技术,5,,,12478
A293,南京邮电大学,,信息安全,5,,,16028
A293,南京邮电大学,,软件工程,5,,,14724
A293,南京邮电大学,,数据科学与大数据技术,5,,,17382
A293,南京邮电大学,,自动化,7,,,17721
A293,南京邮电大学,,电气工程及其自动化,4,,,16806
A293,南京邮电大学,,智能电网信息工程,4,,,18348
A293,南京邮电大学,,人工智能,5,,,15320
A293,南京邮电大学,,网络工程,5,,,16454
A293,南京邮电大学,,物联网工程,5,,,16430
A293,南京邮电大学,,经济学类,5,,,28376
A293,南京邮电大学,,金融工程,6,,,29363
A293,南京邮电大学,,英语,5,,,31785
A293,南京邮电大学,,翻译,3,,,35953
A294,河海大学,,自然地理与资源环境,2,,,26138
A294,河海大学,,地理信息科学,2,,,17453
A294,河海大学,,水务工程,5,,,19720
A294,河海大学,,智慧水利,3,,,14990
A294,河海大学,,安全工程,2,,,26608
A294,河海大学,,船舶与海洋工程,2,,,21062
A294,河海大学,,海洋资源开发技术,3,,,22109
A294,河海大学,,土木工程,10,,,25050
A294,河海大学,,交通工程,2,,,17737
A294,河海大学,,智能建造,2,,,17498
A294,河海大学,,给排水科学与工程,2,,,23046
A294,河海大学,,环境工程,2,,,20977
A294,河海大学,,环境科学,2,,,19979
A294,河海大学,,环境生态工程,2,,,23131
A294,河海大学,,能源与动力工程,5,,,16135
A294,河海大学,,工程力学,3,,,16854
A294,河海大学,,测绘工程,2,,,20396
A294,河海大学,,遥感科学与技术,2,,,17220
A294,河海大学,,土地整治工程,2,,,28680
A294,河海大学,,海洋科学,11,,,22734
A294,河海大学,,海洋技术,5,,,22764
A294,河海大学,,应用物理学,4,,,17019
A294,河海大学,,工程管理,2,,,25446
A294,河海大学,,社会学,2,,,19611
A294,河海大学,,广播电视学,2,,,19267
A294,河海大学,,劳动与社会保障,2,,,24500
A294,河海大学,,土地资源管理,2,,,23224
A294,河海大学,,思想政治教育,2,,,16366
A294,河海大学,,马克思主义理论,2,,,16233
A294,河海大学,,英语,3,,,22229
A294,河海大学,,法语,3,,,28463
A294,河海大学,,工程力学(大禹徐芝纶班),2,,,15438
A294,河海大学,,计算机类(大禹强化班),2,,,10448
A294,河海大学,,土木、水利与海洋工程(大禹强化班),2,,,17033
A294,河海大学,,水利类(大禹强化班),3,,,10283
A294,河海大学,,机械工程,3,,,18267
A294,河海大学,,智能制造工程,2,,,16741
A294,河海大学,,机器人工程,2,,,16394
A294,河海大学,,电子科学与技术,2,,,13979
A294,河海大学,,通信工程,3,,,12985
A294,河海大学,,物联网工程,4,,,13471
A294,河海大学,,人工智能,2,,,12435
A294,河海大学,,自动化,3,,,13042
A294,河海大学,,智能科学与技术,2,,,12495
A294,河海大学,,大数据管理与应用,2,,,15748
A294,河海大学,,工商管理,2,,,20097
A294,河海大学,,金融工程,2,,,19838
A294,河海大学,,国际经济与贸易,2,,,20379
A294,河海大学,,材料科学与工程,2,,,21027
A294,河海大学,,水文与水资源工程,6,,,16287
A294,河海大学,,水利水电工程,8,,,14551
A294,河海大学,,港口航道与海岸工程,9,,,21894
A294,河海大学,,电气工程及其自动化,8,,,11970
A294,河海大学,,计算机科学与技术,6,,,10980
A294,河海大学,,软件工程,2,,,11630
A294,河海大学,,地质工程,3,,,25879
A294,河海大学,,农业水利工程,6,,,23739
A294,河海大学,,数学类,5,,,16468
A294,河海大学,,信息管理与信息系统,2,,,18126
A294,河海大学,,会计学,4,,,15254
A294,河海大学,,财务管理,2,,,16020
A294,河海大学,,法学,2,,,14383
A294,河海大学,,新能源科学与工程,2,,,13598
A294,河海大学,,环境科学(中外合作办学),5,,,38541
A294,河海大学,,机械工程(中外合作办学)(河海里尔学院),5,,,37204
A294,河海大学,,土木工程(中外合作办学)(河海里尔学院),5,,,42167
A295,江南大学,,食品质量与安全,5,,,21342
A295,江南大学,,食品营养与健康,2,,,24185
A295,江南大学,,生物工程,11,,,23483
A295,江南大学,,生物技术,10,,,23360
A295,江南大学,,酿酒工程,5,,,28176
A295,江南大学,,轻化工程,7,,,28232
A295,江南大学,,化学工程与工艺,8,,,26474
A295,江南大学,,高分子材料与工程,10,,,25666
A295,江南大学,,应用化学,9,,,25524
A295,江南大学,,环境科学,2,,,29936
A295,江南大学,,环境工程,7,,,30602
A295,江南大学,,包装工程,3,,,28896
A295,江南大学,,服装设计与工程,4,,,30852
A295,江南大学,,制药工程,11,,,25645
A295,江南大学,,临床医学,13,,,13724
A295,江南大学,,物联网工程,14,,,15992
A295,江南大学,,自动化,14,,,17224
A295,江南大学,,电气工程及其自动化,4,,,15161
A295,江南大学,,微电子科学与工程,10,,,18461
A295,江南大学,,信息与计算科学,8,,,19025
A295,江南大学,,光电信息科学与工程,5,,,18514
A295,江南大学,,机械工程,13,,,22221
A295,江南大学,,机器人工程,5,,,18149
A295,江南大学,,工业设计,2,,,15212
A295,江南大学,,人工智能,5,,,16246
A295,江南大学,,计算机科学与技术,3,,,12642
A295,江南大学,,数字媒体技术,10,,,18061
A295,江南大学,,国际经济与贸易,10,,,25890
A295,江南大学,,金融学,7,,,21190
A295,江南大学,,大数据管理与应用,6,,,19073
A295,江南大学,,工商管理,8,,,25363
A295,江南大学,,会计学,9,,,19516
A295,江南大学,,汉语言文学(师范类),13,,,17237
A295,江南大学,,小学教育(师范类),3,,,23539
A295,江南大学,,英语,18,,,29912
A295,江南大学,,日语,5,,,29881
A295,江南大学,,法学,4,,,16098
A295,江南大学,,社会工作,7,,,30294
A295,江南大学,,思想政治教育,5,,,21837
A295,江南大学,,食品科学与工程,3,,,17172
A295,江南大学,,纺织工程,6,,,31460
A295,江南大学,,药学,8,,,22983
A295,江南大学,,土木工程,4,,,28797
A295,江南大学,,食品科学与工程(中外合作办学),12,,,41817
A295,江南大学,,工商管理(中外合作办学),7,,,38457
A298,南京林业大学,,机械设计制造及其自动化,4,,,28859
A298,南京林业大学,,机器人工程,4,,,28529
A298,南京林业大学,,自动化,4,,,25911
A298,南京林业大学,,土木类,4,,,43384
A298,南京林业大学,,工程管理,4,,,44726
A298,南京林业大学,,计算机科学与技术,2,,,23784
A298,南京林业大学,,人工智能,2,,,25018
A298,南京林业大学,,电子信息工程,2,,,23256
A298,南京林业大学,,家具设计与工程,4,,,47752
A298,南京林业大学,,车辆工程,4,,,31624
A298,南京林业大学,,能源与动力工程,3,,,27959
A298,南京林业大学,,食品科学与工程类,5,,,37109
A298,南京林业大学,,轻化工程,9,,,47913
A298,南京林业大学,,交通运输类,6,,,34867
A298,南京林业大学,,环境工程,4,,,40484
A298,南京林业大学,,林学类,4,,,33215
A298,南京林业大学,,水土保持与荒漠化防治,4,,,46156
A298,南京林业大学,,生物工程类,4,,,32982
A298,南京林业大学,,木材科学与工程,4,,,42732
A298,南京林业大学,,生物科学,4,,,32466
A298,南京林业大学,,生态学,4,,,37152
A298,南京林业大学,,会计学,2,,,28148
A298,南京林业大学,,新闻传播学类,2,,,35100
A298,南京林业大学,,风景园林,2,,,32346
A298,南京林业大学,,园林,2,,,34450
A298,南京林业大学,,城乡规划,2,,,32826
A298,南京林业大学,,法学,3,,,20552
A298,南京林业大学,,林学(中外合作办学),8,,,56707
A298,南京林业大学,,木材科学与工程(中外合作办学),8,,,83335
A299,江苏大学,,法学,2,,,22389
A299,江苏大学,,公共事业管理,2,,,45108
A299,江苏大学,,国际经济与贸易,3,,,39614
A299,江苏大学,,人力资源管理,3,,,38934
A299,江苏大学,,日语,2,,,65999
A299,江苏大学,,市场营销,2,,,51456
A299,江苏大学,,物流管理,3,,,48940
A299,江苏大学,,知识产权,2,,,29777
A299,江苏大学,,材料成型及控制工程,2,,,46174
A299,江苏大学,,车辆工程,2,,,30172
A299,江苏大学,,储能科学与工程,3,,,34633
A299,江苏大学,,电气工程及其自动化,3,,,22524
A299,江苏大学,,工业工程,3,,,38887
A299,江苏大学,,工业设计,2,,,35505
A299,江苏大学,,光电信息科学与工程,2,,,24684
A299,江苏大学,,化学类,3,,,37029
A299,江苏大学,,环保设备工程,1,,,49929
A299,江苏大学,,环境工程,1,,,42319
A299,江苏大学,,机械电子工程,2,,,26811
A299,江苏大学,,机械设计制造及其自动化,5,,,26602
A299,江苏大学,,计算机科学与技术,2,,,19846
A299,江苏大学,,建筑环境与能源应用工程,2,,,45045
A299,江苏大学,,交通工程,3,,,34768
A299,江苏大学,,交通运输,2,,,35306
A299,江苏大学,,教育技术学(师范类),2,,,126073
A299,江苏大学,,金属材料工程,4,,,43014
A299,江苏大学,,临床医学,5,,,24482
A299,江苏大学,,能源与动力工程,5,,,34202
A299,江苏大学,,农业电气化,2,,,38924
A299,江苏大学,,农业机械化及其自动化,4,,,43090
A299,江苏大学,,农业智能装备工程,4,,,48831
A299,江苏大学,,软件工程,2,,,21294
A299,江苏大学,,生物技术,2,,,38601
A299,江苏大学,,生物科学,2,,,36621
A299,江苏大学,,食品科学与工程类,3,,,40273
A299,江苏大学,,食品营养与健康,2,,,47292
A299,江苏大学,,土木工程,2,,,37170
A299,江苏大学,,新能源科学与工程,2,,,28294
A299,江苏大学,,新能源汽车工程,2,,,30221
A299,江苏大学,,药学类,6,,,39781
A299,江苏大学,,医学检验技术,3,,,33895
A299,江苏大学,,医学影像学,4,,,27137
A299,江苏大学,,应急技术与管理,2,,,52067
A299,江苏大学,,制药工程,5,,,41068
A300,南京信息工程大学,,大气科学类,25,,,21856
A300,南京信息工程大学,,应用气象学,3,,,22424
A300,南京信息工程大学,,气象技术与工程,2,,,23519
A300,南京信息工程大学,,地理科学类,3,,,28394
A300,南京信息工程大学,,测绘工程,2,,,31641
A300,南京信息工程大学,,遥感科学与技术,3,,,25266
A300,南京信息工程大学,,地理空间信息工程,2,,,27674
A300,南京信息工程大学,,海洋科学类,2,,,30475
A300,南京信息工程大学,,环境科学与工程类,2,,,34537
A300,南京信息工程大学,,数据科学与大数据技术,2,,,20016
A300,南京信息工程大学,,机械电子工程,2,,,25048
A300,南京信息工程大学,,人工智能,4,,,20928
A300,南京信息工程大学,,医学信息工程,2,,,23298
A300,南京信息工程大学,,电子信息类,6,,,19228
A300,南京信息工程大学,,计算机类,4,,,14910
A300,南京信息工程大学,,数学与应用数学,2,,,23129
A300,南京信息工程大学,,信息与计算科学,2,,,22738
A300,南京信息工程大学,,材料物理,2,,,31933
A300,南京信息工程大学,,金融工程,2,,,30783
A300,南京信息工程大学,,国际经济与贸易,2,,,33122
A300,南京信息工程大学,,工商管理类,3,,,27782
A300,南京信息工程大学,,翻译,2,,,39433
A300,南京信息工程大学,,汉语言文学,2,,,21710
A300,南京信息工程大学,,法学,3,,,21099
A300,南京信息工程大学,,地理信息科学,2,,,22925
A300,南京信息工程大学,,人文地理与城乡规划,2,,,27023
A300,南京信息工程大学,,自然地理与资源环境,2,,,29081
A300,南京信息工程大学,,电子信息类,5,,,19144
A300,南京信息工程大学,,环境科学与工程类,2,,,29085
A300,南京信息工程大学,,农业资源与环境,5,,,37259
A300,南京信息工程大学,,生态学,5,,,34487
A300,南京信息工程大学,,海洋科学,3,,,28893
A300,南京信息工程大学,,汉语言文学(师范类),2,,,21216
A300,南京信息工程大学,,英语(师范类),2,,,30142
A300,南京信息工程大学,,数学与应用数学(师范类),2,,,23807
A300,南京信息工程大学,,防灾减灾科学与工程,2,,,32179
A300,南京信息工程大学,,软件工程,3,,,15410
A300,南京信息工程大学,,思想政治教育(师范类),2,,,24340
A300,南京信息工程大学,,环境工程(中外合作办学),2,,,50946
A300,南京信息工程大学,,数学与应用数学(中外合作办学),3,,,37076
A300,南京信息工程大学,,应用化学(中外合作办学),2,,,47115
A300,南京信息工程大学,,地理信息科学(中外合作办学),2,,,43868
A300,南京信息工程大学,,数据科学与大数据技术(中外合作办学),2,,,32397
A300,南京信息工程大学,,国际经济与贸易(中外合作办学),2,,,45498
A300,南京信息工程大学,,软件工程(中外合作办学),2,,,32198
A300,南京信息工程大学,,电气工程及其自动化(中外合作办学),2,,,35803
A304,南通大学,,汉语言文学(师范类),2,,,30606
A304,南通大学,,应用统计学,2,,,39076
A304,南通大学,,光电信息科学与工程,2,,,45928
A304,南通大学,,法学,4,,,35237
A304,南通大学,,行政管理,2,,,56267
A304,南通大学,,国际经济与贸易,2,,,55306
A304,南通大学,,会计学,2,,,40966
A304,南通大学,,小学教育(师范类),3,,,59482
A304,南通大学,,商务英语,5,,,60925
A304,南通大学,,日语,4,,,81251
A304,南通大学,,化学(师范类),5,,,49956
A304,南通大学,,机器人工程,3,,,47235
A304,南通大学,,高分子材料与工程,3,,,60146
A304,南通大学,,儿科学,2,,,29309
A304,南通大学,,机械电子工程,3,,,40917
A304,南通大学,,机械设计制造及其自动化,2,,,45737
A304,南通大学,,测控技术与仪器,2,,,56534
A304,南通大学,,集成电路设计与集成系统,5,,,48266
A304,南通大学,,计算机科学与技术,2,,,33398
A304,南通大学,,物联网工程,2,,,39014
A304,南通大学,,纺织工程,5,,,77803
A304,南通大学,,非织造材料与工程,5,,,105974
A304,南通大学,,临床医学,2,,,17743
A304,南通大学,,康复治疗学,4,,,65985
A304,南通大学,,口腔医学,2,,,18237
A304,南通大学,,医学检验技术,4,,,48807
A304,南通大学,,工业设计,2,,,55907
A304,南通大学,,建筑学,2,,,63317
A304,南通大学,,土木工程,3,,,65425
A304,南通大学,,工程管理,3,,,84431
A304,南通大学,,交通工程,6,,,61499
A304,南通大学,,教育技术学(师范类),2,,,59936
A304,南通大学,,人工智能,2,,,37595
A304,南通大学,,智能医学工程,4,,,50953
A307,南京农业大学,,农学,7,,,22905
A307,南京农业大学,,种子科学与工程,3,,,25532
A307,南京农业大学,,植物保护,7,,,28027
A307,南京农业大学,,环境科学与工程类,10,,,30398
A307,南京农业大学,,中药学,2,,,25243
A307,南京农业大学,,风景园林,6,,,28798
A307,南京农业大学,,园艺,5,,,28781
A307,南京农业大学,,园林,2,,,26506
A307,南京农业大学,,国际经济与贸易,7,,,29562
A307,南京农业大学,,农林经济管理,6,,,24763
A307,南京农业大学,,工商管理类,8,,,30474
A307,南京农业大学,,动物医学类,15,,,28738
A307,南京农业大学,,食品科学与工程类,17,,,27435
A307,南京农业大学,,公共管理类,11,,,31590
A307,南京农业大学,,人文地理与城乡规划,2,,,26155
A307,南京农业大学,,英语,8,,,31924
A307,南京农业大学,,社会学类,8,,,23653
A307,南京农业大学,,信息与计算科学,4,,,21905
A307,南京农业大学,,应用化学,3,,,26021
A307,南京农业大学,,统计学,5,,,21776
A307,南京农业大学,,生物科学类,10,,,23529
A307,南京农业大学,,生物科学(生物学基地班),4,,,19801
A307,南京农业大学,,生物技术(生命科学与技术基地班),7,,,22247
A307,南京农业大学,,金融学,9,,,24012
A307,南京农业大学,,会计学,8,,,21097
A307,南京农业大学,,投资学,6,,,30929
A307,南京农业大学,,金融科技,4,,,28609
A307,南京农业大学,,机械类,10,,,25735
A307,南京农业大学,,农业智能装备工程,2,,,25215
A307,南京农业大学,,电子信息类,9,,,21101
A307,南京农业大学,,人工智能,3,,,20265
A307,南京农业大学,,计算机科学与技术,4,,,18235
A307,南京农业大学,,数据科学与大数据技术,5,,,20058
A307,南京农业大学,,信息管理与信息系统,3,,,23310
A307,南京农业大学,,信息资源管理,10,,,38158
A307,南京农业大学,,工程管理,3,,,44909
A312,南京医科大学,,临床医学(5+3一体化),3,,,3939
A312,南京医科大学,,临床医学(5+3一体化，儿科医学),2,,,6998
A312,南京医科大学,,口腔医学(5+3一体化),2,,,4198
A312,南京医科大学,,临床医学,4,,,5329
A312,南京医科大学,,医学影像学,2,,,7492
A312,南京医科大学,,儿科学,4,,,15044
A312,南京医科大学,,口腔医学,2,,,5338
A312,南京医科大学,,预防医学,2,,,18480
A312,南京医科大学,,临床药学,2,,,15090
A312,南京医科大学,,康复治疗学,2,,,31555
A312,南京医科大学,,智能医学工程,2,,,22916
A312,南京医科大学,,生物医学工程,6,,,24821
A312,南京医科大学,,生物统计学,2,,,29245
A312,南京医科大学,,护理学,5,,,43612
A313,徐州医科大学,,麻醉学,5,,,21863
A313,徐州医科大学,,临床医学,6,,,23919
A313,徐州医科大学,,医学影像学,2,,,24515
A313,徐州医科大学,,护理学类,2,,,61909
A313,徐州医科大学,,智能医学工程,3,,,53483
A313,徐州医科大学,,预防医学,2,,,48972
A315,南京中医药大学,,中医学(中医拔尖创新人才培养模式改革),2,,,2738
A315,南京中医药大学,,中医学(5+3一体化，中医拔尖创新人才培养模式改革),5,,,7211
A315,南京中医药大学,,中医学,8,,,14727
A315,南京中医药大学,,护理学,10,,,49190
A315,南京中医药大学,,临床医学,7,,,18180
A315,南京中医药大学,,计算机类,4,,,30693
A315,南京中医药大学,,医学信息工程,8,,,36077
A315,南京中医药大学,,人工智能,6,,,34498
A316,中国药科大学,,药学(本博贯通强基拔尖实验班),2,,,2186
A316,中国药科大学,,药学(拔尖创新班),3,,,6484
A316,中国药科大学,,药学类,43,,,16923
A316,中国药科大学,,生物制药(拔尖创新班),3,,,8211
A316,中国药科大学,,生物制药,10,,,17526
A316,中国药科大学,,海洋药学,6,,,17900
A316,中国药科大学,,化工与制药类,12,,,21565
A316,中国药科大学,,临床药学(本硕贯通卓越药师实验班),2,,,8204
A316,中国药科大学,,临床药学,2,,,13465
A316,中国药科大学,,中药学类,13,,,20451
A316,中国药科大学,,药学(中外合作办学),9,,,30859
A316,中国药科大学,,临床药学(中外合作办学),3,,,28285
A319,南京师范大学,,汉语国际教育(师范类),2,,,13663
A319,南京师范大学,,法学,3,,,9993
A319,南京师范大学,,小学教育(师范类),4,,,18304
A319,南京师范大学,,学前教育(师范类),2,,,21406
A319,南京师范大学,,教育学(师范类),3,,,17137
A319,南京师范大学,,教育技术学(师范类),4,,,28167
A319,南京师范大学,,中国语言文学类,4,,,12250
A319,南京师范大学,,外国语言文学类(双外语),2,,,19176
A319,南京师范大学,,新闻传播学类,3,,,16570
A319,南京师范大学,,历史学类,3,,,14431
A319,南京师范大学,,物理学(师范、非师范),3,,,14284
A319,南京师范大学,,化学类,2,,,14786
A319,南京师范大学,,旅游管理,2,,,29212
A319,南京师范大学,,地理科学类,3,,,14351
A319,南京师范大学,,生物科学类,3,,,14184
A319,南京师范大学,,能源动力类,10,,,21922
A319,南京师范大学,,自动化,3,,,15449
A319,南京师范大学,,计算机科学与技术,3,,,14156
A319,南京师范大学,,人工智能,3,,,14958
A319,南京师范大学,,电子信息工程,4,,,14680
A319,南京师范大学,,食品科学与工程,2,,,21255
A319,南京师范大学,,生物工程,5,,,22607
A319,南京师范大学,,哲学,2,,,15100
A319,南京师范大学,,电气工程及其自动化,4,,,14096
A319,南京师范大学,,环境科学与工程类,5,,,24128
A319,南京师范大学,,海洋资源与环境,4,,,26554
A320,江苏师范大学,,金融工程,3,,,49475
A320,江苏师范大学,,法学,4,,,34123
A320,江苏师范大学,,思想政治教育(师范类),5,,,35671
A320,江苏师范大学,,教育技术学(师范类),4,,,57113
A320,江苏师范大学,,汉语言文学(师范类),5,,,27237
A320,江苏师范大学,,汉语国际教育(师范类),4,,,46491
A320,江苏师范大学,,英语(师范类),4,,,35303
A320,江苏师范大学,,俄语,2,,,268209
A320,江苏师范大学,,翻译,2,,,56999
A320,江苏师范大学,,广播电视学,2,,,57308
A320,江苏师范大学,,历史学(师范类),5,,,33210
A320,江苏师范大学,,数学与应用数学(师范类),5,,,37874
A320,江苏师范大学,,物理学(师范类),5,,,46813
A320,江苏师范大学,,化学(师范类),5,,,47258
A320,江苏师范大学,,地理科学(师范类),5,,,40179
A320,江苏师范大学,,地理信息科学,2,,,44880
A320,江苏师范大学,,生物科学(师范类),5,,,41841
A320,江苏师范大学,,电子信息工程,3,,,44288
A320,江苏师范大学,,人工智能,3,,,40820
A320,江苏师范大学,,行政管理,4,,,55978
A320,江苏师范大学,,轨道交通信号与控制(中外合作办学),5,,,141807
A320,江苏师范大学,,机械设计制造及其自动化(中外合作办学),3,,,137553
A320,江苏师范大学,,电子信息工程(中外合作办学),4,,,102638
A320,江苏师范大学,,电子科学与技术(中外合作办学),4,,,128825
A320,江苏师范大学,,金融工程(中外合作办学),5,,,101919
A323,淮阴师范学院,,工程造价,5,,,189536
A323,淮阴师范学院,,法学,5,,,132394
A323,淮阴师范学院,,审计学,5,,,150952
A323,淮阴师范学院,,旅游管理,5,,,192048
A323,淮阴师范学院,,历史学,5,,,152516
A323,淮阴师范学院,,生物技术,5,,,180168
A323,淮阴师范学院,,汉语言文学,5,,,129788
A323,淮阴师范学院,,日语,5,,,190261
A323,淮阴师范学院,,电气工程及其自动化,5,,,162939
A324,盐城师范学院,,俄语,5,,,197341
A324,盐城师范学院,,物流管理,5,,,171369
A324,盐城师范学院,,化学(师范类),6,,,151773
A324,盐城师范学院,,应用化学,5,,,175446
A324,盐城师范学院,,电子商务,5,,,163174
A324,盐城师范学院,,湿地保护与恢复,5,,,186775
A327,南京财经大学,,经济学类,6,,,30018
A327,南京财经大学,,财政学类,6,,,24921
A327,南京财经大学,,金融学类,6,,,32503
A327,南京财经大学,,金融数学,2,,,34928
A327,南京财经大学,,国际经济与贸易,3,,,32727
A327,南京财经大学,,法学,4,,,20598
A327,南京财经大学,,数学与应用数学,4,,,32977
A327,南京财经大学,,软件工程,4,,,30186
A327,南京财经大学,,食品科学与工程类,8,,,51777
A327,南京财经大学,,管理科学,3,,,54498
A327,南京财经大学,,大数据管理与应用,2,,,31154
A327,南京财经大学,,工商管理,3,,,37527
A327,南京财经大学,,市场营销,4,,,44502
A327,南京财经大学,,工商管理类,3,,,26318
A327,南京财经大学,,行政管理,4,,,46408
A327,南京财经大学,,物流管理,3,,,48253
A327,南京财经大学,,工业工程,3,,,45592
A327,南京财经大学,,电子商务,4,,,42600
A327,南京财经大学,,经济统计学(中外合作办学),2,,,49596
A330,南京体育学院,,运动康复,8,,,164832
A331,南京艺术学院,,美术学,1,,,45153
A331,南京艺术学院,,艺术设计学,1,,,47643
A331,南京艺术学院,,戏剧影视文学,1,,,49788
A331,南京艺术学院,,影视摄影与制作,1,,,54861
A331,南京艺术学院,,文物保护与修复,1,,,51901
A331,南京艺术学院,,艺术管理,1,,,63509
A332,苏州科技大学,,建筑学,2,,,40814
A332,苏州科技大学,,环境科学与工程类,4,,,53058
A332,苏州科技大学,,土木工程,4,,,56941
A332,苏州科技大学,,无机非金属材料工程,2,,,53184
A332,苏州科技大学,,通信工程,2,,,32644
A332,苏州科技大学,,广播电视学,2,,,64375
A332,苏州科技大学,,历史学(师范类),4,,,47403
A332,苏州科技大学,,思想政治教育(师范类),2,,,43310
A332,苏州科技大学,,数学与应用数学(师范类),2,,,41155
A332,苏州科技大学,,生物技术,2,,,48676
A332,苏州科技大学,,生物工程,2,,,47160
A332,苏州科技大学,,机械设计制造及其自动化,2,,,38380
A332,苏州科技大学,,土木工程(中外合作办学),4,,,93781
A332,苏州科技大学,,物流管理(中外合作办学),2,,,94527
A333,常熟理工学院,,纺织工程,5,,,169744
A333,常熟理工学院,,服装设计与工程,5,,,176531
A333,常熟理工学院,,财务管理,2,,,105883
A333,常熟理工学院,,英语(师范类),4,,,114464
A333,常熟理工学院,,新能源科学与工程,2,,,111353
A333,常熟理工学院,,智能制造工程,2,,,120530
A333,常熟理工学院,,新能源汽车工程,2,,,98752
A333,常熟理工学院,,计算机科学与技术,2,,,97595
A333,常熟理工学院,,电子信息工程(中外合作办学),2,,,173126
A333,常熟理工学院,,机械电子工程(中外合作办学),2,,,196893
A333,常熟理工学院,,电气工程及其自动化(中外合作办学),2,,,158796
A335,浙江大学,,人文科学试验班,5,,,1561
A335,浙江大学,,新闻传播学类,3,,,1882
A335,浙江大学,,社会科学试验班(竺可桢学院人文社科实验班),3,,,917
A335,浙江大学,,机器人工程(荣誉项目班),2,,,296
A335,浙江大学,,工科试验班(竺可桢学院图灵班),3,,,220
A335,浙江大学,,医学试验班(竺可桢学院巴德年医学班),8,,,437
A335,浙江大学,,工科试验班(海洋),23,,,2321
A335,浙江大学,,应用生物科学(农学),25,,,2971
A335,浙江大学,,社会科学试验班(含数字金融双学士学位项目),17,,,1383
A335,浙江大学,,理科试验班类(含商务大数据分析双学士学位项目),3,,,568
A335,浙江大学,,工科试验班,10,,,607
A335,浙江大学,,工科试验班(信息),20,,,521
A336,杭州电子科技大学,,计算机类,6,,,16194
A336,杭州电子科技大学,,电子信息类(电子信息学院),14,,,19483
A336,杭州电子科技大学,,网络工程,2,,,17193
A336,杭州电子科技大学,,电子信息类(通信学院),8,,,19311
A336,杭州电子科技大学,,自动化,9,,,20774
A336,杭州电子科技大学,,测控技术与仪器,2,,,23767
A336,杭州电子科技大学,,机械设计制造及其自动化,3,,,25174
A336,杭州电子科技大学,,车辆工程,4,,,28760
A336,杭州电子科技大学,,材料科学与工程,5,,,31898
A336,杭州电子科技大学,,管理科学与工程类,4,,,30832
A336,杭州电子科技大学,,数学类,4,,,24606
A336,杭州电子科技大学,,光电信息科学与工程,2,,,20420
A336,杭州电子科技大学,,经济学类,2,,,32339
A336,杭州电子科技大学,,金融学,6,,,36221
A336,杭州电子科技大学,,人工智能,2,,,18554
A336,杭州电子科技大学,,计算机科学与技术(中外合作办学),2,,,22631
A336,杭州电子科技大学,,自动化(中外合作办学),6,,,31181
A337,浙江工业大学,,化工与制药类(化学工程类),5,,,34041
A337,浙江工业大学,,生物工程类,5,,,36506
A337,浙江工业大学,,环境科学与工程类,5,,,44612
A337,浙江工业大学,,材料类,5,,,37495
A337,浙江工业大学,,机械类,5,,,29040
A337,浙江工业大学,,机器人工程,5,,,24791
A337,浙江工业大学,,计算机类,6,,,21445
A337,浙江工业大学,,土木类,5,,,45399
A337,浙江工业大学,,物理学类(物理与光电信息类),5,,,30179
A337,浙江工业大学,,金融学,6,,,37847
A337,浙江工业大学,,国际经济与贸易,6,,,39831
A337,浙江工业大学,,建筑类,5,,,42491
A337,浙江工业大学,,药学类(2011计划创新实验区),10,,,35535
A337,浙江工业大学,,土木工程(中外合作办学),4,,,68035
A338,浙江理工大学,,纺织类,3,,,52005
A338,浙江理工大学,,轻化工程,3,,,48300
A338,浙江理工大学,,丝绸设计与工程,2,,,59505
A338,浙江理工大学,,材料类,5,,,38434
A338,浙江理工大学,,服装设计与工程,4,,,45489
A338,浙江理工大学,,电子信息类,2,,,22813
A338,浙江理工大学,,计算机类,2,,,21967
A338,浙江理工大学,,机械类,7,,,30536
A338,浙江理工大学,,能源与动力工程,3,,,28889
A338,浙江理工大学,,土木类,4,,,64175
A338,浙江理工大学,,经济与贸易类,2,,,35989
A338,浙江理工大学,,外国语言文学类,3,,,61243
A338,浙江理工大学,,国际经济与贸易(英文授课班),5,,,42171
A338,浙江理工大学,,工商管理(英文授课班),4,,,64797
A338,浙江理工大学,,服装设计与工程(中外合作办学)(中美合作),4,,,96989
A340,浙江海洋大学,,海洋科学,4,,,62445
A340,浙江海洋大学,,智慧海洋技术,3,,,72351
A340,浙江海洋大学,,水产养殖学,2,,,63743
A340,浙江海洋大学,,海洋资源与环境,3,,,61417
A340,浙江海洋大学,,海洋渔业科学与技术,4,,,73224
A340,浙江海洋大学,,水族科学与技术,2,,,72397
A340,浙江海洋大学,,食品科学与工程,2,,,58465
A340,浙江海洋大学,,护理学,3,,,89282
A340,浙江海洋大学,,船舶与海洋工程,2,,,60154
A340,浙江海洋大学,,轮机工程(船机修造方向),2,,,79745
A340,浙江海洋大学,,港口航道与海岸工程,4,,,73735
A340,浙江海洋大学,,油气储运工程,2,,,66955
A340,浙江海洋大学,,安全工程,3,,,76002
A340,浙江海洋大学,,数学与应用数学(师范类),2,,,66113
A340,浙江海洋大学,,物理学(师范类),2,,,69230
A340,浙江海洋大学,,俄语,2,,,93677
A340,浙江海洋大学,,船舶与海洋工程(中外合作办学),3,,,172382
A341,浙江农林大学,,农学,2,,,47095
A341,浙江农林大学,,植物保护,2,,,51073
A341,浙江农林大学,,智慧农业,2,,,56547
A341,浙江农林大学,,林学,3,,,52391
A341,浙江农林大学,,生物技术,2,,,53981
A341,浙江农林大学,,生态学,3,,,71936
A341,浙江农林大学,,农业资源与环境,2,,,64631
A341,浙江农林大学,,环境科学与工程,5,,,74720
A341,浙江农林大学,,地理信息科学,3,,,48363
A341,浙江农林大学,,测绘工程,3,,,67617
A341,浙江农林大学,,木材科学与工程,6,,,103514
A341,浙江农林大学,,家具设计与工程,4,,,89060
A341,浙江农林大学,,应用化学,2,,,62397
A341,浙江农林大学,,高分子材料与工程,4,,,70253
A341,浙江农林大学,,风景园林,2,,,48863
A341,浙江农林大学,,城乡规划,2,,,60415
A341,浙江农林大学,,土木工程,1,,,64596
A341,浙江农林大学,,工商管理,2,,,53850
A341,浙江农林大学,,法学,2,,,37035
A341,浙江农林大学,,城市管理,1,,,61557
A341,浙江农林大学,,英语,2,,,74453
A341,浙江农林大学,,汉语言文学,1,,,37863
A341,浙江农林大学,,动物科学,3,,,64474
A341,浙江农林大学,,动物医学,4,,,48490
A341,浙江农林大学,,工业设计,2,,,59360
A341,浙江农林大学,,应用统计学,1,,,49853
A341,浙江农林大学,,数据科学与大数据技术,1,,,45745
A341,浙江农林大学,,计算机科学与技术,3,,,37290
A341,浙江农林大学,,智能科学与技术,2,,,49863
A341,浙江农林大学,,物联网工程,1,,,45086
A341,浙江农林大学,,机械设计制造及其自动化,3,,,57963
A341,浙江农林大学,,电子信息工程,2,,,43850
A341,浙江农林大学,,园艺,2,,,60993
A341,浙江农林大学,,设施农业科学与工程,2,,,67042
A341,浙江农林大学,,茶学,3,,,63313
A341,浙江农林大学,,文化产业管理(茶文化),2,,,73465
A341,浙江农林大学,,林学(中外合作办学)(中加合作办学项目),4,,,98111
A343,温州医科大学,,临床医学(检验医师培养试验班),1,,,11281
A343,温州医科大学,,眼视光医学(5+3一体化),3,,,7925
A343,温州医科大学,,临床医学(5+3一体化),2,,,6043
A343,温州医科大学,,临床医学(5+3一体化，儿科学方向),2,,,13728
A343,温州医科大学,,眼视光医学,2,,,12598
A343,温州医科大学,,临床医学,3,,,11622
A343,温州医科大学,,基础医学(周健创新班),2,,,34427
A343,温州医科大学,,医学影像技术,2,,,30565
A343,温州医科大学,,康复治疗学,2,,,54424
A343,温州医科大学,,公共管理类,3,,,73390
A343,温州医科大学,,护理学,2,,,66741
A343,温州医科大学,,助产学,2,,,70080
A343,温州医科大学,,临床医学(中外合作办学),1,,,17264
A344,浙江中医药大学,,中医学(5+3一体化),1,,,9862
A344,浙江中医药大学,,中医学,5,,,21796
A344,浙江中医药大学,,中医骨伤科学,1,,,23485
A344,浙江中医药大学,,医学影像学,1,,,25122
A344,浙江中医药大学,,医学影像技术,1,,,32807
A344,浙江中医药大学,,中西医临床医学,2,,,26093
A344,浙江中医药大学,,临床医学,5,,,23415
A344,浙江中医药大学,,针灸推拿学,4,,,32813
A344,浙江中医药大学,,预防医学,1,,,27447
A344,浙江中医药大学,,口腔医学,1,,,16285
A344,浙江中医药大学,,中药学,2,,,36396
A344,浙江中医药大学,,药学,3,,,37456
A344,浙江中医药大学,,食品卫生与营养学,3,,,57941
A344,浙江中医药大学,,临床药学,1,,,31261
A344,浙江中医药大学,,护理学,7,,,68298
A344,浙江中医药大学,,助产学,2,,,71264
A344,浙江中医药大学,,听力与言语康复学,3,,,57264
A344,浙江中医药大学,,医学检验技术,3,,,36074
A344,浙江中医药大学,,卫生检验与检疫,2,,,50731
A344,浙江中医药大学,,医学信息工程,1,,,34861
A344,浙江中医药大学,,计算机科学与技术,2,,,40304
A344,浙江中医药大学,,数据科学与大数据技术,2,,,44622
A344,浙江中医药大学,,生物科学,5,,,45973
A344,浙江中医药大学,,医学实验技术,4,,,49235
A344,浙江中医药大学,,生物技术,4,,,53863
A344,浙江中医药大学,,健康服务与管理,2,,,65031
A344,浙江中医药大学,,英语,3,,,83440
A344,浙江中医药大学,,国际商务,1,,,68106
A345,浙江师范大学,,工商管理类,3,,,35344
A345,浙江师范大学,,法学,2,,,26294
A345,浙江师范大学,,思想政治教育(师范类),2,,,28174
A345,浙江师范大学,,教育技术学(师范类),2,,,41340
A345,浙江师范大学,,学前教育(师范类),3,,,53864
A345,浙江师范大学,,历史学(师范类),2,,,31797
A345,浙江师范大学,,工业设计,2,,,46654
A345,浙江师范大学,,数学与应用数学(师范类),2,,,24451
A345,浙江师范大学,,计算机类,5,,,28640
A345,浙江师范大学,,材料科学与工程,2,,,185851
A345,浙江师范大学,,电子信息类,5,,,32441
A345,浙江师范大学,,生物科学类,3,,,27533
A345,浙江师范大学,,机器人工程,6,,,40987
A345,浙江师范大学,,交通运输,4,,,56103
A345,浙江师范大学,,外国语言文学类,2,,,31729
A345,浙江师范大学,,小学教育(中外合作办学)(师范类),4,,,123795
A346,杭州师范大学,,经济学,4,,,40861
A346,杭州师范大学,,金融工程,4,,,46160
A346,杭州师范大学,,社会工作,2,,,54725
A346,杭州师范大学,,社会学,2,,,49349
A346,杭州师范大学,,行政管理,4,,,57556
A346,杭州师范大学,,朝鲜语,2,,,79640
A346,杭州师范大学,,数据科学与大数据技术,6,,,36576
A346,杭州师范大学,,统计学,2,,,39419
A346,杭州师范大学,,生物技术,4,,,46921
A346,杭州师范大学,,生态学,3,,,59696
A346,杭州师范大学,,计算机科学与技术,6,,,31434
A346,杭州师范大学,,软件工程,4,,,32504
A346,杭州师范大学,,电子信息工程,3,,,37438
A346,杭州师范大学,,药学,6,,,47890
A346,杭州师范大学,,公共事业管理(卫生事业管理方向),4,,,57372
A346,杭州师范大学,,健康服务与管理,3,,,57561
A346,杭州师范大学,,大数据管理与应用,4,,,38370
A346,杭州师范大学,,电子商务(数字商务创新实验班),4,,,58293
A346,杭州师范大学,,机械设计制造及其自动化,6,,,44840
A346,杭州师范大学,,工业设计,6,,,79022
A347,湖州师范学院,,财务管理,2,,,113614
A347,湖州师范学院,,行政管理,2,,,142339
A347,湖州师范学院,,旅游管理,2,,,150948
A347,湖州师范学院,,计算机科学与技术,3,,,124095
A347,湖州师范学院,,电子信息工程,2,,,126203
A347,湖州师范学院,,材料化学,3,,,165239
A347,湖州师范学院,,电气工程及其自动化,3,,,126838
A347,湖州师范学院,,建筑学,2,,,148281
A347,湖州师范学院,,制药工程,4,,,166715
A347,湖州师范学院,,水产养殖学(卓越班),2,,,167975
A347,湖州师范学院,,护理学,5,,,147259
A349,绍兴文理学院,,光电信息科学与工程,5,,,128272
A349,绍兴文理学院,,电子信息工程,5,,,117043
A349,绍兴文理学院,,微电子科学与工程,5,,,124805
A350,台州学院,,汉语言文学(师范类),4,,,99748
A350,台州学院,,工商管理,4,,,138698
A350,台州学院,,俄语,4,,,173135
A350,台州学院,,电子信息工程,4,,,141974
A350,台州学院,,生物科学,4,,,168098
A350,台州学院,,环境工程,5,,,174255
A350,台州学院,,化学工程与工艺,4,,,171924
A350,台州学院,,机械电子工程,3,,,150110
A350,台州学院,,材料科学与工程,3,,,176929
A350,台州学院,,土木工程(中外合作办学),5,,,233643
A351,温州大学,,财务管理,2,,,44434
A351,温州大学,,国际经济与贸易,2,,,69067
A351,温州大学,,金融工程,2,,,58895
A351,温州大学,,法学,2,,,27016
A351,温州大学,,国际经贸规则,2,,,57346
A351,温州大学,,思想政治教育(师范类),2,,,44443
A351,温州大学,,学前教育(师范类),2,,,81485
A351,温州大学,,小学教育(师范类),2,,,58335
A351,温州大学,,教育技术学(师范类),2,,,74386
A351,温州大学,,汉语言文学(师范类),2,,,36963
A351,温州大学,,英语(师范类),2,,,54111
A351,温州大学,,日语,2,,,71276
A351,温州大学,,材料科学与工程,2,,,61531
A351,温州大学,,化学(师范类),2,,,54539
A351,温州大学,,应用化学,3,,,52324
A351,温州大学,,能源化学,2,,,43574
A351,温州大学,,环境工程,2,,,74931
A351,温州大学,,生物技术,2,,,53848
A351,温州大学,,生物科学(师范类),2,,,56060
A351,温州大学,,车辆工程,2,,,50288
A351,温州大学,,机械工程(卓工超豪示范班),2,,,47221
A351,温州大学,,土木工程,3,,,69634
A351,温州大学,,城市地下空间工程,3,,,79264
A351,温州大学,,机械工程(中外合作办学),5,,,127211
A352,丽水学院,,生物制药,2,,,125136
A352,丽水学院,,机械设计制造及其自动化,3,,,140572
A352,丽水学院,,计算机科学与技术,3,,,115533
A352,丽水学院,,土木工程,4,,,184228
A352,丽水学院,,口腔医学,2,,,46374
A352,丽水学院,,护理学,5,,,159549
A352,丽水学院,,财务管理,2,,,125272
A353,浙江工商大学,,哲学,2,,,40574
A353,浙江工商大学,,经济学类,6,,,34175
A353,浙江工商大学,,经济统计学,2,,,27134
A353,浙江工商大学,,金融学类,2,,,24807
A353,浙江工商大学,,法学类,6,,,23000
A353,浙江工商大学,,新闻传播学类,2,,,37036
A353,浙江工商大学,,电子信息类,2,,,31273
A353,浙江工商大学,,计算机类,6,,,24711
A353,浙江工商大学,,给排水科学与工程,3,,,65502
A353,浙江工商大学,,环境科学与工程类,8,,,71745
A353,浙江工商大学,,城乡规划,2,,,48392
A353,浙江工商大学,,生物工程,4,,,47572
A353,浙江工商大学,,工商管理类,3,,,35174
A353,浙江工商大学,,会计学,5,,,24897
A353,浙江工商大学,,公共管理类,6,,,66072
A353,浙江工商大学,,旅游管理类,8,,,81082
A353,浙江工商大学,,数据科学与大数据技术,5,,,27419
A353,浙江工商大学,,外国语言文学类,4,,,50546
A353,浙江工商大学,,电子信息工程(中外合作办学),7,,,61016
A353,浙江工商大学,,通信工程(中外合作办学),7,,,65000
A354,嘉兴学院,,会计学,2,,,70738
A354,嘉兴学院,,物流管理,2,,,109946
A354,嘉兴学院,,市场营销,6,,,136051
A354,嘉兴学院,,临床医学,5,,,74916
A354,嘉兴学院,,护理学,2,,,114519
A354,嘉兴学院,,生物工程,4,,,124210
A354,嘉兴学院,,高分子材料与工程,4,,,130051
A354,嘉兴学院,,纺织工程,4,,,147063
A354,嘉兴学院,,建筑学,3,,,103397
A354,嘉兴学院,,建筑环境与能源应用工程,5,,,142786
A354,嘉兴学院,,服装设计与工程,6,,,150249
A354,嘉兴学院,,数字经济,2,,,96383
A355,中国美术学院,,艺术学理论类,2,,,29953
A355,中国美术学院,,艺术设计学,2,,,31930
A355,中国美术学院,,风景园林,2,,,34569
A355,中国美术学院,,工业设计,2,,,40656
A356,中国计量大学,,电气工程及其自动化,6,,,32551
A356,中国计量大学,,机械设计制造及其自动化,4,,,36261
A356,中国计量大学,,机械电子工程,4,,,36742
A356,中国计量大学,,测控技术与仪器,4,,,33420
A356,中国计量大学,,能源与动力工程,5,,,37873
A356,中国计量大学,,智能感知工程,3,,,31726
A356,中国计量大学,,电子信息类,6,,,30723
A356,中国计量大学,,人工智能,3,,,28580
A356,中国计量大学,,光电信息科学与工程,5,,,32580
A356,中国计量大学,,电子科学与技术,2,,,30898
A356,中国计量大学,,材料科学与工程,4,,,44984
A356,中国计量大学,,应用化学,2,,,38368
A356,中国计量大学,,质量管理工程(卓越工程师),2,,,31569
A356,中国计量大学,,环境工程,2,,,45806
A356,中国计量大学,,信息管理与信息系统,3,,,37176
A356,中国计量大学,,工商管理类,4,,,41791
A356,中国计量大学,,金融学类,2,,,39392
A356,中国计量大学,,数学与应用数学,2,,,32697
A356,中国计量大学,,物理学类,1,,,34035
A356,中国计量大学,,数据科学与大数据技术,5,,,31638
A356,中国计量大学,,食品质量与安全,2,,,48480
A356,中国计量大学,,卫生检验与检疫,1,,,33197
A356,中国计量大学,,行政管理,1,,,44082
A356,中国计量大学,,工业设计,1,,,34001
A356,中国计量大学,,标准化工程,4,,,35584
A357,安徽大学,,数学类,4,,,20436
A357,安徽大学,,智能科学与技术,8,,,19445
A357,安徽大学,,电子信息工程,5,,,18099
A357,安徽大学,,电子科学与技术,10,,,19232
A357,安徽大学,,电气工程及其自动化,8,,,19322
A357,安徽大学,,机械设计制造及其自动化,3,,,21542
A357,安徽大学,,机器人工程,8,,,21574
A357,安徽大学,,集成电路设计与集成系统,7,,,19990
A357,安徽大学,,经济统计学,4,,,24027
A357,安徽大学,,汉语言文学,5,,,18996
A357,安徽大学,,历史学类,3,,,23052
A357,安徽大学,,新闻传播学类,7,,,26354
A357,安徽大学,,金融学,7,,,24676
A357,安徽大学,,工商管理类,7,,,27436
A357,安徽大学,,英语,3,,,23061
A357,安徽大学,,法学类,4,,,15375
A357,安徽大学,,信息安全,7,,,18546
A357,安徽大学,,计算机科学与技术,11,,,16967
A357,安徽大学,,应用物理学(中外合作办学),8,,,47148
A357,安徽大学,,应用统计学(中外合作办学),8,,,39287
A357,安徽大学,,数字媒体技术(中外合作办学),9,,,40283
A358,中国科学技术大学,,理科试验班类,20,,,720
A358,中国科学技术大学,,工科试验班,24,,,685
A359,合肥工业大学,,自动化,20,,,17459
A359,合肥工业大学,,机器人工程,8,,,18137
A359,合肥工业大学,,电气工程及其自动化,21,,,14582
A359,合肥工业大学,,电子科学与技术,8,,,16108
A359,合肥工业大学,,微电子科学与工程,6,,,16481
A359,合肥工业大学,,集成电路设计与集成系统,6,,,16659
A359,合肥工业大学,,应用物理学,4,,,23118
A359,合肥工业大学,,信息管理与信息系统,8,,,21436
A359,合肥工业大学,,电子商务,4,,,34871
A359,合肥工业大学,,大数据管理与应用,4,,,17431
A359,合肥工业大学,,工商管理类,2,,,24535
A359,合肥工业大学,,机械类(智能制造),40,,,23348
A359,合肥工业大学,,工业工程,4,,,25708
A359,合肥工业大学,,计算机科学与技术,10,,,12263
A359,合肥工业大学,,电子信息工程,11,,,15447
A359,合肥工业大学,,通信工程,8,,,15807
A359,合肥工业大学,,物联网工程,6,,,16339
A359,合肥工业大学,,建筑学,6,,,30253
A359,合肥工业大学,,工业设计,4,,,24490
A359,合肥工业大学,,经济学,2,,,24397
A359,合肥工业大学,,金融工程,8,,,27818
A359,合肥工业大学,,车辆工程,6,,,20230
A359,合肥工业大学,,能源与动力工程,5,,,21089
A359,合肥工业大学,,新能源科学与工程,2,,,20715
A359,合肥工业大学,,智能车辆工程,4,,,17491
A359,合肥工业大学,,智慧交通,4,,,23487
A359,合肥工业大学,,软件工程,10,,,14699
A359,合肥工业大学,,信息与计算科学,8,,,21419
A359,合肥工业大学,,数学与应用数学,6,,,19933
A359,合肥工业大学,,统计学,4,,,21476
A359,合肥工业大学,,智能建造,4,,,25319
A359,合肥工业大学,,英语,8,,,35617
A359,合肥工业大学,,法学,4,,,18964
A359,合肥工业大学,,仪器类(智能感知),22,,,23887
A359,合肥工业大学,,集成电路设计与集成系统(创新实验班),5,,,15108
A359,合肥工业大学,,国际经济与贸易(中外合作办学),8,,,43523
A360,安徽工业大学,,材料成型及控制工程,4,,,116681
A360,安徽工业大学,,冶金工程,5,,,141068
A360,安徽工业大学,,资源循环科学与工程,2,,,116944
A360,安徽工业大学,,金属材料工程,4,,,130208
A360,安徽工业大学,,氢能科学与工程,2,,,83786
A360,安徽工业大学,,材料科学与工程,6,,,135181
A360,安徽工业大学,,无机非金属材料工程,2,,,113252
A360,安徽工业大学,,焊接技术与工程,1,,,90177
A360,安徽工业大学,,高分子材料与工程,2,,,93361
A360,安徽工业大学,,化学工程与工艺,3,,,88049
A360,安徽工业大学,,化学生物学,2,,,111376
A360,安徽工业大学,,应用化学,2,,,100062
A360,安徽工业大学,,安全工程,2,,,96680
A360,安徽工业大学,,给排水科学与工程,1,,,122193
A360,安徽工业大学,,工程管理,2,,,106657
A360,安徽工业大学,,建筑环境与能源应用工程,2,,,126288
A360,安徽工业大学,,建筑学,2,,,79671
A360,安徽工业大学,,土木工程,5,,,123647
A360,安徽工业大学,,车辆工程,2,,,81975
A360,安徽工业大学,,机械工程,2,,,75644
A360,安徽工业大学,,机械设计制造及其自动化,4,,,73531
A360,安徽工业大学,,机器人工程,2,,,68835
A360,安徽工业大学,,测控技术与仪器,2,,,72207
A360,安徽工业大学,,电气工程及其自动化,3,,,59408
A360,安徽工业大学,,电子信息工程,3,,,62933
A360,安徽工业大学,,通信工程,2,,,64941
A360,安徽工业大学,,自动化,3,,,63594
A360,安徽工业大学,,集成电路设计与集成系统,2,,,62644
A360,安徽工业大学,,人工智能,2,,,65275
A360,安徽工业大学,,物联网工程,2,,,62213
A360,安徽工业大学,,计算机科学与技术,4,,,57246
A360,安徽工业大学,,软件工程,4,,,62696
A360,安徽工业大学,,光电信息科学与工程,3,,,69598
A360,安徽工业大学,,微电子科学与工程,2,,,69430
A360,安徽工业大学,,数学与应用数学,1,,,72268
A360,安徽工业大学,,数据科学与大数据技术,2,,,62590
A360,安徽工业大学,,工程造价,2,,,105465
A360,安徽工业大学,,工业工程,2,,,95070
A360,安徽工业大学,,物流工程,1,,,124555
A360,安徽工业大学,,大数据管理与应用,3,,,80951
A360,安徽工业大学,,法学,3,,,62943
A360,安徽工业大学,,行政管理,1,,,94422
A360,安徽工业大学,,外国语言文学类,4,,,306282
A360,安徽工业大学,,环境工程,3,,,129421
A360,安徽工业大学,,能源与动力工程,3,,,76017
A360,安徽工业大学,,新能源科学与工程,2,,,78078
A360,安徽工业大学,,工业设计,2,,,90851
A360,安徽工业大学,,财务管理,1,,,72382
A360,安徽工业大学,,国际经济与贸易,2,,,104373
A360,安徽工业大学,,会计学,2,,,61652
A360,安徽工业大学,,金融学,2,,,72049
A360,安徽工业大学,,经济统计学,2,,,76792
A360,安徽工业大学,,经济学,2,,,88422
A360,安徽工业大学,,人力资源管理,2,,,89674
A360,安徽工业大学,,互联网金融,2,,,88508
A361,安徽理工大学,,金融学,3,,,78264
A361,安徽理工大学,,政治学与行政学,4,,,81790
A361,安徽理工大学,,英语,4,,,99052
A361,安徽理工大学,,日语,4,,,130000
A361,安徽理工大学,,网络与新媒体,6,,,67344
A361,安徽理工大学,,数学与应用数学,4,,,69842
A361,安徽理工大学,,信息与计算科学,2,,,60191
A361,安徽理工大学,,应用物理学,6,,,80057
A361,安徽理工大学,,应用化学,4,,,109764
A361,安徽理工大学,,应用统计学,6,,,73812
A361,安徽理工大学,,工程力学,8,,,104020
A361,安徽理工大学,,机械设计制造及其自动化,8,,,70780
A361,安徽理工大学,,工业设计,2,,,81508
A361,安徽理工大学,,过程装备与控制工程,4,,,110561
A361,安徽理工大学,,车辆工程,4,,,83344
A361,安徽理工大学,,智能制造工程,6,,,79028
A361,安徽理工大学,,测控技术与仪器,4,,,91083
A361,安徽理工大学,,无机非金属材料工程,8,,,124388
A361,安徽理工大学,,高分子材料与工程,8,,,110821
A361,安徽理工大学,,智能材料与结构,8,,,120024
A361,安徽理工大学,,新能源科学与工程,6,,,89953
A361,安徽理工大学,,电气工程及其自动化,2,,,51247
A361,安徽理工大学,,光电信息科学与工程,8,,,76025
A361,安徽理工大学,,人工智能,2,,,59199
A361,安徽理工大学,,自动化,2,,,52497
A361,安徽理工大学,,机器人工程,2,,,65195
A361,安徽理工大学,,计算机科学与技术,2,,,42891
A361,安徽理工大学,,软件工程,2,,,44682
A361,安徽理工大学,,物联网工程,2,,,50340
A361,安徽理工大学,,数字媒体技术,2,,,49096
A361,安徽理工大学,,智能科学与技术,4,,,62162
A361,安徽理工大学,,数据科学与大数据技术,2,,,58043
A361,安徽理工大学,,区块链工程,2,,,65953
A361,安徽理工大学,,土木工程,10,,,110672
A361,安徽理工大学,,建筑环境与能源应用工程,4,,,126752
A361,安徽理工大学,,城市地下空间工程,4,,,126270
A361,安徽理工大学,,智能建造,6,,,107475
A361,安徽理工大学,,水文与水资源工程,6,,,120505
A361,安徽理工大学,,测绘工程,6,,,109756
A361,安徽理工大学,,遥感科学与技术,8,,,95281
A361,安徽理工大学,,导航工程,8,,,107843
A361,安徽理工大学,,地理空间信息工程,8,,,104528
A361,安徽理工大学,,化学工程与工艺,6,,,117110
A361,安徽理工大学,,制药工程,6,,,98692
A361,安徽理工大学,,能源化学工程,6,,,110736
A361,安徽理工大学,,地质工程,8,,,134928
A361,安徽理工大学,,勘查技术与工程,8,,,138310
A361,安徽理工大学,,资源勘查工程,8,,,150437
A361,安徽理工大学,,矿物加工工程,8,,,159045
A361,安徽理工大学,,智能采矿工程,8,,,155714
A361,安徽理工大学,,交通工程,4,,,97338
A361,安徽理工大学,,弹药工程与爆炸技术,2,,,70429
A361,安徽理工大学,,环境工程,8,,,133884
A361,安徽理工大学,,建筑学,4,,,132770
A361,安徽理工大学,,安全工程,10,,,107308
A361,安徽理工大学,,应急技术与管理,8,,,146688
A361,安徽理工大学,,职业卫生工程,4,,,161356
A361,安徽理工大学,,消防工程,4,,,118859
A361,安徽理工大学,,临床医学,2,,,38288
A361,安徽理工大学,,预防医学,5,,,81526
A361,安徽理工大学,,药学,5,,,87091
A361,安徽理工大学,,医学检验技术,2,,,59394
A361,安徽理工大学,,护理学,6,,,125829
A361,安徽理工大学,,工程造价,4,,,97308
A361,安徽理工大学,,市场营销,8,,,233986
A361,安徽理工大学,,人力资源管理,8,,,110457
A361,安徽理工大学,,电子商务,8,,,109378
A361,安徽理工大学,,机械电子工程(中外合作办学),4,,,145600
A363,安徽工程大学,,材料科学与工程,5,,,150049
A363,安徽工程大学,,材料成型及控制工程,5,,,128323
A363,安徽工程大学,,纺织工程,9,,,172737
A363,安徽工程大学,,食品科学与工程,5,,,133442
A363,安徽工程大学,,生物制药,3,,,126461
A363,安徽工程大学,,应用化学,5,,,133144
A363,安徽工程大学,,高分子材料与工程,9,,,151792
A363,安徽工程大学,,土木工程,6,,,151112
A364,安徽农业大学,,农学,6,,,87713
A364,安徽农业大学,,茶学,6,,,73645
A364,安徽农业大学,,种子科学与工程,4,,,110145
A364,安徽农业大学,,智慧农业,3,,,109662
A364,安徽农业大学,,园艺,6,,,103202
A364,安徽农业大学,,城乡规划,3,,,118197
A364,安徽农业大学,,林学,3,,,124593
A364,安徽农业大学,,园林,3,,,134613
A364,安徽农业大学,,动物科学,4,,,115617
A364,安徽农业大学,,食品科学与工程类,4,,,85641
A364,安徽农业大学,,食品卫生与营养学,3,,,131202
A364,安徽农业大学,,数据科学与大数据技术,2,,,65770
A364,安徽农业大学,,应用化学,3,,,100703
A364,安徽农业大学,,应用统计学,5,,,73952
A364,安徽农业大学,,生物制药,3,,,84900
A364,安徽农业大学,,环境科学与工程类,4,,,118383
A364,安徽农业大学,,农业资源与环境,3,,,129025
A364,安徽农业大学,,机械设计制造及其自动化,3,,,88834
A364,安徽农业大学,,车辆工程,4,,,103510
A364,安徽农业大学,,电气工程及其自动化,4,,,72325
A364,安徽农业大学,,农业机械化及其自动化,3,,,106155
A364,安徽农业大学,,智能制造工程,3,,,92378
A364,安徽农业大学,,服装设计与工程,2,,,142809
A364,安徽农业大学,,电子信息类,2,,,72455
A364,安徽农业大学,,计算机科学与技术,2,,,60470
A364,安徽农业大学,,智能科学与技术,2,,,72498
A364,安徽农业大学,,网络空间安全,3,,,71203
A364,安徽农业大学,,工商管理类,4,,,75229
A364,安徽农业大学,,经济学,4,,,87687
A364,安徽农业大学,,金融学,4,,,83608
A364,安徽农业大学,,国际经济与贸易,4,,,85952
A364,安徽农业大学,,农林经济管理,4,,,125255
A364,安徽农业大学,,旅游管理,3,,,162139
A364,安徽农业大学,,电子商务,4,,,148222
A364,安徽农业大学,,法学,2,,,50547
A364,安徽农业大学,,应用心理学,4,,,104390
A364,安徽农业大学,,英语,4,,,79927
A364,安徽农业大学,,生物科学类,5,,,79677
A366,安徽医科大学,,临床医学,6,,,16937
A366,安徽医科大学,,医学影像学,2,,,20944
A366,安徽医科大学,,口腔医学,2,,,12844
A366,安徽医科大学,,生物医学工程,2,,,31256
A366,安徽医科大学,,药学,2,,,35081
A366,安徽医科大学,,健康服务与管理(中外合作办学),2,,,131914
A367,蚌埠医学院,,制药工程,5,,,153331
A367,蚌埠医学院,,临床医学,5,,,56961
A367,蚌埠医学院,,药学,5,,,136338
A369,安徽中医药大学,,中医学,5,,,51186
A369,安徽中医药大学,,中医儿科学,2,,,60182
A369,安徽中医药大学,,针灸推拿学,2,,,69285
A369,安徽中医药大学,,中医康复学,2,,,93829
A369,安徽中医药大学,,中西医临床医学,4,,,77092
A369,安徽中医药大学,,中药学,3,,,84082
A369,安徽中医药大学,,生物制药,2,,,101136
A369,安徽中医药大学,,医学信息工程,2,,,124534
A369,安徽中医药大学,,数据科学与大数据技术,3,,,113256
A369,安徽中医药大学,,保险学,2,,,152066
A369,安徽中医药大学,,汉语国际教育,2,,,115791
A369,安徽中医药大学,,护理学,5,,,128394
A369,安徽中医药大学,,医学检验技术,2,,,88502
A369,安徽中医药大学,,医疗保险,1,,,150987
A370,安徽师范大学,,汉语言文学(师范类),5,,,34510
A370,安徽师范大学,,汉语国际教育,2,,,47169
A370,安徽师范大学,,秘书学,2,,,85422
A370,安徽师范大学,,思想政治教育(师范类),3,,,42372
A370,安徽师范大学,,法学,3,,,37349
A370,安徽师范大学,,社会学,2,,,61044
A370,安徽师范大学,,社会工作,2,,,71673
A370,安徽师范大学,,经济学,3,,,59235
A370,安徽师范大学,,数字经济,2,,,116947
A370,安徽师范大学,,金融工程,2,,,76694
A370,安徽师范大学,,会计学,3,,,55241
A370,安徽师范大学,,财务管理,2,,,57490
A370,安徽师范大学,,人力资源管理,2,,,67432
A370,安徽师范大学,,供应链管理,2,,,91593
A370,安徽师范大学,,历史学(师范类),2,,,43884
A370,安徽师范大学,,世界史,2,,,58189
A370,安徽师范大学,,教育技术学(师范类),3,,,84498
A370,安徽师范大学,,学前教育(师范类),3,,,78913
A370,安徽师范大学,,心理学(师范类),3,,,63634
A370,安徽师范大学,,俄语,2,,,78920
A370,安徽师范大学,,法语,2,,,95603
A370,安徽师范大学,,日语,2,,,129985
A370,安徽师范大学,,葡萄牙语,2,,,103247
A370,安徽师范大学,,数学与应用数学(师范类),2,,,40809
A370,安徽师范大学,,统计学,2,,,60210
A370,安徽师范大学,,人工智能,2,,,52170
A370,安徽师范大学,,计算机科学与技术,2,,,46342
A370,安徽师范大学,,软件工程,2,,,48226
A370,安徽师范大学,,物联网工程,2,,,56742
A370,安徽师范大学,,数据科学与大数据技术,2,,,54728
A370,安徽师范大学,,网络空间安全,2,,,48124
A370,安徽师范大学,,物理学(师范类),2,,,48064
A370,安徽师范大学,,电子信息工程,2,,,50039
A370,安徽师范大学,,通信工程,2,,,52411
A370,安徽师范大学,,光电信息科学与工程,2,,,51917
A370,安徽师范大学,,自动化,2,,,54428
A370,安徽师范大学,,化学(师范类),2,,,50992
A370,安徽师范大学,,应用化学,2,,,61512
A370,安徽师范大学,,新能源材料与器件,2,,,122100
A370,安徽师范大学,,化学工程与工艺,3,,,65913
A370,安徽师范大学,,地理科学(师范类),2,,,49010
A370,安徽师范大学,,地理信息科学,2,,,53642
A370,安徽师范大学,,土地资源管理,2,,,79730
A370,安徽师范大学,,旅游管理,3,,,118972
A370,安徽师范大学,,生物科学(师范类),2,,,49473
A370,安徽师范大学,,生物技术,3,,,55149
A370,安徽师范大学,,食品科学与工程,3,,,122634
A370,安徽师范大学,,生态学,3,,,135964
A370,安徽师范大学,,环境工程,3,,,192854
A370,安徽师范大学,,环境科学,3,,,185202
A370,安徽师范大学,,新闻学,2,,,66240
A370,安徽师范大学,,广告学,2,,,64729
A370,安徽师范大学,,网络与新媒体,2,,,54720
A371,阜阳师范大学,,电子信息科学与技术,5,,,135380
A371,阜阳师范大学,,应用化学,5,,,158181
A372,安庆师范大学,,外国语言文学类,5,,,115559
A372,安庆师范大学,,法学类,5,,,91450
A372,安庆师范大学,,物流管理,9,,,164858
A372,安庆师范大学,,数学类,5,,,118971
A372,安庆师范大学,,电子信息类,10,,,133064
A373,淮北师范大学,,经济学,1,,,71598
A373,淮北师范大学,,国际经济与贸易,1,,,112862
A373,淮北师范大学,,法学,1,,,57624
A373,淮北师范大学,,思想政治教育(师范类),1,,,52963
A373,淮北师范大学,,汉语言文学(师范类),2,,,48381
A373,淮北师范大学,,汉语国际教育(师范类),1,,,59519
A373,淮北师范大学,,英语(师范类),1,,,75619
A373,淮北师范大学,,商务英语,1,,,115198
A373,淮北师范大学,,新闻学,1,,,73221
A373,淮北师范大学,,数学与应用数学(师范类),1,,,70611
A373,淮北师范大学,,物理学(师范类),1,,,98131
A373,淮北师范大学,,化学(师范类),1,,,106407
A373,淮北师范大学,,应用化学,1,,,99932
A373,淮北师范大学,,生物科学(师范类),1,,,62307
A373,淮北师范大学,,统计学,1,,,74970
A373,淮北师范大学,,环境科学,1,,,105336
A373,淮北师范大学,,生物工程,1,,,103070
A373,淮北师范大学,,会计学,1,,,72783
A373,淮北师范大学,,人力资源管理,1,,,91023
A373,淮北师范大学,,物流管理,1,,,108334
A373,淮北师范大学,,电子商务,1,,,75155
A373,淮北师范大学,,应用心理学(师范类),1,,,83801
A373,淮北师范大学,,文化遗产,1,,,95019
A373,淮北师范大学,,旅游管理,1,,,191975
A375,黄山学院,,国际经济与贸易,10,,,200870
A375,黄山学院,,日语,5,,,199482
A375,黄山学院,,机械设计制造及其自动化,6,,,194741
A375,黄山学院,,烹饪与营养教育,5,,,205744
A375,黄山学院,,酒店管理(中外合作办学),10,,,221868
A377,滁州学院,,新闻学,2,,,144365
A377,滁州学院,,网络与新媒体,2,,,144007
A377,滁州学院,,金融工程,1,,,162310
A377,滁州学院,,旅游管理,2,,,173506
A377,滁州学院,,工商管理,2,,,152619
A377,滁州学院,,国际经济与贸易,2,,,154490
A377,滁州学院,,财务管理,1,,,122808
A377,滁州学院,,审计学,1,,,117603
A377,滁州学院,,英语,1,,,142090
A377,滁州学院,,商务英语,1,,,183043
A378,安徽财经大学,,经济统计学,2,,,66821
A378,安徽财经大学,,金融学,3,,,60189
A378,安徽财经大学,,法学,6,,,49694
A378,安徽财经大学,,日语,6,,,276423
A378,安徽财经大学,,数学与应用数学,2,,,61594
A378,安徽财经大学,,数据科学与大数据技术,6,,,60566
A378,安徽财经大学,,会计学,2,,,42876
A378,安徽财经大学,,财务管理,2,,,50427
A378,安徽财经大学,,审计学,3,,,49179
A378,安徽财经大学,,国际商务,7,,,127914
A378,安徽财经大学,,资产评估,3,,,64142
A378,安徽财经大学,,物流管理,3,,,88974
A378,安徽财经大学,,电子商务,3,,,91476
A378,安徽财经大学,,旅游管理,4,,,137825
A378,安徽财经大学,,财政学类,4,,,56437
A378,安徽财经大学,,金融学类,6,,,71638
A378,安徽财经大学,,经济与贸易类,6,,,81823
A378,安徽财经大学,,电子信息类,5,,,66752
A378,安徽财经大学,,计算机类,4,,,60274
A378,安徽财经大学,,管理科学与工程类,5,,,136464
A378,安徽财经大学,,统计学,2,,,62589
A378,安徽财经大学,,公共管理类,6,,,101191
A378,安徽财经大学,,工商管理类,4,,,81887
A378,安徽财经大学,,商务英语,2,,,68882
A378,安徽财经大学,,经济学类,6,,,69619
A378,安徽财经大学,,供应链管理,3,,,106672
A378,安徽财经大学,,应用统计学(中外合作办学),2,,,109598
A379,宿州学院,,应用化学,5,,,191291
A379,宿州学院,,地理科学(师范类),5,,,160550
A379,宿州学院,,机械设计制造及其自动化,5,,,190803
A379,宿州学院,,电子商务,5,,,201409
A379,宿州学院,,物流工程,5,,,211290
A379,宿州学院,,汉语言文学(师范类),5,,,138145
A379,宿州学院,,计算机科学与技术,5,,,176480
A379,宿州学院,,土木工程,5,,,210893
A381,淮南师范学院,,数字经济,2,,,178405
A381,淮南师范学院,,金融工程,3,,,192921
A381,淮南师范学院,,翻译,3,,,206808
A381,淮南师范学院,,广告学,3,,,196393
A381,淮南师范学院,,数学与应用数学(师范类),2,,,160858
A381,淮南师范学院,,机械设计制造及其自动化,4,,,176742
A381,淮南师范学院,,高分子材料与工程,4,,,216161
A381,淮南师范学院,,电子信息工程,2,,,167767
A381,淮南师范学院,,光电信息科学与工程,2,,,177845
A381,淮南师范学院,,软件工程,2,,,145623
A381,淮南师范学院,,数据科学与大数据技术,2,,,181173
A381,淮南师范学院,,化学工程与工艺,4,,,186698
A381,淮南师范学院,,食品质量与安全,3,,,196227
A381,淮南师范学院,,生物工程,2,,,179725
A381,淮南师范学院,,会计学,2,,,152311
A383,铜陵学院,,自动化,5,,,174679
A383,铜陵学院,,会计学,5,,,149657
A384,厦门大学,,人文科学试验班,3,,,5513
A384,厦门大学,,新闻传播学类,2,,,5528
A384,厦门大学,,外国语言文学类,4,,,8612
A384,厦门大学,,外国语言文学类(外国语言文学加会计或财务),3,,,7196
A384,厦门大学,,法学类,4,,,3076
A384,厦门大学,,经济学类,18,,,4947
A384,厦门大学,,统计学类,2,,,1996
A384,厦门大学,,数据科学与大数据技术,2,,,3269
A384,厦门大学,,会计学(含会计、财务、审计),7,,,3410
A384,厦门大学,,工商管理类,4,,,6611
A384,厦门大学,,管理科学与工程类,2,,,5570
A384,厦门大学,,数学类,3,,,3840
A384,厦门大学,,物理学类,5,,,4977
A384,厦门大学,,化学类(含化学化工材料类),18,,,6465
A384,厦门大学,,公共管理类(含政治),4,,,7649
A384,厦门大学,,生物科学类,10,,,5417
A384,厦门大学,,能源动力类,3,,,4748
A384,厦门大学,,计算机类,20,,,4190
A384,厦门大学,,电子信息类,12,,,4508
A384,厦门大学,,工科试验班,19,,,5297
A384,厦门大学,,建筑类,4,,,6662
A384,厦门大学,,土木类,2,,,7107
A384,厦门大学,,药学,3,,,6271
A384,厦门大学,,理科试验班(海洋生态环境类),11,,,6316
A384,厦门大学,,临床医学,4,,,5332
A384,厦门大学,,汉语言文学(厦门大学马来西亚分校招生专业),1,,,22938
A384,厦门大学,,新闻学(厦门大学马来西亚分校招生专业),1,,,24900
A384,厦门大学,,金融学(厦门大学马来西亚分校招生专业),3,,,23909
A384,厦门大学,,会计学(厦门大学马来西亚分校招生专业),3,,,22174
A384,厦门大学,,国际商务(厦门大学马来西亚分校招生专业),2,,,26290
A384,厦门大学,,化学工程与工艺(厦门大学马来西亚分校招生专业),2,,,31723
A384,厦门大学,,海洋技术(厦门大学马来西亚分校招生专业),1,,,26308
A384,厦门大学,,新能源科学与工程(厦门大学马来西亚分校招生专业),2,,,29313
A384,厦门大学,,数字媒体技术(厦门大学马来西亚分校招生专业),3,,,29850
A384,厦门大学,,计算机科学与技术(厦门大学马来西亚分校招生专业),4,,,25474
A384,厦门大学,,软件工程(厦门大学马来西亚分校招生专业),3,,,30119
A384,厦门大学,,电子信息工程(厦门大学马来西亚分校招生专业),4,,,30437
A384,厦门大学,,中医学(厦门大学马来西亚分校招生专业),1,,,34056
A384,厦门大学,,数学与应用数学(厦门大学马来西亚分校招生专业),3,,,29061
A384,厦门大学,,英语(厦门大学马来西亚分校招生专业),1,,,24273
A384,厦门大学,,物理学(厦门大学马来西亚分校招生专业),2,,,31665
A384,厦门大学,,人工智能(厦门大学马来西亚分校招生专业),2,,,26877
A385,华侨大学,,哲学(中西人文综合试验班),4,,,50813
A385,华侨大学,,国际事务与国际关系,2,,,43215
A385,华侨大学,,汉语国际教育,3,,,50095
A385,华侨大学,,新闻传播学类,3,,,50714
A385,华侨大学,,机械工程,3,,,41819
A385,华侨大学,,工业设计,3,,,50630
A385,华侨大学,,车辆工程,4,,,43798
A385,华侨大学,,智能制造工程,5,,,44341
A385,华侨大学,,应用物理学(拔尖人才试点班),3,,,44421
A385,华侨大学,,电气工程及其自动化,6,,,33242
A385,华侨大学,,电子信息类,8,,,33898
A385,华侨大学,,计算机科学与技术,4,,,29627
A385,华侨大学,,软件工程,4,,,31905
A385,华侨大学,,信息安全,2,,,31807
A385,华侨大学,,土木工程,5,,,74113
A385,华侨大学,,城市地下空间工程,2,,,70042
A385,华侨大学,,工程管理,3,,,71041
A385,华侨大学,,给排水科学与工程(城镇智能水系统方向),4,,,59279
A385,华侨大学,,建筑学,3,,,50325
A385,华侨大学,,城乡规划,3,,,71525
A385,华侨大学,,风景园林,4,,,110239
A385,华侨大学,,经济学类,10,,,52714
A385,华侨大学,,金融学,4,,,39428
A385,华侨大学,,法学,7,,,29199
A385,华侨大学,,中国语言文学类,5,,,36153
A385,华侨大学,,英语,3,,,58735
A385,华侨大学,,翻译,2,,,80192
A385,华侨大学,,数学与应用数学(金融统计方向和数据分析方向),5,,,45147
A385,华侨大学,,光电信息科学与工程,3,,,40423
A385,华侨大学,,物联网工程,3,,,35807
A385,华侨大学,,数据科学与大数据技术,3,,,34421
A385,华侨大学,,药学(生物与医药方向),2,,,49836
A385,华侨大学,,临床医学,5,,,32338
A385,华侨大学,,财务管理,2,,,39629
A385,华侨大学,,工商管理类,5,,,55397
A385,华侨大学,,行政管理(数字政府治理、社会福利、公共危机管理方向),4,,,55971
A385,华侨大学,,酒店管理,4,,,94710
A385,华侨大学,,会展经济与管理,3,,,81075
A385,华侨大学,,经济学类(中美121双学位班，可接轨CFA金融分析师),7,,,67170
A385,华侨大学,,工商管理类(中美121双学位班，可接轨ACCA国际注会),3,,,58455
A385,华侨大学,,国际商务(全英文教学),4,,,69895
A386,福州大学,,电气工程及其自动化,3,,,14665
A386,福州大学,,经济统计学,4,,,23535
A386,福州大学,,土木工程,3,,,32066
A386,福州大学,,会计学,4,,,19511
A386,福州大学,,生物工程,3,,,25953
A386,福州大学,,英语,3,,,31819
A386,福州大学,,人工智能,3,,,18211
A386,福州大学,,软件工程,3,,,15338
A386,福州大学,,电子信息类,4,,,17813
A386,福州大学,,化学,3,,,22039
A386,福州大学,,法学,3,,,16099
A386,福州大学,,机械设计制造及其自动化,3,,,20419
A386,福州大学,,自动化(中外合作办学),5,,,34602
A386,福州大学,,软件工程(中外合作办学),3,,,31187
A386,福州大学,,数字媒体技术(中外合作办学),4,,,35477
A386,福州大学,,电子信息工程(中外合作办学),4,,,32603
A388,福建理工大学,,材料成型及控制工程,6,,,168067
A388,福建理工大学,,软件工程,4,,,112680
A388,福建理工大学,,土木工程,10,,,167802
A388,福建理工大学,,建筑学,5,,,150092
A388,福建理工大学,,给排水科学与工程,4,,,171433
A388,福建理工大学,,环境工程,9,,,169129
A388,福建理工大学,,建筑环境与能源应用工程,9,,,176891
A388,福建理工大学,,工程管理,6,,,172816
A388,福建理工大学,,工程造价,2,,,140570
A389,福建农林大学,,农学,5,,,77863
A389,福建农林大学,,植物科学与技术,5,,,119160
A389,福建农林大学,,植物保护,6,,,95012
A389,福建农林大学,,制药工程,2,,,104266
A389,福建农林大学,,园艺,7,,,119563
A389,福建农林大学,,智慧农业,13,,,103874
A389,福建农林大学,,生物信息学,5,,,68135
A389,福建农林大学,,水产养殖学,2,,,129754
A389,福建农林大学,,动物医学,8,,,58606
A389,福建农林大学,,蜂学,2,,,139380
A389,福建农林大学,,农业资源与环境,3,,,114876
A389,福建农林大学,,土地资源管理,3,,,119232
A389,福建农林大学,,环境工程,5,,,135858
A389,福建农林大学,,食品质量与安全,3,,,94664
A389,福建农林大学,,食品科学与工程,12,,,93412
A389,福建农林大学,,新能源科学与工程,3,,,97783
A389,福建农林大学,,化学工程与工艺,5,,,142847
A389,福建农林大学,,轻化工程,5,,,138827
A389,福建农林大学,,木材科学与工程,2,,,136139
A389,福建农林大学,,材料科学与工程,2,,,161307
A389,福建农林大学,,车辆工程,5,,,113871
A389,福建农林大学,,物流工程,2,,,137327
A389,福建农林大学,,工程管理,5,,,207851
A389,福建农林大学,,土木工程,5,,,162859
A389,福建农林大学,,风景园林,5,,,88970
A389,福建农林大学,,财务管理,5,,,99736
A389,福建农林大学,,茶学,2,,,114932
A389,福建农林大学,,林学类,13,,,119445
A389,福建农林大学,,生物科学类,7,,,69553
A389,福建农林大学,,机械设计制造及其自动化,5,,,100064
A389,福建农林大学,,电子科学与技术,3,,,88078
A389,福建农林大学,,网络工程,6,,,105766
A389,福建农林大学,,农林经济管理,3,,,106004
A389,福建农林大学,,农村区域发展,3,,,140255
A389,福建农林大学,,智能建造,3,,,132197
A389,福建农林大学,,食品营养与健康,1,,,96851
A389,福建农林大学,,海洋科学,6,,,128240
A389,福建农林大学,,数字经济,6,,,118703
A389,福建农林大学,,人工智能,3,,,95236
A389,福建农林大学,,数据科学与大数据技术,2,,,84308
A389,福建农林大学,,生物制药,6,,,119046
A389,福建农林大学,,生物育种科学,5,,,126533
A389,福建农林大学,,风景园林(中外合作办学),2,,,94021
A389,福建农林大学,,农业资源与环境(中外合作办学),2,,,151373
A389,福建农林大学,,园艺(中外合作办学),2,,,135383
A389,福建农林大学,,生态学(中外合作办学),8,,,153180
A390,集美大学,,交通运输,3,,,53612
A390,集美大学,,物流管理,3,,,80530
A390,集美大学,,轮机工程(陆上方向),3,,,62998
A390,集美大学,,船舶与海洋工程,3,,,62605
A390,集美大学,,动物科学,3,,,65899
A390,集美大学,,水产养殖学,3,,,65280
A390,集美大学,,海洋渔业科学与技术,3,,,66027
A390,集美大学,,水生动物医学,3,,,71775
A390,集美大学,,食品科学与工程,3,,,53440
A390,集美大学,,生物工程,3,,,55053
A390,集美大学,,经济学,2,,,42527
A390,集美大学,,数字经济,3,,,53355
A390,集美大学,,国际经济与贸易,2,,,42969
A390,集美大学,,学前教育(师范类),2,,,64977
A390,集美大学,,工商管理,2,,,45379
A390,集美大学,,旅游管理,2,,,68848
A390,集美大学,,电子信息工程,3,,,34405
A390,集美大学,,软件工程,3,,,37215
A390,集美大学,,机械设计制造及其自动化,3,,,48448
A390,集美大学,,机械电子工程,2,,,49354
A390,集美大学,,数学与应用数学,3,,,49566
A390,集美大学,,应用物理学,3,,,52403
A390,集美大学,,英语,2,,,49095
A390,集美大学,,日语,3,,,67550
A390,集美大学,,翻译,3,,,86577
A390,集美大学,,戏剧影视文学,2,,,61802
A390,集美大学,,港口航道与海岸工程,3,,,64718
A392,福建医科大学,,临床医学(5+3一体化),2,,,14589
A392,福建医科大学,,临床医学,6,,,23416
A392,福建医科大学,,麻醉学,2,,,25983
A392,福建医科大学,,预防医学,2,,,45849
A392,福建医科大学,,口腔医学,2,,,13703
A392,福建医科大学,,基础医学,1,,,50525
A392,福建医科大学,,药学,2,,,41556
A392,福建医科大学,,临床药学,2,,,39466
A392,福建医科大学,,卫生检验与检疫,2,,,59543
A392,福建医科大学,,医学检验技术,2,,,51276
A392,福建医科大学,,医学影像技术,2,,,48750
A392,福建医科大学,,智能医学工程,2,,,51236
A392,福建医科大学,,应用心理学,1,,,44898
A392,福建医科大学,,护理学,3,,,62454
A393,福建中医药大学,,中医学,2,,,49149
A393,福建中医药大学,,中医骨伤科学,2,,,63409
A393,福建中医药大学,,针灸推拿学,1,,,51395
A393,福建中医药大学,,中西医临床医学,1,,,53173
A393,福建中医药大学,,临床医学,2,,,31969
A393,福建中医药大学,,药学,1,,,39620
A393,福建中医药大学,,中药学,1,,,59351
A393,福建中医药大学,,护理学(中外合作办学),6,,,166590
A394,福建师范大学,,环境科学与工程类,5,,,71159
A394,福建师范大学,,数字媒体技术(中外合作办学)(中日合作办学),5,,,67396
A394,福建师范大学,,网络工程(中外合作办学)(中日合作办学),5,,,82211
A394,福建师范大学,,通信工程(中外合作办学)(中英合作办学),6,,,93838
A394,福建师范大学,,学前教育(中外合作办学)(中美合作办学),7,,,155208
A394,福建师范大学,,电子信息工程(中外合作办学)(中英合作办学),6,,,87455
A394,福建师范大学,,计算机科学与技术(中外合作办学)(中英合作办学),6,,,77879
A395,闽江学院,,会计学,5,,,124384
A395,闽江学院,,金融学,8,,,159908
A395,闽江学院,,工商管理,4,,,162106
A395,闽江学院,,财务管理,2,,,121802
A395,闽江学院,,旅游管理,2,,,194635
A395,闽江学院,,会展经济与管理,2,,,155792
A395,闽江学院,,法学,2,,,89680
A395,闽江学院,,广告学,1,,,70374
A395,闽江学院,,网络与新媒体,1,,,89891
A395,闽江学院,,服装设计与工程,2,,,162399
A395,闽江学院,,数据科学与大数据技术,2,,,124034
A395,闽江学院,,计算机科学与技术,3,,,122273
A395,闽江学院,,人文地理与城乡规划,1,,,142803
A397,武夷学院,,食品质量与安全,1,,,158421
A397,武夷学院,,文化产业管理,1,,,178504
A397,武夷学院,,机械设计制造及其自动化,1,,,165181
A397,武夷学院,,化学工程与工艺,1,,,147271
A397,武夷学院,,土木工程,2,,,195602
A397,武夷学院,,建筑学,1,,,163644
A397,武夷学院,,工程造价,1,,,190786
A397,武夷学院,,人工智能,1,,,151558
A397,武夷学院,,汉语言文学,1,,,117272
A397,武夷学院,,商务英语,1,,,172907
A397,武夷学院,,国际经济与贸易,1,,,165053
A397,武夷学院,,物流管理,1,,,182249
A398,宁德师范学院,,学前教育(师范类),5,,,185200
A398,宁德师范学院,,网络与新媒体,6,,,178285
A398,宁德师范学院,,数学与应用数学(师范类),5,,,188363
A398,宁德师范学院,,材料化学,5,,,208541
A398,宁德师范学院,,市场营销,4,,,204408
A398,宁德师范学院,,财务会计教育,5,,,188269
A399,泉州师范学院,,历史学(师范类),2,,,127418
A399,泉州师范学院,,数学与应用数学(师范类),3,,,156048
A399,泉州师范学院,,物理学(师范类),4,,,169381
A399,泉州师范学院,,化学(师范类),4,,,155791
A399,泉州师范学院,,地理科学(师范类),6,,,137259
A399,泉州师范学院,,金融工程,3,,,163673
A399,泉州师范学院,,国际经济与贸易,1,,,142210
A399,泉州师范学院,,英语,3,,,162211
A399,泉州师范学院,,广播电视学,3,,,180470
A399,泉州师范学院,,人文地理与城乡规划,2,,,152015
A399,泉州师范学院,,海洋技术,2,,,183931
A399,泉州师范学院,,机械设计制造及其自动化,2,,,163548
A399,泉州师范学院,,高分子材料与工程,2,,,189046
A399,泉州师范学院,,物联网工程,2,,,144686
A399,泉州师范学院,,化学工程与工艺,2,,,185871
A399,泉州师范学院,,纺织工程,5,,,210822
A399,泉州师范学院,,环境科学,2,,,175767
A399,泉州师范学院,,食品科学与工程,3,,,173233
A399,泉州师范学院,,体育经济与管理,2,,,198912
A402,闽南师范大学,,日语,2,,,161606
A402,闽南师范大学,,商务英语,5,,,196839
A402,闽南师范大学,,数学与应用数学(师范类),2,,,98613
A402,闽南师范大学,,电气工程及其自动化,2,,,107336
A402,闽南师范大学,,环境科学与工程,6,,,168140
A402,闽南师范大学,,计算机科学与技术,4,,,114222
A402,闽南师范大学,,软件工程,4,,,128263
A402,闽南师范大学,,网络工程,3,,,126751
A402,闽南师范大学,,心理学(师范类),3,,,108843
A402,闽南师范大学,,生物科学(师范类),4,,,106658
A402,闽南师范大学,,风景园林,3,,,168230
A402,闽南师范大学,,财务管理,4,,,130155
A402,闽南师范大学,,人力资源管理,4,,,141285
A402,闽南师范大学,,旅游管理,4,,,169065
A403,南昌大学,,中国语言文学类,2,,,17598
A403,南昌大学,,哲学,3,,,24817
A403,南昌大学,,新闻传播学类,6,,,30668
A403,南昌大学,,英语(英日),3,,,35298
A403,南昌大学,,日语,3,,,38361
A403,南昌大学,,德语,3,,,137749
A403,南昌大学,,西班牙语,2,,,36162
A403,南昌大学,,俄语,3,,,45296
A403,南昌大学,,法学类,3,,,17245
A403,南昌大学,,公共管理类,4,,,35295
A403,南昌大学,,管理科学与工程类,4,,,32416
A403,南昌大学,,金融学,4,,,22689
A403,南昌大学,,工商管理,3,,,26259
A403,南昌大学,,会计学(国际会计师),3,,,21376
A403,南昌大学,,工商管理(中法实验班),2,,,32858
A403,南昌大学,,旅游管理类,4,,,40424
A403,南昌大学,,计算机类(计算机与大数据),3,,,15725
A403,南昌大学,,物理学类,3,,,22994
A403,南昌大学,,材料类,10,,,30904
A403,南昌大学,,化学类,2,,,25461
A403,南昌大学,,化工与制药类,5,,,27966
A403,南昌大学,,生物科学类,5,,,24748
A403,南昌大学,,生态学,5,,,33892
A403,南昌大学,,水产养殖学,5,,,38021
A403,南昌大学,,食品科学与工程类,10,,,31580
A403,南昌大学,,生物工程,3,,,26599
A403,南昌大学,,环境科学与工程类,5,,,32956
A403,南昌大学,,过程装备与控制工程,3,,,27231
A403,南昌大学,,机械设计制造及其自动化,5,,,23943
A403,南昌大学,,车辆工程,2,,,23720
A403,南昌大学,,材料成型及控制工程,2,,,28071
A403,南昌大学,,建筑类,3,,,32818
A403,南昌大学,,土木类,3,,,32545
A403,南昌大学,,工程力学,3,,,27148
A403,南昌大学,,电子信息类,6,,,18793
A403,南昌大学,,电气工程及其自动化,4,,,17613
A403,南昌大学,,自动化,3,,,19325
A403,南昌大学,,计算机类(软件与网络空间),10,,,17983
A403,南昌大学,,基础医学,3,,,27989
A403,南昌大学,,临床医学,15,,,12918
A403,南昌大学,,麻醉学,5,,,14586
A403,南昌大学,,眼视光医学,6,,,16407
A403,南昌大学,,口腔医学,5,,,11866
A403,南昌大学,,药学,6,,,25540
A403,南昌大学,,护理学,5,,,37674
A403,南昌大学,,智能医学工程,3,,,26703
A403,南昌大学,,临床医学(中外合作办学)(中英双学位合作办学),56,,,38925
A404,华东交通大学,,土木工程,11,,,79826
A404,华东交通大学,,建筑环境与能源应用工程,2,,,82685
A404,华东交通大学,,给排水科学与工程,3,,,73723
A404,华东交通大学,,环境工程,2,,,92033
A404,华东交通大学,,建筑学,6,,,82723
A404,华东交通大学,,智能建造,3,,,73965
A404,华东交通大学,,机械设计制造及其自动化,5,,,51473
A404,华东交通大学,,机械电子工程,5,,,62662
A404,华东交通大学,,车辆工程,10,,,64152
A404,华东交通大学,,测控技术与仪器,5,,,76265
A404,华东交通大学,,智能制造工程,5,,,64710
A404,华东交通大学,,电气工程及其自动化,8,,,40768
A404,华东交通大学,,自动化,4,,,44816
A404,华东交通大学,,轨道交通信号与控制,4,,,49936
A404,华东交通大学,,电子信息工程,4,,,46290
A404,华东交通大学,,建筑电气与智能化,2,,,61937
A404,华东交通大学,,交通运输,8,,,59817
A404,华东交通大学,,交通工程,5,,,59077
A404,华东交通大学,,铁道工程,5,,,68459
A404,华东交通大学,,测绘工程,4,,,82819
A404,华东交通大学,,物流管理,4,,,94491
A404,华东交通大学,,物流工程,4,,,97506
A404,华东交通大学,,金融学,2,,,54414
A404,华东交通大学,,国际经济与贸易,2,,,69969
A404,华东交通大学,,会计学,2,,,46109
A404,华东交通大学,,人力资源管理,2,,,59805
A404,华东交通大学,,经济统计学,2,,,84535
A404,华东交通大学,,信息与计算科学,4,,,64412
A404,华东交通大学,,光电信息科学与工程,4,,,54970
A404,华东交通大学,,英语,2,,,77485
A404,华东交通大学,,翻译,3,,,87927
A404,华东交通大学,,法学,3,,,43914
A404,华东交通大学,,公共事业管理,3,,,90981
A404,华东交通大学,,汉语言文学,2,,,48497
A404,华东交通大学,,知识产权,2,,,56427
A404,华东交通大学,,通信工程,5,,,46322
A404,华东交通大学,,人工智能,5,,,49386
A404,华东交通大学,,计算机科学与技术,4,,,42330
A404,华东交通大学,,物联网工程,2,,,45829
A404,华东交通大学,,数据科学与大数据技术,3,,,46940
A404,华东交通大学,,会计学(国际会计),3,,,53762
A404,华东交通大学,,会计学(ACCA),3,,,51909
A404,华东交通大学,,会计学(CMA),2,,,52618
A404,华东交通大学,,会计学(CIMA),2,,,53190
A404,华东交通大学,,材料成型及控制工程,7,,,87529
A404,华东交通大学,,高分子材料与工程,7,,,102811
A404,华东交通大学,,虚拟现实技术,2,,,50880
A404,华东交通大学,,工程管理(中外合作办学),4,,,112811
A405,东华理工大学,,地质类,8,,,138748
A405,东华理工大学,,地球化学(拔尖学生培养基地),4,,,123811
A405,东华理工大学,,地球信息科学与技术,8,,,127295
A405,东华理工大学,,城乡规划,6,,,139633
A405,东华理工大学,,自然地理与资源环境(旅游地学方向),8,,,141754
A405,东华理工大学,,资源勘查工程(中外高水平大学学生交流计划),4,,,228114
A405,东华理工大学,,勘查技术与工程,8,,,141720
A405,东华理工大学,,地球物理学(拔尖学生培养基地),4,,,124224
A405,东华理工大学,,防灾减灾科学与工程,8,,,191694
A405,东华理工大学,,测控技术与仪器,10,,,103834
A405,东华理工大学,,水文与水资源工程,8,,,115609
A405,东华理工大学,,环境工程,8,,,160254
A405,东华理工大学,,给排水科学与工程,8,,,148928
A405,东华理工大学,,地下水科学与工程,6,,,141445
A405,东华理工大学,,测绘类,15,,,129159
A405,东华理工大学,,土地资源管理,8,,,121065
A405,东华理工大学,,应用化学,10,,,121667
A405,东华理工大学,,材料科学与工程,10,,,140553
A405,东华理工大学,,化学工程与工艺(中外高水平大学学生交流计划),4,,,199440
A405,东华理工大学,,核工程类,12,,,72252
A405,东华理工大学,,核化工与核燃料工程,10,,,85539
A405,东华理工大学,,计算机科学与技术,7,,,56628
A405,东华理工大学,,软件工程(Web系统开发、大数据分析、移动软件开发),8,,,68971
A405,东华理工大学,,网络工程,8,,,92537
A405,东华理工大学,,数学与应用数学(含金融、软件设计方向),8,,,78935
A405,东华理工大学,,物理学,8,,,101773
A405,东华理工大学,,土木类,15,,,147087
A405,东华理工大学,,工程管理,10,,,247621
A405,东华理工大学,,汉语言文学(对外文化交流方向),5,,,86572
A405,东华理工大学,,法学,5,,,72280
A405,东华理工大学,,广告学,6,,,111678
A405,东华理工大学,,英语(外贸方向),6,,,275545
A405,东华理工大学,,生物技术,6,,,118153
A405,东华理工大学,,机械工程(中外合作办学),6,,,140394
A405,东华理工大学,,软件工程(中外合作办学),5,,,109913
A406,南昌航空大学,,金属材料工程,8,,,105529
A406,南昌航空大学,,复合材料与工程,2,,,77574
A406,南昌航空大学,,高分子材料与工程,4,,,65350
A406,南昌航空大学,,新能源科学与工程,3,,,54197
A406,南昌航空大学,,应用化学,4,,,75675
A406,南昌航空大学,,材料化学,4,,,71319
A406,南昌航空大学,,给排水科学与工程,2,,,76323
A406,南昌航空大学,,环境工程,4,,,110254
A406,南昌航空大学,,机械设计制造及其自动化,4,,,47048
A406,南昌航空大学,,飞行器制造工程,3,,,40934
A406,南昌航空大学,,材料成型及控制工程,4,,,77673
A406,南昌航空大学,,焊接技术与工程,3,,,80162
A406,南昌航空大学,,增材制造工程,3,,,107220
A406,南昌航空大学,,通信工程,2,,,40875
A406,南昌航空大学,,电子信息工程,6,,,44362
A406,南昌航空大学,,自动化,2,,,46337
A406,南昌航空大学,,计算机科学与技术,2,,,33532
A406,南昌航空大学,,英语,6,,,133474
A406,南昌航空大学,,飞行器动力工程,6,,,45680
A406,南昌航空大学,,飞行器设计与工程,2,,,39171
A406,南昌航空大学,,数学与应用数学,2,,,52570
A406,南昌航空大学,,测控技术与仪器,4,,,50589
A406,南昌航空大学,,电子科学与技术,2,,,37972
A406,南昌航空大学,,电子商务,2,,,67419
A406,南昌航空大学,,工业工程,2,,,65460
A406,南昌航空大学,,经济学,2,,,62024
A406,南昌航空大学,,土木工程,2,,,116968
A406,南昌航空大学,,工程管理,2,,,75642
A406,南昌航空大学,,智慧建筑与建造,2,,,153945
A406,南昌航空大学,,新闻学,2,,,58206
A406,南昌航空大学,,飞行器制造工程(航空维修工程与技术),4,,,51592
A407,江西理工大学,,矿业类,3,,,138587
A407,江西理工大学,,环境工程,2,,,179707
A407,江西理工大学,,地质工程,3,,,140089
A407,江西理工大学,,生物工程,2,,,117562
A407,江西理工大学,,土木类,3,,,132360
A407,江西理工大学,,测绘工程,3,,,110286
A407,江西理工大学,,地理信息科学,2,,,83060
A407,江西理工大学,,给排水科学与工程,2,,,138548
A407,江西理工大学,,冶金工程,2,,,126642
A407,江西理工大学,,化学工程与工艺,2,,,118576
A407,江西理工大学,,新能源科学与工程,2,,,81962
A407,江西理工大学,,材料科学与工程,3,,,126053
A407,江西理工大学,,机械工程,2,,,91513
A407,江西理工大学,,车辆工程,2,,,89443
A407,江西理工大学,,机械电子工程,2,,,80547
A407,江西理工大学,,电气工程及其自动化,2,,,60252
A407,江西理工大学,,自动化,2,,,64570
A407,江西理工大学,,电子科学与技术,2,,,75198
A407,江西理工大学,,计算机类,2,,,49753
A407,江西理工大学,,电子信息类,2,,,61935
A407,江西理工大学,,工程造价,2,,,106169
A407,江西理工大学,,会计学,2,,,74428
A407,江西理工大学,,工商管理,2,,,104671
A407,江西理工大学,,金融学,2,,,71979
A407,江西理工大学,,法学,2,,,64677
A407,江西理工大学,,英语,2,,,104562
A407,江西理工大学,,日语,4,,,288667
A407,江西理工大学,,汉语国际教育,2,,,95979
A407,江西理工大学,,信息与计算科学,2,,,82177
A407,江西理工大学,,电子信息科学与技术,2,,,69648
A407,江西理工大学,,应急管理,2,,,144016
A407,江西理工大学,,行政管理,3,,,105034
A407,江西理工大学,,安全工程,2,,,116808
A407,江西理工大学,,工程管理,2,,,134325
A407,江西理工大学,,虚拟现实技术,2,,,78203
A407,江西理工大学,,软件工程(软件开发方向),2,,,59477
A407,江西理工大学,,软件工程(土木方向),2,,,88334
A407,江西理工大学,,财务管理,2,,,73544
A407,江西理工大学,,人力资源管理,3,,,113821
A407,江西理工大学,,软件工程(金融方向),2,,,77483
A407,江西理工大学,,材料成型及控制工程,2,,,119233
A407,江西理工大学,,机器人工程,2,,,82143
A407,江西理工大学,,电子科学与技术(中外合作办学),2,,,124912
A408,景德镇陶瓷大学,,材料物理,1,,,171871
A408,景德镇陶瓷大学,,材料化学,3,,,158331
A408,景德镇陶瓷大学,,无机非金属材料工程,3,,,162291
A408,景德镇陶瓷大学,,粉体材料科学与工程,1,,,168097
A408,景德镇陶瓷大学,,新能源材料与器件,2,,,166109
A408,景德镇陶瓷大学,,能源与动力工程,1,,,126915
A408,景德镇陶瓷大学,,机械设计制造及其自动化,2,,,120872
A408,景德镇陶瓷大学,,材料成型及控制工程,2,,,148905
A408,景德镇陶瓷大学,,电子科学与技术,2,,,126781
A408,景德镇陶瓷大学,,自动化,1,,,124415
A408,景德镇陶瓷大学,,智能制造工程,1,,,147873
A408,景德镇陶瓷大学,,国际经济与贸易,1,,,140176
A408,景德镇陶瓷大学,,工商管理,1,,,138512
A408,景德镇陶瓷大学,,财务管理,1,,,114692
A408,景德镇陶瓷大学,,文化产业管理,1,,,90839
A408,景德镇陶瓷大学,,信息与计算科学,1,,,136324
A408,景德镇陶瓷大学,,计算机科学与技术,1,,,102853
A408,景德镇陶瓷大学,,人工智能,1,,,127448
A408,景德镇陶瓷大学,,英语,1,,,112276
A408,景德镇陶瓷大学,,法学,1,,,96199
A408,景德镇陶瓷大学,,知识产权,1,,,114915
A408,景德镇陶瓷大学,,文物与博物馆学,1,,,90373
A408,景德镇陶瓷大学,,文物保护技术,1,,,78888
A408,景德镇陶瓷大学,,文化遗产,1,,,101102
A408,景德镇陶瓷大学,,考古学,1,,,75807
A408,景德镇陶瓷大学,,会计学,1,,,116799
A408,景德镇陶瓷大学,,艺术教育,1,,,156767
A410,江西农业大学,,园艺,4,,,139679
A410,江西农业大学,,植物保护,4,,,136758
A410,江西农业大学,,动植物检疫,4,,,147343
A410,江西农业大学,,种子科学与工程,2,,,122416
A410,江西农业大学,,茶学,4,,,152934
A410,江西农业大学,,林产化工,2,,,164974
A410,江西农业大学,,园林,2,,,121448
A410,江西农业大学,,风景园林,2,,,129806
A410,江西农业大学,,动物药学,2,,,129033
A410,江西农业大学,,水产养殖学,4,,,166948
A410,江西农业大学,,机械设计制造及其自动化,3,,,116760
A410,江西农业大学,,农业机械化及其自动化,2,,,121089
A410,江西农业大学,,土木工程,2,,,140411
A410,江西农业大学,,金融学,2,,,96484
A410,江西农业大学,,经济学,2,,,103787
A410,江西农业大学,,会计学(中外高水平大学学生交流计划),2,,,115558
A410,江西农业大学,,环境科学与工程,5,,,150548
A410,江西农业大学,,地理信息科学,5,,,123159
A410,江西农业大学,,农业水利工程,6,,,162609
A410,江西农业大学,,土地资源管理(土地整治方向),5,,,134804
A410,江西农业大学,,电子商务,2,,,147438
A410,江西农业大学,,数据科学与大数据技术,2,,,86838
A410,江西农业大学,,软件工程(英语方向),2,,,107426
A410,江西农业大学,,软件工程(金融方向),3,,,112787
A410,江西农业大学,,应用化学,6,,,154730
A410,江西农业大学,,材料化学,2,,,155031
A410,江西农业大学,,教育技术学,2,,,144717
A410,江西农业大学,,食品质量与安全,4,,,139002
A410,江西农业大学,,食品科学与工程,2,,,134637
A410,江西农业大学,,制药工程,6,,,141787
A410,江西农业大学,,生物技术(食用菌),6,,,165475
A410,江西农业大学,,日语,2,,,138606
A410,江西农业大学,,英语,2,,,136854
A412,江西中医药大学,,中医学,10,,,59723
A412,江西中医药大学,,中医养生学,2,,,93491
A412,江西中医药大学,,中西医临床医学,4,,,75715
A412,江西中医药大学,,中医骨伤科学,7,,,89220
A412,江西中医药大学,,针灸推拿学,5,,,80822
A412,江西中医药大学,,护理学,9,,,130810
A412,江西中医药大学,,药学,5,,,94174
A412,江西中医药大学,,中药学,5,,,105386
A412,江西中医药大学,,药物制剂,2,,,134575
A412,江西中医药大学,,中药资源与开发,1,,,162654
A412,江西中医药大学,,食品质量与安全,1,,,148818
A412,江西中医药大学,,中药制药,6,,,145134
A412,江西中医药大学,,生物医学工程,2,,,121488
A412,江西中医药大学,,计算机科学与技术,2,,,100784
A412,江西中医药大学,,医学信息工程,1,,,111990
A412,江西中医药大学,,医学影像技术,2,,,88591
A412,江西中医药大学,,应用心理学,3,,,101469
A412,江西中医药大学,,保险学,2,,,152529
A412,江西中医药大学,,公共事业管理,1,,,129689
A412,江西中医药大学,,健康服务与管理,4,,,159196
A412,江西中医药大学,,市场营销,1,,,157210
A413,赣南医学院,,临床医学,2,,,67747
A413,赣南医学院,,预防医学,2,,,129050
A413,赣南医学院,,法医学,2,,,92304
A413,赣南医学院,,制药工程,2,,,134793
A413,赣南医学院,,生物信息学,2,,,187620
A414,江西师范大学,,金融学,2,,,61120
A414,江西师范大学,,经济学,4,,,66980
A414,江西师范大学,,建筑学,2,,,76105
A414,江西师范大学,,地理科学类,5,,,58415
A414,江西师范大学,,国际经济与贸易(数字贸易),9,,,180432
A414,江西师范大学,,生物工程,11,,,73244
A414,江西师范大学,,会计学,1,,,50243
A414,江西师范大学,,思想政治教育(师范类),8,,,41547
A414,江西师范大学,,化学类,12,,,61140
A414,江西师范大学,,计算机科学与技术,12,,,56050
A414,江西师范大学,,人工智能,3,,,62017
A414,江西师范大学,,数据科学与大数据技术,4,,,58274
A414,江西师范大学,,小学教育(师范类),5,,,63576
A414,江西师范大学,,历史学类,12,,,52898
A414,江西师范大学,,生物科学(师范类),17,,,60330
A414,江西师范大学,,数学与应用数学(师范类),7,,,51310
A414,江西师范大学,,统计学,1,,,58514
A414,江西师范大学,,英语(师范类),8,,,50155
A414,江西师范大学,,汉语言文学(师范类),20,,,42082
A414,江西师范大学,,物理学(师范类),9,,,62326
A414,江西师范大学,,心理学类,5,,,62455
A414,江西师范大学,,新闻传播学类,14,,,73975
A414,江西师范大学,,法学,11,,,42380
A414,江西师范大学,,行政管理(数字治理),2,,,81442
A414,江西师范大学,,大数据管理与应用,1,,,61646
A414,江西师范大学,,计算机科学与技术(师范类),1,,,54614
A414,江西师范大学,,汉语国际教育(师范类),8,,,74629
A416,上饶师范学院,,数据科学与大数据技术,2,,,164748
A416,上饶师范学院,,电子信息科学与技术,2,,,187159
A416,上饶师范学院,,教育技术学(师范类),2,,,194479
A416,上饶师范学院,,物理学(师范类),2,,,184771
A416,上饶师范学院,,英语(师范类),2,,,154932
A416,上饶师范学院,,法学,2,,,119734
A416,上饶师范学院,,国际经济与贸易,2,,,186575
A416,上饶师范学院,,工商管理,2,,,184581
A416,上饶师范学院,,化学(师范类),2,,,164013
A416,上饶师范学院,,思想政治教育(师范类),2,,,129618
A416,上饶师范学院,,数学与应用数学(师范类),2,,,160033
A416,上饶师范学院,,新闻学,2,,,159876
A417,宜春学院,,地理科学(师范类),2,,,157195
A417,宜春学院,,机械设计制造及其自动化,1,,,174317
A417,宜春学院,,材料物理,2,,,203038
A417,宜春学院,,土木工程,2,,,210790
A417,宜春学院,,生物工程,2,,,180079
A417,宜春学院,,农学,2,,,179000
A417,宜春学院,,临床医学,2,,,94385
A417,宜春学院,,护理学,2,,,160802
A418,赣南师范大学,,历史学(师范类),4,,,84927
A418,赣南师范大学,,汉语言文学(师范类),4,,,68640
A418,赣南师范大学,,汉语国际教育(师范类),2,,,92881
A418,赣南师范大学,,思想政治教育(师范类),4,,,84652
A418,赣南师范大学,,社会学,2,,,114556
A418,赣南师范大学,,旅游管理,2,,,171176
A418,赣南师范大学,,日语,2,,,187740
A418,赣南师范大学,,商务英语,2,,,179156
A418,赣南师范大学,,国际经济与贸易,2,,,143214
A418,赣南师范大学,,市场营销,2,,,167365
A418,赣南师范大学,,会计学,2,,,111976
A418,赣南师范大学,,金融学,2,,,123474
A418,赣南师范大学,,人力资源管理,2,,,144187
A418,赣南师范大学,,小学教育(师范类),2,,,97444
A418,赣南师范大学,,应用心理学(师范类),2,,,119792
A418,赣南师范大学,,法学,2,,,78083
A418,赣南师范大学,,人文地理与城乡规划,2,,,136037
A418,赣南师范大学,,新闻学,2,,,116016
A418,赣南师范大学,,数学与应用数学(师范类),2,,,108900
A418,赣南师范大学,,数据科学与大数据技术,3,,,107902
A418,赣南师范大学,,物理学(师范类),3,,,119022
A418,赣南师范大学,,电子信息工程,3,,,114371
A418,赣南师范大学,,电子科学与技术,2,,,117833
A418,赣南师范大学,,化学(师范类),4,,,115614
A418,赣南师范大学,,应用化学,1,,,124397
A418,赣南师范大学,,地理信息科学,1,,,109803
A418,赣南师范大学,,环境科学,2,,,161293
A418,赣南师范大学,,教育技术学(师范类),3,,,150905
A418,赣南师范大学,,生物科学(师范类),3,,,99794
A418,赣南师范大学,,园艺,2,,,166596
A419,井冈山大学,,临床医学,6,,,81977
A419,井冈山大学,,小学教育(师范类),4,,,133975
A419,井冈山大学,,计算机科学与技术,6,,,124624
A419,井冈山大学,,环境工程,5,,,170706
A419,井冈山大学,,生物科学(师范类),4,,,127776
A419,井冈山大学,,化学(师范类),2,,,123390
A419,井冈山大学,,建筑学,4,,,147227
A419,井冈山大学,,土木工程,4,,,171869
A419,井冈山大学,,机械设计制造及其自动化,4,,,143508
A419,井冈山大学,,物理学(师范类),4,,,142524
A419,井冈山大学,,数学与应用数学(师范类),4,,,132613
A419,井冈山大学,,会计学,4,,,122319
A419,井冈山大学,,西班牙语,2,,,173361
A419,井冈山大学,,日语,2,,,162114
A419,井冈山大学,,德语,2,,,152822
A419,井冈山大学,,英语(师范类),4,,,123295
A419,井冈山大学,,新闻学,2,,,125559
A419,井冈山大学,,汉语国际教育,2,,,125835
A419,井冈山大学,,汉语言文学(师范类),7,,,99089
A419,井冈山大学,,行政管理,4,,,154717
A419,井冈山大学,,社会工作,4,,,156634
A421,江西财经大学,,会计学(国际会计),2,,,28477
A421,江西财经大学,,金融学(国际投资与金融),4,,,38686
A421,江西财经大学,,金融学(CFA方向),8,,,33424
A421,江西财经大学,,国际经济与贸易(CITF方向),2,,,38736
A421,江西财经大学,,工商管理(智能商务),2,,,41206
A421,江西财经大学,,人力资源管理(数智人力),2,,,53205
A421,江西财经大学,,市场营销(数字营销),2,,,74290
A421,江西财经大学,,物流管理(智慧供应链),4,,,64477
A421,江西财经大学,,市场营销(国际营销),4,,,91318
A421,江西财经大学,,旅游管理(数字文旅),3,,,83809
A421,江西财经大学,,财政学,3,,,28330
A421,江西财经大学,,财政学(智慧财税),5,,,33259
A421,江西财经大学,,税收学(数字税收),5,,,31020
A421,江西财经大学,,劳动与社会保障(康养金融),2,,,58078
A421,江西财经大学,,行政管理(数字政务),2,,,63283
A421,江西财经大学,,土地资源管理(评估与规划),2,,,63592
A421,江西财经大学,,会计学,3,,,27078
A421,江西财经大学,,财务管理,2,,,28458
A421,江西财经大学,,会计学(注册会计师),3,,,24926
A421,江西财经大学,,会计学(CIMA方向),3,,,27881
A421,江西财经大学,,会计学(ACCA方向),4,,,25857
A421,江西财经大学,,国际经济与贸易(数字贸易),4,,,40260
A421,江西财经大学,,国际商务(IPMP方向),3,,,49755
A421,江西财经大学,,电子商务(商务大数据分析),3,,,66405
A421,江西财经大学,,经济学(数理经济),3,,,35746
A421,江西财经大学,,国民经济管理(数字化治理和投资管理),2,,,48331
A421,江西财经大学,,金融学,3,,,33738
A421,江西财经大学,,保险学(精算方向),2,,,36801
A421,江西财经大学,,金融工程,2,,,34744
A421,江西财经大学,,金融学(FRM方向),4,,,39007
A421,江西财经大学,,经济统计学,3,,,31561
A421,江西财经大学,,应用统计学,3,,,28101
A421,江西财经大学,,计算机科学与技术,3,,,31675
A421,江西财经大学,,数据科学与大数据技术,3,,,36277
A421,江西财经大学,,信息与计算科学,4,,,40055
A421,江西财经大学,,信息管理与信息系统(金融智能),4,,,47316
A421,江西财经大学,,网络空间安全,5,,,42003
A421,江西财经大学,,工程管理(数字基建管理),4,,,88196
A421,江西财经大学,,房地产开发与管理(投资与评估),1,,,79714
A421,江西财经大学,,法学,2,,,23242
A421,江西财经大学,,法学(法务会计),2,,,27333
A421,江西财经大学,,法学(数据法学),2,,,27410
A421,江西财经大学,,法学(涉外法治),4,,,27722
A421,江西财经大学,,物联网工程,5,,,43580
A421,江西财经大学,,商务英语,3,,,50473
A421,江西财经大学,,日语(商务方向),1,,,50645
A421,江西财经大学,,社会工作,5,,,73048
A421,江西财经大学,,新闻学(经济新闻),1,,,42463
A421,江西财经大学,,汉语国际教育(商务方向),3,,,97357
A421,江西财经大学,,虚拟现实技术,4,,,45208
A421,江西财经大学,,数字经济,2,,,32980
A421,江西财经大学,,数字经济(中外合作办学),3,,,62431
A422,山东大学,,哲学类,12,,,13594
A422,山东大学,,经济学类,80,,,8916
A422,山东大学,,数学类,70,,,4395
A422,山东大学,,智能医学工程,20,,,9173
A422,山东大学,,建筑学(五年制),12,,,14059
A422,山东大学,,临床医学(5+3一体化),90,,,3720
A422,山东大学,,口腔医学(5+3一体化),30,,,3475
A422,山东大学,,口腔医学(五年制),20,,,4930
A422,山东大学,,生物医学科学,8,,,7848
A422,山东大学,,生物医药数据科学,4,,,7502
A422,山东大学,,临床医学(本博连读，齐鲁医学堂),30,,,1616
A422,山东大学,,临床医学(5+3一体化，儿科方向),10,,,4794
A422,山东大学,,社会学类,15,,,13609
A422,山东大学,,政治学类,20,,,10030
A422,山东大学,,公共管理类,15,,,14554
A422,山东大学,,法学类,50,,,6262
A422,山东大学,,中国语言文学类,50,,,7668
A422,山东大学,,外国语言文学类,50,,,16249
A422,山东大学,,历史学类,35,,,13603
A422,山东大学,,物理学类,80,,,8522
A422,山东大学,,化学类,50,,,11440
A422,山东大学,,电子信息类(通信电子与光电方向),135,,,7093
A422,山东大学,,计算机类(计算机与智能方向),120,,,5134
A422,山东大学,,生物科学类,50,,,9868
A422,山东大学,,材料类,30,,,11762
A422,山东大学,,机械类,60,,,9695
A422,山东大学,,自动化类,90,,,7641
A422,山东大学,,能源动力类,60,,,10131
A422,山东大学,,电气工程及其自动化,100,,,5828
A422,山东大学,,土木类,15,,,12880
A422,山东大学,,环境科学与工程类,20,,,12639
A422,山东大学,,预防医学(五年制),30,,,11549
A422,山东大学,,临床医学(五年制),50,,,4994
A422,山东大学,,药学类,28,,,10373
A422,山东大学,,工商管理类,70,,,12108
A422,山东大学,,管理科学与工程类,15,,,12308
A422,山东大学,,计算机类(软件数媒与大数据方向),160,,,6840
A422,山东大学,,电子信息类(微电子与电路集成方向),70,,,7428
A422,山东大学,,新闻传播学类,30,,,14321
A422,山东大学,,网络空间安全,75,,,7509
A422,山东大学,,智能建造与智慧交通,35,,,11219
A423,中国海洋大学,,光电信息科学与工程,14,,,12327
A423,中国海洋大学,,海洋技术,24,,,14238
A423,中国海洋大学,,物理学,16,,,13642
A423,中国海洋大学,,材料类,26,,,18104
A423,中国海洋大学,,生物科学类,28,,,14473
A423,中国海洋大学,,海洋渔业科学与技术,7,,,16912
A423,中国海洋大学,,海洋资源与环境,10,,,13298
A423,中国海洋大学,,食品科学与工程类,16,,,16996
A423,中国海洋大学,,海洋资源开发技术,6,,,14859
A423,中国海洋大学,,药学,28,,,15295
A423,中国海洋大学,,地球信息科学与技术,13,,,17201
A423,中国海洋大学,,地质学,14,,,19113
A423,中国海洋大学,,勘查技术与工程,10,,,18308
A423,中国海洋大学,,环境工程,14,,,17322
A423,中国海洋大学,,环境科学,14,,,18496
A423,中国海洋大学,,工业设计,6,,,14693
A423,中国海洋大学,,机械设计制造及其自动化,18,,,13405
A423,中国海洋大学,,自动化,21,,,12155
A423,中国海洋大学,,法学,16,,,9651
A423,中国海洋大学,,行政管理,6,,,18041
A423,中国海洋大学,,电子商务,11,,,20722
A423,中国海洋大学,,工商管理,16,,,17698
A423,中国海洋大学,,市场营销,8,,,20023
A423,中国海洋大学,,国际经济与贸易,18,,,20331
A423,中国海洋大学,,经济学,11,,,14205
A423,中国海洋大学,,物流管理,7,,,22272
A423,中国海洋大学,,工程管理,7,,,20661
A423,中国海洋大学,,朝鲜语,5,,,24134
A423,中国海洋大学,,法语,9,,,22429
A423,中国海洋大学,,英语,15,,,17833
A423,中国海洋大学,,海洋科学,23,,,12243
A423,中国海洋大学,,大气科学,21,,,15273
A423,中国海洋大学,,电子信息类,43,,,11689
A423,中国海洋大学,,计算机类,33,,,10500
A423,中国海洋大学,,化学,18,,,16389
A423,中国海洋大学,,化学工程与工艺,14,,,17562
A423,中国海洋大学,,水产养殖学,7,,,17285
A423,中国海洋大学,,船舶与海洋工程,14,,,15334
A423,中国海洋大学,,港口航道与海岸工程,14,,,16254
A423,中国海洋大学,,轮机工程,6,,,18039
A423,中国海洋大学,,数学类,24,,,12971
A423,中国海洋大学,,汉语言文学,16,,,13252
A423,中国海洋大学,,新闻传播学类,15,,,17881
A423,中国海洋大学,,政治学与行政学,7,,,15300
A423,中国海洋大学,,公共事业管理,7,,,19293
A423,中国海洋大学,,财务管理,9,,,13257
A423,中国海洋大学,,会计学,17,,,12383
A423,中国海洋大学,,旅游管理,2,,,17820
A423,中国海洋大学,,金融学,12,,,14650
A423,中国海洋大学,,土木工程,10,,,18785
A423,中国海洋大学,,德语,3,,,21753
A423,中国海洋大学,,日语,3,,,20637
A423,中国海洋大学,,海洋科学(中外合作办学),45,,,33035
A423,中国海洋大学,,计算机科学与技术(中外合作办学),42,,,28083
A423,中国海洋大学,,法学(中外合作办学),62,,,22339
A423,中国海洋大学,,数学与应用数学(中外合作办学),48,,,30754
A423,中国海洋大学,,生物技术(中外合作办学),38,,,32475
A423,中国海洋大学,,食品科学与工程(中外合作办学),38,,,36645
A424,山东科技大学,,金融学,37,,,66056
A424,山东科技大学,,国际经济与贸易,57,,,87996
A424,山东科技大学,,法学,140,,,48612
A424,山东科技大学,,汉语言文学,28,,,44964
A424,山东科技大学,,英语(外语语种须为英语),125,,,78754
A424,山东科技大学,,数学与应用数学,47,,,51095
A424,山东科技大学,,数学与应用数学(吴方班),30,,,42751
A424,山东科技大学,,应用物理学,29,,,58515
A424,山东科技大学,,应用化学,46,,,68999
A424,山东科技大学,,地理信息科学,78,,,63820
A424,山东科技大学,,统计学,62,,,57686
A424,山东科技大学,,工程力学,42,,,71081
A424,山东科技大学,,机械设计制造及其自动化,138,,,53595
A424,山东科技大学,,机械电子工程,138,,,57791
A424,山东科技大学,,智能制造工程,46,,,52112
A424,山东科技大学,,高分子材料与工程,80,,,76028
A424,山东科技大学,,新能源材料与器件,43,,,61138
A424,山东科技大学,,能源与动力工程,39,,,54699
A424,山东科技大学,,储能科学与工程,38,,,59224
A424,山东科技大学,,电气工程及其自动化,98,,,33925
A424,山东科技大学,,电子信息工程,100,,,41677
A424,山东科技大学,,通信工程,60,,,45054
A424,山东科技大学,,集成电路设计与集成系统,48,,,47206
A424,山东科技大学,,自动化,106,,,43319
A424,山东科技大学,,机器人工程,40,,,47837
A424,山东科技大学,,计算机科学与技术,69,,,28438
A424,山东科技大学,,计算机科学与技术(图灵班),30,,,25125
A424,山东科技大学,,软件工程,65,,,32700
A424,山东科技大学,,信息安全,48,,,38635
A424,山东科技大学,,物联网工程,52,,,43688
A424,山东科技大学,,智能科学与技术,38,,,44869
A424,山东科技大学,,土木工程,76,,,95134
A424,山东科技大学,,遥感科学与技术,65,,,60271
A424,山东科技大学,,化学工程与工艺,78,,,78783
A424,山东科技大学,,采矿工程(宋振骐班),30,,,93563
A424,山东科技大学,,智慧交通,48,,,72236
A424,山东科技大学,,船舶与海洋工程,21,,,73584
A424,山东科技大学,,建筑学,66,,,86433
A424,山东科技大学,,职业卫生工程,43,,,170376
A424,山东科技大学,,生物工程,50,,,66926
A424,山东科技大学,,大数据管理与应用,48,,,51776
A424,山东科技大学,,工商管理,72,,,70694
A424,山东科技大学,,会计学,54,,,52516
A424,山东科技大学,,工业工程,40,,,67304
A424,山东科技大学,,金融科技(就读地点泰安),118,,,147048
A424,山东科技大学,,应急装备技术与工程(就读地点泰安),120,,,152459
A424,山东科技大学,,信息工程(就读地点泰安),118,,,107918
A424,山东科技大学,,工程管理(就读地点泰安),98,,,149472
A424,山东科技大学,,防灾减灾科学与工程(就读地点泰安),90,,,156325
A424,山东科技大学,,审计学(就读地点泰安),118,,,95685
A424,山东科技大学,,日语(外语语种须为英语),22,,,105520
A424,山东科技大学,,海洋技术,16,,,78258
A424,山东科技大学,,金属材料工程,33,,,84748
A424,山东科技大学,,建筑环境与能源应用工程,25,,,93274
A424,山东科技大学,,城市地下空间工程,23,,,96173
A424,山东科技大学,,水文与水资源工程,37,,,80918
A424,山东科技大学,,测绘工程,67,,,67001
A424,山东科技大学,,地质工程,39,,,79321
A424,山东科技大学,,资源勘查工程,59,,,97504
A424,山东科技大学,,智能采矿工程,4,,,86894
A424,山东科技大学,,交通运输,43,,,70193
A424,山东科技大学,,环境工程,70,,,98757
A424,山东科技大学,,安全工程,52,,,74722
A424,山东科技大学,,生物制药,33,,,77058
A424,山东科技大学,,电气工程与智能控制(就读地点泰安),125,,,100947
A424,山东科技大学,,网络工程(就读地点泰安),135,,,98914
A424,山东科技大学,,国际商务(就读地点泰安),108,,,141036
A424,山东科技大学,,金融学(中外合作办学)(就读地点济南，只提供英语教学),100,,,180108
A424,山东科技大学,,电气工程及其自动化(中外合作办学)(就读地点济南，只提供英语教学),85,,,135340
A424,山东科技大学,,通信工程(中外合作办学)(就读地点济南，只提供英语教学),80,,,166320
A424,山东科技大学,,机械电子工程(中外合作办学)(就读地点济南，只提供英语教学),70,,,186450
A424,山东科技大学,,软件工程(中外合作办学)(就读地点济南，只提供英语教学),65,,,156906
A424,山东科技大学,,自动化(中外合作办学)(就读地点济南，只提供英语教学),65,,,171830
A424,山东科技大学,,工业设计(中外合作办学)(就读地点济南，只提供英语教学),55,,,203474
A424,山东科技大学,,数据科学与大数据技术(校企合作，与青软创新科技集团股份有限公司合,200,,,82099
A425,中国石油大学(华东),,碳储科学与工程,12,,,22304
A425,中国石油大学(华东),,化工安全工程,10,,,27764
A425,中国石油大学(华东),,化学,10,,,23694
A425,中国石油大学(华东),,能源化学工程,10,,,23491
A425,中国石油大学(华东),,应用化学,16,,,25019
A425,中国石油大学(华东),,安全工程,8,,,23148
A425,中国石油大学(华东),,工业设计,9,,,22979
A425,中国石油大学(华东),,工程力学,8,,,23588
A425,中国石油大学(华东),,建筑环境与能源应用工程,6,,,25792
A425,中国石油大学(华东),,建筑学,10,,,26204
A425,中国石油大学(华东),,材料类(本研一体班),5,,,19756
A425,中国石油大学(华东),,储能科学与工程,12,,,20824
A425,中国石油大学(华东),,电气工程及其自动化,45,,,17182
A425,中国石油大学(华东),,能源与动力工程,9,,,19205
A425,中国石油大学(华东),,新能源科学与工程,6,,,18273
A425,中国石油大学(华东),,电子信息工程,22,,,16075
A425,中国石油大学(华东),,通信工程,30,,,18446
A425,中国石油大学(华东),,智能感知工程,20,,,21008
A425,中国石油大学(华东),,自动化,25,,,17500
A425,中国石油大学(华东),,光电信息科学与工程,6,,,18254
A425,中国石油大学(华东),,数据科学与大数据技术,17,,,17194
A425,中国石油大学(华东),,应用物理学,13,,,20695
A425,中国石油大学(华东),,会计学,40,,,20435
A425,中国石油大学(华东),,市场营销,12,,,29604
A425,中国石油大学(华东),,英语,24,,,25602
A425,中国石油大学(华东),,地球物理学,6,,,23946
A425,中国石油大学(华东),,地质学,7,,,27525
A425,中国石油大学(华东),,勘查技术与工程,10,,,26845
A425,中国石油大学(华东),,资源勘查工程,22,,,29602
A425,中国石油大学(华东),,船舶与海洋工程,9,,,24047
A425,中国石油大学(华东),,海洋油气工程,9,,,25148
A425,中国石油大学(华东),,石油工程,57,,,26732
A425,中国石油大学(华东),,化学工程与工艺,42,,,27070
A425,中国石油大学(华东),,环境工程,10,,,27643
A425,中国石油大学(华东),,机械类(智能装备工程),62,,,23181
A425,中国石油大学(华东),,土木工程,5,,,27775
A425,中国石油大学(华东),,油气储运工程,22,,,25782
A425,中国石油大学(华东),,材料类,64,,,28568
A425,中国石油大学(华东),,过程装备与控制工程,10,,,22683
A425,中国石油大学(华东),,环保设备工程,8,,,25850
A425,中国石油大学(华东),,测绘工程,9,,,25712
A425,中国石油大学(华东),,地理信息科学,8,,,21918
A425,中国石油大学(华东),,测控技术与仪器,6,,,20171
A425,中国石油大学(华东),,计算机科学与技术,50,,,14593
A425,中国石油大学(华东),,软件工程,70,,,17167
A425,中国石油大学(华东),,智能科学与技术,14,,,18318
A425,中国石油大学(华东),,数学类,30,,,19388
A425,中国石油大学(华东),,管理科学与工程类,30,,,26630
A425,中国石油大学(华东),,经济学,32,,,23639
A425,中国石油大学(华东),,俄语,8,,,30860
A425,中国石油大学(华东),,法学,20,,,16414
A425,中国石油大学(华东),,汉语言文学,20,,,18525
A426,青岛科技大学,,数学与应用数学,22,,,60095
A426,青岛科技大学,,应用物理学,26,,,66940
A426,青岛科技大学,,应用化学,28,,,75204
A426,青岛科技大学,,海洋科学,65,,,87448
A426,青岛科技大学,,应用统计学,50,,,69832
A426,青岛科技大学,,机械工程,42,,,64106
A426,青岛科技大学,,材料成型及控制工程,13,,,76568
A426,青岛科技大学,,工业设计,20,,,71833
A426,青岛科技大学,,过程装备与控制工程,16,,,72376
A426,青岛科技大学,,智能制造工程,60,,,63870
A426,青岛科技大学,,测控技术与仪器,17,,,65194
A426,青岛科技大学,,材料物理,12,,,79324
A426,青岛科技大学,,高分子材料与工程(橡胶工程方向),84,,,83726
A426,青岛科技大学,,高分子材料与工程(塑料工程方向),24,,,87176
A426,青岛科技大学,,高分子材料与工程(合成方向),42,,,82698
A426,青岛科技大学,,复合材料与工程,16,,,88316
A426,青岛科技大学,,功能材料,15,,,90401
A426,青岛科技大学,,新能源材料与器件,30,,,69167
A426,青岛科技大学,,能源与动力工程,34,,,65471
A426,青岛科技大学,,新能源科学与工程,38,,,62223
A426,青岛科技大学,,电气工程及其自动化,76,,,50049
A426,青岛科技大学,,智能电网信息工程,25,,,57378
A426,青岛科技大学,,通信工程,39,,,52442
A426,青岛科技大学,,微电子科学与工程,60,,,60439
A426,青岛科技大学,,信息工程,41,,,58192
A426,青岛科技大学,,集成电路设计与集成系统,10,,,54546
A426,青岛科技大学,,电子信息科学与技术,14,,,50893
A426,青岛科技大学,,人工智能,53,,,57898
A426,青岛科技大学,,自动化,74,,,53394
A426,青岛科技大学,,计算机科学与技术,36,,,41985
A426,青岛科技大学,,数据科学与大数据技术,60,,,57729
A426,青岛科技大学,,化学工程与工艺,123,,,87984
A426,青岛科技大学,,制药工程,58,,,81950
A426,青岛科技大学,,环境工程,52,,,99065
A426,青岛科技大学,,环境科学,51,,,95061
A426,青岛科技大学,,安全工程,31,,,83662
A426,青岛科技大学,,生物工程,70,,,82045
A426,青岛科技大学,,药物制剂,30,,,79201
A426,青岛科技大学,,材料化学,22,,,84282
A426,青岛科技大学,,工商管理,43,,,83288
A426,青岛科技大学,,市场营销,14,,,90077
A426,青岛科技大学,,财务管理,46,,,61166
A426,青岛科技大学,,物流管理,14,,,79179
A426,青岛科技大学,,国际经济与贸易,45,,,86419
A426,青岛科技大学,,法学,57,,,53594
A426,青岛科技大学,,社会工作,12,,,83329
A426,青岛科技大学,,广告学,36,,,88057
A426,青岛科技大学,,编辑出版学,34,,,89594
A426,青岛科技大学,,英语,76,,,82822
A426,青岛科技大学,,德语,23,,,126410
A426,青岛科技大学,,日语,24,,,112034
A426,青岛科技大学,,能源化学,60,,,105657
A426,青岛科技大学,,储能科学与工程,30,,,67784
A426,青岛科技大学,,合成生物学,60,,,165320
A426,青岛科技大学,,新能源材料与器件(中国科学院大学青岛生物能源与过程研究所菁英班),30,,,66747
A426,青岛科技大学,,化学,87,,,85647
A426,青岛科技大学,,应用化学(中外合作办学)(中德合作办学),36,,,192442
A426,青岛科技大学,,机械工程(中外合作办学)(中德合作办学),60,,,188555
A426,青岛科技大学,,自动化(中外合作办学)(中德合作办学),65,,,160167
A426,青岛科技大学,,应用化学(中外合作办学)(中美合作办学),60,,,206318
A426,青岛科技大学,,自动化(中外合作办学)(中法合作办学),100,,,177113
A426,青岛科技大学,,机械工程(中外合作办学)(中韩合作办学),120,,,205972
A426,青岛科技大学,,材料成型及控制工程(中外合作办学)(中韩合作办学),120,,,227134
A426,青岛科技大学,,复合材料与工程(中外合作办学)(中德合作办学、就读地点中德生态园区),220,,,238244
A426,青岛科技大学,,化学工程与工艺(中外合作办学)(中德合作办学、就读地点中德生态园区),130,,,229887
A426,青岛科技大学,,高分子材料与工程(中外合作办学)(中韩合作办学),90,,,215572
A426,青岛科技大学,,应用化学(地方专项计划),12,,,93142
A426,青岛科技大学,,环境工程(地方专项计划),10,,,108271
A426,青岛科技大学,,化学工程与工艺(地方专项计划),25,,,98822
A426,青岛科技大学,,制药工程(地方专项计划),10,,,85136
A426,青岛科技大学,,过程装备与控制工程(地方专项计划),10,,,82302
A426,青岛科技大学,,高分子材料与工程(塑料工程方向，地方专项计划),20,,,102666
A426,青岛科技大学,,复合材料与工程(地方专项计划),15,,,112072
A426,青岛科技大学,,材料物理(地方专项计划),15,,,112882
A426,青岛科技大学,,功能材料(地方专项计划),15,,,119273
A426,青岛科技大学,,俄语(地方专项计划),10,,,147958
A426,青岛科技大学,,金属材料工程(地方专项计划),18,,,135068
A426,青岛科技大学,,无机非金属材料工程(地方专项计划),20,,,152883
A426,青岛科技大学,,软件工程(校企合作，与青软创新科技集团合作),90,,,85730
A426,青岛科技大学,,物联网工程(校企合作，与青软创新科技集团合作),60,,,92097
A427,济南大学,,汉语言文学(师范类),83,,,52769
A427,济南大学,,数学与应用数学(师范类),73,,,70935
A427,济南大学,,金融数学,30,,,85857
A427,济南大学,,数据科学与大数据技术,34,,,58413
A427,济南大学,,物理学(师范兼非师范),41,,,80038
A427,济南大学,,光电信息科学与工程,61,,,75530
A427,济南大学,,新能源科学与工程,49,,,76181
A427,济南大学,,大数据管理与应用,60,,,74020
A427,济南大学,,信息管理与信息系统,19,,,76648
A427,济南大学,,英语(师范兼非师范),123,,,72780
A427,济南大学,,日语,15,,,117703
A427,济南大学,,法语,24,,,131063
A427,济南大学,,法学,121,,,56332
A427,济南大学,,社会工作,17,,,91428
A427,济南大学,,思想政治教育(师范类),21,,,58428
A427,济南大学,,人工智能,17,,,58443
A427,济南大学,,环境工程,23,,,100879
A427,济南大学,,地理科学(师范兼非师范),38,,,59738
A427,济南大学,,应急管理,8,,,84060
A427,济南大学,,工业设计,21,,,93173
A427,济南大学,,历史学(师范类),30,,,56183
A427,济南大学,,应用心理学(师范类),88,,,94707
A427,济南大学,,特殊教育(师范类),12,,,73888
A427,济南大学,,生物技术,44,,,89430
A427,济南大学,,药学,54,,,83650
A427,济南大学,,生物制药,42,,,91803
A427,济南大学,,标准化工程,8,,,91648
A427,济南大学,,新闻传播学类,64,,,82986
A427,济南大学,,工商管理类,156,,,81674
A427,济南大学,,经济学类,157,,,86253
A427,济南大学,,公共管理类,21,,,85770
A427,济南大学,,材料类,140,,,120442
A427,济南大学,,化学类,47,,,85838
A427,济南大学,,化工与制药类,56,,,100322
A427,济南大学,,机械类,189,,,91934
A427,济南大学,,土木类,116,,,122126
A427,济南大学,,建筑类,41,,,93889
A427,济南大学,,自动化类,202,,,69435
A427,济南大学,,计算机类,87,,,47027
A427,济南大学,,电子信息类,49,,,61024
A427,济南大学,,水利类,47,,,98594
A427,济南大学,,旅游管理类,69,,,132292
A427,济南大学,,金融学(中外合作办学),100,,,146048
A427,济南大学,,机械工程(中外合作办学),100,,,185764
A427,济南大学,,网络工程(中外合作办学),100,,,155701
A427,济南大学,,环境工程(中外合作办学),100,,,196892
A427,济南大学,,信息管理与信息系统(地方专项计划),5,,,85298
A427,济南大学,,英语(师范兼非师范，地方专项计划),5,,,64468
A427,济南大学,,公共管理类(地方专项计划),5,,,92908
A427,济南大学,,思想政治教育(师范类，地方专项计划),5,,,62037
A427,济南大学,,法学(地方专项计划),10,,,58126
A427,济南大学,,材料类(地方专项计划),30,,,139283
A427,济南大学,,化学类(地方专项计划),20,,,102295
A427,济南大学,,化工与制药类(地方专项计划),20,,,110904
A427,济南大学,,机械类(地方专项计划),10,,,87823
A427,济南大学,,土木类(地方专项计划),10,,,126330
A427,济南大学,,数学与应用数学(师范类，地方专项计划),10,,,74933
A427,济南大学,,电子信息类(地方专项计划),10,,,63901
A427,济南大学,,物理学(师范兼非师范，地方专项计划),10,,,87727
A427,济南大学,,水利类(地方专项计划),10,,,107767
A427,济南大学,,生物制药(地方专项计划),10,,,98609
A427,济南大学,,特殊教育(师范类，地方专项计划),5,,,91816
A427,济南大学,,应用心理学(师范类，地方专项计划),5,,,87392
A427,济南大学,,计算机科学与技术(校企合作，与浪潮软件股份有限公司合作),120,,,82385
A427,济南大学,,制药工程(校企合作，与鲁南制药集团股份有限公司合作),30,,,130840
A427,济南大学,,化学工程与工艺(校企合作，与山东金城医药集团股份有限公司合作),30,,,143452
A427,济南大学,,烹饪与营养教育(校企合作，与山东凯瑞商业集团有限责任公司合作),80,,,185615
A427,济南大学,,旅游管理(校企合作，与济南万富酒店管理有限公司富力凯悦酒店合作),30,,,170950
A427,济南大学,,旅游管理(校企合作，与济南隆昇全运村酒店管理有限公司喜来登酒店合,30,,,173670
A427,济南大学,,旅游管理(校企合作，与山东大厦合作),30,,,160490
A429,青岛理工大学,,会计学,62,,,61447
A429,青岛理工大学,,财务管理,39,,,64279
A429,青岛理工大学,,市场营销,42,,,114055
A429,青岛理工大学,,国际商务,31,,,102432
A429,青岛理工大学,,国际经济与贸易,59,,,98761
A429,青岛理工大学,,日语,31,,,135193
A429,青岛理工大学,,英语,95,,,98044
A429,青岛理工大学,,社会工作,42,,,110250
A429,青岛理工大学,,建筑学,67,,,91018
A429,青岛理工大学,,城乡规划,36,,,95326
A429,青岛理工大学,,风景园林,38,,,89336
A429,青岛理工大学,,测控技术与仪器,28,,,73491
A429,青岛理工大学,,环境科学,30,,,104365
A429,青岛理工大学,,计算机科学与技术,99,,,54830
A429,青岛理工大学,,软件工程,74,,,58250
A429,青岛理工大学,,电子信息工程,72,,,59768
A429,青岛理工大学,,自动化,98,,,63922
A429,青岛理工大学,,电气工程及其自动化,98,,,59833
A429,青岛理工大学,,建筑电气与智能化,38,,,80719
A429,青岛理工大学,,工程造价,46,,,109364
A429,青岛理工大学,,工业工程,26,,,88711
A429,青岛理工大学,,信息管理与信息系统,27,,,91753
A429,青岛理工大学,,应用物理学,63,,,88393
A429,青岛理工大学,,数学与应用数学,34,,,68524
A429,青岛理工大学,,经济学,37,,,72263
A429,青岛理工大学,,统计学,39,,,69901
A429,青岛理工大学,,城市地下空间工程,25,,,113540
A429,青岛理工大学,,智能建造,27,,,98114
A429,青岛理工大学,,智能制造工程,48,,,67859
A429,青岛理工大学,,机器人工程,50,,,68015
A429,青岛理工大学,,网络与新媒体,49,,,74531
A429,青岛理工大学,,网络空间安全,68,,,62358
A429,青岛理工大学,,环保设备工程,25,,,122199
A429,青岛理工大学,,土木工程,100,,,118096
A429,青岛理工大学,,材料科学与工程,74,,,105658
A429,青岛理工大学,,机械设计制造及其自动化,122,,,78374
A429,青岛理工大学,,材料成型及控制工程,63,,,100304
A429,青岛理工大学,,给排水科学与工程,51,,,100376
A429,青岛理工大学,,建筑环境与能源应用工程,39,,,102774
A429,青岛理工大学,,环境工程,64,,,109595
A429,青岛理工大学,,车辆工程,81,,,87094
A429,青岛理工大学,,安全工程,30,,,86058
A429,青岛理工大学,,交通工程,21,,,79894
A429,青岛理工大学,,工程管理,39,,,124586
A429,青岛理工大学,,房地产开发与管理,16,,,182094
A429,青岛理工大学,,工程力学,20,,,89583
A429,青岛理工大学,,给排水科学与工程(中外合作办学),62,,,219872
A429,青岛理工大学,,建筑学(中外合作办学),75,,,232691
A429,青岛理工大学,,财务管理(中外合作办学),81,,,133840
A429,青岛理工大学,,土木工程(中外合作办学),71,,,220273
A429,青岛理工大学,,土木工程(地方专项计划),25,,,151299
A429,青岛理工大学,,材料科学与工程(地方专项计划),15,,,122056
A429,青岛理工大学,,机械设计制造及其自动化(地方专项计划),15,,,86753
A429,青岛理工大学,,材料成型及控制工程(地方专项计划),15,,,124566
A429,青岛理工大学,,给排水科学与工程(地方专项计划),15,,,119470
A429,青岛理工大学,,建筑环境与能源应用工程(地方专项计划),20,,,138555
A429,青岛理工大学,,环境工程(地方专项计划),10,,,120453
A429,青岛理工大学,,车辆工程(地方专项计划),5,,,91889
A429,青岛理工大学,,安全工程(地方专项计划),10,,,106506
A429,青岛理工大学,,交通工程(地方专项计划),10,,,85156
A429,青岛理工大学,,工程管理(地方专项计划),10,,,141797
A429,青岛理工大学,,房地产开发与管理(地方专项计划),15,,,300190
A429,青岛理工大学,,工程力学(地方专项计划),15,,,113626
A429,青岛理工大学,,软件工程(校企合作，与青岛青软实训教育科技股份有限公司合作),70,,,94366
A429,青岛理工大学,,通信工程(校企合作，与青岛英谷教育科技股份有限公司合作),70,,,104381
A429,青岛理工大学,,信息与计算科学(校企合作，与青岛青软实训教育科技股份有限公司合作),70,,,116892
A430,山东建筑大学,,建筑学,50,,,66737
A430,山东建筑大学,,风景园林(景观规划设计方向),34,,,99823
A430,山东建筑大学,,城乡规划,53,,,104666
A430,山东建筑大学,,能源与动力工程,85,,,121361
A430,山东建筑大学,,环境工程,70,,,149487
A430,山东建筑大学,,风景园林(园林规划设计方向),52,,,122801
A430,山东建筑大学,,新能源科学与工程,61,,,118430
A430,山东建筑大学,,环境科学,53,,,149983
A430,山东建筑大学,,生物工程,53,,,140828
A430,山东建筑大学,,地理信息科学,47,,,111299
A430,山东建筑大学,,广告学,21,,,122685
A430,山东建筑大学,,工业工程,50,,,139092
A430,山东建筑大学,,土地资源管理,55,,,134118
A430,山东建筑大学,,工商管理,57,,,129457
A430,山东建筑大学,,会计学,117,,,96082
A430,山东建筑大学,,财务管理,25,,,100605
A430,山东建筑大学,,电子商务,58,,,140146
A430,山东建筑大学,,法学,75,,,81590
A430,山东建筑大学,,英语,64,,,122272
A430,山东建筑大学,,德语,23,,,161967
A430,山东建筑大学,,社会工作,52,,,143828
A430,山东建筑大学,,城市地下空间工程,45,,,135711
A430,山东建筑大学,,工程管理,69,,,140759
A430,山东建筑大学,,工程造价,81,,,109203
A430,山东建筑大学,,机械电子工程,95,,,123645
A430,山东建筑大学,,电气工程及其自动化,103,,,86275
A430,山东建筑大学,,建筑电气与智能化,46,,,112505
A430,山东建筑大学,,通信工程,40,,,103222
A430,山东建筑大学,,交通工程,52,,,128142
A430,山东建筑大学,,智慧交通,60,,,138471
A430,山东建筑大学,,信息管理与信息系统,43,,,120343
A430,山东建筑大学,,房地产开发与管理,23,,,169206
A430,山东建筑大学,,电子信息工程,50,,,103589
A430,山东建筑大学,,工业设计,38,,,130619
A430,山东建筑大学,,物联网工程,38,,,107034
A430,山东建筑大学,,车辆工程,47,,,126637
A430,山东建筑大学,,材料成型及控制工程,35,,,147696
A430,山东建筑大学,,焊接技术与工程,23,,,159059
A430,山东建筑大学,,无机非金属材料工程,53,,,163073
A430,山东建筑大学,,增材制造工程,33,,,155717
A430,山东建筑大学,,计算机科学与技术,87,,,97380
A430,山东建筑大学,,软件工程,104,,,105229
A430,山东建筑大学,,数据科学与大数据技术,52,,,108092
A430,山东建筑大学,,人工智能,54,,,109486
A430,山东建筑大学,,信息与计算科学,46,,,114467
A430,山东建筑大学,,应用物理学,34,,,134863
A430,山东建筑大学,,应用统计学,37,,,114899
A430,山东建筑大学,,光电信息科学与工程,36,,,111342
A430,山东建筑大学,,遥感科学与技术,48,,,130821
A430,山东建筑大学,,土木工程,195,,,131331
A430,山东建筑大学,,智能建造,71,,,137264
A430,山东建筑大学,,建筑环境与能源应用工程,69,,,146975
A430,山东建筑大学,,给排水科学与工程,73,,,140861
A430,山东建筑大学,,机械工程,125,,,132047
A430,山东建筑大学,,智能制造工程,44,,,122316
A430,山东建筑大学,,道路桥梁与渡河工程,64,,,147459
A430,山东建筑大学,,测绘工程,44,,,141803
A430,山东建筑大学,,材料科学与工程,54,,,151471
A430,山东建筑大学,,建筑学(中外合作办学),69,,,191058
A430,山东建筑大学,,土木工程(中外合作办学),78,,,232552
A430,山东建筑大学,,土木工程(地方专项计划),20,,,138595
A430,山东建筑大学,,智能建造(地方专项计划),15,,,147071
A430,山东建筑大学,,建筑环境与能源应用工程(地方专项计划),20,,,159253
A430,山东建筑大学,,给排水科学与工程(地方专项计划),20,,,163022
A430,山东建筑大学,,机械工程(地方专项计划),20,,,134606
A430,山东建筑大学,,智能制造工程(地方专项计划),15,,,130098
A430,山东建筑大学,,道路桥梁与渡河工程(地方专项计划),20,,,165328
A430,山东建筑大学,,测绘工程(地方专项计划),20,,,161335
A430,山东建筑大学,,材料科学与工程(地方专项计划),20,,,164601
A430,山东建筑大学,,英语(校企合作，与济南译软信息技术有限公司合作),50,,,164396
A430,山东建筑大学,,市场营销(校企合作，与中兴协力集团合作),70,,,175917
A430,山东建筑大学,,信息与计算科学(校企合作，与浪潮集团有限公司),60,,,144529
A430,山东建筑大学,,车辆工程(校企合作，与北京联合伟世科技公司合作),70,,,158056
A430,山东建筑大学,,材料成型及控制工程(校企合作，与莱芜钢铁集团有限公司合作),35,,,167889
A431,齐鲁工业大学,,计算机科学与技术,80,,,56740
A431,齐鲁工业大学,,网络空间安全,60,,,64291
A431,齐鲁工业大学,,软件工程,90,,,61929
A431,齐鲁工业大学,,保密技术,40,,,77746
A431,齐鲁工业大学,,保密管理,40,,,93686
A431,齐鲁工业大学,,物联网工程,22,,,65205
A431,齐鲁工业大学,,轻工类,5,,,115967
A431,齐鲁工业大学,,新媒体技术,13,,,80811
A431,齐鲁工业大学,,轻化工程,10,,,112431
A431,齐鲁工业大学,,功能材料,5,,,112737
A431,齐鲁工业大学,,机械设计制造及其自动化,76,,,90087
A431,齐鲁工业大学,,工业设计,35,,,100615
A431,齐鲁工业大学,,材料成型及控制工程,26,,,105170
A431,齐鲁工业大学,,机器人工程,20,,,72886
A431,齐鲁工业大学,,智能制造工程,20,,,78570
A431,齐鲁工业大学,,电子信息工程,67,,,71088
A431,齐鲁工业大学,,电气工程及其自动化,88,,,68573
A431,齐鲁工业大学,,通信工程,46,,,73458
A431,齐鲁工业大学,,自动化,67,,,76353
A431,齐鲁工业大学,,生物工程,41,,,105227
A431,齐鲁工业大学,,生物技术,20,,,114356
A431,齐鲁工业大学,,酿酒工程,14,,,103762
A431,齐鲁工业大学,,食品科学与工程类,28,,,112486
A431,齐鲁工业大学,,环境科学与工程类,17,,,120450
A431,齐鲁工业大学,,化学类,20,,,114755
A431,齐鲁工业大学,,化工与制药类,19,,,114502
A431,齐鲁工业大学,,药学类,35,,,109028
A431,齐鲁工业大学,,材料类,10,,,114235
A431,齐鲁工业大学,,信息与计算科学,50,,,86609
A431,齐鲁工业大学,,应用统计学,45,,,93879
A431,齐鲁工业大学,,人工智能,36,,,69482
A431,齐鲁工业大学,,数据计算及应用,20,,,83921
A431,齐鲁工业大学,,光电信息科学与工程,45,,,83474
A431,齐鲁工业大学,,微电子科学与工程,35,,,78642
A431,齐鲁工业大学,,能源与动力工程,92,,,92781
A431,齐鲁工业大学,,海洋信息工程,30,,,105596
A431,齐鲁工业大学,,海洋技术,50,,,120539
A431,齐鲁工业大学,,测控技术与仪器(海洋测控方向),17,,,107129
A431,齐鲁工业大学,,工商管理类,341,,,120408
A431,齐鲁工业大学,,金融学,166,,,120136
A431,齐鲁工业大学,,国际经济与贸易,100,,,131507
A431,齐鲁工业大学,,金融科技,65,,,124562
A431,齐鲁工业大学,,广告学,40,,,109995
A431,齐鲁工业大学,,行政管理,55,,,117995
A431,齐鲁工业大学,,法学,89,,,68670
A431,齐鲁工业大学,,翻译,60,,,148740
A431,齐鲁工业大学,,英语,87,,,111280
A431,齐鲁工业大学,,汉语国际教育,61,,,113887
A431,齐鲁工业大学,,日语,30,,,140552
A431,齐鲁工业大学,,机械设计制造及其自动化(中外合作办学)(与德国北黑森应用科技大学合,90,,,191271
A431,齐鲁工业大学,,酿酒工程(中外合作办学)(与新西兰东部理工学院合作),80,,,207457
A431,齐鲁工业大学,,应用化学(中外合作办学)(与芬兰坦佩雷应用科学大学),80,,,213408
A431,齐鲁工业大学,,生物技术(中外合作办学)(与乌克兰基辅国立工艺设计大学合作),80,,,204197
A431,齐鲁工业大学,,轻化工程(中外合作办学)(与乌克兰基辅国立工艺设计大学合作),80,,,217683
A431,齐鲁工业大学,,法学(地方专项计划),5,,,68954
A431,齐鲁工业大学,,人工智能(地方专项计划),10,,,76767
A431,齐鲁工业大学,,电气工程及其自动化(地方专项计划),5,,,70713
A431,齐鲁工业大学,,机器人工程(地方专项计划),5,,,76873
A431,齐鲁工业大学,,通信工程(地方专项计划),5,,,77165
A431,齐鲁工业大学,,新媒体技术(地方专项计划),5,,,92014
A431,齐鲁工业大学,,智能制造工程(地方专项计划),5,,,85612
A431,齐鲁工业大学,,自动化(地方专项计划),5,,,80772
A431,齐鲁工业大学,,信息与计算科学(地方专项计划),5,,,92105
A431,齐鲁工业大学,,应用统计学(地方专项计划),5,,,96830
A431,齐鲁工业大学,,能源与动力工程(地方专项计划),5,,,95878
A431,齐鲁工业大学,,机械设计制造及其自动化(地方专项计划),5,,,93548
A431,齐鲁工业大学,,材料成型及控制工程(地方专项计划),5,,,117518
A431,齐鲁工业大学,,药学类(地方专项计划),15,,,115528
A431,齐鲁工业大学,,行政管理(地方专项计划),5,,,119629
A431,齐鲁工业大学,,酿酒工程(地方专项计划),5,,,122865
A431,齐鲁工业大学,,化学类(地方专项计划),15,,,127947
A431,齐鲁工业大学,,生物技术(地方专项计划),5,,,124320
A431,齐鲁工业大学,,食品科学与工程类(地方专项计划),20,,,129404
A431,齐鲁工业大学,,国际经济与贸易(地方专项计划),10,,,132847
A431,齐鲁工业大学,,测控技术与仪器(海洋测控方向，地方专项计划),10,,,126209
A431,齐鲁工业大学,,环境科学与工程类(地方专项计划),20,,,168519
A431,齐鲁工业大学,,化工与制药类(地方专项计划),20,,,132928
A431,齐鲁工业大学,,轻化工程(地方专项计划),20,,,147061
A431,齐鲁工业大学,,功能材料(地方专项计划),15,,,145878
A431,齐鲁工业大学,,轻工类(地方专项计划),20,,,150508
A431,齐鲁工业大学,,计算机科学与技术(校企合作，与山东亿云信息技术有限公司合作),40,,,86133
A431,齐鲁工业大学,,软件工程(校企合作，与北京安博大成教育科技公司合作),40,,,94497
A431,齐鲁工业大学,,软件工程(校企合作，与山东正中信息技术有限公司合作),40,,,98517
A431,齐鲁工业大学,,新媒体技术(校企合作，与中国高科集团股份有限公司合作),80,,,136644
A431,齐鲁工业大学,,轻化工程,70,,,175152
A431,齐鲁工业大学,,机器人工程(校企合作，与沈阳中德新松教育科技集团合作),80,,,133716
A431,齐鲁工业大学,,自动化(校企合作，与沈阳中德新松教育科技集团合作),40,,,115502
A431,齐鲁工业大学,,食品科学与工程(校企合作，与江苏益客食品集团有限公司合作),40,,,155463
A431,齐鲁工业大学,,环境科学(校企合作，与北控水务投资有限公司合作),80,,,170272
A431,齐鲁工业大学,,无机非金属材料工程(校企合作，与中材高新材料股份有限公司合作),80,,,174887
A431,齐鲁工业大学,,智能科学与技术(校企合作，与中国高科集团股份有限公司合作),80,,,122734
A431,齐鲁工业大学,,信息与计算科学(校企合作，与浪潮软件股份有限公司合作),80,,,128765
A431,齐鲁工业大学,,信息管理与信息系统(校企合作，与山东智博信息科技有限公司合作),160,,,158064
A431,齐鲁工业大学,,翻译(校企合作，与文思海辉技术有限公司合作),60,,,174830
A431,齐鲁工业大学,,电子竞技运动与管理(校企合作，与中电信数智科技公司山东分公司),40,,,183129
A433,山东理工大学,,工业设计,43,,,125198
A433,山东理工大学,,自动化,112,,,82792
A433,山东理工大学,,法学(律师学),36,,,79786
A433,山东理工大学,,电子信息工程,104,,,86875
A433,山东理工大学,,智能电网信息工程,62,,,68046
A433,山东理工大学,,电气工程及其自动化,200,,,54921
A433,山东理工大学,,计算机科学与技术,127,,,66717
A433,山东理工大学,,通信工程,46,,,88918
A433,山东理工大学,,软件工程,141,,,74339
A433,山东理工大学,,数字媒体技术,72,,,96463
A433,山东理工大学,,机械电子工程(师范类),40,,,120096
A433,山东理工大学,,化学,37,,,116234
A433,山东理工大学,,化学(师范类),80,,,101860
A433,山东理工大学,,农业智能装备工程,66,,,142590
A433,山东理工大学,,地理空间信息工程,70,,,117848
A433,山东理工大学,,环境工程,79,,,149610
A433,山东理工大学,,采矿工程,17,,,151479
A433,山东理工大学,,新能源科学与工程,80,,,106731
A433,山东理工大学,,材料化学,24,,,143431
A433,山东理工大学,,生物科学(师范类),90,,,94510
A433,山东理工大学,,生物科学,86,,,112365
A433,山东理工大学,,制药工程,83,,,124604
A433,山东理工大学,,数学与应用数学,73,,,94861
A433,山东理工大学,,数学与应用数学(师范类),80,,,94598
A433,山东理工大学,,微电子科学与工程,66,,,96864
A433,山东理工大学,,统计学,54,,,104940
A433,山东理工大学,,能源化学工程,34,,,137032
A433,山东理工大学,,物理学(师范类),80,,,106927
A433,山东理工大学,,光电信息科学与工程,55,,,100022
A433,山东理工大学,,化学工程与工艺(师范类),40,,,132874
A433,山东理工大学,,国际经济与贸易,77,,,134691
A433,山东理工大学,,经济学,89,,,117790
A433,山东理工大学,,金融学,98,,,124163
A433,山东理工大学,,工商管理,103,,,126230
A433,山东理工大学,,会计学,147,,,92086
A433,山东理工大学,,工业工程,77,,,136736
A433,山东理工大学,,汉语言文学,38,,,82485
A433,山东理工大学,,汉语言文学(师范类),160,,,86465
A433,山东理工大学,,广告学,43,,,129456
A433,山东理工大学,,英语,45,,,112870
A433,山东理工大学,,英语(师范类),120,,,102671
A433,山东理工大学,,日语,20,,,144163
A433,山东理工大学,,朝鲜语,22,,,161995
A433,山东理工大学,,机械设计制造及其自动化(卓越工程师班),40,,,85198
A433,山东理工大学,,法学,27,,,69423
A433,山东理工大学,,行政管理,50,,,125802
A433,山东理工大学,,社会工作,50,,,138074
A433,山东理工大学,,机械设计制造及其自动化,95,,,102302
A433,山东理工大学,,车辆工程,80,,,105165
A433,山东理工大学,,能源与动力工程,86,,,113481
A433,山东理工大学,,纺织工程,8,,,148204
A433,山东理工大学,,数据科学与大数据技术,80,,,90465
A433,山东理工大学,,信息与计算科学,95,,,105402
A433,山东理工大学,,测控技术与仪器(新工科创新实验班),33,,,119652
A433,山东理工大学,,智能制造工程(新工科创新实验班),65,,,104248
A433,山东理工大学,,新能源汽车工程,66,,,110227
A433,山东理工大学,,人工智能,72,,,93322
A433,山东理工大学,,信息管理与信息系统(档案信息化管理方向),40,,,122429
A433,山东理工大学,,法学(国际商法),72,,,87993
A433,山东理工大学,,法学(经济法学),36,,,81799
A433,山东理工大学,,大数据管理与应用,76,,,118344
A433,山东理工大学,,电子信息工程(师范类),40,,,102227
A433,山东理工大学,,新能源汽车工程(师范类),40,,,120485
A433,山东理工大学,,农业机械化及其自动化,60,,,126348
A433,山东理工大学,,食品科学与工程,70,,,138626
A433,山东理工大学,,化学工程与工艺,65,,,141307
A433,山东理工大学,,应用化学,92,,,137545
A433,山东理工大学,,土木工程,152,,,146900
A433,山东理工大学,,工程管理,38,,,141985
A433,山东理工大学,,测绘工程,43,,,140491
A433,山东理工大学,,矿物加工工程,9,,,143000
A433,山东理工大学,,资源勘查工程,13,,,147326
A433,山东理工大学,,材料科学与工程,60,,,151138
A433,山东理工大学,,高分子材料与工程,27,,,138291
A433,山东理工大学,,生物工程,25,,,113398
A433,山东理工大学,,材料成型及控制工程,50,,,144991
A433,山东理工大学,,测控技术与仪器,23,,,117132
A433,山东理工大学,,机械电子工程,88,,,113077
A433,山东理工大学,,交通工程,35,,,128494
A433,山东理工大学,,交通运输,57,,,127450
A433,山东理工大学,,机械设计制造及其自动化(中外合作办学)(与爱尔兰利莫瑞克大学合作),100,,,178992
A433,山东理工大学,,计算机科学与技术(中外合作办学)(与爱尔兰利莫瑞克大学合作),100,,,154516
A433,山东理工大学,,农业机械化及其自动化(地方专项计划),10,,,127262
A433,山东理工大学,,食品科学与工程(地方专项计划),10,,,140731
A433,山东理工大学,,化学工程与工艺(地方专项计划),10,,,140689
A433,山东理工大学,,应用化学(地方专项计划),10,,,138598
A433,山东理工大学,,土木工程(地方专项计划),10,,,148851
A433,山东理工大学,,工程管理(地方专项计划),10,,,160404
A433,山东理工大学,,测绘工程(地方专项计划),10,,,153478
A433,山东理工大学,,矿物加工工程(地方专项计划),10,,,166000
A433,山东理工大学,,资源勘查工程(地方专项计划),10,,,164980
A433,山东理工大学,,材料科学与工程(地方专项计划),10,,,155719
A433,山东理工大学,,高分子材料与工程(地方专项计划),10,,,151463
A433,山东理工大学,,生物工程(地方专项计划),10,,,126884
A433,山东理工大学,,材料成型及控制工程(地方专项计划),10,,,144860
A433,山东理工大学,,测控技术与仪器(地方专项计划),10,,,132459
A433,山东理工大学,,机械电子工程(地方专项计划),10,,,110213
A433,山东理工大学,,交通工程(地方专项计划),10,,,133420
A433,山东理工大学,,交通运输(地方专项计划),10,,,132216
A433,山东理工大学,,信息管理与信息系统(校企合作，与山东智博信息科技有限公司合作),40,,,144964
A433,山东理工大学,,金融学(校企合作，与山东人才发展集团有限公司合作),40,,,142024
A434,山东农业大学,,农学(新农科实验班),142,,,91075
A434,山东农业大学,,植物科学与技术,40,,,108903
A434,山东农业大学,,中药资源与开发,9,,,118988
A434,山东农业大学,,植物生产类(B),100,,,115636
A434,山东农业大学,,森林保护,10,,,119014
A434,山东农业大学,,制药工程,35,,,117499
A434,山东农业大学,,烟草,60,,,109207
A434,山东农业大学,,土地资源管理,53,,,113847
A434,山东农业大学,,地理信息科学,74,,,97495
A434,山东农业大学,,土地整治工程,7,,,125954
A434,山东农业大学,,环境科学与工程类,25,,,126223
A434,山东农业大学,,农业资源与环境,40,,,120392
A434,山东农业大学,,林学(新农科实验班),48,,,121013
A434,山东农业大学,,园林,35,,,126341
A434,山东农业大学,,生态学,5,,,122542
A434,山东农业大学,,风景园林,90,,,129362
A434,山东农业大学,,植物生产类(C),83,,,121378
A434,山东农业大学,,动物医学类,165,,,105810
A434,山东农业大学,,动物科学,42,,,113925
A434,山东农业大学,,电气工程及其自动化,110,,,98010
A434,山东农业大学,,自动化,60,,,103928
A434,山东农业大学,,机械类,42,,,115134
A434,山东农业大学,,农业机械化及其自动化,12,,,109530
A434,山东农业大学,,会计学,200,,,97152
A434,山东农业大学,,财务管理,170,,,104461
A434,山东农业大学,,工商管理,50,,,115339
A434,山东农业大学,,金融学,145,,,122456
A434,山东农业大学,,国际经济与贸易,60,,,127581
A434,山东农业大学,,数字经济,140,,,122647
A434,山东农业大学,,农林经济管理,72,,,109818
A434,山东农业大学,,食品科学与工程,55,,,120303
A434,山东农业大学,,食品质量与安全,25,,,122768
A434,山东农业大学,,生物科学类,159,,,120777
A434,山东农业大学,,生物工程,28,,,121723
A434,山东农业大学,,英语,118,,,119655
A434,山东农业大学,,日语,50,,,151016
A434,山东农业大学,,俄语,32,,,142185
A434,山东农业大学,,商务英语,85,,,146420
A434,山东农业大学,,公共管理类,135,,,128816
A434,山东农业大学,,文化产业管理,45,,,125657
A434,山东农业大学,,法学,125,,,70203
A434,山东农业大学,,水利类,40,,,114863
A434,山东农业大学,,土木类,15,,,127998
A434,山东农业大学,,建筑学,45,,,125977
A434,山东农业大学,,数学类,70,,,116566
A434,山东农业大学,,计算机科学与技术,160,,,96262
A434,山东农业大学,,数据科学与大数据技术,70,,,102809
A434,山东农业大学,,物联网工程,50,,,103609
A434,山东农业大学,,测绘类,15,,,120470
A434,山东农业大学,,电子信息科学与技术,44,,,102665
A434,山东农业大学,,人工智能,75,,,109168
A434,山东农业大学,,通信工程,55,,,97431
A434,山东农业大学,,材料化学,15,,,127304
A434,山东农业大学,,制药工程(医药方向),42,,,115199
A434,山东农业大学,,应用化学,32,,,125406
A434,山东农业大学,,会计学(中外合作办学)(与德国埃森经济管理应用技术大学合作),140,,,171265
A434,山东农业大学,,工商管理(中外合作办学)(与德国埃森经济管理应用技术大学合作),50,,,187086
A434,山东农业大学,,国际经济与贸易(中外合作办学)(与德国埃森经济管理应用技术大学合作),60,,,186399
A434,山东农业大学,,土地资源管理(中外合作办学)(与英国皇家农业大学合作),145,,,195585
A434,山东农业大学,,动物科学(中外合作办学)(与美国杜鲁门州立大学合作),80,,,194495
A434,山东农业大学,,食品质量与安全(中外合作办学)(与英国皇家农业大学合作),150,,,189485
A434,山东农业大学,,植物生产类(B，地方专项计划),10,,,123523
A434,山东农业大学,,植物生产类(C，地方专项计划),20,,,133543
A434,山东农业大学,,农业资源与环境(地方专项计划),10,,,133023
A434,山东农业大学,,木材科学与工程(地方专项计划),10,,,150390
A434,山东农业大学,,动物科学(地方专项计划),20,,,135139
A434,山东农业大学,,环境科学与工程类(地方专项计划),20,,,146822
A434,山东农业大学,,食品科学与工程(地方专项计划),10,,,128735
A434,山东农业大学,,食品质量与安全(地方专项计划),10,,,132663
A434,山东农业大学,,机械类(地方专项计划),20,,,124778
A434,山东农业大学,,测绘类(地方专项计划),10,,,136426
A434,山东农业大学,,水利类(地方专项计划),20,,,134654
A434,山东农业大学,,土木类(地方专项计划),10,,,150303
A434,山东农业大学,,公共管理类(地方专项计划),10,,,125634
A434,山东农业大学,,俄语(地方专项计划),10,,,161515
A434,山东农业大学,,园林(地方专项计划),10,,,139354
A435,青岛农业大学,,农学(含创新实验班),130,,,145660
A435,青岛农业大学,,园艺(含创新实验班),60,,,159235
A435,青岛农业大学,,园林(含创新实验班),82,,,153867
A435,青岛农业大学,,烟草(含创新实验班),70,,,129784
A435,青岛农业大学,,草业科学(含创新实验班),23,,,164318
A435,青岛农业大学,,生物科学(创新实验班),186,,,151806
A435,青岛农业大学,,植物保护(含创新实验班),118,,,159004
A435,青岛农业大学,,动物医学(含创新实验班),260,,,138673
A435,青岛农业大学,,动物科学(含创新实验班),204,,,161838
A435,青岛农业大学,,食品质量与安全(含创新实验班),104,,,148137
A435,青岛农业大学,,食品科学与工程(含创新实验班),74,,,140154
A435,青岛农业大学,,农业资源与环境(含创新实验班),116,,,165063
A435,青岛农业大学,,农林经济管理(含创新实验班),103,,,148769
A435,青岛农业大学,,材料化学,70,,,159067
A435,青岛农业大学,,功能材料,66,,,163067
A435,青岛农业大学,,工程造价,70,,,147223
A435,青岛农业大学,,土木工程,190,,,167589
A435,青岛农业大学,,电子信息工程,35,,,109095
A435,青岛农业大学,,计算机科学与技术,33,,,96476
A435,青岛农业大学,,测控技术与仪器,60,,,139339
A435,青岛农业大学,,电气工程及其自动化,91,,,108108
A435,青岛农业大学,,建筑环境与能源应用工程,70,,,162592
A435,青岛农业大学,,数据科学与大数据技术,35,,,107098
A435,青岛农业大学,,应用化学,100,,,151284
A435,青岛农业大学,,英语,81,,,123717
A435,青岛农业大学,,日语,52,,,157479
A435,青岛农业大学,,会计学,96,,,100246
A435,青岛农业大学,,朝鲜语,52,,,175333
A435,青岛农业大学,,传播学,60,,,129540
A435,青岛农业大学,,财务管理,95,,,106964
A435,青岛农业大学,,电子商务,86,,,145138
A435,青岛农业大学,,物流管理,100,,,150585
A435,青岛农业大学,,知识产权,52,,,106492
A435,青岛农业大学,,社会工作,60,,,146553
A435,青岛农业大学,,汉语言文学,119,,,92504
A435,青岛农业大学,,经济与金融,105,,,133602
A435,青岛农业大学,,公共事业管理,94,,,145651
A435,青岛农业大学,,茶学,20,,,161310
A435,青岛农业大学,,林学,48,,,155995
A435,青岛农业大学,,药学,70,,,129608
A435,青岛农业大学,,建筑学,70,,,138666
A435,青岛农业大学,,制药工程,76,,,145258
A435,青岛农业大学,,智慧农业,60,,,149519
A435,青岛农业大学,,动物药学,35,,,148635
A435,青岛农业大学,,粮食工程,28,,,156965
A435,青岛农业大学,,马业科学,1,,,138271
A435,青岛农业大学,,风景园林,94,,,150378
A435,青岛农业大学,,环境科学,55,,,161165
A435,青岛农业大学,,环境工程,60,,,161754
A435,青岛农业大学,,环境生态工程,50,,,164315
A435,青岛农业大学,,海洋资源与环境,70,,,152290
A435,青岛农业大学,,化学工程与工艺,67,,,154258
A435,青岛农业大学,,水产养殖学,39,,,163780
A435,青岛农业大学,,水生动物医学,5,,,153647
A435,青岛农业大学,,水族科学与技术,1,,,158448
A435,青岛农业大学,,草坪科学与工程,35,,,167773
A435,青岛农业大学,,设施农业科学与工程,46,,,162776
A435,青岛农业大学,,智能科学与技术,35,,,116446
A435,青岛农业大学,,农业智能装备工程,60,,,160664
A435,青岛农业大学,,土地科学与技术,70,,,169196
A435,青岛农业大学,,机械设计制造及其自动化,46,,,122854
A435,青岛农业大学,,农业机械化及其自动化(含创新实验班),77,,,143780
A435,青岛农业大学,,农学(中外合作办学),60,,,225124
A435,青岛农业大学,,农业资源与环境(中外合作办学),60,,,237426
A435,青岛农业大学,,食品科学与工程(中外合作办学),90,,,234945
A435,青岛农业大学,,物流管理(中外合作办学),90,,,224176
A435,青岛农业大学,,农学(地方专项计划),10,,,152842
A435,青岛农业大学,,林学(地方专项计划),10,,,164961
A435,青岛农业大学,,园艺(地方专项计划),10,,,165739
A435,青岛农业大学,,茶学(地方专项计划),10,,,167884
A435,青岛农业大学,,植物保护(地方专项计划),10,,,160975
A435,青岛农业大学,,动物科学(地方专项计划),10,,,162150
A435,青岛农业大学,,草业科学(地方专项计划),10,,,172630
A435,青岛农业大学,,马业科学(地方专项计划),10,,,176795
A435,青岛农业大学,,智慧农业(地方专项计划),10,,,151422
A435,青岛农业大学,,粮食工程(地方专项计划),10,,,165580
A435,青岛农业大学,,水产养殖学(地方专项计划),10,,,169557
A435,青岛农业大学,,水生动物医学(地方专项计划),10,,,169490
A435,青岛农业大学,,水族科学与技术(地方专项计划),10,,,174475
A435,青岛农业大学,,食品质量与安全(地方专项计划),10,,,150061
A435,青岛农业大学,,农业资源与环境(地方专项计划),10,,,167058
A435,青岛农业大学,,草坪科学与工程(地方专项计划),10,,,175144
A435,青岛农业大学,,设施农业科学与工程(地方专项计划),10,,,165477
A435,青岛农业大学,,农业机械化及其自动化(地方专项计划),10,,,137449
A435,青岛农业大学,,英语(校企合作，与青岛英谷教育科技股份有限公司合作),90,,,164346
A435,青岛农业大学,,经济与金融(校企合作，与青岛英谷教育科技股份有限公司合作),70,,,153227
A435,青岛农业大学,,电子信息工程(校企合作，与青岛英谷教育科技股份有限公司合作),200,,,153418
A435,青岛农业大学,,计算机科学与技术(校企合作，与青岛英谷教育科技股份有限公司合作),200,,,147941
A435,青岛农业大学,,计算机科学与技术(校企合作，与青岛英谷教育科技股份有限公司合作),240,,,155669
A435,青岛农业大学,,风景园林(校企合作，与山东骏文信息科技有限公司合作),80,,,171945
A438,潍坊医学院,,临床医学,479,,,57003
A438,潍坊医学院,,麻醉学,120,,,64223
A438,潍坊医学院,,口腔医学,73,,,43276
A438,潍坊医学院,,预防医学,143,,,121380
A438,潍坊医学院,,医学影像学,62,,,61750
A438,潍坊医学院,,眼视光医学,49,,,69440
A438,潍坊医学院,,中医学,50,,,86593
A438,潍坊医学院,,医学检验技术,157,,,116530
A438,潍坊医学院,,药学,161,,,144885
A438,潍坊医学院,,临床药学,60,,,118709
A438,潍坊医学院,,中药学,50,,,147763
A438,潍坊医学院,,生物技术,40,,,166406
A438,潍坊医学院,,生物医学工程,47,,,162101
A438,潍坊医学院,,生物制药,117,,,160646
A438,潍坊医学院,,康复治疗学,29,,,129382
A438,潍坊医学院,,康复作业治疗,34,,,160812
A438,潍坊医学院,,康复物理治疗,32,,,158979
A438,潍坊医学院,,医学影像技术,29,,,102236
A438,潍坊医学院,,食品质量与安全,44,,,165535
A438,潍坊医学院,,卫生检验与检疫,68,,,135039
A438,潍坊医学院,,智能医学工程,30,,,150823
A438,潍坊医学院,,眼视光学,55,,,110001
A438,潍坊医学院,,护理学,179,,,142044
A438,潍坊医学院,,应用心理学,89,,,166533
A438,潍坊医学院,,公共事业管理,54,,,173223
A438,潍坊医学院,,劳动与社会保障,18,,,175914
A438,潍坊医学院,,市场营销,8,,,178314
A438,潍坊医学院,,运动康复,40,,,161861
A438,潍坊医学院,,法学,29,,,118900
A438,潍坊医学院,,英语,54,,,171010
A438,潍坊医学院,,大数据管理与应用,14,,,164565
A438,潍坊医学院,,应急管理,14,,,177994
A439,山东第一医科大学,,临床医学,542,,,37569
A439,山东第一医科大学,,麻醉学,60,,,41892
A439,山东第一医科大学,,医学实验技术,74,,,112073
A439,山东第一医科大学,,眼视光医学,55,,,43733
A439,山东第一医科大学,,眼视光学,55,,,76125
A439,山东第一医科大学,,放射医学,55,,,53824
A439,山东第一医科大学,,口腔医学,129,,,39351
A439,山东第一医科大学,,口腔医学技术,25,,,67444
A439,山东第一医科大学,,预防医学,114,,,71867
A439,山东第一医科大学,,医学检验技术,129,,,74672
A439,山东第一医科大学,,生物医学科学,70,,,117168
A439,山东第一医科大学,,生物技术,113,,,131409
A439,山东第一医科大学,,医学实验技术(招收医学实验动物方向),50,,,125497
A439,山东第一医科大学,,医学影像学,180,,,49189
A439,山东第一医科大学,,医学影像技术,182,,,95243
A439,山东第一医科大学,,生物医学工程,40,,,136251
A439,山东第一医科大学,,康复治疗学,160,,,126323
A439,山东第一医科大学,,运动康复,60,,,138985
A439,山东第一医科大学,,智能医学工程,60,,,124079
A439,山东第一医科大学,,医学信息工程,36,,,127855
A439,山东第一医科大学,,精神医学,49,,,60339
A439,山东第一医科大学,,药学,428,,,97267
A439,山东第一医科大学,,临床药学,130,,,88285
A439,山东第一医科大学,,中药学,45,,,102255
A439,山东第一医科大学,,卫生检验与检疫,52,,,101029
A439,山东第一医科大学,,医疗保险,80,,,142141
A439,山东第一医科大学,,护理学,285,,,130978
A439,山东第一医科大学,,生物制药,40,,,129821
A439,山东第一医科大学,,计算机科学与技术,110,,,122342
A439,山东第一医科大学,,制药工程,60,,,133765
A439,山东第一医科大学,,英语,85,,,151815
A439,山东第一医科大学,,公共事业管理,15,,,142808
A439,山东第一医科大学,,护理学(中外合作办学),70,,,176845
A439,山东第一医科大学,,护理学(地方专项计划),15,,,123959
A439,山东第一医科大学,,生物制药(地方专项计划),65,,,154234
A439,山东第一医科大学,,计算机科学与技术(地方专项计划),10,,,117725
A439,山东第一医科大学,,制药工程(地方专项计划),45,,,151116
A439,山东第一医科大学,,英语(地方专项计划),50,,,174340
A439,山东第一医科大学,,公共事业管理(地方专项计划),75,,,173098
A439,山东第一医科大学,,护理学(校企合作，与北京圣辅国际教育科技合作),30,,,141342
A440,滨州医学院,,特殊教育,16,,,163103
A440,滨州医学院,,公共事业管理,131,,,193896
A440,滨州医学院,,康复作业治疗,20,,,158586
A440,滨州医学院,,智能医学工程,30,,,171750
A440,滨州医学院,,临床医学,511,,,68382
A440,滨州医学院,,麻醉学,73,,,70981
A440,滨州医学院,,医学影像学,86,,,72641
A440,滨州医学院,,儿科学,30,,,84546
A440,滨州医学院,,口腔医学,76,,,40095
A440,滨州医学院,,预防医学,49,,,104141
A440,滨州医学院,,生物技术,14,,,163589
A440,滨州医学院,,统计学,22,,,146983
A440,滨州医学院,,药学,100,,,137767
A440,滨州医学院,,中药学,32,,,149351
A440,滨州医学院,,医学检验技术,21,,,101664
A440,滨州医学院,,医学影像技术,21,,,109270
A440,滨州医学院,,康复治疗学,15,,,132438
A440,滨州医学院,,口腔医学技术,19,,,107163
A440,滨州医学院,,听力与言语康复学,17,,,162683
A440,滨州医学院,,护理学,141,,,148378
A440,滨州医学院,,信息管理与信息系统,102,,,193720
A440,滨州医学院,,假肢矫形工程,4,,,166173
A440,滨州医学院,,生物制药,42,,,155960
A440,滨州医学院,,康复物理治疗,20,,,159362
A440,滨州医学院,,健康服务与管理,27,,,177764
A440,滨州医学院,,中医学,117,,,98402
A440,滨州医学院,,应用心理学,23,,,165879
A440,滨州医学院,,康复治疗学(中外合作办学),80,,,207218
A441,山东中医药大学,,中医学(5+3一体化),120,,,30382
A441,山东中医药大学,,中医学,162,,,50241
A441,山东中医药大学,,中医骨伤科学,23,,,59331
A441,山东中医药大学,,中西医临床医学,114,,,76362
A441,山东中医药大学,,食品卫生与营养学,60,,,145902
A441,山东中医药大学,,中药学,106,,,112467
A441,山东中医药大学,,中药资源与开发,26,,,137172
A441,山东中医药大学,,中草药栽培与鉴定,28,,,145023
A441,山东中医药大学,,药学,84,,,111059
A441,山东中医药大学,,药物制剂,50,,,121669
A441,山东中医药大学,,制药工程,128,,,138946
A441,山东中医药大学,,市场营销,50,,,161867
A441,山东中医药大学,,针灸推拿学,223,,,79940
A441,山东中医药大学,,康复治疗学,50,,,120511
A441,山东中医药大学,,护理学,266,,,133373
A441,山东中医药大学,,信息管理与信息系统,31,,,143917
A441,山东中医药大学,,应用心理学,83,,,133433
A441,山东中医药大学,,法学,49,,,99539
A441,山东中医药大学,,公共事业管理,33,,,146416
A441,山东中医药大学,,英语,110,,,142247
A441,山东中医药大学,,生物医学工程,100,,,141067
A441,山东中医药大学,,运动康复,50,,,144315
A441,山东中医药大学,,眼视光学,80,,,105763
A441,山东中医药大学,,眼视光医学,71,,,66783
A441,山东中医药大学,,临床医学,95,,,65204
A441,山东中医药大学,,听力与言语康复学,40,,,147149
A441,山东中医药大学,,健康服务与管理,39,,,149403
A441,山东中医药大学,,中医康复学,55,,,89376
A441,山东中医药大学,,中医养生学,83,,,107412
A441,山东中医药大学,,劳动与社会保障,37,,,152179
A441,山东中医药大学,,康复物理治疗,40,,,146380
A441,山东中医药大学,,智能医学工程,55,,,140850
A441,山东中医药大学,,中医学(5+3一体化，针推方向),30,,,33501
A441,山东中医药大学,,中医学(5+3一体化，儿科方向),30,,,37101
A441,山东中医药大学,,康复作业治疗,34,,,146296
A441,山东中医药大学,,中医学(地方专项计划),10,,,55526
A441,山东中医药大学,,中西医临床医学(地方专项计划),10,,,79916
A441,山东中医药大学,,中药学(地方专项计划),10,,,116852
A441,山东中医药大学,,康复治疗学(地方专项计划),10,,,128017
A441,山东中医药大学,,针灸推拿学(地方专项计划),10,,,85357
A441,山东中医药大学,,护理学(地方专项计划),15,,,136753
A441,山东中医药大学,,眼视光医学(地方专项计划),5,,,69525
A441,山东中医药大学,,制药工程(地方专项计划),10,,,130798
A441,山东中医药大学,,应用心理学(地方专项计划),5,,,137817
A441,山东中医药大学,,临床医学(地方专项计划),5,,,65446
A441,山东中医药大学,,药学(地方专项计划),5,,,112905
A441,山东中医药大学,,生物医学工程(地方专项计划),10,,,135959
A441,山东中医药大学,,中药资源与开发(地方专项计划),10,,,156117
A441,山东中医药大学,,中草药栽培与鉴定(地方专项计划),10,,,159351
A441,山东中医药大学,,信息管理与信息系统(地方专项计划),10,,,149546
A441,山东中医药大学,,市场营销(地方专项计划),5,,,162125
A441,山东中医药大学,,公共事业管理(地方专项计划),5,,,144260
A441,山东中医药大学,,劳动与社会保障(地方专项计划),5,,,155308
A441,山东中医药大学,,运动康复(地方专项计划),5,,,141671
A441,山东中医药大学,,中医养生学(地方专项计划),10,,,116564
A441,山东中医药大学,,健康服务与管理(地方专项计划),5,,,158398
A441,山东中医药大学,,计算机科学与技术(校企合作，与山东浪潮优派科技教育有限公司合作),110,,,159367
A441,山东中医药大学,,数据科学与大数据技术(校企合作，与山东浪潮优派科技教育有限公司合,110,,,165231
A443,济宁医学院,,临床医学,473,,,87133
A443,济宁医学院,,医学影像学,72,,,80963
A443,济宁医学院,,精神医学,90,,,108758
A443,济宁医学院,,儿科学,40,,,92433
A443,济宁医学院,,口腔医学,60,,,52455
A443,济宁医学院,,预防医学,93,,,126981
A443,济宁医学院,,针灸推拿学,40,,,106572
A443,济宁医学院,,中西医临床医学,90,,,106736
A443,济宁医学院,,法医学,25,,,108996
A443,济宁医学院,,应用心理学,29,,,170910
A443,济宁医学院,,制药工程,40,,,167191
A443,济宁医学院,,生物制药,41,,,167521
A443,济宁医学院,,医学检验技术,103,,,126196
A443,济宁医学院,,康复治疗学,122,,,151779
A443,济宁医学院,,康复工程,40,,,177592
A443,济宁医学院,,卫生检验与检疫,26,,,137359
A443,济宁医学院,,护理学,172,,,153639
A443,济宁医学院,,助产学,28,,,161408
A443,济宁医学院,,临床药学,40,,,127206
A443,济宁医学院,,英语,58,,,178394
A443,济宁医学院,,生物技术,35,,,176435
A443,济宁医学院,,医学信息工程,44,,,175141
A443,济宁医学院,,计算机科学与技术,46,,,164657
A443,济宁医学院,,生物医学工程,44,,,174283
A443,济宁医学院,,生物工程,43,,,179369
A443,济宁医学院,,生物信息学,40,,,180134
A443,济宁医学院,,药学,112,,,154996
A443,济宁医学院,,药物制剂,71,,,170838
A443,济宁医学院,,中药学,23,,,150144
A443,济宁医学院,,信息管理与信息系统,43,,,188337
A443,济宁医学院,,市场营销,42,,,201100
A443,济宁医学院,,公共事业管理,47,,,192120
A443,济宁医学院,,英语(校企合作，与青岛英谷教育科技股份有限公司合作),60,,,204309
A443,济宁医学院,,计算机科学与技术(校企合作，与淄博开创云计算有限公司合作),60,,,203448
A443,济宁医学院,,计算机科学与技术(校企合作，与青岛英谷教育科技股份有限公司),60,,,200726
A443,济宁医学院,,护理学(校企合作，与水发民生产业投资集团有限公司),50,,,163769
A443,济宁医学院,,市场营销(校企合作，与山东开创集团股份有限公司合作),40,,,211607
A443,济宁医学院,,公共事业管理(校企合作，与达内时代科技集团有限公司合作),60,,,206358
A445,山东师范大学,,思想政治教育(师范类),106,,,34814
A445,山东师范大学,,中国共产党历史,5,,,34529
A445,山东师范大学,,金融学类,50,,,53725
A445,山东师范大学,,法学,110,,,35201
A445,山东师范大学,,教育学(师范类),38,,,41108
A445,山东师范大学,,教育技术学(师范类),10,,,47412
A445,山东师范大学,,小学教育(师范类),33,,,44478
A445,山东师范大学,,中国语言文学类,212,,,32796
A445,山东师范大学,,汉语国际教育(师范类),60,,,48909
A445,山东师范大学,,外国语言文学类,257,,,89461
A445,山东师范大学,,新闻传播学类,60,,,52895
A445,山东师范大学,,历史学(师范类),124,,,41509
A445,山东师范大学,,数学与应用数学(师范类),152,,,36421
A445,山东师范大学,,统计学,13,,,37309
A445,山东师范大学,,数据科学与大数据技术,17,,,38903
A445,山东师范大学,,物理学(师范类),126,,,42990
A445,山东师范大学,,电子信息类,25,,,39995
A445,山东师范大学,,化学(师范类),186,,,47867
A445,山东师范大学,,化学工程与工艺,10,,,45356
A445,山东师范大学,,食品科学与工程,5,,,45461
A445,山东师范大学,,生物科学类,137,,,50556
A445,山东师范大学,,地理科学类,112,,,48173
A445,山东师范大学,,心理学类,35,,,52259
A445,山东师范大学,,通信工程,15,,,38695
A445,山东师范大学,,人工智能,10,,,39929
A445,山东师范大学,,计算机类,133,,,39178
A445,山东师范大学,,信息管理与信息系统,6,,,38495
A445,山东师范大学,,工商管理类,25,,,45269
A445,山东师范大学,,哲学,17,,,44842
A445,山东师范大学,,公共管理类,25,,,54049
A445,山东师范大学,,物流管理(中外合作办学),65,,,135301
A445,山东师范大学,,财务管理(中外合作办学),105,,,92386
A445,山东师范大学,,思想政治教育(师范类，地方专项计划),5,,,38481
A445,山东师范大学,,法学(地方专项计划),5,,,36932
A445,山东师范大学,,汉语国际教育(师范类，地方专项计划),5,,,50022
A445,山东师范大学,,历史学(师范类，地方专项计划),5,,,43512
A445,山东师范大学,,数学与应用数学(师范类，地方专项计划),5,,,37524
A445,山东师范大学,,物理学(师范类，地方专项计划),5,,,45217
A445,山东师范大学,,化学(师范类，地方专项计划),5,,,39931
A445,山东师范大学,,通信工程(地方专项计划),10,,,46753
A445,山东师范大学,,教育技术学(师范类，地方专项计划),5,,,52797
A445,山东师范大学,,化学工程与工艺(地方专项计划),5,,,61643
A445,山东师范大学,,中国共产党历史(地方专项计划),5,,,46288
A445,山东师范大学,,学前教育(师范类，地方专项计划),5,,,62238
A445,山东师范大学,,统计学(地方专项计划),5,,,48748
A445,山东师范大学,,食品科学与工程(地方专项计划),5,,,57371
A445,山东师范大学,,数据科学与大数据技术(地方专项计划),5,,,44605
A445,山东师范大学,,环境科学(地方专项计划),5,,,58135
A445,山东师范大学,,信息管理与信息系统(地方专项计划),5,,,49914
A445,山东师范大学,,哲学(地方专项计划),5,,,65263
A445,山东师范大学,,人工智能(地方专项计划),5,,,45304
A445,山东师范大学,,金融学类(地方专项计划),15,,,66250
A445,山东师范大学,,中国语言文学类(地方专项计划),5,,,32917
A445,山东师范大学,,新闻传播学类(地方专项计划),5,,,54077
A445,山东师范大学,,电子信息类(地方专项计划),10,,,46450
A445,山东师范大学,,生物科学类(地方专项计划),10,,,53234
A445,山东师范大学,,地理科学类(地方专项计划),15,,,56792
A445,山东师范大学,,心理学类(地方专项计划),10,,,75232
A445,山东师范大学,,计算机类(地方专项计划),10,,,42626
A445,山东师范大学,,工商管理类(地方专项计划),10,,,60074
A445,山东师范大学,,公共管理类(地方专项计划),10,,,70793
A446,曲阜师范大学,,教育技术学(师范类),76,,,97865
A446,曲阜师范大学,,新闻学,84,,,97868
A446,曲阜师范大学,,旅游管理,28,,,125781
A446,曲阜师范大学,,土地资源管理,31,,,106838
A446,曲阜师范大学,,地理科学(师范类),177,,,72218
A446,曲阜师范大学,,法学,85,,,57636
A446,曲阜师范大学,,日语(师范类),78,,,121632
A446,曲阜师范大学,,翻译,75,,,189385
A446,曲阜师范大学,,商务英语,79,,,152791
A446,曲阜师范大学,,电气工程及其自动化,33,,,78942
A446,曲阜师范大学,,自动化,66,,,93363
A446,曲阜师范大学,,物流管理,26,,,112081
A446,曲阜师范大学,,工商管理,70,,,109678
A446,曲阜师范大学,,财务管理,97,,,84481
A446,曲阜师范大学,,化学(师范类),257,,,81175
A446,曲阜师范大学,,材料化学,23,,,108575
A446,曲阜师范大学,,心理学(师范类),96,,,86695
A446,曲阜师范大学,,教育学(师范类),75,,,72673
A446,曲阜师范大学,,金融工程,60,,,118941
A446,曲阜师范大学,,经济学,110,,,93180
A446,曲阜师范大学,,历史学(师范类),246,,,66356
A446,曲阜师范大学,,文化产业管理,26,,,103322
A446,曲阜师范大学,,思想政治教育(师范类),144,,,57517
A446,曲阜师范大学,,生物工程,29,,,88798
A446,曲阜师范大学,,生物科学(师范类),206,,,73662
A446,曲阜师范大学,,数学与应用数学(师范类),250,,,64460
A446,曲阜师范大学,,统计学,98,,,89188
A446,曲阜师范大学,,应用统计学,33,,,90692
A446,曲阜师范大学,,英语(师范类),126,,,59414
A446,曲阜师范大学,,法语,28,,,151677
A446,曲阜师范大学,,俄语,27,,,119704
A446,曲阜师范大学,,汉语言文学(师范类),198,,,47539
A446,曲阜师范大学,,物理学(师范类),210,,,79896
A446,曲阜师范大学,,电子信息工程,29,,,80514
A446,曲阜师范大学,,通信工程,22,,,84294
A446,曲阜师范大学,,光电信息科学与工程,24,,,92264
A446,曲阜师范大学,,计算机科学与技术(师范类),89,,,78720
A446,曲阜师范大学,,网络工程,29,,,90850
A446,曲阜师范大学,,哲学,48,,,93394
A446,曲阜师范大学,,信息与计算科学,22,,,82609
A446,曲阜师范大学,,政治学与行政学,65,,,80198
A446,曲阜师范大学,,文物与博物馆学,30,,,89686
A446,曲阜师范大学,,物联网工程,14,,,85585
A446,曲阜师范大学,,汉语国际教育(师范类),47,,,67672
A446,曲阜师范大学,,数据科学与大数据技术,54,,,80983
A446,曲阜师范大学,,学前教育(师范类),60,,,96369
A446,曲阜师范大学,,新能源材料与器件,8,,,95237
A446,曲阜师范大学,,人工智能,48,,,92006
A446,曲阜师范大学,,广播电视学,48,,,111894
A446,曲阜师范大学,,制药工程,26,,,101922
A446,曲阜师范大学,,小学教育(师范类),56,,,72815
A446,曲阜师范大学,,生态学,31,,,114929
A446,曲阜师范大学,,国际经济与贸易,58,,,115975
A446,曲阜师范大学,,网络空间安全,41,,,89012
A446,曲阜师范大学,,化学工程与工艺,32,,,108821
A446,曲阜师范大学,,汉语言文学(师范类，地方专项计划),10,,,49289
A446,曲阜师范大学,,教育学(师范类，地方专项计划),10,,,76879
A446,曲阜师范大学,,历史学(师范类，地方专项计划),10,,,64851
A446,曲阜师范大学,,教育技术学(师范类，地方专项计划),10,,,100959
A446,曲阜师范大学,,计算机科学与技术(师范类，地方专项计划),10,,,82207
A446,曲阜师范大学,,新能源材料与器件(地方专项计划),10,,,113041
A446,曲阜师范大学,,生物工程(地方专项计划),10,,,101128
A446,曲阜师范大学,,信息与计算科学(地方专项计划),10,,,93293
A446,曲阜师范大学,,制药工程(地方专项计划),10,,,107935
A446,曲阜师范大学,,通信工程(地方专项计划),10,,,90940
A446,曲阜师范大学,,旅游管理(地方专项计划),10,,,143059
A446,曲阜师范大学,,土地资源管理(地方专项计划),10,,,118440
A446,曲阜师范大学,,电气工程及其自动化(地方专项计划),10,,,86945
A446,曲阜师范大学,,物流管理(地方专项计划),10,,,125884
A446,曲阜师范大学,,物联网工程(地方专项计划),10,,,95076
A446,曲阜师范大学,,网络工程(地方专项计划),10,,,95077
A446,曲阜师范大学,,政治学与行政学(地方专项计划),10,,,87618
A446,曲阜师范大学,,心理学(师范类，地方专项计划),10,,,93978
A446,曲阜师范大学,,自动化(校企合作，与歌尔股份有限公司合作),100,,,137083
A446,曲阜师范大学,,电气工程及其自动化(校企合作，与歌尔股份有限公司合作),100,,,132214
A446,曲阜师范大学,,软件工程(校企合作，与北京优炫软件股份有限公司合作),190,,,127268
A447,聊城大学,,哲学,40,,,129777
A447,聊城大学,,经济学,102,,,133263
A447,聊城大学,,金融工程,40,,,140826
A447,聊城大学,,法学,119,,,98836
A447,聊城大学,,政治学、经济学与哲学,65,,,131152
A447,聊城大学,,思想政治教育(师范类),89,,,92245
A447,聊城大学,,教育学(师范类),37,,,106629
A447,聊城大学,,教育技术学(师范类),60,,,131647
A447,聊城大学,,小学教育(师范类),7,,,93187
A447,聊城大学,,汉语言文学(师范类),176,,,84439
A447,聊城大学,,汉语国际教育,60,,,121925
A447,聊城大学,,英语(师范类),73,,,99435
A447,聊城大学,,西班牙语,30,,,185494
A447,聊城大学,,日语,27,,,152861
A447,聊城大学,,广播电视学,29,,,140097
A447,聊城大学,,历史学(师范类),84,,,101200
A447,聊城大学,,外国语言与外国历史,40,,,146213
A447,聊城大学,,数学与应用数学(师范类),150,,,114296
A447,聊城大学,,物理学(师范类),123,,,126496
A447,聊城大学,,化学(师范类),128,,,118701
A447,聊城大学,,应用化学,40,,,153805
A447,聊城大学,,地理科学(师范类),114,,,105078
A447,聊城大学,,地理信息科学,120,,,134380
A447,聊城大学,,生物科学(师范类),168,,,118145
A447,聊城大学,,应用心理学,34,,,131472
A447,聊城大学,,机械设计制造及其自动化,28,,,129431
A447,聊城大学,,机械电子工程,15,,,131015
A447,聊城大学,,车辆工程,23,,,136624
A447,聊城大学,,电子信息工程,67,,,119003
A447,聊城大学,,通信工程,77,,,124255
A447,聊城大学,,光电信息科学与工程,75,,,132198
A447,聊城大学,,计算机科学与技术,71,,,107904
A447,聊城大学,,软件工程,71,,,112399
A447,聊城大学,,土木工程,7,,,151709
A447,聊城大学,,环境科学,17,,,162299
A447,聊城大学,,食品科学与工程,42,,,152486
A447,聊城大学,,建筑学,38,,,143699
A447,聊城大学,,生物工程,12,,,150335
A447,聊城大学,,智慧农业,48,,,157920
A447,聊城大学,,动物医学,45,,,146029
A447,聊城大学,,园林,50,,,166059
A447,聊城大学,,药学,37,,,141882
A447,聊城大学,,口腔医学技术,77,,,131909
A447,聊城大学,,护理学,70,,,146724
A447,聊城大学,,会计学,113,,,110203
A447,聊城大学,,行政管理,30,,,135793
A447,聊城大学,,质量管理工程,26,,,148522
A447,聊城大学,,智慧牧业科学与工程,30,,,172148
A447,聊城大学,,智能影像工程,40,,,152232
A447,聊城大学,,机械电子工程(地方专项计划),5,,,140820
A447,聊城大学,,车辆工程(地方专项计划),15,,,152063
A447,聊城大学,,材料科学与工程(地方专项计划),15,,,174561
A447,聊城大学,,金属材料工程(地方专项计划),20,,,178879
A447,聊城大学,,高分子材料与工程(地方专项计划),15,,,171597
A447,聊城大学,,新能源材料与器件(地方专项计划),15,,,162794
A447,聊城大学,,土木工程(地方专项计划),20,,,174101
A447,聊城大学,,环境科学(地方专项计划),15,,,175832
A447,聊城大学,,食品科学与工程(地方专项计划),10,,,159279
A447,聊城大学,,生物工程(地方专项计划),10,,,158147
A447,聊城大学,,智慧农业(地方专项计划),10,,,159665
A447,聊城大学,,动物医学(地方专项计划),5,,,149408
A447,聊城大学,,园林(地方专项计划),15,,,171578
A447,聊城大学,,智慧牧业科学与工程(地方专项计划),10,,,177688
A447,聊城大学,,金融工程(校企合作，与青岛英谷教育科技公司合作),40,,,163896
A447,聊城大学,,日语(校企合作，与青软实训教育科技公司合作),40,,,182816
A447,聊城大学,,电子信息工程(校企合作，与青软实训教育科技公司合作),160,,,165828
A447,聊城大学,,人工智能(校企合作，与浪潮集团有限公司合作),80,,,163527
A447,聊城大学,,软件工程(校企合作，与青软实训教育科技公司合作),80,,,149103
A447,聊城大学,,网络工程(校企合作，与浪潮集团有限公司合作),80,,,162714
A447,聊城大学,,数据科学与大数据技术(校企合作，与浪潮集团有限公司合作),80,,,160025
A447,聊城大学,,知识产权(校企合作，与方宇有限公司合作),80,,,139387
A447,聊城大学,,化学工程与工艺(校企合作，与山东阳谷华泰有限公司合作),150,,,190469
A447,聊城大学,,生物制药(校企合作，与上海张江、东富龙公司合作),160,,,187315
A447,聊城大学,,人力资源管理(校企合作，与鲁商教育控股有限公司合作),120,,,180489
A447,聊城大学,,旅游管理(校企合作，与世纪金源投资集团公司合作),110,,,200502
A447,聊城大学,,智能建造(校企合作，与广联达科技有限公司合作),80,,,185092
A448,德州学院,,英语(师范类),84,,,159003
A448,德州学院,,生物科学(师范类),110,,,167069
A448,德州学院,,地理科学(师范类),110,,,160481
A448,德州学院,,人文地理与城乡规划,13,,,173344
A448,德州学院,,护理学,67,,,159703
A448,德州学院,,俄语,28,,,202154
A448,德州学院,,汉语国际教育(师范类),80,,,170787
A448,德州学院,,法学,60,,,129162
A448,德州学院,,思想政治教育(师范类),29,,,139692
A448,德州学院,,生物制药,40,,,178005
A448,德州学院,,智能制造工程,80,,,193651
A448,德州学院,,汉语言文学(师范类),100,,,131866
A448,德州学院,,新闻学,45,,,170316
A448,德州学院,,数学与应用数学(师范类),120,,,169237
A448,德州学院,,电子信息工程,77,,,185759
A448,德州学院,,网络工程,40,,,183836
A448,德州学院,,化学工程与工艺,39,,,186980
A448,德州学院,,化学(师范类),120,,,179562
A448,德州学院,,环境工程,65,,,198548
A448,德州学院,,人工智能,40,,,187956
A448,德州学院,,纺织工程,40,,,213218
A448,德州学院,,生物信息学,40,,,188389
A448,德州学院,,能源与动力工程,20,,,171895
A448,德州学院,,制药工程,15,,,178859
A448,德州学院,,材料化学,40,,,202379
A448,德州学院,,风景园林,5,,,173508
A448,德州学院,,食品质量与安全,35,,,181711
A448,德州学院,,应用统计学,40,,,182670
A448,德州学院,,国际经济与贸易,40,,,194214
A448,德州学院,,会计学,120,,,157311
A448,德州学院,,行政管理,25,,,173597
A448,德州学院,,物理学(师范类),120,,,186605
A448,德州学院,,环境生态工程,40,,,203564
A448,德州学院,,物联网工程,69,,,186133
A448,德州学院,,服装设计与工程,43,,,205609
A448,德州学院,,小学教育(师范类),35,,,142640
A448,德州学院,,机械设计制造及其自动化,40,,,186416
A448,德州学院,,商务英语,80,,,197561
A448,德州学院,,非织造材料与工程,40,,,218264
A448,德州学院,,电气工程及其自动化,75,,,172866
A448,德州学院,,车辆工程,40,,,194087
A448,德州学院,,市场营销(数字营销),40,,,201933
A448,德州学院,,国际经济与贸易(数字贸易),40,,,197173
A448,德州学院,,生物技术(中外合作办学),80,,,229335
A448,德州学院,,能源与动力工程(中外合作办学),120,,,230665
A448,德州学院,,化学(中外合作办学),100,,,237256
A448,德州学院,,生物科学(中外合作办学),40,,,227168
A448,德州学院,,食品质量与安全(中外合作办学),80,,,226107
A448,德州学院,,计算机科学与技术(校企合作，与浪潮优派科技教育有限公司合作),70,,,201057
A448,德州学院,,物联网工程(校企合作，与中兴数字科技集团有限公司合作),100,,,213394
A448,德州学院,,软件工程(校企合作，与青软实训教育科技股份公司合作),180,,,214828
A448,德州学院,,数据科学与大数据技术(校企合作，与青软创新科技集团股份公司合作),130,,,215064
A448,德州学院,,数据科学与大数据技术(校企合作，与浪潮软件股份有限公司合作),50,,,214038
A448,德州学院,,工商管理(校企合作，与鲁商教育控股有限公司合作),80,,,200305
A449,滨州学院,,汉语言文学(师范类),60,,,113765
A449,滨州学院,,历史学(师范类),47,,,137964
A449,滨州学院,,英语(师范类),74,,,140456
A449,滨州学院,,商务英语,29,,,176094
A449,滨州学院,,经济统计学,37,,,173910
A449,滨州学院,,数字经济,27,,,180385
A449,滨州学院,,财务管理,40,,,157701
A449,滨州学院,,市场营销,40,,,200922
A449,滨州学院,,思想政治教育(师范类),60,,,136849
A449,滨州学院,,数学与应用数学(师范类),44,,,156074
A449,滨州学院,,应用化学,52,,,185722
A449,滨州学院,,高分子材料与工程,55,,,194812
A449,滨州学院,,化学工程与工艺,52,,,193099
A449,滨州学院,,安全工程,50,,,196333
A449,滨州学院,,建筑学,27,,,177497
A449,滨州学院,,智能建造,26,,,194449
A449,滨州学院,,土木工程,20,,,192302
A449,滨州学院,,机械设计制造及其自动化,78,,,180259
A449,滨州学院,,航空航天工程,31,,,168333
A449,滨州学院,,飞行器制造工程,30,,,174382
A449,滨州学院,,飞行器设计与工程,31,,,179285
A449,滨州学院,,自动化,52,,,171011
A449,滨州学院,,电气工程及其自动化,62,,,158405
A449,滨州学院,,机器人工程,30,,,181034
A449,滨州学院,,人工智能,25,,,175044
A449,滨州学院,,食品质量与安全,73,,,181523
A449,滨州学院,,生物制药,33,,,175130
A449,滨州学院,,环境工程,57,,,196054
A449,滨州学院,,电子信息工程,67,,,169321
A449,滨州学院,,光电信息科学与工程,29,,,183366
A449,滨州学院,,飞行器动力工程,17,,,177582
A449,滨州学院,,无人驾驶航空器系统工程,33,,,187913
A449,滨州学院,,交通运输(空管与签派方向，男生),27,,,178573
A449,滨州学院,,交通运输(民航机务工程方向，男生),120,,,183192
A449,滨州学院,,飞行器适航技术(男生),20,,,187954
A449,滨州学院,,交通工程,56,,,186995
A449,滨州学院,,物流工程(航空物流方向),40,,,183666
A449,滨州学院,,物联网工程,25,,,168051
A449,滨州学院,,数据科学与大数据技术,20,,,167643
A449,滨州学院,,学前教育(师范类),24,,,167485
A449,滨州学院,,小学教育(师范类),70,,,146207
A449,滨州学院,,法语,30,,,207175
A449,滨州学院,,通信工程,38,,,175187
A449,滨州学院,,计算机科学与技术,80,,,165060
A449,滨州学院,,生物技术,104,,,193234
A449,滨州学院,,生态学,40,,,198235
A449,滨州学院,,交通运输(中外合作办学),80,,,230652
A449,滨州学院,,飞行器制造工程(中外合作办学),100,,,229692
A449,滨州学院,,市场营销(校企合作，与中软创新（北京）国际信息技术研究院合作),40,,,208736
A449,滨州学院,,电子信息工程(校企合作，与山东华兴数字科技集团有限公司合作),70,,,207340
A449,滨州学院,,计算机科学与技术(校企合作，与青软创新科技集团股份有限公司合作),84,,,194384
A449,滨州学院,,电子信息工程(校企合作，与济南华恒兴通信科技有限公司合作),70,,,208440
A451,鲁东大学,,汉语言文学(师范类),92,,,62406
A451,鲁东大学,,汉语言,63,,,81205
A451,鲁东大学,,传播学,57,,,119656
A451,鲁东大学,,汉语国际教育,42,,,106462
A451,鲁东大学,,历史学(师范类),115,,,85437
A451,鲁东大学,,思想政治教育(师范类),125,,,84700
A451,鲁东大学,,法学,122,,,76043
A451,鲁东大学,,社会工作,68,,,132036
A451,鲁东大学,,英语(师范类),169,,,89561
A451,鲁东大学,,日语,44,,,157457
A451,鲁东大学,,朝鲜语,44,,,184978
A451,鲁东大学,,小学教育(师范类),35,,,85291
A451,鲁东大学,,心理学(师范类),73,,,118912
A451,鲁东大学,,应用心理学,62,,,120701
A451,鲁东大学,,经济学,69,,,109878
A451,鲁东大学,,国际经济与贸易,51,,,121060
A451,鲁东大学,,国际经济与贸易(中美学分互认联合培养项目),30,,,226729
A451,鲁东大学,,旅游管理,65,,,155144
A451,鲁东大学,,财务管理,64,,,97013
A451,鲁东大学,,数学与应用数学(师范类),100,,,91969
A451,鲁东大学,,统计学,61,,,108737
A451,鲁东大学,,物理学(师范类),85,,,104457
A451,鲁东大学,,光电信息科学与工程,66,,,114985
A451,鲁东大学,,新能源材料与器件,67,,,128685
A451,鲁东大学,,集成电路设计与集成系统,60,,,116819
A451,鲁东大学,,化学(师范类),86,,,99051
A451,鲁东大学,,高分子材料与工程,65,,,147591
A451,鲁东大学,,化学工程与工艺,66,,,142612
A451,鲁东大学,,生物科学(师范类),79,,,93478
A451,鲁东大学,,生物工程,59,,,130981
A451,鲁东大学,,生物制药,58,,,129156
A451,鲁东大学,,地理科学(师范类),88,,,90963
A451,鲁东大学,,地理信息科学,60,,,107472
A451,鲁东大学,,环境工程,33,,,137426
A451,鲁东大学,,环境工程(中美学分互认联合培养项目),30,,,248060
A451,鲁东大学,,机械设计制造及其自动化,56,,,116683
A451,鲁东大学,,车辆工程,58,,,124962
A451,鲁东大学,,智能制造工程,44,,,122305
A451,鲁东大学,,物流工程,56,,,143169
A451,鲁东大学,,土木工程,192,,,162576
A451,鲁东大学,,港口航道与海岸工程,52,,,148730
A451,鲁东大学,,应急技术与管理,54,,,165057
A451,鲁东大学,,食品科学与工程,109,,,141432
A451,鲁东大学,,电气工程及其自动化,68,,,93329
A451,鲁东大学,,通信工程,65,,,106214
A451,鲁东大学,,软件工程,69,,,91525
A451,鲁东大学,,计算机科学与技术,69,,,82368
A451,鲁东大学,,人工智能,72,,,106026
A451,鲁东大学,,农学,87,,,145369
A451,鲁东大学,,园艺,63,,,156134
A451,鲁东大学,,水产养殖学,66,,,160134
A451,鲁东大学,,生物科学(中外合作办学)(与美国布里奇波特大学合作办学),100,,,226419
A451,鲁东大学,,葡萄与葡萄酒工程(中外合作办学)(与意大利萨萨里大学合作办学),80,,,238657
A451,鲁东大学,,机械设计制造及其自动化(中外合作办学)(与韩国蔚山大学合作办学),80,,,220629
A451,鲁东大学,,电气工程及其自动化(中外合作办学)(与韩国蔚山大学合作办学),80,,,198624
A451,鲁东大学,,船舶与海洋工程(中外合作办学)(与韩国蔚山大学合作办学),140,,,240897
A452,临沂大学,,电子信息工程(非西藏生源定向西藏就业),2,,,134650
A452,临沂大学,,土木工程(非西藏生源定向西藏就业),2,,,166065
A452,临沂大学,,计算机科学与技术(非西藏生源定向西藏就业),2,,,132678
A452,临沂大学,,动物科学(非西藏生源定向西藏就业),2,,,139026
A452,临沂大学,,环境工程(非西藏生源定向西藏就业),2,,,152168
A452,临沂大学,,生物科学(师范类),38,,,108754
A452,临沂大学,,数学与应用数学(师范类),87,,,116847
A452,临沂大学,,物理学(师范类),76,,,128387
A452,临沂大学,,历史学(师范类),84,,,101495
A452,临沂大学,,旅游管理,68,,,168100
A452,临沂大学,,法学,32,,,89530
A452,临沂大学,,社会工作,30,,,148015
A452,临沂大学,,小学教育(师范类),188,,,114285
A452,临沂大学,,应用心理学(师范类),46,,,133019
A452,临沂大学,,国际经济与贸易,38,,,138244
A452,临沂大学,,会计学,93,,,111699
A452,临沂大学,,工商管理,32,,,133638
A452,临沂大学,,测绘工程,55,,,166539
A452,临沂大学,,地理科学(师范类),57,,,106371
A452,临沂大学,,环境工程,72,,,160693
A452,临沂大学,,人文地理与城乡规划,21,,,134364
A452,临沂大学,,电子信息工程,91,,,124223
A452,临沂大学,,微电子科学与工程,30,,,129311
A452,临沂大学,,思想政治教育(师范类),34,,,92937
A452,临沂大学,,生物技术,49,,,150007
A452,临沂大学,,食品科学与工程,30,,,149788
A452,临沂大学,,通信工程,61,,,127129
A452,临沂大学,,化学(师范类),86,,,122324
A452,临沂大学,,应用化学,67,,,153513
A452,临沂大学,,医学检验技术,51,,,131424
A452,临沂大学,,新闻学,86,,,129224
A452,临沂大学,,电气工程及其自动化,76,,,116371
A452,临沂大学,,自动化,92,,,132129
A452,临沂大学,,机器人工程,24,,,134119
A452,临沂大学,,人工智能,17,,,125305
A452,临沂大学,,英语(师范类),80,,,108595
A452,临沂大学,,商务英语,80,,,170630
A452,临沂大学,,药学,38,,,135089
A452,临沂大学,,中药学,51,,,140947
A452,临沂大学,,制药工程,64,,,147070
A452,临沂大学,,物流管理,109,,,157679
A452,临沂大学,,物流工程,30,,,168559
A452,临沂大学,,电子商务,96,,,156050
A452,临沂大学,,土木工程,82,,,169994
A452,临沂大学,,建筑学,60,,,146899
A452,临沂大学,,建筑环境与能源应用工程,16,,,162426
A452,临沂大学,,汉语言文学(师范类),81,,,81124
A452,临沂大学,,汉语国际教育(师范类),47,,,115366
A452,临沂大学,,统计学,30,,,124421
A452,临沂大学,,数据科学与大数据技术,38,,,116587
A452,临沂大学,,材料科学与工程,31,,,157784
A452,临沂大学,,新能源材料与器件,45,,,149108
A452,临沂大学,,计算机科学与技术,66,,,113015
A452,临沂大学,,软件工程,82,,,118328
A452,临沂大学,,动物医学,80,,,144856
A452,临沂大学,,园林,27,,,163752
A452,临沂大学,,园艺,19,,,160807
A452,临沂大学,,医学影像技术,48,,,130704
A452,临沂大学,,卫生检验与检疫,63,,,148167
A452,临沂大学,,俄语,18,,,155341
A452,临沂大学,,西班牙语,14,,,167140
A452,临沂大学,,机械设计制造及其自动化,76,,,138847
A452,临沂大学,,护理学,56,,,150273
A452,临沂大学,,化妆品科学与技术,51,,,164804
A452,临沂大学,,中草药栽培与鉴定,57,,,169478
A452,临沂大学,,眼视光学,44,,,138809
A452,临沂大学,,生物医学工程,46,,,157903
A452,临沂大学,,智能医学工程,48,,,158540
A452,临沂大学,,文物与博物馆学,30,,,136084
A452,临沂大学,,车辆工程,22,,,140949
A452,临沂大学,,机械设计制造及其自动化(中外合作办学),76,,,206262
A452,临沂大学,,社会工作(中外合作办学)(招收银发产业经营与管理方向),80,,,194938
A452,临沂大学,,生物技术(中外合作办学),66,,,232785
A452,临沂大学,,动物科学(中外合作办学),68,,,234216
A452,临沂大学,,食品科学与工程(中外合作办学),66,,,221355
A452,临沂大学,,食品科学与工程(校企合作，与临沂新程金锣肉制品集团合作),40,,,173737
A452,临沂大学,,动物科学(校企合作，与江苏益客食品集团股份有限公司合作),40,,,179695
A452,临沂大学,,动物医学(校企合作，与山东新希望六和集团合作),40,,,165426
A452,临沂大学,,物流工程(校企合作，与阿帕数字技术有限公司合作),40,,,184515
A452,临沂大学,,微电子科学与工程(校企合作，与山东春光科技集团股份有限公司合作),40,,,167205
A452,临沂大学,,材料科学与工程(校企合作，与山东鑫海科技股份有限公司合作),40,,,183709
A452,临沂大学,,药学(校企合作，与正大天晴药业集团合作),40,,,165917
A452,临沂大学,,化学工程与工艺(校企合作，与山东泓达生物科技有限公司合作),40,,,180140
A452,临沂大学,,建筑环境与能源应用工程(校企合作，与奥德集团有限公司合作),40,,,187404
A452,临沂大学,,新能源材料与器件(校企合作，与山东鑫海科技股份有限公司合作),40,,,174624
A452,临沂大学,,工商管理(校企合作，与山东翔龙实业集团有限公司合作),40,,,167593
A452,临沂大学,,电气工程及其自动化(校企合作，与新风光电子科技股份有限公司合作),30,,,142535
A452,临沂大学,,旅游管理(校企合作，与山东乐华旅游发展集团合作),30,,,183056
A453,泰山学院,,汉语言文学,132,,,131308
A453,泰山学院,,网络与新媒体,50,,,176621
A453,泰山学院,,思想政治教育(师范类),80,,,140253
A453,泰山学院,,历史学类,139,,,162256
A453,泰山学院,,英语(师范类),84,,,149065
A453,泰山学院,,日语,40,,,205361
A453,泰山学院,,小学教育(师范类),100,,,151312
A453,泰山学院,,地理科学(师范类),80,,,147808
A453,泰山学院,,旅游管理,40,,,201967
A453,泰山学院,,工商管理类,148,,,177248
A453,泰山学院,,国际经济与贸易,100,,,195919
A453,泰山学院,,物流管理,76,,,194838
A453,泰山学院,,人力资源管理,35,,,179112
A453,泰山学院,,数学与应用数学(师范类),83,,,155926
A453,泰山学院,,物理学(师范类),40,,,165858
A453,泰山学院,,电子信息类,193,,,185740
A453,泰山学院,,化学(师范类),74,,,162033
A453,泰山学院,,化工与制药类,91,,,191770
A453,泰山学院,,高分子材料与工程,34,,,190844
A453,泰山学院,,机械类,36,,,184402
A453,泰山学院,,土木工程,51,,,192755
A453,泰山学院,,计算机类,145,,,173513
A453,泰山学院,,人工智能,43,,,185909
A453,泰山学院,,生物科学类,87,,,177552
A453,泰山学院,,葡萄与葡萄酒工程,29,,,199151
A453,泰山学院,,机械设计制造及其自动化(中外合作办学)(与西班牙奥维耶多大学合作),120,,,232428
A453,泰山学院,,旅游管理(校企合作，与山东文旅集团有限公司合作办学),50,,,212704
A453,泰山学院,,市场营销(校企合作，与山东文旅集团有限公司合作办学),80,,,212042
A453,泰山学院,,软件工程(校企合作，与浪潮软件股份有限公司合作),50,,,201355
A453,泰山学院,,数据科学与大数据技术(校企合作，与浪潮软件股份有限公司合作),50,,,212133
A453,泰山学院,,通信工程(校企合作，与北京华晟经世信息技术公司合作),60,,,212257
A453,泰山学院,,智能制造工程(校企合作，与泰开集团有限公司合作),40,,,210812
A453,泰山学院,,数据科学与大数据技术(校企合作，与青软创新科技集团有限公司合作),40,,,212631
A453,泰山学院,,数据科学与大数据技术(校企合作，与山东联科云计算有限公司合作),60,,,212660
A453,泰山学院,,信息与计算科学(校企合作，与青软创新科技集团有限公司合作),40,,,212237
A453,泰山学院,,旅游管理(校企合作，与山东文旅集团有限公司合作办学),40,,,213763
A454,济宁学院,,思想政治教育(师范类),100,,,150033
A454,济宁学院,,汉语言文学,60,,,137493
A454,济宁学院,,汉语言文学(师范类),80,,,133918
A454,济宁学院,,秘书学,15,,,172670
A454,济宁学院,,网络与新媒体,60,,,175754
A454,济宁学院,,历史学(师范类),40,,,146660
A454,济宁学院,,行政管理,25,,,184836
A454,济宁学院,,经济学,80,,,189656
A454,济宁学院,,互联网金融,20,,,186721
A454,济宁学院,,文化产业管理,40,,,195956
A454,济宁学院,,旅游管理与服务教育,10,,,199738
A454,济宁学院,,英语(师范类),120,,,166279
A454,济宁学院,,商务英语,25,,,184250
A454,济宁学院,,小学教育(师范类),100,,,160529
A454,济宁学院,,心理学,90,,,183139
A454,济宁学院,,学前教育(师范类),40,,,175073
A454,济宁学院,,数学与应用数学(师范类),120,,,177275
A454,济宁学院,,应用统计学,30,,,192972
A454,济宁学院,,数据科学与大数据技术,25,,,176253
A454,济宁学院,,软件工程,35,,,172245
A454,济宁学院,,材料科学与工程,70,,,204176
A454,济宁学院,,电子信息工程,75,,,189616
A454,济宁学院,,物理学(师范类),120,,,188848
A454,济宁学院,,化学(师范类),120,,,176966
A454,济宁学院,,化学工程与工艺,60,,,199197
A454,济宁学院,,应用化学,95,,,201674
A454,济宁学院,,高分子材料与工程,70,,,204860
A454,济宁学院,,生物工程,95,,,195561
A454,济宁学院,,酿酒工程,35,,,201902
A454,济宁学院,,生物制药,25,,,180024
A454,济宁学院,,安全工程,80,,,205658
A454,济宁学院,,新能源科学与工程,100,,,191925
A454,济宁学院,,机械设计制造及其自动化,70,,,189017
A454,济宁学院,,电气工程及其自动化,35,,,176413
A454,济宁学院,,智能制造工程,80,,,197717
A454,济宁学院,,食品科学与工程(中外合作办学)(与意大利福贾大学合作),120,,,237887
A454,济宁学院,,计算机科学与技术(校企合作，与青岛英谷教育科技股份有限公司合作),160,,,211238
A454,济宁学院,,测绘工程(校企合作，与山东绿色实业投资有限公司合作),100,,,218280
A454,济宁学院,,金融工程(校企合作，与青岛英谷教育科技股份有限公司合作),100,,,217227
A454,济宁学院,,电子商务及法律(校企合作，与山东网商科技集团有限公司合作),100,,,208928
A455,菏泽学院,,思想政治教育(师范类),39,,,150897
A455,菏泽学院,,劳动与社会保障,50,,,200857
A455,菏泽学院,,知识产权,60,,,168639
A455,菏泽学院,,信用风险管理与法律防控,40,,,182955
A455,菏泽学院,,小学教育(师范类),105,,,164923
A455,菏泽学院,,心理学(师范类),28,,,169848
A455,菏泽学院,,特殊教育(师范类),40,,,172886
A455,菏泽学院,,健康服务与管理,27,,,196979
A455,菏泽学院,,汉语言文学(师范类),83,,,134425
A455,菏泽学院,,历史学(师范类),7,,,140743
A455,菏泽学院,,广告学,50,,,193262
A455,菏泽学院,,商务英语(跨境电商方向),100,,,208922
A455,菏泽学院,,日语,30,,,206651
A455,菏泽学院,,英语(师范类),56,,,162055
A455,菏泽学院,,数学与应用数学(师范类),90,,,180991
A455,菏泽学院,,电子信息科学与技术,100,,,198049
A455,菏泽学院,,电气工程及其自动化,32,,,175095
A455,菏泽学院,,环境科学与工程,50,,,204044
A455,菏泽学院,,化学工程与工艺,48,,,204095
A455,菏泽学院,,化学(师范类),44,,,172451
A455,菏泽学院,,设施农业科学与工程,65,,,205036
A455,菏泽学院,,生物工程,44,,,186457
A455,菏泽学院,,园艺,45,,,199163
A455,菏泽学院,,食品科学与工程,45,,,185989
A455,菏泽学院,,生物科学(师范类),62,,,166311
A455,菏泽学院,,自动化,40,,,188234
A455,菏泽学院,,机械电子工程,42,,,194250
A455,菏泽学院,,机器人工程,50,,,197909
A455,菏泽学院,,智能制造工程,40,,,198451
A455,菏泽学院,,建筑学,43,,,189471
A455,菏泽学院,,土木工程,70,,,207384
A455,菏泽学院,,地理信息科学,40,,,185368
A455,菏泽学院,,制药工程,60,,,193176
A455,菏泽学院,,生物制药,50,,,186951
A455,菏泽学院,,金融工程,50,,,194941
A455,菏泽学院,,物流管理,50,,,202045
A455,菏泽学院,,财务管理,46,,,166423
A455,菏泽学院,,经济学,49,,,185281
A455,菏泽学院,,物理学(中外合作办学)(师范类),100,,,231537
A455,菏泽学院,,广播电视学(校企合作，与山东新视觉数码科技公司合作),50,,,211654
A455,菏泽学院,,数据科学与大数据技术(校企合作，与北京中科特瑞科技公司合作),50,,,214753
A455,菏泽学院,,统计学(校企合作，与北京中科特瑞科技公司合作),50,,,201763
A455,菏泽学院,,能源化学工程(校企合作，与山东东明石化集团公司合作),50,,,209462
A455,菏泽学院,,物联网工程(校企合作，与达内时代科技集团公司合作),50,,,215489
A455,菏泽学院,,计算机科学与技术(校企合作，与达内时代科技集团公司合作),50,,,212408
A455,菏泽学院,,计算机科学与技术(校企合作，与慧与软件人才产业基地合作),100,,,215145
A455,菏泽学院,,计算机科学与技术(校企合作，与山东骏文信息科技公司合作),50,,,213892
A455,菏泽学院,,药学(校企合作，与山东睿鹰制药集团公司合作),50,,,197702
A456,山东财经大学,,经济学类,215,,,62538
A456,山东财经大学,,财政学类,175,,,53683
A456,山东财经大学,,金融学类,145,,,57632
A456,山东财经大学,,精算学,60,,,64850
A456,山东财经大学,,经济与贸易类,204,,,77700
A456,山东财经大学,,工商管理类,240,,,82938
A456,山东财经大学,,财务管理,100,,,48370
A456,山东财经大学,,公共管理类,70,,,83337
A456,山东财经大学,,法学,156,,,49601
A456,山东财经大学,,汉语言文学,40,,,49756
A456,山东财经大学,,外国语言文学类,95,,,99225
A456,山东财经大学,,数学与应用数学,40,,,59710
A456,山东财经大学,,金融数学,60,,,65914
A456,山东财经大学,,统计学,70,,,56936
A456,山东财经大学,,经济统计学,84,,,60877
A456,山东财经大学,,数据科学与大数据技术,70,,,54839
A456,山东财经大学,,计算机类,220,,,56116
A456,山东财经大学,,金融学,150,,,50148
A456,山东财经大学,,会计学,160,,,39587
A456,山东财经大学,,国际经济发展合作,18,,,68650
A456,山东财经大学,,资产评估,60,,,62670
A456,山东财经大学,,审计学,100,,,46187
A456,山东财经大学,,经济学(中外合作办学),100,,,86378
A456,山东财经大学,,统计学(中外合作办学),100,,,99018
A456,山东财经大学,,经济学类(地方专项计划),5,,,61064
A456,山东财经大学,,金融数学(地方专项计划),5,,,66086
A456,山东财经大学,,公共管理类(地方专项计划),20,,,95343
A456,山东财经大学,,文化产业管理(地方专项计划),10,,,108681
A456,山东财经大学,,外国语言文学类(地方专项计划),20,,,103368
A456,山东财经大学,,新闻学(地方专项计划),5,,,75720
A456,山东财经大学,,保险学(地方专项计划),20,,,93632
A456,山东财经大学,,经济统计学(地方专项计划),5,,,62678
A456,山东财经大学,,工商管理类(地方专项计划),15,,,79976
A456,山东财经大学,,法学(地方专项计划),20,,,53963
A456,山东财经大学,,管理科学与工程类(地方专项计划),40,,,130312
A456,山东财经大学,,跨境电子商务(地方专项计划),15,,,217164
A456,山东财经大学,,电子商务类(地方专项计划),20,,,297580
A456,山东财经大学,,税收学(校企合作，与山东百丞税务服务股份有限公司合作),100,,,69166
A456,山东财经大学,,保险学(校企合作，与德华安顾人寿保险有限公司合作),100,,,104669
A456,山东财经大学,,信息管理与信息系统(校企合作，与浪潮集团有限公司合作),100,,,103357
A456,山东财经大学,,旅游管理(校企合作，与深圳奥雅设计股份有限公司合作),100,,,151609
A456,山东财经大学,,会计学(校企合作，与信永中和会计师事务所合作),100,,,56109
A456,山东财经大学,,计算机科学与技术(校企合作，与浪潮集团有限公司合作),100,,,76664
A456,山东财经大学,,文化产业管理(校企合作，与深圳东方汇泉金融控股有限公司合作),50,,,126272
A457,山东体育学院,,特殊教育(师范类),30,,,177677
A457,山东体育学院,,应用心理学,25,,,198254
A457,山东体育学院,,运动康复,50,,,196341
A457,山东体育学院,,运动人体科学,50,,,209226
A457,山东体育学院,,体育经济与管理,30,,,208817
A457,山东体育学院,,新闻学(校企合作，与山东太冠实业有限公司合作),40,,,206051
A457,山东体育学院,,数据科学与大数据技术(校企合作，与山东骏文信息科技有限公司合作),20,,,211181
A457,山东体育学院,,电子竞技运动与管理(校企合作，与邦尼集团有限公司合作),80,,,221724
A458,山东艺术学院,,文化产业管理,44,,,199499
A459,郑州大学,,经济学类,12,,,23028
A459,郑州大学,,工商管理类,7,,,24229
A459,郑州大学,,公共管理类,9,,,29876
A459,郑州大学,,法学,6,,,14941
A459,郑州大学,,中国语言文学类,12,,,19007
A459,郑州大学,,新闻传播学类,12,,,29921
A459,郑州大学,,英语,6,,,33366
A459,郑州大学,,日语,2,,,40072
A459,郑州大学,,教育学类,5,,,24966
A459,郑州大学,,历史学类,2,,,19328
A459,郑州大学,,图书情报与档案管理类,6,,,32615
A459,郑州大学,,数学类,11,,,20259
A459,郑州大学,,化学类,3,,,20472
A459,郑州大学,,物理学类,8,,,21010
A459,郑州大学,,电子信息类,14,,,17944
A459,郑州大学,,自动化类,20,,,19689
A459,郑州大学,,计算机类,12,,,15712
A459,郑州大学,,机械类,16,,,24401
A459,郑州大学,,土木类,10,,,33041
A459,郑州大学,,管理科学与工程类,5,,,31793
A459,郑州大学,,生物科学类,9,,,26460
A459,郑州大学,,环境科学与工程类,4,,,28692
A459,郑州大学,,基础医学,4,,,24130
A459,郑州大学,,医学技术类,5,,,24732
A459,郑州大学,,临床医学,12,,,9943
A459,郑州大学,,医学影像学,4,,,13585
A459,郑州大学,,儿科学,4,,,16911
A459,郑州大学,,口腔医学,4,,,10040
A459,郑州大学,,预防医学,12,,,28800
A459,郑州大学,,药学类,6,,,23367
A459,郑州大学,,信息安全,5,,,17665
A459,郑州大学,,物联网工程,7,,,18594
A459,郑州大学,,密码科学与技术,4,,,21473
A460,河南理工大学,,自动化类,2,,,59781
A460,河南理工大学,,通信工程,2,,,64503
A460,河南理工大学,,应用物理学,2,,,101610
A460,河南理工大学,,机械类,4,,,86308
A460,河南理工大学,,能源与动力工程,2,,,84338
A460,河南理工大学,,建筑环境与能源应用工程,2,,,132614
A460,河南理工大学,,城市地下空间工程,2,,,188220
A460,河南理工大学,,工程管理,2,,,102191
A460,河南理工大学,,工程力学,2,,,107977
A460,河南理工大学,,地质工程,2,,,121340
A460,河南理工大学,,地球信息科学与技术(地学大数据方向),2,,,89088
A460,河南理工大学,,环境工程,2,,,124924
A460,河南理工大学,,水文与水资源工程(智慧水文方向),2,,,121567
A460,河南理工大学,,测绘工程(导航方向),2,,,97037
A460,河南理工大学,,遥感科学与技术,2,,,71100
A460,河南理工大学,,土地资源管理,2,,,119378
A460,河南理工大学,,人文地理与城乡规划,2,,,119822
A460,河南理工大学,,智能采矿工程,3,,,134164
A460,河南理工大学,,安全工程(卓越计划班),3,,,97342
A460,河南理工大学,,消防工程,2,,,94365
A460,河南理工大学,,材料成型及控制工程(智能制造方向),2,,,112394
A460,河南理工大学,,矿物加工工程(卓越计划班),2,,,146898
A460,河南理工大学,,化学工程与工艺,2,,,102780
A460,河南理工大学,,储能科学与工程,2,,,83930
A460,河南理工大学,,计算机科学与技术,2,,,51573
A460,河南理工大学,,物联网工程,2,,,63142
A460,河南理工大学,,数学类,2,,,72402
A460,河南理工大学,,工商管理类,5,,,108573
A460,河南理工大学,,工业工程,2,,,118212
A460,河南理工大学,,财务管理,2,,,75073
A460,河南理工大学,,国际经济与贸易,1,,,91283
A460,河南理工大学,,建筑类,2,,,106070
A460,河南理工大学,,汉语言文学,2,,,62101
A460,河南理工大学,,法学,2,,,60638
A460,河南理工大学,,管理科学,2,,,232192
A460,河南理工大学,,护理学,2,,,108678
A460,河南理工大学,,药学,2,,,75987
A460,河南理工大学,,测控技术与仪器,2,,,80580
A460,河南理工大学,,土木工程,2,,,123310
A460,河南理工大学,,材料科学与工程,3,,,118500
A460,河南理工大学,,新能源材料与器件,2,,,91180
A460,河南理工大学,,地理信息科学,2,,,76519
A460,河南理工大学,,电气工程及其自动化(中外合作办学),6,,,118137
A460,河南理工大学,,电子信息工程(中外合作办学),6,,,138299
A462,郑州轻工业大学,,计算机科学与技术,2,,,60911
A462,郑州轻工业大学,,通信工程,2,,,80170
A462,郑州轻工业大学,,网络空间安全,3,,,93788
A462,郑州轻工业大学,,物联网工程,2,,,84108
A462,郑州轻工业大学,,电子信息工程,3,,,83582
A462,郑州轻工业大学,,人工智能,4,,,87644
A462,郑州轻工业大学,,高分子材料与工程,4,,,124788
A462,郑州轻工业大学,,化学工程与工艺,4,,,144223
A462,郑州轻工业大学,,化妆品技术与工程,2,,,124099
A462,郑州轻工业大学,,应用化学,3,,,136519
A462,郑州轻工业大学,,环境工程,3,,,142650
A462,郑州轻工业大学,,化学,3,,,146103
A462,郑州轻工业大学,,氢能科学与工程,2,,,97283
A462,郑州轻工业大学,,食品科学与工程,2,,,92162
A462,郑州轻工业大学,,生物工程,2,,,126710
A462,郑州轻工业大学,,生物技术,2,,,125703
A462,郑州轻工业大学,,烟草,3,,,74899
A462,郑州轻工业大学,,能源与动力工程,5,,,108892
A462,郑州轻工业大学,,新能源科学与工程,3,,,99526
A462,郑州轻工业大学,,建筑电气与智能化,5,,,119298
A462,郑州轻工业大学,,数字媒体技术,2,,,69507
A462,郑州轻工业大学,,电气工程及其自动化,6,,,76468
A462,郑州轻工业大学,,微电子科学与工程,3,,,94172
A462,郑州轻工业大学,,机械设计制造及其自动化,8,,,110368
A462,郑州轻工业大学,,智能制造工程,4,,,106913
A462,郑州轻工业大学,,数学与应用数学,2,,,96666
A462,郑州轻工业大学,,工商管理,2,,,111708
A462,郑州轻工业大学,,物流管理,3,,,130606
A462,郑州轻工业大学,,会计学,2,,,88879
A462,郑州轻工业大学,,社会工作,2,,,134578
A462,郑州轻工业大学,,法学,2,,,76703
A462,郑州轻工业大学,,公共事业管理,3,,,133336
A463,河南工业大学,,材料科学与工程,6,,,128886
A463,河南工业大学,,财政学,1,,,78346
A463,河南工业大学,,测控技术与仪器,4,,,79546
A463,河南工业大学,,道路桥梁与渡河工程,1,,,105544
A463,河南工业大学,,电气工程及其自动化,8,,,67952
A463,河南工业大学,,电子商务,2,,,93475
A463,河南工业大学,,法学,2,,,53553
A463,河南工业大学,,翻译,2,,,110205
A463,河南工业大学,,工程管理,2,,,298472
A463,河南工业大学,,工商管理,1,,,79553
A463,河南工业大学,,国际经济与贸易,4,,,94665
A463,河南工业大学,,化学,8,,,115004
A463,河南工业大学,,化学工程与工艺,4,,,107156
A463,河南工业大学,,环境工程,8,,,154434
A463,河南工业大学,,会计学,2,,,72940
A463,河南工业大学,,机械设计制造及其自动化,8,,,92404
A463,河南工业大学,,建筑环境与能源应用工程,1,,,115317
A463,河南工业大学,,建筑学,3,,,302676
A463,河南工业大学,,金融学,1,,,69813
A463,河南工业大学,,经济学,1,,,62000
A463,河南工业大学,,空间信息与数字技术,1,,,60650
A463,河南工业大学,,生物工程,3,,,93159
A463,河南工业大学,,生物技术,3,,,94959
A463,河南工业大学,,数学与应用数学,2,,,69317
A463,河南工业大学,,通信工程,2,,,62950
A463,河南工业大学,,土木工程,4,,,118622
A463,河南工业大学,,网络与新媒体,3,,,71528
A463,河南工业大学,,无机非金属材料工程,4,,,141073
A463,河南工业大学,,物流管理,2,,,92761
A463,河南工业大学,,英语,5,,,95944
A463,河南工业大学,,应用化学,6,,,110696
A463,河南工业大学,,应用统计学,1,,,70264
A463,河南工业大学,,应用物理学,1,,,79215
A463,河南工业大学,,制药工程,4,,,85432
A463,河南工业大学,,材料类,6,,,146429
A463,河南工业大学,,食品科学与工程类,14,,,134223
A463,河南工业大学,,机器人工程,5,,,78534
A463,河南工业大学,,饲料工程,2,,,240482
A463,河南工业大学,,智能建造,4,,,105266
A463,河南工业大学,,工业设计,1,,,102470
A463,河南工业大学,,过程装备与控制工程,2,,,111760
A463,河南工业大学,,材料成型及控制工程,3,,,117372
A463,河南工业大学,,车辆工程,4,,,99817
A463,河南工业大学,,食品科学与工程(智慧储运),2,,,112371
A463,河南工业大学,,新闻学,3,,,91433
A463,河南工业大学,,广播电视学,2,,,114900
A463,河南工业大学,,会计学(中外合作办学),4,,,121496
A463,河南工业大学,,人力资源管理(中外合作办学),8,,,166222
A463,河南工业大学,,生物技术(中外合作办学),4,,,175162
A463,河南工业大学,,食品科学与工程(中外合作办学),4,,,176204
A463,河南工业大学,,市场营销(中外合作办学),6,,,196810
A463,河南工业大学,,物联网工程(中外合作办学),4,,,138248
A464,河南科技大学,,法学类,4,,,58597
A464,河南科技大学,,英语,4,,,97827
A464,河南科技大学,,生物科学类,8,,,99147
A464,河南科技大学,,统计学,5,,,78158
A464,河南科技大学,,机械类,12,,,80899
A464,河南科技大学,,商务英语,4,,,182589
A464,河南科技大学,,材料成型及控制工程,6,,,114939
A464,河南科技大学,,工业设计,6,,,107682
A464,河南科技大学,,车辆工程,6,,,91830
A464,河南科技大学,,测控技术与仪器,6,,,105672
A464,河南科技大学,,材料类,12,,,141583
A464,河南科技大学,,电气工程及其自动化,6,,,64194
A464,河南科技大学,,电子科学与技术,4,,,61588
A464,河南科技大学,,自动化,5,,,69210
A464,河南科技大学,,计算机科学与技术,5,,,55047
A464,河南科技大学,,化学工程与工艺,5,,,115202
A464,河南科技大学,,制药工程,5,,,100981
A464,河南科技大学,,交通运输,5,,,110057
A464,河南科技大学,,农业工程类,10,,,127212
A464,河南科技大学,,环境工程,5,,,145827
A464,河南科技大学,,生物医学工程,5,,,89442
A464,河南科技大学,,食品科学与工程,4,,,116740
A464,河南科技大学,,食品质量与安全,4,,,111480
A464,河南科技大学,,生物工程类,8,,,107932
A464,河南科技大学,,临床医学,8,,,45980
A464,河南科技大学,,护理学,8,,,126651
A465,中原工学院,,法学,6,,,110384
A465,中原工学院,,汉语国际教育,4,,,153626
A465,中原工学院,,网络与新媒体,5,,,139609
A465,中原工学院,,应用物理学,5,,,196808
A465,中原工学院,,应用化学,5,,,188180
A465,中原工学院,,材料类,5,,,184697
A465,中原工学院,,电气工程及其自动化,4,,,133392
A465,中原工学院,,人工智能,6,,,138982
A465,中原工学院,,纺织工程,5,,,189003
A465,中原工学院,,非织造材料与工程,5,,,192216
A465,中原工学院,,安全工程,5,,,183695
A465,中原工学院,,工程管理,6,,,189071
A465,中原工学院,,市场营销,6,,,190850
A465,中原工学院,,工业工程,6,,,182167
A465,中原工学院,,化学工程与工艺,5,,,195251
A466,河南农业大学,,林学类,10,,,131698
A466,河南农业大学,,旅游管理,6,,,164395
A466,河南农业大学,,建筑类,7,,,125138
A466,河南农业大学,,机械设计制造及其自动化,9,,,101075
A466,河南农业大学,,经济学,8,,,113791
A466,河南农业大学,,工商管理类,10,,,113068
A466,河南农业大学,,轻工类(烟工类),11,,,115736
A466,河南农业大学,,烟草,11,,,68763
A466,河南农业大学,,植物保护,8,,,132473
A466,河南农业大学,,植物生产类(园艺类),9,,,135365
A466,河南农业大学,,计算机科学与技术,8,,,76984
A466,河南农业大学,,管理科学,6,,,149885
A466,河南农业大学,,生物科学类,10,,,115355
A466,河南农业大学,,食品科学与工程类,11,,,130664
A466,河南农业大学,,环境生态工程,8,,,145708
A466,河南农业大学,,土地资源管理,7,,,127958
A466,河南农业大学,,法学,6,,,67360
A466,河南农业大学,,电子信息科学与技术,10,,,105279
A466,河南农业大学,,外国语言文学类,6,,,283329
A466,河南农业大学,,经济与金融,6,,,130183
A467,河南科技学院,,生物技术,8,,,184112
A467,河南科技学院,,种子科学与工程,2,,,156295
A467,河南科技学院,,人力资源管理,2,,,173980
A467,河南科技学院,,物流管理,2,,,197034
A467,河南科技学院,,汉语言文学(师范类),2,,,125116
A467,河南科技学院,,数学与应用数学(师范类),8,,,176186
A467,河南科技学院,,英语(师范类),3,,,162093
A467,河南科技学院,,食品质量与安全,8,,,206290
A467,河南科技学院,,动物医学,5,,,157232
A467,河南科技学院,,动物药学,5,,,169941
A467,河南科技学院,,城乡规划,6,,,188012
A467,河南科技学院,,园林,2,,,175345
A467,河南科技学院,,环境科学,8,,,199017
A467,河南科技学院,,农业资源与环境,2,,,205195
A467,河南科技学院,,应用化学,8,,,191419
A469,河南牧业经济学院,,财务管理,2,,,166996
A469,河南牧业经济学院,,网络与新媒体,16,,,187710
A469,河南牧业经济学院,,物流管理,6,,,203590
A469,河南牧业经济学院,,市场营销(数字化营销方向),5,,,210486
A469,河南牧业经济学院,,国际商务,6,,,212992
A471,河南中医药大学,,预防医学,3,,,99666
A471,河南中医药大学,,护理学,4,,,126598
A471,河南中医药大学,,外国语言文学类,3,,,131234
A472,新乡医学院,,临床医学,12,,,60354
A472,新乡医学院,,儿科学,4,,,84465
A472,新乡医学院,,预防医学,10,,,123292
A475,河南大学,,经济学类,5,,,34328
A475,河南大学,,法学,4,,,20795
A475,河南大学,,中国语言文学类(师范类),4,,,22350
A475,河南大学,,英语(师范类),3,,,31895
A475,河南大学,,日语,3,,,79507
A475,河南大学,,德语,3,,,45500
A475,河南大学,,数学类,4,,,30046
A475,河南大学,,植物科学与技术,3,,,44175
A475,河南大学,,生物育种科学(明德计划实验班),5,,,53877
A475,河南大学,,地理科学类,4,,,31947
A475,河南大学,,环境科学,4,,,53600
A475,河南大学,,化学类,4,,,35816
A475,河南大学,,化学工程与工艺,4,,,39269
A475,河南大学,,材料化学,4,,,46541
A475,河南大学,,教育学(师范类),4,,,37810
A475,河南大学,,学前教育(师范类),3,,,48528
A475,河南大学,,土木工程,9,,,86097
A475,河南大学,,建筑类,5,,,46057
A475,河南大学,,土木工程(卓越计划实验班),5,,,58864
A475,河南大学,,临床医学类,3,,,23889
A475,河南大学,,药学,4,,,38236
A475,河南大学,,计算机类,4,,,25046
A475,河南大学,,历史学类,3,,,26182
A475,河南大学,,旅游管理类,9,,,58762
A475,河南大学,,社会工作,6,,,48675
A475,河南大学,,公共管理类,5,,,42942
A475,河南大学,,思想政治教育(师范类),5,,,29112
A475,河南大学,,软件工程,30,,,31501
A475,河南大学,,网络工程,40,,,38200
A475,河南大学,,国际经济与贸易(中外合作办学)(与德国安哈尔特应用技术大学合作办学),4,,,59181
A475,河南大学,,生物工程(中外合作办学)(与德国安哈尔特应用技术大学合作办学),4,,,55517
A475,河南大学,,会计学(中外合作办学)(与澳大利亚维多利亚大学合作办学),4,,,43051
A475,河南大学,,计算机科学与技术(中外合作办学)(与澳大利亚维多利亚大学合作办学),4,,,37589
A475,河南大学,,俄语(中外合作办学)(与俄罗斯南联邦大学合作办学),4,,,80381
A475,河南大学,,学前教育(中外合作办学)(与芬兰图尔库大学合作办学),6,,,235627
A476,河南师范大学,,数学与应用数学(师范类),10,,,59009
A476,河南师范大学,,物理学(师范类),10,,,65229
A476,河南师范大学,,化学(师范类),10,,,54602
A476,河南师范大学,,英语(师范类),10,,,52663
A476,河南师范大学,,工商管理,10,,,113275
A476,河南师范大学,,计算机科学与技术(师范类),10,,,66936
A476,河南师范大学,,物联网工程,10,,,84557
A476,河南师范大学,,水产类,10,,,155467
A476,河南师范大学,,汉语国际教育(师范类),10,,,67372
A477,信阳师范大学,,应用化学,5,,,176767
A477,信阳师范大学,,自然地理与资源环境,5,,,157114
A477,信阳师范大学,,道路桥梁与渡河工程,5,,,193161
A477,信阳师范大学,,土木工程(中外合作办学),10,,,218552
A477,信阳师范大学,,生物技术(中外合作办学),10,,,207038
A478,周口师范学院,,材料化学,4,,,205414
A478,周口师范学院,,电气工程及其自动化,2,,,183649
A478,周口师范学院,,电子信息工程,4,,,186351
A478,周口师范学院,,光电信息科学与工程,2,,,196470
A478,周口师范学院,,化学(师范类),4,,,163895
A478,周口师范学院,,化学工程与工艺,4,,,201927
A478,周口师范学院,,环境工程,4,,,207672
A478,周口师范学院,,机械电子工程,2,,,197962
A478,周口师范学院,,机械设计制造及其自动化,2,,,188505
A478,周口师范学院,,计算机科学与技术(师范类),4,,,171902
A478,周口师范学院,,生物工程,4,,,189552
A478,周口师范学院,,生物技术,4,,,191917
A478,周口师范学院,,生物制药,4,,,181811
A478,周口师范学院,,食品质量与安全,4,,,182354
A478,周口师范学院,,数据科学与大数据技术,2,,,172238
A478,周口师范学院,,数学与应用数学(师范类),2,,,172256
A478,周口师范学院,,网络工程,2,,,181557
A478,周口师范学院,,物理学(师范类),2,,,179096
A478,周口师范学院,,物联网工程,4,,,190629
A478,周口师范学院,,信息与计算科学,2,,,190334
A478,周口师范学院,,应用化学,4,,,186994
A478,周口师范学院,,应用统计学,2,,,197614
A478,周口师范学院,,智能科学与技术,2,,,194246
A478,周口师范学院,,自动化,2,,,177239
A478,周口师范学院,,历史学(师范类),2,,,133470
A478,周口师范学院,,思想政治教育(师范类),2,,,142207
A478,周口师范学院,,网络与新媒体,7,,,172524
A478,周口师范学院,,财务管理,4,,,170025
A478,周口师范学院,,电子商务,4,,,199863
A478,周口师范学院,,法学,3,,,127005
A478,周口师范学院,,国际经济与贸易,2,,,189724
A478,周口师范学院,,经济学,2,,,180041
A478,周口师范学院,,人力资源管理,4,,,180729
A478,周口师范学院,,日语(师范类),5,,,183142
A478,周口师范学院,,物流管理,4,,,195535
A478,周口师范学院,,小学教育(师范类),2,,,151797
A478,周口师范学院,,心理学(师范类),2,,,166405
A478,周口师范学院,,学前教育(师范类),2,,,166696
A478,周口师范学院,,英语(师范类),3,,,142818
A479,安阳师范学院,,汉语言文学(师范类),3,,,116108
A479,安阳师范学院,,历史学(师范类),3,,,129494
A479,安阳师范学院,,软件工程,3,,,160979
A479,安阳师范学院,,人工智能,3,,,175236
A479,安阳师范学院,,化学(师范类),3,,,154828
A479,安阳师范学院,,制药工程,3,,,181653
A479,安阳师范学院,,应用化学,3,,,190637
A479,安阳师范学院,,物理学(师范类),3,,,167915
A479,安阳师范学院,,电气工程及其自动化,2,,,166244
A479,安阳师范学院,,数学与应用数学(师范类),4,,,162836
A479,安阳师范学院,,思想政治教育(师范类),4,,,129357
A479,安阳师范学院,,法学,3,,,129590
A479,安阳师范学院,,社会工作,3,,,178194
A479,安阳师范学院,,土木工程,3,,,210050
A479,安阳师范学院,,国际经济与贸易,2,,,172726
A480,许昌学院,,汉语言文学(师范类),5,,,131982
A480,许昌学院,,法学,5,,,131210
A480,许昌学院,,英语(师范类),10,,,166387
A480,许昌学院,,电子商务,10,,,194553
A480,许昌学院,,应用心理学,5,,,173480
A480,许昌学院,,学前教育(师范类),5,,,177527
A480,许昌学院,,小学教育(师范类),5,,,161986
A480,许昌学院,,数学与应用数学(师范类),8,,,180886
A480,许昌学院,,电子信息工程,5,,,174587
A480,许昌学院,,纳米材料与技术,8,,,196545
A480,许昌学院,,地理科学(师范类),5,,,155743
A480,许昌学院,,风景园林,5,,,188779
A480,许昌学院,,数字媒体技术,5,,,172215
A480,许昌学院,,物联网工程,5,,,191845
A480,许昌学院,,数据科学与大数据技术,10,,,188365
A480,许昌学院,,食品科学与工程,5,,,188339
A480,许昌学院,,工程造价,5,,,203122
A481,南阳师范学院,,法学,10,,,129491
A481,南阳师范学院,,政治学与行政学,5,,,162274
A481,南阳师范学院,,制药工程,6,,,183736
A481,南阳师范学院,,机械类,12,,,205758
A481,南阳师范学院,,自动化,6,,,190948
A481,南阳师范学院,,软件工程(软件开发方向),10,,,191392
A481,南阳师范学院,,软件工程(智能设备方向),10,,,195272
A481,南阳师范学院,,计算机类,12,,,183466
A481,南阳师范学院,,国际经济与贸易,10,,,194176
A481,南阳师范学院,,数字经济,7,,,217951
A481,南阳师范学院,,生物工程,6,,,180314
A481,南阳师范学院,,农学,8,,,193525
A481,南阳师范学院,,统计学,5,,,183681
A481,南阳师范学院,,环境科学与工程,6,,,212320
A481,南阳师范学院,,土木工程,10,,,212131
A481,南阳师范学院,,汉语言文学(师范类),4,,,116029
A481,南阳师范学院,,电子信息类,10,,,187677
A481,南阳师范学院,,智能感知工程,5,,,207781
A481,南阳师范学院,,新闻学,8,,,178211
A482,洛阳师范学院,,思想政治教育(师范类),6,,,106168
A482,洛阳师范学院,,汉语言文学(师范类),6,,,95684
A482,洛阳师范学院,,历史学(师范类),6,,,111852
A482,洛阳师范学院,,英语(师范类),6,,,116147
A482,洛阳师范学院,,日语,6,,,173619
A482,洛阳师范学院,,数学与应用数学(师范类),6,,,132102
A482,洛阳师范学院,,物理学(师范类),6,,,142598
A482,洛阳师范学院,,化学(师范类),6,,,133539
A482,洛阳师范学院,,教育学(师范类),6,,,132058
A482,洛阳师范学院,,生物科学(师范类),6,,,129281
A482,洛阳师范学院,,国际经济与贸易,6,,,159287
A482,洛阳师范学院,,会计学,6,,,125953
A482,洛阳师范学院,,地理科学(师范类),6,,,122951
A482,洛阳师范学院,,制药工程,6,,,212105
A483,商丘师范学院,,汉语言文学(师范类),2,,,103137
A483,商丘师范学院,,文化产业管理,2,,,173732
A483,商丘师范学院,,历史学(师范类),3,,,129564
A483,商丘师范学院,,金融数学,1,,,178572
A483,商丘师范学院,,统计学,2,,,171062
A483,商丘师范学院,,数学与应用数学(师范类),3,,,142482
A483,商丘师范学院,,物理学(师范类),2,,,159269
A483,商丘师范学院,,通信工程,2,,,174798
A483,商丘师范学院,,汽车服务工程,2,,,208876
A483,商丘师范学院,,电气工程及其自动化,2,,,164576
A483,商丘师范学院,,电子信息工程,2,,,171879
A483,商丘师范学院,,自动化,2,,,165130
A483,商丘师范学院,,新能源科学与工程,2,,,177593
A483,商丘师范学院,,制药工程,2,,,170801
A483,商丘师范学院,,化学(师范类),4,,,152952
A483,商丘师范学院,,材料科学与工程,3,,,197710
A483,商丘师范学院,,英语(师范类),2,,,135115
A483,商丘师范学院,,翻译,2,,,170279
A483,商丘师范学院,,商务英语,1,,,177152
A483,商丘师范学院,,法学,2,,,108362
A483,商丘师范学院,,社会工作,3,,,177962
A483,商丘师范学院,,生物科学(师范类),2,,,143348
A483,商丘师范学院,,生物工程,3,,,182422
A483,商丘师范学院,,食品科学与工程,2,,,177508
A483,商丘师范学院,,动物科学,1,,,179502
A483,商丘师范学院,,物联网工程,2,,,166989
A483,商丘师范学院,,人工智能,2,,,178690
A483,商丘师范学院,,学前教育(师范类),2,,,162504
A483,商丘师范学院,,教育学(师范类),2,,,148540
A483,商丘师范学院,,城乡规划,2,,,171348
A483,商丘师范学院,,测绘工程,2,,,171162
A483,商丘师范学院,,地理科学(师范类),3,,,135378
A483,商丘师范学院,,广播电视学,2,,,173019
A483,商丘师范学院,,网络与新媒体,2,,,154643
A483,商丘师范学院,,物流管理,1,,,177292
A483,商丘师范学院,,经济学,2,,,161066
A483,商丘师范学院,,财务管理,1,,,138808
A483,商丘师范学院,,国际经济与贸易,1,,,182925
A483,商丘师范学院,,投资学,2,,,181657
A483,商丘师范学院,,建筑电气与智能化,3,,,206398
A483,商丘师范学院,,建筑学,3,,,179026
A483,商丘师范学院,,土木工程,2,,,197619
A484,河南财经政法大学,,管理科学与工程类,4,,,120983
A484,河南财经政法大学,,金融学类,2,,,60251
A484,河南财经政法大学,,法学,8,,,42136
A484,河南财经政法大学,,财务管理,2,,,48979
A484,河南财经政法大学,,会计学,2,,,42016
A484,河南财经政法大学,,人力资源管理,2,,,75788
A484,河南财经政法大学,,经济学类,2,,,66254
A484,河南财经政法大学,,外国语言文学类,2,,,79699
A484,河南财经政法大学,,财政学类,2,,,57635
A484,河南财经政法大学,,数学类,2,,,73450
A484,河南财经政法大学,,物流管理,2,,,117420
A484,河南财经政法大学,,社会学类,2,,,79679
A484,河南财经政法大学,,房地产开发与管理,2,,,173079
A484,河南财经政法大学,,金融学(中外合作办学),6,,,128865
A484,河南财经政法大学,,人文地理与城乡规划(中外合作办学),4,,,156354
A485,郑州航空工业管理学院,,工商管理类,8,,,136971
A485,郑州航空工业管理学院,,工业工程类,2,,,161216
A485,郑州航空工业管理学院,,物流管理与工程类,3,,,176748
A485,郑州航空工业管理学院,,金融学类,3,,,162464
A485,郑州航空工业管理学院,,信息管理与信息系统,2,,,155657
A485,郑州航空工业管理学院,,机械类,4,,,147695
A485,郑州航空工业管理学院,,电气工程及其自动化,2,,,126955
A485,郑州航空工业管理学院,,数学与应用数学,2,,,151165
A485,郑州航空工业管理学院,,安全工程,2,,,163658
A485,郑州航空工业管理学院,,计算机类,2,,,132691
A485,郑州航空工业管理学院,,电子信息类,2,,,135150
A485,郑州航空工业管理学院,,材料类,2,,,180091
A485,郑州航空工业管理学院,,土木类,4,,,185594
A485,郑州航空工业管理学院,,工程管理,2,,,179767
A485,郑州航空工业管理学院,,中国语言文学类,4,,,144484
A485,郑州航空工业管理学院,,外国语言文学类,2,,,166532
A485,郑州航空工业管理学院,,飞行器质量与可靠性,2,,,147108
A485,郑州航空工业管理学院,,无人驾驶航空器系统工程,2,,,153621
A485,郑州航空工业管理学院,,人工智能,2,,,140507
A485,郑州航空工业管理学院,,大数据管理与应用,2,,,176213
A485,郑州航空工业管理学院,,能源与动力工程,2,,,165309
A485,郑州航空工业管理学院,,航空航天工程,2,,,143343
A485,郑州航空工业管理学院,,飞行器设计与工程(中外合作办学),7,,,214100
A485,郑州航空工业管理学院,,质量管理工程(中外合作办学),4,,,212706
A485,郑州航空工业管理学院,,信息管理与信息系统(中外合作办学),4,,,217276
A485,郑州航空工业管理学院,,自动化(中外合作办学),4,,,195413
A485,郑州航空工业管理学院,,材料成型及控制工程(中外合作办学),4,,,221167
A486,武汉大学,,中国语言文学类,2,,,2129
A486,武汉大学,,社会学(知行试验班),2,,,3701
A486,武汉大学,,物理学类,9,,,2325
A486,武汉大学,,化学类,7,,,3074
A486,武汉大学,,生物科学类,6,,,1803
A486,武汉大学,,理科试验班(弘毅学堂),3,,,1187
A486,武汉大学,,哲学类,2,,,2769
A486,武汉大学,,理科试验班(空间信息与国土资源类),4,,,3040
A486,武汉大学,,临床医学(八年制),3,,,970
A486,武汉大学,,口腔医学(八年制),1,,,532
A486,武汉大学,,口腔医学(五年制),2,,,1964
A486,武汉大学,,临床医学(5+3一体化),7,,,1763
A486,武汉大学,,化学类(新能源自强班),3,,,2824
A486,武汉大学,,工科试验班(电气类),16,,,2137
A486,武汉大学,,工科试验班(动力与机械类),6,,,2663
A486,武汉大学,,遥感科学与技术,12,,,2627
A486,武汉大学,,国际经济与贸易(弘毅学堂数字贸易与金融试验班),2,,,2150
A486,武汉大学,,临床医学(八年制，弘毅学堂),2,,,748
A486,武汉大学,,文科试验班类(弘毅学堂PLE试验班),2,,,1328
A486,武汉大学,,工科试验班(碳中和本硕博试验班),2,,,2700
A486,武汉大学,,外国语言文学类,2,,,4171
A486,武汉大学,,经济学类,7,,,2337
A486,武汉大学,,工商管理类,8,,,4065
A486,武汉大学,,公共管理类,2,,,3470
A486,武汉大学,,数学类,6,,,1719
A486,武汉大学,,计算机类(国家网络安全学院),13,,,1741
A486,武汉大学,,新闻传播学类,3,,,2980
A486,武汉大学,,法学,8,,,1916
A486,武汉大学,,人文科学试验班(弘毅学堂),2,,,2005
A486,武汉大学,,金融学类(弘毅学堂数理经济与数理金融试验班),2,,,1388
A486,武汉大学,,计算机类(计算机学院),14,,,1478
A486,武汉大学,,信息管理与信息系统,3,,,3025
A486,武汉大学,,电子信息类,14,,,2056
A486,武汉大学,,测绘类,9,,,3174
A487,华中科技大学,,数学类,3,,,2280
A487,华中科技大学,,物理学类,6,,,2464
A487,华中科技大学,,物理学(严济慈物理学英才班),2,,,1226
A487,华中科技大学,,机械类,13,,,2470
A487,华中科技大学,,材料类(3D打印、智能成型、智能材料、新能源),10,,,3793
A487,华中科技大学,,能源动力类,10,,,2950
A487,华中科技大学,,航空航天类,4,,,2596
A487,华中科技大学,,电气工程及其自动化,12,,,1702
A487,华中科技大学,,生物医学工程类(国家生命科学与技术人才试验班),7,,,2727
A487,华中科技大学,,电子信息类(电信学院),15,,,1795
A487,华中科技大学,,电子信息类(光电信息学院),6,,,1406
A487,华中科技大学,,电子信息类(启明光电信息本硕博实验班),5,,,1028
A487,华中科技大学,,光电信息科学与工程(未来技术学院本硕博),2,,,994
A487,华中科技大学,,电子信息类(集成电路学院，芯片),5,,,1446
A487,华中科技大学,,计算机类(计算机学院),20,,,1324
A487,华中科技大学,,自动化类,11,,,1629
A487,华中科技大学,,建筑类(智慧建筑规划试验班),4,,,5644
A487,华中科技大学,,工商管理类,3,,,4789
A487,华中科技大学,,管理科学与工程类(大数据管理与供应链优化试验班),3,,,3744
A487,华中科技大学,,经济学类,5,,,3795
A487,华中科技大学,,国际商务,3,,,7109
A487,华中科技大学,,外国语言文学类,2,,,6505
A487,华中科技大学,,临床医学(八年制),3,,,618
A487,华中科技大学,,临床医学类,14,,,2130
A487,华中科技大学,,预防医学(启明本硕博实验班),2,,,2211
A487,华中科技大学,,药学(启明本硕博实验班),2,,,1954
A487,华中科技大学,,化学类,2,,,3405
A487,华中科技大学,,生物科学(中外合作办学),5,,,10709
A488,武汉科技大学,,机械类,8,,,31599
A488,武汉科技大学,,计算机类,7,,,24412
A488,武汉科技大学,,自动化类,12,,,29649
A488,武汉科技大学,,土木类,4,,,49302
A488,武汉科技大学,,材料类,14,,,54167
A488,武汉科技大学,,应用化学,4,,,37599
A488,武汉科技大学,,化工与制药类,4,,,40333
A488,武汉科技大学,,临床医学,4,,,22572
A488,武汉科技大学,,工商管理类,8,,,45077
A488,武汉科技大学,,外国语言文学类,7,,,73061
A488,武汉科技大学,,经济与贸易类,7,,,49417
A489,长江大学,,新闻传播学类,1,,,53208
A489,长江大学,,历史学(师范类),2,,,53254
A489,长江大学,,中国语言文学类(师范类),2,,,50608
A489,长江大学,,外国语言文学类(师范类),2,,,70024
A489,长江大学,,日语(语言、商务),3,,,91354
A489,长江大学,,教育学类(师范类),4,,,65284
A489,长江大学,,经济学类,6,,,70717
A489,长江大学,,资源环境大数据工程,2,,,85540
A489,长江大学,,工商管理类(含荆楚卓越人才协同育人计划),20,,,84840
A489,长江大学,,预防医学,1,,,49419
A489,长江大学,,法学类,1,,,33562
A489,长江大学,,思想政治教育(师范类),3,,,56016
A489,长江大学,,数学类(师范类),3,,,73576
A489,长江大学,,光电信息科学与工程,2,,,54594
A489,长江大学,,化学类(师范类),6,,,87533
A489,长江大学,,环境工程(水处理，环境监测),5,,,97805
A489,长江大学,,化工与制药类,6,,,95818
A489,长江大学,,工业设计(智能化产品),2,,,72007
A489,长江大学,,机械类,6,,,69142
A489,长江大学,,电子信息类(国家一流专业、教育部卓越工程师培养计划),4,,,47580
A489,长江大学,,测控技术与仪器(智能感知),2,,,73418
A489,长江大学,,计算机类,9,,,49284
A489,长江大学,,信息安全,2,,,48203
A489,长江大学,,土木类(含荆楚卓越人才协同育人计划),10,,,117510
A489,长江大学,,建筑类,4,,,87016
A489,长江大学,,地球化学(油气资源),5,,,103393
A489,长江大学,,地球物理学类(国家特色专业，含教育部卓越工程师培养计划),12,,,81512
A489,长江大学,,数据科学与大数据技术,1,,,46430
A489,长江大学,,资源勘查工程(石油勘探、新能源、油气测录工程),8,,,90293
A489,长江大学,,地质学(工程地质、资源地质、旅游地质),4,,,67931
A489,长江大学,,地球信息科学与技术,4,,,78238
A489,长江大学,,地理信息科学(GIS、测绘，含省支柱产业人才计划),7,,,64924
A489,长江大学,,海洋油气工程,8,,,84684
A489,长江大学,,石油工程(含中俄能源方向、教育部卓越工程师培养计划),16,,,82057
A489,长江大学,,油气储运工程(含中俄能源方向),9,,,86174
A489,长江大学,,植物生产类(含教育部卓越农林、省支柱产业人才培养计划),11,,,112217
A489,长江大学,,农业资源与环境(生态农业),4,,,111310
A489,长江大学,,园林(园林规划与设计，教育部卓越农林培养计划),2,,,84750
A489,长江大学,,园艺(教育部卓越农林、省荆楚卓越人才计划),6,,,114847
A489,长江大学,,风景园林,6,,,89184
A489,长江大学,,智慧农业,4,,,115145
A489,长江大学,,动物医学类(含教育部卓越农林人才教育培养计划),11,,,87539
A489,长江大学,,生物科学类,5,,,78206
A489,长江大学,,食品科学与工程类,4,,,82731
A489,长江大学,,临床医学(教育部卓越医生、省荆楚卓越人才育人计划),2,,,32491
A489,长江大学,,中西医临床医学,1,,,39900
A489,长江大学,,医学技术类,2,,,71787
A489,长江大学,,护理学,9,,,99376
A489,长江大学,,土木工程(中外合作办学),11,,,207185
A490,武汉工程大学,,化学工程与工艺(智能化工、精细化学品、电子化学品方向),8,,,39233
A490,武汉工程大学,,化学工程与工艺(辅修英语专业双学位),4,,,45674
A490,武汉工程大学,,制药工程,4,,,46039
A490,武汉工程大学,,药物制剂,4,,,53585
A490,武汉工程大学,,机器人工程(机器人化智能制造方向),4,,,39542
A490,武汉工程大学,,机械电子工程(光机电智能装备方向),4,,,40848
A490,武汉工程大学,,机械设计制造及其自动化(智能制造方向),4,,,41235
A490,武汉工程大学,,过程装备与控制工程(含智能装备与控制、新能源装备方向),4,,,47693
A490,武汉工程大学,,电气工程及其自动化,5,,,34070
A490,武汉工程大学,,电子信息工程(含集成电路设计、模式识别与智能系统方向),4,,,35881
A490,武汉工程大学,,通信工程(5G移动互联网方向),4,,,37159
A490,武汉工程大学,,信息工程(含智能信息处理方向、智能信息系统方向),4,,,39077
A490,武汉工程大学,,测控技术与仪器(智能传感器及智能工程方向),4,,,49136
A490,武汉工程大学,,自动化(含智能机器人方向、智能控制与技术方向),5,,,37953
A490,武汉工程大学,,高分子材料与工程(含新能源与低碳技术方向、创新实验班),7,,,50110
A490,武汉工程大学,,材料物理(含半导体芯片制造、先进功能薄膜方向),4,,,47575
A490,武汉工程大学,,新能源材料与器件(光电与智能材料方向),2,,,46885
A490,武汉工程大学,,电子商务(含大数据运营、跨境电商方向),3,,,56785
A490,武汉工程大学,,会计学(含大数据会计、智能财务方向),3,,,46218
A490,武汉工程大学,,会计学(辅修英语专业双学位),3,,,41401
A490,武汉工程大学,,会计学(ACCA国际注册会计师方向),5,,,47673
A490,武汉工程大学,,计算机类,7,,,31019
A490,武汉工程大学,,软件工程,4,,,29598
A490,武汉工程大学,,人工智能,3,,,32260
A490,武汉工程大学,,人工智能(机器人方向),3,,,32828
A490,武汉工程大学,,人工智能(智能金融方向),3,,,35882
A490,武汉工程大学,,法学类,4,,,36895
A490,武汉工程大学,,知识产权(大数据与网络法学方向),3,,,40362
A490,武汉工程大学,,环境工程,5,,,59971
A490,武汉工程大学,,应用化学,6,,,50666
A490,武汉工程大学,,信息与计算科学(含智能计算、信息与数据安全方向),4,,,40904
A490,武汉工程大学,,数据科学与大数据技术,4,,,35738
A490,武汉工程大学,,光电信息科学与工程(含光电芯片、先进光学设计与智能制造方向),5,,,35691
A490,武汉工程大学,,能源与动力工程(含智能人工环境、新能源与储能科学方向),5,,,43720
A490,武汉工程大学,,英语(含文化传播、英语教育、商务、涉外法务方向),4,,,84367
A490,武汉工程大学,,英语(辅修法学专业双学位),5,,,44925
A490,武汉工程大学,,汉语国际教育(含文化传播、智慧教学方向),4,,,56828
A490,武汉工程大学,,工业设计,4,,,49258
A490,武汉工程大学,,生物工程,3,,,50770
A490,武汉工程大学,,生物技术,3,,,54491
A490,武汉工程大学,,化学工程与工艺(中外合作办学),5,,,113093
A491,中国地质大学(武汉),,地质学类(国家拔尖计划，国家理科基地班),5,,,21729
A491,中国地质大学(武汉),,地质学类,2,,,23557
A491,中国地质大学(武汉),,石油工程,2,,,29639
A491,中国地质大学(武汉),,资源环境大数据工程,2,,,28674
A491,中国地质大学(武汉),,材料类,9,,,28238
A491,中国地质大学(武汉),,大气科学,4,,,23177
A491,中国地质大学(武汉),,土木类,6,,,34365
A491,中国地质大学(武汉),,地质类,6,,,30725
A491,中国地质大学(武汉),,地球物理学(国家拔尖计划),4,,,23212
A491,中国地质大学(武汉),,机械类,7,,,22043
A491,中国地质大学(武汉),,电子信息类,6,,,17652
A491,中国地质大学(武汉),,经济学类,4,,,22986
A491,中国地质大学(武汉),,统计学,2,,,17951
A491,中国地质大学(武汉),,管理科学与工程类,6,,,30466
A491,中国地质大学(武汉),,英语,9,,,31542
A491,中国地质大学(武汉),,地理科学类,4,,,25806
A491,中国地质大学(武汉),,测绘类(测绘与信息类),15,,,27578
A491,中国地质大学(武汉),,宝石及材料工艺学,5,,,32765
A491,中国地质大学(武汉),,法学,3,,,16463
A491,中国地质大学(武汉),,公共管理类(国土管理与安全应急),6,,,79246
A491,中国地质大学(武汉),,广播电视学,2,,,30318
A491,中国地质大学(武汉),,地质学类(菁英班),4,,,22203
A491,中国地质大学(武汉),,电子信息类(未来技术学院),2,,,17953
A491,中国地质大学(武汉),,地质类(资源能源),10,,,30959
A491,中国地质大学(武汉),,应用化学,3,,,25624
A491,中国地质大学(武汉),,环境科学与工程类(环境地球科学类),8,,,32120
A491,中国地质大学(武汉),,海洋科学类,7,,,29077
A491,中国地质大学(武汉),,自动化类,10,,,19740
A491,中国地质大学(武汉),,工商管理类,10,,,27045
A491,中国地质大学(武汉),,数学类,10,,,21200
A491,中国地质大学(武汉),,计算机类,20,,,15490
A491,中国地质大学(武汉),,地下水科学与工程(中外合作办学)(色盲色弱考生不予录取),6,,,52248
A491,中国地质大学(武汉),,计算机科学与技术(中外合作办学)(大数据方向),6,,,31060
A495,武汉纺织大学,,服装设计与工程,4,,,104329
A495,武汉纺织大学,,纺织类,6,,,109797
A495,武汉纺织大学,,工商管理类,6,,,117424
A495,武汉纺织大学,,计算机类,6,,,58277
A495,武汉纺织大学,,大数据管理与应用,4,,,77537
A495,武汉纺织大学,,轻化工程,2,,,95181
A495,武汉纺织大学,,工业设计,5,,,100749
A495,武汉纺织大学,,化学类,2,,,97545
A496,武汉轻工大学,,食品科学与工程类,3,,,69796
A496,武汉轻工大学,,机械类,4,,,62987
A496,武汉轻工大学,,电子信息类,4,,,55542
A496,武汉轻工大学,,计算机类,5,,,52282
A496,武汉轻工大学,,工商管理类,2,,,66050
A496,武汉轻工大学,,金融学(大数据金融实验班),2,,,62803
A496,武汉轻工大学,,外国语言文学类,2,,,79494
A497,武汉理工大学,,电子信息类(微电子本硕实验班),3,,,11249
A497,武汉理工大学,,交通运输类(本硕实验班),3,,,14128
A497,武汉理工大学,,机械设计制造及其自动化,15,,,16374
A497,武汉理工大学,,海洋工程类,16,,,23878
A497,武汉理工大学,,机械类(车辆),32,,,20825
A497,武汉理工大学,,机械工程(智能制造本硕实验班),4,,,12923
A497,武汉理工大学,,土木类,20,,,29499
A497,武汉理工大学,,建筑类,5,,,24643
A497,武汉理工大学,,地理信息科学,8,,,21880
A497,武汉理工大学,,环境科学与工程类,10,,,26478
A497,武汉理工大学,,电子信息类(通信本硕实验班),4,,,10918
A497,武汉理工大学,,电子信息类,30,,,13271
A497,武汉理工大学,,计算机类,25,,,12261
A497,武汉理工大学,,自动化类,29,,,14658
A497,武汉理工大学,,导航工程,6,,,19137
A497,武汉理工大学,,化工与制药类(含生物方向),35,,,24352
A497,武汉理工大学,,信息管理与信息系统,5,,,16993
A497,武汉理工大学,,工商管理类,22,,,25429
A497,武汉理工大学,,经济学类,17,,,21861
A497,武汉理工大学,,工业设计,3,,,18724
A497,武汉理工大学,,外国语言文学类,13,,,39121
A497,武汉理工大学,,思想政治教育,5,,,21611
A497,武汉理工大学,,新闻传播学类,6,,,28407
A497,武汉理工大学,,法学类,15,,,18989
A497,武汉理工大学,,材料类,34,,,22067
A497,武汉理工大学,,交通运输类,13,,,20311
A497,武汉理工大学,,机械类(智能制造),27,,,19344
A497,武汉理工大学,,数学类,21,,,17344
A497,武汉理工大学,,管理科学与工程类(大数据管理与安全科学),11,,,22969
A497,武汉理工大学,,车辆工程(中外合作办学),15,,,33452
A497,武汉理工大学,,金融学(中外合作办学),5,,,30053
A497,武汉理工大学,,生物科学类(中外合作办学),12,,,41374
A500,湖北工业大学,,机械设计制造及其自动化,5,,,39253
A500,湖北工业大学,,电气工程及其自动化,6,,,32352
A500,湖北工业大学,,轻化工程,6,,,71499
A500,湖北工业大学,,生物技术,4,,,56844
A500,湖北工业大学,,土木工程,4,,,68397
A500,湖北工业大学,,城乡规划,3,,,68772
A500,湖北工业大学,,环境工程,3,,,65427
A500,湖北工业大学,,工商管理类,9,,,57464
A500,湖北工业大学,,能源经济,5,,,63478
A500,湖北工业大学,,机械设计制造及其自动化(中外合作办学)(中美合作办学),15,,,125000
A500,湖北工业大学,,电气工程及其自动化(中外合作办学)(中美合作办学),15,,,105749
A500,湖北工业大学,,环境工程(中外合作办学)(中美合作办学),12,,,176302
A500,湖北工业大学,,软件工程(中外合作办学)(中美合作办学),13,,,95653
A504,华中农业大学,,生物科学类,9,,,17874
A504,华中农业大学,,生物工程,5,,,22171
A504,华中农业大学,,植物生产类,20,,,32288
A504,华中农业大学,,智慧农业,20,,,31835
A504,华中农业大学,,动物科学(国家卓越农林人才计划),8,,,31098
A504,华中农业大学,,动物医学,11,,,26041
A504,华中农业大学,,环境科学与工程类,18,,,34291
A504,华中农业大学,,地理信息科学,3,,,22814
A504,华中农业大学,,园艺(国家卓越农林人才计划),3,,,25674
A504,华中农业大学,,设施农业科学与工程,2,,,30532
A504,华中农业大学,,茶学,3,,,34337
A504,华中农业大学,,林学,4,,,32090
A504,华中农业大学,,园林(国家卓越农林人才计划),3,,,27931
A504,华中农业大学,,风景园林,2,,,23510
A504,华中农业大学,,水产类,18,,,37843
A504,华中农业大学,,农业工程类,6,,,29570
A504,华中农业大学,,机械类,25,,,27283
A504,华中农业大学,,光电信息科学与工程,3,,,21530
A504,华中农业大学,,应用化学,10,,,30252
A504,华中农业大学,,信息与计算科学,8,,,23455
A504,华中农业大学,,生物信息学,3,,,22285
A504,华中农业大学,,计算机类,10,,,19966
A504,华中农业大学,,社会学类,5,,,30081
A504,华中农业大学,,法学,2,,,18337
A504,华中农业大学,,广告学,7,,,33966
A504,华中农业大学,,经济学类,23,,,27741
A504,华中农业大学,,工商管理类,10,,,28246
A504,华中农业大学,,外国语言文学类,14,,,48214
A504,华中农业大学,,公共管理类,7,,,37043
A504,华中农业大学,,管理科学与工程类,6,,,32522
A507,湖北中医药大学,,中医学,4,,,28914
A507,湖北中医药大学,,中医学(美容与康复方向),4,,,44319
A507,湖北中医药大学,,中西医临床医学,3,,,34122
A507,湖北中医药大学,,中西医临床医学(全科医学方向),3,,,39141
A507,湖北中医药大学,,针灸推拿学,4,,,49533
A507,湖北中医药大学,,针灸推拿学(针刀方向),4,,,57370
A507,湖北中医药大学,,中医骨伤科学,2,,,56498
A507,湖北中医药大学,,康复治疗学,2,,,55740
A507,湖北中医药大学,,医学影像技术,3,,,48021
A507,湖北中医药大学,,医学实验技术,2,,,72275
A507,湖北中医药大学,,中药学,3,,,48770
A507,湖北中医药大学,,药学,3,,,50205
A507,湖北中医药大学,,制药工程,3,,,67459
A507,湖北中医药大学,,药物制剂,3,,,64361
A507,湖北中医药大学,,中药资源与开发,2,,,260459
A507,湖北中医药大学,,中药制药,3,,,95802
A507,湖北中医药大学,,医学检验技术,3,,,60640
A507,湖北中医药大学,,卫生检验与检疫,3,,,72142
A507,湖北中医药大学,,生物技术,2,,,58243
A507,湖北中医药大学,,食品质量与安全,3,,,94313
A507,湖北中医药大学,,护理学,2,,,76816
A507,湖北中医药大学,,助产学,1,,,70256
A507,湖北中医药大学,,市场营销,1,,,132087
A507,湖北中医药大学,,物流管理,1,,,124399
A507,湖北中医药大学,,国际商务,2,,,115357
A507,湖北中医药大学,,公共事业管理,2,,,119460
A507,湖北中医药大学,,保险学,2,,,217081
A507,湖北中医药大学,,信息管理与信息系统,2,,,110746
A507,湖北中医药大学,,医学信息工程,3,,,92265
A507,湖北中医药大学,,物联网工程,3,,,75615
A507,湖北中医药大学,,应用心理学,3,,,66091
A507,湖北中医药大学,,公共事业管理(医事法学方向),2,,,86556
A507,湖北中医药大学,,汉语国际教育,1,,,73135
A507,湖北中医药大学,,药事管理,1,,,66672
A507,湖北中医药大学,,英语,2,,,80167
A507,湖北中医药大学,,商务英语,1,,,86124
A507,湖北中医药大学,,运动康复,1,,,78440
A507,湖北中医药大学,,健康服务与管理,1,,,94740
A511,华中师范大学,,教育学类,4,,,17530
A511,华中师范大学,,日语,3,,,27735
A511,华中师范大学,,俄语,3,,,24925
A511,华中师范大学,,历史学类,3,,,13608
A511,华中师范大学,,数学类,1,,,6502
A511,华中师范大学,,物理学类,2,,,9958
A511,华中师范大学,,电子信息类,4,,,13911
A511,华中师范大学,,化学类,8,,,14203
A511,华中师范大学,,生物科学类,2,,,13806
A511,华中师范大学,,新闻传播学类,2,,,17144
A511,华中师范大学,,计算机类,2,,,12259
A511,华中师范大学,,管理科学与工程类,3,,,20764
A511,华中师范大学,,信息资源管理,2,,,21038
A511,华中师范大学,,社会学类,7,,,23629
A511,华中师范大学,,公共管理类,4,,,22828
A511,华中师范大学,,政治学类,2,,,14517
A511,华中师范大学,,经济学类,4,,,17023
A512,湖北大学,,工商管理类,3,,,40819
A512,湖北大学,,经济学类,3,,,35877
A512,湖北大学,,行政管理,2,,,50741
A512,湖北大学,,中国语言文学类,2,,,26793
A512,湖北大学,,心理学,2,,,45053
A512,湖北大学,,外国语言文学类,3,,,58745
A512,湖北大学,,法语,4,,,58816
A512,湖北大学,,葡萄牙语,2,,,72666
A512,湖北大学,,物理学,2,,,33220
A512,湖北大学,,电子信息类,4,,,30483
A512,湖北大学,,生物科学类,3,,,41723
A512,湖北大学,,生物工程,2,,,39130
A512,湖北大学,,化学类,3,,,42485
A512,湖北大学,,地理科学类,3,,,40911
A512,湖北大学,,材料类,3,,,43323
A512,湖北大学,,新闻传播学类,3,,,38689
A512,湖北大学,,计算机类,4,,,28175
A512,湖北大学,,物联网工程,2,,,29076
A512,湖北大学,,思想政治教育(师范类),3,,,37378
A512,湖北大学,,历史学(师范类),3,,,35789
A512,湖北大学,,材料科学与工程(中外合作办学),12,,,119275
A512,湖北大学,,软件工程(中外合作办学),12,,,74700
A512,湖北大学,,电子信息工程(中外合作办学),12,,,75730
A513,湖北师范大学,,经济学类,2,,,77411
A513,湖北师范大学,,财务管理,2,,,70742
A513,湖北师范大学,,财务会计教育(师范类),2,,,74183
A513,湖北师范大学,,法学,2,,,43021
A513,湖北师范大学,,行政管理,2,,,75934
A513,湖北师范大学,,应用心理学,2,,,75442
A513,湖北师范大学,,教育学类(师范类),2,,,61994
A513,湖北师范大学,,学前教育(师范类),2,,,98849
A513,湖北师范大学,,日语(师范类),4,,,120076
A513,湖北师范大学,,历史学(师范类),2,,,46696
A513,湖北师范大学,,思想政治教育(师范类),2,,,45612
A513,湖北师范大学,,汉语言文学(师范类),2,,,30307
A513,湖北师范大学,,汉语国际教育,2,,,61792
A513,湖北师范大学,,广播电视学,2,,,89466
A513,湖北师范大学,,数学与应用数学(师范类),4,,,47764
A513,湖北师范大学,,物理学(师范类),5,,,67828
A513,湖北师范大学,,集成电路设计与集成系统,3,,,84030
A513,湖北师范大学,,化学类(师范类),3,,,70840
A513,湖北师范大学,,化学工程与工艺,2,,,104456
A513,湖北师范大学,,地理科学类(师范类),2,,,61239
A513,湖北师范大学,,环境工程,2,,,136924
A513,湖北师范大学,,食品科学与工程,2,,,95631
A513,湖北师范大学,,电气工程及其自动化,2,,,76199
A513,湖北师范大学,,自动化类,2,,,81316
A513,湖北师范大学,,教育技术学(师范类),2,,,88079
A513,湖北师范大学,,计算机类,4,,,75077
A513,湖北师范大学,,生物科学,2,,,66033
A513,湖北师范大学,,材料科学与工程,2,,,144883
A513,湖北师范大学,,电子信息工程(中外合作办学),12,,,179008
A514,黄冈师范学院,,思想政治教育(师范类),4,,,120904
A514,黄冈师范学院,,汉语言文学(师范类),4,,,111206
A514,黄冈师范学院,,历史学(师范类),4,,,129098
A514,黄冈师范学院,,英语(师范类),4,,,135829
A514,黄冈师范学院,,电子信息工程,5,,,171885
A514,黄冈师范学院,,计算机科学与技术(师范类),5,,,169459
A514,黄冈师范学院,,机械设计制造及其自动化,5,,,176831
A514,黄冈师范学院,,飞行器制造工程,5,,,198986
A517,湖北民族大学,,汉语言文学,2,,,94672
A517,湖北民族大学,,医学影像技术,2,,,124543
A517,湖北民族大学,,化学,2,,,158126
A517,湖北民族大学,,城乡规划,2,,,171809
A517,湖北民族大学,,日语,2,,,162934
A517,湖北民族大学,,临床医学,2,,,91590
A517,湖北民族大学,,食品科学与工程,2,,,141937
A518,汉江师范学院,,小学教育(师范类),2,,,161966
A518,汉江师范学院,,思想政治教育(师范类),1,,,141779
A518,汉江师范学院,,英语(师范类),2,,,166242
A518,汉江师范学院,,数学与应用数学(师范类),2,,,162326
A518,汉江师范学院,,物理学(师范类),2,,,170538
A518,汉江师范学院,,化学(师范类),2,,,158362
A519,湖北文理学院,,汉语言文学,4,,,121775
A519,湖北文理学院,,计算机类,4,,,137096
A520,中南财经政法大学,,国际政治,3,,,21504
A520,中南财经政法大学,,社会学,2,,,15028
A520,中南财经政法大学,,经济学类,10,,,15381
A520,中南财经政法大学,,国际商务,3,,,21250
A520,中南财经政法大学,,财政学类,14,,,14857
A520,中南财经政法大学,,金融学类(保险精算),4,,,15523
A520,中南财经政法大学,,管理科学与工程类,1,,,20759
A520,中南财经政法大学,,外国语言文学类,4,,,23059
A520,中南财经政法大学,,日语,2,,,66150
A520,中南财经政法大学,,法语,4,,,25054
A520,中南财经政法大学,,汉语言文学,2,,,14054
A520,中南财经政法大学,,工商管理类,10,,,20647
A520,中南财经政法大学,,经济与贸易类,8,,,17754
A520,中南财经政法大学,,工商管理类(会计学院),8,,,13154
A520,中南财经政法大学,,劳动关系,2,,,17036
A520,中南财经政法大学,,金融数学,4,,,14631
A520,中南财经政法大学,,环境工程,1,,,24202
A520,中南财经政法大学,,经济管理试验班,7,,,12625
A520,中南财经政法大学,,经济学(拔尖人才实验班),2,,,13188
A520,中南财经政法大学,,经济管理试验班(本硕实验班),3,,,10231
A520,中南财经政法大学,,国际经济与贸易(融通创新人才实验班),3,,,17024
A520,中南财经政法大学,,会计学(荆楚卓越经管人才实验班),2,,,12248
A520,中南财经政法大学,,法学(国际法实验班),2,,,6619
A520,中南财经政法大学,,金融学类,12,,,15137
A520,中南财经政法大学,,法学类,24,,,8586
A520,中南财经政法大学,,新闻传播学类,2,,,18434
A520,中南财经政法大学,,公共管理类,7,,,22278
A520,中南财经政法大学,,统计学类,11,,,14513
A520,中南财经政法大学,,计算机类,14,,,16506
A522,武汉体育学院,,应用心理学,2,,,172092
A522,武汉体育学院,,教育技术学,2,,,193400
A522,武汉体育学院,,机械电子工程,2,,,169841
A522,武汉体育学院,,数据科学与大数据技术,2,,,142058
A522,武汉体育学院,,新闻学,2,,,142250
A524,中南民族大学,,社会学类,3,,,58418
A524,中南民族大学,,经济学类,3,,,49664
A524,中南民族大学,,外国语言文学类,7,,,90722
A524,中南民族大学,,日语,3,,,97555
A524,中南民族大学,,新闻传播学类,4,,,55828
A524,中南民族大学,,工商管理类,5,,,56384
A524,中南民族大学,,公共管理类,4,,,73958
A524,中南民族大学,,教育学类,3,,,63711
A524,中南民族大学,,数学类,10,,,70263
A524,中南民族大学,,电子信息类,9,,,58471
A524,中南民族大学,,自动化类,4,,,60483
A524,中南民族大学,,计算机类,9,,,52851
A524,中南民族大学,,生物医学工程类,8,,,78300
A524,中南民族大学,,材料类,9,,,86789
A524,中南民族大学,,环境科学与工程类,12,,,85337
A524,中南民族大学,,化学类,5,,,73180
A524,中南民族大学,,药学类,9,,,71725
A524,中南民族大学,,生物科学类,9,,,65894
A525,湖北汽车工业学院,,机械设计制造及其自动化,3,,,126426
A525,湖北汽车工业学院,,人工智能(智能驾驶),3,,,117343
A525,湖北汽车工业学院,,车辆工程,2,,,115440
A525,湖北汽车工业学院,,车辆工程(中外合作办学)(中英合作),4,,,215123
A528,湖北工程学院,,英语,1,,,167895
A528,湖北工程学院,,经济学,1,,,125181
A528,湖北工程学院,,金融工程,2,,,154418
A528,湖北工程学院,,数据科学与大数据技术,1,,,68870
A528,湖北工程学院,,光电信息科学与工程,1,,,127562
A528,湖北工程学院,,机械设计制造及其自动化,1,,,136805
A528,湖北工程学院,,物联网工程,1,,,83174
A528,湖北工程学院,,自动化,1,,,120489
A530,湘潭大学,,哲学,3,,,34250
A530,湘潭大学,,社会学,3,,,37014
A530,湘潭大学,,历史学,4,,,32083
A530,湘潭大学,,中国共产党历史,3,,,29216
A530,湘潭大学,,思想政治教育,3,,,27029
A530,湘潭大学,,马克思主义理论,3,,,27675
A530,湘潭大学,,马克思主义理论(韶峰班),2,,,25761
A530,湘潭大学,,经济学类(韶峰班),2,,,26880
A530,湘潭大学,,经济学,4,,,30029
A530,湘潭大学,,金融学,3,,,34065
A530,湘潭大学,,国际经济与贸易,4,,,35851
A530,湘潭大学,,工商管理,4,,,41549
A530,湘潭大学,,会计学,5,,,28713
A530,湘潭大学,,旅游管理,4,,,50036
A530,湘潭大学,,行政管理,3,,,35652
A530,湘潭大学,,信息管理与信息系统,4,,,32442
A530,湘潭大学,,法学(卓越班),2,,,16600
A530,湘潭大学,,法学类,6,,,19565
A530,湘潭大学,,知识产权,4,,,21825
A530,湘潭大学,,汉语言文学,4,,,23671
A530,湘潭大学,,新闻学,4,,,35378
A530,湘潭大学,,广告学,3,,,43938
A530,湘潭大学,,英语,5,,,41458
A530,湘潭大学,,德语,4,,,54409
A530,湘潭大学,,日语,5,,,64370
A530,湘潭大学,,数学类(韶峰班),2,,,17093
A530,湘潭大学,,数学类,4,,,20143
A530,湘潭大学,,数据科学与大数据技术,4,,,27382
A530,湘潭大学,,物理学,3,,,30750
A530,湘潭大学,,微电子科学与工程,4,,,27603
A530,湘潭大学,,光电信息科学与工程,4,,,30634
A530,湘潭大学,,材料科学与工程,5,,,41436
A530,湘潭大学,,新能源材料与器件,5,,,35110
A530,湘潭大学,,化学类(韶峰班),2,,,28087
A530,湘潭大学,,化学,4,,,33928
A530,湘潭大学,,应用化学,4,,,39727
A530,湘潭大学,,高分子材料与工程,3,,,39729
A530,湘潭大学,,化学工程与工艺(韶峰班),2,,,33024
A530,湘潭大学,,化学工程与工艺,5,,,40154
A530,湘潭大学,,制药工程,3,,,36253
A530,湘潭大学,,机械设计制造及其自动化,5,,,31710
A530,湘潭大学,,工业设计,3,,,42305
A530,湘潭大学,,智能制造工程,4,,,31677
A530,湘潭大学,,能源与动力工程,3,,,31787
A530,湘潭大学,,自动化,4,,,28310
A530,湘潭大学,,人工智能,5,,,28532
A530,湘潭大学,,通信工程,5,,,28756
A530,湘潭大学,,计算机科学与技术,4,,,23575
A530,湘潭大学,,软件工程,3,,,25300
A530,湘潭大学,,网络空间安全,3,,,26592
A530,湘潭大学,,土木工程,5,,,49177
A530,湘潭大学,,环境工程,4,,,47347
A530,湘潭大学,,机械设计制造及其自动化(中外合作办学),3,,,47124
A531,吉首大学,,旅游管理,2,,,180656
A531,吉首大学,,电子商务,2,,,192592
A531,吉首大学,,电气工程及其自动化,2,,,96533
A531,吉首大学,,网络与新媒体,3,,,85920
A531,吉首大学,,英语(师范类),5,,,96330
A531,吉首大学,,国际经济与贸易,4,,,150890
A531,吉首大学,,数学与应用数学(师范类),5,,,120426
A531,吉首大学,,环境工程,4,,,161105
A531,吉首大学,,软件工程,4,,,99499
A531,吉首大学,,化学工程与工艺,4,,,125095
A531,吉首大学,,汉语言文学(师范类),4,,,70369
A532,湖南大学,,经济学类,3,,,10099
A532,湖南大学,,数字经济,4,,,12748
A532,湖南大学,,金融学,13,,,12059
A532,湖南大学,,保险学(风险管理实验班),1,,,12765
A532,湖南大学,,精算学,1,,,6572
A532,湖南大学,,国际经济与贸易(实验班),6,,,14140
A532,湖南大学,,法学,6,,,8077
A532,湖南大学,,英语(语言智能实验班),2,,,16722
A532,湖南大学,,日语,5,,,23801
A532,湖南大学,,新闻传播学类,3,,,14419
A532,湖南大学,,历史学,2,,,11108
A532,湖南大学,,数学类,6,,,8492
A532,湖南大学,,应用物理学,5,,,10568
A532,湖南大学,,化学类,5,,,11794
A532,湖南大学,,生物技术,2,,,11263
A532,湖南大学,,统计学类,2,,,7512
A532,湖南大学,,工程力学(力学实验班),2,,,10834
A532,湖南大学,,机械类,18,,,12206
A532,湖南大学,,工业设计,5,,,12215
A532,湖南大学,,智能制造工程,2,,,9217
A532,湖南大学,,测控技术与仪器,1,,,9447
A532,湖南大学,,本科预科班（招收边防军人子女）,2,,,44376
A532,湖南大学,,能源与动力工程(未来能源与动力创新实验班),2,,,10221
A532,湖南大学,,电气工程及其自动化,11,,,7823
A532,湖南大学,,电子信息工程,2,,,7098
A532,湖南大学,,电子科学与技术,5,,,8271
A532,湖南大学,,人工智能,3,,,8116
A532,湖南大学,,机器人工程,3,,,7996
A532,湖南大学,,计算机科学与技术,3,,,5428
A532,湖南大学,,计算机科学与技术(智能班),7,,,6956
A532,湖南大学,,软件工程,5,,,7343
A532,湖南大学,,信息安全,5,,,8120
A532,湖南大学,,土木工程(智能土木实验班),2,,,12651
A532,湖南大学,,建筑环境与能源应用工程(低碳建筑实验班),3,,,14097
A532,湖南大学,,给排水科学与工程,2,,,13808
A532,湖南大学,,化学工程与工艺,1,,,6489
A532,湖南大学,,环境科学与工程类,3,,,14711
A532,湖南大学,,生物医学工程,3,,,11795
A532,湖南大学,,建筑学,6,,,21289
A532,湖南大学,,城乡规划,2,,,16658
A532,湖南大学,,工商管理,7,,,15319
A532,湖南大学,,会计学,7,,,10751
A532,湖南大学,,电子商务,4,,,23234
A532,湖南大学,,材料科学与工程,5,,,14677
A532,湖南大学,,通信工程,4,,,7985
A532,湖南大学,,自动化,3,,,8057
A532,湖南大学,,土木类,18,,,18089
A532,湖南大学,,行政管理,3,,,14590
A533,中南大学,,软件工程,10,,,5429
A533,中南大学,,临床医学(八年制),3,,,779
A533,中南大学,,口腔医学(5+3一体化),2,,,1945
A533,中南大学,,金融学类(经济管理类),11,,,9394
A533,中南大学,,法学类,8,,,7364
A533,中南大学,,中国语言文学类,11,,,10742
A533,中南大学,,外国语言文学类,7,,,17306
A533,中南大学,,建筑类(建筑城规类),4,,,13534
A533,中南大学,,数学类,12,,,6306
A533,中南大学,,化工与制药类(化学生物环境类),15,,,12299
A533,中南大学,,材料类(冶金材料类),33,,,14369
A533,中南大学,,土木类(土木安全类),34,,,18709
A533,中南大学,,交通运输类,15,,,11287
A533,中南大学,,机械类,29,,,9953
A533,中南大学,,能源动力类(能源类),13,,,10525
A533,中南大学,,电子信息类,10,,,5824
A533,中南大学,,自动化类(自动化与电气类),32,,,6895
A533,中南大学,,计算机类(计算机与通信类),23,,,5221
A533,中南大学,,航空航天类,3,,,5437
A533,中南大学,,临床医学类(临床及口腔五年制医学类),16,,,4111
A533,中南大学,,公共卫生与预防医学类(非临床五年制医学类),8,,,13087
A533,中南大学,,医学技术类(医学四年类),8,,,12910
A533,中南大学,,材料科学与工程(中外合作办学)(中南大学和蒙纳士大学中外合作办学项,8,,,20275
A533,中南大学,,土木工程(中外合作办学)(中南大学和蒙纳士大学中外合作办学项目),8,,,28516
A534,湖南科技大学,,给排水科学与工程,2,,,104601
A534,湖南科技大学,,工程力学,2,,,72271
A534,湖南科技大学,,建筑环境与能源应用工程,2,,,105144
A534,湖南科技大学,,机械设计制造及其自动化,3,,,48120
A534,湖南科技大学,,车辆工程,3,,,65782
A534,湖南科技大学,,机械电子工程,3,,,60883
A534,湖南科技大学,,机械设计制造及其自动化(卓越工程师班),1,,,42930
A534,湖南科技大学,,工业工程,3,,,92992
A534,湖南科技大学,,电气工程及其自动化,1,,,34024
A534,湖南科技大学,,自动化,1,,,35628
A534,湖南科技大学,,电子信息工程,1,,,35231
A534,湖南科技大学,,通信工程,2,,,49243
A534,湖南科技大学,,机器人工程,2,,,50200
A534,湖南科技大学,,计算机科学与技术,2,,,29748
A534,湖南科技大学,,信息安全,1,,,40206
A534,湖南科技大学,,物联网工程,2,,,44913
A534,湖南科技大学,,软件工程,1,,,31777
A534,湖南科技大学,,化学(师范类),2,,,60721
A534,湖南科技大学,,应用化学,5,,,85315
A534,湖南科技大学,,化学工程与工艺,4,,,78952
A534,湖南科技大学,,环境工程,3,,,82347
A534,湖南科技大学,,制药工程,2,,,70987
A534,湖南科技大学,,能源化学工程,2,,,69502
A534,湖南科技大学,,数学与应用数学(师范类),2,,,62001
A534,湖南科技大学,,信息与计算科学,4,,,57992
A534,湖南科技大学,,应用统计学,3,,,65158
A534,湖南科技大学,,物理学(师范类),2,,,73438
A534,湖南科技大学,,电子信息科学与技术,1,,,43430
A534,湖南科技大学,,光电信息科学与工程,3,,,61365
A534,湖南科技大学,,生物工程,3,,,65127
A534,湖南科技大学,,建筑学,2,,,76480
A534,湖南科技大学,,城乡规划,3,,,106520
A534,湖南科技大学,,风景园林,2,,,75841
A534,湖南科技大学,,测绘工程,2,,,72451
A534,湖南科技大学,,土木工程,9,,,97455
A534,湖南科技大学,,汉语言文学(师范类),1,,,43400
A534,湖南科技大学,,历史学(师范类),1,,,51458
A534,湖南科技大学,,新闻学,2,,,63744
A534,湖南科技大学,,思想政治教育(师范类),2,,,55798
A534,湖南科技大学,,日语,4,,,188393
A534,湖南科技大学,,翻译,2,,,89668
A534,湖南科技大学,,教育学(师范类),2,,,75521
A534,湖南科技大学,,教育技术学(师范类),2,,,92815
A534,湖南科技大学,,小学教育(师范类),4,,,77267
A534,湖南科技大学,,经济学,2,,,60821
A534,湖南科技大学,,国际经济与贸易,1,,,91728
A534,湖南科技大学,,会计学,2,,,55689
A534,湖南科技大学,,人力资源管理,2,,,79610
A534,湖南科技大学,,电子商务,2,,,93872
A534,湖南科技大学,,金融工程,1,,,68952
A534,湖南科技大学,,采矿工程,5,,,160113
A534,湖南科技大学,,安全工程,5,,,88619
A534,湖南科技大学,,勘查技术与工程,4,,,99337
A534,湖南科技大学,,材料成型及控制工程,2,,,89014
A534,湖南科技大学,,法学,2,,,36183
A534,湖南科技大学,,公共事业管理,2,,,88413
A534,湖南科技大学,,化学工程与工艺(卓越工程师班),2,,,61049
A534,湖南科技大学,,材料科学与工程,8,,,107924
A534,湖南科技大学,,数据科学与大数据技术,1,,,43505
A534,湖南科技大学,,智能制造工程,2,,,57836
A534,湖南科技大学,,集成电路设计与集成系统,2,,,47157
A534,湖南科技大学,,应急技术与管理,1,,,100356
A534,湖南科技大学,,智能材料与结构,2,,,79184
A534,湖南科技大学,,应用心理学(师范类),2,,,63580
A534,湖南科技大学,,数字经济,2,,,78677
A534,湖南科技大学,,智能建造,2,,,90173
A534,湖南科技大学,,汉语国际教育,1,,,62536
A536,长沙理工大学,,会计学,2,,,29177
A536,长沙理工大学,,法学,2,,,29703
A536,长沙理工大学,,汉语言文学,2,,,41075
A536,长沙理工大学,,新闻学,2,,,52887
A536,长沙理工大学,,英语,2,,,53989
A536,长沙理工大学,,翻译,2,,,96034
A536,长沙理工大学,,数学与应用数学,2,,,34701
A536,长沙理工大学,,信息与计算科学,2,,,34414
A536,长沙理工大学,,应用统计学,2,,,35862
A536,长沙理工大学,,物理学,2,,,40735
A536,长沙理工大学,,环境工程,2,,,58620
A536,长沙理工大学,,土木工程,6,,,58573
A536,长沙理工大学,,测控技术与仪器,2,,,43604
A536,长沙理工大学,,能源与动力工程,4,,,35062
A536,长沙理工大学,,新能源科学与工程,2,,,34353
A536,长沙理工大学,,自动化,2,,,29385
A536,长沙理工大学,,建筑环境与能源应用工程,2,,,61970
A536,长沙理工大学,,电气工程及其自动化,2,,,21569
A536,长沙理工大学,,电子信息工程,2,,,26993
A536,长沙理工大学,,轨道交通信号与控制,2,,,39303
A536,长沙理工大学,,通信工程,2,,,29399
A536,长沙理工大学,,计算机科学与技术,2,,,24197
A536,长沙理工大学,,道路桥梁与渡河工程,4,,,59038
A536,长沙理工大学,,交通运输类,4,,,37206
A536,长沙理工大学,,工程管理,2,,,63854
A536,长沙理工大学,,给排水科学与工程,2,,,58032
A536,长沙理工大学,,船舶与海洋工程,4,,,58391
A536,长沙理工大学,,金融学,2,,,42802
A536,长沙理工大学,,材料类,6,,,52163
A536,长沙理工大学,,机械类,8,,,42651
A536,长沙理工大学,,建筑类,2,,,48361
A536,长沙理工大学,,水利类,4,,,44955
A536,长沙理工大学,,电子信息类,2,,,28054
A536,长沙理工大学,,生物工程类,3,,,53008
A536,长沙理工大学,,数字经济,2,,,48672
A536,长沙理工大学,,网络与新媒体,2,,,39003
A536,长沙理工大学,,储能科学与工程,2,,,35140
A536,长沙理工大学,,智能电网信息工程,2,,,25838
A536,长沙理工大学,,机器人工程,2,,,32536
A536,长沙理工大学,,城市地下空间工程,2,,,57735
A536,长沙理工大学,,地理信息科学,2,,,52454
A536,长沙理工大学,,应用化学,2,,,50564
A536,长沙理工大学,,轻化工程,2,,,67831
A536,长沙理工大学,,化学工程与工艺,2,,,51682
A536,长沙理工大学,,艺术管理,4,,,150106
A536,长沙理工大学,,新闻学(卓越班),1,,,42874
A536,长沙理工大学,,会计学(卓越班),1,,,27758
A536,长沙理工大学,,电气工程及其自动化(创新人才培养班),2,,,20909
A536,长沙理工大学,,电气工程及其自动化(卓越班),1,,,20616
A536,长沙理工大学,,港口航道与海岸工程(卓越班),2,,,49559
A536,长沙理工大学,,水利水电工程(卓越班),1,,,31337
A536,长沙理工大学,,道路桥梁与渡河工程(智慧道路卓越班),1,,,50993
A536,长沙理工大学,,土木工程(创新人才培养班),2,,,51705
A536,长沙理工大学,,土木工程(中外合作办学),2,,,66537
A536,长沙理工大学,,电气工程及其自动化(中外合作办学),5,,,40144
A536,长沙理工大学,,机械设计制造及其自动化(中外合作办学),3,,,62013
A537,湖南农业大学,,动物科学,4,,,92715
A537,湖南农业大学,,植物保护,3,,,79900
A537,湖南农业大学,,机械设计制造及其自动化,2,,,87340
A537,湖南农业大学,,农业机械化及其自动化,2,,,97211
A537,湖南农业大学,,水利水电工程,2,,,107183
A537,湖南农业大学,,工程管理,3,,,137167
A537,湖南农业大学,,土木工程,4,,,139190
A537,湖南农业大学,,农学,3,,,53781
A537,湖南农业大学,,生物工程,2,,,82039
A537,湖南农业大学,,生态学,3,,,92830
A537,湖南农业大学,,材料化学,2,,,108094
A537,湖南农业大学,,园艺,2,,,79448
A537,湖南农业大学,,中药资源与开发,2,,,109475
A537,湖南农业大学,,计算机科学与技术,2,,,60670
A537,湖南农业大学,,电子信息工程,2,,,73256
A537,湖南农业大学,,物联网工程,2,,,74840
A537,湖南农业大学,,工商管理,4,,,93837
A537,湖南农业大学,,市场营销,2,,,114136
A537,湖南农业大学,,英语,5,,,89256
A537,湖南农业大学,,日语,2,,,108454
A537,湖南农业大学,,公共管理类,6,,,101135
A537,湖南农业大学,,土地资源管理,2,,,91070
A537,湖南农业大学,,思想政治教育,3,,,70418
A537,湖南农业大学,,酿酒工程,2,,,99067
A537,湖南农业大学,,机器人工程,3,,,81536
A537,湖南农业大学,,动植物检疫,2,,,99054
A537,湖南农业大学,,食品科学与工程,2,,,87922
A537,湖南农业大学,,动物医学,2,,,61008
A537,湖南农业大学,,水生动物医学,3,,,122723
A537,湖南农业大学,,水产养殖学,5,,,132068
A537,湖南农业大学,,生物技术,2,,,84747
A537,湖南农业大学,,生物科学,2,,,83041
A538,中南林业科技大学,,园艺,2,,,80279
A538,中南林业科技大学,,林学类,2,,,75487
A538,中南林业科技大学,,土地资源管理,4,,,79467
A538,中南林业科技大学,,材料类,10,,,109219
A538,中南林业科技大学,,化学工程与工艺,3,,,95015
A538,中南林业科技大学,,森林工程,2,,,152191
A538,中南林业科技大学,,木材科学与工程,5,,,109848
A538,中南林业科技大学,,林产化工,10,,,129122
A538,中南林业科技大学,,能源动力类,1,,,64528
A538,中南林业科技大学,,机械设计制造及其自动化,1,,,61673
A538,中南林业科技大学,,智能制造工程,1,,,66584
A538,中南林业科技大学,,车辆工程,1,,,74934
A538,中南林业科技大学,,物流管理,2,,,97848
A538,中南林业科技大学,,物流工程,2,,,86642
A538,中南林业科技大学,,供应链管理,2,,,112031
A538,中南林业科技大学,,建筑类,2,,,70289
A538,中南林业科技大学,,工业设计,2,,,71484
A538,中南林业科技大学,,家具设计与工程,4,,,142050
A538,中南林业科技大学,,计算机科学与技术,1,,,44868
A538,中南林业科技大学,,人工智能,1,,,64036
A538,中南林业科技大学,,土木类,10,,,118599
A538,中南林业科技大学,,测绘工程,2,,,84861
A538,中南林业科技大学,,工程管理,2,,,116666
A538,中南林业科技大学,,食品科学与工程类,10,,,86194
A538,中南林业科技大学,,环境科学与工程类,8,,,106697
A538,中南林业科技大学,,应用物理学,2,,,93396
A538,中南林业科技大学,,地理信息科学,2,,,64953
A538,中南林业科技大学,,国际商务,2,,,135240
A538,中南林业科技大学,,市场营销,2,,,77039
A538,中南林业科技大学,,农林经济管理,2,,,78675
A538,中南林业科技大学,,金融学,2,,,64316
A538,中南林业科技大学,,国际经济与贸易,1,,,70081
A538,中南林业科技大学,,外国语言文学类,2,,,72513
A538,中南林业科技大学,,日语,2,,,108468
A538,中南林业科技大学,,旅游管理类,10,,,152281
A538,中南林业科技大学,,木材科学与工程(院士卓越班),2,,,108503
A538,中南林业科技大学,,生态学(陶铸实验班),3,,,74705
A541,湖南中医药大学,,中医学(5+3一体化，卓越1班),2,,,15503
A541,湖南中医药大学,,中医学,13,,,41344
A541,湖南中医药大学,,中西医临床医学,2,,,35113
A541,湖南中医药大学,,针灸推拿学,3,,,45518
A541,湖南中医药大学,,康复治疗学,2,,,63663
A541,湖南中医药大学,,临床医学,3,,,26482
A541,湖南中医药大学,,医学影像学,1,,,24371
A541,湖南中医药大学,,口腔医学,8,,,20306
A541,湖南中医药大学,,护理学,4,,,78518
A541,湖南中医药大学,,药学,4,,,56018
A541,湖南中医药大学,,制药工程,1,,,48899
A541,湖南中医药大学,,食品科学与工程,2,,,62424
A541,湖南中医药大学,,生物工程,3,,,64938
A541,湖南中医药大学,,运动康复,1,,,66068
A541,湖南中医药大学,,应用心理学,3,,,57081
A541,湖南中医药大学,,计算机科学与技术,5,,,41900
A541,湖南中医药大学,,信息管理与信息系统,1,,,68983
A541,湖南中医药大学,,市场营销,1,,,99717
A541,湖南中医药大学,,中医养生学,3,,,65618
A541,湖南中医药大学,,中医康复学,1,,,56753
A541,湖南中医药大学,,中医学(5+3一体化，卓越2班),1,,,16519
A541,湖南中医药大学,,中医学(5+3一体化，卓越3班),2,,,18581
A541,湖南中医药大学,,中医儿科学,2,,,49269
A541,湖南中医药大学,,中医骨伤科学,2,,,57605
A541,湖南中医药大学,,中医学(5+3一体化，中医儿科班),1,,,23870
A541,湖南中医药大学,,眼视光医学,4,,,43281
A541,湖南中医药大学,,医疗保险,1,,,80068
A542,湖南师范大学,,汉语国际教育(师范类),4,,,22952
A542,湖南师范大学,,汉语言文学(师范类),4,,,15240
A542,湖南师范大学,,文化产业管理,4,,,32157
A542,湖南师范大学,,法学,8,,,16800
A542,湖南师范大学,,知识产权,2,,,17835
A542,湖南师范大学,,工商管理,3,,,29540
A542,湖南师范大学,,会计学,4,,,21870
A542,湖南师范大学,,行政管理,4,,,31276
A542,湖南师范大学,,社会学,4,,,25671
A542,湖南师范大学,,思想政治教育(师范类),2,,,17267
A542,湖南师范大学,,哲学,4,,,21037
A542,湖南师范大学,,政治学与行政学,2,,,20951
A542,湖南师范大学,,经济学,2,,,23614
A542,湖南师范大学,,金融学,2,,,23984
A542,湖南师范大学,,国际经济与贸易,2,,,28670
A542,湖南师范大学,,旅游管理类,12,,,44629
A542,湖南师范大学,,外国语言文学类,6,,,28231
A542,湖南师范大学,,数学与应用数学(师范类),2,,,16242
A542,湖南师范大学,,统计学,2,,,20284
A542,湖南师范大学,,数据科学与大数据技术,2,,,20150
A542,湖南师范大学,,信息与计算科学,2,,,17960
A542,湖南师范大学,,电子信息科学与技术,2,,,20232
A542,湖南师范大学,,物理学类,2,,,19741
A542,湖南师范大学,,化学(师范类),2,,,15710
A542,湖南师范大学,,化工与制药类,6,,,31148
A542,湖南师范大学,,生物科学类,2,,,19436
A542,湖南师范大学,,地理信息科学,4,,,23549
A542,湖南师范大学,,人文地理与城乡规划,4,,,31986
A542,湖南师范大学,,土地资源管理,2,,,30033
A542,湖南师范大学,,机械设计制造及其自动化,2,,,24029
A542,湖南师范大学,,临床医学,8,,,20194
A542,湖南师范大学,,药学,8,,,28509
A542,湖南师范大学,,医学检验技术,6,,,29357
A542,湖南师范大学,,预防医学,4,,,30276
A542,湖南师范大学,,计算机科学与技术,2,,,18941
A542,湖南师范大学,,软件工程,4,,,20274
A542,湖南师范大学,,通信工程,4,,,21355
A542,湖南师范大学,,物联网工程,2,,,21060
A542,湖南师范大学,,人工智能,2,,,20993
A542,湖南师范大学,,新闻传播学类,8,,,25620
A543,湖南理工学院,,法学,8,,,83100
A543,湖南理工学院,,朝鲜语,3,,,201287
A543,湖南理工学院,,机械设计制造及其自动化,3,,,116843
A543,湖南理工学院,,通信工程,5,,,119068
A543,湖南理工学院,,土木工程,2,,,154449
A543,湖南理工学院,,应用化学(中外合作办学),2,,,213201
A545,湘南学院,,金融工程,2,,,180235
A545,湘南学院,,数学与应用数学(师范类),3,,,160936
A545,湘南学院,,汉语言文学(师范类),3,,,127553
A545,湘南学院,,新闻学,2,,,155231
A545,湘南学院,,翻译,2,,,189321
A545,湘南学院,,商务英语,2,,,172432
A545,湘南学院,,财务管理,2,,,136022
A545,湘南学院,,国际经济与贸易,2,,,178713
A545,湘南学院,,电气工程及其自动化,3,,,145550
A545,湘南学院,,计算机科学与技术,3,,,132108
A545,湘南学院,,物联网工程,2,,,148028
A545,湘南学院,,预防医学,2,,,130177
A545,湘南学院,,卫生检验与检疫,2,,,148904
A545,湘南学院,,针灸推拿学,2,,,107991
A545,湘南学院,,康复治疗学,2,,,152438
A545,湘南学院,,药学,2,,,151998
A545,湘南学院,,旅游管理,1,,,193088
A545,湘南学院,,医学影像学,2,,,76168
A545,湘南学院,,医学检验技术,2,,,131365
A545,湘南学院,,医学影像技术,2,,,134916
A545,湘南学院,,物理学(师范类),2,,,175108
A545,湘南学院,,化学(师范类),2,,,162244
A545,湘南学院,,生物技术(师范类),2,,,167418
A545,湘南学院,,临床医学,5,,,94171
A546,衡阳师范学院,,经济学,1,,,147206
A546,衡阳师范学院,,国际经济与贸易,2,,,149813
A546,衡阳师范学院,,电子商务,1,,,164288
A546,衡阳师范学院,,法学,1,,,101269
A546,衡阳师范学院,,知识产权,2,,,123399
A546,衡阳师范学院,,思想政治教育(师范类),1,,,97866
A546,衡阳师范学院,,历史学(师范类),1,,,99601
A546,衡阳师范学院,,汉语言文学(师范类),1,,,79265
A546,衡阳师范学院,,汉语国际教育(师范类),1,,,117441
A546,衡阳师范学院,,新闻学,2,,,121644
A546,衡阳师范学院,,广告学,1,,,126143
A546,衡阳师范学院,,网络与新媒体,1,,,84524
A546,衡阳师范学院,,英语(师范类),1,,,84983
A546,衡阳师范学院,,商务英语,1,,,208901
A546,衡阳师范学院,,地理科学(师范类),1,,,84155
A546,衡阳师范学院,,旅游管理,2,,,201679
A546,衡阳师范学院,,电子信息科学与技术,1,,,137529
A546,衡阳师范学院,,化学(师范类),2,,,135995
A546,衡阳师范学院,,应用化学,1,,,176459
A546,衡阳师范学院,,高分子材料与工程,1,,,177710
A546,衡阳师范学院,,软件工程,2,,,135667
A546,衡阳师范学院,,物联网工程,2,,,148846
A546,衡阳师范学院,,学前教育(师范类),2,,,151981
A546,衡阳师范学院,,应用心理学(师范类),1,,,115006
A546,衡阳师范学院,,生物科学(师范类),1,,,119379
A546,衡阳师范学院,,电子信息工程,1,,,139721
A546,衡阳师范学院,,计算机科学与技术,1,,,114665
A547,邵阳学院,,思想政治教育(师范类),3,,,153165
A547,邵阳学院,,金融工程,3,,,189363
A547,邵阳学院,,法学,2,,,127954
A547,邵阳学院,,英语(师范类),3,,,174943
A547,邵阳学院,,商务英语,3,,,192071
A547,邵阳学院,,机械设计制造及其自动化,3,,,173612
A547,邵阳学院,,能源与动力工程,3,,,176690
A547,邵阳学院,,食品质量与安全,3,,,187000
A547,邵阳学院,,自动化,3,,,181155
A547,邵阳学院,,电子信息工程,3,,,183878
A547,邵阳学院,,计算机科学与技术,3,,,152069
A547,邵阳学院,,物联网工程,3,,,188841
A547,邵阳学院,,城乡规划,3,,,195123
A547,邵阳学院,,临床医学,4,,,98427
A547,邵阳学院,,护理学,3,,,162403
A547,邵阳学院,,医学影像技术,2,,,149272
A547,邵阳学院,,通信工程(中外合作办学),6,,,222489
A548,怀化学院,,法学,2,,,113400
A548,怀化学院,,学前教育(师范类),2,,,182687
A548,怀化学院,,汉语言文学(师范类),2,,,141898
A548,怀化学院,,英语(师范类),2,,,170523
A548,怀化学院,,信息与计算科学,2,,,174635
A548,怀化学院,,机械设计制造及其自动化,2,,,165451
A548,怀化学院,,材料化学,2,,,200038
A548,怀化学院,,通信工程,2,,,175080
A548,怀化学院,,电子信息科学与技术,2,,,178499
A548,怀化学院,,网络空间安全,2,,,162970
A548,怀化学院,,生物制药,2,,,169137
A548,怀化学院,,园林,1,,,194530
A548,怀化学院,,财务管理,2,,,173266
A548,怀化学院,,物理学(师范类),2,,,198193
A548,怀化学院,,机器人工程,2,,,188401
A548,怀化学院,,数据科学与大数据技术,2,,,160604
A548,怀化学院,,历史学(师范类),2,,,147956
A548,怀化学院,,国际经济与贸易,2,,,194753
A549,湖南文理学院,,新闻学,2,,,146621
A549,湖南文理学院,,商务英语,2,,,194484
A549,湖南文理学院,,水产养殖学,2,,,188103
A549,湖南文理学院,,自动化,2,,,152277
A549,湖南文理学院,,机械电子工程,2,,,170039
A549,湖南文理学院,,机械设计制造及其自动化(中外合作办学),2,,,217410
A549,湖南文理学院,,信息管理与信息系统(中外合作办学),4,,,222105
A551,湖南科技学院,,汉语言文学(师范类),2,,,117860
A551,湖南科技学院,,化学(师范类),2,,,162520
A551,湖南科技学院,,土木工程,2,,,187894
A551,湖南科技学院,,测绘工程,2,,,188514
A553,湖南人文科技学院,,社会工作,4,,,198083
A553,湖南人文科技学院,,思想政治教育(师范类),4,,,155148
A553,湖南人文科技学院,,食品科学与工程,5,,,196215
A553,湖南人文科技学院,,园艺,4,,,209222
A553,湖南人文科技学院,,电子商务,4,,,210739
A553,湖南人文科技学院,,商务英语,5,,,204357
A553,湖南人文科技学院,,电子信息工程,4,,,191801
A553,湖南人文科技学院,,计算机科学与技术,4,,,177251
A553,湖南人文科技学院,,学前教育(中外合作办学)(师范类),8,,,218349
A554,湖南工商大学,,金融学类,3,,,70438
A554,湖南工商大学,,工商管理类,10,,,97678
A554,湖南工商大学,,财务管理,12,,,68789
A554,湖南工商大学,,健康服务与管理,1,,,144289
A554,湖南工商大学,,旅游管理类,1,,,104220
A554,湖南工商大学,,电子信息工程,1,,,57865
A554,湖南工商大学,,人工智能,1,,,78363
A554,湖南工商大学,,智能制造工程,4,,,85863
A554,湖南工商大学,,通信工程,4,,,71120
A555,南华大学,,机械类,25,,,100192
A555,南华大学,,能源与动力工程,3,,,74119
A555,南华大学,,电气工程及其自动化,2,,,56142
A555,南华大学,,生物医学工程,2,,,84633
A555,南华大学,,核工程类,8,,,54801
A555,南华大学,,核物理,2,,,49530
A555,南华大学,,资源勘查工程,3,,,132599
A555,南华大学,,城市地下空间工程,4,,,120181
A555,南华大学,,环境工程,4,,,118249
A555,南华大学,,安全工程(含卓越工程师班),2,,,87917
A555,南华大学,,人工智能,2,,,62854
A555,南华大学,,土木类,20,,,143215
A555,南华大学,,建筑类,5,,,105154
A555,南华大学,,风景园林,6,,,115420
A555,南华大学,,化工与制药类,10,,,102264
A555,南华大学,,材料类,8,,,114937
A555,南华大学,,信息与计算科学,4,,,70430
A555,南华大学,,临床医学类,5,,,27364
A555,南华大学,,生物技术,2,,,71587
A555,南华大学,,药学,4,,,80574
A555,南华大学,,预防医学,2,,,71136
A555,南华大学,,护理学,12,,,105017
A555,南华大学,,物流工程,4,,,110740
A555,南华大学,,电子商务,8,,,118403
A555,南华大学,,法学,2,,,49542
A555,南华大学,,经济学,2,,,70512
A555,南华大学,,外国语言文学类,8,,,138067
A555,南华大学,,会计学,3,,,68487
A555,南华大学,,药物制剂,2,,,93025
A555,南华大学,,软件工程,2,,,58752
A555,南华大学,,物联网工程,2,,,62359
A555,南华大学,,数据科学与大数据技术,2,,,58588
A555,南华大学,,电子信息工程,2,,,62292
A555,南华大学,,通信工程,2,,,62742
A555,南华大学,,自动化,3,,,63897
A555,南华大学,,机器人工程,3,,,68406
A555,南华大学,,日语,4,,,166266
A555,南华大学,,矿物资源工程(含卓越工程师班),3,,,130658
A555,南华大学,,工商管理,3,,,80018
A555,南华大学,,矿物加工工程,3,,,138025
A558,中山大学,,汉语言文学(广州),4,,,3510
A558,中山大学,,历史学(广州),5,,,6052
A558,中山大学,,外国语言文学类(广州),2,,,6303
A558,中山大学,,法学,5,,,3161
A558,中山大学,,公共管理类,5,,,6358
A558,中山大学,,工商管理类(广州),11,,,5539
A558,中山大学,,心理学,4,,,7140
A558,中山大学,,数学类(广州),6,,,2847
A558,中山大学,,化学类,12,,,5473
A558,中山大学,,材料类,5,,,5194
A558,中山大学,,电子信息类(广州),20,,,3399
A558,中山大学,,计算机类(广州),12,,,2901
A558,中山大学,,临床医学(八年制),2,,,543
A558,中山大学,,临床医学(广州),22,,,2841
A558,中山大学,,物理学类(珠海),15,,,4738
A558,中山大学,,智能科学与技术,17,,,3955
A558,中山大学,,航空航天类,18,,,5132
A558,中山大学,,网络空间安全,10,,,3950
A559,暨南大学,,汉语言文学,2,,,13392
A559,暨南大学,,广告学,2,,,16304
A559,暨南大学,,网络与新媒体,3,,,14178
A559,暨南大学,,英语,3,,,23464
A559,暨南大学,,西班牙语,2,,,28044
A559,暨南大学,,财政学,2,,,16586
A559,暨南大学,,税收学,2,,,17012
A559,暨南大学,,市场营销,2,,,28361
A559,暨南大学,,法学,2,,,11357
A559,暨南大学,,知识产权,2,,,14730
A559,暨南大学,,国际政治,2,,,20981
A559,暨南大学,,国际事务与国际关系,2,,,19474
A559,暨南大学,,数学与应用数学,2,,,14247
A559,暨南大学,,软件工程,2,,,11745
A559,暨南大学,,信息管理与信息系统,2,,,18140
A559,暨南大学,,电子信息工程,2,,,12735
A559,暨南大学,,网络空间安全,2,,,12940
A559,暨南大学,,生物科学,3,,,18882
A559,暨南大学,,口腔医学,2,,,7875
A559,暨南大学,,中药学,2,,,21110
A559,暨南大学,,国际经济与贸易,2,,,18166
A559,暨南大学,,药学,2,,,18383
A559,暨南大学,,临床医学,2,,,10720
A559,暨南大学,,文化产业管理,2,,,23013
A559,暨南大学,,国际商务,2,,,20597
A559,暨南大学,,工商管理,2,,,19927
A559,暨南大学,,翻译,2,,,27717
A559,暨南大学,,电气工程及其自动化,2,,,12229
A559,暨南大学,,包装工程,2,,,30834
A559,暨南大学,,物联网工程,2,,,12885
A559,暨南大学,,人工智能,2,,,13281
A559,暨南大学,,汉语国际教育,2,,,20039
A559,暨南大学,,旅游管理,2,,,35570
A559,暨南大学,,风景园林,2,,,23237
A559,暨南大学,,电子商务,2,,,22317
A559,暨南大学,,商务英语,2,,,22449
A559,暨南大学,,经济学,2,,,13985
A559,暨南大学,,应急管理,2,,,24745
A559,暨南大学,,化学,2,,,20211
A559,暨南大学,,金融工程,3,,,15653
A559,暨南大学,,数学与应用数学(中外合作办学),4,,,27996
A559,暨南大学,,信息与计算科学(中外合作办学),4,,,30339
A559,暨南大学,,经济统计学(中外合作办学),4,,,27409
A559,暨南大学,,经济学(中外合作办学),4,,,25158
A560,汕头大学,,汉语言文学,3,,,30659
A560,汕头大学,,英语,2,,,41476
A560,汕头大学,,光电信息科学与工程,3,,,35111
A560,汕头大学,,生物技术,4,,,45883
A560,汕头大学,,应用化学,4,,,50884
A560,汕头大学,,机械设计制造及其自动化,2,,,34132
A560,汕头大学,,数据科学与大数据技术,3,,,31889
A560,汕头大学,,土木工程,4,,,64441
A560,汕头大学,,生物医学工程,3,,,39761
A560,汕头大学,,法学,4,,,26426
A560,汕头大学,,法学(涉外法务英语特色班),2,,,27017
A560,汕头大学,,行政管理,2,,,50593
A560,汕头大学,,工商管理(创业与创新管理),3,,,46412
A560,汕头大学,,临床医学(5+3一体化，全英预备班),3,,,15961
A560,汕头大学,,临床医学(5+3一体化),1,,,9736
A560,汕头大学,,临床医学,1,,,16219
A560,汕头大学,,网络与新媒体(视听传播),3,,,44748
A561,华南理工大学,,工科试验班(智能装备与先进制造),5,,,5237
A561,华南理工大学,,建筑学,2,,,6373
A561,华南理工大学,,城乡规划,2,,,14899
A561,华南理工大学,,风景园林,1,,,6999
A561,华南理工大学,,工程力学(创新班),1,,,3858
A561,华南理工大学,,土木工程(卓越全英班),1,,,6839
A561,华南理工大学,,工科试验班(智慧土木与数字建造),3,,,6704
A561,华南理工大学,,交通运输类,3,,,6166
A561,华南理工大学,,电气工程及其自动化(卓越班),2,,,3454
A561,华南理工大学,,电气类,6,,,4571
A561,华南理工大学,,信息工程(创新班),1,,,2175
A561,华南理工大学,,信息工程,5,,,4107
A561,华南理工大学,,自动化类,4,,,4654
A561,华南理工大学,,材料类,3,,,6139
A561,华南理工大学,,化工与制药类,2,,,6203
A561,华南理工大学,,食品科学与工程类,2,,,9498
A561,华南理工大学,,数学类,2,,,4434
A561,华南理工大学,,物理学类,2,,,4769
A561,华南理工大学,,工商管理(全英班),1,,,7727
A561,华南理工大学,,工商管理类,3,,,11364
A561,华南理工大学,,会计学,1,,,4685
A561,华南理工大学,,计算机类,4,,,3217
A561,华南理工大学,,软件工程,4,,,3555
A561,华南理工大学,,环境科学与工程类,2,,,8352
A561,华南理工大学,,生物科学类,2,,,5561
A561,华南理工大学,,新闻传播学类,1,,,9594
A561,华南理工大学,,工业设计,1,,,7001
A561,华南理工大学,,经济学类,4,,,7919
A561,华南理工大学,,大数据管理与应用,3,,,5631
A561,华南理工大学,,临床医学,2,,,5497
A561,华南理工大学,,行政管理,1,,,13544
A564,华南农业大学,,电子信息工程,1,,,23301
A564,华南农业大学,,机械设计制造及其自动化,1,,,32225
A564,华南农业大学,,土木工程,5,,,54631
A564,华南农业大学,,材料科学与工程,1,,,41484
A564,华南农业大学,,生物工程,2,,,34140
A564,华南农业大学,,食品科学与工程,1,,,38465
A564,华南农业大学,,食品质量与安全,1,,,38721
A564,华南农业大学,,农学,3,,,37549
A564,华南农业大学,,园艺,3,,,41732
A564,华南农业大学,,植物保护,2,,,36784
A564,华南农业大学,,农业资源与环境,2,,,46669
A564,华南农业大学,,农业资源与环境(低碳农业),2,,,42464
A564,华南农业大学,,动物医学,2,,,31451
A564,华南农业大学,,动物科学,2,,,34617
A564,华南农业大学,,海洋科学,2,,,41605
A564,华南农业大学,,水产养殖学,4,,,46574
A564,华南农业大学,,水产养殖学(智慧渔业),4,,,49070
A564,华南农业大学,,生物科学(中外合作办学)(与爱尔兰都柏林大学合作办学),2,,,51670
A564,华南农业大学,,园艺(中外合作办学)(与爱尔兰都柏林大学合作办学),2,,,59646
A564,华南农业大学,,食品质量与安全(中外合作办学)(与爱尔兰都柏林大学合作办学),2,,,52432
A566,广东海洋大学,,国际经济与贸易,2,,,86816
A566,广东海洋大学,,日语,2,,,100912
A566,广东海洋大学,,应用化学,1,,,93906
A566,广东海洋大学,,大气科学,3,,,81412
A566,广东海洋大学,,应用气象学,3,,,88503
A566,广东海洋大学,,海洋科学,4,,,98311
A566,广东海洋大学,,生物科学,1,,,72205
A566,广东海洋大学,,自动化,2,,,71373
A566,广东海洋大学,,港口航道与海岸工程,1,,,106094
A566,广东海洋大学,,制药工程,1,,,89734
A566,广东海洋大学,,食品科学与工程,1,,,85163
A566,广东海洋大学,,生物工程,1,,,85780
A566,广东海洋大学,,农学,3,,,124315
A566,广东海洋大学,,园艺,2,,,127891
A566,广东海洋大学,,动物医学,2,,,61685
A566,广东海洋大学,,园林,1,,,117381
A566,广东海洋大学,,水产养殖学,6,,,131584
A566,广东海洋大学,,海洋渔业科学与技术,2,,,112524
A566,广东海洋大学,,水生动物医学,3,,,123792
A566,广东海洋大学,,工程管理,2,,,138343
A566,广东海洋大学,,工商管理,1,,,99912
A566,广东海洋大学,,会计学,1,,,59884
A566,广东海洋大学,,土地资源管理,2,,,95125
A566,广东海洋大学,,工业工程,2,,,110560
A566,广东海洋大学,,计算机科学与技术,1,,,43485
A566,广东海洋大学,,工商管理,2,,,119023
A566,广东海洋大学,,电子信息工程(中外合作办学),1,,,89909
A566,广东海洋大学,,船舶与海洋工程(中外合作办学),2,,,174850
A571,广东医科大学,,临床医学,5,,,22479
A571,广东医科大学,,麻醉学,4,,,25093
A571,广东医科大学,,医学影像学,4,,,28531
A571,广东医科大学,,口腔医学,3,,,17660
A571,广东医科大学,,法医学,2,,,39575
A571,广东医科大学,,医学检验技术,2,,,48106
A571,广东医科大学,,预防医学,3,,,41122
A572,广州中医药大学,,中医学(5+3一体化),2,,,9258
A572,广州中医药大学,,中医学,3,,,15972
A572,广州中医药大学,,中医骨伤科学,1,,,25889
A572,广州中医药大学,,中西医临床医学,1,,,17714
A572,广州中医药大学,,临床医学,2,,,20773
A572,广州中医药大学,,医学影像学,1,,,20442
A572,广州中医药大学,,眼视光学,2,,,35934
A572,广州中医药大学,,针灸推拿学,2,,,19986
A572,广州中医药大学,,康复治疗学,1,,,37684
A572,广州中医药大学,,中医养生学,1,,,28985
A572,广州中医药大学,,中药学类,4,,,41179
A572,广州中医药大学,,药学类,3,,,40391
A572,广州中医药大学,,临床药学,1,,,23780
A572,广州中医药大学,,应用心理学,2,,,33058
A572,广州中医药大学,,健康服务与管理,1,,,46303
A572,广州中医药大学,,护理学,2,,,44556
A572,广州中医药大学,,助产学,1,,,52206
A573,广东药科大学,,生物科学类,3,,,69209
A573,广东药科大学,,生物工程类,3,,,72867
A573,广东药科大学,,临床医学,3,,,38203
A573,广东药科大学,,预防医学,3,,,64602
A573,广东药科大学,,中医学,4,,,60548
A573,广东药科大学,,临床药学,2,,,53670
A573,广东药科大学,,海洋药学,3,,,73214
A573,广东药科大学,,中药学类,3,,,65940
A573,广东药科大学,,药学类,3,,,48823
A573,广东药科大学,,制药工程,3,,,66123
A574,华南师范大学,,社会工作,4,,,30493
A574,华南师范大学,,学前教育(师范类),3,,,28840
A574,华南师范大学,,心理学(师范类),6,,,22324
A574,华南师范大学,,历史学(师范类),7,,,20570
A574,华南师范大学,,人文地理与城乡规划,3,,,27568
A574,华南师范大学,,生物科学(师范类),5,,,22606
A574,华南师范大学,,计算机科学与技术(师范类),4,,,20026
A574,华南师范大学,,网络工程,4,,,20966
A574,华南师范大学,,旅游管理,4,,,32283
A574,华南师范大学,,人力资源管理,4,,,31093
A574,华南师范大学,,法学,5,,,17843
A574,华南师范大学,,汉语言文学(师范类),6,,,16284
A574,华南师范大学,,光电信息科学与工程,6,,,21826
A574,华南师范大学,,环境工程,5,,,36195
A576,韶关学院,,新闻学,10,,,216952
A576,韶关学院,,英语(师范类),10,,,185015
A576,韶关学院,,护理学,10,,,170077
A577,惠州学院,,园林,2,,,184275
A577,惠州学院,,电气工程及其自动化,4,,,143053
A577,惠州学院,,应用化学,4,,,210934
A577,惠州学院,,化学工程与工艺,4,,,204968
A577,惠州学院,,风景园林,4,,,184859
A578,韩山师范学院,,应用化学,1,,,200744
A578,韩山师范学院,,经济学,1,,,181696
A578,韩山师范学院,,统计学,1,,,140291
A578,韩山师范学院,,社会工作,1,,,194262
A579,岭南师范学院,,汉语言文学(师范类),2,,,99488
A579,岭南师范学院,,社会工作,2,,,177665
A579,岭南师范学院,,英语(师范类),2,,,128252
A579,岭南师范学院,,学前教育(师范类),2,,,185457
A579,岭南师范学院,,数学与应用数学(师范类),3,,,171439
A579,岭南师范学院,,烹饪与营养教育(师范类),2,,,215713
A579,岭南师范学院,,海洋资源开发技术,2,,,225086
A579,岭南师范学院,,应用物理学,2,,,205364
A579,岭南师范学院,,软件工程(软件服务外包),3,,,186821
A579,岭南师范学院,,国际经济与贸易,2,,,175625
A579,岭南师范学院,,汽车服务工程(师范类),2,,,205305
A579,岭南师范学院,,机器人工程,2,,,202968
A580,肇庆学院,,日语,5,,,207173
A580,肇庆学院,,食品科学与工程类,5,,,194820
A587,星海音乐学院,,艺术管理,2,,,90027
A588,广东技术师范大学,,日语,5,,,159785
A588,广东技术师范大学,,软件工程,6,,,118252
A589,海南大学,,金融学,5,,,29764
A589,海南大学,,国际经济与贸易,6,,,29589
A589,海南大学,,法学,7,,,18326
A589,海南大学,,思想政治教育,3,,,24942
A589,海南大学,,汉语言文学,3,,,21174
A589,海南大学,,传播学,3,,,29906
A589,海南大学,,戏剧影视文学,6,,,45098
A589,海南大学,,英语,16,,,41576
A589,海南大学,,日语,5,,,45623
A589,海南大学,,俄语,3,,,48692
A589,海南大学,,数学与应用数学,6,,,27854
A589,海南大学,,应用物理学,6,,,31857
A589,海南大学,,应用化学,4,,,35588
A589,海南大学,,化学,2,,,35694
A589,海南大学,,生物科学,5,,,31277
A589,海南大学,,生物技术,4,,,32005
A589,海南大学,,生物医学工程,8,,,34819
A589,海南大学,,生态学,5,,,43250
A589,海南大学,,环境科学,5,,,41896
A589,海南大学,,药学,5,,,32695
A589,海南大学,,机械设计制造及其自动化,5,,,27716
A589,海南大学,,车辆工程,4,,,30964
A589,海南大学,,自动化,4,,,24918
A589,海南大学,,材料科学与工程,6,,,39967
A589,海南大学,,高分子材料与工程,6,,,41586
A589,海南大学,,电子信息类,18,,,26629
A589,海南大学,,人工智能,2,,,23429
A589,海南大学,,计算机科学与技术,6,,,22644
A589,海南大学,,软件工程(NIIT),8,,,26912
A589,海南大学,,信息安全,7,,,26050
A589,海南大学,,密码科学与技术,7,,,29033
A589,海南大学,,数据科学与大数据技术,7,,,26507
A589,海南大学,,建筑学,6,,,39167
A589,海南大学,,土木工程,10,,,39905
A589,海南大学,,海洋工程与技术,4,,,34918
A589,海南大学,,化学工程与工艺,6,,,38890
A589,海南大学,,食品科学与工程类,8,,,40838
A589,海南大学,,农学,2,,,40825
A589,海南大学,,农业资源与环境,2,,,45993
A589,海南大学,,种子科学与工程,2,,,39858
A589,海南大学,,园艺,3,,,47437
A589,海南大学,,设施农业科学与工程,3,,,43803
A589,海南大学,,植物保护,4,,,45321
A589,海南大学,,动物科学,2,,,43873
A589,海南大学,,动物医学,4,,,37389
A589,海南大学,,林学,5,,,47228
A589,海南大学,,园林,4,,,45117
A589,海南大学,,风景园林,2,,,41168
A589,海南大学,,海洋科学,4,,,38262
A589,海南大学,,水产养殖学,3,,,46770
A589,海南大学,,会计学,7,,,26222
A589,海南大学,,工商管理,6,,,33511
A589,海南大学,,物流管理,2,,,39050
A589,海南大学,,农林经济管理,4,,,40751
A589,海南大学,,行政管理,3,,,35972
A589,海南大学,,土地资源管理,5,,,46405
A589,海南大学,,旅游管理类,8,,,43421
A589,海南大学,,会展经济与管理(中外合作办学),9,,,71877
A589,海南大学,,人文地理与城乡规划(中外合作办学),8,,,58067
A589,海南大学,,行政管理(中外合作办学),7,,,61170
A589,海南大学,,酒店管理(中外合作办学),13,,,94611
A589,海南大学,,智能科学与技术(中外合作办学),11,,,46880
A590,深圳大学,,材料科学与工程,2,,,23270
A590,深圳大学,,新闻学,2,,,20249
A590,深圳大学,,电子信息工程,2,,,12589
A590,深圳大学,,通信工程,5,,,15332
A590,深圳大学,,法学,2,,,14067
A590,深圳大学,,工商管理,3,,,21740
A590,深圳大学,,电子商务,2,,,21550
A590,深圳大学,,自动化,3,,,12914
A590,深圳大学,,机器人工程,1,,,13016
A590,深圳大学,,计算机科学与技术,4,,,12113
A590,深圳大学,,建筑学,2,,,22076
A590,深圳大学,,金融学,2,,,17729
A590,深圳大学,,国际经济与贸易,3,,,22010
A590,深圳大学,,会计学,2,,,16838
A590,深圳大学,,哲学,1,,,22972
A590,深圳大学,,生物技术,1,,,17210
A590,深圳大学,,数学与应用数学,2,,,14676
A590,深圳大学,,德语(德英),1,,,23440
A590,深圳大学,,金融科技,1,,,16383
A590,深圳大学,,光电信息科学与工程,3,,,14441
A590,深圳大学,,临床医学,1,,,8073
A590,深圳大学,,临床医学(卓越班),2,,,8361
A590,深圳大学,,口腔医学,2,,,10008
A590,深圳大学,,药学,1,,,20293
A590,深圳大学,,金融科技(中外合作办学),3,,,37267
A590,深圳大学,,电子商务(中外合作办学),3,,,39080
A592,广东财经大学,,电子商务,1,,,73327
A592,广东财经大学,,商务英语,1,,,59903
A592,广东财经大学,,数学与应用数学,1,,,40379
A593,广西大学,,数学类,10,,,31779
A593,广西大学,,车辆工程,10,,,35218
A593,广西大学,,自动化,10,,,29433
A593,广西大学,,智能建造,5,,,39218
A593,广西大学,,化学类,10,,,44184
A593,广西大学,,化学工程与工艺,10,,,45910
A593,广西大学,,海洋科学,10,,,44887
A593,广西大学,,信息安全,10,,,26924
A593,广西大学,,电子信息类,10,,,28035
A593,广西大学,,轻工类,10,,,49215
A593,广西大学,,生物科学,10,,,42374
A593,广西大学,,生物技术,10,,,47132
A593,广西大学,,汉语言文学,10,,,26942
A593,广西大学,,外国语言文学类,5,,,44302
A593,广西大学,,日语,7,,,55970
A593,广西大学,,新闻传播学类,10,,,44539
A593,广西大学,,金融学,10,,,45670
A593,广西大学,,会计学,10,,,40364
A593,广西大学,,公共事业管理,10,,,47088
A593,广西大学,,法学,10,,,24913
A593,广西大学,,电子科学与技术,10,,,28940
A593,广西大学,,机械电子工程,10,,,34108
A593,广西大学,,电气工程及其自动化,10,,,27351
A593,广西大学,,土木工程,10,,,43835
A593,广西大学,,材料科学与工程,10,,,45794
A594,广西科技大学,,测控技术与仪器,4,,,148200
A594,广西科技大学,,电气工程及其自动化,4,,,112774
A594,广西科技大学,,通信工程,3,,,130348
A594,广西科技大学,,数据科学与大数据技术,4,,,120793
A594,广西科技大学,,土木工程,7,,,165520
A594,广西科技大学,,纺织工程,3,,,180990
A594,广西科技大学,,食品科学与工程,4,,,167611
A594,广西科技大学,,物流管理,5,,,170644
A594,广西科技大学,,工业工程,4,,,159347
A594,广西科技大学,,软件工程,4,,,124362
A594,广西科技大学,,软件工程(中外合作办学),8,,,195816
A594,广西科技大学,,机械工程(中外合作办学),8,,,224960
A595,桂林电子科技大学,,机械设计制造及其自动化,4,,,58412
A595,桂林电子科技大学,,机械电子工程,3,,,56782
A595,桂林电子科技大学,,电子封装技术,2,,,49865
A595,桂林电子科技大学,,车辆工程,3,,,70537
A595,桂林电子科技大学,,电气工程及其自动化,4,,,44660
A595,桂林电子科技大学,,智能制造工程,4,,,54826
A595,桂林电子科技大学,,通信工程,4,,,42650
A595,桂林电子科技大学,,电子信息工程,3,,,42788
A595,桂林电子科技大学,,电子科学与技术,2,,,41972
A595,桂林电子科技大学,,导航工程,2,,,60359
A595,桂林电子科技大学,,计算机科学与技术,2,,,31991
A595,桂林电子科技大学,,软件工程,2,,,36201
A595,桂林电子科技大学,,信息安全,2,,,39031
A595,桂林电子科技大学,,物联网工程,2,,,45229
A595,桂林电子科技大学,,智能科学与技术,2,,,47116
A595,桂林电子科技大学,,网络空间安全,2,,,35618
A595,桂林电子科技大学,,会计学,2,,,69357
A595,桂林电子科技大学,,财务管理,2,,,79437
A595,桂林电子科技大学,,工业工程,2,,,103975
A595,桂林电子科技大学,,本科预科班（招收边防军人子女）,7,,,200212
A595,桂林电子科技大学,,人力资源管理,2,,,110223
A595,桂林电子科技大学,,电子商务,3,,,98680
A595,桂林电子科技大学,,英语,3,,,109723
A595,桂林电子科技大学,,日语,3,,,202223
A595,桂林电子科技大学,,汉语国际教育,3,,,106046
A595,桂林电子科技大学,,应用统计学,5,,,68136
A595,桂林电子科技大学,,自动化,3,,,51015
A595,桂林电子科技大学,,测控技术与仪器,3,,,55832
A595,桂林电子科技大学,,法学,2,,,70237
A595,桂林电子科技大学,,知识产权,2,,,74678
A595,桂林电子科技大学,,材料类,5,,,97262
A595,桂林电子科技大学,,材料成型及控制工程,3,,,96433
A595,桂林电子科技大学,,环境工程,4,,,121133
A595,桂林电子科技大学,,生物医学工程,2,,,72807
A595,桂林电子科技大学,,土木工程,2,,,118227
A595,桂林电子科技大学,,建筑环境与能源应用工程,2,,,91705
A595,桂林电子科技大学,,建筑电气与智能化,2,,,77808
A595,桂林电子科技大学,,交通工程,2,,,71386
A595,桂林电子科技大学,,人工智能,2,,,43287
A596,桂林理工大学,,地质工程,2,,,152884
A596,桂林理工大学,,资源勘查工程,4,,,149414
A596,桂林理工大学,,给排水科学与工程,3,,,153659
A596,桂林理工大学,,环境工程,2,,,134375
A596,桂林理工大学,,材料类,6,,,155866
A596,桂林理工大学,,化工与制药类,4,,,146018
A596,桂林理工大学,,建筑类,3,,,107815
A596,桂林理工大学,,地理信息科学,3,,,115543
A596,桂林理工大学,,遥感科学与技术,4,,,136408
A596,桂林理工大学,,电子信息类,4,,,98735
A596,桂林理工大学,,计算机类,6,,,87439
A596,桂林理工大学,,机械类,3,,,114819
A596,桂林理工大学,,房地产开发与管理,3,,,175160
A596,桂林理工大学,,国际经济与贸易,4,,,149609
A596,桂林理工大学,,会计学,3,,,106664
A596,桂林理工大学,,物流管理,3,,,157725
A596,桂林理工大学,,新闻传播学类,4,,,159378
A596,桂林理工大学,,行政管理,2,,,133465
A596,桂林理工大学,,日语,2,,,162251
A596,桂林理工大学,,英语,2,,,121635
A596,桂林理工大学,,信息与计算科学,3,,,119769
A596,桂林理工大学,,水利类,3,,,145824
A596,桂林理工大学,,土木工程,4,,,150538
A596,桂林理工大学,,工程管理,2,,,153852
A596,桂林理工大学,,自动化类,3,,,105692
A596,桂林理工大学,,智能建造,4,,,140811
A596,桂林理工大学,,机械设计制造及其自动化(中外合作办学),6,,,202694
A598,广西医科大学,,临床医学(5+3一体化),2,,,15965
A598,广西医科大学,,临床医学,2,,,23981
A598,广西医科大学,,儿科学,2,,,43610
A598,广西医科大学,,口腔医学,2,,,28521
A598,广西医科大学,,预防医学,5,,,106777
A598,广西医科大学,,医学检验技术,2,,,59957
A598,广西医科大学,,药学,2,,,50910
A598,广西医科大学,,生物技术,2,,,60698
A598,广西医科大学,,信息管理与信息系统,2,,,143997
A598,广西医科大学,,运动康复,2,,,131622
A598,广西医科大学,,护理学,4,,,88933
A598,广西医科大学,,养老服务管理,2,,,133637
A600,广西中医药大学,,针灸推拿学,2,,,90911
A600,广西中医药大学,,临床医学,2,,,69368
A600,广西中医药大学,,预防医学,1,,,163044
A600,广西中医药大学,,药学,2,,,110146
A600,广西中医药大学,,中药学,1,,,83709
A600,广西中医药大学,,中医学,3,,,60568
A600,广西中医药大学,,护理学,2,,,139726
A600,广西中医药大学,,中医学(5+3一体化),1,,,36579
A600,广西中医药大学,,中医康复学,1,,,100922
A601,桂林医学院,,临床医学,6,,,70201
A601,桂林医学院,,口腔医学,2,,,54906
A601,桂林医学院,,儿科学,1,,,75343
A601,桂林医学院,,预防医学,2,,,106996
A601,桂林医学院,,医学影像学,1,,,68442
A601,桂林医学院,,医学检验技术,2,,,102786
A601,桂林医学院,,药学,2,,,115311
A601,桂林医学院,,康复治疗学,2,,,122277
A602,广西师范大学,,汉语言文学(师范类),6,,,46283
A602,广西师范大学,,历史学(师范类),4,,,66315
A602,广西师范大学,,文化产业管理,2,,,102964
A602,广西师范大学,,旅游管理,2,,,138751
A602,广西师范大学,,思想政治教育(师范类),2,,,51563
A602,广西师范大学,,法学,2,,,52968
A602,广西师范大学,,经济学,2,,,103318
A602,广西师范大学,,工商管理,2,,,123758
A602,广西师范大学,,会计学,3,,,77654
A602,广西师范大学,,人力资源管理,3,,,129484
A602,广西师范大学,,教育技术学(师范类),2,,,108641
A602,广西师范大学,,英语(师范类),5,,,75314
A602,广西师范大学,,日语,3,,,269288
A602,广西师范大学,,商务英语,2,,,94089
A602,广西师范大学,,数学与应用数学(师范类),5,,,80599
A602,广西师范大学,,信息与计算科学,1,,,79356
A602,广西师范大学,,统计学,1,,,71889
A602,广西师范大学,,科学教育(师范类),2,,,191873
A602,广西师范大学,,物理学(师范类),3,,,83651
A602,广西师范大学,,化学(师范类),4,,,77964
A602,广西师范大学,,应用化学,2,,,92359
A602,广西师范大学,,生物科学(师范类),3,,,74121
A602,广西师范大学,,生物技术,2,,,93646
A602,广西师范大学,,地理科学(师范类),3,,,87426
A602,广西师范大学,,计算机科学与技术,2,,,63129
A602,广西师范大学,,软件工程,2,,,61603
A602,广西师范大学,,电子科学与技术,2,,,94600
A602,广西师范大学,,通信工程,2,,,88868
A602,广西师范大学,,小学教育(师范类，中外高水平大学学生交流计划),2,,,148374
A603,南宁师范大学,,地理科学类,6,,,131615
A603,南宁师范大学,,应用化学,3,,,160059
A603,南宁师范大学,,软件工程,2,,,116225
A603,南宁师范大学,,计算机科学与技术(师范类),3,,,134686
A603,南宁师范大学,,公共事业管理,2,,,155429
A603,南宁师范大学,,思想政治教育(师范类),4,,,99379
A603,南宁师范大学,,数学与应用数学(师范类),3,,,124006
A603,南宁师范大学,,应用统计学,2,,,130437
A603,南宁师范大学,,英语(师范类),2,,,111255
A603,南宁师范大学,,汉语言文学(师范类),3,,,85022
A603,南宁师范大学,,物流工程,3,,,179328
A603,南宁师范大学,,信息管理与信息系统,2,,,161241
A603,南宁师范大学,,文化产业管理,2,,,164200
A603,南宁师范大学,,电子信息工程(中外合作办学),3,,,181845
A605,河池学院,,思想政治教育(师范类),4,,,176036
A605,河池学院,,学前教育(师范类),4,,,193899
A605,河池学院,,汉语言文学(师范类),4,,,166804
A605,河池学院,,历史学(师范类),3,,,183143
A605,河池学院,,应用化学,4,,,213552
A605,河池学院,,电气工程及其自动化,4,,,202493
A606,玉林师范学院,,汉语言文学(师范类),5,,,170503
A606,玉林师范学院,,经济学,3,,,196407
A606,玉林师范学院,,财务管理,3,,,187616
A606,玉林师范学院,,日语,2,,,199418
A606,玉林师范学院,,商务英语,2,,,199589
A606,玉林师范学院,,信息与计算科学,5,,,213344
A606,玉林师范学院,,系统科学与工程,2,,,219616
A606,玉林师范学院,,机械电子工程,5,,,212203
A606,玉林师范学院,,智能制造工程,5,,,211363
A607,广西艺术学院,,美术学,2,,,226103
A607,广西艺术学院,,艺术设计学,1,,,207084
A607,广西艺术学院,,艺术史论,8,,,237803
A607,广西艺术学院,,艺术与科技,3,,,221021
A607,广西艺术学院,,戏剧影视文学,2,,,170497
A607,广西艺术学院,,风景园林,2,,,207245
A607,广西艺术学院,,广播电视学,2,,,191600
A607,广西艺术学院,,广告学,2,,,187441
A607,广西艺术学院,,文化产业管理,9,,,216299
A608,广西民族大学,,政治学与行政学,2,,,108194
A608,广西民族大学,,中国共产党历史,2,,,109961
A608,广西民族大学,,行政管理,2,,,150589
A608,广西民族大学,,税收学,2,,,134635
A608,广西民族大学,,金融学(中澳学分互认联合培养项目),8,,,173655
A608,广西民族大学,,国际经济与贸易,1,,,179395
A608,广西民族大学,,工商管理,2,,,152876
A608,广西民族大学,,会计学,1,,,90746
A608,广西民族大学,,旅游管理,2,,,175807
A608,广西民族大学,,法学,1,,,67285
A608,广西民族大学,,教育学(师范类),2,,,150088
A608,广西民族大学,,应用心理学(师范类),2,,,146277
A608,广西民族大学,,汉语言文学(师范类),1,,,67404
A608,广西民族大学,,社会学,2,,,121129
A608,广西民族大学,,英语,2,,,132368
A608,广西民族大学,,翻译,2,,,162158
A608,广西民族大学,,泰语(国家基地班),2,,,228602
A608,广西民族大学,,信息与计算科学,1,,,128712
A608,广西民族大学,,物理学(师范类),2,,,150912
A608,广西民族大学,,电子信息工程,1,,,131286
A608,广西民族大学,,人工智能(中澳学分互认联合培养项目),8,,,187105
A608,广西民族大学,,计算机科学与技术,1,,,76956
A608,广西民族大学,,化学(师范类),1,,,124119
A608,广西民族大学,,应用化学,1,,,151750
A608,广西民族大学,,化学工程与工艺,1,,,162700
A608,广西民族大学,,智能制造工程,1,,,150386
A608,广西民族大学,,金属材料工程,1,,,185714
A608,广西民族大学,,高分子材料与工程,2,,,178109
A608,广西民族大学,,新能源材料与器件,1,,,184404
A608,广西民族大学,,海洋科学,4,,,177308
A608,广西民族大学,,生物技术,2,,,168327
A608,广西民族大学,,工程管理,2,,,169685
A608,广西民族大学,,非物质文化遗产保护,2,,,158642
A608,广西民族大学,,新闻学,1,,,121866
A608,广西民族大学,,国际商务,2,,,185849
A608,广西民族大学,,会计学(中外合作办学),20,,,187293
A609,百色学院,,物理学(师范类),2,,,208307
A609,百色学院,,化学(师范类),2,,,184256
A609,百色学院,,生物技术,2,,,187161
A609,百色学院,,材料成型及控制工程,2,,,212622
A609,百色学院,,通信工程,2,,,197537
A609,百色学院,,食品科学与工程,2,,,207964
A609,百色学院,,设施农业科学与工程,2,,,213155
A609,百色学院,,市场营销,2,,,207887
A609,百色学院,,审计学,2,,,185013
A609,百色学院,,电子商务,2,,,206294
A609,百色学院,,英语(师范类，英语教育),2,,,185277
A609,百色学院,,跨境电子商务,2,,,209596
A610,四川大学,,金融学类,4,,,5825
A610,四川大学,,经济学类,3,,,6676
A610,四川大学,,新闻传播学类,4,,,9298
A610,四川大学,,日语,2,,,16908
A610,四川大学,,历史学类,2,,,6811
A610,四川大学,,哲学,2,,,7359
A610,四川大学,,人文科学试验班(信息管理),2,,,11641
A610,四川大学,,管理科学与工程类,4,,,9505
A610,四川大学,,数学与应用数学(基地班),2,,,3374
A610,四川大学,,数学与应用数学(数学经济学双学士学位),2,,,3896
A610,四川大学,,数学类,2,,,3910
A610,四川大学,,物理学类,3,,,5247
A610,四川大学,,核工程与核技术,4,,,6272
A610,四川大学,,化学类,16,,,7989
A610,四川大学,,生物科学类,6,,,5931
A610,四川大学,,电子信息类,10,,,4786
A610,四川大学,,高分子材料与工程,9,,,8030
A610,四川大学,,材料类(新能源与纳米材料),11,,,8716
A610,四川大学,,生物医学工程,5,,,6201
A610,四川大学,,医学信息工程,2,,,5698
A610,四川大学,,工科试验班(智能制造),11,,,5999
A610,四川大学,,电气类,16,,,5669
A610,四川大学,,计算机类,10,,,4519
A610,四川大学,,计算机科学与技术(计算与金融双学士学位),3,,,3783
A610,四川大学,,建筑学,4,,,8922
A610,四川大学,,土木工程,5,,,11676
A610,四川大学,,工程力学,2,,,6411
A610,四川大学,,工科试验班(先进低碳材料),4,,,6851
A610,四川大学,,工科试验班(食品健康与安全),6,,,9405
A610,四川大学,,软件工程,8,,,4657
A610,四川大学,,网络空间安全,4,,,4624
A610,四川大学,,临床医学(五年制),3,,,2459
A610,四川大学,,临床医学(八年制),2,,,676
A610,四川大学,,临床医学(卓越检验医师试验班),2,,,1517
A610,四川大学,,医学技术类,6,,,7062
A610,四川大学,,口腔医学(五年制),3,,,1679
A610,四川大学,,口腔医学(八年制),2,,,478
A610,四川大学,,预防医学,4,,,9364
A610,四川大学,,药学,9,,,7615
A610,四川大学,,临床药学,4,,,6828
A610,四川大学,,法学,2,,,4755
A610,四川大学,,英语,5,,,11729
A610,四川大学,,公共管理类,3,,,13381
A610,四川大学,,电气工程及其自动化(中外合作办学),4,,,14420
A610,四川大学,,机械设计制造及其自动化(中外合作办学),4,,,16306
A610,四川大学,,材料科学与工程(中外合作办学),2,,,17818
A610,四川大学,,工业工程(中外合作办学),4,,,17758
A610,四川大学,,计算机科学与技术(中外合作办学),4,,,10996
A610,四川大学,,电子信息工程(中外合作办学),2,,,11251
A611,重庆大学,,临床医学(五年制),4,,,6169
A611,重庆大学,,理科试验班(数学物理类),6,,,7733
A611,重庆大学,,工科试验班(新工科类),20,,,10756
A611,重庆大学,,工科试验班(经济与管理类),20,,,14682
A611,重庆大学,,工科试验班(电气信息类),58,,,7707
A611,重庆大学,,人文科学试验班(法学新闻类),4,,,8258
A611,重庆大学,,建筑类,5,,,9318
A611,重庆大学,,人文科学试验班(博雅类),3,,,9065
A611,重庆大学,,工科试验班(工程能源类),48,,,12093
A611,重庆大学,,本科预科班（招收边防军人子女）,2,,,28549
A611,重庆大学,,电气工程及其自动化(中外合作办学),2,,,13376
A611,重庆大学,,机械设计制造及其自动化(中外合作办学),3,,,18513
A613,西南交通大学,,车辆工程,5,,,16765
A613,西南交通大学,,能源动力类,3,,,18185
A613,西南交通大学,,电子信息工程,8,,,12978
A613,西南交通大学,,通信工程,3,,,12529
A613,西南交通大学,,自动化,2,,,13373
A613,西南交通大学,,轨道交通信号与控制,4,,,14961
A613,西南交通大学,,人工智能,5,,,12458
A613,西南交通大学,,安全工程,3,,,22612
A613,西南交通大学,,工程力学,5,,,21597
A613,西南交通大学,,飞行器设计与工程,3,,,16578
A613,西南交通大学,,汉语言文学,3,,,15107
A613,西南交通大学,,思想政治教育,2,,,19368
A613,西南交通大学,,制药工程,9,,,25784
A613,西南交通大学,,生物工程,5,,,24859
A613,西南交通大学,,数学与应用数学,2,,,13850
A613,西南交通大学,,统计学,4,,,16962
A613,西南交通大学,,数据科学与大数据技术,1,,,11158
A613,西南交通大学,,建筑类,6,,,35848
A613,西南交通大学,,建筑学,5,,,28187
A613,西南交通大学,,测绘类,8,,,25959
A613,西南交通大学,,地质工程,4,,,28418
A613,西南交通大学,,环境科学与工程类,6,,,28790
A613,西南交通大学,,应用物理学,14,,,22650
A613,西南交通大学,,电子信息科学与技术,3,,,13267
A613,西南交通大学,,材料类,10,,,25971
A613,西南交通大学,,汉语国际教育,2,,,22407
A613,西南交通大学,,经济与贸易类,4,,,21763
A613,西南交通大学,,法学,2,,,14936
A613,西南交通大学,,政治学与行政学,4,,,22130
A613,西南交通大学,,公共事业管理,4,,,24893
A613,西南交通大学,,智能制造工程,8,,,17509
A613,西南交通大学,,新能源科学与工程,8,,,18572
A613,西南交通大学,,智能建造,4,,,20939
A613,西南交通大学,,城市设计,2,,,34030
A613,西南交通大学,,智慧交通,3,,,16372
A613,西南交通大学,,高分子材料与工程,3,,,25928
A613,西南交通大学,,化学,2,,,25701
A613,西南交通大学,,生物医学工程,2,,,19004
A613,西南交通大学,,土木工程,15,,,27443
A613,西南交通大学,,机械类,10,,,18739
A613,西南交通大学,,电气工程及其自动化,15,,,12421
A613,西南交通大学,,电子信息类,3,,,12646
A613,西南交通大学,,计算机类,6,,,6402
A613,西南交通大学,,交通运输类,8,,,14905
A613,西南交通大学,,物流管理与工程类,2,,,24634
A613,西南交通大学,,新闻传播学类,2,,,22077
A613,西南交通大学,,外国语言文学类,10,,,39613
A613,西南交通大学,,工商管理类,16,,,27813
A613,西南交通大学,,生物工程(中外合作办学),4,,,46570
A613,西南交通大学,,安全工程(中外合作办学),4,,,46168
A613,西南交通大学,,环境工程(中外合作办学),4,,,46817
A613,西南交通大学,,机械设计制造及其自动化(中外合作办学),6,,,32139
A613,西南交通大学,,电子信息工程(中外合作办学),6,,,28240
A613,西南交通大学,,计算机科学与技术(中外合作办学),5,,,25414
A613,西南交通大学,,土木工程(中外合作办学),5,,,45783
A613,西南交通大学,,材料科学与工程(中外合作办学),2,,,34436
A614,电子科技大学,,电子信息类(成电英才计划拔尖创新人才实验班),3,,,1760
A614,电子科技大学,,计算机科学与技术(智能金融与区块链金融双A联合学位实验班),2,,,1837
A614,电子科技大学,,物联网工程(互联网交叉复合型精英人才双学位培养计划),3,,,2843
A614,电子科技大学,,计算机科学与技术(互联网交叉复合型精英人才双学位培养计划),5,,,2244
A614,电子科技大学,,数据科学与大数据技术(互联网交叉复合型精英人才双学位培养计划),4,,,2750
A614,电子科技大学,,航空航天工程(智能无人机拔尖人才实验班),9,,,3171
A614,电子科技大学,,电子信息类(信息与通信),12,,,2815
A614,电子科技大学,,工科试验班(电子工程类),11,,,3038
A614,电子科技大学,,计算机类,10,,,2597
A614,电子科技大学,,微电子科学与工程,5,,,2456
A614,电子科技大学,,工科试验班(机器人、电气信息、智能制造),16,,,4022
A614,电子科技大学,,电子信息类(光电集成与光网络),10,,,3461
A614,电子科技大学,,电子信息类(电子信息与物理科学复合培养),9,,,3103
A615,西南石油大学,,石油工程,9,,,35058
A615,西南石油大学,,油气储运工程,4,,,30827
A615,西南石油大学,,海洋油气工程,2,,,35520
A615,西南石油大学,,资源勘查工程,4,,,41027
A615,西南石油大学,,勘查技术与工程,4,,,48524
A615,西南石油大学,,地质学,4,,,44447
A615,西南石油大学,,地理信息科学,3,,,38499
A615,西南石油大学,,城市地下空间工程,3,,,48151
A615,西南石油大学,,机械工程,5,,,34601
A615,西南石油大学,,过程装备与控制工程,6,,,44052
A615,西南石油大学,,机械设计制造及其自动化,3,,,34038
A615,西南石油大学,,测控技术与仪器,4,,,35948
A615,西南石油大学,,工业设计,3,,,40073
A615,西南石油大学,,智能感知工程,4,,,37193
A615,西南石油大学,,应用化学,3,,,42059
A615,西南石油大学,,化学工程与工艺,4,,,42294
A615,西南石油大学,,环境工程,4,,,47649
A615,西南石油大学,,化学,4,,,42608
A615,西南石油大学,,安全工程,3,,,37648
A615,西南石油大学,,新能源材料与器件,6,,,37999
A615,西南石油大学,,材料科学与工程,5,,,44730
A615,西南石油大学,,高分子材料与工程,3,,,41755
A615,西南石油大学,,材料成型及控制工程,3,,,42657
A615,西南石油大学,,新能源科学与工程,3,,,32245
A615,西南石油大学,,储能科学与工程,4,,,39443
A615,西南石油大学,,计算机类,14,,,29384
A615,西南石油大学,,电气工程及其自动化,4,,,26815
A615,西南石油大学,,自动化,4,,,29441
A615,西南石油大学,,机器人工程,3,,,31525
A615,西南石油大学,,通信工程,4,,,30196
A615,西南石油大学,,土木工程,6,,,50408
A615,西南石油大学,,测绘工程,4,,,45251
A615,西南石油大学,,工程管理,4,,,52014
A615,西南石油大学,,信息与计算科学,4,,,32511
A615,西南石油大学,,数学与应用数学,4,,,31531
A615,西南石油大学,,人工智能,2,,,29512
A615,西南石油大学,,工商管理,2,,,41308
A615,西南石油大学,,经济学,2,,,35243
A615,西南石油大学,,国际经济与贸易,2,,,42436
A615,西南石油大学,,会计学,2,,,29798
A615,西南石油大学,,社会工作,2,,,48982
A615,西南石油大学,,法学,2,,,24333
A615,西南石油大学,,思想政治教育,2,,,31405
A615,西南石油大学,,俄语,3,,,59847
A616,成都理工大学,,地质学类,8,,,40409
A616,成都理工大学,,测绘工程,2,,,36866
A616,成都理工大学,,资源勘查工程,3,,,47852
A616,成都理工大学,,地理信息科学,4,,,34906
A616,成都理工大学,,石油工程,4,,,44932
A616,成都理工大学,,土木工程,6,,,47587
A616,成都理工大学,,地质工程,5,,,44370
A616,成都理工大学,,地下水科学与工程,4,,,52315
A616,成都理工大学,,勘查技术与工程,5,,,49147
A616,成都理工大学,,地球物理学,6,,,45113
A616,成都理工大学,,核工程类,4,,,37157
A616,成都理工大学,,测控技术与仪器,10,,,41165
A616,成都理工大学,,电气工程及其自动化,4,,,24406
A616,成都理工大学,,工业设计,2,,,36418
A616,成都理工大学,,电子信息类,5,,,25368
A616,成都理工大学,,应用物理学,4,,,35674
A616,成都理工大学,,电子商务,4,,,42871
A616,成都理工大学,,工商管理,4,,,40627
A616,成都理工大学,,建筑类,2,,,45334
A616,成都理工大学,,人文地理与城乡规划,3,,,43822
A616,成都理工大学,,材料科学与工程,4,,,45442
A616,成都理工大学,,应用化学,6,,,41705
A616,成都理工大学,,计算机类,5,,,23833
A616,成都理工大学,,思想政治教育,4,,,35363
A616,成都理工大学,,公共事业管理,2,,,49543
A616,成都理工大学,,翻译,4,,,59880
A616,成都理工大学,,日语,4,,,60028
A616,成都理工大学,,会计学,5,,,34455
A616,成都理工大学,,投资学,3,,,41284
A616,成都理工大学,,市场营销,3,,,50786
A616,成都理工大学,,环境科学与工程类,5,,,49016
A616,成都理工大学,,新闻传播学类,4,,,41585
A616,成都理工大学,,信息与计算科学,2,,,29714
A616,成都理工大学,,环境科学与工程,2,,,43458
A616,成都理工大学,,新能源科学与工程,2,,,31696
A616,成都理工大学,,新能源材料与器件,2,,,33466
A616,成都理工大学,,油气储运工程,2,,,43939
A616,成都理工大学,,电子信息工程,2,,,26663
A616,成都理工大学,,工商管理类,2,,,36855
A616,成都理工大学,,物流管理,2,,,49265
A616,成都理工大学,,工程管理,2,,,49526
A616,成都理工大学,,行星科学,2,,,36675
A616,成都理工大学,,会计学(中外合作办学),2,,,47748
A616,成都理工大学,,计算机科学与技术(中外合作办学),2,,,41707
A617,重庆邮电大学,,电子信息类(通信与信息类),12,,,22834
A617,重庆邮电大学,,数字媒体技术,2,,,22416
A617,重庆邮电大学,,计算机类(计算机与智能科学类),12,,,21764
A617,重庆邮电大学,,自动化类(智能自动化),13,,,27254
A617,重庆邮电大学,,智能车辆工程,2,,,33900
A617,重庆邮电大学,,机械类(智能制造与机器人类),8,,,33630
A617,重庆邮电大学,,电子信息类(集成电路与电子工程类),16,,,25155
A617,重庆邮电大学,,生物医学工程,3,,,38954
A617,重庆邮电大学,,数学类(数学与信息科学类),2,,,32689
A617,重庆邮电大学,,智能科学与技术,2,,,23546
A617,重庆邮电大学,,通信工程,2,,,21596
A617,重庆邮电大学,,工商管理类,2,,,43019
A617,重庆邮电大学,,工程管理,2,,,48036
A617,重庆邮电大学,,信息管理与信息系统,2,,,34043
A617,重庆邮电大学,,大数据管理与应用,2,,,28383
A617,重庆邮电大学,,电子商务类,2,,,47334
A617,重庆邮电大学,,计算机类(网络安全类),5,,,22192
A617,重庆邮电大学,,信息安全,2,,,23967
A617,重庆邮电大学,,法学类,2,,,27730
A617,重庆邮电大学,,软件工程,15,,,25715
A617,重庆邮电大学,,电子信息工程(中外合作办学),15,,,52043
A617,重庆邮电大学,,软件工程(中外合作办学),15,,,50172
A618,重庆交通大学,,土木类,6,,,73631
A618,重庆交通大学,,水利类,6,,,55641
A618,重庆交通大学,,地质工程,3,,,69942
A618,重庆交通大学,,给排水科学与工程,3,,,64288
A618,重庆交通大学,,交通运输类,3,,,42541
A618,重庆交通大学,,机械类,6,,,47078
A618,重庆交通大学,,电气工程及其自动化,3,,,35557
A618,重庆交通大学,,船舶与海洋工程,3,,,58941
A618,重庆交通大学,,建筑类,3,,,59481
A618,重庆交通大学,,电子信息类,3,,,37210
A618,重庆交通大学,,计算机类,3,,,31915
A618,重庆交通大学,,数据科学与大数据技术,3,,,36021
A618,重庆交通大学,,材料类,3,,,61446
A618,重庆交通大学,,应用化学,3,,,61062
A618,重庆交通大学,,飞行器设计与工程,3,,,52283
A618,重庆交通大学,,飞行器动力工程,3,,,50923
A618,重庆交通大学,,管理科学与工程类,3,,,64338
A618,重庆交通大学,,物流管理,3,,,78661
A618,重庆交通大学,,工商管理类,3,,,53367
A618,重庆交通大学,,数学类,3,,,42852
A618,重庆交通大学,,外国语言文学类,3,,,86319
A618,重庆交通大学,,旅游管理,3,,,90573
A618,重庆交通大学,,机械设计制造及其自动化(中外合作办学),5,,,91907
A619,西南科技大学,,材料类,9,,,107908
A619,西南科技大学,,能源化学工程,5,,,94092
A619,西南科技大学,,电气工程及其自动化,4,,,57984
A619,西南科技大学,,电子信息类,5,,,53335
A619,西南科技大学,,测绘工程,5,,,102275
A619,西南科技大学,,矿业类,4,,,125035
A619,西南科技大学,,交通工程,6,,,87629
A619,西南科技大学,,机械类,6,,,70455
A619,西南科技大学,,工业工程,5,,,107685
A619,西南科技大学,,土木类,6,,,116173
A619,西南科技大学,,工程管理,4,,,158701
A619,西南科技大学,,计算机类,4,,,41827
A619,西南科技大学,,工商管理类,3,,,72991
A619,西南科技大学,,公共事业管理,3,,,90794
A619,西南科技大学,,法学类,3,,,58111
A619,西南科技大学,,中国语言文学类,3,,,58356
A619,西南科技大学,,广播电视学,3,,,88908
A619,西南科技大学,,西班牙语,3,,,114375
A619,西南科技大学,,外国语言文学类,3,,,111034
A619,西南科技大学,,思想政治教育,3,,,67270
A621,成都信息工程大学,,大气科学,6,,,41919
A621,成都信息工程大学,,应用气象学,1,,,38977
A621,成都信息工程大学,,电子信息工程,3,,,31301
A621,成都信息工程大学,,通信工程,2,,,36783
A621,成都信息工程大学,,集成电路设计与集成系统,2,,,38965
A621,成都信息工程大学,,环境工程,2,,,70141
A621,成都信息工程大学,,应用物理学,2,,,51135
A621,成都信息工程大学,,光电信息科学与工程,2,,,40762
A621,成都信息工程大学,,电气工程及其自动化,2,,,36045
A621,成都信息工程大学,,机器人工程,2,,,40348
A621,成都信息工程大学,,计算机科学与技术,3,,,30227
A621,成都信息工程大学,,智能科学与技术,2,,,38119
A621,成都信息工程大学,,空间信息与数字技术,2,,,43710
A621,成都信息工程大学,,网络工程,2,,,39091
A621,成都信息工程大学,,网络空间安全,3,,,39330
A621,成都信息工程大学,,翻译,2,,,98061
A621,成都信息工程大学,,人工智能,3,,,39933
A621,成都信息工程大学,,统计学,2,,,47014
A621,成都信息工程大学,,电子商务,2,,,58133
A621,成都信息工程大学,,社会工作,2,,,68626
A622,四川轻化工大学,,数学与应用数学(师范类),2,,,116215
A622,四川轻化工大学,,计算机科学与技术,2,,,76106
A622,四川轻化工大学,,工业设计,2,,,127805
A622,四川轻化工大学,,环境工程,2,,,136469
A622,四川轻化工大学,,安全工程,2,,,151094
A622,四川轻化工大学,,应用化学,2,,,141281
A622,四川轻化工大学,,生物制药,2,,,114398
A622,四川轻化工大学,,轻化工程,2,,,138849
A622,四川轻化工大学,,食品质量与安全,2,,,147767
A622,四川轻化工大学,,旅游管理,2,,,144518
A622,四川轻化工大学,,劳动与社会保障,2,,,156676
A622,四川轻化工大学,,日语,2,,,154728
A622,四川轻化工大学,,广播电视学,2,,,114014
A622,四川轻化工大学,,电子信息工程,1,,,95011
A622,四川轻化工大学,,应用心理学,2,,,133671
A623,西华大学,,电气工程及其自动化,4,,,56484
A623,西华大学,,法学,2,,,44879
A623,西华大学,,会计学,4,,,57475
A623,西华大学,,本科预科班（招收边防军人子女）,7,,,247118
A623,西华大学,,土木工程,4,,,100362
A623,西华大学,,电子商务,3,,,83298
A623,西华大学,,工程造价,4,,,85188
A623,西华大学,,工商管理,4,,,89379
A623,西华大学,,网络与新媒体,4,,,61798
A623,西华大学,,交通工程,4,,,80564
A623,西华大学,,建筑类,4,,,98562
A623,西华大学,,物流管理,2,,,80559
A623,西华大学,,机械设计制造及其自动化,4,,,68476
A623,西华大学,,机械电子工程,4,,,73855
A623,西华大学,,汉语言文学,2,,,50754
A623,西华大学,,汉语国际教育,2,,,59572
A623,西华大学,,计算机科学与技术,2,,,52306
A623,西华大学,,软件工程,2,,,54382
A623,西华大学,,信息安全,2,,,57667
A624,中国民用航空飞行学院,,思想政治教育,2,,,130284
A624,中国民用航空飞行学院,,英语,4,,,89393
A624,中国民用航空飞行学院,,信息与计算科学,3,,,100172
A624,中国民用航空飞行学院,,大气科学,1,,,52860
A624,中国民用航空飞行学院,,应用气象学(机场气象预报、航空公司气象分析),1,,,42861
A624,中国民用航空飞行学院,,应用心理学,2,,,102181
A624,中国民用航空飞行学院,,电气工程及其自动化(航空电气设备维修),6,,,86745
A624,中国民用航空飞行学院,,电子信息工程(航空电子设备维修),5,,,83304
A624,中国民用航空飞行学院,,计算机科学与技术,5,,,88464
A624,中国民用航空飞行学院,,物联网工程,4,,,100474
A624,中国民用航空飞行学院,,数据科学与大数据技术,3,,,88257
A624,中国民用航空飞行学院,,网络空间安全,4,,,101851
A624,中国民用航空飞行学院,,导航工程(导航应用与规划、空管保障设施),2,,,60462
A624,中国民用航空飞行学院,,交通运输(空中交通管制、飞行签派、航行情报),13,,,56322
A624,中国民用航空飞行学院,,交通工程(机场管理与工程),4,,,59159
A624,中国民用航空飞行学院,,航空航天工程(直升机维修工程),3,,,72188
A624,中国民用航空飞行学院,,飞行器制造工程(飞机结构维修),3,,,82391
A624,中国民用航空飞行学院,,飞行器动力工程(飞机发动机维修),4,,,71197
A624,中国民用航空飞行学院,,飞行器适航技术,3,,,85118
A624,中国民用航空飞行学院,,无人驾驶航空器系统工程,2,,,79747
A624,中国民用航空飞行学院,,安全工程,2,,,95664
A624,中国民用航空飞行学院,,消防工程,2,,,116474
A624,中国民用航空飞行学院,,工商管理,2,,,100950
A624,中国民用航空飞行学院,,市场营销,2,,,107182
A624,中国民用航空飞行学院,,公共事业管理,4,,,120162
A624,中国民用航空飞行学院,,交通管理(机场运行管理),3,,,60555
A624,中国民用航空飞行学院,,物流工程(航空物流),4,,,82597
A626,四川农业大学,,农学,3,,,33129
A626,四川农业大学,,智慧农业,3,,,35576
A626,四川农业大学,,动物科学,3,,,37921
A626,四川农业大学,,水产养殖学,3,,,43646
A626,四川农业大学,,动物医学,3,,,30735
A626,四川农业大学,,药物制剂,3,,,32544
A626,四川农业大学,,林学,3,,,39533
A626,四川农业大学,,园艺,4,,,41581
A626,四川农业大学,,农业资源与环境,4,,,39588
A626,四川农业大学,,环境工程,3,,,40948
A626,四川农业大学,,环境科学,3,,,38229
A626,四川农业大学,,金融学,3,,,30499
A626,四川农业大学,,农林经济管理,3,,,36844
A626,四川农业大学,,园林,3,,,39635
A626,四川农业大学,,草坪科学与工程,3,,,44145
A626,四川农业大学,,人力资源管理,3,,,33985
A626,四川农业大学,,土地资源管理,3,,,32135
A626,四川农业大学,,化学生物学,3,,,35949
A626,四川农业大学,,应用化学,3,,,39197
A626,四川农业大学,,生物工程,3,,,32335
A626,四川农业大学,,农业机械化及其自动化,4,,,38101
A626,四川农业大学,,食品科学与工程,3,,,36697
A626,四川农业大学,,食品质量与安全,4,,,40284
A626,四川农业大学,,食品营养与健康,3,,,43254
A626,四川农业大学,,物联网工程,4,,,27810
A626,四川农业大学,,水利水电工程,3,,,35397
A626,四川农业大学,,英语,3,,,38889
A626,四川农业大学,,法学,3,,,21716
A626,四川农业大学,,广告学,3,,,47450
A626,四川农业大学,,城乡规划,3,,,37307
A626,四川农业大学,,工程造价,3,,,43787
A626,四川农业大学,,土木工程,3,,,41373
A626,四川农业大学,,给排水科学与工程,3,,,41884
A626,四川农业大学,,道路桥梁与渡河工程,3,,,40216
A626,四川农业大学,,会计学,3,,,25631
A628,西昌学院,,土木工程,8,,,217820
A628,西昌学院,,汉语言文学(师范类),5,,,164176
A631,重庆医科大学,,临床医学(5+3一体化),3,,,5402
A631,重庆医科大学,,临床医学(5+3一体化，硕士段培养方向儿科学),1,,,7713
A631,重庆医科大学,,临床医学,5,,,7094
A631,重庆医科大学,,儿科学,2,,,16127
A631,重庆医科大学,,口腔医学,2,,,7392
A631,重庆医科大学,,眼视光医学,2,,,12058
A631,重庆医科大学,,医学检验技术,2,,,20530
A631,重庆医科大学,,预防医学,2,,,29804
A631,重庆医科大学,,临床药学,1,,,23994
A631,重庆医科大学,,药学,1,,,25646
A631,重庆医科大学,,麻醉学,2,,,10529
A631,重庆医科大学,,医学影像学,2,,,14604
A631,重庆医科大学,,精神医学,2,,,22796
A631,重庆医科大学,,法医学,1,,,24009
A631,重庆医科大学,,卫生检验与检疫,1,,,30961
A631,重庆医科大学,,生物医学工程,1,,,27452
A631,重庆医科大学,,医学影像技术,1,,,23222
A631,重庆医科大学,,口腔医学技术,2,,,30145
A631,重庆医科大学,,康复治疗学,2,,,40823
A631,重庆医科大学,,基础医学,2,,,33339
A631,重庆医科大学,,药物制剂,1,,,35212
A631,重庆医科大学,,食品卫生与营养学,1,,,48570
A631,重庆医科大学,,医学实验技术,1,,,38905
A631,重庆医科大学,,听力与言语康复学,1,,,46058
A631,重庆医科大学,,智能医学工程,1,,,31647
A631,重庆医科大学,,医学信息工程,1,,,40162
A631,重庆医科大学,,信息管理与信息系统,1,,,41926
A631,重庆医科大学,,生物信息学,1,,,31881
A631,重庆医科大学,,护理学,1,,,40618
A631,重庆医科大学,,应用统计学,1,,,30912
A631,重庆医科大学,,公共事业管理,1,,,61204
A631,重庆医科大学,,英语,1,,,41030
A631,重庆医科大学,,临床医学(检验医师培养试验班),1,,,9503
A631,重庆医科大学,,临床医学(中外合作办学),5,,,22439
A632,西南医科大学,,临床医学,10,,,34011
A632,西南医科大学,,麻醉学,2,,,26798
A632,西南医科大学,,儿科学,3,,,43521
A632,西南医科大学,,精神医学,3,,,49164
A632,西南医科大学,,中医学,2,,,42376
A632,西南医科大学,,基础医学,3,,,92670
A632,西南医科大学,,医学检验技术,2,,,55005
A632,西南医科大学,,生物医学工程,2,,,80507
A632,西南医科大学,,康复治疗学,3,,,102349
A632,西南医科大学,,中药学,2,,,72404
A632,西南医科大学,,药学,2,,,71457
A632,西南医科大学,,临床药学,2,,,72655
A632,西南医科大学,,公共事业管理,3,,,155165
A632,西南医科大学,,市场营销,3,,,180607
A632,西南医科大学,,劳动与社会保障,3,,,139735
A633,成都中医药大学,,中医学(5+3一体化),4,,,11872
A633,成都中医药大学,,中医学,7,,,18695
A633,成都中医药大学,,中西医临床医学,4,,,25306
A633,成都中医药大学,,针灸推拿学,4,,,23364
A633,成都中医药大学,,中药学(基地班),4,,,35009
A633,成都中医药大学,,中药资源与开发,2,,,49464
A633,成都中医药大学,,药学,2,,,39450
A633,成都中医药大学,,中医康复学,2,,,35164
A633,成都中医药大学,,临床医学,2,,,21734
A633,成都中医药大学,,护理学,6,,,61238
A633,成都中医药大学,,生物技术,2,,,41253
A633,成都中医药大学,,英语,3,,,47851
A633,成都中医药大学,,中医儿科学,4,,,34226
A633,成都中医药大学,,康复治疗学(中外合作办学),5,,,91661
A633,成都中医药大学,,健康服务与管理(中外合作办学),5,,,86286
A634,川北医学院,,临床医学,5,,,69426
A634,川北医学院,,麻醉学,5,,,73453
A634,川北医学院,,医学影像学,5,,,68338
A634,川北医学院,,口腔医学,5,,,60632
A635,西南大学,,英语,1,,,18412
A635,西南大学,,俄语,2,,,48315
A635,西南大学,,德语,2,,,22446
A635,西南大学,,日语,2,,,35276
A635,西南大学,,历史学,1,,,14065
A635,西南大学,,思想政治教育,1,,,13604
A635,西南大学,,工商管理类,2,,,18138
A635,西南大学,,经济学类,1,,,17439
A635,西南大学,,农林经济管理,1,,,23912
A635,西南大学,,法学,1,,,12648
A635,西南大学,,应用心理学,1,,,7235
A635,西南大学,,新闻学,1,,,17727
A635,西南大学,,应用化学,2,,,19769
A635,西南大学,,物理学,2,,,16319
A635,西南大学,,材料类,3,,,25942
A635,西南大学,,环境科学与工程,2,,,23659
A635,西南大学,,土地资源管理,1,,,22352
A635,西南大学,,地理信息科学,1,,,17766
A635,西南大学,,人文地理与城乡规划,1,,,18579
A635,西南大学,,电气工程及其自动化,2,,,14623
A635,西南大学,,机械设计制造及其自动化,1,,,16726
A635,西南大学,,智能车辆工程,2,,,21563
A635,西南大学,,智能制造工程,2,,,19026
A635,西南大学,,土木工程,2,,,38108
A635,西南大学,,食品科学与工程类,2,,,19248
A635,西南大学,,包装工程,1,,,28604
A635,西南大学,,数学类,2,,,14365
A635,西南大学,,计算机科学与技术,2,,,12078
A635,西南大学,,网络工程,2,,,15324
A635,西南大学,,软件工程,3,,,12683
A635,西南大学,,电子信息类,2,,,14242
A635,西南大学,,信息安全,1,,,13152
A635,西南大学,,智能科学与技术,2,,,15326
A635,西南大学,,人工智能,2,,,13729
A635,西南大学,,园林,1,,,29520
A635,西南大学,,生物技术,2,,,20204
A635,西南大学,,生物质科学与工程,1,,,20345
A635,西南大学,,蚕学(双学士学位),2,,,34052
A635,西南大学,,生物科学,2,,,17756
A635,西南大学,,生物科学(拔尖创新班),2,,,17421
A635,西南大学,,药学,3,,,20227
A635,西南大学,,制药工程,2,,,21290
A635,西南大学,,植物生产类,3,,,30525
A635,西南大学,,汉语言文学,1,,,13378
A635,西南大学,,风景园林,2,,,26614
A635,西南大学,,纺织工程,1,,,29337
A635,西南大学,,计算机科学与技术(中外合作办学),9,,,28574
A635,西南大学,,软件工程(中外合作办学),9,,,30129
A635,西南大学,,自动化(中外合作办学),7,,,33633
A635,西南大学,,心理学(中外合作办学),6,,,34489
A635,西南大学,,植物科学与技术(中外合作办学),7,,,46321
A635,西南大学,,动物科学(中外合作办学),7,,,50166
A635,西南大学,,电子信息工程(中外合作办学),3,,,31338
A635,西南大学,,经济学(中外合作办学),4,,,28750
A635,西南大学,,生物技术(中外合作办学),3,,,36115
A635,西南大学,,食品质量与安全(中外合作办学),2,,,39826
A636,四川师范大学,,经济学,2,,,43108
A636,四川师范大学,,金融工程,2,,,58919
A636,四川师范大学,,金融数学,2,,,69542
A636,四川师范大学,,法学,2,,,33254
A636,四川师范大学,,思想政治教育,2,,,37882
A636,四川师范大学,,科学教育,2,,,80405
A636,四川师范大学,,教育技术学,2,,,69102
A636,四川师范大学,,小学教育,2,,,55839
A636,四川师范大学,,特殊教育,2,,,61215
A636,四川师范大学,,汉语言文学,6,,,32897
A636,四川师范大学,,汉语国际教育,2,,,50583
A636,四川师范大学,,秘书学,2,,,62280
A636,四川师范大学,,英语,2,,,43078
A636,四川师范大学,,广播电视学,2,,,61168
A636,四川师范大学,,网络与新媒体,2,,,44469
A636,四川师范大学,,历史学,2,,,42554
A636,四川师范大学,,物理学,2,,,53746
A636,四川师范大学,,化学,2,,,53672
A636,四川师范大学,,地理信息科学,2,,,47164
A636,四川师范大学,,心理学,2,,,47345
A636,四川师范大学,,统计学,2,,,55508
A636,四川师范大学,,电气工程及其自动化,2,,,47461
A636,四川师范大学,,环境工程,2,,,71792
A636,四川师范大学,,食品质量与安全,2,,,72107
A636,四川师范大学,,安全工程,2,,,77174
A636,四川师范大学,,市场营销,2,,,86571
A636,四川师范大学,,会计学,2,,,46482
A636,四川师范大学,,财务管理,2,,,49606
A636,四川师范大学,,审计学,2,,,47615
A636,四川师范大学,,旅游管理,2,,,75116
A636,四川师范大学,,工程造价,2,,,79237
A636,四川师范大学,,地理科学,2,,,48023
A636,四川师范大学,,数学与应用数学,2,,,39890
A636,四川师范大学,,生物科学,2,,,50709
A636,四川师范大学,,网络工程,2,,,46981
A636,四川师范大学,,哲学,2,,,48514
A636,四川师范大学,,自然地理与资源环境,2,,,55439
A636,四川师范大学,,人文地理与城乡规划,2,,,51539
A636,四川师范大学,,生物技术,2,,,53843
A636,四川师范大学,,计算机科学与技术,2,,,42331
A636,四川师范大学,,软件工程,2,,,44854
A636,四川师范大学,,信息与计算科学,2,,,43575
A636,四川师范大学,,电子信息工程,2,,,51952
A636,四川师范大学,,通信工程,2,,,51451
A637,重庆师范大学,,思想政治教育(师范类),2,,,38629
A637,重庆师范大学,,历史学(师范类),3,,,37611
A637,重庆师范大学,,社会工作,2,,,63546
A637,重庆师范大学,,教育学(师范类),3,,,47488
A637,重庆师范大学,,中国语言文学类,5,,,42556
A637,重庆师范大学,,英语(师范类),4,,,38507
A637,重庆师范大学,,外国语言文学类,3,,,76432
A637,重庆师范大学,,数学与应用数学(师范类),3,,,39164
A637,重庆师范大学,,物理学(师范类),5,,,51069
A637,重庆师范大学,,化学(师范类),5,,,48669
A637,重庆师范大学,,生物科学(师范类),2,,,34358
A637,重庆师范大学,,地理科学类,3,,,51323
A637,重庆师范大学,,经济学,2,,,50526
A637,重庆师范大学,,计算机科学与技术,5,,,49148
A637,重庆师范大学,,软件工程,3,,,48583
A637,重庆师范大学,,电子商务,2,,,67319
A637,重庆师范大学,,生物科学(中外合作办学)(师范类),4,,,80250
A638,西华师范大学,,教育学(师范类),6,,,94929
A638,西华师范大学,,历史学(师范类),4,,,69086
A638,西华师范大学,,野生动物与自然保护区管理,4,,,184137
A638,西华师范大学,,商务英语,4,,,192023
A638,西华师范大学,,电子信息工程,6,,,108099
A639,绵阳师范学院,,汉语国际教育,2,,,161342
A639,绵阳师范学院,,旅游管理,1,,,192116
A639,绵阳师范学院,,英语(师范类),1,,,105590
A639,绵阳师范学院,,应用心理学,1,,,124440
A639,绵阳师范学院,,数学与应用数学(师范类),2,,,167050
A639,绵阳师范学院,,环境科学与工程,1,,,184841
A640,内江师范学院,,汉语言文学(师范类),3,,,135551
A640,内江师范学院,,思想政治教育(师范类),2,,,148756
A640,内江师范学院,,数学与应用数学(师范类),2,,,167925
A642,重庆文理学院,,机械电子工程,2,,,153386
A642,重庆文理学院,,数据科学与大数据技术,2,,,118206
A642,重庆文理学院,,高分子材料与工程,2,,,174072
A642,重庆文理学院,,环境科学,2,,,185068
A642,重庆文理学院,,环境科学与工程,3,,,172927
A642,重庆文理学院,,制药工程,2,,,149691
A642,重庆文理学院,,机械工程,2,,,156442
A642,重庆文理学院,,机器人工程,2,,,128088
A642,重庆文理学院,,生物技术,3,,,155748
A642,重庆文理学院,,园艺,3,,,163026
A642,重庆文理学院,,风景园林,3,,,161276
A642,重庆文理学院,,电气工程及其自动化,3,,,131095
A642,重庆文理学院,,土木工程,4,,,177016
A642,重庆文理学院,,会展经济与管理,2,,,146335
A642,重庆文理学院,,文化遗产,2,,,137756
A642,重庆文理学院,,材料科学与工程,2,,,177571
A642,重庆文理学院,,智能制造工程,2,,,151481
A642,重庆文理学院,,网络工程,2,,,127552
A642,重庆文理学院,,电子信息科学与技术,2,,,133437
A642,重庆文理学院,,材料成型及控制工程(中外合作办学),4,,,225134
A642,重庆文理学院,,数学与应用数学(中外合作办学),7,,,225463
A643,重庆三峡学院,,汉语言文学(师范类),2,,,106452
A643,重庆三峡学院,,化学(师范类),2,,,149139
A643,重庆三峡学院,,广播电视学,4,,,157666
A643,重庆三峡学院,,文化产业管理,2,,,166007
A643,重庆三峡学院,,信息与计算科学,2,,,143640
A643,重庆三峡学院,,计算机科学与技术,2,,,124416
A643,重庆三峡学院,,物联网工程,3,,,133405
A643,重庆三峡学院,,通信工程,2,,,135010
A643,重庆三峡学院,,机械电子工程,3,,,146774
A643,重庆三峡学院,,食品质量与安全,3,,,158583
A643,重庆三峡学院,,工商管理,2,,,154385
A644,四川文理学院,,思想政治教育(师范类),4,,,159365
A644,四川文理学院,,历史学(师范类),4,,,159868
A644,四川文理学院,,数学与应用数学(师范类),4,,,193015
A644,四川文理学院,,化学工程与工艺,4,,,203856
A644,四川文理学院,,水质科学与技术,4,,,208947
A644,四川文理学院,,土木工程,4,,,199355
A644,四川文理学院,,工程造价,4,,,197574
A646,阿坝师范学院,,汉语言文学(师范类),2,,,152704
A646,阿坝师范学院,,思想政治教育(师范类),1,,,162913
A646,阿坝师范学院,,英语(师范类),2,,,179922
A646,阿坝师范学院,,学前教育(师范类),1,,,183083
A646,阿坝师范学院,,小学教育(师范类),1,,,175978
A646,阿坝师范学院,,数学与应用数学(师范类),2,,,188198
A646,阿坝师范学院,,生物科学(师范类),1,,,144332
A646,阿坝师范学院,,化学(师范类),1,,,172461
A646,阿坝师范学院,,地理科学(师范类),1,,,176528
A647,长江师范学院,,土木工程,2,,,173896
A647,长江师范学院,,物流工程,3,,,173032
A647,长江师范学院,,机械类,4,,,156796
A647,长江师范学院,,材料类,5,,,180641
A647,长江师范学院,,计算机类,3,,,140465
A647,长江师范学院,,电子信息类,2,,,135709
A647,长江师范学院,,环境科学与工程类,4,,,183290
A647,长江师范学院,,生物工程,3,,,165840
A647,长江师范学院,,旅游管理,2,,,188274
A647,长江师范学院,,政治学与行政学,8,,,164397
A647,长江师范学院,,国际经济与贸易,5,,,155421
A647,长江师范学院,,英语(师范类),3,,,118400
A647,长江师范学院,,土木工程(中外合作办学),5,,,230749
A649,乐山师范学院,,汉语国际教育,2,,,166698
A649,乐山师范学院,,法学,2,,,139900
A649,乐山师范学院,,国际经济与贸易,2,,,189921
A649,乐山师范学院,,人工智能,2,,,192992
A650,四川外国语大学,,英语,12,,,56023
A650,四川外国语大学,,翻译,2,,,77283
A650,四川外国语大学,,商务英语,4,,,66580
A650,四川外国语大学,,中国语言文学类,3,,,34596
A650,四川外国语大学,,新闻传播学类,2,,,50471
A650,四川外国语大学,,财务管理,2,,,42056
A650,四川外国语大学,,审计学,2,,,46358
A650,四川外国语大学,,物流管理,1,,,51312
A650,四川外国语大学,,大数据管理与应用,2,,,60099
A650,四川外国语大学,,国际经济与贸易,2,,,56678
A650,四川外国语大学,,金融学,2,,,50782
A650,四川外国语大学,,数字经济,2,,,60917
A650,四川外国语大学,,法学,1,,,31645
A650,四川外国语大学,,社会学类,4,,,70683
A650,四川外国语大学,,教育学,2,,,49444
A650,四川外国语大学,,学前教育(师范类),2,,,70700
A650,四川外国语大学,,商务英语(中外合作办学),8,,,107505
A650,四川外国语大学,,物流管理(中外合作办学),4,,,110211
A651,西南财经大学,,金融学类,7,,,11198
A651,西南财经大学,,金融科技,1,,,7921
A651,西南财经大学,,金融学(双语实验班),2,,,9297
A651,西南财经大学,,金融学类(保险方向),3,,,12737
A651,西南财经大学,,精算学,2,,,11964
A651,西南财经大学,,经济学(国家经济学基础人才培养基地班),4,,,9823
A651,西南财经大学,,数字经济,1,,,12922
A651,西南财经大学,,工商管理类(会计学院),3,,,9680
A651,西南财经大学,,会计学(注册会计师专门化方向),2,,,7270
A651,西南财经大学,,会计学(双语实验班),2,,,8480
A651,西南财经大学,,统计学类,2,,,9331
A651,西南财经大学,,经济统计学,1,,,10888
A651,西南财经大学,,工商管理类,3,,,20054
A651,西南财经大学,,工商管理(双语实验班),1,,,12588
A651,西南财经大学,,财政学类,3,,,11793
A651,西南财经大学,,金融学(经管国际化创新实验班),1,,,7230
A651,西南财经大学,,计算机类,2,,,11643
A651,西南财经大学,,法学(法学与会计学双学位),2,,,8822
A651,西南财经大学,,法学(法学与金融学双学位),1,,,8583
A651,西南财经大学,,法学(法学与国商双学位),1,,,8902
A651,西南财经大学,,数学与应用数学(数学与经济学双学位),2,,,9824
A651,西南财经大学,,数学与应用数学,1,,,10497
A651,西南财经大学,,金融数学,1,,,8964
A651,西南财经大学,,计算金融,1,,,13223
A651,西南财经大学,,经济与贸易类,3,,,13587
A651,西南财经大学,,会计学(中外合作办学),5,,,22049
A651,西南财经大学,,市场营销(中外合作办学)(金融服务与营销),6,,,39046
A651,西南财经大学,,国际商务(中外合作办学),6,,,29013
A651,西南财经大学,,信息管理与信息系统(中外合作办学)(信息系统与数据管理方向),5,,,35154
A651,西南财经大学,,金融数学(中外合作办学)(金融服务与量化分析方向),4,,,19299
A651,西南财经大学,,物流管理(中外合作办学)(运营管理与商务分析方向),3,,,39378
A652,西南政法大学,,法学,3,,,8897
A652,西南政法大学,,知识产权,4,,,12796
A652,西南政法大学,,法学,2,,,9016
A652,西南政法大学,,经济统计学,2,,,18429
A652,西南政法大学,,法学,4,,,9219
A652,西南政法大学,,国际经济与贸易,2,,,25577
A652,西南政法大学,,法学,5,,,9457
A652,西南政法大学,,德语,3,,,27743
A652,西南政法大学,,行政管理,2,,,17962
A652,西南政法大学,,公共事业管理,2,,,24704
A652,西南政法大学,,法学,2,,,9609
A652,西南政法大学,,国际事务与国际关系,2,,,23509
A652,西南政法大学,,思想政治教育,2,,,17709
A652,西南政法大学,,哲学,2,,,20041
A652,西南政法大学,,法学,47,,,11421
A652,西南政法大学,,新闻传播学类,4,,,22060
A652,西南政法大学,,法学(中外合作办学),10,,,14149
A653,成都体育学院,,中医学,4,,,104448
A653,成都体育学院,,新闻学,3,,,122099
A653,成都体育学院,,体育经济与管理,3,,,174536
A653,成都体育学院,,英语,2,,,158459
A653,成都体育学院,,文物与博物馆学,4,,,168714
A653,成都体育学院,,中医骨伤科学,3,,,98422
A653,成都体育学院,,康复治疗学,2,,,144199
A654,四川音乐学院,,新媒体艺术,2,,,103310
A654,四川音乐学院,,广播电视编导,7,,,162577
A654,四川音乐学院,,戏剧影视文学,3,,,110545
A654,四川音乐学院,,摄影,2,,,180804
A654,四川音乐学院,,艺术管理,3,,,148529
A654,四川音乐学院,,艺术史论(中外高水平大学学生交流计划),3,,,164069
A654,四川音乐学院,,广播电视编导(中外高水平大学学生交流计划),3,,,212055
A655,四川美术学院,,艺术教育,2,,,66341
A655,四川美术学院,,工业设计,2,,,58334
A655,四川美术学院,,建筑学,2,,,76055
A656,西南民族大学,,金融学类,5,,,65702
A656,西南民族大学,,法学,3,,,34249
A656,西南民族大学,,社会学类,3,,,61525
A656,西南民族大学,,汉语言文学,3,,,44545
A656,西南民族大学,,英语,3,,,78513
A656,西南民族大学,,新闻传播学类,3,,,63290
A656,西南民族大学,,工商管理类,3,,,64725
A656,西南民族大学,,旅游管理,4,,,110345
A656,西南民族大学,,数学类,3,,,72098
A656,西南民族大学,,化学类,3,,,91114
A656,西南民族大学,,环境科学与工程类,3,,,97515
A656,西南民族大学,,电子信息类,6,,,64089
A656,西南民族大学,,电气工程及其自动化,3,,,63519
A656,西南民族大学,,自动化,3,,,67006
A656,西南民族大学,,计算机类,8,,,60156
A656,西南民族大学,,建筑类,3,,,74772
A656,西南民族大学,,食品科学与工程类,3,,,89415
A656,西南民族大学,,动物科学,3,,,87638
A656,西南民族大学,,动物医学,3,,,65364
A657,贵州大学,,历史学,3,,,29956
A657,贵州大学,,财政学类,3,,,29595
A657,贵州大学,,工程管理,3,,,41000
A657,贵州大学,,物理学,3,,,28791
A657,贵州大学,,生物科学类,3,,,34347
A657,贵州大学,,电子信息类,5,,,23099
A657,贵州大学,,工业设计,2,,,31670
A657,贵州大学,,材料成型及控制工程,2,,,36103
A657,贵州大学,,电气类,3,,,22766
A657,贵州大学,,土木类,3,,,37501
A657,贵州大学,,水利水电工程,2,,,33617
A657,贵州大学,,建筑类,2,,,39880
A657,贵州大学,,材料类,2,,,35211
A657,贵州大学,,新能源科学与工程,3,,,28094
A657,贵州大学,,化学类,4,,,37160
A657,贵州大学,,水文与水资源工程,3,,,42925
A657,贵州大学,,食品科学与工程类,4,,,39129
A657,贵州大学,,药学,3,,,33643
A657,贵州大学,,冶金工程,3,,,45927
A657,贵州大学,,工商管理类,3,,,31684
A657,贵州大学,,经济与贸易类,3,,,33829
A657,贵州大学,,数学类,3,,,26368
A657,贵州大学,,机械设计制造及其自动化,4,,,27177
A657,贵州大学,,旅游管理(中外合作办学),20,,,98199
A657,贵州大学,,机械设计制造及其自动化(中外合作办学),8,,,51922
A657,贵州大学,,化学工程与工艺(中外合作办学),6,,,73726
A657,贵州大学,,环境科学(中外合作办学),6,,,97066
A660,贵州医科大学,,临床医学,7,,,25536
A660,贵州医科大学,,药学(中外合作办学),3,,,93541
A661,遵义医科大学,,临床医学,13,,,45693
A661,遵义医科大学,,预防医学,3,,,91911
A661,遵义医科大学,,临床医学,2,,,39015
A661,遵义医科大学,,护理学,5,,,123803
A661,遵义医科大学,,生物工程,2,,,118321
A663,贵州师范大学,,汉语国际教育,5,,,118723
A663,贵州师范大学,,经济学,4,,,143347
A663,贵州师范大学,,地理科学(师范类),5,,,109927
A663,贵州师范大学,,旅游管理(3加1培养模式),23,,,208089
A663,贵州师范大学,,计算机科学与技术(3加1培养模式),33,,,180433
A664,遵义师范学院,,汉语言文学(师范类),2,,,124676
A664,遵义师范学院,,思想政治教育(师范类),2,,,144273
A664,遵义师范学院,,历史学(师范类),2,,,143094
A664,遵义师范学院,,英语(师范类),2,,,150767
A664,遵义师范学院,,数学与应用数学(师范类),3,,,187973
A664,遵义师范学院,,学前教育(师范类),3,,,185194
A664,遵义师范学院,,小学教育(师范类),3,,,171484
A666,兴义民族师范学院,,思想政治教育(师范类),2,,,173028
A666,兴义民族师范学院,,历史学(师范类),2,,,174998
A667,安顺学院,,汉语言文学(师范类),1,,,152911
A667,安顺学院,,计算机类,2,,,189690
A667,安顺学院,,化学(师范类),1,,,188861
A667,安顺学院,,食品质量与安全,1,,,190328
A667,安顺学院,,电子信息工程,2,,,200562
A667,安顺学院,,植物生产类,1,,,195668
A667,安顺学院,,旅游管理,1,,,206872
A667,安顺学院,,土地资源管理,1,,,197391
A669,凯里学院,,计算机科学与技术(中外合作办学),15,,,227817
A670,黔南民族师范学院,,汉语言文学(师范类),1,,,148782
A670,黔南民族师范学院,,历史学(师范类),1,,,168273
A670,黔南民族师范学院,,地理科学(师范类),1,,,168508
A670,黔南民族师范学院,,外国语言文学类,1,,,198687
A670,黔南民族师范学院,,数学与应用数学(师范类),1,,,201113
A670,黔南民族师范学院,,计算机类,1,,,188565
A671,贵州财经大学,,公共管理类,4,,,150569
A671,贵州财经大学,,管理科学与工程类,5,,,247397
A671,贵州财经大学,,中国语言文学类,5,,,106171
A671,贵州财经大学,,工商管理类,5,,,135976
A671,贵州财经大学,,统计学,5,,,122135
A671,贵州财经大学,,金融学类,4,,,162509
A671,贵州财经大学,,计算机类,5,,,78477
A672,贵州民族大学,,制药工程,4,,,152722
A672,贵州民族大学,,过程装备与控制工程,5,,,182160
A672,贵州民族大学,,历史学,4,,,125638
A672,贵州民族大学,,日语,3,,,176807
A673,云南大学,,经济学类,6,,,31616
A673,云南大学,,法学,4,,,18967
A673,云南大学,,政治学与行政学,3,,,28283
A673,云南大学,,社会工作,2,,,39717
A673,云南大学,,汉语言文学,5,,,20638
A673,云南大学,,英语,4,,,44496
A673,云南大学,,法语,2,,,49699
A673,云南大学,,日语,1,,,67425
A673,云南大学,,老挝语,2,,,63294
A673,云南大学,,新闻学,3,,,30854
A673,云南大学,,广播电视学,4,,,91568
A673,云南大学,,历史学,4,,,23707
A673,云南大学,,数学与应用数学,3,,,22577
A673,云南大学,,信息与计算科学,4,,,24473
A673,云南大学,,物理学,5,,,25662
A673,云南大学,,化学类,8,,,33257
A673,云南大学,,地理科学,5,,,33976
A673,云南大学,,地理信息科学,2,,,26483
A673,云南大学,,大气科学,3,,,26781
A673,云南大学,,地球物理学,4,,,35428
A673,云南大学,,地质学,4,,,35045
A673,云南大学,,生物科学,4,,,26186
A673,云南大学,,生物技术,3,,,27515
A673,云南大学,,生物科学类,4,,,30920
A673,云南大学,,生态学,2,,,23875
A673,云南大学,,统计学,4,,,26430
A673,云南大学,,电子信息类,3,,,22632
A673,云南大学,,计算机类,27,,,23306
A673,云南大学,,数据科学与大数据技术,4,,,23346
A673,云南大学,,土木工程,3,,,35852
A673,云南大学,,环境科学与工程类,3,,,36136
A673,云南大学,,建筑学,2,,,31171
A673,云南大学,,城乡规划,3,,,42354
A673,云南大学,,临床医学,2,,,19215
A673,云南大学,,工商管理类,19,,,39732
A673,云南大学,,行政管理,2,,,36918
A673,云南大学,,档案学,2,,,29169
A673,云南大学,,新能源科学与工程,1,,,24005
A673,云南大学,,经济学,1,,,26163
A673,云南大学,,马克思主义理论,2,,,24720
A673,云南大学,,光电信息科学与工程,3,,,25051
A673,云南大学,,公共事业管理,2,,,31409
A673,云南大学,,社会学,2,,,31398
A673,云南大学,,材料科学与工程,4,,,33845
A674,昆明理工大学,,测绘工程,3,,,68126
A674,昆明理工大学,,地质工程,3,,,95254
A674,昆明理工大学,,采矿工程,3,,,92250
A674,昆明理工大学,,冶金工程(菁英班),3,,,61326
A674,昆明理工大学,,能源与动力工程,3,,,50958
A674,昆明理工大学,,新能源科学与工程,3,,,45465
A674,昆明理工大学,,储能科学与工程,2,,,49523
A674,昆明理工大学,,机械工程,3,,,51297
A674,昆明理工大学,,工业工程,2,,,69892
A674,昆明理工大学,,机器人工程,3,,,50694
A674,昆明理工大学,,智能制造工程,3,,,48726
A674,昆明理工大学,,电子信息工程,3,,,44839
A674,昆明理工大学,,通信工程,3,,,42006
A674,昆明理工大学,,自动化,3,,,42754
A674,昆明理工大学,,电气工程及其自动化,4,,,36684
A674,昆明理工大学,,水利类,3,,,60537
A674,昆明理工大学,,车辆工程,3,,,53174
A674,昆明理工大学,,交通运输类,3,,,63918
A674,昆明理工大学,,物流工程,3,,,80297
A674,昆明理工大学,,环境科学与工程类,4,,,65667
A674,昆明理工大学,,资源环境科学,3,,,91958
A674,昆明理工大学,,化学工程与工艺,3,,,67074
A674,昆明理工大学,,轻化工程,3,,,96895
A674,昆明理工大学,,金融学,3,,,63782
A674,昆明理工大学,,国际经济与贸易,3,,,78599
A674,昆明理工大学,,信息管理与信息系统,3,,,57146
A674,昆明理工大学,,工程力学,3,,,68349
A674,昆明理工大学,,数据科学与大数据技术,3,,,44088
A674,昆明理工大学,,法学,3,,,39512
A674,昆明理工大学,,材料成型及控制工程,3,,,67208
A674,昆明理工大学,,材料科学与工程,4,,,62904
A674,昆明理工大学,,宝石及材料工艺学,2,,,100267
A674,昆明理工大学,,功能材料,3,,,80906
A674,昆明理工大学,,制药工程,3,,,61488
A674,昆明理工大学,,生物工程(创新班),3,,,60809
A674,昆明理工大学,,外国语言文学类,3,,,93460
A674,昆明理工大学,,临床医学,4,,,35245
A674,昆明理工大学,,护理学,3,,,103849
A674,昆明理工大学,,建筑学,2,,,52668
A674,昆明理工大学,,风景园林,2,,,81825
A674,昆明理工大学,,安全工程,3,,,81080
A674,昆明理工大学,,飞行器控制与信息工程,2,,,48881
A674,昆明理工大学,,人工智能,3,,,44574
A674,昆明理工大学,,计算机科学与技术,3,,,36302
A674,昆明理工大学,,土木工程(中外合作办学),5,,,177341
A676,云南农业大学,,种子科学与工程,1,,,124711
A676,云南农业大学,,水产养殖学,1,,,144682
A676,云南农业大学,,动物医学,2,,,98479
A676,云南农业大学,,植物保护,1,,,117435
A676,云南农业大学,,设施农业科学与工程,1,,,141542
A676,云南农业大学,,园林,1,,,122443
A676,云南农业大学,,食品科学与工程,1,,,128698
A676,云南农业大学,,葡萄与葡萄酒工程,2,,,147923
A676,云南农业大学,,烟草,2,,,106135
A676,云南农业大学,,水利水电工程,1,,,120038
A676,云南农业大学,,能源与动力工程,1,,,123416
A676,云南农业大学,,电气工程及其自动化,1,,,102386
A676,云南农业大学,,农业机械化及其自动化,1,,,132041
A676,云南农业大学,,数据科学与大数据技术,1,,,118235
A676,云南农业大学,,土木工程,1,,,125222
A676,云南农业大学,,建筑环境与能源应用工程,1,,,153313
A676,云南农业大学,,城乡规划,1,,,117698
A676,云南农业大学,,工程造价,2,,,141209
A676,云南农业大学,,经济学,1,,,105201
A676,云南农业大学,,电子商务,1,,,141364
A676,云南农业大学,,社会工作,1,,,148738
A676,云南农业大学,,秘书学,1,,,90840
A676,云南农业大学,,旅游管理,1,,,142873
A676,云南农业大学,,英语,1,,,121791
A676,云南农业大学,,农业智能装备工程,1,,,161572
A676,云南农业大学,,土木工程(中外合作办学)(土木与环境),2,,,213807
A676,云南农业大学,,农林经济管理(中外合作办学),2,,,186393
A677,西南林业大学,,英语,3,,,243479
A677,西南林业大学,,机械设计制造及其自动化,4,,,119108
A677,西南林业大学,,机械电子工程,3,,,131203
A677,西南林业大学,,车辆工程,3,,,133924
A677,西南林业大学,,材料科学与工程,4,,,162785
A677,西南林业大学,,高分子材料与工程,2,,,155652
A677,西南林业大学,,电子信息工程,3,,,121656
A677,西南林业大学,,测绘工程,3,,,151615
A677,西南林业大学,,交通运输,3,,,143570
A677,西南林业大学,,森林工程,3,,,164624
A677,西南林业大学,,木材科学与工程,6,,,168481
A677,西南林业大学,,林产化工,3,,,167585
A677,西南林业大学,,环境工程,4,,,149157
A677,西南林业大学,,环境科学,3,,,143153
A677,西南林业大学,,消防工程,3,,,152145
A677,西南林业大学,,园艺,3,,,139195
A677,西南林业大学,,林学,2,,,117443
A677,西南林业大学,,园林,3,,,125516
A677,西南林业大学,,工商管理,4,,,150265
A677,西南林业大学,,公共事业管理,4,,,154727
A677,西南林业大学,,旅游管理,4,,,166815
A677,西南林业大学,,智慧林业,3,,,165581
A678,昆明医科大学,,临床医学,12,,,23891
A678,昆明医科大学,,麻醉学,1,,,24286
A678,昆明医科大学,,医学影像学,1,,,18498
A678,昆明医科大学,,口腔医学,1,,,16224
A678,昆明医科大学,,法医学,1,,,27003
A678,昆明医科大学,,预防医学,1,,,45167
A678,昆明医科大学,,临床药学,3,,,43166
A678,昆明医科大学,,药学,1,,,48920
A678,昆明医科大学,,医学检验技术,1,,,36450
A678,昆明医科大学,,康复物理治疗,1,,,64649
A678,昆明医科大学,,康复作业治疗,1,,,76898
A678,昆明医科大学,,护理学(中外合作办学),4,,,131262
A679,大理大学,,临床医学,4,,,87305
A679,大理大学,,医学影像学,4,,,77073
A679,大理大学,,护理学,4,,,143633
A679,大理大学,,预防医学,4,,,125348
A679,大理大学,,药学,5,,,133260
A679,大理大学,,临床药学,2,,,99962
A679,大理大学,,环境科学,2,,,156792
A679,大理大学,,园艺,2,,,154618
A679,大理大学,,动物科学,2,,,157284
A679,大理大学,,数学与应用数学,2,,,122190
A679,大理大学,,储能科学与工程,2,,,123240
A679,大理大学,,电气工程及其自动化,2,,,103006
A679,大理大学,,建筑学,2,,,123010
A679,大理大学,,电子信息工程,2,,,107062
A679,大理大学,,汉语言文学,4,,,96452
A679,大理大学,,汉语国际教育,2,,,108597
A679,大理大学,,英语,2,,,124772
A679,大理大学,,学前教育(师范类),4,,,146881
A679,大理大学,,小学教育(师范类),2,,,119940
A679,大理大学,,法学,2,,,83303
A679,大理大学,,生物科学,4,,,147670
A679,大理大学,,智能医学工程,2,,,141773
A680,云南中医药大学,,医学信息工程,1,,,122137
A680,云南中医药大学,,制药工程,1,,,118110
A680,云南中医药大学,,食品质量与安全,1,,,134087
A680,云南中医药大学,,生物制药,1,,,111357
A680,云南中医药大学,,中医学,1,,,56433
A680,云南中医药大学,,针灸推拿学,1,,,63415
A680,云南中医药大学,,中医康复学,1,,,101832
A680,云南中医药大学,,中医养生学,1,,,107778
A680,云南中医药大学,,中医儿科学,1,,,80883
A680,云南中医药大学,,中医骨伤科学,1,,,89344
A680,云南中医药大学,,中西医临床医学,1,,,83919
A680,云南中医药大学,,药学,1,,,105967
A680,云南中医药大学,,药物制剂,1,,,108592
A680,云南中医药大学,,中药学,1,,,105714
A680,云南中医药大学,,中药资源与开发,1,,,139416
A680,云南中医药大学,,康复治疗学,1,,,121468
A680,云南中医药大学,,护理学,1,,,113148
A680,云南中医药大学,,公共事业管理,1,,,148973
A681,云南师范大学,,汉语言文学(师范类),3,,,48627
A681,云南师范大学,,秘书学,5,,,102639
A681,云南师范大学,,思想政治教育(师范类),3,,,57629
A681,云南师范大学,,历史学(师范类),3,,,59179
A681,云南师范大学,,化学(师范类),3,,,82110
A681,云南师范大学,,财政学,3,,,98480
A681,云南师范大学,,数学与应用数学(师范类),5,,,73685
A681,云南师范大学,,物理学(师范类),4,,,83079
A681,云南师范大学,,电子信息类,3,,,80825
A681,云南师范大学,,空间信息与数字技术,2,,,87286
A681,云南师范大学,,新闻传播学类,3,,,84629
A681,云南师范大学,,生物科学(师范类),3,,,75723
A681,云南师范大学,,行政管理,3,,,175924
A681,云南师范大学,,地理科学(师范类),3,,,59836
A681,云南师范大学,,小学教育(师范类),4,,,88358
A684,曲靖师范学院,,汉语国际教育(师范类),2,,,177366
A684,曲靖师范学院,,历史学(师范类),2,,,162019
A684,曲靖师范学院,,应用化学,2,,,206011
A684,曲靖师范学院,,生物技术,2,,,186626
A684,曲靖师范学院,,工程管理,2,,,213767
A684,曲靖师范学院,,经济学,2,,,189792
A685,普洱学院,,烹饪与营养教育,5,,,213673
A687,红河学院,,汉语言文学(师范类),3,,,156477
A687,红河学院,,汉语国际教育,2,,,187035
A687,红河学院,,国际经济与贸易,3,,,208960
A687,红河学院,,财务管理,2,,,186456
A687,红河学院,,物流管理,2,,,207302
A687,红河学院,,酒店管理,2,,,209094
A687,红河学院,,计算机科学与技术,2,,,191742
A687,红河学院,,电气工程及其自动化,2,,,196400
A687,红河学院,,数学与应用数学,3,,,200011
A687,红河学院,,应用统计学,4,,,205953
A689,云南财经大学,,金融学,8,,,77638
A689,云南财经大学,,金融工程,4,,,88635
A689,云南财经大学,,保险学,4,,,149655
A689,云南财经大学,,数学与应用数学,4,,,88235
A689,云南财经大学,,应用统计学,6,,,102369
A689,云南财经大学,,管理科学,4,,,179021
A689,云南财经大学,,工商管理,4,,,96957
A689,云南财经大学,,房地产开发与管理,4,,,268570
A689,云南财经大学,,资产评估,4,,,119554
A689,云南财经大学,,人力资源管理,4,,,99027
A689,云南财经大学,,法学,6,,,67351
A689,云南财经大学,,汉语言,4,,,90971
A689,云南财经大学,,会计学,4,,,57017
A689,云南财经大学,,财务管理,4,,,68746
A689,云南财经大学,,新闻学,4,,,112201
A689,云南财经大学,,供应链管理,4,,,173302
A689,云南财经大学,,财政学,4,,,75395
A689,云南财经大学,,会展经济与管理,6,,,187310
A689,云南财经大学,,公共事业管理,4,,,133743
A689,云南财经大学,,物联网工程,4,,,98524
A689,云南财经大学,,经济学,4,,,84872
A689,云南财经大学,,国际经贸规则,4,,,121220
A689,云南财经大学,,金融科技,4,,,99394
A689,云南财经大学,,智能科学与技术,4,,,97361
A690,云南艺术学院,,戏剧学,1,,,215855
A690,云南艺术学院,,戏剧影视文学,2,,,199182
A690,云南艺术学院,,艺术管理,2,,,215321
A690,云南艺术学院,,非物质文化遗产保护,2,,,209496
A691,云南民族大学,,政治学与行政学,4,,,106550
A691,云南民族大学,,行政管理,4,,,132072
A691,云南民族大学,,应用心理学,2,,,104729
A691,云南民族大学,,日语,3,,,157421
A691,云南民族大学,,数学与应用数学,5,,,136480
A691,云南民族大学,,计算机科学与技术,3,,,95968
A691,云南民族大学,,工商管理,2,,,125900
A691,云南民族大学,,药物分析,2,,,139730
A691,云南民族大学,,汉语言文学,5,,,75932
A693,西藏农牧学院,,植物保护,4,,,224667
A693,西藏农牧学院,,设施农业科学与工程,4,,,226137
A693,西藏农牧学院,,动物科学,4,,,221574
A693,西藏农牧学院,,动物医学,5,,,210816
A693,西藏农牧学院,,动植物检疫,3,,,227113
A693,西藏农牧学院,,生物技术,8,,,224855
A693,西藏农牧学院,,生态学,9,,,227285
A693,西藏农牧学院,,环境科学,3,,,223313
A693,西藏农牧学院,,水土保持与荒漠化防治,2,,,224588
A693,西藏农牧学院,,林学,3,,,221484
A693,西藏农牧学院,,园林,3,,,223167
A693,西藏农牧学院,,土木工程,2,,,221352
A693,西藏农牧学院,,水利水电工程,2,,,217958
A693,西藏农牧学院,,水文与水资源工程,3,,,222748
A693,西藏农牧学院,,电气工程及其自动化,3,,,207398
A693,西藏农牧学院,,农业电气化,4,,,220101
A693,西藏农牧学院,,应用化学,5,,,218029
A693,西藏农牧学院,,农林经济管理,3,,,213489
A693,西藏农牧学院,,农村区域发展,2,,,214160
A693,西藏农牧学院,,自然地理与资源环境,4,,,211987
A694,西藏大学,,汉语言文学,3,,,66565
A694,西藏大学,,汉语言文学(师范类),2,,,66934
A694,西藏大学,,数学与应用数学(师范类),5,,,87294
A694,西藏大学,,物理学(师范类),3,,,90499
A694,西藏大学,,建筑学,2,,,80265
A694,西藏大学,,城乡规划,1,,,71802
A694,西藏大学,,交通运输,4,,,81582
A694,西藏大学,,土木工程,2,,,90256
A694,西藏大学,,资源勘查工程,2,,,85758
A694,西藏大学,,临床医学,4,,,54231
A694,西藏大学,,预防医学,3,,,86181
A694,西藏大学,,药学,1,,,52528
A694,西藏大学,,护理学,3,,,102737
A694,西藏大学,,口腔医学,1,,,34821
A694,西藏大学,,行政管理,2,,,75211
A694,西藏大学,,经济学,3,,,72588
A694,西藏大学,,工商管理,2,,,79443
A694,西藏大学,,财务管理,2,,,78455
A694,西藏大学,,旅游管理,4,,,93558
A694,西藏大学,,法学,5,,,62533
A694,西藏大学,,学前教育(师范类),2,,,93222
A694,西藏大学,,财政学,3,,,78859
A694,西藏大学,,会计学,4,,,77183
A694,西藏大学,,通信工程,3,,,69150
A694,西藏大学,,信息工程,4,,,75497
A694,西藏大学,,计算机科学与技术,7,,,65926
A694,西藏大学,,思想政治教育(师范类),2,,,70007
A694,西藏大学,,生态学,2,,,75662
A694,西藏大学,,生物科学(师范类),2,,,84398
A694,西藏大学,,化学(师范类),3,,,84133
A694,西藏大学,,地理科学(师范类),2,,,69897
A694,西藏大学,,地理信息科学,2,,,72497
A695,西藏民族大学,,汉语言文学,6,,,105871
A695,西藏民族大学,,汉语言文学(师范类),7,,,99445
A695,西藏民族大学,,会计学,5,,,126319
A695,西藏民族大学,,财务管理,7,,,133229
A695,西藏民族大学,,法学,5,,,106817
A695,西藏民族大学,,计算机科学与技术,5,,,134155
A695,西藏民族大学,,土木工程,5,,,177634
A695,西藏民族大学,,国际新闻与传播,2,,,149222
A695,西藏民族大学,,英语,5,,,143366
A695,西藏民族大学,,英语(英藏复语方向),3,,,179264
A695,西藏民族大学,,临床医学,5,,,93865
A695,西藏民族大学,,临床医学(影像诊断方向),5,,,101641
A695,西藏民族大学,,临床医学(预防方向),5,,,111281
A695,西藏民族大学,,护理学,5,,,162968
A695,西藏民族大学,,民族学(铸牢中华民族共同体意识方向),5,,,134974
A697,西北大学,,经济学,2,,,15413
A697,西北大学,,哲学,2,,,26299
A697,西北大学,,法学,2,,,15048
A697,西北大学,,外国语言文学类,4,,,31421
A697,西北大学,,历史学类,3,,,16772
A697,西北大学,,考古学,2,,,14942
A697,西北大学,,工商管理类,3,,,23618
A697,西北大学,,图书情报与档案管理类,4,,,27268
A697,西北大学,,化学,3,,,21136
A697,西北大学,,化学,2,,,21228
A697,西北大学,,地质学,2,,,24828
A697,西北大学,,金融工程,3,,,21756
A697,西北大学,,信息管理与信息系统,3,,,22691
A697,西北大学,,管理科学与工程类,5,,,30732
A697,西北大学,,数学类,6,,,16906
A697,西北大学,,金融数学,3,,,23850
A697,西北大学,,物理学类,6,,,18725
A697,西北大学,,地质类,2,,,28524
A697,西北大学,,地理科学类,4,,,24438
A697,西北大学,,口腔医学,2,,,12075
A697,西北大学,,电子信息类,8,,,15609
A697,西北大学,,计算机类,6,,,14099
A697,西北大学,,过程装备与控制工程,4,,,25289
A697,西北大学,,化工与制药类,6,,,25661
A697,西北大学,,生物工程,3,,,23990
A697,西北大学,,食品科学与工程,3,,,26519
A697,西北大学,,电子信息科学与技术(中外合作办学),10,,,36340
A698,西安交通大学,,自动化(钱学森班本研一体),3,,,907
A698,西安交通大学,,临床医学(侯宗濂班本研一体),2,,,1081
A698,西安交通大学,,数学与应用数学(国家拔尖计划),3,,,1458
A698,西安交通大学,,人工智能(新工科卓越计划),2,,,1159
A698,西安交通大学,,工科试验班(智能电气与信息类专业预选),6,,,1346
A698,西安交通大学,,工科试验班(智慧能源与智能制造类专业预选),16,,,2203
A698,西安交通大学,,会计学(ACCA),3,,,3224
A698,西安交通大学,,临床医学(5+3一体化),5,,,2173
A698,西安交通大学,,外国语言文学类,2,,,5520
A698,西安交通大学,,文科试验班类,6,,,4995
A698,西安交通大学,,工科试验班(智能电气与信息类),71,,,2293
A698,西安交通大学,,工科试验班(智慧能源与智能制造类),53,,,3087
A698,西安交通大学,,工科试验班(经管类),21,,,3592
A698,西安交通大学,,理科试验班,12,,,2374
A698,西安交通大学,,建筑学(中外合作办学),12,,,25005
A698,西安交通大学,,工业设计(中外合作办学),8,,,17986
A699,西北工业大学,,工程力学(力学拔尖基地班),2,,,3856
A699,西北工业大学,,航空航天类(智慧三航本研衔接班),7,,,2455
A699,西北工业大学,,柔性电子学(本研衔接班),5,,,4670
A699,西北工业大学,,航空航天类(黄玉珊航空班),2,,,2333
A699,西北工业大学,,航空航天类(陈士橹飞天班),2,,,2247
A699,西北工业大学,,海洋工程类(黄震中海洋班),2,,,4275
A699,西北工业大学,,海洋工程类(智慧海洋试验班),8,,,6207
A699,西北工业大学,,机械类(航宇智能制造试验班),8,,,4669
A699,西北工业大学,,能源动力类(航空动力与新能源试验班),10,,,5071
A699,西北工业大学,,数学类,4,,,5181
A699,西北工业大学,,物理学类,9,,,6039
A699,西北工业大学,,经济与贸易类(国贸、法学、行管),4,,,12964
A699,西北工业大学,,外国语言文学类,4,,,15602
A699,西北工业大学,,建筑学,3,,,9780
A699,西北工业大学,,航空航天类(民用航空),15,,,5031
A699,西北工业大学,,软件工程,15,,,4560
A699,西北工业大学,,计算机类(网络安全),8,,,3769
A699,西北工业大学,,工商管理类(管理试验班),2,,,9652
A699,西北工业大学,,电子信息类(集成电路),10,,,4469
A699,西北工业大学,,航空航天类,16,,,3882
A699,西北工业大学,,材料类(新材料与化工试验班),16,,,7008
A699,西北工业大学,,力学类(工程应用力学试验班),5,,,7204
A699,西北工业大学,,电子信息类,12,,,4319
A699,西北工业大学,,自动化类,12,,,4611
A699,西北工业大学,,计算机类,8,,,3135
A699,西北工业大学,,材料科学与工程(中外合作办学),10,,,19482
A699,西北工业大学,,高分子材料与工程(中外合作办学),10,,,24700
A700,西安理工大学,,材料科学与工程,2,,,45470
A700,西安理工大学,,材料成型及控制工程,4,,,47767
A700,西安理工大学,,材料物理,2,,,47328
A700,西安理工大学,,材料化学,2,,,44423
A700,西安理工大学,,机械设计制造及其自动化,5,,,33185
A700,西安理工大学,,车辆工程,2,,,35624
A700,西安理工大学,,测控技术与仪器,2,,,35526
A700,西安理工大学,,智能制造工程,2,,,34735
A700,西安理工大学,,数字媒体技术,2,,,29462
A700,西安理工大学,,电子信息工程,3,,,26420
A700,西安理工大学,,电气工程与智能控制,2,,,28699
A700,西安理工大学,,电子科学与技术,3,,,26515
A700,西安理工大学,,微电子科学与工程,3,,,30629
A700,西安理工大学,,会计学,2,,,33267
A700,西安理工大学,,信息管理与信息系统,2,,,36235
A700,西安理工大学,,能源与动力工程,3,,,34748
A700,西安理工大学,,水文与水资源工程,2,,,46812
A700,西安理工大学,,信息与计算科学,2,,,34274
A700,西安理工大学,,应用化学,2,,,42027
A700,西安理工大学,,网络工程,2,,,29437
A700,西安理工大学,,土木工程,4,,,53602
A700,西安理工大学,,工程管理,4,,,54611
A700,西安理工大学,,城乡规划,2,,,51091
A700,西安理工大学,,城市地下空间工程,2,,,55540
A700,西安理工大学,,电气类,6,,,28141
A700,西安理工大学,,自动化,4,,,29571
A700,西安理工大学,,水利水电工程,2,,,32270
A700,西安理工大学,,计算机科学与技术,5,,,25808
A700,西安理工大学,,机械设计制造及其自动化(中外合作办学),4,,,67151
A700,西安理工大学,,电子科学与技术(中外合作办学),4,,,56175
A700,西安理工大学,,土木工程(中外合作办学),2,,,87367
A700,西安理工大学,,计算机科学与技术(中外合作办学),4,,,53230
A701,西安电子科技大学,,计算机类,66,,,8741
A701,西安电子科技大学,,电子信息类(电子科学、信息物理、空天信息),45,,,9211
A701,西安电子科技大学,,自动化类(智能制造及智能测控),45,,,11022
A701,西安电子科技大学,,电子信息类(通信、电子信息、微电子),78,,,8621
A701,西安电子科技大学,,通信工程(中外合作办学),13,,,20547
A701,西安电子科技大学,,电子信息工程(中外合作办学),13,,,24504
A701,西安电子科技大学,,大数据管理与应用(中外合作办学),13,,,30529
A702,西安工业大学,,数学与应用数学,3,,,45125
A702,西安工业大学,,信息与计算科学,6,,,54973
A702,西安工业大学,,应用物理学,4,,,62619
A702,西安工业大学,,机械电子工程,2,,,54176
A702,西安工业大学,,工业设计,2,,,74543
A702,西安工业大学,,测控技术与仪器,2,,,58016
A702,西安工业大学,,电气工程及其自动化,5,,,43782
A702,西安工业大学,,电子科学与技术,2,,,48649
A702,西安工业大学,,光电信息科学与工程,4,,,48188
A702,西安工业大学,,自动化,6,,,47248
A702,西安工业大学,,物联网工程,4,,,48006
A702,西安工业大学,,智能科学与技术,2,,,46705
A702,西安工业大学,,土木工程,2,,,71949
A702,西安工业大学,,给排水科学与工程,2,,,77804
A702,西安工业大学,,城市地下空间工程,4,,,73212
A702,西安工业大学,,武器系统与工程,2,,,55460
A702,西安工业大学,,探测制导与控制技术,2,,,56538
A702,西安工业大学,,信息对抗技术,2,,,55054
A702,西安工业大学,,生物医学工程,2,,,64949
A702,西安工业大学,,工业工程,2,,,68492
A702,西安工业大学,,材料类,10,,,78981
A702,西安工业大学,,工商管理类,6,,,69925
A702,西安工业大学,,英语,2,,,64123
A702,西安工业大学,,网络与新媒体,2,,,46598
A702,西安工业大学,,机械设计制造及其自动化(中外合作办学),4,,,80866
A702,西安工业大学,,金属材料工程(中外合作办学),5,,,154702
A702,西安工业大学,,自动化(中外合作办学),4,,,75344
A703,西安建筑科技大学,,建筑学,3,,,26049
A703,西安建筑科技大学,,城乡规划,3,,,37816
A703,西安建筑科技大学,,风景园林,3,,,50161
A703,西安建筑科技大学,,历史建筑保护工程,2,,,36013
A703,西安建筑科技大学,,城市设计,2,,,47709
A703,西安建筑科技大学,,土木工程,6,,,47086
A703,西安建筑科技大学,,城市地下空间工程,4,,,64160
A703,西安建筑科技大学,,交通运输,3,,,45810
A703,西安建筑科技大学,,交通工程,3,,,50519
A703,西安建筑科技大学,,智能建造,3,,,60184
A703,西安建筑科技大学,,给排水科学与工程,6,,,55152
A703,西安建筑科技大学,,环境工程,3,,,55466
A703,西安建筑科技大学,,环境科学,3,,,58481
A703,西安建筑科技大学,,建筑环境与能源应用工程,3,,,60322
A703,西安建筑科技大学,,建筑电气与智能化,2,,,49477
A703,西安建筑科技大学,,储能科学与工程,2,,,58037
A703,西安建筑科技大学,,工程管理,2,,,63635
A703,西安建筑科技大学,,工商管理,2,,,56673
A703,西安建筑科技大学,,会计学,3,,,49004
A703,西安建筑科技大学,,自动化,3,,,38241
A703,西安建筑科技大学,,计算机科学与技术,2,,,32292
A703,西安建筑科技大学,,通信工程,3,,,38734
A703,西安建筑科技大学,,人工智能,3,,,36226
A703,西安建筑科技大学,,机器人工程,2,,,41105
A703,西安建筑科技大学,,电气工程及其自动化,3,,,33665
A703,西安建筑科技大学,,机械类,5,,,44253
A703,西安建筑科技大学,,智能制造工程,3,,,48127
A703,西安建筑科技大学,,材料成型及控制工程,3,,,58609
A703,西安建筑科技大学,,冶金工程,3,,,91087
A703,西安建筑科技大学,,金属材料工程,3,,,65711
A703,西安建筑科技大学,,新能源材料与器件,2,,,50821
A703,西安建筑科技大学,,材料类,9,,,64547
A703,西安建筑科技大学,,化工与制药类,3,,,62911
A703,西安建筑科技大学,,矿业类,3,,,81078
A703,西安建筑科技大学,,安全工程,2,,,59253
A703,西安建筑科技大学,,大数据管理与应用,3,,,46366
A703,西安建筑科技大学,,公共管理类,5,,,77332
A703,西安建筑科技大学,,城市管理,2,,,69924
A703,西安建筑科技大学,,数学与应用数学,3,,,44604
A703,西安建筑科技大学,,工程力学,2,,,54660
A703,西安建筑科技大学,,光电信息科学与工程,2,,,39328
A703,西安建筑科技大学,,数据科学与大数据技术,2,,,37316
A703,西安建筑科技大学,,工业设计,2,,,48000
A703,西安建筑科技大学,,法学,2,,,33512
A703,西安建筑科技大学,,汉语言文学,2,,,36950
A703,西安建筑科技大学,,汉语国际教育,2,,,58739
A703,西安建筑科技大学,,英语,2,,,65772
A703,西安建筑科技大学,,计算机科学与技术(中外合作办学),2,,,63240
A703,西安建筑科技大学,,土木工程(中外合作办学),2,,,73513
A703,西安建筑科技大学,,建筑电气与智能化(中外合作办学),2,,,69839
A703,西安建筑科技大学,,工程管理(中外合作办学),2,,,82086
A704,西安科技大学,,建筑环境与能源应用工程,2,,,61529
A704,西安科技大学,,采矿工程,4,,,82270
A704,西安科技大学,,消防工程,2,,,71530
A704,西安科技大学,,安全工程,2,,,40857
A704,西安科技大学,,应急技术与管理,2,,,63781
A704,西安科技大学,,土木工程,3,,,56751
A704,西安科技大学,,建筑学,2,,,49731
A704,西安科技大学,,给排水科学与工程,2,,,64339
A704,西安科技大学,,城乡规划,2,,,55401
A704,西安科技大学,,城市地下空间工程,2,,,65297
A704,西安科技大学,,机械设计制造及其自动化,4,,,42917
A704,西安科技大学,,机械电子工程,2,,,41388
A704,西安科技大学,,车辆工程,2,,,51206
A704,西安科技大学,,智能制造工程,2,,,40088
A704,西安科技大学,,自动化,2,,,31013
A704,西安科技大学,,电气工程及其自动化,2,,,29060
A704,西安科技大学,,测控技术与仪器,2,,,55522
A704,西安科技大学,,智能科学与技术,2,,,35700
A704,西安科技大学,,通信工程,4,,,30426
A704,西安科技大学,,电子信息工程,2,,,31551
A704,西安科技大学,,电子科学与技术,2,,,32549
A704,西安科技大学,,信息与计算科学,2,,,32481
A704,西安科技大学,,数据科学与大数据技术,2,,,33773
A704,西安科技大学,,软件工程,2,,,31144
A704,西安科技大学,,计算机科学与技术,2,,,27303
A704,西安科技大学,,环境工程,3,,,66032
A704,西安科技大学,,地质工程,4,,,61493
A704,西安科技大学,,资源勘查工程,3,,,74654
A704,西安科技大学,,地下水科学与工程,2,,,80363
A704,西安科技大学,,测绘工程,3,,,52940
A704,西安科技大学,,地理信息科学,3,,,58158
A704,西安科技大学,,自然地理与资源环境,4,,,63367
A704,西安科技大学,,材料科学与工程,2,,,60881
A704,西安科技大学,,无机非金属材料工程,3,,,62894
A704,西安科技大学,,高分子材料与工程,2,,,53758
A704,西安科技大学,,新能源材料与器件,2,,,54306
A704,西安科技大学,,矿物加工工程,4,,,87201
A704,西安科技大学,,化学工程与工艺,2,,,55385
A704,西安科技大学,,数学与应用数学,2,,,41720
A704,西安科技大学,,工程力学,2,,,62752
A704,西安科技大学,,工业工程,2,,,66966
A704,西安科技大学,,会计学,2,,,38516
A704,西安科技大学,,电子商务,2,,,64506
A704,西安科技大学,,英语,2,,,63902
A704,西安科技大学,,汉语言文学,2,,,43065
A704,西安科技大学,,法学,2,,,29198
A704,西安科技大学,,土木工程(中外合作办学),2,,,109507
A705,西安石油大学,,国际经济与贸易,2,,,76395
A705,西安石油大学,,工商管理类,3,,,67605
A705,西安石油大学,,俄语,2,,,106607
A705,西安石油大学,,翻译,2,,,98685
A705,西安石油大学,,汉语言文学,2,,,48435
A705,西安石油大学,,新闻学,2,,,63778
A705,西安石油大学,,石油工程,2,,,46678
A705,西安石油大学,,油气储运工程,1,,,44048
A705,西安石油大学,,海洋油气工程,2,,,56339
A705,西安石油大学,,资源勘查工程,1,,,53106
A705,西安石油大学,,勘查技术与工程,3,,,77211
A705,西安石油大学,,地质工程,1,,,54876
A705,西安石油大学,,地质学,2,,,57824
A705,西安石油大学,,地球信息科学与技术,2,,,62355
A705,西安石油大学,,电子信息工程,2,,,47360
A705,西安石油大学,,人工智能,2,,,51230
A705,西安石油大学,,自动化,2,,,52075
A705,西安石油大学,,安全工程,2,,,82734
A705,西安石油大学,,机械电子工程,2,,,45749
A705,西安石油大学,,工业设计,2,,,57095
A705,西安石油大学,,过程装备与控制工程,2,,,63877
A705,西安石油大学,,材料成型及控制工程,2,,,89206
A705,西安石油大学,,材料类,5,,,101561
A705,西安石油大学,,能源与动力工程,2,,,62667
A705,西安石油大学,,新能源科学与工程,2,,,49169
A705,西安石油大学,,新能源材料与器件,2,,,65397
A705,西安石油大学,,储能科学与工程,2,,,63930
A705,西安石油大学,,计算机类,4,,,33885
A705,西安石油大学,,通信工程,1,,,42318
A705,西安石油大学,,应用化学,2,,,80337
A705,西安石油大学,,能源化学工程,2,,,69647
A705,西安石油大学,,环境工程,1,,,74076
A705,西安石油大学,,土木工程,2,,,91902
A705,西安石油大学,,工程管理,2,,,90032
A705,西安石油大学,,信息与计算科学,1,,,46789
A705,西安石油大学,,应用物理学,2,,,70789
A705,西安石油大学,,数据计算及应用,1,,,57192
A705,西安石油大学,,信息管理与信息系统,2,,,69204
A705,西安石油大学,,电子商务,2,,,125089
A705,西安石油大学,,金融学,2,,,65862
A705,西安石油大学,,石油工程,2,,,52198
A705,西安石油大学,,测控技术与仪器,1,,,64290
A705,西安石油大学,,机械设计制造及其自动化,2,,,49991
A705,西安石油大学,,化学工程与工艺,2,,,58610
A705,西安石油大学,,焊接技术与工程,2,,,78006
A708,陕西科技大学,,市场营销,3,,,99234
A708,陕西科技大学,,会计学,3,,,53126
A708,陕西科技大学,,人力资源管理,3,,,70635
A708,陕西科技大学,,国际经济与贸易,3,,,81523
A708,陕西科技大学,,教育技术学,4,,,154399
A708,陕西科技大学,,数学类,3,,,49792
A708,陕西科技大学,,机械类,3,,,54790
A708,陕西科技大学,,材料科学与工程,4,,,65441
A708,陕西科技大学,,电气类,3,,,42845
A708,陕西科技大学,,计算机类,3,,,40811
A708,陕西科技大学,,化工与制药类,5,,,64332
A708,陕西科技大学,,环境科学与工程类,4,,,76433
A708,陕西科技大学,,轻化工程,3,,,66820
A708,陕西科技大学,,机械设计制造及其自动化(中外合作办学),10,,,135064
A708,陕西科技大学,,工业设计(中外合作办学),11,,,162734
A708,陕西科技大学,,计算机科学与技术(中外合作办学),11,,,99204
A709,西安工程大学,,英语,2,,,97576
A709,西安工程大学,,数学类,2,,,60435
A709,西安工程大学,,应用物理学,2,,,82035
A709,西安工程大学,,应用化学,3,,,102131
A709,西安工程大学,,机械类,5,,,71050
A709,西安工程大学,,材料成型及控制工程,3,,,98297
A709,西安工程大学,,材料类,3,,,89798
A709,西安工程大学,,电气工程及其自动化,3,,,51242
A709,西安工程大学,,微电子科学与工程,3,,,61454
A709,西安工程大学,,计算机科学与技术,3,,,48391
A709,西安工程大学,,计算机类,6,,,55458
A709,西安工程大学,,土木类,5,,,111728
A709,西安工程大学,,纺织类,8,,,125458
A709,西安工程大学,,服装设计与工程,2,,,82408
A709,西安工程大学,,轻化工程,2,,,94899
A709,西安工程大学,,环境工程,8,,,108919
A709,西安工程大学,,风景园林,6,,,105065
A709,西安工程大学,,大数据管理与应用,3,,,66979
A709,西安工程大学,,工商管理,3,,,88243
A709,西安工程大学,,会计学,3,,,66313
A710,长安大学,,道路桥梁与渡河工程,12,,,25515
A710,长安大学,,道路桥梁与渡河工程(国际工程班),5,,,27536
A710,长安大学,,城市地下空间工程,2,,,28297
A710,长安大学,,智能车辆工程,1,,,22048
A710,长安大学,,车辆工程,10,,,22245
A710,长安大学,,工商管理类,6,,,26622
A710,长安大学,,管理科学与工程类,4,,,29003
A710,长安大学,,经济学类,5,,,25798
A710,长安大学,,自动化类,11,,,20887
A710,长安大学,,交通设备与控制工程,3,,,23541
A710,长安大学,,人工智能,4,,,19608
A710,长安大学,,环境科学与工程类,3,,,30366
A710,长安大学,,化学工程与工艺,3,,,27851
A710,长安大学,,建筑类,11,,,31514
A710,长安大学,,交通工程,8,,,22345
A710,长安大学,,交通工程(国际工程班),4,,,25150
A710,长安大学,,交通运输,4,,,21325
A710,长安大学,,大数据管理与应用,2,,,21703
A710,长安大学,,地理信息科学,2,,,24334
A710,长安大学,,新能源科学与工程,3,,,21904
A710,长安大学,,能源与动力工程,4,,,21995
A710,长安大学,,电气工程及其自动化,4,,,19003
A710,长安大学,,思想政治教育,4,,,22447
A710,长安大学,,法学,2,,,18971
A710,长安大学,,公共管理类,2,,,27358
A710,长安大学,,新闻传播学类,2,,,20860
A710,长安大学,,数学类,2,,,21092
A710,长安大学,,应用物理学,1,,,22727
A710,长安大学,,英语,2,,,25969
A710,长安大学,,日语,3,,,41977
A710,长安大学,,机械类,28,,,25133
A710,长安大学,,计算机类,10,,,19064
A710,长安大学,,电子信息类,8,,,19833
A710,长安大学,,地质工程,5,,,31615
A710,长安大学,,地球物理学类,4,,,31738
A710,长安大学,,测绘类,6,,,28934
A710,长安大学,,安全工程,7,,,30718
A710,长安大学,,土木类,28,,,35458
A710,长安大学,,水利类,7,,,30286
A710,长安大学,,材料类,24,,,31509
A710,长安大学,,人工智能(中外合作办学),10,,,38873
A710,长安大学,,道路桥梁与渡河工程(中外合作办学),10,,,46196
A710,长安大学,,车辆工程(中外合作办学),10,,,41706
A710,长安大学,,交通运输(中外合作办学),10,,,41729
A712,西北农林科技大学,,法学,6,,,17141
A712,西北农林科技大学,,社会学类,4,,,23040
A712,西北农林科技大学,,公共管理类,6,,,25097
A712,西北农林科技大学,,英语,3,,,24066
A712,西北农林科技大学,,汉语国际教育,2,,,20072
A712,西北农林科技大学,,俄语,2,,,37914
A712,西北农林科技大学,,智慧农业,2,,,23470
A712,西北农林科技大学,,植物保护,7,,,27943
A712,西北农林科技大学,,制药工程,4,,,22791
A712,西北农林科技大学,,园艺(园艺类),14,,,34029
A712,西北农林科技大学,,设施农业科学与工程,2,,,26413
A712,西北农林科技大学,,水产养殖学,6,,,34925
A712,西北农林科技大学,,智慧牧业科学与工程,6,,,31038
A712,西北农林科技大学,,草业科学,9,,,34044
A712,西北农林科技大学,,动物医学类,16,,,29519
A712,西北农林科技大学,,林学类,6,,,29559
A712,西北农林科技大学,,智慧林业,4,,,28062
A712,西北农林科技大学,,园林,3,,,27761
A712,西北农林科技大学,,风景园林,3,,,27434
A712,西北农林科技大学,,城乡规划,4,,,23484
A712,西北农林科技大学,,资源环境科学,5,,,27887
A712,西北农林科技大学,,环境科学与工程类,3,,,23489
A712,西北农林科技大学,,水利类,18,,,26497
A712,西北农林科技大学,,电气工程及其自动化,3,,,15960
A712,西北农林科技大学,,智慧水利,4,,,24818
A712,西北农林科技大学,,机械类,20,,,23439
A712,西北农林科技大学,,农业机械化及其自动化,4,,,24600
A712,西北农林科技大学,,农业智能装备工程,3,,,25077
A712,西北农林科技大学,,电子信息工程,4,,,16618
A712,西北农林科技大学,,食品营养与健康(卓越班),6,,,25364
A712,西北农林科技大学,,葡萄与葡萄酒工程,11,,,33402
A712,西北农林科技大学,,葡萄与葡萄酒工程(卓越工程师班),5,,,30508
A712,西北农林科技大学,,生物科学类,28,,,24090
A712,西北农林科技大学,,信息与计算科学,4,,,19816
A712,西北农林科技大学,,光电信息科学与工程,4,,,19036
A712,西北农林科技大学,,数学与应用数学,5,,,20160
A712,西北农林科技大学,,工商管理类,10,,,22464
A712,西北农林科技大学,,经济学类,8,,,21485
A712,西北农林科技大学,,经济学(基础拔尖培养班),2,,,18927
A712,西北农林科技大学,,植物生产类(卓越班),12,,,28897
A712,西北农林科技大学,,环境科学与工程类(卓越班),4,,,25430
A712,西北农林科技大学,,水利类(卓越班),5,,,20403
A712,西北农林科技大学,,农林经济管理(卓越班),4,,,21135
A712,西北农林科技大学,,农学(农学类),11,,,27408
A712,西北农林科技大学,,动物科学,10,,,32921
A712,西北农林科技大学,,林业工程类,5,,,30329
A712,西北农林科技大学,,水土保持与荒漠化防治,3,,,29675
A712,西北农林科技大学,,地理信息科学,3,,,20937
A712,西北农林科技大学,,土木工程,2,,,26387
A712,西北农林科技大学,,计算机类,29,,,18713
A712,西北农林科技大学,,食品科学与工程类,18,,,25967
A712,西北农林科技大学,,化学类,6,,,23486
A712,西北农林科技大学,,植物保护(中外合作办学),4,,,44899
A712,西北农林科技大学,,环境科学(中外合作办学),8,,,40901
A712,西北农林科技大学,,食品科学与工程(中外合作办学),4,,,40101
A716,陕西中医药大学,,临床医学,2,,,41163
A716,陕西中医药大学,,医学影像学,2,,,48386
A716,陕西中医药大学,,中医学,2,,,54019
A716,陕西中医药大学,,中西医临床医学,2,,,48161
A716,陕西中医药大学,,中药学,2,,,64780
A718,陕西师范大学,,哲学类,4,,,21678
A718,陕西师范大学,,经济学类,5,,,24070
A718,陕西师范大学,,社会学,5,,,25418
A718,陕西师范大学,,马克思主义理论,2,,,20629
A718,陕西师范大学,,教育学(创新实验班),4,,,22600
A718,陕西师范大学,,中国语言文学类,3,,,12359
A718,陕西师范大学,,外国语言文学类(英语),3,,,15919
A718,陕西师范大学,,新闻传播学类,3,,,23706
A718,陕西师范大学,,生物科学类,11,,,18782
A718,陕西师范大学,,计算机类,13,,,19699
A718,陕西师范大学,,食品科学与工程类,5,,,30249
A718,陕西师范大学,,工商管理类,3,,,28276
A718,陕西师范大学,,公共管理类,12,,,24247
A718,陕西师范大学,,历史学类,9,,,17946
A718,陕西师范大学,,物理学类,6,,,18847
A719,延安大学,,社会工作,5,,,131770
A719,延安大学,,日语,5,,,244439
A719,延安大学,,数学与应用数学(师范类),2,,,105524
A719,延安大学,,信息与计算科学,2,,,93999
A719,延安大学,,计算机科学与技术,2,,,75006
A719,延安大学,,软件工程,2,,,93578
A719,延安大学,,物联网工程,4,,,111489
A719,延安大学,,物理学(师范类),2,,,118492
A719,延安大学,,电子信息工程,2,,,95349
A719,延安大学,,化学(师范类),2,,,126427
A719,延安大学,,运动康复,2,,,147701
A719,延安大学,,临床医学,2,,,63726
A719,延安大学,,麻醉学,2,,,54926
A719,延安大学,,护理学,2,,,127853
A720,陕西理工大学,,学前教育(师范类),1,,,101330
A720,陕西理工大学,,历史学(师范类),1,,,71744
A720,陕西理工大学,,财务管理,2,,,101065
A720,陕西理工大学,,物流管理,1,,,109664
A720,陕西理工大学,,数学与应用数学(师范类),1,,,77520
A720,陕西理工大学,,测控技术与仪器,1,,,111747
A720,陕西理工大学,,电气工程及其自动化(中外合作办学),2,,,133125
A720,陕西理工大学,,机械设计制造及其自动化(中外合作办学),2,,,126226
A720,陕西理工大学,,网络工程(中外合作办学),2,,,176225
A721,宝鸡文理学院,,法学,2,,,127573
A721,宝鸡文理学院,,学前教育(师范类),2,,,174176
A721,宝鸡文理学院,,汉语言文学(师范类),2,,,119526
A721,宝鸡文理学院,,外国语言文学类,2,,,170944
A721,宝鸡文理学院,,历史学(师范类),2,,,148659
A721,宝鸡文理学院,,数学与应用数学(师范类),2,,,178113
A721,宝鸡文理学院,,信息与计算科学,3,,,170240
A721,宝鸡文理学院,,物理学(师范类),2,,,189622
A721,宝鸡文理学院,,化学(师范类),4,,,184200
A721,宝鸡文理学院,,地理科学(师范类),3,,,140788
A721,宝鸡文理学院,,人文地理与城乡规划,2,,,176248
A721,宝鸡文理学院,,机械设计制造及其自动化,5,,,194696
A721,宝鸡文理学院,,机械电子工程,5,,,194277
A721,宝鸡文理学院,,工业设计,2,,,203035
A721,宝鸡文理学院,,测控技术与仪器,2,,,200705
A721,宝鸡文理学院,,材料化学,2,,,201045
A721,宝鸡文理学院,,电气工程及其自动化,5,,,180257
A721,宝鸡文理学院,,电子信息类,5,,,188320
A721,宝鸡文理学院,,电子科学与技术,2,,,182176
A721,宝鸡文理学院,,人工智能,2,,,183821
A721,宝鸡文理学院,,自动化类,2,,,195279
A721,宝鸡文理学院,,计算机科学与技术,2,,,169217
A721,宝鸡文理学院,,软件工程,2,,,173354
A721,宝鸡文理学院,,物联网工程,2,,,177355
A721,宝鸡文理学院,,给排水科学与工程,2,,,206486
A721,宝鸡文理学院,,环境工程,2,,,194862
A721,宝鸡文理学院,,会计学,2,,,157738
A722,咸阳师范学院,,思想政治教育(师范类),2,,,123614
A722,咸阳师范学院,,汉语言文学(师范类),2,,,112859
A722,咸阳师范学院,,文物与博物馆学,2,,,115027
A722,咸阳师范学院,,物理学(师范类),5,,,190907
A722,咸阳师范学院,,化学(师范类),2,,,152982
A722,咸阳师范学院,,数字经济,2,,,190269
A722,咸阳师范学院,,学前教育(中外合作办学)(师范类),3,,,206929
A723,渭南师范学院,,数学与应用数学(师范类),3,,,173921
A723,渭南师范学院,,汉语言文学(师范类),2,,,132903
A723,渭南师范学院,,会计学,2,,,150308
A723,渭南师范学院,,思想政治教育(师范类),2,,,146434
A723,渭南师范学院,,学前教育(中外合作办学)(师范类),5,,,218531
A724,西安外国语大学,,经济学,2,,,37789
A724,西安外国语大学,,金融学,5,,,40570
A724,西安外国语大学,,国际经济与贸易,2,,,41422
A724,西安外国语大学,,汉语言文学,3,,,32125
A724,西安外国语大学,,英语,5,,,40635
A724,西安外国语大学,,德语,1,,,36961
A724,西安外国语大学,,法语,1,,,34519
A724,西安外国语大学,,西班牙语,1,,,35387
A724,西安外国语大学,,翻译,4,,,45452
A724,西安外国语大学,,商务英语,1,,,35107
A724,西安外国语大学,,新闻学,4,,,56217
A724,西安外国语大学,,汉语言文学(师范类),2,,,34595
A726,西北政法大学,,哲学,3,,,28403
A726,西北政法大学,,经济学类,9,,,31841
A726,西北政法大学,,法学(民商法),8,,,13483
A726,西北政法大学,,法学(经济法),8,,,14175
A726,西北政法大学,,法学(刑事法),7,,,14451
A726,西北政法大学,,法学(行政法),6,,,14496
A726,西北政法大学,,法学(反恐怖主义法),3,,,15372
A726,西北政法大学,,法学(公共安全法),3,,,14944
A726,西北政法大学,,社会学,1,,,30444
A726,西北政法大学,,政治学与行政学,2,,,24769
A726,西北政法大学,,英语,1,,,30603
A726,西北政法大学,,电子商务及法律,2,,,20553
A726,西北政法大学,,新闻学,1,,,24342
A726,西北政法大学,,网络与新媒体,1,,,25885
A726,西北政法大学,,工商管理类,5,,,31431
A726,西北政法大学,,行政管理,1,,,28445
A726,西北政法大学,,国际政治,1,,,23382
A730,兰州大学,,法学,4,,,14015
A730,兰州大学,,政治学类,3,,,20061
A730,兰州大学,,马克思主义理论类,3,,,18391
A730,兰州大学,,英语,6,,,20602
A730,兰州大学,,新闻传播学类,5,,,19983
A730,兰州大学,,历史学类,6,,,16890
A730,兰州大学,,经济学类,8,,,18178
A730,兰州大学,,数学类,10,,,13400
A730,兰州大学,,物理学类,20,,,14290
A730,兰州大学,,化学类,12,,,19024
A730,兰州大学,,大气科学类,10,,,16907
A730,兰州大学,,生物科学类,6,,,15688
A730,兰州大学,,理论与应用力学(基地班),6,,,16491
A730,兰州大学,,电子信息类,8,,,12048
A730,兰州大学,,计算机类,6,,,11319
A730,兰州大学,,化工与制药类,4,,,19336
A730,兰州大学,,口腔医学,10,,,11245
A730,兰州大学,,工商管理类,10,,,21916
A730,兰州大学,,临床医学,18,,,12933
A730,兰州大学,,汉语言文学,4,,,14456
A730,兰州大学,,计算机科学与技术(中外合作办学),26,,,28309
A731,兰州理工大学,,国际经济与贸易,2,,,125150
A731,兰州理工大学,,法学,3,,,72889
A731,兰州理工大学,,知识产权,4,,,112074
A731,兰州理工大学,,汉语言文学,4,,,90965
A731,兰州理工大学,,英语,4,,,136284
A731,兰州理工大学,,俄语,4,,,171387
A731,兰州理工大学,,日语,4,,,188992
A731,兰州理工大学,,应用化学,2,,,118517
A731,兰州理工大学,,机械设计制造及其自动化,4,,,80613
A731,兰州理工大学,,材料成型及控制工程,4,,,109876
A731,兰州理工大学,,过程装备与控制工程,4,,,111187
A731,兰州理工大学,,智能制造工程,6,,,101605
A731,兰州理工大学,,测控技术与仪器,4,,,107851
A731,兰州理工大学,,冶金工程,3,,,153615
A731,兰州理工大学,,金属材料工程,2,,,131635
A731,兰州理工大学,,无机非金属材料工程,5,,,141862
A731,兰州理工大学,,焊接技术与工程,4,,,148800
A731,兰州理工大学,,功能材料,3,,,137044
A731,兰州理工大学,,能源与动力工程,4,,,82729
A731,兰州理工大学,,电气工程及其自动化,2,,,62078
A731,兰州理工大学,,通信工程,2,,,74087
A731,兰州理工大学,,微电子科学与工程,2,,,75266
A731,兰州理工大学,,电子信息科学与技术,2,,,71883
A731,兰州理工大学,,自动化,2,,,69721
A731,兰州理工大学,,机器人工程,4,,,76558
A731,兰州理工大学,,计算机科学与技术,2,,,62057
A731,兰州理工大学,,软件工程,2,,,65361
A731,兰州理工大学,,物联网工程,2,,,73230
A731,兰州理工大学,,数据科学与大数据技术,2,,,75955
A731,兰州理工大学,,网络空间安全,2,,,80843
A731,兰州理工大学,,土木工程,3,,,114481
A731,兰州理工大学,,建筑环境与能源应用工程,2,,,113009
A731,兰州理工大学,,给排水科学与工程,4,,,138938
A731,兰州理工大学,,道路桥梁与渡河工程,2,,,120660
A731,兰州理工大学,,水利水电工程,4,,,106902
A731,兰州理工大学,,测绘工程,3,,,111718
A731,兰州理工大学,,化学工程与工艺,3,,,223135
A731,兰州理工大学,,油气储运工程,3,,,137867
A731,兰州理工大学,,环境工程,4,,,225332
A731,兰州理工大学,,安全工程,2,,,109447
A731,兰州理工大学,,生物工程,3,,,118538
A731,兰州理工大学,,工程管理,3,,,142842
A731,兰州理工大学,,市场营销,2,,,143412
A731,兰州理工大学,,会计学,5,,,95514
A731,兰州理工大学,,工业工程,2,,,123122
A731,兰州理工大学,,智能建造,2,,,145578
A732,兰州交通大学,,交通运输,8,,,54429
A732,兰州交通大学,,交通工程,3,,,64369
A732,兰州交通大学,,信息管理与信息系统,2,,,78156
A732,兰州交通大学,,物流管理,2,,,87155
A732,兰州交通大学,,环境科学,2,,,123537
A732,兰州交通大学,,建筑环境与能源应用工程,3,,,109541
A732,兰州交通大学,,给排水科学与工程,4,,,89371
A732,兰州交通大学,,环境工程,2,,,106618
A732,兰州交通大学,,土木工程,3,,,69183
A732,兰州交通大学,,土木工程(卓越计划班),2,,,56951
A732,兰州交通大学,,水利水电工程,2,,,74883
A732,兰州交通大学,,工程力学,2,,,90508
A732,兰州交通大学,,铁道工程,5,,,70625
A732,兰州交通大学,,机械设计制造及其自动化,4,,,65303
A732,兰州交通大学,,机械电子工程,3,,,70581
A732,兰州交通大学,,车辆工程,13,,,65273
A732,兰州交通大学,,车辆工程(卓越计划班),1,,,47379
A732,兰州交通大学,,能源与动力工程,2,,,79147
A732,兰州交通大学,,信息与计算科学,3,,,73427
A732,兰州交通大学,,工商管理,1,,,93637
A732,兰州交通大学,,市场营销,1,,,128682
A732,兰州交通大学,,会计学,1,,,64225
A732,兰州交通大学,,英语,1,,,78690
A732,兰州交通大学,,法语,1,,,95789
A732,兰州交通大学,,西班牙语,1,,,157445
A732,兰州交通大学,,应用化学,2,,,103494
A732,兰州交通大学,,化学工程与工艺,2,,,89242
A732,兰州交通大学,,过程装备与控制工程,2,,,93310
A732,兰州交通大学,,生物工程,2,,,98669
A732,兰州交通大学,,建筑学,4,,,108203
A732,兰州交通大学,,电气工程及其自动化,4,,,48910
A732,兰州交通大学,,电气工程及其自动化(卓越计划班),1,,,46274
A732,兰州交通大学,,自动化,3,,,58725
A732,兰州交通大学,,轨道交通信号与控制,4,,,56834
A732,兰州交通大学,,通信工程,6,,,60637
A732,兰州交通大学,,计算机科学与技术,3,,,58698
A732,兰州交通大学,,电子科学与技术,2,,,65326
A732,兰州交通大学,,汉语言文学,1,,,71916
A732,兰州交通大学,,地理信息科学,2,,,81487
A732,兰州交通大学,,材料科学与工程,2,,,120384
A732,兰州交通大学,,材料成型及控制工程,2,,,101594
A732,兰州交通大学,,生物制药,1,,,90421
A733,甘肃农业大学,,农学,10,,,170735
A733,甘肃农业大学,,种子科学与工程,5,,,172704
A733,甘肃农业大学,,草业科学,5,,,169773
A733,甘肃农业大学,,动物医学,5,,,145326
A733,甘肃农业大学,,动物科学,5,,,168234
A733,甘肃农业大学,,农林经济管理(基地班),5,,,166570
A733,甘肃农业大学,,车辆工程,5,,,165724
A733,甘肃农业大学,,林学,7,,,175316
A733,甘肃农业大学,,园林,5,,,173030
A733,甘肃农业大学,,水土保持与荒漠化防治,5,,,178848
A733,甘肃农业大学,,风景园林,7,,,169856
A733,甘肃农业大学,,生物工程,5,,,173138
A733,甘肃农业大学,,生物技术,7,,,172700
A733,甘肃农业大学,,园艺,9,,,179558
A733,甘肃农业大学,,设施农业科学与工程,10,,,178991
A733,甘肃农业大学,,植物保护,10,,,177261
A733,甘肃农业大学,,汉语言文学,7,,,113919
A733,甘肃农业大学,,电子信息工程,5,,,149138
A733,甘肃农业大学,,应用统计学,7,,,161395
A735,甘肃中医药大学,,中医学(5+3一体化),3,,,37735
A735,甘肃中医药大学,,中医学,5,,,63961
A735,甘肃中医药大学,,中医骨伤科学,2,,,90805
A735,甘肃中医药大学,,中西医临床医学,4,,,84215
A735,甘肃中医药大学,,针灸推拿学,2,,,85776
A735,甘肃中医药大学,,中医康复学,2,,,104189
A735,甘肃中医药大学,,康复治疗学,1,,,85056
A735,甘肃中医药大学,,临床医学,3,,,55960
A735,甘肃中医药大学,,医学影像学,3,,,69907
A735,甘肃中医药大学,,预防医学,2,,,108238
A735,甘肃中医药大学,,中药学,4,,,126855
A735,甘肃中医药大学,,中草药栽培与鉴定,3,,,147373
A735,甘肃中医药大学,,药学,2,,,124129
A735,甘肃中医药大学,,健康服务与管理,4,,,175684
A735,甘肃中医药大学,,医疗保险,4,,,182531
A735,甘肃中医药大学,,公共事业管理,3,,,169053
A735,甘肃中医药大学,,应用心理学,3,,,151246
A735,甘肃中医药大学,,运动康复,1,,,136094
A735,甘肃中医药大学,,食品质量与安全,2,,,166935
A735,甘肃中医药大学,,汉语言文学,1,,,131774
A735,甘肃中医药大学,,护理学,3,,,137474
A735,甘肃中医药大学,,卫生检验与检疫,4,,,156116
A735,甘肃中医药大学,,软件工程,4,,,132309
A736,西北师范大学,,地理科学(师范类),2,,,56149
A736,西北师范大学,,地理信息科学,2,,,58713
A736,西北师范大学,,环境工程,2,,,124019
A736,西北师范大学,,法学,3,,,52183
A736,西北师范大学,,汉语国际教育(师范类),2,,,67130
A736,西北师范大学,,软件工程,7,,,76041
A736,西北师范大学,,教育技术学(师范类),8,,,186960
A736,西北师范大学,,特殊教育(师范类),2,,,87706
A736,西北师范大学,,学前教育(师范类),1,,,85516
A736,西北师范大学,,国际经济与贸易,2,,,110401
A736,西北师范大学,,金融学,2,,,97668
A736,西北师范大学,,经济统计学,2,,,87256
A736,西北师范大学,,经济学,1,,,77141
A736,西北师范大学,,历史学(师范类),2,,,49656
A736,西北师范大学,,旅游管理,2,,,145387
A736,西北师范大学,,思想政治教育(师范类),2,,,55027
A736,西北师范大学,,会计学,2,,,64952
A736,西北师范大学,,物流管理,2,,,157388
A736,西北师范大学,,生物技术,1,,,68481
A736,西北师范大学,,生物科学(师范类),8,,,84715
A736,西北师范大学,,制药工程,2,,,80765
A736,西北师范大学,,数学与应用数学(师范类),6,,,60264
A736,西北师范大学,,信息与计算科学,2,,,74607
A736,西北师范大学,,俄语(师范类),1,,,77358
A736,西北师范大学,,英语(师范类),2,,,65259
A736,西北师范大学,,汉语言文学(师范类),3,,,39116
A736,西北师范大学,,电气工程及其自动化,6,,,70860
A736,西北师范大学,,电子信息工程,2,,,73326
A736,西北师范大学,,物理学(师范类),2,,,61427
A736,西北师范大学,,计算机类,8,,,76811
A736,西北师范大学,,工商管理类,2,,,136032
A736,西北师范大学,,公共管理类,4,,,138185
A736,西北师范大学,,社会学类,2,,,107810
A736,西北师范大学,,心理学类(师范类),3,,,75819
A736,西北师范大学,,化学(中外合作办学),8,,,208669
A737,兰州城市学院,,数学与应用数学(师范类),2,,,196713
A737,兰州城市学院,,城乡规划,2,,,197272
A737,兰州城市学院,,环境工程,3,,,212045
A737,兰州城市学院,,汉语言文学(师范类),2,,,157628
A737,兰州城市学院,,化学工程与工艺,1,,,218672
A737,兰州城市学院,,思想政治教育(师范类),2,,,165732
A737,兰州城市学院,,经济学,2,,,189770
A737,兰州城市学院,,审计学,2,,,174249
A737,兰州城市学院,,油气储运工程,2,,,191466
A737,兰州城市学院,,石油工程,3,,,223677
A737,兰州城市学院,,新能源科学与工程,2,,,217322
A737,兰州城市学院,,机械设计制造及其自动化,2,,,205098
A737,兰州城市学院,,焊接技术与工程,3,,,216199
A737,兰州城市学院,,通信工程,2,,,205180
A737,兰州城市学院,,软件工程,2,,,208152
A737,兰州城市学院,,英语(师范类),3,,,175942
A737,兰州城市学院,,法语,2,,,216757
A737,兰州城市学院,,汉语国际教育(师范类),2,,,179995
A737,兰州城市学院,,学前教育(师范类),2,,,197313
A737,兰州城市学院,,新闻学,2,,,200222
A737,兰州城市学院,,土木工程,2,,,220364
A737,兰州城市学院,,会计学(智能会计方向),2,,,174506
A738,陇东学院,,汉语言文学(师范类),2,,,154100
A738,陇东学院,,文物与博物馆学,2,,,187829
A738,陇东学院,,英语(师范类),4,,,191336
A738,陇东学院,,思想政治教育(师范类),2,,,176098
A738,陇东学院,,经济学,2,,,190306
A738,陇东学院,,统计学,2,,,199404
A738,陇东学院,,计算机科学与技术,2,,,200395
A738,陇东学院,,物联网工程,2,,,208548
A738,陇东学院,,生物制药,2,,,201060
A738,陇东学院,,食品科学与工程,2,,,205783
A738,陇东学院,,农学,2,,,196790
A738,陇东学院,,农业资源与环境,2,,,212922
A738,陇东学院,,过程装备与控制工程,2,,,212283
A738,陇东学院,,化学工程与工艺,2,,,210174
A738,陇东学院,,石油工程,2,,,210535
A738,陇东学院,,土木工程,2,,,221521
A738,陇东学院,,工程管理,2,,,220220
A738,陇东学院,,机械设计制造及其自动化,2,,,209141
A738,陇东学院,,电子信息工程,2,,,205892
A738,陇东学院,,自动化,2,,,207292
A738,陇东学院,,健康服务与管理,4,,,212442
A738,陇东学院,,人文地理与城乡规划,2,,,200241
A738,陇东学院,,安全工程,2,,,214635
A739,天水师范学院,,汉语言文学(师范类),5,,,150860
A739,天水师范学院,,商务英语,5,,,211055
A739,天水师范学院,,法学(法律实务),5,,,146182
A739,天水师范学院,,数学与应用数学(师范类),4,,,193518
A739,天水师范学院,,材料成型及控制工程,4,,,227781
A739,天水师范学院,,管理科学与工程类,4,,,225514
A739,天水师范学院,,地理科学(师范类),4,,,171422
A739,天水师范学院,,数据科学与大数据技术,4,,,217562
A740,河西学院,,法学,4,,,141694
A740,河西学院,,学前教育(师范类),4,,,198473
A740,河西学院,,经济学,4,,,189116
A740,河西学院,,农学,4,,,188971
A740,河西学院,,食品科学与工程,4,,,207828
A740,河西学院,,生物工程,4,,,203748
A740,河西学院,,农业水利工程,4,,,209077
A740,河西学院,,工程管理,4,,,215617
A740,河西学院,,英语(师范类),4,,,182325
A740,河西学院,,汉语言文学(师范类),4,,,161857
A740,河西学院,,能源与动力工程,4,,,211468
A740,河西学院,,网络与新媒体,4,,,185144
A740,河西学院,,网络工程,4,,,206402
A740,河西学院,,医学影像技术,2,,,162351
A740,河西学院,,医学检验技术,4,,,177122
A740,河西学院,,酿酒工程,2,,,210834
A741,兰州财经大学,,会计学,2,,,67116
A741,兰州财经大学,,审计学,3,,,71251
A741,兰州财经大学,,资产评估,3,,,123227
A741,兰州财经大学,,金融学,3,,,92318
A741,兰州财经大学,,金融工程,3,,,125628
A741,兰州财经大学,,信用管理,3,,,152909
A741,兰州财经大学,,保险学,3,,,182666
A741,兰州财经大学,,互联网金融,3,,,123640
A741,兰州财经大学,,统计学,3,,,110575
A741,兰州财经大学,,应用统计学,2,,,119151
A741,兰州财经大学,,投资学,2,,,126789
A741,兰州财经大学,,数据科学与大数据技术,2,,,112542
A741,兰州财经大学,,经济学,3,,,87720
A741,兰州财经大学,,国际经济与贸易,2,,,115966
A741,兰州财经大学,,贸易经济,2,,,146465
A741,兰州财经大学,,国际商务,3,,,150502
A741,兰州财经大学,,税收学,2,,,87611
A741,兰州财经大学,,房地产开发与管理,2,,,186873
A741,兰州财经大学,,公共事业管理,2,,,140675
A741,兰州财经大学,,劳动与社会保障,3,,,173295
A741,兰州财经大学,,工商管理,3,,,117930
A741,兰州财经大学,,市场营销,3,,,185509
A741,兰州财经大学,,物流管理,2,,,138866
A741,兰州财经大学,,人力资源管理,2,,,169339
A741,兰州财经大学,,旅游管理,2,,,177783
A741,兰州财经大学,,英语,2,,,242077
A741,兰州财经大学,,商务英语,2,,,231137
A741,兰州财经大学,,广告学,3,,,214340
A741,兰州财经大学,,网络与新媒体,2,,,95538
A741,兰州财经大学,,汉语言文学,3,,,89658
A741,兰州财经大学,,会展经济与管理,3,,,180027
A741,兰州财经大学,,法学,3,,,71444
A741,兰州财经大学,,知识产权,3,,,107693
A741,兰州财经大学,,社会工作,2,,,152792
A741,兰州财经大学,,计算机科学与技术,2,,,90343
A741,兰州财经大学,,信息与计算科学,2,,,143002
A741,兰州财经大学,,信息管理与信息系统,2,,,137527
A741,兰州财经大学,,电子信息工程,3,,,112951
A741,兰州财经大学,,智能科学与技术,2,,,122006
A741,兰州财经大学,,人文地理与城乡规划,3,,,143295
A741,兰州财经大学,,地理信息科学,2,,,118956
A741,兰州财经大学,,会计学(121中美实验班),2,,,107372
A741,兰州财经大学,,金融学(121中俄实验班),2,,,138147
A741,兰州财经大学,,广告学,2,,,198051
A741,兰州财经大学,,经济统计学,3,,,114297
A742,西北民族大学,,电子信息类,6,,,138302
A742,西北民族大学,,动物科学,3,,,172354
A742,西北民族大学,,动物医学,5,,,150700
A742,西北民族大学,,生物工程,2,,,167281
A742,西北民族大学,,食品科学与工程,2,,,150093
A742,西北民族大学,,计算机类,7,,,115390
A742,西北民族大学,,土木工程,2,,,165316
A742,西北民族大学,,无机非金属材料工程,4,,,172117
A742,西北民族大学,,护理学,2,,,158067
A742,西北民族大学,,道路桥梁与渡河工程,3,,,177537
A742,西北民族大学,,财务管理,5,,,158468
A742,西北民族大学,,金融学,5,,,169418
A742,西北民族大学,,经济学,2,,,141564
A742,西北民族大学,,法学,3,,,82253
A742,西北民族大学,,公共事业管理,2,,,140289
A742,西北民族大学,,历史学,2,,,93051
A742,西北民族大学,,社会学,3,,,122980
A742,西北民族大学,,英语,2,,,150008
A742,西北民族大学,,新闻传播学类,5,,,139575
A742,西北民族大学,,汉语言文学,2,,,78370
A743,青海大学,,经济学,4,,,41365
A743,青海大学,,临床医学,7,,,29913
A743,青海大学,,国际经济与贸易,7,,,59644
A743,青海大学,,信息管理与信息系统,5,,,46908
A743,青海大学,,旅游管理,9,,,80389
A743,青海大学,,麻醉学,2,,,29127
A743,青海大学,,口腔医学,1,,,20142
A743,青海大学,,预防医学,1,,,39970
A743,青海大学,,中医学,3,,,39744
A743,青海大学,,药学,1,,,36978
A743,青海大学,,中药学,3,,,54204
A743,青海大学,,医学检验技术,1,,,43937
A743,青海大学,,护理学,6,,,75629
A743,青海大学,,食品科学与工程,6,,,58284
A743,青海大学,,动物科学,4,,,66187
A743,青海大学,,动物医学,6,,,55031
A743,青海大学,,林学,1,,,58402
A743,青海大学,,园林,1,,,60460
A743,青海大学,,草业科学,4,,,72584
A743,青海大学,,应用化学,8,,,60186
A743,青海大学,,化学工程与工艺(卓越工程师),2,,,51140
A743,青海大学,,能源化学工程,2,,,53484
A743,青海大学,,环境工程,5,,,70312
A743,青海大学,,过程装备与控制工程,7,,,61681
A743,青海大学,,自动化,6,,,38498
A743,青海大学,,电气工程及其自动化,9,,,36589
A743,青海大学,,土木工程,12,,,74910
A743,青海大学,,给排水科学与工程,5,,,62647
A743,青海大学,,城乡规划,2,,,52865
A743,青海大学,,工程管理,6,,,73757
A743,青海大学,,生物技术,4,,,53578
A743,青海大学,,环境科学,2,,,56128
A743,青海大学,,生物工程,4,,,57998
A743,青海大学,,环境生态工程,5,,,68759
A743,青海大学,,地质工程,2,,,66055
A743,青海大学,,资源勘查工程,2,,,69908
A743,青海大学,,测绘工程,6,,,70543
A743,青海大学,,新能源材料与器件,9,,,51021
A743,青海大学,,金融学,2,,,43854
A743,青海大学,,电子商务,6,,,92659
A743,青海大学,,植物保护,2,,,65081
A743,青海大学,,计算机科学与技术,9,,,33881
A743,青海大学,,动物医学(卓越兽医师),3,,,49996
A743,青海大学,,草业科学(卓越草业师),3,,,65912
A743,青海大学,,生态学,2,,,53876
A743,青海大学,,冶金工程(卓越工程师),4,,,74142
A743,青海大学,,材料成型及控制工程,6,,,68031
A743,青海大学,,机械设计制造及其自动化,13,,,46873
A743,青海大学,,材料科学与工程,9,,,65983
A743,青海大学,,冶金工程,2,,,74632
A743,青海大学,,水利水电工程,12,,,60153
A743,青海大学,,植物生产类,3,,,64197
A743,青海大学,,生物技术(高原生物菁英班),4,,,54224
A743,青海大学,,生态学(高原生物菁英班),3,,,46433
A743,青海大学,,临床医学(卓越医师),3,,,27508
A743,青海大学,,土木工程(创新实验班),3,,,66858
A746,青海师范大学,,经济学,4,,,143083
A746,青海师范大学,,金融学,2,,,142066
A746,青海师范大学,,社会学,2,,,150925
A746,青海师范大学,,教育技术学(师范类),3,,,155502
A746,青海师范大学,,学前教育(师范类),3,,,170978
A746,青海师范大学,,应急管理,3,,,190649
A746,青海师范大学,,小学教育(师范类，全科),3,,,119869
A746,青海师范大学,,汉语言文学(师范类),6,,,80214
A746,青海师范大学,,英语(师范类),5,,,111995
A746,青海师范大学,,新闻学,2,,,206533
A746,青海师范大学,,历史学(师范类),4,,,101936
A746,青海师范大学,,数学与应用数学(师范类),3,,,114567
A746,青海师范大学,,物理学(师范类),5,,,139217
A746,青海师范大学,,化学(师范类),4,,,145145
A746,青海师范大学,,地理科学(师范类),3,,,106596
A746,青海师范大学,,生物科学(师范类),5,,,130895
A746,青海师范大学,,生物技术,5,,,170501
A746,青海师范大学,,生态学,5,,,181225
A746,青海师范大学,,电子信息工程,2,,,137558
A746,青海师范大学,,计算机科学与技术,3,,,112358
A746,青海师范大学,,环境科学,2,,,181060
A746,青海师范大学,,酒店管理,2,,,200034
A746,青海师范大学,,汉语言文学(师范类),1,,,67362
A746,青海师范大学,,统计学,3,,,134212
A748,青海民族大学,,经济学,4,,,175186
A748,青海民族大学,,社会工作,4,,,175954
A748,青海民族大学,,思想政治教育(师范类),2,,,142361
A748,青海民族大学,,汉语言文学,2,,,117437
A748,青海民族大学,,秘书学,6,,,180198
A748,青海民族大学,,英语(师范类),4,,,178733
A748,青海民族大学,,阿拉伯语,2,,,218445
A748,青海民族大学,,数学与应用数学(师范类),2,,,166860
A748,青海民族大学,,化学(师范类),2,,,164275
A748,青海民族大学,,应用化学,2,,,183833
A748,青海民族大学,,生物科学,2,,,177301
A748,青海民族大学,,应用心理学,2,,,180156
A748,青海民族大学,,统计学,2,,,172811
A748,青海民族大学,,能源与动力工程,2,,,171189
A748,青海民族大学,,通信工程,2,,,165052
A748,青海民族大学,,计算机科学与技术,2,,,150280
A748,青海民族大学,,网络工程,2,,,153914
A748,青海民族大学,,水利水电工程,2,,,169250
A748,青海民族大学,,化学工程与工艺,2,,,183717
A748,青海民族大学,,旅游地学与规划工程,2,,,201024
A748,青海民族大学,,交通运输,2,,,177254
A748,青海民族大学,,药物制剂,2,,,176969
A748,青海民族大学,,行政管理,2,,,185652
A748,青海民族大学,,旅游管理,6,,,201833
A748,青海民族大学,,土地资源管理(中外合作办学),6,,,232233
A749,宁夏大学,,汉语言文学(师范类),5,,,29942
A749,宁夏大学,,历史学(师范类),3,,,34568
A749,宁夏大学,,新闻学(卓越新闻人才计划),4,,,50248
A749,宁夏大学,,法学,5,,,26917
A749,宁夏大学,,行政管理,5,,,47473
A749,宁夏大学,,思想政治教育(师范类),5,,,32623
A749,宁夏大学,,日语,3,,,65921
A749,宁夏大学,,英语(师范类，卓越教师培养班),4,,,38634
A749,宁夏大学,,阿拉伯语,3,,,77401
A749,宁夏大学,,工商管理,3,,,47652
A749,宁夏大学,,金融学,5,,,46226
A749,宁夏大学,,农林经济管理,3,,,48437
A749,宁夏大学,,地理科学(师范类),3,,,43362
A749,宁夏大学,,学前教育(师范类),4,,,159369
A749,宁夏大学,,应用心理学(师范类),3,,,46703
A749,宁夏大学,,工商管理(英国高等教育文凭项目),6,,,76391
A749,宁夏大学,,会计学(英国高等教育文凭项目),6,,,50926
A749,宁夏大学,,数学与应用数学(师范类，卓越教师培养班),5,,,37365
A749,宁夏大学,,信息与计算科学,4,,,35548
A749,宁夏大学,,电气工程及其自动化,5,,,28052
A749,宁夏大学,,电子信息工程(卓越工程师),5,,,30279
A749,宁夏大学,,通信工程,3,,,30591
A749,宁夏大学,,物理学(基础拔尖人才培养班),4,,,39295
A749,宁夏大学,,材料科学与工程,3,,,44458
A749,宁夏大学,,新能源材料与器件,5,,,40765
A749,宁夏大学,,计算机科学与技术,10,,,30065
A749,宁夏大学,,软件工程(与印度国家信息技术学院合作项目),6,,,35764
A749,宁夏大学,,化学(基础拔尖人才培养班),5,,,42192
A749,宁夏大学,,化学工程与工艺,7,,,48485
A749,宁夏大学,,应用化学,4,,,45024
A749,宁夏大学,,制药工程,3,,,46117
A749,宁夏大学,,生物科学类,3,,,41182
A749,宁夏大学,,生物科学(基础拔尖人才培养班),6,,,38823
A749,宁夏大学,,环境科学与工程,3,,,49387
A749,宁夏大学,,生态学,2,,,51006
A749,宁夏大学,,地理信息科学,4,,,38851
A749,宁夏大学,,人文地理与城乡规划,2,,,41951
A749,宁夏大学,,农业资源与环境,3,,,50297
A749,宁夏大学,,农学,5,,,50335
A749,宁夏大学,,植物保护,2,,,54015
A749,宁夏大学,,动物科学(卓越农林人才计划),6,,,51019
A749,宁夏大学,,动物医学,4,,,41009
A749,宁夏大学,,草业科学,4,,,55710
A749,宁夏大学,,林学,4,,,57116
A749,宁夏大学,,园林,4,,,61223
A749,宁夏大学,,园艺,8,,,61775
A749,宁夏大学,,食品科学与工程,5,,,45060
A749,宁夏大学,,机械工程,5,,,37380
A749,宁夏大学,,过程装备与控制工程,4,,,42613
A749,宁夏大学,,交通运输,3,,,42208
A749,宁夏大学,,工程管理,3,,,47338
A749,宁夏大学,,城乡规划,4,,,62209
A749,宁夏大学,,教育技术学,4,,,61272
A749,宁夏大学,,葡萄与葡萄酒工程(中外合作办学),9,,,133644
A749,宁夏大学,,机械工程(中外合作办学),8,,,64081
A752,宁夏医科大学,,临床医学,18,,,39394
A752,宁夏医科大学,,麻醉学,1,,,37544
A752,宁夏医科大学,,医学影像学,2,,,40356
A752,宁夏医科大学,,眼视光医学,1,,,26265
A752,宁夏医科大学,,儿科学,1,,,52393
A752,宁夏医科大学,,临床医学,1,,,25629
A752,宁夏医科大学,,康复治疗学,1,,,110668
A752,宁夏医科大学,,基础医学,1,,,70779
A752,宁夏医科大学,,口腔医学,1,,,33218
A752,宁夏医科大学,,口腔医学,1,,,24424
A752,宁夏医科大学,,预防医学,4,,,81457
A752,宁夏医科大学,,卫生检验与检疫,1,,,122500
A752,宁夏医科大学,,中医学,4,,,64086
A752,宁夏医科大学,,针灸推拿学,4,,,85314
A752,宁夏医科大学,,中西医临床医学,2,,,64880
A752,宁夏医科大学,,护理学,6,,,101149
A752,宁夏医科大学,,药学,2,,,75296
A752,宁夏医科大学,,临床药学,2,,,66080
A752,宁夏医科大学,,中药学,2,,,102834
A752,宁夏医科大学,,医学信息工程,2,,,107558
A752,宁夏医科大学,,公共事业管理,2,,,232716
A752,宁夏医科大学,,医学检验技术,2,,,75603
A753,宁夏师范学院,,教育技术学(师范类),2,,,193197
A753,宁夏师范学院,,小学教育(师范类),2,,,171064
A753,宁夏师范学院,,历史学(师范类),2,,,162798
A753,宁夏师范学院,,数学与应用数学(师范类),3,,,193096
A753,宁夏师范学院,,化学(师范类),2,,,195619
A753,宁夏师范学院,,应用化学,2,,,208473
A753,宁夏师范学院,,统计学,3,,,203134
A753,宁夏师范学院,,电气工程及其自动化,4,,,207213
A753,宁夏师范学院,,化学工程与工艺,6,,,221438
A753,宁夏师范学院,,翻译,3,,,203153
A753,宁夏师范学院,,电子科学与技术,3,,,210552
A753,宁夏师范学院,,政治学与行政学,3,,,179499
A753,宁夏师范学院,,人工智能,3,,,215416
A755,新疆大学,,思想政治教育,3,,,33644
A755,新疆大学,,政治学与行政学,3,,,40400
A755,新疆大学,,国际政治,3,,,41952
A755,新疆大学,,行政管理,3,,,42576
A755,新疆大学,,劳动与社会保障,4,,,52695
A755,新疆大学,,社会学,4,,,49011
A755,新疆大学,,工商管理类,6,,,55245
A755,新疆大学,,国际经济与贸易,3,,,51090
A755,新疆大学,,金融学,2,,,40065
A755,新疆大学,,经济学,2,,,36280
A755,新疆大学,,物流管理,2,,,52010
A755,新疆大学,,法学,8,,,27797
A755,新疆大学,,汉语言文学,4,,,32144
A755,新疆大学,,历史学,3,,,37901
A755,新疆大学,,民族学,3,,,63814
A755,新疆大学,,新闻传播学类,8,,,52511
A755,新疆大学,,俄语,3,,,60933
A755,新疆大学,,俄语,2,,,57506
A755,新疆大学,,英语,4,,,50146
A755,新疆大学,,汉语国际教育,3,,,46544
A755,新疆大学,,酒店管理,1,,,66622
A755,新疆大学,,旅游管理,4,,,65027
A755,新疆大学,,数据科学与大数据技术,2,,,32975
A755,新疆大学,,数学与应用数学,6,,,34258
A755,新疆大学,,统计学,5,,,39395
A755,新疆大学,,信息与计算科学,2,,,37171
A755,新疆大学,,材料科学与工程,2,,,52573
A755,新疆大学,,物理学,5,,,44206
A755,新疆大学,,化学,6,,,50227
A755,新疆大学,,高分子材料与工程,5,,,52221
A755,新疆大学,,过程装备与控制工程,4,,,53054
A755,新疆大学,,化学工程与工艺,6,,,52092
A755,新疆大学,,能源化学工程,1,,,49621
A755,新疆大学,,生物工程,4,,,50138
A755,新疆大学,,生物科学,7,,,46313
A755,新疆大学,,食品科学与工程,5,,,55332
A755,新疆大学,,环境工程,4,,,65416
A755,新疆大学,,环境科学,2,,,55305
A755,新疆大学,,生态学,6,,,60006
A755,新疆大学,,地理信息科学,4,,,46514
A755,新疆大学,,水文与水资源工程,4,,,57465
A755,新疆大学,,遥感科学与技术,2,,,49129
A755,新疆大学,,自然地理与资源环境,2,,,47689
A755,新疆大学,,电子信息工程,2,,,30238
A755,新疆大学,,计算机科学与技术,5,,,27458
A755,新疆大学,,通信工程,4,,,32318
A755,新疆大学,,网络空间安全,1,,,32929
A755,新疆大学,,信息安全,4,,,31908
A755,新疆大学,,工业工程,2,,,52301
A755,新疆大学,,机器人工程,7,,,41145
A755,新疆大学,,机械类,1,,,34128
A755,新疆大学,,机械类,11,,,46157
A755,新疆大学,,机械类(智能制造方向),9,,,38092
A755,新疆大学,,交通工程,4,,,51188
A755,新疆大学,,电气工程及其自动化,6,,,29455
A755,新疆大学,,能源与动力工程,2,,,36359
A755,新疆大学,,自动化,8,,,35381
A755,新疆大学,,测绘工程,2,,,55366
A755,新疆大学,,城乡规划,2,,,53188
A755,新疆大学,,给排水科学与工程,4,,,58537
A755,新疆大学,,工程管理,2,,,51177
A755,新疆大学,,建筑环境与能源应用工程,2,,,56731
A755,新疆大学,,建筑学,3,,,49675
A755,新疆大学,,土木工程,12,,,63921
A755,新疆大学,,纺织工程,7,,,65559
A755,新疆大学,,服装设计与工程,2,,,67921
A755,新疆大学,,采矿工程,5,,,70770
A755,新疆大学,,地质工程,4,,,61700
A755,新疆大学,,资源勘查工程,7,,,60896
A755,新疆大学,,软件工程,63,,,45774
A757,塔里木大学,,农学,11,,,192325
A757,塔里木大学,,植物保护,10,,,214305
A757,塔里木大学,,农业资源与环境,20,,,215981
A757,塔里木大学,,种子科学与工程,8,,,203071
A757,塔里木大学,,农药化肥,5,,,212325
A757,塔里木大学,,园艺,10,,,212219
A757,塔里木大学,,园林,20,,,215995
A757,塔里木大学,,设施农业科学与工程,8,,,208085
A757,塔里木大学,,智慧农业,6,,,208723
A757,塔里木大学,,动物科学,12,,,207946
A757,塔里木大学,,动物医学,18,,,186160
A757,塔里木大学,,生物制药,5,,,187587
A757,塔里木大学,,水产养殖学,5,,,213924
A757,塔里木大学,,化学工程与工艺,19,,,215897
A757,塔里木大学,,应用化学,15,,,213209
A757,塔里木大学,,化学(师范类),7,,,214704
A757,塔里木大学,,材料科学与工程,8,,,214674
A757,塔里木大学,,食品质量与安全,13,,,209740
A757,塔里木大学,,食品科学与工程,8,,,208635
A757,塔里木大学,,农业水利工程,10,,,207686
A757,塔里木大学,,水利水电工程,5,,,193887
A757,塔里木大学,,土木工程,10,,,215417
A757,塔里木大学,,给排水科学与工程,5,,,213630
A757,塔里木大学,,测绘工程,10,,,214881
A757,塔里木大学,,建筑学,5,,,207775
A757,塔里木大学,,智慧水利,5,,,213146
A757,塔里木大学,,车辆工程,5,,,205956
A757,塔里木大学,,电气工程及其自动化,15,,,192824
A757,塔里木大学,,自动化,8,,,195603
A757,塔里木大学,,纺织工程,7,,,216958
A757,塔里木大学,,物理学(师范类),5,,,201223
A757,塔里木大学,,农业电气化,5,,,202278
A757,塔里木大学,,电机电器智能化,5,,,210104
A757,塔里木大学,,过程装备与控制工程,5,,,219779
A757,塔里木大学,,计算机科学与技术,8,,,187911
A757,塔里木大学,,物联网工程,5,,,193979
A757,塔里木大学,,通信工程,10,,,203171
A757,塔里木大学,,网络空间安全,4,,,200676
A757,塔里木大学,,数学与应用数学(师范类),5,,,200028
A757,塔里木大学,,工商管理类,34,,,205594
A757,塔里木大学,,农林经济管理,10,,,208973
A757,塔里木大学,,物流管理,5,,,208618
A757,塔里木大学,,英语(师范类),2,,,180791
A757,塔里木大学,,临床医学,29,,,141678
A757,塔里木大学,,预防医学,9,,,193774
A757,塔里木大学,,旅游管理,12,,,214574
A757,塔里木大学,,法学,5,,,150819
A757,塔里木大学,,马克思主义理论(师范类),5,,,177000
A757,塔里木大学,,汉语言文学(师范类),10,,,158366
A757,塔里木大学,,中国少数民族语言文学,10,,,216140
A757,塔里木大学,,网络与新媒体,6,,,194759
A757,塔里木大学,,学前教育(师范类),10,,,197273
A757,塔里木大学,,历史学,10,,,186597
A757,塔里木大学,,历史学(师范类),10,,,181292
A757,塔里木大学,,文物与博物馆学,7,,,194804
A758,新疆农业大学,,经济学,15,,,187543
A758,新疆农业大学,,经济与贸易类,15,,,216931
A758,新疆农业大学,,国际经济与贸易,20,,,202722
A758,新疆农业大学,,法学,15,,,147170
A758,新疆农业大学,,英语,19,,,197823
A758,新疆农业大学,,数学与应用数学,10,,,193232
A758,新疆农业大学,,应用化学,5,,,185801
A758,新疆农业大学,,人文地理与城乡规划,15,,,198219
A758,新疆农业大学,,生物技术,4,,,181679
A758,新疆农业大学,,电气工程及其自动化,15,,,170892
A758,新疆农业大学,,电子信息科学与技术,5,,,176336
A758,新疆农业大学,,计算机科学与技术,5,,,163863
A758,新疆农业大学,,物联网工程,5,,,173887
A758,新疆农业大学,,土木工程,15,,,199344
A758,新疆农业大学,,水利水电工程,15,,,178531
A758,新疆农业大学,,化学工程与工艺,5,,,188009
A758,新疆农业大学,,交通运输,5,,,188019
A758,新疆农业大学,,交通工程,5,,,191351
A758,新疆农业大学,,农业水利工程,5,,,183961
A758,新疆农业大学,,食品科学与工程,5,,,182647
A758,新疆农业大学,,食品质量与安全,5,,,188350
A758,新疆农业大学,,葡萄与葡萄酒工程,5,,,197495
A758,新疆农业大学,,农学,5,,,167636
A758,新疆农业大学,,植物保护,5,,,183464
A758,新疆农业大学,,种子科学与工程,5,,,178719
A758,新疆农业大学,,动物科学,10,,,187796
A758,新疆农业大学,,动物医学,11,,,167981
A758,新疆农业大学,,动物药学,10,,,195750
A758,新疆农业大学,,药学,5,,,172212
A758,新疆农业大学,,工商管理类,25,,,214396
A758,新疆农业大学,,市场营销,15,,,208588
A758,新疆农业大学,,会计学,15,,,168203
A758,新疆农业大学,,人力资源管理,15,,,199192
A758,新疆农业大学,,农林经济管理,24,,,198754
A758,新疆农业大学,,公共事业管理,5,,,200189
A758,新疆农业大学,,土地资源管理,20,,,198537
A758,新疆农业大学,,城市管理,15,,,204235
A758,新疆农业大学,,物流工程,1,,,180626
A758,新疆农业大学,,旅游管理,5,,,206937
A758,新疆农业大学,,土木工程(中外合作办学),5,,,223390
A759,石河子大学,,历史学(师范类),4,,,46602
A759,石河子大学,,英语,8,,,61315
A759,石河子大学,,波斯语,2,,,81180
A759,石河子大学,,俄语,4,,,74390
A759,石河子大学,,会计学,4,,,46431
A759,石河子大学,,审计学,2,,,48547
A759,石河子大学,,汉语言文学(师范类),4,,,39119
A759,石河子大学,,材料科学与工程,6,,,58430
A759,石河子大学,,环境工程,4,,,66497
A759,石河子大学,,化学工程与工艺,4,,,54246
A759,石河子大学,,电气工程及其自动化,2,,,34528
A759,石河子大学,,工业工程,6,,,63621
A759,石河子大学,,机械设计制造及其自动化,4,,,50647
A759,石河子大学,,农业机械化及其自动化,4,,,65620
A759,石河子大学,,电子信息工程,6,,,41326
A759,石河子大学,,农业水利工程,6,,,78085
A759,石河子大学,,水利水电工程,6,,,65285
A759,石河子大学,,土木类,12,,,77606
A759,石河子大学,,建筑学,4,,,68052
A759,石河子大学,,食品科学与工程类,12,,,72328
A759,石河子大学,,葡萄与葡萄酒工程,3,,,75359
A759,石河子大学,,计算机类,8,,,41212
A759,石河子大学,,生物科学类,12,,,64906
A759,石河子大学,,物理学(师范类),4,,,55634
A759,石河子大学,,应用物理学,6,,,56486
A759,石河子大学,,数学与应用数学(师范类),4,,,48904
A759,石河子大学,,信息与计算科学,6,,,49211
A759,石河子大学,,地理科学(师范类),4,,,51747
A759,石河子大学,,人文地理与城乡规划,4,,,73039
A759,石河子大学,,土地资源管理,2,,,63772
A759,石河子大学,,植物生产类,14,,,76078
A759,石河子大学,,农业资源与环境,4,,,73623
A759,石河子大学,,林学,4,,,74655
A759,石河子大学,,园林,4,,,72557
A759,石河子大学,,动物科学,8,,,85862
A759,石河子大学,,动物医学,10,,,81953
A759,石河子大学,,临床医学,6,,,31452
A759,石河子大学,,口腔医学,4,,,30478
A759,石河子大学,,预防医学,6,,,57013
A759,石河子大学,,护理学,10,,,78676
A759,石河子大学,,医学检验技术,2,,,47291
A759,石河子大学,,医学影像学,2,,,31859
A759,石河子大学,,健康服务与管理,4,,,87051
A759,石河子大学,,药学,4,,,57154
A759,石河子大学,,中药学,6,,,67987
A759,石河子大学,,临床药学,4,,,55597
A759,石河子大学,,工商管理类,12,,,64200
A759,石河子大学,,经济学类,8,,,53997
A759,石河子大学,,农林经济管理,6,,,68697
A759,石河子大学,,学前教育(师范类),2,,,77978
A759,石河子大学,,小学教育(师范类),4,,,70925
A759,石河子大学,,教育学(师范类),4,,,54617
A759,石河子大学,,应用心理学,4,,,64371
A759,石河子大学,,广播电视学,4,,,88136
A759,石河子大学,,法学,4,,,31333
A759,石河子大学,,政治学与行政学,6,,,57825
A759,石河子大学,,社会工作,6,,,70356
A759,石河子大学,,应急管理,4,,,67225
A759,石河子大学,,储能科学与工程,2,,,55541
A759,石河子大学,,新能源科学与工程,6,,,52818
A760,新疆医科大学,,临床医学(5+3一体化),7,,,27946
A760,新疆医科大学,,临床医学(5+3一体化，儿科学),2,,,35049
A760,新疆医科大学,,临床医学,75,,,84278
A760,新疆医科大学,,口腔医学,8,,,58877
A760,新疆医科大学,,中西医临床医学,20,,,111002
A760,新疆医科大学,,中医学,17,,,100013
A760,新疆医科大学,,针灸推拿学,20,,,113922
A760,新疆医科大学,,儿科学,6,,,95124
A760,新疆医科大学,,麻醉学,10,,,85448
A760,新疆医科大学,,医学影像学,16,,,90038
A760,新疆医科大学,,医学检验技术,10,,,153748
A760,新疆医科大学,,药学,20,,,157414
A760,新疆医科大学,,临床药学,16,,,146479
A760,新疆医科大学,,预防医学,30,,,153497
A760,新疆医科大学,,基础医学,12,,,150716
A760,新疆医科大学,,精神医学,2,,,91362
A760,新疆医科大学,,中医康复学,10,,,118348
A760,新疆医科大学,,医学影像技术,18,,,154205
A760,新疆医科大学,,康复治疗学,16,,,172511
A760,新疆医科大学,,健康服务与管理,4,,,177345
A760,新疆医科大学,,中药学,13,,,163389
A760,新疆医科大学,,法医学,2,,,86843
A760,新疆医科大学,,护理学,15,,,159452
A760,新疆医科大学,,信息管理与信息系统,2,,,166697
A760,新疆医科大学,,公共事业管理,3,,,172594
A760,新疆医科大学,,生物医学工程,4,,,161486
A760,新疆医科大学,,生物医药数据科学,4,,,162743
A760,新疆医科大学,,眼视光医学,2,,,72240
A762,新疆师范大学,,思想政治教育(师范类),7,,,117726
A762,新疆师范大学,,公共事业管理,3,,,173450
A762,新疆师范大学,,法学,3,,,106345
A762,新疆师范大学,,经济学,14,,,177748
A762,新疆师范大学,,国际经济与贸易,15,,,195236
A762,新疆师范大学,,人力资源管理,7,,,178254
A762,新疆师范大学,,国际商务,8,,,195178
A762,新疆师范大学,,教育技术学(师范类),4,,,168575
A762,新疆师范大学,,小学教育(师范类),3,,,133348
A762,新疆师范大学,,特殊教育(师范类),2,,,166630
A762,新疆师范大学,,学前教育(师范类),5,,,165492
A762,新疆师范大学,,汉语言文学(师范类),9,,,113987
A762,新疆师范大学,,中国少数民族语言文学(维吾尔语言),3,,,168988
A762,新疆师范大学,,历史学(师范类),7,,,123275
A762,新疆师范大学,,文物与博物馆学,3,,,130953
A762,新疆师范大学,,社会工作,3,,,155060
A762,新疆师范大学,,民族学,2,,,185415
A762,新疆师范大学,,英语(师范类),4,,,130724
A762,新疆师范大学,,俄语,7,,,182945
A762,新疆师范大学,,日语,4,,,177864
A762,新疆师范大学,,翻译,2,,,181669
A762,新疆师范大学,,乌尔都语,2,,,190195
A762,新疆师范大学,,汉语国际教育,5,,,151548
A762,新疆师范大学,,数学与应用数学(师范类),11,,,151900
A762,新疆师范大学,,信息与计算科学,2,,,165571
A762,新疆师范大学,,应用统计学,7,,,181374
A762,新疆师范大学,,物理学(师范类),10,,,158176
A762,新疆师范大学,,电子信息科学与技术,14,,,174425
A762,新疆师范大学,,计算机科学与技术(师范类),8,,,153271
A762,新疆师范大学,,软件工程,13,,,163577
A762,新疆师范大学,,地理科学(师范类),8,,,129851
A762,新疆师范大学,,地理信息科学,9,,,156007
A762,新疆师范大学,,旅游管理,6,,,196990
A762,新疆师范大学,,人文地理与城乡规划,1,,,166053
A762,新疆师范大学,,自然地理与资源环境,1,,,160395
A762,新疆师范大学,,化学(师范类),7,,,146050
A762,新疆师范大学,,化学工程与工艺,2,,,174097
A762,新疆师范大学,,生物科学(师范类),10,,,144552
A762,新疆师范大学,,心理学(师范类),4,,,162087
A763,喀什大学,,法学,15,,,159523
A763,喀什大学,,经济统计学,15,,,209343
A763,喀什大学,,思想政治教育(师范类),30,,,186085
A763,喀什大学,,教育学(师范类),2,,,183952
A763,喀什大学,,学前教育(师范类),2,,,191785
A763,喀什大学,,汉语言文学(师范类),24,,,175166
A763,喀什大学,,汉语国际教育,4,,,199556
A763,喀什大学,,英语(师范类),10,,,189446
A763,喀什大学,,俄语,12,,,214523
A763,喀什大学,,广播电视学,15,,,213760
A763,喀什大学,,历史学(师范类),15,,,184773
A763,喀什大学,,数学与应用数学(师范类),16,,,211199
A763,喀什大学,,信息与计算科学(师范类),6,,,214715
A763,喀什大学,,物理学(师范类),8,,,210200
A763,喀什大学,,物理学(师范类),4,,,215490
A763,喀什大学,,化学(师范类),15,,,199953
A763,喀什大学,,应用化学,10,,,216309
A763,喀什大学,,生物科学(师范类),12,,,192028
A763,喀什大学,,地理科学(师范类),5,,,180076
A763,喀什大学,,生物技术,6,,,202811
A763,喀什大学,,心理学,10,,,197201
A763,喀什大学,,应用统计学,10,,,212805
A763,喀什大学,,电子信息科学与技术,10,,,208323
A763,喀什大学,,网络工程,16,,,213001
A763,喀什大学,,环境科学与工程,14,,,215295
A763,喀什大学,,环境科学,12,,,216644
A763,喀什大学,,统计学,16,,,212272
A763,喀什大学,,计算机科学与技术(师范类),16,,,209834
A763,喀什大学,,电气工程及其自动化,18,,,205942
A763,喀什大学,,土木工程,22,,,218273
A763,喀什大学,,国际经济与贸易,20,,,213030
A763,喀什大学,,社会工作,10,,,209557
A763,喀什大学,,食品科学与工程,15,,,213514
A763,喀什大学,,财务管理,18,,,194053
A763,喀什大学,,数字媒体技术,14,,,212503
A763,喀什大学,,给排水科学与工程,20,,,218424
A763,喀什大学,,食品质量与安全,14,,,215327
A763,喀什大学,,广告学,8,,,211649
A763,喀什大学,,翻译,14,,,216571
A763,喀什大学,,通信工程,14,,,210299
A763,喀什大学,,旅游管理,14,,,216409
A763,喀什大学,,小学教育(师范类),2,,,180910
A763,喀什大学,,护理学,8,,,172735
A763,喀什大学,,预防医学,8,,,174916
A763,喀什大学,,酒店管理,5,,,213389
A763,喀什大学,,交通工程,8,,,207381
A763,喀什大学,,物流工程,6,,,211256
A763,喀什大学,,道路桥梁与渡河工程,5,,,219821
A763,喀什大学,,建筑学,5,,,211551
A763,喀什大学,,设施农业科学与工程,5,,,214075
A763,喀什大学,,卫生检验与检疫,3,,,196199
A764,伊犁师范大学,,电气工程及其自动化,8,,,203189
A764,伊犁师范大学,,电子信息工程,6,,,208236
A764,伊犁师范大学,,电子信息科学与技术,7,,,210525
A764,伊犁师范大学,,法学,15,,,156729
A764,伊犁师范大学,,化学(师范类),7,,,186587
A764,伊犁师范大学,,应用化学,13,,,215437
A764,伊犁师范大学,,材料化学,6,,,214397
A764,伊犁师范大学,,环境工程,8,,,216030
A764,伊犁师范大学,,环境科学,8,,,210969
A764,伊犁师范大学,,数字经济,5,,,208370
A764,伊犁师范大学,,应用统计学,14,,,214284
A764,伊犁师范大学,,贸易经济,6,,,214165
A764,伊犁师范大学,,数据科学与大数据技术,8,,,213596
A764,伊犁师范大学,,会计学,13,,,187845
A764,伊犁师范大学,,跨境电子商务,9,,,216663
A764,伊犁师范大学,,英语(师范类),12,,,187033
A764,伊犁师范大学,,学前教育(师范类),5,,,189468
A764,伊犁师范大学,,小学教育(师范类，理科方向),6,,,180620
A764,伊犁师范大学,,小学教育(师范类，文科方向),4,,,173174
A764,伊犁师范大学,,翻译,6,,,206759
A764,伊犁师范大学,,应用心理学(师范类),4,,,191137
A764,伊犁师范大学,,计算机科学与技术,14,,,207944
A764,伊犁师范大学,,历史学(师范类),5,,,171777
A764,伊犁师范大学,,物联网工程,16,,,213462
A764,伊犁师范大学,,文物与博物馆学,5,,,198747
A764,伊犁师范大学,,信息管理与信息系统,8,,,215399
A764,伊犁师范大学,,旅游管理,6,,,214049
A764,伊犁师范大学,,物理学(师范类),10,,,198058
A764,伊犁师范大学,,会展经济与管理,8,,,214568
A764,伊犁师范大学,,应用物理学,20,,,214912
A764,伊犁师范大学,,思想政治教育(师范类),5,,,166276
A764,伊犁师范大学,,土木工程,15,,,218005
A764,伊犁师范大学,,广播电视学,10,,,212883
A764,伊犁师范大学,,网络与新媒体,4,,,200758
A764,伊犁师范大学,,地理科学(师范类),6,,,176433
A764,伊犁师范大学,,自然地理与资源环境,13,,,209013
A764,伊犁师范大学,,地理信息科学,6,,,196933
A764,伊犁师范大学,,生物科学(师范类),12,,,191173
A764,伊犁师范大学,,食品质量与安全,10,,,216903
A764,伊犁师范大学,,汉语言文学(师范类),13,,,161690
A764,伊犁师范大学,,生物工程,10,,,208303
A764,伊犁师范大学,,植物保护,10,,,215515
A764,伊犁师范大学,,数学与应用数学(师范类),16,,,198412
A766,新疆财经大学,,金融学,8,,,159484
A766,新疆财经大学,,金融科技,5,,,191490
A766,新疆财经大学,,金融工程,2,,,175045
A766,新疆财经大学,,保险学,8,,,197118
A766,新疆财经大学,,经济统计学,9,,,173351
A766,新疆财经大学,,统计学,4,,,161363
A766,新疆财经大学,,金融数学,9,,,182729
A766,新疆财经大学,,数据科学与大数据技术,7,,,166967
A766,新疆财经大学,,工商管理,10,,,177739
A766,新疆财经大学,,人力资源管理,4,,,180109
A766,新疆财经大学,,市场营销,8,,,202356
A766,新疆财经大学,,物流管理,2,,,183571
A766,新疆财经大学,,会计学,12,,,129771
A766,新疆财经大学,,财务管理,12,,,147656
A766,新疆财经大学,,审计学,2,,,129803
A766,新疆财经大学,,经济学,9,,,168711
A766,新疆财经大学,,数字经济,3,,,190446
A766,新疆财经大学,,财政学,7,,,148955
A766,新疆财经大学,,税收学,8,,,159466
A766,新疆财经大学,,行政管理,9,,,188853
A766,新疆财经大学,,旅游管理,6,,,203341
A766,新疆财经大学,,酒店管理,2,,,201586
A766,新疆财经大学,,会展经济与管理,3,,,186858
A766,新疆财经大学,,国际经济与贸易,3,,,182704
A766,新疆财经大学,,国际商务,6,,,194932
A766,新疆财经大学,,商务英语,4,,,189111
A766,新疆财经大学,,法学,9,,,125929
A766,新疆财经大学,,新闻学,8,,,188597
A766,新疆财经大学,,网络与新媒体,1,,,168993
A766,新疆财经大学,,信息管理与信息系统,6,,,177268
A766,新疆财经大学,,电子商务,2,,,186449
A766,新疆财经大学,,计算机科学与技术,9,,,148936
A766,新疆财经大学,,网络空间安全,5,,,167700
A766,新疆财经大学,,工程造价,3,,,174800
A766,新疆财经大学,,汉语言文学,3,,,137907
A766,新疆财经大学,,汉语国际教育,2,,,168022
A768,新疆艺术学院,,文化产业管理,5,,,215535
A792,天津城建大学,,建筑学,2,,,82195
A792,天津城建大学,,城乡规划,2,,,98210
A792,天津城建大学,,风景园林,1,,,76370
A792,天津城建大学,,土木工程,3,,,112343
A792,天津城建大学,,城市地下空间工程,2,,,150222
A792,天津城建大学,,道路桥梁与渡河工程,2,,,100237
A792,天津城建大学,,智能建造,1,,,69478
A792,天津城建大学,,港口航道与海岸工程,2,,,101756
A792,天津城建大学,,交通工程,2,,,71560
A792,天津城建大学,,能源与动力工程,2,,,72383
A792,天津城建大学,,建筑环境与能源应用工程,2,,,92448
A792,天津城建大学,,安全工程,1,,,94523
A792,天津城建大学,,管理科学与工程类,3,,,115582
A792,天津城建大学,,公共管理类,1,,,93897
A792,天津城建大学,,给排水科学与工程,1,,,78067
A792,天津城建大学,,环境工程,1,,,88390
A792,天津城建大学,,电子信息类,1,,,60892
A792,天津城建大学,,计算机类,2,,,59945
A792,天津城建大学,,人工智能,2,,,63165
A792,天津城建大学,,外国语言文学类,2,,,88095
A792,天津城建大学,,地理信息科学,1,,,65047
A792,天津城建大学,,遥感科学与技术,1,,,79071
A792,天津城建大学,,地质工程,1,,,101141
A792,天津城建大学,,机械设计制造及其自动化,2,,,69311
A792,天津城建大学,,智能制造工程,1,,,66734
A792,天津城建大学,,电气工程及其自动化,1,,,59041
A792,天津城建大学,,自动化,1,,,52061
A792,天津城建大学,,建筑电气与智能化,1,,,72011
A792,天津城建大学,,数学与应用数学,1,,,67091
A792,天津城建大学,,应用物理学,1,,,85650
A792,天津城建大学,,风景园林(中外合作办学),1,,,162412
A798,河北科技师范学院,,化学(师范类),5,,,167222
A798,河北科技师范学院,,电气工程及其自动化,5,,,160671
A798,河北科技师范学院,,数学与应用数学(师范类),5,,,155861
A798,河北科技师范学院,,微电子科学与工程,5,,,170099
A798,河北科技师范学院,,物理学(师范类),5,,,170669
A798,河北科技师范学院,,英语(师范类),5,,,158102
A809,山西中医药大学,,中医学,27,,,75912
A809,山西中医药大学,,中医学(5+3一体化),4,,,40292
A809,山西中医药大学,,针灸推拿学,7,,,89474
A809,山西中医药大学,,康复治疗学,5,,,129175
A809,山西中医药大学,,中医养生学,3,,,108686
A809,山西中医药大学,,中西医临床医学,10,,,88601
A809,山西中医药大学,,护理学,12,,,142191
A809,山西中医药大学,,中药学,6,,,119393
A809,山西中医药大学,,中药学(临床中药方向),3,,,103553
A809,山西中医药大学,,药学,3,,,121689
A809,山西中医药大学,,制药工程,2,,,119839
A809,山西中医药大学,,生物制药,3,,,130392
A809,山西中医药大学,,食品科学与工程,2,,,147702
A809,山西中医药大学,,健康服务与管理,4,,,159942
A809,山西中医药大学,,中药资源与开发,2,,,144925
A809,山西中医药大学,,信息管理与信息系统,2,,,146771
A812,吕梁学院,,思想政治教育(师范类),5,,,159907
A812,吕梁学院,,学前教育(师范类),5,,,185027
A812,吕梁学院,,汉语言文学(师范类),5,,,143440
A812,吕梁学院,,英语(师范类),5,,,176031
A812,吕梁学院,,新闻学,5,,,187851
A812,吕梁学院,,历史学(师范类),5,,,164394
A812,吕梁学院,,数学与应用数学(师范类),5,,,193137
A812,吕梁学院,,信息与计算科学,2,,,197552
A812,吕梁学院,,物理学(师范类),5,,,198166
A812,吕梁学院,,化学(师范类),5,,,184529
A812,吕梁学院,,生物科学,5,,,189155
A812,吕梁学院,,应用心理学,5,,,187247
A812,吕梁学院,,机械设计制造及其自动化,5,,,205838
A812,吕梁学院,,机械电子工程,5,,,208208
A812,吕梁学院,,材料化学,5,,,210931
A812,吕梁学院,,冶金工程,5,,,213138
A812,吕梁学院,,电子信息工程,3,,,199940
A812,吕梁学院,,人工智能,5,,,205088
A812,吕梁学院,,计算机科学与技术,5,,,186723
A812,吕梁学院,,软件工程,5,,,193739
A812,吕梁学院,,数据科学与大数据技术,5,,,201668
A812,吕梁学院,,土木工程,5,,,214641
A812,吕梁学院,,测绘工程,5,,,194275
A812,吕梁学院,,化学工程与工艺,5,,,209235
A812,吕梁学院,,制药工程,5,,,203036
A812,吕梁学院,,采矿工程,5,,,212746
A812,吕梁学院,,食品科学与工程,5,,,205917
A812,吕梁学院,,食品质量与安全,5,,,204260
A812,吕梁学院,,建筑学,5,,,196030
A812,吕梁学院,,城乡规划,5,,,206674
A812,吕梁学院,,安全工程,5,,,212514
A812,吕梁学院,,园林,5,,,208295
A812,吕梁学院,,工程管理,5,,,213418
A812,吕梁学院,,会计学,4,,,168962
A812,吕梁学院,,财务管理,6,,,180643
A812,吕梁学院,,物业管理,5,,,210658
A812,吕梁学院,,文化产业管理,5,,,202206
A812,吕梁学院,,采矿工程(煤层气方向),5,,,213672
A819,呼伦贝尔学院,,英语(师范类),4,,,187447
A819,呼伦贝尔学院,,汉语言文学(师范类),4,,,164516
A819,呼伦贝尔学院,,秘书学,4,,,197095
A819,呼伦贝尔学院,,会计学,4,,,184634
A819,呼伦贝尔学院,,经济与金融,4,,,202034
A819,呼伦贝尔学院,,心理学,5,,,202695
A819,呼伦贝尔学院,,小学教育(师范类，数学),4,,,184945
A819,呼伦贝尔学院,,数学与应用数学(师范类),6,,,204977
A819,呼伦贝尔学院,,生物科学(师范类),4,,,184395
A819,呼伦贝尔学院,,环境科学,4,,,213381
A819,呼伦贝尔学院,,土木工程,4,,,219597
A819,呼伦贝尔学院,,地理科学(师范类),4,,,182762
A823,长沙医学院,,临床医学,2,,,112581
A823,长沙医学院,,口腔医学,2,,,58657
A823,长沙医学院,,中医学,2,,,141841
A823,长沙医学院,,医学影像学,2,,,149331
A823,长沙医学院,,预防医学,2,,,159087
A825,齐鲁医药学院,,应用心理学,18,,,219854
A825,齐鲁医药学院,,生物医学工程,19,,,221474
A825,齐鲁医药学院,,食品科学与工程,10,,,221419
A825,齐鲁医药学院,,生物制药,36,,,218284
A825,齐鲁医药学院,,临床医学,110,,,174677
A825,齐鲁医药学院,,医学影像学,66,,,191135
A825,齐鲁医药学院,,口腔医学,59,,,137464
A825,齐鲁医药学院,,预防医学,26,,,211460
A825,齐鲁医药学院,,药学,47,,,212783
A825,齐鲁医药学院,,药物制剂,27,,,219944
A825,齐鲁医药学院,,化妆品科学与技术,29,,,223503
A825,齐鲁医药学院,,中药学,26,,,212157
A825,齐鲁医药学院,,医学检验技术,41,,,204247
A825,齐鲁医药学院,,医学实验技术,19,,,223004
A825,齐鲁医药学院,,医学影像技术,34,,,205357
A825,齐鲁医药学院,,眼视光学,23,,,210593
A825,齐鲁医药学院,,康复治疗学,14,,,204709
A825,齐鲁医药学院,,口腔医学技术,18,,,206996
A825,齐鲁医药学院,,卫生检验与检疫,15,,,216108
A825,齐鲁医药学院,,智能医学工程,22,,,221958
A825,齐鲁医药学院,,护理学,78,,,194732
A825,齐鲁医药学院,,助产学,30,,,215138
A825,齐鲁医药学院,,市场营销,38,,,231050
A825,齐鲁医药学院,,财务管理,22,,,217989
A825,齐鲁医药学院,,健康服务与管理,32,,,223757
A825,齐鲁医药学院,,医疗保险,33,,,226266
A825,齐鲁医药学院,,养老服务管理,32,,,226962
A841,辽宁对外经贸学院,,国际经济与贸易,1,,,233972
A841,辽宁对外经贸学院,,金融学,1,,,223447
A841,辽宁对外经贸学院,,会计学,1,,,232008
A841,辽宁对外经贸学院,,人力资源管理,1,,,243313
A841,辽宁对外经贸学院,,信息管理与信息系统,1,,,240181
A846,江西科技学院,,软件工程,2,,,227722
A846,江西科技学院,,会计学,2,,,211069
A846,江西科技学院,,小学教育,2,,,222377
A850,南京工业职业技术大学,,机械设计制造及自动化,2,,,154443
A850,南京工业职业技术大学,,物联网工程技术,2,,,150763
A850,南京工业职业技术大学,,电气工程及自动化,1,,,148843
A850,南京工业职业技术大学,,城市轨道交通设备与控制技术,2,,,149306
A850,南京工业职业技术大学,,工业互联网技术,2,,,165783
A850,南京工业职业技术大学,,大数据与会计,1,,,86934
A850,南京工业职业技术大学,,企业数字化管理,1,,,125583
A850,南京工业职业技术大学,,电子商务,1,,,134158
A856,上海工程技术大学,,电子信息类,8,,,33271
A856,上海工程技术大学,,国际经济与贸易,1,,,55347
A856,上海工程技术大学,,旅游管理(邮轮经济),2,,,63749
A856,上海工程技术大学,,制药工程,1,,,43264
A856,上海工程技术大学,,环境工程,2,,,58282
A856,上海工程技术大学,,涂料工程,3,,,84094
A856,上海工程技术大学,,电子封装技术,4,,,53988
A856,上海工程技术大学,,工业设计,2,,,56734
A856,上海工程技术大学,,服装设计与工程,5,,,80898
A856,上海工程技术大学,,纺织工程,5,,,84972
A856,上海工程技术大学,,非织造材料与工程,3,,,97918
A856,上海工程技术大学,,车辆工程(城市轨道交通车辆),2,,,43808
A856,上海工程技术大学,,轨道交通信号与控制,1,,,34399
A856,上海工程技术大学,,交通运输,3,,,38073
A856,上海工程技术大学,,铁道工程,2,,,55614
A856,上海工程技术大学,,数据计算及应用,4,,,50196
A856,上海工程技术大学,,翻译,3,,,68934
A859,天津天狮学院,,金融学类,2,,,229148
A859,天津天狮学院,,劳动与社会保障,3,,,239449
A859,天津天狮学院,,英语,2,,,228478
A859,天津天狮学院,,电子信息类,2,,,234748
A868,青岛滨海学院,,经济学,26,,,244036
A868,青岛滨海学院,,国际经济与贸易,35,,,249120
A868,青岛滨海学院,,学前教育(师范类),13,,,228450
A868,青岛滨海学院,,融合教育,36,,,255643
A868,青岛滨海学院,,汉语国际教育,21,,,239258
A868,青岛滨海学院,,英语,55,,,250717
A868,青岛滨海学院,,俄语,31,,,261832
A868,青岛滨海学院,,日语,67,,,264000
A868,青岛滨海学院,,朝鲜语,79,,,267008
A868,青岛滨海学院,,翻译,64,,,261766
A868,青岛滨海学院,,广播电视学,70,,,253533
A868,青岛滨海学院,,广告学,23,,,246888
A868,青岛滨海学院,,护理学,171,,,235479
A868,青岛滨海学院,,市场营销,33,,,255581
A868,青岛滨海学院,,会计学,75,,,236969
A868,青岛滨海学院,,财务管理,53,,,242801
A868,青岛滨海学院,,物流管理,38,,,250969
A868,青岛滨海学院,,工业工程,52,,,252508
A868,青岛滨海学院,,电子商务,30,,,249203
A868,青岛滨海学院,,酒店管理,33,,,257754
A868,青岛滨海学院,,机械设计制造及其自动化,18,,,243080
A868,青岛滨海学院,,智能制造工程,31,,,254918
A868,青岛滨海学院,,金属材料工程,76,,,270913
A868,青岛滨海学院,,电气工程及其自动化,76,,,248542
A868,青岛滨海学院,,电子科学与技术,25,,,250362
A868,青岛滨海学院,,人工智能,26,,,250886
A868,青岛滨海学院,,计算机科学与技术,54,,,239833
A868,青岛滨海学院,,物联网工程,32,,,253342
A868,青岛滨海学院,,数据科学与大数据技术,26,,,245422
A868,青岛滨海学院,,土木工程,71,,,267600
A868,青岛滨海学院,,建筑环境与能源应用工程,49,,,271225
A868,青岛滨海学院,,给排水科学与工程,48,,,270386
A868,青岛滨海学院,,工程管理,39,,,267724
A868,青岛滨海学院,,工程造价,34,,,257583
A868,青岛滨海学院,,口腔医学,99,,,218710
A868,青岛滨海学院,,预防医学,84,,,244093
A868,青岛滨海学院,,食品营养与健康,50,,,250461
A868,青岛滨海学院,,医学检验技术,62,,,233175
A868,青岛滨海学院,,医学影像技术,60,,,234619
A868,青岛滨海学院,,康复治疗学,75,,,240919
A868,青岛滨海学院,,建筑学,39,,,249147
A878,安徽建筑大学,,土木工程,2,,,93760
A878,安徽建筑大学,,城市地下空间工程,2,,,139509
A878,安徽建筑大学,,道路桥梁与渡河工程,2,,,128147
A878,安徽建筑大学,,测绘工程,2,,,108447
A878,安徽建筑大学,,地质工程,2,,,141438
A878,安徽建筑大学,,勘查技术与工程,2,,,127096
A878,安徽建筑大学,,交通工程,2,,,100539
A878,安徽建筑大学,,安全工程,2,,,120966
A878,安徽建筑大学,,建筑学,1,,,108882
A878,安徽建筑大学,,城乡规划,1,,,103701
A878,安徽建筑大学,,风景园林,2,,,112406
A878,安徽建筑大学,,地理信息科学,2,,,102599
A878,安徽建筑大学,,能源与动力工程,2,,,96089
A878,安徽建筑大学,,建筑环境与能源应用工程,2,,,131122
A878,安徽建筑大学,,给排水科学与工程,2,,,149047
A878,安徽建筑大学,,环境工程,2,,,126222
A878,安徽建筑大学,,环境生态工程,2,,,147560
A878,安徽建筑大学,,金融工程,2,,,132707
A878,安徽建筑大学,,工程管理,3,,,131359
A878,安徽建筑大学,,房地产开发与管理,2,,,205682
A878,安徽建筑大学,,会计学,2,,,74439
A878,安徽建筑大学,,资产评估,2,,,116805
A878,安徽建筑大学,,计算机科学与技术,2,,,76365
A878,安徽建筑大学,,网络工程,2,,,77189
A878,安徽建筑大学,,建筑电气与智能化,2,,,100114
A878,安徽建筑大学,,应用化学,2,,,121332
A878,安徽建筑大学,,金属材料工程,2,,,159102
A878,安徽建筑大学,,化学工程与工艺,2,,,120798
A878,安徽建筑大学,,声学,2,,,106451
A878,安徽建筑大学,,统计学,2,,,107391
A878,安徽建筑大学,,机械设计制造及其自动化,2,,,91010
A878,安徽建筑大学,,机械电子工程,2,,,100281
A878,安徽建筑大学,,工业设计,2,,,120924
A878,安徽建筑大学,,过程装备与控制工程,2,,,116969
A878,安徽建筑大学,,测控技术与仪器,2,,,111652
A878,安徽建筑大学,,电气工程及其自动化,2,,,81439
A878,安徽建筑大学,,自动化,2,,,82378
A878,安徽建筑大学,,法学,3,,,81817
A878,安徽建筑大学,,人力资源管理,3,,,107861
A878,安徽建筑大学,,劳动与社会保障,3,,,146275
A878,安徽建筑大学,,城市管理,2,,,161678
A879,安徽科技学院,,会计学,1,,,139838
A879,安徽科技学院,,电子信息工程,1,,,118268
A879,安徽科技学院,,物流管理,2,,,167509
A879,安徽科技学院,,市场营销,2,,,183381
A879,安徽科技学院,,质量管理工程,2,,,173323
A879,安徽科技学院,,材料科学与工程,2,,,188419
A879,安徽科技学院,,新能源材料与器件,2,,,171566
A879,安徽科技学院,,城乡规划,1,,,157693
A879,安徽科技学院,,建筑学,2,,,174028
A879,安徽科技学院,,土木工程,2,,,178446
A879,安徽科技学院,,数据科学与大数据技术,1,,,136932
A879,安徽科技学院,,农业智能装备工程,2,,,180979
A879,安徽科技学院,,智慧农业,2,,,166839
A879,安徽科技学院,,生物工程,4,,,172527
A879,安徽科技学院,,中药学,4,,,165355
A879,安徽科技学院,,药物制剂,4,,,175169
A879,安徽科技学院,,生物制药,3,,,154677
A879,安徽科技学院,,食品科学与工程,3,,,182098
A879,安徽科技学院,,食品质量与安全,3,,,181534
A879,安徽科技学院,,地理信息科学,4,,,144248
A894,景德镇学院,,汉语言文学(师范类),2,,,136907
A894,景德镇学院,,财务管理,2,,,162750
A894,景德镇学院,,汽车服务工程,2,,,215485
A894,景德镇学院,,学前教育(师范类),2,,,182754
A895,萍乡学院,,汉语言文学(师范类),2,,,140145
A895,萍乡学院,,环境生态工程,2,,,200533
A895,萍乡学院,,工程管理,2,,,214017
A904,枣庄学院,,汉语言文学(师范类),90,,,124978
A904,枣庄学院,,汉语国际教育,30,,,171204
A904,枣庄学院,,行政管理,18,,,177858
A904,枣庄学院,,历史学(师范类),29,,,148650
A904,枣庄学院,,思想政治教育(师范类),36,,,143696
A904,枣庄学院,,日语,35,,,201704
A904,枣庄学院,,英语(师范类),80,,,156287
A904,枣庄学院,,数学与应用数学(师范类),40,,,169119
A904,枣庄学院,,应用统计学,50,,,191325
A904,枣庄学院,,电气工程及其自动化,29,,,177585
A904,枣庄学院,,电子信息工程,90,,,193558
A904,枣庄学院,,光电信息科学与工程,50,,,200080
A904,枣庄学院,,通信工程,24,,,185689
A904,枣庄学院,,化学(师范类),35,,,177001
A904,枣庄学院,,化学工程与工艺,65,,,202957
A904,枣庄学院,,应用化学,40,,,196831
A904,枣庄学院,,生物科学(师范类),75,,,170415
A904,枣庄学院,,生物技术,55,,,196959
A904,枣庄学院,,制药工程,58,,,190701
A904,枣庄学院,,食品科学与工程,44,,,194500
A904,枣庄学院,,食品质量与安全,54,,,194297
A904,枣庄学院,,地理科学(师范类),45,,,157256
A904,枣庄学院,,财务管理,28,,,159903
A904,枣庄学院,,心理学(师范类),30,,,173474
A904,枣庄学院,,学前教育(师范类),40,,,172250
A904,枣庄学院,,小学教育(师范类),40,,,159029
A904,枣庄学院,,金融数学,40,,,200221
A904,枣庄学院,,材料科学与工程,30,,,204254
A904,枣庄学院,,植物科学与技术,35,,,199772
A904,枣庄学院,,机器人工程,30,,,193040
A904,枣庄学院,,经济统计学,40,,,187469
A904,枣庄学院,,土木类,80,,,209935
A904,枣庄学院,,生物信息学,40,,,198018
A904,枣庄学院,,人工智能,35,,,193599
A904,枣庄学院,,生物制药,70,,,197518
A904,枣庄学院,,健康服务与管理,40,,,198682
A904,枣庄学院,,智慧农业,40,,,206784
A904,枣庄学院,,智能装备与系统,45,,,203078
A904,枣庄学院,,食品科学与工程(中外合作办学)(与韩国建国大学合作),80,,,232229
A904,枣庄学院,,金融工程(校企合作，与青岛英谷教育科技有限公司合作),50,,,208849
A904,枣庄学院,,数据科学与大数据技术(校企合作，与山东贝沃智能科技集团合作),40,,,207863
A904,枣庄学院,,工业设计(校企合作，与山东新视觉数码科技公司合作),40,,,216168
A904,枣庄学院,,机械设计制造及其自动化(校企合作，与北京华晟经世信息技术公司合作),100,,,215111
A904,枣庄学院,,光电信息科学与工程(校企合作，与北京中科特瑞科技有限公司合作),40,,,215530
A904,枣庄学院,,地理信息科学(校企合作，与北京中科特瑞科技有限公司合作),40,,,196231
A904,枣庄学院,,财务管理(校企合作，与达内时代科技集团有限公司合作),40,,,182541
A904,枣庄学院,,计算机科学与技术(校企合作，与山东贝沃智能科技集团合作),75,,,209801
A904,枣庄学院,,计算机科学与技术(校企合作，与北京华晟经世信息技术股份有限公司合,100,,,212720
A904,枣庄学院,,网络工程(校企合作，与北京华晟经世信息技术公司合作),100,,,215661
A904,枣庄学院,,物联网工程(校企合作，与山东贝沃智能科技集团合作),40,,,209221
A908,山东工艺美术学院,,艺术设计学,15,,,198811
A908,山东工艺美术学院,,美术学,50,,,218453
A908,山东工艺美术学院,,艺术史论,15,,,211919
A908,山东工艺美术学院,,家具设计与工程,26,,,226666
A908,山东工艺美术学院,,文化产业管理,10,,,196492
A908,山东工艺美术学院,,工业设计,70,,,214850
A908,山东工艺美术学院,,服装设计与工程,10,,,209624
A908,山东工艺美术学院,,包装工程,16,,,215169
A908,山东工艺美术学院,,风景园林,11,,,204442
A908,山东工艺美术学院,,建筑学,23,,,205400
A908,山东工艺美术学院,,城乡规划,26,,,217154
A908,山东工艺美术学院,,智能交互设计,26,,,215117
A918,黄淮学院,,汉语言文学(师范类),5,,,137530
A918,黄淮学院,,网络与新媒体,20,,,191408
A918,黄淮学院,,英语(师范类),10,,,173409
A918,黄淮学院,,新能源科学与工程,15,,,207184
A918,黄淮学院,,制药工程,20,,,198825
A918,黄淮学院,,市场营销,5,,,204477
A918,黄淮学院,,电子商务,20,,,207699
A918,黄淮学院,,数学与应用数学(师范类),10,,,185918
A918,黄淮学院,,通信工程,15,,,200001
A918,黄淮学院,,工程管理,5,,,217927
A918,黄淮学院,,土木工程,25,,,216602
A918,黄淮学院,,生物工程,20,,,205264
A918,黄淮学院,,园林,15,,,210578
A918,黄淮学院,,食品科学与工程,15,,,203860
A918,黄淮学院,,机械电子工程,20,,,208112
A918,黄淮学院,,物联网工程,15,,,197982
A918,黄淮学院,,新能源汽车工程,15,,,209770
A918,黄淮学院,,机器人工程,10,,,204162
A918,黄淮学院,,商务经济学,20,,,202341
A918,黄淮学院,,储能科学与工程,15,,,218498
A919,平顶山学院,,网络与新媒体,5,,,184303
A919,平顶山学院,,翻译,5,,,214542
A919,平顶山学院,,测控技术与仪器,5,,,212630
A919,平顶山学院,,电气工程及其自动化,5,,,195160
A919,平顶山学院,,机械电子工程,5,,,208698
A919,平顶山学院,,材料科学与工程,10,,,211154
A919,平顶山学院,,市场营销,8,,,212298
A919,平顶山学院,,旅游管理,10,,,213460
A919,平顶山学院,,护理学,10,,,167624
A919,平顶山学院,,城乡规划,10,,,204547
A920,湖北理工学院,,计算机类,2,,,104983
A920,湖北理工学院,,网络工程,2,,,112529
A920,湖北理工学院,,应用化学,2,,,169205
A920,湖北理工学院,,土木工程(荆楚卓越计划、房屋建筑方向、地下工程方向),3,,,190564
A920,湖北理工学院,,国际经济与贸易,3,,,162547
A920,湖北理工学院,,机械设计制造及其自动化(中外合作办学),4,,,219665
A920,湖北理工学院,,电子信息工程(中外合作办学),4,,,213362
A927,湖北科技学院,,汉语言文学,2,,,107535
A927,湖北科技学院,,核工程与核技术,2,,,126691
A929,湖北医药学院,,临床医学,2,,,59165
A929,湖北医药学院,,麻醉学,1,,,49917
A929,湖北医药学院,,精神医学,1,,,69871
A929,湖北医药学院,,口腔医学,1,,,43739
A929,湖北医药学院,,医学检验技术,1,,,77447
A929,湖北医药学院,,预防医学,2,,,88218
A959,安徽三联学院,,财务管理,10,,,236877
A959,安徽三联学院,,会计学,10,,,231660
A959,安徽三联学院,,国际经济与贸易,10,,,244330
A964,吉林外国语大学,,汉语言文学,5,,,194506
A964,吉林外国语大学,,汉语国际教育,3,,,211585
A964,吉林外国语大学,,英语(英西班牙双语),3,,,200978
A964,吉林外国语大学,,英语(英韩双语),4,,,216266
A964,吉林外国语大学,,法语,4,,,228291
A964,吉林外国语大学,,西班牙语,3,,,221825
A964,吉林外国语大学,,日语,2,,,219480
A964,吉林外国语大学,,朝鲜语,2,,,248503
A964,吉林外国语大学,,商务英语,3,,,245201
A964,吉林外国语大学,,数据科学与大数据技术,4,,,222589
A964,吉林外国语大学,,俄语(中外合作办学),4,,,232601
A964,吉林外国语大学,,朝鲜语(中外合作办学),4,,,247058
A964,吉林外国语大学,,人工智能,6,,,233593
A976,贵阳学院,,法学,2,,,119161
A976,贵阳学院,,软件工程,4,,,182174
A976,贵阳学院,,电子信息工程,2,,,183771
A976,贵阳学院,,电子信息科学与技术,2,,,176313
A976,贵阳学院,,经济学,4,,,184434
A976,贵阳学院,,机械设计制造及其自动化,4,,,204336
A976,贵阳学院,,土木工程,2,,,203517
A977,六盘水师范学院,,学前教育(师范类),2,,,189506
A977,六盘水师范学院,,汉语言文学(师范类),2,,,143688
A977,六盘水师范学院,,生物科学(师范类),2,,,171558
A977,六盘水师范学院,,机械类,3,,,211756
A977,六盘水师范学院,,能源与动力工程,2,,,210637
A977,六盘水师范学院,,自动化,2,,,202544
A994,新疆工程学院,,安全工程,16,,,220958
A994,新疆工程学院,,消防工程,5,,,217623
A994,新疆工程学院,,化学工程与工艺,3,,,216027
A994,新疆工程学院,,环境科学与工程,3,,,219737
A994,新疆工程学院,,材料科学与工程,2,,,219695
A994,新疆工程学院,,精细化工,2,,,223808
A994,新疆工程学院,,材料成型及控制工程,5,,,218668
A994,新疆工程学院,,焊接技术与工程,4,,,219837
A994,新疆工程学院,,机器人工程,4,,,214002
A994,新疆工程学院,,机械电子工程,3,,,215818
A994,新疆工程学院,,机械设计制造及其自动化,4,,,216101
A994,新疆工程学院,,测控技术与仪器,6,,,219851
A994,新疆工程学院,,自动化,7,,,212247
A994,新疆工程学院,,人工智能,2,,,217191
A994,新疆工程学院,,采矿工程,8,,,222987
A994,新疆工程学院,,地质工程,5,,,221344
A994,新疆工程学院,,勘查技术与工程,3,,,220359
A994,新疆工程学院,,矿物加工工程,2,,,217529
A994,新疆工程学院,,资源勘查工程,2,,,212714
A994,新疆工程学院,,电气工程及其自动化,3,,,202697
A994,新疆工程学院,,能源与动力工程,4,,,217188
A994,新疆工程学院,,新能源科学与工程,4,,,217347
A994,新疆工程学院,,土木工程,12,,,221996
A994,新疆工程学院,,测绘工程,10,,,220842
A994,新疆工程学院,,铁道工程,6,,,217802
A994,新疆工程学院,,物流工程,12,,,216726
A994,新疆工程学院,,能源经济,6,,,214403
A994,新疆工程学院,,数据科学与大数据技术,2,,,209057
A994,新疆工程学院,,通信工程,5,,,217738
A994,新疆工程学院,,物联网工程,8,,,219757
A994,新疆工程学院,,计算机科学与技术,4,,,209868
A994,新疆工程学院,,数学与应用数学,4,,,217086
A994,新疆工程学院,,机械设计制造及其自动化,2,,,218553
A994,新疆工程学院,,电气工程及其自动化,2,,,210990
A994,新疆工程学院,,数据科学与大数据技术,5,,,219682
A997,昌吉学院,,金融数学,30,,,224532
A997,昌吉学院,,教育技术学(师范类),10,,,221404
A997,昌吉学院,,小学教育(师范类),20,,,202592
A997,昌吉学院,,汉语言文学(师范类),30,,,189914
A997,昌吉学院,,秘书学,20,,,213597
A997,昌吉学院,,网络与新媒体,20,,,214210
A997,昌吉学院,,数学与应用数学(师范类),30,,,222268
A997,昌吉学院,,材料物理,30,,,223186
A997,昌吉学院,,能源与动力工程,30,,,217659
A997,昌吉学院,,计算机科学与技术,30,,,217921
A997,昌吉学院,,网络工程,25,,,220093
A997,昌吉学院,,化学工程与工艺,30,,,218212
A997,昌吉学院,,交通运输,20,,,218043
A997,昌吉学院,,财务管理,15,,,205261
A997,昌吉学院,,旅游管理,15,,,216971
B033,唐山学院,,财务管理,5,,,175399
B033,唐山学院,,机械设计制造及其自动化,5,,,193973
B033,唐山学院,,电气工程及其自动化,8,,,188020
B033,唐山学院,,轨道交通信号与控制,2,,,190828
B035,沈阳大学,,焊接技术与工程,4,,,141908
B035,沈阳大学,,土木工程,8,,,141887
B035,沈阳大学,,建筑环境与能源应用工程,4,,,142691
B035,沈阳大学,,旅游管理,4,,,168419
B035,沈阳大学,,日语,3,,,155412
B035,沈阳大学,,自动化(中外合作办学),4,,,183698
B035,沈阳大学,,工业工程(中外合作办学),5,,,187268
B047,上海立信会计金融学院,,会计学,6,,,31088
B047,上海立信会计金融学院,,财务管理,5,,,36901
B047,上海立信会计金融学院,,资产评估,2,,,42582
B047,上海立信会计金融学院,,审计学,6,,,34371
B047,上海立信会计金融学院,,金融工程,2,,,48436
B047,上海立信会计金融学院,,行政管理,2,,,272657
B047,上海立信会计金融学院,,劳动与社会保障,2,,,65837
B047,上海立信会计金融学院,,应用统计学,4,,,51647
B047,上海立信会计金融学院,,数学与应用数学,4,,,49122
B047,上海立信会计金融学院,,金融数学,2,,,36360
B047,上海立信会计金融学院,,计算机科学与技术,4,,,41888
B047,上海立信会计金融学院,,电子商务,3,,,103110
B047,上海立信会计金融学院,,数据科学与大数据技术,2,,,42684
B047,上海立信会计金融学院,,商务英语,2,,,68899
B047,上海立信会计金融学院,,保险学,3,,,69975
B047,上海立信会计金融学院,,精算学,6,,,56010
B047,上海立信会计金融学院,,法学,2,,,35311
B047,上海立信会计金融学院,,金融科技,6,,,63326
B047,上海立信会计金融学院,,汉语言文学,1,,,47053
B047,上海立信会计金融学院,,金融学,4,,,39408
B047,上海立信会计金融学院,,投资学,2,,,52712
B047,上海立信会计金融学院,,信用管理,2,,,57120
B047,上海立信会计金融学院,,财政学,1,,,37053
B047,上海立信会计金融学院,,税收学,4,,,43571
B047,上海立信会计金融学院,,工商管理,2,,,53537
B047,上海立信会计金融学院,,市场营销,2,,,68100
B047,上海立信会计金融学院,,人力资源管理,2,,,74251
B047,上海立信会计金融学院,,经济学,2,,,43608
B047,上海立信会计金融学院,,国际经济与贸易,4,,,56903
B047,上海立信会计金融学院,,数字经济,1,,,49103
B048,金陵科技学院,,国际经济与贸易,1,,,110120
B048,金陵科技学院,,市场营销,1,,,120370
B048,金陵科技学院,,会计学,1,,,65648
B048,金陵科技学院,,汉语国际教育,1,,,86305
B048,金陵科技学院,,古典文献学,1,,,86372
B048,金陵科技学院,,行政管理,1,,,91275
B048,金陵科技学院,,旅游管理,1,,,102967
B048,金陵科技学院,,机械设计制造及其自动化,1,,,72216
B048,金陵科技学院,,车辆工程,1,,,100810
B048,金陵科技学院,,建筑电气与智能化,1,,,100518
B048,金陵科技学院,,自动化,1,,,67734
B048,金陵科技学院,,土木工程,1,,,119375
B048,金陵科技学院,,工程管理,1,,,112613
B048,金陵科技学院,,数据科学与大数据技术,1,,,73664
B048,金陵科技学院,,电子信息工程,1,,,61989
B048,金陵科技学院,,通信工程,1,,,71406
B048,金陵科技学院,,光电信息科学与工程,1,,,81006
B048,金陵科技学院,,网络工程,1,,,71438
B048,金陵科技学院,,信息安全,1,,,78255
B048,金陵科技学院,,宝石及材料工艺学,1,,,138898
B049,淮阴工学院,,英语,3,,,166337
B049,淮阴工学院,,会计学,2,,,129497
B049,淮阴工学院,,经济与金融,2,,,155753
B049,淮阴工学院,,机械电子工程,2,,,143993
B049,淮阴工学院,,金属材料工程,2,,,182032
B049,淮阴工学院,,机器人工程,2,,,145618
B049,淮阴工学院,,工业设计,3,,,175461
B049,淮阴工学院,,车辆工程,2,,,158779
B049,淮阴工学院,,工程管理,2,,,186435
B049,淮阴工学院,,软件工程,3,,,127894
B049,淮阴工学院,,应用物理学,4,,,174833
B049,淮阴工学院,,俄语,2,,,180701
B049,淮阴工学院,,财务管理,2,,,141163
B049,淮阴工学院,,国际经济与贸易,2,,,157613
B049,淮阴工学院,,社会工作,4,,,175275
B049,淮阴工学院,,行政管理,4,,,166477
B049,淮阴工学院,,交通运输,2,,,142949
B049,淮阴工学院,,化学工程与工艺,4,,,176305
B049,淮阴工学院,,高分子材料与工程,4,,,183627
B049,淮阴工学院,,农学,2,,,167689
B049,淮阴工学院,,园林,2,,,169608
B049,淮阴工学院,,生物工程,4,,,165956
B053,徐州工程学院,,土木工程,3,,,169542
B053,徐州工程学院,,电子信息工程,10,,,143837
B053,徐州工程学院,,食品科学与工程,10,,,166937
B053,徐州工程学院,,生物工程,10,,,172386
B053,徐州工程学院,,物流工程,1,,,144026
B053,徐州工程学院,,英语,6,,,141119
B053,徐州工程学院,,朝鲜语,4,,,220830
B053,徐州工程学院,,汉语言文学,6,,,109762
B053,徐州工程学院,,会计学,2,,,108661
B053,徐州工程学院,,国际经济与贸易,5,,,150698
B053,徐州工程学院,,市场营销,2,,,166883
B053,徐州工程学院,,旅游管理,1,,,148386
B053,徐州工程学院,,电气工程及其自动化(中外合作办学),3,,,200032
B053,徐州工程学院,,机械电子工程(中外合作办学),2,,,207348
B057,浙江科技学院,,智能制造工程,3,,,93703
B057,浙江科技学院,,土木工程,4,,,138597
B057,浙江科技学院,,材料科学与工程,5,,,127688
B057,浙江科技学院,,信息管理与信息系统,3,,,100134
B057,浙江科技学院,,机械类(中德联合培养),5,,,133546
B057,浙江科技学院,,土木工程(中外合作办学)(中德合作办学),5,,,230252
B058,宁波工程学院,,电子科学与技术,3,,,109785
B058,宁波工程学院,,电气工程及其自动化,4,,,101645
B058,宁波工程学院,,工程管理,2,,,149170
B058,宁波工程学院,,机械设计制造及其自动化,4,,,124938
B058,宁波工程学院,,车辆工程,2,,,127439
B058,宁波工程学院,,油气储运工程,4,,,156272
B058,宁波工程学院,,应用化学,3,,,150305
B058,宁波工程学院,,材料科学与工程,2,,,155588
B058,宁波工程学院,,信息与计算科学,2,,,116906
B058,宁波工程学院,,会计学,2,,,96879
B058,宁波工程学院,,物流工程,2,,,131678
B058,宁波工程学院,,日语,2,,,150954
B058,宁波工程学院,,德语,2,,,143119
B058,宁波工程学院,,信息与计算科学(中外合作办学),4,,,199139
B058,宁波工程学院,,机械设计制造及其自动化(中外合作办学),2,,,209250
B059,合肥学院,,机械设计制造及其自动化,2,,,125237
B059,合肥学院,,食品科学与工程,2,,,149189
B059,合肥学院,,工商管理,2,,,135981
B059,合肥学院,,会计学,2,,,121400
B059,合肥学院,,财务管理,2,,,121737
B059,合肥学院,,供应链管理,2,,,158962
B059,合肥学院,,小学教育(师范类),2,,,129891
B059,合肥学院,,旅游管理,2,,,183380
B059,合肥学院,,物流管理(中外合作办学),4,,,219389
B062,厦门理工学院,,机械设计制造及其自动化,3,,,82375
B062,厦门理工学院,,车辆工程,4,,,93663
B062,厦门理工学院,,自动化,3,,,77753
B062,厦门理工学院,,通信工程,3,,,90804
B062,厦门理工学院,,软件工程,3,,,70395
B062,厦门理工学院,,土木工程,3,,,121259
B062,厦门理工学院,,网络与新媒体,3,,,78039
B062,厦门理工学院,,电子信息工程(中外合作办学),5,,,110854
B065,青岛大学,,新能源科学与工程,70,,,46153
B065,青岛大学,,金融学,101,,,62976
B065,青岛大学,,法学,125,,,32325
B065,青岛大学,,应用心理学,25,,,51533
B065,青岛大学,,汉语言文学,80,,,35788
B065,青岛大学,,英语,20,,,42147
B065,青岛大学,,德语,26,,,84768
B065,青岛大学,,日语,19,,,65089
B065,青岛大学,,朝鲜语,17,,,89531
B065,青岛大学,,法语,13,,,81543
B065,青岛大学,,西班牙语,13,,,78878
B065,青岛大学,,新闻学,22,,,47669
B065,青岛大学,,电气工程及其自动化,197,,,38983
B065,青岛大学,,应用化学,61,,,60643
B065,青岛大学,,临床医学(5+3一体化),150,,,14387
B065,青岛大学,,临床医学,272,,,23399
B065,青岛大学,,医学影像学,51,,,26987
B065,青岛大学,,医学检验技术,40,,,39282
B065,青岛大学,,口腔医学,35,,,18833
B065,青岛大学,,预防医学,19,,,46282
B065,青岛大学,,药学,66,,,46591
B065,青岛大学,,软件工程,118,,,35161
B065,青岛大学,,临床医学(5+3一体化，儿科),20,,,17917
B065,青岛大学,,物流管理,15,,,63107
B065,青岛大学,,工商管理,53,,,56827
B065,青岛大学,,会计学,121,,,47459
B065,青岛大学,,自动化,153,,,42176
B065,青岛大学,,生物技术,53,,,52838
B065,青岛大学,,微电子科学与工程,122,,,45769
B065,青岛大学,,工业设计,23,,,54244
B065,青岛大学,,机器人工程,64,,,46948
B065,青岛大学,,智能制造工程,82,,,49859
B065,青岛大学,,电子信息工程,83,,,39852
B065,青岛大学,,通信工程,84,,,42868
B065,青岛大学,,计算机科学与技术,116,,,31751
B065,青岛大学,,智能科学与技术,69,,,41834
B065,青岛大学,,食品科学与工程,26,,,53756
B065,青岛大学,,经济学,65,,,63907
B065,青岛大学,,财政学,31,,,55486
B065,青岛大学,,数学与应用数学,92,,,50989
B065,青岛大学,,数学与应用数学(拔尖人才创新班),30,,,44401
B065,青岛大学,,应用物理学(拔尖人才创新班),60,,,55388
B065,青岛大学,,应用化学(拔尖人才创新班),30,,,55993
B065,青岛大学,,机械工程(卓越创新班),60,,,50708
B065,青岛大学,,预防医学(卓越创新班),30,,,46133
B065,青岛大学,,环境科学与工程,58,,,69857
B065,青岛大学,,国际政治,17,,,54363
B065,青岛大学,,化学工程与工艺,40,,,57027
B065,青岛大学,,轻化工程,27,,,63905
B065,青岛大学,,护理学,27,,,60607
B065,青岛大学,,标准化工程,21,,,52396
B065,青岛大学,,材料类,10,,,55444
B065,青岛大学,,能源与动力工程,67,,,49321
B065,青岛大学,,行政管理,19,,,51692
B065,青岛大学,,信息管理与信息系统,26,,,51136
B065,青岛大学,,旅游管理,18,,,71271
B065,青岛大学,,应用物理学,7,,,50175
B065,青岛大学,,光电信息科学与工程,31,,,45436
B065,青岛大学,,信息安全,73,,,38567
B065,青岛大学,,测控技术与仪器,39,,,54317
B065,青岛大学,,机械工程,27,,,50041
B065,青岛大学,,应用统计学,65,,,54567
B065,青岛大学,,国际经济与贸易(地方专项计划),10,,,98098
B065,青岛大学,,服装设计与工程(地方专项计划),20,,,134579
B065,青岛大学,,环境科学与工程(地方专项计划),10,,,84555
B065,青岛大学,,国际政治(地方专项计划),5,,,72947
B065,青岛大学,,化学工程与工艺(地方专项计划),10,,,65941
B065,青岛大学,,轻化工程(地方专项计划),20,,,79545
B065,青岛大学,,护理学(地方专项计划),15,,,76633
B065,青岛大学,,标准化工程(地方专项计划),5,,,59640
B065,青岛大学,,材料类(地方专项计划),20,,,69779
B065,青岛大学,,能源与动力工程(地方专项计划),10,,,51449
B065,青岛大学,,行政管理(地方专项计划),10,,,71349
B065,青岛大学,,信息管理与信息系统(地方专项计划),5,,,53160
B065,青岛大学,,旅游管理(地方专项计划),10,,,97704
B065,青岛大学,,应用物理学(地方专项计划),10,,,57652
B065,青岛大学,,光电信息科学与工程(地方专项计划),5,,,47356
B065,青岛大学,,信息安全(地方专项计划),5,,,40310
B065,青岛大学,,测控技术与仪器(地方专项计划),10,,,59252
B065,青岛大学,,机械工程(地方专项计划),15,,,54964
B065,青岛大学,,应用统计学(地方专项计划),5,,,56520
B065,青岛大学,,纺织工程(卓越创新班，地方专项计划),20,,,108607
B065,青岛大学,,软件工程(校企合作，与NIIT合作，软件外包方向),60,,,53151
B066,烟台大学,,汉语言文学,214,,,71713
B066,烟台大学,,新闻学,64,,,101385
B066,烟台大学,,汉语国际教育,40,,,96249
B066,烟台大学,,法学,158,,,40855
B066,烟台大学,,知识产权,30,,,51044
B066,烟台大学,,英语,120,,,102910
B066,烟台大学,,朝鲜语,23,,,142344
B066,烟台大学,,日语,23,,,162253
B066,烟台大学,,国际经济与贸易,44,,,106291
B066,烟台大学,,工商管理,67,,,100809
B066,烟台大学,,会计学,64,,,72301
B066,烟台大学,,投资学,59,,,119843
B066,烟台大学,,人力资源管理,44,,,105569
B066,烟台大学,,数学与应用数学,138,,,108705
B066,烟台大学,,信息与计算科学,80,,,101563
B066,烟台大学,,统计学,76,,,99080
B066,烟台大学,,应用物理学,95,,,126343
B066,烟台大学,,电子信息科学与技术,124,,,82185
B066,烟台大学,,通信工程,72,,,85199
B066,烟台大学,,物联网工程,73,,,90106
B066,烟台大学,,集成电路设计与集成系统,88,,,102262
B066,烟台大学,,计算机科学与技术,123,,,70676
B066,烟台大学,,自动化,76,,,86848
B066,烟台大学,,软件工程,84,,,75177
B066,烟台大学,,人工智能,68,,,90811
B066,烟台大学,,机械设计制造及其自动化,197,,,110749
B066,烟台大学,,车辆工程,90,,,116418
B066,烟台大学,,机器人工程,88,,,100027
B066,烟台大学,,建筑学,80,,,114582
B066,烟台大学,,城乡规划,31,,,110358
B066,烟台大学,,土木工程,95,,,135254
B066,烟台大学,,给排水科学与工程,41,,,135221
B066,烟台大学,,工程管理,40,,,135500
B066,烟台大学,,应用化学,124,,,131631
B066,烟台大学,,化学工程与工艺,92,,,134390
B066,烟台大学,,高分子材料与工程,74,,,133065
B066,烟台大学,,生物科学,58,,,106317
B066,烟台大学,,生物工程,77,,,123243
B066,烟台大学,,生物制药,75,,,117639
B066,烟台大学,,食品科学与工程,47,,,121679
B066,烟台大学,,食品质量与安全,70,,,120259
B066,烟台大学,,药学,154,,,106628
B066,烟台大学,,制药工程,73,,,114831
B066,烟台大学,,水产养殖学,17,,,136361
B066,烟台大学,,海洋科学,51,,,122840
B066,烟台大学,,能源与动力工程,63,,,105317
B066,烟台大学,,环境科学与工程,31,,,124694
B066,烟台大学,,材料科学与工程,35,,,134096
B066,烟台大学,,环保设备工程,22,,,134285
B066,烟台大学,,核工程与核技术,35,,,118280
B066,烟台大学,,金属材料工程,17,,,134959
B066,烟台大学,,本科预科班（招收边防军人子女）,8,,,229998
B066,烟台大学,,法学(中外合作办学),96,,,74424
B066,烟台大学,,材料科学与工程(中外合作办学),100,,,218819
B066,烟台大学,,车辆工程(中外合作办学),90,,,226102
B066,烟台大学,,环境科学与工程(中外合作办学),90,,,228524
B066,烟台大学,,环保设备工程(中外合作办学),90,,,235559
B067,潍坊学院,,数学与应用数学(师范类),40,,,137097
B067,潍坊学院,,信息与计算科学,32,,,167108
B067,潍坊学院,,应用统计学,36,,,162553
B067,潍坊学院,,物理学(师范类),49,,,154200
B067,潍坊学院,,电子科学与技术,49,,,162478
B067,潍坊学院,,光电信息科学与工程,24,,,166865
B067,潍坊学院,,通信工程,34,,,160900
B067,潍坊学院,,化学(师范类),39,,,149622
B067,潍坊学院,,化学工程与工艺,35,,,177779
B067,潍坊学院,,环境工程,25,,,183020
B067,潍坊学院,,制药工程,25,,,171313
B067,潍坊学院,,生物科学(师范类),36,,,146073
B067,潍坊学院,,海洋渔业科学与技术,36,,,199216
B067,潍坊学院,,设施农业科学与工程,48,,,195125
B067,潍坊学院,,园林,49,,,196336
B067,潍坊学院,,种子科学与工程,51,,,190562
B067,潍坊学院,,机械设计制造及其自动化,44,,,165095
B067,潍坊学院,,农业机械化及其自动化,24,,,178606
B067,潍坊学院,,工业设计,25,,,182016
B067,潍坊学院,,自动化,45,,,165039
B067,潍坊学院,,机器人工程,64,,,173387
B067,潍坊学院,,计算机科学与技术,36,,,132641
B067,潍坊学院,,网络工程,24,,,148014
B067,潍坊学院,,土木工程,48,,,188047
B067,潍坊学院,,建筑学,34,,,172595
B067,潍坊学院,,工程管理,22,,,188197
B067,潍坊学院,,英语(师范类),61,,,133486
B067,潍坊学院,,日语,35,,,180485
B067,潍坊学院,,朝鲜语,25,,,204223
B067,潍坊学院,,法语,20,,,185000
B067,潍坊学院,,会计学,54,,,133724
B067,潍坊学院,,市场营销,28,,,181540
B067,潍坊学院,,国际经济与贸易,36,,,171316
B067,潍坊学院,,经济与金融,21,,,155234
B067,潍坊学院,,供应链管理,35,,,192365
B067,潍坊学院,,思想政治教育(师范类),37,,,119933
B067,潍坊学院,,法学,111,,,123718
B067,潍坊学院,,行政管理,52,,,171406
B067,潍坊学院,,历史学(师范类),44,,,127929
B067,潍坊学院,,旅游管理,26,,,185363
B067,潍坊学院,,文物与博物馆学,19,,,161817
B067,潍坊学院,,汉语言文学(师范类),102,,,108399
B067,潍坊学院,,小学教育(师范类),24,,,131911
B067,潍坊学院,,应用心理学,25,,,164508
B067,潍坊学院,,学前教育(师范类),90,,,168910
B067,潍坊学院,,特殊教育(师范类),50,,,166489
B067,潍坊学院,,广播电视学,36,,,173200
B067,潍坊学院,,智能制造工程,49,,,180925
B067,潍坊学院,,应用统计学(校企合作，与青岛英谷教育科技股份有限公司合作),70,,,197316
B067,潍坊学院,,电子科学与技术(校企合作，与青岛英谷教育科技股份有限公司合作),60,,,204107
B067,潍坊学院,,机械设计制造及其自动化(校企合作，与青岛英谷教育科技股份有限公司,60,,,207376
B067,潍坊学院,,自动化(校企合作，与青岛英谷教育科技股份有限公司合作),60,,,207399
B067,潍坊学院,,计算机科学与技术(校企合作，与青岛英谷教育科技股份有限公司合作),80,,,181379
B067,潍坊学院,,数字媒体技术(校企合作，与杭州时光坐标影视传媒股份有限公司合作),40,,,195261
B067,潍坊学院,,会计学(校企合作，与青岛英谷教育科技股份有限公司合作),70,,,171483
B067,潍坊学院,,机械设计制造及其自动化(校企合作，与潍柴控股集团有限公司合作，共,50,,,208586
B067,潍坊学院,,自动化(校企合作，与潍柴控股集团有限公司合作，共建产业学院),50,,,209142
B067,潍坊学院,,电子科学与技术(校企合作，与歌尔股份有限公司合作，共建产业学院),80,,,210826
B067,潍坊学院,,数据科学与大数据技术(校企合作，与北京华晟经世信息技术股份有限公,80,,,191007
B067,潍坊学院,,数字媒体技术(校企合作，与北京华晟经世信息技术股份有限公司合作),80,,,198596
B067,潍坊学院,,软件工程(校企合作，与上海智翔信息科技发展有限公司合作),80,,,173347
B067,潍坊学院,,通信工程(校企合作，与上海智翔信息科技发展有限公司合作),80,,,205533
B068,郑州工程技术学院,,电子信息工程,1,,,167169
B068,郑州工程技术学院,,机械设计制造及其自动化,1,,,160252
B068,郑州工程技术学院,,酒店管理,4,,,212019
B068,郑州工程技术学院,,物联网工程,1,,,165910
B068,郑州工程技术学院,,商务英语,6,,,208712
B068,郑州工程技术学院,,物流工程,4,,,204632
B068,郑州工程技术学院,,高分子材料与工程,5,,,190462
B068,郑州工程技术学院,,车辆工程,1,,,194257
B068,郑州工程技术学院,,广告学,4,,,186848
B068,郑州工程技术学院,,软件工程,1,,,158407
B068,郑州工程技术学院,,智能建造,1,,,191317
B068,郑州工程技术学院,,投资学,6,,,204691
B070,洛阳理工学院,,无机非金属材料工程,8,,,188686
B070,洛阳理工学院,,机械设计制造及其自动化,4,,,153505
B070,洛阳理工学院,,电气工程及其自动化,4,,,138554
B070,洛阳理工学院,,自动化,4,,,156069
B070,洛阳理工学院,,计算机科学与技术,4,,,130550
B070,洛阳理工学院,,软件工程,4,,,137852
B070,洛阳理工学院,,数据科学与大数据技术,4,,,146938
B070,洛阳理工学院,,土木工程,4,,,181152
B070,洛阳理工学院,,建筑环境与能源应用工程,4,,,195152
B070,洛阳理工学院,,工程造价,4,,,181196
B070,洛阳理工学院,,工商管理,4,,,166734
B070,洛阳理工学院,,会计学,4,,,135692
B070,洛阳理工学院,,学前教育(师范类),4,,,180276
B070,洛阳理工学院,,英语,2,,,168361
B070,洛阳理工学院,,商务英语,4,,,177146
B070,洛阳理工学院,,新闻学,4,,,158998
B070,洛阳理工学院,,机械设计制造及其自动化(中外合作办学),4,,,216745
B071,新乡学院,,外国语言文学类,4,,,180000
B071,新乡学院,,俄语,4,,,206804
B071,新乡学院,,新闻传播学类,4,,,177332
B071,新乡学院,,数学类,6,,,193621
B071,新乡学院,,生物技术,5,,,201722
B071,新乡学院,,机械类,6,,,206301
B071,新乡学院,,材料类,7,,,212809
B071,新乡学院,,电气工程及其自动化,6,,,193853
B071,新乡学院,,电子信息类,6,,,200096
B071,新乡学院,,计算机类,10,,,192994
B071,新乡学院,,土木类,6,,,213888
B071,新乡学院,,化学工程与工艺,7,,,206806
B071,新乡学院,,建筑类,6,,,200829
B071,新乡学院,,物业管理(物业智能化管理方向),4,,,208350
B071,新乡学院,,酒店管理(旅居新业态方向),4,,,212067
B071,新乡学院,,机械设计制造及其自动化(中外合作办学),10,,,223324
B072,江汉大学,,智能制造工程,3,,,72009
B072,江汉大学,,金融学(CFA特许分析师),4,,,82121
B072,江汉大学,,会计学(ACCA国际注册会计师),4,,,77009
B075,三峡大学,,水利水电工程,9,,,42090
B075,三峡大学,,港口航道与海岸工程,2,,,56402
B075,三峡大学,,工程管理(含造价方向),5,,,124635
B075,三峡大学,,土木工程,8,,,105268
B075,三峡大学,,建筑类,6,,,78476
B075,三峡大学,,地质工程,2,,,66641
B075,三峡大学,,机械设计制造及其自动化,3,,,48230
B075,三峡大学,,智能制造工程,3,,,62652
B075,三峡大学,,能源与动力工程,3,,,55272
B075,三峡大学,,材料类(含无损检测、光电低碳材料、储能材料方向),6,,,90659
B075,三峡大学,,化学工程与工艺(现代智能化工方向、化工新材料方向),8,,,81121
B075,三峡大学,,储能科学与工程(电力储能方向),6,,,55965
B075,三峡大学,,电气工程及其自动化,12,,,23302
B075,三峡大学,,电气工程及其自动化(输电线路工程方向),6,,,26531
B075,三峡大学,,智能电网信息工程,4,,,27371
B075,三峡大学,,通信工程,2,,,38270
B075,三峡大学,,数据科学与大数据技术(智能数据分析方向),3,,,35314
B075,三峡大学,,人力资源管理,2,,,84764
B075,三峡大学,,投资学,4,,,107960
B075,三峡大学,,旅游管理(数字文旅),2,,,137222
B075,三峡大学,,供应链管理,2,,,101421
B075,三峡大学,,临床医学,4,,,38255
B075,三峡大学,,医学影像学,2,,,34988
B075,三峡大学,,中医学,7,,,60845
B075,三峡大学,,药学,4,,,71433
B075,三峡大学,,护理学,2,,,80128
B075,三峡大学,,预防医学,2,,,83746
B075,三峡大学,,物理学(设物理学、物理师范教育、光电信息3个方向),5,,,68510
B075,三峡大学,,数学类(设数学师范教育、大数据与科学计算2个方向),5,,,63056
B075,三峡大学,,化学(能源、环境化学两个方向),4,,,84354
B075,三峡大学,,制药工程,6,,,68945
B075,三峡大学,,生物工程(制药、食品发酵方向),6,,,68810
B075,三峡大学,,生物科学(生科、生态学方向),6,,,67788
B075,三峡大学,,外国语言文学类(英语含教师教育、翻译、国际传播三个方向),4,,,78725
B075,三峡大学,,电气工程及其自动化(中外合作办学),2,,,41976
B077,长沙学院,,土木工程,2,,,162967
B077,长沙学院,,机械设计制造及其自动化,2,,,132112
B077,长沙学院,,智能制造工程,2,,,134458
B077,长沙学院,,软件工程,2,,,110825
B077,长沙学院,,网络空间安全,2,,,120108
B077,长沙学院,,电气工程及其自动化,2,,,120036
B077,长沙学院,,电子信息工程,2,,,120494
B077,长沙学院,,法学,2,,,87978
B077,长沙学院,,汉语言文学,2,,,96311
B077,长沙学院,,英语,2,,,129460
B077,长沙学院,,财务管理,2,,,115484
B077,长沙学院,,物业管理,2,,,168390
B077,长沙学院,,旅游管理,2,,,152849
B077,长沙学院,,应用化学,2,,,158765
B077,长沙学院,,生物制药,2,,,140370
B078,广州大学,,国际经济与贸易,3,,,46250
B078,广州大学,,统计学,3,,,34652
B078,广州大学,,法学,3,,,24327
B078,广州大学,,应用心理学,3,,,43550
B078,广州大学,,广播电视学,3,,,55392
B078,广州大学,,会计学,3,,,33677
B078,广州大学,,行政管理,4,,,55714
B078,广州大学,,化学工程与工艺,3,,,49251
B078,广州大学,,电子信息工程,2,,,30631
B078,广州大学,,物联网工程,3,,,33165
B078,广州大学,,土木类,3,,,51328
B078,广州大学,,集成电路设计与集成系统,2,,,29134
B079,成都大学,,工程造价,2,,,76110
B079,成都大学,,工商管理,2,,,73339
B079,成都大学,,旅游管理,2,,,82163
B079,成都大学,,会展经济与管理,2,,,89389
B079,成都大学,,化学,2,,,88843
B079,成都大学,,数据科学与大数据技术(中外合作办学),2,,,86788
B080,西安文理学院,,汉语言文学(师范类),2,,,107665
B080,西安文理学院,,英语(师范类),2,,,144426
B080,西安文理学院,,软件工程,2,,,111952
B080,西安文理学院,,光电信息科学与工程,2,,,126479
B080,西安文理学院,,化学(师范类),2,,,124899
B080,西安文理学院,,经济与金融,2,,,143236
B080,西安文理学院,,电子商务,2,,,132335
B080,西安文理学院,,市场营销,2,,,142636
B100,海南热带海洋学院,,国际事务与国际关系,2,,,148205
B100,海南热带海洋学院,,汉语言文学,3,,,154464
B100,海南热带海洋学院,,汉语国际教育,3,,,194618
B100,海南热带海洋学院,,秘书学,2,,,171066
B100,海南热带海洋学院,,俄语,2,,,219509
B100,海南热带海洋学院,,新闻学,3,,,186359
B100,海南热带海洋学院,,市场营销,2,,,199812
B100,海南热带海洋学院,,财务管理,2,,,165196
B100,海南热带海洋学院,,物流管理,2,,,168835
B100,海南热带海洋学院,,电子商务,2,,,183067
B100,海南热带海洋学院,,会展经济与管理,2,,,195028
B100,海南热带海洋学院,,海洋科学,2,,,183200
B100,海南热带海洋学院,,海洋技术,2,,,184792
B100,海南热带海洋学院,,生物技术,3,,,189013
B100,海南热带海洋学院,,通信工程,2,,,175194
B100,海南热带海洋学院,,电子信息科学与技术,2,,,186440
B100,海南热带海洋学院,,计算机科学与技术,3,,,157291
B100,海南热带海洋学院,,软件工程,2,,,160811
B100,海南热带海洋学院,,网络工程,2,,,176629
B100,海南热带海洋学院,,环境工程,2,,,198055
B100,海南热带海洋学院,,食品科学与工程,4,,,205587
B100,海南热带海洋学院,,食品质量与安全,2,,,206660
B100,海南热带海洋学院,,水产养殖学,3,,,187047
B100,海南热带海洋学院,,海洋渔业科学与技术,3,,,190122
B100,海南热带海洋学院,,海事管理,2,,,179338
B100,海南热带海洋学院,,市场营销(中外合作办学),5,,,230486
B100,海南热带海洋学院,,旅游管理(中外合作办学),11,,,220895
B104,华北科技学院,,应急技术与管理,8,,,135274
B104,华北科技学院,,防灾减灾科学与工程,8,,,143173
B104,华北科技学院,,采矿工程,21,,,187106
B104,华北科技学院,,矿物加工工程,6,,,187516
B104,华北科技学院,,消防工程,6,,,145286
B104,华北科技学院,,安全工程,4,,,129951
B104,华北科技学院,,安全生产监管,6,,,142940
B104,华北科技学院,,化工安全工程,12,,,176904
B104,华北科技学院,,环境工程,8,,,181755
B104,华北科技学院,,材料科学与工程,10,,,183225
B104,华北科技学院,,应用化学,14,,,181068
B104,华北科技学院,,应急装备技术与工程,5,,,144868
B104,华北科技学院,,机械设计制造及其自动化,4,,,140319
B104,华北科技学院,,电气工程及其自动化,3,,,116465
B104,华北科技学院,,自动化,4,,,122480
B104,华北科技学院,,通信工程,6,,,141113
B104,华北科技学院,,建筑电气与智能化,10,,,168479
B104,华北科技学院,,计算机科学与技术,3,,,109277
B104,华北科技学院,,网络工程,8,,,139196
B104,华北科技学院,,物联网工程,8,,,136115
B104,华北科技学院,,网络空间安全,8,,,137221
B104,华北科技学院,,会计学,6,,,114054
B104,华北科技学院,,国际经济与贸易,6,,,157594
B104,华北科技学院,,市场营销,6,,,180147
B104,华北科技学院,,公共事业管理,8,,,156904
B104,华北科技学院,,供应链管理,6,,,168903
B104,华北科技学院,,土木工程,6,,,171867
B104,华北科技学院,,汉语言文学,9,,,117891
B104,华北科技学院,,法学,2,,,95798
B104,华北科技学院,,英语,8,,,145068
B104,华北科技学院,,应用统计学,10,,,151559
B104,华北科技学院,,安全工程(中外合作办学)(职业安全与公共健康),10,,,199969
B105,中国人民警察大学,,消防工程,3,,,68576
B105,中国人民警察大学,,火灾勘查,2,,,70006
B105,中国人民警察大学,,消防指挥,2,,,77274
B105,中国人民警察大学,,抢险救援指挥与技术,2,,,92081
B105,中国人民警察大学,,核生化消防,3,,,101803
B105,中国人民警察大学,,海外安全管理,8,,,77353
B116,成都工业学院,,智能制造工程,2,,,124013
B116,成都工业学院,,环境科学与工程,2,,,162282
B116,成都工业学院,,计算机类,2,,,92836
B116,成都工业学院,,电子信息类,2,,,107742
B116,成都工业学院,,自动化,2,,,93434
B116,成都工业学院,,网络工程,2,,,122562
B116,成都工业学院,,金融科技,2,,,144222
B116,成都工业学院,,车辆工程,2,,,153635
B117,扬州大学,,英语(师范类),1,,,24943
B117,扬州大学,,日语,2,,,71796
B117,扬州大学,,高分子材料与工程,1,,,26828
B117,扬州大学,,工程管理,1,,,54909
B117,扬州大学,,电气工程及其自动化,1,,,23998
B117,扬州大学,,建筑环境与能源应用工程,3,,,47800
B117,扬州大学,,环境工程,1,,,41377
B117,扬州大学,,给排水科学与工程,2,,,45788
B117,扬州大学,,农学,3,,,40860
B117,扬州大学,,植物保护,2,,,44905
B117,扬州大学,,动物科学,1,,,42477
B117,扬州大学,,动物医学,3,,,32230
B117,扬州大学,,生物技术,1,,,30907
B117,扬州大学,,经济学,2,,,32641
B117,扬州大学,,工商管理,2,,,35806
B117,扬州大学,,汉语言文学(师范类),1,,,20634
B117,扬州大学,,法学,1,,,20520
B117,扬州大学,,土木工程,2,,,42621
B117,扬州大学,,烹饪与营养教育,2,,,55393
B122,三江学院,,英语,3,,,221410
B122,三江学院,,知识产权,2,,,219555
B122,三江学院,,财务管理,12,,,224956
B122,三江学院,,国际经济与贸易,3,,,233833
B122,三江学院,,投资学,2,,,228584
B122,三江学院,,计算机科学与技术,2,,,226190
B122,三江学院,,软件工程,15,,,235640
B122,三江学院,,智能车辆工程,3,,,236371
B122,三江学院,,电气工程及其自动化,3,,,227746
B122,三江学院,,机械设计制造及其自动化,3,,,240096
B122,三江学院,,土木工程,10,,,255405
B122,三江学院,,集成电路设计与集成系统,3,,,226267
B149,中华女子学院,,女性学,4,,,68625
B149,中华女子学院,,社会工作,4,,,94508
B149,中华女子学院,,社会学,3,,,82524
B149,中华女子学院,,法学,4,,,59939
B149,中华女子学院,,会计学,4,,,80124
B149,中华女子学院,,人力资源管理,4,,,102852
B149,中华女子学院,,养老服务管理,2,,,107457
B149,中华女子学院,,金融学,3,,,96880
B149,中华女子学院,,学前教育(师范类),2,,,94148
B149,中华女子学院,,应用心理学(师范类),3,,,89640
B149,中华女子学院,,家庭教育,2,,,99303
B149,中华女子学院,,数字媒体技术,4,,,98391
B149,中华女子学院,,汉语国际教育(师范类),3,,,85409
B149,中华女子学院,,网络与新媒体,2,,,89597
B230,齐齐哈尔医学院,,临床医学,11,,,96835
B230,齐齐哈尔医学院,,精神医学,2,,,106642
B230,齐齐哈尔医学院,,预防医学,4,,,134791
B230,齐齐哈尔医学院,,临床药学,1,,,134267
B230,齐齐哈尔医学院,,药学类,1,,,136407
B230,齐齐哈尔医学院,,医学检验技术,2,,,123007
B230,齐齐哈尔医学院,,医学影像技术,5,,,134588
B230,齐齐哈尔医学院,,康复治疗学,1,,,145695
B232,北京信息科技大学,,机械设计制造及其自动化,7,,,35464
B232,北京信息科技大学,,机器人工程(勤信实验班),2,,,29181
B232,北京信息科技大学,,智能感知工程(勤信实验班),2,,,32133
B232,北京信息科技大学,,自动化,2,,,28008
B232,北京信息科技大学,,电气工程及其自动化,2,,,25013
B232,北京信息科技大学,,人工智能(勤信实验班),2,,,25690
B232,北京信息科技大学,,物联网工程,2,,,29446
B232,北京信息科技大学,,电子信息类(勤信实验班),2,,,24584
B232,北京信息科技大学,,软件工程,2,,,25923
B232,北京信息科技大学,,数据科学与大数据技术,4,,,27488
B232,北京信息科技大学,,计算机类(勤信实验班),4,,,23542
B232,北京信息科技大学,,会计学(智能会计勤信实验班),2,,,29694
B232,北京信息科技大学,,国际经济与贸易(数字贸易),3,,,43313
B232,北京信息科技大学,,传播学,2,,,44466
B232,北京信息科技大学,,翻译,2,,,61572
B232,北京信息科技大学,,电子信息科学与技术,4,,,28391
B242,太原学院,,计算机科学与技术,5,,,169553
B242,太原学院,,网络工程,5,,,188090
B242,太原学院,,机械工程,6,,,200153
B242,太原学院,,汽车服务工程,4,,,210753
B242,太原学院,,新能源材料与器件,3,,,205348
B242,太原学院,,建筑环境与能源应用工程,4,,,213511
B242,太原学院,,土木工程,6,,,210595
B242,太原学院,,酒店管理,2,,,204444
B242,太原学院,,会展经济与管理,2,,,201495
B242,太原学院,,财务管理,3,,,173106
B258,大连大学,,金融学,2,,,66204
B258,大连大学,,国际经济与贸易,2,,,72630
B258,大连大学,,法学,3,,,40074
B258,大连大学,,小学教育(师范类),2,,,61842
B258,大连大学,,运动康复,4,,,100831
B258,大连大学,,汉语国际教育,3,,,64770
B258,大连大学,,日语,3,,,89582
B258,大连大学,,翻译,3,,,104494
B258,大连大学,,化学,6,,,88953
B258,大连大学,,生物技术,3,,,83485
B258,大连大学,,机械设计制造及其自动化,3,,,60374
B258,大连大学,,材料成型及控制工程,5,,,108971
B258,大连大学,,电子信息工程,3,,,54833
B258,大连大学,,自动化,3,,,55598
B258,大连大学,,软件工程,2,,,36157
B258,大连大学,,土木工程,4,,,97369
B258,大连大学,,建筑环境与能源应用工程,5,,,115190
B258,大连大学,,化学工程与工艺,3,,,69664
B258,大连大学,,制药工程,4,,,79366
B258,大连大学,,环境工程,4,,,105609
B258,大连大学,,建筑学,3,,,94998
B258,大连大学,,生物工程,4,,,76822
B258,大连大学,,临床医学,3,,,24176
B258,大连大学,,口腔医学,4,,,19734
B258,大连大学,,医学检验技术,5,,,63203
B258,大连大学,,护理学,5,,,82603
B258,大连大学,,工程管理,5,,,118532
B258,大连大学,,旅游管理,4,,,129687
B258,大连大学,,酒店管理,5,,,184041
B258,大连大学,,工商管理,2,,,78342
B258,大连大学,,会计学,3,,,65262
B258,大连大学,,数学与应用数学,3,,,65493
B258,大连大学,,数据科学与大数据技术,3,,,49529
B258,大连大学,,园艺,5,,,118063
B258,大连大学,,会计学(中外合作办学),4,,,96222
B261,吉林工商学院,,财政学,3,,,157356
B261,吉林工商学院,,税收学,2,,,152793
B261,吉林工商学院,,金融学,3,,,165589
B261,吉林工商学院,,国际经济与贸易,3,,,195580
B261,吉林工商学院,,英语,4,,,177951
B261,吉林工商学院,,日语,2,,,195738
B261,吉林工商学院,,机械设计制造及其自动化,3,,,179972
B261,吉林工商学院,,机械电子工程,2,,,203947
B261,吉林工商学院,,电子信息工程,3,,,185517
B261,吉林工商学院,,计算机科学与技术,6,,,172534
B261,吉林工商学院,,食品质量与安全,4,,,190827
B261,吉林工商学院,,粮食工程,2,,,188826
B261,吉林工商学院,,烹饪与营养教育,2,,,203283
B261,吉林工商学院,,市场营销,3,,,203232
B261,吉林工商学院,,会计学,4,,,145761
B261,吉林工商学院,,审计学,2,,,131108
B261,吉林工商学院,,电子商务,2,,,195161
B276,南京工程学院,,机械类,6,,,61154
B276,南京工程学院,,工业工程,3,,,70022
B276,南京工程学院,,材料类,5,,,98810
B276,南京工程学院,,材料成型及控制工程,2,,,87548
B276,南京工程学院,,能源动力类,5,,,62743
B276,南京工程学院,,核工程与核技术,3,,,60499
B276,南京工程学院,,建筑环境与能源应用工程,2,,,64724
B276,南京工程学院,,环境科学与工程类,3,,,100738
B276,南京工程学院,,交通设备与控制工程,2,,,66716
B276,南京工程学院,,机器人工程,2,,,55792
B276,南京工程学院,,计算机科学与技术,2,,,36752
B276,南京工程学院,,电气工程及其自动化(电力系统及其自动化),3,,,25395
B276,南京工程学院,,电气工程及其自动化(输配电工程),3,,,27292
B276,南京工程学院,,电气工程与智能控制,2,,,28380
B276,南京工程学院,,通信工程,2,,,45824
B276,南京工程学院,,建筑学,3,,,72054
B276,南京工程学院,,城市地下空间工程,2,,,96396
B276,南京工程学院,,会计学,3,,,54203
B276,南京工程学院,,财务管理,3,,,60817
B276,南京工程学院,,国际经济与贸易,3,,,90545
B276,南京工程学院,,社会工作,2,,,91091
B276,南京工程学院,,工程造价,2,,,67709
B276,南京工程学院,,电气工程及其自动化(中外合作办学),5,,,44980
B276,南京工程学院,,软件工程(中外合作办学),5,,,85644
B276,南京工程学院,,土木工程(中外合作办学),2,,,99282
B276,南京工程学院,,环境工程(中外合作办学),2,,,192089
B287,南京审计大学,,经济学,2,,,27876
B287,南京审计大学,,财政学,2,,,22647
B287,南京审计大学,,税收学,2,,,25600
B287,南京审计大学,,金融学,3,,,27484
B287,南京审计大学,,投资学,2,,,33601
B287,南京审计大学,,法学(法务会计),3,,,24233
B287,南京审计大学,,计算机科学与技术,2,,,23244
B287,南京审计大学,,工程审计,1,,,28918
B287,南京审计大学,,工商管理,3,,,34831
B287,南京审计大学,,金融审计,2,,,19345
B287,南京审计大学,,审计学,3,,,15682
B287,南京审计大学,,会计学,3,,,21993
B287,南京审计大学,,财务管理,2,,,25507
B287,南京审计大学,,金融工程(中外合作办学),2,,,43950
B287,南京审计大学,,信息管理与信息系统(中外合作办学),2,,,50601
B287,南京审计大学,,工程管理(中外合作办学),2,,,62853
B287,南京审计大学,,审计学(中外合作办学),4,,,35470
B305,蚌埠学院,,生物制药,5,,,190445
B306,池州学院,,数学与应用数学(师范类),3,,,193250
B306,池州学院,,计算机科学与技术,3,,,181846
B306,池州学院,,材料化学,3,,,202517
B306,池州学院,,高分子材料与工程,2,,,202733
B306,池州学院,,环境工程,3,,,207419
B306,池州学院,,市场营销,2,,,199187
B311,三明学院,,电子商务,2,,,195060
B311,三明学院,,数字经济,1,,,209659
B311,三明学院,,数字媒体技术,3,,,186496
B311,三明学院,,网络工程,2,,,193909
B311,三明学院,,物联网工程,2,,,190809
B311,三明学院,,机械设计制造及其自动化,6,,,200670
B311,三明学院,,土木工程,4,,,212902
B311,三明学院,,智能建造与智慧交通,1,,,191572
B311,三明学院,,汉语言文学(非师范类),2,,,153558
B311,三明学院,,传播学,2,,,189745
B311,三明学院,,商务英语,2,,,199810
B312,龙岩学院,,投资学,2,,,199588
B312,龙岩学院,,国际经济与贸易,4,,,202079
B312,龙岩学院,,计算机科学与技术,2,,,171769
B312,龙岩学院,,机械设计制造及其自动化,2,,,182274
B312,龙岩学院,,运动康复,2,,,192293
B313,福建商学院,,工商管理,1,,,171300
B313,福建商学院,,人力资源管理,1,,,156223
B313,福建商学院,,零售业管理,1,,,196744
B313,福建商学院,,供应链管理,1,,,182958
B313,福建商学院,,财务管理,1,,,141079
B313,福建商学院,,烹饪与营养教育,1,,,179584
B313,福建商学院,,会展经济与管理,2,,,192281
B313,福建商学院,,通信工程,2,,,158168
B313,福建商学院,,日语,1,,,206949
B318,江西科技师范大学,,日语,2,,,164409
B318,江西科技师范大学,,财务管理(大数据财管),2,,,117701
B318,江西科技师范大学,,国际经济与贸易,2,,,139773
B318,江西科技师范大学,,法学,3,,,77968
B318,江西科技师范大学,,计算机科学与技术,2,,,96382
B318,江西科技师范大学,,药物制剂,3,,,152244
B318,江西科技师范大学,,金属材料工程,3,,,173433
B318,江西科技师范大学,,数字经济,1,,,137535
B318,江西科技师范大学,,生物制药,1,,,149463
B318,江西科技师范大学,,汉语言文学(师范类),3,,,80142
B318,江西科技师范大学,,历史学(师范类),2,,,86160
B318,江西科技师范大学,,英语(师范类),2,,,101915
B318,江西科技师范大学,,会计学(国际会计),2,,,116800
B318,江西科技师范大学,,旅游管理(含职教师范),3,,,171964
B318,江西科技师范大学,,酒店管理(国际酒店),2,,,173355
B318,江西科技师范大学,,物流管理(含职教师范),3,,,157575
B318,江西科技师范大学,,教育技术学(师范类),2,,,122435
B318,江西科技师范大学,,学前教育(师范类),2,,,127768
B318,江西科技师范大学,,思想政治教育(师范类),2,,,89598
B318,江西科技师范大学,,数学与应用数学(师范类),2,,,112423
B318,江西科技师范大学,,化学(师范类),2,,,118727
B318,江西科技师范大学,,土木工程(含职教师范),2,,,164530
B318,江西科技师范大学,,食品科学与工程(含职教师范),2,,,156423
B318,江西科技师范大学,,机械设计制造及其自动化(含职教师范),2,,,139406
B319,南昌工程学院,,水利水电工程,5,,,143574
B319,南昌工程学院,,水文与水资源工程,2,,,154779
B319,南昌工程学院,,智慧水利,4,,,167264
B319,南昌工程学院,,土木工程,4,,,186411
B319,南昌工程学院,,工程造价,2,,,165381
B319,南昌工程学院,,智能建造,2,,,168220
B319,南昌工程学院,,机械设计制造及其自动化,2,,,138057
B319,南昌工程学院,,机器人工程,2,,,137300
B319,南昌工程学院,,工业工程,2,,,160796
B319,南昌工程学院,,电气工程及其自动化,2,,,109048
B319,南昌工程学院,,自动化,2,,,138320
B319,南昌工程学院,,计算机科学与技术,4,,,121769
B319,南昌工程学院,,数据科学与大数据技术,2,,,130874
B319,南昌工程学院,,应用统计学,2,,,151195
B319,南昌工程学院,,香料香精技术与工程,2,,,183212
B319,南昌工程学院,,市场营销,2,,,172940
B319,南昌工程学院,,物流管理,2,,,168267
B319,南昌工程学院,,应急管理,2,,,174725
B319,南昌工程学院,,国际经济与贸易,2,,,161441
B319,南昌工程学院,,审计学,2,,,129703
B319,南昌工程学院,,新闻传播学类,2,,,150210
B319,南昌工程学院,,英语,2,,,170976
B326,信阳农林学院,,网络工程,8,,,200279
B326,信阳农林学院,,制药工程,8,,,207270
B326,信阳农林学院,,食品科学与工程,8,,,214708
B326,信阳农林学院,,园艺,8,,,199483
B326,信阳农林学院,,水产养殖学,8,,,211904
B329,河南工学院,,工业工程,10,,,204610
B329,河南工学院,,财务管理,5,,,175100
B329,河南工学院,,材料成型及控制工程,10,,,211746
B329,河南工学院,,电缆工程,10,,,208733
B330,安阳工学院,,网络工程,2,,,186830
B330,安阳工学院,,飞行器制造工程,2,,,196654
B330,安阳工学院,,物流管理,2,,,208482
B330,安阳工学院,,食品科学与工程,2,,,189016
B330,安阳工学院,,电子商务,2,,,199366
B330,安阳工学院,,飞行器适航技术,2,,,202415
B330,安阳工学院,,商务英语(民航服务英语方向),2,,,196929
B330,安阳工学院,,动物医学,2,,,155315
B330,安阳工学院,,土木工程(中外合作办学),2,,,222758
B330,安阳工学院,,城乡规划(中外合作办学),2,,,227510
B330,安阳工学院,,信息管理与信息系统(中外合作办学),3,,,222249
B332,湖北警官学院,,法学,9,,,102006
B332,湖北警官学院,,计算机科学与技术,3,,,120911
B332,湖北警官学院,,信息安全,3,,,126555
B336,荆楚理工学院,,外国语言文学类,6,,,196673
B336,荆楚理工学院,,网络与新媒体,3,,,187064
B336,荆楚理工学院,,印刷工程,2,,,200813
B336,荆楚理工学院,,植物科学与技术,2,,,185308
B336,荆楚理工学院,,化学工程与工艺,2,,,190594
B336,荆楚理工学院,,工商管理类,3,,,182884
B336,荆楚理工学院,,应用物理学(师范类),2,,,196869
B342,湖南工程学院,,商务英语,4,,,210444
B342,湖南工程学院,,材料化学,2,,,188143
B342,湖南工程学院,,电子信息工程,2,,,143085
B342,湖南工程学院,,自动化,2,,,143598
B342,湖南工程学院,,纺织工程,4,,,200448
B342,湖南工程学院,,建筑学,4,,,179506
B342,湖南工程学院,,工商管理,2,,,178275
B342,湖南工程学院,,会计学,2,,,151007
B342,湖南工程学院,,机器人工程,2,,,145197
B342,湖南工程学院,,电气工程及其自动化(中外合作办学),2,,,185889
B342,湖南工程学院,,机械设计制造及其自动化(中外合作办学),2,,,215357
B342,湖南工程学院,,软件工程(中外合作办学),2,,,215250
B349,五邑大学,,汉语言文学,2,,,83640
B349,五邑大学,,通信工程,1,,,88777
B354,梧州学院,,机械设计制造及其自动化,4,,,201589
B354,梧州学院,,制药工程,3,,,199827
B354,梧州学院,,汉语言文学,2,,,158636
B354,梧州学院,,汉语国际教育,2,,,189971
B360,攀枝花学院,,生物工程,3,,,189242
B360,攀枝花学院,,土木工程,3,,,212476
B390,玉溪师范学院,,思想政治教育(师范类),2,,,152926
B390,玉溪师范学院,,汉语言文学(师范类),2,,,137944
B390,玉溪师范学院,,泰语,2,,,221092
B390,玉溪师范学院,,小学教育(师范类),2,,,168580
B390,玉溪师范学院,,经济与金融,2,,,202117
B390,玉溪师范学院,,化学(师范类),2,,,176811
B390,玉溪师范学院,,数学与应用数学(师范类),2,,,188871
B390,玉溪师范学院,,物理学(师范类),2,,,194043
B391,楚雄师范学院,,思想政治教育(师范类),2,,,175653
B391,楚雄师范学院,,学前教育(师范类),3,,,206963
B391,楚雄师范学院,,化学(师范类),2,,,222601
B391,楚雄师范学院,,地理科学(师范类),3,,,178701
B391,楚雄师范学院,,生物技术,3,,,203758
B391,楚雄师范学院,,电气工程及其自动化,3,,,203604
B391,楚雄师范学院,,电子信息科学与技术,2,,,219605
B391,楚雄师范学院,,会计学,2,,,179314
B392,云南警官学院,,法学,3,,,118259
B392,云南警官学院,,网络空间安全,2,,,140639
B393,昆明学院,,国际经济与贸易,2,,,186870
B393,昆明学院,,工商管理,2,,,164495
B393,昆明学院,,学前教育(师范类),2,,,180221
B393,昆明学院,,特殊教育(师范类),2,,,175106
B393,昆明学院,,英语(师范类),2,,,162122
B393,昆明学院,,泰语,2,,,205162
B393,昆明学院,,软件工程,2,,,142262
B393,昆明学院,,智能制造工程,2,,,163083
B393,昆明学院,,土木工程,2,,,178708
B393,昆明学院,,建筑学,2,,,176714
B393,昆明学院,,动物医学,2,,,162075
B393,昆明学院,,植物保护,2,,,173951
B393,昆明学院,,临床医学,2,,,94833
B393,昆明学院,,药学,2,,,172143
B393,昆明学院,,烹饪与营养教育,2,,,200185
B393,昆明学院,,数学与应用数学(师范类),2,,,157801
B393,昆明学院,,物理学(师范类),2,,,181078
B395,榆林学院,,数学与应用数学(师范类),3,,,190632
B395,榆林学院,,物理学(师范类),2,,,191521
B395,榆林学院,,化学(师范类),3,,,182372
B395,榆林学院,,过程装备与控制工程,2,,,205660
B395,榆林学院,,土木工程,3,,,210883
B395,榆林学院,,给排水科学与工程,3,,,212986
B395,榆林学院,,化学工程与工艺,3,,,205124
B395,榆林学院,,安全工程,3,,,210851
B395,榆林学院,,动物科学,2,,,199640
B395,榆林学院,,英语(师范类),2,,,175302
B395,榆林学院,,新能源科学与工程,2,,,192148
B395,榆林学院,,建筑环境与能源应用工程,3,,,212504
B395,榆林学院,,设施农业科学与工程,3,,,206374
B395,榆林学院,,动物科学,2,,,216587
B395,榆林学院,,新闻学,2,,,210952
B395,榆林学院,,机械设计制造及其自动化(中外合作办学),3,,,226428
B396,商洛学院,,思想政治教育(师范类),2,,,152734
B396,商洛学院,,应用心理学(师范类),2,,,173082
B396,商洛学院,,网络与新媒体,2,,,182509
B396,商洛学院,,化学(师范类),2,,,182631
B396,商洛学院,,应用化学,2,,,206714
B396,商洛学院,,土木工程,2,,,213534
B396,商洛学院,,城乡规划,2,,,199305
B396,商洛学院,,会计学,2,,,183135
B396,商洛学院,,电气工程及其自动化(中外合作办学),2,,,221001
B397,安康学院,,思想政治教育(师范类),2,,,155005
B397,安康学院,,学前教育(师范类),2,,,185175
B397,安康学院,,小学教育(师范类),2,,,168284
B397,安康学院,,秘书学,2,,,182598
B397,安康学院,,网络与新媒体,2,,,191648
B397,安康学院,,应用化学,2,,,208432
B397,安康学院,,生物技术,2,,,201536
B397,安康学院,,统计学,2,,,186012
B397,安康学院,,物联网工程,2,,,188306
B397,安康学院,,环境生态工程,2,,,194049
B397,安康学院,,农学,2,,,193998
B397,安康学院,,园林,2,,,197771
B397,安康学院,,工程造价,2,,,210638
B397,安康学院,,会计学,2,,,169040
B397,安康学院,,财务管理,2,,,175823
B400,西安培华学院,,新闻学,2,,,214857
B400,西安培华学院,,网络与新媒体,2,,,218878
B400,西安培华学院,,金融工程,5,,,229104
B400,西安培华学院,,市场营销,2,,,235389
B400,西安培华学院,,会计学,2,,,215294
B400,西安培华学院,,财务管理,1,,,210306
B400,西安培华学院,,人力资源管理,2,,,222057
B400,西安培华学院,,建筑学,3,,,240151
B400,西安培华学院,,法学,5,,,192475
B400,西安培华学院,,汉语言文学,2,,,191297
B400,西安培华学院,,汉语国际教育,4,,,226569
B400,西安培华学院,,英语,3,,,227413
B400,西安培华学院,,日语,2,,,224311
B400,西安培华学院,,医学检验技术,1,,,202025
B400,西安培华学院,,护理学,1,,,189201
B400,西安培华学院,,康复治疗学,1,,,214831
B400,西安培华学院,,口腔医学技术,1,,,212268
B406,甘肃政法大学,,金融学,1,,,92740
B406,甘肃政法大学,,国际经济与贸易,1,,,123448
B406,甘肃政法大学,,知识产权,3,,,68321
B406,甘肃政法大学,,政治学与行政学,2,,,68199
B406,甘肃政法大学,,思想政治教育,2,,,75820
B406,甘肃政法大学,,汉语言文学,2,,,71555
B406,甘肃政法大学,,新闻学,2,,,86536
B406,甘肃政法大学,,人工智能,3,,,109666
B406,甘肃政法大学,,计算机科学与技术,3,,,100319
B406,甘肃政法大学,,信息安全,3,,,97614
B406,甘肃政法大学,,网络空间安全,3,,,108286
B406,甘肃政法大学,,工商管理,2,,,116235
B406,甘肃政法大学,,市场营销,1,,,159190
B406,甘肃政法大学,,会计学,2,,,106123
B406,甘肃政法大学,,财务管理,1,,,107593
B406,甘肃政法大学,,人力资源管理,2,,,121797
B406,甘肃政法大学,,行政管理,2,,,105070
B406,甘肃政法大学,,法学,30,,,65006
B406,甘肃政法大学,,英语(法律英语方向),2,,,90265
B406,甘肃政法大学,,法学(卓越法治基地实验班政府法治方向),3,,,46554
B406,甘肃政法大学,,法学(卓越法治基地实验班生态环境法治方向),3,,,53636
B406,甘肃政法大学,,经济统计学,2,,,122874
B406,甘肃政法大学,,刑事科学技术,1,,,66927
B406,甘肃政法大学,,法学(卓越法治基地实验班智慧法治方向),3,,,51211
B406,甘肃政法大学,,数据科学与大数据技术,1,,,102202
B406,甘肃政法大学,,法学(涉外法治方向),3,,,54006
B406,甘肃政法大学,,网络与新媒体,2,,,92540
B407,北方民族大学,,材料类,5,,,170046
B407,北方民族大学,,电子信息类,2,,,130160
B407,北方民族大学,,医学影像技术,1,,,130481
B407,北方民族大学,,机械类,2,,,152087
B407,北方民族大学,,旅游管理,2,,,179587
B407,北方民族大学,,公共管理类,2,,,145325
B407,北方民族大学,,化工与制药类,2,,,150540
B407,北方民族大学,,制药工程(与合肥工业大学联合培养),2,,,149014
B407,北方民族大学,,计算机类,2,,,123929
B407,北方民族大学,,工商管理类(人力资源工商方向),1,,,117658
B407,北方民族大学,,工商管理类(财务会计方向),1,,,107482
B407,北方民族大学,,法学,2,,,94207
B407,北方民族大学,,生物科学类,1,,,122401
B407,北方民族大学,,食品科学与工程,1,,,138061
B407,北方民族大学,,食品科学与工程(与合肥工业大学联合培养),1,,,137580
B407,北方民族大学,,土木类,1,,,170339
B407,北方民族大学,,水利水电工程,1,,,138470
B407,北方民族大学,,英语,1,,,144303
B407,北方民族大学,,日语,1,,,146393
B407,北方民族大学,,阿拉伯语,1,,,143395
B407,北方民族大学,,汉语言文学,1,,,87796
B407,北方民族大学,,新闻传播学类,1,,,117542
B407,北方民族大学,,民族学,1,,,127840
B407,北方民族大学,,历史学,1,,,91226
B407,北方民族大学,,数学类,1,,,118013
B407,北方民族大学,,统计学类,1,,,125133
B407,北方民族大学,,数据科学与大数据技术,1,,,118413
B407,北方民族大学,,金融数学,1,,,138420
B407,北方民族大学,,经济学类,2,,,127538
B407,北方民族大学,,电子商务,1,,,145331
B407,北方民族大学,,物流管理,1,,,142626
B407,北方民族大学,,电气工程及其自动化,2,,,130334
B407,北方民族大学,,自动化,2,,,136249
B407,北方民族大学,,软件工程(中外合作办学),4,,,182138
B413,中国矿业大学(北京),,采矿工程,2,,,30063
B413,中国矿业大学(北京),,工业工程,2,,,22566
B413,中国矿业大学(北京),,新能源科学与工程,3,,,18697
B413,中国矿业大学(北京),,智能采矿工程,4,,,29219
B413,中国矿业大学(北京),,安全科学与工程类,9,,,27441
B413,中国矿业大学(北京),,地球物理学,4,,,29524
B413,中国矿业大学(北京),,矿物加工工程,5,,,31767
B413,中国矿业大学(北京),,环境工程,8,,,33103
B413,中国矿业大学(北京),,化学工程与工艺,7,,,28709
B413,中国矿业大学(北京),,碳储科学与工程,2,,,20754
B413,中国矿业大学(北京),,计算机科学与技术,8,,,13008
B413,中国矿业大学(北京),,电气工程及其自动化,8,,,13857
B413,中国矿业大学(北京),,人工智能,4,,,15530
B413,中国矿业大学(北京),,机械类,8,,,20844
B413,中国矿业大学(北京),,智能制造工程,2,,,18065
B413,中国矿业大学(北京),,工商管理类,12,,,26027
B413,中国矿业大学(北京),,工程力学,5,,,24339
B413,中国矿业大学(北京),,建筑学,2,,,25588
B413,中国矿业大学(北京),,城市地下空间工程,3,,,27001
B413,中国矿业大学(北京),,智能建造,2,,,24407
B413,中国矿业大学(北京),,数学类,8,,,19254
B413,中国矿业大学(北京),,英语,5,,,27994
B413,中国矿业大学(北京),,行政管理,5,,,25537
B413,中国矿业大学(北京),,地质类,9,,,31812
B413,中国矿业大学(北京),,测绘类,6,,,26439
B413,中国矿业大学(北京),,土木工程,10,,,31050
B414,中国石油大学(北京),,安全工程,4,,,23143
B414,中国石油大学(北京),,储能科学与工程,2,,,18707
B414,中国石油大学(北京),,地球物理学类,9,,,24870
B414,中国石油大学(北京),,地质类,9,,,29298
B414,中国石油大学(北京),,电子信息工程,4,,,14130
B414,中国石油大学(北京),,工商管理类,6,,,19249
B414,中国石油大学(北京),,海洋油气工程,5,,,22884
B414,中国石油大学(北京),,化工与制药类,11,,,22497
B414,中国石油大学(北京),,环境科学与工程类,3,,,23724
B414,中国石油大学(北京),,机械类,6,,,21044
B414,中国石油大学(北京),,计算机科学与技术,5,,,13275
B414,中国石油大学(北京),,经济学类,4,,,18944
B414,中国石油大学(北京),,能源与动力工程,4,,,19456
B414,中国石油大学(北京),,人工智能,2,,,14663
B414,中国石油大学(北京),,石油工程,10,,,23831
B414,中国石油大学(北京),,数学类,4,,,16080
B414,中国石油大学(北京),,碳储科学与工程,2,,,20313
B414,中国石油大学(北京),,新能源科学与工程,3,,,17440
B414,中国石油大学(北京),,信息管理与信息系统,4,,,18134
B414,中国石油大学(北京),,应用化学,4,,,20340
B414,中国石油大学(北京),,自动化,4,,,14647
B414,中国石油大学(北京),,过程装备与控制工程,5,,,23935
B414,中国石油大学(北京),,思想政治教育,4,,,20102
B414,中国石油大学(北京),,英语,4,,,24801
B414,中国石油大学(北京),,材料科学与工程,5,,,24227
B414,中国石油大学(北京),,油气储运工程,5,,,21267
B415,中国地质大学(北京),,地质学(理科基地班),2,,,22342
B415,中国地质大学(北京),,地质工程(工科基地班),2,,,24744
B415,中国地质大学(北京),,地质学类(地质地矿类),10,,,29635
B415,中国地质大学(北京),,地质工程,2,,,29662
B415,中国地质大学(北京),,土木工程,3,,,28869
B415,中国地质大学(北京),,机械设计制造及其自动化,2,,,17522
B415,中国地质大学(北京),,安全工程,2,,,22135
B415,中国地质大学(北京),,城市地下空间工程,2,,,29310
B415,中国地质大学(北京),,材料类,6,,,25099
B415,中国地质大学(北京),,计算机科学与技术,3,,,12294
B415,中国地质大学(北京),,电气工程及其自动化,2,,,15144
B415,中国地质大学(北京),,电子信息工程,3,,,15095
B415,中国地质大学(北京),,地理信息科学,3,,,21931
B415,中国地质大学(北京),,软件工程,3,,,12820
B415,中国地质大学(北京),,数据科学与大数据技术,2,,,13815
B415,中国地质大学(北京),,人工智能,2,,,15486
B415,中国地质大学(北京),,水文与水资源工程,2,,,25881
B415,中国地质大学(北京),,环境工程,1,,,21513
B415,中国地质大学(北京),,地下水科学与工程,2,,,31519
B415,中国地质大学(北京),,环境生态工程,2,,,30687
B415,中国地质大学(北京),,地质类(能源类),8,,,30383
B415,中国地质大学(北京),,工商管理类,4,,,22868
B415,中国地质大学(北京),,信息管理与信息系统,2,,,21428
B415,中国地质大学(北京),,经济学,2,,,22124
B415,中国地质大学(北京),,法学,1,,,14527
B415,中国地质大学(北京),,英语,1,,,22301
B415,中国地质大学(北京),,翻译,2,,,27679
B415,中国地质大学(北京),,宝石及材料工艺学,2,,,28969
B415,中国地质大学(北京),,地球物理学,4,,,25703
B415,中国地质大学(北京),,勘查技术与工程,2,,,29259
B415,中国地质大学(北京),,智能地球探测,1,,,19155
B415,中国地质大学(北京),,海洋科学,3,,,28984
B415,中国地质大学(北京),,海洋资源与环境,2,,,27189
B415,中国地质大学(北京),,土地资源管理,1,,,20362
B415,中国地质大学(北京),,测绘工程,2,,,24624
B415,中国地质大学(北京),,土地整治工程,2,,,27608
B415,中国地质大学(北京),,遥感科学与技术,1,,,19343
B415,中国地质大学(北京),,自然资源登记与管理,2,,,24294
B415,中国地质大学(北京),,数学与应用数学,2,,,15075
B417,北京联合大学,,法学,5,,,40854
B417,北京联合大学,,新闻学,6,,,60771
B417,北京联合大学,,网络与新媒体,3,,,45762
B417,北京联合大学,,考古学,4,,,74492
B417,北京联合大学,,金融学(实验班),2,,,65104
B417,北京联合大学,,会计学,8,,,52518
B417,北京联合大学,,生物工程,2,,,62497
B417,北京联合大学,,制药工程,2,,,60820
B417,北京联合大学,,人力资源管理,2,,,65482
B417,北京联合大学,,工程管理,2,,,117075
B417,北京联合大学,,食品科学与工程,2,,,68181
B417,北京联合大学,,酒店管理,2,,,95408
B417,北京联合大学,,会展经济与管理,2,,,82344
B417,北京联合大学,,烹饪与营养教育,3,,,118817
B417,北京联合大学,,英语,4,,,57579
B417,北京联合大学,,西班牙语,3,,,89969
B417,北京联合大学,,计算机科学与技术,6,,,41089
B417,北京联合大学,,数据科学与大数据技术,3,,,47154
B417,北京联合大学,,电气工程及其自动化,4,,,44961
B417,北京联合大学,,工商管理,4,,,81483
B417,北京联合大学,,财务管理,6,,,49431
B417,北京联合大学,,软件工程(实验班),8,,,47998
B417,北京联合大学,,自动化,3,,,50470
B417,北京联合大学,,电子信息工程,3,,,45352
B417,北京联合大学,,人工智能,2,,,49305
B418,北京城市学院,,文物与博物馆学,1,,,182399
B418,北京城市学院,,小学教育,2,,,208126
B418,北京城市学院,,学前教育,2,,,219529
B418,北京城市学院,,传播学,1,,,204588
B418,北京城市学院,,外国语言文学类,2,,,229178
B418,北京城市学院,,金融学(国际课程班),1,,,190104
B418,北京城市学院,,康复治疗学,1,,,195892
B418,北京城市学院,,机械类,1,,,182803
B418,北京城市学院,,计算机科学与技术,1,,,109751
B418,北京城市学院,,建筑学,1,,,226990
B418,北京城市学院,,建筑学(中国传统建筑文化与技艺),1,,,184403
B418,北京城市学院,,城乡规划,1,,,216198
B418,北京城市学院,,土木工程(智能设计与建造),1,,,224215
B418,北京城市学院,,工程造价,1,,,188210
B418,北京城市学院,,国际经济与贸易,1,,,179840
B418,北京城市学院,,跨境电子商务,1,,,195930
B418,北京城市学院,,工商管理类,4,,,159310
B418,北京城市学院,,会展经济与管理,1,,,206118
B418,北京城市学院,,软件工程(校企合作，具体培养模式详询学校),1,,,148863
B418,北京城市学院,,数据科学与大数据技术(校企合作，具体培养模式详询学校),2,,,163454
B418,北京城市学院,,人工智能(校企合作，具体培养模式详询学校),1,,,179146
B420,河北金融学院,,金融学,5,,,125548
B420,河北金融学院,,会计学,5,,,103217
B420,河北金融学院,,保险学,5,,,164045
B420,河北金融学院,,税收学,5,,,120742
B420,河北金融学院,,经济学,5,,,135810
B420,河北金融学院,,供应链管理,5,,,202044
B420,河北金融学院,,智能科学与技术,5,,,172777
B420,河北金融学院,,英语,5,,,160401
B420,河北金融学院,,商务英语,5,,,238584
B420,河北金融学院,,人工智能,5,,,140504
B420,河北金融学院,,数据科学与大数据技术,5,,,129321
B420,河北金融学院,,财务管理(中外合作办学),5,,,161962
B427,集宁师范学院,,汉语言文学(师范类),5,,,164491
B427,集宁师范学院,,英语(师范类),5,,,192160
B427,集宁师范学院,,数学与应用数学(师范类),5,,,203069
B430,辽宁科技学院,,自动化,2,,,137069
B430,辽宁科技学院,,工程造价,2,,,181881
B430,辽宁科技学院,,冶金工程,2,,,188433
B430,辽宁科技学院,,制药工程,2,,,165482
B430,辽宁科技学院,,计算机科学与技术,2,,,124338
B437,长春工程学院,,电气工程及其自动化,2,,,68377
B437,长春工程学院,,智能电网信息工程,2,,,102457
B437,长春工程学院,,自动化,3,,,162457
B437,长春工程学院,,道路桥梁与渡河工程,3,,,198671
B437,长春工程学院,,土木工程,2,,,181168
B437,长春工程学院,,测绘工程,3,,,186395
B437,长春工程学院,,资源勘查工程,2,,,188723
B437,长春工程学院,,机械设计制造及其自动化,3,,,151398
B437,长春工程学院,,机器人工程,2,,,160030
B437,长春工程学院,,智能车辆工程,2,,,183299
B437,长春工程学院,,应急技术与管理,3,,,191858
B437,长春工程学院,,水利水电工程,2,,,160386
B437,长春工程学院,,农业水利工程,2,,,191440
B437,长春工程学院,,建筑环境与能源应用工程,2,,,169427
B437,长春工程学院,,能源与动力工程,3,,,155494
B437,长春工程学院,,新能源科学与工程,2,,,149633
B437,长春工程学院,,工程管理,2,,,199962
B437,长春工程学院,,工程造价,2,,,185207
B437,长春工程学院,,建筑学,2,,,167484
B437,长春工程学院,,应用化学,2,,,182343
B437,长春工程学院,,计算机科学与技术,4,,,146788
B437,长春工程学院,,软件工程,2,,,124109
B437,长春工程学院,,数据科学与大数据技术,2,,,152604
B437,长春工程学院,,本科预科班（招收边防军人子女）,7,,,297041
B437,长春工程学院,,功能材料,3,,,218667
B437,长春工程学院,,智能运输工程,2,,,183830
B437,长春工程学院,,机械设计制造及其自动化(中外合作办学),18,,,227011
B437,长春工程学院,,能源与动力工程(中外合作办学),7,,,218038
B437,长春工程学院,,电气工程及其自动化(中外合作办学),10,,,193418
B437,长春工程学院,,土木工程(中外合作办学),15,,,232930
B439,吉林农业科技学院,,机械设计制造及其自动化,2,,,197766
B439,吉林农业科技学院,,智能制造工程,2,,,204403
B439,吉林农业科技学院,,电子信息科学与技术,2,,,202487
B439,吉林农业科技学院,,数据科学与大数据技术,2,,,199008
B439,吉林农业科技学院,,土木工程,2,,,211423
B439,吉林农业科技学院,,食品科学与工程类,3,,,190922
B439,吉林农业科技学院,,生物制药,2,,,182261
B439,吉林农业科技学院,,植物保护,2,,,191734
B439,吉林农业科技学院,,动物医学,2,,,149428
B439,吉林农业科技学院,,中药学类,4,,,172946
B439,吉林农业科技学院,,工商管理类,3,,,192653
B439,吉林农业科技学院,,机械设计制造及其自动化(中外合作办学),6,,,222955
B439,吉林农业科技学院,,动物医学(中外合作办学),8,,,209976
B441,吉林警察学院,,法学,20,,,117859
B441,吉林警察学院,,财务管理,20,,,173641
B441,吉林警察学院,,计算机科学与技术,20,,,171485
B445,黑龙江工业学院,,商务英语,1,,,192932
B445,黑龙江工业学院,,智能制造工程,2,,,208639
B445,黑龙江工业学院,,电气工程及其自动化,5,,,195568
B445,黑龙江工业学院,,数据科学与大数据技术,3,,,201286
B445,黑龙江工业学院,,俄语,3,,,209439
B445,黑龙江工业学院,,土木工程,10,,,216523
B445,黑龙江工业学院,,测绘工程,4,,,212649
B445,黑龙江工业学院,,商务经济学,3,,,202539
B445,黑龙江工业学院,,市场营销,3,,,208949
B445,黑龙江工业学院,,财务管理,2,,,180464
B445,黑龙江工业学院,,中国共产党历史,1,,,174681
B445,黑龙江工业学院,,学前教育(师范类),1,,,180697
B445,黑龙江工业学院,,秘书学,2,,,187536
B445,黑龙江工业学院,,网络与新媒体,2,,,176523
B445,黑龙江工业学院,,机械设计制造及其自动化,4,,,204066
B445,黑龙江工业学院,,材料科学与工程,2,,,206712
B445,黑龙江工业学院,,采矿工程,2,,,215961
B445,黑龙江工业学院,,矿物加工工程,2,,,212169
B445,黑龙江工业学院,,国际经贸规则,2,,,204578
B445,黑龙江工业学院,,工程造价,1,,,210151
B446,黑龙江东方学院,,生物工程,5,,,234925
B446,黑龙江东方学院,,土木工程,5,,,255408
B446,黑龙江东方学院,,机械设计制造及其自动化,10,,,261201
B446,黑龙江东方学院,,机械电子工程,10,,,262660
B446,黑龙江东方学院,,新闻学,5,,,242996
B446,黑龙江东方学院,,朝鲜语,5,,,259264
B458,上海电机学院,,电气类,2,,,73197
B458,上海电机学院,,机械类(汽车类),2,,,80685
B458,上海电机学院,,计算机类,3,,,67315
B458,上海电机学院,,电子信息工程,2,,,77594
B458,上海电机学院,,智能制造工程,2,,,81229
B458,上海电机学院,,材料成型及控制工程,2,,,104543
B458,上海电机学院,,电子封装技术,2,,,85982
B458,上海电机学院,,德语,2,,,169912
B458,上海电机学院,,英语,3,,,105021
B458,上海电机学院,,经济学类,3,,,85886
B458,上海电机学院,,国际经济与贸易(中外合作办学)(中美合作),3,,,123691
B458,上海电机学院,,电气工程及其自动化(中外合作办学)(中德合作),2,,,100556
B458,上海电机学院,,机械电子工程(中外合作办学)(中德合作),2,,,112723
B458,上海电机学院,,物流管理(中外合作办学)(中德合作),4,,,148310
B460,南京晓庄学院,,日语,2,,,122935
B460,南京晓庄学院,,国际经济与贸易,2,,,109712
B460,南京晓庄学院,,物流管理,2,,,152325
B460,南京晓庄学院,,应用化学,2,,,134590
B460,南京晓庄学院,,食品科学与工程,2,,,120144
B460,南京晓庄学院,,化学(师范类),2,,,92677
B460,南京晓庄学院,,数学与应用数学(师范类),2,,,76419
B460,南京晓庄学院,,英语(师范类),2,,,75109
B463,江苏理工学院,,机械电子工程,3,,,103015
B463,江苏理工学院,,化学工程与工艺,2,,,122653
B463,江苏理工学院,,功能材料,2,,,155689
B463,江苏理工学院,,环境科学,2,,,139326
B463,江苏理工学院,,交通运输,2,,,115469
B463,江苏理工学院,,会计学,4,,,104888
B463,江苏理工学院,,英语(师范类),2,,,102442
B463,江苏理工学院,,德语,3,,,157524
B463,江苏理工学院,,机械设计制造及其自动化(中外合作办学),3,,,204285
B463,江苏理工学院,,环境工程(中外合作办学),3,,,217338
B482,浙江财经大学,,财政学类,4,,,30952
B482,浙江财经大学,,公共管理类,4,,,50023
B482,浙江财经大学,,管理科学与工程类,4,,,56814
B482,浙江财经大学,,工商管理类(财会类),6,,,29949
B482,浙江财经大学,,金融学类,3,,,26479
B482,浙江财经大学,,工商管理类,5,,,45091
B482,浙江财经大学,,计算机类,11,,,31725
B482,浙江财经大学,,电子商务类,2,,,48009
B482,浙江财经大学,,经济与贸易类,10,,,42428
B482,浙江财经大学,,外国语言文学类,4,,,60029
B482,浙江财经大学,,统计学类,7,,,32470
B482,浙江财经大学,,计算机类(大数据),3,,,29970
B482,浙江财经大学,,新闻传播学类,4,,,41218
B482,浙江财经大学,,法学,4,,,25972
B482,浙江财经大学,,社会工作,1,,,64096
B482,浙江财经大学,,汉语言文学,5,,,36486
B482,浙江财经大学,,会计学(中外合作办学),2,,,38559
B482,浙江财经大学,,金融学(中外合作办学),2,,,36717
B482,浙江财经大学,,市场营销(中外合作办学),7,,,87865
B488,衢州学院,,化学工程与工艺,6,,,184778
B488,衢州学院,,机械设计制造及其自动化,4,,,170772
B488,衢州学院,,材料成型及控制工程,5,,,191529
B488,衢州学院,,数学与应用数学(师范类),10,,,185783
B488,衢州学院,,商务英语,5,,,188160
B498,莆田学院,,机器人工程,2,,,181931
B498,莆田学院,,软件工程,4,,,171315
B498,莆田学院,,物联网工程,2,,,182232
B498,莆田学院,,数据科学与大数据技术,2,,,183959
B498,莆田学院,,智能科学与技术,2,,,187965
B498,莆田学院,,临床医学,12,,,106755
B498,莆田学院,,公共事业管理(中外合作办学)(以培养医疗健康产业管理人才为主),2,,,216403
B508,新余学院,,新能源材料与器件,2,,,191052
B508,新余学院,,新能源科学与工程,2,,,177963
B508,新余学院,,材料科学与工程,2,,,197210
B508,新余学院,,机械设计制造及其自动化,2,,,188177
B508,新余学院,,材料成型及控制工程,1,,,200438
B508,新余学院,,电气工程及其自动化,1,,,128663
B508,新余学院,,机器人工程,1,,,186895
B508,新余学院,,计算机科学与技术(智能科学方向),2,,,180142
B508,新余学院,,数据科学与大数据技术,4,,,195405
B508,新余学院,,信息与计算科学,2,,,195067
B508,新余学院,,数学与应用数学(师范类),2,,,188696
B508,新余学院,,软件工程,3,,,140635
B508,新余学院,,土木工程,1,,,197937
B508,新余学院,,工程造价,2,,,200156
B508,新余学院,,智能建造,2,,,201110
B508,新余学院,,电子信息工程,2,,,174595
B508,新余学院,,通信工程,1,,,183407
B508,新余学院,,汉语言文学(师范类),1,,,134802
B508,新余学院,,网络与新媒体,1,,,141344
B508,新余学院,,英语(师范类),1,,,156562
B508,新余学院,,商务英语,2,,,214129
B508,新余学院,,市场营销,1,,,200478
B508,新余学院,,财务管理,2,,,172411
B508,新余学院,,电子商务,1,,,190318
B508,新余学院,,护理学,1,,,164461
B508,新余学院,,康复治疗学,1,,,152786
B508,新余学院,,健康服务与管理,2,,,202168
B508,新余学院,,学前教育(师范类),2,,,187904
B510,山东交通学院,,机械类(车辆),83,,,171589
B510,山东交通学院,,交通运输,49,,,149871
B510,山东交通学院,,能源与动力工程,35,,,156488
B510,山东交通学院,,城市地下空间工程,36,,,187012
B510,山东交通学院,,材料科学与工程,50,,,177792
B510,山东交通学院,,测绘工程,42,,,182078
B510,山东交通学院,,港口航道与海岸工程,55,,,181592
B510,山东交通学院,,工程管理,63,,,185567
B510,山东交通学院,,土木工程,115,,,184848
B510,山东交通学院,,遥感科学与技术,44,,,170817
B510,山东交通学院,,材料成型及控制工程,35,,,177255
B510,山东交通学院,,机械工程,40,,,159268
B510,山东交通学院,,机械设计制造及其自动化,76,,,153822
B510,山东交通学院,,智能制造工程,42,,,163420
B510,山东交通学院,,安全工程,56,,,183331
B510,山东交通学院,,交通工程,54,,,155239
B510,山东交通学院,,物流工程,96,,,180297
B510,山东交通学院,,智慧交通,64,,,164643
B510,山东交通学院,,电气工程及其自动化,41,,,129690
B510,山东交通学院,,电子信息工程,79,,,144125
B510,山东交通学院,,机器人工程,40,,,161171
B510,山东交通学院,,计算机科学与技术,40,,,129110
B510,山东交通学院,,数据科学与大数据技术,38,,,139441
B510,山东交通学院,,测控技术与仪器,35,,,174735
B510,山东交通学院,,飞行器制造工程,55,,,176917
B510,山东交通学院,,轨道交通电气与控制,44,,,159414
B510,山东交通学院,,轨道交通信号与控制,46,,,152628
B510,山东交通学院,,交通运输(轨道交通运营与管理方向),43,,,156073
B510,山东交通学院,,自动化,40,,,145195
B510,山东交通学院,,财务管理,60,,,136572
B510,山东交通学院,,数字经济,80,,,172912
B510,山东交通学院,,人力资源管理,56,,,161688
B510,山东交通学院,,审计学,39,,,130638
B510,山东交通学院,,市场营销,28,,,178456
B510,山东交通学院,,金融学,134,,,178909
B510,山东交通学院,,俄语,21,,,183116
B510,山东交通学院,,英语,66,,,168503
B510,山东交通学院,,法学,86,,,115992
B510,山东交通学院,,船舶与海洋工程,40,,,183873
B510,山东交通学院,,海洋机器人,20,,,180845
B510,山东交通学院,,智慧海洋技术,22,,,186386
B510,山东交通学院,,机械电子工程,38,,,164958
B510,山东交通学院,,金融工程,50,,,177873
B510,山东交通学院,,交通管理,42,,,157048
B510,山东交通学院,,电气工程及其自动化(中外合作办学),90,,,215842
B510,山东交通学院,,计算机科学与技术(中外合作办学)(双证),78,,,217487
B510,山东交通学院,,交通运输(中外合作办学)(双证),51,,,217148
B510,山东交通学院,,土木工程(中外合作办学)(双证),81,,,232103
B510,山东交通学院,,应用物理学(校企合作，与北京学佳澳公司合作),160,,,215550
B510,山东交通学院,,俄语(校企合作，与山东网商科技集团有限公司合作),35,,,210320
B510,山东交通学院,,日语(校企合作，与山东网商科技集团有限公司合作),35,,,206284
B510,山东交通学院,,船舶电子电气工程(校企合作，与山东东弘国际船员有限公司合作),40,,,207021
B510,山东交通学院,,航海技术(校企合作，与山东东弘国际船员有限公司合作),40,,,210020
B510,山东交通学院,,轮机工程(校企合作，与山东东弘国际船员有限公司合作),40,,,211314
B510,山东交通学院,,电子商务(校企合作，与山东网商科技集团有限公司合作),80,,,201602
B517,河南工程学院,,国际经济与贸易,4,,,180569
B517,河南工程学院,,翻译,2,,,184537
B517,河南工程学院,,车辆工程,2,,,170468
B517,河南工程学院,,电气工程及其自动化,2,,,138676
B517,河南工程学院,,通信工程,2,,,152031
B517,河南工程学院,,建筑环境与能源应用工程,3,,,205707
B517,河南工程学院,,纺织工程,10,,,213709
B517,河南工程学院,,服装设计与工程,2,,,203410
B517,河南工程学院,,非织造材料与工程,7,,,211467
B517,河南工程学院,,印刷工程(图像新媒体印刷方向),4,,,210958
B517,河南工程学院,,会计学,4,,,148358
B517,河南工程学院,,物流管理,2,,,180777
B517,河南工程学院,,知识产权,2,,,150287
B527,湖南城市学院,,建筑学,2,,,179991
B527,湖南城市学院,,风景园林,2,,,175310
B527,湖南城市学院,,给排水科学与工程,3,,,204897
B527,湖南城市学院,,建筑环境与能源应用工程,2,,,208158
B527,湖南城市学院,,测绘工程,2,,,198180
B527,湖南城市学院,,土木工程,2,,,195769
B527,湖南城市学院,,水利水电工程,2,,,195601
B527,湖南城市学院,,智能建造,2,,,191319
B527,湖南城市学院,,网络与新媒体,2,,,135943
B527,湖南城市学院,,电子信息工程,2,,,166427
B527,湖南城市学院,,计算机科学与技术,2,,,148642
B527,湖南城市学院,,人工智能,2,,,172641
B527,湖南城市学院,,环境工程,2,,,184713
B527,湖南城市学院,,信息与计算科学,3,,,188022
B527,湖南城市学院,,机械电子工程,3,,,186274
B527,湖南城市学院,,思想政治教育(师范类),2,,,150397
B528,湖南工学院,,智能车辆工程,2,,,170551
B528,湖南工学院,,机械设计制造及其自动化,3,,,153320
B528,湖南工学院,,自动化,2,,,150798
B528,湖南工学院,,新能源材料与器件,2,,,174621
B528,湖南工学院,,无机非金属材料工程,2,,,183482
B528,湖南工学院,,物流工程,2,,,172571
B528,湖南工学院,,电气工程及其自动化,2,,,144549
B528,湖南工学院,,化学工程与工艺,2,,,177652
B528,湖南工学院,,计算机科学与技术,2,,,134373
B528,湖南工学院,,网络工程,2,,,143326
B528,湖南工学院,,信息与计算科学,2,,,148866
B528,湖南工学院,,工业设计,2,,,174780
B528,湖南工学院,,工程管理,2,,,179402
B532,湖南财政经济学院,,会计学,10,,,104518
B532,湖南财政经济学院,,财务管理,4,,,110134
B532,湖南财政经济学院,,审计学,2,,,93717
B532,湖南财政经济学院,,财政学类,6,,,109960
B532,湖南财政经济学院,,计算机类,8,,,101646
B535,湖南工业大学,,包装设计,6,,,180687
B535,湖南工业大学,,数字媒体艺术,6,,,113972
B535,湖南工业大学,,包装工程,5,,,221342
B535,湖南工业大学,,印刷工程,2,,,141107
B535,湖南工业大学,,新能源材料与器件,2,,,90237
B535,湖南工业大学,,法学,4,,,58336
B535,湖南工业大学,,建筑学,2,,,85558
B535,湖南工业大学,,城乡规划,2,,,99552
B535,湖南工业大学,,国际经济与贸易,2,,,95263
B535,湖南工业大学,,财务管理,2,,,73134
B535,湖南工业大学,,会计学,2,,,65383
B535,湖南工业大学,,应用物理学,3,,,95803
B535,湖南工业大学,,信息管理与信息系统,2,,,92792
B535,湖南工业大学,,电子商务,4,,,120093
B535,湖南工业大学,,生物技术,3,,,97074
B535,湖南工业大学,,化学工程与工艺,2,,,118071
B535,湖南工业大学,,工程造价,2,,,120005
B535,湖南工业大学,,英语,2,,,89648
B535,湖南工业大学,,翻译,2,,,103154
B535,湖南工业大学,,新闻学,3,,,102942
B535,湖南工业大学,,广告学,3,,,96105
B535,湖南工业大学,,仪器类,2,,,120254
B535,湖南工业大学,,自动化类,2,,,65261
B535,湖南工业大学,,计算机类,6,,,58998
B535,湖南工业大学,,土木类,6,,,142680
B535,湖南工业大学,,电子信息类,6,,,69807
B535,湖南工业大学,,机械类,3,,,76501
B535,湖南工业大学,,工商管理类,2,,,92319
B535,湖南工业大学,,材料类,6,,,129503
B535,湖南工业大学,,英语(师范类),2,,,76162
B535,湖南工业大学,,应用化学(师范类),4,,,104759
B538,湖南女子学院,,家政学,4,,,206608
B538,湖南女子学院,,汉语言文学(师范类),3,,,132008
B538,湖南女子学院,,数据科学与大数据技术,1,,,153473
B538,湖南女子学院,,市场营销,2,,,204276
B538,湖南女子学院,,财务管理,2,,,156704
B538,湖南女子学院,,电子商务,2,,,187296
B540,广东金融学院,,金融学,1,,,54129
B540,广东金融学院,,会计学,1,,,67023
B540,广东金融学院,,计算机科学与技术,1,,,57653
B540,广东金融学院,,电子商务,1,,,86678
B540,广东金融学院,,金融数学,1,,,57275
B546,广西科技师范学院,,小学教育(师范类),2,,,175352
B546,广西科技师范学院,,汉语言文学(师范类),4,,,161424
B546,广西科技师范学院,,秘书学,2,,,192203
B546,广西科技师范学院,,汽车服务工程(师范类，职教师资),2,,,223312
B546,广西科技师范学院,,电气工程及其自动化,2,,,198170
B546,广西科技师范学院,,电子信息工程,2,,,205033
B546,广西科技师范学院,,软件工程,4,,,200255
B546,广西科技师范学院,,物联网工程,2,,,201192
B546,广西科技师范学院,,数据科学与大数据技术,2,,,203368
B546,广西科技师范学院,,食品科学与工程,2,,,204469
B546,广西科技师范学院,,食品质量与安全,2,,,208903
B548,广西财经学院,,国际经济与贸易,4,,,187284
B548,广西财经学院,,商务经济学,4,,,194715
B548,广西财经学院,,金融学,4,,,179801
B548,广西财经学院,,会计学,5,,,157415
B549,南宁学院,,智能制造工程,2,,,258989
B549,南宁学院,,电气工程及其自动化,2,,,252644
B549,南宁学院,,汽车服务工程,2,,,274915
B549,南宁学院,,物流工程,2,,,248336
B549,南宁学院,,工程造价,2,,,261003
B549,南宁学院,,土木工程,2,,,266077
B549,南宁学院,,食品营养与健康,2,,,247871
B549,南宁学院,,计算机科学与技术,2,,,241321
B549,南宁学院,,通信工程,2,,,243797
B549,南宁学院,,智能科学与技术,2,,,253547
B549,南宁学院,,软件工程,3,,,253351
B549,南宁学院,,金融科技,3,,,248442
B549,南宁学院,,财务管理,2,,,231696
B549,南宁学院,,会计学,5,,,230777
B551,重庆科技学院,,国际经济与贸易,2,,,132200
B551,重庆科技学院,,汉语言文学,3,,,110380
B551,重庆科技学院,,化学类,5,,,163030
B551,重庆科技学院,,机械类,5,,,136149
B551,重庆科技学院,,材料类,5,,,174823
B551,重庆科技学院,,冶金工程,5,,,180861
B551,重庆科技学院,,自动化,3,,,115556
B551,重庆科技学院,,计算机类,5,,,104423
B551,重庆科技学院,,化工与制药类,5,,,156760
B551,重庆科技学院,,石油工程,5,,,135040
B551,重庆科技学院,,海洋油气工程,5,,,147897
B551,重庆科技学院,,消防工程,5,,,153468
B551,重庆科技学院,,管理科学与工程类,5,,,163913
B551,重庆科技学院,,工商管理类,5,,,124238
B551,重庆科技学院,,物流管理(中外合作办学),5,,,217299
B552,四川旅游学院,,烹饪与营养教育,8,,,212242
B552,四川旅游学院,,旅游管理,6,,,199134
B552,四川旅游学院,,酒店管理,4,,,204782
B552,四川旅游学院,,会计学,10,,,178000
B552,四川旅游学院,,建筑电气与智能化(中外合作办学),2,,,218598
B556,文山学院,,冶金工程,5,,,213700
B556,文山学院,,安全工程,5,,,218781
B560,西安财经大学,,经济学,4,,,58299
B560,西安财经大学,,金融学,2,,,41611
B560,西安财经大学,,保险学,2,,,68021
B560,西安财经大学,,国际经济与贸易,2,,,68713
B560,西安财经大学,,工程管理,4,,,88007
B560,西安财经大学,,物流管理,2,,,87205
B560,西安财经大学,,市场营销,2,,,83486
B560,西安财经大学,,会计学,2,,,48079
B560,西安财经大学,,人力资源管理,2,,,66255
B560,西安财经大学,,审计学,4,,,50746
B560,西安财经大学,,经济统计学,2,,,62782
B560,西安财经大学,,应用统计学,4,,,61675
B560,西安财经大学,,软件工程,4,,,60482
B560,西安财经大学,,法学,4,,,49252
B560,西安财经大学,,商务英语,4,,,85877
B560,西安财经大学,,金融学(中外合作办学),6,,,89587
B561,甘肃民族师范学院,,汉语言文学(师范类),2,,,156127
B561,甘肃民族师范学院,,数学与应用数学(师范类),2,,,193779
B561,甘肃民族师范学院,,地理科学(师范类),2,,,187964
B561,甘肃民族师范学院,,化学(师范类),2,,,188045
B561,甘肃民族师范学院,,生物科学(师范类),2,,,186064
B561,甘肃民族师范学院,,物理学(师范类),2,,,203809
B561,甘肃民族师范学院,,电气工程及其自动化,2,,,205944
B561,甘肃民族师范学院,,英语(师范类),2,,,185774
B561,甘肃民族师范学院,,网络工程,2,,,191733
B562,兰州文理学院,,数学与应用数学(师范类),4,,,198115
B562,兰州文理学院,,财务管理,3,,,183579
B562,兰州文理学院,,应用化学,2,,,210956
B562,兰州文理学院,,汉语言文学(师范类),2,,,126469
B562,兰州文理学院,,数字媒体技术,4,,,202730
B562,兰州文理学院,,旅游管理,3,,,213592
B562,兰州文理学院,,新闻学,4,,,211075
B562,兰州文理学院,,广播电视学,1,,,152462
B562,兰州文理学院,,电子信息工程,4,,,202949
B562,兰州文理学院,,广播电视工程,3,,,217380
B600,湖北经济学院,,金融工程,2,,,100266
B600,湖北经济学院,,法学,2,,,78649
B600,湖北经济学院,,资源与环境经济学(低碳经济与管理),2,,,102406
B600,湖北经济学院,,金融学,3,,,79753
B600,湖北经济学院,,财政学,2,,,75962
B607,北部湾大学,,船舶与海洋工程,2,,,149694
B607,北部湾大学,,机械工程,2,,,154811
B607,北部湾大学,,车辆工程,2,,,155309
B607,北部湾大学,,自动化,2,,,132153
B607,北部湾大学,,海洋科学,3,,,153209
B607,北部湾大学,,水产养殖学,2,,,172556
B607,北部湾大学,,生物制药,2,,,162873
B607,北部湾大学,,金融工程,3,,,158898
B607,北部湾大学,,能源化学工程,2,,,152501
B607,北部湾大学,,油气储运工程,2,,,169981
B607,北部湾大学,,化学工程与工艺,2,,,172937
B607,北部湾大学,,港口航道与海岸工程,2,,,172199
B607,北部湾大学,,地理科学(师范类),1,,,108176
B607,北部湾大学,,地理信息科学,2,,,138841
B607,北部湾大学,,电子信息工程,2,,,131114
B607,北部湾大学,,数学与应用数学(师范类),5,,,160609
B607,北部湾大学,,机械工程(中外合作办学),4,,,237335
B607,北部湾大学,,车辆工程(中外合作办学),4,,,238075
B607,北部湾大学,,机械设计制造及其自动化(中外合作办学),4,,,236854
B607,北部湾大学,,物联网工程(中外合作办学),5,,,227990
B607,北部湾大学,,工程造价(中外合作办学),4,,,235671
B607,北部湾大学,,电子信息工程(中外合作办学),8,,,220761
B629,北华航天工业学院,,经济学,2,,,146485
B629,北华航天工业学院,,国际经济与贸易,2,,,162037
B629,北华航天工业学院,,社会工作,2,,,165785
B629,北华航天工业学院,,英语,2,,,153121
B629,北华航天工业学院,,机械设计制造及其自动化,2,,,55686
B629,北华航天工业学院,,材料成型及控制工程,2,,,155930
B629,北华航天工业学院,,机械电子工程,2,,,139139
B629,北华航天工业学院,,工业设计,2,,,161529
B629,北华航天工业学院,,电子信息工程,3,,,120163
B629,北华航天工业学院,,微电子科学与工程,3,,,132256
B629,北华航天工业学院,,自动化,2,,,121213
B629,北华航天工业学院,,计算机科学与技术,2,,,100723
B629,北华航天工业学院,,土木工程,2,,,168700
B629,北华航天工业学院,,建筑环境与能源应用工程,2,,,169423
B629,北华航天工业学院,,飞行器制造工程,3,,,108059
B629,北华航天工业学院,,会计学,2,,,107432
B629,北华航天工业学院,,财务管理,2,,,135782
B629,北华航天工业学院,,人力资源管理,3,,,166844
B629,北华航天工业学院,,物流管理,2,,,171297
B629,北华航天工业学院,,电子商务,3,,,181756
B629,北华航天工业学院,,机械设计制造及其自动化(中外合作办学),5,,,200948
B629,北华航天工业学院,,通信工程(中外合作办学),5,,,197857
B632,沈阳工程学院,,电气工程及其自动化,4,,,41004
B632,沈阳工程学院,,能源与动力工程,2,,,85264
B632,沈阳工程学院,,核工程与核技术,2,,,89358
B632,沈阳工程学院,,自动化,2,,,85688
B641,江苏海洋大学,,海洋科学,6,,,82998
B641,江苏海洋大学,,水产养殖学,4,,,96886
B641,江苏海洋大学,,药物制剂,6,,,88535
B641,江苏海洋大学,,制药工程,5,,,80881
B641,江苏海洋大学,,英语,5,,,94283
B646,宁波大学,,经济学类,1,,,27069
B646,宁波大学,,工商管理类,1,,,25362
B646,宁波大学,,信息管理与信息系统,2,,,27982
B646,宁波大学,,法学类,2,,,17231
B646,宁波大学,,英语,3,,,28455
B646,宁波大学,,日语,3,,,44473
B646,宁波大学,,微电子科学与工程,2,,,21321
B646,宁波大学,,物理学,2,,,24502
B646,宁波大学,,数学类,3,,,26102
B646,宁波大学,,材料科学与工程,3,,,30960
B646,宁波大学,,化学,5,,,34184
B646,宁波大学,,化学工程与工艺,4,,,34753
B646,宁波大学,,机械设计制造及其自动化(国际贸易班),3,,,27322
B646,宁波大学,,电子信息类,4,,,21363
B646,宁波大学,,计算机科学与技术,2,,,18899
B646,宁波大学,,土木工程,5,,,37214
B646,宁波大学,,物流管理,2,,,38560
B646,宁波大学,,生物科学类,7,,,38654
B646,宁波大学,,食品科学与工程,3,,,31886
B646,宁波大学,,临床医学,2,,,14763
B646,宁波大学,,水产养殖学(拔尖人才创新班),2,,,43140
B646,宁波大学,,机械类,5,,,26754
B646,宁波大学,,环境工程,2,,,36708
B646,宁波大学,,人文地理与城乡规划(中外合作办学)(中法合作),6,,,54057
B646,宁波大学,,旅游管理(中外合作办学)(中法合作),8,,,78903
B647,浙江传媒学院,,广播电视学,4,,,46150
B647,浙江传媒学院,,新闻学,3,,,45130
B647,浙江传媒学院,,编辑出版学,2,,,57996
B647,浙江传媒学院,,传播学,2,,,40634
B647,浙江传媒学院,,汉语言文学(网络文学与创意写作),2,,,48469
B647,浙江传媒学院,,汉语言文学,5,,,53818
B647,浙江传媒学院,,文化产业管理,4,,,85382
B647,浙江传媒学院,,网络与新媒体,4,,,48647
B647,浙江传媒学院,,广告学,2,,,51838
B647,浙江传媒学院,,会展经济与管理,1,,,75737
B647,浙江传媒学院,,公共关系学,1,,,87204
B647,浙江传媒学院,,数字媒体技术,7,,,40641
B647,浙江传媒学院,,广播电视工程,6,,,85476
B647,浙江传媒学院,,软件工程(传媒大数据),3,,,50486
B647,浙江传媒学院,,电子科学与技术(演艺工程与舞台技术),3,,,83065
B647,浙江传媒学院,,网络工程,4,,,58350
B647,浙江传媒学院,,人工智能,5,,,64753
B647,浙江传媒学院,,电影制作,3,,,134571
B647,浙江传媒学院,,英语,1,,,50832
B647,浙江传媒学院,,传播学(中外合作办学),6,,,81828
B652,河南财政金融学院,,财政学,2,,,137839
B652,河南财政金融学院,,税收学,2,,,145838
B652,河南财政金融学院,,投资学,2,,,182747
B652,河南财政金融学院,,金融学,2,,,139305
B652,河南财政金融学院,,会计学,2,,,121704
B652,河南财政金融学院,,审计学,2,,,135809
B652,河南财政金融学院,,国际经济与贸易,2,,,173713
B652,河南财政金融学院,,电子商务,2,,,179619
B652,河南财政金融学院,,人力资源管理,2,,,180778
B652,河南财政金融学院,,会展经济与管理,2,,,196625
B652,河南财政金融学院,,工程造价,2,,,189285
B652,河南财政金融学院,,信用风险管理与法律防控,4,,,150986
B652,河南财政金融学院,,计算机科学与技术,2,,,153222
B652,河南财政金融学院,,智能科学与技术,2,,,181575
B652,河南财政金融学院,,汉语言文学,8,,,144177
B652,河南财政金融学院,,商务英语,6,,,204543
B652,河南财政金融学院,,数学与应用数学,2,,,169323
B652,河南财政金融学院,,学前教育(师范类),4,,,184080
B653,南阳理工学院,,机械设计制造及其自动化,3,,,172258
B653,南阳理工学院,,自动化,4,,,167165
B653,南阳理工学院,,电子信息工程,4,,,157080
B653,南阳理工学院,,通信工程,5,,,174323
B653,南阳理工学院,,光电信息科学与工程,4,,,186010
B653,南阳理工学院,,计算机科学与技术,2,,,134378
B653,南阳理工学院,,数据科学与大数据技术,2,,,157797
B653,南阳理工学院,,网络空间安全,4,,,167097
B653,南阳理工学院,,数字媒体技术,6,,,159073
B653,南阳理工学院,,城乡规划,2,,,186641
B653,南阳理工学院,,历史建筑保护工程,3,,,175536
B653,南阳理工学院,,土木工程(房屋建筑方向),8,,,210154
B653,南阳理工学院,,土木工程(地下工程方向),5,,,214623
B653,南阳理工学院,,道路桥梁与渡河工程,5,,,207222
B653,南阳理工学院,,工程管理,4,,,200490
B653,南阳理工学院,,应用化学,5,,,187207
B653,南阳理工学院,,生物工程,4,,,186111
B653,南阳理工学院,,食品科学与工程,5,,,186936
B653,南阳理工学院,,中药学,2,,,157969
B653,南阳理工学院,,护理学,2,,,157560
B653,南阳理工学院,,数学与应用数学(经济数学方向),4,,,192694
B653,南阳理工学院,,新能源材料与器件,4,,,193226
B653,南阳理工学院,,工商管理,3,,,184659
B653,南阳理工学院,,财务管理,3,,,160095
B653,南阳理工学院,,财务管理(智能财务方向),4,,,170783
B653,南阳理工学院,,小学教育(师范类),6,,,162910
B653,南阳理工学院,,网络与新媒体,2,,,163144
B653,南阳理工学院,,英语,2,,,164297
B653,南阳理工学院,,商务英语,3,,,179030
B653,南阳理工学院,,软件工程(移动设备应用开发方向),5,,,179231
B653,南阳理工学院,,电气工程及其自动化(中外合作办学),2,,,202879
B653,南阳理工学院,,应用化学(中外合作办学),2,,,214923
B654,武汉商学院,,电子商务,2,,,115382
B656,广东石油化工学院,,化学工程与工艺(卓越班),2,,,173868
B656,广东石油化工学院,,能源化学工程,2,,,177283
B656,广东石油化工学院,,精细化工,2,,,197874
B656,广东石油化工学院,,计算机科学与技术,2,,,154852
B656,广东石油化工学院,,石油工程,3,,,164675
B656,广东石油化工学院,,海洋油气工程,2,,,193730
B656,广东石油化工学院,,资源勘查工程,2,,,190362
B656,广东石油化工学院,,环境工程,2,,,189988
B656,广东石油化工学院,,数学与应用数学(师范类),2,,,186002
B656,广东石油化工学院,,新能源科学与工程,2,,,166316
B656,广东石油化工学院,,生物技术,2,,,180400
B658,海南师范大学,,教育学类(师范类),3,,,91325
B658,海南师范大学,,汉语言文学(师范类),8,,,68550
B658,海南师范大学,,数学与应用数学(师范类),3,,,66957
B658,海南师范大学,,数据科学与大数据技术,2,,,71934
B658,海南师范大学,,英语(师范类),5,,,78745
B658,海南师范大学,,翻译,3,,,117796
B658,海南师范大学,,历史学(师范类),2,,,72638
B658,海南师范大学,,地理科学类,3,,,75695
B658,海南师范大学,,物理学(师范类),2,,,84696
B658,海南师范大学,,电子信息科学与技术,4,,,101083
B658,海南师范大学,,光电信息科学与工程,2,,,105001
B658,海南师范大学,,化学(师范类),4,,,86100
B658,海南师范大学,,制药工程,3,,,121593
B658,海南师范大学,,应用化学,2,,,103387
B658,海南师范大学,,生物科学(师范类),2,,,94560
B658,海南师范大学,,生物技术,2,,,83842
B658,海南师范大学,,法学,3,,,60004
B658,海南师范大学,,经济学类,3,,,97901
B658,海南师范大学,,电子商务,2,,,97951
B658,海南师范大学,,网络空间安全,2,,,86294
B658,海南师范大学,,旅游管理类,2,,,101100
B658,海南师范大学,,汉语国际教育(师范类),2,,,78685
B658,海南师范大学,,应用心理学(师范类),2,,,81114
B658,海南师范大学,,学前教育(中外合作办学)(师范类),5,,,175649
B658,海南师范大学,,软件工程(NIIT班),8,,,133445
B660,重庆理工大学,,车辆工程,3,,,55479
B660,重庆理工大学,,能源与动力工程,3,,,50191
B660,重庆理工大学,,测控技术与仪器,2,,,59635
B660,重庆理工大学,,机械电子工程,3,,,55049
B660,重庆理工大学,,材料科学与工程,4,,,67614
B660,重庆理工大学,,材料成型及控制工程,3,,,67838
B660,重庆理工大学,,计算机科学与技术,4,,,37957
B660,重庆理工大学,,物联网工程,3,,,40996
B660,重庆理工大学,,电气工程及其自动化,5,,,42801
B660,重庆理工大学,,自动化,2,,,43404
B660,重庆理工大学,,电子信息工程,3,,,41058
B660,重庆理工大学,,通信工程,3,,,42282
B660,重庆理工大学,,药学,3,,,58275
B660,重庆理工大学,,金融数学,3,,,70388
B660,重庆理工大学,,会计学,4,,,51812
B660,重庆理工大学,,财务管理,3,,,57502
B660,重庆理工大学,,金融学,3,,,61047
B660,重庆理工大学,,国际经济与贸易,2,,,74130
B660,重庆理工大学,,工商管理,3,,,65065
B660,重庆理工大学,,市场营销,3,,,137039
B660,重庆理工大学,,土地资源管理,2,,,83433
B660,重庆理工大学,,行政管理,2,,,83432
B660,重庆理工大学,,商务英语,3,,,77289
B660,重庆理工大学,,知识产权,2,,,49995
B660,重庆理工大学,,智能车辆工程,5,,,59237
B660,重庆理工大学,,软件工程,3,,,37796
B660,重庆理工大学,,智能科学与技术,3,,,46242
B660,重庆理工大学,,人工智能,2,,,40829
B660,重庆理工大学,,化工与制药类,4,,,71785
B660,重庆理工大学,,智能制造工程,3,,,56274
B660,重庆理工大学,,光电信息材料与器件,3,,,60976
B660,重庆理工大学,,储能科学与工程,3,,,57005
B664,西安邮电大学,,本科预科班（招收边防军人子女）,6,,,107979
B664,西安邮电大学,,信息对抗技术,3,,,32432
B664,西安邮电大学,,会计学,4,,,37974
B664,西安邮电大学,,财务管理,4,,,44210
B664,西安邮电大学,,信息与计算科学,2,,,31134
B664,西安邮电大学,,英语,4,,,62573
B664,西安邮电大学,,通信工程,7,,,27466
B664,西安邮电大学,,物联网工程,6,,,29924
B664,西安邮电大学,,微电子科学与工程,2,,,29109
B664,西安邮电大学,,光电信息科学与工程,3,,,30881
B664,西安邮电大学,,集成电路设计与集成系统,3,,,26658
B664,西安邮电大学,,电磁场与无线技术,4,,,35132
B664,西安邮电大学,,计算机科学与技术,3,,,22409
B664,西安邮电大学,,软件工程,3,,,25309
B664,西安邮电大学,,网络工程,3,,,28758
B664,西安邮电大学,,测控技术与仪器,3,,,39272
B664,西安邮电大学,,电气工程及其自动化,2,,,28607
B664,西安邮电大学,,自动化,4,,,30645
B664,西安邮电大学,,智能科学与技术,3,,,30742
B664,西安邮电大学,,信息安全,5,,,26588
B664,西安邮电大学,,电子信息工程(中外合作办学),5,,,52889
B688,山东工商学院,,人工智能,42,,,156794
B688,山东工商学院,,国际经济与贸易,94,,,179588
B688,山东工商学院,,财政学,31,,,132964
B688,山东工商学院,,金融学,44,,,154054
B688,山东工商学院,,金融工程,15,,,163556
B688,山东工商学院,,投资学,34,,,179896
B688,山东工商学院,,法学,79,,,109463
B688,山东工商学院,,会计学,51,,,111975
B688,山东工商学院,,财务管理,33,,,117941
B688,山东工商学院,,审计学,71,,,125287
B688,山东工商学院,,社会工作,35,,,172990
B688,山东工商学院,,政治学与行政学,31,,,142200
B688,山东工商学院,,汉语言文学,83,,,124790
B688,山东工商学院,,数学与应用数学,35,,,159156
B688,山东工商学院,,应用统计学,36,,,149939
B688,山东工商学院,,自动化,34,,,154012
B688,山东工商学院,,经济统计学,29,,,153385
B688,山东工商学院,,保险学,31,,,183040
B688,山东工商学院,,电气工程及其自动化,31,,,136216
B688,山东工商学院,,电子信息工程,35,,,149194
B688,山东工商学院,,通信工程,24,,,149172
B688,山东工商学院,,软件工程,28,,,132392
B688,山东工商学院,,计算机科学与技术,51,,,127163
B688,山东工商学院,,数字媒体技术,41,,,148996
B688,山东工商学院,,网络工程,32,,,141499
B688,山东工商学院,,工业工程,21,,,178800
B688,山东工商学院,,信息管理与信息系统,42,,,169745
B688,山东工商学院,,安全工程,27,,,179326
B688,山东工商学院,,工程管理,37,,,185961
B688,山东工商学院,,应急技术与管理,34,,,188579
B688,山东工商学院,,工程造价,40,,,174219
B688,山东工商学院,,工商管理,72,,,161036
B688,山东工商学院,,市场营销,36,,,184566
B688,山东工商学院,,人力资源管理,78,,,171198
B688,山东工商学院,,物流管理,38,,,176728
B688,山东工商学院,,资产评估,31,,,163280
B688,山东工商学院,,电子商务,86,,,172075
B688,山东工商学院,,金融科技,45,,,179638
B688,山东工商学院,,旅游管理,34,,,190468
B688,山东工商学院,,信用风险管理与法律防控,1,,,119943
B688,山东工商学院,,集成电路设计与集成系统,37,,,165987
B688,山东工商学院,,公共管理类,249,,,191409
B688,山东工商学院,,经济学类,154,,,175096
B688,山东工商学院,,外国语言文学类,119,,,202055
B688,山东工商学院,,新闻传播学类,73,,,166119
B688,山东工商学院,,金融学(中外合作办学),72,,,221125
B688,山东工商学院,,国际经济与贸易(中外合作办学),63,,,224897
B688,山东工商学院,,会计学(中外合作办学),139,,,209263
B688,山东工商学院,,财务管理(中外合作办学),56,,,206524
B688,山东工商学院,,市场营销(中外合作办学),36,,,229796
B688,山东工商学院,,电子科学与技术(校企合作，与青软创新科技集团股份有限公司合作),80,,,200839
B688,山东工商学院,,软件工程(校企合作，与山东浪潮优派科技教育有限公司合作),70,,,181421
B688,山东工商学院,,数字媒体技术(校企合作，与山东捷瑞数字科技股份有限公司合作),60,,,197214
B688,山东工商学院,,信息与计算科学(校企合作，与山东全通网融科技有限公司合作),80,,,207500
B688,山东工商学院,,英语(校企合作，与山东智博教育科技有限公司合作),70,,,194200
B688,山东工商学院,,数据科学与大数据技术(校企合作，与青岛英谷教育科技股份有限公司合,80,,,192865
B688,山东工商学院,,统计学(校企合作，与青岛英谷教育科技股份有限公司合作),70,,,191612
B688,山东工商学院,,信息管理与信息系统(校企合作，与山东双元智能科技有限公司合作),70,,,209951
B688,山东工商学院,,自动化(校企合作，与青岛英谷教育科技股份有限公司合作),60,,,202630
B688,山东工商学院,,自动化(校企合作，与青岛英谷教育科技股份有限公司合作),60,,,203599
B709,呼和浩特民族学院,,小学教育(师范类),1,,,173230
B709,呼和浩特民族学院,,思想政治教育(师范类),1,,,149469
B709,呼和浩特民族学院,,数学与应用数学(师范类),1,,,193923
B709,呼和浩特民族学院,,英语(师范类),1,,,160474
B709,呼和浩特民族学院,,汉语言文学(师范类),2,,,148783
B726,长春大学,,汉语言文学,2,,,86012
B726,长春大学,,汉语国际教育,2,,,117211
B726,长春大学,,英语,2,,,104878
B726,长春大学,,俄语,2,,,152961
B726,长春大学,,日语,2,,,159683
B726,长春大学,,西班牙语,2,,,150774
B726,长春大学,,网络与新媒体,2,,,112002
B726,长春大学,,数学与应用数学,2,,,109806
B726,长春大学,,信息与计算科学,2,,,122015
B726,长春大学,,工业工程,1,,,136504
B726,长春大学,,财务管理,2,,,104145
B726,长春大学,,工商管理,2,,,129001
B726,长春大学,,会计学,2,,,101064
B726,长春大学,,旅游管理,2,,,154051
B726,长春大学,,园林,2,,,150562
B726,长春大学,,风景园林,2,,,146546
B726,长春大学,,特殊教育(师范类),2,,,102750
B726,长春大学,,机械工程,2,,,115667
B726,长春大学,,车辆工程,1,,,100535
B726,长春大学,,经济学,2,,,104087
B726,长春大学,,金融学,2,,,123263
B726,长春大学,,国际经济与贸易,1,,,133641
B726,长春大学,,计算机科学与技术,2,,,82899
B726,长春大学,,网络工程,2,,,114241
B726,长春大学,,电气工程及其自动化,2,,,94893
B726,长春大学,,通信工程,2,,,113003
B726,长春大学,,自动化,2,,,111174
B726,长春大学,,食品科学与工程,2,,,136268
B726,长春大学,,食品质量与安全,2,,,141497
B726,长春大学,,软件工程,2,,,103592
B726,长春大学,,数据科学与大数据技术,2,,,109860
B726,长春大学,,计算机科学与技术,4,,,104317
B726,长春大学,,会计学,3,,,114743
B726,长春大学,,市场营销,3,,,156593
B726,长春大学,,金融工程,3,,,143605
B726,长春大学,,智能制造工程,2,,,119980
B726,长春大学,,学前教育,2,,,143298
B726,长春大学,,网络空间安全,2,,,101873
B726,长春大学,,机械工程(中外合作办学),2,,,178552
B726,长春大学,,自动化(中外合作办学),2,,,157403
B726,长春大学,,俄语(中外合作办学),2,,,191613
B726,长春大学,,电子信息工程(中外合作办学),2,,,168778
B726,长春大学,,材料科学与工程(中外合作办学),2,,,208524
B726,长春大学,,车辆工程(中外合作办学),2,,,208369
B726,长春大学,,电气工程及其自动化(中外合作办学),2,,,171695
B726,长春大学,,食品科学与工程(中外合作办学),2,,,191691
B731,贵州商学院,,酒店管理,4,,,214288
B731,贵州商学院,,会展经济与管理,4,,,206718
B731,贵州商学院,,电子商务,4,,,203409
B731,贵州商学院,,会展经济与管理(中外合作办学),4,,,218922
B736,西安航空学院,,商务英语,3,,,229631
B736,西安航空学院,,飞行器动力工程,3,,,104682
B736,西安航空学院,,材料成型及控制工程,3,,,145119
B736,西安航空学院,,复合材料与工程,3,,,131333
B736,西安航空学院,,财务管理,3,,,133505
B765,河南城建学院,,城乡规划,5,,,204404
B765,河南城建学院,,电气工程及其自动化(智能输配电方向),8,,,188653
B765,河南城建学院,,给排水科学与工程,5,,,208828
B765,河南城建学院,,城市管理,5,,,205993
B765,河南城建学院,,能源与动力工程,5,,,193437
B765,河南城建学院,,城市地下空间工程,5,,,219704
B765,河南城建学院,,生物工程,5,,,200810
B765,河南城建学院,,市场营销,5,,,206645
B765,河南城建学院,,自动化,6,,,196189
B765,河南城建学院,,高分子材料与工程,5,,,205330
B765,河南城建学院,,应用物理学(光伏工程方向),5,,,217261
B765,河南城建学院,,建筑电气与智能化,6,,,214907
B765,河南城建学院,,风景园林,5,,,196583
B775,防灾科技学院,,地球物理学,2,,,101807
B775,防灾科技学院,,地质学,2,,,103296
B775,防灾科技学院,,资源勘查工程,2,,,145048
B775,防灾科技学院,,地理科学,2,,,94926
B775,防灾科技学院,,测绘工程,3,,,148842
B775,防灾科技学院,,地下水科学与工程,2,,,163882
B775,防灾科技学院,,土木工程,3,,,162315
B775,防灾科技学院,,工程管理,3,,,165120
B775,防灾科技学院,,水利水电工程,2,,,140509
B775,防灾科技学院,,地质工程,3,,,158203
B775,防灾科技学院,,城市地下空间工程,3,,,158264
B775,防灾科技学院,,防灾减灾科学与工程,3,,,112472
B775,防灾科技学院,,电气工程及其自动化,4,,,107625
B775,防灾科技学院,,测控技术与仪器,4,,,146794
B775,防灾科技学院,,通信工程,4,,,132506
B775,防灾科技学院,,计算机类,4,,,116121
B775,防灾科技学院,,物联网工程,2,,,120880
B775,防灾科技学院,,数据科学与大数据技术,2,,,114160
B775,防灾科技学院,,金融学,2,,,143946
B775,防灾科技学院,,投资学,3,,,161331
B775,防灾科技学院,,会计学,2,,,109546
B775,防灾科技学院,,应急管理,2,,,111408
B775,防灾科技学院,,应急技术与管理,2,,,104061
B775,防灾科技学院,,广告学,3,,,159441
B775,防灾科技学院,,网络与新媒体,6,,,134030
B784,仰恩大学,,经济学,5,,,237033
B784,仰恩大学,,新闻学,5,,,238830
B798,武汉东湖学院,,电气工程及其自动化,2,,,222622
B798,武汉东湖学院,,机械设计制造及其自动化,2,,,235820
B798,武汉东湖学院,,电子信息类,3,,,230959
B798,武汉东湖学院,,计算机类,3,,,231275
B798,武汉东湖学院,,软件工程,3,,,236740
B798,武汉东湖学院,,护理学,3,,,205717
B798,武汉东湖学院,,财务管理,3,,,222711
B798,武汉东湖学院,,金融学,3,,,228113
B798,武汉东湖学院,,法学,3,,,189057
B798,武汉东湖学院,,学前教育(师范类),3,,,230344
B798,武汉东湖学院,,英语,2,,,224219
B799,重庆工商大学,,经济学,1,,,38911
B799,重庆工商大学,,经济与贸易类,2,,,62818
B799,重庆工商大学,,财政学类,2,,,45365
B799,重庆工商大学,,金融学类,3,,,54857
B799,重庆工商大学,,工商管理类,12,,,76718
B799,重庆工商大学,,旅游管理类,2,,,97817
B799,重庆工商大学,,工商管理类(财会),6,,,50720
B799,重庆工商大学,,物流管理,3,,,80611
B799,重庆工商大学,,工程管理,3,,,90013
B799,重庆工商大学,,大数据管理与应用,1,,,46533
B799,重庆工商大学,,新闻传播学类,1,,,58764
B799,重庆工商大学,,法学类,3,,,33394
B799,重庆工商大学,,计算机类,3,,,43656
B799,重庆工商大学,,人工智能,1,,,47230
B799,重庆工商大学,,电子信息工程,3,,,48834
B799,重庆工商大学,,机械类,2,,,61729
B799,重庆工商大学,,智能制造工程,2,,,67911
B799,重庆工商大学,,智能车辆工程,4,,,69658
B799,重庆工商大学,,包装工程,2,,,100300
B799,重庆工商大学,,材料科学与工程,2,,,78249
B799,重庆工商大学,,化工与制药类,2,,,63074
B799,重庆工商大学,,数据科学与大数据技术,2,,,47170
B799,重庆工商大学,,数据计算及应用,2,,,64119
B799,重庆工商大学,,商务英语,2,,,67663
B800,汉口学院,,法学,10,,,215788
B800,汉口学院,,汉语言文学,12,,,223079
B800,汉口学院,,英语,18,,,256185
B800,汉口学院,,网络与新媒体,10,,,241363
B800,汉口学院,,机械电子工程,11,,,258842
B800,汉口学院,,电子信息工程,10,,,235497
B800,汉口学院,,计算机科学与技术,18,,,242465
B800,汉口学院,,电子商务,28,,,257163
B800,汉口学院,,数字媒体技术,7,,,238622
B802,黑龙江工程学院,,计算机类,2,,,169806
B802,黑龙江工程学院,,机械设计制造及其自动化,2,,,180044
B802,黑龙江工程学院,,测绘工程,3,,,194477
B802,黑龙江工程学院,,机械类,2,,,187736
B802,黑龙江工程学院,,车辆工程,2,,,180307
B802,黑龙江工程学院,,土木类,3,,,199919
B802,黑龙江工程学院,,建筑环境与能源应用工程,2,,,200751
B802,黑龙江工程学院,,给排水科学与工程,2,,,203108
B802,黑龙江工程学院,,城乡规划,2,,,183012
B802,黑龙江工程学院,,市场营销,6,,,204872
B802,黑龙江工程学院,,材料类,3,,,199405
B802,黑龙江工程学院,,工程造价,2,,,193341
B802,黑龙江工程学院,,人工智能,2,,,174057
B802,黑龙江工程学院,,数据科学与大数据技术,2,,,168303
B802,黑龙江工程学院,,智能科学与技术,2,,,177976
B802,黑龙江工程学院,,英语,2,,,194898
B802,黑龙江工程学院,,机器人工程,2,,,176275
B802,黑龙江工程学院,,金融工程,2,,,193345
B802,黑龙江工程学院,,汽车服务工程,2,,,201363
B802,黑龙江工程学院,,社会工作,1,,,170562
B802,黑龙江工程学院,,高分子材料与工程,2,,,193286
B807,兰州工业学院,,材料成型及控制工程,2,,,214201
B807,兰州工业学院,,机械电子工程,3,,,200115
B807,兰州工业学院,,汽车服务工程,3,,,214979
B807,兰州工业学院,,电气工程及其自动化,3,,,158401
B807,兰州工业学院,,电子信息工程,3,,,195887
B807,兰州工业学院,,通信工程,3,,,198136
B807,兰州工业学院,,自动化,3,,,196360
B807,兰州工业学院,,轨道交通信号与控制,3,,,198002
B807,兰州工业学院,,软件工程,4,,,189392
B807,兰州工业学院,,数字媒体技术,3,,,194279
B807,兰州工业学院,,建筑环境与能源应用工程,3,,,219852
B807,兰州工业学院,,给排水科学与工程,3,,,217813
B807,兰州工业学院,,工程造价,3,,,207701
B807,兰州工业学院,,物流管理,3,,,207014
B807,兰州工业学院,,电子商务,3,,,209467
B810,海南医学院,,临床医学,9,,,66921
B810,海南医学院,,眼视光医学,2,,,68387
B810,海南医学院,,医学影像学,2,,,71111
B810,海南医学院,,口腔医学,3,,,54913
B810,海南医学院,,药学,3,,,121042
B810,海南医学院,,海洋药学,3,,,159361
B810,海南医学院,,医学检验技术,3,,,118326
B810,海南医学院,,医学影像技术,3,,,118448
B810,海南医学院,,卫生检验与检疫,2,,,125620
B810,海南医学院,,护理学,2,,,133219
B810,海南医学院,,医学影像技术(中外合作办学),3,,,194849
B810,海南医学院,,康复治疗学(中外合作办学),2,,,208579
B810,海南医学院,,护理学(中外合作办学),3,,,215805
B819,东莞理工学院,,食品质量与安全,2,,,139400
B819,东莞理工学院,,应用化学(含教育部卓越计划班),4,,,140767
B819,东莞理工学院,,能源化学工程,2,,,115648
B819,东莞理工学院,,能源与动力工程,2,,,112891
B819,东莞理工学院,,国际经济与贸易,2,,,121157
B819,东莞理工学院,,英语,3,,,158822
B825,桂林航天工业学院,,财务管理,3,,,164192
B825,桂林航天工业学院,,物流管理,2,,,201464
B825,桂林航天工业学院,,物流工程,2,,,195552
B825,桂林航天工业学院,,机械设计制造及其自动化,4,,,177030
B825,桂林航天工业学院,,机械电子工程,4,,,183500
B825,桂林航天工业学院,,材料成型及控制工程,2,,,196334
B825,桂林航天工业学院,,智能制造工程,2,,,180087
B825,桂林航天工业学院,,通信工程,4,,,172276
B825,桂林航天工业学院,,电子信息工程,4,,,168728
B825,桂林航天工业学院,,测控技术与仪器,4,,,184723
B825,桂林航天工业学院,,自动化,4,,,172884
B825,桂林航天工业学院,,汽车服务工程,6,,,205946
B825,桂林航天工业学院,,车辆工程,4,,,194551
B825,桂林航天工业学院,,新能源汽车工程,2,,,183165
B825,桂林航天工业学院,,建筑环境与能源应用工程,2,,,196012
B825,桂林航天工业学院,,软件工程,2,,,149854
B825,桂林航天工业学院,,物联网工程,2,,,169213
B825,桂林航天工业学院,,计算机科学与技术,2,,,142794
B825,桂林航天工业学院,,商务英语,4,,,210732
B825,桂林航天工业学院,,国际商务,4,,,207836
B825,桂林航天工业学院,,数字媒体技术,3,,,172503
B825,桂林航天工业学院,,数据科学与大数据技术,3,,,173080
B825,桂林航天工业学院,,飞行器制造工程,2,,,158916
B825,桂林航天工业学院,,飞行器动力工程,2,,,171722
B825,桂林航天工业学院,,飞行器质量与可靠性,2,,,167432
B825,桂林航天工业学院,,电子信息工程(中外合作办学),4,,,216022
B832,河北经贸大学,,经济学,4,,,71909
B832,河北经贸大学,,国际经济与贸易,5,,,92657
B832,河北经贸大学,,贸易经济,4,,,100770
B832,河北经贸大学,,金融学,5,,,75405
B832,河北经贸大学,,金融科技,5,,,83836
B832,河北经贸大学,,大数据管理与应用,2,,,75493
B832,河北经贸大学,,法学,12,,,53952
B832,河北经贸大学,,新闻学,7,,,98942
B832,河北经贸大学,,日语,2,,,120622
B832,河北经贸大学,,商务英语,6,,,187361
B832,河北经贸大学,,数学与应用数学,3,,,88249
B832,河北经贸大学,,应用统计学,6,,,86819
B832,河北经贸大学,,人工智能,3,,,69936
B832,河北经贸大学,,网络工程,4,,,68804
B832,河北经贸大学,,数据科学与大数据技术,4,,,69239
B832,河北经贸大学,,会展经济与管理,12,,,175854
B832,河北经贸大学,,会计学,10,,,71701
B832,河北经贸大学,,工商管理,8,,,108650
B832,河北经贸大学,,市场营销,8,,,193467
B833,上海杉达学院,,法学,1,,,131736
B833,上海杉达学院,,旅游管理,2,,,223872
B833,上海杉达学院,,数据科学与大数据技术,1,,,164697
B833,上海杉达学院,,国际经济与贸易(中外合作办学),2,,,201583
B834,黄河科技学院,,学前教育(师范类),4,,,215466
B834,黄河科技学院,,财务管理,3,,,208904
B835,上海政法学院,,法学(卓越法律人才培养创新班),2,,,16653
B835,上海政法学院,,法学(涉外卓越法律人才培养创新班),3,,,19746
B835,上海政法学院,,法学(涉外卓越律师人才培养试点班),2,,,20749
B835,上海政法学院,,法学(刑事司法方向),3,,,22343
B835,上海政法学院,,法学(民商法方向),3,,,21296
B835,上海政法学院,,法学(体育法方向),3,,,24941
B835,上海政法学院,,法学(经济法方向),3,,,22366
B835,上海政法学院,,法学(国际经济法方向),3,,,22755
B835,上海政法学院,,法学(人工智能法学方向),3,,,23038
B835,上海政法学院,,监狱学,2,,,27627
B835,上海政法学院,,知识产权,3,,,24750
B835,上海政法学院,,审计学,3,,,35055
B835,上海政法学院,,电子商务及法律,2,,,37651
B835,上海政法学院,,应用心理学,2,,,32184
B835,上海政法学院,,英语,3,,,36891
B835,上海政法学院,,俄语,3,,,54761
B835,上海政法学院,,翻译,3,,,48270
B835,上海政法学院,,汉语国际教育,2,,,42832
B835,上海政法学院,,网络与新媒体,2,,,37888
B835,上海政法学院,,广播电视学(卓越新闻传播人才培养试点班),3,,,50674
B835,上海政法学院,,思想政治教育,2,,,30267
B837,桂林旅游学院,,会展经济与管理,2,,,211871
B837,桂林旅游学院,,旅游管理,2,,,207121
B837,桂林旅游学院,,旅游管理与服务教育,2,,,210692
B837,桂林旅游学院,,风景园林,2,,,210981
B837,桂林旅游学院,,数据科学与大数据技术,3,,,207785
B837,桂林旅游学院,,人工智能,2,,,203002
B837,桂林旅游学院,,经济与金融,2,,,201129
B837,桂林旅游学院,,财务管理,2,,,185480
B837,桂林旅游学院,,电子商务,2,,,214193
B837,桂林旅游学院,,会计学,2,,,175252
B837,桂林旅游学院,,市场营销,2,,,208056
B837,桂林旅游学院,,英语,7,,,206132
B837,桂林旅游学院,,汉语国际教育,2,,,180119
B837,桂林旅游学院,,传播学,4,,,205589
B837,桂林旅游学院,,烹饪与营养教育,2,,,214109
B837,桂林旅游学院,,食品质量与安全,2,,,193813
B837,桂林旅游学院,,汉语言文学,2,,,170899
B837,桂林旅游学院,,酒店管理(中外合作办学),14,,,235777
B838,贺州学院,,思想政治教育(师范类),3,,,178088
B838,贺州学院,,汉语言文学(师范类),3,,,168610
B838,贺州学院,,历史学,3,,,182152
B838,贺州学院,,电气工程及其自动化,3,,,205362
B838,贺州学院,,通信工程,3,,,205345
B838,贺州学院,,人工智能,3,,,208865
B838,贺州学院,,旅游管理,3,,,212558
B840,西安医学院,,临床医学,2,,,41084
B840,西安医学院,,药学,5,,,118441
B840,西安医学院,,护理学,5,,,139734
B840,西安医学院,,市场营销,3,,,183502
B840,西安医学院,,公共事业管理,3,,,163726
B843,九江学院,,国际经济与贸易,3,,,191592
B843,九江学院,,法学,4,,,126999
B843,九江学院,,英语(师范类),5,,,177450
B843,九江学院,,数学与应用数学(师范类),4,,,191306
B843,九江学院,,应用化学,4,,,198339
B843,九江学院,,机械设计制造及其自动化,4,,,181619
B843,九江学院,,金属材料工程,3,,,208555
B843,九江学院,,电子信息工程,4,,,170418
B843,九江学院,,计算机科学与技术,4,,,165114
B843,九江学院,,软件工程,4,,,157927
B843,九江学院,,物联网工程,5,,,178463
B843,九江学院,,土木工程,3,,,200568
B843,九江学院,,城乡规划,3,,,182111
B843,九江学院,,临床医学,5,,,97922
B843,九江学院,,护理学,4,,,164609
B843,九江学院,,会计学,4,,,140249
B843,九江学院,,审计学,5,,,148411
B845,广东工业大学,,机械设计制造及其自动化,3,,,33794
B845,广东工业大学,,能源化学工程,3,,,53441
B845,广东工业大学,,计算机类,2,,,26226
B845,广东工业大学,,材料类,3,,,45929
B845,广东工业大学,,能源动力类,3,,,35944
B845,广东工业大学,,环境工程,2,,,59046
B845,广东工业大学,,制药工程,3,,,59843
B845,广东工业大学,,工商管理类,3,,,59140
B845,广东工业大学,,社会工作,3,,,85398
B845,广东工业大学,,国际经济与贸易,3,,,48072
B845,广东工业大学,,工业设计,3,,,42161
B845,广东工业大学,,机械电子工程,3,,,35054
B845,广东工业大学,,电气工程及其自动化,2,,,30373
B845,广东工业大学,,计算机科学与技术,3,,,28530
B845,广东工业大学,,化学工程与工艺,3,,,48783
B846,广东外语外贸大学,,经济统计学,1,,,33182
B846,广东外语外贸大学,,财政学类,3,,,32193
B846,广东外语外贸大学,,金融学类,1,,,24183
B846,广东外语外贸大学,,国际经济与贸易,1,,,28237
B846,广东外语外贸大学,,法学,1,,,19462
B846,广东外语外贸大学,,社会工作,3,,,63607
B846,广东外语外贸大学,,英语,3,,,30264
B846,广东外语外贸大学,,德语,1,,,52316
B846,广东外语外贸大学,,日语,2,,,59677
B846,广东外语外贸大学,,波斯语,1,,,97644
B846,广东外语外贸大学,,印度尼西亚语,1,,,146639
B846,广东外语外贸大学,,印地语,1,,,73229
B846,广东外语外贸大学,,乌尔都语,2,,,81484
B846,广东外语外贸大学,,波兰语,1,,,90996
B846,广东外语外贸大学,,葡萄牙语,1,,,50495
B846,广东外语外贸大学,,意大利语,1,,,46249
B846,广东外语外贸大学,,商务英语,1,,,32664
B846,广东外语外贸大学,,应用心理学,1,,,36122
B846,广东外语外贸大学,,计算机类,7,,,39246
B846,广东外语外贸大学,,工商管理类,4,,,47925
B847,佛山科学技术学院,,药学,3,,,161040
B847,佛山科学技术学院,,工商管理,4,,,161332
B847,佛山科学技术学院,,会计学,5,,,139373
B847,佛山科学技术学院,,人力资源管理,5,,,170191
B847,佛山科学技术学院,,市场营销,3,,,187309
B963,亳州学院,,学前教育(师范类),5,,,182606
B963,亳州学院,,网络与新媒体,5,,,183493
B963,亳州学院,,酿酒工程,5,,,197822
B963,亳州学院,,酒店管理,5,,,209106
B963,亳州学院,,电子商务,4,,,193114
B969,郑州师范学院,,汉语言文学(师范类),3,,,87792
B969,郑州师范学院,,计算机科学与技术,3,,,133399
C026,大连民族大学,,市场营销,2,,,208105
C026,大连民族大学,,工商管理,2,,,117727
C026,大连民族大学,,行政管理,2,,,104763
C026,大连民族大学,,人力资源管理,2,,,107427
C026,大连民族大学,,机械设计制造及其自动化,3,,,100060
C026,大连民族大学,,自动化,4,,,101727
C026,大连民族大学,,机器人工程,3,,,105824
C026,大连民族大学,,智能制造工程,2,,,107072
C026,大连民族大学,,食品科学与工程,2,,,110725
C026,大连民族大学,,英语,2,,,106443
C026,大连民族大学,,朝鲜语,2,,,256599
C026,大连民族大学,,计算机科学与技术,2,,,63080
C026,大连民族大学,,人工智能,2,,,90100
C026,大连民族大学,,工业设计,2,,,101627
C026,大连民族大学,,汉语言文学,2,,,61165
C026,大连民族大学,,法学,3,,,60061
C026,大连民族大学,,新闻学,2,,,78713
C026,大连民族大学,,统计学,2,,,95724
C026,大连民族大学,,区块链工程,3,,,110619
C026,大连民族大学,,会计学,2,,,74262
C026,大连民族大学,,财务管理,2,,,79337
C026,大连民族大学,,国际商务,2,,,192567
C026,大连民族大学,,电子信息工程,2,,,76349
C026,大连民族大学,,物联网工程,2,,,93516
C026,大连民族大学,,生物技术,2,,,109901
C026,大连民族大学,,经济林,3,,,179207
C026,大连民族大学,,建筑学,2,,,115364
C034,湖南第一师范学院,,小学教育(师范类),2,,,88093
C034,湖南第一师范学院,,汉语言文学(师范类),2,,,71717
C034,湖南第一师范学院,,数学与应用数学(师范类),2,,,105151
C034,湖南第一师范学院,,科学教育(师范类),2,,,127239
C034,湖南第一师范学院,,物理学(师范类),2,,,126459
C034,湖南第一师范学院,,英语(师范类),2,,,97656
C034,湖南第一师范学院,,电子信息工程,3,,,133436
C034,湖南第一师范学院,,通信工程,3,,,122003
C034,湖南第一师范学院,,人工智能,2,,,136921
C034,湖南第一师范学院,,教育技术学(师范类),2,,,122344
C034,湖南第一师范学院,,计算机科学与技术,4,,,103348
C034,湖南第一师范学院,,国际经济与贸易,2,,,135663
C034,湖南第一师范学院,,市场营销,2,,,141875
C034,湖南第一师范学院,,会计学,2,,,111731
C034,湖南第一师范学院,,思想政治教育(师范类),2,,,81915
C034,湖南第一师范学院,,数据科学与大数据技术,4,,,124365
C034,湖南第一师范学院,,智能制造工程,3,,,143573
C034,湖南第一师范学院,,工业智能,3,,,153962
C044,上海第二工业大学,,材料成型及控制工程,2,,,66780
C044,上海第二工业大学,,工业设计,2,,,57286
C044,上海第二工业大学,,新能源科学与工程,1,,,58450
C044,上海第二工业大学,,环保设备工程,2,,,76701
C044,上海第二工业大学,,酒店管理,3,,,101236
C048,南京特殊教育师范学院,,特殊教育(师范类),3,,,84116
C048,南京特殊教育师范学院,,小学教育(师范类),2,,,101746
C048,南京特殊教育师范学院,,学前教育(师范类),5,,,142328
C048,南京特殊教育师范学院,,英语(师范类),5,,,125285
C048,南京特殊教育师范学院,,公共事业管理,2,,,148513
C048,南京特殊教育师范学院,,劳动与社会保障,5,,,187233
C048,南京特殊教育师范学院,,康复治疗学,2,,,88822
C048,南京特殊教育师范学院,,教育技术学(师范类),2,,,149540
C048,南京特殊教育师范学院,,计算机科学与技术,3,,,153200
C048,南京特殊教育师范学院,,数学与应用数学(师范类),8,,,153255
C050,上海商学院,,会计学,4,,,56593
C050,上海商学院,,国际经济与贸易,3,,,61762
C050,上海商学院,,计算机科学与技术,4,,,62746
C050,上海商学院,,酒店管理(中外合作办学),5,,,185173
C050,上海商学院,,电子商务(中外合作办学),5,,,172151
C056,南通理工学院,,机械设计制造及其自动化,4,,,234721
C056,南通理工学院,,智能制造工程,3,,,238317
C056,南通理工学院,,车辆工程,3,,,243915
C056,南通理工学院,,工程管理,3,,,242233
C056,南通理工学院,,土木工程,3,,,249940
C056,南通理工学院,,工程造价,3,,,238329
C056,南通理工学院,,安全工程,5,,,257615
C056,南通理工学院,,数据科学与大数据技术,3,,,239940
C056,南通理工学院,,人工智能,3,,,237741
C056,南通理工学院,,船舶与海洋工程,3,,,239865
C056,南通理工学院,,物流管理,3,,,233728
C056,南通理工学院,,电子商务,2,,,235869
C056,南通理工学院,,金融工程,3,,,231901
C056,南通理工学院,,酒店管理,3,,,248574
C056,南通理工学院,,护理学,4,,,236476
C056,南通理工学院,,康复治疗学,3,,,227171
C059,广东培正学院,,商务英语,5,,,261146
C059,广东培正学院,,会计学,5,,,238540
C059,广东培正学院,,法学,5,,,220636
C059,广东培正学院,,计算机科学与技术,5,,,255892
C105,天津中德应用技术大学,,机械电子工程,6,,,151334
C105,天津中德应用技术大学,,金属材料工程,4,,,170388
C105,天津中德应用技术大学,,飞行器制造工程,4,,,156398
C105,天津中德应用技术大学,,车辆工程,10,,,165403
C105,天津中德应用技术大学,,质量管理工程,5,,,169054
C105,天津中德应用技术大学,,财务管理,5,,,131762
C105,天津中德应用技术大学,,德语,14,,,196438
C107,贵州警察学院,,信息安全,2,,,149188
C107,贵州警察学院,,法学,6,,,129405
C107,贵州警察学院,,监狱学,2,,,115946
C121,南方医科大学,,临床医学(本硕博连读),3,,,2180
C121,南方医科大学,,临床医学,4,,,5790
C121,南方医科大学,,儿科学,2,,,15939
C121,南方医科大学,,法医学,3,,,23152
C121,南方医科大学,,医学影像学,2,,,9802
C121,南方医科大学,,药学,4,,,24270
C121,南方医科大学,,中药学,4,,,38031
C121,南方医科大学,,医学检验技术,7,,,31944
C121,南方医科大学,,康复治疗学,6,,,45136
C121,南方医科大学,,生物医学工程,8,,,33065
C121,南方医科大学,,生物医学工程(智能医学),2,,,30458
C214,湖南医药学院,,临床医学,2,,,69588
C214,湖南医药学院,,针灸推拿学,1,,,91359
C214,湖南医药学院,,医学影像技术,1,,,91138
C214,湖南医药学院,,医学检验技术,1,,,121081
C214,湖南医药学院,,药学,1,,,121284
C214,湖南医药学院,,中药学,1,,,112672
C214,湖南医药学院,,护理学,1,,,115638
C214,湖南医药学院,,康复治疗学,1,,,121905
C216,安徽新华学院,,物流管理,15,,,249253
C216,安徽新华学院,,电子商务(校企合作，与上海剧星教育科技有限公司合作),15,,,258632
C303,湖南涉外经济学院,,金融学,2,,,243972
C303,湖南涉外经济学院,,国际经济与贸易,2,,,256440
C303,湖南涉外经济学院,,汉语言文学,1,,,226585
C303,湖南涉外经济学院,,英语,2,,,250207
C303,湖南涉外经济学院,,日语,2,,,253145
C303,湖南涉外经济学院,,机械设计制造及其自动化,2,,,263933
C303,湖南涉外经济学院,,电子信息工程,1,,,250638
C303,湖南涉外经济学院,,通信工程,2,,,266468
C303,湖南涉外经济学院,,电子信息科学与技术,2,,,270577
C303,湖南涉外经济学院,,计算机科学与技术,3,,,260573
C303,湖南涉外经济学院,,软件工程,3,,,268544
C303,湖南涉外经济学院,,工商管理,2,,,259152
C303,湖南涉外经济学院,,会计学,2,,,240311
C303,湖南涉外经济学院,,财务管理,2,,,241822
C303,湖南涉外经济学院,,人力资源管理,2,,,258248
C303,湖南涉外经济学院,,电子商务,2,,,262309
C303,湖南涉外经济学院,,酒店管理,2,,,261624
C303,湖南涉外经济学院,,网络与新媒体,8,,,257328
C303,湖南涉外经济学院,,物联网工程,2,,,262631
C303,湖南涉外经济学院,,学前教育(师范类),4,,,256442
C303,湖南涉外经济学院,,商务英语,2,,,263840
C308,海口经济学院,,新闻学(网络新媒体),8,,,261361
C308,海口经济学院,,建筑类,4,,,247327
C308,海口经济学院,,土木工程,4,,,266101
C308,海口经济学院,,财务管理,3,,,249146
C308,海口经济学院,,会计学,8,,,246940
C308,海口经济学院,,市场营销(新媒体营销),2,,,257476
C308,海口经济学院,,物流管理(智慧物流),3,,,255940
C308,海口经济学院,,人力资源管理(薪酬绩效设计师),3,,,255781
C308,海口经济学院,,数据科学与大数据技术(数字平台运维),2,,,250488
C308,海口经济学院,,外国语言文学类,2,,,256792
C308,海口经济学院,,交通运输(民航运输),3,,,253195
C308,海口经济学院,,旅游管理类,3,,,260660
C308,海口经济学院,,计算机科学与技术,2,,,258438
C308,海口经济学院,,金融工程,4,,,260443
C308,海口经济学院,,电气工程及其自动化,3,,,265281
C308,海口经济学院,,人力资源管理,3,,,259272
C308,海口经济学院,,市场营销,3,,,261462
C308,海口经济学院,,电子商务,2,,,261777
C308,海口经济学院,,市场营销(创意产业管理),4,,,260277
C308,海口经济学院,,会展经济与管理(数字会展),4,,,262988
C308,海口经济学院,,英语(教育、翻译、商务方向),4,,,255574
C308,海口经济学院,,旅游管理(智慧旅游),6,,,263624
C308,海口经济学院,,数字媒体技术,2,,,267057
C308,海口经济学院,,电子商务(创业与商业管理),3,,,261961
C308,海口经济学院,,工程造价,3,,,275824
C308,海口经济学院,,通信工程,2,,,268425
C308,海口经济学院,,经济学类,4,,,249952
C309,武昌首义学院,,计算机科学与技术,2,,,212687
C309,武昌首义学院,,计算机科学与技术(华为云特色班),2,,,222543
C309,武昌首义学院,,软件工程,1,,,188299
C309,武昌首义学院,,软件工程(华为云特色班),1,,,222162
C309,武昌首义学院,,物联网工程,2,,,227512
C309,武昌首义学院,,物联网工程(腾讯云精英班),1,,,227787
C309,武昌首义学院,,电气工程及其自动化,2,,,223519
C309,武昌首义学院,,机械电子工程,2,,,227606
C309,武昌首义学院,,机械设计制造及其自动化(智能制造方向),2,,,235933
C309,武昌首义学院,,机器人工程,2,,,228737
C309,武昌首义学院,,土木工程,2,,,241306
C309,武昌首义学院,,工程造价,2,,,235108
C309,武昌首义学院,,环境工程,2,,,237192
C309,武昌首义学院,,智能建造(城铁优才班),2,,,233077
C309,武昌首义学院,,外国语言文学类,2,,,223215
C309,武昌首义学院,,金融学,2,,,223514
C309,武昌首义学院,,会计学,2,,,211448
C309,武昌首义学院,,金融科技,2,,,234503
C309,武昌首义学院,,法学,2,,,187336
C309,武昌首义学院,,新闻学(智能新闻传播方向),2,,,236425
C309,武昌首义学院,,网络与新媒体,3,,,207502
C310,武昌理工学院,,工商管理(精英班),28,,,253239
C310,武昌理工学院,,电子商务(腾讯云精英班),5,,,249144
C310,武昌理工学院,,智能科学与技术(科大讯飞精英班),10,,,251484
C310,武昌理工学院,,数据科学与大数据技术(科大讯飞精英班),12,,,249960
C310,武昌理工学院,,软件工程(科大讯飞精英班),18,,,247952
C331,山东女子学院,,学前教育(师范类),120,,,180554
C331,山东女子学院,,小学教育(师范类),80,,,157563
C331,山东女子学院,,应用心理学,24,,,180020
C331,山东女子学院,,社会工作,59,,,194700
C331,山东女子学院,,知识产权,23,,,150825
C331,山东女子学院,,养老服务管理,108,,,202756
C331,山东女子学院,,女性学,26,,,192605
C331,山东女子学院,,日语,16,,,201452
C331,山东女子学院,,俄语,15,,,203045
C331,山东女子学院,,商务英语(仅招收英语语种考生),91,,,202108
C331,山东女子学院,,会计学,153,,,165860
C331,山东女子学院,,财务管理,24,,,166442
C331,山东女子学院,,审计学,21,,,161184
C331,山东女子学院,,旅游管理,61,,,206708
C331,山东女子学院,,工商管理,57,,,187017
C331,山东女子学院,,人力资源管理,65,,,189207
C331,山东女子学院,,市场营销,60,,,205401
C331,山东女子学院,,计算机科学与技术,117,,,182669
C331,山东女子学院,,数据科学与大数据技术,37,,,188978
C331,山东女子学院,,软件工程,35,,,185428
C331,山东女子学院,,数字媒体技术,80,,,192765
C331,山东女子学院,,数据计算及应用,40,,,197738
C331,山东女子学院,,国际经济与贸易,58,,,198216
C331,山东女子学院,,金融工程,102,,,196737
C331,山东女子学院,,健康服务与管理,80,,,200940
C331,山东女子学院,,健康服务与管理(校企合作，与山东绿地泉美好生活服务集团合作),30,,,206534
C331,山东女子学院,,会计学(校企合作，与北京思汇知行数智科技有限公司合作),40,,,177684
C331,山东女子学院,,广播电视学(校企合作，与浙江时光坐标科技股份有限公司合作),45,,,206246
C331,山东女子学院,,酒店管理(校企合作，与山东华仁教育发展有限公司合作),40,,,213193
C331,山东女子学院,,会展经济与管理(校企合作，与山东华仁教育发展有限公司合作),40,,,211005
C331,山东女子学院,,人力资源管理(校企合作，与人才有价山东有限公司合作),30,,,199785
C331,山东女子学院,,计算机科学与技术(校企合作，与浪潮集团有限公司合作),35,,,194785
C331,山东女子学院,,数字媒体技术(校企合作，与山东新视觉数码科技有限公司合作),50,,,205509
C331,山东女子学院,,人工智能(校企合作，与鼎利山东产业发展有限公司合作),40,,,209635
C331,山东女子学院,,投资学(校企合作，与山东华仁教育发展有限公司合作),45,,,209315
C331,山东女子学院,,金融工程(校企合作，与山东华仁教育发展有限公司合作),50,,,204319
C331,山东女子学院,,跨境电子商务(校企合作，与鼎利山东产业发展有限公司合作),30,,,210123
C332,烟台南山学院,,材料成型及控制工程,50,,,237911
C332,烟台南山学院,,金属材料工程,29,,,240261
C332,烟台南山学院,,复合材料与工程,20,,,227806
C332,烟台南山学院,,纺织工程,14,,,230929
C332,烟台南山学院,,服装设计与工程,17,,,238322
C332,烟台南山学院,,电气工程及其自动化,28,,,224603
C332,烟台南山学院,,电子信息工程,26,,,228071
C332,烟台南山学院,,自动化,21,,,226322
C332,烟台南山学院,,人工智能,21,,,229941
C332,烟台南山学院,,车辆工程,21,,,232506
C332,烟台南山学院,,工业设计,17,,,233841
C332,烟台南山学院,,机械设计制造及其自动化,32,,,229908
C332,烟台南山学院,,计算机科学与技术,40,,,223887
C332,烟台南山学院,,软件工程,24,,,224822
C332,烟台南山学院,,数据科学与大数据技术,15,,,229695
C332,烟台南山学院,,物联网工程,17,,,227849
C332,烟台南山学院,,工程管理,19,,,237854
C332,烟台南山学院,,工商管理,1,,,217361
C332,烟台南山学院,,大数据管理与应用,10,,,230583
C332,烟台南山学院,,信息管理与信息系统,30,,,232190
C332,烟台南山学院,,旅游管理,18,,,231430
C332,烟台南山学院,,国际商务,15,,,229304
C332,烟台南山学院,,市场营销,3,,,220553
C332,烟台南山学院,,物流管理,5,,,217902
C332,烟台南山学院,,金融工程,14,,,226015
C332,烟台南山学院,,会计学,15,,,211390
C332,烟台南山学院,,日语,16,,,229385
C332,烟台南山学院,,英语,17,,,219362
C332,烟台南山学院,,汉语国际教育,27,,,221971
C332,烟台南山学院,,食品科学与工程,16,,,219664
C332,烟台南山学院,,食品质量与安全,21,,,222227
C332,烟台南山学院,,食品营养与健康,8,,,223920
C332,烟台南山学院,,康复治疗学,26,,,218709
C332,烟台南山学院,,护理学,10,,,192576
C332,烟台南山学院,,化学工程与工艺,11,,,219521
C332,烟台南山学院,,过程装备与控制工程,9,,,236502
C332,烟台南山学院,,高分子材料与工程,9,,,235130
C332,烟台南山学院,,测控技术与仪器,9,,,232441
C332,烟台南山学院,,飞行器动力工程,11,,,232139
C332,烟台南山学院,,交通运输,13,,,221391
C332,烟台南山学院,,数字经济,20,,,229240
C332,烟台南山学院,,数据计算及应用,20,,,237113
C332,烟台南山学院,,材料成型及控制工程(校企合作，与山东南山铝业股份有限公司合作),8,,,235247
C332,烟台南山学院,,金属材料工程(校企合作，与山东南山铝业股份有限公司合作),6,,,235378
C332,烟台南山学院,,纺织工程(校企合作，与南山智尚科技股份有限公司合作),17,,,236026
C332,烟台南山学院,,服装设计与工程(校企合作，与南山智尚科技股份有限公司合作),8,,,237541
C332,烟台南山学院,,旅游管理(校企合作，与南山旅游集团有限公司合作),21,,,235987
C332,烟台南山学院,,酒店管理(校企合作，与南山旅游集团有限公司合作),22,,,234577
C332,烟台南山学院,,化学工程与工艺(校企合作，与南山裕龙石化有限公司合作),20,,,226514
C332,烟台南山学院,,复合材料与工程(校企合作，与航鑫材料科技有限公司合作),40,,,238156
C362,武汉生物工程学院,,生物工程,2,,,211693
C362,武汉生物工程学院,,生物技术,2,,,208523
C362,武汉生物工程学院,,医学检验技术,2,,,197400
C362,武汉生物工程学院,,制药工程,2,,,211179
C362,武汉生物工程学院,,药学,2,,,207271
C362,武汉生物工程学院,,计算机科学与技术,2,,,219973
C362,武汉生物工程学院,,财务管理,2,,,216473
C362,武汉生物工程学院,,汉语言文学,2,,,206734
C362,武汉生物工程学院,,英语,2,,,217374
C362,武汉生物工程学院,,土木工程,2,,,225599
C453,中国劳动关系学院,,人力资源管理,5,,,80505
C453,中国劳动关系学院,,工商管理,4,,,78788
C453,中国劳动关系学院,,法学,6,,,43134
C453,中国劳动关系学院,,经济学,2,,,77333
C453,中国劳动关系学院,,财务管理,8,,,84193
C453,中国劳动关系学院,,应用统计学,3,,,90709
C453,中国劳动关系学院,,劳动与社会保障,4,,,80789
C453,中国劳动关系学院,,政治学与行政学,8,,,84486
C453,中国劳动关系学院,,安全工程,2,,,105359
C453,中国劳动关系学院,,应急技术与管理,2,,,106176
C453,中国劳动关系学院,,社会工作,9,,,97900
C453,中国劳动关系学院,,社会学,3,,,85973
C453,中国劳动关系学院,,汉语言文学,7,,,59974
C453,中国劳动关系学院,,计算机科学与技术,8,,,88852
C544,宁夏理工学院,,会计学,3,,,229231
C544,宁夏理工学院,,财务管理,2,,,234848
C544,宁夏理工学院,,电子商务,2,,,245320
C544,宁夏理工学院,,国际经济与贸易,3,,,236318
C544,宁夏理工学院,,金融学,2,,,239441
C544,宁夏理工学院,,农村区域发展,2,,,237042
C544,宁夏理工学院,,电气工程及其自动化,3,,,232468
C544,宁夏理工学院,,电子信息工程,3,,,230372
C544,宁夏理工学院,,物联网工程,2,,,229655
C544,宁夏理工学院,,计算机类,4,,,234253
C544,宁夏理工学院,,机械工程,3,,,235673
C544,宁夏理工学院,,能源与动力工程,4,,,239712
C544,宁夏理工学院,,材料成型及控制工程,2,,,239723
C544,宁夏理工学院,,土木工程,4,,,244716
C544,宁夏理工学院,,安全工程,2,,,234851
C544,宁夏理工学院,,工程管理,1,,,240343
C544,宁夏理工学院,,给排水科学与工程,4,,,240564
C544,宁夏理工学院,,智能建造,4,,,262470
C544,宁夏理工学院,,制药工程,4,,,223081
C544,宁夏理工学院,,英语,2,,,226937
C544,宁夏理工学院,,日语,1,,,231507
C544,宁夏理工学院,,交通运输(机场运行),6,,,234947
C544,宁夏理工学院,,交通运输(航空物流),6,,,239569
C544,宁夏理工学院,,汉语言文学,2,,,211748
C544,宁夏理工学院,,学前教育,2,,,231816
C560,云南经济管理学院,,会计学,2,,,233217
C560,云南经济管理学院,,物联网工程,2,,,243741
C560,云南经济管理学院,,建筑学,2,,,241987
C560,云南经济管理学院,,数学与应用数学,2,,,239915
C560,云南经济管理学院,,护理学,2,,,227900
C574,广东东软学院,,软件工程,7,,,244674
C574,广东东软学院,,网络工程,7,,,257763
C574,广东东软学院,,大数据管理与应用,7,,,257361
C599,湘潭大学兴湘学院,,英语,2,,,213336
C599,湘潭大学兴湘学院,,法学,2,,,147295
C599,湘潭大学兴湘学院,,机械设计制造及其自动化,1,,,215681
C599,湘潭大学兴湘学院,,高分子材料与工程,1,,,221444
C599,湘潭大学兴湘学院,,化学工程与工艺,1,,,221319
C599,湘潭大学兴湘学院,,制药工程,1,,,213070
C599,湘潭大学兴湘学院,,新能源材料与器件,2,,,227595
C618,广州软件学院,,软件工程,1,,,237765
C618,广州软件学院,,网络工程(云计算创新实验班),1,,,235785
C618,广州软件学院,,行政管理,1,,,239923
C619,广州南方学院,,人力资源管理,1,,,223512
C619,广州南方学院,,会计学,1,,,214290
C619,广州南方学院,,经济学,3,,,243916
C619,广州南方学院,,金融学,1,,,225858
C619,广州南方学院,,国际经济与贸易,1,,,226591
C619,广州南方学院,,电子商务,1,,,178180
C619,广州南方学院,,英语,3,,,245773
C619,广州南方学院,,电气工程及其自动化,5,,,248064
C619,广州南方学院,,计算机科学与技术,1,,,209049
C619,广州南方学院,,软件工程,4,,,241299
C619,广州南方学院,,智能科学与技术,2,,,251495
C619,广州南方学院,,中药学,4,,,246850
C619,广州南方学院,,数据科学与大数据技术(中外合作办学)(与爱尔兰格里菲斯学院国际合作,3,,,251482
C636,成都东软学院,,计算机类,10,,,230376
C636,成都东软学院,,人工智能,5,,,233311
C636,成都东软学院,,软件工程,5,,,227139
C636,成都东软学院,,信息工程,5,,,231965
C636,成都东软学院,,数据科学与大数据技术,5,,,230119
C636,成都东软学院,,信息管理与信息系统,5,,,232049
C636,成都东软学院,,电子商务,6,,,237496
C636,成都东软学院,,大数据管理与应用,5,,,239832
C636,成都东软学院,,财务管理,6,,,225201
C636,成都东软学院,,人力资源管理,6,,,232810
C636,成都东软学院,,数字媒体技术,5,,,225577
C636,成都东软学院,,虚拟现实技术,5,,,242501
C636,成都东软学院,,商务英语,6,,,237034
C636,成都东软学院,,英语,5,,,238398
C636,成都东软学院,,日语,5,,,238735
C636,成都东软学院,,医学信息工程,5,,,232264
C636,成都东软学院,,智能医学工程,5,,,229138
C636,成都东软学院,,医学影像技术,5,,,218396
C649,湖南科技大学潇湘学院,,土木工程,2,,,227972
C649,湖南科技大学潇湘学院,,电气工程及其自动化,1,,,213126
C649,湖南科技大学潇湘学院,,电子信息工程,1,,,185791
C649,湖南科技大学潇湘学院,,建筑学,2,,,222413
C649,湖南科技大学潇湘学院,,新闻学,1,,,211652
C649,湖南科技大学潇湘学院,,法学,1,,,150939
C650,南华大学船山学院,,土木工程,3,,,232101
C650,南华大学船山学院,,会计学,2,,,207937
C658,湖南理工学院南湖学院,,计算机科学与技术,3,,,220215
C658,湖南理工学院南湖学院,,广告学,3,,,224154
C689,东南大学成贤学院,,电气工程及其自动化,2,,,199265
C689,东南大学成贤学院,,机械设计制造及其自动化,4,,,212869
C689,东南大学成贤学院,,机械工程,2,,,208420
C689,东南大学成贤学院,,土木工程,2,,,219978
C689,东南大学成贤学院,,化工与制药类,3,,,213679
C689,东南大学成贤学院,,功能材料,3,,,222759
C689,东南大学成贤学院,,药事管理,4,,,210232
C709,厦门华厦学院,,金融学,1,,,237865
C709,厦门华厦学院,,商务英语,1,,,233274
C709,厦门华厦学院,,网络与新媒体,2,,,219121
C709,厦门华厦学院,,机械设计制造及其自动化,3,,,231500
C709,厦门华厦学院,,通信工程,1,,,220634
C709,厦门华厦学院,,物联网工程,1,,,196022
C709,厦门华厦学院,,制药工程,2,,,224953
C709,厦门华厦学院,,食品质量与安全,2,,,214772
C709,厦门华厦学院,,财务管理,1,,,216127
C709,厦门华厦学院,,物流工程,1,,,238947
C709,厦门华厦学院,,供应链管理,2,,,230276
C709,厦门华厦学院,,会展经济与管理,1,,,235146
C712,西安欧亚学院,,数据科学与大数据技术,2,,,240145
C712,西安欧亚学院,,会计学,2,,,226844
C712,西安欧亚学院,,国际商务,4,,,241905
C712,西安欧亚学院,,供应链管理,2,,,229147
C712,西安欧亚学院,,软件工程(中外合作办学),2,,,255959
C713,西安外事学院,,财务管理,2,,,221928
C713,西安外事学院,,会计学,6,,,224417
C713,西安外事学院,,物流管理,14,,,242570
C713,西安外事学院,,电子商务,4,,,236503
C713,西安外事学院,,经济与金融,4,,,237366
C713,西安外事学院,,国际经济与贸易,6,,,234927
C713,西安外事学院,,人力资源管理,6,,,232793
C713,西安外事学院,,会展经济与管理,2,,,228352
C713,西安外事学院,,物联网工程,3,,,237516
C713,西安外事学院,,俄语,5,,,242115
C713,西安外事学院,,法语,7,,,249304
C713,西安外事学院,,朝鲜语,7,,,251745
C713,西安外事学院,,西班牙语,10,,,261824
C713,西安外事学院,,英语,8,,,236429
C713,西安外事学院,,德语,10,,,254506
C713,西安外事学院,,翻译,3,,,232860
C713,西安外事学院,,网络与新媒体,3,,,230785
C714,西安翻译学院,,俄语,18,,,264562
C714,西安翻译学院,,德语,17,,,271028
C714,西安翻译学院,,法语,17,,,270233
C714,西安翻译学院,,西班牙语,17,,,271468
C714,西安翻译学院,,朝鲜语,18,,,270271
C714,西安翻译学院,,人力资源管理,18,,,251415
C714,西安翻译学院,,旅游管理,18,,,257750
C715,西京学院,,国际经济与贸易,2,,,234537
C715,西京学院,,汉语国际教育,3,,,222003
C715,西京学院,,网络与新媒体,3,,,238985
C715,西京学院,,会计学,5,,,211371
C715,西京学院,,城市管理,5,,,246361
C715,西京学院,,电子商务,2,,,237011
C729,齐齐哈尔工程学院,,电气工程及其自动化,10,,,260297
C729,齐齐哈尔工程学院,,车辆工程,6,,,263605
C729,齐齐哈尔工程学院,,计算机科学与技术,6,,,253122
C729,齐齐哈尔工程学院,,工程管理,6,,,274582
C729,齐齐哈尔工程学院,,电子商务,12,,,256372
C734,新疆警察学院,,法学,7,,,156193
C747,郑州工业应用技术学院,,会计学,5,,,218869
C747,郑州工业应用技术学院,,学前教育,5,,,224398
C779,山西应用科技学院,,工程管理,5,,,239148
C779,山西应用科技学院,,风景园林,10,,,235552
C779,山西应用科技学院,,新能源科学与工程,10,,,225475
C779,山西应用科技学院,,交通工程,5,,,228541
C779,山西应用科技学院,,大数据管理与应用,5,,,232844
C779,山西应用科技学院,,机器人工程,5,,,237110
C779,山西应用科技学院,,财务管理,5,,,222127
C779,山西应用科技学院,,审计学,10,,,224145
C779,山西应用科技学院,,物流管理,10,,,231747
C779,山西应用科技学院,,市场营销,10,,,236591
C784,河北传媒学院,,外国语言文学类,3,,,224458
C784,河北传媒学院,,新闻传播学类,3,,,209078
C784,河北传媒学院,,智能工程与创意设计,2,,,235815
C784,河北传媒学院,,计算机类,3,,,230084
C795,南昌理工学院,,法学,3,,,187137
C795,南昌理工学院,,小学教育,4,,,223608
C795,南昌理工学院,,英语,3,,,239587
C795,南昌理工学院,,网络与新媒体,6,,,241696
C795,南昌理工学院,,电气工程及其自动化,3,,,234349
C795,南昌理工学院,,飞行器制造工程,4,,,240935
C795,南昌理工学院,,工商管理,3,,,246612
C796,河北工程技术学院,,智能科学与技术,9,,,245656
C796,河北工程技术学院,,人工智能,9,,,244907
C796,河北工程技术学院,,区块链工程,10,,,260148
C796,河北工程技术学院,,电子信息工程,8,,,242523
C796,河北工程技术学院,,网络空间安全,8,,,259218
C796,河北工程技术学院,,金融工程,8,,,239093
C796,河北工程技术学院,,电子商务,8,,,238069
C799,上海建桥学院,,会计学,2,,,174267
C799,上海建桥学院,,日语,2,,,214543
C799,上海建桥学院,,计算机科学与技术,2,,,154309
C799,上海建桥学院,,机械设计制造及其自动化(中外合作办学),2,,,230301
C802,吉利学院,,车辆工程,8,,,259693
C802,吉利学院,,智能车辆工程,8,,,260689
C802,吉利学院,,新能源汽车工程,8,,,252236
C802,吉利学院,,机器人工程,4,,,254794
C802,吉利学院,,计算机类,18,,,247859
C802,吉利学院,,物联网工程,6,,,255651
C802,吉利学院,,电子信息类,10,,,257717
C802,吉利学院,,飞行器制造工程,3,,,253883
C802,吉利学院,,飞行器控制与信息工程,4,,,253300
C802,吉利学院,,管理科学,3,,,274947
C802,吉利学院,,大数据管理与应用,4,,,258935
C802,吉利学院,,工商管理类,6,,,239626
C802,吉利学院,,国际经济与贸易,2,,,241160
C802,吉利学院,,物流管理,4,,,253023
C802,吉利学院,,金融学类,6,,,251962
C802,吉利学院,,网络与新媒体,2,,,239166
C802,吉利学院,,英语,4,,,251176
C802,吉利学院,,学前教育,6,,,246718
C802,吉利学院,,小学教育,6,,,238371
C802,吉利学院,,市场营销,4,,,254468
C802,吉利学院,,机械设计制造及其自动化,2,,,242754
C802,吉利学院,,汽车服务工程,3,,,270711
C810,安徽文达信息工程学院,,物联网工程,3,,,238742
C810,安徽文达信息工程学院,,机械设计制造及其自动化,2,,,234647
C843,潍坊科技学院,,材料成型及控制工程,45,,,234827
C843,潍坊科技学院,,财务管理,91,,,219269
C843,潍坊科技学院,,车辆工程,38,,,227929
C843,潍坊科技学院,,电气工程及其自动化,51,,,224579
C843,潍坊科技学院,,电子信息科学与技术,39,,,224785
C843,潍坊科技学院,,高分子材料与工程,30,,,235417
C843,潍坊科技学院,,工程管理,45,,,236217
C843,潍坊科技学院,,工程造价,60,,,237539
C843,潍坊科技学院,,公共事业管理,45,,,226603
C843,潍坊科技学院,,国际商务,59,,,233880
C843,潍坊科技学院,,护理学,55,,,216002
C843,潍坊科技学院,,化学工程与工艺,33,,,223288
C843,潍坊科技学院,,环境工程,51,,,228966
C843,潍坊科技学院,,机器人工程,64,,,230750
C843,潍坊科技学院,,机械电子工程,62,,,228781
C843,潍坊科技学院,,机械设计制造及其自动化,20,,,225352
C843,潍坊科技学院,,计算机科学与技术,46,,,220353
C843,潍坊科技学院,,建筑学,45,,,224463
C843,潍坊科技学院,,金融工程,64,,,239926
C843,潍坊科技学院,,康复治疗学,70,,,224882
C843,潍坊科技学院,,农林经济管理,63,,,238700
C843,潍坊科技学院,,人力资源管理,55,,,221798
C843,潍坊科技学院,,日语,37,,,229068
C843,潍坊科技学院,,软件工程,80,,,225825
C843,潍坊科技学院,,设施农业科学与工程,32,,,228759
C843,潍坊科技学院,,社会工作,70,,,227796
C843,潍坊科技学院,,审计学,38,,,214757
C843,潍坊科技学院,,生物技术,58,,,224642
C843,潍坊科技学院,,食品质量与安全,61,,,223821
C843,潍坊科技学院,,市场营销,70,,,231761
C843,潍坊科技学院,,通信工程,70,,,227110
C843,潍坊科技学院,,土木工程,66,,,238194
C843,潍坊科技学院,,物联网工程,39,,,223800
C843,潍坊科技学院,,学前教育(师范类),55,,,218383
C843,潍坊科技学院,,艺术教育,45,,,236646
C843,潍坊科技学院,,英语,93,,,226154
C843,潍坊科技学院,,园林,66,,,231412
C843,潍坊科技学院,,园艺,26,,,226430
C843,潍坊科技学院,,种子科学与工程,70,,,228851
C843,潍坊科技学院,,智能制造工程,70,,,232069
C843,潍坊科技学院,,思想政治教育,65,,,219370
C843,潍坊科技学院,,汉语言文学,90,,,214197
C843,潍坊科技学院,,网络与新媒体,90,,,228604
C843,潍坊科技学院,,植物保护,45,,,238352
C843,潍坊科技学院,,应用化学,45,,,231495
C915,上海中侨职业技术大学,,建筑工程,1,,,238936
C915,上海中侨职业技术大学,,工程造价,1,,,245570
C915,上海中侨职业技术大学,,金融科技应用,2,,,230305
C915,上海中侨职业技术大学,,大数据与会计,3,,,220839
C915,上海中侨职业技术大学,,现代物流管理,2,,,236886
C915,上海中侨职业技术大学,,企业数字化管理,1,,,241091
C915,上海中侨职业技术大学,,全媒体电商运营,1,,,239634
C915,上海中侨职业技术大学,,数字媒体技术,1,,,235285
C915,上海中侨职业技术大学,,物联网工程技术,3,,,249030
C915,上海中侨职业技术大学,,大数据工程技术,1,,,232431
C915,上海中侨职业技术大学,,机器人技术,1,,,244296
C915,上海中侨职业技术大学,,智能制造工程技术,1,,,225937
C915,上海中侨职业技术大学,,汽车服务工程技术,3,,,242506
C915,上海中侨职业技术大学,,食品质量与安全,3,,,240812
C915,上海中侨职业技术大学,,食品营养与健康,2,,,241180
C915,上海中侨职业技术大学,,护理,3,,,238312
C928,泉州职业技术大学,,油气储运工程,5,,,253452
C928,泉州职业技术大学,,机械设计制造及自动化,5,,,250720
C928,泉州职业技术大学,,新能源汽车工程技术,10,,,258176
C928,泉州职业技术大学,,应用化工技术,10,,,243001
C928,泉州职业技术大学,,软件工程技术,5,,,254782
C928,泉州职业技术大学,,大数据与会计,10,,,236554
C928,泉州职业技术大学,,现代物流管理,5,,,250608
C938,江西应用科技学院,,物联网工程,6,,,247292
C938,江西应用科技学院,,软件工程,6,,,252781
C938,江西应用科技学院,,区块链工程,3,,,275066
C938,江西应用科技学院,,土木工程,4,,,253715
C938,江西应用科技学院,,工程造价,4,,,263891
C938,江西应用科技学院,,财务管理,6,,,241914
C938,江西应用科技学院,,健康服务与管理,4,,,247556
C938,江西应用科技学院,,学前教育,6,,,252665
C938,江西应用科技学院,,小学教育,6,,,236449
C938,江西应用科技学院,,宝石及材料工艺学,6,,,264944
D006,山东英才学院,,学前教育(师范类),85,,,255382
D006,山东英才学院,,机械设计制造及其自动化,21,,,259962
D006,山东英才学院,,网络与新媒体,10,,,242134
D006,山东英才学院,,电气工程及其自动化,20,,,262757
D006,山东英才学院,,智能制造工程,15,,,262290
D006,山东英才学院,,电子信息工程,15,,,263859
D006,山东英才学院,,工商管理,15,,,241410
D006,山东英才学院,,财务管理,10,,,242874
D006,山东英才学院,,审计学,15,,,231133
D006,山东英才学院,,市场营销,10,,,257064
D006,山东英才学院,,物流管理,13,,,254329
D006,山东英才学院,,国际商务,20,,,259526
D006,山东英才学院,,金融工程,10,,,251206
D006,山东英才学院,,土木工程,10,,,262338
D006,山东英才学院,,护理学,21,,,237044
D006,山东英才学院,,康复治疗学,10,,,237932
D006,山东英才学院,,汽车服务工程,16,,,273027
D006,山东英才学院,,金融工程(国家留学基金委AISEC项目详见我校招生简章),45,,,269518
D006,山东英才学院,,数据科学与大数据技术,15,,,262575
D006,山东英才学院,,电子商务,20,,,257716
D006,山东英才学院,,工程造价,10,,,260955
D006,山东英才学院,,英语(外语语种为英语),7,,,247619
D006,山东英才学院,,商务英语(外语语种为英语),18,,,250987
D006,山东英才学院,,智能车辆工程,14,,,259259
D006,山东英才学院,,计算机科学与技术(校企合作，与北京华晟经世信息技术股份有限公司合,7,,,248174
D006,山东英才学院,,通信工程(校企合作，与北京华晟经世信息技术股份有限公司合作),17,,,269732
D015,青岛恒星科技学院,,电气工程及其自动化,30,,,262802
D015,青岛恒星科技学院,,机器人工程,27,,,270360
D015,青岛恒星科技学院,,智能制造工程,15,,,269913
D015,青岛恒星科技学院,,软件工程,80,,,265593
D015,青岛恒星科技学院,,网络工程,60,,,269914
D015,青岛恒星科技学院,,人工智能,50,,,270234
D015,青岛恒星科技学院,,土木工程,75,,,274546
D015,青岛恒星科技学院,,工程造价,70,,,273346
D015,青岛恒星科技学院,,房地产开发与管理,22,,,273369
D015,青岛恒星科技学院,,金融工程,65,,,260642
D015,青岛恒星科技学院,,人力资源管理,65,,,257501
D015,青岛恒星科技学院,,工商管理,60,,,259003
D015,青岛恒星科技学院,,国际商务,45,,,263403
D015,青岛恒星科技学院,,物流工程,10,,,255083
D015,青岛恒星科技学院,,酒店管理,45,,,263514
D015,青岛恒星科技学院,,会展经济与管理,30,,,262061
D015,青岛恒星科技学院,,旅游管理与服务教育,40,,,263566
D015,青岛恒星科技学院,,汉语言文学,110,,,236209
D015,青岛恒星科技学院,,社会工作,35,,,259075
D015,青岛恒星科技学院,,汉语国际教育,45,,,251359
D015,青岛恒星科技学院,,英语,60,,,261998
D015,青岛恒星科技学院,,教育技术学,45,,,259198
D015,青岛恒星科技学院,,学前教育(师范类),95,,,254052
D015,青岛恒星科技学院,,种子科学与工程,40,,,251772
D015,青岛恒星科技学院,,智慧农业,60,,,254954
D015,青岛恒星科技学院,,康复治疗学,20,,,242121
D015,青岛恒星科技学院,,健康服务与管理,55,,,258309
D015,青岛恒星科技学院,,护理学,70,,,240146
D015,青岛恒星科技学院,,网络与新媒体,45,,,254234
D015,青岛恒星科技学院,,旅游管理,50,,,261541
D015,青岛恒星科技学院,,中国语言与文化,40,,,250085
D015,青岛恒星科技学院,,印刷工程,40,,,262020
D015,青岛恒星科技学院,,学前教育(师范类，校企合作，与北京罗兰盛世音乐教育科技有限公司合,15,,,254188
D015,青岛恒星科技学院,,学前教育(师范类，校企合作，与贝芽智能科技（苏州）有限公司合作),15,,,254864
D021,浙大城市学院,,软件工程,10,,,68305
D021,浙大城市学院,,自动化,10,,,81765
D021,浙大城市学院,,土木工程,6,,,123653
D021,浙大城市学院,,智能制造工程,12,,,95443
D021,浙大城市学院,,药学,12,,,98767
D021,浙大城市学院,,日语,10,,,182853
D021,浙大城市学院,,德语,10,,,146045
D021,浙大城市学院,,财务管理,10,,,78327
D021,浙大城市学院,,旅游管理,10,,,131961
D115,厦门工学院,,电气工程及其自动化,3,,,237265
D115,厦门工学院,,电子信息工程,2,,,229733
D121,西安思源学院,,教育学(师范类),2,,,216840
D121,西安思源学院,,中国语言文学类,2,,,201691
D121,西安思源学院,,建筑学,4,,,239855
D121,西安思源学院,,财务管理,2,,,220118
D121,西安思源学院,,电子商务,4,,,241874
D123,陕西国际商贸学院,,护理学,5,,,224391
D123,陕西国际商贸学院,,汉语言文学,5,,,218534
D123,陕西国际商贸学院,,学前教育(师范类),5,,,234659
D125,陕西服装工程学院,,学前教育,3,,,243803
D125,陕西服装工程学院,,小学教育,3,,,234831
D125,陕西服装工程学院,,计算机科学与技术,5,,,257907
D125,陕西服装工程学院,,会计学,5,,,241998
D188,武汉晴川学院,,商务英语,1,,,219911
D188,武汉晴川学院,,电子商务,1,,,228240
D188,武汉晴川学院,,新闻学,1,,,219441
D198,大连理工大学城市学院,,软件工程,3,,,225363
D198,大连理工大学城市学院,,数据科学与大数据技术,2,,,224404
D198,大连理工大学城市学院,,自动化,3,,,233226
D198,大连理工大学城市学院,,物联网工程,2,,,232429
D198,大连理工大学城市学院,,大数据管理与应用,2,,,233357
D198,大连理工大学城市学院,,英语,2,,,238721
D198,大连理工大学城市学院,,网络与新媒体,1,,,229186
D201,沈阳工学院,,智能制造工程,4,,,262905
D201,沈阳工学院,,会计学,4,,,240627
D201,沈阳工学院,,计算机类,8,,,262486
D201,沈阳工学院,,水利水电工程,2,,,245395
D201,沈阳工学院,,学前教育,2,,,242056
D215,辽宁师范大学海华学院,,法学,3,,,211072
D215,辽宁师范大学海华学院,,思想政治教育,1,,,214525
D215,辽宁师范大学海华学院,,汉语言文学,4,,,217567
D215,辽宁师范大学海华学院,,汉语国际教育,1,,,219493
D215,辽宁师范大学海华学院,,英语,3,,,229415
D215,辽宁师范大学海华学院,,日语,3,,,233699
D215,辽宁师范大学海华学院,,新闻学,1,,,225570
D215,辽宁师范大学海华学院,,网络与新媒体,1,,,230564
D215,辽宁师范大学海华学院,,计算机科学与技术,1,,,223603
D215,辽宁师范大学海华学院,,数据科学与大数据技术,1,,,232568
D215,辽宁师范大学海华学院,,会计学,1,,,223217
D218,大连财经学院,,会计学,2,,,146705
D218,大连财经学院,,金融学,2,,,211296
D218,大连财经学院,,跨境电子商务,2,,,226976
D218,大连财经学院,,数字经济,2,,,234725
D218,大连财经学院,,互联网金融,2,,,229093
D234,湖北大学知行学院,,国际经济与贸易,1,,,231138
D234,湖北大学知行学院,,工程造价,1,,,232501
D234,湖北大学知行学院,,英语,1,,,229233
D234,湖北大学知行学院,,商务英语,1,,,228111
D234,湖北大学知行学院,,食品科学与工程类,1,,,213284
D234,湖北大学知行学院,,汉语言文学,2,,,204685
D234,湖北大学知行学院,,旅游管理,1,,,228058
D234,湖北大学知行学院,,机械设计制造及其自动化,1,,,221491
D234,湖北大学知行学院,,应用化学,1,,,223891
D235,武汉城市学院,,电气工程及其自动化,1,,,217622
D235,武汉城市学院,,土木工程,1,,,241522
D235,武汉城市学院,,会计学,1,,,206327
D236,三峡大学科技学院,,电气工程及其自动化(含电力系统、输电线路工程方向),6,,,220343
D236,三峡大学科技学院,,新能源材料与器件,2,,,222205
D236,三峡大学科技学院,,临床医学,5,,,158836
D236,三峡大学科技学院,,金融学,2,,,222251
D236,三峡大学科技学院,,财务管理,2,,,211999
D238,湖北工业大学工程技术学院,,机械设计制造及其自动化,10,,,232116
D238,湖北工业大学工程技术学院,,电气工程及其自动化,10,,,228012
D238,湖北工业大学工程技术学院,,土木工程,10,,,240429
D238,湖北工业大学工程技术学院,,金融学,3,,,229044
D238,湖北工业大学工程技术学院,,财务管理,3,,,221329
D238,湖北工业大学工程技术学院,,英语,3,,,229462
D239,武汉工程大学邮电与信息工程学院,,过程装备与控制工程(数字化制造方向),2,,,223439
D239,武汉工程大学邮电与信息工程学院,,通信工程,13,,,233156
D239,武汉工程大学邮电与信息工程学院,,通信工程(移动通信方向),6,,,229799
D239,武汉工程大学邮电与信息工程学院,,制药工程(生物医药方向),2,,,216730
D239,武汉工程大学邮电与信息工程学院,,土木工程(道路与桥梁工程方向),7,,,238318
D240,武汉纺织大学外经贸学院,,会计学(注册会计师),2,,,222005
D240,武汉纺织大学外经贸学院,,国际经济与贸易,2,,,235689
D240,武汉纺织大学外经贸学院,,跨境电子商务,1,,,237425
D240,武汉纺织大学外经贸学院,,英语,2,,,234458
D240,武汉纺织大学外经贸学院,,日语,2,,,242253
D241,武昌工学院,,学前教育,5,,,243785
D241,武昌工学院,,机械设计制造及其自动化,3,,,237885
D241,武昌工学院,,通信工程(5G移动通信技术),3,,,239003
D241,武昌工学院,,土木工程,4,,,250250
D241,武昌工学院,,会计学(管理会计师),4,,,230858
D241,武昌工学院,,电子商务,4,,,248680
D242,武汉工商学院,,人力资源管理(数智化管理精英班),2,,,229391
D242,武汉工商学院,,会计学(注册会计师实验班),7,,,223956
D242,武汉工商学院,,金融学,2,,,223271
D242,武汉工商学院,,英语,2,,,241842
D242,武汉工商学院,,广告学,3,,,237079
D242,武汉工商学院,,电子商务,2,,,244026
D242,武汉工商学院,,物流管理(智慧物流),7,,,246016
D242,武汉工商学院,,物流工程(数字供应链),3,,,243448
D242,武汉工商学院,,计算机科学与技术(技能精英班),3,,,233917
D242,武汉工商学院,,通信工程(ICT实验班),3,,,238346
D242,武汉工商学院,,微电子科学与工程,2,,,244770
D242,武汉工商学院,,大数据管理与应用,2,,,237171
D242,武汉工商学院,,数据科学与大数据技术,2,,,245308
D245,荆州学院,,工程管理,5,,,253675
D245,荆州学院,,工程造价,5,,,245819
D245,荆州学院,,土木工程,5,,,249785
D245,荆州学院,,电子商务,5,,,235204
D245,荆州学院,,工商管理,5,,,231777
D245,荆州学院,,财务管理,5,,,228059
D245,荆州学院,,机械设计制造及其自动化,5,,,239788
D245,荆州学院,,应用化学,2,,,237699
D245,荆州学院,,护理学,2,,,203792
D245,荆州学院,,口腔医学技术,3,,,227244
D245,荆州学院,,康复治疗学,2,,,228271
D245,荆州学院,,小学教育,3,,,224314
D245,荆州学院,,计算机科学与技术,5,,,235515
D245,荆州学院,,石油工程,3,,,230440
D245,荆州学院,,新能源科学与工程,3,,,232298
D245,荆州学院,,数学与应用数学,2,,,235210
D249,湖北医药学院药护学院,,临床医学,2,,,148697
D249,湖北医药学院药护学院,,麻醉学,2,,,158077
D249,湖北医药学院药护学院,,制药工程,4,,,217523
D250,湖北恩施学院,,财务管理,10,,,233183
D251,湖北经济学院法商学院,,会计学(注册会计师),14,,,218669
D253,武汉体育学院体育科技学院,,经济学,2,,,232329
D253,武汉体育学院体育科技学院,,新闻学,2,,,223534
D256,湖北师范大学文理学院,,学前教育(师范类),2,,,203940
D256,湖北师范大学文理学院,,汉语言文学(师范类),2,,,182091
D256,湖北师范大学文理学院,,英语(师范类),1,,,208421
D256,湖北师范大学文理学院,,商务英语,1,,,219512
D256,湖北师范大学文理学院,,电气工程及其自动化,1,,,231076
D256,湖北师范大学文理学院,,数据科学与大数据技术,1,,,225262
D257,湖北文理学院理工学院,,国际经济与贸易,1,,,225897
D257,湖北文理学院理工学院,,汉语言文学,2,,,192545
D257,湖北文理学院理工学院,,学前教育,1,,,206980
D257,湖北文理学院理工学院,,计算机科学与技术,1,,,196722
D257,湖北文理学院理工学院,,土木工程(道路桥梁、智慧建造方向),1,,,228364
D262,文华学院,,电气工程及其自动化,2,,,223018
D262,文华学院,,机械设计制造及其自动化,2,,,230041
D262,文华学院,,机器人工程,2,,,233043
D262,文华学院,,建筑学,2,,,277354
D262,文华学院,,城乡规划,2,,,238993
D262,文华学院,,土木工程,2,,,236328
D262,文华学院,,给排水科学与工程,2,,,242334
D262,文华学院,,通信工程,2,,,228279
D262,文华学院,,光电信息科学与工程,2,,,232539
D262,文华学院,,计算机科学与技术,2,,,221380
D262,文华学院,,软件工程,2,,,221089
D262,文华学院,,工商管理,2,,,218523
D262,文华学院,,会计学,2,,,203910
D262,文华学院,,国际经济与贸易,2,,,226544
D262,文华学院,,日语,2,,,238929
D283,浙江农林大学暨阳学院,,机械设计制造及其自动化,3,,,230056
D283,浙江农林大学暨阳学院,,计算机科学与技术,2,,,225974
D284,温州医科大学仁济学院,,英语,3,,,220632
D284,温州医科大学仁济学院,,日语,2,,,216929
D284,温州医科大学仁济学院,,临床医学,4,,,124024
D284,温州医科大学仁济学院,,麻醉学,1,,,106051
D284,温州医科大学仁济学院,,口腔医学,1,,,26108
D284,温州医科大学仁济学院,,药学,2,,,169107
D284,温州医科大学仁济学院,,法医学,1,,,129827
D284,温州医科大学仁济学院,,医学检验技术,3,,,186224
D284,温州医科大学仁济学院,,护理学,3,,,187179
D287,湖州学院,,国际经济与贸易,2,,,157897
D287,湖州学院,,英语,3,,,172003
D290,浙江工商大学杭州商学院,,市场营销,2,,,212731
D290,浙江工商大学杭州商学院,,人力资源管理,2,,,209957
D290,浙江工商大学杭州商学院,,会计学,3,,,177317
D290,浙江工商大学杭州商学院,,会计学(智能会计方向),5,,,203026
D290,浙江工商大学杭州商学院,,财务管理,5,,,209446
D290,浙江工商大学杭州商学院,,旅游管理,2,,,224084
D290,浙江工商大学杭州商学院,,应用统计学,3,,,206052
D290,浙江工商大学杭州商学院,,金融学,4,,,205428
D290,浙江工商大学杭州商学院,,互联网金融,3,,,218449
D290,浙江工商大学杭州商学院,,法学,2,,,162264
D290,浙江工商大学杭州商学院,,英语,4,,,217829
D290,浙江工商大学杭州商学院,,计算机科学与技术,4,,,218944
D290,浙江工商大学杭州商学院,,电子商务,5,,,221730
D290,浙江工商大学杭州商学院,,跨境电子商务,6,,,227275
D291,嘉兴南湖学院,,智能制造工程,1,,,158964
D291,嘉兴南湖学院,,电气工程及其自动化,1,,,140502
D291,嘉兴南湖学院,,机械设计制造及其自动化,1,,,153571
D291,嘉兴南湖学院,,电子信息工程,2,,,151170
D291,嘉兴南湖学院,,工业设计,1,,,163286
D291,嘉兴南湖学院,,土木工程,1,,,158596
D291,嘉兴南湖学院,,工程管理,1,,,180047
D291,嘉兴南湖学院,,工程造价,1,,,180331
D291,嘉兴南湖学院,,化学工程与工艺,1,,,172694
D292,中国计量大学现代科技学院,,自动化,1,,,195688
D292,中国计量大学现代科技学院,,测控技术与仪器,1,,,201344
D296,黑龙江外国语学院,,小学教育,10,,,239757
D296,黑龙江外国语学院,,葡萄牙语,3,,,264337
D296,黑龙江外国语学院,,意大利语,2,,,261328
D296,黑龙江外国语学院,,翻译,4,,,258585
D296,黑龙江外国语学院,,商务英语,6,,,254517
D300,黑龙江工商学院,,会计学,7,,,238330
D300,黑龙江工商学院,,交通运输,5,,,261365
D303,哈尔滨剑桥学院,,工商管理类,6,,,246342
D303,哈尔滨剑桥学院,,工程造价,2,,,257768
D303,哈尔滨剑桥学院,,工程管理,2,,,259936
D304,黑龙江工程学院昆仑旅游学院,,英语,60,,,262965
D304,黑龙江工程学院昆仑旅游学院,,商务英语,20,,,263457
D304,黑龙江工程学院昆仑旅游学院,,计算机科学与技术,25,,,259733
D304,黑龙江工程学院昆仑旅游学院,,市场营销,60,,,263434
D304,黑龙江工程学院昆仑旅游学院,,财务管理,10,,,241399
D304,黑龙江工程学院昆仑旅游学院,,文化产业管理,10,,,249500
D304,黑龙江工程学院昆仑旅游学院,,跨境电子商务,30,,,263573
D304,黑龙江工程学院昆仑旅游学院,,旅游管理,35,,,262509
D304,黑龙江工程学院昆仑旅游学院,,酒店管理,30,,,261560
D304,黑龙江工程学院昆仑旅游学院,,会展经济与管理,20,,,259656
D307,哈尔滨华德学院,,机械设计制造及其自动化(英才班),10,,,264043
D307,哈尔滨华德学院,,焊接技术与工程(英才班),10,,,253517
D307,哈尔滨华德学院,,土木工程(英才班),10,,,270214
D307,哈尔滨华德学院,,电子信息工程,10,,,260793
D320,青岛黄海学院,,经济统计学,50,,,246497
D320,青岛黄海学院,,金融科技,54,,,253366
D320,青岛黄海学院,,国际经济与贸易,16,,,244275
D320,青岛黄海学院,,学前教育(师范类),149,,,249329
D320,青岛黄海学院,,日语,59,,,259566
D320,青岛黄海学院,,商务英语,75,,,254103
D320,青岛黄海学院,,机械设计制造及其自动化,48,,,260402
D320,青岛黄海学院,,车辆工程,22,,,265295
D320,青岛黄海学院,,智能制造工程,32,,,263185
D320,青岛黄海学院,,智能交互设计,22,,,260208
D320,青岛黄海学院,,电气工程及其自动化,97,,,260083
D320,青岛黄海学院,,电子信息工程,59,,,255717
D320,青岛黄海学院,,人工智能,42,,,262227
D320,青岛黄海学院,,机器人工程,30,,,264088
D320,青岛黄海学院,,计算机科学与技术,83,,,248249
D320,青岛黄海学院,,物联网工程,19,,,253904
D320,青岛黄海学院,,数据科学与大数据技术,43,,,254947
D320,青岛黄海学院,,土木工程,80,,,272845
D320,青岛黄海学院,,智能建造,50,,,265365
D320,青岛黄海学院,,船舶与海洋工程,107,,,272182
D320,青岛黄海学院,,康复治疗学,49,,,246348
D320,青岛黄海学院,,口腔医学技术,34,,,250404
D320,青岛黄海学院,,护理学,71,,,228286
D320,青岛黄海学院,,工程管理,69,,,272779
D320,青岛黄海学院,,工程造价,82,,,271046
D320,青岛黄海学院,,市场营销,32,,,256361
D320,青岛黄海学院,,会计学,47,,,235826
D320,青岛黄海学院,,财务管理,70,,,239692
D320,青岛黄海学院,,国际商务,26,,,254001
D320,青岛黄海学院,,物流管理,75,,,256510
D320,青岛黄海学院,,电子商务,31,,,243611
D320,青岛黄海学院,,影视摄影与制作,60,,,258070
D320,青岛黄海学院,,日语(校企合作，与青岛国合对外经济技术合作有限公司合作),35,,,262002
D320,青岛黄海学院,,机械设计制造及其自动化(校企合作，与青岛国合对外经济技术合作有限,30,,,267564
D320,青岛黄海学院,,机器人工程(校企合作，与青岛国合对外经济技术合作有限公司合作),30,,,271106
D320,青岛黄海学院,,计算机科学与技术(校企合作，与青岛国合对外经济技术合作有限公司合,40,,,265320
D322,山东现代学院,,康复治疗学,10,,,229493
D322,山东现代学院,,药学,12,,,227344
D322,山东现代学院,,中药制药,22,,,234786
D322,山东现代学院,,护理学,18,,,219160
D322,山东现代学院,,助产学,11,,,235960
D322,山东现代学院,,学前教育(师范类),10,,,226748
D322,山东现代学院,,汉语国际教育,20,,,233048
D322,山东现代学院,,市场营销,46,,,250692
D322,山东现代学院,,财务管理,12,,,228928
D322,山东现代学院,,计算机科学与技术,11,,,236001
D322,山东现代学院,,人工智能,18,,,252387
D322,山东现代学院,,电子信息工程,20,,,250136
D322,山东现代学院,,数字媒体技术,19,,,250740
D322,山东现代学院,,汽车服务工程,17,,,265268
D322,山东现代学院,,交通运输,11,,,239878
D322,山东现代学院,,土木工程,16,,,261474
D322,山东现代学院,,计算机科学与技术(校企合作，与山东开创集团股份有限公司合作),19,,,245000
D322,山东现代学院,,数据科学与大数据技术(校企合作，与山东开创集团股份有限公司合作),13,,,252280
D324,山东协和学院,,机械设计制造及其自动化,46,,,238521
D324,山东协和学院,,机械电子工程,51,,,247412
D324,山东协和学院,,汽车服务工程,12,,,253133
D324,山东协和学院,,工程造价,36,,,252309
D324,山东协和学院,,工程管理,30,,,255562
D324,山东协和学院,,自动化,48,,,245883
D324,山东协和学院,,土木工程,20,,,248827
D324,山东协和学院,,电气工程及其自动化,33,,,238491
D324,山东协和学院,,智能制造工程,44,,,248954
D324,山东协和学院,,护理学,123,,,221091
D324,山东协和学院,,助产学,60,,,234934
D324,山东协和学院,,计算机科学与技术,27,,,227710
D324,山东协和学院,,物联网工程,37,,,249610
D324,山东协和学院,,软件工程,29,,,234951
D324,山东协和学院,,数字媒体技术,33,,,237537
D324,山东协和学院,,人工智能,42,,,244837
D324,山东协和学院,,电子信息工程,45,,,244747
D324,山东协和学院,,数据科学与大数据技术,33,,,240172
D324,山东协和学院,,学前教育(师范类),50,,,234127
D324,山东协和学院,,英语,62,,,237487
D324,山东协和学院,,旅游管理,65,,,245827
D324,山东协和学院,,酒店管理,39,,,248388
D324,山东协和学院,,会计学,36,,,221781
D324,山东协和学院,,市场营销,42,,,246426
D324,山东协和学院,,财务管理,25,,,223175
D324,山东协和学院,,电子商务,42,,,243503
D324,山东协和学院,,审计学,21,,,223953
D324,山东协和学院,,康复治疗学,105,,,235279
D324,山东协和学院,,医学影像技术,134,,,237948
D324,山东协和学院,,医学检验技术,128,,,233822
D324,山东协和学院,,中药学,50,,,238181
D324,山东协和学院,,口腔医学,15,,,159885
D324,山东协和学院,,金融科技,25,,,243130
D324,山东协和学院,,自动化(校企合作，与山东栋梁科技设备有限公司合作),40,,,262787
D324,山东协和学院,,计算机科学与技术(校企合作，与济南博赛网络科技有限公司合作),40,,,250487
D324,山东协和学院,,数字媒体技术(校企合作，与北京高科云教育科技公司合作),50,,,261782
D324,山东协和学院,,人工智能(校企合作，与济南博赛网络科技有限公司合作),60,,,265840
D324,山东协和学院,,数据科学与大数据技术(校企合作，与北京高科云教育科技公司合作),100,,,267351
D324,山东协和学院,,会计学(校企合作，与中科启智（山东）信息有限公司合作),40,,,235412
D324,山东协和学院,,市场营销(校企合作，与中科启智（山东）信息有限公司合作),40,,,253264
D324,山东协和学院,,财务管理(校企合作，与中科启智（山东）信息有限公司合作),40,,,238975
D325,宁夏大学新华学院,,财务管理,1,,,216949
D325,宁夏大学新华学院,,电子商务,1,,,228679
D326,云南大学滇池学院,,经济学,2,,,228904
D326,云南大学滇池学院,,汉语言文学,2,,,205447
D326,云南大学滇池学院,,日语,2,,,232625
D326,云南大学滇池学院,,数学与应用数学,2,,,235032
D326,云南大学滇池学院,,通信工程,2,,,233579
D326,云南大学滇池学院,,人工智能,2,,,235374
D326,云南大学滇池学院,,工程造价,2,,,235377
D326,云南大学滇池学院,,建筑学,1,,,241323
D326,云南大学滇池学院,,城乡规划,1,,,237979
D326,云南大学滇池学院,,会计学,2,,,223520
D326,云南大学滇池学院,,创业管理,2,,,238734
D328,丽江文化旅游学院,,电子信息工程,2,,,252969
D328,丽江文化旅游学院,,计算机科学与技术,2,,,252478
D328,丽江文化旅游学院,,软件工程,2,,,250570
D328,丽江文化旅游学院,,数据科学与大数据技术,2,,,250548
D328,丽江文化旅游学院,,人工智能,2,,,255352
D330,昆明城市学院,,数据科学与大数据技术,2,,,252167
D330,昆明城市学院,,小学教育,5,,,231392
D330,昆明城市学院,,汉语言文学,5,,,221602
D330,昆明城市学院,,英语,5,,,246220
D330,昆明城市学院,,学前教育,5,,,237870
D330,昆明城市学院,,应用心理学,5,,,235898
D330,昆明城市学院,,网络与新媒体,5,,,240188
D330,昆明城市学院,,法学,5,,,215236
D330,昆明城市学院,,财务管理,5,,,233817
D330,昆明城市学院,,会计学,5,,,231514
D330,昆明城市学院,,经济学,5,,,239796
D330,昆明城市学院,,金融学,5,,,248850
D330,昆明城市学院,,工商管理,5,,,243309
D330,昆明城市学院,,电子商务,2,,,252365
D330,昆明城市学院,,计算机科学与技术,5,,,252209
D332,昆明医科大学海源学院,,临床医学,3,,,143656
D332,昆明医科大学海源学院,,口腔医学,2,,,88938
D333,云南艺术学院文华学院,,学前教育,10,,,248367
D333,云南艺术学院文华学院,,小学教育,10,,,235759
D333,云南艺术学院文华学院,,汉语言文学,10,,,225998
D333,云南艺术学院文华学院,,文化产业管理,10,,,254035
D333,云南艺术学院文华学院,,网络与新媒体,5,,,241815
D356,山东工程职业技术大学,,建筑设计,56,,,272699
D356,山东工程职业技术大学,,建筑工程,53,,,273808
D356,山东工程职业技术大学,,工程造价,56,,,270583
D356,山东工程职业技术大学,,建设工程管理,60,,,274633
D356,山东工程职业技术大学,,机械设计制造及自动化,51,,,262858
D356,山东工程职业技术大学,,智能制造工程技术,53,,,267575
D356,山东工程职业技术大学,,机械电子工程技术,56,,,267986
D356,山东工程职业技术大学,,机器人技术,60,,,270170
D356,山东工程职业技术大学,,新能源汽车工程技术,51,,,265112
D356,山东工程职业技术大学,,智能网联汽车工程技术,60,,,272290
D356,山东工程职业技术大学,,汽车服务工程技术,55,,,256169
D356,山东工程职业技术大学,,电子信息工程技术,56,,,263090
D356,山东工程职业技术大学,,软件工程技术,47,,,252732
D356,山东工程职业技术大学,,大数据工程技术,49,,,265137
D356,山东工程职业技术大学,,云计算技术,54,,,260132
D356,山东工程职业技术大学,,现代通信工程,50,,,261224
D356,山东工程职业技术大学,,婴幼儿发展与健康管理,60,,,257625
D356,山东工程职业技术大学,,大数据与财务管理,52,,,242798
D356,山东工程职业技术大学,,大数据与会计,51,,,243108
D356,山东工程职业技术大学,,企业数字化管理,60,,,254132
D356,山东工程职业技术大学,,市场营销,56,,,258821
D356,山东工程职业技术大学,,电子商务,52,,,255456
D356,山东工程职业技术大学,,物联网工程技术(校企合作，与济南博赛合作),60,,,270092
D359,烟台理工学院,,国际经济与贸易,45,,,239739
D359,烟台理工学院,,工商管理,45,,,235805
D359,烟台理工学院,,市场营销,43,,,243408
D359,烟台理工学院,,人力资源管理,45,,,236146
D359,烟台理工学院,,跨境电子商务,40,,,246388
D359,烟台理工学院,,酒店管理,28,,,245293
D359,烟台理工学院,,经济与金融,50,,,236655
D359,烟台理工学院,,投资学,45,,,244224
D359,烟台理工学院,,会计学,103,,,224230
D359,烟台理工学院,,财务管理,50,,,226245
D359,烟台理工学院,,审计学,55,,,226450
D359,烟台理工学院,,法学,90,,,208726
D359,烟台理工学院,,汉语言文学,83,,,216488
D359,烟台理工学院,,新闻学,49,,,231674
D359,烟台理工学院,,网络与新媒体,66,,,231375
D359,烟台理工学院,,英语,93,,,241476
D359,烟台理工学院,,商务英语,40,,,244494
D359,烟台理工学院,,日语,25,,,240141
D359,烟台理工学院,,机械设计制造及其自动化,55,,,239694
D359,烟台理工学院,,机械电子工程,45,,,243444
D359,烟台理工学院,,车辆工程,45,,,245057
D359,烟台理工学院,,智能制造工程,100,,,254749
D359,烟台理工学院,,通信工程,46,,,240590
D359,烟台理工学院,,电子信息科学与技术,44,,,240048
D359,烟台理工学院,,计算机科学与技术,86,,,232280
D359,烟台理工学院,,物联网工程,43,,,242336
D359,烟台理工学院,,软件工程,73,,,239988
D359,烟台理工学院,,数据科学与大数据技术,100,,,247561
D359,烟台理工学院,,人工智能,37,,,242352
D359,烟台理工学院,,自动化,41,,,237573
D359,烟台理工学院,,机器人工程,45,,,244051
D359,烟台理工学院,,食品科学与工程,48,,,236061
D359,烟台理工学院,,食品质量与安全,47,,,236545
D359,烟台理工学院,,生物工程,51,,,237324
D359,烟台理工学院,,药学,43,,,228068
D359,烟台理工学院,,建筑学,40,,,239953
D359,烟台理工学院,,工程管理,45,,,250030
D359,烟台理工学院,,机械设计制造及其自动化(中外合作办学),55,,,266054
D378,青岛城市学院,,土木工程,118,,,274676
D378,青岛城市学院,,智能建造,87,,,270481
D378,青岛城市学院,,工程造价,110,,,270000
D378,青岛城市学院,,工程管理,100,,,272759
D378,青岛城市学院,,机械设计制造及其自动化,110,,,267055
D378,青岛城市学院,,电气工程及其自动化,104,,,260562
D378,青岛城市学院,,机器人工程,70,,,267810
D378,青岛城市学院,,建筑学,91,,,253862
D378,青岛城市学院,,城乡规划,23,,,245965
D378,青岛城市学院,,计算机科学与技术,64,,,238096
D378,青岛城市学院,,软件工程,110,,,251992
D378,青岛城市学院,,网络工程,50,,,258289
D378,青岛城市学院,,物联网工程,74,,,262474
D378,青岛城市学院,,数据科学与大数据技术,84,,,255658
D378,青岛城市学院,,国际经济与贸易,172,,,262101
D378,青岛城市学院,,市场营销,56,,,260335
D378,青岛城市学院,,物流管理,43,,,253218
D378,青岛城市学院,,跨境电子商务,35,,,259189
D378,青岛城市学院,,英语,160,,,259364
D378,青岛城市学院,,德语,30,,,264319
D378,青岛城市学院,,法语,30,,,264201
D378,青岛城市学院,,俄语,30,,,264519
D378,青岛城市学院,,商务英语,45,,,261161
D378,青岛城市学院,,汉语国际教育,40,,,243441
D378,青岛城市学院,,互联网金融,153,,,261448
D378,青岛城市学院,,会计学,160,,,241235
D378,青岛城市学院,,财务管理,56,,,241163
D378,青岛城市学院,,审计学,56,,,238516
D383,山东财经大学燕山学院,,金融学,35,,,221411
D383,山东财经大学燕山学院,,互联网金融,35,,,228748
D383,山东财经大学燕山学院,,会计学,35,,,205367
D383,山东财经大学燕山学院,,财务管理,33,,,211042
D383,山东财经大学燕山学院,,工商管理,35,,,220628
D383,山东财经大学燕山学院,,人力资源管理,33,,,219976
D383,山东财经大学燕山学院,,国际经济与贸易,33,,,223899
D383,山东财经大学燕山学院,,国际商务,33,,,227286
D383,山东财经大学燕山学院,,跨境电子商务,33,,,230676
D383,山东财经大学燕山学院,,人工智能,35,,,224560
D386,山东石油化工学院,,机械设计制造及其自动化,61,,,196610
D386,山东石油化工学院,,石油工程,102,,,207000
D386,山东石油化工学院,,油气储运工程,78,,,209729
D386,山东石油化工学院,,资源勘查工程,48,,,210772
D386,山东石油化工学院,,建筑环境与能源应用工程,42,,,210069
D386,山东石油化工学院,,新能源科学与工程,60,,,193616
D386,山东石油化工学院,,海洋油气工程,60,,,205937
D386,山东石油化工学院,,应用化学,100,,,206758
D386,山东石油化工学院,,化学工程与工艺,120,,,209726
D386,山东石油化工学院,,化工安全工程,40,,,210837
D386,山东石油化工学院,,环境工程,108,,,207720
D386,山东石油化工学院,,储能科学与工程,60,,,205202
D386,山东石油化工学院,,电气工程及其自动化,77,,,188803
D386,山东石油化工学院,,材料成型及控制工程,35,,,206656
D386,山东石油化工学院,,自动化,35,,,193435
D386,山东石油化工学院,,智能制造工程,90,,,202959
D386,山东石油化工学院,,汉语言文学,77,,,150907
D386,山东石油化工学院,,财务管理,57,,,172552
D386,山东石油化工学院,,数字经济,60,,,193974
D386,山东石油化工学院,,法学,52,,,136814
D386,山东石油化工学院,,学前教育(师范类),16,,,175603
D386,山东石油化工学院,,信息与计算科学,60,,,200297
D386,山东石油化工学院,,计算机科学与技术,54,,,185217
D386,山东石油化工学院,,物联网工程,55,,,198655
D386,山东石油化工学院,,数据科学与大数据技术,30,,,196219
D386,山东石油化工学院,,英语,60,,,190253
D386,山东石油化工学院,,护理学,50,,,164689
D386,山东石油化工学院,,药学,60,,,187238
D387,山东外国语职业技术大学,,应用英语,210,,,256634
D387,山东外国语职业技术大学,,应用日语,65,,,258196
D387,山东外国语职业技术大学,,应用韩语,35,,,262016
D387,山东外国语职业技术大学,,应用俄语,45,,,263417
D387,山东外国语职业技术大学,,学前教育(师范类),50,,,240561
D387,山东外国语职业技术大学,,现代物流管理,50,,,256439
D387,山东外国语职业技术大学,,市场营销,30,,,251005
D387,山东外国语职业技术大学,,企业数字化管理,50,,,255170
D387,山东外国语职业技术大学,,跨境电子商务,50,,,258770
D387,山东外国语职业技术大学,,金融管理,90,,,258402
D387,山东外国语职业技术大学,,国际经济与贸易,90,,,253010
D387,山东外国语职业技术大学,,电子商务,70,,,258073
D387,山东外国语职业技术大学,,大数据与会计,90,,,240905
D387,山东外国语职业技术大学,,大数据与财务管理,80,,,243907
D387,山东外国语职业技术大学,,数字媒体技术(校企合作，与北京中软国际教育公司合作),50,,,269536
D387,山东外国语职业技术大学,,软件工程技术(校企合作，与北京中软国际教育公司合作),45,,,270044
D387,山东外国语职业技术大学,,大数据与会计(校企合作，与成都楷柏职业技能培训公司合作),50,,,246610
D391,河北科技学院,,经济学,3,,,232323
D391,河北科技学院,,土木工程,3,,,245116
D391,河北科技学院,,工程管理,3,,,255223
D391,河北科技学院,,电子商务,4,,,246895
D391,河北科技学院,,计算机科学与技术,3,,,234855
D391,河北科技学院,,智能车辆工程,4,,,249603
D391,河北科技学院,,小学教育,3,,,214271
D391,河北科技学院,,护理学,4,,,220482
D391,河北科技学院,,助产学,3,,,226461
D402,河北外国语学院,,葡萄牙语,2,,,258083
D402,河北外国语学院,,意大利语,2,,,256990
D402,河北外国语学院,,翻译,2,,,231897
D402,河北外国语学院,,朝鲜语,2,,,249490
D402,河北外国语学院,,法语,2,,,244142
D402,河北外国语学院,,商务英语,3,,,237404
D402,河北外国语学院,,教育学(师范类),2,,,211287
D408,华北理工大学轻工学院,,英语,3,,,222844
D408,华北理工大学轻工学院,,工商管理,2,,,227350
D408,华北理工大学轻工学院,,财务管理,5,,,220108
D408,华北理工大学轻工学院,,土木工程,5,,,243591
D411,河北师范大学汇华学院,,计算机科学与技术,2,,,209952
D411,河北师范大学汇华学院,,网络工程,2,,,218253
D411,河北师范大学汇华学院,,会计学,2,,,187170
D411,河北师范大学汇华学院,,人力资源管理,1,,,206520
D411,河北师范大学汇华学院,,数学与应用数学(师范类),3,,,204806
D411,河北师范大学汇华学院,,化学(师范类),2,,,216126
D411,河北师范大学汇华学院,,生物科学(师范类),3,,,198995
D411,河北师范大学汇华学院,,地理科学(师范类),2,,,181695
D411,河北师范大学汇华学院,,英语(师范类),5,,,196796
D411,河北师范大学汇华学院,,汉语言文学(师范类),5,,,177214
D411,河北师范大学汇华学院,,思想政治教育(师范类),5,,,187787
D411,河北师范大学汇华学院,,学前教育(师范类),3,,,204462
D414,河北经贸大学经济管理学院,,金融学类,30,,,218974
D415,河北医科大学临床学院,,临床医学,8,,,120061
D415,河北医科大学临床学院,,口腔医学,1,,,93249
D415,河北医科大学临床学院,,护理学,1,,,161305
D418,江西服装学院,,服装设计与工程,1,,,227834
D418,江西服装学院,,服装设计与工艺教育,1,,,248627
D418,江西服装学院,,纺织工程,2,,,247274
D418,江西服装学院,,国际经济与贸易,2,,,255192
D418,江西服装学院,,市场营销,2,,,258156
D418,江西服装学院,,财务管理,2,,,243755
D418,江西服装学院,,物流管理,2,,,248498
D418,江西服装学院,,电子商务,2,,,251928
D418,江西服装学院,,数据科学与大数据技术,2,,,257412
D418,江西服装学院,,软件工程,2,,,255189
D418,江西服装学院,,区块链工程,2,,,267262
D418,江西服装学院,,广告学,2,,,245545
D418,江西服装学院,,网络与新媒体,2,,,246531
D418,江西服装学院,,商务英语,2,,,253898
D421,南昌工学院,,国际经济与贸易,1,,,238455
D421,南昌工学院,,思想政治教育,2,,,206831
D421,南昌工学院,,小学教育,3,,,218745
D421,南昌工学院,,英语(教师教育方向),2,,,237102
D421,南昌工学院,,数学与应用数学(教师教育方向),2,,,227194
D421,南昌工学院,,机械设计制造及其自动化,5,,,250593
D421,南昌工学院,,材料成型及控制工程,2,,,250293
D421,南昌工学院,,机械电子工程,2,,,253941
D421,南昌工学院,,电子信息工程,2,,,247616
D421,南昌工学院,,机器人工程,2,,,249711
D421,南昌工学院,,软件工程,4,,,247985
D421,南昌工学院,,网络工程,3,,,254742
D421,南昌工学院,,物联网工程,2,,,248222
D421,南昌工学院,,数字媒体技术,2,,,247332
D421,南昌工学院,,数据科学与大数据技术,3,,,240750
D421,南昌工学院,,土木工程,4,,,254769
D421,南昌工学院,,护理学,2,,,223518
D421,南昌工学院,,工程管理,2,,,252941
D421,南昌工学院,,工程造价,5,,,252381
D421,南昌工学院,,会计学,2,,,228967
D421,南昌工学院,,财务管理,2,,,234589
D421,南昌工学院,,审计学,2,,,231701
D429,南昌大学科学技术学院,,汉语言文学,2,,,196017
D429,南昌大学科学技术学院,,新闻学,2,,,216177
D429,南昌大学科学技术学院,,国际经济与贸易,2,,,222218
D429,南昌大学科学技术学院,,旅游管理,4,,,222035
D429,南昌大学科学技术学院,,市场营销,2,,,223254
D431,南昌交通学院,,电气工程及其自动化,5,,,233938
D431,南昌交通学院,,交通运输,3,,,220525
D431,南昌交通学院,,通信工程,3,,,237214
D431,南昌交通学院,,轨道交通信号与控制,4,,,232343
D431,南昌交通学院,,土木工程,5,,,244066
D431,南昌交通学院,,铁道工程,3,,,236542
D431,南昌交通学院,,建筑学,3,,,236214
D431,南昌交通学院,,软件工程,4,,,241048
D431,南昌交通学院,,智能科学与技术,3,,,239029
D431,南昌交通学院,,机械设计制造及其自动化,4,,,239974
D431,南昌交通学院,,车辆工程,3,,,242676
D431,南昌交通学院,,机器人工程,3,,,243072
D431,南昌交通学院,,金融学,3,,,231092
D431,南昌交通学院,,市场营销,3,,,237818
D431,南昌交通学院,,会计学,4,,,225622
D431,南昌交通学院,,人力资源管理,3,,,233134
D431,南昌交通学院,,法学,3,,,202118
D431,南昌交通学院,,英语,3,,,230198
D432,赣东学院,,土木工程,1,,,213659
D432,赣东学院,,测绘工程,2,,,207627
D432,赣东学院,,软件工程,2,,,183850
D432,赣东学院,,法学,2,,,139745
D432,赣东学院,,日语,2,,,205955
D433,南昌航空大学科技学院,,飞行器制造工程,4,,,218099
D433,南昌航空大学科技学院,,材料成型及控制工程,2,,,228275
D433,南昌航空大学科技学院,,焊接技术与工程(智能焊接技术),2,,,226209
D433,南昌航空大学科技学院,,金属材料工程,2,,,225056
D433,南昌航空大学科技学院,,测控技术与仪器,3,,,225467
D433,南昌航空大学科技学院,,计算机科学与技术,3,,,218113
D433,南昌航空大学科技学院,,软件工程,3,,,222376
D433,南昌航空大学科技学院,,网络空间安全,3,,,222712
D433,南昌航空大学科技学院,,工商管理,2,,,215864
D433,南昌航空大学科技学院,,市场营销(数字营销),2,,,219543
D433,南昌航空大学科技学院,,英语,2,,,217785
D433,南昌航空大学科技学院,,智能制造工程,6,,,224949
D433,南昌航空大学科技学院,,光电信息材料与器件,3,,,227402
D433,南昌航空大学科技学院,,智能测控工程,3,,,229567
D434,赣南科技学院,,电子信息工程,2,,,193691
D434,赣南科技学院,,计算机科学与技术,2,,,181788
D434,赣南科技学院,,国际经济与贸易,2,,,200419
D434,赣南科技学院,,电子商务,2,,,198253
D434,赣南科技学院,,葡萄牙语,2,,,210580
D434,赣南科技学院,,材料成型及控制工程,2,,,212535
D434,赣南科技学院,,机械工程,2,,,202627
D434,赣南科技学院,,土木工程,2,,,204889
D434,赣南科技学院,,工程造价,2,,,210824
D436,江西农业大学南昌商学院,,数字经济,1,,,216233
D436,江西农业大学南昌商学院,,国际经济与贸易,1,,,220186
D436,江西农业大学南昌商学院,,物流管理,2,,,219111
D436,江西农业大学南昌商学院,,电子商务,1,,,216195
D437,南昌医学院,,临床医学,2,,,75340
D437,南昌医学院,,预防医学,1,,,146980
D437,南昌医学院,,中医学,2,,,96676
D437,南昌医学院,,中西医临床医学,2,,,107568
D437,南昌医学院,,针灸推拿学,2,,,107502
D437,南昌医学院,,护理学,2,,,127907
D437,南昌医学院,,助产学,2,,,159592
D437,南昌医学院,,医学检验技术,1,,,123743
D437,南昌医学院,,医学影像技术,1,,,109237
D438,江西师范大学科学技术学院,,翻译,5,,,226880
D438,江西师范大学科学技术学院,,英语(师范类),5,,,215814
D438,江西师范大学科学技术学院,,网络与新媒体,3,,,216115
D439,赣南师范大学科技学院,,汉语言文学(师范类),5,,,194066
D439,赣南师范大学科技学院,,历史学(师范类),3,,,200871
D439,赣南师范大学科技学院,,英语(师范类),8,,,214694
D439,赣南师范大学科技学院,,国际经济与贸易,5,,,224210
D439,赣南师范大学科技学院,,数学与应用数学(师范类),5,,,225492
D439,赣南师范大学科技学院,,电子信息工程,3,,,220772
D439,赣南师范大学科技学院,,计算机科学与技术(师范类),4,,,222415
D440,南昌应用技术师范学院,,英语(师范类),1,,,209555
D440,南昌应用技术师范学院,,数学与应用数学(师范类),1,,,230332
D440,南昌应用技术师范学院,,汉语言文学(师范类),1,,,184857
D440,南昌应用技术师范学院,,财务管理,1,,,220372
D440,南昌应用技术师范学院,,计算机科学与技术,1,,,223905
D440,南昌应用技术师范学院,,软件工程,1,,,223246
D441,江西财经大学现代经济管理学院,,会计学,2,,,202753
D441,江西财经大学现代经济管理学院,,会计学(注册会计师),2,,,199363
D441,江西财经大学现代经济管理学院,,财务管理,1,,,184417
D441,江西财经大学现代经济管理学院,,工程审计,2,,,224637
D441,江西财经大学现代经济管理学院,,金融学,3,,,222021
D441,江西财经大学现代经济管理学院,,国际经济与贸易,3,,,223548
D441,江西财经大学现代经济管理学院,,电子商务,3,,,223082
D441,江西财经大学现代经济管理学院,,金融科技,3,,,221264
D441,江西财经大学现代经济管理学院,,工程管理,2,,,225926
D441,江西财经大学现代经济管理学院,,工程造价,3,,,227174
D441,江西财经大学现代经济管理学院,,市场营销(数字营销),2,,,221686
D441,江西财经大学现代经济管理学院,,人力资源管理(数字人力),2,,,217665
D441,江西财经大学现代经济管理学院,,新闻学(新媒体方向),1,,,216467
D441,江西财经大学现代经济管理学院,,商务英语,3,,,224437
D441,江西财经大学现代经济管理学院,,计算机科学与技术(数智化方向),1,,,220570
D441,江西财经大学现代经济管理学院,,大数据管理与应用,1,,,221094
D441,江西财经大学现代经济管理学院,,经济统计学,2,,,216107
D441,江西财经大学现代经济管理学院,,数字经济,1,,,223581
D441,江西财经大学现代经济管理学院,,资产评估,1,,,219807
D441,江西财经大学现代经济管理学院,,会计学(智能会计方向),1,,,207037
D441,江西财经大学现代经济管理学院,,财务管理(智能财务方向),1,,,199824
D441,江西财经大学现代经济管理学院,,新闻学(影视制作方向),1,,,218876
D468,阳光学院,,计算机科学与技术,3,,,250314
D468,阳光学院,,电子信息工程,4,,,262591
D468,阳光学院,,人工智能,4,,,264946
D468,阳光学院,,电子商务,5,,,259706
D468,阳光学院,,商务英语,2,,,261418
D468,阳光学院,,工程造价,2,,,263329
D468,阳光学院,,电子商务(中外合作办学),10,,,263067
D469,厦门大学嘉庚学院,,金融学,4,,,175729
D469,厦门大学嘉庚学院,,国际经济与贸易,4,,,204441
D469,厦门大学嘉庚学院,,法学,3,,,111945
D469,厦门大学嘉庚学院,,汉语言文学,4,,,149997
D469,厦门大学嘉庚学院,,英语,4,,,219266
D469,厦门大学嘉庚学院,,广播电视学,2,,,173325
D469,厦门大学嘉庚学院,,机械设计制造及其自动化,5,,,220288
D469,厦门大学嘉庚学院,,电气工程及其自动化,3,,,215314
D469,厦门大学嘉庚学院,,自动化,4,,,219190
D469,厦门大学嘉庚学院,,计算机科学与技术,3,,,196232
D469,厦门大学嘉庚学院,,土木工程,3,,,230002
D469,厦门大学嘉庚学院,,环境科学与工程,7,,,221930
D469,厦门大学嘉庚学院,,建筑学,6,,,220420
D469,厦门大学嘉庚学院,,城乡规划,6,,,225826
D469,厦门大学嘉庚学院,,信息管理与信息系统,4,,,228301
D469,厦门大学嘉庚学院,,大数据管理与应用,2,,,200027
D469,厦门大学嘉庚学院,,市场营销,4,,,225225
D469,厦门大学嘉庚学院,,会计学,4,,,185525
D469,厦门大学嘉庚学院,,财务管理,3,,,191024
D469,厦门大学嘉庚学院,,文化产业管理,3,,,212998
D469,厦门大学嘉庚学院,,行政管理,2,,,197206
D469,厦门大学嘉庚学院,,电子商务,2,,,212723
D471,集美大学诚毅学院,,财政学,2,,,209420
D471,集美大学诚毅学院,,金融学,2,,,188591
D471,集美大学诚毅学院,,国际经济与贸易,2,,,218837
D471,集美大学诚毅学院,,法学,2,,,146201
D471,集美大学诚毅学院,,汉语言文学,2,,,140266
D471,集美大学诚毅学院,,英语,3,,,219003
D471,集美大学诚毅学院,,机械工程,2,,,221240
D471,集美大学诚毅学院,,智能制造工程,3,,,225966
D471,集美大学诚毅学院,,电子信息工程,2,,,221010
D471,集美大学诚毅学院,,计算机科学与技术,2,,,218463
D471,集美大学诚毅学院,,数字媒体技术,1,,,213506
D471,集美大学诚毅学院,,数据科学与大数据技术,2,,,223226
D471,集美大学诚毅学院,,工商管理,2,,,216014
D471,集美大学诚毅学院,,会计学,3,,,196940
D497,郑州财经学院,,工商管理,6,,,223794
D497,郑州财经学院,,会计学,8,,,205411
D497,郑州财经学院,,小学教育(师范类),6,,,196347
D497,郑州财经学院,,金融学,4,,,213869
D497,郑州财经学院,,电子商务,6,,,222686
D497,郑州财经学院,,大数据管理与应用,6,,,231533
D497,郑州财经学院,,工程造价,6,,,230696
D497,郑州财经学院,,英语,6,,,218927
D497,郑州财经学院,,网络与新媒体,6,,,221824
D497,郑州财经学院,,数据科学与大数据技术,8,,,222973
D497,郑州财经学院,,车辆工程,6,,,229911
D500,商丘工学院,,机械设计制造及其自动化,20,,,235974
D500,商丘工学院,,物联网工程,10,,,234751
D500,商丘工学院,,城市地下空间工程,20,,,243976
D501,河南开封科技传媒学院,,汉语言文学(师范类),10,,,201839
D501,河南开封科技传媒学院,,网络工程,10,,,234803
D503,信阳学院,,汉语言文学(师范类),3,,,201670
D503,信阳学院,,数学与应用数学(师范类),2,,,219804
D505,新乡医学院三全学院,,临床医学,5,,,141352
D507,郑州工商学院,,计算机科学与技术,5,,,220321
D507,郑州工商学院,,数据科学与大数据技术,5,,,225292
D507,郑州工商学院,,财务管理,4,,,214424
D507,郑州工商学院,,会计学,4,,,208567
D507,郑州工商学院,,法学,4,,,199800
D507,郑州工商学院,,英语,4,,,220857
D511,兰州工商学院,,金融学,6,,,251193
D511,兰州工商学院,,法学,3,,,212932
D511,兰州工商学院,,法学(法检业务方向),3,,,214852
D511,兰州工商学院,,法学(行政法务方向),3,,,217043
D511,兰州工商学院,,土木工程,2,,,244895
D511,兰州工商学院,,工程管理,3,,,252400
D511,兰州工商学院,,网络工程,3,,,240435
D511,兰州工商学院,,电子商务,2,,,242875
D511,兰州工商学院,,人力资源管理,3,,,235520
D511,兰州工商学院,,会计学,2,,,212786
D511,兰州工商学院,,会计学(管理会计方向),2,,,223868
D511,兰州工商学院,,会计学(注册会计师方向),3,,,227393
D514,兰州博文科技学院,,机械设计制造及其自动化,2,,,238401
D514,兰州博文科技学院,,车辆工程,2,,,245041
D514,兰州博文科技学院,,电气工程及其自动化,3,,,240194
D514,兰州博文科技学院,,土木工程,3,,,250454
D514,兰州博文科技学院,,道路桥梁与渡河工程,2,,,258223
D514,兰州博文科技学院,,交通运输,3,,,234343
D514,兰州博文科技学院,,工程管理,2,,,254884
D514,兰州博文科技学院,,数字媒体技术,2,,,234491
D514,兰州博文科技学院,,轨道交通信号与控制,2,,,240599
D514,兰州博文科技学院,,物流工程,2,,,251187
D514,兰州博文科技学院,,大数据管理与应用,2,,,245208
D514,兰州博文科技学院,,智慧交通,2,,,248576
D514,兰州博文科技学院,,英语,2,,,241119
D514,兰州博文科技学院,,广告学,2,,,243006
D514,兰州博文科技学院,,会计学,3,,,230381
D514,兰州博文科技学院,,财务管理,2,,,235840
D514,兰州博文科技学院,,电子商务,2,,,244377
D514,兰州博文科技学院,,酒店管理,2,,,249363
D534,山西工学院,,采矿工程,2,,,209703
D534,山西工学院,,化学工程与工艺,4,,,205768
D534,山西工学院,,电气工程及其自动化,2,,,189441
D534,山西工学院,,自动化,5,,,200801
D534,山西工学院,,能源互联网工程,5,,,207209
D534,山西工学院,,机械电子工程,5,,,206388
D534,山西工学院,,无机非金属材料工程,6,,,212562
D534,山西工学院,,环境工程,6,,,208250
D534,山西工学院,,应用化学,6,,,204551
D534,山西工学院,,粉体材料科学与工程,3,,,212826
D534,山西工学院,,车辆工程,5,,,204903
D534,山西工学院,,机械设计制造及其自动化,3,,,203609
D534,山西工学院,,工业设计,5,,,212411
D534,山西工学院,,智能制造工程,6,,,203075
D534,山西工学院,,计算机科学与技术,1,,,167921
D534,山西工学院,,物联网工程,6,,,193528
D534,山西工学院,,软件工程,6,,,196925
D534,山西工学院,,电子信息工程,4,,,197734
D534,山西工学院,,通信工程,5,,,203437
D534,山西工学院,,国际经济与贸易,2,,,200392
D534,山西工学院,,财务管理,1,,,175176
D534,山西工学院,,物流管理,1,,,185379
D534,山西工学院,,土木工程,5,,,202428
D534,山西工学院,,建筑学,6,,,181944
D535,晋中信息学院,,计算机科学与技术,1,,,224876
D535,晋中信息学院,,网络工程,1,,,225753
D535,晋中信息学院,,软件工程,1,,,226024
D535,晋中信息学院,,机械设计制造及其自动化,1,,,228090
D535,晋中信息学院,,电气工程及其自动化,1,,,224879
D535,晋中信息学院,,国际经济与贸易,1,,,231568
D535,晋中信息学院,,互联网金融,1,,,228721
D535,晋中信息学院,,财务管理,1,,,209198
D535,晋中信息学院,,审计学,1,,,215795
D535,晋中信息学院,,英语,1,,,231625
D538,山西晋中理工学院,,机械设计制造及其自动化,18,,,229991
D538,山西晋中理工学院,,市场营销,2,,,222479
D558,新疆理工学院,,信息与计算科学,10,,,219899
D558,新疆理工学院,,金融学,6,,,222173
D558,新疆理工学院,,国际经济与贸易,4,,,214262
D558,新疆理工学院,,工商管理,6,,,213179
D558,新疆理工学院,,市场营销,5,,,216379
D558,新疆理工学院,,旅游管理,4,,,216085
D558,新疆理工学院,,物流管理,5,,,215174
D558,新疆理工学院,,法学,4,,,178903
D558,新疆理工学院,,社会工作,4,,,211901
D558,新疆理工学院,,英语,2,,,211339
D558,新疆理工学院,,商务英语,2,,,213024
D558,新疆理工学院,,机械设计制造及其自动化,12,,,218138
D558,新疆理工学院,,机械电子工程,3,,,217110
D558,新疆理工学院,,机器人工程,7,,,220136
D558,新疆理工学院,,土木工程,7,,,219785
D558,新疆理工学院,,电气工程及其自动化,16,,,215807
D558,新疆理工学院,,测控技术与仪器,2,,,217402
D558,新疆理工学院,,物流工程,6,,,221396
D558,新疆理工学院,,工程管理,2,,,219730
D558,新疆理工学院,,材料成型及控制工程,2,,,220373
D558,新疆理工学院,,通信工程,6,,,217284
D558,新疆理工学院,,计算机科学与技术,5,,,214922
D558,新疆理工学院,,软件工程,3,,,213656
D558,新疆理工学院,,智能科学与技术,5,,,218525
D558,新疆理工学院,,数字媒体技术,3,,,216490
D558,新疆理工学院,,信息管理与信息系统,4,,,220285
D558,新疆理工学院,,过程装备与控制工程,15,,,222704
D558,新疆理工学院,,能源化学工程,12,,,217129
D558,新疆理工学院,,能源服务工程,8,,,220814
D558,新疆理工学院,,材料化学,3,,,223206
D558,新疆理工学院,,储能科学与工程,2,,,220575
D558,新疆理工学院,,食品营养与检验教育,3,,,214021
D558,新疆理工学院,,食品安全与检测,3,,,213602
D558,新疆理工学院,,食品卫生与营养学,4,,,227411
D560,新疆第二医学院,,临床医学,21,,,114225
D560,新疆第二医学院,,口腔医学,10,,,90172
D560,新疆第二医学院,,中西医临床医学,3,,,116370
D560,新疆第二医学院,,药学,1,,,142605
D560,新疆第二医学院,,护理学,4,,,170411
D560,新疆第二医学院,,信息管理与信息系统,2,,,207882
D560,新疆第二医学院,,公共事业管理,2,,,210534
D560,新疆第二医学院,,卫生检验与检疫,1,,,172891
D560,新疆第二医学院,,预防医学,4,,,170034
D560,新疆第二医学院,,麻醉学,9,,,115395
D561,新疆科技学院,,会计学,9,,,198110
D561,新疆科技学院,,财务管理,8,,,201787
D561,新疆科技学院,,工程审计,5,,,222520
D561,新疆科技学院,,税收学,7,,,209028
D561,新疆科技学院,,金融学,9,,,213954
D561,新疆科技学院,,国际经济与贸易,4,,,214625
D561,新疆科技学院,,人力资源管理,5,,,213856
D561,新疆科技学院,,市场营销,5,,,216697
D561,新疆科技学院,,法学,5,,,180754
D561,新疆科技学院,,新闻学,6,,,213607
D561,新疆科技学院,,旅游管理,7,,,217161
D561,新疆科技学院,,计算机科学与技术,5,,,211556
D561,新疆科技学院,,信息安全,5,,,217220
D561,新疆科技学院,,电子商务,2,,,213884
D561,新疆科技学院,,化学工程与工艺,3,,,219849
D561,新疆科技学院,,纺织工程,3,,,222863
D561,新疆科技学院,,轻化工程,3,,,221398
D561,新疆科技学院,,药学,4,,,219815
D561,新疆科技学院,,康复治疗学,3,,,208256
D561,新疆科技学院,,护理学,5,,,186710
D561,新疆科技学院,,医疗保险,2,,,204183
D569,西安交通工程学院,,交通运输,3,,,232787
D569,西安交通工程学院,,电气工程及其自动化,4,,,232778
D569,西安交通工程学院,,工程造价,4,,,238229
D569,西安交通工程学院,,财务管理,2,,,218915
D569,西安交通工程学院,,学前教育(师范类),4,,,228885
D571,无锡太湖学院,,金融学,5,,,228354
D571,无锡太湖学院,,国际经济与贸易,5,,,234052
D571,无锡太湖学院,,工商管理,5,,,229274
D571,无锡太湖学院,,跨境电子商务,5,,,241639
D571,无锡太湖学院,,会计学,5,,,215282
D571,无锡太湖学院,,财务管理,5,,,223861
D571,无锡太湖学院,,通信工程,5,,,231886
D571,无锡太湖学院,,计算机科学与技术,5,,,233573
D571,无锡太湖学院,,软件工程,5,,,239934
D571,无锡太湖学院,,机械工程,10,,,242653
D571,无锡太湖学院,,英语,5,,,241850
D578,河北工程大学科信学院,,国际经济与贸易,2,,,214044
D578,河北工程大学科信学院,,机械设计制造及其自动化,2,,,213464
D578,河北工程大学科信学院,,材料成型及控制工程,2,,,220330
D578,河北工程大学科信学院,,车辆工程,2,,,219914
D578,河北工程大学科信学院,,能源与动力工程,3,,,215565
D578,河北工程大学科信学院,,电气工程及其自动化,2,,,214629
D578,河北工程大学科信学院,,电子信息工程,2,,,217132
D578,河北工程大学科信学院,,通信工程,2,,,215560
D578,河北工程大学科信学院,,自动化,2,,,218291
D578,河北工程大学科信学院,,计算机科学与技术,2,,,217304
D578,河北工程大学科信学院,,土木工程,2,,,220252
D578,河北工程大学科信学院,,建筑环境与能源应用工程,2,,,222372
D578,河北工程大学科信学院,,给排水科学与工程,3,,,218662
D578,河北工程大学科信学院,,水利水电工程,2,,,216583
D578,河北工程大学科信学院,,交通工程,2,,,210829
D578,河北工程大学科信学院,,食品科学与工程,2,,,210752
D578,河北工程大学科信学院,,工程管理,3,,,220464
D578,河北工程大学科信学院,,会计学,3,,,192447
D579,中国矿业大学徐海学院,,金融学,4,,,217067
D579,中国矿业大学徐海学院,,汉语言文学,4,,,190266
D579,中国矿业大学徐海学院,,会计学,4,,,191798
D579,中国矿业大学徐海学院,,机械工程,10,,,225209
D579,中国矿业大学徐海学院,,智能制造工程,6,,,221736
D579,中国矿业大学徐海学院,,电气工程及其自动化,8,,,220460
D579,中国矿业大学徐海学院,,电子科学与技术,6,,,220058
D579,中国矿业大学徐海学院,,土木工程,8,,,227864
D588,重庆外语外事学院,,英语,2,,,218719
D588,重庆外语外事学院,,翻译,2,,,240269
D588,重庆外语外事学院,,俄语,2,,,224130
D588,重庆外语外事学院,,德语,3,,,234740
D588,重庆外语外事学院,,日语,4,,,230343
D588,重庆外语外事学院,,阿拉伯语,2,,,237594
D589,重庆对外经贸学院,,汉语言文学(师范类),3,,,203494
D589,重庆对外经贸学院,,计算机科学与技术,2,,,225754
D590,重庆财经学院,,会计学,2,,,208509
D590,重庆财经学院,,计算机类,3,,,222737
D593,石家庄铁道大学四方学院,,机械设计制造及其自动化,1,,,103578
D593,石家庄铁道大学四方学院,,无机非金属材料工程,3,,,222148
D593,石家庄铁道大学四方学院,,电气工程及其自动化,15,,,215204
D593,石家庄铁道大学四方学院,,轨道交通信号与控制,8,,,204004
D593,石家庄铁道大学四方学院,,计算机科学与技术,2,,,194521
D593,石家庄铁道大学四方学院,,土木工程,13,,,223265
D593,石家庄铁道大学四方学院,,测绘工程,5,,,221085
D593,石家庄铁道大学四方学院,,交通工程,2,,,157182
D593,石家庄铁道大学四方学院,,工程管理,6,,,220520
D593,石家庄铁道大学四方学院,,工程造价,2,,,222506
D593,石家庄铁道大学四方学院,,会计学,3,,,191969
D593,石家庄铁道大学四方学院,,财务管理,6,,,198406
D594,河北地质大学华信学院,,金融学类,2,,,227843
D594,河北地质大学华信学院,,英语,2,,,229041
D594,河北地质大学华信学院,,计算机类,2,,,226693
D594,河北地质大学华信学院,,地质类,2,,,222103
D594,河北地质大学华信学院,,环境工程,2,,,227117
D594,河北地质大学华信学院,,护理学,2,,,194835
D594,河北地质大学华信学院,,工商管理类,2,,,215115
D594,河北地质大学华信学院,,电子商务,2,,,229162
D594,河北地质大学华信学院,,工商管理类,2,,,228449
D594,河北地质大学华信学院,,土木工程,2,,,248049
D596,华北理工大学冀唐学院,,临床医学,5,,,123624
D596,华北理工大学冀唐学院,,护理学,5,,,183146
D597,山西科技学院,,电子信息工程,4,,,182312
D597,山西科技学院,,通信工程,4,,,182766
D597,山西科技学院,,光电信息科学与工程,2,,,193352
D597,山西科技学院,,安全工程,2,,,205928
D597,山西科技学院,,机械设计制造及其自动化,2,,,176918
D597,山西科技学院,,材料成型及控制工程,2,,,208181
D597,山西科技学院,,过程装备与控制工程,2,,,207510
D597,山西科技学院,,电气工程及其自动化,4,,,188705
D597,山西科技学院,,自动化,2,,,191176
D597,山西科技学院,,无机非金属材料工程,2,,,205539
D597,山西科技学院,,焊接技术与工程,2,,,215175
D597,山西科技学院,,计算机科学与技术,2,,,164926
D599,大连艺术学院,,艺术教育,14,,,263778
D599,大连艺术学院,,日语,20,,,266152
D599,大连艺术学院,,园艺,10,,,259183
D599,大连艺术学院,,文化产业管理,21,,,260211
D599,大连艺术学院,,电子商务,15,,,263673
D599,大连艺术学院,,跨境电子商务,14,,,264208
D599,大连艺术学院,,旅游管理,4,,,256835
D600,长春光华学院,,电子商务,6,,,250933
D600,长春光华学院,,工商管理,4,,,247008
D600,长春光华学院,,广告学,3,,,248716
D600,长春光华学院,,汉语言文学,11,,,225541
D600,长春光华学院,,秘书学,3,,,241908
D600,长春光华学院,,新闻学,4,,,241679
D600,长春光华学院,,朝鲜语,4,,,260908
D600,长春光华学院,,商务英语,5,,,249279
D600,长春光华学院,,英语,5,,,249368
D600,长春光华学院,,机械电子工程,12,,,264249
D600,长春光华学院,,机械工程,5,,,264675
D600,长春光华学院,,机械设计制造及其自动化,3,,,245095
D600,长春光华学院,,电气工程及其自动化,5,,,248941
D600,长春光华学院,,计算机科学与技术,8,,,245705
D600,长春光华学院,,物联网工程,5,,,255555
D600,长春光华学院,,财务管理,8,,,243784
D600,长春光华学院,,国际经济与贸易,8,,,253420
D600,长春光华学院,,会计学,10,,,233729
D600,长春光华学院,,金融学,10,,,253355
D600,长春光华学院,,经济学,5,,,250477
D600,长春光华学院,,学前教育,12,,,249527
D600,长春光华学院,,应用心理学,6,,,242696
D600,长春光华学院,,播音与主持艺术,2,,,251019
D600,长春光华学院,,广播电视编导,2,,,251312
D600,长春光华学院,,小学教育,4,,,234159
D600,长春光华学院,,智能制造工程,3,,,255673
D601,长春工业大学人文信息学院,,机械设计制造及其自动化,1,,,232980
D601,长春工业大学人文信息学院,,智能制造工程,1,,,243327
D601,长春工业大学人文信息学院,,车辆工程,1,,,240659
D601,长春工业大学人文信息学院,,新能源汽车工程,1,,,219903
D601,长春工业大学人文信息学院,,智能车辆工程,1,,,232185
D601,长春工业大学人文信息学院,,电气工程及其自动化,1,,,229973
D601,长春工业大学人文信息学院,,轨道交通信号与控制,2,,,245128
D601,长春工业大学人文信息学院,,机器人工程,1,,,245342
D601,长春工业大学人文信息学院,,数据科学与大数据技术,1,,,230227
D601,长春工业大学人文信息学院,,软件工程,1,,,83975
D601,长春工业大学人文信息学院,,电子信息工程,1,,,232159
D601,长春工业大学人文信息学院,,制药工程,2,,,224039
D601,长春工业大学人文信息学院,,英语,2,,,241951
D601,长春工业大学人文信息学院,,电子商务,2,,,236643
D601,长春工业大学人文信息学院,,国际经济与贸易,2,,,248413
D601,长春工业大学人文信息学院,,人力资源管理,3,,,239007
D601,长春工业大学人文信息学院,,物流管理,2,,,234143
D601,长春工业大学人文信息学院,,工程造价,2,,,245268
D601,长春工业大学人文信息学院,,土木工程,1,,,240270
D601,长春工业大学人文信息学院,,会计学,4,,,234060
D601,长春工业大学人文信息学院,,金融学,2,,,237130
D601,长春工业大学人文信息学院,,法学,4,,,214511
D602,长春电子科技学院,,机械设计制造及其自动化,9,,,261067
D602,长春电子科技学院,,机械电子工程,6,,,257824
D603,长春财经学院,,会计学,4,,,217790
D603,长春财经学院,,金融学,3,,,238104
D604,吉林建筑科技学院,,土木工程,2,,,256085
D604,吉林建筑科技学院,,自动化,2,,,245554
D605,长春建筑学院,,电气工程及其自动化,4,,,235213
D605,长春建筑学院,,电子信息工程,2,,,235436
D605,长春建筑学院,,通信工程,2,,,242554
D605,长春建筑学院,,自动化,2,,,238678
D605,长春建筑学院,,计算机科学与技术,2,,,235361
D605,长春建筑学院,,数字媒体技术,4,,,254061
D605,长春建筑学院,,土木工程,5,,,262612
D605,长春建筑学院,,建筑环境与能源应用工程,4,,,255924
D605,长春建筑学院,,城市地下空间工程,3,,,257620
D605,长春建筑学院,,道路桥梁与渡河工程,4,,,260490
D605,长春建筑学院,,交通工程,5,,,238465
D605,长春建筑学院,,建筑学,3,,,229520
D605,长春建筑学院,,城乡规划,2,,,234617
D605,长春建筑学院,,风景园林,2,,,229943
D605,长春建筑学院,,工程管理,3,,,264649
D605,长春建筑学院,,工程造价,3,,,244031
D605,长春建筑学院,,财务管理,5,,,244500
D605,长春建筑学院,,电子商务,2,,,254301
D605,长春建筑学院,,广告学,4,,,244184
D605,长春建筑学院,,智慧交通,4,,,250418
D606,长春科技学院,,计算机类,2,,,247129
D606,长春科技学院,,工商管理,2,,,240860
D606,长春科技学院,,中医学,2,,,152772
D606,长春科技学院,,护理学,2,,,213210
D607,吉林动画学院,,广告学,6,,,255537
D607,吉林动画学院,,市场营销,5,,,251589
D607,吉林动画学院,,互联网金融,3,,,245403
D607,吉林动画学院,,软件工程,7,,,253827
D607,吉林动画学院,,数字媒体技术,16,,,254652
D607,吉林动画学院,,虚拟现实技术,7,,,255984
D607,吉林动画学院,,飞行器制造工程,3,,,248394
D607,吉林动画学院,,飞行器控制与信息工程,3,,,250032
D607,吉林动画学院,,飞行器动力工程,3,,,247623
D607,吉林动画学院,,新媒体技术,7,,,258561
D611,蚌埠工商学院,,会计学,4,,,216664
D611,蚌埠工商学院,,金融学,4,,,231722
D611,蚌埠工商学院,,财务管理,4,,,221967
D611,蚌埠工商学院,,国际经济与贸易,4,,,235010
D613,安徽信息工程学院,,计算机科学与技术,4,,,228385
D613,安徽信息工程学院,,软件工程,4,,,232026
D613,安徽信息工程学院,,电气工程及其自动化,4,,,232350
D613,安徽信息工程学院,,机械设计制造及其自动化,4,,,238169
D613,安徽信息工程学院,,智能制造工程,4,,,239069
D614,马鞍山学院,,机械设计制造及其自动化,5,,,234729
D614,马鞍山学院,,电气工程及其自动化,5,,,230176
D614,马鞍山学院,,计算机科学与技术,5,,,232549
D614,马鞍山学院,,财务管理,5,,,225447
D615,合肥城市学院,,土木工程,2,,,231102
D615,合肥城市学院,,建筑环境与能源应用工程,2,,,242752
D615,合肥城市学院,,安全工程,2,,,230405
D615,合肥城市学院,,工程管理,2,,,244279
D615,合肥城市学院,,资产评估,2,,,229006
D618,安徽医科大学临床医学院,,临床医学,8,,,139368
D623,长春大学旅游学院,,旅游管理,5,,,249686
D623,长春大学旅游学院,,酒店管理,5,,,257961
D623,长春大学旅游学院,,会计学,5,,,235524
D623,长春大学旅游学院,,财务管理,5,,,241145
D624,泰山科技学院,,计算机科学与技术,40,,,245600
D624,泰山科技学院,,数据科学与大数据技术,30,,,260156
D624,泰山科技学院,,信息管理与信息系统,33,,,267133
D624,泰山科技学院,,大数据管理与应用,33,,,260525
D624,泰山科技学院,,虚拟现实技术,25,,,269790
D624,泰山科技学院,,区块链工程,25,,,269776
D624,泰山科技学院,,信息安全,25,,,264933
D624,泰山科技学院,,电气工程及其自动化,53,,,262734
D624,泰山科技学院,,机械设计制造及其自动化,25,,,249734
D624,泰山科技学院,,智能制造工程,31,,,267721
D624,泰山科技学院,,智能车辆工程,33,,,270452
D624,泰山科技学院,,土木工程,63,,,274257
D624,泰山科技学院,,工程管理,29,,,273043
D624,泰山科技学院,,智能建造,29,,,272319
D624,泰山科技学院,,通信工程,29,,,265475
D624,泰山科技学院,,电子信息工程,33,,,264652
D624,泰山科技学院,,物联网工程,31,,,264630
D624,泰山科技学院,,电信工程及管理,35,,,264927
D624,泰山科技学院,,人工智能,29,,,266149
D624,泰山科技学院,,电子商务,29,,,254251
D624,泰山科技学院,,会计学,38,,,228365
D624,泰山科技学院,,金融学,28,,,245790
D624,泰山科技学院,,工商管理,29,,,249575
D624,泰山科技学院,,人力资源管理,24,,,247809
D624,泰山科技学院,,财务管理,9,,,233451
D624,泰山科技学院,,市场营销,35,,,258232
D624,泰山科技学院,,行政管理,29,,,242178
D624,泰山科技学院,,法学,54,,,223422
D624,泰山科技学院,,秘书学,35,,,249774
D624,泰山科技学院,,电子商务及法律,28,,,251715
D624,泰山科技学院,,网络与新媒体,28,,,251079
D626,昆明理工大学津桥学院,,计算机科学与技术,3,,,235931
D626,昆明理工大学津桥学院,,建筑学,2,,,229740
D626,昆明理工大学津桥学院,,土木工程,5,,,247958
D626,昆明理工大学津桥学院,,工程管理,5,,,247720
D626,昆明理工大学津桥学院,,会计学,4,,,233634
D626,昆明理工大学津桥学院,,英语,6,,,243345
D626,昆明理工大学津桥学院,,法学,5,,,214206
D628,新疆政法学院,,法学,38,,,176010
D628,新疆政法学院,,汉语言文学,14,,,187297
D628,新疆政法学院,,工商管理,4,,,210701
D628,新疆政法学院,,公共事业管理,5,,,211625
D628,新疆政法学院,,国际经济与贸易,10,,,214195
D628,新疆政法学院,,计算机科学与技术,20,,,217543
D628,新疆政法学院,,英语,9,,,208879
D628,新疆政法学院,,监狱学,16,,,187856
D628,新疆政法学院,,社区矫正,12,,,202181
D628,新疆政法学院,,财务管理,11,,,205814
D628,新疆政法学院,,学前教育,6,,,208215
D628,新疆政法学院,,司法警察学,8,,,185220
D628,新疆政法学院,,网络空间安全,8,,,218782
D628,新疆政法学院,,经济学,7,,,211915
D628,新疆政法学院,,历史学,7,,,202123
D628,新疆政法学院,,政治学与行政学,11,,,203629
D631,大连东软信息学院,,计算机科学与技术,5,,,222670
D631,大连东软信息学院,,电子信息工程,5,,,234711
D632,上海视觉艺术学院,,文化产业管理,5,,,161890
D634,武汉学院,,金融学类,4,,,224216
D634,武汉学院,,财政学类,7,,,214047
D634,武汉学院,,国际经济与贸易,4,,,226162
D634,武汉学院,,会计学,4,,,202261
D634,武汉学院,,法学,6,,,180408
D635,长沙理工大学城南学院,,市场营销,2,,,217070
D635,长沙理工大学城南学院,,会计学,2,,,201699
D635,长沙理工大学城南学院,,电气工程及其自动化,4,,,218779
D635,长沙理工大学城南学院,,计算机科学与技术,2,,,206636
D635,长沙理工大学城南学院,,土木工程,2,,,224030
D636,上海外国语大学贤达经济人文学院,,英语,2,,,221752
D636,上海外国语大学贤达经济人文学院,,日语,2,,,221679
D636,上海外国语大学贤达经济人文学院,,翻译,2,,,247056
D636,上海外国语大学贤达经济人文学院,,国际经济与贸易,2,,,182841
D636,上海外国语大学贤达经济人文学院,,金融学,2,,,209486
D636,上海外国语大学贤达经济人文学院,,学前教育(双语班),2,,,241812
D636,上海外国语大学贤达经济人文学院,,会计学(全英语教学班),2,,,210071
D636,上海外国语大学贤达经济人文学院,,大数据管理与应用,2,,,247582
D637,温州商学院,,金融学,1,,,224971
D637,温州商学院,,金融科技,1,,,239648
D637,温州商学院,,工商管理类,1,,,234924
D637,温州商学院,,会计学,1,,,209544
D637,温州商学院,,外国语言文学类,1,,,216781
D637,温州商学院,,新闻传播学类,1,,,197432
D641,桂林学院,,汉语言文学(师范类),2,,,196874
D641,桂林学院,,英语(师范类),2,,,211967
D641,桂林学院,,新闻传播学类,2,,,225811
D641,桂林学院,,数字媒体技术,3,,,245499
D641,桂林学院,,金融学类,4,,,229418
D641,桂林学院,,国际经济与贸易,3,,,236573
D641,桂林学院,,法学,2,,,191811
D641,桂林学院,,旅游管理类,3,,,233236
D641,桂林学院,,工商管理类,3,,,228156
D641,桂林学院,,会计学,3,,,224072
D641,桂林学院,,工程造价,4,,,248936
D641,桂林学院,,城乡规划,3,,,250002
D641,桂林学院,,健康服务与管理,3,,,227087
D641,桂林学院,,数学与应用数学(师范类),3,,,225873
D641,桂林学院,,计算机科学与技术,4,,,235203
D641,桂林学院,,软件工程,3,,,242498
D641,桂林学院,,数据科学与大数据技术,4,,,242742
D641,桂林学院,,电子信息工程,4,,,242750
D641,桂林学院,,物联网工程,4,,,242791
D641,桂林学院,,智能测控工程,3,,,248081
D641,桂林学院,,医学信息工程,3,,,242977
D643,广西中医药大学赛恩斯新医药学院,,中医学,6,,,138912
D643,广西中医药大学赛恩斯新医药学院,,针灸推拿学,6,,,151003
D643,广西中医药大学赛恩斯新医药学院,,医学检验技术,4,,,205155
D643,广西中医药大学赛恩斯新医药学院,,护理学,4,,,197423
D650,贵阳信息科技学院,,工程造价,2,,,240277
D650,贵阳信息科技学院,,工商管理,3,,,236824
D650,贵阳信息科技学院,,会计学,3,,,221677
D650,贵阳信息科技学院,,人力资源管理,3,,,235956
D650,贵阳信息科技学院,,电子信息工程,3,,,235118
D650,贵阳信息科技学院,,土木工程,3,,,247325
D653,遵义医科大学医学与科技学院,,临床医学,8,,,176574
D653,遵义医科大学医学与科技学院,,麻醉学,7,,,189344
D654,南京理工大学紫金学院,,会计学,1,,,146567
D654,南京理工大学紫金学院,,人力资源管理,1,,,192521
D654,南京理工大学紫金学院,,电气工程及其自动化,2,,,198966
D654,南京理工大学紫金学院,,光电信息科学与工程,1,,,182265
D654,南京理工大学紫金学院,,通信工程,1,,,24283
D654,南京理工大学紫金学院,,工业工程,2,,,212361
D658,天津外国语大学滨海外事学院,,英语,1,,,213855
D658,天津外国语大学滨海外事学院,,德语,1,,,224489
D658,天津外国语大学滨海外事学院,,日语,1,,,204572
D658,天津外国语大学滨海外事学院,,国际经济与贸易,1,,,211121
D658,天津外国语大学滨海外事学院,,护理学,2,,,203213
D658,天津外国语大学滨海外事学院,,行政管理,1,,,195789
D658,天津外国语大学滨海外事学院,,酒店管理,1,,,221360
D660,天津商业大学宝德学院,,英语,2,,,221665
D660,天津商业大学宝德学院,,日语,2,,,221888
D660,天津商业大学宝德学院,,工商管理类,4,,,210588
D661,天津医科大学临床医学院,,临床医学,4,,,108709
D661,天津医科大学临床医学院,,口腔医学,4,,,81615
D661,天津医科大学临床医学院,,护理学,9,,,184986
D662,长春人文学院,,俄语,2,,,234472
D664,武汉工程科技学院,,土木工程,2,,,260474
D664,武汉工程科技学院,,工程造价,2,,,249977
D664,武汉工程科技学院,,软件工程,2,,,232624
D664,武汉工程科技学院,,数据科学与大数据技术,2,,,242690
D664,武汉工程科技学院,,会计学,2,,,228372
D664,武汉工程科技学院,,财务管理,2,,,229400
D665,电子科技大学成都学院,,计算机科学与技术,15,,,211000
D665,电子科技大学成都学院,,软件工程,12,,,211155
D665,电子科技大学成都学院,,财务管理,4,,,214052
D665,电子科技大学成都学院,,审计学,5,,,208415
D666,武汉华夏理工学院,,英语(英语教育方向),4,,,246944
D666,武汉华夏理工学院,,机械类,7,,,247900
D668,成都理工大学工程技术学院,,核工程与核技术,4,,,223383
D668,成都理工大学工程技术学院,,智能建造,4,,,234717
D668,成都理工大学工程技术学院,,电气工程及其自动化,4,,,221310
D668,成都理工大学工程技术学院,,计算机科学与技术,4,,,222397
D668,成都理工大学工程技术学院,,会计学,4,,,217360
D668,成都理工大学工程技术学院,,网络与新媒体,4,,,226506
D669,四川传媒学院,,网络工程,10,,,235122
D669,四川传媒学院,,网络与新媒体,10,,,225722
D669,四川传媒学院,,秘书学,10,,,233404
D669,四川传媒学院,,国际经济与贸易,10,,,239136
D669,四川传媒学院,,市场营销,10,,,240770
D669,四川传媒学院,,电子商务,10,,,238816
D670,成都银杏酒店管理学院,,酒店管理,11,,,250082
D670,成都银杏酒店管理学院,,烹饪与营养教育,11,,,257037
D670,成都银杏酒店管理学院,,旅游管理类,11,,,245009
D670,成都银杏酒店管理学院,,工商管理类,11,,,233670
D670,成都银杏酒店管理学院,,外国语言文学类,11,,,248698
D671,成都文理学院,,思想政治教育(师范类),8,,,211923
D671,成都文理学院,,科学教育(师范类),5,,,221977
D671,成都文理学院,,小学教育(师范类),10,,,215796
D671,成都文理学院,,计算机科学与技术,5,,,227598
D671,成都文理学院,,物联网工程,5,,,234601
D671,成都文理学院,,大数据管理与应用,8,,,239893
D671,成都文理学院,,财务会计教育,5,,,226481
D673,四川外国语大学成都学院,,国际经济与贸易,2,,,218465
D673,四川外国语大学成都学院,,学前教育,2,,,211149
D673,四川外国语大学成都学院,,汉语言文学,6,,,199737
D673,四川外国语大学成都学院,,汉语国际教育,3,,,213410
D673,四川外国语大学成都学院,,英语,2,,,145492
D673,四川外国语大学成都学院,,俄语,2,,,223072
D673,四川外国语大学成都学院,,德语,2,,,240924
D673,四川外国语大学成都学院,,法语,2,,,239822
D673,四川外国语大学成都学院,,西班牙语,2,,,236192
D673,四川外国语大学成都学院,,阿拉伯语,1,,,253531
D673,四川外国语大学成都学院,,日语,2,,,197104
D673,四川外国语大学成都学院,,朝鲜语,1,,,231797
D673,四川外国语大学成都学院,,马来语,1,,,225942
D673,四川外国语大学成都学院,,泰语,2,,,248883
D673,四川外国语大学成都学院,,越南语,1,,,248153
D673,四川外国语大学成都学院,,波兰语,1,,,239328
D673,四川外国语大学成都学院,,捷克语,1,,,224339
D673,四川外国语大学成都学院,,葡萄牙语,1,,,224482
D673,四川外国语大学成都学院,,匈牙利语,1,,,257187
D673,四川外国语大学成都学院,,意大利语,1,,,239317
D673,四川外国语大学成都学院,,翻译,3,,,229332
D673,四川外国语大学成都学院,,商务英语,4,,,224438
D673,四川外国语大学成都学院,,网络与新媒体,4,,,222624
D673,四川外国语大学成都学院,,国际新闻与传播,1,,,224040
D673,四川外国语大学成都学院,,财务管理,4,,,216760
D673,四川外国语大学成都学院,,物流管理,2,,,219100
D673,四川外国语大学成都学院,,跨境电子商务,3,,,223238
D673,四川外国语大学成都学院,,会展经济与管理,1,,,225245
D675,北京理工大学珠海学院,,集成电路设计与集成系统,3,,,225311
D675,北京理工大学珠海学院,,人工智能,2,,,203412
D675,北京理工大学珠海学院,,应用统计学,3,,,219364
D675,北京理工大学珠海学院,,工商管理类,2,,,191916
D675,北京理工大学珠海学院,,会计学(国际班),2,,,226595
D675,北京理工大学珠海学院,,金融数学(国际班),1,,,218666
D675,北京理工大学珠海学院,,应用统计学(国际班),1,,,231113
D675,北京理工大学珠海学院,,计算机科学与技术(国际班),2,,,227529
D675,北京理工大学珠海学院,,财务管理(国际班),1,,,225795
D675,北京理工大学珠海学院,,国际商务(国际班),1,,,225188
D675,北京理工大学珠海学院,,会计学(中外合作办学),2,,,219099
D677,西安交通大学城市学院,,机械设计制造及其自动化,5,,,225214
D677,西安交通大学城市学院,,电气工程及其自动化,5,,,227811
D677,西安交通大学城市学院,,计算机科学与技术,5,,,227430
D677,西安交通大学城市学院,,会计学,4,,,217518
D678,西北大学现代学院,,财务管理,2,,,226334
D679,西安建筑科技大学华清学院,,建筑学,2,,,240926
D679,西安建筑科技大学华清学院,,土木工程,2,,,236056
D679,西安建筑科技大学华清学院,,给排水科学与工程,2,,,232750
D679,西安建筑科技大学华清学院,,建筑环境与能源应用工程,3,,,237542
D679,西安建筑科技大学华清学院,,工程管理,2,,,234621
D679,西安建筑科技大学华清学院,,自动化,4,,,232021
D679,西安建筑科技大学华清学院,,机械类,2,,,232878
D679,西安建筑科技大学华清学院,,计算机科学与技术,2,,,228073
D679,西安建筑科技大学华清学院,,会计学,3,,,221031
D679,西安建筑科技大学华清学院,,经济学,2,,,226373
D679,西安建筑科技大学华清学院,,汉语言文学,2,,,207049
D681,陕西科技大学镐京学院,,会计学,2,,,228823
D681,陕西科技大学镐京学院,,财务管理,2,,,229276
D681,陕西科技大学镐京学院,,税收学,2,,,233118
D681,陕西科技大学镐京学院,,计算机科学与技术,2,,,234191
D681,陕西科技大学镐京学院,,电气工程及其自动化,2,,,230838
D682,西安工商学院,,软件工程,3,,,245450
D682,西安工商学院,,会计学,3,,,229309
D682,西安工商学院,,金融科技,2,,,233926
D682,西安工商学院,,大数据管理与应用,2,,,252312
D682,西安工商学院,,网络与新媒体,3,,,237715
D682,西安工商学院,,数字媒体技术,2,,,249762
D684,珠海科技学院,,工商管理,3,,,233935
D684,珠海科技学院,,市场营销,3,,,238717
D684,珠海科技学院,,会计学,3,,,212674
D684,珠海科技学院,,金融学,2,,,221687
D684,珠海科技学院,,日语,3,,,239186
D684,珠海科技学院,,通信工程,3,,,225936
D684,珠海科技学院,,计算机科学与技术,2,,,193607
D684,珠海科技学院,,飞行器设计与工程,2,,,230404
D686,武汉传媒学院,,汉语言文学,2,,,208332
D686,武汉传媒学院,,网络与新媒体,2,,,201783
D686,武汉传媒学院,,广播电视工程,3,,,254230
D686,武汉传媒学院,,文化产业管理,3,,,229177
D687,南京传媒学院,,新闻传播学类,2,,,106119
D687,南京传媒学院,,国际新闻与传播,1,,,148063
D687,南京传媒学院,,时尚传播,2,,,169365
D691,山西工商学院,,财务管理,8,,,219376
D691,山西工商学院,,工商管理,10,,,226932
D691,山西工商学院,,软件工程,4,,,222322
D691,山西工商学院,,学前教育,8,,,226198
D705,成都医学院,,临床医学,10,,,42219
D706,吉林医药学院,,临床医学,8,,,94827
D706,吉林医药学院,,医学影像学,2,,,92117
D706,吉林医药学院,,预防医学,2,,,134469
D706,吉林医药学院,,药学,2,,,154888
D706,吉林医药学院,,药物制剂,2,,,178687
D706,吉林医药学院,,中药学,2,,,163012
D706,吉林医药学院,,医学检验技术,2,,,128960
D706,吉林医药学院,,医学影像技术,2,,,118161
D706,吉林医药学院,,康复治疗学,2,,,138281
D706,吉林医药学院,,口腔医学技术,2,,,138389
D706,吉林医药学院,,护理学,4,,,165757
D706,吉林医药学院,,生物技术,2,,,160585
D706,吉林医药学院,,应用心理学,2,,,159213
D706,吉林医药学院,,生物医学工程,2,,,156098
D706,吉林医药学院,,食品质量与安全,2,,,183018
D706,吉林医药学院,,生物制药,2,,,169541
D706,吉林医药学院,,信息管理与信息系统,2,,,187173
D706,吉林医药学院,,市场营销,2,,,207993
D706,吉林医药学院,,公共事业管理,2,,,192182
D706,吉林医药学院,,生物制药(中外合作办学),4,,,241263
D714,广州工商学院,,学前教育,3,,,259630
D714,广州工商学院,,工商管理,5,,,241868
D714,广州工商学院,,会计学,3,,,234411
D714,广州工商学院,,数据科学与大数据技术(中外合作办学),8,,,267678
D714,广州工商学院,,软件工程(中外合作办学),8,,,268769
D714,广州工商学院,,通信工程(中外合作办学),8,,,270863
D720,广东理工学院,,金融工程,4,,,255356
D720,广东理工学院,,国际经济与贸易,4,,,253469
D720,广东理工学院,,物流管理,4,,,254000
D720,广东理工学院,,电子商务,4,,,260043
D720,广东理工学院,,工程管理,4,,,273480
D720,广东理工学院,,会计学,4,,,239357
D720,广东理工学院,,商务英语,4,,,258735
D720,广东理工学院,,人工智能,5,,,270332
D720,广东理工学院,,机械设计制造及其自动化,5,,,250146
D720,广东理工学院,,机械电子工程,5,,,260830
D720,广东理工学院,,机器人工程,5,,,262185
D727,新疆天山职业技术大学,,智能建造工程,7,,,250900
D727,新疆天山职业技术大学,,智能制造工程技术,7,,,240689
D727,新疆天山职业技术大学,,电梯工程技术,11,,,255308
D727,新疆天山职业技术大学,,无人机系统应用技术,12,,,249763
D727,新疆天山职业技术大学,,新能源汽车工程技术,9,,,244932
D727,新疆天山职业技术大学,,民航运输服务与管理,8,,,237732
D727,新疆天山职业技术大学,,数字媒体技术,12,,,246595
D727,新疆天山职业技术大学,,大数据工程技术,9,,,244936
D727,新疆天山职业技术大学,,云计算技术,9,,,257672
D727,新疆天山职业技术大学,,现代通信工程,10,,,248355
D727,新疆天山职业技术大学,,财税大数据应用,7,,,234467
D727,新疆天山职业技术大学,,大数据与会计,9,,,227898
D727,新疆天山职业技术大学,,国际经济与贸易,10,,,238921
D727,新疆天山职业技术大学,,电子商务,12,,,235647
D727,新疆天山职业技术大学,,旅游管理,13,,,241005
D727,新疆天山职业技术大学,,全媒体新闻采编与制作,8,,,241527
D727,新疆天山职业技术大学,,学前教育,11,,,232914
D727,新疆天山职业技术大学,,应用俄语,5,,,246886
D738,西安汽车职业大学,,新能源汽车工程技术,2,,,247726
D738,西安汽车职业大学,,城市轨道交通信号与控制技术,2,,,234704
D738,西安汽车职业大学,,城市轨道交通智能运营,2,,,242603
D738,西安汽车职业大学,,电子信息工程技术,2,,,249939
D738,西安汽车职业大学,,物联网工程技术,2,,,247378
D738,西安汽车职业大学,,数字媒体技术,2,,,253141
D738,西安汽车职业大学,,大数据工程技术,2,,,252894
D738,西安汽车职业大学,,人工智能工程技术,2,,,251003
D738,西安汽车职业大学,,大数据与财务管理,2,,,238040
D738,西安汽车职业大学,,网络与新媒体,2,,,240597
D744,黑河学院,,俄语,4,,,209563
D744,黑河学院,,俄语(师范类),4,,,206882
D744,黑河学院,,商务英语,4,,,210945
D744,黑河学院,,英语(师范类),3,,,183115
D744,黑河学院,,翻译(英语方向),3,,,201708
D744,黑河学院,,翻译(俄语方向),3,,,211833
D744,黑河学院,,旅游管理,3,,,208442
D744,黑河学院,,法学,3,,,141856
D744,黑河学院,,历史学(师范类),3,,,171375
D744,黑河学院,,生物技术,3,,,202059
D744,黑河学院,,数据科学与大数据技术,3,,,204208
D744,黑河学院,,电子信息科学与技术,3,,,202820
D744,黑河学院,,光电信息科学与工程,3,,,209712
D744,黑河学院,,化学(师范类),3,,,187408
D744,黑河学院,,数学与应用数学(师范类),3,,,196296
D744,黑河学院,,应用化学,3,,,208959
D744,黑河学院,,材料科学与工程,3,,,215637
D744,黑河学院,,学前教育(师范类),3,,,190100
D744,黑河学院,,小学教育(师范类),4,,,174957
D744,黑河学院,,汉语言文学,3,,,162174
D744,黑河学院,,汉语言文学(师范类),3,,,161916
D744,黑河学院,,汉语国际教育,3,,,186777
D744,黑河学院,,广播电视学,3,,,204202
D744,黑河学院,,通信工程,4,,,207312
D744,黑河学院,,物联网工程,4,,,209620
D744,黑河学院,,计算机科学与技术,4,,,204064
D744,黑河学院,,网络工程,4,,,207769
D744,黑河学院,,国际经济与贸易,4,,,204218
D744,黑河学院,,会计学,3,,,184174
D744,黑河学院,,物流管理,3,,,204529
D744,黑河学院,,跨境电子商务,4,,,211584
D762,福州外语外贸学院,,数字经济,2,,,250693
D762,福州外语外贸学院,,艺术教育(师范类),2,,,247811
D762,福州外语外贸学院,,学前教育(师范类),2,,,239173
D762,福州外语外贸学院,,小学教育(师范类),2,,,222429
D762,福州外语外贸学院,,英语,2,,,244626
D762,福州外语外贸学院,,网络与新媒体,2,,,239133
D762,福州外语外贸学院,,人工智能,2,,,275397
D762,福州外语外贸学院,,数据科学与大数据技术,3,,,273537
D762,福州外语外贸学院,,土木工程,2,,,280835
D762,福州外语外贸学院,,智能建造,2,,,282083
D762,福州外语外贸学院,,大数据管理与应用,2,,,282293
D762,福州外语外贸学院,,财务管理,2,,,226470
D763,福建江夏学院,,法语,5,,,214328
D763,福建江夏学院,,商务英语,5,,,187375
D763,福建江夏学院,,金融学,7,,,215371
D763,福建江夏学院,,国际经济与贸易,3,,,199837
D766,泉州信息工程学院,,机器人工程,3,,,253621
D766,泉州信息工程学院,,物联网工程,3,,,260513
D766,泉州信息工程学院,,土木工程,3,,,262882
D766,泉州信息工程学院,,工程造价,3,,,249872
D766,泉州信息工程学院,,软件工程(中外合作办学),12,,,271800
D773,福州理工学院,,物联网工程,5,,,250287
D773,福州理工学院,,计算机科学与技术,5,,,247981
D773,福州理工学院,,土木工程,5,,,262710
D773,福州理工学院,,工程造价,5,,,259940
D773,福州理工学院,,物流管理,5,,,253202
D773,福州理工学院,,电子商务,5,,,249267
D773,福州理工学院,,财务管理,5,,,243266
D806,长沙师范学院,,学前教育(师范类),2,,,142386
D811,琼台师范学院,,教育技术学(师范类),2,,,175896
D811,琼台师范学院,,特殊教育(师范类),2,,,186531
D811,琼台师范学院,,数学与应用数学(师范类),2,,,163288
D811,琼台师范学院,,英语(师范类),3,,,174329
D811,琼台师范学院,,汉语言文学(师范类),2,,,138175
D811,琼台师范学院,,学前教育(师范类),1,,,180530
D816,四川工业科技学院,,机械类,4,,,237145
D816,四川工业科技学院,,电子信息类,8,,,237328
D816,四川工业科技学院,,计算机类,8,,,233862
D816,四川工业科技学院,,土木类,5,,,242850
D816,四川工业科技学院,,工程造价,5,,,243771
D816,四川工业科技学院,,物流管理,5,,,238484
D816,四川工业科技学院,,旅游管理类,5,,,232004
D816,四川工业科技学院,,财务管理,5,,,224246
D816,四川工业科技学院,,学前教育,5,,,228813
D816,四川工业科技学院,,小学教育,5,,,224660
D816,四川工业科技学院,,护理学,5,,,214992
D820,银川能源学院,,化学工程与工艺,3,,,240510
D820,银川能源学院,,电气工程及其自动化,3,,,242353
D820,银川能源学院,,机械设计制造及其自动化,4,,,257285
D820,银川能源学院,,信息管理与信息系统,3,,,260918
D830,广西外国语学院,,英语,3,,,238701
D830,广西外国语学院,,法语,1,,,251062
D830,广西外国语学院,,西班牙语,2,,,263826
D830,广西外国语学院,,泰语,1,,,244283
D830,广西外国语学院,,越南语,1,,,261831
D830,广西外国语学院,,柬埔寨语,1,,,263521
D830,广西外国语学院,,印度尼西亚语,1,,,261348
D830,广西外国语学院,,汉语国际教育,1,,,235414
D830,广西外国语学院,,汉语言文学,1,,,224817
D830,广西外国语学院,,国际经济与贸易,1,,,243994
D830,广西外国语学院,,金融工程,1,,,238728
D830,广西外国语学院,,经济与金融,1,,,243204
D830,广西外国语学院,,跨境电子商务,1,,,248232
D830,广西外国语学院,,市场营销,1,,,252029
D830,广西外国语学院,,公共事业管理,1,,,244644
D830,广西外国语学院,,财务管理,1,,,235794
D830,广西外国语学院,,软件工程,1,,,238494
D830,广西外国语学院,,人工智能,1,,,238269
D830,广西外国语学院,,学前教育,2,,,246378
D842,南京理工大学泰州科技学院,,机器人工程,7,,,222685
D842,南京理工大学泰州科技学院,,化学工程与工艺,5,,,220019
D842,南京理工大学泰州科技学院,,制药工程,5,,,217531
D842,南京理工大学泰州科技学院,,环境工程,5,,,221028
D843,南京师范大学泰州学院,,国际经济与贸易,12,,,221861
D843,南京师范大学泰州学院,,工商管理,10,,,219507
D843,南京师范大学泰州学院,,财务管理,12,,,205321
D843,南京师范大学泰州学院,,法学,10,,,178345
D843,南京师范大学泰州学院,,行政管理,10,,,216600
D843,南京师范大学泰州学院,,学前教育(师范类),9,,,206883
D843,南京师范大学泰州学院,,小学教育(师范类),8,,,193900
D843,南京师范大学泰州学院,,汉语言文学(师范类),8,,,179256
D843,南京师范大学泰州学院,,汉语言文学,10,,,189033
D843,南京师范大学泰州学院,,英语(师范类),6,,,198989
D843,南京师范大学泰州学院,,英语,10,,,219301
D843,南京师范大学泰州学院,,制药工程,10,,,215101
D844,东莞城市学院,,机器人工程,3,,,263793
D844,东莞城市学院,,计算机科学与技术,2,,,253521
D844,东莞城市学院,,数据科学与大数据技术,3,,,272527
D844,东莞城市学院,,法学,2,,,221717
D844,东莞城市学院,,汉语言文学,2,,,238980
D844,东莞城市学院,,英语,3,,,254584
D857,山东华宇工学院,,商务英语,45,,,244225
D857,山东华宇工学院,,机械设计制造及其自动化,45,,,246013
D857,山东华宇工学院,,材料成型及控制工程,45,,,263448
D857,山东华宇工学院,,机械电子工程,45,,,255780
D857,山东华宇工学院,,车辆工程,45,,,260292
D857,山东华宇工学院,,汽车服务工程,45,,,265273
D857,山东华宇工学院,,智能制造工程,45,,,255390
D857,山东华宇工学院,,测控技术与仪器,45,,,262188
D857,山东华宇工学院,,能源与动力工程,120,,,242246
D857,山东华宇工学院,,新能源科学与工程,95,,,257467
D857,山东华宇工学院,,电气工程及其自动化,45,,,240591
D857,山东华宇工学院,,电子信息工程,90,,,250627
D857,山东华宇工学院,,自动化,45,,,250431
D857,山东华宇工学院,,机器人工程,45,,,256435
D857,山东华宇工学院,,软件工程,135,,,244112
D857,山东华宇工学院,,网络工程,45,,,250469
D857,山东华宇工学院,,物联网工程,90,,,252634
D857,山东华宇工学院,,数字媒体技术,100,,,250057
D857,山东华宇工学院,,建筑环境与能源应用工程,95,,,270076
D857,山东华宇工学院,,道路桥梁与渡河工程,90,,,270083
D857,山东华宇工学院,,信息管理与信息系统,90,,,260040
D857,山东华宇工学院,,工程管理,90,,,267963
D857,山东华宇工学院,,房地产开发与管理,90,,,273140
D857,山东华宇工学院,,工程造价,45,,,256181
D857,山东华宇工学院,,财务管理,50,,,227916
D857,山东华宇工学院,,物流工程,55,,,242972
D857,山东华宇工学院,,工业工程,95,,,245442
D857,山东华宇工学院,,数字经济,75,,,243694
D857,山东华宇工学院,,新能源汽车工程,45,,,257770
D857,山东华宇工学院,,电气工程与智能控制,45,,,250388
D857,山东华宇工学院,,数据科学与大数据技术,90,,,252406
D857,山东华宇工学院,,智能建造,50,,,262831
D874,山东外事职业大学,,建筑装饰工程,45,,,272427
D874,山东外事职业大学,,工程造价,90,,,272413
D874,山东外事职业大学,,计算机应用工程,45,,,260005
D874,山东外事职业大学,,软件工程技术,45,,,261182
D874,山东外事职业大学,,大数据工程技术,45,,,262867
D874,山东外事职业大学,,金融管理,45,,,252595
D874,山东外事职业大学,,大数据与会计,45,,,242531
D874,山东外事职业大学,,国际经济与贸易,45,,,257873
D874,山东外事职业大学,,市场营销,45,,,258619
D874,山东外事职业大学,,电子商务,45,,,258132
D874,山东外事职业大学,,现代物流管理,45,,,255025
D874,山东外事职业大学,,学前教育(师范类),40,,,240823
D874,山东外事职业大学,,应用英语,120,,,261839
D874,山东外事职业大学,,应用日语,70,,,264292
D874,山东外事职业大学,,应用韩语,70,,,265528
D874,山东外事职业大学,,应用外语,70,,,262048
D874,山东外事职业大学,,中文国际教育,80,,,250854
D874,山东外事职业大学,,外事实务,80,,,259923
D874,山东外事职业大学,,应用法语,70,,,266718
D874,山东外事职业大学,,建筑装饰工程(校企合作，与鼎利产业发展有限公司合作),90,,,275660
D874,山东外事职业大学,,市场营销(校企合作，与中科启智信息有限公司合作),90,,,263391
D891,保定理工学院,,机械设计制造及其自动化,3,,,242666
D891,保定理工学院,,电气工程及其自动化,2,,,235832
D891,保定理工学院,,工商管理,3,,,236669
D891,保定理工学院,,会计学,3,,,216829
D891,保定理工学院,,财务管理,3,,,228882
D891,保定理工学院,,电子信息工程,3,,,239787
D891,保定理工学院,,计算机科学与技术,3,,,237380
D891,保定理工学院,,小学教育,3,,,217835
D891,保定理工学院,,数据科学与大数据技术,2,,,248967
D891,保定理工学院,,土木工程(中外合作办学),33,,,275751
D892,三亚学院,,法学(自贸港法律),2,,,182768
D892,三亚学院,,金融科技,3,,,246968
D892,三亚学院,,投资学,3,,,261223
D892,三亚学院,,区块链工程,3,,,258420
D892,三亚学院,,国际经济与贸易(中外合作办学),2,,,245644
D893,上海师范大学天华学院,,英语(英语教育),3,,,233893
D893,上海师范大学天华学院,,国际商务(双语教学),2,,,237922
D894,西安明德理工学院,,计算机科学与技术,4,,,240198
D894,西安明德理工学院,,软件工程,3,,,246158
D894,西安明德理工学院,,数据科学与大数据技术,3,,,249850
D894,西安明德理工学院,,通信工程,3,,,243024
D894,西安明德理工学院,,人工智能,2,,,242462
D894,西安明德理工学院,,机械设计制造及其自动化,3,,,242381
D894,西安明德理工学院,,智能制造工程,2,,,244913
D894,西安明德理工学院,,飞行器制造工程,2,,,240121
D894,西安明德理工学院,,无人驾驶航空器系统工程,2,,,253969
D894,西安明德理工学院,,电气工程及其自动化,2,,,237182
D894,西安明德理工学院,,机器人工程,3,,,247406
D894,西安明德理工学院,,智能装备与系统,2,,,245157
D894,西安明德理工学院,,工业设计,4,,,257732
D894,西安明德理工学院,,英语,3,,,242522
D894,西安明德理工学院,,翻译,2,,,250046
D894,西安明德理工学院,,德语,2,,,249972
D894,西安明德理工学院,,日语,2,,,244239
D894,西安明德理工学院,,金融学,4,,,245283
D894,西安明德理工学院,,国际经济与贸易,2,,,240583
D894,西安明德理工学院,,金融科技,2,,,246780
D894,西安明德理工学院,,市场营销,3,,,245329
D894,西安明德理工学院,,财务管理,2,,,232179
D894,西安明德理工学院,,会计学,4,,,241150
D897,天津理工大学中环信息学院,,自动化,1,,,224691
D897,天津理工大学中环信息学院,,电气工程及其自动化,2,,,128060
D897,天津理工大学中环信息学院,,电气工程与智能控制,1,,,220163
D897,天津理工大学中环信息学院,,智能电网信息工程,1,,,220475
D897,天津理工大学中环信息学院,,机械设计制造及其自动化,2,,,223375
D897,天津理工大学中环信息学院,,机械电子工程,1,,,223316
D897,天津理工大学中环信息学院,,机器人工程,1,,,224878
D897,天津理工大学中环信息学院,,电子信息科学与技术,1,,,218313
D897,天津理工大学中环信息学院,,电子信息工程,1,,,219917
D897,天津理工大学中环信息学院,,通信工程,1,,,220791
D897,天津理工大学中环信息学院,,物联网工程,1,,,187260
D897,天津理工大学中环信息学院,,人工智能,1,,,217591
D897,天津理工大学中环信息学院,,计算机科学与技术,1,,,213206
D897,天津理工大学中环信息学院,,软件工程,1,,,102008
D897,天津理工大学中环信息学院,,数字媒体技术,1,,,89539
D897,天津理工大学中环信息学院,,数据科学与大数据技术,1,,,100261
D897,天津理工大学中环信息学院,,工程管理,1,,,220780
D897,天津理工大学中环信息学院,,财务管理,1,,,205603
D897,天津理工大学中环信息学院,,物流管理,1,,,211914
D897,天津理工大学中环信息学院,,人力资源管理,1,,,215157
D898,北京科技大学天津学院,,土木工程,2,,,226433
D898,北京科技大学天津学院,,材料科学与工程,4,,,221704
D898,北京科技大学天津学院,,环境工程,2,,,218920
D898,北京科技大学天津学院,,智能制造工程,3,,,207295
D898,北京科技大学天津学院,,无人驾驶航空器系统工程,2,,,219673
D898,北京科技大学天津学院,,国际经济与贸易,2,,,213002
D898,北京科技大学天津学院,,护理学,2,,,191688
D898,北京科技大学天津学院,,法学,2,,,141814
D898,北京科技大学天津学院,,英语,2,,,210640
D898,北京科技大学天津学院,,朝鲜语,2,,,233772
D899,北京中医药大学东方学院,,中医学,4,,,124412
D899,北京中医药大学东方学院,,针灸推拿学,4,,,152224
D899,北京中医药大学东方学院,,中西医临床医学,4,,,154887
D899,北京中医药大学东方学院,,药学,3,,,202073
D899,北京中医药大学东方学院,,药事管理,3,,,221293
D899,北京中医药大学东方学院,,中药学,3,,,192524
D899,北京中医药大学东方学院,,中药制药,3,,,209649
D899,北京中医药大学东方学院,,医学检验技术,4,,,188602
D899,北京中医药大学东方学院,,医学影像技术,4,,,208802
D899,北京中医药大学东方学院,,眼视光学,4,,,206829
D899,北京中医药大学东方学院,,康复治疗学,4,,,213350
D899,北京中医药大学东方学院,,口腔医学技术,4,,,219774
D899,北京中医药大学东方学院,,护理学,4,,,187584
D899,北京中医药大学东方学院,,工商管理,3,,,226311
D899,北京中医药大学东方学院,,市场营销,3,,,228476
D899,北京中医药大学东方学院,,公共事业管理,3,,,224327
D899,北京中医药大学东方学院,,健康服务与管理,3,,,223822
D902,广州新华学院,,汉语言文学,2,,,193934
D902,广州新华学院,,法学,2,,,209489
D902,广州新华学院,,英语,2,,,225847
D902,广州新华学院,,物流管理,2,,,239050
D902,广州新华学院,,会计学,2,,,213008
D902,广州新华学院,,审计学,3,,,229863
D902,广州新华学院,,行政管理,2,,,231993
D902,广州新华学院,,人力资源管理,2,,,236658
D902,广州新华学院,,金融工程,2,,,252962
D902,广州新华学院,,护理学,2,,,218952
D902,广州新华学院,,康复治疗学,3,,,217823
D902,广州新华学院,,听力与言语康复学,2,,,224800
D902,广州新华学院,,信息资源管理,2,,,236208
D903,成都锦城学院,,汉语言文学,2,,,180800
D903,成都锦城学院,,新闻学,2,,,214480
D903,成都锦城学院,,人工智能,4,,,224586
D903,成都锦城学院,,数字媒体技术,3,,,220569
D903,成都锦城学院,,建筑学,2,,,220723
D903,成都锦城学院,,城乡规划,2,,,229469
D903,成都锦城学院,,工程管理,2,,,244006
D903,成都锦城学院,,工程造价,3,,,223628
D903,成都锦城学院,,土木工程,10,,,237816
D903,成都锦城学院,,给排水科学与工程,2,,,232723
D903,成都锦城学院,,市场营销,4,,,224602
D903,成都锦城学院,,供应链管理,4,,,239362
D903,成都锦城学院,,人力资源管理,2,,,228124
D903,成都锦城学院,,物流管理,4,,,224435
D903,成都锦城学院,,旅游管理,4,,,229681
D903,成都锦城学院,,电子商务,6,,,229080
D903,成都锦城学院,,审计学,4,,,206941
D903,成都锦城学院,,会计学,4,,,201816
D903,成都锦城学院,,财务管理,4,,,215663
D903,成都锦城学院,,经济统计学,4,,,217388
D903,成都锦城学院,,英语,2,,,221369
D903,成都锦城学院,,商务英语,2,,,232366
D903,成都锦城学院,,日语,4,,,229134
D903,成都锦城学院,,法语,4,,,244086
D903,成都锦城学院,,电子信息类,3,,,220262
D903,成都锦城学院,,物联网工程,4,,,227521
D903,成都锦城学院,,智能科学与技术,2,,,215433
D903,成都锦城学院,,机械设计制造及其自动化,2,,,229800
D903,成都锦城学院,,机械电子工程,2,,,231104
D903,成都锦城学院,,机器人工程,2,,,227176
D903,成都锦城学院,,智能工程与创意设计,2,,,232673
D903,成都锦城学院,,新媒体技术,2,,,228636
D903,成都锦城学院,,汽车服务工程,2,,,234794
D903,成都锦城学院,,金融学类,13,,,236698
D903,成都锦城学院,,国际经济与贸易,2,,,223903
D903,成都锦城学院,,国际商务,9,,,238898
D904,北京工业大学耿丹学院,,国际经济与贸易,1,,,170078
D904,北京工业大学耿丹学院,,财务管理,1,,,214278
D904,北京工业大学耿丹学院,,金融工程,1,,,198400
D904,北京工业大学耿丹学院,,计算机类,1,,,75216
D905,南京工业大学浦江学院,,人力资源管理,2,,,199629
D905,南京工业大学浦江学院,,慈善管理,2,,,222531
D905,南京工业大学浦江学院,,计算机科学与技术,2,,,64875
D905,南京工业大学浦江学院,,建筑学,2,,,223339
D905,南京工业大学浦江学院,,机械工程,2,,,217093
D905,南京工业大学浦江学院,,土木工程,3,,,223549
D905,南京工业大学浦江学院,,建筑环境与能源应用工程,2,,,219632
D905,南京工业大学浦江学院,,食品科学与工程,2,,,210245
D906,南京师范大学中北学院,,会计学,4,,,194361
D906,南京师范大学中北学院,,行政管理,2,,,202126
D906,南京师范大学中北学院,,电子信息工程,3,,,216383
D906,南京师范大学中北学院,,电气工程及其自动化,3,,,217354
D924,湖南交通工程学院,,电气工程及其自动化,2,,,253047
D924,湖南交通工程学院,,软件工程,2,,,241192
D924,湖南交通工程学院,,铁道工程,2,,,247779
D924,湖南交通工程学院,,物流工程,2,,,250061
D957,辽宁传媒学院,,汉语言文学,10,,,230610
D957,辽宁传媒学院,,新闻学,5,,,241993
D957,辽宁传媒学院,,广播电视学,10,,,253924
D957,辽宁传媒学院,,广告学,5,,,251906
D957,辽宁传媒学院,,网络与新媒体,20,,,250705
D957,辽宁传媒学院,,数字媒体技术,5,,,252351
D957,辽宁传媒学院,,工程造价,5,,,268130
D957,辽宁传媒学院,,大数据管理与应用,5,,,262672
D957,辽宁传媒学院,,文化产业管理,5,,,252669
D957,辽宁传媒学院,,电子商务及法律,5,,,246949
D957,辽宁传媒学院,,信息资源管理,5,,,255143
D980,南京医科大学康达学院,,临床医学,2,,,113035
D980,南京医科大学康达学院,,临床医学(全科医学),5,,,146863
D980,南京医科大学康达学院,,临床医学(急诊医学),2,,,154585
D980,南京医科大学康达学院,,预防医学,4,,,177105
D980,南京医科大学康达学院,,药学,3,,,194421
D980,南京医科大学康达学院,,医学检验技术,2,,,174877
D980,南京医科大学康达学院,,医学影像技术,2,,,165503
D980,南京医科大学康达学院,,康复治疗学,3,,,184123
D980,南京医科大学康达学院,,医学信息工程,2,,,224576
D980,南京医科大学康达学院,,护理学,5,,,172417
D980,南京医科大学康达学院,,公共事业管理(卫生事业管理),2,,,208094
D980,南京医科大学康达学院,,健康服务与管理,1,,,205911
D980,南京医科大学康达学院,,医疗保险,2,,,218169
D980,南京医科大学康达学院,,英语,5,,,220687
D982,无锡学院,,物联网工程,2,,,88903
D982,无锡学院,,计算机科学与技术,3,,,80803
D982,无锡学院,,数据科学与大数据技术,2,,,93501
D982,无锡学院,,网络工程,2,,,95672
D982,无锡学院,,电子信息工程,2,,,90606
D982,无锡学院,,电子科学与技术,3,,,107172
D982,无锡学院,,集成电路设计与集成系统,2,,,98910
D982,无锡学院,,自动化,2,,,104428
D982,无锡学院,,电气工程及其自动化,2,,,102413
D982,无锡学院,,轨道交通信号与控制,2,,,118574
D982,无锡学院,,大气科学,3,,,87401
D982,无锡学院,,会计学,2,,,110336
D985,苏州科技大学天平学院,,电子信息工程,2,,,197845
D985,苏州科技大学天平学院,,市场营销,2,,,212311
D985,苏州科技大学天平学院,,酒店管理,2,,,219462
D985,苏州科技大学天平学院,,日语,4,,,214258
D986,江苏大学京江学院,,公共事业管理,2,,,214143
D986,江苏大学京江学院,,护理学,1,,,168404
D986,江苏大学京江学院,,能源经济,1,,,214192
D986,江苏大学京江学院,,人力资源管理,2,,,206007
D986,江苏大学京江学院,,市场营销,3,,,216039
D986,江苏大学京江学院,,英语,3,,,213915
D986,江苏大学京江学院,,材料成型及控制工程,4,,,223987
D986,江苏大学京江学院,,车辆工程,1,,,206967
D986,江苏大学京江学院,,电气工程及其自动化,2,,,212274
D986,江苏大学京江学院,,工业工程,1,,,210491
D986,江苏大学京江学院,,机械电子工程,5,,,222273
D986,江苏大学京江学院,,机械设计制造及其自动化,4,,,217946
D986,江苏大学京江学院,,计算机科学与技术,4,,,204481
D986,江苏大学京江学院,,软件工程,4,,,207908
D986,江苏大学京江学院,,通信工程,2,,,207186
D986,江苏大学京江学院,,土木工程,2,,,219123
D986,江苏大学京江学院,,医学检验技术,3,,,196577
D986,江苏大学京江学院,,电子商务,2,,,216023
D986,江苏大学京江学院,,能源与动力工程,4,,,216244
D987,扬州大学广陵学院,,市场营销,3,,,219298
D987,扬州大学广陵学院,,国际经济与贸易,2,,,206842
D987,扬州大学广陵学院,,机械设计制造及其自动化,2,,,215381
D987,扬州大学广陵学院,,电气工程及其自动化,3,,,217477
D988,江苏师范大学科文学院,,互联网金融,3,,,217970
D988,江苏师范大学科文学院,,金融科技,3,,,220983
D988,江苏师范大学科文学院,,汉语言文学,3,,,129858
D988,江苏师范大学科文学院,,日语,2,,,216605
D988,江苏师范大学科文学院,,商务英语,3,,,211615
D988,江苏师范大学科文学院,,机器人工程,6,,,222869
D989,南京邮电大学通达学院,,广告学,2,,,202082
D989,南京邮电大学通达学院,,金融工程,2,,,212947
D989,南京邮电大学通达学院,,财务管理,2,,,186623
D989,南京邮电大学通达学院,,通信工程,4,,,215022
D989,南京邮电大学通达学院,,计算机科学与技术,3,,,204800
D989,南京邮电大学通达学院,,软件工程,2,,,207655
D989,南京邮电大学通达学院,,数字媒体技术,2,,,195404
D989,南京邮电大学通达学院,,物联网工程,3,,,213872
D989,南京邮电大学通达学院,,电气工程及其自动化,2,,,210384
D990,南京财经大学红山学院,,法学,4,,,166615
D990,南京财经大学红山学院,,英语,4,,,219412
D990,南京财经大学红山学院,,市场营销,4,,,221826
D990,南京财经大学红山学院,,会计学,6,,,193157
D990,南京财经大学红山学院,,审计学,5,,,195699
D990,南京财经大学红山学院,,人力资源管理,4,,,216649
D990,南京财经大学红山学院,,金融学,5,,,211522
D990,南京财经大学红山学院,,税收学,4,,,211019
D990,南京财经大学红山学院,,工商管理,4,,,215264
D990,南京财经大学红山学院,,财务管理,4,,,196083
D990,南京财经大学红山学院,,电子商务,4,,,218240
D990,南京财经大学红山学院,,物流管理,4,,,219175
D991,江苏科技大学苏州理工学院,,船舶与海洋工程,3,,,224889
D991,江苏科技大学苏州理工学院,,机械设计制造及其自动化,2,,,187908
D991,江苏科技大学苏州理工学院,,能源与动力工程,2,,,88828
D991,江苏科技大学苏州理工学院,,计算机科学与技术,2,,,85658
D991,江苏科技大学苏州理工学院,,财务管理,2,,,183537
D992,常州大学怀德学院,,国际经济与贸易,2,,,217875
D992,常州大学怀德学院,,会计学,2,,,199832
D992,常州大学怀德学院,,市场营销,2,,,222747
D992,常州大学怀德学院,,机械设计制造及其自动化,3,,,222807
D992,常州大学怀德学院,,计算机科学与技术,3,,,217498
D992,常州大学怀德学院,,高分子材料与工程,3,,,228162
D993,南通大学杏林学院,,海洋技术,20,,,226697
D993,南通大学杏林学院,,机械工程,15,,,231109
D994,南京审计大学金审学院,,审计学,4,,,179786
D994,南京审计大学金审学院,,会计学,3,,,167977
D994,南京审计大学金审学院,,财务管理,3,,,180375
D994,南京审计大学金审学院,,金融学,2,,,186431
D994,南京审计大学金审学院,,保险学,2,,,213123
D994,南京审计大学金审学院,,工商管理,2,,,195587
D994,南京审计大学金审学院,,计算机科学与技术,1,,,174106
D994,南京审计大学金审学院,,信息管理与信息系统,1,,,200234
D994,南京审计大学金审学院,,学前教育(师范类),2,,,204556
D995,青岛工学院,,机械设计制造及其自动化,51,,,252992
D995,青岛工学院,,自动化,24,,,252539
D995,青岛工学院,,工业设计,25,,,262428
D995,青岛工学院,,能源与动力工程,26,,,243196
D995,青岛工学院,,电气工程及其自动化,51,,,253221
D995,青岛工学院,,计算机科学与技术,27,,,237682
D995,青岛工学院,,电子信息工程,14,,,247329
D995,青岛工学院,,通信工程,21,,,255099
D995,青岛工学院,,软件工程,6,,,246184
D995,青岛工学院,,数字媒体技术,16,,,243813
D995,青岛工学院,,物联网工程,27,,,255346
D995,青岛工学院,,网络工程,26,,,255159
D995,青岛工学院,,信息安全,10,,,250876
D995,青岛工学院,,土木工程,44,,,267134
D995,青岛工学院,,工程管理,78,,,267275
D995,青岛工学院,,建筑学,22,,,245945
D995,青岛工学院,,食品科学与工程,45,,,243488
D995,青岛工学院,,食品营养与检验教育,23,,,245756
D995,青岛工学院,,食品质量与安全,13,,,237749
D995,青岛工学院,,化学工程与工业生物工程,57,,,246967
D995,青岛工学院,,英语,28,,,238475
D995,青岛工学院,,日语,12,,,238127
D995,青岛工学院,,德语,12,,,252791
D995,青岛工学院,,电子商务,9,,,240941
D995,青岛工学院,,物流管理,20,,,242118
D995,青岛工学院,,国际商务,27,,,248334
D995,青岛工学院,,金融工程,6,,,231814
D995,青岛工学院,,工商管理,8,,,238202
D995,青岛工学院,,市场营销,17,,,247581
D995,青岛工学院,,人力资源管理,7,,,236426
D995,青岛工学院,,审计学,10,,,220587
D995,青岛工学院,,汉语言文学,13,,,216646
D995,青岛工学院,,知识产权,29,,,228001
D995,青岛工学院,,人工智能,58,,,261788
D995,青岛工学院,,财务管理,19,,,230730
D995,青岛工学院,,数据科学与大数据技术,38,,,254750
D995,青岛工学院,,应用心理学,13,,,238598
D995,青岛工学院,,俄语,10,,,246832
D997,青岛农业大学海都学院,,财务管理,30,,,211956
D997,青岛农业大学海都学院,,大数据管理与应用,12,,,230239
D997,青岛农业大学海都学院,,电气工程及其自动化,45,,,223091
D997,青岛农业大学海都学院,,动物医学,43,,,215060
D997,青岛农业大学海都学院,,国际经济与贸易,12,,,216052
D997,青岛农业大学海都学院,,机械设计制造及其自动化,45,,,224819
D997,青岛农业大学海都学院,,集成电路设计与集成系统,11,,,225755
D997,青岛农业大学海都学院,,食品科学与工程,6,,,214498
D997,青岛农业大学海都学院,,食品质量与安全,9,,,214432
D997,青岛农业大学海都学院,,数据科学与大数据技术,17,,,220182
D997,青岛农业大学海都学院,,土木工程,17,,,227538
D997,青岛农业大学海都学院,,虚拟现实技术,20,,,227870
D997,青岛农业大学海都学院,,应用心理学,20,,,220539
D997,青岛农业大学海都学院,,园林,5,,,216238
D997,青岛农业大学海都学院,,园艺,9,,,217571
D997,青岛农业大学海都学院,,智慧农业,15,,,218967
D997,青岛农业大学海都学院,,智能科学与技术,9,,,222474
D997,青岛农业大学海都学院,,智能制造工程,36,,,230481
D997,青岛农业大学海都学院,,计算机科学与技术(校企合作，与济南博赛网络技术有限公司合作),25,,,223582
D998,齐鲁理工学院,,计算机科学与技术,38,,,235009
D998,齐鲁理工学院,,电子信息工程,50,,,250981
D998,齐鲁理工学院,,数据科学与大数据技术,45,,,249857
D998,齐鲁理工学院,,通信工程,50,,,254953
D998,齐鲁理工学院,,人工智能,47,,,255846
D998,齐鲁理工学院,,软件工程,49,,,246289
D998,齐鲁理工学院,,自动化,47,,,248295
D998,齐鲁理工学院,,智能制造工程,44,,,260892
D998,齐鲁理工学院,,电气工程及其自动化,41,,,240922
D998,齐鲁理工学院,,机器人工程,46,,,260950
D998,齐鲁理工学院,,机械设计制造及其自动化,44,,,248955
D998,齐鲁理工学院,,生物工程,45,,,244728
D998,齐鲁理工学院,,生物制药,50,,,240552
D998,齐鲁理工学院,,生物医学工程,47,,,244723
D998,齐鲁理工学院,,化学工程与工艺,37,,,236923
D998,齐鲁理工学院,,制药工程,44,,,246134
D998,齐鲁理工学院,,护理学,57,,,231199
D998,齐鲁理工学院,,医学影像技术,41,,,230820
D998,齐鲁理工学院,,医学检验技术,47,,,237300
D998,齐鲁理工学院,,中药学,45,,,237287
D998,齐鲁理工学院,,康复治疗学,45,,,235541
D998,齐鲁理工学院,,智能影像工程,45,,,248070
D998,齐鲁理工学院,,土木工程,39,,,261066
D998,齐鲁理工学院,,智能建造,46,,,262362
D998,齐鲁理工学院,,测绘工程,45,,,247507
D998,齐鲁理工学院,,工程造价,41,,,261107
D998,齐鲁理工学院,,工程管理,47,,,270680
D998,齐鲁理工学院,,贸易经济,39,,,252790
D998,齐鲁理工学院,,金融学,38,,,245143
D998,齐鲁理工学院,,会计学,47,,,228947
D998,齐鲁理工学院,,跨境电子商务,50,,,256120
D998,齐鲁理工学院,,投资学,50,,,255722
D998,齐鲁理工学院,,旅游管理,40,,,253484
D998,齐鲁理工学院,,工商管理,40,,,246730
D998,齐鲁理工学院,,新闻学,47,,,244153
D998,齐鲁理工学院,,新媒体技术,48,,,257832
D998,齐鲁理工学院,,网络与新媒体,50,,,250208
D998,齐鲁理工学院,,学前教育(师范类),7,,,223585
D998,齐鲁理工学院,,汉语言文学,52,,,219435
D998,齐鲁理工学院,,秘书学,50,,,245825
D998,齐鲁理工学院,,英语,45,,,243167
D998,齐鲁理工学院,,日语,44,,,257534
D999,山东财经大学东方学院,,会计学,22,,,197534
D999,山东财经大学东方学院,,审计学,10,,,198618
D999,山东财经大学东方学院,,税收学,10,,,211063
D999,山东财经大学东方学院,,金融学,12,,,215971
D999,山东财经大学东方学院,,金融科技,20,,,224092
D999,山东财经大学东方学院,,国际商务,10,,,223933
D999,山东财经大学东方学院,,商务英语,10,,,219263
D999,山东财经大学东方学院,,电子商务,10,,,219938
D999,山东财经大学东方学院,,数据科学与大数据技术,10,,,220734
D999,山东财经大学东方学院,,工商管理,10,,,213867
D999,山东财经大学东方学院,,市场营销,10,,,220203
D999,山东财经大学东方学院,,新闻学,10,,,214375
D999,山东财经大学东方学院,,金融学(校企合作，与山东中启创优公司合作),35,,,225428
E000,潍坊理工学院,,国际经济与贸易,40,,,237862
E000,潍坊理工学院,,思想政治教育,100,,,226601
E000,潍坊理工学院,,学前教育(师范类),47,,,223769
E000,潍坊理工学院,,汉语言文学,147,,,219727
E000,潍坊理工学院,,英语,36,,,229282
E000,潍坊理工学院,,商务英语,60,,,243878
E000,潍坊理工学院,,新闻学,50,,,235347
E000,潍坊理工学院,,化学,39,,,238018
E000,潍坊理工学院,,生物科学,59,,,232519
E000,潍坊理工学院,,应用心理学,50,,,234451
E000,潍坊理工学院,,能源与动力工程,80,,,242379
E000,潍坊理工学院,,新能源科学与工程,40,,,238297
E000,潍坊理工学院,,电子信息工程,45,,,234741
E000,潍坊理工学院,,自动化,30,,,234789
E000,潍坊理工学院,,计算机科学与技术,50,,,229846
E000,潍坊理工学院,,物联网工程,45,,,237120
E000,潍坊理工学院,,广播电视编导,50,,,246474
E000,潍坊理工学院,,风景园林,80,,,241107
E000,潍坊理工学院,,工商管理,38,,,234011
E000,潍坊理工学院,,人力资源管理,40,,,232349
E000,潍坊理工学院,,审计学,60,,,225711
E000,潍坊理工学院,,跨境电子商务,60,,,245266
E000,潍坊理工学院,,园艺,40,,,248519
E000,潍坊理工学院,,无人驾驶航空器系统工程,50,,,260169
E000,潍坊理工学院,,金融工程(校企合作，与中科启智山东信息有限公司合作),30,,,246327
E000,潍坊理工学院,,机器人工程(校企合作，与沈阳新松机器人自动化股份有限公司合作),50,,,250382
E000,潍坊理工学院,,数据科学与大数据技术(校企合作，与北京青苔数据科技有限公司合作),60,,,247243
E000,潍坊理工学院,,财务管理(校企合作，与山东百练创业服务有限公司合作),60,,,234551
E001,聊城大学东昌学院,,金融工程,15,,,214455
E001,聊城大学东昌学院,,学前教育(师范类),12,,,197349
E001,聊城大学东昌学院,,汉语言文学,10,,,179711
E001,聊城大学东昌学院,,汉语国际教育,14,,,206512
E001,聊城大学东昌学院,,英语,14,,,209152
E001,聊城大学东昌学院,,网络与新媒体,31,,,213472
E001,聊城大学东昌学院,,数学与应用数学,16,,,219579
E001,聊城大学东昌学院,,应用化学,26,,,217817
E001,聊城大学东昌学院,,机械设计制造及其自动化,35,,,218885
E001,聊城大学东昌学院,,电气工程及其自动化,22,,,217320
E001,聊城大学东昌学院,,数据科学与大数据技术,22,,,218309
E001,聊城大学东昌学院,,食品质量与安全,38,,,216136
E001,聊城大学东昌学院,,生物工程,43,,,218343
E001,聊城大学东昌学院,,工程造价,34,,,222695
E001,聊城大学东昌学院,,计算机科学与技术,30,,,217948
E001,聊城大学东昌学院,,智能制造工程,24,,,221288
E001,聊城大学东昌学院,,电子信息工程(校企合作，与青软创新科技集团股份有限公司合作),55,,,223417
E002,烟台科技学院,,经济学,30,,,227824
E002,烟台科技学院,,金融工程,40,,,243163
E002,烟台科技学院,,国际经济与贸易,30,,,231282
E002,烟台科技学院,,汉语言文学,80,,,213626
E002,烟台科技学院,,英语,25,,,226647
E002,烟台科技学院,,商务英语,45,,,248347
E002,烟台科技学院,,新闻学,35,,,226314
E002,烟台科技学院,,广告学,40,,,231844
E002,烟台科技学院,,机械设计制造及其自动化,20,,,228043
E002,烟台科技学院,,智能制造工程,20,,,237383
E002,烟台科技学院,,电气工程及其自动化,30,,,225061
E002,烟台科技学院,,人工智能,30,,,234065
E002,烟台科技学院,,机器人工程,30,,,237135
E002,烟台科技学院,,计算机科学与技术,20,,,227878
E002,烟台科技学院,,软件工程,20,,,221381
E002,烟台科技学院,,网络工程,30,,,233684
E002,烟台科技学院,,物联网工程,30,,,230763
E002,烟台科技学院,,数据科学与大数据技术,30,,,228722
E002,烟台科技学院,,市场营销,25,,,233993
E002,烟台科技学院,,会计学,70,,,226064
E002,烟台科技学院,,财务管理,20,,,218980
E002,烟台科技学院,,电子商务,40,,,236709
E002,烟台科技学院,,酒店管理,50,,,254925
E030,西安信息职业大学,,智能制造工程技术,1,,,236743
E030,西安信息职业大学,,城市轨道交通信号与控制技术,1,,,217229
E030,西安信息职业大学,,电子信息工程技术,1,,,237122
E030,西安信息职业大学,,物联网工程技术,1,,,238335
E030,西安信息职业大学,,光电信息工程技术,1,,,240815
E030,西安信息职业大学,,计算机应用工程,1,,,242226
E030,西安信息职业大学,,网络工程技术,1,,,244782
E030,西安信息职业大学,,软件工程技术,1,,,207486
E030,西安信息职业大学,,大数据工程技术,1,,,238908
E030,西安信息职业大学,,信息安全与管理,1,,,240809
E030,西安信息职业大学,,人工智能工程技术,1,,,227111
E030,西安信息职业大学,,区块链技术,1,,,242302
E030,西安信息职业大学,,集成电路工程技术,1,,,238037
E030,西安信息职业大学,,工业互联网技术,1,,,259784
E030,西安信息职业大学,,通信软件工程,1,,,240377
E037,西南财经大学天府学院,,会计学,28,,,222074
E037,西南财经大学天府学院,,金融学,12,,,228525
E037,西南财经大学天府学院,,计算机科学与技术,9,,,232796
E037,西南财经大学天府学院,,工程造价,1,,,222938
E038,天津仁爱学院,,机械设计制造及其自动化,2,,,228342
E038,天津仁爱学院,,智能制造工程,1,,,235507
E038,天津仁爱学院,,自动化,1,,,235305
E038,天津仁爱学院,,通信工程,1,,,243002
E038,天津仁爱学院,,电气工程及其自动化,2,,,238493
E038,天津仁爱学院,,物联网工程,1,,,227242
E038,天津仁爱学院,,物联网工程(智能物联方向),1,,,238153
E038,天津仁爱学院,,人工智能(智能机器人方向),1,,,234676
E038,天津仁爱学院,,软件工程,2,,,238421
E038,天津仁爱学院,,数据科学与大数据技术,1,,,203540
E038,天津仁爱学院,,计算机科学与技术,2,,,232231
E038,天津仁爱学院,,数据科学与大数据技术(数据分析应用方向),1,,,245868
E038,天津仁爱学院,,建筑学,1,,,246011
E038,天津仁爱学院,,土木工程,2,,,247333
E038,天津仁爱学院,,给排水科学与工程,1,,,232401
E038,天津仁爱学院,,水利水电工程,1,,,224515
E038,天津仁爱学院,,港口航道与海岸工程,1,,,231515
E038,天津仁爱学院,,物流工程,1,,,219805
E038,天津仁爱学院,,信息管理与信息系统,1,,,240623
E038,天津仁爱学院,,工程管理,1,,,254303
E038,天津仁爱学院,,财务管理,1,,,200333
E038,天津仁爱学院,,金融工程,1,,,229196
E038,天津仁爱学院,,化学工程与工艺,1,,,236159
E038,天津仁爱学院,,制药工程,1,,,220673
E038,天津仁爱学院,,新能源科学与工程,1,,,227528
E038,天津仁爱学院,,法学,3,,,185866
E038,天津仁爱学院,,英语,1,,,221040
E038,天津仁爱学院,,商务英语,1,,,236194
E038,天津仁爱学院,,传播学,1,,,236255
E040,郑州商学院,,工商管理,5,,,221866
E040,郑州商学院,,财务管理,10,,,216376
E040,郑州商学院,,市场营销,10,,,226329
E040,郑州商学院,,国际商务,10,,,229999
E040,郑州商学院,,会计学,20,,,214034
E040,郑州商学院,,国际经济与贸易,10,,,226656
E040,郑州商学院,,投资学,10,,,229061
E040,郑州商学院,,商务英语,13,,,228691
E040,郑州商学院,,计算机科学与技术,20,,,232331
E040,郑州商学院,,工程造价,12,,,238720
E042,西安科技大学高新学院,,金融工程,3,,,231256
E042,西安科技大学高新学院,,财务管理,2,,,213572
E042,西安科技大学高新学院,,网络与新媒体,2,,,226465
E042,西安科技大学高新学院,,电气工程及其自动化,2,,,221141
E042,西安科技大学高新学院,,物联网工程,2,,,230336
E042,西安科技大学高新学院,,计算机科学与技术(中外合作办学),2,,,240320
E043,四川文化艺术学院,,广播电视工程,2,,,238552
E043,四川文化艺术学院,,公共事业管理,2,,,226293
E043,四川文化艺术学院,,历史建筑保护工程,5,,,233411
E043,四川文化艺术学院,,数据科学与大数据技术,20,,,253413
E045,绵阳城市学院,,金融工程,5,,,235763
E045,绵阳城市学院,,财务管理,1,,,219559
E045,绵阳城市学院,,电子商务,3,,,239560
E045,绵阳城市学院,,英语,4,,,234445
E045,绵阳城市学院,,学前教育,6,,,238470
E045,绵阳城市学院,,电气工程及其自动化,2,,,242795
E045,绵阳城市学院,,工程造价,5,,,245141
E045,绵阳城市学院,,地理信息科学,1,,,223182
E045,绵阳城市学院,,风景园林,1,,,222045
E045,绵阳城市学院,,计算机科学与技术,3,,,235003
E045,绵阳城市学院,,数字媒体技术,2,,,240217
E045,绵阳城市学院,,智能工程与创意设计,2,,,248125
E046,福建农林大学金山学院,,旅游管理(中外合作办学),5,,,249470
E087,天津财经大学珠江学院,,会计学,6,,,198555
E087,天津财经大学珠江学院,,酒店管理,6,,,223646
E087,天津财经大学珠江学院,,金融科技,6,,,225631
E087,天津财经大学珠江学院,,经济统计学,14,,,220683
E087,天津财经大学珠江学院,,传播学,6,,,217808
E092,滇西科技师范学院,,数字媒体技术,2,,,208106
E092,滇西科技师范学院,,网络与新媒体,2,,,205127
E092,滇西科技师范学院,,轨道交通信号与控制,2,,,213426
E098,合肥师范学院,,西班牙语,10,,,197303
E098,合肥师范学院,,商务英语,10,,,184845
E099,湖北第二师范学院,,中国语言文学类(师范类),6,,,103279
E099,湖北第二师范学院,,教育学类(师范类),4,,,121428
E099,湖北第二师范学院,,电子信息科学与技术(中外合作办学),2,,,199963
E100,山东政法学院,,法学,1027,,,99477
E100,山东政法学院,,知识产权,31,,,102535
E100,山东政法学院,,国际经贸规则,24,,,115033
E100,山东政法学院,,政治学与行政学(法治政务方向),31,,,114008
E100,山东政法学院,,行政管理,60,,,138422
E100,山东政法学院,,财务管理,70,,,131528
E100,山东政法学院,,审计学,60,,,124831
E100,山东政法学院,,国际经济与贸易,30,,,143147
E100,山东政法学院,,经济学,30,,,136309
E100,山东政法学院,,大数据管理与应用,20,,,143121
E100,山东政法学院,,新闻学(法治新闻方向),55,,,142385
E100,山东政法学院,,编辑出版学,15,,,142199
E100,山东政法学院,,网络与新媒体,32,,,131705
E100,山东政法学院,,数字出版,15,,,148586
E100,山东政法学院,,英语,83,,,152633
E100,山东政法学院,,日语,12,,,159201
E100,山东政法学院,,网络空间安全,30,,,136683
E100,山东政法学院,,社区矫正,30,,,117461
E100,山东政法学院,,人力资源管理(校企合作，与青岛英谷教育科技股份有限公司合作),50,,,178467
E100,山东政法学院,,商务英语(校企合作，与青岛英谷教育科技股份有限公司合作),60,,,190008
E100,山东政法学院,,计算机科学与技术(校企合作，与济南博赛网络技术有限公司合作),120,,,178911
E101,太原工业学院,,经济学,4,,,180725
E101,太原工业学院,,国际经济与贸易,4,,,193507
E101,太原工业学院,,应用化学,2,,,192773
E101,太原工业学院,,机械设计制造及其自动化,3,,,175210
E101,太原工业学院,,材料成型及控制工程,3,,,209196
E101,太原工业学院,,机械电子工程,3,,,188807
E101,太原工业学院,,汽车服务工程,3,,,208552
E101,太原工业学院,,智能制造工程,2,,,188548
E101,太原工业学院,,智能车辆工程,3,,,194037
E101,太原工业学院,,测控技术与仪器,3,,,190543
E101,太原工业学院,,无机非金属材料工程,2,,,202143
E101,太原工业学院,,功能材料,3,,,216278
E101,太原工业学院,,电气工程及其自动化,2,,,165068
E101,太原工业学院,,电子信息工程,3,,,180904
E101,太原工业学院,,通信工程,3,,,184230
E101,太原工业学院,,微电子科学与工程,3,,,188731
E101,太原工业学院,,自动化,3,,,178509
E101,太原工业学院,,机器人工程,3,,,188379
E101,太原工业学院,,计算机科学与技术,4,,,143408
E101,太原工业学院,,软件工程,3,,,166969
E101,太原工业学院,,物联网工程,3,,,170252
E101,太原工业学院,,数字媒体技术,3,,,176365
E101,太原工业学院,,数据科学与大数据技术,3,,,171819
E101,太原工业学院,,化学工程与工艺,3,,,209899
E101,太原工业学院,,制药工程,3,,,204092
E101,太原工业学院,,能源化学工程,3,,,197690
E101,太原工业学院,,化工安全工程,3,,,224604
E101,太原工业学院,,环境工程,3,,,222504
E101,太原工业学院,,食品质量与安全,3,,,217923
E101,太原工业学院,,安全工程,3,,,207671
E101,太原工业学院,,应急技术与管理,3,,,215843
E101,太原工业学院,,生物工程,3,,,200273
E101,太原工业学院,,跨境电子商务,3,,,204658
E172,海南科技职业大学,,新能源汽车工程技术,3,,,264929
E172,海南科技职业大学,,汽车服务工程技术,2,,,258536
E172,海南科技职业大学,,水路运输与海事管理,3,,,254759
E172,海南科技职业大学,,物联网工程技术,4,,,268197
E172,海南科技职业大学,,大数据工程技术,3,,,265208
E172,海南科技职业大学,,人工智能工程技术,2,,,272992
E172,海南科技职业大学,,护理,4,,,241506
E172,海南科技职业大学,,药学,3,,,243474
E172,海南科技职业大学,,企业数字化管理,4,,,262766
E172,海南科技职业大学,,学前教育,3,,,258753
E199,内蒙古大学创业学院,,新闻学,1,,,223654
E199,内蒙古大学创业学院,,汉语言文学,2,,,206783
E200,银川科技学院,,能源与动力工程,3,,,248787
E200,银川科技学院,,计算机科学与技术,2,,,256885
E200,银川科技学院,,智能制造工程,2,,,259688
E200,银川科技学院,,新能源科学与工程,2,,,247078
E200,银川科技学院,,会计学,2,,,236965
E200,银川科技学院,,工程造价,2,,,270751
E200,银川科技学院,,汉语言文学,3,,,231714
E200,银川科技学院,,学前教育,2,,,239507
E200,银川科技学院,,网络与新媒体,2,,,236552
E202,沧州交通学院,,工商管理,8,,,223873
E202,沧州交通学院,,财务管理,6,,,215925
E202,沧州交通学院,,物流管理,4,,,224389
E202,沧州交通学院,,工程管理,4,,,231677
E202,沧州交通学院,,金融工程,10,,,228490
E202,沧州交通学院,,计算机科学与技术,6,,,222773
E202,沧州交通学院,,软件工程,5,,,225545
E202,沧州交通学院,,数据科学与大数据技术,4,,,228329
E202,沧州交通学院,,轨道交通信号与控制,8,,,231962
E202,沧州交通学院,,交通运输,10,,,222709
E202,沧州交通学院,,自动化,3,,,226483
E202,沧州交通学院,,人工智能,4,,,230173
E202,沧州交通学院,,电气工程及其自动化,5,,,225546
E202,沧州交通学院,,土木工程,3,,,233036
E202,沧州交通学院,,工程造价,6,,,233465
E202,沧州交通学院,,车辆工程,3,,,232098
E202,沧州交通学院,,能源与动力工程,6,,,222363
E202,沧州交通学院,,英语,5,,,231773
E203,皖江工学院,,水利水电工程,3,,,225552
E203,皖江工学院,,港口航道与海岸工程,3,,,227833
E203,皖江工学院,,土木工程,3,,,245133
E203,皖江工学院,,地理空间信息工程,3,,,243352
E203,皖江工学院,,自动化,3,,,240039
E203,皖江工学院,,计算机科学与技术,5,,,233228
E203,皖江工学院,,人工智能,5,,,239798
E203,皖江工学院,,财务管理,2,,,211985
E203,皖江工学院,,工程管理,3,,,245172
E207,上海财经大学浙江学院,,会计学,2,,,198765
E207,上海财经大学浙江学院,,会计学(注册会计),2,,,195297
E207,上海财经大学浙江学院,,金融学,2,,,189698
E207,上海财经大学浙江学院,,经济统计学,2,,,195399
E207,上海财经大学浙江学院,,英语,1,,,220762
E207,上海财经大学浙江学院,,商务英语,1,,,214434
E223,贵州师范学院,,金融科技,2,,,193532
E223,贵州师范学院,,统计学,3,,,181717
E223,贵州师范学院,,物联网工程,3,,,188740
E223,贵州师范学院,,电子信息类,2,,,186744
E223,贵州师范学院,,农业资源与环境,3,,,183223
E223,贵州师范学院,,旅游管理类,2,,,194022
E225,河北东方学院,,金融工程,4,,,231840
E225,河北东方学院,,经济与金融,4,,,229835
E225,河北东方学院,,国际经济与贸易,4,,,236586
E225,河北东方学院,,英语,3,,,229444
E225,河北东方学院,,网络与新媒体,2,,,215135
E225,河北东方学院,,文物与博物馆学,4,,,219157
E225,河北东方学院,,文化遗产,2,,,225818
E225,河北东方学院,,电子信息科学与技术,2,,,234624
E225,河北东方学院,,人工智能,3,,,238905
E225,河北东方学院,,软件工程,2,,,233230
E225,河北东方学院,,物联网工程,2,,,237234
E225,河北东方学院,,数据科学与大数据技术,2,,,234932
E225,河北东方学院,,医学影像技术,3,,,206993
E225,河北东方学院,,护理学,2,,,210341
E225,河北东方学院,,财务管理,4,,,222355
E225,河北东方学院,,审计学,4,,,215684
E225,河北东方学院,,资产评估,3,,,233221
E226,运城职业技术大学,,智能采矿技术,2,,,234595
E226,运城职业技术大学,,建筑装饰工程,5,,,237009
E226,运城职业技术大学,,建筑工程,4,,,242172
E226,运城职业技术大学,,机械设计制造及自动化,3,,,224608
E226,运城职业技术大学,,智能制造工程技术,4,,,234869
E226,运城职业技术大学,,物联网工程技术,4,,,231365
E226,运城职业技术大学,,网络工程技术,4,,,229896
E226,运城职业技术大学,,护理,5,,,219962
E226,运城职业技术大学,,大数据与财务管理,5,,,227480
E226,运城职业技术大学,,现代物流管理,2,,,231549
E226,运城职业技术大学,,旅游管理,2,,,231983
E262,西南交通大学希望学院,,建筑电气与智能化,2,,,235217
E262,西南交通大学希望学院,,工程管理,3,,,242184
E262,西南交通大学希望学院,,土木工程,3,,,236834
E262,西南交通大学希望学院,,机械设计制造及其自动化,3,,,230710
E262,西南交通大学希望学院,,电气工程及其自动化,3,,,227189
E262,西南交通大学希望学院,,交通运输,3,,,225589
E262,西南交通大学希望学院,,物流工程,5,,,231952
E262,西南交通大学希望学院,,轨道交通信号与控制,3,,,232619
E262,西南交通大学希望学院,,审计学,5,,,223991
E262,西南交通大学希望学院,,财务管理,5,,,222787
E275,浙江外国语学院,,英语(师范类),2,,,42535
E275,浙江外国语学院,,英语,2,,,51853
E275,浙江外国语学院,,日语,2,,,101820
E275,浙江外国语学院,,阿拉伯语,2,,,101246
E275,浙江外国语学院,,朝鲜语,2,,,103808
E275,浙江外国语学院,,俄语,2,,,69037
E275,浙江外国语学院,,汉语言文学(师范类),2,,,43364
E275,浙江外国语学院,,网络与新媒体,2,,,58451
E275,浙江外国语学院,,旅游管理(全英教学),4,,,162185
E275,浙江外国语学院,,旅游管理,2,,,104235
E275,浙江外国语学院,,会展经济与管理,2,,,89507
E275,浙江外国语学院,,金融工程,2,,,66895
E275,浙江外国语学院,,计算机科学与技术,4,,,57178
E275,浙江外国语学院,,电子商务,2,,,76483
E275,浙江外国语学院,,国际经济与贸易,2,,,58500
E275,浙江外国语学院,,国际经济与贸易(全英教学),2,,,77330
E275,浙江外国语学院,,捷克语,2,,,109698
E275,浙江外国语学院,,意大利语(中外合作办学),2,,,112308
E276,齐鲁师范学院,,马克思主义理论,35,,,137443
E276,齐鲁师范学院,,思想政治教育(师范类),75,,,117770
E276,齐鲁师范学院,,学前教育(师范类),41,,,147374
E276,齐鲁师范学院,,小学教育(师范类),77,,,129298
E276,齐鲁师范学院,,心理学(师范类),40,,,148356
E276,齐鲁师范学院,,中国语言文学类(师范类),111,,,111843
E276,齐鲁师范学院,,英语(师范类),105,,,128847
E276,齐鲁师范学院,,翻译,30,,,173547
E276,齐鲁师范学院,,天文学,30,,,207651
E276,齐鲁师范学院,,历史学(师范类),80,,,128972
E276,齐鲁师范学院,,地理科学(师范类),75,,,127470
E276,齐鲁师范学院,,财务管理,30,,,137931
E276,齐鲁师范学院,,经济与金融,30,,,168869
E276,齐鲁师范学院,,数学与应用数学(师范类),107,,,136300
E276,齐鲁师范学院,,物理学(师范类),112,,,150048
E276,齐鲁师范学院,,电子信息工程,105,,,164973
E276,齐鲁师范学院,,化学(师范类),107,,,145560
E276,齐鲁师范学院,,制药工程,75,,,169985
E276,齐鲁师范学院,,化妆品技术与工程,75,,,203560
E276,齐鲁师范学院,,生物科学(师范类),110,,,138859
E276,齐鲁师范学院,,食品质量与安全,45,,,173073
E276,齐鲁师范学院,,园林,40,,,182537
E276,齐鲁师范学院,,计算机科学与技术(师范类),42,,,136626
E276,齐鲁师范学院,,物联网工程,35,,,152542
E276,齐鲁师范学院,,生物信息学,40,,,176754
E276,齐鲁师范学院,,应急管理,35,,,196441
E276,齐鲁师范学院,,社会工作,30,,,178329
E276,齐鲁师范学院,,网络空间安全,35,,,160556
E276,齐鲁师范学院,,文化遗产,30,,,179836
E276,齐鲁师范学院,,计算机科学与技术(校企合作，与青岛英谷教育科技股份有限公司合作),80,,,184861
E276,齐鲁师范学院,,金融工程(校企合作，与山东开创集团股份有限公司合作),40,,,199332
E276,齐鲁师范学院,,经济与金融(校企合作，与山东开创集团股份有限公司合作),40,,,194833
E276,齐鲁师范学院,,商务英语(校企合作，与中科启智（山东）信息有限公司合作),40,,,201701
E276,齐鲁师范学院,,财务管理(校企合作，与中科启智（山东）信息有限公司合作),40,,,178361
E276,齐鲁师范学院,,旅游管理与服务教育(校企合作，与山东文旅投资集团有限公司合作),80,,,213677
E276,齐鲁师范学院,,学前教育(师范类，校企合作，与山东财金知远教育科技股份有限公司合,40,,,185076
E276,齐鲁师范学院,,数据科学与大数据技术(校企合作，与网易有道信息技术（北京）有限公,80,,,199681
E276,齐鲁师范学院,,人工智能(校企合作，与网易有道信息技术（北京）有限公司合作),80,,,207253
E276,齐鲁师范学院,,数据计算及应用(校企合作，与网易有道信息技术（北京）有限公司合作),80,,,211329
E277,山东青年政治学院,,社会工作,140,,,188690
E277,山东青年政治学院,,政治学与行政学,142,,,163082
E277,山东青年政治学院,,公共事业管理,65,,,187728
E277,山东青年政治学院,,人力资源管理,60,,,176566
E277,山东青年政治学院,,经济学,30,,,174481
E277,山东青年政治学院,,计算机科学与技术,65,,,166915
E277,山东青年政治学院,,电子信息工程,80,,,182642
E277,山东青年政治学院,,财务管理,60,,,155696
E277,山东青年政治学院,,审计学,60,,,152857
E277,山东青年政治学院,,资产评估,70,,,185238
E277,山东青年政治学院,,会计学,65,,,148760
E277,山东青年政治学院,,广播电视学,20,,,172846
E277,山东青年政治学院,,汉语言文学,30,,,127900
E277,山东青年政治学院,,西班牙语,70,,,216565
E277,山东青年政治学院,,英语,25,,,163753
E277,山东青年政治学院,,法语,70,,,213842
E277,山东青年政治学院,,德语,80,,,216092
E277,山东青年政治学院,,日语,80,,,199831
E277,山东青年政治学院,,朝鲜语,40,,,214299
E277,山东青年政治学院,,阿拉伯语,35,,,214467
E277,山东青年政治学院,,酒店管理,80,,,208561
E277,山东青年政治学院,,健康服务与管理,80,,,194736
E277,山东青年政治学院,,物业管理,80,,,203422
E277,山东青年政治学院,,思想政治教育,65,,,147850
E277,山东青年政治学院,,党务工作,40,,,175934
E277,山东青年政治学院,,人力资源管理(校企合作，与人才有价山东有限公司合作),80,,,197413
E277,山东青年政治学院,,市场营销(校企合作，与中兴协力山东数字科技集团合作),80,,,210628
E277,山东青年政治学院,,数据科学与大数据技术(校企合作，与浪潮软件股份有限公司合作),80,,,199992
E277,山东青年政治学院,,审计学(校企合作，与北京兴华会计师事务所合作),80,,,182055
E277,山东青年政治学院,,广播电视学(校企合作，与山东智媒文化产业有限公司合作),240,,,211210
E277,山东青年政治学院,,汉语言文学(校企合作，与山东智媒文化产业有限公司合作),160,,,170068
E277,山东青年政治学院,,英语(校企合作，与青岛英谷教育科技公司合作),80,,,199484
E327,青岛电影学院,,网络与新媒体,55,,,263075
E327,青岛电影学院,,知识产权,58,,,254758
E327,青岛电影学院,,新闻学,48,,,261915
E327,青岛电影学院,,广告学,48,,,264261
E333,郑州升达经贸管理学院,,金融学,3,,,222865
E333,郑州升达经贸管理学院,,会计学,3,,,204692
E333,郑州升达经贸管理学院,,工商管理(数字化管理),3,,,222867
E333,郑州升达经贸管理学院,,市场营销,3,,,232077
E333,郑州升达经贸管理学院,,电子商务类,3,,,226467
E333,郑州升达经贸管理学院,,英语,3,,,229234
E333,郑州升达经贸管理学院,,计算机科学与技术,4,,,229867
E333,郑州升达经贸管理学院,,数据科学与大数据技术,3,,,230038
E333,郑州升达经贸管理学院,,学前教育(师范类),3,,,221017
E333,郑州升达经贸管理学院,,法学,3,,,187652
E388,重庆第二师范学院,,小学教育(师范类),4,,,131846
E388,重庆第二师范学院,,外国语言文学类,3,,,141631
E388,重庆第二师范学院,,计算机科学与技术,3,,,130863
E388,重庆第二师范学院,,应用化学,4,,,183686
E388,重庆第二师范学院,,食品质量与安全,4,,,183126
E388,重庆第二师范学院,,经济与金融,3,,,151302
E388,重庆第二师范学院,,房地产开发与管理,4,,,224891
E388,重庆第二师范学院,,旅游管理类,3,,,178957
E388,重庆第二师范学院,,学前教育(中外合作办学)(师范类),4,,,192006
E389,成都师范学院,,贸易经济,5,,,134699
E389,成都师范学院,,英语,5,,,114687
E389,成都师范学院,,化学,5,,,151344
E389,成都师范学院,,汽车服务工程,5,,,196427
E390,陕西学前师范学院,,生物科学(师范类),2,,,165044
E390,陕西学前师范学院,,食品科学与工程,3,,,189482
E390,陕西学前师范学院,,小学教育(师范类),4,,,152328
E390,陕西学前师范学院,,文化产业管理,2,,,184614
E390,陕西学前师范学院,,应用统计学,2,,,179598
E390,陕西学前师范学院,,化学(师范类),2,,,181637
E390,陕西学前师范学院,,应用化学,2,,,207624
E410,四川电影电视学院,,艺术教育,5,,,240658
E410,四川电影电视学院,,电子竞技运动与管理,5,,,239326
E410,四川电影电视学院,,文化产业管理,5,,,226175
E430,中国科学院大学,,环境科学,1,,,354
E430,中国科学院大学,,数学与应用数学,2,,,280
E430,中国科学院大学,,物理学,4,,,309
E430,中国科学院大学,,化学,3,,,349
E430,中国科学院大学,,天文学,1,,,328
E430,中国科学院大学,,生物科学,3,,,339
E430,中国科学院大学,,理论与应用力学,1,,,319
E430,中国科学院大学,,材料科学与工程,2,,,330
E430,中国科学院大学,,电气工程及其自动化,1,,,240
E430,中国科学院大学,,电子信息工程,2,,,292
E430,中国科学院大学,,人工智能,1,,,231
E430,中国科学院大学,,计算机科学与技术,3,,,282
E430,中国科学院大学,,网络空间安全,1,,,293
E432,河北中医药大学,,中医学(5+3一体化),4,,,36884
E432,河北中医药大学,,中医学,2,,,50912
E432,河北中医药大学,,中西医临床医学,3,,,82322
E432,河北中医药大学,,中医骨伤科学,2,,,73254
E432,河北中医药大学,,中药学,3,,,119899
E432,河北中医药大学,,医学检验技术,3,,,112091
E432,河北中医药大学,,医学影像技术,3,,,113447
E432,河北中医药大学,,口腔医学技术,3,,,108050
E432,河北中医药大学,,中药资源与开发,2,,,151451
E432,河北中医药大学,,中药制药,3,,,149648
E432,河北中医药大学,,生物工程,3,,,148322
E432,河北中医药大学,,护理学,2,,,135447
E432,河北中医药大学,,助产学,2,,,139677
E434,山西传媒学院,,广告学,5,,,170154
E434,山西传媒学院,,影视摄影与制作,3,,,173716
E434,山西传媒学院,,广播电视学,3,,,152990
E434,山西传媒学院,,文化产业管理,6,,,196443
E434,山西传媒学院,,广播电视工程,5,,,206535
E434,山西传媒学院,,数字媒体技术,5,,,156934
E434,山西传媒学院,,网络与新媒体,3,,,136838
E434,山西传媒学院,,新闻学,3,,,152354
E434,山西传媒学院,,戏剧影视文学,5,,,205736
E434,山西传媒学院,,数字出版,3,,,187825
E435,营口理工学院,,金融工程,2,,,200171
E435,营口理工学院,,应用化学,2,,,203904
E435,营口理工学院,,机械设计制造及其自动化,3,,,184385
E435,营口理工学院,,材料科学与工程,2,,,200213
E435,营口理工学院,,无机非金属材料工程,2,,,207471
E435,营口理工学院,,新能源科学与工程,2,,,185437
E435,营口理工学院,,电气工程及其自动化,3,,,188625
E435,营口理工学院,,自动化,3,,,191881
E435,营口理工学院,,化学工程与工艺,2,,,204540
E435,营口理工学院,,环境科学与工程,2,,,200713
E435,营口理工学院,,物流管理,2,,,200961
E436,江苏第二师范学院,,生物科学(师范类),5,,,99433
E436,江苏第二师范学院,,汉语言文学(师范类),5,,,67160
E436,江苏第二师范学院,,英语(师范类),5,,,84172
E436,江苏第二师范学院,,应用统计学,5,,,116506
E436,江苏第二师范学院,,应用化学,5,,,144298
E436,江苏第二师范学院,,物联网工程,5,,,126135
E436,江苏第二师范学院,,商务英语,5,,,112262
E437,南昌师范学院,,学前教育(师范类),2,,,147197
E437,南昌师范学院,,旅游管理,2,,,192614
E437,南昌师范学院,,会展经济与管理,2,,,186911
E437,南昌师范学院,,秘书学,2,,,131863
E437,南昌师范学院,,英语(师范类),2,,,109939
E437,南昌师范学院,,思想政治教育(师范类),2,,,104450
E437,南昌师范学院,,数学与应用数学(师范类),2,,,142460
E437,南昌师范学院,,统计学,2,,,139365
E437,南昌师范学院,,物理学(师范类),2,,,144876
E437,南昌师范学院,,电子信息工程,2,,,151478
E437,南昌师范学院,,化学(师范类),2,,,128800
E437,南昌师范学院,,生物科学(师范类),2,,,131433
E438,山东管理学院,,劳动关系,70,,,195567
E438,山东管理学院,,社会工作,70,,,192315
E438,山东管理学院,,工商管理,72,,,181239
E438,山东管理学院,,物流管理,69,,,191970
E438,山东管理学院,,市场营销,80,,,201667
E438,山东管理学院,,审计学,66,,,150667
E438,山东管理学院,,资产评估,70,,,186728
E438,山东管理学院,,财务管理,72,,,150666
E438,山东管理学院,,会计学,94,,,141775
E438,山东管理学院,,计算机科学与技术,35,,,151049
E438,山东管理学院,,大数据管理与应用,66,,,183480
E438,山东管理学院,,软件工程,63,,,165836
E438,山东管理学院,,电子商务,64,,,187749
E438,山东管理学院,,国际经济与贸易,62,,,186905
E438,山东管理学院,,经济学,71,,,178036
E438,山东管理学院,,金融工程,54,,,187580
E438,山东管理学院,,电子信息工程,60,,,173813
E438,山东管理学院,,机器人工程,55,,,184606
E438,山东管理学院,,安全工程,57,,,196676
E438,山东管理学院,,公共关系学,55,,,194647
E438,山东管理学院,,商务英语,64,,,193280
E438,山东管理学院,,秘书学,55,,,178175
E438,山东管理学院,,网络与新媒体,63,,,167517
E438,山东管理学院,,工业智能,62,,,195503
E438,山东管理学院,,旅游管理与服务教育,28,,,204250
E438,山东管理学院,,人力资源管理(校企合作，与山东人才发展集团有限公司合作),80,,,198616
E438,山东管理学院,,财务管理(校企合作，与济南达森互联网科技公司合作),80,,,180254
E438,山东管理学院,,审计学(校企合作，与北京兴华会计师事务所合作),80,,,180175
E438,山东管理学院,,信息管理与信息系统(校企合作，与山东贝森医疗信息咨询公司合作),40,,,208064
E438,山东管理学院,,投资学(校企合作，与山东中启创优科技股份公司合作),100,,,208794
E438,山东管理学院,,文化产业管理(校企合作，与山东文旅投资集团有限公司合作),80,,,206925
E439,山东农业工程学院,,食品质量与安全,105,,,202682
E439,山东农业工程学院,,食品科学与工程,100,,,205714
E439,山东农业工程学院,,机械电子工程,70,,,200366
E439,山东农业工程学院,,机械工程,70,,,202922
E439,山东农业工程学院,,信息安全,87,,,196576
E439,山东农业工程学院,,测绘工程,70,,,210703
E439,山东农业工程学院,,土地资源管理,53,,,196290
E439,山东农业工程学院,,工程造价,65,,,206253
E439,山东农业工程学院,,遥感科学与技术,70,,,206298
E439,山东农业工程学院,,资源循环科学与工程,110,,,210634
E439,山东农业工程学院,,设施农业科学与工程,70,,,209792
E439,山东农业工程学院,,园艺,70,,,209134
E439,山东农业工程学院,,森林保护,70,,,212008
E439,山东农业工程学院,,物流工程,70,,,202291
E439,山东农业工程学院,,农林经济管理,70,,,201957
E439,山东农业工程学院,,金融工程,70,,,199146
E439,山东农业工程学院,,财务管理,60,,,175033
E439,山东农业工程学院,,审计学,50,,,170916
E439,山东农业工程学院,,秘书学,80,,,191652
E439,山东农业工程学院,,商务英语,100,,,207144
E439,山东农业工程学院,,电气工程及其自动化,80,,,192935
E439,山东农业工程学院,,人工智能,80,,,200622
E439,山东农业工程学院,,中药资源与开发,70,,,202212
E439,山东农业工程学院,,土地整治工程,70,,,212676
E439,山东农业工程学院,,植物保护,70,,,212890
E439,山东农业工程学院,,生物质科学与工程,70,,,213217
E439,山东农业工程学院,,园林,70,,,213191
E439,山东农业工程学院,,会计学,62,,,172225
E439,山东农业工程学院,,环境生态工程(中外合作办学),120,,,237763
E439,山东农业工程学院,,物联网工程(校企合作，与济南博赛网络技术有限公司),80,,,210621
E439,山东农业工程学院,,动物医学(校企合作，与山东和康源生物育种有限公司),80,,,192387
E439,山东农业工程学院,,风景园林(校企合作，与山东兴润园林生态股份有限公司),80,,,211835
E440,贵州理工学院,,英语,2,,,180688
E440,贵州理工学院,,人文地理与城乡规划,2,,,210170
E440,贵州理工学院,,机械设计制造及其自动化,4,,,200679
E440,贵州理工学院,,材料类,6,,,222733
E440,贵州理工学院,,计算机类,4,,,192857
E440,贵州理工学院,,化学工程与工艺,5,,,205798
E440,贵州理工学院,,地质工程,3,,,208452
E440,贵州理工学院,,资源勘查工程,2,,,193010
E440,贵州理工学院,,采矿工程,3,,,217195
E440,贵州理工学院,,安全工程,3,,,204520
E458,张家口学院,,小学教育(师范类),2,,,135985
E458,张家口学院,,财务管理,3,,,171036
E458,张家口学院,,医学影像技术,3,,,132039
E458,张家口学院,,思想政治教育(师范类),1,,,144377
E458,张家口学院,,汉语言文学(师范类),1,,,129820
E527,山西工程技术学院,,材料成型及控制工程,1,,,207712
E527,山西工程技术学院,,材料科学与工程,1,,,187065
E527,山西工程技术学院,,计算机科学与技术,2,,,173986
E527,山西工程技术学院,,数据科学与大数据技术,2,,,185572
E527,山西工程技术学院,,物联网工程,1,,,198231
E527,山西工程技术学院,,智能科学与技术,1,,,200748
E527,山西工程技术学院,,测绘工程,2,,,187457
E527,山西工程技术学院,,地理信息科学,1,,,145733
E527,山西工程技术学院,,地质工程,2,,,200592
E527,山西工程技术学院,,勘查技术与工程,2,,,210864
E527,山西工程技术学院,,遥感科学与技术,1,,,182222
E527,山西工程技术学院,,电气工程及其自动化,1,,,192243
E527,山西工程技术学院,,自动化,1,,,190440
E527,山西工程技术学院,,工程管理,2,,,211336
E527,山西工程技术学院,,工程造价,2,,,205263
E527,山西工程技术学院,,机械电子工程,2,,,203447
E527,山西工程技术学院,,机械工程,2,,,206913
E527,山西工程技术学院,,机械设计制造及其自动化,1,,,161269
E527,山西工程技术学院,,智能制造工程,1,,,186442
E527,山西工程技术学院,,土木工程,2,,,188203
E531,内蒙古艺术学院,,文化产业管理,3,,,212071
E531,内蒙古艺术学院,,艺术史论,4,,,216933
E596,中国社会科学院大学,,马克思主义理论,2,,,10650
E596,中国社会科学院大学,,汉语言文学,2,,,5884
E596,中国社会科学院大学,,哲学,3,,,12349
E596,中国社会科学院大学,,历史学,4,,,8283
E596,中国社会科学院大学,,经济学,2,,,8199
E596,中国社会科学院大学,,国际经济与贸易,2,,,12686
E596,中国社会科学院大学,,法学,3,,,5287
E596,中国社会科学院大学,,社会学,3,,,11788
E596,中国社会科学院大学,,法语,2,,,13126
E596,中国社会科学院大学,,国际事务与国际关系,2,,,8973
E596,中国社会科学院大学,,政治学与行政学,4,,,10953
E596,中国社会科学院大学,,新闻传播学类,3,,,14339
E623,滇西应用技术大学,,健康服务与管理,2,,,195773
E623,滇西应用技术大学,,计算机科学与技术,2,,,141818
E623,滇西应用技术大学,,土木工程,2,,,192757
E625,茅台学院,,白酒酿造工程,2,,,202111
E625,茅台学院,,酿酒工程,2,,,205852
E625,茅台学院,,葡萄与葡萄酒工程,2,,,213325
E625,茅台学院,,食品科学与工程,3,,,217159
E625,茅台学院,,食品质量与安全,2,,,214150
E625,茅台学院,,资源循环科学与工程,2,,,216132
E625,茅台学院,,环境科学与工程,2,,,216134
E625,茅台学院,,自动化,4,,,222541
E625,茅台学院,,包装工程,2,,,222610
E625,茅台学院,,市场营销,2,,,214464
E625,茅台学院,,电子商务,2,,,216295
E625,茅台学院,,物流管理,2,,,213061
E625,茅台学院,,种子科学与工程,3,,,227226
E654,郑州西亚斯学院,,金融学,10,,,216438
E654,郑州西亚斯学院,,国际经济与贸易,10,,,216589
E654,郑州西亚斯学院,,英语,10,,,217283
E654,郑州西亚斯学院,,新闻学,5,,,213917
E654,郑州西亚斯学院,,广告学,5,,,218742
E654,郑州西亚斯学院,,会计学,10,,,203955
E655,深圳技术大学,,机械设计制造及其自动化,3,,,38028
E655,深圳技术大学,,自动化,3,,,34276
E655,深圳技术大学,,物联网工程,3,,,31605
E655,深圳技术大学,,光源与照明,3,,,49227
E655,深圳技术大学,,新能源科学与工程,3,,,41466
E655,深圳技术大学,,交通运输,3,,,44532
E655,深圳技术大学,,车辆工程,2,,,44792
E655,深圳技术大学,,生物医学工程,3,,,49524
E655,深圳技术大学,,智能医学工程,3,,,49090
E655,深圳技术大学,,应用物理学,3,,,47180
E655,深圳技术大学,,智能感知工程,3,,,46977
E655,深圳技术大学,,药学,3,,,53180
E655,深圳技术大学,,生物制药,3,,,52242
E655,深圳技术大学,,口腔医学技术,3,,,53837
E655,深圳技术大学,,集成电路设计与集成系统,2,,,32508
E655,深圳技术大学,,工业设计,2,,,49922
E655,深圳技术大学,,国际商务,4,,,54746
E655,深圳技术大学,,财务管理,3,,,45294
E655,深圳技术大学,,德语,4,,,65450
E655,深圳技术大学,,商务英语,4,,,59631
E682,安徽艺术学院,,新闻学,4,,,178290
E829,海南比勒费尔德应用科学大学,,电子信息科学与技术,5,,,213858
E829,海南比勒费尔德应用科学大学,,计算机科学与技术,5,,,196353
F201,山西工程科技职业大学,,建筑设计,5,,,220159
F201,山西工程科技职业大学,,智能建造工程,4,,,212607
F201,山西工程科技职业大学,,工程造价,8,,,217917
F201,山西工程科技职业大学,,电梯工程技术,4,,,219939
F201,山西工程科技职业大学,,测绘工程技术,6,,,215536
F201,山西工程科技职业大学,,市政工程,4,,,220231
F201,山西工程科技职业大学,,汽车服务工程技术,4,,,217804
F201,山西工程科技职业大学,,电子信息工程技术,4,,,209997
F201,山西工程科技职业大学,,软件工程技术,4,,,210296
F201,山西工程科技职业大学,,计算机应用工程,5,,,210560
F201,山西工程科技职业大学,,大数据与会计,8,,,189664
F201,山西工程科技职业大学,,国际经济与贸易,4,,,207678
F201,山西工程科技职业大学,,金融科技应用,3,,,207383
F201,山西工程科技职业大学,,物流工程技术,5,,,208666
F201,山西工程科技职业大学,,应用英语,4,,,204718
F201,山西工程科技职业大学,,法律,5,,,173631
F201,山西工程科技职业大学,,人力资源管理,3,,,200557
F202,河北石油职业技术大学,,石油工程技术,8,,,208776
F202,河北石油职业技术大学,,生态环境工程技术,4,,,215656
F202,河北石油职业技术大学,,建筑环境与能源工程,5,,,212557
F202,河北石油职业技术大学,,建设工程管理,6,,,215777
F202,河北石油职业技术大学,,机械设计制造及自动化,5,,,195947
F202,河北石油职业技术大学,,工业设计,4,,,213786
F202,河北石油职业技术大学,,电气工程及自动化,4,,,197514
F202,河北石油职业技术大学,,汽车工程技术,4,,,212138
F202,河北石油职业技术大学,,新能源汽车工程技术,6,,,209739
F202,河北石油职业技术大学,,应用化工技术,4,,,212553
F202,河北石油职业技术大学,,化工智能制造工程技术,6,,,217170
F202,河北石油职业技术大学,,现代精细化工技术,4,,,214839
F202,河北石油职业技术大学,,电子信息工程技术,4,,,203831
F202,河北石油职业技术大学,,网络工程技术,4,,,208071
F202,河北石油职业技术大学,,软件工程技术,4,,,201115
F202,河北石油职业技术大学,,大数据与会计,4,,,179757
F202,河北石油职业技术大学,,市场营销,5,,,210310
F202,河北石油职业技术大学,,酒店管理,5,,,211486
F203,河北科技工程职业技术大学,,大数据与财务管理,3,,,187422
F203,河北科技工程职业技术大学,,现代通信工程,3,,,201325
F203,河北科技工程职业技术大学,,软件工程技术,3,,,203506
F203,河北科技工程职业技术大学,,网络工程技术,4,,,205044
F203,河北科技工程职业技术大学,,汽车服务工程技术,3,,,203601
F203,河北科技工程职业技术大学,,服装工程技术,3,,,213369
F203,河北科技工程职业技术大学,,新能源汽车工程技术,3,,,210188
F203,河北科技工程职业技术大学,,汽车工程技术,3,,,210336
F203,河北科技工程职业技术大学,,机器人技术,3,,,210507
F203,河北科技工程职业技术大学,,电气工程及自动化,3,,,174164
F203,河北科技工程职业技术大学,,机械电子工程技术,3,,,207370
F203,河北科技工程职业技术大学,,智能制造工程技术,3,,,207853
F203,河北科技工程职业技术大学,,建筑工程,4,,,212183
F203,河北科技工程职业技术大学,,机械设计制造及自动化,3,,,200204
F203,河北科技工程职业技术大学,,生态环境工程技术,3,,,191830
F204,河北工业职业技术大学,,钢铁智能冶金技术,5,,,216036
F204,河北工业职业技术大学,,生态环境工程技术,5,,,214592
F204,河北工业职业技术大学,,电子信息工程技术,5,,,203305
F204,河北工业职业技术大学,,自动化技术与应用,5,,,207975
F204,河北工业职业技术大学,,机械设计制造及自动化,5,,,207236
F204,河北工业职业技术大学,,国际经济与贸易,6,,,205559
F204,河北工业职业技术大学,,现代物流管理,4,,,203441
F205,广西农业职业技术大学,,智能控制技术,5,,,217692
F205,广西农业职业技术大学,,食品工程技术,5,,,214441
F205,广西农业职业技术大学,,计算机应用工程,5,,,217125
F205,广西农业职业技术大学,,中文国际教育,5,,,211867
F206,贵阳康养职业大学,,护理,6,,,189634
F206,贵阳康养职业大学,,医学检验技术,4,,,179602
F206,贵阳康养职业大学,,康复治疗,4,,,200955
F206,贵阳康养职业大学,,儿童康复治疗,4,,,211347
F206,贵阳康养职业大学,,现代家政管理,2,,,213183
F208,兰州资源环境职业技术大学,,智能采矿技术,4,,,220149
F208,兰州资源环境职业技术大学,,安全工程技术,4,,,219889
F208,兰州资源环境职业技术大学,,智慧气象技术,3,,,207560
F208,兰州资源环境职业技术大学,,储能材料工程技术,4,,,217511
F208,兰州资源环境职业技术大学,,现代精细化工技术,5,,,217836
F208,兰州资源环境职业技术大学,,跨境电子商务,5,,,214347
F209,兰州石化职业技术大学,,电子商务,2,,,208265
F209,兰州石化职业技术大学,,应用化工技术(石油化工),2,,,216287
F209,兰州石化职业技术大学,,应用化工技术(石油炼制),1,,,213914
F209,兰州石化职业技术大学,,现代分析测试技术,2,,,217667
F209,兰州石化职业技术大学,,高分子材料工程技术,2,,,217415
F209,兰州石化职业技术大学,,煤炭清洁利用工程,2,,,220711
F209,兰州石化职业技术大学,,安全工程技术,2,,,218006
F209,兰州石化职业技术大学,,现代精细化工技术,2,,,220164
F209,兰州石化职业技术大学,,油气储运工程,2,,,213196
F209,兰州石化职业技术大学,,智能制造工程技术,2,,,214028
F209,兰州石化职业技术大学,,测绘工程技术,2,,,217296
F209,兰州石化职业技术大学,,电气工程及自动化,2,,,200907
F209,兰州石化职业技术大学,,现代测控工程技术,2,,,215620
F301,宁波诺丁汉大学,,国际商务(中外合作办学),12,,,50700
F301,宁波诺丁汉大学,,财务管理(中外合作办学),13,,,46777
F301,宁波诺丁汉大学,,传播学(中外合作办学),10,,,52080
F301,宁波诺丁汉大学,,国际事务与国际关系(中外合作办学),5,,,50742
F301,宁波诺丁汉大学,,经济学(中外合作办学),17,,,45908
F301,宁波诺丁汉大学,,英语(中外合作办学)(2加2),3,,,51796
F301,宁波诺丁汉大学,,英语(中外合作办学),4,,,51032
F301,宁波诺丁汉大学,,计算机科学与技术(中外合作办学)(2加2),5,,,29422
F301,宁波诺丁汉大学,,计算机科学与技术(中外合作办学),9,,,37477
F301,宁波诺丁汉大学,,数学与应用数学(中外合作办学)(2加2),3,,,37856
F301,宁波诺丁汉大学,,数学与应用数学(中外合作办学),6,,,43336
F301,宁波诺丁汉大学,,环境科学(中外合作办学)(2加2),2,,,49276
F301,宁波诺丁汉大学,,统计学(中外合作办学)(2加2),4,,,38901
F301,宁波诺丁汉大学,,化学(中外合作办学)(2加2),1,,,34972
F301,宁波诺丁汉大学,,建筑学(中外合作办学),3,,,48572
F301,宁波诺丁汉大学,,化工与制药类(中外合作办学)(2加2),2,,,48580
F301,宁波诺丁汉大学,,化工与制药类(中外合作办学),2,,,48655
F301,宁波诺丁汉大学,,电气类(中外合作办学)(2加2),7,,,39985
F301,宁波诺丁汉大学,,电气类(中外合作办学),12,,,48031
F302,西交利物浦大学,,数学类(中外合作办学),18,,,45078
F302,西交利物浦大学,,电子信息类(中外合作办学),39,,,45942
F302,西交利物浦大学,,生物科学类(中外合作办学),11,,,41670
F302,西交利物浦大学,,化学类(中外合作办学),2,,,42620
F302,西交利物浦大学,,工商管理类(中外合作办学),22,,,44690
F302,西交利物浦大学,,金融学类(中外合作办学),36,,,43366
F302,西交利物浦大学,,建筑类(中外合作办学),8,,,46539
F302,西交利物浦大学,,外国语言文学类(中外合作办学),10,,,46424
F401,北京师范大学-香港浸会大学联合国际学院,,工商管理类(中外合作办学),10,,,60419
F401,北京师范大学-香港浸会大学联合国际学院,,新闻传播学类(中外合作办学),15,,,61716
F401,北京师范大学-香港浸会大学联合国际学院,,外国语言文学类(中外合作办学),3,,,61304
F401,北京师范大学-香港浸会大学联合国际学院,,计算机类(中外合作办学),10,,,54266
F401,北京师范大学-香港浸会大学联合国际学院,,会计学(中外合作办学),14,,,57520
F401,北京师范大学-香港浸会大学联合国际学院,,经济学(中外合作办学),6,,,56124
F401,北京师范大学-香港浸会大学联合国际学院,,社会学(中外合作办学),2,,,56029
F401,北京师范大学-香港浸会大学联合国际学院,,应用心理学(中外合作办学),4,,,53970
F401,北京师范大学-香港浸会大学联合国际学院,,食品科学与工程(中外合作办学),2,,,58087
F401,北京师范大学-香港浸会大学联合国际学院,,环境科学(中外合作办学),2,,,60395
F401,北京师范大学-香港浸会大学联合国际学院,,统计学(中外合作办学),4,,,56165
F401,北京师范大学-香港浸会大学联合国际学院,,金融数学(中外合作办学),3,,,55154
F401,北京师范大学-香港浸会大学联合国际学院,,数学与应用数学(中外合作办学),2,,,51339
F401,北京师范大学-香港浸会大学联合国际学院,,人工智能(中外合作办学),2,,,51011
F405,温州肯恩大学,,金融学(中外合作办学)(国际金融方向),4,,,67018
F405,温州肯恩大学,,国际商务(中外合作办学),4,,,71782
F405,温州肯恩大学,,会计学(中外合作办学)(国际会计方向),4,,,67309
F405,温州肯恩大学,,市场营销(中外合作办学)(国际方向),4,,,76943
F405,温州肯恩大学,,英语(中外合作办学),6,,,77715
F405,温州肯恩大学,,心理学(中外合作办学),3,,,75448
F405,温州肯恩大学,,传播学(中外合作办学),3,,,75538
F405,温州肯恩大学,,生物科学(中外合作办学)(细胞与分子方向),3,,,61257
F405,温州肯恩大学,,建筑学(中外合作办学),3,,,75673
F405,温州肯恩大学,,数学与应用数学(中外合作办学)(数据分析方向),4,,,74981
F405,温州肯恩大学,,计算机科学与技术(中外合作办学),8,,,69898
F405,温州肯恩大学,,化学(中外合作办学),2,,,76046
F405,温州肯恩大学,,环境科学(中外合作办学),2,,,74400
F409,深圳北理莫斯科大学,,生物科学(中外合作办学)(英语授课),2,,,74939
F409,深圳北理莫斯科大学,,电子与计算机工程(中外合作办学),5,,,64333
F409,深圳北理莫斯科大学,,智能感知工程(中外合作办学),2,,,67264
F409,深圳北理莫斯科大学,,国际经济与贸易(中外合作办学),4,,,72529
F409,深圳北理莫斯科大学,,金融科技(中外合作办学),2,,,69492
F410,广东以色列理工学院,,数学与应用数学(中外合作办学),4,,,39844
F410,广东以色列理工学院,,生物技术(中外合作办学),6,,,73956
F410,广东以色列理工学院,,机械工程(中外合作办学),4,,,35262
F410,广东以色列理工学院,,材料科学与工程(中外合作办学),7,,,74807
F410,广东以色列理工学院,,化学工程与工艺(中外合作办学),4,,,78071
G127,内蒙古科技大学包头师范学院,,法学,1,,,107242
G127,内蒙古科技大学包头师范学院,,政治学与行政学,2,,,176095
G127,内蒙古科技大学包头师范学院,,思想政治教育(师范类),1,,,147119
G127,内蒙古科技大学包头师范学院,,小学教育(师范类，语文),2,,,168521
G127,内蒙古科技大学包头师范学院,,汉语言文学(师范类),2,,,132570
G127,内蒙古科技大学包头师范学院,,历史学(师范类),2,,,166382
G127,内蒙古科技大学包头师范学院,,人力资源管理,2,,,194929
G127,内蒙古科技大学包头师范学院,,图书馆学,2,,,183376
G127,内蒙古科技大学包头师范学院,,电子信息科学与技术,2,,,189349
G127,内蒙古科技大学包头师范学院,,新闻学,2,,,203900
G127,内蒙古科技大学包头师范学院,,数学与应用数学(师范类),1,,,167402
G127,内蒙古科技大学包头师范学院,,物理学(师范类),2,,,193916
G127,内蒙古科技大学包头师范学院,,化学(师范类),2,,,186246
G127,内蒙古科技大学包头师范学院,,地理科学(师范类),1,,,147844
G127,内蒙古科技大学包头师范学院,,生物科学(师范类),2,,,180384
G127,内蒙古科技大学包头师范学院,,应用心理学(师范类),2,,,179936
G127,内蒙古科技大学包头师范学院,,金融学,2,,,194534
G127,内蒙古科技大学包头师范学院,,英语(师范类),2,,,184355
G213,哈尔滨工业大学(深圳),,工科试验班(自动化与电气工程),2,,,1481
G213,哈尔滨工业大学(深圳),,工科试验班(计算机与电子通信),6,,,1409
H001,北京大学医学部,,基础医学(本博连读),1,,,221
H001,北京大学医学部,,临床医学(本博连读),8,,,171
H001,北京大学医学部,,临床医学,2,,,214
H001,北京大学医学部,,口腔医学(本博连读),1,,,22
H001,北京大学医学部,,口腔医学,1,,,205
H001,北京大学医学部,,预防医学(本硕连读),3,,,307
H001,北京大学医学部,,药学(本硕连读),5,,,312
H001,北京大学医学部,,英语(医学英语),5,,,504
H002,中国人民大学(苏州校区),,国民经济管理(中外合作办学),2,,,7425
H002,中国人民大学(苏州校区),,金融学(中外合作办学),9,,,6681
H002,中国人民大学(苏州校区),,数学与应用数学(中外合作办学),2,,,4177
H002,中国人民大学(苏州校区),,传播学(中外合作办学)(国际新闻传播方向),1,,,8108
H004,北京交通大学(威海校区),,信息管理与信息系统(中外合作办学),13,,,35409
H004,北京交通大学(威海校区),,通信工程(中外合作办学),7,,,29761
H004,北京交通大学(威海校区),,计算机科学与技术(中外合作办学),11,,,28512
H004,北京交通大学(威海校区),,环境工程(中外合作办学),10,,,42369
H004,北京交通大学(威海校区),,工商管理(中外合作办学),9,,,37048
H004,北京交通大学(威海校区),,会计学(中外合作办学),8,,,29725
H013,北京邮电大学(宏福校区),,电信工程及管理(中外合作办学),15,,,15730
H013,北京邮电大学(宏福校区),,物联网工程(中外合作办学),8,,,12711
H013,北京邮电大学(宏福校区),,电子信息工程(中外合作办学),3,,,12154
H013,北京邮电大学(宏福校区),,智能科学与技术(中外合作办学),4,,,12447
H013,北京邮电大学(宏福校区),,信息与计算科学(中外合作办学),4,,,24767
H013,北京邮电大学(宏福校区),,数字媒体技术(中外合作办学),4,,,22165
H027,北京师范大学(珠海校区),,社会科学试验班,8,,,11471
H027,北京师范大学(珠海校区),,理科试验班,13,,,12405
H027,北京师范大学(珠海校区),,数学类,16,,,11688
H027,北京师范大学(珠海校区),,人文科学试验班,8,,,8985
H127,内蒙古科技大学包头医学院,,临床医学,3,,,98449
H127,内蒙古科技大学包头医学院,,预防医学,2,,,143403
H127,内蒙古科技大学包头医学院,,法医学,3,,,120101
H127,内蒙古科技大学包头医学院,,卫生检验与检疫,2,,,178645
H141,大连理工大学(盘锦校区),,能源化学工程(能源、资源与生物化工新工科实验班),10,,,18832
H141,大连理工大学(盘锦校区),,海洋技术,9,,,21391
H141,大连理工大学(盘锦校区),,环境生态工程(生态与食品工科实验班),5,,,20214
H141,大连理工大学(盘锦校区),,生物科学类,5,,,17763
H141,大连理工大学(盘锦校区),,药学,5,,,19112
H141,大连理工大学(盘锦校区),,商务英语,6,,,31282
H141,大连理工大学(盘锦校区),,经济学类(经济与商务实验班),5,,,18265
H141,大连理工大学(盘锦校区),,过程装备与控制工程(中外合作办学),11,,,37137
H141,大连理工大学(盘锦校区),,应用化学(中外合作办学)(理学),12,,,40096
H141,大连理工大学(盘锦校区),,数理基础科学(中外合作办学),12,,,33917
H145,东北大学秦皇岛分校,,经济学类,13,,,20245
H145,东北大学秦皇岛分校,,外国语言文学类,11,,,29191
H145,东北大学秦皇岛分校,,数学类,6,,,15308
H145,东北大学秦皇岛分校,,机械类,11,,,18055
H145,东北大学秦皇岛分校,,材料类,16,,,23161
H145,东北大学秦皇岛分校,,自动化类,11,,,14722
H145,东北大学秦皇岛分校,,仪器类(智能光电感知),7,,,19041
H145,东北大学秦皇岛分校,,工商管理类,25,,,23135
H145,东北大学秦皇岛分校,,计算机科学与技术,10,,,12949
H145,东北大学秦皇岛分校,,物联网工程,3,,,14458
H145,东北大学秦皇岛分校,,电子信息工程,8,,,14766
H145,东北大学秦皇岛分校,,通信工程,7,,,14836
H145,东北大学秦皇岛分校,,计算机科学与技术(中外合作办学),10,,,21579
H145,东北大学秦皇岛分校,,通信工程(中外合作办学),10,,,27642
H145,东北大学秦皇岛分校,,应用统计学(中外合作办学),5,,,29355
H145,东北大学秦皇岛分校,,数学与应用数学(中外合作办学),12,,,32669
H213,哈尔滨工业大学(威海),,工科试验班(电气与自动化),80,,,9309
H213,哈尔滨工业大学(威海),,工科试验班(计算机与电子通信),210,,,8855
H213,哈尔滨工业大学(威海),,工科试验班(机器人与智能装备),102,,,10464
H213,哈尔滨工业大学(威海),,数学类,31,,,10496
H213,哈尔滨工业大学(威海),,英语,10,,,16634
H213,哈尔滨工业大学(威海),,工科试验班(先进材料与智能制造类拔尖班),7,,,5673
H213,哈尔滨工业大学(威海),,工科试验班(智能土木类拔尖班),3,,,7030
H213,哈尔滨工业大学(威海),,软件工程,70,,,9708
H213,哈尔滨工业大学(威海),,经济管理试验班,10,,,12387
H213,哈尔滨工业大学(威海),,船舶与海洋工程(中外合作办学),10,,,27839
H246,复旦大学医学院,,临床医学(8年制本博连读，卓越医生计划),3,,,297
H246,复旦大学医学院,,口腔医学,2,,,538
H246,复旦大学医学院,,医学试验班(拔尖学生培养基地),14,,,1054
H246,复旦大学医学院,,临床医学(5年制，卓越医生计划),6,,,373
H248,上海交通大学医学院,,临床医学(八年制本博连读),4,,,287
H248,上海交通大学医学院,,口腔医学(5+3一体化),5,,,507
H248,上海交通大学医学院,,医学试验班(临床方向),8,,,424
H335,浙江大学医学院,,临床医学(5+3一体化培养),7,,,678
H335,浙江大学医学院,,口腔医学(5+3一体化培养),8,,,896
H335,浙江大学医学院,,临床医学(5+3一体化培养，儿科方向),3,,,916
H359,合肥工业大学(宣城校区),,新能源材料与器件,6,,,26082
H359,合肥工业大学(宣城校区),,计算机科学与技术,5,,,15146
H359,合肥工业大学(宣城校区),,智能科学与技术,4,,,19742
H359,合肥工业大学(宣城校区),,信息安全,2,,,15527
H359,合肥工业大学(宣城校区),,经济学,3,,,26150
H359,合肥工业大学(宣城校区),,英语,2,,,31818
H359,合肥工业大学(宣城校区),,网络与新媒体,2,,,25238
H359,合肥工业大学(宣城校区),,法学,2,,,19520
H359,合肥工业大学(宣城校区),,电气工程与智能控制,7,,,20035
H359,合肥工业大学(宣城校区),,物流管理,7,,,36688
H359,合肥工业大学(宣城校区),,机械工程,9,,,25214
H359,合肥工业大学(宣城校区),,电子信息科学与技术,2,,,18663
H359,合肥工业大学(宣城校区),,城市地下空间工程,23,,,37404
H414,中国石油大学(北京)克拉玛依校区,,石油工程,16,,,47003
H414,中国石油大学(北京)克拉玛依校区,,计算机类,20,,,37806
H414,中国石油大学(北京)克拉玛依校区,,油气储运工程,7,,,48249
H414,中国石油大学(北京)克拉玛依校区,,自动化,8,,,39079
H414,中国石油大学(北京)克拉玛依校区,,安全工程,3,,,49200
H414,中国石油大学(北京)克拉玛依校区,,新能源科学与工程,5,,,44606
H414,中国石油大学(北京)克拉玛依校区,,数学与应用数学,7,,,42442
H414,中国石油大学(北京)克拉玛依校区,,统计学,6,,,45965
H414,中国石油大学(北京)克拉玛依校区,,英语,6,,,47173
H414,中国石油大学(北京)克拉玛依校区,,俄语,3,,,52955
H414,中国石油大学(北京)克拉玛依校区,,汉语言文学,6,,,38085
H414,中国石油大学(北京)克拉玛依校区,,经济学,5,,,46186
H414,中国石油大学(北京)克拉玛依校区,,金融学,6,,,48543
H414,中国石油大学(北京)克拉玛依校区,,会计学,9,,,42360
H414,中国石油大学(北京)克拉玛依校区,,思想政治教育,5,,,43788
H414,中国石油大学(北京)克拉玛依校区,,资源勘查工程,9,,,53673
H414,中国石油大学(北京)克拉玛依校区,,勘查技术与工程,9,,,54605
H414,中国石油大学(北京)克拉玛依校区,,化学工程与工艺,12,,,50381
H414,中国石油大学(北京)克拉玛依校区,,能源化学工程,9,,,47008
H414,中国石油大学(北京)克拉玛依校区,,机械类,17,,,47829
H414,中国石油大学(北京)克拉玛依校区,,环境工程,4,,,52699
H422,山东大学威海分校,,国际政治,4,,,16253
H422,山东大学威海分校,,经济学类,85,,,16651
H422,山东大学威海分校,,工商管理类,68,,,18122
H422,山东大学威海分校,,法学类,78,,,13078
H422,山东大学威海分校,,汉语言文学,52,,,14040
H422,山东大学威海分校,,新闻学,20,,,18678
H422,山东大学威海分校,,外国语言文学类,50,,,21219
H422,山东大学威海分校,,海洋科学,8,,,15016
H422,山东大学威海分校,,海洋资源开发技术,8,,,15703
H422,山东大学威海分校,,智能制造工程,45,,,13467
H422,山东大学威海分校,,自动化类,67,,,12150
H422,山东大学威海分校,,电子信息类,57,,,11493
H422,山东大学威海分校,,计算机类,46,,,10603
H422,山东大学威海分校,,物理学,33,,,13970
H422,山东大学威海分校,,数学类,78,,,12775
H422,山东大学威海分校,,计算机科学与技术(中外合作办学),66,,,16842
H422,山东大学威海分校,,数学与应用数学(中外合作办学),55,,,19172
H422,山东大学威海分校,,应用物理学(中外合作办学),50,,,24484
H422,山东大学威海分校,,应用化学(中外合作办学),35,,,28603
H422,山东大学威海分校,,生物科学(中外合作办学),40,,,25294
H614,电子科技大学(沙河校区),,软件工程(国家示范性软件学院),15,,,4359
H614,电子科技大学(沙河校区),,软件工程(互联网交叉培养实验班),3,,,3685
H614,电子科技大学(沙河校区),,集成电路设计与集成系统(国家示范性微电子学院),10,,,3704
H614,电子科技大学(沙河校区),,临床医学,12,,,9929
H614,电子科技大学(沙河校区),,护理学,5,,,29552
H614,电子科技大学(沙河校区),,电子信息类(中外合作办学)(电子信息),6,,,8415
H614,电子科技大学(沙河校区),,电子信息类(中外合作办学)(通信、微电子),9,,,9575
H614,电子科技大学(沙河校区),,电子信息类(中外合作办学),3,,,13525
H635,西南大学(荣昌校区),,信息管理与信息系统,5,,,29128
H635,西南大学(荣昌校区),,市场营销,6,,,37482
H635,西南大学(荣昌校区),,国际经济与贸易,2,,,31131
H635,西南大学(荣昌校区),,物流管理,5,,,38719
H635,西南大学(荣昌校区),,大数据管理与应用,5,,,27783
H635,西南大学(荣昌校区),,动物科学,10,,,41056
H635,西南大学(荣昌校区),,动物医学,8,,,35597
H635,西南大学(荣昌校区),,动物药学,2,,,39069
H635,西南大学(荣昌校区),,中兽医学,2,,,38293
H635,西南大学(荣昌校区),,水产养殖学,8,,,41637
H635,西南大学(荣昌校区),,水族科学与技术,2,,,42486
M189,山西能源学院,,机械电子工程,3,,,206475
M189,山西能源学院,,化学工程与工艺,4,,,208249
M189,山西能源学院,,能源与动力工程,3,,,185732
M189,山西能源学院,,能源与环境系统工程,3,,,208403
M189,山西能源学院,,采矿工程,4,,,215018
M189,山西能源学院,,油气储运工程,3,,,207681
M189,山西能源学院,,资源勘查工程,4,,,215618
M189,山西能源学院,,测绘工程,3,,,213012
M189,山西能源学院,,安全工程,3,,,210202
M721,河北环境工程学院,,环境工程,3,,,195111
M721,河北环境工程学院,,软件工程,3,,,153764
M721,河北环境工程学院,,物流管理,2,,,197123
M721,河北环境工程学院,,新闻学,2,,,180178
N012,香港珠海学院,,文学与社会科学院(学费每年95000港元),3,,,187625
N012,香港珠海学院,,商学院(学费每年95000港元),5,,,196242
N012,香港珠海学院,,理工学院(学费每年95000港元),2,,,198734
P002,国防科技大学,,计算机类,12,,,2310
P002,国防科技大学,,电子信息类,14,,,2928
P002,国防科技大学,,航空航天类,9,,,3758
P002,国防科技大学,,自动化类,13,,,3629
P002,国防科技大学,,大气科学类,10,,,6301
P002,国防科技大学,,计算机科学与技术(天河拔尖班),4,,,1157
P002,国防科技大学,,理论与应用力学(航天力学拔尖班),3,,,2437
P004,陆军工程大学,,建筑环境与能源应用工程(全国人防通风空调与给排水工程师),1,,,32281
P004,陆军工程大学,,土木工程(全国人防工程建筑结构设计与施工工程师),1,,,47318
P004,陆军工程大学,,工程管理(全国人防建筑施工组织管理与监理工程师),1,,,32448
P004,陆军工程大学,,建筑学(全国人防工程建筑设计工程师),1,,,38474
P004,陆军工程大学,,电气工程及其自动化(全国人防电力工程及自动化技术工程师),1,,,16917
P004,陆军工程大学,,网络工程(全国人防指挥自动化技术工程师),1,,,21085
P020,海军军医大学,,临床医学(高级临床医师),6,,,4068
P020,海军军医大学,,临床医学(临床医师),13,,,8643
P020,海军军医大学,,麻醉学(临床麻醉医师),2,,,9535
P020,海军军医大学,,医学影像学(临床影像医师),1,,,7010
P020,海军军医大学,,中医学(中医临床医师),1,,,14098
P020,海军军医大学,,药学(药剂师),2,,,17663
P020,海军军医大学,,中药学(药剂师),1,,,22357
P020,海军军医大学,,生物技术,1,,,15559
P020,海军军医大学,,护理学(护师),1,,,30651
P030,空军军医大学,,基础医学(本硕博连读),2,,,10485
P030,空军军医大学,,临床医学(本硕博连读),4,,,4425
P030,空军军医大学,,临床医学,12,,,9828
P030,空军军医大学,,口腔医学(本硕博连读),1,,,1033
P030,空军军医大学,,口腔医学,4,,,7217
P030,空军军医大学,,生物医学工程,2,,,18589
P030,空军军医大学,,生物技术,2,,,20462
P030,空军军医大学,,药学,2,,,19841
P030,空军军医大学,,护理学,3,,,35082
Y000,哈尔滨理工大学,,财务管理,15,,,114600
Y000,哈尔滨理工大学,,国际经济与贸易,25,,,156361
Y000,哈尔滨理工大学,,商务英语,11,,,146377
Y000,哈尔滨理工大学,,日语,8,,,148219
Y000,哈尔滨理工大学,,材料成型及控制工程,15,,,140905
Y000,哈尔滨理工大学,,机械设计制造及其自动化,20,,,94121
Y000,哈尔滨理工大学,,电气工程及其自动化,30,,,69282
Y000,哈尔滨理工大学,,软件工程,36,,,100151
Y000,哈尔滨理工大学,,朝鲜语,9,,,187781
Y000,哈尔滨理工大学,,俄语,4,,,125474
Y000,哈尔滨理工大学,,机械电子工程,30,,,115418
Y000,哈尔滨理工大学,,土木工程,25,,,147347
Y000,哈尔滨理工大学,,工商管理,5,,,130688
Y000,哈尔滨理工大学,,旅游管理,5,,,150242
Y000,哈尔滨理工大学,,食品科学与工程,30,,,146027
Y000,哈尔滨理工大学,,智能制造工程,30,,,93254
Y000,哈尔滨理工大学,,电气工程与智能控制,40,,,73290
Y000,哈尔滨理工大学,,电子信息科学与技术,20,,,55143
Y000,哈尔滨理工大学,,跨境电子商务,15,,,159617
Y001,山东大学,,临床医学(五年制，非西藏生源定向西藏就业),4,,,28880
Y001,山东大学,,计算机类(计算机与智能方向，非西藏生源定向西藏就业),4,,,26666
Y001,山东大学,,预防医学(五年制，非西藏生源定向西藏就业),4,,,33996
Y001,山东大学,,土木类(非西藏生源定向西藏就业),3,,,39098
Y003,青岛科技大学,,化学工程与工艺(高密校区),120,,,149251
Y003,青岛科技大学,,国际经济与贸易(高密校区),120,,,143106
Y003,青岛科技大学,,计算机科学与技术(高密校区),156,,,79189
Y003,青岛科技大学,,英语(高密校区),120,,,129941
Y003,青岛科技大学,,高分子材料与工程(高密校区),120,,,152186
Y003,青岛科技大学,,机械工程(高密校区),126,,,120776
Y003,青岛科技大学,,电气工程及其自动化(高密校区),67,,,82342
Y003,青岛科技大学,,财务管理(高密校区),121,,,101954
Y003,青岛科技大学,,自动化(高密校区),67,,,94897
Y003,青岛科技大学,,法学(高密校区),91,,,78463
Y003,青岛科技大学,,社会工作(高密校区),60,,,142791
Y004,青岛理工大学,,会计学(临沂校区),105,,,119783
Y004,青岛理工大学,,机械设计制造及其自动化(临沂校区),140,,,143459
Y004,青岛理工大学,,电子商务(临沂校区),105,,,166457
Y004,青岛理工大学,,物流管理(临沂校区),105,,,171996
Y004,青岛理工大学,,土木工程(临沂校区),280,,,185543
Y004,青岛理工大学,,交通运输(临沂校区),70,,,132286
Y004,青岛理工大学,,交通工程(临沂校区),104,,,156300
Y004,青岛理工大学,,电气工程及其自动化(临沂校区),70,,,106087
Y004,青岛理工大学,,工程管理(临沂校区),105,,,178465
Y004,青岛理工大学,,房地产开发与管理(临沂校区),70,,,267050
Y004,青岛理工大学,,机械工程(临沂校区),140,,,150801
Y004,青岛理工大学,,工程审计(临沂校区),105,,,179184
Y005,齐鲁工业大学,,高分子材料与工程(菏泽校区),164,,,171515
Y005,齐鲁工业大学,,市场营销(菏泽校区),132,,,178551
Y005,齐鲁工业大学,,化学工程与工艺(菏泽校区),132,,,169864
Y005,齐鲁工业大学,,制药工程(菏泽校区),163,,,164656
Y005,齐鲁工业大学,,食品科学与工程(菏泽校区),163,,,165566
Y005,齐鲁工业大学,,行政管理(菏泽校区),132,,,161518
Y005,齐鲁工业大学,,化学(菏泽校区),132,,,176707
Y005,齐鲁工业大学,,人力资源管理(菏泽校区),132,,,167642
Y005,齐鲁工业大学,,市场营销(菏泽校区，校企合作，与鼎利产业发展有限公司),150,,,195021
Y006,山东师范大学,,思想政治教育(师范类，非西藏生源定向西藏就业),2,,,85689
Y006,山东师范大学,,汉语言文学(师范类，非西藏生源定向西藏就业),5,,,61282
Y006,山东师范大学,,英语(师范类，非西藏生源定向西藏就业),5,,,84874
Y006,山东师范大学,,数学与应用数学(师范类，非西藏生源定向西藏就业),1,,,82048
Y006,山东师范大学,,计算机科学与技术(师范类，非西藏生源定向西藏就业),4,,,102935
Y014,山东财经大学,,经济学类(济南走读),10,,,63000
Y014,山东财经大学,,金融学类(济南走读),25,,,63528
Y014,山东财经大学,,保险学(济南走读),10,,,74441
Y014,山东财经大学,,管理科学与工程类(济南走读),90,,,124671
Y014,山东财经大学,,电子商务类(济南走读),50,,,155252
Y014,山东财经大学,,工商管理类(济南走读),50,,,94945
Y014,山东财经大学,,公共管理类(济南走读),50,,,119005
Y014,山东财经大学,,新闻学(济南走读),10,,,86232
Y014,山东财经大学,,外国语言文学类(济南走读),15,,,111928
Y014,山东财经大学,,计算机类(济南走读),20,,,60270
Y014,山东财经大学,,汉语国际教育(济南走读),20,,,92968
Y015,山东建筑大学,,能源与动力工程(济南走读),15,,,138513
Y015,山东建筑大学,,材料成型及控制工程(济南走读),10,,,165165
Y015,山东建筑大学,,计算机科学与技术(济南走读),15,,,109531
Y015,山东建筑大学,,软件工程(济南走读),10,,,116284
Y015,山东建筑大学,,土木工程(济南走读),20,,,143385
Y015,山东建筑大学,,城市地下空间工程(济南走读),10,,,153421
Y015,山东建筑大学,,工程管理(济南走读),10,,,154885
Y015,山东建筑大学,,建筑环境与能源应用工程(济南走读),15,,,152408
Y015,山东建筑大学,,给排水科学与工程(济南走读),15,,,158889
Y015,山东建筑大学,,机械工程(济南走读),20,,,143732
Y015,山东建筑大学,,建筑电气与智能化(济南走读),10,,,135374
Y015,山东建筑大学,,通信工程(济南走读),10,,,117018
Y015,山东建筑大学,,道路桥梁与渡河工程(济南走读),20,,,166162
Y015,山东建筑大学,,信息管理与信息系统(济南走读),10,,,139265
Y015,山东建筑大学,,测绘工程(济南走读),15,,,160191
Y015,山东建筑大学,,物联网工程(济南走读),10,,,118796
Y015,山东建筑大学,,材料科学与工程(济南走读),15,,,163469
Y015,山东建筑大学,,应用物理学(济南走读),10,,,152956
Y015,山东建筑大学,,光电信息科学与工程(济南走读),10,,,131604
Y015,山东建筑大学,,应用统计学(济南走读),10,,,137835
Y015,山东建筑大学,,无机非金属材料工程(济南走读),15,,,176787
Y015,山东建筑大学,,焊接技术与工程(济南走读),10,,,176766
Y015,山东建筑大学,,房地产开发与管理(济南走读),15,,,222591
Y016,济南大学,,金融数学(济南走读),15,,,120004
Y016,济南大学,,数据科学与大数据技术(济南走读),15,,,64242
Y016,济南大学,,物理学(师范兼非师范，济南走读),15,,,92910
Y016,济南大学,,光电信息科学与工程(济南走读),10,,,86200
Y016,济南大学,,新能源科学与工程(济南走读),10,,,88603
Y016,济南大学,,大数据管理与应用(济南走读),15,,,99448
Y016,济南大学,,信息管理与信息系统(济南走读),10,,,106881
Y016,济南大学,,日语(济南走读),5,,,161600
Y016,济南大学,,法语(济南走读),5,,,168795
Y016,济南大学,,法学(济南走读),30,,,68708
Y016,济南大学,,社会工作(济南走读),10,,,125329
Y016,济南大学,,环境工程(济南走读),15,,,134557
Y016,济南大学,,地理科学(师范兼非师范，济南走读),10,,,80370
Y016,济南大学,,应急管理(济南走读),5,,,128028
Y016,济南大学,,工业设计(济南走读),10,,,120421
Y016,济南大学,,生物技术(济南走读),15,,,122236
Y016,济南大学,,药学(济南走读),10,,,106298
Y016,济南大学,,生物制药(济南走读),15,,,122353
Y016,济南大学,,标准化工程(济南走读),5,,,122019
Y016,济南大学,,汉语言文学(师范类，济南走读),20,,,63691
Y016,济南大学,,数学与应用数学(师范类，济南走读),15,,,86622
Y016,济南大学,,英语(师范兼非师范，济南走读),30,,,90809
Y016,济南大学,,思想政治教育(师范类，济南走读),15,,,75488
Y016,济南大学,,应用心理学(师范类，济南走读),15,,,112409
Y016,济南大学,,新闻传播学类(济南走读),20,,,117766
Y016,济南大学,,工商管理类(济南走读),30,,,104934
Y016,济南大学,,经济学类(济南走读),30,,,108327
Y016,济南大学,,公共管理类(济南走读),15,,,125738
Y016,济南大学,,材料类(济南走读),40,,,146734
Y016,济南大学,,化学类(济南走读),25,,,119507
Y016,济南大学,,化工与制药类(济南走读),25,,,138373
Y016,济南大学,,机械类(济南走读),30,,,110862
Y016,济南大学,,土木类(济南走读),30,,,148505
Y016,济南大学,,建筑类(济南走读),10,,,116112
Y016,济南大学,,自动化类(济南走读),30,,,77269
Y016,济南大学,,计算机类(济南走读),20,,,55675
Y016,济南大学,,电子信息类(济南走读),15,,,70471
Y016,济南大学,,水利类(济南走读),15,,,124068
Y016,济南大学,,旅游管理类(济南走读),40,,,157222
Y016,济南大学,,历史学(师范类，济南走读),5,,,71816
Y017,青岛大学,,历史学(师范类),40,,,66372
Y017,青岛大学,,思想政治教育(师范类),30,,,56336
Y017,青岛大学,,物理学(师范类),35,,,88111
Y017,青岛大学,,化学(师范类),35,,,80131
Y017,青岛大学,,汉语言文学(师范类),35,,,45417
Y017,青岛大学,,数学与应用数学(师范类),61,,,77877
Y017,青岛大学,,地理科学(师范类),40,,,75813
Y017,青岛大学,,英语(师范类),20,,,63659
Y017,青岛大学,,材料类,10,,,71986
Y017,青岛大学,,护理学,10,,,69419
Y017,青岛大学,,旅游管理,10,,,93019
Y017,青岛大学,,纺织工程(卓越创新班),10,,,83505
Y018,山东科技大学,,朝鲜语(外语语种须为英语，地方专项计划),15,,,246141
Y018,山东科技大学,,海洋技术(地方专项计划),15,,,105580
Y018,山东科技大学,,金属材料工程(地方专项计划),15,,,120148
Y018,山东科技大学,,建筑环境与能源应用工程(地方专项计划),15,,,132588
Y018,山东科技大学,,城市地下空间工程(地方专项计划),15,,,174994
Y018,山东科技大学,,水文与水资源工程(地方专项计划),15,,,100941
Y018,山东科技大学,,地质工程(地方专项计划),15,,,116516
Y018,山东科技大学,,资源勘查工程(地方专项计划),35,,,147909
Y018,山东科技大学,,智能采矿工程(地方专项计划),30,,,235894
Y018,山东科技大学,,交通运输(地方专项计划),15,,,77248
Y018,山东科技大学,,环境工程(地方专项计划),15,,,119089
Y018,山东科技大学,,安全工程(地方专项计划),15,,,95109
Y018,山东科技大学,,生物制药(地方专项计划),15,,,94128
