code,name,group,major,plan,admit,score,rank,major_code,score_bound,rank_bound
0005,安徽财经大学(蚌埠市)[公办],,经济学类,,,597,6701,01,,
0005,安徽财经大学(蚌埠市)[公办],,财政学类,,,603,,02,,河北官方联合分数统计表为扫描PDF，本分档累计数未能稳定OCR，精确位次留空
0005,安徽财经大学(蚌埠市)[公办],,金融学,,,602,,03,,河北官方联合分数统计表为扫描PDF，本分档累计数未能稳定OCR，精确位次留空
0005,安徽财经大学(蚌埠市)[公办],,经济与贸易类,,,586,,04,,河北官方联合分数统计表为扫描PDF，本分档累计数未能稳定OCR，精确位次留空
0005,安徽财经大学(蚌埠市)[公办],,法学,,,607,,05,,河北官方联合分数统计表为扫描PDF，本分档累计数未能稳定OCR，精确位次留空
0005,安徽财经大学(蚌埠市)[公办],,日语,,,557,19607,06,,
0005,安徽财经大学(蚌埠市)[公办],,商务英语,,,574,13269,07,,
0005,安徽财经大学(蚌埠市)[公办],,新闻传播学类,,,583,10447,08,,
0005,安徽财经大学(蚌埠市)[公办],,工商管理类,,,593,,09,,河北官方联合分数统计表为扫描PDF，本分档累计数未能稳定OCR，精确位次留空
0005,安徽财经大学(蚌埠市)[公办],,会计学,,,609,,10,,河北官方联合分数统计表为扫描PDF，本分档累计数未能稳定OCR，精确位次留空
0005,安徽财经大学(蚌埠市)[公办],,国际商务,,,577,12264,11,,
0005,安徽财经大学(蚌埠市)[公办],,审计学,,,607,,12,,河北官方联合分数统计表为扫描PDF，本分档累计数未能稳定OCR，精确位次留空
0005,安徽财经大学(蚌埠市)[公办],,资产评估,,,590,,13,,河北官方联合分数统计表为扫描PDF，本分档累计数未能稳定OCR，精确位次留空
0005,安徽财经大学(蚌埠市)[公办],,公共管理类,,,575,12935,14,,
0005,安徽财经大学(蚌埠市)[公办],,电子商务,,,569,14990,15,,
0008,安徽大学[公办],,经济学,,,616,,01,,河北官方联合分数统计表为扫描PDF，本分档累计数未能稳定OCR，精确位次留空
0008,安徽大学[公办],,金融学,,,615,,02,,河北官方联合分数统计表为扫描PDF，本分档累计数未能稳定OCR，精确位次留空
0008,安徽大学[公办],,法学,,,626,,03,,河北官方联合分数统计表为扫描PDF，本分档累计数未能稳定OCR，精确位次留空
0008,安徽大学[公办],,汉语言文学,,,622,,04,,河北官方联合分数统计表为扫描PDF，本分档累计数未能稳定OCR，精确位次留空
0008,安徽大学[公办],,英语,,,612,,05,,河北官方联合分数统计表为扫描PDF，本分档累计数未能稳定OCR，精确位次留空
0008,安徽大学[公办],,新闻传播学类,,,612,,06,,河北官方联合分数统计表为扫描PDF，本分档累计数未能稳定OCR，精确位次留空
0008,安徽大学[公办],,工商管理,,,615,,07,,河北官方联合分数统计表为扫描PDF，本分档累计数未能稳定OCR，精确位次留空
0008,安徽大学[公办],,会计学,,,621,,08,,河北官方联合分数统计表为扫描PDF，本分档累计数未能稳定OCR，精确位次留空
0014,安徽工业大学(马鞍山市)[公办],,国际经济与贸易,,,570,14639,01,,
0014,安徽工业大学(马鞍山市)[公办],,法学,,,594,,02,,河北官方联合分数统计表为扫描PDF，本分档累计数未能稳定OCR，精确位次留空
0014,安徽工业大学(马鞍山市)[公办],,英语,,,567,15706,03,,
0014,安徽工业大学(马鞍山市)[公办],,市场营销,,,564,16810,04,,
0014,安徽工业大学(马鞍山市)[公办],,会计学,,,592,,05,,河北官方联合分数统计表为扫描PDF，本分档累计数未能稳定OCR，精确位次留空
0014,安徽工业大学(马鞍山市)[公办],,公共事业管理,,,566,16100,06,,
0014,安徽工业大学(马鞍山市)[公办],,行政管理,,,571,14284,07,,
0021,安徽建筑大学(合肥市)[公办],,法学,,,596,6980,01,,
0021,安徽建筑大学(合肥市)[公办],,英语,,,567,15706,02,,
0021,安徽建筑大学(合肥市)[公办],,会计学,,,606,,03,,河北官方联合分数统计表为扫描PDF，本分档累计数未能稳定OCR，精确位次留空
0021,安徽建筑大学(合肥市)[公办],,财务管理,,,585,9855,04,,
0021,安徽建筑大学(合肥市)[公办],,人力资源管理,,,554,20836,05,,
0021,安徽建筑大学(合肥市)[公办],,劳动与社会保障,,,552,21668,06,,
0021,安徽建筑大学(合肥市)[公办],,土地资源管理,,,558,19202,07,,
0021,安徽建筑大学(合肥市)[公办],,城市管理,,,548,23511,08,,
0026,安徽农业大学(合肥市)[公办],,经济学,,,586,,01,,河北官方联合分数统计表为扫描PDF，本分档累计数未能稳定OCR，精确位次留空
0026,安徽农业大学(合肥市)[公办],,社会工作,,,568,15333,02,,
0026,安徽农业大学(合肥市)[公办],,英语,,,574,13269,03,,
0026,安徽农业大学(合肥市)[公办],,电子商务,,,572,13953,04,,
0030,安徽师范大学(芜湖市)[公办],,经济学,,,587,,02,,河北官方联合分数统计表为扫描PDF，本分档累计数未能稳定OCR，精确位次留空
0030,安徽师范大学(芜湖市)[公办],,法学,,,600,,03,,河北官方联合分数统计表为扫描PDF，本分档累计数未能稳定OCR，精确位次留空
0030,安徽师范大学(芜湖市)[公办],,社会学,,,570,14639,04,,
0030,安徽师范大学(芜湖市)[公办],,社会工作,,,575,12935,05,,
0030,安徽师范大学(芜湖市)[公办],,思想政治教育,,,591,,06,,河北官方联合分数统计表为扫描PDF，本分档累计数未能稳定OCR，精确位次留空
0030,安徽师范大学(芜湖市)[公办],,教育学,,,580,11284,07,,
0030,安徽师范大学(芜湖市)[公办],,学前教育,,,565,16482,08,,
0030,安徽师范大学(芜湖市)[公办],,汉语言文学,,,600,,09,,河北官方联合分数统计表为扫描PDF，本分档累计数未能稳定OCR，精确位次留空
0030,安徽师范大学(芜湖市)[公办],,汉语国际教育,,,583,10447,10,,
0030,安徽师范大学(芜湖市)[公办],,秘书学,,,586,,11,,河北官方联合分数统计表为扫描PDF，本分档累计数未能稳定OCR，精确位次留空
0030,安徽师范大学(芜湖市)[公办],,俄语,,,562,17629,12,,
0030,安徽师范大学(芜湖市)[公办],,法语,,,564,16810,13,,
0030,安徽师范大学(芜湖市)[公办],,日语,,,560,18388,14,,
0030,安徽师范大学(芜湖市)[公办],,葡萄牙语,,,557,19607,15,,
0030,安徽师范大学(芜湖市)[公办],,新闻学,,,583,10447,16,,
0030,安徽师范大学(芜湖市)[公办],,广告学,,,574,13269,17,,
0030,安徽师范大学(芜湖市)[公办],,网络与新媒体,,,584,10128,18,,
0030,安徽师范大学(芜湖市)[公办],,历史学,,,590,,19,,河北官方联合分数统计表为扫描PDF，本分档累计数未能稳定OCR，精确位次留空
0030,安徽师范大学(芜湖市)[公办],,世界史,,,573,13600,20,,
0030,安徽师范大学(芜湖市)[公办],,地理科学,,,587,,21,,河北官方联合分数统计表为扫描PDF，本分档累计数未能稳定OCR，精确位次留空
0030,安徽师范大学(芜湖市)[公办],,会计学,,,596,6980,22,,
0030,安徽师范大学(芜湖市)[公办],,人力资源管理,,,578,11905,23,,
0030,安徽师范大学(芜湖市)[公办],,土地资源管理,,,560,18388,24,,
0030,安徽师范大学(芜湖市)[公办],,供应链管理,,,570,14639,25,,
0030,安徽师范大学(芜湖市)[公办],,旅游管理,,,561,17998,26,,
0040,安徽中医药大学(合肥市)[公办],,针灸推拿学,,,590,,01,,河北官方联合分数统计表为扫描PDF，本分档累计数未能稳定OCR，精确位次留空
0041,安康学院[公办],,思想政治教育,,,547,23983,01,,
0041,安康学院[公办],,学前教育,,,530,32409,02,,
0041,安康学院[公办],,小学教育,,,534,30243,03,,
0041,安康学院[公办],,秘书学,,,539,27769,04,,
0041,安康学院[公办],,商务英语,,,530,32409,05,,
0041,安康学院[公办],,网络与新媒体,,,544,25427,06,,
0041,安康学院[公办],,会计学,,,554,20836,07,,
0041,安康学院[公办],,财务管理,,,551,22095,08,,
0043,安庆师范大学[公办],,国际经济与贸易,,,553,21243,01,,
0043,安庆师范大学[公办],,法学,,,576,12601,02,,
0043,安庆师范大学[公办],,工商管理类,,,555,20401,03,,
0043,安庆师范大学[公办],,物流管理,,,548,23511,04,,
0045,安顺学院[公办],,特殊教育,,,528,33434,01,,
0045,安顺学院[公办],,英语,,,533,30800,02,,
0045,安顺学院[公办],,旅游管理,,,530,32409,03,,
0045,安顺学院[公办],,旅游管理与服务教育,,,521,37257,04,,
0046,安阳工学院[公办],,国际经济与贸易,,,533,30800,01,,
0046,安阳工学院[公办],,英语,,,533,30800,02,,
0046,安阳工学院[公办],,电子商务,,,530,32409,03,,
0047,安阳师范学院[公办],,金融学,,,551,22095,01,,
0047,安阳师范学院[公办],,法学,,,572,13953,02,,
0047,安阳师范学院[公办],,社会工作,,,537,28710,03,,
0047,安阳师范学院[公办],,思想政治教育,,,563,17236,04,,
0047,安阳师范学院[公办],,汉语言文学,,,565,16482,05,,
0047,安阳师范学院[公办],,汉语国际教育,,,549,23040,06,,
0047,安阳师范学院[公办],,英语,,,548,23511,07,,
0047,安阳师范学院[公办],,历史学,,,558,19202,08,,
0047,安阳师范学院[公办],,会计学,,,560,18388,09,,
0047,安阳师范学院[公办],,财务管理,,,554,20836,10,,
0047,安阳师范学院[公办],,人力资源管理,,,542,26359,11,,
0047,安阳师范学院[公办],,旅游管理,,,534,30243,12,,
0050,鞍山师范学院[公办],,思想政治教育(师范),,,549,23040,01,,
0050,鞍山师范学院[公办],,英语(师范),,,537,28710,02,,
0050,鞍山师范学院[公办],,市场营销,,,529,32927,03,,
0053,白城师范学院[公办],,思想政治教育,,,540,27280,01,,
0053,白城师范学院[公办],,人文教育,,,530,32409,02,,
0053,白城师范学院[公办],,汉语言文学,,,547,23983,03,,
0053,白城师范学院[公办],,英语,,,531,31846,04,,
0053,白城师范学院[公办],,网络与新媒体,,,532,31323,05,,
0053,白城师范学院[公办],,历史学,,,537,28710,06,,
0053,白城师范学院[公办],,地理科学,,,536,29242,07,,
0053,白城师范学院[公办],,财务管理,,,540,27280,08,,
0053,白城师范学院[公办],,物流管理,,,525,35052,09,,
0057,百色学院[公办],,思想政治教育,,,535,29738,01,,
0057,百色学院[公办],,英语,,,525,35052,02,,
0057,百色学院[公办],,新闻学,,,527,33954,03,,
0057,百色学院[公办],,历史学,,,533,30800,04,,
0057,百色学院[公办],,市场营销,,,517,39505,05,,
0057,百色学院[公办],,跨境电子商务,,,520,37811,06,,
0057,百色学院[公办],,旅游管理,,,516,40076,07,,
0064,宝鸡文理学院[公办],,法学,,,571,14284,01,,
0064,宝鸡文理学院[公办],,思想政治教育,,,563,17236,02,,
0064,宝鸡文理学院[公办],,汉语言文学,,,557,19607,03,,
0064,宝鸡文理学院[公办],,新闻学,,,547,23983,04,,
0064,宝鸡文理学院[公办],,历史学,,,557,19607,05,,
0064,宝鸡文理学院[公办],,工商管理类,,,546,24485,06,,
0064,宝鸡文理学院[公办],,旅游管理,,,533,30800,07,,
0067,保定学院[公办],,投资学,,,528,33434,01,,
0067,保定学院[公办],,知识产权,,,547,23983,02,,
0067,保定学院[公办],,思想政治教育,,,547,23983,03,,
0067,保定学院[公办],,学前教育,,,530,32409,04,,
0067,保定学院[公办],,小学教育,,,542,26359,05,,
0067,保定学院[公办],,特殊教育,,,526,34483,06,,
0067,保定学院[公办],,汉语言文学,,,554,20836,07,,
0067,保定学院[公办],,秘书学,,,535,29738,08,,
0067,保定学院[公办],,英语,,,530,32409,09,,
0067,保定学院[公办],,日语,,,522,36684,10,,
0067,保定学院[公办],,商务英语,,,519,38388,11,,
0067,保定学院[公办],,网络与新媒体,,,535,29738,12,,
0067,保定学院[公办],,历史学,,,540,27280,13,,
0067,保定学院[公办],,文物与博物馆学,,,528,33434,14,,
0067,保定学院[公办],,地理科学,,,536,29242,15,,
0067,保定学院[公办],,人文地理与城乡规划,,,530,32409,16,,
0067,保定学院[公办],,应用心理学,,,529,32927,17,,
0067,保定学院[公办],,供应链管理,,,525,35052,18,,
0067,保定学院[公办],,旅游管理与服务教育,,,523,36127,19,,
0068,保定学院(按高考文化课成绩录取的艺术类专业)[公办],,艺术管理,,,515,40662,01,,
0072,北方工业大学[公办],,经济与金融,,,602,,01,,河北官方联合分数统计表为扫描PDF，本分档累计数未能稳定OCR，精确位次留空
0072,北方工业大学[公办],,法学,,,616,,02,,河北官方联合分数统计表为扫描PDF，本分档累计数未能稳定OCR，精确位次留空
0072,北方工业大学[公办],,法学(菁英班),,,615,,03,,河北官方联合分数统计表为扫描PDF，本分档累计数未能稳定OCR，精确位次留空
0072,北方工业大学[公办],,知识产权,,,607,,04,,河北官方联合分数统计表为扫描PDF，本分档累计数未能稳定OCR，精确位次留空
0072,北方工业大学[公办],,英语(涉外法治),,,598,6445,05,,
0072,北方工业大学[公办],,建筑学,,,594,,06,,河北官方联合分数统计表为扫描PDF，本分档累计数未能稳定OCR，精确位次留空
0072,北方工业大学[公办],,建筑学(海外交换),,,589,,07,,河北官方联合分数统计表为扫描PDF，本分档累计数未能稳定OCR，精确位次留空
0072,北方工业大学[公办],,风景园林,,,595,,08,,河北官方联合分数统计表为扫描PDF，本分档累计数未能稳定OCR，精确位次留空
0072,北方工业大学[公办],,工商管理,,,599,6241,09,,
0072,北方工业大学[公办],,会计学(智能会计),,,609,,10,,河北官方联合分数统计表为扫描PDF，本分档累计数未能稳定OCR，精确位次留空
0074,北方民族大学(银川市)[公办],,经济学类,,,564,16810,01,,
0074,北方民族大学(银川市)[公办],,法学,,,575,12935,02,,
0074,北方民族大学(银川市)[公办],,民族学,,,557,19607,03,,
0074,北方民族大学(银川市)[公办],,思想政治教育,,,571,14284,04,,
0074,北方民族大学(银川市)[公办],,汉语言文学,,,576,12601,05,,
0074,北方民族大学(银川市)[公办],,英语,,,571,14284,06,,
0074,北方民族大学(银川市)[公办],,阿拉伯语,,,550,22582,07,,
0074,北方民族大学(银川市)[公办],,新闻传播学类,,,568,15333,08,,
0074,北方民族大学(银川市)[公办],,历史学,,,571,14284,09,,
0074,北方民族大学(银川市)[公办],,工商管理类,,,557,19607,10,,
0074,北方民族大学(银川市)[公办],,会计学,,,575,12935,11,,
0074,北方民族大学(银川市)[公办],,行政管理,,,553,21243,12,,
0074,北方民族大学(银川市)[公办],,旅游管理,,,548,23511,13,,
0076,北华大学(吉林市)[公办],,法学,,,590,,01,,河北官方联合分数统计表为扫描PDF，本分档累计数未能稳定OCR，精确位次留空
0076,北华大学(吉林市)[公办],,思想政治教育,,,579,11592,02,,
0076,北华大学(吉林市)[公办],,小学教育,,,565,16482,03,,
0076,北华大学(吉林市)[公办],,汉语言文学,,,584,10128,04,,
0076,北华大学(吉林市)[公办],,俄语,,,554,20836,05,,
0076,北华大学(吉林市)[公办],,网络与新媒体,,,563,17236,06,,
0076,北华大学(吉林市)[公办],,历史学,,,576,12601,07,,
0076,北华大学(吉林市)[公办],,会计学,,,562,17629,08,,
0076,北华大学(吉林市)[公办],,行政管理,,,560,18388,09,,
0076,北华大学(吉林市)[公办],,物流管理,,,553,21243,10,,
0077,北华航天工业学院(廊坊市)[公办],,经济学,,,551,22095,01,,
0077,北华航天工业学院(廊坊市)[公办],,社会工作,,,538,28223,02,,
0077,北华航天工业学院(廊坊市)[公办],,英语,,,545,24943,03,,
0077,北华航天工业学院(廊坊市)[公办],,会计学,,,565,16482,04,,
0077,北华航天工业学院(廊坊市)[公办],,财务管理,,,558,19202,05,,
0077,北华航天工业学院(廊坊市)[公办],,人力资源管理,,,540,27280,06,,
0077,北华航天工业学院(廊坊市)[公办],,物流管理,,,544,25427,07,,
0077,北华航天工业学院(廊坊市)[公办],,电子商务,,,540,27280,08,,
0079,北京大学[公办],,文科试验班类(不限选考科目类专业),,,671,43,09,,
0081,北京大学医学部[公办],,英语(医学英语),,,666,86,01,,
0083,北京第二外国语学院[公办],,金融学(数智金融方向),,,605,,01,,河北官方联合分数统计表为扫描PDF，本分档累计数未能稳定OCR，精确位次留空
0083,北京第二外国语学院[公办],,贸易经济(国际文化贸易方向),,,605,,02,,河北官方联合分数统计表为扫描PDF，本分档累计数未能稳定OCR，精确位次留空
0083,北京第二外国语学院[公办],,贸易经济(数字文化贸易方向),,,606,,03,,河北官方联合分数统计表为扫描PDF，本分档累计数未能稳定OCR，精确位次留空
0083,北京第二外国语学院[公办],,外交学(政党外交方向),,,605,,04,,河北官方联合分数统计表为扫描PDF，本分档累计数未能稳定OCR，精确位次留空
0083,北京第二外国语学院[公办],,国际事务与国际关系(国际组织方向),,,605,,05,,河北官方联合分数统计表为扫描PDF，本分档累计数未能稳定OCR，精确位次留空
0083,北京第二外国语学院[公办],,汉语言文学(多语复合),,,611,,06,,河北官方联合分数统计表为扫描PDF，本分档累计数未能稳定OCR，精确位次留空
0083,北京第二外国语学院[公办],,汉语国际教育(英语复合),,,607,,07,,河北官方联合分数统计表为扫描PDF，本分档累计数未能稳定OCR，精确位次留空
0083,北京第二外国语学院[公办],,法语(中外人文交流方向),,,609,,08,,河北官方联合分数统计表为扫描PDF，本分档累计数未能稳定OCR，精确位次留空
0083,北京第二外国语学院[公办],,日语(中日人文交流国际复合),,,600,,09,,河北官方联合分数统计表为扫描PDF，本分档累计数未能稳定OCR，精确位次留空
0083,北京第二外国语学院[公办],,保加利亚语,,,606,,10,,河北官方联合分数统计表为扫描PDF，本分档累计数未能稳定OCR，精确位次留空
0083,北京第二外国语学院[公办],,塞尔维亚语,,,613,,11,,河北官方联合分数统计表为扫描PDF，本分档累计数未能稳定OCR，精确位次留空
0083,北京第二外国语学院[公办],,商务英语(辅修跨国企业管理相关专业),,,606,,12,,河北官方联合分数统计表为扫描PDF，本分档累计数未能稳定OCR，精确位次留空
0083,北京第二外国语学院[公办],,新闻学(数智新闻与国际传播方向),,,608,,13,,河北官方联合分数统计表为扫描PDF，本分档累计数未能稳定OCR，精确位次留空
0083,北京第二外国语学院[公办],,人文地理与城乡规划(文旅规划与智慧开发方向),,,600,,14,,河北官方联合分数统计表为扫描PDF，本分档累计数未能稳定OCR，精确位次留空
0083,北京第二外国语学院[公办],,市场营销(大数据应用方向),,,600,,15,,河北官方联合分数统计表为扫描PDF，本分档累计数未能稳定OCR，精确位次留空
0083,北京第二外国语学院[公办],,旅游管理(文化旅游与遗产管理方向),,,603,,16,,河北官方联合分数统计表为扫描PDF，本分档累计数未能稳定OCR，精确位次留空
0083,北京第二外国语学院[公办],,酒店管理,,,599,6241,17,,
0084,北京电影学院[公办],,文化产业管理,,,598,6445,01,,
0084,北京电影学院[公办],,电影学(制片与市场),,,604,,02,,河北官方联合分数统计表为扫描PDF，本分档累计数未能稳定OCR，精确位次留空
0084,北京电影学院[公办],,电影学,,,597,6701,03,,
0084,北京电影学院[公办],,戏剧影视文学(剧作),,,613,,04,,河北官方联合分数统计表为扫描PDF，本分档累计数未能稳定OCR，精确位次留空
0084,北京电影学院[公办],,戏剧影视文学(动漫策划),,,613,,05,,河北官方联合分数统计表为扫描PDF，本分档累计数未能稳定OCR，精确位次留空
0087,北京服装学院[公办],,广告学,,,574,13269,01,,
0087,北京服装学院[公办],,传播学,,,577,12264,02,,
0088,北京工商大学[公办],,新闻传播学类,,,602,,01,,河北官方联合分数统计表为扫描PDF，本分档累计数未能稳定OCR，精确位次留空
0092,北京航空航天大学[公办],,社会科学试验班,,,650,,02,,河北官方联合分数统计表为扫描PDF，本分档累计数未能稳定OCR，精确位次留空
0092,北京航空航天大学[公办],,社会科学试验班(外语交叉学科人才培养试验班),,,650,,03,,河北官方联合分数统计表为扫描PDF，本分档累计数未能稳定OCR，精确位次留空
0095,北京化工大学[公办],,法学(卓越实验班),,,628,1697,02,,
0095,北京化工大学[公办],,工商管理类(新文科经管法),,,618,,03,,河北官方联合分数统计表为扫描PDF，本分档累计数未能稳定OCR，精确位次留空
0098,北京交通大学[公办],,文科试验班类(经济管理人才试点班),,,632,,01,,河北官方联合分数统计表为扫描PDF，本分档累计数未能稳定OCR，精确位次留空
0098,北京交通大学[公办],,法学,,,633,,02,,河北官方联合分数统计表为扫描PDF，本分档累计数未能稳定OCR，精确位次留空
0098,北京交通大学[公办],,新闻传播学类(卓越人才拔尖班),,,625,,03,,河北官方联合分数统计表为扫描PDF，本分档累计数未能稳定OCR，精确位次留空
0098,北京交通大学[公办],,建筑类(卓越人才拔尖班),,,617,,04,,河北官方联合分数统计表为扫描PDF，本分档累计数未能稳定OCR，精确位次留空
0100,北京交通大学(威海校区)[公办],,工商管理(中外合作办学),,,607,,01,,河北官方联合分数统计表为扫描PDF，本分档累计数未能稳定OCR，精确位次留空
0106,北京科技大学[公办],,社会科学试验班,,,624,,02,,河北官方联合分数统计表为扫描PDF，本分档累计数未能稳定OCR，精确位次留空
0106,北京科技大学[公办],,外国语言文学类,,,619,,03,,河北官方联合分数统计表为扫描PDF，本分档累计数未能稳定OCR，精确位次留空
0106,北京科技大学[公办],,工商管理类(数智管理试验班),,,627,1789,04,,
0111,北京理工大学[公办],,社会科学试验班(管理与经济方向),,,639,,02,,河北官方联合分数统计表为扫描PDF，本分档累计数未能稳定OCR，精确位次留空
0111,北京理工大学[公办],,社会科学试验班(人文社科方向),,,644,,03,,河北官方联合分数统计表为扫描PDF，本分档累计数未能稳定OCR，精确位次留空
0113,北京联合大学[公办],,法学,,,602,,01,,河北官方联合分数统计表为扫描PDF，本分档累计数未能稳定OCR，精确位次留空
0113,北京联合大学[公办],,学前教育(师范),,,558,19202,02,,
0113,北京联合大学[公办],,小学教育(师范),,,577,12264,03,,
0113,北京联合大学[公办],,特殊教育(师范),,,570,14639,04,,
0113,北京联合大学[公办],,汉语言文学,,,597,6701,05,,
0113,北京联合大学[公办],,英语,,,598,6445,06,,
0113,北京联合大学[公办],,西班牙语,,,580,11284,07,,
0113,北京联合大学[公办],,日语,,,569,14990,08,,
0113,北京联合大学[公办],,新闻学,,,582,10728,09,,
0113,北京联合大学[公办],,文物与博物馆学,,,576,12601,10,,
0113,北京联合大学[公办],,工商管理,,,597,6701,11,,
0113,北京联合大学[公办],,文化产业管理,,,576,12601,12,,
0113,北京联合大学[公办],,电子商务,,,582,10728,13,,
0113,北京联合大学[公办],,旅游管理,,,568,15333,14,,
0113,北京联合大学[公办],,酒店管理,,,580,11284,15,,
0113,北京联合大学[公办],,会展经济与管理,,,581,11023,16,,
0115,北京林业大学[公办],,金融学,,,621,,01,,河北官方联合分数统计表为扫描PDF，本分档累计数未能稳定OCR，精确位次留空
0115,北京林业大学[公办],,国际经济与贸易,,,620,,02,,河北官方联合分数统计表为扫描PDF，本分档累计数未能稳定OCR，精确位次留空
0115,北京林业大学[公办],,法学,,,628,1697,03,,
0115,北京林业大学[公办],,法学(卓越法治人才实验班),,,629,1611,04,,
0115,北京林业大学[公办],,英语,,,617,,05,,河北官方联合分数统计表为扫描PDF，本分档累计数未能稳定OCR，精确位次留空
0115,北京林业大学[公办],,日语(日英复语),,,613,,06,,河北官方联合分数统计表为扫描PDF，本分档累计数未能稳定OCR，精确位次留空
0115,北京林业大学[公办],,自然地理与资源环境,,,614,,07,,河北官方联合分数统计表为扫描PDF，本分档累计数未能稳定OCR，精确位次留空
0115,北京林业大学[公办],,应用心理学,,,619,,08,,河北官方联合分数统计表为扫描PDF，本分档累计数未能稳定OCR，精确位次留空
0115,北京林业大学[公办],,城乡规划,,,621,,09,,河北官方联合分数统计表为扫描PDF，本分档累计数未能稳定OCR，精确位次留空
0115,北京林业大学[公办],,风景园林,,,621,,10,,河北官方联合分数统计表为扫描PDF，本分档累计数未能稳定OCR，精确位次留空
0115,北京林业大学[公办],,园林,,,613,,11,,河北官方联合分数统计表为扫描PDF，本分档累计数未能稳定OCR，精确位次留空
0115,北京林业大学[公办],,工商管理类,,,622,,12,,河北官方联合分数统计表为扫描PDF，本分档累计数未能稳定OCR，精确位次留空
0117,北京农学院[公办],,法学,,,593,,01,,河北官方联合分数统计表为扫描PDF，本分档累计数未能稳定OCR，精确位次留空
0117,北京农学院[公办],,社会工作,,,568,15333,02,,
0117,北京农学院[公办],,风景园林,,,551,22095,03,,
0117,北京农学院[公办],,会计学,,,590,,04,,河北官方联合分数统计表为扫描PDF，本分档累计数未能稳定OCR，精确位次留空
0117,北京农学院[公办],,农林经济管理,,,570,14639,05,,
0117,北京农学院[公办],,会展经济与管理(策划与设计),,,567,15706,06,,
0120,北京师范大学[公办],,社会科学试验班,,,651,,03,,河北官方联合分数统计表为扫描PDF，本分档累计数未能稳定OCR，精确位次留空
0120,北京师范大学[公办],,人文科学试验班,,,651,,04,,河北官方联合分数统计表为扫描PDF，本分档累计数未能稳定OCR，精确位次留空
0120,北京师范大学[公办],,教育学类,,,650,,05,,河北官方联合分数统计表为扫描PDF，本分档累计数未能稳定OCR，精确位次留空
0120,北京师范大学[公办],,历史学类,,,651,,06,,河北官方联合分数统计表为扫描PDF，本分档累计数未能稳定OCR，精确位次留空
0121,北京师范大学(按高考文化课成绩录取的艺术类专业)[公办],,戏剧影视文学,,,626,,01,,河北官方联合分数统计表为扫描PDF，本分档累计数未能稳定OCR，精确位次留空
0125,北京石油化工学院[公办],,市场营销(智能营销),,,564,16810,01,,
0125,北京石油化工学院[公办],,审计学,,,582,10728,02,,
0125,北京石油化工学院[公办],,供应链管理,,,554,20836,03,,
0125,北京石油化工学院[公办],,旅游管理,,,553,21243,04,,
0126,北京体育大学[公办],,马克思主义理论,,,615,,01,,河北官方联合分数统计表为扫描PDF，本分档累计数未能稳定OCR，精确位次留空
0126,北京体育大学[公办],,汉语国际教育,,,613,,02,,河北官方联合分数统计表为扫描PDF，本分档累计数未能稳定OCR，精确位次留空
0126,北京体育大学[公办],,英语,,,613,,03,,河北官方联合分数统计表为扫描PDF，本分档累计数未能稳定OCR，精确位次留空
0126,北京体育大学[公办],,新闻学,,,618,,04,,河北官方联合分数统计表为扫描PDF，本分档累计数未能稳定OCR，精确位次留空
0126,北京体育大学[公办],,网络与新媒体,,,619,,05,,河北官方联合分数统计表为扫描PDF，本分档累计数未能稳定OCR，精确位次留空
0126,北京体育大学[公办],,体育经济与管理,,,614,,06,,河北官方联合分数统计表为扫描PDF，本分档累计数未能稳定OCR，精确位次留空
0126,北京体育大学[公办],,旅游管理,,,607,,07,,河北官方联合分数统计表为扫描PDF，本分档累计数未能稳定OCR，精确位次留空
0126,北京体育大学[公办],,休闲体育(中外合作办学),,,546,24485,08,,
0126,北京体育大学[公办],,旅游管理(中外合作办学),,,540,27280,09,,
0129,北京外国语大学[公办],,外交学,,,636,,16,,河北官方联合分数统计表为扫描PDF，本分档累计数未能稳定OCR，精确位次留空
0129,北京外国语大学[公办],,国际组织与全球治理,,,630,1523,17,,
0129,北京外国语大学[公办],,英语,,,641,,18,,河北官方联合分数统计表为扫描PDF，本分档累计数未能稳定OCR，精确位次留空
0129,北京外国语大学[公办],,英语(国别与区域研究),,,635,,19,,河北官方联合分数统计表为扫描PDF，本分档累计数未能稳定OCR，精确位次留空
0129,北京外国语大学[公办],,英语(外语教育),,,636,,20,,河北官方联合分数统计表为扫描PDF，本分档累计数未能稳定OCR，精确位次留空
0129,北京外国语大学[公办],,法语,,,636,,21,,河北官方联合分数统计表为扫描PDF，本分档累计数未能稳定OCR，精确位次留空
0129,北京外国语大学[公办],,西班牙语,,,635,,22,,河北官方联合分数统计表为扫描PDF，本分档累计数未能稳定OCR，精确位次留空
0129,北京外国语大学[公办],,西班牙语(葡语),,,638,,23,,河北官方联合分数统计表为扫描PDF，本分档累计数未能稳定OCR，精确位次留空
0129,北京外国语大学[公办],,西班牙语(中国人民大学国际新闻传播专业联合培养),,,638,,24,,河北官方联合分数统计表为扫描PDF，本分档累计数未能稳定OCR，精确位次留空
0129,北京外国语大学[公办],,翻译(外交外事高级翻译),,,641,,25,,河北官方联合分数统计表为扫描PDF，本分档累计数未能稳定OCR，精确位次留空
0129,北京外国语大学[公办],,工商管理类,,,632,,26,,河北官方联合分数统计表为扫描PDF，本分档累计数未能稳定OCR，精确位次留空
0131,北京外国语大学(中外合作办学)[公办],,外交学(中外合作办学),,,616,,01,,河北官方联合分数统计表为扫描PDF，本分档累计数未能稳定OCR，精确位次留空
0132,北京舞蹈学院[公办],,艺术管理,,,571,14284,01,,
0133,北京物资学院[公办],,经济学(实验班),,,599,6241,01,,
0133,北京物资学院[公办],,法学,,,606,,02,,河北官方联合分数统计表为扫描PDF，本分档累计数未能稳定OCR，精确位次留空
0133,北京物资学院[公办],,商务英语(实验班),,,583,10447,03,,
0133,北京物资学院[公办],,会计学(注册会计师),,,606,,04,,河北官方联合分数统计表为扫描PDF，本分档累计数未能稳定OCR，精确位次留空
0133,北京物资学院[公办],,财务管理,,,605,,05,,河北官方联合分数统计表为扫描PDF，本分档累计数未能稳定OCR，精确位次留空
0133,北京物资学院[公办],,人力资源管理,,,594,,06,,河北官方联合分数统计表为扫描PDF，本分档累计数未能稳定OCR，精确位次留空
0133,北京物资学院[公办],,供应链管理,,,591,,07,,河北官方联合分数统计表为扫描PDF，本分档累计数未能稳定OCR，精确位次留空
0137,北京信息科技大学[公办],,财务管理(天枢书院),,,599,6241,01,,
0138,北京信息科技大学(京津冀职教改革项目)[公办],,网络与新媒体(京津冀职教改革项目),,,594,,01,,河北官方联合分数统计表为扫描PDF，本分档累计数未能稳定OCR，精确位次留空
0138,北京信息科技大学(京津冀职教改革项目)[公办],,会计学(京津冀职教改革项目),,,598,6445,02,,
0140,北京印刷学院[公办],,新闻学,,,587,,01,,河北官方联合分数统计表为扫描PDF，本分档累计数未能稳定OCR，精确位次留空
0140,北京印刷学院[公办],,广告学,,,582,10728,02,,
0140,北京印刷学院[公办],,传播学(国际出版实验班),,,585,9855,03,,
0140,北京印刷学院[公办],,传播学,,,580,11284,04,,
0140,北京印刷学院[公办],,编辑出版学(韬奋班),,,589,,05,,河北官方联合分数统计表为扫描PDF，本分档累计数未能稳定OCR，精确位次留空
0140,北京印刷学院[公办],,网络与新媒体,,,601,,06,,河北官方联合分数统计表为扫描PDF，本分档累计数未能稳定OCR，精确位次留空
0140,北京印刷学院[公办],,财务管理,,,584,10128,07,,
0140,北京印刷学院[公办],,文化产业管理,,,570,14639,08,,
0142,北京邮电大学[公办],,法学(与中国政法大学联合学位),,,640,,01,,河北官方联合分数统计表为扫描PDF，本分档累计数未能稳定OCR，精确位次留空
0142,北京邮电大学[公办],,英语(语言智能实验班),,,623,,02,,河北官方联合分数统计表为扫描PDF，本分档累计数未能稳定OCR，精确位次留空
0142,北京邮电大学[公办],,网络与新媒体,,,628,1697,03,,
0142,北京邮电大学[公办],,公共事业管理(数智治理实验班),,,624,,04,,河北官方联合分数统计表为扫描PDF，本分档累计数未能稳定OCR，精确位次留空
0144,北京语言大学[公办],,经济学(数智分析),,,614,,04,,河北官方联合分数统计表为扫描PDF，本分档累计数未能稳定OCR，精确位次留空
0144,北京语言大学[公办],,金融学(数智金融),,,614,,05,,河北官方联合分数统计表为扫描PDF，本分档累计数未能稳定OCR，精确位次留空
0144,北京语言大学[公办],,国际政治,,,615,,06,,河北官方联合分数统计表为扫描PDF，本分档累计数未能稳定OCR，精确位次留空
0144,北京语言大学[公办],,国际事务与国际关系,,,609,,07,,河北官方联合分数统计表为扫描PDF，本分档累计数未能稳定OCR，精确位次留空
0144,北京语言大学[公办],,国际组织与全球治理,,,612,,08,,河北官方联合分数统计表为扫描PDF，本分档累计数未能稳定OCR，精确位次留空
0144,北京语言大学[公办],,中国语言文学类,,,619,,09,,河北官方联合分数统计表为扫描PDF，本分档累计数未能稳定OCR，精确位次留空
0144,北京语言大学[公办],,外国语言文学类(英语和翻译),,,612,,10,,河北官方联合分数统计表为扫描PDF，本分档累计数未能稳定OCR，精确位次留空
0144,北京语言大学[公办],,翻译(AI翻译实验班),,,618,,11,,河北官方联合分数统计表为扫描PDF，本分档累计数未能稳定OCR，精确位次留空
0144,北京语言大学[公办],,新闻学(国际传播实验班),,,610,,12,,河北官方联合分数统计表为扫描PDF，本分档累计数未能稳定OCR，精确位次留空
0144,北京语言大学[公办],,传播学(梧桐计划人才实验班),,,616,,13,,河北官方联合分数统计表为扫描PDF，本分档累计数未能稳定OCR，精确位次留空
0144,北京语言大学[公办],,网络与新媒体(智能传播),,,616,,14,,河北官方联合分数统计表为扫描PDF，本分档累计数未能稳定OCR，精确位次留空
0144,北京语言大学[公办],,会计学(数智会计),,,619,,15,,河北官方联合分数统计表为扫描PDF，本分档累计数未能稳定OCR，精确位次留空
0144,北京语言大学[公办],,国际经济与贸易(中外合作办学)(国际语言产业管理),,,544,25427,16,,
0147,北京中医药大学[公办],,法学(医药卫生),,,628,1697,02,,
0147,北京中医药大学[公办],,英语(医学),,,618,,03,,河北官方联合分数统计表为扫描PDF，本分档累计数未能稳定OCR，精确位次留空
0147,北京中医药大学[公办],,英语(中医药国际传播),,,618,,04,,河北官方联合分数统计表为扫描PDF，本分档累计数未能稳定OCR，精确位次留空
0147,北京中医药大学[公办],,针灸推拿学,,,636,,05,,河北官方联合分数统计表为扫描PDF，本分档累计数未能稳定OCR，精确位次留空
0147,北京中医药大学[公办],,公共事业管理(卫生管理),,,618,,06,,河北官方联合分数统计表为扫描PDF，本分档累计数未能稳定OCR，精确位次留空
0149,北师香港浸会大学(珠海市)[内地与港澳台地区合作办学],,经济学(中外合作办学),,,561,17998,01,,
0149,北师香港浸会大学(珠海市)[内地与港澳台地区合作办学],,社会学(中外合作办学),,,558,19202,02,,
0149,北师香港浸会大学(珠海市)[内地与港澳台地区合作办学],,外国语言文学类(中外合作办学),,,554,20836,03,,
0149,北师香港浸会大学(珠海市)[内地与港澳台地区合作办学],,新闻传播学类(中外合作办学),,,558,19202,04,,
0149,北师香港浸会大学(珠海市)[内地与港澳台地区合作办学],,应用心理学(中外合作办学),,,568,15333,05,,
0149,北师香港浸会大学(珠海市)[内地与港澳台地区合作办学],,会计学(中外合作办学),,,571,14284,06,,
0149,北师香港浸会大学(珠海市)[内地与港澳台地区合作办学],,工商管理类(中外合作办学),,,560,18388,07,,
0153,亳州学院[公办],,学前教育,,,530,32409,01,,
0153,亳州学院[公办],,商务英语,,,533,30800,02,,
0153,亳州学院[公办],,网络与新媒体,,,539,27769,03,,
0153,亳州学院[公办],,文化产业管理,,,533,30800,04,,
0158,渤海大学(锦州市)[公办],,金融学(国际本科学术互认课程),,,538,28223,01,,
0158,渤海大学(锦州市)[公办],,法语,,,550,22582,02,,
0158,渤海大学(锦州市)[公办],,日语,,,549,23040,03,,
0158,渤海大学(锦州市)[公办],,文物与博物馆学,,,557,19607,04,,
0158,渤海大学(锦州市)[公办],,工商管理(国际本科学术互认课程),,,538,28223,05,,
0158,渤海大学(锦州市)[公办],,市场营销,,,556,19979,06,,
0158,渤海大学(锦州市)[公办],,会计学(国际本科学术互认课程),,,561,17998,07,,
0158,渤海大学(锦州市)[公办],,物流管理,,,559,18763,08,,
0158,渤海大学(锦州市)[公办],,旅游管理,,,550,22582,09,,
0159,沧州师范学院[公办],,法学,,,552,21668,01,,
0159,沧州师范学院[公办],,政治学与行政学,,,538,28223,02,,
0159,沧州师范学院[公办],,思想政治教育,,,542,26359,03,,
0159,沧州师范学院[公办],,科学教育,,,533,30800,04,,
0159,沧州师范学院[公办],,学前教育,,,526,34483,05,,
0159,沧州师范学院[公办],,汉语言文学,,,551,22095,06,,
0159,沧州师范学院[公办],,英语,,,532,31323,07,,
0159,沧州师范学院[公办],,商务英语,,,530,32409,08,,
0159,沧州师范学院[公办],,广告学,,,531,31846,09,,
0159,沧州师范学院[公办],,网络与新媒体,,,537,28710,10,,
0159,沧州师范学院[公办],,历史学,,,535,29738,11,,
0159,沧州师范学院[公办],,文物与博物馆学,,,529,32927,12,,
0159,沧州师范学院[公办],,地理科学,,,530,32409,13,,
0159,沧州师范学院[公办],,应用心理学,,,530,32409,14,,
0159,沧州师范学院[公办],,市场营销,,,526,34483,15,,
0159,沧州师范学院[公办],,财务管理,,,544,25427,16,,
0159,沧州师范学院[公办],,国际商务,,,525,35052,17,,
0159,沧州师范学院[公办],,审计学,,,547,23983,18,,
0159,沧州师范学院[公办],,电子商务,,,528,33434,19,,
0159,沧州师范学院[公办],,酒店管理,,,520,37811,20,,
0160,沧州师范学院(按高考文化课成绩录取的艺术类专业)[公办],,广播电视编导,,,515,40662,01,,
0172,昌吉学院[公办],,思想政治教育,,,534,30243,01,,
0172,昌吉学院[公办],,学前教育,,,518,38958,02,,
0172,昌吉学院[公办],,小学教育,,,525,35052,03,,
0172,昌吉学院[公办],,汉语言文学,,,538,28223,04,,
0172,昌吉学院[公办],,英语,,,519,38388,05,,
0172,昌吉学院[公办],,商务英语,,,515,40662,06,,
0172,昌吉学院[公办],,网络与新媒体,,,531,31846,07,,
0172,昌吉学院[公办],,工商管理,,,519,38388,08,,
0172,昌吉学院[公办],,财务管理,,,538,28223,09,,
0172,昌吉学院[公办],,行政管理,,,521,37257,10,,
0172,昌吉学院[公办],,旅游管理,,,519,38388,11,,
0173,长安大学(西安市)[公办],,思想政治教育,,,618,,01,,河北官方联合分数统计表为扫描PDF，本分档累计数未能稳定OCR，精确位次留空
0173,长安大学(西安市)[公办],,英语,,,614,,02,,河北官方联合分数统计表为扫描PDF，本分档累计数未能稳定OCR，精确位次留空
0173,长安大学(西安市)[公办],,新闻传播学类,,,619,,03,,河北官方联合分数统计表为扫描PDF，本分档累计数未能稳定OCR，精确位次留空
0173,长安大学(西安市)[公办],,建筑类,,,609,,04,,河北官方联合分数统计表为扫描PDF，本分档累计数未能稳定OCR，精确位次留空
0173,长安大学(西安市)[公办],,工商管理类,,,619,,05,,河北官方联合分数统计表为扫描PDF，本分档累计数未能稳定OCR，精确位次留空
0173,长安大学(西安市)[公办],,行政管理(长安学堂计划),,,617,,06,,河北官方联合分数统计表为扫描PDF，本分档累计数未能稳定OCR，精确位次留空
0173,长安大学(西安市)[公办],,行政管理,,,612,,07,,河北官方联合分数统计表为扫描PDF，本分档累计数未能稳定OCR，精确位次留空
0173,长安大学(西安市)[公办],,物流管理,,,613,,08,,河北官方联合分数统计表为扫描PDF，本分档累计数未能稳定OCR，精确位次留空
0176,长春大学[公办],,汉语言文学,,,577,12264,01,,
0176,长春大学[公办],,市场营销,,,544,25427,02,,
0176,长春大学[公办],,物流管理,,,535,29738,03,,
0176,长春大学[公办],,俄语(中外合作办学),,,534,30243,04,,
0177,长春工程学院[公办],,英语,,,538,28223,01,,
0177,长春工程学院[公办],,工商管理,,,550,22582,02,,
0177,长春工程学院[公办],,财务管理,,,562,17629,03,,
0178,长春工程学院(边防军人子女预科班)[公办],,本科预科班,,,457,78537,01,,
0179,长春工业大学[公办],,法学,,,586,,01,,河北官方联合分数统计表为扫描PDF，本分档累计数未能稳定OCR，精确位次留空
0179,长春工业大学[公办],,社会工作,,,556,19979,02,,
0179,长春工业大学[公办],,英语,,,566,16100,03,,
0179,长春工业大学[公办],,俄语,,,551,22095,04,,
0179,长春工业大学[公办],,日语,,,552,21668,05,,
0179,长春工业大学[公办],,翻译,,,555,20401,06,,
0179,长春工业大学[公办],,广告学,,,558,19202,07,,
0179,长春工业大学[公办],,网络与新媒体,,,564,16810,08,,
0179,长春工业大学[公办],,工商管理,,,567,15706,09,,
0179,长春工业大学[公办],,公共事业管理,,,558,19202,10,,
0179,长春工业大学[公办],,行政管理,,,560,18388,11,,
0179,长春工业大学[公办],,广播电视编导,,,552,21668,12,,
0180,长春工业大学(八协计划)[公办],,国际经济与贸易,,,402,119579,01,,
0180,长春工业大学(八协计划)[公办],,法学,,,418,107005,02,,
0180,长春工业大学(八协计划)[公办],,会计学,,,410,113290,03,,
0182,长春理工大学[公办],,社会工作,,,571,14284,01,,
0182,长春理工大学[公办],,汉语言文学,,,588,,02,,河北官方联合分数统计表为扫描PDF，本分档累计数未能稳定OCR，精确位次留空
0182,长春理工大学[公办],,英语,,,573,13600,03,,
0182,长春理工大学[公办],,俄语,,,549,23040,04,,
0182,长春理工大学[公办],,日语,,,551,22095,05,,
0182,长春理工大学[公办],,朝鲜语,,,547,23983,06,,
0182,长春理工大学[公办],,网络与新媒体,,,576,12601,07,,
0182,长春理工大学[公办],,工商管理类,,,574,13269,08,,
0184,长春师范大学[公办],,小学教育,,,566,16100,01,,
0184,长春师范大学[公办],,汉语言文学,,,587,,02,,河北官方联合分数统计表为扫描PDF，本分档累计数未能稳定OCR，精确位次留空
0184,长春师范大学[公办],,俄语,,,549,23040,03,,
0184,长春师范大学[公办],,德语,,,548,23511,04,,
0184,长春师范大学[公办],,学前教育(中外合作办学),,,523,36127,05,,
0184,长春师范大学[公办],,旅游管理(中外合作办学),,,516,40076,06,,
0189,长春中医药大学[公办],,中医学,,,603,,01,,河北官方联合分数统计表为扫描PDF，本分档累计数未能稳定OCR，精确位次留空
0189,长春中医药大学[公办],,针灸推拿学,,,587,,02,,河北官方联合分数统计表为扫描PDF，本分档累计数未能稳定OCR，精确位次留空
0189,长春中医药大学[公办],,中医康复学,,,580,11284,03,,
0190,长江大学[公办],,经济学类(含荆楚卓越协同育人计划),,,583,10447,01,,
0190,长江大学[公办],,法学(含社会治理法、知产法、数字法方向),,,602,,02,,河北官方联合分数统计表为扫描PDF，本分档累计数未能稳定OCR，精确位次留空
0190,长江大学[公办],,思想政治教育(师范类),,,591,,03,,河北官方联合分数统计表为扫描PDF，本分档累计数未能稳定OCR，精确位次留空
0190,长江大学[公办],,教育学(师范类),,,575,12935,04,,
0190,长江大学[公办],,汉语言文学(师范类),,,593,,05,,河北官方联合分数统计表为扫描PDF，本分档累计数未能稳定OCR，精确位次留空
0190,长江大学[公办],,英语(含师范，商务方向),,,574,13269,06,,
0190,长江大学[公办],,日语,,,554,20836,07,,
0190,长江大学[公办],,网络与新媒体,,,580,11284,08,,
0190,长江大学[公办],,历史学(师范类),,,587,,09,,河北官方联合分数统计表为扫描PDF，本分档累计数未能稳定OCR，精确位次留空
0190,长江大学[公办],,应用心理学,,,572,13953,10,,
0190,长江大学[公办],,城乡规划(国土空间规划、绿色建筑),,,551,22095,11,,
0190,长江大学[公办],,工商管理类(含荆楚卓越育人计划),,,582,10728,12,,
0192,长江师范学院(重庆市)[公办],,新闻传播学类,,,563,17236,01,,
0197,长沙理工大学[公办],,金融学,,,599,6241,01,,
0197,长沙理工大学[公办],,国际经济与贸易,,,596,6980,02,,
0197,长沙理工大学[公办],,法学,,,610,,03,,河北官方联合分数统计表为扫描PDF，本分档累计数未能稳定OCR，精确位次留空
0197,长沙理工大学[公办],,汉语言文学,,,606,,04,,河北官方联合分数统计表为扫描PDF，本分档累计数未能稳定OCR，精确位次留空
0197,长沙理工大学[公办],,英语,,,587,,05,,河北官方联合分数统计表为扫描PDF，本分档累计数未能稳定OCR，精确位次留空
0197,长沙理工大学[公办],,新闻学,,,595,,06,,河北官方联合分数统计表为扫描PDF，本分档累计数未能稳定OCR，精确位次留空
0197,长沙理工大学[公办],,网络与新媒体,,,591,,07,,河北官方联合分数统计表为扫描PDF，本分档累计数未能稳定OCR，精确位次留空
0197,长沙理工大学[公办],,会计学,,,613,,08,,河北官方联合分数统计表为扫描PDF，本分档累计数未能稳定OCR，精确位次留空
0201,长沙学院[公办],,汉语言文学,,,578,11905,01,,
0201,长沙学院[公办],,英语,,,559,18763,02,,
0201,长沙学院[公办],,公共事业管理,,,550,22582,03,,
0201,长沙学院[公办],,旅游管理,,,546,24485,04,,
0201,长沙学院[公办],,广播电视编导,,,546,24485,05,,
0203,长治学院[公办],,网络与新媒体,,,555,20401,01,,
0203,长治学院[公办],,历史学,,,553,21243,02,,
0203,长治学院[公办],,旅游管理,,,529,32927,03,,
0203,长治学院[公办],,酒店管理,,,524,35601,04,,
0204,长治医学院[公办],,传播学,,,530,32409,01,,
0204,长治医学院[公办],,应用心理学,,,537,28710,02,,
0212,朝阳师范学院[公办],,学前教育(师范类),,,524,35601,01,,
0212,朝阳师范学院[公办],,小学教育(师范类),,,537,28710,02,,
0212,朝阳师范学院[公办],,汉语言文学(师范类),,,551,22095,03,,
0212,朝阳师范学院[公办],,英语(师范类),,,536,29242,04,,
0213,成都大学[公办],,法学,,,606,,02,,河北官方联合分数统计表为扫描PDF，本分档累计数未能稳定OCR，精确位次留空
0213,成都大学[公办],,社会工作,,,587,,03,,河北官方联合分数统计表为扫描PDF，本分档累计数未能稳定OCR，精确位次留空
0213,成都大学[公办],,学前教育,,,578,11905,04,,
0213,成都大学[公办],,小学教育,,,588,,05,,河北官方联合分数统计表为扫描PDF，本分档累计数未能稳定OCR，精确位次留空
0213,成都大学[公办],,汉语言文学,,,605,,06,,河北官方联合分数统计表为扫描PDF，本分档累计数未能稳定OCR，精确位次留空
0213,成都大学[公办],,汉语国际教育,,,588,,07,,河北官方联合分数统计表为扫描PDF，本分档累计数未能稳定OCR，精确位次留空
0213,成都大学[公办],,英语,,,592,,08,,河北官方联合分数统计表为扫描PDF，本分档累计数未能稳定OCR，精确位次留空
0213,成都大学[公办],,工商管理,,,590,,09,,河北官方联合分数统计表为扫描PDF，本分档累计数未能稳定OCR，精确位次留空
0213,成都大学[公办],,会计学,,,604,,10,,河北官方联合分数统计表为扫描PDF，本分档累计数未能稳定OCR，精确位次留空
0213,成都大学[公办],,会计学(中外高水平大学学生交流计划),,,576,12601,11,,
0213,成都大学[公办],,会展经济与管理,,,587,,12,,河北官方联合分数统计表为扫描PDF，本分档累计数未能稳定OCR，精确位次留空
0219,成都理工大学[公办],,经济学,,,602,,01,,河北官方联合分数统计表为扫描PDF，本分档累计数未能稳定OCR，精确位次留空
0219,成都理工大学[公办],,法学,,,609,,02,,河北官方联合分数统计表为扫描PDF，本分档累计数未能稳定OCR，精确位次留空
0219,成都理工大学[公办],,社会学,,,593,,03,,河北官方联合分数统计表为扫描PDF，本分档累计数未能稳定OCR，精确位次留空
0219,成都理工大学[公办],,思想政治教育,,,601,,04,,河北官方联合分数统计表为扫描PDF，本分档累计数未能稳定OCR，精确位次留空
0219,成都理工大学[公办],,英语,,,598,6445,05,,
0219,成都理工大学[公办],,日语,,,585,9855,06,,
0219,成都理工大学[公办],,商务英语(宜宾校区),,,595,,07,,河北官方联合分数统计表为扫描PDF，本分档累计数未能稳定OCR，精确位次留空
0219,成都理工大学[公办],,广播电视学,,,589,,08,,河北官方联合分数统计表为扫描PDF，本分档累计数未能稳定OCR，精确位次留空
0219,成都理工大学[公办],,工商管理,,,599,6241,09,,
0219,成都理工大学[公办],,市场营销,,,589,,10,,河北官方联合分数统计表为扫描PDF，本分档累计数未能稳定OCR，精确位次留空
0219,成都理工大学[公办],,会计学,,,605,,11,,河北官方联合分数统计表为扫描PDF，本分档累计数未能稳定OCR，精确位次留空
0219,成都理工大学[公办],,财务管理(宜宾校区),,,605,,12,,河北官方联合分数统计表为扫描PDF，本分档累计数未能稳定OCR，精确位次留空
0219,成都理工大学[公办],,人力资源管理(宜宾校区),,,598,6445,13,,
0219,成都理工大学[公办],,电子商务,,,594,,14,,河北官方联合分数统计表为扫描PDF，本分档累计数未能稳定OCR，精确位次留空
0219,成都理工大学[公办],,工商管理(中外合作办学),,,577,12264,15,,
0220,成都师范学院[公办],,汉语言文学,,,569,14990,01,,
0221,成都体育学院[公办],,英语,,,548,23511,01,,
0221,成都体育学院[公办],,新闻学,,,550,22582,02,,
0221,成都体育学院[公办],,中医骨伤科学,,,566,16100,03,,
0221,成都体育学院[公办],,体育经济与管理,,,543,25909,04,,
0222,成都信息工程大学[公办],,英语,,,574,13269,01,,
0222,成都信息工程大学[公办],,市场营销,,,577,12264,02,,
0222,成都信息工程大学[公办],,会计学,,,599,6241,03,,
0222,成都信息工程大学[公办],,财务管理,,,598,6445,04,,
0222,成都信息工程大学[公办],,人力资源管理,,,584,10128,05,,
0222,成都信息工程大学[公办],,物流管理,,,569,14990,06,,
0222,成都信息工程大学[公办],,供应链管理,,,571,14284,07,,
0224,成都中医药大学[公办],,市场营销,,,586,,01,,河北官方联合分数统计表为扫描PDF，本分档累计数未能稳定OCR，精确位次留空
0224,成都中医药大学[公办],,公共事业管理,,,587,,02,,河北官方联合分数统计表为扫描PDF，本分档累计数未能稳定OCR，精确位次留空
0224,成都中医药大学[公办],,健康服务与管理(中外合作办学),,,549,23040,03,,
0226,承德医学院[公办],,应用心理学,,,532,31323,01,,
0226,承德医学院[公办],,中医学,,,572,13953,02,,
0226,承德医学院[公办],,针灸推拿学,,,566,16100,03,,
0226,承德医学院[公办],,中医康复学,,,563,17236,04,,
0229,池州学院[公办],,汉语言文学,,,551,22095,01,,
0229,池州学院[公办],,文化产业管理,,,542,26359,02,,
0229,池州学院[公办],,旅游管理,,,527,33954,03,,
0229,池州学院[公办],,酒店管理,,,527,33954,04,,
0231,赤峰学院[公办],,小学教育(语文与道法方向),,,530,32409,01,,
0231,赤峰学院[公办],,特殊教育,,,526,34483,02,,
0231,赤峰学院[公办],,历史学,,,538,28223,03,,
0232,赤峰学院(八协计划)[公办],,思想政治教育,,,398,122735,01,,
0237,重庆大学[公办],,人文科学试验班(法学新闻类),,,636,,01,,河北官方联合分数统计表为扫描PDF，本分档累计数未能稳定OCR，精确位次留空
0237,重庆大学[公办],,汉语言文学(博雅类，含中文、历史、哲学专业),,,636,,02,,河北官方联合分数统计表为扫描PDF，本分档累计数未能稳定OCR，精确位次留空
0238,重庆大学(按高考文化课成绩录取的艺术类专业)[公办],,戏剧与影视学类,,,608,,01,,河北官方联合分数统计表为扫描PDF，本分档累计数未能稳定OCR，精确位次留空
0241,重庆第二师范学院[公办],,思想政治教育,,,567,15706,01,,
0241,重庆第二师范学院[公办],,财务会计教育,,,563,17236,02,,
0245,重庆工商大学[公办],,财政学,,,604,,02,,河北官方联合分数统计表为扫描PDF，本分档累计数未能稳定OCR，精确位次留空
0245,重庆工商大学[公办],,金融学类,,,596,6980,03,,
0245,重庆工商大学[公办],,金融学(中外双学士出国2加2),,,502,48511,04,,
0245,重庆工商大学[公办],,经济与贸易类,,,588,,05,,河北官方联合分数统计表为扫描PDF，本分档累计数未能稳定OCR，精确位次留空
0245,重庆工商大学[公办],,法学,,,604,,06,,河北官方联合分数统计表为扫描PDF，本分档累计数未能稳定OCR，精确位次留空
0245,重庆工商大学[公办],,社会学类,,,575,12935,07,,
0245,重庆工商大学[公办],,法语,,,575,12935,08,,
0245,重庆工商大学[公办],,商务英语,,,587,,09,,河北官方联合分数统计表为扫描PDF，本分档累计数未能稳定OCR，精确位次留空
0245,重庆工商大学[公办],,新闻传播学类,,,587,,10,,河北官方联合分数统计表为扫描PDF，本分档累计数未能稳定OCR，精确位次留空
0245,重庆工商大学[公办],,人文地理与城乡规划,,,555,20401,11,,
0245,重庆工商大学[公办],,工商管理类,,,591,,12,,河北官方联合分数统计表为扫描PDF，本分档累计数未能稳定OCR，精确位次留空
0245,重庆工商大学[公办],,会计学,,,606,,13,,河北官方联合分数统计表为扫描PDF，本分档累计数未能稳定OCR，精确位次留空
0245,重庆工商大学[公办],,会计学(中外双学士出国2加2),,,559,18763,14,,
0245,重庆工商大学[公办],,公共管理类,,,586,,15,,河北官方联合分数统计表为扫描PDF，本分档累计数未能稳定OCR，精确位次留空
0245,重庆工商大学[公办],,电子商务,,,575,12935,16,,
0245,重庆工商大学[公办],,旅游管理,,,557,19607,17,,
0252,重庆交通大学[公办],,经济学,,,596,6980,01,,
0252,重庆交通大学[公办],,知识产权,,,601,,02,,河北官方联合分数统计表为扫描PDF，本分档累计数未能稳定OCR，精确位次留空
0252,重庆交通大学[公办],,外国语言文学类,,,580,11284,03,,
0252,重庆交通大学[公办],,新闻传播学类,,,588,,04,,河北官方联合分数统计表为扫描PDF，本分档累计数未能稳定OCR，精确位次留空
0252,重庆交通大学[公办],,工商管理类,,,597,6701,05,,
0253,重庆科技大学[公办],,国际经济与贸易,,,569,14990,01,,
0253,重庆科技大学[公办],,英语,,,568,15333,02,,
0253,重庆科技大学[公办],,会计学,,,583,10447,03,,
0254,重庆理工大学[公办],,汉语国际教育,,,578,11905,01,,
0254,重庆理工大学[公办],,英语,,,577,12264,02,,
0254,重庆理工大学[公办],,商务英语,,,578,11905,03,,
0254,重庆理工大学[公办],,广告学,,,574,13269,04,,
0254,重庆理工大学[公办],,工商管理,,,583,10447,05,,
0254,重庆理工大学[公办],,市场营销,,,572,13953,06,,
0254,重庆理工大学[公办],,财务管理,,,600,,07,,河北官方联合分数统计表为扫描PDF，本分档累计数未能稳定OCR，精确位次留空
0254,重庆理工大学[公办],,人力资源管理,,,572,13953,08,,
0254,重庆理工大学[公办],,劳动与社会保障,,,568,15333,09,,
0254,重庆理工大学[公办],,物流管理,,,561,17998,10,,
0254,重庆理工大学[公办],,电子商务及法律,,,579,11592,11,,
0254,重庆理工大学[公办],,旅游管理,,,565,16482,12,,
0256,重庆三峡学院[公办],,汉语言文学,,,571,14284,01,,
0256,重庆三峡学院[公办],,英语,,,560,18388,02,,
0256,重庆三峡学院[公办],,广播电视学,,,552,21668,03,,
0256,重庆三峡学院[公办],,旅游管理,,,543,25909,04,,
0259,重庆师范大学[公办],,思想政治教育,,,604,,01,,河北官方联合分数统计表为扫描PDF，本分档累计数未能稳定OCR，精确位次留空
0259,重庆师范大学[公办],,特殊教育,,,573,13600,02,,
0259,重庆师范大学[公办],,汉语言文学,,,606,,03,,河北官方联合分数统计表为扫描PDF，本分档累计数未能稳定OCR，精确位次留空
0259,重庆师范大学[公办],,汉语国际教育,,,590,,04,,河北官方联合分数统计表为扫描PDF，本分档累计数未能稳定OCR，精确位次留空
0259,重庆师范大学[公办],,秘书学,,,589,,05,,河北官方联合分数统计表为扫描PDF，本分档累计数未能稳定OCR，精确位次留空
0259,重庆师范大学[公办],,历史学,,,601,,06,,河北官方联合分数统计表为扫描PDF，本分档累计数未能稳定OCR，精确位次留空
0259,重庆师范大学[公办],,应用心理学,,,595,,07,,河北官方联合分数统计表为扫描PDF，本分档累计数未能稳定OCR，精确位次留空
0261,重庆文理学院[公办],,俄语,,,541,26772,01,,
0261,重庆文理学院[公办],,园林,,,529,32927,02,,
0262,重庆文理学院(按高考文化课成绩录取的艺术类专业)[公办],,广播电视编导,,,518,38958,01,,
0266,重庆邮电大学[公办],,法学,,,609,,01,,河北官方联合分数统计表为扫描PDF，本分档累计数未能稳定OCR，精确位次留空
0266,重庆邮电大学[公办],,外国语言文学类(英语类),,,592,,02,,河北官方联合分数统计表为扫描PDF，本分档累计数未能稳定OCR，精确位次留空
0267,重庆中医药学院[公办],,中医学,,,593,,01,,河北官方联合分数统计表为扫描PDF，本分档累计数未能稳定OCR，精确位次留空
0267,重庆中医药学院[公办],,针灸推拿学,,,583,10447,02,,
0267,重庆中医药学院[公办],,中医康复学,,,575,12935,03,,
0267,重庆中医药学院[公办],,中医养生学,,,575,12935,04,,
0267,重庆中医药学院[公办],,中医骨伤科学,,,574,13269,05,,
0269,滁州学院[公办],,国际经济与贸易,,,545,24943,01,,
0269,滁州学院[公办],,小学教育,,,541,26772,02,,
0269,滁州学院[公办],,英语,,,546,24485,03,,
0269,滁州学院[公办],,商务英语,,,541,26772,04,,
0269,滁州学院[公办],,网络与新媒体,,,555,20401,05,,
0269,滁州学院[公办],,工商管理,,,542,26359,06,,
0269,滁州学院[公办],,市场营销,,,540,27280,07,,
0269,滁州学院[公办],,财务管理,,,566,16100,08,,
0269,滁州学院[公办],,审计学,,,567,15706,09,,
0269,滁州学院[公办],,旅游管理,,,530,32409,10,,
0271,楚雄师范学院[公办],,公共事业管理,,,515,40662,01,,
0275,大理大学[公办],,法学,,,580,11284,01,,
0275,大理大学[公办],,思想政治教育,,,572,13953,02,,
0275,大理大学[公办],,学前教育,,,552,21668,03,,
0275,大理大学[公办],,汉语言文学,,,574,13269,04,,
0275,大理大学[公办],,汉语国际教育,,,561,17998,05,,
0275,大理大学[公办],,护理学,,,537,28710,06,,
0276,大连大学[公办],,法学,,,600,,01,,河北官方联合分数统计表为扫描PDF，本分档累计数未能稳定OCR，精确位次留空
0276,大连大学[公办],,汉语言文学,,,592,,02,,河北官方联合分数统计表为扫描PDF，本分档累计数未能稳定OCR，精确位次留空
0276,大连大学[公办],,英语,,,577,12264,03,,
0276,大连大学[公办],,日语,,,562,17629,04,,
0276,大连大学[公办],,会计学,,,597,6701,05,,
0276,大连大学[公办],,旅游管理,,,563,17236,06,,
0276,大连大学[公办],,酒店管理,,,556,19979,07,,
0276,大连大学[公办],,会计学(中外合作办学),,,556,19979,08,,
0276,大连大学[公办],,旅游管理(中外合作办学),,,527,33954,09,,
0278,大连工业大学[公办],,英语,,,572,13953,01,,
0278,大连工业大学[公办],,日语,,,552,21668,02,,
0278,大连工业大学[公办],,工商管理,,,575,12935,03,,
0278,大连工业大学[公办],,工商管理(本科学术互认课程项目),,,545,24943,04,,
0278,大连工业大学[公办],,人力资源管理,,,569,14990,05,,
0278,大连工业大学[公办],,物流管理,,,565,16482,06,,
0278,大连工业大学[公办],,非物质文化遗产保护,,,550,22582,07,,
0279,大连海事大学[公办],,经济学类,,,614,,01,,河北官方联合分数统计表为扫描PDF，本分档累计数未能稳定OCR，精确位次留空
0279,大连海事大学[公办],,法学,,,628,1697,02,,
0279,大连海事大学[公办],,工商管理类,,,615,,03,,河北官方联合分数统计表为扫描PDF，本分档累计数未能稳定OCR，精确位次留空
0279,大连海事大学[公办],,交通管理,,,617,,04,,河北官方联合分数统计表为扫描PDF，本分档累计数未能稳定OCR，精确位次留空
0279,大连海事大学[公办],,法学(中外合作办学),,,618,,05,,河北官方联合分数统计表为扫描PDF，本分档累计数未能稳定OCR，精确位次留空
0281,大连海洋大学[公办],,法学,,,601,,01,,河北官方联合分数统计表为扫描PDF，本分档累计数未能稳定OCR，精确位次留空
0283,大连交通大学[公办],,物流管理,,,586,,01,,河北官方联合分数统计表为扫描PDF，本分档累计数未能稳定OCR，精确位次留空
0283,大连交通大学[公办],,会计学(中外合作办学),,,565,16482,02,,
0285,大连理工大学[公办],,哲学类,,,625,,01,,河北官方联合分数统计表为扫描PDF，本分档累计数未能稳定OCR，精确位次留空
0285,大连理工大学[公办],,英语,,,621,,02,,河北官方联合分数统计表为扫描PDF，本分档累计数未能稳定OCR，精确位次留空
0285,大连理工大学[公办],,日语,,,619,,03,,河北官方联合分数统计表为扫描PDF，本分档累计数未能稳定OCR，精确位次留空
0285,大连理工大学[公办],,新闻传播学类,,,625,,04,,河北官方联合分数统计表为扫描PDF，本分档累计数未能稳定OCR，精确位次留空
0285,大连理工大学[公办],,建筑类,,,617,,05,,河北官方联合分数统计表为扫描PDF，本分档累计数未能稳定OCR，精确位次留空
0285,大连理工大学[公办],,公共事业管理,,,626,,06,,河北官方联合分数统计表为扫描PDF，本分档累计数未能稳定OCR，精确位次留空
0288,大连民族大学[公办],,经济学,,,590,,01,,河北官方联合分数统计表为扫描PDF，本分档累计数未能稳定OCR，精确位次留空
0288,大连民族大学[公办],,国际经济与贸易(新文科实验班),,,573,13600,02,,
0288,大连民族大学[公办],,法学(新文科实验班),,,594,,03,,河北官方联合分数统计表为扫描PDF，本分档累计数未能稳定OCR，精确位次留空
0288,大连民族大学[公办],,汉语言文学,,,591,,04,,河北官方联合分数统计表为扫描PDF，本分档累计数未能稳定OCR，精确位次留空
0288,大连民族大学[公办],,英语,,,581,11023,05,,
0288,大连民族大学[公办],,日语,,,566,16100,06,,
0288,大连民族大学[公办],,朝鲜语,,,554,20836,07,,
0288,大连民族大学[公办],,新闻学(新文科实验班),,,584,10128,08,,
0288,大连民族大学[公办],,工商管理(新文科实验班),,,585,9855,09,,
0288,大连民族大学[公办],,会计学(新文科实验班),,,592,,10,,河北官方联合分数统计表为扫描PDF，本分档累计数未能稳定OCR，精确位次留空
0290,大连外国语大学[公办],,英语,,,591,,01,,河北官方联合分数统计表为扫描PDF，本分档累计数未能稳定OCR，精确位次留空
0290,大连外国语大学[公办],,俄语,,,583,10447,02,,
0290,大连外国语大学[公办],,日语,,,579,11592,03,,
0290,大连外国语大学[公办],,朝鲜语,,,570,14639,04,,
0290,大连外国语大学[公办],,葡萄牙语,,,580,11284,05,,
0291,大连医科大学[公办],,法学,,,609,,01,,河北官方联合分数统计表为扫描PDF，本分档累计数未能稳定OCR，精确位次留空
0294,大庆师范学院[公办],,日语,,,525,35052,01,,
0294,大庆师范学院[公办],,市场营销,,,527,33954,02,,
0294,大庆师范学院[公办],,财务管理,,,539,27769,03,,
0300,德州学院[公办],,汉语言文学(师范类),,,563,17236,01,,
0302,滇西科技师范学院[公办],,汉语言文学,,,537,28710,01,,
0303,滇西应用技术大学[公办],,思想政治教育,,,553,21243,01,,
0303,滇西应用技术大学[公办],,护理学,,,531,31846,02,,
0303,滇西应用技术大学[公办],,会计学,,,565,16482,03,,
0303,滇西应用技术大学[公办],,体育经济与管理,,,500,49775,04,,
0303,滇西应用技术大学[公办],,物流管理,,,543,25909,05,,
0303,滇西应用技术大学[公办],,跨境电子商务,,,546,24485,06,,
0303,滇西应用技术大学[公办],,酒店管理,,,541,26772,07,,
0303,滇西应用技术大学[公办],,医养照护与管理(本科层次职业教育专业),,,540,27280,08,,
0303,滇西应用技术大学[公办],,全媒体电商运营(本科层次职业教育专业),,,514,41275,09,,
0304,电子科技大学(成都市)[公办],,社会科学试验班(公共管理与法律复合人才培养),,,634,,01,,河北官方联合分数统计表为扫描PDF，本分档累计数未能稳定OCR，精确位次留空
0304,电子科技大学(成都市)[公办],,外国语言文学类,,,623,,02,,河北官方联合分数统计表为扫描PDF，本分档累计数未能稳定OCR，精确位次留空
0304,电子科技大学(成都市)[公办],,英语(AI交叉复合型创新人才双学位培养计划),,,627,1789,03,,
0308,东北财经大学(大连市)[公办],,经济学,,,617,,01,,河北官方联合分数统计表为扫描PDF，本分档累计数未能稳定OCR，精确位次留空
0308,东北财经大学(大连市)[公办],,财政学类,,,623,,02,,河北官方联合分数统计表为扫描PDF，本分档累计数未能稳定OCR，精确位次留空
0308,东北财经大学(大连市)[公办],,金融学类,,,620,,03,,河北官方联合分数统计表为扫描PDF，本分档累计数未能稳定OCR，精确位次留空
0308,东北财经大学(大连市)[公办],,保险学,,,607,,04,,河北官方联合分数统计表为扫描PDF，本分档累计数未能稳定OCR，精确位次留空
0308,东北财经大学(大连市)[公办],,法学,,,621,,05,,河北官方联合分数统计表为扫描PDF，本分档累计数未能稳定OCR，精确位次留空
0308,东北财经大学(大连市)[公办],,工商管理,,,614,,06,,河北官方联合分数统计表为扫描PDF，本分档累计数未能稳定OCR，精确位次留空
0308,东北财经大学(大连市)[公办],,会计学(注册会计师方向),,,628,1697,07,,
0308,东北财经大学(大连市)[公办],,会计学(国际会计方向),,,631,,08,,河北官方联合分数统计表为扫描PDF，本分档累计数未能稳定OCR，精确位次留空
0308,东北财经大学(大连市)[公办],,审计学,,,625,,09,,河北官方联合分数统计表为扫描PDF，本分档累计数未能稳定OCR，精确位次留空
0308,东北财经大学(大连市)[公办],,金融学(中外合作办学)(与英国奥斯特大学合作办学),,,596,6980,10,,
0308,东北财经大学(大连市)[公办],,工商管理(中外合作办学)(与英国萨里大学合作办学),,,589,,11,,河北官方联合分数统计表为扫描PDF，本分档累计数未能稳定OCR，精确位次留空
0308,东北财经大学(大连市)[公办],,会计学(中外合作办学)(与英国奥斯特大学合作办学),,,613,,12,,河北官方联合分数统计表为扫描PDF，本分档累计数未能稳定OCR，精确位次留空
0308,东北财经大学(大连市)[公办],,会计学(中外合作办学)(与澳大利亚科廷大学合作办学),,,606,,13,,河北官方联合分数统计表为扫描PDF，本分档累计数未能稳定OCR，精确位次留空
0308,东北财经大学(大连市)[公办],,财务管理(中外合作办学)(与英国萨里大学合作办学),,,599,6241,14,,
0308,东北财经大学(大连市)[公办],,旅游管理(中外合作办学)(与英国萨里大学合作办学),,,572,13953,15,,
0310,东北大学秦皇岛分校[公办],,经济学类,,,631,,01,,河北官方联合分数统计表为扫描PDF，本分档累计数未能稳定OCR，精确位次留空
0310,东北大学秦皇岛分校[公办],,民族学,,,618,,02,,河北官方联合分数统计表为扫描PDF，本分档累计数未能稳定OCR，精确位次留空
0310,东北大学秦皇岛分校[公办],,外国语言文学类,,,615,,03,,河北官方联合分数统计表为扫描PDF，本分档累计数未能稳定OCR，精确位次留空
0310,东北大学秦皇岛分校[公办],,工商管理类,,,621,,04,,河北官方联合分数统计表为扫描PDF，本分档累计数未能稳定OCR，精确位次留空
0311,东北大学(沈阳市)[公办],,人文科学试验班,,,628,1697,01,,
0311,东北大学(沈阳市)[公办],,外国语言文学类,,,620,,02,,河北官方联合分数统计表为扫描PDF，本分档累计数未能稳定OCR，精确位次留空
0311,东北大学(沈阳市)[公办],,公共管理类,,,624,,03,,河北官方联合分数统计表为扫描PDF，本分档累计数未能稳定OCR，精确位次留空
0314,东北电力大学(吉林市)[公办],,思想政治教育,,,582,10728,01,,
0314,东北电力大学(吉林市)[公办],,英语,,,571,14284,02,,
0314,东北电力大学(吉林市)[公办],,日语,,,554,20836,03,,
0316,东北林业大学(哈尔滨市)[公办],,法学,,,619,,01,,河北官方联合分数统计表为扫描PDF，本分档累计数未能稳定OCR，精确位次留空
0316,东北林业大学(哈尔滨市)[公办],,政治学与行政学,,,609,,02,,河北官方联合分数统计表为扫描PDF，本分档累计数未能稳定OCR，精确位次留空
0316,东北林业大学(哈尔滨市)[公办],,社会工作,,,607,,03,,河北官方联合分数统计表为扫描PDF，本分档累计数未能稳定OCR，精确位次留空
0316,东北林业大学(哈尔滨市)[公办],,马克思主义理论,,,611,,04,,河北官方联合分数统计表为扫描PDF，本分档累计数未能稳定OCR，精确位次留空
0316,东北林业大学(哈尔滨市)[公办],,英语,,,607,,05,,河北官方联合分数统计表为扫描PDF，本分档累计数未能稳定OCR，精确位次留空
0316,东北林业大学(哈尔滨市)[公办],,广告学,,,605,,06,,河北官方联合分数统计表为扫描PDF，本分档累计数未能稳定OCR，精确位次留空
0316,东北林业大学(哈尔滨市)[公办],,风景园林,,,603,,07,,河北官方联合分数统计表为扫描PDF，本分档累计数未能稳定OCR，精确位次留空
0316,东北林业大学(哈尔滨市)[公办],,工商管理类,,,609,,08,,河北官方联合分数统计表为扫描PDF，本分档累计数未能稳定OCR，精确位次留空
0317,东北农业大学(哈尔滨市)[公办],,金融学类,,,610,,01,,河北官方联合分数统计表为扫描PDF，本分档累计数未能稳定OCR，精确位次留空
0317,东北农业大学(哈尔滨市)[公办],,法学,,,618,,02,,河北官方联合分数统计表为扫描PDF，本分档累计数未能稳定OCR，精确位次留空
0317,东北农业大学(哈尔滨市)[公办],,俄语,,,601,,03,,河北官方联合分数统计表为扫描PDF，本分档累计数未能稳定OCR，精确位次留空
0317,东北农业大学(哈尔滨市)[公办],,工商管理类,,,610,,04,,河北官方联合分数统计表为扫描PDF，本分档累计数未能稳定OCR，精确位次留空
0317,东北农业大学(哈尔滨市)[公办],,工商管理(中美121双学位项目),,,585,9855,05,,
0317,东北农业大学(哈尔滨市)[公办],,农林经济管理,,,606,,06,,河北官方联合分数统计表为扫描PDF，本分档累计数未能稳定OCR，精确位次留空
0318,东北师范大学(长春市)[公办],,法学,,,624,,03,,河北官方联合分数统计表为扫描PDF，本分档累计数未能稳定OCR，精确位次留空
0318,东北师范大学(长春市)[公办],,政治学类,,,616,,04,,河北官方联合分数统计表为扫描PDF，本分档累计数未能稳定OCR，精确位次留空
0318,东北师范大学(长春市)[公办],,马克思主义理论类,,,622,,05,,河北官方联合分数统计表为扫描PDF，本分档累计数未能稳定OCR，精确位次留空
0318,东北师范大学(长春市)[公办],,教育学类,,,615,,06,,河北官方联合分数统计表为扫描PDF，本分档累计数未能稳定OCR，精确位次留空
0318,东北师范大学(长春市)[公办],,汉语言文学,,,630,1523,07,,
0318,东北师范大学(长春市)[公办],,历史学(日知试验班),,,624,,08,,河北官方联合分数统计表为扫描PDF，本分档累计数未能稳定OCR，精确位次留空
0318,东北师范大学(长春市)[公办],,广播电视编导,,,595,,09,,河北官方联合分数统计表为扫描PDF，本分档累计数未能稳定OCR，精确位次留空
0318,东北师范大学(长春市)[公办],,金融学(中外合作办学),,,594,,10,,河北官方联合分数统计表为扫描PDF，本分档累计数未能稳定OCR，精确位次留空
0318,东北师范大学(长春市)[公办],,会计学(中外合作办学),,,607,,11,,河北官方联合分数统计表为扫描PDF，本分档累计数未能稳定OCR，精确位次留空
0318,东北师范大学(长春市)[公办],,物流管理(中外合作办学),,,586,,12,,河北官方联合分数统计表为扫描PDF，本分档累计数未能稳定OCR，精确位次留空
0322,东北石油大学[公办],,社会工作,,,568,15333,01,,
0322,东北石油大学[公办],,汉语言文学,,,592,,02,,河北官方联合分数统计表为扫描PDF，本分档累计数未能稳定OCR，精确位次留空
0322,东北石油大学[公办],,英语,,,576,12601,03,,
0322,东北石油大学[公办],,俄语,,,559,18763,04,,
0322,东北石油大学[公办],,工商管理,,,579,11592,05,,
0322,东北石油大学[公办],,会计学,,,584,10128,06,,
0322,东北石油大学[公办],,行政管理,,,570,14639,07,,
0322,东北石油大学[公办],,旅游管理,,,559,18763,08,,
0324,东华大学(上海市)[公办],,经济管理试验班,,,622,,01,,河北官方联合分数统计表为扫描PDF，本分档累计数未能稳定OCR，精确位次留空
0324,东华大学(上海市)[公办],,经济与贸易类,,,621,,02,,河北官方联合分数统计表为扫描PDF，本分档累计数未能稳定OCR，精确位次留空
0324,东华大学(上海市)[公办],,新闻传播学类,,,617,,03,,河北官方联合分数统计表为扫描PDF，本分档累计数未能稳定OCR，精确位次留空
0325,东华理工大学[公办],,英语(外贸方向),,,557,19607,01,,
0325,东华理工大学[公办],,广告学,,,551,22095,02,,
0325,东华理工大学[公办],,市场营销,,,551,22095,03,,
0325,东华理工大学[公办],,会计学,,,577,12264,04,,
0325,东华理工大学[公办],,财务管理,,,575,12935,05,,
0328,东南大学(南京市)[公办],,文科试验班类(数智经济与智能管理),,,637,,02,,河北官方联合分数统计表为扫描PDF，本分档累计数未能稳定OCR，精确位次留空
0328,东南大学(南京市)[公办],,文科试验班类(郭秉文班),,,640,,03,,河北官方联合分数统计表为扫描PDF，本分档累计数未能稳定OCR，精确位次留空
0328,东南大学(南京市)[公办],,英语,,,634,,04,,河北官方联合分数统计表为扫描PDF，本分档累计数未能稳定OCR，精确位次留空
0328,东南大学(南京市)[公办],,劳动与社会保障,,,631,,05,,河北官方联合分数统计表为扫描PDF，本分档累计数未能稳定OCR，精确位次留空
0329,东莞理工学院[公办],,会计学,,,571,14284,01,,
0329,东莞理工学院[公办],,人力资源管理,,,554,20836,02,,
0333,对外经济贸易大学(北京市)[公办],,经济学类(分流时专业任选),,,643,,08,,河北官方联合分数统计表为扫描PDF，本分档累计数未能稳定OCR，精确位次留空
0333,对外经济贸易大学(北京市)[公办],,金融学类,,,642,,09,,河北官方联合分数统计表为扫描PDF，本分档累计数未能稳定OCR，精确位次留空
0333,对外经济贸易大学(北京市)[公办],,保险学(全部进入法学双学士学位项目),,,639,,10,,河北官方联合分数统计表为扫描PDF，本分档累计数未能稳定OCR，精确位次留空
0333,对外经济贸易大学(北京市)[公办],,国际经济与贸易(国际组织人才基地班),,,647,,11,,河北官方联合分数统计表为扫描PDF，本分档累计数未能稳定OCR，精确位次留空
0333,对外经济贸易大学(北京市)[公办],,法学类,,,649,,12,,河北官方联合分数统计表为扫描PDF，本分档累计数未能稳定OCR，精确位次留空
0333,对外经济贸易大学(北京市)[公办],,外国语言文学类,,,636,,13,,河北官方联合分数统计表为扫描PDF，本分档累计数未能稳定OCR，精确位次留空
0333,对外经济贸易大学(北京市)[公办],,工商管理类(项目选拔进入，分流时专业任选),,,639,,14,,河北官方联合分数统计表为扫描PDF，本分档累计数未能稳定OCR，精确位次留空
0333,对外经济贸易大学(北京市)[公办],,供应链管理(全部进入金融学双学士学位项目),,,637,,15,,河北官方联合分数统计表为扫描PDF，本分档累计数未能稳定OCR，精确位次留空
0336,鄂尔多斯应用技术学院[公办],,旅游管理与服务教育,,,523,36127,01,,
0341,防灾科技学院(廊坊市)[公办],,汉语言文学,,,564,16810,01,,
0341,防灾科技学院(廊坊市)[公办],,英语,,,548,23511,02,,
0341,防灾科技学院(廊坊市)[公办],,广告学,,,546,24485,03,,
0341,防灾科技学院(廊坊市)[公办],,网络与新媒体,,,552,21668,04,,
0341,防灾科技学院(廊坊市)[公办],,工商管理,,,553,21243,05,,
0341,防灾科技学院(廊坊市)[公办],,会计学,,,569,14990,06,,
0342,福建技术师范学院[公办],,家政学,,,530,32409,01,,
0342,福建技术师范学院[公办],,汉语言文学,,,558,19202,02,,
0342,福建技术师范学院[公办],,英语,,,547,23983,03,,
0342,福建技术师范学院[公办],,日语,,,529,32927,04,,
0342,福建技术师范学院[公办],,印度尼西亚语,,,520,37811,05,,
0342,福建技术师范学院[公办],,商务英语,,,531,31846,06,,
0342,福建技术师范学院[公办],,应用心理学,,,538,28223,07,,
0342,福建技术师范学院[公办],,广播电视编导,,,528,33434,08,,
0343,福建江夏学院[公办],,税收学,,,567,15706,01,,
0343,福建江夏学院[公办],,保险学,,,556,19979,02,,
0343,福建江夏学院[公办],,法学,,,574,13269,03,,
0343,福建江夏学院[公办],,商务英语,,,545,24943,04,,
0343,福建江夏学院[公办],,市场营销,,,551,22095,05,,
0343,福建江夏学院[公办],,会计学,,,574,13269,06,,
0343,福建江夏学院[公办],,财务管理,,,573,13600,07,,
0343,福建江夏学院[公办],,人力资源管理,,,549,23040,08,,
0343,福建江夏学院[公办],,行政管理,,,540,27280,09,,
0343,福建江夏学院[公办],,供应链管理,,,541,26772,10,,
0345,福建农林大学[公办],,城乡规划,,,562,17629,01,,
0345,福建农林大学[公办],,财务管理,,,591,,02,,河北官方联合分数统计表为扫描PDF，本分档累计数未能稳定OCR，精确位次留空
0345,福建农林大学[公办],,风景园林(中外合作办学),,,516,40076,03,,
0345,福建农林大学[公办],,农林经济管理(中外合作办学),,,530,32409,04,,
0346,福建商学院[公办],,保险学,,,545,24943,01,,
0346,福建商学院[公办],,国际经济与贸易,,,553,21243,02,,
0346,福建商学院[公办],,贸易经济,,,540,27280,03,,
0346,福建商学院[公办],,日语,,,547,23983,04,,
0346,福建商学院[公办],,翻译,,,540,27280,05,,
0346,福建商学院[公办],,商务英语,,,538,28223,06,,
0346,福建商学院[公办],,网络与新媒体,,,549,23040,07,,
0346,福建商学院[公办],,工商管理,,,547,23983,08,,
0346,福建商学院[公办],,会计学,,,566,16100,09,,
0346,福建商学院[公办],,财务管理,,,565,16482,10,,
0346,福建商学院[公办],,人力资源管理,,,542,26359,11,,
0346,福建商学院[公办],,审计学,,,566,16100,12,,
0346,福建商学院[公办],,零售业管理,,,535,29738,13,,
0346,福建商学院[公办],,供应链管理,,,544,25427,14,,
0346,福建商学院[公办],,跨境电子商务,,,541,26772,15,,
0346,福建商学院[公办],,旅游管理与服务教育,,,532,31323,16,,
0347,福建商学院(边防军人子女预科班)[公办],,本科预科班,,,418,107005,01,,
0348,福建师范大学(福州市)[公办],,地理科学类,,,594,,02,,河北官方联合分数统计表为扫描PDF，本分档累计数未能稳定OCR，精确位次留空
0348,福建师范大学(福州市)[公办],,广播电视编导,,,571,14284,03,,
0348,福建师范大学(福州市)[公办],,学前教育(中外合作办学)(中美合作办学),,,539,27769,04,,
0350,福建医科大学(福州市)[公办],,社会工作,,,564,16810,01,,
0350,福建医科大学(福州市)[公办],,公共事业管理,,,564,16810,02,,
0352,福州大学[公办],,金融学,,,614,,01,,河北官方联合分数统计表为扫描PDF，本分档累计数未能稳定OCR，精确位次留空
0352,福州大学[公办],,行政管理,,,609,,02,,河北官方联合分数统计表为扫描PDF，本分档累计数未能稳定OCR，精确位次留空
0360,阜阳师范大学[公办],,法学,,,580,11284,01,,
0360,阜阳师范大学[公办],,英语,,,574,13269,02,,
0360,阜阳师范大学[公办],,翻译,,,553,21243,03,,
0360,阜阳师范大学[公办],,新闻学,,,560,18388,04,,
0360,阜阳师范大学[公办],,工商管理,,,554,20836,05,,
0364,复旦大学(上海市)[公办],,人文科学试验班,,,671,43,03,,
0364,复旦大学(上海市)[公办],,经济学类,,,667,76,04,,
0364,复旦大学(上海市)[公办],,法学,,,669,59,05,,
0372,甘肃林业职业技术大学[公办],,设施园艺,,,512,42421,01,,
0373,甘肃民族师范学院(合作市)[公办],,学前教育,,,522,36684,01,,
0379,甘肃政法大学(兰州市)[公办],,金融学(数智金融方向),,,594,,01,,河北官方联合分数统计表为扫描PDF，本分档累计数未能稳定OCR，精确位次留空
0379,甘肃政法大学(兰州市)[公办],,法学,,,598,6445,02,,
0379,甘肃政法大学(兰州市)[公办],,法学(西部基层卓越法治人才基地班),,,597,6701,03,,
0379,甘肃政法大学(兰州市)[公办],,法学(边疆治理方向),,,595,,04,,河北官方联合分数统计表为扫描PDF，本分档累计数未能稳定OCR，精确位次留空
0379,甘肃政法大学(兰州市)[公办],,法学(涉外法治人才协同培养创新基地班),,,596,6980,05,,
0379,甘肃政法大学(兰州市)[公办],,国家安全学,,,591,,06,,河北官方联合分数统计表为扫描PDF，本分档累计数未能稳定OCR，精确位次留空
0379,甘肃政法大学(兰州市)[公办],,英语(法律英语方向),,,579,11592,07,,
0379,甘肃政法大学(兰州市)[公办],,工商管理,,,582,10728,08,,
0379,甘肃政法大学(兰州市)[公办],,人力资源管理,,,552,21668,09,,
0380,甘肃中医药大学(兰州市)[公办],,国际经济与贸易,,,552,21668,01,,
0380,甘肃中医药大学(兰州市)[公办],,中医学(5+3一体化),,,608,,02,,河北官方联合分数统计表为扫描PDF，本分档累计数未能稳定OCR，精确位次留空
0380,甘肃中医药大学(兰州市)[公办],,针灸推拿学,,,580,11284,03,,
0380,甘肃中医药大学(兰州市)[公办],,中医康复学,,,573,13600,04,,
0381,赣东学院[公办],,汉语国际教育,,,539,27769,01,,
0381,赣东学院[公办],,财务管理,,,545,24943,02,,
0382,赣南科技学院(赣州市)[公办],,国际经济与贸易,,,537,28710,01,,
0382,赣南科技学院(赣州市)[公办],,葡萄牙语,,,521,37257,02,,
0382,赣南科技学院(赣州市)[公办],,会计学,,,551,22095,03,,
0382,赣南科技学院(赣州市)[公办],,电子商务,,,534,30243,04,,
0383,赣南师范大学(赣州市)[公办],,金融学,,,562,17629,01,,
0383,赣南师范大学(赣州市)[公办],,法学,,,583,10447,02,,
0383,赣南师范大学(赣州市)[公办],,社会工作,,,540,27280,03,,
0383,赣南师范大学(赣州市)[公办],,思想政治教育,,,576,12601,04,,
0383,赣南师范大学(赣州市)[公办],,教育学,,,559,18763,05,,
0383,赣南师范大学(赣州市)[公办],,小学教育,,,565,16482,06,,
0383,赣南师范大学(赣州市)[公办],,汉语言文学,,,586,,07,,河北官方联合分数统计表为扫描PDF，本分档累计数未能稳定OCR，精确位次留空
0383,赣南师范大学(赣州市)[公办],,汉语言文学(非师范),,,574,13269,08,,
0383,赣南师范大学(赣州市)[公办],,汉语国际教育,,,569,14990,09,,
0383,赣南师范大学(赣州市)[公办],,数字人文,,,557,19607,10,,
0383,赣南师范大学(赣州市)[公办],,英语,,,569,14990,11,,
0383,赣南师范大学(赣州市)[公办],,日语,,,548,23511,12,,
0383,赣南师范大学(赣州市)[公办],,商务英语,,,554,20836,13,,
0383,赣南师范大学(赣州市)[公办],,历史学,,,576,12601,14,,
0383,赣南师范大学(赣州市)[公办],,历史学(非师范),,,569,14990,15,,
0383,赣南师范大学(赣州市)[公办],,应用心理学,,,560,18388,16,,
0383,赣南师范大学(赣州市)[公办],,广播电视编导,,,539,27769,17,,
0387,广东财经大学(广州市)[公办],,法学,,,613,,01,,河北官方联合分数统计表为扫描PDF，本分档累计数未能稳定OCR，精确位次留空
0392,广东工业大学[公办],,社会工作,,,584,10128,01,,
0392,广东工业大学[公办],,工商管理,,,596,6980,02,,
0392,广东工业大学[公办],,市场营销,,,584,10128,03,,
0392,广东工业大学[公办],,会计学,,,601,,04,,河北官方联合分数统计表为扫描PDF，本分档累计数未能稳定OCR，精确位次留空
0392,广东工业大学[公办],,人力资源管理,,,583,10447,05,,
0394,广东技术师范大学[公办],,历史学(师范),,,565,16482,01,,
0397,广东金融学院[公办],,金融学,,,586,,01,,河北官方联合分数统计表为扫描PDF，本分档累计数未能稳定OCR，精确位次留空
0397,广东金融学院[公办],,会计学,,,589,,02,,河北官方联合分数统计表为扫描PDF，本分档累计数未能稳定OCR，精确位次留空
0410,广东外语外贸大学[公办],,金融学类,,,608,,01,,河北官方联合分数统计表为扫描PDF，本分档累计数未能稳定OCR，精确位次留空
0410,广东外语外贸大学[公办],,法学,,,619,,02,,河北官方联合分数统计表为扫描PDF，本分档累计数未能稳定OCR，精确位次留空
0410,广东外语外贸大学[公办],,政治学类,,,599,6241,03,,
0410,广东外语外贸大学[公办],,社会工作,,,599,6241,04,,
0410,广东外语外贸大学[公办],,教育学,,,592,,05,,河北官方联合分数统计表为扫描PDF，本分档累计数未能稳定OCR，精确位次留空
0410,广东外语外贸大学[公办],,英语,,,613,,06,,河北官方联合分数统计表为扫描PDF，本分档累计数未能稳定OCR，精确位次留空
0410,广东外语外贸大学[公办],,法语,,,603,,07,,河北官方联合分数统计表为扫描PDF，本分档累计数未能稳定OCR，精确位次留空
0410,广东外语外贸大学[公办],,日语,,,603,,08,,河北官方联合分数统计表为扫描PDF，本分档累计数未能稳定OCR，精确位次留空
0410,广东外语外贸大学[公办],,朝鲜语(法学双学士学位),,,609,,09,,河北官方联合分数统计表为扫描PDF，本分档累计数未能稳定OCR，精确位次留空
0410,广东外语外贸大学[公办],,印地语,,,598,6445,10,,
0410,广东外语外贸大学[公办],,保加利亚语,,,602,,11,,河北官方联合分数统计表为扫描PDF，本分档累计数未能稳定OCR，精确位次留空
0410,广东外语外贸大学[公办],,土耳其语(法学双学士学位),,,609,,12,,河北官方联合分数统计表为扫描PDF，本分档累计数未能稳定OCR，精确位次留空
0410,广东外语外贸大学[公办],,商务英语,,,604,,13,,河北官方联合分数统计表为扫描PDF，本分档累计数未能稳定OCR，精确位次留空
0410,广东外语外贸大学[公办],,工商管理类(商学院),,,600,,14,,河北官方联合分数统计表为扫描PDF，本分档累计数未能稳定OCR，精确位次留空
0410,广东外语外贸大学[公办],,工商管理(国际化管理创新班),,,601,,15,,河北官方联合分数统计表为扫描PDF，本分档累计数未能稳定OCR，精确位次留空
0410,广东外语外贸大学[公办],,国际商务,,,603,,16,,河北官方联合分数统计表为扫描PDF，本分档累计数未能稳定OCR，精确位次留空
0410,广东外语外贸大学[公办],,供应链管理,,,597,6701,17,,
0416,广西财经学院(南宁市)[公办],,金融学,,,552,21668,01,,
0416,广西财经学院(南宁市)[公办],,法学,,,567,15706,02,,
0416,广西财经学院(南宁市)[公办],,商务英语,,,532,31323,03,,
0416,广西财经学院(南宁市)[公办],,会计学(中外合作办学),,,533,30800,04,,
0421,广西警察学院[公办],,社会工作,,,534,30243,01,,
0422,广西科技大学(柳州市)[公办],,英语,,,555,20401,01,,
0422,广西科技大学(柳州市)[公办],,财务管理,,,563,17236,02,,
0423,广西科技师范学院(来宾市)[公办],,汉语言文学,,,544,25427,01,,
0423,广西科技师范学院(来宾市)[公办],,财务管理,,,541,26772,02,,
0424,广西民族大学(南宁市)[公办],,金融学(中澳3+2学分互认联合培养项目),,,503,47901,01,,
0424,广西民族大学(南宁市)[公办],,国际经济与贸易(中澳3+2学分互认联合培养项目),,,517,39505,02,,
0424,广西民族大学(南宁市)[公办],,法学,,,584,10128,03,,
0424,广西民族大学(南宁市)[公办],,国际事务与国际关系,,,547,23983,04,,
0424,广西民族大学(南宁市)[公办],,汉语言文学,,,575,12935,05,,
0424,广西民族大学(南宁市)[公办],,汉语国际教育,,,552,21668,06,,
0424,广西民族大学(南宁市)[公办],,印度尼西亚语(国家基地班),,,538,28223,07,,
0424,广西民族大学(南宁市)[公办],,翻译(中澳3+2学分互认联合培养项目),,,,,08,原表空白（未公布投档最低分）,
0424,广西民族大学(南宁市)[公办],,行政管理,,,548,23511,09,,
0425,广西民族大学(南宁市)(按高考文化课成绩录取的艺术类专业)[公办],,广播电视编导,,,539,27769,01,,
0426,广西民族师范学院(崇左市)[公办],,社会工作,,,519,38388,01,,
0426,广西民族师范学院(崇左市)[公办],,秘书学,,,527,33954,02,,
0426,广西民族师范学院(崇左市)[公办],,翻译,,,518,38958,03,,
0426,广西民族师范学院(崇左市)[公办],,商务英语,,,520,37811,04,,
0426,广西民族师范学院(崇左市)[公办],,新闻学,,,525,35052,05,,
0426,广西民族师范学院(崇左市)[公办],,城市管理,,,519,38388,06,,
0426,广西民族师范学院(崇左市)[公办],,物流管理,,,519,38388,07,,
0428,广西师范大学(桂林市)[公办],,经济学,,,575,12935,01,,
0428,广西师范大学(桂林市)[公办],,法学,,,590,,02,,河北官方联合分数统计表为扫描PDF，本分档累计数未能稳定OCR，精确位次留空
0428,广西师范大学(桂林市)[公办],,学前教育,,,494,53596,03,,
0428,广西师范大学(桂林市)[公办],,小学教育,,,568,15333,04,,
0428,广西师范大学(桂林市)[公办],,汉语言文学,,,589,,05,,河北官方联合分数统计表为扫描PDF，本分档累计数未能稳定OCR，精确位次留空
0428,广西师范大学(桂林市)[公办],,汉语国际教育,,,535,29738,06,,
0428,广西师范大学(桂林市)[公办],,英语,,,574,13269,07,,
0428,广西师范大学(桂林市)[公办],,朝鲜语,,,547,23983,08,,
0428,广西师范大学(桂林市)[公办],,新闻学,,,567,15706,09,,
0428,广西师范大学(桂林市)[公办],,历史学,,,579,11592,10,,
0428,广西师范大学(桂林市)[公办],,会计学,,,589,,11,,河北官方联合分数统计表为扫描PDF，本分档累计数未能稳定OCR，精确位次留空
0428,广西师范大学(桂林市)[公办],,会计学(中外高水平大学学生交流计划),,,559,18763,12,,
0432,广西艺术学院(南宁市)[公办],,艺术史论,,,519,38388,01,,
0432,广西艺术学院(南宁市)[公办],,艺术管理,,,514,41275,02,,
0432,广西艺术学院(南宁市)[公办],,戏剧影视文学,,,526,34483,03,,
0432,广西艺术学院(南宁市)[公办],,美术学,,,521,37257,04,,
0432,广西艺术学院(南宁市)[公办],,艺术设计学,,,519,38388,05,,
0432,广西艺术学院(南宁市)[公办],,艺术与科技,,,526,34483,06,,
0434,广西中医药大学(南宁市)[公办],,中医学,,,601,,01,,河北官方联合分数统计表为扫描PDF，本分档累计数未能稳定OCR，精确位次留空
0437,广州大学[公办],,小学教育(师范),,,592,,02,,河北官方联合分数统计表为扫描PDF，本分档累计数未能稳定OCR，精确位次留空
0437,广州大学[公办],,网络与新媒体,,,602,,03,,河北官方联合分数统计表为扫描PDF，本分档累计数未能稳定OCR，精确位次留空
0437,广州大学[公办],,会计学,,,609,,04,,河北官方联合分数统计表为扫描PDF，本分档累计数未能稳定OCR，精确位次留空
0437,广州大学[公办],,物流管理,,,590,,05,,河北官方联合分数统计表为扫描PDF，本分档累计数未能稳定OCR，精确位次留空
0446,广州中医药大学[公办],,英语(中医药国际传播),,,598,6445,01,,
0446,广州中医药大学[公办],,应用心理学,,,599,6241,02,,
0446,广州中医药大学[公办],,中医学(5+3一体化),,,632,,03,,河北官方联合分数统计表为扫描PDF，本分档累计数未能稳定OCR，精确位次留空
0446,广州中医药大学[公办],,中医学,,,623,,04,,河北官方联合分数统计表为扫描PDF，本分档累计数未能稳定OCR，精确位次留空
0446,广州中医药大学[公办],,护理学(创新班),,,587,,05,,河北官方联合分数统计表为扫描PDF，本分档累计数未能稳定OCR，精确位次留空
0446,广州中医药大学[公办],,护理学,,,581,11023,06,,
0446,广州中医药大学[公办],,助产学,,,569,14990,07,,
0446,广州中医药大学[公办],,健康服务与管理,,,601,,08,,河北官方联合分数统计表为扫描PDF，本分档累计数未能稳定OCR，精确位次留空
0447,贵阳康养职业大学[公办],,护理,,,548,23511,01,,
0447,贵阳康养职业大学[公办],,公共卫生管理,,,518,38958,02,,
0448,贵州财经大学(贵阳市)[公办],,法学,,,597,6701,01,,
0448,贵州财经大学(贵阳市)[公办],,商务英语,,,552,21668,02,,
0448,贵州财经大学(贵阳市)[公办],,劳动与社会保障,,,563,17236,03,,
0448,贵州财经大学(贵阳市)[公办],,金融学(中外合作办学),,,544,25427,04,,
0448,贵州财经大学(贵阳市)[公办],,电子商务(中外合作办学),,,550,22582,05,,
0450,贵州大学(贵阳市)[公办],,哲学,,,604,,03,,河北官方联合分数统计表为扫描PDF，本分档累计数未能稳定OCR，精确位次留空
0450,贵州大学(贵阳市)[公办],,财政学类,,,612,,04,,河北官方联合分数统计表为扫描PDF，本分档累计数未能稳定OCR，精确位次留空
0450,贵州大学(贵阳市)[公办],,政治学类,,,605,,05,,河北官方联合分数统计表为扫描PDF，本分档累计数未能稳定OCR，精确位次留空
0450,贵州大学(贵阳市)[公办],,汉语言文学,,,616,,06,,河北官方联合分数统计表为扫描PDF，本分档累计数未能稳定OCR，精确位次留空
0450,贵州大学(贵阳市)[公办],,英语,,,608,,07,,河北官方联合分数统计表为扫描PDF，本分档累计数未能稳定OCR，精确位次留空
0450,贵州大学(贵阳市)[公办],,日语,,,599,6241,08,,
0450,贵州大学(贵阳市)[公办],,历史学,,,605,,09,,河北官方联合分数统计表为扫描PDF，本分档累计数未能稳定OCR，精确位次留空
0450,贵州大学(贵阳市)[公办],,城乡规划,,,602,,10,,河北官方联合分数统计表为扫描PDF，本分档累计数未能稳定OCR，精确位次留空
0450,贵州大学(贵阳市)[公办],,工商管理类,,,609,,11,,河北官方联合分数统计表为扫描PDF，本分档累计数未能稳定OCR，精确位次留空
0450,贵州大学(贵阳市)[公办],,公共管理类,,,603,,12,,河北官方联合分数统计表为扫描PDF，本分档累计数未能稳定OCR，精确位次留空
0450,贵州大学(贵阳市)[公办],,旅游管理(中外合作办学),,,565,16482,13,,
0452,贵州工程应用技术学院(毕节市)[公办],,思想政治教育,,,534,30243,01,,
0452,贵州工程应用技术学院(毕节市)[公办],,汉语言文学,,,541,26772,02,,
0460,贵州民族大学(贵阳市)[公办],,法学,,,577,12264,01,,
0460,贵州民族大学(贵阳市)[公办],,社会工作,,,549,23040,02,,
0461,贵州民族大学(贵阳市)(按高考文化课成绩录取的艺术类专业)[公办],,广播电视编导,,,537,28710,01,,
0463,贵州商学院(贵阳市)[公办],,知识产权,,,547,23983,01,,
0463,贵州商学院(贵阳市)[公办],,市场营销,,,530,32409,02,,
0465,贵州师范大学(贵阳市)[公办],,汉语言文学(致新班),,,577,12264,01,,
0465,贵州师范大学(贵阳市)[公办],,地理科学,,,567,15706,02,,
0465,贵州师范大学(贵阳市)[公办],,市场营销(国际通识教育课程),,,521,37257,03,,
0465,贵州师范大学(贵阳市)[公办],,旅游管理,,,543,25909,04,,
0465,贵州师范大学(贵阳市)[公办],,旅游管理(国际通识教育课程),,,518,38958,05,,
0466,贵州师范学院(贵阳市)[公办],,特殊教育,,,542,26359,01,,
0470,贵州中医药大学[公办],,应用心理学,,,552,21668,01,,
0470,贵州中医药大学[公办],,中医学,,,591,,02,,河北官方联合分数统计表为扫描PDF，本分档累计数未能稳定OCR，精确位次留空
0470,贵州中医药大学[公办],,针灸推拿学,,,587,,03,,河北官方联合分数统计表为扫描PDF，本分档累计数未能稳定OCR，精确位次留空
0470,贵州中医药大学[公办],,中医儿科学,,,576,12601,04,,
0471,桂林电子科技大学[公办],,法学,,,593,,01,,河北官方联合分数统计表为扫描PDF，本分档累计数未能稳定OCR，精确位次留空
0471,桂林电子科技大学[公办],,汉语国际教育,,,564,16810,02,,
0471,桂林电子科技大学[公办],,英语,,,560,18388,03,,
0471,桂林电子科技大学[公办],,日语,,,550,22582,04,,
0472,桂林航天工业学院[公办],,商务英语,,,533,30800,01,,
0472,桂林航天工业学院[公办],,市场营销,,,533,30800,02,,
0472,桂林航天工业学院[公办],,财务管理,,,552,21668,03,,
0472,桂林航天工业学院[公办],,国际商务,,,529,32927,04,,
0472,桂林航天工业学院[公办],,人力资源管理,,,540,27280,05,,
0472,桂林航天工业学院[公办],,物流管理,,,546,24485,06,,
0473,桂林理工大学[公办],,国际经济与贸易,,,557,19607,01,,
0473,桂林理工大学[公办],,市场营销,,,551,22095,02,,
0473,桂林理工大学[公办],,会计学,,,572,13953,03,,
0473,桂林理工大学[公办],,行政管理,,,551,22095,04,,
0474,桂林旅游学院[公办],,旅游管理(中外合作办学),,,485,59535,01,,
0474,桂林旅游学院[公办],,酒店管理(中外合作办学),,,481,62196,02,,
0475,桂林师范学院[公办],,小学教育,,,528,33434,01,,
0476,桂林医科大学[公办],,市场营销(中澳学分互认联合培养项目),,,511,43048,01,,
0480,哈尔滨工程大学[公办],,法学,,,624,,01,,河北官方联合分数统计表为扫描PDF，本分档累计数未能稳定OCR，精确位次留空
0480,哈尔滨工程大学[公办],,英语,,,613,,02,,河北官方联合分数统计表为扫描PDF，本分档累计数未能稳定OCR，精确位次留空
0480,哈尔滨工程大学[公办],,工商管理,,,614,,03,,河北官方联合分数统计表为扫描PDF，本分档累计数未能稳定OCR，精确位次留空
0482,哈尔滨工业大学[公办],,经济管理试验班,,,637,,01,,河北官方联合分数统计表为扫描PDF，本分档累计数未能稳定OCR，精确位次留空
0484,哈尔滨工业大学(深圳)[公办],,经济管理试验班,,,639,,01,,河北官方联合分数统计表为扫描PDF，本分档累计数未能稳定OCR，精确位次留空
0484,哈尔滨工业大学(深圳)[公办],,建筑类,,,622,,02,,河北官方联合分数统计表为扫描PDF，本分档累计数未能稳定OCR，精确位次留空
0485,哈尔滨工业大学(威海)[公办],,经济管理试验班,,,629,1611,01,,
0487,哈尔滨金融学院[公办],,国际经济与贸易,,,545,24943,01,,
0487,哈尔滨金融学院[公办],,市场营销,,,540,27280,02,,
0491,哈尔滨商业大学[公办],,税收学,,,586,,01,,河北官方联合分数统计表为扫描PDF，本分档累计数未能稳定OCR，精确位次留空
0491,哈尔滨商业大学[公办],,金融学,,,581,11023,02,,
0491,哈尔滨商业大学[公办],,国际经济与贸易,,,569,14990,03,,
0491,哈尔滨商业大学[公办],,法学,,,591,,04,,河北官方联合分数统计表为扫描PDF，本分档累计数未能稳定OCR，精确位次留空
0491,哈尔滨商业大学[公办],,工商管理,,,581,11023,05,,
0491,哈尔滨商业大学[公办],,市场营销,,,552,21668,06,,
0491,哈尔滨商业大学[公办],,会计学,,,602,,07,,河北官方联合分数统计表为扫描PDF，本分档累计数未能稳定OCR，精确位次留空
0491,哈尔滨商业大学[公办],,财务管理,,,593,,08,,河北官方联合分数统计表为扫描PDF，本分档累计数未能稳定OCR，精确位次留空
0491,哈尔滨商业大学[公办],,人力资源管理,,,571,14284,09,,
0491,哈尔滨商业大学[公办],,审计学,,,596,6980,10,,
0491,哈尔滨商业大学[公办],,劳动与社会保障,,,567,15706,11,,
0492,哈尔滨师范大学[公办],,思想政治教育,,,587,,01,,河北官方联合分数统计表为扫描PDF，本分档累计数未能稳定OCR，精确位次留空
0492,哈尔滨师范大学[公办],,汉语言文学,,,591,,02,,河北官方联合分数统计表为扫描PDF，本分档累计数未能稳定OCR，精确位次留空
0492,哈尔滨师范大学[公办],,英语,,,576,12601,03,,
0492,哈尔滨师范大学[公办],,法语,,,547,23983,04,,
0492,哈尔滨师范大学[公办],,西班牙语,,,546,24485,05,,
0492,哈尔滨师范大学[公办],,会计学,,,586,,06,,河北官方联合分数统计表为扫描PDF，本分档累计数未能稳定OCR，精确位次留空
0492,哈尔滨师范大学[公办],,劳动与社会保障,,,559,18763,07,,
0492,哈尔滨师范大学[公办],,旅游管理,,,551,22095,08,,
0493,哈尔滨体育学院[公办],,英语,,,526,34483,01,,
0493,哈尔滨体育学院[公办],,新闻学,,,537,28710,02,,
0495,哈尔滨学院[公办],,社会工作,,,536,29242,01,,
0495,哈尔滨学院[公办],,汉语言文学,,,567,15706,02,,
0495,哈尔滨学院[公办],,地理信息科学,,,554,20836,03,,
0496,哈尔滨医科大学[公办],,护理学,,,579,11592,01,,
0496,哈尔滨医科大学[公办],,护理学,,,579,11592,02,,
0498,哈尔滨音乐学院(按高考文化课成绩录取的艺术类专业)[公办],,艺术管理,,,520,37811,01,,
0500,哈尔滨职业技术大学[公办],,电子商务,,,519,38388,01,,
0504,海南大学(海口市)[公办],,金融学,,,612,,02,,河北官方联合分数统计表为扫描PDF，本分档累计数未能稳定OCR，精确位次留空
0504,海南大学(海口市)[公办],,国际经济与贸易,,,607,,03,,河北官方联合分数统计表为扫描PDF，本分档累计数未能稳定OCR，精确位次留空
0504,海南大学(海口市)[公办],,法学,,,624,,04,,河北官方联合分数统计表为扫描PDF，本分档累计数未能稳定OCR，精确位次留空
0504,海南大学(海口市)[公办],,汉语言文学,,,616,,05,,河北官方联合分数统计表为扫描PDF，本分档累计数未能稳定OCR，精确位次留空
0504,海南大学(海口市)[公办],,英语,,,607,,06,,河北官方联合分数统计表为扫描PDF，本分档累计数未能稳定OCR，精确位次留空
0504,海南大学(海口市)[公办],,俄语,,,601,,07,,河北官方联合分数统计表为扫描PDF，本分档累计数未能稳定OCR，精确位次留空
0504,海南大学(海口市)[公办],,日语,,,602,,08,,河北官方联合分数统计表为扫描PDF，本分档累计数未能稳定OCR，精确位次留空
0504,海南大学(海口市)[公办],,国际新闻与传播,,,608,,09,,河北官方联合分数统计表为扫描PDF，本分档累计数未能稳定OCR，精确位次留空
0504,海南大学(海口市)[公办],,工商管理,,,608,,10,,河北官方联合分数统计表为扫描PDF，本分档累计数未能稳定OCR，精确位次留空
0504,海南大学(海口市)[公办],,会计学,,,618,,11,,河北官方联合分数统计表为扫描PDF，本分档累计数未能稳定OCR，精确位次留空
0504,海南大学(海口市)[公办],,农林经济管理,,,604,,12,,河北官方联合分数统计表为扫描PDF，本分档累计数未能稳定OCR，精确位次留空
0504,海南大学(海口市)[公办],,行政管理,,,605,,13,,河北官方联合分数统计表为扫描PDF，本分档累计数未能稳定OCR，精确位次留空
0504,海南大学(海口市)[公办],,旅游管理,,,602,,14,,河北官方联合分数统计表为扫描PDF，本分档累计数未能稳定OCR，精确位次留空
0504,海南大学(海口市)[公办],,人文地理与城乡规划(中外合作办学),,,583,10447,15,,
0504,海南大学(海口市)[公办],,行政管理(中外合作办学),,,589,,16,,河北官方联合分数统计表为扫描PDF，本分档累计数未能稳定OCR，精确位次留空
0504,海南大学(海口市)[公办],,酒店管理(中外合作办学),,,561,17998,17,,
0504,海南大学(海口市)[公办],,会展经济与管理(中外合作办学),,,588,,18,,河北官方联合分数统计表为扫描PDF，本分档累计数未能稳定OCR，精确位次留空
0506,海南热带海洋学院(三亚市)[公办],,社会工作,,,532,31323,01,,
0506,海南热带海洋学院(三亚市)[公办],,汉语言文学,,,553,21243,02,,
0506,海南热带海洋学院(三亚市)[公办],,秘书学,,,541,26772,03,,
0506,海南热带海洋学院(三亚市)[公办],,俄语,,,525,35052,04,,
0506,海南热带海洋学院(三亚市)[公办],,新闻学,,,540,27280,05,,
0506,海南热带海洋学院(三亚市)[公办],,市场营销,,,528,33434,06,,
0506,海南热带海洋学院(三亚市)[公办],,财务管理,,,554,20836,07,,
0506,海南热带海洋学院(三亚市)[公办],,物流管理,,,531,31846,08,,
0506,海南热带海洋学院(三亚市)[公办],,电子商务,,,536,29242,09,,
0506,海南热带海洋学院(三亚市)[公办],,旅游管理,,,532,31323,10,,
0506,海南热带海洋学院(三亚市)[公办],,酒店管理,,,522,36684,11,,
0506,海南热带海洋学院(三亚市)[公办],,市场营销(中外合作办学),,,495,52965,12,,
0506,海南热带海洋学院(三亚市)[公办],,旅游管理(中外合作办学),,,479,63585,13,,
0508,海南师范大学(海口市)[公办],,经济学类,,,572,13953,01,,
0508,海南师范大学(海口市)[公办],,金融学,,,562,17629,02,,
0508,海南师范大学(海口市)[公办],,法学,,,596,6980,03,,
0508,海南师范大学(海口市)[公办],,思想政治教育,,,577,12264,04,,
0508,海南师范大学(海口市)[公办],,教育学类,,,558,19202,05,,
0508,海南师范大学(海口市)[公办],,小学教育(数学与科学方向),,,555,20401,06,,
0508,海南师范大学(海口市)[公办],,小学教育(中文与社会方向),,,551,22095,07,,
0508,海南师范大学(海口市)[公办],,小学教育(英语教育方向),,,562,17629,08,,
0508,海南师范大学(海口市)[公办],,汉语言文学,,,580,11284,09,,
0508,海南师范大学(海口市)[公办],,汉语国际教育,,,560,18388,10,,
0508,海南师范大学(海口市)[公办],,英语,,,573,13600,11,,
0508,海南师范大学(海口市)[公办],,日语,,,554,20836,12,,
0508,海南师范大学(海口市)[公办],,翻译,,,565,16482,13,,
0508,海南师范大学(海口市)[公办],,新闻学,,,565,16482,14,,
0508,海南师范大学(海口市)[公办],,国际新闻与传播,,,555,20401,15,,
0508,海南师范大学(海口市)[公办],,历史学,,,572,13953,16,,
0508,海南师范大学(海口市)[公办],,地理科学类,,,570,14639,17,,
0508,海南师范大学(海口市)[公办],,地理科学,,,568,15333,18,,
0508,海南师范大学(海口市)[公办],,应用心理学,,,568,15333,19,,
0508,海南师范大学(海口市)[公办],,会计学,,,577,12264,20,,
0508,海南师范大学(海口市)[公办],,电子商务,,,556,19979,21,,
0508,海南师范大学(海口市)[公办],,旅游管理,,,556,19979,22,,
0509,海南师范大学(海口市)(按高考文化课成绩录取的艺术类专业)[公办],,广播电视编导,,,544,25427,01,,
0509,海南师范大学(海口市)(按高考文化课成绩录取的艺术类专业)[公办],,广播电视编导(中外合作办学),,,502,48511,02,,
0515,邯郸学院[公办],,经济与金融,,,535,29738,01,,
0515,邯郸学院[公办],,思想政治教育,,,540,27280,02,,
0515,邯郸学院[公办],,教育学,,,532,31323,03,,
0515,邯郸学院[公办],,学前教育,,,526,34483,04,,
0515,邯郸学院[公办],,小学教育,,,536,29242,05,,
0515,邯郸学院[公办],,特殊教育,,,521,37257,06,,
0515,邯郸学院[公办],,汉语言文学,,,548,23511,07,,
0515,邯郸学院[公办],,汉语言文学,,,545,24943,08,,
0515,邯郸学院[公办],,英语,,,531,31846,09,,
0515,邯郸学院[公办],,日语,,,518,38958,10,,
0515,邯郸学院[公办],,商务英语,,,521,37257,11,,
0515,邯郸学院[公办],,历史学,,,535,29738,12,,
0515,邯郸学院[公办],,地理科学,,,535,29738,13,,
0515,邯郸学院[公办],,地理信息科学,,,532,31323,14,,
0515,邯郸学院[公办],,应用心理学,,,531,31846,15,,
0515,邯郸学院[公办],,财务管理,,,545,24943,16,,
0515,邯郸学院[公办],,文化产业管理,,,527,33954,17,,
0519,韩山师范学院[公办],,经济学,,,543,25909,02,,
0519,韩山师范学院[公办],,学前教育,,,539,27769,03,,
0519,韩山师范学院[公办],,地理科学,,,543,25909,04,,
0520,汉江师范学院[公办],,英语,,,542,26359,01,,
0522,杭州电子科技大学[公办],,金融学,,,602,,01,,河北官方联合分数统计表为扫描PDF，本分档累计数未能稳定OCR，精确位次留空
0522,杭州电子科技大学[公办],,法学,,,610,,02,,河北官方联合分数统计表为扫描PDF，本分档累计数未能稳定OCR，精确位次留空
0522,杭州电子科技大学[公办],,英语,,,596,6980,03,,
0522,杭州电子科技大学[公办],,德语,,,592,,04,,河北官方联合分数统计表为扫描PDF，本分档累计数未能稳定OCR，精确位次留空
0522,杭州电子科技大学[公办],,传播学,,,598,6445,05,,
0522,杭州电子科技大学[公办],,工商管理,,,598,6445,06,,
0523,杭州师范大学[公办],,特殊教育(经亨颐实验班),,,585,9855,01,,
0523,杭州师范大学[公办],,广播电视编导,,,578,11905,02,,
0527,合肥大学[公办],,经济学,,,571,14284,01,,
0527,合肥大学[公办],,金融学,,,572,13953,02,,
0527,合肥大学[公办],,小学教育,,,566,16100,03,,
0527,合肥大学[公办],,汉语言文学,,,586,,04,,河北官方联合分数统计表为扫描PDF，本分档累计数未能稳定OCR，精确位次留空
0527,合肥大学[公办],,英语,,,566,16100,05,,
0527,合肥大学[公办],,新闻学,,,566,16100,06,,
0527,合肥大学[公办],,旅游管理,,,560,18388,07,,
0527,合肥大学[公办],,物流管理(中外合作办学),,,535,29738,08,,
0528,合肥工业大学[公办],,法学,,,621,,01,,河北官方联合分数统计表为扫描PDF，本分档累计数未能稳定OCR，精确位次留空
0528,合肥工业大学[公办],,思想政治教育,,,617,,02,,河北官方联合分数统计表为扫描PDF，本分档累计数未能稳定OCR，精确位次留空
0528,合肥工业大学[公办],,英语,,,609,,03,,河北官方联合分数统计表为扫描PDF，本分档累计数未能稳定OCR，精确位次留空
0530,合肥工业大学(宣城校区)[公办],,英语,,,606,,01,,河北官方联合分数统计表为扫描PDF，本分档累计数未能稳定OCR，精确位次留空
0530,合肥工业大学(宣城校区)[公办],,网络与新媒体,,,607,,02,,河北官方联合分数统计表为扫描PDF，本分档累计数未能稳定OCR，精确位次留空
0533,合肥师范学院[公办],,思想政治教育,,,564,16810,01,,
0533,合肥师范学院[公办],,学前教育,,,539,27769,02,,
0533,合肥师范学院[公办],,汉语言文学,,,567,15706,03,,
0533,合肥师范学院[公办],,网络与新媒体,,,550,22582,04,,
0533,合肥师范学院[公办],,人力资源管理,,,545,24943,05,,
0537,河北北方学院[公办],,经济与金融,,,537,28710,01,,
0537,河北北方学院[公办],,思想政治教育,,,545,24943,02,,
0537,河北北方学院[公办],,学前教育,,,522,36684,03,,
0537,河北北方学院[公办],,汉语言文学,,,548,23511,04,,
0537,河北北方学院[公办],,汉语国际教育,,,531,31846,05,,
0537,河北北方学院[公办],,英语,,,532,31323,06,,
0537,河北北方学院[公办],,俄语,,,518,38958,07,,
0537,河北北方学院[公办],,日语,,,517,39505,08,,
0537,河北北方学院[公办],,商务英语,,,525,35052,09,,
0537,河北北方学院[公办],,历史学,,,534,30243,10,,
0537,河北北方学院[公办],,应用心理学,,,526,34483,11,,
0537,河北北方学院[公办],,中医学,,,563,17236,12,,
0537,河北北方学院[公办],,针灸推拿学,,,560,18388,13,,
0537,河北北方学院[公办],,财务管理,,,549,23040,14,,
0537,河北北方学院[公办],,人力资源管理,,,529,32927,15,,
0537,河北北方学院[公办],,农林经济管理,,,525,35052,16,,
0537,河北北方学院[公办],,戏剧影视文学,,,511,43048,17,,
0539,河北大学(保定市)[公办],,哲学,,,584,10128,01,,
0539,河北大学(保定市)[公办],,经济学,,,595,,02,,河北官方联合分数统计表为扫描PDF，本分档累计数未能稳定OCR，精确位次留空
0539,河北大学(保定市)[公办],,财政学,,,602,,03,,河北官方联合分数统计表为扫描PDF，本分档累计数未能稳定OCR，精确位次留空
0539,河北大学(保定市)[公办],,金融学,,,593,,04,,河北官方联合分数统计表为扫描PDF，本分档累计数未能稳定OCR，精确位次留空
0539,河北大学(保定市)[公办],,保险学,,,576,12601,05,,
0539,河北大学(保定市)[公办],,国际经济与贸易,,,583,10447,06,,
0539,河北大学(保定市)[公办],,法学,,,609,,07,,河北官方联合分数统计表为扫描PDF，本分档累计数未能稳定OCR，精确位次留空
0539,河北大学(保定市)[公办],,社会工作,,,577,12264,08,,
0539,河北大学(保定市)[公办],,教育学,,,592,,09,,河北官方联合分数统计表为扫描PDF，本分档累计数未能稳定OCR，精确位次留空
0539,河北大学(保定市)[公办],,学前教育,,,568,15333,10,,
0539,河北大学(保定市)[公办],,中国语言文学类,,,600,,11,,河北官方联合分数统计表为扫描PDF，本分档累计数未能稳定OCR，精确位次留空
0539,河北大学(保定市)[公办],,英语,,,588,,12,,河北官方联合分数统计表为扫描PDF，本分档累计数未能稳定OCR，精确位次留空
0539,河北大学(保定市)[公办],,俄语,,,573,13600,13,,
0539,河北大学(保定市)[公办],,法语,,,568,15333,14,,
0539,河北大学(保定市)[公办],,日语,,,574,13269,15,,
0539,河北大学(保定市)[公办],,新闻传播学类,,,587,,16,,河北官方联合分数统计表为扫描PDF，本分档累计数未能稳定OCR，精确位次留空
0539,河北大学(保定市)[公办],,广告学,,,577,12264,17,,
0539,河北大学(保定市)[公办],,历史学类,,,585,9855,18,,
0539,河北大学(保定市)[公办],,建筑学,,,567,15706,19,,
0539,河北大学(保定市)[公办],,中医学,,,591,,20,,河北官方联合分数统计表为扫描PDF，本分档累计数未能稳定OCR，精确位次留空
0539,河北大学(保定市)[公办],,护理学,,,562,17629,21,,
0539,河北大学(保定市)[公办],,会计学,,,606,,22,,河北官方联合分数统计表为扫描PDF，本分档累计数未能稳定OCR，精确位次留空
0539,河北大学(保定市)[公办],,财务管理,,,605,,23,,河北官方联合分数统计表为扫描PDF，本分档累计数未能稳定OCR，精确位次留空
0539,河北大学(保定市)[公办],,人力资源管理,,,590,,24,,河北官方联合分数统计表为扫描PDF，本分档累计数未能稳定OCR，精确位次留空
0539,河北大学(保定市)[公办],,劳动与社会保障,,,580,11284,25,,
0539,河北大学(保定市)[公办],,图书馆学,,,581,11023,26,,
0539,河北大学(保定市)[公办],,档案学,,,585,9855,27,,
0539,河北大学(保定市)[公办],,旅游管理,,,573,13600,28,,
0539,河北大学(保定市)[公办],,广播电视学(中外合作办学),,,522,36684,29,,
0539,河北大学(保定市)[公办],,广告学(中外合作办学),,,520,37811,30,,
0539,河北大学(保定市)[公办],,人力资源管理(中外合作办学),,,542,26359,31,,
0540,河北大学(保定市)(按高考文化课成绩录取的艺术类专业)[公办],,戏剧影视文学,,,548,23511,01,,
0540,河北大学(保定市)(按高考文化课成绩录取的艺术类专业)[公办],,戏剧影视文学(中外合作办学),,,502,48511,02,,
0541,河北大学(保定市)(地方专项计划)[公办],,哲学,,,577,12264,01,,
0541,河北大学(保定市)(地方专项计划)[公办],,国际经济与贸易,,,578,11905,02,,
0541,河北大学(保定市)(地方专项计划)[公办],,社会工作,,,574,13269,03,,
0541,河北大学(保定市)(地方专项计划)[公办],,教育学,,,576,12601,04,,
0541,河北大学(保定市)(地方专项计划)[公办],,中国语言文学类,,,595,,05,,河北官方联合分数统计表为扫描PDF，本分档累计数未能稳定OCR，精确位次留空
0541,河北大学(保定市)(地方专项计划)[公办],,英语,,,583,10447,06,,
0541,河北大学(保定市)(地方专项计划)[公办],,俄语,,,563,17236,07,,
0541,河北大学(保定市)(地方专项计划)[公办],,日语,,,564,16810,08,,
0541,河北大学(保定市)(地方专项计划)[公办],,新闻传播学类,,,579,11592,09,,
0541,河北大学(保定市)(地方专项计划)[公办],,历史学类,,,575,12935,10,,
0541,河北大学(保定市)(地方专项计划)[公办],,人力资源管理,,,576,12601,11,,
0541,河北大学(保定市)(地方专项计划)[公办],,劳动与社会保障,,,573,13600,12,,
0541,河北大学(保定市)(地方专项计划)[公办],,图书馆学,,,571,14284,13,,
0541,河北大学(保定市)(地方专项计划)[公办],,档案学,,,574,13269,14,,
0541,河北大学(保定市)(地方专项计划)[公办],,旅游管理,,,569,14990,15,,
0542,河北大学(保定市)(国际本科学术互认课程项目)[公办],,金融学,,,565,16482,01,,
0542,河北大学(保定市)(国际本科学术互认课程项目)[公办],,国际经济与贸易,,,551,22095,02,,
0542,河北大学(保定市)(国际本科学术互认课程项目)[公办],,新闻学,,,551,22095,03,,
0545,河北大学(少数民族预科班)[公办],,本科预科班,,,562,17629,01,,
0546,河北地质大学[公办],,经济学类,,,568,15333,02,,
0546,河北地质大学[公办],,法学,,,580,11284,03,,
0546,河北地质大学[公办],,汉语国际教育,,,564,16810,04,,
0546,河北地质大学[公办],,英语,,,567,15706,05,,
0546,河北地质大学[公办],,法语,,,551,22095,06,,
0546,河北地质大学[公办],,广告学,,,557,19607,07,,
0546,河北地质大学[公办],,工商管理类,,,557,19607,08,,
0546,河北地质大学[公办],,工商管理类,,,575,12935,09,,
0546,河北地质大学[公办],,公共管理类,,,556,19979,10,,
0546,河北地质大学[公办],,物流管理,,,554,20836,11,,
0546,河北地质大学[公办],,电子商务,,,554,20836,12,,
0546,河北地质大学[公办],,金融学(中外合作办学),,,534,30243,13,,
0547,河北地质大学(地方专项计划)[公办],,经济学类,,,562,17629,01,,
0547,河北地质大学(地方专项计划)[公办],,英语,,,561,17998,02,,
0547,河北地质大学(地方专项计划)[公办],,工商管理类,,,555,20401,03,,
0550,河北工程大学(地方专项计划)[公办],,经济学,,,569,14990,01,,
0550,河北工程大学(地方专项计划)[公办],,国际经济与贸易,,,563,17236,02,,
0550,河北工程大学(地方专项计划)[公办],,法学,,,589,,03,,河北官方联合分数统计表为扫描PDF，本分档累计数未能稳定OCR，精确位次留空
0550,河北工程大学(地方专项计划)[公办],,汉语国际教育,,,563,17236,04,,
0550,河北工程大学(地方专项计划)[公办],,文物与博物馆学,,,570,14639,05,,
0550,河北工程大学(地方专项计划)[公办],,工商管理,,,565,16482,06,,
0550,河北工程大学(地方专项计划)[公办],,会计学,,,575,12935,07,,
0552,河北工程大学(邯郸市)[公办],,经济学,,,574,13269,01,,
0552,河北工程大学(邯郸市)[公办],,国际经济与贸易,,,570,14639,02,,
0552,河北工程大学(邯郸市)[公办],,法学,,,590,,03,,河北官方联合分数统计表为扫描PDF，本分档累计数未能稳定OCR，精确位次留空
0552,河北工程大学(邯郸市)[公办],,汉语国际教育,,,568,15333,04,,
0552,河北工程大学(邯郸市)[公办],,文物与博物馆学,,,564,16810,05,,
0552,河北工程大学(邯郸市)[公办],,建筑学,,,561,17998,06,,
0552,河北工程大学(邯郸市)[公办],,城乡规划,,,558,19202,07,,
0552,河北工程大学(邯郸市)[公办],,风景园林,,,557,19607,08,,
0552,河北工程大学(邯郸市)[公办],,护理学,,,538,28223,09,,
0552,河北工程大学(邯郸市)[公办],,工商管理,,,572,13953,10,,
0552,河北工程大学(邯郸市)[公办],,会计学,,,585,9855,11,,
0554,河北工业大学(地方专项计划)[公办],,法学,,,619,,01,,河北官方联合分数统计表为扫描PDF，本分档累计数未能稳定OCR，精确位次留空
0554,河北工业大学(地方专项计划)[公办],,思想政治教育,,,609,,02,,河北官方联合分数统计表为扫描PDF，本分档累计数未能稳定OCR，精确位次留空
0554,河北工业大学(地方专项计划)[公办],,汉语国际教育,,,603,,03,,河北官方联合分数统计表为扫描PDF，本分档累计数未能稳定OCR，精确位次留空
0554,河北工业大学(地方专项计划)[公办],,英语,,,603,,04,,河北官方联合分数统计表为扫描PDF，本分档累计数未能稳定OCR，精确位次留空
0554,河北工业大学(地方专项计划)[公办],,法语,,,601,,05,,河北官方联合分数统计表为扫描PDF，本分档累计数未能稳定OCR，精确位次留空
0554,河北工业大学(地方专项计划)[公办],,日语,,,600,,06,,河北官方联合分数统计表为扫描PDF，本分档累计数未能稳定OCR，精确位次留空
0554,河北工业大学(地方专项计划)[公办],,公共事业管理,,,605,,07,,河北官方联合分数统计表为扫描PDF，本分档累计数未能稳定OCR，精确位次留空
0557,河北工业大学(少数民族预科班)[公办],,本科预科班,,,589,,01,,河北官方联合分数统计表为扫描PDF，本分档累计数未能稳定OCR，精确位次留空
0558,河北工业大学(天津市)[公办],,法学,,,623,,01,,河北官方联合分数统计表为扫描PDF，本分档累计数未能稳定OCR，精确位次留空
0558,河北工业大学(天津市)[公办],,思想政治教育,,,616,,02,,河北官方联合分数统计表为扫描PDF，本分档累计数未能稳定OCR，精确位次留空
0558,河北工业大学(天津市)[公办],,汉语国际教育,,,612,,03,,河北官方联合分数统计表为扫描PDF，本分档累计数未能稳定OCR，精确位次留空
0558,河北工业大学(天津市)[公办],,英语,,,608,,04,,河北官方联合分数统计表为扫描PDF，本分档累计数未能稳定OCR，精确位次留空
0558,河北工业大学(天津市)[公办],,法语,,,603,,05,,河北官方联合分数统计表为扫描PDF，本分档累计数未能稳定OCR，精确位次留空
0558,河北工业大学(天津市)[公办],,日语,,,604,,06,,河北官方联合分数统计表为扫描PDF，本分档累计数未能稳定OCR，精确位次留空
0558,河北工业大学(天津市)[公办],,公共事业管理,,,611,,07,,河北官方联合分数统计表为扫描PDF，本分档累计数未能稳定OCR，精确位次留空
0561,河北工业职业技术大学(石家庄市)[公办],,建筑设计,,,516,40076,01,,
0561,河北工业职业技术大学(石家庄市)[公办],,医养照护与管理,,,518,38958,02,,
0561,河北工业职业技术大学(石家庄市)[公办],,金融科技应用,,,522,36684,03,,
0561,河北工业职业技术大学(石家庄市)[公办],,大数据与会计,,,532,31323,04,,
0561,河北工业职业技术大学(石家庄市)[公办],,国际经济与贸易,,,519,38388,05,,
0561,河北工业职业技术大学(石家庄市)[公办],,电子商务,,,518,38958,06,,
0561,河北工业职业技术大学(石家庄市)[公办],,现代物流管理,,,518,38958,07,,
0561,河北工业职业技术大学(石家庄市)[公办],,现代家政管理,,,516,40076,08,,
0567,河北环境工程学院(秦皇岛市)[公办],,新闻学,,,529,32927,01,,
0567,河北环境工程学院(秦皇岛市)[公办],,网络与新媒体,,,529,32927,02,,
0567,河北环境工程学院(秦皇岛市)[公办],,园林,,,511,43048,03,,
0567,河北环境工程学院(秦皇岛市)[公办],,市场营销,,,519,38388,04,,
0567,河北环境工程学院(秦皇岛市)[公办],,国际商务,,,518,38958,05,,
0567,河北环境工程学院(秦皇岛市)[公办],,物流管理,,,520,37811,06,,
0567,河北环境工程学院(秦皇岛市)[公办],,会展经济与管理,,,518,38958,07,,
0567,河北环境工程学院(秦皇岛市)[公办],,旅游管理与服务教育,,,517,39505,08,,
0570,河北建筑工程学院(张家口市)[公办],,英语,,,528,33434,01,,
0570,河北建筑工程学院(张家口市)[公办],,德语,,,516,40076,02,,
0570,河北建筑工程学院(张家口市)[公办],,建筑学,,,522,36684,03,,
0570,河北建筑工程学院(张家口市)[公办],,城乡规划,,,526,34483,04,,
0570,河北建筑工程学院(张家口市)[公办],,风景园林,,,521,37257,05,,
0572,河北金融学院(爱尔兰校区)[公办],,金融学,,,478,64257,01,,
0572,河北金融学院(爱尔兰校区)[公办],,会计学,,,477,64897,02,,
0573,河北金融学院(保定市)[公办],,经济学,,,554,20836,01,,
0573,河北金融学院(保定市)[公办],,财政学,,,558,19202,02,,
0573,河北金融学院(保定市)[公办],,税收学,,,556,19979,03,,
0573,河北金融学院(保定市)[公办],,金融学,,,560,18388,04,,
0573,河北金融学院(保定市)[公办],,保险学,,,554,20836,05,,
0573,河北金融学院(保定市)[公办],,投资学,,,548,23511,06,,
0573,河北金融学院(保定市)[公办],,信用管理,,,545,24943,07,,
0573,河北金融学院(保定市)[公办],,国际经济与贸易,,,547,23983,08,,
0573,河北金融学院(保定市)[公办],,法学,,,562,17629,09,,
0573,河北金融学院(保定市)[公办],,知识产权,,,554,20836,10,,
0573,河北金融学院(保定市)[公办],,英语,,,540,27280,11,,
0573,河北金融学院(保定市)[公办],,商务英语,,,537,28710,12,,
0573,河北金融学院(保定市)[公办],,工商管理,,,550,22582,13,,
0573,河北金融学院(保定市)[公办],,工商管理,,,550,22582,14,,
0573,河北金融学院(保定市)[公办],,会计学,,,570,14639,15,,
0573,河北金融学院(保定市)[公办],,会计学,,,573,13600,16,,
0573,河北金融学院(保定市)[公办],,会计学,,,575,12935,17,,
0573,河北金融学院(保定市)[公办],,财务管理,,,561,17998,18,,
0573,河北金融学院(保定市)[公办],,人力资源管理,,,542,26359,19,,
0573,河北金融学院(保定市)[公办],,审计学,,,564,16810,20,,
0573,河北金融学院(保定市)[公办],,供应链管理,,,544,25427,21,,
0573,河北金融学院(保定市)[公办],,电子商务,,,545,24943,22,,
0573,河北金融学院(保定市)[公办],,金融学(中外合作办学),,,532,31323,23,,
0573,河北金融学院(保定市)[公办],,会计学(中外合作办学),,,547,23983,24,,
0573,河北金融学院(保定市)[公办],,财务管理(中外合作办学),,,538,28223,25,,
0574,河北经贸大学[公办],,经济学,,,577,12264,01,,
0574,河北经贸大学[公办],,财政学,,,581,11023,02,,
0574,河北经贸大学[公办],,税收学,,,576,12601,03,,
0574,河北经贸大学[公办],,金融学,,,574,13269,04,,
0574,河北经贸大学[公办],,保险学,,,562,17629,05,,
0574,河北经贸大学[公办],,投资学,,,563,17236,06,,
0574,河北经贸大学[公办],,国际经济与贸易,,,563,17236,07,,
0574,河北经贸大学[公办],,贸易经济,,,567,15706,08,,
0574,河北经贸大学[公办],,法学,,,594,,09,,河北官方联合分数统计表为扫描PDF，本分档累计数未能稳定OCR，精确位次留空
0574,河北经贸大学[公办],,汉语言文学,,,584,10128,10,,
0574,河北经贸大学[公办],,汉语国际教育,,,569,14990,11,,
0574,河北经贸大学[公办],,英语,,,568,15333,12,,
0574,河北经贸大学[公办],,商务英语,,,559,18763,13,,
0574,河北经贸大学[公办],,新闻学,,,568,15333,14,,
0574,河北经贸大学[公办],,网络与新媒体,,,561,17998,15,,
0574,河北经贸大学[公办],,工商管理,,,566,16100,16,,
0574,河北经贸大学[公办],,市场营销,,,555,20401,17,,
0574,河北经贸大学[公办],,会计学,,,591,,18,,河北官方联合分数统计表为扫描PDF，本分档累计数未能稳定OCR，精确位次留空
0574,河北经贸大学[公办],,财务管理,,,589,,19,,河北官方联合分数统计表为扫描PDF，本分档累计数未能稳定OCR，精确位次留空
0574,河北经贸大学[公办],,人力资源管理,,,558,19202,20,,
0574,河北经贸大学[公办],,审计学,,,589,,21,,河北官方联合分数统计表为扫描PDF，本分档累计数未能稳定OCR，精确位次留空
0574,河北经贸大学[公办],,资产评估,,,565,16482,22,,
0574,河北经贸大学[公办],,行政管理,,,564,16810,23,,
0574,河北经贸大学[公办],,劳动与社会保障,,,558,19202,24,,
0574,河北经贸大学[公办],,土地资源管理,,,555,20401,25,,
0574,河北经贸大学[公办],,旅游管理,,,553,21243,26,,
0574,河北经贸大学[公办],,酒店管理,,,551,22095,27,,
0574,河北经贸大学[公办],,会展经济与管理,,,552,21668,28,,
0574,河北经贸大学[公办],,贸易经济(中外合作办学),,,524,35601,29,,
0574,河北经贸大学[公办],,财务管理(中外合作办学),,,538,28223,30,,
0575,河北经贸大学(地方专项计划)[公办],,经济学,,,574,13269,01,,
0575,河北经贸大学(地方专项计划)[公办],,税收学,,,576,12601,02,,
0575,河北经贸大学(地方专项计划)[公办],,投资学,,,560,18388,03,,
0575,河北经贸大学(地方专项计划)[公办],,国际经济与贸易,,,566,16100,04,,
0575,河北经贸大学(地方专项计划)[公办],,法学,,,594,,05,,河北官方联合分数统计表为扫描PDF，本分档累计数未能稳定OCR，精确位次留空
0575,河北经贸大学(地方专项计划)[公办],,汉语言文学,,,588,,06,,河北官方联合分数统计表为扫描PDF，本分档累计数未能稳定OCR，精确位次留空
0575,河北经贸大学(地方专项计划)[公办],,商务英语,,,559,18763,07,,
0575,河北经贸大学(地方专项计划)[公办],,新闻学,,,570,14639,08,,
0575,河北经贸大学(地方专项计划)[公办],,工商管理,,,572,13953,09,,
0575,河北经贸大学(地方专项计划)[公办],,财务管理,,,585,9855,10,,
0575,河北经贸大学(地方专项计划)[公办],,人力资源管理,,,562,17629,11,,
0575,河北经贸大学(地方专项计划)[公办],,审计学,,,585,9855,12,,
0575,河北经贸大学(地方专项计划)[公办],,行政管理,,,562,17629,13,,
0575,河北经贸大学(地方专项计划)[公办],,劳动与社会保障,,,556,19979,14,,
0575,河北经贸大学(地方专项计划)[公办],,旅游管理,,,554,20836,15,,
0576,河北经贸大学(国际本科学术互认课程项目)[公办],,会计学,,,563,17236,01,,
0578,河北经贸大学(少数民族预科班)[公办],,本科预科班,,,548,23511,01,,
0579,河北科技大学[公办],,法学,,,588,,01,,河北官方联合分数统计表为扫描PDF，本分档累计数未能稳定OCR，精确位次留空
0579,河北科技大学[公办],,社会工作,,,564,16810,02,,
0579,河北科技大学[公办],,汉语言文学,,,579,11592,03,,
0579,河北科技大学[公办],,英语,,,560,18388,04,,
0579,河北科技大学[公办],,法语,,,554,20836,05,,
0579,河北科技大学[公办],,翻译,,,556,19979,06,,
0579,河北科技大学[公办],,网络与新媒体,,,560,18388,07,,
0579,河北科技大学[公办],,工商管理,,,572,13953,08,,
0580,河北科技大学(地方专项计划)[公办],,法学,,,581,11023,01,,
0580,河北科技大学(地方专项计划)[公办],,社会工作,,,552,21668,02,,
0580,河北科技大学(地方专项计划)[公办],,汉语言文学,,,577,12264,03,,
0580,河北科技大学(地方专项计划)[公办],,英语,,,569,14990,04,,
0580,河北科技大学(地方专项计划)[公办],,翻译,,,555,20401,05,,
0580,河北科技大学(地方专项计划)[公办],,网络与新媒体,,,560,18388,06,,
0580,河北科技大学(地方专项计划)[公办],,工商管理,,,564,16810,07,,
0580,河北科技大学(地方专项计划)[公办],,电子商务,,,553,21243,08,,
0582,河北科技大学(少数民族预科班)[公办],,本科预科班,,,546,24485,01,,
0583,河北科技工程职业技术大学[公办],,服装工程技术,,,512,42421,01,,
0583,河北科技工程职业技术大学[公办],,汽车服务工程技术,,,513,41828,02,,
0583,河北科技工程职业技术大学[公办],,大数据与财务管理,,,526,34483,03,,
0583,河北科技工程职业技术大学[公办],,全媒体电商运营,,,513,41828,04,,
0583,河北科技工程职业技术大学[公办],,现代物流管理,,,515,40662,05,,
0584,河北科技师范学院(秦皇岛市)[公办],,法学,,,572,13953,01,,
0584,河北科技师范学院(秦皇岛市)[公办],,知识产权,,,551,22095,02,,
0584,河北科技师范学院(秦皇岛市)[公办],,学前教育,,,537,28710,03,,
0584,河北科技师范学院(秦皇岛市)[公办],,小学教育,,,550,22582,04,,
0584,河北科技师范学院(秦皇岛市)[公办],,汉语言文学,,,569,14990,05,,
0584,河北科技师范学院(秦皇岛市)[公办],,汉语国际教育,,,539,27769,06,,
0584,河北科技师范学院(秦皇岛市)[公办],,英语,,,548,23511,07,,
0584,河北科技师范学院(秦皇岛市)[公办],,西班牙语,,,527,33954,08,,
0584,河北科技师范学院(秦皇岛市)[公办],,意大利语,,,525,35052,09,,
0584,河北科技师范学院(秦皇岛市)[公办],,应用心理学,,,536,29242,10,,
0584,河北科技师范学院(秦皇岛市)[公办],,城乡规划,,,529,32927,11,,
0584,河北科技师范学院(秦皇岛市)[公办],,市场营销,,,530,32409,12,,
0584,河北科技师范学院(秦皇岛市)[公办],,财务管理,,,554,20836,13,,
0584,河北科技师范学院(秦皇岛市)[公办],,人力资源管理,,,539,27769,14,,
0584,河北科技师范学院(秦皇岛市)[公办],,财务会计教育,,,547,23983,15,,
0584,河北科技师范学院(秦皇岛市)[公办],,农村区域发展,,,527,33954,16,,
0584,河北科技师范学院(秦皇岛市)[公办],,物流管理,,,533,30800,17,,
0587,河北民族师范学院(承德市)[公办],,经济与金融,,,535,29738,01,,
0587,河北民族师范学院(承德市)[公办],,民族学,,,524,35601,02,,
0587,河北民族师范学院(承德市)[公办],,思想政治教育,,,542,26359,03,,
0587,河北民族师范学院(承德市)[公办],,学前教育,,,522,36684,04,,
0587,河北民族师范学院(承德市)[公办],,小学教育,,,532,31323,05,,
0587,河北民族师范学院(承德市)[公办],,汉语言文学,,,553,21243,06,,
0587,河北民族师范学院(承德市)[公办],,英语,,,531,31846,07,,
0587,河北民族师范学院(承德市)[公办],,翻译,,,523,36127,08,,
0587,河北民族师范学院(承德市)[公办],,新闻学,,,531,31846,09,,
0587,河北民族师范学院(承德市)[公办],,历史学,,,536,29242,10,,
0587,河北民族师范学院(承德市)[公办],,地理科学,,,533,30800,11,,
0587,河北民族师范学院(承德市)[公办],,人力资源管理,,,528,33434,12,,
0587,河北民族师范学院(承德市)[公办],,文化产业管理,,,523,36127,13,,
0587,河北民族师范学院(承德市)[公办],,电子商务,,,522,36684,14,,
0587,河北民族师范学院(承德市)[公办],,旅游管理,,,520,37811,15,,
0588,河北民族师范学院(承德市)(国际本科学术互认课程项目)[公办],,财务管理,,,510,43673,01,,
0591,河北农业大学(保定校区)[公办],,经济学,,,569,14990,01,,
0591,河北农业大学(保定校区)[公办],,金融学,,,565,16482,02,,
0591,河北农业大学(保定校区)[公办],,国际经济与贸易,,,562,17629,03,,
0591,河北农业大学(保定校区)[公办],,法学,,,586,,04,,河北官方联合分数统计表为扫描PDF，本分档累计数未能稳定OCR，精确位次留空
0591,河北农业大学(保定校区)[公办],,汉语言文学,,,579,11592,05,,
0591,河北农业大学(保定校区)[公办],,外国语言文学类,,,553,21243,06,,
0591,河北农业大学(保定校区)[公办],,城乡规划,,,554,20836,07,,
0591,河北农业大学(保定校区)[公办],,风景园林,,,551,22095,08,,
0591,河北农业大学(保定校区)[公办],,园林,,,541,26772,09,,
0591,河北农业大学(保定校区)[公办],,工商管理,,,563,17236,10,,
0591,河北农业大学(保定校区)[公办],,会计学,,,578,11905,11,,
0591,河北农业大学(保定校区)[公办],,财务管理,,,575,12935,12,,
0591,河北农业大学(保定校区)[公办],,农林经济管理,,,554,20836,13,,
0591,河北农业大学(保定校区)[公办],,行政管理,,,557,19607,14,,
0591,河北农业大学(保定校区)[公办],,土地资源管理,,,552,21668,15,,
0592,河北农业大学(地方专项计划)[公办],,经济学,,,566,16100,01,,
0592,河北农业大学(地方专项计划)[公办],,金融学,,,564,16810,02,,
0592,河北农业大学(地方专项计划)[公办],,国际经济与贸易,,,556,19979,03,,
0592,河北农业大学(地方专项计划)[公办],,法学,,,582,10728,04,,
0592,河北农业大学(地方专项计划)[公办],,汉语言文学,,,577,12264,05,,
0592,河北农业大学(地方专项计划)[公办],,外国语言文学类,,,552,21668,06,,
0592,河北农业大学(地方专项计划)[公办],,工商管理,,,560,18388,07,,
0592,河北农业大学(地方专项计划)[公办],,会计学,,,576,12601,08,,
0592,河北农业大学(地方专项计划)[公办],,财务管理,,,573,13600,09,,
0592,河北农业大学(地方专项计划)[公办],,农林经济管理,,,555,20401,10,,
0592,河北农业大学(地方专项计划)[公办],,土地资源管理,,,553,21243,11,,
0595,河北农业大学(少数民族预科班)[公办],,本科预科班,,,545,24943,01,,
0600,河北师范大学[公办],,国际经济与贸易,,,574,13269,01,,
0600,河北师范大学[公办],,法学,,,603,,02,,河北官方联合分数统计表为扫描PDF，本分档累计数未能稳定OCR，精确位次留空
0600,河北师范大学[公办],,法学(涉外法治),,,599,6241,03,,
0600,河北师范大学[公办],,政治学与行政学,,,579,11592,04,,
0600,河北师范大学[公办],,家政学,,,567,15706,05,,
0600,河北师范大学[公办],,思想政治教育,,,591,,06,,河北官方联合分数统计表为扫描PDF，本分档累计数未能稳定OCR，精确位次留空
0600,河北师范大学[公办],,马克思主义理论,,,588,,07,,河北官方联合分数统计表为扫描PDF，本分档累计数未能稳定OCR，精确位次留空
0600,河北师范大学[公办],,教育学,,,580,11284,08,,
0600,河北师范大学[公办],,学前教育,,,566,16100,09,,
0600,河北师范大学[公办],,小学教育,,,573,13600,10,,
0600,河北师范大学[公办],,运动康复,,,564,16810,11,,
0600,河北师范大学[公办],,汉语言文学,,,593,,12,,河北官方联合分数统计表为扫描PDF，本分档累计数未能稳定OCR，精确位次留空
0600,河北师范大学[公办],,汉语言,,,591,,13,,河北官方联合分数统计表为扫描PDF，本分档累计数未能稳定OCR，精确位次留空
0600,河北师范大学[公办],,汉语国际教育,,,576,12601,14,,
0600,河北师范大学[公办],,英语,,,588,,15,,河北官方联合分数统计表为扫描PDF，本分档累计数未能稳定OCR，精确位次留空
0600,河北师范大学[公办],,英语,,,579,11592,16,,
0600,河北师范大学[公办],,俄语,,,560,18388,17,,
0600,河北师范大学[公办],,日语,,,563,17236,18,,
0600,河北师范大学[公办],,翻译,,,572,13953,19,,
0600,河北师范大学[公办],,新闻学,,,576,12601,20,,
0600,河北师范大学[公办],,广告学,,,567,15706,21,,
0600,河北师范大学[公办],,历史学,,,585,9855,22,,
0600,河北师范大学[公办],,考古学,,,573,13600,23,,
0600,河北师范大学[公办],,地理科学,,,580,11284,24,,
0600,河北师范大学[公办],,人文地理与城乡规划,,,576,12601,25,,
0600,河北师范大学[公办],,地理信息科学,,,583,10447,26,,
0600,河北师范大学[公办],,会计学,,,594,,27,,河北官方联合分数统计表为扫描PDF，本分档累计数未能稳定OCR，精确位次留空
0600,河北师范大学[公办],,人力资源管理,,,572,13953,28,,
0600,河北师范大学[公办],,行政管理,,,575,12935,29,,
0600,河北师范大学[公办],,广播电视编导,,,556,19979,30,,
0600,河北师范大学[公办],,翻译(中外合作办学),,,514,41275,31,,
0601,河北师范大学(地方专项计划)[公办],,国际经济与贸易,,,575,12935,01,,
0601,河北师范大学(地方专项计划)[公办],,法学,,,600,,02,,河北官方联合分数统计表为扫描PDF，本分档累计数未能稳定OCR，精确位次留空
0601,河北师范大学(地方专项计划)[公办],,家政学,,,566,16100,03,,
0601,河北师范大学(地方专项计划)[公办],,思想政治教育,,,593,,04,,河北官方联合分数统计表为扫描PDF，本分档累计数未能稳定OCR，精确位次留空
0601,河北师范大学(地方专项计划)[公办],,教育学,,,580,11284,05,,
0601,河北师范大学(地方专项计划)[公办],,学前教育,,,567,15706,06,,
0601,河北师范大学(地方专项计划)[公办],,汉语言文学,,,593,,07,,河北官方联合分数统计表为扫描PDF，本分档累计数未能稳定OCR，精确位次留空
0601,河北师范大学(地方专项计划)[公办],,汉语国际教育,,,575,12935,08,,
0601,河北师范大学(地方专项计划)[公办],,英语,,,584,10128,09,,
0601,河北师范大学(地方专项计划)[公办],,新闻学,,,576,12601,10,,
0601,河北师范大学(地方专项计划)[公办],,广告学,,,570,14639,11,,
0601,河北师范大学(地方专项计划)[公办],,历史学,,,585,9855,12,,
0601,河北师范大学(地方专项计划)[公办],,地理科学,,,585,9855,13,,
0601,河北师范大学(地方专项计划)[公办],,会计学,,,596,6980,14,,
0601,河北师范大学(地方专项计划)[公办],,人力资源管理,,,574,13269,15,,
0601,河北师范大学(地方专项计划)[公办],,广播电视编导,,,559,18763,16,,
0604,河北师范大学(少数民族预科班)[公办],,本科预科班,,,557,19607,01,,
0606,河北石油职业技术大学[公办],,大数据与会计,,,528,33434,01,,
0606,河北石油职业技术大学[公办],,市场营销,,,517,39505,02,,
0606,河北石油职业技术大学[公办],,酒店管理,,,516,40076,03,,
0607,河北水利电力学院[公办],,经济与金融,,,533,30800,01,,
0607,河北水利电力学院[公办],,商务英语,,,523,36127,02,,
0607,河北水利电力学院[公办],,网络与新媒体,,,534,30243,03,,
0607,河北水利电力学院[公办],,财务管理,,,540,27280,04,,
0607,河北水利电力学院[公办],,国际商务,,,519,38388,05,,
0607,河北水利电力学院[公办],,审计学,,,542,26359,06,,
0607,河北水利电力学院[公办],,跨境电子商务,,,519,38388,07,,
0609,河北体育学院[公办],,学前教育,,,521,37257,01,,
0609,河北体育学院[公办],,体育经济与管理,,,516,40076,02,,
0610,河北医科大学[公办],,护理学,,,560,18388,01,,
0610,河北医科大学[公办],,健康服务与管理,,,567,15706,02,,
0611,河北医科大学(地方专项计划)[公办],,护理学,,,535,29738,01,,
0617,河北中医药大学[公办],,汉语国际教育,,,557,19607,01,,
0617,河北中医药大学[公办],,应用心理学,,,560,18388,02,,
0617,河北中医药大学[公办],,中医学(5+3一体化),,,611,,03,,河北官方联合分数统计表为扫描PDF，本分档累计数未能稳定OCR，精确位次留空
0617,河北中医药大学[公办],,中医学,,,596,6980,04,,
0617,河北中医药大学[公办],,针灸推拿学,,,583,10447,05,,
0617,河北中医药大学[公办],,中医养生学,,,578,11905,06,,
0617,河北中医药大学[公办],,中医儿科学,,,583,10447,07,,
0617,河北中医药大学[公办],,护理学,,,537,28710,08,,
0617,河北中医药大学[公办],,助产学,,,536,29242,09,,
0617,河北中医药大学[公办],,健康服务与管理,,,554,20836,10,,
0618,河北中医药大学(地方专项计划)[公办],,中医学,,,589,,01,,河北官方联合分数统计表为扫描PDF，本分档累计数未能稳定OCR，精确位次留空
0618,河北中医药大学(地方专项计划)[公办],,针灸推拿学,,,573,13600,02,,
0618,河北中医药大学(地方专项计划)[公办],,中医儿科学,,,570,14639,03,,
0622,河池学院[公办],,思想政治教育,,,533,30800,01,,
0622,河池学院[公办],,新闻学,,,524,35601,02,,
0622,河池学院[公办],,市场营销,,,517,39505,03,,
0622,河池学院[公办],,行政管理,,,523,36127,04,,
0623,河海大学[公办],,法学,,,628,1697,02,,
0623,河海大学[公办],,思想政治教育,,,623,,03,,河北官方联合分数统计表为扫描PDF，本分档累计数未能稳定OCR，精确位次留空
0623,河海大学[公办],,英语(全球胜任力与国际水生态文明创新班),,,615,,04,,河北官方联合分数统计表为扫描PDF，本分档累计数未能稳定OCR，精确位次留空
0623,河海大学[公办],,市场营销(数智营销方向),,,615,,05,,河北官方联合分数统计表为扫描PDF，本分档累计数未能稳定OCR，精确位次留空
0623,河海大学[公办],,会计学(智能会计培优班),,,627,1789,06,,
0623,河海大学[公办],,财务管理(智能财务创新班),,,626,,07,,河北官方联合分数统计表为扫描PDF，本分档累计数未能稳定OCR，精确位次留空
0623,河海大学[公办],,人力资源管理,,,620,,08,,河北官方联合分数统计表为扫描PDF，本分档累计数未能稳定OCR，精确位次留空
0623,河海大学[公办],,劳动与社会保障,,,612,,09,,河北官方联合分数统计表为扫描PDF，本分档累计数未能稳定OCR，精确位次留空
0623,河海大学[公办],,土地资源管理,,,612,,10,,河北官方联合分数统计表为扫描PDF，本分档累计数未能稳定OCR，精确位次留空
0625,河南财经政法大学(郑州市)[公办],,经济学,,,594,,01,,河北官方联合分数统计表为扫描PDF，本分档累计数未能稳定OCR，精确位次留空
0625,河南财经政法大学(郑州市)[公办],,财政学类,,,602,,02,,河北官方联合分数统计表为扫描PDF，本分档累计数未能稳定OCR，精确位次留空
0625,河南财经政法大学(郑州市)[公办],,金融学,,,601,,03,,河北官方联合分数统计表为扫描PDF，本分档累计数未能稳定OCR，精确位次留空
0625,河南财经政法大学(郑州市)[公办],,法学,,,609,,04,,河北官方联合分数统计表为扫描PDF，本分档累计数未能稳定OCR，精确位次留空
0625,河南财经政法大学(郑州市)[公办],,汉语言文学,,,604,,05,,河北官方联合分数统计表为扫描PDF，本分档累计数未能稳定OCR，精确位次留空
0625,河南财经政法大学(郑州市)[公办],,俄语,,,570,14639,06,,
0625,河南财经政法大学(郑州市)[公办],,会计学,,,609,,07,,河北官方联合分数统计表为扫描PDF，本分档累计数未能稳定OCR，精确位次留空
0625,河南财经政法大学(郑州市)[公办],,公共管理类,,,608,,08,,河北官方联合分数统计表为扫描PDF，本分档累计数未能稳定OCR，精确位次留空
0625,河南财经政法大学(郑州市)[公办],,物流管理,,,579,11592,09,,
0625,河南财经政法大学(郑州市)[公办],,电子商务,,,591,,10,,河北官方联合分数统计表为扫描PDF，本分档累计数未能稳定OCR，精确位次留空
0625,河南财经政法大学(郑州市)[公办],,旅游管理,,,576,12601,11,,
0626,河南财政金融学院(郑州市)[公办],,财政学,,,569,14990,01,,
0626,河南财政金融学院(郑州市)[公办],,税收学,,,568,15333,02,,
0626,河南财政金融学院(郑州市)[公办],,金融学,,,560,18388,03,,
0626,河南财政金融学院(郑州市)[公办],,国际经济与贸易,,,553,21243,04,,
0626,河南财政金融学院(郑州市)[公办],,信用风险管理与法律防控,,,552,21668,05,,
0626,河南财政金融学院(郑州市)[公办],,汉语言文学,,,569,14990,06,,
0626,河南财政金融学院(郑州市)[公办],,商务英语,,,548,23511,07,,
0626,河南财政金融学院(郑州市)[公办],,会计学,,,574,13269,08,,
0626,河南财政金融学院(郑州市)[公办],,财务管理,,,574,13269,09,,
0626,河南财政金融学院(郑州市)[公办],,人力资源管理,,,554,20836,10,,
0626,河南财政金融学院(郑州市)[公办],,审计学,,,574,13269,11,,
0626,河南财政金融学院(郑州市)[公办],,资产评估,,,559,18763,12,,
0626,河南财政金融学院(郑州市)[公办],,电子商务,,,545,24943,13,,
0628,河南城建学院(平顶山市)[公办],,建筑学,,,517,39505,01,,
0628,河南城建学院(平顶山市)[公办],,财务管理,,,547,23983,02,,
0628,河南城建学院(平顶山市)[公办],,土地资源管理,,,530,32409,03,,
0628,河南城建学院(平顶山市)[公办],,城市管理,,,526,34483,04,,
0629,河南大学(开封市)[公办],,经济学类,,,608,,01,,河北官方联合分数统计表为扫描PDF，本分档累计数未能稳定OCR，精确位次留空
0629,河南大学(开封市)[公办],,法学,,,616,,02,,河北官方联合分数统计表为扫描PDF，本分档累计数未能稳定OCR，精确位次留空
0629,河南大学(开封市)[公办],,思想政治教育,,,607,,03,,河北官方联合分数统计表为扫描PDF，本分档累计数未能稳定OCR，精确位次留空
0629,河南大学(开封市)[公办],,教育学,,,601,,04,,河北官方联合分数统计表为扫描PDF，本分档累计数未能稳定OCR，精确位次留空
0629,河南大学(开封市)[公办],,中国语言文学类,,,610,,05,,河北官方联合分数统计表为扫描PDF，本分档累计数未能稳定OCR，精确位次留空
0629,河南大学(开封市)[公办],,俄语,,,582,10728,06,,
0629,河南大学(开封市)[公办],,德语,,,582,10728,07,,
0629,河南大学(开封市)[公办],,新闻传播学类,,,601,,08,,河北官方联合分数统计表为扫描PDF，本分档累计数未能稳定OCR，精确位次留空
0629,河南大学(开封市)[公办],,历史学类,,,602,,09,,河北官方联合分数统计表为扫描PDF，本分档累计数未能稳定OCR，精确位次留空
0629,河南大学(开封市)[公办],,地理科学类,,,602,,10,,河北官方联合分数统计表为扫描PDF，本分档累计数未能稳定OCR，精确位次留空
0629,河南大学(开封市)[公办],,工商管理,,,601,,11,,河北官方联合分数统计表为扫描PDF，本分档累计数未能稳定OCR，精确位次留空
0629,河南大学(开封市)[公办],,公共管理类,,,592,,12,,河北官方联合分数统计表为扫描PDF，本分档累计数未能稳定OCR，精确位次留空
0629,河南大学(开封市)[公办],,国际经济与贸易(中外合作办学)(中德),,,584,10128,13,,
0629,河南大学(开封市)[公办],,会计学(中外合作办学)(中澳),,,591,,14,,河北官方联合分数统计表为扫描PDF，本分档累计数未能稳定OCR，精确位次留空
0631,河南工程学院(郑州市)[公办],,知识产权,,,559,18763,01,,
0631,河南工程学院(郑州市)[公办],,英语,,,550,22582,02,,
0631,河南工程学院(郑州市)[公办],,市场营销,,,546,24485,03,,
0631,河南工程学院(郑州市)[公办],,会计学,,,570,14639,04,,
0631,河南工程学院(郑州市)[公办],,人力资源管理,,,549,23040,05,,
0631,河南工程学院(郑州市)[公办],,审计学,,,562,17629,06,,
0631,河南工程学院(郑州市)[公办],,行政管理,,,547,23983,07,,
0633,河南工业大学(郑州市)[公办],,财政学,,,588,,01,,河北官方联合分数统计表为扫描PDF，本分档累计数未能稳定OCR，精确位次留空
0633,河南工业大学(郑州市)[公办],,金融学,,,586,,02,,河北官方联合分数统计表为扫描PDF，本分档累计数未能稳定OCR，精确位次留空
0633,河南工业大学(郑州市)[公办],,法学,,,597,6701,03,,
0633,河南工业大学(郑州市)[公办],,英语,,,577,12264,04,,
0633,河南工业大学(郑州市)[公办],,翻译,,,569,14990,05,,
0633,河南工业大学(郑州市)[公办],,新闻学,,,583,10447,06,,
0633,河南工业大学(郑州市)[公办],,网络与新媒体,,,582,10728,07,,
0633,河南工业大学(郑州市)[公办],,工商管理,,,573,13600,08,,
0633,河南工业大学(郑州市)[公办],,会计学,,,599,6241,09,,
0641,河南科技大学(洛阳市)[公办],,思想政治教育,,,581,11023,01,,
0641,河南科技大学(洛阳市)[公办],,汉语言文学,,,583,10447,02,,
0641,河南科技大学(洛阳市)[公办],,汉语国际教育,,,576,12601,03,,
0641,河南科技大学(洛阳市)[公办],,英语,,,572,13953,04,,
0641,河南科技大学(洛阳市)[公办],,日语,,,550,22582,05,,
0641,河南科技大学(洛阳市)[公办],,商务英语,,,564,16810,06,,
0641,河南科技大学(洛阳市)[公办],,历史学,,,576,12601,07,,
0641,河南科技大学(洛阳市)[公办],,考古学,,,575,12935,08,,
0641,河南科技大学(洛阳市)[公办],,工商管理,,,572,13953,09,,
0641,河南科技大学(洛阳市)[公办],,电子商务,,,566,16100,10,,
0641,河南科技大学(洛阳市)[公办],,旅游管理,,,554,20836,11,,
0642,河南科技学院(新乡市)[公办],,学前教育,,,530,32409,01,,
0642,河南科技学院(新乡市)[公办],,商务英语,,,539,27769,02,,
0643,河南理工大学(焦作市)[公办],,法学,,,594,,02,,河北官方联合分数统计表为扫描PDF，本分档累计数未能稳定OCR，精确位次留空
0643,河南理工大学(焦作市)[公办],,汉语言文学,,,589,,03,,河北官方联合分数统计表为扫描PDF，本分档累计数未能稳定OCR，精确位次留空
0643,河南理工大学(焦作市)[公办],,英语,,,572,13953,04,,
0643,河南理工大学(焦作市)[公办],,工商管理,,,569,14990,05,,
0643,河南理工大学(焦作市)[公办],,公共事业管理,,,562,17629,06,,
0644,河南牧业经济学院(郑州市)[公办],,商务英语,,,527,33954,01,,
0644,河南牧业经济学院(郑州市)[公办],,工商管理,,,537,28710,02,,
0644,河南牧业经济学院(郑州市)[公办],,审计学,,,558,19202,03,,
0644,河南牧业经济学院(郑州市)[公办],,物业管理,,,528,33434,04,,
0644,河南牧业经济学院(郑州市)[公办],,物流管理,,,531,31846,05,,
0644,河南牧业经济学院(郑州市)[公办],,电子商务,,,534,30243,06,,
0644,河南牧业经济学院(郑州市)[公办],,旅游管理,,,524,35601,07,,
0644,河南牧业经济学院(郑州市)[公办],,酒店管理,,,521,37257,08,,
0645,河南农业大学(郑州市)[公办],,经济学,,,573,13600,01,,
0645,河南农业大学(郑州市)[公办],,经济与金融,,,571,14284,02,,
0645,河南农业大学(郑州市)[公办],,法学,,,592,,03,,河北官方联合分数统计表为扫描PDF，本分档累计数未能稳定OCR，精确位次留空
0645,河南农业大学(郑州市)[公办],,英语,,,574,13269,04,,
0645,河南农业大学(郑州市)[公办],,翻译,,,569,14990,05,,
0645,河南农业大学(郑州市)[公办],,工商管理类,,,571,14284,06,,
0645,河南农业大学(郑州市)[公办],,土地资源管理,,,560,18388,07,,
0645,河南农业大学(郑州市)[公办],,旅游管理,,,551,22095,08,,
0648,河南师范大学(新乡市)[公办],,法学类,,,595,,01,,河北官方联合分数统计表为扫描PDF，本分档累计数未能稳定OCR，精确位次留空
0648,河南师范大学(新乡市)[公办],,马克思主义理论类,,,580,11284,02,,
0648,河南师范大学(新乡市)[公办],,思想政治教育,,,587,,03,,河北官方联合分数统计表为扫描PDF，本分档累计数未能稳定OCR，精确位次留空
0648,河南师范大学(新乡市)[公办],,汉语言文学,,,592,,04,,河北官方联合分数统计表为扫描PDF，本分档累计数未能稳定OCR，精确位次留空
0648,河南师范大学(新乡市)[公办],,日语,,,552,21668,05,,
0648,河南师范大学(新乡市)[公办],,历史学,,,583,10447,06,,
0649,河南师范大学(新乡市)(按高考文化课成绩录取的艺术类专业)[公办],,戏剧影视文学,,,544,25427,01,,
0657,河南中医药大学(郑州市)[公办],,英语,,,563,17236,01,,
0657,河南中医药大学(郑州市)[公办],,护理学,,,559,18763,02,,
0657,河南中医药大学(郑州市)[公办],,公共管理类,,,555,20401,03,,
0658,河西学院(张掖市)[公办],,法学,,,549,23040,01,,
0658,河西学院(张掖市)[公办],,汉语国际教育,,,529,32927,02,,
0658,河西学院(张掖市)[公办],,旅游管理,,,517,39505,03,,
0661,菏泽学院[公办],,心理学,,,546,24485,01,,
0661,菏泽学院[公办],,建筑学,,,543,25909,02,,
0668,黑河学院[公办],,小学教育(师范类),,,528,33434,01,,
0668,黑河学院[公办],,英语(师范类),,,533,30800,02,,
0668,黑河学院[公办],,俄语,,,524,35601,03,,
0668,黑河学院[公办],,翻译(俄语方向),,,518,38958,04,,
0668,黑河学院[公办],,历史学(师范类),,,535,29738,05,,
0668,黑河学院[公办],,广播电视编导,,,516,40076,06,,
0669,黑河学院(八协计划)[公办],,学前教育(师范类八协计划),,,361,152892,01,,
0669,黑河学院(八协计划)[公办],,汉语言文学(师范类八协计划),,,381,136545,02,,
0669,黑河学院(八协计划)[公办],,汉语国际教育(八协计划),,,363,151294,03,,
0669,黑河学院(八协计划)[公办],,广播电视学(八协计划),,,361,152892,04,,
0670,黑龙江八一农垦大学(大庆市)[公办],,社会工作,,,548,23511,01,,
0670,黑龙江八一农垦大学(大庆市)[公办],,英语,,,557,19607,02,,
0670,黑龙江八一农垦大学(大庆市)[公办],,园林,,,535,29738,03,,
0670,黑龙江八一农垦大学(大庆市)[公办],,会计学,,,567,15706,04,,
0672,黑龙江大学(哈尔滨市)[公办],,哲学,,,589,,09,,河北官方联合分数统计表为扫描PDF，本分档累计数未能稳定OCR，精确位次留空
0672,黑龙江大学(哈尔滨市)[公办],,中国少数民族语言文学,,,554,20836,10,,
0672,黑龙江大学(哈尔滨市)[公办],,英语,,,587,,11,,河北官方联合分数统计表为扫描PDF，本分档累计数未能稳定OCR，精确位次留空
0672,黑龙江大学(哈尔滨市)[公办],,翻译(俄语),,,583,10447,12,,
0672,黑龙江大学(哈尔滨市)[公办],,广告学,,,573,13600,13,,
0672,黑龙江大学(哈尔滨市)[公办],,传播学,,,576,12601,14,,
0672,黑龙江大学(哈尔滨市)[公办],,考古学,,,585,9855,15,,
0672,黑龙江大学(哈尔滨市)[公办],,会计学,,,577,12264,16,,
0672,黑龙江大学(哈尔滨市)[公办],,行政管理,,,583,10447,17,,
0673,黑龙江工程学院[公办],,社会工作,,,536,29242,01,,
0673,黑龙江工程学院[公办],,财务管理,,,553,21243,02,,
0674,黑龙江工业学院(鸡西市)[公办],,商务经济学,,,526,34483,01,,
0674,黑龙江工业学院(鸡西市)[公办],,学前教育,,,521,37257,02,,
0674,黑龙江工业学院(鸡西市)[公办],,秘书学,,,534,30243,03,,
0674,黑龙江工业学院(鸡西市)[公办],,俄语,,,521,37257,04,,
0674,黑龙江工业学院(鸡西市)[公办],,商务英语,,,525,35052,05,,
0674,黑龙江工业学院(鸡西市)[公办],,财务管理,,,538,28223,06,,
0678,黑龙江科技大学(哈尔滨市)[公办],,经济学,,,564,16810,01,,
0678,黑龙江科技大学(哈尔滨市)[公办],,金融学,,,562,17629,02,,
0678,黑龙江科技大学(哈尔滨市)[公办],,国际经济与贸易,,,558,19202,03,,
0678,黑龙江科技大学(哈尔滨市)[公办],,思想政治教育,,,574,13269,04,,
0678,黑龙江科技大学(哈尔滨市)[公办],,汉语言文学,,,579,11592,05,,
0678,黑龙江科技大学(哈尔滨市)[公办],,英语,,,560,18388,06,,
0678,黑龙江科技大学(哈尔滨市)[公办],,商务英语,,,553,21243,07,,
0678,黑龙江科技大学(哈尔滨市)[公办],,建筑学,,,574,13269,08,,
0678,黑龙江科技大学(哈尔滨市)[公办],,城乡规划,,,556,19979,09,,
0678,黑龙江科技大学(哈尔滨市)[公办],,工商管理,,,554,20836,10,,
0678,黑龙江科技大学(哈尔滨市)[公办],,市场营销,,,549,23040,11,,
0678,黑龙江科技大学(哈尔滨市)[公办],,会计学,,,576,12601,12,,
0693,黑龙江中医药大学[公办],,运动康复,,,564,16810,01,,
0693,黑龙江中医药大学[公办],,中医学,,,606,,02,,河北官方联合分数统计表为扫描PDF，本分档累计数未能稳定OCR，精确位次留空
0693,黑龙江中医药大学[公办],,针灸推拿学,,,602,,03,,河北官方联合分数统计表为扫描PDF，本分档累计数未能稳定OCR，精确位次留空
0693,黑龙江中医药大学[公办],,中医康复学,,,582,10728,04,,
0693,黑龙江中医药大学[公办],,护理学,,,550,22582,05,,
0695,衡水学院[公办],,经济与金融,,,530,32409,01,,
0695,衡水学院[公办],,国际经济与贸易,,,524,35601,02,,
0695,衡水学院[公办],,政治学与行政学,,,528,33434,03,,
0695,衡水学院[公办],,社会工作,,,524,35601,04,,
0695,衡水学院[公办],,思想政治教育,,,536,29242,05,,
0695,衡水学院[公办],,学前教育,,,522,36684,06,,
0695,衡水学院[公办],,小学教育,,,530,32409,07,,
0695,衡水学院[公办],,汉语言文学,,,543,25909,08,,
0695,衡水学院[公办],,汉语国际教育,,,529,32927,09,,
0695,衡水学院[公办],,英语,,,527,33954,10,,
0695,衡水学院[公办],,商务英语,,,522,36684,11,,
0695,衡水学院[公办],,网络与新媒体,,,528,33434,12,,
0695,衡水学院[公办],,应用心理学,,,525,35052,13,,
0695,衡水学院[公办],,园林,,,513,41828,14,,
0695,衡水学院[公办],,财务管理,,,541,26772,15,,
0695,衡水学院[公办],,人力资源管理,,,527,33954,16,,
0695,衡水学院[公办],,健康服务与管理,,,520,37811,17,,
0695,衡水学院[公办],,供应链管理,,,524,35601,18,,
0695,衡水学院[公办],,广播电视编导,,,514,41275,19,,
0701,衡阳师范学院[公办],,经济学,,,552,21668,01,,
0701,衡阳师范学院[公办],,国际经济与贸易,,,552,21668,02,,
0701,衡阳师范学院[公办],,法学,,,574,13269,03,,
0701,衡阳师范学院[公办],,知识产权,,,561,17998,04,,
0701,衡阳师范学院[公办],,思想政治教育,,,568,15333,05,,
0701,衡阳师范学院[公办],,学前教育,,,551,22095,06,,
0701,衡阳师范学院[公办],,汉语言文学,,,575,12935,07,,
0701,衡阳师范学院[公办],,汉语国际教育,,,556,19979,08,,
0701,衡阳师范学院[公办],,英语,,,562,17629,09,,
0701,衡阳师范学院[公办],,翻译,,,542,26359,10,,
0701,衡阳师范学院[公办],,广告学,,,547,23983,11,,
0701,衡阳师范学院[公办],,旅游管理,,,541,26772,12,,
0703,红河学院[公办],,学前教育,,,522,36684,01,,
0703,红河学院[公办],,小学教育,,,531,31846,02,,
0703,红河学院[公办],,网络与新媒体,,,528,33434,03,,
0704,呼和浩特民族学院[公办],,法学,,,547,23983,01,,
0704,呼和浩特民族学院[公办],,小学教育,,,533,30800,02,,
0707,呼伦贝尔学院[公办],,汉语言文学,,,540,27280,01,,
0707,呼伦贝尔学院[公办],,地理科学,,,533,30800,02,,
0707,呼伦贝尔学院[公办],,心理学,,,527,33954,03,,
0708,呼伦贝尔学院(八协计划)[公办],,英语,,,366,148854,01,,
0712,湖北大学(武汉市)[公办],,法学,,,615,,01,,河北官方联合分数统计表为扫描PDF，本分档累计数未能稳定OCR，精确位次留空
0712,湖北大学(武汉市)[公办],,英语(语言服务与国际传播创新人才实验班),,,599,6241,02,,
0713,湖北第二师范学院[公办],,国际经济与贸易,,,551,22095,01,,
0713,湖北第二师范学院[公办],,思想政治教育,,,570,14639,02,,
0713,湖北第二师范学院[公办],,新闻学,,,557,19607,03,,
0713,湖北第二师范学院[公办],,会计学,,,570,14639,04,,
0716,湖北工业大学(武汉市)[公办],,金融学(数智金融),,,589,,01,,河北官方联合分数统计表为扫描PDF，本分档累计数未能稳定OCR，精确位次留空
0716,湖北工业大学(武汉市)[公办],,会计学,,,597,6701,02,,
0722,湖北经济学院(武汉市)[公办],,金融学,,,570,14639,02,,
0722,湖北经济学院(武汉市)[公办],,法学,,,592,,03,,河北官方联合分数统计表为扫描PDF，本分档累计数未能稳定OCR，精确位次留空
0722,湖北经济学院(武汉市)[公办],,商务英语,,,564,16810,04,,
0722,湖北经济学院(武汉市)[公办],,网络与新媒体,,,565,16482,05,,
0722,湖北经济学院(武汉市)[公办],,资源与环境经济学(中外合作办学),,,510,43673,06,,
0725,湖北理工学院(黄石市)[公办],,国际经济与贸易,,,546,24485,01,,
0725,湖北理工学院(黄石市)[公办],,英语,,,547,23983,02,,
0725,湖北理工学院(黄石市)[公办],,网络与新媒体,,,552,21668,03,,
0725,湖北理工学院(黄石市)[公办],,工商管理,,,554,20836,04,,
0727,湖北民族大学(恩施市)[公办],,经济与金融(数智金融方向),,,555,20401,01,,
0727,湖北民族大学(恩施市)[公办],,思想政治教育,,,569,14990,02,,
0727,湖北民族大学(恩施市)[公办],,汉语言文学,,,577,12264,03,,
0727,湖北民族大学(恩施市)[公办],,英语,,,557,19607,04,,
0727,湖北民族大学(恩施市)[公办],,城乡规划,,,549,23040,05,,
0727,湖北民族大学(恩施市)[公办],,会计学(智能会计、智能财务、大数据审计方向),,,577,12264,06,,
0727,湖北民族大学(恩施市)[公办],,旅游管理(旅游规划和旅游企业运营管理方向),,,548,23511,07,,
0728,湖北汽车工业学院(十堰市)[公办],,翻译(英语),,,527,33954,01,,
0733,湖北师范大学(黄石市)[公办],,社会工作,,,566,16100,01,,
0733,湖北师范大学(黄石市)[公办],,教育学类,,,581,11023,02,,
0733,湖北师范大学(黄石市)[公办],,汉语言文学,,,595,,03,,河北官方联合分数统计表为扫描PDF，本分档累计数未能稳定OCR，精确位次留空
0733,湖北师范大学(黄石市)[公办],,地理科学,,,579,11592,04,,
0737,湖北文理学院(襄阳市)[公办],,广播电视编导,,,521,37257,01,,
0741,湖北中医药大学(武汉市)[公办],,汉语国际教育,,,573,13600,01,,
0741,湖北中医药大学(武汉市)[公办],,英语,,,572,13953,02,,
0741,湖北中医药大学(武汉市)[公办],,应用心理学,,,578,11905,03,,
0741,湖北中医药大学(武汉市)[公办],,中医学,,,606,,04,,河北官方联合分数统计表为扫描PDF，本分档累计数未能稳定OCR，精确位次留空
0741,湖北中医药大学(武汉市)[公办],,中医学(美容与康复方向),,,597,6701,05,,
0741,湖北中医药大学(武汉市)[公办],,针灸推拿学,,,606,,06,,河北官方联合分数统计表为扫描PDF，本分档累计数未能稳定OCR，精确位次留空
0741,湖北中医药大学(武汉市)[公办],,中医骨伤科学,,,597,6701,07,,
0741,湖北中医药大学(武汉市)[公办],,市场营销,,,558,19202,08,,
0741,湖北中医药大学(武汉市)[公办],,国际商务,,,557,19607,09,,
0741,湖北中医药大学(武汉市)[公办],,公共事业管理,,,583,10447,10,,
0741,湖北中医药大学(武汉市)[公办],,公共事业管理(医事法学方向),,,572,13953,11,,
0741,湖北中医药大学(武汉市)[公办],,健康服务与管理,,,558,19202,12,,
0741,湖北中医药大学(武汉市)[公办],,供应链管理,,,562,17629,13,,
0745,湖南财政经济学院(长沙市)[公办],,经济学,,,565,16482,01,,
0745,湖南财政经济学院(长沙市)[公办],,财政学类,,,569,14990,02,,
0745,湖南财政经济学院(长沙市)[公办],,金融学(数智投资),,,562,17629,03,,
0745,湖南财政经济学院(长沙市)[公办],,保险学(数智保险),,,567,15706,04,,
0745,湖南财政经济学院(长沙市)[公办],,国际经济与贸易(数字贸易),,,561,17998,05,,
0745,湖南财政经济学院(长沙市)[公办],,社会工作,,,554,20836,06,,
0745,湖南财政经济学院(长沙市)[公办],,英语,,,561,17998,07,,
0745,湖南财政经济学院(长沙市)[公办],,日语(财经日语),,,546,24485,08,,
0745,湖南财政经济学院(长沙市)[公办],,市场营销(大数据营销),,,547,23983,09,,
0745,湖南财政经济学院(长沙市)[公办],,会计学,,,576,12601,10,,
0745,湖南财政经济学院(长沙市)[公办],,财务管理,,,573,13600,11,,
0745,湖南财政经济学院(长沙市)[公办],,人力资源管理(数智HR),,,565,16482,12,,
0745,湖南财政经济学院(长沙市)[公办],,文化产业管理(音视频产业),,,546,24485,13,,
0747,湖南城市学院(益阳市)[公办],,小学教育,,,539,27769,01,,
0747,湖南城市学院(益阳市)[公办],,汉语言文学,,,557,19607,02,,
0747,湖南城市学院(益阳市)[公办],,汉语国际教育,,,546,24485,03,,
0747,湖南城市学院(益阳市)[公办],,英语,,,548,23511,04,,
0747,湖南城市学院(益阳市)[公办],,网络与新媒体,,,545,24943,05,,
0747,湖南城市学院(益阳市)[公办],,工商管理,,,546,24485,06,,
0747,湖南城市学院(益阳市)[公办],,财务管理,,,556,19979,07,,
0748,湖南大学(长沙市)[公办],,哲学,,,630,1523,03,,
0748,湖南大学(长沙市)[公办],,经济学类,,,635,,04,,河北官方联合分数统计表为扫描PDF，本分档累计数未能稳定OCR，精确位次留空
0748,湖南大学(长沙市)[公办],,金融学,,,635,,05,,河北官方联合分数统计表为扫描PDF，本分档累计数未能稳定OCR，精确位次留空
0748,湖南大学(长沙市)[公办],,法学,,,645,,06,,河北官方联合分数统计表为扫描PDF，本分档累计数未能稳定OCR，精确位次留空
0748,湖南大学(长沙市)[公办],,汉语言文学,,,636,,07,,河北官方联合分数统计表为扫描PDF，本分档累计数未能稳定OCR，精确位次留空
0748,湖南大学(长沙市)[公办],,新闻传播学类,,,630,1523,08,,
0748,湖南大学(长沙市)[公办],,历史学,,,632,,09,,河北官方联合分数统计表为扫描PDF，本分档累计数未能稳定OCR，精确位次留空
0748,湖南大学(长沙市)[公办],,行政管理,,,629,1611,10,,
0753,湖南工程学院(湘潭市)[公办],,商务英语,,,537,28710,01,,
0753,湖南工程学院(湘潭市)[公办],,广告学,,,541,26772,02,,
0753,湖南工程学院(湘潭市)[公办],,建筑学,,,549,23040,03,,
0753,湖南工程学院(湘潭市)[公办],,人力资源管理,,,544,25427,04,,
0755,湖南工商大学(长沙市)[公办],,经济学,,,595,,01,,河北官方联合分数统计表为扫描PDF，本分档累计数未能稳定OCR，精确位次留空
0755,湖南工商大学(长沙市)[公办],,工商管理类,,,577,12264,02,,
0755,湖南工商大学(长沙市)[公办],,会计学,,,608,,03,,河北官方联合分数统计表为扫描PDF，本分档累计数未能稳定OCR，精确位次留空
0755,湖南工商大学(长沙市)[公办],,健康服务与管理,,,566,16100,04,,
0757,湖南工业大学(株洲市)[公办],,法学,,,599,6241,01,,
0757,湖南工业大学(株洲市)[公办],,汉语言文学,,,588,,02,,河北官方联合分数统计表为扫描PDF，本分档累计数未能稳定OCR，精确位次留空
0757,湖南工业大学(株洲市)[公办],,日语,,,554,20836,03,,
0757,湖南工业大学(株洲市)[公办],,翻译,,,560,18388,04,,
0757,湖南工业大学(株洲市)[公办],,广告学,,,570,14639,05,,
0757,湖南工业大学(株洲市)[公办],,网络与新媒体,,,573,13600,06,,
0757,湖南工业大学(株洲市)[公办],,工商管理,,,567,15706,07,,
0757,湖南工业大学(株洲市)[公办],,市场营销,,,559,18763,08,,
0757,湖南工业大学(株洲市)[公办],,会计学,,,589,,09,,河北官方联合分数统计表为扫描PDF，本分档累计数未能稳定OCR，精确位次留空
0763,湖南科技大学(湘潭市)[公办],,经济学,,,601,,01,,河北官方联合分数统计表为扫描PDF，本分档累计数未能稳定OCR，精确位次留空
0763,湖南科技大学(湘潭市)[公办],,国际经济与贸易,,,576,12601,02,,
0763,湖南科技大学(湘潭市)[公办],,法学,,,601,,03,,河北官方联合分数统计表为扫描PDF，本分档累计数未能稳定OCR，精确位次留空
0763,湖南科技大学(湘潭市)[公办],,思想政治教育,,,604,,04,,河北官方联合分数统计表为扫描PDF，本分档累计数未能稳定OCR，精确位次留空
0763,湖南科技大学(湘潭市)[公办],,汉语言文学,,,591,,05,,河北官方联合分数统计表为扫描PDF，本分档累计数未能稳定OCR，精确位次留空
0763,湖南科技大学(湘潭市)[公办],,汉语国际教育,,,569,14990,06,,
0763,湖南科技大学(湘潭市)[公办],,英语,,,587,,07,,河北官方联合分数统计表为扫描PDF，本分档累计数未能稳定OCR，精确位次留空
0763,湖南科技大学(湘潭市)[公办],,日语,,,562,17629,08,,
0763,湖南科技大学(湘潭市)[公办],,日语(智能创新班),,,575,12935,09,,
0763,湖南科技大学(湘潭市)[公办],,翻译,,,573,13600,10,,
0763,湖南科技大学(湘潭市)[公办],,新闻学,,,586,,11,,河北官方联合分数统计表为扫描PDF，本分档累计数未能稳定OCR，精确位次留空
0763,湖南科技大学(湘潭市)[公办],,历史学,,,577,12264,12,,
0763,湖南科技大学(湘潭市)[公办],,地理科学,,,578,11905,13,,
0763,湖南科技大学(湘潭市)[公办],,地理信息科学,,,580,11284,14,,
0763,湖南科技大学(湘潭市)[公办],,应用心理学,,,570,14639,15,,
0763,湖南科技大学(湘潭市)[公办],,城乡规划,,,558,19202,16,,
0763,湖南科技大学(湘潭市)[公办],,工商管理,,,577,12264,17,,
0763,湖南科技大学(湘潭市)[公办],,公共事业管理,,,566,16100,18,,
0764,湖南科技学院(永州市)[公办],,汉语言文学,,,557,19607,01,,
0764,湖南科技学院(永州市)[公办],,秘书学,,,539,27769,02,,
0764,湖南科技学院(永州市)[公办],,商务英语,,,535,29738,03,,
0764,湖南科技学院(永州市)[公办],,网络与新媒体,,,544,25427,04,,
0764,湖南科技学院(永州市)[公办],,广播电视编导,,,522,36684,05,,
0765,湖南理工学院(岳阳市)[公办],,国际经济与贸易,,,542,26359,01,,
0765,湖南理工学院(岳阳市)[公办],,汉语言文学,,,570,14639,02,,
0765,湖南理工学院(岳阳市)[公办],,新闻学,,,548,23511,03,,
0765,湖南理工学院(岳阳市)[公办],,广告学,,,547,23983,04,,
0765,湖南理工学院(岳阳市)[公办],,人力资源管理,,,547,23983,05,,
0766,湖南农业大学(长沙市)[公办],,经济学,,,586,,01,,河北官方联合分数统计表为扫描PDF，本分档累计数未能稳定OCR，精确位次留空
0766,湖南农业大学(长沙市)[公办],,金融学,,,586,,02,,河北官方联合分数统计表为扫描PDF，本分档累计数未能稳定OCR，精确位次留空
0766,湖南农业大学(长沙市)[公办],,投资学,,,571,14284,03,,
0766,湖南农业大学(长沙市)[公办],,国际经济与贸易,,,576,12601,04,,
0766,湖南农业大学(长沙市)[公办],,英语,,,573,13600,05,,
0766,湖南农业大学(长沙市)[公办],,日语,,,554,20836,06,,
0766,湖南农业大学(长沙市)[公办],,工商管理,,,574,13269,07,,
0766,湖南农业大学(长沙市)[公办],,市场营销,,,565,16482,08,,
0766,湖南农业大学(长沙市)[公办],,会计学,,,591,,09,,河北官方联合分数统计表为扫描PDF，本分档累计数未能稳定OCR，精确位次留空
0766,湖南农业大学(长沙市)[公办],,农林经济管理,,,571,14284,10,,
0766,湖南农业大学(长沙市)[公办],,行政管理,,,567,15706,11,,
0766,湖南农业大学(长沙市)[公办],,劳动与社会保障,,,563,17236,12,,
0766,湖南农业大学(长沙市)[公办],,土地资源管理,,,566,16100,13,,
0767,湖南女子学院(长沙市)[公办],,社会工作,,,537,28710,01,,
0767,湖南女子学院(长沙市)[公办],,女性学,,,531,31846,02,,
0767,湖南女子学院(长沙市)[公办],,家政学,,,529,32927,03,,
0767,湖南女子学院(长沙市)[公办],,老年学,,,529,32927,04,,
0767,湖南女子学院(长沙市)[公办],,学前教育,,,531,31846,05,,
0767,湖南女子学院(长沙市)[公办],,英语,,,549,23040,06,,
0767,湖南女子学院(长沙市)[公办],,时尚传播,,,531,31846,07,,
0767,湖南女子学院(长沙市)[公办],,跨境电子商务,,,535,29738,08,,
0767,湖南女子学院(长沙市)[公办],,旅游管理,,,528,33434,09,,
0767,湖南女子学院(长沙市)[公办],,酒店管理,,,528,33434,10,,
0770,湖南人文科技学院(娄底市)[公办],,法学,,,559,18763,01,,
0770,湖南人文科技学院(娄底市)[公办],,财务管理,,,550,22582,02,,
0772,湖南师范大学(长沙市)[公办],,哲学,,,617,,02,,河北官方联合分数统计表为扫描PDF，本分档累计数未能稳定OCR，精确位次留空
0772,湖南师范大学(长沙市)[公办],,金融学,,,616,,03,,河北官方联合分数统计表为扫描PDF，本分档累计数未能稳定OCR，精确位次留空
0772,湖南师范大学(长沙市)[公办],,国际经济与贸易,,,612,,04,,河北官方联合分数统计表为扫描PDF，本分档累计数未能稳定OCR，精确位次留空
0772,湖南师范大学(长沙市)[公办],,法学,,,625,,05,,河北官方联合分数统计表为扫描PDF，本分档累计数未能稳定OCR，精确位次留空
0772,湖南师范大学(长沙市)[公办],,政治学与行政学,,,614,,06,,河北官方联合分数统计表为扫描PDF，本分档累计数未能稳定OCR，精确位次留空
0772,湖南师范大学(长沙市)[公办],,社会学,,,611,,07,,河北官方联合分数统计表为扫描PDF，本分档累计数未能稳定OCR，精确位次留空
0772,湖南师范大学(长沙市)[公办],,思想政治教育,,,621,,08,,河北官方联合分数统计表为扫描PDF，本分档累计数未能稳定OCR，精确位次留空
0772,湖南师范大学(长沙市)[公办],,教育学,,,616,,09,,河北官方联合分数统计表为扫描PDF，本分档累计数未能稳定OCR，精确位次留空
0772,湖南师范大学(长沙市)[公办],,小学教育,,,608,,10,,河北官方联合分数统计表为扫描PDF，本分档累计数未能稳定OCR，精确位次留空
0772,湖南师范大学(长沙市)[公办],,汉语言文学,,,628,1697,11,,
0772,湖南师范大学(长沙市)[公办],,汉语国际教育,,,619,,12,,河北官方联合分数统计表为扫描PDF，本分档累计数未能稳定OCR，精确位次留空
0772,湖南师范大学(长沙市)[公办],,外国语言文学类,,,613,,13,,河北官方联合分数统计表为扫描PDF，本分档累计数未能稳定OCR，精确位次留空
0772,湖南师范大学(长沙市)[公办],,新闻传播学类,,,612,,14,,河北官方联合分数统计表为扫描PDF，本分档累计数未能稳定OCR，精确位次留空
0772,湖南师范大学(长沙市)[公办],,历史学,,,619,,15,,河北官方联合分数统计表为扫描PDF，本分档累计数未能稳定OCR，精确位次留空
0772,湖南师范大学(长沙市)[公办],,工商管理,,,616,,16,,河北官方联合分数统计表为扫描PDF，本分档累计数未能稳定OCR，精确位次留空
0772,湖南师范大学(长沙市)[公办],,会计学,,,622,,17,,河北官方联合分数统计表为扫描PDF，本分档累计数未能稳定OCR，精确位次留空
0772,湖南师范大学(长沙市)[公办],,文化产业管理,,,610,,18,,河北官方联合分数统计表为扫描PDF，本分档累计数未能稳定OCR，精确位次留空
0772,湖南师范大学(长沙市)[公办],,行政管理,,,611,,19,,河北官方联合分数统计表为扫描PDF，本分档累计数未能稳定OCR，精确位次留空
0772,湖南师范大学(长沙市)[公办],,旅游管理,,,607,,20,,河北官方联合分数统计表为扫描PDF，本分档累计数未能稳定OCR，精确位次留空
0772,湖南师范大学(长沙市)[公办],,酒店管理,,,596,6980,21,,
0772,湖南师范大学(长沙市)[公办],,会展经济与管理,,,601,,22,,河北官方联合分数统计表为扫描PDF，本分档累计数未能稳定OCR，精确位次留空
0773,湖南师范大学(长沙市)(按高考文化课成绩录取的艺术类专业)[公办],,戏剧影视文学,,,600,,01,,河北官方联合分数统计表为扫描PDF，本分档累计数未能稳定OCR，精确位次留空
0773,湖南师范大学(长沙市)(按高考文化课成绩录取的艺术类专业)[公办],,广播电视编导,,,603,,02,,河北官方联合分数统计表为扫描PDF，本分档累计数未能稳定OCR，精确位次留空
0779,湖南文理学院(常德市)[公办],,法学,,,567,15706,01,,
0779,湖南文理学院(常德市)[公办],,小学教育,,,543,25909,02,,
0779,湖南文理学院(常德市)[公办],,英语,,,546,24485,03,,
0779,湖南文理学院(常德市)[公办],,新闻学,,,551,22095,04,,
0779,湖南文理学院(常德市)[公办],,历史学,,,557,19607,05,,
0783,湖南中医药大学[公办],,英语,,,562,17629,01,,
0783,湖南中医药大学[公办],,商务英语,,,557,19607,02,,
0783,湖南中医药大学[公办],,应用心理学,,,572,13953,03,,
0783,湖南中医药大学[公办],,中医学,,,613,,04,,河北官方联合分数统计表为扫描PDF，本分档累计数未能稳定OCR，精确位次留空
0783,湖南中医药大学[公办],,中医养生学,,,588,,05,,河北官方联合分数统计表为扫描PDF，本分档累计数未能稳定OCR，精确位次留空
0783,湖南中医药大学[公办],,公共事业管理,,,558,19202,06,,
0783,湖南中医药大学[公办],,医疗保险,,,560,18388,07,,
0783,湖南中医药大学[公办],,养老服务管理,,,554,20836,08,,
0784,湖州师范学院[公办],,学前教育(师范),,,546,24485,01,,
0784,湖州师范学院[公办],,俄语,,,546,24485,02,,
0784,湖州师范学院[公办],,旅游管理,,,552,21668,03,,
0785,湖州学院[公办],,汉语言文学,,,565,16482,01,,
0785,湖州学院[公办],,广告学,,,552,21668,02,,
0785,湖州学院[公办],,供应链管理,,,547,23983,03,,
0787,华北电力大学(保定)[公办],,法学,,,622,,01,,河北官方联合分数统计表为扫描PDF，本分档累计数未能稳定OCR，精确位次留空
0787,华北电力大学(保定)[公办],,社会工作,,,608,,02,,河北官方联合分数统计表为扫描PDF，本分档累计数未能稳定OCR，精确位次留空
0787,华北电力大学(保定)[公办],,外国语言文学类,,,608,,03,,河北官方联合分数统计表为扫描PDF，本分档累计数未能稳定OCR，精确位次留空
0787,华北电力大学(保定)[公办],,行政管理,,,612,,04,,河北官方联合分数统计表为扫描PDF，本分档累计数未能稳定OCR，精确位次留空
0789,华北电力大学(北京)[公办],,法学,,,631,,01,,河北官方联合分数统计表为扫描PDF，本分档累计数未能稳定OCR，精确位次留空
0789,华北电力大学(北京)[公办],,英语(能源电力国际化人才创新班),,,623,,02,,河北官方联合分数统计表为扫描PDF，本分档累计数未能稳定OCR，精确位次留空
0789,华北电力大学(北京)[公办],,翻译,,,618,,03,,河北官方联合分数统计表为扫描PDF，本分档累计数未能稳定OCR，精确位次留空
0789,华北电力大学(北京)[公办],,网络与新媒体,,,623,,04,,河北官方联合分数统计表为扫描PDF，本分档累计数未能稳定OCR，精确位次留空
0789,华北电力大学(北京)[公办],,公共事业管理,,,620,,05,,河北官方联合分数统计表为扫描PDF，本分档累计数未能稳定OCR，精确位次留空
0789,华北电力大学(北京)[公办],,行政管理,,,624,,06,,河北官方联合分数统计表为扫描PDF，本分档累计数未能稳定OCR，精确位次留空
0792,华北科技学院(廊坊市)[公办],,国际经济与贸易,,,550,22582,01,,
0792,华北科技学院(廊坊市)[公办],,法学,,,576,12601,02,,
0792,华北科技学院(廊坊市)[公办],,汉语言文学,,,567,15706,03,,
0792,华北科技学院(廊坊市)[公办],,汉语国际教育,,,549,23040,04,,
0792,华北科技学院(廊坊市)[公办],,秘书学,,,548,23511,05,,
0792,华北科技学院(廊坊市)[公办],,英语,,,551,22095,06,,
0792,华北科技学院(廊坊市)[公办],,工商管理,,,550,22582,07,,
0792,华北科技学院(廊坊市)[公办],,市场营销,,,543,25909,08,,
0792,华北科技学院(廊坊市)[公办],,会计学,,,570,14639,09,,
0793,华北理工大学(地方专项计划)[公办],,金融学,,,557,19607,01,,
0793,华北理工大学(地方专项计划)[公办],,法学,,,576,12601,02,,
0793,华北理工大学(地方专项计划)[公办],,汉语国际教育,,,566,16100,03,,
0793,华北理工大学(地方专项计划)[公办],,英语,,,559,18763,04,,
0793,华北理工大学(地方专项计划)[公办],,翻译,,,548,23511,05,,
0793,华北理工大学(地方专项计划)[公办],,应用心理学,,,551,22095,06,,
0793,华北理工大学(地方专项计划)[公办],,中医学,,,564,16810,07,,
0793,华北理工大学(地方专项计划)[公办],,针灸推拿学,,,555,20401,08,,
0793,华北理工大学(地方专项计划)[公办],,会计学,,,575,12935,09,,
0793,华北理工大学(地方专项计划)[公办],,公共事业管理,,,551,22095,10,,
0793,华北理工大学(地方专项计划)[公办],,医疗保险,,,551,22095,11,,
0796,华北理工大学(少数民族预科班)[公办],,本科预科班,,,544,25427,01,,
0797,华北理工大学(唐山市)[公办],,金融学,,,563,17236,01,,
0797,华北理工大学(唐山市)[公办],,法学,,,580,11284,02,,
0797,华北理工大学(唐山市)[公办],,汉语国际教育,,,571,14284,03,,
0797,华北理工大学(唐山市)[公办],,英语,,,564,16810,04,,
0797,华北理工大学(唐山市)[公办],,翻译,,,553,21243,05,,
0797,华北理工大学(唐山市)[公办],,应用心理学,,,554,20836,06,,
0797,华北理工大学(唐山市)[公办],,中医学,,,574,13269,07,,
0797,华北理工大学(唐山市)[公办],,针灸推拿学,,,568,15333,08,,
0797,华北理工大学(唐山市)[公办],,会计学,,,579,11592,09,,
0797,华北理工大学(唐山市)[公办],,公共事业管理,,,558,19202,10,,
0797,华北理工大学(唐山市)[公办],,医疗保险,,,554,20836,11,,
0798,华北水利水电大学(郑州市)[公办],,国际经济与贸易,,,567,15706,01,,
0798,华北水利水电大学(郑州市)[公办],,市场营销,,,564,16810,02,,
0798,华北水利水电大学(郑州市)[公办],,会计学,,,588,,03,,河北官方联合分数统计表为扫描PDF，本分档累计数未能稳定OCR，精确位次留空
0798,华北水利水电大学(郑州市)[公办],,物流管理,,,563,17236,04,,
0799,华东交通大学(南昌市)[公办],,金融学,,,591,,01,,河北官方联合分数统计表为扫描PDF，本分档累计数未能稳定OCR，精确位次留空
0799,华东交通大学(南昌市)[公办],,知识产权,,,599,6241,02,,
0799,华东交通大学(南昌市)[公办],,汉语言文学,,,598,6445,03,,
0799,华东交通大学(南昌市)[公办],,英语,,,576,12601,04,,
0799,华东交通大学(南昌市)[公办],,建筑学,,,582,10728,05,,
0799,华东交通大学(南昌市)[公办],,会计学,,,599,6241,06,,
0799,华东交通大学(南昌市)[公办],,人力资源管理,,,574,13269,07,,
0799,华东交通大学(南昌市)[公办],,物流管理,,,574,13269,08,,
0800,华东理工大学(上海市)[公办],,经济学类,,,627,1789,01,,
0800,华东理工大学(上海市)[公办],,法学,,,629,1611,02,,
0800,华东理工大学(上海市)[公办],,外国语言文学类,,,618,,03,,河北官方联合分数统计表为扫描PDF，本分档累计数未能稳定OCR，精确位次留空
0800,华东理工大学(上海市)[公办],,风景园林(未来人居环境方向),,,611,,04,,河北官方联合分数统计表为扫描PDF，本分档累计数未能稳定OCR，精确位次留空
0800,华东理工大学(上海市)[公办],,工商管理类,,,621,,05,,河北官方联合分数统计表为扫描PDF，本分档累计数未能稳定OCR，精确位次留空
0800,华东理工大学(上海市)[公办],,公共管理类,,,612,,06,,河北官方联合分数统计表为扫描PDF，本分档累计数未能稳定OCR，精确位次留空
0802,华东师范大学(上海市)[公办],,金融学类,,,641,,05,,河北官方联合分数统计表为扫描PDF，本分档累计数未能稳定OCR，精确位次留空
0802,华东师范大学(上海市)[公办],,法学(双学位),,,649,,06,,河北官方联合分数统计表为扫描PDF，本分档累计数未能稳定OCR，精确位次留空
0802,华东师范大学(上海市)[公办],,教育学类,,,635,,07,,河北官方联合分数统计表为扫描PDF，本分档累计数未能稳定OCR，精确位次留空
0802,华东师范大学(上海市)[公办],,汉语言文学,,,651,,08,,河北官方联合分数统计表为扫描PDF，本分档累计数未能稳定OCR，精确位次留空
0802,华东师范大学(上海市)[公办],,汉语国际教育,,,637,,09,,河北官方联合分数统计表为扫描PDF，本分档累计数未能稳定OCR，精确位次留空
0802,华东师范大学(上海市)[公办],,新闻传播学类,,,646,,10,,河北官方联合分数统计表为扫描PDF，本分档累计数未能稳定OCR，精确位次留空
0802,华东师范大学(上海市)[公办],,历史学,,,645,,11,,河北官方联合分数统计表为扫描PDF，本分档累计数未能稳定OCR，精确位次留空
0802,华东师范大学(上海市)[公办],,人力资源管理(双学位),,,636,,12,,河北官方联合分数统计表为扫描PDF，本分档累计数未能稳定OCR，精确位次留空
0807,华东政法大学(上海市)[公办],,法学,,,643,,01,,河北官方联合分数统计表为扫描PDF，本分档累计数未能稳定OCR，精确位次留空
0807,华东政法大学(上海市)[公办],,政治学与行政学,,,622,,02,,河北官方联合分数统计表为扫描PDF，本分档累计数未能稳定OCR，精确位次留空
0807,华东政法大学(上海市)[公办],,公共管理类,,,616,,03,,河北官方联合分数统计表为扫描PDF，本分档累计数未能稳定OCR，精确位次留空
0808,华南理工大学(广州市)[公办],,经济学类,,,631,,01,,河北官方联合分数统计表为扫描PDF，本分档累计数未能稳定OCR，精确位次留空
0808,华南理工大学(广州市)[公办],,法学类,,,637,,02,,河北官方联合分数统计表为扫描PDF，本分档累计数未能稳定OCR，精确位次留空
0808,华南理工大学(广州市)[公办],,法学(卓越法律班),,,643,,03,,河北官方联合分数统计表为扫描PDF，本分档累计数未能稳定OCR，精确位次留空
0808,华南理工大学(广州市)[公办],,新闻传播学类,,,622,,04,,河北官方联合分数统计表为扫描PDF，本分档累计数未能稳定OCR，精确位次留空
0808,华南理工大学(广州市)[公办],,工商管理类,,,629,1611,05,,
0808,华南理工大学(广州市)[公办],,行政管理,,,626,,06,,河北官方联合分数统计表为扫描PDF，本分档累计数未能稳定OCR，精确位次留空
0812,华南师范大学(广州市)[公办],,金融学,,,618,,02,,河北官方联合分数统计表为扫描PDF，本分档累计数未能稳定OCR，精确位次留空
0812,华南师范大学(广州市)[公办],,法学,,,624,,03,,河北官方联合分数统计表为扫描PDF，本分档累计数未能稳定OCR，精确位次留空
0812,华南师范大学(广州市)[公办],,社会工作,,,608,,04,,河北官方联合分数统计表为扫描PDF，本分档累计数未能稳定OCR，精确位次留空
0812,华南师范大学(广州市)[公办],,俄语,,,602,,05,,河北官方联合分数统计表为扫描PDF，本分档累计数未能稳定OCR，精确位次留空
0812,华南师范大学(广州市)[公办],,日语,,,604,,06,,河北官方联合分数统计表为扫描PDF，本分档累计数未能稳定OCR，精确位次留空
0812,华南师范大学(广州市)[公办],,传播学,,,613,,07,,河北官方联合分数统计表为扫描PDF，本分档累计数未能稳定OCR，精确位次留空
0812,华南师范大学(广州市)[公办],,历史学(师范),,,615,,08,,河北官方联合分数统计表为扫描PDF，本分档累计数未能稳定OCR，精确位次留空
0812,华南师范大学(广州市)[公办],,公共事业管理,,,610,,09,,河北官方联合分数统计表为扫描PDF，本分档累计数未能稳定OCR，精确位次留空
0812,华南师范大学(广州市)[公办],,物流管理,,,606,,10,,河北官方联合分数统计表为扫描PDF，本分档累计数未能稳定OCR，精确位次留空
0812,华南师范大学(广州市)[公办],,旅游管理,,,604,,11,,河北官方联合分数统计表为扫描PDF，本分档累计数未能稳定OCR，精确位次留空
0813,华侨大学(泉州市，厦门市)[公办],,哲学(中西哲学比较试验班、中华文化学试验班),,,596,6980,01,,
0813,华侨大学(泉州市，厦门市)[公办],,经济学类(中美121双学位班，可接轨CFA金融分析师),,,578,11905,02,,
0813,华侨大学(泉州市，厦门市)[公办],,经济学,,,600,,03,,河北官方联合分数统计表为扫描PDF，本分档累计数未能稳定OCR，精确位次留空
0813,华侨大学(泉州市，厦门市)[公办],,法学,,,610,,04,,河北官方联合分数统计表为扫描PDF，本分档累计数未能稳定OCR，精确位次留空
0813,华侨大学(泉州市，厦门市)[公办],,汉语言文学,,,602,,05,,河北官方联合分数统计表为扫描PDF，本分档累计数未能稳定OCR，精确位次留空
0813,华侨大学(泉州市，厦门市)[公办],,汉语国际教育,,,587,,06,,河北官方联合分数统计表为扫描PDF，本分档累计数未能稳定OCR，精确位次留空
0813,华侨大学(泉州市，厦门市)[公办],,英语,,,588,,07,,河北官方联合分数统计表为扫描PDF，本分档累计数未能稳定OCR，精确位次留空
0813,华侨大学(泉州市，厦门市)[公办],,翻译,,,583,10447,08,,
0813,华侨大学(泉州市，厦门市)[公办],,广播电视学(新媒体视听传播方向、数字营销方向),,,583,10447,09,,
0813,华侨大学(泉州市，厦门市)[公办],,数字出版,,,583,10447,10,,
0813,华侨大学(泉州市，厦门市)[公办],,建筑学,,,573,13600,11,,
0813,华侨大学(泉州市，厦门市)[公办],,城乡规划,,,582,10728,12,,
0813,华侨大学(泉州市，厦门市)[公办],,工商管理类(中美121双学位班，可接轨ACCA国际注会),,,566,16100,13,,
0813,华侨大学(泉州市，厦门市)[公办],,工商管理,,,591,,14,,河北官方联合分数统计表为扫描PDF，本分档累计数未能稳定OCR，精确位次留空
0813,华侨大学(泉州市，厦门市)[公办],,市场营销(智慧营销方向),,,583,10447,15,,
0813,华侨大学(泉州市，厦门市)[公办],,国际商务(全英文教学),,,571,14284,16,,
0813,华侨大学(泉州市，厦门市)[公办],,行政管理(数字政府治理、社会福利、公共危机管理),,,589,,17,,河北官方联合分数统计表为扫描PDF，本分档累计数未能稳定OCR，精确位次留空
0813,华侨大学(泉州市，厦门市)[公办],,电子商务,,,586,,18,,河北官方联合分数统计表为扫描PDF，本分档累计数未能稳定OCR，精确位次留空
0813,华侨大学(泉州市，厦门市)[公办],,旅游管理(数智文旅与管理方向、旅游规划与设计方向),,,575,12935,19,,
0813,华侨大学(泉州市，厦门市)[公办],,会展经济与管理(数智会展与策划管理方向),,,580,11284,20,,
0814,华中科技大学[公办],,经济学类,,,643,,01,,河北官方联合分数统计表为扫描PDF，本分档累计数未能稳定OCR，精确位次留空
0814,华中科技大学[公办],,社会学类,,,631,,02,,河北官方联合分数统计表为扫描PDF，本分档累计数未能稳定OCR，精确位次留空
0814,华中科技大学[公办],,中国语言文学类,,,641,,03,,河北官方联合分数统计表为扫描PDF，本分档累计数未能稳定OCR，精确位次留空
0814,华中科技大学[公办],,外国语言文学类,,,631,,04,,河北官方联合分数统计表为扫描PDF，本分档累计数未能稳定OCR，精确位次留空
0814,华中科技大学[公办],,新闻传播学类,,,635,,05,,河北官方联合分数统计表为扫描PDF，本分档累计数未能稳定OCR，精确位次留空
0814,华中科技大学[公办],,建筑类,,,626,,06,,河北官方联合分数统计表为扫描PDF，本分档累计数未能稳定OCR，精确位次留空
0814,华中科技大学[公办],,国际商务(英语辅修学位),,,636,,07,,河北官方联合分数统计表为扫描PDF，本分档累计数未能稳定OCR，精确位次留空
0814,华中科技大学[公办],,公共事业管理(卫生事业管理),,,634,,08,,河北官方联合分数统计表为扫描PDF，本分档累计数未能稳定OCR，精确位次留空
0817,华中农业大学(武汉市)[公办],,经济学类,,,617,,01,,河北官方联合分数统计表为扫描PDF，本分档累计数未能稳定OCR，精确位次留空
0817,华中农业大学(武汉市)[公办],,法学,,,624,,02,,河北官方联合分数统计表为扫描PDF，本分档累计数未能稳定OCR，精确位次留空
0817,华中农业大学(武汉市)[公办],,社会学类,,,609,,03,,河北官方联合分数统计表为扫描PDF，本分档累计数未能稳定OCR，精确位次留空
0817,华中农业大学(武汉市)[公办],,英语,,,606,,04,,河北官方联合分数统计表为扫描PDF，本分档累计数未能稳定OCR，精确位次留空
0817,华中农业大学(武汉市)[公办],,广告学,,,610,,05,,河北官方联合分数统计表为扫描PDF，本分档累计数未能稳定OCR，精确位次留空
0817,华中农业大学(武汉市)[公办],,风景园林,,,613,,06,,河北官方联合分数统计表为扫描PDF，本分档累计数未能稳定OCR，精确位次留空
0817,华中农业大学(武汉市)[公办],,工商管理类,,,615,,07,,河北官方联合分数统计表为扫描PDF，本分档累计数未能稳定OCR，精确位次留空
0817,华中农业大学(武汉市)[公办],,公共管理类,,,611,,08,,河北官方联合分数统计表为扫描PDF，本分档累计数未能稳定OCR，精确位次留空
0817,华中农业大学(武汉市)[公办],,农林经济管理(中外合作办学),,,594,,09,,河北官方联合分数统计表为扫描PDF，本分档累计数未能稳定OCR，精确位次留空
0820,华中师范大学(武汉市)[公办],,经济学类,,,625,,05,,河北官方联合分数统计表为扫描PDF，本分档累计数未能稳定OCR，精确位次留空
0820,华中师范大学(武汉市)[公办],,法学类,,,630,1523,06,,
0820,华中师范大学(武汉市)[公办],,政治学类,,,623,,07,,河北官方联合分数统计表为扫描PDF，本分档累计数未能稳定OCR，精确位次留空
0820,华中师范大学(武汉市)[公办],,社会学类,,,622,,08,,河北官方联合分数统计表为扫描PDF，本分档累计数未能稳定OCR，精确位次留空
0820,华中师范大学(武汉市)[公办],,马克思主义理论类,,,627,1789,09,,
0820,华中师范大学(武汉市)[公办],,教育学类,,,621,,10,,河北官方联合分数统计表为扫描PDF，本分档累计数未能稳定OCR，精确位次留空
0820,华中师范大学(武汉市)[公办],,教育学(创新实验班),,,622,,11,,河北官方联合分数统计表为扫描PDF，本分档累计数未能稳定OCR，精确位次留空
0820,华中师范大学(武汉市)[公办],,中国语言文学类,,,632,,12,,河北官方联合分数统计表为扫描PDF，本分档累计数未能稳定OCR，精确位次留空
0820,华中师范大学(武汉市)[公办],,汉语言文学(国家拔尖学生培养基地班),,,636,,13,,河北官方联合分数统计表为扫描PDF，本分档累计数未能稳定OCR，精确位次留空
0820,华中师范大学(武汉市)[公办],,外国语言文学类,,,628,1697,14,,
0820,华中师范大学(武汉市)[公办],,新闻传播学类,,,621,,15,,河北官方联合分数统计表为扫描PDF，本分档累计数未能稳定OCR，精确位次留空
0820,华中师范大学(武汉市)[公办],,历史学(开沅国家拔尖学生培养基地班),,,630,1523,16,,
0820,华中师范大学(武汉市)[公办],,地理科学类,,,627,1789,17,,
0820,华中师范大学(武汉市)[公办],,公共管理类,,,620,,18,,河北官方联合分数统计表为扫描PDF，本分档累计数未能稳定OCR，精确位次留空
0820,华中师范大学(武汉市)[公办],,信息资源管理(含创新实验班),,,616,,19,,河北官方联合分数统计表为扫描PDF，本分档累计数未能稳定OCR，精确位次留空
0822,怀化学院[公办],,法学,,,559,18763,01,,
0822,怀化学院[公办],,社会工作,,,535,29738,02,,
0822,怀化学院[公办],,思想政治教育,,,550,22582,03,,
0822,怀化学院[公办],,汉语言文学,,,555,20401,04,,
0822,怀化学院[公办],,英语,,,541,26772,05,,
0822,怀化学院[公办],,网络与新媒体,,,548,23511,06,,
0822,怀化学院[公办],,风景园林,,,535,29738,07,,
0822,怀化学院[公办],,物流管理,,,532,31323,08,,
0822,怀化学院[公办],,旅游管理,,,530,32409,09,,
0824,淮北师范大学[公办],,经济学,,,573,13600,01,,
0824,淮北师范大学[公办],,法学,,,591,,02,,河北官方联合分数统计表为扫描PDF，本分档累计数未能稳定OCR，精确位次留空
0824,淮北师范大学[公办],,社会工作,,,562,17629,03,,
0824,淮北师范大学[公办],,思想政治教育,,,586,,04,,河北官方联合分数统计表为扫描PDF，本分档累计数未能稳定OCR，精确位次留空
0824,淮北师范大学[公办],,特殊教育,,,564,16810,05,,
0824,淮北师范大学[公办],,汉语言文学,,,589,,06,,河北官方联合分数统计表为扫描PDF，本分档累计数未能稳定OCR，精确位次留空
0824,淮北师范大学[公办],,汉语国际教育,,,569,14990,07,,
0824,淮北师范大学[公办],,英语,,,578,11905,08,,
0824,淮北师范大学[公办],,日语,,,555,20401,09,,
0824,淮北师范大学[公办],,翻译,,,569,14990,10,,
0824,淮北师范大学[公办],,商务英语,,,557,19607,11,,
0824,淮北师范大学[公办],,新闻学,,,570,14639,12,,
0824,淮北师范大学[公办],,网络与新媒体,,,572,13953,13,,
0824,淮北师范大学[公办],,历史学,,,578,11905,14,,
0824,淮北师范大学[公办],,文化遗产,,,565,16482,15,,
0824,淮北师范大学[公办],,会计学,,,581,11023,16,,
0824,淮北师范大学[公办],,人力资源管理,,,569,14990,17,,
0824,淮北师范大学[公办],,旅游管理,,,548,23511,18,,
0830,淮阴师范学院(淮安市)[公办],,法学,,,572,13953,01,,
0830,淮阴师范学院(淮安市)[公办],,行政管理,,,538,28223,02,,
0830,淮阴师范学院(淮安市)[公办],,广播电视编导,,,522,36684,03,,
0831,黄冈师范学院[公办],,国际经济与贸易,,,537,28710,01,,
0831,黄冈师范学院[公办],,思想政治教育,,,558,19202,02,,
0831,黄冈师范学院[公办],,汉语言文学,,,571,14284,03,,
0831,黄冈师范学院[公办],,英语,,,549,23040,04,,
0831,黄冈师范学院[公办],,广播电视编导,,,529,32927,05,,
0833,黄淮学院(驻马店市)[公办],,汉语言文学,,,553,21243,01,,
0833,黄淮学院(驻马店市)[公办],,网络与新媒体,,,537,28710,02,,
0833,黄淮学院(驻马店市)[公办],,城乡规划,,,533,30800,03,,
0834,黄山学院[公办],,市场营销,,,524,35601,01,,
0839,惠州学院[公办],,国际经济与贸易,,,540,27280,01,,
0842,吉林财经大学(长春市)[公办],,经济学,,,588,,01,,河北官方联合分数统计表为扫描PDF，本分档累计数未能稳定OCR，精确位次留空
0842,吉林财经大学(长春市)[公办],,财政学,,,591,,02,,河北官方联合分数统计表为扫描PDF，本分档累计数未能稳定OCR，精确位次留空
0842,吉林财经大学(长春市)[公办],,国际税收,,,587,,03,,河北官方联合分数统计表为扫描PDF，本分档累计数未能稳定OCR，精确位次留空
0842,吉林财经大学(长春市)[公办],,金融学,,,586,,04,,河北官方联合分数统计表为扫描PDF，本分档累计数未能稳定OCR，精确位次留空
0842,吉林财经大学(长春市)[公办],,国际经济与贸易,,,572,13953,05,,
0842,吉林财经大学(长春市)[公办],,法学,,,603,,06,,河北官方联合分数统计表为扫描PDF，本分档累计数未能稳定OCR，精确位次留空
0842,吉林财经大学(长春市)[公办],,日语,,,551,22095,07,,
0842,吉林财经大学(长春市)[公办],,朝鲜语,,,547,23983,08,,
0842,吉林财经大学(长春市)[公办],,新闻学,,,573,13600,09,,
0842,吉林财经大学(长春市)[公办],,工商管理,,,582,10728,10,,
0842,吉林财经大学(长春市)[公办],,会计学,,,603,,11,,河北官方联合分数统计表为扫描PDF，本分档累计数未能稳定OCR，精确位次留空
0842,吉林财经大学(长春市)[公办],,财务管理,,,600,,12,,河北官方联合分数统计表为扫描PDF，本分档累计数未能稳定OCR，精确位次留空
0842,吉林财经大学(长春市)[公办],,国际商务,,,555,20401,13,,
0842,吉林财经大学(长春市)[公办],,公共事业管理,,,565,16482,14,,
0842,吉林财经大学(长春市)[公办],,养老服务管理,,,566,16100,15,,
0842,吉林财经大学(长春市)[公办],,旅游管理,,,550,22582,16,,
0842,吉林财经大学(长春市)[公办],,金融学(中外合作办学),,,564,16810,17,,
0842,吉林财经大学(长春市)[公办],,会计学(中外合作办学),,,578,11905,18,,
0843,吉林大学[公办],,人文科学试验班(匡亚明班，双学士学位),,,643,,07,,河北官方联合分数统计表为扫描PDF，本分档累计数未能稳定OCR，精确位次留空
0843,吉林大学[公办],,哲学(匡亚明班，拔尖学生培养基地),,,637,,08,,河北官方联合分数统计表为扫描PDF，本分档累计数未能稳定OCR，精确位次留空
0843,吉林大学[公办],,哲学,,,629,1611,09,,
0843,吉林大学[公办],,经济学类,,,633,,10,,河北官方联合分数统计表为扫描PDF，本分档累计数未能稳定OCR，精确位次留空
0843,吉林大学[公办],,经济学(匡亚明班，拔尖学生培养基地),,,638,,11,,河北官方联合分数统计表为扫描PDF，本分档累计数未能稳定OCR，精确位次留空
0843,吉林大学[公办],,经济学(国别与区域经济),,,629,1611,12,,
0843,吉林大学[公办],,法学(吕振羽班),,,653,,13,,河北官方联合分数统计表为扫描PDF，本分档累计数未能稳定OCR，精确位次留空
0843,吉林大学[公办],,法学(涉外法治人才试验班),,,651,,14,,河北官方联合分数统计表为扫描PDF，本分档累计数未能稳定OCR，精确位次留空
0843,吉林大学[公办],,法学,,,650,,15,,河北官方联合分数统计表为扫描PDF，本分档累计数未能稳定OCR，精确位次留空
0843,吉林大学[公办],,政治学与行政学,,,627,1789,16,,
0843,吉林大学[公办],,外交学,,,627,1789,17,,
0843,吉林大学[公办],,社会学类,,,628,1697,18,,
0843,吉林大学[公办],,汉语言文学,,,637,,19,,河北官方联合分数统计表为扫描PDF，本分档累计数未能稳定OCR，精确位次留空
0843,吉林大学[公办],,英语,,,632,,20,,河北官方联合分数统计表为扫描PDF，本分档累计数未能稳定OCR，精确位次留空
0843,吉林大学[公办],,俄语(双学士学位),,,625,,21,,河北官方联合分数统计表为扫描PDF，本分档累计数未能稳定OCR，精确位次留空
0843,吉林大学[公办],,俄语,,,624,,22,,河北官方联合分数统计表为扫描PDF，本分档累计数未能稳定OCR，精确位次留空
0843,吉林大学[公办],,日语(双学士学位),,,623,,23,,河北官方联合分数统计表为扫描PDF，本分档累计数未能稳定OCR，精确位次留空
0843,吉林大学[公办],,日语,,,627,1789,24,,
0843,吉林大学[公办],,新闻传播学类,,,623,,25,,河北官方联合分数统计表为扫描PDF，本分档累计数未能稳定OCR，精确位次留空
0843,吉林大学[公办],,历史学,,,632,,26,,河北官方联合分数统计表为扫描PDF，本分档累计数未能稳定OCR，精确位次留空
0843,吉林大学[公办],,考古学(匡亚明班，拔尖学生培养基地),,,637,,27,,河北官方联合分数统计表为扫描PDF，本分档累计数未能稳定OCR，精确位次留空
0843,吉林大学[公办],,考古学,,,633,,28,,河北官方联合分数统计表为扫描PDF，本分档累计数未能稳定OCR，精确位次留空
0846,吉林工程技术师范学院(长春市)[公办],,学前教育,,,520,37811,01,,
0846,吉林工程技术师范学院(长春市)[公办],,汉语言文学,,,544,25427,02,,
0846,吉林工程技术师范学院(长春市)[公办],,英语,,,528,33434,03,,
0848,吉林工商学院(长春市)[公办],,经济学,,,552,21668,01,,
0848,吉林工商学院(长春市)[公办],,财政学,,,553,21243,02,,
0848,吉林工商学院(长春市)[公办],,税收学,,,552,21668,03,,
0848,吉林工商学院(长春市)[公办],,保险学,,,540,27280,04,,
0848,吉林工商学院(长春市)[公办],,投资学,,,542,26359,05,,
0848,吉林工商学院(长春市)[公办],,国际经济与贸易,,,541,26772,06,,
0848,吉林工商学院(长春市)[公办],,英语,,,542,26359,07,,
0848,吉林工商学院(长春市)[公办],,日语,,,532,31323,08,,
0848,吉林工商学院(长春市)[公办],,广告学,,,543,25909,09,,
0848,吉林工商学院(长春市)[公办],,网络与新媒体,,,546,24485,10,,
0848,吉林工商学院(长春市)[公办],,市场营销,,,534,30243,11,,
0848,吉林工商学院(长春市)[公办],,会计学,,,563,17236,12,,
0848,吉林工商学院(长春市)[公办],,财务管理,,,557,19607,13,,
0848,吉林工商学院(长春市)[公办],,资产评估,,,543,25909,14,,
0848,吉林工商学院(长春市)[公办],,物流管理,,,536,29242,15,,
0848,吉林工商学院(长春市)[公办],,旅游管理,,,527,33954,16,,
0848,吉林工商学院(长春市)[公办],,酒店管理,,,523,36127,17,,
0851,吉林建筑大学(长春市)[公办],,城乡规划,,,552,21668,01,,
0851,吉林建筑大学(长春市)[公办],,建筑学(中外合作办学),,,510,43673,02,,
0853,吉林警察学院(长春市)[公办],,法学,,,573,13600,01,,
0853,吉林警察学院(长春市)[公办],,朝鲜语,,,517,39505,02,,
0854,吉林农业大学(长春市)[公办],,金融学,,,568,15333,02,,
0854,吉林农业大学(长春市)[公办],,社会学类,,,558,19202,03,,
0854,吉林农业大学(长春市)[公办],,思想政治教育,,,574,13269,04,,
0854,吉林农业大学(长春市)[公办],,英语,,,564,16810,05,,
0854,吉林农业大学(长春市)[公办],,工商管理类,,,563,17236,06,,
0855,吉林农业科技学院[公办],,国际经济与贸易,,,531,31846,01,,
0855,吉林农业科技学院[公办],,英语,,,533,30800,02,,
0855,吉林农业科技学院[公办],,朝鲜语,,,516,40076,03,,
0855,吉林农业科技学院[公办],,工商管理类,,,536,29242,04,,
0855,吉林农业科技学院[公办],,电子商务,,,528,33434,05,,
0856,吉林师范大学[公办],,金融学,,,556,19979,01,,
0856,吉林师范大学[公办],,国际经济与贸易,,,568,15333,02,,
0856,吉林师范大学[公办],,民族学,,,551,22095,03,,
0856,吉林师范大学[公办],,思想政治教育,,,586,,04,,河北官方联合分数统计表为扫描PDF，本分档累计数未能稳定OCR，精确位次留空
0856,吉林师范大学[公办],,学前教育,,,540,27280,05,,
0856,吉林师范大学[公办],,小学教育,,,571,14284,06,,
0856,吉林师范大学[公办],,汉语言文学,,,589,,07,,河北官方联合分数统计表为扫描PDF，本分档累计数未能稳定OCR，精确位次留空
0856,吉林师范大学[公办],,汉语国际教育,,,574,13269,08,,
0856,吉林师范大学[公办],,英语,,,576,12601,09,,
0856,吉林师范大学[公办],,俄语,,,548,23511,10,,
0856,吉林师范大学[公办],,德语,,,547,23983,11,,
0856,吉林师范大学[公办],,朝鲜语,,,543,25909,12,,
0856,吉林师范大学[公办],,新闻学,,,571,14284,13,,
0856,吉林师范大学[公办],,历史学,,,579,11592,14,,
0856,吉林师范大学[公办],,地理科学,,,577,12264,15,,
0856,吉林师范大学[公办],,市场营销,,,551,22095,16,,
0856,吉林师范大学[公办],,旅游管理,,,538,28223,17,,
0856,吉林师范大学[公办],,学前教育(中外合作办学),,,526,34483,18,,
0857,吉林师范大学(按高考文化课成绩录取的艺术类专业)[公办],,广播电视编导,,,543,25909,01,,
0860,吉林体育学院(长春市)[公办],,公共事业管理,,,517,39505,01,,
0860,吉林体育学院(长春市)[公办],,智慧健康养老管理,,,517,39505,02,,
0862,吉林医药学院[公办],,公共事业管理,,,534,30243,01,,
0862,吉林医药学院[公办],,健康服务与管理,,,543,25909,02,,
0864,吉林艺术学院(长春市)(按高考文化课成绩录取的艺术类专业)[公办],,艺术管理,,,512,42421,01,,
0864,吉林艺术学院(长春市)(按高考文化课成绩录取的艺术类专业)[公办],,广播电视编导,,,522,36684,02,,
0865,吉首大学[公办],,哲学,,,561,17998,01,,
0865,吉首大学[公办],,经济学,,,569,14990,02,,
0865,吉首大学[公办],,法学,,,585,9855,03,,
0865,吉首大学[公办],,汉语言文学,,,582,10728,04,,
0865,吉首大学[公办],,英语,,,562,17629,05,,
0865,吉首大学[公办],,翻译,,,551,22095,06,,
0865,吉首大学[公办],,新闻学,,,559,18763,07,,
0865,吉首大学[公办],,网络与新媒体,,,561,17998,08,,
0867,集美大学(厦门市)[公办],,经济学,,,603,,01,,河北官方联合分数统计表为扫描PDF，本分档累计数未能稳定OCR，精确位次留空
0867,集美大学(厦门市)[公办],,法学,,,612,,02,,河北官方联合分数统计表为扫描PDF，本分档累计数未能稳定OCR，精确位次留空
0867,集美大学(厦门市)[公办],,社会工作,,,588,,03,,河北官方联合分数统计表为扫描PDF，本分档累计数未能稳定OCR，精确位次留空
0867,集美大学(厦门市)[公办],,学前教育,,,572,13953,04,,
0867,集美大学(厦门市)[公办],,会计学,,,608,,05,,河北官方联合分数统计表为扫描PDF，本分档累计数未能稳定OCR，精确位次留空
0867,集美大学(厦门市)[公办],,审计学,,,605,,06,,河北官方联合分数统计表为扫描PDF，本分档累计数未能稳定OCR，精确位次留空
0868,集宁师范学院(乌兰察布市)[公办],,汉语言文学,,,543,25909,01,,
0868,集宁师范学院(乌兰察布市)[公办],,英语,,,526,34483,02,,
0868,集宁师范学院(乌兰察布市)[公办],,新闻学,,,530,32409,03,,
0868,集宁师范学院(乌兰察布市)[公办],,人文地理与城乡规划,,,522,36684,04,,
0869,济南大学[公办],,法学,,,605,,01,,河北官方联合分数统计表为扫描PDF，本分档累计数未能稳定OCR，精确位次留空
0869,济南大学[公办],,社会工作,,,583,10447,02,,
0869,济南大学[公办],,思想政治教育(师范类),,,602,,03,,河北官方联合分数统计表为扫描PDF，本分档累计数未能稳定OCR，精确位次留空
0869,济南大学[公办],,汉语言文学(师范类),,,606,,04,,河北官方联合分数统计表为扫描PDF，本分档累计数未能稳定OCR，精确位次留空
0869,济南大学[公办],,英语(师范兼非师范),,,590,,05,,河北官方联合分数统计表为扫描PDF，本分档累计数未能稳定OCR，精确位次留空
0869,济南大学[公办],,法语,,,565,16482,06,,
0869,济南大学[公办],,新闻传播学类,,,588,,07,,河北官方联合分数统计表为扫描PDF，本分档累计数未能稳定OCR，精确位次留空
0869,济南大学[公办],,历史学(师范类),,,597,6701,08,,
0869,济南大学[公办],,公共管理类,,,585,9855,09,,
0873,济宁学院[公办],,网络与新媒体,,,554,20836,01,,
0877,暨南大学[公办],,经济学(拔尖创新班),,,626,,02,,河北官方联合分数统计表为扫描PDF，本分档累计数未能稳定OCR，精确位次留空
0877,暨南大学[公办],,法学,,,631,,03,,河北官方联合分数统计表为扫描PDF，本分档累计数未能稳定OCR，精确位次留空
0877,暨南大学[公办],,汉语言文学,,,625,,04,,河北官方联合分数统计表为扫描PDF，本分档累计数未能稳定OCR，精确位次留空
0877,暨南大学[公办],,法语,,,612,,05,,河北官方联合分数统计表为扫描PDF，本分档累计数未能稳定OCR，精确位次留空
0877,暨南大学[公办],,日语,,,609,,06,,河北官方联合分数统计表为扫描PDF，本分档累计数未能稳定OCR，精确位次留空
0877,暨南大学[公办],,商务英语,,,615,,07,,河北官方联合分数统计表为扫描PDF，本分档累计数未能稳定OCR，精确位次留空
0877,暨南大学[公办],,广告学,,,618,,08,,河北官方联合分数统计表为扫描PDF，本分档累计数未能稳定OCR，精确位次留空
0877,暨南大学[公办],,国际新闻与传播(全英语教学),,,620,,09,,河北官方联合分数统计表为扫描PDF，本分档累计数未能稳定OCR，精确位次留空
0877,暨南大学[公办],,历史学(炳松班),,,620,,10,,河北官方联合分数统计表为扫描PDF，本分档累计数未能稳定OCR，精确位次留空
0877,暨南大学[公办],,工商管理,,,617,,11,,河北官方联合分数统计表为扫描PDF，本分档累计数未能稳定OCR，精确位次留空
0877,暨南大学[公办],,会计学,,,629,1611,12,,
0877,暨南大学[公办],,国际商务,,,614,,13,,河北官方联合分数统计表为扫描PDF，本分档累计数未能稳定OCR，精确位次留空
0877,暨南大学[公办],,国际商务(国际班),,,615,,14,,河北官方联合分数统计表为扫描PDF，本分档累计数未能稳定OCR，精确位次留空
0877,暨南大学[公办],,旅游管理,,,611,,15,,河北官方联合分数统计表为扫描PDF，本分档累计数未能稳定OCR，精确位次留空
0880,佳木斯大学[公办],,思想政治教育,,,559,18763,01,,
0880,佳木斯大学[公办],,历史学,,,556,19979,02,,
0882,嘉兴大学[公办],,学前教育,,,562,17629,01,,
0882,嘉兴大学[公办],,英语,,,575,12935,02,,
0882,嘉兴大学[公办],,日语,,,569,14990,03,,
0882,嘉兴大学[公办],,工商管理,,,590,,04,,河北官方联合分数统计表为扫描PDF，本分档累计数未能稳定OCR，精确位次留空
0882,嘉兴大学[公办],,会计学,,,595,,05,,河北官方联合分数统计表为扫描PDF，本分档累计数未能稳定OCR，精确位次留空
0883,嘉兴南湖学院[公办],,日语,,,560,18388,01,,
0883,嘉兴南湖学院[公办],,跨境电子商务,,,555,20401,02,,
0889,江南大学(无锡市)[公办],,金融学,,,621,,01,,河北官方联合分数统计表为扫描PDF，本分档累计数未能稳定OCR，精确位次留空
0889,江南大学(无锡市)[公办],,法学,,,626,,02,,河北官方联合分数统计表为扫描PDF，本分档累计数未能稳定OCR，精确位次留空
0889,江南大学(无锡市)[公办],,思想政治教育,,,618,,03,,河北官方联合分数统计表为扫描PDF，本分档累计数未能稳定OCR，精确位次留空
0889,江南大学(无锡市)[公办],,汉语言文学,,,624,,04,,河北官方联合分数统计表为扫描PDF，本分档累计数未能稳定OCR，精确位次留空
0889,江南大学(无锡市)[公办],,日语(涉外法治人才卓越创新班),,,616,,05,,河北官方联合分数统计表为扫描PDF，本分档累计数未能稳定OCR，精确位次留空
0889,江南大学(无锡市)[公办],,日语,,,615,,06,,河北官方联合分数统计表为扫描PDF，本分档累计数未能稳定OCR，精确位次留空
0889,江南大学(无锡市)[公办],,会计学,,,624,,07,,河北官方联合分数统计表为扫描PDF，本分档累计数未能稳定OCR，精确位次留空
0896,江苏大学(镇江市)[公办],,法学,,,617,,01,,河北官方联合分数统计表为扫描PDF，本分档累计数未能稳定OCR，精确位次留空
0896,江苏大学(镇江市)[公办],,汉语言文学,,,619,,02,,河北官方联合分数统计表为扫描PDF，本分档累计数未能稳定OCR，精确位次留空
0896,江苏大学(镇江市)[公办],,英语,,,608,,03,,河北官方联合分数统计表为扫描PDF，本分档累计数未能稳定OCR，精确位次留空
0897,江苏第二师范学院(南京市)[公办],,学前教育(师范),,,551,22095,01,,
0897,江苏第二师范学院(南京市)[公办],,英语(师范),,,569,14990,02,,
0902,江苏海洋大学(连云港市)[公办],,国际经济与贸易,,,569,14990,01,,
0902,江苏海洋大学(连云港市)[公办],,英语,,,576,12601,02,,
0902,江苏海洋大学(连云港市)[公办],,俄语,,,560,18388,03,,
0902,江苏海洋大学(连云港市)[公办],,日语,,,558,19202,04,,
0902,江苏海洋大学(连云港市)[公办],,新闻学,,,575,12935,05,,
0902,江苏海洋大学(连云港市)[公办],,建筑学,,,561,17998,06,,
0902,江苏海洋大学(连云港市)[公办],,行政管理,,,564,16810,07,,
0902,江苏海洋大学(连云港市)[公办],,物流管理,,,573,13600,08,,
0909,江苏科技大学(镇江市)[公办],,英语,,,585,9855,01,,
0909,江苏科技大学(镇江市)[公办],,俄语,,,565,16482,02,,
0909,江苏科技大学(镇江市)[公办],,会计学,,,605,,03,,河北官方联合分数统计表为扫描PDF，本分档累计数未能稳定OCR，精确位次留空
0910,江苏理工学院[公办],,汉语言文学,,,570,14639,01,,
0910,江苏理工学院[公办],,会计学,,,572,13953,02,,
0910,江苏理工学院[公办],,财务管理,,,571,14284,03,,
0914,江苏师范大学(徐州市)[公办],,汉语言文学,,,610,,01,,河北官方联合分数统计表为扫描PDF，本分档累计数未能稳定OCR，精确位次留空
0914,江苏师范大学(徐州市)[公办],,汉语国际教育,,,602,,02,,河北官方联合分数统计表为扫描PDF，本分档累计数未能稳定OCR，精确位次留空
0914,江苏师范大学(徐州市)[公办],,英语,,,600,,03,,河北官方联合分数统计表为扫描PDF，本分档累计数未能稳定OCR，精确位次留空
0914,江苏师范大学(徐州市)[公办],,语言学,,,589,,04,,河北官方联合分数统计表为扫描PDF，本分档累计数未能稳定OCR，精确位次留空
0914,江苏师范大学(徐州市)[公办],,历史学,,,601,,05,,河北官方联合分数统计表为扫描PDF，本分档累计数未能稳定OCR，精确位次留空
0914,江苏师范大学(徐州市)[公办],,地理科学,,,600,,06,,河北官方联合分数统计表为扫描PDF，本分档累计数未能稳定OCR，精确位次留空
0919,江西财经大学(南昌市)[公办],,经济学(数理经济),,,609,,01,,河北官方联合分数统计表为扫描PDF，本分档累计数未能稳定OCR，精确位次留空
0919,江西财经大学(南昌市)[公办],,财政学,,,615,,02,,河北官方联合分数统计表为扫描PDF，本分档累计数未能稳定OCR，精确位次留空
0919,江西财经大学(南昌市)[公办],,税收学,,,614,,03,,河北官方联合分数统计表为扫描PDF，本分档累计数未能稳定OCR，精确位次留空
0919,江西财经大学(南昌市)[公办],,金融学(国际投资与金融),,,607,,04,,河北官方联合分数统计表为扫描PDF，本分档累计数未能稳定OCR，精确位次留空
0919,江西财经大学(南昌市)[公办],,金融学(CFA方向),,,608,,05,,河北官方联合分数统计表为扫描PDF，本分档累计数未能稳定OCR，精确位次留空
0919,江西财经大学(南昌市)[公办],,金融学,,,611,,06,,河北官方联合分数统计表为扫描PDF，本分档累计数未能稳定OCR，精确位次留空
0919,江西财经大学(南昌市)[公办],,金融学(FRM方向),,,605,,07,,河北官方联合分数统计表为扫描PDF，本分档累计数未能稳定OCR，精确位次留空
0919,江西财经大学(南昌市)[公办],,国际经济与贸易(BA方向),,,601,,08,,河北官方联合分数统计表为扫描PDF，本分档累计数未能稳定OCR，精确位次留空
0919,江西财经大学(南昌市)[公办],,国际经济与贸易,,,601,,09,,河北官方联合分数统计表为扫描PDF，本分档累计数未能稳定OCR，精确位次留空
0919,江西财经大学(南昌市)[公办],,法学,,,619,,10,,河北官方联合分数统计表为扫描PDF，本分档累计数未能稳定OCR，精确位次留空
0919,江西财经大学(南昌市)[公办],,社会工作,,,589,,11,,河北官方联合分数统计表为扫描PDF，本分档累计数未能稳定OCR，精确位次留空
0919,江西财经大学(南昌市)[公办],,商务英语,,,598,6445,12,,
0919,江西财经大学(南昌市)[公办],,工商管理(智能商务),,,601,,13,,河北官方联合分数统计表为扫描PDF，本分档累计数未能稳定OCR，精确位次留空
0919,江西财经大学(南昌市)[公办],,会计学(国际会计),,,614,,14,,河北官方联合分数统计表为扫描PDF，本分档累计数未能稳定OCR，精确位次留空
0919,江西财经大学(南昌市)[公办],,会计学,,,617,,15,,河北官方联合分数统计表为扫描PDF，本分档累计数未能稳定OCR，精确位次留空
0919,江西财经大学(南昌市)[公办],,会计学(CIMA方向),,,616,,16,,河北官方联合分数统计表为扫描PDF，本分档累计数未能稳定OCR，精确位次留空
0919,江西财经大学(南昌市)[公办],,会计学(ACCA方向),,,618,,17,,河北官方联合分数统计表为扫描PDF，本分档累计数未能稳定OCR，精确位次留空
0919,江西财经大学(南昌市)[公办],,财务管理,,,616,,18,,河北官方联合分数统计表为扫描PDF，本分档累计数未能稳定OCR，精确位次留空
0919,江西财经大学(南昌市)[公办],,国际商务,,,598,6445,19,,
0919,江西财经大学(南昌市)[公办],,人力资源管理(数智人力),,,602,,20,,河北官方联合分数统计表为扫描PDF，本分档累计数未能稳定OCR，精确位次留空
0919,江西财经大学(南昌市)[公办],,电子商务,,,596,6980,21,,
0919,江西财经大学(南昌市)[公办],,旅游管理(低空数智文旅),,,597,6701,22,,
0922,江西飞行学院[公办],,市场营销,,,525,35052,01,,
0922,江西飞行学院[公办],,财务管理,,,550,22582,02,,
0930,江西科技师范大学(南昌市)[公办],,思想政治教育,,,582,10728,01,,
0930,江西科技师范大学(南昌市)[公办],,汉语言文学,,,584,10128,02,,
0930,江西科技师范大学(南昌市)[公办],,历史学,,,572,13953,03,,
0930,江西科技师范大学(南昌市)[公办],,文物与博物馆学,,,559,18763,04,,
0930,江西科技师范大学(南昌市)[公办],,会计学,,,577,12264,05,,
0930,江西科技师范大学(南昌市)[公办],,财务管理,,,575,12935,06,,
0930,江西科技师范大学(南昌市)[公办],,人力资源管理,,,543,25909,07,,
0930,江西科技师范大学(南昌市)[公办],,旅游管理,,,549,23040,08,,
0931,江西理工大学[公办],,国际经济与贸易,,,570,14639,01,,
0931,江西理工大学[公办],,法学,,,589,,02,,河北官方联合分数统计表为扫描PDF，本分档累计数未能稳定OCR，精确位次留空
0931,江西理工大学[公办],,汉语国际教育,,,564,16810,03,,
0931,江西理工大学[公办],,英语,,,561,17998,04,,
0931,江西理工大学[公办],,城乡规划,,,554,20836,05,,
0931,江西理工大学[公办],,会计学,,,586,,06,,河北官方联合分数统计表为扫描PDF，本分档累计数未能稳定OCR，精确位次留空
0931,江西理工大学[公办],,财务管理,,,580,11284,07,,
0931,江西理工大学[公办],,人力资源管理,,,565,16482,08,,
0932,江西农业大学(南昌市)[公办],,经济学(数字化方向),,,573,13600,01,,
0932,江西农业大学(南昌市)[公办],,国际经济与贸易,,,570,14639,02,,
0932,江西农业大学(南昌市)[公办],,英语(商务方向),,,562,17629,03,,
0936,江西师范大学(南昌市)[公办],,经济学(数字创新),,,589,,02,,河北官方联合分数统计表为扫描PDF，本分档累计数未能稳定OCR，精确位次留空
0936,江西师范大学(南昌市)[公办],,金融学,,,594,,03,,河北官方联合分数统计表为扫描PDF，本分档累计数未能稳定OCR，精确位次留空
0936,江西师范大学(南昌市)[公办],,国际经济与贸易(数字贸易),,,583,10447,04,,
0936,江西师范大学(南昌市)[公办],,法学,,,599,6241,05,,
0936,江西师范大学(南昌市)[公办],,社会工作(城乡治理),,,565,16482,06,,
0936,江西师范大学(南昌市)[公办],,思想政治教育,,,592,,07,,河北官方联合分数统计表为扫描PDF，本分档累计数未能稳定OCR，精确位次留空
0936,江西师范大学(南昌市)[公办],,学前教育,,,510,43673,08,,
0936,江西师范大学(南昌市)[公办],,小学教育,,,574,13269,09,,
0936,江西师范大学(南昌市)[公办],,汉语言文学,,,591,,10,,河北官方联合分数统计表为扫描PDF，本分档累计数未能稳定OCR，精确位次留空
0936,江西师范大学(南昌市)[公办],,汉语国际教育,,,576,12601,11,,
0936,江西师范大学(南昌市)[公办],,英语,,,580,11284,12,,
0936,江西师范大学(南昌市)[公办],,俄语(俄英双语),,,567,15706,13,,
0936,江西师范大学(南昌市)[公办],,新闻传播学类,,,577,12264,14,,
0936,江西师范大学(南昌市)[公办],,历史学类,,,578,11905,15,,
0936,江西师范大学(南昌市)[公办],,地理科学类,,,578,11905,16,,
0936,江西师范大学(南昌市)[公办],,心理学类,,,579,11592,17,,
0936,江西师范大学(南昌市)[公办],,城乡规划,,,573,13600,18,,
0936,江西师范大学(南昌市)[公办],,工商管理(财税管理),,,578,11905,19,,
0936,江西师范大学(南昌市)[公办],,工商管理(大数据营销),,,579,11592,20,,
0936,江西师范大学(南昌市)[公办],,工商管理(组织人事管理),,,577,12264,21,,
0936,江西师范大学(南昌市)[公办],,会计学(数智会计),,,601,,22,,河北官方联合分数统计表为扫描PDF，本分档累计数未能稳定OCR，精确位次留空
0936,江西师范大学(南昌市)[公办],,文化产业管理(文化策划与管理),,,568,15333,23,,
0936,江西师范大学(南昌市)[公办],,行政管理(数字治理),,,574,13269,24,,
0936,江西师范大学(南昌市)[公办],,行政管理(应急治理),,,568,15333,25,,
0936,江西师范大学(南昌市)[公办],,电子商务(智能商务),,,571,14284,26,,
0937,江西师范大学(南昌市)(按高考文化课成绩录取的艺术类专业)[公办],,广播电视编导,,,551,22095,01,,
0939,江西水利电力大学[公办],,国际经济与贸易,,,559,18763,01,,
0939,江西水利电力大学[公办],,英语,,,558,19202,02,,
0939,江西水利电力大学[公办],,法语,,,546,24485,03,,
0939,江西水利电力大学[公办],,翻译,,,550,22582,04,,
0939,江西水利电力大学[公办],,新闻传播学类,,,555,20401,05,,
0939,江西水利电力大学[公办],,市场营销,,,550,22582,06,,
0939,江西水利电力大学[公办],,财务管理,,,574,13269,07,,
0939,江西水利电力大学[公办],,人力资源管理,,,554,20836,08,,
0939,江西水利电力大学[公办],,审计学,,,578,11905,09,,
0939,江西水利电力大学[公办],,农林经济管理,,,549,23040,10,,
0939,江西水利电力大学[公办],,供应链管理,,,553,21243,11,,
0954,江西中医药大学(南昌市)[公办],,英语,,,562,17629,01,,
0954,江西中医药大学(南昌市)[公办],,中医学,,,602,,02,,河北官方联合分数统计表为扫描PDF，本分档累计数未能稳定OCR，精确位次留空
0954,江西中医药大学(南昌市)[公办],,针灸推拿学,,,585,9855,03,,
0954,江西中医药大学(南昌市)[公办],,护理学,,,551,22095,04,,
0954,江西中医药大学(南昌市)[公办],,公共事业管理,,,559,18763,05,,
0954,江西中医药大学(南昌市)[公办],,健康服务与管理,,,558,19202,06,,
0954,江西中医药大学(南昌市)[公办],,医疗保险,,,547,23983,07,,
0957,金华职业技术大学[公办],,护理,,,547,23983,01,,
0957,金华职业技术大学[公办],,医养照护与管理,,,525,35052,02,,
0957,金华职业技术大学[公办],,跨境电子商务,,,533,30800,03,,
0958,金陵科技学院(南京市)[公办],,汉语国际教育,,,570,14639,01,,
0958,金陵科技学院(南京市)[公办],,古典文献学,,,571,14284,02,,
0958,金陵科技学院(南京市)[公办],,行政管理,,,566,16100,03,,
0962,晋中学院[公办],,学前教育,,,536,29242,01,,
0962,晋中学院[公办],,英语,,,536,29242,02,,
0962,晋中学院[公办],,网络与新媒体,,,538,28223,03,,
0963,荆楚理工学院[公办],,外国语言文学类,,,536,29242,01,,
0967,井冈山大学(吉安市)[公办],,经济与金融,,,560,18388,01,,
0967,井冈山大学(吉安市)[公办],,法学,,,578,11905,02,,
0967,井冈山大学(吉安市)[公办],,社会工作,,,555,20401,03,,
0967,井冈山大学(吉安市)[公办],,中国共产党历史,,,561,17998,04,,
0967,井冈山大学(吉安市)[公办],,思想政治教育,,,575,12935,05,,
0967,井冈山大学(吉安市)[公办],,汉语言文学,,,577,12264,06,,
0967,井冈山大学(吉安市)[公办],,德语,,,547,23983,07,,
0967,井冈山大学(吉安市)[公办],,西班牙语,,,546,24485,08,,
0967,井冈山大学(吉安市)[公办],,会计学,,,575,12935,09,,
0967,井冈山大学(吉安市)[公办],,行政管理,,,555,20401,10,,
0968,景德镇陶瓷大学[公办],,国际经济与贸易,,,573,13600,01,,
0968,景德镇陶瓷大学[公办],,法学,,,589,,02,,河北官方联合分数统计表为扫描PDF，本分档累计数未能稳定OCR，精确位次留空
0968,景德镇陶瓷大学[公办],,知识产权,,,588,,03,,河北官方联合分数统计表为扫描PDF，本分档累计数未能稳定OCR，精确位次留空
0968,景德镇陶瓷大学[公办],,艺术教育,,,563,17236,04,,
0968,景德镇陶瓷大学[公办],,汉语国际教育,,,560,18388,05,,
0968,景德镇陶瓷大学[公办],,英语,,,557,19607,06,,
0968,景德镇陶瓷大学[公办],,日语,,,551,22095,07,,
0968,景德镇陶瓷大学[公办],,考古学,,,577,12264,08,,
0968,景德镇陶瓷大学[公办],,文化遗产,,,570,14639,09,,
0968,景德镇陶瓷大学[公办],,市场营销,,,557,19607,10,,
0968,景德镇陶瓷大学[公办],,会计学,,,577,12264,11,,
0968,景德镇陶瓷大学[公办],,财务管理,,,573,13600,12,,
0969,景德镇学院[公办],,思想政治教育,,,546,24485,01,,
0969,景德镇学院[公办],,艺术教育,,,525,35052,02,,
0969,景德镇学院[公办],,小学教育,,,540,27280,03,,
0969,景德镇学院[公办],,风景园林,,,532,31323,04,,
0969,景德镇学院[公办],,物流管理,,,528,33434,05,,
0970,九江学院[公办],,国际经济与贸易,,,537,28710,01,,
0970,九江学院[公办],,法学,,,564,16810,02,,
0970,九江学院[公办],,学前教育,,,522,36684,03,,
0970,九江学院[公办],,汉语言文学,,,558,19202,04,,
0970,九江学院[公办],,英语,,,537,28710,05,,
0970,九江学院[公办],,建筑学,,,515,40662,06,,
0970,九江学院[公办],,物流管理,,,535,29738,07,,
0970,九江学院[公办],,跨境电子商务,,,527,33954,08,,
0973,喀什大学[公办],,国际经济与贸易,,,533,30800,01,,
0973,喀什大学[公办],,法学,,,555,20401,02,,
0973,喀什大学[公办],,社会工作,,,534,30243,03,,
0973,喀什大学[公办],,思想政治教育,,,549,23040,04,,
0973,喀什大学[公办],,教育学,,,543,25909,05,,
0973,喀什大学[公办],,学前教育,,,527,33954,06,,
0973,喀什大学[公办],,小学教育,,,534,30243,07,,
0973,喀什大学[公办],,汉语言文学,,,555,20401,08,,
0973,喀什大学[公办],,汉语国际教育,,,539,27769,09,,
0973,喀什大学[公办],,英语,,,532,31323,10,,
0973,喀什大学[公办],,俄语,,,528,33434,11,,
0973,喀什大学[公办],,翻译,,,528,33434,12,,
0973,喀什大学[公办],,广播电视学,,,529,32927,13,,
0973,喀什大学[公办],,广告学,,,534,30243,14,,
0973,喀什大学[公办],,历史学,,,540,27280,15,,
0973,喀什大学[公办],,地理科学,,,539,27769,16,,
0973,喀什大学[公办],,心理学,,,537,28710,17,,
0973,喀什大学[公办],,财务管理,,,548,23511,18,,
0973,喀什大学[公办],,跨境电子商务,,,522,36684,19,,
0973,喀什大学[公办],,旅游管理,,,520,37811,20,,
0973,喀什大学[公办],,酒店管理,,,520,37811,21,,
0982,昆明理工大学[公办],,汉语国际教育,,,569,14990,01,,
0982,昆明理工大学[公办],,英语,,,572,13953,02,,
0982,昆明理工大学[公办],,传播学,,,562,17629,03,,
0982,昆明理工大学[公办],,风景园林,,,557,19607,04,,
0982,昆明理工大学[公办],,会计学,,,596,6980,05,,
0983,昆明学院[公办],,思想政治教育,,,557,19607,01,,
0983,昆明学院[公办],,学前教育,,,529,32927,02,,
0983,昆明学院[公办],,特殊教育,,,553,21243,03,,
0983,昆明学院[公办],,汉语言文学,,,564,16810,04,,
0983,昆明学院[公办],,英语,,,540,27280,05,,
0989,兰州财经大学[公办],,金融学(121中俄实验班),,,550,22582,01,,
0989,兰州财经大学[公办],,保险学,,,554,20836,02,,
0989,兰州财经大学[公办],,法学,,,586,,03,,河北官方联合分数统计表为扫描PDF，本分档累计数未能稳定OCR，精确位次留空
0989,兰州财经大学[公办],,英语,,,552,21668,04,,
0989,兰州财经大学[公办],,商务英语,,,550,22582,05,,
0989,兰州财经大学[公办],,新闻学,,,560,18388,06,,
0989,兰州财经大学[公办],,广告学,,,552,21668,07,,
0989,兰州财经大学[公办],,会计学(121中美实验班),,,562,17629,08,,
0989,兰州财经大学[公办],,国际商务(中英实验班),,,542,26359,09,,
0989,兰州财经大学[公办],,人力资源管理,,,564,16810,10,,
0989,兰州财经大学[公办],,审计学,,,585,9855,11,,
0989,兰州财经大学[公办],,农林经济管理,,,553,21243,12,,
0989,兰州财经大学[公办],,公共事业管理,,,556,19979,13,,
0989,兰州财经大学[公办],,跨境电子商务,,,553,21243,14,,
0990,兰州财经大学(八协计划)[公办],,金融学,,,393,126708,01,,
0990,兰州财经大学(八协计划)[公办],,工商管理,,,383,134968,02,,
0990,兰州财经大学(八协计划)[公办],,市场营销,,,382,135757,03,,
0990,兰州财经大学(八协计划)[公办],,会计学,,,401,120421,04,,
0990,兰州财经大学(八协计划)[公办],,财务管理,,,398,122735,05,,
0990,兰州财经大学(八协计划)[公办],,国际商务,,,369,146480,06,,
0991,兰州城市学院[公办],,汉语言文学,,,549,23040,01,,
0991,兰州城市学院[公办],,地理科学,,,537,28710,02,,
0991,兰州城市学院[公办],,地理信息科学,,,538,28223,03,,
0991,兰州城市学院[公办],,城乡规划,,,534,30243,04,,
0992,兰州大学[公办],,法学,,,635,,02,,河北官方联合分数统计表为扫描PDF，本分档累计数未能稳定OCR，精确位次留空
0992,兰州大学[公办],,法学(涉外法治创新班),,,633,,03,,河北官方联合分数统计表为扫描PDF，本分档累计数未能稳定OCR，精确位次留空
0992,兰州大学[公办],,政治学类,,,626,,04,,河北官方联合分数统计表为扫描PDF，本分档累计数未能稳定OCR，精确位次留空
0992,兰州大学[公办],,马克思主义理论类,,,626,,05,,河北官方联合分数统计表为扫描PDF，本分档累计数未能稳定OCR，精确位次留空
0992,兰州大学[公办],,汉语言文学,,,631,,06,,河北官方联合分数统计表为扫描PDF，本分档累计数未能稳定OCR，精确位次留空
0992,兰州大学[公办],,英语,,,625,,07,,河北官方联合分数统计表为扫描PDF，本分档累计数未能稳定OCR，精确位次留空
0992,兰州大学[公办],,历史学类,,,628,1697,08,,
0992,兰州大学[公办],,工商管理类(含基地班),,,626,,09,,河北官方联合分数统计表为扫描PDF，本分档累计数未能稳定OCR，精确位次留空
0997,兰州交通大学[公办],,国际经济与贸易,,,573,13600,01,,
0997,兰州交通大学[公办],,汉语言文学,,,581,11023,02,,
0997,兰州交通大学[公办],,汉语国际教育,,,569,14990,03,,
0997,兰州交通大学[公办],,英语,,,577,12264,04,,
0997,兰州交通大学[公办],,法语,,,570,14639,05,,
0997,兰州交通大学[公办],,阿拉伯语,,,560,18388,06,,
0997,兰州交通大学[公办],,工商管理,,,571,14284,07,,
0997,兰州交通大学[公办],,市场营销,,,562,17629,08,,
0997,兰州交通大学[公办],,会计学,,,588,,09,,河北官方联合分数统计表为扫描PDF，本分档累计数未能稳定OCR，精确位次留空
0997,兰州交通大学[公办],,财务管理,,,587,,10,,河北官方联合分数统计表为扫描PDF，本分档累计数未能稳定OCR，精确位次留空
0998,兰州交通大学(八协计划)[公办],,国际经济与贸易,,,389,129959,01,,
0999,兰州理工大学[公办],,金融学,,,569,14990,01,,
0999,兰州理工大学[公办],,国际经济与贸易,,,551,22095,02,,
0999,兰州理工大学[公办],,法学,,,589,,03,,河北官方联合分数统计表为扫描PDF，本分档累计数未能稳定OCR，精确位次留空
0999,兰州理工大学[公办],,知识产权,,,584,10128,04,,
0999,兰州理工大学[公办],,汉语言文学,,,578,11905,05,,
0999,兰州理工大学[公办],,英语,,,565,16482,06,,
0999,兰州理工大学[公办],,俄语,,,546,24485,07,,
0999,兰州理工大学[公办],,工商管理,,,572,13953,08,,
0999,兰州理工大学[公办],,财务管理,,,581,11023,09,,
1000,兰州石化职业技术大学(兰州市)[公办],,大数据与会计,,,546,24485,01,,
1000,兰州石化职业技术大学(兰州市)[公办],,电子商务,,,531,31846,02,,
1001,兰州文理学院[公办],,思想政治教育,,,540,27280,01,,
1001,兰州文理学院[公办],,汉语言文学,,,551,22095,02,,
1001,兰州文理学院[公办],,新闻学,,,540,27280,03,,
1005,廊坊师范学院[公办],,保险学,,,526,34483,01,,
1005,廊坊师范学院[公办],,国际经济与贸易,,,533,30800,02,,
1005,廊坊师范学院[公办],,法学,,,556,19979,03,,
1005,廊坊师范学院[公办],,社会工作,,,531,31846,04,,
1005,廊坊师范学院[公办],,思想政治教育,,,548,23511,05,,
1005,廊坊师范学院[公办],,学前教育,,,527,33954,06,,
1005,廊坊师范学院[公办],,小学教育,,,542,26359,07,,
1005,廊坊师范学院[公办],,汉语言文学,,,559,18763,08,,
1005,廊坊师范学院[公办],,英语,,,537,28710,09,,
1005,廊坊师范学院[公办],,日语,,,521,37257,10,,
1005,廊坊师范学院[公办],,商务英语,,,526,34483,11,,
1005,廊坊师范学院[公办],,新闻学,,,535,29738,12,,
1005,廊坊师范学院[公办],,历史学,,,538,28223,13,,
1005,廊坊师范学院[公办],,心理学,,,530,32409,14,,
1005,廊坊师范学院[公办],,历史建筑保护工程,,,527,33954,15,,
1005,廊坊师范学院[公办],,市场营销,,,528,33434,16,,
1005,廊坊师范学院[公办],,会计学,,,554,20836,17,,
1005,廊坊师范学院[公办],,财务管理,,,552,21668,18,,
1005,廊坊师范学院[公办],,人力资源管理,,,533,30800,19,,
1005,廊坊师范学院[公办],,物流管理,,,526,34483,20,,
1006,廊坊师范学院(国际本科学术互认课程项目)[公办],,国际经济与贸易,,,503,47901,01,,
1006,廊坊师范学院(国际本科学术互认课程项目)[公办],,会计学,,,517,39505,02,,
1006,廊坊师范学院(国际本科学术互认课程项目)[公办],,财务管理,,,513,41828,03,,
1010,乐山师范学院[公办],,日语,,,526,34483,01,,
1010,乐山师范学院[公办],,行政管理,,,530,32409,02,,
1011,丽水学院[公办],,民族学,,,531,31846,01,,
1011,丽水学院[公办],,汉语言文学(师范),,,569,14990,02,,
1011,丽水学院[公办],,英语,,,549,23040,03,,
1011,丽水学院[公办],,电子商务,,,545,24943,04,,
1013,辽东学院(丹东市)[公办],,金融学,,,539,27769,01,,
1013,辽东学院(丹东市)[公办],,汉语言文学(师范类),,,546,24485,02,,
1013,辽东学院(丹东市)[公办],,英语(师范类),,,535,29738,03,,
1013,辽东学院(丹东市)[公办],,财务管理,,,548,23511,04,,
1014,辽宁大学(沈阳市)[公办],,哲学,,,609,,01,,河北官方联合分数统计表为扫描PDF，本分档累计数未能稳定OCR，精确位次留空
1014,辽宁大学(沈阳市)[公办],,经济学类,,,614,,02,,河北官方联合分数统计表为扫描PDF，本分档累计数未能稳定OCR，精确位次留空
1014,辽宁大学(沈阳市)[公办],,金融学类,,,612,,03,,河北官方联合分数统计表为扫描PDF，本分档累计数未能稳定OCR，精确位次留空
1014,辽宁大学(沈阳市)[公办],,国际经济与贸易,,,612,,04,,河北官方联合分数统计表为扫描PDF，本分档累计数未能稳定OCR，精确位次留空
1014,辽宁大学(沈阳市)[公办],,纪检监察,,,625,,05,,河北官方联合分数统计表为扫描PDF，本分档累计数未能稳定OCR，精确位次留空
1014,辽宁大学(沈阳市)[公办],,马克思主义理论,,,616,,06,,河北官方联合分数统计表为扫描PDF，本分档累计数未能稳定OCR，精确位次留空
1014,辽宁大学(沈阳市)[公办],,汉语言文学,,,621,,07,,河北官方联合分数统计表为扫描PDF，本分档累计数未能稳定OCR，精确位次留空
1014,辽宁大学(沈阳市)[公办],,汉语国际教育,,,610,,08,,河北官方联合分数统计表为扫描PDF，本分档累计数未能稳定OCR，精确位次留空
1014,辽宁大学(沈阳市)[公办],,俄语,,,606,,09,,河北官方联合分数统计表为扫描PDF，本分档累计数未能稳定OCR，精确位次留空
1014,辽宁大学(沈阳市)[公办],,朝鲜语,,,602,,10,,河北官方联合分数统计表为扫描PDF，本分档累计数未能稳定OCR，精确位次留空
1014,辽宁大学(沈阳市)[公办],,新闻学,,,610,,11,,河北官方联合分数统计表为扫描PDF，本分档累计数未能稳定OCR，精确位次留空
1014,辽宁大学(沈阳市)[公办],,历史学,,,615,,12,,河北官方联合分数统计表为扫描PDF，本分档累计数未能稳定OCR，精确位次留空
1014,辽宁大学(沈阳市)[公办],,工商管理类,,,611,,13,,河北官方联合分数统计表为扫描PDF，本分档累计数未能稳定OCR，精确位次留空
1014,辽宁大学(沈阳市)[公办],,会计学,,,624,,14,,河北官方联合分数统计表为扫描PDF，本分档累计数未能稳定OCR，精确位次留空
1014,辽宁大学(沈阳市)[公办],,行政管理,,,609,,15,,河北官方联合分数统计表为扫描PDF，本分档累计数未能稳定OCR，精确位次留空
1014,辽宁大学(沈阳市)[公办],,劳动与社会保障,,,605,,16,,河北官方联合分数统计表为扫描PDF，本分档累计数未能稳定OCR，精确位次留空
1014,辽宁大学(沈阳市)[公办],,档案学,,,606,,17,,河北官方联合分数统计表为扫描PDF，本分档累计数未能稳定OCR，精确位次留空
1014,辽宁大学(沈阳市)[公办],,金融学(中外合作办学)(亚澳商学院),,,603,,18,,河北官方联合分数统计表为扫描PDF，本分档累计数未能稳定OCR，精确位次留空
1017,辽宁工程技术大学[公办],,金融学,,,566,16100,01,,
1017,辽宁工程技术大学[公办],,国际经济与贸易,,,558,19202,02,,
1017,辽宁工程技术大学[公办],,法学,,,588,,03,,河北官方联合分数统计表为扫描PDF，本分档累计数未能稳定OCR，精确位次留空
1017,辽宁工程技术大学[公办],,英语,,,558,19202,04,,
1017,辽宁工程技术大学[公办],,地理信息科学,,,568,15333,05,,
1017,辽宁工程技术大学[公办],,工商管理,,,561,17998,06,,
1017,辽宁工程技术大学[公办],,市场营销,,,550,22582,07,,
1017,辽宁工程技术大学[公办],,会计学,,,578,11905,08,,
1017,辽宁工程技术大学[公办],,行政管理,,,566,16100,09,,
1019,辽宁工业大学[公办],,广告学,,,554,20836,01,,
1019,辽宁工业大学[公办],,会计学,,,588,,02,,河北官方联合分数统计表为扫描PDF，本分档累计数未能稳定OCR，精确位次留空
1025,辽宁科技大学(鞍山市)[公办],,国际经济与贸易,,,565,16482,01,,
1025,辽宁科技大学(鞍山市)[公办],,法学,,,593,,02,,河北官方联合分数统计表为扫描PDF，本分档累计数未能稳定OCR，精确位次留空
1025,辽宁科技大学(鞍山市)[公办],,英语,,,566,16100,03,,
1025,辽宁科技大学(鞍山市)[公办],,建筑学,,,545,24943,04,,
1025,辽宁科技大学(鞍山市)[公办],,市场营销,,,552,21668,05,,
1025,辽宁科技大学(鞍山市)[公办],,财务管理,,,584,10128,06,,
1033,辽宁师范大学[公办],,汉语言文学(师范),,,602,,01,,河北官方联合分数统计表为扫描PDF，本分档累计数未能稳定OCR，精确位次留空
1033,辽宁师范大学[公办],,汉语国际教育(师范),,,590,,02,,河北官方联合分数统计表为扫描PDF，本分档累计数未能稳定OCR，精确位次留空
1033,辽宁师范大学[公办],,英语(师范),,,590,,03,,河北官方联合分数统计表为扫描PDF，本分档累计数未能稳定OCR，精确位次留空
1033,辽宁师范大学[公办],,翻译,,,576,12601,04,,
1033,辽宁师范大学[公办],,历史学(师范),,,597,6701,05,,
1033,辽宁师范大学[公办],,会计学,,,600,,06,,河北官方联合分数统计表为扫描PDF，本分档累计数未能稳定OCR，精确位次留空
1042,辽宁中医药大学[公办],,英语,,,558,19202,01,,
1042,辽宁中医药大学[公办],,中医学,,,605,,02,,河北官方联合分数统计表为扫描PDF，本分档累计数未能稳定OCR，精确位次留空
1042,辽宁中医药大学[公办],,中医骨伤科学,,,590,,03,,河北官方联合分数统计表为扫描PDF，本分档累计数未能稳定OCR，精确位次留空
1042,辽宁中医药大学[公办],,护理学,,,540,27280,04,,
1042,辽宁中医药大学[公办],,市场营销,,,552,21668,05,,
1042,辽宁中医药大学[公办],,健康服务与管理,,,555,20401,06,,
1045,聊城大学[公办],,法学,,,587,,01,,河北官方联合分数统计表为扫描PDF，本分档累计数未能稳定OCR，精确位次留空
1045,聊城大学[公办],,汉语言文学,,,586,,02,,河北官方联合分数统计表为扫描PDF，本分档累计数未能稳定OCR，精确位次留空
1045,聊城大学[公办],,英语,,,573,13600,03,,
1045,聊城大学[公办],,广播电视编导,,,535,29738,04,,
1045,聊城大学[公办],,广播电视编导(中外合作办学)(与韩国清州大学合作),,,512,42421,05,,
1047,临沂大学[公办],,英语(师范类),,,574,13269,01,,
1047,临沂大学[公办],,俄语,,,549,23040,02,,
1047,临沂大学[公办],,西班牙语,,,551,22095,03,,
1047,临沂大学[公办],,乡村治理,,,548,23511,04,,
1047,临沂大学[公办],,跨境电子商务,,,550,22582,05,,
1049,岭南师范学院(湛江市)[公办],,国际经济与贸易,,,538,28223,01,,
1049,岭南师范学院(湛江市)[公办],,法学,,,570,14639,02,,
1049,岭南师范学院(湛江市)[公办],,汉语国际教育(师范),,,542,26359,03,,
1049,岭南师范学院(湛江市)[公办],,日语,,,536,29242,04,,
1049,岭南师范学院(湛江市)[公办],,商务英语,,,538,28223,05,,
1049,岭南师范学院(湛江市)[公办],,历史学(师范),,,552,21668,06,,
1049,岭南师范学院(湛江市)[公办],,财务管理,,,553,21243,07,,
1049,岭南师范学院(湛江市)[公办],,行政管理,,,537,28710,08,,
1055,龙岩学院[公办],,投资学,,,528,33434,01,,
1055,龙岩学院[公办],,国际经济与贸易,,,533,30800,02,,
1055,龙岩学院[公办],,小学教育(师范类),,,532,31323,03,,
1055,龙岩学院[公办],,汉语言文学(师范类),,,551,22095,04,,
1055,龙岩学院[公办],,英语(师范类),,,534,30243,05,,
1055,龙岩学院[公办],,广播电视学,,,531,31846,06,,
1055,龙岩学院[公办],,市场营销,,,526,34483,07,,
1055,龙岩学院[公办],,财务管理,,,547,23983,08,,
1055,龙岩学院[公办],,旅游管理,,,524,35601,09,,
1056,陇东学院(庆阳市)[公办],,汉语言文学,,,546,24485,01,,
1056,陇东学院(庆阳市)[公办],,历史学,,,534,30243,02,,
1056,陇东学院(庆阳市)[公办],,护理学,,,493,54207,03,,
1056,陇东学院(庆阳市)[公办],,健康服务与管理,,,531,31846,04,,
1058,鲁东大学[公办],,社会工作,,,570,14639,02,,
1058,鲁东大学[公办],,学前教育,,,560,18388,03,,
1058,鲁东大学[公办],,汉语言,,,582,10728,04,,
1058,鲁东大学[公办],,英语(英法双语方向),,,571,14284,05,,
1058,鲁东大学[公办],,日语(国别与区域研究方向),,,555,20401,06,,
1058,鲁东大学[公办],,朝鲜语(国别与区域研究方向),,,543,25909,07,,
1058,鲁东大学[公办],,传播学,,,568,15333,08,,
1058,鲁东大学[公办],,广播电视编导,,,544,25427,09,,
1059,鲁迅美术学院[公办],,艺术管理,,,559,18763,01,,
1062,洛阳理工学院[公办],,国际经济与贸易,,,543,25909,01,,
1062,洛阳理工学院[公办],,汉语言文学,,,566,16100,02,,
1062,洛阳理工学院[公办],,商务英语,,,542,26359,03,,
1062,洛阳理工学院[公办],,新闻学,,,550,22582,04,,
1062,洛阳理工学院[公办],,文化遗产,,,542,26359,05,,
1062,洛阳理工学院[公办],,工商管理,,,545,24943,06,,
1062,洛阳理工学院[公办],,会计学,,,566,16100,07,,
1062,洛阳理工学院[公办],,财务管理,,,561,17998,08,,
1063,洛阳师范学院[公办],,思想政治教育,,,566,16100,01,,
1063,洛阳师范学院[公办],,汉语言文学,,,575,12935,02,,
1063,洛阳师范学院[公办],,文物与博物馆学,,,549,23040,03,,
1063,洛阳师范学院[公办],,工商管理,,,553,21243,04,,
1063,洛阳师范学院[公办],,土地资源管理,,,534,30243,05,,
1066,吕梁学院[公办],,思想政治教育,,,543,25909,01,,
1066,吕梁学院[公办],,学前教育,,,522,36684,02,,
1066,吕梁学院[公办],,汉语言文学,,,550,22582,03,,
1066,吕梁学院[公办],,英语,,,539,27769,04,,
1066,吕梁学院[公办],,新闻学,,,536,29242,05,,
1066,吕梁学院[公办],,历史学,,,552,21668,06,,
1066,吕梁学院[公办],,应用心理学,,,533,30800,07,,
1066,吕梁学院[公办],,建筑学,,,533,30800,08,,
1066,吕梁学院[公办],,城乡规划,,,542,26359,09,,
1066,吕梁学院[公办],,财务管理,,,547,23983,10,,
1066,吕梁学院[公办],,物业管理,,,522,36684,11,,
1066,吕梁学院[公办],,文化产业管理,,,536,29242,12,,
1072,绵阳师范学院[公办],,汉语言文学,,,567,15706,01,,
1072,绵阳师范学院[公办],,英语,,,553,21243,02,,
1072,绵阳师范学院[公办],,历史学,,,565,16482,03,,
1074,民政职业大学[公办],,社会工作,,,548,23511,01,,
1074,民政职业大学[公办],,婚姻服务与管理,,,545,24943,02,,
1074,民政职业大学[公办],,智慧健康养老管理,,,551,22095,03,,
1074,民政职业大学[公办],,现代殡葬管理,,,547,23983,04,,
1076,闽江学院(福州市)[公办],,法学,,,580,11284,01,,
1076,闽江学院(福州市)[公办],,汉语国际教育,,,542,26359,02,,
1076,闽江学院(福州市)[公办],,广告学,,,558,19202,03,,
1076,闽江学院(福州市)[公办],,文物与博物馆学,,,554,20836,04,,
1078,闽南师范大学(漳州市)[公办],,汉语言文学,,,576,12601,01,,
1078,闽南师范大学(漳州市)[公办],,商务英语,,,552,21668,02,,
1078,闽南师范大学(漳州市)[公办],,数字出版,,,550,22582,03,,
1078,闽南师范大学(漳州市)[公办],,市场营销,,,548,23511,04,,
1078,闽南师范大学(漳州市)[公办],,广播电视编导,,,537,28710,05,,
1080,牡丹江师范学院[公办],,法学,,,557,19607,01,,
1080,牡丹江师范学院[公办],,知识产权,,,548,23511,02,,
1080,牡丹江师范学院[公办],,思想政治教育,,,548,23511,03,,
1080,牡丹江师范学院[公办],,汉语言文学,,,557,19607,04,,
1080,牡丹江师范学院[公办],,汉语言,,,551,22095,05,,
1080,牡丹江师范学院[公办],,英语,,,535,29738,06,,
1080,牡丹江师范学院[公办],,英语,,,530,32409,07,,
1080,牡丹江师范学院[公办],,俄语,,,527,33954,08,,
1080,牡丹江师范学院[公办],,日语,,,527,33954,09,,
1080,牡丹江师范学院[公办],,翻译(英语翻译),,,528,33434,10,,
1080,牡丹江师范学院[公办],,历史学,,,538,28223,11,,
1082,南昌大学[公办],,哲学,,,611,,02,,河北官方联合分数统计表为扫描PDF，本分档累计数未能稳定OCR，精确位次留空
1082,南昌大学[公办],,法学,,,623,,03,,河北官方联合分数统计表为扫描PDF，本分档累计数未能稳定OCR，精确位次留空
1082,南昌大学[公办],,社会学,,,608,,04,,河北官方联合分数统计表为扫描PDF，本分档累计数未能稳定OCR，精确位次留空
1082,南昌大学[公办],,汉语言文学,,,620,,05,,河北官方联合分数统计表为扫描PDF，本分档累计数未能稳定OCR，精确位次留空
1082,南昌大学[公办],,英语(英西),,,608,,06,,河北官方联合分数统计表为扫描PDF，本分档累计数未能稳定OCR，精确位次留空
1082,南昌大学[公办],,英语(涉外法治),,,610,,07,,河北官方联合分数统计表为扫描PDF，本分档累计数未能稳定OCR，精确位次留空
1082,南昌大学[公办],,法语,,,604,,08,,河北官方联合分数统计表为扫描PDF，本分档累计数未能稳定OCR，精确位次留空
1082,南昌大学[公办],,日语,,,602,,09,,河北官方联合分数统计表为扫描PDF，本分档累计数未能稳定OCR，精确位次留空
1082,南昌大学[公办],,历史学,,,614,,10,,河北官方联合分数统计表为扫描PDF，本分档累计数未能稳定OCR，精确位次留空
1082,南昌大学[公办],,应用心理学,,,607,,11,,河北官方联合分数统计表为扫描PDF，本分档累计数未能稳定OCR，精确位次留空
1082,南昌大学[公办],,工商管理,,,611,,12,,河北官方联合分数统计表为扫描PDF，本分档累计数未能稳定OCR，精确位次留空
1082,南昌大学[公办],,工商管理(中法实验班),,,605,,13,,河北官方联合分数统计表为扫描PDF，本分档累计数未能稳定OCR，精确位次留空
1082,南昌大学[公办],,人力资源管理,,,608,,14,,河北官方联合分数统计表为扫描PDF，本分档累计数未能稳定OCR，精确位次留空
1082,南昌大学[公办],,行政管理,,,611,,15,,河北官方联合分数统计表为扫描PDF，本分档累计数未能稳定OCR，精确位次留空
1083,南昌航空大学[公办],,经济学,,,583,10447,01,,
1083,南昌航空大学[公办],,英语(国际贸易),,,559,18763,02,,
1083,南昌航空大学[公办],,英语(国际金融),,,550,22582,03,,
1083,南昌航空大学[公办],,工商管理,,,569,14990,04,,
1083,南昌航空大学[公办],,工商管理(国际企业管理),,,554,20836,05,,
1083,南昌航空大学[公办],,工商管理(国际会计),,,562,17629,06,,
1083,南昌航空大学[公办],,公共事业管理,,,564,16810,07,,
1083,南昌航空大学[公办],,电子商务,,,562,17629,08,,
1085,南昌师范学院[公办],,思想政治教育,,,570,14639,01,,
1085,南昌师范学院[公办],,汉语言文学,,,570,14639,02,,
1085,南昌师范学院[公办],,跨境电子商务,,,533,30800,03,,
1086,南昌医学院[公办],,护理学,,,535,29738,01,,
1086,南昌医学院[公办],,养老服务管理,,,550,22582,02,,
1089,南方医科大学[公办],,法学(卫生法学),,,601,,01,,河北官方联合分数统计表为扫描PDF，本分档累计数未能稳定OCR，精确位次留空
1089,南方医科大学[公办],,外国语言文学类,,,595,,02,,河北官方联合分数统计表为扫描PDF，本分档累计数未能稳定OCR，精确位次留空
1089,南方医科大学[公办],,中医学,,,619,,03,,河北官方联合分数统计表为扫描PDF，本分档累计数未能稳定OCR，精确位次留空
1089,南方医科大学[公办],,针灸推拿学,,,618,,04,,河北官方联合分数统计表为扫描PDF，本分档累计数未能稳定OCR，精确位次留空
1089,南方医科大学[公办],,公共事业管理,,,586,,05,,河北官方联合分数统计表为扫描PDF，本分档累计数未能稳定OCR，精确位次留空
1090,南华大学(衡阳市)[公办],,经济学,,,587,,01,,河北官方联合分数统计表为扫描PDF，本分档累计数未能稳定OCR，精确位次留空
1090,南华大学(衡阳市)[公办],,法学,,,601,,02,,河北官方联合分数统计表为扫描PDF，本分档累计数未能稳定OCR，精确位次留空
1090,南华大学(衡阳市)[公办],,英语,,,576,12601,03,,
1090,南华大学(衡阳市)[公办],,风景园林,,,564,16810,04,,
1090,南华大学(衡阳市)[公办],,会计学,,,593,,05,,河北官方联合分数统计表为扫描PDF，本分档累计数未能稳定OCR，精确位次留空
1091,南京财经大学[公办],,财政学类,,,613,,01,,河北官方联合分数统计表为扫描PDF，本分档累计数未能稳定OCR，精确位次留空
1091,南京财经大学[公办],,金融学类,,,610,,02,,河北官方联合分数统计表为扫描PDF，本分档累计数未能稳定OCR，精确位次留空
1091,南京财经大学[公办],,国际经济与贸易,,,604,,03,,河北官方联合分数统计表为扫描PDF，本分档累计数未能稳定OCR，精确位次留空
1091,南京财经大学[公办],,法学,,,616,,04,,河北官方联合分数统计表为扫描PDF，本分档累计数未能稳定OCR，精确位次留空
1091,南京财经大学[公办],,汉语言文学,,,609,,05,,河北官方联合分数统计表为扫描PDF，本分档累计数未能稳定OCR，精确位次留空
1091,南京财经大学[公办],,商务英语,,,601,,06,,河北官方联合分数统计表为扫描PDF，本分档累计数未能稳定OCR，精确位次留空
1091,南京财经大学[公办],,广告学,,,601,,07,,河北官方联合分数统计表为扫描PDF，本分档累计数未能稳定OCR，精确位次留空
1093,南京大学[公办],,社会科学试验班,,,659,181,02,,
1093,南京大学[公办],,人文科学试验班,,,660,167,03,,
1093,南京大学[公办],,经济管理试验班(数智经济与管理),,,659,181,04,,
1095,南京工程学院[公办],,国际经济与贸易,,,571,14284,01,,
1095,南京工程学院[公办],,社会工作,,,563,17236,02,,
1095,南京工程学院[公办],,市场营销,,,565,16482,03,,
1095,南京工程学院[公办],,会计学,,,592,,04,,河北官方联合分数统计表为扫描PDF，本分档累计数未能稳定OCR，精确位次留空
1095,南京工程学院[公办],,物流管理,,,561,17998,05,,
1096,南京工业大学[公办],,工商管理,,,603,,02,,河北官方联合分数统计表为扫描PDF，本分档累计数未能稳定OCR，精确位次留空
1096,南京工业大学[公办],,会计学,,,611,,03,,河北官方联合分数统计表为扫描PDF，本分档累计数未能稳定OCR，精确位次留空
1096,南京工业大学[公办],,行政管理,,,603,,04,,河北官方联合分数统计表为扫描PDF，本分档累计数未能稳定OCR，精确位次留空
1098,南京工业职业技术大学[公办],,大数据与会计,,,567,15706,01,,
1098,南京工业职业技术大学[公办],,企业数字化管理,,,562,17629,02,,
1099,南京航空航天大学[公办],,英语(民航业务，国际贸易),,,619,,01,,河北官方联合分数统计表为扫描PDF，本分档累计数未能稳定OCR，精确位次留空
1099,南京航空航天大学[公办],,广播电视学,,,617,,02,,河北官方联合分数统计表为扫描PDF，本分档累计数未能稳定OCR，精确位次留空
1099,南京航空航天大学[公办],,工商管理(商务分析与数智管理),,,622,,03,,河北官方联合分数统计表为扫描PDF，本分档累计数未能稳定OCR，精确位次留空
1099,南京航空航天大学[公办],,会计学,,,630,1523,04,,
1099,南京航空航天大学[公办],,行政管理,,,619,,05,,河北官方联合分数统计表为扫描PDF，本分档累计数未能稳定OCR，精确位次留空
1105,南京理工大学[公办],,马克思主义理论,,,618,,01,,河北官方联合分数统计表为扫描PDF，本分档累计数未能稳定OCR，精确位次留空
1107,南京林业大学[公办],,法学,,,614,,01,,河北官方联合分数统计表为扫描PDF，本分档累计数未能稳定OCR，精确位次留空
1107,南京林业大学[公办],,英语,,,605,,02,,河北官方联合分数统计表为扫描PDF，本分档累计数未能稳定OCR，精确位次留空
1107,南京林业大学[公办],,广播电视学,,,601,,03,,河北官方联合分数统计表为扫描PDF，本分档累计数未能稳定OCR，精确位次留空
1107,南京林业大学[公办],,广告学,,,602,,04,,河北官方联合分数统计表为扫描PDF，本分档累计数未能稳定OCR，精确位次留空
1107,南京林业大学[公办],,网络与新媒体,,,605,,05,,河北官方联合分数统计表为扫描PDF，本分档累计数未能稳定OCR，精确位次留空
1110,南京农业大学[公办],,金融学,,,619,,01,,河北官方联合分数统计表为扫描PDF，本分档累计数未能稳定OCR，精确位次留空
1110,南京农业大学[公办],,投资学,,,612,,02,,河北官方联合分数统计表为扫描PDF，本分档累计数未能稳定OCR，精确位次留空
1110,南京农业大学[公办],,国际经济与贸易,,,613,,03,,河北官方联合分数统计表为扫描PDF，本分档累计数未能稳定OCR，精确位次留空
1110,南京农业大学[公办],,社会学类,,,614,,04,,河北官方联合分数统计表为扫描PDF，本分档累计数未能稳定OCR，精确位次留空
1110,南京农业大学[公办],,英语,,,611,,05,,河北官方联合分数统计表为扫描PDF，本分档累计数未能稳定OCR，精确位次留空
1110,南京农业大学[公办],,人文地理与城乡规划,,,609,,06,,河北官方联合分数统计表为扫描PDF，本分档累计数未能稳定OCR，精确位次留空
1110,南京农业大学[公办],,风景园林,,,611,,07,,河北官方联合分数统计表为扫描PDF，本分档累计数未能稳定OCR，精确位次留空
1110,南京农业大学[公办],,工商管理类,,,612,,08,,河北官方联合分数统计表为扫描PDF，本分档累计数未能稳定OCR，精确位次留空
1110,南京农业大学[公办],,会计学,,,624,,09,,河北官方联合分数统计表为扫描PDF，本分档累计数未能稳定OCR，精确位次留空
1110,南京农业大学[公办],,农林经济管理,,,618,,10,,河北官方联合分数统计表为扫描PDF，本分档累计数未能稳定OCR，精确位次留空
1110,南京农业大学[公办],,公共管理类,,,613,,11,,河北官方联合分数统计表为扫描PDF，本分档累计数未能稳定OCR，精确位次留空
1112,南京审计大学[公办],,法学(法务会计),,,623,,01,,河北官方联合分数统计表为扫描PDF，本分档累计数未能稳定OCR，精确位次留空
1112,南京审计大学[公办],,法学,,,619,,02,,河北官方联合分数统计表为扫描PDF，本分档累计数未能稳定OCR，精确位次留空
1112,南京审计大学[公办],,会计学,,,622,,03,,河北官方联合分数统计表为扫描PDF，本分档累计数未能稳定OCR，精确位次留空
1112,南京审计大学[公办],,审计学,,,627,1789,04,,
1112,南京审计大学[公办],,审计学(中外合作办学),,,608,,05,,河北官方联合分数统计表为扫描PDF，本分档累计数未能稳定OCR，精确位次留空
1113,南京师范大学[公办],,法学,,,634,,04,,河北官方联合分数统计表为扫描PDF，本分档累计数未能稳定OCR，精确位次留空
1113,南京师范大学[公办],,社会学,,,618,,05,,河北官方联合分数统计表为扫描PDF，本分档累计数未能稳定OCR，精确位次留空
1113,南京师范大学[公办],,小学教育(师范),,,614,,06,,河北官方联合分数统计表为扫描PDF，本分档累计数未能稳定OCR，精确位次留空
1113,南京师范大学[公办],,中国语言文学类,,,632,,07,,河北官方联合分数统计表为扫描PDF，本分档累计数未能稳定OCR，精确位次留空
1113,南京师范大学[公办],,汉语国际教育(师范),,,619,,08,,河北官方联合分数统计表为扫描PDF，本分档累计数未能稳定OCR，精确位次留空
1113,南京师范大学[公办],,外国语言文学类,,,618,,09,,河北官方联合分数统计表为扫描PDF，本分档累计数未能稳定OCR，精确位次留空
1113,南京师范大学[公办],,英语(师范),,,623,,10,,河北官方联合分数统计表为扫描PDF，本分档累计数未能稳定OCR，精确位次留空
1113,南京师范大学[公办],,历史学(师范),,,624,,11,,河北官方联合分数统计表为扫描PDF，本分档累计数未能稳定OCR，精确位次留空
1113,南京师范大学[公办],,行政管理,,,619,,12,,河北官方联合分数统计表为扫描PDF，本分档累计数未能稳定OCR，精确位次留空
1115,南京特殊教育师范学院[公办],,学前教育,,,557,19607,01,,
1115,南京特殊教育师范学院[公办],,小学教育,,,546,24485,02,,
1115,南京特殊教育师范学院[公办],,特殊教育,,,573,13600,03,,
1115,南京特殊教育师范学院[公办],,孤独症儿童教育,,,568,15333,04,,
1115,南京特殊教育师范学院[公办],,汉语言文学,,,563,17236,05,,
1115,南京特殊教育师范学院[公办],,英语,,,548,23511,06,,
1115,南京特殊教育师范学院[公办],,财务管理,,,565,16482,07,,
1115,南京特殊教育师范学院[公办],,公共事业管理,,,562,17629,08,,
1115,南京特殊教育师范学院[公办],,无障碍管理,,,550,22582,09,,
1117,南京晓庄学院[公办],,汉语言文学,,,579,11592,01,,
1117,南京晓庄学院[公办],,英语(师范),,,571,14284,02,,
1117,南京晓庄学院[公办],,日语,,,551,22095,03,,
1117,南京晓庄学院[公办],,财务管理,,,576,12601,04,,
1118,南京信息工程大学[公办],,法学,,,619,,01,,河北官方联合分数统计表为扫描PDF，本分档累计数未能稳定OCR，精确位次留空
1118,南京信息工程大学[公办],,思想政治教育(师范),,,611,,02,,河北官方联合分数统计表为扫描PDF，本分档累计数未能稳定OCR，精确位次留空
1118,南京信息工程大学[公办],,汉语言文学,,,615,,03,,河北官方联合分数统计表为扫描PDF，本分档累计数未能稳定OCR，精确位次留空
1118,南京信息工程大学[公办],,英语,,,607,,04,,河北官方联合分数统计表为扫描PDF，本分档累计数未能稳定OCR，精确位次留空
1118,南京信息工程大学[公办],,会计学,,,614,,05,,河北官方联合分数统计表为扫描PDF，本分档累计数未能稳定OCR，精确位次留空
1118,南京信息工程大学[公办],,财务管理,,,613,,06,,河北官方联合分数统计表为扫描PDF，本分档累计数未能稳定OCR，精确位次留空
1118,南京信息工程大学[公办],,供应链管理,,,605,,07,,河北官方联合分数统计表为扫描PDF，本分档累计数未能稳定OCR，精确位次留空
1123,南京艺术学院[公办],,文化产业管理,,,581,11023,01,,
1124,南京艺术学院(按高考文化课成绩录取的艺术类专业)[公办],,广播电视编导,,,578,11905,01,,
1124,南京艺术学院(按高考文化课成绩录取的艺术类专业)[公办],,影视摄影与制作,,,580,11284,02,,
1124,南京艺术学院(按高考文化课成绩录取的艺术类专业)[公办],,美术学,,,571,14284,03,,
1124,南京艺术学院(按高考文化课成绩录取的艺术类专业)[公办],,艺术设计学,,,572,13953,04,,
1129,南开大学(天津市)[公办],,经济学类,,,650,,04,,河北官方联合分数统计表为扫描PDF，本分档累计数未能稳定OCR，精确位次留空
1129,南开大学(天津市)[公办],,金融学类,,,655,,05,,河北官方联合分数统计表为扫描PDF，本分档累计数未能稳定OCR，精确位次留空
1129,南开大学(天津市)[公办],,法学,,,651,,06,,河北官方联合分数统计表为扫描PDF，本分档累计数未能稳定OCR，精确位次留空
1129,南开大学(天津市)[公办],,中国语言文学类,,,648,,07,,河北官方联合分数统计表为扫描PDF，本分档累计数未能稳定OCR，精确位次留空
1129,南开大学(天津市)[公办],,历史学类,,,647,,08,,河北官方联合分数统计表为扫描PDF，本分档累计数未能稳定OCR，精确位次留空
1129,南开大学(天津市)[公办],,工商管理类(未来商业领导者计划),,,648,,09,,河北官方联合分数统计表为扫描PDF，本分档累计数未能稳定OCR，精确位次留空
1130,南宁师范大学(南宁市)[公办],,法学,,,578,11905,01,,
1130,南宁师范大学(南宁市)[公办],,思想政治教育,,,575,12935,02,,
1131,南通大学[公办],,经济与金融,,,599,6241,02,,
1131,南通大学[公办],,法学,,,608,,03,,河北官方联合分数统计表为扫描PDF，本分档累计数未能稳定OCR，精确位次留空
1131,南通大学[公办],,思想政治教育(师范),,,598,6445,04,,
1131,南通大学[公办],,学前教育(师范),,,579,11592,05,,
1131,南通大学[公办],,工商管理,,,591,,06,,河北官方联合分数统计表为扫描PDF，本分档累计数未能稳定OCR，精确位次留空
1131,南通大学[公办],,行政管理,,,587,,07,,河北官方联合分数统计表为扫描PDF，本分档累计数未能稳定OCR，精确位次留空
1136,南阳理工学院[公办],,国际经济与贸易(数字商务方向),,,565,16482,01,,
1136,南阳理工学院[公办],,小学教育,,,541,26772,02,,
1136,南阳理工学院[公办],,英语,,,549,23040,03,,
1136,南阳理工学院[公办],,日语,,,536,29242,04,,
1136,南阳理工学院[公办],,历史建筑保护工程,,,540,27280,05,,
1138,南阳师范学院[公办],,政治学与行政学,,,544,25427,01,,
1138,南阳师范学院[公办],,学前教育,,,538,28223,02,,
1138,南阳师范学院[公办],,历史学,,,549,23040,03,,
1138,南阳师范学院[公办],,考古学,,,546,24485,04,,
1140,内江师范学院[公办],,法学,,,567,15706,01,,
1140,内江师范学院[公办],,教育学,,,550,22582,02,,
1140,内江师范学院[公办],,汉语言文学,,,564,16810,03,,
1140,内江师范学院[公办],,外国语言文学类,,,550,22582,04,,
1140,内江师范学院[公办],,新闻学,,,555,20401,05,,
1140,内江师范学院[公办],,历史学,,,563,17236,06,,
1140,内江师范学院[公办],,电子商务,,,546,24485,07,,
1141,内蒙古财经大学(八协计划)[公办],,金融学,,,403,118767,01,,
1141,内蒙古财经大学(八协计划)[公办],,会计学,,,450,83390,02,,
1142,内蒙古财经大学(呼和浩特市)[公办],,财政学,,,574,13269,01,,
1142,内蒙古财经大学(呼和浩特市)[公办],,法学,,,582,10728,02,,
1142,内蒙古财经大学(呼和浩特市)[公办],,人力资源管理,,,554,20836,03,,
1142,内蒙古财经大学(呼和浩特市)[公办],,资产评估,,,558,19202,04,,
1143,内蒙古大学(八协计划)[公办],,社会工作,,,462,75054,01,,
1143,内蒙古大学(八协计划)[公办],,日语,,,431,97238,02,,
1143,内蒙古大学(八协计划)[公办],,新闻学,,,508,44877,03,,
1143,内蒙古大学(八协计划)[公办],,旅游管理,,,446,86240,04,,
1144,内蒙古大学(呼和浩特市)[公办],,哲学,,,602,,01,,河北官方联合分数统计表为扫描PDF，本分档累计数未能稳定OCR，精确位次留空
1144,内蒙古大学(呼和浩特市)[公办],,哲学,,,604,,02,,河北官方联合分数统计表为扫描PDF，本分档累计数未能稳定OCR，精确位次留空
1144,内蒙古大学(呼和浩特市)[公办],,法学,,,616,,03,,河北官方联合分数统计表为扫描PDF，本分档累计数未能稳定OCR，精确位次留空
1144,内蒙古大学(呼和浩特市)[公办],,纪检监察,,,620,,04,,河北官方联合分数统计表为扫描PDF，本分档累计数未能稳定OCR，精确位次留空
1144,内蒙古大学(呼和浩特市)[公办],,政治学与行政学,,,609,,05,,河北官方联合分数统计表为扫描PDF，本分档累计数未能稳定OCR，精确位次留空
1144,内蒙古大学(呼和浩特市)[公办],,政治学、经济学与哲学,,,608,,06,,河北官方联合分数统计表为扫描PDF，本分档累计数未能稳定OCR，精确位次留空
1144,内蒙古大学(呼和浩特市)[公办],,社会学,,,604,,07,,河北官方联合分数统计表为扫描PDF，本分档累计数未能稳定OCR，精确位次留空
1144,内蒙古大学(呼和浩特市)[公办],,民族学,,,603,,08,,河北官方联合分数统计表为扫描PDF，本分档累计数未能稳定OCR，精确位次留空
1144,内蒙古大学(呼和浩特市)[公办],,马克思主义理论,,,611,,09,,河北官方联合分数统计表为扫描PDF，本分档累计数未能稳定OCR，精确位次留空
1144,内蒙古大学(呼和浩特市)[公办],,汉语言文学,,,612,,10,,河北官方联合分数统计表为扫描PDF，本分档累计数未能稳定OCR，精确位次留空
1144,内蒙古大学(呼和浩特市)[公办],,汉语言文学,,,613,,11,,河北官方联合分数统计表为扫描PDF，本分档累计数未能稳定OCR，精确位次留空
1144,内蒙古大学(呼和浩特市)[公办],,汉语国际教育,,,607,,12,,河北官方联合分数统计表为扫描PDF，本分档累计数未能稳定OCR，精确位次留空
1144,内蒙古大学(呼和浩特市)[公办],,英语,,,603,,13,,河北官方联合分数统计表为扫描PDF，本分档累计数未能稳定OCR，精确位次留空
1144,内蒙古大学(呼和浩特市)[公办],,俄语,,,601,,14,,河北官方联合分数统计表为扫描PDF，本分档累计数未能稳定OCR，精确位次留空
1144,内蒙古大学(呼和浩特市)[公办],,网络与新媒体,,,609,,15,,河北官方联合分数统计表为扫描PDF，本分档累计数未能稳定OCR，精确位次留空
1144,内蒙古大学(呼和浩特市)[公办],,历史学,,,614,,16,,河北官方联合分数统计表为扫描PDF，本分档累计数未能稳定OCR，精确位次留空
1144,内蒙古大学(呼和浩特市)[公办],,历史学,,,616,,17,,河北官方联合分数统计表为扫描PDF，本分档累计数未能稳定OCR，精确位次留空
1144,内蒙古大学(呼和浩特市)[公办],,历史学,,,610,,18,,河北官方联合分数统计表为扫描PDF，本分档累计数未能稳定OCR，精确位次留空
1144,内蒙古大学(呼和浩特市)[公办],,文物与博物馆学,,,606,,19,,河北官方联合分数统计表为扫描PDF，本分档累计数未能稳定OCR，精确位次留空
1144,内蒙古大学(呼和浩特市)[公办],,行政管理,,,608,,20,,河北官方联合分数统计表为扫描PDF，本分档累计数未能稳定OCR，精确位次留空
1144,内蒙古大学(呼和浩特市)[公办],,劳动与社会保障,,,600,,21,,河北官方联合分数统计表为扫描PDF，本分档累计数未能稳定OCR，精确位次留空
1146,内蒙古工业大学(呼和浩特市)[公办],,社会工作,,,550,22582,01,,
1149,内蒙古科技大学包头师范学院[公办],,法学,,,565,16482,01,,
1149,内蒙古科技大学包头师范学院[公办],,思想政治教育,,,550,22582,02,,
1149,内蒙古科技大学包头师范学院[公办],,小学教育,,,544,25427,03,,
1149,内蒙古科技大学包头师范学院[公办],,汉语言文学,,,562,17629,04,,
1149,内蒙古科技大学包头师范学院[公办],,新闻学,,,541,26772,05,,
1149,内蒙古科技大学包头师范学院[公办],,应用心理学,,,537,28710,06,,
1150,内蒙古科技大学(包头市)[公办],,国际经济与贸易,,,551,22095,01,,
1150,内蒙古科技大学(包头市)[公办],,社会工作,,,548,23511,02,,
1150,内蒙古科技大学(包头市)[公办],,思想政治教育,,,572,13953,03,,
1150,内蒙古科技大学(包头市)[公办],,汉语言文学,,,575,12935,04,,
1150,内蒙古科技大学(包头市)[公办],,秘书学,,,557,19607,05,,
1153,内蒙古民族大学(通辽市)[公办],,思想政治教育,,,569,14990,01,,
1153,内蒙古民族大学(通辽市)[公办],,汉语国际教育,,,563,17236,02,,
1153,内蒙古民族大学(通辽市)[公办],,历史学,,,567,15706,03,,
1153,内蒙古民族大学(通辽市)[公办],,财务管理,,,565,16482,04,,
1153,内蒙古民族大学(通辽市)[公办],,行政管理,,,550,22582,05,,
1158,内蒙古师范大学(八协计划)[公办],,法学,,,426,100926,01,,
1158,内蒙古师范大学(八协计划)[公办],,新闻学,,,403,118767,02,,
1159,内蒙古师范大学(呼和浩特市)[公办],,法学,,,581,11023,01,,
1159,内蒙古师范大学(呼和浩特市)[公办],,社会学,,,549,23040,02,,
1159,内蒙古师范大学(呼和浩特市)[公办],,思想政治教育,,,578,11905,03,,
1159,内蒙古师范大学(呼和浩特市)[公办],,学前教育,,,538,28223,04,,
1159,内蒙古师范大学(呼和浩特市)[公办],,汉语言文学,,,586,,05,,河北官方联合分数统计表为扫描PDF，本分档累计数未能稳定OCR，精确位次留空
1159,内蒙古师范大学(呼和浩特市)[公办],,英语,,,568,15333,06,,
1159,内蒙古师范大学(呼和浩特市)[公办],,历史学,,,576,12601,07,,
1159,内蒙古师范大学(呼和浩特市)[公办],,广播电视编导,,,545,24943,08,,
1161,内蒙古艺术学院[公办],,文化产业管理,,,517,39505,01,,
1162,内蒙古艺术学院(按高考文化课成绩录取的艺术类专业)[公办],,艺术史论,,,512,42421,01,,
1162,内蒙古艺术学院(按高考文化课成绩录取的艺术类专业)[公办],,戏剧影视文学,,,517,39505,02,,
1162,内蒙古艺术学院(按高考文化课成绩录取的艺术类专业)[公办],,广播电视编导,,,518,38958,03,,
1163,宁波大学[公办],,经济学类,,,613,,01,,河北官方联合分数统计表为扫描PDF，本分档累计数未能稳定OCR，精确位次留空
1163,宁波大学[公办],,法学,,,621,,02,,河北官方联合分数统计表为扫描PDF，本分档累计数未能稳定OCR，精确位次留空
1163,宁波大学[公办],,学前教育(师范),,,588,,03,,河北官方联合分数统计表为扫描PDF，本分档累计数未能稳定OCR，精确位次留空
1163,宁波大学[公办],,旅游管理(中外合作办学)(中法合作),,,578,11905,04,,
1164,宁波工程学院[公办],,汉语言文学,,,577,12264,01,,
1164,宁波工程学院[公办],,商务英语,,,559,18763,02,,
1164,宁波工程学院[公办],,广告学,,,566,16100,03,,
1164,宁波工程学院[公办],,会计学,,,574,13269,04,,
1164,宁波工程学院[公办],,国际商务,,,559,18763,05,,
1164,宁波工程学院[公办],,会计学(中外合作办学),,,550,22582,06,,
1165,宁波诺丁汉大学[中外合作办学],,经济学(中外合作办学),,,581,11023,01,,
1165,宁波诺丁汉大学[中外合作办学],,国际事务与国际关系(中外合作办学),,,577,12264,02,,
1165,宁波诺丁汉大学[中外合作办学],,英语(中外合作办学)(2加2),,,584,10128,03,,
1165,宁波诺丁汉大学[中外合作办学],,英语(中外合作办学),,,554,20836,04,,
1165,宁波诺丁汉大学[中外合作办学],,传播学(中外合作办学),,,560,18388,05,,
1165,宁波诺丁汉大学[中外合作办学],,财务管理(中外合作办学),,,583,10447,06,,
1165,宁波诺丁汉大学[中外合作办学],,国际商务(中外合作办学),,,556,19979,07,,
1166,宁夏大学(银川市)[公办],,金融学,,,604,,01,,河北官方联合分数统计表为扫描PDF，本分档累计数未能稳定OCR，精确位次留空
1166,宁夏大学(银川市)[公办],,汉语言文学(师范),,,611,,02,,河北官方联合分数统计表为扫描PDF，本分档累计数未能稳定OCR，精确位次留空
1166,宁夏大学(银川市)[公办],,英语,,,598,6445,03,,
1166,宁夏大学(银川市)[公办],,阿拉伯语,,,581,11023,04,,
1166,宁夏大学(银川市)[公办],,新闻学,,,600,,05,,河北官方联合分数统计表为扫描PDF，本分档累计数未能稳定OCR，精确位次留空
1166,宁夏大学(银川市)[公办],,广告学,,,596,6980,06,,
1166,宁夏大学(银川市)[公办],,应用心理学,,,597,6701,07,,
1166,宁夏大学(银川市)[公办],,工商管理(英国高等教育文凭项目),,,583,10447,08,,
1166,宁夏大学(银川市)[公办],,会计学(英国高等教育文凭项目),,,595,,09,,河北官方联合分数统计表为扫描PDF，本分档累计数未能稳定OCR，精确位次留空
1170,宁夏师范大学(固原市)[公办],,政治学与行政学,,,553,21243,01,,
1170,宁夏师范大学(固原市)[公办],,思想政治教育,,,561,17998,02,,
1170,宁夏师范大学(固原市)[公办],,学前教育,,,540,27280,03,,
1170,宁夏师范大学(固原市)[公办],,小学教育,,,549,23040,04,,
1170,宁夏师范大学(固原市)[公办],,汉语言文学,,,568,15333,05,,
1170,宁夏师范大学(固原市)[公办],,翻译,,,543,25909,06,,
1170,宁夏师范大学(固原市)[公办],,历史学,,,557,19607,07,,
1170,宁夏师范大学(固原市)[公办],,公共事业管理,,,541,26772,08,,
1177,攀枝花学院[公办],,国际经济与贸易,,,531,31846,01,,
1181,平顶山学院[公办],,法学,,,556,19979,01,,
1181,平顶山学院[公办],,汉语国际教育,,,538,28223,02,,
1181,平顶山学院[公办],,英语,,,535,29738,03,,
1181,平顶山学院[公办],,西班牙语,,,517,39505,04,,
1181,平顶山学院[公办],,旅游管理,,,525,35052,05,,
1184,萍乡学院[公办],,英语,,,531,31846,01,,
1184,萍乡学院[公办],,历史学,,,537,28710,02,,
1185,莆田学院[公办],,公共事业管理(中外合作办学)(以培养医疗健康产业管理人才为主),,,508,44877,01,,
1190,普洱学院[公办],,小学教育,,,525,35052,01,,
1192,齐鲁工业大学(济南市)[公办],,英语,,,565,16482,01,,
1192,齐鲁工业大学(济南市)[公办],,工商管理类,,,578,11905,02,,
1194,齐齐哈尔大学[公办],,小学教育(师范类),,,557,19607,01,,
1194,齐齐哈尔大学[公办],,地理科学(师范类),,,566,16100,02,,
1194,齐齐哈尔大学[公办],,工商管理类,,,558,19202,03,,
1196,齐齐哈尔医学院[公办],,社会工作,,,535,29738,01,,
1196,齐齐哈尔医学院[公办],,应用心理学,,,548,23511,02,,
1196,齐齐哈尔医学院[公办],,公共事业管理,,,529,32927,03,,
1196,齐齐哈尔医学院[公办],,健康服务与管理,,,534,30243,04,,
1200,黔南民族师范学院[公办],,汉语言文学,,,549,23040,01,,
1200,黔南民族师范学院[公办],,外国语言文学类,,,524,35601,02,,
1208,青岛大学[公办],,汉语言文学,,,611,,01,,河北官方联合分数统计表为扫描PDF，本分档累计数未能稳定OCR，精确位次留空
1208,青岛大学[公办],,德语(语言数据应用),,,592,,02,,河北官方联合分数统计表为扫描PDF，本分档累计数未能稳定OCR，精确位次留空
1208,青岛大学[公办],,法语(国际组织与区域治理方向),,,593,,03,,河北官方联合分数统计表为扫描PDF，本分档累计数未能稳定OCR，精确位次留空
1208,青岛大学[公办],,西班牙语(拉美区域方向),,,583,10447,04,,
1208,青岛大学[公办],,日语(数智语言方向),,,585,9855,05,,
1208,青岛大学[公办],,新闻学,,,600,,06,,河北官方联合分数统计表为扫描PDF，本分档累计数未能稳定OCR，精确位次留空
1208,青岛大学[公办],,工商管理,,,600,,07,,河北官方联合分数统计表为扫描PDF，本分档累计数未能稳定OCR，精确位次留空
1208,青岛大学[公办],,会计学,,,611,,08,,河北官方联合分数统计表为扫描PDF，本分档累计数未能稳定OCR，精确位次留空
1212,青岛科技大学[公办],,英语,,,577,12264,02,,
1212,青岛科技大学[公办],,德语,,,562,17629,03,,
1212,青岛科技大学[公办],,工商管理(数智企业管理方向),,,576,12601,04,,
1213,青岛理工大学[公办],,国际经济与贸易,,,578,11905,01,,
1213,青岛理工大学[公办],,社会工作,,,573,13600,02,,
1213,青岛理工大学[公办],,英语,,,579,11592,03,,
1213,青岛理工大学[公办],,日语,,,565,16482,04,,
1213,青岛理工大学[公办],,网络与新媒体,,,589,,05,,河北官方联合分数统计表为扫描PDF，本分档累计数未能稳定OCR，精确位次留空
1213,青岛理工大学[公办],,市场营销,,,577,12264,06,,
1213,青岛理工大学[公办],,会计学,,,605,,07,,河北官方联合分数统计表为扫描PDF，本分档累计数未能稳定OCR，精确位次留空
1213,青岛理工大学[公办],,财务管理,,,603,,08,,河北官方联合分数统计表为扫描PDF，本分档累计数未能稳定OCR，精确位次留空
1213,青岛理工大学[公办],,财务管理(中外合作办学)(与瑞士西北应用科学与艺术大学合作),,,575,12935,09,,
1217,青海大学(西宁市)[公办],,经济学,,,601,,01,,河北官方联合分数统计表为扫描PDF，本分档累计数未能稳定OCR，精确位次留空
1217,青海大学(西宁市)[公办],,金融学,,,598,6445,02,,
1217,青海大学(西宁市)[公办],,工商管理,,,593,,03,,河北官方联合分数统计表为扫描PDF，本分档累计数未能稳定OCR，精确位次留空
1217,青海大学(西宁市)[公办],,会计学,,,603,,04,,河北官方联合分数统计表为扫描PDF，本分档累计数未能稳定OCR，精确位次留空
1217,青海大学(西宁市)[公办],,财务管理,,,602,,05,,河北官方联合分数统计表为扫描PDF，本分档累计数未能稳定OCR，精确位次留空
1217,青海大学(西宁市)[公办],,人力资源管理,,,599,6241,06,,
1217,青海大学(西宁市)[公办],,旅游管理,,,591,,07,,河北官方联合分数统计表为扫描PDF，本分档累计数未能稳定OCR，精确位次留空
1220,青海民族大学(八协计划)[公办],,小学教育(全科),,,372,143983,01,,
1221,青海民族大学(西宁市)[公办],,经济学,,,552,21668,01,,
1221,青海民族大学(西宁市)[公办],,社会工作,,,548,23511,02,,
1221,青海民族大学(西宁市)[公办],,思想政治教育,,,566,16100,03,,
1221,青海民族大学(西宁市)[公办],,汉语言文学,,,564,16810,04,,
1221,青海民族大学(西宁市)[公办],,工商管理,,,549,23040,05,,
1222,青海师范大学(西宁市)[公办],,社会工作,,,549,23040,01,,
1222,青海师范大学(西宁市)[公办],,汉语言文学,,,573,13600,02,,
1224,青海职业技术大学(西宁市)[公办],,现代物流管理,,,514,41275,01,,
1225,清华大学[公办],,文科试验班类(文科各专业),,,679,,07,,≤35；分数统计表原文“672及以上”合计35人，故未生成精确位次
1228,琼台师范学院[公办],,思想政治教育,,,544,25427,01,,
1228,琼台师范学院[公办],,学前教育,,,529,32927,02,,
1228,琼台师范学院[公办],,特殊教育,,,525,35052,03,,
1228,琼台师范学院[公办],,汉语言文学,,,546,24485,04,,
1228,琼台师范学院[公办],,汉语国际教育,,,543,25909,05,,
1228,琼台师范学院[公办],,英语,,,529,32927,06,,
1228,琼台师范学院[公办],,网络与新媒体,,,532,31323,07,,
1228,琼台师范学院[公办],,酒店管理,,,518,38958,08,,
1228,琼台师范学院[公办],,学前教育(中外合作办学),,,477,64897,09,,
1228,琼台师范学院[公办],,小学教育(中外合作办学),,,481,62196,10,,
1229,曲阜师范大学[公办],,法学,,,600,,01,,河北官方联合分数统计表为扫描PDF，本分档累计数未能稳定OCR，精确位次留空
1229,曲阜师范大学[公办],,政治学与行政学,,,579,11592,02,,
1229,曲阜师范大学[公办],,思想政治教育,,,589,,03,,河北官方联合分数统计表为扫描PDF，本分档累计数未能稳定OCR，精确位次留空
1229,曲阜师范大学[公办],,学前教育,,,563,17236,04,,
1229,曲阜师范大学[公办],,小学教育,,,578,11905,05,,
1229,曲阜师范大学[公办],,汉语言文学,,,597,6701,06,,
1229,曲阜师范大学[公办],,英语,,,585,9855,07,,
1229,曲阜师范大学[公办],,日语,,,563,17236,08,,
1229,曲阜师范大学[公办],,翻译,,,570,14639,09,,
1229,曲阜师范大学[公办],,新闻学,,,576,12601,10,,
1229,曲阜师范大学[公办],,历史学,,,585,9855,11,,
1231,曲靖师范学院[公办],,法学,,,553,21243,01,,
1231,曲靖师范学院[公办],,学前教育,,,526,34483,02,,
1231,曲靖师范学院[公办],,汉语国际教育,,,536,29242,03,,
1231,曲靖师范学院[公办],,英语,,,535,29738,04,,
1231,曲靖师范学院[公办],,人文地理与城乡规划,,,530,32409,05,,
1231,曲靖师范学院[公办],,会计学,,,550,22582,06,,
1231,曲靖师范学院[公办],,物流管理,,,536,29242,07,,
1235,泉州师范学院[公办],,学前教育,,,537,28710,01,,
1235,泉州师范学院[公办],,特殊教育,,,537,28710,02,,
1235,泉州师范学院[公办],,汉语言文学,,,566,16100,03,,
1235,泉州师范学院[公办],,汉语国际教育,,,543,25909,04,,
1235,泉州师范学院[公办],,英语,,,554,20836,05,,
1235,泉州师范学院[公办],,商务英语,,,545,24943,06,,
1235,泉州师范学院[公办],,广告学,,,542,26359,07,,
1235,泉州师范学院[公办],,人文地理与城乡规划,,,545,24943,08,,
1241,三明学院[公办],,贸易经济,,,530,32409,01,,
1241,三明学院[公办],,小学教育(师范类),,,526,34483,02,,
1241,三明学院[公办],,财务管理(国际课程项目),,,524,35601,03,,
1243,三峡大学(宜昌市)[公办],,投资学,,,567,15706,01,,
1243,三峡大学(宜昌市)[公办],,汉语言文学(设教师教育、国学、创意写作3个方向),,,586,,02,,河北官方联合分数统计表为扫描PDF，本分档累计数未能稳定OCR，精确位次留空
1243,三峡大学(宜昌市)[公办],,英语(设教师教育、翻译与国际传播2个方向),,,571,14284,03,,
1243,三峡大学(宜昌市)[公办],,法语,,,550,22582,04,,
1243,三峡大学(宜昌市)[公办],,建筑学(智慧建筑与数智化设计方向),,,555,20401,05,,
1243,三峡大学(宜昌市)[公办],,城乡规划(智慧城市与城市更新、乡村振兴方向),,,559,18763,06,,
1243,三峡大学(宜昌市)[公办],,中医学,,,586,,07,,河北官方联合分数统计表为扫描PDF，本分档累计数未能稳定OCR，精确位次留空
1243,三峡大学(宜昌市)[公办],,财务管理,,,593,,08,,河北官方联合分数统计表为扫描PDF，本分档累计数未能稳定OCR，精确位次留空
1243,三峡大学(宜昌市)[公办],,人力资源管理,,,574,13269,09,,
1243,三峡大学(宜昌市)[公办],,行政管理,,,571,14284,10,,
1243,三峡大学(宜昌市)[公办],,供应链管理,,,568,15333,11,,
1246,山东财经大学(济南市)[公办],,经济学类,,,605,,01,,河北官方联合分数统计表为扫描PDF，本分档累计数未能稳定OCR，精确位次留空
1246,山东财经大学(济南市)[公办],,财政学,,,608,,02,,河北官方联合分数统计表为扫描PDF，本分档累计数未能稳定OCR，精确位次留空
1246,山东财经大学(济南市)[公办],,金融学,,,607,,03,,河北官方联合分数统计表为扫描PDF，本分档累计数未能稳定OCR，精确位次留空
1246,山东财经大学(济南市)[公办],,经济与贸易类,,,602,,04,,河北官方联合分数统计表为扫描PDF，本分档累计数未能稳定OCR，精确位次留空
1246,山东财经大学(济南市)[公办],,国际经济发展合作,,,595,,05,,河北官方联合分数统计表为扫描PDF，本分档累计数未能稳定OCR，精确位次留空
1246,山东财经大学(济南市)[公办],,法学,,,614,,06,,河北官方联合分数统计表为扫描PDF，本分档累计数未能稳定OCR，精确位次留空
1246,山东财经大学(济南市)[公办],,外国语言文学类,,,584,10128,07,,
1246,山东财经大学(济南市)[公办],,工商管理类,,,607,,08,,河北官方联合分数统计表为扫描PDF，本分档累计数未能稳定OCR，精确位次留空
1246,山东财经大学(济南市)[公办],,会计学,,,614,,09,,河北官方联合分数统计表为扫描PDF，本分档累计数未能稳定OCR，精确位次留空
1246,山东财经大学(济南市)[公办],,财务管理,,,612,,10,,河北官方联合分数统计表为扫描PDF，本分档累计数未能稳定OCR，精确位次留空
1246,山东财经大学(济南市)[公办],,资产评估,,,601,,11,,河北官方联合分数统计表为扫描PDF，本分档累计数未能稳定OCR，精确位次留空
1246,山东财经大学(济南市)[公办],,文化产业管理,,,599,6241,12,,
1246,山东财经大学(济南市)[公办],,公共管理类,,,595,,13,,河北官方联合分数统计表为扫描PDF，本分档累计数未能稳定OCR，精确位次留空
1246,山东财经大学(济南市)[公办],,物流管理,,,595,,14,,河北官方联合分数统计表为扫描PDF，本分档累计数未能稳定OCR，精确位次留空
1250,山东大学[公办],,哲学类,,,633,,05,,河北官方联合分数统计表为扫描PDF，本分档累计数未能稳定OCR，精确位次留空
1250,山东大学[公办],,经济学类(经世学堂新文科实验班),,,641,,06,,河北官方联合分数统计表为扫描PDF，本分档累计数未能稳定OCR，精确位次留空
1250,山东大学[公办],,经济学类,,,639,,07,,河北官方联合分数统计表为扫描PDF，本分档累计数未能稳定OCR，精确位次留空
1250,山东大学[公办],,法学类,,,647,,08,,河北官方联合分数统计表为扫描PDF，本分档累计数未能稳定OCR，精确位次留空
1250,山东大学[公办],,政治学类,,,634,,09,,河北官方联合分数统计表为扫描PDF，本分档累计数未能稳定OCR，精确位次留空
1250,山东大学[公办],,社会学类,,,631,,10,,河北官方联合分数统计表为扫描PDF，本分档累计数未能稳定OCR，精确位次留空
1250,山东大学[公办],,中国语言文学类,,,644,,11,,河北官方联合分数统计表为扫描PDF，本分档累计数未能稳定OCR，精确位次留空
1250,山东大学[公办],,英语,,,636,,12,,河北官方联合分数统计表为扫描PDF，本分档累计数未能稳定OCR，精确位次留空
1250,山东大学[公办],,新闻传播学类,,,631,,13,,河北官方联合分数统计表为扫描PDF，本分档累计数未能稳定OCR，精确位次留空
1250,山东大学[公办],,历史学类,,,636,,14,,河北官方联合分数统计表为扫描PDF，本分档累计数未能稳定OCR，精确位次留空
1250,山东大学[公办],,工商管理类,,,635,,15,,河北官方联合分数统计表为扫描PDF，本分档累计数未能稳定OCR，精确位次留空
1252,山东大学威海分校[公办],,经济学类,,,629,1611,01,,
1252,山东大学威海分校[公办],,法学类,,,636,,02,,河北官方联合分数统计表为扫描PDF，本分档累计数未能稳定OCR，精确位次留空
1252,山东大学威海分校[公办],,政治学类,,,629,1611,03,,
1252,山东大学威海分校[公办],,中国语言文学类,,,636,,04,,河北官方联合分数统计表为扫描PDF，本分档累计数未能稳定OCR，精确位次留空
1252,山东大学威海分校[公办],,外国语言文学类,,,624,,05,,河北官方联合分数统计表为扫描PDF，本分档累计数未能稳定OCR，精确位次留空
1255,山东第一医科大学[公办],,英语,,,564,16810,01,,
1255,山东第一医科大学[公办],,公共事业管理,,,553,21243,02,,
1257,山东工商学院(烟台市)[公办],,财政学,,,574,13269,01,,
1257,山东工商学院(烟台市)[公办],,金融学,,,572,13953,02,,
1257,山东工商学院(烟台市)[公办],,国际经济与贸易,,,587,,03,,河北官方联合分数统计表为扫描PDF，本分档累计数未能稳定OCR，精确位次留空
1257,山东工商学院(烟台市)[公办],,法学,,,589,,04,,河北官方联合分数统计表为扫描PDF，本分档累计数未能稳定OCR，精确位次留空
1257,山东工商学院(烟台市)[公办],,信用风险管理与法律防控,,,567,15706,05,,
1257,山东工商学院(烟台市)[公办],,社会工作,,,553,21243,06,,
1257,山东工商学院(烟台市)[公办],,汉语言文学,,,577,12264,07,,
1257,山东工商学院(烟台市)[公办],,英语,,,551,22095,08,,
1257,山东工商学院(烟台市)[公办],,朝鲜语,,,535,29738,09,,
1257,山东工商学院(烟台市)[公办],,翻译,,,544,25427,10,,
1257,山东工商学院(烟台市)[公办],,商务英语,,,546,24485,11,,
1257,山东工商学院(烟台市)[公办],,广告学,,,552,21668,12,,
1257,山东工商学院(烟台市)[公办],,编辑出版学,,,548,23511,13,,
1257,山东工商学院(烟台市)[公办],,行政管理,,,570,14639,14,,
1257,山东工商学院(烟台市)[公办],,劳动与社会保障,,,555,20401,15,,
1257,山东工商学院(烟台市)[公办],,城市管理,,,548,23511,16,,
1257,山东工商学院(烟台市)[公办],,慈善管理,,,544,25427,17,,
1257,山东工商学院(烟台市)[公办],,金融学(中外合作办学)(与美国莫瑞州立大学合作),,,518,38958,18,,
1257,山东工商学院(烟台市)[公办],,国际经济与贸易(中外合作办学)(与美国莫瑞州立大学合作),,,540,27280,19,,
1257,山东工商学院(烟台市)[公办],,市场营销(中外合作办学)(与美国莫瑞州立大学合作),,,508,44877,20,,
1257,山东工商学院(烟台市)[公办],,会计学(中外合作办学)(与美国莫瑞州立大学合作),,,522,36684,21,,
1257,山东工商学院(烟台市)[公办],,财务管理(中外合作办学)(与美国莫瑞州立大学合作),,,521,37257,22,,
1260,山东工艺美术学院(济南市)(按高考文化课成绩录取的艺术类专业)[公办],,艺术史论,,,523,36127,01,,
1260,山东工艺美术学院(济南市)(按高考文化课成绩录取的艺术类专业)[公办],,非物质文化遗产保护,,,525,35052,02,,
1260,山东工艺美术学院(济南市)(按高考文化课成绩录取的艺术类专业)[公办],,艺术设计学,,,530,32409,03,,
1264,山东建筑大学(济南市)[公办],,英语,,,568,15333,01,,
1265,山东交通学院[公办],,金融学,,,561,17998,01,,
1265,山东交通学院[公办],,国际经济与贸易,,,556,19979,02,,
1265,山东交通学院[公办],,英语,,,555,20401,03,,
1265,山东交通学院[公办],,人力资源管理,,,558,19202,04,,
1265,山东交通学院[公办],,审计学,,,572,13953,05,,
1265,山东交通学院[公办],,交通管理,,,559,18763,06,,
1270,山东科技大学[公办],,日语(外语语种须为英语),,,560,18388,01,,
1274,山东理工大学(淄博市)[公办],,金融学(数字金融方向),,,583,10447,01,,
1274,山东理工大学(淄博市)[公办],,国际经济与贸易(数字贸易方向),,,571,14284,02,,
1274,山东理工大学(淄博市)[公办],,国际经济与贸易(国际投融资方向),,,569,14990,03,,
1274,山东理工大学(淄博市)[公办],,汉语言文学,,,586,,04,,河北官方联合分数统计表为扫描PDF，本分档累计数未能稳定OCR，精确位次留空
1274,山东理工大学(淄博市)[公办],,网络与新媒体,,,574,13269,05,,
1274,山东理工大学(淄博市)[公办],,工商管理,,,571,14284,06,,
1274,山东理工大学(淄博市)[公办],,会计学,,,593,,07,,河北官方联合分数统计表为扫描PDF，本分档累计数未能稳定OCR，精确位次留空
1278,山东农业大学(泰安市)[公办],,金融学,,,577,12264,02,,
1278,山东农业大学(泰安市)[公办],,国际经济与贸易,,,573,13600,03,,
1278,山东农业大学(泰安市)[公办],,法学,,,591,,04,,河北官方联合分数统计表为扫描PDF，本分档累计数未能稳定OCR，精确位次留空
1278,山东农业大学(泰安市)[公办],,马克思主义理论,,,577,12264,05,,
1278,山东农业大学(泰安市)[公办],,英语,,,575,12935,06,,
1278,山东农业大学(泰安市)[公办],,商务英语,,,567,15706,07,,
1278,山东农业大学(泰安市)[公办],,网络与新媒体,,,573,13600,08,,
1278,山东农业大学(泰安市)[公办],,地理信息科学,,,570,14639,09,,
1278,山东农业大学(泰安市)[公办],,工商管理,,,571,14284,10,,
1278,山东农业大学(泰安市)[公办],,会计学,,,590,,11,,河北官方联合分数统计表为扫描PDF，本分档累计数未能稳定OCR，精确位次留空
1278,山东农业大学(泰安市)[公办],,财务管理,,,588,,12,,河北官方联合分数统计表为扫描PDF，本分档累计数未能稳定OCR，精确位次留空
1278,山东农业大学(泰安市)[公办],,文化产业管理,,,566,16100,13,,
1278,山东农业大学(泰安市)[公办],,农林经济管理,,,565,16482,14,,
1278,山东农业大学(泰安市)[公办],,行政管理,,,570,14639,15,,
1279,山东农业工程学院[公办],,会计学,,,572,13953,01,,
1279,山东农业工程学院[公办],,审计学,,,562,17629,02,,
1279,山东农业工程学院[公办],,农林经济管理,,,543,25909,03,,
1279,山东农业工程学院[公办],,土地资源管理,,,545,24943,04,,
1280,山东女子学院(济南市)[公办],,小学教育,,,554,20836,01,,
1280,山东女子学院(济南市)[公办],,日语,,,543,25909,02,,
1280,山东女子学院(济南市)[公办],,网络与新媒体,,,549,23040,03,,
1280,山东女子学院(济南市)[公办],,养老服务管理,,,547,23983,04,,
1280,山东女子学院(济南市)[公办],,跨境电子商务,,,547,23983,05,,
1280,山东女子学院(济南市)[公办],,旅游管理,,,531,31846,06,,
1281,山东青年政治学院(济南市)[公办],,法语,,,537,28710,01,,
1281,山东青年政治学院(济南市)[公办],,人力资源管理,,,547,23983,02,,
1285,山东师范大学(济南市)[公办],,金融学类,,,595,,02,,河北官方联合分数统计表为扫描PDF，本分档累计数未能稳定OCR，精确位次留空
1285,山东师范大学(济南市)[公办],,金融学,,,592,,03,,河北官方联合分数统计表为扫描PDF，本分档累计数未能稳定OCR，精确位次留空
1285,山东师范大学(济南市)[公办],,法学,,,612,,04,,河北官方联合分数统计表为扫描PDF，本分档累计数未能稳定OCR，精确位次留空
1285,山东师范大学(济南市)[公办],,教育学,,,589,,05,,河北官方联合分数统计表为扫描PDF，本分档累计数未能稳定OCR，精确位次留空
1285,山东师范大学(济南市)[公办],,学前教育,,,572,13953,06,,
1285,山东师范大学(济南市)[公办],,中国语言文学类,,,613,,07,,河北官方联合分数统计表为扫描PDF，本分档累计数未能稳定OCR，精确位次留空
1285,山东师范大学(济南市)[公办],,汉语国际教育,,,598,6445,08,,
1285,山东师范大学(济南市)[公办],,英语(语言科学创新实验班),,,598,6445,09,,
1285,山东师范大学(济南市)[公办],,英语,,,603,,10,,河北官方联合分数统计表为扫描PDF，本分档累计数未能稳定OCR，精确位次留空
1285,山东师范大学(济南市)[公办],,俄语,,,568,15333,11,,
1285,山东师范大学(济南市)[公办],,阿拉伯语,,,568,15333,12,,
1285,山东师范大学(济南市)[公办],,日语,,,588,,13,,河北官方联合分数统计表为扫描PDF，本分档累计数未能稳定OCR，精确位次留空
1285,山东师范大学(济南市)[公办],,新闻传播学类,,,599,6241,14,,
1285,山东师范大学(济南市)[公办],,历史学,,,602,,15,,河北官方联合分数统计表为扫描PDF，本分档累计数未能稳定OCR，精确位次留空
1285,山东师范大学(济南市)[公办],,地理科学类,,,598,6445,16,,
1285,山东师范大学(济南市)[公办],,工商管理类,,,600,,17,,河北官方联合分数统计表为扫描PDF，本分档累计数未能稳定OCR，精确位次留空
1285,山东师范大学(济南市)[公办],,公共管理类,,,578,11905,18,,
1285,山东师范大学(济南市)[公办],,物流管理(中外合作办学),,,553,21243,19,,
1298,山东艺术学院(济南市)(按高考文化课成绩录取的艺术类专业)[公办],,戏剧影视文学,,,542,26359,01,,
1299,山东政法学院[公办],,法学,,,599,6241,01,,
1299,山东政法学院[公办],,法学(调解法治实验班),,,606,,02,,河北官方联合分数统计表为扫描PDF，本分档累计数未能稳定OCR，精确位次留空
1299,山东政法学院[公办],,知识产权,,,597,6701,03,,
1299,山东政法学院[公办],,国际经贸规则,,,590,,04,,河北官方联合分数统计表为扫描PDF，本分档累计数未能稳定OCR，精确位次留空
1299,山东政法学院[公办],,英语,,,565,16482,05,,
1299,山东政法学院[公办],,英语(法律英语实验班),,,574,13269,06,,
1299,山东政法学院[公办],,日语,,,549,23040,07,,
1299,山东政法学院[公办],,新闻学(法治新闻方向),,,574,13269,08,,
1299,山东政法学院[公办],,编辑出版学,,,564,16810,09,,
1299,山东政法学院[公办],,网络与新媒体,,,575,12935,10,,
1299,山东政法学院[公办],,行政管理,,,567,15706,11,,
1302,山西财经大学[公办],,财政学,,,602,,01,,河北官方联合分数统计表为扫描PDF，本分档累计数未能稳定OCR，精确位次留空
1302,山西财经大学[公办],,税收学,,,594,,02,,河北官方联合分数统计表为扫描PDF，本分档累计数未能稳定OCR，精确位次留空
1302,山西财经大学[公办],,金融学,,,603,,03,,河北官方联合分数统计表为扫描PDF，本分档累计数未能稳定OCR，精确位次留空
1302,山西财经大学[公办],,保险学,,,594,,04,,河北官方联合分数统计表为扫描PDF，本分档累计数未能稳定OCR，精确位次留空
1302,山西财经大学[公办],,国际经济与贸易,,,592,,05,,河北官方联合分数统计表为扫描PDF，本分档累计数未能稳定OCR，精确位次留空
1302,山西财经大学[公办],,贸易经济,,,580,11284,06,,
1302,山西财经大学[公办],,法学,,,608,,07,,河北官方联合分数统计表为扫描PDF，本分档累计数未能稳定OCR，精确位次留空
1302,山西财经大学[公办],,商务英语,,,572,13953,08,,
1302,山西财经大学[公办],,新闻学,,,583,10447,09,,
1302,山西财经大学[公办],,网络与新媒体,,,590,,10,,河北官方联合分数统计表为扫描PDF，本分档累计数未能稳定OCR，精确位次留空
1302,山西财经大学[公办],,市场营销,,,571,14284,11,,
1302,山西财经大学[公办],,会计学,,,610,,12,,河北官方联合分数统计表为扫描PDF，本分档累计数未能稳定OCR，精确位次留空
1302,山西财经大学[公办],,国际商务,,,577,12264,13,,
1302,山西财经大学[公办],,人力资源管理,,,589,,14,,河北官方联合分数统计表为扫描PDF，本分档累计数未能稳定OCR，精确位次留空
1302,山西财经大学[公办],,审计学,,,606,,15,,河北官方联合分数统计表为扫描PDF，本分档累计数未能稳定OCR，精确位次留空
1302,山西财经大学[公办],,文化产业管理,,,579,11592,16,,
1302,山西财经大学[公办],,农林经济管理,,,573,13600,17,,
1302,山西财经大学[公办],,行政管理,,,600,,18,,河北官方联合分数统计表为扫描PDF，本分档累计数未能稳定OCR，精确位次留空
1302,山西财经大学[公办],,劳动与社会保障,,,576,12601,19,,
1302,山西财经大学[公办],,土地资源管理,,,567,15706,20,,
1302,山西财经大学[公办],,物流管理,,,573,13600,21,,
1302,山西财经大学[公办],,旅游管理,,,562,17629,22,,
1302,山西财经大学[公办],,金融学(中外合作办学),,,547,23983,23,,
1302,山西财经大学[公办],,会计学(中外合作办学),,,568,15333,24,,
1303,山西传媒学院[公办],,艺术教育,,,513,41828,01,,
1303,山西传媒学院[公办],,新闻学,,,551,22095,02,,
1303,山西传媒学院[公办],,传播学,,,539,27769,03,,
1303,山西传媒学院[公办],,数字出版,,,533,30800,04,,
1303,山西传媒学院[公办],,文化产业管理,,,530,32409,05,,
1303,山西传媒学院[公办],,会展经济与管理,,,523,36127,06,,
1303,山西传媒学院[公办],,非物质文化遗产保护,,,523,36127,07,,
1303,山西传媒学院[公办],,电影学,,,518,38958,08,,
1303,山西传媒学院[公办],,戏剧影视文学,,,523,36127,09,,
1303,山西传媒学院[公办],,广播电视编导,,,527,33954,10,,
1303,山西传媒学院[公办],,影视摄影与制作,,,520,37811,11,,
1304,山西大同大学[公办],,中医学,,,572,13953,01,,
1305,山西大学[公办],,哲学类,,,602,,01,,河北官方联合分数统计表为扫描PDF，本分档累计数未能稳定OCR，精确位次留空
1305,山西大学[公办],,法学,,,615,,02,,河北官方联合分数统计表为扫描PDF，本分档累计数未能稳定OCR，精确位次留空
1305,山西大学[公办],,政治学类,,,599,6241,03,,
1305,山西大学[公办],,教育学,,,599,6241,04,,
1305,山西大学[公办],,中国语言文学类(文科初民试验班),,,609,,05,,河北官方联合分数统计表为扫描PDF，本分档累计数未能稳定OCR，精确位次留空
1305,山西大学[公办],,汉语言文学,,,610,,06,,河北官方联合分数统计表为扫描PDF，本分档累计数未能稳定OCR，精确位次留空
1305,山西大学[公办],,英语,,,601,,07,,河北官方联合分数统计表为扫描PDF，本分档累计数未能稳定OCR，精确位次留空
1305,山西大学[公办],,德语,,,589,,08,,河北官方联合分数统计表为扫描PDF，本分档累计数未能稳定OCR，精确位次留空
1305,山西大学[公办],,日语,,,593,,09,,河北官方联合分数统计表为扫描PDF，本分档累计数未能稳定OCR，精确位次留空
1305,山西大学[公办],,翻译,,,591,,10,,河北官方联合分数统计表为扫描PDF，本分档累计数未能稳定OCR，精确位次留空
1305,山西大学[公办],,新闻传播学类,,,597,6701,11,,
1305,山西大学[公办],,历史学,,,602,,12,,河北官方联合分数统计表为扫描PDF，本分档累计数未能稳定OCR，精确位次留空
1305,山西大学[公办],,行政管理,,,598,6445,13,,
1305,山西大学[公办],,旅游管理(数字文旅),,,584,10128,14,,
1308,山西工程科技职业大学[公办],,大数据与审计,,,541,26772,01,,
1308,山西工程科技职业大学[公办],,现代物流管理,,,525,35052,02,,
1308,山西工程科技职业大学[公办],,旅游规划与设计,,,528,33434,03,,
1308,山西工程科技职业大学[公办],,应用英语,,,525,35052,04,,
1308,山西工程科技职业大学[公办],,法律,,,541,26772,05,,
1308,山西工程科技职业大学[公办],,人力资源管理,,,532,31323,06,,
1310,山西工学院[公办],,国际经济与贸易,,,537,28710,01,,
1310,山西工学院[公办],,市场营销,,,539,27769,02,,
1310,山西工学院[公办],,财务管理,,,552,21668,03,,
1318,山西农业大学[公办],,国际经济与贸易,,,560,18388,01,,
1318,山西农业大学[公办],,法学,,,586,,02,,河北官方联合分数统计表为扫描PDF，本分档累计数未能稳定OCR，精确位次留空
1318,山西农业大学[公办],,英语,,,570,14639,03,,
1318,山西农业大学[公办],,城乡规划,,,551,22095,04,,
1318,山西农业大学[公办],,风景园林,,,559,18763,05,,
1318,山西农业大学[公办],,市场营销,,,552,21668,06,,
1318,山西农业大学[公办],,农林经济管理,,,558,19202,07,,
1318,山西农业大学[公办],,农村区域发展,,,553,21243,08,,
1318,山西农业大学[公办],,乡村治理,,,551,22095,09,,
1318,山西农业大学[公办],,公共事业管理,,,557,19607,10,,
1318,山西农业大学[公办],,行政管理,,,566,16100,11,,
1318,山西农业大学[公办],,土地资源管理,,,557,19607,12,,
1318,山西农业大学[公办],,物流管理,,,553,21243,13,,
1320,山西师范大学[公办],,法学,,,605,,01,,河北官方联合分数统计表为扫描PDF，本分档累计数未能稳定OCR，精确位次留空
1320,山西师范大学[公办],,社会学,,,574,13269,02,,
1320,山西师范大学[公办],,思想政治教育,,,590,,03,,河北官方联合分数统计表为扫描PDF，本分档累计数未能稳定OCR，精确位次留空
1320,山西师范大学[公办],,小学教育,,,584,10128,04,,
1320,山西师范大学[公办],,编辑出版学,,,579,11592,05,,
1320,山西师范大学[公办],,历史学,,,588,,06,,河北官方联合分数统计表为扫描PDF，本分档累计数未能稳定OCR，精确位次留空
1320,山西师范大学[公办],,旅游管理,,,560,18388,07,,
1320,山西师范大学[公办],,非物质文化遗产保护,,,563,17236,08,,
1320,山西师范大学[公办],,戏剧影视文学,,,565,16482,09,,
1320,山西师范大学[公办],,广播电视编导,,,559,18763,10,,
1326,山西医科大学[公办],,社会工作,,,557,19607,02,,
1326,山西医科大学[公办],,运动康复,,,570,14639,03,,
1326,山西医科大学[公办],,护理学,,,560,18388,04,,
1326,山西医科大学[公办],,公共事业管理(卫生事业管理方向),,,558,19202,05,,
1326,山西医科大学[公办],,健康服务与管理,,,558,19202,06,,
1330,山西中医药大学(晋中市)[公办],,中医学,,,589,,01,,河北官方联合分数统计表为扫描PDF，本分档累计数未能稳定OCR，精确位次留空
1330,山西中医药大学(晋中市)[公办],,针灸推拿学,,,583,10447,02,,
1330,山西中医药大学(晋中市)[公办],,中医康复学,,,577,12264,03,,
1330,山西中医药大学(晋中市)[公办],,护理学,,,551,22095,04,,
1330,山西中医药大学(晋中市)[公办],,健康服务与管理,,,551,22095,05,,
1338,陕西科技大学(西安市)[公办],,国际经济与贸易,,,577,12264,01,,
1338,陕西科技大学(西安市)[公办],,英语,,,577,12264,02,,
1339,陕西理工大学(汉中市)[公办],,汉语言文学,,,590,,01,,河北官方联合分数统计表为扫描PDF，本分档累计数未能稳定OCR，精确位次留空
1339,陕西理工大学(汉中市)[公办],,建筑学,,,549,23040,02,,
1339,陕西理工大学(汉中市)[公办],,城乡规划,,,547,23983,03,,
1344,陕西师范大学(西安市)[公办],,政治学与行政学,,,618,,04,,河北官方联合分数统计表为扫描PDF，本分档累计数未能稳定OCR，精确位次留空
1344,陕西师范大学(西安市)[公办],,社会学,,,617,,05,,河北官方联合分数统计表为扫描PDF，本分档累计数未能稳定OCR，精确位次留空
1344,陕西师范大学(西安市)[公办],,教育学类,,,618,,06,,河北官方联合分数统计表为扫描PDF，本分档累计数未能稳定OCR，精确位次留空
1344,陕西师范大学(西安市)[公办],,中国语言文学类,,,631,,07,,河北官方联合分数统计表为扫描PDF，本分档累计数未能稳定OCR，精确位次留空
1344,陕西师范大学(西安市)[公办],,外国语言文学类(英语),,,618,,08,,河北官方联合分数统计表为扫描PDF，本分档累计数未能稳定OCR，精确位次留空
1344,陕西师范大学(西安市)[公办],,外国语言文学类(非英语),,,611,,09,,河北官方联合分数统计表为扫描PDF，本分档累计数未能稳定OCR，精确位次留空
1344,陕西师范大学(西安市)[公办],,新闻传播学类,,,617,,10,,河北官方联合分数统计表为扫描PDF，本分档累计数未能稳定OCR，精确位次留空
1344,陕西师范大学(西安市)[公办],,历史学类,,,626,,11,,河北官方联合分数统计表为扫描PDF，本分档累计数未能稳定OCR，精确位次留空
1347,陕西学前师范学院[公办],,婴幼儿发展与健康管理,,,513,41828,01,,
1347,陕西学前师范学院[公办],,汉语言文学,,,566,16100,02,,
1347,陕西学前师范学院[公办],,英语,,,557,19607,03,,
1347,陕西学前师范学院[公办],,翻译,,,541,26772,04,,
1347,陕西学前师范学院[公办],,文化产业管理,,,524,35601,05,,
1352,汕头大学[公办],,法学,,,607,,02,,河北官方联合分数统计表为扫描PDF，本分档累计数未能稳定OCR，精确位次留空
1352,汕头大学[公办],,汉语言文学,,,604,,03,,河北官方联合分数统计表为扫描PDF，本分档累计数未能稳定OCR，精确位次留空
1352,汕头大学[公办],,英语,,,595,,04,,河北官方联合分数统计表为扫描PDF，本分档累计数未能稳定OCR，精确位次留空
1352,汕头大学[公办],,西班牙语,,,575,12935,05,,
1352,汕头大学[公办],,泰语,,,573,13600,06,,
1352,汕头大学[公办],,工商管理(创业与创新管理),,,600,,07,,河北官方联合分数统计表为扫描PDF，本分档累计数未能稳定OCR，精确位次留空
1352,汕头大学[公办],,市场营销(大数据营销),,,584,10128,08,,
1352,汕头大学[公办],,会计学(法务会计),,,603,,09,,河北官方联合分数统计表为扫描PDF，本分档累计数未能稳定OCR，精确位次留空
1352,汕头大学[公办],,行政管理,,,582,10728,10,,
1354,商洛学院[公办],,汉语言文学,,,554,20836,01,,
1354,商洛学院[公办],,英语,,,539,27769,02,,
1354,商洛学院[公办],,网络与新媒体,,,545,24943,03,,
1354,商洛学院[公办],,园林,,,525,35052,04,,
1356,商丘师范学院[公办],,经济学,,,549,23040,01,,
1356,商丘师范学院[公办],,法学,,,569,14990,02,,
1356,商丘师范学院[公办],,社会工作,,,536,29242,03,,
1356,商丘师范学院[公办],,思想政治教育,,,565,16482,04,,
1356,商丘师范学院[公办],,教育学,,,553,21243,05,,
1356,商丘师范学院[公办],,学前教育,,,533,30800,06,,
1356,商丘师范学院[公办],,小学教育,,,549,23040,07,,
1356,商丘师范学院[公办],,汉语言文学,,,569,14990,08,,
1356,商丘师范学院[公办],,英语,,,555,20401,09,,
1356,商丘师范学院[公办],,日语,,,536,29242,10,,
1356,商丘师范学院[公办],,翻译,,,534,30243,11,,
1356,商丘师范学院[公办],,网络与新媒体,,,549,23040,12,,
1356,商丘师范学院[公办],,历史学,,,559,18763,13,,
1356,商丘师范学院[公办],,地理科学,,,557,19607,14,,
1356,商丘师范学院[公办],,地理信息科学,,,541,26772,15,,
1356,商丘师范学院[公办],,财务管理,,,553,21243,16,,
1356,商丘师范学院[公办],,文化产业管理,,,543,25909,17,,
1356,商丘师范学院[公办],,物流管理,,,543,25909,18,,
1356,商丘师范学院[公办],,广播电视编导,,,531,31846,19,,
1358,上海财经大学[公办],,财政学类,,,644,,01,,河北官方联合分数统计表为扫描PDF，本分档累计数未能稳定OCR，精确位次留空
1358,上海财经大学[公办],,金融学,,,651,,02,,河北官方联合分数统计表为扫描PDF，本分档累计数未能稳定OCR，精确位次留空
1358,上海财经大学[公办],,法学(涉外法治实验班、财经法治卓越班),,,642,,03,,河北官方联合分数统计表为扫描PDF，本分档累计数未能稳定OCR，精确位次留空
1358,上海财经大学[公办],,工商管理类,,,635,,04,,河北官方联合分数统计表为扫描PDF，本分档累计数未能稳定OCR，精确位次留空
1358,上海财经大学[公办],,会计学(ACCA),,,648,,05,,河北官方联合分数统计表为扫描PDF，本分档累计数未能稳定OCR，精确位次留空
1358,上海财经大学[公办],,财务管理(智能化方向),,,646,,06,,河北官方联合分数统计表为扫描PDF，本分档累计数未能稳定OCR，精确位次留空
1358,上海财经大学[公办],,公共管理类,,,630,1523,07,,
1362,上海大学[公办],,人文科学试验班,,,630,1523,01,,
1362,上海大学[公办],,思想政治教育,,,624,,02,,河北官方联合分数统计表为扫描PDF，本分档累计数未能稳定OCR，精确位次留空
1362,上海大学[公办],,英语,,,619,,03,,河北官方联合分数统计表为扫描PDF，本分档累计数未能稳定OCR，精确位次留空
1363,上海第二工业大学[公办],,汉语国际教育,,,582,10728,01,,
1363,上海第二工业大学[公办],,国际商务,,,574,13269,02,,
1363,上海第二工业大学[公办],,物流管理,,,572,13953,03,,
1368,上海对外经贸大学[公办],,金融学,,,612,,01,,河北官方联合分数统计表为扫描PDF，本分档累计数未能稳定OCR，精确位次留空
1368,上海对外经贸大学[公办],,国际政治,,,600,,02,,河北官方联合分数统计表为扫描PDF，本分档累计数未能稳定OCR，精确位次留空
1368,上海对外经贸大学[公办],,日语(商务方向),,,598,6445,03,,
1368,上海对外经贸大学[公办],,商务英语,,,600,,04,,河北官方联合分数统计表为扫描PDF，本分档累计数未能稳定OCR，精确位次留空
1370,上海工程技术大学[公办],,工商管理类,,,584,10128,01,,
1370,上海工程技术大学[公办],,交通管理,,,586,,02,,河北官方联合分数统计表为扫描PDF，本分档累计数未能稳定OCR，精确位次留空
1370,上海工程技术大学[公办],,物流管理(民航物流),,,590,,03,,河北官方联合分数统计表为扫描PDF，本分档累计数未能稳定OCR，精确位次留空
1373,上海海事大学[公办],,经济学类,,,607,,01,,河北官方联合分数统计表为扫描PDF，本分档累计数未能稳定OCR，精确位次留空
1373,上海海事大学[公办],,法学(海商法),,,618,,02,,河北官方联合分数统计表为扫描PDF，本分档累计数未能稳定OCR，精确位次留空
1373,上海海事大学[公办],,思想政治教育,,,601,,03,,河北官方联合分数统计表为扫描PDF，本分档累计数未能稳定OCR，精确位次留空
1373,上海海事大学[公办],,交通管理(国航),,,610,,04,,河北官方联合分数统计表为扫描PDF，本分档累计数未能稳定OCR，精确位次留空
1374,上海海洋大学[公办],,工商管理,,,597,6701,01,,
1374,上海海洋大学[公办],,会计学,,,606,,02,,河北官方联合分数统计表为扫描PDF，本分档累计数未能稳定OCR，精确位次留空
1377,上海交通大学[公办],,人文科学试验班(人文学院),,,660,167,01,,
1377,上海交通大学[公办],,人文科学试验班(国务学院，含双学士学位项目),,,663,129,02,,
1377,上海交通大学[公办],,人文科学试验班(媒传学院，传播方向),,,660,167,03,,
1377,上海交通大学[公办],,法学试验班(含双学士学位项目),,,667,76,04,,
1385,上海理工大学[公办],,经济管理试验班,,,603,,01,,河北官方联合分数统计表为扫描PDF，本分档累计数未能稳定OCR，精确位次留空
1385,上海理工大学[公办],,新闻传播学类,,,601,,02,,河北官方联合分数统计表为扫描PDF，本分档累计数未能稳定OCR，精确位次留空
1387,上海立信会计金融学院[公办],,财政学,,,607,,01,,河北官方联合分数统计表为扫描PDF，本分档累计数未能稳定OCR，精确位次留空
1387,上海立信会计金融学院[公办],,税收学,,,603,,02,,河北官方联合分数统计表为扫描PDF，本分档累计数未能稳定OCR，精确位次留空
1387,上海立信会计金融学院[公办],,金融学,,,604,,03,,河北官方联合分数统计表为扫描PDF，本分档累计数未能稳定OCR，精确位次留空
1387,上海立信会计金融学院[公办],,国际经济与贸易,,,599,6241,04,,
1387,上海立信会计金融学院[公办],,法学,,,604,,05,,河北官方联合分数统计表为扫描PDF，本分档累计数未能稳定OCR，精确位次留空
1387,上海立信会计金融学院[公办],,工商管理,,,600,,06,,河北官方联合分数统计表为扫描PDF，本分档累计数未能稳定OCR，精确位次留空
1387,上海立信会计金融学院[公办],,会计学,,,619,,07,,河北官方联合分数统计表为扫描PDF，本分档累计数未能稳定OCR，精确位次留空
1387,上海立信会计金融学院[公办],,财务管理,,,613,,08,,河北官方联合分数统计表为扫描PDF，本分档累计数未能稳定OCR，精确位次留空
1392,上海商学院[公办],,商务经济学,,,579,11592,01,,
1392,上海商学院[公办],,金融学,,,585,9855,02,,
1392,上海商学院[公办],,市场营销,,,574,13269,03,,
1392,上海商学院[公办],,财务管理,,,585,9855,04,,
1392,上海商学院[公办],,零售业管理,,,563,17236,05,,
1392,上海商学院[公办],,旅游管理,,,562,17629,06,,
1393,上海师范大学[公办],,英语(师范),,,604,,01,,河北官方联合分数统计表为扫描PDF，本分档累计数未能稳定OCR，精确位次留空
1394,上海体育大学[公办],,新闻学,,,602,,01,,河北官方联合分数统计表为扫描PDF，本分档累计数未能稳定OCR，精确位次留空
1395,上海外国语大学[公办],,外交学,,,625,,08,,河北官方联合分数统计表为扫描PDF，本分档累计数未能稳定OCR，精确位次留空
1395,上海外国语大学[公办],,英语(教育),,,625,,09,,河北官方联合分数统计表为扫描PDF，本分档累计数未能稳定OCR，精确位次留空
1395,上海外国语大学[公办],,西班牙语,,,622,,10,,河北官方联合分数统计表为扫描PDF，本分档累计数未能稳定OCR，精确位次留空
1400,上海应用技术大学[公办],,工商管理类,,,585,9855,01,,
1400,上海应用技术大学[公办],,市场营销(中外合作办学)(中加合作),,,558,19202,02,,
1401,上海政法学院[公办],,法学(涉外卓越法律人才培养创新班),,,622,,01,,河北官方联合分数统计表为扫描PDF，本分档累计数未能稳定OCR，精确位次留空
1401,上海政法学院[公办],,法学(涉外卓越律师人才培养试点班),,,622,,02,,河北官方联合分数统计表为扫描PDF，本分档累计数未能稳定OCR，精确位次留空
1401,上海政法学院[公办],,法学(刑事司法方向),,,616,,03,,河北官方联合分数统计表为扫描PDF，本分档累计数未能稳定OCR，精确位次留空
1401,上海政法学院[公办],,法学(民商法方向),,,618,,04,,河北官方联合分数统计表为扫描PDF，本分档累计数未能稳定OCR，精确位次留空
1401,上海政法学院[公办],,法学(调解方向),,,614,,05,,河北官方联合分数统计表为扫描PDF，本分档累计数未能稳定OCR，精确位次留空
1401,上海政法学院[公办],,法学(经济法方向),,,616,,06,,河北官方联合分数统计表为扫描PDF，本分档累计数未能稳定OCR，精确位次留空
1401,上海政法学院[公办],,法学(国际经济法方向),,,614,,07,,河北官方联合分数统计表为扫描PDF，本分档累计数未能稳定OCR，精确位次留空
1401,上海政法学院[公办],,知识产权,,,612,,08,,河北官方联合分数统计表为扫描PDF，本分档累计数未能稳定OCR，精确位次留空
1401,上海政法学院[公办],,社区矫正,,,607,,09,,河北官方联合分数统计表为扫描PDF，本分档累计数未能稳定OCR，精确位次留空
1401,上海政法学院[公办],,汉语国际教育,,,591,,10,,河北官方联合分数统计表为扫描PDF，本分档累计数未能稳定OCR，精确位次留空
1401,上海政法学院[公办],,英语,,,593,,11,,河北官方联合分数统计表为扫描PDF，本分档累计数未能稳定OCR，精确位次留空
1401,上海政法学院[公办],,俄语,,,584,10128,12,,
1401,上海政法学院[公办],,翻译,,,585,9855,13,,
1401,上海政法学院[公办],,新闻学(卓越新闻传播人才培养试点班),,,598,6445,14,,
1401,上海政法学院[公办],,广播电视学(卓越新闻传播人才培养试点班),,,589,,15,,河北官方联合分数统计表为扫描PDF，本分档累计数未能稳定OCR，精确位次留空
1401,上海政法学院[公办],,财务管理,,,600,,16,,河北官方联合分数统计表为扫描PDF，本分档累计数未能稳定OCR，精确位次留空
1401,上海政法学院[公办],,行政管理,,,592,,17,,河北官方联合分数统计表为扫描PDF，本分档累计数未能稳定OCR，精确位次留空
1401,上海政法学院[公办],,电子商务及法律,,,597,6701,18,,
1402,上饶师范学院[公办],,法学,,,556,19979,01,,
1402,上饶师范学院[公办],,思想政治教育,,,546,24485,02,,
1402,上饶师范学院[公办],,学前教育,,,529,32927,03,,
1402,上饶师范学院[公办],,英语,,,536,29242,04,,
1402,上饶师范学院[公办],,历史学,,,543,25909,05,,
1402,上饶师范学院[公办],,会计学,,,553,21243,06,,
1402,上饶师范学院[公办],,行政管理,,,533,30800,07,,
1406,韶关学院[公办],,日语,,,523,36127,01,,
1407,邵阳学院[公办],,法学,,,559,18763,01,,
1407,邵阳学院[公办],,汉语言文学,,,554,20836,02,,
1407,邵阳学院[公办],,历史学,,,547,23983,03,,
1408,绍兴理工学院[公办],,英语,,,545,24943,01,,
1408,绍兴理工学院[公办],,翻译,,,540,27280,02,,
1408,绍兴理工学院[公办],,园林,,,518,38958,03,,
1408,绍兴理工学院[公办],,护理学,,,522,36684,04,,
1409,绍兴文理学院[公办],,日语,,,547,23983,01,,
1409,绍兴文理学院[公办],,学前教育(中外合作办学)(师范),,,506,46082,02,,
1411,深圳大学[公办],,国际经济与贸易,,,615,,02,,河北官方联合分数统计表为扫描PDF，本分档累计数未能稳定OCR，精确位次留空
1411,深圳大学[公办],,法学,,,624,,03,,河北官方联合分数统计表为扫描PDF，本分档累计数未能稳定OCR，精确位次留空
1411,深圳大学[公办],,社会学,,,616,,04,,河北官方联合分数统计表为扫描PDF，本分档累计数未能稳定OCR，精确位次留空
1411,深圳大学[公办],,汉语言文学(师范),,,627,1789,05,,
1411,深圳大学[公办],,汉语言文学,,,627,1789,06,,
1411,深圳大学[公办],,新闻学,,,616,,07,,河北官方联合分数统计表为扫描PDF，本分档累计数未能稳定OCR，精确位次留空
1411,深圳大学[公办],,工商管理,,,620,,08,,河北官方联合分数统计表为扫描PDF，本分档累计数未能稳定OCR，精确位次留空
1412,深圳技术大学[公办],,商务英语,,,597,6701,01,,
1412,深圳技术大学[公办],,市场营销,,,590,,02,,河北官方联合分数统计表为扫描PDF，本分档累计数未能稳定OCR，精确位次留空
1416,沈阳大学[公办],,金融学,,,571,14284,01,,
1416,沈阳大学[公办],,法学,,,581,11023,02,,
1416,沈阳大学[公办],,俄语,,,550,22582,03,,
1416,沈阳大学[公办],,旅游管理,,,551,22095,04,,
1422,沈阳化工大学[公办],,金融学,,,563,17236,02,,
1422,沈阳化工大学[公办],,国际经济与贸易,,,568,15333,03,,
1422,沈阳化工大学[公办],,社会工作,,,553,21243,04,,
1423,沈阳建筑大学[公办],,英语,,,572,13953,01,,
1425,沈阳理工大学[公办],,金融学,,,578,11905,01,,
1425,沈阳理工大学[公办],,英语,,,571,14284,02,,
1425,沈阳理工大学[公办],,俄语,,,554,20836,03,,
1425,沈阳理工大学[公办],,工商管理,,,566,16100,04,,
1425,沈阳理工大学[公办],,会计学,,,591,,05,,河北官方联合分数统计表为扫描PDF，本分档累计数未能稳定OCR，精确位次留空
1429,沈阳师范大学[公办],,金融学,,,570,14639,01,,
1429,沈阳师范大学[公办],,国际经济与贸易,,,554,20836,02,,
1429,沈阳师范大学[公办],,市场营销,,,548,23511,03,,
1429,沈阳师范大学[公办],,物流管理,,,545,24943,04,,
1429,沈阳师范大学[公办],,金融学(中外合作办学),,,542,26359,05,,
1429,沈阳师范大学[公办],,国际经济与贸易(中外合作办学),,,533,30800,06,,
1430,沈阳体育学院[公办],,新闻学,,,546,24485,01,,
1430,沈阳体育学院[公办],,网络与新媒体,,,548,23511,02,,
1430,沈阳体育学院[公办],,体育经济与管理,,,538,28223,03,,
1433,沈阳医学院[公办],,护理学,,,551,22095,01,,
1436,石河子大学[公办],,法学,,,602,,01,,河北官方联合分数统计表为扫描PDF，本分档累计数未能稳定OCR，精确位次留空
1436,石河子大学[公办],,政治学与行政学,,,597,6701,02,,
1436,石河子大学[公办],,社会工作,,,590,,03,,河北官方联合分数统计表为扫描PDF，本分档累计数未能稳定OCR，精确位次留空
1436,石河子大学[公办],,教育学,,,592,,04,,河北官方联合分数统计表为扫描PDF，本分档累计数未能稳定OCR，精确位次留空
1436,石河子大学[公办],,汉语言文学,,,600,,05,,河北官方联合分数统计表为扫描PDF，本分档累计数未能稳定OCR，精确位次留空
1436,石河子大学[公办],,英语,,,590,,06,,河北官方联合分数统计表为扫描PDF，本分档累计数未能稳定OCR，精确位次留空
1436,石河子大学[公办],,俄语,,,580,11284,07,,
1436,石河子大学[公办],,波斯语,,,576,12601,08,,
1436,石河子大学[公办],,新闻学,,,591,,09,,河北官方联合分数统计表为扫描PDF，本分档累计数未能稳定OCR，精确位次留空
1436,石河子大学[公办],,历史学,,,593,,10,,河北官方联合分数统计表为扫描PDF，本分档累计数未能稳定OCR，精确位次留空
1436,石河子大学[公办],,工商管理类,,,596,6980,11,,
1439,石家庄铁道大学[公办],,金融学,,,584,10128,01,,
1439,石家庄铁道大学[公办],,法学,,,601,,02,,河北官方联合分数统计表为扫描PDF，本分档累计数未能稳定OCR，精确位次留空
1439,石家庄铁道大学[公办],,汉语言文学,,,588,,03,,河北官方联合分数统计表为扫描PDF，本分档累计数未能稳定OCR，精确位次留空
1439,石家庄铁道大学[公办],,英语,,,578,11905,04,,
1439,石家庄铁道大学[公办],,建筑学,,,569,14990,05,,
1439,石家庄铁道大学[公办],,会计学,,,590,,06,,河北官方联合分数统计表为扫描PDF，本分档累计数未能稳定OCR，精确位次留空
1439,石家庄铁道大学[公办],,物流管理,,,572,13953,07,,
1440,石家庄铁道大学(地方专项计划)[公办],,金融学,,,573,13600,01,,
1440,石家庄铁道大学(地方专项计划)[公办],,法学,,,591,,02,,河北官方联合分数统计表为扫描PDF，本分档累计数未能稳定OCR，精确位次留空
1440,石家庄铁道大学(地方专项计划)[公办],,汉语言文学,,,581,11023,03,,
1440,石家庄铁道大学(地方专项计划)[公办],,英语,,,570,14639,04,,
1440,石家庄铁道大学(地方专项计划)[公办],,会计学,,,582,10728,05,,
1440,石家庄铁道大学(地方专项计划)[公办],,财务管理,,,579,11592,06,,
1440,石家庄铁道大学(地方专项计划)[公办],,物流管理,,,572,13953,07,,
1442,石家庄铁道大学(少数民族预科班)[公办],,本科预科班,,,554,20836,01,,
1445,石家庄学院[公办],,法学,,,560,18388,01,,
1445,石家庄学院[公办],,社会工作,,,543,25909,02,,
1445,石家庄学院[公办],,思想政治教育,,,556,19979,03,,
1445,石家庄学院[公办],,学前教育,,,530,32409,04,,
1445,石家庄学院[公办],,小学教育,,,543,25909,05,,
1445,石家庄学院[公办],,特殊教育,,,533,30800,06,,
1445,石家庄学院[公办],,汉语言文学,,,559,18763,07,,
1445,石家庄学院[公办],,汉语言文学,,,557,19607,08,,
1445,石家庄学院[公办],,英语,,,546,24485,09,,
1445,石家庄学院[公办],,英语,,,543,25909,10,,
1445,石家庄学院[公办],,俄语,,,530,32409,11,,
1445,石家庄学院[公办],,日语,,,533,30800,12,,
1445,石家庄学院[公办],,新闻学,,,544,25427,13,,
1445,石家庄学院[公办],,历史学,,,554,20836,14,,
1445,石家庄学院[公办],,历史学,,,549,23040,15,,
1445,石家庄学院[公办],,地理科学,,,550,22582,16,,
1445,石家庄学院[公办],,人文地理与城乡规划,,,538,28223,17,,
1445,石家庄学院[公办],,地理信息科学,,,545,24943,18,,
1445,石家庄学院[公办],,应用心理学,,,539,27769,19,,
1445,石家庄学院[公办],,会计学,,,559,18763,20,,
1445,石家庄学院[公办],,物业管理,,,530,32409,21,,
1445,石家庄学院[公办],,养老服务管理,,,535,29738,22,,
1445,石家庄学院[公办],,旅游管理,,,533,30800,23,,
1451,首都经济贸易大学[公办],,法学,,,621,,01,,河北官方联合分数统计表为扫描PDF，本分档累计数未能稳定OCR，精确位次留空
1451,首都经济贸易大学[公办],,新闻传播学类,,,608,,02,,河北官方联合分数统计表为扫描PDF，本分档累计数未能稳定OCR，精确位次留空
1451,首都经济贸易大学[公办],,公共管理类,,,606,,03,,河北官方联合分数统计表为扫描PDF，本分档累计数未能稳定OCR，精确位次留空
1452,首都师范大学[公办],,法学,,,624,,02,,河北官方联合分数统计表为扫描PDF，本分档累计数未能稳定OCR，精确位次留空
1452,首都师范大学[公办],,中国语言文学类,,,624,,03,,河北官方联合分数统计表为扫描PDF，本分档累计数未能稳定OCR，精确位次留空
1452,首都师范大学[公办],,英语,,,616,,04,,河北官方联合分数统计表为扫描PDF，本分档累计数未能稳定OCR，精确位次留空
1452,首都师范大学[公办],,德语,,,608,,05,,河北官方联合分数统计表为扫描PDF，本分档累计数未能稳定OCR，精确位次留空
1452,首都师范大学[公办],,法语(世界史双学士学位项目),,,608,,06,,河北官方联合分数统计表为扫描PDF，本分档累计数未能稳定OCR，精确位次留空
1452,首都师范大学[公办],,西班牙语,,,608,,07,,河北官方联合分数统计表为扫描PDF，本分档累计数未能稳定OCR，精确位次留空
1452,首都师范大学[公办],,日语,,,609,,08,,河北官方联合分数统计表为扫描PDF，本分档累计数未能稳定OCR，精确位次留空
1452,首都师范大学[公办],,历史学(基地班),,,621,,09,,河北官方联合分数统计表为扫描PDF，本分档累计数未能稳定OCR，精确位次留空
1453,首都体育学院[公办],,新闻学(体育新闻方向),,,599,6241,01,,
1453,首都体育学院[公办],,公共事业管理(体育管理方向),,,567,15706,02,,
1460,四川大学(成都市)[公办],,人文科学试验班(中文与新闻传播),,,638,,02,,河北官方联合分数统计表为扫描PDF，本分档累计数未能稳定OCR，精确位次留空
1460,四川大学(成都市)[公办],,哲学,,,633,,03,,河北官方联合分数统计表为扫描PDF，本分档累计数未能稳定OCR，精确位次留空
1460,四川大学(成都市)[公办],,法学,,,647,,04,,河北官方联合分数统计表为扫描PDF，本分档累计数未能稳定OCR，精确位次留空
1460,四川大学(成都市)[公办],,国际政治,,,630,1523,05,,
1460,四川大学(成都市)[公办],,历史学类,,,637,,06,,河北官方联合分数统计表为扫描PDF，本分档累计数未能稳定OCR，精确位次留空
1460,四川大学(成都市)[公办],,工商管理类,,,635,,07,,河北官方联合分数统计表为扫描PDF，本分档累计数未能稳定OCR，精确位次留空
1460,四川大学(成都市)[公办],,公共管理类,,,629,1611,08,,
1461,四川大学(成都市)(按高考文化课成绩录取的艺术类专业)[公办],,美术学(理论研究),,,611,,01,,河北官方联合分数统计表为扫描PDF，本分档累计数未能稳定OCR，精确位次留空
1468,四川美术学院(重庆市)[公办],,艺术教育,,,551,22095,01,,
1468,四川美术学院(重庆市)[公办],,风景园林,,,556,19979,02,,
1468,四川美术学院(重庆市)[公办],,艺术史论,,,547,23983,03,,
1468,四川美术学院(重庆市)[公办],,美术学,,,571,14284,04,,
1468,四川美术学院(重庆市)[公办],,艺术设计学,,,560,18388,05,,
1470,四川农业大学[公办],,经济学(中外高水平大学学生交流计划),,,592,,01,,河北官方联合分数统计表为扫描PDF，本分档累计数未能稳定OCR，精确位次留空
1470,四川农业大学[公办],,汉语言文学,,,612,,02,,河北官方联合分数统计表为扫描PDF，本分档累计数未能稳定OCR，精确位次留空
1470,四川农业大学[公办],,工商管理(中外高水平大学学生交流计划),,,581,11023,03,,
1470,四川农业大学[公办],,财务管理,,,613,,04,,河北官方联合分数统计表为扫描PDF，本分档累计数未能稳定OCR，精确位次留空
1471,四川轻化工大学(自贡市)[公办],,法学,,,583,10447,01,,
1471,四川轻化工大学(自贡市)[公办],,汉语言文学,,,580,11284,02,,
1471,四川轻化工大学(自贡市)[公办],,英语,,,563,17236,03,,
1471,四川轻化工大学(自贡市)[公办],,广播电视学,,,571,14284,04,,
1471,四川轻化工大学(自贡市)[公办],,行政管理,,,569,14990,05,,
1472,四川师范大学(成都市)[公办],,哲学,,,591,,02,,河北官方联合分数统计表为扫描PDF，本分档累计数未能稳定OCR，精确位次留空
1472,四川师范大学(成都市)[公办],,经济学,,,601,,03,,河北官方联合分数统计表为扫描PDF，本分档累计数未能稳定OCR，精确位次留空
1472,四川师范大学(成都市)[公办],,法学,,,609,,04,,河北官方联合分数统计表为扫描PDF，本分档累计数未能稳定OCR，精确位次留空
1472,四川师范大学(成都市)[公办],,纪检监察,,,606,,05,,河北官方联合分数统计表为扫描PDF，本分档累计数未能稳定OCR，精确位次留空
1472,四川师范大学(成都市)[公办],,思想政治教育,,,600,,06,,河北官方联合分数统计表为扫描PDF，本分档累计数未能稳定OCR，精确位次留空
1472,四川师范大学(成都市)[公办],,教育学,,,597,6701,07,,
1472,四川师范大学(成都市)[公办],,小学教育,,,593,,08,,河北官方联合分数统计表为扫描PDF，本分档累计数未能稳定OCR，精确位次留空
1472,四川师范大学(成都市)[公办],,汉语言文学,,,607,,09,,河北官方联合分数统计表为扫描PDF，本分档累计数未能稳定OCR，精确位次留空
1472,四川师范大学(成都市)[公办],,汉语国际教育,,,590,,10,,河北官方联合分数统计表为扫描PDF，本分档累计数未能稳定OCR，精确位次留空
1472,四川师范大学(成都市)[公办],,秘书学,,,589,,11,,河北官方联合分数统计表为扫描PDF，本分档累计数未能稳定OCR，精确位次留空
1472,四川师范大学(成都市)[公办],,英语,,,602,,12,,河北官方联合分数统计表为扫描PDF，本分档累计数未能稳定OCR，精确位次留空
1472,四川师范大学(成都市)[公办],,俄语,,,579,11592,13,,
1472,四川师范大学(成都市)[公办],,法语,,,576,12601,14,,
1472,四川师范大学(成都市)[公办],,日语,,,572,13953,15,,
1472,四川师范大学(成都市)[公办],,历史学,,,595,,16,,河北官方联合分数统计表为扫描PDF，本分档累计数未能稳定OCR，精确位次留空
1472,四川师范大学(成都市)[公办],,地理科学,,,596,6980,17,,
1472,四川师范大学(成都市)[公办],,人文地理与城乡规划,,,593,,18,,河北官方联合分数统计表为扫描PDF，本分档累计数未能稳定OCR，精确位次留空
1472,四川师范大学(成都市)[公办],,心理学,,,595,,19,,河北官方联合分数统计表为扫描PDF，本分档累计数未能稳定OCR，精确位次留空
1472,四川师范大学(成都市)[公办],,工商管理,,,590,,20,,河北官方联合分数统计表为扫描PDF，本分档累计数未能稳定OCR，精确位次留空
1472,四川师范大学(成都市)[公办],,市场营销,,,582,10728,21,,
1472,四川师范大学(成都市)[公办],,会计学,,,606,,22,,河北官方联合分数统计表为扫描PDF，本分档累计数未能稳定OCR，精确位次留空
1472,四川师范大学(成都市)[公办],,财务管理,,,603,,23,,河北官方联合分数统计表为扫描PDF，本分档累计数未能稳定OCR，精确位次留空
1472,四川师范大学(成都市)[公办],,审计学,,,602,,24,,河北官方联合分数统计表为扫描PDF，本分档累计数未能稳定OCR，精确位次留空
1474,四川外国语大学(重庆市)[公办],,国际经济与贸易,,,589,,10,,河北官方联合分数统计表为扫描PDF，本分档累计数未能稳定OCR，精确位次留空
1474,四川外国语大学(重庆市)[公办],,政治学类,,,592,,11,,河北官方联合分数统计表为扫描PDF，本分档累计数未能稳定OCR，精确位次留空
1474,四川外国语大学(重庆市)[公办],,社会学类,,,577,12264,12,,
1474,四川外国语大学(重庆市)[公办],,汉语言文学,,,608,,13,,河北官方联合分数统计表为扫描PDF，本分档累计数未能稳定OCR，精确位次留空
1474,四川外国语大学(重庆市)[公办],,汉语国际教育,,,591,,14,,河北官方联合分数统计表为扫描PDF，本分档累计数未能稳定OCR，精确位次留空
1474,四川外国语大学(重庆市)[公办],,英语,,,594,,15,,河北官方联合分数统计表为扫描PDF，本分档累计数未能稳定OCR，精确位次留空
1474,四川外国语大学(重庆市)[公办],,翻译,,,591,,16,,河北官方联合分数统计表为扫描PDF，本分档累计数未能稳定OCR，精确位次留空
1474,四川外国语大学(重庆市)[公办],,商务英语,,,590,,17,,河北官方联合分数统计表为扫描PDF，本分档累计数未能稳定OCR，精确位次留空
1474,四川外国语大学(重庆市)[公办],,新闻传播学类,,,598,6445,18,,
1474,四川外国语大学(重庆市)[公办],,商务英语(中外合作办学),,,577,12264,19,,
1474,四川外国语大学(重庆市)[公办],,物流管理(中外合作办学),,,553,21243,20,,
1476,四川文理学院(达州市)[公办],,知识产权,,,552,21668,01,,
1476,四川文理学院(达州市)[公办],,特殊教育,,,541,26772,02,,
1476,四川文理学院(达州市)[公办],,城乡规划,,,535,29738,03,,
1478,四川音乐学院(成都市)(按高考文化课成绩录取的艺术类专业)[公办],,艺术史论,,,547,23983,01,,
1478,四川音乐学院(成都市)(按高考文化课成绩录取的艺术类专业)[公办],,艺术管理,,,554,20836,02,,
1478,四川音乐学院(成都市)(按高考文化课成绩录取的艺术类专业)[公办],,戏剧影视文学,,,548,23511,03,,
1478,四川音乐学院(成都市)(按高考文化课成绩录取的艺术类专业)[公办],,广播电视编导,,,544,25427,04,,
1485,苏州大学[公办],,法学,,,636,,03,,河北官方联合分数统计表为扫描PDF，本分档累计数未能稳定OCR，精确位次留空
1485,苏州大学[公办],,思想政治教育(师范),,,627,1789,04,,
1485,苏州大学[公办],,汉语言文学(师范),,,632,,05,,河北官方联合分数统计表为扫描PDF，本分档累计数未能稳定OCR，精确位次留空
1485,苏州大学[公办],,汉语国际教育,,,627,1789,06,,
1485,苏州大学[公办],,网络与新媒体,,,626,,07,,河北官方联合分数统计表为扫描PDF，本分档累计数未能稳定OCR，精确位次留空
1485,苏州大学[公办],,图书情报与档案管理类,,,622,,08,,河北官方联合分数统计表为扫描PDF，本分档累计数未能稳定OCR，精确位次留空
1492,苏州科技大学[公办],,思想政治教育(师范),,,593,,01,,河北官方联合分数统计表为扫描PDF，本分档累计数未能稳定OCR，精确位次留空
1492,苏州科技大学[公办],,广播电视学,,,580,11284,02,,
1492,苏州科技大学[公办],,历史学(师范),,,593,,03,,河北官方联合分数统计表为扫描PDF，本分档累计数未能稳定OCR，精确位次留空
1492,苏州科技大学[公办],,工商管理,,,590,,04,,河北官方联合分数统计表为扫描PDF，本分档累计数未能稳定OCR，精确位次留空
1494,宿州学院[公办],,汉语言文学,,,553,21243,01,,
1494,宿州学院[公办],,地理科学,,,545,24943,02,,
1496,绥化学院[公办],,学前教育(师范类),,,523,36127,01,,
1496,绥化学院[公办],,小学教育(师范类),,,531,31846,02,,
1496,绥化学院[公办],,汉语言文学(师范类),,,544,25427,03,,
1496,绥化学院[公办],,英语,,,527,33954,04,,
1496,绥化学院[公办],,市场营销,,,524,35601,05,,
1496,绥化学院[公办],,财务管理,,,543,25909,06,,
1496,绥化学院[公办],,物流管理,,,520,37811,07,,
1496,绥化学院[公办],,电子商务,,,527,33954,08,,
1498,塔里木大学[公办],,国际经济与贸易,,,539,27769,01,,
1498,塔里木大学[公办],,马克思主义理论,,,542,26359,02,,
1498,塔里木大学[公办],,汉语言文学,,,551,22095,03,,
1498,塔里木大学[公办],,英语,,,530,32409,04,,
1498,塔里木大学[公办],,俄语,,,529,32927,05,,
1498,塔里木大学[公办],,印地语,,,531,31846,06,,
1498,塔里木大学[公办],,乌尔都语,,,531,31846,07,,
1498,塔里木大学[公办],,网络与新媒体,,,540,27280,08,,
1498,塔里木大学[公办],,历史学,,,543,25909,09,,
1503,太原工业学院[公办],,经济学,,,550,22582,01,,
1503,太原工业学院[公办],,国际经济与贸易,,,540,27280,02,,
1503,太原工业学院[公办],,工商管理,,,547,23983,03,,
1503,太原工业学院[公办],,财务管理,,,559,18763,04,,
1503,太原工业学院[公办],,跨境电子商务,,,535,29738,05,,
1505,太原理工大学[公办],,国际经济与贸易,,,608,,02,,河北官方联合分数统计表为扫描PDF，本分档累计数未能稳定OCR，精确位次留空
1505,太原理工大学[公办],,法学,,,620,,03,,河北官方联合分数统计表为扫描PDF，本分档累计数未能稳定OCR，精确位次留空
1505,太原理工大学[公办],,思想政治教育,,,613,,04,,河北官方联合分数统计表为扫描PDF，本分档累计数未能稳定OCR，精确位次留空
1505,太原理工大学[公办],,英语,,,606,,05,,河北官方联合分数统计表为扫描PDF，本分档累计数未能稳定OCR，精确位次留空
1505,太原理工大学[公办],,英语(英俄双语方向),,,605,,06,,河北官方联合分数统计表为扫描PDF，本分档累计数未能稳定OCR，精确位次留空
1505,太原理工大学[公办],,英语(英日双语方向),,,605,,07,,河北官方联合分数统计表为扫描PDF，本分档累计数未能稳定OCR，精确位次留空
1505,太原理工大学[公办],,会计学,,,620,,08,,河北官方联合分数统计表为扫描PDF，本分档累计数未能稳定OCR，精确位次留空
1505,太原理工大学[公办],,行政管理,,,609,,09,,河北官方联合分数统计表为扫描PDF，本分档累计数未能稳定OCR，精确位次留空
1506,太原师范学院[公办],,经济学,,,558,19202,02,,
1506,太原师范学院[公办],,信用管理,,,546,24485,03,,
1506,太原师范学院[公办],,法学,,,573,13600,04,,
1506,太原师范学院[公办],,思想政治教育,,,571,14284,05,,
1506,太原师范学院[公办],,教育学,,,558,19202,06,,
1506,太原师范学院[公办],,学前教育,,,545,24943,07,,
1506,太原师范学院[公办],,小学教育,,,560,18388,08,,
1506,太原师范学院[公办],,汉语言文学,,,574,13269,09,,
1506,太原师范学院[公办],,翻译,,,530,32409,10,,
1506,太原师范学院[公办],,历史学,,,567,15706,11,,
1506,太原师范学院[公办],,文物与博物馆学,,,547,23983,12,,
1506,太原师范学院[公办],,地理科学,,,563,17236,13,,
1506,太原师范学院[公办],,自然地理与资源环境,,,550,22582,14,,
1506,太原师范学院[公办],,人文地理与城乡规划,,,546,24485,15,,
1506,太原师范学院[公办],,土地资源管理,,,536,29242,16,,
1507,太原学院[公办],,翻译,,,543,25909,01,,
1507,太原学院[公办],,应用心理学,,,544,25427,02,,
1507,太原学院[公办],,风景园林,,,550,22582,03,,
1507,太原学院[公办],,市场营销,,,539,27769,04,,
1507,太原学院[公办],,人力资源管理,,,551,22095,05,,
1507,太原学院[公办],,跨境电子商务,,,546,24485,06,,
1507,太原学院[公办],,酒店管理,,,541,26772,07,,
1507,太原学院[公办],,旅游管理与服务教育,,,533,30800,08,,
1508,太原学院(边防军人子女预科班)[公办],,本科预科班,,,474,66870,01,,
1510,泰山学院[公办],,汉语言文学(含师范),,,564,16810,01,,
1510,泰山学院[公办],,英语(师范类),,,547,23983,02,,
1510,泰山学院[公办],,历史学(师范类),,,549,23040,03,,
1510,泰山学院[公办],,旅游管理(景区运营与管理方向),,,523,36127,04,,
1512,唐山工业职业技术大学[公办],,医养照护与管理,,,515,40662,01,,
1512,唐山工业职业技术大学[公办],,大数据与会计,,,531,31846,02,,
1512,唐山工业职业技术大学[公办],,学前教育,,,518,38958,03,,
1514,唐山师范学院[公办],,经济学,,,538,28223,01,,
1514,唐山师范学院[公办],,法学,,,554,20836,02,,
1514,唐山师范学院[公办],,思想政治教育,,,550,22582,03,,
1514,唐山师范学院[公办],,科学教育,,,536,29242,04,,
1514,唐山师范学院[公办],,学前教育,,,523,36127,05,,
1514,唐山师范学院[公办],,小学教育,,,536,29242,06,,
1514,唐山师范学院[公办],,特殊教育,,,524,35601,07,,
1514,唐山师范学院[公办],,汉语言文学,,,558,19202,08,,
1514,唐山师范学院[公办],,汉语国际教育,,,538,28223,09,,
1514,唐山师范学院[公办],,秘书学,,,534,30243,10,,
1514,唐山师范学院[公办],,英语,,,534,30243,11,,
1514,唐山师范学院[公办],,德语,,,517,39505,12,,
1514,唐山师范学院[公办],,日语,,,521,37257,13,,
1514,唐山师范学院[公办],,历史学,,,544,25427,14,,
1514,唐山师范学院[公办],,地理科学,,,539,27769,15,,
1514,唐山师范学院[公办],,人文地理与城乡规划,,,532,31323,16,,
1514,唐山师范学院[公办],,地理信息科学,,,535,29738,17,,
1514,唐山师范学院[公办],,应用心理学,,,528,33434,18,,
1514,唐山师范学院[公办],,资产评估,,,527,33954,19,,
1514,唐山师范学院[公办],,文化产业管理,,,524,35601,20,,
1514,唐山师范学院[公办],,电子商务,,,523,36127,21,,
1514,唐山师范学院[公办],,旅游管理,,,520,37811,22,,
1517,唐山师范学院(合作培养项目)[公办],,物流管理,,,525,35052,01,,
1518,唐山学院[公办],,国际经济与贸易,,,525,35052,01,,
1518,唐山学院[公办],,法学,,,549,23040,02,,
1518,唐山学院[公办],,汉语言文学,,,544,25427,03,,
1518,唐山学院[公办],,汉语国际教育,,,533,30800,04,,
1518,唐山学院[公办],,秘书学,,,535,29738,05,,
1518,唐山学院[公办],,英语,,,531,31846,06,,
1518,唐山学院[公办],,日语,,,521,37257,07,,
1518,唐山学院[公办],,商务英语,,,524,35601,08,,
1518,唐山学院[公办],,广告学,,,526,34483,09,,
1518,唐山学院[公办],,市场营销,,,520,37811,10,,
1518,唐山学院[公办],,会计学,,,548,23511,11,,
1518,唐山学院[公办],,财务管理,,,545,24943,12,,
1518,唐山学院[公办],,审计学,,,545,24943,13,,
1518,唐山学院[公办],,物流管理,,,521,37257,14,,
1518,唐山学院[公办],,电子商务,,,522,36684,15,,
1523,天津财经大学[公办],,财政学类,,,615,,01,,河北官方联合分数统计表为扫描PDF，本分档累计数未能稳定OCR，精确位次留空
1523,天津财经大学[公办],,金融学类,,,611,,02,,河北官方联合分数统计表为扫描PDF，本分档累计数未能稳定OCR，精确位次留空
1523,天津财经大学[公办],,金融学,,,609,,03,,河北官方联合分数统计表为扫描PDF，本分档累计数未能稳定OCR，精确位次留空
1523,天津财经大学[公办],,国际经济与贸易,,,603,,04,,河北官方联合分数统计表为扫描PDF，本分档累计数未能稳定OCR，精确位次留空
1523,天津财经大学[公办],,法学,,,618,,05,,河北官方联合分数统计表为扫描PDF，本分档累计数未能稳定OCR，精确位次留空
1523,天津财经大学[公办],,商务英语,,,600,,06,,河北官方联合分数统计表为扫描PDF，本分档累计数未能稳定OCR，精确位次留空
1523,天津财经大学[公办],,广播电视学,,,596,6980,07,,
1523,天津财经大学[公办],,工商管理类,,,602,,08,,河北官方联合分数统计表为扫描PDF，本分档累计数未能稳定OCR，精确位次留空
1523,天津财经大学[公办],,会计学(注册会计师),,,622,,09,,河北官方联合分数统计表为扫描PDF，本分档累计数未能稳定OCR，精确位次留空
1523,天津财经大学[公办],,会计学,,,620,,10,,河北官方联合分数统计表为扫描PDF，本分档累计数未能稳定OCR，精确位次留空
1523,天津财经大学[公办],,财务管理,,,620,,11,,河北官方联合分数统计表为扫描PDF，本分档累计数未能稳定OCR，精确位次留空
1523,天津财经大学[公办],,公共管理类,,,600,,12,,河北官方联合分数统计表为扫描PDF，本分档累计数未能稳定OCR，精确位次留空
1523,天津财经大学[公办],,金融学(中外合作办学),,,591,,13,,河北官方联合分数统计表为扫描PDF，本分档累计数未能稳定OCR，精确位次留空
1524,天津城建大学[公办],,投资学,,,574,13269,01,,
1524,天津城建大学[公办],,英语,,,572,13953,02,,
1524,天津城建大学[公办],,翻译,,,564,16810,03,,
1524,天津城建大学[公办],,建筑学,,,566,16100,04,,
1524,天津城建大学[公办],,城乡规划,,,575,12935,05,,
1524,天津城建大学[公办],,风景园林,,,572,13953,06,,
1524,天津城建大学[公办],,工商管理,,,578,11905,07,,
1524,天津城建大学[公办],,土地资源管理,,,567,15706,08,,
1524,天津城建大学[公办],,城市管理,,,566,16100,09,,
1524,天津城建大学[公办],,建筑学(中外合作办学),,,510,43673,10,,
1524,天津城建大学[公办],,风景园林(中外合作办学),,,516,40076,11,,
1527,天津大学[公办],,建筑类,,,625,,02,,河北官方联合分数统计表为扫描PDF，本分档累计数未能稳定OCR，精确位次留空
1527,天津大学[公办],,建筑学(中外合作办学)(5年制),,,617,,03,,河北官方联合分数统计表为扫描PDF，本分档累计数未能稳定OCR，精确位次留空
1530,天津工业大学[公办],,金融学,,,610,,01,,河北官方联合分数统计表为扫描PDF，本分档累计数未能稳定OCR，精确位次留空
1530,天津工业大学[公办],,国际经济与贸易,,,604,,02,,河北官方联合分数统计表为扫描PDF，本分档累计数未能稳定OCR，精确位次留空
1530,天津工业大学[公办],,法学,,,617,,03,,河北官方联合分数统计表为扫描PDF，本分档累计数未能稳定OCR，精确位次留空
1530,天津工业大学[公办],,汉语言文学,,,612,,04,,河北官方联合分数统计表为扫描PDF，本分档累计数未能稳定OCR，精确位次留空
1530,天津工业大学[公办],,英语,,,604,,05,,河北官方联合分数统计表为扫描PDF，本分档累计数未能稳定OCR，精确位次留空
1530,天津工业大学[公办],,日语,,,596,6980,06,,
1530,天津工业大学[公办],,网络与新媒体,,,606,,07,,河北官方联合分数统计表为扫描PDF，本分档累计数未能稳定OCR，精确位次留空
1530,天津工业大学[公办],,工商管理,,,609,,08,,河北官方联合分数统计表为扫描PDF，本分档累计数未能稳定OCR，精确位次留空
1530,天津工业大学[公办],,会计学,,,615,,09,,河北官方联合分数统计表为扫描PDF，本分档累计数未能稳定OCR，精确位次留空
1530,天津工业大学[公办],,广播电视编导,,,578,11905,10,,
1539,天津科技大学[公办],,国际经济与贸易,,,591,,01,,河北官方联合分数统计表为扫描PDF，本分档累计数未能稳定OCR，精确位次留空
1539,天津科技大学[公办],,法学类,,,609,,02,,河北官方联合分数统计表为扫描PDF，本分档累计数未能稳定OCR，精确位次留空
1539,天津科技大学[公办],,英语,,,593,,03,,河北官方联合分数统计表为扫描PDF，本分档累计数未能稳定OCR，精确位次留空
1539,天津科技大学[公办],,日语,,,575,12935,04,,
1539,天津科技大学[公办],,翻译,,,582,10728,05,,
1539,天津科技大学[公办],,财务管理,,,607,,06,,河北官方联合分数统计表为扫描PDF，本分档累计数未能稳定OCR，精确位次留空
1539,天津科技大学[公办],,人力资源管理,,,588,,07,,河北官方联合分数统计表为扫描PDF，本分档累计数未能稳定OCR，精确位次留空
1539,天津科技大学[公办],,公共事业管理,,,584,10128,08,,
1539,天津科技大学[公办],,财务管理(中外合作办学),,,587,,09,,河北官方联合分数统计表为扫描PDF，本分档累计数未能稳定OCR，精确位次留空
1541,天津理工大学[公办],,社会学,,,577,12264,01,,
1541,天津理工大学[公办],,社会工作,,,574,13269,02,,
1541,天津理工大学[公办],,老年学,,,565,16482,03,,
1541,天津理工大学[公办],,汉语言文学,,,594,,04,,河北官方联合分数统计表为扫描PDF，本分档累计数未能稳定OCR，精确位次留空
1541,天津理工大学[公办],,英语,,,584,10128,05,,
1541,天津理工大学[公办],,日语,,,569,14990,06,,
1542,天津美术学院[公办],,历史建筑保护工程,,,568,15333,01,,
1542,天津美术学院[公办],,艺术管理,,,554,20836,02,,
1542,天津美术学院[公办],,美术学,,,554,20836,03,,
1542,天津美术学院[公办],,艺术设计学,,,560,18388,04,,
1543,天津农学院[公办],,国际经济与贸易,,,563,17236,01,,
1543,天津农学院[公办],,网络与新媒体,,,567,15706,02,,
1543,天津农学院[公办],,市场营销,,,554,20836,03,,
1543,天津农学院[公办],,会计学,,,588,,04,,河北官方联合分数统计表为扫描PDF，本分档累计数未能稳定OCR，精确位次留空
1543,天津农学院[公办],,人力资源管理,,,562,17629,05,,
1543,天津农学院[公办],,文化产业管理,,,558,19202,06,,
1543,天津农学院[公办],,农林经济管理,,,563,17236,07,,
1543,天津农学院[公办],,公共事业管理,,,559,18763,08,,
1543,天津农学院[公办],,旅游管理,,,558,19202,09,,
1546,天津商业大学[公办],,经济学类,,,593,,01,,河北官方联合分数统计表为扫描PDF，本分档累计数未能稳定OCR，精确位次留空
1546,天津商业大学[公办],,法学,,,605,,02,,河北官方联合分数统计表为扫描PDF，本分档累计数未能稳定OCR，精确位次留空
1546,天津商业大学[公办],,英语,,,594,,03,,河北官方联合分数统计表为扫描PDF，本分档累计数未能稳定OCR，精确位次留空
1546,天津商业大学[公办],,日语,,,565,16482,04,,
1546,天津商业大学[公办],,翻译,,,575,12935,05,,
1546,天津商业大学[公办],,工商管理类,,,589,,06,,河北官方联合分数统计表为扫描PDF，本分档累计数未能稳定OCR，精确位次留空
1546,天津商业大学[公办],,会计学,,,604,,07,,河北官方联合分数统计表为扫描PDF，本分档累计数未能稳定OCR，精确位次留空
1546,天津商业大学[公办],,财务管理,,,603,,08,,河北官方联合分数统计表为扫描PDF，本分档累计数未能稳定OCR，精确位次留空
1546,天津商业大学[公办],,公共管理类,,,579,11592,09,,
1546,天津商业大学[公办],,旅游管理类,,,569,14990,10,,
1546,天津商业大学[公办],,会展经济与管理,,,579,11592,11,,
1546,天津商业大学[公办],,财务管理(中外合作办学),,,578,11905,12,,
1548,天津师范大学[公办],,法学,,,616,,02,,河北官方联合分数统计表为扫描PDF，本分档累计数未能稳定OCR，精确位次留空
1548,天津师范大学[公办],,政治学与行政学,,,602,,03,,河北官方联合分数统计表为扫描PDF，本分档累计数未能稳定OCR，精确位次留空
1548,天津师范大学[公办],,政治学与行政学(博雅班),,,604,,04,,河北官方联合分数统计表为扫描PDF，本分档累计数未能稳定OCR，精确位次留空
1548,天津师范大学[公办],,政治学与行政学(师范),,,602,,05,,河北官方联合分数统计表为扫描PDF，本分档累计数未能稳定OCR，精确位次留空
1548,天津师范大学[公办],,社会工作,,,594,,06,,河北官方联合分数统计表为扫描PDF，本分档累计数未能稳定OCR，精确位次留空
1548,天津师范大学[公办],,思想政治教育(师范),,,610,,07,,河北官方联合分数统计表为扫描PDF，本分档累计数未能稳定OCR，精确位次留空
1548,天津师范大学[公办],,教育学(师范),,,601,,08,,河北官方联合分数统计表为扫描PDF，本分档累计数未能稳定OCR，精确位次留空
1548,天津师范大学[公办],,小学教育(师范),,,594,,09,,河北官方联合分数统计表为扫描PDF，本分档累计数未能稳定OCR，精确位次留空
1548,天津师范大学[公办],,汉语言文学(师范),,,613,,10,,河北官方联合分数统计表为扫描PDF，本分档累计数未能稳定OCR，精确位次留空
1548,天津师范大学[公办],,汉语国际教育(师范),,,606,,11,,河北官方联合分数统计表为扫描PDF，本分档累计数未能稳定OCR，精确位次留空
1548,天津师范大学[公办],,英语,,,603,,12,,河北官方联合分数统计表为扫描PDF，本分档累计数未能稳定OCR，精确位次留空
1548,天津师范大学[公办],,英语(师范),,,606,,13,,河北官方联合分数统计表为扫描PDF，本分档累计数未能稳定OCR，精确位次留空
1548,天津师范大学[公办],,法语,,,590,,14,,河北官方联合分数统计表为扫描PDF，本分档累计数未能稳定OCR，精确位次留空
1548,天津师范大学[公办],,新闻学,,,604,,15,,河北官方联合分数统计表为扫描PDF，本分档累计数未能稳定OCR，精确位次留空
1548,天津师范大学[公办],,广播电视学,,,592,,16,,河北官方联合分数统计表为扫描PDF，本分档累计数未能稳定OCR，精确位次留空
1548,天津师范大学[公办],,广告学,,,594,,17,,河北官方联合分数统计表为扫描PDF，本分档累计数未能稳定OCR，精确位次留空
1548,天津师范大学[公办],,历史学(师范),,,605,,18,,河北官方联合分数统计表为扫描PDF，本分档累计数未能稳定OCR，精确位次留空
1548,天津师范大学[公办],,文物与博物馆学,,,602,,19,,河北官方联合分数统计表为扫描PDF，本分档累计数未能稳定OCR，精确位次留空
1548,天津师范大学[公办],,地理科学(师范),,,607,,20,,河北官方联合分数统计表为扫描PDF，本分档累计数未能稳定OCR，精确位次留空
1548,天津师范大学[公办],,工商管理,,,598,6445,21,,
1548,天津师范大学[公办],,行政管理,,,599,6241,22,,
1548,天津师范大学[公办],,档案学,,,598,6445,23,,
1549,天津师范大学(按高考文化课成绩录取的艺术类专业)[公办],,戏剧影视文学,,,555,20401,01,,
1549,天津师范大学(按高考文化课成绩录取的艺术类专业)[公办],,广播电视编导,,,555,20401,02,,
1553,天津体育学院[公办],,运动康复,,,563,17236,01,,
1553,天津体育学院[公办],,新闻学,,,566,16100,02,,
1556,天津外国语大学[公办],,法学,,,613,,01,,河北官方联合分数统计表为扫描PDF，本分档累计数未能稳定OCR，精确位次留空
1556,天津外国语大学[公办],,国际政治,,,601,,02,,河北官方联合分数统计表为扫描PDF，本分档累计数未能稳定OCR，精确位次留空
1556,天津外国语大学[公办],,外交学,,,597,6701,03,,
1556,天津外国语大学[公办],,国际组织与全球治理,,,592,,04,,河北官方联合分数统计表为扫描PDF，本分档累计数未能稳定OCR，精确位次留空
1556,天津外国语大学[公办],,汉语言文学,,,613,,05,,河北官方联合分数统计表为扫描PDF，本分档累计数未能稳定OCR，精确位次留空
1556,天津外国语大学[公办],,汉语国际教育,,,601,,06,,河北官方联合分数统计表为扫描PDF，本分档累计数未能稳定OCR，精确位次留空
1556,天津外国语大学[公办],,外国语言文学类(英语类),,,600,,07,,河北官方联合分数统计表为扫描PDF，本分档累计数未能稳定OCR，精确位次留空
1556,天津外国语大学[公办],,俄语,,,597,6701,08,,
1556,天津外国语大学[公办],,德语,,,594,,09,,河北官方联合分数统计表为扫描PDF，本分档累计数未能稳定OCR，精确位次留空
1556,天津外国语大学[公办],,法语,,,597,6701,10,,
1556,天津外国语大学[公办],,西班牙语,,,600,,11,,河北官方联合分数统计表为扫描PDF，本分档累计数未能稳定OCR，精确位次留空
1556,天津外国语大学[公办],,阿拉伯语,,,592,,12,,河北官方联合分数统计表为扫描PDF，本分档累计数未能稳定OCR，精确位次留空
1556,天津外国语大学[公办],,日语,,,595,,13,,河北官方联合分数统计表为扫描PDF，本分档累计数未能稳定OCR，精确位次留空
1556,天津外国语大学[公办],,印地语,,,578,11905,14,,
1556,天津外国语大学[公办],,土耳其语,,,587,,15,,河北官方联合分数统计表为扫描PDF，本分档累计数未能稳定OCR，精确位次留空
1556,天津外国语大学[公办],,意大利语,,,590,,16,,河北官方联合分数统计表为扫描PDF，本分档累计数未能稳定OCR，精确位次留空
1556,天津外国语大学[公办],,芬兰语,,,591,,17,,河北官方联合分数统计表为扫描PDF，本分档累计数未能稳定OCR，精确位次留空
1556,天津外国语大学[公办],,白俄罗斯语,,,591,,18,,河北官方联合分数统计表为扫描PDF，本分档累计数未能稳定OCR，精确位次留空
1556,天津外国语大学[公办],,新闻传播学类,,,597,6701,19,,
1556,天津外国语大学[公办],,工商管理类,,,601,,20,,河北官方联合分数统计表为扫描PDF，本分档累计数未能稳定OCR，精确位次留空
1556,天津外国语大学[公办],,经济学(中外合作办学),,,575,12935,21,,
1558,天津医科大学[公办],,护理学,,,551,22095,01,,
1558,天津医科大学[公办],,公共事业管理,,,607,,02,,河北官方联合分数统计表为扫描PDF，本分档累计数未能稳定OCR，精确位次留空
1563,天津职业技术师范大学[公办],,信用管理,,,566,16100,01,,
1563,天津职业技术师范大学[公办],,英语,,,577,12264,02,,
1563,天津职业技术师范大学[公办],,俄语,,,556,19979,03,,
1563,天津职业技术师范大学[公办],,日语,,,560,18388,04,,
1563,天津职业技术师范大学[公办],,应用心理学,,,578,11905,05,,
1563,天津职业技术师范大学[公办],,人力资源管理,,,570,14639,06,,
1563,天津职业技术师范大学[公办],,财务会计教育,,,582,10728,07,,
1563,天津职业技术师范大学[公办],,物流管理,,,560,18388,08,,
1564,天津中德应用技术大学[公办],,德语,,,546,24485,01,,
1564,天津中德应用技术大学[公办],,财务管理,,,572,13953,02,,
1565,天津中医药大学[公办],,中国语言文学类,,,598,6445,01,,
1565,天津中医药大学[公办],,传播学,,,592,,02,,河北官方联合分数统计表为扫描PDF，本分档累计数未能稳定OCR，精确位次留空
1565,天津中医药大学[公办],,应用心理学,,,600,,03,,河北官方联合分数统计表为扫描PDF，本分档累计数未能稳定OCR，精确位次留空
1565,天津中医药大学[公办],,工商管理类,,,590,,04,,河北官方联合分数统计表为扫描PDF，本分档累计数未能稳定OCR，精确位次留空
1565,天津中医药大学[公办],,公共管理类,,,590,,05,,河北官方联合分数统计表为扫描PDF，本分档累计数未能稳定OCR，精确位次留空
1568,天水师范大学[公办],,法学(法律实务),,,561,17998,01,,
1568,天水师范大学[公办],,思想政治教育,,,555,20401,02,,
1568,天水师范大学[公办],,汉语言文学,,,558,19202,03,,
1568,天水师范大学[公办],,地理科学,,,549,23040,04,,
1571,通化师范学院[公办],,汉语言文学,,,543,25909,01,,
1575,同济大学(上海市)[公办],,人文科学试验班,,,647,,01,,河北官方联合分数统计表为扫描PDF，本分档累计数未能稳定OCR，精确位次留空
1575,同济大学(上海市)[公办],,法学,,,652,,02,,河北官方联合分数统计表为扫描PDF，本分档累计数未能稳定OCR，精确位次留空
1591,潍坊学院[公办],,法学,,,577,12264,01,,
1591,潍坊学院[公办],,汉语言文学,,,572,13953,02,,
1591,潍坊学院[公办],,英语,,,561,17998,03,,
1591,潍坊学院[公办],,历史学,,,564,16810,04,,
1591,潍坊学院[公办],,供应链管理,,,547,23983,05,,
1593,渭南师范学院[公办],,汉语言文学,,,550,22582,01,,
1593,渭南师范学院[公办],,英语,,,535,29738,02,,
1594,温州大学[公办],,法学,,,608,,01,,河北官方联合分数统计表为扫描PDF，本分档累计数未能稳定OCR，精确位次留空
1595,温州肯恩大学[中外合作办学],,经济学(中外合作办学),,,541,26772,01,,
1595,温州肯恩大学[中外合作办学],,金融学(中外合作办学)(国际金融方向),,,549,23040,02,,
1595,温州肯恩大学[中外合作办学],,英语(中外合作办学),,,548,23511,03,,
1595,温州肯恩大学[中外合作办学],,传播学(中外合作办学),,,526,34483,04,,
1595,温州肯恩大学[中外合作办学],,心理学(中外合作办学),,,511,43048,05,,
1595,温州肯恩大学[中外合作办学],,建筑学(中外合作办学),,,505,46711,06,,
1595,温州肯恩大学[中外合作办学],,市场营销(中外合作办学)(国际方向),,,539,27769,07,,
1595,温州肯恩大学[中外合作办学],,会计学(中外合作办学)(国际会计方向),,,560,18388,08,,
1595,温州肯恩大学[中外合作办学],,国际商务(中外合作办学),,,549,23040,09,,
1598,文山学院[公办],,汉语言文学,,,537,28710,01,,
1605,无锡学院[公办],,会计学,,,580,11284,01,,
1606,梧州学院[公办],,国际经济与贸易,,,539,27769,01,,
1607,五邑大学(江门市)[公办],,汉语言文学,,,596,6980,01,,
1611,武汉大学[公办],,文科试验班类(弘毅学堂),,,658,198,03,,
1611,武汉大学[公办],,哲学类,,,652,,04,,河北官方联合分数统计表为扫描PDF，本分档累计数未能稳定OCR，精确位次留空
1611,武汉大学[公办],,经济学类,,,657,217,05,,
1611,武汉大学[公办],,法学,,,659,181,06,,
1611,武汉大学[公办],,中国语言文学类,,,657,217,07,,
1611,武汉大学[公办],,外国语言文学类,,,652,,08,,河北官方联合分数统计表为扫描PDF，本分档累计数未能稳定OCR，精确位次留空
1611,武汉大学[公办],,新闻传播学类(国际传播、智能传播试验班),,,655,,09,,河北官方联合分数统计表为扫描PDF，本分档累计数未能稳定OCR，精确位次留空
1611,武汉大学[公办],,工商管理类,,,655,,10,,河北官方联合分数统计表为扫描PDF，本分档累计数未能稳定OCR，精确位次留空
1612,武汉大学(按高考文化课成绩录取的艺术类专业)[公办],,戏剧影视文学,,,630,1523,01,,
1615,武汉纺织大学[公办],,税收学,,,581,11023,01,,
1615,武汉纺织大学[公办],,新闻传播学类,,,574,13269,02,,
1615,武汉纺织大学[公办],,工商管理,,,577,12264,03,,
1616,武汉工程大学[公办],,经济学(大数据金融方向),,,592,,01,,河北官方联合分数统计表为扫描PDF，本分档累计数未能稳定OCR，精确位次留空
1616,武汉工程大学[公办],,经济学(CFA国际特许金融分析师方向),,,596,6980,02,,
1616,武汉工程大学[公办],,法学类,,,606,,03,,河北官方联合分数统计表为扫描PDF，本分档累计数未能稳定OCR，精确位次留空
1616,武汉工程大学[公办],,工商管理(数智化人才管理方向),,,590,,04,,河北官方联合分数统计表为扫描PDF，本分档累计数未能稳定OCR，精确位次留空
1616,武汉工程大学[公办],,会计学(辅修英语专业),,,603,,05,,河北官方联合分数统计表为扫描PDF，本分档累计数未能稳定OCR，精确位次留空
1616,武汉工程大学[公办],,会计学(ACCA国际注册会计师方向),,,603,,06,,河北官方联合分数统计表为扫描PDF，本分档累计数未能稳定OCR，精确位次留空
1622,武汉科技大学[公办],,投资学(产业投资与风险管理方向),,,595,,01,,河北官方联合分数统计表为扫描PDF，本分档累计数未能稳定OCR，精确位次留空
1622,武汉科技大学[公办],,法学类,,,607,,02,,河北官方联合分数统计表为扫描PDF，本分档累计数未能稳定OCR，精确位次留空
1622,武汉科技大学[公办],,马克思主义理论,,,596,6980,03,,
1622,武汉科技大学[公办],,工商管理类,,,601,,04,,河北官方联合分数统计表为扫描PDF，本分档累计数未能稳定OCR，精确位次留空
1623,武汉理工大学[公办],,经济学类,,,620,,01,,河北官方联合分数统计表为扫描PDF，本分档累计数未能稳定OCR，精确位次留空
1623,武汉理工大学[公办],,法学类,,,621,,02,,河北官方联合分数统计表为扫描PDF，本分档累计数未能稳定OCR，精确位次留空
1623,武汉理工大学[公办],,思想政治教育,,,620,,03,,河北官方联合分数统计表为扫描PDF，本分档累计数未能稳定OCR，精确位次留空
1623,武汉理工大学[公办],,外国语言文学类,,,611,,04,,河北官方联合分数统计表为扫描PDF，本分档累计数未能稳定OCR，精确位次留空
1623,武汉理工大学[公办],,网络与新媒体,,,611,,05,,河北官方联合分数统计表为扫描PDF，本分档累计数未能稳定OCR，精确位次留空
1623,武汉理工大学[公办],,工商管理类,,,616,,06,,河北官方联合分数统计表为扫描PDF，本分档累计数未能稳定OCR，精确位次留空
1623,武汉理工大学[公办],,金融学(中外合作办学),,,606,,07,,河北官方联合分数统计表为扫描PDF，本分档累计数未能稳定OCR，精确位次留空
1626,武汉轻工大学[公办],,金融学,,,581,11023,01,,
1626,武汉轻工大学[公办],,汉语言文学,,,588,,02,,河北官方联合分数统计表为扫描PDF，本分档累计数未能稳定OCR，精确位次留空
1626,武汉轻工大学[公办],,外国语言文学类,,,571,14284,03,,
1626,武汉轻工大学[公办],,工商管理类,,,584,10128,04,,
1626,武汉轻工大学[公办],,旅游管理(数字文旅方向),,,560,18388,05,,
1626,武汉轻工大学[公办],,广告学(中外合作办学),,,523,36127,06,,
1628,武汉商学院[公办],,税收学,,,561,17998,01,,
1628,武汉商学院[公办],,经济与金融,,,555,20401,02,,
1628,武汉商学院[公办],,商务英语,,,550,22582,03,,
1628,武汉商学院[公办],,会计学,,,569,14990,04,,
1628,武汉商学院[公办],,财务管理,,,561,17998,05,,
1628,武汉商学院[公办],,审计学,,,564,16810,06,,
1629,武汉体育学院[公办],,汉语国际教育,,,547,23983,01,,
1629,武汉体育学院[公办],,英语,,,547,23983,02,,
1629,武汉体育学院[公办],,新闻学,,,553,21243,03,,
1634,武夷学院(武夷山市)[公办],,保险学,,,538,28223,01,,
1634,武夷学院(武夷山市)[公办],,国际经济与贸易,,,534,30243,02,,
1634,武夷学院(武夷山市)[公办],,汉语言文学(师范类),,,548,23511,03,,
1634,武夷学院(武夷山市)[公办],,网络与新媒体,,,544,25427,04,,
1634,武夷学院(武夷山市)[公办],,文化产业管理,,,540,27280,05,,
1634,武夷学院(武夷山市)[公办],,物流管理,,,537,28710,06,,
1634,武夷学院(武夷山市)[公办],,供应链管理,,,531,31846,07,,
1634,武夷学院(武夷山市)[公办],,旅游管理,,,530,32409,08,,
1634,武夷学院(武夷山市)[公办],,广播电视编导,,,526,34483,09,,
1635,西安财经大学[公办],,经济学,,,598,6445,01,,
1635,西安财经大学[公办],,税收学,,,601,,02,,河北官方联合分数统计表为扫描PDF，本分档累计数未能稳定OCR，精确位次留空
1635,西安财经大学[公办],,法学,,,603,,03,,河北官方联合分数统计表为扫描PDF，本分档累计数未能稳定OCR，精确位次留空
1635,西安财经大学[公办],,英语,,,589,,04,,河北官方联合分数统计表为扫描PDF，本分档累计数未能稳定OCR，精确位次留空
1635,西安财经大学[公办],,会计学,,,608,,05,,河北官方联合分数统计表为扫描PDF，本分档累计数未能稳定OCR，精确位次留空
1635,西安财经大学[公办],,人力资源管理,,,583,10447,06,,
1637,西安电子科技大学[公办],,中国语言文学类(新人文学科与电子信息融合培养),,,618,,01,,河北官方联合分数统计表为扫描PDF，本分档累计数未能稳定OCR，精确位次留空
1637,西安电子科技大学[公办],,外国语言文学类(新文科国际语言与电子信息交叉融合培养),,,613,,02,,河北官方联合分数统计表为扫描PDF，本分档累计数未能稳定OCR，精确位次留空
1637,西安电子科技大学[公办],,工商管理类(数字化企业管理与数字金融融合培养),,,618,,03,,河北官方联合分数统计表为扫描PDF，本分档累计数未能稳定OCR，精确位次留空
1640,西安工程大学(按高考文化课成绩录取的艺术类专业)[公办],,广播电视编导,,,549,23040,01,,
1641,西安工业大学[公办],,市场营销,,,573,13600,01,,
1641,西安工业大学[公办],,会计学,,,600,,02,,河北官方联合分数统计表为扫描PDF，本分档累计数未能稳定OCR，精确位次留空
1641,西安工业大学[公办],,人力资源管理,,,584,10128,03,,
1641,西安工业大学[公办],,物流管理,,,581,11023,04,,
1645,西安建筑科技大学[公办],,汉语言文学,,,600,,02,,河北官方联合分数统计表为扫描PDF，本分档累计数未能稳定OCR，精确位次留空
1645,西安建筑科技大学[公办],,英语,,,585,9855,03,,
1645,西安建筑科技大学[公办],,风景园林,,,577,12264,04,,
1645,西安建筑科技大学[公办],,公共管理类,,,575,12935,05,,
1646,西安交通大学[公办],,文科试验班类,,,642,,03,,河北官方联合分数统计表为扫描PDF，本分档累计数未能稳定OCR，精确位次留空
1646,西安交通大学[公办],,法学试验班,,,648,,04,,河北官方联合分数统计表为扫描PDF，本分档累计数未能稳定OCR，精确位次留空
1646,西安交通大学[公办],,公共管理类,,,637,,05,,河北官方联合分数统计表为扫描PDF，本分档累计数未能稳定OCR，精确位次留空
1652,西安美术学院(按高考文化课成绩录取的艺术类专业)[公办],,美术学,,,541,26772,01,,
1652,西安美术学院(按高考文化课成绩录取的艺术类专业)[公办],,艺术设计学,,,545,24943,02,,
1653,西安石油大学[公办],,国际经济与贸易,,,576,12601,01,,
1653,西安石油大学[公办],,汉语言文学,,,599,6241,02,,
1653,西安石油大学[公办],,英语,,,577,12264,03,,
1653,西安石油大学[公办],,俄语,,,568,15333,04,,
1653,西安石油大学[公办],,新闻学,,,585,9855,05,,
1656,西安外国语大学[公办],,经济学,,,600,,02,,河北官方联合分数统计表为扫描PDF，本分档累计数未能稳定OCR，精确位次留空
1656,西安外国语大学[公办],,金融学,,,599,6241,03,,
1656,西安外国语大学[公办],,国际经济与贸易,,,601,,04,,河北官方联合分数统计表为扫描PDF，本分档累计数未能稳定OCR，精确位次留空
1656,西安外国语大学[公办],,汉语言文学,,,607,,05,,河北官方联合分数统计表为扫描PDF，本分档累计数未能稳定OCR，精确位次留空
1656,西安外国语大学[公办],,汉语言文学,,,606,,06,,河北官方联合分数统计表为扫描PDF，本分档累计数未能稳定OCR，精确位次留空
1656,西安外国语大学[公办],,汉语国际教育,,,601,,07,,河北官方联合分数统计表为扫描PDF，本分档累计数未能稳定OCR，精确位次留空
1656,西安外国语大学[公办],,英语,,,598,6445,08,,
1656,西安外国语大学[公办],,英语,,,603,,09,,河北官方联合分数统计表为扫描PDF，本分档累计数未能稳定OCR，精确位次留空
1656,西安外国语大学[公办],,德语,,,596,6980,10,,
1656,西安外国语大学[公办],,法语,,,607,,11,,河北官方联合分数统计表为扫描PDF，本分档累计数未能稳定OCR，精确位次留空
1656,西安外国语大学[公办],,西班牙语,,,600,,12,,河北官方联合分数统计表为扫描PDF，本分档累计数未能稳定OCR，精确位次留空
1656,西安外国语大学[公办],,翻译,,,593,,13,,河北官方联合分数统计表为扫描PDF，本分档累计数未能稳定OCR，精确位次留空
1656,西安外国语大学[公办],,商务英语,,,598,6445,14,,
1656,西安外国语大学[公办],,会计学,,,605,,15,,河北官方联合分数统计表为扫描PDF，本分档累计数未能稳定OCR，精确位次留空
1656,西安外国语大学[公办],,审计学,,,609,,16,,河北官方联合分数统计表为扫描PDF，本分档累计数未能稳定OCR，精确位次留空
1657,西安文理学院[公办],,汉语言文学,,,570,14639,01,,
1657,西安文理学院[公办],,汉语国际教育,,,555,20401,02,,
1657,西安文理学院[公办],,英语,,,555,20401,03,,
1657,西安文理学院[公办],,日语,,,546,24485,04,,
1657,西安文理学院[公办],,广告学,,,548,23511,05,,
1658,西安医学院[公办],,英语,,,551,22095,01,,
1658,西安医学院[公办],,护理学,,,536,29242,02,,
1658,西安医学院[公办],,市场营销,,,540,27280,03,,
1658,西安医学院[公办],,公共事业管理,,,547,23983,04,,
1658,西安医学院[公办],,公共事业管理,,,521,37257,05,,
1661,西安邮电大学(边防军人子女预科班)[公办],,本科预科班,,,530,32409,01,,
1663,西北大学(西安市)[公办],,哲学,,,619,,05,,河北官方联合分数统计表为扫描PDF，本分档累计数未能稳定OCR，精确位次留空
1663,西北大学(西安市)[公办],,经济学,,,624,,06,,河北官方联合分数统计表为扫描PDF，本分档累计数未能稳定OCR，精确位次留空
1663,西北大学(西安市)[公办],,法学,,,627,1789,07,,
1663,西北大学(西安市)[公办],,中国语言文学类,,,624,,08,,河北官方联合分数统计表为扫描PDF，本分档累计数未能稳定OCR，精确位次留空
1663,西北大学(西安市)[公办],,历史学,,,623,,09,,河北官方联合分数统计表为扫描PDF，本分档累计数未能稳定OCR，精确位次留空
1663,西北大学(西安市)[公办],,考古学,,,630,1523,10,,
1663,西北大学(西安市)[公办],,工商管理类,,,619,,11,,河北官方联合分数统计表为扫描PDF，本分档累计数未能稳定OCR，精确位次留空
1663,西北大学(西安市)[公办],,广播电视编导,,,596,6980,12,,
1665,西北工业大学(西安市)[公办],,经济与贸易类(国贸、法学、行管),,,628,1697,01,,
1665,西北工业大学(西安市)[公办],,马克思主义理论,,,626,,02,,河北官方联合分数统计表为扫描PDF，本分档累计数未能稳定OCR，精确位次留空
1665,西北工业大学(西安市)[公办],,外国语言文学类,,,622,,03,,河北官方联合分数统计表为扫描PDF，本分档累计数未能稳定OCR，精确位次留空
1665,西北工业大学(西安市)[公办],,工商管理类(管理试验班),,,630,1523,04,,
1666,西北民族大学(兰州市)[公办],,金融学,,,558,19202,01,,
1666,西北民族大学(兰州市)[公办],,社会学,,,551,22095,02,,
1666,西北民族大学(兰州市)[公办],,汉语言文学,,,581,11023,03,,
1666,西北民族大学(兰州市)[公办],,中国少数民族语言文学(零基础I),,,536,29242,04,,
1666,西北民族大学(兰州市)[公办],,中国少数民族语言文学(零基础II),,,533,30800,05,,
1666,西北民族大学(兰州市)[公办],,中国少数民族语言文学(零基础III),,,545,24943,06,,
1666,西北民族大学(兰州市)[公办],,英语,,,557,19607,07,,
1666,西北民族大学(兰州市)[公办],,俄语,,,545,24943,08,,
1666,西北民族大学(兰州市)[公办],,新闻传播学类,,,555,20401,09,,
1666,西北民族大学(兰州市)[公办],,历史学,,,573,13600,10,,
1666,西北民族大学(兰州市)[公办],,工商管理,,,559,18763,11,,
1666,西北民族大学(兰州市)[公办],,财务管理,,,567,15706,12,,
1668,西北农林科技大学(咸阳市)[公办],,经济学类,,,627,1789,01,,
1668,西北农林科技大学(咸阳市)[公办],,法学,,,625,,02,,河北官方联合分数统计表为扫描PDF，本分档累计数未能稳定OCR，精确位次留空
1668,西北农林科技大学(咸阳市)[公办],,社会学类,,,619,,03,,河北官方联合分数统计表为扫描PDF，本分档累计数未能稳定OCR，精确位次留空
1668,西北农林科技大学(咸阳市)[公办],,汉语国际教育,,,622,,04,,河北官方联合分数统计表为扫描PDF，本分档累计数未能稳定OCR，精确位次留空
1668,西北农林科技大学(咸阳市)[公办],,英语,,,621,,05,,河北官方联合分数统计表为扫描PDF，本分档累计数未能稳定OCR，精确位次留空
1668,西北农林科技大学(咸阳市)[公办],,俄语,,,613,,06,,河北官方联合分数统计表为扫描PDF，本分档累计数未能稳定OCR，精确位次留空
1668,西北农林科技大学(咸阳市)[公办],,工商管理类,,,623,,07,,河北官方联合分数统计表为扫描PDF，本分档累计数未能稳定OCR，精确位次留空
1668,西北农林科技大学(咸阳市)[公办],,公共管理类,,,621,,08,,河北官方联合分数统计表为扫描PDF，本分档累计数未能稳定OCR，精确位次留空
1669,西北师范大学(兰州市)[公办],,金融学,,,575,12935,01,,
1669,西北师范大学(兰州市)[公办],,国际经济与贸易,,,567,15706,02,,
1669,西北师范大学(兰州市)[公办],,法学,,,593,,03,,河北官方联合分数统计表为扫描PDF，本分档累计数未能稳定OCR，精确位次留空
1669,西北师范大学(兰州市)[公办],,社会学类,,,572,13953,04,,
1669,西北师范大学(兰州市)[公办],,思想政治教育,,,587,,05,,河北官方联合分数统计表为扫描PDF，本分档累计数未能稳定OCR，精确位次留空
1669,西北师范大学(兰州市)[公办],,学前教育,,,554,20836,06,,
1669,西北师范大学(兰州市)[公办],,汉语言文学,,,590,,07,,河北官方联合分数统计表为扫描PDF，本分档累计数未能稳定OCR，精确位次留空
1669,西北师范大学(兰州市)[公办],,汉语国际教育,,,573,13600,08,,
1669,西北师范大学(兰州市)[公办],,秘书学,,,578,11905,09,,
1669,西北师范大学(兰州市)[公办],,英语,,,577,12264,10,,
1669,西北师范大学(兰州市)[公办],,俄语,,,559,18763,11,,
1669,西北师范大学(兰州市)[公办],,阿拉伯语,,,555,20401,12,,
1669,西北师范大学(兰州市)[公办],,翻译,,,562,17629,13,,
1669,西北师范大学(兰州市)[公办],,历史学,,,584,10128,14,,
1669,西北师范大学(兰州市)[公办],,人文地理与城乡规划,,,566,16100,15,,
1669,西北师范大学(兰州市)[公办],,心理学类,,,568,15333,16,,
1669,西北师范大学(兰州市)[公办],,人力资源管理,,,562,17629,17,,
1669,西北师范大学(兰州市)[公办],,行政管理,,,567,15706,18,,
1669,西北师范大学(兰州市)[公办],,劳动与社会保障,,,558,19202,19,,
1669,西北师范大学(兰州市)[公办],,物流管理,,,565,16482,20,,
1669,西北师范大学(兰州市)[公办],,旅游管理,,,546,24485,21,,
1670,西北师范大学(兰州市)(按高考文化课成绩录取的艺术类专业)[公办],,广播电视编导,,,547,23983,01,,
1671,西北政法大学(西安市)[公办],,哲学,,,613,,02,,河北官方联合分数统计表为扫描PDF，本分档累计数未能稳定OCR，精确位次留空
1671,西北政法大学(西安市)[公办],,经济学类,,,613,,03,,河北官方联合分数统计表为扫描PDF，本分档累计数未能稳定OCR，精确位次留空
1671,西北政法大学(西安市)[公办],,法学(民商法),,,633,,04,,河北官方联合分数统计表为扫描PDF，本分档累计数未能稳定OCR，精确位次留空
1671,西北政法大学(西安市)[公办],,法学(经济法),,,632,,05,,河北官方联合分数统计表为扫描PDF，本分档累计数未能稳定OCR，精确位次留空
1671,西北政法大学(西安市)[公办],,法学(刑事法),,,631,,06,,河北官方联合分数统计表为扫描PDF，本分档累计数未能稳定OCR，精确位次留空
1671,西北政法大学(西安市)[公办],,法学(行政法),,,630,1523,07,,
1671,西北政法大学(西安市)[公办],,法学(涉外法治),,,629,1611,08,,
1671,西北政法大学(西安市)[公办],,法学(反恐怖主义法),,,629,1611,09,,
1671,西北政法大学(西安市)[公办],,法学(公共安全法),,,628,1697,10,,
1671,西北政法大学(西安市)[公办],,政治学与行政学,,,616,,11,,河北官方联合分数统计表为扫描PDF，本分档累计数未能稳定OCR，精确位次留空
1671,西北政法大学(西安市)[公办],,社会学,,,608,,12,,河北官方联合分数统计表为扫描PDF，本分档累计数未能稳定OCR，精确位次留空
1671,西北政法大学(西安市)[公办],,英语,,,609,,13,,河北官方联合分数统计表为扫描PDF，本分档累计数未能稳定OCR，精确位次留空
1671,西北政法大学(西安市)[公办],,审计学,,,621,,14,,河北官方联合分数统计表为扫描PDF，本分档累计数未能稳定OCR，精确位次留空
1671,西北政法大学(西安市)[公办],,行政管理,,,608,,15,,河北官方联合分数统计表为扫描PDF，本分档累计数未能稳定OCR，精确位次留空
1671,西北政法大学(西安市)[公办],,劳动与社会保障,,,607,,16,,河北官方联合分数统计表为扫描PDF，本分档累计数未能稳定OCR，精确位次留空
1671,西北政法大学(西安市)[公办],,电子商务及法律,,,612,,17,,河北官方联合分数统计表为扫描PDF，本分档累计数未能稳定OCR，精确位次留空
1672,西藏大学(拉萨市)[公办],,财政学,,,577,12264,01,,
1672,西藏大学(拉萨市)[公办],,税收学,,,578,11905,02,,
1672,西藏大学(拉萨市)[公办],,金融学,,,578,11905,03,,
1672,西藏大学(拉萨市)[公办],,法学,,,590,,04,,河北官方联合分数统计表为扫描PDF，本分档累计数未能稳定OCR，精确位次留空
1672,西藏大学(拉萨市)[公办],,政治学与行政学,,,584,10128,05,,
1672,西藏大学(拉萨市)[公办],,思想政治教育,,,573,13600,06,,
1672,西藏大学(拉萨市)[公办],,学前教育,,,556,19979,07,,
1672,西藏大学(拉萨市)[公办],,汉语言文学,,,579,11592,08,,
1672,西藏大学(拉萨市)[公办],,汉语言文学,,,575,12935,09,,
1672,西藏大学(拉萨市)[公办],,英语,,,576,12601,10,,
1672,西藏大学(拉萨市)[公办],,翻译(英汉翻译),,,569,14990,11,,
1672,西藏大学(拉萨市)[公办],,历史学,,,574,13269,12,,
1672,西藏大学(拉萨市)[公办],,会计学,,,579,11592,13,,
1672,西藏大学(拉萨市)[公办],,旅游管理,,,570,14639,14,,
1673,西藏民族大学(咸阳市)[公办],,哲学,,,553,21243,01,,
1673,西藏民族大学(咸阳市)[公办],,法学,,,579,11592,02,,
1673,西藏民族大学(咸阳市)[公办],,民族学,,,550,22582,03,,
1673,西藏民族大学(咸阳市)[公办],,思想政治教育,,,570,14639,04,,
1673,西藏民族大学(咸阳市)[公办],,汉语言文学,,,574,13269,05,,
1673,西藏民族大学(咸阳市)[公办],,汉语言文学(应用方向),,,574,13269,06,,
1673,西藏民族大学(咸阳市)[公办],,英语,,,556,19979,07,,
1673,西藏民族大学(咸阳市)[公办],,新闻学(数字新闻方向),,,556,19979,08,,
1674,西藏农牧学院(林芝市)[公办],,人文地理与城乡规划,,,518,38958,01,,
1674,西藏农牧学院(林芝市)[公办],,农林经济管理,,,519,38388,02,,
1674,西藏农牧学院(林芝市)[公办],,旅游管理,,,515,40662,03,,
1677,西昌学院[公办],,小学教育,,,530,32409,01,,
1677,西昌学院[公办],,英语,,,530,32409,02,,
1677,西昌学院[公办],,财务管理,,,538,28223,03,,
1677,西昌学院[公办],,电子商务,,,525,35052,04,,
1678,西华大学(成都市)[公办],,知识产权,,,593,,02,,河北官方联合分数统计表为扫描PDF，本分档累计数未能稳定OCR，精确位次留空
1678,西华大学(成都市)[公办],,社会工作,,,570,14639,03,,
1678,西华大学(成都市)[公办],,小学教育,,,568,15333,04,,
1678,西华大学(成都市)[公办],,英语,,,579,11592,05,,
1678,西华大学(成都市)[公办],,日语,,,561,17998,06,,
1678,西华大学(成都市)[公办],,工商管理,,,582,10728,07,,
1678,西华大学(成都市)[公办],,电子商务,,,571,14284,08,,
1679,西华师范大学(南充市)[公办],,思想政治教育(师范),,,578,11905,01,,
1679,西华师范大学(南充市)[公办],,秘书学,,,561,17998,02,,
1679,西华师范大学(南充市)[公办],,商务英语,,,558,19202,03,,
1679,西华师范大学(南充市)[公办],,新闻学,,,562,17629,04,,
1680,西交利物浦大学[中外合作办学],,外国语言文学类(中外合作办学),,,563,17236,01,,
1680,西交利物浦大学[中外合作办学],,工商管理类(中外合作办学),,,568,15333,02,,
1681,西南财经大学(成都市)[公办],,财政学类,,,631,,02,,河北官方联合分数统计表为扫描PDF，本分档累计数未能稳定OCR，精确位次留空
1681,西南财经大学(成都市)[公办],,金融学类,,,631,,03,,河北官方联合分数统计表为扫描PDF，本分档累计数未能稳定OCR，精确位次留空
1681,西南财经大学(成都市)[公办],,金融学(经管国际化创新实验班),,,634,,04,,河北官方联合分数统计表为扫描PDF，本分档累计数未能稳定OCR，精确位次留空
1681,西南财经大学(成都市)[公办],,经济与贸易类,,,627,1789,05,,
1681,西南财经大学(成都市)[公办],,法学(法学与金融学双学位),,,638,,06,,河北官方联合分数统计表为扫描PDF，本分档累计数未能稳定OCR，精确位次留空
1681,西南财经大学(成都市)[公办],,法学(法学与国商双学位),,,637,,07,,河北官方联合分数统计表为扫描PDF，本分档累计数未能稳定OCR，精确位次留空
1681,西南财经大学(成都市)[公办],,工商管理类(会计学院),,,634,,08,,河北官方联合分数统计表为扫描PDF，本分档累计数未能稳定OCR，精确位次留空
1681,西南财经大学(成都市)[公办],,工商管理类,,,626,,09,,河北官方联合分数统计表为扫描PDF，本分档累计数未能稳定OCR，精确位次留空
1681,西南财经大学(成都市)[公办],,会计学(注册会计师专门化方向),,,635,,10,,河北官方联合分数统计表为扫描PDF，本分档累计数未能稳定OCR，精确位次留空
1681,西南财经大学(成都市)[公办],,会计学(双语实验班),,,637,,11,,河北官方联合分数统计表为扫描PDF，本分档累计数未能稳定OCR，精确位次留空
1681,西南财经大学(成都市)[公办],,市场营销(中外合作办学)(金融服务与营销),,,597,6701,12,,
1681,西南财经大学(成都市)[公办],,会计学(中外合作办学),,,605,,13,,河北官方联合分数统计表为扫描PDF，本分档累计数未能稳定OCR，精确位次留空
1681,西南财经大学(成都市)[公办],,国际商务(中外合作办学),,,601,,14,,河北官方联合分数统计表为扫描PDF，本分档累计数未能稳定OCR，精确位次留空
1683,西南大学(重庆市)[公办],,经济学类,,,623,,04,,河北官方联合分数统计表为扫描PDF，本分档累计数未能稳定OCR，精确位次留空
1683,西南大学(重庆市)[公办],,法学,,,632,,05,,河北官方联合分数统计表为扫描PDF，本分档累计数未能稳定OCR，精确位次留空
1683,西南大学(重庆市)[公办],,民族学,,,616,,06,,河北官方联合分数统计表为扫描PDF，本分档累计数未能稳定OCR，精确位次留空
1683,西南大学(重庆市)[公办],,思想政治教育,,,628,1697,07,,
1683,西南大学(重庆市)[公办],,教育学(晏阳初创新实验班),,,623,,08,,河北官方联合分数统计表为扫描PDF，本分档累计数未能稳定OCR，精确位次留空
1683,西南大学(重庆市)[公办],,中国语言文学类,,,629,1611,09,,
1683,西南大学(重庆市)[公办],,英语,,,624,,10,,河北官方联合分数统计表为扫描PDF，本分档累计数未能稳定OCR，精确位次留空
1683,西南大学(重庆市)[公办],,新闻学,,,617,,11,,河北官方联合分数统计表为扫描PDF，本分档累计数未能稳定OCR，精确位次留空
1683,西南大学(重庆市)[公办],,历史学,,,624,,12,,河北官方联合分数统计表为扫描PDF，本分档累计数未能稳定OCR，精确位次留空
1683,西南大学(重庆市)[公办],,地理科学类,,,625,,13,,河北官方联合分数统计表为扫描PDF，本分档累计数未能稳定OCR，精确位次留空
1683,西南大学(重庆市)[公办],,应用心理学,,,622,,14,,河北官方联合分数统计表为扫描PDF，本分档累计数未能稳定OCR，精确位次留空
1683,西南大学(重庆市)[公办],,工商管理类,,,625,,15,,河北官方联合分数统计表为扫描PDF，本分档累计数未能稳定OCR，精确位次留空
1683,西南大学(重庆市)[公办],,农林经济管理,,,615,,16,,河北官方联合分数统计表为扫描PDF，本分档累计数未能稳定OCR，精确位次留空
1683,西南大学(重庆市)[公办],,公共管理类,,,619,,17,,河北官方联合分数统计表为扫描PDF，本分档累计数未能稳定OCR，精确位次留空
1683,西南大学(重庆市)[公办],,经济学(中外合作办学),,,609,,18,,河北官方联合分数统计表为扫描PDF，本分档累计数未能稳定OCR，精确位次留空
1686,西南大学(荣昌校区)[公办],,市场营销,,,607,,01,,河北官方联合分数统计表为扫描PDF，本分档累计数未能稳定OCR，精确位次留空
1688,西南交通大学[公办],,法学,,,628,1697,01,,
1688,西南交通大学[公办],,政治学与行政学,,,617,,02,,河北官方联合分数统计表为扫描PDF，本分档累计数未能稳定OCR，精确位次留空
1688,西南交通大学[公办],,汉语言文学,,,626,,03,,河北官方联合分数统计表为扫描PDF，本分档累计数未能稳定OCR，精确位次留空
1688,西南交通大学[公办],,外国语言文学类,,,618,,04,,河北官方联合分数统计表为扫描PDF，本分档累计数未能稳定OCR，精确位次留空
1688,西南交通大学[公办],,新闻传播学类,,,619,,05,,河北官方联合分数统计表为扫描PDF，本分档累计数未能稳定OCR，精确位次留空
1688,西南交通大学[公办],,公共事业管理,,,614,,06,,河北官方联合分数统计表为扫描PDF，本分档累计数未能稳定OCR，精确位次留空
1690,西南科技大学(绵阳市)[公办],,经济学,,,572,13953,03,,
1690,西南科技大学(绵阳市)[公办],,法学类,,,593,,04,,河北官方联合分数统计表为扫描PDF，本分档累计数未能稳定OCR，精确位次留空
1690,西南科技大学(绵阳市)[公办],,思想政治教育,,,578,11905,05,,
1690,西南科技大学(绵阳市)[公办],,中国语言文学类,,,582,10728,06,,
1690,西南科技大学(绵阳市)[公办],,外国语言文学类,,,558,19202,07,,
1690,西南科技大学(绵阳市)[公办],,西班牙语,,,557,19607,08,,
1690,西南科技大学(绵阳市)[公办],,应用心理学,,,564,16810,09,,
1690,西南科技大学(绵阳市)[公办],,工商管理类,,,579,11592,10,,
1690,西南科技大学(绵阳市)[公办],,会计学,,,587,,11,,河北官方联合分数统计表为扫描PDF，本分档累计数未能稳定OCR，精确位次留空
1692,西南民族大学(成都市)[公办],,哲学,,,579,11592,01,,
1692,西南民族大学(成都市)[公办],,财政学,,,592,,02,,河北官方联合分数统计表为扫描PDF，本分档累计数未能稳定OCR，精确位次留空
1692,西南民族大学(成都市)[公办],,金融学,,,593,,03,,河北官方联合分数统计表为扫描PDF，本分档累计数未能稳定OCR，精确位次留空
1692,西南民族大学(成都市)[公办],,国际经济与贸易,,,582,10728,04,,
1692,西南民族大学(成都市)[公办],,法学,,,610,,05,,河北官方联合分数统计表为扫描PDF，本分档累计数未能稳定OCR，精确位次留空
1692,西南民族大学(成都市)[公办],,社会学类,,,586,,06,,河北官方联合分数统计表为扫描PDF，本分档累计数未能稳定OCR，精确位次留空
1692,西南民族大学(成都市)[公办],,民族学,,,571,14284,07,,
1692,西南民族大学(成都市)[公办],,学前教育,,,564,16810,08,,
1692,西南民族大学(成都市)[公办],,汉语言文学,,,603,,09,,河北官方联合分数统计表为扫描PDF，本分档累计数未能稳定OCR，精确位次留空
1692,西南民族大学(成都市)[公办],,汉语言文学,,,602,,10,,河北官方联合分数统计表为扫描PDF，本分档累计数未能稳定OCR，精确位次留空
1692,西南民族大学(成都市)[公办],,中国少数民族语言文学,,,555,20401,11,,
1692,西南民族大学(成都市)[公办],,中国少数民族语言文学,,,551,22095,12,,
1692,西南民族大学(成都市)[公办],,英语,,,588,,13,,河北官方联合分数统计表为扫描PDF，本分档累计数未能稳定OCR，精确位次留空
1692,西南民族大学(成都市)[公办],,日语,,,570,14639,14,,
1692,西南民族大学(成都市)[公办],,新闻学,,,591,,15,,河北官方联合分数统计表为扫描PDF，本分档累计数未能稳定OCR，精确位次留空
1692,西南民族大学(成都市)[公办],,网络与新媒体,,,590,,16,,河北官方联合分数统计表为扫描PDF，本分档累计数未能稳定OCR，精确位次留空
1692,西南民族大学(成都市)[公办],,历史学类,,,594,,17,,河北官方联合分数统计表为扫描PDF，本分档累计数未能稳定OCR，精确位次留空
1692,西南民族大学(成都市)[公办],,应用心理学,,,580,11284,18,,
1692,西南民族大学(成都市)[公办],,市场营销,,,573,13600,19,,
1692,西南民族大学(成都市)[公办],,会计学,,,602,,20,,河北官方联合分数统计表为扫描PDF，本分档累计数未能稳定OCR，精确位次留空
1692,西南民族大学(成都市)[公办],,财务管理,,,595,,21,,河北官方联合分数统计表为扫描PDF，本分档累计数未能稳定OCR，精确位次留空
1692,西南民族大学(成都市)[公办],,人力资源管理,,,582,10728,22,,
1692,西南民族大学(成都市)[公办],,行政管理,,,579,11592,23,,
1692,西南民族大学(成都市)[公办],,物流管理,,,563,17236,24,,
1692,西南民族大学(成都市)[公办],,旅游管理,,,566,16100,25,,
1694,西南石油大学(成都市)[公办],,经济学,,,607,,02,,河北官方联合分数统计表为扫描PDF，本分档累计数未能稳定OCR，精确位次留空
1694,西南石油大学(成都市)[公办],,国际经济与贸易,,,602,,03,,河北官方联合分数统计表为扫描PDF，本分档累计数未能稳定OCR，精确位次留空
1694,西南石油大学(成都市)[公办],,法学,,,614,,04,,河北官方联合分数统计表为扫描PDF，本分档累计数未能稳定OCR，精确位次留空
1694,西南石油大学(成都市)[公办],,社会工作,,,592,,05,,河北官方联合分数统计表为扫描PDF，本分档累计数未能稳定OCR，精确位次留空
1694,西南石油大学(成都市)[公办],,思想政治教育,,,607,,06,,河北官方联合分数统计表为扫描PDF，本分档累计数未能稳定OCR，精确位次留空
1694,西南石油大学(成都市)[公办],,英语,,,602,,07,,河北官方联合分数统计表为扫描PDF，本分档累计数未能稳定OCR，精确位次留空
1694,西南石油大学(成都市)[公办],,俄语,,,587,,08,,河北官方联合分数统计表为扫描PDF，本分档累计数未能稳定OCR，精确位次留空
1694,西南石油大学(成都市)[公办],,市场营销,,,593,,09,,河北官方联合分数统计表为扫描PDF，本分档累计数未能稳定OCR，精确位次留空
1694,西南石油大学(成都市)[公办],,会计学,,,614,,10,,河北官方联合分数统计表为扫描PDF，本分档累计数未能稳定OCR，精确位次留空
1694,西南石油大学(成都市)[公办],,电子商务,,,598,6445,11,,
1695,西南石油大学(成都市)(按高考文化课成绩录取的艺术类专业)[公办],,广播电视编导,,,571,14284,01,,
1696,西南医科大学(泸州市)[公办],,法学,,,586,,01,,河北官方联合分数统计表为扫描PDF，本分档累计数未能稳定OCR，精确位次留空
1697,西南政法大学(重庆市)[公办],,法学,,,635,,06,,河北官方联合分数统计表为扫描PDF，本分档累计数未能稳定OCR，精确位次留空
1697,西南政法大学(重庆市)[公办],,法学(法律审计拔尖班),,,644,,07,,河北官方联合分数统计表为扫描PDF，本分档累计数未能稳定OCR，精确位次留空
1697,西南政法大学(重庆市)[公办],,法学(法律金融拔尖班),,,639,,08,,河北官方联合分数统计表为扫描PDF，本分档累计数未能稳定OCR，精确位次留空
1697,西南政法大学(重庆市)[公办],,法学(监察拔尖班),,,638,,09,,河北官方联合分数统计表为扫描PDF，本分档累计数未能稳定OCR，精确位次留空
1697,西南政法大学(重庆市)[公办],,政治学与行政学,,,627,1789,10,,
1697,西南政法大学(重庆市)[公办],,国际事务与国际关系,,,618,,11,,河北官方联合分数统计表为扫描PDF，本分档累计数未能稳定OCR，精确位次留空
1697,西南政法大学(重庆市)[公办],,思想政治教育,,,620,,12,,河北官方联合分数统计表为扫描PDF，本分档累计数未能稳定OCR，精确位次留空
1697,西南政法大学(重庆市)[公办],,新闻传播学类,,,617,,13,,河北官方联合分数统计表为扫描PDF，本分档累计数未能稳定OCR，精确位次留空
1700,厦门大学[公办],,人文科学试验班,,,644,,03,,河北官方联合分数统计表为扫描PDF，本分档累计数未能稳定OCR，精确位次留空
1700,厦门大学[公办],,经济学类(含双学士学位项目),,,649,,04,,河北官方联合分数统计表为扫描PDF，本分档累计数未能稳定OCR，精确位次留空
1700,厦门大学[公办],,法学(含涉外法治人才基地实验班),,,651,,05,,河北官方联合分数统计表为扫描PDF，本分档累计数未能稳定OCR，精确位次留空
1700,厦门大学[公办],,社会学类,,,640,,06,,河北官方联合分数统计表为扫描PDF，本分档累计数未能稳定OCR，精确位次留空
1700,厦门大学[公办],,外国语言文学类(含双学士学位项目、外语加财会等实验班),,,641,,07,,河北官方联合分数统计表为扫描PDF，本分档累计数未能稳定OCR，精确位次留空
1700,厦门大学[公办],,新闻传播学类(国际传播、智能广告与数字新闻),,,640,,08,,河北官方联合分数统计表为扫描PDF，本分档累计数未能稳定OCR，精确位次留空
1700,厦门大学[公办],,工商管理类,,,642,,09,,河北官方联合分数统计表为扫描PDF，本分档累计数未能稳定OCR，精确位次留空
1700,厦门大学[公办],,会计学(会计、财务、审计，含双学士学位项目),,,653,,10,,河北官方联合分数统计表为扫描PDF，本分档累计数未能稳定OCR，精确位次留空
1700,厦门大学[公办],,公共管理类(含双学士学位项目),,,640,,11,,河北官方联合分数统计表为扫描PDF，本分档累计数未能稳定OCR，精确位次留空
1702,厦门大学(马来西亚分校)[公办],,金融学(厦门大学马来西亚分校招生专业),,,619,,01,,河北官方联合分数统计表为扫描PDF，本分档累计数未能稳定OCR，精确位次留空
1702,厦门大学(马来西亚分校)[公办],,新闻学(厦门大学马来西亚分校招生专业),,,616,,02,,河北官方联合分数统计表为扫描PDF，本分档累计数未能稳定OCR，精确位次留空
1702,厦门大学(马来西亚分校)[公办],,广告学(厦门大学马来西亚分校招生专业),,,615,,03,,河北官方联合分数统计表为扫描PDF，本分档累计数未能稳定OCR，精确位次留空
1702,厦门大学(马来西亚分校)[公办],,会计学(厦门大学马来西亚分校招生专业),,,621,,04,,河北官方联合分数统计表为扫描PDF，本分档累计数未能稳定OCR，精确位次留空
1703,厦门理工学院[公办],,汉语国际教育,,,560,18388,01,,
1703,厦门理工学院[公办],,英语,,,553,21243,02,,
1703,厦门理工学院[公办],,财务管理,,,553,21243,03,,
1707,咸阳师范学院[公办],,经济学,,,547,23983,01,,
1707,咸阳师范学院[公办],,汉语言文学,,,566,16100,02,,
1707,咸阳师范学院[公办],,汉语国际教育,,,550,22582,03,,
1707,咸阳师范学院[公办],,英语,,,552,21668,04,,
1707,咸阳师范学院[公办],,财务管理,,,555,20401,05,,
1707,咸阳师范学院[公办],,学前教育(中外合作办学),,,499,50419,06,,
1713,香港珠海学院[香港],,商学院,,,478,64257,01,,
1713,香港珠海学院[香港],,文学与社会科学院,,,489,56862,02,,
1714,湘南学院(郴州市)[公办],,国际经济与贸易,,,543,25909,01,,
1714,湘南学院(郴州市)[公办],,法学,,,570,14639,02,,
1714,湘南学院(郴州市)[公办],,社会工作,,,537,28710,03,,
1714,湘南学院(郴州市)[公办],,思想政治教育,,,554,20836,04,,
1714,湘南学院(郴州市)[公办],,汉语言文学,,,558,19202,05,,
1714,湘南学院(郴州市)[公办],,英语,,,545,24943,06,,
1714,湘南学院(郴州市)[公办],,商务英语,,,538,28223,07,,
1714,湘南学院(郴州市)[公办],,网络与新媒体,,,548,23511,08,,
1714,湘南学院(郴州市)[公办],,针灸推拿学,,,570,14639,09,,
1714,湘南学院(郴州市)[公办],,财务管理,,,556,19979,10,,
1714,湘南学院(郴州市)[公办],,旅游管理,,,534,30243,11,,
1715,湘潭大学[公办],,哲学,,,600,,01,,河北官方联合分数统计表为扫描PDF，本分档累计数未能稳定OCR，精确位次留空
1715,湘潭大学[公办],,经济学,,,608,,02,,河北官方联合分数统计表为扫描PDF，本分档累计数未能稳定OCR，精确位次留空
1715,湘潭大学[公办],,金融学,,,607,,03,,河北官方联合分数统计表为扫描PDF，本分档累计数未能稳定OCR，精确位次留空
1715,湘潭大学[公办],,国际经济与贸易,,,603,,04,,河北官方联合分数统计表为扫描PDF，本分档累计数未能稳定OCR，精确位次留空
1715,湘潭大学[公办],,法学(卓越班),,,629,1611,05,,
1715,湘潭大学[公办],,法学,,,625,,06,,河北官方联合分数统计表为扫描PDF，本分档累计数未能稳定OCR，精确位次留空
1715,湘潭大学[公办],,社会学,,,599,6241,07,,
1715,湘潭大学[公办],,中国共产党历史,,,605,,08,,河北官方联合分数统计表为扫描PDF，本分档累计数未能稳定OCR，精确位次留空
1715,湘潭大学[公办],,马克思主义理论,,,609,,09,,河北官方联合分数统计表为扫描PDF，本分档累计数未能稳定OCR，精确位次留空
1715,湘潭大学[公办],,马克思主义理论(韶峰班),,,614,,10,,河北官方联合分数统计表为扫描PDF，本分档累计数未能稳定OCR，精确位次留空
1715,湘潭大学[公办],,汉语言文学,,,610,,11,,河北官方联合分数统计表为扫描PDF，本分档累计数未能稳定OCR，精确位次留空
1715,湘潭大学[公办],,英语,,,601,,12,,河北官方联合分数统计表为扫描PDF，本分档累计数未能稳定OCR，精确位次留空
1715,湘潭大学[公办],,法语,,,597,6701,13,,
1715,湘潭大学[公办],,新闻学,,,602,,14,,河北官方联合分数统计表为扫描PDF，本分档累计数未能稳定OCR，精确位次留空
1715,湘潭大学[公办],,广告学,,,597,6701,15,,
1715,湘潭大学[公办],,历史学,,,606,,16,,河北官方联合分数统计表为扫描PDF，本分档累计数未能稳定OCR，精确位次留空
1715,湘潭大学[公办],,工商管理,,,601,,17,,河北官方联合分数统计表为扫描PDF，本分档累计数未能稳定OCR，精确位次留空
1715,湘潭大学[公办],,会计学,,,614,,18,,河北官方联合分数统计表为扫描PDF，本分档累计数未能稳定OCR，精确位次留空
1715,湘潭大学[公办],,公共管理类(韶峰班),,,603,,19,,河北官方联合分数统计表为扫描PDF，本分档累计数未能稳定OCR，精确位次留空
1715,湘潭大学[公办],,行政管理,,,603,,20,,河北官方联合分数统计表为扫描PDF，本分档累计数未能稳定OCR，精确位次留空
1719,新疆财经大学(乌鲁木齐市)[公办],,经济学,,,554,20836,01,,
1719,新疆财经大学(乌鲁木齐市)[公办],,财政学,,,558,19202,02,,
1719,新疆财经大学(乌鲁木齐市)[公办],,税收学,,,554,20836,03,,
1719,新疆财经大学(乌鲁木齐市)[公办],,金融学,,,551,22095,04,,
1719,新疆财经大学(乌鲁木齐市)[公办],,保险学,,,548,23511,05,,
1719,新疆财经大学(乌鲁木齐市)[公办],,国际经济与贸易,,,550,22582,06,,
1719,新疆财经大学(乌鲁木齐市)[公办],,法学,,,570,14639,07,,
1719,新疆财经大学(乌鲁木齐市)[公办],,汉语言文学,,,569,14990,08,,
1719,新疆财经大学(乌鲁木齐市)[公办],,汉语国际教育,,,552,21668,09,,
1719,新疆财经大学(乌鲁木齐市)[公办],,商务英语,,,545,24943,10,,
1719,新疆财经大学(乌鲁木齐市)[公办],,新闻学,,,550,22582,11,,
1719,新疆财经大学(乌鲁木齐市)[公办],,网络与新媒体,,,549,23040,12,,
1719,新疆财经大学(乌鲁木齐市)[公办],,市场营销,,,544,25427,13,,
1719,新疆财经大学(乌鲁木齐市)[公办],,会计学,,,570,14639,14,,
1719,新疆财经大学(乌鲁木齐市)[公办],,财务管理,,,564,16810,15,,
1719,新疆财经大学(乌鲁木齐市)[公办],,国际商务,,,543,25909,16,,
1719,新疆财经大学(乌鲁木齐市)[公办],,审计学,,,567,15706,17,,
1719,新疆财经大学(乌鲁木齐市)[公办],,行政管理,,,549,23040,18,,
1719,新疆财经大学(乌鲁木齐市)[公办],,旅游管理,,,543,25909,19,,
1719,新疆财经大学(乌鲁木齐市)[公办],,酒店管理,,,538,28223,20,,
1719,新疆财经大学(乌鲁木齐市)[公办],,会展经济与管理,,,547,23983,21,,
1720,新疆大学(乌鲁木齐市)[公办],,法学,,,612,,01,,河北官方联合分数统计表为扫描PDF，本分档累计数未能稳定OCR，精确位次留空
1720,新疆大学(乌鲁木齐市)[公办],,法学(涉外法治人才),,,610,,02,,河北官方联合分数统计表为扫描PDF，本分档累计数未能稳定OCR，精确位次留空
1720,新疆大学(乌鲁木齐市)[公办],,国际政治,,,596,6980,03,,
1720,新疆大学(乌鲁木齐市)[公办],,思想政治教育,,,604,,04,,河北官方联合分数统计表为扫描PDF，本分档累计数未能稳定OCR，精确位次留空
1720,新疆大学(乌鲁木齐市)[公办],,汉语言文学,,,605,,05,,河北官方联合分数统计表为扫描PDF，本分档累计数未能稳定OCR，精确位次留空
1720,新疆大学(乌鲁木齐市)[公办],,汉语国际教育,,,598,6445,06,,
1720,新疆大学(乌鲁木齐市)[公办],,英语,,,591,,07,,河北官方联合分数统计表为扫描PDF，本分档累计数未能稳定OCR，精确位次留空
1720,新疆大学(乌鲁木齐市)[公办],,俄语,,,585,9855,08,,
1720,新疆大学(乌鲁木齐市)[公办],,新闻传播学类,,,593,,09,,河北官方联合分数统计表为扫描PDF，本分档累计数未能稳定OCR，精确位次留空
1720,新疆大学(乌鲁木齐市)[公办],,历史学,,,595,,10,,河北官方联合分数统计表为扫描PDF，本分档累计数未能稳定OCR，精确位次留空
1720,新疆大学(乌鲁木齐市)[公办],,旅游管理,,,587,,11,,河北官方联合分数统计表为扫描PDF，本分档累计数未能稳定OCR，精确位次留空
1721,新疆第二医学院(克拉玛依市)[公办],,公共事业管理,,,516,40076,01,,
1724,新疆和田学院[公办],,思想政治教育,,,523,36127,01,,
1724,新疆和田学院[公办],,学前教育,,,515,40662,02,,
1724,新疆和田学院[公办],,小学教育,,,521,37257,03,,
1724,新疆和田学院[公办],,汉语言文学,,,525,35052,04,,
1726,新疆交通职业技术大学[公办],,现代物流管理,,,518,38958,01,,
1727,新疆警察学院[公办],,法学,,,559,18763,01,,
1728,新疆科技学院[公办],,税收学,,,531,31846,01,,
1728,新疆科技学院[公办],,法学,,,545,24943,02,,
1728,新疆科技学院[公办],,新闻学,,,524,35601,03,,
1728,新疆科技学院[公办],,养老服务管理,,,517,39505,04,,
1728,新疆科技学院[公办],,旅游管理,,,517,39505,05,,
1729,新疆理工学院[公办],,国际经济与贸易,,,520,37811,01,,
1729,新疆理工学院[公办],,法学,,,542,26359,02,,
1729,新疆理工学院[公办],,社会工作,,,519,38388,03,,
1729,新疆理工学院[公办],,英语,,,518,38958,04,,
1729,新疆理工学院[公办],,俄语,,,517,39505,05,,
1729,新疆理工学院[公办],,商务英语,,,517,39505,06,,
1729,新疆理工学院[公办],,工商管理,,,521,37257,07,,
1729,新疆理工学院[公办],,市场营销,,,519,38388,08,,
1729,新疆理工学院[公办],,物流管理,,,517,39505,09,,
1729,新疆理工学院[公办],,旅游管理,,,517,39505,10,,
1730,新疆农业大学(八协计划)[公办],,旅游管理,,,373,143213,01,,
1731,新疆农业大学(乌鲁木齐市)[公办],,经济学,,,549,23040,01,,
1731,新疆农业大学(乌鲁木齐市)[公办],,经济与贸易类,,,524,35601,02,,
1731,新疆农业大学(乌鲁木齐市)[公办],,国际经济与贸易,,,542,26359,03,,
1731,新疆农业大学(乌鲁木齐市)[公办],,法学,,,567,15706,04,,
1731,新疆农业大学(乌鲁木齐市)[公办],,中国少数民族语言文学(维吾尔语言),,,529,32927,05,,
1731,新疆农业大学(乌鲁木齐市)[公办],,英语,,,536,29242,06,,
1731,新疆农业大学(乌鲁木齐市)[公办],,工商管理类,,,526,34483,07,,
1731,新疆农业大学(乌鲁木齐市)[公办],,市场营销,,,536,29242,08,,
1731,新疆农业大学(乌鲁木齐市)[公办],,会计学,,,567,15706,09,,
1731,新疆农业大学(乌鲁木齐市)[公办],,人力资源管理,,,542,26359,10,,
1731,新疆农业大学(乌鲁木齐市)[公办],,农林经济管理,,,545,24943,11,,
1731,新疆农业大学(乌鲁木齐市)[公办],,公共事业管理,,,540,27280,12,,
1731,新疆农业大学(乌鲁木齐市)[公办],,土地资源管理,,,538,28223,13,,
1732,新疆农业职业技术大学(昌吉市)[公办],,现代种业技术,,,514,41275,01,,
1732,新疆农业职业技术大学(昌吉市)[公办],,作物生产与品质改良,,,513,41828,02,,
1732,新疆农业职业技术大学(昌吉市)[公办],,设施园艺,,,513,41828,03,,
1735,新疆师范大学(八协计划)[公办],,法学,,,390,129129,01,,
1735,新疆师范大学(八协计划)[公办],,学前教育,,,363,151294,02,,
1736,新疆师范大学(乌鲁木齐市)[公办],,法学,,,578,11905,02,,
1736,新疆师范大学(乌鲁木齐市)[公办],,纪检监察,,,575,12935,03,,
1736,新疆师范大学(乌鲁木齐市)[公办],,政治学与行政学,,,561,17998,04,,
1736,新疆师范大学(乌鲁木齐市)[公办],,社会工作,,,547,23983,05,,
1736,新疆师范大学(乌鲁木齐市)[公办],,民族学,,,539,27769,06,,
1736,新疆师范大学(乌鲁木齐市)[公办],,思想政治教育,,,569,14990,07,,
1736,新疆师范大学(乌鲁木齐市)[公办],,学前教育,,,540,27280,08,,
1736,新疆师范大学(乌鲁木齐市)[公办],,小学教育,,,554,20836,09,,
1736,新疆师范大学(乌鲁木齐市)[公办],,特殊教育,,,553,21243,10,,
1736,新疆师范大学(乌鲁木齐市)[公办],,汉语言文学,,,570,14639,11,,
1736,新疆师范大学(乌鲁木齐市)[公办],,汉语国际教育,,,553,21243,12,,
1736,新疆师范大学(乌鲁木齐市)[公办],,中国少数民族语言文学(维吾尔语言),,,537,28710,13,,
1736,新疆师范大学(乌鲁木齐市)[公办],,英语,,,564,16810,14,,
1736,新疆师范大学(乌鲁木齐市)[公办],,俄语,,,541,26772,15,,
1736,新疆师范大学(乌鲁木齐市)[公办],,日语,,,540,27280,16,,
1736,新疆师范大学(乌鲁木齐市)[公办],,乌尔都语,,,538,28223,17,,
1736,新疆师范大学(乌鲁木齐市)[公办],,翻译,,,543,25909,18,,
1736,新疆师范大学(乌鲁木齐市)[公办],,历史学,,,558,19202,19,,
1736,新疆师范大学(乌鲁木齐市)[公办],,文物与博物馆学,,,548,23511,20,,
1736,新疆师范大学(乌鲁木齐市)[公办],,公共事业管理,,,548,23511,21,,
1744,新疆艺术学院(乌鲁木齐市)(按高考文化课成绩录取的艺术类专业)[公办],,非物质文化遗产保护,,,515,40662,01,,
1744,新疆艺术学院(乌鲁木齐市)(按高考文化课成绩录取的艺术类专业)[公办],,戏剧影视文学,,,513,41828,02,,
1744,新疆艺术学院(乌鲁木齐市)(按高考文化课成绩录取的艺术类专业)[公办],,广播电视编导,,,511,43048,03,,
1746,新疆政法学院[公办],,经济学,,,530,32409,01,,
1746,新疆政法学院[公办],,国际经济与贸易,,,525,35052,02,,
1746,新疆政法学院[公办],,法学,,,550,22582,03,,
1746,新疆政法学院[公办],,知识产权,,,544,25427,04,,
1746,新疆政法学院[公办],,信用风险管理与法律防控,,,542,26359,05,,
1746,新疆政法学院[公办],,司法警察学,,,545,24943,06,,
1746,新疆政法学院[公办],,社区矫正,,,539,27769,07,,
1746,新疆政法学院[公办],,政治学与行政学,,,534,30243,08,,
1746,新疆政法学院[公办],,汉语言文学,,,539,27769,09,,
1746,新疆政法学院[公办],,应用语言学,,,526,34483,10,,
1746,新疆政法学院[公办],,英语,,,525,35052,11,,
1746,新疆政法学院[公办],,历史学,,,533,30800,12,,
1746,新疆政法学院[公办],,工商管理,,,531,31846,13,,
1746,新疆政法学院[公办],,财务管理,,,538,28223,14,,
1746,新疆政法学院[公办],,公共事业管理,,,529,32927,15,,
1746,新疆政法学院[公办],,跨境电子商务,,,524,35601,16,,
1748,新乡学院[公办],,外国语言文学类,,,531,31846,01,,
1748,新乡学院[公办],,网络与新媒体,,,537,28710,02,,
1751,新余学院[公办],,汉语言文学,,,557,19607,01,,
1751,新余学院[公办],,英语,,,541,26772,02,,
1751,新余学院[公办],,商务英语,,,532,31323,03,,
1751,新余学院[公办],,网络与新媒体,,,546,24485,04,,
1751,新余学院[公办],,市场营销(数字营销方向),,,538,28223,05,,
1751,新余学院[公办],,财务管理,,,552,21668,06,,
1751,新余学院[公办],,健康服务与管理,,,533,30800,07,,
1751,新余学院[公办],,电子商务,,,542,26359,08,,
1752,信阳农林学院[公办],,商务英语,,,525,35052,01,,
1752,信阳农林学院[公办],,电子商务,,,530,32409,02,,
1752,信阳农林学院[公办],,酒店管理,,,523,36127,03,,
1753,信阳师范大学[公办],,社会工作,,,549,23040,01,,
1757,邢台学院[公办],,国际经济与贸易,,,525,35052,01,,
1757,邢台学院[公办],,法学,,,554,20836,02,,
1757,邢台学院[公办],,思想政治教育,,,539,27769,03,,
1757,邢台学院[公办],,科学教育,,,528,33434,04,,
1757,邢台学院[公办],,学前教育,,,522,36684,05,,
1757,邢台学院[公办],,小学教育,,,530,32409,06,,
1757,邢台学院[公办],,汉语言文学,,,547,23983,07,,
1757,邢台学院[公办],,汉语国际教育,,,531,31846,08,,
1757,邢台学院[公办],,英语,,,529,32927,09,,
1757,邢台学院[公办],,翻译,,,520,37811,10,,
1757,邢台学院[公办],,历史学,,,534,30243,11,,
1757,邢台学院[公办],,地理科学,,,533,30800,12,,
1757,邢台学院[公办],,人文地理与城乡规划,,,526,34483,13,,
1757,邢台学院[公办],,地理信息科学,,,531,31846,14,,
1757,邢台学院[公办],,工商管理,,,529,32927,15,,
1757,邢台学院[公办],,市场营销,,,527,33954,16,,
1757,邢台学院[公办],,会计学,,,547,23983,17,,
1757,邢台学院[公办],,财务管理,,,543,25909,18,,
1757,邢台学院[公办],,物流管理,,,520,37811,19,,
1758,邢台学院(按高考文化课成绩录取的艺术类专业)[公办],,戏剧影视文学,,,512,42421,01,,
1759,邢台医学院[公办],,养老服务管理,,,518,38958,01,,
1760,徐州工程学院[公办],,汉语言文学,,,573,13600,01,,
1760,徐州工程学院[公办],,英语,,,558,19202,02,,
1760,徐州工程学院[公办],,会计学,,,574,13269,03,,
1760,徐州工程学院[公办],,电子商务,,,566,16100,04,,
1763,许昌学院[公办],,法学,,,566,16100,01,,
1763,许昌学院[公办],,思想政治教育,,,551,22095,02,,
1763,许昌学院[公办],,汉语言文学,,,559,18763,03,,
1763,许昌学院[公办],,英语,,,546,24485,04,,
1763,许昌学院[公办],,历史学,,,547,23983,05,,
1763,许昌学院[公办],,应用心理学,,,540,27280,06,,
1763,许昌学院[公办],,会计学,,,561,17998,07,,
1763,许昌学院[公办],,电子商务,,,533,30800,08,,
1766,烟台大学[公办],,汉语言文学,,,593,,01,,河北官方联合分数统计表为扫描PDF，本分档累计数未能稳定OCR，精确位次留空
1766,烟台大学[公办],,英语(中外高水平大学学生交流计划),,,586,,02,,河北官方联合分数统计表为扫描PDF，本分档累计数未能稳定OCR，精确位次留空
1766,烟台大学[公办],,日语,,,572,13953,03,,
1766,烟台大学[公办],,朝鲜语,,,558,19202,04,,
1766,烟台大学[公办],,会计学,,,594,,05,,河北官方联合分数统计表为扫描PDF，本分档累计数未能稳定OCR，精确位次留空
1767,烟台大学(边防军人子女预科班)[公办],,本科预科班,,,511,43048,01,,
1771,延安大学[公办],,法学,,,600,,01,,河北官方联合分数统计表为扫描PDF，本分档累计数未能稳定OCR，精确位次留空
1771,延安大学[公办],,思想政治教育,,,590,,02,,河北官方联合分数统计表为扫描PDF，本分档累计数未能稳定OCR，精确位次留空
1771,延安大学[公办],,英语,,,577,12264,03,,
1771,延安大学[公办],,新闻学,,,575,12935,04,,
1771,延安大学[公办],,历史学,,,584,10128,05,,
1774,延边大学[公办],,经济学类,,,606,,01,,河北官方联合分数统计表为扫描PDF，本分档累计数未能稳定OCR，精确位次留空
1774,延边大学[公办],,法学,,,616,,02,,河北官方联合分数统计表为扫描PDF，本分档累计数未能稳定OCR，精确位次留空
1774,延边大学[公办],,中国语言文学类,,,609,,03,,河北官方联合分数统计表为扫描PDF，本分档累计数未能稳定OCR，精确位次留空
1774,延边大学[公办],,英语,,,604,,04,,河北官方联合分数统计表为扫描PDF，本分档累计数未能稳定OCR，精确位次留空
1774,延边大学[公办],,俄语,,,594,,05,,河北官方联合分数统计表为扫描PDF，本分档累计数未能稳定OCR，精确位次留空
1774,延边大学[公办],,日语,,,594,,06,,河北官方联合分数统计表为扫描PDF，本分档累计数未能稳定OCR，精确位次留空
1774,延边大学[公办],,朝鲜语,,,597,6701,07,,
1774,延边大学[公办],,历史学,,,604,,08,,河北官方联合分数统计表为扫描PDF，本分档累计数未能稳定OCR，精确位次留空
1774,延边大学[公办],,地理科学类,,,603,,09,,河北官方联合分数统计表为扫描PDF，本分档累计数未能稳定OCR，精确位次留空
1774,延边大学[公办],,工商管理,,,601,,10,,河北官方联合分数统计表为扫描PDF，本分档累计数未能稳定OCR，精确位次留空
1774,延边大学[公办],,旅游管理,,,596,6980,11,,
1774,延边大学[公办],,经济学(中外合作办学),,,596,6980,12,,
1778,盐城师范学院[公办],,俄语,,,535,29738,01,,
1781,燕山大学(地方专项计划)[公办],,法学,,,600,,01,,河北官方联合分数统计表为扫描PDF，本分档累计数未能稳定OCR，精确位次留空
1781,燕山大学(地方专项计划)[公办],,汉语言文学,,,594,,02,,河北官方联合分数统计表为扫描PDF，本分档累计数未能稳定OCR，精确位次留空
1781,燕山大学(地方专项计划)[公办],,外国语言文学类(英语),,,580,11284,03,,
1781,燕山大学(地方专项计划)[公办],,工商管理类,,,583,10447,04,,
1781,燕山大学(地方专项计划)[公办],,公共管理类,,,579,11592,05,,
1783,燕山大学(秦皇岛市)[公办],,经济与金融,,,595,,01,,河北官方联合分数统计表为扫描PDF，本分档累计数未能稳定OCR，精确位次留空
1783,燕山大学(秦皇岛市)[公办],,法学,,,604,,02,,河北官方联合分数统计表为扫描PDF，本分档累计数未能稳定OCR，精确位次留空
1783,燕山大学(秦皇岛市)[公办],,马克思主义理论,,,592,,03,,河北官方联合分数统计表为扫描PDF，本分档累计数未能稳定OCR，精确位次留空
1783,燕山大学(秦皇岛市)[公办],,马克思主义理论,,,589,,04,,河北官方联合分数统计表为扫描PDF，本分档累计数未能稳定OCR，精确位次留空
1783,燕山大学(秦皇岛市)[公办],,汉语言文学,,,597,6701,05,,
1783,燕山大学(秦皇岛市)[公办],,汉语国际教育,,,592,,06,,河北官方联合分数统计表为扫描PDF，本分档累计数未能稳定OCR，精确位次留空
1783,燕山大学(秦皇岛市)[公办],,外国语言文学类(英语),,,577,12264,07,,
1783,燕山大学(秦皇岛市)[公办],,俄语,,,569,14990,08,,
1783,燕山大学(秦皇岛市)[公办],,德语,,,569,14990,09,,
1783,燕山大学(秦皇岛市)[公办],,法语,,,575,12935,10,,
1783,燕山大学(秦皇岛市)[公办],,日语,,,572,13953,11,,
1783,燕山大学(秦皇岛市)[公办],,工商管理类,,,588,,12,,河北官方联合分数统计表为扫描PDF，本分档累计数未能稳定OCR，精确位次留空
1783,燕山大学(秦皇岛市)[公办],,公共管理类,,,579,11592,13,,
1784,燕山大学(少数民族预科班)[公办],,本科预科班,,,565,16482,01,,
1785,扬州大学[公办],,法学,,,615,,02,,河北官方联合分数统计表为扫描PDF，本分档累计数未能稳定OCR，精确位次留空
1785,扬州大学[公办],,小学教育,,,595,,03,,河北官方联合分数统计表为扫描PDF，本分档累计数未能稳定OCR，精确位次留空
1785,扬州大学[公办],,日语,,,593,,04,,河北官方联合分数统计表为扫描PDF，本分档累计数未能稳定OCR，精确位次留空
1785,扬州大学[公办],,历史学,,,605,,05,,河北官方联合分数统计表为扫描PDF，本分档累计数未能稳定OCR，精确位次留空
1785,扬州大学[公办],,会计学,,,613,,06,,河北官方联合分数统计表为扫描PDF，本分档累计数未能稳定OCR，精确位次留空
1791,伊犁师范大学[公办],,贸易经济,,,529,32927,01,,
1791,伊犁师范大学[公办],,法学,,,549,23040,02,,
1791,伊犁师范大学[公办],,思想政治教育,,,539,27769,03,,
1791,伊犁师范大学[公办],,学前教育,,,521,37257,04,,
1791,伊犁师范大学[公办],,小学教育(文科方向),,,532,31323,05,,
1791,伊犁师范大学[公办],,汉语言文学,,,546,24485,06,,
1791,伊犁师范大学[公办],,汉语国际教育,,,534,30243,07,,
1791,伊犁师范大学[公办],,英语,,,533,30800,08,,
1791,伊犁师范大学[公办],,俄语,,,518,38958,09,,
1791,伊犁师范大学[公办],,历史学,,,536,29242,10,,
1791,伊犁师范大学[公办],,文物与博物馆学,,,528,33434,11,,
1791,伊犁师范大学[公办],,会计学,,,545,24943,12,,
1791,伊犁师范大学[公办],,旅游管理,,,521,37257,13,,
1791,伊犁师范大学[公办],,会展经济与管理,,,522,36684,14,,
1792,伊犁师范大学(八协计划)[公办],,汉语言文学,,,379,138201,01,,
1794,宜宾学院[公办],,国际经济与贸易,,,546,24485,01,,
1794,宜宾学院[公办],,法学,,,564,16810,02,,
1794,宜宾学院[公办],,汉语言文学,,,555,20401,03,,
1794,宜宾学院[公办],,英语,,,548,23511,04,,
1796,宜春学院[公办],,国际经济与贸易,,,533,30800,01,,
1796,宜春学院[公办],,法学,,,562,17629,02,,
1796,宜春学院[公办],,思想政治教育,,,549,23040,03,,
1796,宜春学院[公办],,汉语言文学,,,551,22095,04,,
1796,宜春学院[公办],,汉语国际教育,,,543,25909,05,,
1796,宜春学院[公办],,广告学,,,542,26359,06,,
1796,宜春学院[公办],,护理学(医学美容技术方向),,,527,33954,07,,
1797,营口理工学院[公办],,物流管理,,,536,29242,01,,
1797,营口理工学院[公办],,供应链管理,,,533,30800,02,,
1802,榆林学院[公办],,学前教育,,,527,33954,01,,
1802,榆林学院[公办],,小学教育,,,541,26772,02,,
1802,榆林学院[公办],,汉语言文学,,,550,22582,03,,
1804,玉林师范学院[公办],,财务管理,,,538,28223,01,,
1805,玉溪师范学院[公办],,思想政治教育,,,539,27769,01,,
1805,玉溪师范学院[公办],,汉语言文学,,,550,22582,02,,
1805,玉溪师范学院[公办],,英语,,,536,29242,03,,
1806,云南财经大学(昆明市)[公办],,经济学,,,571,14284,01,,
1806,云南财经大学(昆明市)[公办],,财政学,,,580,11284,02,,
1806,云南财经大学(昆明市)[公办],,税收学,,,585,9855,03,,
1806,云南财经大学(昆明市)[公办],,金融学,,,573,13600,04,,
1806,云南财经大学(昆明市)[公办],,国际经济与贸易,,,563,17236,05,,
1806,云南财经大学(昆明市)[公办],,法学,,,591,,06,,河北官方联合分数统计表为扫描PDF，本分档累计数未能稳定OCR，精确位次留空
1806,云南财经大学(昆明市)[公办],,国际事务与国际关系,,,557,19607,07,,
1806,云南财经大学(昆明市)[公办],,汉语言,,,571,14284,08,,
1806,云南财经大学(昆明市)[公办],,英语,,,560,18388,09,,
1806,云南财经大学(昆明市)[公办],,工商管理,,,569,14990,10,,
1806,云南财经大学(昆明市)[公办],,市场营销,,,560,18388,11,,
1806,云南财经大学(昆明市)[公办],,会计学,,,594,,12,,河北官方联合分数统计表为扫描PDF，本分档累计数未能稳定OCR，精确位次留空
1806,云南财经大学(昆明市)[公办],,财务管理,,,585,9855,13,,
1806,云南财经大学(昆明市)[公办],,国际商务,,,562,17629,14,,
1806,云南财经大学(昆明市)[公办],,文化产业管理,,,563,17236,15,,
1806,云南财经大学(昆明市)[公办],,行政管理,,,564,16810,16,,
1806,云南财经大学(昆明市)[公办],,供应链管理,,,563,17236,17,,
1808,云南大学(昆明市)[公办],,哲学,,,606,,02,,河北官方联合分数统计表为扫描PDF，本分档累计数未能稳定OCR，精确位次留空
1808,云南大学(昆明市)[公办],,法学,,,624,,03,,河北官方联合分数统计表为扫描PDF，本分档累计数未能稳定OCR，精确位次留空
1808,云南大学(昆明市)[公办],,政治学与行政学,,,612,,04,,河北官方联合分数统计表为扫描PDF，本分档累计数未能稳定OCR，精确位次留空
1808,云南大学(昆明市)[公办],,社会学,,,608,,05,,河北官方联合分数统计表为扫描PDF，本分档累计数未能稳定OCR，精确位次留空
1808,云南大学(昆明市)[公办],,社会工作,,,610,,06,,河北官方联合分数统计表为扫描PDF，本分档累计数未能稳定OCR，精确位次留空
1808,云南大学(昆明市)[公办],,民族学,,,611,,07,,河北官方联合分数统计表为扫描PDF，本分档累计数未能稳定OCR，精确位次留空
1808,云南大学(昆明市)[公办],,马克思主义理论,,,617,,08,,河北官方联合分数统计表为扫描PDF，本分档累计数未能稳定OCR，精确位次留空
1808,云南大学(昆明市)[公办],,汉语言文学,,,618,,09,,河北官方联合分数统计表为扫描PDF，本分档累计数未能稳定OCR，精确位次留空
1808,云南大学(昆明市)[公办],,英语,,,607,,10,,河北官方联合分数统计表为扫描PDF，本分档累计数未能稳定OCR，精确位次留空
1808,云南大学(昆明市)[公办],,泰语,,,601,,11,,河北官方联合分数统计表为扫描PDF，本分档累计数未能稳定OCR，精确位次留空
1808,云南大学(昆明市)[公办],,新闻学,,,610,,12,,河北官方联合分数统计表为扫描PDF，本分档累计数未能稳定OCR，精确位次留空
1808,云南大学(昆明市)[公办],,历史学,,,615,,13,,河北官方联合分数统计表为扫描PDF，本分档累计数未能稳定OCR，精确位次留空
1808,云南大学(昆明市)[公办],,公共事业管理,,,607,,14,,河北官方联合分数统计表为扫描PDF，本分档累计数未能稳定OCR，精确位次留空
1808,云南大学(昆明市)[公办],,公共事业管理,,,611,,15,,河北官方联合分数统计表为扫描PDF，本分档累计数未能稳定OCR，精确位次留空
1808,云南大学(昆明市)[公办],,行政管理,,,607,,16,,河北官方联合分数统计表为扫描PDF，本分档累计数未能稳定OCR，精确位次留空
1808,云南大学(昆明市)[公办],,档案学,,,610,,17,,河北官方联合分数统计表为扫描PDF，本分档累计数未能稳定OCR，精确位次留空
1808,云南大学(昆明市)[公办],,信息资源管理,,,603,,18,,河北官方联合分数统计表为扫描PDF，本分档累计数未能稳定OCR，精确位次留空
1810,云南警官学院(昆明市)[公办],,法学,,,573,13600,01,,
1812,云南民族大学(昆明市)[公办],,法学,,,586,,01,,河北官方联合分数统计表为扫描PDF，本分档累计数未能稳定OCR，精确位次留空
1812,云南民族大学(昆明市)[公办],,汉语言文学,,,580,11284,02,,
1812,云南民族大学(昆明市)[公办],,柬埔寨语,,,537,28710,03,,
1812,云南民族大学(昆明市)[公办],,工商管理,,,563,17236,04,,
1812,云南民族大学(昆明市)[公办],,行政管理,,,556,19979,05,,
1814,云南农业大学(昆明市)[公办],,英语,,,555,20401,02,,
1814,云南农业大学(昆明市)[公办],,旅游管理,,,549,23040,03,,
1814,云南农业大学(昆明市)[公办],,农林经济管理(中外合作办学),,,528,33434,04,,
1815,云南师范大学(昆明市)[公办],,思想政治教育,,,587,,01,,河北官方联合分数统计表为扫描PDF，本分档累计数未能稳定OCR，精确位次留空
1815,云南师范大学(昆明市)[公办],,学前教育,,,535,29738,02,,
1815,云南师范大学(昆明市)[公办],,汉语言文学,,,590,,03,,河北官方联合分数统计表为扫描PDF，本分档累计数未能稳定OCR，精确位次留空
1815,云南师范大学(昆明市)[公办],,历史学,,,583,10447,04,,
1815,云南师范大学(昆明市)[公办],,工商管理类,,,578,11905,05,,
1819,云南艺术学院(昆明市)(按高考文化课成绩录取的艺术类专业)[公办],,艺术管理,,,547,23983,01,,
1819,云南艺术学院(昆明市)(按高考文化课成绩录取的艺术类专业)[公办],,非物质文化遗产保护,,,542,26359,02,,
1819,云南艺术学院(昆明市)(按高考文化课成绩录取的艺术类专业)[公办],,戏剧学,,,518,38958,03,,
1819,云南艺术学院(昆明市)(按高考文化课成绩录取的艺术类专业)[公办],,戏剧影视文学,,,527,33954,04,,
1819,云南艺术学院(昆明市)(按高考文化课成绩录取的艺术类专业)[公办],,广播电视编导,,,520,37811,05,,
1820,云南中医药大学(昆明市)[公办],,中医学,,,598,6445,01,,
1820,云南中医药大学(昆明市)[公办],,公共事业管理,,,550,22582,02,,
1823,运城学院[公办],,思想政治教育,,,541,26772,01,,
1823,运城学院[公办],,学前教育,,,523,36127,02,,
1823,运城学院[公办],,小学教育,,,535,29738,03,,
1823,运城学院[公办],,秘书学,,,532,31323,04,,
1823,运城学院[公办],,英语,,,533,30800,05,,
1823,运城学院[公办],,电子商务,,,529,32927,06,,
1832,张家口学院[公办],,思想政治教育,,,537,28710,01,,
1832,张家口学院[公办],,艺术教育,,,517,39505,02,,
1832,张家口学院[公办],,学前教育,,,523,36127,03,,
1832,张家口学院[公办],,小学教育,,,527,33954,04,,
1832,张家口学院[公办],,运动康复,,,518,38958,05,,
1832,张家口学院[公办],,体育旅游,,,515,40662,06,,
1832,张家口学院[公办],,汉语言文学,,,541,26772,07,,
1832,张家口学院[公办],,英语,,,531,31846,08,,
1832,张家口学院[公办],,翻译,,,520,37811,09,,
1832,张家口学院[公办],,地理科学,,,531,31846,10,,
1832,张家口学院[公办],,心理学,,,525,35052,11,,
1832,张家口学院[公办],,会计学,,,541,26772,12,,
1832,张家口学院[公办],,财务管理,,,538,28223,13,,
1832,张家口学院[公办],,审计学,,,541,26772,14,,
1832,张家口学院[公办],,健康服务与管理,,,518,38958,15,,
1832,张家口学院[公办],,旅游管理,,,518,38958,16,,
1832,张家口学院[公办],,会展经济与管理,,,517,39505,17,,
1836,肇庆学院[公办],,汉语言文学(师范),,,548,23511,01,,
1836,肇庆学院[公办],,日语,,,520,37811,02,,
1836,肇庆学院[公办],,行政管理,,,531,31846,03,,
1838,浙大城市学院[公办],,金融学,,,579,11592,01,,
1838,浙大城市学院[公办],,英语,,,573,13600,02,,
1838,浙大城市学院[公办],,财务管理,,,583,10447,03,,
1838,浙大城市学院[公办],,行政管理,,,573,13600,04,,
1842,浙江财经大学(杭州市)[公办],,经济学,,,611,,01,,河北官方联合分数统计表为扫描PDF，本分档累计数未能稳定OCR，精确位次留空
1842,浙江财经大学(杭州市)[公办],,金融学,,,609,,02,,河北官方联合分数统计表为扫描PDF，本分档累计数未能稳定OCR，精确位次留空
1842,浙江财经大学(杭州市)[公办],,投资学,,,608,,03,,河北官方联合分数统计表为扫描PDF，本分档累计数未能稳定OCR，精确位次留空
1842,浙江财经大学(杭州市)[公办],,国际经济与贸易(含数字贸易方向),,,606,,04,,河北官方联合分数统计表为扫描PDF，本分档累计数未能稳定OCR，精确位次留空
1842,浙江财经大学(杭州市)[公办],,法学,,,614,,05,,河北官方联合分数统计表为扫描PDF，本分档累计数未能稳定OCR，精确位次留空
1842,浙江财经大学(杭州市)[公办],,社会工作,,,602,,06,,河北官方联合分数统计表为扫描PDF，本分档累计数未能稳定OCR，精确位次留空
1842,浙江财经大学(杭州市)[公办],,汉语言文学,,,609,,07,,河北官方联合分数统计表为扫描PDF，本分档累计数未能稳定OCR，精确位次留空
1842,浙江财经大学(杭州市)[公办],,新闻传播学类,,,603,,08,,河北官方联合分数统计表为扫描PDF，本分档累计数未能稳定OCR，精确位次留空
1842,浙江财经大学(杭州市)[公办],,城乡规划,,,592,,09,,河北官方联合分数统计表为扫描PDF，本分档累计数未能稳定OCR，精确位次留空
1842,浙江财经大学(杭州市)[公办],,工商管理类,,,607,,10,,河北官方联合分数统计表为扫描PDF，本分档累计数未能稳定OCR，精确位次留空
1842,浙江财经大学(杭州市)[公办],,会计学,,,617,,11,,河北官方联合分数统计表为扫描PDF，本分档累计数未能稳定OCR，精确位次留空
1842,浙江财经大学(杭州市)[公办],,财务管理,,,616,,12,,河北官方联合分数统计表为扫描PDF，本分档累计数未能稳定OCR，精确位次留空
1842,浙江财经大学(杭州市)[公办],,审计学,,,614,,13,,河北官方联合分数统计表为扫描PDF，本分档累计数未能稳定OCR，精确位次留空
1842,浙江财经大学(杭州市)[公办],,公共管理类,,,598,6445,14,,
1842,浙江财经大学(杭州市)[公办],,电子商务,,,600,,15,,河北官方联合分数统计表为扫描PDF，本分档累计数未能稳定OCR，精确位次留空
1842,浙江财经大学(杭州市)[公办],,金融学(中外合作办学),,,600,,16,,河北官方联合分数统计表为扫描PDF，本分档累计数未能稳定OCR，精确位次留空
1842,浙江财经大学(杭州市)[公办],,市场营销(中外合作办学),,,579,11592,17,,
1842,浙江财经大学(杭州市)[公办],,会计学(中外合作办学),,,607,,18,,河北官方联合分数统计表为扫描PDF，本分档累计数未能稳定OCR，精确位次留空
1843,浙江传媒学院[公办],,汉语言文学,,,597,6701,01,,
1843,浙江传媒学院[公办],,英语,,,590,,02,,河北官方联合分数统计表为扫描PDF，本分档累计数未能稳定OCR，精确位次留空
1843,浙江传媒学院[公办],,新闻学,,,597,6701,03,,
1843,浙江传媒学院[公办],,广播电视学,,,597,6701,04,,
1843,浙江传媒学院[公办],,广告学,,,591,,05,,河北官方联合分数统计表为扫描PDF，本分档累计数未能稳定OCR，精确位次留空
1843,浙江传媒学院[公办],,传播学,,,596,6980,06,,
1843,浙江传媒学院[公办],,编辑出版学,,,594,,07,,河北官方联合分数统计表为扫描PDF，本分档累计数未能稳定OCR，精确位次留空
1843,浙江传媒学院[公办],,网络与新媒体,,,599,6241,08,,
1843,浙江传媒学院[公办],,国际新闻与传播,,,587,,09,,河北官方联合分数统计表为扫描PDF，本分档累计数未能稳定OCR，精确位次留空
1843,浙江传媒学院[公办],,文化产业管理,,,585,9855,10,,
1843,浙江传媒学院[公办],,公共关系学,,,582,10728,11,,
1843,浙江传媒学院[公办],,会展经济与管理,,,581,11023,12,,
1843,浙江传媒学院[公办],,传播学(中外合作办学),,,579,11592,13,,
1844,浙江传媒学院(按高考文化课成绩录取的艺术类专业)[公办],,戏剧影视文学,,,579,11592,01,,
1844,浙江传媒学院(按高考文化课成绩录取的艺术类专业)[公办],,广播电视编导,,,592,,02,,河北官方联合分数统计表为扫描PDF，本分档累计数未能稳定OCR，精确位次留空
1844,浙江传媒学院(按高考文化课成绩录取的艺术类专业)[公办],,摄影,,,576,12601,03,,
1844,浙江传媒学院(按高考文化课成绩录取的艺术类专业)[公办],,数字媒体艺术,,,592,,04,,河北官方联合分数统计表为扫描PDF，本分档累计数未能稳定OCR，精确位次留空
1846,浙江大学(杭州市)[公办],,社会科学试验班(含数字金融双学士学位项目),,,659,181,04,,
1846,浙江大学(杭州市)[公办],,社会科学试验班(竺可桢学院人文社科实验班),,,665,96,05,,
1846,浙江大学(杭州市)[公办],,人文科学试验班,,,658,198,06,,
1846,浙江大学(杭州市)[公办],,外国语言文学类(含涉外法治双学士学位项目),,,657,217,07,,
1851,浙江工商大学(杭州市)[公办],,新闻传播学类,,,605,,01,,河北官方联合分数统计表为扫描PDF，本分档累计数未能稳定OCR，精确位次留空
1851,浙江工商大学(杭州市)[公办],,工商管理类(含营销、智能双学士学位项目),,,609,,02,,河北官方联合分数统计表为扫描PDF，本分档累计数未能稳定OCR，精确位次留空
1851,浙江工商大学(杭州市)[公办],,公共管理类,,,593,,03,,河北官方联合分数统计表为扫描PDF，本分档累计数未能稳定OCR，精确位次留空
1856,浙江机电职业技术大学[公办],,市场营销,,,529,32927,01,,
1856,浙江机电职业技术大学[公办],,跨境电子商务,,,534,30243,02,,
1863,浙江科技大学(杭州市)[公办],,经济学,,,584,10128,01,,
1863,浙江科技大学(杭州市)[公办],,汉语言文学,,,592,,02,,河北官方联合分数统计表为扫描PDF，本分档累计数未能稳定OCR，精确位次留空
1863,浙江科技大学(杭州市)[公办],,英语,,,577,12264,03,,
1863,浙江科技大学(杭州市)[公办],,德语,,,560,18388,04,,
1864,浙江理工大学(杭州市)[公办],,经济与贸易类,,,601,,01,,河北官方联合分数统计表为扫描PDF，本分档累计数未能稳定OCR，精确位次留空
1864,浙江理工大学(杭州市)[公办],,社会工作,,,592,,02,,河北官方联合分数统计表为扫描PDF，本分档累计数未能稳定OCR，精确位次留空
1864,浙江理工大学(杭州市)[公办],,外国语言文学类,,,592,,03,,河北官方联合分数统计表为扫描PDF，本分档累计数未能稳定OCR，精确位次留空
1866,浙江农林大学(杭州市)[公办],,法学,,,604,,01,,河北官方联合分数统计表为扫描PDF，本分档累计数未能稳定OCR，精确位次留空
1866,浙江农林大学(杭州市)[公办],,英语,,,586,,02,,河北官方联合分数统计表为扫描PDF，本分档累计数未能稳定OCR，精确位次留空
1866,浙江农林大学(杭州市)[公办],,广告学,,,586,,03,,河北官方联合分数统计表为扫描PDF，本分档累计数未能稳定OCR，精确位次留空
1866,浙江农林大学(杭州市)[公办],,城市管理,,,583,10447,04,,
1868,浙江师范大学[公办],,经济与贸易类,,,599,6241,01,,
1868,浙江师范大学[公办],,社会工作,,,589,,02,,河北官方联合分数统计表为扫描PDF，本分档累计数未能稳定OCR，精确位次留空
1868,浙江师范大学[公办],,思想政治教育(师范),,,609,,03,,河北官方联合分数统计表为扫描PDF，本分档累计数未能稳定OCR，精确位次留空
1868,浙江师范大学[公办],,小学教育(师范),,,589,,04,,河北官方联合分数统计表为扫描PDF，本分档累计数未能稳定OCR，精确位次留空
1868,浙江师范大学[公办],,特殊教育(师范),,,589,,05,,河北官方联合分数统计表为扫描PDF，本分档累计数未能稳定OCR，精确位次留空
1868,浙江师范大学[公办],,英语(师范),,,608,,06,,河北官方联合分数统计表为扫描PDF，本分档累计数未能稳定OCR，精确位次留空
1868,浙江师范大学[公办],,翻译(数智),,,593,,07,,河北官方联合分数统计表为扫描PDF，本分档累计数未能稳定OCR，精确位次留空
1868,浙江师范大学[公办],,工商管理类,,,603,,08,,河北官方联合分数统计表为扫描PDF，本分档累计数未能稳定OCR，精确位次留空
1868,浙江师范大学[公办],,非物质文化遗产保护,,,589,,09,,河北官方联合分数统计表为扫描PDF，本分档累计数未能稳定OCR，精确位次留空
1868,浙江师范大学[公办],,戏剧影视文学,,,574,13269,10,,
1868,浙江师范大学[公办],,小学教育(中外合作办学)(师范),,,557,19607,11,,
1871,浙江外国语学院(杭州市)[公办],,俄语,,,569,14990,01,,
1871,浙江外国语学院(杭州市)[公办],,阿拉伯语,,,569,14990,02,,
1871,浙江外国语学院(杭州市)[公办],,日语,,,576,12601,03,,
1871,浙江外国语学院(杭州市)[公办],,捷克语,,,554,20836,04,,
1871,浙江外国语学院(杭州市)[公办],,土耳其语,,,556,19979,05,,
1871,浙江外国语学院(杭州市)[公办],,意大利语,,,563,17236,06,,
1871,浙江外国语学院(杭州市)[公办],,旅游管理(全英教学),,,554,20836,07,,
1871,浙江外国语学院(杭州市)[公办],,旅游管理,,,557,19607,08,,
1871,浙江外国语学院(杭州市)[公办],,西班牙语(中外合作办学)(旅游方向),,,550,22582,09,,
1872,浙江万里学院(宁波市)[公办],,金融学,,,536,29242,01,,
1872,浙江万里学院(宁波市)[公办],,国际经济与贸易,,,534,30243,02,,
1872,浙江万里学院(宁波市)[公办],,法学,,,561,17998,03,,
1872,浙江万里学院(宁波市)[公办],,社会工作,,,529,32927,04,,
1872,浙江万里学院(宁波市)[公办],,汉语言文学,,,549,23040,05,,
1872,浙江万里学院(宁波市)[公办],,英语,,,524,35601,06,,
1872,浙江万里学院(宁波市)[公办],,日语,,,518,38958,07,,
1872,浙江万里学院(宁波市)[公办],,商务英语,,,522,36684,08,,
1872,浙江万里学院(宁波市)[公办],,新闻传播学类,,,536,29242,09,,
1872,浙江万里学院(宁波市)[公办],,工商管理,,,534,30243,10,,
1872,浙江万里学院(宁波市)[公办],,会计学,,,546,24485,11,,
1872,浙江万里学院(宁波市)[公办],,财务管理,,,543,25909,12,,
1872,浙江万里学院(宁波市)[公办],,创业管理,,,518,38958,13,,
1872,浙江万里学院(宁波市)[公办],,物流管理,,,526,34483,14,,
1872,浙江万里学院(宁波市)[公办],,供应链管理,,,524,35601,15,,
1872,浙江万里学院(宁波市)[公办],,电子商务,,,520,37811,16,,
1872,浙江万里学院(宁波市)[公办],,跨境电子商务,,,520,37811,17,,
1872,浙江万里学院(宁波市)[公办],,会展经济与管理,,,521,37257,18,,
1872,浙江万里学院(宁波市)[公办],,广告学(中外合作办学),,,515,40662,19,,
1873,浙江药科职业大学[公办],,企业数字化管理,,,534,30243,01,,
1875,浙江中医药大学(杭州市)[公办],,国际商务,,,592,,01,,河北官方联合分数统计表为扫描PDF，本分档累计数未能稳定OCR，精确位次留空
1875,浙江中医药大学(杭州市)[公办],,健康服务与管理,,,590,,02,,河北官方联合分数统计表为扫描PDF，本分档累计数未能稳定OCR，精确位次留空
1877,郑州大学[公办],,法学,,,629,1611,01,,
1877,郑州大学[公办],,教育学,,,616,,02,,河北官方联合分数统计表为扫描PDF，本分档累计数未能稳定OCR，精确位次留空
1877,郑州大学[公办],,中国语言文学类,,,623,,03,,河北官方联合分数统计表为扫描PDF，本分档累计数未能稳定OCR，精确位次留空
1877,郑州大学[公办],,英语,,,613,,04,,河北官方联合分数统计表为扫描PDF，本分档累计数未能稳定OCR，精确位次留空
1877,郑州大学[公办],,历史学类,,,617,,05,,河北官方联合分数统计表为扫描PDF，本分档累计数未能稳定OCR，精确位次留空
1877,郑州大学[公办],,工商管理类,,,620,,06,,河北官方联合分数统计表为扫描PDF，本分档累计数未能稳定OCR，精确位次留空
1879,郑州工程技术学院[公办],,物流管理,,,532,31323,01,,
1880,郑州航空工业管理学院[公办],,国际经济与贸易,,,554,20836,01,,
1880,郑州航空工业管理学院[公办],,贸易经济,,,550,22582,02,,
1880,郑州航空工业管理学院[公办],,法学,,,577,12264,03,,
1880,郑州航空工业管理学院[公办],,中国语言文学类,,,566,16100,04,,
1880,郑州航空工业管理学院[公办],,外国语言文学类,,,547,23983,05,,
1880,郑州航空工业管理学院[公办],,法语,,,549,23040,06,,
1880,郑州航空工业管理学院[公办],,图书情报与档案管理类,,,559,18763,07,,
1883,郑州轻工业大学[公办],,经济学,,,574,13269,01,,
1883,郑州轻工业大学[公办],,法学,,,590,,02,,河北官方联合分数统计表为扫描PDF，本分档累计数未能稳定OCR，精确位次留空
1883,郑州轻工业大学[公办],,汉语国际教育,,,572,13953,03,,
1883,郑州轻工业大学[公办],,英语,,,572,13953,04,,
1883,郑州轻工业大学[公办],,工商管理,,,572,13953,05,,
1883,郑州轻工业大学[公办],,会计学,,,588,,06,,河北官方联合分数统计表为扫描PDF，本分档累计数未能稳定OCR，精确位次留空
1883,郑州轻工业大学[公办],,财务管理,,,586,,07,,河北官方联合分数统计表为扫描PDF，本分档累计数未能稳定OCR，精确位次留空
1883,郑州轻工业大学[公办],,物流管理,,,561,17998,08,,
1883,郑州轻工业大学[公办],,电子商务,,,569,14990,09,,
1884,郑州师范学院[公办],,汉语国际教育,,,556,19979,01,,
1887,中北大学[公办],,英语,,,574,13269,01,,
1887,中北大学[公办],,广播电视学,,,566,16100,02,,
1888,中国传媒大学(北京市)[公办],,汉语国际教育,,,622,,05,,河北官方联合分数统计表为扫描PDF，本分档累计数未能稳定OCR，精确位次留空
1888,中国传媒大学(北京市)[公办],,广播电视学(视听传播方向),,,626,,06,,河北官方联合分数统计表为扫描PDF，本分档累计数未能稳定OCR，精确位次留空
1888,中国传媒大学(北京市)[公办],,广告学(品牌学方向),,,625,,07,,河北官方联合分数统计表为扫描PDF，本分档累计数未能稳定OCR，精确位次留空
1888,中国传媒大学(北京市)[公办],,传播学,,,628,1697,08,,
1888,中国传媒大学(北京市)[公办],,网络与新媒体(智能融媒体运营方向),,,637,,09,,河北官方联合分数统计表为扫描PDF，本分档累计数未能稳定OCR，精确位次留空
1888,中国传媒大学(北京市)[公办],,国际新闻与传播(卓越人才实验班),,,629,1611,10,,
1888,中国传媒大学(北京市)[公办],,工商管理,,,623,,11,,河北官方联合分数统计表为扫描PDF，本分档累计数未能稳定OCR，精确位次留空
1888,中国传媒大学(北京市)[公办],,行政管理(媒介与公共治理方向),,,620,,12,,河北官方联合分数统计表为扫描PDF，本分档累计数未能稳定OCR，精确位次留空
1888,中国传媒大学(北京市)[公办],,广告学(中外合作办学),,,605,,13,,河北官方联合分数统计表为扫描PDF，本分档累计数未能稳定OCR，精确位次留空
1888,中国传媒大学(北京市)[公办],,传播学(中外合作办学),,,616,,14,,河北官方联合分数统计表为扫描PDF，本分档累计数未能稳定OCR，精确位次留空
1889,中国传媒大学(北京市)(按高考文化课成绩录取的艺术类专业)[公办],,戏剧影视文学,,,622,,01,,河北官方联合分数统计表为扫描PDF，本分档累计数未能稳定OCR，精确位次留空
1889,中国传媒大学(北京市)(按高考文化课成绩录取的艺术类专业)[公办],,广播电视编导(文艺编导方向),,,620,,02,,河北官方联合分数统计表为扫描PDF，本分档累计数未能稳定OCR，精确位次留空
1891,中国地质大学(北京)[公办],,法学,,,630,1523,02,,
1891,中国地质大学(北京)[公办],,英语,,,618,,03,,河北官方联合分数统计表为扫描PDF，本分档累计数未能稳定OCR，精确位次留空
1891,中国地质大学(北京)[公办],,翻译,,,615,,04,,河北官方联合分数统计表为扫描PDF，本分档累计数未能稳定OCR，精确位次留空
1891,中国地质大学(北京)[公办],,会计学,,,629,1611,05,,
1891,中国地质大学(北京)[公办],,土地资源管理,,,617,,06,,河北官方联合分数统计表为扫描PDF，本分档累计数未能稳定OCR，精确位次留空
1891,中国地质大学(北京)[公办],,自然资源登记与管理,,,616,,07,,河北官方联合分数统计表为扫描PDF，本分档累计数未能稳定OCR，精确位次留空
1893,中国地质大学(武汉)[公办],,经济学类,,,617,,04,,河北官方联合分数统计表为扫描PDF，本分档累计数未能稳定OCR，精确位次留空
1893,中国地质大学(武汉)[公办],,法学,,,627,1789,05,,
1893,中国地质大学(武汉)[公办],,英语,,,613,,06,,河北官方联合分数统计表为扫描PDF，本分档累计数未能稳定OCR，精确位次留空
1893,中国地质大学(武汉)[公办],,广播电视学,,,610,,07,,河北官方联合分数统计表为扫描PDF，本分档累计数未能稳定OCR，精确位次留空
1893,中国地质大学(武汉)[公办],,工商管理类,,,616,,08,,河北官方联合分数统计表为扫描PDF，本分档累计数未能稳定OCR，精确位次留空
1893,中国地质大学(武汉)[公办],,行政管理,,,614,,09,,河北官方联合分数统计表为扫描PDF，本分档累计数未能稳定OCR，精确位次留空
1895,中国海洋大学(青岛市)[公办],,国际经济与贸易,,,627,1789,06,,
1895,中国海洋大学(青岛市)[公办],,政治学与行政学,,,625,,07,,河北官方联合分数统计表为扫描PDF，本分档累计数未能稳定OCR，精确位次留空
1895,中国海洋大学(青岛市)[公办],,汉语言文学,,,631,,08,,河北官方联合分数统计表为扫描PDF，本分档累计数未能稳定OCR，精确位次留空
1895,中国海洋大学(青岛市)[公办],,英语,,,625,,09,,河北官方联合分数统计表为扫描PDF，本分档累计数未能稳定OCR，精确位次留空
1895,中国海洋大学(青岛市)[公办],,新闻传播学类,,,624,,10,,河北官方联合分数统计表为扫描PDF，本分档累计数未能稳定OCR，精确位次留空
1895,中国海洋大学(青岛市)[公办],,工商管理(数字化创新管理),,,627,1789,11,,
1895,中国海洋大学(青岛市)[公办],,公共事业管理,,,623,,12,,河北官方联合分数统计表为扫描PDF，本分档累计数未能稳定OCR，精确位次留空
1895,中国海洋大学(青岛市)[公办],,行政管理,,,623,,13,,河北官方联合分数统计表为扫描PDF，本分档累计数未能稳定OCR，精确位次留空
1895,中国海洋大学(青岛市)[公办],,旅游管理,,,621,,14,,河北官方联合分数统计表为扫描PDF，本分档累计数未能稳定OCR，精确位次留空
1895,中国海洋大学(青岛市)[公办],,法学(中外合作办学),,,623,,15,,河北官方联合分数统计表为扫描PDF，本分档累计数未能稳定OCR，精确位次留空
1897,中国计量大学(杭州市)[公办],,法学,,,611,,01,,河北官方联合分数统计表为扫描PDF，本分档累计数未能稳定OCR，精确位次留空
1897,中国计量大学(杭州市)[公办],,知识产权,,,606,,02,,河北官方联合分数统计表为扫描PDF，本分档累计数未能稳定OCR，精确位次留空
1901,中国矿业大学[公办],,经济与贸易类,,,614,,01,,河北官方联合分数统计表为扫描PDF，本分档累计数未能稳定OCR，精确位次留空
1901,中国矿业大学[公办],,法学,,,622,,02,,河北官方联合分数统计表为扫描PDF，本分档累计数未能稳定OCR，精确位次留空
1901,中国矿业大学[公办],,汉语言文学,,,618,,03,,河北官方联合分数统计表为扫描PDF，本分档累计数未能稳定OCR，精确位次留空
1901,中国矿业大学[公办],,外国语言文学类,,,610,,04,,河北官方联合分数统计表为扫描PDF，本分档累计数未能稳定OCR，精确位次留空
1901,中国矿业大学[公办],,网络与新媒体,,,615,,05,,河北官方联合分数统计表为扫描PDF，本分档累计数未能稳定OCR，精确位次留空
1901,中国矿业大学[公办],,工商管理类,,,616,,06,,河北官方联合分数统计表为扫描PDF，本分档累计数未能稳定OCR，精确位次留空
1901,中国矿业大学[公办],,公共管理类,,,612,,07,,河北官方联合分数统计表为扫描PDF，本分档累计数未能稳定OCR，精确位次留空
1902,中国矿业大学(北京)[公办],,英语,,,615,,01,,河北官方联合分数统计表为扫描PDF，本分档累计数未能稳定OCR，精确位次留空
1902,中国矿业大学(北京)[公办],,行政管理,,,614,,02,,河北官方联合分数统计表为扫描PDF，本分档累计数未能稳定OCR，精确位次留空
1905,中国劳动关系学院[公办],,经济学,,,583,10447,01,,
1905,中国劳动关系学院[公办],,劳动经济学,,,586,,02,,河北官方联合分数统计表为扫描PDF，本分档累计数未能稳定OCR，精确位次留空
1905,中国劳动关系学院[公办],,法学,,,594,,03,,河北官方联合分数统计表为扫描PDF，本分档累计数未能稳定OCR，精确位次留空
1905,中国劳动关系学院[公办],,政治学与行政学,,,571,14284,04,,
1905,中国劳动关系学院[公办],,社会学,,,565,16482,05,,
1905,中国劳动关系学院[公办],,社会工作,,,568,15333,06,,
1905,中国劳动关系学院[公办],,思想政治教育,,,587,,07,,河北官方联合分数统计表为扫描PDF，本分档累计数未能稳定OCR，精确位次留空
1905,中国劳动关系学院[公办],,工会学,,,577,12264,08,,
1905,中国劳动关系学院[公办],,劳动教育,,,562,17629,09,,
1905,中国劳动关系学院[公办],,汉语言文学,,,588,,10,,河北官方联合分数统计表为扫描PDF，本分档累计数未能稳定OCR，精确位次留空
1905,中国劳动关系学院[公办],,新闻学,,,568,15333,11,,
1905,中国劳动关系学院[公办],,工商管理,,,568,15333,12,,
1905,中国劳动关系学院[公办],,财务管理,,,578,11905,13,,
1905,中国劳动关系学院[公办],,人力资源管理,,,575,12935,14,,
1905,中国劳动关系学院[公办],,劳动关系,,,590,,15,,河北官方联合分数统计表为扫描PDF，本分档累计数未能稳定OCR，精确位次留空
1905,中国劳动关系学院[公办],,行政管理,,,568,15333,16,,
1905,中国劳动关系学院[公办],,劳动与社会保障,,,571,14284,17,,
1907,中国美术学院(杭州市)[公办],,艺术学理论类,,,604,,01,,河北官方联合分数统计表为扫描PDF，本分档累计数未能稳定OCR，精确位次留空
1907,中国美术学院(杭州市)[公办],,艺术设计学,,,598,6445,02,,
1909,中国民航大学(天津市)[公办],,法学(航空法),,,619,,01,,河北官方联合分数统计表为扫描PDF，本分档累计数未能稳定OCR，精确位次留空
1909,中国民航大学(天津市)[公办],,英语(民航外语),,,602,,02,,河北官方联合分数统计表为扫描PDF，本分档累计数未能稳定OCR，精确位次留空
1909,中国民航大学(天津市)[公办],,翻译,,,601,,03,,河北官方联合分数统计表为扫描PDF，本分档累计数未能稳定OCR，精确位次留空
1909,中国民航大学(天津市)[公办],,应用心理学,,,601,,04,,河北官方联合分数统计表为扫描PDF，本分档累计数未能稳定OCR，精确位次留空
1909,中国民航大学(天津市)[公办],,工商管理类(航空运输管理与航空金融),,,604,,05,,河北官方联合分数统计表为扫描PDF，本分档累计数未能稳定OCR，精确位次留空
1909,中国民航大学(天津市)[公办],,航空安防管理,,,601,,06,,河北官方联合分数统计表为扫描PDF，本分档累计数未能稳定OCR，精确位次留空
1910,中国民用航空飞行学院(德阳市)[公办],,思想政治教育,,,568,15333,01,,
1910,中国民用航空飞行学院(德阳市)[公办],,英语,,,571,14284,02,,
1912,中国农业大学(北京市)[公办],,经济学类,,,633,,01,,河北官方联合分数统计表为扫描PDF，本分档累计数未能稳定OCR，精确位次留空
1912,中国农业大学(北京市)[公办],,法学,,,641,,02,,河北官方联合分数统计表为扫描PDF，本分档累计数未能稳定OCR，精确位次留空
1912,中国农业大学(北京市)[公办],,社会学类,,,632,,03,,河北官方联合分数统计表为扫描PDF，本分档累计数未能稳定OCR，精确位次留空
1912,中国农业大学(北京市)[公办],,英语,,,628,1697,04,,
1912,中国农业大学(北京市)[公办],,传播学,,,632,,05,,河北官方联合分数统计表为扫描PDF，本分档累计数未能稳定OCR，精确位次留空
1912,中国农业大学(北京市)[公办],,工商管理类,,,634,,06,,河北官方联合分数统计表为扫描PDF，本分档累计数未能稳定OCR，精确位次留空
1912,中国农业大学(北京市)[公办],,市场营销,,,620,,07,,河北官方联合分数统计表为扫描PDF，本分档累计数未能稳定OCR，精确位次留空
1912,中国农业大学(北京市)[公办],,农村区域发展,,,630,1523,08,,
1912,中国农业大学(北京市)[公办],,公共事业管理,,,622,,09,,河北官方联合分数统计表为扫描PDF，本分档累计数未能稳定OCR，精确位次留空
1912,中国农业大学(北京市)[公办],,电子商务,,,620,,10,,河北官方联合分数统计表为扫描PDF，本分档累计数未能稳定OCR，精确位次留空
1912,中国农业大学(北京市)[公办],,国际经济与贸易(中外合作办学),,,618,,11,,河北官方联合分数统计表为扫描PDF，本分档累计数未能稳定OCR，精确位次留空
1912,中国农业大学(北京市)[公办],,传播学(中外合作办学),,,615,,12,,河北官方联合分数统计表为扫描PDF，本分档累计数未能稳定OCR，精确位次留空
1912,中国农业大学(北京市)[公办],,农林经济管理(中外合作办学),,,615,,13,,河北官方联合分数统计表为扫描PDF，本分档累计数未能稳定OCR，精确位次留空
1914,中国人民大学[公办],,人文科学试验班,,,664,115,08,,
1914,中国人民大学[公办],,经济学类,,,667,76,09,,
1914,中国人民大学[公办],,经济学类(新时代经济学拔尖人才班),,,670,50,10,,
1914,中国人民大学[公办],,资源与环境经济学(生态经济拔尖人才班),,,665,96,11,,
1914,中国人民大学[公办],,财政学类,,,665,96,12,,
1914,中国人民大学[公办],,金融学类,,,668,71,13,,
1914,中国人民大学[公办],,法学,,,670,50,14,,
1914,中国人民大学[公办],,法学(涉外法治创新人才班),,,671,43,15,,
1914,中国人民大学[公办],,国际政治,,,664,115,16,,
1914,中国人民大学[公办],,新闻传播学类,,,662,140,17,,
1914,中国人民大学[公办],,工商管理类(数智化方向),,,662,140,18,,
1914,中国人民大学[公办],,人力资源管理(经管交叉),,,663,129,19,,
1914,中国人民大学[公办],,公共管理类(行政、土地、城市),,,661,147,20,,
1916,中国人民大学(苏州校区)[公办],,国民经济管理(中外合作办学)(统计与数据治理方向),,,632,,02,,河北官方联合分数统计表为扫描PDF，本分档累计数未能稳定OCR，精确位次留空
1916,中国人民大学(苏州校区)[公办],,金融学(中外合作办学),,,641,,03,,河北官方联合分数统计表为扫描PDF，本分档累计数未能稳定OCR，精确位次留空
1916,中国人民大学(苏州校区)[公办],,传播学(中外合作办学)(国际传播方向),,,632,,04,,河北官方联合分数统计表为扫描PDF，本分档累计数未能稳定OCR，精确位次留空
1916,中国人民大学(苏州校区)[公办],,人力资源管理(中外合作办学),,,632,,05,,河北官方联合分数统计表为扫描PDF，本分档累计数未能稳定OCR，精确位次留空
1921,中国社会科学院大学[公办],,法学,,,640,,01,,河北官方联合分数统计表为扫描PDF，本分档累计数未能稳定OCR，精确位次留空
1921,中国社会科学院大学[公办],,政治学与行政学,,,631,,02,,河北官方联合分数统计表为扫描PDF，本分档累计数未能稳定OCR，精确位次留空
1921,中国社会科学院大学[公办],,社会学,,,636,,03,,河北官方联合分数统计表为扫描PDF，本分档累计数未能稳定OCR，精确位次留空
1921,中国社会科学院大学[公办],,思想政治教育,,,633,,04,,河北官方联合分数统计表为扫描PDF，本分档累计数未能稳定OCR，精确位次留空
1921,中国社会科学院大学[公办],,汉语言文学,,,635,,05,,河北官方联合分数统计表为扫描PDF，本分档累计数未能稳定OCR，精确位次留空
1921,中国社会科学院大学[公办],,英语(与国关双学位项目),,,628,1697,06,,
1921,中国社会科学院大学[公办],,网络与新媒体,,,628,1697,07,,
1923,中国石油大学(北京)[公办],,思想政治教育,,,620,,01,,河北官方联合分数统计表为扫描PDF，本分档累计数未能稳定OCR，精确位次留空
1923,中国石油大学(北京)[公办],,英语(全球能源治理),,,618,,02,,河北官方联合分数统计表为扫描PDF，本分档累计数未能稳定OCR，精确位次留空
1925,中国石油大学(北京)克拉玛依校区[公办],,经济学,,,599,6241,01,,
1925,中国石油大学(北京)克拉玛依校区[公办],,金融学,,,596,6980,02,,
1925,中国石油大学(北京)克拉玛依校区[公办],,思想政治教育,,,595,,03,,河北官方联合分数统计表为扫描PDF，本分档累计数未能稳定OCR，精确位次留空
1925,中国石油大学(北京)克拉玛依校区[公办],,汉语言文学,,,598,6445,04,,
1925,中国石油大学(北京)克拉玛依校区[公办],,英语,,,593,,05,,河北官方联合分数统计表为扫描PDF，本分档累计数未能稳定OCR，精确位次留空
1925,中国石油大学(北京)克拉玛依校区[公办],,俄语,,,593,,06,,河北官方联合分数统计表为扫描PDF，本分档累计数未能稳定OCR，精确位次留空
1925,中国石油大学(北京)克拉玛依校区[公办],,会计学,,,605,,07,,河北官方联合分数统计表为扫描PDF，本分档累计数未能稳定OCR，精确位次留空
1928,中国石油大学(华东)(青岛市)[公办],,经济学,,,619,,01,,河北官方联合分数统计表为扫描PDF，本分档累计数未能稳定OCR，精确位次留空
1928,中国石油大学(华东)(青岛市)[公办],,汉语言文学,,,621,,02,,河北官方联合分数统计表为扫描PDF，本分档累计数未能稳定OCR，精确位次留空
1928,中国石油大学(华东)(青岛市)[公办],,英语,,,616,,03,,河北官方联合分数统计表为扫描PDF，本分档累计数未能稳定OCR，精确位次留空
1928,中国石油大学(华东)(青岛市)[公办],,俄语,,,608,,04,,河北官方联合分数统计表为扫描PDF，本分档累计数未能稳定OCR，精确位次留空
1928,中国石油大学(华东)(青岛市)[公办],,会计学,,,624,,05,,河北官方联合分数统计表为扫描PDF，本分档累计数未能稳定OCR，精确位次留空
1929,中国戏曲学院[公办],,文化产业管理,,,566,16100,01,,
1929,中国戏曲学院[公办],,艺术管理(国际文化交流),,,563,17236,02,,
1929,中国戏曲学院[公办],,艺术管理(戏曲教育),,,555,20401,03,,
1929,中国戏曲学院[公办],,戏剧影视文学(戏曲文学),,,579,11592,04,,
1934,中国药科大学(南京市)[公办],,经济管理试验班(医药方向),,,611,,01,,河北官方联合分数统计表为扫描PDF，本分档累计数未能稳定OCR，精确位次留空
1934,中国药科大学(南京市)[公办],,英语(医药方向),,,615,,02,,河北官方联合分数统计表为扫描PDF，本分档累计数未能稳定OCR，精确位次留空
1938,中国政法大学(北京市)[公办],,哲学(拔尖创新人才培养实验班),,,634,,04,,河北官方联合分数统计表为扫描PDF，本分档累计数未能稳定OCR，精确位次留空
1938,中国政法大学(北京市)[公办],,法学,,,652,,05,,河北官方联合分数统计表为扫描PDF，本分档累计数未能稳定OCR，精确位次留空
1938,中国政法大学(北京市)[公办],,法学(法学人才培养模式改革实验班),,,660,167,06,,
1938,中国政法大学(北京市)[公办],,法学(纪检、监察实验班),,,659,181,07,,
1938,中国政法大学(北京市)[公办],,政治学与行政学,,,646,,08,,河北官方联合分数统计表为扫描PDF，本分档累计数未能稳定OCR，精确位次留空
1938,中国政法大学(北京市)[公办],,国际政治,,,634,,09,,河北官方联合分数统计表为扫描PDF，本分档累计数未能稳定OCR，精确位次留空
1938,中国政法大学(北京市)[公办],,社会学,,,632,,10,,河北官方联合分数统计表为扫描PDF，本分档累计数未能稳定OCR，精确位次留空
1938,中国政法大学(北京市)[公办],,思想政治教育,,,638,,11,,河北官方联合分数统计表为扫描PDF，本分档累计数未能稳定OCR，精确位次留空
1938,中国政法大学(北京市)[公办],,汉语言文学,,,637,,12,,河北官方联合分数统计表为扫描PDF，本分档累计数未能稳定OCR，精确位次留空
1938,中国政法大学(北京市)[公办],,英语(法律英语实验班),,,637,,13,,河北官方联合分数统计表为扫描PDF，本分档累计数未能稳定OCR，精确位次留空
1938,中国政法大学(北京市)[公办],,德语(法律德语实验班),,,628,1697,14,,
1938,中国政法大学(北京市)[公办],,翻译(法律翻译实验班),,,633,,15,,河北官方联合分数统计表为扫描PDF，本分档累计数未能稳定OCR，精确位次留空
1938,中国政法大学(北京市)[公办],,新闻学,,,634,,16,,河北官方联合分数统计表为扫描PDF，本分档累计数未能稳定OCR，精确位次留空
1938,中国政法大学(北京市)[公办],,网络与新媒体,,,632,,17,,河北官方联合分数统计表为扫描PDF，本分档累计数未能稳定OCR，精确位次留空
1938,中国政法大学(北京市)[公办],,应用心理学,,,633,,18,,河北官方联合分数统计表为扫描PDF，本分档累计数未能稳定OCR，精确位次留空
1938,中国政法大学(北京市)[公办],,国际商务(涉外法商人才培养实验班),,,643,,19,,河北官方联合分数统计表为扫描PDF，本分档累计数未能稳定OCR，精确位次留空
1938,中国政法大学(北京市)[公办],,行政管理,,,630,1523,20,,
1940,中华女子学院(北京市)[公办],,法学,,,593,,01,,河北官方联合分数统计表为扫描PDF，本分档累计数未能稳定OCR，精确位次留空
1940,中华女子学院(北京市)[公办],,社会学,,,573,13600,02,,
1940,中华女子学院(北京市)[公办],,社会工作,,,570,14639,03,,
1940,中华女子学院(北京市)[公办],,女性学,,,586,,04,,河北官方联合分数统计表为扫描PDF，本分档累计数未能稳定OCR，精确位次留空
1940,中华女子学院(北京市)[公办],,家政学,,,556,19979,05,,
1940,中华女子学院(北京市)[公办],,学前教育,,,560,18388,06,,
1940,中华女子学院(北京市)[公办],,汉语国际教育,,,570,14639,07,,
1940,中华女子学院(北京市)[公办],,应用心理学,,,575,12935,08,,
1940,中华女子学院(北京市)[公办],,会计学,,,588,,09,,河北官方联合分数统计表为扫描PDF，本分档累计数未能稳定OCR，精确位次留空
1940,中华女子学院(北京市)[公办],,人力资源管理,,,567,15706,10,,
1940,中华女子学院(北京市)[公办],,养老服务管理,,,566,16100,11,,
1942,中南财经政法大学(武汉市)[公办],,经济管理试验班,,,633,,07,,河北官方联合分数统计表为扫描PDF，本分档累计数未能稳定OCR，精确位次留空
1942,中南财经政法大学(武汉市)[公办],,经济学,,,630,1523,08,,
1942,中南财经政法大学(武汉市)[公办],,财政学类,,,632,,09,,河北官方联合分数统计表为扫描PDF，本分档累计数未能稳定OCR，精确位次留空
1942,中南财经政法大学(武汉市)[公办],,财政学(数字财税卓越人才实验班),,,634,,10,,河北官方联合分数统计表为扫描PDF，本分档累计数未能稳定OCR，精确位次留空
1942,中南财经政法大学(武汉市)[公办],,金融学类,,,627,1789,11,,
1942,中南财经政法大学(武汉市)[公办],,法学类,,,639,,12,,河北官方联合分数统计表为扫描PDF，本分档累计数未能稳定OCR，精确位次留空
1942,中南财经政法大学(武汉市)[公办],,法学(法学、经济学双学士学位),,,643,,13,,河北官方联合分数统计表为扫描PDF，本分档累计数未能稳定OCR，精确位次留空
1942,中南财经政法大学(武汉市)[公办],,新闻传播学类,,,625,,14,,河北官方联合分数统计表为扫描PDF，本分档累计数未能稳定OCR，精确位次留空
1942,中南财经政法大学(武汉市)[公办],,工商管理类,,,627,1789,15,,
1942,中南财经政法大学(武汉市)[公办],,会计学(会计学、会计学注册会计师、财管),,,635,,16,,河北官方联合分数统计表为扫描PDF，本分档累计数未能稳定OCR，精确位次留空
1942,中南财经政法大学(武汉市)[公办],,国际商务,,,623,,17,,河北官方联合分数统计表为扫描PDF，本分档累计数未能稳定OCR，精确位次留空
1942,中南财经政法大学(武汉市)[公办],,电影学(中外合作办学),,,595,,18,,河北官方联合分数统计表为扫描PDF，本分档累计数未能稳定OCR，精确位次留空
1943,中南大学(长沙市)[公办],,金融学类(经济管理类),,,632,,03,,河北官方联合分数统计表为扫描PDF，本分档累计数未能稳定OCR，精确位次留空
1943,中南大学(长沙市)[公办],,法学,,,642,,04,,河北官方联合分数统计表为扫描PDF，本分档累计数未能稳定OCR，精确位次留空
1943,中南大学(长沙市)[公办],,中国语言文学类,,,633,,05,,河北官方联合分数统计表为扫描PDF，本分档累计数未能稳定OCR，精确位次留空
1943,中南大学(长沙市)[公办],,外国语言文学类,,,627,1789,06,,
1945,中南林业科技大学[公办],,金融学,,,578,11905,02,,
1945,中南林业科技大学[公办],,国际经济与贸易,,,573,13600,03,,
1945,中南林业科技大学[公办],,法学,,,599,6241,04,,
1945,中南林业科技大学[公办],,知识产权,,,597,6701,05,,
1945,中南林业科技大学[公办],,英语,,,571,14284,06,,
1945,中南林业科技大学[公办],,俄语,,,557,19607,07,,
1945,中南林业科技大学[公办],,日语,,,558,19202,08,,
1945,中南林业科技大学[公办],,翻译,,,563,17236,09,,
1945,中南林业科技大学[公办],,园林,,,560,18388,10,,
1945,中南林业科技大学[公办],,市场营销,,,559,18763,11,,
1945,中南林业科技大学[公办],,会计学,,,596,6980,12,,
1945,中南林业科技大学[公办],,人力资源管理,,,572,13953,13,,
1945,中南林业科技大学[公办],,农林经济管理,,,561,17998,14,,
1945,中南林业科技大学[公办],,旅游管理,,,553,21243,15,,
1945,中南林业科技大学[公办],,金融学(中外合作办学),,,557,19607,16,,
1945,中南林业科技大学[公办],,会计学(中外合作办学),,,575,12935,17,,
1946,中南民族大学(武汉市)[公办],,经济学类,,,599,6241,01,,
1946,中南民族大学(武汉市)[公办],,社会学,,,597,6701,02,,
1946,中南民族大学(武汉市)[公办],,汉语言文学,,,611,,03,,河北官方联合分数统计表为扫描PDF，本分档累计数未能稳定OCR，精确位次留空
1946,中南民族大学(武汉市)[公办],,外国语言文学类,,,593,,04,,河北官方联合分数统计表为扫描PDF，本分档累计数未能稳定OCR，精确位次留空
1946,中南民族大学(武汉市)[公办],,工商管理类,,,601,,05,,河北官方联合分数统计表为扫描PDF，本分档累计数未能稳定OCR，精确位次留空
1947,中山大学[公办],,哲学类(广州),,,643,,01,,河北官方联合分数统计表为扫描PDF，本分档累计数未能稳定OCR，精确位次留空
1947,中山大学[公办],,经济学类(珠海),,,646,,02,,河北官方联合分数统计表为扫描PDF，本分档累计数未能稳定OCR，精确位次留空
1947,中山大学[公办],,法学,,,652,,03,,河北官方联合分数统计表为扫描PDF，本分档累计数未能稳定OCR，精确位次留空
1947,中山大学[公办],,汉语言文学(广州),,,647,,04,,河北官方联合分数统计表为扫描PDF，本分档累计数未能稳定OCR，精确位次留空
1947,中山大学[公办],,历史学(广州),,,647,,05,,河北官方联合分数统计表为扫描PDF，本分档累计数未能稳定OCR，精确位次留空
1947,中山大学[公办],,工商管理(深圳),,,643,,06,,河北官方联合分数统计表为扫描PDF，本分档累计数未能稳定OCR，精确位次留空
1947,中山大学[公办],,公共管理类,,,642,,07,,河北官方联合分数统计表为扫描PDF，本分档累计数未能稳定OCR，精确位次留空
1949,中央财经大学(北京市)[公办],,财政学类,,,645,,02,,河北官方联合分数统计表为扫描PDF，本分档累计数未能稳定OCR，精确位次留空
1949,中央财经大学(北京市)[公办],,财政学(财政理论与政策),,,643,,03,,河北官方联合分数统计表为扫描PDF，本分档累计数未能稳定OCR，精确位次留空
1949,中央财经大学(北京市)[公办],,金融学(含金融学、金融学北外英语专业联培2个专业),,,647,,04,,河北官方联合分数统计表为扫描PDF，本分档累计数未能稳定OCR，精确位次留空
1949,中央财经大学(北京市)[公办],,经济与贸易类,,,641,,05,,河北官方联合分数统计表为扫描PDF，本分档累计数未能稳定OCR，精确位次留空
1949,中央财经大学(北京市)[公办],,法学(含与会计学双学位、与工管双学位等4个专业),,,646,,06,,河北官方联合分数统计表为扫描PDF，本分档累计数未能稳定OCR，精确位次留空
1949,中央财经大学(北京市)[公办],,工商管理类(会计学院),,,648,,07,,河北官方联合分数统计表为扫描PDF，本分档累计数未能稳定OCR，精确位次留空
1949,中央财经大学(北京市)[公办],,工商管理类(商学院),,,638,,08,,河北官方联合分数统计表为扫描PDF，本分档累计数未能稳定OCR，精确位次留空
1949,中央财经大学(北京市)[公办],,国际经济与贸易(中外合作办学)(国际贸易、金融风险管理),,,617,,09,,河北官方联合分数统计表为扫描PDF，本分档累计数未能稳定OCR，精确位次留空
1951,中央美术学院[公办],,艺术教育,,,601,,01,,河北官方联合分数统计表为扫描PDF，本分档累计数未能稳定OCR，精确位次留空
1951,中央美术学院[公办],,艺术管理,,,604,,02,,河北官方联合分数统计表为扫描PDF，本分档累计数未能稳定OCR，精确位次留空
1951,中央美术学院[公办],,非物质文化遗产保护,,,606,,03,,河北官方联合分数统计表为扫描PDF，本分档累计数未能稳定OCR，精确位次留空
1951,中央美术学院[公办],,艺术史论(中外合作办学),,,592,,04,,河北官方联合分数统计表为扫描PDF，本分档累计数未能稳定OCR，精确位次留空
1951,中央美术学院[公办],,艺术管理(中外合作办学),,,550,22582,05,,
1952,中央民族大学(北京市)[公办],,哲学类,,,626,,02,,河北官方联合分数统计表为扫描PDF，本分档累计数未能稳定OCR，精确位次留空
1952,中央民族大学(北京市)[公办],,经济学类,,,631,,03,,河北官方联合分数统计表为扫描PDF，本分档累计数未能稳定OCR，精确位次留空
1952,中央民族大学(北京市)[公办],,法学类,,,636,,04,,河北官方联合分数统计表为扫描PDF，本分档累计数未能稳定OCR，精确位次留空
1952,中央民族大学(北京市)[公办],,社会学类,,,629,1611,05,,
1952,中央民族大学(北京市)[公办],,民族学(与中国少数民族语言双学位),,,628,1697,06,,
1952,中央民族大学(北京市)[公办],,教育学,,,626,,07,,河北官方联合分数统计表为扫描PDF，本分档累计数未能稳定OCR，精确位次留空
1952,中央民族大学(北京市)[公办],,汉语言文学,,,634,,08,,河北官方联合分数统计表为扫描PDF，本分档累计数未能稳定OCR，精确位次留空
1952,中央民族大学(北京市)[公办],,汉语国际教育,,,627,1789,09,,
1952,中央民族大学(北京市)[公办],,外国语言文学类,,,626,,10,,河北官方联合分数统计表为扫描PDF，本分档累计数未能稳定OCR，精确位次留空
1952,中央民族大学(北京市)[公办],,新闻传播学类,,,624,,11,,河北官方联合分数统计表为扫描PDF，本分档累计数未能稳定OCR，精确位次留空
1952,中央民族大学(北京市)[公办],,历史学类,,,629,1611,12,,
1952,中央民族大学(北京市)[公办],,历史学,,,631,,13,,河北官方联合分数统计表为扫描PDF，本分档累计数未能稳定OCR，精确位次留空
1952,中央民族大学(北京市)[公办],,工商管理类,,,629,1611,14,,
1952,中央民族大学(北京市)[公办],,公共管理类,,,624,,15,,河北官方联合分数统计表为扫描PDF，本分档累计数未能稳定OCR，精确位次留空
1956,中央戏剧学院[公办],,艺术管理(演出制作),,,610,,01,,河北官方联合分数统计表为扫描PDF，本分档累计数未能稳定OCR，精确位次留空
1958,中原工学院(郑州市)[公办],,英语,,,549,23040,01,,
1958,中原工学院(郑州市)[公办],,市场营销,,,541,26772,02,,
1958,中原工学院(郑州市)[公办],,会计学,,,566,16100,03,,
1959,周口师范学院[公办],,国际经济与贸易,,,538,28223,01,,
1959,周口师范学院[公办],,法学,,,569,14990,02,,
1959,周口师范学院[公办],,政治学与行政学,,,549,23040,03,,
1959,周口师范学院[公办],,思想政治教育,,,555,20401,04,,
1959,周口师范学院[公办],,学前教育,,,532,31323,05,,
1959,周口师范学院[公办],,英语,,,547,23983,06,,
1959,周口师范学院[公办],,日语,,,531,31846,07,,
1959,周口师范学院[公办],,网络与新媒体,,,549,23040,08,,
1959,周口师范学院[公办],,历史学,,,550,22582,09,,
1959,周口师范学院[公办],,心理学,,,545,24943,10,,
1959,周口师范学院[公办],,财务管理,,,553,21243,11,,
1964,遵义师范学院[公办],,汉语言文学,,,565,16482,01,,
1969,北京第二外国语学院中瑞酒店管理学院[独立学院],,金融学(国际班),,,482,61531,01,,
1969,北京第二外国语学院中瑞酒店管理学院[独立学院],,市场营销(数字化营销),,,,,02,原表空白（未公布投档最低分）,
1969,北京第二外国语学院中瑞酒店管理学院[独立学院],,财务管理,,,478,64257,03,,
1969,北京第二外国语学院中瑞酒店管理学院[独立学院],,人力资源管理,,,,,04,原表空白（未公布投档最低分）,
1969,北京第二外国语学院中瑞酒店管理学院[独立学院],,健康服务与管理,,,,,05,原表空白（未公布投档最低分）,
1969,北京第二外国语学院中瑞酒店管理学院[独立学院],,酒店管理(酒店数字化运营管理),,,,,06,原表空白（未公布投档最低分）,
1969,北京第二外国语学院中瑞酒店管理学院[独立学院],,酒店管理(资产管理与投融资),,,,,07,原表空白（未公布投档最低分）,
1969,北京第二外国语学院中瑞酒店管理学院[独立学院],,酒店管理(高端餐饮管理),,,,,08,原表空白（未公布投档最低分）,
1969,北京第二外国语学院中瑞酒店管理学院[独立学院],,酒店管理(国际课程班),,,,,09,原表空白（未公布投档最低分）,
1970,北京工业大学耿丹学院[独立学院],,国际经济与贸易,,,485,59535,01,,
1970,北京工业大学耿丹学院[独立学院],,社会工作,,,478,64257,02,,
1970,北京工业大学耿丹学院[独立学院],,汉语国际教育,,,478,64257,03,,
1970,北京工业大学耿丹学院[独立学院],,应用心理学,,,483,60848,04,,
1970,北京工业大学耿丹学院[独立学院],,市场营销(品牌管理与策划),,,478,64257,05,,
1970,北京工业大学耿丹学院[独立学院],,财务管理,,,501,49149,06,,
1971,北京科技大学天津学院[独立学院],,国际经济与贸易,,,529,32927,01,,
1971,北京科技大学天津学院[独立学院],,法学,,,550,22582,02,,
1971,北京科技大学天津学院[独立学院],,知识产权,,,539,27769,03,,
1971,北京科技大学天津学院[独立学院],,英语,,,528,33434,04,,
1971,北京科技大学天津学院[独立学院],,日语,,,517,39505,05,,
1971,北京科技大学天津学院[独立学院],,朝鲜语,,,509,44239,06,,
1971,北京科技大学天津学院[独立学院],,会计学,,,542,26359,07,,
1971,北京科技大学天津学院[独立学院],,财务管理,,,536,29242,08,,
1972,北京邮电大学世纪学院[独立学院],,英语,,,512,42421,01,,
1972,北京邮电大学世纪学院[独立学院],,传播学,,,509,44239,02,,
1972,北京邮电大学世纪学院[独立学院],,财务管理(国际注册会计师),,,514,41275,03,,
1972,北京邮电大学世纪学院[独立学院],,财务管理,,,522,36684,04,,
1972,北京邮电大学世纪学院[独立学院],,电子商务,,,508,44877,05,,
1973,北京中医药大学东方学院[独立学院],,中医学,,,502,48511,01,,
1973,北京中医药大学东方学院[独立学院],,针灸推拿学,,,496,52355,02,,
1973,北京中医药大学东方学院[独立学院],,药事管理,,,477,64897,03,,
1973,北京中医药大学东方学院[独立学院],,护理学,,,477,64897,04,,
1973,北京中医药大学东方学院[独立学院],,工商管理,,,487,58171,05,,
1973,北京中医药大学东方学院[独立学院],,市场营销,,,480,62894,06,,
1973,北京中医药大学东方学院[独立学院],,公共事业管理,,,485,59535,07,,
1973,北京中医药大学东方学院[独立学院],,健康服务与管理,,,488,57521,08,,
1974,长春大学旅游学院[独立学院],,金融学,,,488,57521,01,,
1974,长春大学旅游学院[独立学院],,汉语国际教育,,,486,58842,02,,
1974,长春大学旅游学院[独立学院],,英语,,,479,63585,03,,
1974,长春大学旅游学院[独立学院],,俄语,,,479,63585,04,,
1974,长春大学旅游学院[独立学院],,日语,,,479,63585,05,,
1974,长春大学旅游学院[独立学院],,建筑学,,,480,62894,06,,
1974,长春大学旅游学院[独立学院],,会计学,,,498,51070,07,,
1974,长春大学旅游学院[独立学院],,财务管理,,,494,53596,08,,
1974,长春大学旅游学院[独立学院],,人力资源管理,,,484,60189,09,,
1974,长春大学旅游学院[独立学院],,文化产业管理,,,477,64897,10,,
1974,长春大学旅游学院[独立学院],,物流管理,,,480,62894,11,,
1974,长春大学旅游学院[独立学院],,电子商务,,,479,63585,12,,
1974,长春大学旅游学院[独立学院],,旅游管理,,,477,64897,13,,
1974,长春大学旅游学院[独立学院],,酒店管理,,,477,64897,14,,
1974,长春大学旅游学院[独立学院],,会展经济与管理,,,479,63585,15,,
1975,长春工业大学人文信息学院[独立学院],,金融学,,,489,56862,01,,
1975,长春工业大学人文信息学院[独立学院],,国际经济与贸易,,,478,64257,02,,
1975,长春工业大学人文信息学院[独立学院],,法学,,,505,46711,03,,
1975,长春工业大学人文信息学院[独立学院],,工商管理,,,487,58171,04,,
1975,长春工业大学人文信息学院[独立学院],,会计学,,,500,49775,05,,
1975,长春工业大学人文信息学院[独立学院],,财务管理,,,499,50419,06,,
1975,长春工业大学人文信息学院[独立学院],,人力资源管理,,,485,59535,07,,
1975,长春工业大学人文信息学院[独立学院],,物流管理,,,483,60848,08,,
1975,长春工业大学人文信息学院[独立学院],,电子商务,,,478,64257,09,,
1975,长春工业大学人文信息学院[独立学院],,跨境电子商务,,,478,64257,10,,
1976,长江大学文理学院[独立学院],,金融学类,,,512,42421,01,,
1976,长江大学文理学院[独立学院],,外国语言文学类,,,509,44239,02,,
1977,常州大学怀德学院[独立学院],,国际经济与贸易,,,508,44877,01,,
1977,常州大学怀德学院[独立学院],,财务管理,,,519,38388,02,,
1978,成都理工大学工程技术学院(乐山市)[独立学院],,会计学,,,524,35601,01,,
1978,成都理工大学工程技术学院(乐山市)[独立学院],,财务管理,,,518,38958,02,,
1979,重庆工商大学派斯学院[独立学院],,金融学,,,518,38958,01,,
1979,重庆工商大学派斯学院[独立学院],,汉语言文学,,,525,35052,02,,
1979,重庆工商大学派斯学院[独立学院],,会计学,,,523,36127,03,,
1980,大连工业大学艺术与信息工程学院[独立学院],,国际经济与贸易,,,489,56862,01,,
1980,大连工业大学艺术与信息工程学院[独立学院],,汉语言文学,,,501,49149,02,,
1980,大连工业大学艺术与信息工程学院[独立学院],,英语,,,488,57521,03,,
1980,大连工业大学艺术与信息工程学院[独立学院],,网络与新媒体,,,489,56862,04,,
1980,大连工业大学艺术与信息工程学院[独立学院],,工商管理,,,492,54857,05,,
1981,大连理工大学城市学院[独立学院],,英语,,,496,52355,01,,
1981,大连理工大学城市学院[独立学院],,日语,,,500,49775,02,,
1981,大连理工大学城市学院[独立学院],,广播电视学,,,497,51705,03,,
1981,大连理工大学城市学院[独立学院],,网络与新媒体,,,513,41828,04,,
1981,大连理工大学城市学院[独立学院],,工商管理,,,500,49775,05,,
1981,大连理工大学城市学院[独立学院],,市场营销,,,499,50419,06,,
1981,大连理工大学城市学院[独立学院],,物流管理,,,503,47901,07,,
1981,大连理工大学城市学院[独立学院],,跨境电子商务,,,501,49149,08,,
1982,大连医科大学中山学院[独立学院],,劳动与社会保障,,,479,63585,01,,
1983,电子科技大学成都学院[独立学院],,国际经济与贸易,,,515,40662,01,,
1983,电子科技大学成都学院[独立学院],,英语,,,514,41275,02,,
1983,电子科技大学成都学院[独立学院],,财务管理,,,528,33434,03,,
1984,东南大学成贤学院[独立学院],,税收学,,,537,28710,01,,
1984,东南大学成贤学院[独立学院],,市场营销,,,531,31846,02,,
1984,东南大学成贤学院[独立学院],,会计学,,,548,23511,03,,
1984,东南大学成贤学院[独立学院],,供应链管理,,,524,35601,04,,
1985,福州大学至诚学院[独立学院],,汉语言文学,,,529,32927,01,,
1985,福州大学至诚学院[独立学院],,英语,,,512,42421,02,,
1985,福州大学至诚学院[独立学院],,网络与新媒体,,,513,41828,03,,
1985,福州大学至诚学院[独立学院],,建筑学,,,496,52355,04,,
1985,福州大学至诚学院[独立学院],,财务管理,,,517,39505,05,,
1985,福州大学至诚学院[独立学院],,物流管理,,,506,46082,06,,
1986,赣南师范大学科技学院[独立学院],,汉语言文学,,,532,31323,01,,
1986,赣南师范大学科技学院[独立学院],,英语,,,519,38388,02,,
1986,赣南师范大学科技学院[独立学院],,历史学,,,530,32409,03,,
1987,广东外语外贸大学南国商学院[独立学院],,汉语言文学,,,504,47300,01,,
1987,广东外语外贸大学南国商学院[独立学院],,英语,,,501,49149,02,,
1988,广西民族大学相思湖学院(南宁市)[独立学院],,税收学,,,508,44877,01,,
1988,广西民族大学相思湖学院(南宁市)[独立学院],,国际经济与贸易,,,502,48511,02,,
1988,广西民族大学相思湖学院(南宁市)[独立学院],,印度尼西亚语,,,477,64897,03,,
1988,广西民族大学相思湖学院(南宁市)[独立学院],,泰语,,,478,64257,04,,
1988,广西民族大学相思湖学院(南宁市)[独立学院],,越南语,,,480,62894,05,,
1988,广西民族大学相思湖学院(南宁市)[独立学院],,市场营销,,,495,52965,06,,
1988,广西民族大学相思湖学院(南宁市)[独立学院],,财务管理,,,509,44239,07,,
1988,广西民族大学相思湖学院(南宁市)[独立学院],,物流管理,,,500,49775,08,,
1988,广西民族大学相思湖学院(南宁市)[独立学院],,跨境电子商务,,,500,49775,09,,
1988,广西民族大学相思湖学院(南宁市)[独立学院],,旅游管理,,,494,53596,10,,
1991,杭州电子科技大学信息工程学院(杭州市)[独立学院],,跨境电子商务,,,514,41275,01,,
1992,河北地质大学华信学院(石家庄市)[独立学院],,金融学类,,,491,55552,01,,
1992,河北地质大学华信学院(石家庄市)[独立学院],,国际经济与贸易,,,493,54207,02,,
1992,河北地质大学华信学院(石家庄市)[独立学院],,法学,,,511,43048,03,,
1992,河北地质大学华信学院(石家庄市)[独立学院],,英语,,,483,60848,04,,
1992,河北地质大学华信学院(石家庄市)[独立学院],,广告学,,,493,54207,05,,
1992,河北地质大学华信学院(石家庄市)[独立学院],,网络与新媒体,,,498,51070,06,,
1992,河北地质大学华信学院(石家庄市)[独立学院],,工商管理类,,,492,54857,07,,
1992,河北地质大学华信学院(石家庄市)[独立学院],,工商管理类,,,496,52355,08,,
1992,河北地质大学华信学院(石家庄市)[独立学院],,公共管理类,,,496,52355,09,,
1992,河北地质大学华信学院(石家庄市)[独立学院],,物流管理,,,501,49149,10,,
1992,河北地质大学华信学院(石家庄市)[独立学院],,电子商务,,,501,49149,11,,
1993,河北工程大学科信学院[独立学院],,国际经济与贸易,,,509,44239,01,,
1993,河北工程大学科信学院[独立学院],,英语,,,510,43673,02,,
1993,河北工程大学科信学院[独立学院],,工商管理,,,511,43048,03,,
1993,河北工程大学科信学院[独立学院],,会计学,,,521,37257,04,,
1994,河北经贸大学经济管理学院[独立学院],,财政学,,,520,37811,01,,
1994,河北经贸大学经济管理学院[独立学院],,税收学,,,519,38388,02,,
1994,河北经贸大学经济管理学院[独立学院],,金融学,,,515,40662,03,,
1994,河北经贸大学经济管理学院[独立学院],,保险学,,,511,43048,04,,
1994,河北经贸大学经济管理学院[独立学院],,投资学,,,511,43048,05,,
1994,河北经贸大学经济管理学院[独立学院],,国际经济与贸易,,,513,41828,06,,
1994,河北经贸大学经济管理学院[独立学院],,贸易经济,,,509,44239,07,,
1994,河北经贸大学经济管理学院[独立学院],,法学,,,532,31323,08,,
1994,河北经贸大学经济管理学院[独立学院],,英语,,,515,40662,09,,
1994,河北经贸大学经济管理学院[独立学院],,新闻学,,,512,42421,10,,
1994,河北经贸大学经济管理学院[独立学院],,网络与新媒体,,,516,40076,11,,
1994,河北经贸大学经济管理学院[独立学院],,工商管理,,,512,42421,12,,
1994,河北经贸大学经济管理学院[独立学院],,市场营销,,,509,44239,13,,
1994,河北经贸大学经济管理学院[独立学院],,会计学,,,525,35052,14,,
1994,河北经贸大学经济管理学院[独立学院],,财务管理,,,523,36127,15,,
1994,河北经贸大学经济管理学院[独立学院],,人力资源管理,,,511,43048,16,,
1994,河北经贸大学经济管理学院[独立学院],,审计学,,,523,36127,17,,
1994,河北经贸大学经济管理学院[独立学院],,物流管理,,,510,43673,18,,
1994,河北经贸大学经济管理学院[独立学院],,电子商务,,,509,44239,19,,
1994,河北经贸大学经济管理学院[独立学院],,旅游管理,,,509,44239,20,,
1994,河北经贸大学经济管理学院[独立学院],,广播电视编导,,,508,44877,21,,
1995,河北农业大学现代科技学院(沧州市)[独立学院],,工商管理,,,513,41828,01,,
1995,河北农业大学现代科技学院(沧州市)[独立学院],,财务管理,,,519,38388,02,,
1995,河北农业大学现代科技学院(沧州市)[独立学院],,物流管理,,,509,44239,03,,
1996,河北医科大学临床学院[独立学院],,护理学,,,512,42421,01,,
1997,黑龙江工程学院昆仑旅游学院[独立学院],,英语,,,478,64257,01,,
1997,黑龙江工程学院昆仑旅游学院[独立学院],,网络与新媒体,,,494,53596,02,,
1997,黑龙江工程学院昆仑旅游学院[独立学院],,财务管理,,,491,55552,03,,
1998,湖北大学知行学院[独立学院],,金融学,,,521,37257,01,,
1998,湖北大学知行学院[独立学院],,国际经济与贸易,,,513,41828,02,,
1998,湖北大学知行学院[独立学院],,法学,,,545,24943,03,,
1998,湖北大学知行学院[独立学院],,汉语言文学,,,541,26772,04,,
1998,湖北大学知行学院[独立学院],,新闻传播学类,,,524,35601,05,,
1998,湖北大学知行学院[独立学院],,风景园林,,,509,44239,06,,
1998,湖北大学知行学院[独立学院],,工商管理类,,,529,32927,07,,
1998,湖北大学知行学院[独立学院],,会计学,,,533,30800,08,,
1999,湖北大学知行学院(按高考文化课成绩录取的艺术类专业)[独立学院],,广播电视编导,,,506,46082,01,,
2000,湖北工程学院新技术学院[独立学院],,经济学,,,515,40662,01,,
2000,湖北工程学院新技术学院[独立学院],,法学,,,532,31323,02,,
2000,湖北工程学院新技术学院[独立学院],,汉语言文学,,,526,34483,03,,
2000,湖北工程学院新技术学院[独立学院],,英语,,,510,43673,04,,
2000,湖北工程学院新技术学院[独立学院],,建筑学,,,511,43048,05,,
2000,湖北工程学院新技术学院[独立学院],,财务管理,,,518,38958,06,,
2001,湖北工业大学工程技术学院[独立学院],,英语,,,510,43673,01,,
2001,湖北工业大学工程技术学院[独立学院],,财务管理,,,514,41275,02,,
2001,湖北工业大学工程技术学院[独立学院],,电子商务,,,504,47300,03,,
2002,湖北经济学院法商学院[独立学院],,税收学,,,528,33434,01,,
2002,湖北经济学院法商学院[独立学院],,会计学(注册会计师),,,534,30243,02,,
2003,湖北师范大学文理学院[独立学院],,经济学,,,514,41275,01,,
2003,湖北师范大学文理学院[独立学院],,英语,,,516,40076,02,,
2003,湖北师范大学文理学院[独立学院],,历史学,,,525,35052,03,,
2005,湖南科技大学潇湘学院[独立学院],,汉语言文学,,,537,28710,01,,
2005,湖南科技大学潇湘学院[独立学院],,英语,,,523,36127,02,,
2006,湖南农业大学东方科技学院[独立学院],,英语,,,510,43673,01,,
2007,华北理工大学轻工学院[独立学院],,国际经济与贸易,,,492,54857,01,,
2007,华北理工大学轻工学院[独立学院],,学前教育,,,485,59535,02,,
2007,华北理工大学轻工学院[独立学院],,英语,,,483,60848,03,,
2007,华北理工大学轻工学院[独立学院],,工商管理,,,497,51705,04,,
2007,华北理工大学轻工学院[独立学院],,财务管理,,,504,47300,05,,
2008,华南农业大学珠江学院[独立学院],,汉语言文学,,,497,51705,01,,
2008,华南农业大学珠江学院[独立学院],,传播学,,,489,56862,02,,
2008,华南农业大学珠江学院[独立学院],,传播学(国际班),,,480,62894,03,,
2008,华南农业大学珠江学院[独立学院],,网络与新媒体,,,497,51705,04,,
2008,华南农业大学珠江学院[独立学院],,网络与新媒体(国际班),,,,,05,原表空白（未公布投档最低分）,
2008,华南农业大学珠江学院[独立学院],,会计学,,,493,54207,06,,
2008,华南农业大学珠江学院[独立学院],,会计学(国际班),,,478,64257,07,,
2009,吉林师范大学博达学院(四平市)[独立学院],,社会工作,,,483,60848,01,,
2009,吉林师范大学博达学院(四平市)[独立学院],,学前教育,,,490,56213,02,,
2009,吉林师范大学博达学院(四平市)[独立学院],,小学教育,,,498,51070,03,,
2009,吉林师范大学博达学院(四平市)[独立学院],,汉语言文学,,,507,45438,04,,
2009,吉林师范大学博达学院(四平市)[独立学院],,英语,,,503,47901,05,,
2009,吉林师范大学博达学院(四平市)[独立学院],,俄语,,,477,64897,06,,
2009,吉林师范大学博达学院(四平市)[独立学院],,德语,,,,,07,原表空白（未公布投档最低分）,
2009,吉林师范大学博达学院(四平市)[独立学院],,法语,,,477,64897,08,,
2009,吉林师范大学博达学院(四平市)[独立学院],,日语,,,479,63585,09,,
2009,吉林师范大学博达学院(四平市)[独立学院],,朝鲜语,,,480,62894,10,,
2009,吉林师范大学博达学院(四平市)[独立学院],,商务英语,,,482,61531,11,,
2009,吉林师范大学博达学院(四平市)[独立学院],,地理科学,,,499,50419,12,,
2009,吉林师范大学博达学院(四平市)[独立学院],,市场营销,,,478,64257,13,,
2009,吉林师范大学博达学院(四平市)[独立学院],,财务管理,,,495,52965,14,,
2009,吉林师范大学博达学院(四平市)[独立学院],,旅游管理,,,478,64257,15,,
2010,集美大学诚毅学院(厦门市)[独立学院],,财政学,,,537,28710,01,,
2010,集美大学诚毅学院(厦门市)[独立学院],,金融学,,,546,24485,02,,
2010,集美大学诚毅学院(厦门市)[独立学院],,国际经济与贸易,,,524,35601,03,,
2010,集美大学诚毅学院(厦门市)[独立学院],,法学,,,549,23040,04,,
2010,集美大学诚毅学院(厦门市)[独立学院],,汉语言文学,,,536,29242,05,,
2010,集美大学诚毅学院(厦门市)[独立学院],,英语,,,519,38388,06,,
2010,集美大学诚毅学院(厦门市)[独立学院],,工商管理,,,515,40662,07,,
2010,集美大学诚毅学院(厦门市)[独立学院],,会计学,,,542,26359,08,,
2011,江苏科技大学苏州理工学院(张家港市)[独立学院],,国际经济与贸易,,,531,31846,01,,
2011,江苏科技大学苏州理工学院(张家港市)[独立学院],,英语,,,520,37811,02,,
2011,江苏科技大学苏州理工学院(张家港市)[独立学院],,财务管理,,,543,25909,03,,
2012,江苏师范大学科文学院[独立学院],,经济学,,,517,39505,01,,
2012,江苏师范大学科文学院[独立学院],,社会工作,,,510,43673,02,,
2012,江苏师范大学科文学院[独立学院],,汉语言文学,,,532,31323,03,,
2013,江西财经大学现代经济管理学院[独立学院],,税收学,,,537,28710,01,,
2013,江西财经大学现代经济管理学院[独立学院],,保险学,,,514,41275,02,,
2013,江西财经大学现代经济管理学院[独立学院],,国际经济与贸易,,,518,38958,03,,
2013,江西财经大学现代经济管理学院[独立学院],,法学,,,540,27280,04,,
2013,江西财经大学现代经济管理学院[独立学院],,知识产权,,,533,30800,05,,
2013,江西财经大学现代经济管理学院[独立学院],,翻译,,,509,44239,06,,
2013,江西财经大学现代经济管理学院[独立学院],,商务英语,,,512,42421,07,,
2013,江西财经大学现代经济管理学院[独立学院],,新闻学,,,513,41828,08,,
2013,江西财经大学现代经济管理学院[独立学院],,市场营销,,,515,40662,09,,
2013,江西财经大学现代经济管理学院[独立学院],,会计学,,,538,28223,10,,
2013,江西财经大学现代经济管理学院[独立学院],,会计学(注册会计师),,,536,29242,11,,
2013,江西财经大学现代经济管理学院[独立学院],,财务管理,,,532,31323,12,,
2013,江西财经大学现代经济管理学院[独立学院],,人力资源管理,,,515,40662,13,,
2013,江西财经大学现代经济管理学院[独立学院],,物流管理,,,516,40076,14,,
2013,江西财经大学现代经济管理学院[独立学院],,电子商务,,,517,39505,15,,
2014,江西农业大学南昌商学院[独立学院],,国际经济与贸易,,,517,39505,01,,
2014,江西农业大学南昌商学院[独立学院],,日语,,,509,44239,02,,
2014,江西农业大学南昌商学院[独立学院],,园林,,,504,47300,03,,
2014,江西农业大学南昌商学院[独立学院],,工商管理,,,513,41828,04,,
2014,江西农业大学南昌商学院[独立学院],,供应链管理,,,508,44877,05,,
2014,江西农业大学南昌商学院[独立学院],,旅游管理,,,508,44877,06,,
2015,江西农业大学南昌商学院(按高考文化课成绩录取的艺术类专业)[独立学院],,广播电视编导,,,502,48511,01,,
2016,江西师范大学科学技术学院[独立学院],,小学教育,,,522,36684,01,,
2016,江西师范大学科学技术学院[独立学院],,汉语言文学,,,527,33954,02,,
2016,江西师范大学科学技术学院[独立学院],,会计学,,,527,33954,03,,
2018,昆明理工大学津桥学院[独立学院],,法学,,,525,35052,01,,
2018,昆明理工大学津桥学院[独立学院],,学前教育,,,502,48511,02,,
2018,昆明理工大学津桥学院[独立学院],,汉语国际教育,,,506,46082,03,,
2018,昆明理工大学津桥学院[独立学院],,英语,,,505,46711,04,,
2018,昆明理工大学津桥学院[独立学院],,物业管理,,,498,51070,05,,
2019,昆明医科大学海源学院[独立学院],,运动康复,,,511,43048,01,,
2019,昆明医科大学海源学院[独立学院],,应用心理学,,,504,47300,02,,
2019,昆明医科大学海源学院[独立学院],,医疗保险,,,494,53596,03,,
2020,辽宁师范大学海华学院[独立学院],,法学,,,510,43673,01,,
2020,辽宁师范大学海华学院[独立学院],,思想政治教育,,,517,39505,02,,
2020,辽宁师范大学海华学院[独立学院],,小学教育,,,503,47901,03,,
2020,辽宁师范大学海华学院[独立学院],,汉语言文学,,,506,46082,04,,
2020,辽宁师范大学海华学院[独立学院],,汉语国际教育,,,500,49775,05,,
2020,辽宁师范大学海华学院[独立学院],,新闻学,,,494,53596,06,,
2020,辽宁师范大学海华学院[独立学院],,广告学,,,489,56862,07,,
2020,辽宁师范大学海华学院[独立学院],,网络与新媒体,,,500,49775,08,,
2020,辽宁师范大学海华学院[独立学院],,历史学,,,510,43673,09,,
2020,辽宁师范大学海华学院[独立学院],,会计学,,,501,49149,10,,
2020,辽宁师范大学海华学院[独立学院],,审计学,,,504,47300,11,,
2022,聊城大学东昌学院[独立学院],,学前教育,,,511,43048,01,,
2022,聊城大学东昌学院[独立学院],,汉语国际教育,,,516,40076,02,,
2023,南昌大学共青学院(九江市)[独立学院],,经济学,,,516,40076,01,,
2023,南昌大学共青学院(九江市)[独立学院],,汉语言文学,,,524,35601,02,,
2023,南昌大学共青学院(九江市)[独立学院],,英语,,,514,41275,03,,
2023,南昌大学共青学院(九江市)[独立学院],,服装设计与工程,,,504,47300,04,,
2023,南昌大学共青学院(九江市)[独立学院],,会计学,,,522,36684,05,,
2024,南昌大学科学技术学院[独立学院],,国际经济与贸易,,,509,44239,01,,
2024,南昌大学科学技术学院[独立学院],,法学,,,540,27280,02,,
2024,南昌大学科学技术学院[独立学院],,市场营销,,,511,43048,03,,
2024,南昌大学科学技术学院[独立学院],,旅游管理,,,511,43048,04,,
2026,南华大学船山学院[独立学院],,英语,,,510,43673,01,,
2027,南京财经大学红山学院[独立学院],,税收学,,,530,32409,01,,
2027,南京财经大学红山学院[独立学院],,金融学,,,528,33434,02,,
2027,南京财经大学红山学院[独立学院],,保险学,,,517,39505,03,,
2027,南京财经大学红山学院[独立学院],,国际经济与贸易,,,525,35052,04,,
2027,南京财经大学红山学院[独立学院],,贸易经济,,,515,40662,05,,
2027,南京财经大学红山学院[独立学院],,法学,,,545,24943,06,,
2027,南京财经大学红山学院[独立学院],,英语,,,521,37257,07,,
2027,南京财经大学红山学院[独立学院],,工商管理,,,522,36684,08,,
2027,南京财经大学红山学院[独立学院],,市场营销,,,513,41828,09,,
2027,南京财经大学红山学院[独立学院],,会计学,,,546,24485,10,,
2027,南京财经大学红山学院[独立学院],,财务管理,,,534,30243,11,,
2027,南京财经大学红山学院[独立学院],,人力资源管理,,,520,37811,12,,
2027,南京财经大学红山学院[独立学院],,审计学,,,537,28710,13,,
2027,南京财经大学红山学院[独立学院],,物流管理,,,514,41275,14,,
2027,南京财经大学红山学院[独立学院],,电子商务,,,518,38958,15,,
2028,南京工业大学浦江学院[独立学院],,税收学,,,527,33954,01,,
2028,南京工业大学浦江学院[独立学院],,酒店管理,,,514,41275,02,,
2030,南京审计大学金审学院[独立学院],,税收学,,,550,22582,01,,
2030,南京审计大学金审学院[独立学院],,金融学,,,552,21668,02,,
2030,南京审计大学金审学院[独立学院],,国际经济与贸易,,,539,27769,03,,
2030,南京审计大学金审学院[独立学院],,学前教育(师范),,,524,35601,04,,
2030,南京审计大学金审学院[独立学院],,会计学,,,554,20836,05,,
2030,南京审计大学金审学院[独立学院],,财务管理,,,552,21668,06,,
2030,南京审计大学金审学院[独立学院],,审计学,,,560,18388,07,,
2030,南京审计大学金审学院[独立学院],,内部审计,,,551,22095,08,,
2030,南京审计大学金审学院[独立学院],,养老服务管理,,,542,26359,09,,
2034,内蒙古大学创业学院[独立学院],,金融学,,,509,44239,01,,
2034,内蒙古大学创业学院[独立学院],,汉语言文学,,,527,33954,02,,
2034,内蒙古大学创业学院[独立学院],,英语,,,509,44239,03,,
2034,内蒙古大学创业学院[独立学院],,新闻学,,,516,40076,04,,
2034,内蒙古大学创业学院[独立学院],,网络与新媒体,,,512,42421,05,,
2034,内蒙古大学创业学院[独立学院],,会计学,,,518,38958,06,,
2034,内蒙古大学创业学院[独立学院],,人力资源管理,,,508,44877,07,,
2035,宁波大学科学技术学院[独立学院],,国际经济与贸易,,,516,40076,01,,
2035,宁波大学科学技术学院[独立学院],,法学,,,551,22095,02,,
2035,宁波大学科学技术学院[独立学院],,英语,,,504,47300,03,,
2035,宁波大学科学技术学院[独立学院],,日语,,,514,41275,04,,
2035,宁波大学科学技术学院[独立学院],,翻译,,,512,42421,05,,
2035,宁波大学科学技术学院[独立学院],,工商管理,,,523,36127,06,,
2035,宁波大学科学技术学院[独立学院],,会计学,,,532,31323,07,,
2035,宁波大学科学技术学院[独立学院],,旅游管理,,,505,46711,08,,
2036,宁夏大学新华学院(银川市)[独立学院],,法学,,,518,38958,01,,
2036,宁夏大学新华学院(银川市)[独立学院],,学前教育,,,504,47300,02,,
2036,宁夏大学新华学院(银川市)[独立学院],,汉语言文学(教育方向),,,514,41275,03,,
2036,宁夏大学新华学院(银川市)[独立学院],,汉语言文学(文秘方向),,,509,44239,04,,
2036,宁夏大学新华学院(银川市)[独立学院],,英语(教育方向),,,500,49775,05,,
2036,宁夏大学新华学院(银川市)[独立学院],,新闻学,,,501,49149,06,,
2036,宁夏大学新华学院(银川市)[独立学院],,工商管理(人力资源方向),,,496,52355,07,,
2036,宁夏大学新华学院(银川市)[独立学院],,财务管理,,,506,46082,08,,
2036,宁夏大学新华学院(银川市)[独立学院],,物流管理,,,494,53596,09,,
2036,宁夏大学新华学院(银川市)[独立学院],,电子商务,,,497,51705,10,,
2037,青岛农业大学海都学院[独立学院],,国际经济与贸易,,,508,44877,01,,
2037,青岛农业大学海都学院[独立学院],,财务管理,,,516,40076,02,,
2038,三峡大学科技学院[独立学院],,金融学,,,514,41275,01,,
2038,三峡大学科技学院[独立学院],,法学,,,534,30243,02,,
2039,山东财经大学东方学院[独立学院],,税收学,,,518,38958,01,,
2039,山东财经大学东方学院[独立学院],,金融学,,,516,40076,02,,
2039,山东财经大学东方学院[独立学院],,国际经济与贸易,,,514,41275,03,,
2039,山东财经大学东方学院[独立学院],,会计学,,,526,34483,04,,
2039,山东财经大学东方学院[独立学院],,审计学,,,528,33434,05,,
2040,陕西科技大学镐京学院[独立学院],,税收学,,,491,55552,01,,
2040,陕西科技大学镐京学院[独立学院],,国际经济与贸易,,,483,60848,02,,
2040,陕西科技大学镐京学院[独立学院],,服装设计与工程,,,482,61531,03,,
2040,陕西科技大学镐京学院[独立学院],,会计学,,,511,43048,04,,
2040,陕西科技大学镐京学院[独立学院],,财务管理,,,500,49775,05,,
2040,陕西科技大学镐京学院[独立学院],,人力资源管理,,,486,58842,06,,
2040,陕西科技大学镐京学院[独立学院],,审计学,,,502,48511,07,,
2040,陕西科技大学镐京学院[独立学院],,行政管理,,,483,60848,08,,
2040,陕西科技大学镐京学院[独立学院],,健康服务与管理,,,478,64257,09,,
2040,陕西科技大学镐京学院[独立学院],,物流管理,,,481,62196,10,,
2040,陕西科技大学镐京学院[独立学院],,供应链管理,,,480,62894,11,,
2040,陕西科技大学镐京学院[独立学院],,电子商务,,,479,63585,12,,
2041,上海财经大学浙江学院[独立学院],,英语,,,522,36684,01,,
2041,上海财经大学浙江学院[独立学院],,会计学(国际会计ACCA),,,557,19607,02,,
2041,上海财经大学浙江学院[独立学院],,会计学(注册会计),,,563,17236,03,,
2042,上海师范大学天华学院[独立学院],,国际商务(双语教学),,,477,64897,01,,
2043,上海外国语大学贤达经济人文学院[独立学院],,金融学(全英语教学班),,,500,49775,01,,
2043,上海外国语大学贤达经济人文学院[独立学院],,国际经济与贸易,,,512,42421,02,,
2043,上海外国语大学贤达经济人文学院[独立学院],,法学(双语班),,,526,34483,03,,
2043,上海外国语大学贤达经济人文学院[独立学院],,艺术教育,,,,,04,原表空白（未公布投档最低分）,
2043,上海外国语大学贤达经济人文学院[独立学院],,学前教育(双语班),,,486,58842,05,,
2043,上海外国语大学贤达经济人文学院[独立学院],,英语,,,507,45438,06,,
2043,上海外国语大学贤达经济人文学院[独立学院],,德语(商务方向),,,,,07,原表空白（未公布投档最低分）,
2043,上海外国语大学贤达经济人文学院[独立学院],,法语(双语班),,,495,52965,08,,
2043,上海外国语大学贤达经济人文学院[独立学院],,阿拉伯语,,,,,09,原表空白（未公布投档最低分）,
2043,上海外国语大学贤达经济人文学院[独立学院],,日语,,,516,40076,10,,
2043,上海外国语大学贤达经济人文学院[独立学院],,朝鲜语,,,504,47300,11,,
2043,上海外国语大学贤达经济人文学院[独立学院],,翻译,,,532,31323,12,,
2043,上海外国语大学贤达经济人文学院[独立学院],,商务英语,,,479,63585,13,,
2043,上海外国语大学贤达经济人文学院[独立学院],,新闻学(双语班),,,514,41275,14,,
2043,上海外国语大学贤达经济人文学院[独立学院],,广告学,,,498,51070,15,,
2043,上海外国语大学贤达经济人文学院[独立学院],,工商管理(全英语教学班),,,490,56213,16,,
2043,上海外国语大学贤达经济人文学院[独立学院],,会计学(双语班),,,517,39505,17,,
2044,石家庄铁道大学四方学院[独立学院],,法学,,,524,35601,01,,
2044,石家庄铁道大学四方学院[独立学院],,英语,,,511,43048,02,,
2044,石家庄铁道大学四方学院[独立学院],,市场营销,,,512,42421,03,,
2044,石家庄铁道大学四方学院[独立学院],,会计学,,,531,31846,04,,
2044,石家庄铁道大学四方学院[独立学院],,财务管理,,,522,36684,05,,
2045,首都师范大学科德学院[独立学院],,国际经济与贸易,,,478,64257,01,,
2045,首都师范大学科德学院[独立学院],,小学教育,,,479,63585,02,,
2045,首都师范大学科德学院[独立学院],,汉语言文学,,,481,62196,03,,
2045,首都师范大学科德学院[独立学院],,网络与新媒体,,,,,04,原表空白（未公布投档最低分）,
2045,首都师范大学科德学院[独立学院],,应用心理学,,,,,05,原表空白（未公布投档最低分）,
2045,首都师范大学科德学院[独立学院],,会计学,,,486,58842,06,,
2045,首都师范大学科德学院[独立学院],,审计学,,,481,62196,07,,
2045,首都师范大学科德学院[独立学院],,会展经济与管理(大数据与传播),,,504,47300,08,,
2045,首都师范大学科德学院[独立学院],,广播电视编导,,,,,09,原表空白（未公布投档最低分）,
2046,四川大学锦江学院[独立学院],,经济学,,,520,37811,01,,
2046,四川大学锦江学院[独立学院],,经济与金融,,,524,35601,02,,
2046,四川大学锦江学院[独立学院],,思想政治教育,,,522,36684,03,,
2046,四川大学锦江学院[独立学院],,汉语言文学,,,531,31846,04,,
2046,四川大学锦江学院[独立学院],,英语,,,514,41275,05,,
2046,四川大学锦江学院[独立学院],,会计学,,,529,32927,06,,
2047,苏州大学应用技术学院[独立学院],,国际经济与贸易,,,525,35052,01,,
2047,苏州大学应用技术学院[独立学院],,广告学,,,533,30800,02,,
2047,苏州大学应用技术学院[独立学院],,市场营销,,,518,38958,03,,
2047,苏州大学应用技术学院[独立学院],,会计学,,,551,22095,04,,
2047,苏州大学应用技术学院[独立学院],,电子商务,,,528,33434,05,,
2048,天津财经大学珠江学院[独立学院],,金融学,,,516,40076,01,,
2048,天津财经大学珠江学院[独立学院],,国际经济与贸易,,,513,41828,02,,
2048,天津财经大学珠江学院[独立学院],,工商管理,,,524,35601,03,,
2048,天津财经大学珠江学院[独立学院],,会计学,,,532,31323,04,,
2048,天津财经大学珠江学院[独立学院],,审计学,,,531,31846,05,,
2049,天津理工大学中环信息学院[独立学院],,财务管理,,,526,34483,01,,
2049,天津理工大学中环信息学院[独立学院],,人力资源管理,,,513,41828,02,,
2049,天津理工大学中环信息学院[独立学院],,物流管理,,,509,44239,03,,
2050,天津商业大学宝德学院[独立学院],,金融学,,,516,40076,01,,
2050,天津商业大学宝德学院[独立学院],,国际经济与贸易,,,519,38388,02,,
2050,天津商业大学宝德学院[独立学院],,英语,,,514,41275,03,,
2050,天津商业大学宝德学院[独立学院],,日语,,,510,43673,04,,
2050,天津商业大学宝德学院[独立学院],,商务英语,,,512,42421,05,,
2050,天津商业大学宝德学院[独立学院],,工商管理类,,,514,41275,06,,
2050,天津商业大学宝德学院[独立学院],,会计学,,,528,33434,07,,
2050,天津商业大学宝德学院[独立学院],,财务管理,,,524,35601,08,,
2050,天津商业大学宝德学院[独立学院],,审计学,,,532,31323,09,,
2050,天津商业大学宝德学院[独立学院],,物流管理,,,511,43048,10,,
2050,天津商业大学宝德学院[独立学院],,电子商务,,,512,42421,11,,
2050,天津商业大学宝德学院[独立学院],,酒店管理,,,509,44239,12,,
2051,天津商业大学宝德学院(按高考文化课成绩录取的艺术类专业)[独立学院],,戏剧影视文学,,,487,58171,01,,
2051,天津商业大学宝德学院(按高考文化课成绩录取的艺术类专业)[独立学院],,广播电视编导,,,490,56213,02,,
2052,天津外国语大学滨海外事学院[独立学院],,国际事务与国际关系,,,532,31323,01,,
2052,天津外国语大学滨海外事学院[独立学院],,汉语国际教育,,,525,35052,02,,
2052,天津外国语大学滨海外事学院[独立学院],,英语,,,524,35601,03,,
2052,天津外国语大学滨海外事学院[独立学院],,俄语,,,513,41828,04,,
2052,天津外国语大学滨海外事学院[独立学院],,德语,,,511,43048,05,,
2052,天津外国语大学滨海外事学院[独立学院],,法语,,,514,41275,06,,
2052,天津外国语大学滨海外事学院[独立学院],,西班牙语,,,513,41828,07,,
2052,天津外国语大学滨海外事学院[独立学院],,日语,,,514,41275,08,,
2052,天津外国语大学滨海外事学院[独立学院],,朝鲜语,,,510,43673,09,,
2052,天津外国语大学滨海外事学院[独立学院],,商务英语,,,521,37257,10,,
2052,天津外国语大学滨海外事学院[独立学院],,行政管理,,,520,37811,11,,
2053,天津医科大学临床医学院[独立学院],,法学,,,541,26772,01,,
2053,天津医科大学临床医学院[独立学院],,市场营销,,,511,43048,02,,
2053,天津医科大学临床医学院[独立学院],,公共事业管理,,,517,39505,03,,
2053,天津医科大学临床医学院[独立学院],,健康服务与管理,,,533,30800,04,,
2054,温州医科大学仁济学院[独立学院],,公共事业管理,,,505,46711,01,,
2055,武汉纺织大学外经贸学院[独立学院],,英语,,,505,46711,01,,
2055,武汉纺织大学外经贸学院[独立学院],,市场营销,,,504,47300,02,,
2055,武汉纺织大学外经贸学院[独立学院],,会计学(注册会计师),,,517,39505,03,,
2055,武汉纺织大学外经贸学院[独立学院],,物流管理,,,498,51070,04,,
2055,武汉纺织大学外经贸学院[独立学院],,跨境电子商务,,,496,52355,05,,
2056,武汉工程大学邮电与信息工程学院[独立学院],,英语,,,509,44239,01,,
2056,武汉工程大学邮电与信息工程学院[独立学院],,商务英语,,,504,47300,02,,
2056,武汉工程大学邮电与信息工程学院[独立学院],,工商管理(数字运营管理方向),,,509,44239,03,,
2056,武汉工程大学邮电与信息工程学院[独立学院],,会计学,,,518,38958,04,,
2056,武汉工程大学邮电与信息工程学院[独立学院],,会计学(注册会计师方向),,,518,38958,05,,
2057,武汉体育学院体育科技学院[独立学院],,英语,,,507,45438,01,,
2057,武汉体育学院体育科技学院[独立学院],,新闻学,,,507,45438,02,,
2058,西安财经大学行知学院[独立学院],,金融学,,,514,41275,01,,
2058,西安财经大学行知学院[独立学院],,会计学,,,517,39505,02,,
2059,西安建筑科技大学华清学院[独立学院],,经济学,,,512,42421,01,,
2059,西安建筑科技大学华清学院[独立学院],,汉语言文学,,,523,36127,02,,
2059,西安建筑科技大学华清学院[独立学院],,会计学,,,518,38958,03,,
2060,西安交通大学城市学院[独立学院],,经济学类,,,510,43673,01,,
2060,西安交通大学城市学院[独立学院],,国际经济与贸易,,,509,44239,02,,
2060,西安交通大学城市学院[独立学院],,网络与新媒体,,,513,41828,03,,
2060,西安交通大学城市学院[独立学院],,工商管理,,,511,43048,04,,
2060,西安交通大学城市学院[独立学院],,会计学,,,526,34483,05,,
2061,西安科技大学高新学院[独立学院],,人文教育,,,483,60848,01,,
2061,西安科技大学高新学院[独立学院],,学前教育,,,491,55552,02,,
2061,西安科技大学高新学院[独立学院],,旅游管理,,,503,47901,03,,
2062,西北大学现代学院[独立学院],,艺术教育,,,478,64257,01,,
2063,西北大学现代学院(按高考文化课成绩录取的艺术类专业)[独立学院],,电影学,,,484,60189,01,,
2063,西北大学现代学院(按高考文化课成绩录取的艺术类专业)[独立学院],,广播电视编导,,,487,58171,02,,
2064,西南财经大学天府学院[独立学院],,金融学,,,531,31846,01,,
2064,西南财经大学天府学院[独立学院],,护理学,,,,,02,原表空白（未公布投档最低分）,
2064,西南财经大学天府学院[独立学院],,会计学,,,535,29738,03,,
2064,西南财经大学天府学院[独立学院],,财务管理,,,536,29242,04,,
2065,西南交通大学希望学院(成都市)[独立学院],,会计学,,,534,30243,01,,
2065,西南交通大学希望学院(成都市)[独立学院],,审计学,,,539,27769,02,,
2066,厦门大学嘉庚学院(漳州市)[独立学院],,法学,,,551,22095,01,,
2066,厦门大学嘉庚学院(漳州市)[独立学院],,汉语言文学,,,535,29738,02,,
2066,厦门大学嘉庚学院(漳州市)[独立学院],,英语,,,522,36684,03,,
2066,厦门大学嘉庚学院(漳州市)[独立学院],,日语,,,517,39505,04,,
2066,厦门大学嘉庚学院(漳州市)[独立学院],,广播电视学,,,518,38958,05,,
2066,厦门大学嘉庚学院(漳州市)[独立学院],,工商管理,,,530,32409,06,,
2066,厦门大学嘉庚学院(漳州市)[独立学院],,会计学,,,536,29242,07,,
2066,厦门大学嘉庚学院(漳州市)[独立学院],,财务管理,,,537,28710,08,,
2066,厦门大学嘉庚学院(漳州市)[独立学院],,文化产业管理,,,518,38958,09,,
2066,厦门大学嘉庚学院(漳州市)[独立学院],,行政管理,,,523,36127,10,,
2067,延安大学西安创新学院(西安市)[独立学院],,学前教育,,,502,48511,01,,
2067,延安大学西安创新学院(西安市)[独立学院],,小学教育,,,499,50419,02,,
2067,延安大学西安创新学院(西安市)[独立学院],,汉语言文学,,,511,43048,03,,
2067,延安大学西安创新学院(西安市)[独立学院],,汉语国际教育,,,501,49149,04,,
2067,延安大学西安创新学院(西安市)[独立学院],,英语,,,497,51705,05,,
2067,延安大学西安创新学院(西安市)[独立学院],,护理学,,,493,54207,06,,
2067,延安大学西安创新学院(西安市)[独立学院],,审计学,,,509,44239,07,,
2068,浙江工商大学杭州商学院[独立学院],,金融学,,,545,24943,01,,
2068,浙江工商大学杭州商学院[独立学院],,互联网金融,,,520,37811,02,,
2068,浙江工商大学杭州商学院[独立学院],,商务英语,,,514,41275,03,,
2068,浙江工商大学杭州商学院[独立学院],,工商管理,,,523,36127,04,,
2068,浙江工商大学杭州商学院[独立学院],,电子商务,,,522,36684,05,,
2068,浙江工商大学杭州商学院[独立学院],,跨境电子商务,,,514,41275,06,,
2068,浙江工商大学杭州商学院[独立学院],,旅游管理,,,511,43048,07,,
2072,浙江师范大学行知学院[独立学院],,英语,,,522,36684,01,,
2074,中国矿业大学徐海学院[独立学院],,金融学,,,515,40662,01,,
2074,中国矿业大学徐海学院[独立学院],,汉语言文学,,,526,34483,02,,
2074,中国矿业大学徐海学院[独立学院],,英语,,,511,43048,03,,
2074,中国矿业大学徐海学院[独立学院],,财务管理,,,523,36127,04,,
2074,中国矿业大学徐海学院[独立学院],,行政管理,,,511,43048,05,,
2075,中南林业科技大学涉外学院(长沙市)[独立学院],,金融学,,,521,37257,01,,
2075,中南林业科技大学涉外学院(长沙市)[独立学院],,国际经济与贸易,,,517,39505,02,,
2075,中南林业科技大学涉外学院(长沙市)[独立学院],,法学,,,534,30243,03,,
2075,中南林业科技大学涉外学院(长沙市)[独立学院],,汉语言文学,,,528,33434,04,,
2075,中南林业科技大学涉外学院(长沙市)[独立学院],,会计学,,,527,33954,05,,
2075,中南林业科技大学涉外学院(长沙市)[独立学院],,财务管理,,,525,35052,06,,
2075,中南林业科技大学涉外学院(长沙市)[独立学院],,国际商务,,,511,43048,07,,
2075,中南林业科技大学涉外学院(长沙市)[独立学院],,电子商务,,,517,39505,08,,
2079,安徽外国语学院[民办],,汉语言文学,,,510,43673,01,,
2079,安徽外国语学院[民办],,英语,,,511,43048,02,,
2079,安徽外国语学院[民办],,日语,,,509,44239,03,,
2079,安徽外国语学院[民办],,朝鲜语,,,498,51070,04,,
2081,安阳学院[民办],,学前教育,,,507,45438,01,,
2081,安阳学院[民办],,会计学,,,518,38958,02,,
2081,安阳学院[民办],,物流管理,,,508,44877,03,,
2088,保定理工学院[民办],,经济学,,,477,64897,01,,
2088,保定理工学院[民办],,国际经济与贸易,,,477,64897,02,,
2088,保定理工学院[民办],,学前教育,,,479,63585,03,,
2088,保定理工学院[民办],,小学教育,,,477,64897,04,,
2088,保定理工学院[民办],,英语,,,477,64897,05,,
2088,保定理工学院[民办],,商务英语,,,477,64897,06,,
2088,保定理工学院[民办],,应用心理学,,,477,64897,07,,
2088,保定理工学院[民办],,工商管理,,,477,64897,08,,
2088,保定理工学院[民办],,市场营销,,,477,64897,09,,
2088,保定理工学院[民办],,会计学,,,482,61531,10,,
2088,保定理工学院[民办],,财务管理,,,480,62894,11,,
2088,保定理工学院[民办],,人力资源管理,,,477,64897,12,,
2088,保定理工学院[民办],,审计学,,,483,60848,13,,
2088,保定理工学院[民办],,土地资源管理,,,477,64897,14,,
2088,保定理工学院[民办],,电子商务及法律,,,477,64897,15,,
2088,保定理工学院[民办],,广播电视编导,,,478,64257,16,,
2090,北海艺术设计学院[民办],,哲学,,,479,63585,01,,
2090,北海艺术设计学院[民办],,学前教育,,,479,63585,02,,
2090,北海艺术设计学院[民办],,汉语言文学,,,494,53596,03,,
2092,北京城市学院[民办],,金融学,,,545,24943,01,,
2092,北京城市学院[民办],,国际经济与贸易,,,531,31846,02,,
2092,北京城市学院[民办],,传播学,,,535,29738,03,,
2092,北京城市学院[民办],,工商管理类,,,533,30800,04,,
2092,北京城市学院[民办],,会计学,,,549,23040,05,,
2092,北京城市学院[民办],,文化产业管理,,,536,29242,06,,
2092,北京城市学院[民办],,跨境电子商务,,,527,33954,07,,
2092,北京城市学院[民办],,旅游管理类,,,525,35052,08,,
2094,北京金融科技学院[民办],,金融学,,,484,60189,01,,
2094,北京金融科技学院[民办],,应用心理学,,,480,62894,02,,
2094,北京金融科技学院[民办],,会计学,,,478,64257,03,,
2094,北京金融科技学院[民办],,财务管理,,,482,61531,04,,
2094,北京金融科技学院[民办],,国际商务(国际班),,,479,63585,05,,
2094,北京金融科技学院[民办],,审计学,,,481,62196,06,,
2094,北京金融科技学院[民办],,广播电视编导,,,,,07,原表空白（未公布投档最低分）,
2105,沧州交通学院(沧州市)[民办],,英语,,,480,62894,01,,
2105,沧州交通学院(沧州市)[民办],,商务英语,,,477,64897,02,,
2105,沧州交通学院(沧州市)[民办],,风景园林,,,477,64897,03,,
2105,沧州交通学院(沧州市)[民办],,工商管理,,,493,54207,04,,
2105,沧州交通学院(沧州市)[民办],,财务管理,,,505,46711,05,,
2105,沧州交通学院(沧州市)[民办],,物流管理,,,496,52355,06,,
2105,沧州交通学院(沧州市)[民办],,旅游管理,,,489,56862,07,,
2105,沧州交通学院(沧州市)[民办],,酒店管理,,,484,60189,08,,
2107,长春财经学院[民办],,经济学,,,497,51705,01,,
2107,长春财经学院[民办],,税收学,,,494,53596,02,,
2107,长春财经学院[民办],,金融学,,,491,55552,03,,
2107,长春财经学院[民办],,保险学,,,477,64897,04,,
2107,长春财经学院[民办],,投资学,,,481,62196,05,,
2107,长春财经学院[民办],,国际经济与贸易,,,477,64897,06,,
2107,长春财经学院[民办],,法学,,,509,44239,07,,
2107,长春财经学院[民办],,小学教育,,,495,52965,08,,
2107,长春财经学院[民办],,汉语国际教育,,,489,56862,09,,
2107,长春财经学院[民办],,英语,,,482,61531,10,,
2107,长春财经学院[民办],,网络与新媒体,,,495,52965,11,,
2107,长春财经学院[民办],,工商管理,,,490,56213,12,,
2107,长春财经学院[民办],,市场营销,,,479,63585,13,,
2107,长春财经学院[民办],,会计学,,,500,49775,14,,
2107,长春财经学院[民办],,财务管理,,,500,49775,15,,
2107,长春财经学院[民办],,国际商务,,,478,64257,16,,
2107,长春财经学院[民办],,人力资源管理,,,485,59535,17,,
2107,长春财经学院[民办],,审计学,,,501,49149,18,,
2107,长春财经学院[民办],,物流管理,,,483,60848,19,,
2107,长春财经学院[民办],,电子商务,,,481,62196,20,,
2107,长春财经学院[民办],,跨境电子商务,,,,,21,原表空白（未公布投档最低分）,
2107,长春财经学院[民办],,旅游管理,,,,,22,原表空白（未公布投档最低分）,
2108,长春电子科技学院[民办],,汉语言文学,,,497,51705,01,,
2108,长春电子科技学院[民办],,汉语国际教育,,,481,62196,02,,
2108,长春电子科技学院[民办],,广告学,,,498,51070,03,,
2108,长春电子科技学院[民办],,会计学,,,493,54207,04,,
2110,长春光华学院[民办],,经济学,,,495,52965,01,,
2110,长春光华学院[民办],,金融学,,,487,58171,02,,
2110,长春光华学院[民办],,国际经济与贸易,,,477,64897,03,,
2110,长春光华学院[民办],,学前教育,,,489,56862,04,,
2110,长春光华学院[民办],,小学教育,,,499,50419,05,,
2110,长春光华学院[民办],,汉语言文学,,,514,41275,06,,
2110,长春光华学院[民办],,英语,,,479,63585,07,,
2110,长春光华学院[民办],,俄语,,,479,63585,08,,
2110,长春光华学院[民办],,日语,,,479,63585,09,,
2110,长春光华学院[民办],,商务英语,,,477,64897,10,,
2110,长春光华学院[民办],,广告学,,,491,55552,11,,
2110,长春光华学院[民办],,工商管理,,,491,55552,12,,
2110,长春光华学院[民办],,市场营销,,,,,13,原表空白（未公布投档最低分）,
2110,长春光华学院[民办],,会计学,,,502,48511,14,,
2110,长春光华学院[民办],,电子商务,,,482,61531,15,,
2111,长春建筑学院[民办],,广告学,,,479,63585,01,,
2111,长春建筑学院[民办],,工商管理,,,479,63585,02,,
2111,长春建筑学院[民办],,财务管理,,,491,55552,03,,
2111,长春建筑学院[民办],,文化产业管理,,,479,63585,04,,
2111,长春建筑学院[民办],,电子商务,,,484,60189,05,,
2113,长春科技学院[民办],,金融学,,,479,63585,01,,
2113,长春科技学院[民办],,小学教育,,,488,57521,02,,
2113,长春科技学院[民办],,汉语国际教育,,,479,63585,03,,
2113,长春科技学院[民办],,英语,,,499,50419,04,,
2113,长春科技学院[民办],,网络与新媒体,,,482,61531,05,,
2113,长春科技学院[民办],,中医学,,,486,58842,06,,
2113,长春科技学院[民办],,工商管理,,,479,63585,07,,
2113,长春科技学院[民办],,财务管理,,,486,58842,08,,
2113,长春科技学院[民办],,人力资源管理,,,479,63585,09,,
2113,长春科技学院[民办],,电子商务,,,477,64897,10,,
2114,长春人文学院(长春市)[民办],,金融学,,,508,44877,01,,
2114,长春人文学院(长春市)[民办],,法学,,,522,36684,02,,
2114,长春人文学院(长春市)[民办],,社会工作,,,495,52965,03,,
2114,长春人文学院(长春市)[民办],,汉语言文学,,,520,37811,04,,
2114,长春人文学院(长春市)[民办],,英语,,,491,55552,05,,
2114,长春人文学院(长春市)[民办],,俄语,,,481,62196,06,,
2114,长春人文学院(长春市)[民办],,商务英语,,,490,56213,07,,
2114,长春人文学院(长春市)[民办],,工商管理,,,504,47300,08,,
2114,长春人文学院(长春市)[民办],,会计学,,,510,43673,09,,
2115,长春人文学院(长春市)(按高考文化课成绩录取的艺术类专业)[民办],,广播电视编导,,,477,64897,01,,
2127,常德学院(常德市)[民办],,汉语言文学,,,522,36684,01,,
2127,常德学院(常德市)[民办],,英语,,,519,38388,02,,
2127,常德学院(常德市)[民办],,电子商务,,,491,55552,03,,
2130,成都东软学院[民办],,英语,,,509,44239,01,,
2130,成都东软学院[民办],,日语,,,507,45438,02,,
2130,成都东软学院[民办],,财务管理,,,513,41828,03,,
2130,成都东软学院[民办],,人力资源管理,,,508,44877,04,,
2130,成都东软学院[民办],,电子商务,,,506,46082,05,,
2131,成都锦城学院(成都市)[民办],,金融学类,,,521,37257,01,,
2131,成都锦城学院(成都市)[民办],,投资学,,,511,43048,02,,
2131,成都锦城学院(成都市)[民办],,商务英语,,,509,44239,03,,
2131,成都锦城学院(成都市)[民办],,工商管理类,,,519,38388,04,,
2131,成都锦城学院(成都市)[民办],,审计学,,,534,30243,05,,
2131,成都锦城学院(成都市)[民办],,供应链管理,,,512,42421,06,,
2132,成都锦城学院(成都市)(按高考文化课成绩录取的艺术类专业)[民办],,广播电视编导,,,496,52355,01,,
2133,成都外国语学院[民办],,国际经济与贸易,,,534,30243,01,,
2133,成都外国语学院[民办],,学前教育,,,506,46082,02,,
2133,成都外国语学院[民办],,汉语言文学,,,536,29242,03,,
2133,成都外国语学院[民办],,汉语国际教育,,,514,41275,04,,
2133,成都外国语学院[民办],,英语,,,513,41828,05,,
2133,成都外国语学院[民办],,俄语,,,503,47901,06,,
2133,成都外国语学院[民办],,德语,,,504,47300,07,,
2133,成都外国语学院[民办],,法语,,,507,45438,08,,
2133,成都外国语学院[民办],,西班牙语,,,505,46711,09,,
2133,成都外国语学院[民办],,阿拉伯语,,,497,51705,10,,
2133,成都外国语学院[民办],,日语,,,513,41828,11,,
2133,成都外国语学院[民办],,朝鲜语,,,500,49775,12,,
2133,成都外国语学院[民办],,马来语,,,489,56862,13,,
2133,成都外国语学院[民办],,泰语,,,492,54857,14,,
2133,成都外国语学院[民办],,越南语,,,483,60848,15,,
2133,成都外国语学院[民办],,波兰语,,,487,58171,16,,
2133,成都外国语学院[民办],,捷克语,,,482,61531,17,,
2133,成都外国语学院[民办],,葡萄牙语,,,499,50419,18,,
2133,成都外国语学院[民办],,匈牙利语,,,488,57521,19,,
2133,成都外国语学院[民办],,意大利语,,,498,51070,20,,
2133,成都外国语学院[民办],,翻译,,,509,44239,21,,
2133,成都外国语学院[民办],,商务英语,,,511,43048,22,,
2133,成都外国语学院[民办],,网络与新媒体,,,517,39505,23,,
2133,成都外国语学院[民办],,国际新闻与传播,,,516,40076,24,,
2133,成都外国语学院[民办],,财务管理,,,534,30243,25,,
2133,成都外国语学院[民办],,健康服务与管理,,,507,45438,26,,
2133,成都外国语学院[民办],,物流管理,,,512,42421,27,,
2133,成都外国语学院[民办],,跨境电子商务,,,502,48511,28,,
2133,成都外国语学院[民办],,酒店管理,,,500,49775,29,,
2133,成都外国语学院[民办],,会展经济与管理,,,503,47901,30,,
2134,成都文理学院[民办],,艺术教育,,,497,51705,01,,
2134,成都文理学院[民办],,汉语言文学,,,519,38388,02,,
2135,成都艺术职业大学[民办],,大数据与财务管理,,,502,48511,01,,
2136,成都银杏酒店管理学院[民办],,市场营销,,,502,48511,01,,
2136,成都银杏酒店管理学院[民办],,会计学,,,513,41828,02,,
2136,成都银杏酒店管理学院[民办],,人力资源管理,,,504,47300,03,,
2136,成都银杏酒店管理学院[民办],,酒店管理,,,499,50419,04,,
2136,成都银杏酒店管理学院[民办],,旅游管理与服务教育,,,499,50419,05,,
2138,重庆财经学院[民办],,经济学,,,522,36684,01,,
2138,重庆财经学院[民办],,金融学,,,523,36127,02,,
2138,重庆财经学院[民办],,网络与新媒体,,,534,30243,03,,
2138,重庆财经学院[民办],,会计学,,,541,26772,04,,
2138,重庆财经学院[民办],,审计学,,,538,28223,05,,
2138,重庆财经学院[民办],,物流管理,,,519,38388,06,,
2138,重庆财经学院[民办],,电子商务,,,531,31846,07,,
2139,重庆城市科技学院[民办],,法学(菁英实验班),,,526,34483,01,,
2139,重庆城市科技学院[民办],,汉语言文学(菁英实验班),,,521,37257,02,,
2139,重庆城市科技学院[民办],,应用心理学(心智科学菁英实验班),,,511,43048,03,,
2139,重庆城市科技学院[民办],,会计学(菁英实验班),,,518,38958,04,,
2143,重庆对外经贸学院[民办],,经济学,,,515,40662,01,,
2143,重庆对外经贸学院[民办],,汉语言文学,,,524,35601,02,,
2143,重庆对外经贸学院[民办],,英语,,,513,41828,03,,
2143,重庆对外经贸学院[民办],,网络与新媒体,,,520,37811,04,,
2143,重庆对外经贸学院[民办],,人文地理与城乡规划,,,513,41828,05,,
2143,重庆对外经贸学院[民办],,国际商务,,,510,43673,06,,
2143,重庆对外经贸学院[民办],,人力资源管理,,,516,40076,07,,
2143,重庆对外经贸学院[民办],,物流管理,,,510,43673,08,,
2146,重庆机电职业技术大学[民办],,大数据与财务管理,,,511,43048,01,,
2146,重庆机电职业技术大学[民办],,学前教育,,,504,47300,02,,
2158,重庆人文科技学院[民办],,经济学,,,511,43048,01,,
2158,重庆人文科技学院[民办],,法学,,,532,31323,02,,
2158,重庆人文科技学院[民办],,思想政治教育,,,520,37811,03,,
2158,重庆人文科技学院[民办],,汉语言文学,,,525,35052,04,,
2158,重庆人文科技学院[民办],,汉语国际教育,,,516,40076,05,,
2158,重庆人文科技学院[民办],,英语,,,515,40662,06,,
2158,重庆人文科技学院[民办],,建筑学,,,503,47901,07,,
2158,重庆人文科技学院[民办],,风景园林,,,506,46082,08,,
2158,重庆人文科技学院[民办],,园林,,,497,51705,09,,
2158,重庆人文科技学院[民办],,会计学,,,517,39505,10,,
2158,重庆人文科技学院[民办],,人力资源管理,,,510,43673,11,,
2158,重庆人文科技学院[民办],,供应链管理,,,509,44239,12,,
2159,重庆人文科技学院(按高考文化课成绩录取的艺术类专业)[民办],,广播电视编导,,,494,53596,01,,
2161,重庆外语外事学院[民办],,小学教育,,,514,41275,01,,
2161,重庆外语外事学院[民办],,中国语言文学类,,,525,35052,02,,
2161,重庆外语外事学院[民办],,英语,,,510,43673,03,,
2161,重庆外语外事学院[民办],,俄语,,,507,45438,04,,
2161,重庆外语外事学院[民办],,德语,,,505,46711,05,,
2161,重庆外语外事学院[民办],,法语,,,508,44877,06,,
2161,重庆外语外事学院[民办],,西班牙语,,,505,46711,07,,
2161,重庆外语外事学院[民办],,阿拉伯语,,,503,47901,08,,
2161,重庆外语外事学院[民办],,日语,,,508,44877,09,,
2161,重庆外语外事学院[民办],,朝鲜语,,,504,47300,10,,
2161,重庆外语外事学院[民办],,意大利语,,,506,46082,11,,
2161,重庆外语外事学院[民办],,翻译,,,513,41828,12,,
2161,重庆外语外事学院[民办],,商务英语,,,511,43048,13,,
2161,重庆外语外事学院[民办],,新闻传播学类,,,517,39505,14,,
2161,重庆外语外事学院[民办],,财务会计教育,,,508,44877,15,,
2164,重庆移通学院[民办],,互联网金融,,,502,48511,01,,
2164,重庆移通学院[民办],,网络与新媒体,,,508,44877,02,,
2164,重庆移通学院[民办],,工商管理,,,505,46711,03,,
2164,重庆移通学院[民办],,市场营销,,,500,49775,04,,
2164,重庆移通学院[民办],,财务管理,,,511,43048,05,,
2164,重庆移通学院[民办],,资产评估,,,506,46082,06,,
2164,重庆移通学院[民办],,体育经济与管理,,,498,51070,07,,
2164,重庆移通学院[民办],,健康服务与管理,,,503,47901,08,,
2164,重庆移通学院[民办],,供应链管理,,,501,49149,09,,
2164,重庆移通学院[民办],,戏剧影视文学,,,498,51070,10,,
2164,重庆移通学院[民办],,广播电视编导,,,500,49775,11,,
2169,大连财经学院[民办],,财政学,,,507,45438,01,,
2169,大连财经学院[民办],,税收学,,,505,46711,02,,
2169,大连财经学院[民办],,金融学,,,507,45438,03,,
2169,大连财经学院[民办],,保险学,,,499,50419,04,,
2169,大连财经学院[民办],,投资学,,,497,51705,05,,
2169,大连财经学院[民办],,互联网金融,,,505,46711,06,,
2169,大连财经学院[民办],,国际经济与贸易,,,499,50419,07,,
2169,大连财经学院[民办],,法学,,,523,36127,08,,
2169,大连财经学院[民办],,信用风险管理与法律防控,,,513,41828,09,,
2169,大连财经学院[民办],,汉语言,,,515,40662,10,,
2169,大连财经学院[民办],,商务英语,,,504,47300,11,,
2169,大连财经学院[民办],,网络与新媒体,,,503,47901,12,,
2169,大连财经学院[民办],,会计学,,,521,37257,13,,
2169,大连财经学院[民办],,财务管理,,,515,40662,14,,
2169,大连财经学院[民办],,人力资源管理,,,501,49149,15,,
2169,大连财经学院[民办],,审计学,,,515,40662,16,,
2169,大连财经学院[民办],,资产评估,,,500,49775,17,,
2170,大连东软信息学院[民办],,英语,,,481,62196,01,,
2170,大连东软信息学院[民办],,日语,,,477,64897,02,,
2170,大连东软信息学院[民办],,健康服务与管理,,,487,58171,03,,
2170,大连东软信息学院[民办],,医疗产品管理,,,481,62196,04,,
2170,大连东软信息学院[民办],,供应链管理,,,480,62894,05,,
2173,大连科技学院[民办],,英语,,,478,64257,01,,
2173,大连科技学院[民办],,日语,,,477,64897,02,,
2173,大连科技学院[民办],,会计学,,,496,52355,03,,
2173,大连科技学院[民办],,审计学,,,496,52355,04,,
2175,大连艺术学院[民办],,艺术教育,,,,,01,原表空白（未公布投档最低分）,
2175,大连艺术学院[民办],,日语,,,,,02,原表空白（未公布投档最低分）,
2175,大连艺术学院[民办],,网络与新媒体,,,480,62894,03,,
2175,大连艺术学院[民办],,文化产业管理,,,477,64897,04,,
2175,大连艺术学院[民办],,电子商务,,,,,05,原表空白（未公布投档最低分）,
2175,大连艺术学院[民办],,跨境电子商务,,,478,64257,06,,
2175,大连艺术学院[民办],,旅游管理,,,,,07,原表空白（未公布投档最低分）,
2175,大连艺术学院[民办],,戏剧影视文学,,,,,08,原表空白（未公布投档最低分）,
2175,大连艺术学院[民办],,广播电视编导,,,,,09,原表空白（未公布投档最低分）,
2182,滇池学院[民办],,经济学,,,490,56213,01,,
2182,滇池学院[民办],,金融学,,,492,54857,02,,
2182,滇池学院[民办],,国际经济与贸易,,,492,54857,03,,
2182,滇池学院[民办],,法学,,,513,41828,04,,
2182,滇池学院[民办],,社会工作,,,485,59535,05,,
2182,滇池学院[民办],,汉语言文学,,,506,46082,06,,
2182,滇池学院[民办],,汉语国际教育,,,499,50419,07,,
2182,滇池学院[民办],,英语,,,491,55552,08,,
2182,滇池学院[民办],,日语,,,491,55552,09,,
2182,滇池学院[民办],,新闻传播学类,,,495,52965,10,,
2182,滇池学院[民办],,建筑学,,,488,57521,11,,
2182,滇池学院[民办],,城乡规划,,,484,60189,12,,
2182,滇池学院[民办],,人居环境科学与技术,,,477,64897,13,,
2182,滇池学院[民办],,会计学,,,502,48511,14,,
2182,滇池学院[民办],,财务管理,,,499,50419,15,,
2182,滇池学院[民办],,人力资源管理,,,491,55552,16,,
2182,滇池学院[民办],,行政管理,,,496,52355,17,,
2183,东莞城市学院[民办],,社会工作,,,478,64257,01,,
2183,东莞城市学院[民办],,会计学,,,492,54857,02,,
2183,东莞城市学院[民办],,行政管理,,,,,03,原表空白（未公布投档最低分）,
2183,东莞城市学院[民办],,物流管理,,,478,64257,04,,
2184,福州理工学院[民办],,网络与新媒体,,,490,56213,01,,
2184,福州理工学院[民办],,财务管理,,,490,56213,02,,
2184,福州理工学院[民办],,审计学,,,493,54207,03,,
2184,福州理工学院[民办],,物流管理,,,,,04,原表空白（未公布投档最低分）,
2185,福州外语外贸学院[民办],,财务管理,,,494,53596,01,,
2185,福州外语外贸学院[民办],,审计学,,,493,54207,02,,
2190,广东白云学院[民办],,汉语言文学,,,495,52965,01,,
2190,广东白云学院[民办],,英语,,,478,64257,02,,
2190,广东白云学院[民办],,会计学,,,494,53596,03,,
2194,广东工商职业技术大学[民办],,电子商务,,,493,54207,01,,
2194,广东工商职业技术大学[民办],,现代物流管理,,,,,02,原表空白（未公布投档最低分）,
2194,广东工商职业技术大学[民办],,法律,,,493,54207,03,,
2196,广东科技学院[民办],,经济与金融(数智金融),,,484,60189,01,,
2196,广东科技学院[民办],,物流管理,,,481,62196,02,,
2202,广西城市职业大学[民办],,中药学,,,480,62894,01,,
2202,广西城市职业大学[民办],,康复治疗,,,478,64257,02,,
2202,广西城市职业大学[民办],,大数据与会计,,,479,63585,03,,
2202,广西城市职业大学[民办],,现代物流管理,,,,,04,原表空白（未公布投档最低分）,
2202,广西城市职业大学[民办],,学前教育,,,,,05,原表空白（未公布投档最低分）,
2202,广西城市职业大学[民办],,应用英语,,,,,06,原表空白（未公布投档最低分）,
2206,广西外国语学院[民办],,税收学(金蝶数智财务创新班),,,490,56213,01,,
2206,广西外国语学院[民办],,国际经济与贸易,,,,,02,原表空白（未公布投档最低分）,
2206,广西外国语学院[民办],,汉语言文学,,,496,52355,03,,
2206,广西外国语学院[民办],,汉语国际教育,,,491,55552,04,,
2206,广西外国语学院[民办],,英语,,,481,62196,05,,
2206,广西外国语学院[民办],,德语,,,480,62894,06,,
2206,广西外国语学院[民办],,法语,,,479,63585,07,,
2206,广西外国语学院[民办],,西班牙语,,,,,08,原表空白（未公布投档最低分）,
2206,广西外国语学院[民办],,日语,,,483,60848,09,,
2206,广西外国语学院[民办],,泰语,,,,,10,原表空白（未公布投档最低分）,
2206,广西外国语学院[民办],,翻译,,,479,63585,11,,
2206,广西外国语学院[民办],,商务英语,,,477,64897,12,,
2206,广西外国语学院[民办],,新闻学,,,481,62196,13,,
2206,广西外国语学院[民办],,传播学,,,,,14,原表空白（未公布投档最低分）,
2206,广西外国语学院[民办],,网络与新媒体,,,480,62894,15,,
2206,广西外国语学院[民办],,财务管理,,,493,54207,16,,
2206,广西外国语学院[民办],,财务管理(金蝶数智财务创新班),,,490,56213,17,,
2206,广西外国语学院[民办],,人力资源管理,,,488,57521,18,,
2206,广西外国语学院[民办],,公共事业管理,,,486,58842,19,,
2206,广西外国语学院[民办],,行政管理,,,482,61531,20,,
2206,广西外国语学院[民办],,健康服务与管理,,,496,52355,21,,
2206,广西外国语学院[民办],,跨境电子商务,,,,,22,原表空白（未公布投档最低分）,
2211,广州城市理工学院[民办],,经济学,,,492,54857,01,,
2211,广州城市理工学院[民办],,税收学,,,491,55552,02,,
2211,广州城市理工学院[民办],,投资学,,,479,63585,03,,
2211,广州城市理工学院[民办],,国际经济与贸易(双语特色班),,,482,61531,04,,
2211,广州城市理工学院[民办],,英语,,,482,61531,05,,
2211,广州城市理工学院[民办],,日语,,,483,60848,06,,
2211,广州城市理工学院[民办],,工商管理,,,483,60848,07,,
2211,广州城市理工学院[民办],,市场营销,,,482,61531,08,,
2211,广州城市理工学院[民办],,会计学,,,495,52965,09,,
2211,广州城市理工学院[民办],,人力资源管理,,,481,62196,10,,
2211,广州城市理工学院[民办],,供应链管理,,,482,61531,11,,
2212,广州工商学院[民办],,商务英语,,,477,64897,01,,
2212,广州工商学院[民办],,跨境电子商务,,,487,58171,02,,
2218,广州南方学院[民办],,英语,,,478,64257,01,,
2218,广州南方学院[民办],,网络与新媒体,,,479,63585,02,,
2218,广州南方学院[民办],,护理学,,,,,03,原表空白（未公布投档最低分）,
2218,广州南方学院[民办],,会计学,,,482,61531,04,,
2218,广州南方学院[民办],,财务管理,,,489,56862,05,,
2218,广州南方学院[民办],,人力资源管理,,,477,64897,06,,
2218,广州南方学院[民办],,电子商务,,,477,64897,07,,
2221,广州商学院[民办],,金融学(中英双语创新班),,,500,49775,01,,
2221,广州商学院[民办],,商务英语(中英双语创新班),,,497,51705,02,,
2221,广州商学院[民办],,会计学(中英双语创新班),,,500,49775,03,,
2221,广州商学院[民办],,国际商务(中英双语创新班),,,511,43048,04,,
2221,广州商学院[民办],,互联网金融(中外合作办学),,,507,45438,05,,
2221,广州商学院[民办],,物流管理(中外合作办学),,,,,06,原表空白（未公布投档最低分）,
2223,广州新华学院[民办],,法学,,,518,38958,01,,
2223,广州新华学院[民办],,汉语言文学,,,505,46711,02,,
2223,广州新华学院[民办],,网络与新媒体,,,489,56862,03,,
2223,广州新华学院[民办],,工商管理(创新班),,,487,58171,04,,
2223,广州新华学院[民办],,财务管理,,,495,52965,05,,
2226,贵阳信息科技学院[民办],,网络与新媒体,,,501,49149,01,,
2232,贵州黔南经济学院(惠水县)[民办],,财务管理,,,508,44877,01,,
2240,桂林信息科技学院[民办],,国际经济与贸易,,,483,60848,01,,
2240,桂林信息科技学院[民办],,英语(对外汉语),,,483,60848,02,,
2240,桂林信息科技学院[民办],,商务英语,,,478,64257,03,,
2240,桂林信息科技学院[民办],,市场营销,,,,,04,原表空白（未公布投档最低分）,
2240,桂林信息科技学院[民办],,财务管理,,,485,59535,05,,
2240,桂林信息科技学院[民办],,国际商务,,,,,06,原表空白（未公布投档最低分）,
2240,桂林信息科技学院[民办],,人力资源管理,,,477,64897,07,,
2240,桂林信息科技学院[民办],,电子商务,,,481,62196,08,,
2240,桂林信息科技学院[民办],,酒店管理,,,,,09,原表空白（未公布投档最低分）,
2241,桂林学院[民办],,金融学,,,501,49149,01,,
2241,桂林学院[民办],,国际经济与贸易,,,496,52355,02,,
2241,桂林学院[民办],,法学,,,512,42421,03,,
2241,桂林学院[民办],,小学教育,,,505,46711,04,,
2241,桂林学院[民办],,汉语国际教育,,,502,48511,05,,
2241,桂林学院[民办],,英语,,,503,47901,06,,
2241,桂林学院[民办],,新闻学,,,503,47901,07,,
2241,桂林学院[民办],,财务管理,,,502,48511,08,,
2241,桂林学院[民办],,健康服务与管理,,,497,51705,09,,
2241,桂林学院[民办],,电子商务,,,496,52355,10,,
2241,桂林学院[民办],,旅游管理,,,492,54857,11,,
2241,桂林学院[民办],,广播电视编导,,,483,60848,12,,
2245,哈尔滨广厦学院[民办],,国际经济与贸易,,,482,61531,01,,
2245,哈尔滨广厦学院[民办],,学前教育,,,480,62894,02,,
2245,哈尔滨广厦学院[民办],,汉语言文学,,,495,52965,03,,
2245,哈尔滨广厦学院[民办],,应用心理学,,,490,56213,04,,
2245,哈尔滨广厦学院[民办],,会计学,,,494,53596,05,,
2245,哈尔滨广厦学院[民办],,财务管理,,,492,54857,06,,
2245,哈尔滨广厦学院[民办],,人力资源管理,,,487,58171,07,,
2245,哈尔滨广厦学院[民办],,审计学,,,493,54207,08,,
2246,哈尔滨华德学院[民办],,英语,,,478,64257,01,,
2246,哈尔滨华德学院[民办],,工商管理(英才班),,,477,64897,02,,
2246,哈尔滨华德学院[民办],,财务管理(英才班),,,483,60848,03,,
2247,哈尔滨剑桥学院[民办],,国际经济与贸易,,,477,64897,01,,
2247,哈尔滨剑桥学院[民办],,学前教育,,,477,64897,02,,
2247,哈尔滨剑桥学院[民办],,小学教育,,,477,64897,03,,
2247,哈尔滨剑桥学院[民办],,英语,,,477,64897,04,,
2247,哈尔滨剑桥学院[民办],,会计学,,,490,56213,05,,
2247,哈尔滨剑桥学院[民办],,财务管理,,,487,58171,06,,
2247,哈尔滨剑桥学院[民办],,人力资源管理,,,478,64257,07,,
2248,哈尔滨石油学院[民办],,国际经济与贸易,,,477,64897,01,,
2248,哈尔滨石油学院[民办],,学前教育,,,478,64257,02,,
2248,哈尔滨石油学院[民办],,英语,,,485,59535,03,,
2248,哈尔滨石油学院[民办],,俄语,,,,,04,原表空白（未公布投档最低分）,
2248,哈尔滨石油学院[民办],,财务管理,,,494,53596,05,,
2248,哈尔滨石油学院[民办],,跨境电子商务,,,477,64897,06,,
2249,哈尔滨信息工程学院[民办],,财务管理,,,490,56213,01,,
2252,海口经济学院[民办],,经济学类,,,,,01,原表空白（未公布投档最低分）,
2252,海口经济学院[民办],,艺术教育,,,,,02,原表空白（未公布投档最低分）,
2252,海口经济学院[民办],,英语(教育、翻译、商务方向),,,,,03,原表空白（未公布投档最低分）,
2252,海口经济学院[民办],,新闻学(国际新闻传播),,,,,04,原表空白（未公布投档最低分）,
2252,海口经济学院[民办],,建筑类,,,483,60848,05,,
2252,海口经济学院[民办],,市场营销(新媒体营销),,,491,55552,06,,
2252,海口经济学院[民办],,市场营销(创意产业管理),,,,,07,原表空白（未公布投档最低分）,
2252,海口经济学院[民办],,会计学,,,477,64897,08,,
2252,海口经济学院[民办],,人力资源管理(薪酬绩效设计师),,,,,09,原表空白（未公布投档最低分）,
2252,海口经济学院[民办],,审计学,,,480,62894,10,,
2252,海口经济学院[民办],,健康服务与管理,,,,,11,原表空白（未公布投档最低分）,
2252,海口经济学院[民办],,电子商务,,,,,12,原表空白（未公布投档最低分）,
2252,海口经济学院[民办],,旅游管理(含智慧旅游、数字文旅方向),,,,,13,原表空白（未公布投档最低分）,
2253,海口经济学院(按高考文化课成绩录取的艺术类专业)[民办],,广播电视编导(电影电视编导),,,,,01,原表空白（未公布投档最低分）,
2257,海南科技职业大学[民办],,水路运输与海事管理,,,,,03,原表空白（未公布投档最低分）,
2257,海南科技职业大学[民办],,护理,,,480,62894,04,,
2257,海南科技职业大学[民办],,大数据与会计,,,490,56213,05,,
2257,海南科技职业大学[民办],,学前教育,,,,,06,原表空白（未公布投档最低分）,
2259,汉口学院(武汉市)[民办],,汉语言文学,,,521,37257,01,,
2259,汉口学院(武汉市)[民办],,英语,,,496,52355,02,,
2259,汉口学院(武汉市)[民办],,广播电视编导,,,480,62894,03,,
2260,合肥城市学院[民办],,城市管理,,,491,55552,01,,
2264,河北传媒学院[民办],,汉语言文学,,,509,44239,01,,
2264,河北传媒学院[民办],,英语,,,507,45438,02,,
2264,河北传媒学院[民办],,西班牙语,,,496,52355,03,,
2264,河北传媒学院[民办],,葡萄牙语,,,492,54857,04,,
2264,河北传媒学院[民办],,新闻学,,,504,47300,05,,
2264,河北传媒学院[民办],,广播电视学,,,498,51070,06,,
2264,河北传媒学院[民办],,广告学,,,500,49775,07,,
2264,河北传媒学院[民办],,传播学,,,499,50419,08,,
2264,河北传媒学院[民办],,网络与新媒体,,,504,47300,09,,
2264,河北传媒学院[民办],,数字出版,,,503,47901,10,,
2264,河北传媒学院[民办],,文化产业管理,,,501,49149,11,,
2264,河北传媒学院[民办],,电子商务,,,505,46711,12,,
2264,河北传媒学院[民办],,会展经济与管理,,,503,47901,13,,
2264,河北传媒学院[民办],,戏剧影视文学,,,477,64897,14,,
2264,河北传媒学院[民办],,广播电视编导,,,478,64257,15,,
2265,河北东方学院[民办],,经济与金融,,,480,62894,01,,
2265,河北东方学院[民办],,国际经济与贸易,,,479,63585,02,,
2265,河北东方学院[民办],,英语,,,477,64897,03,,
2265,河北东方学院[民办],,网络与新媒体,,,486,58842,04,,
2265,河北东方学院[民办],,文物与博物馆学,,,477,64897,05,,
2265,河北东方学院[民办],,文化遗产,,,477,64897,06,,
2265,河北东方学院[民办],,护理学,,,483,60848,07,,
2265,河北东方学院[民办],,财务管理,,,495,52965,08,,
2265,河北东方学院[民办],,审计学,,,498,51070,09,,
2265,河北东方学院[民办],,资产评估,,,481,62196,10,,
2266,河北工程技术学院(石家庄市)[民办],,国际经济与贸易,,,489,56862,01,,
2266,河北工程技术学院(石家庄市)[民办],,建筑学,,,478,64257,02,,
2266,河北工程技术学院(石家庄市)[民办],,城乡规划,,,485,59535,03,,
2266,河北工程技术学院(石家庄市)[民办],,风景园林,,,481,62196,04,,
2266,河北工程技术学院(石家庄市)[民办],,市场营销,,,485,59535,05,,
2266,河北工程技术学院(石家庄市)[民办],,会计学,,,505,46711,06,,
2266,河北工程技术学院(石家庄市)[民办],,财务管理,,,501,49149,07,,
2266,河北工程技术学院(石家庄市)[民办],,审计学,,,500,49775,08,,
2266,河北工程技术学院(石家庄市)[民办],,跨境电子商务,,,483,60848,09,,
2267,河北科技学院[民办],,经济学,,,477,64897,01,,
2267,河北科技学院[民办],,信用风险管理与法律防控,,,481,62196,02,,
2267,河北科技学院[民办],,学前教育,,,477,64897,03,,
2267,河北科技学院[民办],,小学教育,,,477,64897,04,,
2267,河北科技学院[民办],,应用心理学,,,478,64257,05,,
2267,河北科技学院[民办],,会计学,,,487,58171,06,,
2267,河北科技学院[民办],,财务管理,,,480,62894,07,,
2267,河北科技学院[民办],,审计学,,,481,62196,08,,
2267,河北科技学院[民办],,健康服务与管理,,,477,64897,09,,
2267,河北科技学院[民办],,物流管理,,,477,64897,10,,
2267,河北科技学院[民办],,电子商务,,,477,64897,11,,
2267,河北科技学院[民办],,广播电视编导,,,479,63585,12,,
2268,河北美术学院[民办],,艺术教育,,,477,64897,01,,
2268,河北美术学院[民办],,建筑学,,,477,64897,02,,
2268,河北美术学院[民办],,风景园林,,,479,63585,03,,
2268,河北美术学院[民办],,艺术史论,,,,,04,原表空白（未公布投档最低分）,
2268,河北美术学院[民办],,艺术管理,,,482,61531,05,,
2268,河北美术学院[民办],,非物质文化遗产保护,,,477,64897,06,,
2268,河北美术学院[民办],,广播电视编导,,,477,64897,07,,
2269,河北外国语学院(石家庄市)[民办],,互联网金融,,,486,58842,04,,
2269,河北外国语学院(石家庄市)[民办],,国际经济与贸易,,,484,60189,05,,
2269,河北外国语学院(石家庄市)[民办],,法学,,,506,46082,06,,
2269,河北外国语学院(石家庄市)[民办],,国际经贸规则,,,485,59535,07,,
2269,河北外国语学院(石家庄市)[民办],,教育学,,,502,48511,08,,
2269,河北外国语学院(石家庄市)[民办],,艺术教育,,,477,64897,09,,
2269,河北外国语学院(石家庄市)[民办],,学前教育,,,499,50419,10,,
2269,河北外国语学院(石家庄市)[民办],,小学教育,,,507,45438,11,,
2269,河北外国语学院(石家庄市)[民办],,汉语言文学,,,510,43673,12,,
2269,河北外国语学院(石家庄市)[民办],,汉语国际教育,,,498,51070,13,,
2269,河北外国语学院(石家庄市)[民办],,英语,,,486,58842,14,,
2269,河北外国语学院(石家庄市)[民办],,俄语,,,478,64257,15,,
2269,河北外国语学院(石家庄市)[民办],,德语,,,477,64897,16,,
2269,河北外国语学院(石家庄市)[民办],,阿拉伯语,,,478,64257,17,,
2269,河北外国语学院(石家庄市)[民办],,朝鲜语,,,480,62894,18,,
2269,河北外国语学院(石家庄市)[民办],,葡萄牙语,,,477,64897,19,,
2269,河北外国语学院(石家庄市)[民办],,意大利语,,,479,63585,20,,
2269,河北外国语学院(石家庄市)[民办],,翻译,,,477,64897,21,,
2269,河北外国语学院(石家庄市)[民办],,商务英语,,,482,61531,22,,
2269,河北外国语学院(石家庄市)[民办],,网络与新媒体,,,498,51070,23,,
2269,河北外国语学院(石家庄市)[民办],,应用心理学,,,490,56213,24,,
2269,河北外国语学院(石家庄市)[民办],,建筑学,,,477,64897,25,,
2269,河北外国语学院(石家庄市)[民办],,财务管理,,,505,46711,26,,
2269,河北外国语学院(石家庄市)[民办],,审计学,,,508,44877,27,,
2269,河北外国语学院(石家庄市)[民办],,资产评估,,,483,60848,28,,
2269,河北外国语学院(石家庄市)[民办],,电子商务,,,487,58171,29,,
2269,河北外国语学院(石家庄市)[民办],,旅游管理,,,479,63585,30,,
2269,河北外国语学院(石家庄市)[民办],,会展经济与管理,,,479,63585,31,,
2269,河北外国语学院(石家庄市)[民办],,广播电视编导,,,477,64897,32,,
2270,河南开封科技传媒学院(开封市)[民办],,金融学,,,511,43048,01,,
2270,河南开封科技传媒学院(开封市)[民办],,学前教育,,,509,44239,02,,
2270,河南开封科技传媒学院(开封市)[民办],,旅游管理,,,507,45438,03,,
2272,黑龙江财经学院(哈尔滨市)[民办],,经济学,,,493,54207,01,,
2272,黑龙江财经学院(哈尔滨市)[民办],,金融学,,,488,57521,02,,
2272,黑龙江财经学院(哈尔滨市)[民办],,保险学,,,489,56862,03,,
2272,黑龙江财经学院(哈尔滨市)[民办],,互联网金融,,,486,58842,04,,
2272,黑龙江财经学院(哈尔滨市)[民办],,法学,,,511,43048,05,,
2272,黑龙江财经学院(哈尔滨市)[民办],,汉语言文学,,,503,47901,06,,
2272,黑龙江财经学院(哈尔滨市)[民办],,英语,,,487,58171,07,,
2272,黑龙江财经学院(哈尔滨市)[民办],,商务英语,,,481,62196,08,,
2272,黑龙江财经学院(哈尔滨市)[民办],,广告学,,,491,55552,09,,
2272,黑龙江财经学院(哈尔滨市)[民办],,工商管理,,,483,60848,10,,
2272,黑龙江财经学院(哈尔滨市)[民办],,市场营销,,,,,11,原表空白（未公布投档最低分）,
2272,黑龙江财经学院(哈尔滨市)[民办],,会计学,,,510,43673,12,,
2272,黑龙江财经学院(哈尔滨市)[民办],,财务管理,,,501,49149,13,,
2272,黑龙江财经学院(哈尔滨市)[民办],,国际商务,,,478,64257,14,,
2272,黑龙江财经学院(哈尔滨市)[民办],,人力资源管理,,,482,61531,15,,
2272,黑龙江财经学院(哈尔滨市)[民办],,审计学,,,502,48511,16,,
2272,黑龙江财经学院(哈尔滨市)[民办],,资产评估,,,485,59535,17,,
2272,黑龙江财经学院(哈尔滨市)[民办],,物流管理,,,490,56213,18,,
2272,黑龙江财经学院(哈尔滨市)[民办],,电子商务,,,489,56862,19,,
2272,黑龙江财经学院(哈尔滨市)[民办],,旅游管理,,,479,63585,20,,
2272,黑龙江财经学院(哈尔滨市)[民办],,会展经济与管理,,,478,64257,21,,
2273,黑龙江东方学院(哈尔滨市)[民办],,汉语言文学,,,502,48511,01,,
2273,黑龙江东方学院(哈尔滨市)[民办],,汉语国际教育,,,486,58842,02,,
2274,黑龙江工商学院(哈尔滨市)[民办],,金融学,,,479,63585,01,,
2274,黑龙江工商学院(哈尔滨市)[民办],,工商管理,,,483,60848,02,,
2274,黑龙江工商学院(哈尔滨市)[民办],,会计学,,,496,52355,03,,
2274,黑龙江工商学院(哈尔滨市)[民办],,财务管理,,,492,54857,04,,
2276,黑龙江外国语学院[民办],,汉语言文学,,,498,51070,01,,
2276,黑龙江外国语学院[民办],,汉语国际教育,,,477,64897,02,,
2276,黑龙江外国语学院[民办],,英语,,,479,63585,03,,
2276,黑龙江外国语学院[民办],,德语,,,,,04,原表空白（未公布投档最低分）,
2276,黑龙江外国语学院[民办],,日语(精英班),,,482,61531,05,,
2276,黑龙江外国语学院[民办],,翻译(俄语方向),,,,,06,原表空白（未公布投档最低分）,
2282,湖北商贸学院[民办],,法学,,,515,40662,01,,
2282,湖北商贸学院[民办],,电子商务(中软信创班),,,495,52965,02,,
2292,湖南涉外经济学院(长沙市)[民办],,金融学,,,489,56862,01,,
2292,湖南涉外经济学院(长沙市)[民办],,法学,,,508,44877,02,,
2292,湖南涉外经济学院(长沙市)[民办],,学前教育,,,482,61531,03,,
2292,湖南涉外经济学院(长沙市)[民办],,网络与新媒体,,,490,56213,04,,
2292,湖南涉外经济学院(长沙市)[民办],,市场营销,,,,,05,原表空白（未公布投档最低分）,
2292,湖南涉外经济学院(长沙市)[民办],,会计学,,,498,51070,06,,
2292,湖南涉外经济学院(长沙市)[民办],,人力资源管理,,,483,60848,07,,
2292,湖南涉外经济学院(长沙市)[民办],,供应链管理,,,477,64897,08,,
2296,黄河科技学院(郑州市)[民办],,护理学,,,479,63585,01,,
2296,黄河科技学院(郑州市)[民办],,工商管理,,,509,44239,02,,
2298,吉利学院(成都)[民办],,小学教育,,,491,55552,01,,
2298,吉利学院(成都)[民办],,网络与新媒体,,,501,49149,02,,
2298,吉利学院(成都)[民办],,财务管理,,,504,47300,03,,
2300,吉林动画学院[民办],,广告学,,,481,62196,01,,
2300,吉林动画学院[民办],,网络与新媒体,,,489,56862,02,,
2300,吉林动画学院[民办],,市场营销,,,477,64897,03,,
2300,吉林动画学院[民办],,文化产业管理,,,478,64257,04,,
2300,吉林动画学院[民办],,戏剧影视文学,,,,,05,原表空白（未公布投档最低分）,
2300,吉林动画学院[民办],,广播电视编导,,,,,06,原表空白（未公布投档最低分）,
2303,吉林外国语大学(长春市)[民办],,国际经济与贸易,,,512,42421,01,,
2303,吉林外国语大学(长春市)[民办],,汉语言文学,,,510,43673,02,,
2303,吉林外国语大学(长春市)[民办],,英语,,,514,41275,03,,
2303,吉林外国语大学(长春市)[民办],,英语(英日双语),,,504,47300,04,,
2303,吉林外国语大学(长春市)[民办],,英语(英德双语),,,504,47300,05,,
2303,吉林外国语大学(长春市)[民办],,英语(英法双语),,,500,49775,06,,
2303,吉林外国语大学(长春市)[民办],,英语(英西班牙双语),,,500,49775,07,,
2303,吉林外国语大学(长春市)[民办],,俄语,,,510,43673,08,,
2303,吉林外国语大学(长春市)[民办],,法语,,,490,56213,09,,
2303,吉林外国语大学(长春市)[民办],,西班牙语,,,499,50419,10,,
2303,吉林外国语大学(长春市)[民办],,阿拉伯语,,,486,58842,11,,
2303,吉林外国语大学(长春市)[民办],,日语,,,490,56213,12,,
2303,吉林外国语大学(长春市)[民办],,波斯语,,,482,61531,13,,
2303,吉林外国语大学(长春市)[民办],,印度尼西亚语,,,,,14,原表空白（未公布投档最低分）,
2303,吉林外国语大学(长春市)[民办],,葡萄牙语,,,498,51070,15,,
2303,吉林外国语大学(长春市)[民办],,意大利语,,,485,59535,16,,
2303,吉林外国语大学(长春市)[民办],,工商管理类,,,504,47300,17,,
2303,吉林外国语大学(长春市)[民办],,会计学,,,527,33954,18,,
2303,吉林外国语大学(长春市)[民办],,金融学(中外合作办学),,,483,60848,19,,
2303,吉林外国语大学(长春市)[民办],,俄语(中外合作办学),,,490,56213,20,,
2303,吉林外国语大学(长春市)[民办],,德语(中外合作办学),,,479,63585,21,,
2303,吉林外国语大学(长春市)[民办],,朝鲜语(中外合作办学),,,480,62894,22,,
2309,江西服装学院[民办],,物流管理,,,482,61531,01,,
2309,江西服装学院[民办],,电子商务,,,488,57521,02,,
2310,江西工程学院[民办],,汉语言文学,,,514,41275,01,,
2315,江西科技学院(南昌市)[民办],,小学教育,,,496,52355,01,,
2315,江西科技学院(南昌市)[民办],,汉语言文学,,,510,43673,02,,
2315,江西科技学院(南昌市)[民办],,数字人文,,,502,48511,03,,
2315,江西科技学院(南昌市)[民办],,会计学,,,506,46082,04,,
2315,江西科技学院(南昌市)[民办],,人力资源管理,,,493,54207,05,,
2320,江西应用科技学院[民办],,物流管理,,,487,58171,01,,
2325,晋中信息学院[民办],,互联网金融,,,507,45438,01,,
2325,晋中信息学院[民办],,国际经济与贸易,,,507,45438,02,,
2325,晋中信息学院[民办],,英语,,,508,44877,03,,
2325,晋中信息学院[民办],,市场营销,,,507,45438,04,,
2325,晋中信息学院[民办],,财务管理,,,515,40662,05,,
2325,晋中信息学院[民办],,人力资源管理,,,508,44877,06,,
2325,晋中信息学院[民办],,审计学,,,516,40076,07,,
2325,晋中信息学院[民办],,农林经济管理,,,506,46082,08,,
2325,晋中信息学院[民办],,行政管理,,,509,44239,09,,
2325,晋中信息学院[民办],,健康服务与管理,,,506,46082,10,,
2325,晋中信息学院[民办],,供应链管理,,,506,46082,11,,
2326,荆州学院(荆州市)[民办],,小学教育,,,505,46711,01,,
2326,荆州学院(荆州市)[民办],,网络与新媒体,,,505,46711,02,,
2326,荆州学院(荆州市)[民办],,城乡规划,,,507,45438,03,,
2326,荆州学院(荆州市)[民办],,工商管理,,,500,49775,04,,
2326,荆州学院(荆州市)[民办],,财务管理,,,509,44239,05,,
2330,昆明城市学院[民办],,经济学,,,492,54857,01,,
2330,昆明城市学院[民办],,金融学,,,487,58171,02,,
2330,昆明城市学院[民办],,法学,,,509,44239,03,,
2330,昆明城市学院[民办],,马克思主义理论,,,495,52965,04,,
2330,昆明城市学院[民办],,学前教育,,,,,05,原表空白（未公布投档最低分）,
2330,昆明城市学院[民办],,小学教育,,,494,53596,06,,
2330,昆明城市学院[民办],,英语,,,491,55552,07,,
2330,昆明城市学院[民办],,网络与新媒体,,,498,51070,08,,
2330,昆明城市学院[民办],,应用心理学,,,486,58842,09,,
2330,昆明城市学院[民办],,会计学,,,506,46082,10,,
2330,昆明城市学院[民办],,财务管理,,,502,48511,11,,
2330,昆明城市学院[民办],,电子商务,,,485,59535,12,,
2331,昆明传媒学院[民办],,艺术教育,,,482,61531,01,,
2331,昆明传媒学院[民办],,学前教育,,,487,58171,02,,
2331,昆明传媒学院[民办],,小学教育,,,496,52355,03,,
2331,昆明传媒学院[民办],,汉语言文学,,,498,51070,04,,
2331,昆明传媒学院[民办],,广播电视学,,,490,56213,05,,
2331,昆明传媒学院[民办],,网络与新媒体,,,493,54207,06,,
2331,昆明传媒学院[民办],,文化产业管理,,,491,55552,07,,
2333,昆明文理学院[民办],,小学教育,,,500,49775,01,,
2333,昆明文理学院[民办],,汉语言文学,,,514,41275,02,,
2333,昆明文理学院[民办],,英语,,,496,52355,03,,
2333,昆明文理学院[民办],,工商管理,,,494,53596,04,,
2333,昆明文理学院[民办],,审计学,,,504,47300,05,,
2336,兰州博文科技学院[民办],,英语,,,501,49149,01,,
2336,兰州博文科技学院[民办],,广告学,,,494,53596,02,,
2336,兰州博文科技学院[民办],,会计学,,,509,44239,03,,
2336,兰州博文科技学院[民办],,电子商务,,,499,50419,04,,
2337,兰州工商学院[民办],,财政学,,,496,52355,01,,
2337,兰州工商学院[民办],,法学(律师实务方向),,,505,46711,02,,
2337,兰州工商学院[民办],,会计学(注册会计师方向),,,505,46711,03,,
2337,兰州工商学院[民办],,会计学(管理会计方向),,,500,49775,04,,
2337,兰州工商学院[民办],,审计学,,,505,46711,05,,
2341,丽江文化旅游学院[民办],,经济学,,,485,59535,01,,
2341,丽江文化旅游学院[民办],,金融学,,,486,58842,02,,
2341,丽江文化旅游学院[民办],,国际经济与贸易,,,480,62894,03,,
2341,丽江文化旅游学院[民办],,学前教育,,,477,64897,04,,
2341,丽江文化旅游学院[民办],,小学教育,,,484,60189,05,,
2341,丽江文化旅游学院[民办],,汉语言文学,,,498,51070,06,,
2341,丽江文化旅游学院[民办],,汉语国际教育,,,486,58842,07,,
2341,丽江文化旅游学院[民办],,秘书学,,,488,57521,08,,
2341,丽江文化旅游学院[民办],,英语,,,480,62894,09,,
2341,丽江文化旅游学院[民办],,日语,,,480,62894,10,,
2341,丽江文化旅游学院[民办],,新闻学,,,485,59535,11,,
2341,丽江文化旅游学院[民办],,网络与新媒体,,,487,58171,12,,
2341,丽江文化旅游学院[民办],,会计学,,,490,56213,13,,
2341,丽江文化旅游学院[民办],,财务管理,,,491,55552,14,,
2341,丽江文化旅游学院[民办],,旅游管理,,,481,62196,15,,
2341,丽江文化旅游学院[民办],,酒店管理,,,478,64257,16,,
2342,辽宁传媒学院[民办],,汉语言文学,,,498,51070,01,,
2342,辽宁传媒学院[民办],,新闻学,,,483,60848,02,,
2342,辽宁传媒学院[民办],,广告学,,,481,62196,03,,
2342,辽宁传媒学院[民办],,传播学,,,478,64257,04,,
2342,辽宁传媒学院[民办],,网络与新媒体,,,492,54857,05,,
2342,辽宁传媒学院[民办],,文化产业管理,,,479,63585,06,,
2342,辽宁传媒学院[民办],,戏剧影视文学,,,481,62196,07,,
2342,辽宁传媒学院[民办],,广播电视编导,,,481,62196,08,,
2343,辽宁对外经贸学院(大连市)[民办],,金融学,,,493,54207,01,,
2343,辽宁对外经贸学院(大连市)[民办],,国际经济与贸易,,,490,56213,02,,
2343,辽宁对外经贸学院(大连市)[民办],,英语,,,486,58842,03,,
2343,辽宁对外经贸学院(大连市)[民办],,俄语,,,482,61531,04,,
2343,辽宁对外经贸学院(大连市)[民办],,西班牙语,,,,,05,原表空白（未公布投档最低分）,
2343,辽宁对外经贸学院(大连市)[民办],,日语,,,482,61531,06,,
2343,辽宁对外经贸学院(大连市)[民办],,朝鲜语,,,,,07,原表空白（未公布投档最低分）,
2343,辽宁对外经贸学院(大连市)[民办],,商务英语,,,,,08,原表空白（未公布投档最低分）,
2343,辽宁对外经贸学院(大连市)[民办],,会计学,,,502,48511,09,,
2343,辽宁对外经贸学院(大连市)[民办],,财务管理,,,504,47300,10,,
2343,辽宁对外经贸学院(大连市)[民办],,人力资源管理,,,481,62196,11,,
2343,辽宁对外经贸学院(大连市)[民办],,资产评估,,,485,59535,12,,
2343,辽宁对外经贸学院(大连市)[民办],,养老服务管理,,,490,56213,13,,
2343,辽宁对外经贸学院(大连市)[民办],,物流管理,,,477,64897,14,,
2343,辽宁对外经贸学院(大连市)[民办],,电子商务,,,484,60189,15,,
2345,辽宁何氏医学院[民办],,学前教育,,,,,01,原表空白（未公布投档最低分）,
2345,辽宁何氏医学院[民办],,健康服务与管理,,,477,64897,02,,
2346,辽宁理工学院(锦州市)[民办],,汉语言文学,,,503,47901,01,,
2346,辽宁理工学院(锦州市)[民办],,会计学,,,499,50419,02,,
2346,辽宁理工学院(锦州市)[民办],,财务管理,,,496,52355,03,,
2346,辽宁理工学院(锦州市)[民办],,审计学,,,493,54207,04,,
2349,柳州工学院[民办],,汉语国际教育,,,478,64257,01,,
2349,柳州工学院[民办],,英语,,,478,64257,02,,
2349,柳州工学院[民办],,翻译,,,,,03,原表空白（未公布投档最低分）,
2349,柳州工学院[民办],,商务英语,,,,,04,原表空白（未公布投档最低分）,
2349,柳州工学院[民办],,建筑学,,,478,64257,05,,
2349,柳州工学院[民办],,工商管理,,,482,61531,06,,
2349,柳州工学院[民办],,市场营销,,,,,07,原表空白（未公布投档最低分）,
2349,柳州工学院[民办],,财务管理,,,494,53596,08,,
2349,柳州工学院[民办],,人力资源管理,,,480,62894,09,,
2349,柳州工学院[民办],,物流管理,,,477,64897,10,,
2356,绵阳城市学院[民办],,学前教育,,,506,46082,01,,
2356,绵阳城市学院[民办],,财务管理,,,511,43048,02,,
2364,南昌工学院[民办],,思想政治教育,,,517,39505,01,,
2364,南昌工学院[民办],,护理学,,,491,55552,02,,
2364,南昌工学院[民办],,会计学,,,504,47300,03,,
2364,南昌工学院[民办],,审计学,,,504,47300,04,,
2365,南昌交通学院[民办],,英语,,,501,49149,01,,
2365,南昌交通学院[民办],,会计学,,,514,41275,02,,
2365,南昌交通学院[民办],,人力资源管理,,,501,49149,03,,
2366,南昌理工学院[民办],,法学,,,522,36684,01,,
2366,南昌理工学院[民办],,汉语言文学,,,512,42421,02,,
2366,南昌理工学院[民办],,英语,,,504,47300,03,,
2366,南昌理工学院[民办],,日语,,,492,54857,04,,
2366,南昌理工学院[民办],,会计学,,,507,45438,05,,
2366,南昌理工学院[民办],,财务管理,,,505,46711,06,,
2367,南昌应用技术师范学院[民办],,思想政治教育,,,520,37811,01,,
2367,南昌应用技术师范学院[民办],,汉语言文学,,,523,36127,02,,
2367,南昌应用技术师范学院[民办],,财务管理,,,516,40076,03,,
2372,南京传媒学院(南京市)[民办],,汉语国际教育,,,508,44877,01,,
2372,南京传媒学院(南京市)[民办],,新闻传播学类,,,513,41828,02,,
2372,南京传媒学院(南京市)[民办],,电影学,,,486,58842,03,,
2372,南京传媒学院(南京市)[民办],,戏剧影视文学,,,503,47901,04,,
2372,南京传媒学院(南京市)[民办],,广播电视编导,,,489,56862,05,,
2374,南宁理工学院[民办],,国际经济与贸易,,,478,64257,01,,
2374,南宁理工学院[民办],,学前教育,,,,,02,原表空白（未公布投档最低分）,
2374,南宁理工学院[民办],,汉语言文学,,,496,52355,03,,
2374,南宁理工学院[民办],,英语,,,491,55552,04,,
2374,南宁理工学院[民办],,广告学,,,,,05,原表空白（未公布投档最低分）,
2374,南宁理工学院[民办],,网络与新媒体,,,481,62196,06,,
2374,南宁理工学院[民办],,网络与新媒体(国际班),,,485,59535,07,,
2374,南宁理工学院[民办],,地理信息科学,,,484,60189,08,,
2374,南宁理工学院[民办],,应用心理学,,,482,61531,09,,
2374,南宁理工学院[民办],,工商管理,,,478,64257,10,,
2374,南宁理工学院[民办],,会计学,,,492,54857,11,,
2374,南宁理工学院[民办],,会计学(国际班),,,478,64257,12,,
2374,南宁理工学院[民办],,财务管理,,,486,58842,13,,
2374,南宁理工学院[民办],,电子商务,,,478,64257,14,,
2375,南宁学院[民办],,经济与金融,,,492,54857,01,,
2375,南宁学院[民办],,学前教育,,,486,58842,02,,
2375,南宁学院[民办],,工商管理,,,486,58842,03,,
2375,南宁学院[民办],,市场营销,,,489,56862,04,,
2375,南宁学院[民办],,会计学,,,508,44877,05,,
2375,南宁学院[民办],,财务管理,,,501,49149,06,,
2376,南通理工学院[民办],,健康服务与管理,,,492,54857,01,,
2376,南通理工学院[民办],,物流管理,,,488,57521,02,,
2376,南通理工学院[民办],,电子商务,,,490,56213,03,,
2380,内蒙古鸿德文理学院[民办],,金融学,,,500,49775,01,,
2380,内蒙古鸿德文理学院[民办],,学前教育,,,502,48511,02,,
2380,内蒙古鸿德文理学院[民办],,小学教育,,,508,44877,03,,
2380,内蒙古鸿德文理学院[民办],,汉语言文学,,,517,39505,04,,
2380,内蒙古鸿德文理学院[民办],,会计学,,,513,41828,05,,
2380,内蒙古鸿德文理学院[民办],,财务管理,,,509,44239,06,,
2384,宁波财经学院[民办],,国际经济与贸易(大宗商品交易),,,494,53596,01,,
2384,宁波财经学院[民办],,汉语国际教育,,,492,54857,02,,
2384,宁波财经学院[民办],,日语,,,486,58842,03,,
2384,宁波财经学院[民办],,商务英语,,,490,56213,04,,
2384,宁波财经学院[民办],,广告学,,,492,54857,05,,
2384,宁波财经学院[民办],,工商管理(数字化管理),,,501,49149,06,,
2384,宁波财经学院[民办],,市场营销(数字营销),,,489,56862,07,,
2384,宁波财经学院[民办],,会计学,,,521,37257,08,,
2384,宁波财经学院[民办],,财务管理,,,513,41828,09,,
2384,宁波财经学院[民办],,物流管理,,,500,49775,10,,
2384,宁波财经学院[民办],,电子商务,,,505,46711,11,,
2385,宁夏理工学院(石嘴山市)[民办],,金融学,,,483,60848,01,,
2385,宁夏理工学院(石嘴山市)[民办],,国际经济与贸易(数字贸易),,,483,60848,02,,
2385,宁夏理工学院(石嘴山市)[民办],,思想政治教育,,,495,52965,03,,
2385,宁夏理工学院(石嘴山市)[民办],,学前教育,,,478,64257,04,,
2385,宁夏理工学院(石嘴山市)[民办],,汉语言文学,,,498,51070,05,,
2385,宁夏理工学院(石嘴山市)[民办],,英语,,,477,64897,06,,
2385,宁夏理工学院(石嘴山市)[民办],,日语,,,485,59535,07,,
2385,宁夏理工学院(石嘴山市)[民办],,会计学(智能会计),,,501,49149,08,,
2385,宁夏理工学院(石嘴山市)[民办],,财务管理(大数据财务),,,496,52355,09,,
2385,宁夏理工学院(石嘴山市)[民办],,农村区域发展,,,477,64897,10,,
2385,宁夏理工学院(石嘴山市)[民办],,健康服务与管理,,,479,63585,11,,
2385,宁夏理工学院(石嘴山市)[民办],,电子商务(数智电商),,,479,63585,12,,
2387,齐鲁理工学院[民办],,会计学,,,507,45438,01,,
2388,齐鲁医药学院(淄博市)[民办],,应用心理学,,,512,42421,01,,
2388,齐鲁医药学院(淄博市)[民办],,财务管理,,,516,40076,02,,
2388,齐鲁医药学院(淄博市)[民办],,健康服务与管理,,,512,42421,03,,
2388,齐鲁医药学院(淄博市)[民办],,医疗保险,,,508,44877,04,,
2388,齐鲁医药学院(淄博市)[民办],,养老服务管理,,,513,41828,05,,
2389,齐齐哈尔工程学院[民办],,财务管理,,,484,60189,01,,
2389,齐齐哈尔工程学院[民办],,电子商务,,,,,02,原表空白（未公布投档最低分）,
2392,青岛滨海学院[民办],,学前教育,,,494,53596,01,,
2392,青岛滨海学院[民办],,广播电视学,,,492,54857,02,,
2392,青岛滨海学院[民办],,会计学,,,505,46711,03,,
2392,青岛滨海学院[民办],,财务管理,,,506,46082,04,,
2393,青岛城市学院[民办],,国际经济与贸易,,,496,52355,01,,
2393,青岛城市学院[民办],,外国语言文学类,,,483,60848,02,,
2393,青岛城市学院[民办],,市场营销,,,492,54857,03,,
2393,青岛城市学院[民办],,会计学,,,522,36684,04,,
2393,青岛城市学院[民办],,财务管理,,,518,38958,05,,
2393,青岛城市学院[民办],,审计学,,,519,38388,06,,
2393,青岛城市学院[民办],,物流管理,,,500,49775,07,,
2393,青岛城市学院[民办],,跨境电子商务,,,492,54857,08,,
2394,青岛电影学院(青岛市)[民办],,新闻学,,,477,64897,01,,
2394,青岛电影学院(青岛市)[民办],,广告学,,,478,64257,02,,
2394,青岛电影学院(青岛市)[民办],,网络与新媒体,,,481,62196,03,,
2394,青岛电影学院(青岛市)[民办],,电影学,,,,,04,原表空白（未公布投档最低分）,
2394,青岛电影学院(青岛市)[民办],,戏剧影视文学,,,,,05,原表空白（未公布投档最低分）,
2394,青岛电影学院(青岛市)[民办],,广播电视编导,,,,,06,原表空白（未公布投档最低分）,
2394,青岛电影学院(青岛市)[民办],,影视技术,,,477,64897,07,,
2395,青岛工学院[民办],,知识产权,,,509,44239,01,,
2395,青岛工学院[民办],,社会工作,,,500,49775,02,,
2395,青岛工学院[民办],,汉语言文学,,,523,36127,03,,
2395,青岛工学院[民办],,英语,,,509,44239,04,,
2395,青岛工学院[民办],,应用心理学,,,501,49149,05,,
2395,青岛工学院[民办],,工商管理,,,502,48511,06,,
2395,青岛工学院[民办],,国际商务,,,498,51070,07,,
2395,青岛工学院[民办],,审计学,,,515,40662,08,,
2395,青岛工学院[民办],,电子商务,,,500,49775,09,,
2397,青岛恒星科技学院[民办],,社会工作,,,485,59535,01,,
2397,青岛恒星科技学院[民办],,汉语言文学,,,508,44877,02,,
2397,青岛恒星科技学院[民办],,汉语国际教育,,,494,53596,03,,
2397,青岛恒星科技学院[民办],,护理学,,,481,62196,04,,
2397,青岛恒星科技学院[民办],,工商管理,,,493,54207,05,,
2397,青岛恒星科技学院[民办],,会计学,,,504,47300,06,,
2397,青岛恒星科技学院[民办],,国际商务,,,481,62196,07,,
2397,青岛恒星科技学院[民办],,人力资源管理,,,491,55552,08,,
2397,青岛恒星科技学院[民办],,酒店管理,,,484,60189,09,,
2398,青岛黄海学院[民办],,学前教育,,,490,56213,01,,
2398,青岛黄海学院[民办],,汉语言文学,,,509,44239,02,,
2398,青岛黄海学院[民办],,会计学,,,506,46082,03,,
2398,青岛黄海学院[民办],,财务管理,,,505,46711,04,,
2398,青岛黄海学院[民办],,国际商务,,,491,55552,05,,
2398,青岛黄海学院[民办],,物流管理,,,495,52965,06,,
2406,泉州信息工程学院[民办],,财务管理,,,496,52355,01,,
2406,泉州信息工程学院[民办],,国际商务,,,484,60189,02,,
2406,泉州信息工程学院[民办],,审计学,,,501,49149,03,,
2407,泉州职业技术大学[民办],,大数据与财务管理,,,489,56862,01,,
2407,泉州职业技术大学[民办],,大数据与会计,,,487,58171,02,,
2410,三江学院[民办],,知识产权,,,516,40076,01,,
2410,三江学院[民办],,电子商务及法律,,,498,51070,02,,
2415,三亚学院[民办],,保险学(保险科技),,,,,01,原表空白（未公布投档最低分）,
2415,三亚学院[民办],,投资学(量化投资),,,481,62196,02,,
2415,三亚学院[民办],,经济与金融,,,,,03,原表空白（未公布投档最低分）,
2415,三亚学院[民办],,国际经济与贸易,,,491,55552,04,,
2415,三亚学院[民办],,法学,,,497,51705,05,,
2415,三亚学院[民办],,法学(自贸港法律),,,488,57521,06,,
2415,三亚学院[民办],,社会学,,,491,55552,07,,
2415,三亚学院[民办],,思想政治教育,,,478,64257,08,,
2415,三亚学院[民办],,电子竞技运动与管理,,,,,09,原表空白（未公布投档最低分）,
2415,三亚学院[民办],,汉语言文学,,,477,64897,10,,
2415,三亚学院[民办],,汉语国际教育,,,,,11,原表空白（未公布投档最低分）,
2415,三亚学院[民办],,汉语国际教育(国际幼儿教育),,,,,12,原表空白（未公布投档最低分）,
2415,三亚学院[民办],,英语,,,,,13,原表空白（未公布投档最低分）,
2415,三亚学院[民办],,俄语,,,493,54207,14,,
2415,三亚学院[民办],,语言学(语言科技),,,,,15,原表空白（未公布投档最低分）,
2415,三亚学院[民办],,翻译(智能语言与翻译项目管理),,,,,16,原表空白（未公布投档最低分）,
2415,三亚学院[民办],,广告学(数字传播),,,,,17,原表空白（未公布投档最低分）,
2415,三亚学院[民办],,网络与新媒体,,,477,64897,18,,
2415,三亚学院[民办],,时尚传播,,,,,19,原表空白（未公布投档最低分）,
2415,三亚学院[民办],,工商管理,,,485,59535,20,,
2415,三亚学院[民办],,市场营销(数字营销),,,,,21,原表空白（未公布投档最低分）,
2415,三亚学院[民办],,会计学,,,477,64897,22,,
2415,三亚学院[民办],,财务管理,,,477,64897,23,,
2415,三亚学院[民办],,人力资源管理,,,,,24,原表空白（未公布投档最低分）,
2415,三亚学院[民办],,行政管理,,,479,63585,25,,
2415,三亚学院[民办],,健康服务与管理,,,,,26,原表空白（未公布投档最低分）,
2415,三亚学院[民办],,物流管理,,,,,27,原表空白（未公布投档最低分）,
2415,三亚学院[民办],,供应链管理,,,483,60848,28,,
2415,三亚学院[民办],,跨境电子商务,,,,,29,原表空白（未公布投档最低分）,
2415,三亚学院[民办],,旅游管理(智慧旅游大数据),,,,,30,原表空白（未公布投档最低分）,
2415,三亚学院[民办],,酒店管理(奢华品牌运营与管理),,,,,31,原表空白（未公布投档最低分）,
2415,三亚学院[民办],,会展经济与管理,,,,,32,原表空白（未公布投档最低分）,
2415,三亚学院[民办],,艺术管理,,,,,33,原表空白（未公布投档最低分）,
2415,三亚学院[民办],,国际经济与贸易(中外合作办学),,,484,60189,34,,
2419,山东华宇工学院(德州市)[民办],,商务英语,,,496,52355,01,,
2419,山东华宇工学院(德州市)[民办],,财务管理,,,506,46082,02,,
2422,山东外国语职业技术大学(日照市)[民办],,大数据与会计,,,513,41828,01,,
2422,山东外国语职业技术大学(日照市)[民办],,国际经济与贸易,,,504,47300,02,,
2422,山东外国语职业技术大学(日照市)[民办],,电子商务,,,494,53596,03,,
2422,山东外国语职业技术大学(日照市)[民办],,旅游管理,,,490,56213,04,,
2422,山东外国语职业技术大学(日照市)[民办],,应用英语,,,496,52355,05,,
2425,山东现代学院(济南市)[民办],,学前教育(师范类),,,502,48511,01,,
2425,山东现代学院(济南市)[民办],,汉语国际教育,,,503,47901,02,,
2425,山东现代学院(济南市)[民办],,市场营销,,,493,54207,03,,
2425,山东现代学院(济南市)[民办],,财务管理,,,514,41275,04,,
2425,山东现代学院(济南市)[民办],,物流管理,,,501,49149,05,,
2426,山东协和学院[民办],,护理学,,,501,49149,01,,
2426,山东协和学院[民办],,会计学,,,516,40076,02,,
2426,山东协和学院[民办],,财务管理,,,513,41828,03,,
2426,山东协和学院[民办],,审计学,,,514,41275,04,,
2426,山东协和学院[民办],,旅游管理,,,505,46711,05,,
2428,山东英才学院[民办],,学前教育,,,484,60189,01,,
2428,山东英才学院[民办],,护理学,,,478,64257,02,,
2428,山东英才学院[民办],,市场营销,,,477,64897,03,,
2429,山西工商学院[民办],,互联网金融,,,508,44877,01,,
2429,山西工商学院[民办],,家政学,,,509,44239,02,,
2429,山西工商学院[民办],,学前教育,,,508,44877,03,,
2429,山西工商学院[民办],,运动康复,,,508,44877,04,,
2429,山西工商学院[民办],,工商管理,,,512,42421,05,,
2429,山西工商学院[民办],,会计学,,,515,40662,06,,
2429,山西工商学院[民办],,健康服务与管理,,,511,43048,07,,
2430,山西晋中理工学院[民办],,经济学,,,509,44239,01,,
2430,山西晋中理工学院[民办],,互联网金融,,,507,45438,02,,
2430,山西晋中理工学院[民办],,国际经济与贸易,,,508,44877,03,,
2434,山西应用科技学院[民办],,学前教育,,,506,46082,01,,
2434,山西应用科技学院[民办],,风景园林,,,506,46082,02,,
2434,山西应用科技学院[民办],,财务管理,,,517,39505,03,,
2434,山西应用科技学院[民办],,审计学,,,516,40076,04,,
2434,山西应用科技学院[民办],,物流管理,,,508,44877,05,,
2434,山西应用科技学院[民办],,电子商务,,,506,46082,06,,
2436,陕西服装工程学院[民办],,会计学,,,496,52355,01,,
2436,陕西服装工程学院[民办],,财务管理,,,489,56862,02,,
2436,陕西服装工程学院[民办],,健康服务与管理,,,477,64897,03,,
2437,陕西国际商贸学院[民办],,汉语言文学,,,503,47901,01,,
2437,陕西国际商贸学院[民办],,财务管理,,,501,49149,02,,
2437,陕西国际商贸学院[民办],,审计学,,,499,50419,03,,
2447,上海建桥学院[民办],,国际经济与贸易,,,495,52965,01,,
2447,上海建桥学院[民办],,小学教育,,,491,55552,02,,
2447,上海建桥学院[民办],,秘书学,,,496,52355,03,,
2447,上海建桥学院[民办],,德语,,,486,58842,04,,
2447,上海建桥学院[民办],,工商管理,,,494,53596,05,,
2448,上海立达学院[民办],,汉语言文学,,,,,01,原表空白（未公布投档最低分）,
2448,上海立达学院[民办],,应用心理学,,,,,02,原表空白（未公布投档最低分）,
2448,上海立达学院[民办],,会计学,,,484,60189,03,,
2448,上海立达学院[民办],,财务管理,,,486,58842,04,,
2450,上海杉达学院[民办],,金融学(双语教学),,,527,33954,01,,
2450,上海杉达学院[民办],,国际经济与贸易,,,532,31323,02,,
2450,上海杉达学院[民办],,英语,,,511,43048,03,,
2450,上海杉达学院[民办],,网络与新媒体,,,520,37811,04,,
2450,上海杉达学院[民办],,人力资源管理,,,509,44239,05,,
2450,上海杉达学院[民办],,劳动与社会保障,,,495,52965,06,,
2451,上海视觉艺术学院[民办],,文化产业管理,,,512,42421,01,,
2454,上海中侨职业技术大学[民办],,汽车服务工程技术,,,494,53596,01,,
2454,上海中侨职业技术大学[民办],,护理,,,481,62196,02,,
2454,上海中侨职业技术大学[民办],,金融科技应用,,,,,03,原表空白（未公布投档最低分）,
2454,上海中侨职业技术大学[民办],,大数据与会计,,,486,58842,04,,
2454,上海中侨职业技术大学[民办],,企业数字化管理,,,,,05,原表空白（未公布投档最低分）,
2454,上海中侨职业技术大学[民办],,全媒体电商运营,,,479,63585,06,,
2454,上海中侨职业技术大学[民办],,现代物流管理,,,491,55552,07,,
2454,上海中侨职业技术大学[民办],,烹饪与餐饮管理,,,495,52965,08,,
2457,沈阳城市建设学院[民办],,城乡规划,,,487,58171,01,,
2457,沈阳城市建设学院[民办],,工商管理,,,487,58171,02,,
2457,沈阳城市建设学院[民办],,会计学,,,496,52355,03,,
2458,沈阳城市学院[民办],,金融学,,,488,57521,01,,
2458,沈阳城市学院[民办],,汉语言文学,,,501,49149,02,,
2458,沈阳城市学院[民办],,英语,,,478,64257,03,,
2458,沈阳城市学院[民办],,网络与新媒体,,,497,51705,04,,
2458,沈阳城市学院[民办],,应用心理学,,,486,58842,05,,
2458,沈阳城市学院[民办],,财务管理,,,495,52965,06,,
2458,沈阳城市学院[民办],,人力资源管理,,,488,57521,07,,
2458,沈阳城市学院[民办],,健康服务与管理,,,484,60189,08,,
2458,沈阳城市学院[民办],,旅游管理,,,477,64897,09,,
2458,沈阳城市学院[民办],,酒店管理,,,,,10,原表空白（未公布投档最低分）,
2459,沈阳工学院[民办],,金融学,,,491,55552,01,,
2459,沈阳工学院[民办],,学前教育,,,477,64897,02,,
2459,沈阳工学院[民办],,网络与新媒体,,,485,59535,03,,
2459,沈阳工学院[民办],,市场营销,,,481,62196,04,,
2459,沈阳工学院[民办],,会计学,,,500,49775,05,,
2459,沈阳工学院[民办],,人力资源管理,,,491,55552,06,,
2460,沈阳科技学院[民办],,金融学,,,489,56862,01,,
2460,沈阳科技学院[民办],,网络与新媒体,,,491,55552,02,,
2460,沈阳科技学院[民办],,会计学,,,495,52965,03,,
2460,沈阳科技学院[民办],,审计学,,,496,52355,04,,
2475,四川传媒学院[民办],,广告学,,,519,38388,01,,
2475,四川传媒学院[民办],,网络与新媒体,,,515,40662,02,,
2475,四川传媒学院[民办],,文化产业管理,,,510,43673,03,,
2475,四川传媒学院[民办],,艺术管理,,,500,49775,04,,
2475,四川传媒学院[民办],,电影学,,,492,54857,05,,
2475,四川传媒学院[民办],,戏剧影视文学,,,499,50419,06,,
2475,四川传媒学院[民办],,广播电视编导,,,497,51705,07,,
2475,四川传媒学院[民办],,影视技术,,,497,51705,08,,
2476,四川电影电视学院[民办],,网络与新媒体,,,517,39505,01,,
2476,四川电影电视学院[民办],,戏剧影视文学,,,513,41828,02,,
2476,四川电影电视学院[民办],,广播电视编导,,,505,46711,03,,
2478,四川工商学院[民办],,会计学,,,516,40076,01,,
2478,四川工商学院[民办],,电子商务,,,507,45438,02,,
2479,四川工业科技学院(德阳市)[民办],,财务管理,,,512,42421,01,,
2486,四川文化艺术学院(绵阳市)[民办],,应用心理学,,,506,46082,01,,
2486,四川文化艺术学院(绵阳市)[民办],,历史建筑保护工程,,,496,52355,02,,
2486,四川文化艺术学院(绵阳市)[民办],,物流管理,,,507,45438,03,,
2486,四川文化艺术学院(绵阳市)[民办],,会展经济与管理,,,505,46711,04,,
2499,泰山科技学院[民办],,法学,,,506,46082,01,,
2499,泰山科技学院[民办],,会计学,,,501,49149,02,,
2499,泰山科技学院[民办],,电子商务,,,479,63585,03,,
2505,天津传媒学院[民办],,汉语言文学,,,504,47300,01,,
2505,天津传媒学院[民办],,英语,,,495,52965,02,,
2505,天津传媒学院[民办],,文化产业管理,,,485,59535,03,,
2505,天津传媒学院[民办],,戏剧影视文学,,,477,64897,04,,
2505,天津传媒学院[民办],,广播电视编导,,,479,63585,05,,
2506,天津仁爱学院[民办],,法学,,,518,38958,01,,
2506,天津仁爱学院[民办],,英语,,,487,58171,02,,
2506,天津仁爱学院[民办],,商务英语,,,486,58842,03,,
2506,天津仁爱学院[民办],,传播学,,,500,49775,04,,
2506,天津仁爱学院[民办],,财务管理,,,517,39505,05,,
2507,天津天狮学院[民办],,金融学类,,,514,41275,01,,
2507,天津天狮学院[民办],,汉语国际教育,,,502,48511,02,,
2507,天津天狮学院[民办],,英语,,,495,52965,03,,
2507,天津天狮学院[民办],,工商管理类,,,499,50419,04,,
2507,天津天狮学院[民办],,劳动与社会保障,,,495,52965,05,,
2507,天津天狮学院[民办],,电子商务,,,505,46711,06,,
2515,温州商学院[民办],,税收学(国际班),,,487,58171,01,,
2515,温州商学院[民办],,税收学,,,495,52965,02,,
2515,温州商学院[民办],,金融学(国际班),,,485,59535,03,,
2515,温州商学院[民办],,金融学,,,494,53596,04,,
2515,温州商学院[民办],,国际经济与贸易(国际班),,,507,45438,05,,
2515,温州商学院[民办],,国际经济与贸易,,,499,50419,06,,
2515,温州商学院[民办],,新闻传播学类(国际班),,,,,07,原表空白（未公布投档最低分）,
2515,温州商学院[民办],,新闻传播学类,,,499,50419,08,,
2515,温州商学院[民办],,时尚传播(国际班),,,483,60848,09,,
2515,温州商学院[民办],,时尚传播,,,483,60848,10,,
2515,温州商学院[民办],,工商管理类(国际班),,,485,59535,11,,
2515,温州商学院[民办],,工商管理类,,,502,48511,12,,
2515,温州商学院[民办],,会计学(国际班),,,489,56862,13,,
2515,温州商学院[民办],,会计学,,,506,46082,14,,
2516,文华学院[民办],,金融学,,,509,44239,01,,
2516,文华学院[民办],,法学,,,524,35601,02,,
2516,文华学院[民办],,汉语言文学,,,518,38958,03,,
2516,文华学院[民办],,英语,,,502,48511,04,,
2516,文华学院[民办],,新闻学,,,511,43048,05,,
2516,文华学院[民办],,网络与新媒体,,,509,44239,06,,
2516,文华学院[民办],,工商管理(数字化运营、低空物流),,,507,45438,07,,
2516,文华学院[民办],,会计学,,,522,36684,08,,
2516,文华学院[民办],,财务管理,,,519,38388,09,,
2516,文华学院[民办],,电子商务(电商数智化运营),,,503,47901,10,,
2518,无锡太湖学院[民办],,国际经济与贸易,,,510,43673,01,,
2518,无锡太湖学院[民办],,工商管理,,,510,43673,02,,
2518,无锡太湖学院[民办],,市场营销,,,499,50419,03,,
2518,无锡太湖学院[民办],,会计学,,,516,40076,04,,
2518,无锡太湖学院[民办],,财务管理,,,515,40662,05,,
2518,无锡太湖学院[民办],,人力资源管理,,,508,44877,06,,
2518,无锡太湖学院[民办],,审计学,,,515,40662,07,,
2518,无锡太湖学院[民办],,旅游管理,,,505,46711,08,,
2520,武昌工学院[民办],,国际经济与贸易,,,494,53596,01,,
2520,武昌工学院[民办],,学前教育,,,493,54207,02,,
2520,武昌工学院[民办],,汉语国际教育,,,497,51705,03,,
2520,武昌工学院[民办],,工商管理(数字化运营方向),,,499,50419,04,,
2520,武昌工学院[民办],,会计学(注册会计师方向),,,510,43673,05,,
2520,武昌工学院[民办],,财务管理(大数据财务分析与决策方向),,,509,44239,06,,
2520,武昌工学院[民办],,人力资源管理,,,500,49775,07,,
2521,武昌理工学院[民办],,汉语言文学,,,512,42421,01,,
2521,武昌理工学院[民办],,工商管理(精英班),,,495,52965,02,,
2522,武昌首义学院[民办],,法学,,,543,25909,01,,
2522,武昌首义学院[民办],,小学教育,,,509,44239,02,,
2522,武昌首义学院[民办],,汉语言文学,,,525,35052,03,,
2522,武昌首义学院[民办],,外国语言文学类,,,499,50419,04,,
2522,武昌首义学院[民办],,会计学,,,523,36127,05,,
2522,武昌首义学院[民办],,会计学(英国皇家特许管理会计师方向),,,516,40076,06,,
2522,武昌首义学院[民办],,财务管理(大数据财务方向),,,518,38958,07,,
2525,武汉城市学院[民办],,英语,,,510,43673,01,,
2525,武汉城市学院[民办],,城乡规划,,,505,46711,02,,
2525,武汉城市学院[民办],,工商管理,,,508,44877,03,,
2525,武汉城市学院[民办],,会计学,,,522,36684,04,,
2525,武汉城市学院[民办],,财务管理,,,519,38388,05,,
2526,武汉传媒学院[民办],,汉语言文学,,,516,40076,01,,
2526,武汉传媒学院[民办],,英语(传媒语言服务方向),,,508,44877,02,,
2527,武汉东湖学院[民办],,金融学,,,505,46711,01,,
2527,武汉东湖学院[民办],,法学,,,525,35052,02,,
2527,武汉东湖学院[民办],,零售业管理,,,504,47300,03,,
2528,武汉工程科技学院[民办],,汉语言文学,,,506,46082,01,,
2531,武汉华夏理工学院[民办],,商务英语,,,497,51705,01,,
2531,武汉华夏理工学院[民办],,会计学,,,514,41275,02,,
2532,武汉晴川学院[民办],,国际经济与贸易,,,500,49775,01,,
2532,武汉晴川学院[民办],,商务英语,,,501,49149,02,,
2532,武汉晴川学院[民办],,物流管理,,,502,48511,03,,
2532,武汉晴川学院[民办],,广播电视编导,,,495,52965,04,,
2535,武汉生物工程学院[民办],,汉语言文学,,,518,38958,01,,
2535,武汉生物工程学院[民办],,英语,,,505,46711,02,,
2535,武汉生物工程学院[民办],,财务管理,,,515,40662,03,,
2537,武汉文理学院[民办],,金融学(量化投资与大数据分析),,,511,43048,01,,
2537,武汉文理学院[民办],,国际经济与贸易(全球供应链),,,514,41275,02,,
2537,武汉文理学院[民办],,法学,,,538,28223,03,,
2537,武汉文理学院[民办],,教育学,,,500,49775,04,,
2537,武汉文理学院[民办],,学前教育,,,510,43673,05,,
2537,武汉文理学院[民办],,小学教育,,,512,42421,06,,
2537,武汉文理学院[民办],,汉语言文学,,,519,38388,07,,
2537,武汉文理学院[民办],,广告学,,,513,41828,08,,
2537,武汉文理学院[民办],,护理学,,,505,46711,09,,
2537,武汉文理学院[民办],,行政管理,,,510,43673,10,,
2539,武汉学院[民办],,税收学,,,523,36127,01,,
2539,武汉学院[民办],,金融学(数字金融方向),,,518,38958,02,,
2539,武汉学院[民办],,法学,,,544,25427,03,,
2539,武汉学院[民办],,英语,,,509,44239,04,,
2539,武汉学院[民办],,会计学(数智会计),,,536,29242,05,,
2542,西安翻译学院[民办],,国际经济与贸易,,,490,56213,01,,
2542,西安翻译学院[民办],,汉语言文学,,,505,46711,02,,
2542,西安翻译学院[民办],,俄语,,,477,64897,03,,
2542,西安翻译学院[民办],,创业管理,,,488,57521,04,,
2544,西安工商学院[民办],,网络与新媒体,,,496,52355,01,,
2544,西安工商学院[民办],,财务管理,,,504,47300,02,,
2544,西安工商学院[民办],,人力资源管理,,,489,56862,03,,
2544,西安工商学院[民办],,跨境电子商务,,,484,60189,04,,
2546,西安交通工程学院[民办],,学前教育,,,501,49149,01,,
2546,西安交通工程学院[民办],,财务管理,,,506,46082,02,,
2547,西安明德理工学院(西安市)[民办],,金融学,,,492,54857,01,,
2547,西安明德理工学院(西安市)[民办],,国际经济与贸易,,,494,53596,02,,
2547,西安明德理工学院(西安市)[民办],,英语,,,494,53596,03,,
2547,西安明德理工学院(西安市)[民办],,市场营销,,,507,45438,04,,
2547,西安明德理工学院(西安市)[民办],,会计学,,,507,45438,05,,
2547,西安明德理工学院(西安市)[民办],,审计学,,,504,47300,06,,
2548,西安欧亚学院[民办],,金融学,,,506,46082,01,,
2548,西安欧亚学院[民办],,教育学,,,497,51705,02,,
2548,西安欧亚学院[民办],,学前教育,,,489,56862,03,,
2548,西安欧亚学院[民办],,英语,,,499,50419,04,,
2548,西安欧亚学院[民办],,新闻学,,,503,47901,05,,
2548,西安欧亚学院[民办],,网络与新媒体,,,503,47901,06,,
2548,西安欧亚学院[民办],,数字出版,,,498,51070,07,,
2548,西安欧亚学院[民办],,应用心理学,,,487,58171,08,,
2548,西安欧亚学院[民办],,工商管理,,,499,50419,09,,
2548,西安欧亚学院[民办],,市场营销,,,493,54207,10,,
2548,西安欧亚学院[民办],,会计学,,,512,42421,11,,
2548,西安欧亚学院[民办],,财务管理,,,507,45438,12,,
2548,西安欧亚学院[民办],,国际商务,,,493,54207,13,,
2548,西安欧亚学院[民办],,人力资源管理,,,500,49775,14,,
2548,西安欧亚学院[民办],,审计学,,,507,45438,15,,
2548,西安欧亚学院[民办],,供应链管理,,,495,52965,16,,
2548,西安欧亚学院[民办],,旅游管理,,,490,56213,17,,
2548,西安欧亚学院[民办],,广播电视编导,,,488,57521,18,,
2549,西安培华学院[民办],,法学,,,531,31846,01,,
2549,西安培华学院[民办],,学前教育,,,502,48511,02,,
2549,西安培华学院[民办],,汉语言文学,,,527,33954,03,,
2549,西安培华学院[民办],,汉语国际教育,,,509,44239,04,,
2549,西安培华学院[民办],,英语,,,509,44239,05,,
2549,西安培华学院[民办],,日语,,,503,47901,06,,
2549,西安培华学院[民办],,网络与新媒体,,,513,41828,07,,
2549,西安培华学院[民办],,护理学,,,502,48511,08,,
2549,西安培华学院[民办],,会计学,,,522,36684,09,,
2549,西安培华学院[民办],,财务管理,,,518,38958,10,,
2549,西安培华学院[民办],,资产评估,,,499,50419,11,,
2549,西安培华学院[民办],,电子商务,,,506,46082,12,,
2549,西安培华学院[民办],,广播电视编导,,,481,62196,13,,
2550,西安汽车职业大学[民办],,城市轨道交通智能运营,,,494,53596,01,,
2550,西安汽车职业大学[民办],,大数据与财务管理,,,494,53596,02,,
2550,西安汽车职业大学[民办],,市场营销,,,485,59535,03,,
2550,西安汽车职业大学[民办],,现代物流管理,,,490,56213,04,,
2550,西安汽车职业大学[民办],,网络与新媒体,,,493,54207,05,,
2551,西安思源学院[民办],,国际经济与贸易,,,504,47300,01,,
2551,西安思源学院[民办],,教育学,,,508,44877,02,,
2551,西安思源学院[民办],,艺术教育,,,480,62894,03,,
2551,西安思源学院[民办],,学前教育,,,494,53596,04,,
2551,西安思源学院[民办],,小学教育,,,511,43048,05,,
2551,西安思源学院[民办],,中国语言文学类,,,514,41275,06,,
2551,西安思源学院[民办],,英语,,,499,50419,07,,
2551,西安思源学院[民办],,广告学,,,477,64897,08,,
2551,西安思源学院[民办],,网络与新媒体,,,505,46711,09,,
2551,西安思源学院[民办],,建筑学,,,481,62196,10,,
2551,西安思源学院[民办],,护理学,,,501,49149,11,,
2551,西安思源学院[民办],,工商管理类,,,505,46711,12,,
2551,西安思源学院[民办],,财务管理,,,512,42421,13,,
2551,西安思源学院[民办],,电子商务,,,495,52965,14,,
2552,西安外事学院[民办],,经济与金融,,,486,58842,01,,
2552,西安外事学院[民办],,小学教育,,,496,52355,02,,
2552,西安外事学院[民办],,汉语言文学,,,504,47300,03,,
2552,西安外事学院[民办],,汉语国际教育,,,496,52355,04,,
2552,西安外事学院[民办],,英语,,,494,53596,05,,
2552,西安外事学院[民办],,日语,,,495,52965,06,,
2552,西安外事学院[民办],,物流管理,,,487,58171,07,,
2552,西安外事学院[民办],,广播电视编导,,,485,59535,08,,
2553,西安信息职业大学[民办],,金融科技应用,,,485,59535,01,,
2553,西安信息职业大学[民办],,电子商务,,,490,56213,02,,
2555,西京学院[民办],,国际经济与贸易,,,506,46082,01,,
2555,西京学院[民办],,新闻学,,,504,47300,02,,
2555,西京学院[民办],,网络与新媒体,,,506,46082,03,,
2555,西京学院[民办],,会计学,,,514,41275,04,,
2555,西京学院[民办],,财务管理,,,510,43673,05,,
2555,西京学院[民办],,审计学,,,512,42421,06,,
2555,西京学院[民办],,城市管理,,,494,53596,07,,
2555,西京学院[民办],,电子商务,,,502,48511,08,,
2558,厦门工学院[民办],,国际经济与贸易,,,488,57521,01,,
2558,厦门工学院[民办],,汉语言文学,,,505,46711,02,,
2558,厦门工学院[民办],,商务英语,,,492,54857,03,,
2558,厦门工学院[民办],,网络与新媒体,,,488,57521,04,,
2558,厦门工学院[民办],,市场营销,,,484,60189,05,,
2558,厦门工学院[民办],,财务管理,,,494,53596,06,,
2565,湘潭理工学院[民办],,国际经济与贸易,,,497,51705,01,,
2565,湘潭理工学院[民办],,工商管理,,,500,49775,02,,
2565,湘潭理工学院[民办],,电子商务,,,502,48511,03,,
2570,新疆天山职业技术大学[民办],,建筑装饰工程,,,502,48511,01,,
2570,新疆天山职业技术大学[民办],,民航运输服务与管理,,,508,44877,02,,
2570,新疆天山职业技术大学[民办],,财税大数据应用,,,506,46082,03,,
2570,新疆天山职业技术大学[民办],,财税大数据应用,,,506,46082,04,,
2570,新疆天山职业技术大学[民办],,大数据与会计,,,510,43673,05,,
2570,新疆天山职业技术大学[民办],,国际经济与贸易,,,503,47901,06,,
2570,新疆天山职业技术大学[民办],,国际经济与贸易,,,504,47300,07,,
2570,新疆天山职业技术大学[民办],,电子商务,,,504,47300,08,,
2570,新疆天山职业技术大学[民办],,电子商务,,,497,51705,09,,
2570,新疆天山职业技术大学[民办],,现代物流管理,,,504,47300,10,,
2570,新疆天山职业技术大学[民办],,现代物流管理,,,498,51070,11,,
2570,新疆天山职业技术大学[民办],,旅游管理,,,505,46711,12,,
2570,新疆天山职业技术大学[民办],,旅游管理,,,490,56213,13,,
2570,新疆天山职业技术大学[民办],,全媒体新闻采编与制作,,,495,52965,14,,
2570,新疆天山职业技术大学[民办],,全媒体新闻采编与制作,,,493,54207,15,,
2570,新疆天山职业技术大学[民办],,学前教育,,,502,48511,16,,
2570,新疆天山职业技术大学[民办],,应用俄语,,,489,56862,17,,
2570,新疆天山职业技术大学[民办],,应用俄语,,,488,57521,18,,
2574,信阳学院[民办],,法学,,,532,31323,01,,
2574,信阳学院[民办],,汉语言文学,,,531,31846,02,,
2579,烟台科技学院(烟台市)[民办],,汉语言文学,,,519,38388,01,,
2579,烟台科技学院(烟台市)[民办],,新闻学,,,506,46082,02,,
2579,烟台科技学院(烟台市)[民办],,会计学,,,512,42421,03,,
2580,烟台理工学院[民办],,法学,,,524,35601,01,,
2580,烟台理工学院[民办],,汉语言文学,,,519,38388,02,,
2580,烟台理工学院[民办],,工商管理,,,504,47300,03,,
2580,烟台理工学院[民办],,会计学,,,516,40076,04,,
2580,烟台理工学院[民办],,人力资源管理,,,506,46082,05,,
2581,烟台南山学院[民办],,汉语国际教育,,,506,46082,01,,
2581,烟台南山学院[民办],,英语,,,509,44239,02,,
2581,烟台南山学院[民办],,服装设计与工程,,,498,51070,03,,
2581,烟台南山学院[民办],,工商管理,,,508,44877,04,,
2581,烟台南山学院[民办],,供应链管理,,,505,46711,05,,
2583,燕京理工学院(燕郊)[民办],,税收学,,,500,49775,01,,
2583,燕京理工学院(燕郊)[民办],,金融学,,,495,52965,02,,
2583,燕京理工学院(燕郊)[民办],,法学,,,506,46082,03,,
2583,燕京理工学院(燕郊)[民办],,学前教育,,,488,57521,04,,
2583,燕京理工学院(燕郊)[民办],,小学教育,,,494,53596,05,,
2583,燕京理工学院(燕郊)[民办],,汉语言文学,,,504,47300,06,,
2583,燕京理工学院(燕郊)[民办],,英语,,,490,56213,07,,
2583,燕京理工学院(燕郊)[民办],,商务英语,,,487,58171,08,,
2583,燕京理工学院(燕郊)[民办],,网络与新媒体,,,497,51705,09,,
2583,燕京理工学院(燕郊)[民办],,应用心理学,,,490,56213,10,,
2583,燕京理工学院(燕郊)[民办],,工商管理,,,496,52355,11,,
2583,燕京理工学院(燕郊)[民办],,会计学,,,503,47901,12,,
2583,燕京理工学院(燕郊)[民办],,财务管理,,,502,48511,13,,
2583,燕京理工学院(燕郊)[民办],,人力资源管理,,,495,52965,14,,
2583,燕京理工学院(燕郊)[民办],,审计学,,,502,48511,15,,
2583,燕京理工学院(燕郊)[民办],,戏剧影视文学,,,477,64897,16,,
2583,燕京理工学院(燕郊)[民办],,广播电视编导,,,478,64257,17,,
2583,燕京理工学院(燕郊)[民办],,影视技术,,,477,64897,18,,
2585,阳光学院(福州市)[民办],,金融学,,,477,64897,01,,
2585,阳光学院(福州市)[民办],,法学,,,504,47300,02,,
2585,阳光学院(福州市)[民办],,行政管理,,,,,03,原表空白（未公布投档最低分）,
2585,阳光学院(福州市)[民办],,跨境电子商务,,,479,63585,04,,
2586,仰恩大学[民办],,国际经济与贸易,,,495,52965,01,,
2587,银川科技学院[民办],,互联网金融,,,477,64897,01,,
2587,银川科技学院[民办],,学前教育,,,479,63585,02,,
2587,银川科技学院[民办],,小学教育,,,486,58842,03,,
2587,银川科技学院[民办],,汉语言文学,,,495,52965,04,,
2587,银川科技学院[民办],,汉语言文学(新闻与传播),,,492,54857,05,,
2587,银川科技学院[民办],,英语,,,,,06,原表空白（未公布投档最低分）,
2587,银川科技学院[民办],,网络与新媒体,,,491,55552,07,,
2587,银川科技学院[民办],,网络与新媒体(国际班),,,477,64897,08,,
2587,银川科技学院[民办],,应用心理学,,,479,63585,09,,
2587,银川科技学院[民办],,工商管理,,,479,63585,10,,
2587,银川科技学院[民办],,会计学,,,493,54207,11,,
2587,银川科技学院[民办],,会计学(国际班),,,478,64257,12,,
2587,银川科技学院[民办],,财务管理,,,489,56862,13,,
2587,银川科技学院[民办],,人力资源管理,,,477,64897,14,,
2588,银川能源学院[民办],,能源经济,,,482,61531,01,,
2588,银川能源学院[民办],,社会工作,,,478,64257,02,,
2588,银川能源学院[民办],,秘书学,,,485,59535,03,,
2588,银川能源学院[民办],,商务英语,,,,,04,原表空白（未公布投档最低分）,
2588,银川能源学院[民办],,风景园林,,,,,05,原表空白（未公布投档最低分）,
2588,银川能源学院[民办],,财务管理,,,487,58171,06,,
2588,银川能源学院[民办],,人力资源管理,,,478,64257,07,,
2588,银川能源学院[民办],,审计学,,,487,58171,08,,
2592,岳阳学院[民办],,汉语言文学,,,516,40076,01,,
2592,岳阳学院[民办],,新闻学,,,512,42421,02,,
2592,岳阳学院[民办],,广告学,,,496,52355,03,,
2592,岳阳学院[民办],,会计学,,,513,41828,04,,
2592,岳阳学院[民办],,人力资源管理,,,509,44239,05,,
2592,岳阳学院[民办],,电子商务,,,502,48511,06,,
2596,云南经济管理学院[民办],,小学教育,,,490,56213,01,,
2596,云南经济管理学院[民办],,建筑学,,,483,60848,02,,
2596,云南经济管理学院[民办],,财务管理,,,499,50419,03,,
2605,运城职业技术大学[民办],,建筑装饰工程,,,506,46082,01,,
2605,运城职业技术大学[民办],,护理,,,529,32927,02,,
2605,运城职业技术大学[民办],,康复治疗,,,521,37257,03,,
2605,运城职业技术大学[民办],,大数据与财务管理,,,513,41828,04,,
2605,运城职业技术大学[民办],,现代物流管理,,,510,43673,05,,
2605,运城职业技术大学[民办],,旅游管理,,,508,44877,06,,
2605,运城职业技术大学[民办],,智慧健康养老管理,,,510,43673,07,,
2607,张家界学院[民办],,护理学,,,,,01,原表空白（未公布投档最低分）,
2607,张家界学院[民办],,助产学,,,,,02,原表空白（未公布投档最低分）,
2607,张家界学院[民办],,会计学,,,515,40662,03,,
2607,张家界学院[民办],,旅游管理,,,492,54857,04,,
2610,浙江广厦建设职业技术大学[民办],,建筑设计,,,505,46711,01,,
2610,浙江广厦建设职业技术大学[民办],,园林景观工程,,,,,02,原表空白（未公布投档最低分）,
2610,浙江广厦建设职业技术大学[民办],,民航运输服务与管理,,,484,60189,03,,
2610,浙江广厦建设职业技术大学[民办],,智慧机场运行与管理,,,483,60848,04,,
2610,浙江广厦建设职业技术大学[民办],,大数据与会计,,,483,60848,05,,
2610,浙江广厦建设职业技术大学[民办],,企业数字化管理,,,478,64257,06,,
2610,浙江广厦建设职业技术大学[民办],,电子商务,,,479,63585,07,,
2610,浙江广厦建设职业技术大学[民办],,现代物流管理,,,477,64897,08,,
2611,浙江树人学院[民办],,公共事业管理,,,497,51705,01,,
2612,浙江越秀外国语学院[民办],,英语,,,494,53596,01,,
2612,浙江越秀外国语学院[民办],,法语,,,484,60189,02,,
2612,浙江越秀外国语学院[民办],,西班牙语,,,493,54207,03,,
2612,浙江越秀外国语学院[民办],,日语,,,481,62196,04,,
2612,浙江越秀外国语学院[民办],,朝鲜语,,,478,64257,05,,
2612,浙江越秀外国语学院[民办],,葡萄牙语,,,,,06,原表空白（未公布投档最低分）,
2612,浙江越秀外国语学院[民办],,翻译,,,486,58842,07,,
2612,浙江越秀外国语学院[民办],,商务英语,,,489,56862,08,,
2612,浙江越秀外国语学院[民办],,网络与新媒体(中外合作办学),,,484,60189,09,,
2613,郑州财经学院[民办],,金融学,,,515,40662,01,,
2613,郑州财经学院[民办],,国际经济与贸易,,,512,42421,02,,
2613,郑州财经学院[民办],,英语,,,512,42421,03,,
2613,郑州财经学院[民办],,网络与新媒体,,,517,39505,04,,
2613,郑州财经学院[民办],,工商管理,,,515,40662,05,,
2613,郑州财经学院[民办],,会计学,,,529,32927,06,,
2613,郑州财经学院[民办],,财务管理,,,520,37811,07,,
2613,郑州财经学院[民办],,电子商务,,,511,43048,08,,
2615,郑州工商学院[民办],,法学,,,518,38958,01,,
2615,郑州工商学院[民办],,英语,,,508,44877,02,,
2615,郑州工商学院[民办],,会计学,,,516,40076,03,,
2615,郑州工商学院[民办],,财务管理,,,514,41275,04,,
2616,郑州工业应用技术学院[民办],,学前教育,,,506,46082,01,,
2617,郑州经贸学院[民办],,英语,,,510,43673,01,,
2617,郑州经贸学院[民办],,广告学,,,511,43048,02,,
2617,郑州经贸学院[民办],,财务管理,,,518,38958,03,,
2618,郑州科技学院[民办],,经济学,,,514,41275,01,,
2618,郑州科技学院[民办],,国际经济与贸易,,,508,44877,02,,
2618,郑州科技学院[民办],,财务管理,,,518,38958,03,,
2621,郑州商学院[民办],,投资学,,,509,44239,01,,
2621,郑州商学院[民办],,国际经济与贸易,,,510,43673,02,,
2621,郑州商学院[民办],,商务英语,,,510,43673,03,,
2621,郑州商学院[民办],,工商管理,,,513,41828,04,,
2621,郑州商学院[民办],,会计学,,,523,36127,05,,
2621,郑州商学院[民办],,财务管理,,,519,38388,06,,
2621,郑州商学院[民办],,国际商务,,,508,44877,07,,
2621,郑州商学院[民办],,审计学,,,521,37257,08,,
2621,郑州商学院[民办],,跨境电子商务,,,508,44877,09,,
2622,郑州升达经贸管理学院[民办],,金融学,,,517,39505,01,,
2622,郑州升达经贸管理学院[民办],,学前教育,,,511,43048,02,,
2622,郑州升达经贸管理学院[民办],,日语,,,508,44877,03,,
2622,郑州升达经贸管理学院[民办],,商务英语,,,509,44239,04,,
2622,郑州升达经贸管理学院[民办],,广告学(新媒体广告),,,510,43673,05,,
2622,郑州升达经贸管理学院[民办],,会计学,,,521,37257,06,,
2622,郑州升达经贸管理学院[民办],,财务管理,,,519,38388,07,,
2622,郑州升达经贸管理学院[民办],,旅游管理(数字文旅),,,509,44239,08,,
2624,郑州西亚斯学院[民办],,国际经济与贸易,,,512,42421,01,,
2624,郑州西亚斯学院[民办],,英语,,,512,42421,02,,
2624,郑州西亚斯学院[民办],,会计学,,,518,38958,03,,
2627,中原科技学院[民办],,学前教育,,,509,44239,01,,
2627,中原科技学院[民办],,小学教育,,,519,38388,02,,
2627,中原科技学院[民办],,汉语言文学,,,527,33954,03,,
2627,中原科技学院[民办],,财务管理,,,523,36127,04,,
2629,珠海科技学院[民办],,金融学,,,528,33434,01,,
2629,珠海科技学院[民办],,投资学,,,518,38958,02,,
2629,珠海科技学院[民办],,社会工作,,,509,44239,03,,
2629,珠海科技学院[民办],,汉语言文学,,,531,31846,04,,
2629,珠海科技学院[民办],,广告学,,,510,43673,05,,
2629,珠海科技学院[民办],,会计学,,,534,30243,06,,
2629,珠海科技学院[民办],,财务管理,,,533,30800,07,,
2629,珠海科技学院[民办],,人力资源管理,,,517,39505,08,,
2629,珠海科技学院[民办],,行政管理,,,509,44239,09,,
