code,name,group,major,plan,admit,score,rank
0002,安徽财经大学(蚌埠市)[公办],,经济学类,,,560,36168
0002,安徽财经大学(蚌埠市)[公办],,经济统计学,,,560,36168
0002,安徽财经大学(蚌埠市)[公办],,财政学类,,,562,34751
0002,安徽财经大学(蚌埠市)[公办],,金融学类,,,572,28175
0002,安徽财经大学(蚌埠市)[公办],,金融学,,,571,28818
0002,安徽财经大学(蚌埠市)[公办],,经济与贸易类,,,556,39008
0002,安徽财经大学(蚌埠市)[公办],,法学,,,564,32737
0002,安徽财经大学(蚌埠市)[公办],,日语,,,555,39718
0002,安徽财经大学(蚌埠市)[公办],,商务英语,,,569,30021
0002,安徽财经大学(蚌埠市)[公办],,新闻传播学类,,,560,36168
0002,安徽财经大学(蚌埠市)[公办],,数学与应用数学,,,555,39718
0002,安徽财经大学(蚌埠市)[公办],,统计学类,,,560,36168
0002,安徽财经大学(蚌埠市)[公办],,电子信息类,,,557,38272
0002,安徽财经大学(蚌埠市)[公办],,计算机类,,,564,32737
0002,安徽财经大学(蚌埠市)[公办],,数据科学与大数据技术,,,561,35449
0002,安徽财经大学(蚌埠市)[公办],,管理科学与工程类,,,546,45883
0002,安徽财经大学(蚌埠市)[公办],,工商管理类,,,560,36168
0002,安徽财经大学(蚌埠市)[公办],,会计学,,,574,26972
0002,安徽财经大学(蚌埠市)[公办],,财务管理,,,572,28175
0002,安徽财经大学(蚌埠市)[公办],,国际商务,,,551,42759
0002,安徽财经大学(蚌埠市)[公办],,审计学,,,583,21718
0002,安徽财经大学(蚌埠市)[公办],,资产评估,,,559,36873
0002,安徽财经大学(蚌埠市)[公办],,公共管理类,,,553,41254
0002,安徽财经大学(蚌埠市)[公办],,物流管理,,,548,44990
0002,安徽财经大学(蚌埠市)[公办],,电子商务,,,554,40472
0002,安徽财经大学(蚌埠市)[公办],,旅游管理,,,539,52338
0002,安徽财经大学(蚌埠市)[公办],,应用统计学(中外合作办学),,,547,45772
0005,安徽大学[公办],,经济统计学,,,600,13430
0005,安徽大学[公办],,金融数学,,,601,13049
0005,安徽大学[公办],,法学类,,,606,11130
0005,安徽大学[公办],,数学类,,,602,12631
0005,安徽大学[公办],,物理学类,,,599,13858
0005,安徽大学[公办],,电子信息类,,,603,12248
0005,安徽大学[公办],,人工智能,,,601,13049
0005,安徽大学[公办],,自动化类,,,600,13430
0005,安徽大学[公办],,机器人工程,,,598,14272
0005,安徽大学[公办],,计算机类,,,606,11130
0005,安徽大学[公办],,计算机类,,,603,12248
0005,安徽大学[公办],,信息安全,,,601,13049
0005,安徽大学[公办],,会计学,,,603,12248
0005,安徽大学[公办],,应用物理学(中外合作办学),,,554,40472
0005,安徽大学[公办],,应用统计学(中外合作办学),,,562,34751
0005,安徽大学[公办],,数字媒体技术(中外合作办学),,,560,36168
0007,安徽工程大学(芜湖市)[公办],,测控技术与仪器,,,525,64228
0007,安徽工程大学(芜湖市)[公办],,自动化,,,529,60756
0007,安徽工程大学(芜湖市)[公办],,纺织类,,,511,76779
0010,安徽工业大学(马鞍山市)[公办],,经济统计学,,,540,51523
0010,安徽工业大学(马鞍山市)[公办],,金融学,,,549,44261
0010,安徽工业大学(马鞍山市)[公办],,法学,,,549,44261
0010,安徽工业大学(马鞍山市)[公办],,数学与应用数学,,,546,45883
0010,安徽工业大学(马鞍山市)[公办],,应用化学,,,537,53967
0010,安徽工业大学(马鞍山市)[公办],,化学生物学,,,532,58171
0010,安徽工业大学(马鞍山市)[公办],,机械工程,,,546,45883
0010,安徽工业大学(马鞍山市)[公办],,机械设计制造及其自动化,,,544,48201
0010,安徽工业大学(马鞍山市)[公办],,材料成型及控制工程,,,538,53169
0010,安徽工业大学(马鞍山市)[公办],,工业设计,,,540,51523
0010,安徽工业大学(马鞍山市)[公办],,车辆工程,,,540,51523
0010,安徽工业大学(马鞍山市)[公办],,测控技术与仪器,,,540,51523
0010,安徽工业大学(马鞍山市)[公办],,材料类,,,530,59831
0010,安徽工业大学(马鞍山市)[公办],,冶金工程,,,527,62507
0010,安徽工业大学(马鞍山市)[公办],,金属材料工程,,,532,58171
0010,安徽工业大学(马鞍山市)[公办],,高分子材料与工程,,,539,52338
0010,安徽工业大学(马鞍山市)[公办],,能源与动力工程,,,537,53967
0010,安徽工业大学(马鞍山市)[公办],,电气工程及其自动化,,,558,37566
0010,安徽工业大学(马鞍山市)[公办],,电子信息工程,,,551,42759
0010,安徽工业大学(马鞍山市)[公办],,通信工程,,,551,42759
0010,安徽工业大学(马鞍山市)[公办],,微电子科学与工程,,,554,40472
0010,安徽工业大学(马鞍山市)[公办],,人工智能,,,549,44261
0010,安徽工业大学(马鞍山市)[公办],,自动化,,,548,44990
0010,安徽工业大学(马鞍山市)[公办],,机器人工程,,,550,43499
0010,安徽工业大学(马鞍山市)[公办],,计算机类,,,551,42759
0010,安徽工业大学(马鞍山市)[公办],,数据科学与大数据技术,,,549,44261
0010,安徽工业大学(马鞍山市)[公办],,土木工程,,,536,54791
0010,安徽工业大学(马鞍山市)[公办],,建筑环境与能源应用工程,,,533,57317
0010,安徽工业大学(马鞍山市)[公办],,给排水科学与工程,,,533,57317
0010,安徽工业大学(马鞍山市)[公办],,化学工程与工艺,,,532,58171
0010,安徽工业大学(马鞍山市)[公办],,资源循环科学与工程,,,534,56478
0010,安徽工业大学(马鞍山市)[公办],,建筑学,,,549,44261
0010,安徽工业大学(马鞍山市)[公办],,安全工程,,,533,57317
0010,安徽工业大学(马鞍山市)[公办],,信息管理与信息系统,,,550,43499
0010,安徽工业大学(马鞍山市)[公办],,工程管理,,,537,53967
0010,安徽工业大学(马鞍山市)[公办],,工程造价,,,541,50682
0010,安徽工业大学(马鞍山市)[公办],,工商管理,,,541,50682
0010,安徽工业大学(马鞍山市)[公办],,会计学,,,553,41254
0017,安徽建筑大学(合肥市)[公办],,经济学,,,543,49037
0017,安徽建筑大学(合肥市)[公办],,金融工程,,,542,49854
0017,安徽建筑大学(合肥市)[公办],,法学,,,549,44261
0017,安徽建筑大学(合肥市)[公办],,应用物理学,,,528,61650
0017,安徽建筑大学(合肥市)[公办],,声学,,,532,58171
0017,安徽建筑大学(合肥市)[公办],,统计学,,,537,53967
0017,安徽建筑大学(合肥市)[公办],,机械设计制造及其自动化,,,542,49854
0017,安徽建筑大学(合肥市)[公办],,工业设计,,,539,52338
0017,安徽建筑大学(合肥市)[公办],,过程装备与控制工程,,,532,58171
0017,安徽建筑大学(合肥市)[公办],,金属材料工程,,,512,75821
0017,安徽建筑大学(合肥市)[公办],,无机非金属材料工程,,,512,75821
0017,安徽建筑大学(合肥市)[公办],,高分子材料与工程,,,531,58995
0017,安徽建筑大学(合肥市)[公办],,能源与动力工程,,,537,53967
0017,安徽建筑大学(合肥市)[公办],,电气工程及其自动化,,,545,47376
0017,安徽建筑大学(合肥市)[公办],,电子信息工程,,,545,47376
0017,安徽建筑大学(合肥市)[公办],,通信工程,,,543,49037
0017,安徽建筑大学(合肥市)[公办],,自动化,,,542,49854
0017,安徽建筑大学(合肥市)[公办],,计算机科学与技术,,,553,41254
0017,安徽建筑大学(合肥市)[公办],,网络工程,,,542,49854
0017,安徽建筑大学(合肥市)[公办],,土木工程,,,543,49037
0017,安徽建筑大学(合肥市)[公办],,建筑环境与能源应用工程,,,532,58171
0017,安徽建筑大学(合肥市)[公办],,给排水科学与工程,,,540,51523
0017,安徽建筑大学(合肥市)[公办],,建筑电气与智能化,,,542,49854
0017,安徽建筑大学(合肥市)[公办],,城市地下空间工程,,,534,56478
0017,安徽建筑大学(合肥市)[公办],,道路桥梁与渡河工程,,,539,52338
0017,安徽建筑大学(合肥市)[公办],,勘查技术与工程,,,524,65102
0017,安徽建筑大学(合肥市)[公办],,建筑学,,,595,15596
0017,安徽建筑大学(合肥市)[公办],,城乡规划,,,562,34751
0017,安徽建筑大学(合肥市)[公办],,风景园林,,,549,44261
0017,安徽建筑大学(合肥市)[公办],,安全工程,,,534,56478
0017,安徽建筑大学(合肥市)[公办],,工程管理,,,536,54791
0017,安徽建筑大学(合肥市)[公办],,房地产开发与管理,,,510,77713
0017,安徽建筑大学(合肥市)[公办],,工程造价,,,548,44990
0017,安徽建筑大学(合肥市)[公办],,会计学,,,547,45772
0017,安徽建筑大学(合肥市)[公办],,财务管理,,,546,45883
0017,安徽建筑大学(合肥市)[公办],,人力资源管理,,,536,54791
0017,安徽建筑大学(合肥市)[公办],,资产评估,,,532,58171
0017,安徽建筑大学(合肥市)[公办],,土地资源管理,,,531,58995
0017,安徽建筑大学(合肥市)[公办],,城市管理,,,530,59831
0019,安徽科技学院(蚌埠市)[公办],,金融工程,,,517,71252
0019,安徽科技学院(蚌埠市)[公办],,材料科学与工程,,,501,88132
0019,安徽科技学院(蚌埠市)[公办],,无机非金属材料工程,,,501,88132
0019,安徽科技学院(蚌埠市)[公办],,电气工程及其自动化,,,518,70350
0019,安徽科技学院(蚌埠市)[公办],,电子信息工程,,,519,69481
0019,安徽科技学院(蚌埠市)[公办],,光电信息科学与工程,,,509,78673
0019,安徽科技学院(蚌埠市)[公办],,计算机科学与技术,,,520,68600
0019,安徽科技学院(蚌埠市)[公办],,网络工程,,,526,63346
0019,安徽科技学院(蚌埠市)[公办],,建筑电气与智能化,,,514,73932
0019,安徽科技学院(蚌埠市)[公办],,城乡规划,,,505,82447
0019,安徽科技学院(蚌埠市)[公办],,工商管理,,,508,79620
0019,安徽科技学院(蚌埠市)[公办],,财务管理,,,514,73932
0019,安徽科技学院(蚌埠市)[公办],,物流管理,,,507,80550
0020,安徽理工大学(淮南市)[公办],,资源与环境经济学,,,531,58995
0020,安徽理工大学(淮南市)[公办],,网络与新媒体,,,550,43499
0020,安徽理工大学(淮南市)[公办],,数学与应用数学,,,538,53169
0020,安徽理工大学(淮南市)[公办],,信息与计算科学,,,545,47376
0020,安徽理工大学(淮南市)[公办],,应用物理学,,,535,55619
0020,安徽理工大学(淮南市)[公办],,应用化学,,,530,59831
0020,安徽理工大学(淮南市)[公办],,应用统计学,,,538,53169
0020,安徽理工大学(淮南市)[公办],,工程力学,,,531,58995
0020,安徽理工大学(淮南市)[公办],,机械设计制造及其自动化,,,537,53967
0020,安徽理工大学(淮南市)[公办],,机械电子工程,,,540,51523
0020,安徽理工大学(淮南市)[公办],,过程装备与控制工程,,,531,58995
0020,安徽理工大学(淮南市)[公办],,测控技术与仪器,,,532,58171
0020,安徽理工大学(淮南市)[公办],,无机非金属材料工程,,,522,66880
0020,安徽理工大学(淮南市)[公办],,高分子材料与工程,,,527,62507
0020,安徽理工大学(淮南市)[公办],,复合材料与工程,,,524,65102
0020,安徽理工大学(淮南市)[公办],,电气工程及其自动化,,,543,49037
0020,安徽理工大学(淮南市)[公办],,电子信息工程,,,553,41254
0020,安徽理工大学(淮南市)[公办],,通信工程,,,546,45883
0020,安徽理工大学(淮南市)[公办],,光电信息科学与工程,,,544,48201
0020,安徽理工大学(淮南市)[公办],,自动化,,,544,48201
0020,安徽理工大学(淮南市)[公办],,机器人工程,,,542,49854
0020,安徽理工大学(淮南市)[公办],,计算机科学与技术,,,550,43499
0020,安徽理工大学(淮南市)[公办],,信息安全,,,547,45772
0020,安徽理工大学(淮南市)[公办],,物联网工程,,,545,47376
0020,安徽理工大学(淮南市)[公办],,数字媒体技术,,,552,42004
0020,安徽理工大学(淮南市)[公办],,智能科学与技术,,,543,49037
0020,安徽理工大学(淮南市)[公办],,土木工程,,,537,53967
0020,安徽理工大学(淮南市)[公办],,建筑环境与能源应用工程,,,531,58995
0020,安徽理工大学(淮南市)[公办],,给排水科学与工程,,,528,61650
0020,安徽理工大学(淮南市)[公办],,城市地下空间工程,,,530,59831
0020,安徽理工大学(淮南市)[公办],,智能建造,,,539,52338
0020,安徽理工大学(淮南市)[公办],,水文与水资源工程,,,516,72111
0020,安徽理工大学(淮南市)[公办],,测绘工程,,,525,64228
0020,安徽理工大学(淮南市)[公办],,遥感科学与技术,,,531,58995
0020,安徽理工大学(淮南市)[公办],,导航工程,,,529,60756
0020,安徽理工大学(淮南市)[公办],,地理空间信息工程,,,528,61650
0020,安徽理工大学(淮南市)[公办],,化学工程与工艺,,,522,66880
0020,安徽理工大学(淮南市)[公办],,制药工程,,,526,63346
0020,安徽理工大学(淮南市)[公办],,资源循环科学与工程,,,524,65102
0020,安徽理工大学(淮南市)[公办],,能源化学工程,,,525,64228
0020,安徽理工大学(淮南市)[公办],,地质工程,,,525,64228
0020,安徽理工大学(淮南市)[公办],,勘查技术与工程,,,521,67756
0020,安徽理工大学(淮南市)[公办],,资源勘查工程,,,521,67756
0020,安徽理工大学(淮南市)[公办],,采矿工程,,,517,71252
0020,安徽理工大学(淮南市)[公办],,矿物加工工程,,,505,82447
0020,安徽理工大学(淮南市)[公办],,交通工程,,,528,61650
0020,安徽理工大学(淮南市)[公办],,弹药工程与爆炸技术,,,528,61650
0020,安徽理工大学(淮南市)[公办],,环境工程,,,531,58995
0020,安徽理工大学(淮南市)[公办],,风景园林,,,532,58171
0020,安徽理工大学(淮南市)[公办],,安全工程,,,534,56478
0020,安徽理工大学(淮南市)[公办],,应急技术与管理,,,529,60756
0020,安徽理工大学(淮南市)[公办],,消防工程,,,521,67756
0020,安徽理工大学(淮南市)[公办],,临床医学,,,542,49854
0020,安徽理工大学(淮南市)[公办],,预防医学,,,531,58995
0020,安徽理工大学(淮南市)[公办],,药学,,,525,64228
0020,安徽理工大学(淮南市)[公办],,信息管理与信息系统,,,539,52338
0020,安徽理工大学(淮南市)[公办],,工程管理,,,530,59831
0020,安徽理工大学(淮南市)[公办],,市场营销,,,528,61650
0020,安徽理工大学(淮南市)[公办],,会计学,,,540,51523
0020,安徽理工大学(淮南市)[公办],,人力资源管理,,,533,57317
0020,安徽理工大学(淮南市)[公办],,电子商务,,,533,57317
0020,安徽理工大学(淮南市)[公办],,机械电子工程(中外合作办学),,,518,70350
0022,安徽农业大学(合肥市)[公办],,经济学,,,544,48201
0022,安徽农业大学(合肥市)[公办],,金融学,,,539,52338
0022,安徽农业大学(合肥市)[公办],,国际经济与贸易,,,546,45883
0022,安徽农业大学(合肥市)[公办],,法学,,,542,49854
0022,安徽农业大学(合肥市)[公办],,社会工作,,,529,60756
0022,安徽农业大学(合肥市)[公办],,商务英语,,,547,45772
0022,安徽农业大学(合肥市)[公办],,应用化学,,,516,72111
0022,安徽农业大学(合肥市)[公办],,地理信息科学,,,533,57317
0022,安徽农业大学(合肥市)[公办],,生物科学类,,,538,53169
0022,安徽农业大学(合肥市)[公办],,生态学,,,518,70350
0022,安徽农业大学(合肥市)[公办],,应用心理学,,,537,53967
0022,安徽农业大学(合肥市)[公办],,机械类,,,537,53967
0022,安徽农业大学(合肥市)[公办],,材料科学与工程,,,523,65971
0022,安徽农业大学(合肥市)[公办],,电气工程及其自动化,,,549,44261
0022,安徽农业大学(合肥市)[公办],,电子信息类,,,539,52338
0022,安徽农业大学(合肥市)[公办],,计算机科学与技术,,,543,49037
0022,安徽农业大学(合肥市)[公办],,智能科学与技术,,,542,49854
0022,安徽农业大学(合肥市)[公办],,数据科学与大数据技术,,,540,51523
0022,安徽农业大学(合肥市)[公办],,土木工程,,,528,61650
0022,安徽农业大学(合肥市)[公办],,测绘工程,,,525,64228
0022,安徽农业大学(合肥市)[公办],,农业机械化及其自动化,,,524,65102
0022,安徽农业大学(合肥市)[公办],,农业水利工程,,,518,70350
0022,安徽农业大学(合肥市)[公办],,环境科学与工程类,,,528,61650
0022,安徽农业大学(合肥市)[公办],,食品科学与工程类,,,522,66880
0022,安徽农业大学(合肥市)[公办],,城乡规划,,,530,59831
0022,安徽农业大学(合肥市)[公办],,生物制药,,,529,60756
0022,安徽农业大学(合肥市)[公办],,植物生产类(I),,,512,75821
0022,安徽农业大学(合肥市)[公办],,植物生产类(II),,,515,73018
0022,安徽农业大学(合肥市)[公办],,植物保护,,,516,72111
0022,安徽农业大学(合肥市)[公办],,茶学,,,518,70350
0022,安徽农业大学(合肥市)[公办],,应用生物科学,,,522,66880
0022,安徽农业大学(合肥市)[公办],,动物科学,,,512,75821
0022,安徽农业大学(合肥市)[公办],,动物医学(含动医、动检方向),,,534,56478
0022,安徽农业大学(合肥市)[公办],,林学,,,522,66880
0022,安徽农业大学(合肥市)[公办],,林学(中外合作),,,459,125856
0022,安徽农业大学(合肥市)[公办],,园林,,,529,60756
0022,安徽农业大学(合肥市)[公办],,水产养殖学,,,505,82447
0022,安徽农业大学(合肥市)[公办],,食品卫生与营养学,,,530,59831
0022,安徽农业大学(合肥市)[公办],,工商管理类,,,542,49854
0022,安徽农业大学(合肥市)[公办],,农林经济管理,,,520,68600
0022,安徽农业大学(合肥市)[公办],,公共管理类,,,528,61650
0022,安徽农业大学(合肥市)[公办],,电子商务,,,534,56478
0022,安徽农业大学(合肥市)[公办],,旅游管理,,,532,58171
0026,安徽师范大学(芜湖市)[公办],,经济学类,,,545,47376
0026,安徽师范大学(芜湖市)[公办],,法学,,,552,42004
0026,安徽师范大学(芜湖市)[公办],,社会学类,,,532,58171
0026,安徽师范大学(芜湖市)[公办],,教育学类(师范),,,550,43499
0026,安徽师范大学(芜湖市)[公办],,教育技术学(师范),,,544,48201
0026,安徽师范大学(芜湖市)[公办],,中国语言文学类,,,551,42759
0026,安徽师范大学(芜湖市)[公办],,汉语言文学(师范),,,551,42759
0026,安徽师范大学(芜湖市)[公办],,新闻传播学类,,,544,48201
0026,安徽师范大学(芜湖市)[公办],,数学与应用数学(师范),,,555,39718
0026,安徽师范大学(芜湖市)[公办],,地理科学(师范),,,553,41254
0026,安徽师范大学(芜湖市)[公办],,地理信息科学,,,542,49854
0026,安徽师范大学(芜湖市)[公办],,生物科学(师范),,,549,44261
0026,安徽师范大学(芜湖市)[公办],,生物技术,,,532,58171
0026,安徽师范大学(芜湖市)[公办],,生态学,,,526,63346
0026,安徽师范大学(芜湖市)[公办],,心理学(师范),,,545,47376
0026,安徽师范大学(芜湖市)[公办],,统计学,,,544,48201
0026,安徽师范大学(芜湖市)[公办],,计算机类,,,544,48201
0026,安徽师范大学(芜湖市)[公办],,环境科学与工程类,,,529,60756
0026,安徽师范大学(芜湖市)[公办],,城乡规划,,,538,53169
0026,安徽师范大学(芜湖市)[公办],,工商管理类,,,543,49037
0026,安徽师范大学(芜湖市)[公办],,行政管理,,,533,57317
0026,安徽师范大学(芜湖市)[公办],,土地资源管理,,,535,55619
0026,安徽师范大学(芜湖市)[公办],,旅游管理,,,522,66880
0028,安徽外国语学院[民办],,英语,,,449,134515
0028,安徽外国语学院[民办],,俄语,,,446,137128
0028,安徽外国语学院[民办],,日语,,,433,147987
0028,安徽外国语学院[民办],,人力资源管理,,,440,142251
0033,安徽医科大学(合肥市)[公办],,临床医学,,,589,18507
0033,安徽医科大学(合肥市)[公办],,医学影像学,,,586,20047
0034,安徽医科大学临床医学院[独立学院],,临床医学,,,499,88132
0039,安徽中医药大学(合肥市)[公办],,生物医学工程,,,527,62507
0039,安徽中医药大学(合肥市)[公办],,针灸推拿学,,,525,64228
0039,安徽中医药大学(合肥市)[公办],,中医骨伤科学,,,529,60756
0039,安徽中医药大学(合肥市)[公办],,中西医临床医学,,,537,53967
0039,安徽中医药大学(合肥市)[公办],,药学类,,,527,62507
0039,安徽中医药大学(合肥市)[公办],,药物制剂,,,512,75821
0039,安徽中医药大学(合肥市)[公办],,康复治疗学,,,515,73018
0039,安徽中医药大学(合肥市)[公办],,护理学,,,515,73018
0040,安康学院[公办],,小学教育,,,480,106344
0040,安康学院[公办],,数学与应用数学,,,477,109131
0040,安康学院[公办],,制药工程,,,477,109131
0040,安康学院[公办],,园林,,,474,112067
0040,安康学院[公办],,康复治疗学,,,475,111128
0040,安康学院[公办],,工程造价,,,471,114847
0041,安庆师范大学[公办],,电子信息类,,,517,71252
0043,安顺学院[公办],,地理科学类,,,472,113947
0043,安顺学院[公办],,材料物理,,,467,118588
0043,安顺学院[公办],,计算机类,,,483,103506
0043,安顺学院[公办],,飞行器制造工程,,,479,107280
0043,安顺学院[公办],,植物生产类,,,467,118588
0044,安阳工学院[公办],,应用物理学,,,486,100581
0044,安阳工学院[公办],,生物技术,,,482,104483
0044,安阳工学院[公办],,材料成型及控制工程,,,485,101531
0044,安阳工学院[公办],,工业设计,,,485,101531
0044,安阳工学院[公办],,高分子材料与工程,,,484,102507
0044,安阳工学院[公办],,自动化,,,494,92936
0044,安阳工学院[公办],,化学工程与工艺,,,487,99599
0044,安阳工学院[公办],,交通运输(民航交通方向),,,488,98638
0044,安阳工学院[公办],,飞行器制造工程,,,489,97728
0044,安阳工学院[公办],,环境工程,,,480,106344
0044,安阳工学院[公办],,食品科学与工程,,,480,106344
0044,安阳工学院[公办],,食品质量与安全,,,482,104483
0044,安阳工学院[公办],,城乡规划,,,490,96770
0044,安阳工学院[公办],,动物医学,,,485,101531
0044,安阳工学院[公办],,信息管理与信息系统,,,496,90982
0044,安阳工学院[公办],,工程管理,,,489,97728
0044,安阳工学院[公办],,土木工程(中外合作办学),,,470,115794
0045,安阳师范学院[公办],,数学与应用数学,,,499,88132
0045,安阳师范学院[公办],,物理学,,,492,94896
0045,安阳师范学院[公办],,化学,,,495,91989
0045,安阳师范学院[公办],,材料化学,,,479,107280
0045,安阳师范学院[公办],,电气工程及其自动化,,,493,93969
0045,安阳师范学院[公办],,计算机类,,,503,84351
0045,安阳师范学院[公办],,土木工程,,,490,96770
0045,安阳师范学院[公办],,工程管理,,,487,99599
0046,安阳学院[民办],,学前教育,,,451,132831
0046,安阳学院[民办],,计算机科学与技术,,,444,138829
0046,安阳学院[民办],,会计学,,,447,136314
0046,安阳学院[民办],,物流管理,,,442,140581
0049,鞍山师范学院[公办],,市场营销,,,470,115794
0052,白城师范学院[公办],,英语,,,483,103506
0052,白城师范学院[公办],,物理学,,,470,115794
0052,白城师范学院[公办],,地理信息科学,,,474,112067
0052,白城师范学院[公办],,机器人工程,,,467,118588
0052,白城师范学院[公办],,计算机科学与技术,,,476,110122
0052,白城师范学院[公办],,软件工程,,,476,110122
0052,白城师范学院[公办],,数据科学与大数据技术,,,471,114847
0052,白城师范学院[公办],,财务管理,,,468,117642
0052,白城师范学院[公办],,文化产业管理,,,468,117642
0052,白城师范学院[公办],,公共事业管理,,,465,120370
0055,百色学院[公办],,化学,,,466,119485
0055,百色学院[公办],,地理科学,,,464,121286
0055,百色学院[公办],,应用统计学,,,467,118588
0055,百色学院[公办],,材料化学,,,462,123141
0055,百色学院[公办],,农业资源与环境,,,460,124911
0055,百色学院[公办],,市场营销,,,461,124059
0055,百色学院[公办],,农林经济管理,,,461,124059
0057,蚌埠工商学院[民办],,金融学,,,448,135403
0057,蚌埠工商学院[民办],,会计学,,,456,128454
0059,蚌埠学院[公办],,机械设计制造及其自动化,,,489,97728
0059,蚌埠学院[公办],,车辆工程,,,488,98638
0059,蚌埠学院[公办],,生物制药,,,484,102507
0060,蚌埠医学院[公办],,制药工程,,,504,83397
0060,蚌埠医学院[公办],,食品质量与安全,,,490,96770
0060,蚌埠医学院[公办],,临床医学,,,535,55619
0060,蚌埠医学院[公办],,护理学,,,500,88132
0063,宝鸡文理学院[公办],,信息与计算科学,,,490,96770
0063,宝鸡文理学院[公办],,物理学,,,487,99599
0063,宝鸡文理学院[公办],,化学,,,494,92936
0063,宝鸡文理学院[公办],,地理科学,,,491,95797
0063,宝鸡文理学院[公办],,自然地理与资源环境,,,483,103506
0063,宝鸡文理学院[公办],,统计学,,,486,100581
0063,宝鸡文理学院[公办],,机械设计制造及其自动化,,,490,96770
0063,宝鸡文理学院[公办],,机械电子工程,,,487,99599
0063,宝鸡文理学院[公办],,工业设计,,,483,103506
0063,宝鸡文理学院[公办],,智能制造工程,,,489,97728
0063,宝鸡文理学院[公办],,测控技术与仪器,,,484,102507
0063,宝鸡文理学院[公办],,材料物理,,,476,110122
0063,宝鸡文理学院[公办],,电气工程及其自动化,,,492,94896
0063,宝鸡文理学院[公办],,电子科学与技术,,,492,94896
0063,宝鸡文理学院[公办],,人工智能,,,499,88132
0063,宝鸡文理学院[公办],,自动化类,,,493,93969
0063,宝鸡文理学院[公办],,计算机类,,,502,85294
0063,宝鸡文理学院[公办],,给排水科学与工程,,,489,97728
0063,宝鸡文理学院[公办],,测绘工程,,,480,106344
0063,宝鸡文理学院[公办],,制药工程,,,486,100581
0065,保定理工学院[民办],,经济学,,,431,149615
0065,保定理工学院[民办],,金融工程,,,425,154215
0065,保定理工学院[民办],,国际经济与贸易,,,422,156398
0065,保定理工学院[民办],,学前教育,,,431,149615
0065,保定理工学院[民办],,小学教育,,,437,144729
0065,保定理工学院[民办],,英语,,,431,149615
0065,保定理工学院[民办],,商务英语,,,421,157137
0065,保定理工学院[民办],,地质学,,,425,154215
0065,保定理工学院[民办],,机械设计制造及其自动化,,,416,160740
0065,保定理工学院[民办],,电气工程及其自动化,,,415,161451
0065,保定理工学院[民办],,电子信息工程,,,414,162144
0065,保定理工学院[民办],,计算机科学与技术,,,413,162888
0065,保定理工学院[民办],,物联网工程,,,413,162888
0065,保定理工学院[民办],,土木工程,,,418,159311
0065,保定理工学院[民办],,信息管理与信息系统,,,414,162144
0065,保定理工学院[民办],,工程管理,,,414,162144
0065,保定理工学院[民办],,工程造价,,,417,160051
0065,保定理工学院[民办],,工商管理,,,426,153495
0065,保定理工学院[民办],,市场营销,,,421,157137
0065,保定理工学院[民办],,会计学,,,421,157137
0065,保定理工学院[民办],,财务管理,,,424,154962
0065,保定理工学院[民办],,人力资源管理,,,421,157137
0065,保定理工学院[民办],,土地资源管理,,,418,159311
0065,保定理工学院[民办],,电子商务及法律,,,423,155642
0066,保定学院[公办],,投资学,,,486,100581
0066,保定学院[公办],,知识产权,,,486,100581
0066,保定学院[公办],,教育技术学,,,484,102507
0066,保定学院[公办],,学前教育,,,491,95797
0066,保定学院[公办],,小学教育,,,508,79620
0066,保定学院[公办],,特殊教育,,,482,104483
0066,保定学院[公办],,英语,,,528,61650
0066,保定学院[公办],,日语,,,492,94896
0066,保定学院[公办],,商务英语,,,500,88132
0066,保定学院[公办],,网络与新媒体,,,494,92936
0066,保定学院[公办],,数学与应用数学,,,500,88132
0066,保定学院[公办],,物理学,,,485,101531
0066,保定学院[公办],,化学,,,481,105433
0066,保定学院[公办],,地理科学,,,494,92936
0066,保定学院[公办],,人文地理与城乡规划,,,485,101531
0066,保定学院[公办],,生物科学,,,481,105433
0066,保定学院[公办],,应用心理学,,,490,96770
0066,保定学院[公办],,汽车服务工程,,,475,111128
0066,保定学院[公办],,电信工程及管理,,,480,106344
0066,保定学院[公办],,人工智能,,,487,99599
0066,保定学院[公办],,机器人工程,,,484,102507
0066,保定学院[公办],,软件工程,,,493,93969
0066,保定学院[公办],,物联网工程,,,486,100581
0066,保定学院[公办],,数字媒体技术,,,485,101531
0066,保定学院[公办],,数据科学与大数据技术,,,489,97728
0066,保定学院[公办],,环境生态工程,,,479,107280
0066,保定学院[公办],,人力资源管理,,,491,95797
0066,保定学院[公办],,体育经济与管理,,,481,105433
0066,保定学院[公办],,物流工程,,,479,107280
0066,保定学院[公办],,供应链管理,,,474,112067
0066,保定学院[公办],,会展经济与管理,,,481,105433
0066,保定学院[公办],,旅游管理与服务教育,,,483,103506
0071,北部湾大学[公办],,国际经济与贸易,,,517,71252
0071,北部湾大学[公办],,新闻学,,,504,83397
0071,北部湾大学[公办],,海洋科学,,,513,74844
0071,北部湾大学[公办],,电子信息工程,,,513,74844
0071,北部湾大学[公办],,自动化,,,510,77713
0071,北部湾大学[公办],,计算机科学与技术,,,512,75821
0071,北部湾大学[公办],,土木工程,,,504,83397
0071,北部湾大学[公办],,能源化学工程,,,495,91989
0071,北部湾大学[公办],,油气储运工程,,,498,89072
0071,北部湾大学[公办],,船舶与海洋工程,,,504,83397
0071,北部湾大学[公办],,食品质量与安全,,,490,96770
0071,北部湾大学[公办],,生物制药,,,499,88132
0071,北部湾大学[公办],,水产养殖学,,,480,106344
0071,北部湾大学[公办],,财务管理,,,512,75821
0071,北部湾大学[公办],,城市管理,,,501,88132
0071,北部湾大学[公办],,物流管理,,,507,80550
0071,北部湾大学[公办],,机械工程(中外合作办学),,,446,137128
0071,北部湾大学[公办],,机械设计制造及其自动化(中外合作办学),,,437,144729
0071,北部湾大学[公办],,车辆工程(中外合作办学),,,433,147987
0071,北部湾大学[公办],,电子信息工程(中外合作办学),,,435,146339
0071,北部湾大学[公办],,物联网工程(中外合作办学),,,500,88132
0071,北部湾大学[公办],,工程造价(中外合作办学),,,433,147987
0072,北方工业大学[公办],,经济与金融,,,583,21718
0072,北方工业大学[公办],,信息与计算科学,,,583,21718
0072,北方工业大学[公办],,统计学,,,585,20594
0072,北方工业大学[公办],,机械设计制造及其自动化(机器人),,,582,22261
0072,北方工业大学[公办],,机械设计制造及其自动化(创新实验班),,,583,21718
0072,北方工业大学[公办],,机械电子工程(智能制造与智能装备),,,583,21718
0072,北方工业大学[公办],,工业设计,,,581,22793
0072,北方工业大学[公办],,材料科学与工程(新材料),,,578,24508
0072,北方工业大学[公办],,电气工程及其自动化,,,586,20047
0072,北方工业大学[公办],,电子信息工程,,,588,19006
0072,北方工业大学[公办],,通信工程,,,584,21139
0072,北方工业大学[公办],,微电子科学与工程(电子封装，双培计划),,,592,16998
0072,北方工业大学[公办],,人工智能,,,588,19006
0072,北方工业大学[公办],,自动化(智能机器人与智能工业控制),,,584,21139
0072,北方工业大学[公办],,计算机科学与技术,,,591,17508
0072,北方工业大学[公办],,计算机科学与技术(创新实验班),,,593,16515
0072,北方工业大学[公办],,信息安全,,,587,19505
0072,北方工业大学[公办],,数字媒体技术,,,587,19505
0072,北方工业大学[公办],,建筑环境与能源应用工程(绿色建筑与新能源),,,574,26972
0072,北方工业大学[公办],,城市地下空间工程(智慧城市),,,576,25729
0072,北方工业大学[公办],,智能建造,,,580,23348
0072,北方工业大学[公办],,交通设备与控制工程(智能交通),,,580,23348
0072,北方工业大学[公办],,建筑学,,,581,22793
0072,北方工业大学[公办],,风景园林,,,579,23927
0072,北方工业大学[公办],,工程管理(建筑智能化管理),,,579,23927
0072,北方工业大学[公办],,工商管理,,,583,21718
0072,北方工业大学[公办],,会计学,,,585,20594
0072,北方工业大学[公办],,数据科学与大数据技术(中外合作办学),,,559,36873
0072,北方工业大学[公办],,土木工程(中外合作办学),,,534,56478
0074,北方民族大学(银川市)[公办],,经济学类(只招少数民族考生),,,482,104483
0074,北方民族大学(银川市)[公办],,金融学(只招少数民族),,,475,111128
0074,北方民族大学(银川市)[公办],,金融数学(只招少数民族考生),,,476,110122
0074,北方民族大学(银川市)[公办],,外国语言文学类(只招少数民族考生),,,487,99599
0074,北方民族大学(银川市)[公办],,数学类(只招少数民族考生),,,486,100581
0074,北方民族大学(银川市)[公办],,生物科学类(只招少数民族考生),,,458,126654
0074,北方民族大学(银川市)[公办],,统计学类(只招少数民族考生),,,486,100581
0074,北方民族大学(银川市)[公办],,机械类(只招少数民族考生),,,492,94896
0074,北方民族大学(银川市)[公办],,机械设计制造及其自动化(与合肥工业大学联合培养),,,506,81500
0074,北方民族大学(银川市)[公办],,材料类(只招少数民族考生),,,485,101531
0074,北方民族大学(银川市)[公办],,电气类(只招少数民族考生),,,489,97728
0074,北方民族大学(银川市)[公办],,电子信息类(只招少数民族考生),,,508,79620
0074,北方民族大学(银川市)[公办],,计算机类(只招少数民族考生),,,499,88132
0074,北方民族大学(银川市)[公办],,数据科学与大数据技术(只招少数民族考生),,,536,54791
0074,北方民族大学(银川市)[公办],,土木类,,,501,88132
0074,北方民族大学(银川市)[公办],,水利水电工程,,,508,79620
0074,北方民族大学(银川市)[公办],,化工与制药类(只招少数民族考生),,,453,131095
0074,北方民族大学(银川市)[公办],,制药工程(与合肥工业大学联合培养),,,500,88132
0074,北方民族大学(银川市)[公办],,食品科学与工程(与合肥工业大学联合培养),,,502,85294
0074,北方民族大学(银川市)[公办],,生物工程(只招少数民族考生),,,418,159311
0074,北方民族大学(银川市)[公办],,医学技术类(只招少数民族考生),,,485,101531
0074,北方民族大学(银川市)[公办],,工商管理类(只招少数民族考生),,,483,103506
0074,北方民族大学(银川市)[公办],,公共管理类(只招少数民族考生),,,465,120370
0074,北方民族大学(银川市)[公办],,电子商务(只招少数民族考生),,,484,102507
0074,北方民族大学(银川市)[公办],,旅游管理(只招少数民族考生),,,499,88132
0075,北海艺术设计学院[民办],,土木工程,,,438,143930
0077,北华大学(吉林市)[公办],,法学,,,531,58995
0077,北华大学(吉林市)[公办],,学前教育,,,526,63346
0077,北华大学(吉林市)[公办],,小学教育,,,528,61650
0077,北华大学(吉林市)[公办],,英语,,,538,53169
0077,北华大学(吉林市)[公办],,西班牙语,,,523,65971
0077,北华大学(吉林市)[公办],,朝鲜语,,,509,78673
0077,北华大学(吉林市)[公办],,网络与新媒体,,,531,58995
0077,北华大学(吉林市)[公办],,数学与应用数学,,,537,53967
0077,北华大学(吉林市)[公办],,物理学,,,529,60756
0077,北华大学(吉林市)[公办],,化学,,,531,58995
0077,北华大学(吉林市)[公办],,应用化学,,,515,73018
0077,北华大学(吉林市)[公办],,车辆工程,,,520,68600
0077,北华大学(吉林市)[公办],,新能源材料与器件,,,524,65102
0077,北华大学(吉林市)[公办],,电气工程及其自动化,,,539,52338
0077,北华大学(吉林市)[公办],,电子信息工程,,,530,59831
0077,北华大学(吉林市)[公办],,通信工程,,,528,61650
0077,北华大学(吉林市)[公办],,计算机科学与技术,,,541,50682
0077,北华大学(吉林市)[公办],,软件工程,,,529,60756
0077,北华大学(吉林市)[公办],,数字媒体技术,,,534,56478
0077,北华大学(吉林市)[公办],,数据科学与大数据技术,,,529,60756
0077,北华大学(吉林市)[公办],,交通运输,,,525,64228
0077,北华大学(吉林市)[公办],,环境科学,,,516,72111
0077,北华大学(吉林市)[公办],,风景园林,,,520,68600
0077,北华大学(吉林市)[公办],,林学,,,515,73018
0077,北华大学(吉林市)[公办],,临床医学,,,536,54791
0077,北华大学(吉林市)[公办],,医学影像学,,,534,56478
0077,北华大学(吉林市)[公办],,口腔医学,,,540,51523
0077,北华大学(吉林市)[公办],,预防医学,,,521,67756
0077,北华大学(吉林市)[公办],,药学,,,521,67756
0077,北华大学(吉林市)[公办],,医学检验技术,,,525,64228
0077,北华大学(吉林市)[公办],,护理学,,,511,76779
0077,北华大学(吉林市)[公办],,市场营销,,,518,70350
0077,北华大学(吉林市)[公办],,机械设计制造及其自动化(中外合作办学),,,488,98638
0077,北华大学(吉林市)[公办],,通信工程(中外合作办学),,,498,89072
0078,北华航天工业学院(廊坊市)[公办],,经济学,,,514,73932
0078,北华航天工业学院(廊坊市)[公办],,国际经济与贸易,,,507,80550
0078,北华航天工业学院(廊坊市)[公办],,社会工作,,,496,90982
0078,北华航天工业学院(廊坊市)[公办],,秘书学,,,496,90982
0078,北华航天工业学院(廊坊市)[公办],,英语,,,513,74844
0078,北华航天工业学院(廊坊市)[公办],,应用统计学,,,508,79620
0078,北华航天工业学院(廊坊市)[公办],,机械设计制造及其自动化,,,522,66880
0078,北华航天工业学院(廊坊市)[公办],,材料成型及控制工程,,,493,93969
0078,北华航天工业学院(廊坊市)[公办],,机械电子工程,,,511,76779
0078,北华航天工业学院(廊坊市)[公办],,工业设计,,,498,89072
0078,北华航天工业学院(廊坊市)[公办],,车辆工程,,,505,82447
0078,北华航天工业学院(廊坊市)[公办],,智能制造工程,,,505,82447
0078,北华航天工业学院(廊坊市)[公办],,测控技术与仪器,,,498,89072
0078,北华航天工业学院(廊坊市)[公办],,金属材料工程,,,489,97728
0078,北华航天工业学院(廊坊市)[公办],,复合材料与工程,,,483,103506
0078,北华航天工业学院(廊坊市)[公办],,焊接技术与工程,,,486,100581
0078,北华航天工业学院(廊坊市)[公办],,功能材料,,,479,107280
0078,北华航天工业学院(廊坊市)[公办],,电气工程与智能控制,,,516,72111
0078,北华航天工业学院(廊坊市)[公办],,电子信息工程,,,520,68600
0078,北华航天工业学院(廊坊市)[公办],,通信工程,,,515,73018
0078,北华航天工业学院(廊坊市)[公办],,微电子科学与工程,,,501,88132
0078,北华航天工业学院(廊坊市)[公办],,光电信息科学与工程,,,500,88132
0078,北华航天工业学院(廊坊市)[公办],,人工智能,,,509,78673
0078,北华航天工业学院(廊坊市)[公办],,自动化,,,516,72111
0078,北华航天工业学院(廊坊市)[公办],,计算机类,,,519,69481
0078,北华航天工业学院(廊坊市)[公办],,计算机科学与技术,,,528,61650
0078,北华航天工业学院(廊坊市)[公办],,空间信息与数字技术,,,501,88132
0078,北华航天工业学院(廊坊市)[公办],,数据科学与大数据技术,,,519,69481
0078,北华航天工业学院(廊坊市)[公办],,土木工程,,,507,80550
0078,北华航天工业学院(廊坊市)[公办],,建筑环境与能源应用工程,,,493,93969
0078,北华航天工业学院(廊坊市)[公办],,道路桥梁与渡河工程,,,493,93969
0078,北华航天工业学院(廊坊市)[公办],,遥感科学与技术,,,501,88132
0078,北华航天工业学院(廊坊市)[公办],,导航工程,,,496,90982
0078,北华航天工业学院(廊坊市)[公办],,飞行器设计与工程,,,505,82447
0078,北华航天工业学院(廊坊市)[公办],,飞行器制造工程,,,515,73018
0078,北华航天工业学院(廊坊市)[公办],,无人驾驶航空器系统工程,,,497,90044
0078,北华航天工业学院(廊坊市)[公办],,工程造价,,,504,83397
0078,北华航天工业学院(廊坊市)[公办],,市场营销,,,496,90982
0078,北华航天工业学院(廊坊市)[公办],,会计学,,,525,64228
0078,北华航天工业学院(廊坊市)[公办],,财务管理,,,516,72111
0078,北华航天工业学院(廊坊市)[公办],,人力资源管理,,,506,81500
0078,北华航天工业学院(廊坊市)[公办],,物流管理,,,503,84351
0078,北华航天工业学院(廊坊市)[公办],,电子商务,,,506,81500
0078,北华航天工业学院(廊坊市)[公办],,机械设计制造及其自动化(中外合作办学),,,461,124059
0078,北华航天工业学院(廊坊市)[公办],,通信工程(中外合作办学),,,463,122201
0081,北京城市学院[民办],,机械类,,,483,103506
0081,北京城市学院[民办],,计算机科学与技术(阿里云校企合作班),,,514,73932
0081,北京城市学院[民办],,软件工程(阿里云校企合作班),,,503,84351
0081,北京城市学院[民办],,数据科学与大数据技术(阿里云校企合作班),,,515,73018
0081,北京城市学院[民办],,土木工程(BIM设计与5D项目管理),,,489,97728
0081,北京城市学院[民办],,建筑学,,,511,76779
0081,北京城市学院[民办],,城乡规划,,,486,100581
0081,北京城市学院[民办],,风景园林,,,488,98638
0081,北京城市学院[民办],,康复治疗学,,,490,96770
0081,北京城市学院[民办],,工程造价(数字造价管理),,,477,109131
0082,北京大学[公办],,理科试验班类(物理组相关专业),,,685,64
0084,北京大学医学部[公办],,基础医学(八年制),,,681,115
0084,北京大学医学部[公办],,临床医学(八年制),,,683,83
0084,北京大学医学部[公办],,临床医学(五年制),,,681,115
0084,北京大学医学部[公办],,口腔医学(八年制),,,683,83
0084,北京大学医学部[公办],,口腔医学(五年制),,,682,95
0084,北京大学医学部[公办],,预防医学(七年制),,,679,137
0084,北京大学医学部[公办],,药学(六年制),,,676,186
0084,北京大学医学部[公办],,护理学,,,669,355
0086,北京第二外国语学院[公办],,金融学(一带一路金融服务),,,594,16046
0086,北京第二外国语学院[公办],,俄语(经贸合作),,,594,16046
0086,北京第二外国语学院[公办],,阿拉伯语(人文交流),,,584,21139
0086,北京第二外国语学院[公办],,葡萄牙语(经贸合作),,,590,17968
0086,北京第二外国语学院[公办],,翻译(中英西复语),,,599,13858
0086,北京第二外国语学院[公办],,酒店管理(数字化运营与管理),,,586,20047
0087,北京第二外国语学院中瑞酒店管理学院[独立学院],,市场营销,,,419,158594
0087,北京第二外国语学院中瑞酒店管理学院[独立学院],,财务管理,,,412,163586
0087,北京第二外国语学院中瑞酒店管理学院[独立学院],,人力资源管理,,,413,162888
0087,北京第二外国语学院中瑞酒店管理学院[独立学院],,健康服务与管理,,,414,162144
0087,北京第二外国语学院中瑞酒店管理学院[独立学院],,酒店管理,,,413,162888
0087,北京第二外国语学院中瑞酒店管理学院[独立学院],,酒店管理(国际课程班),,,420,157892
0092,北京服装学院[公办],,广告学,,,550,43499
0092,北京服装学院[公办],,传播学,,,549,44261
0092,北京服装学院[公办],,工业设计,,,544,48201
0092,北京服装学院[公办],,高分子材料与工程,,,512,75821
0092,北京服装学院[公办],,服装设计与工程,,,535,55619
0092,北京服装学院[公办],,轻化工程,,,511,76779
0092,北京服装学院[公办],,信息管理与信息系统,,,521,67756
0092,北京服装学院[公办],,工商管理类,,,528,61650
0093,北京工商大学[公办],,金融学类,,,590,17968
0093,北京工商大学[公办],,经济与贸易类,,,581,22793
0093,北京工商大学[公办],,国际经济与贸易(数字贸易实验班),,,580,23348
0093,北京工商大学[公办],,机械类,,,575,26354
0093,北京工商大学[公办],,材料类,,,569,30021
0093,北京工商大学[公办],,香料香精技术与工程,,,571,28818
0093,北京工商大学[公办],,环境工程,,,568,30714
0093,北京工商大学[公办],,食品科学与工程类,,,575,26354
0093,北京工商大学[公办],,生物工程,,,572,28175
0093,北京工商大学[公办],,工商管理类,,,583,21718
0093,北京工商大学[公办],,会计学(智能会计),,,591,17508
0093,北京工商大学[公办],,应用统计学(中外合作办学)(风险与精算),,,521,67756
0093,北京工商大学[公办],,食品科学与工程(中外合作办学)(国际),,,506,81500
0094,北京工商大学嘉华学院[独立学院],,数字经济,,,415,161451
0094,北京工商大学嘉华学院[独立学院],,金融学,,,413,162888
0094,北京工商大学嘉华学院[独立学院],,金融工程,,,414,162144
0094,北京工商大学嘉华学院[独立学院],,金融科技,,,425,154215
0094,北京工商大学嘉华学院[独立学院],,计算机科学与技术,,,413,162888
0094,北京工商大学嘉华学院[独立学院],,数据科学与大数据技术,,,413,162888
0094,北京工商大学嘉华学院[独立学院],,大数据管理与应用,,,431,149615
0094,北京工商大学嘉华学院[独立学院],,会计学,,,412,163586
0094,北京工商大学嘉华学院[独立学院],,财务管理,,,414,162144
0094,北京工商大学嘉华学院[独立学院],,国际商务,,,413,162888
0094,北京工商大学嘉华学院[独立学院],,审计学,,,,
0095,北京工业大学[公办],,法学,,,611,9385
0095,北京工业大学[公办],,机械类,,,615,8162
0095,北京工业大学[公办],,工业设计,,,615,8162
0095,北京工业大学[公办],,机器人工程,,,616,7907
0095,北京工业大学[公办],,土木类,,,611,9385
0095,北京工业大学[公办],,智能建造,,,614,8462
0095,北京工业大学[公办],,交通运输类(实验班),,,612,9070
0095,北京工业大学[公办],,环境科学与工程类,,,610,9711
0095,北京工业大学[公办],,生物医学工程,,,609,10048
0095,北京工业大学[公办],,城乡规划,,,609,10048
0095,北京工业大学[公办],,会计学,,,611,9385
0095,北京工业大学[公办],,金融学(中外合作办学),,,584,21139
0095,北京工业大学[公办],,电子信息工程(中外合作办学),,,594,16046
0095,北京工业大学[公办],,软件工程(中外合作办学),,,581,22793
0095,北京工业大学[公办],,物联网工程(中外合作办学),,,579,23927
0096,北京工业大学耿丹学院[独立学院],,金融工程,,,413,162888
0096,北京工业大学耿丹学院[独立学院],,国际经济与贸易,,,420,157892
0096,北京工业大学耿丹学院[独立学院],,社会工作,,,413,162888
0096,北京工业大学耿丹学院[独立学院],,汉语国际教育,,,413,162888
0096,北京工业大学耿丹学院[独立学院],,应用心理学,,,416,160740
0096,北京工业大学耿丹学院[独立学院],,机械设计制造及其自动化(机器人方向),,,438,143930
0096,北京工业大学耿丹学院[独立学院],,工业设计,,,431,149615
0096,北京工业大学耿丹学院[独立学院],,电子信息类,,,423,155642
0096,北京工业大学耿丹学院[独立学院],,计算机类,,,432,148796
0096,北京工业大学耿丹学院[独立学院],,数字媒体技术,,,434,147162
0096,北京工业大学耿丹学院[独立学院],,建筑学,,,426,153495
0096,北京工业大学耿丹学院[独立学院],,城乡规划(国际班),,,424,154962
0096,北京工业大学耿丹学院[独立学院],,工程管理,,,418,159311
0096,北京工业大学耿丹学院[独立学院],,市场营销(品牌管理与策划),,,421,157137
0096,北京工业大学耿丹学院[独立学院],,财务管理,,,422,156398
0098,北京航空航天大学[公办],,工科试验班类(计算机拔尖计划),,,676,186
0098,北京航空航天大学[公办],,工科试验班类(未来空天领军计划),,,671,307
0098,北京航空航天大学[公办],,工科试验班类(国际通用工程学院),,,664,616
0098,北京航空航天大学[公办],,工科试验班类(医工交叉试验班),,,663,616
0098,北京航空航天大学[公办],,工科试验班类(航空H航天类),,,662,662
0098,北京航空航天大学[公办],,工科试验班类(信息类),,,665,443
0098,北京航空航天大学[公办],,理科试验班类(中法工程师学院),,,662,662
0098,北京航空航天大学[公办],,理科试验班类,,,662,662
0099,北京航空航天大学(国际合作专项)[公办],,工科试验班类(国际合作专项),,,660,781
0101,北京化工大学[公办],,工科试验班(宏德书院),,,609,10048
0101,北京化工大学[公办],,工科试验班(绿色化工与生物医药),,,603,12248
0101,北京化工大学[公办],,工科试验班(先进材料与绿色化学),,,604,11858
0101,北京化工大学[公办],,理科试验班(数学、物理电子与管理),,,611,9385
0101,北京化工大学[公办],,自动化类(高端装备与智能制造),,,610,9711
0101,北京化工大学[公办],,计算机类,,,615,8162
0101,北京化工大学[公办],,工商管理类(新文科经管法),,,611,9385
0101,北京化工大学[公办],,机械设计制造及其自动化(中外合作办学)(中美双学位、机器人方向),,,589,18507
0101,北京化工大学[公办],,工业设计(中外合作办学)(中意设计双学位),,,589,18507
0101,北京化工大学[公办],,化工与制药类(中外合作办学)(中法精英工程教育试验班),,,562,34751
0101,北京化工大学[公办],,生物工程(中外合作办学)(中美双学位、生物过程工程),,,549,44261
0104,北京建筑大学[公办],,信息与计算科学(大数据应用),,,587,19505
0104,北京建筑大学[公办],,机械类(智能制造类),,,583,21718
0104,北京建筑大学[公办],,车辆工程(城市轨道车辆实验班),,,579,23927
0104,北京建筑大学[公办],,能源与动力工程,,,582,22261
0104,北京建筑大学[公办],,电气工程及其自动化,,,594,16046
0104,北京建筑大学[公办],,自动化,,,585,20594
0104,北京建筑大学[公办],,计算机类(AI实验班),,,592,16998
0104,北京建筑大学[公办],,计算机科学与技术(互联网控制),,,601,13049
0104,北京建筑大学[公办],,土木工程(实验班),,,587,19505
0104,北京建筑大学[公办],,土木工程,,,580,23348
0104,北京建筑大学[公办],,建筑环境与能源应用工程,,,575,26354
0104,北京建筑大学[公办],,给排水科学与工程,,,571,28818
0104,北京建筑大学[公办],,智能建造,,,587,19505
0104,北京建筑大学[公办],,测绘类(智慧城市类),,,580,23348
0104,北京建筑大学[公办],,测绘工程(智能导航实验班),,,582,22261
0104,北京建筑大学[公办],,交通工程,,,578,24508
0104,北京建筑大学[公办],,建筑类,,,606,11130
0104,北京建筑大学[公办],,建筑学(实验班),,,611,9385
0104,北京建筑大学[公办],,管理科学与工程类(项目管理与造价类),,,582,22261
0104,北京建筑大学[公办],,工程管理(实验班),,,573,27552
0105,北京交通大学[公办],,经济管理试验班,,,627,5092
0105,北京交通大学[公办],,理科试验班类,,,624,5761
0105,北京交通大学[公办],,法学,,,625,5524
0105,北京交通大学[公办],,外国语言文学类,,,619,7098
0105,北京交通大学[公办],,机械类(智能制造与智能装备),,,624,5761
0105,北京交通大学[公办],,电气类,,,625,5524
0105,北京交通大学[公办],,电气工程及其自动化(新能源国际班),,,627,5092
0105,北京交通大学[公办],,电子信息类(通信与控制),,,633,3898
0105,北京交通大学[公办],,计算机类,,,635,3527
0105,北京交通大学[公办],,软件工程,,,632,4082
0105,北京交通大学[公办],,土木类(智慧建造与智能工程),,,618,7376
0105,北京交通大学[公办],,交通运输类,,,629,4660
0105,北京交通大学[公办],,建筑类,,,623,6003
0105,北京交通大学[公办],,机械电子工程(中外合作办学),,,601,13049
0105,北京交通大学[公办],,纳米材料与技术(中外合作办学),,,581,22793
0105,北京交通大学[公办],,交通运输(中外合作办学),,,605,11477
0107,北京交通大学(威海校区)[公办],,通信工程(中外合作办学),,,582,22261
0107,北京交通大学(威海校区)[公办],,计算机科学与技术(中外合作办学),,,587,19505
0107,北京交通大学(威海校区)[公办],,环境工程(中外合作办学),,,564,32737
0107,北京交通大学(威海校区)[公办],,信息管理与信息系统(中外合作办学),,,571,28818
0107,北京交通大学(威海校区)[公办],,工商管理(中外合作办学),,,569,30021
0107,北京交通大学(威海校区)[公办],,会计学(中外合作办学),,,583,21718
0114,北京科技大学[公办],,工科试验班类,,,622,6287
0114,北京科技大学[公办],,理科试验班,,,629,4660
0114,北京科技大学[公办],,数学类,,,619,7098
0114,北京科技大学[公办],,应用物理学,,,616,7907
0114,北京科技大学[公办],,应用化学,,,616,7907
0114,北京科技大学[公办],,生物技术,,,615,8162
0114,北京科技大学[公办],,机械类,,,616,7907
0114,北京科技大学[公办],,材料科学与工程,,,613,8757
0114,北京科技大学[公办],,冶金工程,,,610,9711
0114,北京科技大学[公办],,能源动力类,,,614,8462
0114,北京科技大学[公办],,储能科学与工程,,,612,9070
0114,北京科技大学[公办],,通信工程,,,621,6561
0114,北京科技大学[公办],,自动化类,,,620,6814
0114,北京科技大学[公办],,计算机类,,,624,5761
0114,北京科技大学[公办],,土木类,,,610,9711
0114,北京科技大学[公办],,矿业类,,,591,17508
0114,北京科技大学[公办],,安全工程,,,616,7907
0114,北京科技大学[公办],,管理科学与工程类,,,617,7638
0114,北京科技大学[公办],,工商管理类,,,621,6561
0116,北京科技大学天津学院[独立学院],,金融工程,,,473,113007
0116,北京科技大学天津学院[独立学院],,国际经济与贸易,,,482,104483
0116,北京科技大学天津学院[独立学院],,法学,,,484,102507
0116,北京科技大学天津学院[独立学院],,英语,,,472,113947
0116,北京科技大学天津学院[独立学院],,日语,,,463,122201
0116,北京科技大学天津学院[独立学院],,朝鲜语,,,450,133684
0116,北京科技大学天津学院[独立学院],,机械工程,,,459,125856
0116,北京科技大学天津学院[独立学院],,机械工程(机器人应用),,,461,124059
0116,北京科技大学天津学院[独立学院],,材料科学与工程,,,455,129310
0116,北京科技大学天津学院[独立学院],,材料科学与工程(新材料制备与加工),,,451,132831
0116,北京科技大学天津学院[独立学院],,材料科学与工程(纳米材料应用),,,451,132831
0116,北京科技大学天津学院[独立学院],,通信工程,,,463,122201
0116,北京科技大学天津学院[独立学院],,自动化,,,467,118588
0116,北京科技大学天津学院[独立学院],,自动化(智能制造),,,464,121286
0116,北京科技大学天津学院[独立学院],,计算机科学与技术,,,474,112067
0116,北京科技大学天津学院[独立学院],,计算机科学与技术(软件技术),,,471,114847
0116,北京科技大学天津学院[独立学院],,计算机科学与技术(智能技术),,,464,121286
0116,北京科技大学天津学院[独立学院],,土木工程,,,460,124911
0116,北京科技大学天津学院[独立学院],,土木工程(道路桥梁工程),,,476,110122
0116,北京科技大学天津学院[独立学院],,土木工程(智能建筑),,,456,128454
0116,北京科技大学天津学院[独立学院],,无人驾驶航空器系统工程,,,464,121286
0116,北京科技大学天津学院[独立学院],,环境工程,,,455,129310
0116,北京科技大学天津学院[独立学院],,康复治疗学,,,450,133684
0116,北京科技大学天津学院[独立学院],,护理学,,,462,123141
0116,北京科技大学天津学院[独立学院],,工程造价,,,467,118588
0116,北京科技大学天津学院[独立学院],,会计学,,,470,115794
0116,北京科技大学天津学院[独立学院],,财务管理,,,467,118588
0116,北京科技大学天津学院[独立学院],,物流工程,,,461,124059
0120,北京理工大学[公办],,工科试验班(徐特立英才班),,,661,781
0120,北京理工大学[公办],,工科试验班(未来技术学院),,,664,616
0120,北京理工大学[公办],,工科试验班(宇航与机电类),,,657,941
0120,北京理工大学[公办],,工科试验班(智能制造与智能车辆精英班),,,657,941
0120,北京理工大学[公办],,工科试验班(信息科学技术),,,658,909
0120,北京理工大学[公办],,工科试验班(电子信息实验班),,,657,941
0122,北京理工大学珠海学院[独立学院],,计算机类,,,534,56478
0122,北京理工大学珠海学院[独立学院],,智能科学与技术,,,512,75821
0122,北京理工大学珠海学院[独立学院],,飞行器制造工程,,,510,77713
0123,北京联合大学[公办],,英语,,,556,39008
0123,北京联合大学[公办],,西班牙语,,,536,54791
0123,北京联合大学[公办],,日语,,,537,53967
0123,北京联合大学[公办],,软件工程,,,562,34751
0123,北京联合大学[公办],,信息安全,,,555,39718
0123,北京联合大学[公办],,物联网工程,,,555,39718
0123,北京联合大学[公办],,数据科学与大数据技术,,,548,44990
0123,北京联合大学[公办],,大数据管理与应用,,,547,45772
0123,北京联合大学[公办],,会计学(国际会计),,,554,40472
0123,北京联合大学[公办],,财务管理,,,550,43499
0123,北京联合大学[公办],,人力资源管理,,,544,48201
0123,北京联合大学[公办],,旅游管理,,,540,51523
0123,北京联合大学[公办],,会展经济与管理,,,540,51523
0123,北京联合大学[公办],,电气工程及其自动化(中外合作办学),,,525,64228
0123,北京联合大学[公办],,轨道交通信号与控制(中外合作办学),,,487,99599
0123,北京联合大学[公办],,交通工程(中外合作办学),,,492,94896
0123,北京联合大学[公办],,物流工程(中外合作办学),,,499,88132
0124,北京林业大学[公办],,金融学,,,610,9711
0124,北京林业大学[公办],,法学,,,609,10048
0124,北京林业大学[公办],,英语,,,607,10760
0124,北京林业大学[公办],,数学与应用数学,,,608,10398
0124,北京林业大学[公办],,地理信息科学,,,609,10048
0124,北京林业大学[公办],,生物科学类,,,603,12248
0124,北京林业大学[公办],,应用心理学,,,607,10760
0124,北京林业大学[公办],,统计学,,,607,10760
0124,北京林业大学[公办],,机械设计制造及其自动化,,,606,11130
0124,北京林业大学[公办],,车辆工程,,,602,12631
0124,北京林业大学[公办],,电气工程及其自动化,,,611,9385
0124,北京林业大学[公办],,电子信息科学与技术,,,611,9385
0124,北京林业大学[公办],,自动化,,,610,9711
0124,北京林业大学[公办],,计算机类,,,612,9070
0124,北京林业大学[公办],,土木工程,,,601,13049
0124,北京林业大学[公办],,给排水科学与工程,,,598,14272
0124,北京林业大学[公办],,包装工程,,,586,20047
0124,北京林业大学[公办],,林业工程类,,,593,16515
0124,北京林业大学[公办],,环境工程,,,599,13858
0124,北京林业大学[公办],,食品科学与工程,,,598,14272
0124,北京林业大学[公办],,城乡规划,,,603,12248
0124,北京林业大学[公办],,风景园林,,,612,9070
0124,北京林业大学[公办],,园艺(观赏园艺方向),,,603,12248
0124,北京林业大学[公办],,野生动物与自然保护区管理(森林康养方向),,,581,22793
0124,北京林业大学[公办],,水土保持与荒漠化防治,,,592,16998
0124,北京林业大学[公办],,林学类,,,598,14272
0124,北京林业大学[公办],,园林,,,606,11130
0124,北京林业大学[公办],,信息管理与信息系统(管理信息方向),,,604,11858
0124,北京林业大学[公办],,信息管理与信息系统,,,608,10398
0124,北京林业大学[公办],,工商管理类,,,605,11477
0124,北京林业大学[公办],,电子商务,,,603,12248
0124,北京林业大学[公办],,旅游管理,,,604,11858
0124,北京林业大学[公办],,生物技术(中外合作办学),,,569,30021
0124,北京林业大学[公办],,木材科学与工程(中外合作办学),,,578,24508
0126,北京农学院[公办],,应用化学,,,518,70350
0126,北京农学院[公办],,数据科学与大数据技术,,,531,58995
0126,北京农学院[公办],,食品质量与安全,,,526,63346
0126,北京农学院[公办],,酿酒工程,,,508,79620
0126,北京农学院[公办],,生物工程,,,521,67756
0126,北京农学院[公办],,农学(作物遗传育种),,,508,79620
0126,北京农学院[公办],,园艺,,,510,77713
0126,北京农学院[公办],,植物保护(植物医学),,,508,79620
0126,北京农学院[公办],,农业资源与环境,,,514,73932
0126,北京农学院[公办],,动物科学,,,510,77713
0126,北京农学院[公办],,动物医学,,,539,52338
0126,北京农学院[公办],,林学(城市林业),,,519,69481
0126,北京农学院[公办],,林学(古树保护),,,508,79620
0131,北京师范大学[公办],,社会科学试验班,,,649,1627
0131,北京师范大学[公办],,理科试验班,,,652,1351
0131,北京师范大学[公办],,数学类,,,654,1155
0131,北京师范大学[公办],,物理学类,,,648,1730
0133,北京师范大学-香港浸会大学联合国际学院(珠海市)[内地与港澳台地区合作办学],,经济学(中外合作办学),,,534,56478
0133,北京师范大学-香港浸会大学联合国际学院(珠海市)[内地与港澳台地区合作办学],,金融数学(中外合作办学),,,530,59831
0133,北京师范大学-香港浸会大学联合国际学院(珠海市)[内地与港澳台地区合作办学],,新闻传播学类(中外合作办学),,,525,64228
0133,北京师范大学-香港浸会大学联合国际学院(珠海市)[内地与港澳台地区合作办学],,统计学(中外合作办学),,,529,60756
0133,北京师范大学-香港浸会大学联合国际学院(珠海市)[内地与港澳台地区合作办学],,人工智能(中外合作办学),,,520,68600
0133,北京师范大学-香港浸会大学联合国际学院(珠海市)[内地与港澳台地区合作办学],,计算机类(中外合作办学),,,518,70350
0133,北京师范大学-香港浸会大学联合国际学院(珠海市)[内地与港澳台地区合作办学],,食品科学与工程(中外合作办学),,,508,79620
0133,北京师范大学-香港浸会大学联合国际学院(珠海市)[内地与港澳台地区合作办学],,会计学(中外合作办学),,,527,62507
0133,北京师范大学-香港浸会大学联合国际学院(珠海市)[内地与港澳台地区合作办学],,工商管理类(中外合作办学),,,527,62507
0136,北京石油化工学院[公办],,机械工程,,,531,58995
0136,北京石油化工学院[公办],,机械电子工程,,,529,60756
0136,北京石油化工学院[公办],,材料科学与工程,,,526,63346
0136,北京石油化工学院[公办],,高分子材料与工程,,,523,65971
0136,北京石油化工学院[公办],,能源与动力工程,,,528,61650
0136,北京石油化工学院[公办],,新能源科学与工程,,,530,59831
0136,北京石油化工学院[公办],,电气工程及其自动化,,,533,57317
0136,北京石油化工学院[公办],,自动化,,,533,57317
0136,北京石油化工学院[公办],,计算机科学与技术,,,541,50682
0136,北京石油化工学院[公办],,化学工程与工艺,,,525,64228
0136,北京石油化工学院[公办],,制药工程,,,527,62507
0136,北京石油化工学院[公办],,环境工程,,,522,66880
0136,北京石油化工学院[公办],,安全工程(实验室管理),,,528,61650
0136,北京石油化工学院[公办],,生物制药,,,532,58171
0136,北京石油化工学院[公办],,大数据管理与应用,,,536,54791
0136,北京石油化工学院[公办],,物流管理,,,529,60756
0137,北京体育大学[公办],,经济学,,,596,15132
0137,北京体育大学[公办],,马克思主义理论,,,591,17508
0137,北京体育大学[公办],,运动人体科学,,,583,21718
0137,北京体育大学[公办],,运动康复,,,588,19006
0137,北京体育大学[公办],,英语,,,596,15132
0137,北京体育大学[公办],,俄语,,,586,20047
0137,北京体育大学[公办],,德语,,,595,15596
0137,北京体育大学[公办],,法语,,,590,17968
0137,北京体育大学[公办],,西班牙语,,,588,19006
0137,北京体育大学[公办],,葡萄牙语,,,588,19006
0137,北京体育大学[公办],,新闻学,,,599,13858
0137,北京体育大学[公办],,网络与新媒体,,,609,10048
0137,北京体育大学[公办],,应用心理学,,,595,15596
0137,北京体育大学[公办],,数据科学与大数据技术,,,592,16998
0137,北京体育大学[公办],,康复物理治疗,,,582,22261
0137,北京体育大学[公办],,体育经济与管理,,,588,19006
0137,北京体育大学[公办],,公共事业管理,,,584,21139
0137,北京体育大学[公办],,旅游管理,,,581,22793
0140,北京外国语大学[公办],,金融学,,,631,4285
0140,北京外国语大学[公办],,外交学,,,626,5302
0140,北京外国语大学[公办],,英语,,,643,2296
0140,北京外国语大学[公办],,德语,,,636,3358
0140,北京外国语大学[公办],,工商管理类,,,634,3706
0142,北京外国语大学(中外合作办学)[公办],,外交学(中外合作办学),,,603,12248
0145,北京物资学院[公办],,经济学(实验班),,,573,27552
0145,北京物资学院[公办],,金融学类,,,575,26354
0145,北京物资学院[公办],,商务英语(实验班),,,575,26354
0145,北京物资学院[公办],,计算机科学与技术(实验班),,,572,28175
0145,北京物资学院[公办],,物联网工程,,,571,28818
0145,北京物资学院[公办],,数据科学与大数据技术,,,573,27552
0145,北京物资学院[公办],,市场营销(数字化营销),,,569,30021
0145,北京物资学院[公办],,会计学(注册会计师),,,584,21139
0145,北京物资学院[公办],,会计学(管理会计),,,576,25729
0145,北京物资学院[公办],,财务管理,,,575,26354
0145,北京物资学院[公办],,物流管理与工程类,,,571,28818
0145,北京物资学院[公办],,物流工程,,,570,29403
0148,北京信息科技大学[公办],,机械设计制造及其自动化,,,589,18507
0148,北京信息科技大学[公办],,工业设计,,,583,21718
0148,北京信息科技大学[公办],,测控技术与仪器,,,586,20047
0148,北京信息科技大学[公办],,测控技术与仪器(生物传感与医学仪器),,,582,22261
0148,北京信息科技大学[公办],,智能感知工程(勤信实验班),,,585,20594
0148,北京信息科技大学[公办],,电气工程及其自动化,,,590,17968
0148,北京信息科技大学[公办],,电子信息类(勤信实验班),,,591,17508
0148,北京信息科技大学[公办],,通信工程,,,595,15596
0148,北京信息科技大学[公办],,光电信息科学与工程(新型平板显示),,,591,17508
0148,北京信息科技大学[公办],,人工智能(勤信实验班),,,593,16515
0148,北京信息科技大学[公办],,机器人工程(勤信实验班),,,588,19006
0148,北京信息科技大学[公办],,计算机类(勤信实验班),,,600,13430
0148,北京信息科技大学[公办],,计算机科学与技术,,,597,14703
0148,北京信息科技大学[公办],,网络工程,,,589,18507
0148,北京信息科技大学[公办],,物联网工程,,,592,16998
0148,北京信息科技大学[公办],,智能科学与技术,,,588,19006
0148,北京信息科技大学[公办],,信息管理与信息系统,,,587,19505
0148,北京信息科技大学[公办],,大数据管理与应用,,,590,17968
0148,北京信息科技大学[公办],,审计学(计算机审计),,,585,20594
0151,北京印刷学院[公办],,新闻传播学类,,,567,31356
0151,北京印刷学院[公办],,网络与新媒体,,,572,28175
0151,北京印刷学院[公办],,机械类,,,545,47376
0151,北京印刷学院[公办],,工业设计,,,557,38272
0151,北京印刷学院[公办],,高分子材料与工程,,,541,50682
0151,北京印刷学院[公办],,计算机类,,,559,36873
0151,北京印刷学院[公办],,数字媒体技术,,,563,34024
0151,北京印刷学院[公办],,轻工类,,,528,61650
0151,北京印刷学院[公办],,印刷工程(毕昇卓越班),,,552,42004
0151,北京印刷学院[公办],,信息管理与信息系统,,,552,42004
0151,北京印刷学院[公办],,工商管理类,,,560,36168
0151,北京印刷学院[公办],,物流工程,,,545,47376
0153,北京邮电大学[公办],,理科试验班(信息科学),,,637,3196
0153,北京邮电大学[公办],,金融学类,,,635,3527
0153,北京邮电大学[公办],,机械工程(机器人试验班),,,638,3025
0153,北京邮电大学[公办],,智能交互设计,,,639,2876
0153,北京邮电大学[公办],,电子信息类,,,640,2729
0153,北京邮电大学[公办],,通信工程(大类招生),,,645,2065
0153,北京邮电大学[公办],,人工智能(大类招生),,,638,3025
0153,北京邮电大学[公办],,邮政工程(互联网与智慧物流),,,635,3527
0153,北京邮电大学[公办],,计算机类,,,648,1730
0153,北京邮电大学[公办],,软件工程,,,642,2440
0153,北京邮电大学[公办],,邮政管理(互联网与智慧物流),,,636,3358
0155,北京邮电大学(宏福校区)[公办],,电信工程及管理(中外合作办学),,,605,11477
0155,北京邮电大学(宏福校区)[公办],,物联网工程(中外合作办学),,,612,9070
0155,北京邮电大学(宏福校区)[公办],,电子商务及法律(中外合作办学),,,593,16515
0156,北京邮电大学世纪学院[独立学院],,机械电子工程,,,449,134515
0156,北京邮电大学世纪学院[独立学院],,通信工程,,,442,140581
0156,北京邮电大学世纪学院[独立学院],,自动化,,,461,124059
0156,北京邮电大学世纪学院[独立学院],,计算机科学与技术,,,453,131095
0156,北京邮电大学世纪学院[独立学院],,软件工程,,,441,141442
0156,北京邮电大学世纪学院[独立学院],,物联网工程,,,446,137128
0156,北京邮电大学世纪学院[独立学院],,数字媒体技术,,,457,127518
0156,北京邮电大学世纪学院[独立学院],,财务管理(国际注册会计师),,,482,104483
0156,北京邮电大学世纪学院[独立学院],,财务管理,,,450,133684
0156,北京邮电大学世纪学院[独立学院],,物流工程,,,435,146339
0156,北京邮电大学世纪学院[独立学院],,电子商务,,,452,131939
0157,北京语言大学[公办],,金融学,,,600,13430
0157,北京语言大学[公办],,汉语国际教育,,,605,11477
0157,北京语言大学[公办],,外国语言文学类,,,603,12248
0157,北京语言大学[公办],,语言学,,,601,13049
0157,北京语言大学[公办],,翻译(本地化),,,608,10398
0157,北京语言大学[公办],,翻译(汉英法),,,606,11130
0157,北京语言大学[公办],,心理学,,,600,13430
0157,北京语言大学[公办],,计算机类,,,594,16046
0157,北京语言大学[公办],,财务管理,,,599,13858
0160,北京中医药大学[公办],,法学(医药卫生),,,605,11477
0160,北京中医药大学[公办],,英语(医学),,,595,15596
0160,北京中医药大学[公办],,生物工程,,,596,15132
0160,北京中医药大学[公办],,中医学(领军人才培养计划),,,667,443
0160,北京中医药大学[公办],,中医学(卓越5+3一体化),,,619,7098
0160,北京中医药大学[公办],,中医学(卓越中医儿科班5+3一体化),,,628,4860
0160,北京中医药大学[公办],,中医学,,,607,10760
0160,北京中医药大学[公办],,中医学(实验班),,,614,8462
0160,北京中医药大学[公办],,针灸推拿学,,,595,15596
0160,北京中医药大学[公办],,中医骨伤科学,,,611,9385
0160,北京中医药大学[公办],,中西医临床医学(华佗班),,,652,1351
0160,北京中医药大学[公办],,药学,,,602,12631
0160,北京中医药大学[公办],,药事管理,,,599,13858
0160,北京中医药大学[公办],,中药学,,,597,14703
0160,北京中医药大学[公办],,中药制药,,,595,15596
0160,北京中医药大学[公办],,康复治疗学,,,596,15132
0160,北京中医药大学[公办],,护理学,,,587,19505
0160,北京中医药大学[公办],,大数据管理与应用,,,596,15132
0160,北京中医药大学[公办],,公共管理类,,,592,16998
0161,北京中医药大学东方学院[独立学院],,中医学,,,412,163586
0161,北京中医药大学东方学院[独立学院],,针灸推拿学,,,412,163586
0161,北京中医药大学东方学院[独立学院],,中西医临床医学,,,412,163586
0161,北京中医药大学东方学院[独立学院],,中药学,,,412,163586
0161,北京中医药大学东方学院[独立学院],,中药制药,,,412,163586
0161,北京中医药大学东方学院[独立学院],,医学检验技术,,,423,155642
0161,北京中医药大学东方学院[独立学院],,护理学,,,416,160740
0161,北京中医药大学东方学院[独立学院],,工商管理,,,424,154962
0161,北京中医药大学东方学院[独立学院],,市场营销,,,421,157137
0161,北京中医药大学东方学院[独立学院],,公共事业管理,,,419,158594
0161,北京中医药大学东方学院[独立学院],,健康服务与管理,,,425,154215
0163,滨州学院[公办],,电气工程及其自动化,,,477,109131
0163,滨州学院[公办],,土木工程,,,471,114847
0163,滨州学院[公办],,交通运输(空管与签派方向，男生),,,465,120370
0163,滨州学院[公办],,交通运输(民航机务工程方向，男生),,,460,124911
0163,滨州学院[公办],,交通运输(机场运行与管理方向),,,479,107280
0163,滨州学院[公办],,飞行器设计与工程,,,476,110122
0163,滨州学院[公办],,食品质量与安全,,,474,112067
0163,滨州学院[公办],,财务管理,,,507,80550
0164,滨州医学院(烟台市)[公办],,临床医学,,,532,58171
0164,滨州医学院(烟台市)[公办],,麻醉学,,,529,60756
0164,滨州医学院(烟台市)[公办],,预防医学,,,523,65971
0164,滨州医学院(烟台市)[公办],,中医学,,,525,64228
0164,滨州医学院(烟台市)[公办],,医学检验技术,,,525,64228
0164,滨州医学院(烟台市)[公办],,康复治疗学,,,519,69481
0164,滨州医学院(烟台市)[公办],,信息管理与信息系统,,,516,72111
0166,亳州学院[公办],,经济与金融,,,477,109131
0166,亳州学院[公办],,电子信息工程,,,475,111128
0166,亳州学院[公办],,酿酒工程,,,471,114847
0166,亳州学院[公办],,生物工程,,,466,119485
0166,亳州学院[公办],,中药学,,,476,110122
0166,亳州学院[公办],,电子商务,,,473,113007
0169,渤海大学(锦州市)[公办],,金融学(国际本科学术互认课程),,,505,82447
0169,渤海大学(锦州市)[公办],,法学,,,536,54791
0169,渤海大学(锦州市)[公办],,电气工程及其自动化,,,533,57317
0169,渤海大学(锦州市)[公办],,电子信息工程,,,538,53169
0169,渤海大学(锦州市)[公办],,自动化,,,535,55619
0169,渤海大学(锦州市)[公办],,软件工程,,,528,61650
0169,渤海大学(锦州市)[公办],,食品质量与安全,,,514,73932
0169,渤海大学(锦州市)[公办],,会计学,,,539,52338
0169,渤海大学(锦州市)[公办],,会计学(国际本科学术互认课程),,,498,89072
0169,渤海大学(锦州市)[公办],,食品科学与工程(中外合作办学),,,456,128454
0171,沧州交通学院(沧州市)[民办],,金融工程,,,438,143930
0171,沧州交通学院(沧州市)[民办],,英语,,,444,138829
0171,沧州交通学院(沧州市)[民办],,商务英语,,,436,145515
0171,沧州交通学院(沧州市)[民办],,机械工程,,,426,153495
0171,沧州交通学院(沧州市)[民办],,车辆工程,,,427,152752
0171,沧州交通学院(沧州市)[民办],,智能制造工程,,,429,151199
0171,沧州交通学院(沧州市)[民办],,能源与动力工程,,,428,152021
0171,沧州交通学院(沧州市)[民办],,电气工程及其自动化,,,431,149615
0171,沧州交通学院(沧州市)[民办],,人工智能,,,431,149615
0171,沧州交通学院(沧州市)[民办],,自动化,,,427,152752
0171,沧州交通学院(沧州市)[民办],,轨道交通信号与控制,,,427,152752
0171,沧州交通学院(沧州市)[民办],,计算机科学与技术,,,439,143057
0171,沧州交通学院(沧州市)[民办],,软件工程,,,432,148796
0171,沧州交通学院(沧州市)[民办],,物联网工程,,,431,149615
0171,沧州交通学院(沧州市)[民办],,数据科学与大数据技术,,,438,143930
0171,沧州交通学院(沧州市)[民办],,土木工程,,,422,156398
0171,沧州交通学院(沧州市)[民办],,建筑环境与能源应用工程,,,424,154962
0171,沧州交通学院(沧州市)[民办],,化学工程与工艺,,,417,160051
0171,沧州交通学院(沧州市)[民办],,制药工程,,,429,151199
0171,沧州交通学院(沧州市)[民办],,交通运输,,,422,156398
0171,沧州交通学院(沧州市)[民办],,风景园林,,,429,151199
0171,沧州交通学院(沧州市)[民办],,工程管理,,,426,153495
0171,沧州交通学院(沧州市)[民办],,工程造价,,,431,149615
0171,沧州交通学院(沧州市)[民办],,工商管理,,,439,143057
0171,沧州交通学院(沧州市)[民办],,财务管理,,,446,137128
0171,沧州交通学院(沧州市)[民办],,物流管理,,,432,148796
0171,沧州交通学院(沧州市)[民办],,电子商务,,,432,148796
0172,沧州师范学院[公办],,金融数学,,,467,118588
0172,沧州师范学院[公办],,法学,,,491,95797
0172,沧州师范学院[公办],,政治学与行政学,,,478,108213
0172,沧州师范学院[公办],,思想政治教育,,,491,95797
0172,沧州师范学院[公办],,科学教育,,,470,115794
0172,沧州师范学院[公办],,学前教育,,,480,106344
0172,沧州师范学院[公办],,汉语言文学,,,495,91989
0172,沧州师范学院[公办],,英语,,,494,92936
0172,沧州师范学院[公办],,商务英语,,,484,102507
0172,沧州师范学院[公办],,广告学,,,476,110122
0172,沧州师范学院[公办],,网络与新媒体,,,480,106344
0172,沧州师范学院[公办],,文物与博物馆学,,,462,123141
0172,沧州师范学院[公办],,数学与应用数学,,,482,104483
0172,沧州师范学院[公办],,物理学,,,467,118588
0172,沧州师范学院[公办],,化学,,,468,117642
0172,沧州师范学院[公办],,应用化学,,,460,124911
0172,沧州师范学院[公办],,生物科学,,,467,118588
0172,沧州师范学院[公办],,生物技术,,,465,120370
0172,沧州师范学院[公办],,应用心理学,,,477,109131
0172,沧州师范学院[公办],,统计学,,,469,116739
0172,沧州师范学院[公办],,机械电子工程,,,466,119485
0172,沧州师范学院[公办],,电气工程及其自动化,,,468,117642
0172,沧州师范学院[公办],,通信工程,,,469,116739
0172,沧州师范学院[公办],,信息工程,,,467,118588
0172,沧州师范学院[公办],,自动化,,,467,118588
0172,沧州师范学院[公办],,计算机科学与技术,,,477,109131
0172,沧州师范学院[公办],,软件工程,,,476,110122
0172,沧州师范学院[公办],,物联网工程,,,470,115794
0172,沧州师范学院[公办],,数据科学与大数据技术,,,472,113947
0172,沧州师范学院[公办],,化学工程与工艺,,,459,125856
0172,沧州师范学院[公办],,环境工程,,,464,121286
0172,沧州师范学院[公办],,园林,,,464,121286
0172,沧州师范学院[公办],,市场营销,,,465,120370
0172,沧州师范学院[公办],,财务管理,,,476,110122
0172,沧州师范学院[公办],,国际商务,,,464,121286
0172,沧州师范学院[公办],,电子商务,,,468,117642
0172,沧州师范学院[公办],,酒店管理,,,462,123141
0184,昌吉学院[公办],,金融数学,,,450,133684
0184,昌吉学院[公办],,学前教育,,,456,128454
0184,昌吉学院[公办],,英语,,,453,131095
0184,昌吉学院[公办],,物理学,,,452,131939
0184,昌吉学院[公办],,应用化学,,,447,136314
0184,昌吉学院[公办],,应用统计学,,,450,133684
0184,昌吉学院[公办],,能源与动力工程,,,454,130189
0184,昌吉学院[公办],,网络工程,,,456,128454
0184,昌吉学院[公办],,化学工程与工艺,,,448,135403
0184,昌吉学院[公办],,交通运输,,,451,132831
0184,昌吉学院[公办],,工商管理,,,456,128454
0184,昌吉学院[公办],,公共事业管理,,,449,134515
0184,昌吉学院[公办],,旅游管理,,,447,136314
0185,长安大学(西安市)[公办],,工科试验班,,,601,13049
0185,长安大学(西安市)[公办],,经济学类,,,600,13430
0185,长安大学(西安市)[公办],,思想政治教育,,,604,11858
0185,长安大学(西安市)[公办],,英语,,,601,13049
0185,长安大学(西安市)[公办],,新闻传播学类,,,601,13049
0185,长安大学(西安市)[公办],,数学类,,,600,13430
0185,长安大学(西安市)[公办],,地质学类,,,591,17508
0185,长安大学(西安市)[公办],,工程力学,,,594,16046
0185,长安大学(西安市)[公办],,机械类,,,595,15596
0185,长安大学(西安市)[公办],,车辆工程,,,600,13430
0185,长安大学(西安市)[公办],,汽车服务工程,,,594,16046
0185,长安大学(西安市)[公办],,材料类,,,592,16998
0185,长安大学(西安市)[公办],,能源与动力工程,,,599,13858
0185,长安大学(西安市)[公办],,电气工程及其自动化,,,602,12631
0185,长安大学(西安市)[公办],,电子信息类,,,603,12248
0185,长安大学(西安市)[公办],,人工智能,,,602,12631
0185,长安大学(西安市)[公办],,自动化类,,,601,13049
0185,长安大学(西安市)[公办],,计算机类,,,603,12248
0185,长安大学(西安市)[公办],,土木类,,,590,17968
0185,长安大学(西安市)[公办],,城市地下空间工程,,,595,15596
0185,长安大学(西安市)[公办],,道路桥梁与渡河工程,,,599,13858
0185,长安大学(西安市)[公办],,道路桥梁与渡河工程(国际工程班),,,601,13049
0185,长安大学(西安市)[公办],,水利类,,,596,15132
0185,长安大学(西安市)[公办],,测绘类,,,593,16515
0185,长安大学(西安市)[公办],,化学工程与工艺,,,592,16998
0185,长安大学(西安市)[公办],,地质工程,,,593,16515
0185,长安大学(西安市)[公办],,交通运输,,,601,13049
0185,长安大学(西安市)[公办],,交通工程,,,601,13049
0185,长安大学(西安市)[公办],,交通工程(国际工程班),,,602,12631
0185,长安大学(西安市)[公办],,交通设备与控制工程,,,598,14272
0185,长安大学(西安市)[公办],,环境科学与工程类,,,594,16046
0185,长安大学(西安市)[公办],,建筑类,,,594,16046
0185,长安大学(西安市)[公办],,安全工程,,,593,16515
0185,长安大学(西安市)[公办],,管理科学与工程类,,,593,16515
0185,长安大学(西安市)[公办],,大数据管理与应用,,,600,13430
0185,长安大学(西安市)[公办],,工商管理类,,,599,13858
0185,长安大学(西安市)[公办],,公共管理类,,,600,13430
0185,长安大学(西安市)[公办],,物流管理,,,596,15132
0185,长安大学(西安市)[公办],,物流工程,,,594,16046
0185,长安大学(西安市)[公办],,车辆工程(中外合作办学),,,556,39008
0185,长安大学(西安市)[公办],,道路桥梁与渡河工程(中外合作办学),,,562,34751
0185,长安大学(西安市)[公办],,交通运输(中外合作办学),,,558,37566
0188,长春财经学院[民办],,经济学,,,451,132831
0188,长春财经学院[民办],,经济统计学,,,428,152021
0188,长春财经学院[民办],,税收学,,,444,138829
0188,长春财经学院[民办],,金融学,,,445,137992
0188,长春财经学院[民办],,金融工程,,,445,137992
0188,长春财经学院[民办],,保险学,,,421,157137
0188,长春财经学院[民办],,投资学,,,442,140581
0188,长春财经学院[民办],,国际经济与贸易,,,437,144729
0188,长春财经学院[民办],,法学,,,460,124911
0188,长春财经学院[民办],,小学教育,,,444,138829
0188,长春财经学院[民办],,汉语国际教育,,,438,143930
0188,长春财经学院[民办],,英语,,,444,138829
0188,长春财经学院[民办],,网络与新媒体,,,444,138829
0188,长春财经学院[民办],,人工智能,,,438,143930
0188,长春财经学院[民办],,计算机科学与技术,,,450,133684
0188,长春财经学院[民办],,物联网工程,,,442,140581
0188,长春财经学院[民办],,数据科学与大数据技术,,,440,142251
0188,长春财经学院[民办],,信息管理与信息系统,,,439,143057
0188,长春财经学院[民办],,工商管理,,,439,143057
0188,长春财经学院[民办],,市场营销,,,437,144729
0188,长春财经学院[民办],,会计学,,,447,136314
0188,长春财经学院[民办],,财务管理,,,446,137128
0188,长春财经学院[民办],,人力资源管理,,,437,144729
0188,长春财经学院[民办],,审计学,,,447,136314
0188,长春财经学院[民办],,物流管理,,,434,147162
0188,长春财经学院[民办],,电子商务,,,436,145515
0188,长春财经学院[民办],,跨境电子商务,,,424,154962
0188,长春财经学院[民办],,旅游管理,,,418,159311
0189,长春大学[公办],,网络与新媒体,,,528,61650
0189,长春大学[公办],,数学与应用数学,,,527,62507
0189,长春大学[公办],,机械工程,,,528,61650
0189,长春大学[公办],,车辆工程,,,523,65971
0189,长春大学[公办],,材料科学与工程,,,520,68600
0189,长春大学[公办],,电气工程及其自动化,,,531,58995
0189,长春大学[公办],,通信工程,,,530,59831
0189,长春大学[公办],,自动化,,,530,59831
0189,长春大学[公办],,计算机科学与技术,,,541,50682
0189,长春大学[公办],,软件工程,,,531,58995
0189,长春大学[公办],,网络工程,,,528,61650
0189,长春大学[公办],,数据科学与大数据技术,,,530,59831
0189,长春大学[公办],,网络空间安全,,,528,61650
0189,长春大学[公办],,风景园林,,,525,64228
0189,长春大学[公办],,园林,,,519,69481
0189,长春大学[公办],,工业工程,,,523,65971
0189,长春大学[公办],,机械工程(中外合作办学),,,481,105433
0189,长春大学[公办],,材料科学与工程(中外合作办学),,,475,111128
0189,长春大学[公办],,电子信息工程(中外合作办学),,,492,94896
0189,长春大学[公办],,自动化(中外合作办学),,,485,101531
0190,长春大学旅游学院[独立学院],,金融学,,,419,158594
0190,长春大学旅游学院[独立学院],,国际经济与贸易,,,427,152752
0190,长春大学旅游学院[独立学院],,汉语国际教育,,,437,144729
0190,长春大学旅游学院[独立学院],,英语,,,436,145515
0190,长春大学旅游学院[独立学院],,日语,,,428,152021
0190,长春大学旅游学院[独立学院],,人工智能,,,414,162144
0190,长春大学旅游学院[独立学院],,网络工程,,,416,160740
0190,长春大学旅游学院[独立学院],,物联网工程,,,414,162144
0190,长春大学旅游学院[独立学院],,数据科学与大数据技术,,,413,162888
0190,长春大学旅游学院[独立学院],,工程造价,,,415,161451
0190,长春大学旅游学院[独立学院],,市场营销,,,418,159311
0190,长春大学旅游学院[独立学院],,会计学,,,432,148796
0190,长春大学旅游学院[独立学院],,财务管理,,,424,154962
0190,长春大学旅游学院[独立学院],,人力资源管理,,,416,160740
0190,长春大学旅游学院[独立学院],,文化产业管理,,,425,154215
0190,长春大学旅游学院[独立学院],,物流管理,,,,
0190,长春大学旅游学院[独立学院],,电子商务,,,424,154962
0190,长春大学旅游学院[独立学院],,旅游管理,,,417,160051
0190,长春大学旅游学院[独立学院],,酒店管理,,,,
0191,长春电子科技学院[民办],,机械设计制造及其自动化,,,435,146339
0191,长春电子科技学院[民办],,机械电子工程,,,415,161451
0191,长春电子科技学院[民办],,智能制造工程,,,419,158594
0191,长春电子科技学院[民办],,测控技术与仪器,,,412,163586
0191,长春电子科技学院[民办],,新能源科学与工程,,,415,161451
0191,长春电子科技学院[民办],,电气工程及其自动化,,,425,154215
0191,长春电子科技学院[民办],,电子信息工程,,,432,148796
0191,长春电子科技学院[民办],,电子科学与技术,,,422,156398
0191,长春电子科技学院[民办],,通信工程,,,421,157137
0191,长春电子科技学院[民办],,光电信息科学与工程,,,432,148796
0191,长春电子科技学院[民办],,光电信息科学与工程,,,414,162144
0191,长春电子科技学院[民办],,电子信息科学与技术,,,441,141442
0191,长春电子科技学院[民办],,自动化,,,430,150433
0191,长春电子科技学院[民办],,轨道交通信号与控制,,,424,154962
0191,长春电子科技学院[民办],,计算机科学与技术,,,426,153495
0191,长春电子科技学院[民办],,软件工程,,,434,147162
0191,长春电子科技学院[民办],,物联网工程,,,430,150433
0191,长春电子科技学院[民办],,数据科学与大数据技术,,,423,155642
0193,长春工程学院[公办],,英语,,,517,71252
0193,长春工程学院[公办],,应用化学,,,504,83397
0193,长春工程学院[公办],,机械设计制造及其自动化,,,512,75821
0193,长春工程学院[公办],,材料成型及控制工程,,,503,84351
0193,长春工程学院[公办],,汽车服务工程,,,495,91989
0193,长春工程学院[公办],,智能车辆工程,,,504,83397
0193,长春工程学院[公办],,宝石及材料工艺学,,,505,82447
0193,长春工程学院[公办],,能源与动力工程,,,514,73932
0193,长春工程学院[公办],,新能源科学与工程,,,514,73932
0193,长春工程学院[公办],,电气工程及其自动化,,,535,55619
0193,长春工程学院[公办],,智能电网信息工程,,,520,68600
0193,长春工程学院[公办],,电子信息工程,,,522,66880
0193,长春工程学院[公办],,自动化,,,516,72111
0193,长春工程学院[公办],,机器人工程,,,511,76779
0193,长春工程学院[公办],,计算机科学与技术,,,519,69481
0193,长春工程学院[公办],,软件工程,,,519,69481
0193,长春工程学院[公办],,物联网工程,,,519,69481
0193,长春工程学院[公办],,数据科学与大数据技术,,,513,74844
0193,长春工程学院[公办],,土木工程,,,501,88132
0193,长春工程学院[公办],,建筑环境与能源应用工程,,,497,90044
0193,长春工程学院[公办],,给排水科学与工程,,,510,77713
0193,长春工程学院[公办],,建筑电气与智能化,,,504,83397
0193,长春工程学院[公办],,城市地下空间工程,,,498,89072
0193,长春工程学院[公办],,道路桥梁与渡河工程,,,498,89072
0193,长春工程学院[公办],,水利水电工程,,,500,88132
0193,长春工程学院[公办],,水文与水资源工程,,,509,78673
0193,长春工程学院[公办],,测绘工程,,,497,90044
0193,长春工程学院[公办],,地质工程,,,498,89072
0193,长春工程学院[公办],,资源勘查工程,,,483,103506
0193,长春工程学院[公办],,农业水利工程,,,500,88132
0193,长春工程学院[公办],,环境科学,,,496,90982
0193,长春工程学院[公办],,建筑学,,,502,85294
0193,长春工程学院[公办],,城乡规划,,,503,84351
0193,长春工程学院[公办],,安全工程,,,508,79620
0193,长春工程学院[公办],,应急技术与管理,,,497,90044
0193,长春工程学院[公办],,工程管理,,,501,88132
0193,长春工程学院[公办],,房地产开发与管理,,,491,95797
0193,长春工程学院[公办],,工程造价,,,508,79620
0193,长春工程学院[公办],,市场营销,,,502,85294
0193,长春工程学院[公办],,财务管理,,,520,68600
0193,长春工程学院[公办],,机械设计制造及其自动化(中外合作办学),,,458,126654
0193,长春工程学院[公办],,能源与动力工程(中外合作办学),,,455,129310
0193,长春工程学院[公办],,电气工程及其自动化(中外合作办学),,,487,99599
0193,长春工程学院[公办],,土木工程(中外合作办学),,,456,128454
0194,长春工程学院(边防军人子女预科班)[公办],,预科班,,,365,189937
0195,长春工业大学[公办],,金融学,,,531,58995
0195,长春工业大学[公办],,国际经济与贸易,,,526,63346
0195,长春工业大学[公办],,英语,,,533,57317
0195,长春工业大学[公办],,俄语,,,526,63346
0195,长春工业大学[公办],,日语,,,525,64228
0195,长春工业大学[公办],,网络与新媒体,,,544,48201
0195,长春工业大学[公办],,信息与计算科学,,,532,58171
0195,长春工业大学[公办],,化学,,,518,70350
0195,长春工业大学[公办],,统计学,,,530,59831
0195,长春工业大学[公办],,材料成型及控制工程,,,520,68600
0195,长春工业大学[公办],,机械电子工程,,,537,53967
0195,长春工业大学[公办],,工业设计,,,534,56478
0195,长春工业大学[公办],,车辆工程,,,537,53967
0195,长春工业大学[公办],,智能制造工程,,,530,59831
0195,长春工业大学[公办],,测控技术与仪器,,,533,57317
0195,长春工业大学[公办],,材料物理,,,517,71252
0195,长春工业大学[公办],,材料化学,,,517,71252
0195,长春工业大学[公办],,金属材料工程,,,516,72111
0195,长春工业大学[公办],,高分子材料与工程,,,527,62507
0195,长春工业大学[公办],,电气工程及其自动化,,,535,55619
0195,长春工业大学[公办],,电子信息工程,,,537,53967
0195,长春工业大学[公办],,自动化,,,537,53967
0195,长春工业大学[公办],,机器人工程,,,534,56478
0195,长春工业大学[公办],,计算机科学与技术,,,538,53169
0195,长春工业大学[公办],,软件工程,,,538,53169
0195,长春工业大学[公办],,信息安全,,,535,55619
0195,长春工业大学[公办],,数字媒体技术,,,531,58995
0195,长春工业大学[公办],,数据科学与大数据技术,,,535,55619
0195,长春工业大学[公办],,化学工程与工艺,,,523,65971
0195,长春工业大学[公办],,制药工程,,,522,66880
0195,长春工业大学[公办],,涂料工程,,,503,84351
0195,长春工业大学[公办],,化妆品技术与工程,,,525,64228
0195,长春工业大学[公办],,食品科学与工程,,,518,70350
0195,长春工业大学[公办],,生物工程,,,529,60756
0195,长春工业大学[公办],,信息管理与信息系统,,,531,58995
0195,长春工业大学[公办],,工商管理,,,526,63346
0195,长春工业大学[公办],,会计学,,,533,57317
0195,长春工业大学[公办],,公共事业管理,,,525,64228
0195,长春工业大学[公办],,行政管理,,,527,62507
0195,长春工业大学[公办],,工业工程,,,522,66880
0195,长春工业大学[公办],,电子商务,,,527,62507
0195,长春工业大学[公办],,机械工程(中外合作办学),,,497,90044
0195,长春工业大学[公办],,电气工程及其自动化(中外合作办学),,,503,84351
0195,长春工业大学[公办],,计算机科学与技术(中外合作办学),,,503,84351
0195,长春工业大学[公办],,工业工程(中外合作办学),,,475,111128
0197,长春工业大学人文信息学院[独立学院],,金融学,,,426,153495
0197,长春工业大学人文信息学院[独立学院],,国际经济与贸易,,,422,156398
0197,长春工业大学人文信息学院[独立学院],,法学,,,433,147987
0197,长春工业大学人文信息学院[独立学院],,英语,,,424,154962
0197,长春工业大学人文信息学院[独立学院],,日语,,,426,153495
0197,长春工业大学人文信息学院[独立学院],,商务英语,,,427,152752
0197,长春工业大学人文信息学院[独立学院],,机械工程,,,435,146339
0197,长春工业大学人文信息学院[独立学院],,机械设计制造及其自动化,,,433,147987
0197,长春工业大学人文信息学院[独立学院],,车辆工程,,,441,141442
0197,长春工业大学人文信息学院[独立学院],,智能制造工程,,,431,149615
0197,长春工业大学人文信息学院[独立学院],,新能源汽车工程,,,431,149615
0197,长春工业大学人文信息学院[独立学院],,电气工程及其自动化,,,438,143930
0197,长春工业大学人文信息学院[独立学院],,电子信息工程,,,428,152021
0197,长春工业大学人文信息学院[独立学院],,人工智能,,,419,158594
0197,长春工业大学人文信息学院[独立学院],,自动化,,,435,146339
0197,长春工业大学人文信息学院[独立学院],,轨道交通信号与控制,,,432,148796
0197,长春工业大学人文信息学院[独立学院],,机器人工程,,,422,156398
0197,长春工业大学人文信息学院[独立学院],,计算机科学与技术,,,434,147162
0197,长春工业大学人文信息学院[独立学院],,软件工程,,,432,148796
0197,长春工业大学人文信息学院[独立学院],,数据科学与大数据技术,,,434,147162
0197,长春工业大学人文信息学院[独立学院],,土木工程,,,425,154215
0197,长春工业大学人文信息学院[独立学院],,智能建造,,,,
0197,长春工业大学人文信息学院[独立学院],,制药工程,,,429,151199
0197,长春工业大学人文信息学院[独立学院],,工程管理,,,418,159311
0197,长春工业大学人文信息学院[独立学院],,工程造价,,,423,155642
0197,长春工业大学人文信息学院[独立学院],,工商管理,,,431,149615
0197,长春工业大学人文信息学院[独立学院],,市场营销,,,412,163586
0197,长春工业大学人文信息学院[独立学院],,会计学,,,441,141442
0197,长春工业大学人文信息学院[独立学院],,财务管理,,,428,152021
0197,长春工业大学人文信息学院[独立学院],,人力资源管理,,,426,153495
0197,长春工业大学人文信息学院[独立学院],,物流管理,,,429,151199
0197,长春工业大学人文信息学院[独立学院],,电子商务,,,412,163586
0198,长春光华学院[民办],,英语,,,433,147987
0198,长春光华学院[民办],,机械设计制造及其自动化,,,441,141442
0198,长春光华学院[民办],,汽车服务工程,,,428,152021
0198,长春光华学院[民办],,电气工程及其自动化,,,436,145515
0198,长春光华学院[民办],,电子信息工程,,,438,143930
0198,长春光华学院[民办],,计算机科学与技术,,,442,140581
0198,长春光华学院[民办],,物联网工程,,,436,145515
0198,长春光华学院[民办],,数字媒体技术,,,435,146339
0199,长春建筑学院[民办],,电气工程及其自动化,,,430,150433
0199,长春建筑学院[民办],,电子信息工程,,,425,154215
0199,长春建筑学院[民办],,通信工程,,,418,159311
0199,长春建筑学院[民办],,人工智能,,,419,158594
0199,长春建筑学院[民办],,自动化,,,417,160051
0199,长春建筑学院[民办],,机器人工程,,,412,163586
0199,长春建筑学院[民办],,计算机科学与技术,,,436,145515
0199,长春建筑学院[民办],,信息安全,,,415,161451
0199,长春建筑学院[民办],,物联网工程,,,412,163586
0199,长春建筑学院[民办],,数字媒体技术,,,427,152752
0199,长春建筑学院[民办],,智能科学与技术,,,417,160051
0199,长春建筑学院[民办],,数据科学与大数据技术,,,421,157137
0199,长春建筑学院[民办],,土木工程,,,435,146339
0199,长春建筑学院[民办],,建筑环境与能源应用工程,,,424,154962
0199,长春建筑学院[民办],,建筑电气与智能化,,,428,152021
0199,长春建筑学院[民办],,城市地下空间工程,,,432,148796
0199,长春建筑学院[民办],,道路桥梁与渡河工程,,,426,153495
0199,长春建筑学院[民办],,测绘工程,,,417,160051
0199,长春建筑学院[民办],,交通工程,,,414,162144
0199,长春建筑学院[民办],,建筑学,,,435,146339
0199,长春建筑学院[民办],,城乡规划,,,412,163586
0199,长春建筑学院[民办],,风景园林,,,420,157892
0199,长春建筑学院[民办],,工程管理,,,415,161451
0199,长春建筑学院[民办],,房地产开发与管理,,,416,160740
0199,长春建筑学院[民办],,工程造价,,,431,149615
0202,长春科技学院[民办],,金融学类,,,419,158594
0202,长春科技学院[民办],,汉语国际教育,,,413,162888
0202,长春科技学院[民办],,英语,,,419,158594
0202,长春科技学院[民办],,日语,,,413,162888
0202,长春科技学院[民办],,应用化学,,,413,162888
0202,长春科技学院[民办],,机械类,,,413,162888
0202,长春科技学院[民办],,电子信息科学与技术,,,415,161451
0202,长春科技学院[民办],,人工智能,,,414,162144
0202,长春科技学院[民办],,自动化,,,414,162144
0202,长春科技学院[民办],,轨道交通信号与控制,,,425,154215
0202,长春科技学院[民办],,计算机类,,,412,163586
0202,长春科技学院[民办],,土木类,,,412,163586
0202,长春科技学院[民办],,环境工程,,,419,158594
0202,长春科技学院[民办],,食品科学与工程类,,,414,162144
0202,长春科技学院[民办],,生物工程,,,414,162144
0202,长春科技学院[民办],,动物医学,,,432,148796
0202,长春科技学院[民办],,中药学,,,426,153495
0202,长春科技学院[民办],,护理学,,,424,154962
0202,长春科技学院[民办],,工程造价,,,413,162888
0202,长春科技学院[民办],,工商管理类,,,417,160051
0202,长春科技学院[民办],,财务管理,,,412,163586
0202,长春科技学院[民办],,人力资源管理,,,412,163586
0202,长春科技学院[民办],,电子商务,,,413,162888
0203,长春理工大学[公办],,金融工程,,,557,38272
0203,长春理工大学[公办],,国际经济与贸易,,,560,36168
0203,长春理工大学[公办],,法学,,,562,34751
0203,长春理工大学[公办],,英语,,,562,34751
0203,长春理工大学[公办],,广告学,,,556,39008
0203,长春理工大学[公办],,网络与新媒体,,,563,34024
0203,长春理工大学[公办],,数学类,,,569,30021
0203,长春理工大学[公办],,应用物理学,,,564,32737
0203,长春理工大学[公办],,应用化学,,,555,39718
0203,长春理工大学[公办],,生物技术,,,560,36168
0203,长春理工大学[公办],,应用统计学,,,563,34024
0203,长春理工大学[公办],,机械设计制造及其自动化,,,565,32080
0203,长春理工大学[公办],,机械电子工程,,,564,32737
0203,长春理工大学[公办],,过程装备与控制工程,,,561,35449
0203,长春理工大学[公办],,测控技术与仪器,,,566,31393
0203,长春理工大学[公办],,材料化学,,,552,42004
0203,长春理工大学[公办],,无机非金属材料工程,,,559,36873
0203,长春理工大学[公办],,新能源材料与器件,,,562,34751
0203,长春理工大学[公办],,电气工程及其自动化,,,567,31356
0203,长春理工大学[公办],,电子信息工程,,,565,32080
0203,长春理工大学[公办],,电子科学与技术,,,570,29403
0203,长春理工大学[公办],,通信工程,,,567,31356
0203,长春理工大学[公办],,光电信息科学与工程,,,568,30714
0203,长春理工大学[公办],,光电信息科学与工程,,,571,28818
0203,长春理工大学[公办],,电子信息科学与技术,,,566,31393
0203,长春理工大学[公办],,自动化,,,566,31393
0203,长春理工大学[公办],,机器人工程,,,569,30021
0203,长春理工大学[公办],,计算机科学与技术,,,574,26972
0203,长春理工大学[公办],,软件工程,,,574,26972
0203,长春理工大学[公办],,信息安全,,,567,31356
0203,长春理工大学[公办],,智能科学与技术,,,567,31356
0203,长春理工大学[公办],,数据科学与大数据技术,,,569,30021
0203,长春理工大学[公办],,化学工程与工艺,,,555,39718
0203,长春理工大学[公办],,信息对抗技术,,,569,30021
0203,长春理工大学[公办],,生物医学工程,,,559,36873
0203,长春理工大学[公办],,生物工程,,,558,37566
0203,长春理工大学[公办],,信息管理与信息系统,,,564,32737
0203,长春理工大学[公办],,工商管理类,,,555,39718
0203,长春理工大学[公办],,光电信息科学与工程(中外合作办学),,,479,107280
0203,长春理工大学[公办],,光电信息科学与工程(中外合作办学),,,503,84351
0203,长春理工大学[公办],,生物工程(中外合作办学),,,455,129310
0205,长春人文学院(长春市)[民办],,金融学,,,441,141442
0205,长春人文学院(长春市)[民办],,学前教育,,,438,143930
0205,长春人文学院(长春市)[民办],,英语,,,452,131939
0205,长春人文学院(长春市)[民办],,会计学,,,449,134515
0206,长春师范大学[公办],,经济与金融,,,523,65971
0206,长春师范大学[公办],,数学与应用数学,,,537,53967
0206,长春师范大学[公办],,物理学类,,,531,58995
0206,长春师范大学[公办],,化学,,,536,54791
0206,长春师范大学[公办],,地理信息科学,,,525,64228
0206,长春师范大学[公办],,生物科学,,,545,47376
0206,长春师范大学[公办],,应用心理学,,,521,67756
0206,长春师范大学[公办],,车辆工程,,,514,73932
0206,长春师范大学[公办],,智能制造工程,,,512,75821
0206,长春师范大学[公办],,人工智能,,,515,73018
0206,长春师范大学[公办],,数据科学与大数据技术,,,520,68600
0206,长春师范大学[公办],,会计学,,,526,63346
0206,长春师范大学[公办],,图书馆学,,,514,73932
0206,长春师范大学[公办],,计算机科学与技术(中外合作办学),,,507,80550
0211,长春中医药大学[公办],,临床医学,,,561,35449
0211,长春中医药大学[公办],,中医学,,,555,39718
0211,长春中医药大学[公办],,中医学(5+3一体化),,,567,31356
0211,长春中医药大学[公办],,针灸推拿学,,,538,53169
0211,长春中医药大学[公办],,中医康复学,,,544,48201
0211,长春中医药大学[公办],,中医骨伤科学,,,553,41254
0211,长春中医药大学[公办],,中西医临床医学,,,554,40472
0211,长春中医药大学[公办],,生物制药(中外合作办学),,,484,102507
0212,长江大学[公办],,经济学类,,,550,43499
0212,长江大学[公办],,金融学(含荆楚卓越人才协同育人计划),,,554,40472
0212,长江大学[公办],,法学类(含荆楚卓越法律人才协同育人计划),,,556,39008
0212,长江大学[公办],,中国语言文学类,,,563,34024
0212,长江大学[公办],,外国语言文学类,,,552,42004
0212,长江大学[公办],,数学类,,,553,41254
0212,长江大学[公办],,物理学类(含省荆楚卓越教师协同育人计划),,,550,43499
0212,长江大学[公办],,化学类(含省支柱产业人才培养计划),,,543,49037
0212,长江大学[公办],,地理信息科学(GIS、测绘，含省支柱产业人才计划),,,545,47376
0212,长江大学[公办],,地球物理学类(国家特色专业，含教育部卓越工程师计划),,,541,50682
0212,长江大学[公办],,地质学类,,,538,53169
0212,长江大学[公办],,生物科学类,,,538,53169
0212,长江大学[公办],,机械类(含教育部卓越工程师、省支柱人才培养计划),,,553,41254
0212,长江大学[公办],,工业设计(智能化产品),,,547,45772
0212,长江大学[公办],,测控技术与仪器(智能感知),,,547,45772
0212,长江大学[公办],,新能源科学与工程,,,550,43499
0212,长江大学[公办],,电气类(含省支柱产业计划、荆楚卓越人才计划),,,556,39008
0212,长江大学[公办],,电子信息类(国家一流专业、教育部卓越工程师培养计划),,,560,36168
0212,长江大学[公办],,光电信息科学与工程,,,550,43499
0212,长江大学[公办],,计算机类,,,557,38272
0212,长江大学[公办],,信息安全,,,557,38272
0212,长江大学[公办],,数据科学与大数据技术,,,558,37566
0212,长江大学[公办],,土木类(含省荆楚卓越人才协同育人计划),,,543,49037
0212,长江大学[公办],,化工与制药类,,,540,51523
0212,长江大学[公办],,资源勘查工程(石油勘探、新能源、油气测录工程),,,539,52338
0212,长江大学[公办],,石油工程(含中俄能源方向、教育部卓越工程师计划),,,545,47376
0212,长江大学[公办],,油气储运工程(含中俄能源方向),,,540,51523
0212,长江大学[公办],,海洋油气工程,,,539,52338
0212,长江大学[公办],,环境科学与工程类,,,542,49854
0212,长江大学[公办],,环境工程(水处理、环境监测),,,538,53169
0212,长江大学[公办],,食品科学与工程类,,,537,53967
0212,长江大学[公办],,建筑类,,,546,45883
0212,长江大学[公办],,植物生产类(含教育部卓越农林计划、省支柱产业计划),,,533,57317
0212,长江大学[公办],,农业资源与环境(生态农业),,,535,55619
0212,长江大学[公办],,动物医学类(含教育部卓越农林人才教育培养计划),,,541,50682
0212,长江大学[公办],,临床医学(含教育部卓越医生、省荆楚卓越人才育人计划),,,564,32737
0212,长江大学[公办],,中西医临床医学,,,555,39718
0212,长江大学[公办],,医学技术类,,,545,47376
0212,长江大学[公办],,信息管理与信息系统,,,549,44261
0212,长江大学[公办],,土木工程(中外合作办学),,,496,90982
0213,长江大学文理学院[独立学院],,外国语言文学类,,,446,137128
0215,长江师范学院(重庆市)[公办],,新闻传播学类,,,520,68600
0215,长江师范学院(重庆市)[公办],,数学与应用数学,,,529,60756
0215,长江师范学院(重庆市)[公办],,机械类,,,511,76779
0215,长江师范学院(重庆市)[公办],,材料类,,,502,85294
0215,长江师范学院(重庆市)[公办],,电子信息类,,,516,72111
0215,长江师范学院(重庆市)[公办],,机器人工程,,,515,73018
0215,长江师范学院(重庆市)[公办],,计算机类,,,524,65102
0215,长江师范学院(重庆市)[公办],,环境科学与工程类,,,497,90044
0215,长江师范学院(重庆市)[公办],,食品科学与工程,,,501,88132
0215,长江师范学院(重庆市)[公办],,生物工程,,,497,90044
0215,长江师范学院(重庆市)[公办],,土木工程(中外合作办学),,,456,128454
0220,长沙理工大学[公办],,数学与应用数学,,,574,26972
0220,长沙理工大学[公办],,地理信息科学,,,567,31356
0220,长沙理工大学[公办],,应用统计学,,,576,25729
0220,长沙理工大学[公办],,工程力学,,,567,31356
0220,长沙理工大学[公办],,机械类,,,572,28175
0220,长沙理工大学[公办],,材料类,,,567,31356
0220,长沙理工大学[公办],,能源动力类,,,568,30714
0220,长沙理工大学[公办],,电气工程及其自动化,,,591,17508
0220,长沙理工大学[公办],,智能电网信息工程,,,582,22261
0220,长沙理工大学[公办],,电子信息类,,,576,25729
0220,长沙理工大学[公办],,电子信息工程,,,578,24508
0220,长沙理工大学[公办],,通信工程,,,581,22793
0220,长沙理工大学[公办],,人工智能,,,574,26972
0220,长沙理工大学[公办],,自动化,,,577,25118
0220,长沙理工大学[公办],,轨道交通信号与控制,,,571,28818
0220,长沙理工大学[公办],,机器人工程,,,573,27552
0220,长沙理工大学[公办],,计算机类,,,579,23927
0220,长沙理工大学[公办],,数据科学与大数据技术,,,580,23348
0220,长沙理工大学[公办],,土木工程,,,569,30021
0220,长沙理工大学[公办],,给排水科学与工程,,,567,31356
0220,长沙理工大学[公办],,城市地下空间工程,,,566,31393
0220,长沙理工大学[公办],,道路桥梁与渡河工程,,,562,34751
0220,长沙理工大学[公办],,智能建造,,,568,30714
0220,长沙理工大学[公办],,水利类,,,570,29403
0220,长沙理工大学[公办],,测绘工程,,,563,34024
0220,长沙理工大学[公办],,化工与制药类,,,562,34751
0220,长沙理工大学[公办],,交通运输类,,,572,28175
0220,长沙理工大学[公办],,船舶与海洋工程,,,560,36168
0220,长沙理工大学[公办],,环境工程,,,561,35449
0220,长沙理工大学[公办],,建筑类,,,570,29403
0220,长沙理工大学[公办],,生物工程类,,,563,34024
0220,长沙理工大学[公办],,工程管理,,,567,31356
0220,长沙理工大学[公办],,财务管理,,,576,25729
0220,长沙理工大学[公办],,人力资源管理,,,570,29403
0220,长沙理工大学[公办],,机械设计制造及其自动化(中外合作办学),,,544,48201
0220,长沙理工大学[公办],,电气工程及其自动化(中外合作办学),,,567,31356
0221,长沙理工大学城南学院[独立学院],,国际经济与贸易,,,484,102507
0221,长沙理工大学城南学院[独立学院],,机械设计制造及其自动化,,,468,117642
0221,长沙理工大学城南学院[独立学院],,汽车服务工程,,,458,126654
0221,长沙理工大学城南学院[独立学院],,能源与动力工程,,,468,117642
0221,长沙理工大学城南学院[独立学院],,电气工程及其自动化,,,479,107280
0221,长沙理工大学城南学院[独立学院],,电子信息工程,,,471,114847
0221,长沙理工大学城南学院[独立学院],,通信工程,,,467,118588
0221,长沙理工大学城南学院[独立学院],,自动化,,,467,118588
0221,长沙理工大学城南学院[独立学院],,计算机科学与技术,,,475,111128
0221,长沙理工大学城南学院[独立学院],,土木工程,,,461,124059
0221,长沙理工大学城南学院[独立学院],,水利水电工程,,,460,124911
0221,长沙理工大学城南学院[独立学院],,工程管理,,,459,125856
0221,长沙理工大学城南学院[独立学院],,会计学,,,473,113007
0221,长沙理工大学城南学院[独立学院],,物流工程,,,461,124059
0224,长沙师范学院[公办],,电子信息工程,,,498,89072
0224,长沙师范学院[公办],,包装工程,,,486,100581
0225,长沙学院[公办],,机械设计制造及其自动化,,,513,74844
0225,长沙学院[公办],,汽车服务工程,,,502,85294
0225,长沙学院[公办],,电气工程及其自动化,,,516,72111
0225,长沙学院[公办],,软件工程,,,523,65971
0225,长沙学院[公办],,数字媒体技术,,,527,62507
0225,长沙学院[公办],,生物工程,,,506,81500
0225,长沙学院[公办],,生物制药,,,507,80550
0225,长沙学院[公办],,工程造价,,,511,76779
0225,长沙学院[公办],,市场营销,,,511,76779
0225,长沙学院[公办],,物业管理,,,504,83397
0226,长沙医学院[民办],,临床医学,,,510,77713
0226,长沙医学院[民办],,医学影像学,,,481,105433
0226,长沙医学院[民办],,口腔医学,,,504,83397
0226,长沙医学院[民办],,中医学,,,468,117642
0229,长治学院[公办],,数学与应用数学,,,504,83397
0229,长治学院[公办],,物理学,,,494,92936
0229,长治学院[公办],,数据科学与大数据技术,,,514,73932
0230,长治医学院[公办],,生物医学工程,,,511,76779
0230,长治医学院[公办],,临床医学,,,519,69481
0230,长治医学院[公办],,麻醉学,,,526,63346
0230,长治医学院[公办],,医学影像学,,,525,64228
0230,长治医学院[公办],,精神医学,,,514,73932
0230,长治医学院[公办],,口腔医学,,,542,49854
0230,长治医学院[公办],,中药学,,,510,77713
0230,长治医学院[公办],,医学检验技术,,,515,73018
0230,长治医学院[公办],,医学影像技术,,,520,68600
0230,长治医学院[公办],,康复治疗学,,,502,85294
0230,长治医学院[公办],,信息管理与信息系统,,,507,80550
0233,常熟理工学院(苏州市)[公办],,经济与金融,,,515,73018
0233,常熟理工学院(苏州市)[公办],,机械工程,,,517,71252
0233,常熟理工学院(苏州市)[公办],,车辆工程,,,513,74844
0233,常熟理工学院(苏州市)[公办],,电子科学与技术,,,522,66880
0233,常熟理工学院(苏州市)[公办],,计算机科学与技术(嵌入式培养),,,527,62507
0233,常熟理工学院(苏州市)[公办],,物联网工程(嵌入式培养),,,519,69481
0233,常熟理工学院(苏州市)[公办],,生物制药,,,501,88132
0234,常州工学院[公办],,测控技术与仪器,,,496,90982
0234,常州工学院[公办],,自动化,,,506,81500
0234,常州工学院[公办],,化学工程与工艺,,,495,91989
0237,巢湖学院(合肥市)[公办],,金融工程,,,497,90044
0237,巢湖学院(合肥市)[公办],,互联网金融,,,497,90044
0237,巢湖学院(合肥市)[公办],,国际经济与贸易,,,509,78673
0237,巢湖学院(合肥市)[公办],,会计学,,,504,83397
0237,巢湖学院(合肥市)[公办],,财务管理,,,502,85294
0237,巢湖学院(合肥市)[公办],,审计学,,,510,77713
0237,巢湖学院(合肥市)[公办],,旅游管理,,,486,100581
0239,成都大学[公办],,金融科技,,,557,38272
0239,成都大学[公办],,法学,,,553,41254
0239,成都大学[公办],,测控技术与仪器,,,543,49037
0239,成都大学[公办],,通信工程,,,551,42759
0239,成都大学[公办],,物联网工程,,,555,39718
0239,成都大学[公办],,数字媒体技术,,,553,41254
0239,成都大学[公办],,测绘工程,,,539,52338
0239,成都大学[公办],,制药工程,,,543,49037
0239,成都大学[公办],,护理学,,,532,58171
0239,成都大学[公办],,工程造价,,,543,49037
0239,成都大学[公办],,网络与新媒体(中外合作办学),,,520,68600
0239,成都大学[公办],,电气工程及其自动化(中外合作办学),,,524,65102
0239,成都大学[公办],,数据科学与大数据技术(中外合作办学),,,523,65971
0240,成都东软学院[民办],,英语,,,466,119485
0240,成都东软学院[民办],,信息工程,,,467,118588
0240,成都东软学院[民办],,医学信息工程,,,460,124911
0240,成都东软学院[民办],,人工智能,,,457,127518
0240,成都东软学院[民办],,计算机类,,,468,117642
0240,成都东软学院[民办],,软件工程,,,466,119485
0240,成都东软学院[民办],,数字媒体技术,,,465,120370
0240,成都东软学院[民办],,数据科学与大数据技术,,,466,119485
0240,成都东软学院[民办],,信息管理与信息系统,,,459,125856
0240,成都东软学院[民办],,大数据管理与应用,,,455,129310
0240,成都东软学院[民办],,财务管理,,,459,125856
0240,成都东软学院[民办],,人力资源管理,,,470,115794
0240,成都东软学院[民办],,电子商务,,,467,118588
0242,成都工业学院[公办],,互联网金融,,,522,66880
0242,成都工业学院[公办],,应用统计学,,,520,68600
0242,成都工业学院[公办],,机械设计制造及其自动化,,,522,66880
0242,成都工业学院[公办],,材料科学与工程,,,517,71252
0242,成都工业学院[公办],,电子信息类,,,527,62507
0242,成都工业学院[公办],,信息工程,,,524,65102
0242,成都工业学院[公办],,自动化,,,524,65102
0242,成都工业学院[公办],,机器人工程,,,522,66880
0242,成都工业学院[公办],,计算机类,,,536,54791
0244,成都锦城学院(成都市)[民办],,金融学类,,,478,108213
0244,成都锦城学院(成都市)[民办],,英语,,,487,99599
0244,成都锦城学院(成都市)[民办],,法语,,,435,146339
0244,成都锦城学院(成都市)[民办],,机械设计制造及其自动化,,,474,112067
0244,成都锦城学院(成都市)[民办],,机械电子工程,,,447,136314
0244,成都锦城学院(成都市)[民办],,电子信息类,,,478,108213
0244,成都锦城学院(成都市)[民办],,通信工程,,,479,107280
0244,成都锦城学院(成都市)[民办],,机器人工程,,,459,125856
0244,成都锦城学院(成都市)[民办],,计算机类,,,490,96770
0244,成都锦城学院(成都市)[民办],,软件工程,,,487,99599
0244,成都锦城学院(成都市)[民办],,物联网工程,,,486,100581
0244,成都锦城学院(成都市)[民办],,数字媒体技术,,,469,116739
0244,成都锦城学院(成都市)[民办],,智能科学与技术,,,469,116739
0244,成都锦城学院(成都市)[民办],,土木工程,,,472,113947
0244,成都锦城学院(成都市)[民办],,给排水科学与工程,,,447,136314
0244,成都锦城学院(成都市)[民办],,建筑学,,,473,113007
0244,成都锦城学院(成都市)[民办],,工程造价,,,474,112067
0244,成都锦城学院(成都市)[民办],,会计学,,,482,104483
0244,成都锦城学院(成都市)[民办],,国际商务,,,478,108213
0245,成都理工大学[公办],,商务英语,,,573,27552
0245,成都理工大学[公办],,新闻传播学类,,,577,25118
0245,成都理工大学[公办],,数学与应用数学,,,584,21139
0245,成都理工大学[公办],,信息与计算科学,,,574,26972
0245,成都理工大学[公办],,应用物理学,,,577,25118
0245,成都理工大学[公办],,应用化学,,,572,28175
0245,成都理工大学[公办],,人文地理与城乡规划,,,576,25729
0245,成都理工大学[公办],,地理信息科学,,,578,24508
0245,成都理工大学[公办],,地球物理学,,,569,30021
0245,成都理工大学[公办],,空间科学与技术,,,578,24508
0245,成都理工大学[公办],,地质学类,,,573,27552
0245,成都理工大学[公办],,应用统计学,,,582,22261
0245,成都理工大学[公办],,机械工程,,,577,25118
0245,成都理工大学[公办],,工业设计,,,578,24508
0245,成都理工大学[公办],,材料科学与工程,,,574,26972
0245,成都理工大学[公办],,新能源材料与器件,,,561,35449
0245,成都理工大学[公办],,新能源科学与工程,,,569,30021
0245,成都理工大学[公办],,电气工程及其自动化,,,584,21139
0245,成都理工大学[公办],,电子信息类,,,589,18507
0245,成都理工大学[公办],,电子信息工程,,,581,22793
0245,成都理工大学[公办],,计算机类,,,589,18507
0245,成都理工大学[公办],,计算机类,,,587,19505
0245,成都理工大学[公办],,土木工程,,,577,25118
0245,成都理工大学[公办],,测绘工程,,,572,28175
0245,成都理工大学[公办],,化学工程与工艺,,,571,28818
0245,成都理工大学[公办],,地质工程,,,574,26972
0245,成都理工大学[公办],,勘查技术与工程,,,568,30714
0245,成都理工大学[公办],,资源勘查工程,,,566,31393
0245,成都理工大学[公办],,地下水科学与工程,,,574,26972
0245,成都理工大学[公办],,石油工程,,,573,27552
0245,成都理工大学[公办],,油气储运工程,,,555,39718
0245,成都理工大学[公办],,核工程类,,,579,23927
0245,成都理工大学[公办],,环境科学与工程类,,,569,30021
0245,成都理工大学[公办],,环境科学与工程,,,558,37566
0245,成都理工大学[公办],,工程管理,,,559,36873
0245,成都理工大学[公办],,工商管理类,,,574,26972
0245,成都理工大学[公办],,工商管理,,,578,24508
0245,成都理工大学[公办],,市场营销,,,572,28175
0245,成都理工大学[公办],,物流管理,,,558,37566
0245,成都理工大学[公办],,电子商务,,,582,22261
0245,成都理工大学[公办],,旅游管理,,,570,29403
0245,成都理工大学[公办],,计算机科学与技术(中外合作办学),,,558,37566
0245,成都理工大学[公办],,软件工程(中外合作办学),,,549,44261
0245,成都理工大学[公办],,工商管理(中外合作办学),,,552,42004
0245,成都理工大学[公办],,会计学(中外合作办学),,,563,34024
0246,成都理工大学工程技术学院(乐山市)[独立学院],,机械工程,,,453,131095
0246,成都理工大学工程技术学院(乐山市)[独立学院],,能源与动力工程,,,454,130189
0246,成都理工大学工程技术学院(乐山市)[独立学院],,软件工程,,,461,124059
0246,成都理工大学工程技术学院(乐山市)[独立学院],,土木工程,,,460,124911
0246,成都理工大学工程技术学院(乐山市)[独立学院],,核工程与核技术,,,455,129310
0246,成都理工大学工程技术学院(乐山市)[独立学院],,会计学,,,459,125856
0246,成都理工大学工程技术学院(乐山市)[独立学院],,财务管理,,,456,128454
0249,成都信息工程大学[公办],,大气科学类,,,570,29403
0249,成都信息工程大学[公办],,机械电子工程,,,567,31356
0249,成都信息工程大学[公办],,电气工程及其自动化,,,571,28818
0249,成都信息工程大学[公办],,电子信息工程,,,571,28818
0249,成都信息工程大学[公办],,电子科学与技术,,,570,29403
0249,成都信息工程大学[公办],,通信工程,,,572,28175
0249,成都信息工程大学[公办],,光电信息科学与工程,,,568,30714
0249,成都信息工程大学[公办],,集成电路设计与集成系统,,,570,29403
0249,成都信息工程大学[公办],,电子信息科学与技术,,,574,26972
0249,成都信息工程大学[公办],,人工智能,,,571,28818
0249,成都信息工程大学[公办],,自动化,,,571,28818
0249,成都信息工程大学[公办],,计算机科学与技术,,,577,25118
0249,成都信息工程大学[公办],,软件工程,,,575,26354
0249,成都信息工程大学[公办],,网络工程,,,570,29403
0249,成都信息工程大学[公办],,信息安全,,,575,26354
0249,成都信息工程大学[公办],,物联网工程,,,572,28175
0249,成都信息工程大学[公办],,数字媒体技术,,,571,28818
0249,成都信息工程大学[公办],,空间信息与数字技术,,,566,31393
0249,成都信息工程大学[公办],,区块链工程,,,579,23927
0249,成都信息工程大学[公办],,工程管理,,,567,31356
0250,成都医学院[公办],,药物制剂,,,525,64228
0250,成都医学院[公办],,医学检验技术,,,522,66880
0252,成都银杏酒店管理学院[民办],,管理科学与工程类,,,438,143930
0252,成都银杏酒店管理学院[民办],,旅游管理类,,,442,140581
0253,成都中医药大学[公办],,制药工程,,,577,25118
0253,成都中医药大学[公办],,食品质量与安全,,,571,28818
0253,成都中医药大学[公办],,临床医学,,,595,15596
0253,成都中医药大学[公办],,中医学(5+3一体化),,,600,13430
0253,成都中医药大学[公办],,中医学,,,592,16998
0253,成都中医药大学[公办],,针灸推拿学,,,584,21139
0253,成都中医药大学[公办],,中药学,,,575,26354
0253,成都中医药大学[公办],,护理学,,,555,39718
0253,成都中医药大学[公办],,市场营销,,,562,34751
0253,成都中医药大学[公办],,公共事业管理,,,565,32080
0255,承德医学院[公办],,生物信息学,,,479,107280
0255,承德医学院[公办],,应用心理学,,,510,77713
0255,承德医学院[公办],,医学信息工程,,,492,94896
0255,承德医学院[公办],,生物医学工程,,,490,96770
0255,承德医学院[公办],,临床医学,,,529,60756
0255,承德医学院[公办],,麻醉学,,,532,58171
0255,承德医学院[公办],,医学影像学,,,527,62507
0255,承德医学院[公办],,口腔医学,,,550,43499
0255,承德医学院[公办],,中医学,,,527,62507
0255,承德医学院[公办],,针灸推拿学,,,515,73018
0255,承德医学院[公办],,中西医临床医学,,,532,58171
0255,承德医学院[公办],,药学,,,505,82447
0255,承德医学院[公办],,中药学,,,491,95797
0255,承德医学院[公办],,医学检验技术,,,524,65102
0255,承德医学院[公办],,康复治疗学,,,505,82447
0255,承德医学院[公办],,护理学,,,493,93969
0255,承德医学院[公办],,助产学,,,499,88132
0258,池州学院[公办],,数学与应用数学,,,480,106344
0258,池州学院[公办],,高分子材料与工程,,,467,118588
0258,池州学院[公办],,环境工程,,,475,111128
0260,赤峰学院[公办],,小学教育(数学与科学方向),,,468,117642
0260,赤峰学院[公办],,特殊教育,,,463,122201
0260,赤峰学院[公办],,数学与应用数学,,,467,118588
0260,赤峰学院[公办],,应用统计学,,,463,122201
0260,赤峰学院[公办],,药学,,,461,124059
0260,赤峰学院[公办],,医学检验技术,,,472,113947
0262,重庆财经学院[民办],,经济学类,,,478,108213
0262,重庆财经学院[民办],,金融学类,,,496,90982
0262,重庆财经学院[民办],,计算机类,,,471,114847
0262,重庆财经学院[民办],,软件工程,,,466,119485
0262,重庆财经学院[民办],,工商管理类,,,486,100581
0262,重庆财经学院[民办],,会计学,,,492,94896
0262,重庆财经学院[民办],,审计学,,,486,100581
0262,重庆财经学院[民办],,电子商务,,,462,123141
0266,重庆大学[公办],,人文科学试验班(法学与新闻类),,,627,5092
0266,重庆大学[公办],,人文科学试验班(博雅类),,,629,4660
0266,重庆大学[公办],,工科试验班类(生化类),,,625,5524
0266,重庆大学[公办],,工科试验班(环境类),,,620,6814
0266,重庆大学[公办],,工科试验班(工程与能源类),,,623,6003
0266,重庆大学[公办],,工科试验班(电气与信息类),,,627,5092
0266,重庆大学[公办],,工科试验班(中外合作培养类),,,607,10760
0266,重庆大学[公办],,工科试验班(管理类),,,623,6003
0266,重庆大学[公办],,理科试验班(数学与物理类),,,627,5092
0266,重庆大学[公办],,经济学类,,,628,4860
0266,重庆大学[公办],,外国语言文学类,,,626,5302
0266,重庆大学[公办],,建筑类,,,633,3898
0270,重庆对外经贸学院[民办],,经济学,,,460,124911
0270,重庆对外经贸学院[民办],,国际经济与贸易,,,459,125856
0270,重庆对外经贸学院[民办],,网络与新媒体,,,456,128454
0270,重庆对外经贸学院[民办],,人文地理与城乡规划,,,447,136314
0270,重庆对外经贸学院[民办],,应用统计学,,,453,131095
0270,重庆对外经贸学院[民办],,数据科学与大数据技术,,,455,129310
0270,重庆对外经贸学院[民办],,人力资源管理,,,455,129310
0270,重庆对外经贸学院[民办],,物流管理,,,448,135403
0270,重庆对外经贸学院[民办],,电子商务,,,454,130189
0272,重庆工商大学[公办],,经济学,,,572,28175
0272,重庆工商大学[公办],,经济统计学,,,572,28175
0272,重庆工商大学[公办],,财政学类,,,573,27552
0272,重庆工商大学[公办],,金融学类,,,575,26354
0272,重庆工商大学[公办],,经济与贸易类,,,569,30021
0272,重庆工商大学[公办],,商务英语,,,564,32737
0272,重庆工商大学[公办],,新闻传播学类,,,568,30714
0272,重庆工商大学[公办],,统计学,,,568,30714
0272,重庆工商大学[公办],,机械类,,,553,41254
0272,重庆工商大学[公办],,智能车辆工程,,,555,39718
0272,重庆工商大学[公办],,电子信息工程,,,565,32080
0272,重庆工商大学[公办],,计算机类,,,569,30021
0272,重庆工商大学[公办],,数据科学与大数据技术,,,573,27552
0272,重庆工商大学[公办],,化工与制药类,,,549,44261
0272,重庆工商大学[公办],,环境工程,,,552,42004
0272,重庆工商大学[公办],,信息管理与信息系统,,,560,36168
0272,重庆工商大学[公办],,工程管理,,,553,41254
0272,重庆工商大学[公办],,工商管理类,,,563,34024
0272,重庆工商大学[公办],,工商管理类(财会),,,570,29403
0272,重庆工商大学[公办],,公共管理类,,,554,40472
0272,重庆工商大学[公办],,物流管理,,,564,32737
0272,重庆工商大学[公办],,电子商务,,,557,38272
0272,重庆工商大学[公办],,旅游管理类,,,550,43499
0272,重庆工商大学[公办],,金融学(中外合作办学),,,554,40472
0272,重庆工商大学[公办],,国际经济与贸易(中外合作办学),,,540,51523
0272,重庆工商大学[公办],,法语(中外合作办学),,,539,52338
0272,重庆工商大学[公办],,工商管理(中外合作办学),,,548,44990
0272,重庆工商大学[公办],,会计学(中外合作办学),,,548,44990
0272,重庆工商大学[公办],,人力资源管理(中外合作办学),,,537,53967
0273,重庆工商大学派斯学院[独立学院],,金融学类,,,456,128454
0273,重庆工商大学派斯学院[独立学院],,会计学,,,457,127518
0279,重庆交通大学[公办],,知识产权,,,566,31393
0279,重庆交通大学[公办],,外国语言文学类,,,572,28175
0279,重庆交通大学[公办],,新闻传播学类,,,570,29403
0279,重庆交通大学[公办],,数学类,,,565,32080
0279,重庆交通大学[公办],,机械类,,,564,32737
0279,重庆交通大学[公办],,汽车服务工程,,,545,47376
0279,重庆交通大学[公办],,材料类,,,561,35449
0279,重庆交通大学[公办],,电子信息类,,,571,28818
0279,重庆交通大学[公办],,计算机类,,,578,24508
0279,重庆交通大学[公办],,土木类,,,563,34024
0279,重庆交通大学[公办],,给排水科学与工程,,,561,35449
0279,重庆交通大学[公办],,水利类,,,560,36168
0279,重庆交通大学[公办],,测绘工程,,,552,42004
0279,重庆交通大学[公办],,地质工程,,,555,39718
0279,重庆交通大学[公办],,交通运输类,,,570,29403
0279,重庆交通大学[公办],,船舶与海洋工程,,,558,37566
0279,重庆交通大学[公办],,管理科学与工程类,,,563,34024
0279,重庆交通大学[公办],,工商管理类,,,569,30021
0279,重庆交通大学[公办],,机械设计制造及其自动化(中外合作办学),,,538,53169
0280,重庆科技学院[公办],,国际经济与贸易,,,522,66880
0280,重庆科技学院[公办],,英语,,,529,60756
0280,重庆科技学院[公办],,化学类,,,506,81500
0280,重庆科技学院[公办],,理论与应用力学,,,510,77713
0280,重庆科技学院[公办],,机械类,,,521,67756
0280,重庆科技学院[公办],,材料成型及控制工程,,,511,76779
0280,重庆科技学院[公办],,材料类,,,508,79620
0280,重庆科技学院[公办],,冶金工程,,,507,80550
0280,重庆科技学院[公办],,电气工程及其自动化,,,527,62507
0280,重庆科技学院[公办],,计算机科学与技术,,,533,57317
0280,重庆科技学院[公办],,土木类,,,512,75821
0280,重庆科技学院[公办],,化工与制药类,,,518,70350
0280,重庆科技学院[公办],,石油工程,,,512,75821
0280,重庆科技学院[公办],,油气储运工程,,,504,83397
0280,重庆科技学院[公办],,环境工程,,,510,77713
0280,重庆科技学院[公办],,安全工程,,,515,73018
0280,重庆科技学院[公办],,工商管理类,,,521,67756
0281,重庆理工大学[公办],,经济学,,,563,34024
0281,重庆理工大学[公办],,金融数学,,,561,35449
0281,重庆理工大学[公办],,国际经济与贸易,,,563,34024
0281,重庆理工大学[公办],,机械类,,,560,36168
0281,重庆理工大学[公办],,材料成型及控制工程,,,554,40472
0281,重庆理工大学[公办],,工业设计,,,559,36873
0281,重庆理工大学[公办],,车辆工程,,,559,36873
0281,重庆理工大学[公办],,汽车服务工程,,,541,50682
0281,重庆理工大学[公办],,测控技术与仪器,,,558,37566
0281,重庆理工大学[公办],,材料类,,,555,39718
0281,重庆理工大学[公办],,能源与动力工程,,,560,36168
0281,重庆理工大学[公办],,新能源科学与工程,,,559,36873
0281,重庆理工大学[公办],,电气工程及其自动化,,,565,32080
0281,重庆理工大学[公办],,自动化,,,562,34751
0281,重庆理工大学[公办],,机器人工程,,,572,28175
0281,重庆理工大学[公办],,计算机类,,,572,28175
0281,重庆理工大学[公办],,软件工程,,,577,25118
0281,重庆理工大学[公办],,智能科学与技术,,,565,32080
0281,重庆理工大学[公办],,数据科学与大数据技术,,,570,29403
0281,重庆理工大学[公办],,化工与制药类,,,557,38272
0281,重庆理工大学[公办],,装甲车辆工程,,,558,37566
0281,重庆理工大学[公办],,生物医学工程,,,557,38272
0281,重庆理工大学[公办],,药学类,,,552,42004
0281,重庆理工大学[公办],,信息管理与信息系统,,,561,35449
0281,重庆理工大学[公办],,大数据管理与应用,,,563,34024
0281,重庆理工大学[公办],,工商管理类,,,558,37566
0281,重庆理工大学[公办],,会计学,,,570,29403
0281,重庆理工大学[公办],,审计学,,,565,32080
0281,重庆理工大学[公办],,公共管理类,,,551,42759
0281,重庆理工大学[公办],,工业工程,,,554,40472
0281,重庆理工大学[公办],,电子信息工程(中外合作办学),,,476,110122
0281,重庆理工大学[公办],,计算机科学与技术(中外合作办学),,,526,63346
0283,重庆人文科技学院[民办],,金融工程,,,448,135403
0283,重庆人文科技学院[民办],,新闻学,,,457,127518
0283,重庆人文科技学院[民办],,数学与应用数学,,,452,131939
0283,重庆人文科技学院[民办],,机械设计制造及其自动化,,,453,131095
0283,重庆人文科技学院[民办],,机械电子工程,,,450,133684
0283,重庆人文科技学院[民办],,车辆工程,,,445,137992
0283,重庆人文科技学院[民办],,汽车服务工程,,,440,142251
0283,重庆人文科技学院[民办],,新能源科学与工程,,,449,134515
0283,重庆人文科技学院[民办],,电子信息工程,,,452,131939
0283,重庆人文科技学院[民办],,通信工程,,,449,134515
0283,重庆人文科技学院[民办],,计算机科学与技术,,,461,124059
0283,重庆人文科技学院[民办],,软件工程,,,455,129310
0283,重庆人文科技学院[民办],,物联网工程,,,452,131939
0283,重庆人文科技学院[民办],,工程管理,,,446,137128
0284,重庆三峡学院[公办],,经济学,,,517,71252
0284,重庆三峡学院[公办],,汉语言文学,,,529,60756
0284,重庆三峡学院[公办],,英语,,,524,65102
0284,重庆三峡学院[公办],,广播电视学,,,525,64228
0284,重庆三峡学院[公办],,网络与新媒体,,,530,59831
0284,重庆三峡学院[公办],,信息与计算科学,,,515,73018
0284,重庆三峡学院[公办],,物理学,,,515,73018
0284,重庆三峡学院[公办],,化学,,,513,74844
0284,重庆三峡学院[公办],,生物技术,,,510,77713
0284,重庆三峡学院[公办],,统计学,,,512,75821
0284,重庆三峡学院[公办],,机械设计制造及其自动化,,,515,73018
0284,重庆三峡学院[公办],,电气工程及其自动化,,,518,70350
0284,重庆三峡学院[公办],,电子信息工程,,,519,69481
0284,重庆三峡学院[公办],,计算机科学与技术,,,526,63346
0284,重庆三峡学院[公办],,数据科学与大数据技术,,,521,67756
0284,重庆三峡学院[公办],,环境科学,,,511,76779
0284,重庆三峡学院[公办],,工商管理类,,,514,73932
0284,重庆三峡学院[公办],,会计学,,,526,63346
0284,重庆三峡学院[公办],,旅游管理类,,,514,73932
0286,重庆师范大学[公办],,经济学,,,558,37566
0286,重庆师范大学[公办],,教育学类,,,558,37566
0286,重庆师范大学[公办],,新闻传播学类,,,564,32737
0286,重庆师范大学[公办],,历史学,,,577,25118
0286,重庆师范大学[公办],,数学与应用数学,,,565,32080
0286,重庆师范大学[公办],,物理学,,,559,36873
0286,重庆师范大学[公办],,化学,,,560,36168
0286,重庆师范大学[公办],,应用心理学,,,555,39718
0286,重庆师范大学[公办],,材料类,,,545,47376
0286,重庆师范大学[公办],,计算机类,,,562,34751
0286,重庆师范大学[公办],,数据科学与大数据技术,,,559,36873
0286,重庆师范大学[公办],,食品质量与安全,,,555,39718
0286,重庆师范大学[公办],,生物科学(中外合作办学),,,534,56478
0288,重庆外语外事学院[民办],,中国语言文学类,,,472,113947
0288,重庆外语外事学院[民办],,英语,,,473,113007
0288,重庆外语外事学院[民办],,俄语,,,433,147987
0288,重庆外语外事学院[民办],,德语,,,480,106344
0288,重庆外语外事学院[民办],,法语,,,463,122201
0288,重庆外语外事学院[民办],,西班牙语,,,479,107280
0288,重庆外语外事学院[民办],,阿拉伯语,,,,
0288,重庆外语外事学院[民办],,意大利语,,,430,150433
0288,重庆外语外事学院[民办],,翻译,,,463,122201
0288,重庆外语外事学院[民办],,商务英语,,,477,109131
0288,重庆外语外事学院[民办],,新闻传播学类,,,474,112067
0289,重庆文理学院[公办],,法学,,,526,63346
0289,重庆文理学院[公办],,广播电视学,,,519,69481
0289,重庆文理学院[公办],,材料类,,,505,82447
0289,重庆文理学院[公办],,电气类,,,517,71252
0289,重庆文理学院[公办],,电子信息类,,,516,72111
0289,重庆文理学院[公办],,机器人工程,,,519,69481
0289,重庆文理学院[公办],,计算机类,,,522,66880
0289,重庆文理学院[公办],,数据科学与大数据技术,,,520,68600
0289,重庆文理学院[公办],,制药工程,,,510,77713
0289,重庆文理学院[公办],,环境科学与工程类,,,500,88132
0289,重庆文理学院[公办],,园林,,,508,79620
0289,重庆文理学院[公办],,工程造价,,,514,73932
0289,重庆文理学院[公办],,工程审计,,,512,75821
0289,重庆文理学院[公办],,工商管理类,,,519,69481
0289,重庆文理学院[公办],,物流工程,,,505,82447
0289,重庆文理学院[公办],,数学与应用数学(中外合作办学),,,471,114847
0291,重庆医科大学[公办],,生物信息学,,,568,30714
0291,重庆医科大学[公办],,应用统计学,,,576,25729
0291,重庆医科大学[公办],,医学信息工程,,,580,23348
0291,重庆医科大学[公办],,基础医学,,,580,23348
0291,重庆医科大学[公办],,临床医学,,,605,11477
0291,重庆医科大学[公办],,麻醉学,,,602,12631
0291,重庆医科大学[公办],,医学影像学,,,601,13049
0291,重庆医科大学[公办],,精神医学,,,599,13858
0291,重庆医科大学[公办],,儿科学,,,598,14272
0291,重庆医科大学[公办],,口腔医学,,,609,10048
0291,重庆医科大学[公办],,预防医学,,,600,13430
0291,重庆医科大学[公办],,食品卫生与营养学,,,581,22793
0291,重庆医科大学[公办],,针灸推拿学,,,583,21718
0291,重庆医科大学[公办],,中西医临床医学,,,599,13858
0291,重庆医科大学[公办],,药物制剂,,,581,22793
0291,重庆医科大学[公办],,临床药学,,,577,25118
0291,重庆医科大学[公办],,法医学,,,588,19006
0291,重庆医科大学[公办],,医学检验技术,,,595,15596
0291,重庆医科大学[公办],,医学实验技术,,,568,30714
0291,重庆医科大学[公办],,医学影像技术,,,587,19505
0291,重庆医科大学[公办],,康复治疗学,,,581,22793
0291,重庆医科大学[公办],,卫生检验与检疫,,,571,28818
0291,重庆医科大学[公办],,智能医学工程,,,581,22793
0291,重庆医科大学[公办],,护理学,,,564,32737
0291,重庆医科大学[公办],,临床医学(中外合作办学),,,574,26972
0292,重庆移通学院[民办],,电气类,,,454,130189
0292,重庆移通学院[民办],,电子信息类,,,454,130189
0292,重庆移通学院[民办],,自动化类,,,454,130189
0292,重庆移通学院[民办],,计算机科学与技术,,,459,125856
0292,重庆移通学院[民办],,软件工程,,,458,126654
0292,重庆移通学院[民办],,网络工程,,,454,130189
0292,重庆移通学院[民办],,数字媒体技术,,,457,127518
0292,重庆移通学院[民办],,数据科学与大数据技术,,,455,129310
0292,重庆移通学院[民办],,管理科学与工程类,,,449,134515
0292,重庆移通学院[民办],,机械设计制造及其自动化(中外合作办学),,,450,133684
0292,重庆移通学院[民办],,电气工程及其自动化(中外合作办学),,,453,131095
0294,重庆邮电大学[公办],,数学类(数学与信息科学类),,,587,19505
0294,重庆邮电大学[公办],,机械类(智能制造与机器人类),,,588,19006
0294,重庆邮电大学[公办],,电子信息类(通信与信息类),,,593,16515
0294,重庆邮电大学[公办],,电子信息类(集成电路与电子工程类),,,591,17508
0294,重庆邮电大学[公办],,医学信息工程,,,555,39718
0294,重庆邮电大学[公办],,自动化类(自动化与电气工程类),,,591,17508
0294,重庆邮电大学[公办],,邮政工程,,,585,20594
0294,重庆邮电大学[公办],,计算机类(计算机与智能科学类),,,597,14703
0294,重庆邮电大学[公办],,计算机类(网络安全类),,,595,15596
0294,重庆邮电大学[公办],,软件工程,,,590,17968
0294,重庆邮电大学[公办],,数字媒体技术,,,592,16998
0294,重庆邮电大学[公办],,生物医学工程,,,560,36168
0294,重庆邮电大学[公办],,管理科学与工程类(信息管理工程类),,,582,22261
0294,重庆邮电大学[公办],,工商管理类,,,586,20047
0294,重庆邮电大学[公办],,电子商务类,,,586,20047
0294,重庆邮电大学[公办],,通信工程(中外合作办学),,,558,37566
0294,重庆邮电大学[公办],,软件工程(中外合作办学),,,556,39008
0301,川北医学院(南充市)[公办],,临床医学,,,539,52338
0303,大理大学[公办],,小学教育,,,515,73018
0303,大理大学[公办],,数学与应用数学,,,515,73018
0303,大理大学[公办],,电气工程及其自动化,,,519,69481
0303,大理大学[公办],,食品质量与安全,,,504,83397
0303,大理大学[公办],,建筑学,,,514,73932
0303,大理大学[公办],,园艺,,,506,81500
0303,大理大学[公办],,动物科学,,,502,85294
0303,大理大学[公办],,临床医学,,,523,65971
0303,大理大学[公办],,医学影像学,,,520,68600
0303,大理大学[公办],,眼视光医学,,,532,58171
0303,大理大学[公办],,儿科学,,,514,73932
0303,大理大学[公办],,口腔医学,,,531,58995
0303,大理大学[公办],,预防医学,,,512,75821
0303,大理大学[公办],,康复治疗学,,,500,88132
0303,大理大学[公办],,护理学,,,506,81500
0303,大理大学[公办],,公共管理类,,,506,81500
0304,大连财经学院[民办],,财政学,,,498,89072
0304,大连财经学院[民办],,金融学,,,491,95797
0304,大连财经学院[民办],,国际经济与贸易,,,472,113947
0304,大连财经学院[民办],,法学,,,490,96770
0304,大连财经学院[民办],,会计学,,,490,96770
0304,大连财经学院[民办],,财务管理,,,478,108213
0304,大连财经学院[民办],,审计学,,,477,109131
0304,大连财经学院[民办],,资产评估,,,451,132831
0305,大连大学[公办],,法学,,,558,37566
0305,大连大学[公办],,汉语言文学,,,549,44261
0305,大连大学[公办],,英语,,,549,44261
0305,大连大学[公办],,日语,,,546,45883
0305,大连大学[公办],,翻译,,,553,41254
0305,大连大学[公办],,车辆工程,,,545,47376
0305,大连大学[公办],,土木工程,,,535,55619
0305,大连大学[公办],,生物工程,,,535,55619
0305,大连大学[公办],,临床医学,,,550,43499
0305,大连大学[公办],,中药学,,,528,61650
0305,大连大学[公办],,工商管理类,,,540,51523
0305,大连大学[公办],,旅游管理,,,529,60756
0305,大连大学[公办],,酒店管理,,,528,61650
0305,大连大学[公办],,会计学(中外合作办学),,,500,88132
0305,大连大学[公办],,旅游管理(中外合作办学),,,477,109131
0306,大连东软信息学院[民办],,日语,,,414,162144
0306,大连东软信息学院[民办],,商务英语,,,422,156398
0306,大连东软信息学院[民办],,电子信息工程,,,431,149615
0306,大连东软信息学院[民办],,通信工程,,,428,152021
0306,大连东软信息学院[民办],,微电子科学与工程,,,419,158594
0306,大连东软信息学院[民办],,集成电路设计与集成系统,,,414,162144
0306,大连东软信息学院[民办],,医学信息工程,,,412,163586
0306,大连东软信息学院[民办],,人工智能,,,433,147987
0306,大连东软信息学院[民办],,机器人工程,,,418,159311
0306,大连东软信息学院[民办],,计算机科学与技术,,,451,132831
0306,大连东软信息学院[民办],,软件工程,,,449,134515
0306,大连东软信息学院[民办],,网络工程,,,433,147987
0306,大连东软信息学院[民办],,物联网工程,,,435,146339
0306,大连东软信息学院[民办],,数字媒体技术,,,434,147162
0306,大连东软信息学院[民办],,智能科学与技术,,,413,162888
0306,大连东软信息学院[民办],,数据科学与大数据技术,,,442,140581
0306,大连东软信息学院[民办],,医学影像技术,,,437,144729
0306,大连东软信息学院[民办],,智能医学工程,,,414,162144
0306,大连东软信息学院[民办],,信息管理与信息系统,,,413,162888
0306,大连东软信息学院[民办],,大数据管理与应用,,,422,156398
0306,大连东软信息学院[民办],,财务管理,,,420,157892
0306,大连东软信息学院[民办],,健康服务与管理,,,412,163586
0306,大连东软信息学院[民办],,医疗产品管理,,,415,161451
0306,大连东软信息学院[民办],,物流工程,,,422,156398
0306,大连东软信息学院[民办],,电子商务,,,414,162144
0308,大连工业大学[公办],,日语,,,553,41254
0308,大连工业大学[公办],,应用化学,,,546,45883
0308,大连工业大学[公办],,生物技术,,,549,44261
0308,大连工业大学[公办],,机械类,,,556,39008
0308,大连工业大学[公办],,智能制造工程,,,554,40472
0308,大连工业大学[公办],,无机非金属材料工程,,,546,45883
0308,大连工业大学[公办],,高分子材料与工程,,,552,42004
0308,大连工业大学[公办],,光源与照明,,,550,43499
0308,大连工业大学[公办],,电子信息工程,,,564,32737
0308,大连工业大学[公办],,通信工程,,,566,31393
0308,大连工业大学[公办],,自动化,,,560,36168
0308,大连工业大学[公办],,计算机科学与技术,,,563,34024
0308,大连工业大学[公办],,数字媒体技术,,,560,36168
0308,大连工业大学[公办],,纺织工程,,,512,75821
0308,大连工业大学[公办],,服装设计与工程,,,526,63346
0308,大连工业大学[公办],,轻化工程,,,536,54791
0308,大连工业大学[公办],,包装工程,,,517,71252
0308,大连工业大学[公办],,海洋资源开发技术,,,542,49854
0308,大连工业大学[公办],,环境工程,,,552,42004
0308,大连工业大学[公办],,食品科学与工程,,,539,52338
0308,大连工业大学[公办],,食品质量与安全,,,546,45883
0308,大连工业大学[公办],,风景园林,,,547,45772
0308,大连工业大学[公办],,生物工程,,,549,44261
0308,大连工业大学[公办],,大数据管理与应用,,,559,36873
0308,大连工业大学[公办],,机械电子工程(中外合作办学),,,523,65971
0309,大连工业大学艺术与信息工程学院[独立学院],,国际经济与贸易,,,429,151199
0309,大连工业大学艺术与信息工程学院[独立学院],,日语,,,424,154962
0309,大连工业大学艺术与信息工程学院[独立学院],,机械工程,,,413,162888
0309,大连工业大学艺术与信息工程学院[独立学院],,材料成型及控制工程,,,414,162144
0309,大连工业大学艺术与信息工程学院[独立学院],,工业设计,,,421,157137
0309,大连工业大学艺术与信息工程学院[独立学院],,自动化,,,432,148796
0309,大连工业大学艺术与信息工程学院[独立学院],,计算机科学与技术,,,429,151199
0309,大连工业大学艺术与信息工程学院[独立学院],,工商管理,,,415,161451
0309,大连工业大学艺术与信息工程学院[独立学院],,电子商务,,,414,162144
0310,大连海事大学[公办],,法学,,,604,11858
0310,大连海事大学[公办],,机械类,,,592,16998
0310,大连海事大学[公办],,电子信息类,,,601,13049
0310,大连海事大学[公办],,自动化类,,,596,15132
0310,大连海事大学[公办],,计算机类,,,602,12631
0310,大连海事大学[公办],,交通运输类,,,591,17508
0310,大连海事大学[公办],,管理科学与工程类,,,593,16515
0310,大连海事大学[公办],,海事管理,,,591,17508
0310,大连海事大学[公办],,供应链管理,,,592,16998
0310,大连海事大学[公办],,电子商务,,,590,17968
0310,大连海事大学[公办],,机械设计制造及其自动化(中外合作办学),,,568,30714
0310,大连海事大学[公办],,电子信息工程(中外合作办学),,,576,25729
0310,大连海事大学[公办],,土木工程(中外合作办学),,,557,38272
0312,大连海洋大学[公办],,经济与金融,,,531,58995
0312,大连海洋大学[公办],,法学,,,543,49037
0312,大连海洋大学[公办],,英语,,,538,53169
0312,大连海洋大学[公办],,日语,,,528,61650
0312,大连海洋大学[公办],,信息与计算科学,,,536,54791
0312,大连海洋大学[公办],,生物科学,,,526,63346
0312,大连海洋大学[公办],,机械设计制造及其自动化,,,531,58995
0312,大连海洋大学[公办],,电子信息工程,,,538,53169
0312,大连海洋大学[公办],,数据科学与大数据技术,,,536,54791
0312,大连海洋大学[公办],,给排水科学与工程,,,521,67756
0312,大连海洋大学[公办],,港口航道与海岸工程,,,523,65971
0312,大连海洋大学[公办],,船舶与海洋工程,,,528,61650
0312,大连海洋大学[公办],,环境工程,,,526,63346
0312,大连海洋大学[公办],,食品科学与工程,,,523,65971
0312,大连海洋大学[公办],,水产养殖学,,,509,78673
0312,大连海洋大学[公办],,海洋渔业科学与技术,,,516,72111
0314,大连交通大学[公办],,英语,,,566,31393
0314,大连交通大学[公办],,日语,,,542,49854
0314,大连交通大学[公办],,数学与应用数学,,,571,28818
0314,大连交通大学[公办],,机械工程,,,569,30021
0314,大连交通大学[公办],,机械工程,,,553,41254
0314,大连交通大学[公办],,材料成型及控制工程,,,566,31393
0314,大连交通大学[公办],,材料成型及控制工程,,,560,36168
0314,大连交通大学[公办],,机械电子工程,,,571,28818
0314,大连交通大学[公办],,车辆工程,,,567,31356
0314,大连交通大学[公办],,测控技术与仪器,,,567,31356
0314,大连交通大学[公办],,测控技术与仪器,,,553,41254
0314,大连交通大学[公办],,材料科学与工程,,,564,32737
0314,大连交通大学[公办],,焊接技术与工程,,,561,35449
0314,大连交通大学[公办],,电气工程及其自动化,,,573,27552
0314,大连交通大学[公办],,电子科学与技术,,,572,28175
0314,大连交通大学[公办],,轨道交通信号与控制,,,577,25118
0314,大连交通大学[公办],,计算机科学与技术,,,575,26354
0314,大连交通大学[公办],,软件工程,,,569,30021
0314,大连交通大学[公办],,土木工程,,,566,31393
0314,大连交通大学[公办],,土木工程,,,554,40472
0314,大连交通大学[公办],,交通运输,,,573,27552
0314,大连交通大学[公办],,交通工程,,,564,32737
0314,大连交通大学[公办],,交通设备与控制工程,,,571,28818
0314,大连交通大学[公办],,信息管理与信息系统,,,563,34024
0314,大连交通大学[公办],,会计学,,,574,26972
0314,大连交通大学[公办],,物流管理,,,563,34024
0314,大连交通大学[公办],,机械工程(中外合作办学),,,522,66880
0314,大连交通大学[公办],,机械工程(中外合作办学),,,517,71252
0314,大连交通大学[公办],,车辆工程(中外合作办学),,,517,71252
0314,大连交通大学[公办],,土木工程(中外合作办学),,,514,73932
0314,大连交通大学[公办],,土木工程(中外合作办学),,,503,84351
0314,大连交通大学[公办],,会计学(中外合作办学),,,525,64228
0316,大连科技学院[民办],,机械设计制造及其自动化,,,419,158594
0316,大连科技学院[民办],,电气工程及其自动化,,,422,156398
0316,大连科技学院[民办],,通信工程,,,416,160740
0316,大连科技学院[民办],,计算机科学与技术,,,420,157892
0316,大连科技学院[民办],,软件工程,,,417,160051
0316,大连科技学院[民办],,数据科学与大数据技术,,,432,148796
0317,大连理工大学[公办],,数学类,,,627,5092
0317,大连理工大学[公办],,应用物理学(王大珩物理基础科学班),,,627,5092
0317,大连理工大学[公办],,应用化学(理学、国家拔尖学生培养基地张大煜化学班),,,627,5092
0317,大连理工大学[公办],,工程力学,,,629,4660
0317,大连理工大学[公办],,工程力学(钱令希力学创新班),,,632,4082
0317,大连理工大学[公办],,机械类,,,627,5092
0317,大连理工大学[公办],,机械设计制造及其自动化(日语强化),,,624,5761
0317,大连理工大学[公办],,机械设计制造及其自动化(创新班),,,633,3898
0317,大连理工大学[公办],,过程装备与控制工程,,,622,6287
0317,大连理工大学[公办],,车辆工程(英语强化),,,626,5302
0317,大连理工大学[公办],,材料类,,,621,6561
0317,大连理工大学[公办],,能源与动力工程,,,625,5524
0317,大连理工大学[公办],,电子信息类(电信、自动化与计算机工科实验班),,,631,4285
0317,大连理工大学[公办],,电子信息类(创新班),,,638,3025
0317,大连理工大学[公办],,电子科学与技术,,,630,4465
0317,大连理工大学[公办],,光电信息科学与工程,,,628,4860
0317,大连理工大学[公办],,软件工程,,,624,5761
0317,大连理工大学[公办],,土木类,,,618,7376
0317,大连理工大学[公办],,化工与制药类(化工、制药与新材料工科实验班),,,618,7376
0317,大连理工大学[公办],,化工与制药类(创新班),,,629,4660
0317,大连理工大学[公办],,船舶与海洋工程,,,622,6287
0317,大连理工大学[公办],,环境科学与工程类,,,619,7098
0317,大连理工大学[公办],,建筑类,,,627,5092
0317,大连理工大学[公办],,生物工程,,,623,6003
0317,大连理工大学[公办],,工商管理类(经济管理实验班),,,623,6003
0317,大连理工大学[公办],,应用物理学(中外合作办学),,,595,15596
0317,大连理工大学[公办],,工程力学(中外合作办学),,,594,16046
0317,大连理工大学[公办],,机械设计制造及其自动化(中外合作办学),,,596,15132
0317,大连理工大学[公办],,计算机类(中外合作办学),,,607,10760
0318,大连理工大学城市学院[独立学院],,英语,,,450,133684
0318,大连理工大学城市学院[独立学院],,日语,,,446,137128
0318,大连理工大学城市学院[独立学院],,广播电视学,,,455,129310
0318,大连理工大学城市学院[独立学院],,网络与新媒体,,,455,129310
0318,大连理工大学城市学院[独立学院],,电气工程及其自动化,,,451,132831
0318,大连理工大学城市学院[独立学院],,电子信息工程,,,448,135403
0318,大连理工大学城市学院[独立学院],,通信工程,,,447,136314
0318,大连理工大学城市学院[独立学院],,自动化,,,445,137992
0318,大连理工大学城市学院[独立学院],,计算机科学与技术,,,449,134515
0318,大连理工大学城市学院[独立学院],,软件工程,,,448,135403
0318,大连理工大学城市学院[独立学院],,网络工程,,,445,137992
0318,大连理工大学城市学院[独立学院],,物联网工程,,,451,132831
0318,大连理工大学城市学院[独立学院],,数字媒体技术,,,451,132831
0318,大连理工大学城市学院[独立学院],,数据科学与大数据技术,,,446,137128
0318,大连理工大学城市学院[独立学院],,土木工程,,,444,138829
0318,大连理工大学城市学院[独立学院],,测绘工程,,,440,142251
0318,大连理工大学城市学院[独立学院],,地理空间信息工程,,,433,147987
0318,大连理工大学城市学院[独立学院],,建筑学,,,452,131939
0318,大连理工大学城市学院[独立学院],,风景园林,,,442,140581
0318,大连理工大学城市学院[独立学院],,信息管理与信息系统,,,445,137992
0318,大连理工大学城市学院[独立学院],,工程管理,,,448,135403
0318,大连理工大学城市学院[独立学院],,工程造价,,,452,131939
0318,大连理工大学城市学院[独立学院],,大数据管理与应用,,,449,134515
0318,大连理工大学城市学院[独立学院],,工商管理,,,455,129310
0318,大连理工大学城市学院[独立学院],,市场营销,,,449,134515
0318,大连理工大学城市学院[独立学院],,公共事业管理,,,489,97728
0318,大连理工大学城市学院[独立学院],,物流管理,,,440,142251
0320,大连理工大学(盘锦校区)[公办],,经济学类(经济与商务实验班),,,610,9711
0320,大连理工大学(盘锦校区)[公办],,运动康复,,,593,16515
0320,大连理工大学(盘锦校区)[公办],,海洋技术,,,599,13858
0320,大连理工大学(盘锦校区)[公办],,生物科学类,,,602,12631
0320,大连理工大学(盘锦校区)[公办],,能源化学工程(能源、资源与生物化工工科实验班),,,603,12248
0320,大连理工大学(盘锦校区)[公办],,环境生态工程(生态与食品工科实验班),,,597,14703
0320,大连理工大学(盘锦校区)[公办],,药学,,,601,13049
0320,大连理工大学(盘锦校区)[公办],,数理基础科学(中外合作办学),,,586,20047
0320,大连理工大学(盘锦校区)[公办],,应用化学(中外合作办学)(理学),,,582,22261
0320,大连理工大学(盘锦校区)[公办],,过程装备与控制工程(中外合作办学),,,575,26354
0322,大连民族大学[公办],,经济学,,,546,45883
0322,大连民族大学[公办],,国际经济与贸易,,,545,47376
0322,大连民族大学[公办],,英语,,,562,34751
0322,大连民族大学[公办],,日语,,,554,40472
0322,大连民族大学[公办],,数学与应用数学,,,546,45883
0322,大连民族大学[公办],,信息与计算科学,,,545,47376
0322,大连民族大学[公办],,应用化学,,,516,72111
0322,大连民族大学[公办],,生物技术,,,524,65102
0322,大连民族大学[公办],,统计学,,,549,44261
0322,大连民族大学[公办],,机械设计制造及其自动化,,,534,56478
0322,大连民族大学[公办],,工业设计,,,554,40472
0322,大连民族大学[公办],,车辆工程,,,535,55619
0322,大连民族大学[公办],,智能制造工程,,,534,56478
0322,大连民族大学[公办],,测控技术与仪器,,,528,61650
0322,大连民族大学[公办],,功能材料,,,500,88132
0322,大连民族大学[公办],,电子信息工程,,,553,41254
0322,大连民族大学[公办],,通信工程,,,551,42759
0322,大连民族大学[公办],,光电信息科学与工程,,,530,59831
0322,大连民族大学[公办],,人工智能,,,547,45772
0322,大连民族大学[公办],,自动化,,,539,52338
0322,大连民族大学[公办],,机器人工程,,,530,59831
0322,大连民族大学[公办],,计算机科学与技术,,,558,37566
0322,大连民族大学[公办],,软件工程,,,555,39718
0322,大连民族大学[公办],,网络工程,,,552,42004
0322,大连民族大学[公办],,物联网工程,,,546,45883
0322,大连民族大学[公办],,区块链工程,,,546,45883
0322,大连民族大学[公办],,土木工程,,,524,65102
0322,大连民族大学[公办],,建筑环境与能源应用工程,,,540,51523
0322,大连民族大学[公办],,化学工程与工艺,,,522,66880
0322,大连民族大学[公办],,制药工程,,,525,64228
0322,大连民族大学[公办],,环境工程,,,515,73018
0322,大连民族大学[公办],,环境科学,,,522,66880
0322,大连民族大学[公办],,食品科学与工程,,,522,66880
0322,大连民族大学[公办],,食品质量与安全,,,531,58995
0322,大连民族大学[公办],,建筑学,,,539,52338
0322,大连民族大学[公办],,生物工程,,,541,50682
0322,大连民族大学[公办],,工程管理,,,522,66880
0322,大连民族大学[公办],,市场营销,,,537,53967
0322,大连民族大学[公办],,会计学,,,556,39008
0322,大连民族大学[公办],,财务管理,,,547,45772
0326,大连外国语大学[公办],,英语,,,591,17508
0326,大连外国语大学[公办],,法语,,,579,23927
0326,大连外国语大学[公办],,日语,,,589,18507
0327,大连医科大学[公办],,临床医学(5+3一体化),,,622,6287
0327,大连医科大学[公办],,临床医学(5+3一体化，儿科学),,,608,10398
0327,大连医科大学[公办],,临床医学,,,605,11477
0327,大连医科大学[公办],,麻醉学,,,596,15132
0327,大连医科大学[公办],,口腔医学,,,608,10398
0327,大连医科大学[公办],,预防医学,,,592,16998
0327,大连医科大学[公办],,临床药学,,,588,19006
0327,大连医科大学[公办],,医学检验技术,,,588,19006
0328,大连医科大学中山学院[独立学院],,计算机科学与技术,,,483,103506
0328,大连医科大学中山学院[独立学院],,临床医学,,,487,99599
0328,大连医科大学中山学院[独立学院],,口腔医学,,,493,93969
0328,大连医科大学中山学院[独立学院],,针灸推拿学,,,476,110122
0328,大连医科大学中山学院[独立学院],,药事管理,,,464,121286
0328,大连医科大学中山学院[独立学院],,医学影像技术,,,468,117642
0328,大连医科大学中山学院[独立学院],,康复治疗学,,,469,116739
0328,大连医科大学中山学院[独立学院],,护理学,,,460,124911
0328,大连医科大学中山学院[独立学院],,助产学,,,456,128454
0329,大连艺术学院[民办],,艺术教育,,,412,163586
0329,大连艺术学院[民办],,日语,,,,
0329,大连艺术学院[民办],,文化产业管理,,,420,157892
0329,大连艺术学院[民办],,电子商务,,,412,163586
0329,大连艺术学院[民办],,跨境电子商务,,,421,157137
0329,大连艺术学院[民办],,旅游管理,,,,
0341,德州学院[公办],,化学工程与工艺,,,486,100581
0343,滇西科技师范学院[公办],,机器人工程,,,468,117642
0344,滇西应用技术大学[公办],,计算机科学与技术,,,498,89072
0344,滇西应用技术大学[公办],,土木工程,,,477,109131
0344,滇西应用技术大学[公办],,给排水科学与工程,,,475,111128
0344,滇西应用技术大学[公办],,测绘工程,,,471,114847
0344,滇西应用技术大学[公办],,地理空间信息工程,,,481,105433
0344,滇西应用技术大学[公办],,城乡规划,,,466,119485
0344,滇西应用技术大学[公办],,健康服务与管理,,,488,98638
0344,滇西应用技术大学[公办],,物流管理,,,494,92936
0345,电子科技大学(成都市)[公办],,工科试验班(智能仪器、智能控制),,,637,3196
0345,电子科技大学(成都市)[公办],,工科试验班(电子工程类),,,642,2440
0345,电子科技大学(成都市)[公办],,工科试验班(机器人、电气信息、智能制造),,,638,3025
0345,电子科技大学(成都市)[公办],,电子信息类(信息与通信),,,643,2296
0345,电子科技大学(成都市)[公办],,电子信息类(光电集成与光网络),,,639,2876
0345,电子科技大学(成都市)[公办],,电子信息类(电子信息与物理科学复合培养),,,638,3025
0345,电子科技大学(成都市)[公办],,电子信息类(成电英才计划拔尖创新人才实验班),,,655,1114
0345,电子科技大学(成都市)[公办],,计算机类,,,647,1841
0345,电子科技大学(成都市)[公办],,计算机科学与技术(智能金融与区块链金融双A联合学位实验班),,,651,1409
0346,电子科技大学成都学院[独立学院],,机械设计制造及其自动化,,,500,88132
0346,电子科技大学成都学院[独立学院],,电气工程及其自动化,,,500,88132
0346,电子科技大学成都学院[独立学院],,电子信息类,,,496,90982
0346,电子科技大学成都学院[独立学院],,人工智能,,,500,88132
0346,电子科技大学成都学院[独立学院],,机器人工程,,,489,97728
0346,电子科技大学成都学院[独立学院],,计算机科学与技术,,,518,70350
0346,电子科技大学成都学院[独立学院],,软件工程,,,497,90044
0346,电子科技大学成都学院[独立学院],,网络工程,,,495,91989
0346,电子科技大学成都学院[独立学院],,物联网工程,,,500,88132
0346,电子科技大学成都学院[独立学院],,数字媒体技术,,,497,90044
0346,电子科技大学成都学院[独立学院],,智能科学与技术,,,498,89072
0346,电子科技大学成都学院[独立学院],,数据科学与大数据技术,,,508,79620
0346,电子科技大学成都学院[独立学院],,飞行器动力工程,,,487,99599
0348,电子科技大学(沙河校区)(成都市)[公办],,集成电路设计与集成系统(国家示范性微电子学院),,,636,3358
0348,电子科技大学(沙河校区)(成都市)[公办],,软件工程(互联网交叉培养实验班),,,641,2584
0348,电子科技大学(沙河校区)(成都市)[公办],,软件工程(国家示范性软件学院),,,635,3527
0348,电子科技大学(沙河校区)(成都市)[公办],,临床医学,,,612,9070
0348,电子科技大学(沙河校区)(成都市)[公办],,护理学,,,591,17508
0348,电子科技大学(沙河校区)(成都市)[公办],,电子信息类(中外合作办学)(电子信息),,,621,6561
0348,电子科技大学(沙河校区)(成都市)[公办],,电子信息类(中外合作办学)(通信、微电子),,,612,9070
0349,东北财经大学(大连市)[公办],,经济学,,,608,10398
0349,东北财经大学(大连市)[公办],,经济统计学,,,606,11130
0349,东北财经大学(大连市)[公办],,财政学类,,,614,8462
0349,东北财经大学(大连市)[公办],,金融学类,,,610,9711
0349,东北财经大学(大连市)[公办],,金融数学,,,604,11858
0349,东北财经大学(大连市)[公办],,国际经济与贸易,,,601,13049
0349,东北财经大学(大连市)[公办],,商务英语,,,595,15596
0349,东北财经大学(大连市)[公办],,统计学,,,602,12631
0349,东北财经大学(大连市)[公办],,计算机科学与技术,,,600,13430
0349,东北财经大学(大连市)[公办],,管理科学与工程类,,,592,16998
0349,东北财经大学(大连市)[公办],,工商管理类,,,602,12631
0349,东北财经大学(大连市)[公办],,工商管理类,,,606,11130
0349,东北财经大学(大连市)[公办],,会计学(国际会计方向),,,609,10048
0349,东北财经大学(大连市)[公办],,物流管理,,,590,17968
0349,东北财经大学(大连市)[公办],,电子商务,,,597,14703
0349,东北财经大学(大连市)[公办],,工商管理(中外合作办学)(与英国萨里大学合作办学),,,537,53967
0349,东北财经大学(大连市)[公办],,财务管理(中外合作办学)(与英国萨里大学合作办学),,,562,34751
0349,东北财经大学(大连市)[公办],,旅游管理(中外合作办学)(与英国萨里大学合作办学),,,457,127518
0351,东北大学秦皇岛分校[公办],,经济学类,,,606,11130
0351,东北大学秦皇岛分校[公办],,外国语言文学类,,,606,11130
0351,东北大学秦皇岛分校[公办],,数学类,,,606,11130
0351,东北大学秦皇岛分校[公办],,机械类,,,606,11130
0351,东北大学秦皇岛分校[公办],,仪器类(智能光电感知),,,605,11477
0351,东北大学秦皇岛分校[公办],,材料类,,,599,13858
0351,东北大学秦皇岛分校[公办],,电子信息类,,,608,10398
0351,东北大学秦皇岛分校[公办],,自动化类,,,608,10398
0351,东北大学秦皇岛分校[公办],,计算机类,,,614,8462
0351,东北大学秦皇岛分校[公办],,工商管理类,,,600,13430
0351,东北大学秦皇岛分校[公办],,应用统计学(中外合作办学),,,578,24508
0351,东北大学秦皇岛分校[公办],,通信工程(中外合作办学),,,578,24508
0351,东北大学秦皇岛分校[公办],,计算机科学与技术(中外合作办学),,,584,21139
0352,东北大学(沈阳市)[公办],,经济管理试验班,,,613,8757
0352,东北大学(沈阳市)[公办],,工科试验班,,,613,8757
0352,东北大学(沈阳市)[公办],,数学类,,,618,7376
0352,东北大学(沈阳市)[公办],,应用物理学,,,616,7907
0352,东北大学(沈阳市)[公办],,化学类,,,613,8757
0352,东北大学(沈阳市)[公办],,机械类,,,614,8462
0352,东北大学(沈阳市)[公办],,智能制造工程,,,615,8162
0352,东北大学(沈阳市)[公办],,材料类,,,611,9385
0352,东北大学(沈阳市)[公办],,电子信息类,,,621,6561
0352,东北大学(沈阳市)[公办],,人工智能,,,619,7098
0352,东北大学(沈阳市)[公办],,自动化类,,,620,6814
0352,东北大学(沈阳市)[公办],,机器人工程,,,619,7098
0352,东北大学(沈阳市)[公办],,计算机类,,,624,5761
0352,东北大学(沈阳市)[公办],,计算机类,,,620,6814
0352,东北大学(沈阳市)[公办],,建筑类,,,613,8757
0352,东北大学(沈阳市)[公办],,生物工程类,,,612,9070
0354,东北大学(沈阳市)(中外合作办学)[公办],,材料科学与工程(中外合作办学),,,541,50682
0354,东北大学(沈阳市)(中外合作办学)[公办],,生物医学工程(中外合作办学),,,557,38272
0355,东北电力大学(吉林市)[公办],,金融工程,,,572,28175
0355,东北电力大学(吉林市)[公办],,信息与计算科学,,,580,23348
0355,东北电力大学(吉林市)[公办],,应用化学,,,554,40472
0355,东北电力大学(吉林市)[公办],,统计学,,,556,39008
0355,东北电力大学(吉林市)[公办],,机械类,,,558,37566
0355,东北电力大学(吉林市)[公办],,测控技术与仪器,,,562,34751
0355,东北电力大学(吉林市)[公办],,新能源材料与器件,,,576,25729
0355,东北电力大学(吉林市)[公办],,能源与动力工程,,,576,25729
0355,东北电力大学(吉林市)[公办],,新能源科学与工程,,,574,26972
0355,东北电力大学(吉林市)[公办],,储能科学与工程,,,562,34751
0355,东北电力大学(吉林市)[公办],,电气工程及其自动化,,,593,16515
0355,东北电力大学(吉林市)[公办],,智能电网信息工程,,,591,17508
0355,东北电力大学(吉林市)[公办],,电子信息工程,,,589,18507
0355,东北电力大学(吉林市)[公办],,通信工程,,,584,21139
0355,东北电力大学(吉林市)[公办],,自动化,,,573,27552
0355,东北电力大学(吉林市)[公办],,机器人工程,,,569,30021
0355,东北电力大学(吉林市)[公办],,软件工程,,,580,23348
0355,东北电力大学(吉林市)[公办],,智能科学与技术,,,579,23927
0355,东北电力大学(吉林市)[公办],,土木工程,,,564,32737
0355,东北电力大学(吉林市)[公办],,建筑环境与能源应用工程,,,581,22793
0355,东北电力大学(吉林市)[公办],,给排水科学与工程,,,557,38272
0355,东北电力大学(吉林市)[公办],,能源化学工程,,,559,36873
0355,东北电力大学(吉林市)[公办],,化学工程与工业生物工程,,,551,42759
0355,东北电力大学(吉林市)[公办],,核工程与核技术,,,567,31356
0355,东北电力大学(吉林市)[公办],,环境工程,,,549,44261
0355,东北电力大学(吉林市)[公办],,信息管理与信息系统,,,563,34024
0355,东北电力大学(吉林市)[公办],,工程管理,,,556,39008
0355,东北电力大学(吉林市)[公办],,会计学,,,584,21139
0355,东北电力大学(吉林市)[公办],,广播电视编导,,,539,52338
0355,东北电力大学(吉林市)[公办],,电气工程及其自动化(中外合作办学),,,560,36168
0355,东北电力大学(吉林市)[公办],,土木工程(中外合作办学),,,531,58995
0357,东北林业大学(哈尔滨市)[公办],,经济学类,,,585,20594
0357,东北林业大学(哈尔滨市)[公办],,英语,,,586,20047
0357,东北林业大学(哈尔滨市)[公办],,日语,,,578,24508
0357,东北林业大学(哈尔滨市)[公办],,数学与应用数学,,,586,20047
0357,东北林业大学(哈尔滨市)[公办],,信息与计算科学,,,586,20047
0357,东北林业大学(哈尔滨市)[公办],,物理学,,,580,23348
0357,东北林业大学(哈尔滨市)[公办],,化学类,,,575,26354
0357,东北林业大学(哈尔滨市)[公办],,地理信息科学,,,582,22261
0357,东北林业大学(哈尔滨市)[公办],,生物科学类,,,579,23927
0357,东北林业大学(哈尔滨市)[公办],,生物科学(拔尖人才成栋班),,,584,21139
0357,东北林业大学(哈尔滨市)[公办],,生态学,,,576,25729
0357,东北林业大学(哈尔滨市)[公办],,机械类(机电),,,582,22261
0357,东北林业大学(哈尔滨市)[公办],,机械类(车辆),,,580,23348
0357,东北林业大学(哈尔滨市)[公办],,工业设计,,,579,23927
0357,东北林业大学(哈尔滨市)[公办],,材料类,,,572,28175
0357,东北林业大学(哈尔滨市)[公办],,电气类,,,586,20047
0357,东北林业大学(哈尔滨市)[公办],,电子信息类,,,586,20047
0357,东北林业大学(哈尔滨市)[公办],,机器人工程,,,584,21139
0357,东北林业大学(哈尔滨市)[公办],,计算机类,,,589,18507
0357,东北林业大学(哈尔滨市)[公办],,土木工程,,,576,25729
0357,东北林业大学(哈尔滨市)[公办],,建筑环境与能源应用工程,,,578,24508
0357,东北林业大学(哈尔滨市)[公办],,化学工程与工艺,,,576,25729
0357,东北林业大学(哈尔滨市)[公办],,交通运输类,,,579,23927
0357,东北林业大学(哈尔滨市)[公办],,林业工程类(成栋班),,,578,24508
0357,东北林业大学(哈尔滨市)[公办],,森林工程,,,575,26354
0357,东北林业大学(哈尔滨市)[公办],,木材科学与工程,,,572,28175
0357,东北林业大学(哈尔滨市)[公办],,环境科学,,,579,23927
0357,东北林业大学(哈尔滨市)[公办],,食品科学与工程,,,579,23927
0357,东北林业大学(哈尔滨市)[公办],,城乡规划,,,581,22793
0357,东北林业大学(哈尔滨市)[公办],,风景园林,,,581,22793
0357,东北林业大学(哈尔滨市)[公办],,野生动物与自然保护区管理,,,574,26972
0357,东北林业大学(哈尔滨市)[公办],,动物科学,,,574,26972
0357,东北林业大学(哈尔滨市)[公办],,动物医学,,,579,23927
0357,东北林业大学(哈尔滨市)[公办],,林学类,,,575,26354
0357,东北林业大学(哈尔滨市)[公办],,林学类(成栋实验班),,,582,22261
0357,东北林业大学(哈尔滨市)[公办],,园林,,,579,23927
0357,东北林业大学(哈尔滨市)[公办],,工程管理,,,579,23927
0357,东北林业大学(哈尔滨市)[公办],,工商管理类,,,582,22261
0357,东北林业大学(哈尔滨市)[公办],,物流工程,,,579,23927
0357,东北林业大学(哈尔滨市)[公办],,工业工程,,,579,23927
0357,东北林业大学(哈尔滨市)[公办],,化学(中外合作办学),,,519,69481
0357,东北林业大学(哈尔滨市)[公办],,生物技术(中外合作办学),,,535,55619
0357,东北林业大学(哈尔滨市)[公办],,计算机科学与技术(中外合作办学),,,558,37566
0357,东北林业大学(哈尔滨市)[公办],,工程管理(中外合作办学),,,535,55619
0358,东北农业大学(哈尔滨市)[公办],,金融学类,,,584,21139
0358,东北农业大学(哈尔滨市)[公办],,法学,,,590,17968
0358,东北农业大学(哈尔滨市)[公办],,化学生物学,,,572,28175
0358,东北农业大学(哈尔滨市)[公办],,生物科学类,,,577,25118
0358,东北农业大学(哈尔滨市)[公办],,生态学,,,573,27552
0358,东北农业大学(哈尔滨市)[公办],,机械类,,,578,24508
0358,东北农业大学(哈尔滨市)[公办],,电气类,,,584,21139
0358,东北农业大学(哈尔滨市)[公办],,计算机类,,,586,20047
0358,东北农业大学(哈尔滨市)[公办],,数据科学与大数据技术,,,585,20594
0358,东北农业大学(哈尔滨市)[公办],,水利类,,,574,26972
0358,东北农业大学(哈尔滨市)[公办],,制药工程,,,572,28175
0358,东北农业大学(哈尔滨市)[公办],,农业机械化及其自动化(本硕博班),,,581,22793
0358,东北农业大学(哈尔滨市)[公办],,土地整治工程,,,570,29403
0358,东北农业大学(哈尔滨市)[公办],,食品科学与工程类,,,575,26354
0358,东北农业大学(哈尔滨市)[公办],,植物生产类(I),,,571,28818
0358,东北农业大学(哈尔滨市)[公办],,植物生产类(II),,,569,30021
0358,东北农业大学(哈尔滨市)[公办],,农学(本硕博班),,,581,22793
0358,东北农业大学(哈尔滨市)[公办],,园艺(本硕博班),,,578,24508
0358,东北农业大学(哈尔滨市)[公办],,智慧农业,,,571,28818
0358,东北农业大学(哈尔滨市)[公办],,自然保护与环境生态类,,,570,29403
0358,东北农业大学(哈尔滨市)[公办],,农业资源与环境(本硕博班),,,576,25729
0358,东北农业大学(哈尔滨市)[公办],,动物生产类,,,564,32737
0358,东北农业大学(哈尔滨市)[公办],,动物医学(本硕博班),,,579,23927
0358,东北农业大学(哈尔滨市)[公办],,动物药学,,,571,28818
0359,东北师范大学(长春市)[公办],,经济学,,,604,11858
0359,东北师范大学(长春市)[公办],,教育学类,,,600,13430
0359,东北师范大学(长春市)[公办],,日语,,,597,14703
0359,东北师范大学(长春市)[公办],,商务英语,,,597,14703
0359,东北师范大学(长春市)[公办],,数学与应用数学,,,609,10048
0359,东北师范大学(长春市)[公办],,物理学类,,,602,12631
0359,东北师范大学(长春市)[公办],,化学,,,605,11477
0359,东北师范大学(长春市)[公办],,地理科学类,,,593,16515
0359,东北师范大学(长春市)[公办],,生物科学类,,,601,13049
0359,东北师范大学(长春市)[公办],,心理学,,,597,14703
0359,东北师范大学(长春市)[公办],,统计学,,,604,11858
0359,东北师范大学(长春市)[公办],,计算机类,,,595,15596
0359,东北师范大学(长春市)[公办],,数字媒体技术,,,599,13858
0359,东北师范大学(长春市)[公办],,广播电视编导(招有专业志愿考生，不接受调剂),,,578,24508
0363,东北石油大学[公办],,教育技术学,,,542,49854
0363,东北石油大学[公办],,信息与计算科学,,,545,47376
0363,东北石油大学[公办],,应用物理学,,,540,51523
0363,东北石油大学[公办],,化学,,,539,52338
0363,东北石油大学[公办],,应用化学,,,539,52338
0363,东北石油大学[公办],,地质学类,,,541,50682
0363,东北石油大学[公办],,应用统计学,,,539,52338
0363,东北石油大学[公办],,工程力学,,,541,50682
0363,东北石油大学[公办],,机械设计制造及其自动化,,,560,36168
0363,东北石油大学[公办],,机械设计制造及其自动化(本硕连读班),,,568,30714
0363,东北石油大学[公办],,工业设计,,,543,49037
0363,东北石油大学[公办],,过程装备与控制工程,,,541,50682
0363,东北石油大学[公办],,车辆工程,,,544,48201
0363,东北石油大学[公办],,测控技术与仪器,,,541,50682
0363,东北石油大学[公办],,金属材料工程,,,530,59831
0363,东北石油大学[公办],,高分子材料与工程,,,536,54791
0363,东北石油大学[公办],,新能源材料与器件,,,540,51523
0363,东北石油大学[公办],,能源与动力工程,,,548,44990
0363,东北石油大学[公办],,电气工程及其自动化,,,554,40472
0363,东北石油大学[公办],,智能电网信息工程,,,551,42759
0363,东北石油大学[公办],,电子信息工程,,,559,36873
0363,东北石油大学[公办],,电子科学与技术,,,550,43499
0363,东北石油大学[公办],,通信工程,,,550,43499
0363,东北石油大学[公办],,光电信息科学与工程,,,546,45883
0363,东北石油大学[公办],,自动化,,,551,42759
0363,东北石油大学[公办],,计算机类,,,553,41254
0363,东北石油大学[公办],,数据科学与大数据技术,,,549,44261
0363,东北石油大学[公办],,土木工程,,,544,48201
0363,东北石油大学[公办],,建筑环境与能源应用工程,,,535,55619
0363,东北石油大学[公办],,给排水科学与工程,,,537,53967
0363,东北石油大学[公办],,化学工程与工艺,,,539,52338
0363,东北石油大学[公办],,化学工程与工艺(本硕连读班),,,550,43499
0363,东北石油大学[公办],,勘查技术与工程,,,542,49854
0363,东北石油大学[公办],,资源勘查工程,,,539,52338
0363,东北石油大学[公办],,资源勘查工程(本硕连读班),,,550,43499
0363,东北石油大学[公办],,石油工程,,,548,44990
0363,东北石油大学[公办],,石油工程(本硕连读班),,,561,35449
0363,东北石油大学[公办],,油气储运工程,,,539,52338
0363,东北石油大学[公办],,海洋油气工程,,,545,47376
0363,东北石油大学[公办],,环境工程,,,538,53169
0363,东北石油大学[公办],,建筑学,,,545,47376
0363,东北石油大学[公办],,安全工程,,,537,53967
0363,东北石油大学[公办],,工程管理,,,540,51523
0363,东北石油大学[公办],,工商管理类,,,541,50682
0365,东华大学(上海市)[公办],,经济管理试验班,,,613,8757
0365,东华大学(上海市)[公办],,理科试验班类,,,615,8162
0365,东华大学(上海市)[公办],,数学类(金融与统计),,,610,9711
0365,东华大学(上海市)[公办],,物理学类(光电与能源新技术),,,608,10398
0365,东华大学(上海市)[公办],,化学类,,,607,10760
0365,东华大学(上海市)[公办],,机械工程,,,606,11130
0365,东华大学(上海市)[公办],,工业设计,,,606,11130
0365,东华大学(上海市)[公办],,智能制造工程,,,611,9385
0365,东华大学(上海市)[公办],,材料类,,,604,11858
0365,东华大学(上海市)[公办],,功能材料,,,604,11858
0365,东华大学(上海市)[公办],,电子信息类,,,610,9711
0365,东华大学(上海市)[公办],,人工智能,,,614,8462
0365,东华大学(上海市)[公办],,计算机类,,,614,8462
0365,东华大学(上海市)[公办],,智能科学与技术,,,613,8757
0365,东华大学(上海市)[公办],,数据科学与大数据技术,,,614,8462
0365,东华大学(上海市)[公办],,建筑环境与能源应用工程,,,604,11858
0365,东华大学(上海市)[公办],,纺织工程(双学士学位),,,605,11477
0365,东华大学(上海市)[公办],,服装设计与工程,,,605,11477
0365,东华大学(上海市)[公办],,环境工程(双学士学位),,,606,11130
0365,东华大学(上海市)[公办],,供应链管理,,,603,12248
0366,东华理工大学[公办],,数学与应用数学(含金融、软件设计方向),,,547,45772
0366,东华理工大学[公办],,物理学,,,542,49854
0366,东华理工大学[公办],,应用化学,,,543,49037
0366,东华理工大学[公办],,自然地理与资源环境(旅游地学方向),,,540,51523
0366,东华理工大学[公办],,地球物理学类,,,528,61650
0366,东华理工大学[公办],,地质学类,,,536,54791
0366,东华理工大学[公办],,生物技术,,,542,49854
0366,东华理工大学[公办],,统计学,,,549,44261
0366,东华理工大学[公办],,机械工程,,,554,40472
0366,东华理工大学[公办],,测控技术与仪器,,,543,49037
0366,东华理工大学[公办],,材料科学与工程,,,538,53169
0366,东华理工大学[公办],,电子信息类,,,561,35449
0366,东华理工大学[公办],,计算机科学与技术,,,559,36873
0366,东华理工大学[公办],,数据科学与大数据技术,,,556,39008
0366,东华理工大学[公办],,土木类,,,539,52338
0366,东华理工大学[公办],,给排水科学与工程,,,539,52338
0366,东华理工大学[公办],,水文与水资源工程,,,540,51523
0366,东华理工大学[公办],,测绘类,,,535,55619
0366,东华理工大学[公办],,化学工程与工艺,,,536,54791
0366,东华理工大学[公办],,地质类,,,512,75821
0366,东华理工大学[公办],,勘查技术与工程,,,524,65102
0366,东华理工大学[公办],,地下水科学与工程,,,525,64228
0366,东华理工大学[公办],,核工程类,,,552,42004
0366,东华理工大学[公办],,核化工与核燃料工程,,,544,48201
0366,东华理工大学[公办],,环境工程,,,537,53967
0366,东华理工大学[公办],,城乡规划,,,537,53967
0366,东华理工大学[公办],,工程管理,,,547,45772
0366,东华理工大学[公办],,土地资源管理,,,530,59831
0366,东华理工大学[公办],,机械工程(中外合作办学),,,518,70350
0366,东华理工大学[公办],,软件工程(中外合作办学),,,536,54791
0367,东南大学成贤学院[独立学院],,机械类,,,481,105433
0367,东南大学成贤学院[独立学院],,功能材料,,,471,114847
0367,东南大学成贤学院[独立学院],,电气工程及其自动化,,,482,104483
0367,东南大学成贤学院[独立学院],,电子信息工程,,,491,95797
0367,东南大学成贤学院[独立学院],,自动化,,,484,102507
0367,东南大学成贤学院[独立学院],,计算机类,,,486,100581
0367,东南大学成贤学院[独立学院],,土木工程,,,485,101531
0367,东南大学成贤学院[独立学院],,化工与制药类,,,465,120370
0367,东南大学成贤学院[独立学院],,工程造价,,,480,106344
0367,东南大学成贤学院[独立学院],,电子商务,,,477,109131
0369,东南大学(南京市)[公办],,工科试验班(先进机械能源材料类),,,636,3358
0369,东南大学(南京市)[公办],,工科试验班(智慧基础设施与智能交通类),,,636,3358
0369,东南大学(南京市)[公办],,工科试验班(自动化电气测控类),,,641,2584
0369,东南大学(南京市)[公办],,工科试验班(吴健雄班),,,652,1351
0369,东南大学(南京市)[公办],,理科试验班,,,640,2729
0369,东南大学(南京市)[公办],,经济学类,,,638,3025
0369,东南大学(南京市)[公办],,电子信息类,,,644,2176
0369,东南大学(南京市)[公办],,计算机类,,,644,2176
0369,东南大学(南京市)[公办],,生物医学工程(学制七年本硕连读),,,639,2876
0369,东南大学(南京市)[公办],,建筑类,,,648,1730
0370,东莞城市学院[民办],,机械设计制造及其自动化,,,421,157137
0370,东莞城市学院[民办],,电子信息工程,,,436,145515
0370,东莞城市学院[民办],,土木工程,,,418,159311
0371,东莞理工学院[公办],,应用化学,,,532,58171
0371,东莞理工学院[公办],,材料类,,,523,65971
0371,东莞理工学院[公办],,电子信息工程,,,556,39008
0371,东莞理工学院[公办],,计算机类,,,556,39008
0371,东莞理工学院[公办],,软件工程,,,559,36873
0371,东莞理工学院[公办],,环境工程,,,509,78673
0374,对外经济贸易大学(北京市)[公办],,经济统计学,,,636,3358
0374,对外经济贸易大学(北京市)[公办],,金融学类,,,642,2440
0374,对外经济贸易大学(北京市)[公办],,金融工程,,,640,2729
0374,对外经济贸易大学(北京市)[公办],,金融工程(量化金融实验班),,,651,1409
0374,对外经济贸易大学(北京市)[公办],,保险学,,,635,3527
0374,对外经济贸易大学(北京市)[公办],,投资学,,,635,3527
0374,对外经济贸易大学(北京市)[公办],,金融数学,,,636,3358
0374,对外经济贸易大学(北京市)[公办],,精算学,,,637,3196
0374,对外经济贸易大学(北京市)[公办],,数据科学与大数据技术,,,637,3196
0374,对外经济贸易大学(北京市)[公办],,工商管理类,,,635,3527
0376,鄂尔多斯应用技术学院[公办],,自动化,,,459,125856
0376,鄂尔多斯应用技术学院[公办],,矿物资源工程,,,456,128454
0378,防灾科技学院(廊坊市)[公办],,金融学,,,508,79620
0378,防灾科技学院(廊坊市)[公办],,投资学,,,507,80550
0378,防灾科技学院(廊坊市)[公办],,英语,,,508,79620
0378,防灾科技学院(廊坊市)[公办],,广告学,,,502,85294
0378,防灾科技学院(廊坊市)[公办],,网络与新媒体,,,509,78673
0378,防灾科技学院(廊坊市)[公办],,地理科学,,,503,84351
0378,防灾科技学院(廊坊市)[公办],,地球物理学,,,515,73018
0378,防灾科技学院(廊坊市)[公办],,地质学,,,497,90044
0378,防灾科技学院(廊坊市)[公办],,测控技术与仪器,,,499,88132
0378,防灾科技学院(廊坊市)[公办],,电气工程及其自动化,,,509,78673
0378,防灾科技学院(廊坊市)[公办],,通信工程,,,507,80550
0378,防灾科技学院(廊坊市)[公办],,计算机类,,,511,76779
0378,防灾科技学院(廊坊市)[公办],,物联网工程,,,508,79620
0378,防灾科技学院(廊坊市)[公办],,数据科学与大数据技术,,,512,75821
0378,防灾科技学院(廊坊市)[公办],,土木工程,,,502,85294
0378,防灾科技学院(廊坊市)[公办],,城市地下空间工程,,,499,88132
0378,防灾科技学院(廊坊市)[公办],,水利水电工程,,,503,84351
0378,防灾科技学院(廊坊市)[公办],,测绘工程,,,500,88132
0378,防灾科技学院(廊坊市)[公办],,地质工程,,,497,90044
0378,防灾科技学院(廊坊市)[公办],,勘查技术与工程,,,503,84351
0378,防灾科技学院(廊坊市)[公办],,资源勘查工程,,,500,88132
0378,防灾科技学院(廊坊市)[公办],,地下水科学与工程,,,497,90044
0378,防灾科技学院(廊坊市)[公办],,应急技术与管理,,,507,80550
0378,防灾科技学院(廊坊市)[公办],,信息管理与信息系统,,,505,82447
0378,防灾科技学院(廊坊市)[公办],,工程管理,,,501,88132
0378,防灾科技学院(廊坊市)[公办],,会计学,,,513,74844
0379,福建工程学院(福州市)[公办],,国际经济与贸易,,,505,82447
0379,福建工程学院(福州市)[公办],,工商管理,,,492,94896
0379,福建工程学院(福州市)[公办],,财务管理,,,503,84351
0380,福建农林大学[公办],,自然地理与资源环境,,,499,88132
0380,福建农林大学[公办],,生物科学类,,,532,58171
0380,福建农林大学[公办],,生态学,,,500,88132
0380,福建农林大学[公办],,食品科学与工程类,,,521,67756
0380,福建农林大学[公办],,风景园林,,,549,44261
0380,福建农林大学[公办],,农学,,,508,79620
0380,福建农林大学[公办],,园艺,,,502,85294
0380,福建农林大学[公办],,蜂学,,,488,98638
0380,福建农林大学[公办],,动物医学,,,509,78673
0380,福建农林大学[公办],,林学类,,,503,84351
0380,福建农林大学[公办],,园林,,,530,59831
0380,福建农林大学[公办],,管理科学,,,501,88132
0380,福建农林大学[公办],,公共管理类,,,505,82447
0380,福建农林大学[公办],,风景园林(中外合作办学),,,502,85294
0381,福建师范大学(福州市)[公办],,统计学,,,550,43499
0381,福建师范大学(福州市)[公办],,材料类,,,528,61650
0381,福建师范大学(福州市)[公办],,材料物理,,,530,59831
0381,福建师范大学(福州市)[公办],,电子信息类,,,555,39718
0381,福建师范大学(福州市)[公办],,光电信息科学与工程,,,542,49854
0381,福建师范大学(福州市)[公办],,网络空间安全,,,559,36873
0381,福建师范大学(福州市)[公办],,化学工程与工艺,,,529,60756
0381,福建师范大学(福州市)[公办],,资源循环科学与工程,,,531,58995
0381,福建师范大学(福州市)[公办],,环境科学与工程类,,,532,58171
0381,福建师范大学(福州市)[公办],,食品科学与工程,,,529,60756
0381,福建师范大学(福州市)[公办],,生物工程,,,534,56478
0381,福建师范大学(福州市)[公办],,公共管理类,,,542,49854
0381,福建师范大学(福州市)[公办],,图书馆学,,,536,54791
0381,福建师范大学(福州市)[公办],,电子信息工程(中外合作办学)(中英合作办学项目),,,504,83397
0381,福建师范大学(福州市)[公办],,通信工程(中外合作办学)(中英合作办学项目),,,500,88132
0381,福建师范大学(福州市)[公办],,计算机科学与技术(中外合作办学)(中英合作办学项目),,,510,77713
0383,福建医科大学(福州市)[公办],,生物信息学,,,552,42004
0383,福建医科大学(福州市)[公办],,应用心理学,,,549,44261
0383,福建医科大学(福州市)[公办],,基础医学,,,563,34024
0383,福建医科大学(福州市)[公办],,临床医学,,,584,21139
0383,福建医科大学(福州市)[公办],,麻醉学,,,586,20047
0383,福建医科大学(福州市)[公办],,预防医学,,,559,36873
0383,福建医科大学(福州市)[公办],,药学,,,555,39718
0383,福建医科大学(福州市)[公办],,药物制剂,,,554,40472
0383,福建医科大学(福州市)[公办],,医学检验技术,,,561,35449
0383,福建医科大学(福州市)[公办],,医学影像技术,,,574,26972
0383,福建医科大学(福州市)[公办],,眼视光学,,,569,30021
0383,福建医科大学(福州市)[公办],,康复治疗学,,,532,58171
0383,福建医科大学(福州市)[公办],,智能医学工程,,,558,37566
0383,福建医科大学(福州市)[公办],,护理学,,,531,58995
0383,福建医科大学(福州市)[公办],,助产学,,,536,54791
0384,福州大学[公办],,德语,,,598,14272
0384,福州大学[公办],,数学类,,,602,12631
0384,福州大学[公办],,化学,,,601,13049
0384,福州大学[公办],,机械设计制造及其自动化,,,601,13049
0384,福州大学[公办],,工业设计,,,598,14272
0384,福州大学[公办],,过程装备与控制工程,,,595,15596
0384,福州大学[公办],,材料科学与工程,,,593,16515
0384,福州大学[公办],,电子信息类,,,604,11858
0384,福州大学[公办],,光电信息科学与工程,,,600,13430
0384,福州大学[公办],,集成电路设计与集成系统,,,601,13049
0384,福州大学[公办],,自动化,,,604,11858
0384,福州大学[公办],,机器人工程,,,601,13049
0384,福州大学[公办],,计算机类,,,606,11130
0384,福州大学[公办],,土木工程,,,594,16046
0384,福州大学[公办],,港口航道与海岸工程,,,582,22261
0384,福州大学[公办],,化学工程与工艺,,,597,14703
0384,福州大学[公办],,地质工程,,,591,17508
0384,福州大学[公办],,信息管理与信息系统,,,599,13858
0386,福州大学至诚学院[独立学院],,金融工程,,,450,133684
0386,福州大学至诚学院[独立学院],,金融科技,,,443,139702
0386,福州大学至诚学院[独立学院],,国际经济与贸易,,,455,129310
0386,福州大学至诚学院[独立学院],,网络与新媒体,,,447,136314
0386,福州大学至诚学院[独立学院],,应用化学,,,437,144729
0386,福州大学至诚学院[独立学院],,机械设计制造及其自动化,,,445,137992
0386,福州大学至诚学院[独立学院],,材料成型及控制工程,,,436,145515
0386,福州大学至诚学院[独立学院],,工业设计,,,436,145515
0386,福州大学至诚学院[独立学院],,电气工程及其自动化,,,450,133684
0386,福州大学至诚学院[独立学院],,电子信息工程,,,443,139702
0386,福州大学至诚学院[独立学院],,通信工程,,,442,140581
0386,福州大学至诚学院[独立学院],,自动化,,,442,140581
0386,福州大学至诚学院[独立学院],,计算机科学与技术,,,449,134515
0386,福州大学至诚学院[独立学院],,软件工程,,,449,134515
0386,福州大学至诚学院[独立学院],,数字媒体技术,,,447,136314
0386,福州大学至诚学院[独立学院],,数据科学与大数据技术,,,442,140581
0386,福州大学至诚学院[独立学院],,土木工程,,,438,143930
0386,福州大学至诚学院[独立学院],,化学工程与工艺,,,433,147987
0386,福州大学至诚学院[独立学院],,环境工程,,,437,144729
0386,福州大学至诚学院[独立学院],,食品科学与工程,,,437,144729
0386,福州大学至诚学院[独立学院],,建筑学,,,446,137128
0386,福州大学至诚学院[独立学院],,安全工程,,,435,146339
0386,福州大学至诚学院[独立学院],,工程管理,,,436,145515
0386,福州大学至诚学院[独立学院],,财务管理,,,454,130189
0386,福州大学至诚学院[独立学院],,物流管理,,,435,146339
0391,阜阳师范大学[公办],,物联网工程,,,512,75821
0391,阜阳师范大学[公办],,医学检验技术,,,495,91989
0391,阜阳师范大学[公办],,护理学,,,495,91989
0391,阜阳师范大学[公办],,物流管理,,,495,91989
0392,阜阳师范大学信息工程学院[独立学院],,财务管理,,,451,132831
0395,复旦大学(上海市)[公办],,经济管理试验班,,,676,186
0395,复旦大学(上海市)[公办],,工科试验班(新工科本研贯通),,,678,153
0395,复旦大学(上海市)[公办],,自然科学试验班(拔尖学生培养基地),,,671,307
0395,复旦大学(上海市)[公办],,经济学类(拔尖学生培养基地),,,676,186
0395,复旦大学(上海市)[公办],,数学类(拔尖学生培养基地),,,681,115
0396,复旦大学医学院[公办],,医学试验班(拔尖学生培养基地),,,665,443
0396,复旦大学医学院[公办],,临床医学(8年制本博连读，卓越医生计划),,,675,205
0396,复旦大学医学院[公办],,临床医学(5年制，卓越医生计划),,,669,355
0400,甘肃民族师范学院(合作市)[公办],,学前教育,,,465,120370
0400,甘肃民族师范学院(合作市)[公办],,数学与应用数学,,,474,112067
0400,甘肃民族师范学院(合作市)[公办],,物理学,,,465,120370
0400,甘肃民族师范学院(合作市)[公办],,化学,,,462,123141
0401,甘肃农业大学(兰州市)[公办],,农业水利工程,,,496,90982
0401,甘肃农业大学(兰州市)[公办],,食品质量与安全,,,499,88132
0401,甘肃农业大学(兰州市)[公办],,生物工程,,,496,90982
0401,甘肃农业大学(兰州市)[公办],,园艺,,,491,95797
0401,甘肃农业大学(兰州市)[公办],,植物科学与技术,,,493,93969
0401,甘肃农业大学(兰州市)[公办],,种子科学与工程,,,490,96770
0401,甘肃农业大学(兰州市)[公办],,设施农业科学与工程,,,488,98638
0401,甘肃农业大学(兰州市)[公办],,农业资源与环境,,,494,92936
0401,甘肃农业大学(兰州市)[公办],,动物科学,,,492,94896
0401,甘肃农业大学(兰州市)[公办],,林学,,,491,95797
0401,甘肃农业大学(兰州市)[公办],,园林,,,492,94896
0401,甘肃农业大学(兰州市)[公办],,草坪科学与工程,,,485,101531
0401,甘肃农业大学(兰州市)[公办],,中草药栽培与鉴定,,,488,98638
0402,甘肃政法大学(兰州市)[公办],,金融学,,,529,60756
0402,甘肃政法大学(兰州市)[公办],,法学,,,554,40472
0402,甘肃政法大学(兰州市)[公办],,工商管理,,,527,62507
0402,甘肃政法大学(兰州市)[公办],,会计学,,,536,54791
0403,甘肃中医药大学(兰州市)[公办],,国际经济与贸易,,,510,77713
0403,甘肃中医药大学(兰州市)[公办],,运动康复,,,506,81500
0403,甘肃中医药大学(兰州市)[公办],,应用心理学,,,526,63346
0403,甘肃中医药大学(兰州市)[公办],,医学信息工程,,,509,78673
0403,甘肃中医药大学(兰州市)[公办],,软件工程,,,520,68600
0403,甘肃中医药大学(兰州市)[公办],,临床医学,,,547,45772
0403,甘肃中医药大学(兰州市)[公办],,医学影像学,,,544,48201
0403,甘肃中医药大学(兰州市)[公办],,中医学(5+3一体化),,,546,45883
0403,甘肃中医药大学(兰州市)[公办],,中医学,,,544,48201
0403,甘肃中医药大学(兰州市)[公办],,针灸推拿学,,,525,64228
0403,甘肃中医药大学(兰州市)[公办],,中医骨伤科学,,,515,73018
0403,甘肃中医药大学(兰州市)[公办],,中西医临床医学,,,538,53169
0403,甘肃中医药大学(兰州市)[公办],,中药学,,,511,76779
0403,甘肃中医药大学(兰州市)[公办],,中药资源与开发,,,509,78673
0403,甘肃中医药大学(兰州市)[公办],,中药制药,,,509,78673
0403,甘肃中医药大学(兰州市)[公办],,中草药栽培与鉴定,,,501,88132
0403,甘肃中医药大学(兰州市)[公办],,卫生检验与检疫,,,506,81500
0403,甘肃中医药大学(兰州市)[公办],,护理学,,,509,78673
0403,甘肃中医药大学(兰州市)[公办],,助产学,,,505,82447
0403,甘肃中医药大学(兰州市)[公办],,公共事业管理,,,495,91989
0403,甘肃中医药大学(兰州市)[公办],,健康服务与管理,,,512,75821
0403,甘肃中医药大学(兰州市)[公办],,医疗保险,,,486,100581
0404,赣东学院[公办],,国际经济与贸易,,,466,119485
0404,赣东学院[公办],,地理信息科学,,,468,117642
0404,赣东学院[公办],,电子信息工程,,,479,107280
0404,赣东学院[公办],,计算机科学与技术,,,478,108213
0404,赣东学院[公办],,网络工程,,,472,113947
0404,赣东学院[公办],,土木工程,,,467,118588
0404,赣东学院[公办],,测绘工程,,,463,122201
0404,赣东学院[公办],,资源勘查工程(含珠宝鉴定与设计方向),,,460,124911
0404,赣东学院[公办],,工程管理,,,476,110122
0405,赣南科技学院(赣州市)[公办],,冶金工程,,,461,124059
0405,赣南科技学院(赣州市)[公办],,电气工程及其自动化,,,480,106344
0405,赣南科技学院(赣州市)[公办],,通信工程,,,477,109131
0405,赣南科技学院(赣州市)[公办],,机器人工程,,,476,110122
0405,赣南科技学院(赣州市)[公办],,计算机科学与技术,,,478,108213
0405,赣南科技学院(赣州市)[公办],,土木工程,,,484,102507
0405,赣南科技学院(赣州市)[公办],,矿业类,,,464,121286
0405,赣南科技学院(赣州市)[公办],,工程造价,,,467,118588
0406,赣南师范大学(赣州市)[公办],,金融学,,,533,57317
0406,赣南师范大学(赣州市)[公办],,法学,,,546,45883
0406,赣南师范大学(赣州市)[公办],,社会学,,,530,59831
0406,赣南师范大学(赣州市)[公办],,学前教育,,,537,53967
0406,赣南师范大学(赣州市)[公办],,日语,,,527,62507
0406,赣南师范大学(赣州市)[公办],,翻译,,,542,49854
0406,赣南师范大学(赣州市)[公办],,商务英语,,,545,47376
0406,赣南师范大学(赣州市)[公办],,新闻学,,,531,58995
0406,赣南师范大学(赣州市)[公办],,数学与应用数学,,,546,45883
0406,赣南师范大学(赣州市)[公办],,应用化学,,,526,63346
0406,赣南师范大学(赣州市)[公办],,人文地理与城乡规划,,,525,64228
0406,赣南师范大学(赣州市)[公办],,地理信息科学,,,530,59831
0406,赣南师范大学(赣州市)[公办],,生物科学,,,541,50682
0406,赣南师范大学(赣州市)[公办],,应用统计学,,,538,53169
0406,赣南师范大学(赣州市)[公办],,材料化学,,,511,76779
0406,赣南师范大学(赣州市)[公办],,电子信息工程,,,534,56478
0406,赣南师范大学(赣州市)[公办],,电子科学与技术,,,532,58171
0406,赣南师范大学(赣州市)[公办],,计算机科学与技术,,,535,55619
0406,赣南师范大学(赣州市)[公办],,数据科学与大数据技术,,,535,55619
0406,赣南师范大学(赣州市)[公办],,环境科学,,,517,71252
0406,赣南师范大学(赣州市)[公办],,园艺,,,470,115794
0406,赣南师范大学(赣州市)[公办],,市场营销,,,531,58995
0406,赣南师范大学(赣州市)[公办],,会计学,,,538,53169
0406,赣南师范大学(赣州市)[公办],,人力资源管理,,,530,59831
0406,赣南师范大学(赣州市)[公办],,旅游管理,,,497,90044
0407,赣南师范大学科技学院[独立学院],,学前教育,,,455,129310
0407,赣南师范大学科技学院[独立学院],,英语,,,545,47376
0407,赣南师范大学科技学院[独立学院],,数学与应用数学,,,455,129310
0407,赣南师范大学科技学院[独立学院],,电子信息工程,,,453,131095
0407,赣南师范大学科技学院[独立学院],,计算机科学与技术,,,455,129310
0408,赣南医学院(赣州市)[公办],,临床医学,,,526,63346
0408,赣南医学院(赣州市)[公办],,预防医学,,,505,82447
0408,赣南医学院(赣州市)[公办],,法医学,,,514,73932
0408,赣南医学院(赣州市)[公办],,康复治疗学,,,491,95797
0414,广东财经大学(广州市)[公办],,税收学,,,571,28818
0414,广东财经大学(广州市)[公办],,金融学,,,590,17968
0414,广东财经大学(广州市)[公办],,国际经济与贸易,,,578,24508
0414,广东财经大学(广州市)[公办],,计算机科学与技术,,,576,25729
0416,广东第二师范学院[公办],,教育技术学,,,504,83397
0416,广东第二师范学院[公办],,数学与应用数学(师范),,,513,74844
0416,广东第二师范学院[公办],,统计学,,,513,74844
0417,广东东软学院[民办],,软件工程,,,454,130189
0417,广东东软学院[民办],,网络工程,,,444,138829
0417,广东东软学院[民办],,大数据管理与应用,,,436,145515
0417,广东东软学院[民办],,软件工程(中外合作办学),,,421,157137
0418,广东工业大学[公办],,机械类,,,575,26354
0418,广东工业大学[公办],,材料成型及控制工程,,,564,32737
0418,广东工业大学[公办],,电气工程及其自动化,,,580,23348
0418,广东工业大学[公办],,电子信息类,,,579,23927
0418,广东工业大学[公办],,电子科学与技术,,,579,23927
0418,广东工业大学[公办],,自动化类,,,583,21718
0418,广东工业大学[公办],,计算机类,,,584,21139
0418,广东工业大学[公办],,化工与制药类,,,571,28818
0418,广东工业大学[公办],,食品科学与工程,,,558,37566
0418,广东工业大学[公办],,工业工程,,,554,40472
0419,广东海洋大学(湛江市)[公办],,经济与金融,,,529,60756
0419,广东海洋大学(湛江市)[公办],,信息与计算科学,,,530,59831
0419,广东海洋大学(湛江市)[公办],,大气科学,,,520,68600
0419,广东海洋大学(湛江市)[公办],,海洋科学,,,514,73932
0419,广东海洋大学(湛江市)[公办],,能源与动力工程,,,542,49854
0419,广东海洋大学(湛江市)[公办],,软件工程,,,539,52338
0419,广东海洋大学(湛江市)[公办],,船舶与海洋工程,,,518,70350
0419,广东海洋大学(湛江市)[公办],,食品科学与工程,,,520,68600
0419,广东海洋大学(湛江市)[公办],,食品质量与安全,,,512,75821
0419,广东海洋大学(湛江市)[公办],,园林,,,501,88132
0419,广东海洋大学(湛江市)[公办],,水产养殖学,,,503,84351
0419,广东海洋大学(湛江市)[公办],,海洋渔业科学与技术,,,517,71252
0420,广东金融学院[公办],,经济统计学,,,547,45772
0420,广东金融学院[公办],,财政学,,,555,39718
0420,广东金融学院[公办],,金融学,,,575,26354
0420,广东金融学院[公办],,金融工程,,,574,26972
0420,广东金融学院[公办],,应用心理学,,,541,50682
0420,广东金融学院[公办],,计算机科学与技术,,,554,40472
0420,广东金融学院[公办],,会计学,,,561,35449
0422,广东科技学院[民办],,机械电子工程,,,438,143930
0422,广东科技学院[民办],,网络工程,,,437,144729
0422,广东科技学院[民办],,物联网工程,,,426,153495
0425,广东石油化工学院(茂名市)[公办],,过程装备与控制工程,,,494,92936
0425,广东石油化工学院(茂名市)[公办],,能源与动力工程,,,495,91989
0425,广东石油化工学院(茂名市)[公办],,新能源科学与工程,,,501,88132
0425,广东石油化工学院(茂名市)[公办],,数据科学与大数据技术,,,505,82447
0428,广东外语外贸大学[公办],,经济统计学,,,583,21718
0428,广东外语外贸大学[公办],,金融学类,,,588,19006
0428,广东外语外贸大学[公办],,国际经济与贸易,,,591,17508
0428,广东外语外贸大学[公办],,法学,,,590,17968
0428,广东外语外贸大学[公办],,英语,,,599,13858
0428,广东外语外贸大学[公办],,俄语,,,598,14272
0428,广东外语外贸大学[公办],,土耳其语,,,578,24508
0428,广东外语外贸大学[公办],,新闻传播学类,,,587,19505
0428,广东外语外贸大学[公办],,应用心理学,,,583,21718
0428,广东外语外贸大学[公办],,计算机类,,,579,23927
0428,广东外语外贸大学[公办],,工商管理类,,,589,18507
0428,广东外语外贸大学[公办],,电子商务,,,578,24508
0429,广东外语外贸大学南国商学院[独立学院],,英语,,,557,38272
0429,广东外语外贸大学南国商学院[独立学院],,计算机科学与技术,,,420,157892
0432,广东药科大学(广州市)[公办],,中医学,,,540,51523
0432,广东药科大学(广州市)[公办],,药学类,,,542,49854
0432,广东药科大学(广州市)[公办],,中药学类,,,529,60756
0432,广东药科大学(广州市)[公办],,智能医学工程,,,531,58995
0433,广东医科大学[公办],,临床医学,,,590,17968
0433,广东医科大学[公办],,麻醉学,,,583,21718
0433,广东医科大学[公办],,医学影像学,,,579,23927
0433,广东医科大学[公办],,儿科学,,,576,25729
0433,广东医科大学[公办],,口腔医学,,,595,15596
0433,广东医科大学[公办],,药学,,,565,32080
0433,广东医科大学[公办],,中药学,,,555,39718
0433,广东医科大学[公办],,医学检验技术,,,573,27552
0433,广东医科大学[公办],,医学实验技术,,,558,37566
0433,广东医科大学[公办],,康复治疗学,,,552,42004
0434,广东以色列理工学院[中外合作办学],,数学与应用数学(中外合作办学),,,,
0434,广东以色列理工学院[中外合作办学],,生物技术(中外合作办学),,,490,96770
0434,广东以色列理工学院[中外合作办学],,机械工程(中外合作办学),,,512,75821
0434,广东以色列理工学院[中外合作办学],,材料科学与工程(中外合作办学),,,478,108213
0434,广东以色列理工学院[中外合作办学],,化学工程与工艺(中外合作办学),,,517,71252
0435,广西财经学院(南宁市)[公办],,投资学,,,504,83397
0435,广西财经学院(南宁市)[公办],,金融数学,,,505,82447
0435,广西财经学院(南宁市)[公办],,会计学,,,521,67756
0435,广西财经学院(南宁市)[公办],,电子商务,,,503,84351
0436,广西大学(南宁市)[公办],,经济学类,,,581,22793
0436,广西大学(南宁市)[公办],,机械类,,,580,23348
0436,广西大学(南宁市)[公办],,材料类,,,571,28818
0436,广西大学(南宁市)[公办],,电气类,,,584,21139
0436,广西大学(南宁市)[公办],,计算机类,,,588,19006
0436,广西大学(南宁市)[公办],,土木工程,,,575,26354
0441,广西科技大学(柳州市)[公办],,工程力学,,,504,83397
0441,广西科技大学(柳州市)[公办],,车辆工程,,,515,73018
0441,广西科技大学(柳州市)[公办],,电气工程及其自动化,,,520,68600
0441,广西科技大学(柳州市)[公办],,新媒体技术(虚拟现实方向),,,510,77713
0441,广西科技大学(柳州市)[公办],,工程管理,,,503,84351
0441,广西科技大学(柳州市)[公办],,机械工程(中外合作办学),,,438,143930
0441,广西科技大学(柳州市)[公办],,软件工程(中外合作办学),,,455,129310
0442,广西科技师范学院(来宾市)[公办],,数学与应用数学,,,484,102507
0442,广西科技师范学院(来宾市)[公办],,物理学,,,478,108213
0442,广西科技师范学院(来宾市)[公办],,电气工程及其自动化,,,478,108213
0442,广西科技师范学院(来宾市)[公办],,电子信息工程,,,478,108213
0442,广西科技师范学院(来宾市)[公办],,软件工程,,,493,93969
0442,广西科技师范学院(来宾市)[公办],,物联网工程,,,478,108213
0442,广西科技师范学院(来宾市)[公办],,数据科学与大数据技术,,,475,111128
0442,广西科技师范学院(来宾市)[公办],,食品科学与工程,,,469,116739
0442,广西科技师范学院(来宾市)[公办],,财务管理,,,478,108213
0446,广西民族大学(南宁市)[公办],,金融学,,,513,74844
0446,广西民族大学(南宁市)[公办],,国际经济与贸易,,,506,81500
0446,广西民族大学(南宁市)[公办],,英语(师范类),,,524,65102
0446,广西民族大学(南宁市)[公办],,翻译,,,519,69481
0446,广西民族大学(南宁市)[公办],,数学与应用数学(师范类),,,521,67756
0446,广西民族大学(南宁市)[公办],,物理学(师范类),,,505,82447
0446,广西民族大学(南宁市)[公办],,化学(师范类),,,503,84351
0446,广西民族大学(南宁市)[公办],,应用化学,,,495,91989
0446,广西民族大学(南宁市)[公办],,海洋科学,,,496,90982
0446,广西民族大学(南宁市)[公办],,生物技术,,,501,88132
0446,广西民族大学(南宁市)[公办],,金属材料工程,,,498,89072
0446,广西民族大学(南宁市)[公办],,电子信息类,,,513,74844
0446,广西民族大学(南宁市)[公办],,计算机类,,,516,72111
0446,广西民族大学(南宁市)[公办],,土木工程,,,501,88132
0446,广西民族大学(南宁市)[公办],,环境工程,,,504,83397
0446,广西民族大学(南宁市)[公办],,建筑学,,,521,67756
0446,广西民族大学(南宁市)[公办],,会计学(中外合作办学),,,473,113007
0447,广西民族大学相思湖学院(南宁市)[独立学院],,税收学,,,440,142251
0447,广西民族大学相思湖学院(南宁市)[独立学院],,金融工程,,,432,148796
0447,广西民族大学相思湖学院(南宁市)[独立学院],,国际经济与贸易,,,440,142251
0447,广西民族大学相思湖学院(南宁市)[独立学院],,软件工程,,,438,143930
0447,广西民族大学相思湖学院(南宁市)[独立学院],,市场营销,,,435,146339
0447,广西民族大学相思湖学院(南宁市)[独立学院],,财务管理,,,433,147987
0447,广西民族大学相思湖学院(南宁市)[独立学院],,物流管理,,,437,144729
0447,广西民族大学相思湖学院(南宁市)[独立学院],,旅游管理,,,439,143057
0448,广西民族师范学院(崇左市)[公办],,生物科学,,,460,124911
0448,广西民族师范学院(崇左市)[公办],,电子信息工程,,,463,122201
0448,广西民族师范学院(崇左市)[公办],,财务管理,,,467,118588
0448,广西民族师范学院(崇左市)[公办],,城市管理,,,459,125856
0450,广西师范大学(桂林市)[公办],,数学与应用数学,,,549,44261
0450,广西师范大学(桂林市)[公办],,物理学,,,546,45883
0450,广西师范大学(桂林市)[公办],,化学类,,,541,50682
0450,广西师范大学(桂林市)[公办],,地理科学,,,543,49037
0450,广西师范大学(桂林市)[公办],,统计学类,,,541,50682
0450,广西师范大学(桂林市)[公办],,测控技术与仪器,,,528,61650
0450,广西师范大学(桂林市)[公办],,电子信息工程,,,540,51523
0450,广西师范大学(桂林市)[公办],,人工智能,,,538,53169
0450,广西师范大学(桂林市)[公办],,数据科学与大数据技术,,,542,49854
0450,广西师范大学(桂林市)[公办],,环境科学与工程类,,,530,59831
0450,广西师范大学(桂林市)[公办],,信息管理与信息系统,,,538,53169
0450,广西师范大学(桂林市)[公办],,工商管理,,,538,53169
0452,广西外国语学院[民办],,税收学,,,424,154962
0452,广西外国语学院[民办],,国际经济与贸易,,,436,145515
0452,广西外国语学院[民办],,学前教育,,,434,147162
0452,广西外国语学院[民办],,英语,,,443,139702
0452,广西外国语学院[民办],,德语,,,421,157137
0452,广西外国语学院[民办],,法语,,,441,141442
0452,广西外国语学院[民办],,西班牙语,,,429,151199
0452,广西外国语学院[民办],,日语,,,430,150433
0452,广西外国语学院[民办],,泰语,,,422,156398
0452,广西外国语学院[民办],,翻译,,,452,131939
0452,广西外国语学院[民办],,人工智能,,,434,147162
0452,广西外国语学院[民办],,软件工程,,,458,126654
0452,广西外国语学院[民办],,网络工程,,,448,135403
0452,广西外国语学院[民办],,财务管理,,,438,143930
0452,广西外国语学院[民办],,人力资源管理,,,432,148796
0452,广西外国语学院[民办],,审计学,,,428,152021
0452,广西外国语学院[民办],,酒店管理,,,430,150433
0454,广西医科大学(南宁市)[公办],,生物医学工程,,,528,61650
0454,广西医科大学(南宁市)[公办],,护理学,,,521,67756
0458,广西中医药大学(南宁市)[公办],,临床医学,,,547,45772
0458,广西中医药大学(南宁市)[公办],,口腔医学,,,559,36873
0458,广西中医药大学(南宁市)[公办],,中医学,,,534,56478
0458,广西中医药大学(南宁市)[公办],,针灸推拿学,,,522,66880
0458,广西中医药大学(南宁市)[公办],,医学检验技术,,,515,73018
0458,广西中医药大学(南宁市)[公办],,护理学,,,510,77713
0458,广西中医药大学(南宁市)[公办],,护理学(中外合作办学),,,482,104483
0459,广西中医药大学赛恩斯新医药学院(南宁市)[独立学院],,中医学,,,456,128454
0459,广西中医药大学赛恩斯新医药学院(南宁市)[独立学院],,针灸推拿学,,,445,137992
0459,广西中医药大学赛恩斯新医药学院(南宁市)[独立学院],,医学检验技术,,,455,129310
0459,广西中医药大学赛恩斯新医药学院(南宁市)[独立学院],,医学影像技术,,,458,126654
0459,广西中医药大学赛恩斯新医药学院(南宁市)[独立学院],,护理学,,,453,131095
0460,广州城市理工学院[民办],,工业设计,,,429,151199
0460,广州城市理工学院[民办],,车辆工程,,,416,160740
0460,广州城市理工学院[民办],,新能源汽车工程,,,450,133684
0460,广州城市理工学院[民办],,宝石及材料工艺学,,,425,154215
0460,广州城市理工学院[民办],,电气工程及其自动化,,,429,151199
0460,广州城市理工学院[民办],,电子信息工程,,,450,133684
0460,广州城市理工学院[民办],,机器人工程,,,412,163586
0460,广州城市理工学院[民办],,计算机科学与技术,,,456,128454
0460,广州城市理工学院[民办],,土木工程,,,436,145515
0460,广州城市理工学院[民办],,交通工程,,,,
0460,广州城市理工学院[民办],,建筑学,,,429,151199
0460,广州城市理工学院[民办],,会计学(ACCA国际班),,,464,121286
0462,广州大学[公办],,物理学,,,567,31356
0462,广州大学[公办],,机械设计制造及其自动化,,,573,27552
0462,广州大学[公办],,信息安全,,,577,25118
0462,广州大学[公办],,网络空间安全,,,578,24508
0462,广州大学[公办],,生物制药,,,568,30714
0463,广州工商学院[民办],,网络工程,,,424,154962
0463,广州工商学院[民办],,网络工程,,,413,162888
0464,广州航海学院[公办],,港口航道与海岸工程,,,467,118588
0464,广州航海学院[公办],,船舶与海洋工程,,,482,104483
0468,广州软件学院[民办],,电子信息工程,,,459,125856
0468,广州软件学院[民办],,自动化,,,471,114847
0468,广州软件学院[民办],,计算机科学与技术,,,474,112067
0468,广州软件学院[民办],,软件工程,,,467,118588
0468,广州软件学院[民办],,网络工程,,,462,123141
0469,广州商学院[民办],,金融学(中英双语创新班),,,438,143930
0469,广州商学院[民办],,金融学,,,451,132831
0469,广州商学院[民办],,法学,,,465,120370
0469,广州商学院[民办],,商务英语(中英双语创新班),,,438,143930
0469,广州商学院[民办],,商务英语,,,453,131095
0469,广州商学院[民办],,软件工程,,,449,134515
0469,广州商学院[民办],,会计学(中英双语创新班),,,430,150433
0469,广州商学院[民办],,会计学,,,463,122201
0469,广州商学院[民办],,国际商务(中英双语创新班),,,421,157137
0469,广州商学院[民办],,电子商务,,,449,134515
0474,广州新华学院[民办],,国际经济与贸易,,,437,144729
0474,广州新华学院[民办],,电气工程及其自动化,,,447,136314
0474,广州新华学院[民办],,电子信息科学与技术,,,429,151199
0474,广州新华学院[民办],,软件工程,,,446,137128
0474,广州新华学院[民办],,医学影像技术,,,437,144729
0474,广州新华学院[民办],,康复治疗学,,,,
0474,广州新华学院[民办],,听力与言语康复学,,,,
0474,广州新华学院[民办],,会计学,,,441,141442
0474,广州新华学院[民办],,审计学,,,414,162144
0474,广州新华学院[民办],,电子商务,,,413,162888
0475,广州中医药大学[公办],,生物技术,,,568,30714
0475,广州中医药大学[公办],,应用心理学,,,566,31393
0475,广州中医药大学[公办],,医学信息工程,,,563,34024
0475,广州中医药大学[公办],,医学影像学,,,595,15596
0475,广州中医药大学[公办],,中医学(5+3一体化),,,610,9711
0475,广州中医药大学[公办],,中医学,,,597,14703
0475,广州中医药大学[公办],,针灸推拿学,,,584,21139
0475,广州中医药大学[公办],,中西医临床医学,,,583,21718
0475,广州中医药大学[公办],,药学类,,,564,32737
0475,广州中医药大学[公办],,中药学类,,,568,30714
0475,广州中医药大学[公办],,康复治疗学,,,561,35449
0475,广州中医药大学[公办],,护理学,,,551,42759
0478,贵阳信息科技学院[民办],,生物工程,,,426,153495
0478,贵阳信息科技学院[民办],,健康服务与管理,,,434,147162
0479,贵州财经大学(贵阳市)[公办],,经济学类,,,544,48201
0479,贵州财经大学(贵阳市)[公办],,市场营销(中外合作办学),,,468,117642
0479,贵州财经大学(贵阳市)[公办],,会计学(中外合作办学),,,496,90982
0480,贵州大学(贵阳市)[公办],,财政学类,,,587,19505
0480,贵州大学(贵阳市)[公办],,法学,,,593,16515
0480,贵州大学(贵阳市)[公办],,政治学类,,,584,21139
0480,贵州大学(贵阳市)[公办],,汉语言文学,,,583,21718
0480,贵州大学(贵阳市)[公办],,英语,,,586,20047
0480,贵州大学(贵阳市)[公办],,日语,,,579,23927
0480,贵州大学(贵阳市)[公办],,数学类,,,583,21718
0480,贵州大学(贵阳市)[公办],,物理学,,,582,22261
0480,贵州大学(贵阳市)[公办],,化学类,,,577,25118
0480,贵州大学(贵阳市)[公办],,生物科学类,,,580,23348
0480,贵州大学(贵阳市)[公办],,机械设计制造及其自动化,,,585,20594
0480,贵州大学(贵阳市)[公办],,材料成型及控制工程,,,576,25729
0480,贵州大学(贵阳市)[公办],,材料类,,,570,29403
0480,贵州大学(贵阳市)[公办],,新能源科学与工程,,,585,20594
0480,贵州大学(贵阳市)[公办],,电气类,,,586,20047
0480,贵州大学(贵阳市)[公办],,电子信息类,,,590,17968
0480,贵州大学(贵阳市)[公办],,人工智能,,,590,17968
0480,贵州大学(贵阳市)[公办],,计算机类,,,592,16998
0480,贵州大学(贵阳市)[公办],,土木类,,,577,25118
0480,贵州大学(贵阳市)[公办],,水利水电工程,,,575,26354
0480,贵州大学(贵阳市)[公办],,水文与水资源工程,,,573,27552
0480,贵州大学(贵阳市)[公办],,测绘工程,,,578,24508
0480,贵州大学(贵阳市)[公办],,化工与制药类,,,574,26972
0480,贵州大学(贵阳市)[公办],,环境工程,,,575,26354
0480,贵州大学(贵阳市)[公办],,建筑类,,,582,22261
0480,贵州大学(贵阳市)[公办],,安全工程,,,576,25729
0480,贵州大学(贵阳市)[公办],,药学,,,580,23348
0480,贵州大学(贵阳市)[公办],,工商管理类,,,583,21718
0480,贵州大学(贵阳市)[公办],,公共管理类,,,580,23348
0480,贵州大学(贵阳市)[公办],,信息管理与信息系统(中外合作办学),,,548,44990
0480,贵州大学(贵阳市)[公办],,旅游管理(中外合作办学),,,534,56478
0482,贵州工程应用技术学院(毕节市)[公办],,计算机科学与技术,,,493,93969
0487,贵州理工学院[公办],,材料类,,,489,97728
0487,贵州理工学院[公办],,计算机类,,,506,81500
0488,贵州民族大学(贵阳市)[公办],,自动化,,,512,75821
0488,贵州民族大学(贵阳市)[公办],,数据科学与大数据技术,,,516,72111
0488,贵州民族大学(贵阳市)[公办],,环境科学与工程类,,,516,72111
0489,贵州黔南经济学院(惠水县)[民办],,金融学,,,446,137128
0492,贵州商学院(贵阳市)[公办],,金融工程,,,499,88132
0492,贵州商学院(贵阳市)[公办],,数据科学与大数据技术,,,493,93969
0492,贵州商学院(贵阳市)[公办],,市场营销,,,492,94896
0494,贵州师范大学(贵阳市)[公办],,计算机科学与技术(3加1培养模式),,,489,97728
0494,贵州师范大学(贵阳市)[公办],,市场营销(国际通识教育课程),,,473,113007
0494,贵州师范大学(贵阳市)[公办],,旅游管理(国际通识教育课程),,,456,128454
0495,贵州师范学院(贵阳市)[公办],,电子信息类,,,493,93969
0496,贵州医科大学(贵阳市)[公办],,临床医学,,,578,24508
0496,贵州医科大学(贵阳市)[公办],,口腔医学,,,580,23348
0496,贵州医科大学(贵阳市)[公办],,药物制剂,,,549,44261
0497,贵州中医药大学[公办],,中医学,,,524,65102
0497,贵州中医药大学[公办],,中西医临床医学,,,538,53169
0497,贵州中医药大学[公办],,中药制药,,,510,77713
0497,贵州中医药大学[公办],,康复治疗学,,,498,89072
0497,贵州中医药大学[公办],,药物制剂(中外合作办学),,,427,152752
0498,贵州中医药大学时珍学院[独立学院],,运动康复,,,444,138829
0498,贵州中医药大学时珍学院[独立学院],,药物制剂,,,448,135403
0498,贵州中医药大学时珍学院[独立学院],,医学检验技术,,,453,131095
0498,贵州中医药大学时珍学院[独立学院],,护理学,,,449,134515
0498,贵州中医药大学时珍学院[独立学院],,健康服务与管理,,,443,139702
0499,桂林电子科技大学[公办],,金融学类,,,565,32080
0499,桂林电子科技大学[公办],,法学类,,,568,30714
0499,桂林电子科技大学[公办],,汉语国际教育,,,553,41254
0499,桂林电子科技大学[公办],,英语,,,567,31356
0499,桂林电子科技大学[公办],,数学与应用数学,,,565,32080
0499,桂林电子科技大学[公办],,信息与计算科学,,,569,30021
0499,桂林电子科技大学[公办],,机械类,,,564,32737
0499,桂林电子科技大学[公办],,智能制造工程,,,567,31356
0499,桂林电子科技大学[公办],,仪器类,,,547,45772
0499,桂林电子科技大学[公办],,材料类,,,546,45883
0499,桂林电子科技大学[公办],,电气工程及其自动化,,,569,30021
0499,桂林电子科技大学[公办],,电子信息类,,,570,29403
0499,桂林电子科技大学[公办],,光电信息科学与工程,,,567,31356
0499,桂林电子科技大学[公办],,人工智能,,,570,29403
0499,桂林电子科技大学[公办],,自动化类,,,566,31393
0499,桂林电子科技大学[公办],,计算机类,,,573,27552
0499,桂林电子科技大学[公办],,数字媒体技术,,,571,28818
0499,桂林电子科技大学[公办],,数据科学与大数据技术,,,571,28818
0499,桂林电子科技大学[公办],,土木类,,,555,39718
0499,桂林电子科技大学[公办],,交通工程,,,560,36168
0499,桂林电子科技大学[公办],,环境工程,,,550,43499
0499,桂林电子科技大学[公办],,管理科学与工程类,,,561,35449
0500,桂林航天工业学院[公办],,机械设计制造及其自动化,,,513,74844
0500,桂林航天工业学院[公办],,材料成型及控制工程,,,493,93969
0500,桂林航天工业学院[公办],,机械电子工程,,,505,82447
0500,桂林航天工业学院[公办],,车辆工程,,,503,84351
0500,桂林航天工业学院[公办],,汽车服务工程,,,487,99599
0500,桂林航天工业学院[公办],,新能源汽车工程,,,505,82447
0500,桂林航天工业学院[公办],,测控技术与仪器,,,504,83397
0500,桂林航天工业学院[公办],,能源与动力工程,,,504,83397
0500,桂林航天工业学院[公办],,电子信息工程,,,512,75821
0500,桂林航天工业学院[公办],,通信工程,,,507,80550
0500,桂林航天工业学院[公办],,自动化,,,510,77713
0500,桂林航天工业学院[公办],,计算机科学与技术,,,519,69481
0500,桂林航天工业学院[公办],,软件工程,,,512,75821
0500,桂林航天工业学院[公办],,物联网工程,,,512,75821
0500,桂林航天工业学院[公办],,数字媒体技术,,,525,64228
0500,桂林航天工业学院[公办],,数据科学与大数据技术,,,519,69481
0500,桂林航天工业学院[公办],,建筑环境与能源应用工程,,,501,88132
0500,桂林航天工业学院[公办],,飞行器制造工程,,,512,75821
0500,桂林航天工业学院[公办],,飞行器动力工程,,,511,76779
0500,桂林航天工业学院[公办],,飞行器质量与可靠性,,,504,83397
0500,桂林航天工业学院[公办],,工程管理,,,496,90982
0500,桂林航天工业学院[公办],,市场营销,,,499,88132
0500,桂林航天工业学院[公办],,财务管理,,,502,85294
0500,桂林航天工业学院[公办],,国际商务,,,498,89072
0500,桂林航天工业学院[公办],,人力资源管理,,,507,80550
0500,桂林航天工业学院[公办],,物流管理,,,497,90044
0500,桂林航天工业学院[公办],,物流工程,,,495,91989
0501,桂林理工大学[公办],,英语,,,530,59831
0501,桂林理工大学[公办],,新闻传播学类,,,524,65102
0501,桂林理工大学[公办],,信息与计算科学,,,528,61650
0501,桂林理工大学[公办],,应用物理学,,,523,65971
0501,桂林理工大学[公办],,地理信息科学,,,522,66880
0501,桂林理工大学[公办],,应用统计学,,,526,63346
0501,桂林理工大学[公办],,材料类,,,515,73018
0501,桂林理工大学[公办],,宝石及材料工艺学,,,520,68600
0501,桂林理工大学[公办],,电子信息类,,,532,58171
0501,桂林理工大学[公办],,计算机类,,,545,47376
0501,桂林理工大学[公办],,土木工程,,,525,64228
0501,桂林理工大学[公办],,水利类,,,518,70350
0501,桂林理工大学[公办],,测绘工程,,,521,67756
0501,桂林理工大学[公办],,化工与制药类,,,514,73932
0501,桂林理工大学[公办],,地质工程,,,520,68600
0501,桂林理工大学[公办],,资源勘查工程,,,511,76779
0501,桂林理工大学[公办],,建筑类,,,522,66880
0501,桂林理工大学[公办],,工商管理类,,,523,65971
0501,桂林理工大学[公办],,会计学,,,528,61650
0502,桂林旅游学院[公办],,英语,,,468,117642
0502,桂林旅游学院[公办],,人工智能,,,478,108213
0502,桂林旅游学院[公办],,食品质量与安全,,,465,120370
0502,桂林旅游学院[公办],,旅游管理与服务教育,,,463,122201
0502,桂林旅游学院[公办],,酒店管理(中外合作办学),,,442,140581
0506,桂林信息科技学院[民办],,国际经济与贸易,,,418,159311
0506,桂林信息科技学院[民办],,英语(对外汉语),,,428,152021
0506,桂林信息科技学院[民办],,商务英语,,,432,148796
0506,桂林信息科技学院[民办],,机械设计制造及其自动化,,,416,160740
0506,桂林信息科技学院[民办],,机械电子工程,,,412,163586
0506,桂林信息科技学院[民办],,工业设计,,,,
0506,桂林信息科技学院[民办],,智能制造工程,,,414,162144
0506,桂林信息科技学院[民办],,测控技术与仪器,,,412,163586
0506,桂林信息科技学院[民办],,测控技术与仪器(汽车电子方向),,,,
0506,桂林信息科技学院[民办],,电气工程及其自动化,,,412,163586
0506,桂林信息科技学院[民办],,电子信息工程,,,414,162144
0506,桂林信息科技学院[民办],,通信工程,,,431,149615
0506,桂林信息科技学院[民办],,电子信息科学与技术,,,413,162888
0506,桂林信息科技学院[民办],,自动化,,,412,163586
0506,桂林信息科技学院[民办],,计算机科学与技术,,,430,150433
0506,桂林信息科技学院[民办],,软件工程,,,425,154215
0506,桂林信息科技学院[民办],,网络工程,,,418,159311
0506,桂林信息科技学院[民办],,物联网工程,,,414,162144
0506,桂林信息科技学院[民办],,数据科学与大数据技术,,,414,162144
0506,桂林信息科技学院[民办],,财务管理,,,412,163586
0506,桂林信息科技学院[民办],,人力资源管理,,,418,159311
0506,桂林信息科技学院[民办],,工业工程,,,412,163586
0506,桂林信息科技学院[民办],,电子商务,,,414,162144
0507,桂林学院[民办],,金融学类,,,441,141442
0507,桂林学院[民办],,小学教育,,,455,129310
0507,桂林学院[民办],,英语,,,453,131095
0507,桂林学院[民办],,商务英语,,,446,137128
0507,桂林学院[民办],,新闻传播学类,,,444,138829
0507,桂林学院[民办],,电子信息工程,,,441,141442
0507,桂林学院[民办],,软件工程,,,444,138829
0507,桂林学院[民办],,数据科学与大数据技术,,,444,138829
0507,桂林学院[民办],,工商管理类,,,440,142251
0507,桂林学院[民办],,会计学,,,443,139702
0507,桂林学院[民办],,财务管理,,,439,143057
0507,桂林学院[民办],,审计学,,,442,140581
0507,桂林学院[民办],,物业管理,,,434,147162
0507,桂林学院[民办],,电子商务,,,442,140581
0508,桂林医学院[公办],,临床医学,,,528,61650
0508,桂林医学院[公办],,医学影像学,,,526,63346
0508,桂林医学院[公办],,预防医学,,,516,72111
0508,桂林医学院[公办],,药学,,,509,78673
0508,桂林医学院[公办],,医学检验技术,,,513,74844
0508,桂林医学院[公办],,康复治疗学,,,499,88132
0515,哈尔滨工程大学[公办],,金融学,,,606,11130
0515,哈尔滨工程大学[公办],,法学,,,607,10760
0515,哈尔滨工程大学[公办],,英语,,,605,11477
0515,哈尔滨工程大学[公办],,数学与应用数学,,,606,11130
0515,哈尔滨工程大学[公办],,机械类,,,604,11858
0515,哈尔滨工程大学[公办],,材料类,,,600,13430
0515,哈尔滨工程大学[公办],,能源动力类,,,603,12248
0515,哈尔滨工程大学[公办],,电子信息类,,,609,10048
0515,哈尔滨工程大学[公办],,光电信息科学与工程,,,607,10760
0515,哈尔滨工程大学[公办],,水声工程(含水声、水声电子、海洋信息3个专业),,,605,11477
0515,哈尔滨工程大学[公办],,自动化类,,,608,10398
0515,哈尔滨工程大学[公办],,计算机类,,,614,8462
0515,哈尔滨工程大学[公办],,软件工程,,,608,10398
0515,哈尔滨工程大学[公办],,海洋工程类,,,599,13858
0515,哈尔滨工程大学[公办],,航空航天类,,,605,11477
0515,哈尔滨工程大学[公办],,核工程与核技术,,,604,11858
0515,哈尔滨工程大学[公办],,核化工与核燃料工程,,,602,12631
0515,哈尔滨工程大学[公办],,工商管理类,,,598,14272
0515,哈尔滨工程大学[公办],,机械设计制造及其自动化(中外合作办学),,,584,21139
0515,哈尔滨工程大学[公办],,材料物理(中外合作办学),,,568,30714
0515,哈尔滨工程大学[公办],,水声工程(中外合作办学),,,572,28175
0515,哈尔滨工程大学[公办],,自动化(中外合作办学),,,574,26972
0515,哈尔滨工程大学[公办],,土木工程(中外合作办学),,,549,44261
0515,哈尔滨工程大学[公办],,船舶与海洋工程(中外合作办学),,,564,32737
0517,哈尔滨工业大学[公办],,工科试验班(英才本硕博连读),,,663,616
0517,哈尔滨工业大学[公办],,工科试验班(航天与自动化),,,646,1952
0517,哈尔滨工业大学[公办],,工科试验班(智能装备与先进材料),,,643,2296
0517,哈尔滨工业大学[公办],,工科试验班(智慧人居),,,644,2176
0517,哈尔滨工业大学[公办],,工科试验班(计算机与电子通信),,,648,1730
0517,哈尔滨工业大学[公办],,环境生态工程(中外合作办学),,,596,15132
0519,哈尔滨工业大学(深圳)[公办],,经济学类(含经济学实验班),,,654,1155
0519,哈尔滨工业大学(深圳)[公办],,数学类,,,654,1155
0519,哈尔滨工业大学(深圳)[公办],,机械类,,,652,1351
0519,哈尔滨工业大学(深圳)[公办],,电气类,,,653,1257
0519,哈尔滨工业大学(深圳)[公办],,电子信息类,,,657,941
0519,哈尔滨工业大学(深圳)[公办],,自动化类,,,655,1114
0519,哈尔滨工业大学(深圳)[公办],,计算机类,,,661,781
0519,哈尔滨工业大学(深圳)[公办],,建筑类,,,650,1536
0520,哈尔滨工业大学(威海)[公办],,经济管理试验班,,,626,5302
0520,哈尔滨工业大学(威海)[公办],,数学类,,,628,4860
0520,哈尔滨工业大学(威海)[公办],,机械设计制造及其自动化,,,629,4660
0520,哈尔滨工业大学(威海)[公办],,车辆工程,,,627,5092
0520,哈尔滨工业大学(威海)[公办],,智能车辆工程,,,629,4660
0520,哈尔滨工业大学(威海)[公办],,材料类,,,627,5092
0520,哈尔滨工业大学(威海)[公办],,能源与动力工程,,,628,4860
0520,哈尔滨工业大学(威海)[公办],,电气工程及其自动化,,,630,4465
0520,哈尔滨工业大学(威海)[公办],,电子信息类,,,630,4465
0520,哈尔滨工业大学(威海)[公办],,光电信息科学与工程,,,628,4860
0520,哈尔滨工业大学(威海)[公办],,自动化类,,,631,4285
0520,哈尔滨工业大学(威海)[公办],,机器人工程,,,633,3898
0520,哈尔滨工业大学(威海)[公办],,计算机类,,,633,3898
0520,哈尔滨工业大学(威海)[公办],,软件工程,,,629,4660
0520,哈尔滨工业大学(威海)[公办],,信息管理与信息系统,,,626,5302
0522,哈尔滨广厦学院[民办],,应用心理学,,,428,152021
0522,哈尔滨广厦学院[民办],,软件工程,,,417,160051
0522,哈尔滨广厦学院[民办],,人力资源管理,,,432,148796
0522,哈尔滨广厦学院[民办],,审计学,,,417,160051
0523,哈尔滨华德学院[民办],,机械设计制造及其自动化(英才班),,,413,162888
0523,哈尔滨华德学院[民办],,车辆工程(英才班),,,412,163586
0523,哈尔滨华德学院[民办],,智能制造工程(英才班),,,412,163586
0524,哈尔滨剑桥学院[民办],,国际经济与贸易,,,417,160051
0524,哈尔滨剑桥学院[民办],,学前教育,,,432,148796
0524,哈尔滨剑桥学院[民办],,机械类,,,420,157892
0524,哈尔滨剑桥学院[民办],,电气工程及其自动化,,,432,148796
0524,哈尔滨剑桥学院[民办],,电子信息工程,,,423,155642
0524,哈尔滨剑桥学院[民办],,工程造价,,,417,160051
0524,哈尔滨剑桥学院[民办],,工商管理类,,,417,160051
0524,哈尔滨剑桥学院[民办],,人力资源管理,,,430,150433
0525,哈尔滨金融学院[公办],,国际经济与贸易,,,515,73018
0525,哈尔滨金融学院[公办],,计算机科学与技术,,,523,65971
0525,哈尔滨金融学院[公办],,财务管理,,,520,68600
0525,哈尔滨金融学院[公办],,审计学,,,523,65971
0525,哈尔滨金融学院[公办],,电子商务,,,518,70350
0527,哈尔滨理工大学[公办],,信息与计算科学,,,567,31356
0527,哈尔滨理工大学[公办],,应用物理学,,,559,36873
0527,哈尔滨理工大学[公办],,应用统计学,,,561,35449
0527,哈尔滨理工大学[公办],,机械设计制造及其自动化,,,564,32737
0527,哈尔滨理工大学[公办],,材料成型及控制工程,,,551,42759
0527,哈尔滨理工大学[公办],,机械电子工程,,,564,32737
0527,哈尔滨理工大学[公办],,测控技术与仪器,,,559,36873
0527,哈尔滨理工大学[公办],,金属材料工程,,,545,47376
0527,哈尔滨理工大学[公办],,无机非金属材料工程,,,549,44261
0527,哈尔滨理工大学[公办],,高分子材料与工程,,,557,38272
0527,哈尔滨理工大学[公办],,能源与动力工程,,,562,34751
0527,哈尔滨理工大学[公办],,电气工程及其自动化,,,567,31356
0527,哈尔滨理工大学[公办],,电子信息工程,,,571,28818
0527,哈尔滨理工大学[公办],,电子科学与技术,,,569,30021
0527,哈尔滨理工大学[公办],,通信工程,,,567,31356
0527,哈尔滨理工大学[公办],,光电信息科学与工程,,,563,34024
0527,哈尔滨理工大学[公办],,电子信息科学与技术,,,568,30714
0527,哈尔滨理工大学[公办],,自动化类,,,564,32737
0527,哈尔滨理工大学[公办],,计算机科学与技术,,,575,26354
0527,哈尔滨理工大学[公办],,网络工程,,,569,30021
0527,哈尔滨理工大学[公办],,物联网工程,,,571,28818
0527,哈尔滨理工大学[公办],,土木工程,,,560,36168
0527,哈尔滨理工大学[公办],,化工与制药类,,,556,39008
0527,哈尔滨理工大学[公办],,建筑学,,,560,36168
0527,哈尔滨理工大学[公办],,安全工程,,,545,47376
0527,哈尔滨理工大学[公办],,信息管理与信息系统,,,560,36168
0527,哈尔滨理工大学[公办],,工商管理,,,561,35449
0527,哈尔滨理工大学[公办],,市场营销,,,551,42759
0527,哈尔滨理工大学[公办],,人力资源管理,,,560,36168
0529,哈尔滨商业大学[公办],,经济学类(经济学院),,,541,50682
0529,哈尔滨商业大学[公办],,财政学类(财政与公共管理学院),,,544,48201
0529,哈尔滨商业大学[公办],,金融学类(金融学院),,,552,42004
0529,哈尔滨商业大学[公办],,金融学类(英才学院),,,561,35449
0529,哈尔滨商业大学[公办],,经济与贸易类(经济学院),,,540,51523
0529,哈尔滨商业大学[公办],,统计学,,,550,43499
0529,哈尔滨商业大学[公办],,机械类(英才学院),,,533,57317
0529,哈尔滨商业大学[公办],,机械类(轻工学院),,,527,62507
0529,哈尔滨商业大学[公办],,能源动力类(英才学院),,,521,67756
0529,哈尔滨商业大学[公办],,能源与动力工程,,,528,61650
0529,哈尔滨商业大学[公办],,物联网工程,,,555,39718
0529,哈尔滨商业大学[公办],,制药工程,,,530,59831
0529,哈尔滨商业大学[公办],,油气储运工程,,,512,75821
0529,哈尔滨商业大学[公办],,食品科学与工程类(英才学院),,,527,62507
0529,哈尔滨商业大学[公办],,食品科学与工程,,,531,58995
0529,哈尔滨商业大学[公办],,药学类(英才学院),,,527,62507
0529,哈尔滨商业大学[公办],,工商管理类(商务学院),,,536,54791
0529,哈尔滨商业大学[公办],,工商管理类(会计学院),,,549,44261
0529,哈尔滨商业大学[公办],,会计学(本硕班),,,571,28818
0530,哈尔滨师范大学[公办],,英语,,,562,34751
0530,哈尔滨师范大学[公办],,数学与应用数学,,,558,37566
0530,哈尔滨师范大学[公办],,物理学,,,553,41254
0530,哈尔滨师范大学[公办],,化学,,,552,42004
0530,哈尔滨师范大学[公办],,地理科学,,,553,41254
0530,哈尔滨师范大学[公办],,地理信息科学,,,545,47376
0530,哈尔滨师范大学[公办],,生物科学,,,555,39718
0530,哈尔滨师范大学[公办],,软件工程,,,545,47376
0530,哈尔滨师范大学[公办],,会计学,,,553,41254
0530,哈尔滨师范大学[公办],,劳动与社会保障,,,538,53169
0531,哈尔滨石油学院[民办],,机械类,,,427,152752
0531,哈尔滨石油学院[民办],,电子信息工程,,,437,144729
0531,哈尔滨石油学院[民办],,通信工程,,,425,154215
0531,哈尔滨石油学院[民办],,信息安全,,,437,144729
0531,哈尔滨石油学院[民办],,化学工程与工艺,,,434,147162
0531,哈尔滨石油学院[民办],,石油工程,,,431,149615
0531,哈尔滨石油学院[民办],,油气储运工程,,,416,160740
0531,哈尔滨石油学院[民办],,工程造价,,,425,154215
0532,哈尔滨体育学院[公办],,运动人体科学,,,461,124059
0534,哈尔滨信息工程学院[民办],,电子信息工程,,,422,156398
0534,哈尔滨信息工程学院[民办],,计算机科学与技术,,,417,160051
0534,哈尔滨信息工程学院[民办],,软件工程,,,416,160740
0534,哈尔滨信息工程学院[民办],,电子商务,,,415,161451
0535,哈尔滨学院[公办],,地理信息科学,,,497,90044
0535,哈尔滨学院[公办],,软件工程,,,503,84351
0535,哈尔滨学院[公办],,土木类,,,496,90982
0536,哈尔滨医科大学[公办],,生物信息学,,,581,22793
0536,哈尔滨医科大学[公办],,医学信息工程,,,537,53967
0536,哈尔滨医科大学[公办],,基础医学(伍连德班),,,607,10760
0536,哈尔滨医科大学[公办],,基础医学,,,591,17508
0536,哈尔滨医科大学[公办],,临床医学(5+3一体化，于维汉班),,,633,3898
0536,哈尔滨医科大学[公办],,临床医学(5+3一体化),,,625,5524
0536,哈尔滨医科大学[公办],,临床医学(5+3一体化，儿科学硕士),,,621,6561
0536,哈尔滨医科大学[公办],,临床医学,,,605,11477
0536,哈尔滨医科大学[公办],,麻醉学,,,612,9070
0536,哈尔滨医科大学[公办],,医学影像学,,,598,14272
0536,哈尔滨医科大学[公办],,精神医学,,,577,25118
0536,哈尔滨医科大学[公办],,口腔医学,,,618,7376
0536,哈尔滨医科大学[公办],,预防医学,,,583,21718
0536,哈尔滨医科大学[公办],,药学,,,583,21718
0536,哈尔滨医科大学[公办],,临床药学,,,578,24508
0536,哈尔滨医科大学[公办],,中药学,,,563,34024
0536,哈尔滨医科大学[公办],,医学检验技术,,,556,39008
0536,哈尔滨医科大学[公办],,智能医学工程,,,561,35449
0536,哈尔滨医科大学[公办],,护理学,,,549,44261
0536,哈尔滨医科大学[公办],,健康服务与管理,,,515,73018
0540,哈尔滨远东理工学院[民办],,机械类,,,416,160740
0540,哈尔滨远东理工学院[民办],,计算机类,,,421,157137
0542,海军军医大学[公办],,临床医学(高级临床医师),,,630,4465
0542,海军军医大学[公办],,临床医学(临床医师),,,614,8462
0542,海军军医大学[公办],,麻醉学(临床麻醉医师),,,615,8162
0542,海军军医大学[公办],,医学影像学(临床影像医师),,,616,7907
0542,海军军医大学[公办],,中医学(中医临床医师),,,610,9711
0542,海军军医大学[公办],,药学(药剂师),,,603,12248
0542,海军军医大学[公办],,护理学(护师),,,597,14703
0543,海口经济学院[民办],,经济学类,,,432,148796
0543,海口经济学院[民办],,外国语言文学类,,,416,160740
0543,海口经济学院[民办],,新闻学(网络新媒体),,,412,163586
0543,海口经济学院[民办],,电气工程及其自动化,,,412,163586
0543,海口经济学院[民办],,数据科学与大数据技术(数字平台运维方向),,,418,159311
0543,海口经济学院[民办],,土木工程,,,412,163586
0543,海口经济学院[民办],,建筑类,,,414,162144
0543,海口经济学院[民办],,市场营销(国际营销),,,414,162144
0543,海口经济学院[民办],,会计学,,,412,163586
0543,海口经济学院[民办],,财务管理,,,,
0543,海口经济学院[民办],,人力资源管理(数字化人力资源方向),,,,
0543,海口经济学院[民办],,物流管理(国际物流方向),,,413,162888
0543,海口经济学院[民办],,电子商务(电商直播方向),,,,
0544,海南大学(海口市)[公办],,金融学,,,591,17508
0544,海南大学(海口市)[公办],,国际经济与贸易,,,584,21139
0544,海南大学(海口市)[公办],,法学,,,608,10398
0544,海南大学(海口市)[公办],,数学与应用数学,,,603,12248
0544,海南大学(海口市)[公办],,应用物理学,,,581,22793
0544,海南大学(海口市)[公办],,应用化学,,,577,25118
0544,海南大学(海口市)[公办],,海洋科学,,,580,23348
0544,海南大学(海口市)[公办],,生物科学,,,584,21139
0544,海南大学(海口市)[公办],,生物技术,,,578,24508
0544,海南大学(海口市)[公办],,生态学,,,575,26354
0544,海南大学(海口市)[公办],,机械设计制造及其自动化,,,584,21139
0544,海南大学(海口市)[公办],,车辆工程,,,583,21718
0544,海南大学(海口市)[公办],,材料类,,,583,21718
0544,海南大学(海口市)[公办],,电子信息类,,,590,17968
0544,海南大学(海口市)[公办],,电子科学与技术,,,587,19505
0544,海南大学(海口市)[公办],,人工智能,,,589,18507
0544,海南大学(海口市)[公办],,自动化,,,584,21139
0544,海南大学(海口市)[公办],,计算机科学与技术,,,591,17508
0544,海南大学(海口市)[公办],,软件工程(NIIT),,,584,21139
0544,海南大学(海口市)[公办],,信息安全,,,586,20047
0544,海南大学(海口市)[公办],,物联网工程,,,594,16046
0544,海南大学(海口市)[公办],,密码科学与技术,,,585,20594
0544,海南大学(海口市)[公办],,土木工程,,,580,23348
0544,海南大学(海口市)[公办],,化学工程与工艺,,,573,27552
0544,海南大学(海口市)[公办],,环境科学,,,574,26972
0544,海南大学(海口市)[公办],,生物医学工程,,,576,25729
0544,海南大学(海口市)[公办],,食品科学与工程类,,,580,23348
0544,海南大学(海口市)[公办],,建筑学,,,587,19505
0544,海南大学(海口市)[公办],,风景园林,,,579,23927
0544,海南大学(海口市)[公办],,农学,,,576,25729
0544,海南大学(海口市)[公办],,园艺,,,573,27552
0544,海南大学(海口市)[公办],,植物保护,,,575,26354
0544,海南大学(海口市)[公办],,设施农业科学与工程,,,565,32080
0544,海南大学(海口市)[公办],,动物科学,,,566,31393
0544,海南大学(海口市)[公办],,动物医学,,,578,24508
0544,海南大学(海口市)[公办],,林学,,,564,32737
0544,海南大学(海口市)[公办],,园林,,,576,25729
0544,海南大学(海口市)[公办],,水产养殖学,,,567,31356
0544,海南大学(海口市)[公办],,药学,,,582,22261
0544,海南大学(海口市)[公办],,工商管理,,,584,21139
0544,海南大学(海口市)[公办],,会计学,,,587,19505
0544,海南大学(海口市)[公办],,审计学,,,584,21139
0544,海南大学(海口市)[公办],,农林经济管理,,,572,28175
0544,海南大学(海口市)[公办],,行政管理,,,587,19505
0544,海南大学(海口市)[公办],,土地资源管理,,,580,23348
0544,海南大学(海口市)[公办],,物流管理,,,576,25729
0544,海南大学(海口市)[公办],,电子商务,,,577,25118
0544,海南大学(海口市)[公办],,旅游管理类,,,573,27552
0544,海南大学(海口市)[公办],,人文地理与城乡规划(中外合作办学),,,537,53967
0544,海南大学(海口市)[公办],,行政管理(中外合作办学),,,553,41254
0544,海南大学(海口市)[公办],,酒店管理(中外合作办学),,,448,135403
0544,海南大学(海口市)[公办],,会展经济与管理(中外合作办学),,,517,71252
0548,海南科技职业大学[民办],,建筑工程,,,416,160740
0548,海南科技职业大学[民办],,物联网工程技术,,,421,157137
0548,海南科技职业大学[民办],,大数据工程技术,,,422,156398
0548,海南科技职业大学[民办],,大数据与财务管理,,,422,156398
0549,海南热带海洋学院(三亚市)[公办],,中国语言文学类,,,504,83397
0549,海南热带海洋学院(三亚市)[公办],,数学与应用数学,,,498,89072
0549,海南热带海洋学院(三亚市)[公办],,物理学,,,494,92936
0549,海南热带海洋学院(三亚市)[公办],,海洋科学类,,,487,99599
0549,海南热带海洋学院(三亚市)[公办],,海洋资源与环境,,,503,84351
0549,海南热带海洋学院(三亚市)[公办],,生物科学类,,,492,94896
0549,海南热带海洋学院(三亚市)[公办],,生态学,,,487,99599
0549,海南热带海洋学院(三亚市)[公办],,应用心理学,,,491,95797
0549,海南热带海洋学院(三亚市)[公办],,电子信息类,,,496,90982
0549,海南热带海洋学院(三亚市)[公办],,计算机类,,,495,91989
0549,海南热带海洋学院(三亚市)[公办],,数字媒体技术,,,497,90044
0549,海南热带海洋学院(三亚市)[公办],,环境工程,,,489,97728
0549,海南热带海洋学院(三亚市)[公办],,食品科学与工程类,,,485,101531
0549,海南热带海洋学院(三亚市)[公办],,海事管理,,,487,99599
0549,海南热带海洋学院(三亚市)[公办],,旅游管理类,,,481,105433
0549,海南热带海洋学院(三亚市)[公办],,市场营销(中外合作办学),,,451,132831
0549,海南热带海洋学院(三亚市)[公办],,旅游管理(中外合作办学),,,448,135403
0551,海南师范大学(海口市)[公办],,经济学类,,,541,50682
0551,海南师范大学(海口市)[公办],,法学,,,547,45772
0551,海南师范大学(海口市)[公办],,思想政治教育,,,543,49037
0551,海南师范大学(海口市)[公办],,教育学类,,,545,47376
0551,海南师范大学(海口市)[公办],,教育技术学,,,541,50682
0551,海南师范大学(海口市)[公办],,小学教育(数学与科学方向),,,540,51523
0551,海南师范大学(海口市)[公办],,小学教育(中文与社会方向),,,541,50682
0551,海南师范大学(海口市)[公办],,小学教育(英语教育方向),,,539,52338
0551,海南师范大学(海口市)[公办],,汉语言文学,,,547,45772
0551,海南师范大学(海口市)[公办],,英语,,,552,42004
0551,海南师范大学(海口市)[公办],,翻译,,,552,42004
0551,海南师范大学(海口市)[公办],,新闻传播学类,,,548,44990
0551,海南师范大学(海口市)[公办],,数学与应用数学,,,549,44261
0551,海南师范大学(海口市)[公办],,物理学,,,547,45772
0551,海南师范大学(海口市)[公办],,化学,,,546,45883
0551,海南师范大学(海口市)[公办],,地理科学类,,,539,52338
0551,海南师范大学(海口市)[公办],,地理科学,,,541,50682
0551,海南师范大学(海口市)[公办],,生物科学,,,542,49854
0551,海南师范大学(海口市)[公办],,生态学,,,527,62507
0551,海南师范大学(海口市)[公办],,应用心理学,,,544,48201
0551,海南师范大学(海口市)[公办],,统计学,,,536,54791
0551,海南师范大学(海口市)[公办],,电子信息科学与技术,,,540,51523
0551,海南师范大学(海口市)[公办],,自动化,,,538,53169
0551,海南师范大学(海口市)[公办],,计算机科学与技术,,,544,48201
0551,海南师范大学(海口市)[公办],,软件工程(NIIT班),,,522,66880
0551,海南师范大学(海口市)[公办],,数据科学与大数据技术,,,543,49037
0551,海南师范大学(海口市)[公办],,制药工程,,,526,63346
0551,海南师范大学(海口市)[公办],,园林,,,529,60756
0551,海南师范大学(海口市)[公办],,工商管理类,,,540,51523
0551,海南师范大学(海口市)[公办],,旅游管理类,,,521,67756
0551,海南师范大学(海口市)[公办],,学前教育(中外合作办学)(中美合作办学),,,483,103506
0554,海南医学院(海口市)[公办],,生物技术,,,510,77713
0554,海南医学院(海口市)[公办],,应用统计学,,,506,81500
0554,海南医学院(海口市)[公办],,临床医学,,,538,53169
0554,海南医学院(海口市)[公办],,麻醉学,,,532,58171
0554,海南医学院(海口市)[公办],,医学影像学,,,526,63346
0554,海南医学院(海口市)[公办],,口腔医学,,,542,49854
0554,海南医学院(海口市)[公办],,预防医学,,,514,73932
0554,海南医学院(海口市)[公办],,中医学,,,518,70350
0554,海南医学院(海口市)[公办],,中西医临床医学,,,524,65102
0554,海南医学院(海口市)[公办],,药学,,,522,66880
0554,海南医学院(海口市)[公办],,海洋药学,,,479,107280
0554,海南医学院(海口市)[公办],,医学检验技术,,,520,68600
0554,海南医学院(海口市)[公办],,护理学,,,504,83397
0554,海南医学院(海口市)[公办],,信息管理与信息系统,,,499,88132
0558,邯郸学院[公办],,经济与金融,,,472,113947
0558,邯郸学院[公办],,思想政治教育,,,475,111128
0558,邯郸学院[公办],,教育学类,,,468,117642
0558,邯郸学院[公办],,教育学,,,475,111128
0558,邯郸学院[公办],,学前教育,,,471,114847
0558,邯郸学院[公办],,小学教育,,,478,108213
0558,邯郸学院[公办],,汉语言文学,,,490,96770
0558,邯郸学院[公办],,汉语国际教育,,,479,107280
0558,邯郸学院[公办],,秘书学,,,463,122201
0558,邯郸学院[公办],,英语,,,493,93969
0558,邯郸学院[公办],,日语,,,465,120370
0558,邯郸学院[公办],,翻译,,,479,107280
0558,邯郸学院[公办],,商务英语,,,481,105433
0558,邯郸学院[公办],,历史学,,,464,121286
0558,邯郸学院[公办],,数学与应用数学,,,481,105433
0558,邯郸学院[公办],,物理学,,,470,115794
0558,邯郸学院[公办],,化学,,,475,111128
0558,邯郸学院[公办],,应用化学,,,460,124911
0558,邯郸学院[公办],,地理科学,,,474,112067
0558,邯郸学院[公办],,地理信息科学,,,467,118588
0558,邯郸学院[公办],,生物科学,,,472,113947
0558,邯郸学院[公办],,生物技术,,,454,130189
0558,邯郸学院[公办],,应用心理学,,,470,115794
0558,邯郸学院[公办],,统计学,,,470,115794
0558,邯郸学院[公办],,机械设计制造及其自动化,,,470,115794
0558,邯郸学院[公办],,智能制造工程,,,467,118588
0558,邯郸学院[公办],,材料化学,,,454,130189
0558,邯郸学院[公办],,电气工程及其自动化,,,471,114847
0558,邯郸学院[公办],,电子信息工程,,,472,113947
0558,邯郸学院[公办],,通信工程,,,470,115794
0558,邯郸学院[公办],,计算机科学与技术,,,487,99599
0558,邯郸学院[公办],,软件工程,,,480,106344
0558,邯郸学院[公办],,网络工程,,,472,113947
0558,邯郸学院[公办],,化学工程与工艺,,,459,125856
0558,邯郸学院[公办],,制药工程,,,462,123141
0558,邯郸学院[公办],,环境生态工程,,,454,130189
0558,邯郸学院[公办],,食品科学与工程,,,458,126654
0558,邯郸学院[公办],,康复治疗学,,,466,119485
0558,邯郸学院[公办],,财务管理,,,477,109131
0558,邯郸学院[公办],,文化产业管理,,,463,122201
0558,邯郸学院[公办],,物流工程,,,462,123141
0558,邯郸学院[公办],,旅游管理,,,459,125856
0558,邯郸学院[公办],,环境生态工程(中外合作办学),,,439,143057
0561,韩山师范学院[公办],,软件工程,,,503,84351
0561,韩山师范学院[公办],,数据科学与大数据技术,,,495,91989
0562,汉口学院(武汉市)[民办],,机械电子工程(工业机器人集成方向),,,448,135403
0564,杭州电子科技大学[公办],,经济学类,,,597,14703
0564,杭州电子科技大学[公办],,传播学,,,594,16046
0564,杭州电子科技大学[公办],,数学类,,,598,14272
0564,杭州电子科技大学[公办],,机械类,,,595,15596
0564,杭州电子科技大学[公办],,工业设计,,,594,16046
0564,杭州电子科技大学[公办],,智能制造工程,,,599,13858
0564,杭州电子科技大学[公办],,测控技术与仪器,,,594,16046
0564,杭州电子科技大学[公办],,材料科学与工程,,,586,20047
0564,杭州电子科技大学[公办],,电子信息类(电子信息学院),,,602,12631
0564,杭州电子科技大学[公办],,电子信息类(通信学院),,,601,13049
0564,杭州电子科技大学[公办],,光电信息科学与工程,,,601,13049
0564,杭州电子科技大学[公办],,自动化,,,598,14272
0564,杭州电子科技大学[公办],,计算机类,,,607,10760
0564,杭州电子科技大学[公办],,网络工程,,,605,11477
0564,杭州电子科技大学[公办],,工业工程,,,581,22793
0564,杭州电子科技大学[公办],,电子商务,,,593,16515
0564,杭州电子科技大学[公办],,自动化(中外合作办学),,,582,22261
0564,杭州电子科技大学[公办],,计算机科学与技术(中外合作办学),,,590,17968
0565,杭州电子科技大学信息工程学院(杭州市)[独立学院],,机械设计制造及其自动化(智能制造方向),,,472,113947
0565,杭州电子科技大学信息工程学院(杭州市)[独立学院],,电气工程及其自动化(新能源电力方向),,,473,113007
0565,杭州电子科技大学信息工程学院(杭州市)[独立学院],,电子信息类,,,475,111128
0565,杭州电子科技大学信息工程学院(杭州市)[独立学院],,通信工程,,,485,101531
0565,杭州电子科技大学信息工程学院(杭州市)[独立学院],,自动化(机器人方向),,,475,111128
0565,杭州电子科技大学信息工程学院(杭州市)[独立学院],,计算机类,,,502,85294
0565,杭州电子科技大学信息工程学院(杭州市)[独立学院],,管理科学与工程类,,,490,96770
0566,杭州师范大学[公办],,经济学类,,,583,21718
0566,杭州师范大学[公办],,法学类,,,584,21139
0566,杭州师范大学[公办],,科学教育(师范),,,578,24508
0566,杭州师范大学[公办],,教育技术学(师范),,,578,24508
0566,杭州师范大学[公办],,物理学(师范),,,586,20047
0566,杭州师范大学[公办],,计算机类,,,580,23348
0566,杭州师范大学[公办],,大数据管理与应用,,,580,23348
0566,杭州师范大学[公办],,国际商务,,,571,28818
0566,杭州师范大学[公办],,公共管理类,,,565,32080
0566,杭州师范大学[公办],,电子商务(数字商务创新实验班),,,569,30021
0566,杭州师范大学[公办],,电子商务,,,573,27552
0566,杭州师范大学[公办],,应用化学(中外合作办学),,,526,63346
0566,杭州师范大学[公办],,地理信息科学(中外合作办学),,,545,47376
0566,杭州师范大学[公办],,高分子材料与工程(中外合作办学),,,461,124059
0569,合肥城市学院[民办],,工业设计,,,447,136314
0569,合肥城市学院[民办],,汽车服务工程,,,431,149615
0569,合肥城市学院[民办],,电子信息工程,,,452,131939
0569,合肥城市学院[民办],,土木工程,,,451,132831
0569,合肥城市学院[民办],,给排水科学与工程,,,443,139702
0570,合肥工业大学[公办],,经济学,,,603,12248
0570,合肥工业大学[公办],,金融工程,,,602,12631
0570,合肥工业大学[公办],,数学与应用数学,,,609,10048
0570,合肥工业大学[公办],,信息与计算科学,,,605,11477
0570,合肥工业大学[公办],,应用物理学,,,604,11858
0570,合肥工业大学[公办],,应用化学,,,593,16515
0570,合肥工业大学[公办],,地理信息科学,,,599,13858
0570,合肥工业大学[公办],,地质学,,,586,20047
0570,合肥工业大学[公办],,统计学,,,604,11858
0570,合肥工业大学[公办],,机械类(智能制造),,,603,12248
0570,合肥工业大学[公办],,车辆工程,,,604,11858
0570,合肥工业大学[公办],,智能车辆工程,,,603,12248
0570,合肥工业大学[公办],,仪器类(智能感知),,,596,15132
0570,合肥工业大学[公办],,材料类(先进材料与智能制造),,,592,16998
0570,合肥工业大学[公办],,高分子材料与工程,,,601,13049
0570,合肥工业大学[公办],,能源与动力工程,,,602,12631
0570,合肥工业大学[公办],,新能源科学与工程,,,603,12248
0570,合肥工业大学[公办],,电气工程及其自动化,,,607,10760
0570,合肥工业大学[公办],,智能电网信息工程,,,605,11477
0570,合肥工业大学[公办],,电子信息工程,,,607,10760
0570,合肥工业大学[公办],,电子科学与技术,,,608,10398
0570,合肥工业大学[公办],,通信工程,,,609,10048
0570,合肥工业大学[公办],,微电子科学与工程,,,606,11130
0570,合肥工业大学[公办],,集成电路设计与集成系统,,,603,12248
0570,合肥工业大学[公办],,自动化,,,607,10760
0570,合肥工业大学[公办],,机器人工程,,,605,11477
0570,合肥工业大学[公办],,计算机科学与技术,,,616,7907
0570,合肥工业大学[公办],,软件工程,,,609,10048
0570,合肥工业大学[公办],,信息安全,,,608,10398
0570,合肥工业大学[公办],,智能科学与技术,,,610,9711
0570,合肥工业大学[公办],,土木类(智慧城市),,,592,16998
0570,合肥工业大学[公办],,遥感科学与技术,,,602,12631
0570,合肥工业大学[公办],,化学工程与工艺,,,595,15596
0570,合肥工业大学[公办],,地质类,,,581,22793
0570,合肥工业大学[公办],,交通运输,,,601,13049
0570,合肥工业大学[公办],,交通工程,,,601,13049
0570,合肥工业大学[公办],,环境工程,,,592,16998
0570,合肥工业大学[公办],,食品科学与工程类,,,591,17508
0570,合肥工业大学[公办],,建筑学,,,610,9711
0570,合肥工业大学[公办],,城乡规划,,,600,13430
0570,合肥工业大学[公办],,风景园林,,,597,14703
0570,合肥工业大学[公办],,信息管理与信息系统,,,607,10760
0570,合肥工业大学[公办],,大数据管理与应用,,,606,11130
0570,合肥工业大学[公办],,工商管理类,,,599,13858
0570,合肥工业大学[公办],,工业工程,,,599,13858
0570,合肥工业大学[公办],,电子商务,,,599,13858
0570,合肥工业大学[公办],,国际经济与贸易(中外合作办学),,,570,29403
0572,合肥工业大学(宣城校区)[公办],,经济学,,,595,15596
0572,合肥工业大学(宣城校区)[公办],,应用化学,,,589,18507
0572,合肥工业大学(宣城校区)[公办],,机械工程,,,596,15132
0572,合肥工业大学(宣城校区)[公办],,材料成型及控制工程,,,590,17968
0572,合肥工业大学(宣城校区)[公办],,材料成型及控制工程,,,545,47376
0572,合肥工业大学(宣城校区)[公办],,过程装备与控制工程,,,591,17508
0572,合肥工业大学(宣城校区)[公办],,新能源材料与器件,,,594,16046
0572,合肥工业大学(宣城校区)[公办],,电气工程与智能控制,,,600,13430
0572,合肥工业大学(宣城校区)[公办],,电子信息科学与技术,,,603,12248
0572,合肥工业大学(宣城校区)[公办],,计算机科学与技术,,,606,11130
0572,合肥工业大学(宣城校区)[公办],,物联网工程,,,603,12248
0572,合肥工业大学(宣城校区)[公办],,城市地下空间工程,,,586,20047
0572,合肥工业大学(宣城校区)[公办],,能源化学工程,,,590,17968
0572,合肥工业大学(宣城校区)[公办],,交通设备与控制工程(先进载运工具),,,581,22793
0572,合肥工业大学(宣城校区)[公办],,环境工程,,,586,20047
0572,合肥工业大学(宣城校区)[公办],,环境生态工程,,,571,28818
0572,合肥工业大学(宣城校区)[公办],,食品质量与安全,,,584,21139
0572,合肥工业大学(宣城校区)[公办],,物流管理,,,588,19006
0576,合肥师范学院[公办],,经济统计学,,,495,91989
0576,合肥师范学院[公办],,数学与应用数学,,,506,81500
0576,合肥师范学院[公办],,化学,,,500,88132
0576,合肥师范学院[公办],,生物技术,,,494,92936
0576,合肥师范学院[公办],,材料科学与工程,,,468,117642
0576,合肥师范学院[公办],,通信工程,,,495,91989
0576,合肥师范学院[公办],,计算机类,,,502,85294
0576,合肥师范学院[公办],,制药工程,,,493,93969
0576,合肥师范学院[公办],,食品质量与安全,,,493,93969
0579,合肥学院[公办],,经济学,,,517,71252
0579,合肥学院[公办],,经济工程,,,511,76779
0579,合肥学院[公办],,金融学,,,517,71252
0579,合肥学院[公办],,数学与应用数学(师范),,,520,68600
0579,合肥学院[公办],,应用统计学,,,513,74844
0579,合肥学院[公办],,机械设计制造及其自动化,,,516,72111
0579,合肥学院[公办],,车辆工程,,,509,78673
0579,合肥学院[公办],,智能制造工程,,,513,74844
0579,合肥学院[公办],,无机非金属材料工程,,,499,88132
0579,合肥学院[公办],,粉体材料科学与工程,,,487,99599
0579,合肥学院[公办],,电子信息工程,,,527,62507
0579,合肥学院[公办],,通信工程,,,516,72111
0579,合肥学院[公办],,能源化学工程,,,501,88132
0579,合肥学院[公办],,交通工程,,,509,78673
0579,合肥学院[公办],,食品科学与工程,,,498,89072
0579,合肥学院[公办],,生物工程,,,498,89072
0579,合肥学院[公办],,工商管理,,,515,73018
0579,合肥学院[公办],,酒店管理,,,506,81500
0579,合肥学院[公办],,物流管理(中外合作办学),,,492,94896
0583,河北北方学院[公办],,经济与金融,,,481,105433
0583,河北北方学院[公办],,思想政治教育,,,496,90982
0583,河北北方学院[公办],,学前教育,,,477,109131
0583,河北北方学院[公办],,英语,,,498,89072
0583,河北北方学院[公办],,俄语,,,470,115794
0583,河北北方学院[公办],,日语,,,470,115794
0583,河北北方学院[公办],,商务英语,,,487,99599
0583,河北北方学院[公办],,数学与应用数学,,,490,96770
0583,河北北方学院[公办],,信息与计算科学,,,479,107280
0583,河北北方学院[公办],,物理学,,,475,111128
0583,河北北方学院[公办],,化学,,,476,110122
0583,河北北方学院[公办],,应用化学,,,469,116739
0583,河北北方学院[公办],,生物信息学,,,469,116739
0583,河北北方学院[公办],,应用心理学,,,485,101531
0583,河北北方学院[公办],,统计学,,,476,110122
0583,河北北方学院[公办],,新能源科学与工程,,,474,112067
0583,河北北方学院[公办],,电子信息工程,,,480,106344
0583,河北北方学院[公办],,通信工程,,,476,110122
0583,河北北方学院[公办],,信息工程,,,476,110122
0583,河北北方学院[公办],,医学信息工程,,,471,114847
0583,河北北方学院[公办],,电子信息科学与技术,,,478,108213
0583,河北北方学院[公办],,计算机科学与技术,,,499,88132
0583,河北北方学院[公办],,数据科学与大数据技术,,,487,99599
0583,河北北方学院[公办],,制药工程,,,474,112067
0583,河北北方学院[公办],,食品科学与工程,,,469,116739
0583,河北北方学院[公办],,食品质量与安全,,,474,112067
0583,河北北方学院[公办],,农学,,,463,122201
0583,河北北方学院[公办],,园艺,,,462,123141
0583,河北北方学院[公办],,植物保护,,,461,124059
0583,河北北方学院[公办],,种子科学与工程,,,461,124059
0583,河北北方学院[公办],,动物科学,,,457,127518
0583,河北北方学院[公办],,动物医学,,,464,121286
0583,河北北方学院[公办],,动物药学,,,459,125856
0583,河北北方学院[公办],,动植物检疫,,,456,128454
0583,河北北方学院[公办],,草业科学,,,462,123141
0583,河北北方学院[公办],,临床医学,,,523,65971
0583,河北北方学院[公办],,麻醉学,,,517,71252
0583,河北北方学院[公办],,医学影像学,,,517,71252
0583,河北北方学院[公办],,口腔医学,,,528,61650
0583,河北北方学院[公办],,预防医学,,,489,97728
0583,河北北方学院[公办],,中医学,,,504,83397
0583,河北北方学院[公办],,针灸推拿学,,,492,94896
0583,河北北方学院[公办],,中西医临床医学,,,507,80550
0583,河北北方学院[公办],,药学,,,475,111128
0583,河北北方学院[公办],,药物制剂,,,472,113947
0583,河北北方学院[公办],,中药学,,,477,109131
0583,河北北方学院[公办],,法医学,,,492,94896
0583,河北北方学院[公办],,医学检验技术,,,493,93969
0583,河北北方学院[公办],,康复治疗学,,,483,103506
0583,河北北方学院[公办],,卫生检验与检疫,,,475,111128
0583,河北北方学院[公办],,护理学,,,488,98638
0583,河北北方学院[公办],,信息管理与信息系统,,,474,112067
0583,河北北方学院[公办],,市场营销,,,474,112067
0583,河北北方学院[公办],,财务管理,,,489,97728
0583,河北北方学院[公办],,人力资源管理,,,480,106344
0583,河北北方学院[公办],,农林经济管理,,,470,115794
0583,河北北方学院[公办],,酒店管理,,,468,117642
0584,河北传媒学院[民办],,中国语言文学类,,,451,132831
0584,河北传媒学院[民办],,外国语言文学类,,,442,140581
0584,河北传媒学院[民办],,新闻传播学类,,,448,135403
0584,河北传媒学院[民办],,计算机类,,,427,152752
0584,河北传媒学院[民办],,文化产业管理,,,442,140581
0584,河北传媒学院[民办],,电子商务,,,443,139702
0584,河北传媒学院[民办],,会展经济与管理,,,440,142251
0585,河北大学(保定市)[公办],,哲学,,,562,34751
0585,河北大学(保定市)[公办],,经济学,,,567,31356
0585,河北大学(保定市)[公办],,经济统计学,,,562,34751
0585,河北大学(保定市)[公办],,财政学,,,569,30021
0585,河北大学(保定市)[公办],,金融学,,,568,30714
0585,河北大学(保定市)[公办],,金融学,,,522,66880
0585,河北大学(保定市)[公办],,保险学,,,558,37566
0585,河北大学(保定市)[公办],,国际经济与贸易,,,560,36168
0585,河北大学(保定市)[公办],,国际经济与贸易,,,517,71252
0585,河北大学(保定市)[公办],,法学,,,564,32737
0585,河北大学(保定市)[公办],,社会工作,,,554,40472
0585,河北大学(保定市)[公办],,教育学类,,,567,31356
0585,河北大学(保定市)[公办],,古典文献学,,,547,45772
0585,河北大学(保定市)[公办],,英语,,,571,28818
0585,河北大学(保定市)[公办],,俄语,,,558,37566
0585,河北大学(保定市)[公办],,日语,,,555,39718
0585,河北大学(保定市)[公办],,葡萄牙语,,,555,39718
0585,河北大学(保定市)[公办],,新闻传播学类,,,570,29403
0585,河北大学(保定市)[公办],,新闻学,,,542,49854
0585,河北大学(保定市)[公办],,广告学,,,564,32737
0585,河北大学(保定市)[公办],,数学与应用数学,,,562,34751
0585,河北大学(保定市)[公办],,物理学类,,,556,39008
0585,河北大学(保定市)[公办],,化学,,,547,45772
0585,河北大学(保定市)[公办],,生物科学类,,,539,52338
0585,河北大学(保定市)[公办],,应用心理学,,,551,42759
0585,河北大学(保定市)[公办],,机械设计制造及其自动化,,,560,36168
0585,河北大学(保定市)[公办],,测控技术与仪器,,,553,41254
0585,河北大学(保定市)[公办],,材料类,,,542,49854
0585,河北大学(保定市)[公办],,新能源材料与器件,,,555,39718
0585,河北大学(保定市)[公办],,电气工程及其自动化,,,568,30714
0585,河北大学(保定市)[公办],,电气工程及其自动化,,,521,67756
0585,河北大学(保定市)[公办],,电子科学与技术,,,564,32737
0585,河北大学(保定市)[公办],,通信工程,,,565,32080
0585,河北大学(保定市)[公办],,光电信息科学与工程,,,562,34751
0585,河北大学(保定市)[公办],,电子信息科学与技术,,,562,34751
0585,河北大学(保定市)[公办],,人工智能,,,564,32737
0585,河北大学(保定市)[公办],,自动化,,,562,34751
0585,河北大学(保定市)[公办],,计算机类,,,570,29403
0585,河北大学(保定市)[公办],,软件工程,,,570,29403
0585,河北大学(保定市)[公办],,软件工程,,,523,65971
0585,河北大学(保定市)[公办],,数据科学与大数据技术,,,567,31356
0585,河北大学(保定市)[公办],,土木工程,,,551,42759
0585,河北大学(保定市)[公办],,智能建造,,,553,41254
0585,河北大学(保定市)[公办],,环境科学与工程类,,,542,49854
0585,河北大学(保定市)[公办],,建筑学,,,553,41254
0585,河北大学(保定市)[公办],,安全工程,,,546,45883
0585,河北大学(保定市)[公办],,临床医学,,,552,42004
0585,河北大学(保定市)[公办],,口腔医学,,,565,32080
0585,河北大学(保定市)[公办],,预防医学,,,532,58171
0585,河北大学(保定市)[公办],,中医学,,,547,45772
0585,河北大学(保定市)[公办],,药学类,,,544,48201
0585,河北大学(保定市)[公办],,中药学,,,532,58171
0585,河北大学(保定市)[公办],,医学影像技术,,,544,48201
0585,河北大学(保定市)[公办],,卫生检验与检疫,,,527,62507
0585,河北大学(保定市)[公办],,智能医学工程,,,544,48201
0585,河北大学(保定市)[公办],,护理学,,,524,65102
0585,河北大学(保定市)[公办],,信息管理与信息系统,,,561,35449
0585,河北大学(保定市)[公办],,信息管理与信息系统,,,500,88132
0585,河北大学(保定市)[公办],,工商管理,,,566,31393
0585,河北大学(保定市)[公办],,会计学,,,578,24508
0585,河北大学(保定市)[公办],,财务管理,,,573,27552
0585,河北大学(保定市)[公办],,人力资源管理,,,562,34751
0585,河北大学(保定市)[公办],,劳动与社会保障,,,551,42759
0585,河北大学(保定市)[公办],,图书馆学,,,554,40472
0585,河北大学(保定市)[公办],,档案学,,,550,43499
0585,河北大学(保定市)[公办],,质量管理工程,,,545,47376
0585,河北大学(保定市)[公办],,旅游管理,,,550,43499
0585,河北大学(保定市)[公办],,广播电视学(中外合作办学),,,513,74844
0585,河北大学(保定市)[公办],,广告学(中外合作办学),,,507,80550
0585,河北大学(保定市)[公办],,人力资源管理(中外合作办学),,,519,69481
0586,河北大学(地方专项计划)[公办],,数学与应用数学,,,555,39718
0586,河北大学(地方专项计划)[公办],,物理学类,,,553,41254
0586,河北大学(地方专项计划)[公办],,化学,,,541,50682
0586,河北大学(地方专项计划)[公办],,生物科学类,,,534,56478
0586,河北大学(地方专项计划)[公办],,材料类,,,545,47376
0586,河北大学(地方专项计划)[公办],,土木工程,,,543,49037
0586,河北大学(地方专项计划)[公办],,药学类,,,540,51523
0586,河北大学(地方专项计划)[公办],,图书馆学,,,541,50682
0586,河北大学(地方专项计划)[公办],,质量管理工程,,,543,49037
0588,河北大学(少数民族预科班)[公办],,预科班,,,528,61650
0589,河北地质大学[公办],,经济学类,,,529,60756
0589,河北地质大学[公办],,法学,,,529,60756
0589,河北地质大学[公办],,英语,,,535,55619
0589,河北地质大学[公办],,数学类,,,516,72111
0589,河北地质大学[公办],,地理信息科学,,,519,69481
0589,河北地质大学[公办],,地球物理学,,,502,85294
0589,河北地质大学[公办],,材料类,,,511,76779
0589,河北地质大学[公办],,计算机类,,,529,60756
0589,河北地质大学[公办],,土木类,,,517,71252
0589,河北地质大学[公办],,水利类,,,515,73018
0589,河北地质大学[公办],,测绘类,,,511,76779
0589,河北地质大学[公办],,地质类,,,509,78673
0589,河北地质大学[公办],,地质工程,,,509,78673
0589,河北地质大学[公办],,勘查技术与工程,,,506,81500
0589,河北地质大学[公办],,旅游地学与规划工程,,,504,83397
0589,河北地质大学[公办],,环境工程,,,513,74844
0589,河北地质大学[公办],,城乡规划,,,512,75821
0589,河北地质大学[公办],,管理科学与工程类,,,514,73932
0589,河北地质大学[公办],,信息管理与信息系统,,,523,65971
0589,河北地质大学[公办],,工商管理类,,,537,53967
0589,河北地质大学[公办],,工商管理类,,,524,65102
0589,河北地质大学[公办],,公共管理类,,,517,71252
0589,河北地质大学[公办],,土地资源管理,,,510,77713
0589,河北地质大学[公办],,物流管理与工程类,,,516,72111
0589,河北地质大学[公办],,金融学(中外合作办学),,,507,80550
0590,河北地质大学(地方专项计划)[公办],,经济学类,,,533,57317
0590,河北地质大学(地方专项计划)[公办],,材料类,,,510,77713
0590,河北地质大学(地方专项计划)[公办],,计算机类,,,535,55619
0590,河北地质大学(地方专项计划)[公办],,水利类,,,514,73932
0590,河北地质大学(地方专项计划)[公办],,地质类,,,511,76779
0590,河北地质大学(地方专项计划)[公办],,地质工程,,,513,74844
0590,河北地质大学(地方专项计划)[公办],,工商管理类,,,526,63346
0592,河北地质大学华信学院(石家庄市)[独立学院],,金融学类,,,440,142251
0592,河北地质大学华信学院(石家庄市)[独立学院],,国际经济与贸易,,,435,146339
0592,河北地质大学华信学院(石家庄市)[独立学院],,法学,,,448,135403
0592,河北地质大学华信学院(石家庄市)[独立学院],,英语,,,438,143930
0592,河北地质大学华信学院(石家庄市)[独立学院],,广告学,,,441,141442
0592,河北地质大学华信学院(石家庄市)[独立学院],,计算机类,,,437,144729
0592,河北地质大学华信学院(石家庄市)[独立学院],,地质类,,,432,148796
0592,河北地质大学华信学院(石家庄市)[独立学院],,环境工程,,,431,149615
0592,河北地质大学华信学院(石家庄市)[独立学院],,护理学,,,432,148796
0592,河北地质大学华信学院(石家庄市)[独立学院],,管理科学与工程类,,,429,151199
0592,河北地质大学华信学院(石家庄市)[独立学院],,工商管理类,,,434,147162
0592,河北地质大学华信学院(石家庄市)[独立学院],,工商管理类,,,433,147987
0592,河北地质大学华信学院(石家庄市)[独立学院],,公共管理类,,,434,147162
0592,河北地质大学华信学院(石家庄市)[独立学院],,物流管理,,,445,137992
0592,河北地质大学华信学院(石家庄市)[独立学院],,电子商务,,,442,140581
0594,河北东方学院[民办],,金融工程,,,432,148796
0594,河北东方学院[民办],,经济与金融,,,432,148796
0594,河北东方学院[民办],,国际经济与贸易,,,426,153495
0594,河北东方学院[民办],,英语,,,429,151199
0594,河北东方学院[民办],,网络与新媒体,,,439,143057
0594,河北东方学院[民办],,文物与博物馆学,,,426,153495
0594,河北东方学院[民办],,人工智能,,,425,154215
0594,河北东方学院[民办],,软件工程,,,424,154962
0594,河北东方学院[民办],,物联网工程,,,421,157137
0594,河北东方学院[民办],,数据科学与大数据技术,,,422,156398
0594,河北东方学院[民办],,虚拟现实技术,,,418,159311
0594,河北东方学院[民办],,医学影像技术,,,440,142251
0594,河北东方学院[民办],,护理学,,,419,158594
0594,河北东方学院[民办],,财务管理,,,437,144729
0594,河北东方学院[民办],,审计学,,,433,147987
0594,河北东方学院[民办],,资产评估,,,426,153495
0596,河北工程大学(地方专项计划)[公办],,机械类,,,519,69481
0596,河北工程大学(地方专项计划)[公办],,能源与动力工程,,,518,70350
0596,河北工程大学(地方专项计划)[公办],,给排水科学与工程,,,509,78673
0596,河北工程大学(地方专项计划)[公办],,水利水电工程,,,513,74844
0596,河北工程大学(地方专项计划)[公办],,工程管理,,,513,74844
0598,河北工程大学(邯郸市)[公办],,经济学,,,529,60756
0598,河北工程大学(邯郸市)[公办],,金融工程,,,523,65971
0598,河北工程大学(邯郸市)[公办],,国际经济与贸易,,,521,67756
0598,河北工程大学(邯郸市)[公办],,法学,,,537,53967
0598,河北工程大学(邯郸市)[公办],,英语,,,529,60756
0598,河北工程大学(邯郸市)[公办],,文物与博物馆学,,,503,84351
0598,河北工程大学(邯郸市)[公办],,信息与计算科学,,,527,62507
0598,河北工程大学(邯郸市)[公办],,应用物理学,,,516,72111
0598,河北工程大学(邯郸市)[公办],,应用化学,,,507,80550
0598,河北工程大学(邯郸市)[公办],,地理信息科学,,,509,78673
0598,河北工程大学(邯郸市)[公办],,应用统计学,,,519,69481
0598,河北工程大学(邯郸市)[公办],,工程力学,,,513,74844
0598,河北工程大学(邯郸市)[公办],,机械类,,,522,66880
0598,河北工程大学(邯郸市)[公办],,过程装备与控制工程,,,514,73932
0598,河北工程大学(邯郸市)[公办],,测控技术与仪器,,,516,72111
0598,河北工程大学(邯郸市)[公办],,材料类,,,499,88132
0598,河北工程大学(邯郸市)[公办],,能源与动力工程,,,524,65102
0598,河北工程大学(邯郸市)[公办],,新能源科学与工程,,,519,69481
0598,河北工程大学(邯郸市)[公办],,电气工程及其自动化,,,532,58171
0598,河北工程大学(邯郸市)[公办],,电子信息工程,,,531,58995
0598,河北工程大学(邯郸市)[公办],,通信工程,,,529,60756
0598,河北工程大学(邯郸市)[公办],,光电信息科学与工程,,,525,64228
0598,河北工程大学(邯郸市)[公办],,自动化,,,528,61650
0598,河北工程大学(邯郸市)[公办],,计算机类,,,538,53169
0598,河北工程大学(邯郸市)[公办],,数据科学与大数据技术,,,533,57317
0598,河北工程大学(邯郸市)[公办],,土木工程,,,525,64228
0598,河北工程大学(邯郸市)[公办],,建筑环境与能源应用工程,,,510,77713
0598,河北工程大学(邯郸市)[公办],,给排水科学与工程,,,515,73018
0598,河北工程大学(邯郸市)[公办],,城市地下空间工程,,,509,78673
0598,河北工程大学(邯郸市)[公办],,道路桥梁与渡河工程,,,516,72111
0598,河北工程大学(邯郸市)[公办],,水利水电工程,,,519,69481
0598,河北工程大学(邯郸市)[公办],,水文与水资源工程,,,505,82447
0598,河北工程大学(邯郸市)[公办],,测绘工程,,,507,80550
0598,河北工程大学(邯郸市)[公办],,遥感科学与技术,,,516,72111
0598,河北工程大学(邯郸市)[公办],,化学工程与工艺,,,505,82447
0598,河北工程大学(邯郸市)[公办],,地质工程,,,504,83397
0598,河北工程大学(邯郸市)[公办],,勘查技术与工程,,,504,83397
0598,河北工程大学(邯郸市)[公办],,资源勘查工程,,,504,83397
0598,河北工程大学(邯郸市)[公办],,采矿工程,,,491,95797
0598,河北工程大学(邯郸市)[公办],,交通工程,,,517,71252
0598,河北工程大学(邯郸市)[公办],,农业水利工程,,,504,83397
0598,河北工程大学(邯郸市)[公办],,环境工程,,,508,79620
0598,河北工程大学(邯郸市)[公办],,食品科学与工程,,,506,81500
0598,河北工程大学(邯郸市)[公办],,建筑学,,,532,58171
0598,河北工程大学(邯郸市)[公办],,城乡规划,,,510,77713
0598,河北工程大学(邯郸市)[公办],,风景园林,,,508,79620
0598,河北工程大学(邯郸市)[公办],,安全工程,,,507,80550
0598,河北工程大学(邯郸市)[公办],,植物生产类,,,483,103506
0598,河北工程大学(邯郸市)[公办],,动物科学,,,490,96770
0598,河北工程大学(邯郸市)[公办],,动物医学,,,498,89072
0598,河北工程大学(邯郸市)[公办],,园林,,,502,85294
0598,河北工程大学(邯郸市)[公办],,临床医学,,,511,76779
0598,河北工程大学(邯郸市)[公办],,医学检验技术,,,504,83397
0598,河北工程大学(邯郸市)[公办],,医学影像技术,,,510,77713
0598,河北工程大学(邯郸市)[公办],,康复治疗学,,,501,88132
0598,河北工程大学(邯郸市)[公办],,护理学,,,506,81500
0598,河北工程大学(邯郸市)[公办],,信息管理与信息系统,,,521,67756
0598,河北工程大学(邯郸市)[公办],,工程管理,,,521,67756
0598,河北工程大学(邯郸市)[公办],,工商管理类,,,523,65971
0598,河北工程大学(邯郸市)[公办],,土木工程(中外合作办学),,,477,109131
0599,河北工程大学科信学院[独立学院],,国际经济与贸易,,,448,135403
0599,河北工程大学科信学院[独立学院],,英语,,,455,129310
0599,河北工程大学科信学院[独立学院],,机械设计制造及其自动化,,,447,136314
0599,河北工程大学科信学院[独立学院],,材料成型及控制工程,,,442,140581
0599,河北工程大学科信学院[独立学院],,车辆工程,,,443,139702
0599,河北工程大学科信学院[独立学院],,能源与动力工程,,,444,138829
0599,河北工程大学科信学院[独立学院],,电气工程及其自动化,,,447,136314
0599,河北工程大学科信学院[独立学院],,电子信息工程,,,450,133684
0599,河北工程大学科信学院[独立学院],,通信工程,,,446,137128
0599,河北工程大学科信学院[独立学院],,自动化,,,447,136314
0599,河北工程大学科信学院[独立学院],,计算机科学与技术,,,452,131939
0599,河北工程大学科信学院[独立学院],,土木工程,,,445,137992
0599,河北工程大学科信学院[独立学院],,建筑环境与能源应用工程,,,441,141442
0599,河北工程大学科信学院[独立学院],,给排水科学与工程,,,442,140581
0599,河北工程大学科信学院[独立学院],,水利水电工程,,,443,139702
0599,河北工程大学科信学院[独立学院],,化学工程与工艺,,,442,140581
0599,河北工程大学科信学院[独立学院],,交通工程,,,445,137992
0599,河北工程大学科信学院[独立学院],,食品科学与工程,,,448,135403
0599,河北工程大学科信学院[独立学院],,建筑学,,,452,131939
0599,河北工程大学科信学院[独立学院],,工程管理,,,444,138829
0599,河北工程大学科信学院[独立学院],,工商管理,,,448,135403
0599,河北工程大学科信学院[独立学院],,会计学,,,453,131095
0600,河北工程技术学院(石家庄市)[民办],,电子信息工程,,,430,150433
0600,河北工程技术学院(石家庄市)[民办],,通信工程,,,422,156398
0600,河北工程技术学院(石家庄市)[民办],,人工智能,,,419,158594
0600,河北工程技术学院(石家庄市)[民办],,软件工程,,,418,159311
0600,河北工程技术学院(石家庄市)[民办],,软件工程,,,416,160740
0600,河北工程技术学院(石家庄市)[民办],,网络工程,,,415,161451
0600,河北工程技术学院(石家庄市)[民办],,物联网工程,,,417,160051
0600,河北工程技术学院(石家庄市)[民办],,智能科学与技术,,,414,162144
0600,河北工程技术学院(石家庄市)[民办],,数据科学与大数据技术,,,416,160740
0600,河北工程技术学院(石家庄市)[民办],,虚拟现实技术,,,412,163586
0600,河北工程技术学院(石家庄市)[民办],,区块链工程,,,412,163586
0600,河北工程技术学院(石家庄市)[民办],,土木工程,,,416,160740
0600,河北工程技术学院(石家庄市)[民办],,建筑电气与智能化,,,415,161451
0600,河北工程技术学院(石家庄市)[民办],,测绘工程,,,418,159311
0600,河北工程技术学院(石家庄市)[民办],,工程管理,,,412,163586
0600,河北工程技术学院(石家庄市)[民办],,工程造价,,,413,162888
0600,河北工程技术学院(石家庄市)[民办],,大数据管理与应用,,,416,160740
0600,河北工程技术学院(石家庄市)[民办],,电子商务,,,415,161451
0601,河北工业大学(地方专项计划)[公办],,法学,,,587,19505
0601,河北工业大学(地方专项计划)[公办],,思想政治教育,,,582,22261
0601,河北工业大学(地方专项计划)[公办],,英语,,,588,19006
0601,河北工业大学(地方专项计划)[公办],,数学类,,,586,20047
0601,河北工业大学(地方专项计划)[公办],,应用统计学,,,586,20047
0601,河北工业大学(地方专项计划)[公办],,机械类,,,587,19505
0601,河北工业大学(地方专项计划)[公办],,材料类,,,578,24508
0601,河北工业大学(地方专项计划)[公办],,高分子材料与工程,,,578,24508
0601,河北工业大学(地方专项计划)[公办],,能源动力类,,,583,21718
0601,河北工业大学(地方专项计划)[公办],,电气工程及其自动化,,,597,14703
0601,河北工业大学(地方专项计划)[公办],,电子信息工程,,,593,16515
0601,河北工业大学(地方专项计划)[公办],,计算机类,,,595,15596
0601,河北工业大学(地方专项计划)[公办],,土木类,,,581,22793
0601,河北工业大学(地方专项计划)[公办],,化工与制药类,,,577,25118
0601,河北工业大学(地方专项计划)[公办],,环境科学与工程类,,,576,25729
0602,河北工业大学(芬兰校区)[公办],,机械设计制造及其自动化,,,515,73018
0602,河北工业大学(芬兰校区)[公办],,能源与动力工程,,,499,88132
0602,河北工业大学(芬兰校区)[公办],,电气工程及其自动化,,,519,69481
0602,河北工业大学(芬兰校区)[公办],,计算机科学与技术,,,519,69481
0604,河北工业大学(少数民族预科班)[公办],,预科班,,,558,37566
0605,河北工业大学(天津市)[公办],,经济学,,,591,17508
0605,河北工业大学(天津市)[公办],,金融学,,,593,16515
0605,河北工业大学(天津市)[公办],,法学,,,598,14272
0605,河北工业大学(天津市)[公办],,思想政治教育,,,592,16998
0605,河北工业大学(天津市)[公办],,汉语国际教育,,,589,18507
0605,河北工业大学(天津市)[公办],,英语,,,597,14703
0605,河北工业大学(天津市)[公办],,法语,,,588,19006
0605,河北工业大学(天津市)[公办],,日语,,,591,17508
0605,河北工业大学(天津市)[公办],,数学类,,,589,18507
0605,河北工业大学(天津市)[公办],,应用物理学,,,588,19006
0605,河北工业大学(天津市)[公办],,应用化学,,,580,23348
0605,河北工业大学(天津市)[公办],,海洋技术,,,575,26354
0605,河北工业大学(天津市)[公办],,应用统计学,,,590,17968
0605,河北工业大学(天津市)[公办],,机械类,,,585,20594
0605,河北工业大学(天津市)[公办],,材料成型及控制工程,,,578,24508
0605,河北工业大学(天津市)[公办],,工业设计,,,582,22261
0605,河北工业大学(天津市)[公办],,智能制造工程,,,591,17508
0605,河北工业大学(天津市)[公办],,测控技术与仪器,,,583,21718
0605,河北工业大学(天津市)[公办],,材料类,,,574,26972
0605,河北工业大学(天津市)[公办],,高分子材料与工程,,,583,21718
0605,河北工业大学(天津市)[公办],,能源动力类,,,584,21139
0605,河北工业大学(天津市)[公办],,新能源科学与工程,,,589,18507
0605,河北工业大学(天津市)[公办],,电气工程及其自动化,,,598,14272
0605,河北工业大学(天津市)[公办],,电子信息工程,,,595,15596
0605,河北工业大学(天津市)[公办],,电子信息工程,,,599,13858
0605,河北工业大学(天津市)[公办],,电子科学与技术,,,592,16998
0605,河北工业大学(天津市)[公办],,电子科学与技术,,,596,15132
0605,河北工业大学(天津市)[公办],,通信工程,,,593,16515
0605,河北工业大学(天津市)[公办],,人工智能,,,596,15132
0605,河北工业大学(天津市)[公办],,自动化,,,592,16998
0605,河北工业大学(天津市)[公办],,计算机类,,,596,15132
0605,河北工业大学(天津市)[公办],,数据科学与大数据技术,,,599,13858
0605,河北工业大学(天津市)[公办],,土木类,,,576,25729
0605,河北工业大学(天津市)[公办],,土木工程,,,589,18507
0605,河北工业大学(天津市)[公办],,智能建造,,,585,20594
0605,河北工业大学(天津市)[公办],,化工与制药类,,,576,25729
0605,河北工业大学(天津市)[公办],,交通工程,,,584,21139
0605,河北工业大学(天津市)[公办],,环境科学与工程类,,,573,27552
0605,河北工业大学(天津市)[公办],,生物医学工程,,,581,22793
0605,河北工业大学(天津市)[公办],,建筑学,,,588,19006
0605,河北工业大学(天津市)[公办],,城乡规划,,,579,23927
0605,河北工业大学(天津市)[公办],,安全工程,,,580,23348
0605,河北工业大学(天津市)[公办],,智能医学工程,,,584,21139
0605,河北工业大学(天津市)[公办],,工程管理,,,582,22261
0605,河北工业大学(天津市)[公办],,工商管理,,,587,19505
0605,河北工业大学(天津市)[公办],,会计学,,,594,16046
0605,河北工业大学(天津市)[公办],,公共管理类,,,585,20594
0605,河北工业大学(天津市)[公办],,工业工程,,,580,23348
0605,河北工业大学(天津市)[公办],,应用物理学(中外合作办学),,,522,66880
0605,河北工业大学(天津市)[公办],,机械设计制造及其自动化(中外合作办学),,,546,45883
0605,河北工业大学(天津市)[公办],,材料物理(中外合作办学),,,501,88132
0605,河北工业大学(天津市)[公办],,电气工程及其自动化(中外合作办学),,,565,32080
0605,河北工业大学(天津市)[公办],,物联网工程(中外合作办学),,,563,34024
0605,河北工业大学(天津市)[公办],,环境工程(中外合作办学),,,546,45883
0606,河北工业职业技术大学(石家庄市)[公办],,生态环境工程技术,,,457,127518
0606,河北工业职业技术大学(石家庄市)[公办],,钢铁智能冶金技术,,,455,129310
0606,河北工业职业技术大学(石家庄市)[公办],,机械设计制造及自动化,,,460,124911
0606,河北工业职业技术大学(石家庄市)[公办],,自动化技术与应用,,,461,124059
0606,河北工业职业技术大学(石家庄市)[公办],,电子信息工程技术,,,463,122201
0612,河北环境工程学院(秦皇岛市)[公办],,新闻学,,,479,107280
0612,河北环境工程学院(秦皇岛市)[公办],,软件工程,,,480,106344
0612,河北环境工程学院(秦皇岛市)[公办],,物联网工程,,,474,112067
0612,河北环境工程学院(秦皇岛市)[公办],,数据科学与大数据技术,,,482,104483
0612,河北环境工程学院(秦皇岛市)[公办],,环境科学与工程,,,458,126654
0612,河北环境工程学院(秦皇岛市)[公办],,环境工程,,,463,122201
0612,河北环境工程学院(秦皇岛市)[公办],,环境科学,,,455,129310
0612,河北环境工程学院(秦皇岛市)[公办],,环境生态工程,,,456,128454
0612,河北环境工程学院(秦皇岛市)[公办],,环保设备工程,,,453,131095
0612,河北环境工程学院(秦皇岛市)[公办],,水质科学与技术,,,454,130189
0612,河北环境工程学院(秦皇岛市)[公办],,食品质量与安全,,,463,122201
0612,河北环境工程学院(秦皇岛市)[公办],,园林,,,464,121286
0612,河北环境工程学院(秦皇岛市)[公办],,工程管理,,,467,118588
0612,河北环境工程学院(秦皇岛市)[公办],,工程造价,,,473,113007
0612,河北环境工程学院(秦皇岛市)[公办],,市场营销,,,465,120370
0612,河北环境工程学院(秦皇岛市)[公办],,国际商务,,,469,116739
0612,河北环境工程学院(秦皇岛市)[公办],,物流管理,,,467,118588
0612,河北环境工程学院(秦皇岛市)[公办],,会展经济与管理,,,464,121286
0612,河北环境工程学院(秦皇岛市)[公办],,旅游管理与服务教育,,,463,122201
0615,河北建筑工程学院(张家口市)[公办],,英语,,,489,97728
0615,河北建筑工程学院(张家口市)[公办],,德语,,,482,104483
0615,河北建筑工程学院(张家口市)[公办],,信息与计算科学,,,486,100581
0615,河北建筑工程学院(张家口市)[公办],,人文地理与城乡规划,,,479,107280
0615,河北建筑工程学院(张家口市)[公办],,应用统计学,,,485,101531
0615,河北建筑工程学院(张家口市)[公办],,理论与应用力学,,,450,133684
0615,河北建筑工程学院(张家口市)[公办],,机械设计制造及其自动化,,,494,92936
0615,河北建筑工程学院(张家口市)[公办],,材料成型及控制工程,,,473,113007
0615,河北建筑工程学院(张家口市)[公办],,机械电子工程,,,489,97728
0615,河北建筑工程学院(张家口市)[公办],,工业设计,,,480,106344
0615,河北建筑工程学院(张家口市)[公办],,车辆工程,,,483,103506
0615,河北建筑工程学院(张家口市)[公办],,测控技术与仪器,,,474,112067
0615,河北建筑工程学院(张家口市)[公办],,材料科学与工程,,,474,112067
0615,河北建筑工程学院(张家口市)[公办],,焊接技术与工程,,,466,119485
0615,河北建筑工程学院(张家口市)[公办],,能源动力类,,,479,107280
0615,河北建筑工程学院(张家口市)[公办],,储能科学与工程,,,467,118588
0615,河北建筑工程学院(张家口市)[公办],,电气工程及其自动化,,,502,85294
0615,河北建筑工程学院(张家口市)[公办],,电子信息工程,,,492,94896
0615,河北建筑工程学院(张家口市)[公办],,计算机科学与技术,,,503,84351
0615,河北建筑工程学院(张家口市)[公办],,网络工程,,,490,96770
0615,河北建筑工程学院(张家口市)[公办],,物联网工程,,,494,92936
0615,河北建筑工程学院(张家口市)[公办],,土木工程,,,502,85294
0615,河北建筑工程学院(张家口市)[公办],,给排水科学与工程,,,481,105433
0615,河北建筑工程学院(张家口市)[公办],,建筑电气与智能化,,,486,100581
0615,河北建筑工程学院(张家口市)[公办],,道路桥梁与渡河工程,,,484,102507
0615,河北建筑工程学院(张家口市)[公办],,勘查技术与工程,,,464,121286
0615,河北建筑工程学院(张家口市)[公办],,环境工程,,,472,113947
0615,河北建筑工程学院(张家口市)[公办],,建筑学,,,513,74844
0615,河北建筑工程学院(张家口市)[公办],,城乡规划,,,478,108213
0615,河北建筑工程学院(张家口市)[公办],,风景园林,,,479,107280
0615,河北建筑工程学院(张家口市)[公办],,安全工程,,,472,113947
0615,河北建筑工程学院(张家口市)[公办],,消防工程,,,467,118588
0615,河北建筑工程学院(张家口市)[公办],,信息管理与信息系统,,,484,102507
0615,河北建筑工程学院(张家口市)[公办],,工程管理,,,476,110122
0615,河北建筑工程学院(张家口市)[公办],,房地产开发与管理,,,456,128454
0615,河北建筑工程学院(张家口市)[公办],,工程造价,,,493,93969
0615,河北建筑工程学院(张家口市)[公办],,财务管理,,,503,84351
0615,河北建筑工程学院(张家口市)[公办],,城市管理,,,468,117642
0615,河北建筑工程学院(张家口市)[公办],,信息资源管理,,,481,105433
0617,河北金融学院(保定市)[公办],,经济学类,,,520,68600
0617,河北金融学院(保定市)[公办],,经济学类,,,519,69481
0617,河北金融学院(保定市)[公办],,经济学,,,515,73018
0617,河北金融学院(保定市)[公办],,财政学类,,,529,60756
0617,河北金融学院(保定市)[公办],,金融学类,,,531,58995
0617,河北金融学院(保定市)[公办],,金融学,,,532,58171
0617,河北金融学院(保定市)[公办],,金融工程,,,508,79620
0617,河北金融学院(保定市)[公办],,保险学,,,506,81500
0617,河北金融学院(保定市)[公办],,精算学,,,500,88132
0617,河北金融学院(保定市)[公办],,互联网金融,,,506,81500
0617,河北金融学院(保定市)[公办],,经济与贸易类,,,516,72111
0617,河北金融学院(保定市)[公办],,法学类,,,526,63346
0617,河北金融学院(保定市)[公办],,外国语言文学类,,,522,66880
0617,河北金融学院(保定市)[公办],,统计学类,,,504,83397
0617,河北金融学院(保定市)[公办],,计算机类,,,511,76779
0617,河北金融学院(保定市)[公办],,计算机类,,,508,79620
0617,河北金融学院(保定市)[公办],,计算机科学与技术,,,512,75821
0617,河北金融学院(保定市)[公办],,工商管理类,,,514,73932
0617,河北金融学院(保定市)[公办],,工商管理类,,,521,67756
0617,河北金融学院(保定市)[公办],,市场营销,,,500,88132
0617,河北金融学院(保定市)[公办],,金融学(中外合作办学),,,497,90044
0617,河北金融学院(保定市)[公办],,会计学(中外合作办学),,,497,90044
0617,河北金融学院(保定市)[公办],,财务管理(中外合作办学),,,493,93969
0618,河北经贸大学[公办],,经济学,,,552,42004
0618,河北经贸大学[公办],,财政学类,,,556,39008
0618,河北经贸大学[公办],,金融学类,,,555,39718
0618,河北经贸大学[公办],,国际经济与贸易,,,543,49037
0618,河北经贸大学[公办],,贸易经济,,,542,49854
0618,河北经贸大学[公办],,法学,,,553,41254
0618,河北经贸大学[公办],,商务英语,,,553,41254
0618,河北经贸大学[公办],,数学类,,,546,45883
0618,河北经贸大学[公办],,统计学类,,,539,52338
0618,河北经贸大学[公办],,电子信息工程,,,541,50682
0618,河北经贸大学[公办],,计算机类,,,547,45772
0618,河北经贸大学[公办],,计算机科学与技术,,,532,58171
0618,河北经贸大学[公办],,数据科学与大数据技术,,,544,48201
0618,河北经贸大学[公办],,工程管理,,,533,57317
0618,河北经贸大学[公办],,大数据管理与应用,,,543,49037
0618,河北经贸大学[公办],,工商管理类,,,540,51523
0618,河北经贸大学[公办],,会计学,,,561,35449
0618,河北经贸大学[公办],,财务管理,,,552,42004
0618,河北经贸大学[公办],,审计学,,,551,42759
0618,河北经贸大学[公办],,资产评估,,,538,53169
0618,河北经贸大学[公办],,公共管理类,,,539,52338
0618,河北经贸大学[公办],,物流管理,,,536,54791
0618,河北经贸大学[公办],,电子商务,,,547,45772
0618,河北经贸大学[公办],,旅游管理类,,,531,58995
0618,河北经贸大学[公办],,市场营销(中外合作办学),,,469,116739
0618,河北经贸大学[公办],,人力资源管理(中外合作办学),,,489,97728
0619,河北经贸大学(地方专项计划)[公办],,金融学类,,,543,49037
0619,河北经贸大学(地方专项计划)[公办],,计算机类,,,539,52338
0621,河北经贸大学经济管理学院[独立学院],,财政学类,,,459,125856
0621,河北经贸大学经济管理学院[独立学院],,金融学类,,,455,129310
0621,河北经贸大学经济管理学院[独立学院],,国际经济与贸易,,,452,131939
0621,河北经贸大学经济管理学院[独立学院],,贸易经济,,,452,131939
0621,河北经贸大学经济管理学院[独立学院],,法学,,,465,120370
0621,河北经贸大学经济管理学院[独立学院],,统计学,,,452,131939
0621,河北经贸大学经济管理学院[独立学院],,计算机类,,,454,130189
0621,河北经贸大学经济管理学院[独立学院],,信息管理与信息系统,,,452,131939
0621,河北经贸大学经济管理学院[独立学院],,工程管理,,,451,132831
0621,河北经贸大学经济管理学院[独立学院],,工商管理,,,455,129310
0621,河北经贸大学经济管理学院[独立学院],,市场营销,,,452,131939
0621,河北经贸大学经济管理学院[独立学院],,会计学,,,461,124059
0621,河北经贸大学经济管理学院[独立学院],,财务管理,,,461,124059
0621,河北经贸大学经济管理学院[独立学院],,人力资源管理,,,455,129310
0621,河北经贸大学经济管理学院[独立学院],,审计学,,,460,124911
0621,河北经贸大学经济管理学院[独立学院],,公共管理类,,,453,131095
0621,河北经贸大学经济管理学院[独立学院],,物流管理,,,453,131095
0621,河北经贸大学经济管理学院[独立学院],,电子商务,,,453,131095
0621,河北经贸大学经济管理学院[独立学院],,旅游管理,,,450,133684
0622,河北经贸大学(少数民族预科班)[公办],,预科班,,,503,84351
0623,河北科技大学[公办],,金融学类,,,540,51523
0623,河北科技大学[公办],,法学,,,546,45883
0623,河北科技大学[公办],,社会工作,,,534,56478
0623,河北科技大学[公办],,汉语言文学,,,540,51523
0623,河北科技大学[公办],,汉语国际教育,,,536,54791
0623,河北科技大学[公办],,外国语言文学类,,,542,49854
0623,河北科技大学[公办],,法语,,,532,58171
0623,河北科技大学[公办],,网络与新媒体,,,541,50682
0623,河北科技大学[公办],,数学类,,,538,53169
0623,河北科技大学[公办],,应用物理学,,,524,65102
0623,河北科技大学[公办],,应用化学,,,521,67756
0623,河北科技大学[公办],,生物科学类,,,523,65971
0623,河北科技大学[公办],,机械类,,,530,59831
0623,河北科技大学[公办],,过程装备与控制工程,,,524,65102
0623,河北科技大学[公办],,材料类,,,514,73932
0623,河北科技大学[公办],,高分子材料与工程,,,516,72111
0623,河北科技大学[公办],,新能源材料与器件,,,520,68600
0623,河北科技大学[公办],,能源与动力工程,,,537,53967
0623,河北科技大学[公办],,电气工程及其自动化,,,543,49037
0623,河北科技大学[公办],,电子信息类,,,543,49037
0623,河北科技大学[公办],,自动化类,,,537,53967
0623,河北科技大学[公办],,计算机类,,,550,43499
0623,河北科技大学[公办],,土木类,,,525,64228
0623,河北科技大学[公办],,化工与制药类,,,512,75821
0623,河北科技大学[公办],,服装设计与工程,,,520,68600
0623,河北科技大学[公办],,飞行器设计与工程,,,534,56478
0623,河北科技大学[公办],,环境科学与工程类,,,519,69481
0623,河北科技大学[公办],,食品科学与工程类,,,522,66880
0623,河北科技大学[公办],,安全工程,,,521,67756
0623,河北科技大学[公办],,生物工程,,,517,71252
0623,河北科技大学[公办],,药学类,,,521,67756
0623,河北科技大学[公办],,管理科学与工程类,,,533,57317
0623,河北科技大学[公办],,工商管理类,,,535,55619
0623,河北科技大学[公办],,金属材料工程(中外合作办学),,,449,134515
0623,河北科技大学[公办],,电子信息工程(中外合作办学),,,494,92936
0623,河北科技大学[公办],,计算机科学与技术(中外合作办学),,,503,84351
0623,河北科技大学[公办],,软件工程(中外合作办学),,,494,92936
0623,河北科技大学[公办],,环境科学(中外合作办学),,,462,123141
0623,河北科技大学[公办],,信息管理与信息系统(中外合作办学),,,484,102507
0624,河北科技大学(地方专项计划)[公办],,法学,,,539,52338
0624,河北科技大学(地方专项计划)[公办],,社会工作,,,533,57317
0624,河北科技大学(地方专项计划)[公办],,汉语言文学,,,545,47376
0624,河北科技大学(地方专项计划)[公办],,外国语言文学类,,,535,55619
0624,河北科技大学(地方专项计划)[公办],,网络与新媒体,,,546,45883
0624,河北科技大学(地方专项计划)[公办],,机械类,,,540,51523
0624,河北科技大学(地方专项计划)[公办],,过程装备与控制工程,,,530,59831
0624,河北科技大学(地方专项计划)[公办],,材料类,,,524,65102
0624,河北科技大学(地方专项计划)[公办],,电气工程及其自动化,,,547,45772
0624,河北科技大学(地方专项计划)[公办],,自动化类,,,543,49037
0624,河北科技大学(地方专项计划)[公办],,计算机类,,,550,43499
0624,河北科技大学(地方专项计划)[公办],,土木类,,,531,58995
0624,河北科技大学(地方专项计划)[公办],,环境科学与工程类,,,526,63346
0624,河北科技大学(地方专项计划)[公办],,食品科学与工程类,,,520,68600
0624,河北科技大学(地方专项计划)[公办],,药学类,,,537,53967
0624,河北科技大学(地方专项计划)[公办],,工商管理类,,,539,52338
0626,河北科技大学(少数民族预科班)[公办],,预科班,,,503,84351
0627,河北科技工程职业技术大学[公办],,机械设计制造及自动化,,,474,112067
0627,河北科技工程职业技术大学[公办],,智能制造工程技术,,,469,116739
0627,河北科技工程职业技术大学[公办],,汽车工程技术,,,459,125856
0627,河北科技工程职业技术大学[公办],,新能源汽车工程技术,,,462,123141
0627,河北科技工程职业技术大学[公办],,服装工程技术,,,453,131095
0628,河北科技师范学院(秦皇岛市)[公办],,国际经济与贸易,,,502,85294
0628,河北科技师范学院(秦皇岛市)[公办],,法学,,,517,71252
0628,河北科技师范学院(秦皇岛市)[公办],,知识产权,,,500,88132
0628,河北科技师范学院(秦皇岛市)[公办],,社会工作,,,484,102507
0628,河北科技师范学院(秦皇岛市)[公办],,科学教育,,,491,95797
0628,河北科技师范学院(秦皇岛市)[公办],,教育技术学,,,494,92936
0628,河北科技师范学院(秦皇岛市)[公办],,学前教育,,,508,79620
0628,河北科技师范学院(秦皇岛市)[公办],,小学教育,,,522,66880
0628,河北科技师范学院(秦皇岛市)[公办],,英语,,,535,55619
0628,河北科技师范学院(秦皇岛市)[公办],,西班牙语,,,511,76779
0628,河北科技师范学院(秦皇岛市)[公办],,意大利语,,,494,92936
0628,河北科技师范学院(秦皇岛市)[公办],,数学与应用数学,,,527,62507
0628,河北科技师范学院(秦皇岛市)[公办],,物理学,,,504,83397
0628,河北科技师范学院(秦皇岛市)[公办],,化学,,,506,81500
0628,河北科技师范学院(秦皇岛市)[公办],,应用化学,,,485,101531
0628,河北科技师范学院(秦皇岛市)[公办],,海洋资源与环境,,,469,116739
0628,河北科技师范学院(秦皇岛市)[公办],,生物科学,,,512,75821
0628,河北科技师范学院(秦皇岛市)[公办],,生物技术,,,497,90044
0628,河北科技师范学院(秦皇岛市)[公办],,应用心理学,,,498,89072
0628,河北科技师范学院(秦皇岛市)[公办],,应用统计学,,,495,91989
0628,河北科技师范学院(秦皇岛市)[公办],,机械设计制造及其自动化,,,489,97728
0628,河北科技师范学院(秦皇岛市)[公办],,材料物理,,,465,120370
0628,河北科技师范学院(秦皇岛市)[公办],,电气工程及其自动化,,,498,89072
0628,河北科技师范学院(秦皇岛市)[公办],,电子信息工程,,,500,88132
0628,河北科技师范学院(秦皇岛市)[公办],,微电子科学与工程,,,491,95797
0628,河北科技师范学院(秦皇岛市)[公办],,自动化,,,492,94896
0628,河北科技师范学院(秦皇岛市)[公办],,计算机科学与技术,,,510,77713
0628,河北科技师范学院(秦皇岛市)[公办],,网络工程,,,504,83397
0628,河北科技师范学院(秦皇岛市)[公办],,物联网工程,,,499,88132
0628,河北科技师范学院(秦皇岛市)[公办],,数字媒体技术,,,499,88132
0628,河北科技师范学院(秦皇岛市)[公办],,土木工程,,,485,101531
0628,河北科技师范学院(秦皇岛市)[公办],,化学工程与工艺,,,477,109131
0628,河北科技师范学院(秦皇岛市)[公办],,农业机械化及其自动化,,,476,110122
0628,河北科技师范学院(秦皇岛市)[公办],,食品科学与工程,,,463,122201
0628,河北科技师范学院(秦皇岛市)[公办],,食品质量与安全,,,476,110122
0628,河北科技师范学院(秦皇岛市)[公办],,酿酒工程,,,440,142251
0628,河北科技师范学院(秦皇岛市)[公办],,城乡规划,,,482,104483
0628,河北科技师范学院(秦皇岛市)[公办],,风景园林,,,483,103506
0628,河北科技师范学院(秦皇岛市)[公办],,生物工程,,,465,120370
0628,河北科技师范学院(秦皇岛市)[公办],,园艺,,,479,107280
0628,河北科技师范学院(秦皇岛市)[公办],,植物保护,,,467,118588
0628,河北科技师范学院(秦皇岛市)[公办],,植物科学与技术,,,465,120370
0628,河北科技师范学院(秦皇岛市)[公办],,设施农业科学与工程,,,473,113007
0628,河北科技师范学院(秦皇岛市)[公办],,农业资源与环境,,,460,124911
0628,河北科技师范学院(秦皇岛市)[公办],,动物科学,,,472,113947
0628,河北科技师范学院(秦皇岛市)[公办],,动物医学,,,480,106344
0628,河北科技师范学院(秦皇岛市)[公办],,园林,,,480,106344
0628,河北科技师范学院(秦皇岛市)[公办],,水产养殖学,,,452,131939
0628,河北科技师范学院(秦皇岛市)[公办],,水族科学与技术,,,456,128454
0628,河北科技师范学院(秦皇岛市)[公办],,信息管理与信息系统,,,497,90044
0628,河北科技师范学院(秦皇岛市)[公办],,工程管理,,,480,106344
0628,河北科技师范学院(秦皇岛市)[公办],,工程造价,,,488,98638
0628,河北科技师范学院(秦皇岛市)[公办],,市场营销,,,494,92936
0628,河北科技师范学院(秦皇岛市)[公办],,财务管理,,,509,78673
0628,河北科技师范学院(秦皇岛市)[公办],,人力资源管理,,,501,88132
0628,河北科技师范学院(秦皇岛市)[公办],,财务会计教育,,,503,84351
0628,河北科技师范学院(秦皇岛市)[公办],,农村区域发展,,,476,110122
0628,河北科技师范学院(秦皇岛市)[公办],,物流管理,,,493,93969
0628,河北科技师范学院(秦皇岛市)[公办],,电子商务,,,495,91989
0629,河北科技学院[民办],,经济学,,,423,155642
0629,河北科技学院[民办],,学前教育,,,427,152752
0629,河北科技学院[民办],,小学教育,,,435,146339
0629,河北科技学院[民办],,机械设计制造及其自动化,,,417,160051
0629,河北科技学院[民办],,工业设计,,,413,162888
0629,河北科技学院[民办],,车辆工程,,,413,162888
0629,河北科技学院[民办],,汽车服务工程,,,412,163586
0629,河北科技学院[民办],,新能源汽车工程,,,412,163586
0629,河北科技学院[民办],,电气工程及其自动化,,,413,162888
0629,河北科技学院[民办],,计算机科学与技术,,,414,162144
0629,河北科技学院[民办],,软件工程,,,412,163586
0629,河北科技学院[民办],,物联网工程,,,412,163586
0629,河北科技学院[民办],,数据科学与大数据技术,,,412,163586
0629,河北科技学院[民办],,土木工程,,,412,163586
0629,河北科技学院[民办],,交通运输,,,414,162144
0629,河北科技学院[民办],,交通工程,,,412,163586
0629,河北科技学院[民办],,康复治疗学,,,412,163586
0629,河北科技学院[民办],,护理学,,,421,157137
0629,河北科技学院[民办],,助产学,,,415,161451
0629,河北科技学院[民办],,工程管理,,,412,163586
0629,河北科技学院[民办],,工程造价,,,412,163586
0629,河北科技学院[民办],,会计学,,,418,159311
0629,河北科技学院[民办],,财务管理,,,417,160051
0629,河北科技学院[民办],,审计学,,,417,160051
0629,河北科技学院[民办],,健康服务与管理,,,413,162888
0629,河北科技学院[民办],,物流管理,,,415,161451
0632,河北美术学院[民办],,艺术教育,,,414,162144
0632,河北美术学院[民办],,服装设计与工程,,,415,161451
0632,河北美术学院[民办],,风景园林,,,416,160740
0632,河北美术学院[民办],,风景园林(中外合作办学),,,413,162888
0633,河北民族师范学院(承德市)[公办],,经济与金融,,,485,101531
0633,河北民族师范学院(承德市)[公办],,思想政治教育,,,498,89072
0633,河北民族师范学院(承德市)[公办],,科学教育,,,472,113947
0633,河北民族师范学院(承德市)[公办],,教育技术学,,,473,113007
0633,河北民族师范学院(承德市)[公办],,学前教育,,,480,106344
0633,河北民族师范学院(承德市)[公办],,小学教育,,,497,90044
0633,河北民族师范学院(承德市)[公办],,汉语言文学,,,516,72111
0633,河北民族师范学院(承德市)[公办],,英语,,,502,85294
0633,河北民族师范学院(承德市)[公办],,翻译,,,482,104483
0633,河北民族师范学院(承德市)[公办],,翻译,,,488,98638
0633,河北民族师范学院(承德市)[公办],,新闻学,,,486,100581
0633,河北民族师范学院(承德市)[公办],,数学与应用数学,,,496,90982
0633,河北民族师范学院(承德市)[公办],,物理学,,,488,98638
0633,河北民族师范学院(承德市)[公办],,化学,,,477,109131
0633,河北民族师范学院(承德市)[公办],,地理科学,,,485,101531
0633,河北民族师范学院(承德市)[公办],,生物科学,,,478,108213
0633,河北民族师范学院(承德市)[公办],,新能源科学与工程,,,462,123141
0633,河北民族师范学院(承德市)[公办],,人工智能,,,472,113947
0633,河北民族师范学院(承德市)[公办],,计算机科学与技术,,,484,102507
0633,河北民族师范学院(承德市)[公办],,软件工程,,,477,109131
0633,河北民族师范学院(承德市)[公办],,数据科学与大数据技术,,,474,112067
0633,河北民族师范学院(承德市)[公办],,化学工程与工艺,,,415,161451
0633,河北民族师范学院(承德市)[公办],,环境生态工程,,,464,121286
0633,河北民族师范学院(承德市)[公办],,食品质量与安全,,,468,117642
0633,河北民族师范学院(承德市)[公办],,生物工程,,,469,116739
0633,河北民族师范学院(承德市)[公办],,财务管理,,,478,108213
0633,河北民族师范学院(承德市)[公办],,人力资源管理,,,481,105433
0633,河北民族师范学院(承德市)[公办],,文化产业管理,,,473,113007
0633,河北民族师范学院(承德市)[公办],,物流管理,,,471,114847
0633,河北民族师范学院(承德市)[公办],,电子商务,,,476,110122
0633,河北民族师范学院(承德市)[公办],,旅游管理,,,470,115794
0637,河北农业大学(保定校区)[公办],,经济学类,,,524,65102
0637,河北农业大学(保定校区)[公办],,法学,,,533,57317
0637,河北农业大学(保定校区)[公办],,外国语言文学类,,,530,59831
0637,河北农业大学(保定校区)[公办],,数学类,,,521,67756
0637,河北农业大学(保定校区)[公办],,应用物理学,,,511,76779
0637,河北农业大学(保定校区)[公办],,化学,,,507,80550
0637,河北农业大学(保定校区)[公办],,生物科学类,,,499,88132
0637,河北农业大学(保定校区)[公办],,机械类,,,512,75821
0637,河北农业大学(保定校区)[公办],,电气类,,,531,58995
0637,河北农业大学(保定校区)[公办],,计算机类,,,529,60756
0637,河北农业大学(保定校区)[公办],,土木类,,,510,77713
0637,河北农业大学(保定校区)[公办],,木材科学与工程,,,503,84351
0637,河北农业大学(保定校区)[公办],,环境科学与工程类,,,498,89072
0637,河北农业大学(保定校区)[公办],,食品科学与工程类,,,499,88132
0637,河北农业大学(保定校区)[公办],,城乡规划,,,512,75821
0637,河北农业大学(保定校区)[公办],,风景园林,,,506,81500
0637,河北农业大学(保定校区)[公办],,生物工程,,,495,91989
0637,河北农业大学(保定校区)[公办],,农学,,,506,81500
0637,河北农业大学(保定校区)[公办],,园艺,,,500,88132
0637,河北农业大学(保定校区)[公办],,植物保护,,,499,88132
0637,河北农业大学(保定校区)[公办],,设施农业科学与工程,,,497,90044
0637,河北农业大学(保定校区)[公办],,农业资源与环境,,,498,89072
0637,河北农业大学(保定校区)[公办],,动物科学,,,490,96770
0637,河北农业大学(保定校区)[公办],,动物医学,,,509,78673
0637,河北农业大学(保定校区)[公办],,动物药学,,,490,96770
0637,河北农业大学(保定校区)[公办],,林学类,,,500,88132
0637,河北农业大学(保定校区)[公办],,园林,,,502,85294
0637,河北农业大学(保定校区)[公办],,药学类,,,506,81500
0637,河北农业大学(保定校区)[公办],,中药学,,,506,81500
0637,河北农业大学(保定校区)[公办],,工商管理类,,,521,67756
0637,河北农业大学(保定校区)[公办],,公共管理类,,,510,77713
0637,河北农业大学(保定校区)[公办],,机械设计制造及其自动化(中外合作办学),,,484,102507
0638,河北农业大学(渤海校区)[公办],,计算机科学与技术,,,515,73018
0638,河北农业大学(渤海校区)[公办],,化工与制药类,,,482,104483
0638,河北农业大学(渤海校区)[公办],,环境生态工程,,,487,99599
0638,河北农业大学(渤海校区)[公办],,食品科学与工程,,,485,101531
0638,河北农业大学(渤海校区)[公办],,食品质量与安全,,,484,102507
0638,河北农业大学(渤海校区)[公办],,管理科学与工程类,,,486,100581
0638,河北农业大学(渤海校区)[公办],,工商管理,,,508,79620
0638,河北农业大学(渤海校区)[公办],,会计学,,,521,67756
0638,河北农业大学(渤海校区)[公办],,物流管理,,,498,89072
0639,河北农业大学(地方专项计划)[公办],,生物科学类,,,496,90982
0639,河北农业大学(地方专项计划)[公办],,机械类,,,518,70350
0639,河北农业大学(地方专项计划)[公办],,电气类,,,525,64228
0639,河北农业大学(地方专项计划)[公办],,计算机类,,,531,58995
0639,河北农业大学(地方专项计划)[公办],,土木类,,,513,74844
0639,河北农业大学(地方专项计划)[公办],,食品科学与工程类,,,493,93969
0641,河北农业大学(秦皇岛校区)[公办],,海洋科学类,,,481,105433
0641,河北农业大学(秦皇岛校区)[公办],,机械设计制造及其自动化,,,510,77713
0641,河北农业大学(秦皇岛校区)[公办],,计算机科学与技术,,,522,66880
0641,河北农业大学(秦皇岛校区)[公办],,环境科学,,,490,96770
0641,河北农业大学(秦皇岛校区)[公办],,旅游管理,,,498,89072
0642,河北农业大学(少数民族预科班)[公办],,预科班,,,497,90044
0643,河北农业大学现代科技学院(保定市)[独立学院],,国际经济与贸易,,,451,132831
0643,河北农业大学现代科技学院(保定市)[独立学院],,法学,,,461,124059
0643,河北农业大学现代科技学院(保定市)[独立学院],,英语,,,459,125856
0643,河北农业大学现代科技学院(保定市)[独立学院],,生物技术,,,445,137992
0643,河北农业大学现代科技学院(保定市)[独立学院],,机械设计制造及其自动化,,,449,134515
0643,河北农业大学现代科技学院(保定市)[独立学院],,工业设计,,,447,136314
0643,河北农业大学现代科技学院(保定市)[独立学院],,车辆工程,,,447,136314
0643,河北农业大学现代科技学院(保定市)[独立学院],,电气工程及其自动化,,,451,132831
0643,河北农业大学现代科技学院(保定市)[独立学院],,电子信息工程,,,451,132831
0643,河北农业大学现代科技学院(保定市)[独立学院],,电子信息科学与技术,,,450,133684
0643,河北农业大学现代科技学院(保定市)[独立学院],,自动化,,,449,134515
0643,河北农业大学现代科技学院(保定市)[独立学院],,计算机科学与技术,,,455,129310
0643,河北农业大学现代科技学院(保定市)[独立学院],,土木工程,,,448,135403
0643,河北农业大学现代科技学院(保定市)[独立学院],,给排水科学与工程,,,446,137128
0643,河北农业大学现代科技学院(保定市)[独立学院],,制药工程,,,448,135403
0643,河北农业大学现代科技学院(保定市)[独立学院],,环境科学,,,446,137128
0643,河北农业大学现代科技学院(保定市)[独立学院],,食品科学与工程,,,446,137128
0643,河北农业大学现代科技学院(保定市)[独立学院],,食品质量与安全,,,447,136314
0643,河北农业大学现代科技学院(保定市)[独立学院],,风景园林,,,447,136314
0643,河北农业大学现代科技学院(保定市)[独立学院],,工商管理,,,452,131939
0643,河北农业大学现代科技学院(保定市)[独立学院],,会计学,,,457,127518
0643,河北农业大学现代科技学院(保定市)[独立学院],,财务管理,,,454,130189
0643,河北农业大学现代科技学院(保定市)[独立学院],,公共事业管理,,,449,134515
0643,河北农业大学现代科技学院(保定市)[独立学院],,土地资源管理,,,448,135403
0643,河北农业大学现代科技学院(保定市)[独立学院],,旅游管理,,,447,136314
0647,河北师范大学[公办],,经济与贸易类,,,554,40472
0647,河北师范大学[公办],,法学类,,,563,34024
0647,河北师范大学[公办],,家政学,,,552,42004
0647,河北师范大学[公办],,马克思主义理论类,,,573,27552
0647,河北师范大学[公办],,教育学,,,571,28818
0647,河北师范大学[公办],,科学教育,,,557,38272
0647,河北师范大学[公办],,教育技术学,,,558,37566
0647,河北师范大学[公办],,学前教育,,,561,35449
0647,河北师范大学[公办],,外国语言文学类,,,579,23927
0647,河北师范大学[公办],,俄语,,,555,39718
0647,河北师范大学[公办],,西班牙语,,,562,34751
0647,河北师范大学[公办],,新闻传播学类,,,570,29403
0647,河北师范大学[公办],,数学类,,,567,31356
0647,河北师范大学[公办],,物理学类,,,560,36168
0647,河北师范大学[公办],,化学,,,559,36873
0647,河北师范大学[公办],,地理科学类,,,562,34751
0647,河北师范大学[公办],,生物科学类,,,563,34024
0647,河北师范大学[公办],,生物科学,,,563,34024
0647,河北师范大学[公办],,心理学类,,,556,39008
0647,河北师范大学[公办],,应用统计学,,,554,40472
0647,河北师范大学[公办],,电气工程及其自动化,,,554,40472
0647,河北师范大学[公办],,电子信息类,,,556,39008
0647,河北师范大学[公办],,计算机类,,,558,37566
0647,河北师范大学[公办],,软件工程,,,548,44990
0647,河北师范大学[公办],,建筑环境与能源应用工程,,,546,45883
0647,河北师范大学[公办],,环境科学,,,549,44261
0647,河北师范大学[公办],,药学,,,546,45883
0647,河北师范大学[公办],,工商管理类,,,553,41254
0647,河北师范大学[公办],,公共管理类,,,553,41254
0647,河北师范大学[公办],,公共事业管理,,,556,39008
0647,河北师范大学[公办],,物流管理,,,548,44990
0647,河北师范大学[公办],,翻译(中外合作办学),,,534,56478
0647,河北师范大学[公办],,生物技术(中外合作办学),,,423,155642
0648,河北师范大学(地方专项计划)[公办],,法学类,,,560,36168
0648,河北师范大学(地方专项计划)[公办],,马克思主义理论类,,,563,34024
0648,河北师范大学(地方专项计划)[公办],,科学教育,,,554,40472
0648,河北师范大学(地方专项计划)[公办],,教育技术学,,,553,41254
0648,河北师范大学(地方专项计划)[公办],,学前教育,,,553,41254
0648,河北师范大学(地方专项计划)[公办],,外国语言文学类,,,570,29403
0648,河北师范大学(地方专项计划)[公办],,新闻传播学类,,,554,40472
0648,河北师范大学(地方专项计划)[公办],,数学类,,,562,34751
0648,河北师范大学(地方专项计划)[公办],,物理学类,,,558,37566
0648,河北师范大学(地方专项计划)[公办],,化学,,,554,40472
0648,河北师范大学(地方专项计划)[公办],,地理科学类,,,557,38272
0648,河北师范大学(地方专项计划)[公办],,生物科学类,,,559,36873
0648,河北师范大学(地方专项计划)[公办],,心理学类,,,549,44261
0648,河北师范大学(地方专项计划)[公办],,电子信息类,,,553,41254
0648,河北师范大学(地方专项计划)[公办],,计算机类,,,559,36873
0648,河北师范大学(地方专项计划)[公办],,软件工程,,,551,42759
0648,河北师范大学(地方专项计划)[公办],,公共管理类,,,549,44261
0651,河北师范大学汇华学院[独立学院],,国际经济与贸易,,,455,129310
0651,河北师范大学汇华学院[独立学院],,法学,,,487,99599
0651,河北师范大学汇华学院[独立学院],,思想政治教育,,,477,109131
0651,河北师范大学汇华学院[独立学院],,学前教育,,,464,121286
0651,河北师范大学汇华学院[独立学院],,小学教育,,,482,104483
0651,河北师范大学汇华学院[独立学院],,汉语言文学,,,486,100581
0651,河北师范大学汇华学院[独立学院],,英语,,,466,119485
0651,河北师范大学汇华学院[独立学院],,日语,,,456,128454
0651,河北师范大学汇华学院[独立学院],,新闻传播学类,,,471,114847
0651,河北师范大学汇华学院[独立学院],,历史学,,,459,125856
0651,河北师范大学汇华学院[独立学院],,数学与应用数学,,,460,124911
0651,河北师范大学汇华学院[独立学院],,物理学,,,456,128454
0651,河北师范大学汇华学院[独立学院],,化学,,,454,130189
0651,河北师范大学汇华学院[独立学院],,地理科学,,,460,124911
0651,河北师范大学汇华学院[独立学院],,生物科学,,,456,128454
0651,河北师范大学汇华学院[独立学院],,计算机类,,,455,129310
0651,河北师范大学汇华学院[独立学院],,会计学,,,459,125856
0651,河北师范大学汇华学院[独立学院],,人力资源管理,,,457,127518
0652,河北师范大学(少数民族预科班)[公办],,预科班,,,519,69481
0654,河北石油职业技术大学[公办],,石油工程技术,,,458,126654
0654,河北石油职业技术大学[公办],,生态环境工程技术,,,457,127518
0654,河北石油职业技术大学[公办],,机械设计制造及自动化,,,460,124911
0654,河北石油职业技术大学[公办],,工业设计,,,458,126654
0654,河北石油职业技术大学[公办],,网络工程技术,,,462,123141
0655,河北水利电力学院[公办],,网络与新媒体,,,470,115794
0655,河北水利电力学院[公办],,机械类,,,462,123141
0655,河北水利电力学院[公办],,电气类,,,464,121286
0655,河北水利电力学院[公办],,电子信息类,,,463,122201
0655,河北水利电力学院[公办],,自动化类,,,462,123141
0655,河北水利电力学院[公办],,计算机类,,,468,117642
0655,河北水利电力学院[公办],,土木类,,,459,125856
0655,河北水利电力学院[公办],,水利类,,,463,122201
0655,河北水利电力学院[公办],,测绘工程,,,462,123141
0655,河北水利电力学院[公办],,勘查技术与工程,,,463,122201
0655,河北水利电力学院[公办],,交通工程,,,464,121286
0655,河北水利电力学院[公办],,农业水利工程,,,461,124059
0655,河北水利电力学院[公办],,建筑学,,,462,123141
0655,河北水利电力学院[公办],,房地产开发与管理,,,456,128454
0655,河北水利电力学院[公办],,工程造价,,,463,122201
0655,河北水利电力学院[公办],,大数据管理与应用,,,463,122201
0655,河北水利电力学院[公办],,工商管理类,,,465,120370
0655,河北水利电力学院[公办],,跨境电子商务,,,459,125856
0657,河北体育学院[公办],,运动人体科学,,,454,130189
0657,河北体育学院[公办],,运动康复,,,453,131095
0657,河北体育学院[公办],,体育经济与管理,,,457,127518
0658,河北外国语学院(石家庄市)[民办],,金融学类,,,434,147162
0658,河北外国语学院(石家庄市)[民办],,国际经济与贸易,,,433,147987
0658,河北外国语学院(石家庄市)[民办],,国际经贸规则,,,413,162888
0658,河北外国语学院(石家庄市)[民办],,教育学类,,,441,141442
0658,河北外国语学院(石家庄市)[民办],,艺术教育,,,413,162888
0658,河北外国语学院(石家庄市)[民办],,中国语言文学类,,,437,144729
0658,河北外国语学院(石家庄市)[民办],,英语,,,438,143930
0658,河北外国语学院(石家庄市)[民办],,意大利语,,,413,162888
0658,河北外国语学院(石家庄市)[民办],,翻译,,,445,137992
0658,河北外国语学院(石家庄市)[民办],,商务英语,,,434,147162
0658,河北外国语学院(石家庄市)[民办],,网络与新媒体,,,447,136314
0658,河北外国语学院(石家庄市)[民办],,信息与计算科学,,,428,152021
0658,河北外国语学院(石家庄市)[民办],,人工智能,,,434,147162
0658,河北外国语学院(石家庄市)[民办],,计算机类,,,435,146339
0658,河北外国语学院(石家庄市)[民办],,区块链工程,,,415,161451
0658,河北外国语学院(石家庄市)[民办],,土木工程,,,436,145515
0658,河北外国语学院(石家庄市)[民办],,建筑学,,,433,147987
0658,河北外国语学院(石家庄市)[民办],,生物制药,,,428,152021
0658,河北外国语学院(石家庄市)[民办],,中药学,,,435,146339
0658,河北外国语学院(石家庄市)[民办],,医学技术类,,,431,149615
0658,河北外国语学院(石家庄市)[民办],,护理学,,,434,147162
0658,河北外国语学院(石家庄市)[民办],,工程造价,,,438,143930
0658,河北外国语学院(石家庄市)[民办],,工商管理类,,,432,148796
0658,河北外国语学院(石家庄市)[民办],,电子商务,,,438,143930
0658,河北外国语学院(石家庄市)[民办],,旅游管理类,,,412,163586
0659,河北医科大学[公办],,生物制药,,,551,42759
0659,河北医科大学[公办],,基础医学,,,571,28818
0659,河北医科大学[公办],,临床医学(5+3一体化),,,606,11130
0659,河北医科大学[公办],,临床医学(5+3一体化，儿科学),,,601,13049
0659,河北医科大学[公办],,临床医学,,,584,21139
0659,河北医科大学[公办],,麻醉学,,,577,25118
0659,河北医科大学[公办],,医学影像学,,,575,26354
0659,河北医科大学[公办],,眼视光医学,,,580,23348
0659,河北医科大学[公办],,精神医学,,,556,39008
0659,河北医科大学[公办],,儿科学,,,576,25729
0659,河北医科大学[公办],,口腔医学,,,593,16515
0659,河北医科大学[公办],,公共卫生与预防医学类,,,546,45883
0659,河北医科大学[公办],,食品卫生与营养学,,,550,43499
0659,河北医科大学[公办],,中西医临床医学,,,575,26354
0659,河北医科大学[公办],,药学类,,,551,42759
0659,河北医科大学[公办],,临床药学,,,559,36873
0659,河北医科大学[公办],,中药学,,,551,42759
0659,河北医科大学[公办],,法医学,,,560,36168
0659,河北医科大学[公办],,医学检验技术,,,566,31393
0659,河北医科大学[公办],,医学影像技术,,,555,39718
0659,河北医科大学[公办],,康复治疗学,,,542,49854
0659,河北医科大学[公办],,卫生检验与检疫,,,549,44261
0659,河北医科大学[公办],,智能医学工程,,,551,42759
0659,河北医科大学[公办],,护理学类,,,531,58995
0660,河北医科大学(地方专项计划)[公办],,基础医学,,,562,34751
0660,河北医科大学(地方专项计划)[公办],,眼视光医学,,,574,26972
0660,河北医科大学(地方专项计划)[公办],,精神医学,,,550,43499
0660,河北医科大学(地方专项计划)[公办],,儿科学,,,571,28818
0660,河北医科大学(地方专项计划)[公办],,公共卫生与预防医学类,,,553,41254
0660,河北医科大学(地方专项计划)[公办],,食品卫生与营养学,,,550,43499
0660,河北医科大学(地方专项计划)[公办],,药学类,,,552,42004
0660,河北医科大学(地方专项计划)[公办],,医学影像技术,,,562,34751
0660,河北医科大学(地方专项计划)[公办],,康复治疗学,,,547,45772
0660,河北医科大学(地方专项计划)[公办],,护理学类,,,535,55619
0662,河北医科大学临床学院[独立学院],,临床医学,,,491,95797
0662,河北医科大学临床学院[独立学院],,麻醉学,,,484,102507
0662,河北医科大学临床学院[独立学院],,口腔医学,,,493,93969
0662,河北医科大学临床学院[独立学院],,中西医临床医学,,,493,93969
0662,河北医科大学临床学院[独立学院],,医学检验技术,,,479,107280
0662,河北医科大学临床学院[独立学院],,医学影像技术,,,479,107280
0662,河北医科大学临床学院[独立学院],,护理学,,,465,120370
0667,河北中医学院[公办],,应用心理学,,,500,88132
0667,河北中医学院[公办],,生物工程,,,489,97728
0667,河北中医学院[公办],,中医学(5+3一体化),,,556,39008
0667,河北中医学院[公办],,中医学,,,529,60756
0667,河北中医学院[公办],,针灸推拿学,,,502,85294
0667,河北中医学院[公办],,中医养生学,,,500,88132
0667,河北中医学院[公办],,中医儿科学,,,505,82447
0667,河北中医学院[公办],,中西医临床医学,,,515,73018
0667,河北中医学院[公办],,药学,,,496,90982
0667,河北中医学院[公办],,中药学,,,496,90982
0667,河北中医学院[公办],,中药资源与开发,,,487,99599
0667,河北中医学院[公办],,中药制药,,,491,95797
0667,河北中医学院[公办],,中草药栽培与鉴定,,,479,107280
0667,河北中医学院[公办],,医学检验技术,,,494,92936
0667,河北中医学院[公办],,医学影像技术,,,495,91989
0667,河北中医学院[公办],,康复治疗学,,,493,93969
0667,河北中医学院[公办],,口腔医学技术,,,510,77713
0667,河北中医学院[公办],,护理学,,,487,99599
0667,河北中医学院[公办],,助产学,,,488,98638
0667,河北中医学院[公办],,健康服务与管理,,,487,99599
0668,河北中医学院(地方专项计划)[公办],,中医学,,,520,68600
0668,河北中医学院(地方专项计划)[公办],,针灸推拿学,,,493,93969
0668,河北中医学院(地方专项计划)[公办],,中医儿科学,,,510,77713
0668,河北中医学院(地方专项计划)[公办],,中西医临床医学,,,513,74844
0668,河北中医学院(地方专项计划)[公办],,中药学,,,508,79620
0671,河池学院[公办],,英语,,,472,113947
0671,河池学院[公办],,信息与计算科学,,,466,119485
0671,河池学院[公办],,应用统计学,,,461,124059
0671,河池学院[公办],,机械设计制造及其自动化,,,464,121286
0671,河池学院[公办],,电气工程及其自动化,,,468,117642
0671,河池学院[公办],,物联网工程,,,468,117642
0671,河池学院[公办],,行政管理,,,463,122201
0672,河海大学[公办],,英语,,,608,10398
0672,河海大学[公办],,数学类,,,609,10048
0672,河海大学[公办],,应用物理学,,,606,11130
0672,河海大学[公办],,自然地理与资源环境,,,602,12631
0672,河海大学[公办],,地理信息科学,,,604,11858
0672,河海大学[公办],,海洋科学,,,596,15132
0672,河海大学[公办],,海洋技术,,,597,14703
0672,河海大学[公办],,工程力学,,,606,11130
0672,河海大学[公办],,工程力学(大禹徐芝纶班),,,607,10760
0672,河海大学[公办],,机械工程(常州校区),,,605,11477
0672,河海大学[公办],,材料科学与工程,,,603,12248
0672,河海大学[公办],,金属材料工程(常州校区),,,595,15596
0672,河海大学[公办],,能源与动力工程,,,607,10760
0672,河海大学[公办],,能源与动力工程(常州校区),,,604,11858
0672,河海大学[公办],,新能源科学与工程,,,609,10048
0672,河海大学[公办],,电气类(大禹强化班),,,616,7907
0672,河海大学[公办],,电气工程及其自动化,,,613,8757
0672,河海大学[公办],,电子信息工程,,,612,9070
0672,河海大学[公办],,电子科学与技术(常州校区),,,610,9711
0672,河海大学[公办],,通信工程,,,613,8757
0672,河海大学[公办],,通信工程(常州校区),,,608,10398
0672,河海大学[公办],,人工智能,,,612,9070
0672,河海大学[公办],,自动化,,,612,9070
0672,河海大学[公办],,自动化(常州校区),,,608,10398
0672,河海大学[公办],,机器人工程(常州校区),,,606,11130
0672,河海大学[公办],,计算机类(大禹强化班),,,617,7638
0672,河海大学[公办],,计算机科学与技术,,,616,7907
0672,河海大学[公办],,计算机科学与技术(常州校区),,,613,8757
0672,河海大学[公办],,软件工程,,,614,8462
0672,河海大学[公办],,物联网工程(常州校区),,,611,9385
0672,河海大学[公办],,智能科学与技术,,,612,9070
0672,河海大学[公办],,土木工程,,,608,10398
0672,河海大学[公办],,给排水科学与工程,,,607,10760
0672,河海大学[公办],,水利类(大禹强化班),,,613,8757
0672,河海大学[公办],,水利水电工程,,,610,9711
0672,河海大学[公办],,水文与水资源工程,,,606,11130
0672,河海大学[公办],,港口航道与海岸工程,,,603,12248
0672,河海大学[公办],,水务工程,,,607,10760
0672,河海大学[公办],,测绘工程,,,599,13858
0672,河海大学[公办],,遥感科学与技术,,,607,10760
0672,河海大学[公办],,地质工程,,,585,20594
0672,河海大学[公办],,交通工程,,,606,11130
0672,河海大学[公办],,海洋资源开发技术,,,601,13049
0672,河海大学[公办],,农业水利工程,,,586,20047
0672,河海大学[公办],,土地整治工程,,,590,17968
0672,河海大学[公办],,环境工程,,,600,13430
0672,河海大学[公办],,环境科学,,,602,12631
0672,河海大学[公办],,环境生态工程,,,601,13049
0672,河海大学[公办],,信息管理与信息系统,,,607,10760
0672,河海大学[公办],,工程管理,,,604,11858
0672,河海大学[公办],,大数据管理与应用(常州校区),,,608,10398
0672,河海大学[公办],,应急管理,,,599,13858
0672,河海大学[公办],,机械工程(中外合作办学)(河海里尔学院),,,574,26972
0672,河海大学[公办],,土木工程(中外合作办学)(河海里尔学院),,,574,26972
0674,河南财经政法大学(郑州市)[公办],,经济学类,,,557,38272
0674,河南财经政法大学(郑州市)[公办],,财政学类,,,559,36873
0674,河南财经政法大学(郑州市)[公办],,金融学类,,,564,32737
0674,河南财经政法大学(郑州市)[公办],,经济与贸易类,,,555,39718
0674,河南财经政法大学(郑州市)[公办],,法学,,,563,34024
0674,河南财经政法大学(郑州市)[公办],,外国语言文学类,,,559,36873
0674,河南财经政法大学(郑州市)[公办],,计算机类,,,556,39008
0674,河南财经政法大学(郑州市)[公办],,管理科学与工程类,,,552,42004
0674,河南财经政法大学(郑州市)[公办],,工商管理类,,,559,36873
0674,河南财经政法大学(郑州市)[公办],,会计学,,,567,31356
0674,河南财经政法大学(郑州市)[公办],,财务管理,,,562,34751
0674,河南财经政法大学(郑州市)[公办],,审计学,,,569,30021
0674,河南财经政法大学(郑州市)[公办],,旅游管理类,,,548,44990
0674,河南财经政法大学(郑州市)[公办],,金融学(中外合作办学),,,526,63346
0674,河南财经政法大学(郑州市)[公办],,人文地理与城乡规划(中外合作办学),,,493,93969
0675,河南财政金融学院(郑州市)[公办],,税收学,,,520,68600
0675,河南财政金融学院(郑州市)[公办],,国际经济与贸易,,,515,73018
0675,河南财政金融学院(郑州市)[公办],,汉语言文学,,,520,68600
0675,河南财政金融学院(郑州市)[公办],,商务英语,,,517,71252
0675,河南财政金融学院(郑州市)[公办],,计算机科学与技术,,,520,68600
0675,河南财政金融学院(郑州市)[公办],,智能科学与技术,,,512,75821
0675,河南财政金融学院(郑州市)[公办],,工程管理,,,509,78673
0675,河南财政金融学院(郑州市)[公办],,会计学,,,520,68600
0677,河南城建学院(平顶山市)[公办],,金融数学,,,476,110122
0677,河南城建学院(平顶山市)[公办],,数学与应用数学,,,483,103506
0677,河南城建学院(平顶山市)[公办],,应用物理学(光伏工程方向),,,469,116739
0677,河南城建学院(平顶山市)[公办],,地理信息科学,,,480,106344
0677,河南城建学院(平顶山市)[公办],,高分子材料与工程,,,473,113007
0677,河南城建学院(平顶山市)[公办],,能源与动力工程,,,479,107280
0677,河南城建学院(平顶山市)[公办],,新能源科学与工程,,,483,103506
0677,河南城建学院(平顶山市)[公办],,电气工程及其自动化(智能输配电方向),,,491,95797
0677,河南城建学院(平顶山市)[公办],,电子信息工程,,,486,100581
0677,河南城建学院(平顶山市)[公办],,自动化,,,488,98638
0677,河南城建学院(平顶山市)[公办],,计算机科学与技术,,,500,88132
0677,河南城建学院(平顶山市)[公办],,物联网工程,,,489,97728
0677,河南城建学院(平顶山市)[公办],,数字媒体技术(虚拟现实及游戏开发技术方向),,,493,93969
0677,河南城建学院(平顶山市)[公办],,数据科学与大数据技术,,,495,91989
0677,河南城建学院(平顶山市)[公办],,土木类,,,482,104483
0677,河南城建学院(平顶山市)[公办],,土木工程,,,490,96770
0677,河南城建学院(平顶山市)[公办],,建筑环境与能源应用工程,,,486,100581
0677,河南城建学院(平顶山市)[公办],,测绘工程,,,481,105433
0677,河南城建学院(平顶山市)[公办],,化学工程与工艺,,,470,115794
0677,河南城建学院(平顶山市)[公办],,勘查技术与工程,,,467,118588
0677,河南城建学院(平顶山市)[公办],,建筑学,,,497,90044
0677,河南城建学院(平顶山市)[公办],,风景园林,,,475,111128
0677,河南城建学院(平顶山市)[公办],,安全工程,,,472,113947
0677,河南城建学院(平顶山市)[公办],,生物工程,,,473,113007
0677,河南城建学院(平顶山市)[公办],,工程造价(数字化建造方向),,,489,97728
0678,河南大学(开封市)[公办],,经济学类,,,579,23927
0678,河南大学(开封市)[公办],,法学,,,583,21718
0678,河南大学(开封市)[公办],,新闻传播学类,,,578,24508
0678,河南大学(开封市)[公办],,数学类,,,576,25729
0678,河南大学(开封市)[公办],,化学类,,,574,26972
0678,河南大学(开封市)[公办],,地理科学类,,,582,22261
0678,河南大学(开封市)[公办],,生物科学,,,576,25729
0678,河南大学(开封市)[公办],,电子信息类,,,578,24508
0678,河南大学(开封市)[公办],,计算机类,,,584,21139
0678,河南大学(开封市)[公办],,软件工程,,,572,28175
0678,河南大学(开封市)[公办],,网络工程,,,566,31393
0678,河南大学(开封市)[公办],,土木工程,,,571,28818
0678,河南大学(开封市)[公办],,植物科学与技术,,,572,28175
0678,河南大学(开封市)[公办],,临床医学类,,,582,22261
0678,河南大学(开封市)[公办],,药学,,,572,28175
0678,河南大学(开封市)[公办],,工商管理类,,,578,24508
0678,河南大学(开封市)[公办],,旅游管理类,,,571,28818
0678,河南大学(开封市)[公办],,国际经济与贸易(中外合作办学)(与澳大利亚维多利亚大学合作办学),,,547,45772
0678,河南大学(开封市)[公办],,国际经济与贸易(中外合作办学)(与德国安哈尔特应用技术大学合作办学),,,537,53967
0678,河南大学(开封市)[公办],,电子信息科学与技术(中外合作办学)(与美国迈阿密大学合作办学),,,548,44990
0678,河南大学(开封市)[公办],,自动化(中外合作办学)(与美国迈阿密大学合作办学),,,543,49037
0678,河南大学(开封市)[公办],,计算机科学与技术(中外合作办学)(与澳大利亚维多利亚大学合作办学),,,558,37566
0678,河南大学(开封市)[公办],,土木工程(中外合作办学)(与美国迈阿密大学合作办学),,,528,61650
0678,河南大学(开封市)[公办],,环境科学(中外合作办学)(与美国迈阿密大学合作办学),,,498,89072
0678,河南大学(开封市)[公办],,生物工程(中外合作办学)(与德国安哈尔特应用技术大学合作办学),,,538,53169
0678,河南大学(开封市)[公办],,会计学(中外合作办学)(与澳大利亚维多利亚大学合作办学),,,552,42004
0680,河南工程学院(郑州市)[公办],,数学与应用数学,,,509,78673
0680,河南工程学院(郑州市)[公办],,应用物理学,,,506,81500
0680,河南工程学院(郑州市)[公办],,机械设计制造及其自动化,,,519,69481
0680,河南工程学院(郑州市)[公办],,车辆工程,,,507,80550
0680,河南工程学院(郑州市)[公办],,新能源材料与器件,,,505,82447
0680,河南工程学院(郑州市)[公办],,电气工程及其自动化,,,519,69481
0680,河南工程学院(郑州市)[公办],,通信工程,,,513,74844
0680,河南工程学院(郑州市)[公办],,计算机科学与技术,,,520,68600
0680,河南工程学院(郑州市)[公办],,土木工程,,,513,74844
0680,河南工程学院(郑州市)[公办],,建筑环境与能源应用工程,,,500,88132
0680,河南工程学院(郑州市)[公办],,城市地下空间工程,,,499,88132
0680,河南工程学院(郑州市)[公办],,测绘工程,,,497,90044
0680,河南工程学院(郑州市)[公办],,资源勘查工程,,,487,99599
0680,河南工程学院(郑州市)[公办],,采矿工程(智能开采方向),,,501,88132
0680,河南工程学院(郑州市)[公办],,服装设计与工程,,,511,76779
0680,河南工程学院(郑州市)[公办],,资源环境科学,,,480,106344
0680,河南工程学院(郑州市)[公办],,安全工程,,,502,85294
0680,河南工程学院(郑州市)[公办],,物流管理,,,500,88132
0680,河南工程学院(郑州市)[公办],,工业工程,,,501,88132
0680,河南工程学院(郑州市)[公办],,电子商务,,,505,82447
0681,河南工学院[公办],,车辆工程,,,491,95797
0681,河南工学院[公办],,电气工程及其自动化,,,498,89072
0681,河南工学院[公办],,智能电网信息工程,,,493,93969
0681,河南工学院[公办],,电缆工程,,,488,98638
0681,河南工学院[公办],,自动化,,,497,90044
0681,河南工学院[公办],,物联网工程,,,502,85294
0682,河南工业大学(郑州市)[公办],,经济学,,,559,36873
0682,河南工业大学(郑州市)[公办],,财政学,,,559,36873
0682,河南工业大学(郑州市)[公办],,金融学(大数据金融),,,555,39718
0682,河南工业大学(郑州市)[公办],,金融学,,,570,29403
0682,河南工业大学(郑州市)[公办],,国际经济与贸易,,,555,39718
0682,河南工业大学(郑州市)[公办],,法学,,,558,37566
0682,河南工业大学(郑州市)[公办],,英语,,,577,25118
0682,河南工业大学(郑州市)[公办],,翻译,,,558,37566
0682,河南工业大学(郑州市)[公办],,新闻传播学类,,,557,38272
0682,河南工业大学(郑州市)[公办],,网络与新媒体,,,570,29403
0682,河南工业大学(郑州市)[公办],,数学与应用数学,,,560,36168
0682,河南工业大学(郑州市)[公办],,应用物理学,,,552,42004
0682,河南工业大学(郑州市)[公办],,化学,,,543,49037
0682,河南工业大学(郑州市)[公办],,应用化学,,,541,50682
0682,河南工业大学(郑州市)[公办],,生物技术,,,538,53169
0682,河南工业大学(郑州市)[公办],,应用统计学,,,553,41254
0682,河南工业大学(郑州市)[公办],,机械类,,,549,44261
0682,河南工业大学(郑州市)[公办],,机械设计制造及其自动化,,,552,42004
0682,河南工业大学(郑州市)[公办],,测控技术与仪器,,,549,44261
0682,河南工业大学(郑州市)[公办],,材料类,,,538,53169
0682,河南工业大学(郑州市)[公办],,材料科学与工程,,,528,61650
0682,河南工业大学(郑州市)[公办],,无机非金属材料工程,,,495,91989
0682,河南工业大学(郑州市)[公办],,电气工程及其自动化,,,558,37566
0682,河南工业大学(郑州市)[公办],,通信工程,,,557,38272
0682,河南工业大学(郑州市)[公办],,自动化,,,557,38272
0682,河南工业大学(郑州市)[公办],,空间信息与数字技术,,,554,40472
0682,河南工业大学(郑州市)[公办],,土木工程,,,546,45883
0682,河南工业大学(郑州市)[公办],,建筑环境与能源应用工程,,,536,54791
0682,河南工业大学(郑州市)[公办],,化学工程与工艺,,,539,52338
0682,河南工业大学(郑州市)[公办],,制药工程,,,544,48201
0682,河南工业大学(郑州市)[公办],,交通工程,,,550,43499
0682,河南工业大学(郑州市)[公办],,环境工程,,,531,58995
0682,河南工业大学(郑州市)[公办],,食品科学与工程类,,,531,58995
0682,河南工业大学(郑州市)[公办],,建筑学,,,553,41254
0682,河南工业大学(郑州市)[公办],,生物工程,,,534,56478
0682,河南工业大学(郑州市)[公办],,动物科学,,,538,53169
0682,河南工业大学(郑州市)[公办],,饲料工程,,,481,105433
0682,河南工业大学(郑州市)[公办],,工程管理,,,544,48201
0682,河南工业大学(郑州市)[公办],,工商管理,,,557,38272
0682,河南工业大学(郑州市)[公办],,财务管理,,,567,31356
0682,河南工业大学(郑州市)[公办],,物流管理,,,550,43499
0682,河南工业大学(郑州市)[公办],,供应链管理,,,501,88132
0682,河南工业大学(郑州市)[公办],,电子商务,,,559,36873
0682,河南工业大学(郑州市)[公办],,生物技术(中外合作办学),,,495,91989
0682,河南工业大学(郑州市)[公办],,物联网工程(中外合作办学),,,527,62507
0682,河南工业大学(郑州市)[公办],,食品科学与工程(中外合作办学),,,505,82447
0682,河南工业大学(郑州市)[公办],,市场营销(中外合作办学),,,511,76779
0682,河南工业大学(郑州市)[公办],,会计学(中外合作办学),,,527,62507
0682,河南工业大学(郑州市)[公办],,人力资源管理(中外合作办学),,,502,85294
0687,河南开封科技传媒学院(开封市)[民办],,金融学,,,440,142251
0687,河南开封科技传媒学院(开封市)[民办],,学前教育,,,455,129310
0687,河南开封科技传媒学院(开封市)[民办],,旅游管理,,,440,142251
0688,河南科技大学(洛阳市)[公办],,数学类,,,541,50682
0688,河南科技大学(洛阳市)[公办],,生物科学类,,,529,60756
0688,河南科技大学(洛阳市)[公办],,机械类,,,540,51523
0688,河南科技大学(洛阳市)[公办],,材料成型及控制工程,,,533,57317
0688,河南科技大学(洛阳市)[公办],,车辆工程,,,534,56478
0688,河南科技大学(洛阳市)[公办],,材料类,,,522,66880
0688,河南科技大学(洛阳市)[公办],,材料物理,,,526,63346
0688,河南科技大学(洛阳市)[公办],,材料化学,,,528,61650
0688,河南科技大学(洛阳市)[公办],,自动化,,,544,48201
0688,河南科技大学(洛阳市)[公办],,计算机科学与技术,,,560,36168
0688,河南科技大学(洛阳市)[公办],,农业工程类,,,524,65102
0688,河南科技大学(洛阳市)[公办],,建筑类,,,535,55619
0688,河南科技大学(洛阳市)[公办],,生物工程类,,,528,61650
0688,河南科技大学(洛阳市)[公办],,植物生产类,,,516,72111
0688,河南科技大学(洛阳市)[公办],,临床医学,,,534,56478
0688,河南科技大学(洛阳市)[公办],,法医学,,,538,53169
0688,河南科技大学(洛阳市)[公办],,工业工程,,,530,59831
0689,河南科技学院(新乡市)[公办],,数学与应用数学,,,495,91989
0689,河南科技学院(新乡市)[公办],,信息与计算科学,,,499,88132
0689,河南科技学院(新乡市)[公办],,通信工程,,,502,85294
0690,河南理工大学(焦作市)[公办],,金融学,,,559,36873
0690,河南理工大学(焦作市)[公办],,国际经济与贸易,,,542,49854
0690,河南理工大学(焦作市)[公办],,法学,,,556,39008
0690,河南理工大学(焦作市)[公办],,汉语言文学,,,558,37566
0690,河南理工大学(焦作市)[公办],,英语,,,558,37566
0690,河南理工大学(焦作市)[公办],,广告学,,,545,47376
0690,河南理工大学(焦作市)[公办],,数学类,,,544,48201
0690,河南理工大学(焦作市)[公办],,应用物理学,,,537,53967
0690,河南理工大学(焦作市)[公办],,自然地理与资源环境,,,536,54791
0690,河南理工大学(焦作市)[公办],,人文地理与城乡规划,,,533,57317
0690,河南理工大学(焦作市)[公办],,地理信息科学,,,538,53169
0690,河南理工大学(焦作市)[公办],,地球信息科学与技术,,,534,56478
0690,河南理工大学(焦作市)[公办],,工程力学,,,530,59831
0690,河南理工大学(焦作市)[公办],,机械类,,,538,53169
0690,河南理工大学(焦作市)[公办],,材料成型及控制工程,,,522,66880
0690,河南理工大学(焦作市)[公办],,机械电子工程,,,539,52338
0690,河南理工大学(焦作市)[公办],,工业设计,,,538,53169
0690,河南理工大学(焦作市)[公办],,测控技术与仪器,,,539,52338
0690,河南理工大学(焦作市)[公办],,材料类,,,510,77713
0690,河南理工大学(焦作市)[公办],,能源与动力工程,,,540,51523
0690,河南理工大学(焦作市)[公办],,新能源科学与工程,,,541,50682
0690,河南理工大学(焦作市)[公办],,电气工程及其自动化,,,552,42004
0690,河南理工大学(焦作市)[公办],,电子信息类,,,544,48201
0690,河南理工大学(焦作市)[公办],,自动化类,,,541,50682
0690,河南理工大学(焦作市)[公办],,机器人工程,,,543,49037
0690,河南理工大学(焦作市)[公办],,计算机类,,,558,37566
0690,河南理工大学(焦作市)[公办],,土木类,,,530,59831
0690,河南理工大学(焦作市)[公办],,水文与水资源工程,,,526,63346
0690,河南理工大学(焦作市)[公办],,测绘类,,,531,58995
0690,河南理工大学(焦作市)[公办],,测绘工程(卓越计划班),,,539,52338
0690,河南理工大学(焦作市)[公办],,化工与制药类,,,534,56478
0690,河南理工大学(焦作市)[公办],,地质类,,,522,66880
0690,河南理工大学(焦作市)[公办],,采矿工程(智能采矿方向),,,518,70350
0690,河南理工大学(焦作市)[公办],,采矿工程(卓越计划班),,,472,113947
0690,河南理工大学(焦作市)[公办],,矿物加工工程,,,512,75821
0690,河南理工大学(焦作市)[公办],,矿物加工工程(卓越计划班),,,524,65102
0690,河南理工大学(焦作市)[公办],,交通工程,,,532,58171
0690,河南理工大学(焦作市)[公办],,环境工程,,,527,62507
0690,河南理工大学(焦作市)[公办],,建筑类,,,541,50682
0690,河南理工大学(焦作市)[公办],,安全工程,,,535,55619
0690,河南理工大学(焦作市)[公办],,安全工程(卓越计划班),,,532,58171
0690,河南理工大学(焦作市)[公办],,应急技术与管理,,,530,59831
0690,河南理工大学(焦作市)[公办],,消防工程,,,529,60756
0690,河南理工大学(焦作市)[公办],,药学,,,541,50682
0690,河南理工大学(焦作市)[公办],,护理学,,,527,62507
0690,河南理工大学(焦作市)[公办],,管理科学,,,528,61650
0690,河南理工大学(焦作市)[公办],,工程管理,,,541,50682
0690,河南理工大学(焦作市)[公办],,工商管理类,,,545,47376
0690,河南理工大学(焦作市)[公办],,会计学,,,552,42004
0690,河南理工大学(焦作市)[公办],,财务管理,,,550,43499
0690,河南理工大学(焦作市)[公办],,公共事业管理,,,535,55619
0690,河南理工大学(焦作市)[公办],,土地资源管理,,,530,59831
0690,河南理工大学(焦作市)[公办],,工业工程,,,533,57317
0690,河南理工大学(焦作市)[公办],,旅游管理,,,531,58995
0691,河南牧业经济学院(郑州市)[公办],,金融学,,,489,97728
0691,河南牧业经济学院(郑州市)[公办],,机器人工程,,,474,112067
0691,河南牧业经济学院(郑州市)[公办],,包装工程,,,466,119485
0691,河南牧业经济学院(郑州市)[公办],,工程造价,,,485,101531
0691,河南牧业经济学院(郑州市)[公办],,会计学,,,492,94896
0691,河南牧业经济学院(郑州市)[公办],,国际商务,,,479,107280
0691,河南牧业经济学院(郑州市)[公办],,酒店管理,,,461,124059
0692,河南农业大学(郑州市)[公办],,生物科学类,,,525,64228
0692,河南农业大学(郑州市)[公办],,机械设计制造及其自动化,,,528,61650
0692,河南农业大学(郑州市)[公办],,电子信息类,,,537,53967
0692,河南农业大学(郑州市)[公办],,计算机类,,,541,50682
0692,河南农业大学(郑州市)[公办],,轻工类(烟工类),,,538,53169
0692,河南农业大学(郑州市)[公办],,环境科学与工程类,,,515,73018
0692,河南农业大学(郑州市)[公办],,食品科学与工程类,,,522,66880
0692,河南农业大学(郑州市)[公办],,建筑类,,,530,59831
0692,河南农业大学(郑州市)[公办],,植物生产类(植保类),,,507,80550
0692,河南农业大学(郑州市)[公办],,植物生产类(园艺类),,,520,68600
0692,河南农业大学(郑州市)[公办],,林学类,,,510,77713
0692,河南农业大学(郑州市)[公办],,管理科学,,,518,70350
0692,河南农业大学(郑州市)[公办],,食品科学与工程(中外合作办学),,,462,123141
0693,河南师范大学(新乡市)[公办],,物理学,,,557,38272
0693,河南师范大学(新乡市)[公办],,化学,,,553,41254
0693,河南师范大学(新乡市)[公办],,生物科学,,,555,39718
0693,河南师范大学(新乡市)[公办],,电子信息工程,,,548,44990
0693,河南师范大学(新乡市)[公办],,计算机类,,,551,42759
0693,河南师范大学(新乡市)[公办],,水产类,,,435,146339
0693,河南师范大学(新乡市)[公办],,电子商务,,,545,47376
0701,河南中医药大学(郑州市)[公办],,外国语言文学类,,,525,64228
0701,河南中医药大学(郑州市)[公办],,中西医临床医学,,,549,44261
0701,河南中医药大学(郑州市)[公办],,护理学,,,516,72111
0701,河南中医药大学(郑州市)[公办],,公共管理类,,,517,71252
0702,河西学院(张掖市)[公办],,经济学,,,485,101531
0702,河西学院(张掖市)[公办],,法学,,,478,108213
0702,河西学院(张掖市)[公办],,化学,,,463,122201
0702,河西学院(张掖市)[公办],,机械设计制造及其自动化,,,475,111128
0702,河西学院(张掖市)[公办],,能源与动力工程,,,469,116739
0702,河西学院(张掖市)[公办],,自动化,,,474,112067
0702,河西学院(张掖市)[公办],,物联网工程,,,471,114847
0702,河西学院(张掖市)[公办],,数据科学与大数据技术,,,465,120370
0702,河西学院(张掖市)[公办],,土木工程,,,466,119485
0702,河西学院(张掖市)[公办],,化学工程与工艺,,,461,124059
0702,河西学院(张掖市)[公办],,葡萄与葡萄酒工程,,,461,124059
0702,河西学院(张掖市)[公办],,生物工程,,,466,119485
0702,河西学院(张掖市)[公办],,信息管理与信息系统,,,461,124059
0702,河西学院(张掖市)[公办],,工程管理,,,463,122201
0702,河西学院(张掖市)[公办],,旅游管理,,,462,123141
0704,菏泽学院[公办],,思想政治教育,,,547,45772
0704,菏泽学院[公办],,特殊教育,,,474,112067
0704,菏泽学院[公办],,历史学,,,508,79620
0704,菏泽学院[公办],,化学,,,485,101531
0704,菏泽学院[公办],,心理学,,,482,104483
0704,菏泽学院[公办],,电气工程及其自动化,,,492,94896
0704,菏泽学院[公办],,建筑学,,,491,95797
0704,菏泽学院[公办],,园艺,,,471,114847
0706,贺州学院[公办],,高分子材料与工程,,,463,122201
0706,贺州学院[公办],,食品质量与安全,,,461,124059
0710,黑河学院[公办],,小学教育,,,469,116739
0710,黑河学院[公办],,英语,,,474,112067
0710,黑河学院[公办],,俄语,,,461,124059
0710,黑河学院[公办],,商务英语,,,464,121286
0710,黑河学院[公办],,化学,,,464,121286
0710,黑河学院[公办],,应用化学,,,466,119485
0710,黑河学院[公办],,生物技术,,,459,125856
0710,黑河学院[公办],,通信工程,,,464,121286
0710,黑河学院[公办],,光电信息科学与工程,,,461,124059
0710,黑河学院[公办],,计算机科学与技术,,,473,113007
0710,黑河学院[公办],,网络工程,,,465,120370
0710,黑河学院[公办],,物联网工程,,,463,122201
0710,黑河学院[公办],,数据科学与大数据技术,,,471,114847
0710,黑河学院[公办],,旅游管理,,,459,125856
0712,黑龙江八一农垦大学(大庆市)[公办],,信息与计算科学,,,505,82447
0712,黑龙江八一农垦大学(大庆市)[公办],,应用化学,,,496,90982
0712,黑龙江八一农垦大学(大庆市)[公办],,生物科学类,,,489,97728
0712,黑龙江八一农垦大学(大庆市)[公办],,机械设计制造及其自动化,,,503,84351
0712,黑龙江八一农垦大学(大庆市)[公办],,工业设计,,,506,81500
0712,黑龙江八一农垦大学(大庆市)[公办],,电气工程及其自动化,,,502,85294
0712,黑龙江八一农垦大学(大庆市)[公办],,计算机科学与技术,,,510,77713
0712,黑龙江八一农垦大学(大庆市)[公办],,数据科学与大数据技术,,,510,77713
0712,黑龙江八一农垦大学(大庆市)[公办],,土木类,,,499,88132
0712,黑龙江八一农垦大学(大庆市)[公办],,水利水电工程,,,496,90982
0712,黑龙江八一农垦大学(大庆市)[公办],,制药工程,,,490,96770
0712,黑龙江八一农垦大学(大庆市)[公办],,包装工程,,,488,98638
0712,黑龙江八一农垦大学(大庆市)[公办],,交通运输,,,491,95797
0712,黑龙江八一农垦大学(大庆市)[公办],,农业机械化及其自动化(创新人才培养班),,,494,92936
0712,黑龙江八一农垦大学(大庆市)[公办],,农业电气化,,,490,96770
0712,黑龙江八一农垦大学(大庆市)[公办],,食品科学与工程(创新人才培养班),,,487,99599
0712,黑龙江八一农垦大学(大庆市)[公办],,生物工程,,,489,97728
0712,黑龙江八一农垦大学(大庆市)[公办],,植物生产类,,,486,100581
0712,黑龙江八一农垦大学(大庆市)[公办],,农学(创新人才培养班),,,484,102507
0712,黑龙江八一农垦大学(大庆市)[公办],,植物保护,,,489,97728
0712,黑龙江八一农垦大学(大庆市)[公办],,种子科学与工程,,,494,92936
0712,黑龙江八一农垦大学(大庆市)[公办],,动物科学,,,488,98638
0712,黑龙江八一农垦大学(大庆市)[公办],,动物医学(创新人才培养班),,,499,88132
0712,黑龙江八一农垦大学(大庆市)[公办],,动物药学,,,487,99599
0712,黑龙江八一农垦大学(大庆市)[公办],,园林,,,503,84351
0712,黑龙江八一农垦大学(大庆市)[公办],,草业科学,,,483,103506
0712,黑龙江八一农垦大学(大庆市)[公办],,会计学(创新人才培养班),,,509,78673
0712,黑龙江八一农垦大学(大庆市)[公办],,公共事业管理,,,498,89072
0712,黑龙江八一农垦大学(大庆市)[公办],,供应链管理,,,483,103506
0714,黑龙江财经学院(哈尔滨市)[民办],,金融学,,,422,156398
0714,黑龙江财经学院(哈尔滨市)[民办],,金融工程,,,430,150433
0714,黑龙江财经学院(哈尔滨市)[民办],,保险学,,,431,149615
0714,黑龙江财经学院(哈尔滨市)[民办],,互联网金融,,,417,160051
0714,黑龙江财经学院(哈尔滨市)[民办],,国际经济与贸易,,,427,152752
0714,黑龙江财经学院(哈尔滨市)[民办],,法学,,,434,147162
0714,黑龙江财经学院(哈尔滨市)[民办],,汉语言文学,,,434,147162
0714,黑龙江财经学院(哈尔滨市)[民办],,英语,,,443,139702
0714,黑龙江财经学院(哈尔滨市)[民办],,商务英语,,,434,147162
0714,黑龙江财经学院(哈尔滨市)[民办],,广告学,,,423,155642
0714,黑龙江财经学院(哈尔滨市)[民办],,电子信息工程,,,427,152752
0714,黑龙江财经学院(哈尔滨市)[民办],,计算机科学与技术,,,425,154215
0714,黑龙江财经学院(哈尔滨市)[民办],,数据科学与大数据技术,,,421,157137
0714,黑龙江财经学院(哈尔滨市)[民办],,信息管理与信息系统,,,424,154962
0714,黑龙江财经学院(哈尔滨市)[民办],,工商管理类(隶属于管理学类，按管理学类培养分流),,,420,157892
0714,黑龙江财经学院(哈尔滨市)[民办],,会计学,,,419,158594
0714,黑龙江财经学院(哈尔滨市)[民办],,财务管理,,,425,154215
0714,黑龙江财经学院(哈尔滨市)[民办],,国际商务,,,416,160740
0714,黑龙江财经学院(哈尔滨市)[民办],,审计学,,,418,159311
0714,黑龙江财经学院(哈尔滨市)[民办],,资产评估,,,424,154962
0714,黑龙江财经学院(哈尔滨市)[民办],,物流管理,,,425,154215
0714,黑龙江财经学院(哈尔滨市)[民办],,电子商务,,,442,140581
0715,黑龙江大学(哈尔滨市)[公办],,物理学,,,548,44990
0715,黑龙江大学(哈尔滨市)[公办],,物理学,,,536,54791
0715,黑龙江大学(哈尔滨市)[公办],,化学,,,556,39008
0715,黑龙江大学(哈尔滨市)[公办],,生物技术,,,545,47376
0715,黑龙江大学(哈尔滨市)[公办],,机械设计制造及其自动化,,,558,37566
0715,黑龙江大学(哈尔滨市)[公办],,高分子材料与工程,,,552,42004
0715,黑龙江大学(哈尔滨市)[公办],,电气工程及其自动化,,,559,36873
0715,黑龙江大学(哈尔滨市)[公办],,电子信息类,,,557,38272
0715,黑龙江大学(哈尔滨市)[公办],,软件工程,,,565,32080
0715,黑龙江大学(哈尔滨市)[公办],,水利水电工程,,,548,44990
0715,黑龙江大学(哈尔滨市)[公办],,化学工程与工艺,,,544,48201
0716,黑龙江东方学院(哈尔滨市)[民办],,电气工程及其自动化,,,417,160051
0716,黑龙江东方学院(哈尔滨市)[民办],,土木工程,,,416,160740
0716,黑龙江东方学院(哈尔滨市)[民办],,食品科学与工程类,,,418,159311
0716,黑龙江东方学院(哈尔滨市)[民办],,生物工程,,,420,157892
0716,黑龙江东方学院(哈尔滨市)[民办],,工程造价,,,414,162144
0717,黑龙江工程学院[公办],,金融学类,,,506,81500
0717,黑龙江工程学院[公办],,社会工作,,,494,92936
0717,黑龙江工程学院[公办],,英语,,,511,76779
0717,黑龙江工程学院[公办],,网络与新媒体,,,513,74844
0717,黑龙江工程学院[公办],,机械类,,,497,90044
0717,黑龙江工程学院[公办],,机械设计制造及其自动化,,,505,82447
0717,黑龙江工程学院[公办],,车辆工程,,,498,89072
0717,黑龙江工程学院[公办],,测控技术与仪器,,,495,91989
0717,黑龙江工程学院[公办],,材料类,,,485,101531
0717,黑龙江工程学院[公办],,电气工程及其自动化,,,509,78673
0717,黑龙江工程学院[公办],,人工智能,,,506,81500
0717,黑龙江工程学院[公办],,机器人工程,,,501,88132
0717,黑龙江工程学院[公办],,计算机类,,,508,79620
0717,黑龙江工程学院[公办],,智能科学与技术,,,505,82447
0717,黑龙江工程学院[公办],,数据科学与大数据技术,,,506,81500
0717,黑龙江工程学院[公办],,土木类,,,500,88132
0717,黑龙江工程学院[公办],,建筑环境与能源应用工程,,,494,92936
0717,黑龙江工程学院[公办],,测绘工程,,,491,95797
0717,黑龙江工程学院[公办],,遥感科学与技术,,,502,85294
0717,黑龙江工程学院[公办],,交通运输类,,,501,88132
0717,黑龙江工程学院[公办],,工程管理,,,500,88132
0717,黑龙江工程学院[公办],,会计学,,,509,78673
0717,黑龙江工程学院[公办],,财务管理,,,502,85294
0719,黑龙江工商学院(哈尔滨市)[民办],,机械电子工程,,,412,163586
0719,黑龙江工商学院(哈尔滨市)[民办],,电子信息工程,,,427,152752
0719,黑龙江工商学院(哈尔滨市)[民办],,通信工程,,,,
0719,黑龙江工商学院(哈尔滨市)[民办],,软件工程,,,412,163586
0719,黑龙江工商学院(哈尔滨市)[民办],,会计学,,,412,163586
0720,黑龙江工业学院(鸡西市)[公办],,商务英语,,,490,96770
0720,黑龙江工业学院(鸡西市)[公办],,机械设计制造及其自动化,,,482,104483
0720,黑龙江工业学院(鸡西市)[公办],,智能制造工程,,,484,102507
0720,黑龙江工业学院(鸡西市)[公办],,材料科学与工程,,,481,105433
0720,黑龙江工业学院(鸡西市)[公办],,电气工程及其自动化,,,488,98638
0720,黑龙江工业学院(鸡西市)[公办],,数据科学与大数据技术,,,485,101531
0720,黑龙江工业学院(鸡西市)[公办],,土木工程,,,480,106344
0720,黑龙江工业学院(鸡西市)[公办],,测绘工程,,,479,107280
0720,黑龙江工业学院(鸡西市)[公办],,遥感科学与技术,,,492,94896
0720,黑龙江工业学院(鸡西市)[公办],,采矿工程,,,475,111128
0720,黑龙江工业学院(鸡西市)[公办],,矿物加工工程,,,504,83397
0720,黑龙江工业学院(鸡西市)[公办],,食品质量与安全,,,489,97728
0720,黑龙江工业学院(鸡西市)[公办],,安全工程,,,477,109131
0720,黑龙江工业学院(鸡西市)[公办],,财务管理,,,487,99599
0724,黑龙江科技大学(哈尔滨市)[公办],,数学与应用数学,,,524,65102
0724,黑龙江科技大学(哈尔滨市)[公办],,应用统计学,,,516,72111
0724,黑龙江科技大学(哈尔滨市)[公办],,机械设计制造及其自动化,,,519,69481
0724,黑龙江科技大学(哈尔滨市)[公办],,材料成型及控制工程,,,508,79620
0724,黑龙江科技大学(哈尔滨市)[公办],,机械电子工程,,,517,71252
0724,黑龙江科技大学(哈尔滨市)[公办],,机械工艺技术,,,512,75821
0724,黑龙江科技大学(哈尔滨市)[公办],,测控技术与仪器,,,511,76779
0724,黑龙江科技大学(哈尔滨市)[公办],,电气工程及其自动化,,,525,64228
0724,黑龙江科技大学(哈尔滨市)[公办],,电气工程与智能控制,,,520,68600
0724,黑龙江科技大学(哈尔滨市)[公办],,电子信息工程,,,524,65102
0724,黑龙江科技大学(哈尔滨市)[公办],,通信工程,,,523,65971
0724,黑龙江科技大学(哈尔滨市)[公办],,电子信息科学与技术,,,523,65971
0724,黑龙江科技大学(哈尔滨市)[公办],,自动化,,,521,67756
0724,黑龙江科技大学(哈尔滨市)[公办],,计算机科学与技术,,,527,62507
0724,黑龙江科技大学(哈尔滨市)[公办],,软件工程,,,527,62507
0724,黑龙江科技大学(哈尔滨市)[公办],,物联网工程,,,523,65971
0724,黑龙江科技大学(哈尔滨市)[公办],,数据科学与大数据技术,,,523,65971
0724,黑龙江科技大学(哈尔滨市)[公办],,土木工程,,,513,74844
0724,黑龙江科技大学(哈尔滨市)[公办],,化学工程与工艺,,,509,78673
0724,黑龙江科技大学(哈尔滨市)[公办],,环境工程,,,506,81500
0724,黑龙江科技大学(哈尔滨市)[公办],,建筑学,,,520,68600
0724,黑龙江科技大学(哈尔滨市)[公办],,城乡规划,,,510,77713
0724,黑龙江科技大学(哈尔滨市)[公办],,风景园林,,,513,74844
0724,黑龙江科技大学(哈尔滨市)[公办],,安全工程,,,509,78673
0724,黑龙江科技大学(哈尔滨市)[公办],,信息管理与信息系统,,,520,68600
0738,黑龙江外国语学院[民办],,计算机科学与技术,,,427,152752
0738,黑龙江外国语学院[民办],,软件工程,,,420,157892
0738,黑龙江外国语学院[民办],,市场营销(精英班，英语),,,413,162888
0738,黑龙江外国语学院[民办],,国际商务,,,413,162888
0742,黑龙江中医药大学[公办],,运动康复,,,503,84351
0742,黑龙江中医药大学[公办],,应用心理学,,,522,66880
0742,黑龙江中医药大学[公办],,医学信息工程,,,512,75821
0742,黑龙江中医药大学[公办],,中医学(5+3一体化),,,578,24508
0742,黑龙江中医药大学[公办],,中医学(5+3一体化，专业硕士儿科学),,,575,26354
0742,黑龙江中医药大学[公办],,中医学,,,567,31356
0742,黑龙江中医药大学[公办],,针灸推拿学,,,548,44990
0742,黑龙江中医药大学[公办],,中医骨伤科学,,,546,45883
0742,黑龙江中医药大学[公办],,中西医临床医学,,,564,32737
0742,黑龙江中医药大学[公办],,药学,,,550,43499
0742,黑龙江中医药大学[公办],,中药学,,,557,38272
0742,黑龙江中医药大学[公办],,中药制药,,,506,81500
0742,黑龙江中医药大学[公办],,康复治疗学,,,494,92936
0742,黑龙江中医药大学[公办],,护理学,,,501,88132
0742,黑龙江中医药大学[公办],,助产学,,,496,90982
0742,黑龙江中医药大学[公办],,公共事业管理,,,499,88132
0743,衡水学院[公办],,国际经济与贸易,,,462,123141
0743,衡水学院[公办],,政治学与行政学,,,467,118588
0743,衡水学院[公办],,社会工作,,,461,124059
0743,衡水学院[公办],,思想政治教育,,,472,113947
0743,衡水学院[公办],,学前教育,,,466,119485
0743,衡水学院[公办],,小学教育,,,474,112067
0743,衡水学院[公办],,汉语言文学,,,484,102507
0743,衡水学院[公办],,汉语国际教育,,,474,112067
0743,衡水学院[公办],,英语,,,485,101531
0743,衡水学院[公办],,日语,,,462,123141
0743,衡水学院[公办],,翻译,,,467,118588
0743,衡水学院[公办],,商务英语,,,468,117642
0743,衡水学院[公办],,广播电视学,,,462,123141
0743,衡水学院[公办],,广告学,,,462,123141
0743,衡水学院[公办],,网络与新媒体,,,474,112067
0743,衡水学院[公办],,数学与应用数学,,,469,116739
0743,衡水学院[公办],,物理学,,,462,123141
0743,衡水学院[公办],,化学,,,462,123141
0743,衡水学院[公办],,应用化学,,,456,128454
0743,衡水学院[公办],,生物科学,,,462,123141
0743,衡水学院[公办],,生物技术,,,457,127518
0743,衡水学院[公办],,应用心理学,,,466,119485
0743,衡水学院[公办],,应用统计学,,,462,123141
0743,衡水学院[公办],,机械电子工程,,,461,124059
0743,衡水学院[公办],,高分子材料与工程,,,458,126654
0743,衡水学院[公办],,电子信息工程,,,462,123141
0743,衡水学院[公办],,计算机科学与技术,,,471,114847
0743,衡水学院[公办],,网络工程,,,463,122201
0743,衡水学院[公办],,物联网工程,,,463,122201
0743,衡水学院[公办],,数字媒体技术,,,463,122201
0743,衡水学院[公办],,智能科学与技术,,,461,124059
0743,衡水学院[公办],,建筑电气与智能化,,,460,124911
0743,衡水学院[公办],,化学工程与工艺,,,456,128454
0743,衡水学院[公办],,环境生态工程,,,458,126654
0743,衡水学院[公办],,食品质量与安全,,,461,124059
0743,衡水学院[公办],,园林,,,461,124059
0743,衡水学院[公办],,信息管理与信息系统,,,461,124059
0743,衡水学院[公办],,财务管理,,,469,116739
0743,衡水学院[公办],,人力资源管理,,,463,122201
0743,衡水学院[公办],,城市管理,,,460,124911
0743,衡水学院[公办],,物流工程,,,461,124059
0743,衡水学院[公办],,电子商务,,,462,123141
0746,衡阳师范学院[公办],,新闻学,,,523,65971
0746,衡阳师范学院[公办],,广告学,,,522,66880
0746,衡阳师范学院[公办],,编辑出版学,,,514,73932
0746,衡阳师范学院[公办],,网络与新媒体,,,526,63346
0746,衡阳师范学院[公办],,数学与应用数学,,,530,59831
0746,衡阳师范学院[公办],,信息与计算科学,,,511,76779
0746,衡阳师范学院[公办],,物理学,,,515,73018
0746,衡阳师范学院[公办],,应用化学,,,502,85294
0746,衡阳师范学院[公办],,化学生物学,,,494,92936
0746,衡阳师范学院[公办],,地理信息科学,,,505,82447
0746,衡阳师范学院[公办],,高分子材料与工程,,,502,85294
0746,衡阳师范学院[公办],,电子信息工程,,,512,75821
0746,衡阳师范学院[公办],,环境工程,,,496,90982
0747,红河学院[公办],,小学教育,,,472,113947
0747,红河学院[公办],,生物科学,,,463,122201
0747,红河学院[公办],,数字媒体技术,,,473,113007
0747,红河学院[公办],,农学,,,461,124059
0748,呼和浩特民族学院[公办],,数学与应用数学,,,474,112067
0748,呼和浩特民族学院[公办],,计算机科学与技术(云计算方向),,,485,101531
0748,呼和浩特民族学院[公办],,水质科学与技术,,,457,127518
0751,呼伦贝尔学院[公办],,经济与金融,,,461,124059
0751,呼伦贝尔学院[公办],,应用化学,,,459,125856
0751,呼伦贝尔学院[公办],,心理学,,,464,121286
0751,呼伦贝尔学院[公办],,机械工程,,,462,123141
0755,湖北大学(武汉市)[公办],,法学,,,584,21139
0755,湖北大学(武汉市)[公办],,历史学(师范类),,,571,28818
0755,湖北大学(武汉市)[公办],,数学类,,,578,24508
0755,湖北大学(武汉市)[公办],,生物科学类,,,571,28818
0755,湖北大学(武汉市)[公办],,材料类,,,570,29403
0755,湖北大学(武汉市)[公办],,电子信息类,,,578,24508
0755,湖北大学(武汉市)[公办],,工商管理类,,,576,25729
0755,湖北大学(武汉市)[公办],,材料科学与工程(中外合作办学),,,483,103506
0755,湖北大学(武汉市)[公办],,电子信息工程(中外合作办学),,,539,52338
0755,湖北大学(武汉市)[公办],,软件工程(中外合作办学),,,542,49854
0756,湖北大学知行学院[独立学院],,金融学,,,451,132831
0756,湖北大学知行学院[独立学院],,汉语言文学,,,456,128454
0756,湖北大学知行学院[独立学院],,英语,,,476,110122
0756,湖北大学知行学院[独立学院],,新闻传播学类,,,457,127518
0756,湖北大学知行学院[独立学院],,应用化学,,,485,101531
0756,湖北大学知行学院[独立学院],,生物技术,,,447,136314
0756,湖北大学知行学院[独立学院],,机械类,,,457,127518
0756,湖北大学知行学院[独立学院],,电子信息类,,,454,130189
0756,湖北大学知行学院[独立学院],,计算机类,,,457,127518
0756,湖北大学知行学院[独立学院],,化学工程与工艺,,,450,133684
0756,湖北大学知行学院[独立学院],,风景园林,,,490,96770
0756,湖北大学知行学院[独立学院],,生物工程,,,446,137128
0756,湖北大学知行学院[独立学院],,管理科学与工程类,,,449,134515
0756,湖北大学知行学院[独立学院],,会计学,,,454,130189
0757,湖北第二师范学院[公办],,国际经济与贸易,,,516,72111
0757,湖北第二师范学院[公办],,化学类,,,523,65971
0757,湖北第二师范学院[公办],,计算机类,,,525,64228
0759,湖北工程学院(孝感市)[公办],,经济学,,,511,76779
0759,湖北工程学院(孝感市)[公办],,金融工程,,,510,77713
0759,湖北工程学院(孝感市)[公办],,英语,,,510,77713
0759,湖北工程学院(孝感市)[公办],,材料类,,,509,78673
0759,湖北工程学院(孝感市)[公办],,电子信息类,,,511,76779
0759,湖北工程学院(孝感市)[公办],,计算机类,,,516,72111
0759,湖北工程学院(孝感市)[公办],,土木工程,,,516,72111
0759,湖北工程学院(孝感市)[公办],,环境科学,,,501,88132
0759,湖北工程学院(孝感市)[公办],,食品科学与工程,,,500,88132
0759,湖北工程学院(孝感市)[公办],,生物工程,,,503,84351
0759,湖北工程学院(孝感市)[公办],,电子商务,,,509,78673
0760,湖北工程学院新技术学院[独立学院],,机械设计制造及其自动化,,,454,130189
0760,湖北工程学院新技术学院[独立学院],,通信工程,,,449,134515
0760,湖北工程学院新技术学院[独立学院],,自动化,,,448,135403
0760,湖北工程学院新技术学院[独立学院],,计算机科学与技术,,,464,121286
0760,湖北工程学院新技术学院[独立学院],,软件工程,,,451,132831
0760,湖北工程学院新技术学院[独立学院],,物联网工程,,,448,135403
0760,湖北工程学院新技术学院[独立学院],,土木工程,,,455,129310
0760,湖北工程学院新技术学院[独立学院],,生物工程,,,445,137992
0760,湖北工程学院新技术学院[独立学院],,工程造价,,,447,136314
0762,湖北工业大学工程技术学院[独立学院],,机械电子工程,,,454,130189
0762,湖北工业大学工程技术学院[独立学院],,新能源汽车工程,,,450,133684
0762,湖北工业大学工程技术学院[独立学院],,电子信息工程,,,454,130189
0763,湖北工业大学(武汉市)[公办],,能源经济,,,558,37566
0763,湖北工业大学(武汉市)[公办],,信息与计算科学,,,564,32737
0763,湖北工业大学(武汉市)[公办],,机械类,,,563,34024
0763,湖北工业大学(武汉市)[公办],,智能制造工程,,,562,34751
0763,湖北工业大学(武汉市)[公办],,测控技术与仪器,,,561,35449
0763,湖北工业大学(武汉市)[公办],,电气工程及其自动化,,,569,30021
0763,湖北工业大学(武汉市)[公办],,电子科学与技术,,,567,31356
0763,湖北工业大学(武汉市)[公办],,微电子科学与工程,,,563,34024
0763,湖北工业大学(武汉市)[公办],,集成电路设计与集成系统,,,568,30714
0763,湖北工业大学(武汉市)[公办],,自动化,,,566,31393
0763,湖北工业大学(武汉市)[公办],,土木类,,,559,36873
0763,湖北工业大学(武汉市)[公办],,智能建造,,,560,36168
0763,湖北工业大学(武汉市)[公办],,建筑学,,,561,35449
0763,湖北工业大学(武汉市)[公办],,工商管理类,,,563,34024
0763,湖北工业大学(武汉市)[公办],,机械设计制造及其自动化(中外合作办学)(中美合作办学),,,497,90044
0763,湖北工业大学(武汉市)[公办],,电气工程及其自动化(中外合作办学)(中美合作办学),,,504,83397
0763,湖北工业大学(武汉市)[公办],,软件工程(中外合作办学)(中美合作办学),,,512,75821
0763,湖北工业大学(武汉市)[公办],,环境工程(中外合作办学)(中美合作办学),,,481,105433
0768,湖北经济学院法商学院[独立学院],,会计学(注册会计师),,,461,124059
0769,湖北经济学院(武汉市)[公办],,金融学类,,,549,44261
0769,湖北经济学院(武汉市)[公办],,新闻传播学类,,,542,49854
0769,湖北经济学院(武汉市)[公办],,统计学类,,,535,55619
0769,湖北经济学院(武汉市)[公办],,信息管理与信息系统,,,533,57317
0769,湖北经济学院(武汉市)[公办],,工程管理,,,529,60756
0769,湖北经济学院(武汉市)[公办],,会计学(国家级一流本科专业),,,552,42004
0769,湖北经济学院(武汉市)[公办],,审计学,,,542,49854
0770,湖北科技学院(咸宁市)[公办],,网络与新媒体,,,516,72111
0770,湖北科技学院(咸宁市)[公办],,电子信息类,,,510,77713
0770,湖北科技学院(咸宁市)[公办],,计算机类,,,516,72111
0772,湖北理工学院(黄石市)[公办],,物理学类,,,501,88132
0772,湖北理工学院(黄石市)[公办],,材料类,,,495,91989
0772,湖北理工学院(黄石市)[公办],,电气类,,,510,77713
0772,湖北理工学院(黄石市)[公办],,计算机类,,,514,73932
0772,湖北理工学院(黄石市)[公办],,土木类,,,502,85294
0772,湖北理工学院(黄石市)[公办],,化学工程与工艺,,,500,88132
0774,湖北民族大学(恩施市)[公办],,数学与应用数学,,,512,75821
0774,湖北民族大学(恩施市)[公办],,电子信息类,,,513,74844
0774,湖北民族大学(恩施市)[公办],,计算机类,,,520,68600
0775,湖北汽车工业学院科技学院[独立学院],,机械设计制造及其自动化,,,447,136314
0775,湖北汽车工业学院科技学院[独立学院],,材料成型及控制工程(模具数字化设计与制造),,,450,133684
0775,湖北汽车工业学院科技学院[独立学院],,车辆工程,,,441,141442
0775,湖北汽车工业学院科技学院[独立学院],,电气工程及其自动化,,,446,137128
0775,湖北汽车工业学院科技学院[独立学院],,电子信息工程(汽车电子),,,443,139702
0775,湖北汽车工业学院科技学院[独立学院],,计算机科学与技术(大数据技术),,,455,129310
0775,湖北汽车工业学院科技学院[独立学院],,计算机科学与技术(汽车智能化与信息化),,,449,134515
0775,湖北汽车工业学院科技学院[独立学院],,软件工程,,,447,136314
0775,湖北汽车工业学院科技学院[独立学院],,信息管理与信息系统(大数据分析与应用),,,446,137128
0776,湖北汽车工业学院(十堰市)[公办],,机械类,,,517,71252
0776,湖北汽车工业学院(十堰市)[公办],,车辆工程(含教育部卓越计划班),,,522,66880
0776,湖北汽车工业学院(十堰市)[公办],,车辆工程(中外合作办学)(中英合作),,,479,107280
0779,湖北商贸学院[民办],,计算机类,,,446,137128
0782,湖北师范大学(黄石市)[公办],,化学类,,,540,51523
0782,湖北师范大学(黄石市)[公办],,生物科学类,,,534,56478
0783,湖北师范大学文理学院[独立学院],,经济学,,,454,130189
0783,湖北师范大学文理学院[独立学院],,商务英语,,,522,66880
0783,湖北师范大学文理学院[独立学院],,数学与应用数学,,,455,129310
0783,湖北师范大学文理学院[独立学院],,电气工程及其自动化,,,454,130189
0783,湖北师范大学文理学院[独立学院],,电子信息工程,,,461,124059
0783,湖北师范大学文理学院[独立学院],,计算机科学与技术,,,470,115794
0783,湖北师范大学文理学院[独立学院],,软件工程(天融信班),,,447,136314
0783,湖北师范大学文理学院[独立学院],,财务管理,,,453,131095
0786,湖北文理学院(襄阳市)[公办],,数学类,,,505,82447
0786,湖北文理学院(襄阳市)[公办],,物理学,,,504,83397
0786,湖北文理学院(襄阳市)[公办],,电子信息类,,,508,79620
0786,湖北文理学院(襄阳市)[公办],,自动化,,,506,81500
0787,湖北医药学院(十堰市)[公办],,麻醉学,,,533,57317
0787,湖北医药学院(十堰市)[公办],,医学影像学,,,524,65102
0787,湖北医药学院(十堰市)[公办],,儿科学,,,525,64228
0787,湖北医药学院(十堰市)[公办],,口腔医学,,,539,52338
0788,湖北医药学院药护学院[独立学院],,临床医学,,,466,119485
0788,湖北医药学院药护学院[独立学院],,麻醉学,,,464,121286
0791,湖北中医药大学(武汉市)[公办],,医学信息工程,,,536,54791
0791,湖北中医药大学(武汉市)[公办],,制药工程,,,531,58995
0791,湖北中医药大学(武汉市)[公办],,中西医临床医学,,,545,47376
0791,湖北中医药大学(武汉市)[公办],,药学,,,536,54791
0791,湖北中医药大学(武汉市)[公办],,药物制剂,,,530,59831
0791,湖北中医药大学(武汉市)[公办],,中药学,,,537,53967
0791,湖北中医药大学(武汉市)[公办],,中药资源与开发,,,532,58171
0791,湖北中医药大学(武汉市)[公办],,医学检验技术,,,533,57317
0791,湖北中医药大学(武汉市)[公办],,医学实验技术,,,523,65971
0791,湖北中医药大学(武汉市)[公办],,医学影像技术,,,539,52338
0791,湖北中医药大学(武汉市)[公办],,卫生检验与检疫,,,531,58995
0795,湖南财政经济学院(长沙市)[公办],,经济学类,,,532,58171
0795,湖南财政经济学院(长沙市)[公办],,财政学类,,,529,60756
0795,湖南财政经济学院(长沙市)[公办],,金融学类,,,529,60756
0795,湖南财政经济学院(长沙市)[公办],,经济与贸易类,,,525,64228
0795,湖南财政经济学院(长沙市)[公办],,电子信息类,,,527,62507
0795,湖南财政经济学院(长沙市)[公办],,计算机类,,,525,64228
0795,湖南财政经济学院(长沙市)[公办],,工商管理类,,,528,61650
0795,湖南财政经济学院(长沙市)[公办],,会计学,,,535,55619
0795,湖南财政经济学院(长沙市)[公办],,财务管理,,,532,58171
0795,湖南财政经济学院(长沙市)[公办],,审计学,,,535,55619
0797,湖南城市学院(益阳市)[公办],,物理学,,,493,93969
0797,湖南城市学院(益阳市)[公办],,机械设计制造及其自动化,,,505,82447
0797,湖南城市学院(益阳市)[公办],,机械电子工程,,,499,88132
0797,湖南城市学院(益阳市)[公办],,智能制造工程,,,497,90044
0797,湖南城市学院(益阳市)[公办],,电气工程及其自动化,,,502,85294
0797,湖南城市学院(益阳市)[公办],,电子信息工程,,,502,85294
0797,湖南城市学院(益阳市)[公办],,通信工程,,,502,85294
0797,湖南城市学院(益阳市)[公办],,计算机类,,,511,76779
0797,湖南城市学院(益阳市)[公办],,网络工程,,,499,88132
0797,湖南城市学院(益阳市)[公办],,物联网工程,,,502,85294
0797,湖南城市学院(益阳市)[公办],,土木工程,,,499,88132
0797,湖南城市学院(益阳市)[公办],,城市地下空间工程,,,495,91989
0797,湖南城市学院(益阳市)[公办],,水利水电工程,,,497,90044
0797,湖南城市学院(益阳市)[公办],,测绘工程,,,495,91989
0797,湖南城市学院(益阳市)[公办],,环境工程,,,494,92936
0797,湖南城市学院(益阳市)[公办],,工程造价,,,499,88132
0798,湖南大学(长沙市)[公办],,理科试验班,,,625,5524
0798,湖南大学(长沙市)[公办],,经济学类,,,628,4860
0798,湖南大学(长沙市)[公办],,金融学,,,628,4860
0798,湖南大学(长沙市)[公办],,精算学,,,627,5092
0798,湖南大学(长沙市)[公办],,国际经济与贸易,,,625,5524
0798,湖南大学(长沙市)[公办],,国际经济与贸易(实验班),,,630,4465
0798,湖南大学(长沙市)[公办],,法学,,,623,6003
0798,湖南大学(长沙市)[公办],,新闻传播学类,,,629,4660
0798,湖南大学(长沙市)[公办],,数学类,,,623,6003
0798,湖南大学(长沙市)[公办],,应用物理学,,,621,6561
0798,湖南大学(长沙市)[公办],,化学类,,,621,6561
0798,湖南大学(长沙市)[公办],,生物技术,,,620,6814
0798,湖南大学(长沙市)[公办],,统计学类,,,623,6003
0798,湖南大学(长沙市)[公办],,机械类,,,622,6287
0798,湖南大学(长沙市)[公办],,工业设计,,,620,6814
0798,湖南大学(长沙市)[公办],,智能制造工程,,,623,6003
0798,湖南大学(长沙市)[公办],,测控技术与仪器,,,622,6287
0798,湖南大学(长沙市)[公办],,材料科学与工程,,,619,7098
0798,湖南大学(长沙市)[公办],,能源与动力工程,,,623,6003
0798,湖南大学(长沙市)[公办],,电气工程及其自动化,,,627,5092
0798,湖南大学(长沙市)[公办],,电子信息工程,,,626,5302
0798,湖南大学(长沙市)[公办],,电子科学与技术,,,624,5761
0798,湖南大学(长沙市)[公办],,通信工程,,,624,5761
0798,湖南大学(长沙市)[公办],,自动化,,,623,6003
0798,湖南大学(长沙市)[公办],,机器人工程,,,623,6003
0798,湖南大学(长沙市)[公办],,计算机科学与技术,,,629,4660
0798,湖南大学(长沙市)[公办],,计算机科学与技术(拔尖实验班),,,630,4465
0798,湖南大学(长沙市)[公办],,计算机科学与技术(智能班),,,632,4082
0798,湖南大学(长沙市)[公办],,软件工程,,,627,5092
0798,湖南大学(长沙市)[公办],,信息安全,,,626,5302
0798,湖南大学(长沙市)[公办],,土木类,,,617,7638
0798,湖南大学(长沙市)[公办],,建筑环境与能源应用工程,,,616,7907
0798,湖南大学(长沙市)[公办],,给排水科学与工程,,,618,7376
0798,湖南大学(长沙市)[公办],,化学工程与工艺,,,617,7638
0798,湖南大学(长沙市)[公办],,环境科学与工程类,,,618,7376
0798,湖南大学(长沙市)[公办],,生物医学工程,,,622,6287
0798,湖南大学(长沙市)[公办],,建筑学,,,623,6003
0798,湖南大学(长沙市)[公办],,城乡规划,,,620,6814
0798,湖南大学(长沙市)[公办],,工商管理,,,620,6814
0798,湖南大学(长沙市)[公办],,会计学,,,627,5092
0798,湖南大学(长沙市)[公办],,行政管理,,,622,6287
0798,湖南大学(长沙市)[公办],,电子商务,,,620,6814
0801,湖南第一师范学院[公办],,科学教育,,,542,49854
0801,湖南第一师范学院[公办],,小学教育,,,540,51523
0801,湖南第一师范学院[公办],,英语,,,545,47376
0801,湖南第一师范学院[公办],,数学与应用数学,,,544,48201
0801,湖南第一师范学院[公办],,电子信息工程,,,528,61650
0801,湖南第一师范学院[公办],,通信工程,,,526,63346
0801,湖南第一师范学院[公办],,计算机科学与技术,,,529,60756
0801,湖南第一师范学院[公办],,会计学,,,535,55619
0804,湖南工程学院(湘潭市)[公办],,数字经济,,,504,83397
0804,湖南工程学院(湘潭市)[公办],,英语,,,513,74844
0804,湖南工程学院(湘潭市)[公办],,应用化学,,,493,93969
0804,湖南工程学院(湘潭市)[公办],,人工智能,,,514,73932
0804,湖南工程学院(湘潭市)[公办],,纺织工程,,,474,112067
0804,湖南工程学院(湘潭市)[公办],,市场营销,,,504,83397
0804,湖南工程学院(湘潭市)[公办],,电子商务,,,505,82447
0804,湖南工程学院(湘潭市)[公办],,机械设计制造及其自动化(中外合作办学),,,478,108213
0804,湖南工程学院(湘潭市)[公办],,电气工程及其自动化(中外合作办学),,,472,113947
0806,湖南工商大学(长沙市)[公办],,经济学,,,543,49037
0806,湖南工商大学(长沙市)[公办],,电子信息工程,,,539,52338
0806,湖南工商大学(长沙市)[公办],,数据科学与大数据技术,,,546,45883
0806,湖南工商大学(长沙市)[公办],,工商管理类,,,549,44261
0806,湖南工商大学(长沙市)[公办],,会计学,,,548,44990
0807,湖南工学院(衡阳市)[公办],,信息与计算科学,,,505,82447
0807,湖南工学院(衡阳市)[公办],,机械电子工程,,,505,82447
0807,湖南工学院(衡阳市)[公办],,工业设计,,,505,82447
0807,湖南工学院(衡阳市)[公办],,金属材料工程,,,491,95797
0807,湖南工学院(衡阳市)[公办],,通信工程,,,506,81500
0807,湖南工学院(衡阳市)[公办],,自动化,,,506,81500
0807,湖南工学院(衡阳市)[公办],,计算机科学与技术,,,517,71252
0807,湖南工学院(衡阳市)[公办],,网络工程,,,511,76779
0807,湖南工学院(衡阳市)[公办],,物联网工程,,,511,76779
0807,湖南工学院(衡阳市)[公办],,建筑学,,,505,82447
0807,湖南工学院(衡阳市)[公办],,工程造价,,,501,88132
0807,湖南工学院(衡阳市)[公办],,物流管理,,,500,88132
0807,湖南工学院(衡阳市)[公办],,工业工程,,,500,88132
0808,湖南工业大学科技学院[独立学院],,机械设计制造及其自动化,,,456,128454
0808,湖南工业大学科技学院[独立学院],,电气工程及其自动化,,,458,126654
0808,湖南工业大学科技学院[独立学院],,计算机科学与技术,,,462,123141
0808,湖南工业大学科技学院[独立学院],,土木工程,,,449,134515
0808,湖南工业大学科技学院[独立学院],,包装工程,,,444,138829
0809,湖南工业大学(株洲市)[公办],,金融工程,,,542,49854
0809,湖南工业大学(株洲市)[公办],,金融工程(CFA创新实验班),,,540,51523
0809,湖南工业大学(株洲市)[公办],,国际经济与贸易,,,544,48201
0809,湖南工业大学(株洲市)[公办],,法学,,,555,39718
0809,湖南工业大学(株洲市)[公办],,日语,,,546,45883
0809,湖南工业大学(株洲市)[公办],,翻译,,,556,39008
0809,湖南工业大学(株洲市)[公办],,新闻传播学类,,,551,42759
0809,湖南工业大学(株洲市)[公办],,信息与计算科学,,,547,45772
0809,湖南工业大学(株洲市)[公办],,应用物理学,,,540,51523
0809,湖南工业大学(株洲市)[公办],,应用化学,,,543,49037
0809,湖南工业大学(株洲市)[公办],,生物技术,,,536,54791
0809,湖南工业大学(株洲市)[公办],,机械类,,,542,49854
0809,湖南工业大学(株洲市)[公办],,工业设计,,,550,43499
0809,湖南工业大学(株洲市)[公办],,材料类,,,524,65102
0809,湖南工业大学(株洲市)[公办],,材料类,,,537,53967
0809,湖南工业大学(株洲市)[公办],,新能源材料与器件,,,535,55619
0809,湖南工业大学(株洲市)[公办],,电气类,,,548,44990
0809,湖南工业大学(株洲市)[公办],,电气工程及其自动化,,,548,44990
0809,湖南工业大学(株洲市)[公办],,电子信息类,,,546,45883
0809,湖南工业大学(株洲市)[公办],,电子信息工程,,,549,44261
0809,湖南工业大学(株洲市)[公办],,电子科学与技术,,,549,44261
0809,湖南工业大学(株洲市)[公办],,通信工程,,,550,43499
0809,湖南工业大学(株洲市)[公办],,人工智能,,,548,44990
0809,湖南工业大学(株洲市)[公办],,自动化类,,,547,45772
0809,湖南工业大学(株洲市)[公办],,机器人工程,,,551,42759
0809,湖南工业大学(株洲市)[公办],,计算机类,,,554,40472
0809,湖南工业大学(株洲市)[公办],,数字媒体技术,,,556,39008
0809,湖南工业大学(株洲市)[公办],,智能科学与技术,,,551,42759
0809,湖南工业大学(株洲市)[公办],,土木类,,,536,54791
0809,湖南工业大学(株洲市)[公办],,土木工程,,,540,51523
0809,湖南工业大学(株洲市)[公办],,包装工程,,,534,56478
0809,湖南工业大学(株洲市)[公办],,印刷工程,,,501,88132
0809,湖南工业大学(株洲市)[公办],,交通运输类,,,541,50682
0809,湖南工业大学(株洲市)[公办],,环境生态工程,,,535,55619
0809,湖南工业大学(株洲市)[公办],,生物医学工程,,,545,47376
0809,湖南工业大学(株洲市)[公办],,建筑学,,,541,50682
0809,湖南工业大学(株洲市)[公办],,城乡规划,,,536,54791
0809,湖南工业大学(株洲市)[公办],,信息管理与信息系统,,,546,45883
0809,湖南工业大学(株洲市)[公办],,工程造价,,,542,49854
0809,湖南工业大学(株洲市)[公办],,工商管理类,,,542,49854
0809,湖南工业大学(株洲市)[公办],,工商管理,,,562,34751
0809,湖南工业大学(株洲市)[公办],,会计学(ACCA创新实验班),,,544,48201
0809,湖南工业大学(株洲市)[公办],,财务管理,,,544,48201
0815,湖南科技大学(湘潭市)[公办],,经济学,,,574,26972
0815,湖南科技大学(湘潭市)[公办],,金融工程,,,561,35449
0815,湖南科技大学(湘潭市)[公办],,国际经济与贸易,,,559,36873
0815,湖南科技大学(湘潭市)[公办],,法学,,,563,34024
0815,湖南科技大学(湘潭市)[公办],,教育学,,,554,40472
0815,湖南科技大学(湘潭市)[公办],,小学教育,,,555,39718
0815,湖南科技大学(湘潭市)[公办],,汉语国际教育,,,555,39718
0815,湖南科技大学(湘潭市)[公办],,英语,,,562,34751
0815,湖南科技大学(湘潭市)[公办],,日语,,,557,38272
0815,湖南科技大学(湘潭市)[公办],,翻译,,,559,36873
0815,湖南科技大学(湘潭市)[公办],,新闻学,,,566,31393
0815,湖南科技大学(湘潭市)[公办],,广告学,,,559,36873
0815,湖南科技大学(湘潭市)[公办],,数学与应用数学,,,560,36168
0815,湖南科技大学(湘潭市)[公办],,信息与计算科学,,,560,36168
0815,湖南科技大学(湘潭市)[公办],,物理学,,,558,37566
0815,湖南科技大学(湘潭市)[公办],,化学,,,553,41254
0815,湖南科技大学(湘潭市)[公办],,应用化学,,,553,41254
0815,湖南科技大学(湘潭市)[公办],,地理科学,,,556,39008
0815,湖南科技大学(湘潭市)[公办],,地理信息科学,,,557,38272
0815,湖南科技大学(湘潭市)[公办],,应用心理学,,,554,40472
0815,湖南科技大学(湘潭市)[公办],,应用统计学,,,558,37566
0815,湖南科技大学(湘潭市)[公办],,工程力学,,,547,45772
0815,湖南科技大学(湘潭市)[公办],,机械设计制造及其自动化,,,562,34751
0815,湖南科技大学(湘潭市)[公办],,材料成型及控制工程,,,549,44261
0815,湖南科技大学(湘潭市)[公办],,机械电子工程,,,560,36168
0815,湖南科技大学(湘潭市)[公办],,车辆工程,,,557,38272
0815,湖南科技大学(湘潭市)[公办],,智能制造工程,,,560,36168
0815,湖南科技大学(湘潭市)[公办],,测控技术与仪器,,,552,42004
0815,湖南科技大学(湘潭市)[公办],,材料科学与工程,,,542,49854
0815,湖南科技大学(湘潭市)[公办],,智能材料与结构,,,540,51523
0815,湖南科技大学(湘潭市)[公办],,电气工程及其自动化,,,567,31356
0815,湖南科技大学(湘潭市)[公办],,电气工程及其自动化(卓越工程师班),,,570,29403
0815,湖南科技大学(湘潭市)[公办],,电子信息工程,,,562,34751
0815,湖南科技大学(湘潭市)[公办],,通信工程,,,565,32080
0815,湖南科技大学(湘潭市)[公办],,光电信息科学与工程,,,558,37566
0815,湖南科技大学(湘潭市)[公办],,集成电路设计与集成系统,,,561,35449
0815,湖南科技大学(湘潭市)[公办],,电子信息科学与技术,,,561,35449
0815,湖南科技大学(湘潭市)[公办],,自动化,,,563,34024
0815,湖南科技大学(湘潭市)[公办],,机器人工程,,,561,35449
0815,湖南科技大学(湘潭市)[公办],,计算机科学与技术,,,569,30021
0815,湖南科技大学(湘潭市)[公办],,软件工程,,,568,30714
0815,湖南科技大学(湘潭市)[公办],,信息安全,,,567,31356
0815,湖南科技大学(湘潭市)[公办],,物联网工程,,,564,32737
0815,湖南科技大学(湘潭市)[公办],,数据科学与大数据技术,,,565,32080
0815,湖南科技大学(湘潭市)[公办],,土木工程,,,552,42004
0815,湖南科技大学(湘潭市)[公办],,建筑环境与能源应用工程,,,552,42004
0815,湖南科技大学(湘潭市)[公办],,给排水科学与工程,,,549,44261
0815,湖南科技大学(湘潭市)[公办],,化学工程与工艺,,,555,39718
0815,湖南科技大学(湘潭市)[公办],,化学工程与工艺(卓越工程师班),,,553,41254
0815,湖南科技大学(湘潭市)[公办],,制药工程,,,548,44990
0815,湖南科技大学(湘潭市)[公办],,能源化学工程,,,545,47376
0815,湖南科技大学(湘潭市)[公办],,勘查技术与工程,,,546,45883
0815,湖南科技大学(湘潭市)[公办],,采矿工程,,,545,47376
0815,湖南科技大学(湘潭市)[公办],,环境工程,,,549,44261
0815,湖南科技大学(湘潭市)[公办],,建筑学,,,557,38272
0815,湖南科技大学(湘潭市)[公办],,城乡规划,,,551,42759
0815,湖南科技大学(湘潭市)[公办],,风景园林,,,547,45772
0815,湖南科技大学(湘潭市)[公办],,安全工程,,,546,45883
0815,湖南科技大学(湘潭市)[公办],,应急技术与管理,,,546,45883
0815,湖南科技大学(湘潭市)[公办],,生物工程,,,555,39718
0815,湖南科技大学(湘潭市)[公办],,工程管理,,,553,41254
0815,湖南科技大学(湘潭市)[公办],,工商管理,,,553,41254
0815,湖南科技大学(湘潭市)[公办],,市场营销,,,550,43499
0815,湖南科技大学(湘潭市)[公办],,会计学,,,562,34751
0815,湖南科技大学(湘潭市)[公办],,财务管理,,,560,36168
0815,湖南科技大学(湘潭市)[公办],,人力资源管理,,,554,40472
0815,湖南科技大学(湘潭市)[公办],,公共事业管理,,,539,52338
0815,湖南科技大学(湘潭市)[公办],,工业工程,,,548,44990
0815,湖南科技大学(湘潭市)[公办],,电子商务,,,560,36168
0815,湖南科技大学(湘潭市)[公办],,旅游管理,,,537,53967
0816,湖南科技大学潇湘学院[独立学院],,汉语国际教育,,,460,124911
0816,湖南科技大学潇湘学院[独立学院],,英语,,,458,126654
0816,湖南科技大学潇湘学院[独立学院],,机械设计制造及其自动化,,,466,119485
0816,湖南科技大学潇湘学院[独立学院],,电气工程及其自动化,,,462,123141
0816,湖南科技大学潇湘学院[独立学院],,电子信息工程,,,465,120370
0816,湖南科技大学潇湘学院[独立学院],,通信工程,,,462,123141
0816,湖南科技大学潇湘学院[独立学院],,土木工程,,,458,126654
0816,湖南科技大学潇湘学院[独立学院],,建筑学,,,486,100581
0817,湖南科技学院(永州市)[公办],,信息与计算科学,,,499,88132
0817,湖南科技学院(永州市)[公办],,物理学,,,495,91989
0817,湖南科技学院(永州市)[公办],,生物技术,,,498,89072
0817,湖南科技学院(永州市)[公办],,材料化学,,,494,92936
0817,湖南科技学院(永州市)[公办],,计算机科学与技术,,,511,76779
0817,湖南科技学院(永州市)[公办],,测绘工程,,,495,91989
0817,湖南科技学院(永州市)[公办],,制药工程,,,494,92936
0817,湖南科技学院(永州市)[公办],,生物工程,,,497,90044
0817,湖南科技学院(永州市)[公办],,工程管理,,,493,93969
0818,湖南理工学院南湖学院[独立学院],,应用化学,,,449,134515
0818,湖南理工学院南湖学院[独立学院],,机械电子工程,,,510,77713
0818,湖南理工学院南湖学院[独立学院],,电子信息工程,,,452,131939
0819,湖南理工学院(岳阳市)[公办],,机械设计制造及其自动化,,,518,70350
0819,湖南理工学院(岳阳市)[公办],,材料成型及控制工程,,,505,82447
0819,湖南理工学院(岳阳市)[公办],,电子信息工程,,,523,65971
0819,湖南理工学院(岳阳市)[公办],,计算机科学与技术,,,526,63346
0819,湖南理工学院(岳阳市)[公办],,软件工程,,,522,66880
0819,湖南理工学院(岳阳市)[公办],,化学工程与工艺,,,501,88132
0819,湖南理工学院(岳阳市)[公办],,化妆品技术与工程,,,498,89072
0819,湖南理工学院(岳阳市)[公办],,历史建筑保护工程,,,507,80550
0819,湖南理工学院(岳阳市)[公办],,生物工程,,,505,82447
0820,湖南农业大学(长沙市)[公办],,金融学(CFA),,,538,53169
0820,湖南农业大学(长沙市)[公办],,投资学,,,535,55619
0820,湖南农业大学(长沙市)[公办],,日语,,,528,61650
0820,湖南农业大学(长沙市)[公办],,信息与计算科学,,,542,49854
0820,湖南农业大学(长沙市)[公办],,应用化学,,,533,57317
0820,湖南农业大学(长沙市)[公办],,生物科学类,,,538,53169
0820,湖南农业大学(长沙市)[公办],,生物信息学,,,524,65102
0820,湖南农业大学(长沙市)[公办],,生态学,,,531,58995
0820,湖南农业大学(长沙市)[公办],,统计学,,,537,53967
0820,湖南农业大学(长沙市)[公办],,机械类,,,537,53967
0820,湖南农业大学(长沙市)[公办],,电子信息工程,,,539,52338
0820,湖南农业大学(长沙市)[公办],,计算机科学与技术,,,547,45772
0820,湖南农业大学(长沙市)[公办],,物联网工程,,,543,49037
0820,湖南农业大学(长沙市)[公办],,智能科学与技术,,,541,50682
0820,湖南农业大学(长沙市)[公办],,水利水电工程,,,533,57317
0820,湖南农业大学(长沙市)[公办],,环境工程,,,525,64228
0820,湖南农业大学(长沙市)[公办],,环境科学,,,533,57317
0820,湖南农业大学(长沙市)[公办],,风景园林,,,542,49854
0820,湖南农业大学(长沙市)[公办],,设施农业科学与工程,,,514,73932
0820,湖南农业大学(长沙市)[公办],,智慧农业,,,533,57317
0820,湖南农业大学(长沙市)[公办],,农业资源与环境,,,527,62507
0820,湖南农业大学(长沙市)[公办],,动物科学,,,517,71252
0820,湖南农业大学(长沙市)[公办],,动物医学,,,545,47376
0820,湖南农业大学(长沙市)[公办],,动物药学,,,514,73932
0820,湖南农业大学(长沙市)[公办],,草业科学,,,514,73932
0820,湖南农业大学(长沙市)[公办],,中药资源与开发,,,512,75821
0820,湖南农业大学(长沙市)[公办],,公共管理类,,,543,49037
0820,湖南农业大学(长沙市)[公办],,土地资源管理,,,519,69481
0820,湖南农业大学(长沙市)[公办],,电子商务,,,531,58995
0821,湖南农业大学东方科技学院[独立学院],,生物技术,,,443,139702
0822,湖南女子学院(长沙市)[公办],,电子商务,,,484,102507
0824,湖南人文科技学院(娄底市)[公办],,学前教育(中外合作办学),,,456,128454
0827,湖南涉外经济学院(长沙市)[民办],,金融学,,,433,147987
0827,湖南涉外经济学院(长沙市)[民办],,国际经济与贸易,,,432,148796
0827,湖南涉外经济学院(长沙市)[民办],,法学,,,442,140581
0827,湖南涉外经济学院(长沙市)[民办],,学前教育,,,437,144729
0827,湖南涉外经济学院(长沙市)[民办],,汉语言文学,,,450,133684
0827,湖南涉外经济学院(长沙市)[民办],,英语,,,443,139702
0827,湖南涉外经济学院(长沙市)[民办],,网络与新媒体,,,452,131939
0827,湖南涉外经济学院(长沙市)[民办],,机械设计制造及其自动化,,,433,147987
0827,湖南涉外经济学院(长沙市)[民办],,电子信息工程,,,431,149615
0827,湖南涉外经济学院(长沙市)[民办],,自动化,,,437,144729
0827,湖南涉外经济学院(长沙市)[民办],,计算机科学与技术,,,432,148796
0827,湖南涉外经济学院(长沙市)[民办],,软件工程,,,432,148796
0827,湖南涉外经济学院(长沙市)[民办],,软件工程,,,413,162888
0827,湖南涉外经济学院(长沙市)[民办],,物联网工程,,,437,144729
0827,湖南涉外经济学院(长沙市)[民办],,工商管理,,,436,145515
0827,湖南涉外经济学院(长沙市)[民办],,会计学,,,439,143057
0828,湖南师范大学(长沙市)[公办],,经济学类,,,604,11858
0828,湖南师范大学(长沙市)[公办],,知识产权,,,599,13858
0828,湖南师范大学(长沙市)[公办],,外国语言文学类,,,602,12631
0828,湖南师范大学(长沙市)[公办],,新闻传播学类,,,606,11130
0828,湖南师范大学(长沙市)[公办],,物理学类,,,602,12631
0828,湖南师范大学(长沙市)[公办],,化学,,,603,12248
0828,湖南师范大学(长沙市)[公办],,地理科学,,,600,13430
0828,湖南师范大学(长沙市)[公办],,地理信息科学,,,598,14272
0828,湖南师范大学(长沙市)[公办],,生物科学类,,,602,12631
0828,湖南师范大学(长沙市)[公办],,应用心理学,,,597,14703
0828,湖南师范大学(长沙市)[公办],,统计学,,,603,12248
0828,湖南师范大学(长沙市)[公办],,机械设计制造及其自动化,,,595,15596
0828,湖南师范大学(长沙市)[公办],,通信工程,,,599,13858
0828,湖南师范大学(长沙市)[公办],,电子信息科学与技术,,,599,13858
0828,湖南师范大学(长沙市)[公办],,人工智能,,,600,13430
0828,湖南师范大学(长沙市)[公办],,计算机科学与技术,,,604,11858
0828,湖南师范大学(长沙市)[公办],,软件工程,,,600,13430
0828,湖南师范大学(长沙市)[公办],,物联网工程,,,599,13858
0828,湖南师范大学(长沙市)[公办],,数据科学与大数据技术,,,600,13430
0828,湖南师范大学(长沙市)[公办],,化工与制药类,,,591,17508
0828,湖南师范大学(长沙市)[公办],,临床医学,,,605,11477
0828,湖南师范大学(长沙市)[公办],,预防医学,,,589,18507
0828,湖南师范大学(长沙市)[公办],,药学,,,592,16998
0828,湖南师范大学(长沙市)[公办],,工商管理类,,,599,13858
0828,湖南师范大学(长沙市)[公办],,旅游管理类,,,582,22261
0829,湖南师范大学树达学院[独立学院],,金融学,,,466,119485
0829,湖南师范大学树达学院[独立学院],,英语,,,460,124911
0829,湖南师范大学树达学院[独立学院],,数学与应用数学,,,457,127518
0829,湖南师范大学树达学院[独立学院],,临床医学,,,459,125856
0836,湖南文理学院(常德市)[公办],,数学与应用数学,,,512,75821
0836,湖南文理学院(常德市)[公办],,化学,,,501,88132
0836,湖南文理学院(常德市)[公办],,软件工程,,,515,73018
0836,湖南文理学院(常德市)[公办],,机械设计制造及其自动化(中外合作办学),,,470,115794
0836,湖南文理学院(常德市)[公办],,信息管理与信息系统(中外合作办学),,,466,119485
0837,湖南文理学院芙蓉学院(常德市)[独立学院],,电子信息科学与技术,,,455,129310
0837,湖南文理学院芙蓉学院(常德市)[独立学院],,计算机科学与技术,,,452,131939
0840,湖南医药学院(怀化市)[公办],,临床医学,,,523,65971
0840,湖南医药学院(怀化市)[公办],,医学影像学,,,527,62507
0840,湖南医药学院(怀化市)[公办],,药学,,,506,81500
0842,湖南中医药大学[公办],,运动康复,,,531,58995
0842,湖南中医药大学[公办],,英语,,,540,51523
0842,湖南中医药大学[公办],,应用心理学,,,541,50682
0842,湖南中医药大学[公办],,医学信息工程,,,547,45772
0842,湖南中医药大学[公办],,计算机科学与技术,,,549,44261
0842,湖南中医药大学[公办],,制药工程,,,534,56478
0842,湖南中医药大学[公办],,食品科学与工程,,,527,62507
0842,湖南中医药大学[公办],,生物工程,,,527,62507
0842,湖南中医药大学[公办],,临床医学,,,574,26972
0842,湖南中医药大学[公办],,医学影像学,,,546,45883
0842,湖南中医药大学[公办],,口腔医学,,,574,26972
0842,湖南中医药大学[公办],,中医学(卓越1班、5+3一体化),,,592,16998
0842,湖南中医药大学[公办],,中医学,,,563,34024
0842,湖南中医药大学[公办],,中医学(卓越2班、5+3一体化),,,581,22793
0842,湖南中医药大学[公办],,中医学(卓越3班、5+3一体化),,,591,17508
0842,湖南中医药大学[公办],,针灸推拿学,,,555,39718
0842,湖南中医药大学[公办],,中医康复学,,,536,54791
0842,湖南中医药大学[公办],,中医养生学,,,537,53967
0842,湖南中医药大学[公办],,中医儿科学,,,545,47376
0842,湖南中医药大学[公办],,中医骨伤科学,,,542,49854
0842,湖南中医药大学[公办],,中西医临床医学,,,556,39008
0842,湖南中医药大学[公办],,药学,,,542,49854
0842,湖南中医药大学[公办],,药物制剂,,,529,60756
0842,湖南中医药大学[公办],,中药学,,,539,52338
0842,湖南中医药大学[公办],,中药资源与开发,,,531,58995
0842,湖南中医药大学[公办],,医学检验技术,,,537,53967
0842,湖南中医药大学[公办],,康复治疗学,,,527,62507
0842,湖南中医药大学[公办],,护理学,,,522,66880
0842,湖南中医药大学[公办],,信息管理与信息系统,,,533,57317
0842,湖南中医药大学[公办],,市场营销,,,523,65971
0842,湖南中医药大学[公办],,公共事业管理,,,523,65971
0843,湖州师范学院[公办],,俄语,,,518,70350
0843,湖州师范学院[公办],,机械设计制造及其自动化,,,512,75821
0843,湖州师范学院[公办],,电气工程及其自动化,,,512,75821
0843,湖州师范学院[公办],,电子信息类,,,519,69481
0843,湖州师范学院[公办],,计算机类,,,521,67756
0843,湖州师范学院[公办],,生物工程类,,,508,79620
0843,湖州师范学院[公办],,临床医学,,,519,69481
0844,湖州学院[公办],,英语,,,500,88132
0844,湖州学院[公办],,机械设计制造及其自动化,,,478,108213
0844,湖州学院[公办],,材料化学,,,473,113007
0844,湖州学院[公办],,电气工程及其自动化,,,484,102507
0844,湖州学院[公办],,电子信息类,,,494,92936
0844,湖州学院[公办],,物流管理,,,476,110122
0845,华北电力大学(保定)[公办],,经济学类,,,604,11858
0845,华北电力大学(保定)[公办],,法学类,,,607,10760
0845,华北电力大学(保定)[公办],,数学类,,,606,11130
0845,华北电力大学(保定)[公办],,物理学类,,,605,11477
0845,华北电力大学(保定)[公办],,机械类,,,602,12631
0845,华北电力大学(保定)[公办],,能源动力类(能动),,,608,10398
0845,华北电力大学(保定)[公办],,能源动力类(储能),,,607,10760
0845,华北电力大学(保定)[公办],,电气类,,,616,7907
0845,华北电力大学(保定)[公办],,电子信息类,,,612,9070
0845,华北电力大学(保定)[公办],,自动化类,,,608,10398
0845,华北电力大学(保定)[公办],,计算机类,,,608,10398
0845,华北电力大学(保定)[公办],,土木类,,,600,13430
0845,华北电力大学(保定)[公办],,环境科学与工程类,,,593,16515
0845,华北电力大学(保定)[公办],,管理科学与工程类,,,600,13430
0845,华北电力大学(保定)[公办],,工商管理类,,,600,13430
0845,华北电力大学(保定)[公办],,公共管理类,,,600,13430
0845,华北电力大学(保定)[公办],,工业工程类,,,607,10760
0847,华北电力大学(北京)[公办],,经济学类,,,623,6003
0847,华北电力大学(北京)[公办],,法学类,,,621,6561
0847,华北电力大学(北京)[公办],,数学类,,,620,6814
0847,华北电力大学(北京)[公办],,物理学类,,,619,7098
0847,华北电力大学(北京)[公办],,机械类,,,619,7098
0847,华北电力大学(北京)[公办],,材料类,,,617,7638
0847,华北电力大学(北京)[公办],,能源动力类(能动),,,618,7376
0847,华北电力大学(北京)[公办],,能源动力类(储能),,,617,7638
0847,华北电力大学(北京)[公办],,能源动力类(新能源),,,618,7376
0847,华北电力大学(北京)[公办],,电气类,,,632,4082
0847,华北电力大学(北京)[公办],,电子信息类,,,624,5761
0847,华北电力大学(北京)[公办],,自动化类,,,622,6287
0847,华北电力大学(北京)[公办],,计算机类,,,622,6287
0847,华北电力大学(北京)[公办],,水利类,,,610,9711
0847,华北电力大学(北京)[公办],,核工程类,,,615,8162
0847,华北电力大学(北京)[公办],,环境科学与工程类,,,611,9385
0847,华北电力大学(北京)[公办],,管理科学与工程类,,,616,7907
0847,华北电力大学(北京)[公办],,工商管理类,,,613,8757
0847,华北电力大学(北京)[公办],,公共管理类,,,618,7376
0847,华北电力大学(北京)[公办],,物流管理与工程类(供应链),,,616,7907
0850,华北科技学院(廊坊市)[公办],,应用化学,,,501,88132
0850,华北科技学院(廊坊市)[公办],,地理信息科学,,,503,84351
0850,华北科技学院(廊坊市)[公办],,防灾减灾科学与工程,,,513,74844
0850,华北科技学院(廊坊市)[公办],,应用统计学,,,505,82447
0850,华北科技学院(廊坊市)[公办],,机械设计制造及其自动化,,,517,71252
0850,华北科技学院(廊坊市)[公办],,材料成型及控制工程,,,497,90044
0850,华北科技学院(廊坊市)[公办],,材料科学与工程,,,494,92936
0850,华北科技学院(廊坊市)[公办],,电气工程及其自动化,,,521,67756
0850,华北科技学院(廊坊市)[公办],,电子信息工程,,,513,74844
0850,华北科技学院(廊坊市)[公办],,自动化,,,516,72111
0850,华北科技学院(廊坊市)[公办],,计算机科学与技术,,,523,65971
0850,华北科技学院(廊坊市)[公办],,软件工程,,,517,71252
0850,华北科技学院(廊坊市)[公办],,网络工程,,,511,76779
0850,华北科技学院(廊坊市)[公办],,物联网工程,,,509,78673
0850,华北科技学院(廊坊市)[公办],,数据科学与大数据技术,,,513,74844
0850,华北科技学院(廊坊市)[公办],,土木工程,,,507,80550
0850,华北科技学院(廊坊市)[公办],,建筑电气与智能化,,,505,82447
0850,华北科技学院(廊坊市)[公办],,城市地下空间工程,,,499,88132
0850,华北科技学院(廊坊市)[公办],,采矿工程,,,491,95797
0850,华北科技学院(廊坊市)[公办],,矿物加工工程,,,493,93969
0850,华北科技学院(廊坊市)[公办],,环境科学,,,498,89072
0850,华北科技学院(廊坊市)[公办],,安全工程,,,507,80550
0850,华北科技学院(廊坊市)[公办],,应急技术与管理,,,511,76779
0850,华北科技学院(廊坊市)[公办],,信息管理与信息系统,,,505,82447
0850,华北科技学院(廊坊市)[公办],,工程管理,,,501,88132
0850,华北科技学院(廊坊市)[公办],,应急管理,,,508,79620
0850,华北科技学院(廊坊市)[公办],,公共事业管理,,,500,88132
0850,华北科技学院(廊坊市)[公办],,安全工程(中外合作办学)(职业安全与公共健康),,,476,110122
0851,华北理工大学[公办],,经济统计学,,,528,61650
0851,华北理工大学[公办],,金融学,,,539,52338
0851,华北理工大学[公办],,国际经济与贸易,,,528,61650
0851,华北理工大学[公办],,法学,,,539,52338
0851,华北理工大学[公办],,汉语国际教育,,,539,52338
0851,华北理工大学[公办],,英语,,,544,48201
0851,华北理工大学[公办],,日语,,,534,56478
0851,华北理工大学[公办],,匈牙利语,,,501,88132
0851,华北理工大学[公办],,翻译,,,532,58171
0851,华北理工大学[公办],,数学与应用数学,,,536,54791
0851,华北理工大学[公办],,信息与计算科学,,,532,58171
0851,华北理工大学[公办],,应用物理学,,,528,61650
0851,华北理工大学[公办],,化学,,,526,63346
0851,华北理工大学[公办],,应用化学,,,519,69481
0851,华北理工大学[公办],,生物科学类,,,513,74844
0851,华北理工大学[公办],,应用心理学,,,531,58995
0851,华北理工大学[公办],,机械设计制造及其自动化,,,538,53169
0851,华北理工大学[公办],,材料成型及控制工程,,,513,74844
0851,华北理工大学[公办],,工业设计,,,526,63346
0851,华北理工大学[公办],,过程装备与控制工程,,,519,69481
0851,华北理工大学[公办],,车辆工程,,,529,60756
0851,华北理工大学[公办],,测控技术与仪器,,,522,66880
0851,华北理工大学[公办],,材料类,,,500,88132
0851,华北理工大学[公办],,材料化学,,,511,76779
0851,华北理工大学[公办],,无机非金属材料工程,,,506,81500
0851,华北理工大学[公办],,高分子材料与工程,,,518,70350
0851,华北理工大学[公办],,复合材料与工程,,,508,79620
0851,华北理工大学[公办],,能源动力类,,,525,64228
0851,华北理工大学[公办],,电气工程及其自动化,,,545,47376
0851,华北理工大学[公办],,电子信息工程,,,539,52338
0851,华北理工大学[公办],,电子科学与技术,,,534,56478
0851,华北理工大学[公办],,通信工程,,,536,54791
0851,华北理工大学[公办],,自动化,,,536,54791
0851,华北理工大学[公办],,计算机科学与技术,,,545,47376
0851,华北理工大学[公办],,网络工程,,,540,51523
0851,华北理工大学[公办],,智能科学与技术,,,535,55619
0851,华北理工大学[公办],,数据科学与大数据技术,,,537,53967
0851,华北理工大学[公办],,土木工程,,,530,59831
0851,华北理工大学[公办],,建筑环境与能源应用工程,,,517,71252
0851,华北理工大学[公办],,给排水科学与工程,,,519,69481
0851,华北理工大学[公办],,测绘工程,,,512,75821
0851,华北理工大学[公办],,化学工程与工艺,,,520,68600
0851,华北理工大学[公办],,能源化学工程,,,511,76779
0851,华北理工大学[公办],,矿业类,,,495,91989
0851,华北理工大学[公办],,交通运输,,,526,63346
0851,华北理工大学[公办],,建筑学,,,534,56478
0851,华北理工大学[公办],,安全科学与工程类,,,509,78673
0851,华北理工大学[公办],,临床医学,,,558,37566
0851,华北理工大学[公办],,麻醉学,,,549,44261
0851,华北理工大学[公办],,医学影像学,,,548,44990
0851,华北理工大学[公办],,精神医学,,,512,75821
0851,华北理工大学[公办],,口腔医学,,,563,34024
0851,华北理工大学[公办],,预防医学,,,524,65102
0851,华北理工大学[公办],,中医学,,,535,55619
0851,华北理工大学[公办],,针灸推拿学,,,534,56478
0851,华北理工大学[公办],,中西医临床医学,,,539,52338
0851,华北理工大学[公办],,药学,,,512,75821
0851,华北理工大学[公办],,药物制剂,,,513,74844
0851,华北理工大学[公办],,中药学,,,510,77713
0851,华北理工大学[公办],,医学检验技术,,,534,56478
0851,华北理工大学[公办],,医学实验技术,,,523,65971
0851,华北理工大学[公办],,康复治疗学,,,503,84351
0851,华北理工大学[公办],,卫生检验与检疫,,,515,73018
0851,华北理工大学[公办],,智能医学工程,,,518,70350
0851,华北理工大学[公办],,护理学,,,512,75821
0851,华北理工大学[公办],,信息管理与信息系统,,,529,60756
0851,华北理工大学[公办],,工程管理,,,522,66880
0851,华北理工大学[公办],,工商管理,,,535,55619
0851,华北理工大学[公办],,会计学,,,543,49037
0851,华北理工大学[公办],,公共事业管理,,,519,69481
0851,华北理工大学[公办],,物流工程,,,521,67756
0851,华北理工大学[公办],,工业工程,,,521,67756
0851,华北理工大学[公办],,化学(中外合作办学),,,422,156398
0851,华北理工大学[公办],,机械设计制造及其自动化(中外合作办学),,,480,106344
0851,华北理工大学[公办],,电气工程及其自动化(中外合作办学),,,491,95797
0852,华北理工大学(地方专项计划)[公办],,经济统计学,,,529,60756
0852,华北理工大学(地方专项计划)[公办],,金融学,,,558,37566
0852,华北理工大学(地方专项计划)[公办],,国际经济与贸易,,,531,58995
0852,华北理工大学(地方专项计划)[公办],,法学,,,532,58171
0852,华北理工大学(地方专项计划)[公办],,英语,,,541,50682
0852,华北理工大学(地方专项计划)[公办],,翻译,,,540,51523
0852,华北理工大学(地方专项计划)[公办],,应用物理学,,,528,61650
0852,华北理工大学(地方专项计划)[公办],,生物科学类,,,525,64228
0852,华北理工大学(地方专项计划)[公办],,应用心理学,,,527,62507
0852,华北理工大学(地方专项计划)[公办],,机械设计制造及其自动化,,,542,49854
0852,华北理工大学(地方专项计划)[公办],,材料类,,,513,74844
0852,华北理工大学(地方专项计划)[公办],,材料化学,,,517,71252
0852,华北理工大学(地方专项计划)[公办],,无机非金属材料工程,,,521,67756
0852,华北理工大学(地方专项计划)[公办],,复合材料与工程,,,509,78673
0852,华北理工大学(地方专项计划)[公办],,能源动力类,,,540,51523
0852,华北理工大学(地方专项计划)[公办],,电气工程及其自动化,,,543,49037
0852,华北理工大学(地方专项计划)[公办],,计算机科学与技术,,,549,44261
0852,华北理工大学(地方专项计划)[公办],,智能科学与技术,,,545,47376
0852,华北理工大学(地方专项计划)[公办],,给排水科学与工程,,,523,65971
0852,华北理工大学(地方专项计划)[公办],,测绘工程,,,520,68600
0852,华北理工大学(地方专项计划)[公办],,化学工程与工艺,,,524,65102
0852,华北理工大学(地方专项计划)[公办],,矿业类,,,502,85294
0852,华北理工大学(地方专项计划)[公办],,安全科学与工程类,,,510,77713
0852,华北理工大学(地方专项计划)[公办],,临床医学,,,558,37566
0852,华北理工大学(地方专项计划)[公办],,麻醉学,,,554,40472
0852,华北理工大学(地方专项计划)[公办],,精神医学,,,521,67756
0852,华北理工大学(地方专项计划)[公办],,预防医学,,,530,59831
0852,华北理工大学(地方专项计划)[公办],,中医学,,,543,49037
0852,华北理工大学(地方专项计划)[公办],,针灸推拿学,,,540,51523
0852,华北理工大学(地方专项计划)[公办],,中西医临床医学,,,542,49854
0852,华北理工大学(地方专项计划)[公办],,药学,,,523,65971
0852,华北理工大学(地方专项计划)[公办],,康复治疗学,,,505,82447
0852,华北理工大学(地方专项计划)[公办],,卫生检验与检疫,,,515,73018
0852,华北理工大学(地方专项计划)[公办],,护理学,,,510,77713
0852,华北理工大学(地方专项计划)[公办],,信息管理与信息系统,,,538,53169
0852,华北理工大学(地方专项计划)[公办],,工程管理,,,523,65971
0852,华北理工大学(地方专项计划)[公办],,工商管理,,,536,54791
0852,华北理工大学(地方专项计划)[公办],,会计学,,,544,48201
0852,华北理工大学(地方专项计划)[公办],,公共事业管理,,,520,68600
0854,华北理工大学冀唐学院[独立学院],,法学,,,473,113007
0854,华北理工大学冀唐学院[独立学院],,英语,,,470,115794
0854,华北理工大学冀唐学院[独立学院],,临床医学,,,466,119485
0854,华北理工大学冀唐学院[独立学院],,口腔医学,,,490,96770
0854,华北理工大学冀唐学院[独立学院],,中医学,,,469,116739
0854,华北理工大学冀唐学院[独立学院],,药学,,,457,127518
0854,华北理工大学冀唐学院[独立学院],,医学影像技术,,,466,119485
0854,华北理工大学冀唐学院[独立学院],,护理学,,,458,126654
0856,华北理工大学轻工学院[独立学院],,国际经济与贸易,,,421,157137
0856,华北理工大学轻工学院[独立学院],,学前教育,,,434,147162
0856,华北理工大学轻工学院[独立学院],,英语,,,423,155642
0856,华北理工大学轻工学院[独立学院],,机械设计制造及其自动化,,,420,157892
0856,华北理工大学轻工学院[独立学院],,机械电子工程,,,420,157892
0856,华北理工大学轻工学院[独立学院],,能源与动力工程,,,420,157892
0856,华北理工大学轻工学院[独立学院],,电气工程及其自动化,,,419,158594
0856,华北理工大学轻工学院[独立学院],,通信工程,,,420,157892
0856,华北理工大学轻工学院[独立学院],,计算机科学与技术,,,423,155642
0856,华北理工大学轻工学院[独立学院],,软件工程,,,422,156398
0856,华北理工大学轻工学院[独立学院],,物联网工程,,,421,157137
0856,华北理工大学轻工学院[独立学院],,土木工程,,,422,156398
0856,华北理工大学轻工学院[独立学院],,工程造价,,,421,157137
0856,华北理工大学轻工学院[独立学院],,工商管理,,,425,154215
0856,华北理工大学轻工学院[独立学院],,财务管理,,,423,155642
0857,华北理工大学(少数民族预科班)[公办],,预科班,,,498,89072
0858,华北水利水电大学(郑州市)[公办],,经济学,,,545,47376
0858,华北水利水电大学(郑州市)[公办],,数学与应用数学,,,554,40472
0858,华北水利水电大学(郑州市)[公办],,工程力学,,,542,49854
0858,华北水利水电大学(郑州市)[公办],,机械类,,,547,45772
0858,华北水利水电大学(郑州市)[公办],,材料成型及控制工程,,,552,42004
0858,华北水利水电大学(郑州市)[公办],,能源与动力工程(热动),,,554,40472
0858,华北水利水电大学(郑州市)[公办],,电气工程及其自动化,,,564,32737
0858,华北水利水电大学(郑州市)[公办],,电子科学与技术,,,550,43499
0858,华北水利水电大学(郑州市)[公办],,光电信息科学与工程,,,548,44990
0858,华北水利水电大学(郑州市)[公办],,人工智能,,,550,43499
0858,华北水利水电大学(郑州市)[公办],,自动化类,,,551,42759
0858,华北水利水电大学(郑州市)[公办],,计算机科学与技术,,,559,36873
0858,华北水利水电大学(郑州市)[公办],,土木工程(岩土工程及地下建筑),,,541,50682
0858,华北水利水电大学(郑州市)[公办],,土木工程,,,548,44990
0858,华北水利水电大学(郑州市)[公办],,给排水科学与工程,,,545,47376
0858,华北水利水电大学(郑州市)[公办],,道路桥梁与渡河工程,,,548,44990
0858,华北水利水电大学(郑州市)[公办],,水利水电工程,,,558,37566
0858,华北水利水电大学(郑州市)[公办],,水文与水资源工程,,,548,44990
0858,华北水利水电大学(郑州市)[公办],,港口航道与海岸工程,,,543,49037
0858,华北水利水电大学(郑州市)[公办],,测绘工程,,,538,53169
0858,华北水利水电大学(郑州市)[公办],,地质工程,,,538,53169
0858,华北水利水电大学(郑州市)[公办],,交通工程,,,546,45883
0858,华北水利水电大学(郑州市)[公办],,核工程与核技术,,,545,47376
0858,华北水利水电大学(郑州市)[公办],,建筑类,,,545,47376
0858,华北水利水电大学(郑州市)[公办],,消防工程,,,539,52338
0858,华北水利水电大学(郑州市)[公办],,信息管理与信息系统,,,548,44990
0858,华北水利水电大学(郑州市)[公办],,工程造价,,,550,43499
0858,华北水利水电大学(郑州市)[公办],,市场营销,,,542,49854
0858,华北水利水电大学(郑州市)[公办],,工业工程,,,544,48201
0858,华北水利水电大学(郑州市)[公办],,机械设计制造及其自动化(中外合作办学),,,519,69481
0858,华北水利水电大学(郑州市)[公办],,能源与动力工程(中外合作办学)(热动),,,503,84351
0858,华北水利水电大学(郑州市)[公办],,土木工程(中外合作办学),,,503,84351
0858,华北水利水电大学(郑州市)[公办],,给排水科学与工程(中外合作办学),,,500,88132
0858,华北水利水电大学(郑州市)[公办],,测绘工程(中外合作办学),,,498,89072
0858,华北水利水电大学(郑州市)[公办],,地质工程(中外合作办学)(灾害管理),,,493,93969
0858,华北水利水电大学(郑州市)[公办],,建筑学(中外合作办学),,,504,83397
0858,华北水利水电大学(郑州市)[公办],,物流管理(中外合作办学),,,495,91989
0859,华东交通大学(南昌市)[公办],,经济统计学,,,560,36168
0859,华东交通大学(南昌市)[公办],,金融学,,,565,32080
0859,华东交通大学(南昌市)[公办],,葡萄牙语,,,542,49854
0859,华东交通大学(南昌市)[公办],,信息与计算科学,,,564,32737
0859,华东交通大学(南昌市)[公办],,机械设计制造及其自动化,,,559,36873
0859,华东交通大学(南昌市)[公办],,材料成型及控制工程,,,551,42759
0859,华东交通大学(南昌市)[公办],,机械电子工程,,,561,35449
0859,华东交通大学(南昌市)[公办],,车辆工程,,,556,39008
0859,华东交通大学(南昌市)[公办],,智能制造工程,,,557,38272
0859,华东交通大学(南昌市)[公办],,测控技术与仪器,,,557,38272
0859,华东交通大学(南昌市)[公办],,高分子材料与工程,,,549,44261
0859,华东交通大学(南昌市)[公办],,电气工程及其自动化,,,569,30021
0859,华东交通大学(南昌市)[公办],,通信工程,,,565,32080
0859,华东交通大学(南昌市)[公办],,光电信息科学与工程,,,561,35449
0859,华东交通大学(南昌市)[公办],,人工智能,,,564,32737
0859,华东交通大学(南昌市)[公办],,自动化类,,,564,32737
0859,华东交通大学(南昌市)[公办],,计算机类,,,570,29403
0859,华东交通大学(南昌市)[公办],,软件工程,,,569,30021
0859,华东交通大学(南昌市)[公办],,软件工程(道铁工程),,,561,35449
0859,华东交通大学(南昌市)[公办],,软件工程(桥梁工程),,,561,35449
0859,华东交通大学(南昌市)[公办],,软件工程(轨道信号),,,567,31356
0859,华东交通大学(南昌市)[公办],,软件工程(铁道运输工程),,,559,36873
0859,华东交通大学(南昌市)[公办],,土木工程,,,556,39008
0859,华东交通大学(南昌市)[公办],,建筑环境与能源应用工程,,,545,47376
0859,华东交通大学(南昌市)[公办],,给排水科学与工程,,,553,41254
0859,华东交通大学(南昌市)[公办],,建筑电气与智能化,,,557,38272
0859,华东交通大学(南昌市)[公办],,铁道工程,,,559,36873
0859,华东交通大学(南昌市)[公办],,测绘工程,,,554,40472
0859,华东交通大学(南昌市)[公办],,交通运输,,,557,38272
0859,华东交通大学(南昌市)[公办],,交通工程,,,558,37566
0859,华东交通大学(南昌市)[公办],,环境工程,,,538,53169
0859,华东交通大学(南昌市)[公办],,建筑学,,,557,38272
0859,华东交通大学(南昌市)[公办],,会计学,,,567,31356
0859,华东交通大学(南昌市)[公办],,人力资源管理,,,561,35449
0859,华东交通大学(南昌市)[公办],,物流管理,,,557,38272
0859,华东交通大学(南昌市)[公办],,物流工程,,,543,49037
0859,华东交通大学(南昌市)[公办],,车辆工程(中外合作办学),,,533,57317
0859,华东交通大学(南昌市)[公办],,工程管理(中外合作办学),,,531,58995
0860,华东理工大学(上海市)[公办],,工科试验班(智能与机器人),,,619,7098
0860,华东理工大学(上海市)[公办],,经济学类,,,616,7907
0860,华东理工大学(上海市)[公办],,数学类,,,618,7376
0860,华东理工大学(上海市)[公办],,物理学类,,,616,7907
0860,华东理工大学(上海市)[公办],,化学类,,,608,10398
0860,华东理工大学(上海市)[公办],,应用化学(双学士学位项目),,,613,8757
0860,华东理工大学(上海市)[公办],,机械类(机械智能化实验班),,,614,8462
0860,华东理工大学(上海市)[公办],,材料类,,,607,10760
0860,华东理工大学(上海市)[公办],,能源动力类(能源与环境实验班),,,612,9070
0860,华东理工大学(上海市)[公办],,能源与动力工程(双学士学位项目),,,617,7638
0860,华东理工大学(上海市)[公办],,电子信息类,,,622,6287
0860,华东理工大学(上海市)[公办],,计算机类,,,622,6287
0860,华东理工大学(上海市)[公办],,化工与制药类(国际卓越工程师班),,,617,7638
0860,华东理工大学(上海市)[公办],,化工与制药类(智慧化工实验班),,,609,10048
0860,华东理工大学(上海市)[公办],,风景园林(景观建筑规划方向),,,611,9385
0860,华东理工大学(上海市)[公办],,生物工程类,,,608,10398
0860,华东理工大学(上海市)[公办],,药学,,,606,11130
0860,华东理工大学(上海市)[公办],,管理科学与工程类,,,616,7907
0860,华东理工大学(上海市)[公办],,工商管理类,,,613,8757
0863,华东师范大学(上海市)[公办],,金融学类,,,643,2296
0863,华东师范大学(上海市)[公办],,金融学(双学位),,,650,1536
0863,华东师范大学(上海市)[公办],,教育技术学(双学位),,,640,2729
0863,华东师范大学(上海市)[公办],,教育技术学,,,638,3025
0863,华东师范大学(上海市)[公办],,数学与应用数学,,,643,2296
0863,华东师范大学(上海市)[公办],,物理学类,,,642,2440
0863,华东师范大学(上海市)[公办],,化学,,,636,3358
0863,华东师范大学(上海市)[公办],,地理科学,,,636,3358
0863,华东师范大学(上海市)[公办],,人文地理与城乡规划,,,635,3527
0863,华东师范大学(上海市)[公办],,生物科学类,,,635,3527
0863,华东师范大学(上海市)[公办],,心理学类,,,638,3025
0863,华东师范大学(上海市)[公办],,统计学类,,,642,2440
0863,华东师范大学(上海市)[公办],,通信工程,,,637,3196
0863,华东师范大学(上海市)[公办],,微电子科学与工程,,,640,2729
0863,华东师范大学(上海市)[公办],,计算机科学与技术,,,642,2440
0863,华东师范大学(上海市)[公办],,软件工程,,,645,2065
0863,华东师范大学(上海市)[公办],,数据科学与大数据技术,,,643,2296
0863,华东师范大学(上海市)[公办],,环境科学与工程类,,,634,3706
0863,华东师范大学(上海市)[公办],,工商管理类,,,639,2876
0866,华东政法大学(上海市)[公办],,经济学类,,,608,10398
0866,华东政法大学(上海市)[公办],,法学类,,,616,7907
0867,华南理工大学(广州市)[公办],,经济学类,,,634,3706
0867,华南理工大学(广州市)[公办],,经济学(创新班),,,642,2440
0867,华南理工大学(广州市)[公办],,传播学(2加2联合班),,,632,4082
0867,华南理工大学(广州市)[公办],,数学类,,,634,3706
0867,华南理工大学(广州市)[公办],,物理学类,,,635,3527
0867,华南理工大学(广州市)[公办],,应用物理学(严济慈英才班),,,637,3196
0867,华南理工大学(广州市)[公办],,生物科学类,,,631,4285
0867,华南理工大学(广州市)[公办],,工程力学(创新班),,,634,3706
0867,华南理工大学(广州市)[公办],,机械类(创新班),,,637,3196
0867,华南理工大学(广州市)[公办],,机械类,,,631,4285
0867,华南理工大学(广州市)[公办],,工业设计,,,632,4082
0867,华南理工大学(广州市)[公办],,材料类(全英创新班),,,633,3898
0867,华南理工大学(广州市)[公办],,材料类,,,629,4660
0867,华南理工大学(广州市)[公办],,电气类,,,633,3898
0867,华南理工大学(广州市)[公办],,信息工程(创新班),,,637,3196
0867,华南理工大学(广州市)[公办],,信息工程,,,636,3358
0867,华南理工大学(广州市)[公办],,自动化类,,,635,3527
0867,华南理工大学(广州市)[公办],,计算机类,,,639,2876
0867,华南理工大学(广州市)[公办],,计算机科学与技术(全英创新班),,,643,2296
0867,华南理工大学(广州市)[公办],,软件工程(卓越班),,,641,2584
0867,华南理工大学(广州市)[公办],,软件工程,,,636,3358
0867,华南理工大学(广州市)[公办],,土木类,,,629,4660
0867,华南理工大学(广州市)[公办],,土木工程(卓越全英班),,,631,4285
0867,华南理工大学(广州市)[公办],,化工与制药类,,,631,4285
0867,华南理工大学(广州市)[公办],,轻工类,,,632,4082
0867,华南理工大学(广州市)[公办],,交通运输类,,,631,4285
0867,华南理工大学(广州市)[公办],,环境科学与工程类,,,630,4465
0867,华南理工大学(广州市)[公办],,食品科学与工程类,,,628,4860
0867,华南理工大学(广州市)[公办],,建筑学,,,643,2296
0867,华南理工大学(广州市)[公办],,城乡规划,,,634,3706
0867,华南理工大学(广州市)[公办],,风景园林,,,641,2584
0867,华南理工大学(广州市)[公办],,临床医学,,,632,4082
0867,华南理工大学(广州市)[公办],,工商管理类,,,632,4082
0867,华南理工大学(广州市)[公办],,工商管理(全英班),,,631,4285
0867,华南理工大学(广州市)[公办],,会计学,,,632,4082
0869,华南农业大学(广州市)[公办],,应用化学,,,564,32737
0869,华南农业大学(广州市)[公办],,生物科学(国家生物学理科基地班),,,568,30714
0869,华南农业大学(广州市)[公办],,生物科学,,,569,30021
0869,华南农业大学(广州市)[公办],,生物技术,,,577,25118
0869,华南农业大学(广州市)[公办],,能源与环境系统工程,,,563,34024
0869,华南农业大学(广州市)[公办],,电子信息工程,,,575,26354
0869,华南农业大学(广州市)[公办],,电子科学与技术,,,573,27552
0869,华南农业大学(广州市)[公办],,光电信息科学与工程,,,571,28818
0869,华南农业大学(广州市)[公办],,电子信息科学与技术,,,578,24508
0869,华南农业大学(广州市)[公办],,土木工程,,,563,34024
0869,华南农业大学(广州市)[公办],,包装工程,,,553,41254
0869,华南农业大学(广州市)[公办],,生物工程,,,575,26354
0869,华南农业大学(广州市)[公办],,农学,,,563,34024
0869,华南农业大学(广州市)[公办],,园艺,,,562,34751
0869,华南农业大学(广州市)[公办],,林学,,,562,34751
0869,华南农业大学(广州市)[公办],,生物科学(中外合作办学)(与爱尔兰都柏林大学合作办学),,,522,66880
0869,华南农业大学(广州市)[公办],,食品质量与安全(中外合作办学)(与爱尔兰都柏林大学合作办学),,,533,57317
0869,华南农业大学(广州市)[公办],,园艺(中外合作办学)(与爱尔兰都柏林大学合作办学),,,530,59831
0871,华南农业大学珠江学院[独立学院],,会计学,,,430,150433
0872,华南师范大学(广州市)[公办],,数学与应用数学(师范),,,604,11858
0872,华南师范大学(广州市)[公办],,物理学(师范),,,603,12248
0872,华南师范大学(广州市)[公办],,心理学(师范),,,608,10398
0872,华南师范大学(广州市)[公办],,计算机科学与技术(师范),,,600,13430
0872,华南师范大学(广州市)[公办],,网络工程,,,600,13430
0874,华侨大学(泉州市，厦门市)[公办],,哲学(中西人文综合试验班),,,556,39008
0874,华侨大学(泉州市，厦门市)[公办],,经济学类,,,569,30021
0874,华侨大学(泉州市，厦门市)[公办],,经济学类(中美121双学位班、可接轨CFA金融分析师),,,562,34751
0874,华侨大学(泉州市，厦门市)[公办],,金融学,,,573,27552
0874,华侨大学(泉州市，厦门市)[公办],,法学,,,585,20594
0874,华侨大学(泉州市，厦门市)[公办],,中国语言文学类,,,574,26972
0874,华侨大学(泉州市，厦门市)[公办],,数学与应用数学(金融统计、数据分析),,,563,34024
0874,华侨大学(泉州市，厦门市)[公办],,应用物理学(拔尖人才试点班),,,557,38272
0874,华侨大学(泉州市，厦门市)[公办],,应用化学(拔尖人才试点班),,,549,44261
0874,华侨大学(泉州市，厦门市)[公办],,机械工程,,,554,40472
0874,华侨大学(泉州市，厦门市)[公办],,工业设计,,,566,31393
0874,华侨大学(泉州市，厦门市)[公办],,车辆工程,,,565,32080
0874,华侨大学(泉州市，厦门市)[公办],,高分子材料与工程(拔尖人才试点班),,,563,34024
0874,华侨大学(泉州市，厦门市)[公办],,电气工程及其自动化,,,569,30021
0874,华侨大学(泉州市，厦门市)[公办],,电子信息类,,,565,32080
0874,华侨大学(泉州市，厦门市)[公办],,计算机类,,,570,29403
0874,华侨大学(泉州市，厦门市)[公办],,软件工程,,,570,29403
0874,华侨大学(泉州市，厦门市)[公办],,物联网工程,,,566,31393
0874,华侨大学(泉州市，厦门市)[公办],,数据科学与大数据技术,,,572,28175
0874,华侨大学(泉州市，厦门市)[公办],,土木类,,,552,42004
0874,华侨大学(泉州市，厦门市)[公办],,给排水科学与工程(城镇智能水系统方向),,,549,44261
0874,华侨大学(泉州市，厦门市)[公办],,化工与制药类,,,550,43499
0874,华侨大学(泉州市，厦门市)[公办],,环境科学与工程类,,,553,41254
0874,华侨大学(泉州市，厦门市)[公办],,建筑学,,,573,27552
0874,华侨大学(泉州市，厦门市)[公办],,城乡规划,,,570,29403
0874,华侨大学(泉州市，厦门市)[公办],,生物工程,,,558,37566
0874,华侨大学(泉州市，厦门市)[公办],,工商管理类,,,562,34751
0874,华侨大学(泉州市，厦门市)[公办],,工商管理类(中美121双学位班、可接轨ACCA国际注会),,,561,35449
0874,华侨大学(泉州市，厦门市)[公办],,财务管理,,,565,32080
0875,华中科技大学[公办],,经济学类,,,640,2729
0875,华中科技大学[公办],,传播学(网络传播、计算机双学位),,,643,2296
0875,华中科技大学[公办],,数学类,,,642,2440
0875,华中科技大学[公办],,物理学类,,,641,2584
0875,华中科技大学[公办],,机械类(机械学院),,,642,2440
0875,华中科技大学[公办],,能源动力类,,,638,3025
0875,华中科技大学[公办],,电气工程及其自动化,,,652,1351
0875,华中科技大学[公办],,电子信息类(光电学院),,,649,1627
0875,华中科技大学[公办],,自动化类(AI试验班),,,649,1627
0875,华中科技大学[公办],,自动化类(启明实验班),,,654,1155
0875,华中科技大学[公办],,计算机类(计算机学院),,,660,781
0875,华中科技大学[公办],,计算机类(网安、软件学院),,,652,1351
0875,华中科技大学[公办],,临床医学类(同济医学院),,,646,1952
0875,华中科技大学[公办],,临床医学(本硕博贯通培养),,,662,662
0875,华中科技大学[公办],,药学(启明本硕博实验班),,,639,2876
0878,华中农业大学(武汉市)[公办],,经济学类,,,596,15132
0878,华中农业大学(武汉市)[公办],,法学,,,595,15596
0878,华中农业大学(武汉市)[公办],,社会学类,,,583,21718
0878,华中农业大学(武汉市)[公办],,外国语言文学类,,,592,16998
0878,华中农业大学(武汉市)[公办],,广告学,,,588,19006
0878,华中农业大学(武汉市)[公办],,信息与计算科学,,,594,16046
0878,华中农业大学(武汉市)[公办],,应用化学,,,586,20047
0878,华中农业大学(武汉市)[公办],,地理信息科学,,,590,17968
0878,华中农业大学(武汉市)[公办],,生物科学类,,,595,15596
0878,华中农业大学(武汉市)[公办],,生物信息学,,,590,17968
0878,华中农业大学(武汉市)[公办],,机械类,,,587,19505
0878,华中农业大学(武汉市)[公办],,光电信息科学与工程,,,591,17508
0878,华中农业大学(武汉市)[公办],,计算机类,,,595,15596
0878,华中农业大学(武汉市)[公办],,农业工程类,,,581,22793
0878,华中农业大学(武汉市)[公办],,环境科学与工程类,,,583,21718
0878,华中农业大学(武汉市)[公办],,食品科学与工程类,,,586,20047
0878,华中农业大学(武汉市)[公办],,风景园林,,,596,15132
0878,华中农业大学(武汉市)[公办],,生物工程,,,592,16998
0878,华中农业大学(武汉市)[公办],,植物生产类,,,579,23927
0878,华中农业大学(武汉市)[公办],,园艺(国家卓越农林人才计划),,,585,20594
0878,华中农业大学(武汉市)[公办],,设施农业科学与工程,,,581,22793
0878,华中农业大学(武汉市)[公办],,智慧农业,,,583,21718
0878,华中农业大学(武汉市)[公办],,动物科学(国家卓越农林人才计划),,,583,21718
0878,华中农业大学(武汉市)[公办],,动物医学,,,589,18507
0878,华中农业大学(武汉市)[公办],,林学,,,581,22793
0878,华中农业大学(武汉市)[公办],,园林(国家卓越农林人才计划),,,587,19505
0878,华中农业大学(武汉市)[公办],,水产类,,,576,25729
0878,华中农业大学(武汉市)[公办],,管理科学与工程类,,,588,19006
0878,华中农业大学(武汉市)[公办],,工商管理类,,,591,17508
0878,华中农业大学(武汉市)[公办],,公共管理类,,,586,20047
0881,华中师范大学(武汉市)[公办],,经济学类,,,615,8162
0881,华中师范大学(武汉市)[公办],,社会学类,,,608,10398
0881,华中师范大学(武汉市)[公办],,教育学类,,,614,8462
0881,华中师范大学(武汉市)[公办],,科学教育,,,608,10398
0881,华中师范大学(武汉市)[公办],,教育技术学,,,609,10048
0881,华中师范大学(武汉市)[公办],,朝鲜语(韩语),,,602,12631
0881,华中师范大学(武汉市)[公办],,数学类,,,623,6003
0881,华中师范大学(武汉市)[公办],,物理学(基地班),,,625,5524
0881,华中师范大学(武汉市)[公办],,化学类,,,614,8462
0881,华中师范大学(武汉市)[公办],,生物科学类,,,618,7376
0881,华中师范大学(武汉市)[公办],,心理学类,,,621,6561
0881,华中师范大学(武汉市)[公办],,统计学,,,614,8462
0881,华中师范大学(武汉市)[公办],,电子信息类,,,613,8757
0881,华中师范大学(武汉市)[公办],,人工智能,,,613,8757
0881,华中师范大学(武汉市)[公办],,计算机类,,,613,8757
0881,华中师范大学(武汉市)[公办],,数字媒体技术,,,612,9070
0881,华中师范大学(武汉市)[公办],,数据科学与大数据技术,,,614,8462
0881,华中师范大学(武汉市)[公办],,管理科学与工程类,,,609,10048
0881,华中师范大学(武汉市)[公办],,公共管理类,,,604,11858
0881,华中师范大学(武汉市)[公办],,电子商务,,,605,11477
0883,怀化学院[公办],,信息与计算科学,,,489,97728
0883,怀化学院[公办],,物理学,,,487,99599
0883,怀化学院[公办],,材料化学,,,480,106344
0883,怀化学院[公办],,电气工程及其自动化,,,491,95797
0883,怀化学院[公办],,通信工程,,,486,100581
0883,怀化学院[公办],,人工智能,,,492,94896
0883,怀化学院[公办],,机器人工程,,,486,100581
0883,怀化学院[公办],,计算机科学与技术,,,504,83397
0883,怀化学院[公办],,软件工程,,,498,89072
0883,怀化学院[公办],,数据科学与大数据技术,,,491,95797
0883,怀化学院[公办],,制药工程,,,480,106344
0883,怀化学院[公办],,生物制药,,,484,102507
0885,淮北师范大学[公办],,教育技术学(师范),,,537,53967
0885,淮北师范大学[公办],,数学与应用数学(师范),,,544,48201
0885,淮北师范大学[公办],,物理学(师范),,,543,49037
0885,淮北师范大学[公办],,化学(师范),,,545,47376
0885,淮北师范大学[公办],,应用化学,,,535,55619
0885,淮北师范大学[公办],,生物科学(师范),,,546,45883
0885,淮北师范大学[公办],,应用心理学,,,538,53169
0885,淮北师范大学[公办],,统计学,,,529,60756
0885,淮北师范大学[公办],,材料科学与工程,,,507,80550
0885,淮北师范大学[公办],,材料物理,,,525,64228
0885,淮北师范大学[公办],,材料化学,,,515,73018
0885,淮北师范大学[公办],,电子信息工程,,,532,58171
0885,淮北师范大学[公办],,通信工程,,,526,63346
0885,淮北师范大学[公办],,计算机科学与技术,,,535,55619
0885,淮北师范大学[公办],,网络工程,,,531,58995
0885,淮北师范大学[公办],,信息安全,,,530,59831
0885,淮北师范大学[公办],,智能科学与技术,,,527,62507
0885,淮北师范大学[公办],,数据科学与大数据技术,,,533,57317
0885,淮北师范大学[公办],,环境科学,,,520,68600
0885,淮北师范大学[公办],,环境生态工程,,,518,70350
0885,淮北师范大学[公办],,生物工程,,,519,69481
0885,淮北师范大学[公办],,会计学,,,534,56478
0888,淮南师范学院[公办],,金融数学,,,491,95797
0888,淮南师范学院[公办],,商务英语,,,490,96770
0888,淮南师范学院[公办],,数学与应用数学,,,496,90982
0888,淮南师范学院[公办],,物理学,,,490,96770
0888,淮南师范学院[公办],,机械设计制造及其自动化,,,489,97728
0888,淮南师范学院[公办],,材料化学,,,478,108213
0888,淮南师范学院[公办],,电子信息工程,,,487,99599
0888,淮南师范学院[公办],,轨道交通信号与控制,,,484,102507
0888,淮南师范学院[公办],,软件工程,,,495,91989
0888,淮南师范学院[公办],,化学工程与工艺,,,478,108213
0888,淮南师范学院[公办],,生物工程,,,485,101531
0888,淮南师范学院[公办],,会计学,,,501,88132
0890,淮阴工学院(淮安市)[公办],,机械类,,,501,88132
0890,淮阴工学院(淮安市)[公办],,电子信息类,,,502,85294
0890,淮阴工学院(淮安市)[公办],,自动化类,,,499,88132
0890,淮阴工学院(淮安市)[公办],,计算机类(嵌入式培养),,,508,79620
0890,淮阴工学院(淮安市)[公办],,化工与制药类,,,486,100581
0890,淮阴工学院(淮安市)[公办],,交通运输类,,,490,96770
0890,淮阴工学院(淮安市)[公办],,食品科学与工程类,,,489,97728
0890,淮阴工学院(淮安市)[公办],,生物工程类,,,484,102507
0890,淮阴工学院(淮安市)[公办],,管理科学与工程类,,,499,88132
0891,淮阴师范学院(淮安市)[公办],,生物科学,,,503,84351
0891,淮阴师范学院(淮安市)[公办],,生物技术,,,486,100581
0891,淮阴师范学院(淮安市)[公办],,电子信息科学与技术(嵌入式培养),,,496,90982
0891,淮阴师范学院(淮安市)[公办],,生物制药,,,482,104483
0891,淮阴师范学院(淮安市)[公办],,工程造价,,,496,90982
0893,黄冈师范学院[公办],,数学与应用数学,,,508,79620
0893,黄冈师范学院[公办],,计算机类,,,502,85294
0893,黄冈师范学院[公办],,工程造价,,,497,90044
0894,黄河科技学院(郑州市)[民办],,建筑学,,,440,142251
0894,黄河科技学院(郑州市)[民办],,城乡规划,,,440,142251
0894,黄河科技学院(郑州市)[民办],,护理学,,,440,142251
0896,黄淮学院(驻马店市)[公办],,数学与应用数学,,,470,115794
0896,黄淮学院(驻马店市)[公办],,新能源科学与工程,,,469,116739
0896,黄淮学院(驻马店市)[公办],,食品科学与工程,,,468,117642
0896,黄淮学院(驻马店市)[公办],,生物工程,,,464,121286
0896,黄淮学院(驻马店市)[公办],,园林,,,462,123141
0896,黄淮学院(驻马店市)[公办],,会计学(中外合作办学),,,457,127518
0898,黄山学院[公办],,烹饪与营养教育,,,450,133684
0898,黄山学院[公办],,酒店管理(中外合作办学),,,446,137128
0900,惠州学院[公办],,电气工程及其自动化,,,503,84351
0900,惠州学院[公办],,电子信息工程,,,506,81500
0900,惠州学院[公办],,服装设计与工程,,,497,90044
0901,吉利学院(成都)[民办],,网络与新媒体,,,430,150433
0901,吉利学院(成都)[民办],,机械类,,,430,150433
0901,吉利学院(成都)[民办],,计算机类,,,444,138829
0902,吉林财经大学(长春市)[公办],,经济学,,,540,51523
0902,吉林财经大学(长春市)[公办],,经济统计学,,,537,53967
0902,吉林财经大学(长春市)[公办],,财政学,,,543,49037
0902,吉林财经大学(长春市)[公办],,税收学,,,543,49037
0902,吉林财经大学(长春市)[公办],,金融学,,,547,45772
0902,吉林财经大学(长春市)[公办],,金融工程,,,538,53169
0902,吉林财经大学(长春市)[公办],,保险学,,,534,56478
0902,吉林财经大学(长春市)[公办],,金融科技,,,546,45883
0902,吉林财经大学(长春市)[公办],,国际经济与贸易,,,537,53967
0902,吉林财经大学(长春市)[公办],,应用统计学,,,536,54791
0902,吉林财经大学(长春市)[公办],,大数据管理与应用,,,542,49854
0902,吉林财经大学(长春市)[公办],,工商管理,,,539,52338
0902,吉林财经大学(长春市)[公办],,会计学,,,553,41254
0902,吉林财经大学(长春市)[公办],,财务管理,,,547,45772
0902,吉林财经大学(长春市)[公办],,审计学,,,551,42759
0902,吉林财经大学(长春市)[公办],,资产评估,,,539,52338
0902,吉林财经大学(长春市)[公办],,金融学(中外合作办学),,,532,58171
0902,吉林财经大学(长春市)[公办],,会计学(中外合作办学),,,531,58995
0904,吉林大学[公办],,经济学类(经济学院),,,624,5761
0904,吉林大学[公办],,经济学(国别与区域经济),,,615,8162
0904,吉林大学[公办],,法学,,,633,3898
0904,吉林大学[公办],,政治学与行政学,,,616,7907
0904,吉林大学[公办],,外交学,,,619,7098
0904,吉林大学[公办],,社会学类,,,621,6561
0904,吉林大学[公办],,思想政治教育,,,620,6814
0904,吉林大学[公办],,英语,,,620,6814
0904,吉林大学[公办],,俄语,,,613,8757
0904,吉林大学[公办],,新闻传播学类,,,621,6561
0904,吉林大学[公办],,数学类,,,623,6003
0904,吉林大学[公办],,物理学类,,,622,6287
0904,吉林大学[公办],,化学类,,,619,7098
0904,吉林大学[公办],,生物科学类,,,621,6561
0904,吉林大学[公办],,机械类,,,618,7376
0904,吉林大学[公办],,工业设计(车身工程),,,615,8162
0904,吉林大学[公办],,车辆工程,,,621,6561
0904,吉林大学[公办],,仿生科学与工程,,,614,8462
0904,吉林大学[公办],,仪器类,,,616,7907
0904,吉林大学[公办],,材料类,,,613,8757
0904,吉林大学[公办],,材料物理,,,612,9070
0904,吉林大学[公办],,能源与动力工程,,,613,8757
0904,吉林大学[公办],,电子信息类,,,621,6561
0904,吉林大学[公办],,通信工程,,,619,7098
0904,吉林大学[公办],,人工智能,,,623,6003
0904,吉林大学[公办],,自动化类,,,621,6561
0904,吉林大学[公办],,计算机类,,,626,5302
0904,吉林大学[公办],,软件工程,,,623,6003
0904,吉林大学[公办],,数据科学与大数据技术,,,622,6287
0904,吉林大学[公办],,土木类,,,613,8757
0904,吉林大学[公办],,水利类,,,613,8757
0904,吉林大学[公办],,地质类,,,609,10048
0904,吉林大学[公办],,勘查技术与工程,,,598,14272
0904,吉林大学[公办],,交通运输类,,,613,8757
0904,吉林大学[公办],,环境科学与工程类,,,609,10048
0904,吉林大学[公办],,食品科学与工程类,,,611,9385
0904,吉林大学[公办],,生物工程类,,,614,8462
0904,吉林大学[公办],,临床医学(5+3一体化（一院）),,,634,3706
0904,吉林大学[公办],,临床医学(一院),,,631,4285
0904,吉林大学[公办],,临床医学(5+3一体化（二院）),,,633,3898
0904,吉林大学[公办],,临床医学(二院),,,627,5092
0904,吉林大学[公办],,临床医学(5+3一体化（三院）),,,631,4285
0904,吉林大学[公办],,临床医学(三院),,,627,5092
0904,吉林大学[公办],,放射医学,,,617,7638
0904,吉林大学[公办],,口腔医学(5+3一体化),,,632,4082
0904,吉林大学[公办],,药学,,,613,8757
0904,吉林大学[公办],,康复治疗学,,,593,16515
0904,吉林大学[公办],,管理科学与工程类(管理学院),,,612,9070
0904,吉林大学[公办],,工商管理类(商学院),,,616,7907
0904,吉林大学[公办],,会计学(商学院),,,619,7098
0904,吉林大学[公办],,档案学,,,613,8757
0904,吉林大学[公办],,广播电视编导,,,595,15596
0904,吉林大学[公办],,物理学(中外合作办学),,,589,18507
0907,吉林动画学院[民办],,软件工程,,,427,152752
0907,吉林动画学院[民办],,数字媒体技术,,,429,151199
0907,吉林动画学院[民办],,数据科学与大数据技术,,,425,154215
0907,吉林动画学院[民办],,新媒体技术,,,423,155642
0907,吉林动画学院[民办],,虚拟现实技术,,,422,156398
0907,吉林动画学院[民办],,飞行器制造工程,,,426,153495
0907,吉林动画学院[民办],,飞行器动力工程,,,421,157137
0907,吉林动画学院[民办],,飞行器控制与信息工程,,,426,153495
0908,吉林工程技术师范学院(长春市)[公办],,新闻传播学类,,,466,119485
0908,吉林工程技术师范学院(长春市)[公办],,电气工程及其自动化(中外合作办学),,,452,131939
0910,吉林工商学院(长春市)[公办],,财政学,,,492,94896
0910,吉林工商学院(长春市)[公办],,金融科技,,,497,90044
0910,吉林工商学院(长春市)[公办],,广告学,,,497,90044
0910,吉林工商学院(长春市)[公办],,机械电子工程,,,490,96770
0910,吉林工商学院(长春市)[公办],,计算机科学与技术,,,494,92936
0910,吉林工商学院(长春市)[公办],,物联网工程,,,487,99599
0910,吉林工商学院(长春市)[公办],,食品科学与工程,,,487,99599
0910,吉林工商学院(长春市)[公办],,粮食工程,,,471,114847
0910,吉林工商学院(长春市)[公办],,生物工程,,,477,109131
0910,吉林工商学院(长春市)[公办],,会计学,,,505,82447
0910,吉林工商学院(长春市)[公办],,审计学,,,496,90982
0910,吉林工商学院(长春市)[公办],,物流管理,,,481,105433
0910,吉林工商学院(长春市)[公办],,电子商务,,,487,99599
0912,吉林化工学院[公办],,金融工程,,,503,84351
0912,吉林化工学院[公办],,国际经济与贸易,,,494,92936
0912,吉林化工学院[公办],,英语,,,502,85294
0912,吉林化工学院[公办],,日语,,,492,94896
0912,吉林化工学院[公办],,数学与应用数学,,,501,88132
0912,吉林化工学院[公办],,应用物理学,,,500,88132
0912,吉林化工学院[公办],,化学,,,492,94896
0912,吉林化工学院[公办],,应用化学,,,488,98638
0912,吉林化工学院[公办],,生物技术,,,493,93969
0912,吉林化工学院[公办],,机械设计制造及其自动化,,,499,88132
0912,吉林化工学院[公办],,材料成型及控制工程,,,492,94896
0912,吉林化工学院[公办],,工业设计,,,495,91989
0912,吉林化工学院[公办],,过程装备与控制工程,,,488,98638
0912,吉林化工学院[公办],,车辆工程,,,492,94896
0912,吉林化工学院[公办],,测控技术与仪器,,,493,93969
0912,吉林化工学院[公办],,材料科学与工程,,,485,101531
0912,吉林化工学院[公办],,材料物理,,,477,109131
0912,吉林化工学院[公办],,材料化学,,,486,100581
0912,吉林化工学院[公办],,高分子材料与工程,,,478,108213
0912,吉林化工学院[公办],,能源与动力工程,,,494,92936
0912,吉林化工学院[公办],,电气工程及其自动化,,,505,82447
0912,吉林化工学院[公办],,电子信息工程,,,503,84351
0912,吉林化工学院[公办],,自动化,,,502,85294
0912,吉林化工学院[公办],,计算机科学与技术,,,514,73932
0912,吉林化工学院[公办],,给排水科学与工程,,,491,95797
0912,吉林化工学院[公办],,化学工程与工艺,,,490,96770
0912,吉林化工学院[公办],,制药工程,,,485,101531
0912,吉林化工学院[公办],,油气储运工程,,,484,102507
0912,吉林化工学院[公办],,轻化工程,,,495,91989
0912,吉林化工学院[公办],,飞行器制造工程,,,497,90044
0912,吉林化工学院[公办],,飞行器动力工程,,,493,93969
0912,吉林化工学院[公办],,环境工程,,,488,98638
0912,吉林化工学院[公办],,环境科学,,,488,98638
0912,吉林化工学院[公办],,安全工程,,,492,94896
0912,吉林化工学院[公办],,生物工程,,,498,89072
0912,吉林化工学院[公办],,生物制药,,,487,99599
0912,吉林化工学院[公办],,药物制剂,,,497,90044
0912,吉林化工学院[公办],,信息管理与信息系统,,,492,94896
0912,吉林化工学院[公办],,工程管理,,,491,95797
0912,吉林化工学院[公办],,市场营销,,,491,95797
0912,吉林化工学院[公办],,会计学,,,509,78673
0912,吉林化工学院[公办],,物流工程,,,495,91989
0912,吉林化工学院[公办],,工业工程,,,492,94896
0913,吉林建筑大学(长春市)[公办],,地理信息科学,,,513,74844
0913,吉林建筑大学(长春市)[公办],,机械工程,,,516,72111
0913,吉林建筑大学(长春市)[公办],,材料化学,,,502,85294
0913,吉林建筑大学(长春市)[公办],,无机非金属材料工程,,,503,84351
0913,吉林建筑大学(长春市)[公办],,高分子材料与工程,,,507,80550
0913,吉林建筑大学(长春市)[公办],,电气类,,,522,66880
0913,吉林建筑大学(长春市)[公办],,电子信息类,,,526,63346
0913,吉林建筑大学(长春市)[公办],,计算机类,,,523,65971
0913,吉林建筑大学(长春市)[公办],,土木工程,,,517,71252
0913,吉林建筑大学(长春市)[公办],,建筑环境与能源应用工程,,,509,78673
0913,吉林建筑大学(长春市)[公办],,给排水科学与工程,,,512,75821
0913,吉林建筑大学(长春市)[公办],,城市地下空间工程,,,510,77713
0913,吉林建筑大学(长春市)[公办],,道路桥梁与渡河工程,,,508,79620
0913,吉林建筑大学(长春市)[公办],,测绘工程,,,503,84351
0913,吉林建筑大学(长春市)[公办],,地理空间信息工程,,,508,79620
0913,吉林建筑大学(长春市)[公办],,地质工程,,,507,80550
0913,吉林建筑大学(长春市)[公办],,勘查技术与工程,,,505,82447
0913,吉林建筑大学(长春市)[公办],,交通工程,,,510,77713
0913,吉林建筑大学(长春市)[公办],,建筑学,,,542,49854
0913,吉林建筑大学(长春市)[公办],,城乡规划,,,530,59831
0913,吉林建筑大学(长春市)[公办],,安全工程,,,508,79620
0913,吉林建筑大学(长春市)[公办],,消防工程,,,495,91989
0913,吉林建筑大学(长春市)[公办],,工程管理,,,516,72111
0913,吉林建筑大学(长春市)[公办],,工程造价,,,523,65971
0913,吉林建筑大学(长春市)[公办],,财务管理,,,520,68600
0913,吉林建筑大学(长春市)[公办],,电气工程及其自动化(中外合作办学),,,505,82447
0913,吉林建筑大学(长春市)[公办],,土木工程(中外合作办学),,,501,88132
0913,吉林建筑大学(长春市)[公办],,建筑学(中外合作办学),,,504,83397
0913,吉林建筑大学(长春市)[公办],,工程管理(中外合作办学),,,492,94896
0914,吉林建筑科技学院(长春市)[民办],,自动化,,,437,144729
0914,吉林建筑科技学院(长春市)[民办],,计算机科学与技术,,,468,117642
0914,吉林建筑科技学院(长春市)[民办],,软件工程,,,438,143930
0914,吉林建筑科技学院(长春市)[民办],,数据科学与大数据技术,,,440,142251
0914,吉林建筑科技学院(长春市)[民办],,土木工程,,,440,142251
0914,吉林建筑科技学院(长春市)[民办],,建筑环境与能源应用工程,,,424,154962
0914,吉林建筑科技学院(长春市)[民办],,建筑电气与智能化,,,443,139702
0914,吉林建筑科技学院(长春市)[民办],,城市地下空间工程,,,424,154962
0914,吉林建筑科技学院(长春市)[民办],,道路桥梁与渡河工程,,,433,147987
0914,吉林建筑科技学院(长春市)[民办],,测绘工程,,,432,148796
0914,吉林建筑科技学院(长春市)[民办],,交通工程,,,433,147987
0914,吉林建筑科技学院(长春市)[民办],,交通设备与控制工程,,,446,137128
0914,吉林建筑科技学院(长春市)[民办],,环境工程,,,437,144729
0914,吉林建筑科技学院(长春市)[民办],,建筑学,,,440,142251
0914,吉林建筑科技学院(长春市)[民办],,城乡规划,,,436,145515
0914,吉林建筑科技学院(长春市)[民办],,安全工程,,,424,154962
0914,吉林建筑科技学院(长春市)[民办],,工程管理,,,436,145515
0914,吉林建筑科技学院(长春市)[民办],,工程造价,,,443,139702
0914,吉林建筑科技学院(长春市)[民办],,审计学,,,442,140581
0916,吉林警察学院(长春市)[公办],,法学,,,519,69481
0916,吉林警察学院(长春市)[公办],,计算机科学与技术,,,510,77713
0916,吉林警察学院(长春市)[公办],,财务管理,,,509,78673
0918,吉林农业大学(长春市)[公办],,金融学,,,520,68600
0918,吉林农业大学(长春市)[公办],,社会学类,,,509,78673
0918,吉林农业大学(长春市)[公办],,英语,,,528,61650
0918,吉林农业大学(长春市)[公办],,传播学,,,524,65102
0918,吉林农业大学(长春市)[公办],,生物科学类,,,507,80550
0918,吉林农业大学(长春市)[公办],,生物信息学,,,505,82447
0918,吉林农业大学(长春市)[公办],,机械类,,,507,80550
0918,吉林农业大学(长春市)[公办],,电子信息科学与技术,,,523,65971
0918,吉林农业大学(长春市)[公办],,计算机类,,,529,60756
0918,吉林农业大学(长春市)[公办],,环境科学与工程类,,,502,85294
0918,吉林农业大学(长春市)[公办],,食品科学与工程类,,,508,79620
0918,吉林农业大学(长春市)[公办],,风景园林,,,515,73018
0918,吉林农业大学(长春市)[公办],,生物工程类,,,503,84351
0918,吉林农业大学(长春市)[公办],,植物生产类,,,501,88132
0918,吉林农业大学(长春市)[公办],,植物生产类,,,495,91989
0918,吉林农业大学(长春市)[公办],,植物生产类,,,485,101531
0918,吉林农业大学(长春市)[公办],,智慧农业,,,499,88132
0918,吉林农业大学(长春市)[公办],,自然保护与环境生态类,,,498,89072
0918,吉林农业大学(长春市)[公办],,动物生产类,,,475,111128
0918,吉林农业大学(长春市)[公办],,动物医学,,,504,83397
0918,吉林农业大学(长春市)[公办],,动物药学,,,497,90044
0918,吉林农业大学(长春市)[公办],,林学,,,495,91989
0918,吉林农业大学(长春市)[公办],,园林,,,507,80550
0918,吉林农业大学(长春市)[公办],,草业科学,,,489,97728
0918,吉林农业大学(长春市)[公办],,中药学类,,,517,71252
0918,吉林农业大学(长春市)[公办],,工商管理类,,,513,74844
0919,吉林农业科技学院[公办],,国际经济与贸易,,,477,109131
0919,吉林农业科技学院[公办],,英语,,,483,103506
0919,吉林农业科技学院[公办],,应用化学,,,467,118588
0919,吉林农业科技学院[公办],,生物技术,,,470,115794
0919,吉林农业科技学院[公办],,统计学,,,474,112067
0919,吉林农业科技学院[公办],,机械设计制造及其自动化,,,476,110122
0919,吉林农业科技学院[公办],,机械电子工程,,,477,109131
0919,吉林农业科技学院[公办],,智能制造工程,,,480,106344
0919,吉林农业科技学院[公办],,电气工程及其自动化,,,481,105433
0919,吉林农业科技学院[公办],,电子信息科学与技术,,,480,106344
0919,吉林农业科技学院[公办],,计算机类,,,481,105433
0919,吉林农业科技学院[公办],,数据科学与大数据技术,,,476,110122
0919,吉林农业科技学院[公办],,土木工程,,,473,113007
0919,吉林农业科技学院[公办],,制药工程,,,482,104483
0919,吉林农业科技学院[公办],,包装工程,,,459,125856
0919,吉林农业科技学院[公办],,食品科学与工程类,,,468,117642
0919,吉林农业科技学院[公办],,植物生产类,,,466,119485
0919,吉林农业科技学院[公办],,智慧农业,,,471,114847
0919,吉林农业科技学院[公办],,野生动物与自然保护区管理,,,465,120370
0919,吉林农业科技学院[公办],,动物科学,,,469,116739
0919,吉林农业科技学院[公办],,动物医学,,,479,107280
0919,吉林农业科技学院[公办],,动植物检疫,,,465,120370
0919,吉林农业科技学院[公办],,园林,,,471,114847
0919,吉林农业科技学院[公办],,药物制剂,,,472,113947
0919,吉林农业科技学院[公办],,中药学类,,,469,116739
0919,吉林农业科技学院[公办],,电子商务,,,468,117642
0919,吉林农业科技学院[公办],,机械设计制造及其自动化(中外合作办学),,,453,131095
0919,吉林农业科技学院[公办],,动物医学(中外合作办学),,,448,135403
0920,吉林师范大学[公办],,数学与应用数学,,,555,39718
0920,吉林师范大学[公办],,物理学,,,551,42759
0920,吉林师范大学[公办],,应用物理学,,,541,50682
0920,吉林师范大学[公办],,化学,,,548,44990
0920,吉林师范大学[公办],,应用化学,,,540,51523
0920,吉林师范大学[公办],,生物科学,,,545,47376
0920,吉林师范大学[公办],,心理学,,,543,49037
0920,吉林师范大学[公办],,统计学,,,534,56478
0920,吉林师范大学[公办],,电子信息类,,,531,58995
0920,吉林师范大学[公办],,计算机科学与技术,,,541,50682
0920,吉林师范大学[公办],,软件工程,,,516,72111
0920,吉林师范大学[公办],,数据科学与大数据技术,,,535,55619
0920,吉林师范大学[公办],,给排水科学与工程,,,522,66880
0920,吉林师范大学[公办],,环境科学,,,525,64228
0920,吉林师范大学[公办],,财务管理,,,515,73018
0920,吉林师范大学[公办],,电子信息工程(中外合作办学),,,492,94896
0921,吉林师范大学博达学院(四平市)[独立学院],,学前教育,,,452,131939
0921,吉林师范大学博达学院(四平市)[独立学院],,小学教育,,,453,131095
0921,吉林师范大学博达学院(四平市)[独立学院],,汉语言文学,,,454,130189
0921,吉林师范大学博达学院(四平市)[独立学院],,英语,,,454,130189
0921,吉林师范大学博达学院(四平市)[独立学院],,数学与应用数学,,,450,133684
0921,吉林师范大学博达学院(四平市)[独立学院],,地理科学,,,451,132831
0921,吉林师范大学博达学院(四平市)[独立学院],,电子信息工程,,,445,137992
0921,吉林师范大学博达学院(四平市)[独立学院],,信息工程,,,442,140581
0921,吉林师范大学博达学院(四平市)[独立学院],,数字媒体技术,,,445,137992
0921,吉林师范大学博达学院(四平市)[独立学院],,食品科学与工程,,,442,140581
0921,吉林师范大学博达学院(四平市)[独立学院],,财务管理,,,447,136314
0926,吉林外国语大学(长春市)[民办],,国际经济与贸易,,,479,107280
0926,吉林外国语大学(长春市)[民办],,英语,,,490,96770
0926,吉林外国语大学(长春市)[民办],,英语(英德双语),,,496,90982
0926,吉林外国语大学(长春市)[民办],,英语(英法双语),,,486,100581
0926,吉林外国语大学(长春市)[民办],,英语(英西班牙双语),,,449,134515
0926,吉林外国语大学(长春市)[民办],,英语(英日双语),,,475,111128
0926,吉林外国语大学(长春市)[民办],,俄语,,,435,146339
0926,吉林外国语大学(长春市)[民办],,阿拉伯语,,,,
0926,吉林外国语大学(长春市)[民办],,日语,,,459,125856
0926,吉林外国语大学(长春市)[民办],,朝鲜语,,,444,138829
0926,吉林外国语大学(长春市)[民办],,葡萄牙语,,,,
0926,吉林外国语大学(长春市)[民办],,意大利语,,,430,150433
0926,吉林外国语大学(长春市)[民办],,翻译,,,479,107280
0926,吉林外国语大学(长春市)[民办],,商务英语,,,475,111128
0926,吉林外国语大学(长春市)[民办],,人工智能,,,443,139702
0926,吉林外国语大学(长春市)[民办],,工商管理类,,,468,117642
0926,吉林外国语大学(长春市)[民办],,会计学,,,468,117642
0926,吉林外国语大学(长春市)[民办],,电子商务,,,465,120370
0926,吉林外国语大学(长春市)[民办],,金融学(中外合作办学),,,448,135403
0926,吉林外国语大学(长春市)[民办],,德语(中外合作办学),,,447,136314
0926,吉林外国语大学(长春市)[民办],,西班牙语(中外合作办学),,,442,140581
0927,吉林医药学院[公办],,生物技术,,,497,90044
0927,吉林医药学院[公办],,应用心理学,,,510,77713
0927,吉林医药学院[公办],,生物医学工程,,,502,85294
0927,吉林医药学院[公办],,食品质量与安全,,,492,94896
0927,吉林医药学院[公办],,生物制药,,,503,84351
0927,吉林医药学院[公办],,临床医学,,,518,70350
0927,吉林医药学院[公办],,医学影像学,,,516,72111
0927,吉林医药学院[公办],,预防医学,,,507,80550
0927,吉林医药学院[公办],,药学,,,507,80550
0927,吉林医药学院[公办],,药物制剂,,,498,89072
0927,吉林医药学院[公办],,医学检验技术,,,507,80550
0927,吉林医药学院[公办],,医学影像技术,,,504,83397
0927,吉林医药学院[公办],,康复治疗学,,,496,90982
0927,吉林医药学院[公办],,口腔医学技术,,,509,78673
0927,吉林医药学院[公办],,护理学,,,504,83397
0927,吉林医药学院[公办],,信息管理与信息系统,,,496,90982
0927,吉林医药学院[公办],,公共事业管理,,,472,113947
0927,吉林医药学院[公办],,健康服务与管理,,,494,92936
0927,吉林医药学院[公办],,生物制药(中外合作办学),,,473,113007
0930,吉首大学[公办],,金融工程,,,529,60756
0930,吉首大学[公办],,生物科学,,,527,62507
0930,吉首大学[公办],,统计学,,,534,56478
0930,吉首大学[公办],,机械设计制造及其自动化,,,531,58995
0930,吉首大学[公办],,电子信息工程,,,535,55619
0930,吉首大学[公办],,通信工程,,,531,58995
0930,吉首大学[公办],,电子信息科学与技术,,,532,58171
0930,吉首大学[公办],,软件工程,,,537,53967
0930,吉首大学[公办],,土木工程,,,529,60756
0930,吉首大学[公办],,制药工程,,,524,65102
0930,吉首大学[公办],,食品科学与工程,,,530,59831
0930,吉首大学[公办],,临床医学,,,538,53169
0930,吉首大学[公办],,针灸推拿学,,,518,70350
0930,吉首大学[公办],,药学,,,527,62507
0930,吉首大学[公办],,医学检验技术,,,526,63346
0931,吉首大学张家界学院[独立学院],,计算机科学与技术,,,470,115794
0931,吉首大学张家界学院[独立学院],,软件工程,,,456,128454
0931,吉首大学张家界学院[独立学院],,土木工程,,,450,133684
0931,吉首大学张家界学院[独立学院],,旅游管理,,,452,131939
0932,集美大学诚毅学院(厦门市)[独立学院],,财政学,,,473,113007
0932,集美大学诚毅学院(厦门市)[独立学院],,金融学,,,484,102507
0932,集美大学诚毅学院(厦门市)[独立学院],,金融工程,,,469,116739
0932,集美大学诚毅学院(厦门市)[独立学院],,国际经济与贸易,,,465,120370
0932,集美大学诚毅学院(厦门市)[独立学院],,机械工程,,,464,121286
0932,集美大学诚毅学院(厦门市)[独立学院],,智能制造工程,,,465,120370
0932,集美大学诚毅学院(厦门市)[独立学院],,电子信息工程,,,484,102507
0932,集美大学诚毅学院(厦门市)[独立学院],,通信工程,,,472,113947
0932,集美大学诚毅学院(厦门市)[独立学院],,自动化,,,479,107280
0932,集美大学诚毅学院(厦门市)[独立学院],,计算机科学与技术,,,481,105433
0932,集美大学诚毅学院(厦门市)[独立学院],,软件工程,,,482,104483
0932,集美大学诚毅学院(厦门市)[独立学院],,网络工程,,,469,116739
0932,集美大学诚毅学院(厦门市)[独立学院],,物联网工程,,,480,106344
0932,集美大学诚毅学院(厦门市)[独立学院],,数字媒体技术,,,474,112067
0932,集美大学诚毅学院(厦门市)[独立学院],,数据科学与大数据技术,,,475,111128
0932,集美大学诚毅学院(厦门市)[独立学院],,工程管理,,,468,117642
0932,集美大学诚毅学院(厦门市)[独立学院],,工商管理,,,484,102507
0932,集美大学诚毅学院(厦门市)[独立学院],,会计学,,,474,112067
0932,集美大学诚毅学院(厦门市)[独立学院],,供应链管理,,,462,123141
0934,集美大学(厦门市)[公办],,经济学,,,571,28818
0934,集美大学(厦门市)[公办],,财政学,,,569,30021
0934,集美大学(厦门市)[公办],,金融学,,,572,28175
0934,集美大学(厦门市)[公办],,学前教育(师范),,,566,31393
0934,集美大学(厦门市)[公办],,英语,,,572,28175
0934,集美大学(厦门市)[公办],,应用物理学,,,561,35449
0934,集美大学(厦门市)[公办],,机械设计制造及其自动化,,,567,31356
0934,集美大学(厦门市)[公办],,机械电子工程,,,564,32737
0934,集美大学(厦门市)[公办],,能源与动力工程,,,563,34024
0934,集美大学(厦门市)[公办],,电气工程及其自动化,,,570,29403
0934,集美大学(厦门市)[公办],,电子信息工程,,,574,26972
0934,集美大学(厦门市)[公办],,微电子科学与工程,,,564,32737
0934,集美大学(厦门市)[公办],,光电信息科学与工程,,,567,31356
0934,集美大学(厦门市)[公办],,人工智能,,,570,29403
0934,集美大学(厦门市)[公办],,软件工程,,,572,28175
0934,集美大学(厦门市)[公办],,网络工程,,,570,29403
0934,集美大学(厦门市)[公办],,数据科学与大数据技术,,,572,28175
0934,集美大学(厦门市)[公办],,交通运输,,,566,31393
0934,集美大学(厦门市)[公办],,轮机工程(船机修造方向),,,548,44990
0934,集美大学(厦门市)[公办],,船舶与海洋工程,,,556,39008
0934,集美大学(厦门市)[公办],,环境工程,,,553,41254
0934,集美大学(厦门市)[公办],,生物工程,,,559,36873
0934,集美大学(厦门市)[公办],,水产养殖学,,,549,44261
0934,集美大学(厦门市)[公办],,海洋渔业科学与技术,,,556,39008
0934,集美大学(厦门市)[公办],,水生动物医学,,,552,42004
0934,集美大学(厦门市)[公办],,工程管理,,,563,34024
0934,集美大学(厦门市)[公办],,会计学,,,574,26972
0936,济南大学[公办],,经济学类,,,568,30714
0936,济南大学[公办],,金融数学,,,561,35449
0936,济南大学[公办],,法学,,,565,32080
0936,济南大学[公办],,社会工作,,,562,34751
0936,济南大学[公办],,思想政治教育,,,566,31393
0936,济南大学[公办],,特殊教育,,,546,45883
0936,济南大学[公办],,中国语言文学类,,,570,29403
0936,济南大学[公办],,英语(师范兼非师范类),,,566,31393
0936,济南大学[公办],,新闻传播学类,,,567,31356
0936,济南大学[公办],,数学与应用数学,,,566,31393
0936,济南大学[公办],,物理学(师范兼非师范类),,,559,36873
0936,济南大学[公办],,化学类,,,553,41254
0936,济南大学[公办],,地理科学(师范兼非师范类),,,564,32737
0936,济南大学[公办],,生物技术,,,562,34751
0936,济南大学[公办],,应用心理学,,,561,35449
0936,济南大学[公办],,机械类,,,561,35449
0936,济南大学[公办],,材料类,,,548,44990
0936,济南大学[公办],,新能源科学与工程,,,561,35449
0936,济南大学[公办],,电子信息类,,,568,30714
0936,济南大学[公办],,光电信息科学与工程,,,562,34751
0936,济南大学[公办],,人工智能,,,569,30021
0936,济南大学[公办],,自动化类,,,564,32737
0936,济南大学[公办],,计算机类,,,574,26972
0936,济南大学[公办],,数据科学与大数据技术,,,569,30021
0936,济南大学[公办],,土木类,,,558,37566
0936,济南大学[公办],,水利类,,,553,41254
0936,济南大学[公办],,化工与制药类,,,552,42004
0936,济南大学[公办],,制药工程,,,562,34751
0936,济南大学[公办],,环境科学与工程类,,,554,40472
0936,济南大学[公办],,建筑类,,,560,36168
0936,济南大学[公办],,药学,,,561,35449
0936,济南大学[公办],,信息管理与信息系统,,,564,32737
0936,济南大学[公办],,大数据管理与应用,,,567,31356
0936,济南大学[公办],,应急管理,,,552,42004
0936,济南大学[公办],,工商管理类,,,567,31356
0936,济南大学[公办],,公共管理类,,,564,32737
0936,济南大学[公办],,公共事业管理,,,557,38272
0936,济南大学[公办],,标准化工程,,,546,45883
0936,济南大学[公办],,旅游管理类,,,551,42759
0940,济宁学院[公办],,网络与新媒体,,,500,88132
0940,济宁学院[公办],,安全工程,,,481,105433
0941,济宁医学院[公办],,食品质量与安全,,,515,73018
0941,济宁医学院[公办],,临床医学,,,529,60756
0941,济宁医学院[公办],,医学影像学,,,527,62507
0941,济宁医学院[公办],,精神医学,,,517,71252
0941,济宁医学院[公办],,口腔医学,,,539,52338
0941,济宁医学院[公办],,预防医学,,,520,68600
0941,济宁医学院[公办],,针灸推拿学,,,513,74844
0941,济宁医学院[公办],,中西医临床医学,,,521,67756
0941,济宁医学院[公办],,药学,,,518,70350
0941,济宁医学院[公办],,药物制剂,,,512,75821
0941,济宁医学院[公办],,中药学,,,516,72111
0941,济宁医学院[公办],,法医学,,,522,66880
0941,济宁医学院[公办],,医学检验技术,,,518,70350
0941,济宁医学院[公办],,康复治疗学,,,510,77713
0941,济宁医学院[公办],,卫生检验与检疫,,,513,74844
0941,济宁医学院[公办],,护理学,,,510,77713
0944,暨南大学[公办],,国际经济与贸易,,,602,12631
0944,暨南大学[公办],,应用化学,,,591,17508
0944,暨南大学[公办],,生态学,,,597,14703
0944,暨南大学[公办],,工程力学,,,595,15596
0944,暨南大学[公办],,电子科学与技术,,,605,11477
0944,暨南大学[公办],,光电信息科学与工程,,,605,11477
0944,暨南大学[公办],,自动化,,,611,9385
0944,暨南大学[公办],,物联网工程,,,607,10760
0944,暨南大学[公办],,网络空间安全,,,605,11477
0944,暨南大学[公办],,土木工程,,,600,13430
0944,暨南大学[公办],,包装工程,,,592,16998
0944,暨南大学[公办],,环境科学,,,592,16998
0944,暨南大学[公办],,生物医学工程,,,600,13430
0944,暨南大学[公办],,临床医学,,,606,11130
0944,暨南大学[公办],,口腔医学,,,611,9385
0944,暨南大学[公办],,药学,,,602,12631
0944,暨南大学[公办],,中药学,,,596,15132
0944,暨南大学[公办],,电子商务,,,602,12631
0944,暨南大学[公办],,经济学(中外合作办学),,,551,42759
0944,暨南大学[公办],,经济统计学(中外合作办学),,,565,32080
0944,暨南大学[公办],,数学与应用数学(中外合作办学),,,539,52338
0944,暨南大学[公办],,信息与计算科学(中外合作办学),,,550,43499
0947,佳木斯大学[公办],,数学与应用数学,,,495,91989
0947,佳木斯大学[公办],,物理学,,,491,95797
0947,佳木斯大学[公办],,地理科学,,,490,96770
0947,佳木斯大学[公办],,电气工程及其自动化,,,499,88132
0947,佳木斯大学[公办],,电子信息工程,,,499,88132
0947,佳木斯大学[公办],,通信工程,,,499,88132
0947,佳木斯大学[公办],,自动化,,,499,88132
0947,佳木斯大学[公办],,计算机科学与技术,,,506,81500
0947,佳木斯大学[公办],,临床医学,,,510,77713
0947,佳木斯大学[公办],,预防医学,,,495,91989
0947,佳木斯大学[公办],,药学,,,490,96770
0947,佳木斯大学[公办],,医学检验技术,,,494,92936
0947,佳木斯大学[公办],,康复治疗学,,,488,98638
0947,佳木斯大学[公办],,护理学,,,492,94896
0949,嘉兴南湖学院[公办],,法学,,,496,90982
0949,嘉兴南湖学院[公办],,机械设计制造及其自动化,,,484,102507
0949,嘉兴南湖学院[公办],,工业设计,,,481,105433
0949,嘉兴南湖学院[公办],,电气工程及其自动化,,,495,91989
0949,嘉兴南湖学院[公办],,计算机科学与技术,,,502,85294
0949,嘉兴南湖学院[公办],,轻化工程,,,475,111128
0949,嘉兴南湖学院[公办],,工程管理,,,482,104483
0950,嘉兴学院[公办],,数学与应用数学,,,521,67756
0950,嘉兴学院[公办],,应用化学,,,498,89072
0950,嘉兴学院[公办],,机械设计制造及其自动化,,,514,73932
0950,嘉兴学院[公办],,车辆工程,,,515,73018
0950,嘉兴学院[公办],,高分子材料与工程,,,507,80550
0950,嘉兴学院[公办],,电气工程及其自动化,,,523,65971
0950,嘉兴学院[公办],,电子信息工程,,,525,64228
0950,嘉兴学院[公办],,机器人工程,,,513,74844
0950,嘉兴学院[公办],,计算机科学与技术,,,529,60756
0950,嘉兴学院[公办],,化学工程与工艺,,,505,82447
0950,嘉兴学院[公办],,制药工程,,,507,80550
0950,嘉兴学院[公办],,纺织工程,,,486,100581
0950,嘉兴学院[公办],,轻化工程,,,502,85294
0950,嘉兴学院[公办],,生物工程,,,506,81500
0950,嘉兴学院[公办],,临床医学,,,524,65102
0950,嘉兴学院[公办],,信息管理与信息系统,,,519,69481
0950,嘉兴学院[公办],,工程管理,,,511,76779
0953,江汉大学(武汉市)[公办],,环境工程,,,526,63346
0956,江南大学(无锡市)[公办],,教育技术学(师范),,,594,16046
0956,江南大学(无锡市)[公办],,英语,,,601,13049
0956,江南大学(无锡市)[公办],,信息与计算科学,,,605,11477
0956,江南大学(无锡市)[公办],,应用化学,,,596,15132
0956,江南大学(无锡市)[公办],,机械工程,,,602,12631
0956,江南大学(无锡市)[公办],,工业设计,,,603,12248
0956,江南大学(无锡市)[公办],,过程装备与控制工程,,,597,14703
0956,江南大学(无锡市)[公办],,高分子材料与工程,,,599,13858
0956,江南大学(无锡市)[公办],,微电子科学与工程,,,605,11477
0956,江南大学(无锡市)[公办],,光电信息科学与工程,,,603,12248
0956,江南大学(无锡市)[公办],,人工智能,,,606,11130
0956,江南大学(无锡市)[公办],,自动化,,,606,11130
0956,江南大学(无锡市)[公办],,机器人工程,,,604,11858
0956,江南大学(无锡市)[公办],,计算机科学与技术,,,611,9385
0956,江南大学(无锡市)[公办],,物联网工程,,,607,10760
0956,江南大学(无锡市)[公办],,数字媒体技术,,,605,11477
0956,江南大学(无锡市)[公办],,土木工程,,,599,13858
0956,江南大学(无锡市)[公办],,化学工程与工艺,,,592,16998
0956,江南大学(无锡市)[公办],,纺织工程,,,580,23348
0956,江南大学(无锡市)[公办],,服装设计与工程,,,570,29403
0956,江南大学(无锡市)[公办],,轻化工程,,,588,19006
0956,江南大学(无锡市)[公办],,环境工程,,,591,17508
0956,江南大学(无锡市)[公办],,环境科学,,,590,17968
0956,江南大学(无锡市)[公办],,食品科学与工程,,,605,11477
0956,江南大学(无锡市)[公办],,食品质量与安全,,,599,13858
0956,江南大学(无锡市)[公办],,生物工程(国家生命科学与技术人才培养基地班),,,597,14703
0956,江南大学(无锡市)[公办],,临床医学,,,604,11858
0956,江南大学(无锡市)[公办],,药学,,,596,15132
0956,江南大学(无锡市)[公办],,大数据管理与应用,,,606,11130
0956,江南大学(无锡市)[公办],,会计学,,,603,12248
0964,江苏大学(镇江市)[公办],,化学类,,,574,26972
0964,江苏大学(镇江市)[公办],,统计学,,,579,23927
0964,江苏大学(镇江市)[公办],,机械设计制造及其自动化,,,589,18507
0964,江苏大学(镇江市)[公办],,车辆工程,,,579,23927
0964,江苏大学(镇江市)[公办],,智能制造工程,,,581,22793
0964,江苏大学(镇江市)[公办],,材料类,,,571,28818
0964,江苏大学(镇江市)[公办],,金属材料工程,,,571,28818
0964,江苏大学(镇江市)[公办],,复合材料与工程,,,567,31356
0964,江苏大学(镇江市)[公办],,能源与动力工程,,,573,27552
0964,江苏大学(镇江市)[公办],,新能源科学与工程,,,582,22261
0964,江苏大学(镇江市)[公办],,电气工程及其自动化,,,590,17968
0964,江苏大学(镇江市)[公办],,电子信息工程,,,591,17508
0964,江苏大学(镇江市)[公办],,计算机科学与技术,,,595,15596
0964,江苏大学(镇江市)[公办],,软件工程,,,588,19006
0964,江苏大学(镇江市)[公办],,物联网工程,,,587,19505
0964,江苏大学(镇江市)[公办],,交通运输,,,576,25729
0964,江苏大学(镇江市)[公办],,农业机械化及其自动化,,,569,30021
0964,江苏大学(镇江市)[公办],,环境工程,,,572,28175
0964,江苏大学(镇江市)[公办],,食品科学与工程类,,,571,28818
0964,江苏大学(镇江市)[公办],,安全工程,,,576,25729
0964,江苏大学(镇江市)[公办],,临床医学,,,587,19505
0964,江苏大学(镇江市)[公办],,医学影像学,,,589,18507
0964,江苏大学(镇江市)[公办],,药学类,,,571,28818
0964,江苏大学(镇江市)[公办],,医学检验技术,,,578,24508
0964,江苏大学(镇江市)[公办],,信息管理与信息系统,,,581,22793
0965,江苏第二师范学院(南京市)[公办],,科学教育(师范),,,527,62507
0965,江苏第二师范学院(南京市)[公办],,数学与应用数学(师范),,,534,56478
0969,江苏海洋大学(连云港市)[公办],,数学与应用数学,,,535,55619
0969,江苏海洋大学(连云港市)[公办],,信息与计算科学,,,526,63346
0969,江苏海洋大学(连云港市)[公办],,地理信息科学,,,524,65102
0969,江苏海洋大学(连云港市)[公办],,海洋科学,,,528,61650
0969,江苏海洋大学(连云港市)[公办],,海洋技术,,,527,62507
0969,江苏海洋大学(连云港市)[公办],,海洋资源与环境,,,524,65102
0969,江苏海洋大学(连云港市)[公办],,生物技术,,,524,65102
0969,江苏海洋大学(连云港市)[公办],,机械设计制造及其自动化,,,526,63346
0969,江苏海洋大学(连云港市)[公办],,高分子材料与工程,,,513,74844
0969,江苏海洋大学(连云港市)[公办],,新能源科学与工程,,,523,65971
0969,江苏海洋大学(连云港市)[公办],,电气工程及其自动化,,,542,49854
0969,江苏海洋大学(连云港市)[公办],,电子信息工程,,,536,54791
0969,江苏海洋大学(连云港市)[公办],,通信工程,,,537,53967
0969,江苏海洋大学(连云港市)[公办],,光电信息科学与工程,,,524,65102
0969,江苏海洋大学(连云港市)[公办],,自动化,,,528,61650
0969,江苏海洋大学(连云港市)[公办],,机器人工程,,,523,65971
0969,江苏海洋大学(连云港市)[公办],,计算机科学与技术,,,549,44261
0969,江苏海洋大学(连云港市)[公办],,网络工程,,,534,56478
0969,江苏海洋大学(连云港市)[公办],,土木工程,,,524,65102
0969,江苏海洋大学(连云港市)[公办],,港口航道与海岸工程,,,522,66880
0969,江苏海洋大学(连云港市)[公办],,测绘工程,,,523,65971
0969,江苏海洋大学(连云港市)[公办],,化学工程与工艺,,,523,65971
0969,江苏海洋大学(连云港市)[公办],,船舶与海洋工程,,,523,65971
0969,江苏海洋大学(连云港市)[公办],,海洋资源开发技术,,,512,75821
0969,江苏海洋大学(连云港市)[公办],,环境工程,,,548,44990
0969,江苏海洋大学(连云港市)[公办],,食品科学与工程,,,520,68600
0969,江苏海洋大学(连云港市)[公办],,建筑学,,,523,65971
0969,江苏海洋大学(连云港市)[公办],,安全工程,,,537,53967
0969,江苏海洋大学(连云港市)[公办],,生物工程,,,513,74844
0969,江苏海洋大学(连云港市)[公办],,水产养殖学,,,509,78673
0969,江苏海洋大学(连云港市)[公办],,药物分析,,,514,73932
0969,江苏海洋大学(连云港市)[公办],,工程管理,,,516,72111
0975,江苏警官学院(南京市)[公办],,法学,,,541,50682
0975,江苏警官学院(南京市)[公办],,计算机科学与技术,,,538,53169
0975,江苏警官学院(南京市)[公办],,行政管理,,,530,59831
0977,江苏科技大学苏州理工学院(张家港市)[独立学院],,英语,,,502,85294
0977,江苏科技大学苏州理工学院(张家港市)[独立学院],,新能源材料与器件,,,466,119485
0977,江苏科技大学苏州理工学院(张家港市)[独立学院],,能源与动力工程,,,469,116739
0977,江苏科技大学苏州理工学院(张家港市)[独立学院],,信息管理与信息系统,,,483,103506
0977,江苏科技大学苏州理工学院(张家港市)[独立学院],,工程造价,,,467,118588
0977,江苏科技大学苏州理工学院(张家港市)[独立学院],,财务管理,,,473,113007
0978,江苏科技大学(镇江市)[公办],,信息与计算科学,,,564,32737
0978,江苏科技大学(镇江市)[公办],,应用物理学,,,558,37566
0978,江苏科技大学(镇江市)[公办],,生物技术,,,558,37566
0978,江苏科技大学(镇江市)[公办],,应用统计学,,,564,32737
0978,江苏科技大学(镇江市)[公办],,工程力学,,,557,38272
0978,江苏科技大学(镇江市)[公办],,机械类,,,561,35449
0978,江苏科技大学(镇江市)[公办],,工业设计,,,562,34751
0978,江苏科技大学(镇江市)[公办],,测控技术与仪器,,,561,35449
0978,江苏科技大学(镇江市)[公办],,材料类,,,557,38272
0978,江苏科技大学(镇江市)[公办],,能源动力类,,,560,36168
0978,江苏科技大学(镇江市)[公办],,电气工程及其自动化,,,568,30714
0978,江苏科技大学(镇江市)[公办],,电子信息类,,,566,31393
0978,江苏科技大学(镇江市)[公办],,光电信息科学与工程,,,566,31393
0978,江苏科技大学(镇江市)[公办],,电子封装技术,,,559,36873
0978,江苏科技大学(镇江市)[公办],,人工智能,,,570,29403
0978,江苏科技大学(镇江市)[公办],,自动化,,,570,29403
0978,江苏科技大学(镇江市)[公办],,计算机科学与技术(嵌入式培养),,,574,26972
0978,江苏科技大学(镇江市)[公办],,土木工程,,,561,35449
0978,江苏科技大学(镇江市)[公办],,建筑环境与能源应用工程,,,554,40472
0978,江苏科技大学(镇江市)[公办],,给排水科学与工程,,,562,34751
0978,江苏科技大学(镇江市)[公办],,港口航道与海岸工程,,,561,35449
0978,江苏科技大学(镇江市)[公办],,海洋工程类,,,568,30714
0978,江苏科技大学(镇江市)[公办],,食品科学与工程类,,,558,37566
0978,江苏科技大学(镇江市)[公办],,生物工程,,,558,37566
0978,江苏科技大学(镇江市)[公办],,管理科学与工程类,,,561,35449
0978,江苏科技大学(镇江市)[公办],,工业工程,,,558,37566
0979,江苏理工学院[公办],,金融学,,,517,71252
0979,江苏理工学院[公办],,应用化学(师范),,,511,76779
0979,江苏理工学院[公办],,机械设计制造及其自动化,,,521,67756
0979,江苏理工学院[公办],,材料成型及控制工程,,,504,83397
0979,江苏理工学院[公办],,软件工程(嵌入式培养),,,519,69481
0979,江苏理工学院[公办],,会计学,,,518,70350
0982,江苏师范大学科文学院[独立学院],,经济学,,,458,126654
0982,江苏师范大学科文学院[独立学院],,国际经济与贸易,,,455,129310
0982,江苏师范大学科文学院[独立学院],,汉语言文学,,,458,126654
0982,江苏师范大学科文学院[独立学院],,英语,,,455,129310
0982,江苏师范大学科文学院[独立学院],,电气工程及其自动化,,,459,125856
0982,江苏师范大学科文学院[独立学院],,物联网工程,,,453,131095
0982,江苏师范大学科文学院[独立学院],,数据科学与大数据技术,,,461,124059
0983,江苏师范大学(徐州市)[公办],,经济学,,,572,28175
0983,江苏师范大学(徐州市)[公办],,英语,,,578,24508
0983,江苏师范大学(徐州市)[公办],,数学与应用数学,,,577,25118
0983,江苏师范大学(徐州市)[公办],,化学,,,570,29403
0983,江苏师范大学(徐州市)[公办],,生物科学,,,572,28175
0983,江苏师范大学(徐州市)[公办],,电气工程及其自动化,,,562,34751
0983,江苏师范大学(徐州市)[公办],,计算机科学与技术,,,573,27552
0983,江苏师范大学(徐州市)[公办],,数据科学与大数据技术,,,563,34024
0987,江西财经大学(南昌市)[公办],,经济学类,,,598,14272
0987,江西财经大学(南昌市)[公办],,经济统计学,,,595,15596
0987,江西财经大学(南昌市)[公办],,财政学类,,,591,17508
0987,江西财经大学(南昌市)[公办],,金融学类,,,597,14703
0987,江西财经大学(南昌市)[公办],,金融学(CFA方向),,,602,12631
0987,江西财经大学(南昌市)[公办],,金融学(FRM方向),,,594,16046
0987,江西财经大学(南昌市)[公办],,精算学,,,593,16515
0987,江西财经大学(南昌市)[公办],,国际经济与贸易(CITF方向),,,590,17968
0987,江西财经大学(南昌市)[公办],,国际经济与贸易,,,589,18507
0987,江西财经大学(南昌市)[公办],,法学(数据法学),,,588,19006
0987,江西财经大学(南昌市)[公办],,社会工作,,,556,39008
0987,江西财经大学(南昌市)[公办],,日语,,,566,31393
0987,江西财经大学(南昌市)[公办],,信息与计算科学(经济计量),,,578,24508
0987,江西财经大学(南昌市)[公办],,应用统计学,,,585,20594
0987,江西财经大学(南昌市)[公办],,计算机科学与技术(财经大数据管理),,,589,18507
0987,江西财经大学(南昌市)[公办],,物联网工程,,,585,20594
0987,江西财经大学(南昌市)[公办],,数据科学与大数据技术,,,584,21139
0987,江西财经大学(南昌市)[公办],,管理科学与工程类,,,573,27552
0987,江西财经大学(南昌市)[公办],,信息管理与信息系统(金融智能),,,582,22261
0987,江西财经大学(南昌市)[公办],,工商管理类,,,593,16515
0987,江西财经大学(南昌市)[公办],,市场营销(国际营销),,,543,49037
0987,江西财经大学(南昌市)[公办],,会计学(国际会计),,,593,16515
0987,江西财经大学(南昌市)[公办],,会计学(智能会计),,,603,12248
0987,江西财经大学(南昌市)[公办],,会计学(ACCA方向),,,595,15596
0987,江西财经大学(南昌市)[公办],,国际商务,,,581,22793
0987,江西财经大学(南昌市)[公办],,土地资源管理,,,567,31356
0987,江西财经大学(南昌市)[公办],,物流管理,,,563,34024
0987,江西财经大学(南昌市)[公办],,电子商务,,,579,23927
0987,江西财经大学(南昌市)[公办],,旅游管理,,,570,29403
0988,江西财经大学现代经济管理学院[独立学院],,法学,,,454,130189
0988,江西财经大学现代经济管理学院[独立学院],,商务英语,,,454,130189
0988,江西财经大学现代经济管理学院[独立学院],,计算机科学与技术,,,462,123141
0988,江西财经大学现代经济管理学院[独立学院],,信息管理与信息系统,,,452,131939
0988,江西财经大学现代经济管理学院[独立学院],,工程造价,,,450,133684
0988,江西财经大学现代经济管理学院[独立学院],,大数据管理与应用,,,453,131095
0988,江西财经大学现代经济管理学院[独立学院],,会计学,,,461,124059
0988,江西财经大学现代经济管理学院[独立学院],,会计学(注册会计师),,,465,120370
0988,江西财经大学现代经济管理学院[独立学院],,财务管理,,,454,130189
0988,江西财经大学现代经济管理学院[独立学院],,人力资源管理,,,451,132831
0988,江西财经大学现代经济管理学院[独立学院],,物流管理,,,447,136314
0988,江西财经大学现代经济管理学院[独立学院],,电子商务,,,453,131095
0988,江西财经大学现代经济管理学院[独立学院],,旅游管理,,,442,140581
0992,江西服装学院[民办],,服装设计与工程,,,442,140581
0992,江西服装学院[民办],,财务管理,,,413,162888
0993,江西工程学院[民办],,小学教育,,,455,129310
0993,江西工程学院[民办],,机械设计制造及其自动化,,,460,124911
0993,江西工程学院[民办],,电子信息工程,,,456,128454
1001,江西科技师范大学(南昌市)[公办],,国际经济与贸易,,,524,65102
1001,江西科技师范大学(南昌市)[公办],,法学(企业法律实务),,,530,59831
1001,江西科技师范大学(南昌市)[公办],,思想政治教育(师范),,,529,60756
1001,江西科技师范大学(南昌市)[公办],,学前教育(师范),,,523,65971
1001,江西科技师范大学(南昌市)[公办],,英语(师范),,,531,58995
1001,江西科技师范大学(南昌市)[公办],,数学与应用数学(师范),,,535,55619
1001,江西科技师范大学(南昌市)[公办],,化学(师范),,,529,60756
1001,江西科技师范大学(南昌市)[公办],,应用化学(含职教师范),,,519,69481
1001,江西科技师范大学(南昌市)[公办],,生物科学(师范),,,529,60756
1001,江西科技师范大学(南昌市)[公办],,机械设计制造及其自动化(含职教师范),,,516,72111
1001,江西科技师范大学(南昌市)[公办],,机械电子工程(含职教师范),,,513,74844
1001,江西科技师范大学(南昌市)[公办],,材料化学,,,511,76779
1001,江西科技师范大学(南昌市)[公办],,高分子材料与工程,,,504,83397
1001,江西科技师范大学(南昌市)[公办],,人工智能,,,528,61650
1001,江西科技师范大学(南昌市)[公办],,计算机科学与技术,,,529,60756
1001,江西科技师范大学(南昌市)[公办],,计算机科学与技术,,,521,67756
1001,江西科技师范大学(南昌市)[公办],,网络工程(含职教师范),,,522,66880
1001,江西科技师范大学(南昌市)[公办],,虚拟现实技术(软件动漫学院),,,521,67756
1001,江西科技师范大学(南昌市)[公办],,制药工程(含职教师范),,,508,79620
1001,江西科技师范大学(南昌市)[公办],,会计学(国际会计),,,545,47376
1001,江西科技师范大学(南昌市)[公办],,物流管理,,,520,68600
1002,江西科技学院(南昌市)[民办],,智能制造工程,,,414,162144
1002,江西科技学院(南昌市)[民办],,计算机科学与技术,,,415,161451
1002,江西科技学院(南昌市)[民办],,软件工程,,,415,161451
1002,江西科技学院(南昌市)[民办],,工程造价,,,433,147987
1002,江西科技学院(南昌市)[民办],,大数据管理与应用,,,431,149615
1002,江西科技学院(南昌市)[民办],,会计学,,,437,144729
1004,江西理工大学[公办],,国际经济与贸易,,,539,52338
1004,江西理工大学[公办],,信息与计算科学,,,547,45772
1004,江西理工大学[公办],,应用化学,,,532,58171
1004,江西理工大学[公办],,地理信息科学,,,532,58171
1004,江西理工大学[公办],,机械工程,,,536,54791
1004,江西理工大学[公办],,材料成型及控制工程,,,522,66880
1004,江西理工大学[公办],,智能制造工程,,,544,48201
1004,江西理工大学[公办],,材料科学与工程,,,529,60756
1004,江西理工大学[公办],,冶金工程,,,528,61650
1004,江西理工大学[公办],,金属材料工程,,,518,70350
1004,江西理工大学[公办],,能源与动力工程,,,533,57317
1004,江西理工大学[公办],,新能源科学与工程,,,533,57317
1004,江西理工大学[公办],,电气工程及其自动化,,,545,47376
1004,江西理工大学[公办],,电子信息类,,,544,48201
1004,江西理工大学[公办],,电子科学与技术,,,539,52338
1004,江西理工大学[公办],,电子信息科学与技术,,,544,48201
1004,江西理工大学[公办],,自动化,,,544,48201
1004,江西理工大学[公办],,机器人工程,,,544,48201
1004,江西理工大学[公办],,计算机类,,,548,44990
1004,江西理工大学[公办],,软件工程(软件开发方向),,,548,44990
1004,江西理工大学[公办],,软件工程(物联网方向),,,544,48201
1004,江西理工大学[公办],,软件工程(土木方向),,,536,54791
1004,江西理工大学[公办],,软件工程(会计方向),,,540,51523
1004,江西理工大学[公办],,软件工程(金融方向),,,537,53967
1004,江西理工大学[公办],,智能科学与技术,,,542,49854
1004,江西理工大学[公办],,虚拟现实技术,,,543,49037
1004,江西理工大学[公办],,土木类,,,531,58995
1004,江西理工大学[公办],,测绘工程,,,530,59831
1004,江西理工大学[公办],,化学工程与工艺,,,530,59831
1004,江西理工大学[公办],,矿业类,,,467,118588
1004,江西理工大学[公办],,环境工程,,,525,64228
1004,江西理工大学[公办],,建筑学,,,535,55619
1004,江西理工大学[公办],,城乡规划,,,536,54791
1004,江西理工大学[公办],,安全工程,,,529,60756
1004,江西理工大学[公办],,工程管理,,,535,55619
1004,江西理工大学[公办],,工程造价,,,539,52338
1004,江西理工大学[公办],,应急管理,,,509,78673
1004,江西理工大学[公办],,工商管理,,,540,51523
1004,江西理工大学[公办],,会计学,,,547,45772
1004,江西理工大学[公办],,电子科学与技术(中外合作办学),,,510,77713
1004,江西理工大学[公办],,采矿工程(中外合作办学),,,484,102507
1005,江西农业大学南昌商学院[独立学院],,数字经济,,,439,143057
1005,江西农业大学南昌商学院[独立学院],,国际经济与贸易,,,441,141442
1005,江西农业大学南昌商学院[独立学院],,日语,,,458,126654
1005,江西农业大学南昌商学院[独立学院],,广告学,,,450,133684
1005,江西农业大学南昌商学院[独立学院],,电子信息工程,,,446,137128
1005,江西农业大学南昌商学院[独立学院],,物联网工程,,,443,139702
1005,江西农业大学南昌商学院[独立学院],,园林,,,442,140581
1005,江西农业大学南昌商学院[独立学院],,工程管理,,,440,142251
1005,江西农业大学南昌商学院[独立学院],,工商管理,,,451,132831
1005,江西农业大学南昌商学院[独立学院],,审计学,,,458,126654
1005,江西农业大学南昌商学院[独立学院],,物流管理,,,442,140581
1005,江西农业大学南昌商学院[独立学院],,电子商务,,,448,135403
1005,江西农业大学南昌商学院[独立学院],,旅游管理,,,440,142251
1006,江西农业大学(南昌市)[公办],,教育技术学,,,514,73932
1006,江西农业大学(南昌市)[公办],,应用化学,,,507,80550
1006,江西农业大学(南昌市)[公办],,生物技术,,,503,84351
1006,江西农业大学(南昌市)[公办],,材料化学,,,502,85294
1006,江西农业大学(南昌市)[公办],,数字媒体技术,,,529,60756
1006,江西农业大学(南昌市)[公办],,制药工程,,,511,76779
1006,江西农业大学(南昌市)[公办],,生物工程,,,506,81500
1006,江西农业大学(南昌市)[公办],,植物保护,,,495,91989
1006,江西农业大学(南昌市)[公办],,种子科学与工程,,,501,88132
1006,江西农业大学(南昌市)[公办],,茶学,,,517,71252
1006,江西农业大学(南昌市)[公办],,动物科学,,,494,92936
1006,江西农业大学(南昌市)[公办],,动植物检疫,,,507,80550
1006,江西农业大学(南昌市)[公办],,水产养殖学,,,490,96770
1011,江西师范大学科学技术学院[独立学院],,金融工程,,,449,134515
1011,江西师范大学科学技术学院[独立学院],,学前教育,,,452,131939
1011,江西师范大学科学技术学院[独立学院],,小学教育,,,454,130189
1011,江西师范大学科学技术学院[独立学院],,电子信息工程,,,448,135403
1011,江西师范大学科学技术学院[独立学院],,会计学,,,451,132831
1011,江西师范大学科学技术学院[独立学院],,物流管理,,,451,132831
1012,江西师范大学(南昌市)[公办],,经济学,,,554,40472
1012,江西师范大学(南昌市)[公办],,金融学,,,554,40472
1012,江西师范大学(南昌市)[公办],,法学,,,567,31356
1012,江西师范大学(南昌市)[公办],,教育学类,,,552,42004
1012,江西师范大学(南昌市)[公办],,教育技术学,,,547,45772
1012,江西师范大学(南昌市)[公办],,英语,,,572,28175
1012,江西师范大学(南昌市)[公办],,法语,,,552,42004
1012,江西师范大学(南昌市)[公办],,日语,,,554,40472
1012,江西师范大学(南昌市)[公办],,数学与应用数学,,,561,35449
1012,江西师范大学(南昌市)[公办],,物理学,,,555,39718
1012,江西师范大学(南昌市)[公办],,化学类,,,550,43499
1012,江西师范大学(南昌市)[公办],,地理科学类,,,558,37566
1012,江西师范大学(南昌市)[公办],,生物科学,,,554,40472
1012,江西师范大学(南昌市)[公办],,生物技术,,,552,42004
1012,江西师范大学(南昌市)[公办],,心理学类,,,568,30714
1012,江西师范大学(南昌市)[公办],,统计学,,,572,28175
1012,江西师范大学(南昌市)[公办],,材料化学,,,547,45772
1012,江西师范大学(南昌市)[公办],,电子信息类,,,551,42759
1012,江西师范大学(南昌市)[公办],,人工智能,,,548,44990
1012,江西师范大学(南昌市)[公办],,计算机科学与技术,,,554,40472
1012,江西师范大学(南昌市)[公办],,计算机科学与技术,,,551,42759
1012,江西师范大学(南昌市)[公办],,数据科学与大数据技术,,,560,36168
1012,江西师范大学(南昌市)[公办],,化学工程与工艺,,,548,44990
1012,江西师范大学(南昌市)[公办],,食品营养与健康,,,547,45772
1012,江西师范大学(南昌市)[公办],,建筑学,,,552,42004
1012,江西师范大学(南昌市)[公办],,生物工程,,,550,43499
1012,江西师范大学(南昌市)[公办],,管理科学与工程类,,,539,52338
1012,江西师范大学(南昌市)[公办],,旅游管理,,,543,49037
1027,江西中医药大学(南昌市)[公办],,保险学,,,511,76779
1027,江西中医药大学(南昌市)[公办],,应用心理学,,,531,58995
1027,江西中医药大学(南昌市)[公办],,医学信息工程,,,534,56478
1027,江西中医药大学(南昌市)[公办],,计算机科学与技术,,,527,62507
1027,江西中医药大学(南昌市)[公办],,生物医学工程,,,529,60756
1027,江西中医药大学(南昌市)[公办],,中医学,,,544,48201
1027,江西中医药大学(南昌市)[公办],,中医学(5+3一体化),,,567,31356
1027,江西中医药大学(南昌市)[公办],,针灸推拿学,,,533,57317
1027,江西中医药大学(南昌市)[公办],,中西医临床医学,,,530,59831
1027,江西中医药大学(南昌市)[公办],,药学,,,519,69481
1027,江西中医药大学(南昌市)[公办],,中药学,,,517,71252
1027,江西中医药大学(南昌市)[公办],,中药制药,,,511,76779
1027,江西中医药大学(南昌市)[公办],,医学影像技术,,,520,68600
1027,江西中医药大学(南昌市)[公办],,康复治疗学,,,519,69481
1027,江西中医药大学(南昌市)[公办],,护理学,,,512,75821
1027,江西中医药大学(南昌市)[公办],,公共事业管理,,,509,78673
1034,金陵科技学院(南京市)[公办],,国际经济与贸易,,,528,61650
1034,金陵科技学院(南京市)[公办],,复合材料与工程,,,521,67756
1034,金陵科技学院(南京市)[公办],,宝石及材料工艺学,,,521,67756
1034,金陵科技学院(南京市)[公办],,通信工程,,,531,58995
1034,金陵科技学院(南京市)[公办],,信息工程,,,526,63346
1034,金陵科技学院(南京市)[公办],,自动化,,,534,56478
1034,金陵科技学院(南京市)[公办],,计算机科学与技术,,,538,53169
1034,金陵科技学院(南京市)[公办],,软件工程,,,535,55619
1034,金陵科技学院(南京市)[公办],,数据科学与大数据技术,,,533,57317
1034,金陵科技学院(南京市)[公办],,土木工程,,,526,63346
1034,金陵科技学院(南京市)[公办],,风景园林,,,533,57317
1034,金陵科技学院(南京市)[公办],,动物医学,,,516,72111
1034,金陵科技学院(南京市)[公办],,市场营销,,,522,66880
1037,锦州医科大学[公办],,动物医学,,,532,58171
1037,锦州医科大学[公办],,动植物检疫,,,519,69481
1037,锦州医科大学[公办],,临床医学,,,549,44261
1037,锦州医科大学[公办],,医学影像学,,,551,42759
1037,锦州医科大学[公办],,口腔医学,,,571,28818
1037,锦州医科大学[公办],,预防医学,,,531,58995
1037,锦州医科大学[公办],,药学,,,532,58171
1037,锦州医科大学[公办],,医学检验技术,,,530,59831
1037,锦州医科大学[公办],,康复治疗学,,,526,63346
1037,锦州医科大学[公办],,护理学,,,531,58995
1038,锦州医科大学医疗学院[独立学院],,临床医学,,,465,120370
1038,锦州医科大学医疗学院[独立学院],,麻醉学,,,455,129310
1038,锦州医科大学医疗学院[独立学院],,口腔医学,,,472,113947
1038,锦州医科大学医疗学院[独立学院],,药学,,,458,126654
1038,锦州医科大学医疗学院[独立学院],,医学检验技术,,,448,135403
1040,晋中信息学院[民办],,机械设计制造及其自动化,,,444,138829
1040,晋中信息学院[民办],,电气工程及其自动化,,,445,137992
1040,晋中信息学院[民办],,电子信息工程,,,443,139702
1040,晋中信息学院[民办],,通信工程,,,442,140581
1040,晋中信息学院[民办],,机器人工程,,,439,143057
1040,晋中信息学院[民办],,计算机科学与技术,,,447,136314
1040,晋中信息学院[民办],,软件工程,,,445,137992
1040,晋中信息学院[民办],,网络工程,,,452,131939
1040,晋中信息学院[民办],,物联网工程,,,442,140581
1040,晋中信息学院[民办],,数字媒体技术,,,445,137992
1040,晋中信息学院[民办],,数据科学与大数据技术,,,444,138829
1040,晋中信息学院[民办],,动物医学,,,447,136314
1040,晋中信息学院[民办],,大数据管理与应用,,,440,142251
1041,晋中学院[公办],,英语,,,493,93969
1041,晋中学院[公办],,数学与应用数学,,,486,100581
1041,晋中学院[公办],,物理学,,,476,110122
1041,晋中学院[公办],,酒店管理,,,471,114847
1042,荆楚理工学院[公办],,电气工程及其自动化,,,505,82447
1042,荆楚理工学院[公办],,机器人工程,,,507,80550
1042,荆楚理工学院[公办],,制药工程,,,492,94896
1042,荆楚理工学院[公办],,飞行器制造工程,,,496,90982
1045,荆州学院(荆州市)[民办],,机械设计制造及其自动化,,,436,145515
1045,荆州学院(荆州市)[民办],,新能源科学与工程,,,432,148796
1045,荆州学院(荆州市)[民办],,电子信息工程,,,439,143057
1045,荆州学院(荆州市)[民办],,自动化,,,437,144729
1045,荆州学院(荆州市)[民办],,机器人工程,,,418,159311
1045,荆州学院(荆州市)[民办],,计算机科学与技术,,,438,143930
1045,荆州学院(荆州市)[民办],,软件工程,,,437,144729
1045,荆州学院(荆州市)[民办],,物联网工程,,,435,146339
1045,荆州学院(荆州市)[民办],,土木工程,,,432,148796
1045,荆州学院(荆州市)[民办],,资源勘查工程,,,419,158594
1045,荆州学院(荆州市)[民办],,石油工程,,,421,157137
1045,荆州学院(荆州市)[民办],,城乡规划,,,432,148796
1045,荆州学院(荆州市)[民办],,工程管理,,,431,149615
1045,荆州学院(荆州市)[民办],,工程造价,,,434,147162
1045,荆州学院(荆州市)[民办],,电子商务,,,436,145515
1047,井冈山大学(吉安市)[公办],,经济与金融,,,514,73932
1047,井冈山大学(吉安市)[公办],,社会工作,,,506,81500
1047,井冈山大学(吉安市)[公办],,汉语言文学,,,521,67756
1047,井冈山大学(吉安市)[公办],,英语,,,523,65971
1047,井冈山大学(吉安市)[公办],,日语,,,508,79620
1047,井冈山大学(吉安市)[公办],,数学与应用数学,,,514,73932
1047,井冈山大学(吉安市)[公办],,物理学,,,508,79620
1047,井冈山大学(吉安市)[公办],,化学,,,501,88132
1047,井冈山大学(吉安市)[公办],,生物科学,,,500,88132
1047,井冈山大学(吉安市)[公办],,机械设计制造及其自动化,,,509,78673
1047,井冈山大学(吉安市)[公办],,材料成型及控制工程,,,497,90044
1047,井冈山大学(吉安市)[公办],,电气工程及其自动化,,,510,77713
1047,井冈山大学(吉安市)[公办],,电子信息科学与技术,,,509,78673
1047,井冈山大学(吉安市)[公办],,计算机科学与技术,,,516,72111
1047,井冈山大学(吉安市)[公办],,数据科学与大数据技术,,,513,74844
1047,井冈山大学(吉安市)[公办],,土木工程,,,506,81500
1047,井冈山大学(吉安市)[公办],,环境工程,,,496,90982
1047,井冈山大学(吉安市)[公办],,建筑学,,,506,81500
1047,井冈山大学(吉安市)[公办],,临床医学,,,517,71252
1047,井冈山大学(吉安市)[公办],,中医学,,,508,79620
1047,井冈山大学(吉安市)[公办],,药学,,,500,88132
1047,井冈山大学(吉安市)[公办],,康复治疗学,,,501,88132
1047,井冈山大学(吉安市)[公办],,会计学,,,512,75821
1047,井冈山大学(吉安市)[公办],,行政管理,,,509,78673
1048,景德镇陶瓷大学[公办],,金融工程,,,514,73932
1048,景德镇陶瓷大学[公办],,日语,,,508,79620
1048,景德镇陶瓷大学[公办],,信息与计算科学,,,507,80550
1048,景德镇陶瓷大学[公办],,应用统计学,,,511,76779
1048,景德镇陶瓷大学[公办],,机械设计制造及其自动化,,,504,83397
1048,景德镇陶瓷大学[公办],,材料成型及控制工程,,,499,88132
1048,景德镇陶瓷大学[公办],,机械电子工程,,,511,76779
1048,景德镇陶瓷大学[公办],,智能制造工程,,,508,79620
1048,景德镇陶瓷大学[公办],,材料化学,,,497,90044
1048,景德镇陶瓷大学[公办],,无机非金属材料工程,,,494,92936
1048,景德镇陶瓷大学[公办],,粉体材料科学与工程,,,493,93969
1048,景德镇陶瓷大学[公办],,新能源材料与器件,,,510,77713
1048,景德镇陶瓷大学[公办],,能源与动力工程,,,503,84351
1048,景德镇陶瓷大学[公办],,电子信息工程,,,513,74844
1048,景德镇陶瓷大学[公办],,电子科学与技术,,,513,74844
1048,景德镇陶瓷大学[公办],,计算机科学与技术,,,522,66880
1048,景德镇陶瓷大学[公办],,数字媒体技术,,,531,58995
1048,景德镇陶瓷大学[公办],,环境工程,,,495,91989
1048,景德镇陶瓷大学[公办],,信息管理与信息系统,,,503,84351
1048,景德镇陶瓷大学[公办],,工商管理,,,509,78673
1048,景德镇陶瓷大学[公办],,会计学,,,517,71252
1048,景德镇陶瓷大学[公办],,财务管理,,,524,65102
1048,景德镇陶瓷大学[公办],,电子商务,,,506,81500
1051,景德镇艺术职业大学[民办],,机械设计制造及其自动化,,,431,149615
1051,景德镇艺术职业大学[民办],,自动化,,,423,155642
1053,九江学院[公办],,机械设计制造及其自动化,,,495,91989
1053,九江学院[公办],,车辆工程,,,493,93969
1053,九江学院[公办],,金属材料工程,,,489,97728
1053,九江学院[公办],,电子信息工程,,,500,88132
1053,九江学院[公办],,计算机科学与技术,,,502,85294
1053,九江学院[公办],,土木工程,,,493,93969
1053,九江学院[公办],,临床医学,,,515,73018
1053,九江学院[公办],,药学,,,497,90044
1053,九江学院[公办],,护理学,,,486,100581
1053,九江学院[公办],,电子商务,,,493,93969
1057,喀什大学[公办],,经济统计学,,,455,129310
1057,喀什大学[公办],,国际经济与贸易,,,461,124059
1057,喀什大学[公办],,法学,,,486,100581
1057,喀什大学[公办],,社会工作,,,460,124911
1057,喀什大学[公办],,教育学,,,460,124911
1057,喀什大学[公办],,学前教育,,,455,129310
1057,喀什大学[公办],,小学教育,,,473,113007
1057,喀什大学[公办],,汉语言文学,,,480,106344
1057,喀什大学[公办],,汉语国际教育,,,467,118588
1057,喀什大学[公办],,英语,,,481,105433
1057,喀什大学[公办],,俄语,,,476,110122
1057,喀什大学[公办],,翻译,,,459,125856
1057,喀什大学[公办],,广播电视学,,,463,122201
1057,喀什大学[公办],,广告学,,,460,124911
1057,喀什大学[公办],,历史学,,,459,125856
1057,喀什大学[公办],,数学与应用数学,,,470,115794
1057,喀什大学[公办],,物理学,,,459,125856
1057,喀什大学[公办],,化学,,,463,122201
1057,喀什大学[公办],,地理科学,,,467,118588
1057,喀什大学[公办],,生物科学,,,466,119485
1057,喀什大学[公办],,心理学,,,476,110122
1057,喀什大学[公办],,应用统计学,,,461,124059
1057,喀什大学[公办],,电气工程及其自动化,,,480,106344
1057,喀什大学[公办],,通信工程,,,470,115794
1057,喀什大学[公办],,电子信息科学与技术,,,466,119485
1057,喀什大学[公办],,计算机科学与技术,,,479,107280
1057,喀什大学[公办],,网络工程,,,469,116739
1057,喀什大学[公办],,数字媒体技术,,,465,120370
1057,喀什大学[公办],,土木工程,,,482,104483
1057,喀什大学[公办],,给排水科学与工程,,,458,126654
1057,喀什大学[公办],,环境科学与工程,,,458,126654
1057,喀什大学[公办],,食品科学与工程,,,458,126654
1057,喀什大学[公办],,食品质量与安全,,,462,123141
1057,喀什大学[公办],,财务管理,,,460,124911
1057,喀什大学[公办],,旅游管理,,,461,124059
1061,空军军医大学[公办],,生物技术,,,599,13858
1061,空军军医大学[公办],,生物医学工程,,,603,12248
1061,空军军医大学[公办],,基础医学,,,603,12248
1061,空军军医大学[公办],,临床医学,,,633,3898
1061,空军军医大学[公办],,临床医学,,,619,7098
1061,空军军医大学[公办],,口腔医学,,,634,3706
1061,空军军医大学[公办],,口腔医学,,,625,5524
1061,空军军医大学[公办],,药学,,,596,15132
1061,空军军医大学[公办],,护理学,,,594,16046
1062,昆明城市学院[民办],,金融学,,,421,157137
1062,昆明城市学院[民办],,计算机科学与技术,,,444,138829
1062,昆明城市学院[民办],,工商管理,,,413,162888
1063,昆明理工大学[公办],,金融学,,,564,32737
1063,昆明理工大学[公办],,机械工程,,,562,34751
1063,昆明理工大学[公办],,材料成型及控制工程,,,550,43499
1063,昆明理工大学[公办],,过程装备与控制工程,,,556,39008
1063,昆明理工大学[公办],,车辆工程,,,560,36168
1063,昆明理工大学[公办],,智能制造工程,,,561,35449
1063,昆明理工大学[公办],,材料科学与工程,,,553,41254
1063,昆明理工大学[公办],,冶金工程(菁英班),,,556,39008
1063,昆明理工大学[公办],,功能材料,,,544,48201
1063,昆明理工大学[公办],,能源与动力工程,,,561,35449
1063,昆明理工大学[公办],,电气工程及其自动化,,,569,30021
1063,昆明理工大学[公办],,通信工程,,,565,32080
1063,昆明理工大学[公办],,人工智能,,,565,32080
1063,昆明理工大学[公办],,自动化,,,568,30714
1063,昆明理工大学[公办],,机器人工程,,,560,36168
1063,昆明理工大学[公办],,计算机科学与技术,,,572,28175
1063,昆明理工大学[公办],,数据科学与大数据技术,,,570,29403
1063,昆明理工大学[公办],,土木工程,,,556,39008
1063,昆明理工大学[公办],,给排水科学与工程,,,550,43499
1063,昆明理工大学[公办],,水利类,,,551,42759
1063,昆明理工大学[公办],,制药工程,,,555,39718
1063,昆明理工大学[公办],,交通运输类,,,557,38272
1063,昆明理工大学[公办],,环境科学与工程类,,,553,41254
1063,昆明理工大学[公办],,建筑学,,,560,36168
1063,昆明理工大学[公办],,城乡规划,,,553,41254
1063,昆明理工大学[公办],,风景园林,,,541,50682
1063,昆明理工大学[公办],,生物工程(创新班),,,561,35449
1063,昆明理工大学[公办],,工程造价,,,558,37566
1063,昆明理工大学[公办],,工商管理,,,559,36873
1063,昆明理工大学[公办],,工业工程,,,546,45883
1064,昆明理工大学津桥学院[独立学院],,法学,,,450,133684
1064,昆明理工大学津桥学院[独立学院],,英语,,,428,152021
1064,昆明理工大学津桥学院[独立学院],,通信工程,,,448,135403
1064,昆明理工大学津桥学院[独立学院],,电子信息科学与技术,,,448,135403
1064,昆明理工大学津桥学院[独立学院],,计算机科学与技术,,,450,133684
1064,昆明理工大学津桥学院[独立学院],,数字媒体技术,,,449,134515
1064,昆明理工大学津桥学院[独立学院],,水利水电工程,,,448,135403
1064,昆明理工大学津桥学院[独立学院],,建筑学,,,448,135403
1064,昆明理工大学津桥学院[独立学院],,城乡规划,,,437,144729
1064,昆明理工大学津桥学院[独立学院],,物业管理,,,436,145515
1066,昆明文理学院[民办],,数学与应用数学,,,443,139702
1066,昆明文理学院[民办],,土木工程,,,415,161451
1066,昆明文理学院[民办],,工程造价,,,420,157892
1066,昆明文理学院[民办],,财务管理,,,439,143057
1067,昆明学院[公办],,学前教育,,,505,82447
1067,昆明学院[公办],,物理学,,,494,92936
1067,昆明学院[公办],,生物科学,,,497,90044
1067,昆明学院[公办],,机械设计制造及其自动化,,,504,83397
1067,昆明学院[公办],,智能制造工程,,,505,82447
1067,昆明学院[公办],,电气工程及其自动化,,,502,85294
1067,昆明学院[公办],,通信工程,,,505,82447
1067,昆明学院[公办],,软件工程,,,509,78673
1067,昆明学院[公办],,医学检验技术,,,493,93969
1067,昆明学院[公办],,工商管理,,,495,91989
1067,昆明学院[公办],,会计学,,,504,83397
1067,昆明学院[公办],,财务管理,,,499,88132
1068,昆明医科大学[公办],,临床医学,,,581,22793
1068,昆明医科大学[公办],,麻醉学,,,575,26354
1068,昆明医科大学[公办],,医学影像学,,,574,26972
1068,昆明医科大学[公办],,口腔医学,,,590,17968
1068,昆明医科大学[公办],,预防医学,,,566,31393
1068,昆明医科大学[公办],,药学,,,555,39718
1068,昆明医科大学[公办],,临床药学,,,571,28818
1068,昆明医科大学[公办],,法医学,,,562,34751
1068,昆明医科大学[公办],,康复物理治疗,,,531,58995
1068,昆明医科大学[公办],,康复作业治疗,,,562,34751
1069,昆明医科大学海源学院[独立学院],,临床医学,,,464,121286
1069,昆明医科大学海源学院[独立学院],,口腔医学,,,473,113007
1069,昆明医科大学海源学院[独立学院],,医学检验技术,,,460,124911
1069,昆明医科大学海源学院[独立学院],,医学影像技术,,,460,124911
1069,昆明医科大学海源学院[独立学院],,眼视光学,,,462,123141
1069,昆明医科大学海源学院[独立学院],,护理学,,,457,127518
1074,兰州博文科技学院[民办],,机械设计制造及其自动化,,,451,132831
1074,兰州博文科技学院[民办],,车辆工程,,,436,145515
1074,兰州博文科技学院[民办],,电气工程及其自动化,,,441,141442
1074,兰州博文科技学院[民办],,轨道交通信号与控制,,,443,139702
1074,兰州博文科技学院[民办],,土木工程,,,440,142251
1074,兰州博文科技学院[民办],,测绘工程,,,435,146339
1074,兰州博文科技学院[民办],,工程造价,,,445,137992
1075,兰州财经大学[公办],,经济统计学,,,530,59831
1075,兰州财经大学[公办],,财政学,,,529,60756
1075,兰州财经大学[公办],,金融学(121中美实验班),,,511,76779
1075,兰州财经大学[公办],,金融工程,,,529,60756
1075,兰州财经大学[公办],,国际经济与贸易,,,526,63346
1075,兰州财经大学[公办],,法学,,,536,54791
1075,兰州财经大学[公办],,知识产权,,,525,64228
1075,兰州财经大学[公办],,自然地理与资源环境,,,518,70350
1075,兰州财经大学[公办],,人文地理与城乡规划,,,521,67756
1075,兰州财经大学[公办],,地理信息科学,,,520,68600
1075,兰州财经大学[公办],,统计学,,,530,59831
1075,兰州财经大学[公办],,应用统计学,,,535,55619
1075,兰州财经大学[公办],,计算机科学与技术,,,530,59831
1075,兰州财经大学[公办],,智能科学与技术,,,525,64228
1075,兰州财经大学[公办],,管理科学,,,516,72111
1075,兰州财经大学[公办],,会计学,,,538,53169
1075,兰州财经大学[公办],,会计学(121中美实验班),,,512,75821
1075,兰州财经大学[公办],,资产评估,,,523,65971
1075,兰州财经大学[公办],,农林经济管理,,,514,73932
1077,兰州城市学院[公办],,经济学,,,481,105433
1077,兰州城市学院[公办],,英语,,,494,92936
1077,兰州城市学院[公办],,翻译,,,484,102507
1077,兰州城市学院[公办],,数学与应用数学,,,481,105433
1077,兰州城市学院[公办],,新能源科学与工程,,,479,107280
1077,兰州城市学院[公办],,通信工程,,,489,97728
1077,兰州城市学院[公办],,软件工程,,,494,92936
1077,兰州城市学院[公办],,资源勘查工程,,,466,119485
1077,兰州城市学院[公办],,石油工程,,,469,116739
1077,兰州城市学院[公办],,油气储运工程,,,469,116739
1077,兰州城市学院[公办],,环境工程,,,472,113947
1077,兰州城市学院[公办],,建筑学,,,476,110122
1077,兰州城市学院[公办],,城乡规划,,,473,113007
1077,兰州城市学院[公办],,会计学(智能会计方向),,,500,88132
1077,兰州城市学院[公办],,财务管理,,,485,101531
1077,兰州城市学院[公办],,审计学,,,487,99599
1078,兰州大学[公办],,经济学类,,,614,8462
1078,兰州大学[公办],,数学类,,,614,8462
1078,兰州大学[公办],,物理学类,,,613,8757
1078,兰州大学[公办],,化学类,,,609,10048
1078,兰州大学[公办],,大气科学类,,,610,9711
1078,兰州大学[公办],,生物科学类,,,610,9711
1078,兰州大学[公办],,理论与应用力学(基地班),,,611,9385
1078,兰州大学[公办],,材料类,,,610,9711
1078,兰州大学[公办],,电子信息类,,,615,8162
1078,兰州大学[公办],,计算机类,,,617,7638
1078,兰州大学[公办],,化工与制药类,,,607,10760
1078,兰州大学[公办],,临床医学类,,,611,9385
1078,兰州大学[公办],,口腔医学,,,612,9070
1078,兰州大学[公办],,工商管理类,,,611,9385
1078,兰州大学[公办],,计算机科学与技术(中外合作办学),,,588,19006
1080,兰州工商学院[民办],,金融学,,,436,145515
1080,兰州工商学院[民办],,工程造价,,,437,144729
1080,兰州工商学院[民办],,会计学(注册会计师方向),,,445,137992
1080,兰州工商学院[民办],,审计学,,,439,143057
1081,兰州工业学院[公办],,经济与金融,,,494,92936
1081,兰州工业学院[公办],,车辆工程,,,493,93969
1081,兰州工业学院[公办],,复合材料与工程,,,474,112067
1081,兰州工业学院[公办],,电子信息工程,,,495,91989
1081,兰州工业学院[公办],,通信工程,,,493,93969
1081,兰州工业学院[公办],,轨道交通信号与控制,,,494,92936
1081,兰州工业学院[公办],,网络工程,,,495,91989
1081,兰州工业学院[公办],,物联网工程,,,494,92936
1081,兰州工业学院[公办],,数字媒体技术,,,498,89072
1081,兰州工业学院[公办],,财务管理,,,496,90982
1081,兰州工业学院[公办],,电子商务,,,492,94896
1083,兰州交通大学[公办],,信息与计算科学,,,560,36168
1083,兰州交通大学[公办],,应用物理学,,,562,34751
1083,兰州交通大学[公办],,应用化学,,,541,50682
1083,兰州交通大学[公办],,地理信息科学,,,542,49854
1083,兰州交通大学[公办],,统计学,,,542,49854
1083,兰州交通大学[公办],,工程力学,,,537,53967
1083,兰州交通大学[公办],,机械设计制造及其自动化,,,550,43499
1083,兰州交通大学[公办],,材料成型及控制工程,,,539,52338
1083,兰州交通大学[公办],,机械电子工程,,,544,48201
1083,兰州交通大学[公办],,过程装备与控制工程,,,542,49854
1083,兰州交通大学[公办],,车辆工程,,,556,39008
1083,兰州交通大学[公办],,车辆工程(卓越计划班),,,569,30021
1083,兰州交通大学[公办],,测控技术与仪器,,,546,45883
1083,兰州交通大学[公办],,材料科学与工程,,,533,57317
1083,兰州交通大学[公办],,能源与动力工程,,,547,45772
1083,兰州交通大学[公办],,新能源科学与工程,,,551,42759
1083,兰州交通大学[公办],,电气工程及其自动化,,,577,25118
1083,兰州交通大学[公办],,电气工程及其自动化(卓越计划班),,,592,16998
1083,兰州交通大学[公办],,电子科学与技术,,,551,42759
1083,兰州交通大学[公办],,通信工程,,,555,39718
1083,兰州交通大学[公办],,自动化,,,563,34024
1083,兰州交通大学[公办],,轨道交通信号与控制,,,563,34024
1083,兰州交通大学[公办],,计算机科学与技术,,,563,34024
1083,兰州交通大学[公办],,数据科学与大数据技术,,,549,44261
1083,兰州交通大学[公办],,土木工程,,,552,42004
1083,兰州交通大学[公办],,土木工程(卓越计划班),,,563,34024
1083,兰州交通大学[公办],,建筑环境与能源应用工程,,,535,55619
1083,兰州交通大学[公办],,给排水科学与工程,,,536,54791
1083,兰州交通大学[公办],,建筑电气与智能化,,,557,38272
1083,兰州交通大学[公办],,道路桥梁与渡河工程,,,544,48201
1083,兰州交通大学[公办],,铁道工程,,,546,45883
1083,兰州交通大学[公办],,水利水电工程,,,545,47376
1083,兰州交通大学[公办],,测绘工程,,,533,57317
1083,兰州交通大学[公办],,遥感科学与技术,,,549,44261
1083,兰州交通大学[公办],,化学工程与工艺,,,535,55619
1083,兰州交通大学[公办],,交通运输,,,547,45772
1083,兰州交通大学[公办],,交通工程,,,558,37566
1083,兰州交通大学[公办],,环境工程,,,538,53169
1083,兰州交通大学[公办],,环境科学,,,535,55619
1083,兰州交通大学[公办],,建筑学,,,548,44990
1083,兰州交通大学[公办],,城乡规划,,,545,47376
1083,兰州交通大学[公办],,生物工程,,,556,39008
1083,兰州交通大学[公办],,生物制药,,,541,50682
1083,兰州交通大学[公办],,信息管理与信息系统,,,543,49037
1083,兰州交通大学[公办],,工程管理,,,539,52338
1083,兰州交通大学[公办],,工程造价,,,543,49037
1083,兰州交通大学[公办],,物流管理,,,539,52338
1085,兰州理工大学[公办],,金融学,,,557,38272
1085,兰州理工大学[公办],,国际经济与贸易,,,537,53967
1085,兰州理工大学[公办],,应用化学,,,538,53169
1085,兰州理工大学[公办],,工程力学,,,537,53967
1085,兰州理工大学[公办],,机械设计制造及其自动化,,,551,42759
1085,兰州理工大学[公办],,材料成型及控制工程,,,549,44261
1085,兰州理工大学[公办],,机械电子工程(流体传动与控制),,,542,49854
1085,兰州理工大学[公办],,过程装备与控制工程,,,531,58995
1085,兰州理工大学[公办],,智能制造工程,,,547,45772
1085,兰州理工大学[公办],,冶金工程,,,512,75821
1085,兰州理工大学[公办],,金属材料工程,,,532,58171
1085,兰州理工大学[公办],,无机非金属材料工程,,,534,56478
1085,兰州理工大学[公办],,高分子材料与工程,,,543,49037
1085,兰州理工大学[公办],,焊接技术与工程,,,541,50682
1085,兰州理工大学[公办],,能源与动力工程(流体机械及工程),,,543,49037
1085,兰州理工大学[公办],,新能源科学与工程,,,542,49854
1085,兰州理工大学[公办],,电气工程及其自动化,,,552,42004
1085,兰州理工大学[公办],,通信工程,,,550,43499
1085,兰州理工大学[公办],,电子信息科学与技术,,,552,42004
1085,兰州理工大学[公办],,自动化,,,557,38272
1085,兰州理工大学[公办],,机器人工程,,,548,44990
1085,兰州理工大学[公办],,计算机科学与技术,,,555,39718
1085,兰州理工大学[公办],,软件工程,,,549,44261
1085,兰州理工大学[公办],,物联网工程,,,550,43499
1085,兰州理工大学[公办],,数据科学与大数据技术,,,551,42759
1085,兰州理工大学[公办],,土木工程,,,541,50682
1085,兰州理工大学[公办],,道路桥梁与渡河工程,,,535,55619
1085,兰州理工大学[公办],,水利水电工程,,,543,49037
1085,兰州理工大学[公办],,化学工程与工艺,,,535,55619
1085,兰州理工大学[公办],,纺织工程,,,480,106344
1085,兰州理工大学[公办],,环境工程,,,538,53169
1085,兰州理工大学[公办],,食品科学与工程,,,534,56478
1085,兰州理工大学[公办],,建筑学,,,544,48201
1085,兰州理工大学[公办],,生物工程,,,537,53967
1085,兰州理工大学[公办],,信息管理与信息系统,,,541,50682
1085,兰州理工大学[公办],,工程造价,,,543,49037
1085,兰州理工大学[公办],,市场营销,,,532,58171
1085,兰州理工大学[公办],,财务管理,,,548,44990
1085,兰州理工大学[公办],,工业工程,,,536,54791
1087,兰州文理学院[公办],,应用化学,,,485,101531
1087,兰州文理学院[公办],,电子信息工程,,,502,85294
1087,兰州文理学院[公办],,软件工程,,,499,88132
1087,兰州文理学院[公办],,数字媒体技术,,,513,74844
1087,兰州文理学院[公办],,旅游管理,,,486,100581
1088,兰州信息科技学院[民办],,机械设计制造及其自动化,,,441,141442
1088,兰州信息科技学院[民办],,材料成型及控制工程,,,437,144729
1088,兰州信息科技学院[民办],,金属材料工程,,,427,152752
1088,兰州信息科技学院[民办],,能源与动力工程,,,437,144729
1088,兰州信息科技学院[民办],,电气工程及其自动化,,,442,140581
1088,兰州信息科技学院[民办],,电子信息工程,,,434,147162
1088,兰州信息科技学院[民办],,机器人工程,,,437,144729
1088,兰州信息科技学院[民办],,软件工程,,,449,134515
1088,兰州信息科技学院[民办],,数据科学与大数据技术,,,452,131939
1088,兰州信息科技学院[民办],,土木工程,,,438,143930
1088,兰州信息科技学院[民办],,水利水电工程,,,434,147162
1088,兰州信息科技学院[民办],,化学工程与工艺,,,436,145515
1090,廊坊师范学院[公办],,保险学,,,471,114847
1090,廊坊师范学院[公办],,国际经济与贸易,,,486,100581
1090,廊坊师范学院[公办],,法学,,,497,90044
1090,廊坊师范学院[公办],,社会工作,,,481,105433
1090,廊坊师范学院[公办],,思想政治教育,,,511,76779
1090,廊坊师范学院[公办],,教育学,,,514,73932
1090,廊坊师范学院[公办],,人文教育,,,500,88132
1090,廊坊师范学院[公办],,教育技术学,,,485,101531
1090,廊坊师范学院[公办],,学前教育,,,487,99599
1090,廊坊师范学院[公办],,小学教育,,,504,83397
1090,廊坊师范学院[公办],,汉语言文学,,,527,62507
1090,廊坊师范学院[公办],,英语,,,522,66880
1090,廊坊师范学院[公办],,日语,,,472,113947
1090,廊坊师范学院[公办],,翻译,,,496,90982
1090,廊坊师范学院[公办],,商务英语,,,513,74844
1090,廊坊师范学院[公办],,新闻学,,,494,92936
1090,廊坊师范学院[公办],,数学与应用数学,,,511,76779
1090,廊坊师范学院[公办],,信息与计算科学,,,483,103506
1090,廊坊师范学院[公办],,物理学,,,494,92936
1090,廊坊师范学院[公办],,化学,,,495,91989
1090,廊坊师范学院[公办],,应用化学,,,472,113947
1090,廊坊师范学院[公办],,生物科学类,,,482,104483
1090,廊坊师范学院[公办],,心理学,,,491,95797
1090,廊坊师范学院[公办],,材料化学,,,466,119485
1090,廊坊师范学院[公办],,电气工程及其自动化,,,482,104483
1090,廊坊师范学院[公办],,信息工程,,,480,106344
1090,廊坊师范学院[公办],,电子信息科学与技术,,,480,106344
1090,廊坊师范学院[公办],,计算机科学与技术,,,496,90982
1090,廊坊师范学院[公办],,软件工程,,,490,96770
1090,廊坊师范学院[公办],,土木工程,,,474,112067
1090,廊坊师范学院[公办],,食品科学与工程,,,471,114847
1090,廊坊师范学院[公办],,历史建筑保护工程,,,472,113947
1090,廊坊师范学院[公办],,工程管理,,,473,113007
1090,廊坊师范学院[公办],,市场营销,,,481,105433
1090,廊坊师范学院[公办],,会计学,,,501,88132
1090,廊坊师范学院[公办],,财务管理,,,498,89072
1090,廊坊师范学院[公办],,人力资源管理,,,488,98638
1090,廊坊师范学院[公办],,物流管理,,,477,109131
1090,廊坊师范学院[公办],,会展经济与管理,,,473,113007
1095,乐山师范学院[公办],,日语,,,464,121286
1095,乐山师范学院[公办],,行政管理,,,473,113007
1096,丽江文化旅游学院[民办],,经济学,,,424,154962
1096,丽江文化旅游学院[民办],,金融学,,,416,160740
1096,丽江文化旅游学院[民办],,学前教育,,,424,154962
1096,丽江文化旅游学院[民办],,小学教育,,,429,151199
1096,丽江文化旅游学院[民办],,汉语言文学,,,430,150433
1096,丽江文化旅游学院[民办],,汉语国际教育,,,423,155642
1096,丽江文化旅游学院[民办],,英语,,,423,155642
1096,丽江文化旅游学院[民办],,日语,,,412,163586
1096,丽江文化旅游学院[民办],,新闻学,,,431,149615
1096,丽江文化旅游学院[民办],,计算机科学与技术,,,415,161451
1096,丽江文化旅游学院[民办],,软件工程,,,412,163586
1096,丽江文化旅游学院[民办],,物联网工程,,,414,162144
1096,丽江文化旅游学院[民办],,数据科学与大数据技术,,,412,163586
1096,丽江文化旅游学院[民办],,护理学,,,418,159311
1096,丽江文化旅游学院[民办],,助产学,,,413,162888
1096,丽江文化旅游学院[民办],,信息管理与信息系统,,,418,159311
1096,丽江文化旅游学院[民办],,工商管理,,,413,162888
1096,丽江文化旅游学院[民办],,会计学,,,414,162144
1096,丽江文化旅游学院[民办],,财务管理,,,415,161451
1096,丽江文化旅游学院[民办],,审计学,,,416,160740
1096,丽江文化旅游学院[民办],,电子商务,,,417,160051
1096,丽江文化旅游学院[民办],,旅游管理,,,413,162888
1096,丽江文化旅游学院[民办],,酒店管理,,,417,160051
1097,丽水学院[公办],,国际经济与贸易,,,495,91989
1097,丽水学院[公办],,数学与应用数学,,,498,89072
1097,丽水学院[公办],,物理学,,,492,94896
1097,丽水学院[公办],,机械设计制造及其自动化,,,500,88132
1097,丽水学院[公办],,电子信息工程,,,504,83397
1097,丽水学院[公办],,计算机科学与技术,,,506,81500
1097,丽水学院[公办],,化学工程与工艺,,,491,95797
1097,丽水学院[公办],,环境工程,,,494,92936
1097,丽水学院[公办],,财务管理,,,503,84351
1097,丽水学院[公办],,电子商务,,,499,88132
1100,辽东学院(丹东市)[公办],,税收学,,,492,94896
1100,辽东学院(丹东市)[公办],,英语(师范类),,,495,91989
1100,辽东学院(丹东市)[公办],,电子信息工程,,,502,85294
1100,辽东学院(丹东市)[公办],,工程管理,,,485,101531
1102,辽宁传媒学院[民办],,数字媒体技术,,,427,152752
1103,辽宁大学(沈阳市)[公办],,国际经济与贸易,,,597,14703
1103,辽宁大学(沈阳市)[公办],,物理学类,,,590,17968
1103,辽宁大学(沈阳市)[公办],,化学类,,,588,19006
1103,辽宁大学(沈阳市)[公办],,电子信息类,,,596,15132
1103,辽宁大学(沈阳市)[公办],,计算机类,,,598,14272
1103,辽宁大学(沈阳市)[公办],,环境工程,,,587,19505
1103,辽宁大学(沈阳市)[公办],,工程管理,,,589,18507
1103,辽宁大学(沈阳市)[公办],,会计学,,,601,13049
1103,辽宁大学(沈阳市)[公办],,金融学(中外合作办学),,,582,22261
1105,辽宁对外经贸学院(大连市)[民办],,金融学,,,416,160740
1105,辽宁对外经贸学院(大连市)[民办],,国际经济与贸易,,,416,160740
1105,辽宁对外经贸学院(大连市)[民办],,英语,,,418,159311
1105,辽宁对外经贸学院(大连市)[民办],,西班牙语,,,,
1105,辽宁对外经贸学院(大连市)[民办],,日语,,,413,162888
1105,辽宁对外经贸学院(大连市)[民办],,朝鲜语,,,446,137128
1105,辽宁对外经贸学院(大连市)[民办],,商务英语,,,418,159311
1105,辽宁对外经贸学院(大连市)[民办],,信息管理与信息系统,,,412,163586
1105,辽宁对外经贸学院(大连市)[民办],,会计学,,,414,162144
1105,辽宁对外经贸学院(大连市)[民办],,财务管理,,,417,160051
1105,辽宁对外经贸学院(大连市)[民办],,人力资源管理,,,424,154962
1105,辽宁对外经贸学院(大连市)[民办],,资产评估,,,413,162888
1105,辽宁对外经贸学院(大连市)[民办],,养老服务管理,,,418,159311
1105,辽宁对外经贸学院(大连市)[民办],,物流管理,,,414,162144
1106,辽宁工程技术大学[公办],,金融学,,,548,44990
1106,辽宁工程技术大学[公办],,法学,,,548,44990
1106,辽宁工程技术大学[公办],,信息与计算科学,,,540,51523
1106,辽宁工程技术大学[公办],,工程力学,,,526,63346
1106,辽宁工程技术大学[公办],,机械设计制造及其自动化,,,542,49854
1106,辽宁工程技术大学[公办],,材料成型及控制工程,,,526,63346
1106,辽宁工程技术大学[公办],,工业设计,,,541,50682
1106,辽宁工程技术大学[公办],,测控技术与仪器,,,534,56478
1106,辽宁工程技术大学[公办],,金属材料工程,,,512,75821
1106,辽宁工程技术大学[公办],,新能源材料与器件,,,532,58171
1106,辽宁工程技术大学[公办],,电气工程及其自动化,,,551,42759
1106,辽宁工程技术大学[公办],,电气工程与智能控制,,,542,49854
1106,辽宁工程技术大学[公办],,电子信息工程,,,543,49037
1106,辽宁工程技术大学[公办],,电子科学与技术,,,543,49037
1106,辽宁工程技术大学[公办],,通信工程,,,543,49037
1106,辽宁工程技术大学[公办],,自动化,,,541,50682
1106,辽宁工程技术大学[公办],,计算机科学与技术,,,552,42004
1106,辽宁工程技术大学[公办],,软件工程,,,542,49854
1106,辽宁工程技术大学[公办],,网络工程,,,536,54791
1106,辽宁工程技术大学[公办],,数字媒体技术,,,549,44261
1106,辽宁工程技术大学[公办],,土木工程,,,533,57317
1106,辽宁工程技术大学[公办],,建筑环境与能源应用工程,,,524,65102
1106,辽宁工程技术大学[公办],,测绘工程,,,529,60756
1106,辽宁工程技术大学[公办],,地质工程,,,524,65102
1106,辽宁工程技术大学[公办],,采矿工程,,,501,88132
1106,辽宁工程技术大学[公办],,采矿工程(智能开采创新实验班),,,500,88132
1106,辽宁工程技术大学[公办],,交通工程,,,531,58995
1106,辽宁工程技术大学[公办],,环境工程,,,526,63346
1106,辽宁工程技术大学[公办],,建筑学,,,537,53967
1106,辽宁工程技术大学[公办],,安全工程,,,533,57317
1106,辽宁工程技术大学[公办],,应急技术与管理,,,528,61650
1106,辽宁工程技术大学[公办],,生物工程,,,528,61650
1106,辽宁工程技术大学[公办],,行政管理,,,538,53169
1106,辽宁工程技术大学[公办],,电子商务,,,538,53169
1108,辽宁工业大学[公办],,机械设计制造及其自动化,,,531,58995
1108,辽宁工业大学[公办],,材料成型及控制工程,,,520,68600
1108,辽宁工业大学[公办],,机械电子工程,,,528,61650
1108,辽宁工业大学[公办],,车辆工程,,,526,63346
1108,辽宁工业大学[公办],,汽车服务工程,,,518,70350
1108,辽宁工业大学[公办],,测控技术与仪器,,,526,63346
1108,辽宁工业大学[公办],,材料科学与工程,,,519,69481
1108,辽宁工业大学[公办],,电气工程及其自动化,,,534,56478
1108,辽宁工业大学[公办],,电子信息工程,,,533,57317
1108,辽宁工业大学[公办],,通信工程,,,531,58995
1108,辽宁工业大学[公办],,自动化,,,535,55619
1108,辽宁工业大学[公办],,计算机科学与技术,,,543,49037
1108,辽宁工业大学[公办],,软件工程,,,542,49854
1108,辽宁工业大学[公办],,数据科学与大数据技术,,,542,49854
1108,辽宁工业大学[公办],,土木工程,,,522,66880
1108,辽宁工业大学[公办],,建筑环境与能源应用工程,,,518,70350
1108,辽宁工业大学[公办],,给排水科学与工程,,,522,66880
1108,辽宁工业大学[公办],,化学工程与工艺,,,517,71252
1108,辽宁工业大学[公办],,环境科学与工程,,,518,70350
1108,辽宁工业大学[公办],,建筑学,,,528,61650
1108,辽宁工业大学[公办],,工程管理,,,527,62507
1108,辽宁工业大学[公办],,工程造价,,,529,60756
1108,辽宁工业大学[公办],,市场营销,,,516,72111
1111,辽宁何氏医学院[民办],,医学信息工程,,,432,148796
1111,辽宁何氏医学院[民办],,生物医学工程,,,439,143057
1111,辽宁何氏医学院[民办],,临床医学,,,452,131939
1111,辽宁何氏医学院[民办],,医学影像学,,,452,131939
1111,辽宁何氏医学院[民办],,眼视光医学,,,453,131095
1111,辽宁何氏医学院[民办],,医学影像技术,,,440,142251
1111,辽宁何氏医学院[民办],,眼视光学,,,441,141442
1115,辽宁科技大学(鞍山市)[公办],,金融学,,,547,45772
1115,辽宁科技大学(鞍山市)[公办],,金融科技,,,533,57317
1115,辽宁科技大学(鞍山市)[公办],,国际经济与贸易,,,541,50682
1115,辽宁科技大学(鞍山市)[公办],,法学,,,547,45772
1115,辽宁科技大学(鞍山市)[公办],,数据计算及应用,,,538,53169
1115,辽宁科技大学(鞍山市)[公办],,应用物理学,,,536,54791
1115,辽宁科技大学(鞍山市)[公办],,应用化学,,,531,58995
1115,辽宁科技大学(鞍山市)[公办],,机械工程,,,536,54791
1115,辽宁科技大学(鞍山市)[公办],,机械设计制造及其自动化,,,537,53967
1115,辽宁科技大学(鞍山市)[公办],,材料成型及控制工程,,,521,67756
1115,辽宁科技大学(鞍山市)[公办],,机械电子工程,,,533,57317
1115,辽宁科技大学(鞍山市)[公办],,过程装备与控制工程,,,525,64228
1115,辽宁科技大学(鞍山市)[公办],,智能制造工程,,,531,58995
1115,辽宁科技大学(鞍山市)[公办],,测控技术与仪器,,,529,60756
1115,辽宁科技大学(鞍山市)[公办],,材料科学与工程,,,515,73018
1115,辽宁科技大学(鞍山市)[公办],,材料化学,,,522,66880
1115,辽宁科技大学(鞍山市)[公办],,冶金工程,,,509,78673
1115,辽宁科技大学(鞍山市)[公办],,无机非金属材料工程,,,507,80550
1115,辽宁科技大学(鞍山市)[公办],,功能材料,,,522,66880
1115,辽宁科技大学(鞍山市)[公办],,能源与动力工程,,,528,61650
1115,辽宁科技大学(鞍山市)[公办],,储能科学与工程,,,525,64228
1115,辽宁科技大学(鞍山市)[公办],,电气工程及其自动化,,,544,48201
1115,辽宁科技大学(鞍山市)[公办],,电子信息工程,,,538,53169
1115,辽宁科技大学(鞍山市)[公办],,通信工程,,,541,50682
1115,辽宁科技大学(鞍山市)[公办],,光电信息科学与工程,,,538,53169
1115,辽宁科技大学(鞍山市)[公办],,自动化,,,535,55619
1115,辽宁科技大学(鞍山市)[公办],,计算机科学与技术,,,554,40472
1115,辽宁科技大学(鞍山市)[公办],,软件工程,,,542,49854
1115,辽宁科技大学(鞍山市)[公办],,网络工程,,,544,48201
1115,辽宁科技大学(鞍山市)[公办],,物联网工程,,,542,49854
1115,辽宁科技大学(鞍山市)[公办],,数据科学与大数据技术,,,536,54791
1115,辽宁科技大学(鞍山市)[公办],,土木工程,,,532,58171
1115,辽宁科技大学(鞍山市)[公办],,建筑环境与能源应用工程,,,524,65102
1115,辽宁科技大学(鞍山市)[公办],,道路桥梁与渡河工程,,,533,57317
1115,辽宁科技大学(鞍山市)[公办],,智能建造,,,527,62507
1115,辽宁科技大学(鞍山市)[公办],,测绘工程,,,525,64228
1115,辽宁科技大学(鞍山市)[公办],,化学工程与工艺,,,520,68600
1115,辽宁科技大学(鞍山市)[公办],,采矿工程,,,519,69481
1115,辽宁科技大学(鞍山市)[公办],,矿物加工工程,,,509,78673
1115,辽宁科技大学(鞍山市)[公办],,环境工程,,,531,58995
1115,辽宁科技大学(鞍山市)[公办],,建筑学,,,533,57317
1115,辽宁科技大学(鞍山市)[公办],,生物工程,,,535,55619
1115,辽宁科技大学(鞍山市)[公办],,工商管理,,,540,51523
1115,辽宁科技大学(鞍山市)[公办],,市场营销,,,538,53169
1115,辽宁科技大学(鞍山市)[公办],,会计学,,,543,49037
1115,辽宁科技大学(鞍山市)[公办],,财务管理,,,548,44990
1115,辽宁科技大学(鞍山市)[公办],,旅游管理,,,527,62507
1115,辽宁科技大学(鞍山市)[公办],,冶金工程(中外合作办学),,,433,147987
1117,辽宁科技学院(本溪市)[公办],,应用化学,,,493,93969
1117,辽宁科技学院(本溪市)[公办],,机械设计制造及其自动化,,,506,81500
1117,辽宁科技学院(本溪市)[公办],,材料成型及控制工程,,,485,101531
1117,辽宁科技学院(本溪市)[公办],,冶金工程,,,491,95797
1117,辽宁科技学院(本溪市)[公办],,自动化,,,507,80550
1117,辽宁科技学院(本溪市)[公办],,计算机科学与技术,,,510,77713
1117,辽宁科技学院(本溪市)[公办],,土木工程,,,499,88132
1117,辽宁科技学院(本溪市)[公办],,测绘工程,,,491,95797
1118,辽宁理工学院(锦州市)[民办],,国际经济与贸易,,,412,163586
1118,辽宁理工学院(锦州市)[民办],,英语,,,416,160740
1118,辽宁理工学院(锦州市)[民办],,日语,,,412,163586
1118,辽宁理工学院(锦州市)[民办],,机械电子工程,,,412,163586
1118,辽宁理工学院(锦州市)[民办],,电气工程与智能控制,,,413,162888
1118,辽宁理工学院(锦州市)[民办],,机器人工程,,,414,162144
1118,辽宁理工学院(锦州市)[民办],,计算机科学与技术,,,415,161451
1118,辽宁理工学院(锦州市)[民办],,数字媒体技术,,,420,157892
1118,辽宁理工学院(锦州市)[民办],,智能科学与技术,,,412,163586
1118,辽宁理工学院(锦州市)[民办],,风景园林,,,415,161451
1118,辽宁理工学院(锦州市)[民办],,工程管理,,,412,163586
1118,辽宁理工学院(锦州市)[民办],,工程造价,,,414,162144
1118,辽宁理工学院(锦州市)[民办],,会计学,,,425,154215
1118,辽宁理工学院(锦州市)[民办],,财务管理,,,415,161451
1118,辽宁理工学院(锦州市)[民办],,电子商务,,,412,163586
1123,辽宁师范大学[公办],,特殊教育(师范),,,545,47376
1123,辽宁师范大学[公办],,英语(师范),,,567,31356
1123,辽宁师范大学[公办],,法语,,,556,39008
1123,辽宁师范大学[公办],,历史学(师范),,,560,36168
1123,辽宁师范大学[公办],,数学与应用数学(师范),,,568,30714
1123,辽宁师范大学[公办],,物理学(师范),,,561,35449
1123,辽宁师范大学[公办],,生物科学(师范),,,560,36168
1123,辽宁师范大学[公办],,生物技术,,,543,49037
1123,辽宁师范大学[公办],,计算机科学与技术(师范),,,553,41254
1123,辽宁师范大学[公办],,计算机科学与技术,,,554,40472
1124,辽宁师范大学海华学院[独立学院],,法学,,,450,133684
1124,辽宁师范大学海华学院[独立学院],,思想政治教育,,,449,134515
1124,辽宁师范大学海华学院[独立学院],,学前教育,,,436,145515
1124,辽宁师范大学海华学院[独立学院],,汉语言文学,,,441,141442
1124,辽宁师范大学海华学院[独立学院],,汉语国际教育,,,439,143057
1124,辽宁师范大学海华学院[独立学院],,英语,,,441,141442
1124,辽宁师范大学海华学院[独立学院],,日语,,,437,144729
1124,辽宁师范大学海华学院[独立学院],,新闻学,,,422,156398
1124,辽宁师范大学海华学院[独立学院],,广告学,,,437,144729
1124,辽宁师范大学海华学院[独立学院],,网络与新媒体,,,432,148796
1124,辽宁师范大学海华学院[独立学院],,计算机科学与技术,,,427,152752
1124,辽宁师范大学海华学院[独立学院],,数字媒体技术,,,430,150433
1124,辽宁师范大学海华学院[独立学院],,数据科学与大数据技术,,,435,146339
1124,辽宁师范大学海华学院[独立学院],,会计学,,,429,151199
1124,辽宁师范大学海华学院[独立学院],,审计学,,,428,152021
1124,辽宁师范大学海华学院[独立学院],,图书馆学,,,432,148796
1124,辽宁师范大学海华学院[独立学院],,旅游管理,,,413,162888
1126,辽宁石油化工大学(抚顺市)[公办],,应用化学,,,514,73932
1126,辽宁石油化工大学(抚顺市)[公办],,机械设计制造及其自动化,,,527,62507
1126,辽宁石油化工大学(抚顺市)[公办],,材料成型及控制工程,,,513,74844
1126,辽宁石油化工大学(抚顺市)[公办],,过程装备与控制工程,,,513,74844
1126,辽宁石油化工大学(抚顺市)[公办],,过程装备与控制工程(卓越计划班),,,513,74844
1126,辽宁石油化工大学(抚顺市)[公办],,智能制造工程,,,520,68600
1126,辽宁石油化工大学(抚顺市)[公办],,测控技术与仪器,,,510,77713
1126,辽宁石油化工大学(抚顺市)[公办],,材料化学,,,507,80550
1126,辽宁石油化工大学(抚顺市)[公办],,金属材料工程,,,524,65102
1126,辽宁石油化工大学(抚顺市)[公办],,高分子材料与工程,,,510,77713
1126,辽宁石油化工大学(抚顺市)[公办],,高分子材料与工程(卓越计划班),,,528,61650
1126,辽宁石油化工大学(抚顺市)[公办],,复合材料与工程,,,507,80550
1126,辽宁石油化工大学(抚顺市)[公办],,能源与动力工程,,,517,71252
1126,辽宁石油化工大学(抚顺市)[公办],,电气工程及其自动化,,,543,49037
1126,辽宁石油化工大学(抚顺市)[公办],,通信工程,,,532,58171
1126,辽宁石油化工大学(抚顺市)[公办],,人工智能,,,533,57317
1126,辽宁石油化工大学(抚顺市)[公办],,自动化,,,537,53967
1126,辽宁石油化工大学(抚顺市)[公办],,自动化(卓越计划班),,,537,53967
1126,辽宁石油化工大学(抚顺市)[公办],,机器人工程,,,526,63346
1126,辽宁石油化工大学(抚顺市)[公办],,计算机科学与技术,,,537,53967
1126,辽宁石油化工大学(抚顺市)[公办],,智能科学与技术,,,528,61650
1126,辽宁石油化工大学(抚顺市)[公办],,城市地下空间工程,,,505,82447
1126,辽宁石油化工大学(抚顺市)[公办],,化学工程与工艺,,,523,65971
1126,辽宁石油化工大学(抚顺市)[公办],,化学工程与工艺(卓越计划班),,,533,57317
1126,辽宁石油化工大学(抚顺市)[公办],,能源化学工程,,,510,77713
1126,辽宁石油化工大学(抚顺市)[公办],,石油工程,,,522,66880
1126,辽宁石油化工大学(抚顺市)[公办],,油气储运工程,,,512,75821
1126,辽宁石油化工大学(抚顺市)[公办],,油气储运工程(卓越计划班),,,527,62507
1126,辽宁石油化工大学(抚顺市)[公办],,海洋油气工程,,,521,67756
1126,辽宁石油化工大学(抚顺市)[公办],,交通运输,,,511,76779
1126,辽宁石油化工大学(抚顺市)[公办],,环境科学,,,516,72111
1126,辽宁石油化工大学(抚顺市)[公办],,环境生态工程,,,504,83397
1126,辽宁石油化工大学(抚顺市)[公办],,安全工程,,,508,79620
1126,辽宁石油化工大学(抚顺市)[公办],,工程管理,,,513,74844
1126,辽宁石油化工大学(抚顺市)[公办],,大数据管理与应用,,,529,60756
1126,辽宁石油化工大学(抚顺市)[公办],,电气工程及其自动化(中外合作办学),,,492,94896
1126,辽宁石油化工大学(抚顺市)[公办],,化学工程与工艺(中外合作办学),,,474,112067
1130,辽宁中医药大学[公办],,英语,,,521,67756
1130,辽宁中医药大学[公办],,中医学,,,563,34024
1130,辽宁中医药大学[公办],,医学检验技术,,,514,73932
1130,辽宁中医药大学[公办],,护理学,,,509,78673
1130,辽宁中医药大学[公办],,市场营销,,,500,88132
1130,辽宁中医药大学[公办],,公共事业管理,,,498,89072
1131,辽宁中医药大学杏林学院[独立学院],,中医学,,,437,144729
1131,辽宁中医药大学杏林学院[独立学院],,针灸推拿学,,,440,142251
1131,辽宁中医药大学杏林学院[独立学院],,中西医临床医学,,,443,139702
1132,聊城大学[公办],,经济学,,,521,67756
1132,聊城大学[公办],,化学,,,518,70350
1132,聊城大学[公办],,地理信息科学,,,523,65971
1132,聊城大学[公办],,机械设计制造及其自动化,,,521,67756
1132,聊城大学[公办],,金属材料工程,,,510,77713
1132,聊城大学[公办],,电子信息工程,,,524,65102
1132,聊城大学[公办],,软件工程,,,531,58995
1132,聊城大学[公办],,口腔医学技术,,,516,72111
1133,聊城大学东昌学院[独立学院],,应用化学,,,446,137128
1133,聊城大学东昌学院[独立学院],,食品质量与安全,,,446,137128
1133,聊城大学东昌学院[独立学院],,生物工程,,,446,137128
1136,临沂大学[公办],,金融工程,,,518,70350
1136,临沂大学[公办],,应用化学,,,512,75821
1136,临沂大学[公办],,人文地理与城乡规划,,,509,78673
1136,临沂大学[公办],,材料科学与工程,,,508,79620
1136,临沂大学[公办],,电气工程及其自动化,,,521,67756
1136,临沂大学[公办],,软件工程,,,527,62507
1136,临沂大学[公办],,环境工程,,,511,76779
1136,临沂大学[公办],,园林,,,511,76779
1136,临沂大学[公办],,药学,,,516,72111
1136,临沂大学[公办],,工商管理,,,522,66880
1136,临沂大学[公办],,会计学,,,521,67756
1138,岭南师范学院(湛江市)[公办],,教育技术学(师范),,,494,92936
1138,岭南师范学院(湛江市)[公办],,商务英语,,,508,79620
1138,岭南师范学院(湛江市)[公办],,数学与应用数学(师范),,,495,91989
1138,岭南师范学院(湛江市)[公办],,机械设计制造及其自动化,,,494,92936
1138,岭南师范学院(湛江市)[公办],,制药工程,,,484,102507
1138,岭南师范学院(湛江市)[公办],,市场营销,,,492,94896
1139,柳州工学院[民办],,机械类,,,417,160051
1139,柳州工学院[民办],,工业设计,,,416,160740
1139,柳州工学院[民办],,车辆工程,,,413,162888
1139,柳州工学院[民办],,汽车服务工程,,,412,163586
1139,柳州工学院[民办],,电气工程及其自动化,,,420,157892
1139,柳州工学院[民办],,电子信息工程,,,419,158594
1139,柳州工学院[民办],,自动化,,,417,160051
1139,柳州工学院[民办],,计算机科学与技术,,,426,153495
1139,柳州工学院[民办],,物联网工程,,,421,157137
1139,柳州工学院[民办],,土木工程,,,422,156398
1139,柳州工学院[民办],,测绘工程,,,412,163586
1139,柳州工学院[民办],,化学工程与工艺,,,414,162144
1139,柳州工学院[民办],,服装设计与工程,,,413,162888
1139,柳州工学院[民办],,化妆品技术与工程,,,422,156398
1139,柳州工学院[民办],,食品科学与工程,,,415,161451
1139,柳州工学院[民办],,食品质量与安全,,,415,161451
1139,柳州工学院[民办],,工程管理,,,421,157137
1139,柳州工学院[民办],,房地产开发与管理,,,418,159311
1139,柳州工学院[民办],,工程造价,,,416,160740
1142,六盘水师范学院[公办],,机械类,,,465,120370
1142,六盘水师范学院[公办],,矿业类,,,460,124911
1143,龙岩学院[公办],,机械设计制造及其自动化,,,489,97728
1143,龙岩学院[公办],,软件工程,,,493,93969
1143,龙岩学院[公办],,测绘工程,,,478,108213
1144,陇东学院(庆阳市)[公办],,化学,,,463,122201
1144,陇东学院(庆阳市)[公办],,电气工程及其自动化,,,473,113007
1144,陇东学院(庆阳市)[公办],,电子信息工程(智能电子方向),,,470,115794
1144,陇东学院(庆阳市)[公办],,农学,,,460,124911
1145,鲁东大学[公办],,地理科学,,,531,58995
1145,鲁东大学[公办],,生物科学,,,534,56478
1145,鲁东大学[公办],,机械类,,,523,65971
1145,鲁东大学[公办],,材料类,,,517,71252
1145,鲁东大学[公办],,新能源材料与器件,,,519,69481
1145,鲁东大学[公办],,能源与动力工程,,,523,65971
1145,鲁东大学[公办],,光电信息科学与工程,,,528,61650
1145,鲁东大学[公办],,土木工程,,,521,67756
1145,鲁东大学[公办],,港口航道与海岸工程,,,515,73018
1145,鲁东大学[公办],,食品科学与工程,,,519,69481
1145,鲁东大学[公办],,生物工程,,,520,68600
1145,鲁东大学[公办],,农学,,,513,74844
1145,鲁东大学[公办],,园艺,,,511,76779
1145,鲁东大学[公办],,水产养殖学,,,509,78673
1145,鲁东大学[公办],,财务管理,,,529,60756
1148,洛阳理工学院[公办],,应用化学,,,499,88132
1148,洛阳理工学院[公办],,生物技术,,,497,90044
1148,洛阳理工学院[公办],,机械类,,,501,88132
1148,洛阳理工学院[公办],,机械设计制造及其自动化,,,505,82447
1148,洛阳理工学院[公办],,材料类,,,491,95797
1148,洛阳理工学院[公办],,无机非金属材料工程,,,465,120370
1148,洛阳理工学院[公办],,电气工程及其自动化,,,511,76779
1148,洛阳理工学院[公办],,电子科学与技术,,,508,79620
1148,洛阳理工学院[公办],,通信工程,,,513,74844
1148,洛阳理工学院[公办],,自动化,,,507,80550
1148,洛阳理工学院[公办],,计算机科学与技术,,,520,68600
1148,洛阳理工学院[公办],,物联网工程,,,512,75821
1148,洛阳理工学院[公办],,智能科学与技术,,,508,79620
1148,洛阳理工学院[公办],,数据科学与大数据技术,,,511,76779
1148,洛阳理工学院[公办],,给排水科学与工程,,,502,85294
1148,洛阳理工学院[公办],,资源循环科学与工程,,,488,98638
1148,洛阳理工学院[公办],,环境工程,,,497,90044
1148,洛阳理工学院[公办],,工程造价,,,503,84351
1148,洛阳理工学院[公办],,土木工程(中外合作办学),,,467,118588
1149,洛阳师范学院[公办],,物理学,,,512,75821
1149,洛阳师范学院[公办],,生物科学,,,508,79620
1149,洛阳师范学院[公办],,自动化,,,505,82447
1149,洛阳师范学院[公办],,化学工程与工艺,,,494,92936
1152,吕梁学院[公办],,思想政治教育,,,483,103506
1152,吕梁学院[公办],,汉语言文学,,,488,98638
1152,吕梁学院[公办],,英语,,,488,98638
1152,吕梁学院[公办],,数学与应用数学,,,469,116739
1152,吕梁学院[公办],,信息与计算科学,,,467,118588
1152,吕梁学院[公办],,物理学,,,463,122201
1152,吕梁学院[公办],,化学,,,466,119485
1152,吕梁学院[公办],,生物科学,,,469,116739
1152,吕梁学院[公办],,应用心理学,,,472,113947
1152,吕梁学院[公办],,机械电子工程,,,468,117642
1152,吕梁学院[公办],,材料化学,,,457,127518
1152,吕梁学院[公办],,冶金工程,,,457,127518
1152,吕梁学院[公办],,电子信息工程,,,471,114847
1152,吕梁学院[公办],,人工智能,,,473,113007
1152,吕梁学院[公办],,软件工程,,,476,110122
1152,吕梁学院[公办],,数据科学与大数据技术,,,475,111128
1152,吕梁学院[公办],,土木工程,,,469,116739
1152,吕梁学院[公办],,测绘工程,,,462,123141
1152,吕梁学院[公办],,化学工程与工艺,,,461,124059
1152,吕梁学院[公办],,制药工程,,,462,123141
1152,吕梁学院[公办],,采矿工程,,,457,127518
1152,吕梁学院[公办],,食品科学与工程,,,462,123141
1152,吕梁学院[公办],,安全工程,,,462,123141
1152,吕梁学院[公办],,工程管理,,,468,117642
1152,吕梁学院[公办],,财务管理,,,487,99599
1152,吕梁学院[公办],,物业管理,,,465,120370
1152,吕梁学院[公办],,文化产业管理,,,460,124911
1156,茅台学院[民办],,自动化,,,456,128454
1156,茅台学院[民办],,资源循环科学与工程,,,450,133684
1156,茅台学院[民办],,包装工程,,,454,130189
1156,茅台学院[民办],,环境科学与工程,,,448,135403
1156,茅台学院[民办],,食品科学与工程,,,451,132831
1156,茅台学院[民办],,食品质量与安全,,,454,130189
1156,茅台学院[民办],,酿酒工程,,,457,127518
1156,茅台学院[民办],,葡萄与葡萄酒工程,,,455,129310
1156,茅台学院[民办],,白酒酿造工程,,,459,125856
1156,茅台学院[民办],,物流管理,,,451,132831
1156,茅台学院[民办],,电子商务,,,453,131095
1160,绵阳城市学院[民办],,金融工程,,,436,145515
1160,绵阳城市学院[民办],,工商管理,,,457,127518
1160,绵阳城市学院[民办],,财务管理,,,446,137128
1162,绵阳师范学院[公办],,数学与应用数学,,,514,73932
1162,绵阳师范学院[公办],,生物科学,,,507,80550
1162,绵阳师范学院[公办],,环境科学与工程,,,496,90982
1169,闽江学院(福州市)[公办],,网络与新媒体,,,515,73018
1169,闽江学院(福州市)[公办],,数学与应用数学,,,508,79620
1169,闽江学院(福州市)[公办],,应用统计学,,,507,80550
1169,闽江学院(福州市)[公办],,电气工程及其自动化,,,519,69481
1169,闽江学院(福州市)[公办],,电子信息类,,,513,74844
1169,闽江学院(福州市)[公办],,信息安全,,,515,73018
1169,闽江学院(福州市)[公办],,数据科学与大数据技术,,,518,70350
1169,闽江学院(福州市)[公办],,财务管理,,,514,73932
1171,闽南师范大学(漳州市)[公办],,经济与金融,,,521,67756
1171,闽南师范大学(漳州市)[公办],,英语(师范),,,532,58171
1171,闽南师范大学(漳州市)[公办],,物理学(师范),,,527,62507
1171,闽南师范大学(漳州市)[公办],,统计学,,,511,76779
1171,闽南师范大学(漳州市)[公办],,电气工程及其自动化,,,518,70350
1171,闽南师范大学(漳州市)[公办],,软件工程,,,513,74844
1171,闽南师范大学(漳州市)[公办],,环境科学与工程,,,500,88132
1171,闽南师范大学(漳州市)[公办],,园林,,,501,88132
1174,牡丹江师范学院[公办],,物理学,,,479,107280
1174,牡丹江师范学院[公办],,化学,,,486,100581
1174,牡丹江师范学院[公办],,应用化学,,,473,113007
1174,牡丹江师范学院[公办],,生物科学,,,474,112067
1174,牡丹江师范学院[公办],,生物技术,,,472,113947
1174,牡丹江师范学院[公办],,软件工程,,,482,104483
1175,牡丹江医学院[公办],,制药工程,,,484,102507
1175,牡丹江医学院[公办],,生物医学工程,,,502,85294
1175,牡丹江医学院[公办],,临床医学,,,513,74844
1175,牡丹江医学院[公办],,医学影像学,,,513,74844
1175,牡丹江医学院[公办],,预防医学,,,509,78673
1175,牡丹江医学院[公办],,药学,,,491,95797
1175,牡丹江医学院[公办],,医学检验技术,,,497,90044
1175,牡丹江医学院[公办],,康复治疗学,,,491,95797
1176,南昌大学[公办],,金融数学,,,597,14703
1176,南昌大学[公办],,数学类,,,598,14272
1176,南昌大学[公办],,物理学类,,,597,14703
1176,南昌大学[公办],,化学类,,,590,17968
1176,南昌大学[公办],,生物科学类,,,594,16046
1176,南昌大学[公办],,工程力学,,,590,17968
1176,南昌大学[公办],,机械设计制造及其自动化,,,596,15132
1176,南昌大学[公办],,材料成型及控制工程,,,589,18507
1176,南昌大学[公办],,车辆工程,,,598,14272
1176,南昌大学[公办],,材料类,,,591,17508
1176,南昌大学[公办],,电气工程及其自动化,,,602,12631
1176,南昌大学[公办],,计算机类(计算机与大数据),,,603,12248
1176,南昌大学[公办],,计算机类(软件与网络空间),,,601,13049
1176,南昌大学[公办],,土木类,,,591,17508
1176,南昌大学[公办],,化工与制药类,,,591,17508
1176,南昌大学[公办],,建筑类,,,591,17508
1176,南昌大学[公办],,水产养殖学,,,555,39718
1176,南昌大学[公办],,基础医学,,,594,16046
1176,南昌大学[公办],,临床医学,,,603,12248
1176,南昌大学[公办],,麻醉学,,,598,14272
1176,南昌大学[公办],,儿科学,,,593,16515
1176,南昌大学[公办],,口腔医学,,,608,10398
1176,南昌大学[公办],,预防医学,,,590,17968
1176,南昌大学[公办],,管理科学与工程类,,,590,17968
1176,南昌大学[公办],,会计学,,,599,13858
1176,南昌大学[公办],,公共管理类,,,591,17508
1176,南昌大学[公办],,临床医学类(中外合作办学)(中英双学位合作办学),,,583,21718
1177,南昌大学共青学院(九江市)[独立学院],,经济学,,,450,133684
1177,南昌大学共青学院(九江市)[独立学院],,国际经济与贸易,,,446,137128
1177,南昌大学共青学院(九江市)[独立学院],,学前教育,,,464,121286
1177,南昌大学共青学院(九江市)[独立学院],,英语,,,452,131939
1177,南昌大学共青学院(九江市)[独立学院],,电气工程及其自动化,,,442,140581
1177,南昌大学共青学院(九江市)[独立学院],,电子信息工程,,,450,133684
1177,南昌大学共青学院(九江市)[独立学院],,计算机科学与技术,,,448,135403
1177,南昌大学共青学院(九江市)[独立学院],,软件工程,,,446,137128
1177,南昌大学共青学院(九江市)[独立学院],,工商管理,,,462,123141
1177,南昌大学共青学院(九江市)[独立学院],,会计学,,,452,131939
1177,南昌大学共青学院(九江市)[独立学院],,电子商务,,,442,140581
1178,南昌大学科学技术学院[独立学院],,国际经济与贸易,,,442,140581
1178,南昌大学科学技术学院[独立学院],,法学,,,463,122201
1178,南昌大学科学技术学院[独立学院],,机械设计制造及其自动化,,,447,136314
1178,南昌大学科学技术学院[独立学院],,材料成型及控制工程,,,440,142251
1178,南昌大学科学技术学院[独立学院],,电气工程及其自动化,,,449,134515
1178,南昌大学科学技术学院[独立学院],,电子信息工程,,,449,134515
1178,南昌大学科学技术学院[独立学院],,生物工程,,,444,138829
1179,南昌工程学院[公办],,应用统计学,,,509,78673
1179,南昌工程学院[公办],,机械设计制造及其自动化,,,511,76779
1179,南昌工程学院[公办],,车辆工程,,,508,79620
1179,南昌工程学院[公办],,能源与动力工程,,,511,76779
1179,南昌工程学院[公办],,电气工程及其自动化,,,530,59831
1179,南昌工程学院[公办],,电子信息工程,,,536,54791
1179,南昌工程学院[公办],,通信工程,,,521,67756
1179,南昌工程学院[公办],,自动化,,,518,70350
1179,南昌工程学院[公办],,机器人工程,,,512,75821
1179,南昌工程学院[公办],,计算机类,,,529,60756
1179,南昌工程学院[公办],,数据科学与大数据技术,,,531,58995
1179,南昌工程学院[公办],,土木工程,,,507,80550
1179,南昌工程学院[公办],,给排水科学与工程,,,504,83397
1179,南昌工程学院[公办],,道路桥梁与渡河工程,,,508,79620
1179,南昌工程学院[公办],,水利水电工程,,,520,68600
1179,南昌工程学院[公办],,水文与水资源工程,,,502,85294
1179,南昌工程学院[公办],,测绘工程,,,506,81500
1179,南昌工程学院[公办],,地质工程,,,504,83397
1179,南昌工程学院[公办],,农业水利工程,,,498,89072
1179,南昌工程学院[公办],,城乡规划,,,510,77713
1179,南昌工程学院[公办],,风景园林,,,503,84351
1179,南昌工程学院[公办],,水土保持与荒漠化防治,,,492,94896
1179,南昌工程学院[公办],,园林,,,505,82447
1179,南昌工程学院[公办],,工程造价,,,512,75821
1179,南昌工程学院[公办],,审计学,,,528,61650
1179,南昌工程学院[公办],,电子商务,,,509,78673
1179,南昌工程学院[公办],,土木工程(中外合作办学)(中荷合作),,,473,113007
1180,南昌工学院[民办],,中国语言文学类,,,443,139702
1180,南昌工学院[民办],,机械类,,,439,143057
1180,南昌工学院[民办],,计算机类,,,441,141442
1180,南昌工学院[民办],,土木类,,,435,146339
1180,南昌工学院[民办],,管理科学与工程类,,,438,143930
1180,南昌工学院[民办],,会计学,,,435,146339
1181,南昌航空大学[公办],,数学与应用数学,,,564,32737
1181,南昌航空大学[公办],,应用化学,,,551,42759
1181,南昌航空大学[公办],,机械设计制造及其自动化,,,564,32737
1181,南昌航空大学[公办],,材料成型及控制工程,,,548,44990
1181,南昌航空大学[公办],,机械电子工程,,,559,36873
1181,南昌航空大学[公办],,智能制造工程,,,559,36873
1181,南昌航空大学[公办],,测控技术与仪器,,,556,39008
1181,南昌航空大学[公办],,材料化学,,,542,49854
1181,南昌航空大学[公办],,金属材料工程,,,546,45883
1181,南昌航空大学[公办],,无机非金属材料工程,,,540,51523
1181,南昌航空大学[公办],,高分子材料与工程,,,546,45883
1181,南昌航空大学[公办],,复合材料与工程,,,544,48201
1181,南昌航空大学[公办],,焊接技术与工程,,,548,44990
1181,南昌航空大学[公办],,电气工程及其自动化,,,565,32080
1181,南昌航空大学[公办],,电子信息工程,,,567,31356
1181,南昌航空大学[公办],,电子科学与技术,,,563,34024
1181,南昌航空大学[公办],,通信工程,,,562,34751
1181,南昌航空大学[公办],,光电信息科学与工程,,,556,39008
1181,南昌航空大学[公办],,电子封装技术,,,552,42004
1181,南昌航空大学[公办],,人工智能,,,562,34751
1181,南昌航空大学[公办],,自动化,,,565,32080
1181,南昌航空大学[公办],,计算机科学与技术,,,567,31356
1181,南昌航空大学[公办],,软件工程(飞行器控制技术),,,555,39718
1181,南昌航空大学[公办],,软件工程(软件设计与开发),,,559,36873
1181,南昌航空大学[公办],,网络工程,,,565,32080
1181,南昌航空大学[公办],,物联网工程,,,558,37566
1181,南昌航空大学[公办],,数据科学与大数据技术,,,563,34024
1181,南昌航空大学[公办],,土木工程,,,549,44261
1181,南昌航空大学[公办],,给排水科学与工程,,,543,49037
1181,南昌航空大学[公办],,交通工程,,,549,44261
1181,南昌航空大学[公办],,飞行器设计与工程,,,575,26354
1181,南昌航空大学[公办],,飞行器制造工程,,,572,28175
1181,南昌航空大学[公办],,飞行器制造工程(航空维修工程与技术),,,561,35449
1181,南昌航空大学[公办],,飞行器动力工程,,,563,34024
1181,南昌航空大学[公办],,环境工程,,,540,51523
1181,南昌航空大学[公办],,生物医学工程(医疗电子与软件),,,545,47376
1181,南昌航空大学[公办],,工程管理,,,544,48201
1181,南昌航空大学[公办],,会计学(国际会计),,,542,49854
1181,南昌航空大学[公办],,工业工程,,,547,45772
1181,南昌航空大学[公办],,电子信息工程(中外合作办学),,,536,54791
1181,南昌航空大学[公办],,电子信息工程(中外合作办学)(光电方向),,,531,58995
1181,南昌航空大学[公办],,网络工程(中外合作办学),,,527,62507
1182,南昌航空大学科技学院[独立学院],,机械设计制造及其自动化(智能制造),,,460,124911
1182,南昌航空大学科技学院[独立学院],,材料成型及控制工程,,,452,131939
1182,南昌航空大学科技学院[独立学院],,测控技术与仪器,,,453,131095
1182,南昌航空大学科技学院[独立学院],,金属材料工程,,,453,131095
1182,南昌航空大学科技学院[独立学院],,焊接技术与工程(智能焊接技术),,,457,127518
1182,南昌航空大学科技学院[独立学院],,电子信息工程,,,462,123141
1182,南昌航空大学科技学院[独立学院],,自动化,,,458,126654
1182,南昌航空大学科技学院[独立学院],,计算机科学与技术,,,474,112067
1182,南昌航空大学科技学院[独立学院],,软件工程,,,468,117642
1182,南昌航空大学科技学院[独立学院],,土木工程,,,460,124911
1182,南昌航空大学科技学院[独立学院],,飞行器制造工程,,,466,119485
1182,南昌航空大学科技学院[独立学院],,工商管理,,,475,111128
1182,南昌航空大学科技学院[独立学院],,市场营销,,,455,129310
1182,南昌航空大学科技学院[独立学院],,电子商务,,,466,119485
1183,南昌交通学院[民办],,机械设计制造及其自动化,,,450,133684
1183,南昌交通学院[民办],,车辆工程,,,450,133684
1183,南昌交通学院[民办],,电气工程及其自动化,,,459,125856
1183,南昌交通学院[民办],,智能科学与技术,,,464,121286
1183,南昌交通学院[民办],,土木工程,,,456,128454
1184,南昌理工学院[民办],,法学,,,454,130189
1184,南昌理工学院[民办],,机械设计制造及其自动化,,,449,134515
1184,南昌理工学院[民办],,电气工程及其自动化,,,446,137128
1184,南昌理工学院[民办],,电子信息工程,,,446,137128
1184,南昌理工学院[民办],,机器人工程,,,444,138829
1184,南昌理工学院[民办],,计算机科学与技术,,,447,136314
1184,南昌理工学院[民办],,软件工程,,,447,136314
1184,南昌理工学院[民办],,物联网工程,,,448,135403
1184,南昌理工学院[民办],,土木工程,,,445,137992
1184,南昌理工学院[民办],,生物工程,,,444,138829
1184,南昌理工学院[民办],,汽车服务工程(中外合作办学)(中韩合作办学),,,423,155642
1185,南昌师范学院[公办],,学前教育,,,513,74844
1185,南昌师范学院[公办],,小学教育,,,521,67756
1185,南昌师范学院[公办],,商务英语,,,515,73018
1185,南昌师范学院[公办],,数学与应用数学,,,521,67756
1185,南昌师范学院[公办],,物理学,,,515,73018
1185,南昌师范学院[公办],,化学,,,523,65971
1185,南昌师范学院[公办],,生物科学,,,518,70350
1185,南昌师范学院[公办],,电子信息工程,,,512,75821
1185,南昌师范学院[公办],,计算机科学与技术,,,516,72111
1185,南昌师范学院[公办],,电子商务,,,506,81500
1185,南昌师范学院[公办],,旅游管理,,,505,82447
1185,南昌师范学院[公办],,会展经济与管理,,,494,92936
1186,南昌医学院[公办],,中医学(不招色盲色弱考生),,,518,70350
1186,南昌医学院[公办],,针灸推拿学(不招色盲色弱考生),,,500,88132
1186,南昌医学院[公办],,中西医临床医学(不招色盲色弱考生),,,510,77713
1186,南昌医学院[公办],,药学(不招色盲色弱考生),,,497,90044
1187,南昌应用技术师范学院[民办],,数学与应用数学,,,443,139702
1187,南昌应用技术师范学院[民办],,电子信息工程,,,435,146339
1187,南昌应用技术师范学院[民办],,计算机科学与技术,,,447,136314
1187,南昌应用技术师范学院[民办],,财务管理,,,433,147987
1187,南昌应用技术师范学院[民办],,旅游管理,,,422,156398
1193,南方医科大学[公办],,法学(卫生法学),,,582,22261
1193,南方医科大学[公办],,外国语言文学类,,,579,23927
1193,南方医科大学[公办],,生物信息学,,,591,17508
1193,南方医科大学[公办],,生物医学工程(本硕连读培养),,,598,14272
1193,南方医科大学[公办],,生物医学工程,,,588,19006
1193,南方医科大学[公办],,基础医学,,,606,11130
1193,南方医科大学[公办],,临床医学(本硕博连读),,,636,3358
1193,南方医科大学[公办],,临床医学(卓越创新班),,,629,4660
1193,南方医科大学[公办],,临床医学,,,626,5302
1193,南方医科大学[公办],,麻醉学,,,616,7907
1193,南方医科大学[公办],,口腔医学,,,625,5524
1193,南方医科大学[公办],,预防医学,,,598,14272
1193,南方医科大学[公办],,中医学,,,602,12631
1193,南方医科大学[公办],,针灸推拿学,,,591,17508
1193,南方医科大学[公办],,临床药学,,,602,12631
1193,南方医科大学[公办],,康复治疗学,,,570,29403
1193,南方医科大学[公办],,公共事业管理,,,570,29403
1194,南华大学船山学院[独立学院],,电子信息工程,,,453,131095
1194,南华大学船山学院[独立学院],,土木工程,,,451,132831
1195,南华大学(衡阳市)[公办],,外国语言文学类,,,556,39008
1195,南华大学(衡阳市)[公办],,信息与计算科学,,,555,39718
1195,南华大学(衡阳市)[公办],,核物理,,,562,34751
1195,南华大学(衡阳市)[公办],,机械类,,,547,45772
1195,南华大学(衡阳市)[公办],,材料类,,,534,56478
1195,南华大学(衡阳市)[公办],,能源与动力工程,,,553,41254
1195,南华大学(衡阳市)[公办],,电气工程及其自动化,,,558,37566
1195,南华大学(衡阳市)[公办],,电子信息类,,,556,39008
1195,南华大学(衡阳市)[公办],,人工智能,,,555,39718
1195,南华大学(衡阳市)[公办],,自动化类,,,554,40472
1195,南华大学(衡阳市)[公办],,计算机类,,,560,36168
1195,南华大学(衡阳市)[公办],,土木类,,,533,57317
1195,南华大学(衡阳市)[公办],,城市地下空间工程,,,535,55619
1195,南华大学(衡阳市)[公办],,化工与制药类,,,538,53169
1195,南华大学(衡阳市)[公办],,矿业类,,,434,147162
1195,南华大学(衡阳市)[公办],,核工程类,,,569,30021
1195,南华大学(衡阳市)[公办],,环境工程,,,541,50682
1195,南华大学(衡阳市)[公办],,生物医学工程,,,545,47376
1195,南华大学(衡阳市)[公办],,建筑类,,,554,40472
1195,南华大学(衡阳市)[公办],,风景园林,,,546,45883
1195,南华大学(衡阳市)[公办],,安全工程(含卓越工程师班),,,543,49037
1195,南华大学(衡阳市)[公办],,临床医学类,,,576,25729
1195,南华大学(衡阳市)[公办],,护理学,,,536,54791
1195,南华大学(衡阳市)[公办],,工商管理类,,,553,41254
1196,南京财经大学[公办],,经济学类(经济、经统),,,583,21718
1196,南京财经大学[公办],,财政学类(财政、税收),,,585,20594
1196,南京财经大学[公办],,金融学类(金融、金工、保险、投资),,,586,20047
1196,南京财经大学[公办],,金融数学,,,583,21718
1196,南京财经大学[公办],,计算机科学与技术,,,582,22261
1196,南京财经大学[公办],,食品科学与工程类(食工、食质、粮工),,,575,26354
1196,南京财经大学[公办],,大数据管理与应用,,,584,21139
1196,南京财经大学[公办],,工商管理类(会计、财管、审计、资评),,,586,20047
1196,南京财经大学[公办],,工商管理,,,579,23927
1196,南京财经大学[公办],,市场营销,,,574,26972
1196,南京财经大学[公办],,人力资源管理,,,578,24508
1196,南京财经大学[公办],,物流管理,,,571,28818
1196,南京财经大学[公办],,质量管理工程,,,572,28175
1197,南京财经大学红山学院[独立学院],,税收学,,,464,121286
1197,南京财经大学红山学院[独立学院],,金融学,,,472,113947
1197,南京财经大学红山学院[独立学院],,保险学,,,457,127518
1197,南京财经大学红山学院[独立学院],,国际经济与贸易,,,472,113947
1197,南京财经大学红山学院[独立学院],,贸易经济,,,461,124059
1197,南京财经大学红山学院[独立学院],,法学,,,476,110122
1197,南京财经大学红山学院[独立学院],,英语,,,467,118588
1197,南京财经大学红山学院[独立学院],,工商管理,,,470,115794
1197,南京财经大学红山学院[独立学院],,市场营销,,,462,123141
1197,南京财经大学红山学院[独立学院],,会计学,,,474,112067
1197,南京财经大学红山学院[独立学院],,财务管理,,,473,113007
1197,南京财经大学红山学院[独立学院],,人力资源管理,,,456,128454
1197,南京财经大学红山学院[独立学院],,审计学,,,471,114847
1197,南京财经大学红山学院[独立学院],,物流管理,,,461,124059
1197,南京财经大学红山学院[独立学院],,电子商务,,,471,114847
1200,南京大学[公办],,社会科学试验班,,,666,443
1200,南京大学[公办],,经济管理试验班,,,666,443
1200,南京大学[公办],,工科试验班,,,666,443
1200,南京大学[公办],,理科试验班类(匡亚明学院大理科班),,,669,355
1200,南京大学[公办],,理科试验班类(化学与生命科学类),,,667,443
1200,南京大学[公办],,理科试验班(数理科学类),,,667,443
1200,南京大学[公办],,金融工程(计算机金融实验班),,,668,399
1200,南京大学[公办],,电子信息类,,,668,399
1200,南京大学[公办],,人工智能,,,673,256
1200,南京大学[公办],,计算机科学与技术,,,672,286
1200,南京大学[公办],,软件工程,,,668,399
1200,南京大学[公办],,建筑类(建筑与规划实验班),,,664,616
1202,南京工程学院[公办],,机械类,,,543,49037
1202,南京工程学院[公办],,车辆工程,,,539,52338
1202,南京工程学院[公办],,材料类,,,530,59831
1202,南京工程学院[公办],,能源动力类,,,548,44990
1202,南京工程学院[公办],,电气工程及其自动化(电力系统及其自动化),,,567,31356
1202,南京工程学院[公办],,电气工程与智能控制,,,565,32080
1202,南京工程学院[公办],,电子信息工程,,,556,39008
1202,南京工程学院[公办],,人工智能,,,554,40472
1202,南京工程学院[公办],,机器人工程,,,544,48201
1202,南京工程学院[公办],,软件工程,,,556,39008
1202,南京工程学院[公办],,网络工程,,,550,43499
1202,南京工程学院[公办],,数字媒体技术,,,547,45772
1202,南京工程学院[公办],,土木类,,,537,53967
1202,南京工程学院[公办],,工业工程,,,539,52338
1202,南京工程学院[公办],,电气工程及其自动化(中外合作办学),,,538,53169
1202,南京工程学院[公办],,软件工程(中外合作办学),,,539,52338
1203,南京工业大学[公办],,应用物理学,,,583,21718
1203,南京工业大学[公办],,化学类,,,581,22793
1203,南京工业大学[公办],,机械类,,,588,19006
1203,南京工业大学[公办],,智能制造工程,,,583,21718
1203,南京工业大学[公办],,材料类,,,579,23927
1203,南京工业大学[公办],,能源动力类,,,579,23927
1203,南京工业大学[公办],,新能源科学与工程,,,584,21139
1203,南京工业大学[公办],,电子信息类,,,590,17968
1203,南京工业大学[公办],,计算机科学与技术,,,592,16998
1203,南京工业大学[公办],,土木类,,,579,23927
1203,南京工业大学[公办],,给排水科学与工程,,,573,27552
1203,南京工业大学[公办],,化学工程与工艺,,,576,25729
1203,南京工业大学[公办],,资源循环科学与工程,,,577,25118
1203,南京工业大学[公办],,轻化工程,,,572,28175
1203,南京工业大学[公办],,环境科学与工程类,,,574,26972
1203,南京工业大学[公办],,建筑学,,,583,21718
1203,南京工业大学[公办],,城乡规划,,,581,22793
1203,南京工业大学[公办],,生物工程,,,583,21718
1203,南京工业大学[公办],,消防工程,,,562,34751
1203,南京工业大学[公办],,药学类,,,572,28175
1203,南京工业大学[公办],,管理科学与工程类,,,578,24508
1205,南京工业大学浦江学院[独立学院],,汽车服务工程,,,461,124059
1205,南京工业大学浦江学院[独立学院],,通信工程,,,473,113007
1205,南京工业大学浦江学院[独立学院],,自动化类,,,476,110122
1205,南京工业大学浦江学院[独立学院],,土木工程,,,473,113007
1205,南京工业大学浦江学院[独立学院],,交通工程,,,468,117642
1205,南京工业大学浦江学院[独立学院],,工商管理,,,468,117642
1205,南京工业大学浦江学院[独立学院],,工业工程,,,468,117642
1206,南京航空航天大学[公办],,经济与贸易类,,,617,7638
1206,南京航空航天大学[公办],,信息与计算科学,,,621,6561
1206,南京航空航天大学[公办],,应用物理学,,,619,7098
1206,南京航空航天大学[公办],,应用化学,,,614,8462
1206,南京航空航天大学[公办],,应用统计学,,,619,7098
1206,南京航空航天大学[公办],,工程力学,,,621,6561
1206,南京航空航天大学[公办],,机械工程,,,618,7376
1206,南京航空航天大学[公办],,工业设计,,,618,7376
1206,南京航空航天大学[公办],,车辆工程,,,618,7376
1206,南京航空航天大学[公办],,测控技术与仪器,,,618,7376
1206,南京航空航天大学[公办],,材料科学与工程,,,619,7098
1206,南京航空航天大学[公办],,能源与动力工程,,,618,7376
1206,南京航空航天大学[公办],,电气工程及其自动化,,,621,6561
1206,南京航空航天大学[公办],,电子信息类,,,623,6003
1206,南京航空航天大学[公办],,微电子科学与工程(集成电路设计),,,621,6561
1206,南京航空航天大学[公办],,人工智能,,,621,6561
1206,南京航空航天大学[公办],,自动化,,,621,6561
1206,南京航空航天大学[公办],,机器人工程,,,620,6814
1206,南京航空航天大学[公办],,计算机科学与技术,,,624,5761
1206,南京航空航天大学[公办],,软件工程,,,624,5761
1206,南京航空航天大学[公办],,信息安全,,,622,6287
1206,南京航空航天大学[公办],,物联网工程,,,622,6287
1206,南京航空航天大学[公办],,土木工程,,,618,7376
1206,南京航空航天大学[公办],,建筑环境与能源应用工程,,,615,8162
1206,南京航空航天大学[公办],,交通运输(空中交通管制与签派),,,615,8162
1206,南京航空航天大学[公办],,交通运输(民航电子电气工程),,,618,7376
1206,南京航空航天大学[公办],,交通运输(民航机务工程),,,618,7376
1206,南京航空航天大学[公办],,航空航天类,,,621,6561
1206,南京航空航天大学[公办],,航空航天工程,,,625,5524
1206,南京航空航天大学[公办],,飞行器适航技术,,,619,7098
1206,南京航空航天大学[公办],,核工程类,,,615,8162
1206,南京航空航天大学[公办],,生物医学工程,,,615,8162
1206,南京航空航天大学[公办],,管理科学与工程类,,,615,8162
1206,南京航空航天大学[公办],,工商管理类,,,617,7638
1210,南京理工大学[公办],,经济学类,,,613,8757
1210,南京理工大学[公办],,机械类,,,616,7907
1210,南京理工大学[公办],,智能制造工程,,,616,7907
1210,南京理工大学[公办],,材料类,,,610,9711
1210,南京理工大学[公办],,能源动力类,,,614,8462
1210,南京理工大学[公办],,新能源科学与工程,,,613,8757
1210,南京理工大学[公办],,电子信息类,,,619,7098
1210,南京理工大学[公办],,自动化类,,,618,7376
1210,南京理工大学[公办],,计算机类,,,621,6561
1210,南京理工大学[公办],,数据科学与大数据技术,,,620,6814
1210,南京理工大学[公办],,网络空间安全,,,619,7098
1210,南京理工大学[公办],,化工与制药类,,,610,9711
1210,南京理工大学[公办],,兵器类,,,616,7907
1210,南京理工大学[公办],,武器发射工程,,,613,8757
1210,南京理工大学[公办],,探测制导与控制技术,,,614,8462
1210,南京理工大学[公办],,环境科学与工程类,,,610,9711
1210,南京理工大学[公办],,信息管理与信息系统,,,614,8462
1210,南京理工大学[公办],,工商管理类,,,612,9070
1212,南京理工大学泰州科技学院[独立学院],,国际经济与贸易,,,471,114847
1212,南京理工大学泰州科技学院[独立学院],,电气工程及其自动化,,,478,108213
1212,南京理工大学泰州科技学院[独立学院],,数据科学与大数据技术,,,485,101531
1212,南京理工大学泰州科技学院[独立学院],,环境工程,,,469,116739
1212,南京理工大学泰州科技学院[独立学院],,审计学,,,489,97728
1213,南京林业大学[公办],,生物技术,,,575,26354
1213,南京林业大学[公办],,生态学,,,571,28818
1213,南京林业大学[公办],,车辆工程,,,575,26354
1213,南京林业大学[公办],,材料类,,,568,30714
1213,南京林业大学[公办],,材料科学与工程,,,569,30021
1213,南京林业大学[公办],,能源动力类,,,580,23348
1213,南京林业大学[公办],,土木类,,,573,27552
1213,南京林业大学[公办],,测绘工程,,,570,29403
1213,南京林业大学[公办],,化学工程与工艺,,,568,30714
1213,南京林业大学[公办],,轻化工程,,,567,31356
1213,南京林业大学[公办],,包装工程,,,564,32737
1213,南京林业大学[公办],,木材科学与工程,,,576,25729
1213,南京林业大学[公办],,林产化工,,,563,34024
1213,南京林业大学[公办],,食品科学与工程类,,,566,31393
1213,南京林业大学[公办],,生物工程类,,,572,28175
1213,南京林业大学[公办],,林学类,,,576,25729
1213,南京林业大学[公办],,园林,,,585,20594
1213,南京林业大学[公办],,工程管理,,,574,26972
1213,南京林业大学[公办],,木材科学与工程(中外合作办学),,,538,53169
1213,南京林业大学[公办],,林学(中外合作办学),,,543,49037
1216,南京农业大学[公办],,金融学,,,604,11858
1216,南京农业大学[公办],,投资学,,,595,15596
1216,南京农业大学[公办],,国际经济与贸易,,,594,16046
1216,南京农业大学[公办],,社会学类,,,592,16998
1216,南京农业大学[公办],,英语,,,594,16046
1216,南京农业大学[公办],,信息与计算科学,,,594,16046
1216,南京农业大学[公办],,应用化学,,,589,18507
1216,南京农业大学[公办],,生物科学类,,,588,19006
1216,南京农业大学[公办],,生物科学(生物学基地班),,,596,15132
1216,南京农业大学[公办],,生物技术(生命科学与技术基地班),,,590,17968
1216,南京农业大学[公办],,统计学,,,596,15132
1216,南京农业大学[公办],,机械类,,,584,21139
1216,南京农业大学[公办],,电子信息类,,,592,16998
1216,南京农业大学[公办],,人工智能,,,597,14703
1216,南京农业大学[公办],,计算机科学与技术,,,601,13049
1216,南京农业大学[公办],,数据科学与大数据技术,,,595,15596
1216,南京农业大学[公办],,交通运输,,,586,20047
1216,南京农业大学[公办],,环境科学与工程类,,,584,21139
1216,南京农业大学[公办],,食品科学与工程类,,,585,20594
1216,南京农业大学[公办],,风景园林,,,597,14703
1216,南京农业大学[公办],,农学,,,585,20594
1216,南京农业大学[公办],,园艺,,,584,21139
1216,南京农业大学[公办],,植物保护,,,583,21718
1216,南京农业大学[公办],,种子科学与工程,,,589,18507
1216,南京农业大学[公办],,动物医学类,,,583,21718
1216,南京农业大学[公办],,中药学,,,585,20594
1216,南京农业大学[公办],,信息管理与信息系统,,,592,16998
1216,南京农业大学[公办],,工程管理,,,586,20047
1216,南京农业大学[公办],,工商管理类,,,590,17968
1216,南京农业大学[公办],,会计学,,,600,13430
1216,南京农业大学[公办],,农林经济管理,,,590,17968
1216,南京农业大学[公办],,公共管理类,,,589,18507
1220,南京审计大学[公办],,金融学,,,601,13049
1220,南京审计大学[公办],,投资学,,,601,13049
1220,南京审计大学[公办],,数据科学与大数据技术,,,599,13858
1220,南京审计大学[公办],,工程管理,,,591,17508
1220,南京审计大学[公办],,工程造价,,,598,14272
1220,南京审计大学[公办],,会计学,,,604,11858
1220,南京审计大学[公办],,审计学,,,610,9711
1221,南京审计大学金审学院[独立学院],,税收学,,,499,88132
1221,南京审计大学金审学院[独立学院],,金融学,,,511,76779
1221,南京审计大学金审学院[独立学院],,国际经济与贸易,,,502,85294
1221,南京审计大学金审学院[独立学院],,学前教育(师范),,,492,94896
1221,南京审计大学金审学院[独立学院],,计算机科学与技术(嵌入式培养),,,504,83397
1221,南京审计大学金审学院[独立学院],,信息管理与信息系统,,,498,89072
1221,南京审计大学金审学院[独立学院],,会计学,,,513,74844
1221,南京审计大学金审学院[独立学院],,财务管理,,,505,82447
1221,南京审计大学金审学院[独立学院],,审计学,,,516,72111
1222,南京师范大学[公办],,教育技术学(师范),,,608,10398
1222,南京师范大学[公办],,数学类,,,618,7376
1222,南京师范大学[公办],,物理学(师范、非师范),,,614,8462
1222,南京师范大学[公办],,化学类,,,608,10398
1222,南京师范大学[公办],,地理科学类,,,608,10398
1222,南京师范大学[公办],,海洋资源与环境,,,591,17508
1222,南京师范大学[公办],,生物科学类,,,608,10398
1222,南京师范大学[公办],,能源动力类,,,599,13858
1222,南京师范大学[公办],,人工智能,,,608,10398
1222,南京师范大学[公办],,自动化,,,607,10760
1222,南京师范大学[公办],,计算机科学与技术,,,611,9385
1222,南京师范大学[公办],,测绘工程,,,597,14703
1222,南京师范大学[公办],,环境科学与工程类,,,598,14272
1222,南京师范大学[公办],,食品科学与工程,,,602,12631
1222,南京师范大学[公办],,生物工程,,,605,11477
1226,南京特殊教育师范学院[公办],,教育技术学,,,513,74844
1226,南京特殊教育师范学院[公办],,小学教育,,,515,73018
1226,南京特殊教育师范学院[公办],,特殊教育,,,520,68600
1226,南京特殊教育师范学院[公办],,康复治疗学,,,492,94896
1227,南京体育学院[公办],,运动人体科学,,,476,110122
1229,南京晓庄学院[公办],,化学(师范),,,530,59831
1229,南京晓庄学院[公办],,复合材料与工程,,,524,65102
1229,南京晓庄学院[公办],,食品科学与工程,,,524,65102
1230,南京信息工程大学[公办],,经济统计学,,,587,19505
1230,南京信息工程大学[公办],,数学与应用数学,,,590,17968
1230,南京信息工程大学[公办],,数学与应用数学(师范),,,588,19006
1230,南京信息工程大学[公办],,物理学(师范),,,585,20594
1230,南京信息工程大学[公办],,地理科学类,,,587,19505
1230,南京信息工程大学[公办],,大气科学类,,,589,18507
1230,南京信息工程大学[公办],,应用气象学,,,588,19006
1230,南京信息工程大学[公办],,气象技术与工程,,,587,19505
1230,南京信息工程大学[公办],,海洋科学类,,,582,22261
1230,南京信息工程大学[公办],,材料物理,,,583,21718
1230,南京信息工程大学[公办],,电气工程及其自动化,,,590,17968
1230,南京信息工程大学[公办],,电子信息类,,,591,17508
1230,南京信息工程大学[公办],,光电信息科学与工程,,,589,18507
1230,南京信息工程大学[公办],,自动化,,,590,17968
1230,南京信息工程大学[公办],,计算机类,,,599,13858
1230,南京信息工程大学[公办],,计算机科学与技术(师范),,,592,16998
1230,南京信息工程大学[公办],,数据科学与大数据技术,,,594,16046
1230,南京信息工程大学[公办],,给排水科学与工程,,,582,22261
1230,南京信息工程大学[公办],,水文与水资源工程,,,582,22261
1230,南京信息工程大学[公办],,水利科学与工程,,,583,21718
1230,南京信息工程大学[公办],,测绘工程,,,581,22793
1230,南京信息工程大学[公办],,遥感科学与技术,,,586,20047
1230,南京信息工程大学[公办],,环境科学与工程类,,,584,21139
1230,南京信息工程大学[公办],,环境生态工程,,,584,21139
1230,南京信息工程大学[公办],,数学与应用数学(中外合作办学),,,558,37566
1230,南京信息工程大学[公办],,应用化学(中外合作办学),,,568,30714
1230,南京信息工程大学[公办],,地理信息科学(中外合作办学),,,567,31356
1230,南京信息工程大学[公办],,大气科学(中外合作办学),,,581,22793
1230,南京信息工程大学[公办],,数据科学与大数据技术(中外合作办学),,,576,25729
1234,南京邮电大学[公办],,电子信息工程,,,613,8757
1234,南京邮电大学[公办],,电子科学与技术,,,615,8162
1234,南京邮电大学[公办],,通信工程,,,613,8757
1234,南京邮电大学[公办],,光电信息科学与工程,,,609,10048
1234,南京邮电大学[公办],,集成电路设计与集成系统,,,611,9385
1234,南京邮电大学[公办],,人工智能,,,612,9070
1234,南京邮电大学[公办],,自动化,,,608,10398
1234,南京邮电大学[公办],,计算机科学与技术,,,612,9070
1234,南京邮电大学[公办],,软件工程,,,612,9070
1234,南京邮电大学[公办],,网络工程,,,610,9711
1234,南京邮电大学[公办],,信息安全,,,611,9385
1234,南京邮电大学[公办],,数据科学与大数据技术,,,611,9385
1236,南京邮电大学通达学院(扬州市)[独立学院],,电气工程及其自动化,,,581,22793
1236,南京邮电大学通达学院(扬州市)[独立学院],,通信工程,,,492,94896
1236,南京邮电大学通达学院(扬州市)[独立学院],,通信工程(嵌入式培养),,,480,106344
1236,南京邮电大学通达学院(扬州市)[独立学院],,光电信息科学与工程,,,486,100581
1236,南京邮电大学通达学院(扬州市)[独立学院],,信息工程,,,485,101531
1236,南京邮电大学通达学院(扬州市)[独立学院],,自动化,,,482,104483
1236,南京邮电大学通达学院(扬州市)[独立学院],,计算机科学与技术(嵌入式培养),,,497,90044
1236,南京邮电大学通达学院(扬州市)[独立学院],,软件工程(嵌入式培养),,,494,92936
1236,南京邮电大学通达学院(扬州市)[独立学院],,网络工程(嵌入式培养),,,486,100581
1236,南京邮电大学通达学院(扬州市)[独立学院],,物联网工程,,,487,99599
1236,南京邮电大学通达学院(扬州市)[独立学院],,数字媒体技术,,,497,90044
1236,南京邮电大学通达学院(扬州市)[独立学院],,信息管理与信息系统,,,491,95797
1236,南京邮电大学通达学院(扬州市)[独立学院],,财务管理,,,489,97728
1237,南京中医药大学[公办],,食品卫生与营养学,,,576,25729
1237,南京中医药大学[公办],,中西医临床医学,,,584,21139
1239,南开大学(天津市)[公办],,工科试验班(信息科学与技术),,,646,1952
1239,南开大学(天津市)[公办],,理科试验班类(物质科学与可持续发展),,,642,2440
1239,南开大学(天津市)[公办],,理科试验班(数理科学与大数据),,,649,1627
1239,南开大学(天津市)[公办],,经济学类,,,649,1627
1239,南开大学(天津市)[公办],,金融学类,,,654,1155
1239,南开大学(天津市)[公办],,临床医学(5+3一体化),,,646,1952
1239,南开大学(天津市)[公办],,口腔医学,,,645,2065
1239,南开大学(天津市)[公办],,工商管理类,,,643,2296
1240,南宁理工学院[民办],,学前教育,,,425,154215
1240,南宁理工学院[民办],,英语,,,413,162888
1240,南宁理工学院[民办],,商务英语,,,,
1240,南宁理工学院[民办],,广告学,,,413,162888
1240,南宁理工学院[民办],,地理信息科学,,,426,153495
1240,南宁理工学院[民办],,电气工程及其自动化,,,414,162144
1240,南宁理工学院[民办],,电子信息工程,,,413,162888
1240,南宁理工学院[民办],,通信工程,,,427,152752
1240,南宁理工学院[民办],,计算机科学与技术,,,417,160051
1240,南宁理工学院[民办],,网络工程,,,413,162888
1240,南宁理工学院[民办],,土木工程,,,414,162144
1240,南宁理工学院[民办],,建筑学,,,415,161451
1240,南宁理工学院[民办],,工程管理,,,415,161451
1240,南宁理工学院[民办],,工程造价,,,412,163586
1240,南宁理工学院[民办],,会计学,,,412,163586
1240,南宁理工学院[民办],,财务管理,,,412,163586
1240,南宁理工学院[民办],,电子商务,,,414,162144
1241,南宁师范大学(南宁市)[公办],,新闻传播学类,,,529,60756
1241,南宁师范大学(南宁市)[公办],,数学与应用数学,,,527,62507
1241,南宁师范大学(南宁市)[公办],,化学,,,525,64228
1241,南宁师范大学(南宁市)[公办],,电子信息工程,,,516,72111
1241,南宁师范大学(南宁市)[公办],,通信工程,,,525,64228
1241,南宁师范大学(南宁市)[公办],,测绘工程,,,502,85294
1241,南宁师范大学(南宁市)[公办],,环境科学与工程类,,,507,80550
1241,南宁师范大学(南宁市)[公办],,物流管理,,,505,82447
1242,南宁师范大学师园学院[独立学院],,小学教育,,,451,132831
1242,南宁师范大学师园学院[独立学院],,数学与应用数学,,,449,134515
1242,南宁师范大学师园学院[独立学院],,应用心理学,,,456,128454
1242,南宁师范大学师园学院[独立学院],,计算机科学与技术,,,449,134515
1242,南宁师范大学师园学院[独立学院],,数据科学与大数据技术,,,447,136314
1243,南宁学院[民办],,机械设计制造及其自动化,,,435,146339
1243,南宁学院[民办],,汽车服务工程,,,434,147162
1243,南宁学院[民办],,工程审计,,,436,145515
1244,南通大学[公办],,教育技术学(师范),,,543,49037
1244,南通大学[公办],,生物技术,,,545,47376
1244,南通大学[公办],,机械设计制造及其自动化,,,556,39008
1244,南通大学[公办],,电气工程及其自动化,,,556,39008
1244,南通大学[公办],,计算机科学与技术,,,560,36168
1244,南通大学[公办],,土木工程,,,553,41254
1244,南通大学[公办],,交通工程,,,550,43499
1244,南通大学[公办],,交通设备与控制工程,,,544,48201
1244,南通大学[公办],,临床医学,,,579,23927
1244,南通大学[公办],,儿科学,,,563,34024
1244,南通大学[公办],,预防医学,,,556,39008
1244,南通大学[公办],,医学检验技术,,,542,49854
1246,南通理工学院[民办],,汽车服务工程,,,435,146339
1246,南通理工学院[民办],,数据科学与大数据技术(嵌入式培养),,,459,125856
1246,南通理工学院[民办],,土木工程,,,438,143930
1248,南阳理工学院[公办],,小学教育,,,497,90044
1248,南阳理工学院[公办],,英语,,,506,81500
1248,南阳理工学院[公办],,商务英语,,,499,88132
1248,南阳理工学院[公办],,应用化学,,,491,95797
1248,南阳理工学院[公办],,应用统计学,,,502,85294
1248,南阳理工学院[公办],,机械设计制造及其自动化,,,498,89072
1248,南阳理工学院[公办],,材料成型及控制工程,,,490,96770
1248,南阳理工学院[公办],,测控技术与仪器,,,488,98638
1248,南阳理工学院[公办],,电气工程及其自动化,,,501,88132
1248,南阳理工学院[公办],,通信工程,,,504,83397
1248,南阳理工学院[公办],,光电信息科学与工程,,,496,90982
1248,南阳理工学院[公办],,人工智能,,,498,89072
1248,南阳理工学院[公办],,物联网工程,,,500,88132
1248,南阳理工学院[公办],,数字媒体技术,,,505,82447
1248,南阳理工学院[公办],,土木工程(房屋建筑方向),,,493,93969
1248,南阳理工学院[公办],,道路桥梁与渡河工程,,,490,96770
1248,南阳理工学院[公办],,化学工程与工艺,,,482,104483
1248,南阳理工学院[公办],,食品科学与工程,,,478,108213
1248,南阳理工学院[公办],,建筑学,,,500,88132
1248,南阳理工学院[公办],,历史建筑保护工程,,,489,97728
1248,南阳理工学院[公办],,生物工程,,,482,104483
1248,南阳理工学院[公办],,工程管理,,,490,96770
1248,南阳理工学院[公办],,电子商务,,,497,90044
1248,南阳理工学院[公办],,应用化学(中外合作办学),,,466,119485
1248,南阳理工学院[公办],,生物工程(中外合作办学),,,456,128454
1250,南阳师范学院[公办],,学前教育,,,493,93969
1250,南阳师范学院[公办],,应用化学,,,471,114847
1250,南阳师范学院[公办],,材料化学,,,469,116739
1250,南阳师范学院[公办],,计算机类,,,485,101531
1250,南阳师范学院[公办],,软件工程(软件开发方向),,,479,107280
1250,南阳师范学院[公办],,软件工程(数据库技术应用方向),,,476,110122
1250,南阳师范学院[公办],,软件工程(网络攻防方向),,,475,111128
1250,南阳师范学院[公办],,软件工程(智能设备方向),,,474,112067
1250,南阳师范学院[公办],,旅游管理,,,470,115794
1253,内江师范学院[公办],,通信工程,,,481,105433
1253,内江师范学院[公办],,土木工程,,,477,109131
1253,内江师范学院[公办],,工商管理,,,477,109131
1255,内蒙古财经大学(呼和浩特市)[公办],,经济学,,,523,65971
1255,内蒙古财经大学(呼和浩特市)[公办],,经济统计学,,,515,73018
1255,内蒙古财经大学(呼和浩特市)[公办],,工商管理,,,518,70350
1257,内蒙古大学创业学院[独立学院],,金融学,,,455,129310
1257,内蒙古大学创业学院[独立学院],,英语,,,452,131939
1257,内蒙古大学创业学院[独立学院],,信息与计算科学,,,447,136314
1257,内蒙古大学创业学院[独立学院],,电子信息科学与技术,,,445,137992
1257,内蒙古大学创业学院[独立学院],,自动化,,,450,133684
1257,内蒙古大学创业学院[独立学院],,计算机科学与技术,,,452,131939
1257,内蒙古大学创业学院[独立学院],,软件工程,,,451,132831
1257,内蒙古大学创业学院[独立学院],,工程管理,,,441,141442
1257,内蒙古大学创业学院[独立学院],,会计学,,,449,134515
1257,内蒙古大学创业学院[独立学院],,财务管理,,,448,135403
1257,内蒙古大学创业学院[独立学院],,人力资源管理,,,441,141442
1258,内蒙古大学(呼和浩特市)[公办],,经济学,,,598,14272
1258,内蒙古大学(呼和浩特市)[公办],,金融学,,,588,19006
1258,内蒙古大学(呼和浩特市)[公办],,数学类,,,585,20594
1258,内蒙古大学(呼和浩特市)[公办],,数理基础科学,,,585,20594
1258,内蒙古大学(呼和浩特市)[公办],,物理学,,,585,20594
1258,内蒙古大学(呼和浩特市)[公办],,化学,,,576,25729
1258,内蒙古大学(呼和浩特市)[公办],,应用化学,,,578,24508
1258,内蒙古大学(呼和浩特市)[公办],,大气科学,,,579,23927
1258,内蒙古大学(呼和浩特市)[公办],,生物科学,,,582,22261
1258,内蒙古大学(呼和浩特市)[公办],,生物科学,,,579,23927
1258,内蒙古大学(呼和浩特市)[公办],,生物技术,,,573,27552
1258,内蒙古大学(呼和浩特市)[公办],,生物技术,,,571,28818
1258,内蒙古大学(呼和浩特市)[公办],,生态学,,,566,31393
1258,内蒙古大学(呼和浩特市)[公办],,机械工程,,,578,24508
1258,内蒙古大学(呼和浩特市)[公办],,车辆工程,,,580,23348
1258,内蒙古大学(呼和浩特市)[公办],,材料化学,,,579,23927
1258,内蒙古大学(呼和浩特市)[公办],,电子科学与技术,,,588,19006
1258,内蒙古大学(呼和浩特市)[公办],,计算机科学与技术,,,592,16998
1258,内蒙古大学(呼和浩特市)[公办],,软件工程,,,591,17508
1258,内蒙古大学(呼和浩特市)[公办],,数据科学与大数据技术,,,592,16998
1258,内蒙古大学(呼和浩特市)[公办],,土木工程,,,576,25729
1258,内蒙古大学(呼和浩特市)[公办],,道路桥梁与渡河工程,,,572,28175
1258,内蒙古大学(呼和浩特市)[公办],,化学工程与工艺,,,574,26972
1258,内蒙古大学(呼和浩特市)[公办],,交通运输,,,576,25729
1258,内蒙古大学(呼和浩特市)[公办],,环境工程,,,574,26972
1258,内蒙古大学(呼和浩特市)[公办],,环境科学,,,577,25118
1258,内蒙古大学(呼和浩特市)[公办],,环境生态工程,,,572,28175
1258,内蒙古大学(呼和浩特市)[公办],,食品科学与工程,,,574,26972
1258,内蒙古大学(呼和浩特市)[公办],,生物工程,,,578,24508
1258,内蒙古大学(呼和浩特市)[公办],,园艺,,,569,30021
1258,内蒙古大学(呼和浩特市)[公办],,信息管理与信息系统,,,585,20594
1258,内蒙古大学(呼和浩特市)[公办],,工程管理,,,574,26972
1258,内蒙古大学(呼和浩特市)[公办],,工商管理,,,584,21139
1258,内蒙古大学(呼和浩特市)[公办],,会计学,,,588,19006
1258,内蒙古大学(呼和浩特市)[公办],,物流管理,,,581,22793
1260,内蒙古工业大学(呼和浩特市)[公办],,信息与计算科学,,,516,72111
1260,内蒙古工业大学(呼和浩特市)[公办],,应用化学,,,506,81500
1260,内蒙古工业大学(呼和浩特市)[公办],,工程力学,,,506,81500
1260,内蒙古工业大学(呼和浩特市)[公办],,机械设计制造及其自动化,,,523,65971
1260,内蒙古工业大学(呼和浩特市)[公办],,材料成型及控制工程,,,510,77713
1260,内蒙古工业大学(呼和浩特市)[公办],,工业设计,,,508,79620
1260,内蒙古工业大学(呼和浩特市)[公办],,过程装备与控制工程,,,505,82447
1260,内蒙古工业大学(呼和浩特市)[公办],,车辆工程,,,517,71252
1260,内蒙古工业大学(呼和浩特市)[公办],,测控技术与仪器,,,513,74844
1260,内蒙古工业大学(呼和浩特市)[公办],,材料物理,,,502,85294
1260,内蒙古工业大学(呼和浩特市)[公办],,冶金工程,,,515,73018
1260,内蒙古工业大学(呼和浩特市)[公办],,金属材料工程,,,501,88132
1260,内蒙古工业大学(呼和浩特市)[公办],,无机非金属材料工程,,,502,85294
1260,内蒙古工业大学(呼和浩特市)[公办],,能源与动力工程,,,520,68600
1260,内蒙古工业大学(呼和浩特市)[公办],,新能源科学与工程,,,514,73932
1260,内蒙古工业大学(呼和浩特市)[公办],,电气类,,,522,66880
1260,内蒙古工业大学(呼和浩特市)[公办],,电子信息工程,,,534,56478
1260,内蒙古工业大学(呼和浩特市)[公办],,机器人工程,,,521,67756
1260,内蒙古工业大学(呼和浩特市)[公办],,计算机科学与技术,,,536,54791
1260,内蒙古工业大学(呼和浩特市)[公办],,土木工程,,,514,73932
1260,内蒙古工业大学(呼和浩特市)[公办],,建筑环境与能源应用工程,,,505,82447
1260,内蒙古工业大学(呼和浩特市)[公办],,道路桥梁与渡河工程,,,506,81500
1260,内蒙古工业大学(呼和浩特市)[公办],,化学工程与工艺,,,506,81500
1260,内蒙古工业大学(呼和浩特市)[公办],,制药工程,,,505,82447
1260,内蒙古工业大学(呼和浩特市)[公办],,地质工程,,,505,82447
1260,内蒙古工业大学(呼和浩特市)[公办],,采矿工程,,,491,95797
1260,内蒙古工业大学(呼和浩特市)[公办],,纺织工程,,,466,119485
1260,内蒙古工业大学(呼和浩特市)[公办],,服装设计与工程,,,486,100581
1260,内蒙古工业大学(呼和浩特市)[公办],,交通运输(机场现场运行管理方向),,,514,73932
1260,内蒙古工业大学(呼和浩特市)[公办],,环境科学与工程,,,505,82447
1260,内蒙古工业大学(呼和浩特市)[公办],,城乡规划,,,503,84351
1260,内蒙古工业大学(呼和浩特市)[公办],,风景园林,,,503,84351
1260,内蒙古工业大学(呼和浩特市)[公办],,生物工程,,,508,79620
1260,内蒙古工业大学(呼和浩特市)[公办],,工商管理,,,512,75821
1260,内蒙古工业大学(呼和浩特市)[公办],,物流管理,,,506,81500
1260,内蒙古工业大学(呼和浩特市)[公办],,工业工程,,,507,80550
1261,内蒙古鸿德文理学院[民办],,学前教育,,,450,133684
1261,内蒙古鸿德文理学院[民办],,会计学,,,445,137992
1261,内蒙古鸿德文理学院[民办],,财务管理,,,441,141442
1261,内蒙古鸿德文理学院[民办],,审计学,,,440,142251
1264,内蒙古科技大学包头师范学院[公办],,数学与应用数学,,,509,78673
1264,内蒙古科技大学包头师范学院[公办],,物理学,,,493,93969
1264,内蒙古科技大学包头师范学院[公办],,化学,,,494,92936
1264,内蒙古科技大学包头师范学院[公办],,应用化学,,,480,106344
1264,内蒙古科技大学包头师范学院[公办],,地理科学,,,479,107280
1264,内蒙古科技大学包头师范学院[公办],,人文地理与城乡规划,,,486,100581
1264,内蒙古科技大学包头师范学院[公办],,生物科学,,,475,111128
1264,内蒙古科技大学包头师范学院[公办],,生物技术,,,472,113947
1264,内蒙古科技大学包头师范学院[公办],,电子信息科学与技术,,,498,89072
1264,内蒙古科技大学包头师范学院[公办],,会计学,,,488,98638
1265,内蒙古科技大学(包头市)[公办],,金融学,,,522,66880
1265,内蒙古科技大学(包头市)[公办],,应用物理学,,,505,82447
1265,内蒙古科技大学(包头市)[公办],,机械类,,,509,78673
1265,内蒙古科技大学(包头市)[公办],,材料成型及控制工程,,,501,88132
1265,内蒙古科技大学(包头市)[公办],,材料类,,,495,91989
1265,内蒙古科技大学(包头市)[公办],,冶金工程,,,501,88132
1265,内蒙古科技大学(包头市)[公办],,能源与动力工程,,,507,80550
1265,内蒙古科技大学(包头市)[公办],,电气类,,,511,76779
1265,内蒙古科技大学(包头市)[公办],,软件工程,,,523,65971
1265,内蒙古科技大学(包头市)[公办],,建筑环境与能源应用工程,,,497,90044
1265,内蒙古科技大学(包头市)[公办],,给排水科学与工程,,,500,88132
1265,内蒙古科技大学(包头市)[公办],,化工与制药类,,,491,95797
1265,内蒙古科技大学(包头市)[公办],,矿业类,,,484,102507
1265,内蒙古科技大学(包头市)[公办],,环境工程,,,510,77713
1265,内蒙古科技大学(包头市)[公办],,建筑类,,,505,82447
1265,内蒙古科技大学(包头市)[公办],,管理科学与工程类,,,507,80550
1265,内蒙古科技大学(包头市)[公办],,信息管理与信息系统,,,516,72111
1265,内蒙古科技大学(包头市)[公办],,工商管理,,,508,79620
1265,内蒙古科技大学(包头市)[公办],,会计学,,,521,67756
1265,内蒙古科技大学(包头市)[公办],,人力资源管理,,,515,73018
1266,内蒙古科技大学包头医学院[公办],,临床医学,,,518,70350
1266,内蒙古科技大学包头医学院[公办],,麻醉学,,,510,77713
1266,内蒙古科技大学包头医学院[公办],,医学检验技术,,,498,89072
1266,内蒙古科技大学包头医学院[公办],,卫生检验与检疫,,,491,95797
1266,内蒙古科技大学包头医学院[公办],,护理学,,,489,97728
1269,内蒙古民族大学(通辽市)[公办],,数学与应用数学,,,506,81500
1269,内蒙古民族大学(通辽市)[公办],,物理学,,,495,91989
1269,内蒙古民族大学(通辽市)[公办],,化学,,,499,88132
1269,内蒙古民族大学(通辽市)[公办],,生物科学,,,489,97728
1269,内蒙古民族大学(通辽市)[公办],,机械设计制造及其自动化,,,498,89072
1269,内蒙古民族大学(通辽市)[公办],,材料成型及控制工程,,,494,92936
1269,内蒙古民族大学(通辽市)[公办],,计算机科学与技术,,,510,77713
1269,内蒙古民族大学(通辽市)[公办],,数字媒体技术,,,501,88132
1269,内蒙古民族大学(通辽市)[公办],,农学,,,482,104483
1269,内蒙古民族大学(通辽市)[公办],,农业资源与环境,,,488,98638
1269,内蒙古民族大学(通辽市)[公办],,动物科学,,,484,102507
1269,内蒙古民族大学(通辽市)[公办],,动物医学,,,497,90044
1269,内蒙古民族大学(通辽市)[公办],,园林,,,485,101531
1269,内蒙古民族大学(通辽市)[公办],,草业科学,,,480,106344
1269,内蒙古民族大学(通辽市)[公办],,临床医学,,,512,75821
1269,内蒙古民族大学(通辽市)[公办],,预防医学,,,496,90982
1271,内蒙古农业大学[公办],,金融学,,,509,78673
1271,内蒙古农业大学[公办],,生物技术,,,494,92936
1271,内蒙古农业大学[公办],,应用统计学,,,503,84351
1271,内蒙古农业大学[公办],,机械类,,,500,88132
1271,内蒙古农业大学[公办],,材料科学与工程,,,494,92936
1271,内蒙古农业大学[公办],,新能源科学与工程,,,501,88132
1271,内蒙古农业大学[公办],,电气类,,,507,80550
1271,内蒙古农业大学[公办],,计算机类,,,512,75821
1271,内蒙古农业大学[公办],,道路桥梁与渡河工程,,,494,92936
1271,内蒙古农业大学[公办],,水利类,,,498,89072
1271,内蒙古农业大学[公办],,交通工程,,,498,89072
1271,内蒙古农业大学[公办],,木材科学与工程,,,492,94896
1271,内蒙古农业大学[公办],,家具设计与工程,,,491,95797
1271,内蒙古农业大学[公办],,食品科学与工程,,,502,85294
1271,内蒙古农业大学[公办],,食品质量与安全,,,494,92936
1271,内蒙古农业大学[公办],,乳品工程,,,490,96770
1271,内蒙古农业大学[公办],,城乡规划,,,499,88132
1271,内蒙古农业大学[公办],,风景园林,,,500,88132
1271,内蒙古农业大学[公办],,农学,,,493,93969
1271,内蒙古农业大学[公办],,园艺,,,492,94896
1271,内蒙古农业大学[公办],,种子科学与工程,,,480,106344
1271,内蒙古农业大学[公办],,水土保持与荒漠化防治,,,490,96770
1271,内蒙古农业大学[公办],,动物医学,,,503,84351
1271,内蒙古农业大学[公办],,动物药学,,,489,97728
1271,内蒙古农业大学[公办],,动植物检疫,,,493,93969
1271,内蒙古农业大学[公办],,园林,,,493,93969
1271,内蒙古农业大学[公办],,水产养殖学,,,467,118588
1271,内蒙古农业大学[公办],,草业科学,,,488,98638
1271,内蒙古农业大学[公办],,财务管理,,,509,78673
1271,内蒙古农业大学[公办],,土地资源管理,,,492,94896
1271,内蒙古农业大学[公办],,物流管理,,,494,92936
1275,内蒙古师范大学(呼和浩特市)[公办],,经济学,,,518,70350
1275,内蒙古师范大学(呼和浩特市)[公办],,教育技术学,,,522,66880
1275,内蒙古师范大学(呼和浩特市)[公办],,物理学,,,533,57317
1275,内蒙古师范大学(呼和浩特市)[公办],,化学,,,536,54791
1275,内蒙古师范大学(呼和浩特市)[公办],,地理科学,,,529,60756
1275,内蒙古师范大学(呼和浩特市)[公办],,生物科学,,,529,60756
1275,内蒙古师范大学(呼和浩特市)[公办],,生态学,,,496,90982
1275,内蒙古师范大学(呼和浩特市)[公办],,心理学,,,522,66880
1275,内蒙古师范大学(呼和浩特市)[公办],,计算机科学与技术,,,524,65102
1276,内蒙古医科大学(呼和浩特市)[公办],,临床医学,,,553,41254
1276,内蒙古医科大学(呼和浩特市)[公办],,医学影像学,,,544,48201
1276,内蒙古医科大学(呼和浩特市)[公办],,口腔医学,,,555,39718
1276,内蒙古医科大学(呼和浩特市)[公办],,预防医学,,,530,59831
1276,内蒙古医科大学(呼和浩特市)[公办],,中医学,,,523,65971
1276,内蒙古医科大学(呼和浩特市)[公办],,药学,,,526,63346
1276,内蒙古医科大学(呼和浩特市)[公办],,法医学,,,536,54791
1276,内蒙古医科大学(呼和浩特市)[公办],,护理学,,,502,85294
1277,内蒙古艺术学院[公办],,文化产业管理,,,452,131939
1277,内蒙古艺术学院[公办],,艺术史论,,,446,137128
1278,宁波财经学院[民办],,金融工程,,,444,138829
1278,宁波财经学院[民办],,国际经济与贸易(大宗商品交易方向),,,443,139702
1278,宁波财经学院[民办],,英语,,,440,142251
1278,宁波财经学院[民办],,机械设计制造及其自动化,,,437,144729
1278,宁波财经学院[民办],,机械电子工程,,,429,151199
1278,宁波财经学院[民办],,工业设计,,,431,149615
1278,宁波财经学院[民办],,计算机科学与技术,,,441,141442
1278,宁波财经学院[民办],,软件工程,,,445,137992
1278,宁波财经学院[民办],,数字媒体技术,,,438,143930
1278,宁波财经学院[民办],,数据科学与大数据技术,,,431,149615
1278,宁波财经学院[民办],,信息管理与信息系统,,,429,151199
1278,宁波财经学院[民办],,工商管理,,,440,142251
1278,宁波财经学院[民办],,市场营销,,,449,134515
1278,宁波财经学院[民办],,会计学,,,445,137992
1278,宁波财经学院[民办],,财务管理,,,445,137992
1278,宁波财经学院[民办],,物流管理,,,433,147987
1278,宁波财经学院[民办],,电子商务,,,434,147162
1279,宁波大学[公办],,经济学类,,,590,17968
1279,宁波大学[公办],,法学类,,,596,15132
1279,宁波大学[公办],,数学类,,,588,19006
1279,宁波大学[公办],,物理学类,,,583,21718
1279,宁波大学[公办],,化学类,,,572,28175
1279,宁波大学[公办],,生物科学类,,,576,25729
1279,宁波大学[公办],,工程力学(拔尖人才创新班),,,587,19505
1279,宁波大学[公办],,机械类,,,584,21139
1279,宁波大学[公办],,电子信息类,,,592,16998
1279,宁波大学[公办],,土木工程,,,582,22261
1279,宁波大学[公办],,环境工程,,,577,25118
1279,宁波大学[公办],,食品科学与工程,,,580,23348
1279,宁波大学[公办],,建筑学,,,584,21139
1279,宁波大学[公办],,海洋药学,,,575,26354
1279,宁波大学[公办],,工商管理类,,,591,17508
1279,宁波大学[公办],,数学与应用数学(中外合作办学)(中美合作精算科学与风险管理),,,559,36873
1279,宁波大学[公办],,人文地理与城乡规划(中外合作办学)(中法合作),,,554,40472
1279,宁波大学[公办],,旅游管理(中外合作办学)(中法合作),,,550,43499
1280,宁波大学科学技术学院[独立学院],,金融学,,,453,131095
1280,宁波大学科学技术学院[独立学院],,法学,,,463,122201
1280,宁波大学科学技术学院[独立学院],,英语,,,446,137128
1280,宁波大学科学技术学院[独立学院],,翻译,,,453,131095
1280,宁波大学科学技术学院[独立学院],,应用化学,,,445,137992
1280,宁波大学科学技术学院[独立学院],,生物技术,,,444,138829
1280,宁波大学科学技术学院[独立学院],,机械设计制造及其自动化,,,441,141442
1280,宁波大学科学技术学院[独立学院],,机械设计制造及其自动化,,,443,139702
1280,宁波大学科学技术学院[独立学院],,机械电子工程,,,444,138829
1280,宁波大学科学技术学院[独立学院],,电气工程及其自动化,,,446,137128
1280,宁波大学科学技术学院[独立学院],,电子信息工程,,,449,134515
1280,宁波大学科学技术学院[独立学院],,人工智能,,,450,133684
1280,宁波大学科学技术学院[独立学院],,机器人工程,,,438,143930
1280,宁波大学科学技术学院[独立学院],,计算机科学与技术,,,450,133684
1280,宁波大学科学技术学院[独立学院],,软件工程,,,448,135403
1280,宁波大学科学技术学院[独立学院],,土木工程,,,443,139702
1280,宁波大学科学技术学院[独立学院],,建筑学,,,443,139702
1280,宁波大学科学技术学院[独立学院],,工程管理,,,439,143057
1280,宁波大学科学技术学院[独立学院],,工商管理,,,458,126654
1280,宁波大学科学技术学院[独立学院],,会计学,,,460,124911
1281,宁波工程学院[公办],,英语,,,524,65102
1281,宁波工程学院[公办],,信息与计算科学,,,521,67756
1281,宁波工程学院[公办],,机械设计制造及其自动化,,,521,67756
1281,宁波工程学院[公办],,工业设计,,,517,71252
1281,宁波工程学院[公办],,车辆工程,,,519,69481
1281,宁波工程学院[公办],,材料科学与工程,,,504,83397
1281,宁波工程学院[公办],,材料物理,,,486,100581
1281,宁波工程学院[公办],,电气工程及其自动化,,,524,65102
1281,宁波工程学院[公办],,计算机科学与技术,,,531,58995
1281,宁波工程学院[公办],,网络工程,,,530,59831
1281,宁波工程学院[公办],,土木工程,,,517,71252
1281,宁波工程学院[公办],,安全工程,,,513,74844
1281,宁波工程学院[公办],,国际商务,,,514,73932
1281,宁波工程学院[公办],,物流管理,,,516,72111
1281,宁波工程学院[公办],,物流工程,,,515,73018
1282,宁波诺丁汉大学[中外合作办学],,经济学(中外合作办学),,,564,32737
1282,宁波诺丁汉大学[中外合作办学],,国际经济与贸易(中外合作办学),,,543,49037
1282,宁波诺丁汉大学[中外合作办学],,传播学(中外合作办学),,,536,54791
1282,宁波诺丁汉大学[中外合作办学],,数学与应用数学(中外合作办学),,,534,56478
1282,宁波诺丁汉大学[中外合作办学],,数学与应用数学(中外合作办学)(2加2),,,584,21139
1282,宁波诺丁汉大学[中外合作办学],,化学(中外合作办学)(2加2),,,,
1282,宁波诺丁汉大学[中外合作办学],,电气类(中外合作办学),,,506,81500
1282,宁波诺丁汉大学[中外合作办学],,电气类(中外合作办学)(2加2),,,532,58171
1282,宁波诺丁汉大学[中外合作办学],,计算机科学与技术(中外合作办学),,,562,34751
1282,宁波诺丁汉大学[中外合作办学],,计算机科学与技术(中外合作办学)(2加2),,,587,19505
1282,宁波诺丁汉大学[中外合作办学],,环境科学(中外合作办学)(2加2),,,529,60756
1282,宁波诺丁汉大学[中外合作办学],,建筑学(中外合作办学),,,551,42759
1282,宁波诺丁汉大学[中外合作办学],,财务管理(中外合作办学),,,558,37566
1282,宁波诺丁汉大学[中外合作办学],,国际商务(中外合作办学),,,533,57317
1283,宁夏大学新华学院(银川市)[独立学院],,生物技术,,,446,137128
1283,宁夏大学新华学院(银川市)[独立学院],,机械工程,,,442,140581
1283,宁夏大学新华学院(银川市)[独立学院],,电气工程及其自动化,,,440,142251
1283,宁夏大学新华学院(银川市)[独立学院],,电子信息工程,,,445,137992
1283,宁夏大学新华学院(银川市)[独立学院],,计算机科学与技术,,,449,134515
1283,宁夏大学新华学院(银川市)[独立学院],,信息管理与信息系统,,,440,142251
1283,宁夏大学新华学院(银川市)[独立学院],,工程管理,,,440,142251
1283,宁夏大学新华学院(银川市)[独立学院],,工商管理(人力资源方向),,,445,137992
1283,宁夏大学新华学院(银川市)[独立学院],,财务管理,,,436,145515
1283,宁夏大学新华学院(银川市)[独立学院],,物流管理,,,439,143057
1283,宁夏大学新华学院(银川市)[独立学院],,电子商务,,,441,141442
1284,宁夏大学(银川市)[公办],,教育技术学,,,573,27552
1284,宁夏大学(银川市)[公办],,学前教育(师范),,,564,32737
1284,宁夏大学(银川市)[公办],,地理科学类,,,578,24508
1284,宁夏大学(银川市)[公办],,生物科学(师范),,,580,23348
1284,宁夏大学(银川市)[公办],,应用统计学,,,576,25729
1284,宁夏大学(银川市)[公办],,机械工程(卓越工程师),,,578,24508
1284,宁夏大学(银川市)[公办],,材料化学,,,572,28175
1284,宁夏大学(银川市)[公办],,电气工程及其自动化,,,588,19006
1284,宁夏大学(银川市)[公办],,电子信息类,,,581,22793
1284,宁夏大学(银川市)[公办],,计算机类,,,583,21718
1284,宁夏大学(银川市)[公办],,软件工程(与印度国家信息技术学院合作项目),,,574,26972
1284,宁夏大学(银川市)[公办],,食品科学与工程,,,571,28818
1284,宁夏大学(银川市)[公办],,葡萄与葡萄酒工程,,,557,38272
1284,宁夏大学(银川市)[公办],,建筑类,,,574,26972
1284,宁夏大学(银川市)[公办],,植物生产类,,,565,32080
1284,宁夏大学(银川市)[公办],,农业资源与环境,,,568,30714
1284,宁夏大学(银川市)[公办],,动物医学,,,568,30714
1284,宁夏大学(银川市)[公办],,林学类,,,566,31393
1284,宁夏大学(银川市)[公办],,草业科学,,,562,34751
1286,宁夏理工学院(石嘴山市)[民办],,应用化学(卓越班),,,438,143930
1286,宁夏理工学院(石嘴山市)[民办],,机械工程,,,418,159311
1286,宁夏理工学院(石嘴山市)[民办],,材料成型及控制工程,,,417,160051
1286,宁夏理工学院(石嘴山市)[民办],,工业设计,,,439,143057
1286,宁夏理工学院(石嘴山市)[民办],,汽车服务工程,,,421,157137
1286,宁夏理工学院(石嘴山市)[民办],,智能制造工程,,,425,154215
1286,宁夏理工学院(石嘴山市)[民办],,能源与动力工程,,,420,157892
1286,宁夏理工学院(石嘴山市)[民办],,电气工程及其自动化,,,431,149615
1286,宁夏理工学院(石嘴山市)[民办],,电气工程及其自动化(智能电气),,,428,152021
1286,宁夏理工学院(石嘴山市)[民办],,电子信息工程,,,429,151199
1286,宁夏理工学院(石嘴山市)[民办],,自动化,,,424,154962
1286,宁夏理工学院(石嘴山市)[民办],,机器人工程,,,422,156398
1286,宁夏理工学院(石嘴山市)[民办],,计算机类,,,421,157137
1286,宁夏理工学院(石嘴山市)[民办],,物联网工程,,,416,160740
1286,宁夏理工学院(石嘴山市)[民办],,土木工程,,,418,159311
1286,宁夏理工学院(石嘴山市)[民办],,给排水科学与工程,,,414,162144
1286,宁夏理工学院(石嘴山市)[民办],,制药工程,,,423,155642
1286,宁夏理工学院(石嘴山市)[民办],,资源循环科学与工程,,,413,162888
1286,宁夏理工学院(石嘴山市)[民办],,能源化学工程,,,420,157892
1286,宁夏理工学院(石嘴山市)[民办],,交通运输,,,415,161451
1286,宁夏理工学院(石嘴山市)[民办],,环境工程,,,426,153495
1286,宁夏理工学院(石嘴山市)[民办],,安全工程,,,416,160740
1286,宁夏理工学院(石嘴山市)[民办],,工程管理,,,421,157137
1287,宁夏师范学院(固原市)[公办],,数学与应用数学(师范),,,487,99599
1287,宁夏师范学院(固原市)[公办],,电气工程及其自动化(非师范),,,483,103506
1287,宁夏师范学院(固原市)[公办],,电子信息工程(非师范),,,471,114847
1287,宁夏师范学院(固原市)[公办],,计算机科学与技术(师范),,,471,114847
1287,宁夏师范学院(固原市)[公办],,化学工程与工艺(非师范),,,465,120370
1289,攀枝花学院[公办],,车辆工程,,,481,105433
1289,攀枝花学院[公办],,土木工程,,,484,102507
1291,平顶山学院[公办],,英语,,,483,103506
1291,平顶山学院[公办],,网络与新媒体,,,488,98638
1291,平顶山学院[公办],,环境生态工程,,,464,121286
1291,平顶山学院[公办],,护理学,,,478,108213
1292,萍乡学院[公办],,无机非金属材料工程,,,463,122201
1292,萍乡学院[公办],,工程管理,,,472,113947
1293,莆田学院[公办],,机器人工程,,,491,95797
1293,莆田学院[公办],,软件工程,,,498,89072
1293,莆田学院[公办],,物联网工程,,,496,90982
1293,莆田学院[公办],,智能科学与技术,,,492,94896
1293,莆田学院[公办],,数据科学与大数据技术,,,494,92936
1297,普洱学院[公办],,数学与应用数学,,,466,119485
1299,齐鲁工业大学(济南市)[公办],,翻译,,,551,42759
1299,齐鲁工业大学(济南市)[公办],,广告学,,,543,49037
1299,齐鲁工业大学(济南市)[公办],,信息与计算科学,,,546,45883
1299,齐鲁工业大学(济南市)[公办],,数据计算及应用,,,544,48201
1299,齐鲁工业大学(济南市)[公办],,应用统计学,,,546,45883
1299,齐鲁工业大学(济南市)[公办],,机械设计制造及其自动化,,,548,44990
1299,齐鲁工业大学(济南市)[公办],,智能制造工程,,,544,48201
1299,齐鲁工业大学(济南市)[公办],,通信工程,,,549,44261
1299,齐鲁工业大学(济南市)[公办],,光电信息科学与工程,,,549,44261
1299,齐鲁工业大学(济南市)[公办],,电子信息科学与技术,,,549,44261
1299,齐鲁工业大学(济南市)[公办],,自动化,,,548,44990
1299,齐鲁工业大学(济南市)[公办],,机器人工程,,,548,44990
1299,齐鲁工业大学(济南市)[公办],,物联网工程,,,552,42004
1299,齐鲁工业大学(济南市)[公办],,网络空间安全,,,553,41254
1299,齐鲁工业大学(济南市)[公办],,区块链工程,,,543,49037
1299,齐鲁工业大学(济南市)[公办],,环境科学与工程类,,,536,54791
1299,齐鲁工业大学(济南市)[公办],,生物工程,,,541,50682
1300,齐鲁理工学院[民办],,自动化,,,440,142251
1300,齐鲁理工学院[民办],,医学检验技术,,,436,145515
1300,齐鲁理工学院[民办],,医学影像技术,,,443,139702
1300,齐鲁理工学院[民办],,护理学,,,438,143930
1300,齐鲁理工学院[民办],,工程造价,,,436,145515
1300,齐鲁理工学院[民办],,会计学,,,445,137992
1302,齐鲁医药学院(淄博市)[民办],,生物医学工程,,,488,98638
1302,齐鲁医药学院(淄博市)[民办],,生物制药,,,469,116739
1302,齐鲁医药学院(淄博市)[民办],,临床医学,,,498,89072
1302,齐鲁医药学院(淄博市)[民办],,医学影像学,,,500,88132
1302,齐鲁医药学院(淄博市)[民办],,口腔医学,,,520,68600
1302,齐鲁医药学院(淄博市)[民办],,预防医学,,,480,106344
1302,齐鲁医药学院(淄博市)[民办],,药学,,,481,105433
1302,齐鲁医药学院(淄博市)[民办],,药物制剂,,,416,160740
1302,齐鲁医药学院(淄博市)[民办],,中药学,,,489,97728
1302,齐鲁医药学院(淄博市)[民办],,医学检验技术,,,480,106344
1302,齐鲁医药学院(淄博市)[民办],,医学影像技术,,,477,109131
1302,齐鲁医药学院(淄博市)[民办],,护理学,,,473,113007
1303,齐齐哈尔大学[公办],,数学类,,,514,73932
1303,齐齐哈尔大学[公办],,物理学(师范类),,,512,75821
1303,齐齐哈尔大学[公办],,应用化学,,,502,85294
1303,齐齐哈尔大学[公办],,地理科学(师范类),,,511,76779
1303,齐齐哈尔大学[公办],,生物技术,,,498,89072
1303,齐齐哈尔大学[公办],,机械类,,,507,80550
1303,齐齐哈尔大学[公办],,材料类,,,496,90982
1303,齐齐哈尔大学[公办],,电气工程及其自动化,,,513,74844
1303,齐齐哈尔大学[公办],,电子信息类,,,509,78673
1303,齐齐哈尔大学[公办],,人工智能,,,511,76779
1303,齐齐哈尔大学[公办],,自动化,,,512,75821
1303,齐齐哈尔大学[公办],,计算机类,,,516,72111
1303,齐齐哈尔大学[公办],,物联网工程,,,511,76779
1303,齐齐哈尔大学[公办],,数据科学与大数据技术,,,515,73018
1303,齐齐哈尔大学[公办],,土木工程,,,503,84351
1303,齐齐哈尔大学[公办],,化工与制药类,,,499,88132
1303,齐齐哈尔大学[公办],,纺织工程,,,480,106344
1303,齐齐哈尔大学[公办],,轻工类,,,486,100581
1303,齐齐哈尔大学[公办],,食品科学与工程类,,,501,88132
1303,齐齐哈尔大学[公办],,生物工程,,,500,88132
1305,齐齐哈尔工程学院[民办],,计算机科学与技术,,,412,163586
1305,齐齐哈尔工程学院[民办],,土木工程,,,412,163586
1305,齐齐哈尔工程学院[民办],,工程管理,,,412,163586
1305,齐齐哈尔工程学院[民办],,财务管理,,,412,163586
1306,齐齐哈尔医学院[公办],,临床医学,,,518,70350
1306,齐齐哈尔医学院[公办],,医学影像学,,,518,70350
1306,齐齐哈尔医学院[公办],,精神医学,,,521,67756
1306,齐齐哈尔医学院[公办],,预防医学,,,511,76779
1306,齐齐哈尔医学院[公办],,临床药学,,,510,77713
1306,齐齐哈尔医学院[公办],,医学检验技术,,,509,78673
1306,齐齐哈尔医学院[公办],,信息管理与信息系统,,,501,88132
1306,齐齐哈尔医学院[公办],,健康服务与管理,,,416,160740
1309,黔南民族师范学院[公办],,数学与应用数学,,,467,118588
1309,黔南民族师范学院[公办],,信息与计算科学,,,464,121286
1309,黔南民族师范学院[公办],,电子信息工程,,,469,116739
1313,青岛滨海学院[民办],,机械设计制造及其自动化,,,451,132831
1313,青岛滨海学院[民办],,智能制造工程,,,444,138829
1313,青岛滨海学院[民办],,人工智能,,,447,136314
1313,青岛滨海学院[民办],,计算机科学与技术,,,455,129310
1313,青岛滨海学院[民办],,生物医学工程,,,443,139702
1314,青岛城市学院[民办],,机械设计制造及其自动化,,,448,135403
1314,青岛城市学院[民办],,电气工程及其自动化,,,451,132831
1314,青岛城市学院[民办],,机器人工程,,,450,133684
1314,青岛城市学院[民办],,计算机类,,,458,126654
1314,青岛城市学院[民办],,土木工程,,,450,133684
1314,青岛城市学院[民办],,智能建造,,,449,134515
1314,青岛城市学院[民办],,建筑学,,,449,134515
1314,青岛城市学院[民办],,城乡规划,,,447,136314
1314,青岛城市学院[民办],,工程管理,,,447,136314
1314,青岛城市学院[民办],,工程造价,,,449,134515
1315,青岛大学[公办],,经济学类,,,583,21718
1315,青岛大学[公办],,金融学,,,582,22261
1315,青岛大学[公办],,德语,,,577,25118
1315,青岛大学[公办],,数学类,,,583,21718
1315,青岛大学[公办],,应用物理学,,,579,23927
1315,青岛大学[公办],,生物技术,,,578,24508
1315,青岛大学[公办],,机械工程,,,577,25118
1315,青岛大学[公办],,材料类,,,568,30714
1315,青岛大学[公办],,能源与动力工程,,,579,23927
1315,青岛大学[公办],,新能源科学与工程,,,580,23348
1315,青岛大学[公办],,电气工程及其自动化,,,585,20594
1315,青岛大学[公办],,电子信息类,,,583,21718
1315,青岛大学[公办],,微电子科学与工程,,,580,23348
1315,青岛大学[公办],,自动化,,,583,21718
1315,青岛大学[公办],,计算机类,,,586,20047
1315,青岛大学[公办],,纺织类,,,560,36168
1315,青岛大学[公办],,环境科学与工程,,,576,25729
1315,青岛大学[公办],,食品科学与工程,,,573,27552
1315,青岛大学[公办],,临床医学,,,585,20594
1315,青岛大学[公办],,预防医学,,,574,26972
1315,青岛大学[公办],,药学,,,579,23927
1315,青岛大学[公办],,护理学,,,571,28818
1315,青岛大学[公办],,信息管理与信息系统,,,580,23348
1315,青岛大学[公办],,工商管理,,,577,25118
1315,青岛大学[公办],,物流管理,,,573,27552
1319,青岛工学院[民办],,金融工程,,,439,143057
1319,青岛工学院[民办],,知识产权,,,422,156398
1319,青岛工学院[民办],,汉语言文学,,,448,135403
1319,青岛工学院[民办],,英语,,,453,131095
1319,青岛工学院[民办],,机械设计制造及其自动化,,,442,140581
1319,青岛工学院[民办],,工业设计,,,439,143057
1319,青岛工学院[民办],,电气工程及其自动化,,,441,141442
1319,青岛工学院[民办],,电子信息工程,,,438,143930
1319,青岛工学院[民办],,通信工程,,,437,144729
1319,青岛工学院[民办],,人工智能,,,440,142251
1319,青岛工学院[民办],,计算机科学与技术,,,442,140581
1319,青岛工学院[民办],,软件工程,,,443,139702
1319,青岛工学院[民办],,网络工程,,,441,141442
1319,青岛工学院[民办],,信息安全,,,436,145515
1319,青岛工学院[民办],,物联网工程,,,437,144729
1319,青岛工学院[民办],,数字媒体技术,,,445,137992
1319,青岛工学院[民办],,土木工程,,,437,144729
1319,青岛工学院[民办],,化学工程与工业生物工程,,,435,146339
1319,青岛工学院[民办],,食品科学与工程,,,438,143930
1319,青岛工学院[民办],,建筑学,,,436,145515
1319,青岛工学院[民办],,工商管理,,,441,141442
1319,青岛工学院[民办],,审计学,,,448,135403
1319,青岛工学院[民办],,电子商务,,,437,144729
1321,青岛恒星科技学院[民办],,教育技术学,,,440,142251
1321,青岛恒星科技学院[民办],,英语,,,435,146339
1321,青岛恒星科技学院[民办],,机械类,,,424,154962
1321,青岛恒星科技学院[民办],,电气工程及其自动化,,,434,147162
1321,青岛恒星科技学院[民办],,人工智能,,,424,154962
1321,青岛恒星科技学院[民办],,机器人工程,,,422,156398
1321,青岛恒星科技学院[民办],,计算机类,,,425,154215
1321,青岛恒星科技学院[民办],,土木工程,,,419,158594
1321,青岛恒星科技学院[民办],,管理科学与工程类,,,420,157892
1322,青岛黄海学院[民办],,经济统计学,,,453,131095
1322,青岛黄海学院[民办],,互联网金融,,,454,130189
1322,青岛黄海学院[民办],,国际经济与贸易(报考要求详见招生章程),,,437,144729
1322,青岛黄海学院[民办],,学前教育,,,438,143930
1322,青岛黄海学院[民办],,商务英语,,,429,151199
1322,青岛黄海学院[民办],,机械设计制造及其自动化,,,445,137992
1322,青岛黄海学院[民办],,车辆工程,,,441,141442
1322,青岛黄海学院[民办],,电气工程及其自动化,,,447,136314
1322,青岛黄海学院[民办],,电子信息工程,,,442,140581
1322,青岛黄海学院[民办],,计算机科学与技术,,,439,143057
1322,青岛黄海学院[民办],,数据科学与大数据技术,,,439,143057
1322,青岛黄海学院[民办],,土木工程,,,443,139702
1322,青岛黄海学院[民办],,船舶与海洋工程,,,430,150433
1322,青岛黄海学院[民办],,康复治疗学,,,439,143057
1322,青岛黄海学院[民办],,护理学,,,454,130189
1322,青岛黄海学院[民办],,工程造价,,,435,146339
1322,青岛黄海学院[民办],,市场营销,,,429,151199
1322,青岛黄海学院[民办],,财务管理,,,439,143057
1322,青岛黄海学院[民办],,国际商务(报考要求详见招生章程),,,428,152021
1322,青岛黄海学院[民办],,物流管理,,,439,143057
1322,青岛黄海学院[民办],,电子商务,,,435,146339
1324,青岛科技大学[公办],,应用物理学,,,564,32737
1324,青岛科技大学[公办],,化学,,,562,34751
1324,青岛科技大学[公办],,应用化学,,,558,37566
1324,青岛科技大学[公办],,海洋科学,,,557,38272
1324,青岛科技大学[公办],,机械工程,,,567,31356
1324,青岛科技大学[公办],,材料成型及控制工程,,,561,35449
1324,青岛科技大学[公办],,过程装备与控制工程,,,563,34024
1324,青岛科技大学[公办],,测控技术与仪器,,,562,34751
1324,青岛科技大学[公办],,材料物理,,,555,39718
1324,青岛科技大学[公办],,材料化学,,,551,42759
1324,青岛科技大学[公办],,金属材料工程,,,547,45772
1324,青岛科技大学[公办],,无机非金属材料工程,,,553,41254
1324,青岛科技大学[公办],,高分子材料与工程(招收塑料工程方向),,,563,34024
1324,青岛科技大学[公办],,复合材料与工程,,,553,41254
1324,青岛科技大学[公办],,能源与动力工程,,,565,32080
1324,青岛科技大学[公办],,通信工程,,,574,26972
1324,青岛科技大学[公办],,自动化,,,569,30021
1324,青岛科技大学[公办],,计算机科学与技术,,,573,27552
1324,青岛科技大学[公办],,化学工程与工艺,,,560,36168
1324,青岛科技大学[公办],,制药工程,,,563,34024
1324,青岛科技大学[公办],,轻化工程,,,549,44261
1324,青岛科技大学[公办],,环境工程,,,563,34024
1324,青岛科技大学[公办],,环境科学,,,555,39718
1324,青岛科技大学[公办],,食品质量与安全,,,563,34024
1324,青岛科技大学[公办],,药物制剂,,,562,34751
1324,青岛科技大学[公办],,工商管理,,,567,31356
1324,青岛科技大学[公办],,工业工程,,,566,31393
1324,青岛科技大学[公办],,应用化学(中外合作办学)(中德合作办学),,,475,111128
1324,青岛科技大学[公办],,机械工程(中外合作办学)(中德合作办学),,,498,89072
1324,青岛科技大学[公办],,自动化(中外合作办学)(中德合作办学),,,501,88132
1325,青岛理工大学[公办],,经济学,,,571,28818
1325,青岛理工大学[公办],,数学与应用数学,,,570,29403
1325,青岛理工大学[公办],,应用物理学,,,571,28818
1325,青岛理工大学[公办],,统计学,,,572,28175
1325,青岛理工大学[公办],,机械类,,,565,32080
1325,青岛理工大学[公办],,测控技术与仪器,,,564,32737
1325,青岛理工大学[公办],,材料科学与工程,,,561,35449
1325,青岛理工大学[公办],,能源与动力工程,,,565,32080
1325,青岛理工大学[公办],,电气工程及其自动化,,,570,29403
1325,青岛理工大学[公办],,电子信息类,,,570,29403
1325,青岛理工大学[公办],,自动化,,,570,29403
1325,青岛理工大学[公办],,机器人工程,,,575,26354
1325,青岛理工大学[公办],,计算机科学与技术,,,578,24508
1325,青岛理工大学[公办],,软件工程,,,577,25118
1325,青岛理工大学[公办],,土木类,,,561,35449
1325,青岛理工大学[公办],,建筑环境与能源应用工程,,,558,37566
1325,青岛理工大学[公办],,给排水科学与工程,,,564,32737
1325,青岛理工大学[公办],,建筑电气与智能化,,,563,34024
1325,青岛理工大学[公办],,交通运输,,,567,31356
1325,青岛理工大学[公办],,交通工程,,,562,34751
1325,青岛理工大学[公办],,环境工程,,,555,39718
1325,青岛理工大学[公办],,环境科学,,,557,38272
1325,青岛理工大学[公办],,建筑学,,,578,24508
1325,青岛理工大学[公办],,城乡规划,,,569,30021
1325,青岛理工大学[公办],,风景园林,,,577,25118
1325,青岛理工大学[公办],,安全工程,,,557,38272
1325,青岛理工大学[公办],,管理科学与工程类,,,555,39718
1325,青岛理工大学[公办],,市场营销,,,568,30714
1325,青岛理工大学[公办],,会计学,,,575,26354
1325,青岛理工大学[公办],,财务管理,,,571,28818
1325,青岛理工大学[公办],,国际商务,,,569,30021
1325,青岛理工大学[公办],,工业工程,,,556,39008
1325,青岛理工大学[公办],,土木工程(中外合作办学),,,534,56478
1325,青岛理工大学[公办],,给排水科学与工程(中外合作办学),,,539,52338
1325,青岛理工大学[公办],,建筑学(中外合作办学),,,542,49854
1325,青岛理工大学[公办],,财务管理(中外合作办学),,,547,45772
1326,青岛农业大学[公办],,国际经济与贸易,,,530,59831
1326,青岛农业大学[公办],,社会工作,,,515,73018
1326,青岛农业大学[公办],,英语,,,530,59831
1326,青岛农业大学[公办],,日语,,,526,63346
1326,青岛农业大学[公办],,朝鲜语,,,502,85294
1326,青岛农业大学[公办],,土木工程,,,521,67756
1326,青岛农业大学[公办],,化学工程与工艺,,,524,65102
1326,青岛农业大学[公办],,环境科学与工程类,,,516,72111
1326,青岛农业大学[公办],,食品科学与工程(含创新实验班40人),,,519,69481
1326,青岛农业大学[公办],,园艺(含创新实验班30人),,,516,72111
1326,青岛农业大学[公办],,植物保护(含创新实验班30人),,,512,75821
1326,青岛农业大学[公办],,动物科学(含创新实验班40人),,,509,78673
1326,青岛农业大学[公办],,园林(含创新实验班30人),,,520,68600
1326,青岛农业大学[公办],,水产类,,,503,84351
1326,青岛农业大学[公办],,会计学,,,537,53967
1326,青岛农业大学[公办],,公共事业管理,,,519,69481
1327,青岛农业大学海都学院[独立学院],,国际经济与贸易,,,452,131939
1327,青岛农业大学海都学院[独立学院],,机械设计制造及其自动化,,,504,83397
1327,青岛农业大学海都学院[独立学院],,电气工程及其自动化,,,460,124911
1327,青岛农业大学海都学院[独立学院],,土木工程,,,452,131939
1327,青岛农业大学海都学院[独立学院],,食品科学与工程,,,449,134515
1327,青岛农业大学海都学院[独立学院],,食品质量与安全,,,454,130189
1327,青岛农业大学海都学院[独立学院],,动物医学,,,454,130189
1327,青岛农业大学海都学院[独立学院],,园林,,,451,132831
1327,青岛农业大学海都学院[独立学院],,财务管理,,,453,131095
1331,青海大学昆仑学院[独立学院],,生物技术,,,441,141442
1331,青海大学昆仑学院[独立学院],,机械设计制造及其自动化,,,445,137992
1331,青海大学昆仑学院[独立学院],,电气工程及其自动化,,,452,131939
1331,青海大学昆仑学院[独立学院],,土木工程,,,444,138829
1331,青海大学昆仑学院[独立学院],,环境科学,,,441,141442
1331,青海大学昆仑学院[独立学院],,信息管理与信息系统,,,443,139702
1332,青海大学(西宁市)[公办],,经济学,,,574,26972
1332,青海大学(西宁市)[公办],,金融学,,,576,25729
1332,青海大学(西宁市)[公办],,应用化学,,,565,32080
1332,青海大学(西宁市)[公办],,生物技术,,,563,34024
1332,青海大学(西宁市)[公办],,生态学,,,566,31393
1332,青海大学(西宁市)[公办],,机械设计制造及其自动化,,,575,26354
1332,青海大学(西宁市)[公办],,材料成型及控制工程,,,563,34024
1332,青海大学(西宁市)[公办],,机械电子工程,,,571,28818
1332,青海大学(西宁市)[公办],,过程装备与控制工程,,,562,34751
1332,青海大学(西宁市)[公办],,材料科学与工程,,,560,36168
1332,青海大学(西宁市)[公办],,新能源材料与器件,,,567,31356
1332,青海大学(西宁市)[公办],,电气工程及其自动化,,,575,26354
1332,青海大学(西宁市)[公办],,自动化,,,575,26354
1332,青海大学(西宁市)[公办],,计算机科学与技术,,,577,25118
1332,青海大学(西宁市)[公办],,土木工程,,,565,32080
1332,青海大学(西宁市)[公办],,给排水科学与工程,,,564,32737
1332,青海大学(西宁市)[公办],,水利水电工程,,,565,32080
1332,青海大学(西宁市)[公办],,测绘工程,,,563,34024
1332,青海大学(西宁市)[公办],,化学工程与工艺(卓越工程师),,,565,32080
1332,青海大学(西宁市)[公办],,能源化学工程,,,564,32737
1332,青海大学(西宁市)[公办],,地质工程,,,560,36168
1332,青海大学(西宁市)[公办],,资源勘查工程,,,552,42004
1332,青海大学(西宁市)[公办],,环境工程,,,568,30714
1332,青海大学(西宁市)[公办],,环境科学,,,560,36168
1332,青海大学(西宁市)[公办],,环境生态工程,,,560,36168
1332,青海大学(西宁市)[公办],,食品科学与工程,,,564,32737
1332,青海大学(西宁市)[公办],,城乡规划,,,570,29403
1332,青海大学(西宁市)[公办],,生物工程,,,563,34024
1332,青海大学(西宁市)[公办],,植物生产类,,,558,37566
1332,青海大学(西宁市)[公办],,农业资源与环境,,,571,28818
1332,青海大学(西宁市)[公办],,动物科学,,,551,42759
1332,青海大学(西宁市)[公办],,动物医学,,,563,34024
1332,青海大学(西宁市)[公办],,林学,,,562,34751
1332,青海大学(西宁市)[公办],,园林,,,553,41254
1332,青海大学(西宁市)[公办],,草业科学,,,551,42759
1332,青海大学(西宁市)[公办],,临床医学,,,577,25118
1332,青海大学(西宁市)[公办],,口腔医学,,,585,20594
1332,青海大学(西宁市)[公办],,预防医学,,,567,31356
1332,青海大学(西宁市)[公办],,中医学,,,574,26972
1332,青海大学(西宁市)[公办],,药学,,,564,32737
1332,青海大学(西宁市)[公办],,中药学,,,568,30714
1332,青海大学(西宁市)[公办],,护理学,,,543,49037
1332,青海大学(西宁市)[公办],,信息管理与信息系统,,,571,28818
1332,青海大学(西宁市)[公办],,工程管理,,,568,30714
1332,青海大学(西宁市)[公办],,工商管理类,,,569,30021
1334,青海民族大学(西宁市)[公办],,信息与计算科学,,,503,84351
1334,青海民族大学(西宁市)[公办],,生物科学,,,487,99599
1334,青海民族大学(西宁市)[公办],,材料物理,,,489,97728
1334,青海民族大学(西宁市)[公办],,人工智能,,,499,88132
1334,青海民族大学(西宁市)[公办],,计算机科学与技术,,,517,71252
1334,青海民族大学(西宁市)[公办],,水利水电工程,,,493,93969
1334,青海民族大学(西宁市)[公办],,化学工程与工艺,,,487,99599
1334,青海民族大学(西宁市)[公办],,交通运输,,,497,90044
1334,青海民族大学(西宁市)[公办],,生物工程,,,487,99599
1334,青海民族大学(西宁市)[公办],,药物制剂,,,490,96770
1334,青海民族大学(西宁市)[公办],,信息管理与信息系统,,,498,89072
1334,青海民族大学(西宁市)[公办],,土地资源管理,,,489,97728
1335,青海师范大学(西宁市)[公办],,经济学,,,505,82447
1335,青海师范大学(西宁市)[公办],,金融学,,,509,78673
1335,青海师范大学(西宁市)[公办],,自然地理与资源环境,,,499,88132
1335,青海师范大学(西宁市)[公办],,电子信息工程,,,507,80550
1336,清华大学[公办],,理科试验班类(物理基础类),,,686,60
1336,清华大学[公办],,临床医学类(含医学、化生类等方向),,,687,54
1338,琼台师范学院[公办],,数学与应用数学,,,494,92936
1338,琼台师范学院[公办],,软件工程,,,489,97728
1338,琼台师范学院[公办],,数据科学与大数据技术,,,491,95797
1339,曲阜师范大学[公办],,经济学,,,548,44990
1339,曲阜师范大学[公办],,英语,,,568,30714
1339,曲阜师范大学[公办],,数学与应用数学,,,559,36873
1339,曲阜师范大学[公办],,信息与计算科学,,,547,45772
1339,曲阜师范大学[公办],,物理学,,,554,40472
1339,曲阜师范大学[公办],,化学,,,554,40472
1339,曲阜师范大学[公办],,生物科学,,,554,40472
1339,曲阜师范大学[公办],,统计学,,,548,44990
1339,曲阜师范大学[公办],,电气工程及其自动化,,,548,44990
1339,曲阜师范大学[公办],,自动化,,,547,45772
1339,曲阜师范大学[公办],,计算机科学与技术,,,555,39718
1339,曲阜师范大学[公办],,物联网工程,,,550,43499
1339,曲阜师范大学[公办],,财务管理,,,549,44261
1339,曲阜师范大学[公办],,物流管理,,,541,50682
1341,曲靖师范学院[公办],,学前教育,,,474,112067
1341,曲靖师范学院[公办],,汉语国际教育,,,479,107280
1341,曲靖师范学院[公办],,英语,,,485,101531
1341,曲靖师范学院[公办],,信息与计算科学,,,474,112067
1341,曲靖师范学院[公办],,物理学,,,476,110122
1341,曲靖师范学院[公办],,化学,,,478,108213
1341,曲靖师范学院[公办],,人文地理与城乡规划,,,474,112067
1341,曲靖师范学院[公办],,计算机科学与技术,,,484,102507
1341,曲靖师范学院[公办],,物联网工程,,,482,104483
1341,曲靖师范学院[公办],,会计学,,,509,78673
1341,曲靖师范学院[公办],,物流管理,,,476,110122
1347,泉州师范学院[公办],,金融工程,,,494,92936
1347,泉州师范学院[公办],,国际经济与贸易,,,499,88132
1347,泉州师范学院[公办],,数学与应用数学,,,503,84351
1347,泉州师范学院[公办],,物理学,,,499,88132
1347,泉州师范学院[公办],,化学,,,495,91989
1347,泉州师范学院[公办],,生物科学,,,499,88132
1347,泉州师范学院[公办],,机械设计制造及其自动化,,,496,90982
1347,泉州师范学院[公办],,电气工程与智能控制,,,496,90982
1347,泉州师范学院[公办],,通信工程,,,496,90982
1347,泉州师范学院[公办],,光电信息科学与工程,,,495,91989
1347,泉州师范学院[公办],,电子信息科学与技术,,,496,90982
1347,泉州师范学院[公办],,计算机科学与技术,,,503,84351
1347,泉州师范学院[公办],,软件工程,,,495,91989
1347,泉州师范学院[公办],,数字媒体技术,,,511,76779
1347,泉州师范学院[公办],,数据科学与大数据技术,,,499,88132
1347,泉州师范学院[公办],,化工与制药类,,,492,94896
1347,泉州师范学院[公办],,纺织工程,,,481,105433
1347,泉州师范学院[公办],,食品科学与工程,,,491,95797
1348,泉州信息工程学院[民办],,机械设计制造及其自动化,,,435,146339
1348,泉州信息工程学院[民办],,电气工程及其自动化,,,426,153495
1348,泉州信息工程学院[民办],,电子信息工程,,,423,155642
1348,泉州信息工程学院[民办],,通信工程,,,428,152021
1348,泉州信息工程学院[民办],,微电子科学与工程,,,430,150433
1348,泉州信息工程学院[民办],,机器人工程,,,428,152021
1348,泉州信息工程学院[民办],,软件工程,,,443,139702
1348,泉州信息工程学院[民办],,网络工程,,,437,144729
1348,泉州信息工程学院[民办],,土木工程,,,441,141442
1348,泉州信息工程学院[民办],,工程管理,,,426,153495
1348,泉州信息工程学院[民办],,软件工程(中外合作办学),,,417,160051
1352,三江学院[民办],,土木工程,,,436,145515
1352,三江学院[民办],,电子商务及法律,,,444,138829
1355,三明学院[公办],,机械设计制造及其自动化,,,493,93969
1355,三明学院[公办],,车辆工程,,,491,95797
1355,三明学院[公办],,计算机科学与技术,,,499,88132
1355,三明学院[公办],,网络工程,,,496,90982
1355,三明学院[公办],,物联网工程,,,504,83397
1355,三明学院[公办],,数字媒体技术,,,508,79620
1355,三明学院[公办],,土木工程(国际课程项目),,,436,145515
1355,三明学院[公办],,环境工程,,,487,99599
1355,三明学院[公办],,工程造价,,,496,90982
1355,三明学院[公办],,财务管理(国际课程项目),,,457,127518
1355,三明学院[公办],,电子商务,,,497,90044
1357,三峡大学科技学院[独立学院],,机械设计制造及其自动化,,,454,130189
1357,三峡大学科技学院[独立学院],,电气工程及其自动化(含电力系统、输电线路工程方向),,,457,127518
1357,三峡大学科技学院[独立学院],,计算机类,,,457,127518
1357,三峡大学科技学院[独立学院],,土木类,,,453,131095
1357,三峡大学科技学院[独立学院],,水利水电工程,,,454,130189
1357,三峡大学科技学院[独立学院],,临床医学,,,462,123141
1357,三峡大学科技学院[独立学院],,管理科学与工程类,,,448,135403
1358,三峡大学(宜昌市)[公办],,法学,,,566,31393
1358,三峡大学(宜昌市)[公办],,数学类,,,559,36873
1358,三峡大学(宜昌市)[公办],,物理学类,,,559,36873
1358,三峡大学(宜昌市)[公办],,化学,,,546,45883
1358,三峡大学(宜昌市)[公办],,生物科学类,,,554,40472
1358,三峡大学(宜昌市)[公办],,机械类,,,563,34024
1358,三峡大学(宜昌市)[公办],,材料类,,,556,39008
1358,三峡大学(宜昌市)[公办],,能源动力类,,,564,32737
1358,三峡大学(宜昌市)[公办],,电气工程及其自动化,,,584,21139
1358,三峡大学(宜昌市)[公办],,电气工程及其自动化(输电线路工程方向),,,578,24508
1358,三峡大学(宜昌市)[公办],,电子信息类,,,569,30021
1358,三峡大学(宜昌市)[公办],,自动化,,,572,28175
1358,三峡大学(宜昌市)[公办],,计算机类,,,573,27552
1358,三峡大学(宜昌市)[公办],,土木类,,,557,38272
1358,三峡大学(宜昌市)[公办],,水利类,,,568,30714
1358,三峡大学(宜昌市)[公办],,化工与制药类,,,551,42759
1358,三峡大学(宜昌市)[公办],,制药工程,,,554,40472
1358,三峡大学(宜昌市)[公办],,环境工程,,,556,39008
1358,三峡大学(宜昌市)[公办],,建筑类,,,564,32737
1358,三峡大学(宜昌市)[公办],,生物工程,,,555,39718
1358,三峡大学(宜昌市)[公办],,临床医学,,,567,31356
1358,三峡大学(宜昌市)[公办],,药学,,,550,43499
1358,三峡大学(宜昌市)[公办],,工程管理(大类招生，含造价与工管两个专业方向),,,554,40472
1358,三峡大学(宜昌市)[公办],,电气工程及其自动化(中外合作办学),,,563,34024
1364,三亚学院[民办],,经济与金融,,,418,159311
1364,三亚学院[民办],,金融科技,,,424,154962
1364,三亚学院[民办],,国际经济与贸易,,,412,163586
1364,三亚学院[民办],,国际经济与贸易(自贸区贸易管理与服务),,,419,158594
1364,三亚学院[民办],,网络与新媒体,,,428,152021
1364,三亚学院[民办],,应用心理学,,,420,157892
1364,三亚学院[民办],,车辆工程,,,412,163586
1364,三亚学院[民办],,测控技术与仪器,,,412,163586
1364,三亚学院[民办],,电子信息工程,,,412,163586
1364,三亚学院[民办],,通信工程,,,412,163586
1364,三亚学院[民办],,计算机科学与技术,,,419,158594
1364,三亚学院[民办],,软件工程,,,418,159311
1364,三亚学院[民办],,软件工程(区块链),,,412,163586
1364,三亚学院[民办],,智能科学与技术,,,413,162888
1364,三亚学院[民办],,数据科学与大数据技术,,,412,163586
1364,三亚学院[民办],,城乡规划,,,412,163586
1364,三亚学院[民办],,风景园林(与上海交通大学联合培养),,,420,157892
1364,三亚学院[民办],,康复治疗学,,,413,162888
1364,三亚学院[民办],,护理学,,,419,158594
1364,三亚学院[民办],,工程管理,,,413,162888
1364,三亚学院[民办],,工商管理,,,415,161451
1364,三亚学院[民办],,工商管理(国际产能合作服务),,,424,154962
1364,三亚学院[民办],,市场营销,,,412,163586
1364,三亚学院[民办],,会计学,,,412,163586
1364,三亚学院[民办],,财务管理,,,416,160740
1364,三亚学院[民办],,人力资源管理,,,412,163586
1364,三亚学院[民办],,健康服务与管理,,,412,163586
1364,三亚学院[民办],,物流管理,,,415,161451
1364,三亚学院[民办],,旅游管理,,,415,161451
1364,三亚学院[民办],,酒店管理,,,415,161451
1364,三亚学院[民办],,会展经济与管理,,,420,157892
1364,三亚学院[民办],,国际经济与贸易(中外合作办学),,,416,160740
1366,山东财经大学东方学院[独立学院],,税收学,,,457,127518
1366,山东财经大学东方学院[独立学院],,金融学,,,460,124911
1366,山东财经大学东方学院[独立学院],,国际经济与贸易,,,458,126654
1366,山东财经大学东方学院[独立学院],,数据科学与大数据技术,,,455,129310
1366,山东财经大学东方学院[独立学院],,会计学,,,474,112067
1367,山东财经大学(济南市)[公办],,经济统计学,,,577,25118
1367,山东财经大学(济南市)[公办],,财政学类,,,581,22793
1367,山东财经大学(济南市)[公办],,金融学类,,,586,20047
1367,山东财经大学(济南市)[公办],,金融数学,,,578,24508
1367,山东财经大学(济南市)[公办],,法学,,,572,28175
1367,山东财经大学(济南市)[公办],,计算机类,,,573,27552
1367,山东财经大学(济南市)[公办],,管理科学与工程类,,,566,31393
1367,山东财经大学(济南市)[公办],,工商管理类,,,583,21718
1367,山东财经大学(济南市)[公办],,电子商务类,,,569,30021
1370,山东大学[公办],,经济学类,,,633,3898
1370,山东大学[公办],,法学类,,,633,3898
1370,山东大学[公办],,数学类,,,638,3025
1370,山东大学[公办],,物理学类,,,634,3706
1370,山东大学[公办],,化学类,,,622,6287
1370,山东大学[公办],,生物科学类,,,624,5761
1370,山东大学[公办],,机械类,,,624,5761
1370,山东大学[公办],,材料类,,,621,6561
1370,山东大学[公办],,能源动力类,,,623,6003
1370,山东大学[公办],,电气工程及其自动化,,,630,4465
1370,山东大学[公办],,电子信息类(通信电子与光电方向),,,630,4465
1370,山东大学[公办],,电子信息类(微电子与电路集成方向),,,628,4860
1370,山东大学[公办],,自动化类,,,628,4860
1370,山东大学[公办],,计算机类(计算机与智能方向),,,634,3706
1370,山东大学[公办],,计算机类(软件数媒与大数据方向),,,630,4465
1370,山东大学[公办],,网络空间安全,,,631,4285
1370,山东大学[公办],,土木类,,,620,6814
1370,山东大学[公办],,环境科学与工程类,,,622,6287
1370,山东大学[公办],,建筑学(五年制),,,628,4860
1370,山东大学[公办],,临床医学(5+3一体化),,,640,2729
1370,山东大学[公办],,临床医学(五年制),,,634,3706
1370,山东大学[公办],,口腔医学(5+3一体化),,,640,2729
1370,山东大学[公办],,口腔医学(五年制),,,636,3358
1370,山东大学[公办],,预防医学(五年制),,,624,5761
1370,山东大学[公办],,药学类,,,624,5761
1370,山东大学[公办],,智能医学工程,,,624,5761
1370,山东大学[公办],,护理学,,,586,20047
1370,山东大学[公办],,管理科学与工程类,,,626,5302
1370,山东大学[公办],,工商管理类,,,629,4660
1372,山东大学威海分校[公办],,经济学类,,,624,5761
1372,山东大学威海分校[公办],,外国语言文学类,,,613,8757
1372,山东大学威海分校[公办],,数学类,,,618,7376
1372,山东大学威海分校[公办],,物理学,,,614,8462
1372,山东大学威海分校[公办],,海洋科学,,,612,9070
1372,山东大学威海分校[公办],,智能制造工程,,,616,7907
1372,山东大学威海分校[公办],,电子信息类,,,619,7098
1372,山东大学威海分校[公办],,自动化类,,,618,7376
1372,山东大学威海分校[公办],,计算机类,,,620,6814
1372,山东大学威海分校[公办],,海洋资源开发技术,,,610,9711
1372,山东大学威海分校[公办],,工商管理类,,,613,8757
1372,山东大学威海分校[公办],,金融学(中外合作办学),,,608,10398
1372,山东大学威海分校[公办],,数学与应用数学(中外合作办学),,,607,10760
1372,山东大学威海分校[公办],,应用物理学(中外合作办学),,,603,12248
1372,山东大学威海分校[公办],,应用化学(中外合作办学),,,589,18507
1372,山东大学威海分校[公办],,生物科学(中外合作办学),,,594,16046
1372,山东大学威海分校[公办],,机械设计制造及其自动化(中外合作办学),,,605,11477
1372,山东大学威海分校[公办],,计算机科学与技术(中外合作办学),,,611,9385
1374,山东第一医科大学[公办],,运动人体科学,,,496,90982
1374,山东第一医科大学[公办],,应用物理学(招收医学物理学方向),,,522,66880
1374,山东第一医科大学[公办],,生物技术,,,532,58171
1374,山东第一医科大学[公办],,医学信息工程,,,536,54791
1374,山东第一医科大学[公办],,生物医学工程,,,533,57317
1374,山东第一医科大学[公办],,临床医学,,,570,29403
1374,山东第一医科大学[公办],,药学,,,543,49037
1374,山东第一医科大学[公办],,医学实验技术,,,539,52338
1374,山东第一医科大学[公办],,康复治疗学,,,536,54791
1374,山东第一医科大学[公办],,护理学,,,518,70350
1376,山东工程职业技术大学(济南市)[民办],,建筑工程,,,435,146339
1376,山东工程职业技术大学(济南市)[民办],,智能制造工程技术,,,434,147162
1376,山东工程职业技术大学(济南市)[民办],,物联网工程技术,,,440,142251
1376,山东工程职业技术大学(济南市)[民办],,大数据工程技术,,,435,146339
1376,山东工程职业技术大学(济南市)[民办],,大数据与财务管理,,,447,136314
1377,山东工商学院(烟台市)[公办],,经济学类,,,531,58995
1377,山东工商学院(烟台市)[公办],,经济统计学,,,520,68600
1377,山东工商学院(烟台市)[公办],,财政学,,,527,62507
1377,山东工商学院(烟台市)[公办],,金融学,,,524,65102
1377,山东工商学院(烟台市)[公办],,金融工程,,,518,70350
1377,山东工商学院(烟台市)[公办],,保险学,,,524,65102
1377,山东工商学院(烟台市)[公办],,投资学,,,520,68600
1377,山东工商学院(烟台市)[公办],,金融科技,,,519,69481
1377,山东工商学院(烟台市)[公办],,国际经济与贸易,,,534,56478
1377,山东工商学院(烟台市)[公办],,法学,,,535,55619
1377,山东工商学院(烟台市)[公办],,新闻传播学类,,,528,61650
1377,山东工商学院(烟台市)[公办],,数学与应用数学,,,519,69481
1377,山东工商学院(烟台市)[公办],,应用统计学,,,521,67756
1377,山东工商学院(烟台市)[公办],,电气工程及其自动化,,,524,65102
1377,山东工商学院(烟台市)[公办],,电子信息类,,,527,62507
1377,山东工商学院(烟台市)[公办],,计算机科学与技术,,,533,57317
1377,山东工商学院(烟台市)[公办],,软件工程,,,530,59831
1377,山东工商学院(烟台市)[公办],,网络工程,,,527,62507
1377,山东工商学院(烟台市)[公办],,数字媒体技术,,,533,57317
1377,山东工商学院(烟台市)[公办],,安全工程,,,519,69481
1377,山东工商学院(烟台市)[公办],,信息管理与信息系统,,,524,65102
1377,山东工商学院(烟台市)[公办],,工程管理,,,515,73018
1377,山东工商学院(烟台市)[公办],,工程造价,,,533,57317
1377,山东工商学院(烟台市)[公办],,工商管理,,,530,59831
1377,山东工商学院(烟台市)[公办],,市场营销,,,522,66880
1377,山东工商学院(烟台市)[公办],,会计学,,,538,53169
1377,山东工商学院(烟台市)[公办],,财务管理,,,532,58171
1377,山东工商学院(烟台市)[公办],,人力资源管理,,,529,60756
1377,山东工商学院(烟台市)[公办],,审计学,,,533,57317
1377,山东工商学院(烟台市)[公办],,资产评估,,,525,64228
1377,山东工商学院(烟台市)[公办],,公共管理类,,,515,73018
1377,山东工商学院(烟台市)[公办],,物流管理,,,522,66880
1377,山东工商学院(烟台市)[公办],,工业工程,,,513,74844
1377,山东工商学院(烟台市)[公办],,电子商务,,,522,66880
1377,山东工商学院(烟台市)[公办],,旅游管理,,,517,71252
1377,山东工商学院(烟台市)[公办],,金融学(中外合作办学),,,486,100581
1377,山东工商学院(烟台市)[公办],,国际经济与贸易(中外合作办学),,,480,106344
1377,山东工商学院(烟台市)[公办],,会计学(中外合作办学),,,486,100581
1377,山东工商学院(烟台市)[公办],,财务管理(中外合作办学),,,477,109131
1379,山东工艺美术学院(济南市)[公办],,服装设计与工程,,,458,126654
1380,山东管理学院(济南市)[公办],,经济学,,,523,65971
1380,山东管理学院(济南市)[公办],,金融工程,,,519,69481
1380,山东管理学院(济南市)[公办],,国际经济与贸易,,,521,67756
1380,山东管理学院(济南市)[公办],,财务管理,,,520,68600
1380,山东管理学院(济南市)[公办],,审计学,,,530,59831
1382,山东华宇工学院(德州市)[民办],,商务英语,,,428,152021
1382,山东华宇工学院(德州市)[民办],,工程造价,,,434,147162
1382,山东华宇工学院(德州市)[民办],,财务管理,,,436,145515
1382,山东华宇工学院(德州市)[民办],,物流工程,,,428,152021
1382,山东华宇工学院(德州市)[民办],,工业工程,,,429,151199
1384,山东建筑大学(济南市)[公办],,机械工程,,,531,58995
1384,山东建筑大学(济南市)[公办],,材料成型及控制工程,,,529,60756
1384,山东建筑大学(济南市)[公办],,机械电子工程,,,532,58171
1384,山东建筑大学(济南市)[公办],,材料科学与工程,,,526,63346
1384,山东建筑大学(济南市)[公办],,能源与动力工程,,,533,57317
1384,山东建筑大学(济南市)[公办],,光电信息科学与工程,,,532,58171
1384,山东建筑大学(济南市)[公办],,土木工程,,,542,49854
1384,山东建筑大学(济南市)[公办],,建筑环境与能源应用工程,,,537,53967
1384,山东建筑大学(济南市)[公办],,给排水科学与工程,,,537,53967
1384,山东建筑大学(济南市)[公办],,道路桥梁与渡河工程,,,535,55619
1384,山东建筑大学(济南市)[公办],,测绘工程,,,531,58995
1384,山东建筑大学(济南市)[公办],,建筑学,,,567,31356
1384,山东建筑大学(济南市)[公办],,房地产开发与管理,,,527,62507
1384,山东建筑大学(济南市)[公办],,工程造价,,,550,43499
1385,山东交通学院[公办],,金融学(国际金融方向),,,517,71252
1385,山东交通学院[公办],,金融工程,,,515,73018
1385,山东交通学院[公办],,海洋技术,,,497,90044
1385,山东交通学院[公办],,材料成型及控制工程,,,510,77713
1385,山东交通学院[公办],,机械电子工程,,,522,66880
1385,山东交通学院[公办],,智能制造工程,,,516,72111
1385,山东交通学院[公办],,材料科学与工程,,,507,80550
1385,山东交通学院[公办],,能源与动力工程,,,517,71252
1385,山东交通学院[公办],,电气工程及其自动化,,,525,64228
1385,山东交通学院[公办],,电子信息工程,,,523,65971
1385,山东交通学院[公办],,数据科学与大数据技术,,,528,61650
1385,山东交通学院[公办],,遥感科学与技术,,,513,74844
1385,山东交通学院[公办],,交通运输(轨道交通运营与管理方向),,,520,68600
1385,山东交通学院[公办],,交通工程,,,518,70350
1385,山东交通学院[公办],,交通设备与控制工程,,,510,77713
1385,山东交通学院[公办],,飞行器制造工程,,,514,73932
1385,山东交通学院[公办],,安全工程,,,508,79620
1385,山东交通学院[公办],,市场营销,,,509,78673
1385,山东交通学院[公办],,财务管理,,,518,70350
1385,山东交通学院[公办],,交通管理,,,521,67756
1385,山东交通学院[公办],,海事管理,,,508,79620
1385,山东交通学院[公办],,物流工程,,,516,72111
1389,山东科技大学[公办],,金融学,,,572,28175
1389,山东科技大学[公办],,国际经济与贸易,,,565,32080
1389,山东科技大学[公办],,数学与应用数学,,,568,30714
1389,山东科技大学[公办],,信息与计算科学,,,568,30714
1389,山东科技大学[公办],,应用物理学,,,565,32080
1389,山东科技大学[公办],,应用化学,,,564,32737
1389,山东科技大学[公办],,海洋技术,,,560,36168
1389,山东科技大学[公办],,统计学,,,569,30021
1389,山东科技大学[公办],,工程力学,,,561,35449
1389,山东科技大学[公办],,机械设计制造及其自动化,,,573,27552
1389,山东科技大学[公办],,智能制造工程,,,567,31356
1389,山东科技大学[公办],,金属材料工程,,,556,39008
1389,山东科技大学[公办],,高分子材料与工程,,,560,36168
1389,山东科技大学[公办],,新能源材料与器件,,,566,31393
1389,山东科技大学[公办],,能源与动力工程,,,567,31356
1389,山东科技大学[公办],,电气工程及其自动化,,,571,28818
1389,山东科技大学[公办],,电子信息工程,,,574,26972
1389,山东科技大学[公办],,通信工程,,,575,26354
1389,山东科技大学[公办],,电子信息科学与技术,,,574,26972
1389,山东科技大学[公办],,自动化,,,569,30021
1389,山东科技大学[公办],,机器人工程,,,572,28175
1389,山东科技大学[公办],,计算机科学与技术,,,581,22793
1389,山东科技大学[公办],,软件工程,,,579,23927
1389,山东科技大学[公办],,信息安全,,,573,27552
1389,山东科技大学[公办],,智能科学与技术,,,577,25118
1389,山东科技大学[公办],,土木类,,,562,34751
1389,山东科技大学[公办],,水文与水资源工程,,,560,36168
1389,山东科技大学[公办],,测绘工程,,,565,32080
1389,山东科技大学[公办],,遥感科学与技术,,,571,28818
1389,山东科技大学[公办],,化学工程与工艺,,,562,34751
1389,山东科技大学[公办],,地质工程,,,562,34751
1389,山东科技大学[公办],,勘查技术与工程,,,553,41254
1389,山东科技大学[公办],,资源勘查工程,,,551,42759
1389,山东科技大学[公办],,采矿工程,,,507,80550
1389,山东科技大学[公办],,矿物加工工程,,,527,62507
1389,山东科技大学[公办],,交通运输,,,564,32737
1389,山东科技大学[公办],,交通工程,,,561,35449
1389,山东科技大学[公办],,船舶与海洋工程,,,550,43499
1389,山东科技大学[公办],,环境工程,,,554,40472
1389,山东科技大学[公办],,建筑学,,,567,31356
1389,山东科技大学[公办],,安全工程,,,559,36873
1389,山东科技大学[公办],,生物工程,,,556,39008
1389,山东科技大学[公办],,工业工程,,,558,37566
1389,山东科技大学[公办],,工业设计(中外合作办学)(就读地点济南只提供英语教学、其他语种慎报),,,493,93969
1389,山东科技大学[公办],,电气工程及其自动化(中外合作办学)(就读地点济南只提供英语教学、其他语种慎报),,,548,44990
1392,山东理工大学(淄博市)[公办],,经济学,,,558,37566
1392,山东理工大学(淄博市)[公办],,国际经济与贸易,,,559,36873
1392,山东理工大学(淄博市)[公办],,法学,,,560,36168
1392,山东理工大学(淄博市)[公办],,英语,,,565,32080
1392,山东理工大学(淄博市)[公办],,数学类,,,553,41254
1392,山东理工大学(淄博市)[公办],,化学,,,549,44261
1392,山东理工大学(淄博市)[公办],,应用化学,,,552,42004
1392,山东理工大学(淄博市)[公办],,地理信息科学,,,556,39008
1392,山东理工大学(淄博市)[公办],,生物科学,,,556,39008
1392,山东理工大学(淄博市)[公办],,统计学,,,553,41254
1392,山东理工大学(淄博市)[公办],,机械类,,,559,36873
1392,山东理工大学(淄博市)[公办],,工业设计,,,552,42004
1392,山东理工大学(淄博市)[公办],,车辆工程,,,561,35449
1392,山东理工大学(淄博市)[公办],,测控技术与仪器,,,553,41254
1392,山东理工大学(淄博市)[公办],,材料科学与工程,,,541,50682
1392,山东理工大学(淄博市)[公办],,材料化学,,,541,50682
1392,山东理工大学(淄博市)[公办],,高分子材料与工程,,,557,38272
1392,山东理工大学(淄博市)[公办],,能源与动力工程,,,558,37566
1392,山东理工大学(淄博市)[公办],,电气工程及其自动化,,,568,30714
1392,山东理工大学(淄博市)[公办],,智能电网信息工程,,,561,35449
1392,山东理工大学(淄博市)[公办],,电子信息工程,,,566,31393
1392,山东理工大学(淄博市)[公办],,通信工程,,,566,31393
1392,山东理工大学(淄博市)[公办],,光电信息科学与工程,,,558,37566
1392,山东理工大学(淄博市)[公办],,自动化,,,561,35449
1392,山东理工大学(淄博市)[公办],,计算机科学与技术,,,568,30714
1392,山东理工大学(淄博市)[公办],,软件工程,,,565,32080
1392,山东理工大学(淄博市)[公办],,土木工程,,,555,39718
1392,山东理工大学(淄博市)[公办],,化学工程与工艺,,,543,49037
1392,山东理工大学(淄博市)[公办],,制药工程,,,551,42759
1392,山东理工大学(淄博市)[公办],,采矿工程,,,462,123141
1392,山东理工大学(淄博市)[公办],,矿物加工工程,,,445,137992
1392,山东理工大学(淄博市)[公办],,纺织工程,,,531,58995
1392,山东理工大学(淄博市)[公办],,交通运输,,,551,42759
1392,山东理工大学(淄博市)[公办],,交通工程,,,553,41254
1392,山东理工大学(淄博市)[公办],,农业机械化及其自动化,,,551,42759
1392,山东理工大学(淄博市)[公办],,环境工程,,,543,49037
1392,山东理工大学(淄博市)[公办],,食品科学与工程,,,552,42004
1392,山东理工大学(淄博市)[公办],,城乡规划,,,558,37566
1392,山东理工大学(淄博市)[公办],,生物工程,,,552,42004
1392,山东理工大学(淄博市)[公办],,信息管理与信息系统,,,559,36873
1392,山东理工大学(淄博市)[公办],,工商管理,,,555,39718
1392,山东理工大学(淄博市)[公办],,市场营销,,,551,42759
1392,山东理工大学(淄博市)[公办],,财务管理,,,560,36168
1392,山东理工大学(淄博市)[公办],,工业工程,,,548,44990
1397,山东农业大学(泰安市)[公办],,经济学类,,,527,62507
1397,山东农业大学(泰安市)[公办],,数学类,,,521,67756
1397,山东农业大学(泰安市)[公办],,应用化学,,,510,77713
1397,山东农业大学(泰安市)[公办],,地理信息科学,,,519,69481
1397,山东农业大学(泰安市)[公办],,生物科学类,,,510,77713
1397,山东农业大学(泰安市)[公办],,生态学,,,508,79620
1397,山东农业大学(泰安市)[公办],,机械类,,,517,71252
1397,山东农业大学(泰安市)[公办],,材料化学,,,506,81500
1397,山东农业大学(泰安市)[公办],,电气类,,,524,65102
1397,山东农业大学(泰安市)[公办],,通信工程,,,524,65102
1397,山东农业大学(泰安市)[公办],,电子信息科学与技术,,,525,64228
1397,山东农业大学(泰安市)[公办],,人工智能,,,527,62507
1397,山东农业大学(泰安市)[公办],,计算机类,,,531,58995
1397,山东农业大学(泰安市)[公办],,土木类,,,513,74844
1397,山东农业大学(泰安市)[公办],,水利类,,,507,80550
1397,山东农业大学(泰安市)[公办],,测绘类,,,510,77713
1397,山东农业大学(泰安市)[公办],,制药工程,,,518,70350
1397,山东农业大学(泰安市)[公办],,木材科学与工程,,,501,88132
1397,山东农业大学(泰安市)[公办],,环境科学与工程类,,,512,75821
1397,山东农业大学(泰安市)[公办],,食品科学与工程类,,,509,78673
1397,山东农业大学(泰安市)[公办],,生物工程,,,511,76779
1397,山东农业大学(泰安市)[公办],,植物生产类(B),,,505,82447
1397,山东农业大学(泰安市)[公办],,植物生产类(C),,,505,82447
1397,山东农业大学(泰安市)[公办],,烟草,,,525,64228
1397,山东农业大学(泰安市)[公办],,农业资源与环境,,,509,78673
1397,山东农业大学(泰安市)[公办],,水土保持与荒漠化防治,,,502,85294
1397,山东农业大学(泰安市)[公办],,动物科学,,,509,78673
1397,山东农业大学(泰安市)[公办],,动物医学类,,,515,73018
1397,山东农业大学(泰安市)[公办],,林学(新农科实验班),,,499,88132
1397,山东农业大学(泰安市)[公办],,中药资源与开发,,,506,81500
1397,山东农业大学(泰安市)[公办],,工商管理类,,,534,56478
1397,山东农业大学(泰安市)[公办],,公共管理类,,,519,69481
1397,山东农业大学(泰安市)[公办],,土地资源管理,,,507,80550
1398,山东农业工程学院[公办],,金融工程,,,498,89072
1398,山东农业工程学院[公办],,商务英语,,,503,84351
1398,山东农业工程学院[公办],,工程造价,,,498,89072
1398,山东农业工程学院[公办],,审计学,,,506,81500
1398,山东农业工程学院[公办],,农林经济管理,,,488,98638
1398,山东农业工程学院[公办],,土地资源管理,,,491,95797
1398,山东农业工程学院[公办],,物流工程,,,498,89072
1399,山东女子学院(济南市)[公办],,国际经济与贸易,,,474,112067
1399,山东女子学院(济南市)[公办],,知识产权,,,486,100581
1399,山东女子学院(济南市)[公办],,商务英语(仅招收英语语种考生),,,496,90982
1399,山东女子学院(济南市)[公办],,计算机类,,,491,95797
1399,山东女子学院(济南市)[公办],,工商管理,,,495,91989
1400,山东青年政治学院(济南市)[公办],,计算机科学与技术,,,509,78673
1400,山东青年政治学院(济南市)[公办],,财务管理,,,506,81500
1405,山东师范大学(济南市)[公办],,金融学类,,,577,25118
1405,山东师范大学(济南市)[公办],,法学,,,575,26354
1405,山东师范大学(济南市)[公办],,教育技术学,,,579,23927
1405,山东师范大学(济南市)[公办],,中国语言文学类,,,583,21718
1405,山东师范大学(济南市)[公办],,汉语国际教育,,,580,23348
1405,山东师范大学(济南市)[公办],,外国语言文学类,,,578,24508
1405,山东师范大学(济南市)[公办],,新闻传播学类,,,577,25118
1405,山东师范大学(济南市)[公办],,历史学类,,,572,28175
1405,山东师范大学(济南市)[公办],,数学与应用数学,,,587,19505
1405,山东师范大学(济南市)[公办],,物理学,,,583,21718
1405,山东师范大学(济南市)[公办],,化学,,,582,22261
1405,山东师范大学(济南市)[公办],,地理科学类,,,573,27552
1405,山东师范大学(济南市)[公办],,生物科学类,,,575,26354
1405,山东师范大学(济南市)[公办],,心理学类,,,575,26354
1405,山东师范大学(济南市)[公办],,电子信息类,,,571,28818
1405,山东师范大学(济南市)[公办],,通信工程,,,573,27552
1405,山东师范大学(济南市)[公办],,计算机类,,,577,25118
1405,山东师范大学(济南市)[公办],,化工与制药类,,,566,31393
1405,山东师范大学(济南市)[公办],,食品科学与工程,,,562,34751
1405,山东师范大学(济南市)[公办],,信息管理与信息系统,,,568,30714
1405,山东师范大学(济南市)[公办],,工商管理类,,,573,27552
1405,山东师范大学(济南市)[公办],,公共管理类,,,563,34024
1405,山东师范大学(济南市)[公办],,财务管理(中外合作办学),,,539,52338
1405,山东师范大学(济南市)[公办],,物流管理(中外合作办学),,,535,55619
1406,山东石油化工学院(东营市)[公办],,应用化学,,,468,117642
1406,山东石油化工学院(东营市)[公办],,机械类,,,468,117642
1406,山东石油化工学院(东营市)[公办],,能源动力类,,,472,113947
1406,山东石油化工学院(东营市)[公办],,自动化,,,470,115794
1406,山东石油化工学院(东营市)[公办],,计算机类,,,479,107280
1406,山东石油化工学院(东营市)[公办],,化工与制药类,,,462,123141
1411,山东外国语职业技术大学(日照市)[民办],,软件工程技术,,,434,147162
1411,山东外国语职业技术大学(日照市)[民办],,数字媒体技术,,,435,146339
1411,山东外国语职业技术大学(日照市)[民办],,金融管理,,,432,148796
1411,山东外国语职业技术大学(日照市)[民办],,大数据与财务管理,,,435,146339
1411,山东外国语职业技术大学(日照市)[民办],,应用英语,,,430,150433
1415,山东现代学院(济南市)[民办],,学前教育(师范类),,,443,139702
1415,山东现代学院(济南市)[民办],,计算机科学与技术,,,446,137128
1415,山东现代学院(济南市)[民办],,数字媒体技术,,,450,133684
1415,山东现代学院(济南市)[民办],,土木工程,,,439,143057
1415,山东现代学院(济南市)[民办],,药学,,,440,142251
1415,山东现代学院(济南市)[民办],,医学检验技术,,,442,140581
1415,山东现代学院(济南市)[民办],,护理学,,,439,143057
1415,山东现代学院(济南市)[民办],,工程造价,,,444,138829
1415,山东现代学院(济南市)[民办],,财务管理,,,446,137128
1416,山东协和学院[民办],,学前教育,,,445,137992
1416,山东协和学院[民办],,机械电子工程,,,461,124059
1416,山东协和学院[民办],,智能制造工程,,,451,132831
1416,山东协和学院[民办],,电气工程及其自动化,,,451,132831
1416,山东协和学院[民办],,人工智能,,,453,131095
1416,山东协和学院[民办],,自动化(校企合作，与山东栋梁科技设备有限公司合作),,,446,137128
1416,山东协和学院[民办],,土木工程,,,475,111128
1416,山东协和学院[民办],,口腔医学,,,465,120370
1416,山东协和学院[民办],,中药学,,,444,138829
1416,山东协和学院[民办],,医学检验技术,,,446,137128
1416,山东协和学院[民办],,医学影像技术,,,444,138829
1416,山东协和学院[民办],,康复治疗学,,,439,143057
1416,山东协和学院[民办],,护理学,,,449,134515
1416,山东协和学院[民办],,助产学,,,448,135403
1416,山东协和学院[民办],,工程管理,,,444,138829
1416,山东协和学院[民办],,会计学,,,453,131095
1416,山东协和学院[民办],,财务管理,,,450,133684
1416,山东协和学院[民办],,审计学,,,455,129310
1416,山东协和学院[民办],,酒店管理,,,440,142251
1422,山东英才学院[民办],,学前教育,,,428,152021
1422,山东英才学院[民办],,机械设计制造及其自动化,,,413,162888
1422,山东英才学院[民办],,电子信息工程(校企合作与中兴通讯联办),,,412,163586
1422,山东英才学院[民办],,计算机科学与技术(校企合作与中兴通讯联办),,,446,137128
1422,山东英才学院[民办],,土木工程,,,414,162144
1422,山东英才学院[民办],,护理学,,,420,157892
1422,山东英才学院[民办],,市场营销,,,413,162888
1422,山东英才学院[民办],,财务管理,,,434,147162
1422,山东英才学院[民办],,国际商务,,,413,162888
1423,山东政法学院[公办],,经济学,,,533,57317
1423,山东政法学院[公办],,国际经济与贸易,,,531,58995
1423,山东政法学院[公办],,法学,,,545,47376
1423,山东政法学院[公办],,社区矫正,,,526,63346
1423,山东政法学院[公办],,新闻学(法治新闻方向),,,534,56478
1423,山东政法学院[公办],,编辑出版学,,,529,60756
1423,山东政法学院[公办],,网络与新媒体,,,535,55619
1423,山东政法学院[公办],,数字出版,,,525,64228
1423,山东政法学院[公办],,网络空间安全,,,546,45883
1423,山东政法学院[公办],,审计学,,,531,58995
1423,山东政法学院[公办],,行政管理,,,534,56478
1425,山东中医药大学(济南市)[公办],,应用心理学,,,543,49037
1425,山东中医药大学(济南市)[公办],,制药工程,,,548,44990
1425,山东中医药大学(济南市)[公办],,中医学,,,580,23348
1425,山东中医药大学(济南市)[公办],,针灸推拿学,,,553,41254
1425,山东中医药大学(济南市)[公办],,中医骨伤科学,,,572,28175
1425,山东中医药大学(济南市)[公办],,中西医临床医学,,,576,25729
1425,山东中医药大学(济南市)[公办],,中药学,,,557,38272
1425,山东中医药大学(济南市)[公办],,康复治疗学,,,543,49037
1425,山东中医药大学(济南市)[公办],,康复物理治疗,,,541,50682
1425,山东中医药大学(济南市)[公办],,护理学,,,535,55619
1425,山东中医药大学(济南市)[公办],,眼视光学(中外合作办学),,,513,74844
1426,山西财经大学[公办],,经济学,,,579,23927
1426,山西财经大学[公办],,经济统计学,,,560,36168
1426,山西财经大学[公办],,资源与环境经济学,,,546,45883
1426,山西财经大学[公办],,能源经济,,,546,45883
1426,山西财经大学[公办],,财政学,,,579,23927
1426,山西财经大学[公办],,金融学,,,583,21718
1426,山西财经大学[公办],,金融工程,,,574,26972
1426,山西财经大学[公办],,保险学,,,568,30714
1426,山西财经大学[公办],,金融数学,,,558,37566
1426,山西财经大学[公办],,金融科技,,,572,28175
1426,山西财经大学[公办],,国际经济与贸易,,,562,34751
1426,山西财经大学[公办],,信息与计算科学,,,565,32080
1426,山西财经大学[公办],,人文地理与城乡规划,,,548,44990
1426,山西财经大学[公办],,地理信息科学,,,545,47376
1426,山西财经大学[公办],,统计学,,,561,35449
1426,山西财经大学[公办],,应用统计学,,,576,25729
1426,山西财经大学[公办],,计算机科学与技术,,,559,36873
1426,山西财经大学[公办],,数据科学与大数据技术,,,578,24508
1426,山西财经大学[公办],,管理科学,,,555,39718
1426,山西财经大学[公办],,信息管理与信息系统,,,563,34024
1426,山西财经大学[公办],,工程管理,,,553,41254
1426,山西财经大学[公办],,房地产开发与管理,,,535,55619
1426,山西财经大学[公办],,工程造价,,,549,44261
1426,山西财经大学[公办],,应急管理,,,540,51523
1426,山西财经大学[公办],,工商管理,,,573,27552
1426,山西财经大学[公办],,市场营销,,,542,49854
1426,山西财经大学[公办],,会计学,,,587,19505
1426,山西财经大学[公办],,财务管理,,,582,22261
1426,山西财经大学[公办],,人力资源管理,,,560,36168
1426,山西财经大学[公办],,审计学,,,584,21139
1426,山西财经大学[公办],,资产评估,,,562,34751
1426,山西财经大学[公办],,农林经济管理,,,565,32080
1426,山西财经大学[公办],,土地资源管理,,,538,53169
1426,山西财经大学[公办],,物流管理,,,543,49037
1426,山西财经大学[公办],,电子商务,,,548,44990
1426,山西财经大学[公办],,金融学(中外合作办学),,,537,53967
1426,山西财经大学[公办],,会计学(中外合作办学),,,525,64228
1427,山西传媒学院[公办],,网络与新媒体,,,510,77713
1427,山西传媒学院[公办],,虚拟现实技术,,,499,88132
1427,山西传媒学院[公办],,文化产业管理,,,489,97728
1427,山西传媒学院[公办],,影视摄影与制作(电影摄影方向),,,495,91989
1428,山西大同大学[公办],,数学与应用数学,,,519,69481
1428,山西大同大学[公办],,化学,,,511,76779
1428,山西大同大学[公办],,材料成型及控制工程,,,496,90982
1428,山西大同大学[公办],,计算机科学与技术,,,517,71252
1428,山西大同大学[公办],,护理学,,,499,88132
1429,山西大学[公办],,经济学类,,,561,35449
1429,山西大学[公办],,文物与博物馆学,,,547,45772
1429,山西大学[公办],,数学类,,,560,36168
1429,山西大学[公办],,物理学(国家基地),,,582,22261
1429,山西大学[公办],,化学类,,,548,44990
1429,山西大学[公办],,自然地理与资源环境,,,549,44261
1429,山西大学[公办],,电气工程及其自动化,,,562,34751
1429,山西大学[公办],,电子信息类,,,564,32737
1429,山西大学[公办],,光电信息科学与工程,,,565,32080
1429,山西大学[公办],,计算机科学与技术,,,582,22261
1429,山西大学[公办],,数据科学与大数据技术,,,569,30021
1429,山西大学[公办],,资源循环科学与工程,,,554,40472
1429,山西大学[公办],,环境科学与工程类,,,548,44990
1429,山西大学[公办],,工程造价,,,551,42759
1429,山西大学[公办],,工商管理类,,,562,34751
1430,山西工程技术学院[公办],,地理信息科学,,,496,90982
1430,山西工程技术学院[公办],,机械工程,,,497,90044
1430,山西工程技术学院[公办],,机械设计制造及其自动化,,,498,89072
1430,山西工程技术学院[公办],,机械电子工程,,,494,92936
1430,山西工程技术学院[公办],,智能制造工程,,,492,94896
1430,山西工程技术学院[公办],,材料科学与工程,,,494,92936
1430,山西工程技术学院[公办],,无机非金属材料工程,,,444,138829
1430,山西工程技术学院[公办],,电气工程及其自动化,,,502,85294
1430,山西工程技术学院[公办],,自动化,,,497,90044
1430,山西工程技术学院[公办],,计算机科学与技术,,,500,88132
1430,山西工程技术学院[公办],,物联网工程,,,496,90982
1430,山西工程技术学院[公办],,智能科学与技术,,,501,88132
1430,山西工程技术学院[公办],,数据科学与大数据技术,,,499,88132
1430,山西工程技术学院[公办],,土木工程,,,497,90044
1430,山西工程技术学院[公办],,城市地下空间工程,,,484,102507
1430,山西工程技术学院[公办],,测绘工程,,,486,100581
1430,山西工程技术学院[公办],,地质工程,,,483,103506
1430,山西工程技术学院[公办],,勘查技术与工程,,,476,110122
1430,山西工程技术学院[公办],,采矿工程,,,476,110122
1430,山西工程技术学院[公办],,安全工程,,,487,99599
1430,山西工程技术学院[公办],,工程管理,,,488,98638
1430,山西工程技术学院[公办],,工程造价,,,490,96770
1433,山西工商学院[民办],,学前教育,,,446,137128
1433,山西工商学院[民办],,软件工程,,,447,136314
1433,山西工商学院[民办],,工商管理,,,446,137128
1433,山西工商学院[民办],,财务管理,,,444,138829
1433,山西工商学院[民办],,健康服务与管理,,,440,142251
1434,山西工学院[公办],,国际经济与贸易,,,487,99599
1434,山西工学院[公办],,应用化学,,,473,113007
1434,山西工学院[公办],,机械设计制造及其自动化,,,474,112067
1434,山西工学院[公办],,材料成型及控制工程,,,461,124059
1434,山西工学院[公办],,车辆工程,,,475,111128
1434,山西工学院[公办],,能源与动力工程,,,471,114847
1434,山西工学院[公办],,电气工程及其自动化,,,477,109131
1434,山西工学院[公办],,电子信息工程,,,476,110122
1434,山西工学院[公办],,通信工程,,,478,108213
1434,山西工学院[公办],,自动化,,,475,111128
1434,山西工学院[公办],,轨道交通信号与控制,,,471,114847
1434,山西工学院[公办],,计算机科学与技术,,,485,101531
1434,山西工学院[公办],,土木工程,,,466,119485
1434,山西工学院[公办],,建筑环境与能源应用工程,,,470,115794
1434,山西工学院[公办],,化学工程与工艺,,,461,124059
1434,山西工学院[公办],,环境工程,,,465,120370
1434,山西工学院[公办],,建筑学,,,486,100581
1434,山西工学院[公办],,市场营销,,,477,109131
1434,山西工学院[公办],,物流管理,,,473,113007
1438,山西晋中理工学院[民办],,经济学,,,448,135403
1438,山西晋中理工学院[民办],,材料成型及控制工程,,,440,142251
1438,山西晋中理工学院[民办],,智能科学与技术,,,443,139702
1438,山西晋中理工学院[民办],,市场营销,,,453,131095
1444,山西能源学院[公办],,机械设计制造及其自动化,,,491,95797
1444,山西能源学院[公办],,机械电子工程,,,483,103506
1444,山西能源学院[公办],,车辆工程,,,479,107280
1444,山西能源学院[公办],,能源与动力工程,,,481,105433
1444,山西能源学院[公办],,能源与环境系统工程,,,477,109131
1444,山西能源学院[公办],,电气工程及其自动化,,,497,90044
1444,山西能源学院[公办],,测绘工程,,,472,113947
1444,山西能源学院[公办],,化学工程与工艺,,,479,107280
1444,山西能源学院[公办],,资源勘查工程,,,473,113007
1444,山西能源学院[公办],,采矿工程,,,459,125856
1444,山西能源学院[公办],,油气储运工程,,,474,112067
1444,山西能源学院[公办],,环保设备工程,,,475,111128
1444,山西能源学院[公办],,安全工程,,,473,113007
1445,山西农业大学[公办],,国际经济与贸易,,,522,66880
1445,山西农业大学[公办],,法学,,,528,61650
1445,山西农业大学[公办],,应用化学,,,505,82447
1445,山西农业大学[公办],,地理信息科学,,,512,75821
1445,山西农业大学[公办],,生物科学类,,,503,84351
1445,山西农业大学[公办],,生物科学(卓越人才实验班),,,506,81500
1445,山西农业大学[公办],,生态学,,,503,84351
1445,山西农业大学[公办],,机械类,,,517,71252
1445,山西农业大学[公办],,电气工程及其自动化,,,520,68600
1445,山西农业大学[公办],,电子信息类,,,525,64228
1445,山西农业大学[公办],,计算机类,,,524,65102
1445,山西农业大学[公办],,智能科学与技术,,,527,62507
1445,山西农业大学[公办],,数据科学与大数据技术,,,523,65971
1445,山西农业大学[公办],,土木工程,,,511,76779
1445,山西农业大学[公办],,农业工程类,,,510,77713
1445,山西农业大学[公办],,农业机械化及其自动化(卓越人才实验班),,,510,77713
1445,山西农业大学[公办],,农业水利工程,,,500,88132
1445,山西农业大学[公办],,土地整治工程,,,502,85294
1445,山西农业大学[公办],,环境科学,,,500,88132
1445,山西农业大学[公办],,食品科学与工程(卓越人才实验班),,,502,85294
1445,山西农业大学[公办],,食品科学与工程,,,506,81500
1445,山西农业大学[公办],,食品质量与安全(卓越人才实验班),,,501,88132
1445,山西农业大学[公办],,食品质量与安全,,,499,88132
1445,山西农业大学[公办],,葡萄与葡萄酒工程,,,487,99599
1445,山西农业大学[公办],,食用菌科学与工程,,,486,100581
1445,山西农业大学[公办],,城乡规划,,,510,77713
1445,山西农业大学[公办],,风景园林,,,512,75821
1445,山西农业大学[公办],,生物工程,,,514,73932
1445,山西农业大学[公办],,农学,,,489,97728
1445,山西农业大学[公办],,农学(卓越人才实验班),,,494,92936
1445,山西农业大学[公办],,园艺,,,495,91989
1445,山西农业大学[公办],,园艺(花卉与景观设计方向，卓越人才实验班),,,497,90044
1445,山西农业大学[公办],,植物保护,,,479,107280
1445,山西农业大学[公办],,植物保护(卓越人才实验班),,,494,92936
1445,山西农业大学[公办],,智慧农业,,,504,83397
1445,山西农业大学[公办],,生物农药科学与工程,,,483,103506
1445,山西农业大学[公办],,农业资源与环境,,,494,92936
1445,山西农业大学[公办],,水土保持与荒漠化防治,,,500,88132
1445,山西农业大学[公办],,动物科学(本硕统筹培养),,,492,94896
1445,山西农业大学[公办],,动物科学,,,487,99599
1445,山西农业大学[公办],,经济动物学,,,481,105433
1445,山西农业大学[公办],,动物医学,,,505,82447
1445,山西农业大学[公办],,动植物检疫,,,497,90044
1445,山西农业大学[公办],,林学类,,,484,102507
1445,山西农业大学[公办],,园林,,,501,88132
1445,山西农业大学[公办],,草业科学,,,483,103506
1445,山西农业大学[公办],,中药资源与开发,,,495,91989
1445,山西农业大学[公办],,工商管理类,,,519,69481
1445,山西农业大学[公办],,农业经济管理类,,,507,80550
1445,山西农业大学[公办],,农林经济管理(卓越人才实验班),,,508,79620
1445,山西农业大学[公办],,公共事业管理,,,508,79620
1445,山西农业大学[公办],,行政管理,,,513,74844
1445,山西农业大学[公办],,土地资源管理,,,506,81500
1447,山西师范大学[公办],,社会学,,,529,60756
1447,山西师范大学[公办],,思想政治教育,,,553,41254
1447,山西师范大学[公办],,小学教育,,,547,45772
1447,山西师范大学[公办],,编辑出版学,,,531,58995
1447,山西师范大学[公办],,物理学,,,553,41254
1447,山西师范大学[公办],,人文地理与城乡规划,,,528,61650
1447,山西师范大学[公办],,地理信息科学,,,545,47376
1447,山西师范大学[公办],,生物科学类,,,536,54791
1447,山西师范大学[公办],,生态学,,,526,63346
1447,山西师范大学[公办],,电子信息工程,,,537,53967
1447,山西师范大学[公办],,环境生态工程,,,525,64228
1447,山西师范大学[公办],,食品科学与工程,,,528,61650
1447,山西师范大学[公办],,园艺,,,527,62507
1447,山西师范大学[公办],,旅游管理,,,529,60756
1454,山西医科大学[公办],,运动康复,,,548,44990
1454,山西医科大学[公办],,生物医学工程(临床工程),,,543,49037
1454,山西医科大学[公办],,生物制药,,,548,44990
1454,山西医科大学[公办],,临床医学(5+3一体化),,,604,11858
1454,山西医科大学[公办],,临床医学(5+3一体化儿科学),,,601,13049
1454,山西医科大学[公办],,临床医学,,,584,21139
1454,山西医科大学[公办],,临床医学,,,574,26972
1454,山西医科大学[公办],,麻醉学,,,577,25118
1454,山西医科大学[公办],,眼视光医学,,,575,26354
1454,山西医科大学[公办],,精神医学,,,545,47376
1454,山西医科大学[公办],,口腔医学,,,585,20594
1454,山西医科大学[公办],,口腔医学,,,572,28175
1454,山西医科大学[公办],,预防医学,,,549,44261
1454,山西医科大学[公办],,药学,,,560,36168
1454,山西医科大学[公办],,临床药学,,,557,38272
1454,山西医科大学[公办],,中药学,,,542,49854
1454,山西医科大学[公办],,法医学,,,555,39718
1454,山西医科大学[公办],,医学检验技术,,,549,44261
1454,山西医科大学[公办],,医学检验技术,,,547,45772
1454,山西医科大学[公办],,医学实验技术,,,545,47376
1454,山西医科大学[公办],,医学影像技术,,,564,32737
1454,山西医科大学[公办],,眼视光学,,,549,44261
1454,山西医科大学[公办],,康复治疗学,,,544,48201
1454,山西医科大学[公办],,康复治疗学,,,536,54791
1454,山西医科大学[公办],,卫生检验与检疫,,,546,45883
1454,山西医科大学[公办],,智能医学工程,,,542,49854
1454,山西医科大学[公办],,护理学,,,542,49854
1454,山西医科大学[公办],,护理学,,,527,62507
1454,山西医科大学[公办],,助产学,,,547,45772
1454,山西医科大学[公办],,信息管理与信息系统(医学信息学方向),,,548,44990
1456,山西应用科技学院[民办],,学前教育,,,445,137992
1456,山西应用科技学院[民办],,软件工程,,,441,141442
1456,山西应用科技学院[民办],,工程造价,,,438,143930
1456,山西应用科技学院[民办],,财务管理,,,441,141442
1456,山西应用科技学院[民办],,审计学,,,439,143057
1459,山西中医药大学(晋中市)[公办],,制药工程,,,512,75821
1459,山西中医药大学(晋中市)[公办],,食品科学与工程,,,506,81500
1459,山西中医药大学(晋中市)[公办],,生物制药,,,509,78673
1459,山西中医药大学(晋中市)[公办],,中医学,,,527,62507
1459,山西中医药大学(晋中市)[公办],,针灸推拿学,,,522,66880
1459,山西中医药大学(晋中市)[公办],,中西医临床医学,,,523,65971
1459,山西中医药大学(晋中市)[公办],,药学,,,519,69481
1459,山西中医药大学(晋中市)[公办],,中药学,,,512,75821
1459,山西中医药大学(晋中市)[公办],,中药学(临床中药学方向),,,509,78673
1459,山西中医药大学(晋中市)[公办],,中药资源与开发,,,503,84351
1459,山西中医药大学(晋中市)[公办],,康复治疗学,,,500,88132
1459,山西中医药大学(晋中市)[公办],,护理学,,,510,77713
1459,山西中医药大学(晋中市)[公办],,信息管理与信息系统,,,512,75821
1459,山西中医药大学(晋中市)[公办],,市场营销,,,501,88132
1465,陕西国际商贸学院[民办],,金融工程,,,429,151199
1465,陕西国际商贸学院[民办],,国际经济与贸易,,,422,156398
1465,陕西国际商贸学院[民办],,英语,,,433,147987
1465,陕西国际商贸学院[民办],,计算机科学与技术,,,431,149615
1465,陕西国际商贸学院[民办],,数据科学与大数据技术,,,440,142251
1465,陕西国际商贸学院[民办],,药学,,,445,137992
1465,陕西国际商贸学院[民办],,工程造价,,,429,151199
1465,陕西国际商贸学院[民办],,财务管理,,,425,154215
1470,陕西科技大学镐京学院[独立学院],,金融工程,,,423,155642
1470,陕西科技大学镐京学院[独立学院],,国际经济与贸易,,,422,156398
1470,陕西科技大学镐京学院[独立学院],,电气工程及其自动化,,,419,158594
1470,陕西科技大学镐京学院[独立学院],,电子信息工程,,,420,157892
1470,陕西科技大学镐京学院[独立学院],,计算机科学与技术,,,424,154962
1470,陕西科技大学镐京学院[独立学院],,网络工程,,,421,157137
1470,陕西科技大学镐京学院[独立学院],,物联网工程,,,418,159311
1470,陕西科技大学镐京学院[独立学院],,智能科学与技术,,,418,159311
1470,陕西科技大学镐京学院[独立学院],,服装设计与工程,,,417,160051
1470,陕西科技大学镐京学院[独立学院],,药物制剂,,,418,159311
1470,陕西科技大学镐京学院[独立学院],,信息管理与信息系统,,,418,159311
1470,陕西科技大学镐京学院[独立学院],,工商管理,,,415,161451
1470,陕西科技大学镐京学院[独立学院],,市场营销,,,412,163586
1470,陕西科技大学镐京学院[独立学院],,会计学,,,428,152021
1470,陕西科技大学镐京学院[独立学院],,财务管理,,,421,157137
1470,陕西科技大学镐京学院[独立学院],,人力资源管理,,,416,160740
1470,陕西科技大学镐京学院[独立学院],,审计学,,,437,144729
1470,陕西科技大学镐京学院[独立学院],,行政管理,,,417,160051
1470,陕西科技大学镐京学院[独立学院],,物流管理,,,416,160740
1470,陕西科技大学镐京学院[独立学院],,物流工程,,,416,160740
1470,陕西科技大学镐京学院[独立学院],,电子商务,,,415,161451
1471,陕西科技大学(西安市)[公办],,教育技术学,,,557,38272
1471,陕西科技大学(西安市)[公办],,数学类,,,566,31393
1471,陕西科技大学(西安市)[公办],,应用物理学,,,558,37566
1471,陕西科技大学(西安市)[公办],,化学类,,,556,39008
1471,陕西科技大学(西安市)[公办],,机械类,,,562,34751
1471,陕西科技大学(西安市)[公办],,材料类,,,555,39718
1471,陕西科技大学(西安市)[公办],,电气类,,,565,32080
1471,陕西科技大学(西安市)[公办],,计算机类,,,574,26972
1471,陕西科技大学(西安市)[公办],,化工与制药类,,,559,36873
1471,陕西科技大学(西安市)[公办],,非织造材料与工程,,,523,65971
1471,陕西科技大学(西安市)[公办],,轻工类,,,535,55619
1471,陕西科技大学(西安市)[公办],,轻化工程,,,546,45883
1471,陕西科技大学(西安市)[公办],,环境科学与工程类,,,554,40472
1471,陕西科技大学(西安市)[公办],,食品科学与工程类,,,555,39718
1471,陕西科技大学(西安市)[公办],,生物工程,,,560,36168
1471,陕西科技大学(西安市)[公办],,药学,,,554,40472
1471,陕西科技大学(西安市)[公办],,物流管理与工程类,,,561,35449
1471,陕西科技大学(西安市)[公办],,机械设计制造及其自动化(中外合作办学),,,474,112067
1471,陕西科技大学(西安市)[公办],,工业设计(中外合作办学),,,452,131939
1471,陕西科技大学(西安市)[公办],,计算机科学与技术(中外合作办学),,,510,77713
1472,陕西理工大学(汉中市)[公办],,数学与应用数学,,,536,54791
1472,陕西理工大学(汉中市)[公办],,化学,,,535,55619
1472,陕西理工大学(汉中市)[公办],,应用化学,,,534,56478
1472,陕西理工大学(汉中市)[公办],,生物科学,,,530,59831
1472,陕西理工大学(汉中市)[公办],,机械设计制造及其自动化,,,558,37566
1472,陕西理工大学(汉中市)[公办],,材料成型及控制工程,,,541,50682
1472,陕西理工大学(汉中市)[公办],,车辆工程,,,530,59831
1472,陕西理工大学(汉中市)[公办],,材料类,,,518,70350
1472,陕西理工大学(汉中市)[公办],,能源与动力工程,,,531,58995
1472,陕西理工大学(汉中市)[公办],,计算机类,,,545,47376
1472,陕西理工大学(汉中市)[公办],,土木工程,,,536,54791
1472,陕西理工大学(汉中市)[公办],,食品质量与安全,,,524,65102
1472,陕西理工大学(汉中市)[公办],,生物工程,,,525,64228
1472,陕西理工大学(汉中市)[公办],,工商管理类,,,529,60756
1478,陕西师范大学(西安市)[公办],,经济学类,,,608,10398
1478,陕西师范大学(西安市)[公办],,数学类,,,614,8462
1478,陕西师范大学(西安市)[公办],,物理学类,,,612,9070
1478,陕西师范大学(西安市)[公办],,化学类,,,610,9711
1478,陕西师范大学(西安市)[公办],,地理科学类,,,603,12248
1478,陕西师范大学(西安市)[公办],,生物科学类,,,607,10760
1478,陕西师范大学(西安市)[公办],,心理学类,,,605,11477
1478,陕西师范大学(西安市)[公办],,材料类,,,597,14703
1478,陕西师范大学(西安市)[公办],,计算机类,,,607,10760
1478,陕西师范大学(西安市)[公办],,食品科学与工程类,,,601,13049
1478,陕西师范大学(西安市)[公办],,工商管理类,,,603,12248
1481,陕西学前师范学院[公办],,学前教育,,,515,73018
1481,陕西学前师范学院[公办],,英语,,,515,73018
1481,陕西学前师范学院[公办],,心理学,,,505,82447
1481,陕西学前师范学院[公办],,数字媒体技术,,,509,78673
1484,陕西中医药大学(西安市)[公办],,临床医学,,,545,47376
1484,陕西中医药大学(西安市)[公办],,中西医临床医学,,,529,60756
1485,汕头大学[公办],,数学与应用数学,,,572,28175
1485,汕头大学[公办],,应用化学,,,565,32080
1485,汕头大学[公办],,生物技术,,,565,32080
1485,汕头大学[公办],,材料科学与工程,,,558,37566
1485,汕头大学[公办],,光电信息科学与工程,,,567,31356
1485,汕头大学[公办],,土木工程,,,565,32080
1485,汕头大学[公办],,环境工程,,,562,34751
1485,汕头大学[公办],,建筑学,,,567,31356
1486,商洛学院[公办],,应用化学,,,475,111128
1486,商洛学院[公办],,电子信息科学与技术,,,479,107280
1486,商洛学院[公办],,计算机科学与技术,,,493,93969
1486,商洛学院[公办],,网络工程,,,484,102507
1486,商洛学院[公办],,数据科学与大数据技术,,,486,100581
1486,商洛学院[公办],,资源循环科学与工程,,,472,113947
1486,商洛学院[公办],,园林,,,472,113947
1486,商洛学院[公办],,食品卫生与营养学,,,491,95797
1486,商洛学院[公办],,工程管理,,,476,110122
1487,商丘工学院[民办],,汽车服务工程,,,425,154215
1487,商丘工学院[民办],,电气工程及其自动化,,,434,147162
1487,商丘工学院[民办],,软件工程,,,435,146339
1487,商丘工学院[民办],,物联网工程,,,431,149615
1487,商丘工学院[民办],,土木工程,,,427,152752
1487,商丘工学院[民办],,城市地下空间工程,,,421,157137
1487,商丘工学院[民办],,工程管理,,,425,154215
1487,商丘工学院[民办],,物流工程,,,425,154215
1488,商丘师范学院[公办],,经济学,,,499,88132
1488,商丘师范学院[公办],,金融数学,,,493,93969
1488,商丘师范学院[公办],,法学,,,524,65102
1488,商丘师范学院[公办],,英语,,,508,79620
1488,商丘师范学院[公办],,数学与应用数学,,,506,81500
1488,商丘师范学院[公办],,物理学,,,494,92936
1488,商丘师范学院[公办],,化学,,,494,92936
1488,商丘师范学院[公办],,地理科学,,,503,84351
1488,商丘师范学院[公办],,地理信息科学,,,496,90982
1488,商丘师范学院[公办],,统计学,,,494,92936
1488,商丘师范学院[公办],,材料科学与工程,,,476,110122
1488,商丘师范学院[公办],,新能源科学与工程,,,491,95797
1488,商丘师范学院[公办],,电气工程及其自动化,,,495,91989
1488,商丘师范学院[公办],,电子信息工程,,,492,94896
1488,商丘师范学院[公办],,通信工程,,,492,94896
1488,商丘师范学院[公办],,自动化,,,495,91989
1488,商丘师范学院[公办],,计算机类,,,502,85294
1488,商丘师范学院[公办],,数据科学与大数据技术,,,492,94896
1488,商丘师范学院[公办],,土木工程,,,489,97728
1488,商丘师范学院[公办],,测绘工程,,,483,103506
1488,商丘师范学院[公办],,制药工程,,,484,102507
1488,商丘师范学院[公办],,食品科学与工程,,,484,102507
1488,商丘师范学院[公办],,建筑学,,,494,92936
1488,商丘师范学院[公办],,城乡规划,,,486,100581
1488,商丘师范学院[公办],,园林,,,483,103506
1488,商丘师范学院[公办],,物流管理,,,490,96770
1488,商丘师范学院[公办],,电子商务,,,493,93969
1489,商丘学院[民办],,机械设计制造及其自动化,,,448,135403
1489,商丘学院[民办],,计算机科学与技术,,,445,137992
1489,商丘学院[民办],,数据科学与大数据技术,,,444,138829
1492,上海财经大学[公办],,经济学,,,641,2584
1492,上海财经大学[公办],,财政学类,,,642,2440
1492,上海财经大学[公办],,金融学,,,661,781
1492,上海财经大学[公办],,法学,,,632,4082
1492,上海财经大学[公办],,数学类,,,637,3196
1492,上海财经大学[公办],,统计学类,,,645,2065
1492,上海财经大学[公办],,计算机科学与技术,,,634,3706
1492,上海财经大学[公办],,信息管理与信息系统,,,637,3196
1492,上海财经大学[公办],,工商管理类,,,635,3527
1492,上海财经大学[公办],,会计学,,,646,1952
1492,上海财经大学[公办],,财务管理,,,648,1730
1492,上海财经大学[公办],,电子商务,,,633,3898
1492,上海财经大学[公办],,经济学(中外合作办学)(数量经济),,,636,3358
1492,上海财经大学[公办],,金融学(中外合作办学)(银行与国际金融),,,648,1730
1492,上海财经大学[公办],,工商管理(中外合作办学)(会计学ACCA),,,636,3358
1494,上海财经大学浙江学院[独立学院],,应用统计学(金融统计),,,496,90982
1494,上海财经大学浙江学院[独立学院],,软件工程,,,494,92936
1494,上海财经大学浙江学院[独立学院],,会计学(国际会计ACCA),,,497,90044
1494,上海财经大学浙江学院[独立学院],,会计学(注册会计),,,497,90044
1497,上海大学[公办],,理科试验班类,,,622,6287
1497,上海大学[公办],,理科试验班,,,619,7098
1497,上海大学[公办],,经济学类,,,619,7098
1497,上海大学[公办],,材料类,,,614,8462
1497,上海大学[公办],,电气类,,,618,7376
1497,上海大学[公办],,电子信息工程(卓越工程师班),,,621,6561
1497,上海大学[公办],,通信工程,,,619,7098
1497,上海大学[公办],,机械工程(中外合作办学),,,592,16998
1497,上海大学[公办],,材料科学与工程(中外合作办学),,,587,19505
1497,上海大学[公办],,信息工程(中外合作办学),,,596,15132
1498,上海第二工业大学[公办],,信息与计算科学,,,562,34751
1498,上海第二工业大学[公办],,应用化学,,,552,42004
1498,上海第二工业大学[公办],,应用统计学,,,564,32737
1498,上海第二工业大学[公办],,机械工程(卓越工程师班),,,561,35449
1498,上海第二工业大学[公办],,材料成型及控制工程,,,551,42759
1498,上海第二工业大学[公办],,机械电子工程,,,561,35449
1498,上海第二工业大学[公办],,工业设计,,,552,42004
1498,上海第二工业大学[公办],,车辆工程,,,553,41254
1498,上海第二工业大学[公办],,智能制造工程,,,555,39718
1498,上海第二工业大学[公办],,测控技术与仪器,,,554,40472
1498,上海第二工业大学[公办],,材料科学与工程,,,550,43499
1498,上海第二工业大学[公办],,材料化学,,,548,44990
1498,上海第二工业大学[公办],,电子信息工程,,,565,32080
1498,上海第二工业大学[公办],,通信工程,,,565,32080
1498,上海第二工业大学[公办],,自动化,,,559,36873
1498,上海第二工业大学[公办],,计算机科学与技术(卓越工程师班),,,572,28175
1498,上海第二工业大学[公办],,软件工程,,,568,30714
1498,上海第二工业大学[公办],,网络工程,,,568,30714
1498,上海第二工业大学[公办],,数字媒体技术,,,566,31393
1498,上海第二工业大学[公办],,智能科学与技术,,,566,31393
1498,上海第二工业大学[公办],,数据科学与大数据技术,,,568,30714
1498,上海第二工业大学[公办],,环境工程,,,549,44261
1498,上海第二工业大学[公办],,环保设备工程,,,545,47376
1498,上海第二工业大学[公办],,信息管理与信息系统,,,556,39008
1498,上海第二工业大学[公办],,工业工程,,,550,43499
1498,上海第二工业大学[公办],,电子商务,,,562,34751
1499,上海电机学院[公办],,机械类(汽车类),,,534,56478
1499,上海电机学院[公办],,机械设计制造及其自动化,,,550,43499
1499,上海电机学院[公办],,材料成型及控制工程,,,547,45772
1499,上海电机学院[公办],,电气类,,,553,41254
1499,上海电机学院[公办],,电气工程及其自动化,,,555,39718
1499,上海电机学院[公办],,计算机类,,,559,36873
1501,上海电力大学[公办],,能源与动力工程,,,586,20047
1501,上海电力大学[公办],,新能源科学与工程,,,587,19505
1501,上海电力大学[公办],,电气工程及其自动化,,,595,15596
1501,上海电力大学[公办],,电子信息工程,,,588,19006
1501,上海电力大学[公办],,自动化,,,592,16998
1501,上海电力大学[公办],,软件工程,,,586,20047
1501,上海电力大学[公办],,环境工程,,,576,25729
1501,上海电力大学[公办],,工程管理,,,578,24508
1505,上海对外经贸大学[公办],,金融学,,,608,10398
1505,上海对外经贸大学[公办],,保险学,,,604,11858
1505,上海对外经贸大学[公办],,国际经济与贸易,,,607,10760
1505,上海对外经贸大学[公办],,国际商务(中外合作办学)(中澳合作),,,586,20047
1505,上海对外经贸大学[公办],,物流管理(中外合作办学)(中澳合作),,,559,36873
1505,上海对外经贸大学[公办],,会展经济与管理(中外合作办学)(中德合作),,,573,27552
1507,上海工程技术大学[公办],,国际经济与贸易,,,551,42759
1507,上海工程技术大学[公办],,数据计算及应用,,,558,37566
1507,上海工程技术大学[公办],,材料成型及控制工程,,,548,44990
1507,上海工程技术大学[公办],,工业设计,,,548,44990
1507,上海工程技术大学[公办],,智能制造工程,,,558,37566
1507,上海工程技术大学[公办],,材料科学与工程,,,544,48201
1507,上海工程技术大学[公办],,焊接技术与工程,,,545,47376
1507,上海工程技术大学[公办],,能源与动力工程,,,555,39718
1507,上海工程技术大学[公办],,电子信息类,,,560,36168
1507,上海工程技术大学[公办],,电子封装技术,,,554,40472
1507,上海工程技术大学[公办],,机器人工程,,,569,30021
1507,上海工程技术大学[公办],,制药工程,,,548,44990
1507,上海工程技术大学[公办],,涂料工程,,,540,51523
1507,上海工程技术大学[公办],,纺织工程,,,527,62507
1507,上海工程技术大学[公办],,服装设计与工程,,,543,49037
1507,上海工程技术大学[公办],,交通运输,,,551,42759
1507,上海工程技术大学[公办],,飞行器制造工程,,,546,45883
1507,上海工程技术大学[公办],,环境工程,,,546,45883
1507,上海工程技术大学[公办],,信息管理与信息系统,,,557,38272
1507,上海工程技术大学[公办],,工程管理,,,549,44261
1507,上海工程技术大学[公办],,工商管理类,,,561,35449
1507,上海工程技术大学[公办],,财务管理,,,557,38272
1507,上海工程技术大学[公办],,物流管理,,,546,45883
1512,上海海事大学[公办],,经济学类,,,584,21139
1512,上海海事大学[公办],,机械类,,,576,25729
1512,上海海事大学[公办],,材料科学与工程,,,573,27552
1512,上海海事大学[公办],,能源与动力工程,,,577,25118
1512,上海海事大学[公办],,电气类,,,583,21718
1512,上海海事大学[公办],,电子信息类,,,584,21139
1512,上海海事大学[公办],,计算机类,,,585,20594
1512,上海海事大学[公办],,港口航道与海岸工程,,,575,26354
1512,上海海事大学[公办],,交通运输,,,579,23927
1512,上海海事大学[公办],,船舶与海洋工程,,,575,26354
1512,上海海事大学[公办],,管理科学,,,581,22793
1512,上海海事大学[公办],,交通管理(国航),,,583,21718
1513,上海海洋大学[公办],,机械类,,,576,25729
1513,上海海洋大学[公办],,计算机类,,,580,23348
1513,上海海洋大学[公办],,水产类,,,564,32737
1515,上海建桥学院[民办],,软件工程,,,461,124059
1515,上海建桥学院[民办],,工程管理,,,463,122201
1515,上海建桥学院[民办],,机械设计制造及其自动化(中外合作办学),,,460,124911
1516,上海健康医学院[公办],,数据科学与大数据技术,,,513,74844
1516,上海健康医学院[公办],,生物医学工程,,,504,83397
1516,上海健康医学院[公办],,医学检验技术,,,508,79620
1516,上海健康医学院[公办],,医学影像技术,,,510,77713
1516,上海健康医学院[公办],,口腔医学技术,,,509,78673
1516,上海健康医学院[公办],,康复物理治疗,,,502,85294
1516,上海健康医学院[公办],,护理学,,,507,80550
1517,上海交通大学[公办],,经济管理试验班(含双学士学位项目),,,676,186
1517,上海交通大学[公办],,工科试验班类,,,670,336
1517,上海交通大学[公办],,理科试验班类(含致远，李政道、吴文俊班，双学士学位项目),,,676,186
1517,上海交通大学[公办],,电子信息类(IEEE试点班，含双学士学位项目),,,680,124
1517,上海交通大学[公办],,人工智能(卓越人才试点班),,,680,124
1519,上海交通大学医学院[公办],,医学试验班(卓越医学创新班),,,667,443
1519,上海交通大学医学院[公办],,临床医学(本博连读八年制),,,676,186
1519,上海交通大学医学院[公办],,口腔医学(5+3一体化),,,672,286
1523,上海理工大学[公办],,经济管理试验班,,,589,18507
1523,上海理工大学[公办],,工科试验班(智能化制造类),,,587,19505
1523,上海理工大学[公办],,工科试验班(电子与信息类),,,593,16515
1523,上海理工大学[公办],,理科试验班,,,593,16515
1523,上海理工大学[公办],,英语(中外合作办学)(中美合作),,,577,25118
1523,上海理工大学[公办],,机械设计制造及其自动化(中外合作办学)(合作高校为德国富特旺根应用技术大学),,,574,26972
1523,上海理工大学[公办],,电子信息科学与技术(中外合作办学)(中英合作),,,578,24508
1525,上海立达学院[民办],,数据科学与大数据技术,,,431,149615
1525,上海立达学院[民办],,财务管理,,,417,160051
1526,上海立信会计金融学院[公办],,经济统计学,,,584,21139
1526,上海立信会计金融学院[公办],,财政学类,,,580,23348
1526,上海立信会计金融学院[公办],,金融学类,,,586,20047
1526,上海立信会计金融学院[公办],,金融工程,,,572,28175
1526,上海立信会计金融学院[公办],,精算学,,,593,16515
1526,上海立信会计金融学院[公办],,金融科技,,,569,30021
1526,上海立信会计金融学院[公办],,应用统计学,,,576,25729
1526,上海立信会计金融学院[公办],,计算机科学与技术,,,573,27552
1526,上海立信会计金融学院[公办],,数据科学与大数据技术,,,571,28818
1526,上海立信会计金融学院[公办],,信息管理与信息系统,,,566,31393
1526,上海立信会计金融学院[公办],,工商管理类,,,573,27552
1526,上海立信会计金融学院[公办],,会计学,,,597,14703
1526,上海立信会计金融学院[公办],,财务管理,,,598,14272
1526,上海立信会计金融学院[公办],,金融工程(中外合作办学)(中美合作),,,566,31393
1531,上海杉达学院[民办],,日语,,,449,134515
1531,上海杉达学院[民办],,计算机类,,,467,118588
1531,上海杉达学院[民办],,建筑电气与智能化,,,465,120370
1532,上海商学院[公办],,商务经济学,,,550,43499
1532,上海商学院[公办],,金融学,,,555,39718
1532,上海商学院[公办],,社会工作,,,535,55619
1532,上海商学院[公办],,商务英语,,,556,39008
1532,上海商学院[公办],,计算机科学与技术(中兴ICT合作班),,,546,45883
1532,上海商学院[公办],,园林,,,542,49854
1532,上海商学院[公办],,市场营销,,,543,49037
1532,上海商学院[公办],,旅游管理,,,535,55619
1535,上海视觉艺术学院[民办],,文化产业管理,,,487,99599
1537,上海体育学院[公办],,新闻学,,,559,36873
1538,上海外国语大学[公办],,国际经济与贸易(日语),,,632,4082
1538,上海外国语大学[公办],,法学,,,628,4860
1538,上海外国语大学[公办],,新闻传播学类(卓越国际新闻传播人才计划),,,633,3898
1538,上海外国语大学[公办],,数据科学与大数据技术,,,629,4660
1538,上海外国语大学[公办],,会计学,,,630,4465
1540,上海外国语大学贤达经济人文学院[独立学院],,金融学,,,483,103506
1540,上海外国语大学贤达经济人文学院[独立学院],,国际经济与贸易,,,467,118588
1540,上海外国语大学贤达经济人文学院[独立学院],,法学(双语班),,,507,80550
1540,上海外国语大学贤达经济人文学院[独立学院],,英语,,,460,124911
1540,上海外国语大学贤达经济人文学院[独立学院],,德语(商务方向),,,462,123141
1540,上海外国语大学贤达经济人文学院[独立学院],,法语(双语班),,,462,123141
1540,上海外国语大学贤达经济人文学院[独立学院],,西班牙语(双语班),,,,
1540,上海外国语大学贤达经济人文学院[独立学院],,阿拉伯语,,,,
1540,上海外国语大学贤达经济人文学院[独立学院],,日语,,,476,110122
1540,上海外国语大学贤达经济人文学院[独立学院],,朝鲜语,,,,
1540,上海外国语大学贤达经济人文学院[独立学院],,新闻学(新媒体方向),,,466,119485
1540,上海外国语大学贤达经济人文学院[独立学院],,广告学,,,475,111128
1540,上海外国语大学贤达经济人文学院[独立学院],,会计学(双语班),,,449,134515
1540,上海外国语大学贤达经济人文学院[独立学院],,文化产业管理,,,431,149615
1540,上海外国语大学贤达经济人文学院[独立学院],,旅游管理,,,412,163586
1540,上海外国语大学贤达经济人文学院[独立学院],,会展经济与管理(双语班),,,452,131939
1544,上海应用技术大学[公办],,数学与应用数学(数理金融、统计与计算科学方向),,,558,37566
1544,上海应用技术大学[公办],,机械类,,,560,36168
1544,上海应用技术大学[公办],,机械设计制造及其自动化(卓越工程师计划试点班),,,561,35449
1544,上海应用技术大学[公办],,机械设计制造及其自动化(机辆工程方向),,,559,36873
1544,上海应用技术大学[公办],,电气工程及其自动化(卓越工程师计划试点班),,,564,32737
1544,上海应用技术大学[公办],,电子信息工程,,,562,34751
1544,上海应用技术大学[公办],,通信工程(轨道通号技术方向),,,561,35449
1544,上海应用技术大学[公办],,人工智能,,,565,32080
1544,上海应用技术大学[公办],,软件工程(卓越工程师计划试点班),,,567,31356
1544,上海应用技术大学[公办],,土木工程,,,556,39008
1544,上海应用技术大学[公办],,给排水科学与工程,,,556,39008
1544,上海应用技术大学[公办],,化学工程与工艺(卓越工程师计划试点班),,,553,41254
1544,上海应用技术大学[公办],,制药工程,,,556,39008
1544,上海应用技术大学[公办],,香料香精技术与工程,,,556,39008
1544,上海应用技术大学[公办],,化妆品技术与工程,,,562,34751
1544,上海应用技术大学[公办],,建筑学,,,559,36873
1544,上海应用技术大学[公办],,大数据管理与应用,,,564,32737
1544,上海应用技术大学[公办],,机械设计制造及其自动化(中外合作办学)(中美合作),,,500,88132
1544,上海应用技术大学[公办],,电气工程及其自动化(中外合作办学)(中美合作),,,549,44261
1546,上海政法学院[公办],,经济学,,,577,25118
1546,上海政法学院[公办],,经济与金融,,,574,26972
1546,上海政法学院[公办],,国际经济与贸易,,,572,28175
1546,上海政法学院[公办],,法学(涉外卓越法律人才培养创新班),,,599,13858
1546,上海政法学院[公办],,法学(民商法方向),,,591,17508
1546,上海政法学院[公办],,法学(调解方向),,,588,19006
1546,上海政法学院[公办],,法学(经济法方向),,,590,17968
1546,上海政法学院[公办],,法学(国际经济法方向),,,584,21139
1546,上海政法学院[公办],,法学(刑事司法方向),,,591,17508
1546,上海政法学院[公办],,知识产权,,,582,22261
1546,上海政法学院[公办],,社区矫正,,,576,25729
1546,上海政法学院[公办],,英语,,,577,25118
1546,上海政法学院[公办],,俄语,,,567,31356
1546,上海政法学院[公办],,新闻学(卓越新闻传播人才培养试点班),,,579,23927
1546,上海政法学院[公办],,广播电视学(卓越新闻传播人才培养试点班),,,572,28175
1546,上海政法学院[公办],,财务管理,,,574,26972
1546,上海政法学院[公办],,审计学,,,577,25118
1546,上海政法学院[公办],,行政管理,,,567,31356
1546,上海政法学院[公办],,劳动与社会保障,,,569,30021
1547,上海中侨职业技术大学[民办],,物联网工程技术,,,448,135403
1547,上海中侨职业技术大学[民办],,数字媒体技术,,,434,147162
1548,上饶师范学院[公办],,教育技术学,,,476,110122
1548,上饶师范学院[公办],,数学与应用数学,,,481,105433
1548,上饶师范学院[公办],,应用化学,,,467,118588
1548,上饶师范学院[公办],,生物科学,,,473,113007
1548,上饶师范学院[公办],,心理学,,,478,108213
1548,上饶师范学院[公办],,数据科学与大数据技术,,,485,101531
1548,上饶师范学院[公办],,环境科学,,,470,115794
1548,上饶师范学院[公办],,会计学,,,480,106344
1551,韶关学院[公办],,物理学(师范),,,477,109131
1551,韶关学院[公办],,生物科学(师范),,,477,109131
1551,韶关学院[公办],,电子信息科学与技术,,,491,95797
1552,邵阳学院[公办],,金融工程,,,488,98638
1552,邵阳学院[公办],,机械设计制造及其自动化,,,488,98638
1552,邵阳学院[公办],,能源与动力工程,,,485,101531
1552,邵阳学院[公办],,电气工程及其自动化,,,494,92936
1552,邵阳学院[公办],,自动化,,,487,99599
1552,邵阳学院[公办],,土木工程,,,484,102507
1552,邵阳学院[公办],,食品质量与安全,,,484,102507
1552,邵阳学院[公办],,城乡规划,,,481,105433
1552,邵阳学院[公办],,临床医学,,,507,80550
1552,邵阳学院[公办],,医学影像技术,,,492,94896
1552,邵阳学院[公办],,护理学,,,485,101531
1553,绍兴文理学院[公办],,应用化学,,,495,91989
1553,绍兴文理学院[公办],,纺织工程,,,490,96770
1553,绍兴文理学院[公办],,轻化工程,,,489,97728
1553,绍兴文理学院[公办],,康复治疗学,,,497,90044
1553,绍兴文理学院[公办],,护理学,,,497,90044
1554,绍兴文理学院元培学院[独立学院],,法学,,,454,130189
1554,绍兴文理学院元培学院[独立学院],,中国语言文学类,,,450,133684
1554,绍兴文理学院元培学院[独立学院],,机械类,,,434,147162
1554,绍兴文理学院元培学院[独立学院],,电子信息工程,,,439,143057
1554,绍兴文理学院元培学院[独立学院],,计算机类,,,431,149615
1554,绍兴文理学院元培学院[独立学院],,数据科学与大数据技术,,,455,129310
1554,绍兴文理学院元培学院[独立学院],,土木工程,,,416,160740
1554,绍兴文理学院元培学院[独立学院],,药学,,,430,150433
1554,绍兴文理学院元培学院[独立学院],,管理科学与工程类,,,436,145515
1554,绍兴文理学院元培学院[独立学院],,电子商务,,,458,126654
1557,深圳大学[公办],,金融学,,,613,8757
1557,深圳大学[公办],,金融科技,,,619,7098
1557,深圳大学[公办],,数学与应用数学,,,612,9070
1557,深圳大学[公办],,物理学,,,606,11130
1557,深圳大学[公办],,生物技术,,,608,10398
1557,深圳大学[公办],,机械设计制造及其自动化,,,605,11477
1557,深圳大学[公办],,材料科学与工程,,,607,10760
1557,深圳大学[公办],,电子信息工程,,,612,9070
1557,深圳大学[公办],,电子科学与技术,,,610,9711
1557,深圳大学[公办],,光电信息科学与工程,,,609,10048
1557,深圳大学[公办],,机器人工程,,,612,9070
1557,深圳大学[公办],,计算机科学与技术,,,618,7376
1557,深圳大学[公办],,软件工程(腾班),,,623,6003
1557,深圳大学[公办],,土木工程,,,603,12248
1557,深圳大学[公办],,建筑学,,,615,8162
1557,深圳大学[公办],,风景园林,,,603,12248
1557,深圳大学[公办],,临床医学(卓越班),,,610,9711
1557,深圳大学[公办],,口腔医学,,,610,9711
1557,深圳大学[公办],,信息管理与信息系统,,,609,10048
1559,沈阳城市建设学院[民办],,电气工程及其自动化,,,418,159311
1559,沈阳城市建设学院[民办],,通信工程,,,412,163586
1559,沈阳城市建设学院[民办],,自动化,,,412,163586
1559,沈阳城市建设学院[民办],,计算机科学与技术,,,418,159311
1559,沈阳城市建设学院[民办],,土木工程,,,414,162144
1559,沈阳城市建设学院[民办],,给排水科学与工程,,,418,159311
1559,沈阳城市建设学院[民办],,道路桥梁与渡河工程,,,439,143057
1559,沈阳城市建设学院[民办],,测绘工程,,,,
1559,沈阳城市建设学院[民办],,建筑学,,,425,154215
1559,沈阳城市建设学院[民办],,工程造价,,,442,140581
1560,沈阳城市学院[民办],,金融学,,,430,150433
1560,沈阳城市学院[民办],,国际经济与贸易,,,420,157892
1560,沈阳城市学院[民办],,汉语国际教育,,,425,154215
1560,沈阳城市学院[民办],,英语,,,430,150433
1560,沈阳城市学院[民办],,网络与新媒体,,,440,142251
1560,沈阳城市学院[民办],,应用心理学,,,442,140581
1560,沈阳城市学院[民办],,机械设计制造及其自动化,,,426,153495
1560,沈阳城市学院[民办],,人工智能,,,453,131095
1560,沈阳城市学院[民办],,自动化,,,432,148796
1560,沈阳城市学院[民办],,机器人工程,,,415,161451
1560,沈阳城市学院[民办],,计算机科学与技术,,,426,153495
1560,沈阳城市学院[民办],,智能科学与技术,,,413,162888
1560,沈阳城市学院[民办],,电影制作,,,423,155642
1560,沈阳城市学院[民办],,土木工程,,,413,162888
1560,沈阳城市学院[民办],,建筑环境与能源应用工程,,,431,149615
1560,沈阳城市学院[民办],,建筑电气与智能化,,,417,160051
1560,沈阳城市学院[民办],,建筑学,,,432,148796
1560,沈阳城市学院[民办],,工程造价,,,412,163586
1560,沈阳城市学院[民办],,大数据管理与应用,,,418,159311
1560,沈阳城市学院[民办],,工商管理,,,415,161451
1560,沈阳城市学院[民办],,会计学,,,423,155642
1560,沈阳城市学院[民办],,财务管理,,,421,157137
1560,沈阳城市学院[民办],,人力资源管理,,,416,160740
1560,沈阳城市学院[民办],,旅游管理,,,414,162144
1560,沈阳城市学院[民办],,酒店管理,,,412,163586
1561,沈阳大学[公办],,电子信息工程,,,544,48201
1561,沈阳大学[公办],,土木工程,,,529,60756
1562,沈阳工程学院[公办],,应用化学,,,524,65102
1562,沈阳工程学院[公办],,能源与动力工程,,,537,53967
1562,沈阳工程学院[公办],,新能源科学与工程,,,533,57317
1562,沈阳工程学院[公办],,电气工程及其自动化,,,552,42004
1562,沈阳工程学院[公办],,电气工程与智能控制,,,547,45772
1562,沈阳工程学院[公办],,自动化,,,541,50682
1562,沈阳工程学院[公办],,核工程与核技术,,,528,61650
1563,沈阳工学院[民办],,金融学,,,414,162144
1563,沈阳工学院[民办],,金融科技,,,414,162144
1563,沈阳工学院[民办],,网络与新媒体,,,422,156398
1563,沈阳工学院[民办],,时尚传播,,,416,160740
1563,沈阳工学院[民办],,机械设计制造及其自动化,,,412,163586
1563,沈阳工学院[民办],,机械电子工程,,,419,158594
1563,沈阳工学院[民办],,工业设计,,,416,160740
1563,沈阳工学院[民办],,车辆工程,,,412,163586
1563,沈阳工学院[民办],,智能制造工程,,,413,162888
1563,沈阳工学院[民办],,电气工程及其自动化,,,412,163586
1563,沈阳工学院[民办],,自动化,,,413,162888
1563,沈阳工学院[民办],,机器人工程,,,425,154215
1563,沈阳工学院[民办],,计算机类,,,417,160051
1563,沈阳工学院[民办],,水利水电工程,,,412,163586
1563,沈阳工学院[民办],,测绘工程,,,412,163586
1563,沈阳工学院[民办],,兵器类,,,417,160051
1563,沈阳工学院[民办],,环境工程,,,417,160051
1563,沈阳工学院[民办],,安全工程,,,413,162888
1563,沈阳工学院[民办],,生物工程,,,418,159311
1563,沈阳工学院[民办],,动物医学,,,437,144729
1563,沈阳工学院[民办],,园林,,,427,152752
1563,沈阳工学院[民办],,大数据管理与应用,,,412,163586
1563,沈阳工学院[民办],,市场营销,,,420,157892
1563,沈阳工学院[民办],,会计学,,,422,156398
1564,沈阳工业大学[公办],,金融工程,,,557,38272
1564,沈阳工业大学[公办],,机械设计制造及其自动化,,,564,32737
1564,沈阳工业大学[公办],,材料成型及控制工程,,,551,42759
1564,沈阳工业大学[公办],,测控技术与仪器,,,559,36873
1564,沈阳工业大学[公办],,能源与动力工程,,,520,68600
1564,沈阳工业大学[公办],,电气工程及其自动化,,,573,27552
1564,沈阳工业大学[公办],,电气工程与智能控制,,,549,44261
1564,沈阳工业大学[公办],,电子信息工程,,,563,34024
1564,沈阳工业大学[公办],,自动化,,,564,32737
1564,沈阳工业大学[公办],,计算机科学与技术,,,569,30021
1564,沈阳工业大学[公办],,电子与计算机工程,,,552,42004
1564,沈阳工业大学[公办],,土木工程,,,557,38272
1564,沈阳工业大学[公办],,建筑电气与智能化,,,519,69481
1564,沈阳工业大学[公办],,化学工程与工艺,,,512,75821
1564,沈阳工业大学[公办],,会计学,,,556,39008
1566,沈阳航空航天大学[公办],,保险学,,,550,43499
1566,沈阳航空航天大学[公办],,机械设计制造及其自动化,,,570,29403
1566,沈阳航空航天大学[公办],,材料成型及控制工程,,,562,34751
1566,沈阳航空航天大学[公办],,机械电子工程,,,571,28818
1566,沈阳航空航天大学[公办],,工业设计,,,571,28818
1566,沈阳航空航天大学[公办],,智能制造工程,,,571,28818
1566,沈阳航空航天大学[公办],,能源与动力工程,,,568,30714
1566,沈阳航空航天大学[公办],,能源与环境系统工程,,,567,31356
1566,沈阳航空航天大学[公办],,新能源科学与工程,,,571,28818
1566,沈阳航空航天大学[公办],,电子信息工程,,,575,26354
1566,沈阳航空航天大学[公办],,通信工程,,,574,26972
1566,沈阳航空航天大学[公办],,人工智能,,,572,28175
1566,沈阳航空航天大学[公办],,自动化,,,571,28818
1566,沈阳航空航天大学[公办],,机器人工程,,,565,32080
1566,沈阳航空航天大学[公办],,计算机科学与技术,,,586,20047
1566,沈阳航空航天大学[公办],,物联网工程,,,574,26972
1566,沈阳航空航天大学[公办],,交通运输,,,562,34751
1566,沈阳航空航天大学[公办],,飞行器设计与工程,,,574,26972
1566,沈阳航空航天大学[公办],,飞行器制造工程,,,571,28818
1566,沈阳航空航天大学[公办],,飞行器动力工程,,,578,24508
1566,沈阳航空航天大学[公办],,飞行器质量与可靠性,,,580,23348
1566,沈阳航空航天大学[公办],,探测制导与控制技术,,,586,20047
1566,沈阳航空航天大学[公办],,消防工程,,,564,32737
1566,沈阳航空航天大学[公办],,大数据管理与应用,,,563,34024
1568,沈阳化工大学[公办],,金融学,,,524,65102
1568,沈阳化工大学[公办],,国际经济与贸易,,,518,70350
1568,沈阳化工大学[公办],,国际经济与贸易(对俄贸易方向),,,519,69481
1568,沈阳化工大学[公办],,社会工作,,,511,76779
1568,沈阳化工大学[公办],,英语,,,527,62507
1568,沈阳化工大学[公办],,应用物理学,,,521,67756
1568,沈阳化工大学[公办],,化学,,,512,75821
1568,沈阳化工大学[公办],,应用化学,,,513,74844
1568,沈阳化工大学[公办],,机械设计制造及其自动化,,,529,60756
1568,沈阳化工大学[公办],,机械电子工程,,,522,66880
1568,沈阳化工大学[公办],,过程装备与控制工程,,,517,71252
1568,沈阳化工大学[公办],,测控技术与仪器,,,527,62507
1568,沈阳化工大学[公办],,材料化学,,,512,75821
1568,沈阳化工大学[公办],,金属材料工程,,,512,75821
1568,沈阳化工大学[公办],,无机非金属材料工程,,,510,77713
1568,沈阳化工大学[公办],,高分子材料与工程,,,513,74844
1568,沈阳化工大学[公办],,复合材料与工程,,,505,82447
1568,沈阳化工大学[公办],,能源与动力工程,,,525,64228
1568,沈阳化工大学[公办],,电气工程及其自动化,,,531,58995
1568,沈阳化工大学[公办],,电子信息工程,,,533,57317
1568,沈阳化工大学[公办],,电子科学与技术,,,540,51523
1568,沈阳化工大学[公办],,人工智能,,,524,65102
1568,沈阳化工大学[公办],,自动化,,,527,62507
1568,沈阳化工大学[公办],,计算机科学与技术,,,543,49037
1568,沈阳化工大学[公办],,软件工程,,,541,50682
1568,沈阳化工大学[公办],,网络工程,,,533,57317
1568,沈阳化工大学[公办],,物联网工程,,,532,58171
1568,沈阳化工大学[公办],,数据科学与大数据技术,,,536,54791
1568,沈阳化工大学[公办],,化学工程与工艺,,,516,72111
1568,沈阳化工大学[公办],,制药工程,,,515,73018
1568,沈阳化工大学[公办],,资源循环科学与工程,,,511,76779
1568,沈阳化工大学[公办],,能源化学工程,,,511,76779
1568,沈阳化工大学[公办],,油气储运工程,,,508,79620
1568,沈阳化工大学[公办],,包装工程,,,506,81500
1568,沈阳化工大学[公办],,林产化工,,,504,83397
1568,沈阳化工大学[公办],,环境工程,,,508,79620
1568,沈阳化工大学[公办],,水质科学与技术,,,514,73932
1568,沈阳化工大学[公办],,安全工程,,,514,73932
1568,沈阳化工大学[公办],,生物工程,,,513,74844
1568,沈阳化工大学[公办],,大数据管理与应用,,,540,51523
1568,沈阳化工大学[公办],,应急管理,,,513,74844
1568,沈阳化工大学[公办],,工商管理,,,533,57317
1568,沈阳化工大学[公办],,会计学,,,530,59831
1568,沈阳化工大学[公办],,能源与动力工程(中外合作办学),,,493,93969
1569,沈阳建筑大学[公办],,信息与计算科学,,,566,31393
1569,沈阳建筑大学[公办],,机械工程,,,559,36873
1569,沈阳建筑大学[公办],,机械设计制造及其自动化,,,551,42759
1569,沈阳建筑大学[公办],,机械电子工程,,,551,42759
1569,沈阳建筑大学[公办],,智能制造工程,,,552,42004
1569,沈阳建筑大学[公办],,材料化学,,,539,52338
1569,沈阳建筑大学[公办],,无机非金属材料工程,,,546,45883
1569,沈阳建筑大学[公办],,高分子材料与工程,,,541,50682
1569,沈阳建筑大学[公办],,功能材料,,,,
1569,沈阳建筑大学[公办],,电气工程及其自动化,,,556,39008
1569,沈阳建筑大学[公办],,通信工程,,,560,36168
1569,沈阳建筑大学[公办],,人工智能,,,558,37566
1569,沈阳建筑大学[公办],,自动化,,,553,41254
1569,沈阳建筑大学[公办],,计算机科学与技术,,,563,34024
1569,沈阳建筑大学[公办],,数据科学与大数据技术,,,557,38272
1569,沈阳建筑大学[公办],,土木工程,,,555,39718
1569,沈阳建筑大学[公办],,建筑环境与能源应用工程,,,543,49037
1569,沈阳建筑大学[公办],,给排水科学与工程,,,546,45883
1569,沈阳建筑大学[公办],,建筑电气与智能化,,,549,44261
1569,沈阳建筑大学[公办],,道路桥梁与渡河工程,,,541,50682
1569,沈阳建筑大学[公办],,智能建造,,,547,45772
1569,沈阳建筑大学[公办],,测绘工程,,,542,49854
1569,沈阳建筑大学[公办],,交通工程,,,551,42759
1569,沈阳建筑大学[公办],,家具设计与工程,,,543,49037
1569,沈阳建筑大学[公办],,环境工程,,,548,44990
1569,沈阳建筑大学[公办],,建筑学,,,577,25118
1569,沈阳建筑大学[公办],,城乡规划,,,569,30021
1569,沈阳建筑大学[公办],,风景园林,,,566,31393
1569,沈阳建筑大学[公办],,安全工程,,,546,45883
1569,沈阳建筑大学[公办],,工程管理,,,548,44990
1569,沈阳建筑大学[公办],,工程造价,,,552,42004
1569,沈阳建筑大学[公办],,应急管理,,,474,112067
1569,沈阳建筑大学[公办],,会计学,,,556,39008
1569,沈阳建筑大学[公办],,土地资源管理,,,540,51523
1569,沈阳建筑大学[公办],,城市管理,,,541,50682
1569,沈阳建筑大学[公办],,物流工程,,,545,47376
1571,沈阳科技学院[民办],,金融学,,,415,161451
1571,沈阳科技学院[民办],,应用化学,,,414,162144
1571,沈阳科技学院[民办],,机械类,,,417,160051
1571,沈阳科技学院[民办],,智能制造工程,,,415,161451
1571,沈阳科技学院[民办],,电气工程及其自动化,,,414,162144
1571,沈阳科技学院[民办],,机器人工程,,,416,160740
1571,沈阳科技学院[民办],,计算机科学与技术,,,417,160051
1571,沈阳科技学院[民办],,物联网工程,,,417,160051
1571,沈阳科技学院[民办],,智能科学与技术,,,428,152021
1571,沈阳科技学院[民办],,化学工程与工艺,,,412,163586
1571,沈阳科技学院[民办],,制药工程,,,414,162144
1571,沈阳科技学院[民办],,生物工程,,,417,160051
1571,沈阳科技学院[民办],,工商管理,,,421,157137
1571,沈阳科技学院[民办],,会计学,,,417,160051
1572,沈阳理工大学[公办],,国际经济与贸易,,,548,44990
1572,沈阳理工大学[公办],,英语,,,557,38272
1572,沈阳理工大学[公办],,信息与计算科学,,,550,43499
1572,沈阳理工大学[公办],,应用化学,,,547,45772
1572,沈阳理工大学[公办],,机械设计制造及其自动化,,,554,40472
1572,沈阳理工大学[公办],,材料成型及控制工程,,,537,53967
1572,沈阳理工大学[公办],,机械电子工程,,,549,44261
1572,沈阳理工大学[公办],,工业设计,,,546,45883
1572,沈阳理工大学[公办],,车辆工程,,,548,44990
1572,沈阳理工大学[公办],,测控技术与仪器,,,543,49037
1572,沈阳理工大学[公办],,金属材料工程,,,543,49037
1572,沈阳理工大学[公办],,无机非金属材料工程,,,529,60756
1572,沈阳理工大学[公办],,高分子材料与工程,,,538,53169
1572,沈阳理工大学[公办],,粉体材料科学与工程,,,535,55619
1572,沈阳理工大学[公办],,电气工程及其自动化,,,562,34751
1572,沈阳理工大学[公办],,电子信息工程,,,560,36168
1572,沈阳理工大学[公办],,通信工程,,,558,37566
1572,沈阳理工大学[公办],,光电信息科学与工程,,,542,49854
1572,沈阳理工大学[公办],,电子信息科学与技术,,,558,37566
1572,沈阳理工大学[公办],,自动化,,,548,44990
1572,沈阳理工大学[公办],,机器人工程,,,559,36873
1572,沈阳理工大学[公办],,计算机科学与技术,,,563,34024
1572,沈阳理工大学[公办],,网络工程,,,554,40472
1572,沈阳理工大学[公办],,物联网工程,,,561,35449
1572,沈阳理工大学[公办],,智能科学与技术,,,564,32737
1572,沈阳理工大学[公办],,化学工程与工艺,,,546,45883
1572,沈阳理工大学[公办],,武器发射工程,,,559,36873
1572,沈阳理工大学[公办],,探测制导与控制技术,,,551,42759
1572,沈阳理工大学[公办],,弹药工程与爆炸技术,,,545,47376
1572,沈阳理工大学[公办],,特种能源技术与工程,,,542,49854
1572,沈阳理工大学[公办],,装甲车辆工程,,,548,44990
1572,沈阳理工大学[公办],,信息对抗技术,,,559,36873
1572,沈阳理工大学[公办],,环境工程,,,548,44990
1572,沈阳理工大学[公办],,安全工程,,,541,50682
1572,沈阳理工大学[公办],,信息管理与信息系统,,,548,44990
1572,沈阳理工大学[公办],,化学工程与工艺(中外合作办学),,,473,113007
1574,沈阳农业大学[公办],,大气科学,,,541,50682
1574,沈阳农业大学[公办],,生物科学类,,,525,64228
1574,沈阳农业大学[公办],,生态学,,,528,61650
1574,沈阳农业大学[公办],,机械设计制造及其自动化,,,536,54791
1574,沈阳农业大学[公办],,电气工程及其自动化,,,545,47376
1574,沈阳农业大学[公办],,电子信息工程,,,536,54791
1574,沈阳农业大学[公办],,计算机科学与技术,,,545,47376
1574,沈阳农业大学[公办],,水利水电工程,,,534,56478
1574,沈阳农业大学[公办],,测绘工程,,,528,61650
1574,沈阳农业大学[公办],,包装工程,,,512,75821
1574,沈阳农业大学[公办],,农业工程类,,,516,72111
1574,沈阳农业大学[公办],,食品科学与工程,,,534,56478
1574,沈阳农业大学[公办],,食品质量与安全,,,529,60756
1574,沈阳农业大学[公办],,风景园林,,,534,56478
1574,沈阳农业大学[公办],,植物生产类,,,524,65102
1574,沈阳农业大学[公办],,农学(卓越计划实验班),,,529,60756
1574,沈阳农业大学[公办],,园艺(卓越计划实验班),,,532,58171
1574,沈阳农业大学[公办],,农业资源与环境,,,519,69481
1574,沈阳农业大学[公办],,动物科学,,,520,68600
1574,沈阳农业大学[公办],,动物医学类,,,529,60756
1574,沈阳农业大学[公办],,林学,,,534,56478
1574,沈阳农业大学[公办],,园林,,,524,65102
1574,沈阳农业大学[公办],,工商管理类,,,538,53169
1574,沈阳农业大学[公办],,农林经济管理,,,533,57317
1574,沈阳农业大学[公办],,土地资源管理,,,522,66880
1574,沈阳农业大学[公办],,旅游管理,,,521,67756
1576,沈阳师范大学[公办],,生物科学(师范),,,535,55619
1576,沈阳师范大学[公办],,软件工程,,,523,65971
1576,沈阳师范大学[公办],,网络工程,,,522,66880
1576,沈阳师范大学[公办],,环境生态工程,,,514,73932
1577,沈阳体育学院[公办],,运动人体科学,,,477,109131
1577,沈阳体育学院[公办],,运动康复,,,487,99599
1577,沈阳体育学院[公办],,网络与新媒体,,,480,106344
1577,沈阳体育学院[公办],,体育经济与管理,,,471,114847
1578,沈阳药科大学[公办],,应用化学,,,562,34751
1578,沈阳药科大学[公办],,制药工程,,,578,24508
1578,沈阳药科大学[公办],,环境科学,,,520,68600
1578,沈阳药科大学[公办],,食品科学与工程类,,,561,35449
1578,沈阳药科大学[公办],,生物工程类,,,568,30714
1578,沈阳药科大学[公办],,生物制药(生命基地班),,,581,22793
1578,沈阳药科大学[公办],,药学类,,,573,27552
1578,沈阳药科大学[公办],,药学(理科基地班),,,580,23348
1578,沈阳药科大学[公办],,药学(日语强化班),,,577,25118
1578,沈阳药科大学[公办],,药学(英语强化班),,,583,21718
1578,沈阳药科大学[公办],,临床药学,,,579,23927
1578,沈阳药科大学[公办],,药事管理,,,555,39718
1578,沈阳药科大学[公办],,药物化学,,,570,29403
1578,沈阳药科大学[公办],,中药学类,,,557,38272
1578,沈阳药科大学[公办],,中药学(日语强化班),,,546,45883
1578,沈阳药科大学[公办],,工商管理类,,,556,39008
1578,沈阳药科大学[公办],,医疗产品管理,,,548,44990
1578,沈阳药科大学[公办],,生物医学工程(中外合作办学),,,456,128454
1580,沈阳医学院[公办],,医学信息工程,,,521,67756
1580,沈阳医学院[公办],,临床医学,,,540,51523
1580,沈阳医学院[公办],,麻醉学,,,545,47376
1580,沈阳医学院[公办],,医学影像学,,,528,61650
1580,沈阳医学院[公办],,精神医学,,,522,66880
1580,沈阳医学院[公办],,口腔医学,,,546,45883
1580,沈阳医学院[公办],,预防医学,,,527,62507
1580,沈阳医学院[公办],,药学,,,532,58171
1580,沈阳医学院[公办],,中药学,,,520,68600
1580,沈阳医学院[公办],,康复治疗学,,,528,61650
1580,沈阳医学院[公办],,护理学,,,520,68600
1583,石河子大学[公办],,经济学类,,,554,40472
1583,石河子大学[公办],,教育技术学,,,547,45772
1583,石河子大学[公办],,英语,,,559,36873
1583,石河子大学[公办],,数学与应用数学,,,559,36873
1583,石河子大学[公办],,信息与计算科学,,,554,40472
1583,石河子大学[公办],,物理学,,,553,41254
1583,石河子大学[公办],,应用物理学,,,546,45883
1583,石河子大学[公办],,化学,,,553,41254
1583,石河子大学[公办],,应用化学,,,553,41254
1583,石河子大学[公办],,人文地理与城乡规划,,,546,45883
1583,石河子大学[公办],,生物科学类,,,547,45772
1583,石河子大学[公办],,应用心理学,,,552,42004
1583,石河子大学[公办],,机械类,,,555,39718
1583,石河子大学[公办],,材料科学与工程,,,553,41254
1583,石河子大学[公办],,电气工程及其自动化,,,566,31393
1583,石河子大学[公办],,电子信息工程,,,560,36168
1583,石河子大学[公办],,计算机类,,,561,35449
1583,石河子大学[公办],,土木类,,,550,43499
1583,石河子大学[公办],,化工与制药类,,,547,45772
1583,石河子大学[公办],,环境工程,,,550,43499
1583,石河子大学[公办],,食品科学与工程类,,,545,47376
1583,石河子大学[公办],,葡萄与葡萄酒工程,,,543,49037
1583,石河子大学[公办],,建筑学,,,551,42759
1583,石河子大学[公办],,植物生产类,,,542,49854
1583,石河子大学[公办],,农业资源与环境,,,542,49854
1583,石河子大学[公办],,动物科学,,,537,53967
1583,石河子大学[公办],,动物医学,,,542,49854
1583,石河子大学[公办],,林学,,,541,50682
1583,石河子大学[公办],,临床医学,,,571,28818
1583,石河子大学[公办],,口腔医学,,,577,25118
1583,石河子大学[公办],,预防医学,,,549,44261
1583,石河子大学[公办],,药学,,,553,41254
1583,石河子大学[公办],,临床药学,,,548,44990
1583,石河子大学[公办],,中药学,,,547,45772
1583,石河子大学[公办],,医学检验技术,,,552,42004
1583,石河子大学[公办],,应急管理,,,543,49037
1583,石河子大学[公办],,工商管理类,,,553,41254
1583,石河子大学[公办],,农林经济管理,,,544,48201
1583,石河子大学[公办],,土地资源管理,,,545,47376
1595,石家庄铁道大学[公办],,经济与贸易类,,,546,45883
1595,石家庄铁道大学[公办],,数学与应用数学,,,547,45772
1595,石家庄铁道大学[公办],,应用物理学,,,541,50682
1595,石家庄铁道大学[公办],,工程力学,,,537,53967
1595,石家庄铁道大学[公办],,机械类,,,546,45883
1595,石家庄铁道大学[公办],,机械设计制造及其自动化,,,571,28818
1595,石家庄铁道大学[公办],,工业设计,,,544,48201
1595,石家庄铁道大学[公办],,材料类,,,529,60756
1595,石家庄铁道大学[公办],,电气类,,,559,36873
1595,石家庄铁道大学[公办],,电气工程及其自动化,,,571,28818
1595,石家庄铁道大学[公办],,电子信息类,,,557,38272
1595,石家庄铁道大学[公办],,计算机类,,,554,40472
1595,石家庄铁道大学[公办],,土木类,,,539,52338
1595,石家庄铁道大学[公办],,土木工程,,,571,28818
1595,石家庄铁道大学[公办],,建筑环境与能源应用工程,,,536,54791
1595,石家庄铁道大学[公办],,交通运输类,,,548,44990
1595,石家庄铁道大学[公办],,交通运输,,,570,29403
1595,石家庄铁道大学[公办],,建筑学,,,546,45883
1595,石家庄铁道大学[公办],,安全科学与工程类,,,534,56478
1595,石家庄铁道大学[公办],,管理科学与工程类,,,539,52338
1595,石家庄铁道大学[公办],,工商管理类,,,543,49037
1595,石家庄铁道大学[公办],,机械设计制造及其自动化(中外合作办学),,,527,62507
1596,石家庄铁道大学(地方专项计划)[公办],,机械类,,,549,44261
1596,石家庄铁道大学(地方专项计划)[公办],,材料类,,,530,59831
1596,石家庄铁道大学(地方专项计划)[公办],,电气类,,,552,42004
1596,石家庄铁道大学(地方专项计划)[公办],,土木类,,,546,45883
1596,石家庄铁道大学(地方专项计划)[公办],,交通运输类,,,544,48201
1597,石家庄铁道大学(工程教育实验班)[公办],,电气工程及其自动化,,,520,68600
1597,石家庄铁道大学(工程教育实验班)[公办],,土木工程,,,510,77713
1597,石家庄铁道大学(工程教育实验班)[公办],,建筑环境与能源应用工程,,,501,88132
1597,石家庄铁道大学(工程教育实验班)[公办],,测绘工程,,,500,88132
1599,石家庄铁道大学(少数民族预科班)[公办],,预科班,,,509,78673
1600,石家庄铁道大学四方学院[独立学院],,金融学,,,453,131095
1600,石家庄铁道大学四方学院[独立学院],,机械设计制造及其自动化,,,454,130189
1600,石家庄铁道大学四方学院[独立学院],,无机非金属材料工程,,,446,137128
1600,石家庄铁道大学四方学院[独立学院],,电气工程及其自动化,,,464,121286
1600,石家庄铁道大学四方学院[独立学院],,电子信息工程,,,455,129310
1600,石家庄铁道大学四方学院[独立学院],,自动化,,,457,127518
1600,石家庄铁道大学四方学院[独立学院],,轨道交通信号与控制,,,455,129310
1600,石家庄铁道大学四方学院[独立学院],,计算机科学与技术,,,461,124059
1600,石家庄铁道大学四方学院[独立学院],,土木工程,,,451,132831
1600,石家庄铁道大学四方学院[独立学院],,建筑环境与能源应用工程,,,450,133684
1600,石家庄铁道大学四方学院[独立学院],,测绘工程,,,447,136314
1600,石家庄铁道大学四方学院[独立学院],,交通工程,,,447,136314
1600,石家庄铁道大学四方学院[独立学院],,信息管理与信息系统,,,452,131939
1600,石家庄铁道大学四方学院[独立学院],,工程管理,,,449,134515
1600,石家庄铁道大学四方学院[独立学院],,工程造价,,,453,131095
1600,石家庄铁道大学四方学院[独立学院],,市场营销,,,452,131939
1600,石家庄铁道大学四方学院[独立学院],,会计学,,,458,126654
1600,石家庄铁道大学四方学院[独立学院],,财务管理,,,456,128454
1603,石家庄学院[公办],,金融工程,,,501,88132
1603,石家庄学院[公办],,法学,,,505,82447
1603,石家庄学院[公办],,学前教育,,,494,92936
1603,石家庄学院[公办],,小学教育,,,509,78673
1603,石家庄学院[公办],,特殊教育,,,488,98638
1603,石家庄学院[公办],,英语,,,516,72111
1603,石家庄学院[公办],,俄语,,,489,97728
1603,石家庄学院[公办],,日语,,,494,92936
1603,石家庄学院[公办],,商务英语,,,505,82447
1603,石家庄学院[公办],,数学与应用数学,,,503,84351
1603,石家庄学院[公办],,信息与计算科学,,,496,90982
1603,石家庄学院[公办],,物理学,,,499,88132
1603,石家庄学院[公办],,化学,,,502,85294
1603,石家庄学院[公办],,地理科学,,,502,85294
1603,石家庄学院[公办],,人文地理与城乡规划,,,490,96770
1603,石家庄学院[公办],,地理信息科学,,,495,91989
1603,石家庄学院[公办],,应用心理学,,,496,90982
1603,石家庄学院[公办],,机械设计制造及其自动化,,,494,92936
1603,石家庄学院[公办],,工业设计,,,490,96770
1603,石家庄学院[公办],,材料科学与工程,,,482,104483
1603,石家庄学院[公办],,电气工程及其自动化,,,498,89072
1603,石家庄学院[公办],,电子信息工程,,,496,90982
1603,石家庄学院[公办],,通信工程,,,496,90982
1603,石家庄学院[公办],,机器人工程,,,489,97728
1603,石家庄学院[公办],,计算机科学与技术,,,505,82447
1603,石家庄学院[公办],,软件工程,,,500,88132
1603,石家庄学院[公办],,信息安全,,,494,92936
1603,石家庄学院[公办],,物联网工程,,,497,90044
1603,石家庄学院[公办],,数字媒体技术,,,497,90044
1603,石家庄学院[公办],,数据科学与大数据技术,,,499,88132
1603,石家庄学院[公办],,化学工程与工艺,,,481,105433
1603,石家庄学院[公办],,制药工程,,,487,99599
1603,石家庄学院[公办],,环境生态工程,,,485,101531
1603,石家庄学院[公办],,食品科学与工程,,,484,102507
1603,石家庄学院[公办],,生物工程,,,476,110122
1603,石家庄学院[公办],,药物制剂,,,484,102507
1603,石家庄学院[公办],,工程造价,,,494,92936
1603,石家庄学院[公办],,市场营销,,,490,96770
1603,石家庄学院[公办],,会计学,,,505,82447
1603,石家庄学院[公办],,物业管理,,,490,96770
1603,石家庄学院[公办],,文化产业管理,,,494,92936
1603,石家庄学院[公办],,旅游管理,,,489,97728
1603,石家庄学院[公办],,制药工程(中外合作办学),,,428,152021
1610,首都经济贸易大学[公办],,法学,,,602,12631
1610,首都经济贸易大学[公办],,新闻传播学类,,,606,11130
1610,首都经济贸易大学[公办],,数据科学与大数据技术(信息技术),,,603,12248
1610,首都经济贸易大学[公办],,安全工程(注安师),,,589,18507
1610,首都经济贸易大学[公办],,工商管理(国际会计),,,608,10398
1610,首都经济贸易大学[公办],,会计学(注册会计师专门化),,,616,7907
1610,首都经济贸易大学[公办],,资产评估(评估师),,,603,12248
1610,首都经济贸易大学[公办],,公共管理类,,,599,13858
1610,首都经济贸易大学[公办],,统计学(中外合作办学)(商业大数据方向),,,559,36873
1611,首都师范大学[公办],,教育技术学,,,601,13049
1611,首都师范大学[公办],,数学类,,,608,10398
1611,首都师范大学[公办],,数学类(数理实验班),,,612,9070
1611,首都师范大学[公办],,地理信息科学,,,602,12631
1611,首都师范大学[公办],,生物科学类,,,605,11477
1611,首都师范大学[公办],,生物科学类(实验班),,,603,12248
1611,首都师范大学[公办],,人工智能,,,605,11477
1611,首都师范大学[公办],,计算机科学与技术,,,609,10048
1611,首都师范大学[公办],,计算机科学与技术,,,614,8462
1611,首都师范大学[公办],,信息管理与信息系统,,,601,13049
1612,首都师范大学科德学院[独立学院],,学前教育,,,435,146339
1612,首都师范大学科德学院[独立学院],,汉语言文学,,,434,147162
1612,首都师范大学科德学院[独立学院],,会展经济与管理(策划与经营),,,427,152752
1613,首都体育学院[公办],,运动人体科学,,,509,78673
1613,首都体育学院[公办],,运动康复(奥林匹克冰雪),,,511,76779
1613,首都体育学院[公办],,体育经济与管理(奥林匹克冰雪),,,510,77713
1614,首都医科大学[公办],,生物医学工程,,,621,6561
1614,首都医科大学[公办],,基础医学,,,635,3527
1614,首都医科大学[公办],,临床医学(5+3一体化),,,655,1114
1614,首都医科大学[公办],,临床医学,,,646,1952
1614,首都医科大学[公办],,临床医学(阶平班),,,659,848
1614,首都医科大学[公办],,眼视光医学,,,637,3196
1614,首都医科大学[公办],,精神医学,,,627,5092
1614,首都医科大学[公办],,儿科学(5+3一体化),,,637,3196
1614,首都医科大学[公办],,儿科学,,,637,3196
1614,首都医科大学[公办],,口腔医学(5+3一体化),,,655,1114
1614,首都医科大学[公办],,口腔医学(阶平班),,,655,1114
1614,首都医科大学[公办],,预防医学,,,629,4660
1614,首都医科大学[公办],,药学,,,623,6003
1614,首都医科大学[公办],,中药学,,,633,3898
1614,首都医科大学[公办],,医学检验技术,,,604,11858
1614,首都医科大学[公办],,医学影像技术,,,603,12248
1614,首都医科大学[公办],,卫生检验与检疫,,,604,11858
1614,首都医科大学[公办],,公共事业管理(卫生管理),,,615,8162
1621,四川大学(成都市)[公办],,工科试验班(绿色化工与生物医药),,,626,5302
1621,四川大学(成都市)[公办],,工科试验班(食品与发酵),,,624,5761
1621,四川大学(成都市)[公办],,哲学,,,632,4082
1621,四川大学(成都市)[公办],,经济学类,,,634,3706
1621,四川大学(成都市)[公办],,金融学类,,,634,3706
1621,四川大学(成都市)[公办],,法学,,,633,3898
1621,四川大学(成都市)[公办],,国际政治,,,626,5302
1621,四川大学(成都市)[公办],,英语,,,632,4082
1621,四川大学(成都市)[公办],,新闻传播学类,,,632,4082
1621,四川大学(成都市)[公办],,数学类,,,637,3196
1621,四川大学(成都市)[公办],,数学与应用数学(数学经济学双学士学位),,,637,3196
1621,四川大学(成都市)[公办],,物理学类,,,632,4082
1621,四川大学(成都市)[公办],,化学类,,,627,5092
1621,四川大学(成都市)[公办],,生物科学类,,,627,5092
1621,四川大学(成都市)[公办],,材料类,,,627,5092
1621,四川大学(成都市)[公办],,高分子材料与工程,,,627,5092
1621,四川大学(成都市)[公办],,电气类,,,632,4082
1621,四川大学(成都市)[公办],,电子信息类,,,634,3706
1621,四川大学(成都市)[公办],,微电子科学与工程,,,634,3706
1621,四川大学(成都市)[公办],,医学信息工程,,,630,4465
1621,四川大学(成都市)[公办],,网络空间安全,,,638,3025
1621,四川大学(成都市)[公办],,土木工程,,,629,4660
1621,四川大学(成都市)[公办],,航空航天类,,,630,4465
1621,四川大学(成都市)[公办],,核工程与核技术,,,631,4285
1621,四川大学(成都市)[公办],,环境工程,,,624,5761
1621,四川大学(成都市)[公办],,生物医学工程,,,625,5524
1621,四川大学(成都市)[公办],,建筑学,,,631,4285
1621,四川大学(成都市)[公办],,基础医学,,,628,4860
1621,四川大学(成都市)[公办],,临床医学(五年),,,653,1257
1621,四川大学(成都市)[公办],,临床医学(八年),,,662,662
1621,四川大学(成都市)[公办],,口腔医学(五年),,,660,781
1621,四川大学(成都市)[公办],,口腔医学(八年),,,668,399
1621,四川大学(成都市)[公办],,预防医学,,,624,5761
1621,四川大学(成都市)[公办],,食品卫生与营养学,,,622,6287
1621,四川大学(成都市)[公办],,药学,,,625,5524
1621,四川大学(成都市)[公办],,临床药学,,,625,5524
1621,四川大学(成都市)[公办],,法医学(法医学与法学双学士学位),,,627,5092
1621,四川大学(成都市)[公办],,法医学,,,622,6287
1621,四川大学(成都市)[公办],,医学技术类,,,623,6003
1621,四川大学(成都市)[公办],,口腔医学技术(口腔数字化技术双学士学位),,,627,5092
1621,四川大学(成都市)[公办],,卫生检验与检疫,,,623,6003
1621,四川大学(成都市)[公办],,管理科学与工程类,,,631,4285
1621,四川大学(成都市)[公办],,工商管理类,,,633,3898
1621,四川大学(成都市)[公办],,会计学(ACCA),,,637,3196
1621,四川大学(成都市)[公办],,公共管理类,,,626,5302
1621,四川大学(成都市)[公办],,信息资源管理,,,627,5092
1623,四川大学锦江学院[独立学院],,经济学,,,464,121286
1623,四川大学锦江学院[独立学院],,经济与金融,,,467,118588
1623,四川大学锦江学院[独立学院],,汉语言文学,,,468,117642
1623,四川大学锦江学院[独立学院],,英语,,,469,116739
1623,四川大学锦江学院[独立学院],,机器人工程,,,452,131939
1623,四川大学锦江学院[独立学院],,计算机科学与技术,,,473,113007
1623,四川大学锦江学院[独立学院],,智能科学与技术,,,461,124059
1623,四川大学锦江学院[独立学院],,数据科学与大数据技术,,,460,124911
1623,四川大学锦江学院[独立学院],,工程造价,,,454,130189
1623,四川大学锦江学院[独立学院],,会计学,,,471,114847
1627,四川工业科技学院(德阳市)[民办],,机械类,,,442,140581
1627,四川工业科技学院(德阳市)[民办],,电子信息类,,,450,133684
1633,四川美术学院(重庆市)[公办],,艺术教育,,,538,53169
1633,四川美术学院(重庆市)[公办],,工业设计,,,557,38272
1633,四川美术学院(重庆市)[公办],,建筑学,,,548,44990
1634,四川农业大学[公办],,经济学(中外高水平大学学生交流计划),,,550,43499
1634,四川农业大学[公办],,金融学,,,585,20594
1634,四川农业大学[公办],,国际经济与贸易,,,581,22793
1634,四川农业大学[公办],,社会工作,,,567,31356
1634,四川农业大学[公办],,英语,,,580,23348
1634,四川农业大学[公办],,广告学,,,575,26354
1634,四川农业大学[公办],,生物科学,,,574,26972
1634,四川农业大学[公办],,生物技术(中外高水平大学学生交流计划),,,525,64228
1634,四川农业大学[公办],,能源与动力工程,,,575,26354
1634,四川农业大学[公办],,电子科学与技术,,,580,23348
1634,四川农业大学[公办],,物联网工程,,,582,22261
1634,四川农业大学[公办],,道路桥梁与渡河工程,,,573,27552
1634,四川农业大学[公办],,农业机械化及其自动化,,,573,27552
1634,四川农业大学[公办],,农业水利工程,,,569,30021
1634,四川农业大学[公办],,环境工程,,,574,26972
1634,四川农业大学[公办],,环境生态工程,,,574,26972
1634,四川农业大学[公办],,食品科学与工程(中外高水平大学学生交流计划),,,506,81500
1634,四川农业大学[公办],,食品质量与安全,,,573,27552
1634,四川农业大学[公办],,建筑学,,,575,26354
1634,四川农业大学[公办],,风景园林,,,580,23348
1634,四川农业大学[公办],,农学,,,573,27552
1634,四川农业大学[公办],,植物保护,,,574,26972
1634,四川农业大学[公办],,农业资源与环境,,,573,27552
1634,四川农业大学[公办],,动物科学,,,575,26354
1634,四川农业大学[公办],,林学,,,573,27552
1634,四川农业大学[公办],,工程造价,,,575,26354
1634,四川农业大学[公办],,工商管理(中外高水平大学学生交流计划),,,516,72111
1634,四川农业大学[公办],,财务管理,,,584,21139
1634,四川农业大学[公办],,人力资源管理,,,576,25729
1634,四川农业大学[公办],,资产评估,,,576,25729
1634,四川农业大学[公办],,电子商务,,,576,25729
1636,四川轻化工大学(自贡市)[公办],,法学,,,525,64228
1636,四川轻化工大学(自贡市)[公办],,英语,,,522,66880
1636,四川轻化工大学(自贡市)[公办],,数学与应用数学,,,521,67756
1636,四川轻化工大学(自贡市)[公办],,信息与计算科学,,,519,69481
1636,四川轻化工大学(自贡市)[公办],,应用化学,,,508,79620
1636,四川轻化工大学(自贡市)[公办],,机械设计制造及其自动化,,,520,68600
1636,四川轻化工大学(自贡市)[公办],,通信工程,,,527,62507
1636,四川轻化工大学(自贡市)[公办],,自动化,,,525,64228
1636,四川轻化工大学(自贡市)[公办],,土木工程,,,510,77713
1636,四川轻化工大学(自贡市)[公办],,制药工程,,,518,70350
1636,四川轻化工大学(自贡市)[公办],,食品科学与工程,,,518,70350
1636,四川轻化工大学(自贡市)[公办],,工商管理,,,519,69481
1636,四川轻化工大学(自贡市)[公办],,行政管理,,,514,73932
1637,四川师范大学(成都市)[公办],,经济学,,,567,31356
1637,四川师范大学(成都市)[公办],,金融工程,,,566,31393
1637,四川师范大学(成都市)[公办],,金融数学,,,563,34024
1637,四川师范大学(成都市)[公办],,法学,,,570,29403
1637,四川师范大学(成都市)[公办],,教育学,,,564,32737
1637,四川师范大学(成都市)[公办],,科学教育,,,555,39718
1637,四川师范大学(成都市)[公办],,教育技术学,,,561,35449
1637,四川师范大学(成都市)[公办],,学前教育,,,566,31393
1637,四川师范大学(成都市)[公办],,小学教育,,,563,34024
1637,四川师范大学(成都市)[公办],,特殊教育,,,561,35449
1637,四川师范大学(成都市)[公办],,英语,,,575,26354
1637,四川师范大学(成都市)[公办],,俄语,,,559,36873
1637,四川师范大学(成都市)[公办],,法语,,,565,32080
1637,四川师范大学(成都市)[公办],,广播电视学,,,560,36168
1637,四川师范大学(成都市)[公办],,网络与新媒体,,,562,34751
1637,四川师范大学(成都市)[公办],,数学类,,,568,30714
1637,四川师范大学(成都市)[公办],,物理学,,,566,31393
1637,四川师范大学(成都市)[公办],,化学,,,562,34751
1637,四川师范大学(成都市)[公办],,地理科学类,,,560,36168
1637,四川师范大学(成都市)[公办],,地理信息科学,,,560,36168
1637,四川师范大学(成都市)[公办],,生物科学类,,,562,34751
1637,四川师范大学(成都市)[公办],,心理学,,,574,26972
1637,四川师范大学(成都市)[公办],,统计学,,,563,34024
1637,四川师范大学(成都市)[公办],,电气工程及其自动化,,,561,35449
1637,四川师范大学(成都市)[公办],,电子信息类,,,562,34751
1637,四川师范大学(成都市)[公办],,计算机类,,,566,31393
1637,四川师范大学(成都市)[公办],,环境工程,,,557,38272
1637,四川师范大学(成都市)[公办],,食品质量与安全,,,558,37566
1637,四川师范大学(成都市)[公办],,安全工程,,,557,38272
1637,四川师范大学(成都市)[公办],,工程造价,,,561,35449
1637,四川师范大学(成都市)[公办],,大数据管理与应用,,,562,34751
1637,四川师范大学(成都市)[公办],,工商管理,,,565,32080
1637,四川师范大学(成都市)[公办],,市场营销,,,557,38272
1637,四川师范大学(成都市)[公办],,会计学,,,571,28818
1637,四川师范大学(成都市)[公办],,财务管理,,,567,31356
1637,四川师范大学(成都市)[公办],,审计学,,,577,25118
1637,四川师范大学(成都市)[公办],,公共事业管理,,,559,36873
1637,四川师范大学(成都市)[公办],,旅游管理,,,557,38272
1639,四川外国语大学成都学院[独立学院],,国际经济与贸易,,,468,117642
1639,四川外国语大学成都学院[独立学院],,学前教育,,,461,124059
1639,四川外国语大学成都学院[独立学院],,汉语言文学,,,480,106344
1639,四川外国语大学成都学院[独立学院],,汉语国际教育,,,487,99599
1639,四川外国语大学成都学院[独立学院],,英语,,,491,95797
1639,四川外国语大学成都学院[独立学院],,俄语,,,479,107280
1639,四川外国语大学成都学院[独立学院],,德语,,,454,130189
1639,四川外国语大学成都学院[独立学院],,法语,,,477,109131
1639,四川外国语大学成都学院[独立学院],,西班牙语,,,472,113947
1639,四川外国语大学成都学院[独立学院],,日语,,,491,95797
1639,四川外国语大学成都学院[独立学院],,朝鲜语,,,412,163586
1639,四川外国语大学成都学院[独立学院],,葡萄牙语,,,478,108213
1639,四川外国语大学成都学院[独立学院],,意大利语,,,466,119485
1639,四川外国语大学成都学院[独立学院],,翻译,,,474,112067
1639,四川外国语大学成都学院[独立学院],,商务英语,,,470,115794
1639,四川外国语大学成都学院[独立学院],,新闻学,,,482,104483
1639,四川外国语大学成都学院[独立学院],,财务管理,,,464,121286
1639,四川外国语大学成都学院[独立学院],,国际商务,,,466,119485
1639,四川外国语大学成都学院[独立学院],,电子商务,,,466,119485
1639,四川外国语大学成都学院[独立学院],,会展经济与管理,,,457,127518
1640,四川外国语大学(重庆市)[公办],,金融科技,,,559,36873
1640,四川外国语大学(重庆市)[公办],,国际经济与贸易,,,571,28818
1640,四川外国语大学(重庆市)[公办],,政治学类,,,561,35449
1640,四川外国语大学(重庆市)[公办],,学前教育,,,561,35449
1640,四川外国语大学(重庆市)[公办],,中国语言文学类,,,573,27552
1640,四川外国语大学(重庆市)[公办],,英语,,,583,21718
1640,四川外国语大学(重庆市)[公办],,翻译,,,597,14703
1640,四川外国语大学(重庆市)[公办],,商务英语,,,580,23348
1640,四川外国语大学(重庆市)[公办],,大数据管理与应用,,,557,38272
1640,四川外国语大学(重庆市)[公办],,工商管理类,,,562,34751
1640,四川外国语大学(重庆市)[公办],,电子商务,,,563,34024
1640,四川外国语大学(重庆市)[公办],,商务英语(中外合作办学),,,539,52338
1640,四川外国语大学(重庆市)[公办],,物流管理(中外合作办学),,,521,67756
1642,四川文化艺术学院(绵阳市)[民办],,金融工程,,,445,137992
1642,四川文化艺术学院(绵阳市)[民办],,艺术教育,,,431,149615
1642,四川文化艺术学院(绵阳市)[民办],,应用心理学,,,442,140581
1642,四川文化艺术学院(绵阳市)[民办],,宝石及材料工艺学,,,428,152021
1642,四川文化艺术学院(绵阳市)[民办],,风景园林,,,444,138829
1642,四川文化艺术学院(绵阳市)[民办],,会展经济与管理,,,436,145515
1643,四川文理学院(达州市)[公办],,化学类,,,476,110122
1643,四川文理学院(达州市)[公办],,化工与制药类,,,481,105433
1646,四川音乐学院(成都市)[公办],,戏剧影视文学,,,507,80550
1646,四川音乐学院(成都市)[公办],,广播电视编导,,,503,84351
1652,苏州大学[公办],,哲学,,,610,9711
1652,苏州大学[公办],,经济学类,,,620,6814
1652,苏州大学[公办],,金融数学,,,617,7638
1652,苏州大学[公办],,法学,,,617,7638
1652,苏州大学[公办],,英语(师范),,,616,7907
1652,苏州大学[公办],,西班牙语,,,622,6287
1652,苏州大学[公办],,新闻传播学类,,,616,7907
1652,苏州大学[公办],,数学类,,,616,7907
1652,苏州大学[公办],,物理学,,,613,8757
1652,苏州大学[公办],,化学类,,,611,9385
1652,苏州大学[公办],,生物技术,,,609,10048
1652,苏州大学[公办],,生物信息学,,,614,8462
1652,苏州大学[公办],,机械工程,,,612,9070
1652,苏州大学[公办],,机械电子工程,,,614,8462
1652,苏州大学[公办],,车辆工程,,,615,8162
1652,苏州大学[公办],,材料类,,,611,9385
1652,苏州大学[公办],,冶金工程,,,596,15132
1652,苏州大学[公办],,金属材料工程,,,607,10760
1652,苏州大学[公办],,纳米材料与技术,,,610,9711
1652,苏州大学[公办],,能源与动力工程,,,615,8162
1652,苏州大学[公办],,电气工程及其自动化,,,618,7376
1652,苏州大学[公办],,电气工程与智能控制,,,618,7376
1652,苏州大学[公办],,电子信息类,,,619,7098
1652,苏州大学[公办],,人工智能,,,622,6287
1652,苏州大学[公办],,计算机科学与技术,,,621,6561
1652,苏州大学[公办],,建筑环境与能源应用工程,,,608,10398
1652,苏州大学[公办],,化学工程与工艺,,,608,10398
1652,苏州大学[公办],,纺织类,,,605,11477
1652,苏州大学[公办],,轻化工程,,,610,9711
1652,苏州大学[公办],,城乡规划,,,613,8757
1652,苏州大学[公办],,风景园林,,,612,9070
1652,苏州大学[公办],,生物制药,,,610,9711
1652,苏州大学[公办],,临床医学(5+3一体化),,,638,3025
1652,苏州大学[公办],,临床医学,,,628,4860
1652,苏州大学[公办],,医学影像学,,,620,6814
1652,苏州大学[公办],,放射医学,,,615,8162
1652,苏州大学[公办],,预防医学,,,608,10398
1652,苏州大学[公办],,医学检验技术,,,614,8462
1652,苏州大学[公办],,护理学,,,578,24508
1652,苏州大学[公办],,图书情报与档案管理类,,,610,9711
1654,苏州大学应用技术学院[独立学院],,国际经济与贸易,,,462,123141
1654,苏州大学应用技术学院[独立学院],,广告学,,,495,91989
1654,苏州大学应用技术学院[独立学院],,市场营销,,,453,131095
1654,苏州大学应用技术学院[独立学院],,会计学,,,509,78673
1654,苏州大学应用技术学院[独立学院],,电子商务(嵌入式培养),,,481,105433
1660,苏州科技大学[公办],,数学与应用数学(师范),,,565,32080
1660,苏州科技大学[公办],,信息与计算科学,,,569,30021
1660,苏州科技大学[公办],,应用物理学,,,563,34024
1660,苏州科技大学[公办],,应用化学,,,561,35449
1660,苏州科技大学[公办],,生物技术,,,557,38272
1660,苏州科技大学[公办],,机械设计制造及其自动化,,,567,31356
1660,苏州科技大学[公办],,材料化学,,,561,35449
1660,苏州科技大学[公办],,计算机科学与技术,,,576,25729
1660,苏州科技大学[公办],,土木工程,,,564,32737
1660,苏州科技大学[公办],,环境科学与工程类,,,564,32737
1660,苏州科技大学[公办],,建筑学,,,572,28175
1660,苏州科技大学[公办],,城乡规划,,,570,29403
1666,宿州学院[公办],,应用化学,,,464,121286
1666,宿州学院[公办],,生物技术,,,466,119485
1666,宿州学院[公办],,机械设计制造及其自动化,,,477,109131
1666,宿州学院[公办],,过程装备与控制工程,,,474,112067
1666,宿州学院[公办],,电子信息类,,,480,106344
1666,宿州学院[公办],,水文与水资源工程,,,462,123141
1666,宿州学院[公办],,测绘工程,,,468,117642
1666,宿州学院[公办],,化学工程与工艺,,,461,124059
1666,宿州学院[公办],,地质类,,,460,124911
1666,宿州学院[公办],,食品科学与工程,,,465,120370
1668,绥化学院[公办],,汽车服务工程,,,472,113947
1668,绥化学院[公办],,电气工程及其自动化,,,481,105433
1668,绥化学院[公办],,电子信息工程,,,476,110122
1668,绥化学院[公办],,计算机科学与技术,,,484,102507
1668,绥化学院[公办],,水利水电工程,,,472,113947
1669,塔里木大学[公办],,投资学,,,453,131095
1669,塔里木大学[公办],,应用化学,,,454,130189
1669,塔里木大学[公办],,生物信息学,,,456,128454
1669,塔里木大学[公办],,应用统计学,,,460,124911
1669,塔里木大学[公办],,机械设计制造及其自动化,,,460,124911
1669,塔里木大学[公办],,机械电子工程,,,459,125856
1669,塔里木大学[公办],,车辆工程,,,456,128454
1669,塔里木大学[公办],,电气工程及其自动化,,,467,118588
1669,塔里木大学[公办],,通信工程,,,463,122201
1669,塔里木大学[公办],,自动化,,,460,124911
1669,塔里木大学[公办],,计算机科学与技术,,,467,118588
1669,塔里木大学[公办],,网络工程,,,461,124059
1669,塔里木大学[公办],,物联网工程,,,462,123141
1669,塔里木大学[公办],,土木工程,,,460,124911
1669,塔里木大学[公办],,给排水科学与工程,,,454,130189
1669,塔里木大学[公办],,测绘工程,,,453,131095
1669,塔里木大学[公办],,纺织工程,,,451,132831
1669,塔里木大学[公办],,农业机械化及其自动化,,,454,130189
1669,塔里木大学[公办],,农业水利工程,,,454,130189
1669,塔里木大学[公办],,环境工程,,,456,128454
1669,塔里木大学[公办],,食品科学与工程,,,455,129310
1669,塔里木大学[公办],,食品质量与安全,,,454,130189
1669,塔里木大学[公办],,酿酒工程,,,453,131095
1669,塔里木大学[公办],,城乡规划,,,457,127518
1669,塔里木大学[公办],,生物制药,,,465,120370
1669,塔里木大学[公办],,植物保护,,,453,131095
1669,塔里木大学[公办],,种子科学与工程,,,454,130189
1669,塔里木大学[公办],,农药化肥,,,449,134515
1669,塔里木大学[公办],,临床医学,,,478,108213
1669,塔里木大学[公办],,工商管理类,,,453,131095
1669,塔里木大学[公办],,农林经济管理,,,453,131095
1669,塔里木大学[公办],,物流管理,,,453,131095
1672,台州学院[公办],,数学与应用数学(师范),,,497,90044
1672,台州学院[公办],,材料物理,,,497,90044
1672,台州学院[公办],,临床医学,,,517,71252
1675,太原工业学院[公办],,经济学类,,,505,82447
1675,太原工业学院[公办],,机械类,,,503,84351
1675,太原工业学院[公办],,材料类,,,480,106344
1675,太原工业学院[公办],,电子信息类,,,504,83397
1675,太原工业学院[公办],,自动化类,,,505,82447
1675,太原工业学院[公办],,计算机类,,,513,74844
1675,太原工业学院[公办],,数据科学与大数据技术,,,511,76779
1675,太原工业学院[公办],,建筑环境与能源应用工程,,,502,85294
1675,太原工业学院[公办],,化工与制药类,,,488,98638
1675,太原工业学院[公办],,环境科学与工程类,,,484,102507
1675,太原工业学院[公办],,食品科学与工程类,,,480,106344
1676,太原科技大学[公办],,经济学,,,541,50682
1676,太原科技大学[公办],,法学,,,538,53169
1676,太原科技大学[公办],,英语,,,551,42759
1676,太原科技大学[公办],,数据计算及应用,,,534,56478
1676,太原科技大学[公办],,应用统计学,,,534,56478
1676,太原科技大学[公办],,工程力学,,,523,65971
1676,太原科技大学[公办],,机械设计制造及其自动化,,,530,59831
1676,太原科技大学[公办],,材料成型及控制工程,,,519,69481
1676,太原科技大学[公办],,机械电子工程,,,531,58995
1676,太原科技大学[公办],,工业设计,,,529,60756
1676,太原科技大学[公办],,过程装备与控制工程,,,527,62507
1676,太原科技大学[公办],,车辆工程,,,533,57317
1676,太原科技大学[公办],,车辆工程(新能源汽车方向),,,537,53967
1676,太原科技大学[公办],,材料科学与工程,,,520,68600
1676,太原科技大学[公办],,冶金工程,,,505,82447
1676,太原科技大学[公办],,焊接技术与工程,,,517,71252
1676,太原科技大学[公办],,功能材料,,,511,76779
1676,太原科技大学[公办],,电气工程及其自动化,,,540,51523
1676,太原科技大学[公办],,电子信息工程,,,542,49854
1676,太原科技大学[公办],,光电信息科学与工程,,,538,53169
1676,太原科技大学[公办],,自动化,,,539,52338
1676,太原科技大学[公办],,机器人工程,,,537,53967
1676,太原科技大学[公办],,智能装备与系统,,,534,56478
1676,太原科技大学[公办],,计算机科学与技术,,,549,44261
1676,太原科技大学[公办],,软件工程,,,548,44990
1676,太原科技大学[公办],,物联网工程,,,545,47376
1676,太原科技大学[公办],,智能科学与技术,,,544,48201
1676,太原科技大学[公办],,化学工程与工艺,,,520,68600
1676,太原科技大学[公办],,能源化学工程,,,525,64228
1676,太原科技大学[公办],,油气储运工程,,,518,70350
1676,太原科技大学[公办],,交通运输,,,526,63346
1676,太原科技大学[公办],,交通工程,,,524,65102
1676,太原科技大学[公办],,环境工程,,,518,70350
1676,太原科技大学[公办],,环境科学,,,517,71252
1676,太原科技大学[公办],,环境生态工程,,,518,70350
1676,太原科技大学[公办],,环保设备工程,,,522,66880
1676,太原科技大学[公办],,应急技术与管理,,,517,71252
1676,太原科技大学[公办],,生物工程,,,518,70350
1676,太原科技大学[公办],,信息管理与信息系统,,,535,55619
1676,太原科技大学[公办],,市场营销,,,530,59831
1676,太原科技大学[公办],,会计学,,,547,45772
1676,太原科技大学[公办],,物流工程,,,524,65102
1676,太原科技大学[公办],,工业工程,,,528,61650
1676,太原科技大学[公办],,工业工程(标准化方向),,,521,67756
1677,太原理工大学[公办],,国际经济与贸易,,,592,16998
1677,太原理工大学[公办],,法学,,,598,14272
1677,太原理工大学[公办],,思想政治教育,,,588,19006
1677,太原理工大学[公办],,汉语国际教育,,,589,18507
1677,太原理工大学[公办],,英语,,,589,18507
1677,太原理工大学[公办],,英语(英俄双语方向),,,586,20047
1677,太原理工大学[公办],,英语(英日双语方向),,,589,18507
1677,太原理工大学[公办],,数学与应用数学,,,599,13858
1677,太原理工大学[公办],,数学与应用数学(试验班),,,595,15596
1677,太原理工大学[公办],,信息与计算科学,,,595,15596
1677,太原理工大学[公办],,应用物理学,,,589,18507
1677,太原理工大学[公办],,应用物理学(微电子方向),,,592,16998
1677,太原理工大学[公办],,应用化学,,,587,19505
1677,太原理工大学[公办],,统计学,,,594,16046
1677,太原理工大学[公办],,工程力学,,,587,19505
1677,太原理工大学[公办],,机械设计制造及其自动化,,,591,17508
1677,太原理工大学[公办],,材料成型及控制工程,,,584,21139
1677,太原理工大学[公办],,机械电子工程,,,589,18507
1677,太原理工大学[公办],,工业设计,,,589,18507
1677,太原理工大学[公办],,过程装备与控制工程,,,584,21139
1677,太原理工大学[公办],,车辆工程,,,590,17968
1677,太原理工大学[公办],,测控技术与仪器,,,587,19505
1677,太原理工大学[公办],,智能感知工程,,,590,17968
1677,太原理工大学[公办],,材料科学与工程,,,583,21718
1677,太原理工大学[公办],,冶金工程,,,579,23927
1677,太原理工大学[公办],,金属材料工程,,,585,20594
1677,太原理工大学[公办],,能源与动力工程,,,589,18507
1677,太原理工大学[公办],,电气工程及其自动化(试验班),,,604,11858
1677,太原理工大学[公办],,电气工程及其自动化,,,595,15596
1677,太原理工大学[公办],,电子信息工程,,,600,13430
1677,太原理工大学[公办],,电子科学与技术,,,596,15132
1677,太原理工大学[公办],,电子科学与技术(集成电路方向),,,593,16515
1677,太原理工大学[公办],,通信工程,,,594,16046
1677,太原理工大学[公办],,光电信息科学与工程,,,592,16998
1677,太原理工大学[公办],,人工智能,,,596,15132
1677,太原理工大学[公办],,自动化,,,592,16998
1677,太原理工大学[公办],,机器人工程,,,593,16515
1677,太原理工大学[公办],,机器人工程(试验班),,,598,14272
1677,太原理工大学[公办],,计算机科学与技术,,,601,13049
1677,太原理工大学[公办],,计算机科学与技术(试验班),,,602,12631
1677,太原理工大学[公办],,信息安全,,,596,15132
1677,太原理工大学[公办],,数据科学与大数据技术,,,600,13430
1677,太原理工大学[公办],,土木工程(试验班),,,590,17968
1677,太原理工大学[公办],,土木工程,,,587,19505
1677,太原理工大学[公办],,建筑环境与能源应用工程,,,582,22261
1677,太原理工大学[公办],,给排水科学与工程,,,583,21718
1677,太原理工大学[公办],,城市地下空间工程,,,582,22261
1677,太原理工大学[公办],,道路桥梁与渡河工程,,,583,21718
1677,太原理工大学[公办],,水利水电工程,,,585,20594
1677,太原理工大学[公办],,水文与水资源工程,,,583,21718
1677,太原理工大学[公办],,测绘工程,,,581,22793
1677,太原理工大学[公办],,化学工程与工艺,,,589,18507
1677,太原理工大学[公办],,化学工程与工艺(试验班),,,594,16046
1677,太原理工大学[公办],,制药工程,,,587,19505
1677,太原理工大学[公办],,精细化工,,,582,22261
1677,太原理工大学[公办],,地质工程,,,583,21718
1677,太原理工大学[公办],,资源勘查工程,,,573,27552
1677,太原理工大学[公办],,采矿工程,,,573,27552
1677,太原理工大学[公办],,采矿工程(煤炭智能化),,,577,25118
1677,太原理工大学[公办],,采矿工程(试验班),,,581,22793
1677,太原理工大学[公办],,矿物加工工程,,,569,30021
1677,太原理工大学[公办],,纺织工程,,,576,25729
1677,太原理工大学[公办],,飞行器设计与工程,,,588,19006
1677,太原理工大学[公办],,农业水利工程,,,567,31356
1677,太原理工大学[公办],,环境工程,,,587,19505
1677,太原理工大学[公办],,生物医学工程,,,585,20594
1677,太原理工大学[公办],,安全工程,,,582,22261
1677,太原理工大学[公办],,安全工程(试验班),,,579,23927
1677,太原理工大学[公办],,应急技术与管理,,,573,27552
1677,太原理工大学[公办],,智能医学工程,,,587,19505
1677,太原理工大学[公办],,工程管理,,,583,21718
1677,太原理工大学[公办],,会计学,,,593,16515
1677,太原理工大学[公办],,行政管理,,,598,14272
1677,太原理工大学[公办],,物流管理(航空物流),,,583,21718
1677,太原理工大学[公办],,物流管理,,,586,20047
1679,太原师范学院[公办],,科学教育,,,518,70350
1679,太原师范学院[公办],,学前教育,,,517,71252
1679,太原师范学院[公办],,小学教育,,,523,65971
1679,太原师范学院[公办],,英语,,,534,56478
1679,太原师范学院[公办],,翻译,,,531,58995
1679,太原师范学院[公办],,数学与应用数学,,,532,58171
1679,太原师范学院[公办],,信息与计算科学,,,520,68600
1679,太原师范学院[公办],,物理学,,,522,66880
1679,太原师范学院[公办],,化学,,,524,65102
1679,太原师范学院[公办],,应用化学,,,508,79620
1679,太原师范学院[公办],,地理科学,,,521,67756
1679,太原师范学院[公办],,自然地理与资源环境,,,511,76779
1679,太原师范学院[公办],,生物科学,,,522,66880
1679,太原师范学院[公办],,生物技术,,,508,79620
1679,太原师范学院[公办],,计算机科学与技术,,,520,68600
1679,太原师范学院[公办],,土地资源管理,,,499,88132
1680,太原学院[公办],,应用心理学,,,499,88132
1680,太原学院[公办],,汽车服务工程,,,487,99599
1680,太原学院[公办],,网络工程,,,500,88132
1680,太原学院[公办],,物联网工程,,,498,89072
1680,太原学院[公办],,化学工程与工业生物工程,,,479,107280
1680,太原学院[公办],,风景园林,,,497,90044
1680,太原学院[公办],,财务管理,,,507,80550
1680,太原学院[公办],,人力资源管理,,,501,88132
1680,太原学院[公办],,城市管理,,,491,95797
1680,太原学院[公办],,物流工程,,,493,93969
1680,太原学院[公办],,酒店管理,,,491,95797
1682,泰山科技学院[民办],,金融学,,,441,141442
1682,泰山科技学院[民办],,机械设计制造及其自动化,,,439,143057
1682,泰山科技学院[民办],,电气工程及其自动化,,,440,142251
1682,泰山科技学院[民办],,电信工程及管理,,,440,142251
1682,泰山科技学院[民办],,计算机科学与技术,,,443,139702
1682,泰山科技学院[民办],,会计学,,,448,135403
1683,泰山学院[公办],,化学(师范类),,,478,108213
1683,泰山学院[公办],,生物科学类,,,480,106344
1683,泰山学院[公办],,机械类,,,482,104483
1683,泰山学院[公办],,电子信息类,,,486,100581
1683,泰山学院[公办],,计算机类,,,494,92936
1683,泰山学院[公办],,土木工程,,,478,108213
1683,泰山学院[公办],,化工与制药类,,,474,112067
1683,泰山学院[公办],,葡萄与葡萄酒工程,,,466,119485
1688,唐山师范学院[公办],,保险学,,,468,117642
1688,唐山师范学院[公办],,法学,,,496,90982
1688,唐山师范学院[公办],,思想政治教育,,,494,92936
1688,唐山师范学院[公办],,教育技术学,,,476,110122
1688,唐山师范学院[公办],,学前教育,,,485,101531
1688,唐山师范学院[公办],,小学教育,,,502,85294
1688,唐山师范学院[公办],,特殊教育,,,477,109131
1688,唐山师范学院[公办],,汉语言文学,,,518,70350
1688,唐山师范学院[公办],,汉语国际教育,,,506,81500
1688,唐山师范学院[公办],,秘书学,,,481,105433
1688,唐山师范学院[公办],,英语,,,509,78673
1688,唐山师范学院[公办],,德语,,,476,110122
1688,唐山师范学院[公办],,日语,,,478,108213
1688,唐山师范学院[公办],,商务英语,,,496,90982
1688,唐山师范学院[公办],,数学与应用数学,,,506,81500
1688,唐山师范学院[公办],,信息与计算科学,,,478,108213
1688,唐山师范学院[公办],,物理学,,,485,101531
1688,唐山师范学院[公办],,应用物理学,,,469,116739
1688,唐山师范学院[公办],,化学,,,486,100581
1688,唐山师范学院[公办],,应用化学,,,470,115794
1688,唐山师范学院[公办],,地理科学,,,490,96770
1688,唐山师范学院[公办],,人文地理与城乡规划,,,479,107280
1688,唐山师范学院[公办],,地理信息科学,,,481,105433
1688,唐山师范学院[公办],,生物科学,,,484,102507
1688,唐山师范学院[公办],,生物技术,,,473,113007
1688,唐山师范学院[公办],,应用心理学,,,482,104483
1688,唐山师范学院[公办],,统计学,,,482,104483
1688,唐山师范学院[公办],,材料化学,,,462,123141
1688,唐山师范学院[公办],,电子信息科学与技术,,,477,109131
1688,唐山师范学院[公办],,计算机科学与技术,,,483,103506
1688,唐山师范学院[公办],,网络工程,,,480,106344
1688,唐山师范学院[公办],,物联网工程,,,480,106344
1688,唐山师范学院[公办],,数字媒体技术,,,483,103506
1688,唐山师范学院[公办],,园艺,,,470,115794
1688,唐山师范学院[公办],,信息管理与信息系统,,,475,111128
1688,唐山师范学院[公办],,资产评估,,,470,115794
1688,唐山师范学院[公办],,文化产业管理,,,475,111128
1688,唐山师范学院[公办],,物流管理,,,472,113947
1688,唐山师范学院[公办],,旅游管理,,,476,110122
1690,唐山学院[公办],,国际经济与贸易,,,483,103506
1690,唐山学院[公办],,法学,,,499,88132
1690,唐山学院[公办],,中国语言文学类,,,489,97728
1690,唐山学院[公办],,汉语国际教育,,,480,106344
1690,唐山学院[公办],,英语,,,503,84351
1690,唐山学院[公办],,日语,,,477,109131
1690,唐山学院[公办],,商务英语,,,492,94896
1690,唐山学院[公办],,广告学,,,484,102507
1690,唐山学院[公办],,机械类,,,476,110122
1690,唐山学院[公办],,机械设计制造及其自动化,,,492,94896
1690,唐山学院[公办],,车辆工程,,,474,112067
1690,唐山学院[公办],,测控技术与仪器,,,472,113947
1690,唐山学院[公办],,材料类,,,458,126654
1690,唐山学院[公办],,电气工程及其自动化,,,500,88132
1690,唐山学院[公办],,电子信息工程,,,484,102507
1690,唐山学院[公办],,通信工程,,,482,104483
1690,唐山学院[公办],,自动化,,,483,103506
1690,唐山学院[公办],,轨道交通信号与控制,,,477,109131
1690,唐山学院[公办],,计算机科学与技术,,,497,90044
1690,唐山学院[公办],,软件工程,,,491,95797
1690,唐山学院[公办],,物联网工程,,,485,101531
1690,唐山学院[公办],,智能科学与技术,,,480,106344
1690,唐山学院[公办],,数据科学与大数据技术,,,490,96770
1690,唐山学院[公办],,土木类,,,473,113007
1690,唐山学院[公办],,建筑电气与智能化,,,478,108213
1690,唐山学院[公办],,化学工程与工艺,,,468,117642
1690,唐山学院[公办],,环境工程,,,470,115794
1690,唐山学院[公办],,管理科学与工程类,,,469,116739
1690,唐山学院[公办],,信息管理与信息系统,,,477,109131
1690,唐山学院[公办],,市场营销,,,476,110122
1690,唐山学院[公办],,会计学,,,502,85294
1690,唐山学院[公办],,财务管理,,,498,89072
1690,唐山学院[公办],,审计学,,,491,95797
1690,唐山学院[公办],,物流管理,,,475,111128
1690,唐山学院[公办],,电子商务,,,481,105433
1690,唐山学院[公办],,机械设计制造及其自动化(中外合作办学),,,451,132831
1699,天津财经大学[公办],,经济统计学(金融统计与精算),,,593,16515
1699,天津财经大学[公办],,财政学类,,,594,16046
1699,天津财经大学[公办],,金融学类,,,598,14272
1699,天津财经大学[公办],,金融数学,,,590,17968
1699,天津财经大学[公办],,法学,,,591,17508
1699,天津财经大学[公办],,数学与应用数学(经济数学与数学建模),,,586,20047
1699,天津财经大学[公办],,计算机科学与技术,,,591,17508
1699,天津财经大学[公办],,软件工程,,,588,19006
1699,天津财经大学[公办],,数据科学与大数据技术,,,591,17508
1699,天津财经大学[公办],,管理科学与工程类,,,581,22793
1699,天津财经大学[公办],,工商管理类,,,586,20047
1699,天津财经大学[公办],,会计学(注册会计师),,,606,11130
1699,天津财经大学[公办],,会计学,,,597,14703
1699,天津财经大学[公办],,审计学,,,594,16046
1699,天津财经大学[公办],,公共管理类,,,582,22261
1699,天津财经大学[公办],,电子商务,,,583,21718
1699,天津财经大学[公办],,金融学(中外合作办学)(能源金融),,,546,45883
1700,天津财经大学珠江学院[独立学院],,经济统计学(经济统计),,,462,123141
1700,天津财经大学珠江学院[独立学院],,经济统计学(数据工程),,,466,119485
1700,天津财经大学珠江学院[独立学院],,税收学(税务管理与代理),,,463,122201
1700,天津财经大学珠江学院[独立学院],,金融学(财富管理),,,467,118588
1700,天津财经大学珠江学院[独立学院],,金融学(国际金融),,,460,124911
1700,天津财经大学珠江学院[独立学院],,金融学(金融),,,483,103506
1700,天津财经大学珠江学院[独立学院],,金融学(融资租赁),,,458,126654
1700,天津财经大学珠江学院[独立学院],,金融科技,,,445,137992
1700,天津财经大学珠江学院[独立学院],,学前教育,,,462,123141
1700,天津财经大学珠江学院[独立学院],,工商管理,,,474,112067
1700,天津财经大学珠江学院[独立学院],,会计学(会计),,,475,111128
1700,天津财经大学珠江学院[独立学院],,会计学(管理会计),,,473,113007
1700,天津财经大学珠江学院[独立学院],,会计学(注册会计师),,,485,101531
1700,天津财经大学珠江学院[独立学院],,国际商务,,,458,126654
1700,天津财经大学珠江学院[独立学院],,审计学,,,474,112067
1700,天津财经大学珠江学院[独立学院],,物联网工程(中外合作办学),,,440,142251
1701,天津城建大学[公办],,投资学,,,553,41254
1701,天津城建大学[公办],,外国语言文学类,,,555,39718
1701,天津城建大学[公办],,数学与应用数学,,,560,36168
1701,天津城建大学[公办],,应用物理学,,,553,41254
1701,天津城建大学[公办],,应用化学,,,547,45772
1701,天津城建大学[公办],,地理信息科学,,,548,44990
1701,天津城建大学[公办],,机械类,,,552,42004
1701,天津城建大学[公办],,智能制造工程,,,550,43499
1701,天津城建大学[公办],,能源与动力工程,,,552,42004
1701,天津城建大学[公办],,电气类,,,559,36873
1701,天津城建大学[公办],,电子信息类,,,558,37566
1701,天津城建大学[公办],,人工智能,,,557,38272
1701,天津城建大学[公办],,计算机类,,,561,35449
1701,天津城建大学[公办],,土木类,,,550,43499
1701,天津城建大学[公办],,建筑环境与能源应用工程,,,544,48201
1701,天津城建大学[公办],,给排水科学与工程,,,545,47376
1701,天津城建大学[公办],,智能建造,,,559,36873
1701,天津城建大学[公办],,港口航道与海岸工程,,,540,51523
1701,天津城建大学[公办],,测绘工程,,,545,47376
1701,天津城建大学[公办],,地质工程,,,540,51523
1701,天津城建大学[公办],,交通工程,,,548,44990
1701,天津城建大学[公办],,环境工程,,,542,49854
1701,天津城建大学[公办],,建筑类,,,555,39718
1701,天津城建大学[公办],,管理科学与工程类,,,549,44261
1701,天津城建大学[公办],,工商管理,,,558,37566
1701,天津城建大学[公办],,公共管理类,,,542,49854
1701,天津城建大学[公办],,土木工程(中外合作办学),,,509,78673
1701,天津城建大学[公办],,环境工程(中外合作办学),,,493,93969
1701,天津城建大学[公办],,建筑学(中外合作办学),,,531,58995
1701,天津城建大学[公办],,风景园林(中外合作办学),,,515,73018
1701,天津城建大学[公办],,工程管理(中外合作办学),,,498,89072
1705,天津大学[公办],,经济管理试验班,,,638,3025
1705,天津大学[公办],,工科试验班(智能制造与建造),,,637,3196
1705,天津大学[公办],,工科试验班(高新舰船与海洋装备智能设计与管理),,,634,3706
1705,天津大学[公办],,工科试验班(精仪与光电信息类),,,640,2729
1705,天津大学[公办],,工科试验班(电气信息类),,,641,2584
1705,天津大学[公办],,工科试验班(智能与计算类),,,646,1952
1705,天津大学[公办],,工科试验班(化工能源与生命医药类),,,635,3527
1705,天津大学[公办],,理科试验班(理化),,,638,3025
1705,天津大学[公办],,理科试验班(生态与环境类),,,631,4285
1705,天津大学[公办],,医学试验班(新医科),,,634,3706
1705,天津大学[公办],,数学类,,,643,2296
1705,天津大学[公办],,分子科学与工程(与南开大学合办),,,638,3025
1705,天津大学[公办],,光电信息科学与工程(与南开大学合办),,,644,2176
1705,天津大学[公办],,建筑类,,,651,1409
1708,天津工业大学[公办],,经济学类,,,588,19006
1708,天津工业大学[公办],,数学类,,,586,20047
1708,天津工业大学[公办],,应用物理学,,,585,20594
1708,天津工业大学[公办],,应用化学,,,581,22793
1708,天津工业大学[公办],,机械工程,,,584,21139
1708,天津工业大学[公办],,机械电子工程,,,584,21139
1708,天津工业大学[公办],,智能制造工程,,,585,20594
1708,天津工业大学[公办],,材料科学与工程,,,575,26354
1708,天津工业大学[公办],,无机非金属材料工程,,,577,25118
1708,天津工业大学[公办],,高分子材料与工程,,,578,24508
1708,天津工业大学[公办],,电气工程及其自动化,,,587,19505
1708,天津工业大学[公办],,电子信息工程,,,588,19006
1708,天津工业大学[公办],,电子科学与技术,,,587,19505
1708,天津工业大学[公办],,通信工程,,,590,17968
1708,天津工业大学[公办],,光电信息科学与工程,,,586,20047
1708,天津工业大学[公办],,人工智能,,,589,18507
1708,天津工业大学[公办],,自动化,,,587,19505
1708,天津工业大学[公办],,计算机科学与技术,,,594,16046
1708,天津工业大学[公办],,软件工程,,,590,17968
1708,天津工业大学[公办],,物联网工程,,,589,18507
1708,天津工业大学[公办],,数据科学与大数据技术,,,590,17968
1708,天津工业大学[公办],,网络空间安全,,,587,19505
1708,天津工业大学[公办],,制药工程,,,582,22261
1708,天津工业大学[公办],,纺织工程,,,575,26354
1708,天津工业大学[公办],,非织造材料与工程,,,579,23927
1708,天津工业大学[公办],,轻化工程,,,580,23348
1708,天津工业大学[公办],,环境工程,,,578,24508
1708,天津工业大学[公办],,生物医学工程,,,581,22793
1708,天津工业大学[公办],,智能医学工程,,,585,20594
1708,天津工业大学[公办],,工商管理类,,,586,20047
1708,天津工业大学[公办],,土地资源管理,,,571,28818
1708,天津工业大学[公办],,电气工程及其自动化(中外合作办学),,,562,34751
1708,天津工业大学[公办],,通信工程(中外合作办学),,,557,38272
1708,天津工业大学[公办],,信息管理与信息系统(中外合作办学),,,553,41254
1717,天津科技大学[公办],,金融学类,,,573,27552
1717,天津科技大学[公办],,国际经济与贸易,,,570,29403
1717,天津科技大学[公办],,法学类,,,574,26972
1717,天津科技大学[公办],,英语,,,577,25118
1717,天津科技大学[公办],,日语,,,563,34024
1717,天津科技大学[公办],,海洋科学类,,,561,35449
1717,天津科技大学[公办],,机械类,,,568,30714
1717,天津科技大学[公办],,工业设计,,,567,31356
1717,天津科技大学[公办],,智能制造工程,,,572,28175
1717,天津科技大学[公办],,测控技术与仪器,,,570,29403
1717,天津科技大学[公办],,材料化学,,,562,34751
1717,天津科技大学[公办],,高分子材料与工程,,,566,31393
1717,天津科技大学[公办],,电气工程及其自动化,,,576,25729
1717,天津科技大学[公办],,电子信息类,,,577,25118
1717,天津科技大学[公办],,人工智能,,,576,25729
1717,天津科技大学[公办],,自动化,,,575,26354
1717,天津科技大学[公办],,机器人工程,,,571,28818
1717,天津科技大学[公办],,计算机科学与技术,,,579,23927
1717,天津科技大学[公办],,软件工程,,,578,24508
1717,天津科技大学[公办],,物联网工程,,,574,26972
1717,天津科技大学[公办],,智能科学与技术,,,575,26354
1717,天津科技大学[公办],,数据科学与大数据技术,,,575,26354
1717,天津科技大学[公办],,化学工程与工艺,,,559,36873
1717,天津科技大学[公办],,制药工程,,,563,34024
1717,天津科技大学[公办],,轻化工程,,,556,39008
1717,天津科技大学[公办],,包装工程,,,550,43499
1717,天津科技大学[公办],,印刷工程,,,554,40472
1717,天津科技大学[公办],,海洋资源开发技术,,,556,39008
1717,天津科技大学[公办],,环境科学与工程类,,,562,34751
1717,天津科技大学[公办],,食品科学与工程,,,563,34024
1717,天津科技大学[公办],,食品营养与健康,,,556,39008
1717,天津科技大学[公办],,生物工程,,,568,30714
1717,天津科技大学[公办],,大数据管理与应用,,,570,29403
1717,天津科技大学[公办],,财务管理,,,574,26972
1717,天津科技大学[公办],,计算机科学与技术(中外合作办学)(信息处理),,,543,49037
1717,天津科技大学[公办],,生物工程(中外合作办学)(酿造与蒸馏),,,526,63346
1717,天津科技大学[公办],,财务管理(中外合作办学),,,544,48201
1719,天津理工大学[公办],,材料成型及控制工程,,,572,28175
1719,天津理工大学[公办],,机械电子工程,,,578,24508
1719,天津理工大学[公办],,电气工程及其自动化,,,581,22793
1719,天津理工大学[公办],,电子信息工程,,,582,22261
1719,天津理工大学[公办],,通信工程,,,580,23348
1719,天津理工大学[公办],,自动化,,,579,23927
1719,天津理工大学[公办],,计算机科学与技术,,,587,19505
1719,天津理工大学[公办],,信息安全,,,581,22793
1719,天津理工大学[公办],,制药工程,,,573,27552
1719,天津理工大学[公办],,大数据管理与应用,,,582,22261
1719,天津理工大学[公办],,计算机科学与技术(中外合作办学),,,552,42004
1719,天津理工大学[公办],,工商管理(中外合作办学),,,542,49854
1719,天津理工大学[公办],,工业工程(中外合作办学),,,547,45772
1720,天津理工大学中环信息学院[独立学院],,机械设计制造及其自动化,,,455,129310
1720,天津理工大学中环信息学院[独立学院],,材料成型及控制工程(模具设计制造及自动化方向),,,455,129310
1720,天津理工大学中环信息学院[独立学院],,机械电子工程,,,451,132831
1720,天津理工大学中环信息学院[独立学院],,电气工程及其自动化,,,454,130189
1720,天津理工大学中环信息学院[独立学院],,电气工程及其自动化(电力系统及其自动化方向),,,456,128454
1720,天津理工大学中环信息学院[独立学院],,智能电网信息工程,,,451,132831
1720,天津理工大学中环信息学院[独立学院],,电气工程与智能控制,,,450,133684
1720,天津理工大学中环信息学院[独立学院],,电子信息工程,,,453,131095
1720,天津理工大学中环信息学院[独立学院],,通信工程,,,452,131939
1720,天津理工大学中环信息学院[独立学院],,电子信息科学与技术,,,458,126654
1720,天津理工大学中环信息学院[独立学院],,人工智能,,,451,132831
1720,天津理工大学中环信息学院[独立学院],,自动化,,,454,130189
1720,天津理工大学中环信息学院[独立学院],,机器人工程,,,455,129310
1720,天津理工大学中环信息学院[独立学院],,计算机科学与技术,,,465,120370
1720,天津理工大学中环信息学院[独立学院],,软件工程,,,462,123141
1720,天津理工大学中环信息学院[独立学院],,物联网工程,,,457,127518
1720,天津理工大学中环信息学院[独立学院],,数字媒体技术,,,459,125856
1720,天津理工大学中环信息学院[独立学院],,数据科学与大数据技术,,,460,124911
1720,天津理工大学中环信息学院[独立学院],,工程管理,,,459,125856
1722,天津农学院[公办],,国际经济与贸易,,,518,70350
1722,天津农学院[公办],,英语,,,526,63346
1722,天津农学院[公办],,应用化学,,,505,82447
1722,天津农学院[公办],,生物技术,,,506,81500
1722,天津农学院[公办],,测控技术与仪器,,,515,73018
1722,天津农学院[公办],,功能材料,,,497,90044
1722,天津农学院[公办],,新能源科学与工程,,,514,73932
1722,天津农学院[公办],,电气工程及其自动化,,,524,65102
1722,天津农学院[公办],,机器人工程,,,515,73018
1722,天津农学院[公办],,计算机科学与技术,,,522,66880
1722,天津农学院[公办],,软件工程,,,524,65102
1722,天津农学院[公办],,物联网工程,,,517,71252
1722,天津农学院[公办],,数据科学与大数据技术,,,521,67756
1722,天津农学院[公办],,水利水电工程,,,508,79620
1722,天津农学院[公办],,水文与水资源工程,,,500,88132
1722,天津农学院[公办],,农业机械化及其自动化,,,505,82447
1722,天津农学院[公办],,环境科学,,,507,80550
1722,天津农学院[公办],,食品科学与工程,,,510,77713
1722,天津农学院[公办],,食品质量与安全,,,510,77713
1722,天津农学院[公办],,生物工程,,,506,81500
1722,天津农学院[公办],,生物制药,,,513,74844
1722,天津农学院[公办],,园艺,,,504,83397
1722,天津农学院[公办],,植物保护,,,501,88132
1722,天津农学院[公办],,种子科学与工程,,,504,83397
1722,天津农学院[公办],,设施农业科学与工程,,,501,88132
1722,天津农学院[公办],,菌物科学与工程,,,494,92936
1722,天津农学院[公办],,动物科学,,,497,90044
1722,天津农学院[公办],,动物医学,,,522,66880
1722,天津农学院[公办],,动物医学(小动医方向),,,511,76779
1722,天津农学院[公办],,动物药学,,,502,85294
1722,天津农学院[公办],,林学,,,501,88132
1722,天津农学院[公办],,园林,,,507,80550
1722,天津农学院[公办],,水产养殖学,,,496,90982
1722,天津农学院[公办],,海洋渔业科学与技术,,,489,97728
1722,天津农学院[公办],,水族科学与技术,,,493,93969
1722,天津农学院[公办],,水生动物医学,,,500,88132
1722,天津农学院[公办],,工程管理,,,509,78673
1722,天津农学院[公办],,会计学,,,532,58171
1722,天津农学院[公办],,文化产业管理,,,513,74844
1722,天津农学院[公办],,农林经济管理,,,506,81500
1722,天津农学院[公办],,公共事业管理,,,517,71252
1722,天津农学院[公办],,物流管理,,,510,77713
1722,天津农学院[公办],,旅游管理,,,504,83397
1722,天津农学院[公办],,酒店管理,,,513,74844
1724,天津仁爱学院[民办],,金融工程,,,452,131939
1724,天津仁爱学院[民办],,英语,,,456,128454
1724,天津仁爱学院[民办],,传播学(网络新媒体方向),,,457,127518
1724,天津仁爱学院[民办],,机械设计制造及其自动化,,,449,134515
1724,天津仁爱学院[民办],,过程装备与控制工程(智能化工方向),,,442,140581
1724,天津仁爱学院[民办],,过程装备与控制工程(新能源方向),,,443,139702
1724,天津仁爱学院[民办],,电气工程及其自动化,,,456,128454
1724,天津仁爱学院[民办],,电子信息工程,,,452,131939
1724,天津仁爱学院[民办],,通信工程,,,450,133684
1724,天津仁爱学院[民办],,自动化,,,447,136314
1724,天津仁爱学院[民办],,计算机科学与技术,,,461,124059
1724,天津仁爱学院[民办],,计算机科学与技术(中软国际华为云学院大数据方向特色班),,,447,136314
1724,天津仁爱学院[民办],,软件工程,,,457,127518
1724,天津仁爱学院[民办],,软件工程(中软国际华为云学院智能技术开发方向特色班),,,447,136314
1724,天津仁爱学院[民办],,物联网工程,,,453,131095
1724,天津仁爱学院[民办],,土木工程,,,445,137992
1724,天津仁爱学院[民办],,给排水科学与工程,,,441,141442
1724,天津仁爱学院[民办],,水利水电工程,,,443,139702
1724,天津仁爱学院[民办],,港口航道与海岸工程,,,428,152021
1724,天津仁爱学院[民办],,化学工程与工艺,,,441,141442
1724,天津仁爱学院[民办],,化学工程与工艺(制药方向),,,443,139702
1724,天津仁爱学院[民办],,船舶与海洋工程,,,436,145515
1724,天津仁爱学院[民办],,建筑学,,,446,137128
1724,天津仁爱学院[民办],,信息管理与信息系统,,,447,136314
1724,天津仁爱学院[民办],,工程管理,,,445,137992
1724,天津仁爱学院[民办],,财务管理,,,456,128454
1724,天津仁爱学院[民办],,物流工程,,,445,137992
1726,天津商业大学[公办],,经济学类,,,571,28818
1726,天津商业大学[公办],,法学,,,565,32080
1726,天津商业大学[公办],,英语,,,571,28818
1726,天津商业大学[公办],,英语(应用翻译方向),,,570,29403
1726,天津商业大学[公办],,日语,,,561,35449
1726,天津商业大学[公办],,应用化学,,,557,38272
1726,天津商业大学[公办],,应用心理学,,,560,36168
1726,天津商业大学[公办],,统计学类,,,563,34024
1726,天津商业大学[公办],,工业设计,,,557,38272
1726,天津商业大学[公办],,宝石及材料工艺学,,,550,43499
1726,天津商业大学[公办],,能源与动力工程,,,560,36168
1726,天津商业大学[公办],,计算机科学与技术,,,567,31356
1726,天津商业大学[公办],,数据科学与大数据技术,,,568,30714
1726,天津商业大学[公办],,建筑环境与能源应用工程,,,554,40472
1726,天津商业大学[公办],,制药工程,,,555,39718
1726,天津商业大学[公办],,食品科学与工程,,,552,42004
1726,天津商业大学[公办],,工程管理,,,557,38272
1726,天津商业大学[公办],,工商管理类,,,565,32080
1726,天津商业大学[公办],,酒店管理(中外合作办学),,,451,132831
1727,天津商业大学宝德学院[独立学院],,金融学类,,,450,133684
1727,天津商业大学宝德学院[独立学院],,英语,,,456,128454
1727,天津商业大学宝德学院[独立学院],,日语,,,456,128454
1727,天津商业大学宝德学院[独立学院],,商务英语,,,453,131095
1727,天津商业大学宝德学院[独立学院],,工商管理类(工商系),,,446,137128
1727,天津商业大学宝德学院[独立学院],,工商管理类(会计系),,,451,132831
1729,天津师范大学[公办],,经济学,,,581,22793
1729,天津师范大学[公办],,投资学,,,571,28818
1729,天津师范大学[公办],,国际经济与贸易,,,574,26972
1729,天津师范大学[公办],,法学,,,588,19006
1729,天津师范大学[公办],,社会工作,,,575,26354
1729,天津师范大学[公办],,教育学类(师范),,,583,21718
1729,天津师范大学[公办],,教育技术学(师范),,,582,22261
1729,天津师范大学[公办],,汉语言文学(师范),,,589,18507
1729,天津师范大学[公办],,英语(师范),,,599,13858
1729,天津师范大学[公办],,法语,,,582,22261
1729,天津师范大学[公办],,日语,,,581,22793
1729,天津师范大学[公办],,朝鲜语,,,561,35449
1729,天津师范大学[公办],,新闻学,,,588,19006
1729,天津师范大学[公办],,广告学,,,579,23927
1729,天津师范大学[公办],,数学与应用数学(师范),,,597,14703
1729,天津师范大学[公办],,信息与计算科学,,,577,25118
1729,天津师范大学[公办],,物理学(师范),,,587,19505
1729,天津师范大学[公办],,应用物理学,,,576,25729
1729,天津师范大学[公办],,化学(师范),,,589,18507
1729,天津师范大学[公办],,化学生物学,,,575,26354
1729,天津师范大学[公办],,地理科学(师范),,,584,21139
1729,天津师范大学[公办],,人文地理与城乡规划,,,576,25729
1729,天津师范大学[公办],,地理信息科学,,,581,22793
1729,天津师范大学[公办],,生物科学(师范),,,585,20594
1729,天津师范大学[公办],,生物技术,,,569,30021
1729,天津师范大学[公办],,应用心理学(师范),,,588,19006
1729,天津师范大学[公办],,通信工程,,,578,24508
1729,天津师范大学[公办],,通信工程(实验班),,,576,25729
1729,天津师范大学[公办],,电子信息科学与技术,,,576,25729
1729,天津师范大学[公办],,人工智能(师范),,,581,22793
1729,天津师范大学[公办],,计算机科学与技术(师范),,,582,22261
1729,天津师范大学[公办],,软件工程,,,567,31356
1729,天津师范大学[公办],,网络工程,,,577,25118
1729,天津师范大学[公办],,物联网工程,,,579,23927
1729,天津师范大学[公办],,智能科学与技术,,,576,25729
1729,天津师范大学[公办],,数据科学与大数据技术,,,580,23348
1729,天津师范大学[公办],,环境科学,,,568,30714
1729,天津师范大学[公办],,信息管理与信息系统,,,574,26972
1729,天津师范大学[公办],,大数据管理与应用,,,577,25118
1729,天津师范大学[公办],,工商管理,,,576,25729
1729,天津师范大学[公办],,市场营销,,,572,28175
1729,天津师范大学[公办],,会计学,,,587,19505
1729,天津师范大学[公办],,行政管理,,,575,26354
1729,天津师范大学[公办],,档案学,,,575,26354
1729,天津师范大学[公办],,物流管理,,,568,30714
1733,天津体育学院[公办],,学前教育,,,497,90044
1733,天津体育学院[公办],,运动人体科学,,,501,88132
1733,天津体育学院[公办],,运动康复,,,505,82447
1733,天津体育学院[公办],,新闻学(体育文化传媒方向),,,537,53967
1733,天津体育学院[公办],,应用心理学,,,508,79620
1733,天津体育学院[公办],,康复治疗学,,,496,90982
1733,天津体育学院[公办],,市场营销,,,499,88132
1733,天津体育学院[公办],,公共事业管理,,,509,78673
1735,天津天狮学院[民办],,金融学类,,,444,138829
1735,天津天狮学院[民办],,汉语国际教育,,,450,133684
1735,天津天狮学院[民办],,英语,,,454,130189
1735,天津天狮学院[民办],,电子信息类,,,442,140581
1735,天津天狮学院[民办],,自动化(义齿智能制造),,,438,143930
1735,天津天狮学院[民办],,计算机科学与技术,,,449,134515
1735,天津天狮学院[民办],,食品科学与工程类,,,438,143930
1735,天津天狮学院[民办],,生物工程,,,437,144729
1735,天津天狮学院[民办],,药学,,,437,144729
1735,天津天狮学院[民办],,护理学,,,439,143057
1735,天津天狮学院[民办],,信息管理与信息系统,,,441,141442
1735,天津天狮学院[民办],,工商管理类,,,442,140581
1735,天津天狮学院[民办],,劳动与社会保障,,,445,137992
1735,天津天狮学院[民办],,电子商务,,,447,136314
1737,天津外国语大学[公办],,金融学,,,569,30021
1737,天津外国语大学[公办],,教育技术学,,,570,29403
1737,天津外国语大学[公办],,外国语言文学类(英语类),,,580,23348
1737,天津外国语大学[公办],,俄语,,,566,31393
1737,天津外国语大学[公办],,德语,,,574,26972
1737,天津外国语大学[公办],,西班牙语,,,573,27552
1737,天津外国语大学[公办],,日语,,,579,23927
1737,天津外国语大学[公办],,柬埔寨语,,,542,49854
1737,天津外国语大学[公办],,葡萄牙语,,,572,28175
1737,天津外国语大学[公办],,塞尔维亚语,,,555,39718
1737,天津外国语大学[公办],,芬兰语,,,558,37566
1737,天津外国语大学[公办],,白俄罗斯语,,,561,35449
1737,天津外国语大学[公办],,数字媒体技术,,,569,30021
1737,天津外国语大学[公办],,大数据管理与应用,,,569,30021
1737,天津外国语大学[公办],,工商管理类,,,566,31393
1737,天津外国语大学[公办],,行政管理,,,563,34024
1737,天津外国语大学[公办],,经济学(中外合作办学),,,543,49037
1738,天津外国语大学滨海外事学院[独立学院],,国际经济与贸易,,,456,128454
1738,天津外国语大学滨海外事学院[独立学院],,英语,,,477,109131
1738,天津外国语大学滨海外事学院[独立学院],,法语,,,476,110122
1738,天津外国语大学滨海外事学院[独立学院],,西班牙语,,,448,135403
1738,天津外国语大学滨海外事学院[独立学院],,日语,,,455,129310
1738,天津外国语大学滨海外事学院[独立学院],,朝鲜语,,,449,134515
1738,天津外国语大学滨海外事学院[独立学院],,护理学,,,447,136314
1740,天津医科大学[公办],,生物医学工程,,,614,8462
1740,天津医科大学[公办],,基础医学(朱宪彝班),,,634,3706
1740,天津医科大学[公办],,临床医学(5+3一体化),,,646,1952
1740,天津医科大学[公办],,临床医学(5+3一体化，儿科学),,,635,3527
1740,天津医科大学[公办],,临床医学,,,636,3358
1740,天津医科大学[公办],,麻醉学,,,634,3706
1740,天津医科大学[公办],,眼视光医学,,,634,3706
1740,天津医科大学[公办],,口腔医学(5+3一体化),,,641,2584
1740,天津医科大学[公办],,预防医学,,,619,7098
1740,天津医科大学[公办],,药学类,,,618,7376
1740,天津医科大学[公办],,医学技术类,,,616,7907
1740,天津医科大学[公办],,智能医学工程,,,627,5092
1740,天津医科大学[公办],,护理学,,,598,14272
1742,天津医科大学临床医学院[独立学院],,法学,,,483,103506
1742,天津医科大学临床医学院[独立学院],,临床医学,,,500,88132
1742,天津医科大学临床医学院[独立学院],,口腔医学,,,521,67756
1742,天津医科大学临床医学院[独立学院],,药学,,,492,94896
1742,天津医科大学临床医学院[独立学院],,医学检验技术,,,488,98638
1742,天津医科大学临床医学院[独立学院],,医学影像技术,,,491,95797
1742,天津医科大学临床医学院[独立学院],,眼视光学,,,486,100581
1742,天津医科大学临床医学院[独立学院],,康复治疗学,,,501,88132
1742,天津医科大学临床医学院[独立学院],,护理学,,,477,109131
1742,天津医科大学临床医学院[独立学院],,市场营销,,,450,133684
1742,天津医科大学临床医学院[独立学院],,公共事业管理,,,456,128454
1742,天津医科大学临床医学院[独立学院],,健康服务与管理,,,482,104483
1746,天津职业技术师范大学[公办],,金融学,,,560,36168
1746,天津职业技术师范大学[公办],,信用管理,,,525,64228
1746,天津职业技术师范大学[公办],,教育技术学,,,551,42759
1746,天津职业技术师范大学[公办],,英语,,,556,39008
1746,天津职业技术师范大学[公办],,日语,,,532,58171
1746,天津职业技术师范大学[公办],,数学与应用数学,,,543,49037
1746,天津职业技术师范大学[公办],,应用物理学,,,540,51523
1746,天津职业技术师范大学[公办],,应用心理学,,,548,44990
1746,天津职业技术师范大学[公办],,工业设计,,,542,49854
1746,天津职业技术师范大学[公办],,车辆工程,,,527,62507
1746,天津职业技术师范大学[公办],,汽车服务工程,,,525,64228
1746,天津职业技术师范大学[公办],,机电技术教育,,,532,58171
1746,天津职业技术师范大学[公办],,新能源汽车工程,,,530,59831
1746,天津职业技术师范大学[公办],,测控技术与仪器,,,523,65971
1746,天津职业技术师范大学[公办],,电气工程及其自动化,,,539,52338
1746,天津职业技术师范大学[公办],,电子科学与技术,,,537,53967
1746,天津职业技术师范大学[公办],,微电子科学与工程,,,537,53967
1746,天津职业技术师范大学[公办],,人工智能,,,536,54791
1746,天津职业技术师范大学[公办],,自动化,,,534,56478
1746,天津职业技术师范大学[公办],,软件工程,,,535,55619
1746,天津职业技术师范大学[公办],,数据科学与大数据技术,,,536,54791
1746,天津职业技术师范大学[公办],,交通运输(智能交通方向),,,525,64228
1746,天津职业技术师范大学[公办],,人力资源管理,,,545,47376
1746,天津职业技术师范大学[公办],,物流管理(航空物流方向),,,529,60756
1746,天津职业技术师范大学[公办],,电子信息工程(中外合作办学),,,498,89072
1747,天津中德应用技术大学[公办],,德语,,,515,73018
1747,天津中德应用技术大学[公办],,材料成型及控制工程,,,507,80550
1747,天津中德应用技术大学[公办],,机械电子工程,,,514,73932
1747,天津中德应用技术大学[公办],,车辆工程,,,514,73932
1747,天津中德应用技术大学[公办],,能源与动力工程,,,514,73932
1747,天津中德应用技术大学[公办],,电气工程与智能控制,,,519,69481
1747,天津中德应用技术大学[公办],,自动化,,,521,67756
1747,天津中德应用技术大学[公办],,软件工程,,,528,61650
1747,天津中德应用技术大学[公办],,物联网工程,,,523,65971
1747,天津中德应用技术大学[公办],,飞行器制造工程,,,513,74844
1747,天津中德应用技术大学[公办],,财务管理,,,523,65971
1747,天津中德应用技术大学[公办],,质量管理工程,,,508,79620
1748,天津中医药大学[公办],,传播学,,,557,38272
1748,天津中医药大学[公办],,应用心理学,,,566,31393
1748,天津中医药大学[公办],,医学信息工程,,,561,35449
1748,天津中医药大学[公办],,制药工程,,,559,36873
1748,天津中医药大学[公办],,临床医学,,,586,20047
1748,天津中医药大学[公办],,食品卫生与营养学,,,557,38272
1748,天津中医药大学[公办],,中医学类,,,573,27552
1748,天津中医药大学[公办],,中医学(拔尖创新人才培养模式改革9年制),,,613,8757
1748,天津中医药大学[公办],,中医学(5+3一体化),,,601,13049
1748,天津中医药大学[公办],,中医学(5+3一体化中医儿科学),,,597,14703
1748,天津中医药大学[公办],,中西医临床医学,,,593,16515
1748,天津中医药大学[公办],,药学类,,,563,34024
1748,天津中医药大学[公办],,临床药学,,,568,30714
1748,天津中医药大学[公办],,中药学类,,,567,31356
1748,天津中医药大学[公办],,中药学(拔尖学生培养基地班),,,578,24508
1748,天津中医药大学[公办],,医学技术类,,,557,38272
1748,天津中医药大学[公办],,康复治疗学,,,556,39008
1748,天津中医药大学[公办],,护理学类,,,541,50682
1748,天津中医药大学[公办],,工商管理类,,,553,41254
1748,天津中医药大学[公办],,公共管理类,,,551,42759
1748,天津中医药大学[公办],,临床药学(中外合作办学),,,531,58995
1750,天水师范学院[公办],,材料成型及控制工程,,,462,123141
1750,天水师范学院[公办],,土木工程,,,461,124059
1754,通化师范学院[公办],,数学与应用数学,,,488,98638
1754,通化师范学院[公办],,计算机科学与技术,,,485,101531
1756,同济大学(上海市)[公办],,经济管理试验班,,,654,1155
1756,同济大学(上海市)[公办],,工科试验班(建筑规划景观与设计类),,,658,909
1756,同济大学(上海市)[公办],,工科试验班(土木与环境类),,,650,1536
1756,同济大学(上海市)[公办],,工科试验班(智能化制造类),,,652,1351
1756,同济大学(上海市)[公办],,工科试验班(信息类),,,655,1114
1756,同济大学(上海市)[公办],,技术科学试验班(智能交通与车辆类),,,650,1536
1756,同济大学(上海市)[公办],,理科试验班,,,652,1351
1757,同济大学(医学试验班)[公办],,医学试验班,,,653,1257
1758,同济大学(中外合作办学)[公办],,机械类(中外合作办学),,,642,2440
1764,皖江工学院(马鞍山市)[民办],,机械工程,,,440,142251
1764,皖江工学院(马鞍山市)[民办],,车辆工程,,,432,148796
1764,皖江工学院(马鞍山市)[民办],,电气工程及其自动化,,,434,147162
1764,皖江工学院(马鞍山市)[民办],,自动化,,,430,150433
1764,皖江工学院(马鞍山市)[民办],,计算机科学与技术,,,443,139702
1764,皖江工学院(马鞍山市)[民办],,土木工程,,,426,153495
1764,皖江工学院(马鞍山市)[民办],,给排水科学与工程,,,424,154962
1764,皖江工学院(马鞍山市)[民办],,水利水电工程,,,440,142251
1764,皖江工学院(马鞍山市)[民办],,港口航道与海岸工程,,,418,159311
1764,皖江工学院(马鞍山市)[民办],,水务工程,,,421,157137
1764,皖江工学院(马鞍山市)[民办],,交通工程,,,422,156398
1764,皖江工学院(马鞍山市)[民办],,工程管理,,,421,157137
1765,皖南医学院(芜湖市)[公办],,临床医学,,,535,55619
1765,皖南医学院(芜湖市)[公办],,麻醉学,,,527,62507
1765,皖南医学院(芜湖市)[公办],,医学影像学,,,527,62507
1765,皖南医学院(芜湖市)[公办],,口腔医学,,,545,47376
1765,皖南医学院(芜湖市)[公办],,药学,,,522,66880
1765,皖南医学院(芜湖市)[公办],,法医学,,,525,64228
1771,潍坊科技学院[民办],,金融工程,,,448,135403
1771,潍坊科技学院[民办],,生物技术,,,442,140581
1771,潍坊科技学院[民办],,机械设计制造及其自动化,,,446,137128
1771,潍坊科技学院[民办],,车辆工程,,,442,140581
1771,潍坊科技学院[民办],,电子信息科学与技术,,,452,131939
1771,潍坊科技学院[民办],,化学工程与工艺,,,440,142251
1771,潍坊科技学院[民办],,环境工程,,,444,138829
1771,潍坊科技学院[民办],,设施农业科学与工程,,,444,138829
1771,潍坊科技学院[民办],,工程造价,,,445,137992
1773,潍坊学院[公办],,国际经济与贸易,,,502,85294
1773,潍坊学院[公办],,小学教育,,,508,79620
1773,潍坊学院[公办],,信息与计算科学,,,505,82447
1773,潍坊学院[公办],,物理学,,,506,81500
1773,潍坊学院[公办],,化学,,,507,80550
1773,潍坊学院[公办],,应用化学,,,496,90982
1773,潍坊学院[公办],,生物科学,,,503,84351
1773,潍坊学院[公办],,生物技术,,,496,90982
1773,潍坊学院[公办],,应用统计学,,,506,81500
1773,潍坊学院[公办],,机械设计制造及其自动化,,,506,81500
1773,潍坊学院[公办],,工业设计,,,503,84351
1773,潍坊学院[公办],,车辆工程,,,504,83397
1773,潍坊学院[公办],,电子信息工程,,,508,79620
1773,潍坊学院[公办],,光电信息科学与工程,,,507,80550
1773,潍坊学院[公办],,自动化,,,508,79620
1773,潍坊学院[公办],,计算机科学与技术,,,526,63346
1773,潍坊学院[公办],,网络工程,,,508,79620
1773,潍坊学院[公办],,化学工程与工艺,,,497,90044
1773,潍坊学院[公办],,环境工程,,,492,94896
1773,潍坊学院[公办],,工程管理,,,500,88132
1774,潍坊医学院[公办],,食品质量与安全,,,517,71252
1774,潍坊医学院[公办],,临床医学,,,545,47376
1774,潍坊医学院[公办],,麻醉学,,,543,49037
1774,潍坊医学院[公办],,医学影像学,,,544,48201
1774,潍坊医学院[公办],,预防医学,,,528,61650
1774,潍坊医学院[公办],,药学,,,527,62507
1774,潍坊医学院[公办],,医学检验技术,,,524,65102
1774,潍坊医学院[公办],,卫生检验与检疫,,,521,67756
1774,潍坊医学院[公办],,护理学,,,522,66880
1774,潍坊医学院[公办],,公共事业管理,,,508,79620
1777,温州大学[公办],,金融工程,,,555,39718
1777,温州大学[公办],,数学与应用数学(师范),,,553,41254
1777,温州大学[公办],,信息与计算科学,,,556,39008
1777,温州大学[公办],,物理学(师范),,,554,40472
1777,温州大学[公办],,化学(师范),,,550,43499
1777,温州大学[公办],,应用化学,,,539,52338
1777,温州大学[公办],,生态学,,,544,48201
1777,温州大学[公办],,应用统计学,,,550,43499
1777,温州大学[公办],,机械工程(卓工超豪示范班),,,550,43499
1777,温州大学[公办],,电气工程及其自动化,,,554,40472
1777,温州大学[公办],,电子信息科学与技术,,,565,32080
1777,温州大学[公办],,计算机科学与技术,,,559,36873
1777,温州大学[公办],,数据科学与大数据技术,,,558,37566
1777,温州大学[公办],,土木工程,,,539,52338
1777,温州大学[公办],,工业工程,,,549,44261
1778,温州肯恩大学[中外合作办学],,金融学(中外合作办学)(国际金融方向),,,523,65971
1778,温州肯恩大学[中外合作办学],,英语(中外合作办学)(国际应用方向),,,504,83397
1778,温州肯恩大学[中外合作办学],,传播学(中外合作办学),,,485,101531
1778,温州肯恩大学[中外合作办学],,数学与应用数学(中外合作办学)(数据分析方向),,,451,132831
1778,温州肯恩大学[中外合作办学],,心理学(中外合作办学),,,472,113947
1778,温州肯恩大学[中外合作办学],,计算机科学与技术(中外合作办学),,,476,110122
1778,温州肯恩大学[中外合作办学],,建筑学(中外合作办学),,,458,126654
1778,温州肯恩大学[中外合作办学],,管理科学(中外合作办学)(国际供应链和信息管理方向),,,491,95797
1778,温州肯恩大学[中外合作办学],,管理科学(中外合作办学)(商业分析方向),,,473,113007
1778,温州肯恩大学[中外合作办学],,市场营销(中外合作办学)(国际方向),,,468,117642
1778,温州肯恩大学[中外合作办学],,会计学(中外合作办学)(国际会计方向),,,502,85294
1779,温州理工学院[公办],,机械类,,,503,84351
1779,温州理工学院[公办],,电子信息工程,,,505,82447
1779,温州理工学院[公办],,计算机科学与技术,,,521,67756
1781,文华学院[民办],,机械设计制造及其自动化,,,459,125856
1781,文华学院[民办],,智能制造工程,,,455,129310
1781,文华学院[民办],,智能制造工程(3D打印及三维数字设计特色班),,,450,133684
1781,文华学院[民办],,能源与动力工程,,,452,131939
1781,文华学院[民办],,电气类,,,459,125856
1781,文华学院[民办],,通信工程(智能技术与5G应用),,,460,124911
1781,文华学院[民办],,光电信息科学与工程(5G通信智能光网络技术),,,457,127518
1781,文华学院[民办],,机器人工程,,,453,131095
1781,文华学院[民办],,计算机科学与技术,,,476,110122
1781,文华学院[民办],,软件工程,,,467,118588
1781,文华学院[民办],,土木类,,,450,133684
1781,文华学院[民办],,环境工程,,,440,142251
1781,文华学院[民办],,建筑类,,,453,131095
1789,无锡太湖学院[民办],,金融学,,,460,124911
1789,无锡太湖学院[民办],,国际经济与贸易,,,452,131939
1789,无锡太湖学院[民办],,商务英语,,,459,125856
1789,无锡太湖学院[民办],,机械工程,,,444,138829
1789,无锡太湖学院[民办],,机械电子工程,,,446,137128
1789,无锡太湖学院[民办],,自动化,,,450,133684
1789,无锡太湖学院[民办],,土木工程,,,446,137128
1789,无锡太湖学院[民办],,护理学,,,444,138829
1789,无锡太湖学院[民办],,工程管理,,,446,137128
1789,无锡太湖学院[民办],,工商管理,,,450,133684
1789,无锡太湖学院[民办],,市场营销,,,446,137128
1789,无锡太湖学院[民办],,会计学,,,461,124059
1789,无锡太湖学院[民办],,财务管理,,,459,125856
1789,无锡太湖学院[民办],,人力资源管理,,,446,137128
1789,无锡太湖学院[民办],,审计学,,,453,131095
1789,无锡太湖学院[民办],,旅游管理,,,442,140581
1790,无锡学院[公办],,应用化学,,,496,90982
1790,无锡学院[公办],,大气科学,,,523,65971
1790,无锡学院[公办],,电气工程及其自动化,,,508,79620
1790,无锡学院[公办],,电子信息工程,,,512,75821
1790,无锡学院[公办],,电子科学与技术,,,508,79620
1790,无锡学院[公办],,通信工程,,,512,75821
1790,无锡学院[公办],,微电子科学与工程,,,506,81500
1790,无锡学院[公办],,信息工程,,,508,79620
1790,无锡学院[公办],,机器人工程,,,511,76779
1790,无锡学院[公办],,计算机科学与技术,,,515,73018
1790,无锡学院[公办],,软件工程,,,513,74844
1790,无锡学院[公办],,网络工程,,,509,78673
1790,无锡学院[公办],,物联网工程,,,513,74844
1790,无锡学院[公办],,数据科学与大数据技术,,,512,75821
1790,无锡学院[公办],,交通运输,,,499,88132
1790,无锡学院[公办],,环境科学与工程,,,498,89072
1793,梧州学院[公办],,机械设计制造及其自动化,,,476,110122
1793,梧州学院[公办],,电子信息工程,,,476,110122
1793,梧州学院[公办],,软件工程,,,490,96770
1793,梧州学院[公办],,数据科学与大数据技术,,,481,105433
1795,五邑大学(江门市)[公办],,汉语言文学,,,525,64228
1795,五邑大学(江门市)[公办],,电子信息工程,,,527,62507
1795,五邑大学(江门市)[公办],,通信工程,,,524,65102
1795,五邑大学(江门市)[公办],,交通工程,,,511,76779
1795,五邑大学(江门市)[公办],,食品科学与工程,,,509,78673
1795,五邑大学(江门市)[公办],,电子商务,,,534,56478
1796,武昌工学院[民办],,机械工程(工业机器人与智能制造方向),,,447,136314
1796,武昌工学院[民办],,智能制造工程,,,438,143930
1796,武昌工学院[民办],,电气工程及其自动化,,,443,139702
1796,武昌工学院[民办],,电子信息工程,,,445,137992
1796,武昌工学院[民办],,机器人工程,,,434,147162
1796,武昌工学院[民办],,计算机科学与技术,,,445,137992
1796,武昌工学院[民办],,软件工程,,,446,137128
1796,武昌工学院[民办],,大数据管理与应用(商务数据分析方向),,,450,133684
1796,武昌工学院[民办],,会计学(注册会计师方向),,,450,133684
1797,武昌理工学院[民办],,软件工程(科大讯飞精英班),,,447,136314
1797,武昌理工学院[民办],,智能科学与技术(科大讯飞精英班),,,443,139702
1797,武昌理工学院[民办],,数据科学与大数据技术(科大讯飞精英班),,,444,138829
1798,武昌首义学院[民办],,机械设计制造及其自动化(智能制造方向),,,455,129310
1798,武昌首义学院[民办],,机械电子工程,,,451,132831
1798,武昌首义学院[民办],,电气工程及其自动化,,,449,134515
1798,武昌首义学院[民办],,计算机科学与技术,,,478,108213
1798,武昌首义学院[民办],,计算机科学与技术(华为云特色班),,,457,127518
1798,武昌首义学院[民办],,软件工程,,,467,118588
1798,武昌首义学院[民办],,软件工程(华为云特色班),,,470,115794
1798,武昌首义学院[民办],,物联网工程,,,464,121286
1798,武昌首义学院[民办],,物联网工程(厚溥智能信息特色班),,,467,118588
1798,武昌首义学院[民办],,土木类,,,461,124059
1798,武昌首义学院[民办],,管理科学与工程类,,,458,126654
1800,武汉城市学院[民办],,机械设计制造及其自动化,,,470,115794
1800,武汉城市学院[民办],,计算机科学与技术,,,493,93969
1800,武汉城市学院[民办],,土木工程,,,476,110122
1800,武汉城市学院[民办],,护理学,,,472,113947
1800,武汉城市学院[民办],,工程造价,,,469,116739
1800,武汉城市学院[民办],,工商管理,,,469,116739
1800,武汉城市学院[民办],,会计学,,,469,116739
1804,武汉大学[公办],,社会科学试验班(信息管理类),,,643,2296
1804,武汉大学[公办],,工科试验班(一流学科群),,,645,2065
1804,武汉大学[公办],,工科试验班(弘毅学堂),,,655,1114
1804,武汉大学[公办],,理科试验班(空间信息与资源环境类),,,643,2296
1804,武汉大学[公办],,金融学类(弘毅学堂数理经济与数理金融试验班),,,658,909
1804,武汉大学[公办],,数学类(含数学国家拔尖学生培养基地),,,651,1409
1804,武汉大学[公办],,物理学类(含物理学国家拔尖学生培养基地),,,648,1730
1804,武汉大学[公办],,化学类(含化学国家拔尖学生培养基地),,,650,1536
1804,武汉大学[公办],,生物科学类(含生物国家拔尖学生培养基地),,,651,1409
1804,武汉大学[公办],,电子信息类(含卓越工程师教育培养计划),,,648,1730
1804,武汉大学[公办],,计算机类(国家网络安全学院),,,651,1409
1804,武汉大学[公办],,计算机类(计算机学院),,,652,1351
1804,武汉大学[公办],,测绘类(含卓越工程师教育培养计划),,,646,1952
1804,武汉大学[公办],,遥感科学与技术(国家一流本科专业),,,649,1627
1804,武汉大学[公办],,轻工类(含卓越工程师教育培养计划),,,642,2440
1804,武汉大学[公办],,建筑类(含卓越工程师教育培养计划),,,646,1952
1804,武汉大学[公办],,临床医学类,,,645,2065
1804,武汉大学[公办],,临床医学(八年制),,,657,941
1804,武汉大学[公办],,临床医学(五加三一体化),,,647,1841
1804,武汉大学[公办],,临床医学(八年制，弘毅学堂),,,658,909
1804,武汉大学[公办],,口腔医学(五加三一体化),,,656,1046
1804,武汉大学[公办],,工商管理类,,,644,2176
1807,武汉纺织大学[公办],,国际经济与贸易,,,537,53967
1807,武汉纺织大学[公办],,化学类,,,529,60756
1807,武汉纺织大学[公办],,材料类,,,530,59831
1807,武汉纺织大学[公办],,计算机类,,,548,44990
1807,武汉纺织大学[公办],,纺织类,,,523,65971
1807,武汉纺织大学[公办],,化妆品技术与工程,,,528,61650
1807,武汉纺织大学[公办],,环境科学与工程类,,,525,64228
1807,武汉纺织大学[公办],,工商管理类,,,550,43499
1807,武汉纺织大学[公办],,物流管理,,,546,45883
1807,武汉纺织大学[公办],,纺织工程(中外合作办学),,,469,116739
1808,武汉纺织大学外经贸学院[独立学院],,计算机科学与技术,,,447,136314
1809,武汉工程大学[公办],,法学类,,,571,28818
1809,武汉工程大学[公办],,信息与计算科学,,,570,29403
1809,武汉工程大学[公办],,机械类,,,568,30714
1809,武汉工程大学[公办],,材料类,,,563,34024
1809,武汉工程大学[公办],,材料物理(半导体芯片制造方向),,,567,31356
1809,武汉工程大学[公办],,材料化学(先进材料与3D打印方向),,,564,32737
1809,武汉工程大学[公办],,新能源材料与器件(光电与智能材料方向),,,564,32737
1809,武汉工程大学[公办],,电气工程及其自动化,,,571,28818
1809,武汉工程大学[公办],,电子信息类,,,571,28818
1809,武汉工程大学[公办],,光电信息科学与工程,,,568,30714
1809,武汉工程大学[公办],,人工智能,,,570,29403
1809,武汉工程大学[公办],,自动化类,,,570,29403
1809,武汉工程大学[公办],,计算机类,,,575,26354
1809,武汉工程大学[公办],,软件工程,,,573,27552
1809,武汉工程大学[公办],,智能科学与技术(机器人方向),,,569,30021
1809,武汉工程大学[公办],,数据科学与大数据技术,,,573,27552
1809,武汉工程大学[公办],,土木工程(建工方向、道桥方向、地下工程方向),,,564,32737
1809,武汉工程大学[公办],,化工与制药类,,,563,34024
1809,武汉工程大学[公办],,建筑类,,,568,30714
1809,武汉工程大学[公办],,工商管理类,,,571,28818
1809,武汉工程大学[公办],,会计学(英语双专业、国家人才培养创新实验区),,,573,27552
1809,武汉工程大学[公办],,能源与动力工程(中外合作办学),,,542,49854
1809,武汉工程大学[公办],,化学工程与工艺(中外合作办学),,,531,58995
1810,武汉工程大学邮电与信息工程学院[独立学院],,材料成型及控制工程(塑料成型及模具设计方向),,,443,139702
1810,武汉工程大学邮电与信息工程学院[独立学院],,过程装备与控制工程(计算机仿真模拟方向),,,454,130189
1810,武汉工程大学邮电与信息工程学院[独立学院],,自动化(AI方向),,,458,126654
1810,武汉工程大学邮电与信息工程学院[独立学院],,计算机科学与技术,,,465,120370
1810,武汉工程大学邮电与信息工程学院[独立学院],,化学工程与工艺(精化方向),,,447,136314
1814,武汉华夏理工学院[民办],,计算机类,,,456,128454
1814,武汉华夏理工学院[民办],,工程造价,,,451,132831
1817,武汉科技大学[公办],,经济与贸易类,,,578,24508
1817,武汉科技大学[公办],,外国语言文学类,,,579,23927
1817,武汉科技大学[公办],,机械类,,,577,25118
1817,武汉科技大学[公办],,材料类,,,571,28818
1817,武汉科技大学[公办],,自动化类,,,580,23348
1817,武汉科技大学[公办],,计算机类,,,586,20047
1817,武汉科技大学[公办],,土木类,,,576,25729
1817,武汉科技大学[公办],,化工与制药类,,,571,28818
1817,武汉科技大学[公办],,工商管理类,,,578,24508
1818,武汉理工大学[公办],,经济学类,,,612,9070
1818,武汉理工大学[公办],,数学类,,,610,9711
1818,武汉理工大学[公办],,地理科学类,,,606,11130
1818,武汉理工大学[公办],,机械类(车辆),,,608,10398
1818,武汉理工大学[公办],,机械类(机电工程),,,608,10398
1818,武汉理工大学[公办],,机械设计制造及其自动化,,,610,9711
1818,武汉理工大学[公办],,材料类,,,607,10760
1818,武汉理工大学[公办],,能源动力类,,,608,10398
1818,武汉理工大学[公办],,电子信息类,,,615,8162
1818,武汉理工大学[公办],,自动化类,,,612,9070
1818,武汉理工大学[公办],,计算机类,,,617,7638
1818,武汉理工大学[公办],,土木类,,,604,11858
1818,武汉理工大学[公办],,导航工程,,,607,10760
1818,武汉理工大学[公办],,化工与制药类(含生物方向),,,602,12631
1818,武汉理工大学[公办],,交通运输类,,,608,10398
1818,武汉理工大学[公办],,海洋工程类,,,601,13049
1818,武汉理工大学[公办],,环境科学与工程类,,,604,11858
1818,武汉理工大学[公办],,建筑类,,,608,10398
1818,武汉理工大学[公办],,管理科学与工程类(大数据管理与安全科学),,,608,10398
1818,武汉理工大学[公办],,信息管理与信息系统,,,610,9711
1818,武汉理工大学[公办],,工商管理类,,,606,11130
1818,武汉理工大学[公办],,金融学(中外合作办学),,,594,16046
1818,武汉理工大学[公办],,生物科学类(中外合作办学),,,562,34751
1818,武汉理工大学[公办],,车辆工程(中外合作办学),,,578,24508
1821,武汉轻工大学[公办],,信息与计算科学,,,549,44261
1821,武汉轻工大学[公办],,生物技术,,,532,58171
1821,武汉轻工大学[公办],,机械类,,,542,49854
1821,武汉轻工大学[公办],,材料化学,,,531,58995
1821,武汉轻工大学[公办],,电子信息类,,,546,45883
1821,武汉轻工大学[公办],,计算机类,,,548,44990
1821,武汉轻工大学[公办],,土木类,,,535,55619
1821,武汉轻工大学[公办],,化学工程与工艺,,,538,53169
1821,武汉轻工大学[公办],,制药工程,,,536,54791
1821,武汉轻工大学[公办],,食品科学与工程类,,,535,55619
1821,武汉轻工大学[公办],,建筑学,,,538,53169
1821,武汉轻工大学[公办],,生物工程类,,,532,58171
1822,武汉晴川学院[民办],,金融科技,,,451,132831
1822,武汉晴川学院[民办],,电气工程及其自动化,,,457,127518
1822,武汉晴川学院[民办],,计算机科学与技术,,,458,126654
1827,武汉生物工程学院[民办],,生物技术,,,454,130189
1827,武汉生物工程学院[民办],,机械设计制造及其自动化,,,460,124911
1827,武汉生物工程学院[民办],,计算机科学与技术,,,473,113007
1827,武汉生物工程学院[民办],,制药工程,,,465,120370
1827,武汉生物工程学院[民办],,生物工程,,,458,126654
1827,武汉生物工程学院[民办],,医学检验技术,,,459,125856
1829,武汉体育学院体育科技学院[独立学院],,经济学,,,442,140581
1829,武汉体育学院体育科技学院[独立学院],,网络与新媒体,,,449,134515
1833,武汉文理学院[民办],,金融学,,,451,132831
1833,武汉文理学院[民办],,互联网金融,,,451,132831
1833,武汉文理学院[民办],,国际经济与贸易,,,451,132831
1833,武汉文理学院[民办],,法学,,,457,127518
1833,武汉文理学院[民办],,学前教育,,,450,133684
1833,武汉文理学院[民办],,小学教育,,,454,130189
1833,武汉文理学院[民办],,外国语言文学类,,,441,141442
1833,武汉文理学院[民办],,法语,,,444,138829
1833,武汉文理学院[民办],,新闻传播学类,,,451,132831
1833,武汉文理学院[民办],,广告学(网络广告与品牌传播、数字影视创意与制作),,,457,127518
1833,武汉文理学院[民办],,应用心理学,,,456,128454
1833,武汉文理学院[民办],,机械设计制造及其自动化(机器人、智能制造),,,452,131939
1833,武汉文理学院[民办],,电子信息工程,,,455,129310
1833,武汉文理学院[民办],,计算机科学与技术,,,458,126654
1833,武汉文理学院[民办],,数据科学与大数据技术,,,449,134515
1833,武汉文理学院[民办],,土木工程,,,443,139702
1833,武汉文理学院[民办],,药学,,,449,134515
1833,武汉文理学院[民办],,医学影像技术,,,449,134515
1833,武汉文理学院[民办],,护理学,,,447,136314
1833,武汉文理学院[民办],,信息管理与信息系统,,,445,137992
1833,武汉文理学院[民办],,市场营销,,,446,137128
1833,武汉文理学院[民办],,财务管理,,,450,133684
1833,武汉文理学院[民办],,公共管理类,,,446,137128
1833,武汉文理学院[民办],,物流管理,,,458,126654
1833,武汉文理学院[民办],,电子商务,,,444,138829
1833,武汉文理学院[民办],,旅游管理类,,,439,143057
1834,武汉学院[民办],,网络工程,,,475,111128
1834,武汉学院[民办],,管理科学与工程类,,,463,122201
1838,武夷学院(武夷山市)[公办],,机械设计制造及其自动化,,,500,88132
1838,武夷学院(武夷山市)[公办],,电子信息工程,,,501,88132
1838,武夷学院(武夷山市)[公办],,通信工程,,,493,93969
1838,武夷学院(武夷山市)[公办],,微电子科学与工程,,,493,93969
1838,武夷学院(武夷山市)[公办],,计算机科学与技术,,,511,76779
1838,武夷学院(武夷山市)[公办],,土木工程,,,497,90044
1838,武夷学院(武夷山市)[公办],,化学工程与工艺,,,499,88132
1838,武夷学院(武夷山市)[公办],,食品科学与工程,,,494,92936
1838,武夷学院(武夷山市)[公办],,茶学,,,489,97728
1838,武夷学院(武夷山市)[公办],,工程造价,,,496,90982
1839,西安财经大学[公办],,金融学,,,563,34024
1839,西安财经大学[公办],,金融数学,,,552,42004
1839,西安财经大学[公办],,贸易经济,,,563,34024
1839,西安财经大学[公办],,计算机科学与技术,,,553,41254
1839,西安财经大学[公办],,软件工程,,,552,42004
1839,西安财经大学[公办],,信息管理与信息系统,,,548,44990
1839,西安财经大学[公办],,大数据管理与应用,,,550,43499
1839,西安财经大学[公办],,物流管理,,,547,45772
1839,西安财经大学[公办],,金融学(中外合作办学),,,522,66880
1843,西安电子科技大学[公办],,电子信息类,,,625,5524
1843,西安电子科技大学[公办],,自动化类(智能制造及智能测控),,,623,6003
1843,西安电子科技大学[公办],,计算机类,,,625,5524
1843,西安电子科技大学[公办],,电子信息工程(中外合作办学),,,594,16046
1843,西安电子科技大学[公办],,通信工程(中外合作办学),,,599,13858
1847,西安工程大学[公办],,金融工程,,,557,38272
1847,西安工程大学[公办],,数学类,,,558,37566
1847,西安工程大学[公办],,应用物理学,,,554,40472
1847,西安工程大学[公办],,应用化学,,,548,44990
1847,西安工程大学[公办],,统计学,,,556,39008
1847,西安工程大学[公办],,材料成型及控制工程,,,553,41254
1847,西安工程大学[公办],,工业设计,,,557,38272
1847,西安工程大学[公办],,智能制造工程,,,558,37566
1847,西安工程大学[公办],,电气工程及其自动化,,,561,35449
1847,西安工程大学[公办],,电子信息类,,,561,35449
1847,西安工程大学[公办],,微电子科学与工程,,,560,36168
1847,西安工程大学[公办],,人工智能,,,561,35449
1847,西安工程大学[公办],,自动化,,,560,36168
1847,西安工程大学[公办],,机器人工程,,,564,32737
1847,西安工程大学[公办],,计算机类,,,564,32737
1847,西安工程大学[公办],,计算机科学与技术,,,568,30714
1847,西安工程大学[公办],,土木类,,,554,40472
1847,西安工程大学[公办],,化学工程与工艺,,,545,47376
1847,西安工程大学[公办],,纺织类,,,421,157137
1847,西安工程大学[公办],,纺织工程,,,510,77713
1847,西安工程大学[公办],,服装设计与工程,,,539,52338
1847,西安工程大学[公办],,服装设计与工程,,,537,53967
1847,西安工程大学[公办],,轻化工程,,,552,42004
1847,西安工程大学[公办],,环境工程,,,542,49854
1847,西安工程大学[公办],,风景园林,,,551,42759
1847,西安工程大学[公办],,生物工程,,,550,43499
1847,西安工程大学[公办],,大数据管理与应用,,,560,36168
1847,西安工程大学[公办],,工商管理,,,554,40472
1847,西安工程大学[公办],,会计学,,,560,36168
1847,西安工程大学[公办],,行政管理,,,553,41254
1848,西安工商学院[民办],,电气工程及其自动化,,,441,141442
1848,西安工商学院[民办],,通信工程,,,430,150433
1848,西安工商学院[民办],,计算机科学与技术,,,440,142251
1848,西安工商学院[民办],,财务管理,,,438,143930
1849,西安工业大学[公办],,英语,,,580,23348
1849,西安工业大学[公办],,数学与应用数学,,,568,30714
1849,西安工业大学[公办],,信息与计算科学,,,570,29403
1849,西安工业大学[公办],,应用物理学,,,566,31393
1849,西安工业大学[公办],,机械电子工程,,,571,28818
1849,西安工业大学[公办],,智能制造工程,,,567,31356
1849,西安工业大学[公办],,测控技术与仪器,,,570,29403
1849,西安工业大学[公办],,材料类,,,554,40472
1849,西安工业大学[公办],,光电信息科学与工程,,,572,28175
1849,西安工业大学[公办],,自动化,,,573,27552
1849,西安工业大学[公办],,机器人工程,,,568,30714
1849,西安工业大学[公办],,计算机科学与技术,,,579,23927
1849,西安工业大学[公办],,智能科学与技术,,,573,27552
1849,西安工业大学[公办],,数据科学与大数据技术,,,575,26354
1849,西安工业大学[公办],,土木工程,,,562,34751
1849,西安工业大学[公办],,武器系统与工程,,,572,28175
1849,西安工业大学[公办],,信息对抗技术,,,568,30714
1849,西安工业大学[公办],,生物医学工程,,,567,31356
1849,西安工业大学[公办],,工商管理类,,,566,31393
1849,西安工业大学[公办],,工业工程,,,563,34024
1851,西安航空学院[公办],,材料成型及控制工程,,,515,73018
1851,西安航空学院[公办],,电子信息工程,,,528,61650
1851,西安航空学院[公办],,光电信息科学与工程,,,522,66880
1851,西安航空学院[公办],,飞行器制造工程,,,521,67756
1853,西安建筑科技大学[公办],,数学与应用数学,,,569,30021
1853,西安建筑科技大学[公办],,工程力学,,,564,32737
1853,西安建筑科技大学[公办],,机械类,,,572,28175
1853,西安建筑科技大学[公办],,机械设计制造及其自动化,,,572,28175
1853,西安建筑科技大学[公办],,机械设计制造及其自动化,,,572,28175
1853,西安建筑科技大学[公办],,材料成型及控制工程,,,564,32737
1853,西安建筑科技大学[公办],,材料成型及控制工程,,,561,35449
1853,西安建筑科技大学[公办],,材料类,,,560,36168
1853,西安建筑科技大学[公办],,材料科学与工程,,,563,34024
1853,西安建筑科技大学[公办],,冶金工程,,,540,51523
1853,西安建筑科技大学[公办],,冶金工程,,,496,90982
1853,西安建筑科技大学[公办],,金属材料工程,,,564,32737
1853,西安建筑科技大学[公办],,新能源材料与器件,,,564,32737
1853,西安建筑科技大学[公办],,光电信息科学与工程,,,571,28818
1853,西安建筑科技大学[公办],,人工智能,,,577,25118
1853,西安建筑科技大学[公办],,自动化,,,573,27552
1853,西安建筑科技大学[公办],,计算机科学与技术,,,579,23927
1853,西安建筑科技大学[公办],,数据科学与大数据技术,,,574,26972
1853,西安建筑科技大学[公办],,土木工程,,,577,25118
1853,西安建筑科技大学[公办],,土木工程,,,581,22793
1853,西安建筑科技大学[公办],,建筑环境与能源应用工程,,,573,27552
1853,西安建筑科技大学[公办],,给排水科学与工程,,,566,31393
1853,西安建筑科技大学[公办],,给排水科学与工程,,,572,28175
1853,西安建筑科技大学[公办],,建筑电气与智能化,,,575,26354
1853,西安建筑科技大学[公办],,城市地下空间工程,,,573,27552
1853,西安建筑科技大学[公办],,化工与制药类,,,556,39008
1853,西安建筑科技大学[公办],,矿业类,,,502,85294
1853,西安建筑科技大学[公办],,交通运输,,,568,30714
1853,西安建筑科技大学[公办],,环境工程,,,572,28175
1853,西安建筑科技大学[公办],,建筑学,,,604,11858
1853,西安建筑科技大学[公办],,建筑学,,,618,7376
1853,西安建筑科技大学[公办],,城乡规划,,,596,15132
1853,西安建筑科技大学[公办],,城乡规划,,,586,20047
1853,西安建筑科技大学[公办],,风景园林,,,586,20047
1853,西安建筑科技大学[公办],,历史建筑保护工程,,,575,26354
1853,西安建筑科技大学[公办],,城市设计,,,578,24508
1853,西安建筑科技大学[公办],,安全工程,,,563,34024
1853,西安建筑科技大学[公办],,工程管理,,,568,30714
1853,西安建筑科技大学[公办],,大数据管理与应用,,,569,30021
1853,西安建筑科技大学[公办],,计算机科学与技术(中外合作办学),,,552,42004
1853,西安建筑科技大学[公办],,土木工程(中外合作办学),,,545,47376
1853,西安建筑科技大学[公办],,建筑电气与智能化(中外合作办学),,,536,54791
1853,西安建筑科技大学[公办],,工程管理(中外合作办学),,,528,61650
1854,西安建筑科技大学华清学院[独立学院],,机械类,,,451,132831
1854,西安建筑科技大学华清学院[独立学院],,电气工程及其自动化,,,453,131095
1854,西安建筑科技大学华清学院[独立学院],,通信工程,,,448,135403
1854,西安建筑科技大学华清学院[独立学院],,计算机科学与技术,,,459,125856
1854,西安建筑科技大学华清学院[独立学院],,土木工程,,,456,128454
1854,西安建筑科技大学华清学院[独立学院],,给排水科学与工程,,,454,130189
1854,西安建筑科技大学华清学院[独立学院],,建筑学,,,470,115794
1854,西安建筑科技大学华清学院[独立学院],,风景园林,,,452,131939
1854,西安建筑科技大学华清学院[独立学院],,安全工程,,,445,137992
1854,西安建筑科技大学华清学院[独立学院],,工程管理,,,446,137128
1855,西安交通大学[公办],,工科试验班(钱学森班之智能电气Q),,,660,781
1855,西安交通大学[公办],,工科试验班(钱学森班之智慧能源动力Q),,,657,941
1855,西安交通大学[公办],,工科试验班(钱学森班之智能技术与自动化Q),,,659,848
1855,西安交通大学[公办],,工科试验班(钱学森班之智能制造Q),,,653,1257
1855,西安交通大学[公办],,工科试验班(越杰计划之智能电气与信息类Q),,,658,909
1855,西安交通大学[公办],,工科试验班(越杰计划之智慧能源与智能制造类Q),,,653,1257
1855,西安交通大学[公办],,工科试验班(智慧能源与智能制造类),,,646,1952
1855,西安交通大学[公办],,工科试验班(智能电气与信息类),,,651,1409
1855,西安交通大学[公办],,工科试验班(经管类),,,648,1730
1855,西安交通大学[公办],,理科试验班(数学H),,,657,941
1855,西安交通大学[公办],,理科试验班(物理H),,,655,1114
1855,西安交通大学[公办],,理科试验班,,,647,1841
1855,西安交通大学[公办],,医学试验班(侯宗濂班H),,,648,1730
1855,西安交通大学[公办],,人工智能(AIH),,,657,941
1855,西安交通大学[公办],,会计学(ACCA),,,647,1841
1856,西安交通大学城市学院[独立学院],,经济学类,,,460,124911
1856,西安交通大学城市学院[独立学院],,国际经济与贸易,,,459,125856
1856,西安交通大学城市学院[独立学院],,外国语言文学类,,,447,136314
1856,西安交通大学城市学院[独立学院],,网络与新媒体,,,461,124059
1856,西安交通大学城市学院[独立学院],,机械类,,,459,125856
1856,西安交通大学城市学院[独立学院],,能源与动力工程,,,458,126654
1856,西安交通大学城市学院[独立学院],,电气类,,,460,124911
1856,西安交通大学城市学院[独立学院],,电子信息工程,,,471,114847
1856,西安交通大学城市学院[独立学院],,通信工程,,,484,102507
1856,西安交通大学城市学院[独立学院],,计算机类,,,465,120370
1856,西安交通大学城市学院[独立学院],,土木类,,,459,125856
1856,西安交通大学城市学院[独立学院],,工商管理类,,,455,129310
1858,西安交通工程学院[民办],,机械设计制造及其自动化,,,449,134515
1858,西安交通工程学院[民办],,电气工程及其自动化,,,450,133684
1858,西安交通工程学院[民办],,机器人工程,,,447,136314
1859,西安科技大学[公办],,数学与应用数学,,,575,26354
1859,西安科技大学[公办],,应用化学,,,569,30021
1859,西安科技大学[公办],,地理信息科学,,,572,28175
1859,西安科技大学[公办],,机械设计制造及其自动化,,,575,26354
1859,西安科技大学[公办],,智能制造工程,,,573,27552
1859,西安科技大学[公办],,材料科学与工程,,,562,34751
1859,西安科技大学[公办],,电气工程及其自动化,,,579,23927
1859,西安科技大学[公办],,电子科学与技术,,,576,25729
1859,西安科技大学[公办],,通信工程,,,579,23927
1859,西安科技大学[公办],,计算机科学与技术,,,580,23348
1859,西安科技大学[公办],,软件工程,,,580,23348
1859,西安科技大学[公办],,物联网工程,,,574,26972
1859,西安科技大学[公办],,数据科学与大数据技术,,,577,25118
1859,西安科技大学[公办],,建筑环境与能源应用工程,,,564,32737
1859,西安科技大学[公办],,测绘工程,,,571,28818
1859,西安科技大学[公办],,能源化学工程,,,566,31393
1859,西安科技大学[公办],,地质工程,,,563,34024
1859,西安科技大学[公办],,资源勘查工程,,,554,40472
1859,西安科技大学[公办],,采矿工程,,,489,97728
1859,西安科技大学[公办],,矿物加工工程,,,549,44261
1859,西安科技大学[公办],,环境工程,,,562,34751
1859,西安科技大学[公办],,建筑学,,,574,26972
1859,西安科技大学[公办],,城乡规划,,,573,27552
1859,西安科技大学[公办],,安全工程,,,572,28175
1859,西安科技大学[公办],,应急技术与管理,,,567,31356
1859,西安科技大学[公办],,信息管理与信息系统,,,574,26972
1859,西安科技大学[公办],,工程管理,,,568,30714
1859,西安科技大学[公办],,工业工程,,,568,30714
1859,西安科技大学[公办],,土木工程(中外合作办学),,,499,88132
1860,西安科技大学高新学院[独立学院],,学前教育,,,446,137128
1860,西安科技大学高新学院[独立学院],,能源与动力工程,,,451,132831
1860,西安科技大学高新学院[独立学院],,计算机科学与技术,,,454,130189
1860,西安科技大学高新学院[独立学院],,软件工程,,,453,131095
1860,西安科技大学高新学院[独立学院],,物联网工程,,,449,134515
1860,西安科技大学高新学院[独立学院],,土木工程,,,449,134515
1860,西安科技大学高新学院[独立学院],,建筑学,,,447,136314
1861,西安理工大学[公办],,信息与计算科学,,,579,23927
1861,西安理工大学[公办],,应用物理学,,,574,26972
1861,西安理工大学[公办],,工程力学,,,572,28175
1861,西安理工大学[公办],,机械设计制造及其自动化,,,580,23348
1861,西安理工大学[公办],,材料成型及控制工程,,,570,29403
1861,西安理工大学[公办],,车辆工程,,,573,27552
1861,西安理工大学[公办],,智能制造工程,,,576,25729
1861,西安理工大学[公办],,测控技术与仪器,,,576,25729
1861,西安理工大学[公办],,材料物理,,,574,26972
1861,西安理工大学[公办],,材料化学,,,571,28818
1861,西安理工大学[公办],,电气类,,,580,23348
1861,西安理工大学[公办],,电子科学与技术,,,582,22261
1861,西安理工大学[公办],,通信工程,,,579,23927
1861,西安理工大学[公办],,微电子科学与工程,,,579,23927
1861,西安理工大学[公办],,集成电路设计与集成系统,,,578,24508
1861,西安理工大学[公办],,自动化类,,,581,22793
1861,西安理工大学[公办],,计算机科学与技术,,,584,21139
1861,西安理工大学[公办],,软件工程,,,582,22261
1861,西安理工大学[公办],,数据科学与大数据技术,,,580,23348
1861,西安理工大学[公办],,土木工程,,,573,27552
1861,西安理工大学[公办],,水利水电工程,,,577,25118
1861,西安理工大学[公办],,环境工程,,,571,28818
1861,西安理工大学[公办],,建筑学,,,575,26354
1861,西安理工大学[公办],,工程管理,,,571,28818
1861,西安理工大学[公办],,大数据管理与应用,,,577,25118
1861,西安理工大学[公办],,会计学,,,583,21718
1861,西安理工大学[公办],,机械设计制造及其自动化(中外合作办学),,,540,51523
1861,西安理工大学[公办],,电子科学与技术(中外合作办学),,,544,48201
1861,西安理工大学[公办],,计算机科学与技术(中外合作办学),,,547,45772
1861,西安理工大学[公办],,土木工程(中外合作办学),,,529,60756
1863,西安明德理工学院(西安市)[民办],,通信工程,,,446,137128
1863,西安明德理工学院(西安市)[民办],,机器人工程,,,443,139702
1863,西安明德理工学院(西安市)[民办],,计算机科学与技术,,,451,132831
1863,西安明德理工学院(西安市)[民办],,软件工程,,,450,133684
1863,西安明德理工学院(西安市)[民办],,数据科学与大数据技术,,,447,136314
1863,西安明德理工学院(西安市)[民办],,飞行器制造工程,,,437,144729
1864,西安欧亚学院[民办],,小学教育,,,448,135403
1864,西安欧亚学院[民办],,数字出版,,,436,145515
1864,西安欧亚学院[民办],,通信工程,,,441,141442
1864,西安欧亚学院[民办],,物联网工程,,,444,138829
1864,西安欧亚学院[民办],,土木工程,,,441,141442
1864,西安欧亚学院[民办],,智能建造,,,437,144729
1864,西安欧亚学院[民办],,工程管理,,,437,144729
1864,西安欧亚学院[民办],,房地产开发与管理,,,440,142251
1864,西安欧亚学院[民办],,工程造价,,,442,140581
1865,西安培华学院[民办],,网络与新媒体,,,498,89072
1865,西安培华学院[民办],,电子信息工程,,,451,132831
1865,西安培华学院[民办],,通信工程,,,454,130189
1865,西安培华学院[民办],,计算机科学与技术,,,465,120370
1865,西安培华学院[民办],,软件工程,,,456,128454
1865,西安培华学院[民办],,数据科学与大数据技术,,,451,132831
1865,西安培华学院[民办],,建筑学,,,447,136314
1865,西安培华学院[民办],,医学检验技术,,,462,123141
1865,西安培华学院[民办],,会计学,,,454,130189
1865,西安培华学院[民办],,人力资源管理,,,453,131095
1865,西安培华学院[民办],,电子商务,,,452,131939
1866,西安汽车职业大学[民办],,大数据工程技术,,,446,137128
1867,西安石油大学[公办],,金融学,,,554,40472
1867,西安石油大学[公办],,数学类,,,554,40472
1867,西安石油大学[公办],,应用物理学,,,551,42759
1867,西安石油大学[公办],,地质学,,,547,45772
1867,西安石油大学[公办],,地球信息科学与技术,,,551,42759
1867,西安石油大学[公办],,机械设计制造及其自动化,,,558,37566
1867,西安石油大学[公办],,材料成型及控制工程,,,545,47376
1867,西安石油大学[公办],,机械电子工程,,,557,38272
1867,西安石油大学[公办],,工业设计,,,555,39718
1867,西安石油大学[公办],,过程装备与控制工程,,,544,48201
1867,西安石油大学[公办],,测控技术与仪器,,,556,39008
1867,西安石油大学[公办],,材料类,,,546,45883
1867,西安石油大学[公办],,焊接技术与工程,,,544,48201
1867,西安石油大学[公办],,新能源材料与器件,,,550,43499
1867,西安石油大学[公办],,能源与动力工程,,,554,40472
1867,西安石油大学[公办],,新能源科学与工程,,,555,39718
1867,西安石油大学[公办],,电气工程及其自动化,,,557,38272
1867,西安石油大学[公办],,电子信息工程,,,562,34751
1867,西安石油大学[公办],,光电信息科学与工程,,,553,41254
1867,西安石油大学[公办],,人工智能,,,563,34024
1867,西安石油大学[公办],,自动化,,,558,37566
1867,西安石油大学[公办],,计算机类,,,562,34751
1867,西安石油大学[公办],,数据科学与大数据技术,,,558,37566
1867,西安石油大学[公办],,土木工程,,,554,40472
1867,西安石油大学[公办],,化学工程与工艺,,,552,42004
1867,西安石油大学[公办],,能源化学工程,,,545,47376
1867,西安石油大学[公办],,地质工程,,,542,49854
1867,西安石油大学[公办],,勘查技术与工程,,,546,45883
1867,西安石油大学[公办],,资源勘查工程,,,551,42759
1867,西安石油大学[公办],,石油工程,,,555,39718
1867,西安石油大学[公办],,油气储运工程,,,548,44990
1867,西安石油大学[公办],,海洋油气工程,,,549,44261
1867,西安石油大学[公办],,环境工程,,,544,48201
1867,西安石油大学[公办],,安全工程,,,548,44990
1867,西安石油大学[公办],,工程管理,,,545,47376
1867,西安石油大学[公办],,工商管理类,,,554,40472
1868,西安思源学院[民办],,国际经济与贸易,,,445,137992
1868,西安思源学院[民办],,教育学,,,443,139702
1868,西安思源学院[民办],,学前教育,,,442,140581
1868,西安思源学院[民办],,小学教育,,,453,131095
1868,西安思源学院[民办],,中国语言文学类,,,448,135403
1868,西安思源学院[民办],,广告学,,,441,141442
1868,西安思源学院[民办],,网络与新媒体,,,448,135403
1868,西安思源学院[民办],,机械类,,,443,139702
1868,西安思源学院[民办],,电气类,,,442,140581
1868,西安思源学院[民办],,电子信息工程,,,445,137992
1868,西安思源学院[民办],,计算机类,,,450,133684
1868,西安思源学院[民办],,土木工程,,,450,133684
1868,西安思源学院[民办],,建筑学,,,446,137128
1868,西安思源学院[民办],,护理学,,,449,134515
1868,西安思源学院[民办],,大数据管理与应用,,,449,134515
1868,西安思源学院[民办],,工商管理类,,,444,138829
1868,西安思源学院[民办],,财务管理,,,449,134515
1872,西安外事学院[民办],,电子信息工程,,,450,133684
1872,西安外事学院[民办],,数据科学与大数据技术,,,439,143057
1873,西安文理学院[公办],,自动化,,,514,73932
1873,西安文理学院[公办],,数据科学与大数据技术,,,518,70350
1874,西安信息职业大学[民办],,电子信息工程技术,,,448,135403
1874,西安信息职业大学[民办],,计算机应用工程,,,452,131939
1874,西安信息职业大学[民办],,软件工程技术,,,451,132831
1874,西安信息职业大学[民办],,大数据工程技术,,,445,137992
1874,西安信息职业大学[民办],,区块链技术,,,444,138829
1876,西安医学院[公办],,临床医学,,,536,54791
1876,西安医学院[公办],,预防医学,,,524,65102
1876,西安医学院[公办],,药学,,,520,68600
1876,西安医学院[公办],,护理学,,,510,77713
1878,西安邮电大学[公办],,网络与新媒体,,,595,15596
1878,西安邮电大学[公办],,测控技术与仪器,,,576,25729
1878,西安邮电大学[公办],,电子信息工程,,,586,20047
1878,西安邮电大学[公办],,通信工程,,,588,19006
1878,西安邮电大学[公办],,微电子科学与工程,,,583,21718
1878,西安邮电大学[公办],,光电信息科学与工程,,,581,22793
1878,西安邮电大学[公办],,信息工程,,,584,21139
1878,西安邮电大学[公办],,广播电视工程,,,578,24508
1878,西安邮电大学[公办],,集成电路设计与集成系统,,,583,21718
1878,西安邮电大学[公办],,电磁场与无线技术,,,581,22793
1878,西安邮电大学[公办],,自动化,,,585,20594
1878,西安邮电大学[公办],,计算机科学与技术,,,589,18507
1878,西安邮电大学[公办],,网络工程,,,585,20594
1878,西安邮电大学[公办],,智能科学与技术,,,584,21139
1878,西安邮电大学[公办],,数据科学与大数据技术,,,586,20047
1878,西安邮电大学[公办],,信息对抗技术,,,580,23348
1878,西安邮电大学[公办],,财务管理,,,585,20594
1878,西安邮电大学[公办],,物流管理,,,579,23927
1878,西安邮电大学[公办],,电子信息工程(中外合作办学),,,555,39718
1879,西安邮电大学(边防军人子女预科班)[公办],,预科班,,,550,43499
1881,西北大学(西安市)[公办],,数学类,,,606,11130
1881,西北大学(西安市)[公办],,物理学类,,,607,10760
1881,西北大学(西安市)[公办],,化学类,,,600,13430
1881,西北大学(西安市)[公办],,生物科学,,,601,13049
1881,西北大学(西安市)[公办],,过程装备与控制工程,,,601,13049
1881,西北大学(西安市)[公办],,电子信息类,,,607,10760
1881,西北大学(西安市)[公办],,地质类,,,597,14703
1881,西北大学(西安市)[公办],,生物工程,,,598,14272
1881,西北大学(西安市)[公办],,临床医学,,,607,10760
1881,西北大学(西安市)[公办],,文物保护技术(中外合作办学),,,571,28818
1881,西北大学(西安市)[公办],,电子信息科学与技术(中外合作办学),,,569,30021
1882,西北大学现代学院[独立学院],,财务管理,,,459,125856
1884,西北工业大学(西安市)[公办],,数学类,,,633,3898
1884,西北工业大学(西安市)[公办],,物理学类,,,632,4082
1884,西北工业大学(西安市)[公办],,生物技术(生命生态科学试验班),,,630,4465
1884,西北工业大学(西安市)[公办],,力学类(工程应用力学试验班),,,630,4465
1884,西北工业大学(西安市)[公办],,机械类(航宇智能制造试验班),,,633,3898
1884,西北工业大学(西安市)[公办],,材料类(本研衔接班),,,634,3706
1884,西北工业大学(西安市)[公办],,材料类(新材料与化工试验班),,,628,4860
1884,西北工业大学(西安市)[公办],,能源动力类(航空动力与新能源试验班),,,632,4082
1884,西北工业大学(西安市)[公办],,电子信息类,,,635,3527
1884,西北工业大学(西安市)[公办],,微电子科学与工程,,,634,3706
1884,西北工业大学(西安市)[公办],,柔性电子学,,,633,3898
1884,西北工业大学(西安市)[公办],,自动化类,,,634,3706
1884,西北工业大学(西安市)[公办],,计算机类(本研衔接班),,,644,2176
1884,西北工业大学(西安市)[公办],,计算机类,,,637,3196
1884,西北工业大学(西安市)[公办],,计算机类(网络安全),,,637,3196
1884,西北工业大学(西安市)[公办],,软件工程,,,634,3706
1884,西北工业大学(西安市)[公办],,海洋工程类(智慧海洋试验班),,,628,4860
1884,西北工业大学(西安市)[公办],,航空航天类(本研衔接班),,,644,2176
1884,西北工业大学(西安市)[公办],,航空航天类(黄玉珊航空班),,,650,1536
1884,西北工业大学(西安市)[公办],,航空航天类(陈士橹飞天班),,,644,2176
1884,西北工业大学(西安市)[公办],,航空航天类,,,638,3025
1884,西北工业大学(西安市)[公办],,航空航天类(民用航空),,,636,3358
1884,西北工业大学(西安市)[公办],,建筑学,,,629,4660
1884,西北工业大学(西安市)[公办],,管理科学与工程类(管理试验班),,,630,4465
1884,西北工业大学(西安市)[公办],,工商管理类(管理试验班),,,629,4660
1884,西北工业大学(西安市)[公办],,材料科学与工程(中外合作办学),,,582,22261
1884,西北工业大学(西安市)[公办],,高分子材料与工程(中外合作办学),,,578,24508
1885,西北民族大学(兰州市)[公办],,保险学,,,500,88132
1885,西北民族大学(兰州市)[公办],,国际经济与贸易,,,513,74844
1885,西北民族大学(兰州市)[公办],,数学与应用数学,,,513,74844
1885,西北民族大学(兰州市)[公办],,应用化学,,,497,90044
1885,西北民族大学(兰州市)[公办],,生物技术,,,499,88132
1885,西北民族大学(兰州市)[公办],,应用心理学,,,516,72111
1885,西北民族大学(兰州市)[公办],,无机非金属材料工程,,,501,88132
1885,西北民族大学(兰州市)[公办],,电子信息类,,,510,77713
1885,西北民族大学(兰州市)[公办],,计算机类,,,517,71252
1885,西北民族大学(兰州市)[公办],,土木工程,,,506,81500
1885,西北民族大学(兰州市)[公办],,化工与制药类,,,492,94896
1885,西北民族大学(兰州市)[公办],,食品科学与工程,,,499,88132
1885,西北民族大学(兰州市)[公办],,生物工程,,,499,88132
1885,西北民族大学(兰州市)[公办],,动物科学,,,497,90044
1885,西北民族大学(兰州市)[公办],,动物医学,,,506,81500
1885,西北民族大学(兰州市)[公办],,临床医学,,,519,69481
1887,西北农林科技大学(咸阳市)[公办],,经济学类,,,601,13049
1887,西北农林科技大学(咸阳市)[公办],,社会学类,,,593,16515
1887,西北农林科技大学(咸阳市)[公办],,汉语国际教育,,,597,14703
1887,西北农林科技大学(咸阳市)[公办],,英语,,,601,13049
1887,西北农林科技大学(咸阳市)[公办],,俄语,,,590,17968
1887,西北农林科技大学(咸阳市)[公办],,信息与计算科学,,,599,13858
1887,西北农林科技大学(咸阳市)[公办],,化学类,,,593,16515
1887,西北农林科技大学(咸阳市)[公办],,地理信息科学,,,593,16515
1887,西北农林科技大学(咸阳市)[公办],,生物科学类,,,594,16046
1887,西北农林科技大学(咸阳市)[公办],,机械类,,,593,16515
1887,西北农林科技大学(咸阳市)[公办],,电气工程及其自动化,,,603,12248
1887,西北农林科技大学(咸阳市)[公办],,电子信息工程,,,602,12631
1887,西北农林科技大学(咸阳市)[公办],,光电信息科学与工程,,,600,13430
1887,西北农林科技大学(咸阳市)[公办],,计算机类,,,602,12631
1887,西北农林科技大学(咸阳市)[公办],,土木工程,,,594,16046
1887,西北农林科技大学(咸阳市)[公办],,水利类,,,592,16998
1887,西北农林科技大学(咸阳市)[公办],,水利类(卓越班),,,594,16046
1887,西北农林科技大学(咸阳市)[公办],,制药工程,,,593,16515
1887,西北农林科技大学(咸阳市)[公办],,林业工程类,,,588,19006
1887,西北农林科技大学(咸阳市)[公办],,环境科学与工程类,,,593,16515
1887,西北农林科技大学(咸阳市)[公办],,环境科学与工程类(卓越班),,,593,16515
1887,西北农林科技大学(咸阳市)[公办],,资源环境科学,,,590,17968
1887,西北农林科技大学(咸阳市)[公办],,食品科学与工程类,,,590,17968
1887,西北农林科技大学(咸阳市)[公办],,葡萄与葡萄酒工程,,,588,19006
1887,西北农林科技大学(咸阳市)[公办],,食品营养与健康(卓越班),,,594,16046
1887,西北农林科技大学(咸阳市)[公办],,城乡规划,,,593,16515
1887,西北农林科技大学(咸阳市)[公办],,风景园林,,,597,14703
1887,西北农林科技大学(咸阳市)[公办],,植物生产类(卓越班),,,588,19006
1887,西北农林科技大学(咸阳市)[公办],,农学(农学类),,,602,12631
1887,西北农林科技大学(咸阳市)[公办],,园艺(园艺类),,,588,19006
1887,西北农林科技大学(咸阳市)[公办],,植物保护,,,589,18507
1887,西北农林科技大学(咸阳市)[公办],,设施农业科学与工程,,,587,19505
1887,西北农林科技大学(咸阳市)[公办],,智慧农业,,,596,15132
1887,西北农林科技大学(咸阳市)[公办],,水土保持与荒漠化防治,,,592,16998
1887,西北农林科技大学(咸阳市)[公办],,动物科学(动物类),,,587,19505
1887,西北农林科技大学(咸阳市)[公办],,智慧牧业科学与工程,,,585,20594
1887,西北农林科技大学(咸阳市)[公办],,动物医学类,,,591,17508
1887,西北农林科技大学(咸阳市)[公办],,动物医学(卓越班),,,605,11477
1887,西北农林科技大学(咸阳市)[公办],,林学类,,,591,17508
1887,西北农林科技大学(咸阳市)[公办],,园林,,,603,12248
1887,西北农林科技大学(咸阳市)[公办],,草业科学,,,587,19505
1887,西北农林科技大学(咸阳市)[公办],,工商管理类,,,598,14272
1887,西北农林科技大学(咸阳市)[公办],,农林经济管理(卓越班),,,596,15132
1887,西北农林科技大学(咸阳市)[公办],,公共管理类,,,593,16515
1887,西北农林科技大学(咸阳市)[公办],,环境科学(中外合作办学),,,558,37566
1887,西北农林科技大学(咸阳市)[公办],,食品科学与工程(中外合作办学),,,561,35449
1888,西北师范大学(兰州市)[公办],,经济统计学,,,539,52338
1888,西北师范大学(兰州市)[公办],,金融学,,,545,47376
1888,西北师范大学(兰州市)[公办],,国际经济与贸易,,,539,52338
1888,西北师范大学(兰州市)[公办],,教育技术学,,,545,47376
1888,西北师范大学(兰州市)[公办],,特殊教育,,,536,54791
1888,西北师范大学(兰州市)[公办],,新闻学,,,541,50682
1888,西北师范大学(兰州市)[公办],,数学与应用数学,,,560,36168
1888,西北师范大学(兰州市)[公办],,信息与计算科学,,,547,45772
1888,西北师范大学(兰州市)[公办],,物理学,,,553,41254
1888,西北师范大学(兰州市)[公办],,地理科学,,,553,41254
1888,西北师范大学(兰州市)[公办],,人文地理与城乡规划,,,544,48201
1888,西北师范大学(兰州市)[公办],,地理信息科学,,,545,47376
1888,西北师范大学(兰州市)[公办],,生物科学类,,,550,43499
1888,西北师范大学(兰州市)[公办],,材料物理,,,532,58171
1888,西北师范大学(兰州市)[公办],,电气工程及其自动化,,,545,47376
1888,西北师范大学(兰州市)[公办],,电子信息工程,,,548,44990
1888,西北师范大学(兰州市)[公办],,软件工程(与中关村软件园合作培养),,,546,45883
1888,西北师范大学(兰州市)[公办],,化学工程与工艺,,,546,45883
1888,西北师范大学(兰州市)[公办],,大数据管理与应用,,,544,48201
1888,西北师范大学(兰州市)[公办],,会计学,,,546,45883
1888,西北师范大学(兰州市)[公办],,公共管理类,,,535,55619
1888,西北师范大学(兰州市)[公办],,化学(中外合作办学),,,415,161451
1889,西北政法大学(西安市)[公办],,经济学类,,,600,13430
1889,西北政法大学(西安市)[公办],,法学(民商法),,,608,10398
1889,西北政法大学(西安市)[公办],,法学(经济法),,,611,9385
1889,西北政法大学(西安市)[公办],,法学(行政法),,,608,10398
1890,西藏大学(拉萨市)[公办],,数学与应用数学,,,533,57317
1890,西藏大学(拉萨市)[公办],,物理学,,,523,65971
1890,西藏大学(拉萨市)[公办],,化学,,,521,67756
1890,西藏大学(拉萨市)[公办],,地理科学,,,520,68600
1890,西藏大学(拉萨市)[公办],,地理信息科学,,,523,65971
1890,西藏大学(拉萨市)[公办],,生物科学,,,528,61650
1890,西藏大学(拉萨市)[公办],,生态学,,,532,58171
1890,西藏大学(拉萨市)[公办],,通信工程,,,542,49854
1890,西藏大学(拉萨市)[公办],,信息工程,,,539,52338
1890,西藏大学(拉萨市)[公办],,计算机科学与技术,,,544,48201
1890,西藏大学(拉萨市)[公办],,土木工程,,,528,61650
1890,西藏大学(拉萨市)[公办],,资源勘查工程,,,519,69481
1890,西藏大学(拉萨市)[公办],,交通运输,,,525,64228
1890,西藏大学(拉萨市)[公办],,环境科学,,,526,63346
1890,西藏大学(拉萨市)[公办],,建筑学,,,527,62507
1890,西藏大学(拉萨市)[公办],,临床医学,,,533,57317
1890,西藏大学(拉萨市)[公办],,预防医学,,,525,64228
1890,西藏大学(拉萨市)[公办],,护理学,,,520,68600
1891,西藏民族大学(咸阳市)[公办],,通信工程,,,505,82447
1891,西藏民族大学(咸阳市)[公办],,计算机科学与技术,,,510,77713
1891,西藏民族大学(咸阳市)[公办],,数字媒体技术(动漫方向),,,508,79620
1891,西藏民族大学(咸阳市)[公办],,网络空间安全,,,507,80550
1891,西藏民族大学(咸阳市)[公办],,临床医学,,,509,78673
1891,西藏民族大学(咸阳市)[公办],,临床医学(影像诊断方向),,,508,79620
1891,西藏民族大学(咸阳市)[公办],,工商管理,,,503,84351
1892,西藏农牧学院(林芝市)[公办],,自然地理与资源环境,,,448,135403
1892,西藏农牧学院(林芝市)[公办],,生态学,,,442,140581
1892,西藏农牧学院(林芝市)[公办],,能源与动力工程,,,448,135403
1892,西藏农牧学院(林芝市)[公办],,电气工程及其自动化,,,457,127518
1892,西藏农牧学院(林芝市)[公办],,土木工程,,,451,132831
1892,西藏农牧学院(林芝市)[公办],,水利水电工程,,,446,137128
1892,西藏农牧学院(林芝市)[公办],,农业电气化,,,440,142251
1892,西藏农牧学院(林芝市)[公办],,农业水利工程,,,441,141442
1892,西藏农牧学院(林芝市)[公办],,环境工程,,,443,139702
1892,西藏农牧学院(林芝市)[公办],,环境科学,,,436,145515
1892,西藏农牧学院(林芝市)[公办],,食品科学与工程,,,448,135403
1892,西藏农牧学院(林芝市)[公办],,农学,,,441,141442
1892,西藏农牧学院(林芝市)[公办],,园艺,,,439,143057
1892,西藏农牧学院(林芝市)[公办],,植物保护,,,439,143057
1892,西藏农牧学院(林芝市)[公办],,农业资源与环境,,,435,146339
1892,西藏农牧学院(林芝市)[公办],,水土保持与荒漠化防治,,,438,143930
1892,西藏农牧学院(林芝市)[公办],,动物科学,,,440,142251
1892,西藏农牧学院(林芝市)[公办],,动物医学,,,448,135403
1892,西藏农牧学院(林芝市)[公办],,林学,,,437,144729
1892,西藏农牧学院(林芝市)[公办],,园林,,,434,147162
1892,西藏农牧学院(林芝市)[公办],,草业科学,,,435,146339
1894,西华大学(成都市)[公办],,金融科技,,,559,36873
1894,西华大学(成都市)[公办],,应用物理学,,,552,42004
1894,西华大学(成都市)[公办],,化学,,,547,45772
1894,西华大学(成都市)[公办],,车辆工程,,,557,38272
1894,西华大学(成都市)[公办],,能源与动力工程,,,553,41254
1894,西华大学(成都市)[公办],,电气工程及其自动化,,,559,36873
1894,西华大学(成都市)[公办],,医学信息工程,,,553,41254
1894,西华大学(成都市)[公办],,制药工程,,,557,38272
1894,西华大学(成都市)[公办],,航空航天类,,,549,44261
1894,西华大学(成都市)[公办],,农业机械化及其自动化,,,551,42759
1894,西华大学(成都市)[公办],,食品质量与安全,,,548,44990
1895,西华师范大学(南充市)[公办],,教育学类,,,540,51523
1895,西华师范大学(南充市)[公办],,日语,,,532,58171
1895,西华师范大学(南充市)[公办],,地理信息科学,,,526,63346
1895,西华师范大学(南充市)[公办],,人工智能,,,528,61650
1895,西华师范大学(南充市)[公办],,网络空间安全,,,527,62507
1895,西华师范大学(南充市)[公办],,飞行器控制与信息工程,,,519,69481
1895,西华师范大学(南充市)[公办],,环境工程,,,502,85294
1895,西华师范大学(南充市)[公办],,环境科学,,,518,70350
1895,西华师范大学(南充市)[公办],,园林,,,502,85294
1895,西华师范大学(南充市)[公办],,市场营销,,,515,73018
1895,西华师范大学(南充市)[公办],,旅游管理,,,525,64228
1896,西交利物浦大学[中外合作办学],,金融学类(中外合作办学),,,550,43499
1896,西交利物浦大学[中外合作办学],,外国语言文学类(中外合作办学),,,572,28175
1896,西交利物浦大学[中外合作办学],,数学类(中外合作办学),,,531,58995
1896,西交利物浦大学[中外合作办学],,生物科学类(中外合作办学),,,538,53169
1896,西交利物浦大学[中外合作办学],,电子信息类(中外合作办学),,,538,53169
1896,西交利物浦大学[中外合作办学],,建筑类(中外合作办学),,,538,53169
1896,西交利物浦大学[中外合作办学],,工商管理类(中外合作办学),,,551,42759
1897,西京学院[民办],,国际经济与贸易,,,449,134515
1897,西京学院[民办],,新闻学,,,447,136314
1897,西京学院[民办],,机械设计制造及其自动化,,,444,138829
1897,西京学院[民办],,工业设计,,,446,137128
1897,西京学院[民办],,智能制造工程,,,441,141442
1897,西京学院[民办],,电气工程及其自动化,,,447,136314
1897,西京学院[民办],,电子信息工程,,,451,132831
1897,西京学院[民办],,自动化,,,443,139702
1897,西京学院[民办],,机器人工程,,,441,141442
1897,西京学院[民办],,计算机科学与技术,,,459,125856
1897,西京学院[民办],,物联网工程,,,445,137992
1897,西京学院[民办],,数据科学与大数据技术,,,454,130189
1897,西京学院[民办],,土木工程,,,441,141442
1897,西京学院[民办],,医学影像技术,,,445,137992
1897,西京学院[民办],,护理学,,,443,139702
1897,西京学院[民办],,工程管理,,,441,141442
1897,西京学院[民办],,工程造价,,,444,138829
1897,西京学院[民办],,会计学,,,465,120370
1897,西京学院[民办],,财务管理,,,451,132831
1898,西南财经大学(成都市)[公办],,经济学(国家经济学基础人才培养基地班),,,628,4860
1898,西南财经大学(成都市)[公办],,数字经济,,,621,6561
1898,西南财经大学(成都市)[公办],,财政学类,,,626,5302
1898,西南财经大学(成都市)[公办],,金融学类,,,630,4465
1898,西南财经大学(成都市)[公办],,金融学类(保险学院),,,628,4860
1898,西南财经大学(成都市)[公办],,金融学(双语实验班),,,631,4285
1898,西南财经大学(成都市)[公办],,金融学(智能金融与区块链金融),,,634,3706
1898,西南财经大学(成都市)[公办],,金融学(经管国际化创新实验班),,,630,4465
1898,西南财经大学(成都市)[公办],,金融数学,,,627,5092
1898,西南财经大学(成都市)[公办],,精算学,,,626,5302
1898,西南财经大学(成都市)[公办],,金融科技,,,628,4860
1898,西南财经大学(成都市)[公办],,经济与贸易类,,,623,6003
1898,西南财经大学(成都市)[公办],,法学(法学与金融学双学位),,,624,5761
1898,西南财经大学(成都市)[公办],,法学(法学与国商双学位),,,622,6287
1898,西南财经大学(成都市)[公办],,汉语言文学(文创实验班),,,625,5524
1898,西南财经大学(成都市)[公办],,外国语言文学类,,,614,8462
1898,西南财经大学(成都市)[公办],,新闻学(数字传播实验班),,,615,8162
1898,西南财经大学(成都市)[公办],,数学与应用数学(经济数学方向),,,618,7376
1898,西南财经大学(成都市)[公办],,统计学类,,,621,6561
1898,西南财经大学(成都市)[公办],,计算机类,,,621,6561
1898,西南财经大学(成都市)[公办],,管理科学与工程类,,,613,8757
1898,西南财经大学(成都市)[公办],,管理科学与工程类(信息学院),,,612,9070
1898,西南财经大学(成都市)[公办],,计算金融,,,620,6814
1898,西南财经大学(成都市)[公办],,工商管理类,,,618,7376
1898,西南财经大学(成都市)[公办],,工商管理类(会计学院),,,624,5761
1898,西南财经大学(成都市)[公办],,工商管理(双语实验班),,,626,5302
1898,西南财经大学(成都市)[公办],,会计学(注册会计师专门化方向),,,634,3706
1898,西南财经大学(成都市)[公办],,公共管理类,,,612,9070
1898,西南财经大学(成都市)[公办],,金融数学(中外合作办学)(金融服务与量化分析方向),,,606,11130
1898,西南财经大学(成都市)[公办],,信息管理与信息系统(中外合作办学)(信息系统与数据管理方向),,,597,14703
1898,西南财经大学(成都市)[公办],,物流管理(中外合作办学)(运营管理与商务分析方向),,,593,16515
1900,西南财经大学天府学院[独立学院],,金融学,,,509,78673
1900,西南财经大学天府学院[独立学院],,计算机科学与技术,,,483,103506
1900,西南财经大学天府学院[独立学院],,会计学,,,491,95797
1901,西南大学(重庆市)[公办],,经济学类,,,611,9385
1901,西南大学(重庆市)[公办],,法学,,,615,8162
1901,西南大学(重庆市)[公办],,思想政治教育,,,615,8162
1901,西南大学(重庆市)[公办],,教育学(晏阳初创新实验班),,,609,10048
1901,西南大学(重庆市)[公办],,教育技术学(晏阳初创新实验班),,,607,10760
1901,西南大学(重庆市)[公办],,英语,,,611,9385
1901,西南大学(重庆市)[公办],,日语,,,598,14272
1901,西南大学(重庆市)[公办],,新闻学,,,610,9711
1901,西南大学(重庆市)[公办],,数学类,,,606,11130
1901,西南大学(重庆市)[公办],,物理学,,,605,11477
1901,西南大学(重庆市)[公办],,化学类,,,603,12248
1901,西南大学(重庆市)[公办],,地理科学类,,,603,12248
1901,西南大学(重庆市)[公办],,生物科学,,,601,13049
1901,西南大学(重庆市)[公办],,生物技术,,,601,13049
1901,西南大学(重庆市)[公办],,应用心理学,,,626,5302
1901,西南大学(重庆市)[公办],,机械类,,,602,12631
1901,西南大学(重庆市)[公办],,材料类,,,598,14272
1901,西南大学(重庆市)[公办],,电气工程及其自动化,,,607,10760
1901,西南大学(重庆市)[公办],,电子信息类,,,608,10398
1901,西南大学(重庆市)[公办],,计算机科学与技术,,,613,8757
1901,西南大学(重庆市)[公办],,软件工程,,,609,10048
1901,西南大学(重庆市)[公办],,网络工程,,,608,10398
1901,西南大学(重庆市)[公办],,智能科学与技术,,,607,10760
1901,西南大学(重庆市)[公办],,土木类,,,599,13858
1901,西南大学(重庆市)[公办],,制药工程,,,598,14272
1901,西南大学(重庆市)[公办],,纺织类,,,576,25729
1901,西南大学(重庆市)[公办],,包装工程,,,589,18507
1901,西南大学(重庆市)[公办],,环境科学与工程类,,,595,15596
1901,西南大学(重庆市)[公办],,食品科学与工程类,,,601,13049
1901,西南大学(重庆市)[公办],,风景园林,,,598,14272
1901,西南大学(重庆市)[公办],,植物生产类,,,583,21718
1901,西南大学(重庆市)[公办],,自然保护与环境生态类,,,595,15596
1901,西南大学(重庆市)[公办],,药学,,,596,15132
1901,西南大学(重庆市)[公办],,药学(全英文创新实验班),,,593,16515
1901,西南大学(重庆市)[公办],,工商管理类,,,604,11858
1901,西南大学(重庆市)[公办],,农业经济管理类,,,602,12631
1901,西南大学(重庆市)[公办],,公共管理类,,,602,12631
1901,西南大学(重庆市)[公办],,经济学(中外合作办学),,,577,25118
1901,西南大学(重庆市)[公办],,生物技术(中外合作办学),,,568,30714
1901,西南大学(重庆市)[公办],,心理学(中外合作办学),,,590,17968
1901,西南大学(重庆市)[公办],,电子信息工程(中外合作办学),,,576,25729
1901,西南大学(重庆市)[公办],,自动化(中外合作办学),,,575,26354
1901,西南大学(重庆市)[公办],,计算机科学与技术(中外合作办学),,,585,20594
1901,西南大学(重庆市)[公办],,软件工程(中外合作办学),,,581,22793
1901,西南大学(重庆市)[公办],,食品质量与安全(中外合作办学),,,564,32737
1901,西南大学(重庆市)[公办],,植物科学与技术(中外合作办学),,,548,44990
1901,西南大学(重庆市)[公办],,动物科学(中外合作办学),,,546,45883
1904,西南大学(荣昌校区)[公办],,动物医学(五年制),,,591,17508
1904,西南大学(荣昌校区)[公办],,水产类,,,570,29403
1906,西南交通大学[公办],,经济与贸易类,,,610,9711
1906,西南交通大学[公办],,法学,,,615,8162
1906,西南交通大学[公办],,政治学与行政学,,,602,12631
1906,西南交通大学[公办],,外国语言文学类,,,608,10398
1906,西南交通大学[公办],,新闻传播学类,,,608,10398
1906,西南交通大学[公办],,数学与应用数学,,,614,8462
1906,西南交通大学[公办],,应用物理学,,,611,9385
1906,西南交通大学[公办],,统计学,,,613,8757
1906,西南交通大学[公办],,工程力学,,,609,10048
1906,西南交通大学[公办],,机械类,,,612,9070
1906,西南交通大学[公办],,车辆工程,,,612,9070
1906,西南交通大学[公办],,智能制造工程,,,612,9070
1906,西南交通大学[公办],,材料类,,,607,10760
1906,西南交通大学[公办],,能源动力类,,,610,9711
1906,西南交通大学[公办],,新能源科学与工程,,,608,10398
1906,西南交通大学[公办],,电气工程及其自动化,,,617,7638
1906,西南交通大学[公办],,电气工程与智能控制,,,612,9070
1906,西南交通大学[公办],,电子信息类,,,620,6814
1906,西南交通大学[公办],,电子信息工程,,,617,7638
1906,西南交通大学[公办],,通信工程,,,618,7376
1906,西南交通大学[公办],,电子信息科学与技术,,,629,4660
1906,西南交通大学[公办],,人工智能,,,617,7638
1906,西南交通大学[公办],,轨道交通信号与控制,,,614,8462
1906,西南交通大学[公办],,计算机类,,,623,6003
1906,西南交通大学[公办],,数据科学与大数据技术,,,617,7638
1906,西南交通大学[公办],,土木工程,,,608,10398
1906,西南交通大学[公办],,城市地下空间工程,,,605,11477
1906,西南交通大学[公办],,道路桥梁与渡河工程,,,607,10760
1906,西南交通大学[公办],,铁道工程,,,610,9711
1906,西南交通大学[公办],,智能建造,,,606,11130
1906,西南交通大学[公办],,测绘类,,,610,9711
1906,西南交通大学[公办],,制药工程,,,608,10398
1906,西南交通大学[公办],,地质工程,,,603,12248
1906,西南交通大学[公办],,资源勘查工程,,,598,14272
1906,西南交通大学[公办],,交通运输类,,,620,6814
1906,西南交通大学[公办],,交通设备与控制工程,,,611,9385
1906,西南交通大学[公办],,环境科学与工程类,,,607,10760
1906,西南交通大学[公办],,生物医学工程,,,613,8757
1906,西南交通大学[公办],,建筑学,,,614,8462
1906,西南交通大学[公办],,城市设计,,,603,12248
1906,西南交通大学[公办],,安全工程,,,610,9711
1906,西南交通大学[公办],,生物工程,,,608,10398
1906,西南交通大学[公办],,工程造价,,,605,11477
1906,西南交通大学[公办],,工商管理类,,,608,10398
1906,西南交通大学[公办],,公共事业管理,,,604,11858
1906,西南交通大学[公办],,物流管理与工程类,,,607,10760
1906,西南交通大学[公办],,机械类(中外合作办学),,,580,23348
1906,西南交通大学[公办],,电子信息类(中外合作办学),,,592,16998
1906,西南交通大学[公办],,计算机类(中外合作办学),,,593,16515
1906,西南交通大学[公办],,土木类(中外合作办学),,,575,26354
1906,西南交通大学[公办],,安全科学与工程类(中外合作办学),,,579,23927
1906,西南交通大学[公办],,生物工程类(中外合作办学),,,577,25118
1908,西南交通大学希望学院(成都市)[独立学院],,机械设计制造及其自动化,,,465,120370
1908,西南交通大学希望学院(成都市)[独立学院],,土木工程,,,464,121286
1908,西南交通大学希望学院(成都市)[独立学院],,交通运输,,,463,122201
1909,西南科技大学(绵阳市)[公办],,经济学,,,556,39008
1909,西南科技大学(绵阳市)[公办],,国际经济与贸易,,,556,39008
1909,西南科技大学(绵阳市)[公办],,中国语言文学类,,,555,39718
1909,西南科技大学(绵阳市)[公办],,外国语言文学类,,,559,36873
1909,西南科技大学(绵阳市)[公办],,西班牙语,,,555,39718
1909,西南科技大学(绵阳市)[公办],,数学类,,,554,40472
1909,西南科技大学(绵阳市)[公办],,应用化学,,,544,48201
1909,西南科技大学(绵阳市)[公办],,地理信息科学,,,548,44990
1909,西南科技大学(绵阳市)[公办],,生物技术,,,547,45772
1909,西南科技大学(绵阳市)[公办],,工程力学,,,549,44261
1909,西南科技大学(绵阳市)[公办],,机械类,,,554,40472
1909,西南科技大学(绵阳市)[公办],,材料类,,,546,45883
1909,西南科技大学(绵阳市)[公办],,电子信息类,,,558,37566
1909,西南科技大学(绵阳市)[公办],,计算机类,,,562,34751
1909,西南科技大学(绵阳市)[公办],,土木类,,,550,43499
1909,西南科技大学(绵阳市)[公办],,测绘工程,,,543,49037
1909,西南科技大学(绵阳市)[公办],,矿业类,,,521,67756
1909,西南科技大学(绵阳市)[公办],,兵器类,,,553,41254
1909,西南科技大学(绵阳市)[公办],,核工程类,,,549,44261
1909,西南科技大学(绵阳市)[公办],,环境工程,,,543,49037
1909,西南科技大学(绵阳市)[公办],,生物医学工程,,,547,45772
1909,西南科技大学(绵阳市)[公办],,食品科学与工程,,,545,47376
1909,西南科技大学(绵阳市)[公办],,建筑类,,,545,47376
1909,西南科技大学(绵阳市)[公办],,园艺,,,525,64228
1909,西南科技大学(绵阳市)[公办],,医学影像技术,,,547,45772
1909,西南科技大学(绵阳市)[公办],,管理科学与工程类,,,545,47376
1909,西南科技大学(绵阳市)[公办],,信息管理与信息系统,,,553,41254
1909,西南科技大学(绵阳市)[公办],,工商管理类,,,558,37566
1909,西南科技大学(绵阳市)[公办],,公共事业管理,,,538,53169
1909,西南科技大学(绵阳市)[公办],,工业工程,,,548,44990
1909,西南科技大学(绵阳市)[公办],,电子商务,,,550,43499
1910,西南林业大学(昆明市)[公办],,地理信息科学,,,512,75821
1910,西南林业大学(昆明市)[公办],,生物技术,,,504,83397
1910,西南林业大学(昆明市)[公办],,生态学,,,501,88132
1910,西南林业大学(昆明市)[公办],,应用统计学,,,517,71252
1910,西南林业大学(昆明市)[公办],,车辆工程,,,515,73018
1910,西南林业大学(昆明市)[公办],,材料科学与工程,,,501,88132
1910,西南林业大学(昆明市)[公办],,高分子材料与工程,,,511,76779
1910,西南林业大学(昆明市)[公办],,电子信息工程,,,518,70350
1910,西南林业大学(昆明市)[公办],,通信工程,,,521,67756
1910,西南林业大学(昆明市)[公办],,计算机科学与技术,,,525,64228
1910,西南林业大学(昆明市)[公办],,数据科学与大数据技术,,,525,64228
1910,西南林业大学(昆明市)[公办],,土木工程,,,512,75821
1910,西南林业大学(昆明市)[公办],,给排水科学与工程,,,510,77713
1910,西南林业大学(昆明市)[公办],,测绘工程,,,509,78673
1910,西南林业大学(昆明市)[公办],,交通运输,,,504,83397
1910,西南林业大学(昆明市)[公办],,森林工程,,,499,88132
1910,西南林业大学(昆明市)[公办],,木材科学与工程,,,498,89072
1910,西南林业大学(昆明市)[公办],,环境生态工程,,,505,82447
1910,西南林业大学(昆明市)[公办],,食品科学与工程,,,505,82447
1910,西南林业大学(昆明市)[公办],,风景园林,,,504,83397
1910,西南林业大学(昆明市)[公办],,农学,,,510,77713
1910,西南林业大学(昆明市)[公办],,园艺,,,489,97728
1910,西南林业大学(昆明市)[公办],,植物保护,,,500,88132
1910,西南林业大学(昆明市)[公办],,应用生物科学,,,503,84351
1910,西南林业大学(昆明市)[公办],,野生动物与自然保护区管理,,,499,88132
1910,西南林业大学(昆明市)[公办],,水土保持与荒漠化防治,,,500,88132
1910,西南林业大学(昆明市)[公办],,园林,,,505,82447
1910,西南林业大学(昆明市)[公办],,会计学,,,521,67756
1910,西南林业大学(昆明市)[公办],,公共事业管理,,,504,83397
1910,西南林业大学(昆明市)[公办],,土地资源管理,,,507,80550
1910,西南林业大学(昆明市)[公办],,旅游管理,,,501,88132
1911,西南民族大学(成都市)[公办],,金融学类,,,567,31356
1911,西南民族大学(成都市)[公办],,金融学类(只招少数民族考生),,,561,35449
1911,西南民族大学(成都市)[公办],,法学,,,568,30714
1911,西南民族大学(成都市)[公办],,社会学类(只招少数民族考生),,,532,58171
1911,西南民族大学(成都市)[公办],,新闻传播学类(只招少数民族考生),,,540,51523
1911,西南民族大学(成都市)[公办],,数学类(只招少数民族考生),,,511,76779
1911,西南民族大学(成都市)[公办],,应用物理学(只招少数民族考生),,,540,51523
1911,西南民族大学(成都市)[公办],,化学类,,,544,48201
1911,西南民族大学(成都市)[公办],,化学类(只招少数民族考生),,,486,100581
1911,西南民族大学(成都市)[公办],,生物技术(只招少数民族考生),,,507,80550
1911,西南民族大学(成都市)[公办],,材料化学(只招少数民族考生),,,421,157137
1911,西南民族大学(成都市)[公办],,电气工程及其自动化(只招少数民族考生),,,550,43499
1911,西南民族大学(成都市)[公办],,电子信息类,,,564,32737
1911,西南民族大学(成都市)[公办],,电子信息类(只招少数民族考生),,,546,45883
1911,西南民族大学(成都市)[公办],,自动化(只招少数民族考生),,,543,49037
1911,西南民族大学(成都市)[公办],,计算机类,,,566,31393
1911,西南民族大学(成都市)[公办],,计算机类(只招少数民族考生),,,552,42004
1911,西南民族大学(成都市)[公办],,制药工程(只招少数民族考生),,,515,73018
1911,西南民族大学(成都市)[公办],,环境科学与工程类(只招少数民族考生),,,504,83397
1911,西南民族大学(成都市)[公办],,食品科学与工程类(只招少数民族考生),,,444,138829
1911,西南民族大学(成都市)[公办],,建筑类,,,560,36168
1911,西南民族大学(成都市)[公办],,建筑类(只招少数民族考生),,,537,53967
1911,西南民族大学(成都市)[公办],,动物科学(只招少数民族考生),,,454,130189
1911,西南民族大学(成都市)[公办],,动物医学,,,556,39008
1911,西南民族大学(成都市)[公办],,动物医学(只招少数民族考生),,,475,111128
1911,西南民族大学(成都市)[公办],,药学类,,,558,37566
1911,西南民族大学(成都市)[公办],,药学类(只招少数民族考生),,,490,96770
1911,西南民族大学(成都市)[公办],,中药学(只招少数民族考生),,,501,88132
1911,西南民族大学(成都市)[公办],,工商管理类,,,558,37566
1911,西南民族大学(成都市)[公办],,工商管理类(只招少数民族考生),,,535,55619
1913,西南石油大学(成都市)[公办],,经济学,,,575,26354
1913,西南石油大学(成都市)[公办],,国际经济与贸易,,,567,31356
1913,西南石油大学(成都市)[公办],,英语,,,572,28175
1913,西南石油大学(成都市)[公办],,俄语,,,561,35449
1913,西南石油大学(成都市)[公办],,数学与应用数学,,,566,31393
1913,西南石油大学(成都市)[公办],,信息与计算科学,,,566,31393
1913,西南石油大学(成都市)[公办],,化学,,,563,34024
1913,西南石油大学(成都市)[公办],,应用化学,,,561,35449
1913,西南石油大学(成都市)[公办],,地理信息科学,,,567,31356
1913,西南石油大学(成都市)[公办],,地质学,,,564,32737
1913,西南石油大学(成都市)[公办],,机械类,,,565,32080
1913,西南石油大学(成都市)[公办],,机械工程(中外高水平大学学生交流计划),,,552,42004
1913,西南石油大学(成都市)[公办],,材料成型及控制工程,,,561,35449
1913,西南石油大学(成都市)[公办],,工业设计,,,567,31356
1913,西南石油大学(成都市)[公办],,测控技术与仪器,,,566,31393
1913,西南石油大学(成都市)[公办],,材料科学与工程,,,559,36873
1913,西南石油大学(成都市)[公办],,高分子材料与工程,,,560,36168
1913,西南石油大学(成都市)[公办],,新能源材料与器件,,,562,34751
1913,西南石油大学(成都市)[公办],,新能源科学与工程,,,567,31356
1913,西南石油大学(成都市)[公办],,储能科学与工程,,,561,35449
1913,西南石油大学(成都市)[公办],,电气工程及其自动化,,,569,30021
1913,西南石油大学(成都市)[公办],,通信工程,,,569,30021
1913,西南石油大学(成都市)[公办],,人工智能,,,572,28175
1913,西南石油大学(成都市)[公办],,自动化类,,,569,30021
1913,西南石油大学(成都市)[公办],,计算机类,,,572,28175
1913,西南石油大学(成都市)[公办],,计算机科学与技术(中外高水平大学学生交流计划),,,561,35449
1913,西南石油大学(成都市)[公办],,土木工程,,,563,34024
1913,西南石油大学(成都市)[公办],,城市地下空间工程,,,562,34751
1913,西南石油大学(成都市)[公办],,测绘工程,,,558,37566
1913,西南石油大学(成都市)[公办],,化学工程与工艺,,,562,34751
1913,西南石油大学(成都市)[公办],,化学工程与工艺(中外高水平大学学生交流计划),,,490,96770
1913,西南石油大学(成都市)[公办],,勘查技术与工程,,,559,36873
1913,西南石油大学(成都市)[公办],,资源勘查工程,,,562,34751
1913,西南石油大学(成都市)[公办],,石油工程,,,568,30714
1913,西南石油大学(成都市)[公办],,油气储运工程,,,569,30021
1913,西南石油大学(成都市)[公办],,海洋油气工程,,,566,31393
1913,西南石油大学(成都市)[公办],,环境工程,,,560,36168
1913,西南石油大学(成都市)[公办],,安全工程,,,558,37566
1913,西南石油大学(成都市)[公办],,工程管理,,,561,35449
1913,西南石油大学(成都市)[公办],,工商管理类,,,565,32080
1913,西南石油大学(成都市)[公办],,会计学,,,576,25729
1913,西南石油大学(成都市)[公办],,电子商务,,,567,31356
1914,西南医科大学(泸州市)[公办],,临床医学,,,550,43499
1914,西南医科大学(泸州市)[公办],,预防医学,,,529,60756
1914,西南医科大学(泸州市)[公办],,药学类,,,526,63346
1915,西南政法大学(重庆市)[公办],,经济学类,,,607,10760
1915,西南政法大学(重庆市)[公办],,法学,,,612,9070
1915,西南政法大学(重庆市)[公办],,法学,,,614,8462
1915,西南政法大学(重庆市)[公办],,法学,,,616,7907
1915,西南政法大学(重庆市)[公办],,知识产权,,,611,9385
1919,厦门大学[公办],,人文科学试验班,,,633,3898
1919,厦门大学[公办],,工科试验班,,,635,3527
1919,厦门大学[公办],,理科试验班(生命科学与医学类),,,633,3898
1919,厦门大学[公办],,经济学类,,,641,2584
1919,厦门大学[公办],,外国语言文学类,,,634,3706
1919,厦门大学[公办],,数学类,,,637,3196
1919,厦门大学[公办],,物理学类,,,635,3527
1919,厦门大学[公办],,化学类,,,636,3358
1919,厦门大学[公办],,海洋科学类,,,633,3898
1919,厦门大学[公办],,统计学类,,,640,2729
1919,厦门大学[公办],,材料类,,,635,3527
1919,厦门大学[公办],,能源动力类,,,634,3706
1919,厦门大学[公办],,电子信息类,,,637,3196
1919,厦门大学[公办],,计算机类,,,639,2876
1919,厦门大学[公办],,软件工程(含软件、数媒技术),,,637,3196
1919,厦门大学[公办],,数据科学与大数据技术,,,641,2584
1919,厦门大学[公办],,土木类,,,632,4082
1919,厦门大学[公办],,环境科学与工程类,,,633,3898
1919,厦门大学[公办],,建筑类,,,633,3898
1919,厦门大学[公办],,药学,,,635,3527
1919,厦门大学[公办],,工商管理类,,,640,2729
1919,厦门大学[公办],,会计学(含会计、财务、审计),,,643,2296
1921,厦门大学嘉庚学院(漳州市)[独立学院],,国际经济与贸易,,,483,103506
1921,厦门大学嘉庚学院(漳州市)[独立学院],,英语,,,491,95797
1921,厦门大学嘉庚学院(漳州市)[独立学院],,机械设计制造及其自动化,,,482,104483
1921,厦门大学嘉庚学院(漳州市)[独立学院],,机械电子工程,,,476,110122
1921,厦门大学嘉庚学院(漳州市)[独立学院],,车辆工程,,,471,114847
1921,厦门大学嘉庚学院(漳州市)[独立学院],,电气工程及其自动化,,,486,100581
1921,厦门大学嘉庚学院(漳州市)[独立学院],,电子信息工程,,,493,93969
1921,厦门大学嘉庚学院(漳州市)[独立学院],,通信工程,,,488,98638
1921,厦门大学嘉庚学院(漳州市)[独立学院],,光电信息科学与工程,,,480,106344
1921,厦门大学嘉庚学院(漳州市)[独立学院],,自动化,,,487,99599
1921,厦门大学嘉庚学院(漳州市)[独立学院],,计算机科学与技术,,,504,83397
1921,厦门大学嘉庚学院(漳州市)[独立学院],,软件工程,,,494,92936
1921,厦门大学嘉庚学院(漳州市)[独立学院],,物联网工程,,,494,92936
1921,厦门大学嘉庚学院(漳州市)[独立学院],,智能科学与技术,,,485,101531
1921,厦门大学嘉庚学院(漳州市)[独立学院],,数据科学与大数据技术,,,492,94896
1921,厦门大学嘉庚学院(漳州市)[独立学院],,土木工程,,,476,110122
1921,厦门大学嘉庚学院(漳州市)[独立学院],,给排水科学与工程,,,463,122201
1921,厦门大学嘉庚学院(漳州市)[独立学院],,环境科学与工程,,,472,113947
1921,厦门大学嘉庚学院(漳州市)[独立学院],,建筑学,,,474,112067
1921,厦门大学嘉庚学院(漳州市)[独立学院],,信息管理与信息系统,,,482,104483
1921,厦门大学嘉庚学院(漳州市)[独立学院],,工程管理,,,477,109131
1921,厦门大学嘉庚学院(漳州市)[独立学院],,工程管理,,,479,107280
1921,厦门大学嘉庚学院(漳州市)[独立学院],,工程造价,,,478,108213
1921,厦门大学嘉庚学院(漳州市)[独立学院],,大数据管理与应用,,,485,101531
1921,厦门大学嘉庚学院(漳州市)[独立学院],,会计学,,,500,88132
1921,厦门大学嘉庚学院(漳州市)[独立学院],,财务管理,,,496,90982
1921,厦门大学嘉庚学院(漳州市)[独立学院],,电子商务,,,474,112067
1922,厦门大学(马来西亚分校)[公办],,金融学(厦门大学马来西亚分校招生专业),,,599,13858
1922,厦门大学(马来西亚分校)[公办],,数学与应用数学(厦门大学马来西亚分校招生专业),,,552,42004
1922,厦门大学(马来西亚分校)[公办],,海洋技术(厦门大学马来西亚分校招生专业),,,502,85294
1922,厦门大学(马来西亚分校)[公办],,新能源科学与工程(厦门大学马来西亚分校招生专业),,,531,58995
1922,厦门大学(马来西亚分校)[公办],,电子信息工程(厦门大学马来西亚分校招生专业),,,463,122201
1922,厦门大学(马来西亚分校)[公办],,人工智能(厦门大学马来西亚分校招生专业),,,568,30714
1922,厦门大学(马来西亚分校)[公办],,计算机科学与技术(厦门大学马来西亚分校招生专业),,,502,85294
1922,厦门大学(马来西亚分校)[公办],,软件工程(厦门大学马来西亚分校招生专业),,,,
1922,厦门大学(马来西亚分校)[公办],,数字媒体技术(厦门大学马来西亚分校招生专业),,,560,36168
1922,厦门大学(马来西亚分校)[公办],,会计学(厦门大学马来西亚分校招生专业),,,549,44261
1922,厦门大学(马来西亚分校)[公办],,国际商务(厦门大学马来西亚分校招生专业),,,552,42004
1924,厦门工学院[民办],,商务英语,,,446,137128
1924,厦门工学院[民办],,广告学,,,442,140581
1924,厦门工学院[民办],,网络与新媒体,,,450,133684
1924,厦门工学院[民办],,信息与计算科学,,,436,145515
1924,厦门工学院[民办],,机械工程,,,435,146339
1924,厦门工学院[民办],,车辆工程,,,440,142251
1924,厦门工学院[民办],,材料科学与工程,,,444,138829
1924,厦门工学院[民办],,新能源材料与器件,,,441,141442
1924,厦门工学院[民办],,电气工程及其自动化,,,450,133684
1924,厦门工学院[民办],,电子信息工程,,,443,139702
1924,厦门工学院[民办],,通信工程,,,443,139702
1924,厦门工学院[民办],,自动化,,,443,139702
1924,厦门工学院[民办],,软件工程,,,445,137992
1924,厦门工学院[民办],,物联网工程,,,445,137992
1924,厦门工学院[民办],,土木工程,,,446,137128
1924,厦门工学院[民办],,建筑学,,,450,133684
1924,厦门工学院[民办],,风景园林,,,440,142251
1924,厦门工学院[民办],,信息管理与信息系统,,,439,143057
1924,厦门工学院[民办],,工程管理,,,437,144729
1924,厦门工学院[民办],,工程造价,,,437,144729
1924,厦门工学院[民办],,市场营销,,,439,143057
1927,厦门华厦学院[民办],,金融学,,,456,128454
1927,厦门华厦学院[民办],,机械设计制造及其自动化,,,435,146339
1927,厦门华厦学院[民办],,供应链管理,,,434,147162
1928,厦门理工学院[公办],,机械设计制造及其自动化,,,542,49854
1928,厦门理工学院[公办],,土木工程,,,541,50682
1928,厦门理工学院[公办],,电子信息工程(中外合作办学),,,528,61650
1935,咸阳师范学院[公办],,金融数学,,,496,90982
1935,咸阳师范学院[公办],,小学教育,,,500,88132
1935,咸阳师范学院[公办],,物理学,,,494,92936
1935,咸阳师范学院[公办],,化学,,,498,89072
1935,咸阳师范学院[公办],,计算机科学与技术,,,498,89072
1939,湘南学院(郴州市)[公办],,金融工程,,,522,66880
1939,湘南学院(郴州市)[公办],,数学与应用数学,,,498,89072
1939,湘南学院(郴州市)[公办],,信息与计算科学,,,497,90044
1939,湘南学院(郴州市)[公办],,应用化学,,,491,95797
1939,湘南学院(郴州市)[公办],,电气工程及其自动化,,,503,84351
1939,湘南学院(郴州市)[公办],,光电信息科学与工程,,,489,97728
1939,湘南学院(郴州市)[公办],,电子信息科学与技术,,,504,83397
1939,湘南学院(郴州市)[公办],,计算机科学与技术,,,502,85294
1939,湘南学院(郴州市)[公办],,网络工程,,,501,88132
1939,湘南学院(郴州市)[公办],,物联网工程,,,497,90044
1939,湘南学院(郴州市)[公办],,环境生态工程,,,495,91989
1939,湘南学院(郴州市)[公办],,临床医学,,,509,78673
1939,湘南学院(郴州市)[公办],,预防医学,,,500,88132
1939,湘南学院(郴州市)[公办],,药学,,,479,107280
1939,湘南学院(郴州市)[公办],,医学检验技术,,,493,93969
1939,湘南学院(郴州市)[公办],,医学影像技术,,,493,93969
1939,湘南学院(郴州市)[公办],,康复治疗学,,,483,103506
1939,湘南学院(郴州市)[公办],,卫生检验与检疫,,,433,147987
1939,湘南学院(郴州市)[公办],,财务管理,,,499,88132
1939,湘南学院(郴州市)[公办],,物流管理,,,502,85294
1940,湘潭大学[公办],,国际经济与贸易,,,571,28818
1940,湘潭大学[公办],,法学类,,,588,19006
1940,湘潭大学[公办],,知识产权,,,586,20047
1940,湘潭大学[公办],,数学类,,,581,22793
1940,湘潭大学[公办],,数学类(韶峰班),,,589,18507
1940,湘潭大学[公办],,物理学(韶峰班),,,580,23348
1940,湘潭大学[公办],,物理学,,,572,28175
1940,湘潭大学[公办],,化学类(韶峰班),,,576,25729
1940,湘潭大学[公办],,化学,,,568,30714
1940,湘潭大学[公办],,应用化学,,,564,32737
1940,湘潭大学[公办],,工程力学,,,565,32080
1940,湘潭大学[公办],,机械设计制造及其自动化,,,568,30714
1940,湘潭大学[公办],,材料成型及控制工程,,,565,32080
1940,湘潭大学[公办],,工业设计,,,570,29403
1940,湘潭大学[公办],,测控技术与仪器,,,565,32080
1940,湘潭大学[公办],,材料类(师昌绪班),,,569,30021
1940,湘潭大学[公办],,材料科学与工程,,,562,34751
1940,湘潭大学[公办],,材料物理,,,562,34751
1940,湘潭大学[公办],,金属材料工程,,,555,39718
1940,湘潭大学[公办],,高分子材料与工程,,,558,37566
1940,湘潭大学[公办],,新能源材料与器件,,,567,31356
1940,湘潭大学[公办],,能源动力类,,,567,31356
1940,湘潭大学[公办],,电子信息工程,,,575,26354
1940,湘潭大学[公办],,通信工程,,,574,26972
1940,湘潭大学[公办],,微电子科学与工程,,,572,28175
1940,湘潭大学[公办],,光电信息科学与工程,,,573,27552
1940,湘潭大学[公办],,人工智能,,,577,25118
1940,湘潭大学[公办],,自动化,,,572,28175
1940,湘潭大学[公办],,计算机科学与技术,,,583,21718
1940,湘潭大学[公办],,软件工程,,,578,24508
1940,湘潭大学[公办],,数据科学与大数据技术,,,580,23348
1940,湘潭大学[公办],,网络空间安全,,,575,26354
1940,湘潭大学[公办],,土木工程,,,565,32080
1940,湘潭大学[公办],,测绘工程,,,561,35449
1940,湘潭大学[公办],,化学工程与工艺,,,553,41254
1940,湘潭大学[公办],,制药工程,,,568,30714
1940,湘潭大学[公办],,环境工程,,,564,32737
1940,湘潭大学[公办],,环境科学,,,558,37566
1940,湘潭大学[公办],,环保设备工程,,,555,39718
1940,湘潭大学[公办],,食品科学与工程,,,565,32080
1940,湘潭大学[公办],,安全工程,,,564,32737
1940,湘潭大学[公办],,信息管理与信息系统,,,572,28175
1940,湘潭大学[公办],,会计学(ACCA班),,,580,23348
1940,湘潭大学[公办],,财务管理,,,577,25118
1940,湘潭大学[公办],,电子商务,,,569,30021
1940,湘潭大学[公办],,机械设计制造及其自动化(中外合作办学),,,545,47376
1941,湘潭理工学院[民办],,信息管理与信息系统,,,442,140581
1941,湘潭理工学院[民办],,工商管理,,,447,136314
1941,湘潭理工学院[民办],,电子商务,,,447,136314
1944,忻州师范学院[公办],,法学,,,493,93969
1944,忻州师范学院[公办],,科学教育,,,471,114847
1944,忻州师范学院[公办],,英语,,,494,92936
1944,忻州师范学院[公办],,翻译,,,486,100581
1944,忻州师范学院[公办],,数学与应用数学,,,485,101531
1944,忻州师范学院[公办],,物理学,,,484,102507
1944,忻州师范学院[公办],,应用化学,,,469,116739
1944,忻州师范学院[公办],,地理科学,,,477,109131
1944,忻州师范学院[公办],,人文地理与城乡规划,,,472,113947
1944,忻州师范学院[公办],,统计学,,,477,109131
1944,忻州师范学院[公办],,通信工程,,,474,112067
1944,忻州师范学院[公办],,电子信息科学与技术,,,475,111128
1944,忻州师范学院[公办],,计算机科学与技术,,,484,102507
1944,忻州师范学院[公办],,数字媒体技术,,,490,96770
1944,忻州师范学院[公办],,数据科学与大数据技术,,,480,106344
1944,忻州师范学院[公办],,审计学,,,489,97728
1944,忻州师范学院[公办],,旅游管理,,,465,120370
1946,新疆财经大学(乌鲁木齐市)[公办],,经济学,,,507,80550
1946,新疆财经大学(乌鲁木齐市)[公办],,经济统计学,,,495,91989
1946,新疆财经大学(乌鲁木齐市)[公办],,金融学,,,509,78673
1946,新疆财经大学(乌鲁木齐市)[公办],,保险学,,,500,88132
1946,新疆财经大学(乌鲁木齐市)[公办],,金融科技,,,499,88132
1946,新疆财经大学(乌鲁木齐市)[公办],,国际经济与贸易,,,498,89072
1946,新疆财经大学(乌鲁木齐市)[公办],,法学,,,518,70350
1946,新疆财经大学(乌鲁木齐市)[公办],,统计学,,,500,88132
1946,新疆财经大学(乌鲁木齐市)[公办],,计算机科学与技术,,,506,81500
1946,新疆财经大学(乌鲁木齐市)[公办],,网络空间安全,,,507,80550
1946,新疆财经大学(乌鲁木齐市)[公办],,信息管理与信息系统,,,495,91989
1946,新疆财经大学(乌鲁木齐市)[公办],,市场营销,,,487,99599
1946,新疆财经大学(乌鲁木齐市)[公办],,会计学,,,513,74844
1946,新疆财经大学(乌鲁木齐市)[公办],,国际商务,,,492,94896
1946,新疆财经大学(乌鲁木齐市)[公办],,人力资源管理,,,495,91989
1946,新疆财经大学(乌鲁木齐市)[公办],,审计学,,,512,75821
1946,新疆财经大学(乌鲁木齐市)[公办],,行政管理,,,495,91989
1946,新疆财经大学(乌鲁木齐市)[公办],,物流管理,,,492,94896
1946,新疆财经大学(乌鲁木齐市)[公办],,电子商务,,,491,95797
1946,新疆财经大学(乌鲁木齐市)[公办],,旅游管理,,,484,102507
1946,新疆财经大学(乌鲁木齐市)[公办],,会展经济与管理,,,488,98638
1947,新疆大学(乌鲁木齐市)[公办],,经济学,,,565,32080
1947,新疆大学(乌鲁木齐市)[公办],,金融学,,,569,30021
1947,新疆大学(乌鲁木齐市)[公办],,英语,,,565,32080
1947,新疆大学(乌鲁木齐市)[公办],,历史学,,,552,42004
1947,新疆大学(乌鲁木齐市)[公办],,数学与应用数学,,,568,30714
1947,新疆大学(乌鲁木齐市)[公办],,物理学,,,556,39008
1947,新疆大学(乌鲁木齐市)[公办],,生物科学,,,556,39008
1947,新疆大学(乌鲁木齐市)[公办],,统计学,,,563,34024
1947,新疆大学(乌鲁木齐市)[公办],,过程装备与控制工程,,,557,38272
1947,新疆大学(乌鲁木齐市)[公办],,材料科学与工程,,,554,40472
1947,新疆大学(乌鲁木齐市)[公办],,高分子材料与工程,,,554,40472
1947,新疆大学(乌鲁木齐市)[公办],,能源与动力工程,,,566,31393
1947,新疆大学(乌鲁木齐市)[公办],,电气工程及其自动化,,,572,28175
1947,新疆大学(乌鲁木齐市)[公办],,电子信息工程,,,567,31356
1947,新疆大学(乌鲁木齐市)[公办],,通信工程,,,567,31356
1947,新疆大学(乌鲁木齐市)[公办],,自动化,,,568,30714
1947,新疆大学(乌鲁木齐市)[公办],,计算机科学与技术,,,583,21718
1947,新疆大学(乌鲁木齐市)[公办],,软件工程,,,558,37566
1947,新疆大学(乌鲁木齐市)[公办],,软件工程,,,578,24508
1947,新疆大学(乌鲁木齐市)[公办],,信息安全,,,571,28818
1947,新疆大学(乌鲁木齐市)[公办],,网络空间安全,,,567,31356
1947,新疆大学(乌鲁木齐市)[公办],,土木工程,,,559,36873
1947,新疆大学(乌鲁木齐市)[公办],,建筑环境与能源应用工程,,,555,39718
1947,新疆大学(乌鲁木齐市)[公办],,测绘工程,,,557,38272
1947,新疆大学(乌鲁木齐市)[公办],,化学工程与工艺,,,560,36168
1947,新疆大学(乌鲁木齐市)[公办],,地质工程,,,549,44261
1947,新疆大学(乌鲁木齐市)[公办],,资源勘查工程,,,553,41254
1947,新疆大学(乌鲁木齐市)[公办],,采矿工程,,,548,44990
1947,新疆大学(乌鲁木齐市)[公办],,纺织工程,,,538,53169
1947,新疆大学(乌鲁木齐市)[公办],,交通工程,,,561,35449
1947,新疆大学(乌鲁木齐市)[公办],,食品科学与工程,,,557,38272
1947,新疆大学(乌鲁木齐市)[公办],,生物工程,,,553,41254
1947,新疆大学(乌鲁木齐市)[公办],,工程管理,,,555,39718
1947,新疆大学(乌鲁木齐市)[公办],,物流管理,,,558,37566
1947,新疆大学(乌鲁木齐市)[公办],,工业工程,,,558,37566
1947,新疆大学(乌鲁木齐市)[公办],,旅游管理,,,547,45772
1947,新疆大学(乌鲁木齐市)[公办],,酒店管理,,,534,56478
1948,新疆第二医学院(克拉玛依市)[公办],,临床医学,,,498,89072
1948,新疆第二医学院(克拉玛依市)[公办],,麻醉学,,,496,90982
1948,新疆第二医学院(克拉玛依市)[公办],,口腔医学,,,509,78673
1948,新疆第二医学院(克拉玛依市)[公办],,中西医临床医学,,,487,99599
1948,新疆第二医学院(克拉玛依市)[公办],,药学,,,475,111128
1948,新疆第二医学院(克拉玛依市)[公办],,医学检验技术,,,475,111128
1948,新疆第二医学院(克拉玛依市)[公办],,医学影像技术,,,477,109131
1948,新疆第二医学院(克拉玛依市)[公办],,卫生检验与检疫,,,476,110122
1948,新疆第二医学院(克拉玛依市)[公办],,护理学,,,471,114847
1949,新疆工程学院(乌鲁木齐市)[公办],,机械设计制造及其自动化,,,459,125856
1949,新疆工程学院(乌鲁木齐市)[公办],,材料成型及控制工程,,,450,133684
1949,新疆工程学院(乌鲁木齐市)[公办],,机械电子工程,,,456,128454
1949,新疆工程学院(乌鲁木齐市)[公办],,测控技术与仪器,,,446,137128
1949,新疆工程学院(乌鲁木齐市)[公办],,材料科学与工程,,,448,135403
1949,新疆工程学院(乌鲁木齐市)[公办],,焊接技术与工程,,,446,137128
1949,新疆工程学院(乌鲁木齐市)[公办],,能源与动力工程,,,457,127518
1949,新疆工程学院(乌鲁木齐市)[公办],,新能源科学与工程,,,455,129310
1949,新疆工程学院(乌鲁木齐市)[公办],,电气工程及其自动化,,,461,124059
1949,新疆工程学院(乌鲁木齐市)[公办],,电气工程与智能控制,,,457,127518
1949,新疆工程学院(乌鲁木齐市)[公办],,通信工程,,,454,130189
1949,新疆工程学院(乌鲁木齐市)[公办],,自动化,,,455,129310
1949,新疆工程学院(乌鲁木齐市)[公办],,轨道交通信号与控制,,,454,130189
1949,新疆工程学院(乌鲁木齐市)[公办],,机器人工程,,,457,127518
1949,新疆工程学院(乌鲁木齐市)[公办],,物联网工程,,,456,128454
1949,新疆工程学院(乌鲁木齐市)[公办],,数据科学与大数据技术,,,463,122201
1949,新疆工程学院(乌鲁木齐市)[公办],,土木工程,,,455,129310
1949,新疆工程学院(乌鲁木齐市)[公办],,建筑环境与能源应用工程,,,450,133684
1949,新疆工程学院(乌鲁木齐市)[公办],,测绘工程,,,450,133684
1949,新疆工程学院(乌鲁木齐市)[公办],,化学工程与工艺,,,450,133684
1949,新疆工程学院(乌鲁木齐市)[公办],,地质工程,,,453,131095
1949,新疆工程学院(乌鲁木齐市)[公办],,勘查技术与工程,,,453,131095
1949,新疆工程学院(乌鲁木齐市)[公办],,资源勘查工程,,,455,129310
1949,新疆工程学院(乌鲁木齐市)[公办],,采矿工程,,,448,135403
1949,新疆工程学院(乌鲁木齐市)[公办],,矿物加工工程,,,447,136314
1949,新疆工程学院(乌鲁木齐市)[公办],,纺织工程,,,446,137128
1949,新疆工程学院(乌鲁木齐市)[公办],,环境科学与工程,,,451,132831
1949,新疆工程学院(乌鲁木齐市)[公办],,安全工程,,,447,136314
1949,新疆工程学院(乌鲁木齐市)[公办],,消防工程,,,445,137992
1949,新疆工程学院(乌鲁木齐市)[公办],,国际商务,,,451,132831
1949,新疆工程学院(乌鲁木齐市)[公办],,物流工程,,,452,131939
1949,新疆工程学院(乌鲁木齐市)[公办],,数字媒体艺术,,,449,134515
1950,新疆科技学院[公办],,税收学,,,453,131095
1950,新疆科技学院[公办],,金融学,,,452,131939
1950,新疆科技学院[公办],,国际经济与贸易,,,450,133684
1950,新疆科技学院[公办],,计算机科学与技术,,,466,119485
1950,新疆科技学院[公办],,信息安全,,,459,125856
1950,新疆科技学院[公办],,化学工程与工艺,,,453,131095
1950,新疆科技学院[公办],,纺织工程,,,443,139702
1950,新疆科技学院[公办],,轻化工程,,,445,137992
1950,新疆科技学院[公办],,市场营销,,,447,136314
1950,新疆科技学院[公办],,会计学,,,455,129310
1950,新疆科技学院[公办],,财务管理,,,454,130189
1950,新疆科技学院[公办],,人力资源管理,,,452,131939
1950,新疆科技学院[公办],,电子商务,,,455,129310
1950,新疆科技学院[公办],,旅游管理,,,448,135403
1951,新疆理工学院[公办],,金融学,,,451,132831
1951,新疆理工学院[公办],,国际经济与贸易,,,448,135403
1951,新疆理工学院[公办],,法学,,,456,128454
1951,新疆理工学院[公办],,社会工作,,,448,135403
1951,新疆理工学院[公办],,英语,,,453,131095
1951,新疆理工学院[公办],,俄语,,,452,131939
1951,新疆理工学院[公办],,信息与计算科学,,,447,136314
1951,新疆理工学院[公办],,机械设计制造及其自动化,,,448,135403
1951,新疆理工学院[公办],,机械电子工程,,,448,135403
1951,新疆理工学院[公办],,过程装备与控制工程,,,444,138829
1951,新疆理工学院[公办],,测控技术与仪器,,,446,137128
1951,新疆理工学院[公办],,电气工程及其自动化,,,450,133684
1951,新疆理工学院[公办],,通信工程,,,451,132831
1951,新疆理工学院[公办],,计算机科学与技术,,,457,127518
1951,新疆理工学院[公办],,软件工程,,,453,131095
1951,新疆理工学院[公办],,数字媒体技术,,,452,131939
1951,新疆理工学院[公办],,智能科学与技术,,,448,135403
1951,新疆理工学院[公办],,土木工程,,,450,133684
1951,新疆理工学院[公办],,能源化学工程,,,444,138829
1951,新疆理工学院[公办],,食品营养与检验教育,,,445,137992
1951,新疆理工学院[公办],,食品安全与检测,,,447,136314
1951,新疆理工学院[公办],,信息管理与信息系统,,,446,137128
1951,新疆理工学院[公办],,工程管理,,,447,136314
1951,新疆理工学院[公办],,工商管理,,,450,133684
1951,新疆理工学院[公办],,市场营销,,,445,137992
1951,新疆理工学院[公办],,物流管理,,,447,136314
1951,新疆理工学院[公办],,物流工程,,,444,138829
1951,新疆理工学院[公办],,旅游管理,,,445,137992
1953,新疆农业大学(乌鲁木齐市)[公办],,计算机科学与技术,,,483,103506
1953,新疆农业大学(乌鲁木齐市)[公办],,土木工程,,,476,110122
1953,新疆农业大学(乌鲁木齐市)[公办],,水利水电工程,,,473,113007
1953,新疆农业大学(乌鲁木齐市)[公办],,食品科学与工程,,,466,119485
1953,新疆农业大学(乌鲁木齐市)[公办],,食品质量与安全,,,460,124911
1953,新疆农业大学(乌鲁木齐市)[公办],,植物生产类,,,456,128454
1953,新疆农业大学(乌鲁木齐市)[公办],,种子科学与工程,,,468,117642
1953,新疆农业大学(乌鲁木齐市)[公办],,土木工程(中外合作办学),,,454,130189
1953,新疆农业大学(乌鲁木齐市)[公办],,交通运输(中外合作办学),,,447,136314
1957,新疆师范大学(乌鲁木齐市)[公办],,经济学,,,489,97728
1957,新疆师范大学(乌鲁木齐市)[公办],,国际经济与贸易,,,484,102507
1957,新疆师范大学(乌鲁木齐市)[公办],,社会工作,,,483,103506
1957,新疆师范大学(乌鲁木齐市)[公办],,教育技术学,,,490,96770
1957,新疆师范大学(乌鲁木齐市)[公办],,小学教育,,,545,47376
1957,新疆师范大学(乌鲁木齐市)[公办],,特殊教育,,,488,98638
1957,新疆师范大学(乌鲁木齐市)[公办],,汉语国际教育,,,506,81500
1957,新疆师范大学(乌鲁木齐市)[公办],,俄语,,,488,98638
1957,新疆师范大学(乌鲁木齐市)[公办],,日语,,,495,91989
1957,新疆师范大学(乌鲁木齐市)[公办],,乌尔都语,,,447,136314
1957,新疆师范大学(乌鲁木齐市)[公办],,翻译,,,508,79620
1957,新疆师范大学(乌鲁木齐市)[公办],,数学与应用数学,,,513,74844
1957,新疆师范大学(乌鲁木齐市)[公办],,信息与计算科学,,,513,74844
1957,新疆师范大学(乌鲁木齐市)[公办],,物理学,,,505,82447
1957,新疆师范大学(乌鲁木齐市)[公办],,化学,,,502,85294
1957,新疆师范大学(乌鲁木齐市)[公办],,地理科学,,,493,93969
1957,新疆师范大学(乌鲁木齐市)[公办],,自然地理与资源环境,,,502,85294
1957,新疆师范大学(乌鲁木齐市)[公办],,人文地理与城乡规划,,,480,106344
1957,新疆师范大学(乌鲁木齐市)[公办],,地理信息科学,,,483,103506
1957,新疆师范大学(乌鲁木齐市)[公办],,生物科学,,,498,89072
1957,新疆师范大学(乌鲁木齐市)[公办],,心理学,,,501,88132
1957,新疆师范大学(乌鲁木齐市)[公办],,应用统计学,,,490,96770
1957,新疆师范大学(乌鲁木齐市)[公办],,电子信息科学与技术,,,497,90044
1957,新疆师范大学(乌鲁木齐市)[公办],,计算机科学与技术,,,496,90982
1957,新疆师范大学(乌鲁木齐市)[公办],,软件工程,,,497,90044
1957,新疆师范大学(乌鲁木齐市)[公办],,化学工程与工艺,,,484,102507
1957,新疆师范大学(乌鲁木齐市)[公办],,环境工程,,,481,105433
1957,新疆师范大学(乌鲁木齐市)[公办],,国际商务,,,486,100581
1957,新疆师范大学(乌鲁木齐市)[公办],,人力资源管理,,,482,104483
1957,新疆师范大学(乌鲁木齐市)[公办],,旅游管理,,,472,113947
1959,新疆天山职业技术大学[民办],,智能制造工程技术,,,438,143930
1959,新疆天山职业技术大学[民办],,电梯工程技术,,,433,147987
1959,新疆天山职业技术大学[民办],,无人机系统应用技术,,,431,149615
1959,新疆天山职业技术大学[民办],,大数据工程技术,,,435,146339
1959,新疆天山职业技术大学[民办],,现代通信工程,,,435,146339
1961,新疆医科大学(乌鲁木齐市)[公办],,生物医学工程,,,506,81500
1961,新疆医科大学(乌鲁木齐市)[公办],,"临床医学(""5+3一体化"")",,,583,21718
1961,新疆医科大学(乌鲁木齐市)[公办],,"临床医学(""5+3一体化""儿科学)",,,581,22793
1961,新疆医科大学(乌鲁木齐市)[公办],,临床医学,,,529,60756
1961,新疆医科大学(乌鲁木齐市)[公办],,麻醉学,,,528,61650
1961,新疆医科大学(乌鲁木齐市)[公办],,医学影像学,,,527,62507
1961,新疆医科大学(乌鲁木齐市)[公办],,精神医学,,,518,70350
1961,新疆医科大学(乌鲁木齐市)[公办],,儿科学,,,522,66880
1961,新疆医科大学(乌鲁木齐市)[公办],,口腔医学,,,555,39718
1961,新疆医科大学(乌鲁木齐市)[公办],,预防医学,,,516,72111
1961,新疆医科大学(乌鲁木齐市)[公办],,中医学,,,507,80550
1961,新疆医科大学(乌鲁木齐市)[公办],,针灸推拿学,,,502,85294
1961,新疆医科大学(乌鲁木齐市)[公办],,中医康复学,,,502,85294
1961,新疆医科大学(乌鲁木齐市)[公办],,中西医临床医学,,,521,67756
1961,新疆医科大学(乌鲁木齐市)[公办],,药学,,,517,71252
1961,新疆医科大学(乌鲁木齐市)[公办],,临床药学,,,502,85294
1961,新疆医科大学(乌鲁木齐市)[公办],,中药学,,,498,89072
1961,新疆医科大学(乌鲁木齐市)[公办],,医学影像技术,,,512,75821
1961,新疆医科大学(乌鲁木齐市)[公办],,康复治疗学,,,495,91989
1961,新疆医科大学(乌鲁木齐市)[公办],,生物医药数据科学,,,490,96770
1961,新疆医科大学(乌鲁木齐市)[公办],,护理学,,,502,85294
1961,新疆医科大学(乌鲁木齐市)[公办],,信息管理与信息系统,,,503,84351
1961,新疆医科大学(乌鲁木齐市)[公办],,公共事业管理,,,484,102507
1963,新疆政法学院[公办],,国际经济与贸易,,,451,132831
1963,新疆政法学院[公办],,法学,,,493,93969
1963,新疆政法学院[公办],,计算机科学与技术,,,456,128454
1963,新疆政法学院[公办],,工商管理,,,452,131939
1963,新疆政法学院[公办],,公共事业管理,,,448,135403
1965,新乡学院[公办],,数学类,,,480,106344
1965,新乡学院[公办],,机械类,,,481,105433
1965,新乡学院[公办],,材料类,,,467,118588
1965,新乡学院[公办],,机器人工程,,,482,104483
1965,新乡学院[公办],,计算机类,,,490,96770
1965,新乡学院[公办],,化学工程与工艺,,,470,115794
1965,新乡学院[公办],,制药工程,,,473,113007
1965,新乡学院[公办],,交通工程,,,476,110122
1965,新乡学院[公办],,食品科学与工程类,,,476,110122
1965,新乡学院[公办],,生物制药,,,471,114847
1966,新乡医学院[公办],,临床医学(卓越医生教育培养计划),,,545,47376
1966,新乡医学院[公办],,麻醉学,,,538,53169
1967,新乡医学院三全学院[独立学院],,临床医学,,,482,104483
1969,新余学院[公办],,经济统计学,,,494,92936
1969,新余学院[公办],,英语,,,510,77713
1969,新余学院[公办],,商务英语,,,497,90044
1969,新余学院[公办],,网络与新媒体,,,498,89072
1969,新余学院[公办],,机械设计制造及其自动化,,,503,84351
1969,新余学院[公办],,材料科学与工程,,,480,106344
1969,新余学院[公办],,新能源材料与器件,,,485,101531
1969,新余学院[公办],,新能源科学与工程,,,490,96770
1969,新余学院[公办],,电气工程及其自动化,,,493,93969
1969,新余学院[公办],,电子信息工程,,,496,90982
1969,新余学院[公办],,通信工程,,,497,90044
1969,新余学院[公办],,机器人工程,,,490,96770
1969,新余学院[公办],,计算机科学与技术,,,499,88132
1969,新余学院[公办],,软件工程,,,497,90044
1969,新余学院[公办],,数据科学与大数据技术,,,493,93969
1969,新余学院[公办],,土木工程,,,491,95797
1969,新余学院[公办],,护理学,,,492,94896
1969,新余学院[公办],,工程造价,,,502,85294
1969,新余学院[公办],,市场营销,,,499,88132
1969,新余学院[公办],,财务管理,,,501,88132
1971,信阳农林学院[公办],,网络工程,,,484,102507
1971,信阳农林学院[公办],,制药工程,,,468,117642
1973,信阳师范学院[公办],,金融工程,,,496,90982
1974,信阳学院[民办],,数学与应用数学,,,456,128454
1974,信阳学院[民办],,土木工程,,,447,136314
1976,邢台学院[公办],,金融工程,,,471,114847
1976,邢台学院[公办],,国际经济与贸易,,,466,119485
1976,邢台学院[公办],,法学,,,489,97728
1976,邢台学院[公办],,社会工作,,,461,124059
1976,邢台学院[公办],,思想政治教育,,,478,108213
1976,邢台学院[公办],,教育学,,,473,113007
1976,邢台学院[公办],,学前教育,,,465,120370
1976,邢台学院[公办],,小学教育,,,487,99599
1976,邢台学院[公办],,汉语言文学,,,494,92936
1976,邢台学院[公办],,英语,,,495,91989
1976,邢台学院[公办],,翻译,,,475,111128
1976,邢台学院[公办],,历史学,,,467,118588
1976,邢台学院[公办],,数学与应用数学,,,477,109131
1976,邢台学院[公办],,物理学,,,463,122201
1976,邢台学院[公办],,化学,,,465,120370
1976,邢台学院[公办],,应用化学,,,456,128454
1976,邢台学院[公办],,地理科学,,,471,114847
1976,邢台学院[公办],,自然地理与资源环境,,,464,121286
1976,邢台学院[公办],,人文地理与城乡规划,,,467,118588
1976,邢台学院[公办],,地理信息科学,,,468,117642
1976,邢台学院[公办],,生物科学,,,465,120370
1976,邢台学院[公办],,生物技术,,,458,126654
1976,邢台学院[公办],,应用统计学,,,463,122201
1976,邢台学院[公办],,机械设计制造及其自动化,,,463,122201
1976,邢台学院[公办],,机械电子工程,,,462,123141
1976,邢台学院[公办],,材料物理,,,457,127518
1976,邢台学院[公办],,通信工程,,,467,118588
1976,邢台学院[公办],,电子信息科学与技术,,,474,112067
1976,邢台学院[公办],,自动化,,,467,118588
1976,邢台学院[公办],,计算机科学与技术,,,482,104483
1976,邢台学院[公办],,网络工程,,,467,118588
1976,邢台学院[公办],,物联网工程,,,467,118588
1976,邢台学院[公办],,化学工程与工艺,,,454,130189
1976,邢台学院[公办],,食品科学与工程,,,459,125856
1976,邢台学院[公办],,工商管理,,,465,120370
1976,邢台学院[公办],,市场营销,,,462,123141
1976,邢台学院[公办],,会计学,,,483,103506
1976,邢台学院[公办],,财务管理,,,476,110122
1976,邢台学院[公办],,物流管理,,,463,122201
1980,徐州工程学院[公办],,机械设计制造及其自动化,,,520,68600
1980,徐州工程学院[公办],,食品质量与安全,,,505,82447
1980,徐州工程学院[公办],,工程造价,,,508,79620
1980,徐州工程学院[公办],,物流工程,,,506,81500
1984,许昌学院[公办],,统计学,,,485,101531
1984,许昌学院[公办],,机械电子工程,,,485,101531
1984,许昌学院[公办],,材料科学与工程,,,473,113007
1984,许昌学院[公办],,电气工程及其自动化,,,497,90044
1984,许昌学院[公办],,电子信息工程,,,490,96770
1984,许昌学院[公办],,物联网工程,,,487,99599
1984,许昌学院[公办],,测绘工程,,,478,108213
1984,许昌学院[公办],,制药工程,,,476,110122
1984,许昌学院[公办],,食品科学与工程,,,478,108213
1984,许昌学院[公办],,工程造价,,,483,103506
1987,烟台大学[公办],,应用化学,,,538,53169
1987,烟台大学[公办],,生物科学,,,537,53967
1987,烟台大学[公办],,统计学,,,541,50682
1987,烟台大学[公办],,机械设计制造及其自动化,,,548,44990
1987,烟台大学[公办],,车辆工程,,,537,53967
1987,烟台大学[公办],,金属材料工程,,,532,58171
1987,烟台大学[公办],,通信工程,,,546,45883
1987,烟台大学[公办],,自动化,,,548,44990
1987,烟台大学[公办],,软件工程,,,561,35449
1987,烟台大学[公办],,土木工程,,,539,52338
1987,烟台大学[公办],,化学工程与工艺,,,538,53169
1987,烟台大学[公办],,核工程与核技术,,,535,55619
1987,烟台大学[公办],,环境科学与工程,,,535,55619
1987,烟台大学[公办],,食品质量与安全,,,532,58171
1987,烟台大学[公办],,建筑学,,,538,53169
1987,烟台大学[公办],,城乡规划,,,535,55619
1987,烟台大学[公办],,水产养殖学,,,514,73932
1987,烟台大学[公办],,会计学,,,550,43499
1988,烟台大学(边防军人子女预科班)[公办],,预科班,,,380,182954
1991,烟台科技学院(烟台市)[民办],,机械设计制造及其自动化,,,454,130189
1991,烟台科技学院(烟台市)[民办],,电气工程及其自动化,,,449,134515
1991,烟台科技学院(烟台市)[民办],,软件工程,,,452,131939
1991,烟台科技学院(烟台市)[民办],,数据科学与大数据技术,,,454,130189
1992,烟台理工学院[民办],,电子信息科学与技术,,,449,134515
1992,烟台理工学院[民办],,自动化,,,446,137128
1992,烟台理工学院[民办],,计算机科学与技术,,,451,132831
1992,烟台理工学院[民办],,物联网工程,,,453,131095
1993,烟台南山学院[民办],,英语,,,451,132831
1993,烟台南山学院[民办],,车辆工程(校企合作与一汽大众汽车有限公司合作),,,447,136314
1993,烟台南山学院[民办],,金属材料工程(校企合作与山东南山铝业股份有限公司合作),,,445,137992
1993,烟台南山学院[民办],,电气工程及其自动化,,,450,133684
1993,烟台南山学院[民办],,软件工程,,,457,127518
1993,烟台南山学院[民办],,化学工程与工艺(校企合作与南山裕龙石化有限公司合作),,,443,139702
1993,烟台南山学院[民办],,纺织工程(校企合作与南山智尚科技股份有限公司合作),,,439,143057
1993,烟台南山学院[民办],,信息管理与信息系统,,,456,128454
1993,烟台南山学院[民办],,市场营销(校企合作与山东开创信息有限公司合作),,,433,147987
1993,烟台南山学院[民办],,旅游管理,,,440,142251
1995,延安大学[公办],,经济学,,,520,68600
1995,延安大学[公办],,智能制造工程,,,533,57317
1995,延安大学[公办],,物联网工程,,,535,55619
1995,延安大学[公办],,工商管理,,,524,65102
1995,延安大学[公办],,会计学,,,522,66880
1995,延安大学[公办],,人力资源管理,,,516,72111
1995,延安大学[公办],,旅游管理,,,505,82447
1996,延安大学西安创新学院(西安市)[独立学院],,小学教育,,,437,144729
1996,延安大学西安创新学院(西安市)[独立学院],,数学与应用数学,,,437,144729
1996,延安大学西安创新学院(西安市)[独立学院],,计算机科学与技术,,,438,143930
1996,延安大学西安创新学院(西安市)[独立学院],,软件工程,,,457,127518
1996,延安大学西安创新学院(西安市)[独立学院],,物联网工程,,,449,134515
1996,延安大学西安创新学院(西安市)[独立学院],,制药工程,,,428,152021
1996,延安大学西安创新学院(西安市)[独立学院],,康复治疗学,,,430,150433
1996,延安大学西安创新学院(西安市)[独立学院],,护理学,,,432,148796
1997,延边大学[公办],,经济学类,,,580,23348
1997,延边大学[公办],,法学,,,585,20594
1997,延边大学[公办],,中国语言文学类,,,586,20047
1997,延边大学[公办],,英语,,,585,20594
1997,延边大学[公办],,俄语,,,578,24508
1997,延边大学[公办],,日语,,,582,22261
1997,延边大学[公办],,朝鲜语,,,566,31393
1997,延边大学[公办],,历史学,,,559,36873
1997,延边大学[公办],,数学类,,,579,23927
1997,延边大学[公办],,物理学,,,574,26972
1997,延边大学[公办],,化学类,,,570,29403
1997,延边大学[公办],,地理科学类,,,575,26354
1997,延边大学[公办],,机械类,,,576,25729
1997,延边大学[公办],,高分子材料与工程,,,573,27552
1997,延边大学[公办],,电子信息类,,,583,21718
1997,延边大学[公办],,人工智能,,,577,25118
1997,延边大学[公办],,土木工程,,,571,28818
1997,延边大学[公办],,食品科学与工程,,,572,28175
1997,延边大学[公办],,临床医学,,,585,20594
1997,延边大学[公办],,麻醉学,,,584,21139
1997,延边大学[公办],,预防医学,,,575,26354
1997,延边大学[公办],,中医学,,,574,26972
1997,延边大学[公办],,药学类,,,569,30021
1997,延边大学[公办],,护理学,,,567,31356
1997,延边大学[公办],,工商管理类,,,577,25118
1997,延边大学[公办],,物流管理,,,571,28818
1997,延边大学[公办],,旅游管理,,,566,31393
1997,延边大学[公办],,经济学(中外合作办学),,,558,37566
1997,延边大学[公办],,通信工程(中外合作办学),,,552,42004
1997,延边大学[公办],,食品科学与工程(中外合作办学),,,543,49037
2000,盐城工学院[公办],,过程装备与控制工程,,,499,88132
2000,盐城工学院[公办],,环境工程,,,496,90982
2002,盐城师范学院[公办],,应用化学,,,488,98638
2004,燕京理工学院(燕郊)[民办],,金融学,,,438,143930
2004,燕京理工学院(燕郊)[民办],,金融科技,,,422,156398
2004,燕京理工学院(燕郊)[民办],,法学,,,435,146339
2004,燕京理工学院(燕郊)[民办],,学前教育,,,437,144729
2004,燕京理工学院(燕郊)[民办],,小学教育,,,440,142251
2004,燕京理工学院(燕郊)[民办],,汉语言文学,,,436,145515
2004,燕京理工学院(燕郊)[民办],,英语,,,432,148796
2004,燕京理工学院(燕郊)[民办],,商务英语,,,428,152021
2004,燕京理工学院(燕郊)[民办],,网络与新媒体,,,448,135403
2004,燕京理工学院(燕郊)[民办],,应用心理学,,,437,144729
2004,燕京理工学院(燕郊)[民办],,机械工程,,,421,157137
2004,燕京理工学院(燕郊)[民办],,车辆工程,,,423,155642
2004,燕京理工学院(燕郊)[民办],,电子信息工程,,,423,155642
2004,燕京理工学院(燕郊)[民办],,通信工程,,,432,148796
2004,燕京理工学院(燕郊)[民办],,自动化,,,426,153495
2004,燕京理工学院(燕郊)[民办],,计算机科学与技术,,,428,152021
2004,燕京理工学院(燕郊)[民办],,软件工程,,,424,154962
2004,燕京理工学院(燕郊)[民办],,物联网工程,,,423,155642
2004,燕京理工学院(燕郊)[民办],,数据科学与大数据技术,,,424,154962
2004,燕京理工学院(燕郊)[民办],,土木工程,,,423,155642
2004,燕京理工学院(燕郊)[民办],,制药工程,,,419,158594
2004,燕京理工学院(燕郊)[民办],,环境工程,,,418,159311
2004,燕京理工学院(燕郊)[民办],,建筑学,,,422,156398
2004,燕京理工学院(燕郊)[民办],,护理学,,,432,148796
2004,燕京理工学院(燕郊)[民办],,工程造价,,,422,156398
2004,燕京理工学院(燕郊)[民办],,大数据管理与应用,,,419,158594
2004,燕京理工学院(燕郊)[民办],,工商管理,,,436,145515
2004,燕京理工学院(燕郊)[民办],,会计学,,,426,153495
2004,燕京理工学院(燕郊)[民办],,财务管理,,,433,147987
2004,燕京理工学院(燕郊)[民办],,人力资源管理,,,432,148796
2004,燕京理工学院(燕郊)[民办],,审计学,,,431,149615
2004,燕京理工学院(燕郊)[民办],,物流管理,,,435,146339
2005,燕山大学(波兰校区)[公办],,机械设计制造及其自动化,,,460,124911
2005,燕山大学(波兰校区)[公办],,电气工程及其自动化,,,480,106344
2005,燕山大学(波兰校区)[公办],,电子科学与技术,,,505,82447
2005,燕山大学(波兰校区)[公办],,自动化,,,468,117642
2005,燕山大学(波兰校区)[公办],,化学工程与工艺,,,479,107280
2006,燕山大学(地方专项计划)[公办],,机械类,,,572,28175
2006,燕山大学(地方专项计划)[公办],,车辆工程,,,571,28818
2006,燕山大学(地方专项计划)[公办],,电气类,,,572,28175
2006,燕山大学(地方专项计划)[公办],,电子信息类,,,577,25118
2006,燕山大学(地方专项计划)[公办],,计算机科学与技术,,,582,22261
2006,燕山大学(地方专项计划)[公办],,土木类,,,570,29403
2008,燕山大学里仁学院(秦皇岛市)[独立学院],,英语,,,491,95797
2008,燕山大学里仁学院(秦皇岛市)[独立学院],,应用化学,,,466,119485
2008,燕山大学里仁学院(秦皇岛市)[独立学院],,机械设计制造及其自动化,,,476,110122
2008,燕山大学里仁学院(秦皇岛市)[独立学院],,材料成型及控制工程,,,461,124059
2008,燕山大学里仁学院(秦皇岛市)[独立学院],,工业设计,,,466,119485
2008,燕山大学里仁学院(秦皇岛市)[独立学院],,过程装备与控制工程,,,456,128454
2008,燕山大学里仁学院(秦皇岛市)[独立学院],,测控技术与仪器,,,458,126654
2008,燕山大学里仁学院(秦皇岛市)[独立学院],,电气工程及其自动化,,,485,101531
2008,燕山大学里仁学院(秦皇岛市)[独立学院],,电子信息工程,,,482,104483
2008,燕山大学里仁学院(秦皇岛市)[独立学院],,电子科学与技术,,,476,110122
2008,燕山大学里仁学院(秦皇岛市)[独立学院],,通信工程,,,481,105433
2008,燕山大学里仁学院(秦皇岛市)[独立学院],,自动化,,,476,110122
2008,燕山大学里仁学院(秦皇岛市)[独立学院],,计算机科学与技术,,,492,94896
2008,燕山大学里仁学院(秦皇岛市)[独立学院],,土木工程,,,472,113947
2008,燕山大学里仁学院(秦皇岛市)[独立学院],,会计学,,,492,94896
2008,燕山大学里仁学院(秦皇岛市)[独立学院],,工业工程,,,474,112067
2008,燕山大学里仁学院(秦皇岛市)[独立学院],,电子商务,,,485,101531
2009,燕山大学(秦皇岛市)[公办],,经济与金融,,,580,23348
2009,燕山大学(秦皇岛市)[公办],,外国语言文学类(英语),,,584,21139
2009,燕山大学(秦皇岛市)[公办],,日语,,,571,28818
2009,燕山大学(秦皇岛市)[公办],,信息与计算科学,,,576,25729
2009,燕山大学(秦皇岛市)[公办],,应用物理学,,,567,31356
2009,燕山大学(秦皇岛市)[公办],,应用化学,,,566,31393
2009,燕山大学(秦皇岛市)[公办],,统计学,,,576,25729
2009,燕山大学(秦皇岛市)[公办],,机械类,,,574,26972
2009,燕山大学(秦皇岛市)[公办],,机械设计制造及其自动化,,,591,17508
2009,燕山大学(秦皇岛市)[公办],,工业设计,,,572,28175
2009,燕山大学(秦皇岛市)[公办],,过程装备与控制工程,,,567,31356
2009,燕山大学(秦皇岛市)[公办],,车辆工程,,,574,26972
2009,燕山大学(秦皇岛市)[公办],,车辆工程,,,584,21139
2009,燕山大学(秦皇岛市)[公办],,材料类,,,565,32080
2009,燕山大学(秦皇岛市)[公办],,能源动力类,,,568,30714
2009,燕山大学(秦皇岛市)[公办],,电气类,,,573,27552
2009,燕山大学(秦皇岛市)[公办],,电子信息类,,,579,23927
2009,燕山大学(秦皇岛市)[公办],,电子信息工程,,,588,19006
2009,燕山大学(秦皇岛市)[公办],,自动化,,,587,19505
2009,燕山大学(秦皇岛市)[公办],,计算机科学与技术,,,586,20047
2009,燕山大学(秦皇岛市)[公办],,软件工程,,,580,23348
2009,燕山大学(秦皇岛市)[公办],,土木类,,,565,32080
2009,燕山大学(秦皇岛市)[公办],,化工与制药类,,,563,34024
2009,燕山大学(秦皇岛市)[公办],,环境工程,,,565,32080
2009,燕山大学(秦皇岛市)[公办],,建筑学,,,572,28175
2009,燕山大学(秦皇岛市)[公办],,生物工程,,,571,28818
2009,燕山大学(秦皇岛市)[公办],,工商管理类,,,574,26972
2009,燕山大学(秦皇岛市)[公办],,公共管理类,,,567,31356
2009,燕山大学(秦皇岛市)[公办],,工业工程,,,569,30021
2009,燕山大学(秦皇岛市)[公办],,工业工程(中外合作办学),,,535,55619
2010,燕山大学(少数民族预科班)[公办],,预科班,,,543,49037
2011,扬州大学[公办],,数学与应用数学,,,583,21718
2011,扬州大学[公办],,生物技术,,,572,28175
2011,扬州大学[公办],,机械设计制造及其自动化,,,580,23348
2011,扬州大学[公办],,高分子材料与工程,,,568,30714
2011,扬州大学[公办],,微电子科学与工程,,,578,24508
2011,扬州大学[公办],,计算机科学与技术,,,586,20047
2011,扬州大学[公办],,土木工程,,,575,26354
2011,扬州大学[公办],,建筑环境与能源应用工程,,,568,30714
2011,扬州大学[公办],,制药工程,,,574,26972
2011,扬州大学[公办],,环境工程,,,571,28818
2011,扬州大学[公办],,烹饪与营养教育,,,553,41254
2011,扬州大学[公办],,建筑学,,,581,22793
2011,扬州大学[公办],,农学,,,570,29403
2011,扬州大学[公办],,植物保护,,,564,32737
2011,扬州大学[公办],,动物科学,,,571,28818
2011,扬州大学[公办],,动物医学,,,578,24508
2011,扬州大学[公办],,实验动物学,,,565,32080
2011,扬州大学[公办],,临床医学,,,586,20047
2011,扬州大学[公办],,工程管理,,,582,22261
2015,阳光学院(福州市)[民办],,国际经济与贸易,,,414,162144
2015,阳光学院(福州市)[民办],,应用心理学,,,430,150433
2015,阳光学院(福州市)[民办],,电子信息类,,,414,162144
2015,阳光学院(福州市)[民办],,人工智能,,,417,160051
2015,阳光学院(福州市)[民办],,计算机科学与技术,,,426,153495
2015,阳光学院(福州市)[民办],,数字媒体技术,,,432,148796
2015,阳光学院(福州市)[民办],,数据科学与大数据技术,,,414,162144
2015,阳光学院(福州市)[民办],,土木工程,,,428,152021
2015,阳光学院(福州市)[民办],,电子商务,,,422,156398
2015,阳光学院(福州市)[民办],,电子商务(中外合作办学),,,420,157892
2018,仰恩大学[民办],,国际经济与贸易,,,432,148796
2020,伊犁师范大学[公办],,贸易经济,,,452,131939
2020,伊犁师范大学[公办],,法学,,,462,123141
2020,伊犁师范大学[公办],,教育技术学,,,459,125856
2020,伊犁师范大学[公办],,学前教育,,,456,128454
2020,伊犁师范大学[公办],,英语,,,460,124911
2020,伊犁师范大学[公办],,俄语,,,453,131095
2020,伊犁师范大学[公办],,数学与应用数学,,,457,127518
2020,伊犁师范大学[公办],,物理学,,,454,130189
2020,伊犁师范大学[公办],,应用物理学,,,451,132831
2020,伊犁师范大学[公办],,化学,,,455,129310
2020,伊犁师范大学[公办],,应用化学,,,451,132831
2020,伊犁师范大学[公办],,地理科学,,,457,127518
2020,伊犁师范大学[公办],,生物科学,,,454,130189
2020,伊犁师范大学[公办],,应用统计学,,,454,130189
2020,伊犁师范大学[公办],,材料化学,,,450,133684
2020,伊犁师范大学[公办],,电气工程及其自动化,,,461,124059
2020,伊犁师范大学[公办],,电子信息工程,,,457,127518
2020,伊犁师范大学[公办],,物联网工程,,,459,125856
2020,伊犁师范大学[公办],,环境工程,,,451,132831
2020,伊犁师范大学[公办],,生物工程,,,452,131939
2020,伊犁师范大学[公办],,信息管理与信息系统,,,452,131939
2020,伊犁师范大学[公办],,会计学,,,458,126654
2020,伊犁师范大学[公办],,跨境电子商务,,,449,134515
2020,伊犁师范大学[公办],,旅游管理,,,450,133684
2022,宜宾学院[公办],,英语,,,495,91989
2022,宜宾学院[公办],,数学与应用数学,,,496,90982
2022,宜宾学院[公办],,信息与计算科学,,,502,85294
2022,宜宾学院[公办],,物理学,,,483,103506
2022,宜宾学院[公办],,应用化学,,,483,103506
2022,宜宾学院[公办],,机械电子工程,,,495,91989
2022,宜宾学院[公办],,食品质量与安全,,,484,102507
2022,宜宾学院[公办],,应用生物科学,,,482,104483
2023,宜春学院[公办],,商务英语,,,487,99599
2023,宜春学院[公办],,化学,,,479,107280
2023,宜春学院[公办],,应用化学,,,483,103506
2023,宜春学院[公办],,人文地理与城乡规划,,,481,105433
2023,宜春学院[公办],,机械设计制造及其自动化,,,497,90044
2023,宜春学院[公办],,计算机科学与技术,,,503,84351
2023,宜春学院[公办],,软件工程,,,494,92936
2023,宜春学院[公办],,网络工程,,,493,93969
2023,宜春学院[公办],,数据科学与大数据技术,,,498,89072
2023,宜春学院[公办],,制药工程,,,480,106344
2023,宜春学院[公办],,环境科学,,,475,111128
2023,宜春学院[公办],,食品质量与安全,,,481,105433
2023,宜春学院[公办],,生物工程,,,482,104483
2023,宜春学院[公办],,农学,,,475,111128
2023,宜春学院[公办],,园艺,,,476,110122
2023,宜春学院[公办],,动物科学,,,473,113007
2023,宜春学院[公办],,动物医学,,,482,104483
2023,宜春学院[公办],,预防医学,,,487,99599
2023,宜春学院[公办],,药学,,,493,93969
2023,宜春学院[公办],,护理学,,,480,106344
2023,宜春学院[公办],,城市管理,,,475,111128
2023,宜春学院[公办],,旅游管理,,,472,113947
2024,银川科技学院[民办],,机械工程,,,413,162888
2024,银川科技学院[民办],,能源与动力工程(新能源发电),,,417,160051
2024,银川科技学院[民办],,电气工程及其自动化(电力系统自动化),,,412,163586
2024,银川科技学院[民办],,计算机科学与技术,,,413,162888
2024,银川科技学院[民办],,土木工程,,,416,160740
2024,银川科技学院[民办],,工程造价,,,412,163586
2025,银川能源学院[民办],,能源经济,,,429,151199
2025,银川能源学院[民办],,金融工程,,,424,154962
2025,银川能源学院[民办],,社会工作,,,412,163586
2025,银川能源学院[民办],,学前教育(师范类),,,425,154215
2025,银川能源学院[民办],,秘书学(语言文学),,,422,156398
2025,银川能源学院[民办],,翻译,,,422,156398
2025,银川能源学院[民办],,商务英语,,,418,159311
2025,银川能源学院[民办],,机械设计制造及其自动化,,,418,159311
2025,银川能源学院[民办],,汽车服务工程,,,413,162888
2025,银川能源学院[民办],,能源与动力工程,,,417,160051
2025,银川能源学院[民办],,电气工程及其自动化,,,413,162888
2025,银川能源学院[民办],,通信工程,,,415,161451
2025,银川能源学院[民办],,物联网工程,,,413,162888
2025,银川能源学院[民办],,数字媒体技术,,,416,160740
2025,银川能源学院[民办],,数据科学与大数据技术,,,415,161451
2025,银川能源学院[民办],,土木工程,,,413,162888
2025,银川能源学院[民办],,智能建造,,,412,163586
2025,银川能源学院[民办],,化学工程与工艺,,,414,162144
2025,银川能源学院[民办],,化学工程与工艺(福州大学实验班),,,417,160051
2025,银川能源学院[民办],,能源化学工程,,,412,163586
2025,银川能源学院[民办],,食品质量与安全,,,426,153495
2025,银川能源学院[民办],,风景园林,,,414,162144
2025,银川能源学院[民办],,设施农业科学与工程,,,414,162144
2025,银川能源学院[民办],,信息管理与信息系统,,,416,160740
2025,银川能源学院[民办],,工程造价,,,412,163586
2025,银川能源学院[民办],,财务管理,,,413,162888
2025,银川能源学院[民办],,人力资源管理,,,414,162144
2025,银川能源学院[民办],,审计学,,,415,161451
2026,营口理工学院[公办],,金融工程,,,501,88132
2026,营口理工学院[公办],,机械设计制造及其自动化,,,498,89072
2026,营口理工学院[公办],,材料成型及控制工程,,,488,98638
2026,营口理工学院[公办],,机械电子工程,,,497,90044
2026,营口理工学院[公办],,新能源科学与工程,,,494,92936
2026,营口理工学院[公办],,电气工程及其自动化,,,499,88132
2026,营口理工学院[公办],,自动化,,,498,89072
2026,营口理工学院[公办],,智能科学与技术,,,497,90044
2026,营口理工学院[公办],,化学工程与工艺,,,492,94896
2026,营口理工学院[公办],,环境科学与工程,,,486,100581
2026,营口理工学院[公办],,物流管理,,,493,93969
2026,营口理工学院[公办],,供应链管理,,,490,96770
2029,右江民族医学院(百色市)[公办],,临床医学,,,505,82447
2029,右江民族医学院(百色市)[公办],,医学影像学,,,508,79620
2029,右江民族医学院(百色市)[公办],,预防医学,,,494,92936
2029,右江民族医学院(百色市)[公办],,医学检验技术,,,493,93969
2029,右江民族医学院(百色市)[公办],,医学实验技术,,,491,95797
2029,右江民族医学院(百色市)[公办],,公共事业管理,,,476,110122
2029,右江民族医学院(百色市)[公办],,健康服务与管理,,,427,152752
2031,榆林学院[公办],,金融工程,,,473,113007
2031,榆林学院[公办],,生物科学,,,476,110122
2031,榆林学院[公办],,机械设计制造及其自动化,,,475,111128
2031,榆林学院[公办],,建筑环境与能源应用工程,,,469,116739
2031,榆林学院[公办],,化学工程与工艺,,,474,112067
2032,玉林师范学院[公办],,数据科学与大数据技术,,,467,118588
2032,玉林师范学院[公办],,生物制药,,,461,124059
2032,玉林师范学院[公办],,财务管理,,,467,118588
2033,玉溪师范学院[公办],,数学与应用数学,,,478,108213
2033,玉溪师范学院[公办],,物理学,,,470,115794
2033,玉溪师范学院[公办],,电子信息类,,,475,111128
2033,玉溪师范学院[公办],,环境生态工程,,,468,117642
2034,云南财经大学(昆明市)[公办],,经济学,,,540,51523
2034,云南财经大学(昆明市)[公办],,经济统计学,,,532,58171
2034,云南财经大学(昆明市)[公办],,税收学,,,535,55619
2034,云南财经大学(昆明市)[公办],,金融学,,,548,44990
2034,云南财经大学(昆明市)[公办],,金融工程,,,538,53169
2034,云南财经大学(昆明市)[公办],,金融数学,,,532,58171
2034,云南财经大学(昆明市)[公办],,精算学,,,532,58171
2034,云南财经大学(昆明市)[公办],,互联网金融,,,533,57317
2034,云南财经大学(昆明市)[公办],,国际经济与贸易,,,536,54791
2034,云南财经大学(昆明市)[公办],,法学,,,538,53169
2034,云南财经大学(昆明市)[公办],,英语,,,536,54791
2034,云南财经大学(昆明市)[公办],,数据科学与大数据技术,,,536,54791
2034,云南财经大学(昆明市)[公办],,信息管理与信息系统,,,530,59831
2034,云南财经大学(昆明市)[公办],,工程管理,,,521,67756
2034,云南财经大学(昆明市)[公办],,工商管理,,,539,52338
2034,云南财经大学(昆明市)[公办],,会计学,,,549,44261
2034,云南财经大学(昆明市)[公办],,财务管理,,,541,50682
2034,云南财经大学(昆明市)[公办],,资产评估,,,540,51523
2034,云南财经大学(昆明市)[公办],,行政管理,,,527,62507
2034,云南财经大学(昆明市)[公办],,物流管理,,,527,62507
2034,云南财经大学(昆明市)[公办],,会展经济与管理,,,522,66880
2037,云南大学滇池学院[独立学院],,经济学,,,481,105433
2037,云南大学滇池学院[独立学院],,金融学,,,433,147987
2037,云南大学滇池学院[独立学院],,国际经济与贸易,,,434,147162
2037,云南大学滇池学院[独立学院],,法学,,,462,123141
2037,云南大学滇池学院[独立学院],,社会工作,,,429,151199
2037,云南大学滇池学院[独立学院],,英语,,,451,132831
2037,云南大学滇池学院[独立学院],,新闻传播学类,,,448,135403
2037,云南大学滇池学院[独立学院],,人工智能,,,437,144729
2037,云南大学滇池学院[独立学院],,计算机科学与技术,,,439,143057
2037,云南大学滇池学院[独立学院],,软件工程,,,438,143930
2037,云南大学滇池学院[独立学院],,物联网工程,,,440,142251
2037,云南大学滇池学院[独立学院],,数字媒体技术,,,441,141442
2037,云南大学滇池学院[独立学院],,土木类,,,434,147162
2037,云南大学滇池学院[独立学院],,工商管理类,,,435,146339
2037,云南大学滇池学院[独立学院],,会计学,,,435,146339
2037,云南大学滇池学院[独立学院],,财务管理,,,436,145515
2038,云南大学(昆明市)[公办],,哲学,,,593,16515
2038,云南大学(昆明市)[公办],,经济学类,,,600,13430
2038,云南大学(昆明市)[公办],,法学,,,602,12631
2038,云南大学(昆明市)[公办],,政治学与行政学,,,587,19505
2038,云南大学(昆明市)[公办],,数学与应用数学,,,593,16515
2038,云南大学(昆明市)[公办],,物理学,,,590,17968
2038,云南大学(昆明市)[公办],,化学类,,,586,20047
2038,云南大学(昆明市)[公办],,地理科学,,,587,19505
2038,云南大学(昆明市)[公办],,地理信息科学,,,589,18507
2038,云南大学(昆明市)[公办],,大气科学,,,590,17968
2038,云南大学(昆明市)[公办],,地球物理学,,,583,21718
2038,云南大学(昆明市)[公办],,地质学,,,578,24508
2038,云南大学(昆明市)[公办],,生物技术,,,589,18507
2038,云南大学(昆明市)[公办],,生态学,,,589,18507
2038,云南大学(昆明市)[公办],,统计学,,,592,16998
2038,云南大学(昆明市)[公办],,材料科学与工程,,,585,20594
2038,云南大学(昆明市)[公办],,电子信息类,,,594,16046
2038,云南大学(昆明市)[公办],,计算机类,,,595,15596
2038,云南大学(昆明市)[公办],,土木工程,,,590,17968
2038,云南大学(昆明市)[公办],,环境科学与工程类,,,585,20594
2038,云南大学(昆明市)[公办],,建筑学,,,588,19006
2038,云南大学(昆明市)[公办],,城乡规划,,,587,19505
2038,云南大学(昆明市)[公办],,工商管理类,,,591,17508
2038,云南大学(昆明市)[公办],,档案学,,,593,16515
2038,云南大学(昆明市)[公办],,信息资源管理,,,592,16998
2038,云南大学(昆明市)[公办],,土木工程(中外合作办学),,,560,36168
2038,云南大学(昆明市)[公办],,物流管理(中外合作办学),,,566,31393
2040,云南经济管理学院[民办],,小学教育,,,440,142251
2040,云南经济管理学院[民办],,商务英语,,,412,163586
2040,云南经济管理学院[民办],,通信工程,,,423,155642
2040,云南经济管理学院[民办],,人工智能,,,419,158594
2040,云南经济管理学院[民办],,物联网工程,,,417,160051
2040,云南经济管理学院[民办],,药学,,,423,155642
2040,云南经济管理学院[民办],,康复治疗学,,,412,163586
2040,云南经济管理学院[民办],,助产学,,,418,159311
2040,云南经济管理学院[民办],,大数据管理与应用,,,415,161451
2040,云南经济管理学院[民办],,应急管理,,,413,162888
2040,云南经济管理学院[民办],,财务管理,,,424,154962
2041,云南警官学院(昆明市)[公办],,网络空间安全,,,506,81500
2044,云南民族大学(昆明市)[公办],,经济学,,,520,68600
2044,云南民族大学(昆明市)[公办],,应用化学,,,511,76779
2044,云南民族大学(昆明市)[公办],,应用心理学,,,516,72111
2044,云南民族大学(昆明市)[公办],,财务管理,,,525,64228
2045,云南农业大学(昆明市)[公办],,经济学,,,521,67756
2045,云南农业大学(昆明市)[公办],,投资学,,,514,73932
2045,云南农业大学(昆明市)[公办],,社会工作,,,510,77713
2045,云南农业大学(昆明市)[公办],,英语,,,520,68600
2045,云南农业大学(昆明市)[公办],,数学与应用数学,,,509,78673
2045,云南农业大学(昆明市)[公办],,化学生物学,,,502,85294
2045,云南农业大学(昆明市)[公办],,车辆工程,,,505,82447
2045,云南农业大学(昆明市)[公办],,能源与动力工程,,,512,75821
2045,云南农业大学(昆明市)[公办],,电气工程及其自动化,,,532,58171
2045,云南农业大学(昆明市)[公办],,土木工程,,,525,64228
2045,云南农业大学(昆明市)[公办],,给排水科学与工程,,,504,83397
2045,云南农业大学(昆明市)[公办],,水利水电工程,,,509,78673
2045,云南农业大学(昆明市)[公办],,水文与水资源工程,,,511,76779
2045,云南农业大学(昆明市)[公办],,食品科学与工程,,,512,75821
2045,云南农业大学(昆明市)[公办],,葡萄与葡萄酒工程,,,500,88132
2045,云南农业大学(昆明市)[公办],,建筑学,,,509,78673
2045,云南农业大学(昆明市)[公办],,农学,,,506,81500
2045,云南农业大学(昆明市)[公办],,植物保护,,,507,80550
2045,云南农业大学(昆明市)[公办],,烟草,,,522,66880
2045,云南农业大学(昆明市)[公办],,动物科学,,,508,79620
2045,云南农业大学(昆明市)[公办],,动物医学,,,516,72111
2045,云南农业大学(昆明市)[公办],,园林,,,511,76779
2045,云南农业大学(昆明市)[公办],,森林保护,,,502,85294
2045,云南农业大学(昆明市)[公办],,工程管理,,,511,76779
2045,云南农业大学(昆明市)[公办],,农林经济管理,,,501,88132
2045,云南农业大学(昆明市)[公办],,土地资源管理,,,503,84351
2045,云南农业大学(昆明市)[公办],,电子商务,,,516,72111
2045,云南农业大学(昆明市)[公办],,土木工程(中外合作办学)(土木与环境),,,475,111128
2045,云南农业大学(昆明市)[公办],,农林经济管理(中外合作办学),,,481,105433
2047,云南师范大学(昆明市)[公办],,英语(含师范、非师范),,,552,42004
2047,云南师范大学(昆明市)[公办],,化学,,,541,50682
2047,云南师范大学(昆明市)[公办],,生物科学类,,,536,54791
2047,云南师范大学(昆明市)[公办],,能源动力类,,,526,63346
2051,云南艺术学院文华学院[独立学院],,学前教育,,,436,145515
2051,云南艺术学院文华学院[独立学院],,小学教育,,,434,147162
2052,云南中医药大学(昆明市)[公办],,医学信息工程,,,522,66880
2052,云南中医药大学(昆明市)[公办],,食品质量与安全,,,499,88132
2052,云南中医药大学(昆明市)[公办],,中医学,,,553,41254
2052,云南中医药大学(昆明市)[公办],,针灸推拿学,,,530,59831
2052,云南中医药大学(昆明市)[公办],,中西医临床医学,,,525,64228
2052,云南中医药大学(昆明市)[公办],,药学,,,515,73018
2052,云南中医药大学(昆明市)[公办],,药物制剂,,,511,76779
2052,云南中医药大学(昆明市)[公办],,中药学,,,520,68600
2052,云南中医药大学(昆明市)[公办],,中药资源与开发,,,513,74844
2052,云南中医药大学(昆明市)[公办],,康复治疗学,,,511,76779
2052,云南中医药大学(昆明市)[公办],,护理学,,,511,76779
2054,运城学院[公办],,金融工程,,,472,113947
2054,运城学院[公办],,数学与应用数学,,,480,106344
2054,运城学院[公办],,机械设计制造及其自动化,,,476,110122
2054,运城学院[公办],,电气工程及其自动化,,,482,104483
2054,运城学院[公办],,数字媒体技术,,,477,109131
2054,运城学院[公办],,食品科学与工程,,,468,117642
2054,运城学院[公办],,园林,,,466,119485
2054,运城学院[公办],,物流管理,,,470,115794
2057,枣庄学院[公办],,材料科学与工程,,,469,116739
2057,枣庄学院[公办],,通信工程,,,481,105433
2057,枣庄学院[公办],,机器人工程,,,475,111128
2057,枣庄学院[公办],,土木类,,,471,114847
2061,张家口学院[公办],,金融工程,,,471,114847
2061,张家口学院[公办],,思想政治教育,,,471,114847
2061,张家口学院[公办],,艺术教育,,,461,124059
2061,张家口学院[公办],,学前教育,,,467,118588
2061,张家口学院[公办],,小学教育,,,473,113007
2061,张家口学院[公办],,英语,,,484,102507
2061,张家口学院[公办],,翻译,,,471,114847
2061,张家口学院[公办],,数学与应用数学,,,467,118588
2061,张家口学院[公办],,地理科学,,,471,114847
2061,张家口学院[公办],,生物科学,,,467,118588
2061,张家口学院[公办],,生态学,,,459,125856
2061,张家口学院[公办],,心理学,,,471,114847
2061,张家口学院[公办],,网络工程,,,465,120370
2061,张家口学院[公办],,物联网工程,,,466,119485
2061,张家口学院[公办],,数字媒体技术,,,465,120370
2061,张家口学院[公办],,药学,,,470,115794
2061,张家口学院[公办],,医学影像技术,,,475,111128
2061,张家口学院[公办],,康复治疗学,,,467,118588
2061,张家口学院[公办],,口腔医学技术,,,479,107280
2061,张家口学院[公办],,护理学,,,473,113007
2061,张家口学院[公办],,助产学,,,469,116739
2061,张家口学院[公办],,会计学,,,479,107280
2061,张家口学院[公办],,财务管理,,,471,114847
2061,张家口学院[公办],,健康服务与管理,,,461,124059
2061,张家口学院[公办],,旅游管理,,,462,123141
2067,肇庆学院[公办],,风景园林,,,469,116739
2067,肇庆学院[公办],,园林,,,462,123141
2068,浙大城市学院[公办],,新闻传播学类,,,545,47376
2068,浙大城市学院[公办],,统计学,,,536,54791
2068,浙大城市学院[公办],,机械类,,,537,53967
2068,浙大城市学院[公办],,自动化,,,542,49854
2068,浙大城市学院[公办],,计算机类,,,555,39718
2068,浙大城市学院[公办],,工商管理类,,,542,49854
2069,浙大宁波理工学院[公办],,机械设计制造及其自动化,,,530,59831
2069,浙大宁波理工学院[公办],,工业设计,,,528,61650
2069,浙大宁波理工学院[公办],,电气工程及其自动化,,,536,54791
2069,浙大宁波理工学院[公办],,电子信息工程,,,535,55619
2069,浙大宁波理工学院[公办],,计算机科学与技术,,,536,54791
2069,浙大宁波理工学院[公办],,数据科学与大数据技术,,,539,52338
2069,浙大宁波理工学院[公办],,土木工程,,,523,65971
2069,浙大宁波理工学院[公办],,化学工程与工艺,,,522,66880
2072,浙江财经大学(杭州市)[公办],,财政学类,,,593,16515
2072,浙江财经大学(杭州市)[公办],,金融学类,,,591,17508
2072,浙江财经大学(杭州市)[公办],,经济与贸易类,,,585,20594
2072,浙江财经大学(杭州市)[公办],,法学类,,,582,22261
2072,浙江财经大学(杭州市)[公办],,外国语言文学类,,,583,21718
2072,浙江财经大学(杭州市)[公办],,新闻传播学类,,,583,21718
2072,浙江财经大学(杭州市)[公办],,统计学类,,,584,21139
2072,浙江财经大学(杭州市)[公办],,计算机类,,,584,21139
2072,浙江财经大学(杭州市)[公办],,计算机类(大数据),,,586,20047
2072,浙江财经大学(杭州市)[公办],,建筑类,,,578,24508
2072,浙江财经大学(杭州市)[公办],,管理科学与工程类,,,578,24508
2072,浙江财经大学(杭州市)[公办],,工商管理类(财会类方向),,,591,17508
2072,浙江财经大学(杭州市)[公办],,工商管理类,,,587,19505
2072,浙江财经大学(杭州市)[公办],,公共管理类,,,575,26354
2072,浙江财经大学(杭州市)[公办],,电子商务类,,,577,25118
2072,浙江财经大学(杭州市)[公办],,金融学(中外合作办学),,,584,21139
2072,浙江财经大学(杭州市)[公办],,市场营销(中外合作办学),,,531,58995
2072,浙江财经大学(杭州市)[公办],,会计学(中外合作办学),,,575,26354
2073,浙江传媒学院[公办],,经济学,,,549,44261
2073,浙江传媒学院[公办],,汉语言文学,,,557,38272
2073,浙江传媒学院[公办],,英语,,,554,40472
2073,浙江传媒学院[公办],,新闻学,,,563,34024
2073,浙江传媒学院[公办],,广播电视学,,,573,27552
2073,浙江传媒学院[公办],,广告学,,,556,39008
2073,浙江传媒学院[公办],,传播学,,,559,36873
2073,浙江传媒学院[公办],,编辑出版学,,,552,42004
2073,浙江传媒学院[公办],,网络与新媒体,,,562,34751
2073,浙江传媒学院[公办],,电子科学与技术(演艺工程与舞台技术),,,558,37566
2073,浙江传媒学院[公办],,广播电视工程,,,551,42759
2073,浙江传媒学院[公办],,软件工程(传媒大数据),,,563,34024
2073,浙江传媒学院[公办],,网络工程,,,562,34751
2073,浙江传媒学院[公办],,数字媒体技术,,,569,30021
2073,浙江传媒学院[公办],,文化产业管理,,,549,44261
2073,浙江传媒学院[公办],,会展经济与管理,,,548,44990
2074,浙江大学(ZJUUIUC联合学院)(中外合作办学)[公办],,工科试验班(中外合作办学，ZJUUIUC联合学院),,,617,7638
2075,浙江大学(杭州市)[公办],,工科试验班,,,670,336
2075,浙江大学(杭州市)[公办],,工科试验班(信息),,,673,256
2075,浙江大学(杭州市)[公办],,工科试验班(竺可桢学院图灵班),,,679,137
2077,浙江大学医学院[公办],,医学试验班类,,,663,616
2077,浙江大学医学院[公办],,临床医学(5+3一体化培养),,,665,443
2077,浙江大学医学院[公办],,临床医学(儿科方向，5+3一体化培养),,,663,616
2077,浙江大学医学院[公办],,口腔医学(5+3一体化培养),,,664,616
2078,浙江大学医学院(ZJUUOE联合学院)(中外合作办学)[公办],,生物医学(中外合作办学)(ZJUUOE联合学院，含生物信息),,,606,11130
2080,浙江工商大学杭州商学院[独立学院],,经济统计学,,,488,98638
2080,浙江工商大学杭州商学院[独立学院],,金融学,,,494,92936
2080,浙江工商大学杭州商学院[独立学院],,互联网金融,,,478,108213
2080,浙江工商大学杭州商学院[独立学院],,应用统计学,,,483,103506
2080,浙江工商大学杭州商学院[独立学院],,工商管理,,,510,77713
2080,浙江工商大学杭州商学院[独立学院],,会计学(智能会计方向),,,508,79620
2080,浙江工商大学杭州商学院[独立学院],,跨境电子商务,,,471,114847
2081,浙江工商大学(杭州市)[公办],,社会工作,,,559,36873
2081,浙江工商大学(杭州市)[公办],,新闻传播学类,,,579,23927
2081,浙江工商大学(杭州市)[公办],,环境科学与工程类,,,552,42004
2081,浙江工商大学(杭州市)[公办],,食品科学与工程类,,,554,40472
2081,浙江工商大学(杭州市)[公办],,公共管理类,,,561,35449
2081,浙江工商大学(杭州市)[公办],,电子商务类,,,560,36168
2084,浙江工业大学(杭州市)[公办],,机械类,,,592,16998
2084,浙江工业大学(杭州市)[公办],,电气类,,,594,16046
2084,浙江工业大学(杭州市)[公办],,机器人工程,,,592,16998
2084,浙江工业大学(杭州市)[公办],,计算机类,,,598,14272
2084,浙江工业大学(杭州市)[公办],,化工与制药类(化学工程类),,,586,20047
2084,浙江工业大学(杭州市)[公办],,药学类,,,586,20047
2084,浙江工业大学(杭州市)[公办],,土木工程(中外合作办学),,,520,68600
2085,浙江工业大学之江学院(绍兴市)[独立学院],,电子信息工程,,,483,103506
2085,浙江工业大学之江学院(绍兴市)[独立学院],,自动化,,,478,108213
2085,浙江工业大学之江学院(绍兴市)[独立学院],,计算机科学与技术,,,481,105433
2085,浙江工业大学之江学院(绍兴市)[独立学院],,软件工程,,,478,108213
2086,浙江广厦建设职业技术大学[民办],,建筑工程,,,417,160051
2086,浙江广厦建设职业技术大学[民办],,工程造价,,,423,155642
2086,浙江广厦建设职业技术大学[民办],,软件工程技术,,,424,154962
2087,浙江海洋大学(舟山市)[公办],,英语(师范),,,550,43499
2087,浙江海洋大学(舟山市)[公办],,数学与应用数学(师范),,,546,45883
2087,浙江海洋大学(舟山市)[公办],,海洋科学类,,,545,47376
2087,浙江海洋大学(舟山市)[公办],,海洋资源与环境,,,538,53169
2087,浙江海洋大学(舟山市)[公办],,计算机科学与技术,,,556,39008
2087,浙江海洋大学(舟山市)[公办],,土木工程,,,547,45772
2087,浙江海洋大学(舟山市)[公办],,港口航道与海岸工程,,,533,57317
2087,浙江海洋大学(舟山市)[公办],,化学工程与工艺,,,533,57317
2087,浙江海洋大学(舟山市)[公办],,油气储运工程,,,530,59831
2087,浙江海洋大学(舟山市)[公办],,海洋油气工程,,,538,53169
2087,浙江海洋大学(舟山市)[公办],,轮机工程(船机修造方向),,,526,63346
2087,浙江海洋大学(舟山市)[公办],,船舶与海洋工程,,,553,41254
2087,浙江海洋大学(舟山市)[公办],,安全工程,,,539,52338
2087,浙江海洋大学(舟山市)[公办],,水产养殖学,,,524,65102
2087,浙江海洋大学(舟山市)[公办],,海洋渔业科学与技术,,,524,65102
2087,浙江海洋大学(舟山市)[公办],,船舶与海洋工程(中外合作办学),,,498,89072
2094,浙江科技学院(杭州市)[公办],,信息与计算科学,,,539,52338
2094,浙江科技学院(杭州市)[公办],,应用物理学,,,530,59831
2094,浙江科技学院(杭州市)[公办],,机械类,,,533,57317
2094,浙江科技学院(杭州市)[公办],,自动化类,,,538,53169
2094,浙江科技学院(杭州市)[公办],,计算机类,,,546,45883
2094,浙江科技学院(杭州市)[公办],,数据科学与大数据技术,,,545,47376
2094,浙江科技学院(杭州市)[公办],,土木工程,,,530,59831
2095,浙江理工大学(杭州市)[公办],,经济与贸易类,,,581,22793
2095,浙江理工大学(杭州市)[公办],,法学类,,,579,23927
2095,浙江理工大学(杭州市)[公办],,外国语言文学类,,,578,24508
2095,浙江理工大学(杭州市)[公办],,数学类(按数理类培养),,,579,23927
2095,浙江理工大学(杭州市)[公办],,化学类,,,575,26354
2095,浙江理工大学(杭州市)[公办],,生物科学类,,,573,27552
2095,浙江理工大学(杭州市)[公办],,机械类,,,577,25118
2095,浙江理工大学(杭州市)[公办],,工业设计,,,580,23348
2095,浙江理工大学(杭州市)[公办],,材料类,,,570,29403
2095,浙江理工大学(杭州市)[公办],,电气类,,,583,21718
2095,浙江理工大学(杭州市)[公办],,电子信息类,,,585,20594
2095,浙江理工大学(杭州市)[公办],,计算机类,,,586,20047
2095,浙江理工大学(杭州市)[公办],,土木类,,,573,27552
2095,浙江理工大学(杭州市)[公办],,纺织类,,,550,43499
2095,浙江理工大学(杭州市)[公办],,服装设计与工程,,,572,28175
2095,浙江理工大学(杭州市)[公办],,轻化工程,,,564,32737
2095,浙江理工大学(杭州市)[公办],,海洋资源开发技术,,,564,32737
2095,浙江理工大学(杭州市)[公办],,建筑类,,,579,23927
2095,浙江理工大学(杭州市)[公办],,信息管理与信息系统,,,577,25118
2095,浙江理工大学(杭州市)[公办],,大数据管理与应用,,,582,22261
2095,浙江理工大学(杭州市)[公办],,工商管理类,,,582,22261
2095,浙江理工大学(杭州市)[公办],,行政管理,,,574,26972
2095,浙江理工大学(杭州市)[公办],,服装设计与工程(中外合作办学),,,510,77713
2097,浙江农林大学(杭州市)[公办],,金融工程,,,555,39718
2097,浙江农林大学(杭州市)[公办],,地理信息科学,,,543,49037
2097,浙江农林大学(杭州市)[公办],,机械设计制造及其自动化,,,542,49854
2097,浙江农林大学(杭州市)[公办],,高分子材料与工程,,,546,45883
2097,浙江农林大学(杭州市)[公办],,计算机科学与技术,,,556,39008
2097,浙江农林大学(杭州市)[公办],,土木工程,,,548,44990
2097,浙江农林大学(杭州市)[公办],,木材科学与工程,,,529,60756
2097,浙江农林大学(杭州市)[公办],,家具设计与工程,,,536,54791
2097,浙江农林大学(杭州市)[公办],,环境科学与工程,,,538,53169
2097,浙江农林大学(杭州市)[公办],,农学,,,534,56478
2097,浙江农林大学(杭州市)[公办],,园艺,,,549,44261
2097,浙江农林大学(杭州市)[公办],,农业资源与环境,,,530,59831
2097,浙江农林大学(杭州市)[公办],,林学,,,542,49854
2097,浙江农林大学(杭州市)[公办],,园林,,,560,36168
2097,浙江农林大学(杭州市)[公办],,文化产业管理(茶文化),,,541,50682
2097,浙江农林大学(杭州市)[公办],,电子商务,,,545,47376
2097,浙江农林大学(杭州市)[公办],,林学(中外合作办学)(中加合作办学项目),,,507,80550
2098,浙江农林大学暨阳学院[独立学院],,机械设计制造及其自动化,,,435,146339
2098,浙江农林大学暨阳学院[独立学院],,计算机科学与技术,,,444,138829
2100,浙江师范大学[公办],,经济与贸易类,,,572,28175
2100,浙江师范大学[公办],,法学类,,,576,25729
2100,浙江师范大学[公办],,汉语国际教育(师范),,,586,20047
2100,浙江师范大学[公办],,数学类,,,591,17508
2100,浙江师范大学[公办],,化学类,,,580,23348
2100,浙江师范大学[公办],,地理科学(师范),,,576,25729
2100,浙江师范大学[公办],,机械类,,,566,31393
2100,浙江师范大学[公办],,电子信息类,,,574,26972
2100,浙江师范大学[公办],,交通运输,,,565,32080
2100,浙江师范大学[公办],,工商管理类,,,572,28175
2101,浙江水利水电学院(杭州市)[公办],,机械设计制造及其自动化,,,529,60756
2101,浙江水利水电学院(杭州市)[公办],,电气工程及其自动化,,,535,55619
2101,浙江水利水电学院(杭州市)[公办],,智能电网信息工程,,,529,60756
2101,浙江水利水电学院(杭州市)[公办],,软件工程,,,539,52338
2101,浙江水利水电学院(杭州市)[公办],,数字媒体技术,,,539,52338
2101,浙江水利水电学院(杭州市)[公办],,土木工程,,,523,65971
2101,浙江水利水电学院(杭州市)[公办],,建筑环境与能源应用工程,,,523,65971
2101,浙江水利水电学院(杭州市)[公办],,道路桥梁与渡河工程,,,519,69481
2101,浙江水利水电学院(杭州市)[公办],,水利水电工程,,,528,61650
2101,浙江水利水电学院(杭州市)[公办],,农业水利工程,,,511,76779
2101,浙江水利水电学院(杭州市)[公办],,环境生态工程,,,518,70350
2101,浙江水利水电学院(杭州市)[公办],,机械设计制造及其自动化(中外合作办学),,,518,70350
2103,浙江外国语学院(杭州市)[公办],,金融工程,,,548,44990
2103,浙江外国语学院(杭州市)[公办],,国际经济与贸易,,,557,38272
2103,浙江外国语学院(杭州市)[公办],,科学教育(师范),,,544,48201
2103,浙江外国语学院(杭州市)[公办],,德语,,,559,36873
2103,浙江外国语学院(杭州市)[公办],,西班牙语,,,561,35449
2103,浙江外国语学院(杭州市)[公办],,阿拉伯语,,,537,53967
2103,浙江外国语学院(杭州市)[公办],,葡萄牙语,,,557,38272
2103,浙江外国语学院(杭州市)[公办],,商务英语,,,569,30021
2103,浙江外国语学院(杭州市)[公办],,数学与应用数学(师范),,,559,36873
2103,浙江外国语学院(杭州市)[公办],,计算机科学与技术,,,553,41254
2103,浙江外国语学院(杭州市)[公办],,国际商务(国际财务方向),,,544,48201
2103,浙江外国语学院(杭州市)[公办],,电子商务,,,552,42004
2103,浙江外国语学院(杭州市)[公办],,旅游管理(日语方向),,,539,52338
2103,浙江外国语学院(杭州市)[公办],,会展经济与管理,,,538,53169
2103,浙江外国语学院(杭州市)[公办],,西班牙语(中外合作办学)(旅游方向),,,533,57317
2104,浙江万里学院(宁波市)[公办],,金融学类,,,473,113007
2104,浙江万里学院(宁波市)[公办],,经济与贸易类,,,468,117642
2104,浙江万里学院(宁波市)[公办],,法学,,,489,97728
2104,浙江万里学院(宁波市)[公办],,汉语言文学,,,476,110122
2104,浙江万里学院(宁波市)[公办],,日语,,,461,124059
2104,浙江万里学院(宁波市)[公办],,新闻传播学类,,,479,107280
2104,浙江万里学院(宁波市)[公办],,统计学,,,468,117642
2104,浙江万里学院(宁波市)[公办],,机械电子工程,,,471,114847
2104,浙江万里学院(宁波市)[公办],,电气工程及其自动化,,,490,96770
2104,浙江万里学院(宁波市)[公办],,电子信息类,,,471,114847
2104,浙江万里学院(宁波市)[公办],,人工智能,,,474,112067
2104,浙江万里学院(宁波市)[公办],,计算机类,,,481,105433
2104,浙江万里学院(宁波市)[公办],,网络空间安全,,,469,116739
2104,浙江万里学院(宁波市)[公办],,区块链工程,,,467,118588
2104,浙江万里学院(宁波市)[公办],,环境科学与工程类,,,464,121286
2104,浙江万里学院(宁波市)[公办],,食品科学与工程类,,,461,124059
2104,浙江万里学院(宁波市)[公办],,生物工程类,,,468,117642
2104,浙江万里学院(宁波市)[公办],,工商管理,,,465,120370
2104,浙江万里学院(宁波市)[公办],,会计学,,,469,116739
2104,浙江万里学院(宁波市)[公办],,财务管理,,,472,113947
2104,浙江万里学院(宁波市)[公办],,物流管理,,,460,124911
2104,浙江万里学院(宁波市)[公办],,电子商务类,,,461,124059
2107,浙江越秀外国语学院[民办],,外国语言文学类,,,448,135403
2107,浙江越秀外国语学院[民办],,俄语,,,444,138829
2107,浙江越秀外国语学院[民办],,日语,,,434,147162
2107,浙江越秀外国语学院[民办],,网络与新媒体(中外合作办学),,,424,154962
2107,浙江越秀外国语学院[民办],,大数据管理与应用(中外合作办学),,,424,154962
2108,浙江中医药大学(杭州市)[公办],,医学信息工程,,,569,30021
2108,浙江中医药大学(杭州市)[公办],,儿科学,,,575,26354
2108,浙江中医药大学(杭州市)[公办],,中医学,,,573,27552
2108,浙江中医药大学(杭州市)[公办],,药学,,,568,30714
2108,浙江中医药大学(杭州市)[公办],,医学检验技术,,,570,29403
2109,郑州财经学院[民办],,金融学,,,453,131095
2109,郑州财经学院[民办],,投资学,,,448,135403
2109,郑州财经学院[民办],,国际经济与贸易,,,452,131939
2109,郑州财经学院[民办],,小学教育,,,459,125856
2109,郑州财经学院[民办],,英语,,,459,125856
2109,郑州财经学院[民办],,数据科学与大数据技术,,,454,130189
2109,郑州财经学院[民办],,土木工程,,,450,133684
2109,郑州财经学院[民办],,工商管理,,,451,132831
2109,郑州财经学院[民办],,会计学,,,453,131095
2109,郑州财经学院[民办],,财务管理,,,454,130189
2110,郑州大学[公办],,经济学类,,,611,9385
2110,郑州大学[公办],,法学类,,,609,10048
2110,郑州大学[公办],,教育学类,,,603,12248
2110,郑州大学[公办],,中国语言文学类,,,614,8462
2110,郑州大学[公办],,外国语言文学类,,,607,10760
2110,郑州大学[公办],,新闻传播学类,,,611,9385
2110,郑州大学[公办],,数学类,,,604,11858
2110,郑州大学[公办],,物理学类,,,601,13049
2110,郑州大学[公办],,化学类(含国际化班),,,595,15596
2110,郑州大学[公办],,生物科学类,,,596,15132
2110,郑州大学[公办],,力学类,,,593,16515
2110,郑州大学[公办],,机械类,,,600,13430
2110,郑州大学[公办],,材料类,,,594,16046
2110,郑州大学[公办],,电子信息类,,,606,11130
2110,郑州大学[公办],,自动化类,,,605,11477
2110,郑州大学[公办],,计算机类,,,609,10048
2110,郑州大学[公办],,土木类,,,597,14703
2110,郑州大学[公办],,水利类,,,592,16998
2110,郑州大学[公办],,环境科学与工程类,,,594,16046
2110,郑州大学[公办],,建筑类,,,599,13858
2110,郑州大学[公办],,基础医学(国际化班),,,603,12248
2110,郑州大学[公办],,临床医学类,,,610,9711
2110,郑州大学[公办],,口腔医学,,,611,9385
2110,郑州大学[公办],,预防医学,,,599,13858
2110,郑州大学[公办],,药学类,,,598,14272
2110,郑州大学[公办],,医学技术类,,,598,14272
2110,郑州大学[公办],,管理科学与工程类,,,593,16515
2110,郑州大学[公办],,工商管理类,,,604,11858
2110,郑州大学[公办],,旅游管理类,,,584,21139
2110,郑州大学[公办],,通信工程(中外合作办学),,,591,17508
2112,郑州工程技术学院[公办],,商务英语,,,498,89072
2112,郑州工程技术学院[公办],,高分子材料与工程,,,479,107280
2112,郑州工程技术学院[公办],,软件工程,,,518,70350
2112,郑州工程技术学院[公办],,物联网工程,,,496,90982
2112,郑州工程技术学院[公办],,食品质量与安全,,,471,114847
2112,郑州工程技术学院[公办],,工程管理,,,488,98638
2112,郑州工程技术学院[公办],,物流管理,,,486,100581
2112,郑州工程技术学院[公办],,物流工程,,,485,101531
2113,郑州工商学院[民办],,机械设计制造及其自动化,,,428,152021
2113,郑州工商学院[民办],,电气工程及其自动化,,,428,152021
2113,郑州工商学院[民办],,电子信息工程,,,430,150433
2113,郑州工商学院[民办],,计算机科学与技术,,,431,149615
2113,郑州工商学院[民办],,土木工程,,,429,151199
2114,郑州工业应用技术学院[民办],,学前教育,,,442,140581
2114,郑州工业应用技术学院[民办],,护理学,,,444,138829
2115,郑州航空工业管理学院[公办],,经济学类,,,507,80550
2115,郑州航空工业管理学院[公办],,金融学类,,,510,77713
2115,郑州航空工业管理学院[公办],,经济与贸易类,,,505,82447
2115,郑州航空工业管理学院[公办],,外国语言文学类,,,512,75821
2115,郑州航空工业管理学院[公办],,法语,,,513,74844
2115,郑州航空工业管理学院[公办],,广告学,,,511,76779
2115,郑州航空工业管理学院[公办],,数学与应用数学,,,506,81500
2115,郑州航空工业管理学院[公办],,机械类,,,508,79620
2115,郑州航空工业管理学院[公办],,材料类,,,495,91989
2115,郑州航空工业管理学院[公办],,电气工程及其自动化,,,511,76779
2115,郑州航空工业管理学院[公办],,电子信息类,,,510,77713
2115,郑州航空工业管理学院[公办],,计算机类,,,514,73932
2115,郑州航空工业管理学院[公办],,土木类,,,504,83397
2115,郑州航空工业管理学院[公办],,交通运输,,,506,81500
2115,郑州航空工业管理学院[公办],,交通运输(空管与签派),,,502,85294
2115,郑州航空工业管理学院[公办],,航空航天类,,,505,82447
2115,郑州航空工业管理学院[公办],,环境工程,,,503,84351
2115,郑州航空工业管理学院[公办],,城乡规划,,,505,82447
2115,郑州航空工业管理学院[公办],,安全工程,,,502,85294
2115,郑州航空工业管理学院[公办],,工程管理,,,506,81500
2115,郑州航空工业管理学院[公办],,工商管理类,,,513,74844
2115,郑州航空工业管理学院[公办],,行政管理,,,504,83397
2115,郑州航空工业管理学院[公办],,物流管理与工程类,,,495,91989
2115,郑州航空工业管理学院[公办],,工业工程类,,,501,88132
2115,郑州航空工业管理学院[公办],,材料成型及控制工程(中外合作办学),,,462,123141
2115,郑州航空工业管理学院[公办],,自动化(中外合作办学),,,504,83397
2115,郑州航空工业管理学院[公办],,飞行器设计与工程(中外合作办学),,,463,122201
2115,郑州航空工业管理学院[公办],,信息管理与信息系统(中外合作办学),,,473,113007
2115,郑州航空工业管理学院[公办],,质量管理工程(中外合作办学),,,469,116739
2116,郑州经贸学院[民办],,电气工程及其自动化,,,438,143930
2116,郑州经贸学院[民办],,自动化,,,444,138829
2116,郑州经贸学院[民办],,轨道交通信号与控制,,,436,145515
2116,郑州经贸学院[民办],,计算机科学与技术,,,445,137992
2116,郑州经贸学院[民办],,网络工程,,,437,144729
2116,郑州经贸学院[民办],,数字媒体技术,,,441,141442
2116,郑州经贸学院[民办],,数据科学与大数据技术,,,437,144729
2116,郑州经贸学院[民办],,工程造价,,,441,141442
2119,郑州轻工业大学[公办],,数学与应用数学,,,541,50682
2119,郑州轻工业大学[公办],,信息与计算科学,,,543,49037
2119,郑州轻工业大学[公办],,化学,,,534,56478
2119,郑州轻工业大学[公办],,应用化学,,,532,58171
2119,郑州轻工业大学[公办],,生物技术,,,531,58995
2119,郑州轻工业大学[公办],,机械设计制造及其自动化,,,537,53967
2119,郑州轻工业大学[公办],,过程装备与控制工程,,,527,62507
2119,郑州轻工业大学[公办],,车辆工程,,,533,57317
2119,郑州轻工业大学[公办],,智能制造工程,,,540,51523
2119,郑州轻工业大学[公办],,测控技术与仪器,,,529,60756
2119,郑州轻工业大学[公办],,材料物理,,,526,63346
2119,郑州轻工业大学[公办],,高分子材料与工程,,,531,58995
2119,郑州轻工业大学[公办],,新能源材料与器件,,,528,61650
2119,郑州轻工业大学[公办],,能源与动力工程,,,537,53967
2119,郑州轻工业大学[公办],,新能源科学与工程,,,535,55619
2119,郑州轻工业大学[公办],,电气工程及其自动化,,,547,45772
2119,郑州轻工业大学[公办],,智能电网信息工程,,,542,49854
2119,郑州轻工业大学[公办],,电子信息工程,,,544,48201
2119,郑州轻工业大学[公办],,电子科学与技术,,,540,51523
2119,郑州轻工业大学[公办],,通信工程,,,545,47376
2119,郑州轻工业大学[公办],,自动化类,,,543,49037
2119,郑州轻工业大学[公办],,计算机科学与技术,,,554,40472
2119,郑州轻工业大学[公办],,物联网工程,,,547,45772
2119,郑州轻工业大学[公办],,数据科学与大数据技术,,,546,45883
2119,郑州轻工业大学[公办],,建筑环境与能源应用工程,,,524,65102
2119,郑州轻工业大学[公办],,建筑电气与智能化,,,531,58995
2119,郑州轻工业大学[公办],,化学工程与工艺,,,532,58171
2119,郑州轻工业大学[公办],,环境工程,,,521,67756
2119,郑州轻工业大学[公办],,食品科学与工程,,,535,55619
2119,郑州轻工业大学[公办],,食品科学与工程(烟草科学与工程),,,537,53967
2119,郑州轻工业大学[公办],,食品质量与安全,,,531,58995
2119,郑州轻工业大学[公办],,安全工程,,,526,63346
2119,郑州轻工业大学[公办],,生物工程,,,520,68600
2119,郑州轻工业大学[公办],,烟草,,,537,53967
2119,郑州轻工业大学[公办],,软件工程(中外合作办学),,,512,75821
2119,郑州轻工业大学[公办],,食品科学与工程(中外合作办学),,,476,110122
2121,郑州商学院[民办],,工商管理,,,450,133684
2121,郑州商学院[民办],,会计学,,,452,131939
2122,郑州升达经贸管理学院[民办],,金融学,,,449,134515
2122,郑州升达经贸管理学院[民办],,英语,,,455,129310
2122,郑州升达经贸管理学院[民办],,数据科学与大数据技术,,,447,136314
2122,郑州升达经贸管理学院[民办],,工商管理类,,,446,137128
2122,郑州升达经贸管理学院[民办],,会计学,,,457,127518
2122,郑州升达经贸管理学院[民办],,电子商务类,,,445,137992
2123,郑州师范学院[公办],,科学教育,,,520,68600
2125,郑州西亚斯学院[民办],,国际经济与贸易,,,450,133684
2125,郑州西亚斯学院[民办],,计算机科学与技术,,,460,124911
2125,郑州西亚斯学院[民办],,工商管理,,,448,135403
2125,郑州西亚斯学院[民办],,会计学,,,454,130189
2128,中北大学[公办],,经济统计学,,,554,40472
2128,中北大学[公办],,国际经济与贸易,,,556,39008
2128,中北大学[公办],,数学类,,,558,37566
2128,中北大学[公办],,应用物理学,,,556,39008
2128,中北大学[公办],,应用化学,,,555,39718
2128,中北大学[公办],,统计学,,,558,37566
2128,中北大学[公办],,工程力学,,,556,39008
2128,中北大学[公办],,机械类,,,557,38272
2128,中北大学[公办],,材料成型及控制工程,,,554,40472
2128,中北大学[公办],,车辆工程,,,563,34024
2128,中北大学[公办],,仪器类,,,560,36168
2128,中北大学[公办],,材料类,,,546,45883
2128,中北大学[公办],,能源动力类,,,556,39008
2128,中北大学[公办],,电气类,,,560,36168
2128,中北大学[公办],,电子信息类,,,566,31393
2128,中北大学[公办],,光电信息科学与工程,,,562,34751
2128,中北大学[公办],,自动化类,,,561,35449
2128,中北大学[公办],,计算机类,,,567,31356
2128,中北大学[公办],,土木类,,,554,40472
2128,中北大学[公办],,化工与制药类,,,546,45883
2128,中北大学[公办],,制药工程,,,551,42759
2128,中北大学[公办],,包装工程,,,528,61650
2128,中北大学[公办],,航空航天类,,,566,31393
2128,中北大学[公办],,兵器类,,,559,36873
2128,中北大学[公办],,特种能源技术与工程,,,558,37566
2128,中北大学[公办],,信息对抗技术,,,563,34024
2128,中北大学[公办],,环境工程,,,553,41254
2128,中北大学[公办],,生物医学工程,,,549,44261
2128,中北大学[公办],,安全工程,,,554,40472
2128,中北大学[公办],,生物工程,,,553,41254
2128,中北大学[公办],,工商管理类,,,554,40472
2128,中北大学[公办],,工业工程,,,553,41254
2129,中国传媒大学(北京市)[公办],,翻译,,,617,7638
2129,中国传媒大学(北京市)[公办],,新闻学(数据新闻报道方向),,,625,5524
2129,中国传媒大学(北京市)[公办],,广告学(数字营销方向),,,624,5761
2129,中国传媒大学(北京市)[公办],,广告学(计算广告双学士学位复合型人才培养项目),,,629,4660
2129,中国传媒大学(北京市)[公办],,传播学(媒体市场调查与分析方向),,,624,5761
2129,中国传媒大学(北京市)[公办],,网络与新媒体(媒体创意方向),,,624,5761
2129,中国传媒大学(北京市)[公办],,国际新闻与传播,,,623,6003
2129,中国传媒大学(北京市)[公办],,电子信息工程,,,616,7907
2129,中国传媒大学(北京市)[公办],,通信工程,,,620,6814
2129,中国传媒大学(北京市)[公办],,广播电视工程,,,616,7907
2129,中国传媒大学(北京市)[公办],,人工智能,,,621,6561
2129,中国传媒大学(北京市)[公办],,计算机科学与技术,,,620,6814
2129,中国传媒大学(北京市)[公办],,数字媒体技术,,,626,5302
2129,中国传媒大学(北京市)[公办],,智能科学与技术(智能影像技术方向),,,616,7907
2129,中国传媒大学(北京市)[公办],,网络空间安全,,,616,7907
2129,中国传媒大学(北京市)[公办],,传播学(中外合作办学),,,600,13430
2131,中国地质大学(北京)[公办],,法学,,,608,10398
2131,中国地质大学(北京)[公办],,英语,,,606,11130
2131,中国地质大学(北京)[公办],,数学与应用数学,,,607,10760
2131,中国地质大学(北京)[公办],,数据计算及应用,,,607,10760
2131,中国地质大学(北京)[公办],,地理信息科学,,,605,11477
2131,中国地质大学(北京)[公办],,海洋科学,,,595,15596
2131,中国地质大学(北京)[公办],,海洋资源与环境,,,593,16515
2131,中国地质大学(北京)[公办],,地球物理学,,,602,12631
2131,中国地质大学(北京)[公办],,地质学类(地质地矿类),,,591,17508
2131,中国地质大学(北京)[公办],,地质学(基地班),,,606,11130
2131,中国地质大学(北京)[公办],,机械设计制造及其自动化,,,607,10760
2131,中国地质大学(北京)[公办],,测控技术与仪器,,,602,12631
2131,中国地质大学(北京)[公办],,材料类,,,595,15596
2131,中国地质大学(北京)[公办],,宝石及材料工艺学,,,602,12631
2131,中国地质大学(北京)[公办],,电气工程及其自动化,,,609,10048
2131,中国地质大学(北京)[公办],,电子信息工程,,,612,9070
2131,中国地质大学(北京)[公办],,人工智能,,,612,9070
2131,中国地质大学(北京)[公办],,计算机科学与技术,,,619,7098
2131,中国地质大学(北京)[公办],,软件工程,,,616,7907
2131,中国地质大学(北京)[公办],,数据科学与大数据技术,,,611,9385
2131,中国地质大学(北京)[公办],,城市地下空间工程,,,602,12631
2131,中国地质大学(北京)[公办],,水文与水资源工程,,,603,12248
2131,中国地质大学(北京)[公办],,测绘工程,,,603,12248
2131,中国地质大学(北京)[公办],,遥感科学与技术,,,606,11130
2131,中国地质大学(北京)[公办],,地质类(能源类),,,593,16515
2131,中国地质大学(北京)[公办],,地质工程,,,595,15596
2131,中国地质大学(北京)[公办],,勘查技术与工程,,,595,15596
2131,中国地质大学(北京)[公办],,地下水科学与工程,,,589,18507
2131,中国地质大学(北京)[公办],,土地整治工程,,,597,14703
2131,中国地质大学(北京)[公办],,安全工程,,,603,12248
2131,中国地质大学(北京)[公办],,工商管理类(经济管理类),,,603,12248
2131,中国地质大学(北京)[公办],,土地资源管理,,,600,13430
2131,中国地质大学(北京)[公办],,自然资源登记与管理,,,605,11477
2133,中国地质大学(武汉)[公办],,经济学类,,,601,13049
2133,中国地质大学(武汉)[公办],,英语,,,600,13430
2133,中国地质大学(武汉)[公办],,广播电视学,,,601,13049
2133,中国地质大学(武汉)[公办],,数学类,,,601,13049
2133,中国地质大学(武汉)[公办],,物理学,,,597,14703
2133,中国地质大学(武汉)[公办],,应用化学,,,592,16998
2133,中国地质大学(武汉)[公办],,地理科学类,,,600,13430
2133,中国地质大学(武汉)[公办],,大气科学,,,597,14703
2133,中国地质大学(武汉)[公办],,海洋科学类,,,586,20047
2133,中国地质大学(武汉)[公办],,地球物理学类(地球物理与信息类),,,592,16998
2133,中国地质大学(武汉)[公办],,地球物理学类(菁英班),,,605,11477
2133,中国地质大学(武汉)[公办],,地质学类(国家拔尖计划，国家理科基地班),,,601,13049
2133,中国地质大学(武汉)[公办],,地质学类,,,598,14272
2133,中国地质大学(武汉)[公办],,地质学类(菁英班),,,603,12248
2133,中国地质大学(武汉)[公办],,统计学,,,601,13049
2133,中国地质大学(武汉)[公办],,机械类,,,595,15596
2133,中国地质大学(武汉)[公办],,材料类,,,591,17508
2133,中国地质大学(武汉)[公办],,宝石及材料工艺学,,,593,16515
2133,中国地质大学(武汉)[公办],,电子信息类,,,605,11477
2133,中国地质大学(武汉)[公办],,自动化类,,,598,14272
2133,中国地质大学(武汉)[公办],,计算机类,,,607,10760
2133,中国地质大学(武汉)[公办],,土木类,,,591,17508
2133,中国地质大学(武汉)[公办],,测绘类(测绘与信息类),,,592,16998
2133,中国地质大学(武汉)[公办],,地质类(资源能源),,,590,17968
2133,中国地质大学(武汉)[公办],,地质类,,,593,16515
2133,中国地质大学(武汉)[公办],,环境科学与工程类(环境地球科学类),,,589,18507
2133,中国地质大学(武汉)[公办],,安全科学与工程类,,,592,16998
2133,中国地质大学(武汉)[公办],,管理科学与工程类,,,594,16046
2133,中国地质大学(武汉)[公办],,应急管理,,,590,17968
2133,中国地质大学(武汉)[公办],,工商管理类,,,596,15132
2133,中国地质大学(武汉)[公办],,公共管理类,,,595,15596
2133,中国地质大学(武汉)[公办],,土地资源管理,,,591,17508
2133,中国地质大学(武汉)[公办],,计算机科学与技术(中外合作办学)(大数据方向),,,578,24508
2133,中国地质大学(武汉)[公办],,地下水科学与工程(中外合作办学),,,549,44261
2135,中国海洋大学(青岛市)[公办],,经济学,,,616,7907
2135,中国海洋大学(青岛市)[公办],,国际经济与贸易,,,614,8462
2135,中国海洋大学(青岛市)[公办],,法学,,,617,7638
2135,中国海洋大学(青岛市)[公办],,数学类,,,616,7907
2135,中国海洋大学(青岛市)[公办],,物理学,,,613,8757
2135,中国海洋大学(青岛市)[公办],,化学,,,610,9711
2135,中国海洋大学(青岛市)[公办],,大气科学,,,612,9070
2135,中国海洋大学(青岛市)[公办],,海洋科学,,,619,7098
2135,中国海洋大学(青岛市)[公办],,海洋技术,,,615,8162
2135,中国海洋大学(青岛市)[公办],,海洋资源与环境,,,612,9070
2135,中国海洋大学(青岛市)[公办],,地质学,,,607,10760
2135,中国海洋大学(青岛市)[公办],,地球信息科学与技术,,,614,8462
2135,中国海洋大学(青岛市)[公办],,生物科学类,,,615,8162
2135,中国海洋大学(青岛市)[公办],,机械设计制造及其自动化,,,615,8162
2135,中国海洋大学(青岛市)[公办],,材料类,,,610,9711
2135,中国海洋大学(青岛市)[公办],,电子信息类,,,617,7638
2135,中国海洋大学(青岛市)[公办],,光电信息科学与工程,,,617,7638
2135,中国海洋大学(青岛市)[公办],,自动化,,,617,7638
2135,中国海洋大学(青岛市)[公办],,计算机类,,,619,7098
2135,中国海洋大学(青岛市)[公办],,土木类,,,610,9711
2135,中国海洋大学(青岛市)[公办],,港口航道与海岸工程,,,610,9711
2135,中国海洋大学(青岛市)[公办],,化学工程与工艺,,,610,9711
2135,中国海洋大学(青岛市)[公办],,勘查技术与工程,,,602,12631
2135,中国海洋大学(青岛市)[公办],,轮机工程,,,607,10760
2135,中国海洋大学(青岛市)[公办],,船舶与海洋工程,,,613,8757
2135,中国海洋大学(青岛市)[公办],,环境工程,,,610,9711
2135,中国海洋大学(青岛市)[公办],,食品科学与工程类,,,611,9385
2135,中国海洋大学(青岛市)[公办],,水产养殖学,,,608,10398
2135,中国海洋大学(青岛市)[公办],,药学,,,619,7098
2135,中国海洋大学(青岛市)[公办],,市场营销,,,610,9711
2135,中国海洋大学(青岛市)[公办],,财务管理,,,614,8462
2135,中国海洋大学(青岛市)[公办],,物流管理,,,610,9711
2135,中国海洋大学(青岛市)[公办],,电子商务,,,612,9070
2135,中国海洋大学(青岛市)[公办],,法学(中外合作办学),,,593,16515
2135,中国海洋大学(青岛市)[公办],,数学与应用数学(中外合作办学),,,582,22261
2135,中国海洋大学(青岛市)[公办],,海洋科学(中外合作办学),,,573,27552
2135,中国海洋大学(青岛市)[公办],,生物技术(中外合作办学),,,577,25118
2135,中国海洋大学(青岛市)[公办],,计算机科学与技术(中外合作办学),,,600,13430
2135,中国海洋大学(青岛市)[公办],,食品科学与工程(中外合作办学),,,566,31393
2137,中国计量大学(杭州市)[公办],,金融学类,,,583,21718
2137,中国计量大学(杭州市)[公办],,物理学类,,,573,27552
2137,中国计量大学(杭州市)[公办],,应用化学,,,584,21139
2137,中国计量大学(杭州市)[公办],,机械类,,,574,26972
2137,中国计量大学(杭州市)[公办],,工业设计,,,572,28175
2137,中国计量大学(杭州市)[公办],,测控技术与仪器,,,576,25729
2137,中国计量大学(杭州市)[公办],,智能感知工程,,,574,26972
2137,中国计量大学(杭州市)[公办],,能源与动力工程,,,568,30714
2137,中国计量大学(杭州市)[公办],,电子信息类,,,576,25729
2137,中国计量大学(杭州市)[公办],,电子科学与技术,,,575,26354
2137,中国计量大学(杭州市)[公办],,微电子科学与工程,,,578,24508
2137,中国计量大学(杭州市)[公办],,光电信息科学与工程,,,574,26972
2137,中国计量大学(杭州市)[公办],,人工智能,,,578,24508
2137,中国计量大学(杭州市)[公办],,自动化类,,,575,26354
2137,中国计量大学(杭州市)[公办],,环境工程,,,563,34024
2137,中国计量大学(杭州市)[公办],,食品质量与安全,,,570,29403
2137,中国计量大学(杭州市)[公办],,安全工程,,,566,31393
2137,中国计量大学(杭州市)[公办],,生物工程,,,568,30714
2137,中国计量大学(杭州市)[公办],,动植物检疫,,,558,37566
2137,中国计量大学(杭州市)[公办],,药学,,,575,26354
2137,中国计量大学(杭州市)[公办],,卫生检验与检疫,,,569,30021
2137,中国计量大学(杭州市)[公办],,信息管理与信息系统,,,572,28175
2137,中国计量大学(杭州市)[公办],,工业工程,,,564,32737
2137,中国计量大学(杭州市)[公办],,质量管理工程,,,570,29403
2138,中国计量大学现代科技学院(义乌市)[独立学院],,电子信息类,,,500,88132
2138,中国计量大学现代科技学院(义乌市)[独立学院],,自动化类,,,476,110122
2138,中国计量大学现代科技学院(义乌市)[独立学院],,质量管理工程,,,468,117642
2140,中国科学技术大学(合肥市)[公办],,工科试验班,,,670,336
2140,中国科学技术大学(合肥市)[公办],,理科试验班类(数学与物理),,,671,307
2140,中国科学技术大学(合肥市)[公办],,理科试验班(化学与生物),,,667,443
2141,中国矿业大学[公办],,经济与贸易类,,,597,14703
2141,中国矿业大学[公办],,数学类,,,596,15132
2141,中国矿业大学[公办],,物理学类,,,593,16515
2141,中国矿业大学[公办],,力学类,,,587,19505
2141,中国矿业大学[公办],,机械类,,,593,16515
2141,中国矿业大学[公办],,新能源材料与器件,,,592,16998
2141,中国矿业大学[公办],,能源动力类,,,591,17508
2141,中国矿业大学[公办],,电气类,,,600,13430
2141,中国矿业大学[公办],,电子信息类,,,598,14272
2141,中国矿业大学[公办],,人工智能,,,599,13858
2141,中国矿业大学[公办],,机器人工程,,,597,14703
2141,中国矿业大学[公办],,计算机类,,,602,12631
2141,中国矿业大学[公办],,土木类,,,589,18507
2141,中国矿业大学[公办],,测绘类,,,590,17968
2141,中国矿业大学[公办],,遥感科学与技术,,,596,15132
2141,中国矿业大学[公办],,化工与制药类,,,590,17968
2141,中国矿业大学[公办],,地质类,,,585,20594
2141,中国矿业大学[公办],,矿业类,,,581,22793
2141,中国矿业大学[公办],,环境科学与工程类,,,588,19006
2141,中国矿业大学[公办],,建筑类,,,591,17508
2141,中国矿业大学[公办],,安全科学与工程类,,,590,17968
2141,中国矿业大学[公办],,大数据管理与应用,,,599,13858
2141,中国矿业大学[公办],,工商管理类,,,593,16515
2142,中国矿业大学(北京)[公办],,数学类,,,605,11477
2142,中国矿业大学(北京)[公办],,地球物理学,,,593,16515
2142,中国矿业大学(北京)[公办],,工程力学,,,596,15132
2142,中国矿业大学(北京)[公办],,机械类,,,604,11858
2142,中国矿业大学(北京)[公办],,材料科学与工程,,,597,14703
2142,中国矿业大学(北京)[公办],,新能源科学与工程,,,605,11477
2142,中国矿业大学(北京)[公办],,电气工程及其自动化,,,608,10398
2142,中国矿业大学(北京)[公办],,人工智能,,,609,10048
2142,中国矿业大学(北京)[公办],,计算机科学与技术,,,613,8757
2142,中国矿业大学(北京)[公办],,土木工程,,,599,13858
2142,中国矿业大学(北京)[公办],,城市地下空间工程,,,599,13858
2142,中国矿业大学(北京)[公办],,测绘类,,,593,16515
2142,中国矿业大学(北京)[公办],,化学工程与工艺,,,594,16046
2142,中国矿业大学(北京)[公办],,地质类,,,584,21139
2142,中国矿业大学(北京)[公办],,采矿工程,,,595,15596
2142,中国矿业大学(北京)[公办],,矿物加工工程,,,589,18507
2142,中国矿业大学(北京)[公办],,智能采矿工程,,,581,22793
2142,中国矿业大学(北京)[公办],,环境工程,,,593,16515
2142,中国矿业大学(北京)[公办],,建筑学,,,600,13430
2142,中国矿业大学(北京)[公办],,安全科学与工程类,,,595,15596
2142,中国矿业大学(北京)[公办],,工商管理类,,,599,13858
2142,中国矿业大学(北京)[公办],,工业工程,,,598,14272
2145,中国矿业大学徐海学院[独立学院],,机械工程,,,452,131939
2145,中国矿业大学徐海学院[独立学院],,电气工程及其自动化,,,454,130189
2145,中国矿业大学徐海学院[独立学院],,电子信息类,,,453,131095
2145,中国矿业大学徐海学院[独立学院],,计算机科学与技术,,,461,124059
2145,中国矿业大学徐海学院[独立学院],,土木类,,,451,132831
2145,中国矿业大学徐海学院[独立学院],,会计学,,,456,128454
2146,中国劳动关系学院[公办],,经济学,,,533,57317
2146,中国劳动关系学院[公办],,法学,,,553,41254
2146,中国劳动关系学院[公办],,社会工作,,,540,51523
2146,中国劳动关系学院[公办],,新闻学,,,540,51523
2146,中国劳动关系学院[公办],,计算机科学与技术,,,533,57317
2146,中国劳动关系学院[公办],,应急技术与管理,,,527,62507
2146,中国劳动关系学院[公办],,工商管理,,,528,61650
2146,中国劳动关系学院[公办],,财务管理,,,534,56478
2146,中国劳动关系学院[公办],,人力资源管理,,,530,59831
2146,中国劳动关系学院[公办],,行政管理,,,529,60756
2146,中国劳动关系学院[公办],,劳动与社会保障,,,531,58995
2150,中国民航大学(天津市)[公办],,工科试验班(中欧航空工程师),,,595,15596
2150,中国民航大学(天津市)[公办],,工科试验班(航空工程学院),,,566,31393
2150,中国民航大学(天津市)[公办],,英语(民航外语),,,579,23927
2150,中国民航大学(天津市)[公办],,信息与计算科学,,,578,24508
2150,中国民航大学(天津市)[公办],,应用气象学(航空气象),,,584,21139
2150,中国民航大学(天津市)[公办],,应用心理学,,,575,26354
2150,中国民航大学(天津市)[公办],,统计学(民航大数据),,,579,23927
2150,中国民航大学(天津市)[公办],,材料物理(无损检测与表面工程),,,567,31356
2150,中国民航大学(天津市)[公办],,材料化学,,,564,32737
2150,中国民航大学(天津市)[公办],,电气工程及其自动化(航空电气),,,570,29403
2150,中国民航大学(天津市)[公办],,电子信息工程(航空电子),,,567,31356
2150,中国民航大学(天津市)[公办],,通信工程,,,576,25729
2150,中国民航大学(天津市)[公办],,自动化,,,573,27552
2150,中国民航大学(天津市)[公办],,计算机科学与技术,,,579,23927
2150,中国民航大学(天津市)[公办],,信息安全,,,574,26972
2150,中国民航大学(天津市)[公办],,土木工程,,,565,32080
2150,中国民航大学(天津市)[公办],,油气储运工程(机场供油工程),,,565,32080
2150,中国民航大学(天津市)[公办],,交通运输(空中交通管制),,,578,24508
2150,中国民航大学(天津市)[公办],,交通工程,,,572,28175
2150,中国民航大学(天津市)[公办],,无人驾驶航空器系统工程,,,573,27552
2150,中国民航大学(天津市)[公办],,安全工程,,,570,29403
2150,中国民航大学(天津市)[公办],,工商管理类,,,569,30021
2150,中国民航大学(天津市)[公办],,公共事业管理,,,568,30714
2150,中国民航大学(天津市)[公办],,交通管理(飞行运行管理),,,568,30714
2150,中国民航大学(天津市)[公办],,物流管理,,,565,32080
2150,中国民航大学(天津市)[公办],,工业工程(航空维修工程与管理),,,564,32737
2151,中国民用航空飞行学院(德阳市)[公办],,思想政治教育,,,511,76779
2151,中国民用航空飞行学院(德阳市)[公办],,英语,,,521,67756
2151,中国民用航空飞行学院(德阳市)[公办],,信息与计算科学,,,516,72111
2151,中国民用航空飞行学院(德阳市)[公办],,应用气象学(机场气象预报、航空公司气象分析),,,532,58171
2151,中国民用航空飞行学院(德阳市)[公办],,应用心理学,,,512,75821
2151,中国民用航空飞行学院(德阳市)[公办],,电气工程及其自动化(航空电气设备维修),,,521,67756
2151,中国民用航空飞行学院(德阳市)[公办],,电子信息工程(航空电子设备维修),,,527,62507
2151,中国民用航空飞行学院(德阳市)[公办],,计算机科学与技术,,,526,63346
2151,中国民用航空飞行学院(德阳市)[公办],,物联网工程,,,520,68600
2151,中国民用航空飞行学院(德阳市)[公办],,导航工程(导航应用与规划、空管保障设施),,,526,63346
2151,中国民用航空飞行学院(德阳市)[公办],,交通运输(空中交通管制、飞行签派、航行情报),,,530,59831
2151,中国民用航空飞行学院(德阳市)[公办],,交通工程(机场管理与工程),,,535,55619
2151,中国民用航空飞行学院(德阳市)[公办],,航空航天工程(直升机维修工程),,,523,65971
2151,中国民用航空飞行学院(德阳市)[公办],,飞行器制造工程(飞机结构维修),,,514,73932
2151,中国民用航空飞行学院(德阳市)[公办],,飞行器动力工程(飞机发动机维修),,,517,71252
2151,中国民用航空飞行学院(德阳市)[公办],,飞行器适航技术,,,524,65102
2151,中国民用航空飞行学院(德阳市)[公办],,无人驾驶航空器系统工程,,,513,74844
2151,中国民用航空飞行学院(德阳市)[公办],,安全工程,,,509,78673
2151,中国民用航空飞行学院(德阳市)[公办],,消防工程,,,501,88132
2151,中国民用航空飞行学院(德阳市)[公办],,工商管理,,,512,75821
2151,中国民用航空飞行学院(德阳市)[公办],,公共事业管理,,,507,80550
2151,中国民用航空飞行学院(德阳市)[公办],,交通管理(机场运行管理),,,541,50682
2151,中国民用航空飞行学院(德阳市)[公办],,物流工程(航空物流),,,520,68600
2153,中国农业大学(北京市)[公办],,理科试验班类(生命科学),,,635,3527
2153,中国农业大学(北京市)[公办],,理科试验班(信息科学),,,630,4465
2153,中国农业大学(北京市)[公办],,经济学类,,,627,5092
2153,中国农业大学(北京市)[公办],,数学与应用数学,,,627,5092
2153,中国农业大学(北京市)[公办],,化学类,,,616,7907
2153,中国农业大学(北京市)[公办],,地理科学类,,,614,8462
2153,中国农业大学(北京市)[公办],,生物科学类,,,627,5092
2153,中国农业大学(北京市)[公办],,机械类,,,615,8162
2153,中国农业大学(北京市)[公办],,电子信息类,,,621,6561
2153,中国农业大学(北京市)[公办],,计算机类,,,627,5092
2153,中国农业大学(北京市)[公办],,水利类,,,610,9711
2153,中国农业大学(北京市)[公办],,农业工程类,,,612,9070
2153,中国农业大学(北京市)[公办],,环境科学与工程类,,,613,8757
2153,中国农业大学(北京市)[公办],,食品科学与工程类,,,622,6287
2153,中国农业大学(北京市)[公办],,农学,,,612,9070
2153,中国农业大学(北京市)[公办],,园艺,,,608,10398
2153,中国农业大学(北京市)[公办],,植物保护,,,613,8757
2153,中国农业大学(北京市)[公办],,设施农业科学与工程,,,605,11477
2153,中国农业大学(北京市)[公办],,动物科学,,,610,9711
2153,中国农业大学(北京市)[公办],,动物医学类,,,613,8757
2153,中国农业大学(北京市)[公办],,园林,,,619,7098
2153,中国农业大学(北京市)[公办],,水产养殖学,,,588,19006
2153,中国农业大学(北京市)[公办],,草业科学,,,611,9385
2153,中国农业大学(北京市)[公办],,工商管理类,,,622,6287
2153,中国农业大学(北京市)[公办],,市场营销,,,609,10048
2153,中国农业大学(北京市)[公办],,农村区域发展,,,617,7638
2153,中国农业大学(北京市)[公办],,公共事业管理,,,612,9070
2153,中国农业大学(北京市)[公办],,国际经济与贸易(中外合作办学),,,611,9385
2153,中国农业大学(北京市)[公办],,传播学(中外合作办学),,,596,15132
2153,中国农业大学(北京市)[公办],,食品科学与工程(中外合作办学),,,593,16515
2153,中国农业大学(北京市)[公办],,食品质量与安全(中外合作办学),,,585,20594
2153,中国农业大学(北京市)[公办],,农林经济管理(中外合作办学),,,604,11858
2155,中国人民大学[公办],,社会科学试验班(管理学科类),,,668,399
2155,中国人民大学[公办],,理科试验班,,,667,443
2155,中国人民大学[公办],,经济学类,,,674,228
2155,中国人民大学[公办],,财政学类,,,673,256
2155,中国人民大学[公办],,金融学类,,,678,153
2155,中国人民大学[公办],,法学,,,675,205
2155,中国人民大学[公办],,新闻传播学类,,,669,355
2155,中国人民大学[公办],,工商管理类,,,667,443
2155,中国人民大学[公办],,人力资源管理,,,666,443
2157,中国人民大学(苏州校区)[公办],,金融学(中外合作办学),,,631,4285
2161,中国人民警察大学(廊坊市)[公办],,消防指挥,,,523,65971
2161,中国人民警察大学(廊坊市)[公办],,电子信息工程(智慧消防方向),,,537,53967
2161,中国人民警察大学(廊坊市)[公办],,消防工程,,,531,58995
2161,中国人民警察大学(廊坊市)[公办],,抢险救援指挥与技术,,,543,49037
2161,中国人民警察大学(廊坊市)[公办],,火灾勘查,,,527,62507
2161,中国人民警察大学(廊坊市)[公办],,核生化消防,,,523,65971
2161,中国人民警察大学(廊坊市)[公办],,海外安全管理,,,523,65971
2162,中国社会科学院大学[公办],,经济学,,,634,3706
2162,中国社会科学院大学[公办],,国际经济与贸易,,,631,4285
2162,中国社会科学院大学[公办],,社会学,,,631,4285
2164,中国石油大学(北京)[公办],,经济学类,,,607,10760
2164,中国石油大学(北京)[公办],,数学类,,,605,11477
2164,中国石油大学(北京)[公办],,应用化学,,,598,14272
2164,中国石油大学(北京)[公办],,地球物理学类,,,592,16998
2164,中国石油大学(北京)[公办],,机械类,,,603,12248
2164,中国石油大学(北京)[公办],,材料科学与工程,,,600,13430
2164,中国石油大学(北京)[公办],,新能源科学与工程,,,605,11477
2164,中国石油大学(北京)[公办],,储能科学与工程,,,605,11477
2164,中国石油大学(北京)[公办],,电子信息工程,,,609,10048
2164,中国石油大学(北京)[公办],,自动化,,,609,10048
2164,中国石油大学(北京)[公办],,计算机科学与技术,,,611,9385
2164,中国石油大学(北京)[公办],,化工与制药类,,,599,13858
2164,中国石油大学(北京)[公办],,地质类,,,593,16515
2164,中国石油大学(北京)[公办],,石油工程,,,599,13858
2164,中国石油大学(北京)[公办],,油气储运工程,,,604,11858
2164,中国石油大学(北京)[公办],,海洋油气工程,,,595,15596
2164,中国石油大学(北京)[公办],,环境科学与工程类,,,596,15132
2164,中国石油大学(北京)[公办],,安全工程,,,595,15596
2164,中国石油大学(北京)[公办],,信息管理与信息系统,,,604,11858
2164,中国石油大学(北京)[公办],,工商管理类,,,603,12248
2166,中国石油大学(北京)克拉玛依校区[公办],,经济学类,,,553,41254
2166,中国石油大学(北京)克拉玛依校区[公办],,英语,,,551,42759
2166,中国石油大学(北京)克拉玛依校区[公办],,俄语,,,547,45772
2166,中国石油大学(北京)克拉玛依校区[公办],,数学与应用数学,,,553,41254
2166,中国石油大学(北京)克拉玛依校区[公办],,统计学,,,552,42004
2166,中国石油大学(北京)克拉玛依校区[公办],,机械类,,,548,44990
2166,中国石油大学(北京)克拉玛依校区[公办],,自动化,,,560,36168
2166,中国石油大学(北京)克拉玛依校区[公办],,计算机类,,,565,32080
2166,中国石油大学(北京)克拉玛依校区[公办],,化学工程与工艺,,,547,45772
2166,中国石油大学(北京)克拉玛依校区[公办],,能源化学工程,,,546,45883
2166,中国石油大学(北京)克拉玛依校区[公办],,勘查技术与工程,,,546,45883
2166,中国石油大学(北京)克拉玛依校区[公办],,资源勘查工程,,,545,47376
2166,中国石油大学(北京)克拉玛依校区[公办],,石油工程,,,556,39008
2166,中国石油大学(北京)克拉玛依校区[公办],,油气储运工程,,,554,40472
2166,中国石油大学(北京)克拉玛依校区[公办],,环境工程,,,546,45883
2166,中国石油大学(北京)克拉玛依校区[公办],,会计学,,,556,39008
2166,中国石油大学(北京)克拉玛依校区[公办],,行政管理,,,547,45772
2168,中国石油大学(华东)(青岛市)[公办],,经济学,,,599,13858
2168,中国石油大学(华东)(青岛市)[公办],,英语,,,596,15132
2168,中国石油大学(华东)(青岛市)[公办],,俄语,,,587,19505
2168,中国石油大学(华东)(青岛市)[公办],,数学类,,,596,15132
2168,中国石油大学(华东)(青岛市)[公办],,应用物理学,,,594,16046
2168,中国石油大学(华东)(青岛市)[公办],,化学,,,594,16046
2168,中国石油大学(华东)(青岛市)[公办],,应用化学,,,588,19006
2168,中国石油大学(华东)(青岛市)[公办],,地理信息科学,,,592,16998
2168,中国石油大学(华东)(青岛市)[公办],,地球物理学,,,583,21718
2168,中国石油大学(华东)(青岛市)[公办],,地质学,,,583,21718
2168,中国石油大学(华东)(青岛市)[公办],,工程力学,,,587,19505
2168,中国石油大学(华东)(青岛市)[公办],,机械类,,,593,16515
2168,中国石油大学(华东)(青岛市)[公办],,工业设计,,,595,15596
2168,中国石油大学(华东)(青岛市)[公办],,过程装备与控制工程,,,586,20047
2168,中国石油大学(华东)(青岛市)[公办],,测控技术与仪器,,,596,15132
2168,中国石油大学(华东)(青岛市)[公办],,智能感知工程,,,592,16998
2168,中国石油大学(华东)(青岛市)[公办],,材料类,,,586,20047
2168,中国石油大学(华东)(青岛市)[公办],,能源与动力工程,,,595,15596
2168,中国石油大学(华东)(青岛市)[公办],,新能源科学与工程,,,598,14272
2168,中国石油大学(华东)(青岛市)[公办],,电气工程及其自动化,,,599,13858
2168,中国石油大学(华东)(青岛市)[公办],,电子信息工程,,,601,13049
2168,中国石油大学(华东)(青岛市)[公办],,通信工程,,,600,13430
2168,中国石油大学(华东)(青岛市)[公办],,光电信息科学与工程,,,599,13858
2168,中国石油大学(华东)(青岛市)[公办],,自动化,,,600,13430
2168,中国石油大学(华东)(青岛市)[公办],,计算机科学与技术,,,606,11130
2168,中国石油大学(华东)(青岛市)[公办],,软件工程,,,602,12631
2168,中国石油大学(华东)(青岛市)[公办],,物联网工程,,,601,13049
2168,中国石油大学(华东)(青岛市)[公办],,智能科学与技术,,,602,12631
2168,中国石油大学(华东)(青岛市)[公办],,数据科学与大数据技术,,,600,13430
2168,中国石油大学(华东)(青岛市)[公办],,土木工程,,,589,18507
2168,中国石油大学(华东)(青岛市)[公办],,建筑环境与能源应用工程,,,589,18507
2168,中国石油大学(华东)(青岛市)[公办],,测绘工程,,,589,18507
2168,中国石油大学(华东)(青岛市)[公办],,化学工程与工艺,,,588,19006
2168,中国石油大学(华东)(青岛市)[公办],,能源化学工程,,,589,18507
2168,中国石油大学(华东)(青岛市)[公办],,化工安全工程,,,585,20594
2168,中国石油大学(华东)(青岛市)[公办],,勘查技术与工程(测井方向),,,564,32737
2168,中国石油大学(华东)(青岛市)[公办],,勘查技术与工程(物探方向),,,588,19006
2168,中国石油大学(华东)(青岛市)[公办],,资源勘查工程,,,583,21718
2168,中国石油大学(华东)(青岛市)[公办],,石油工程,,,589,18507
2168,中国石油大学(华东)(青岛市)[公办],,油气储运工程,,,590,17968
2168,中国石油大学(华东)(青岛市)[公办],,海洋油气工程,,,586,20047
2168,中国石油大学(华东)(青岛市)[公办],,船舶与海洋工程,,,588,19006
2168,中国石油大学(华东)(青岛市)[公办],,环境工程,,,587,19505
2168,中国石油大学(华东)(青岛市)[公办],,环保设备工程,,,577,25118
2168,中国石油大学(华东)(青岛市)[公办],,建筑学,,,594,16046
2168,中国石油大学(华东)(青岛市)[公办],,安全工程,,,591,17508
2168,中国石油大学(华东)(青岛市)[公办],,管理科学与工程类,,,591,17508
2168,中国石油大学(华东)(青岛市)[公办],,市场营销,,,591,17508
2168,中国石油大学(华东)(青岛市)[公办],,会计学,,,601,13049
2174,中国药科大学(南京市)[公办],,生物技术,,,599,13858
2174,中国药科大学(南京市)[公办],,化工与制药类,,,598,14272
2174,中国药科大学(南京市)[公办],,生物制药,,,601,13049
2174,中国药科大学(南京市)[公办],,药学类,,,601,13049
2174,中国药科大学(南京市)[公办],,药学(基础药学理科基地),,,620,6814
2174,中国药科大学(南京市)[公办],,药学(国家生命科学与技术人才培养基地),,,617,7638
2174,中国药科大学(南京市)[公办],,临床药学,,,611,9385
2174,中国药科大学(南京市)[公办],,中药学类,,,597,14703
2174,中国药科大学(南京市)[公办],,临床药学(中外合作办学),,,564,32737
2176,中国医科大学(沈阳市)[公办],,临床医学,,,629,4660
2176,中国医科大学(沈阳市)[公办],,临床医学(5+3一体化),,,627,5092
2176,中国医科大学(沈阳市)[公办],,临床医学(5+3一体化，儿科学),,,622,6287
2176,中国医科大学(沈阳市)[公办],,临床医学,,,617,7638
2176,中国医科大学(沈阳市)[公办],,医学影像学,,,611,9385
2176,中国医科大学(沈阳市)[公办],,口腔医学,,,624,5761
2176,中国医科大学(沈阳市)[公办],,临床药学,,,600,13430
2176,中国医科大学(沈阳市)[公办],,法医学,,,596,15132
2176,中国医科大学(沈阳市)[公办],,康复治疗学,,,580,23348
2176,中国医科大学(沈阳市)[公办],,生物技术(中外合作办学),,,528,61650
2176,中国医科大学(沈阳市)[公办],,药物制剂(中外合作办学),,,538,53169
2178,中国政法大学(北京市)[公办],,经济学,,,631,4285
2178,中国政法大学(北京市)[公办],,金融工程(成思危现代金融菁英班),,,629,4660
2178,中国政法大学(北京市)[公办],,法学,,,639,2876
2178,中国政法大学(北京市)[公办],,法学(法学人才培养模式改革实验班),,,649,1627
2178,中国政法大学(北京市)[公办],,英语(法律英语实验班),,,633,3898
2178,中国政法大学(北京市)[公办],,新闻学,,,628,4860
2178,中国政法大学(北京市)[公办],,网络与新媒体,,,626,5302
2178,中国政法大学(北京市)[公办],,信息管理与信息系统(法治信息管理实验班),,,630,4465
2178,中国政法大学(北京市)[公办],,工商管理,,,625,5524
2178,中国政法大学(北京市)[公办],,国际商务,,,627,5092
2178,中国政法大学(北京市)[公办],,公共事业管理,,,627,5092
2180,中华女子学院(北京市)[公办],,金融学,,,532,58171
2180,中华女子学院(北京市)[公办],,法学,,,532,58171
2180,中华女子学院(北京市)[公办],,社会工作,,,524,65102
2180,中华女子学院(北京市)[公办],,数字媒体技术,,,531,58995
2180,中华女子学院(北京市)[公办],,会计学,,,529,60756
2182,中南财经政法大学(武汉市)[公办],,经济管理试验班,,,622,6287
2182,中南财经政法大学(武汉市)[公办],,经济学类,,,618,7376
2182,中南财经政法大学(武汉市)[公办],,经济统计学(国家级一流本科专业),,,619,7098
2182,中南财经政法大学(武汉市)[公办],,财政学类,,,618,7376
2182,中南财经政法大学(武汉市)[公办],,金融学类,,,621,6561
2182,中南财经政法大学(武汉市)[公办],,金融数学,,,617,7638
2182,中南财经政法大学(武汉市)[公办],,法学类,,,619,7098
2182,中南财经政法大学(武汉市)[公办],,外国语言文学类,,,608,10398
2182,中南财经政法大学(武汉市)[公办],,法语,,,607,10760
2182,中南财经政法大学(武汉市)[公办],,日语,,,607,10760
2182,中南财经政法大学(武汉市)[公办],,新闻传播学类,,,611,9385
2182,中南财经政法大学(武汉市)[公办],,统计学类,,,614,8462
2182,中南财经政法大学(武汉市)[公办],,计算机类,,,611,9385
2182,中南财经政法大学(武汉市)[公办],,环境工程,,,604,11858
2182,中南财经政法大学(武汉市)[公办],,管理科学与工程类,,,610,9711
2182,中南财经政法大学(武汉市)[公办],,工商管理类,,,610,9711
2182,中南财经政法大学(武汉市)[公办],,工商管理类(财务会计),,,620,6814
2182,中南财经政法大学(武汉市)[公办],,公共管理类,,,610,9711
2183,中南大学(长沙市)[公办],,金融学类(经济管理类),,,629,4660
2183,中南大学(长沙市)[公办],,数学类(数学物理类),,,623,6003
2183,中南大学(长沙市)[公办],,机械类,,,620,6814
2183,中南大学(长沙市)[公办],,材料类(冶金材料类),,,615,8162
2183,中南大学(长沙市)[公办],,能源动力类(能源类),,,620,6814
2183,中南大学(长沙市)[公办],,电子信息类,,,629,4660
2183,中南大学(长沙市)[公办],,自动化类,,,624,5761
2183,中南大学(长沙市)[公办],,计算机类(计算机通信类),,,631,4285
2183,中南大学(长沙市)[公办],,软件工程,,,627,5092
2183,中南大学(长沙市)[公办],,土木类(土木安全类),,,614,8462
2183,中南大学(长沙市)[公办],,化工与制药类(化学生物环境类),,,617,7638
2183,中南大学(长沙市)[公办],,交通运输类,,,618,7376
2183,中南大学(长沙市)[公办],,航空航天类,,,622,6287
2183,中南大学(长沙市)[公办],,建筑类(建筑城规类),,,622,6287
2183,中南大学(长沙市)[公办],,临床医学类(临床及口腔五年制医学类),,,636,3358
2183,中南大学(长沙市)[公办],,临床医学(八年制),,,659,848
2183,中南大学(长沙市)[公办],,公共卫生与预防医学类(非临床五年制医学类),,,621,6561
2183,中南大学(长沙市)[公办],,材料科学与工程(中外合作办学),,,594,16046
2183,中南大学(长沙市)[公办],,土木工程(中外合作办学),,,594,16046
2185,中南林业科技大学[公办],,金融学类,,,553,41254
2185,中南林业科技大学[公办],,金融学(CFA卓越班),,,553,41254
2185,中南林业科技大学[公办],,法学,,,559,36873
2185,中南林业科技大学[公办],,外国语言文学类,,,555,39718
2185,中南林业科技大学[公办],,俄语,,,536,54791
2185,中南林业科技大学[公办],,朝鲜语,,,545,47376
2185,中南林业科技大学[公办],,信息与计算科学,,,554,40472
2185,中南林业科技大学[公办],,应用物理学,,,547,45772
2185,中南林业科技大学[公办],,地理信息科学,,,544,48201
2185,中南林业科技大学[公办],,生物科学类,,,541,50682
2185,中南林业科技大学[公办],,工程力学,,,539,52338
2185,中南林业科技大学[公办],,机械类,,,546,45883
2185,中南林业科技大学[公办],,工业设计,,,552,42004
2185,中南林业科技大学[公办],,材料类,,,531,58995
2185,中南林业科技大学[公办],,能源动力类,,,544,48201
2185,中南林业科技大学[公办],,电子信息类,,,557,38272
2185,中南林业科技大学[公办],,自动化,,,554,40472
2185,中南林业科技大学[公办],,计算机类,,,560,36168
2185,中南林业科技大学[公办],,土木类,,,539,52338
2185,中南林业科技大学[公办],,测绘工程,,,541,50682
2185,中南林业科技大学[公办],,化学工程与工艺,,,535,55619
2185,中南林业科技大学[公办],,森林工程,,,540,51523
2185,中南林业科技大学[公办],,木材科学与工程,,,503,84351
2185,中南林业科技大学[公办],,林产化工,,,521,67756
2185,中南林业科技大学[公办],,家具设计与工程,,,538,53169
2185,中南林业科技大学[公办],,环境科学与工程类,,,539,52338
2185,中南林业科技大学[公办],,食品科学与工程类,,,539,52338
2185,中南林业科技大学[公办],,建筑类,,,550,43499
2185,中南林业科技大学[公办],,风景园林,,,562,34751
2185,中南林业科技大学[公办],,生物工程,,,540,51523
2185,中南林业科技大学[公办],,园艺,,,538,53169
2185,中南林业科技大学[公办],,水土保持与荒漠化防治,,,534,56478
2185,中南林业科技大学[公办],,林学类,,,537,53967
2185,中南林业科技大学[公办],,园林,,,547,45772
2185,中南林业科技大学[公办],,工程管理,,,544,48201
2185,中南林业科技大学[公办],,工商管理类,,,546,45883
2185,中南林业科技大学[公办],,会计学(ACCA卓越班),,,553,41254
2185,中南林业科技大学[公办],,行政管理,,,557,38272
2185,中南林业科技大学[公办],,土地资源管理,,,548,44990
2185,中南林业科技大学[公办],,物流管理,,,546,45883
2185,中南林业科技大学[公办],,物流工程,,,541,50682
2185,中南林业科技大学[公办],,供应链管理,,,539,52338
2185,中南林业科技大学[公办],,旅游管理类,,,539,52338
2185,中南林业科技大学[公办],,金融学(中外合作办学),,,521,67756
2185,中南林业科技大学[公办],,电子信息工程(中外合作办学),,,486,100581
2185,中南林业科技大学[公办],,林学(中外合作办学),,,456,128454
2185,中南林业科技大学[公办],,会计学(中外合作办学),,,515,73018
2187,中南民族大学(武汉市)[公办],,经济学类,,,575,26354
2187,中南民族大学(武汉市)[公办],,数学类,,,570,29403
2187,中南民族大学(武汉市)[公办],,生物科学类(只招少数民族考生),,,507,80550
2187,中南民族大学(武汉市)[公办],,材料类(只招少数民族考生),,,547,45772
2187,中南民族大学(武汉市)[公办],,电子信息类,,,573,27552
2187,中南民族大学(武汉市)[公办],,电子信息类(只招少数民族考生),,,568,30714
2187,中南民族大学(武汉市)[公办],,自动化类(只招少数民族考生),,,562,34751
2187,中南民族大学(武汉市)[公办],,环境科学与工程类(只招少数民族考生),,,528,61650
2187,中南民族大学(武汉市)[公办],,生物医学工程类(只招少数民族考生),,,518,70350
2187,中南民族大学(武汉市)[公办],,管理科学与工程类(只招少数民族考生),,,528,61650
2187,中南民族大学(武汉市)[公办],,工商管理类,,,571,28818
2188,中山大学[公办],,经济学类(经管实验班，分流专业详见招生官网),,,642,2440
2188,中山大学[公办],,数学类(数学实验班，分流专业详见招生官网),,,641,2584
2188,中山大学[公办],,生物科学类(广州，理工实验班，分流专业详见招生官网),,,634,3706
2188,中山大学[公办],,计算机类(广州，大数据实验班，分流专业详见招生官网),,,644,2176
2188,中山大学[公办],,计算机类(深圳，新工科实验班，分流专业详见招生官网),,,639,2876
2188,中山大学[公办],,临床医学类(广州，医学实验班，分流专业详见招生官网),,,641,2584
2188,中山大学[公办],,临床医学(八年制),,,662,662
2190,中央财经大学(北京市)[公办],,经济学(数理经济与数理金融),,,652,1351
2190,中央财经大学(北京市)[公办],,财政学类,,,640,2729
2190,中央财经大学(北京市)[公办],,金融学类,,,653,1257
2190,中央财经大学(北京市)[公办],,金融学(国际金融与公司理财),,,657,941
2190,中央财经大学(北京市)[公办],,投资学,,,642,2440
2190,中央财经大学(北京市)[公办],,精算学,,,640,2729
2190,中央财经大学(北京市)[公办],,经济与贸易类,,,639,2876
2190,中央财经大学(北京市)[公办],,数学类,,,637,3196
2190,中央财经大学(北京市)[公办],,统计学类,,,640,2729
2190,中央财经大学(北京市)[公办],,计算机类,,,637,3196
2190,中央财经大学(北京市)[公办],,大数据管理与应用(许国志大数据英才班),,,638,3025
2190,中央财经大学(北京市)[公办],,工商管理类(会计学院),,,642,2440
2190,中央财经大学(北京市)[公办],,工商管理类(商学院),,,636,3358
2190,中央财经大学(北京市)[公办],,国际经济与贸易(中外合作办学)(国际贸易、金融风险管理),,,619,7098
2193,中央民族大学(北京市)[公办],,经济学类,,,618,7376
2193,中央民族大学(北京市)[公办],,法学类,,,619,7098
2193,中央民族大学(北京市)[公办],,外国语言文学类,,,620,6814
2193,中央民族大学(北京市)[公办],,信息与计算科学,,,615,8162
2193,中央民族大学(北京市)[公办],,统计学类,,,617,7638
2193,中央民族大学(北京市)[公办],,电子信息类,,,617,7638
2193,中央民族大学(北京市)[公办],,光电信息科学与工程,,,615,8162
2193,中央民族大学(北京市)[公办],,计算机类,,,620,6814
2193,中央民族大学(北京市)[公办],,环境科学与工程类,,,610,9711
2193,中央民族大学(北京市)[公办],,工商管理类,,,615,8162
2199,中原工学院(郑州市)[公办],,数学类,,,511,76779
2199,中原工学院(郑州市)[公办],,机械类,,,520,68600
2199,中原工学院(郑州市)[公办],,材料成型及控制工程,,,506,81500
2199,中原工学院(郑州市)[公办],,材料类,,,508,79620
2199,中原工学院(郑州市)[公办],,自动化,,,520,68600
2199,中原工学院(郑州市)[公办],,计算机类,,,527,62507
2199,中原工学院(郑州市)[公办],,数据科学与大数据技术,,,520,68600
2199,中原工学院(郑州市)[公办],,建筑环境与能源应用工程,,,504,83397
2199,中原工学院(郑州市)[公办],,纺织工程,,,498,89072
2199,中原工学院(郑州市)[公办],,航空航天类,,,510,77713
2199,中原工学院(郑州市)[公办],,会计学,,,516,72111
2199,中原工学院(郑州市)[公办],,测控技术与仪器(中外合作办学),,,473,113007
2199,中原工学院(郑州市)[公办],,电气工程及其自动化(中外合作办学),,,485,101531
2199,中原工学院(郑州市)[公办],,软件工程(中外合作办学),,,490,96770
2201,周口师范学院[公办],,法学,,,492,94896
2201,周口师范学院[公办],,学前教育,,,486,100581
2201,周口师范学院[公办],,小学教育,,,498,89072
2201,周口师范学院[公办],,英语,,,496,90982
2201,周口师范学院[公办],,日语,,,486,100581
2201,周口师范学院[公办],,数学与应用数学,,,494,92936
2201,周口师范学院[公办],,信息与计算科学,,,486,100581
2201,周口师范学院[公办],,物理学,,,486,100581
2201,周口师范学院[公办],,化学,,,486,100581
2201,周口师范学院[公办],,应用化学,,,474,112067
2201,周口师范学院[公办],,生物科学,,,486,100581
2201,周口师范学院[公办],,生物技术,,,477,109131
2201,周口师范学院[公办],,心理学,,,487,99599
2201,周口师范学院[公办],,应用统计学,,,478,108213
2201,周口师范学院[公办],,机械设计制造及其自动化,,,483,103506
2201,周口师范学院[公办],,机械电子工程,,,483,103506
2201,周口师范学院[公办],,材料化学,,,471,114847
2201,周口师范学院[公办],,电气工程及其自动化,,,488,98638
2201,周口师范学院[公办],,电子信息工程,,,488,98638
2201,周口师范学院[公办],,光电信息科学与工程,,,474,112067
2201,周口师范学院[公办],,自动化,,,482,104483
2201,周口师范学院[公办],,机器人工程,,,481,105433
2201,周口师范学院[公办],,计算机科学与技术(渗透与测试),,,487,99599
2201,周口师范学院[公办],,计算机科学与技术,,,497,90044
2201,周口师范学院[公办],,网络工程,,,495,91989
2201,周口师范学院[公办],,物联网工程,,,493,93969
2201,周口师范学院[公办],,智能科学与技术,,,484,102507
2201,周口师范学院[公办],,数据科学与大数据技术,,,486,100581
2201,周口师范学院[公办],,建筑电气与智能化,,,475,111128
2201,周口师范学院[公办],,化学工程与工艺,,,474,112067
2201,周口师范学院[公办],,环境工程,,,474,112067
2201,周口师范学院[公办],,食品质量与安全,,,477,109131
2201,周口师范学院[公办],,生物工程,,,476,110122
2201,周口师范学院[公办],,生物制药,,,477,109131
2201,周口师范学院[公办],,财务管理,,,492,94896
2203,珠海科技学院[民办],,金融学,,,473,113007
2203,珠海科技学院[民办],,广告学,,,460,124911
2203,珠海科技学院[民办],,机械设计制造及其自动化,,,464,121286
2203,珠海科技学院[民办],,通信工程,,,463,122201
2203,珠海科技学院[民办],,电子信息科学与技术,,,477,109131
2203,珠海科技学院[民办],,计算机科学与技术,,,489,97728
2203,珠海科技学院[民办],,软件工程,,,479,107280
2203,珠海科技学院[民办],,智能科学与技术,,,462,123141
2203,珠海科技学院[民办],,数据科学与大数据技术,,,465,120370
2203,珠海科技学院[民办],,食品质量与安全,,,461,124059
2203,珠海科技学院[民办],,药物分析,,,425,154215
2203,珠海科技学院[民办],,中药学,,,440,142251
2203,珠海科技学院[民办],,护理学,,,437,144729
2203,珠海科技学院[民办],,会计学,,,462,123141
2203,珠海科技学院[民办],,物流工程,,,449,134515
2203,珠海科技学院[民办],,酒店管理,,,444,138829
2210,遵义医科大学[公办],,临床医学,,,558,37566
2210,遵义医科大学[公办],,临床医学,,,570,29403
2210,遵义医科大学[公办],,口腔医学,,,579,23927
