code,name,group,major,plan,admit,score,rank
0002,安徽财经大学(蚌埠市)[公办],,经济学,,,558,33822
0002,安徽财经大学(蚌埠市)[公办],,经济统计学,,,557,34586
0002,安徽财经大学(蚌埠市)[公办],,数字经济,,,547,42788
0002,安徽财经大学(蚌埠市)[公办],,财政学类,,,559,33069
0002,安徽财经大学(蚌埠市)[公办],,金融学类,,,566,27894
0002,安徽财经大学(蚌埠市)[公办],,金融学,,,566,27894
0002,安徽财经大学(蚌埠市)[公办],,经济与贸易类,,,549,41073
0002,安徽财经大学(蚌埠市)[公办],,法学,,,561,31495
0002,安徽财经大学(蚌埠市)[公办],,日语,,,542,47194
0002,安徽财经大学(蚌埠市)[公办],,商务英语,,,559,33069
0002,安徽财经大学(蚌埠市)[公办],,新闻传播学类,,,556,35406
0002,安徽财经大学(蚌埠市)[公办],,数学与应用数学,,,547,42788
0002,安徽财经大学(蚌埠市)[公办],,统计学,,,555,36191
0002,安徽财经大学(蚌埠市)[公办],,电子信息类,,,552,38584
0002,安徽财经大学(蚌埠市)[公办],,计算机类,,,559,33069
0002,安徽财经大学(蚌埠市)[公办],,数据科学与大数据技术,,,558,33822
0002,安徽财经大学(蚌埠市)[公办],,信息管理与信息系统,,,541,48106
0002,安徽财经大学(蚌埠市)[公办],,工程管理,,,539,49949
0002,安徽财经大学(蚌埠市)[公办],,工程造价,,,542,47194
0002,安徽财经大学(蚌埠市)[公办],,工商管理类,,,551,40256
0002,安徽财经大学(蚌埠市)[公办],,会计学,,,569,25895
0002,安徽财经大学(蚌埠市)[公办],,财务管理,,,567,27220
0002,安徽财经大学(蚌埠市)[公办],,国际商务,,,537,51825
0002,安徽财经大学(蚌埠市)[公办],,审计学,,,577,20936
0002,安徽财经大学(蚌埠市)[公办],,资产评估,,,553,37725
0002,安徽财经大学(蚌埠市)[公办],,公共管理类,,,545,44494
0002,安徽财经大学(蚌埠市)[公办],,供应链管理,,,526,62390
0002,安徽财经大学(蚌埠市)[公办],,旅游管理,,,528,60450
0002,安徽财经大学(蚌埠市)[公办],,应用统计学(中外合作办学),,,542,47194
0005,安徽大学[公办],,经济统计学,,,590,14004
0005,安徽大学[公办],,金融数学,,,591,13583
0005,安徽大学[公办],,法学类,,,599,10212
0005,安徽大学[公办],,数学类,,,592,13125
0005,安徽大学[公办],,电气工程及其自动化,,,592,13125
0005,安徽大学[公办],,电子信息工程,,,594,12236
0005,安徽大学[公办],,人工智能,,,593,12676
0005,安徽大学[公办],,自动化,,,593,12676
0005,安徽大学[公办],,机器人工程,,,591,13583
0005,安徽大学[公办],,计算机类,,,596,11399
0005,安徽大学[公办],,计算机科学与技术,,,598,10589
0005,安徽大学[公办],,软件工程,,,597,10996
0005,安徽大学[公办],,信息安全,,,594,12236
0005,安徽大学[公办],,工商管理类,,,592,13125
0005,安徽大学[公办],,应用物理学(中外合作办学),,,543,46278
0005,安徽大学[公办],,应用统计学(中外合作办学),,,561,31495
0005,安徽大学[公办],,数字媒体技术(中外合作办学),,,556,35406
0007,安徽工程大学(芜湖市)[公办],,测控技术与仪器,,,523,65475
0007,安徽工程大学(芜湖市)[公办],,自动化,,,533,55500
0007,安徽工程大学(芜湖市)[公办],,纺织类,,,503,87191
0010,安徽工业大学(马鞍山市)[公办],,经济统计学,,,541,48106
0010,安徽工业大学(马鞍山市)[公办],,金融学,,,546,43628
0010,安徽工业大学(马鞍山市)[公办],,法学,,,544,45381
0010,安徽工业大学(马鞍山市)[公办],,数学与应用数学,,,542,47194
0010,安徽工业大学(马鞍山市)[公办],,应用化学,,,534,54574
0010,安徽工业大学(马鞍山市)[公办],,化学生物学,,,528,60450
0010,安徽工业大学(马鞍山市)[公办],,机械工程,,,544,45381
0010,安徽工业大学(马鞍山市)[公办],,机械设计制造及其自动化,,,543,46278
0010,安徽工业大学(马鞍山市)[公办],,材料成型及控制工程,,,532,56540
0010,安徽工业大学(马鞍山市)[公办],,工业设计,,,540,49002
0010,安徽工业大学(马鞍山市)[公办],,车辆工程,,,539,49949
0010,安徽工业大学(马鞍山市)[公办],,测控技术与仪器,,,539,49949
0010,安徽工业大学(马鞍山市)[公办],,智能感知工程,,,538,50883
0010,安徽工业大学(马鞍山市)[公办],,材料类,,,526,62390
0010,安徽工业大学(马鞍山市)[公办],,冶金工程,,,522,66475
0010,安徽工业大学(马鞍山市)[公办],,金属材料工程,,,526,62390
0010,安徽工业大学(马鞍山市)[公办],,高分子材料与工程,,,529,59504
0010,安徽工业大学(马鞍山市)[公办],,能源与动力工程,,,539,49949
0010,安徽工业大学(马鞍山市)[公办],,新能源科学与工程,,,542,47194
0010,安徽工业大学(马鞍山市)[公办],,电气工程及其自动化,,,556,35406
0010,安徽工业大学(马鞍山市)[公办],,电子信息工程,,,550,40256
0010,安徽工业大学(马鞍山市)[公办],,通信工程,,,549,41073
0010,安徽工业大学(马鞍山市)[公办],,微电子科学与工程,,,551,40256
0010,安徽工业大学(马鞍山市)[公办],,集成电路设计与集成系统,,,553,37725
0010,安徽工业大学(马鞍山市)[公办],,人工智能,,,547,42788
0010,安徽工业大学(马鞍山市)[公办],,自动化,,,547,42788
0010,安徽工业大学(马鞍山市)[公办],,机器人工程,,,548,41891
0010,安徽工业大学(马鞍山市)[公办],,计算机类,,,550,40256
0010,安徽工业大学(马鞍山市)[公办],,物联网工程,,,549,41073
0010,安徽工业大学(马鞍山市)[公办],,数据科学与大数据技术,,,548,41891
0010,安徽工业大学(马鞍山市)[公办],,土木工程,,,531,57544
0010,安徽工业大学(马鞍山市)[公办],,建筑环境与能源应用工程,,,527,61435
0010,安徽工业大学(马鞍山市)[公办],,给排水科学与工程,,,528,60450
0010,安徽工业大学(马鞍山市)[公办],,化学工程与工艺,,,529,59504
0010,安徽工业大学(马鞍山市)[公办],,资源循环科学与工程,,,530,58518
0010,安徽工业大学(马鞍山市)[公办],,环境工程,,,526,62390
0010,安徽工业大学(马鞍山市)[公办],,建筑学,,,542,47194
0010,安徽工业大学(马鞍山市)[公办],,安全工程,,,531,57544
0010,安徽工业大学(马鞍山市)[公办],,信息管理与信息系统,,,546,43628
0010,安徽工业大学(马鞍山市)[公办],,工程管理,,,532,56540
0010,安徽工业大学(马鞍山市)[公办],,工程造价,,,538,50883
0010,安徽工业大学(马鞍山市)[公办],,工商管理,,,539,49949
0010,安徽工业大学(马鞍山市)[公办],,会计学,,,550,40256
0017,安徽建筑大学(合肥市)[公办],,经济学,,,543,46278
0017,安徽建筑大学(合肥市)[公办],,金融工程,,,540,49002
0017,安徽建筑大学(合肥市)[公办],,法学,,,545,44494
0017,安徽建筑大学(合肥市)[公办],,应用物理学,,,525,63402
0017,安徽建筑大学(合肥市)[公办],,声学,,,519,69642
0017,安徽建筑大学(合肥市)[公办],,统计学,,,540,49002
0017,安徽建筑大学(合肥市)[公办],,机械设计制造及其自动化,,,542,47194
0017,安徽建筑大学(合肥市)[公办],,工业设计,,,536,52757
0017,安徽建筑大学(合肥市)[公办],,过程装备与控制工程,,,531,57544
0017,安徽建筑大学(合肥市)[公办],,金属材料工程,,,513,75878
0017,安徽建筑大学(合肥市)[公办],,无机非金属材料工程,,,513,75878
0017,安徽建筑大学(合肥市)[公办],,高分子材料与工程,,,526,62390
0017,安徽建筑大学(合肥市)[公办],,能源与动力工程,,,536,52757
0017,安徽建筑大学(合肥市)[公办],,电气工程及其自动化,,,547,42788
0017,安徽建筑大学(合肥市)[公办],,电子信息工程,,,547,42788
0017,安徽建筑大学(合肥市)[公办],,通信工程,,,543,46278
0017,安徽建筑大学(合肥市)[公办],,自动化,,,540,49002
0017,安徽建筑大学(合肥市)[公办],,计算机科学与技术,,,550,40256
0017,安徽建筑大学(合肥市)[公办],,网络工程,,,543,46278
0017,安徽建筑大学(合肥市)[公办],,土木工程,,,539,49949
0017,安徽建筑大学(合肥市)[公办],,建筑环境与能源应用工程,,,525,63402
0017,安徽建筑大学(合肥市)[公办],,给排水科学与工程,,,534,54574
0017,安徽建筑大学(合肥市)[公办],,建筑电气与智能化,,,538,50883
0017,安徽建筑大学(合肥市)[公办],,城市地下空间工程,,,525,63402
0017,安徽建筑大学(合肥市)[公办],,道路桥梁与渡河工程,,,533,55500
0017,安徽建筑大学(合肥市)[公办],,勘查技术与工程,,,518,70669
0017,安徽建筑大学(合肥市)[公办],,建筑学,,,589,14462
0017,安徽建筑大学(合肥市)[公办],,城乡规划,,,551,40256
0017,安徽建筑大学(合肥市)[公办],,风景园林,,,542,47194
0017,安徽建筑大学(合肥市)[公办],,安全工程,,,523,65475
0017,安徽建筑大学(合肥市)[公办],,工程管理,,,531,57544
0017,安徽建筑大学(合肥市)[公办],,房地产开发与管理,,,518,70669
0017,安徽建筑大学(合肥市)[公办],,工程造价,,,543,46278
0017,安徽建筑大学(合肥市)[公办],,会计学,,,544,45381
0017,安徽建筑大学(合肥市)[公办],,财务管理,,,543,46278
0017,安徽建筑大学(合肥市)[公办],,人力资源管理,,,530,58518
0017,安徽建筑大学(合肥市)[公办],,资产评估,,,533,55500
0017,安徽建筑大学(合肥市)[公办],,土地资源管理,,,534,54574
0017,安徽建筑大学(合肥市)[公办],,城市管理,,,521,67552
0019,安徽科技学院(蚌埠市)[公办],,金融工程,,,522,66475
0019,安徽科技学院(蚌埠市)[公办],,应用化学,,,494,97686
0019,安徽科技学院(蚌埠市)[公办],,材料科学与工程,,,497,94131
0019,安徽科技学院(蚌埠市)[公办],,无机非金属材料工程,,,496,95288
0019,安徽科技学院(蚌埠市)[公办],,新能源材料与器件,,,503,87191
0019,安徽科技学院(蚌埠市)[公办],,网络工程,,,527,61435
0019,安徽科技学院(蚌埠市)[公办],,数据科学与大数据技术,,,526,62390
0019,安徽科技学院(蚌埠市)[公办],,建筑电气与智能化,,,515,73836
0019,安徽科技学院(蚌埠市)[公办],,城乡规划,,,503,87191
0019,安徽科技学院(蚌埠市)[公办],,风景园林,,,513,75878
0019,安徽科技学院(蚌埠市)[公办],,工商管理,,,508,81575
0019,安徽科技学院(蚌埠市)[公办],,物流管理,,,505,84880
0021,安徽理工大学(淮南市)[公办],,资源与环境经济学,,,525,63402
0021,安徽理工大学(淮南市)[公办],,信息与计算科学,,,547,42788
0021,安徽理工大学(淮南市)[公办],,应用物理学,,,533,55500
0021,安徽理工大学(淮南市)[公办],,应用化学,,,529,59504
0021,安徽理工大学(淮南市)[公办],,工程力学,,,530,58518
0021,安徽理工大学(淮南市)[公办],,机械设计制造及其自动化,,,540,49002
0021,安徽理工大学(淮南市)[公办],,过程装备与控制工程,,,527,61435
0021,安徽理工大学(淮南市)[公办],,测控技术与仪器,,,532,56540
0021,安徽理工大学(淮南市)[公办],,无机非金属材料工程,,,519,69642
0021,安徽理工大学(淮南市)[公办],,高分子材料与工程,,,521,67552
0021,安徽理工大学(淮南市)[公办],,复合材料与工程,,,517,71732
0021,安徽理工大学(淮南市)[公办],,智能材料与结构,,,530,58518
0021,安徽理工大学(淮南市)[公办],,电气工程及其自动化,,,550,40256
0021,安徽理工大学(淮南市)[公办],,光电信息科学与工程,,,543,46278
0021,安徽理工大学(淮南市)[公办],,自动化,,,547,42788
0021,安徽理工大学(淮南市)[公办],,机器人工程,,,546,43628
0021,安徽理工大学(淮南市)[公办],,信息安全,,,554,36948
0021,安徽理工大学(淮南市)[公办],,智能科学与技术,,,548,41891
0021,安徽理工大学(淮南市)[公办],,土木工程,,,532,56540
0021,安徽理工大学(淮南市)[公办],,建筑环境与能源应用工程,,,528,60450
0021,安徽理工大学(淮南市)[公办],,给排水科学与工程,,,525,63402
0021,安徽理工大学(淮南市)[公办],,城市地下空间工程,,,524,64450
0021,安徽理工大学(淮南市)[公办],,智能建造,,,538,50883
0021,安徽理工大学(淮南市)[公办],,水文与水资源工程,,,515,73836
0021,安徽理工大学(淮南市)[公办],,测绘工程,,,520,68611
0021,安徽理工大学(淮南市)[公办],,遥感科学与技术,,,531,57544
0021,安徽理工大学(淮南市)[公办],,导航工程,,,526,62390
0021,安徽理工大学(淮南市)[公办],,地理空间信息工程,,,525,63402
0021,安徽理工大学(淮南市)[公办],,化学工程与工艺,,,522,66475
0021,安徽理工大学(淮南市)[公办],,制药工程,,,524,64450
0021,安徽理工大学(淮南市)[公办],,能源化学工程,,,523,65475
0021,安徽理工大学(淮南市)[公办],,地质工程,,,524,64450
0021,安徽理工大学(淮南市)[公办],,勘查技术与工程,,,519,69642
0021,安徽理工大学(淮南市)[公办],,资源勘查工程,,,517,71732
0021,安徽理工大学(淮南市)[公办],,矿物加工工程,,,509,80441
0021,安徽理工大学(淮南市)[公办],,智能采矿工程,,,512,76936
0021,安徽理工大学(淮南市)[公办],,交通工程,,,527,61435
0021,安徽理工大学(淮南市)[公办],,弹药工程与爆炸技术,,,530,58518
0021,安徽理工大学(淮南市)[公办],,环境工程,,,526,62390
0021,安徽理工大学(淮南市)[公办],,安全工程,,,534,54574
0021,安徽理工大学(淮南市)[公办],,应急技术与管理,,,524,64450
0021,安徽理工大学(淮南市)[公办],,职业卫生工程,,,510,79317
0021,安徽理工大学(淮南市)[公办],,消防工程,,,515,73836
0021,安徽理工大学(淮南市)[公办],,预防医学,,,532,56540
0021,安徽理工大学(淮南市)[公办],,药学,,,525,63402
0021,安徽理工大学(淮南市)[公办],,医学检验技术,,,527,61435
0021,安徽理工大学(淮南市)[公办],,护理学,,,516,72762
0021,安徽理工大学(淮南市)[公办],,工程管理,,,527,61435
0021,安徽理工大学(淮南市)[公办],,市场营销,,,521,67552
0021,安徽理工大学(淮南市)[公办],,人力资源管理,,,531,57544
0021,安徽理工大学(淮南市)[公办],,电子商务,,,529,59504
0021,安徽理工大学(淮南市)[公办],,机械电子工程(中外合作办学),,,518,70669
0023,安徽农业大学(合肥市)[公办],,国际经济与贸易,,,540,49002
0023,安徽农业大学(合肥市)[公办],,商务英语,,,545,44494
0023,安徽农业大学(合肥市)[公办],,应用化学,,,519,69642
0023,安徽农业大学(合肥市)[公办],,地理信息科学,,,536,52757
0023,安徽农业大学(合肥市)[公办],,生物科学类,,,535,53694
0023,安徽农业大学(合肥市)[公办],,生态学,,,527,61435
0023,安徽农业大学(合肥市)[公办],,应用统计学,,,536,52757
0023,安徽农业大学(合肥市)[公办],,机械类,,,536,52757
0023,安徽农业大学(合肥市)[公办],,智能制造工程,,,537,51825
0023,安徽农业大学(合肥市)[公办],,材料科学与工程,,,522,66475
0023,安徽农业大学(合肥市)[公办],,电气工程及其自动化,,,550,40256
0023,安徽农业大学(合肥市)[公办],,电子信息类,,,544,45381
0023,安徽农业大学(合肥市)[公办],,计算机科学与技术,,,547,42788
0023,安徽农业大学(合肥市)[公办],,智能科学与技术,,,542,47194
0023,安徽农业大学(合肥市)[公办],,数据科学与大数据技术,,,541,48106
0023,安徽农业大学(合肥市)[公办],,网络空间安全,,,541,48106
0023,安徽农业大学(合肥市)[公办],,土木工程,,,524,64450
0023,安徽农业大学(合肥市)[公办],,测绘工程,,,522,66475
0023,安徽农业大学(合肥市)[公办],,农业机械化及其自动化,,,526,62390
0023,安徽农业大学(合肥市)[公办],,农业水利工程,,,515,73836
0023,安徽农业大学(合肥市)[公办],,环境科学与工程类,,,523,65475
0023,安徽农业大学(合肥市)[公办],,食品科学与工程类,,,524,64450
0023,安徽农业大学(合肥市)[公办],,城乡规划,,,527,61435
0023,安徽农业大学(合肥市)[公办],,生物制药,,,531,57544
0023,安徽农业大学(合肥市)[公办],,茶学,,,522,66475
0023,安徽农业大学(合肥市)[公办],,应用生物科学,,,522,66475
0023,安徽农业大学(合肥市)[公办],,动物医学,,,535,53694
0023,安徽农业大学(合肥市)[公办],,林学,,,525,63402
0023,安徽农业大学(合肥市)[公办],,园林,,,524,64450
0023,安徽农业大学(合肥市)[公办],,食品卫生与营养学,,,526,62390
0023,安徽农业大学(合肥市)[公办],,工商管理类,,,539,49949
0023,安徽农业大学(合肥市)[公办],,农林经济管理,,,514,74839
0023,安徽农业大学(合肥市)[公办],,公共管理类,,,524,64450
0023,安徽农业大学(合肥市)[公办],,物流工程,,,525,63402
0023,安徽农业大学(合肥市)[公办],,电子商务,,,528,60450
0027,安徽师范大学(芜湖市)[公办],,经济学,,,542,47194
0027,安徽师范大学(芜湖市)[公办],,数字经济,,,541,48106
0027,安徽师范大学(芜湖市)[公办],,金融工程,,,542,47194
0027,安徽师范大学(芜湖市)[公办],,法学,,,555,36191
0027,安徽师范大学(芜湖市)[公办],,社会学类,,,540,49002
0027,安徽师范大学(芜湖市)[公办],,教育技术学,,,542,47194
0027,安徽师范大学(芜湖市)[公办],,学前教育,,,544,45381
0027,安徽师范大学(芜湖市)[公办],,中国语言文学类,,,553,37725
0027,安徽师范大学(芜湖市)[公办],,汉语言文学,,,559,33069
0027,安徽师范大学(芜湖市)[公办],,俄语,,,538,50883
0027,安徽师范大学(芜湖市)[公办],,法语,,,540,49002
0027,安徽师范大学(芜湖市)[公办],,日语,,,532,56540
0027,安徽师范大学(芜湖市)[公办],,葡萄牙语,,,520,68611
0027,安徽师范大学(芜湖市)[公办],,新闻传播学类,,,548,41891
0027,安徽师范大学(芜湖市)[公办],,数学与应用数学,,,557,34586
0027,安徽师范大学(芜湖市)[公办],,物理学,,,553,37725
0027,安徽师范大学(芜湖市)[公办],,化学,,,550,40256
0027,安徽师范大学(芜湖市)[公办],,应用化学,,,533,55500
0027,安徽师范大学(芜湖市)[公办],,地理科学,,,553,37725
0027,安徽师范大学(芜湖市)[公办],,地理信息科学,,,544,45381
0027,安徽师范大学(芜湖市)[公办],,生物科学,,,552,38584
0027,安徽师范大学(芜湖市)[公办],,生物技术,,,534,54574
0027,安徽师范大学(芜湖市)[公办],,生态学,,,524,64450
0027,安徽师范大学(芜湖市)[公办],,心理学,,,545,44494
0027,安徽师范大学(芜湖市)[公办],,统计学,,,545,44494
0027,安徽师范大学(芜湖市)[公办],,材料化学,,,529,59504
0027,安徽师范大学(芜湖市)[公办],,电子信息类,,,546,43628
0027,安徽师范大学(芜湖市)[公办],,人工智能,,,543,46278
0027,安徽师范大学(芜湖市)[公办],,自动化,,,540,49002
0027,安徽师范大学(芜湖市)[公办],,计算机科学与技术,,,551,40256
0027,安徽师范大学(芜湖市)[公办],,软件工程,,,545,44494
0027,安徽师范大学(芜湖市)[公办],,物联网工程,,,543,46278
0027,安徽师范大学(芜湖市)[公办],,数据科学与大数据技术,,,543,46278
0027,安徽师范大学(芜湖市)[公办],,网络空间安全,,,542,47194
0027,安徽师范大学(芜湖市)[公办],,化学工程与工艺,,,530,58518
0027,安徽师范大学(芜湖市)[公办],,环境科学与工程类,,,525,63402
0027,安徽师范大学(芜湖市)[公办],,城乡规划,,,541,48106
0027,安徽师范大学(芜湖市)[公办],,会计学,,,543,46278
0027,安徽师范大学(芜湖市)[公办],,财务管理,,,542,47194
0027,安徽师范大学(芜湖市)[公办],,人力资源管理,,,533,55500
0027,安徽师范大学(芜湖市)[公办],,行政管理,,,533,55500
0027,安徽师范大学(芜湖市)[公办],,土地资源管理,,,524,64450
0027,安徽师范大学(芜湖市)[公办],,供应链管理,,,519,69642
0027,安徽师范大学(芜湖市)[公办],,旅游管理,,,520,68611
0029,安徽外国语学院[民办],,英语,,,464,134859
0029,安徽外国语学院[民办],,日语,,,449,153606
0032,安徽新华学院[民办],,金融科技,,,449,153606
0032,安徽新华学院[民办],,电气工程及其自动化,,,451,151103
0032,安徽新华学院[民办],,人工智能,,,453,148600
0032,安徽新华学院[民办],,计算机科学与技术,,,454,147340
0032,安徽新华学院[民办],,财务管理,,,452,149859
0035,安徽医科大学(合肥市)[公办],,临床医学,,,583,17536
0035,安徽医科大学(合肥市)[公办],,医学影像学,,,580,19205
0036,安徽医科大学临床医学院[独立学院],,临床医学,,,499,91783
0041,安徽中医药大学(合肥市)[公办],,生物医学工程,,,524,64450
0041,安徽中医药大学(合肥市)[公办],,针灸推拿学,,,529,59504
0041,安徽中医药大学(合肥市)[公办],,中医康复学,,,522,66475
0041,安徽中医药大学(合肥市)[公办],,中医骨伤科学,,,534,54574
0041,安徽中医药大学(合肥市)[公办],,中西医临床医学,,,540,49002
0041,安徽中医药大学(合肥市)[公办],,药学,,,528,60450
0041,安徽中医药大学(合肥市)[公办],,药物制剂,,,515,73836
0041,安徽中医药大学(合肥市)[公办],,康复治疗学,,,515,73836
0041,安徽中医药大学(合肥市)[公办],,护理学,,,516,72762
0042,安康学院[公办],,数学与应用数学,,,484,109959
0042,安康学院[公办],,生物技术,,,485,108714
0042,安康学院[公办],,电子信息工程,,,490,102500
0042,安康学院[公办],,制药工程,,,485,108714
0042,安康学院[公办],,康复治疗学,,,483,111133
0042,安康学院[公办],,工程造价,,,484,109959
0042,安康学院[公办],,财务管理,,,488,104962
0043,安庆师范大学[公办],,数学类,,,526,62390
0043,安庆师范大学[公办],,生物科学类,,,520,68611
0043,安庆师范大学[公办],,电子信息类,,,519,69642
0043,安庆师范大学[公办],,化学工程与工艺,,,503,87191
0046,安顺学院[公办],,地理科学类,,,480,114796
0046,安顺学院[公办],,计算机类,,,490,102500
0046,安顺学院[公办],,飞行器制造工程,,,487,106171
0046,安顺学院[公办],,植物生产类,,,485,108714
0047,安阳工学院[公办],,应用物理学,,,488,104962
0047,安阳工学院[公办],,生物技术,,,488,104962
0047,安阳工学院[公办],,工业设计,,,489,103748
0047,安阳工学院[公办],,汽车服务工程,,,485,108714
0047,安阳工学院[公办],,高分子材料与工程,,,484,109959
0047,安阳工学院[公办],,自动化,,,498,92962
0047,安阳工学院[公办],,交通运输(民航交通方向),,,493,98867
0047,安阳工学院[公办],,飞行器制造工程,,,493,98867
0047,安阳工学院[公办],,环境工程,,,486,107443
0047,安阳工学院[公办],,食品科学与工程,,,489,103748
0047,安阳工学院[公办],,安全工程,,,486,107443
0047,安阳工学院[公办],,工程管理,,,489,103748
0047,安阳工学院[公办],,土木工程(中外合作办学),,,471,126020
0047,安阳工学院[公办],,交通运输(中外合作办学),,,465,133566
0047,安阳工学院[公办],,信息管理与信息系统(中外合作办学),,,469,128494
0048,安阳师范学院[公办],,数学与应用数学,,,501,89173
0048,安阳师范学院[公办],,物理学,,,494,97686
0048,安阳师范学院[公办],,化学,,,498,92962
0048,安阳师范学院[公办],,材料化学,,,480,114796
0048,安阳师范学院[公办],,电气工程及其自动化,,,496,95288
0048,安阳师范学院[公办],,计算机科学与技术,,,510,79317
0048,安阳师范学院[公办],,土木工程,,,490,102500
0048,安阳师范学院[公办],,工程管理,,,488,104962
0049,安阳学院[民办],,学前教育,,,463,136058
0049,安阳学院[民办],,计算机科学与技术,,,457,143500
0049,安阳学院[民办],,会计学,,,461,138513
0049,安阳学院[民办],,物流管理,,,456,144801
0052,鞍山师范学院[公办],,市场营销,,,477,118522
0056,白城师范学院[公办],,英语,,,489,103748
0056,白城师范学院[公办],,数学与应用数学,,,483,111133
0056,白城师范学院[公办],,物理学,,,478,117259
0056,白城师范学院[公办],,地理信息科学,,,481,113547
0056,白城师范学院[公办],,机器人工程,,,477,118522
0056,白城师范学院[公办],,计算机科学与技术,,,485,108714
0056,白城师范学院[公办],,软件工程,,,485,108714
0056,白城师范学院[公办],,数据科学与大数据技术,,,482,112324
0056,白城师范学院[公办],,道路桥梁与渡河工程,,,473,123482
0056,白城师范学院[公办],,财务管理,,,480,114796
0056,白城师范学院[公办],,文化产业管理,,,473,123482
0056,白城师范学院[公办],,公共事业管理,,,474,122219
0060,百色学院[公办],,化学,,,474,122219
0060,百色学院[公办],,地理科学,,,475,120971
0060,百色学院[公办],,应用统计学,,,474,122219
0060,百色学院[公办],,材料化学,,,473,123482
0060,百色学院[公办],,农业资源与环境,,,467,130969
0060,百色学院[公办],,市场营销,,,472,124770
0060,百色学院[公办],,农林经济管理,,,470,127253
0062,蚌埠工商学院[民办],,金融学,,,458,142250
0062,蚌埠工商学院[民办],,会计学,,,467,130969
0064,蚌埠学院[公办],,机械设计制造及其自动化,,,494,97686
0064,蚌埠学院[公办],,车辆工程,,,492,100090
0064,蚌埠学院[公办],,生物制药,,,489,103748
0065,蚌埠医学院[公办],,制药工程,,,502,88336
0065,蚌埠医学院[公办],,食品质量与安全,,,492,100090
0065,蚌埠医学院[公办],,临床医学,,,545,44494
0065,蚌埠医学院[公办],,护理学,,,501,89173
0070,宝鸡文理学院[公办],,经济学,,,495,96518
0070,宝鸡文理学院[公办],,教育技术学,,,490,102500
0070,宝鸡文理学院[公办],,信息与计算科学,,,493,98867
0070,宝鸡文理学院[公办],,物理学,,,491,101322
0070,宝鸡文理学院[公办],,化学,,,494,97686
0070,宝鸡文理学院[公办],,地理科学,,,497,94131
0070,宝鸡文理学院[公办],,自然地理与资源环境,,,486,107443
0070,宝鸡文理学院[公办],,统计学,,,492,100090
0070,宝鸡文理学院[公办],,机械设计制造及其自动化,,,494,97686
0070,宝鸡文理学院[公办],,材料成型及控制工程,,,484,109959
0070,宝鸡文理学院[公办],,机械电子工程,,,491,101322
0070,宝鸡文理学院[公办],,工业设计,,,487,106171
0070,宝鸡文理学院[公办],,智能制造工程,,,491,101322
0070,宝鸡文理学院[公办],,测控技术与仪器,,,486,107443
0070,宝鸡文理学院[公办],,材料物理,,,479,116040
0070,宝鸡文理学院[公办],,电气工程及其自动化,,,496,95288
0070,宝鸡文理学院[公办],,电子信息类,,,497,94131
0070,宝鸡文理学院[公办],,电子科学与技术,,,496,95288
0070,宝鸡文理学院[公办],,人工智能,,,501,89173
0070,宝鸡文理学院[公办],,自动化类,,,496,95288
0070,宝鸡文理学院[公办],,计算机类,,,506,83767
0070,宝鸡文理学院[公办],,给排水科学与工程,,,490,102500
0070,宝鸡文理学院[公办],,测绘工程,,,485,108714
0070,宝鸡文理学院[公办],,制药工程,,,488,104962
0074,保定理工学院[民办],,经济学,,,442,162050
0074,保定理工学院[民办],,金融工程,,,437,168382
0074,保定理工学院[民办],,国际经济与贸易,,,431,175849
0074,保定理工学院[民办],,学前教育,,,441,163301
0074,保定理工学院[民办],,小学教育,,,448,154772
0074,保定理工学院[民办],,英语,,,439,165845
0074,保定理工学院[民办],,商务英语,,,436,169642
0074,保定理工学院[民办],,地质学,,,434,172120
0074,保定理工学院[民办],,机械设计制造及其自动化,,,430,177075
0074,保定理工学院[民办],,电气工程及其自动化,,,431,175849
0074,保定理工学院[民办],,电子信息工程,,,430,177075
0074,保定理工学院[民办],,计算机科学与技术,,,430,177075
0074,保定理工学院[民办],,物联网工程,,,430,177075
0074,保定理工学院[民办],,数据科学与大数据技术,,,431,175849
0074,保定理工学院[民办],,土木工程,,,432,174661
0074,保定理工学院[民办],,信息管理与信息系统,,,430,177075
0074,保定理工学院[民办],,工程管理,,,430,177075
0074,保定理工学院[民办],,工程造价,,,431,175849
0074,保定理工学院[民办],,工商管理,,,438,167058
0074,保定理工学院[民办],,市场营销,,,432,174661
0074,保定理工学院[民办],,会计学,,,435,170844
0074,保定理工学院[民办],,财务管理,,,437,168382
0074,保定理工学院[民办],,人力资源管理,,,433,173411
0074,保定理工学院[民办],,审计学,,,438,167058
0074,保定理工学院[民办],,土地资源管理,,,431,175849
0074,保定理工学院[民办],,电子商务及法律,,,433,173411
0074,保定理工学院[民办],,土木工程(中外合作办学),,,430,177075
0075,保定学院[公办],,投资学,,,490,102500
0075,保定学院[公办],,知识产权,,,491,101322
0075,保定学院[公办],,科学教育,,,487,106171
0075,保定学院[公办],,教育技术学,,,487,106171
0075,保定学院[公办],,学前教育,,,494,97686
0075,保定学院[公办],,小学教育,,,511,78116
0075,保定学院[公办],,特殊教育,,,489,103748
0075,保定学院[公办],,英语,,,529,59504
0075,保定学院[公办],,日语,,,493,98867
0075,保定学院[公办],,商务英语,,,504,86042
0075,保定学院[公办],,网络与新媒体,,,501,89173
0075,保定学院[公办],,数学与应用数学,,,501,89173
0075,保定学院[公办],,物理学,,,489,103748
0075,保定学院[公办],,化学,,,484,109959
0075,保定学院[公办],,化学,,,492,100090
0075,保定学院[公办],,地理科学,,,501,89173
0075,保定学院[公办],,人文地理与城乡规划,,,488,104962
0075,保定学院[公办],,生物科学,,,485,108714
0075,保定学院[公办],,生物科学,,,491,101322
0075,保定学院[公办],,应用心理学,,,494,97686
0075,保定学院[公办],,汽车服务工程,,,480,114796
0075,保定学院[公办],,电信工程及管理,,,484,109959
0075,保定学院[公办],,人工智能,,,490,102500
0075,保定学院[公办],,机器人工程,,,488,104962
0075,保定学院[公办],,软件工程,,,496,95288
0075,保定学院[公办],,物联网工程,,,490,102500
0075,保定学院[公办],,数字媒体技术,,,490,102500
0075,保定学院[公办],,数据科学与大数据技术,,,491,101322
0075,保定学院[公办],,环境生态工程,,,482,112324
0075,保定学院[公办],,人力资源管理,,,494,97686
0075,保定学院[公办],,体育经济与管理,,,482,112324
0075,保定学院[公办],,物流工程,,,482,112324
0075,保定学院[公办],,供应链管理,,,479,116040
0075,保定学院[公办],,会展经济与管理,,,484,109959
0075,保定学院[公办],,旅游管理与服务教育,,,484,109959
0080,北部湾大学[公办],,国际经济与贸易,,,519,69642
0080,北部湾大学[公办],,新闻学,,,511,78116
0080,北部湾大学[公办],,海洋科学,,,509,80441
0080,北部湾大学[公办],,电子信息工程,,,522,66475
0080,北部湾大学[公办],,自动化,,,519,69642
0080,北部湾大学[公办],,土木工程,,,503,87191
0080,北部湾大学[公办],,能源化学工程,,,500,90630
0080,北部湾大学[公办],,油气储运工程,,,496,95288
0080,北部湾大学[公办],,船舶与海洋工程,,,507,82620
0080,北部湾大学[公办],,食品科学与工程,,,497,94131
0080,北部湾大学[公办],,食品质量与安全,,,495,96518
0080,北部湾大学[公办],,生物制药,,,501,89173
0080,北部湾大学[公办],,水产养殖学,,,489,103748
0080,北部湾大学[公办],,财务管理,,,513,75878
0080,北部湾大学[公办],,城市管理,,,501,89173
0080,北部湾大学[公办],,机械工程(中外合作办学),,,463,136058
0080,北部湾大学[公办],,机械设计制造及其自动化(中外合作办学),,,465,133566
0080,北部湾大学[公办],,车辆工程(中外合作办学),,,460,139765
0080,北部湾大学[公办],,电子信息工程(中外合作办学),,,465,133566
0080,北部湾大学[公办],,物联网工程(中外合作办学),,,473,123482
0080,北部湾大学[公办],,工程造价(中外合作办学),,,477,118522
0081,北方工业大学[公办],,经济与金融,,,576,21536
0081,北方工业大学[公办],,信息与计算科学,,,578,20380
0081,北方工业大学[公办],,统计学,,,578,20380
0081,北方工业大学[公办],,机械设计制造及其自动化(机器人),,,576,21536
0081,北方工业大学[公办],,机械设计制造及其自动化(创新实验班),,,577,20936
0081,北方工业大学[公办],,机械电子工程(智能制造与新能源汽车),,,575,22143
0081,北方工业大学[公办],,工业设计,,,569,25895
0081,北方工业大学[公办],,材料科学与工程(新材料),,,568,26529
0081,北方工业大学[公办],,电气工程及其自动化,,,581,18643
0081,北方工业大学[公办],,电子信息工程,,,582,18065
0081,北方工业大学[公办],,电子信息工程(理工科实验班),,,584,17032
0081,北方工业大学[公办],,通信工程,,,580,19205
0081,北方工业大学[公办],,微电子科学与工程(电子封装，双培计划),,,586,15960
0081,北方工业大学[公办],,自动化(智能机器人与智能工业控制),,,578,20380
0081,北方工业大学[公办],,自动化(创新实验班),,,582,18065
0081,北方工业大学[公办],,计算机科学与技术,,,585,16469
0081,北方工业大学[公办],,计算机科学与技术(创新实验班),,,586,15960
0081,北方工业大学[公办],,信息安全,,,582,18065
0081,北方工业大学[公办],,数字媒体技术,,,582,18065
0081,北方工业大学[公办],,智能建造,,,572,23984
0081,北方工业大学[公办],,交通设备与控制工程,,,572,23984
0081,北方工业大学[公办],,智慧交通,,,573,23356
0081,北方工业大学[公办],,建筑学,,,569,25895
0081,北方工业大学[公办],,风景园林,,,566,27894
0081,北方工业大学[公办],,工程管理(建筑智能化管理),,,569,25895
0081,北方工业大学[公办],,工商管理,,,573,23356
0081,北方工业大学[公办],,会计学,,,577,20936
0081,北方工业大学[公办],,机械设计制造及其自动化(中外合作办学),,,541,48106
0081,北方工业大学[公办],,数据科学与大数据技术(中外合作办学),,,552,38584
0081,北方工业大学[公办],,土木工程(中外合作办学),,,525,63402
0083,北方民族大学(银川市)[公办],,经济学类,,,507,82620
0083,北方民族大学(银川市)[公办],,经济学类(只招少数民族考生),,,498,92962
0083,北方民族大学(银川市)[公办],,金融学,,,521,67552
0083,北方民族大学(银川市)[公办],,金融学(只招少数民族考生),,,497,94131
0083,北方民族大学(银川市)[公办],,金融数学,,,506,83767
0083,北方民族大学(银川市)[公办],,金融数学(只招少数民族考生),,,492,100090
0083,北方民族大学(银川市)[公办],,外国语言文学类,,,515,73836
0083,北方民族大学(银川市)[公办],,外国语言文学类(只招少数民族考生),,,500,90630
0083,北方民族大学(银川市)[公办],,阿拉伯语,,,497,94131
0083,北方民族大学(银川市)[公办],,日语,,,507,82620
0083,北方民族大学(银川市)[公办],,数学类,,,503,87191
0083,北方民族大学(银川市)[公办],,数学类(只招少数民族考生),,,508,81575
0083,北方民族大学(银川市)[公办],,生物科学类,,,498,92962
0083,北方民族大学(银川市)[公办],,生物科学类(只招少数民族考生),,,495,96518
0083,北方民族大学(银川市)[公办],,统计学类,,,513,75878
0083,北方民族大学(银川市)[公办],,统计学类(只招少数民族考生),,,496,95288
0083,北方民族大学(银川市)[公办],,机械类,,,508,81575
0083,北方民族大学(银川市)[公办],,机械设计制造及其自动化(与合肥工业大学联合培养),,,510,79317
0083,北方民族大学(银川市)[公办],,材料类,,,502,88336
0083,北方民族大学(银川市)[公办],,材料类(只招少数民族考生),,,488,104962
0083,北方民族大学(银川市)[公办],,电气类,,,510,79317
0083,北方民族大学(银川市)[公办],,电子信息类,,,510,79317
0083,北方民族大学(银川市)[公办],,电子信息类(只招少数民族考生),,,510,79317
0083,北方民族大学(银川市)[公办],,计算机类,,,522,66475
0083,北方民族大学(银川市)[公办],,计算机类(只招少数民族考生),,,512,76936
0083,北方民族大学(银川市)[公办],,数据科学与大数据技术,,,536,52757
0083,北方民族大学(银川市)[公办],,土木类,,,507,82620
0083,北方民族大学(银川市)[公办],,水利水电工程,,,508,81575
0083,北方民族大学(银川市)[公办],,化工与制药类,,,497,94131
0083,北方民族大学(银川市)[公办],,化工与制药类(只招少数民族考生),,,491,101322
0083,北方民族大学(银川市)[公办],,制药工程(与合肥工业大学联合培养),,,508,81575
0083,北方民族大学(银川市)[公办],,食品科学与工程,,,502,88336
0083,北方民族大学(银川市)[公办],,食品科学与工程(与合肥工业大学联合培养),,,502,88336
0083,北方民族大学(银川市)[公办],,生物工程,,,497,94131
0083,北方民族大学(银川市)[公办],,生物工程(只招少数民族考生),,,488,104962
0083,北方民族大学(银川市)[公办],,医学影像技术,,,508,81575
0083,北方民族大学(银川市)[公办],,眼视光学,,,507,82620
0083,北方民族大学(银川市)[公办],,工商管理类,,,507,82620
0083,北方民族大学(银川市)[公办],,工商管理类(只招少数民族考生),,,498,92962
0083,北方民族大学(银川市)[公办],,公共管理类,,,502,88336
0083,北方民族大学(银川市)[公办],,公共管理类(只招少数民族考生),,,494,97686
0083,北方民族大学(银川市)[公办],,电子商务(只招少数民族考生),,,490,102500
0083,北方民族大学(银川市)[公办],,旅游管理,,,485,108714
0083,北方民族大学(银川市)[公办],,软件工程(中外合作办学),,,508,81575
0086,北华大学(吉林市)[公办],,法学,,,536,52757
0086,北华大学(吉林市)[公办],,学前教育,,,522,66475
0086,北华大学(吉林市)[公办],,小学教育,,,527,61435
0086,北华大学(吉林市)[公办],,英语,,,540,49002
0086,北华大学(吉林市)[公办],,西班牙语,,,519,69642
0086,北华大学(吉林市)[公办],,朝鲜语,,,502,88336
0086,北华大学(吉林市)[公办],,网络与新媒体,,,534,54574
0086,北华大学(吉林市)[公办],,数学与应用数学,,,541,48106
0086,北华大学(吉林市)[公办],,物理学,,,534,54574
0086,北华大学(吉林市)[公办],,化学,,,534,54574
0086,北华大学(吉林市)[公办],,应用化学,,,513,75878
0086,北华大学(吉林市)[公办],,车辆工程,,,521,67552
0086,北华大学(吉林市)[公办],,新能源材料与器件,,,523,65475
0086,北华大学(吉林市)[公办],,电气工程及其自动化,,,541,48106
0086,北华大学(吉林市)[公办],,电子信息工程,,,535,53694
0086,北华大学(吉林市)[公办],,通信工程,,,530,58518
0086,北华大学(吉林市)[公办],,计算机科学与技术,,,542,47194
0086,北华大学(吉林市)[公办],,软件工程,,,533,55500
0086,北华大学(吉林市)[公办],,数字媒体技术,,,537,51825
0086,北华大学(吉林市)[公办],,数据科学与大数据技术,,,531,57544
0086,北华大学(吉林市)[公办],,环境科学,,,514,74839
0086,北华大学(吉林市)[公办],,风景园林,,,521,67552
0086,北华大学(吉林市)[公办],,林学,,,511,78116
0086,北华大学(吉林市)[公办],,临床医学,,,543,46278
0086,北华大学(吉林市)[公办],,医学影像学,,,541,48106
0086,北华大学(吉林市)[公办],,口腔医学,,,548,41891
0086,北华大学(吉林市)[公办],,预防医学,,,521,67552
0086,北华大学(吉林市)[公办],,药学,,,525,63402
0086,北华大学(吉林市)[公办],,医学检验技术,,,524,64450
0086,北华大学(吉林市)[公办],,护理学,,,514,74839
0086,北华大学(吉林市)[公办],,机械设计制造及其自动化(中外合作办学),,,496,95288
0086,北华大学(吉林市)[公办],,通信工程(中外合作办学),,,511,78116
0087,北华航天工业学院(廊坊市)[公办],,经济学,,,513,75878
0087,北华航天工业学院(廊坊市)[公办],,国际经济与贸易,,,507,82620
0087,北华航天工业学院(廊坊市)[公办],,社会工作,,,495,96518
0087,北华航天工业学院(廊坊市)[公办],,英语,,,514,74839
0087,北华航天工业学院(廊坊市)[公办],,应用统计学,,,506,83767
0087,北华航天工业学院(廊坊市)[公办],,机械设计制造及其自动化,,,519,69642
0087,北华航天工业学院(廊坊市)[公办],,材料成型及控制工程,,,492,100090
0087,北华航天工业学院(廊坊市)[公办],,机械电子工程,,,510,79317
0087,北华航天工业学院(廊坊市)[公办],,工业设计,,,497,94131
0087,北华航天工业学院(廊坊市)[公办],,车辆工程,,,504,86042
0087,北华航天工业学院(廊坊市)[公办],,智能制造工程,,,506,83767
0087,北华航天工业学院(廊坊市)[公办],,金属材料工程,,,488,104962
0087,北华航天工业学院(廊坊市)[公办],,复合材料与工程,,,486,107443
0087,北华航天工业学院(廊坊市)[公办],,焊接技术与工程,,,487,106171
0087,北华航天工业学院(廊坊市)[公办],,功能材料,,,484,109959
0087,北华航天工业学院(廊坊市)[公办],,电气工程与智能控制,,,515,73836
0087,北华航天工业学院(廊坊市)[公办],,电子信息工程,,,520,68611
0087,北华航天工业学院(廊坊市)[公办],,通信工程,,,514,74839
0087,北华航天工业学院(廊坊市)[公办],,微电子科学与工程,,,501,89173
0087,北华航天工业学院(廊坊市)[公办],,光电信息科学与工程,,,500,90630
0087,北华航天工业学院(廊坊市)[公办],,人工智能,,,509,80441
0087,北华航天工业学院(廊坊市)[公办],,自动化,,,514,74839
0087,北华航天工业学院(廊坊市)[公办],,计算机类,,,519,69642
0087,北华航天工业学院(廊坊市)[公办],,计算机科学与技术,,,526,62390
0087,北华航天工业学院(廊坊市)[公办],,空间信息与数字技术,,,501,89173
0087,北华航天工业学院(廊坊市)[公办],,数据科学与大数据技术,,,517,71732
0087,北华航天工业学院(廊坊市)[公办],,土木工程,,,504,86042
0087,北华航天工业学院(廊坊市)[公办],,建筑环境与能源应用工程,,,491,101322
0087,北华航天工业学院(廊坊市)[公办],,道路桥梁与渡河工程,,,491,101322
0087,北华航天工业学院(廊坊市)[公办],,遥感科学与技术,,,499,91783
0087,北华航天工业学院(廊坊市)[公办],,导航工程,,,496,95288
0087,北华航天工业学院(廊坊市)[公办],,飞行器设计与工程,,,503,87191
0087,北华航天工业学院(廊坊市)[公办],,飞行器制造工程,,,511,78116
0087,北华航天工业学院(廊坊市)[公办],,无人驾驶航空器系统工程,,,497,94131
0087,北华航天工业学院(廊坊市)[公办],,工程造价,,,503,87191
0087,北华航天工业学院(廊坊市)[公办],,会计学,,,523,65475
0087,北华航天工业学院(廊坊市)[公办],,财务管理,,,516,72762
0087,北华航天工业学院(廊坊市)[公办],,人力资源管理,,,505,84880
0087,北华航天工业学院(廊坊市)[公办],,物流管理,,,502,88336
0087,北华航天工业学院(廊坊市)[公办],,电子商务,,,505,84880
0087,北华航天工业学院(廊坊市)[公办],,机械设计制造及其自动化(中外合作办学),,,477,118522
0087,北华航天工业学院(廊坊市)[公办],,通信工程(中外合作办学),,,478,117259
0090,北京城市学院[民办],,机械类,,,484,109959
0090,北京城市学院[民办],,计算机科学与技术,,,501,89173
0090,北京城市学院[民办],,软件工程(阿里云校企合作班),,,499,91783
0090,北京城市学院[民办],,数据科学与大数据技术(阿里云校企合作班),,,516,72762
0090,北京城市学院[民办],,土木工程(智能设计与建造),,,501,89173
0090,北京城市学院[民办],,建筑学,,,486,107443
0090,北京城市学院[民办],,康复治疗学,,,480,114796
0090,北京城市学院[民办],,工程造价,,,476,119752
0090,北京城市学院[民办],,工商管理类,,,487,106171
0091,北京大学[公办],,理科试验班类(物理科目组专业),,,676,60
0093,北京大学医学部[公办],,英语(医学英语),,,664,218
0093,北京大学医学部[公办],,基础医学,,,670,118
0093,北京大学医学部[公办],,临床医学,,,671,105
0093,北京大学医学部[公办],,临床医学,,,669,137
0093,北京大学医学部[公办],,口腔医学,,,678,46
0093,北京大学医学部[公办],,口腔医学,,,669,137
0093,北京大学医学部[公办],,预防医学,,,664,218
0093,北京大学医学部[公办],,药学,,,664,218
0093,北京大学医学部[公办],,护理学,,,660,313
0095,北京第二外国语学院[公办],,金融学(一带一路金融服务),,,581,18643
0095,北京第二外国语学院[公办],,俄语(经贸合作),,,578,20380
0095,北京第二外国语学院[公办],,德语(人文交流),,,581,18643
0095,北京第二外国语学院[公办],,法语(人文交流),,,596,11399
0095,北京第二外国语学院[公办],,阿拉伯语,,,575,22143
0095,北京第二外国语学院[公办],,日语(人文交流),,,580,19205
0095,北京第二外国语学院[公办],,葡萄牙语(经贸合作),,,577,20936
0095,北京第二外国语学院[公办],,翻译(中英西复语),,,590,14004
0095,北京第二外国语学院[公办],,酒店管理,,,560,32247
0096,北京第二外国语学院中瑞酒店管理学院[独立学院],,市场营销,,,432,174661
0096,北京第二外国语学院中瑞酒店管理学院[独立学院],,财务管理,,,430,177075
0096,北京第二外国语学院中瑞酒店管理学院[独立学院],,人力资源管理,,,432,174661
0096,北京第二外国语学院中瑞酒店管理学院[独立学院],,健康服务与管理,,,431,175849
0096,北京第二外国语学院中瑞酒店管理学院[独立学院],,酒店管理,,,430,177075
0096,北京第二外国语学院中瑞酒店管理学院[独立学院],,酒店管理(国际课程班),,,431,175849
0101,北京服装学院[公办],,国际经济与贸易,,,541,48106
0101,北京服装学院[公办],,广告学,,,546,43628
0101,北京服装学院[公办],,工业设计,,,537,51825
0101,北京服装学院[公办],,高分子材料与工程,,,508,81575
0101,北京服装学院[公办],,服装设计与工程,,,541,48106
0101,北京服装学院[公办],,轻化工程,,,506,83767
0101,北京服装学院[公办],,信息管理与信息系统,,,523,65475
0102,北京工商大学[公办],,金融学类,,,581,18643
0102,北京工商大学[公办],,智能制造工程,,,570,25269
0102,北京工商大学[公办],,材料类,,,561,31495
0102,北京工商大学[公办],,香料香精技术与工程,,,560,32247
0102,北京工商大学[公办],,化妆品技术与工程,,,557,34586
0102,北京工商大学[公办],,环境工程,,,558,33822
0102,北京工商大学[公办],,食品科学与工程类,,,565,28568
0102,北京工商大学[公办],,生物工程,,,562,30764
0102,北京工商大学[公办],,会计学(智能会计),,,582,18065
0102,北京工商大学[公办],,电子商务类,,,569,25895
0102,北京工商大学[公办],,应用统计学(中外合作办学)(风险与精算),,,521,67552
0102,北京工商大学[公办],,食品科学与工程(中外合作办学)(国际),,,515,73836
0103,北京工商大学嘉华学院[独立学院],,数字经济,,,431,175849
0103,北京工商大学嘉华学院[独立学院],,金融学,,,430,177075
0103,北京工商大学嘉华学院[独立学院],,金融工程,,,461,138513
0103,北京工商大学嘉华学院[独立学院],,金融科技,,,430,177075
0103,北京工商大学嘉华学院[独立学院],,计算机科学与技术,,,433,173411
0103,北京工商大学嘉华学院[独立学院],,数据科学与大数据技术,,,432,174661
0103,北京工商大学嘉华学院[独立学院],,大数据管理与应用,,,431,175849
0103,北京工商大学嘉华学院[独立学院],,会计学,,,430,177075
0103,北京工商大学嘉华学院[独立学院],,财务管理,,,434,172120
0103,北京工商大学嘉华学院[独立学院],,国际商务,,,430,177075
0103,北京工商大学嘉华学院[独立学院],,审计学,,,431,175849
0104,北京工业大学[公办],,法学,,,597,10996
0104,北京工业大学[公办],,机械类,,,605,8076
0104,北京工业大学[公办],,工业设计,,,601,9445
0104,北京工业大学[公办],,机器人工程,,,607,7470
0104,北京工业大学[公办],,土木类,,,598,10589
0104,北京工业大学[公办],,智能建造,,,603,8730
0104,北京工业大学[公办],,交通运输类(实验班),,,601,9445
0104,北京工业大学[公办],,环境科学与工程类,,,597,10996
0104,北京工业大学[公办],,生物医学工程,,,595,11821
0104,北京工业大学[公办],,城乡规划,,,599,10212
0104,北京工业大学[公办],,会计学,,,602,9065
0104,北京工业大学[公办],,金融学(中外合作办学),,,577,20936
0104,北京工业大学[公办],,电子信息工程(中外合作办学),,,586,15960
0104,北京工业大学[公办],,软件工程(中外合作办学),,,579,19795
0104,北京工业大学[公办],,物联网工程(中外合作办学),,,581,18643
0105,北京工业大学耿丹学院[独立学院],,金融工程,,,441,163301
0105,北京工业大学耿丹学院[独立学院],,国际经济与贸易,,,439,165845
0105,北京工业大学耿丹学院[独立学院],,社会工作,,,435,170844
0105,北京工业大学耿丹学院[独立学院],,汉语国际教育,,,434,172120
0105,北京工业大学耿丹学院[独立学院],,应用心理学,,,441,163301
0105,北京工业大学耿丹学院[独立学院],,机械设计制造及其自动化(机器人方向),,,450,152346
0105,北京工业大学耿丹学院[独立学院],,工业设计,,,443,160819
0105,北京工业大学耿丹学院[独立学院],,电子信息类,,,445,158356
0105,北京工业大学耿丹学院[独立学院],,计算机类,,,448,154772
0105,北京工业大学耿丹学院[独立学院],,数字媒体技术,,,448,154772
0105,北京工业大学耿丹学院[独立学院],,建筑学,,,442,162050
0105,北京工业大学耿丹学院[独立学院],,工程管理,,,440,164582
0105,北京工业大学耿丹学院[独立学院],,市场营销(品牌管理与策划),,,438,167058
0105,北京工业大学耿丹学院[独立学院],,财务管理,,,445,158356
0107,北京航空航天大学[公办],,工科试验班类(计算机拔尖计划),,,669,137
0107,北京航空航天大学[公办],,工科试验班类(未来空天领军计划),,,659,342
0107,北京航空航天大学[公办],,工科试验班类(医工交叉试验班),,,651,658
0107,北京航空航天大学[公办],,工科试验班类(航空H航天类),,,649,764
0107,北京航空航天大学[公办],,工科试验班类(信息类),,,653,560
0107,北京航空航天大学[公办],,理科试验班类(华罗庚数学拔尖计划),,,656,436
0107,北京航空航天大学[公办],,理科试验班类(国际卓越工程师试验班),,,650,710
0107,北京航空航天大学[公办],,理科试验班类,,,649,764
0108,北京航空航天大学(国际合作专项)[公办],,工科试验班类(国际合作专项),,,648,837
0110,北京化工大学[公办],,工科试验班(宏德书院),,,599,10212
0110,北京化工大学[公办],,工科试验班(绿色化工与生物医药),,,592,13125
0110,北京化工大学[公办],,工科试验班(先进材料与绿色化学),,,592,13125
0110,北京化工大学[公办],,理科试验班(数学、物理电子与管理),,,600,9823
0110,北京化工大学[公办],,化学(基础拔尖),,,600,9823
0110,北京化工大学[公办],,化学(化学、生工双学士学位),,,599,10212
0110,北京化工大学[公办],,自动化类(高端装备与智能制造),,,600,9823
0110,北京化工大学[公办],,计算机类,,,605,8076
0110,北京化工大学[公办],,化学工程与工艺(化工、大数据双学士学位),,,602,9065
0110,北京化工大学[公办],,生物工程(生工、大数据双学士学位),,,599,10212
0110,北京化工大学[公办],,工商管理类(新文科经管法),,,599,10212
0110,北京化工大学[公办],,机械设计制造及其自动化(中外合作办学)(中美双学位、机器人方向),,,572,23984
0110,北京化工大学[公办],,工业设计(中外合作办学)(中意设计双学位),,,576,21536
0110,北京化工大学[公办],,化工与制药类(中外合作办学)(中法精英工程教育试验班),,,565,28568
0110,北京化工大学[公办],,生物工程(中外合作办学)(中美双学位、生物过程工程),,,559,33069
0113,北京建筑大学[公办],,信息与计算科学(大数据应用),,,579,19795
0113,北京建筑大学[公办],,机械类(智能制造类),,,575,22143
0113,北京建筑大学[公办],,车辆工程(城市轨道车辆实验班),,,572,23984
0113,北京建筑大学[公办],,能源与动力工程(新能源与低碳实验班),,,575,22143
0113,北京建筑大学[公办],,电气工程及其自动化,,,586,15960
0113,北京建筑大学[公办],,人工智能(实验班),,,582,18065
0113,北京建筑大学[公办],,自动化(建筑智能控制与机器人),,,578,20380
0113,北京建筑大学[公办],,计算机科学与技术(互联网控制),,,596,11399
0113,北京建筑大学[公办],,土木工程(实验班),,,571,24634
0113,北京建筑大学[公办],,土木工程(建筑工程),,,569,25895
0113,北京建筑大学[公办],,土木工程(城市道路与桥梁工程),,,571,24634
0113,北京建筑大学[公办],,土木工程(建筑材料),,,565,28568
0113,北京建筑大学[公办],,建筑环境与能源应用工程,,,565,28568
0113,北京建筑大学[公办],,给排水科学与工程,,,563,30033
0113,北京建筑大学[公办],,智能建造,,,579,19795
0113,北京建筑大学[公办],,测绘类(智慧城市类),,,571,24634
0113,北京建筑大学[公办],,导航工程(智能导航实验班),,,572,23984
0113,北京建筑大学[公办],,交通工程(智能交通),,,569,25895
0113,北京建筑大学[公办],,建筑学(实验班),,,614,5569
0113,北京建筑大学[公办],,城乡规划,,,578,20380
0113,北京建筑大学[公办],,工程管理(实验班),,,565,28568
0113,北京建筑大学[公办],,工程造价,,,575,22143
0114,北京交通大学[公办],,经济管理试验班,,,612,6049
0114,北京交通大学[公办],,理科试验班类(詹天佑本博直升试点班),,,621,4073
0114,北京交通大学[公办],,理科试验班(数学与统计),,,612,6049
0114,北京交通大学[公办],,理科试验班(智能光电与纳米技术),,,611,6343
0114,北京交通大学[公办],,法学,,,609,6887
0114,北京交通大学[公办],,外国语言文学类,,,603,8730
0114,北京交通大学[公办],,机械类(智能制造与智能装备),,,611,6343
0114,北京交通大学[公办],,电气类,,,615,5323
0114,北京交通大学[公办],,电子信息类(通信与控制),,,621,4073
0114,北京交通大学[公办],,计算机类,,,624,3506
0114,北京交通大学[公办],,软件工程,,,621,4073
0114,北京交通大学[公办],,土木类(智慧建造与智能工程),,,602,9065
0114,北京交通大学[公办],,交通运输类,,,617,4895
0114,北京交通大学[公办],,建筑类(建筑与规划),,,607,7470
0114,北京交通大学[公办],,机械电子工程(中外合作办学),,,589,14462
0114,北京交通大学[公办],,纳米材料与技术(中外合作办学),,,577,20936
0116,北京交通大学(威海校区)[公办],,通信工程(中外合作办学),,,575,22143
0116,北京交通大学(威海校区)[公办],,计算机科学与技术(中外合作办学),,,578,20380
0116,北京交通大学(威海校区)[公办],,环境工程(中外合作办学),,,565,28568
0116,北京交通大学(威海校区)[公办],,信息管理与信息系统(中外合作办学),,,570,25269
0116,北京交通大学(威海校区)[公办],,会计学(中外合作办学),,,574,22729
0123,北京科技大学[公办],,工科试验班类,,,611,6343
0123,北京科技大学[公办],,理科试验班,,,619,4458
0123,北京科技大学[公办],,数学类,,,607,7470
0123,北京科技大学[公办],,应用物理学,,,605,8076
0123,北京科技大学[公办],,应用化学,,,603,8730
0123,北京科技大学[公办],,生物技术,,,602,9065
0123,北京科技大学[公办],,机械类,,,605,8076
0123,北京科技大学[公办],,材料科学与工程,,,600,9823
0123,北京科技大学[公办],,冶金工程,,,599,10212
0123,北京科技大学[公办],,能源动力类(能源、环境专业),,,603,8730
0123,北京科技大学[公办],,储能科学与工程,,,603,8730
0123,北京科技大学[公办],,通信工程,,,611,6343
0123,北京科技大学[公办],,自动化类,,,610,6588
0123,北京科技大学[公办],,计算机类,,,614,5569
0123,北京科技大学[公办],,土木类,,,597,10996
0123,北京科技大学[公办],,安全工程,,,603,8730
0123,北京科技大学[公办],,管理科学与工程类,,,603,8730
0123,北京科技大学[公办],,工商管理类,,,607,7470
0125,北京科技大学天津学院[独立学院],,金融工程,,,477,118522
0125,北京科技大学天津学院[独立学院],,国际经济与贸易,,,478,117259
0125,北京科技大学天津学院[独立学院],,法学,,,488,104962
0125,北京科技大学天津学院[独立学院],,英语,,,478,117259
0125,北京科技大学天津学院[独立学院],,日语,,,465,133566
0125,北京科技大学天津学院[独立学院],,朝鲜语,,,460,139765
0125,北京科技大学天津学院[独立学院],,机械工程,,,464,134859
0125,北京科技大学天津学院[独立学院],,机械工程(机器人应用),,,468,129759
0125,北京科技大学天津学院[独立学院],,智能制造工程,,,467,130969
0125,北京科技大学天津学院[独立学院],,材料科学与工程,,,461,138513
0125,北京科技大学天津学院[独立学院],,材料科学与工程(新材料制备与加工),,,458,142250
0125,北京科技大学天津学院[独立学院],,材料科学与工程(纳米材料应用),,,460,139765
0125,北京科技大学天津学院[独立学院],,通信工程,,,474,122219
0125,北京科技大学天津学院[独立学院],,人工智能,,,475,120971
0125,北京科技大学天津学院[独立学院],,自动化,,,474,122219
0125,北京科技大学天津学院[独立学院],,计算机科学与技术,,,481,113547
0125,北京科技大学天津学院[独立学院],,计算机科学与技术(软件技术),,,479,116040
0125,北京科技大学天津学院[独立学院],,土木工程,,,463,136058
0125,北京科技大学天津学院[独立学院],,土木工程(道路桥梁工程),,,465,133566
0125,北京科技大学天津学院[独立学院],,土木工程(智能建筑),,,462,137255
0125,北京科技大学天津学院[独立学院],,无人驾驶航空器系统工程,,,466,132235
0125,北京科技大学天津学院[独立学院],,环境工程,,,464,134859
0125,北京科技大学天津学院[独立学院],,康复治疗学,,,463,136058
0125,北京科技大学天津学院[独立学院],,护理学,,,471,126020
0125,北京科技大学天津学院[独立学院],,工程造价,,,470,127253
0125,北京科技大学天津学院[独立学院],,会计学,,,477,118522
0125,北京科技大学天津学院[独立学院],,财务管理,,,475,120971
0125,北京科技大学天津学院[独立学院],,物流工程,,,468,129759
0129,北京理工大学[公办],,工科试验班(未来精工技术),,,655,477
0129,北京理工大学[公办],,工科试验班(徐特立英才班),,,650,710
0129,北京理工大学[公办],,工科试验班(宇航与机电类),,,645,1016
0129,北京理工大学[公办],,工科试验班(智能制造与智能车辆精英班),,,645,1016
0129,北京理工大学[公办],,工科试验班(信息科学技术),,,646,949
0129,北京理工大学[公办],,工科试验班(电子信息实验班),,,645,1016
0129,北京理工大学[公办],,会计学(中外合作办学),,,606,7785
0131,北京理工大学珠海学院[独立学院],,计算机类,,,522,66475
0131,北京理工大学珠海学院[独立学院],,智能科学与技术,,,510,79317
0131,北京理工大学珠海学院[独立学院],,飞行器制造工程,,,506,83767
0132,北京联合大学[公办],,英语,,,554,36948
0132,北京联合大学[公办],,西班牙语,,,532,56540
0132,北京联合大学[公办],,日语,,,532,56540
0132,北京联合大学[公办],,软件工程,,,564,29282
0132,北京联合大学[公办],,信息安全,,,561,31495
0132,北京联合大学[公办],,物联网工程,,,560,32247
0132,北京联合大学[公办],,数据科学与大数据技术,,,557,34586
0132,北京联合大学[公办],,建筑环境与能源应用工程,,,544,45381
0132,北京联合大学[公办],,食品质量与安全,,,545,44494
0132,北京联合大学[公办],,生物工程,,,540,49002
0132,北京联合大学[公办],,大数据管理与应用,,,550,40256
0132,北京联合大学[公办],,会计学(国际会计),,,553,37725
0132,北京联合大学[公办],,人力资源管理,,,547,42788
0132,北京联合大学[公办],,物流工程,,,537,51825
0132,北京联合大学[公办],,会展经济与管理,,,537,51825
0132,北京联合大学[公办],,电气工程及其自动化(中外合作办学),,,522,66475
0132,北京联合大学[公办],,轨道交通信号与控制(中外合作办学),,,499,91783
0132,北京联合大学[公办],,交通工程(中外合作办学),,,495,96518
0132,北京联合大学[公办],,物流工程(中外合作办学),,,496,95288
0133,北京林业大学[公办],,金融学,,,600,9823
0133,北京林业大学[公办],,法学,,,599,10212
0133,北京林业大学[公办],,英语,,,597,10996
0133,北京林业大学[公办],,数学与应用数学,,,600,9823
0133,北京林业大学[公办],,地理信息科学,,,596,11399
0133,北京林业大学[公办],,生物科学类,,,595,11821
0133,北京林业大学[公办],,生物科学(拔尖班),,,598,10589
0133,北京林业大学[公办],,生态学,,,582,18065
0133,北京林业大学[公办],,应用心理学,,,594,12236
0133,北京林业大学[公办],,统计学,,,598,10589
0133,北京林业大学[公办],,机械设计制造及其自动化,,,597,10996
0133,北京林业大学[公办],,车辆工程,,,591,13583
0133,北京林业大学[公办],,电气工程及其自动化,,,601,9445
0133,北京林业大学[公办],,电子信息科学与技术,,,602,9065
0133,北京林业大学[公办],,自动化,,,599,10212
0133,北京林业大学[公办],,计算机类,,,603,8730
0133,北京林业大学[公办],,土木工程,,,588,14950
0133,北京林业大学[公办],,给排水科学与工程,,,581,18643
0133,北京林业大学[公办],,林业工程类,,,574,22729
0133,北京林业大学[公办],,环境工程,,,589,14462
0133,北京林业大学[公办],,食品科学与工程,,,585,16469
0133,北京林业大学[公办],,城乡规划,,,592,13125
0133,北京林业大学[公办],,风景园林,,,599,10212
0133,北京林业大学[公办],,园艺(观赏园艺方向),,,589,14462
0133,北京林业大学[公办],,野生动物与自然保护区管理(森林康养方向),,,581,18643
0133,北京林业大学[公办],,水土保持与荒漠化防治,,,578,20380
0133,北京林业大学[公办],,林学类,,,586,15960
0133,北京林业大学[公办],,园林,,,593,12676
0133,北京林业大学[公办],,信息管理与信息系统,,,598,10589
0133,北京林业大学[公办],,工商管理类,,,595,11821
0133,北京林业大学[公办],,电子商务,,,590,14004
0133,北京林业大学[公办],,生物技术(中外合作办学),,,569,25895
0133,北京林业大学[公办],,木材科学与工程(中外合作办学),,,562,30764
0135,北京农学院[公办],,应用化学,,,515,73836
0135,北京农学院[公办],,数据科学与大数据技术,,,532,56540
0135,北京农学院[公办],,食品质量与安全,,,521,67552
0135,北京农学院[公办],,酿酒工程,,,508,81575
0135,北京农学院[公办],,生物工程,,,521,67552
0135,北京农学院[公办],,农学(作物遗传育种),,,510,79317
0135,北京农学院[公办],,农学(现代种业),,,512,76936
0135,北京农学院[公办],,园艺,,,513,75878
0135,北京农学院[公办],,植物保护(植物医学),,,510,79317
0135,北京农学院[公办],,农业资源与环境,,,517,71732
0135,北京农学院[公办],,动物科学,,,510,79317
0135,北京农学院[公办],,动物医学,,,534,54574
0135,北京农学院[公办],,林学(城市林业),,,528,60450
0135,北京农学院[公办],,林学(古树保护),,,511,78116
0140,北京师范大学[公办],,社会科学试验班,,,636,1776
0140,北京师范大学[公办],,理科试验班,,,638,1604
0140,北京师范大学[公办],,数学类,,,643,1176
0140,北京师范大学[公办],,物理学类,,,636,1776
0142,北京师范大学-香港浸会大学联合国际学院(珠海市)[内地与港澳台地区合作办学],,经济学(中外合作办学),,,526,62390
0142,北京师范大学-香港浸会大学联合国际学院(珠海市)[内地与港澳台地区合作办学],,金融数学(中外合作办学),,,528,60450
0142,北京师范大学-香港浸会大学联合国际学院(珠海市)[内地与港澳台地区合作办学],,新闻传播学类(中外合作办学),,,523,65475
0142,北京师范大学-香港浸会大学联合国际学院(珠海市)[内地与港澳台地区合作办学],,统计学(中外合作办学),,,524,64450
0142,北京师范大学-香港浸会大学联合国际学院(珠海市)[内地与港澳台地区合作办学],,人工智能(中外合作办学),,,522,66475
0142,北京师范大学-香港浸会大学联合国际学院(珠海市)[内地与港澳台地区合作办学],,计算机类(中外合作办学),,,521,67552
0142,北京师范大学-香港浸会大学联合国际学院(珠海市)[内地与港澳台地区合作办学],,食品科学与工程(中外合作办学),,,520,68611
0142,北京师范大学-香港浸会大学联合国际学院(珠海市)[内地与港澳台地区合作办学],,会计学(中外合作办学),,,528,60450
0142,北京师范大学-香港浸会大学联合国际学院(珠海市)[内地与港澳台地区合作办学],,工商管理类(中外合作办学),,,522,66475
0146,北京石油化工学院[公办],,机械工程,,,532,56540
0146,北京石油化工学院[公办],,材料科学与工程,,,518,70669
0146,北京石油化工学院[公办],,高分子材料与工程,,,519,69642
0146,北京石油化工学院[公办],,能源与动力工程,,,527,61435
0146,北京石油化工学院[公办],,新能源科学与工程,,,530,58518
0146,北京石油化工学院[公办],,电气工程及其自动化,,,544,45381
0146,北京石油化工学院[公办],,自动化,,,538,50883
0146,北京石油化工学院[公办],,机器人工程,,,534,54574
0146,北京石油化工学院[公办],,物联网工程,,,539,49949
0146,北京石油化工学院[公办],,化学工程与工艺,,,520,68611
0146,北京石油化工学院[公办],,制药工程,,,526,62390
0146,北京石油化工学院[公办],,环境工程,,,520,68611
0146,北京石油化工学院[公办],,安全工程(实验室管理),,,523,65475
0146,北京石油化工学院[公办],,生物制药,,,532,56540
0146,北京石油化工学院[公办],,大数据管理与应用,,,539,49949
0146,北京石油化工学院[公办],,物流管理,,,526,62390
0147,北京体育大学[公办],,经济学,,,588,14950
0147,北京体育大学[公办],,马克思主义理论,,,579,19795
0147,北京体育大学[公办],,运动人体科学,,,571,24634
0147,北京体育大学[公办],,运动康复,,,577,20936
0147,北京体育大学[公办],,智能体育工程,,,581,18643
0147,北京体育大学[公办],,英语,,,587,15439
0147,北京体育大学[公办],,新闻学,,,593,12676
0147,北京体育大学[公办],,网络与新媒体,,,597,10996
0147,北京体育大学[公办],,应用心理学,,,581,18643
0147,北京体育大学[公办],,数据科学与大数据技术,,,584,17032
0147,北京体育大学[公办],,康复物理治疗,,,574,22729
0147,北京体育大学[公办],,体育经济与管理,,,582,18065
0147,北京体育大学[公办],,公共事业管理,,,585,16469
0147,北京体育大学[公办],,旅游管理,,,574,22729
0150,北京外国语大学[公办],,金融学,,,618,4687
0150,北京外国语大学[公办],,国际经济与贸易,,,616,5107
0150,北京外国语大学[公办],,英语,,,625,3338
0150,北京外国语大学[公办],,英语(北京理工大学信息管理与系统专业联培),,,625,3338
0150,北京外国语大学[公办],,西班牙语,,,619,4458
0152,北京外国语大学(中外合作办学)[公办],,外交学(中外合作办学),,,588,14950
0155,北京物资学院[公办],,经济学(实验班),,,566,27894
0155,北京物资学院[公办],,金融学(期货与证券实验班),,,560,32247
0155,北京物资学院[公办],,金融学,,,569,25895
0155,北京物资学院[公办],,商务英语(实验班),,,566,27894
0155,北京物资学院[公办],,应用统计学,,,566,27894
0155,北京物资学院[公办],,计算机科学与技术(实验班),,,567,27220
0155,北京物资学院[公办],,物联网工程,,,566,27894
0155,北京物资学院[公办],,数据科学与大数据技术,,,565,28568
0155,北京物资学院[公办],,会计学(注册会计师),,,575,22143
0155,北京物资学院[公办],,财务管理,,,566,27894
0155,北京物资学院[公办],,物流工程(京东科技实验班),,,561,31495
0155,北京物资学院[公办],,物流工程,,,559,33069
0158,北京协和医学院[公办],,护理学,,,608,7171
0159,北京信息科技大学[公办],,机械设计制造及其自动化,,,580,19205
0159,北京信息科技大学[公办],,工业设计,,,573,23356
0159,北京信息科技大学[公办],,测控技术与仪器,,,575,22143
0159,北京信息科技大学[公办],,测控技术与仪器(智能感知),,,580,19205
0159,北京信息科技大学[公办],,智能感知工程(勤信实验班),,,579,19795
0159,北京信息科技大学[公办],,电气工程及其自动化,,,585,16469
0159,北京信息科技大学[公办],,电子信息类(勤信实验班),,,586,15960
0159,北京信息科技大学[公办],,通信工程,,,587,15439
0159,北京信息科技大学[公办],,光电信息科学与工程(新型平板显示),,,590,14004
0159,北京信息科技大学[公办],,人工智能(勤信实验班),,,585,16469
0159,北京信息科技大学[公办],,机器人工程(勤信实验班),,,581,18643
0159,北京信息科技大学[公办],,计算机类(勤信实验班),,,591,13583
0159,北京信息科技大学[公办],,计算机科学与技术,,,588,14950
0159,北京信息科技大学[公办],,网络工程,,,582,18065
0159,北京信息科技大学[公办],,物联网工程,,,585,16469
0159,北京信息科技大学[公办],,智能科学与技术,,,581,18643
0159,北京信息科技大学[公办],,信息管理与信息系统,,,579,19795
0159,北京信息科技大学[公办],,大数据管理与应用,,,585,16469
0159,北京信息科技大学[公办],,审计学(计算机审计),,,578,20380
0162,北京印刷学院[公办],,新闻传播学类,,,558,33822
0162,北京印刷学院[公办],,网络与新媒体,,,562,30764
0162,北京印刷学院[公办],,机械类,,,536,52757
0162,北京印刷学院[公办],,智能制造工程,,,542,47194
0162,北京印刷学院[公办],,高分子材料与工程,,,535,53694
0162,北京印刷学院[公办],,计算机类,,,552,38584
0162,北京印刷学院[公办],,数字媒体技术,,,558,33822
0162,北京印刷学院[公办],,轻工类,,,522,66475
0162,北京印刷学院[公办],,印刷工程(毕昇卓越班),,,547,42788
0162,北京印刷学院[公办],,信息管理与信息系统,,,546,43628
0162,北京印刷学院[公办],,工商管理类,,,551,40256
0164,北京邮电大学[公办],,理科试验班(信息科学),,,625,3338
0164,北京邮电大学[公办],,智能交互设计,,,628,2846
0164,北京邮电大学[公办],,电子信息类,,,629,2693
0164,北京邮电大学[公办],,通信工程(大类招生),,,632,2283
0164,北京邮电大学[公办],,人工智能(大类招生),,,626,3178
0164,北京邮电大学[公办],,自动化类(智能机器人与智慧物流),,,628,2846
0164,北京邮电大学[公办],,计算机类(元班),,,644,1098
0164,北京邮电大学[公办],,计算机类,,,636,1776
0164,北京邮电大学[公办],,软件工程,,,630,2544
0164,北京邮电大学[公办],,网络空间安全(大类招生),,,630,2544
0164,北京邮电大学[公办],,大数据管理与应用,,,626,3178
0166,北京邮电大学(宏福校区)[公办],,信息与计算科学(中外合作办学),,,587,15439
0166,北京邮电大学(宏福校区)[公办],,电子信息工程(中外合作办学),,,600,9823
0166,北京邮电大学(宏福校区)[公办],,电信工程及管理(中外合作办学),,,595,11821
0166,北京邮电大学(宏福校区)[公办],,物联网工程(中外合作办学),,,600,9823
0166,北京邮电大学(宏福校区)[公办],,智能科学与技术(中外合作办学),,,600,9823
0167,北京邮电大学世纪学院[独立学院],,英语,,,463,136058
0167,北京邮电大学世纪学院[独立学院],,机械电子工程,,,454,147340
0167,北京邮电大学世纪学院[独立学院],,通信工程,,,451,151103
0167,北京邮电大学世纪学院[独立学院],,自动化,,,463,136058
0167,北京邮电大学世纪学院[独立学院],,计算机科学与技术,,,462,137255
0167,北京邮电大学世纪学院[独立学院],,软件工程,,,453,148600
0167,北京邮电大学世纪学院[独立学院],,物联网工程,,,458,142250
0167,北京邮电大学世纪学院[独立学院],,数字媒体技术,,,478,117259
0167,北京邮电大学世纪学院[独立学院],,财务管理(国际注册会计师),,,484,109959
0167,北京邮电大学世纪学院[独立学院],,财务管理,,,460,139765
0167,北京邮电大学世纪学院[独立学院],,物流工程,,,458,142250
0167,北京邮电大学世纪学院[独立学院],,电子商务,,,463,136058
0168,北京语言大学[公办],,经济学(经济金融统计与分析),,,589,14462
0168,北京语言大学[公办],,金融学,,,588,14950
0168,北京语言大学[公办],,特殊教育(言语听觉科学),,,536,52757
0168,北京语言大学[公办],,汉语国际教育,,,590,14004
0168,北京语言大学[公办],,外国语言文学类,,,593,12676
0168,北京语言大学[公办],,语言学,,,584,17032
0168,北京语言大学[公办],,翻译(本地化),,,595,11821
0168,北京语言大学[公办],,翻译(汉英法),,,594,12236
0168,北京语言大学[公办],,网络与新媒体,,,593,12676
0168,北京语言大学[公办],,计算机类,,,583,17536
0171,北京中医药大学[公办],,法学(医药卫生),,,594,12236
0171,北京中医药大学[公办],,英语(医学),,,585,16469
0171,北京中医药大学[公办],,英语(中医药国际传播),,,586,15960
0171,北京中医药大学[公办],,生物工程,,,584,17032
0171,北京中医药大学[公办],,中医学(领军人才培养计划),,,645,1016
0171,北京中医药大学[公办],,中医学(卓越5+3一体化),,,613,5819
0171,北京中医药大学[公办],,中医学(卓越中医儿科班5+3一体化),,,620,4276
0171,北京中医药大学[公办],,中医学,,,600,9823
0171,北京中医药大学[公办],,中医学(实验班),,,607,7470
0171,北京中医药大学[公办],,针灸推拿学,,,588,14950
0171,北京中医药大学[公办],,中医骨伤科学,,,602,9065
0171,北京中医药大学[公办],,中西医临床医学(华佗班),,,634,2024
0171,北京中医药大学[公办],,药学,,,598,10589
0171,北京中医药大学[公办],,药事管理,,,589,14462
0171,北京中医药大学[公办],,中药学(时珍国药班),,,618,4687
0171,北京中医药大学[公办],,中药学,,,588,14950
0171,北京中医药大学[公办],,中药制药,,,584,17032
0171,北京中医药大学[公办],,康复治疗学,,,584,17032
0171,北京中医药大学[公办],,护理学,,,574,22729
0171,北京中医药大学[公办],,大数据管理与应用,,,587,15439
0171,北京中医药大学[公办],,公共管理类,,,582,18065
0172,北京中医药大学东方学院[独立学院],,中医学,,,438,167058
0172,北京中医药大学东方学院[独立学院],,针灸推拿学,,,434,172120
0172,北京中医药大学东方学院[独立学院],,中西医临床医学,,,439,165845
0172,北京中医药大学东方学院[独立学院],,中药学,,,435,170844
0172,北京中医药大学东方学院[独立学院],,中药制药,,,433,173411
0172,北京中医药大学东方学院[独立学院],,医学检验技术,,,439,165845
0172,北京中医药大学东方学院[独立学院],,医学影像技术,,,439,165845
0172,北京中医药大学东方学院[独立学院],,康复治疗学,,,432,174661
0172,北京中医药大学东方学院[独立学院],,护理学,,,438,167058
0172,北京中医药大学东方学院[独立学院],,工商管理,,,444,159559
0172,北京中医药大学东方学院[独立学院],,市场营销,,,440,164582
0172,北京中医药大学东方学院[独立学院],,公共事业管理,,,440,164582
0172,北京中医药大学东方学院[独立学院],,健康服务与管理,,,443,160819
0175,滨州学院[公办],,电气工程及其自动化,,,491,101322
0175,滨州学院[公办],,数据科学与大数据技术,,,491,101322
0175,滨州学院[公办],,土木工程,,,482,112324
0175,滨州学院[公办],,交通工程,,,478,117259
0175,滨州学院[公办],,飞行器制造工程,,,484,109959
0175,滨州学院[公办],,食品质量与安全,,,483,111133
0176,滨州医学院(烟台市)[公办],,临床医学,,,541,48106
0176,滨州医学院(烟台市)[公办],,麻醉学,,,534,54574
0176,滨州医学院(烟台市)[公办],,预防医学,,,519,69642
0176,滨州医学院(烟台市)[公办],,中医学,,,524,64450
0176,滨州医学院(烟台市)[公办],,医学检验技术,,,524,64450
0176,滨州医学院(烟台市)[公办],,康复治疗学,,,517,71732
0176,滨州医学院(烟台市)[公办],,信息管理与信息系统,,,511,78116
0178,亳州学院[公办],,学前教育,,,477,118522
0178,亳州学院[公办],,酿酒工程,,,475,120971
0178,亳州学院[公办],,文化产业管理,,,482,112324
0178,亳州学院[公办],,物流管理,,,483,111133
0178,亳州学院[公办],,电子商务,,,483,111133
0178,亳州学院[公办],,酒店管理,,,471,126020
0182,渤海大学(锦州市)[公办],,金融学,,,534,54574
0182,渤海大学(锦州市)[公办],,金融学(国际本科学术互认课程),,,504,86042
0182,渤海大学(锦州市)[公办],,法学,,,544,45381
0182,渤海大学(锦州市)[公办],,电气工程及其自动化,,,539,49949
0182,渤海大学(锦州市)[公办],,电子信息工程,,,541,48106
0182,渤海大学(锦州市)[公办],,自动化,,,534,54574
0182,渤海大学(锦州市)[公办],,软件工程,,,529,59504
0182,渤海大学(锦州市)[公办],,船舶与海洋工程,,,512,76936
0182,渤海大学(锦州市)[公办],,食品质量与安全,,,510,79317
0182,渤海大学(锦州市)[公办],,食品营养与健康,,,523,65475
0182,渤海大学(锦州市)[公办],,会计学,,,540,49002
0182,渤海大学(锦州市)[公办],,会计学(国际本科学术互认课程),,,505,84880
0182,渤海大学(锦州市)[公办],,食品科学与工程(中外合作办学),,,477,118522
0184,沧州交通学院(沧州市)[民办],,金融工程,,,455,146091
0184,沧州交通学院(沧州市)[民办],,英语,,,459,141008
0184,沧州交通学院(沧州市)[民办],,商务英语,,,455,146091
0184,沧州交通学院(沧州市)[民办],,机械工程,,,447,155919
0184,沧州交通学院(沧州市)[民办],,车辆工程,,,447,155919
0184,沧州交通学院(沧州市)[民办],,智能制造工程,,,450,152346
0184,沧州交通学院(沧州市)[民办],,能源与动力工程,,,449,153606
0184,沧州交通学院(沧州市)[民办],,电气工程及其自动化,,,452,149859
0184,沧州交通学院(沧州市)[民办],,人工智能,,,451,151103
0184,沧州交通学院(沧州市)[民办],,自动化,,,449,153606
0184,沧州交通学院(沧州市)[民办],,轨道交通信号与控制,,,448,154772
0184,沧州交通学院(沧州市)[民办],,计算机科学与技术,,,455,146091
0184,沧州交通学院(沧州市)[民办],,软件工程,,,453,148600
0184,沧州交通学院(沧州市)[民办],,物联网工程,,,451,151103
0184,沧州交通学院(沧州市)[民办],,数据科学与大数据技术,,,455,146091
0184,沧州交通学院(沧州市)[民办],,土木工程,,,445,158356
0184,沧州交通学院(沧州市)[民办],,建筑环境与能源应用工程,,,446,157125
0184,沧州交通学院(沧州市)[民办],,化学工程与工艺,,,446,157125
0184,沧州交通学院(沧州市)[民办],,制药工程,,,450,152346
0184,沧州交通学院(沧州市)[民办],,交通运输,,,447,155919
0184,沧州交通学院(沧州市)[民办],,风景园林,,,451,151103
0184,沧州交通学院(沧州市)[民办],,工程管理,,,449,153606
0184,沧州交通学院(沧州市)[民办],,工程造价,,,451,151103
0184,沧州交通学院(沧州市)[民办],,工商管理,,,456,144801
0184,沧州交通学院(沧州市)[民办],,财务管理,,,461,138513
0184,沧州交通学院(沧州市)[民办],,物流管理,,,454,147340
0184,沧州交通学院(沧州市)[民办],,电子商务,,,452,149859
0185,沧州师范学院[公办],,金融数学,,,475,120971
0185,沧州师范学院[公办],,法学,,,496,95288
0185,沧州师范学院[公办],,政治学与行政学,,,489,103748
0185,沧州师范学院[公办],,思想政治教育,,,504,86042
0185,沧州师范学院[公办],,科学教育,,,479,116040
0185,沧州师范学院[公办],,学前教育,,,487,106171
0185,沧州师范学院[公办],,汉语言文学,,,509,80441
0185,沧州师范学院[公办],,英语,,,504,86042
0185,沧州师范学院[公办],,商务英语,,,491,101322
0185,沧州师范学院[公办],,广告学,,,487,106171
0185,沧州师范学院[公办],,网络与新媒体,,,494,97686
0185,沧州师范学院[公办],,文物与博物馆学,,,473,123482
0185,沧州师范学院[公办],,数学与应用数学,,,489,103748
0185,沧州师范学院[公办],,物理学,,,477,118522
0185,沧州师范学院[公办],,化学,,,479,116040
0185,沧州师范学院[公办],,应用化学,,,471,126020
0185,沧州师范学院[公办],,生物科学,,,479,116040
0185,沧州师范学院[公办],,生物技术,,,473,123482
0185,沧州师范学院[公办],,应用心理学,,,485,108714
0185,沧州师范学院[公办],,统计学,,,478,117259
0185,沧州师范学院[公办],,机械电子工程,,,475,120971
0185,沧州师范学院[公办],,电气工程及其自动化,,,478,117259
0185,沧州师范学院[公办],,通信工程,,,478,117259
0185,沧州师范学院[公办],,信息工程,,,477,118522
0185,沧州师范学院[公办],,自动化,,,477,118522
0185,沧州师范学院[公办],,计算机科学与技术,,,486,107443
0185,沧州师范学院[公办],,软件工程,,,485,108714
0185,沧州师范学院[公办],,物联网工程,,,480,114796
0185,沧州师范学院[公办],,数据科学与大数据技术,,,482,112324
0185,沧州师范学院[公办],,化学工程与工艺,,,469,128494
0185,沧州师范学院[公办],,环境工程,,,471,126020
0185,沧州师范学院[公办],,园林,,,471,126020
0185,沧州师范学院[公办],,市场营销,,,471,126020
0185,沧州师范学院[公办],,财务管理,,,484,109959
0185,沧州师范学院[公办],,国际商务,,,474,122219
0185,沧州师范学院[公办],,电子商务,,,477,118522
0185,沧州师范学院[公办],,酒店管理,,,469,128494
0197,昌吉学院[公办],,金融数学,,,459,141008
0197,昌吉学院[公办],,学前教育,,,465,133566
0197,昌吉学院[公办],,英语,,,464,134859
0197,昌吉学院[公办],,物理学,,,463,136058
0197,昌吉学院[公办],,应用化学,,,457,143500
0197,昌吉学院[公办],,应用统计学,,,460,139765
0197,昌吉学院[公办],,能源与动力工程,,,465,133566
0197,昌吉学院[公办],,网络工程,,,465,133566
0197,昌吉学院[公办],,化学工程与工艺,,,459,141008
0197,昌吉学院[公办],,工商管理,,,463,136058
0197,昌吉学院[公办],,公共事业管理,,,459,141008
0197,昌吉学院[公办],,旅游管理,,,458,142250
0198,长安大学(西安市)[公办],,工科试验班,,,591,13583
0198,长安大学(西安市)[公办],,经济学类,,,590,14004
0198,长安大学(西安市)[公办],,思想政治教育,,,590,14004
0198,长安大学(西安市)[公办],,英语,,,591,13583
0198,长安大学(西安市)[公办],,新闻传播学类,,,593,12676
0198,长安大学(西安市)[公办],,数学类,,,591,13583
0198,长安大学(西安市)[公办],,地球物理学类,,,580,19205
0198,长安大学(西安市)[公办],,地质学类,,,576,21536
0198,长安大学(西安市)[公办],,工程力学,,,585,16469
0198,长安大学(西安市)[公办],,机械类,,,586,15960
0198,长安大学(西安市)[公办],,车辆工程,,,590,14004
0198,长安大学(西安市)[公办],,汽车服务工程,,,586,15960
0198,长安大学(西安市)[公办],,材料类,,,579,19795
0198,长安大学(西安市)[公办],,能源与动力工程,,,592,13125
0198,长安大学(西安市)[公办],,新能源科学与工程,,,590,14004
0198,长安大学(西安市)[公办],,电气工程及其自动化,,,594,12236
0198,长安大学(西安市)[公办],,电子信息类,,,595,11821
0198,长安大学(西安市)[公办],,人工智能,,,594,12236
0198,长安大学(西安市)[公办],,自动化类,,,593,12676
0198,长安大学(西安市)[公办],,计算机类,,,596,11399
0198,长安大学(西安市)[公办],,土木类,,,578,20380
0198,长安大学(西安市)[公办],,城市地下空间工程,,,584,17032
0198,长安大学(西安市)[公办],,道路桥梁与渡河工程,,,588,14950
0198,长安大学(西安市)[公办],,道路桥梁与渡河工程(国际工程班),,,590,14004
0198,长安大学(西安市)[公办],,水利类,,,586,15960
0198,长安大学(西安市)[公办],,测绘类,,,582,18065
0198,长安大学(西安市)[公办],,化学工程与工艺,,,581,18643
0198,长安大学(西安市)[公办],,地质工程,,,576,21536
0198,长安大学(西安市)[公办],,交通运输,,,592,13125
0198,长安大学(西安市)[公办],,交通工程,,,591,13583
0198,长安大学(西安市)[公办],,交通工程(国际工程班),,,595,11821
0198,长安大学(西安市)[公办],,交通设备与控制工程,,,590,14004
0198,长安大学(西安市)[公办],,环境科学与工程类,,,581,18643
0198,长安大学(西安市)[公办],,建筑类,,,582,18065
0198,长安大学(西安市)[公办],,安全工程,,,583,17536
0198,长安大学(西安市)[公办],,管理科学与工程类,,,584,17032
0198,长安大学(西安市)[公办],,大数据管理与应用,,,593,12676
0198,长安大学(西安市)[公办],,工商管理类,,,588,14950
0198,长安大学(西安市)[公办],,公共管理类,,,589,14462
0198,长安大学(西安市)[公办],,物流管理,,,585,16469
0198,长安大学(西安市)[公办],,物流工程,,,583,17536
0198,长安大学(西安市)[公办],,车辆工程(中外合作办学),,,554,36948
0198,长安大学(西安市)[公办],,道路桥梁与渡河工程(中外合作办学),,,552,38584
0198,长安大学(西安市)[公办],,交通运输(中外合作办学),,,556,35406
0201,长春财经学院[民办],,经济学,,,458,142250
0201,长春财经学院[民办],,经济统计学,,,445,158356
0201,长春财经学院[民办],,数字经济,,,449,153606
0201,长春财经学院[民办],,税收学,,,452,149859
0201,长春财经学院[民办],,金融学,,,448,154772
0201,长春财经学院[民办],,金融工程,,,446,157125
0201,长春财经学院[民办],,保险学,,,439,165845
0201,长春财经学院[民办],,投资学,,,446,157125
0201,长春财经学院[民办],,国际经济与贸易,,,448,154772
0201,长春财经学院[民办],,法学,,,470,127253
0201,长春财经学院[民办],,小学教育,,,457,143500
0201,长春财经学院[民办],,汉语国际教育,,,450,152346
0201,长春财经学院[民办],,英语,,,453,148600
0201,长春财经学院[民办],,网络与新媒体,,,454,147340
0201,长春财经学院[民办],,人工智能,,,450,152346
0201,长春财经学院[民办],,计算机科学与技术,,,457,143500
0201,长春财经学院[民办],,物联网工程,,,452,149859
0201,长春财经学院[民办],,数据科学与大数据技术,,,448,154772
0201,长春财经学院[民办],,工商管理,,,449,153606
0201,长春财经学院[民办],,市场营销,,,444,159559
0201,长春财经学院[民办],,会计学,,,455,146091
0201,长春财经学院[民办],,财务管理,,,454,147340
0201,长春财经学院[民办],,人力资源管理,,,444,159559
0201,长春财经学院[民办],,审计学,,,456,144801
0201,长春财经学院[民办],,物流管理,,,444,159559
0201,长春财经学院[民办],,电子商务,,,447,155919
0201,长春财经学院[民办],,跨境电子商务,,,439,165845
0201,长春财经学院[民办],,旅游管理,,,443,160819
0202,长春大学[公办],,网络与新媒体,,,528,60450
0202,长春大学[公办],,机械工程,,,528,60450
0202,长春大学[公办],,车辆工程,,,526,62390
0202,长春大学[公办],,材料科学与工程,,,521,67552
0202,长春大学[公办],,电气工程及其自动化,,,536,52757
0202,长春大学[公办],,通信工程,,,532,56540
0202,长春大学[公办],,自动化,,,534,54574
0202,长春大学[公办],,计算机科学与技术,,,545,44494
0202,长春大学[公办],,软件工程,,,537,51825
0202,长春大学[公办],,网络工程,,,532,56540
0202,长春大学[公办],,数据科学与大数据技术,,,532,56540
0202,长春大学[公办],,网络空间安全,,,532,56540
0202,长春大学[公办],,风景园林,,,523,65475
0202,长春大学[公办],,园林,,,511,78116
0202,长春大学[公办],,会计学,,,535,53694
0202,长春大学[公办],,机械工程(中外合作办学),,,496,95288
0202,长春大学[公办],,材料科学与工程(中外合作办学),,,487,106171
0202,长春大学[公办],,电子信息工程(中外合作办学),,,508,81575
0202,长春大学[公办],,自动化(中外合作办学),,,497,94131
0203,长春大学旅游学院[独立学院],,金融学,,,437,168382
0203,长春大学旅游学院[独立学院],,汉语国际教育,,,459,141008
0203,长春大学旅游学院[独立学院],,英语,,,449,153606
0203,长春大学旅游学院[独立学院],,俄语,,,447,155919
0203,长春大学旅游学院[独立学院],,日语,,,453,148600
0203,长春大学旅游学院[独立学院],,人工智能,,,433,173411
0203,长春大学旅游学院[独立学院],,网络工程,,,435,170844
0203,长春大学旅游学院[独立学院],,物联网工程,,,436,169642
0203,长春大学旅游学院[独立学院],,数据科学与大数据技术,,,438,167058
0203,长春大学旅游学院[独立学院],,智能建造,,,431,175849
0203,长春大学旅游学院[独立学院],,建筑学,,,438,167058
0203,长春大学旅游学院[独立学院],,工程造价,,,435,170844
0203,长春大学旅游学院[独立学院],,市场营销,,,440,164582
0203,长春大学旅游学院[独立学院],,财务管理,,,440,164582
0203,长春大学旅游学院[独立学院],,人力资源管理,,,440,164582
0203,长春大学旅游学院[独立学院],,文化产业管理,,,438,167058
0203,长春大学旅游学院[独立学院],,物流管理,,,434,172120
0203,长春大学旅游学院[独立学院],,电子商务,,,436,169642
0203,长春大学旅游学院[独立学院],,旅游管理,,,432,174661
0203,长春大学旅游学院[独立学院],,酒店管理,,,432,174661
0203,长春大学旅游学院[独立学院],,会展经济与管理,,,432,174661
0204,长春电子科技学院[民办],,机械设计制造及其自动化,,,448,154772
0204,长春电子科技学院[民办],,机械电子工程,,,434,172120
0204,长春电子科技学院[民办],,智能制造工程,,,434,172120
0204,长春电子科技学院[民办],,测控技术与仪器,,,436,169642
0204,长春电子科技学院[民办],,智能感知工程,,,432,174661
0204,长春电子科技学院[民办],,新能源科学与工程,,,436,169642
0204,长春电子科技学院[民办],,电气工程及其自动化,,,444,159559
0204,长春电子科技学院[民办],,电子信息工程,,,447,155919
0204,长春电子科技学院[民办],,电子科学与技术,,,439,165845
0204,长春电子科技学院[民办],,通信工程,,,437,168382
0204,长春电子科技学院[民办],,光电信息科学与工程,,,443,160819
0204,长春电子科技学院[民办],,光电信息科学与工程,,,438,167058
0204,长春电子科技学院[民办],,电子信息科学与技术,,,455,146091
0204,长春电子科技学院[民办],,自动化,,,445,158356
0204,长春电子科技学院[民办],,轨道交通信号与控制,,,439,165845
0204,长春电子科技学院[民办],,计算机科学与技术,,,444,159559
0204,长春电子科技学院[民办],,软件工程,,,451,151103
0204,长春电子科技学院[民办],,物联网工程,,,448,154772
0204,长春电子科技学院[民办],,数据科学与大数据技术,,,442,162050
0205,长春工程学院[公办],,应用化学,,,505,84880
0205,长春工程学院[公办],,机械设计制造及其自动化,,,514,74839
0205,长春工程学院[公办],,汽车服务工程,,,495,96518
0205,长春工程学院[公办],,智能车辆工程,,,508,81575
0205,长春工程学院[公办],,焊接技术与工程,,,488,104962
0205,长春工程学院[公办],,能源与动力工程,,,515,73836
0205,长春工程学院[公办],,新能源科学与工程,,,514,74839
0205,长春工程学院[公办],,电气工程及其自动化,,,541,48106
0205,长春工程学院[公办],,智能电网信息工程,,,531,57544
0205,长春工程学院[公办],,电子信息工程,,,523,65475
0205,长春工程学院[公办],,自动化,,,518,70669
0205,长春工程学院[公办],,计算机科学与技术,,,519,69642
0205,长春工程学院[公办],,数据科学与大数据技术,,,515,73836
0205,长春工程学院[公办],,土木工程,,,502,88336
0205,长春工程学院[公办],,建筑环境与能源应用工程,,,496,95288
0205,长春工程学院[公办],,建筑电气与智能化,,,511,78116
0205,长春工程学院[公办],,城市地下空间工程,,,497,94131
0205,长春工程学院[公办],,水利水电工程,,,503,87191
0205,长春工程学院[公办],,测绘工程,,,497,94131
0205,长春工程学院[公办],,地质工程,,,496,95288
0205,长春工程学院[公办],,环境工程,,,494,97686
0205,长春工程学院[公办],,建筑学,,,505,84880
0205,长春工程学院[公办],,安全工程,,,504,86042
0205,长春工程学院[公办],,工程造价,,,509,80441
0205,长春工程学院[公办],,机械设计制造及其自动化(中外合作办学),,,474,122219
0205,长春工程学院[公办],,能源与动力工程(中外合作办学),,,472,124770
0205,长春工程学院[公办],,电气工程及其自动化(中外合作办学),,,494,97686
0205,长春工程学院[公办],,土木工程(中外合作办学),,,465,133566
0206,长春工程学院(边防军人子女预科班)[公办],,本科预科班,,,456,144801
0207,长春工业大学[公办],,金融学,,,530,58518
0207,长春工业大学[公办],,国际经济与贸易,,,531,57544
0207,长春工业大学[公办],,英语,,,543,46278
0207,长春工业大学[公办],,俄语,,,526,62390
0207,长春工业大学[公办],,日语,,,522,66475
0207,长春工业大学[公办],,网络与新媒体,,,548,41891
0207,长春工业大学[公办],,信息与计算科学,,,532,56540
0207,长春工业大学[公办],,化学,,,517,71732
0207,长春工业大学[公办],,统计学,,,529,59504
0207,长春工业大学[公办],,材料成型及控制工程,,,520,68611
0207,长春工业大学[公办],,机械电子工程,,,537,51825
0207,长春工业大学[公办],,工业设计,,,531,57544
0207,长春工业大学[公办],,车辆工程,,,537,51825
0207,长春工业大学[公办],,智能制造工程,,,534,54574
0207,长春工业大学[公办],,测控技术与仪器,,,532,56540
0207,长春工业大学[公办],,材料物理,,,514,74839
0207,长春工业大学[公办],,材料化学,,,514,74839
0207,长春工业大学[公办],,金属材料工程,,,512,76936
0207,长春工业大学[公办],,高分子材料与工程,,,522,66475
0207,长春工业大学[公办],,电气工程及其自动化,,,540,49002
0207,长春工业大学[公办],,电子信息工程,,,539,49949
0207,长春工业大学[公办],,自动化,,,543,46278
0207,长春工业大学[公办],,机器人工程,,,535,53694
0207,长春工业大学[公办],,计算机科学与技术,,,542,47194
0207,长春工业大学[公办],,软件工程,,,540,49002
0207,长春工业大学[公办],,信息安全,,,537,51825
0207,长春工业大学[公办],,数字媒体技术,,,535,53694
0207,长春工业大学[公办],,数据科学与大数据技术,,,538,50883
0207,长春工业大学[公办],,化学工程与工艺,,,522,66475
0207,长春工业大学[公办],,制药工程,,,520,68611
0207,长春工业大学[公办],,涂料工程,,,511,78116
0207,长春工业大学[公办],,化妆品技术与工程,,,525,63402
0207,长春工业大学[公办],,食品科学与工程,,,517,71732
0207,长春工业大学[公办],,生物工程,,,529,59504
0207,长春工业大学[公办],,信息管理与信息系统,,,533,55500
0207,长春工业大学[公办],,工商管理,,,527,61435
0207,长春工业大学[公办],,会计学,,,539,49949
0207,长春工业大学[公办],,公共事业管理,,,522,66475
0207,长春工业大学[公办],,行政管理,,,524,64450
0207,长春工业大学[公办],,工业工程,,,521,67552
0207,长春工业大学[公办],,电子商务,,,525,63402
0207,长春工业大学[公办],,机械工程(中外合作办学),,,506,83767
0207,长春工业大学[公办],,电气工程及其自动化(中外合作办学),,,513,75878
0207,长春工业大学[公办],,计算机科学与技术(中外合作办学),,,520,68611
0207,长春工业大学[公办],,工业工程(中外合作办学),,,493,98867
0209,长春工业大学人文信息学院[独立学院],,金融学,,,440,164582
0209,长春工业大学人文信息学院[独立学院],,国际经济与贸易,,,437,168382
0209,长春工业大学人文信息学院[独立学院],,法学,,,454,147340
0209,长春工业大学人文信息学院[独立学院],,英语,,,443,160819
0209,长春工业大学人文信息学院[独立学院],,日语,,,441,163301
0209,长春工业大学人文信息学院[独立学院],,商务英语,,,443,160819
0209,长春工业大学人文信息学院[独立学院],,机械工程,,,450,152346
0209,长春工业大学人文信息学院[独立学院],,机械设计制造及其自动化,,,452,149859
0209,长春工业大学人文信息学院[独立学院],,车辆工程,,,446,157125
0209,长春工业大学人文信息学院[独立学院],,智能制造工程,,,445,158356
0209,长春工业大学人文信息学院[独立学院],,智能车辆工程,,,444,159559
0209,长春工业大学人文信息学院[独立学院],,新能源汽车工程,,,446,157125
0209,长春工业大学人文信息学院[独立学院],,电气工程及其自动化,,,454,147340
0209,长春工业大学人文信息学院[独立学院],,电子信息工程,,,444,159559
0209,长春工业大学人文信息学院[独立学院],,人工智能,,,441,163301
0209,长春工业大学人文信息学院[独立学院],,自动化,,,449,153606
0209,长春工业大学人文信息学院[独立学院],,轨道交通信号与控制,,,448,154772
0209,长春工业大学人文信息学院[独立学院],,机器人工程,,,440,164582
0209,长春工业大学人文信息学院[独立学院],,计算机科学与技术,,,449,153606
0209,长春工业大学人文信息学院[独立学院],,软件工程,,,450,152346
0209,长春工业大学人文信息学院[独立学院],,数据科学与大数据技术,,,450,152346
0209,长春工业大学人文信息学院[独立学院],,土木工程,,,444,159559
0209,长春工业大学人文信息学院[独立学院],,智能建造,,,439,165845
0209,长春工业大学人文信息学院[独立学院],,制药工程,,,443,160819
0209,长春工业大学人文信息学院[独立学院],,工程管理,,,432,174661
0209,长春工业大学人文信息学院[独立学院],,工程造价,,,444,159559
0209,长春工业大学人文信息学院[独立学院],,工商管理,,,441,163301
0209,长春工业大学人文信息学院[独立学院],,市场营销,,,435,170844
0209,长春工业大学人文信息学院[独立学院],,会计学,,,452,149859
0209,长春工业大学人文信息学院[独立学院],,财务管理,,,447,155919
0209,长春工业大学人文信息学院[独立学院],,人力资源管理,,,440,164582
0209,长春工业大学人文信息学院[独立学院],,物流管理,,,445,158356
0209,长春工业大学人文信息学院[独立学院],,电子商务,,,437,168382
0210,长春光华学院[民办],,小学教育,,,449,153606
0210,长春光华学院[民办],,机械设计制造及其自动化,,,449,153606
0210,长春光华学院[民办],,汽车服务工程,,,442,162050
0210,长春光华学院[民办],,电气工程及其自动化,,,451,151103
0210,长春光华学院[民办],,电子信息工程,,,451,151103
0210,长春光华学院[民办],,计算机科学与技术,,,452,149859
0210,长春光华学院[民办],,物联网工程,,,449,153606
0210,长春光华学院[民办],,数字媒体技术,,,449,153606
0210,长春光华学院[民办],,工商管理,,,448,154772
0210,长春光华学院[民办],,电子商务,,,447,155919
0211,长春建筑学院[民办],,电气工程及其自动化,,,451,151103
0211,长春建筑学院[民办],,电子信息工程,,,441,163301
0211,长春建筑学院[民办],,通信工程,,,435,170844
0211,长春建筑学院[民办],,人工智能,,,436,169642
0211,长春建筑学院[民办],,自动化,,,440,164582
0211,长春建筑学院[民办],,机器人工程,,,433,173411
0211,长春建筑学院[民办],,计算机科学与技术,,,449,153606
0211,长春建筑学院[民办],,信息安全,,,436,169642
0211,长春建筑学院[民办],,物联网工程,,,437,168382
0211,长春建筑学院[民办],,数字媒体技术,,,444,159559
0211,长春建筑学院[民办],,智能科学与技术,,,433,173411
0211,长春建筑学院[民办],,数据科学与大数据技术,,,439,165845
0211,长春建筑学院[民办],,土木工程,,,445,158356
0211,长春建筑学院[民办],,建筑环境与能源应用工程,,,434,172120
0211,长春建筑学院[民办],,建筑电气与智能化,,,441,163301
0211,长春建筑学院[民办],,城市地下空间工程,,,439,165845
0211,长春建筑学院[民办],,道路桥梁与渡河工程,,,441,163301
0211,长春建筑学院[民办],,测绘工程,,,433,173411
0211,长春建筑学院[民办],,交通工程,,,431,175849
0211,长春建筑学院[民办],,建筑学,,,445,158356
0211,长春建筑学院[民办],,城乡规划,,,432,174661
0211,长春建筑学院[民办],,风景园林,,,435,170844
0211,长春建筑学院[民办],,工程管理,,,432,174661
0211,长春建筑学院[民办],,房地产开发与管理,,,430,177075
0211,长春建筑学院[民办],,工程造价,,,447,155919
0214,长春科技学院[民办],,金融学类,,,437,168382
0214,长春科技学院[民办],,小学教育,,,446,157125
0214,长春科技学院[民办],,汉语国际教育,,,433,173411
0214,长春科技学院[民办],,英语,,,440,164582
0214,长春科技学院[民办],,日语,,,435,170844
0214,长春科技学院[民办],,应用化学,,,433,173411
0214,长春科技学院[民办],,机械类,,,431,175849
0214,长春科技学院[民办],,电子信息科学与技术,,,434,172120
0214,长春科技学院[民办],,人工智能,,,434,172120
0214,长春科技学院[民办],,自动化,,,434,172120
0214,长春科技学院[民办],,轨道交通信号与控制,,,440,164582
0214,长春科技学院[民办],,计算机类,,,434,172120
0214,长春科技学院[民办],,土木类,,,430,177075
0214,长春科技学院[民办],,食品科学与工程类,,,432,174661
0214,长春科技学院[民办],,生物工程,,,433,173411
0214,长春科技学院[民办],,动物医学,,,448,154772
0214,长春科技学院[民办],,中医学,,,442,162050
0214,长春科技学院[民办],,中药学,,,440,164582
0214,长春科技学院[民办],,护理学,,,445,158356
0214,长春科技学院[民办],,工程造价,,,434,172120
0214,长春科技学院[民办],,工商管理类,,,434,172120
0214,长春科技学院[民办],,财务管理,,,433,173411
0214,长春科技学院[民办],,人力资源管理,,,431,175849
0214,长春科技学院[民办],,电子商务,,,432,174661
0215,长春理工大学[公办],,金融工程,,,550,40256
0215,长春理工大学[公办],,国际经济与贸易,,,551,40256
0215,长春理工大学[公办],,法学,,,556,35406
0215,长春理工大学[公办],,英语,,,558,33822
0215,长春理工大学[公办],,广告学,,,549,41073
0215,长春理工大学[公办],,网络与新媒体,,,558,33822
0215,长春理工大学[公办],,数学类,,,562,30764
0215,长春理工大学[公办],,应用物理学,,,553,37725
0215,长春理工大学[公办],,应用化学,,,548,41891
0215,长春理工大学[公办],,生物技术,,,552,38584
0215,长春理工大学[公办],,应用统计学,,,556,35406
0215,长春理工大学[公办],,机械设计制造及其自动化,,,560,32247
0215,长春理工大学[公办],,机械电子工程,,,558,33822
0215,长春理工大学[公办],,过程装备与控制工程,,,552,38584
0215,长春理工大学[公办],,测控技术与仪器,,,563,30033
0215,长春理工大学[公办],,材料化学,,,543,46278
0215,长春理工大学[公办],,无机非金属材料工程,,,536,52757
0215,长春理工大学[公办],,新能源材料与器件,,,555,36191
0215,长春理工大学[公办],,电气工程及其自动化,,,563,30033
0215,长春理工大学[公办],,电子信息工程,,,561,31495
0215,长春理工大学[公办],,电子科学与技术,,,565,28568
0215,长春理工大学[公办],,通信工程,,,563,30033
0215,长春理工大学[公办],,光电信息科学与工程,,,564,29282
0215,长春理工大学[公办],,光电信息科学与工程,,,566,27894
0215,长春理工大学[公办],,电子信息科学与技术,,,562,30764
0215,长春理工大学[公办],,自动化,,,562,30764
0215,长春理工大学[公办],,机器人工程,,,563,30033
0215,长春理工大学[公办],,计算机科学与技术,,,572,23984
0215,长春理工大学[公办],,软件工程,,,571,24634
0215,长春理工大学[公办],,信息安全,,,562,30764
0215,长春理工大学[公办],,智能科学与技术,,,562,30764
0215,长春理工大学[公办],,数据科学与大数据技术,,,564,29282
0215,长春理工大学[公办],,化学工程与工艺,,,549,41073
0215,长春理工大学[公办],,信息对抗技术,,,564,29282
0215,长春理工大学[公办],,生物医学工程,,,546,43628
0215,长春理工大学[公办],,生物工程,,,552,38584
0215,长春理工大学[公办],,信息管理与信息系统,,,559,33069
0215,长春理工大学[公办],,工商管理类,,,548,41891
0215,长春理工大学[公办],,测控技术与仪器(中外合作办学),,,504,86042
0215,长春理工大学[公办],,电子科学与技术(中外合作办学),,,514,74839
0215,长春理工大学[公办],,光电信息科学与工程(中外合作办学),,,509,80441
0215,长春理工大学[公办],,光电信息科学与工程(中外合作办学),,,520,68611
0215,长春理工大学[公办],,生物工程(中外合作办学),,,489,103748
0217,长春人文学院(长春市)[民办],,金融学,,,452,149859
0217,长春人文学院(长春市)[民办],,学前教育,,,451,151103
0217,长春人文学院(长春市)[民办],,英语,,,457,143500
0217,长春人文学院(长春市)[民办],,会计学,,,459,141008
0218,长春师范大学[公办],,经济与金融,,,523,65475
0218,长春师范大学[公办],,数学与应用数学,,,543,46278
0218,长春师范大学[公办],,物理学类,,,535,53694
0218,长春师范大学[公办],,化学,,,541,48106
0218,长春师范大学[公办],,地理信息科学,,,530,58518
0218,长春师范大学[公办],,生物科学,,,543,46278
0218,长春师范大学[公办],,应用心理学,,,519,69642
0218,长春师范大学[公办],,车辆工程,,,516,72762
0218,长春师范大学[公办],,智能制造工程,,,515,73836
0218,长春师范大学[公办],,人工智能,,,518,70669
0218,长春师范大学[公办],,数据科学与大数据技术,,,524,64450
0218,长春师范大学[公办],,会计学,,,525,63402
0218,长春师范大学[公办],,图书馆学,,,517,71732
0218,长春师范大学[公办],,计算机科学与技术(中外合作办学),,,515,73836
0224,长春中医药大学[公办],,临床医学,,,560,32247
0224,长春中医药大学[公办],,中医学,,,555,36191
0224,长春中医药大学[公办],,中医学(5+3一体化),,,561,31495
0224,长春中医药大学[公办],,针灸推拿学,,,536,52757
0224,长春中医药大学[公办],,中医康复学,,,531,57544
0224,长春中医药大学[公办],,中医儿科学,,,536,52757
0224,长春中医药大学[公办],,中医骨伤科学,,,546,43628
0224,长春中医药大学[公办],,中西医临床医学,,,549,41073
0224,长春中医药大学[公办],,生物制药(中外合作办学),,,496,95288
0225,长江大学[公办],,经济学类,,,546,43628
0225,长江大学[公办],,金融学(含荆楚卓越人才协同育人计划),,,549,41073
0225,长江大学[公办],,法学类,,,551,40256
0225,长江大学[公办],,思想政治教育(师范),,,550,40256
0225,长江大学[公办],,教育学类,,,544,45381
0225,长江大学[公办],,外国语言文学类,,,550,40256
0225,长江大学[公办],,数学类(师范),,,550,40256
0225,长江大学[公办],,物理学(师范),,,547,42788
0225,长江大学[公办],,量子信息科学,,,540,49002
0225,长江大学[公办],,化学类,,,539,49949
0225,长江大学[公办],,地理信息科学,,,544,45381
0225,长江大学[公办],,地球物理学类(国家特色专业，含教育部卓越工程师培养计划),,,534,54574
0225,长江大学[公办],,地质学,,,535,53694
0225,长江大学[公办],,地球信息科学与技术,,,538,50883
0225,长江大学[公办],,生物科学类,,,532,56540
0225,长江大学[公办],,机械类(教育部卓越工程师、省支柱产业人才培养计划),,,549,41073
0225,长江大学[公办],,工业设计(智能化产品),,,541,48106
0225,长江大学[公办],,测控技术与仪器(智能感知),,,547,42788
0225,长江大学[公办],,新能源科学与工程,,,550,40256
0225,长江大学[公办],,电气类(含荆楚卓越人才、省支柱产业人才培养计划),,,553,37725
0225,长江大学[公办],,电子信息类(教育部卓越工程师、省支柱产业人才培养计划),,,559,33069
0225,长江大学[公办],,光电信息科学与工程,,,551,40256
0225,长江大学[公办],,人工智能,,,554,36948
0225,长江大学[公办],,计算机类,,,555,36191
0225,长江大学[公办],,信息安全,,,554,36948
0225,长江大学[公办],,数据科学与大数据技术,,,555,36191
0225,长江大学[公办],,土木类,,,534,54574
0225,长江大学[公办],,化工与制药类,,,532,56540
0225,长江大学[公办],,资源勘查工程(石油勘探、新能源、油气测录工程),,,532,56540
0225,长江大学[公办],,石油工程(含中俄能源方向、教育部卓越工程师培养计划),,,540,49002
0225,长江大学[公办],,油气储运工程(含中俄能源方向),,,533,55500
0225,长江大学[公办],,海洋油气工程,,,530,58518
0225,长江大学[公办],,环境科学与工程类,,,532,56540
0225,长江大学[公办],,环境工程,,,528,60450
0225,长江大学[公办],,食品科学与工程类,,,530,58518
0225,长江大学[公办],,建筑类,,,539,49949
0225,长江大学[公办],,风景园林,,,539,49949
0225,长江大学[公办],,植物生产类(含教育部卓越农林、省支柱产业人才培养计划),,,529,59504
0225,长江大学[公办],,智慧农业,,,530,58518
0225,长江大学[公办],,农业资源与环境(生态农业),,,526,62390
0225,长江大学[公办],,动物医学类(含教育部卓越农林人才教育培养计划),,,536,52757
0225,长江大学[公办],,园林(园林规划与设计，教育部卓越农林培养计划),,,535,53694
0225,长江大学[公办],,临床医学(含教育部卓越医生、省荆楚卓越人才育人计划),,,565,28568
0225,长江大学[公办],,中西医临床医学,,,552,38584
0225,长江大学[公办],,医学技术类,,,546,43628
0225,长江大学[公办],,护理学,,,526,62390
0225,长江大学[公办],,信息管理与信息系统,,,545,44494
0225,长江大学[公办],,工商管理类,,,540,49002
0225,长江大学[公办],,土木工程(中外合作办学),,,498,92962
0226,长江大学文理学院[独立学院],,外国语言文学类,,,462,137255
0226,长江大学文理学院[独立学院],,电子信息工程,,,469,128494
0228,长江师范学院(重庆市)[公办],,新闻传播学类,,,520,68611
0228,长江师范学院(重庆市)[公办],,数学与应用数学,,,528,60450
0228,长江师范学院(重庆市)[公办],,机械类,,,511,78116
0228,长江师范学院(重庆市)[公办],,材料类,,,500,90630
0228,长江师范学院(重庆市)[公办],,机器人工程,,,516,72762
0228,长江师范学院(重庆市)[公办],,计算机类,,,525,63402
0228,长江师范学院(重庆市)[公办],,化学工程与工艺,,,501,89173
0228,长江师范学院(重庆市)[公办],,环境科学与工程类,,,496,95288
0228,长江师范学院(重庆市)[公办],,生物工程,,,498,92962
0228,长江师范学院(重庆市)[公办],,土木工程(中外合作办学),,,472,124770
0233,长沙理工大学[公办],,数学与应用数学,,,567,27220
0233,长沙理工大学[公办],,信息与计算科学,,,571,24634
0233,长沙理工大学[公办],,物理学,,,562,30764
0233,长沙理工大学[公办],,地理信息科学,,,558,33822
0233,长沙理工大学[公办],,应用统计学,,,570,25269
0233,长沙理工大学[公办],,工程力学,,,558,33822
0233,长沙理工大学[公办],,机械类,,,564,29282
0233,长沙理工大学[公办],,测控技术与仪器,,,561,31495
0233,长沙理工大学[公办],,材料类,,,558,33822
0233,长沙理工大学[公办],,能源动力类,,,562,30764
0233,长沙理工大学[公办],,能源与动力工程(卓越班),,,570,25269
0233,长沙理工大学[公办],,电气工程及其自动化,,,585,16469
0233,长沙理工大学[公办],,电气工程及其自动化(卓越班),,,589,14462
0233,长沙理工大学[公办],,智能电网信息工程,,,580,19205
0233,长沙理工大学[公办],,电子信息类,,,572,23984
0233,长沙理工大学[公办],,电子信息工程,,,574,22729
0233,长沙理工大学[公办],,通信工程,,,576,21536
0233,长沙理工大学[公办],,人工智能,,,573,23356
0233,长沙理工大学[公办],,自动化,,,572,23984
0233,长沙理工大学[公办],,轨道交通信号与控制,,,565,28568
0233,长沙理工大学[公办],,机器人工程,,,570,25269
0233,长沙理工大学[公办],,计算机科学与技术,,,577,20936
0233,长沙理工大学[公办],,软件工程,,,575,22143
0233,长沙理工大学[公办],,数据科学与大数据技术,,,575,22143
0233,长沙理工大学[公办],,土木工程,,,559,33069
0233,长沙理工大学[公办],,土木工程(智能土木卓越班),,,562,30764
0233,长沙理工大学[公办],,给排水科学与工程,,,557,34586
0233,长沙理工大学[公办],,城市地下空间工程,,,554,36948
0233,长沙理工大学[公办],,道路桥梁与渡河工程,,,552,38584
0233,长沙理工大学[公办],,道路桥梁与渡河工程(智慧道路卓越班),,,557,34586
0233,长沙理工大学[公办],,智能建造,,,561,31495
0233,长沙理工大学[公办],,水利类,,,558,33822
0233,长沙理工大学[公办],,水利水电工程(卓越班),,,566,27894
0233,长沙理工大学[公办],,港口航道与海岸工程(卓越班),,,554,36948
0233,长沙理工大学[公办],,测绘工程,,,558,33822
0233,长沙理工大学[公办],,遥感科学与技术,,,557,34586
0233,长沙理工大学[公办],,化工与制药类,,,554,36948
0233,长沙理工大学[公办],,交通运输类,,,564,29282
0233,长沙理工大学[公办],,船舶与海洋工程,,,551,40256
0233,长沙理工大学[公办],,环境工程,,,552,38584
0233,长沙理工大学[公办],,建筑类,,,559,33069
0233,长沙理工大学[公办],,生物工程类,,,554,36948
0233,长沙理工大学[公办],,工程管理,,,558,33822
0233,长沙理工大学[公办],,财务管理,,,573,23356
0233,长沙理工大学[公办],,人力资源管理,,,559,33069
0233,长沙理工大学[公办],,机械设计制造及其自动化(中外合作办学),,,546,43628
0233,长沙理工大学[公办],,电气工程及其自动化(中外合作办学),,,560,32247
0234,长沙理工大学城南学院[独立学院],,国际经济与贸易,,,485,108714
0234,长沙理工大学城南学院[独立学院],,机械设计制造及其自动化,,,475,120971
0234,长沙理工大学城南学院[独立学院],,汽车服务工程,,,459,141008
0234,长沙理工大学城南学院[独立学院],,能源与动力工程,,,473,123482
0234,长沙理工大学城南学院[独立学院],,电气工程及其自动化,,,482,112324
0234,长沙理工大学城南学院[独立学院],,电子信息工程,,,479,116040
0234,长沙理工大学城南学院[独立学院],,通信工程,,,475,120971
0234,长沙理工大学城南学院[独立学院],,自动化,,,475,120971
0234,长沙理工大学城南学院[独立学院],,计算机科学与技术,,,482,112324
0234,长沙理工大学城南学院[独立学院],,土木工程,,,467,130969
0234,长沙理工大学城南学院[独立学院],,水利水电工程,,,468,129759
0234,长沙理工大学城南学院[独立学院],,工程管理,,,470,127253
0234,长沙理工大学城南学院[独立学院],,会计学,,,480,114796
0234,长沙理工大学城南学院[独立学院],,物流工程,,,467,130969
0238,长沙学院[公办],,信息与计算科学,,,518,70669
0238,长沙学院[公办],,机械设计制造及其自动化,,,514,74839
0238,长沙学院[公办],,机械电子工程,,,512,76936
0238,长沙学院[公办],,电气工程及其自动化,,,521,67552
0238,长沙学院[公办],,软件工程,,,524,64450
0238,长沙学院[公办],,土木工程,,,511,78116
0238,长沙学院[公办],,生物工程,,,504,86042
0238,长沙学院[公办],,生物制药,,,508,81575
0238,长沙学院[公办],,工程造价,,,511,78116
0238,长沙学院[公办],,市场营销,,,510,79317
0239,长沙医学院[民办],,临床医学,,,509,80441
0239,长沙医学院[民办],,医学影像学,,,485,108714
0239,长沙医学院[民办],,口腔医学,,,500,90630
0239,长沙医学院[民办],,中医学,,,475,120971
0242,长治学院[公办],,数学与应用数学,,,513,75878
0242,长治学院[公办],,化学生物学,,,502,88336
0242,长治学院[公办],,生物技术,,,498,92962
0242,长治学院[公办],,网络工程,,,512,76936
0243,长治医学院[公办],,生物医学工程,,,506,83767
0243,长治医学院[公办],,临床医学,,,520,68611
0243,长治医学院[公办],,麻醉学,,,530,58518
0243,长治医学院[公办],,医学影像学,,,524,64450
0243,长治医学院[公办],,精神医学,,,516,72762
0243,长治医学院[公办],,口腔医学,,,546,43628
0243,长治医学院[公办],,预防医学,,,509,80441
0243,长治医学院[公办],,药学,,,511,78116
0243,长治医学院[公办],,中药学,,,511,78116
0243,长治医学院[公办],,医学检验技术,,,518,70669
0243,长治医学院[公办],,医学影像技术,,,524,64450
0243,长治医学院[公办],,康复治疗学,,,503,87191
0243,长治医学院[公办],,护理学,,,504,86042
0243,长治医学院[公办],,助产学,,,496,95288
0243,长治医学院[公办],,信息管理与信息系统,,,508,81575
0243,长治医学院[公办],,健康服务与管理,,,500,90630
0246,常熟理工学院(苏州市)[公办],,生物制药,,,502,88336
0247,常州大学[公办],,车辆工程,,,547,42788
0247,常州大学[公办],,智能制造工程,,,549,41073
0248,常州工学院[公办],,测控技术与仪器,,,499,91783
0248,常州工学院[公办],,自动化,,,510,79317
0248,常州工学院[公办],,化学工程与工艺,,,496,95288
0248,常州工学院[公办],,资源循环科学与工程,,,499,91783
0248,常州工学院[公办],,飞行器制造工程,,,499,91783
0251,巢湖学院(合肥市)[公办],,金融工程,,,501,89173
0251,巢湖学院(合肥市)[公办],,互联网金融,,,494,97686
0251,巢湖学院(合肥市)[公办],,国际经济与贸易,,,504,86042
0251,巢湖学院(合肥市)[公办],,会计学,,,506,83767
0251,巢湖学院(合肥市)[公办],,审计学,,,510,79317
0253,成都大学[公办],,金融科技,,,552,38584
0253,成都大学[公办],,法学,,,549,41073
0253,成都大学[公办],,测控技术与仪器,,,541,48106
0253,成都大学[公办],,通信工程,,,554,36948
0253,成都大学[公办],,计算机科学与技术,,,558,33822
0253,成都大学[公办],,软件工程,,,557,34586
0253,成都大学[公办],,物联网工程,,,556,35406
0253,成都大学[公办],,数字媒体技术,,,555,36191
0253,成都大学[公办],,测绘工程,,,539,49949
0253,成都大学[公办],,制药工程,,,542,47194
0253,成都大学[公办],,护理学,,,527,61435
0253,成都大学[公办],,工程造价,,,545,44494
0253,成都大学[公办],,网络与新媒体(中外合作办学),,,526,62390
0253,成都大学[公办],,电气工程及其自动化(中外合作办学),,,526,62390
0253,成都大学[公办],,数据科学与大数据技术(中外合作办学),,,529,59504
0254,成都东软学院[民办],,英语,,,476,119752
0254,成都东软学院[民办],,信息工程,,,474,122219
0254,成都东软学院[民办],,医学信息工程,,,457,143500
0254,成都东软学院[民办],,人工智能,,,469,128494
0254,成都东软学院[民办],,计算机类,,,477,118522
0254,成都东软学院[民办],,软件工程,,,479,116040
0254,成都东软学院[民办],,数字媒体技术,,,480,114796
0254,成都东软学院[民办],,数据科学与大数据技术,,,475,120971
0254,成都东软学院[民办],,信息管理与信息系统,,,461,138513
0254,成都东软学院[民办],,大数据管理与应用,,,465,133566
0254,成都东软学院[民办],,财务管理,,,465,133566
0254,成都东软学院[民办],,人力资源管理,,,473,123482
0254,成都东软学院[民办],,电子商务,,,472,124770
0256,成都工业学院[公办],,应用统计学,,,520,68611
0256,成都工业学院[公办],,机械设计制造及其自动化,,,522,66475
0256,成都工业学院[公办],,工业设计,,,519,69642
0256,成都工业学院[公办],,汽车服务工程,,,517,71732
0256,成都工业学院[公办],,智能制造工程,,,522,66475
0256,成都工业学院[公办],,材料科学与工程,,,516,72762
0256,成都工业学院[公办],,电子信息类,,,532,56540
0256,成都工业学院[公办],,电子科学与技术,,,524,64450
0256,成都工业学院[公办],,信息工程,,,527,61435
0256,成都工业学院[公办],,人工智能,,,526,62390
0256,成都工业学院[公办],,自动化,,,525,63402
0256,成都工业学院[公办],,轨道交通信号与控制,,,517,71732
0256,成都工业学院[公办],,计算机类,,,540,49002
0256,成都工业学院[公办],,城市地下空间工程,,,507,82620
0258,成都锦城学院(成都市)[民办],,金融学类,,,477,118522
0258,成都锦城学院(成都市)[民办],,商务英语,,,472,124770
0258,成都锦城学院(成都市)[民办],,电子信息类,,,484,109959
0258,成都锦城学院(成都市)[民办],,机器人工程,,,470,127253
0258,成都锦城学院(成都市)[民办],,智能工程与创意设计,,,468,129759
0258,成都锦城学院(成都市)[民办],,计算机类,,,493,98867
0258,成都锦城学院(成都市)[民办],,软件工程,,,488,104962
0258,成都锦城学院(成都市)[民办],,数字媒体技术,,,476,119752
0258,成都锦城学院(成都市)[民办],,智能科学与技术,,,477,118522
0258,成都锦城学院(成都市)[民办],,新媒体技术,,,477,118522
0258,成都锦城学院(成都市)[民办],,土木工程,,,471,126020
0258,成都锦城学院(成都市)[民办],,给排水科学与工程,,,467,130969
0258,成都锦城学院(成都市)[民办],,工程造价,,,468,129759
0258,成都锦城学院(成都市)[民办],,审计学,,,484,109959
0259,成都理工大学[公办],,经济学,,,575,22143
0259,成都理工大学[公办],,英语,,,570,25269
0259,成都理工大学[公办],,商务英语,,,563,30033
0259,成都理工大学[公办],,新闻传播学类,,,570,25269
0259,成都理工大学[公办],,数学与应用数学,,,580,19205
0259,成都理工大学[公办],,信息与计算科学,,,569,25895
0259,成都理工大学[公办],,应用物理学,,,570,25269
0259,成都理工大学[公办],,应用化学,,,563,30033
0259,成都理工大学[公办],,人文地理与城乡规划,,,565,28568
0259,成都理工大学[公办],,地理信息科学,,,569,25895
0259,成都理工大学[公办],,地球物理学,,,561,31495
0259,成都理工大学[公办],,空间科学与技术,,,574,22729
0259,成都理工大学[公办],,行星科学,,,576,21536
0259,成都理工大学[公办],,地质学类,,,564,29282
0259,成都理工大学[公办],,应用统计学,,,576,21536
0259,成都理工大学[公办],,机械工程,,,571,24634
0259,成都理工大学[公办],,工业设计,,,569,25895
0259,成都理工大学[公办],,材料科学与工程,,,565,28568
0259,成都理工大学[公办],,新能源材料与器件,,,558,33822
0259,成都理工大学[公办],,新能源科学与工程,,,563,30033
0259,成都理工大学[公办],,电气工程及其自动化,,,579,19795
0259,成都理工大学[公办],,电子信息类,,,584,17032
0259,成都理工大学[公办],,电子信息工程,,,577,20936
0259,成都理工大学[公办],,计算机类,,,584,17032
0259,成都理工大学[公办],,土木工程,,,567,27220
0259,成都理工大学[公办],,城市地下空间工程,,,563,30033
0259,成都理工大学[公办],,测绘工程,,,564,29282
0259,成都理工大学[公办],,化学工程与工艺,,,561,31495
0259,成都理工大学[公办],,地质工程,,,568,26529
0259,成都理工大学[公办],,勘查技术与工程,,,559,33069
0259,成都理工大学[公办],,资源勘查工程,,,560,32247
0259,成都理工大学[公办],,地下水科学与工程,,,534,54574
0259,成都理工大学[公办],,石油工程,,,563,30033
0259,成都理工大学[公办],,油气储运工程,,,550,40256
0259,成都理工大学[公办],,核工程类,,,573,23356
0259,成都理工大学[公办],,环境科学与工程类,,,561,31495
0259,成都理工大学[公办],,环境科学与工程,,,552,38584
0259,成都理工大学[公办],,建筑类,,,566,27894
0259,成都理工大学[公办],,工程管理,,,554,36948
0259,成都理工大学[公办],,大数据管理与应用,,,576,21536
0259,成都理工大学[公办],,工商管理类,,,566,27894
0259,成都理工大学[公办],,工商管理,,,572,23984
0259,成都理工大学[公办],,市场营销,,,559,33069
0259,成都理工大学[公办],,物流管理,,,552,38584
0259,成都理工大学[公办],,电子商务,,,568,26529
0259,成都理工大学[公办],,计算机科学与技术(中外合作办学),,,553,37725
0259,成都理工大学[公办],,软件工程(中外合作办学),,,548,41891
0259,成都理工大学[公办],,工商管理(中外合作办学),,,548,41891
0259,成都理工大学[公办],,会计学(中外合作办学),,,551,40256
0260,成都理工大学工程技术学院(乐山市)[独立学院],,机械工程,,,461,138513
0260,成都理工大学工程技术学院(乐山市)[独立学院],,软件工程,,,468,129759
0260,成都理工大学工程技术学院(乐山市)[独立学院],,土木工程,,,463,136058
0260,成都理工大学工程技术学院(乐山市)[独立学院],,核工程与核技术,,,461,138513
0263,成都信息工程大学[公办],,大气科学类,,,567,27220
0263,成都信息工程大学[公办],,机械电子工程,,,564,29282
0263,成都信息工程大学[公办],,电气工程及其自动化,,,568,26529
0263,成都信息工程大学[公办],,电子信息工程,,,570,25269
0263,成都信息工程大学[公办],,电子科学与技术,,,567,27220
0263,成都信息工程大学[公办],,通信工程,,,570,25269
0263,成都信息工程大学[公办],,光电信息科学与工程,,,565,28568
0263,成都信息工程大学[公办],,集成电路设计与集成系统,,,565,28568
0263,成都信息工程大学[公办],,电子信息科学与技术,,,571,24634
0263,成都信息工程大学[公办],,自动化,,,567,27220
0263,成都信息工程大学[公办],,计算机科学与技术,,,574,22729
0263,成都信息工程大学[公办],,软件工程,,,572,23984
0263,成都信息工程大学[公办],,网络工程,,,570,25269
0263,成都信息工程大学[公办],,信息安全,,,571,24634
0263,成都信息工程大学[公办],,数字媒体技术,,,572,23984
0263,成都信息工程大学[公办],,空间信息与数字技术,,,566,27894
0263,成都信息工程大学[公办],,网络空间安全,,,569,25895
0263,成都信息工程大学[公办],,区块链工程,,,573,23356
0264,成都医学院[公办],,药物制剂,,,515,73836
0264,成都医学院[公办],,医学检验技术,,,518,70669
0266,成都银杏酒店管理学院[民办],,工商管理类,,,454,147340
0266,成都银杏酒店管理学院[民办],,旅游管理类,,,454,147340
0267,成都中医药大学[公办],,制药工程,,,569,25895
0267,成都中医药大学[公办],,食品质量与安全,,,561,31495
0267,成都中医药大学[公办],,临床医学,,,586,15960
0267,成都中医药大学[公办],,中医学,,,583,17536
0267,成都中医药大学[公办],,针灸推拿学,,,574,22729
0267,成都中医药大学[公办],,中药学,,,568,26529
0267,成都中医药大学[公办],,眼视光学,,,571,24634
0267,成都中医药大学[公办],,护理学,,,547,42788
0267,成都中医药大学[公办],,市场营销,,,557,34586
0267,成都中医药大学[公办],,公共事业管理,,,558,33822
0269,承德医学院[公办],,生物信息学,,,487,106171
0269,承德医学院[公办],,应用心理学,,,504,86042
0269,承德医学院[公办],,医学信息工程,,,494,97686
0269,承德医学院[公办],,生物医学工程,,,490,102500
0269,承德医学院[公办],,临床医学,,,529,59504
0269,承德医学院[公办],,麻醉学,,,532,56540
0269,承德医学院[公办],,医学影像学,,,524,64450
0269,承德医学院[公办],,儿科学,,,522,66475
0269,承德医学院[公办],,口腔医学,,,550,40256
0269,承德医学院[公办],,中医学,,,524,64450
0269,承德医学院[公办],,针灸推拿学,,,509,80441
0269,承德医学院[公办],,中医康复学,,,506,83767
0269,承德医学院[公办],,中西医临床医学,,,526,62390
0269,承德医学院[公办],,药学,,,506,83767
0269,承德医学院[公办],,中药学,,,491,101322
0269,承德医学院[公办],,医学检验技术,,,521,67552
0269,承德医学院[公办],,康复治疗学,,,502,88336
0269,承德医学院[公办],,护理学,,,496,95288
0269,承德医学院[公办],,助产学,,,498,92962
0272,池州学院[公办],,国际经济与贸易,,,481,113547
0272,池州学院[公办],,数学与应用数学,,,486,107443
0272,池州学院[公办],,市场营销,,,478,117259
0274,赤峰学院[公办],,小学教育(数学与科学方向),,,481,113547
0274,赤峰学院[公办],,数学与应用数学,,,479,116040
0274,赤峰学院[公办],,应用统计学,,,474,122219
0274,赤峰学院[公办],,建筑环境与能源应用工程(供热、供燃气),,,466,132235
0274,赤峰学院[公办],,药学,,,473,123482
0274,赤峰学院[公办],,医学检验技术,,,485,108714
0276,重庆财经学院[民办],,经济学类,,,482,112324
0276,重庆财经学院[民办],,金融学类,,,490,102500
0276,重庆财经学院[民办],,计算机类,,,476,119752
0276,重庆财经学院[民办],,软件工程,,,475,120971
0276,重庆财经学院[民办],,工商管理类,,,487,106171
0276,重庆财经学院[民办],,会计学,,,490,102500
0276,重庆财经学院[民办],,审计学,,,488,104962
0276,重庆财经学院[民办],,电子商务,,,469,128494
0279,重庆城市科技学院[民办],,机械类,,,462,137255
0279,重庆城市科技学院[民办],,土木类,,,455,146091
0280,重庆大学[公办],,人文科学试验班(法学新闻类),,,617,4895
0280,重庆大学[公办],,人文科学试验班(博雅类),,,615,5323
0280,重庆大学[公办],,工科试验班类(生化类),,,608,7171
0280,重庆大学[公办],,工科试验班(环境类),,,607,7470
0280,重庆大学[公办],,工科试验班(工程能源类),,,611,6343
0280,重庆大学[公办],,工科试验班(电气信息类),,,617,4895
0280,重庆大学[公办],,理科试验班(数学物理类),,,617,4895
0280,重庆大学[公办],,经济学类,,,616,5107
0280,重庆大学[公办],,外国语言文学类,,,613,5819
0280,重庆大学[公办],,建筑类,,,618,4687
0280,重庆大学[公办],,临床医学(五年制),,,619,4458
0280,重庆大学[公办],,管理科学与工程类,,,608,7171
0280,重庆大学[公办],,工商管理类,,,611,6343
0280,重庆大学[公办],,机械设计制造及其自动化(中外合作办学),,,593,12676
0280,重庆大学[公办],,电气工程及其自动化(中外合作办学),,,597,10996
0281,重庆大学(边防军人子女预科班)[公办],,本科预科班,,,559,33069
0286,重庆对外经贸学院[民办],,经济学,,,467,130969
0286,重庆对外经贸学院[民办],,国际经济与贸易,,,464,134859
0286,重庆对外经贸学院[民办],,网络与新媒体,,,471,126020
0286,重庆对外经贸学院[民办],,人文地理与城乡规划,,,458,142250
0286,重庆对外经贸学院[民办],,应用统计学,,,461,138513
0286,重庆对外经贸学院[民办],,数据科学与大数据技术,,,465,133566
0286,重庆对外经贸学院[民办],,人力资源管理,,,463,136058
0286,重庆对外经贸学院[民办],,物流管理,,,461,138513
0288,重庆工商大学[公办],,经济统计学,,,559,33069
0288,重庆工商大学[公办],,金融学类,,,568,26529
0288,重庆工商大学[公办],,经济与贸易类,,,560,32247
0288,重庆工商大学[公办],,新闻传播学类,,,558,33822
0288,重庆工商大学[公办],,统计学,,,556,35406
0288,重庆工商大学[公办],,机械类,,,548,41891
0288,重庆工商大学[公办],,智能车辆工程,,,551,40256
0288,重庆工商大学[公办],,电子信息工程,,,560,32247
0288,重庆工商大学[公办],,人工智能,,,562,30764
0288,重庆工商大学[公办],,计算机类,,,565,28568
0288,重庆工商大学[公办],,数据科学与大数据技术,,,562,30764
0288,重庆工商大学[公办],,化工与制药类,,,542,47194
0288,重庆工商大学[公办],,环境工程,,,546,43628
0288,重庆工商大学[公办],,工程管理,,,540,49002
0288,重庆工商大学[公办],,大数据管理与应用,,,553,37725
0288,重庆工商大学[公办],,工商管理类,,,554,36948
0288,重庆工商大学[公办],,工商管理类(财会),,,565,28568
0288,重庆工商大学[公办],,公共管理类,,,541,48106
0288,重庆工商大学[公办],,电子商务,,,551,40256
0288,重庆工商大学[公办],,旅游管理类,,,532,56540
0288,重庆工商大学[公办],,国际经济与贸易(中外合作办学),,,533,55500
0288,重庆工商大学[公办],,法语(中外合作办学),,,525,63402
0288,重庆工商大学[公办],,人力资源管理(中外合作办学),,,524,64450
0289,重庆工商大学派斯学院[独立学院],,金融学,,,467,130969
0289,重庆工商大学派斯学院[独立学院],,会计学,,,465,133566
0293,重庆机电职业技术大学[民办],,智能制造工程技术,,,456,144801
0293,重庆机电职业技术大学[民办],,材料成型及控制工程,,,452,149859
0296,重庆交通大学[公办],,知识产权,,,561,31495
0296,重庆交通大学[公办],,外国语言文学类,,,563,30033
0296,重庆交通大学[公办],,新闻传播学类,,,562,30764
0296,重庆交通大学[公办],,数学类,,,562,30764
0296,重庆交通大学[公办],,机械类,,,558,33822
0296,重庆交通大学[公办],,材料类,,,553,37725
0296,重庆交通大学[公办],,电子信息类,,,568,26529
0296,重庆交通大学[公办],,计算机类,,,574,22729
0296,重庆交通大学[公办],,土木类,,,553,37725
0296,重庆交通大学[公办],,给排水科学与工程,,,549,41073
0296,重庆交通大学[公办],,水利类,,,553,37725
0296,重庆交通大学[公办],,测绘工程,,,550,40256
0296,重庆交通大学[公办],,地质工程,,,547,42788
0296,重庆交通大学[公办],,交通运输类,,,563,30033
0296,重庆交通大学[公办],,船舶与海洋工程,,,551,40256
0296,重庆交通大学[公办],,飞行器制造工程,,,556,35406
0296,重庆交通大学[公办],,飞行器动力工程,,,556,35406
0296,重庆交通大学[公办],,建筑类,,,552,38584
0296,重庆交通大学[公办],,管理科学与工程类,,,559,33069
0296,重庆交通大学[公办],,工商管理类,,,561,31495
0296,重庆交通大学[公办],,机械设计制造及其自动化(中外合作办学),,,535,53694
0298,重庆科技学院[公办],,国际经济与贸易,,,521,67552
0298,重庆科技学院[公办],,英语,,,530,58518
0298,重庆科技学院[公办],,化学类,,,503,87191
0298,重庆科技学院[公办],,理论与应用力学,,,505,84880
0298,重庆科技学院[公办],,机械类,,,525,63402
0298,重庆科技学院[公办],,材料成型及控制工程,,,510,79317
0298,重庆科技学院[公办],,材料类,,,506,83767
0298,重庆科技学院[公办],,冶金工程,,,499,91783
0298,重庆科技学院[公办],,电气工程及其自动化,,,529,59504
0298,重庆科技学院[公办],,计算机科学与技术,,,535,53694
0298,重庆科技学院[公办],,土木类,,,508,81575
0298,重庆科技学院[公办],,化工与制药类,,,511,78116
0298,重庆科技学院[公办],,石油工程,,,512,76936
0298,重庆科技学院[公办],,油气储运工程,,,507,82620
0298,重庆科技学院[公办],,环境工程,,,508,81575
0298,重庆科技学院[公办],,安全工程,,,513,75878
0298,重庆科技学院[公办],,工商管理类,,,521,67552
0300,重庆理工大学[公办],,经济学,,,559,33069
0300,重庆理工大学[公办],,金融数学,,,556,35406
0300,重庆理工大学[公办],,国际经济与贸易,,,557,34586
0300,重庆理工大学[公办],,机械类,,,554,36948
0300,重庆理工大学[公办],,材料成型及控制工程,,,546,43628
0300,重庆理工大学[公办],,工业设计,,,550,40256
0300,重庆理工大学[公办],,车辆工程,,,553,37725
0300,重庆理工大学[公办],,汽车服务工程,,,537,51825
0300,重庆理工大学[公办],,智能制造工程,,,554,36948
0300,重庆理工大学[公办],,智能车辆工程,,,553,37725
0300,重庆理工大学[公办],,测控技术与仪器,,,553,37725
0300,重庆理工大学[公办],,材料类,,,545,44494
0300,重庆理工大学[公办],,能源与动力工程,,,557,34586
0300,重庆理工大学[公办],,新能源科学与工程,,,556,35406
0300,重庆理工大学[公办],,电气工程及其自动化,,,562,30764
0300,重庆理工大学[公办],,自动化,,,561,31495
0300,重庆理工大学[公办],,机器人工程,,,565,28568
0300,重庆理工大学[公办],,计算机类,,,569,25895
0300,重庆理工大学[公办],,软件工程,,,575,22143
0300,重庆理工大学[公办],,智能科学与技术,,,562,30764
0300,重庆理工大学[公办],,数据科学与大数据技术,,,566,27894
0300,重庆理工大学[公办],,化工与制药类,,,550,40256
0300,重庆理工大学[公办],,装甲车辆工程,,,552,38584
0300,重庆理工大学[公办],,生物医学工程,,,552,38584
0300,重庆理工大学[公办],,药学类,,,549,41073
0300,重庆理工大学[公办],,信息管理与信息系统,,,558,33822
0300,重庆理工大学[公办],,大数据管理与应用,,,559,33069
0300,重庆理工大学[公办],,工商管理类,,,552,38584
0300,重庆理工大学[公办],,会计学,,,563,30033
0300,重庆理工大学[公办],,审计学,,,562,30764
0300,重庆理工大学[公办],,公共管理类,,,543,46278
0300,重庆理工大学[公办],,工业工程,,,550,40256
0304,重庆人文科技学院[民办],,金融工程,,,460,139765
0304,重庆人文科技学院[民办],,新闻学,,,465,133566
0304,重庆人文科技学院[民办],,数学与应用数学,,,462,137255
0304,重庆人文科技学院[民办],,机械设计制造及其自动化,,,459,141008
0304,重庆人文科技学院[民办],,车辆工程,,,457,143500
0304,重庆人文科技学院[民办],,汽车服务工程,,,456,144801
0304,重庆人文科技学院[民办],,新能源科学与工程,,,458,142250
0304,重庆人文科技学院[民办],,电子信息工程,,,462,137255
0304,重庆人文科技学院[民办],,通信工程,,,459,141008
0304,重庆人文科技学院[民办],,计算机科学与技术,,,468,129759
0304,重庆人文科技学院[民办],,软件工程,,,465,133566
0304,重庆人文科技学院[民办],,信息安全,,,463,136058
0304,重庆人文科技学院[民办],,物联网工程,,,461,138513
0304,重庆人文科技学院[民办],,工程管理,,,457,143500
0305,重庆三峡学院[公办],,汉语言文学,,,535,53694
0305,重庆三峡学院[公办],,英语,,,524,64450
0305,重庆三峡学院[公办],,数学与应用数学,,,517,71732
0305,重庆三峡学院[公办],,物理学,,,514,74839
0305,重庆三峡学院[公办],,汽车服务工程,,,502,88336
0305,重庆三峡学院[公办],,电气工程及其自动化,,,521,67552
0305,重庆三峡学院[公办],,电子信息工程,,,521,67552
0305,重庆三峡学院[公办],,计算机科学与技术,,,528,60450
0305,重庆三峡学院[公办],,软件工程,,,533,55500
0305,重庆三峡学院[公办],,物联网工程,,,526,62390
0305,重庆三峡学院[公办],,化学工程与工艺,,,505,84880
0305,重庆三峡学院[公办],,植物生产类,,,499,91783
0305,重庆三峡学院[公办],,文化产业管理,,,506,83767
0305,重庆三峡学院[公办],,旅游管理类,,,504,86042
0307,重庆师范大学[公办],,经济学,,,555,36191
0307,重庆师范大学[公办],,金融工程,,,551,40256
0307,重庆师范大学[公办],,教育学类,,,555,36191
0307,重庆师范大学[公办],,新闻传播学类,,,558,33822
0307,重庆师范大学[公办],,历史学,,,563,30033
0307,重庆师范大学[公办],,数学与应用数学,,,562,30764
0307,重庆师范大学[公办],,物理学,,,559,33069
0307,重庆师范大学[公办],,化学,,,555,36191
0307,重庆师范大学[公办],,应用心理学,,,552,38584
0307,重庆师范大学[公办],,材料类,,,544,45381
0307,重庆师范大学[公办],,计算机类,,,559,33069
0307,重庆师范大学[公办],,数据科学与大数据技术,,,557,34586
0307,重庆师范大学[公办],,食品质量与安全,,,550,40256
0307,重庆师范大学[公办],,生物科学(中外合作办学),,,529,59504
0309,重庆外语外事学院[民办],,中国语言文学类,,,474,122219
0309,重庆外语外事学院[民办],,英语,,,478,117259
0309,重庆外语外事学院[民办],,俄语,,,460,139765
0309,重庆外语外事学院[民办],,德语,,,480,114796
0309,重庆外语外事学院[民办],,法语,,,460,139765
0309,重庆外语外事学院[民办],,西班牙语,,,470,127253
0309,重庆外语外事学院[民办],,阿拉伯语,,,454,147340
0309,重庆外语外事学院[民办],,日语,,,465,133566
0309,重庆外语外事学院[民办],,朝鲜语,,,461,138513
0309,重庆外语外事学院[民办],,泰语,,,452,149859
0309,重庆外语外事学院[民办],,意大利语,,,457,143500
0309,重庆外语外事学院[民办],,翻译,,,471,126020
0309,重庆外语外事学院[民办],,商务英语,,,475,120971
0309,重庆外语外事学院[民办],,新闻传播学类,,,483,111133
0310,重庆文理学院[公办],,法学,,,530,58518
0310,重庆文理学院[公办],,俄语,,,509,80441
0310,重庆文理学院[公办],,广播电视学,,,522,66475
0310,重庆文理学院[公办],,材料类,,,503,87191
0310,重庆文理学院[公办],,电气类,,,519,69642
0310,重庆文理学院[公办],,电子信息类,,,524,64450
0310,重庆文理学院[公办],,机器人工程,,,520,68611
0310,重庆文理学院[公办],,计算机类,,,524,64450
0310,重庆文理学院[公办],,数据科学与大数据技术,,,521,67552
0310,重庆文理学院[公办],,制药工程,,,519,69642
0310,重庆文理学院[公办],,环境科学与工程类,,,501,89173
0310,重庆文理学院[公办],,园林,,,508,81575
0310,重庆文理学院[公办],,工程造价,,,512,76936
0310,重庆文理学院[公办],,工程审计,,,512,76936
0310,重庆文理学院[公办],,工商管理类,,,517,71732
0310,重庆文理学院[公办],,物流工程,,,511,78116
0310,重庆文理学院[公办],,数学与应用数学(中外合作办学),,,479,116040
0312,重庆医科大学[公办],,生物信息学,,,562,30764
0312,重庆医科大学[公办],,应用统计学,,,568,26529
0312,重庆医科大学[公办],,医学信息工程,,,564,29282
0312,重庆医科大学[公办],,基础医学,,,573,23356
0312,重庆医科大学[公办],,临床医学(5+3一体化),,,621,4073
0312,重庆医科大学[公办],,临床医学,,,604,8390
0312,重庆医科大学[公办],,临床医学(检验医师培养试验班),,,597,10996
0312,重庆医科大学[公办],,麻醉学,,,597,10996
0312,重庆医科大学[公办],,眼视光医学,,,597,10996
0312,重庆医科大学[公办],,儿科学,,,589,14462
0312,重庆医科大学[公办],,口腔医学,,,613,5819
0312,重庆医科大学[公办],,预防医学,,,586,15960
0312,重庆医科大学[公办],,食品卫生与营养学,,,573,23356
0312,重庆医科大学[公办],,针灸推拿学,,,576,21536
0312,重庆医科大学[公办],,药物制剂,,,573,23356
0312,重庆医科大学[公办],,临床药学,,,570,25269
0312,重庆医科大学[公办],,医学实验技术,,,560,32247
0312,重庆医科大学[公办],,康复治疗学,,,570,25269
0312,重庆医科大学[公办],,卫生检验与检疫,,,562,30764
0312,重庆医科大学[公办],,护理学,,,561,31495
0312,重庆医科大学[公办],,临床医学(中外合作办学),,,577,20936
0314,重庆移通学院[民办],,电气类,,,463,136058
0314,重庆移通学院[民办],,电子信息类,,,462,137255
0314,重庆移通学院[民办],,自动化类,,,462,137255
0314,重庆移通学院[民办],,计算机科学与技术,,,467,130969
0314,重庆移通学院[民办],,软件工程,,,465,133566
0314,重庆移通学院[民办],,信息安全,,,463,136058
0314,重庆移通学院[民办],,物联网工程,,,464,134859
0314,重庆移通学院[民办],,数字媒体技术,,,465,133566
0314,重庆移通学院[民办],,数据科学与大数据技术,,,463,136058
0314,重庆移通学院[民办],,机械设计制造及其自动化(中外合作办学),,,445,158356
0314,重庆移通学院[民办],,电气工程及其自动化(中外合作办学),,,442,162050
0316,重庆邮电大学[公办],,经济学类(经济金融类),,,576,21536
0316,重庆邮电大学[公办],,数学类(数学与信息科学类),,,578,20380
0316,重庆邮电大学[公办],,机械类(智能制造与机器人类),,,580,19205
0316,重庆邮电大学[公办],,电子信息类(通信与信息类),,,586,15960
0316,重庆邮电大学[公办],,电子信息类(集成电路与电子工程类),,,584,17032
0316,重庆邮电大学[公办],,医学信息工程,,,563,30033
0316,重庆邮电大学[公办],,自动化类(自动化与电气工程类),,,584,17032
0316,重庆邮电大学[公办],,邮政工程,,,575,22143
0316,重庆邮电大学[公办],,计算机类(计算机与智能科学类),,,591,13583
0316,重庆邮电大学[公办],,计算机类(网络安全类),,,589,14462
0316,重庆邮电大学[公办],,软件工程,,,585,16469
0316,重庆邮电大学[公办],,数字媒体技术,,,589,14462
0316,重庆邮电大学[公办],,生物医学工程,,,555,36191
0316,重庆邮电大学[公办],,信息管理与信息系统,,,581,18643
0316,重庆邮电大学[公办],,大数据管理与应用,,,583,17536
0316,重庆邮电大学[公办],,工商管理类,,,576,21536
0316,重庆邮电大学[公办],,电子商务类,,,578,20380
0316,重庆邮电大学[公办],,通信工程(中外合作办学),,,558,33822
0316,重庆邮电大学[公办],,软件工程(中外合作办学),,,553,37725
0321,楚雄师范学院[公办],,数学与应用数学,,,479,116040
0321,楚雄师范学院[公办],,计算机科学与技术,,,485,108714
0321,楚雄师范学院[公办],,数字媒体技术,,,484,109959
0323,川北医学院(南充市)[公办],,临床医学,,,544,45381
0323,川北医学院(南充市)[公办],,预防医学,,,521,67552
0325,大理大学[公办],,小学教育,,,516,72762
0325,大理大学[公办],,数学与应用数学,,,517,71732
0325,大理大学[公办],,电气工程及其自动化,,,525,63402
0325,大理大学[公办],,食品质量与安全,,,510,79317
0325,大理大学[公办],,建筑学,,,513,75878
0325,大理大学[公办],,园艺,,,508,81575
0325,大理大学[公办],,动物科学,,,500,90630
0325,大理大学[公办],,临床医学,,,536,52757
0325,大理大学[公办],,医学影像学,,,526,62390
0325,大理大学[公办],,眼视光医学,,,530,58518
0325,大理大学[公办],,儿科学,,,516,72762
0325,大理大学[公办],,口腔医学,,,541,48106
0325,大理大学[公办],,预防医学,,,515,73836
0325,大理大学[公办],,康复治疗学,,,502,88336
0325,大理大学[公办],,护理学,,,505,84880
0325,大理大学[公办],,工商管理类,,,506,83767
0326,大连财经学院[民办],,数字经济,,,444,159559
0326,大连财经学院[民办],,财政学,,,494,97686
0326,大连财经学院[民办],,税收学,,,461,138513
0326,大连财经学院[民办],,金融学,,,474,122219
0326,大连财经学院[民办],,互联网金融,,,453,148600
0326,大连财经学院[民办],,国际经济与贸易,,,448,154772
0326,大连财经学院[民办],,法学,,,480,114796
0326,大连财经学院[民办],,汉语言,,,456,144801
0326,大连财经学院[民办],,大数据管理与应用,,,458,142250
0326,大连财经学院[民办],,会计学,,,480,114796
0326,大连财经学院[民办],,财务管理,,,479,116040
0326,大连财经学院[民办],,审计学,,,474,122219
0326,大连财经学院[民办],,资产评估,,,454,147340
0326,大连财经学院[民办],,跨境电子商务,,,472,124770
0327,大连大学[公办],,法学,,,558,33822
0327,大连大学[公办],,汉语言文学,,,550,40256
0327,大连大学[公办],,日语,,,539,49949
0327,大连大学[公办],,翻译,,,548,41891
0327,大连大学[公办],,车辆工程,,,546,43628
0327,大连大学[公办],,土木工程,,,532,56540
0327,大连大学[公办],,生物工程,,,533,55500
0327,大连大学[公办],,园艺,,,528,60450
0327,大连大学[公办],,临床医学(中山临床学院),,,552,38584
0327,大连大学[公办],,临床医学(新华临床学院),,,551,40256
0327,大连大学[公办],,中药学,,,524,64450
0327,大连大学[公办],,工商管理类,,,541,48106
0327,大连大学[公办],,旅游管理,,,516,72762
0327,大连大学[公办],,酒店管理,,,515,73836
0327,大连大学[公办],,会计学(中外合作办学),,,510,79317
0327,大连大学[公办],,旅游管理(中外合作办学),,,481,113547
0329,大连东软信息学院[民办],,日语,,,433,173411
0329,大连东软信息学院[民办],,商务英语,,,446,157125
0329,大连东软信息学院[民办],,电子信息工程,,,452,149859
0329,大连东软信息学院[民办],,通信工程,,,450,152346
0329,大连东软信息学院[民办],,微电子科学与工程,,,443,160819
0329,大连东软信息学院[民办],,集成电路设计与集成系统,,,441,163301
0329,大连东软信息学院[民办],,医学信息工程,,,437,168382
0329,大连东软信息学院[民办],,人工智能,,,453,148600
0329,大连东软信息学院[民办],,机器人工程,,,445,158356
0329,大连东软信息学院[民办],,计算机科学与技术,,,464,134859
0329,大连东软信息学院[民办],,软件工程,,,463,136058
0329,大连东软信息学院[民办],,网络工程,,,455,146091
0329,大连东软信息学院[民办],,物联网工程,,,456,144801
0329,大连东软信息学院[民办],,数字媒体技术,,,454,147340
0329,大连东软信息学院[民办],,智能科学与技术,,,443,160819
0329,大连东软信息学院[民办],,数据科学与大数据技术,,,460,139765
0329,大连东软信息学院[民办],,医学影像技术,,,453,148600
0329,大连东软信息学院[民办],,智能医学工程,,,439,165845
0329,大连东软信息学院[民办],,信息管理与信息系统,,,440,164582
0329,大连东软信息学院[民办],,大数据管理与应用,,,448,154772
0329,大连东软信息学院[民办],,财务管理,,,449,153606
0329,大连东软信息学院[民办],,健康服务与管理,,,435,170844
0329,大连东软信息学院[民办],,医疗产品管理,,,433,173411
0329,大连东软信息学院[民办],,供应链管理,,,440,164582
0329,大连东软信息学院[民办],,电子商务,,,442,162050
0331,大连工业大学[公办],,日语,,,539,49949
0331,大连工业大学[公办],,应用化学,,,540,49002
0331,大连工业大学[公办],,生物技术,,,545,44494
0331,大连工业大学[公办],,机械类,,,551,40256
0331,大连工业大学[公办],,智能制造工程,,,550,40256
0331,大连工业大学[公办],,高分子材料与工程,,,545,44494
0331,大连工业大学[公办],,光源与照明,,,546,43628
0331,大连工业大学[公办],,电子信息工程,,,560,32247
0331,大连工业大学[公办],,通信工程,,,561,31495
0331,大连工业大学[公办],,自动化,,,556,35406
0331,大连工业大学[公办],,计算机科学与技术,,,561,31495
0331,大连工业大学[公办],,计算机科学与技术(本科学术互认课程项目),,,547,42788
0331,大连工业大学[公办],,数字媒体技术,,,556,35406
0331,大连工业大学[公办],,纺织工程,,,515,73836
0331,大连工业大学[公办],,服装设计与工程,,,518,70669
0331,大连工业大学[公办],,轻化工程,,,528,60450
0331,大连工业大学[公办],,化妆品技术与工程,,,524,64450
0331,大连工业大学[公办],,生物质能源与材料,,,547,42788
0331,大连工业大学[公办],,环境工程,,,542,47194
0331,大连工业大学[公办],,食品科学与工程,,,532,56540
0331,大连工业大学[公办],,食品质量与安全,,,538,50883
0331,大连工业大学[公办],,食品营养与健康,,,515,73836
0331,大连工业大学[公办],,风景园林,,,539,49949
0331,大连工业大学[公办],,生物工程,,,542,47194
0331,大连工业大学[公办],,生物制药,,,531,57544
0331,大连工业大学[公办],,大数据管理与应用,,,554,36948
0331,大连工业大学[公办],,机械电子工程(中外合作办学),,,519,69642
0332,大连工业大学艺术与信息工程学院[独立学院],,国际经济与贸易,,,438,167058
0332,大连工业大学艺术与信息工程学院[独立学院],,英语,,,453,148600
0332,大连工业大学艺术与信息工程学院[独立学院],,日语,,,438,167058
0332,大连工业大学艺术与信息工程学院[独立学院],,网络与新媒体,,,454,147340
0332,大连工业大学艺术与信息工程学院[独立学院],,机械工程,,,441,163301
0332,大连工业大学艺术与信息工程学院[独立学院],,材料成型及控制工程,,,437,168382
0332,大连工业大学艺术与信息工程学院[独立学院],,工业设计,,,442,162050
0332,大连工业大学艺术与信息工程学院[独立学院],,自动化,,,447,155919
0332,大连工业大学艺术与信息工程学院[独立学院],,计算机科学与技术,,,445,158356
0332,大连工业大学艺术与信息工程学院[独立学院],,工商管理,,,439,165845
0332,大连工业大学艺术与信息工程学院[独立学院],,电子商务,,,439,165845
0333,大连海事大学[公办],,法学,,,599,10212
0333,大连海事大学[公办],,机械类,,,584,17032
0333,大连海事大学[公办],,电子信息类,,,592,13125
0333,大连海事大学[公办],,自动化类,,,589,14462
0333,大连海事大学[公办],,计算机类,,,594,12236
0333,大连海事大学[公办],,交通运输类,,,584,17032
0333,大连海事大学[公办],,管理科学与工程类,,,584,17032
0333,大连海事大学[公办],,海事管理,,,582,18065
0333,大连海事大学[公办],,供应链管理,,,580,19205
0333,大连海事大学[公办],,电子商务,,,581,18643
0333,大连海事大学[公办],,机械设计制造及其自动化(中外合作办学),,,561,31495
0333,大连海事大学[公办],,电子信息工程(中外合作办学),,,570,25269
0333,大连海事大学[公办],,土木工程(中外合作办学),,,548,41891
0335,大连海洋大学[公办],,经济与金融,,,538,50883
0335,大连海洋大学[公办],,法学,,,544,45381
0335,大连海洋大学[公办],,英语,,,539,49949
0335,大连海洋大学[公办],,日语,,,526,62390
0335,大连海洋大学[公办],,信息与计算科学,,,539,49949
0335,大连海洋大学[公办],,生物科学,,,528,60450
0335,大连海洋大学[公办],,机械设计制造及其自动化,,,535,53694
0335,大连海洋大学[公办],,电子信息工程,,,539,49949
0335,大连海洋大学[公办],,数据科学与大数据技术,,,541,48106
0335,大连海洋大学[公办],,给排水科学与工程,,,521,67552
0335,大连海洋大学[公办],,港口航道与海岸工程,,,524,64450
0335,大连海洋大学[公办],,船舶与海洋工程,,,527,61435
0335,大连海洋大学[公办],,环境工程,,,524,64450
0335,大连海洋大学[公办],,食品科学与工程,,,523,65475
0335,大连海洋大学[公办],,水产养殖学,,,510,79317
0335,大连海洋大学[公办],,海洋渔业科学与技术,,,512,76936
0338,大连交通大学[公办],,英语,,,562,30764
0338,大连交通大学[公办],,日语,,,538,50883
0338,大连交通大学[公办],,数学与应用数学,,,563,30033
0338,大连交通大学[公办],,机械工程,,,563,30033
0338,大连交通大学[公办],,机械工程,,,561,31495
0338,大连交通大学[公办],,材料成型及控制工程,,,557,34586
0338,大连交通大学[公办],,材料成型及控制工程,,,547,42788
0338,大连交通大学[公办],,机械电子工程,,,564,29282
0338,大连交通大学[公办],,车辆工程,,,563,30033
0338,大连交通大学[公办],,测控技术与仪器,,,560,32247
0338,大连交通大学[公办],,测控技术与仪器,,,552,38584
0338,大连交通大学[公办],,材料科学与工程,,,551,40256
0338,大连交通大学[公办],,焊接技术与工程,,,547,42788
0338,大连交通大学[公办],,电气工程及其自动化,,,568,26529
0338,大连交通大学[公办],,电子科学与技术,,,565,28568
0338,大连交通大学[公办],,轨道交通信号与控制,,,572,23984
0338,大连交通大学[公办],,计算机科学与技术,,,571,24634
0338,大连交通大学[公办],,软件工程,,,565,28568
0338,大连交通大学[公办],,土木工程,,,558,33822
0338,大连交通大学[公办],,土木工程,,,550,40256
0338,大连交通大学[公办],,交通运输,,,570,25269
0338,大连交通大学[公办],,交通工程,,,559,33069
0338,大连交通大学[公办],,交通设备与控制工程,,,564,29282
0338,大连交通大学[公办],,信息管理与信息系统,,,558,33822
0338,大连交通大学[公办],,会计学,,,572,23984
0338,大连交通大学[公办],,物流管理,,,557,34586
0338,大连交通大学[公办],,机械工程(中外合作办学),,,523,65475
0338,大连交通大学[公办],,机械工程(中外合作办学),,,519,69642
0338,大连交通大学[公办],,车辆工程(中外合作办学),,,519,69642
0338,大连交通大学[公办],,土木工程(中外合作办学),,,516,72762
0338,大连交通大学[公办],,土木工程(中外合作办学),,,511,78116
0338,大连交通大学[公办],,会计学(中外合作办学),,,524,64450
0340,大连科技学院[民办],,机械设计制造及其自动化,,,441,163301
0340,大连科技学院[民办],,电气工程及其自动化,,,443,160819
0340,大连科技学院[民办],,通信工程,,,440,164582
0340,大连科技学院[民办],,计算机科学与技术,,,444,159559
0340,大连科技学院[民办],,软件工程,,,440,164582
0340,大连科技学院[民办],,数据科学与大数据技术,,,447,155919
0341,大连理工大学[公办],,数学类(数学类及华罗庚数学基础科学拔尖计划班),,,617,4895
0341,大连理工大学[公办],,应用物理学(王大珩物理基础科学拔尖计划班),,,614,5569
0341,大连理工大学[公办],,应用化学(理学、张大煜化学基础科学拔尖计划班),,,615,5323
0341,大连理工大学[公办],,工程力学,,,617,4895
0341,大连理工大学[公办],,工程力学(钱令希力学创新班、拔尖计划班),,,621,4073
0341,大连理工大学[公办],,机械类,,,616,5107
0341,大连理工大学[公办],,机械设计制造及其自动化(日语强化),,,612,6049
0341,大连理工大学[公办],,机械设计制造及其自动化(创新班),,,622,3900
0341,大连理工大学[公办],,过程装备与控制工程,,,609,6887
0341,大连理工大学[公办],,车辆工程(英语强化),,,614,5569
0341,大连理工大学[公办],,材料类,,,606,7785
0341,大连理工大学[公办],,能源与动力工程,,,613,5819
0341,大连理工大学[公办],,电子信息类(电信、自动化与计算机新工科实验班),,,621,4073
0341,大连理工大学[公办],,电子信息类(创新班),,,627,3008
0341,大连理工大学[公办],,电子科学与技术,,,620,4276
0341,大连理工大学[公办],,光电信息科学与工程,,,618,4687
0341,大连理工大学[公办],,计算机科学与技术(国家基础学科拔尖学生培养计划基地班),,,628,2846
0341,大连理工大学[公办],,软件工程,,,615,5323
0341,大连理工大学[公办],,土木类(土木类新工科实验班),,,604,8390
0341,大连理工大学[公办],,土木类(智慧基础设施与土木类创新班),,,605,8076
0341,大连理工大学[公办],,化工与制药类(智能化工、新材料与安全新工科实验班),,,606,7785
0341,大连理工大学[公办],,化工与制药类(创新班),,,615,5323
0341,大连理工大学[公办],,建筑类,,,610,6588
0341,大连理工大学[公办],,工商管理类(经济管理实验班),,,608,7171
0341,大连理工大学[公办],,应用物理学(中外合作办学),,,586,15960
0341,大连理工大学[公办],,工程力学(中外合作办学),,,589,14462
0341,大连理工大学[公办],,机械设计制造及其自动化(中外合作办学),,,591,13583
0341,大连理工大学[公办],,计算机类(中外合作办学),,,599,10212
0342,大连理工大学城市学院[独立学院],,英语,,,465,133566
0342,大连理工大学城市学院[独立学院],,日语,,,454,147340
0342,大连理工大学城市学院[独立学院],,广播电视学,,,462,137255
0342,大连理工大学城市学院[独立学院],,网络与新媒体,,,471,126020
0342,大连理工大学城市学院[独立学院],,电气工程及其自动化,,,463,136058
0342,大连理工大学城市学院[独立学院],,电子信息工程,,,457,143500
0342,大连理工大学城市学院[独立学院],,通信工程,,,461,138513
0342,大连理工大学城市学院[独立学院],,自动化,,,456,144801
0342,大连理工大学城市学院[独立学院],,计算机科学与技术,,,461,138513
0342,大连理工大学城市学院[独立学院],,软件工程,,,461,138513
0342,大连理工大学城市学院[独立学院],,网络工程,,,458,142250
0342,大连理工大学城市学院[独立学院],,物联网工程,,,459,141008
0342,大连理工大学城市学院[独立学院],,数字媒体技术,,,465,133566
0342,大连理工大学城市学院[独立学院],,数据科学与大数据技术,,,459,141008
0342,大连理工大学城市学院[独立学院],,虚拟现实技术,,,460,139765
0342,大连理工大学城市学院[独立学院],,土木工程,,,456,144801
0342,大连理工大学城市学院[独立学院],,测绘工程,,,453,148600
0342,大连理工大学城市学院[独立学院],,地理空间信息工程,,,453,148600
0342,大连理工大学城市学院[独立学院],,建筑学,,,468,129759
0342,大连理工大学城市学院[独立学院],,风景园林,,,461,138513
0342,大连理工大学城市学院[独立学院],,信息管理与信息系统,,,456,144801
0342,大连理工大学城市学院[独立学院],,工程管理,,,457,143500
0342,大连理工大学城市学院[独立学院],,工程造价,,,459,141008
0342,大连理工大学城市学院[独立学院],,大数据管理与应用,,,460,139765
0342,大连理工大学城市学院[独立学院],,工商管理,,,461,138513
0342,大连理工大学城市学院[独立学院],,市场营销,,,456,144801
0342,大连理工大学城市学院[独立学院],,公共事业管理,,,490,102500
0342,大连理工大学城市学院[独立学院],,物流管理,,,452,149859
0344,大连理工大学(盘锦校区)[公办],,经济学类(经济与商务实验班),,,601,9445
0344,大连理工大学(盘锦校区)[公办],,海洋技术,,,592,13125
0344,大连理工大学(盘锦校区)[公办],,生物科学类,,,594,12236
0344,大连理工大学(盘锦校区)[公办],,能源化学工程(能源、资源与生物化工新工科实验班),,,595,11821
0344,大连理工大学(盘锦校区)[公办],,环境生态工程(生态与食品工科实验班),,,588,14950
0344,大连理工大学(盘锦校区)[公办],,药学,,,592,13125
0344,大连理工大学(盘锦校区)[公办],,数理基础科学(中外合作办学),,,577,20936
0344,大连理工大学(盘锦校区)[公办],,应用化学(中外合作办学)(理学),,,575,22143
0344,大连理工大学(盘锦校区)[公办],,过程装备与控制工程(中外合作办学),,,572,23984
0346,大连民族大学[公办],,经济学,,,541,48106
0346,大连民族大学[公办],,国际经济与贸易,,,537,51825
0346,大连民族大学[公办],,英语,,,557,34586
0346,大连民族大学[公办],,日语,,,536,52757
0346,大连民族大学[公办],,数学与应用数学,,,541,48106
0346,大连民族大学[公办],,信息与计算科学,,,542,47194
0346,大连民族大学[公办],,应用化学,,,510,79317
0346,大连民族大学[公办],,生物技术,,,517,71732
0346,大连民族大学[公办],,统计学,,,546,43628
0346,大连民族大学[公办],,机械设计制造及其自动化,,,532,56540
0346,大连民族大学[公办],,工业设计,,,545,44494
0346,大连民族大学[公办],,车辆工程,,,534,54574
0346,大连民族大学[公办],,智能制造工程,,,531,57544
0346,大连民族大学[公办],,测控技术与仪器,,,523,65475
0346,大连民族大学[公办],,功能材料,,,506,83767
0346,大连民族大学[公办],,电子信息工程,,,550,40256
0346,大连民族大学[公办],,通信工程,,,550,40256
0346,大连民族大学[公办],,光电信息科学与工程,,,526,62390
0346,大连民族大学[公办],,人工智能,,,544,45381
0346,大连民族大学[公办],,自动化,,,537,51825
0346,大连民族大学[公办],,机器人工程,,,527,61435
0346,大连民族大学[公办],,计算机科学与技术,,,554,36948
0346,大连民族大学[公办],,软件工程,,,552,38584
0346,大连民族大学[公办],,网络工程,,,549,41073
0346,大连民族大学[公办],,物联网工程,,,542,47194
0346,大连民族大学[公办],,区块链工程,,,542,47194
0346,大连民族大学[公办],,土木工程,,,516,72762
0346,大连民族大学[公办],,建筑环境与能源应用工程,,,530,58518
0346,大连民族大学[公办],,化学工程与工艺,,,514,74839
0346,大连民族大学[公办],,制药工程,,,519,69642
0346,大连民族大学[公办],,环境工程,,,510,79317
0346,大连民族大学[公办],,环境科学,,,520,68611
0346,大连民族大学[公办],,食品科学与工程,,,522,66475
0346,大连民族大学[公办],,食品质量与安全,,,525,63402
0346,大连民族大学[公办],,建筑学,,,530,58518
0346,大连民族大学[公办],,生物工程,,,531,57544
0346,大连民族大学[公办],,经济林,,,483,111133
0346,大连民族大学[公办],,工程管理,,,515,73836
0346,大连民族大学[公办],,市场营销,,,497,94131
0346,大连民族大学[公办],,会计学,,,550,40256
0346,大连民族大学[公办],,财务管理,,,545,44494
0350,大连外国语大学[公办],,英语,,,584,17032
0350,大连外国语大学[公办],,法语,,,571,24634
0350,大连外国语大学[公办],,日语,,,571,24634
0351,大连医科大学[公办],,临床医学(5+3一体化),,,617,4895
0351,大连医科大学[公办],,临床医学(5+3一体化，儿科学),,,602,9065
0351,大连医科大学[公办],,临床医学,,,598,10589
0351,大连医科大学[公办],,麻醉学,,,588,14950
0351,大连医科大学[公办],,口腔医学,,,600,9823
0351,大连医科大学[公办],,预防医学,,,579,19795
0351,大连医科大学[公办],,临床药学,,,580,19205
0351,大连医科大学[公办],,医学检验技术,,,579,19795
0353,大连医科大学中山学院[独立学院],,计算机科学与技术,,,459,141008
0353,大连医科大学中山学院[独立学院],,临床医学,,,494,97686
0353,大连医科大学中山学院[独立学院],,口腔医学,,,500,90630
0353,大连医科大学中山学院[独立学院],,针灸推拿学,,,484,109959
0353,大连医科大学中山学院[独立学院],,药事管理,,,465,133566
0353,大连医科大学中山学院[独立学院],,中药学,,,459,141008
0353,大连医科大学中山学院[独立学院],,医学影像技术,,,475,120971
0353,大连医科大学中山学院[独立学院],,康复治疗学,,,475,120971
0353,大连医科大学中山学院[独立学院],,康复物理治疗,,,449,153606
0353,大连医科大学中山学院[独立学院],,智能医学工程,,,464,134859
0353,大连医科大学中山学院[独立学院],,护理学,,,468,129759
0353,大连医科大学中山学院[独立学院],,助产学,,,466,132235
0354,大连艺术学院[民办],,电子商务,,,430,177075
0354,大连艺术学院[民办],,跨境电子商务,,,431,175849
0367,德州学院[公办],,制药工程,,,494,97686
0369,滇西科技师范学院[公办],,机器人工程,,,477,118522
0370,滇西应用技术大学[公办],,计算机科学与技术,,,507,82620
0370,滇西应用技术大学[公办],,土木工程,,,488,104962
0370,滇西应用技术大学[公办],,给排水科学与工程,,,489,103748
0370,滇西应用技术大学[公办],,测绘工程,,,484,109959
0370,滇西应用技术大学[公办],,地理空间信息工程,,,488,104962
0370,滇西应用技术大学[公办],,城乡规划,,,487,106171
0370,滇西应用技术大学[公办],,风景园林,,,488,104962
0370,滇西应用技术大学[公办],,护理学,,,479,116040
0370,滇西应用技术大学[公办],,会计学,,,489,103748
0370,滇西应用技术大学[公办],,健康服务与管理,,,493,98867
0370,滇西应用技术大学[公办],,跨境电子商务,,,478,117259
0370,滇西应用技术大学[公办],,酒店管理,,,483,111133
0371,电子科技大学(成都市)[公办],,工科试验班(电子工程类),,,632,2283
0371,电子科技大学(成都市)[公办],,工科试验班(机器人、电气信息、智能制造),,,627,3008
0371,电子科技大学(成都市)[公办],,工科试验班(智能仪器、智能控制),,,625,3338
0371,电子科技大学(成都市)[公办],,电子信息类(成电英才计划拔尖创新人才实验班),,,645,1016
0371,电子科技大学(成都市)[公办],,电子信息类(信息与通信),,,634,2024
0371,电子科技大学(成都市)[公办],,电子信息类(光电集成与光网络),,,629,2693
0371,电子科技大学(成都市)[公办],,电子信息类(电子信息与物理科学复合培养),,,627,3008
0371,电子科技大学(成都市)[公办],,计算机类,,,637,1689
0371,电子科技大学(成都市)[公办],,计算机科学与技术(智能金融与区块链金融双A联合学位实验班),,,642,1242
0372,电子科技大学成都学院[独立学院],,电气工程及其自动化,,,499,91783
0372,电子科技大学成都学院[独立学院],,电子信息工程,,,499,91783
0372,电子科技大学成都学院[独立学院],,通信工程,,,495,96518
0372,电子科技大学成都学院[独立学院],,计算机科学与技术,,,510,79317
0372,电子科技大学成都学院[独立学院],,软件工程,,,498,92962
0372,电子科技大学成都学院[独立学院],,智能科学与技术,,,495,96518
0372,电子科技大学成都学院[独立学院],,数据科学与大数据技术,,,508,81575
0372,电子科技大学成都学院[独立学院],,飞行器动力工程,,,487,106171
0374,电子科技大学(沙河校区)(成都市)[公办],,集成电路设计与集成系统(国家示范性微电子学院),,,627,3008
0374,电子科技大学(沙河校区)(成都市)[公办],,软件工程(国家示范性软件学院),,,625,3338
0374,电子科技大学(沙河校区)(成都市)[公办],,软件工程(工业软件),,,627,3008
0374,电子科技大学(沙河校区)(成都市)[公办],,临床医学,,,606,7785
0374,电子科技大学(沙河校区)(成都市)[公办],,护理学,,,571,24634
0374,电子科技大学(沙河校区)(成都市)[公办],,电子信息类(中外合作办学)(电子信息),,,607,7470
0374,电子科技大学(沙河校区)(成都市)[公办],,电子信息类(中外合作办学)(通信、微电子),,,603,8730
0374,电子科技大学(沙河校区)(成都市)[公办],,电子信息类(中外合作办学)(海南陵水国际教育创新区),,,595,11821
0375,东北财经大学(大连市)[公办],,经济学,,,598,10589
0375,东北财经大学(大连市)[公办],,经济统计学,,,597,10996
0375,东北财经大学(大连市)[公办],,财政学类,,,601,9445
0375,东北财经大学(大连市)[公办],,金融学类,,,600,9823
0375,东北财经大学(大连市)[公办],,金融数学,,,596,11399
0375,东北财经大学(大连市)[公办],,金融科技,,,592,13125
0375,东北财经大学(大连市)[公办],,商务英语,,,581,18643
0375,东北财经大学(大连市)[公办],,统计学,,,594,12236
0375,东北财经大学(大连市)[公办],,计算机科学与技术,,,593,12676
0375,东北财经大学(大连市)[公办],,数据科学与大数据技术,,,591,13583
0375,东北财经大学(大连市)[公办],,管理科学与工程类,,,582,18065
0375,东北财经大学(大连市)[公办],,管理科学与工程类,,,583,17536
0375,东北财经大学(大连市)[公办],,工商管理类,,,599,10212
0375,东北财经大学(大连市)[公办],,会计学(注册会计师方向),,,601,9445
0375,东北财经大学(大连市)[公办],,会计学(国际会计方向),,,599,10212
0375,东北财经大学(大连市)[公办],,公共管理类,,,570,25269
0375,东北财经大学(大连市)[公办],,物流管理,,,569,25895
0375,东北财经大学(大连市)[公办],,经济学(中外合作办学)(与加拿大西安大略大学国王大学学院合作办学),,,565,28568
0375,东北财经大学(大连市)[公办],,金融学(中外合作办学)(与英国奥斯特大学合作办学),,,565,28568
0375,东北财经大学(大连市)[公办],,工商管理(中外合作办学)(与英国萨里大学合作办学),,,546,43628
0375,东北财经大学(大连市)[公办],,会计学(中外合作办学)(与英国奥斯特大学合作办学),,,566,27894
0375,东北财经大学(大连市)[公办],,会计学(中外合作办学)(与澳大利亚科廷大学合作办学),,,563,30033
0375,东北财经大学(大连市)[公办],,财务管理(中外合作办学)(与英国萨里大学合作办学),,,557,34586
0375,东北财经大学(大连市)[公办],,旅游管理(中外合作办学)(与英国萨里大学合作办学),,,503,87191
0377,东北大学秦皇岛分校[公办],,经济学类,,,597,10996
0377,东北大学秦皇岛分校[公办],,外国语言文学类,,,598,10589
0377,东北大学秦皇岛分校[公办],,数学类,,,598,10589
0377,东北大学秦皇岛分校[公办],,机械类,,,597,10996
0377,东北大学秦皇岛分校[公办],,仪器类(智能光电感知),,,595,11821
0377,东北大学秦皇岛分校[公办],,材料类,,,588,14950
0377,东北大学秦皇岛分校[公办],,电子信息类,,,600,9823
0377,东北大学秦皇岛分校[公办],,自动化类,,,601,9445
0377,东北大学秦皇岛分校[公办],,计算机类,,,606,7785
0377,东北大学秦皇岛分校[公办],,工商管理类,,,589,14462
0377,东北大学秦皇岛分校[公办],,应用统计学(中外合作办学),,,574,22729
0377,东北大学秦皇岛分校[公办],,通信工程(中外合作办学),,,575,22143
0377,东北大学秦皇岛分校[公办],,计算机科学与技术(中外合作办学),,,580,19205
0378,东北大学(沈阳市)[公办],,经济管理试验班,,,601,9445
0378,东北大学(沈阳市)[公办],,工科试验班,,,602,9065
0378,东北大学(沈阳市)[公办],,数学类,,,607,7470
0378,东北大学(沈阳市)[公办],,应用物理学,,,605,8076
0378,东北大学(沈阳市)[公办],,化学类,,,602,9065
0378,东北大学(沈阳市)[公办],,机械类,,,603,8730
0378,东北大学(沈阳市)[公办],,智能制造工程,,,606,7785
0378,东北大学(沈阳市)[公办],,材料类,,,598,10589
0378,东北大学(沈阳市)[公办],,电子信息类,,,612,6049
0378,东北大学(沈阳市)[公办],,人工智能,,,610,6588
0378,东北大学(沈阳市)[公办],,自动化类,,,610,6588
0378,东北大学(沈阳市)[公办],,机器人工程,,,610,6588
0378,东北大学(沈阳市)[公办],,计算机类,,,614,5569
0378,东北大学(沈阳市)[公办],,计算机类,,,612,6049
0378,东北大学(沈阳市)[公办],,建筑类,,,602,9065
0378,东北大学(沈阳市)[公办],,生物工程类,,,599,10212
0380,东北大学(沈阳市)(中外合作办学)[公办],,材料科学与工程(中外合作办学),,,557,34586
0380,东北大学(沈阳市)(中外合作办学)[公办],,生物医学工程(中外合作办学),,,553,37725
0381,东北电力大学(吉林市)[公办],,金融工程,,,564,29282
0381,东北电力大学(吉林市)[公办],,信息与计算科学,,,574,22729
0381,东北电力大学(吉林市)[公办],,应用化学,,,548,41891
0381,东北电力大学(吉林市)[公办],,统计学,,,552,38584
0381,东北电力大学(吉林市)[公办],,机械设计制造及其自动化,,,568,26529
0381,东北电力大学(吉林市)[公办],,材料成型及控制工程,,,554,36948
0381,东北电力大学(吉林市)[公办],,机械电子工程,,,556,35406
0381,东北电力大学(吉林市)[公办],,测控技术与仪器,,,556,35406
0381,东北电力大学(吉林市)[公办],,新能源材料与器件,,,567,27220
0381,东北电力大学(吉林市)[公办],,能源与动力工程,,,569,25895
0381,东北电力大学(吉林市)[公办],,新能源科学与工程,,,568,26529
0381,东北电力大学(吉林市)[公办],,储能科学与工程,,,558,33822
0381,东北电力大学(吉林市)[公办],,电气工程及其自动化,,,588,14950
0381,东北电力大学(吉林市)[公办],,智能电网信息工程,,,585,16469
0381,东北电力大学(吉林市)[公办],,电子信息工程,,,584,17032
0381,东北电力大学(吉林市)[公办],,通信工程,,,584,17032
0381,东北电力大学(吉林市)[公办],,自动化,,,568,26529
0381,东北电力大学(吉林市)[公办],,机器人工程,,,563,30033
0381,东北电力大学(吉林市)[公办],,计算机科学与技术,,,575,22143
0381,东北电力大学(吉林市)[公办],,软件工程,,,576,21536
0381,东北电力大学(吉林市)[公办],,智能科学与技术,,,572,23984
0381,东北电力大学(吉林市)[公办],,土木工程,,,552,38584
0381,东北电力大学(吉林市)[公办],,建筑环境与能源应用工程,,,569,25895
0381,东北电力大学(吉林市)[公办],,给排水科学与工程,,,552,38584
0381,东北电力大学(吉林市)[公办],,能源化学工程,,,553,37725
0381,东北电力大学(吉林市)[公办],,化学工程与工业生物工程,,,543,46278
0381,东北电力大学(吉林市)[公办],,核工程与核技术,,,561,31495
0381,东北电力大学(吉林市)[公办],,环境工程,,,543,46278
0381,东北电力大学(吉林市)[公办],,信息管理与信息系统,,,558,33822
0381,东北电力大学(吉林市)[公办],,工程管理,,,550,40256
0381,东北电力大学(吉林市)[公办],,会计学,,,574,22729
0381,东北电力大学(吉林市)[公办],,广播电视编导,,,530,58518
0381,东北电力大学(吉林市)[公办],,电气工程及其自动化(中外合作办学),,,559,33069
0381,东北电力大学(吉林市)[公办],,土木工程(中外合作办学),,,520,68611
0383,东北林业大学(哈尔滨市)[公办],,经济学类,,,578,20380
0383,东北林业大学(哈尔滨市)[公办],,英语,,,578,20380
0383,东北林业大学(哈尔滨市)[公办],,日语,,,568,26529
0383,东北林业大学(哈尔滨市)[公办],,数学与应用数学,,,578,20380
0383,东北林业大学(哈尔滨市)[公办],,信息与计算科学,,,579,19795
0383,东北林业大学(哈尔滨市)[公办],,物理学,,,574,22729
0383,东北林业大学(哈尔滨市)[公办],,化学类,,,567,27220
0383,东北林业大学(哈尔滨市)[公办],,地理信息科学,,,571,24634
0383,东北林业大学(哈尔滨市)[公办],,生物科学类,,,571,24634
0383,东北林业大学(哈尔滨市)[公办],,生物科学(拔尖人才成栋班),,,577,20936
0383,东北林业大学(哈尔滨市)[公办],,生态学,,,566,27894
0383,东北林业大学(哈尔滨市)[公办],,机械类(机电),,,576,21536
0383,东北林业大学(哈尔滨市)[公办],,机械类(车辆),,,573,23356
0383,东北林业大学(哈尔滨市)[公办],,工业设计,,,572,23984
0383,东北林业大学(哈尔滨市)[公办],,材料类,,,565,28568
0383,东北林业大学(哈尔滨市)[公办],,电气类,,,581,18643
0383,东北林业大学(哈尔滨市)[公办],,电子信息类,,,583,17536
0383,东北林业大学(哈尔滨市)[公办],,机器人工程,,,580,19205
0383,东北林业大学(哈尔滨市)[公办],,计算机类,,,584,17032
0383,东北林业大学(哈尔滨市)[公办],,土木工程,,,567,27220
0383,东北林业大学(哈尔滨市)[公办],,建筑环境与能源应用工程,,,571,24634
0383,东北林业大学(哈尔滨市)[公办],,化学工程与工艺,,,569,25895
0383,东北林业大学(哈尔滨市)[公办],,交通运输类,,,572,23984
0383,东北林业大学(哈尔滨市)[公办],,林业工程类(成栋班),,,572,23984
0383,东北林业大学(哈尔滨市)[公办],,森林工程,,,565,28568
0383,东北林业大学(哈尔滨市)[公办],,木材科学与工程,,,563,30033
0383,东北林业大学(哈尔滨市)[公办],,环境科学,,,570,25269
0383,东北林业大学(哈尔滨市)[公办],,食品科学与工程,,,571,24634
0383,东北林业大学(哈尔滨市)[公办],,城乡规划,,,571,24634
0383,东北林业大学(哈尔滨市)[公办],,风景园林,,,574,22729
0383,东北林业大学(哈尔滨市)[公办],,野生动物与自然保护区管理,,,564,29282
0383,东北林业大学(哈尔滨市)[公办],,动物科学,,,566,27894
0383,东北林业大学(哈尔滨市)[公办],,动物医学,,,569,25895
0383,东北林业大学(哈尔滨市)[公办],,林学类,,,566,27894
0383,东北林业大学(哈尔滨市)[公办],,林学类(成栋实验班),,,571,24634
0383,东北林业大学(哈尔滨市)[公办],,园林,,,571,24634
0383,东北林业大学(哈尔滨市)[公办],,工程管理,,,572,23984
0383,东北林业大学(哈尔滨市)[公办],,工商管理类,,,573,23356
0383,东北林业大学(哈尔滨市)[公办],,物流工程,,,568,26529
0383,东北林业大学(哈尔滨市)[公办],,工业工程,,,572,23984
0383,东北林业大学(哈尔滨市)[公办],,化学(中外合作办学),,,526,62390
0383,东北林业大学(哈尔滨市)[公办],,生物技术(中外合作办学),,,532,56540
0383,东北林业大学(哈尔滨市)[公办],,计算机科学与技术(中外合作办学),,,560,32247
0383,东北林业大学(哈尔滨市)[公办],,工程管理(中外合作办学),,,529,59504
0384,东北农业大学(哈尔滨市)[公办],,金融学类,,,576,21536
0384,东北农业大学(哈尔滨市)[公办],,法学,,,581,18643
0384,东北农业大学(哈尔滨市)[公办],,化学生物学,,,565,28568
0384,东北农业大学(哈尔滨市)[公办],,生物科学类,,,569,25895
0384,东北农业大学(哈尔滨市)[公办],,生态学,,,564,29282
0384,东北农业大学(哈尔滨市)[公办],,机械类,,,574,22729
0384,东北农业大学(哈尔滨市)[公办],,电气类,,,580,19205
0384,东北农业大学(哈尔滨市)[公办],,计算机类,,,583,17536
0384,东北农业大学(哈尔滨市)[公办],,数据科学与大数据技术,,,582,18065
0384,东北农业大学(哈尔滨市)[公办],,水利类,,,567,27220
0384,东北农业大学(哈尔滨市)[公办],,制药工程,,,567,27220
0384,东北农业大学(哈尔滨市)[公办],,农业机械化及其自动化(本硕博班),,,576,21536
0384,东北农业大学(哈尔滨市)[公办],,土地整治工程,,,564,29282
0384,东北农业大学(哈尔滨市)[公办],,食品科学与工程类,,,568,26529
0384,东北农业大学(哈尔滨市)[公办],,植物生产类(1),,,561,31495
0384,东北农业大学(哈尔滨市)[公办],,植物生产类(2),,,561,31495
0384,东北农业大学(哈尔滨市)[公办],,农学(本硕博班),,,579,19795
0384,东北农业大学(哈尔滨市)[公办],,园艺(本硕博班),,,568,26529
0384,东北农业大学(哈尔滨市)[公办],,智慧农业,,,568,26529
0384,东北农业大学(哈尔滨市)[公办],,自然保护与环境生态类,,,559,33069
0384,东北农业大学(哈尔滨市)[公办],,农业资源与环境(本硕博班),,,568,26529
0384,东北农业大学(哈尔滨市)[公办],,动物生产类,,,560,32247
0384,东北农业大学(哈尔滨市)[公办],,动物医学(本硕博班),,,570,25269
0384,东北农业大学(哈尔滨市)[公办],,动物药学,,,564,29282
0385,东北师范大学(长春市)[公办],,经济学类,,,591,13583
0385,东北师范大学(长春市)[公办],,教育学类,,,589,14462
0385,东北师范大学(长春市)[公办],,日语,,,580,19205
0385,东北师范大学(长春市)[公办],,商务英语,,,583,17536
0385,东北师范大学(长春市)[公办],,数学类,,,601,9445
0385,东北师范大学(长春市)[公办],,物理学类,,,593,12676
0385,东北师范大学(长春市)[公办],,化学,,,595,11821
0385,东北师范大学(长春市)[公办],,地理科学类,,,586,15960
0385,东北师范大学(长春市)[公办],,生物科学类,,,591,13583
0385,东北师范大学(长春市)[公办],,心理学,,,589,14462
0385,东北师范大学(长春市)[公办],,计算机类,,,587,15439
0385,东北师范大学(长春市)[公办],,数字媒体技术,,,591,13583
0389,东北石油大学[公办],,教育技术学,,,531,57544
0389,东北石油大学[公办],,信息与计算科学,,,544,45381
0389,东北石油大学[公办],,应用物理学,,,532,56540
0389,东北石油大学[公办],,化学,,,530,58518
0389,东北石油大学[公办],,应用化学,,,529,59504
0389,东北石油大学[公办],,应用化学(融创班),,,528,60450
0389,东北石油大学[公办],,地质学类,,,532,56540
0389,东北石油大学[公办],,应用统计学,,,535,53694
0389,东北石油大学[公办],,工程力学,,,536,52757
0389,东北石油大学[公办],,机械设计制造及其自动化,,,556,35406
0389,东北石油大学[公办],,机械设计制造及其自动化(实验班),,,561,31495
0389,东北石油大学[公办],,机械设计制造及其自动化(融创班),,,555,36191
0389,东北石油大学[公办],,工业设计,,,534,54574
0389,东北石油大学[公办],,过程装备与控制工程,,,550,40256
0389,东北石油大学[公办],,车辆工程,,,541,48106
0389,东北石油大学[公办],,测控技术与仪器,,,535,53694
0389,东北石油大学[公办],,金属材料工程,,,534,54574
0389,东北石油大学[公办],,高分子材料与工程,,,528,60450
0389,东北石油大学[公办],,能源与动力工程,,,545,44494
0389,东北石油大学[公办],,电气工程及其自动化,,,553,37725
0389,东北石油大学[公办],,智能电网信息工程,,,552,38584
0389,东北石油大学[公办],,电子信息工程,,,554,36948
0389,东北石油大学[公办],,电子科学与技术,,,549,41073
0389,东北石油大学[公办],,通信工程,,,548,41891
0389,东北石油大学[公办],,光电信息科学与工程,,,547,42788
0389,东北石油大学[公办],,人工智能,,,546,43628
0389,东北石油大学[公办],,自动化,,,550,40256
0389,东北石油大学[公办],,自动化(融创班),,,549,41073
0389,东北石油大学[公办],,计算机类,,,552,38584
0389,东北石油大学[公办],,数据科学与大数据技术,,,549,41073
0389,东北石油大学[公办],,网络空间安全,,,550,40256
0389,东北石油大学[公办],,土木工程,,,536,52757
0389,东北石油大学[公办],,建筑环境与能源应用工程,,,528,60450
0389,东北石油大学[公办],,给排水科学与工程,,,547,42788
0389,东北石油大学[公办],,化学工程与工艺,,,541,48106
0389,东北石油大学[公办],,化学工程与工艺(实验班),,,549,41073
0389,东北石油大学[公办],,化学工程与工艺(融创班),,,542,47194
0389,东北石油大学[公办],,勘查技术与工程,,,537,51825
0389,东北石油大学[公办],,资源勘查工程,,,537,51825
0389,东北石油大学[公办],,资源勘查工程(实验班),,,550,40256
0389,东北石油大学[公办],,石油工程,,,547,42788
0389,东北石油大学[公办],,石油工程(实验班),,,558,33822
0389,东北石油大学[公办],,油气储运工程,,,535,53694
0389,东北石油大学[公办],,海洋油气工程,,,537,51825
0389,东北石油大学[公办],,环境工程,,,528,60450
0389,东北石油大学[公办],,建筑学,,,535,53694
0389,东北石油大学[公办],,安全工程,,,534,54574
0389,东北石油大学[公办],,工程管理,,,532,56540
0389,东北石油大学[公办],,工商管理类,,,536,52757
0391,东华大学(上海市)[公办],,经济管理试验班,,,601,9445
0391,东华大学(上海市)[公办],,理科试验班类,,,606,7785
0391,东华大学(上海市)[公办],,理科试验班,,,598,10589
0391,东华大学(上海市)[公办],,数学类(金融与统计),,,599,10212
0391,东华大学(上海市)[公办],,物理学类(光电与能源新技术),,,599,10212
0391,东华大学(上海市)[公办],,化学类,,,594,12236
0391,东华大学(上海市)[公办],,机械工程,,,596,11399
0391,东华大学(上海市)[公办],,工业设计,,,596,11399
0391,东华大学(上海市)[公办],,智能制造工程,,,600,9823
0391,东华大学(上海市)[公办],,材料类,,,593,12676
0391,东华大学(上海市)[公办],,功能材料,,,594,12236
0391,东华大学(上海市)[公办],,电子信息类,,,603,8730
0391,东华大学(上海市)[公办],,人工智能,,,605,8076
0391,东华大学(上海市)[公办],,计算机类,,,605,8076
0391,东华大学(上海市)[公办],,智能科学与技术,,,603,8730
0391,东华大学(上海市)[公办],,数据科学与大数据技术,,,606,7785
0391,东华大学(上海市)[公办],,建筑环境与能源应用工程,,,591,13583
0391,东华大学(上海市)[公办],,纺织工程(双学士学位),,,593,12676
0391,东华大学(上海市)[公办],,服装设计与工程,,,589,14462
0391,东华大学(上海市)[公办],,环境工程(双学士学位),,,593,12676
0391,东华大学(上海市)[公办],,管理科学与工程类,,,600,9823
0392,东华理工大学[公办],,数学与应用数学(含金融、软件设计方向),,,543,46278
0392,东华理工大学[公办],,应用化学,,,537,51825
0392,东华理工大学[公办],,自然地理与资源环境(旅游地学方向),,,491,101322
0392,东华理工大学[公办],,地球物理学类,,,517,71732
0392,东华理工大学[公办],,地质学类,,,523,65475
0392,东华理工大学[公办],,生物技术,,,532,56540
0392,东华理工大学[公办],,机械工程,,,549,41073
0392,东华理工大学[公办],,测控技术与仪器,,,538,50883
0392,东华理工大学[公办],,材料科学与工程,,,525,63402
0392,东华理工大学[公办],,电子信息类,,,556,35406
0392,东华理工大学[公办],,计算机科学与技术,,,557,34586
0392,东华理工大学[公办],,软件工程(Web系统开发、大数据分析、移动软件开发),,,550,40256
0392,东华理工大学[公办],,网络工程,,,545,44494
0392,东华理工大学[公办],,数据科学与大数据技术,,,555,36191
0392,东华理工大学[公办],,土木类,,,527,61435
0392,东华理工大学[公办],,给排水科学与工程,,,530,58518
0392,东华理工大学[公办],,水文与水资源工程,,,525,63402
0392,东华理工大学[公办],,测绘类,,,517,71732
0392,东华理工大学[公办],,化学工程与工艺,,,526,62390
0392,东华理工大学[公办],,地质类,,,517,71732
0392,东华理工大学[公办],,勘查技术与工程,,,519,69642
0392,东华理工大学[公办],,地下水科学与工程,,,521,67552
0392,东华理工大学[公办],,核工程类,,,547,42788
0392,东华理工大学[公办],,核化工与核燃料工程,,,539,49949
0392,东华理工大学[公办],,环境工程,,,513,75878
0392,东华理工大学[公办],,城乡规划,,,526,62390
0392,东华理工大学[公办],,土地资源管理,,,522,66475
0392,东华理工大学[公办],,机械工程(中外合作办学),,,518,70669
0392,东华理工大学[公办],,软件工程(中外合作办学),,,539,49949
0393,东南大学成贤学院[独立学院],,国际经济与贸易,,,484,109959
0393,东南大学成贤学院[独立学院],,机械工程,,,485,108714
0393,东南大学成贤学院[独立学院],,机械设计制造及其自动化,,,486,107443
0393,东南大学成贤学院[独立学院],,功能材料,,,475,120971
0393,东南大学成贤学院[独立学院],,电气工程及其自动化,,,491,101322
0393,东南大学成贤学院[独立学院],,电子信息工程,,,492,100090
0393,东南大学成贤学院[独立学院],,自动化,,,488,104962
0393,东南大学成贤学院[独立学院],,计算机科学与技术,,,493,98867
0393,东南大学成贤学院[独立学院],,软件工程,,,490,102500
0393,东南大学成贤学院[独立学院],,土木工程,,,483,111133
0393,东南大学成贤学院[独立学院],,化工与制药类,,,474,122219
0393,东南大学成贤学院[独立学院],,工程造价,,,479,116040
0393,东南大学成贤学院[独立学院],,电子商务,,,477,118522
0395,东南大学(南京市)[公办],,工科试验班(碳中和与智能制造实验班),,,629,2693
0395,东南大学(南京市)[公办],,工科试验班(土木交通材料实验班),,,621,4073
0395,东南大学(南京市)[公办],,工科试验班(吴健雄班),,,641,1334
0395,东南大学(南京市)[公办],,理科试验班,,,628,2846
0395,东南大学(南京市)[公办],,经济学类,,,626,3178
0395,东南大学(南京市)[公办],,电子信息类,,,635,1889
0395,东南大学(南京市)[公办],,计算机类,,,634,2024
0395,东南大学(南京市)[公办],,生物医学工程(学制七年本硕连读),,,629,2693
0395,东南大学(南京市)[公办],,建筑类,,,633,2156
0396,东莞城市学院[民办],,金融学,,,440,164582
0396,东莞城市学院[民办],,法学,,,450,152346
0396,东莞城市学院[民办],,社会工作,,,437,168382
0396,东莞城市学院[民办],,机械设计制造及其自动化,,,440,164582
0396,东莞城市学院[民办],,电子信息工程,,,447,155919
0396,东莞城市学院[民办],,计算机科学与技术,,,448,154772
0396,东莞城市学院[民办],,土木工程,,,445,158356
0396,东莞城市学院[民办],,工商管理,,,433,173411
0396,东莞城市学院[民办],,人力资源管理,,,434,172120
0397,东莞理工学院[公办],,知识产权,,,524,64450
0397,东莞理工学院[公办],,应用化学(含教育部卓越计划班),,,523,65475
0397,东莞理工学院[公办],,材料类,,,509,80441
0397,东莞理工学院[公办],,电子信息工程(含教育部卓越计划班),,,551,40256
0397,东莞理工学院[公办],,微电子科学与工程,,,546,43628
0397,东莞理工学院[公办],,计算机类,,,552,38584
0397,东莞理工学院[公办],,软件工程(含教育部卓越计划班),,,557,34586
0397,东莞理工学院[公办],,环境工程,,,506,83767
0400,对外经济贸易大学(北京市)[公办],,经济统计学,,,626,3178
0400,对外经济贸易大学(北京市)[公办],,金融学类,,,627,3008
0400,对外经济贸易大学(北京市)[公办],,金融工程,,,627,3008
0400,对外经济贸易大学(北京市)[公办],,金融数学,,,625,3338
0400,对外经济贸易大学(北京市)[公办],,精算学,,,623,3705
0400,对外经济贸易大学(北京市)[公办],,金融科技,,,626,3178
0400,对外经济贸易大学(北京市)[公办],,法学类,,,625,3338
0400,对外经济贸易大学(北京市)[公办],,人工智能,,,621,4073
0400,对外经济贸易大学(北京市)[公办],,数据科学与大数据技术(含与保险学专业双学士学位项目),,,624,3506
0400,对外经济贸易大学(北京市)[公办],,工商管理类,,,623,3705
0402,鄂尔多斯应用技术学院[公办],,自动化,,,470,127253
0402,鄂尔多斯应用技术学院[公办],,矿物资源工程,,,462,137255
0404,防灾科技学院(廊坊市)[公办],,金融学,,,509,80441
0404,防灾科技学院(廊坊市)[公办],,投资学,,,504,86042
0404,防灾科技学院(廊坊市)[公办],,地理科学,,,506,83767
0404,防灾科技学院(廊坊市)[公办],,地球物理学,,,512,76936
0404,防灾科技学院(廊坊市)[公办],,防灾减灾科学与工程,,,514,74839
0404,防灾科技学院(廊坊市)[公办],,地质学,,,502,88336
0404,防灾科技学院(廊坊市)[公办],,地球信息科学与技术,,,501,89173
0404,防灾科技学院(廊坊市)[公办],,应用心理学,,,511,78116
0404,防灾科技学院(廊坊市)[公办],,测控技术与仪器,,,499,91783
0404,防灾科技学院(廊坊市)[公办],,电气工程及其自动化,,,513,75878
0404,防灾科技学院(廊坊市)[公办],,通信工程,,,510,79317
0404,防灾科技学院(廊坊市)[公办],,计算机类,,,515,73836
0404,防灾科技学院(廊坊市)[公办],,物联网工程,,,512,76936
0404,防灾科技学院(廊坊市)[公办],,数据科学与大数据技术,,,515,73836
0404,防灾科技学院(廊坊市)[公办],,土木工程,,,503,87191
0404,防灾科技学院(廊坊市)[公办],,城市地下空间工程,,,498,92962
0404,防灾科技学院(廊坊市)[公办],,水利水电工程,,,506,83767
0404,防灾科技学院(廊坊市)[公办],,测绘工程,,,500,90630
0404,防灾科技学院(廊坊市)[公办],,地质工程,,,498,92962
0404,防灾科技学院(廊坊市)[公办],,勘查技术与工程,,,504,86042
0404,防灾科技学院(廊坊市)[公办],,资源勘查工程,,,501,89173
0404,防灾科技学院(廊坊市)[公办],,地下水科学与工程,,,497,94131
0404,防灾科技学院(廊坊市)[公办],,应急技术与管理,,,507,82620
0404,防灾科技学院(廊坊市)[公办],,信息管理与信息系统,,,507,82620
0404,防灾科技学院(廊坊市)[公办],,工程管理,,,500,90630
0404,防灾科技学院(廊坊市)[公办],,应急管理,,,508,81575
0404,防灾科技学院(廊坊市)[公办],,工商管理,,,508,81575
0404,防灾科技学院(廊坊市)[公办],,会计学,,,515,73836
0405,福建工程学院(福州市)[公办],,互联网金融,,,502,88336
0405,福建工程学院(福州市)[公办],,国际经济与贸易,,,507,82620
0405,福建工程学院(福州市)[公办],,工商管理,,,497,94131
0405,福建工程学院(福州市)[公办],,财务管理,,,508,81575
0406,福建技术师范学院[公办],,经济与金融,,,496,95288
0406,福建技术师范学院[公办],,信用风险管理与法律防控,,,480,114796
0406,福建技术师范学院[公办],,电子信息工程,,,497,94131
0406,福建技术师范学院[公办],,数字媒体技术,,,501,89173
0406,福建技术师范学院[公办],,财务管理,,,500,90630
0407,福建农林大学[公办],,自然地理与资源环境,,,502,88336
0407,福建农林大学[公办],,生物科学类,,,527,61435
0407,福建农林大学[公办],,生态学,,,502,88336
0407,福建农林大学[公办],,食品科学与工程,,,522,66475
0407,福建农林大学[公办],,风景园林,,,538,50883
0407,福建农林大学[公办],,农学,,,514,74839
0407,福建农林大学[公办],,园艺,,,508,81575
0407,福建农林大学[公办],,蜂学,,,497,94131
0407,福建农林大学[公办],,动物医学,,,508,81575
0407,福建农林大学[公办],,林学类,,,505,84880
0407,福建农林大学[公办],,园林,,,525,63402
0407,福建农林大学[公办],,管理科学,,,503,87191
0407,福建农林大学[公办],,公共管理类,,,513,75878
0407,福建农林大学[公办],,风景园林(中外合作办学),,,507,82620
0408,福建师范大学(福州市)[公办],,统计学,,,554,36948
0408,福建师范大学(福州市)[公办],,材料类,,,530,58518
0408,福建师范大学(福州市)[公办],,材料物理,,,529,59504
0408,福建师范大学(福州市)[公办],,光电信息科学与工程,,,542,47194
0408,福建师范大学(福州市)[公办],,软件工程,,,556,35406
0408,福建师范大学(福州市)[公办],,网络空间安全,,,554,36948
0408,福建师范大学(福州市)[公办],,化学工程与工艺,,,534,54574
0408,福建师范大学(福州市)[公办],,资源循环科学与工程,,,537,51825
0408,福建师范大学(福州市)[公办],,环境科学与工程类,,,533,55500
0408,福建师范大学(福州市)[公办],,食品科学与工程,,,537,51825
0408,福建师范大学(福州市)[公办],,生物工程,,,541,48106
0408,福建师范大学(福州市)[公办],,公共管理类,,,538,50883
0408,福建师范大学(福州市)[公办],,图书馆学,,,534,54574
0408,福建师范大学(福州市)[公办],,电子信息工程(中外合作办学),,,516,72762
0408,福建师范大学(福州市)[公办],,通信工程(中外合作办学),,,512,76936
0408,福建师范大学(福州市)[公办],,计算机科学与技术(中外合作办学),,,523,65475
0408,福建师范大学(福州市)[公办],,网络工程(中外合作办学),,,524,64450
0408,福建师范大学(福州市)[公办],,数字媒体技术(中外合作办学),,,527,61435
0410,福建医科大学(福州市)[公办],,生物信息学,,,544,45381
0410,福建医科大学(福州市)[公办],,应用心理学,,,544,45381
0410,福建医科大学(福州市)[公办],,临床医学,,,581,18643
0410,福建医科大学(福州市)[公办],,麻醉学,,,579,19795
0410,福建医科大学(福州市)[公办],,预防医学,,,555,36191
0410,福建医科大学(福州市)[公办],,药学,,,550,40256
0410,福建医科大学(福州市)[公办],,药物制剂,,,548,41891
0410,福建医科大学(福州市)[公办],,医学检验技术,,,553,37725
0410,福建医科大学(福州市)[公办],,眼视光学,,,570,25269
0410,福建医科大学(福州市)[公办],,康复治疗学,,,538,50883
0410,福建医科大学(福州市)[公办],,智能医学工程,,,550,40256
0410,福建医科大学(福州市)[公办],,护理学,,,529,59504
0410,福建医科大学(福州市)[公办],,助产学,,,532,56540
0411,福州大学[公办],,德语,,,569,25895
0411,福州大学[公办],,数学类,,,593,12676
0411,福州大学[公办],,化学,,,591,13583
0411,福州大学[公办],,机械设计制造及其自动化,,,591,13583
0411,福州大学[公办],,工业设计,,,586,15960
0411,福州大学[公办],,过程装备与控制工程,,,585,16469
0411,福州大学[公办],,材料科学与工程,,,581,18643
0411,福州大学[公办],,电子信息类,,,597,10996
0411,福州大学[公办],,光电信息科学与工程,,,591,13583
0411,福州大学[公办],,集成电路设计与集成系统,,,594,12236
0411,福州大学[公办],,自动化,,,596,11399
0411,福州大学[公办],,机器人工程,,,593,12676
0411,福州大学[公办],,计算机类,,,599,10212
0411,福州大学[公办],,土木工程,,,582,18065
0411,福州大学[公办],,港口航道与海岸工程,,,576,21536
0411,福州大学[公办],,化学工程与工艺,,,586,15960
0411,福州大学[公办],,地质工程,,,576,21536
0411,福州大学[公办],,信息管理与信息系统,,,590,14004
0413,福州大学至诚学院[独立学院],,金融工程,,,457,143500
0413,福州大学至诚学院[独立学院],,金融科技,,,455,146091
0413,福州大学至诚学院[独立学院],,国际经济与贸易,,,463,136058
0413,福州大学至诚学院[独立学院],,网络与新媒体,,,461,138513
0413,福州大学至诚学院[独立学院],,信息与计算科学,,,457,143500
0413,福州大学至诚学院[独立学院],,应用化学,,,453,148600
0413,福州大学至诚学院[独立学院],,机械设计制造及其自动化,,,457,143500
0413,福州大学至诚学院[独立学院],,材料成型及控制工程,,,452,149859
0413,福州大学至诚学院[独立学院],,工业设计,,,454,147340
0413,福州大学至诚学院[独立学院],,电气工程及其自动化,,,461,138513
0413,福州大学至诚学院[独立学院],,电子信息工程,,,457,143500
0413,福州大学至诚学院[独立学院],,通信工程,,,456,144801
0413,福州大学至诚学院[独立学院],,自动化,,,457,143500
0413,福州大学至诚学院[独立学院],,计算机科学与技术,,,460,139765
0413,福州大学至诚学院[独立学院],,软件工程,,,462,137255
0413,福州大学至诚学院[独立学院],,数字媒体技术,,,465,133566
0413,福州大学至诚学院[独立学院],,数据科学与大数据技术,,,457,143500
0413,福州大学至诚学院[独立学院],,土木工程,,,455,146091
0413,福州大学至诚学院[独立学院],,化学工程与工艺,,,453,148600
0413,福州大学至诚学院[独立学院],,环境工程,,,453,148600
0413,福州大学至诚学院[独立学院],,食品科学与工程,,,455,146091
0413,福州大学至诚学院[独立学院],,建筑学,,,456,144801
0413,福州大学至诚学院[独立学院],,安全工程,,,453,148600
0413,福州大学至诚学院[独立学院],,工程管理,,,451,151103
0413,福州大学至诚学院[独立学院],,财务管理,,,463,136058
0413,福州大学至诚学院[独立学院],,物流管理,,,456,144801
0418,阜阳师范大学[公办],,物联网工程,,,520,68611
0418,阜阳师范大学[公办],,医学检验技术,,,501,89173
0418,阜阳师范大学[公办],,护理学,,,496,95288
0418,阜阳师范大学[公办],,物流管理,,,502,88336
0421,复旦大学(上海市)[公办],,经济管理试验班,,,665,200
0421,复旦大学(上海市)[公办],,工科试验班(新工科本研贯通),,,667,173
0421,复旦大学(上海市)[公办],,技术科学试验班(拔尖学生培养基地),,,665,200
0421,复旦大学(上海市)[公办],,自然科学试验班(拔尖学生培养基地),,,661,281
0421,复旦大学(上海市)[公办],,经济学类(拔尖学生培养基地),,,666,183
0421,复旦大学(上海市)[公办],,数学类(拔尖学生培养基地),,,668,151
0422,复旦大学医学院[公办],,医学试验班(含预防、药学、公管),,,651,658
0422,复旦大学医学院[公办],,临床医学(8年制本博连读，卓越医生计划),,,667,173
0422,复旦大学医学院[公办],,临床医学(5年制，卓越医生计划),,,657,401
0426,甘肃民族师范学院(合作市)[公办],,学前教育,,,474,122219
0426,甘肃民族师范学院(合作市)[公办],,数学与应用数学,,,480,114796
0426,甘肃民族师范学院(合作市)[公办],,物理学,,,475,120971
0426,甘肃民族师范学院(合作市)[公办],,化学,,,476,119752
0427,甘肃农业大学(兰州市)[公办],,应用统计学,,,506,83767
0427,甘肃农业大学(兰州市)[公办],,电子信息工程,,,506,83767
0427,甘肃农业大学(兰州市)[公办],,农业水利工程,,,496,95288
0427,甘肃农业大学(兰州市)[公办],,食品质量与安全,,,500,90630
0427,甘肃农业大学(兰州市)[公办],,风景园林,,,496,95288
0427,甘肃农业大学(兰州市)[公办],,生物工程,,,498,92962
0427,甘肃农业大学(兰州市)[公办],,园艺,,,490,102500
0427,甘肃农业大学(兰州市)[公办],,植物保护,,,491,101322
0427,甘肃农业大学(兰州市)[公办],,植物科学与技术,,,492,100090
0427,甘肃农业大学(兰州市)[公办],,设施农业科学与工程,,,490,102500
0427,甘肃农业大学(兰州市)[公办],,动物科学,,,493,98867
0427,甘肃农业大学(兰州市)[公办],,林学,,,494,97686
0427,甘肃农业大学(兰州市)[公办],,园林,,,490,102500
0427,甘肃农业大学(兰州市)[公办],,草坪科学与工程,,,489,103748
0427,甘肃农业大学(兰州市)[公办],,中草药栽培与鉴定,,,490,102500
0428,甘肃政法大学(兰州市)[公办],,经济统计学,,,531,57544
0428,甘肃政法大学(兰州市)[公办],,法学,,,552,38584
0428,甘肃政法大学(兰州市)[公办],,法学(卓越法治基地实验班纪检方向),,,555,36191
0428,甘肃政法大学(兰州市)[公办],,网络与新媒体,,,530,58518
0428,甘肃政法大学(兰州市)[公办],,人工智能,,,533,55500
0428,甘肃政法大学(兰州市)[公办],,数据科学与大数据技术,,,533,55500
0428,甘肃政法大学(兰州市)[公办],,网络空间安全,,,536,52757
0428,甘肃政法大学(兰州市)[公办],,刑事科学技术(物证鉴定技术方向),,,531,57544
0429,甘肃中医药大学(兰州市)[公办],,国际经济与贸易,,,509,80441
0429,甘肃中医药大学(兰州市)[公办],,运动康复,,,503,87191
0429,甘肃中医药大学(兰州市)[公办],,汉语言文学,,,526,62390
0429,甘肃中医药大学(兰州市)[公办],,应用心理学,,,527,61435
0429,甘肃中医药大学(兰州市)[公办],,医学信息工程,,,508,81575
0429,甘肃中医药大学(兰州市)[公办],,软件工程,,,522,66475
0429,甘肃中医药大学(兰州市)[公办],,食品质量与安全,,,502,88336
0429,甘肃中医药大学(兰州市)[公办],,临床医学,,,547,42788
0429,甘肃中医药大学(兰州市)[公办],,医学影像学,,,544,45381
0429,甘肃中医药大学(兰州市)[公办],,预防医学,,,515,73836
0429,甘肃中医药大学(兰州市)[公办],,中医学(5+3一体化),,,558,33822
0429,甘肃中医药大学(兰州市)[公办],,中医学,,,546,43628
0429,甘肃中医药大学(兰州市)[公办],,针灸推拿学,,,520,68611
0429,甘肃中医药大学(兰州市)[公办],,中医康复学,,,510,79317
0429,甘肃中医药大学(兰州市)[公办],,中医骨伤科学,,,520,68611
0429,甘肃中医药大学(兰州市)[公办],,中西医临床医学,,,532,56540
0429,甘肃中医药大学(兰州市)[公办],,药学,,,509,80441
0429,甘肃中医药大学(兰州市)[公办],,中药学,,,519,69642
0429,甘肃中医药大学(兰州市)[公办],,中药资源与开发,,,510,79317
0429,甘肃中医药大学(兰州市)[公办],,中草药栽培与鉴定,,,504,86042
0429,甘肃中医药大学(兰州市)[公办],,医学检验技术,,,521,67552
0429,甘肃中医药大学(兰州市)[公办],,护理学,,,513,75878
0429,甘肃中医药大学(兰州市)[公办],,助产学,,,498,92962
0429,甘肃中医药大学(兰州市)[公办],,公共事业管理,,,501,89173
0429,甘肃中医药大学(兰州市)[公办],,健康服务与管理,,,500,90630
0429,甘肃中医药大学(兰州市)[公办],,医疗保险,,,491,101322
0430,赣东学院[公办],,国际经济与贸易,,,480,114796
0430,赣东学院[公办],,机械工程,,,485,108714
0430,赣东学院[公办],,电子信息工程,,,489,103748
0430,赣东学院[公办],,通信工程,,,487,106171
0430,赣东学院[公办],,自动化,,,489,103748
0430,赣东学院[公办],,计算机科学与技术,,,498,92962
0430,赣东学院[公办],,软件工程,,,489,103748
0430,赣东学院[公办],,网络工程,,,489,103748
0430,赣东学院[公办],,土木工程,,,479,116040
0430,赣东学院[公办],,测绘工程,,,476,119752
0430,赣东学院[公办],,工程管理,,,481,113547
0431,赣南科技学院(赣州市)[公办],,材料成型及控制工程,,,480,114796
0431,赣南科技学院(赣州市)[公办],,冶金工程,,,475,120971
0431,赣南科技学院(赣州市)[公办],,电气工程及其自动化,,,490,102500
0431,赣南科技学院(赣州市)[公办],,电子信息工程,,,490,102500
0431,赣南科技学院(赣州市)[公办],,通信工程,,,487,106171
0431,赣南科技学院(赣州市)[公办],,物联网工程,,,487,106171
0431,赣南科技学院(赣州市)[公办],,数据科学与大数据技术,,,491,101322
0431,赣南科技学院(赣州市)[公办],,土木工程,,,486,107443
0431,赣南科技学院(赣州市)[公办],,工程造价,,,485,108714
0432,赣南师范大学(赣州市)[公办],,金融学,,,534,54574
0432,赣南师范大学(赣州市)[公办],,法学,,,541,48106
0432,赣南师范大学(赣州市)[公办],,教育技术学,,,532,56540
0432,赣南师范大学(赣州市)[公办],,学前教育,,,531,57544
0432,赣南师范大学(赣州市)[公办],,小学教育,,,539,49949
0432,赣南师范大学(赣州市)[公办],,数学与应用数学,,,543,46278
0432,赣南师范大学(赣州市)[公办],,物理学,,,544,45381
0432,赣南师范大学(赣州市)[公办],,化学,,,538,50883
0432,赣南师范大学(赣州市)[公办],,应用化学,,,517,71732
0432,赣南师范大学(赣州市)[公办],,地理科学,,,537,51825
0432,赣南师范大学(赣州市)[公办],,人文地理与城乡规划,,,518,70669
0432,赣南师范大学(赣州市)[公办],,地理信息科学,,,524,64450
0432,赣南师范大学(赣州市)[公办],,生物科学,,,537,51825
0432,赣南师范大学(赣州市)[公办],,应用心理学,,,532,56540
0432,赣南师范大学(赣州市)[公办],,应用统计学,,,532,56540
0432,赣南师范大学(赣州市)[公办],,材料化学,,,505,84880
0432,赣南师范大学(赣州市)[公办],,电子信息工程,,,532,56540
0432,赣南师范大学(赣州市)[公办],,电子科学与技术,,,529,59504
0432,赣南师范大学(赣州市)[公办],,计算机科学与技术,,,536,52757
0432,赣南师范大学(赣州市)[公办],,数据科学与大数据技术,,,534,54574
0432,赣南师范大学(赣州市)[公办],,环境科学,,,482,112324
0432,赣南师范大学(赣州市)[公办],,园艺,,,491,101322
0432,赣南师范大学(赣州市)[公办],,市场营销,,,498,92962
0432,赣南师范大学(赣州市)[公办],,会计学,,,537,51825
0433,赣南师范大学科技学院[独立学院],,学前教育,,,466,132235
0433,赣南师范大学科技学院[独立学院],,英语,,,465,133566
0433,赣南师范大学科技学院[独立学院],,数学与应用数学,,,467,130969
0433,赣南师范大学科技学院[独立学院],,电子信息工程,,,464,134859
0433,赣南师范大学科技学院[独立学院],,计算机科学与技术,,,465,133566
0434,赣南医学院(赣州市)[公办],,物联网工程,,,503,87191
0434,赣南医学院(赣州市)[公办],,临床医学,,,530,58518
0434,赣南医学院(赣州市)[公办],,预防医学,,,507,82620
0434,赣南医学院(赣州市)[公办],,法医学,,,512,76936
0434,赣南医学院(赣州市)[公办],,康复治疗学,,,495,96518
0439,广东财经大学(广州市)[公办],,数字经济,,,567,27220
0439,广东财经大学(广州市)[公办],,税收学,,,565,28568
0439,广东财经大学(广州市)[公办],,金融学,,,580,19205
0441,广东东软学院[民办],,软件工程,,,458,142250
0441,广东东软学院[民办],,网络工程,,,450,152346
0441,广东东软学院[民办],,大数据管理与应用,,,447,155919
0443,广东工业大学[公办],,机械类,,,568,26529
0443,广东工业大学[公办],,机械设计制造及其自动化(国际班),,,543,46278
0443,广东工业大学[公办],,材料成型及控制工程,,,555,36191
0443,广东工业大学[公办],,电气工程及其自动化,,,574,22729
0443,广东工业大学[公办],,电气工程及其自动化(国际班),,,567,27220
0443,广东工业大学[公办],,电子信息类,,,575,22143
0443,广东工业大学[公办],,电子科学与技术,,,574,22729
0443,广东工业大学[公办],,集成电路设计与集成系统,,,573,23356
0443,广东工业大学[公办],,自动化类,,,580,19205
0443,广东工业大学[公办],,计算机类,,,580,19205
0443,广东工业大学[公办],,计算机科学与技术(国际班),,,570,25269
0443,广东工业大学[公办],,土木工程(国际班),,,533,55500
0443,广东工业大学[公办],,化学工程与工艺,,,552,38584
0443,广东工业大学[公办],,食品科学与工程,,,550,40256
0443,广东工业大学[公办],,工商管理(国际班),,,547,42788
0443,广东工业大学[公办],,工业工程,,,549,41073
0444,广东海洋大学(湛江市)[公办],,经济与金融,,,531,57544
0444,广东海洋大学(湛江市)[公办],,信息与计算科学,,,535,53694
0444,广东海洋大学(湛江市)[公办],,大气科学,,,527,61435
0444,广东海洋大学(湛江市)[公办],,海洋科学,,,516,72762
0444,广东海洋大学(湛江市)[公办],,能源与动力工程,,,539,49949
0444,广东海洋大学(湛江市)[公办],,软件工程,,,549,41073
0444,广东海洋大学(湛江市)[公办],,船舶与海洋工程,,,524,64450
0444,广东海洋大学(湛江市)[公办],,食品科学与工程,,,522,66475
0444,广东海洋大学(湛江市)[公办],,食品质量与安全,,,514,74839
0444,广东海洋大学(湛江市)[公办],,园林,,,509,80441
0444,广东海洋大学(湛江市)[公办],,水产养殖学,,,507,82620
0444,广东海洋大学(湛江市)[公办],,海洋渔业科学与技术,,,512,76936
0445,广东金融学院[公办],,金融学,,,564,29282
0445,广东金融学院[公办],,计算机科学与技术,,,550,40256
0445,广东金融学院[公办],,会计学,,,556,35406
0445,广东金融学院[公办],,行政管理,,,540,49002
0447,广东科技学院[民办],,机械电子工程,,,444,159559
0447,广东科技学院[民办],,网络工程,,,451,151103
0447,广东科技学院[民办],,物联网工程,,,445,158356
0449,广东石油化工学院(茂名市)[公办],,机械设计制造及其自动化,,,498,92962
0449,广东石油化工学院(茂名市)[公办],,过程装备与控制工程,,,495,96518
0449,广东石油化工学院(茂名市)[公办],,能源与动力工程,,,499,91783
0449,广东石油化工学院(茂名市)[公办],,新能源科学与工程,,,504,86042
0449,广东石油化工学院(茂名市)[公办],,电气工程及其自动化(卓越班),,,507,82620
0449,广东石油化工学院(茂名市)[公办],,数据科学与大数据技术,,,507,82620
0449,广东石油化工学院(茂名市)[公办],,化学工程与工艺(卓越班),,,494,97686
0449,广东石油化工学院(茂名市)[公办],,能源化学工程,,,493,98867
0451,广东外语外贸大学[公办],,经济统计学,,,583,17536
0451,广东外语外贸大学[公办],,金融学类,,,580,19205
0451,广东外语外贸大学[公办],,国际经济与贸易,,,581,18643
0451,广东外语外贸大学[公办],,法学,,,578,20380
0451,广东外语外贸大学[公办],,英语,,,588,14950
0451,广东外语外贸大学[公办],,俄语,,,562,30764
0451,广东外语外贸大学[公办],,土耳其语,,,558,33822
0451,广东外语外贸大学[公办],,新闻传播学类,,,576,21536
0451,广东外语外贸大学[公办],,应用心理学,,,571,24634
0451,广东外语外贸大学[公办],,计算机类,,,573,23356
0451,广东外语外贸大学[公办],,工商管理类,,,584,17032
0451,广东外语外贸大学[公办],,电子商务,,,571,24634
0452,广东外语外贸大学南国商学院[独立学院],,商务英语,,,509,80441
0452,广东外语外贸大学南国商学院[独立学院],,计算机科学与技术,,,463,136058
0455,广东药科大学(广州市)[公办],,预防医学,,,536,52757
0455,广东药科大学(广州市)[公办],,药学类,,,546,43628
0455,广东药科大学(广州市)[公办],,中药学类,,,530,58518
0456,广东医科大学[公办],,临床医学,,,588,14950
0456,广东医科大学[公办],,麻醉学,,,578,20380
0456,广东医科大学[公办],,医学影像学,,,573,23356
0456,广东医科大学[公办],,儿科学,,,570,25269
0456,广东医科大学[公办],,口腔医学,,,588,14950
0456,广东医科大学[公办],,药学,,,558,33822
0456,广东医科大学[公办],,医学检验技术,,,563,30033
0456,广东医科大学[公办],,康复治疗学,,,543,46278
0457,广东以色列理工学院[中外合作办学],,数学与应用数学(中外合作办学),,,475,120971
0457,广东以色列理工学院[中外合作办学],,生物技术(中外合作办学),,,,
0457,广东以色列理工学院[中外合作办学],,机械工程(中外合作办学),,,,
0457,广东以色列理工学院[中外合作办学],,材料科学与工程(中外合作办学),,,,
0457,广东以色列理工学院[中外合作办学],,化学工程与工艺(中外合作办学),,,574,22729
0458,广西财经学院(南宁市)[公办],,投资学,,,506,83767
0458,广西财经学院(南宁市)[公办],,会计学,,,520,68611
0458,广西财经学院(南宁市)[公办],,金融数学(中外合作办学),,,472,124770
0458,广西财经学院(南宁市)[公办],,数字媒体技术(中外合作办学),,,476,119752
0459,广西大学(南宁市)[公办],,经济学类,,,574,22729
0459,广西大学(南宁市)[公办],,机械类,,,572,23984
0459,广西大学(南宁市)[公办],,材料类,,,563,30033
0459,广西大学(南宁市)[公办],,电气类,,,578,20380
0459,广西大学(南宁市)[公办],,计算机类,,,583,17536
0459,广西大学(南宁市)[公办],,土木工程,,,565,28568
0464,广西科技大学(柳州市)[公办],,工程力学,,,505,84880
0464,广西科技大学(柳州市)[公办],,车辆工程,,,517,71732
0464,广西科技大学(柳州市)[公办],,电气工程及其自动化,,,526,62390
0464,广西科技大学(柳州市)[公办],,新媒体技术(虚拟现实方向),,,518,70669
0464,广西科技大学(柳州市)[公办],,临床医学,,,524,64450
0464,广西科技大学(柳州市)[公办],,预防医学,,,505,84880
0464,广西科技大学(柳州市)[公办],,工程管理,,,504,86042
0464,广西科技大学(柳州市)[公办],,机械工程(中外合作办学),,,465,133566
0464,广西科技大学(柳州市)[公办],,软件工程(中外合作办学),,,476,119752
0465,广西科技师范学院(来宾市)[公办],,物理学,,,484,109959
0465,广西科技师范学院(来宾市)[公办],,电气工程及其自动化,,,484,109959
0465,广西科技师范学院(来宾市)[公办],,电子信息工程,,,484,109959
0465,广西科技师范学院(来宾市)[公办],,软件工程,,,495,96518
0465,广西科技师范学院(来宾市)[公办],,物联网工程,,,485,108714
0465,广西科技师范学院(来宾市)[公办],,数据科学与大数据技术,,,484,109959
0465,广西科技师范学院(来宾市)[公办],,食品科学与工程,,,475,120971
0465,广西科技师范学院(来宾市)[公办],,财务管理,,,487,106171
0468,广西民族大学(南宁市)[公办],,金融学,,,520,68611
0468,广西民族大学(南宁市)[公办],,英语,,,525,63402
0468,广西民族大学(南宁市)[公办],,翻译,,,520,68611
0468,广西民族大学(南宁市)[公办],,数学与应用数学,,,521,67552
0468,广西民族大学(南宁市)[公办],,物理学,,,509,80441
0468,广西民族大学(南宁市)[公办],,化学,,,515,73836
0468,广西民族大学(南宁市)[公办],,应用化学,,,505,84880
0468,广西民族大学(南宁市)[公办],,海洋科学,,,497,94131
0468,广西民族大学(南宁市)[公办],,生物技术,,,502,88336
0468,广西民族大学(南宁市)[公办],,金属材料工程,,,495,96518
0468,广西民族大学(南宁市)[公办],,通信工程,,,512,76936
0468,广西民族大学(南宁市)[公办],,软件工程,,,523,65475
0468,广西民族大学(南宁市)[公办],,土木工程,,,499,91783
0468,广西民族大学(南宁市)[公办],,环境工程,,,498,92962
0468,广西民族大学(南宁市)[公办],,建筑学,,,517,71732
0468,广西民族大学(南宁市)[公办],,市场营销,,,507,82620
0468,广西民族大学(南宁市)[公办],,会计学(中外合作办学),,,488,104962
0469,广西民族大学相思湖学院(南宁市)[独立学院],,税收学,,,457,143500
0469,广西民族大学相思湖学院(南宁市)[独立学院],,金融工程,,,453,148600
0469,广西民族大学相思湖学院(南宁市)[独立学院],,金融科技,,,453,148600
0469,广西民族大学相思湖学院(南宁市)[独立学院],,国际经济与贸易,,,455,146091
0469,广西民族大学相思湖学院(南宁市)[独立学院],,软件工程,,,457,143500
0469,广西民族大学相思湖学院(南宁市)[独立学院],,市场营销,,,454,147340
0469,广西民族大学相思湖学院(南宁市)[独立学院],,财务管理,,,455,146091
0469,广西民族大学相思湖学院(南宁市)[独立学院],,物流管理,,,456,144801
0469,广西民族大学相思湖学院(南宁市)[独立学院],,跨境电子商务,,,454,147340
0469,广西民族大学相思湖学院(南宁市)[独立学院],,旅游管理,,,454,147340
0470,广西民族师范学院(崇左市)[公办],,电子信息工程,,,477,118522
0470,广西民族师范学院(崇左市)[公办],,数据科学与大数据技术,,,475,120971
0470,广西民族师范学院(崇左市)[公办],,种子科学与工程,,,466,132235
0470,广西民族师范学院(崇左市)[公办],,财务管理,,,476,119752
0472,广西师范大学(桂林市)[公办],,数学与应用数学,,,549,41073
0472,广西师范大学(桂林市)[公办],,信息与计算科学,,,535,53694
0472,广西师范大学(桂林市)[公办],,物理学,,,544,45381
0472,广西师范大学(桂林市)[公办],,化学,,,544,45381
0472,广西师范大学(桂林市)[公办],,地理科学,,,544,45381
0472,广西师范大学(桂林市)[公办],,统计学,,,536,52757
0472,广西师范大学(桂林市)[公办],,测控技术与仪器,,,525,63402
0472,广西师范大学(桂林市)[公办],,电子信息工程,,,540,49002
0472,广西师范大学(桂林市)[公办],,人工智能,,,539,49949
0472,广西师范大学(桂林市)[公办],,数据科学与大数据技术,,,541,48106
0472,广西师范大学(桂林市)[公办],,环境工程,,,520,68611
0472,广西师范大学(桂林市)[公办],,工商管理,,,528,60450
0474,广西外国语学院[民办],,税收学,,,444,159559
0474,广西外国语学院[民办],,国际经济与贸易,,,445,158356
0474,广西外国语学院[民办],,学前教育,,,452,149859
0474,广西外国语学院[民办],,英语,,,456,144801
0474,广西外国语学院[民办],,德语,,,444,159559
0474,广西外国语学院[民办],,法语,,,452,149859
0474,广西外国语学院[民办],,西班牙语,,,450,152346
0474,广西外国语学院[民办],,日语,,,449,153606
0474,广西外国语学院[民办],,泰语,,,446,157125
0474,广西外国语学院[民办],,翻译,,,460,139765
0474,广西外国语学院[民办],,人工智能,,,448,154772
0474,广西外国语学院[民办],,软件工程,,,453,148600
0474,广西外国语学院[民办],,网络工程,,,450,152346
0474,广西外国语学院[民办],,财务管理,,,450,152346
0474,广西外国语学院[民办],,人力资源管理,,,445,158356
0474,广西外国语学院[民办],,审计学,,,451,151103
0474,广西外国语学院[民办],,酒店管理,,,443,160819
0476,广西医科大学(南宁市)[公办],,生物医学工程,,,526,62390
0476,广西医科大学(南宁市)[公办],,预防医学,,,536,52757
0476,广西医科大学(南宁市)[公办],,临床药学,,,540,49002
0476,广西医科大学(南宁市)[公办],,护理学,,,517,71732
0479,广西中医药大学(南宁市)[公办],,临床医学,,,548,41891
0479,广西中医药大学(南宁市)[公办],,口腔医学,,,563,30033
0479,广西中医药大学(南宁市)[公办],,中医学,,,543,46278
0479,广西中医药大学(南宁市)[公办],,针灸推拿学,,,520,68611
0479,广西中医药大学(南宁市)[公办],,医学检验技术,,,517,71732
0479,广西中医药大学(南宁市)[公办],,护理学,,,508,81575
0480,广西中医药大学赛恩斯新医药学院(南宁市)[独立学院],,中医学,,,467,130969
0480,广西中医药大学赛恩斯新医药学院(南宁市)[独立学院],,针灸推拿学,,,463,136058
0480,广西中医药大学赛恩斯新医药学院(南宁市)[独立学院],,医学检验技术,,,465,133566
0480,广西中医药大学赛恩斯新医药学院(南宁市)[独立学院],,医学影像技术,,,470,127253
0480,广西中医药大学赛恩斯新医药学院(南宁市)[独立学院],,护理学,,,463,136058
0483,广州城市理工学院[民办],,金融工程,,,452,149859
0483,广州城市理工学院[民办],,国际经济与贸易(双语特色班),,,456,144801
0483,广州城市理工学院[民办],,机械工程,,,449,153606
0483,广州城市理工学院[民办],,机械电子工程,,,448,154772
0483,广州城市理工学院[民办],,工业设计,,,445,158356
0483,广州城市理工学院[民办],,车辆工程,,,445,158356
0483,广州城市理工学院[民办],,智能制造工程,,,447,155919
0483,广州城市理工学院[民办],,新能源汽车工程,,,453,148600
0483,广州城市理工学院[民办],,宝石及材料工艺学,,,466,132235
0483,广州城市理工学院[民办],,新能源科学与工程,,,458,142250
0483,广州城市理工学院[民办],,电气工程及其自动化,,,453,148600
0483,广州城市理工学院[民办],,电子信息工程,,,458,142250
0483,广州城市理工学院[民办],,通信工程,,,454,147340
0483,广州城市理工学院[民办],,人工智能,,,450,152346
0483,广州城市理工学院[民办],,自动化,,,457,143500
0483,广州城市理工学院[民办],,机器人工程,,,448,154772
0483,广州城市理工学院[民办],,软件工程,,,462,137255
0483,广州城市理工学院[民办],,数据科学与大数据技术,,,458,142250
0483,广州城市理工学院[民办],,土木工程,,,450,152346
0483,广州城市理工学院[民办],,智能建造,,,441,163301
0483,广州城市理工学院[民办],,交通工程,,,445,158356
0483,广州城市理工学院[民办],,会计学(ACCA审计双语班),,,481,113547
0485,广州大学[公办],,物理学,,,560,32247
0485,广州大学[公办],,机械设计制造及其自动化,,,567,27220
0485,广州大学[公办],,信息安全,,,571,24634
0485,广州大学[公办],,网络空间安全,,,573,23356
0485,广州大学[公办],,生物制药,,,559,33069
0486,广州工商学院[民办],,网络工程,,,439,165845
0487,广州航海学院[公办],,港口航道与海岸工程,,,495,96518
0487,广州航海学院[公办],,船舶与海洋工程,,,515,73836
0492,广州软件学院[民办],,电子信息工程,,,495,96518
0492,广州软件学院[民办],,计算机科学与技术,,,483,111133
0492,广州软件学院[民办],,软件工程,,,476,119752
0492,广州软件学院[民办],,软件工程(国际班),,,464,134859
0492,广州软件学院[民办],,网络工程(云计算创新实验班),,,471,126020
0492,广州软件学院[民办],,智能科学与技术(AI创新实验班),,,464,134859
0492,广州软件学院[民办],,信息管理与信息系统(国际班),,,459,141008
0493,广州商学院[民办],,金融学,,,456,144801
0493,广州商学院[民办],,金融学(中英双语创新班),,,449,153606
0493,广州商学院[民办],,法学,,,472,124770
0493,广州商学院[民办],,英语,,,463,136058
0493,广州商学院[民办],,商务英语(中英双语创新班),,,450,152346
0493,广州商学院[民办],,软件工程,,,453,148600
0493,广州商学院[民办],,市场营销,,,436,169642
0493,广州商学院[民办],,市场营销(中英双语创新班),,,446,157125
0493,广州商学院[民办],,会计学,,,464,134859
0493,广州商学院[民办],,会计学(中英双语创新班),,,460,139765
0493,广州商学院[民办],,国际商务(中英双语创新班),,,446,157125
0498,广州新华学院[民办],,投资学,,,442,162050
0498,广州新华学院[民办],,金融科技,,,446,157125
0498,广州新华学院[民办],,英语,,,453,148600
0498,广州新华学院[民办],,网络与新媒体,,,459,141008
0498,广州新华学院[民办],,智能制造工程,,,448,154772
0498,广州新华学院[民办],,电气工程及其自动化,,,460,139765
0498,广州新华学院[民办],,计算机科学与技术,,,458,142250
0498,广州新华学院[民办],,软件工程,,,459,141008
0498,广州新华学院[民办],,数字媒体技术,,,459,141008
0498,广州新华学院[民办],,健康服务与管理,,,439,165845
0498,广州新华学院[民办],,电子商务,,,448,154772
0499,广州中医药大学[公办],,生物技术,,,559,33069
0499,广州中医药大学[公办],,应用心理学,,,563,30033
0499,广州中医药大学[公办],,医学信息工程,,,559,33069
0499,广州中医药大学[公办],,医学影像学,,,584,17032
0499,广州中医药大学[公办],,中医学(5+3一体化),,,600,9823
0499,广州中医药大学[公办],,中医学,,,593,12676
0499,广州中医药大学[公办],,针灸推拿学,,,571,24634
0499,广州中医药大学[公办],,中西医临床医学,,,579,19795
0499,广州中医药大学[公办],,药学类,,,560,32247
0499,广州中医药大学[公办],,临床药学,,,571,24634
0499,广州中医药大学[公办],,中药学类,,,559,33069
0499,广州中医药大学[公办],,康复治疗学,,,556,35406
0499,广州中医药大学[公办],,护理学,,,560,32247
0502,贵阳康养职业大学[公办],,康复治疗,,,461,138513
0503,贵阳信息科技学院[民办],,生物工程,,,452,149859
0503,贵阳信息科技学院[民办],,健康服务与管理,,,447,155919
0504,贵州财经大学(贵阳市)[公办],,经济学类,,,540,49002
0504,贵州财经大学(贵阳市)[公办],,市场营销(中外合作办学),,,487,106171
0504,贵州财经大学(贵阳市)[公办],,会计学(中外合作办学),,,510,79317
0504,贵州财经大学(贵阳市)[公办],,财务管理(中外合作办学),,,506,83767
0505,贵州大学(贵阳市)[公办],,财政学类,,,580,19205
0505,贵州大学(贵阳市)[公办],,政治学类,,,571,24634
0505,贵州大学(贵阳市)[公办],,汉语言文学,,,581,18643
0505,贵州大学(贵阳市)[公办],,英语,,,577,20936
0505,贵州大学(贵阳市)[公办],,日语,,,568,26529
0505,贵州大学(贵阳市)[公办],,数学类,,,579,19795
0505,贵州大学(贵阳市)[公办],,物理学,,,574,22729
0505,贵州大学(贵阳市)[公办],,化学类,,,570,25269
0505,贵州大学(贵阳市)[公办],,生物科学类,,,569,25895
0505,贵州大学(贵阳市)[公办],,材料成型及控制工程,,,569,25895
0505,贵州大学(贵阳市)[公办],,材料类,,,565,28568
0505,贵州大学(贵阳市)[公办],,新能源科学与工程,,,578,20380
0505,贵州大学(贵阳市)[公办],,电气类,,,580,19205
0505,贵州大学(贵阳市)[公办],,电子信息类,,,584,17032
0505,贵州大学(贵阳市)[公办],,人工智能,,,585,16469
0505,贵州大学(贵阳市)[公办],,计算机类,,,586,15960
0505,贵州大学(贵阳市)[公办],,土木类,,,567,27220
0505,贵州大学(贵阳市)[公办],,水利水电工程,,,568,26529
0505,贵州大学(贵阳市)[公办],,水文与水资源工程,,,565,28568
0505,贵州大学(贵阳市)[公办],,测绘工程,,,565,28568
0505,贵州大学(贵阳市)[公办],,化工与制药类,,,567,27220
0505,贵州大学(贵阳市)[公办],,环境工程,,,569,25895
0505,贵州大学(贵阳市)[公办],,建筑类,,,572,23984
0505,贵州大学(贵阳市)[公办],,安全工程,,,566,27894
0505,贵州大学(贵阳市)[公办],,药学,,,566,27894
0505,贵州大学(贵阳市)[公办],,工商管理类,,,576,21536
0505,贵州大学(贵阳市)[公办],,公共管理类,,,569,25895
0505,贵州大学(贵阳市)[公办],,机械设计制造及其自动化(中外合作办学),,,543,46278
0505,贵州大学(贵阳市)[公办],,化学工程与工艺(中外合作办学),,,537,51825
0505,贵州大学(贵阳市)[公办],,环境科学(中外合作办学),,,540,49002
0505,贵州大学(贵阳市)[公办],,旅游管理(中外合作办学),,,521,67552
0506,贵州工程应用技术学院(毕节市)[公办],,计算机科学与技术,,,497,94131
0506,贵州工程应用技术学院(毕节市)[公办],,土木工程,,,488,104962
0511,贵州理工学院[公办],,材料类,,,488,104962
0511,贵州理工学院[公办],,新能源科学与工程,,,504,86042
0513,贵州民族大学(贵阳市)[公办],,自动化,,,520,68611
0513,贵州民族大学(贵阳市)[公办],,数据科学与大数据技术,,,520,68611
0513,贵州民族大学(贵阳市)[公办],,环境科学与工程类,,,512,76936
0514,贵州黔南经济学院(惠水县)[民办],,财政学,,,443,160819
0517,贵州商学院(贵阳市)[公办],,金融工程,,,497,94131
0517,贵州商学院(贵阳市)[公办],,数据科学与大数据技术,,,495,96518
0517,贵州商学院(贵阳市)[公办],,市场营销,,,489,103748
0519,贵州师范大学(贵阳市)[公办],,计算机科学与技术(3加1培养模式),,,497,94131
0519,贵州师范大学(贵阳市)[公办],,市场营销(国际通识教育课程),,,469,128494
0519,贵州师范大学(贵阳市)[公办],,旅游管理(国际通识教育课程),,,464,134859
0520,贵州师范学院(贵阳市)[公办],,电子信息类,,,495,96518
0521,贵州医科大学(贵阳市)[公办],,临床医学,,,578,20380
0521,贵州医科大学(贵阳市)[公办],,口腔医学,,,581,18643
0521,贵州医科大学(贵阳市)[公办],,药物制剂,,,542,47194
0522,贵州中医药大学[公办],,中医学,,,539,49949
0522,贵州中医药大学[公办],,中医儿科学,,,519,69642
0522,贵州中医药大学[公办],,中西医临床医学,,,536,52757
0522,贵州中医药大学[公办],,中药学,,,509,80441
0522,贵州中医药大学[公办],,药物制剂(中外合作办学),,,472,124770
0523,贵州中医药大学时珍学院[独立学院],,运动康复,,,457,143500
0523,贵州中医药大学时珍学院[独立学院],,药物制剂,,,465,133566
0523,贵州中医药大学时珍学院[独立学院],,医学检验技术,,,465,133566
0523,贵州中医药大学时珍学院[独立学院],,护理学,,,465,133566
0524,桂林电子科技大学[公办],,数学与应用数学,,,558,33822
0524,桂林电子科技大学[公办],,信息与计算科学,,,566,27894
0524,桂林电子科技大学[公办],,机械类,,,557,34586
0524,桂林电子科技大学[公办],,材料成型及控制工程,,,537,51825
0524,桂林电子科技大学[公办],,车辆工程,,,557,34586
0524,桂林电子科技大学[公办],,智能制造工程,,,561,31495
0524,桂林电子科技大学[公办],,仪器类,,,544,45381
0524,桂林电子科技大学[公办],,材料类,,,539,49949
0524,桂林电子科技大学[公办],,电气工程及其自动化,,,563,30033
0524,桂林电子科技大学[公办],,电子信息类,,,567,27220
0524,桂林电子科技大学[公办],,电子科学与技术,,,566,27894
0524,桂林电子科技大学[公办],,微电子科学与工程,,,563,30033
0524,桂林电子科技大学[公办],,光电信息科学与工程,,,564,29282
0524,桂林电子科技大学[公办],,电子封装技术,,,559,33069
0524,桂林电子科技大学[公办],,人工智能,,,566,27894
0524,桂林电子科技大学[公办],,自动化类,,,561,31495
0524,桂林电子科技大学[公办],,计算机类,,,571,24634
0524,桂林电子科技大学[公办],,信息安全,,,570,25269
0524,桂林电子科技大学[公办],,物联网工程,,,567,27220
0524,桂林电子科技大学[公办],,数字媒体技术,,,569,25895
0524,桂林电子科技大学[公办],,智能科学与技术,,,567,27220
0524,桂林电子科技大学[公办],,数据科学与大数据技术,,,567,27220
0524,桂林电子科技大学[公办],,网络空间安全,,,568,26529
0524,桂林电子科技大学[公办],,土木工程,,,542,47194
0524,桂林电子科技大学[公办],,建筑环境与能源应用工程,,,542,47194
0524,桂林电子科技大学[公办],,建筑电气与智能化,,,558,33822
0524,桂林电子科技大学[公办],,导航工程,,,554,36948
0524,桂林电子科技大学[公办],,交通工程,,,552,38584
0524,桂林电子科技大学[公办],,环境工程,,,534,54574
0524,桂林电子科技大学[公办],,市场营销,,,508,81575
0524,桂林电子科技大学[公办],,会计学,,,557,34586
0524,桂林电子科技大学[公办],,财务管理,,,562,30764
0524,桂林电子科技大学[公办],,工业工程,,,541,48106
0524,桂林电子科技大学[公办],,电子商务,,,555,36191
0524,桂林电子科技大学[公办],,电子信息工程(中外合作办学),,,537,51825
0525,桂林航天工业学院[公办],,机械设计制造及其自动化,,,513,75878
0525,桂林航天工业学院[公办],,材料成型及控制工程,,,494,97686
0525,桂林航天工业学院[公办],,机械电子工程,,,508,81575
0525,桂林航天工业学院[公办],,车辆工程,,,505,84880
0525,桂林航天工业学院[公办],,汽车服务工程,,,494,97686
0525,桂林航天工业学院[公办],,智能制造工程,,,506,83767
0525,桂林航天工业学院[公办],,新能源汽车工程,,,507,82620
0525,桂林航天工业学院[公办],,测控技术与仪器,,,504,86042
0525,桂林航天工业学院[公办],,能源与动力工程,,,510,79317
0525,桂林航天工业学院[公办],,电子信息工程,,,514,74839
0525,桂林航天工业学院[公办],,通信工程,,,513,75878
0525,桂林航天工业学院[公办],,自动化,,,511,78116
0525,桂林航天工业学院[公办],,计算机科学与技术,,,520,68611
0525,桂林航天工业学院[公办],,物联网工程,,,519,69642
0525,桂林航天工业学院[公办],,数字媒体技术,,,523,65475
0525,桂林航天工业学院[公办],,数据科学与大数据技术,,,520,68611
0525,桂林航天工业学院[公办],,建筑环境与能源应用工程,,,501,89173
0525,桂林航天工业学院[公办],,飞行器制造工程,,,512,76936
0525,桂林航天工业学院[公办],,飞行器动力工程,,,511,78116
0525,桂林航天工业学院[公办],,飞行器质量与可靠性,,,503,87191
0525,桂林航天工业学院[公办],,安全工程,,,492,100090
0525,桂林航天工业学院[公办],,工程管理,,,496,95288
0525,桂林航天工业学院[公办],,市场营销,,,487,106171
0525,桂林航天工业学院[公办],,财务管理,,,503,87191
0525,桂林航天工业学院[公办],,国际商务,,,499,91783
0525,桂林航天工业学院[公办],,人力资源管理,,,503,87191
0525,桂林航天工业学院[公办],,物流管理,,,498,92962
0525,桂林航天工业学院[公办],,物流工程,,,497,94131
0526,桂林理工大学[公办],,英语,,,530,58518
0526,桂林理工大学[公办],,新闻传播学类,,,524,64450
0526,桂林理工大学[公办],,信息与计算科学,,,536,52757
0526,桂林理工大学[公办],,应用物理学,,,524,64450
0526,桂林理工大学[公办],,地理信息科学,,,523,65475
0526,桂林理工大学[公办],,应用统计学,,,529,59504
0526,桂林理工大学[公办],,材料类,,,515,73836
0526,桂林理工大学[公办],,宝石及材料工艺学,,,523,65475
0526,桂林理工大学[公办],,电子信息类,,,540,49002
0526,桂林理工大学[公办],,计算机类,,,547,42788
0526,桂林理工大学[公办],,土木工程,,,523,65475
0526,桂林理工大学[公办],,水利类,,,515,73836
0526,桂林理工大学[公办],,测绘工程,,,516,72762
0526,桂林理工大学[公办],,化工与制药类,,,511,78116
0526,桂林理工大学[公办],,资源勘查工程,,,510,79317
0526,桂林理工大学[公办],,建筑类,,,521,67552
0526,桂林理工大学[公办],,工商管理类,,,519,69642
0526,桂林理工大学[公办],,会计学,,,529,59504
0526,桂林理工大学[公办],,机械设计制造及其自动化(中外合作办学),,,495,96518
0527,桂林旅游学院[公办],,英语,,,479,116040
0527,桂林旅游学院[公办],,人工智能,,,485,108714
0527,桂林旅游学院[公办],,食品质量与安全,,,476,119752
0527,桂林旅游学院[公办],,会展经济与管理,,,471,126020
0527,桂林旅游学院[公办],,旅游管理与服务教育,,,470,127253
0527,桂林旅游学院[公办],,酒店管理(中外合作办学),,,453,148600
0531,桂林信息科技学院[民办],,国际经济与贸易,,,434,172120
0531,桂林信息科技学院[民办],,英语(对外汉语),,,446,157125
0531,桂林信息科技学院[民办],,商务英语,,,448,154772
0531,桂林信息科技学院[民办],,机械设计制造及其自动化,,,435,170844
0531,桂林信息科技学院[民办],,机械电子工程,,,432,174661
0531,桂林信息科技学院[民办],,工业设计,,,438,167058
0531,桂林信息科技学院[民办],,智能制造工程,,,432,174661
0531,桂林信息科技学院[民办],,测控技术与仪器,,,431,175849
0531,桂林信息科技学院[民办],,测控技术与仪器(汽车电子方向),,,434,172120
0531,桂林信息科技学院[民办],,电气工程及其自动化,,,434,172120
0531,桂林信息科技学院[民办],,电子信息工程,,,434,172120
0531,桂林信息科技学院[民办],,通信工程,,,444,159559
0531,桂林信息科技学院[民办],,电子信息科学与技术,,,434,172120
0531,桂林信息科技学院[民办],,自动化,,,432,174661
0531,桂林信息科技学院[民办],,计算机科学与技术,,,448,154772
0531,桂林信息科技学院[民办],,软件工程,,,443,160819
0531,桂林信息科技学院[民办],,网络工程,,,437,168382
0531,桂林信息科技学院[民办],,物联网工程,,,434,172120
0531,桂林信息科技学院[民办],,数据科学与大数据技术,,,435,170844
0531,桂林信息科技学院[民办],,财务管理,,,436,169642
0531,桂林信息科技学院[民办],,人力资源管理,,,435,170844
0531,桂林信息科技学院[民办],,工业工程,,,432,174661
0531,桂林信息科技学院[民办],,电子商务,,,434,172120
0531,桂林信息科技学院[民办],,酒店管理,,,430,177075
0532,桂林学院[民办],,金融学类,,,453,148600
0532,桂林学院[民办],,小学教育,,,464,134859
0532,桂林学院[民办],,英语,,,465,133566
0532,桂林学院[民办],,商务英语,,,458,142250
0532,桂林学院[民办],,新闻传播学类,,,459,141008
0532,桂林学院[民办],,电子信息工程,,,456,144801
0532,桂林学院[民办],,计算机科学与技术,,,460,139765
0532,桂林学院[民办],,软件工程,,,457,143500
0532,桂林学院[民办],,物联网工程,,,457,143500
0532,桂林学院[民办],,数字媒体技术,,,455,146091
0532,桂林学院[民办],,数据科学与大数据技术,,,454,147340
0532,桂林学院[民办],,工商管理类,,,455,146091
0532,桂林学院[民办],,会计学,,,460,139765
0532,桂林学院[民办],,物业管理,,,451,151103
0532,桂林学院[民办],,健康服务与管理,,,455,146091
0532,桂林学院[民办],,电子商务,,,454,147340
0532,桂林学院[民办],,旅游管理类,,,453,148600
0533,桂林医学院[公办],,临床医学,,,530,58518
0533,桂林医学院[公办],,医学影像学,,,525,63402
0533,桂林医学院[公办],,预防医学,,,512,76936
0533,桂林医学院[公办],,药学,,,506,83767
0533,桂林医学院[公办],,医学检验技术,,,516,72762
0533,桂林医学院[公办],,康复治疗学,,,499,91783
0540,哈尔滨工程大学[公办],,金融学,,,595,11821
0540,哈尔滨工程大学[公办],,法学,,,596,11399
0540,哈尔滨工程大学[公办],,英语,,,591,13583
0540,哈尔滨工程大学[公办],,数学与应用数学,,,596,11399
0540,哈尔滨工程大学[公办],,机械类,,,594,12236
0540,哈尔滨工程大学[公办],,材料类,,,587,15439
0540,哈尔滨工程大学[公办],,能源动力类,,,592,13125
0540,哈尔滨工程大学[公办],,电子信息类,,,601,9445
0540,哈尔滨工程大学[公办],,光电信息科学与工程,,,599,10212
0540,哈尔滨工程大学[公办],,水声工程(含电子水声、水声、海洋信息3个专业),,,595,11821
0540,哈尔滨工程大学[公办],,自动化类,,,600,9823
0540,哈尔滨工程大学[公办],,计算机类,,,605,8076
0540,哈尔滨工程大学[公办],,软件工程(国家特色示范学院),,,600,9823
0540,哈尔滨工程大学[公办],,海洋工程类,,,589,14462
0540,哈尔滨工程大学[公办],,航空航天类,,,595,11821
0540,哈尔滨工程大学[公办],,核工程与核技术,,,595,11821
0540,哈尔滨工程大学[公办],,工商管理类,,,587,15439
0540,哈尔滨工程大学[公办],,机械设计制造及其自动化(中外合作办学),,,579,19795
0540,哈尔滨工程大学[公办],,材料物理(中外合作办学),,,567,27220
0540,哈尔滨工程大学[公办],,水声工程(中外合作办学),,,572,23984
0540,哈尔滨工程大学[公办],,自动化(中外合作办学),,,572,23984
0540,哈尔滨工程大学[公办],,土木工程(中外合作办学),,,550,40256
0540,哈尔滨工程大学[公办],,船舶与海洋工程(中外合作办学),,,567,27220
0542,哈尔滨工业大学[公办],,工科试验班(英才本硕博连读),,,649,764
0542,哈尔滨工业大学[公办],,工科试验班(航天与自动化),,,635,1889
0542,哈尔滨工业大学[公办],,工科试验班(计算机与电子通信),,,638,1604
0542,哈尔滨工业大学[公办],,工科试验班(智能装备),,,632,2283
0542,哈尔滨工业大学[公办],,工科试验班(智慧人居),,,648,837
0542,哈尔滨工业大学[公办],,数学与应用数学(中外合作办学),,,604,8390
0542,哈尔滨工业大学[公办],,应用物理学(中外合作办学),,,601,9445
0542,哈尔滨工业大学[公办],,化学(中外合作办学),,,597,10996
0542,哈尔滨工业大学[公办],,环境生态工程(中外合作办学),,,582,18065
0544,哈尔滨工业大学(深圳)[公办],,经济学类,,,641,1334
0544,哈尔滨工业大学(深圳)[公办],,数学类,,,641,1334
0544,哈尔滨工业大学(深圳)[公办],,机械类,,,641,1334
0544,哈尔滨工业大学(深圳)[公办],,电气类,,,642,1242
0544,哈尔滨工业大学(深圳)[公办],,电子信息类,,,646,949
0544,哈尔滨工业大学(深圳)[公办],,自动化类,,,645,1016
0544,哈尔滨工业大学(深圳)[公办],,计算机类,,,650,710
0545,哈尔滨工业大学(威海)[公办],,经济管理试验班,,,615,5323
0545,哈尔滨工业大学(威海)[公办],,数学类,,,618,4687
0545,哈尔滨工业大学(威海)[公办],,机械设计制造及其自动化,,,619,4458
0545,哈尔滨工业大学(威海)[公办],,车辆工程,,,616,5107
0545,哈尔滨工业大学(威海)[公办],,智能车辆工程,,,618,4687
0545,哈尔滨工业大学(威海)[公办],,材料类,,,614,5569
0545,哈尔滨工业大学(威海)[公办],,智能材料与结构,,,613,5819
0545,哈尔滨工业大学(威海)[公办],,能源与动力工程,,,620,4276
0545,哈尔滨工业大学(威海)[公办],,新能源科学与工程,,,617,4895
0545,哈尔滨工业大学(威海)[公办],,电气工程及其自动化,,,621,4073
0545,哈尔滨工业大学(威海)[公办],,电子信息类,,,620,4276
0545,哈尔滨工业大学(威海)[公办],,光电信息科学与工程,,,618,4687
0545,哈尔滨工业大学(威海)[公办],,自动化类,,,621,4073
0545,哈尔滨工业大学(威海)[公办],,机器人工程,,,622,3900
0545,哈尔滨工业大学(威海)[公办],,计算机类,,,625,3338
0545,哈尔滨工业大学(威海)[公办],,软件工程,,,619,4458
0545,哈尔滨工业大学(威海)[公办],,网络空间安全,,,622,3900
0547,哈尔滨广厦学院[民办],,应用心理学,,,443,160819
0547,哈尔滨广厦学院[民办],,软件工程,,,435,170844
0547,哈尔滨广厦学院[民办],,财务管理,,,436,169642
0547,哈尔滨广厦学院[民办],,人力资源管理,,,443,160819
0547,哈尔滨广厦学院[民办],,审计学,,,440,164582
0548,哈尔滨华德学院[民办],,机械设计制造及其自动化(英才班),,,430,177075
0548,哈尔滨华德学院[民办],,车辆工程(英才班),,,430,177075
0548,哈尔滨华德学院[民办],,智能制造工程(英才班),,,430,177075
0549,哈尔滨剑桥学院[民办],,国际经济与贸易,,,433,173411
0549,哈尔滨剑桥学院[民办],,机械类,,,437,168382
0549,哈尔滨剑桥学院[民办],,电子信息工程,,,436,169642
0549,哈尔滨剑桥学院[民办],,工程管理,,,433,173411
0549,哈尔滨剑桥学院[民办],,工程造价,,,434,172120
0549,哈尔滨剑桥学院[民办],,工商管理类,,,434,172120
0549,哈尔滨剑桥学院[民办],,人力资源管理,,,448,154772
0550,哈尔滨金融学院[公办],,国际经济与贸易,,,512,76936
0550,哈尔滨金融学院[公办],,财务管理,,,522,66475
0550,哈尔滨金融学院[公办],,电子商务,,,515,73836
0552,哈尔滨理工大学[公办],,信息与计算科学,,,562,30764
0552,哈尔滨理工大学[公办],,应用物理学,,,551,40256
0552,哈尔滨理工大学[公办],,应用统计学,,,554,36948
0552,哈尔滨理工大学[公办],,机械设计制造及其自动化,,,559,33069
0552,哈尔滨理工大学[公办],,材料成型及控制工程,,,546,43628
0552,哈尔滨理工大学[公办],,机械电子工程,,,558,33822
0552,哈尔滨理工大学[公办],,测控技术与仪器,,,553,37725
0552,哈尔滨理工大学[公办],,金属材料工程,,,540,49002
0552,哈尔滨理工大学[公办],,无机非金属材料工程,,,539,49949
0552,哈尔滨理工大学[公办],,高分子材料与工程,,,550,40256
0552,哈尔滨理工大学[公办],,能源与动力工程,,,557,34586
0552,哈尔滨理工大学[公办],,电气工程及其自动化,,,562,30764
0552,哈尔滨理工大学[公办],,电子信息工程,,,566,27894
0552,哈尔滨理工大学[公办],,电子科学与技术,,,562,30764
0552,哈尔滨理工大学[公办],,通信工程,,,566,27894
0552,哈尔滨理工大学[公办],,光电信息科学与工程,,,559,33069
0552,哈尔滨理工大学[公办],,自动化,,,559,33069
0552,哈尔滨理工大学[公办],,机器人工程,,,557,34586
0552,哈尔滨理工大学[公办],,计算机科学与技术,,,571,24634
0552,哈尔滨理工大学[公办],,网络工程,,,564,29282
0552,哈尔滨理工大学[公办],,物联网工程,,,566,27894
0552,哈尔滨理工大学[公办],,土木工程,,,552,38584
0552,哈尔滨理工大学[公办],,化工与制药类,,,550,40256
0552,哈尔滨理工大学[公办],,建筑学,,,547,42788
0552,哈尔滨理工大学[公办],,安全工程,,,542,47194
0552,哈尔滨理工大学[公办],,信息管理与信息系统,,,556,35406
0552,哈尔滨理工大学[公办],,工商管理,,,551,40256
0552,哈尔滨理工大学[公办],,市场营销,,,544,45381
0552,哈尔滨理工大学[公办],,人力资源管理,,,548,41891
0554,哈尔滨商业大学[公办],,经济学类(经济学院),,,535,53694
0554,哈尔滨商业大学[公办],,财政学类(财政与公共管理学院),,,540,49002
0554,哈尔滨商业大学[公办],,金融学类(金融学院),,,549,41073
0554,哈尔滨商业大学[公办],,经济与贸易类(经济学院),,,536,52757
0554,哈尔滨商业大学[公办],,统计学,,,544,45381
0554,哈尔滨商业大学[公办],,机械类(轻工学院),,,523,65475
0554,哈尔滨商业大学[公办],,能源与动力工程,,,524,64450
0554,哈尔滨商业大学[公办],,物联网工程,,,552,38584
0554,哈尔滨商业大学[公办],,制药工程,,,525,63402
0554,哈尔滨商业大学[公办],,油气储运工程,,,506,83767
0554,哈尔滨商业大学[公办],,食品科学与工程类(食品工程学院),,,521,67552
0554,哈尔滨商业大学[公办],,工商管理类(商务学院),,,529,59504
0554,哈尔滨商业大学[公办],,工商管理类(会计学院),,,545,44494
0555,哈尔滨师范大学[公办],,英语,,,559,33069
0555,哈尔滨师范大学[公办],,数学与应用数学,,,555,36191
0555,哈尔滨师范大学[公办],,物理学,,,549,41073
0555,哈尔滨师范大学[公办],,化学,,,548,41891
0555,哈尔滨师范大学[公办],,地理科学,,,549,41073
0555,哈尔滨师范大学[公办],,地理信息科学,,,539,49949
0555,哈尔滨师范大学[公办],,生物科学,,,551,40256
0555,哈尔滨师范大学[公办],,软件工程,,,543,46278
0555,哈尔滨师范大学[公办],,会计学,,,547,42788
0555,哈尔滨师范大学[公办],,劳动与社会保障,,,530,58518
0556,哈尔滨石油学院[民办],,机械类,,,443,160819
0556,哈尔滨石油学院[民办],,电子信息工程,,,450,152346
0556,哈尔滨石油学院[民办],,通信工程,,,444,159559
0556,哈尔滨石油学院[民办],,计算机科学与技术,,,452,149859
0556,哈尔滨石油学院[民办],,物联网工程,,,450,152346
0556,哈尔滨石油学院[民办],,土木工程,,,438,167058
0556,哈尔滨石油学院[民办],,化学工程与工艺,,,448,154772
0556,哈尔滨石油学院[民办],,石油工程,,,447,155919
0556,哈尔滨石油学院[民办],,油气储运工程,,,438,167058
0556,哈尔滨石油学院[民办],,工程管理,,,443,160819
0556,哈尔滨石油学院[民办],,工程造价,,,450,152346
0557,哈尔滨体育学院[公办],,运动人体科学,,,472,124770
0559,哈尔滨信息工程学院[民办],,电子信息工程,,,440,164582
0559,哈尔滨信息工程学院[民办],,计算机科学与技术,,,435,170844
0559,哈尔滨信息工程学院[民办],,软件工程,,,434,172120
0559,哈尔滨信息工程学院[民办],,电子商务,,,433,173411
0560,哈尔滨学院[公办],,地理信息科学,,,575,22143
0560,哈尔滨学院[公办],,软件工程,,,507,82620
0560,哈尔滨学院[公办],,土木类,,,497,94131
0561,哈尔滨医科大学[公办],,生物信息学,,,572,23984
0561,哈尔滨医科大学[公办],,医学信息工程,,,535,53694
0561,哈尔滨医科大学[公办],,基础医学(伍连德班),,,598,10589
0561,哈尔滨医科大学[公办],,基础医学,,,589,14462
0561,哈尔滨医科大学[公办],,临床医学(5+3一体化，于维汉班),,,624,3506
0561,哈尔滨医科大学[公办],,临床医学(5+3一体化),,,617,4895
0561,哈尔滨医科大学[公办],,临床医学(5+3一体化，儿科学硕士),,,607,7470
0561,哈尔滨医科大学[公办],,临床医学,,,598,10589
0561,哈尔滨医科大学[公办],,麻醉学,,,602,9065
0561,哈尔滨医科大学[公办],,医学影像学,,,592,13125
0561,哈尔滨医科大学[公办],,精神医学,,,569,25895
0561,哈尔滨医科大学[公办],,口腔医学,,,606,7785
0561,哈尔滨医科大学[公办],,预防医学,,,574,22729
0561,哈尔滨医科大学[公办],,药学,,,576,21536
0561,哈尔滨医科大学[公办],,临床药学,,,568,26529
0561,哈尔滨医科大学[公办],,中药学,,,553,37725
0561,哈尔滨医科大学[公办],,医学检验技术,,,552,38584
0561,哈尔滨医科大学[公办],,智能医学工程,,,554,36948
0561,哈尔滨医科大学[公办],,护理学,,,542,47194
0561,哈尔滨医科大学[公办],,健康服务与管理,,,517,71732
0565,哈尔滨远东理工学院[民办],,机械类,,,433,173411
0565,哈尔滨远东理工学院[民办],,计算机类,,,437,168382
0567,海军军医大学[公办],,临床医学(高级临床医师),,,624,3506
0567,海军军医大学[公办],,临床医学(临床医师),,,603,8730
0567,海军军医大学[公办],,麻醉学(临床麻醉医师),,,609,6887
0567,海军军医大学[公办],,医学影像学(临床影像医师),,,605,8076
0567,海军军医大学[公办],,中医学(中医临床医师),,,595,11821
0567,海军军医大学[公办],,药学(药剂师),,,594,12236
0567,海军军医大学[公办],,护理学(护师),,,582,18065
0568,海口经济学院[民办],,经济学类,,,431,175849
0568,海口经济学院[民办],,外国语言文学类,,,430,177075
0568,海口经济学院[民办],,新闻学(网络新媒体),,,430,177075
0568,海口经济学院[民办],,通信工程,,,435,170844
0568,海口经济学院[民办],,计算机科学与技术,,,433,173411
0568,海口经济学院[民办],,数字媒体技术,,,430,177075
0568,海口经济学院[民办],,数据科学与大数据技术,,,432,174661
0568,海口经济学院[民办],,土木工程,,,430,177075
0568,海口经济学院[民办],,交通运输(民航运输),,,430,177075
0568,海口经济学院[民办],,建筑类,,,,
0568,海口经济学院[民办],,工程造价,,,430,177075
0568,海口经济学院[民办],,会计学,,,438,167058
0568,海口经济学院[民办],,财务管理,,,430,177075
0568,海口经济学院[民办],,人力资源管理(薪酬绩效设计师),,,430,177075
0568,海口经济学院[民办],,人力资源管理,,,444,159559
0568,海口经济学院[民办],,审计学,,,435,170844
0568,海口经济学院[民办],,物流管理(国际物流),,,430,177075
0568,海口经济学院[民办],,电子商务,,,430,177075
0569,海南大学(海口市)[公办],,金融学,,,586,15960
0569,海南大学(海口市)[公办],,法学,,,593,12676
0569,海南大学(海口市)[公办],,数学与应用数学,,,589,14462
0569,海南大学(海口市)[公办],,应用物理学,,,572,23984
0569,海南大学(海口市)[公办],,应用化学,,,569,25895
0569,海南大学(海口市)[公办],,海洋科学,,,569,25895
0569,海南大学(海口市)[公办],,生物科学,,,572,23984
0569,海南大学(海口市)[公办],,生物技术,,,570,25269
0569,海南大学(海口市)[公办],,生态学,,,564,29282
0569,海南大学(海口市)[公办],,机械设计制造及其自动化,,,578,20380
0569,海南大学(海口市)[公办],,车辆工程,,,576,21536
0569,海南大学(海口市)[公办],,材料类,,,573,23356
0569,海南大学(海口市)[公办],,电子信息类,,,585,16469
0569,海南大学(海口市)[公办],,人工智能,,,583,17536
0569,海南大学(海口市)[公办],,自动化,,,579,19795
0569,海南大学(海口市)[公办],,计算机科学与技术,,,587,15439
0569,海南大学(海口市)[公办],,软件工程(NIIT),,,581,18643
0569,海南大学(海口市)[公办],,信息安全,,,584,17032
0569,海南大学(海口市)[公办],,数据科学与大数据技术,,,582,18065
0569,海南大学(海口市)[公办],,密码科学与技术,,,580,19205
0569,海南大学(海口市)[公办],,土木工程,,,569,25895
0569,海南大学(海口市)[公办],,化学工程与工艺,,,567,27220
0569,海南大学(海口市)[公办],,环境科学,,,569,25895
0569,海南大学(海口市)[公办],,生物医学工程,,,566,27894
0569,海南大学(海口市)[公办],,食品科学与工程类,,,568,26529
0569,海南大学(海口市)[公办],,建筑学,,,576,21536
0569,海南大学(海口市)[公办],,风景园林,,,570,25269
0569,海南大学(海口市)[公办],,农学,,,568,26529
0569,海南大学(海口市)[公办],,园艺,,,554,36948
0569,海南大学(海口市)[公办],,植物保护,,,563,30033
0569,海南大学(海口市)[公办],,设施农业科学与工程,,,560,32247
0569,海南大学(海口市)[公办],,农业资源与环境,,,549,41073
0569,海南大学(海口市)[公办],,动物科学,,,561,31495
0569,海南大学(海口市)[公办],,动物医学,,,554,36948
0569,海南大学(海口市)[公办],,林学,,,560,32247
0569,海南大学(海口市)[公办],,园林,,,565,28568
0569,海南大学(海口市)[公办],,水产养殖学,,,558,33822
0569,海南大学(海口市)[公办],,药学,,,572,23984
0569,海南大学(海口市)[公办],,土地资源管理,,,575,22143
0569,海南大学(海口市)[公办],,物流管理,,,571,24634
0569,海南大学(海口市)[公办],,人文地理与城乡规划(中外合作办学),,,553,37725
0569,海南大学(海口市)[公办],,行政管理(中外合作办学),,,557,34586
0569,海南大学(海口市)[公办],,酒店管理(中外合作办学),,,535,53694
0569,海南大学(海口市)[公办],,会展经济与管理(中外合作办学),,,547,42788
0573,海南科技职业大学[民办],,建筑工程,,,437,168382
0573,海南科技职业大学[民办],,物联网工程技术,,,437,168382
0573,海南科技职业大学[民办],,大数据工程技术,,,435,170844
0573,海南科技职业大学[民办],,护理,,,437,168382
0573,海南科技职业大学[民办],,大数据与财务管理,,,435,170844
0574,海南热带海洋学院(三亚市)[公办],,中国语言文学类,,,506,83767
0574,海南热带海洋学院(三亚市)[公办],,数学与应用数学,,,496,95288
0574,海南热带海洋学院(三亚市)[公办],,物理学,,,491,101322
0574,海南热带海洋学院(三亚市)[公办],,海洋科学类,,,488,104962
0574,海南热带海洋学院(三亚市)[公办],,海洋资源与环境,,,498,92962
0574,海南热带海洋学院(三亚市)[公办],,生物科学类,,,490,102500
0574,海南热带海洋学院(三亚市)[公办],,生态学,,,488,104962
0574,海南热带海洋学院(三亚市)[公办],,应用心理学,,,494,97686
0574,海南热带海洋学院(三亚市)[公办],,电子信息类,,,497,94131
0574,海南热带海洋学院(三亚市)[公办],,计算机类,,,499,91783
0574,海南热带海洋学院(三亚市)[公办],,数字媒体技术,,,500,90630
0574,海南热带海洋学院(三亚市)[公办],,环境工程,,,494,97686
0574,海南热带海洋学院(三亚市)[公办],,食品科学与工程类,,,487,106171
0574,海南热带海洋学院(三亚市)[公办],,工商管理类,,,495,96518
0574,海南热带海洋学院(三亚市)[公办],,旅游管理类,,,486,107443
0574,海南热带海洋学院(三亚市)[公办],,市场营销(中外合作办学),,,458,142250
0574,海南热带海洋学院(三亚市)[公办],,旅游管理(中外合作办学),,,463,136058
0576,海南师范大学(海口市)[公办],,经济学类,,,539,49949
0576,海南师范大学(海口市)[公办],,法学,,,544,45381
0576,海南师范大学(海口市)[公办],,思想政治教育,,,546,43628
0576,海南师范大学(海口市)[公办],,教育学类,,,541,48106
0576,海南师范大学(海口市)[公办],,教育技术学,,,537,51825
0576,海南师范大学(海口市)[公办],,小学教育(英语教育方向),,,540,49002
0576,海南师范大学(海口市)[公办],,汉语言文学,,,547,42788
0576,海南师范大学(海口市)[公办],,英语,,,548,41891
0576,海南师范大学(海口市)[公办],,翻译,,,543,46278
0576,海南师范大学(海口市)[公办],,新闻传播学类,,,547,42788
0576,海南师范大学(海口市)[公办],,数学与应用数学,,,544,45381
0576,海南师范大学(海口市)[公办],,物理学,,,547,42788
0576,海南师范大学(海口市)[公办],,化学,,,542,47194
0576,海南师范大学(海口市)[公办],,地理科学类,,,531,57544
0576,海南师范大学(海口市)[公办],,地理科学,,,540,49002
0576,海南师范大学(海口市)[公办],,生物科学,,,541,48106
0576,海南师范大学(海口市)[公办],,生物技术,,,536,52757
0576,海南师范大学(海口市)[公办],,生态学,,,520,68611
0576,海南师范大学(海口市)[公办],,应用心理学,,,537,51825
0576,海南师范大学(海口市)[公办],,统计学,,,532,56540
0576,海南师范大学(海口市)[公办],,光电信息科学与工程,,,534,54574
0576,海南师范大学(海口市)[公办],,电子信息科学与技术,,,537,51825
0576,海南师范大学(海口市)[公办],,人工智能,,,533,55500
0576,海南师范大学(海口市)[公办],,自动化,,,534,54574
0576,海南师范大学(海口市)[公办],,计算机科学与技术,,,544,45381
0576,海南师范大学(海口市)[公办],,软件工程(NIIT班),,,524,64450
0576,海南师范大学(海口市)[公办],,数据科学与大数据技术,,,541,48106
0576,海南师范大学(海口市)[公办],,网络空间安全,,,535,53694
0576,海南师范大学(海口市)[公办],,制药工程,,,520,68611
0576,海南师范大学(海口市)[公办],,园林,,,522,66475
0576,海南师范大学(海口市)[公办],,工商管理类,,,536,52757
0576,海南师范大学(海口市)[公办],,电子商务,,,529,59504
0576,海南师范大学(海口市)[公办],,旅游管理类,,,516,72762
0576,海南师范大学(海口市)[公办],,学前教育(中外合作办学),,,499,91783
0579,海南医学院(海口市)[公办],,生物技术,,,499,91783
0579,海南医学院(海口市)[公办],,应用统计学,,,504,86042
0579,海南医学院(海口市)[公办],,医学信息工程,,,509,80441
0579,海南医学院(海口市)[公办],,临床医学,,,537,51825
0579,海南医学院(海口市)[公办],,麻醉学,,,535,53694
0579,海南医学院(海口市)[公办],,医学影像学,,,532,56540
0579,海南医学院(海口市)[公办],,口腔医学,,,547,42788
0579,海南医学院(海口市)[公办],,预防医学,,,510,79317
0579,海南医学院(海口市)[公办],,中医学,,,518,70669
0579,海南医学院(海口市)[公办],,中西医临床医学,,,519,69642
0579,海南医学院(海口市)[公办],,药学,,,516,72762
0579,海南医学院(海口市)[公办],,海洋药学,,,491,101322
0579,海南医学院(海口市)[公办],,医学检验技术,,,517,71732
0579,海南医学院(海口市)[公办],,护理学,,,512,76936
0583,邯郸学院[公办],,数字经济,,,473,123482
0583,邯郸学院[公办],,经济与金融,,,481,113547
0583,邯郸学院[公办],,思想政治教育,,,490,102500
0583,邯郸学院[公办],,教育学,,,484,109959
0583,邯郸学院[公办],,学前教育,,,479,116040
0583,邯郸学院[公办],,小学教育,,,488,104962
0583,邯郸学院[公办],,特殊教育,,,474,122219
0583,邯郸学院[公办],,教育康复学,,,472,124770
0583,邯郸学院[公办],,汉语言文学,,,503,87191
0583,邯郸学院[公办],,汉语国际教育,,,488,104962
0583,邯郸学院[公办],,秘书学,,,472,124770
0583,邯郸学院[公办],,英语,,,500,90630
0583,邯郸学院[公办],,日语,,,474,122219
0583,邯郸学院[公办],,翻译,,,486,107443
0583,邯郸学院[公办],,商务英语,,,488,104962
0583,邯郸学院[公办],,历史学,,,475,120971
0583,邯郸学院[公办],,数学与应用数学,,,487,106171
0583,邯郸学院[公办],,物理学,,,479,116040
0583,邯郸学院[公办],,化学,,,483,111133
0583,邯郸学院[公办],,应用化学,,,469,128494
0583,邯郸学院[公办],,地理科学,,,488,104962
0583,邯郸学院[公办],,地理信息科学,,,477,118522
0583,邯郸学院[公办],,生物科学,,,483,111133
0583,邯郸学院[公办],,生物技术,,,467,130969
0583,邯郸学院[公办],,应用心理学,,,479,116040
0583,邯郸学院[公办],,统计学,,,478,117259
0583,邯郸学院[公办],,机械设计制造及其自动化,,,478,117259
0583,邯郸学院[公办],,智能制造工程,,,476,119752
0583,邯郸学院[公办],,材料化学,,,466,132235
0583,邯郸学院[公办],,电气工程及其自动化,,,481,113547
0583,邯郸学院[公办],,电子信息工程,,,482,112324
0583,邯郸学院[公办],,通信工程,,,479,116040
0583,邯郸学院[公办],,人工智能,,,481,113547
0583,邯郸学院[公办],,计算机科学与技术,,,493,98867
0583,邯郸学院[公办],,软件工程,,,487,106171
0583,邯郸学院[公办],,网络工程,,,481,113547
0583,邯郸学院[公办],,化学工程与工艺,,,468,129759
0583,邯郸学院[公办],,制药工程,,,470,127253
0583,邯郸学院[公办],,环境生态工程,,,466,132235
0583,邯郸学院[公办],,食品科学与工程,,,467,130969
0583,邯郸学院[公办],,康复治疗学,,,474,122219
0583,邯郸学院[公办],,财务管理,,,486,107443
0583,邯郸学院[公办],,文化产业管理,,,473,123482
0583,邯郸学院[公办],,物流工程,,,469,128494
0583,邯郸学院[公办],,旅游管理,,,467,130969
0583,邯郸学院[公办],,环境生态工程(中外合作办学),,,458,142250
0586,韩山师范学院[公办],,软件工程,,,506,83767
0586,韩山师范学院[公办],,数据科学与大数据技术,,,503,87191
0587,汉口学院(武汉市)[民办],,机械电子工程,,,452,149859
0589,杭州电子科技大学[公办],,经济学类,,,581,18643
0589,杭州电子科技大学[公办],,英语,,,581,18643
0589,杭州电子科技大学[公办],,传播学,,,579,19795
0589,杭州电子科技大学[公办],,数学类,,,587,15439
0589,杭州电子科技大学[公办],,统计学,,,582,18065
0589,杭州电子科技大学[公办],,机械类,,,585,16469
0589,杭州电子科技大学[公办],,工业设计,,,583,17536
0589,杭州电子科技大学[公办],,智能制造工程,,,592,13125
0589,杭州电子科技大学[公办],,材料科学与工程,,,575,22143
0589,杭州电子科技大学[公办],,电子信息类(电子信息学院),,,595,11821
0589,杭州电子科技大学[公办],,电子信息类(通信学院),,,594,12236
0589,杭州电子科技大学[公办],,自动化,,,591,13583
0589,杭州电子科技大学[公办],,计算机类,,,599,10212
0589,杭州电子科技大学[公办],,网络工程,,,598,10589
0589,杭州电子科技大学[公办],,管理科学与工程类,,,577,20936
0589,杭州电子科技大学[公办],,工商管理类,,,574,22729
0589,杭州电子科技大学[公办],,工业工程,,,582,18065
0589,杭州电子科技大学[公办],,电子商务,,,581,18643
0589,杭州电子科技大学[公办],,自动化(中外合作办学),,,574,22729
0589,杭州电子科技大学[公办],,计算机科学与技术(中外合作办学),,,584,17032
0590,杭州电子科技大学信息工程学院(杭州市)[独立学院],,机械设计制造及其自动化(智能制造方向),,,478,117259
0590,杭州电子科技大学信息工程学院(杭州市)[独立学院],,电气工程及其自动化(新能源电力方向),,,482,112324
0590,杭州电子科技大学信息工程学院(杭州市)[独立学院],,电子信息类,,,477,118522
0590,杭州电子科技大学信息工程学院(杭州市)[独立学院],,通信工程,,,494,97686
0590,杭州电子科技大学信息工程学院(杭州市)[独立学院],,自动化(机器人方向),,,481,113547
0590,杭州电子科技大学信息工程学院(杭州市)[独立学院],,计算机类,,,502,88336
0590,杭州电子科技大学信息工程学院(杭州市)[独立学院],,管理科学与工程类,,,494,97686
0591,杭州师范大学[公办],,经济学,,,574,22729
0591,杭州师范大学[公办],,金融工程,,,570,25269
0591,杭州师范大学[公办],,教育技术学(师范),,,565,28568
0591,杭州师范大学[公办],,应用化学,,,564,29282
0591,杭州师范大学[公办],,生物科学(师范),,,571,24634
0591,杭州师范大学[公办],,生态学,,,560,32247
0591,杭州师范大学[公办],,应用心理学,,,562,30764
0591,杭州师范大学[公办],,机械设计制造及其自动化,,,564,29282
0591,杭州师范大学[公办],,工业设计,,,565,28568
0591,杭州师范大学[公办],,电子信息工程,,,572,23984
0591,杭州师范大学[公办],,计算机科学与技术,,,574,22729
0591,杭州师范大学[公办],,软件工程,,,573,23356
0591,杭州师范大学[公办],,数据科学与大数据技术,,,571,24634
0591,杭州师范大学[公办],,基础医学,,,529,59504
0591,杭州师范大学[公办],,临床医学,,,573,23356
0591,杭州师范大学[公办],,预防医学,,,530,58518
0591,杭州师范大学[公办],,药学,,,550,40256
0591,杭州师范大学[公办],,大数据管理与应用,,,572,23984
0591,杭州师范大学[公办],,电子商务,,,564,29282
0591,杭州师范大学[公办],,电子商务(数字商务创新实验班),,,562,30764
0594,合肥城市学院[民办],,工业设计,,,458,142250
0594,合肥城市学院[民办],,汽车服务工程,,,454,147340
0594,合肥城市学院[民办],,电子信息工程,,,464,134859
0594,合肥城市学院[民办],,土木工程,,,457,143500
0594,合肥城市学院[民办],,给排水科学与工程,,,454,147340
0595,合肥工业大学[公办],,经济学,,,593,12676
0595,合肥工业大学[公办],,金融工程,,,591,13583
0595,合肥工业大学[公办],,数学与应用数学,,,598,10589
0595,合肥工业大学[公办],,信息与计算科学,,,597,10996
0595,合肥工业大学[公办],,应用物理学,,,593,12676
0595,合肥工业大学[公办],,应用化学,,,580,19205
0595,合肥工业大学[公办],,地理信息科学,,,589,14462
0595,合肥工业大学[公办],,地质学,,,574,22729
0595,合肥工业大学[公办],,统计学,,,593,12676
0595,合肥工业大学[公办],,工程力学,,,586,15960
0595,合肥工业大学[公办],,机械类(智能制造),,,592,13125
0595,合肥工业大学[公办],,材料成型及控制工程,,,585,16469
0595,合肥工业大学[公办],,车辆工程,,,595,11821
0595,合肥工业大学[公办],,智能车辆工程,,,596,11399
0595,合肥工业大学[公办],,仪器类,,,587,15439
0595,合肥工业大学[公办],,材料类,,,581,18643
0595,合肥工业大学[公办],,材料物理,,,578,20380
0595,合肥工业大学[公办],,高分子材料与工程,,,589,14462
0595,合肥工业大学[公办],,能源与动力工程,,,593,12676
0595,合肥工业大学[公办],,新能源科学与工程,,,595,11821
0595,合肥工业大学[公办],,电气工程及其自动化,,,600,9823
0595,合肥工业大学[公办],,电子信息工程,,,599,10212
0595,合肥工业大学[公办],,电子科学与技术,,,600,9823
0595,合肥工业大学[公办],,通信工程,,,601,9445
0595,合肥工业大学[公办],,微电子科学与工程,,,598,10589
0595,合肥工业大学[公办],,集成电路设计与集成系统,,,595,11821
0595,合肥工业大学[公办],,自动化,,,598,10589
0595,合肥工业大学[公办],,机器人工程,,,596,11399
0595,合肥工业大学[公办],,计算机科学与技术,,,607,7470
0595,合肥工业大学[公办],,软件工程,,,601,9445
0595,合肥工业大学[公办],,信息安全,,,601,9445
0595,合肥工业大学[公办],,智能科学与技术,,,602,9065
0595,合肥工业大学[公办],,土木类,,,580,19205
0595,合肥工业大学[公办],,智能建造,,,585,16469
0595,合肥工业大学[公办],,水利水电工程,,,580,19205
0595,合肥工业大学[公办],,水文与水资源工程,,,569,25895
0595,合肥工业大学[公办],,测绘工程,,,572,23984
0595,合肥工业大学[公办],,遥感科学与技术,,,593,12676
0595,合肥工业大学[公办],,化学工程与工艺,,,584,17032
0595,合肥工业大学[公办],,地质类,,,572,23984
0595,合肥工业大学[公办],,交通运输,,,590,14004
0595,合肥工业大学[公办],,交通工程,,,590,14004
0595,合肥工业大学[公办],,环境工程,,,584,17032
0595,合肥工业大学[公办],,食品科学与工程类,,,576,21536
0595,合肥工业大学[公办],,建筑学,,,597,10996
0595,合肥工业大学[公办],,城乡规划,,,585,16469
0595,合肥工业大学[公办],,风景园林,,,581,18643
0595,合肥工业大学[公办],,信息管理与信息系统,,,597,10996
0595,合肥工业大学[公办],,大数据管理与应用,,,597,10996
0595,合肥工业大学[公办],,工商管理类,,,588,14950
0595,合肥工业大学[公办],,工业工程,,,586,15960
0595,合肥工业大学[公办],,电子商务,,,586,15960
0595,合肥工业大学[公办],,国际经济与贸易(中外合作办学),,,554,36948
0597,合肥工业大学(宣城校区)[公办],,经济学,,,587,15439
0597,合肥工业大学(宣城校区)[公办],,生物技术,,,570,25269
0597,合肥工业大学(宣城校区)[公办],,机械工程,,,586,15960
0597,合肥工业大学(宣城校区)[公办],,材料成型及控制工程,,,578,20380
0597,合肥工业大学(宣城校区)[公办],,材料成型及控制工程,,,568,26529
0597,合肥工业大学(宣城校区)[公办],,过程装备与控制工程,,,580,19205
0597,合肥工业大学(宣城校区)[公办],,新能源材料与器件,,,585,16469
0597,合肥工业大学(宣城校区)[公办],,电气工程与智能控制,,,592,13125
0597,合肥工业大学(宣城校区)[公办],,电子信息科学与技术,,,595,11821
0597,合肥工业大学(宣城校区)[公办],,计算机科学与技术,,,598,10589
0597,合肥工业大学(宣城校区)[公办],,物联网工程,,,596,11399
0597,合肥工业大学(宣城校区)[公办],,城市地下空间工程,,,572,23984
0597,合肥工业大学(宣城校区)[公办],,能源化学工程,,,576,21536
0597,合肥工业大学(宣城校区)[公办],,精细化工,,,571,24634
0597,合肥工业大学(宣城校区)[公办],,交通设备与控制工程(先进载运工具),,,576,21536
0597,合肥工业大学(宣城校区)[公办],,环境工程,,,575,22143
0597,合肥工业大学(宣城校区)[公办],,环境生态工程,,,569,25895
0597,合肥工业大学(宣城校区)[公办],,食品质量与安全,,,574,22729
0597,合肥工业大学(宣城校区)[公办],,物流管理,,,576,21536
0601,合肥师范学院[公办],,经济统计学,,,498,92962
0601,合肥师范学院[公办],,数学与应用数学,,,506,83767
0601,合肥师范学院[公办],,化学,,,501,89173
0601,合肥师范学院[公办],,生物技术,,,494,97686
0601,合肥师范学院[公办],,材料科学与工程,,,480,114796
0601,合肥师范学院[公办],,通信工程,,,499,91783
0601,合肥师范学院[公办],,计算机类,,,509,80441
0601,合肥师范学院[公办],,制药工程,,,492,100090
0601,合肥师范学院[公办],,食品质量与安全,,,494,97686
0603,合肥学院[公办],,经济学,,,517,71732
0603,合肥学院[公办],,经济工程,,,504,86042
0603,合肥学院[公办],,金融学,,,515,73836
0603,合肥学院[公办],,网络与新媒体,,,523,65475
0603,合肥学院[公办],,数学与应用数学,,,520,68611
0603,合肥学院[公办],,应用统计学,,,515,73836
0603,合肥学院[公办],,机械设计制造及其自动化,,,516,72762
0603,合肥学院[公办],,车辆工程,,,513,75878
0603,合肥学院[公办],,智能制造工程,,,514,74839
0603,合肥学院[公办],,无机非金属材料工程,,,498,92962
0603,合肥学院[公办],,粉体材料科学与工程,,,495,96518
0603,合肥学院[公办],,电子信息工程,,,527,61435
0603,合肥学院[公办],,通信工程,,,517,71732
0603,合肥学院[公办],,计算机科学与技术,,,524,64450
0603,合肥学院[公办],,网络工程,,,524,64450
0603,合肥学院[公办],,能源化学工程,,,502,88336
0603,合肥学院[公办],,交通工程,,,511,78116
0603,合肥学院[公办],,食品科学与工程,,,497,94131
0603,合肥学院[公办],,生物工程,,,497,94131
0603,合肥学院[公办],,工商管理,,,514,74839
0603,合肥学院[公办],,酒店管理,,,488,104962
0603,合肥学院[公办],,物流管理(中外合作办学),,,475,120971
0608,河北北方学院[公办],,经济与金融,,,487,106171
0608,河北北方学院[公办],,思想政治教育,,,498,92962
0608,河北北方学院[公办],,学前教育,,,484,109959
0608,河北北方学院[公办],,英语,,,501,89173
0608,河北北方学院[公办],,俄语,,,478,117259
0608,河北北方学院[公办],,日语,,,476,119752
0608,河北北方学院[公办],,商务英语,,,490,102500
0608,河北北方学院[公办],,数学与应用数学,,,494,97686
0608,河北北方学院[公办],,信息与计算科学,,,486,107443
0608,河北北方学院[公办],,物理学,,,482,112324
0608,河北北方学院[公办],,化学,,,483,111133
0608,河北北方学院[公办],,应用化学,,,476,119752
0608,河北北方学院[公办],,生物信息学,,,476,119752
0608,河北北方学院[公办],,应用心理学,,,485,108714
0608,河北北方学院[公办],,统计学,,,485,108714
0608,河北北方学院[公办],,新能源科学与工程,,,482,112324
0608,河北北方学院[公办],,电子信息工程,,,487,106171
0608,河北北方学院[公办],,通信工程,,,486,107443
0608,河北北方学院[公办],,信息工程,,,483,111133
0608,河北北方学院[公办],,医学信息工程,,,477,118522
0608,河北北方学院[公办],,计算机科学与技术,,,501,89173
0608,河北北方学院[公办],,智能科学与技术,,,491,101322
0608,河北北方学院[公办],,数据科学与大数据技术,,,491,101322
0608,河北北方学院[公办],,制药工程,,,480,114796
0608,河北北方学院[公办],,食品科学与工程,,,474,122219
0608,河北北方学院[公办],,食品质量与安全,,,480,114796
0608,河北北方学院[公办],,农学,,,473,123482
0608,河北北方学院[公办],,园艺,,,469,128494
0608,河北北方学院[公办],,植物保护,,,470,127253
0608,河北北方学院[公办],,种子科学与工程,,,471,126020
0608,河北北方学院[公办],,动物科学,,,467,130969
0608,河北北方学院[公办],,动物医学,,,473,123482
0608,河北北方学院[公办],,动物药学,,,470,127253
0608,河北北方学院[公办],,动植物检疫,,,466,132235
0608,河北北方学院[公办],,草业科学,,,470,127253
0608,河北北方学院[公办],,临床医学,,,522,66475
0608,河北北方学院[公办],,麻醉学,,,517,71732
0608,河北北方学院[公办],,医学影像学,,,518,70669
0608,河北北方学院[公办],,口腔医学,,,527,61435
0608,河北北方学院[公办],,预防医学,,,492,100090
0608,河北北方学院[公办],,中医学,,,506,83767
0608,河北北方学院[公办],,针灸推拿学,,,498,92962
0608,河北北方学院[公办],,中西医临床医学,,,508,81575
0608,河北北方学院[公办],,药学,,,482,112324
0608,河北北方学院[公办],,药物制剂,,,479,116040
0608,河北北方学院[公办],,中药学,,,483,111133
0608,河北北方学院[公办],,法医学,,,495,96518
0608,河北北方学院[公办],,医学检验技术,,,497,94131
0608,河北北方学院[公办],,康复治疗学,,,489,103748
0608,河北北方学院[公办],,卫生检验与检疫,,,482,112324
0608,河北北方学院[公办],,护理学,,,492,100090
0608,河北北方学院[公办],,信息管理与信息系统,,,482,112324
0608,河北北方学院[公办],,市场营销,,,474,122219
0608,河北北方学院[公办],,财务管理,,,492,100090
0608,河北北方学院[公办],,人力资源管理,,,484,109959
0608,河北北方学院[公办],,农林经济管理,,,471,126020
0608,河北北方学院[公办],,酒店管理,,,467,130969
0609,河北传媒学院[民办],,新闻传播学类,,,457,143500
0609,河北传媒学院[民办],,计算机类,,,449,153606
0609,河北传媒学院[民办],,文化产业管理,,,455,146091
0609,河北传媒学院[民办],,电子商务,,,456,144801
0609,河北传媒学院[民办],,会展经济与管理,,,454,147340
0610,河北大学(保定市)[公办],,哲学,,,559,33069
0610,河北大学(保定市)[公办],,经济学,,,560,32247
0610,河北大学(保定市)[公办],,经济统计学,,,556,35406
0610,河北大学(保定市)[公办],,财政学,,,563,30033
0610,河北大学(保定市)[公办],,金融学,,,561,31495
0610,河北大学(保定市)[公办],,金融学,,,526,62390
0610,河北大学(保定市)[公办],,保险学,,,551,40256
0610,河北大学(保定市)[公办],,国际经济与贸易,,,553,37725
0610,河北大学(保定市)[公办],,国际经济与贸易,,,521,67552
0610,河北大学(保定市)[公办],,法学,,,561,31495
0610,河北大学(保定市)[公办],,社会工作,,,550,40256
0610,河北大学(保定市)[公办],,教育学,,,560,32247
0610,河北大学(保定市)[公办],,学前教育,,,555,36191
0610,河北大学(保定市)[公办],,古典文献学,,,547,42788
0610,河北大学(保定市)[公办],,英语,,,562,30764
0610,河北大学(保定市)[公办],,俄语,,,552,38584
0610,河北大学(保定市)[公办],,日语,,,547,42788
0610,河北大学(保定市)[公办],,新闻传播学类,,,562,30764
0610,河北大学(保定市)[公办],,新闻学,,,539,49949
0610,河北大学(保定市)[公办],,广告学,,,560,32247
0610,河北大学(保定市)[公办],,数学与应用数学,,,558,33822
0610,河北大学(保定市)[公办],,物理学类,,,549,41073
0610,河北大学(保定市)[公办],,化学,,,541,48106
0610,河北大学(保定市)[公办],,生物科学类,,,533,55500
0610,河北大学(保定市)[公办],,应用心理学,,,543,46278
0610,河北大学(保定市)[公办],,机械设计制造及其自动化,,,555,36191
0610,河北大学(保定市)[公办],,测控技术与仪器,,,548,41891
0610,河北大学(保定市)[公办],,材料类,,,534,54574
0610,河北大学(保定市)[公办],,新能源材料与器件,,,551,40256
0610,河北大学(保定市)[公办],,电气工程及其自动化,,,564,29282
0610,河北大学(保定市)[公办],,电气工程及其自动化,,,529,59504
0610,河北大学(保定市)[公办],,电子科学与技术,,,561,31495
0610,河北大学(保定市)[公办],,通信工程,,,561,31495
0610,河北大学(保定市)[公办],,光电信息科学与工程,,,558,33822
0610,河北大学(保定市)[公办],,人工智能,,,560,32247
0610,河北大学(保定市)[公办],,自动化,,,559,33069
0610,河北大学(保定市)[公办],,计算机科学与技术,,,567,27220
0610,河北大学(保定市)[公办],,软件工程,,,566,27894
0610,河北大学(保定市)[公办],,软件工程,,,535,53694
0610,河北大学(保定市)[公办],,信息安全,,,563,30033
0610,河北大学(保定市)[公办],,数据科学与大数据技术,,,563,30033
0610,河北大学(保定市)[公办],,土木工程,,,543,46278
0610,河北大学(保定市)[公办],,智能建造,,,550,40256
0610,河北大学(保定市)[公办],,环境科学与工程类,,,536,52757
0610,河北大学(保定市)[公办],,建筑学,,,546,43628
0610,河北大学(保定市)[公办],,安全工程,,,541,48106
0610,河北大学(保定市)[公办],,临床医学,,,551,40256
0610,河北大学(保定市)[公办],,口腔医学,,,564,29282
0610,河北大学(保定市)[公办],,预防医学,,,529,59504
0610,河北大学(保定市)[公办],,中医学,,,545,44494
0610,河北大学(保定市)[公办],,药学类,,,540,49002
0610,河北大学(保定市)[公办],,中药学,,,529,59504
0610,河北大学(保定市)[公办],,医学影像技术,,,540,49002
0610,河北大学(保定市)[公办],,卫生检验与检疫,,,527,61435
0610,河北大学(保定市)[公办],,智能医学工程,,,545,44494
0610,河北大学(保定市)[公办],,护理学,,,522,66475
0610,河北大学(保定市)[公办],,信息管理与信息系统,,,556,35406
0610,河北大学(保定市)[公办],,信息管理与信息系统,,,514,74839
0610,河北大学(保定市)[公办],,工商管理,,,559,33069
0610,河北大学(保定市)[公办],,会计学,,,570,25269
0610,河北大学(保定市)[公办],,财务管理,,,566,27894
0610,河北大学(保定市)[公办],,人力资源管理,,,556,35406
0610,河北大学(保定市)[公办],,劳动与社会保障,,,546,43628
0610,河北大学(保定市)[公办],,图书馆学,,,545,44494
0610,河北大学(保定市)[公办],,档案学,,,543,46278
0610,河北大学(保定市)[公办],,质量管理工程,,,540,49002
0610,河北大学(保定市)[公办],,旅游管理,,,537,51825
0610,河北大学(保定市)[公办],,广播电视学(中外合作办学),,,510,79317
0610,河北大学(保定市)[公办],,广告学(中外合作办学),,,507,82620
0610,河北大学(保定市)[公办],,人力资源管理(中外合作办学),,,518,70669
0611,河北大学(地方专项计划)[公办],,数学与应用数学,,,549,41073
0611,河北大学(地方专项计划)[公办],,物理学类,,,545,44494
0611,河北大学(地方专项计划)[公办],,化学,,,536,52757
0611,河北大学(地方专项计划)[公办],,生物科学类,,,530,58518
0611,河北大学(地方专项计划)[公办],,材料类,,,537,51825
0611,河北大学(地方专项计划)[公办],,土木工程,,,535,53694
0611,河北大学(地方专项计划)[公办],,药学类,,,534,54574
0611,河北大学(地方专项计划)[公办],,图书馆学,,,535,53694
0611,河北大学(地方专项计划)[公办],,质量管理工程,,,533,55500
0613,河北大学(少数民族预科班)[公办],,本科预科班,,,525,63402
0614,河北地质大学[公办],,经济学类,,,527,61435
0614,河北地质大学[公办],,法学,,,532,56540
0614,河北地质大学[公办],,英语,,,533,55500
0614,河北地质大学[公办],,数学类,,,515,73836
0614,河北地质大学[公办],,地理信息科学,,,519,69642
0614,河北地质大学[公办],,地球物理学,,,507,82620
0614,河北地质大学[公办],,材料类,,,510,79317
0614,河北地质大学[公办],,计算机类,,,529,59504
0614,河北地质大学[公办],,土木类,,,515,73836
0614,河北地质大学[公办],,水利类,,,514,74839
0614,河北地质大学[公办],,测绘类,,,508,81575
0614,河北地质大学[公办],,地质类,,,505,84880
0614,河北地质大学[公办],,地质工程,,,507,82620
0614,河北地质大学[公办],,勘查技术与工程,,,504,86042
0614,河北地质大学[公办],,旅游地学与规划工程,,,503,87191
0614,河北地质大学[公办],,环境工程,,,512,76936
0614,河北地质大学[公办],,城乡规划,,,509,80441
0614,河北地质大学[公办],,管理科学与工程类,,,514,74839
0614,河北地质大学[公办],,大数据管理与应用,,,526,62390
0614,河北地质大学[公办],,工商管理类,,,524,64450
0614,河北地质大学[公办],,工商管理类,,,534,54574
0614,河北地质大学[公办],,公共管理类,,,516,72762
0614,河北地质大学[公办],,土地资源管理,,,507,82620
0614,河北地质大学[公办],,物流管理与工程类,,,516,72762
0614,河北地质大学[公办],,金融学(中外合作办学),,,510,79317
0615,河北地质大学(地方专项计划)[公办],,经济学类,,,526,62390
0615,河北地质大学(地方专项计划)[公办],,材料类,,,507,82620
0615,河北地质大学(地方专项计划)[公办],,计算机类,,,535,53694
0615,河北地质大学(地方专项计划)[公办],,水利类,,,513,75878
0615,河北地质大学(地方专项计划)[公办],,地质类,,,502,88336
0615,河北地质大学(地方专项计划)[公办],,地质工程,,,509,80441
0615,河北地质大学(地方专项计划)[公办],,工商管理类,,,521,67552
0617,河北地质大学华信学院(石家庄市)[独立学院],,金融学类,,,454,147340
0617,河北地质大学华信学院(石家庄市)[独立学院],,国际经济与贸易,,,452,149859
0617,河北地质大学华信学院(石家庄市)[独立学院],,法学,,,462,137255
0617,河北地质大学华信学院(石家庄市)[独立学院],,英语,,,454,147340
0617,河北地质大学华信学院(石家庄市)[独立学院],,广告学,,,455,146091
0617,河北地质大学华信学院(石家庄市)[独立学院],,计算机类,,,452,149859
0617,河北地质大学华信学院(石家庄市)[独立学院],,地质类,,,447,155919
0617,河北地质大学华信学院(石家庄市)[独立学院],,环境工程,,,446,157125
0617,河北地质大学华信学院(石家庄市)[独立学院],,护理学,,,447,155919
0617,河北地质大学华信学院(石家庄市)[独立学院],,管理科学与工程类,,,446,157125
0617,河北地质大学华信学院(石家庄市)[独立学院],,工商管理类(财会方向),,,450,152346
0617,河北地质大学华信学院(石家庄市)[独立学院],,工商管理类(企业管理方向),,,449,153606
0617,河北地质大学华信学院(石家庄市)[独立学院],,公共管理类,,,451,151103
0617,河北地质大学华信学院(石家庄市)[独立学院],,物流管理,,,459,141008
0617,河北地质大学华信学院(石家庄市)[独立学院],,电子商务,,,456,144801
0618,河北东方学院[民办],,金融工程,,,443,160819
0618,河北东方学院[民办],,经济与金融,,,444,159559
0618,河北东方学院[民办],,国际经济与贸易,,,442,162050
0618,河北东方学院[民办],,英语,,,444,159559
0618,河北东方学院[民办],,网络与新媒体,,,454,147340
0618,河北东方学院[民办],,文物与博物馆学,,,439,165845
0618,河北东方学院[民办],,文化遗产,,,439,165845
0618,河北东方学院[民办],,电子信息科学与技术,,,443,160819
0618,河北东方学院[民办],,人工智能,,,443,160819
0618,河北东方学院[民办],,软件工程,,,442,162050
0618,河北东方学院[民办],,物联网工程,,,440,164582
0618,河北东方学院[民办],,数据科学与大数据技术,,,440,164582
0618,河北东方学院[民办],,虚拟现实技术,,,436,169642
0618,河北东方学院[民办],,医学影像技术,,,448,154772
0618,河北东方学院[民办],,护理学,,,436,169642
0618,河北东方学院[民办],,财务管理,,,450,152346
0618,河北东方学院[民办],,审计学,,,448,154772
0618,河北东方学院[民办],,资产评估,,,440,164582
0620,河北工程大学(地方专项计划)[公办],,机械类,,,519,69642
0620,河北工程大学(地方专项计划)[公办],,能源与动力工程,,,519,69642
0620,河北工程大学(地方专项计划)[公办],,机器人工程,,,522,66475
0620,河北工程大学(地方专项计划)[公办],,给排水科学与工程,,,507,82620
0620,河北工程大学(地方专项计划)[公办],,水利水电工程,,,510,79317
0620,河北工程大学(地方专项计划)[公办],,工程管理,,,510,79317
0622,河北工程大学(邯郸市)[公办],,经济学,,,530,58518
0622,河北工程大学(邯郸市)[公办],,金融工程,,,522,66475
0622,河北工程大学(邯郸市)[公办],,国际经济与贸易,,,520,68611
0622,河北工程大学(邯郸市)[公办],,法学,,,538,50883
0622,河北工程大学(邯郸市)[公办],,英语,,,528,60450
0622,河北工程大学(邯郸市)[公办],,文物与博物馆学,,,507,82620
0622,河北工程大学(邯郸市)[公办],,信息与计算科学,,,527,61435
0622,河北工程大学(邯郸市)[公办],,应用物理学,,,515,73836
0622,河北工程大学(邯郸市)[公办],,应用化学,,,508,81575
0622,河北工程大学(邯郸市)[公办],,地理信息科学,,,511,78116
0622,河北工程大学(邯郸市)[公办],,应用统计学,,,521,67552
0622,河北工程大学(邯郸市)[公办],,工程力学,,,513,75878
0622,河北工程大学(邯郸市)[公办],,机械类,,,522,66475
0622,河北工程大学(邯郸市)[公办],,过程装备与控制工程,,,515,73836
0622,河北工程大学(邯郸市)[公办],,测控技术与仪器,,,516,72762
0622,河北工程大学(邯郸市)[公办],,材料类,,,500,90630
0622,河北工程大学(邯郸市)[公办],,能源与动力工程,,,525,63402
0622,河北工程大学(邯郸市)[公办],,新能源科学与工程,,,521,67552
0622,河北工程大学(邯郸市)[公办],,电气工程及其自动化,,,534,54574
0622,河北工程大学(邯郸市)[公办],,电子信息工程,,,533,55500
0622,河北工程大学(邯郸市)[公办],,通信工程,,,531,57544
0622,河北工程大学(邯郸市)[公办],,光电信息科学与工程,,,527,61435
0622,河北工程大学(邯郸市)[公办],,自动化,,,529,59504
0622,河北工程大学(邯郸市)[公办],,机器人工程,,,527,61435
0622,河北工程大学(邯郸市)[公办],,计算机类,,,539,49949
0622,河北工程大学(邯郸市)[公办],,数据科学与大数据技术,,,536,52757
0622,河北工程大学(邯郸市)[公办],,土木工程,,,519,69642
0622,河北工程大学(邯郸市)[公办],,建筑环境与能源应用工程,,,508,81575
0622,河北工程大学(邯郸市)[公办],,给排水科学与工程,,,513,75878
0622,河北工程大学(邯郸市)[公办],,城市地下空间工程,,,508,81575
0622,河北工程大学(邯郸市)[公办],,道路桥梁与渡河工程,,,514,74839
0622,河北工程大学(邯郸市)[公办],,水利水电工程,,,518,70669
0622,河北工程大学(邯郸市)[公办],,水文与水资源工程,,,507,82620
0622,河北工程大学(邯郸市)[公办],,测绘工程,,,507,82620
0622,河北工程大学(邯郸市)[公办],,遥感科学与技术,,,517,71732
0622,河北工程大学(邯郸市)[公办],,化学工程与工艺,,,506,83767
0622,河北工程大学(邯郸市)[公办],,地质工程,,,504,86042
0622,河北工程大学(邯郸市)[公办],,勘查技术与工程,,,504,86042
0622,河北工程大学(邯郸市)[公办],,资源勘查工程,,,503,87191
0622,河北工程大学(邯郸市)[公办],,采矿工程,,,497,94131
0622,河北工程大学(邯郸市)[公办],,交通工程,,,517,71732
0622,河北工程大学(邯郸市)[公办],,农业水利工程,,,504,86042
0622,河北工程大学(邯郸市)[公办],,环境工程,,,506,83767
0622,河北工程大学(邯郸市)[公办],,食品科学与工程,,,508,81575
0622,河北工程大学(邯郸市)[公办],,建筑学,,,531,57544
0622,河北工程大学(邯郸市)[公办],,城乡规划,,,512,76936
0622,河北工程大学(邯郸市)[公办],,风景园林,,,508,81575
0622,河北工程大学(邯郸市)[公办],,安全工程,,,509,80441
0622,河北工程大学(邯郸市)[公办],,植物生产类,,,494,97686
0622,河北工程大学(邯郸市)[公办],,动物科学,,,498,92962
0622,河北工程大学(邯郸市)[公办],,动物医学,,,503,87191
0622,河北工程大学(邯郸市)[公办],,园林,,,504,86042
0622,河北工程大学(邯郸市)[公办],,临床医学,,,514,74839
0622,河北工程大学(邯郸市)[公办],,医学检验技术,,,506,83767
0622,河北工程大学(邯郸市)[公办],,医学影像技术,,,512,76936
0622,河北工程大学(邯郸市)[公办],,康复治疗学,,,504,86042
0622,河北工程大学(邯郸市)[公办],,护理学,,,508,81575
0622,河北工程大学(邯郸市)[公办],,信息管理与信息系统,,,522,66475
0622,河北工程大学(邯郸市)[公办],,工程管理,,,515,73836
0622,河北工程大学(邯郸市)[公办],,工商管理类,,,522,66475
0622,河北工程大学(邯郸市)[公办],,土木工程(中外合作办学),,,490,102500
0623,河北工程大学科信学院[独立学院],,国际经济与贸易,,,460,139765
0623,河北工程大学科信学院[独立学院],,英语,,,467,130969
0623,河北工程大学科信学院[独立学院],,机械设计制造及其自动化,,,458,142250
0623,河北工程大学科信学院[独立学院],,材料成型及控制工程,,,455,146091
0623,河北工程大学科信学院[独立学院],,车辆工程,,,456,144801
0623,河北工程大学科信学院[独立学院],,能源与动力工程,,,457,143500
0623,河北工程大学科信学院[独立学院],,电气工程及其自动化,,,459,141008
0623,河北工程大学科信学院[独立学院],,电子信息工程,,,461,138513
0623,河北工程大学科信学院[独立学院],,通信工程,,,459,141008
0623,河北工程大学科信学院[独立学院],,自动化,,,459,141008
0623,河北工程大学科信学院[独立学院],,计算机科学与技术,,,462,137255
0623,河北工程大学科信学院[独立学院],,土木工程,,,456,144801
0623,河北工程大学科信学院[独立学院],,建筑环境与能源应用工程,,,456,144801
0623,河北工程大学科信学院[独立学院],,给排水科学与工程,,,456,144801
0623,河北工程大学科信学院[独立学院],,水利水电工程,,,457,143500
0623,河北工程大学科信学院[独立学院],,化学工程与工艺,,,457,143500
0623,河北工程大学科信学院[独立学院],,交通工程,,,457,143500
0623,河北工程大学科信学院[独立学院],,食品科学与工程,,,461,138513
0623,河北工程大学科信学院[独立学院],,建筑学,,,462,137255
0623,河北工程大学科信学院[独立学院],,工程管理,,,456,144801
0623,河北工程大学科信学院[独立学院],,工商管理,,,461,138513
0623,河北工程大学科信学院[独立学院],,会计学,,,466,132235
0624,河北工程技术学院(石家庄市)[民办],,电子信息工程,,,448,154772
0624,河北工程技术学院(石家庄市)[民办],,通信工程,,,440,164582
0624,河北工程技术学院(石家庄市)[民办],,微电子科学与工程,,,435,170844
0624,河北工程技术学院(石家庄市)[民办],,集成电路设计与集成系统,,,432,174661
0624,河北工程技术学院(石家庄市)[民办],,人工智能,,,437,168382
0624,河北工程技术学院(石家庄市)[民办],,软件工程,,,439,165845
0624,河北工程技术学院(石家庄市)[民办],,网络工程,,,435,170844
0624,河北工程技术学院(石家庄市)[民办],,物联网工程,,,434,172120
0624,河北工程技术学院(石家庄市)[民办],,智能科学与技术,,,434,172120
0624,河北工程技术学院(石家庄市)[民办],,数据科学与大数据技术,,,435,170844
0624,河北工程技术学院(石家庄市)[民办],,网络空间安全,,,433,173411
0624,河北工程技术学院(石家庄市)[民办],,虚拟现实技术,,,432,174661
0624,河北工程技术学院(石家庄市)[民办],,区块链工程,,,431,175849
0624,河北工程技术学院(石家庄市)[民办],,土木工程,,,431,175849
0624,河北工程技术学院(石家庄市)[民办],,建筑电气与智能化,,,431,175849
0624,河北工程技术学院(石家庄市)[民办],,测绘工程,,,432,174661
0624,河北工程技术学院(石家庄市)[民办],,建筑学,,,435,170844
0624,河北工程技术学院(石家庄市)[民办],,城乡规划,,,435,170844
0624,河北工程技术学院(石家庄市)[民办],,风景园林,,,434,172120
0624,河北工程技术学院(石家庄市)[民办],,工程管理,,,434,172120
0624,河北工程技术学院(石家庄市)[民办],,工程造价,,,433,173411
0624,河北工程技术学院(石家庄市)[民办],,大数据管理与应用,,,439,165845
0624,河北工程技术学院(石家庄市)[民办],,财务管理,,,445,158356
0624,河北工程技术学院(石家庄市)[民办],,审计学,,,449,153606
0624,河北工程技术学院(石家庄市)[民办],,电子商务,,,437,168382
0624,河北工程技术学院(石家庄市)[民办],,跨境电子商务,,,442,162050
0625,河北工业大学(地方专项计划)[公办],,法学,,,584,17032
0625,河北工业大学(地方专项计划)[公办],,思想政治教育,,,573,23356
0625,河北工业大学(地方专项计划)[公办],,英语,,,581,18643
0625,河北工业大学(地方专项计划)[公办],,数学类,,,579,19795
0625,河北工业大学(地方专项计划)[公办],,应用统计学,,,579,19795
0625,河北工业大学(地方专项计划)[公办],,机械类,,,580,19205
0625,河北工业大学(地方专项计划)[公办],,材料类,,,568,26529
0625,河北工业大学(地方专项计划)[公办],,高分子材料与工程,,,571,24634
0625,河北工业大学(地方专项计划)[公办],,能源动力类,,,577,20936
0625,河北工业大学(地方专项计划)[公办],,电气工程及其自动化,,,592,13125
0625,河北工业大学(地方专项计划)[公办],,电子信息工程,,,587,15439
0625,河北工业大学(地方专项计划)[公办],,计算机类,,,588,14950
0625,河北工业大学(地方专项计划)[公办],,土木工程,,,572,23984
0625,河北工业大学(地方专项计划)[公办],,给排水科学与工程,,,569,25895
0625,河北工业大学(地方专项计划)[公办],,道路桥梁与渡河工程,,,570,25269
0625,河北工业大学(地方专项计划)[公办],,化学工程与工艺,,,570,25269
0625,河北工业大学(地方专项计划)[公办],,制药工程,,,576,21536
0625,河北工业大学(地方专项计划)[公办],,环境科学与工程类,,,567,27220
0625,河北工业大学(地方专项计划)[公办],,生物工程,,,570,25269
0625,河北工业大学(地方专项计划)[公办],,工程管理,,,575,22143
0625,河北工业大学(地方专项计划)[公办],,工业工程,,,573,23356
0626,河北工业大学(芬兰校区)[公办],,机械设计制造及其自动化,,,522,66475
0626,河北工业大学(芬兰校区)[公办],,能源与动力工程,,,518,70669
0626,河北工业大学(芬兰校区)[公办],,电气工程及其自动化,,,529,59504
0626,河北工业大学(芬兰校区)[公办],,计算机科学与技术,,,530,58518
0628,河北工业大学(少数民族预科班)[公办],,本科预科班,,,558,33822
0629,河北工业大学(天津市)[公办],,经济学,,,583,17536
0629,河北工业大学(天津市)[公办],,金融学,,,585,16469
0629,河北工业大学(天津市)[公办],,法学,,,591,13583
0629,河北工业大学(天津市)[公办],,思想政治教育,,,585,16469
0629,河北工业大学(天津市)[公办],,汉语国际教育,,,583,17536
0629,河北工业大学(天津市)[公办],,英语,,,589,14462
0629,河北工业大学(天津市)[公办],,法语,,,584,17032
0629,河北工业大学(天津市)[公办],,日语,,,581,18643
0629,河北工业大学(天津市)[公办],,数学类,,,582,18065
0629,河北工业大学(天津市)[公办],,应用物理学,,,580,19205
0629,河北工业大学(天津市)[公办],,应用化学,,,571,24634
0629,河北工业大学(天津市)[公办],,海洋技术,,,566,27894
0629,河北工业大学(天津市)[公办],,应用统计学,,,583,17536
0629,河北工业大学(天津市)[公办],,工程力学,,,577,20936
0629,河北工业大学(天津市)[公办],,机械类,,,580,19205
0629,河北工业大学(天津市)[公办],,材料成型及控制工程,,,569,25895
0629,河北工业大学(天津市)[公办],,工业设计,,,573,23356
0629,河北工业大学(天津市)[公办],,过程装备与控制工程,,,571,24634
0629,河北工业大学(天津市)[公办],,智能制造工程,,,584,17032
0629,河北工业大学(天津市)[公办],,测控技术与仪器,,,576,21536
0629,河北工业大学(天津市)[公办],,材料类,,,567,27220
0629,河北工业大学(天津市)[公办],,高分子材料与工程,,,575,22143
0629,河北工业大学(天津市)[公办],,能源动力类,,,578,20380
0629,河北工业大学(天津市)[公办],,新能源科学与工程,,,584,17032
0629,河北工业大学(天津市)[公办],,电气工程及其自动化,,,592,13125
0629,河北工业大学(天津市)[公办],,电子信息工程,,,589,14462
0629,河北工业大学(天津市)[公办],,电子信息工程,,,593,12676
0629,河北工业大学(天津市)[公办],,电子科学与技术,,,587,15439
0629,河北工业大学(天津市)[公办],,电子科学与技术(卓越工程师),,,590,14004
0629,河北工业大学(天津市)[公办],,通信工程,,,587,15439
0629,河北工业大学(天津市)[公办],,人工智能,,,589,14462
0629,河北工业大学(天津市)[公办],,自动化,,,586,15960
0629,河北工业大学(天津市)[公办],,计算机类,,,589,14462
0629,河北工业大学(天津市)[公办],,数据科学与大数据技术,,,592,13125
0629,河北工业大学(天津市)[公办],,土木工程,,,573,23356
0629,河北工业大学(天津市)[公办],,土木工程(卓越工程师),,,579,19795
0629,河北工业大学(天津市)[公办],,给排水科学与工程,,,569,25895
0629,河北工业大学(天津市)[公办],,道路桥梁与渡河工程,,,567,27220
0629,河北工业大学(天津市)[公办],,智能建造,,,578,20380
0629,河北工业大学(天津市)[公办],,化学工程与工艺,,,570,25269
0629,河北工业大学(天津市)[公办],,制药工程,,,571,24634
0629,河北工业大学(天津市)[公办],,交通工程,,,577,20936
0629,河北工业大学(天津市)[公办],,环境科学与工程类,,,567,27220
0629,河北工业大学(天津市)[公办],,生物医学工程,,,574,22729
0629,河北工业大学(天津市)[公办],,建筑学,,,578,20380
0629,河北工业大学(天津市)[公办],,城乡规划,,,572,23984
0629,河北工业大学(天津市)[公办],,安全工程,,,570,25269
0629,河北工业大学(天津市)[公办],,生物工程,,,569,25895
0629,河北工业大学(天津市)[公办],,智能医学工程,,,577,20936
0629,河北工业大学(天津市)[公办],,工程管理,,,575,22143
0629,河北工业大学(天津市)[公办],,工商管理,,,579,19795
0629,河北工业大学(天津市)[公办],,会计学,,,586,15960
0629,河北工业大学(天津市)[公办],,公共管理类,,,579,19795
0629,河北工业大学(天津市)[公办],,工业工程,,,574,22729
0629,河北工业大学(天津市)[公办],,应用物理学(中外合作办学),,,537,51825
0629,河北工业大学(天津市)[公办],,机械设计制造及其自动化(中外合作办学),,,550,40256
0629,河北工业大学(天津市)[公办],,材料物理(中外合作办学),,,531,57544
0629,河北工业大学(天津市)[公办],,电气工程及其自动化(中外合作办学),,,562,30764
0629,河北工业大学(天津市)[公办],,物联网工程(中外合作办学),,,551,40256
0629,河北工业大学(天津市)[公办],,环境工程(中外合作办学),,,547,42788
0630,河北工业职业技术大学(石家庄市)[公办],,生态环境工程技术,,,463,136058
0630,河北工业职业技术大学(石家庄市)[公办],,钢铁智能冶金技术,,,460,139765
0630,河北工业职业技术大学(石家庄市)[公办],,智能建造工程,,,462,137255
0630,河北工业职业技术大学(石家庄市)[公办],,机械设计制造及自动化,,,467,130969
0630,河北工业职业技术大学(石家庄市)[公办],,智能制造工程技术,,,465,133566
0630,河北工业职业技术大学(石家庄市)[公办],,材料成型及控制工程,,,459,141008
0630,河北工业职业技术大学(石家庄市)[公办],,自动化技术与应用,,,468,129759
0630,河北工业职业技术大学(石家庄市)[公办],,汽车工程技术,,,462,137255
0630,河北工业职业技术大学(石家庄市)[公办],,新能源汽车工程技术,,,465,133566
0630,河北工业职业技术大学(石家庄市)[公办],,应用化工技术,,,457,143500
0630,河北工业职业技术大学(石家庄市)[公办],,电子信息工程技术,,,472,124770
0630,河北工业职业技术大学(石家庄市)[公办],,物联网工程技术,,,467,130969
0630,河北工业职业技术大学(石家庄市)[公办],,网络工程技术,,,468,129759
0630,河北工业职业技术大学(石家庄市)[公办],,软件工程技术,,,470,127253
0630,河北工业职业技术大学(石家庄市)[公办],,大数据与会计,,,471,126020
0630,河北工业职业技术大学(石家庄市)[公办],,国际经济与贸易,,,467,130969
0630,河北工业职业技术大学(石家庄市)[公办],,现代物流管理,,,467,130969
0636,河北环境工程学院(秦皇岛市)[公办],,新闻学,,,487,106171
0636,河北环境工程学院(秦皇岛市)[公办],,软件工程,,,487,106171
0636,河北环境工程学院(秦皇岛市)[公办],,物联网工程,,,483,111133
0636,河北环境工程学院(秦皇岛市)[公办],,数据科学与大数据技术,,,488,104962
0636,河北环境工程学院(秦皇岛市)[公办],,环境科学与工程,,,466,132235
0636,河北环境工程学院(秦皇岛市)[公办],,环境工程,,,471,126020
0636,河北环境工程学院(秦皇岛市)[公办],,环境科学,,,465,133566
0636,河北环境工程学院(秦皇岛市)[公办],,环境生态工程,,,466,132235
0636,河北环境工程学院(秦皇岛市)[公办],,环保设备工程,,,464,134859
0636,河北环境工程学院(秦皇岛市)[公办],,水质科学与技术,,,464,134859
0636,河北环境工程学院(秦皇岛市)[公办],,食品质量与安全,,,473,123482
0636,河北环境工程学院(秦皇岛市)[公办],,园林,,,471,126020
0636,河北环境工程学院(秦皇岛市)[公办],,工程管理,,,472,124770
0636,河北环境工程学院(秦皇岛市)[公办],,工程造价,,,480,114796
0636,河北环境工程学院(秦皇岛市)[公办],,市场营销,,,472,124770
0636,河北环境工程学院(秦皇岛市)[公办],,国际商务,,,477,118522
0636,河北环境工程学院(秦皇岛市)[公办],,物流管理,,,476,119752
0636,河北环境工程学院(秦皇岛市)[公办],,会展经济与管理,,,472,124770
0636,河北环境工程学院(秦皇岛市)[公办],,旅游管理与服务教育,,,469,128494
0636,河北环境工程学院(秦皇岛市)[公办],,环境工程(中外合作办学),,,446,157125
0639,河北建筑工程学院(张家口市)[公办],,英语,,,494,97686
0639,河北建筑工程学院(张家口市)[公办],,德语,,,486,107443
0639,河北建筑工程学院(张家口市)[公办],,信息与计算科学,,,489,103748
0639,河北建筑工程学院(张家口市)[公办],,人文地理与城乡规划,,,480,114796
0639,河北建筑工程学院(张家口市)[公办],,应用统计学,,,489,103748
0639,河北建筑工程学院(张家口市)[公办],,理论与应用力学,,,469,128494
0639,河北建筑工程学院(张家口市)[公办],,机械设计制造及其自动化,,,494,97686
0639,河北建筑工程学院(张家口市)[公办],,材料成型及控制工程,,,476,119752
0639,河北建筑工程学院(张家口市)[公办],,机械电子工程,,,491,101322
0639,河北建筑工程学院(张家口市)[公办],,车辆工程,,,486,107443
0639,河北建筑工程学院(张家口市)[公办],,测控技术与仪器,,,477,118522
0639,河北建筑工程学院(张家口市)[公办],,材料科学与工程,,,475,120971
0639,河北建筑工程学院(张家口市)[公办],,焊接技术与工程,,,472,124770
0639,河北建筑工程学院(张家口市)[公办],,能源动力类,,,483,111133
0639,河北建筑工程学院(张家口市)[公办],,储能科学与工程,,,475,120971
0639,河北建筑工程学院(张家口市)[公办],,电气工程及其自动化,,,503,87191
0639,河北建筑工程学院(张家口市)[公办],,电子信息工程,,,494,97686
0639,河北建筑工程学院(张家口市)[公办],,计算机科学与技术,,,504,86042
0639,河北建筑工程学院(张家口市)[公办],,网络工程,,,493,98867
0639,河北建筑工程学院(张家口市)[公办],,物联网工程,,,496,95288
0639,河北建筑工程学院(张家口市)[公办],,土木工程,,,498,92962
0639,河北建筑工程学院(张家口市)[公办],,给排水科学与工程,,,482,112324
0639,河北建筑工程学院(张家口市)[公办],,建筑电气与智能化,,,487,106171
0639,河北建筑工程学院(张家口市)[公办],,道路桥梁与渡河工程,,,484,109959
0639,河北建筑工程学院(张家口市)[公办],,勘查技术与工程,,,470,127253
0639,河北建筑工程学院(张家口市)[公办],,环境工程,,,474,122219
0639,河北建筑工程学院(张家口市)[公办],,建筑学,,,506,83767
0639,河北建筑工程学院(张家口市)[公办],,城乡规划,,,479,116040
0639,河北建筑工程学院(张家口市)[公办],,风景园林,,,481,113547
0639,河北建筑工程学院(张家口市)[公办],,安全工程,,,473,123482
0639,河北建筑工程学院(张家口市)[公办],,消防工程,,,470,127253
0639,河北建筑工程学院(张家口市)[公办],,信息管理与信息系统,,,464,134859
0639,河北建筑工程学院(张家口市)[公办],,工程管理,,,479,116040
0639,河北建筑工程学院(张家口市)[公办],,工程造价,,,492,100090
0639,河北建筑工程学院(张家口市)[公办],,财务管理,,,503,87191
0639,河北建筑工程学院(张家口市)[公办],,城市管理,,,472,124770
0639,河北建筑工程学院(张家口市)[公办],,信息资源管理,,,452,149859
0641,河北金融学院(保定市)[公办],,经济学,,,515,73836
0641,河北金融学院(保定市)[公办],,经济统计学,,,513,75878
0641,河北金融学院(保定市)[公办],,数字经济,,,510,79317
0641,河北金融学院(保定市)[公办],,财政学,,,525,63402
0641,河北金融学院(保定市)[公办],,税收学,,,519,69642
0641,河北金融学院(保定市)[公办],,金融学,,,529,59504
0641,河北金融学院(保定市)[公办],,金融工程,,,508,81575
0641,河北金融学院(保定市)[公办],,保险学,,,503,87191
0641,河北金融学院(保定市)[公办],,投资学,,,511,78116
0641,河北金融学院(保定市)[公办],,金融数学,,,512,76936
0641,河北金融学院(保定市)[公办],,信用管理,,,504,86042
0641,河北金融学院(保定市)[公办],,精算学,,,499,91783
0641,河北金融学院(保定市)[公办],,金融科技,,,502,88336
0641,河北金融学院(保定市)[公办],,国际经济与贸易,,,512,76936
0641,河北金融学院(保定市)[公办],,法学类,,,525,63402
0641,河北金融学院(保定市)[公办],,英语,,,515,73836
0641,河北金融学院(保定市)[公办],,翻译,,,513,75878
0641,河北金融学院(保定市)[公办],,商务英语,,,508,81575
0641,河北金融学院(保定市)[公办],,数据计算及应用,,,511,78116
0641,河北金融学院(保定市)[公办],,应用统计学,,,504,86042
0641,河北金融学院(保定市)[公办],,人工智能,,,502,88336
0641,河北金融学院(保定市)[公办],,计算机类,,,510,79317
0641,河北金融学院(保定市)[公办],,数据科学与大数据技术,,,509,80441
0641,河北金融学院(保定市)[公办],,区块链工程,,,500,90630
0641,河北金融学院(保定市)[公办],,工商管理类,,,509,80441
0641,河北金融学院(保定市)[公办],,会计学,,,519,69642
0641,河北金融学院(保定市)[公办],,财务管理,,,517,71732
0641,河北金融学院(保定市)[公办],,审计学,,,519,69642
0641,河北金融学院(保定市)[公办],,物流管理,,,506,83767
0641,河北金融学院(保定市)[公办],,电子商务,,,505,84880
0641,河北金融学院(保定市)[公办],,金融学(中外合作办学),,,495,96518
0641,河北金融学院(保定市)[公办],,会计学(中外合作办学),,,499,91783
0641,河北金融学院(保定市)[公办],,财务管理(中外合作办学),,,494,97686
0642,河北经贸大学[公办],,经济学,,,547,42788
0642,河北经贸大学[公办],,数字经济,,,539,49949
0642,河北经贸大学[公办],,财政学类,,,551,40256
0642,河北经贸大学[公办],,金融学类,,,550,40256
0642,河北经贸大学[公办],,金融工程,,,518,70669
0642,河北经贸大学[公办],,金融科技,,,540,49002
0642,河北经贸大学[公办],,国际经济与贸易,,,537,51825
0642,河北经贸大学[公办],,贸易经济,,,536,52757
0642,河北经贸大学[公办],,法学,,,548,41891
0642,河北经贸大学[公办],,商务英语,,,547,42788
0642,河北经贸大学[公办],,数学类,,,539,49949
0642,河北经贸大学[公办],,统计学类,,,536,52757
0642,河北经贸大学[公办],,人工智能,,,539,49949
0642,河北经贸大学[公办],,计算机类,,,543,46278
0642,河北经贸大学[公办],,计算机科学与技术,,,520,68611
0642,河北经贸大学[公办],,工程管理,,,527,61435
0642,河北经贸大学[公办],,大数据管理与应用,,,541,48106
0642,河北经贸大学[公办],,工商管理类,,,533,55500
0642,河北经贸大学[公办],,会计学,,,558,33822
0642,河北经贸大学[公办],,会计学,,,529,59504
0642,河北经贸大学[公办],,财务管理,,,550,40256
0642,河北经贸大学[公办],,审计学,,,549,41073
0642,河北经贸大学[公办],,资产评估,,,533,55500
0642,河北经贸大学[公办],,公共管理类,,,531,57544
0642,河北经贸大学[公办],,物流管理,,,529,59504
0642,河北经贸大学[公办],,旅游管理类,,,514,74839
0643,河北经贸大学(地方专项计划)[公办],,金融学类,,,539,49949
0643,河北经贸大学(地方专项计划)[公办],,计算机类,,,538,50883
0643,河北经贸大学(地方专项计划)[公办],,工商管理类,,,531,57544
0645,河北经贸大学经济管理学院[独立学院],,财政学类,,,467,130969
0645,河北经贸大学经济管理学院[独立学院],,金融学类,,,464,134859
0645,河北经贸大学经济管理学院[独立学院],,国际经济与贸易,,,461,138513
0645,河北经贸大学经济管理学院[独立学院],,贸易经济,,,460,139765
0645,河北经贸大学经济管理学院[独立学院],,法学,,,473,123482
0645,河北经贸大学经济管理学院[独立学院],,统计学,,,461,138513
0645,河北经贸大学经济管理学院[独立学院],,计算机类,,,463,136058
0645,河北经贸大学经济管理学院[独立学院],,信息管理与信息系统,,,461,138513
0645,河北经贸大学经济管理学院[独立学院],,工程管理,,,459,141008
0645,河北经贸大学经济管理学院[独立学院],,工商管理,,,463,136058
0645,河北经贸大学经济管理学院[独立学院],,市场营销,,,459,141008
0645,河北经贸大学经济管理学院[独立学院],,会计学,,,469,128494
0645,河北经贸大学经济管理学院[独立学院],,财务管理,,,469,128494
0645,河北经贸大学经济管理学院[独立学院],,人力资源管理,,,463,136058
0645,河北经贸大学经济管理学院[独立学院],,审计学,,,468,129759
0645,河北经贸大学经济管理学院[独立学院],,公共管理类,,,462,137255
0645,河北经贸大学经济管理学院[独立学院],,物流管理,,,461,138513
0645,河北经贸大学经济管理学院[独立学院],,电子商务,,,462,137255
0645,河北经贸大学经济管理学院[独立学院],,旅游管理,,,459,141008
0646,河北经贸大学(少数民族预科班)[公办],,本科预科班,,,508,81575
0647,河北科技大学[公办],,金融学类,,,535,53694
0647,河北科技大学[公办],,法学,,,548,41891
0647,河北科技大学[公办],,社会工作,,,528,60450
0647,河北科技大学[公办],,汉语言文学,,,544,45381
0647,河北科技大学[公办],,汉语国际教育,,,538,50883
0647,河北科技大学[公办],,外国语言文学类,,,541,48106
0647,河北科技大学[公办],,法语,,,527,61435
0647,河北科技大学[公办],,网络与新媒体,,,542,47194
0647,河北科技大学[公办],,数学类,,,535,53694
0647,河北科技大学[公办],,应用物理学,,,522,66475
0647,河北科技大学[公办],,应用化学,,,517,71732
0647,河北科技大学[公办],,生物科学类,,,521,67552
0647,河北科技大学[公办],,机械类,,,527,61435
0647,河北科技大学[公办],,材料成型及控制工程,,,517,71732
0647,河北科技大学[公办],,过程装备与控制工程,,,522,66475
0647,河北科技大学[公办],,测控技术与仪器,,,521,67552
0647,河北科技大学[公办],,材料类,,,513,75878
0647,河北科技大学[公办],,高分子材料与工程,,,514,74839
0647,河北科技大学[公办],,新能源材料与器件,,,521,67552
0647,河北科技大学[公办],,能源与动力工程,,,537,51825
0647,河北科技大学[公办],,电气工程及其自动化,,,542,47194
0647,河北科技大学[公办],,电子信息类,,,541,48106
0647,河北科技大学[公办],,人工智能,,,541,48106
0647,河北科技大学[公办],,自动化,,,539,49949
0647,河北科技大学[公办],,计算机类,,,547,42788
0647,河北科技大学[公办],,网络空间安全,,,544,45381
0647,河北科技大学[公办],,土木类,,,518,70669
0647,河北科技大学[公办],,给排水科学与工程,,,517,71732
0647,河北科技大学[公办],,化工与制药类,,,512,76936
0647,河北科技大学[公办],,制药工程,,,514,74839
0647,河北科技大学[公办],,服装设计与工程,,,516,72762
0647,河北科技大学[公办],,环境科学与工程类,,,516,72762
0647,河北科技大学[公办],,食品科学与工程类,,,517,71732
0647,河北科技大学[公办],,安全工程,,,517,71732
0647,河北科技大学[公办],,生物工程,,,513,75878
0647,河北科技大学[公办],,药学类,,,519,69642
0647,河北科技大学[公办],,管理科学与工程类,,,527,61435
0647,河北科技大学[公办],,工商管理类,,,529,59504
0647,河北科技大学[公办],,金属材料工程(中外合作办学),,,478,117259
0647,河北科技大学[公办],,电子信息工程(中外合作办学),,,498,92962
0647,河北科技大学[公办],,计算机科学与技术(中外合作办学),,,506,83767
0647,河北科技大学[公办],,软件工程(中外合作办学),,,499,91783
0647,河北科技大学[公办],,环境科学(中外合作办学),,,482,112324
0647,河北科技大学[公办],,信息管理与信息系统(中外合作办学),,,496,95288
0648,河北科技大学(地方专项计划)[公办],,机械类,,,536,52757
0648,河北科技大学(地方专项计划)[公办],,过程装备与控制工程,,,526,62390
0648,河北科技大学(地方专项计划)[公办],,材料类,,,520,68611
0648,河北科技大学(地方专项计划)[公办],,电气工程及其自动化,,,543,46278
0648,河北科技大学(地方专项计划)[公办],,自动化,,,541,48106
0648,河北科技大学(地方专项计划)[公办],,计算机类,,,545,44494
0648,河北科技大学(地方专项计划)[公办],,土木类,,,527,61435
0648,河北科技大学(地方专项计划)[公办],,环境科学与工程类,,,521,67552
0648,河北科技大学(地方专项计划)[公办],,食品科学与工程类,,,518,70669
0648,河北科技大学(地方专项计划)[公办],,药学类,,,528,60450
0648,河北科技大学(地方专项计划)[公办],,工商管理类,,,535,53694
0650,河北科技大学(少数民族预科班)[公办],,本科预科班,,,504,86042
0651,河北科技工程职业技术大学[公办],,生态环境工程技术,,,461,138513
0651,河北科技工程职业技术大学[公办],,建筑工程,,,460,139765
0651,河北科技工程职业技术大学[公办],,机械设计制造及自动化,,,478,117259
0651,河北科技工程职业技术大学[公办],,智能制造工程技术,,,474,122219
0651,河北科技工程职业技术大学[公办],,机械电子工程技术,,,465,133566
0651,河北科技工程职业技术大学[公办],,电气工程及自动化,,,469,128494
0651,河北科技工程职业技术大学[公办],,机器人技术,,,462,137255
0651,河北科技工程职业技术大学[公办],,汽车工程技术,,,461,138513
0651,河北科技工程职业技术大学[公办],,新能源汽车工程技术,,,466,132235
0651,河北科技工程职业技术大学[公办],,服装工程技术,,,461,138513
0651,河北科技工程职业技术大学[公办],,汽车服务工程技术,,,458,142250
0651,河北科技工程职业技术大学[公办],,网络工程技术,,,467,130969
0651,河北科技工程职业技术大学[公办],,软件工程技术,,,472,124770
0651,河北科技工程职业技术大学[公办],,现代通信工程,,,469,128494
0651,河北科技工程职业技术大学[公办],,大数据与财务管理,,,474,122219
0652,河北科技师范学院(秦皇岛市)[公办],,法学,,,518,70669
0652,河北科技师范学院(秦皇岛市)[公办],,知识产权,,,499,91783
0652,河北科技师范学院(秦皇岛市)[公办],,社会工作,,,489,103748
0652,河北科技师范学院(秦皇岛市)[公办],,科学教育,,,491,101322
0652,河北科技师范学院(秦皇岛市)[公办],,教育技术学,,,494,97686
0652,河北科技师范学院(秦皇岛市)[公办],,学前教育,,,506,83767
0652,河北科技师范学院(秦皇岛市)[公办],,小学教育,,,519,69642
0652,河北科技师范学院(秦皇岛市)[公办],,英语,,,532,56540
0652,河北科技师范学院(秦皇岛市)[公办],,西班牙语,,,498,92962
0652,河北科技师范学院(秦皇岛市)[公办],,意大利语,,,493,98867
0652,河北科技师范学院(秦皇岛市)[公办],,数学与应用数学,,,523,65475
0652,河北科技师范学院(秦皇岛市)[公办],,物理学,,,503,87191
0652,河北科技师范学院(秦皇岛市)[公办],,化学,,,504,86042
0652,河北科技师范学院(秦皇岛市)[公办],,应用化学,,,487,106171
0652,河北科技师范学院(秦皇岛市)[公办],,海洋资源与环境,,,475,120971
0652,河北科技师范学院(秦皇岛市)[公办],,生物科学,,,511,78116
0652,河北科技师范学院(秦皇岛市)[公办],,生物技术,,,497,94131
0652,河北科技师范学院(秦皇岛市)[公办],,应用心理学,,,497,94131
0652,河北科技师范学院(秦皇岛市)[公办],,应用统计学,,,497,94131
0652,河北科技师范学院(秦皇岛市)[公办],,机械设计制造及其自动化,,,492,100090
0652,河北科技师范学院(秦皇岛市)[公办],,材料物理,,,472,124770
0652,河北科技师范学院(秦皇岛市)[公办],,电气工程及其自动化,,,501,89173
0652,河北科技师范学院(秦皇岛市)[公办],,电子信息工程,,,504,86042
0652,河北科技师范学院(秦皇岛市)[公办],,自动化,,,494,97686
0652,河北科技师范学院(秦皇岛市)[公办],,计算机科学与技术,,,512,76936
0652,河北科技师范学院(秦皇岛市)[公办],,网络工程,,,506,83767
0652,河北科技师范学院(秦皇岛市)[公办],,物联网工程,,,500,90630
0652,河北科技师范学院(秦皇岛市)[公办],,数字媒体技术,,,502,88336
0652,河北科技师范学院(秦皇岛市)[公办],,土木工程,,,487,106171
0652,河北科技师范学院(秦皇岛市)[公办],,化学工程与工艺,,,480,114796
0652,河北科技师范学院(秦皇岛市)[公办],,农业机械化及其自动化,,,480,114796
0652,河北科技师范学院(秦皇岛市)[公办],,食品科学与工程,,,474,122219
0652,河北科技师范学院(秦皇岛市)[公办],,食品质量与安全,,,482,112324
0652,河北科技师范学院(秦皇岛市)[公办],,酿酒工程,,,466,132235
0652,河北科技师范学院(秦皇岛市)[公办],,城乡规划,,,485,108714
0652,河北科技师范学院(秦皇岛市)[公办],,风景园林,,,488,104962
0652,河北科技师范学院(秦皇岛市)[公办],,生物工程,,,476,119752
0652,河北科技师范学院(秦皇岛市)[公办],,园艺,,,481,113547
0652,河北科技师范学院(秦皇岛市)[公办],,植物保护,,,473,123482
0652,河北科技师范学院(秦皇岛市)[公办],,植物科学与技术,,,472,124770
0652,河北科技师范学院(秦皇岛市)[公办],,设施农业科学与工程,,,479,116040
0652,河北科技师范学院(秦皇岛市)[公办],,农业资源与环境,,,474,122219
0652,河北科技师范学院(秦皇岛市)[公办],,动物科学,,,479,116040
0652,河北科技师范学院(秦皇岛市)[公办],,智慧牧业科学与工程,,,469,128494
0652,河北科技师范学院(秦皇岛市)[公办],,动物医学,,,485,108714
0652,河北科技师范学院(秦皇岛市)[公办],,园林,,,484,109959
0652,河北科技师范学院(秦皇岛市)[公办],,水产养殖学,,,466,132235
0652,河北科技师范学院(秦皇岛市)[公办],,水族科学与技术,,,467,130969
0652,河北科技师范学院(秦皇岛市)[公办],,信息管理与信息系统,,,496,95288
0652,河北科技师范学院(秦皇岛市)[公办],,工程管理,,,484,109959
0652,河北科技师范学院(秦皇岛市)[公办],,工程造价,,,490,102500
0652,河北科技师范学院(秦皇岛市)[公办],,市场营销,,,491,101322
0652,河北科技师范学院(秦皇岛市)[公办],,财务管理,,,510,79317
0652,河北科技师范学院(秦皇岛市)[公办],,人力资源管理,,,502,88336
0652,河北科技师范学院(秦皇岛市)[公办],,财务会计教育,,,505,84880
0652,河北科技师范学院(秦皇岛市)[公办],,农村区域发展,,,480,114796
0652,河北科技师范学院(秦皇岛市)[公办],,物流管理,,,494,97686
0652,河北科技师范学院(秦皇岛市)[公办],,电子商务,,,496,95288
0653,河北科技学院[民办],,经济学,,,437,168382
0653,河北科技学院[民办],,学前教育,,,441,163301
0653,河北科技学院[民办],,小学教育,,,449,153606
0653,河北科技学院[民办],,机械设计制造及其自动化,,,431,175849
0653,河北科技学院[民办],,工业设计,,,430,177075
0653,河北科技学院[民办],,车辆工程,,,430,177075
0653,河北科技学院[民办],,汽车服务工程,,,430,177075
0653,河北科技学院[民办],,智能车辆工程,,,430,177075
0653,河北科技学院[民办],,新能源汽车工程,,,430,177075
0653,河北科技学院[民办],,电气工程及其自动化,,,430,177075
0653,河北科技学院[民办],,计算机科学与技术,,,433,173411
0653,河北科技学院[民办],,软件工程,,,431,175849
0653,河北科技学院[民办],,物联网工程,,,430,177075
0653,河北科技学院[民办],,数据科学与大数据技术,,,430,177075
0653,河北科技学院[民办],,土木工程,,,430,177075
0653,河北科技学院[民办],,交通运输,,,430,177075
0653,河北科技学院[民办],,交通工程,,,430,177075
0653,河北科技学院[民办],,康复治疗学,,,431,175849
0653,河北科技学院[民办],,护理学,,,438,167058
0653,河北科技学院[民办],,助产学,,,432,174661
0653,河北科技学院[民办],,工程管理,,,430,177075
0653,河北科技学院[民办],,工程造价,,,430,177075
0653,河北科技学院[民办],,会计学,,,440,164582
0653,河北科技学院[民办],,财务管理,,,435,170844
0653,河北科技学院[民办],,审计学,,,434,172120
0653,河北科技学院[民办],,健康服务与管理,,,432,174661
0653,河北科技学院[民办],,物流管理,,,433,173411
0656,河北美术学院[民办],,艺术教育,,,440,164582
0656,河北美术学院[民办],,风景园林,,,437,168382
0656,河北美术学院[民办],,风景园林(中外合作办学),,,433,173411
0657,河北民族师范学院(承德市)[公办],,经济与金融,,,491,101322
0657,河北民族师范学院(承德市)[公办],,思想政治教育,,,514,74839
0657,河北民族师范学院(承德市)[公办],,科学教育,,,480,114796
0657,河北民族师范学院(承德市)[公办],,教育技术学,,,481,113547
0657,河北民族师范学院(承德市)[公办],,学前教育,,,490,102500
0657,河北民族师范学院(承德市)[公办],,汉语言文学,,,521,67552
0657,河北民族师范学院(承德市)[公办],,英语,,,510,79317
0657,河北民族师范学院(承德市)[公办],,翻译,,,495,96518
0657,河北民族师范学院(承德市)[公办],,翻译,,,487,106171
0657,河北民族师范学院(承德市)[公办],,新闻学,,,496,95288
0657,河北民族师范学院(承德市)[公办],,数学与应用数学,,,499,91783
0657,河北民族师范学院(承德市)[公办],,物理学,,,491,101322
0657,河北民族师范学院(承德市)[公办],,化学,,,487,106171
0657,河北民族师范学院(承德市)[公办],,地理科学,,,498,92962
0657,河北民族师范学院(承德市)[公办],,生物科学,,,487,106171
0657,河北民族师范学院(承德市)[公办],,新能源科学与工程,,,468,129759
0657,河北民族师范学院(承德市)[公办],,储能科学与工程,,,469,128494
0657,河北民族师范学院(承德市)[公办],,人工智能,,,480,114796
0657,河北民族师范学院(承德市)[公办],,计算机科学与技术,,,490,102500
0657,河北民族师范学院(承德市)[公办],,数据科学与大数据技术,,,482,112324
0657,河北民族师范学院(承德市)[公办],,化学工程与工艺,,,461,138513
0657,河北民族师范学院(承德市)[公办],,环境生态工程,,,471,126020
0657,河北民族师范学院(承德市)[公办],,食品质量与安全,,,473,123482
0657,河北民族师范学院(承德市)[公办],,生物工程,,,475,120971
0657,河北民族师范学院(承德市)[公办],,财务管理,,,485,108714
0657,河北民族师范学院(承德市)[公办],,人力资源管理,,,488,104962
0657,河北民族师范学院(承德市)[公办],,文化产业管理,,,480,114796
0657,河北民族师范学院(承德市)[公办],,物流管理,,,478,117259
0657,河北民族师范学院(承德市)[公办],,电子商务,,,483,111133
0657,河北民族师范学院(承德市)[公办],,旅游管理,,,477,118522
0661,河北农业大学(保定校区)[公办],,经济学类,,,524,64450
0661,河北农业大学(保定校区)[公办],,法学,,,535,53694
0661,河北农业大学(保定校区)[公办],,汉语言文学,,,536,52757
0661,河北农业大学(保定校区)[公办],,外国语言文学类,,,528,60450
0661,河北农业大学(保定校区)[公办],,数学类,,,523,65475
0661,河北农业大学(保定校区)[公办],,应用物理学,,,514,74839
0661,河北农业大学(保定校区)[公办],,化学,,,512,76936
0661,河北农业大学(保定校区)[公办],,应用化学,,,507,82620
0661,河北农业大学(保定校区)[公办],,生物科学类,,,502,88336
0661,河北农业大学(保定校区)[公办],,机械类,,,515,73836
0661,河北农业大学(保定校区)[公办],,电气类,,,530,58518
0661,河北农业大学(保定校区)[公办],,计算机类,,,531,57544
0661,河北农业大学(保定校区)[公办],,土木类,,,508,81575
0661,河北农业大学(保定校区)[公办],,木材科学与工程,,,504,86042
0661,河北农业大学(保定校区)[公办],,环境科学与工程类,,,501,89173
0661,河北农业大学(保定校区)[公办],,食品科学与工程类,,,504,86042
0661,河北农业大学(保定校区)[公办],,城乡规划,,,513,75878
0661,河北农业大学(保定校区)[公办],,风景园林,,,509,80441
0661,河北农业大学(保定校区)[公办],,生物工程,,,499,91783
0661,河北农业大学(保定校区)[公办],,农学,,,514,74839
0661,河北农业大学(保定校区)[公办],,园艺,,,502,88336
0661,河北农业大学(保定校区)[公办],,植物保护,,,501,89173
0661,河北农业大学(保定校区)[公办],,种子科学与工程,,,503,87191
0661,河北农业大学(保定校区)[公办],,智慧农业,,,503,87191
0661,河北农业大学(保定校区)[公办],,农业资源与环境,,,501,89173
0661,河北农业大学(保定校区)[公办],,动物科学,,,498,92962
0661,河北农业大学(保定校区)[公办],,动物医学,,,512,76936
0661,河北农业大学(保定校区)[公办],,动物药学,,,497,94131
0661,河北农业大学(保定校区)[公办],,林学类,,,503,87191
0661,河北农业大学(保定校区)[公办],,园林,,,506,83767
0661,河北农业大学(保定校区)[公办],,药学类,,,510,79317
0661,河北农业大学(保定校区)[公办],,工商管理类,,,521,67552
0661,河北农业大学(保定校区)[公办],,公共管理类,,,515,73836
0661,河北农业大学(保定校区)[公办],,机械设计制造及其自动化(中外合作办学),,,498,92962
0661,河北农业大学(保定校区)[公办],,制药工程(中外合作办学),,,483,111133
0662,河北农业大学(渤海校区)[公办],,计算机科学与技术,,,520,68611
0662,河北农业大学(渤海校区)[公办],,化工与制药类,,,492,100090
0662,河北农业大学(渤海校区)[公办],,环境生态工程,,,495,96518
0662,河北农业大学(渤海校区)[公办],,食品科学与工程,,,497,94131
0662,河北农业大学(渤海校区)[公办],,食品质量与安全,,,494,97686
0662,河北农业大学(渤海校区)[公办],,管理科学与工程类,,,494,97686
0662,河北农业大学(渤海校区)[公办],,工商管理,,,512,76936
0662,河北农业大学(渤海校区)[公办],,会计学,,,522,66475
0662,河北农业大学(渤海校区)[公办],,物流管理,,,503,87191
0663,河北农业大学(地方专项计划)[公办],,机械类,,,518,70669
0663,河北农业大学(地方专项计划)[公办],,电气类,,,527,61435
0663,河北农业大学(地方专项计划)[公办],,计算机类,,,531,57544
0663,河北农业大学(地方专项计划)[公办],,土木类,,,511,78116
0663,河北农业大学(地方专项计划)[公办],,食品科学与工程类,,,502,88336
0663,河北农业大学(地方专项计划)[公办],,药学类,,,504,86042
0665,河北农业大学(秦皇岛校区)[公办],,海洋科学类,,,489,103748
0665,河北农业大学(秦皇岛校区)[公办],,机械设计制造及其自动化,,,515,73836
0665,河北农业大学(秦皇岛校区)[公办],,计算机科学与技术,,,527,61435
0665,河北农业大学(秦皇岛校区)[公办],,环境科学,,,496,95288
0665,河北农业大学(秦皇岛校区)[公办],,旅游管理,,,500,90630
0666,河北农业大学(少数民族预科班)[公办],,本科预科班,,,498,92962
0667,河北农业大学现代科技学院(保定市)[独立学院],,国际经济与贸易,,,461,138513
0667,河北农业大学现代科技学院(保定市)[独立学院],,法学,,,473,123482
0667,河北农业大学现代科技学院(保定市)[独立学院],,英语,,,471,126020
0667,河北农业大学现代科技学院(保定市)[独立学院],,生物技术,,,457,143500
0667,河北农业大学现代科技学院(保定市)[独立学院],,机械设计制造及其自动化,,,460,139765
0667,河北农业大学现代科技学院(保定市)[独立学院],,工业设计,,,457,143500
0667,河北农业大学现代科技学院(保定市)[独立学院],,车辆工程,,,457,143500
0667,河北农业大学现代科技学院(保定市)[独立学院],,电气工程及其自动化,,,462,137255
0667,河北农业大学现代科技学院(保定市)[独立学院],,电子信息工程,,,462,137255
0667,河北农业大学现代科技学院(保定市)[独立学院],,电子信息科学与技术,,,460,139765
0667,河北农业大学现代科技学院(保定市)[独立学院],,自动化,,,460,139765
0667,河北农业大学现代科技学院(保定市)[独立学院],,计算机科学与技术,,,466,132235
0667,河北农业大学现代科技学院(保定市)[独立学院],,土木工程,,,457,143500
0667,河北农业大学现代科技学院(保定市)[独立学院],,给排水科学与工程,,,457,143500
0667,河北农业大学现代科技学院(保定市)[独立学院],,制药工程,,,459,141008
0667,河北农业大学现代科技学院(保定市)[独立学院],,环境科学,,,457,143500
0667,河北农业大学现代科技学院(保定市)[独立学院],,食品科学与工程,,,458,142250
0667,河北农业大学现代科技学院(保定市)[独立学院],,食品质量与安全,,,459,141008
0667,河北农业大学现代科技学院(保定市)[独立学院],,风景园林,,,457,143500
0667,河北农业大学现代科技学院(保定市)[独立学院],,工商管理,,,462,137255
0667,河北农业大学现代科技学院(保定市)[独立学院],,会计学,,,467,130969
0667,河北农业大学现代科技学院(保定市)[独立学院],,财务管理,,,465,133566
0667,河北农业大学现代科技学院(保定市)[独立学院],,公共事业管理,,,460,139765
0667,河北农业大学现代科技学院(保定市)[独立学院],,土地资源管理,,,459,141008
0667,河北农业大学现代科技学院(保定市)[独立学院],,旅游管理,,,457,143500
0671,河北师范大学[公办],,金融工程,,,546,43628
0671,河北师范大学[公办],,国际经济与贸易,,,549,41073
0671,河北师范大学[公办],,法学,,,564,29282
0671,河北师范大学[公办],,政治学与行政学,,,556,35406
0671,河北师范大学[公办],,家政学,,,543,46278
0671,河北师范大学[公办],,马克思主义理论类,,,567,27220
0671,河北师范大学[公办],,教育学,,,569,25895
0671,河北师范大学[公办],,科学教育,,,555,36191
0671,河北师范大学[公办],,教育技术学,,,553,37725
0671,河北师范大学[公办],,学前教育,,,558,33822
0671,河北师范大学[公办],,运动康复,,,499,91783
0671,河北师范大学[公办],,外国语言文学类,,,572,23984
0671,河北师范大学[公办],,俄语,,,551,40256
0671,河北师范大学[公办],,西班牙语,,,552,38584
0671,河北师范大学[公办],,日语,,,553,37725
0671,河北师范大学[公办],,新闻传播学类,,,563,30033
0671,河北师范大学[公办],,数学与应用数学,,,565,28568
0671,河北师范大学[公办],,数据计算及应用,,,549,41073
0671,河北师范大学[公办],,物理学,,,559,33069
0671,河北师范大学[公办],,化学,,,557,34586
0671,河北师范大学[公办],,地理科学类,,,561,31495
0671,河北师范大学[公办],,空间科学与技术,,,547,42788
0671,河北师范大学[公办],,生物科学类,,,560,32247
0671,河北师范大学[公办],,生物科学,,,558,33822
0671,河北师范大学[公办],,心理学类,,,549,41073
0671,河北师范大学[公办],,应用统计学,,,550,40256
0671,河北师范大学[公办],,电气工程及其自动化,,,552,38584
0671,河北师范大学[公办],,电子信息类,,,552,38584
0671,河北师范大学[公办],,光电信息科学与工程,,,551,40256
0671,河北师范大学[公办],,计算机类,,,555,36191
0671,河北师范大学[公办],,软件工程,,,545,44494
0671,河北师范大学[公办],,建筑环境与能源应用工程,,,539,49949
0671,河北师范大学[公办],,环境科学,,,541,48106
0671,河北师范大学[公办],,药学,,,542,47194
0671,河北师范大学[公办],,工商管理类,,,546,43628
0671,河北师范大学[公办],,公共管理类,,,548,41891
0671,河北师范大学[公办],,翻译(中外合作办学),,,527,61435
0672,河北师范大学(地方专项计划)[公办],,金融工程,,,548,41891
0672,河北师范大学(地方专项计划)[公办],,国际经济与贸易,,,547,42788
0672,河北师范大学(地方专项计划)[公办],,法学,,,561,31495
0672,河北师范大学(地方专项计划)[公办],,家政学,,,535,53694
0672,河北师范大学(地方专项计划)[公办],,马克思主义理论类,,,562,30764
0672,河北师范大学(地方专项计划)[公办],,教育学,,,566,27894
0672,河北师范大学(地方专项计划)[公办],,科学教育,,,547,42788
0672,河北师范大学(地方专项计划)[公办],,学前教育,,,548,41891
0672,河北师范大学(地方专项计划)[公办],,外国语言文学类,,,568,26529
0672,河北师范大学(地方专项计划)[公办],,新闻传播学类,,,554,36948
0672,河北师范大学(地方专项计划)[公办],,数学与应用数学,,,562,30764
0672,河北师范大学(地方专项计划)[公办],,物理学,,,554,36948
0672,河北师范大学(地方专项计划)[公办],,化学,,,554,36948
0672,河北师范大学(地方专项计划)[公办],,地理科学类,,,554,36948
0672,河北师范大学(地方专项计划)[公办],,空间科学与技术,,,533,55500
0672,河北师范大学(地方专项计划)[公办],,心理学类,,,545,44494
0672,河北师范大学(地方专项计划)[公办],,电气工程及其自动化,,,549,41073
0672,河北师范大学(地方专项计划)[公办],,电子信息类,,,550,40256
0672,河北师范大学(地方专项计划)[公办],,光电信息科学与工程,,,546,43628
0672,河北师范大学(地方专项计划)[公办],,计算机类,,,555,36191
0672,河北师范大学(地方专项计划)[公办],,软件工程,,,547,42788
0672,河北师范大学(地方专项计划)[公办],,工商管理类,,,547,42788
0672,河北师范大学(地方专项计划)[公办],,公共管理类,,,547,42788
0675,河北师范大学汇华学院[独立学院],,国际经济与贸易,,,464,134859
0675,河北师范大学汇华学院[独立学院],,英语,,,476,119752
0675,河北师范大学汇华学院[独立学院],,俄语,,,466,132235
0675,河北师范大学汇华学院[独立学院],,数学与应用数学,,,470,127253
0675,河北师范大学汇华学院[独立学院],,物理学,,,467,130969
0675,河北师范大学汇华学院[独立学院],,化学,,,466,132235
0675,河北师范大学汇华学院[独立学院],,地理科学,,,469,128494
0675,河北师范大学汇华学院[独立学院],,生物科学,,,467,130969
0675,河北师范大学汇华学院[独立学院],,计算机科学与技术,,,465,133566
0675,河北师范大学汇华学院[独立学院],,网络工程,,,464,134859
0675,河北师范大学汇华学院[独立学院],,会计学,,,468,129759
0675,河北师范大学汇华学院[独立学院],,人力资源管理,,,466,132235
0676,河北师范大学(少数民族预科班)[公办],,本科预科班,,,524,64450
0678,河北石油职业技术大学[公办],,石油工程技术,,,465,133566
0678,河北石油职业技术大学[公办],,生态环境工程技术,,,462,137255
0678,河北石油职业技术大学[公办],,建筑环境与能源工程,,,459,141008
0678,河北石油职业技术大学[公办],,建设工程管理,,,459,141008
0678,河北石油职业技术大学[公办],,机械设计制造及自动化,,,467,130969
0678,河北石油职业技术大学[公办],,工业设计,,,464,134859
0678,河北石油职业技术大学[公办],,电气工程及自动化,,,467,130969
0678,河北石油职业技术大学[公办],,汽车工程技术,,,460,139765
0678,河北石油职业技术大学[公办],,新能源汽车工程技术,,,466,132235
0678,河北石油职业技术大学[公办],,应用化工技术,,,458,142250
0678,河北石油职业技术大学[公办],,化工智能制造工程技术,,,461,138513
0678,河北石油职业技术大学[公办],,现代精细化工技术,,,458,142250
0678,河北石油职业技术大学[公办],,电子信息工程技术,,,468,129759
0678,河北石油职业技术大学[公办],,网络工程技术,,,470,127253
0678,河北石油职业技术大学[公办],,软件工程技术,,,469,128494
0678,河北石油职业技术大学[公办],,大数据与会计,,,470,127253
0678,河北石油职业技术大学[公办],,市场营销,,,466,132235
0678,河北石油职业技术大学[公办],,酒店管理,,,463,136058
0679,河北水利电力学院[公办],,经济与金融,,,481,113547
0679,河北水利电力学院[公办],,网络与新媒体,,,482,112324
0679,河北水利电力学院[公办],,机械类,,,470,127253
0679,河北水利电力学院[公办],,电气类,,,474,122219
0679,河北水利电力学院[公办],,电子信息类,,,473,123482
0679,河北水利电力学院[公办],,自动化类,,,471,126020
0679,河北水利电力学院[公办],,计算机类,,,478,117259
0679,河北水利电力学院[公办],,土木类,,,465,133566
0679,河北水利电力学院[公办],,水利类,,,471,126020
0679,河北水利电力学院[公办],,测绘工程,,,470,127253
0679,河北水利电力学院[公办],,遥感科学与技术,,,473,123482
0679,河北水利电力学院[公办],,勘查技术与工程,,,470,127253
0679,河北水利电力学院[公办],,交通运输,,,472,124770
0679,河北水利电力学院[公办],,交通工程,,,473,123482
0679,河北水利电力学院[公办],,农业水利工程,,,470,127253
0679,河北水利电力学院[公办],,建筑学,,,471,126020
0679,河北水利电力学院[公办],,房地产开发与管理,,,467,130969
0679,河北水利电力学院[公办],,工程造价,,,472,124770
0679,河北水利电力学院[公办],,大数据管理与应用,,,474,122219
0679,河北水利电力学院[公办],,工商管理类,,,476,119752
0679,河北水利电力学院[公办],,跨境电子商务,,,471,126020
0681,河北体育学院[公办],,运动人体科学,,,463,136058
0681,河北体育学院[公办],,运动康复,,,463,136058
0681,河北体育学院[公办],,体育经济与管理,,,466,132235
0682,河北外国语学院(石家庄市)[民办],,金融工程,,,450,152346
0682,河北外国语学院(石家庄市)[民办],,精算学,,,442,162050
0682,河北外国语学院(石家庄市)[民办],,互联网金融,,,447,155919
0682,河北外国语学院(石家庄市)[民办],,国际经济与贸易,,,449,153606
0682,河北外国语学院(石家庄市)[民办],,国际经贸规则,,,443,160819
0682,河北外国语学院(石家庄市)[民办],,教育学,,,459,141008
0682,河北外国语学院(石家庄市)[民办],,艺术教育,,,445,158356
0682,河北外国语学院(石家庄市)[民办],,学前教育,,,456,144801
0682,河北外国语学院(石家庄市)[民办],,小学教育,,,458,142250
0682,河北外国语学院(石家庄市)[民办],,汉语言文学,,,458,142250
0682,河北外国语学院(石家庄市)[民办],,汉语国际教育,,,455,146091
0682,河北外国语学院(石家庄市)[民办],,英语,,,457,143500
0682,河北外国语学院(石家庄市)[民办],,意大利语,,,440,164582
0682,河北外国语学院(石家庄市)[民办],,翻译,,,459,141008
0682,河北外国语学院(石家庄市)[民办],,商务英语,,,454,147340
0682,河北外国语学院(石家庄市)[民办],,网络与新媒体,,,457,143500
0682,河北外国语学院(石家庄市)[民办],,信息与计算科学,,,445,158356
0682,河北外国语学院(石家庄市)[民办],,应用心理学,,,452,149859
0682,河北外国语学院(石家庄市)[民办],,人工智能,,,449,153606
0682,河北外国语学院(石家庄市)[民办],,软件工程,,,451,151103
0682,河北外国语学院(石家庄市)[民办],,网络工程,,,449,153606
0682,河北外国语学院(石家庄市)[民办],,物联网工程,,,448,154772
0682,河北外国语学院(石家庄市)[民办],,数据科学与大数据技术,,,448,154772
0682,河北外国语学院(石家庄市)[民办],,区块链工程,,,437,168382
0682,河北外国语学院(石家庄市)[民办],,土木工程,,,447,155919
0682,河北外国语学院(石家庄市)[民办],,建筑学,,,446,157125
0682,河北外国语学院(石家庄市)[民办],,生物制药,,,445,158356
0682,河北外国语学院(石家庄市)[民办],,中药学,,,450,152346
0682,河北外国语学院(石家庄市)[民办],,中药学,,,449,153606
0682,河北外国语学院(石家庄市)[民办],,康复治疗学,,,447,155919
0682,河北外国语学院(石家庄市)[民办],,康复治疗学,,,444,159559
0682,河北外国语学院(石家庄市)[民办],,口腔医学技术,,,462,137255
0682,河北外国语学院(石家庄市)[民办],,护理学,,,455,146091
0682,河北外国语学院(石家庄市)[民办],,工程造价,,,452,149859
0682,河北外国语学院(石家庄市)[民办],,财务管理,,,451,151103
0682,河北外国语学院(石家庄市)[民办],,审计学,,,452,149859
0682,河北外国语学院(石家庄市)[民办],,资产评估,,,446,157125
0682,河北外国语学院(石家庄市)[民办],,电子商务,,,452,149859
0682,河北外国语学院(石家庄市)[民办],,旅游管理,,,442,162050
0682,河北外国语学院(石家庄市)[民办],,会展经济与管理,,,442,162050
0683,河北医科大学[公办],,生物制药,,,549,41073
0683,河北医科大学[公办],,基础医学,,,562,30764
0683,河北医科大学[公办],,临床医学(5+3一体化),,,600,9823
0683,河北医科大学[公办],,临床医学(5+3一体化，儿科学),,,592,13125
0683,河北医科大学[公办],,临床医学,,,579,19795
0683,河北医科大学[公办],,麻醉学,,,572,23984
0683,河北医科大学[公办],,医学影像学,,,571,24634
0683,河北医科大学[公办],,眼视光医学,,,576,21536
0683,河北医科大学[公办],,精神医学,,,559,33069
0683,河北医科大学[公办],,儿科学,,,575,22143
0683,河北医科大学[公办],,口腔医学,,,586,15960
0683,河北医科大学[公办],,公共卫生与预防医学类,,,542,47194
0683,河北医科大学[公办],,食品卫生与营养学,,,542,47194
0683,河北医科大学[公办],,中西医临床医学,,,564,29282
0683,河北医科大学[公办],,药学类,,,547,42788
0683,河北医科大学[公办],,临床药学,,,552,38584
0683,河北医科大学[公办],,中药学,,,545,44494
0683,河北医科大学[公办],,法医学,,,550,40256
0683,河北医科大学[公办],,医学检验技术,,,559,33069
0683,河北医科大学[公办],,医学影像技术,,,552,38584
0683,河北医科大学[公办],,康复治疗学,,,538,50883
0683,河北医科大学[公办],,卫生检验与检疫,,,546,43628
0683,河北医科大学[公办],,智能医学工程,,,546,43628
0683,河北医科大学[公办],,护理学类,,,527,61435
0683,河北医科大学[公办],,健康服务与管理,,,525,63402
0684,河北医科大学(地方专项计划)[公办],,基础医学,,,557,34586
0684,河北医科大学(地方专项计划)[公办],,眼视光医学,,,569,25895
0684,河北医科大学(地方专项计划)[公办],,精神医学,,,552,38584
0684,河北医科大学(地方专项计划)[公办],,儿科学,,,567,27220
0684,河北医科大学(地方专项计划)[公办],,公共卫生与预防医学类,,,544,45381
0684,河北医科大学(地方专项计划)[公办],,食品卫生与营养学,,,542,47194
0684,河北医科大学(地方专项计划)[公办],,药学类,,,549,41073
0684,河北医科大学(地方专项计划)[公办],,医学影像技术,,,551,40256
0684,河北医科大学(地方专项计划)[公办],,康复治疗学,,,537,51825
0684,河北医科大学(地方专项计划)[公办],,护理学类,,,527,61435
0686,河北医科大学临床学院[独立学院],,临床医学,,,499,91783
0686,河北医科大学临床学院[独立学院],,麻醉学,,,492,100090
0686,河北医科大学临床学院[独立学院],,口腔医学,,,499,91783
0686,河北医科大学临床学院[独立学院],,中西医临床医学,,,492,100090
0686,河北医科大学临床学院[独立学院],,医学检验技术,,,484,109959
0686,河北医科大学临床学院[独立学院],,医学影像技术,,,485,108714
0686,河北医科大学临床学院[独立学院],,护理学,,,473,123482
0691,河北中医学院[公办],,应用心理学,,,501,89173
0691,河北中医学院[公办],,生物工程,,,492,100090
0691,河北中医学院[公办],,中医学(5+3一体化),,,555,36191
0691,河北中医学院[公办],,中医学,,,527,61435
0691,河北中医学院[公办],,针灸推拿学,,,507,82620
0691,河北中医学院[公办],,中医康复学,,,501,89173
0691,河北中医学院[公办],,中医养生学,,,502,88336
0691,河北中医学院[公办],,中医儿科学,,,507,82620
0691,河北中医学院[公办],,中医骨伤科学,,,505,84880
0691,河北中医学院[公办],,中西医临床医学,,,511,78116
0691,河北中医学院[公办],,药学,,,499,91783
0691,河北中医学院[公办],,中药学,,,497,94131
0691,河北中医学院[公办],,中药资源与开发,,,490,102500
0691,河北中医学院[公办],,中药制药,,,494,97686
0691,河北中医学院[公办],,中草药栽培与鉴定,,,487,106171
0691,河北中医学院[公办],,医学检验技术,,,498,92962
0691,河北中医学院[公办],,医学影像技术,,,499,91783
0691,河北中医学院[公办],,康复治疗学,,,496,95288
0691,河北中医学院[公办],,口腔医学技术,,,510,79317
0691,河北中医学院[公办],,护理学,,,490,102500
0691,河北中医学院[公办],,助产学,,,493,98867
0691,河北中医学院[公办],,健康服务与管理,,,490,102500
0692,河北中医学院(地方专项计划)[公办],,中医学,,,520,68611
0692,河北中医学院(地方专项计划)[公办],,针灸推拿学,,,498,92962
0692,河北中医学院(地方专项计划)[公办],,中医儿科学,,,506,83767
0692,河北中医学院(地方专项计划)[公办],,中西医临床医学,,,509,80441
0692,河北中医学院(地方专项计划)[公办],,中药学,,,504,86042
0696,河池学院[公办],,英语,,,481,113547
0696,河池学院[公办],,机械设计制造及其自动化,,,475,120971
0696,河池学院[公办],,电气工程及其自动化,,,480,114796
0696,河池学院[公办],,物联网工程,,,479,116040
0697,河海大学[公办],,英语,,,595,11821
0697,河海大学[公办],,数学类,,,597,10996
0697,河海大学[公办],,应用物理学,,,593,12676
0697,河海大学[公办],,自然地理与资源环境,,,586,15960
0697,河海大学[公办],,地理信息科学,,,593,12676
0697,河海大学[公办],,海洋科学,,,582,18065
0697,河海大学[公办],,海洋技术,,,582,18065
0697,河海大学[公办],,工程力学,,,594,12236
0697,河海大学[公办],,工程力学(大禹徐芝纶班),,,597,10996
0697,河海大学[公办],,机械工程(常州校区),,,596,11399
0697,河海大学[公办],,智能制造工程(常州校区),,,595,11821
0697,河海大学[公办],,材料科学与工程,,,590,14004
0697,河海大学[公办],,金属材料工程(常州校区),,,584,17032
0697,河海大学[公办],,能源与动力工程,,,596,11399
0697,河海大学[公办],,能源与动力工程(常州校区),,,596,11399
0697,河海大学[公办],,新能源科学与工程,,,601,9445
0697,河海大学[公办],,电气工程及其自动化,,,606,7785
0697,河海大学[公办],,电子信息工程,,,605,8076
0697,河海大学[公办],,电子科学与技术(常州校区),,,602,9065
0697,河海大学[公办],,通信工程(常州校区),,,603,8730
0697,河海大学[公办],,人工智能,,,603,8730
0697,河海大学[公办],,自动化,,,603,8730
0697,河海大学[公办],,自动化(常州校区),,,599,10212
0697,河海大学[公办],,机器人工程(常州校区),,,597,10996
0697,河海大学[公办],,计算机类(大禹强化班),,,607,7470
0697,河海大学[公办],,计算机科学与技术,,,607,7470
0697,河海大学[公办],,软件工程,,,607,7470
0697,河海大学[公办],,物联网工程(常州校区),,,602,9065
0697,河海大学[公办],,智能科学与技术,,,603,8730
0697,河海大学[公办],,土木工程,,,593,12676
0697,河海大学[公办],,给排水科学与工程,,,596,11399
0697,河海大学[公办],,水利类(大禹强化班),,,605,8076
0697,河海大学[公办],,水利水电工程,,,599,10212
0697,河海大学[公办],,水文与水资源工程,,,597,10996
0697,河海大学[公办],,港口航道与海岸工程,,,588,14950
0697,河海大学[公办],,水务工程,,,593,12676
0697,河海大学[公办],,智慧水利,,,599,10212
0697,河海大学[公办],,测绘工程,,,591,13583
0697,河海大学[公办],,遥感科学与技术,,,595,11821
0697,河海大学[公办],,地质工程,,,578,20380
0697,河海大学[公办],,交通工程,,,596,11399
0697,河海大学[公办],,船舶与海洋工程,,,588,14950
0697,河海大学[公办],,海洋资源开发技术,,,583,17536
0697,河海大学[公办],,农业水利工程,,,582,18065
0697,河海大学[公办],,土地整治工程,,,578,20380
0697,河海大学[公办],,环境工程,,,586,15960
0697,河海大学[公办],,环境科学,,,592,13125
0697,河海大学[公办],,环境生态工程,,,589,14462
0697,河海大学[公办],,信息管理与信息系统,,,598,10589
0697,河海大学[公办],,工程管理,,,591,13583
0697,河海大学[公办],,大数据管理与应用(常州校区),,,599,10212
0697,河海大学[公办],,应急管理,,,588,14950
0697,河海大学[公办],,机械工程(中外合作办学)(河海里尔学院),,,568,26529
0697,河海大学[公办],,土木工程(中外合作办学)(河海里尔学院),,,563,30033
0699,河南财经政法大学(郑州市)[公办],,经济学类,,,553,37725
0699,河南财经政法大学(郑州市)[公办],,财政学类,,,561,31495
0699,河南财经政法大学(郑州市)[公办],,金融学类,,,559,33069
0699,河南财经政法大学(郑州市)[公办],,法学,,,562,30764
0699,河南财经政法大学(郑州市)[公办],,外国语言文学类,,,553,37725
0699,河南财经政法大学(郑州市)[公办],,计算机类,,,554,36948
0699,河南财经政法大学(郑州市)[公办],,管理科学与工程类,,,546,43628
0699,河南财经政法大学(郑州市)[公办],,工商管理类,,,554,36948
0699,河南财经政法大学(郑州市)[公办],,会计学,,,572,23984
0699,河南财经政法大学(郑州市)[公办],,财务管理,,,559,33069
0699,河南财经政法大学(郑州市)[公办],,旅游管理类,,,534,54574
0699,河南财经政法大学(郑州市)[公办],,金融学(中外合作办学),,,533,55500
0699,河南财经政法大学(郑州市)[公办],,人文地理与城乡规划(中外合作办学),,,508,81575
0700,河南财政金融学院(郑州市)[公办],,税收学,,,518,70669
0700,河南财政金融学院(郑州市)[公办],,学前教育,,,505,84880
0700,河南财政金融学院(郑州市)[公办],,汉语言文学,,,521,67552
0700,河南财政金融学院(郑州市)[公办],,商务英语,,,517,71732
0700,河南财政金融学院(郑州市)[公办],,软件工程,,,518,70669
0700,河南财政金融学院(郑州市)[公办],,智能科学与技术,,,514,74839
0700,河南财政金融学院(郑州市)[公办],,环境科学,,,467,130969
0700,河南财政金融学院(郑州市)[公办],,工程管理,,,509,80441
0700,河南财政金融学院(郑州市)[公办],,工程造价,,,513,75878
0700,河南财政金融学院(郑州市)[公办],,人力资源管理,,,510,79317
0700,河南财政金融学院(郑州市)[公办],,电子商务,,,513,75878
0702,河南城建学院(平顶山市)[公办],,金融数学,,,482,112324
0702,河南城建学院(平顶山市)[公办],,数学与应用数学,,,487,106171
0702,河南城建学院(平顶山市)[公办],,应用物理学(光伏工程方向),,,477,118522
0702,河南城建学院(平顶山市)[公办],,地理信息科学,,,485,108714
0702,河南城建学院(平顶山市)[公办],,高分子材料与工程,,,477,118522
0702,河南城建学院(平顶山市)[公办],,能源与动力工程,,,486,107443
0702,河南城建学院(平顶山市)[公办],,新能源科学与工程,,,489,103748
0702,河南城建学院(平顶山市)[公办],,电子信息工程,,,493,98867
0702,河南城建学院(平顶山市)[公办],,自动化,,,494,97686
0702,河南城建学院(平顶山市)[公办],,物联网工程,,,494,97686
0702,河南城建学院(平顶山市)[公办],,数据科学与大数据技术,,,498,92962
0702,河南城建学院(平顶山市)[公办],,土木工程,,,490,102500
0702,河南城建学院(平顶山市)[公办],,建筑环境与能源应用工程,,,487,106171
0702,河南城建学院(平顶山市)[公办],,测绘工程(智能测绘方向),,,485,108714
0702,河南城建学院(平顶山市)[公办],,化学工程与工艺,,,476,119752
0702,河南城建学院(平顶山市)[公办],,交通工程,,,482,112324
0702,河南城建学院(平顶山市)[公办],,建筑学,,,496,95288
0702,河南城建学院(平顶山市)[公办],,风景园林,,,482,112324
0702,河南城建学院(平顶山市)[公办],,安全工程,,,478,117259
0702,河南城建学院(平顶山市)[公办],,生物工程,,,477,118522
0702,河南城建学院(平顶山市)[公办],,工程管理,,,484,109959
0702,河南城建学院(平顶山市)[公办],,城市管理,,,477,118522
0703,河南大学(开封市)[公办],,经济学类,,,574,22729
0703,河南大学(开封市)[公办],,法学,,,580,19205
0703,河南大学(开封市)[公办],,新闻传播学类,,,576,21536
0703,河南大学(开封市)[公办],,数学类,,,571,24634
0703,河南大学(开封市)[公办],,物理学,,,574,22729
0703,河南大学(开封市)[公办],,化学类,,,565,28568
0703,河南大学(开封市)[公办],,地理科学类,,,572,23984
0703,河南大学(开封市)[公办],,生物科学,,,570,25269
0703,河南大学(开封市)[公办],,应用心理学,,,563,30033
0703,河南大学(开封市)[公办],,电子信息科学与技术,,,574,22729
0703,河南大学(开封市)[公办],,计算机类,,,580,19205
0703,河南大学(开封市)[公办],,软件工程,,,570,25269
0703,河南大学(开封市)[公办],,网络工程,,,564,29282
0703,河南大学(开封市)[公办],,土木工程,,,564,29282
0703,河南大学(开封市)[公办],,植物科学与技术,,,554,36948
0703,河南大学(开封市)[公办],,临床医学类,,,577,20936
0703,河南大学(开封市)[公办],,药学,,,563,30033
0703,河南大学(开封市)[公办],,临床药学,,,556,35406
0703,河南大学(开封市)[公办],,中药学,,,554,36948
0703,河南大学(开封市)[公办],,工商管理类,,,571,24634
0703,河南大学(开封市)[公办],,旅游管理类,,,499,91783
0703,河南大学(开封市)[公办],,国际经济与贸易(中外合作办学)(与澳大利亚维多利亚大学合作办学),,,549,41073
0703,河南大学(开封市)[公办],,国际经济与贸易(中外合作办学)(与德国安哈尔特应用技术大学合作办学),,,544,45381
0703,河南大学(开封市)[公办],,学前教育(中外合作办学)(与芬兰图尔库大学合作办学),,,519,69642
0703,河南大学(开封市)[公办],,计算机科学与技术(中外合作办学)(与澳大利亚维多利亚大学合作办学),,,560,32247
0703,河南大学(开封市)[公办],,生物工程(中外合作办学)(与德国安哈尔特应用技术大学合作办学),,,543,46278
0703,河南大学(开封市)[公办],,会计学(中外合作办学)(与澳大利亚维多利亚大学合作办学),,,553,37725
0705,河南工程学院(郑州市)[公办],,数学与应用数学,,,508,81575
0705,河南工程学院(郑州市)[公办],,应用物理学,,,505,84880
0705,河南工程学院(郑州市)[公办],,机械设计制造及其自动化,,,519,69642
0705,河南工程学院(郑州市)[公办],,车辆工程,,,508,81575
0705,河南工程学院(郑州市)[公办],,新能源材料与器件,,,505,84880
0705,河南工程学院(郑州市)[公办],,电气工程及其自动化,,,523,65475
0705,河南工程学院(郑州市)[公办],,通信工程,,,514,74839
0705,河南工程学院(郑州市)[公办],,计算机科学与技术,,,521,67552
0705,河南工程学院(郑州市)[公办],,土木工程,,,508,81575
0705,河南工程学院(郑州市)[公办],,建筑环境与能源应用工程,,,497,94131
0705,河南工程学院(郑州市)[公办],,城市地下空间工程,,,491,101322
0705,河南工程学院(郑州市)[公办],,测绘工程,,,498,92962
0705,河南工程学院(郑州市)[公办],,资源勘查工程,,,487,106171
0705,河南工程学院(郑州市)[公办],,服装设计与工程,,,500,90630
0705,河南工程学院(郑州市)[公办],,资源环境科学,,,485,108714
0705,河南工程学院(郑州市)[公办],,安全工程,,,501,89173
0705,河南工程学院(郑州市)[公办],,物流管理,,,499,91783
0705,河南工程学院(郑州市)[公办],,工业工程,,,499,91783
0705,河南工程学院(郑州市)[公办],,电子商务,,,508,81575
0706,河南工学院[公办],,车辆工程,,,493,98867
0706,河南工学院[公办],,电气工程及其自动化,,,500,90630
0706,河南工学院[公办],,智能电网信息工程,,,497,94131
0706,河南工学院[公办],,电缆工程,,,487,106171
0706,河南工学院[公办],,自动化,,,499,91783
0706,河南工学院[公办],,物联网工程,,,504,86042
0707,河南工业大学(郑州市)[公办],,经济学,,,554,36948
0707,河南工业大学(郑州市)[公办],,财政学,,,552,38584
0707,河南工业大学(郑州市)[公办],,金融学,,,560,32247
0707,河南工业大学(郑州市)[公办],,国际经济与贸易,,,547,42788
0707,河南工业大学(郑州市)[公办],,法学,,,556,35406
0707,河南工业大学(郑州市)[公办],,英语,,,564,29282
0707,河南工业大学(郑州市)[公办],,翻译,,,551,40256
0707,河南工业大学(郑州市)[公办],,新闻传播学类,,,554,36948
0707,河南工业大学(郑州市)[公办],,网络与新媒体,,,562,30764
0707,河南工业大学(郑州市)[公办],,数学与应用数学,,,556,35406
0707,河南工业大学(郑州市)[公办],,应用物理学,,,546,43628
0707,河南工业大学(郑州市)[公办],,化学,,,538,50883
0707,河南工业大学(郑州市)[公办],,应用化学,,,532,56540
0707,河南工业大学(郑州市)[公办],,生物技术,,,530,58518
0707,河南工业大学(郑州市)[公办],,应用统计学,,,548,41891
0707,河南工业大学(郑州市)[公办],,机械类,,,545,44494
0707,河南工业大学(郑州市)[公办],,机械设计制造及其自动化,,,549,41073
0707,河南工业大学(郑州市)[公办],,测控技术与仪器,,,547,42788
0707,河南工业大学(郑州市)[公办],,材料类,,,529,59504
0707,河南工业大学(郑州市)[公办],,材料科学与工程,,,522,66475
0707,河南工业大学(郑州市)[公办],,无机非金属材料工程,,,519,69642
0707,河南工业大学(郑州市)[公办],,电气工程及其自动化,,,555,36191
0707,河南工业大学(郑州市)[公办],,通信工程,,,555,36191
0707,河南工业大学(郑州市)[公办],,机器人工程,,,550,40256
0707,河南工业大学(郑州市)[公办],,空间信息与数字技术,,,554,36948
0707,河南工业大学(郑州市)[公办],,土木工程,,,539,49949
0707,河南工业大学(郑州市)[公办],,建筑环境与能源应用工程,,,528,60450
0707,河南工业大学(郑州市)[公办],,智能建造,,,531,57544
0707,河南工业大学(郑州市)[公办],,化学工程与工艺,,,531,57544
0707,河南工业大学(郑州市)[公办],,制药工程,,,538,50883
0707,河南工业大学(郑州市)[公办],,环境工程,,,517,71732
0707,河南工业大学(郑州市)[公办],,食品科学与工程类,,,527,61435
0707,河南工业大学(郑州市)[公办],,建筑学,,,544,45381
0707,河南工业大学(郑州市)[公办],,生物工程,,,528,60450
0707,河南工业大学(郑州市)[公办],,饲料工程,,,501,89173
0707,河南工业大学(郑州市)[公办],,工程管理,,,536,52757
0707,河南工业大学(郑州市)[公办],,工商管理,,,551,40256
0707,河南工业大学(郑州市)[公办],,会计学,,,562,30764
0707,河南工业大学(郑州市)[公办],,物流管理,,,544,45381
0707,河南工业大学(郑州市)[公办],,供应链管理,,,517,71732
0707,河南工业大学(郑州市)[公办],,电子商务,,,551,40256
0707,河南工业大学(郑州市)[公办],,生物技术(中外合作办学),,,501,89173
0707,河南工业大学(郑州市)[公办],,物联网工程(中外合作办学),,,529,59504
0707,河南工业大学(郑州市)[公办],,食品科学与工程(中外合作办学),,,508,81575
0707,河南工业大学(郑州市)[公办],,市场营销(中外合作办学),,,505,84880
0707,河南工业大学(郑州市)[公办],,会计学(中外合作办学),,,526,62390
0707,河南工业大学(郑州市)[公办],,人力资源管理(中外合作办学),,,511,78116
0712,河南开封科技传媒学院(开封市)[民办],,金融学,,,455,146091
0712,河南开封科技传媒学院(开封市)[民办],,学前教育,,,465,133566
0712,河南开封科技传媒学院(开封市)[民办],,财务管理,,,458,142250
0713,河南科技大学(洛阳市)[公办],,生物科学类,,,528,60450
0713,河南科技大学(洛阳市)[公办],,机械类,,,539,49949
0713,河南科技大学(洛阳市)[公办],,材料成型及控制工程,,,528,60450
0713,河南科技大学(洛阳市)[公办],,车辆工程,,,535,53694
0713,河南科技大学(洛阳市)[公办],,材料类,,,521,67552
0713,河南科技大学(洛阳市)[公办],,电子科学与技术,,,546,43628
0713,河南科技大学(洛阳市)[公办],,自动化,,,547,42788
0713,河南科技大学(洛阳市)[公办],,计算机科学与技术,,,560,32247
0713,河南科技大学(洛阳市)[公办],,农业工程类,,,518,70669
0713,河南科技大学(洛阳市)[公办],,生物工程类,,,527,61435
0713,河南科技大学(洛阳市)[公办],,临床医学,,,544,45381
0713,河南科技大学(洛阳市)[公办],,法医学,,,535,53694
0713,河南科技大学(洛阳市)[公办],,工业工程,,,530,58518
0714,河南科技学院(新乡市)[公办],,数学与应用数学,,,498,92962
0714,河南科技学院(新乡市)[公办],,信息与计算科学,,,501,89173
0714,河南科技学院(新乡市)[公办],,应用化学,,,494,97686
0714,河南科技学院(新乡市)[公办],,通信工程,,,507,82620
0714,河南科技学院(新乡市)[公办],,食品科学与工程,,,496,95288
0714,河南科技学院(新乡市)[公办],,风景园林,,,498,92962
0715,河南理工大学(焦作市)[公办],,金融学,,,555,36191
0715,河南理工大学(焦作市)[公办],,国际经济与贸易,,,549,41073
0715,河南理工大学(焦作市)[公办],,法学,,,553,37725
0715,河南理工大学(焦作市)[公办],,汉语言文学,,,554,36948
0715,河南理工大学(焦作市)[公办],,英语,,,555,36191
0715,河南理工大学(焦作市)[公办],,数学类,,,541,48106
0715,河南理工大学(焦作市)[公办],,应用物理学,,,534,54574
0715,河南理工大学(焦作市)[公办],,自然地理与资源环境,,,532,56540
0715,河南理工大学(焦作市)[公办],,人文地理与城乡规划,,,529,59504
0715,河南理工大学(焦作市)[公办],,地理信息科学,,,539,49949
0715,河南理工大学(焦作市)[公办],,地球信息科学与技术(地球大数据方向),,,531,57544
0715,河南理工大学(焦作市)[公办],,工程力学,,,529,59504
0715,河南理工大学(焦作市)[公办],,机械类,,,536,52757
0715,河南理工大学(焦作市)[公办],,材料成型及控制工程(智能制造方向),,,521,67552
0715,河南理工大学(焦作市)[公办],,机械电子工程,,,538,50883
0715,河南理工大学(焦作市)[公办],,工业设计,,,535,53694
0715,河南理工大学(焦作市)[公办],,测控技术与仪器,,,535,53694
0715,河南理工大学(焦作市)[公办],,材料类,,,509,80441
0715,河南理工大学(焦作市)[公办],,能源与动力工程,,,538,50883
0715,河南理工大学(焦作市)[公办],,新能源科学与工程,,,544,45381
0715,河南理工大学(焦作市)[公办],,储能科学与工程,,,535,53694
0715,河南理工大学(焦作市)[公办],,电气工程及其自动化,,,550,40256
0715,河南理工大学(焦作市)[公办],,电子信息类,,,542,47194
0715,河南理工大学(焦作市)[公办],,自动化类,,,540,49002
0715,河南理工大学(焦作市)[公办],,机器人工程,,,541,48106
0715,河南理工大学(焦作市)[公办],,计算机科学与技术,,,558,33822
0715,河南理工大学(焦作市)[公办],,物联网工程,,,554,36948
0715,河南理工大学(焦作市)[公办],,土木类,,,523,65475
0715,河南理工大学(焦作市)[公办],,水文与水资源工程(智慧水文方向),,,520,68611
0715,河南理工大学(焦作市)[公办],,测绘工程(卓越计划班),,,535,53694
0715,河南理工大学(焦作市)[公办],,测绘工程(导航方向),,,531,57544
0715,河南理工大学(焦作市)[公办],,遥感科学与技术,,,533,55500
0715,河南理工大学(焦作市)[公办],,化学工程与工艺,,,532,56540
0715,河南理工大学(焦作市)[公办],,地质工程,,,513,75878
0715,河南理工大学(焦作市)[公办],,资源勘查工程(清洁能源勘查方向),,,514,74839
0715,河南理工大学(焦作市)[公办],,采矿工程(卓越计划班),,,503,87191
0715,河南理工大学(焦作市)[公办],,矿物加工工程,,,509,80441
0715,河南理工大学(焦作市)[公办],,矿物加工工程(卓越计划班),,,522,66475
0715,河南理工大学(焦作市)[公办],,智能采矿工程,,,510,79317
0715,河南理工大学(焦作市)[公办],,交通工程,,,532,56540
0715,河南理工大学(焦作市)[公办],,环境工程,,,521,67552
0715,河南理工大学(焦作市)[公办],,建筑类,,,534,54574
0715,河南理工大学(焦作市)[公办],,安全工程,,,532,56540
0715,河南理工大学(焦作市)[公办],,安全工程(卓越计划班),,,531,57544
0715,河南理工大学(焦作市)[公办],,应急技术与管理,,,527,61435
0715,河南理工大学(焦作市)[公办],,消防工程,,,516,72762
0715,河南理工大学(焦作市)[公办],,药学,,,538,50883
0715,河南理工大学(焦作市)[公办],,护理学,,,527,61435
0715,河南理工大学(焦作市)[公办],,管理科学,,,522,66475
0715,河南理工大学(焦作市)[公办],,工程管理,,,534,54574
0715,河南理工大学(焦作市)[公办],,工商管理类,,,542,47194
0715,河南理工大学(焦作市)[公办],,会计学,,,549,41073
0715,河南理工大学(焦作市)[公办],,财务管理,,,548,41891
0715,河南理工大学(焦作市)[公办],,公共事业管理,,,530,58518
0715,河南理工大学(焦作市)[公办],,土地资源管理,,,522,66475
0715,河南理工大学(焦作市)[公办],,工业工程,,,532,56540
0715,河南理工大学(焦作市)[公办],,旅游管理,,,516,72762
0716,河南牧业经济学院(郑州市)[公办],,金融学,,,494,97686
0716,河南牧业经济学院(郑州市)[公办],,机器人工程,,,483,111133
0716,河南牧业经济学院(郑州市)[公办],,包装工程,,,470,127253
0716,河南牧业经济学院(郑州市)[公办],,工程造价,,,488,104962
0716,河南牧业经济学院(郑州市)[公办],,会计学,,,501,89173
0716,河南牧业经济学院(郑州市)[公办],,国际商务,,,486,107443
0716,河南牧业经济学院(郑州市)[公办],,酒店管理,,,469,128494
0717,河南农业大学(郑州市)[公办],,生物科学类,,,526,62390
0717,河南农业大学(郑州市)[公办],,机械设计制造及其自动化,,,529,59504
0717,河南农业大学(郑州市)[公办],,电子信息科学与技术,,,539,49949
0717,河南农业大学(郑州市)[公办],,计算机科学与技术,,,548,41891
0717,河南农业大学(郑州市)[公办],,轻工类(烟工类),,,546,43628
0717,河南农业大学(郑州市)[公办],,环境生态工程,,,524,64450
0717,河南农业大学(郑州市)[公办],,食品科学与工程类,,,527,61435
0717,河南农业大学(郑州市)[公办],,建筑类,,,528,60450
0717,河南农业大学(郑州市)[公办],,植物生产类(农学类),,,524,64450
0717,河南农业大学(郑州市)[公办],,植物生产类(园艺类),,,519,69642
0717,河南农业大学(郑州市)[公办],,植物保护,,,511,78116
0717,河南农业大学(郑州市)[公办],,动物医学类,,,525,63402
0717,河南农业大学(郑州市)[公办],,林学类,,,519,69642
0717,河南农业大学(郑州市)[公办],,管理科学,,,521,67552
0717,河南农业大学(郑州市)[公办],,食品科学与工程(中外合作办学),,,486,107443
0718,河南师范大学(新乡市)[公办],,运动人体科学,,,497,94131
0718,河南师范大学(新乡市)[公办],,数学与应用数学,,,558,33822
0718,河南师范大学(新乡市)[公办],,物理学,,,555,36191
0718,河南师范大学(新乡市)[公办],,化学,,,553,37725
0718,河南师范大学(新乡市)[公办],,生物科学,,,554,36948
0718,河南师范大学(新乡市)[公办],,电子信息工程,,,546,43628
0718,河南师范大学(新乡市)[公办],,水产类,,,491,101322
0718,河南师范大学(新乡市)[公办],,电子商务,,,539,49949
0724,河南中医药大学(郑州市)[公办],,外国语言文学类,,,523,65475
0724,河南中医药大学(郑州市)[公办],,中西医临床医学,,,547,42788
0724,河南中医药大学(郑州市)[公办],,护理学,,,517,71732
0724,河南中医药大学(郑州市)[公办],,公共管理类,,,515,73836
0725,河西学院(张掖市)[公办],,经济学,,,490,102500
0725,河西学院(张掖市)[公办],,法学,,,495,96518
0725,河西学院(张掖市)[公办],,化学,,,474,122219
0725,河西学院(张掖市)[公办],,机械设计制造及其自动化,,,483,111133
0725,河西学院(张掖市)[公办],,能源与动力工程,,,479,116040
0725,河西学院(张掖市)[公办],,自动化,,,482,112324
0725,河西学院(张掖市)[公办],,土木工程,,,475,120971
0725,河西学院(张掖市)[公办],,化学工程与工艺,,,469,128494
0725,河西学院(张掖市)[公办],,食品科学与工程,,,472,124770
0725,河西学院(张掖市)[公办],,葡萄与葡萄酒工程,,,466,132235
0725,河西学院(张掖市)[公办],,生物工程,,,473,123482
0725,河西学院(张掖市)[公办],,种子科学与工程,,,466,132235
0725,河西学院(张掖市)[公办],,医学影像技术,,,482,112324
0725,河西学院(张掖市)[公办],,信息管理与信息系统,,,472,124770
0725,河西学院(张掖市)[公办],,工程管理,,,471,126020
0725,河西学院(张掖市)[公办],,旅游管理,,,468,129759
0727,菏泽学院[公办],,思想政治教育,,,540,49002
0727,菏泽学院[公办],,历史学,,,508,81575
0727,菏泽学院[公办],,化学,,,490,102500
0727,菏泽学院[公办],,心理学,,,501,89173
0727,菏泽学院[公办],,电气工程及其自动化,,,496,95288
0727,菏泽学院[公办],,建筑学,,,493,98867
0727,菏泽学院[公办],,生物工程,,,490,102500
0727,菏泽学院[公办],,园艺,,,477,118522
0730,贺州学院[公办],,应用心理学,,,474,122219
0730,贺州学院[公办],,机械设计制造及其自动化,,,476,119752
0730,贺州学院[公办],,高分子材料与工程,,,471,126020
0730,贺州学院[公办],,人工智能,,,481,113547
0730,贺州学院[公办],,数据科学与大数据技术,,,478,117259
0730,贺州学院[公办],,食品质量与安全,,,472,124770
0735,黑河学院[公办],,小学教育,,,476,119752
0735,黑河学院[公办],,英语,,,484,109959
0735,黑河学院[公办],,俄语,,,472,124770
0735,黑河学院[公办],,商务英语,,,474,122219
0735,黑河学院[公办],,化学,,,473,123482
0735,黑河学院[公办],,应用化学,,,473,123482
0735,黑河学院[公办],,生物技术,,,470,127253
0735,黑河学院[公办],,材料科学与工程,,,470,127253
0735,黑河学院[公办],,通信工程,,,476,119752
0735,黑河学院[公办],,光电信息科学与工程,,,472,124770
0735,黑河学院[公办],,计算机科学与技术,,,483,111133
0735,黑河学院[公办],,网络工程,,,478,117259
0735,黑河学院[公办],,物联网工程,,,474,122219
0735,黑河学院[公办],,数据科学与大数据技术,,,480,114796
0735,黑河学院[公办],,旅游管理,,,468,129759
0737,黑龙江八一农垦大学(大庆市)[公办],,信息与计算科学,,,510,79317
0737,黑龙江八一农垦大学(大庆市)[公办],,应用化学,,,498,92962
0737,黑龙江八一农垦大学(大庆市)[公办],,生物科学类,,,496,95288
0737,黑龙江八一农垦大学(大庆市)[公办],,机械设计制造及其自动化,,,507,82620
0737,黑龙江八一农垦大学(大庆市)[公办],,工业设计,,,506,83767
0737,黑龙江八一农垦大学(大庆市)[公办],,计算机科学与技术,,,514,74839
0737,黑龙江八一农垦大学(大庆市)[公办],,数据科学与大数据技术,,,511,78116
0737,黑龙江八一农垦大学(大庆市)[公办],,土木类,,,501,89173
0737,黑龙江八一农垦大学(大庆市)[公办],,制药工程,,,499,91783
0737,黑龙江八一农垦大学(大庆市)[公办],,包装工程,,,490,102500
0737,黑龙江八一农垦大学(大庆市)[公办],,交通运输,,,497,94131
0737,黑龙江八一农垦大学(大庆市)[公办],,农业机械化及其自动化(创新人才培养班),,,499,91783
0737,黑龙江八一农垦大学(大庆市)[公办],,食品科学与工程(创新人才培养班),,,494,97686
0737,黑龙江八一农垦大学(大庆市)[公办],,生物工程,,,495,96518
0737,黑龙江八一农垦大学(大庆市)[公办],,农学(创新人才培养班),,,492,100090
0737,黑龙江八一农垦大学(大庆市)[公办],,园艺,,,491,101322
0737,黑龙江八一农垦大学(大庆市)[公办],,植物保护,,,498,92962
0737,黑龙江八一农垦大学(大庆市)[公办],,种子科学与工程,,,496,95288
0737,黑龙江八一农垦大学(大庆市)[公办],,动物科学,,,493,98867
0737,黑龙江八一农垦大学(大庆市)[公办],,动物医学(创新人才培养班),,,500,90630
0737,黑龙江八一农垦大学(大庆市)[公办],,园林,,,499,91783
0737,黑龙江八一农垦大学(大庆市)[公办],,草业科学,,,491,101322
0737,黑龙江八一农垦大学(大庆市)[公办],,会计学(创新人才培养班),,,510,79317
0739,黑龙江财经学院(哈尔滨市)[民办],,金融学,,,438,167058
0739,黑龙江财经学院(哈尔滨市)[民办],,金融工程,,,438,167058
0739,黑龙江财经学院(哈尔滨市)[民办],,保险学,,,448,154772
0739,黑龙江财经学院(哈尔滨市)[民办],,互联网金融,,,446,157125
0739,黑龙江财经学院(哈尔滨市)[民办],,国际经济与贸易,,,441,163301
0739,黑龙江财经学院(哈尔滨市)[民办],,法学,,,451,151103
0739,黑龙江财经学院(哈尔滨市)[民办],,汉语言文学,,,453,148600
0739,黑龙江财经学院(哈尔滨市)[民办],,英语,,,457,143500
0739,黑龙江财经学院(哈尔滨市)[民办],,商务英语,,,451,151103
0739,黑龙江财经学院(哈尔滨市)[民办],,广告学,,,447,155919
0739,黑龙江财经学院(哈尔滨市)[民办],,电子信息工程,,,447,155919
0739,黑龙江财经学院(哈尔滨市)[民办],,计算机科学与技术,,,445,158356
0739,黑龙江财经学院(哈尔滨市)[民办],,数据科学与大数据技术,,,444,159559
0739,黑龙江财经学院(哈尔滨市)[民办],,信息管理与信息系统,,,442,162050
0739,黑龙江财经学院(哈尔滨市)[民办],,工商管理类(隶属于管理学类，按管理学类培养分流),,,436,169642
0739,黑龙江财经学院(哈尔滨市)[民办],,会计学,,,441,163301
0739,黑龙江财经学院(哈尔滨市)[民办],,财务管理,,,443,160819
0739,黑龙江财经学院(哈尔滨市)[民办],,国际商务,,,438,167058
0739,黑龙江财经学院(哈尔滨市)[民办],,审计学,,,444,159559
0739,黑龙江财经学院(哈尔滨市)[民办],,资产评估,,,439,165845
0739,黑龙江财经学院(哈尔滨市)[民办],,物流管理,,,443,160819
0739,黑龙江财经学院(哈尔滨市)[民办],,电子商务,,,451,151103
0740,黑龙江大学(哈尔滨市)[公办],,物理学,,,542,47194
0740,黑龙江大学(哈尔滨市)[公办],,物理学,,,532,56540
0740,黑龙江大学(哈尔滨市)[公办],,化学,,,550,40256
0740,黑龙江大学(哈尔滨市)[公办],,生物技术,,,538,50883
0740,黑龙江大学(哈尔滨市)[公办],,机械设计制造及其自动化,,,553,37725
0740,黑龙江大学(哈尔滨市)[公办],,高分子材料与工程,,,546,43628
0740,黑龙江大学(哈尔滨市)[公办],,电气工程及其自动化,,,557,34586
0740,黑龙江大学(哈尔滨市)[公办],,电子信息类,,,554,36948
0740,黑龙江大学(哈尔滨市)[公办],,软件工程,,,561,31495
0740,黑龙江大学(哈尔滨市)[公办],,水利水电工程,,,544,45381
0740,黑龙江大学(哈尔滨市)[公办],,化学工程与工艺,,,538,50883
0741,黑龙江东方学院(哈尔滨市)[民办],,电气工程及其自动化,,,436,169642
0741,黑龙江东方学院(哈尔滨市)[民办],,土木工程,,,435,170844
0741,黑龙江东方学院(哈尔滨市)[民办],,食品科学与工程,,,436,169642
0741,黑龙江东方学院(哈尔滨市)[民办],,生物工程,,,438,167058
0741,黑龙江东方学院(哈尔滨市)[民办],,工程造价,,,441,163301
0742,黑龙江工程学院[公办],,金融工程,,,503,87191
0742,黑龙江工程学院[公办],,社会工作,,,492,100090
0742,黑龙江工程学院[公办],,英语,,,511,78116
0742,黑龙江工程学院[公办],,网络与新媒体,,,517,71732
0742,黑龙江工程学院[公办],,机械类,,,499,91783
0742,黑龙江工程学院[公办],,机械设计制造及其自动化,,,507,82620
0742,黑龙江工程学院[公办],,车辆工程,,,498,92962
0742,黑龙江工程学院[公办],,测控技术与仪器,,,495,96518
0742,黑龙江工程学院[公办],,材料类,,,489,103748
0742,黑龙江工程学院[公办],,电气工程及其自动化,,,515,73836
0742,黑龙江工程学院[公办],,人工智能,,,508,81575
0742,黑龙江工程学院[公办],,机器人工程,,,503,87191
0742,黑龙江工程学院[公办],,计算机类,,,511,78116
0742,黑龙江工程学院[公办],,智能科学与技术,,,506,83767
0742,黑龙江工程学院[公办],,数据科学与大数据技术,,,511,78116
0742,黑龙江工程学院[公办],,土木类,,,500,90630
0742,黑龙江工程学院[公办],,建筑环境与能源应用工程,,,494,97686
0742,黑龙江工程学院[公办],,测绘工程,,,494,97686
0742,黑龙江工程学院[公办],,遥感科学与技术,,,496,95288
0742,黑龙江工程学院[公办],,交通运输类,,,501,89173
0742,黑龙江工程学院[公办],,工程管理,,,494,97686
0742,黑龙江工程学院[公办],,会计学,,,511,78116
0742,黑龙江工程学院[公办],,财务管理,,,503,87191
0743,黑龙江工程学院昆仑旅游学院[独立学院],,英语,,,438,167058
0743,黑龙江工程学院昆仑旅游学院[独立学院],,商务英语,,,432,174661
0743,黑龙江工程学院昆仑旅游学院[独立学院],,计算机科学与技术,,,436,169642
0743,黑龙江工程学院昆仑旅游学院[独立学院],,市场营销,,,430,177075
0743,黑龙江工程学院昆仑旅游学院[独立学院],,文化产业管理,,,436,169642
0743,黑龙江工程学院昆仑旅游学院[独立学院],,跨境电子商务,,,430,177075
0743,黑龙江工程学院昆仑旅游学院[独立学院],,旅游管理,,,430,177075
0743,黑龙江工程学院昆仑旅游学院[独立学院],,酒店管理,,,430,177075
0743,黑龙江工程学院昆仑旅游学院[独立学院],,会展经济与管理,,,430,177075
0744,黑龙江工商学院(哈尔滨市)[民办],,机械电子工程,,,430,177075
0744,黑龙江工商学院(哈尔滨市)[民办],,车辆工程,,,433,173411
0744,黑龙江工商学院(哈尔滨市)[民办],,电子信息工程,,,437,168382
0744,黑龙江工商学院(哈尔滨市)[民办],,软件工程,,,437,168382
0744,黑龙江工商学院(哈尔滨市)[民办],,会计学,,,437,168382
0745,黑龙江工业学院(鸡西市)[公办],,商务英语,,,494,97686
0745,黑龙江工业学院(鸡西市)[公办],,机械设计制造及其自动化,,,487,106171
0745,黑龙江工业学院(鸡西市)[公办],,智能制造工程,,,488,104962
0745,黑龙江工业学院(鸡西市)[公办],,材料科学与工程,,,484,109959
0745,黑龙江工业学院(鸡西市)[公办],,电气工程及其自动化,,,494,97686
0745,黑龙江工业学院(鸡西市)[公办],,人工智能,,,484,109959
0745,黑龙江工业学院(鸡西市)[公办],,数据科学与大数据技术,,,493,98867
0745,黑龙江工业学院(鸡西市)[公办],,土木工程,,,484,109959
0745,黑龙江工业学院(鸡西市)[公办],,测绘工程,,,483,111133
0745,黑龙江工业学院(鸡西市)[公办],,遥感科学与技术,,,491,101322
0745,黑龙江工业学院(鸡西市)[公办],,能源化学工程,,,482,112324
0745,黑龙江工业学院(鸡西市)[公办],,采矿工程,,,482,112324
0745,黑龙江工业学院(鸡西市)[公办],,矿物加工工程,,,453,148600
0745,黑龙江工业学院(鸡西市)[公办],,食品质量与安全,,,487,106171
0745,黑龙江工业学院(鸡西市)[公办],,安全工程,,,484,109959
0745,黑龙江工业学院(鸡西市)[公办],,财务管理,,,490,102500
0749,黑龙江科技大学(哈尔滨市)[公办],,数学与应用数学,,,523,65475
0749,黑龙江科技大学(哈尔滨市)[公办],,应用统计学,,,518,70669
0749,黑龙江科技大学(哈尔滨市)[公办],,机械设计制造及其自动化,,,519,69642
0749,黑龙江科技大学(哈尔滨市)[公办],,材料成型及控制工程,,,509,80441
0749,黑龙江科技大学(哈尔滨市)[公办],,机械电子工程,,,518,70669
0749,黑龙江科技大学(哈尔滨市)[公办],,机械工艺技术,,,513,75878
0749,黑龙江科技大学(哈尔滨市)[公办],,测控技术与仪器,,,513,75878
0749,黑龙江科技大学(哈尔滨市)[公办],,电气工程及其自动化,,,528,60450
0749,黑龙江科技大学(哈尔滨市)[公办],,电气工程与智能控制,,,525,63402
0749,黑龙江科技大学(哈尔滨市)[公办],,电子信息工程,,,527,61435
0749,黑龙江科技大学(哈尔滨市)[公办],,通信工程,,,524,64450
0749,黑龙江科技大学(哈尔滨市)[公办],,电子信息科学与技术,,,524,64450
0749,黑龙江科技大学(哈尔滨市)[公办],,自动化,,,523,65475
0749,黑龙江科技大学(哈尔滨市)[公办],,计算机科学与技术,,,533,55500
0749,黑龙江科技大学(哈尔滨市)[公办],,软件工程,,,529,59504
0749,黑龙江科技大学(哈尔滨市)[公办],,物联网工程,,,527,61435
0749,黑龙江科技大学(哈尔滨市)[公办],,数据科学与大数据技术,,,525,63402
0749,黑龙江科技大学(哈尔滨市)[公办],,土木工程,,,513,75878
0749,黑龙江科技大学(哈尔滨市)[公办],,化学工程与工艺,,,510,79317
0749,黑龙江科技大学(哈尔滨市)[公办],,环境工程,,,503,87191
0749,黑龙江科技大学(哈尔滨市)[公办],,建筑学,,,519,69642
0749,黑龙江科技大学(哈尔滨市)[公办],,城乡规划,,,511,78116
0749,黑龙江科技大学(哈尔滨市)[公办],,风景园林,,,513,75878
0749,黑龙江科技大学(哈尔滨市)[公办],,安全工程,,,512,76936
0749,黑龙江科技大学(哈尔滨市)[公办],,信息管理与信息系统,,,521,67552
0749,黑龙江科技大学(哈尔滨市)[公办],,工程管理,,,516,72762
0761,黑龙江外国语学院[民办],,计算机科学与技术,,,440,164582
0761,黑龙江外国语学院[民办],,软件工程,,,435,170844
0761,黑龙江外国语学院[民办],,市场营销(精英班，英语),,,430,177075
0761,黑龙江外国语学院[民办],,国际商务,,,430,177075
0765,黑龙江中医药大学[公办],,运动康复,,,500,90630
0765,黑龙江中医药大学[公办],,应用心理学,,,520,68611
0765,黑龙江中医药大学[公办],,医学信息工程,,,520,68611
0765,黑龙江中医药大学[公办],,中医学(5+3一体化),,,575,22143
0765,黑龙江中医药大学[公办],,中医学(5+3一体化，专业硕士儿科学),,,568,26529
0765,黑龙江中医药大学[公办],,中医学,,,561,31495
0765,黑龙江中医药大学[公办],,针灸推拿学,,,543,46278
0765,黑龙江中医药大学[公办],,中医康复学,,,518,70669
0765,黑龙江中医药大学[公办],,中医骨伤科学,,,536,52757
0765,黑龙江中医药大学[公办],,中西医临床医学,,,555,36191
0765,黑龙江中医药大学[公办],,药学,,,544,45381
0765,黑龙江中医药大学[公办],,中药学,,,549,41073
0765,黑龙江中医药大学[公办],,中药制药,,,509,80441
0765,黑龙江中医药大学[公办],,康复治疗学,,,496,95288
0765,黑龙江中医药大学[公办],,智能医学工程,,,510,79317
0765,黑龙江中医药大学[公办],,护理学,,,504,86042
0765,黑龙江中医药大学[公办],,助产学,,,496,95288
0765,黑龙江中医药大学[公办],,公共事业管理,,,504,86042
0766,衡水学院[公办],,经济与金融,,,480,114796
0766,衡水学院[公办],,国际经济与贸易,,,472,124770
0766,衡水学院[公办],,社会工作,,,472,124770
0766,衡水学院[公办],,学前教育,,,476,119752
0766,衡水学院[公办],,小学教育,,,485,108714
0766,衡水学院[公办],,英语,,,493,98867
0766,衡水学院[公办],,日语,,,473,123482
0766,衡水学院[公办],,翻译,,,479,116040
0766,衡水学院[公办],,商务英语,,,480,114796
0766,衡水学院[公办],,广播电视学,,,473,123482
0766,衡水学院[公办],,广告学,,,475,120971
0766,衡水学院[公办],,数学与应用数学,,,481,113547
0766,衡水学院[公办],,物理学,,,473,123482
0766,衡水学院[公办],,化学,,,474,122219
0766,衡水学院[公办],,应用化学,,,467,130969
0766,衡水学院[公办],,生物科学,,,474,122219
0766,衡水学院[公办],,生物技术,,,469,128494
0766,衡水学院[公办],,应用心理学,,,476,119752
0766,衡水学院[公办],,应用统计学,,,473,123482
0766,衡水学院[公办],,机械电子工程,,,470,127253
0766,衡水学院[公办],,高分子材料与工程,,,466,132235
0766,衡水学院[公办],,电子信息工程,,,472,124770
0766,衡水学院[公办],,计算机科学与技术,,,483,111133
0766,衡水学院[公办],,网络工程,,,474,122219
0766,衡水学院[公办],,物联网工程,,,474,122219
0766,衡水学院[公办],,数字媒体技术,,,475,120971
0766,衡水学院[公办],,智能科学与技术,,,472,124770
0766,衡水学院[公办],,建筑电气与智能化,,,469,128494
0766,衡水学院[公办],,化学工程与工艺,,,466,132235
0766,衡水学院[公办],,环境生态工程,,,467,130969
0766,衡水学院[公办],,食品质量与安全,,,469,128494
0766,衡水学院[公办],,园林,,,468,129759
0766,衡水学院[公办],,信息管理与信息系统,,,471,126020
0766,衡水学院[公办],,财务管理,,,480,114796
0766,衡水学院[公办],,人力资源管理,,,475,120971
0766,衡水学院[公办],,城市管理,,,470,127253
0766,衡水学院[公办],,物流工程,,,468,129759
0766,衡水学院[公办],,电子商务,,,471,126020
0766,衡水学院[公办],,数学与应用数学(中外合作办学),,,445,158356
0769,衡阳师范学院[公办],,教育学,,,515,73836
0769,衡阳师范学院[公办],,新闻学,,,523,65475
0769,衡阳师范学院[公办],,广告学,,,521,67552
0769,衡阳师范学院[公办],,网络与新媒体,,,530,58518
0769,衡阳师范学院[公办],,数学与应用数学,,,531,57544
0769,衡阳师范学院[公办],,信息与计算科学,,,508,81575
0769,衡阳师范学院[公办],,物理学,,,517,71732
0769,衡阳师范学院[公办],,应用化学,,,503,87191
0769,衡阳师范学院[公办],,化学生物学,,,496,95288
0769,衡阳师范学院[公办],,地理信息科学,,,510,79317
0769,衡阳师范学院[公办],,高分子材料与工程,,,499,91783
0769,衡阳师范学院[公办],,电子信息工程,,,514,74839
0769,衡阳师范学院[公办],,环境工程,,,494,97686
0770,红河学院[公办],,学前教育,,,474,122219
0770,红河学院[公办],,电气工程及其自动化,,,482,112324
0770,红河学院[公办],,环境生态工程,,,470,127253
0770,红河学院[公办],,物流管理,,,478,117259
0771,呼和浩特民族学院[公办],,数学与应用数学,,,482,112324
0771,呼和浩特民族学院[公办],,智能科学与技术,,,482,112324
0771,呼和浩特民族学院[公办],,水质科学与技术,,,475,120971
0774,呼伦贝尔学院[公办],,经济与金融,,,470,127253
0774,呼伦贝尔学院[公办],,应用化学,,,468,129759
0774,呼伦贝尔学院[公办],,心理学,,,471,126020
0774,呼伦贝尔学院[公办],,机械工程,,,473,123482
0778,湖北大学(武汉市)[公办],,法学,,,575,22143
0778,湖北大学(武汉市)[公办],,历史学(师范类),,,561,31495
0778,湖北大学(武汉市)[公办],,数学类,,,571,24634
0778,湖北大学(武汉市)[公办],,生物科学类,,,562,30764
0778,湖北大学(武汉市)[公办],,材料类,,,558,33822
0778,湖北大学(武汉市)[公办],,电子信息类(物电),,,574,22729
0778,湖北大学(武汉市)[公办],,工商管理类,,,568,26529
0778,湖北大学(武汉市)[公办],,材料科学与工程(中外合作办学),,,516,72762
0778,湖北大学(武汉市)[公办],,电子信息工程(中外合作办学),,,540,49002
0778,湖北大学(武汉市)[公办],,软件工程(中外合作办学),,,543,46278
0779,湖北大学知行学院[独立学院],,金融学(银行经营、投资理财方向),,,466,132235
0779,湖北大学知行学院[独立学院],,汉语言文学(教育、对外教学、写作、商务文秘方向),,,468,129759
0779,湖北大学知行学院[独立学院],,英语(教育、翻译方向),,,483,111133
0779,湖北大学知行学院[独立学院],,新闻传播学类,,,467,130969
0779,湖北大学知行学院[独立学院],,应用化学(新能源材料方向),,,487,106171
0779,湖北大学知行学院[独立学院],,生物技术(制药、生物大数据方向),,,459,141008
0779,湖北大学知行学院[独立学院],,机械类,,,473,123482
0779,湖北大学知行学院[独立学院],,电子信息类,,,462,137255
0779,湖北大学知行学院[独立学院],,计算机类,,,468,129759
0779,湖北大学知行学院[独立学院],,化学工程与工艺(化学制药方向),,,462,137255
0779,湖北大学知行学院[独立学院],,生物工程(生物医药、高新生物产业方向),,,458,142250
0779,湖北大学知行学院[独立学院],,工程管理,,,458,142250
0779,湖北大学知行学院[独立学院],,会计学(财务会计、管理会计方向),,,468,129759
0780,湖北第二师范学院[公办],,国际经济与贸易,,,514,74839
0780,湖北第二师范学院[公办],,化学类,,,520,68611
0780,湖北第二师范学院[公办],,计算机类,,,526,62390
0782,湖北工程学院(孝感市)[公办],,经济学,,,511,78116
0782,湖北工程学院(孝感市)[公办],,金融工程,,,511,78116
0782,湖北工程学院(孝感市)[公办],,英语,,,512,76936
0782,湖北工程学院(孝感市)[公办],,材料类,,,507,82620
0782,湖北工程学院(孝感市)[公办],,电子信息类,,,515,73836
0782,湖北工程学院(孝感市)[公办],,计算机类,,,526,62390
0782,湖北工程学院(孝感市)[公办],,土木工程,,,512,76936
0782,湖北工程学院(孝感市)[公办],,环境科学,,,499,91783
0782,湖北工程学院(孝感市)[公办],,食品科学与工程,,,502,88336
0782,湖北工程学院(孝感市)[公办],,生物工程,,,516,72762
0782,湖北工程学院(孝感市)[公办],,电子商务,,,511,78116
0783,湖北工程学院新技术学院[独立学院],,机械设计制造及其自动化,,,461,138513
0783,湖北工程学院新技术学院[独立学院],,通信工程,,,459,141008
0783,湖北工程学院新技术学院[独立学院],,自动化,,,459,141008
0783,湖北工程学院新技术学院[独立学院],,计算机科学与技术,,,473,123482
0783,湖北工程学院新技术学院[独立学院],,软件工程,,,463,136058
0783,湖北工程学院新技术学院[独立学院],,物联网工程,,,461,138513
0783,湖北工程学院新技术学院[独立学院],,土木工程,,,460,139765
0783,湖北工程学院新技术学院[独立学院],,生物工程,,,457,143500
0783,湖北工程学院新技术学院[独立学院],,工程造价,,,457,143500
0785,湖北工业大学工程技术学院[独立学院],,机械电子工程,,,462,137255
0785,湖北工业大学工程技术学院[独立学院],,新能源汽车工程,,,459,141008
0785,湖北工业大学工程技术学院[独立学院],,电子信息工程,,,461,138513
0786,湖北工业大学(武汉市)[公办],,能源经济,,,552,38584
0786,湖北工业大学(武汉市)[公办],,信息与计算科学,,,560,32247
0786,湖北工业大学(武汉市)[公办],,机械设计制造及其自动化,,,559,33069
0786,湖北工业大学(武汉市)[公办],,智能制造工程,,,557,34586
0786,湖北工业大学(武汉市)[公办],,测控技术与仪器,,,556,35406
0786,湖北工业大学(武汉市)[公办],,电气工程及其自动化,,,565,28568
0786,湖北工业大学(武汉市)[公办],,电子科学与技术,,,563,30033
0786,湖北工业大学(武汉市)[公办],,微电子科学与工程,,,560,32247
0786,湖北工业大学(武汉市)[公办],,集成电路设计与集成系统,,,564,29282
0786,湖北工业大学(武汉市)[公办],,自动化,,,562,30764
0786,湖北工业大学(武汉市)[公办],,数字媒体技术,,,563,30033
0786,湖北工业大学(武汉市)[公办],,土木工程,,,552,38584
0786,湖北工业大学(武汉市)[公办],,智能建造,,,553,37725
0786,湖北工业大学(武汉市)[公办],,建筑学,,,552,38584
0786,湖北工业大学(武汉市)[公办],,工程管理,,,552,38584
0786,湖北工业大学(武汉市)[公办],,工商管理类,,,556,35406
0786,湖北工业大学(武汉市)[公办],,工业工程,,,552,38584
0786,湖北工业大学(武汉市)[公办],,机械设计制造及其自动化(中外合作办学)(中美合作办学),,,506,83767
0786,湖北工业大学(武汉市)[公办],,电气工程及其自动化(中外合作办学)(中美合作办学),,,514,74839
0786,湖北工业大学(武汉市)[公办],,软件工程(中外合作办学)(中美合作办学),,,515,73836
0786,湖北工业大学(武汉市)[公办],,环境工程(中外合作办学)(中美合作办学),,,494,97686
0792,湖北经济学院法商学院[独立学院],,会计学(注册会计师),,,470,127253
0793,湖北经济学院(武汉市)[公办],,金融学类,,,544,45381
0793,湖北经济学院(武汉市)[公办],,新闻传播学类,,,546,43628
0793,湖北经济学院(武汉市)[公办],,统计学类,,,539,49949
0793,湖北经济学院(武汉市)[公办],,信息管理与信息系统,,,530,58518
0793,湖北经济学院(武汉市)[公办],,工程管理,,,520,68611
0793,湖北经济学院(武汉市)[公办],,会计学(国家级一流本科专业),,,555,36191
0793,湖北经济学院(武汉市)[公办],,审计学,,,546,43628
0794,湖北科技学院(咸宁市)[公办],,网络与新媒体,,,518,70669
0794,湖北科技学院(咸宁市)[公办],,电子信息类,,,516,72762
0794,湖北科技学院(咸宁市)[公办],,计算机类,,,523,65475
0796,湖北理工学院(黄石市)[公办],,应用物理学(微电子科学方向、光电信息科学方向),,,505,84880
0796,湖北理工学院(黄石市)[公办],,材料类,,,495,96518
0796,湖北理工学院(黄石市)[公办],,电气工程及其自动化,,,514,74839
0796,湖北理工学院(黄石市)[公办],,机器人工程,,,508,81575
0796,湖北理工学院(黄石市)[公办],,计算机类,,,516,72762
0796,湖北理工学院(黄石市)[公办],,土木类,,,503,87191
0796,湖北理工学院(黄石市)[公办],,化学工程与工艺,,,502,88336
0798,湖北民族大学(恩施市)[公办],,国际经济与贸易,,,513,75878
0798,湖北民族大学(恩施市)[公办],,计算机科学与技术,,,522,66475
0798,湖北民族大学(恩施市)[公办],,信息安全,,,531,57544
0798,湖北民族大学(恩施市)[公办],,食品科学与工程,,,514,74839
0798,湖北民族大学(恩施市)[公办],,生物工程,,,512,76936
0798,湖北民族大学(恩施市)[公办],,临床医学,,,531,57544
0798,湖北民族大学(恩施市)[公办],,中医学,,,511,78116
0798,湖北民族大学(恩施市)[公办],,中药学,,,511,78116
0798,湖北民族大学(恩施市)[公办],,医学影像技术,,,512,76936
0799,湖北汽车工业学院科技学院[独立学院],,机械设计制造及其自动化,,,458,142250
0799,湖北汽车工业学院科技学院[独立学院],,材料成型及控制工程(模具数字化设计与制造),,,456,144801
0799,湖北汽车工业学院科技学院[独立学院],,车辆工程,,,457,143500
0799,湖北汽车工业学院科技学院[独立学院],,电气工程及其自动化,,,460,139765
0799,湖北汽车工业学院科技学院[独立学院],,电子信息工程(汽车电子),,,459,141008
0799,湖北汽车工业学院科技学院[独立学院],,计算机科学与技术(大数据技术),,,466,132235
0799,湖北汽车工业学院科技学院[独立学院],,计算机科学与技术(汽车智能化与信息化),,,461,138513
0799,湖北汽车工业学院科技学院[独立学院],,软件工程,,,462,137255
0799,湖北汽车工业学院科技学院[独立学院],,信息管理与信息系统(大数据分析与应用),,,459,141008
0800,湖北汽车工业学院(十堰市)[公办],,机械设计制造及其自动化,,,514,74839
0800,湖北汽车工业学院(十堰市)[公办],,车辆工程,,,518,70669
0800,湖北汽车工业学院(十堰市)[公办],,车辆工程(中外合作办学)(中英合作),,,484,109959
0806,湖北师范大学(黄石市)[公办],,化学类,,,542,47194
0806,湖北师范大学(黄石市)[公办],,生物科学类,,,537,51825
0806,湖北师范大学(黄石市)[公办],,统计学,,,539,49949
0806,湖北师范大学(黄石市)[公办],,食品科学与工程,,,528,60450
0807,湖北师范大学文理学院[独立学院],,经济学,,,463,136058
0807,湖北师范大学文理学院[独立学院],,商务英语,,,454,147340
0807,湖北师范大学文理学院[独立学院],,数学与应用数学,,,467,130969
0807,湖北师范大学文理学院[独立学院],,电气工程及其自动化,,,462,137255
0807,湖北师范大学文理学院[独立学院],,电子信息工程,,,467,130969
0807,湖北师范大学文理学院[独立学院],,计算机科学与技术,,,485,108714
0807,湖北师范大学文理学院[独立学院],,软件工程(天融信班),,,464,134859
0807,湖北师范大学文理学院[独立学院],,数据科学与大数据技术(腾讯云精英班),,,464,134859
0807,湖北师范大学文理学院[独立学院],,财务管理,,,465,133566
0810,湖北文理学院(襄阳市)[公办],,数学类,,,507,82620
0810,湖北文理学院(襄阳市)[公办],,物理学,,,503,87191
0810,湖北文理学院(襄阳市)[公办],,电子信息类,,,511,78116
0810,湖北文理学院(襄阳市)[公办],,自动化,,,510,79317
0810,湖北文理学院(襄阳市)[公办],,化学工程与工艺,,,495,96518
0810,湖北文理学院(襄阳市)[公办],,交通设备与控制工程(智能交通方向),,,496,95288
0812,湖北医药学院(十堰市)[公办],,麻醉学,,,536,52757
0812,湖北医药学院(十堰市)[公办],,精神医学,,,517,71732
0812,湖北医药学院(十堰市)[公办],,儿科学,,,534,54574
0812,湖北医药学院(十堰市)[公办],,口腔医学,,,545,44494
0812,湖北医药学院(十堰市)[公办],,预防医学,,,521,67552
0813,湖北医药学院药护学院[独立学院],,临床医学,,,480,114796
0813,湖北医药学院药护学院[独立学院],,麻醉学,,,477,118522
0816,湖北中医药大学(武汉市)[公办],,医学信息工程,,,541,48106
0816,湖北中医药大学(武汉市)[公办],,制药工程,,,533,55500
0816,湖北中医药大学(武汉市)[公办],,中西医临床医学,,,544,45381
0816,湖北中医药大学(武汉市)[公办],,药学,,,535,53694
0816,湖北中医药大学(武汉市)[公办],,药物制剂,,,528,60450
0816,湖北中医药大学(武汉市)[公办],,中药学,,,544,45381
0816,湖北中医药大学(武汉市)[公办],,中药资源与开发,,,529,59504
0816,湖北中医药大学(武汉市)[公办],,医学检验技术,,,533,55500
0816,湖北中医药大学(武汉市)[公办],,医学实验技术,,,528,60450
0816,湖北中医药大学(武汉市)[公办],,医学影像技术,,,539,49949
0816,湖北中医药大学(武汉市)[公办],,卫生检验与检疫,,,528,60450
0820,湖南财政经济学院(长沙市)[公办],,经济学类,,,529,59504
0820,湖南财政经济学院(长沙市)[公办],,财政学类,,,525,63402
0820,湖南财政经济学院(长沙市)[公办],,金融学类,,,530,58518
0820,湖南财政经济学院(长沙市)[公办],,经济与贸易类,,,520,68611
0820,湖南财政经济学院(长沙市)[公办],,电子信息类,,,526,62390
0820,湖南财政经济学院(长沙市)[公办],,计算机类,,,526,62390
0820,湖南财政经济学院(长沙市)[公办],,市场营销,,,508,81575
0820,湖南财政经济学院(长沙市)[公办],,会计学,,,533,55500
0820,湖南财政经济学院(长沙市)[公办],,财务管理,,,530,58518
0820,湖南财政经济学院(长沙市)[公办],,审计学,,,536,52757
0822,湖南城市学院(益阳市)[公办],,物理学,,,495,96518
0822,湖南城市学院(益阳市)[公办],,机械设计制造及其自动化,,,507,82620
0822,湖南城市学院(益阳市)[公办],,机械电子工程,,,500,90630
0822,湖南城市学院(益阳市)[公办],,智能制造工程,,,498,92962
0822,湖南城市学院(益阳市)[公办],,高分子材料与工程,,,475,120971
0822,湖南城市学院(益阳市)[公办],,复合材料与工程,,,466,132235
0822,湖南城市学院(益阳市)[公办],,电气工程及其自动化,,,508,81575
0822,湖南城市学院(益阳市)[公办],,电子信息工程,,,505,84880
0822,湖南城市学院(益阳市)[公办],,通信工程,,,504,86042
0822,湖南城市学院(益阳市)[公办],,计算机科学与技术,,,513,75878
0822,湖南城市学院(益阳市)[公办],,网络工程,,,504,86042
0822,湖南城市学院(益阳市)[公办],,土木工程,,,497,94131
0822,湖南城市学院(益阳市)[公办],,城市地下空间工程,,,490,102500
0822,湖南城市学院(益阳市)[公办],,水利水电工程,,,499,91783
0822,湖南城市学院(益阳市)[公办],,测绘工程,,,492,100090
0822,湖南城市学院(益阳市)[公办],,环境工程,,,496,95288
0822,湖南城市学院(益阳市)[公办],,城市设计,,,489,103748
0822,湖南城市学院(益阳市)[公办],,工程造价,,,499,91783
0823,湖南大学(长沙市)[公办],,理科试验班,,,617,4895
0823,湖南大学(长沙市)[公办],,经济学类,,,617,4895
0823,湖南大学(长沙市)[公办],,数字经济,,,613,5819
0823,湖南大学(长沙市)[公办],,金融学,,,618,4687
0823,湖南大学(长沙市)[公办],,精算学,,,621,4073
0823,湖南大学(长沙市)[公办],,国际经济与贸易(实验班),,,618,4687
0823,湖南大学(长沙市)[公办],,法学,,,614,5569
0823,湖南大学(长沙市)[公办],,新闻传播学类,,,618,4687
0823,湖南大学(长沙市)[公办],,数学类,,,613,5819
0823,湖南大学(长沙市)[公办],,应用物理学,,,611,6343
0823,湖南大学(长沙市)[公办],,化学类,,,608,7171
0823,湖南大学(长沙市)[公办],,生物技术,,,607,7470
0823,湖南大学(长沙市)[公办],,统计学类,,,612,6049
0823,湖南大学(长沙市)[公办],,工程力学(力学实验班),,,609,6887
0823,湖南大学(长沙市)[公办],,机械类,,,612,6049
0823,湖南大学(长沙市)[公办],,工业设计,,,609,6887
0823,湖南大学(长沙市)[公办],,智能制造工程,,,613,5819
0823,湖南大学(长沙市)[公办],,智能车辆工程,,,612,6049
0823,湖南大学(长沙市)[公办],,测控技术与仪器,,,611,6343
0823,湖南大学(长沙市)[公办],,材料科学与工程,,,607,7470
0823,湖南大学(长沙市)[公办],,能源与动力工程,,,613,5819
0823,湖南大学(长沙市)[公办],,电气工程及其自动化,,,619,4458
0823,湖南大学(长沙市)[公办],,电子信息工程,,,618,4687
0823,湖南大学(长沙市)[公办],,电子科学与技术,,,618,4687
0823,湖南大学(长沙市)[公办],,通信工程,,,615,5323
0823,湖南大学(长沙市)[公办],,自动化,,,614,5569
0823,湖南大学(长沙市)[公办],,机器人工程,,,614,5569
0823,湖南大学(长沙市)[公办],,计算机科学与技术,,,623,3705
0823,湖南大学(长沙市)[公办],,计算机科学与技术(智能班),,,624,3506
0823,湖南大学(长沙市)[公办],,软件工程,,,619,4458
0823,湖南大学(长沙市)[公办],,信息安全,,,618,4687
0823,湖南大学(长沙市)[公办],,土木类,,,605,8076
0823,湖南大学(长沙市)[公办],,土木工程(智能土木实验班),,,607,7470
0823,湖南大学(长沙市)[公办],,建筑环境与能源应用工程(低碳建筑实验班),,,604,8390
0823,湖南大学(长沙市)[公办],,给排水科学与工程,,,606,7785
0823,湖南大学(长沙市)[公办],,化学工程与工艺,,,605,8076
0823,湖南大学(长沙市)[公办],,环境科学与工程类,,,604,8390
0823,湖南大学(长沙市)[公办],,生物医学工程,,,608,7171
0823,湖南大学(长沙市)[公办],,建筑学,,,609,6887
0823,湖南大学(长沙市)[公办],,城乡规划,,,606,7785
0823,湖南大学(长沙市)[公办],,工商管理,,,616,5107
0823,湖南大学(长沙市)[公办],,会计学,,,617,4895
0823,湖南大学(长沙市)[公办],,行政管理,,,609,6887
0823,湖南大学(长沙市)[公办],,电子商务,,,608,7171
0826,湖南第一师范学院[公办],,教育技术学,,,532,56540
0826,湖南第一师范学院[公办],,数学与应用数学,,,541,48106
0826,湖南第一师范学院[公办],,信息与计算科学,,,532,56540
0826,湖南第一师范学院[公办],,电子信息工程,,,529,59504
0826,湖南第一师范学院[公办],,通信工程,,,528,60450
0826,湖南第一师范学院[公办],,人工智能,,,527,61435
0826,湖南第一师范学院[公办],,计算机科学与技术,,,529,59504
0829,湖南工程学院(湘潭市)[公办],,商务英语,,,509,80441
0829,湖南工程学院(湘潭市)[公办],,应用化学,,,493,98867
0829,湖南工程学院(湘潭市)[公办],,材料成型及控制工程,,,497,94131
0829,湖南工程学院(湘潭市)[公办],,高分子材料与工程,,,484,109959
0829,湖南工程学院(湘潭市)[公办],,电子信息工程,,,520,68611
0829,湖南工程学院(湘潭市)[公办],,人工智能,,,516,72762
0829,湖南工程学院(湘潭市)[公办],,纺织工程,,,481,113547
0829,湖南工程学院(湘潭市)[公办],,建筑学,,,505,84880
0829,湖南工程学院(湘潭市)[公办],,人力资源管理,,,508,81575
0829,湖南工程学院(湘潭市)[公办],,工业工程,,,493,98867
0829,湖南工程学院(湘潭市)[公办],,机械设计制造及其自动化(中外合作办学),,,487,106171
0829,湖南工程学院(湘潭市)[公办],,电气工程及其自动化(中外合作办学),,,492,100090
0831,湖南工商大学(长沙市)[公办],,经济学,,,543,46278
0831,湖南工商大学(长沙市)[公办],,电子信息工程,,,544,45381
0831,湖南工商大学(长沙市)[公办],,数据科学与大数据技术,,,550,40256
0831,湖南工商大学(长沙市)[公办],,工商管理类,,,543,46278
0831,湖南工商大学(长沙市)[公办],,会计学,,,548,41891
0832,湖南工学院(衡阳市)[公办],,信息与计算科学,,,509,80441
0832,湖南工学院(衡阳市)[公办],,工业设计,,,507,82620
0832,湖南工学院(衡阳市)[公办],,无机非金属材料工程,,,488,104962
0832,湖南工学院(衡阳市)[公办],,新能源材料与器件,,,506,83767
0832,湖南工学院(衡阳市)[公办],,通信工程,,,509,80441
0832,湖南工学院(衡阳市)[公办],,自动化,,,509,80441
0832,湖南工学院(衡阳市)[公办],,计算机科学与技术,,,520,68611
0832,湖南工学院(衡阳市)[公办],,网络工程,,,513,75878
0832,湖南工学院(衡阳市)[公办],,物联网工程,,,514,74839
0832,湖南工学院(衡阳市)[公办],,建筑学,,,505,84880
0832,湖南工学院(衡阳市)[公办],,工程造价,,,502,88336
0832,湖南工学院(衡阳市)[公办],,物流管理,,,496,95288
0832,湖南工学院(衡阳市)[公办],,工业工程,,,501,89173
0833,湖南工业大学科技学院[独立学院],,机械设计制造及其自动化,,,465,133566
0833,湖南工业大学科技学院[独立学院],,电气工程及其自动化,,,502,88336
0833,湖南工业大学科技学院[独立学院],,计算机科学与技术,,,533,55500
0833,湖南工业大学科技学院[独立学院],,土木工程,,,459,141008
0833,湖南工业大学科技学院[独立学院],,包装工程,,,459,141008
0834,湖南工业大学(株洲市)[公办],,金融工程,,,541,48106
0834,湖南工业大学(株洲市)[公办],,金融工程,,,534,54574
0834,湖南工业大学(株洲市)[公办],,国际经济与贸易,,,539,49949
0834,湖南工业大学(株洲市)[公办],,法学,,,551,40256
0834,湖南工业大学(株洲市)[公办],,英语,,,541,48106
0834,湖南工业大学(株洲市)[公办],,英语,,,548,41891
0834,湖南工业大学(株洲市)[公办],,日语,,,541,48106
0834,湖南工业大学(株洲市)[公办],,新闻传播学类,,,548,41891
0834,湖南工业大学(株洲市)[公办],,数学与应用数学,,,543,46278
0834,湖南工业大学(株洲市)[公办],,信息与计算科学,,,544,45381
0834,湖南工业大学(株洲市)[公办],,应用物理学,,,535,53694
0834,湖南工业大学(株洲市)[公办],,应用化学,,,531,57544
0834,湖南工业大学(株洲市)[公办],,应用化学,,,539,49949
0834,湖南工业大学(株洲市)[公办],,生物技术,,,531,57544
0834,湖南工业大学(株洲市)[公办],,机械类,,,540,49002
0834,湖南工业大学(株洲市)[公办],,工业设计,,,542,47194
0834,湖南工业大学(株洲市)[公办],,仪器类,,,529,59504
0834,湖南工业大学(株洲市)[公办],,材料类,,,520,68611
0834,湖南工业大学(株洲市)[公办],,材料科学与工程,,,526,62390
0834,湖南工业大学(株洲市)[公办],,无机非金属材料工程,,,523,65475
0834,湖南工业大学(株洲市)[公办],,高分子材料与工程,,,525,63402
0834,湖南工业大学(株洲市)[公办],,新能源材料与器件,,,534,54574
0834,湖南工业大学(株洲市)[公办],,电气类,,,547,42788
0834,湖南工业大学(株洲市)[公办],,电气工程及其自动化,,,551,40256
0834,湖南工业大学(株洲市)[公办],,电子信息类,,,547,42788
0834,湖南工业大学(株洲市)[公办],,电子信息工程,,,550,40256
0834,湖南工业大学(株洲市)[公办],,通信工程,,,550,40256
0834,湖南工业大学(株洲市)[公办],,人工智能,,,547,42788
0834,湖南工业大学(株洲市)[公办],,自动化类,,,546,43628
0834,湖南工业大学(株洲市)[公办],,机器人工程,,,549,41073
0834,湖南工业大学(株洲市)[公办],,计算机类,,,552,38584
0834,湖南工业大学(株洲市)[公办],,数字媒体技术,,,555,36191
0834,湖南工业大学(株洲市)[公办],,智能科学与技术,,,549,41073
0834,湖南工业大学(株洲市)[公办],,土木类,,,527,61435
0834,湖南工业大学(株洲市)[公办],,智能建造,,,529,59504
0834,湖南工业大学(株洲市)[公办],,化学工程与工艺,,,523,65475
0834,湖南工业大学(株洲市)[公办],,包装工程,,,521,67552
0834,湖南工业大学(株洲市)[公办],,印刷工程,,,513,75878
0834,湖南工业大学(株洲市)[公办],,交通运输类,,,538,50883
0834,湖南工业大学(株洲市)[公办],,交通设备与控制工程,,,534,54574
0834,湖南工业大学(株洲市)[公办],,环境生态工程,,,520,68611
0834,湖南工业大学(株洲市)[公办],,生物医学工程,,,535,53694
0834,湖南工业大学(株洲市)[公办],,建筑学,,,537,51825
0834,湖南工业大学(株洲市)[公办],,城乡规划,,,531,57544
0834,湖南工业大学(株洲市)[公办],,信息管理与信息系统,,,543,46278
0834,湖南工业大学(株洲市)[公办],,工程造价,,,538,50883
0834,湖南工业大学(株洲市)[公办],,工商管理类,,,538,50883
0834,湖南工业大学(株洲市)[公办],,工商管理,,,548,41891
0834,湖南工业大学(株洲市)[公办],,会计学,,,547,42788
0834,湖南工业大学(株洲市)[公办],,会计学,,,542,47194
0834,湖南工业大学(株洲市)[公办],,财务管理,,,544,45381
0834,湖南工业大学(株洲市)[公办],,电子商务,,,528,60450
0840,湖南科技大学(湘潭市)[公办],,经济学,,,568,26529
0840,湖南科技大学(湘潭市)[公办],,金融工程,,,555,36191
0840,湖南科技大学(湘潭市)[公办],,国际经济与贸易,,,552,38584
0840,湖南科技大学(湘潭市)[公办],,法学,,,563,30033
0840,湖南科技大学(湘潭市)[公办],,教育学,,,551,40256
0840,湖南科技大学(湘潭市)[公办],,教育技术学,,,554,36948
0840,湖南科技大学(湘潭市)[公办],,小学教育,,,548,41891
0840,湖南科技大学(湘潭市)[公办],,汉语国际教育,,,550,40256
0840,湖南科技大学(湘潭市)[公办],,英语,,,559,33069
0840,湖南科技大学(湘潭市)[公办],,日语,,,551,40256
0840,湖南科技大学(湘潭市)[公办],,翻译,,,554,36948
0840,湖南科技大学(湘潭市)[公办],,新闻学,,,561,31495
0840,湖南科技大学(湘潭市)[公办],,广告学,,,552,38584
0840,湖南科技大学(湘潭市)[公办],,数学与应用数学,,,556,35406
0840,湖南科技大学(湘潭市)[公办],,信息与计算科学,,,556,35406
0840,湖南科技大学(湘潭市)[公办],,物理学,,,554,36948
0840,湖南科技大学(湘潭市)[公办],,化学,,,548,41891
0840,湖南科技大学(湘潭市)[公办],,应用化学,,,540,49002
0840,湖南科技大学(湘潭市)[公办],,地理信息科学,,,551,40256
0840,湖南科技大学(湘潭市)[公办],,应用心理学,,,547,42788
0840,湖南科技大学(湘潭市)[公办],,应用统计学,,,553,37725
0840,湖南科技大学(湘潭市)[公办],,工程力学,,,539,49949
0840,湖南科技大学(湘潭市)[公办],,机械设计制造及其自动化,,,557,34586
0840,湖南科技大学(湘潭市)[公办],,机械设计制造及其自动化(卓越工程师班),,,558,33822
0840,湖南科技大学(湘潭市)[公办],,材料成型及控制工程,,,537,51825
0840,湖南科技大学(湘潭市)[公办],,机械电子工程,,,555,36191
0840,湖南科技大学(湘潭市)[公办],,车辆工程,,,552,38584
0840,湖南科技大学(湘潭市)[公办],,智能制造工程,,,553,37725
0840,湖南科技大学(湘潭市)[公办],,测控技术与仪器,,,548,41891
0840,湖南科技大学(湘潭市)[公办],,材料科学与工程,,,531,57544
0840,湖南科技大学(湘潭市)[公办],,智能材料与结构,,,535,53694
0840,湖南科技大学(湘潭市)[公办],,电气工程及其自动化,,,562,30764
0840,湖南科技大学(湘潭市)[公办],,电气工程及其自动化(卓越工程师班),,,565,28568
0840,湖南科技大学(湘潭市)[公办],,电子信息工程,,,559,33069
0840,湖南科技大学(湘潭市)[公办],,通信工程,,,562,30764
0840,湖南科技大学(湘潭市)[公办],,光电信息科学与工程,,,555,36191
0840,湖南科技大学(湘潭市)[公办],,集成电路设计与集成系统,,,556,35406
0840,湖南科技大学(湘潭市)[公办],,电子信息科学与技术,,,557,34586
0840,湖南科技大学(湘潭市)[公办],,自动化,,,558,33822
0840,湖南科技大学(湘潭市)[公办],,机器人工程,,,556,35406
0840,湖南科技大学(湘潭市)[公办],,计算机科学与技术,,,565,28568
0840,湖南科技大学(湘潭市)[公办],,软件工程,,,565,28568
0840,湖南科技大学(湘潭市)[公办],,信息安全,,,564,29282
0840,湖南科技大学(湘潭市)[公办],,物联网工程,,,559,33069
0840,湖南科技大学(湘潭市)[公办],,数据科学与大数据技术,,,563,30033
0840,湖南科技大学(湘潭市)[公办],,土木工程,,,542,47194
0840,湖南科技大学(湘潭市)[公办],,建筑环境与能源应用工程,,,541,48106
0840,湖南科技大学(湘潭市)[公办],,给排水科学与工程,,,538,50883
0840,湖南科技大学(湘潭市)[公办],,测绘工程,,,532,56540
0840,湖南科技大学(湘潭市)[公办],,化学工程与工艺,,,547,42788
0840,湖南科技大学(湘潭市)[公办],,化学工程与工艺(卓越工程师班),,,547,42788
0840,湖南科技大学(湘潭市)[公办],,制药工程,,,541,48106
0840,湖南科技大学(湘潭市)[公办],,能源化学工程,,,541,48106
0840,湖南科技大学(湘潭市)[公办],,勘查技术与工程,,,535,53694
0840,湖南科技大学(湘潭市)[公办],,采矿工程,,,502,88336
0840,湖南科技大学(湘潭市)[公办],,环境工程,,,535,53694
0840,湖南科技大学(湘潭市)[公办],,建筑学,,,545,44494
0840,湖南科技大学(湘潭市)[公办],,城乡规划,,,536,52757
0840,湖南科技大学(湘潭市)[公办],,风景园林,,,537,51825
0840,湖南科技大学(湘潭市)[公办],,安全工程,,,538,50883
0840,湖南科技大学(湘潭市)[公办],,应急技术与管理,,,538,50883
0840,湖南科技大学(湘潭市)[公办],,生物工程,,,541,48106
0840,湖南科技大学(湘潭市)[公办],,工程管理,,,539,49949
0840,湖南科技大学(湘潭市)[公办],,工商管理,,,547,42788
0840,湖南科技大学(湘潭市)[公办],,会计学,,,560,32247
0840,湖南科技大学(湘潭市)[公办],,财务管理,,,558,33822
0840,湖南科技大学(湘潭市)[公办],,人力资源管理,,,544,45381
0840,湖南科技大学(湘潭市)[公办],,工业工程,,,542,47194
0840,湖南科技大学(湘潭市)[公办],,电子商务,,,552,38584
0841,湖南科技大学潇湘学院[独立学院],,英语,,,470,127253
0841,湖南科技大学潇湘学院[独立学院],,机械设计制造及其自动化,,,474,122219
0841,湖南科技大学潇湘学院[独立学院],,电气工程及其自动化,,,472,124770
0841,湖南科技大学潇湘学院[独立学院],,电子信息工程,,,474,122219
0841,湖南科技大学潇湘学院[独立学院],,通信工程,,,474,122219
0841,湖南科技大学潇湘学院[独立学院],,土木工程,,,471,126020
0841,湖南科技大学潇湘学院[独立学院],,建筑学,,,483,111133
0842,湖南科技学院(永州市)[公办],,数学与应用数学,,,498,92962
0842,湖南科技学院(永州市)[公办],,物理学,,,495,96518
0842,湖南科技学院(永州市)[公办],,生物技术,,,495,96518
0842,湖南科技学院(永州市)[公办],,计算机科学与技术,,,514,74839
0842,湖南科技学院(永州市)[公办],,测绘工程,,,493,98867
0842,湖南科技学院(永州市)[公办],,制药工程,,,494,97686
0842,湖南科技学院(永州市)[公办],,生物工程,,,495,96518
0842,湖南科技学院(永州市)[公办],,工程管理,,,492,100090
0843,湖南理工学院南湖学院[独立学院],,应用化学,,,461,138513
0843,湖南理工学院南湖学院[独立学院],,机械电子工程,,,474,122219
0843,湖南理工学院南湖学院[独立学院],,电子信息工程,,,470,127253
0844,湖南理工学院(岳阳市)[公办],,机械设计制造及其自动化,,,517,71732
0844,湖南理工学院(岳阳市)[公办],,材料成型及控制工程,,,500,90630
0844,湖南理工学院(岳阳市)[公办],,电子信息工程,,,524,64450
0844,湖南理工学院(岳阳市)[公办],,计算机科学与技术,,,528,60450
0844,湖南理工学院(岳阳市)[公办],,软件工程,,,524,64450
0844,湖南理工学院(岳阳市)[公办],,化学工程与工艺,,,497,94131
0844,湖南理工学院(岳阳市)[公办],,化妆品技术与工程,,,497,94131
0844,湖南理工学院(岳阳市)[公办],,历史建筑保护工程,,,503,87191
0844,湖南理工学院(岳阳市)[公办],,生物工程,,,502,88336
0845,湖南农业大学(长沙市)[公办],,金融学,,,538,50883
0845,湖南农业大学(长沙市)[公办],,投资学,,,537,51825
0845,湖南农业大学(长沙市)[公办],,教育学,,,534,54574
0845,湖南农业大学(长沙市)[公办],,英语,,,537,51825
0845,湖南农业大学(长沙市)[公办],,日语,,,521,67552
0845,湖南农业大学(长沙市)[公办],,信息与计算科学,,,541,48106
0845,湖南农业大学(长沙市)[公办],,应用化学,,,527,61435
0845,湖南农业大学(长沙市)[公办],,生物科学类,,,531,57544
0845,湖南农业大学(长沙市)[公办],,生物信息学,,,525,63402
0845,湖南农业大学(长沙市)[公办],,生态学,,,524,64450
0845,湖南农业大学(长沙市)[公办],,机械类,,,536,52757
0845,湖南农业大学(长沙市)[公办],,材料化学,,,517,71732
0845,湖南农业大学(长沙市)[公办],,电子信息工程,,,543,46278
0845,湖南农业大学(长沙市)[公办],,计算机科学与技术,,,549,41073
0845,湖南农业大学(长沙市)[公办],,物联网工程,,,547,42788
0845,湖南农业大学(长沙市)[公办],,智能科学与技术,,,543,46278
0845,湖南农业大学(长沙市)[公办],,土木工程,,,524,64450
0845,湖南农业大学(长沙市)[公办],,水利水电工程,,,532,56540
0845,湖南农业大学(长沙市)[公办],,环境工程,,,524,64450
0845,湖南农业大学(长沙市)[公办],,环境科学,,,523,65475
0845,湖南农业大学(长沙市)[公办],,食品科学与工程类,,,526,62390
0845,湖南农业大学(长沙市)[公办],,农学,,,529,59504
0845,湖南农业大学(长沙市)[公办],,园艺,,,517,71732
0845,湖南农业大学(长沙市)[公办],,植物保护,,,528,60450
0845,湖南农业大学(长沙市)[公办],,设施农业科学与工程,,,510,79317
0845,湖南农业大学(长沙市)[公办],,智慧农业,,,534,54574
0845,湖南农业大学(长沙市)[公办],,农业资源与环境,,,519,69642
0845,湖南农业大学(长沙市)[公办],,动物科学,,,516,72762
0845,湖南农业大学(长沙市)[公办],,动物医学,,,551,40256
0845,湖南农业大学(长沙市)[公办],,动物药学,,,514,74839
0845,湖南农业大学(长沙市)[公办],,水产类,,,508,81575
0845,湖南农业大学(长沙市)[公办],,草业科学,,,507,82620
0845,湖南农业大学(长沙市)[公办],,中药资源与开发,,,515,73836
0845,湖南农业大学(长沙市)[公办],,公共管理类,,,538,50883
0845,湖南农业大学(长沙市)[公办],,土地资源管理,,,518,70669
0845,湖南农业大学(长沙市)[公办],,电子商务,,,536,52757
0846,湖南农业大学东方科技学院[独立学院],,生物技术,,,457,143500
0847,湖南女子学院(长沙市)[公办],,电子商务,,,487,106171
0852,湖南涉外经济学院(长沙市)[民办],,金融学,,,446,157125
0852,湖南涉外经济学院(长沙市)[民办],,国际经济与贸易,,,446,157125
0852,湖南涉外经济学院(长沙市)[民办],,法学,,,453,148600
0852,湖南涉外经济学院(长沙市)[民办],,学前教育,,,447,155919
0852,湖南涉外经济学院(长沙市)[民办],,汉语言文学,,,453,148600
0852,湖南涉外经济学院(长沙市)[民办],,英语,,,459,141008
0852,湖南涉外经济学院(长沙市)[民办],,网络与新媒体,,,460,139765
0852,湖南涉外经济学院(长沙市)[民办],,机械设计制造及其自动化,,,442,162050
0852,湖南涉外经济学院(长沙市)[民办],,电子信息工程,,,443,160819
0852,湖南涉外经济学院(长沙市)[民办],,电子信息科学与技术,,,448,154772
0852,湖南涉外经济学院(长沙市)[民办],,自动化,,,443,160819
0852,湖南涉外经济学院(长沙市)[民办],,计算机科学与技术,,,447,155919
0852,湖南涉外经济学院(长沙市)[民办],,软件工程,,,445,158356
0852,湖南涉外经济学院(长沙市)[民办],,物联网工程,,,446,157125
0852,湖南涉外经济学院(长沙市)[民办],,工商管理,,,450,152346
0852,湖南涉外经济学院(长沙市)[民办],,会计学,,,451,151103
0853,湖南师范大学(长沙市)[公办],,经济学类,,,594,12236
0853,湖南师范大学(长沙市)[公办],,知识产权,,,595,11821
0853,湖南师范大学(长沙市)[公办],,外国语言文学类,,,593,12676
0853,湖南师范大学(长沙市)[公办],,新闻传播学类,,,596,11399
0853,湖南师范大学(长沙市)[公办],,数学类,,,597,10996
0853,湖南师范大学(长沙市)[公办],,物理学类,,,592,13125
0853,湖南师范大学(长沙市)[公办],,化学,,,594,12236
0853,湖南师范大学(长沙市)[公办],,地理科学,,,592,13125
0853,湖南师范大学(长沙市)[公办],,地理信息科学,,,587,15439
0853,湖南师范大学(长沙市)[公办],,生物科学类,,,595,11821
0853,湖南师范大学(长沙市)[公办],,统计学,,,593,12676
0853,湖南师范大学(长沙市)[公办],,机械设计制造及其自动化,,,587,15439
0853,湖南师范大学(长沙市)[公办],,通信工程,,,590,14004
0853,湖南师范大学(长沙市)[公办],,电子信息科学与技术,,,590,14004
0853,湖南师范大学(长沙市)[公办],,人工智能,,,591,13583
0853,湖南师范大学(长沙市)[公办],,计算机科学与技术,,,595,11821
0853,湖南师范大学(长沙市)[公办],,软件工程,,,591,13583
0853,湖南师范大学(长沙市)[公办],,物联网工程,,,590,14004
0853,湖南师范大学(长沙市)[公办],,数据科学与大数据技术,,,592,13125
0853,湖南师范大学(长沙市)[公办],,化工与制药类,,,579,19795
0853,湖南师范大学(长沙市)[公办],,临床医学,,,595,11821
0853,湖南师范大学(长沙市)[公办],,预防医学,,,579,19795
0853,湖南师范大学(长沙市)[公办],,药学,,,582,18065
0853,湖南师范大学(长沙市)[公办],,工商管理类,,,587,15439
0853,湖南师范大学(长沙市)[公办],,旅游管理类,,,574,22729
0854,湖南师范大学树达学院[独立学院],,金融学,,,471,126020
0854,湖南师范大学树达学院[独立学院],,英语,,,468,129759
0854,湖南师范大学树达学院[独立学院],,数学与应用数学,,,468,129759
0854,湖南师范大学树达学院[独立学院],,临床医学,,,470,127253
0861,湖南文理学院(常德市)[公办],,数学与应用数学,,,512,76936
0861,湖南文理学院(常德市)[公办],,化学,,,501,89173
0861,湖南文理学院(常德市)[公办],,软件工程,,,517,71732
0861,湖南文理学院(常德市)[公办],,机械设计制造及其自动化(中外合作办学),,,477,118522
0861,湖南文理学院(常德市)[公办],,信息管理与信息系统(中外合作办学),,,480,114796
0862,湖南文理学院芙蓉学院(常德市)[独立学院],,电子信息科学与技术,,,469,128494
0862,湖南文理学院芙蓉学院(常德市)[独立学院],,计算机科学与技术,,,462,137255
0865,湖南医药学院(怀化市)[公办],,临床医学,,,528,60450
0865,湖南医药学院(怀化市)[公办],,医学影像学,,,529,59504
0865,湖南医药学院(怀化市)[公办],,药学,,,508,81575
0867,湖南中医药大学[公办],,运动康复,,,540,49002
0867,湖南中医药大学[公办],,英语,,,539,49949
0867,湖南中医药大学[公办],,应用心理学,,,539,49949
0867,湖南中医药大学[公办],,医学信息工程,,,540,49002
0867,湖南中医药大学[公办],,计算机科学与技术,,,547,42788
0867,湖南中医药大学[公办],,制药工程,,,531,57544
0867,湖南中医药大学[公办],,食品科学与工程,,,523,65475
0867,湖南中医药大学[公办],,生物工程,,,526,62390
0867,湖南中医药大学[公办],,临床医学,,,571,24634
0867,湖南中医药大学[公办],,医学影像学,,,555,36191
0867,湖南中医药大学[公办],,口腔医学,,,571,24634
0867,湖南中医药大学[公办],,中医学(卓越1班、5+3一体化),,,595,11821
0867,湖南中医药大学[公办],,中医学,,,558,33822
0867,湖南中医药大学[公办],,中医学(卓越3班、5+3一体化),,,593,12676
0867,湖南中医药大学[公办],,中医学(中医儿科班、5+3一体化),,,581,18643
0867,湖南中医药大学[公办],,针灸推拿学,,,549,41073
0867,湖南中医药大学[公办],,中医康复学,,,538,50883
0867,湖南中医药大学[公办],,中医养生学,,,535,53694
0867,湖南中医药大学[公办],,中医儿科学,,,543,46278
0867,湖南中医药大学[公办],,中医骨伤科学,,,540,49002
0867,湖南中医药大学[公办],,中西医临床医学,,,552,38584
0867,湖南中医药大学[公办],,药学,,,538,50883
0867,湖南中医药大学[公办],,药物制剂,,,538,50883
0867,湖南中医药大学[公办],,中药学,,,536,52757
0867,湖南中医药大学[公办],,中药资源与开发,,,529,59504
0867,湖南中医药大学[公办],,医学检验技术,,,534,54574
0867,湖南中医药大学[公办],,康复治疗学,,,527,61435
0867,湖南中医药大学[公办],,护理学,,,519,69642
0867,湖南中医药大学[公办],,信息管理与信息系统,,,528,60450
0867,湖南中医药大学[公办],,市场营销,,,517,71732
0867,湖南中医药大学[公办],,公共事业管理,,,519,69642
0868,湖州师范学院[公办],,机械设计制造及其自动化,,,513,75878
0868,湖州师范学院[公办],,电子信息工程,,,518,70669
0868,湖州师范学院[公办],,计算机类,,,523,65475
0868,湖州师范学院[公办],,生物工程类,,,501,89173
0868,湖州师范学院[公办],,临床医学,,,521,67552
0869,湖州学院[公办],,机械设计制造及其自动化,,,497,94131
0869,湖州学院[公办],,材料化学,,,486,107443
0869,湖州学院[公办],,新能源材料与器件,,,491,101322
0869,湖州学院[公办],,电气工程及其自动化,,,500,90630
0869,湖州学院[公办],,电子信息工程,,,502,88336
0869,湖州学院[公办],,计算机科学与技术,,,507,82620
0869,湖州学院[公办],,制药工程,,,487,106171
0869,湖州学院[公办],,生物工程,,,486,107443
0870,华北电力大学(保定)[公办],,经济学类,,,595,11821
0870,华北电力大学(保定)[公办],,法学类,,,599,10212
0870,华北电力大学(保定)[公办],,数学类,,,596,11399
0870,华北电力大学(保定)[公办],,物理学类,,,596,11399
0870,华北电力大学(保定)[公办],,机械类,,,591,13583
0870,华北电力大学(保定)[公办],,能源动力类(能动),,,598,10589
0870,华北电力大学(保定)[公办],,能源动力类(储能),,,598,10589
0870,华北电力大学(保定)[公办],,能源动力类(氢能),,,598,10589
0870,华北电力大学(保定)[公办],,电气类,,,608,7171
0870,华北电力大学(保定)[公办],,电子信息类,,,603,8730
0870,华北电力大学(保定)[公办],,自动化类(自动化),,,600,9823
0870,华北电力大学(保定)[公办],,自动化类(测控),,,598,10589
0870,华北电力大学(保定)[公办],,计算机类(智能),,,599,10212
0870,华北电力大学(保定)[公办],,计算机类(计算机),,,599,10212
0870,华北电力大学(保定)[公办],,土木类,,,589,14462
0870,华北电力大学(保定)[公办],,环境科学与工程类,,,581,18643
0870,华北电力大学(保定)[公办],,管理科学与工程类,,,587,15439
0870,华北电力大学(保定)[公办],,工商管理类,,,588,14950
0870,华北电力大学(保定)[公办],,公共管理类,,,595,11821
0870,华北电力大学(保定)[公办],,工业工程类,,,597,10996
0872,华北电力大学(北京)[公办],,经济学类,,,610,6588
0872,华北电力大学(北京)[公办],,法学类,,,607,7470
0872,华北电力大学(北京)[公办],,数学类,,,608,7171
0872,华北电力大学(北京)[公办],,物理学类,,,610,6588
0872,华北电力大学(北京)[公办],,机械类,,,607,7470
0872,华北电力大学(北京)[公办],,材料类,,,604,8390
0872,华北电力大学(北京)[公办],,能源动力类(能动),,,608,7171
0872,华北电力大学(北京)[公办],,能源动力类(储能),,,607,7470
0872,华北电力大学(北京)[公办],,能源动力类(氢能),,,609,6887
0872,华北电力大学(北京)[公办],,能源动力类(新能源),,,607,7470
0872,华北电力大学(北京)[公办],,电气类,,,623,3705
0872,华北电力大学(北京)[公办],,电子信息类,,,614,5569
0872,华北电力大学(北京)[公办],,自动化类(自动化),,,612,6049
0872,华北电力大学(北京)[公办],,自动化类(测控),,,611,6343
0872,华北电力大学(北京)[公办],,计算机类(计算机),,,613,5819
0872,华北电力大学(北京)[公办],,计算机类(智能),,,611,6343
0872,华北电力大学(北京)[公办],,水利类,,,602,9065
0872,华北电力大学(北京)[公办],,核工程类,,,603,8730
0872,华北电力大学(北京)[公办],,环境科学与工程类,,,597,10996
0872,华北电力大学(北京)[公办],,管理科学与工程类,,,601,9445
0872,华北电力大学(北京)[公办],,工商管理类,,,600,9823
0872,华北电力大学(北京)[公办],,物流管理与工程类(供应链),,,605,8076
0875,华北科技学院(廊坊市)[公办],,应用化学,,,500,90630
0875,华北科技学院(廊坊市)[公办],,地理信息科学,,,503,87191
0875,华北科技学院(廊坊市)[公办],,应用统计学,,,506,83767
0875,华北科技学院(廊坊市)[公办],,机械设计制造及其自动化,,,517,71732
0875,华北科技学院(廊坊市)[公办],,材料成型及控制工程,,,497,94131
0875,华北科技学院(廊坊市)[公办],,应急装备技术与工程,,,509,80441
0875,华北科技学院(廊坊市)[公办],,材料科学与工程,,,496,95288
0875,华北科技学院(廊坊市)[公办],,电气工程及其自动化,,,524,64450
0875,华北科技学院(廊坊市)[公办],,电子信息工程,,,515,73836
0875,华北科技学院(廊坊市)[公办],,自动化,,,519,69642
0875,华北科技学院(廊坊市)[公办],,计算机科学与技术,,,526,62390
0875,华北科技学院(廊坊市)[公办],,软件工程,,,520,68611
0875,华北科技学院(廊坊市)[公办],,网络工程,,,513,75878
0875,华北科技学院(廊坊市)[公办],,物联网工程,,,512,76936
0875,华北科技学院(廊坊市)[公办],,数据科学与大数据技术,,,515,73836
0875,华北科技学院(廊坊市)[公办],,网络空间安全,,,515,73836
0875,华北科技学院(廊坊市)[公办],,土木工程,,,506,83767
0875,华北科技学院(廊坊市)[公办],,建筑电气与智能化,,,505,84880
0875,华北科技学院(廊坊市)[公办],,城市地下空间工程,,,497,94131
0875,华北科技学院(廊坊市)[公办],,化学工程与工艺,,,496,95288
0875,华北科技学院(廊坊市)[公办],,采矿工程,,,492,100090
0875,华北科技学院(廊坊市)[公办],,矿物加工工程,,,491,101322
0875,华北科技学院(廊坊市)[公办],,环境科学,,,497,94131
0875,华北科技学院(廊坊市)[公办],,安全工程,,,511,78116
0875,华北科技学院(廊坊市)[公办],,应急技术与管理,,,512,76936
0875,华北科技学院(廊坊市)[公办],,信息管理与信息系统,,,507,82620
0875,华北科技学院(廊坊市)[公办],,工程管理,,,500,90630
0875,华北科技学院(廊坊市)[公办],,应急管理,,,508,81575
0875,华北科技学院(廊坊市)[公办],,公共事业管理,,,499,91783
0875,华北科技学院(廊坊市)[公办],,安全工程(中外合作办学)(职业安全与公共健康),,,482,112324
0876,华北理工大学[公办],,经济统计学,,,526,62390
0876,华北理工大学[公办],,金融学,,,539,49949
0876,华北理工大学[公办],,国际经济与贸易,,,526,62390
0876,华北理工大学[公办],,法学,,,539,49949
0876,华北理工大学[公办],,汉语国际教育,,,540,49002
0876,华北理工大学[公办],,英语,,,543,46278
0876,华北理工大学[公办],,日语,,,528,60450
0876,华北理工大学[公办],,匈牙利语,,,500,90630
0876,华北理工大学[公办],,翻译,,,531,57544
0876,华北理工大学[公办],,数学与应用数学,,,533,55500
0876,华北理工大学[公办],,信息与计算科学,,,532,56540
0876,华北理工大学[公办],,应用物理学,,,525,63402
0876,华北理工大学[公办],,化学,,,523,65475
0876,华北理工大学[公办],,应用化学,,,516,72762
0876,华北理工大学[公办],,生物科学类,,,513,75878
0876,华北理工大学[公办],,应用心理学,,,527,61435
0876,华北理工大学[公办],,机械设计制造及其自动化,,,536,52757
0876,华北理工大学[公办],,材料成型及控制工程,,,513,75878
0876,华北理工大学[公办],,工业设计,,,524,64450
0876,华北理工大学[公办],,过程装备与控制工程,,,519,69642
0876,华北理工大学[公办],,车辆工程,,,527,61435
0876,华北理工大学[公办],,测控技术与仪器,,,521,67552
0876,华北理工大学[公办],,材料类,,,504,86042
0876,华北理工大学[公办],,材料化学,,,510,79317
0876,华北理工大学[公办],,无机非金属材料工程,,,506,83767
0876,华北理工大学[公办],,高分子材料与工程,,,514,74839
0876,华北理工大学[公办],,复合材料与工程,,,508,81575
0876,华北理工大学[公办],,能源动力类,,,527,61435
0876,华北理工大学[公办],,电气工程及其自动化,,,544,45381
0876,华北理工大学[公办],,电子信息工程,,,539,49949
0876,华北理工大学[公办],,电子科学与技术,,,534,54574
0876,华北理工大学[公办],,集成电路设计与集成系统,,,534,54574
0876,华北理工大学[公办],,人工智能,,,535,53694
0876,华北理工大学[公办],,自动化,,,536,52757
0876,华北理工大学[公办],,计算机科学与技术,,,544,45381
0876,华北理工大学[公办],,智能科学与技术,,,535,53694
0876,华北理工大学[公办],,数据科学与大数据技术,,,539,49949
0876,华北理工大学[公办],,土木工程,,,525,63402
0876,华北理工大学[公办],,建筑环境与能源应用工程,,,515,73836
0876,华北理工大学[公办],,给排水科学与工程,,,516,72762
0876,华北理工大学[公办],,测绘工程,,,512,76936
0876,华北理工大学[公办],,化学工程与工艺,,,518,70669
0876,华北理工大学[公办],,能源化学工程,,,511,78116
0876,华北理工大学[公办],,地质工程,,,505,84880
0876,华北理工大学[公办],,矿业类,,,500,90630
0876,华北理工大学[公办],,交通运输,,,524,64450
0876,华北理工大学[公办],,建筑学,,,532,56540
0876,华北理工大学[公办],,安全工程,,,512,76936
0876,华北理工大学[公办],,临床医学,,,557,34586
0876,华北理工大学[公办],,麻醉学,,,549,41073
0876,华北理工大学[公办],,医学影像学,,,547,42788
0876,华北理工大学[公办],,精神医学,,,514,74839
0876,华北理工大学[公办],,口腔医学,,,561,31495
0876,华北理工大学[公办],,预防医学,,,523,65475
0876,华北理工大学[公办],,中医学,,,536,52757
0876,华北理工大学[公办],,针灸推拿学,,,527,61435
0876,华北理工大学[公办],,中西医临床医学,,,540,49002
0876,华北理工大学[公办],,药学,,,516,72762
0876,华北理工大学[公办],,药物制剂,,,514,74839
0876,华北理工大学[公办],,中药学,,,511,78116
0876,华北理工大学[公办],,医学检验技术,,,535,53694
0876,华北理工大学[公办],,医学实验技术,,,522,66475
0876,华北理工大学[公办],,康复治疗学,,,504,86042
0876,华北理工大学[公办],,卫生检验与检疫,,,515,73836
0876,华北理工大学[公办],,智能医学工程,,,518,70669
0876,华北理工大学[公办],,护理学,,,514,74839
0876,华北理工大学[公办],,助产学,,,532,56540
0876,华北理工大学[公办],,信息管理与信息系统,,,527,61435
0876,华北理工大学[公办],,工程管理,,,518,70669
0876,华北理工大学[公办],,工商管理,,,531,57544
0876,华北理工大学[公办],,会计学,,,542,47194
0876,华北理工大学[公办],,公共事业管理,,,518,70669
0876,华北理工大学[公办],,物流工程,,,518,70669
0876,华北理工大学[公办],,工业工程,,,518,70669
0876,华北理工大学[公办],,化学(中外合作办学),,,480,114796
0876,华北理工大学[公办],,机械设计制造及其自动化(中外合作办学),,,500,90630
0876,华北理工大学[公办],,电气工程及其自动化(中外合作办学),,,507,82620
0877,华北理工大学(地方专项计划)[公办],,经济统计学,,,528,60450
0877,华北理工大学(地方专项计划)[公办],,金融学,,,551,40256
0877,华北理工大学(地方专项计划)[公办],,国际经济与贸易,,,526,62390
0877,华北理工大学(地方专项计划)[公办],,法学,,,533,55500
0877,华北理工大学(地方专项计划)[公办],,英语,,,543,46278
0877,华北理工大学(地方专项计划)[公办],,翻译,,,532,56540
0877,华北理工大学(地方专项计划)[公办],,应用物理学,,,521,67552
0877,华北理工大学(地方专项计划)[公办],,生物科学类,,,519,69642
0877,华北理工大学(地方专项计划)[公办],,机械设计制造及其自动化,,,540,49002
0877,华北理工大学(地方专项计划)[公办],,测控技术与仪器,,,520,68611
0877,华北理工大学(地方专项计划)[公办],,材料类,,,513,75878
0877,华北理工大学(地方专项计划)[公办],,无机非金属材料工程,,,513,75878
0877,华北理工大学(地方专项计划)[公办],,复合材料与工程,,,511,78116
0877,华北理工大学(地方专项计划)[公办],,能源动力类,,,538,50883
0877,华北理工大学(地方专项计划)[公办],,电气工程及其自动化,,,544,45381
0877,华北理工大学(地方专项计划)[公办],,人工智能,,,538,50883
0877,华北理工大学(地方专项计划)[公办],,计算机科学与技术,,,550,40256
0877,华北理工大学(地方专项计划)[公办],,智能科学与技术,,,541,48106
0877,华北理工大学(地方专项计划)[公办],,土木工程,,,524,64450
0877,华北理工大学(地方专项计划)[公办],,给排水科学与工程,,,518,70669
0877,华北理工大学(地方专项计划)[公办],,测绘工程,,,519,69642
0877,华北理工大学(地方专项计划)[公办],,化学工程与工艺,,,520,68611
0877,华北理工大学(地方专项计划)[公办],,能源化学工程,,,520,68611
0877,华北理工大学(地方专项计划)[公办],,矿业类,,,505,84880
0877,华北理工大学(地方专项计划)[公办],,安全工程,,,508,81575
0877,华北理工大学(地方专项计划)[公办],,临床医学,,,556,35406
0877,华北理工大学(地方专项计划)[公办],,麻醉学,,,549,41073
0877,华北理工大学(地方专项计划)[公办],,精神医学,,,518,70669
0877,华北理工大学(地方专项计划)[公办],,预防医学,,,526,62390
0877,华北理工大学(地方专项计划)[公办],,中医学,,,533,55500
0877,华北理工大学(地方专项计划)[公办],,针灸推拿学,,,527,61435
0877,华北理工大学(地方专项计划)[公办],,中西医临床医学,,,544,45381
0877,华北理工大学(地方专项计划)[公办],,药学,,,521,67552
0877,华北理工大学(地方专项计划)[公办],,康复治疗学,,,510,79317
0877,华北理工大学(地方专项计划)[公办],,卫生检验与检疫,,,516,72762
0877,华北理工大学(地方专项计划)[公办],,护理学,,,510,79317
0877,华北理工大学(地方专项计划)[公办],,助产学,,,509,80441
0877,华北理工大学(地方专项计划)[公办],,信息管理与信息系统,,,534,54574
0877,华北理工大学(地方专项计划)[公办],,工程管理,,,519,69642
0877,华北理工大学(地方专项计划)[公办],,工商管理,,,530,58518
0877,华北理工大学(地方专项计划)[公办],,会计学,,,541,48106
0877,华北理工大学(地方专项计划)[公办],,公共事业管理,,,518,70669
0879,华北理工大学冀唐学院[独立学院],,法学,,,483,111133
0879,华北理工大学冀唐学院[独立学院],,英语,,,478,117259
0879,华北理工大学冀唐学院[独立学院],,临床医学,,,475,120971
0879,华北理工大学冀唐学院[独立学院],,口腔医学,,,496,95288
0879,华北理工大学冀唐学院[独立学院],,中医学,,,479,116040
0879,华北理工大学冀唐学院[独立学院],,药学,,,466,132235
0879,华北理工大学冀唐学院[独立学院],,医学影像技术,,,475,120971
0879,华北理工大学冀唐学院[独立学院],,护理学,,,469,128494
0881,华北理工大学轻工学院[民办],,国际经济与贸易,,,441,163301
0881,华北理工大学轻工学院[民办],,学前教育,,,450,152346
0881,华北理工大学轻工学院[民办],,英语,,,444,159559
0881,华北理工大学轻工学院[民办],,机械设计制造及其自动化,,,436,169642
0881,华北理工大学轻工学院[民办],,机械电子工程,,,436,169642
0881,华北理工大学轻工学院[民办],,能源与动力工程,,,436,169642
0881,华北理工大学轻工学院[民办],,电气工程及其自动化,,,438,167058
0881,华北理工大学轻工学院[民办],,通信工程,,,437,168382
0881,华北理工大学轻工学院[民办],,计算机科学与技术,,,441,163301
0881,华北理工大学轻工学院[民办],,软件工程,,,439,165845
0881,华北理工大学轻工学院[民办],,物联网工程,,,439,165845
0881,华北理工大学轻工学院[民办],,土木工程,,,435,170844
0881,华北理工大学轻工学院[民办],,工程造价,,,438,167058
0881,华北理工大学轻工学院[民办],,工商管理,,,445,158356
0881,华北理工大学轻工学院[民办],,财务管理,,,443,160819
0882,华北理工大学(少数民族预科班)[公办],,本科预科班,,,500,90630
0883,华北水利水电大学(郑州市)[公办],,经济学,,,546,43628
0883,华北水利水电大学(郑州市)[公办],,数学与应用数学,,,551,40256
0883,华北水利水电大学(郑州市)[公办],,工程力学,,,537,51825
0883,华北水利水电大学(郑州市)[公办],,机械类,,,546,43628
0883,华北水利水电大学(郑州市)[公办],,材料成型及控制工程,,,545,44494
0883,华北水利水电大学(郑州市)[公办],,能源与动力工程,,,551,40256
0883,华北水利水电大学(郑州市)[公办],,电气工程及其自动化,,,562,30764
0883,华北水利水电大学(郑州市)[公办],,电子科学与技术,,,549,41073
0883,华北水利水电大学(郑州市)[公办],,人工智能,,,548,41891
0883,华北水利水电大学(郑州市)[公办],,自动化类,,,552,38584
0883,华北水利水电大学(郑州市)[公办],,计算机科学与技术,,,558,33822
0883,华北水利水电大学(郑州市)[公办],,土木工程,,,540,49002
0883,华北水利水电大学(郑州市)[公办],,给排水科学与工程,,,541,48106
0883,华北水利水电大学(郑州市)[公办],,道路桥梁与渡河工程,,,539,49949
0883,华北水利水电大学(郑州市)[公办],,水利水电工程,,,554,36948
0883,华北水利水电大学(郑州市)[公办],,水文与水资源工程,,,540,49002
0883,华北水利水电大学(郑州市)[公办],,港口航道与海岸工程,,,534,54574
0883,华北水利水电大学(郑州市)[公办],,测绘工程,,,534,54574
0883,华北水利水电大学(郑州市)[公办],,地质工程,,,532,56540
0883,华北水利水电大学(郑州市)[公办],,交通工程,,,542,47194
0883,华北水利水电大学(郑州市)[公办],,核工程与核技术,,,540,49002
0883,华北水利水电大学(郑州市)[公办],,建筑类,,,540,49002
0883,华北水利水电大学(郑州市)[公办],,消防工程,,,530,58518
0883,华北水利水电大学(郑州市)[公办],,信息管理与信息系统,,,548,41891
0883,华北水利水电大学(郑州市)[公办],,工程造价,,,546,43628
0883,华北水利水电大学(郑州市)[公办],,市场营销,,,535,53694
0883,华北水利水电大学(郑州市)[公办],,机械设计制造及其自动化(中外合作办学),,,521,67552
0883,华北水利水电大学(郑州市)[公办],,能源与动力工程(中外合作办学)(热动),,,510,79317
0883,华北水利水电大学(郑州市)[公办],,土木工程(中外合作办学),,,509,80441
0883,华北水利水电大学(郑州市)[公办],,给排水科学与工程(中外合作办学),,,506,83767
0883,华北水利水电大学(郑州市)[公办],,测绘工程(中外合作办学),,,501,89173
0883,华北水利水电大学(郑州市)[公办],,地质工程(中外合作办学)(灾害管理),,,498,92962
0883,华北水利水电大学(郑州市)[公办],,建筑学(中外合作办学),,,511,78116
0883,华北水利水电大学(郑州市)[公办],,物流管理(中外合作办学),,,496,95288
0884,华东交通大学(南昌市)[公办],,经济统计学,,,555,36191
0884,华东交通大学(南昌市)[公办],,金融学,,,559,33069
0884,华东交通大学(南昌市)[公办],,葡萄牙语,,,534,54574
0884,华东交通大学(南昌市)[公办],,翻译,,,550,40256
0884,华东交通大学(南昌市)[公办],,信息与计算科学,,,558,33822
0884,华东交通大学(南昌市)[公办],,机械设计制造及其自动化,,,553,37725
0884,华东交通大学(南昌市)[公办],,材料成型及控制工程,,,543,46278
0884,华东交通大学(南昌市)[公办],,机械电子工程,,,556,35406
0884,华东交通大学(南昌市)[公办],,车辆工程,,,551,40256
0884,华东交通大学(南昌市)[公办],,智能制造工程,,,552,38584
0884,华东交通大学(南昌市)[公办],,测控技术与仪器,,,550,40256
0884,华东交通大学(南昌市)[公办],,高分子材料与工程,,,540,49002
0884,华东交通大学(南昌市)[公办],,电气工程及其自动化,,,563,30033
0884,华东交通大学(南昌市)[公办],,通信工程,,,560,32247
0884,华东交通大学(南昌市)[公办],,光电信息科学与工程,,,557,34586
0884,华东交通大学(南昌市)[公办],,人工智能,,,559,33069
0884,华东交通大学(南昌市)[公办],,自动化类,,,559,33069
0884,华东交通大学(南昌市)[公办],,计算机类,,,565,28568
0884,华东交通大学(南昌市)[公办],,软件工程,,,565,28568
0884,华东交通大学(南昌市)[公办],,软件工程(道铁工程),,,559,33069
0884,华东交通大学(南昌市)[公办],,软件工程(桥梁工程),,,556,35406
0884,华东交通大学(南昌市)[公办],,软件工程(轨道信号),,,562,30764
0884,华东交通大学(南昌市)[公办],,软件工程(铁道运输工程),,,555,36191
0884,华东交通大学(南昌市)[公办],,数据科学与大数据技术,,,565,28568
0884,华东交通大学(南昌市)[公办],,虚拟现实技术,,,556,35406
0884,华东交通大学(南昌市)[公办],,土木工程,,,546,43628
0884,华东交通大学(南昌市)[公办],,建筑环境与能源应用工程,,,536,52757
0884,华东交通大学(南昌市)[公办],,给排水科学与工程,,,546,43628
0884,华东交通大学(南昌市)[公办],,建筑电气与智能化,,,547,42788
0884,华东交通大学(南昌市)[公办],,铁道工程,,,552,38584
0884,华东交通大学(南昌市)[公办],,测绘工程,,,531,57544
0884,华东交通大学(南昌市)[公办],,交通运输,,,552,38584
0884,华东交通大学(南昌市)[公办],,交通工程,,,554,36948
0884,华东交通大学(南昌市)[公办],,环境工程,,,532,56540
0884,华东交通大学(南昌市)[公办],,建筑学,,,548,41891
0884,华东交通大学(南昌市)[公办],,会计学,,,561,31495
0884,华东交通大学(南昌市)[公办],,人力资源管理,,,552,38584
0884,华东交通大学(南昌市)[公办],,物流管理,,,547,42788
0884,华东交通大学(南昌市)[公办],,物流工程,,,535,53694
0884,华东交通大学(南昌市)[公办],,工程管理(中外合作办学),,,510,79317
0885,华东理工大学(上海市)[公办],,工科试验班(智能与机器人),,,609,6887
0885,华东理工大学(上海市)[公办],,工科试验班(智慧化工),,,597,10996
0885,华东理工大学(上海市)[公办],,工科试验班(能源与环境),,,601,9445
0885,华东理工大学(上海市)[公办],,经济学类,,,606,7785
0885,华东理工大学(上海市)[公办],,数学类,,,607,7470
0885,华东理工大学(上海市)[公办],,物理学类,,,604,8390
0885,华东理工大学(上海市)[公办],,化学类,,,594,12236
0885,华东理工大学(上海市)[公办],,应用化学(双学士学位项目),,,600,9823
0885,华东理工大学(上海市)[公办],,机械类(机械智能化实验班),,,603,8730
0885,华东理工大学(上海市)[公办],,材料类,,,595,11821
0885,华东理工大学(上海市)[公办],,能源与动力工程(双学士学位项目),,,607,7470
0885,华东理工大学(上海市)[公办],,电子信息类,,,611,6343
0885,华东理工大学(上海市)[公办],,计算机类,,,612,6049
0885,华东理工大学(上海市)[公办],,化工与制药类(国际卓越工程师班),,,605,8076
0885,华东理工大学(上海市)[公办],,资源循环科学与工程,,,596,11399
0885,华东理工大学(上海市)[公办],,风景园林(景观建筑规划方向),,,596,11399
0885,华东理工大学(上海市)[公办],,生物工程类,,,594,12236
0885,华东理工大学(上海市)[公办],,药学,,,595,11821
0885,华东理工大学(上海市)[公办],,管理科学与工程类,,,604,8390
0885,华东理工大学(上海市)[公办],,工商管理类,,,603,8730
0888,华东师范大学(上海市)[公办],,金融学类,,,634,2024
0888,华东师范大学(上海市)[公办],,金融学(双学位),,,635,1889
0888,华东师范大学(上海市)[公办],,教育技术学(双学位),,,634,2024
0888,华东师范大学(上海市)[公办],,数学与应用数学,,,635,1889
0888,华东师范大学(上海市)[公办],,物理学,,,631,2418
0888,华东师范大学(上海市)[公办],,化学,,,631,2418
0888,华东师范大学(上海市)[公办],,地理科学,,,627,3008
0888,华东师范大学(上海市)[公办],,人文地理与城乡规划,,,625,3338
0888,华东师范大学(上海市)[公办],,生物科学类,,,626,3178
0888,华东师范大学(上海市)[公办],,心理学类,,,627,3008
0888,华东师范大学(上海市)[公办],,统计学类,,,633,2156
0888,华东师范大学(上海市)[公办],,通信工程,,,627,3008
0888,华东师范大学(上海市)[公办],,微电子科学与工程,,,632,2283
0888,华东师范大学(上海市)[公办],,计算机科学与技术,,,632,2283
0888,华东师范大学(上海市)[公办],,软件工程,,,635,1889
0888,华东师范大学(上海市)[公办],,数据科学与大数据技术,,,634,2024
0888,华东师范大学(上海市)[公办],,环境科学与工程类,,,626,3178
0888,华东师范大学(上海市)[公办],,工商管理类,,,629,2693
0891,华东政法大学(上海市)[公办],,经济学类,,,599,10212
0891,华东政法大学(上海市)[公办],,法学(民商法律),,,614,5569
0891,华东政法大学(上海市)[公办],,法学(经济法),,,618,4687
0891,华东政法大学(上海市)[公办],,法学(国际经济法),,,613,5819
0891,华东政法大学(上海市)[公办],,法学(刑事司法),,,614,5569
0891,华东政法大学(上海市)[公办],,社会学类,,,589,14462
0891,华东政法大学(上海市)[公办],,公共管理类,,,595,11821
0892,华南理工大学(广州市)[公办],,工科试验班(智能装备与先进制造),,,618,4687
0892,华南理工大学(广州市)[公办],,工科试验班(智慧土木与数字建造),,,613,5819
0892,华南理工大学(广州市)[公办],,经济学类,,,622,3900
0892,华南理工大学(广州市)[公办],,经济学(创新班),,,629,2693
0892,华南理工大学(广州市)[公办],,金融科技,,,623,3705
0892,华南理工大学(广州市)[公办],,传播学(2加2联合班),,,615,5323
0892,华南理工大学(广州市)[公办],,数学类,,,623,3705
0892,华南理工大学(广州市)[公办],,物理学类,,,622,3900
0892,华南理工大学(广州市)[公办],,应用物理学(严济慈英才班),,,626,3178
0892,华南理工大学(广州市)[公办],,化学类(拔尖基地班),,,618,4687
0892,华南理工大学(广州市)[公办],,生物科学类,,,621,4073
0892,华南理工大学(广州市)[公办],,工程力学(创新班),,,621,4073
0892,华南理工大学(广州市)[公办],,机械类(创新班),,,626,3178
0892,华南理工大学(广州市)[公办],,工业设计,,,619,4458
0892,华南理工大学(广州市)[公办],,材料类(创新班),,,617,4895
0892,华南理工大学(广州市)[公办],,材料类,,,615,5323
0892,华南理工大学(广州市)[公办],,电气类,,,623,3705
0892,华南理工大学(广州市)[公办],,信息工程(创新班),,,628,2846
0892,华南理工大学(广州市)[公办],,信息工程,,,625,3338
0892,华南理工大学(广州市)[公办],,自动化类,,,625,3338
0892,华南理工大学(广州市)[公办],,计算机类,,,630,2544
0892,华南理工大学(广州市)[公办],,计算机科学与技术(全英创新班),,,632,2283
0892,华南理工大学(广州市)[公办],,计算机科学与技术(拔尖基地班),,,637,1689
0892,华南理工大学(广州市)[公办],,软件工程(卓越班),,,633,2156
0892,华南理工大学(广州市)[公办],,软件工程,,,626,3178
0892,华南理工大学(广州市)[公办],,土木工程(卓越全英班),,,618,4687
0892,华南理工大学(广州市)[公办],,化工与制药类,,,616,5107
0892,华南理工大学(广州市)[公办],,轻工类,,,616,5107
0892,华南理工大学(广州市)[公办],,交通运输类,,,615,5323
0892,华南理工大学(广州市)[公办],,环境科学与工程类,,,612,6049
0892,华南理工大学(广州市)[公办],,食品科学与工程类,,,612,6049
0892,华南理工大学(广州市)[公办],,建筑学,,,632,2283
0892,华南理工大学(广州市)[公办],,城乡规划,,,616,5107
0892,华南理工大学(广州市)[公办],,风景园林,,,627,3008
0892,华南理工大学(广州市)[公办],,临床医学,,,622,3900
0892,华南理工大学(广州市)[公办],,工商管理类,,,617,4895
0892,华南理工大学(广州市)[公办],,工商管理(全英班),,,617,4895
0892,华南理工大学(广州市)[公办],,会计学,,,620,4276
0894,华南农业大学(广州市)[公办],,应用化学,,,557,34586
0894,华南农业大学(广州市)[公办],,生物科学(国家生物学理科基地班),,,569,25895
0894,华南农业大学(广州市)[公办],,生物科学,,,564,29282
0894,华南农业大学(广州市)[公办],,生物技术,,,574,22729
0894,华南农业大学(广州市)[公办],,电子信息工程,,,573,23356
0894,华南农业大学(广州市)[公办],,电子科学与技术,,,574,22729
0894,华南农业大学(广州市)[公办],,电子信息科学与技术,,,574,22729
0894,华南农业大学(广州市)[公办],,计算机科学与技术,,,583,17536
0894,华南农业大学(广州市)[公办],,数据科学与大数据技术,,,576,21536
0894,华南农业大学(广州市)[公办],,土木工程,,,560,32247
0894,华南农业大学(广州市)[公办],,包装工程,,,554,36948
0894,华南农业大学(广州市)[公办],,食品科学与工程,,,565,28568
0894,华南农业大学(广州市)[公办],,食品质量与安全,,,563,30033
0894,华南农业大学(广州市)[公办],,农学,,,565,28568
0894,华南农业大学(广州市)[公办],,植物保护,,,560,32247
0894,华南农业大学(广州市)[公办],,设施农业科学与工程,,,558,33822
0894,华南农业大学(广州市)[公办],,动物科学,,,571,24634
0894,华南农业大学(广州市)[公办],,动物医学,,,565,28568
0894,华南农业大学(广州市)[公办],,林学(低碳林业),,,560,32247
0894,华南农业大学(广州市)[公办],,草业科学,,,553,37725
0894,华南农业大学(广州市)[公办],,生物科学(中外合作办学)(与爱尔兰都柏林大学合作办学),,,532,56540
0894,华南农业大学(广州市)[公办],,食品质量与安全(中外合作办学)(与爱尔兰都柏林大学合作办学),,,542,47194
0894,华南农业大学(广州市)[公办],,园艺(中外合作办学)(与爱尔兰都柏林大学合作办学),,,530,58518
0896,华南农业大学珠江学院[独立学院],,会计学,,,452,149859
0897,华南师范大学(广州市)[公办],,小学教育(师范),,,590,14004
0897,华南师范大学(广州市)[公办],,数学与应用数学(师范),,,597,10996
0897,华南师范大学(广州市)[公办],,物理学(师范),,,593,12676
0897,华南师范大学(广州市)[公办],,心理学(师范),,,592,13125
0897,华南师范大学(广州市)[公办],,计算机科学与技术(师范),,,591,13583
0897,华南师范大学(广州市)[公办],,网络工程,,,592,13125
0898,华侨大学(泉州市，厦门市)[公办],,哲学(中西人文综合试验班),,,550,40256
0898,华侨大学(泉州市，厦门市)[公办],,经济学类,,,561,31495
0898,华侨大学(泉州市，厦门市)[公办],,经济学类(中美121双学位班、可接轨CFA金融分析师),,,553,37725
0898,华侨大学(泉州市，厦门市)[公办],,法学,,,579,19795
0898,华侨大学(泉州市，厦门市)[公办],,中国语言文学类,,,567,27220
0898,华侨大学(泉州市，厦门市)[公办],,数学与应用数学(金融统计、数据分析方向),,,557,34586
0898,华侨大学(泉州市，厦门市)[公办],,应用物理学(拔尖人才试点班),,,548,41891
0898,华侨大学(泉州市，厦门市)[公办],,应用化学(拔尖人才试点班),,,546,43628
0898,华侨大学(泉州市，厦门市)[公办],,机械工程,,,552,38584
0898,华侨大学(泉州市，厦门市)[公办],,工业设计,,,558,33822
0898,华侨大学(泉州市，厦门市)[公办],,车辆工程,,,559,33069
0898,华侨大学(泉州市，厦门市)[公办],,智能制造工程,,,557,34586
0898,华侨大学(泉州市，厦门市)[公办],,材料科学与工程,,,533,55500
0898,华侨大学(泉州市，厦门市)[公办],,高分子材料与工程(拔尖人才试点班),,,547,42788
0898,华侨大学(泉州市，厦门市)[公办],,电气工程及其自动化,,,563,30033
0898,华侨大学(泉州市，厦门市)[公办],,电子信息类,,,562,30764
0898,华侨大学(泉州市，厦门市)[公办],,光电信息科学与工程,,,557,34586
0898,华侨大学(泉州市，厦门市)[公办],,人工智能,,,563,30033
0898,华侨大学(泉州市，厦门市)[公办],,计算机科学与技术,,,567,27220
0898,华侨大学(泉州市，厦门市)[公办],,软件工程,,,569,25895
0898,华侨大学(泉州市，厦门市)[公办],,信息安全,,,565,28568
0898,华侨大学(泉州市，厦门市)[公办],,物联网工程,,,562,30764
0898,华侨大学(泉州市，厦门市)[公办],,数据科学与大数据技术,,,567,27220
0898,华侨大学(泉州市，厦门市)[公办],,土木类,,,546,43628
0898,华侨大学(泉州市，厦门市)[公办],,给排水科学与工程(城镇智能水系统方向),,,544,45381
0898,华侨大学(泉州市，厦门市)[公办],,化工与制药类,,,543,46278
0898,华侨大学(泉州市，厦门市)[公办],,环境工程,,,547,42788
0898,华侨大学(泉州市，厦门市)[公办],,城乡规划(五年),,,556,35406
0898,华侨大学(泉州市，厦门市)[公办],,风景园林(五年),,,556,35406
0898,华侨大学(泉州市，厦门市)[公办],,生物工程,,,548,41891
0898,华侨大学(泉州市，厦门市)[公办],,工商管理类,,,553,37725
0898,华侨大学(泉州市，厦门市)[公办],,工商管理类(中美121双学位班、可接轨ACCA国际注会),,,558,33822
0898,华侨大学(泉州市，厦门市)[公办],,财务管理,,,558,33822
0899,华中科技大学[公办],,经济学类,,,630,2544
0899,华中科技大学[公办],,数学类,,,632,2283
0899,华中科技大学[公办],,物理学类,,,632,2283
0899,华中科技大学[公办],,机械类,,,632,2283
0899,华中科技大学[公办],,材料类,,,626,3178
0899,华中科技大学[公办],,能源动力类,,,629,2693
0899,华中科技大学[公办],,电气工程及其自动化,,,642,1242
0899,华中科技大学[公办],,电子信息类(电信学院),,,640,1428
0899,华中科技大学[公办],,电子信息类(光电学院),,,640,1428
0899,华中科技大学[公办],,自动化类,,,639,1525
0899,华中科技大学[公办],,自动化类(启明实验班),,,645,1016
0899,华中科技大学[公办],,计算机类(计算机学院),,,649,764
0899,华中科技大学[公办],,计算机类(网安学院),,,644,1098
0899,华中科技大学[公办],,土木类,,,623,3705
0899,华中科技大学[公办],,生物医学工程类(国家生命科学与技术人才试验班),,,631,2418
0899,华中科技大学[公办],,临床医学类,,,636,1776
0899,华中科技大学[公办],,临床医学(本博贯通培养),,,652,608
0899,华中科技大学[公办],,药学(启明本硕博实验班),,,629,2693
0899,华中科技大学[公办],,生物科学(中外合作办学),,,596,11399
0902,华中农业大学(武汉市)[公办],,经济学类,,,587,15439
0902,华中农业大学(武汉市)[公办],,法学,,,587,15439
0902,华中农业大学(武汉市)[公办],,社会学类,,,575,22143
0902,华中农业大学(武汉市)[公办],,外国语言文学类,,,588,14950
0902,华中农业大学(武汉市)[公办],,广告学,,,576,21536
0902,华中农业大学(武汉市)[公办],,信息与计算科学,,,588,14950
0902,华中农业大学(武汉市)[公办],,应用化学,,,574,22729
0902,华中农业大学(武汉市)[公办],,地理信息科学,,,583,17536
0902,华中农业大学(武汉市)[公办],,生物科学类,,,586,15960
0902,华中农业大学(武汉市)[公办],,生物信息学,,,584,17032
0902,华中农业大学(武汉市)[公办],,机械类,,,581,18643
0902,华中农业大学(武汉市)[公办],,光电信息科学与工程,,,587,15439
0902,华中农业大学(武汉市)[公办],,计算机类,,,589,14462
0902,华中农业大学(武汉市)[公办],,农业工程类,,,572,23984
0902,华中农业大学(武汉市)[公办],,环境科学与工程类,,,570,25269
0902,华中农业大学(武汉市)[公办],,食品科学与工程类,,,577,20936
0902,华中农业大学(武汉市)[公办],,风景园林,,,586,15960
0902,华中农业大学(武汉市)[公办],,生物工程,,,585,16469
0902,华中农业大学(武汉市)[公办],,植物生产类,,,569,25895
0902,华中农业大学(武汉市)[公办],,园艺(国家卓越农林人才计划),,,575,22143
0902,华中农业大学(武汉市)[公办],,设施农业科学与工程,,,568,26529
0902,华中农业大学(武汉市)[公办],,智慧农业,,,573,23356
0902,华中农业大学(武汉市)[公办],,动物科学(国家卓越农林人才计划),,,577,20936
0902,华中农业大学(武汉市)[公办],,动物医学,,,579,19795
0902,华中农业大学(武汉市)[公办],,林学,,,571,24634
0902,华中农业大学(武汉市)[公办],,园林(国家卓越农林人才计划),,,579,19795
0902,华中农业大学(武汉市)[公办],,水产类,,,564,29282
0902,华中农业大学(武汉市)[公办],,管理科学与工程类,,,580,19205
0902,华中农业大学(武汉市)[公办],,工商管理类,,,585,16469
0902,华中农业大学(武汉市)[公办],,公共管理类,,,576,21536
0905,华中师范大学(武汉市)[公办],,经济学类,,,603,8730
0905,华中师范大学(武汉市)[公办],,社会学类,,,589,14462
0905,华中师范大学(武汉市)[公办],,教育学类,,,600,9823
0905,华中师范大学(武汉市)[公办],,科学教育,,,594,12236
0905,华中师范大学(武汉市)[公办],,教育技术学,,,597,10996
0905,华中师范大学(武汉市)[公办],,西班牙语,,,594,12236
0905,华中师范大学(武汉市)[公办],,朝鲜语(韩语),,,547,42788
0905,华中师范大学(武汉市)[公办],,数学类,,,616,5107
0905,华中师范大学(武汉市)[公办],,物理学(基地班),,,611,6343
0905,华中师范大学(武汉市)[公办],,化学类,,,605,8076
0905,华中师范大学(武汉市)[公办],,生物科学类,,,607,7470
0905,华中师范大学(武汉市)[公办],,心理学类,,,609,6887
0905,华中师范大学(武汉市)[公办],,统计学,,,603,8730
0905,华中师范大学(武汉市)[公办],,电子信息类,,,604,8390
0905,华中师范大学(武汉市)[公办],,人工智能,,,603,8730
0905,华中师范大学(武汉市)[公办],,计算机类,,,604,8390
0905,华中师范大学(武汉市)[公办],,数字媒体技术,,,603,8730
0905,华中师范大学(武汉市)[公办],,数据科学与大数据技术,,,605,8076
0905,华中师范大学(武汉市)[公办],,管理科学与工程类,,,596,11399
0905,华中师范大学(武汉市)[公办],,公共管理类,,,596,11399
0905,华中师范大学(武汉市)[公办],,信息资源管理,,,593,12676
0905,华中师范大学(武汉市)[公办],,电子商务,,,589,14462
0907,怀化学院[公办],,物理学,,,489,103748
0907,怀化学院[公办],,生物科学,,,491,101322
0907,怀化学院[公办],,机械设计制造及其自动化,,,492,100090
0907,怀化学院[公办],,材料化学,,,482,112324
0907,怀化学院[公办],,电气工程及其自动化,,,498,92962
0907,怀化学院[公办],,机器人工程,,,492,100090
0907,怀化学院[公办],,软件工程,,,503,87191
0907,怀化学院[公办],,食品质量与安全,,,485,108714
0909,淮北师范大学[公办],,教育技术学,,,533,55500
0909,淮北师范大学[公办],,数学与应用数学,,,543,46278
0909,淮北师范大学[公办],,物理学,,,541,48106
0909,淮北师范大学[公办],,化学,,,547,42788
0909,淮北师范大学[公办],,应用化学,,,529,59504
0909,淮北师范大学[公办],,生物科学,,,544,45381
0909,淮北师范大学[公办],,应用心理学,,,540,49002
0909,淮北师范大学[公办],,统计学,,,527,61435
0909,淮北师范大学[公办],,材料科学与工程,,,505,84880
0909,淮北师范大学[公办],,材料物理,,,520,68611
0909,淮北师范大学[公办],,电子信息工程,,,531,57544
0909,淮北师范大学[公办],,通信工程,,,530,58518
0909,淮北师范大学[公办],,光电信息科学与工程,,,528,60450
0909,淮北师范大学[公办],,计算机科学与技术,,,542,47194
0909,淮北师范大学[公办],,网络工程,,,532,56540
0909,淮北师范大学[公办],,信息安全,,,549,41073
0909,淮北师范大学[公办],,智能科学与技术,,,529,59504
0909,淮北师范大学[公办],,数据科学与大数据技术,,,538,50883
0909,淮北师范大学[公办],,环境科学,,,517,71732
0909,淮北师范大学[公办],,环境生态工程,,,518,70669
0909,淮北师范大学[公办],,生物工程,,,515,73836
0909,淮北师范大学[公办],,会计学,,,534,54574
0912,淮南师范学院[公办],,金融数学,,,492,100090
0912,淮南师范学院[公办],,商务英语,,,497,94131
0912,淮南师范学院[公办],,数学与应用数学,,,498,92962
0912,淮南师范学院[公办],,物理学,,,494,97686
0912,淮南师范学院[公办],,机械设计制造及其自动化,,,493,98867
0912,淮南师范学院[公办],,材料化学,,,482,112324
0912,淮南师范学院[公办],,高分子材料与工程,,,483,111133
0912,淮南师范学院[公办],,电子信息工程,,,494,97686
0912,淮南师范学院[公办],,自动化,,,491,101322
0912,淮南师范学院[公办],,轨道交通信号与控制,,,488,104962
0912,淮南师范学院[公办],,软件工程,,,503,87191
0912,淮南师范学院[公办],,物联网工程,,,501,89173
0912,淮南师范学院[公办],,食品质量与安全,,,485,108714
0912,淮南师范学院[公办],,生物制药,,,485,108714
0912,淮南师范学院[公办],,水产养殖学,,,469,128494
0912,淮南师范学院[公办],,会计学,,,506,83767
0912,淮南师范学院[公办],,电子商务,,,494,97686
0914,淮阴工学院(淮安市)[公办],,金融数学,,,499,91783
0914,淮阴工学院(淮安市)[公办],,社会工作,,,476,119752
0914,淮阴工学院(淮安市)[公办],,俄语,,,494,97686
0914,淮阴工学院(淮安市)[公办],,应用物理学,,,488,104962
0914,淮阴工学院(淮安市)[公办],,测控技术与仪器,,,497,94131
0914,淮阴工学院(淮安市)[公办],,金属材料工程,,,490,102500
0914,淮阴工学院(淮安市)[公办],,电气工程及其自动化,,,507,82620
0914,淮阴工学院(淮安市)[公办],,土木工程,,,495,96518
0914,淮阴工学院(淮安市)[公办],,化学工程与工艺,,,488,104962
0914,淮阴工学院(淮安市)[公办],,制药工程,,,491,101322
0914,淮阴工学院(淮安市)[公办],,交通运输,,,495,96518
0914,淮阴工学院(淮安市)[公办],,食品科学与工程,,,494,97686
0914,淮阴工学院(淮安市)[公办],,城乡规划,,,490,102500
0914,淮阴工学院(淮安市)[公办],,生物工程,,,491,101322
0914,淮阴工学院(淮安市)[公办],,物流工程,,,498,92962
0915,淮阴师范学院(淮安市)[公办],,生物科学,,,504,86042
0915,淮阴师范学院(淮安市)[公办],,生物技术,,,490,102500
0915,淮阴师范学院(淮安市)[公办],,电子信息科学与技术,,,497,94131
0915,淮阴师范学院(淮安市)[公办],,生物制药,,,488,104962
0915,淮阴师范学院(淮安市)[公办],,工程造价,,,495,96518
0917,黄冈师范学院[公办],,数学与应用数学,,,511,78116
0917,黄冈师范学院[公办],,计算机类,,,507,82620
0917,黄冈师范学院[公办],,工程造价,,,496,95288
0918,黄河科技学院(郑州市)[民办],,机械设计制造及其自动化,,,456,144801
0918,黄河科技学院(郑州市)[民办],,电气工程及其自动化,,,457,143500
0918,黄河科技学院(郑州市)[民办],,计算机科学与技术,,,458,142250
0918,黄河科技学院(郑州市)[民办],,农业工程,,,455,146091
0918,黄河科技学院(郑州市)[民办],,护理学,,,462,137255
0920,黄淮学院(驻马店市)[公办],,数学与应用数学,,,484,109959
0920,黄淮学院(驻马店市)[公办],,新能源汽车工程,,,478,117259
0920,黄淮学院(驻马店市)[公办],,新能源科学与工程,,,479,116040
0920,黄淮学院(驻马店市)[公办],,食品科学与工程,,,473,123482
0920,黄淮学院(驻马店市)[公办],,生物工程,,,472,124770
0920,黄淮学院(驻马店市)[公办],,园林,,,469,128494
0922,黄山学院[公办],,烹饪与营养教育,,,463,136058
0922,黄山学院[公办],,酒店管理(中外合作办学),,,453,148600
0925,吉利学院(成都)[民办],,机械类,,,451,151103
0925,吉利学院(成都)[民办],,电子信息类,,,457,143500
0925,吉利学院(成都)[民办],,计算机类,,,454,147340
0926,吉林财经大学(长春市)[公办],,经济学,,,540,49002
0926,吉林财经大学(长春市)[公办],,经济统计学,,,538,50883
0926,吉林财经大学(长春市)[公办],,财政学,,,541,48106
0926,吉林财经大学(长春市)[公办],,国际税收,,,540,49002
0926,吉林财经大学(长春市)[公办],,金融学,,,548,41891
0926,吉林财经大学(长春市)[公办],,金融工程,,,538,50883
0926,吉林财经大学(长春市)[公办],,金融科技,,,542,47194
0926,吉林财经大学(长春市)[公办],,国际经济与贸易,,,535,53694
0926,吉林财经大学(长春市)[公办],,英语,,,536,52757
0926,吉林财经大学(长春市)[公办],,日语,,,527,61435
0926,吉林财经大学(长春市)[公办],,大数据管理与应用,,,540,49002
0926,吉林财经大学(长春市)[公办],,工商管理,,,536,52757
0926,吉林财经大学(长春市)[公办],,会计学,,,550,40256
0926,吉林财经大学(长春市)[公办],,财务管理,,,546,43628
0926,吉林财经大学(长春市)[公办],,旅游管理,,,513,75878
0926,吉林财经大学(长春市)[公办],,金融学(中外合作办学),,,526,62390
0926,吉林财经大学(长春市)[公办],,会计学(中外合作办学),,,535,53694
0928,吉林大学[公办],,哲学,,,607,7470
0928,吉林大学[公办],,经济学类,,,613,5819
0928,吉林大学[公办],,经济学(国别与区域经济),,,609,6887
0928,吉林大学[公办],,法学,,,623,3705
0928,吉林大学[公办],,政治学与行政学,,,604,8390
0928,吉林大学[公办],,外交学,,,599,10212
0928,吉林大学[公办],,社会学类,,,607,7470
0928,吉林大学[公办],,英语,,,609,6887
0928,吉林大学[公办],,俄语,,,598,10589
0928,吉林大学[公办],,日语,,,600,9823
0928,吉林大学[公办],,新闻传播学类,,,604,8390
0928,吉林大学[公办],,数学类,,,613,5819
0928,吉林大学[公办],,物理学类,,,610,6588
0928,吉林大学[公办],,化学类,,,606,7785
0928,吉林大学[公办],,生物科学类,,,609,6887
0928,吉林大学[公办],,机械类,,,607,7470
0928,吉林大学[公办],,工业设计,,,605,8076
0928,吉林大学[公办],,车辆工程,,,610,6588
0928,吉林大学[公办],,仿生科学与工程,,,602,9065
0928,吉林大学[公办],,仪器类,,,606,7785
0928,吉林大学[公办],,材料类,,,599,10212
0928,吉林大学[公办],,材料物理,,,599,10212
0928,吉林大学[公办],,能源与动力工程,,,604,8390
0928,吉林大学[公办],,新能源科学与工程,,,610,6588
0928,吉林大学[公办],,电子信息类,,,611,6343
0928,吉林大学[公办],,通信工程,,,609,6887
0928,吉林大学[公办],,人工智能,,,615,5323
0928,吉林大学[公办],,自动化类,,,613,5819
0928,吉林大学[公办],,计算机类,,,618,4687
0928,吉林大学[公办],,软件工程,,,614,5569
0928,吉林大学[公办],,数据科学与大数据技术,,,614,5569
0928,吉林大学[公办],,土木类,,,597,10996
0928,吉林大学[公办],,水利类,,,603,8730
0928,吉林大学[公办],,地质类,,,596,11399
0928,吉林大学[公办],,勘查技术与工程,,,593,12676
0928,吉林大学[公办],,交通运输类,,,602,9065
0928,吉林大学[公办],,环境科学与工程类,,,595,11821
0928,吉林大学[公办],,食品科学与工程类,,,598,10589
0928,吉林大学[公办],,生物工程类,,,603,8730
0928,吉林大学[公办],,生物医学科学,,,608,7171
0928,吉林大学[公办],,临床医学(5+3一体化),,,625,3338
0928,吉林大学[公办],,临床医学,,,619,4458
0928,吉林大学[公办],,临床医学(5+3一体化，儿科学),,,620,4276
0928,吉林大学[公办],,临床医学(5+3一体化),,,622,3900
0928,吉林大学[公办],,临床医学,,,618,4687
0928,吉林大学[公办],,放射医学,,,604,8390
0928,吉林大学[公办],,口腔医学(5+3一体化),,,623,3705
0928,吉林大学[公办],,口腔医学,,,619,4458
0928,吉林大学[公办],,药学,,,601,9445
0928,吉林大学[公办],,康复治疗学,,,590,14004
0928,吉林大学[公办],,管理科学与工程类,,,600,9823
0928,吉林大学[公办],,工商管理类,,,603,8730
0928,吉林大学[公办],,会计学,,,606,7785
0928,吉林大学[公办],,档案学,,,597,10996
0928,吉林大学[公办],,广播电视编导,,,595,11821
0928,吉林大学[公办],,物理学(中外合作办学),,,578,20380
0931,吉林动画学院[民办],,软件工程,,,448,154772
0931,吉林动画学院[民办],,数字媒体技术,,,449,153606
0931,吉林动画学院[民办],,新媒体技术,,,449,153606
0931,吉林动画学院[民办],,虚拟现实技术,,,451,151103
0931,吉林动画学院[民办],,飞行器制造工程,,,444,159559
0931,吉林动画学院[民办],,飞行器动力工程,,,446,157125
0931,吉林动画学院[民办],,飞行器控制与信息工程,,,444,159559
0932,吉林工程技术师范学院(长春市)[公办],,数学与应用数学,,,476,119752
0932,吉林工程技术师范学院(长春市)[公办],,人工智能,,,482,112324
0932,吉林工程技术师范学院(长春市)[公办],,食品科学与工程类,,,470,127253
0932,吉林工程技术师范学院(长春市)[公办],,电气工程及其自动化(中外合作办学),,,462,137255
0934,吉林工商学院(长春市)[公办],,财政学,,,498,92962
0934,吉林工商学院(长春市)[公办],,金融科技,,,498,92962
0934,吉林工商学院(长春市)[公办],,广告学,,,504,86042
0934,吉林工商学院(长春市)[公办],,机械电子工程,,,494,97686
0934,吉林工商学院(长春市)[公办],,计算机科学与技术,,,500,90630
0934,吉林工商学院(长春市)[公办],,物联网工程,,,495,96518
0934,吉林工商学院(长春市)[公办],,食品科学与工程,,,492,100090
0934,吉林工商学院(长春市)[公办],,粮食工程,,,483,111133
0934,吉林工商学院(长春市)[公办],,烹饪与营养教育,,,478,117259
0934,吉林工商学院(长春市)[公办],,生物工程,,,488,104962
0934,吉林工商学院(长春市)[公办],,会计学,,,506,83767
0934,吉林工商学院(长春市)[公办],,审计学,,,504,86042
0934,吉林工商学院(长春市)[公办],,物流管理,,,487,106171
0934,吉林工商学院(长春市)[公办],,电子商务,,,499,91783
0936,吉林化工学院[公办],,金融工程,,,504,86042
0936,吉林化工学院[公办],,国际经济与贸易,,,500,90630
0936,吉林化工学院[公办],,英语,,,502,88336
0936,吉林化工学院[公办],,日语,,,495,96518
0936,吉林化工学院[公办],,数学与应用数学,,,500,90630
0936,吉林化工学院[公办],,应用物理学,,,497,94131
0936,吉林化工学院[公办],,化学,,,491,101322
0936,吉林化工学院[公办],,应用化学,,,487,106171
0936,吉林化工学院[公办],,生物技术,,,492,100090
0936,吉林化工学院[公办],,机械设计制造及其自动化,,,501,89173
0936,吉林化工学院[公办],,材料成型及控制工程,,,488,104962
0936,吉林化工学院[公办],,过程装备与控制工程,,,490,102500
0936,吉林化工学院[公办],,车辆工程,,,496,95288
0936,吉林化工学院[公办],,测控技术与仪器,,,493,98867
0936,吉林化工学院[公办],,材料科学与工程,,,486,107443
0936,吉林化工学院[公办],,材料物理,,,484,109959
0936,吉林化工学院[公办],,材料化学,,,487,106171
0936,吉林化工学院[公办],,高分子材料与工程,,,490,102500
0936,吉林化工学院[公办],,能源与动力工程,,,495,96518
0936,吉林化工学院[公办],,电气工程及其自动化,,,511,78116
0936,吉林化工学院[公办],,电子信息工程,,,507,82620
0936,吉林化工学院[公办],,自动化,,,510,79317
0936,吉林化工学院[公办],,计算机科学与技术,,,518,70669
0936,吉林化工学院[公办],,给排水科学与工程,,,495,96518
0936,吉林化工学院[公办],,化学工程与工艺,,,494,97686
0936,吉林化工学院[公办],,制药工程,,,489,103748
0936,吉林化工学院[公办],,油气储运工程,,,488,104962
0936,吉林化工学院[公办],,轻化工程,,,492,100090
0936,吉林化工学院[公办],,飞行器制造工程,,,495,96518
0936,吉林化工学院[公办],,飞行器动力工程,,,492,100090
0936,吉林化工学院[公办],,环境工程,,,489,103748
0936,吉林化工学院[公办],,环境科学,,,489,103748
0936,吉林化工学院[公办],,安全工程,,,491,101322
0936,吉林化工学院[公办],,生物工程,,,489,103748
0936,吉林化工学院[公办],,药物制剂,,,498,92962
0936,吉林化工学院[公办],,信息管理与信息系统,,,496,95288
0936,吉林化工学院[公办],,工程管理,,,492,100090
0936,吉林化工学院[公办],,市场营销,,,491,101322
0936,吉林化工学院[公办],,会计学,,,513,75878
0936,吉林化工学院[公办],,物流工程,,,495,96518
0936,吉林化工学院[公办],,工业工程,,,492,100090
0936,吉林化工学院[公办],,电子信息工程(中外合作办学),,,462,137255
0936,吉林化工学院[公办],,化学工程与工艺(中外合作办学),,,445,158356
0937,吉林建筑大学(长春市)[公办],,地理信息科学,,,514,74839
0937,吉林建筑大学(长春市)[公办],,机械工程,,,515,73836
0937,吉林建筑大学(长春市)[公办],,材料化学,,,505,84880
0937,吉林建筑大学(长春市)[公办],,无机非金属材料工程,,,507,82620
0937,吉林建筑大学(长春市)[公办],,高分子材料与工程,,,506,83767
0937,吉林建筑大学(长春市)[公办],,电气工程及其自动化,,,525,63402
0937,吉林建筑大学(长春市)[公办],,电子信息工程,,,526,62390
0937,吉林建筑大学(长春市)[公办],,电子信息科学与技术,,,527,61435
0937,吉林建筑大学(长春市)[公办],,自动化,,,524,64450
0937,吉林建筑大学(长春市)[公办],,计算机科学与技术,,,537,51825
0937,吉林建筑大学(长春市)[公办],,软件工程,,,528,60450
0937,吉林建筑大学(长春市)[公办],,网络工程,,,526,62390
0937,吉林建筑大学(长春市)[公办],,信息安全,,,525,63402
0937,吉林建筑大学(长春市)[公办],,土木工程,,,515,73836
0937,吉林建筑大学(长春市)[公办],,建筑环境与能源应用工程,,,509,80441
0937,吉林建筑大学(长春市)[公办],,给排水科学与工程,,,515,73836
0937,吉林建筑大学(长春市)[公办],,城市地下空间工程,,,510,79317
0937,吉林建筑大学(长春市)[公办],,道路桥梁与渡河工程,,,506,83767
0937,吉林建筑大学(长春市)[公办],,测绘工程,,,508,81575
0937,吉林建筑大学(长春市)[公办],,地理空间信息工程,,,507,82620
0937,吉林建筑大学(长春市)[公办],,地质工程,,,508,81575
0937,吉林建筑大学(长春市)[公办],,勘查技术与工程,,,504,86042
0937,吉林建筑大学(长春市)[公办],,交通工程,,,510,79317
0937,吉林建筑大学(长春市)[公办],,建筑学,,,538,50883
0937,吉林建筑大学(长春市)[公办],,城乡规划,,,528,60450
0937,吉林建筑大学(长春市)[公办],,安全工程,,,508,81575
0937,吉林建筑大学(长春市)[公办],,消防工程,,,502,88336
0937,吉林建筑大学(长春市)[公办],,工程管理,,,514,74839
0937,吉林建筑大学(长春市)[公办],,工程造价,,,528,60450
0937,吉林建筑大学(长春市)[公办],,财务管理,,,524,64450
0937,吉林建筑大学(长春市)[公办],,电气工程及其自动化(中外合作办学),,,507,82620
0937,吉林建筑大学(长春市)[公办],,土木工程(中外合作办学),,,495,96518
0937,吉林建筑大学(长春市)[公办],,建筑学(中外合作办学),,,507,82620
0937,吉林建筑大学(长春市)[公办],,工程管理(中外合作办学),,,495,96518
0938,吉林建筑科技学院(长春市)[民办],,自动化,,,451,151103
0938,吉林建筑科技学院(长春市)[民办],,计算机科学与技术,,,468,129759
0938,吉林建筑科技学院(长春市)[民办],,软件工程,,,449,153606
0938,吉林建筑科技学院(长春市)[民办],,数据科学与大数据技术,,,455,146091
0938,吉林建筑科技学院(长春市)[民办],,土木工程,,,454,147340
0938,吉林建筑科技学院(长春市)[民办],,建筑环境与能源应用工程,,,444,159559
0938,吉林建筑科技学院(长春市)[民办],,建筑电气与智能化,,,449,153606
0938,吉林建筑科技学院(长春市)[民办],,城市地下空间工程,,,431,175849
0938,吉林建筑科技学院(长春市)[民办],,道路桥梁与渡河工程,,,444,159559
0938,吉林建筑科技学院(长春市)[民办],,测绘工程,,,446,157125
0938,吉林建筑科技学院(长春市)[民办],,交通工程,,,453,148600
0938,吉林建筑科技学院(长春市)[民办],,智慧交通,,,447,155919
0938,吉林建筑科技学院(长春市)[民办],,环境工程,,,443,160819
0938,吉林建筑科技学院(长春市)[民办],,建筑学,,,450,152346
0938,吉林建筑科技学院(长春市)[民办],,城乡规划,,,444,159559
0938,吉林建筑科技学院(长春市)[民办],,安全工程,,,440,164582
0938,吉林建筑科技学院(长春市)[民办],,工程管理,,,449,153606
0938,吉林建筑科技学院(长春市)[民办],,工程造价,,,451,151103
0938,吉林建筑科技学院(长春市)[民办],,审计学,,,456,144801
0940,吉林警察学院(长春市)[公办],,法学,,,522,66475
0940,吉林警察学院(长春市)[公办],,计算机科学与技术,,,511,78116
0940,吉林警察学院(长春市)[公办],,财务管理,,,507,82620
0942,吉林农业大学(长春市)[公办],,金融学,,,522,66475
0942,吉林农业大学(长春市)[公办],,社会学类,,,510,79317
0942,吉林农业大学(长春市)[公办],,传播学,,,523,65475
0942,吉林农业大学(长春市)[公办],,生物科学类,,,509,80441
0942,吉林农业大学(长春市)[公办],,生物信息学,,,503,87191
0942,吉林农业大学(长春市)[公办],,机械类,,,509,80441
0942,吉林农业大学(长春市)[公办],,电子信息科学与技术,,,525,63402
0942,吉林农业大学(长春市)[公办],,计算机类,,,529,59504
0942,吉林农业大学(长春市)[公办],,环境科学与工程类,,,501,89173
0942,吉林农业大学(长春市)[公办],,食品科学与工程类,,,508,81575
0942,吉林农业大学(长春市)[公办],,风景园林,,,514,74839
0942,吉林农业大学(长春市)[公办],,生物工程类,,,504,86042
0942,吉林农业大学(长春市)[公办],,植物生产类,,,500,90630
0942,吉林农业大学(长春市)[公办],,植物生产类,,,497,94131
0942,吉林农业大学(长春市)[公办],,植物生产类,,,493,98867
0942,吉林农业大学(长春市)[公办],,智慧农业,,,501,89173
0942,吉林农业大学(长春市)[公办],,农药化肥,,,492,100090
0942,吉林农业大学(长春市)[公办],,自然保护与环境生态类,,,498,92962
0942,吉林农业大学(长春市)[公办],,动物生产类,,,491,101322
0942,吉林农业大学(长春市)[公办],,动物医学,,,506,83767
0942,吉林农业大学(长春市)[公办],,动物药学,,,500,90630
0942,吉林农业大学(长春市)[公办],,林学,,,498,92962
0942,吉林农业大学(长春市)[公办],,园林,,,505,84880
0942,吉林农业大学(长春市)[公办],,草业科学,,,492,100090
0942,吉林农业大学(长春市)[公办],,中药学类,,,511,78116
0942,吉林农业大学(长春市)[公办],,工商管理类,,,515,73836
0943,吉林农业科技学院[公办],,国际经济与贸易,,,483,111133
0943,吉林农业科技学院[公办],,英语,,,494,97686
0943,吉林农业科技学院[公办],,朝鲜语,,,473,123482
0943,吉林农业科技学院[公办],,应用化学,,,479,116040
0943,吉林农业科技学院[公办],,生物技术,,,478,117259
0943,吉林农业科技学院[公办],,统计学,,,482,112324
0943,吉林农业科技学院[公办],,机械设计制造及其自动化,,,484,109959
0943,吉林农业科技学院[公办],,机械电子工程,,,485,108714
0943,吉林农业科技学院[公办],,智能制造工程,,,485,108714
0943,吉林农业科技学院[公办],,电气工程及其自动化,,,488,104962
0943,吉林农业科技学院[公办],,电子信息科学与技术,,,487,106171
0943,吉林农业科技学院[公办],,计算机类,,,489,103748
0943,吉林农业科技学院[公办],,数据科学与大数据技术,,,485,108714
0943,吉林农业科技学院[公办],,土木工程,,,485,108714
0943,吉林农业科技学院[公办],,水利水电工程,,,487,106171
0943,吉林农业科技学院[公办],,制药工程,,,485,108714
0943,吉林农业科技学院[公办],,包装工程,,,469,128494
0943,吉林农业科技学院[公办],,食品科学与工程类,,,474,122219
0943,吉林农业科技学院[公办],,烹饪与营养教育,,,465,133566
0943,吉林农业科技学院[公办],,食品营养与健康,,,472,124770
0943,吉林农业科技学院[公办],,植物生产类,,,472,124770
0943,吉林农业科技学院[公办],,农业资源与环境,,,476,119752
0943,吉林农业科技学院[公办],,野生动物与自然保护区管理,,,479,116040
0943,吉林农业科技学院[公办],,动物科学,,,477,118522
0943,吉林农业科技学院[公办],,动物医学,,,486,107443
0943,吉林农业科技学院[公办],,动植物检疫,,,473,123482
0943,吉林农业科技学院[公办],,药物制剂,,,481,113547
0943,吉林农业科技学院[公办],,中药学类,,,479,116040
0943,吉林农业科技学院[公办],,工程造价,,,480,114796
0943,吉林农业科技学院[公办],,电子商务,,,478,117259
0943,吉林农业科技学院[公办],,机械设计制造及其自动化(中外合作办学),,,463,136058
0943,吉林农业科技学院[公办],,动物医学(中外合作办学),,,464,134859
0944,吉林师范大学[公办],,数学与应用数学,,,553,37725
0944,吉林师范大学[公办],,物理学,,,547,42788
0944,吉林师范大学[公办],,应用物理学,,,537,51825
0944,吉林师范大学[公办],,化学,,,546,43628
0944,吉林师范大学[公办],,应用化学,,,531,57544
0944,吉林师范大学[公办],,生物科学,,,544,45381
0944,吉林师范大学[公办],,心理学,,,553,37725
0944,吉林师范大学[公办],,统计学,,,532,56540
0944,吉林师范大学[公办],,电子信息类,,,530,58518
0944,吉林师范大学[公办],,计算机科学与技术,,,542,47194
0944,吉林师范大学[公办],,软件工程,,,525,63402
0944,吉林师范大学[公办],,数据科学与大数据技术,,,535,53694
0944,吉林师范大学[公办],,网络空间安全,,,534,54574
0944,吉林师范大学[公办],,给排水科学与工程,,,519,69642
0944,吉林师范大学[公办],,环境科学,,,518,70669
0944,吉林师范大学[公办],,财务管理,,,513,75878
0944,吉林师范大学[公办],,电子信息工程(中外合作办学),,,505,84880
0945,吉林师范大学博达学院(四平市)[独立学院],,学前教育,,,460,139765
0945,吉林师范大学博达学院(四平市)[独立学院],,小学教育,,,464,134859
0945,吉林师范大学博达学院(四平市)[独立学院],,汉语言文学,,,464,134859
0945,吉林师范大学博达学院(四平市)[独立学院],,英语,,,465,133566
0945,吉林师范大学博达学院(四平市)[独立学院],,数学与应用数学,,,459,141008
0945,吉林师范大学博达学院(四平市)[独立学院],,地理科学,,,463,136058
0945,吉林师范大学博达学院(四平市)[独立学院],,电子信息工程,,,453,148600
0945,吉林师范大学博达学院(四平市)[独立学院],,信息工程,,,446,157125
0945,吉林师范大学博达学院(四平市)[独立学院],,数字媒体技术,,,455,146091
0945,吉林师范大学博达学院(四平市)[独立学院],,食品科学与工程,,,452,149859
0945,吉林师范大学博达学院(四平市)[独立学院],,财务管理,,,460,139765
0950,吉林外国语大学(长春市)[民办],,国际经济与贸易,,,471,126020
0950,吉林外国语大学(长春市)[民办],,英语,,,482,112324
0950,吉林外国语大学(长春市)[民办],,英语(英德双语),,,491,101322
0950,吉林外国语大学(长春市)[民办],,英语(英法双语),,,481,113547
0950,吉林外国语大学(长春市)[民办],,英语(英西班牙双语),,,471,126020
0950,吉林外国语大学(长春市)[民办],,英语(英日双语),,,475,120971
0950,吉林外国语大学(长春市)[民办],,俄语,,,466,132235
0950,吉林外国语大学(长春市)[民办],,阿拉伯语,,,450,152346
0950,吉林外国语大学(长春市)[民办],,葡萄牙语,,,455,146091
0950,吉林外国语大学(长春市)[民办],,意大利语,,,460,139765
0950,吉林外国语大学(长春市)[民办],,新闻传播学类,,,478,117259
0950,吉林外国语大学(长春市)[民办],,人工智能,,,460,139765
0950,吉林外国语大学(长春市)[民办],,数据科学与大数据技术,,,465,133566
0950,吉林外国语大学(长春市)[民办],,工商管理类,,,464,134859
0950,吉林外国语大学(长春市)[民办],,会计学,,,472,124770
0950,吉林外国语大学(长春市)[民办],,电子商务,,,460,139765
0950,吉林外国语大学(长春市)[民办],,金融学(中外合作办学),,,461,138513
0950,吉林外国语大学(长春市)[民办],,德语(中外合作办学),,,430,177075
0950,吉林外国语大学(长春市)[民办],,西班牙语(中外合作办学),,,431,175849
0951,吉林医药学院[公办],,生物技术,,,492,100090
0951,吉林医药学院[公办],,应用心理学,,,513,75878
0951,吉林医药学院[公办],,生物医学工程,,,498,92962
0951,吉林医药学院[公办],,食品质量与安全,,,496,95288
0951,吉林医药学院[公办],,生物制药,,,502,88336
0951,吉林医药学院[公办],,临床医学,,,518,70669
0951,吉林医药学院[公办],,医学影像学,,,518,70669
0951,吉林医药学院[公办],,预防医学,,,509,80441
0951,吉林医药学院[公办],,药学,,,510,79317
0951,吉林医药学院[公办],,药物制剂,,,500,90630
0951,吉林医药学院[公办],,中药学,,,494,97686
0951,吉林医药学院[公办],,医学检验技术,,,508,81575
0951,吉林医药学院[公办],,医学影像技术,,,510,79317
0951,吉林医药学院[公办],,康复治疗学,,,495,96518
0951,吉林医药学院[公办],,口腔医学技术,,,511,78116
0951,吉林医药学院[公办],,护理学,,,503,87191
0951,吉林医药学院[公办],,信息管理与信息系统,,,493,98867
0951,吉林医药学院[公办],,公共事业管理,,,485,108714
0951,吉林医药学院[公办],,健康服务与管理,,,488,104962
0951,吉林医药学院[公办],,生物制药(中外合作办学),,,476,119752
0954,吉首大学[公办],,金融工程,,,526,62390
0954,吉首大学[公办],,物理学,,,526,62390
0954,吉首大学[公办],,生物科学,,,526,62390
0954,吉首大学[公办],,统计学,,,532,56540
0954,吉首大学[公办],,机械设计制造及其自动化,,,532,56540
0954,吉首大学[公办],,电子信息工程,,,537,51825
0954,吉首大学[公办],,通信工程,,,536,52757
0954,吉首大学[公办],,软件工程,,,539,49949
0954,吉首大学[公办],,土木工程,,,524,64450
0954,吉首大学[公办],,制药工程,,,522,66475
0954,吉首大学[公办],,食品科学与工程,,,524,64450
0954,吉首大学[公办],,临床医学,,,539,49949
0954,吉首大学[公办],,针灸推拿学,,,511,78116
0954,吉首大学[公办],,药学,,,523,65475
0954,吉首大学[公办],,医学检验技术,,,523,65475
0955,吉首大学张家界学院[独立学院],,电子信息工程,,,465,133566
0955,吉首大学张家界学院[独立学院],,计算机科学与技术,,,477,118522
0955,吉首大学张家界学院[独立学院],,软件工程,,,472,124770
0955,吉首大学张家界学院[独立学院],,土木工程,,,458,142250
0955,吉首大学张家界学院[独立学院],,旅游管理,,,459,141008
0956,集美大学诚毅学院(厦门市)[独立学院],,财政学,,,476,119752
0956,集美大学诚毅学院(厦门市)[独立学院],,金融学,,,484,109959
0956,集美大学诚毅学院(厦门市)[独立学院],,金融工程,,,476,119752
0956,集美大学诚毅学院(厦门市)[独立学院],,国际经济与贸易,,,477,118522
0956,集美大学诚毅学院(厦门市)[独立学院],,机械工程,,,470,127253
0956,集美大学诚毅学院(厦门市)[独立学院],,智能制造工程,,,475,120971
0956,集美大学诚毅学院(厦门市)[独立学院],,电子信息工程,,,485,108714
0956,集美大学诚毅学院(厦门市)[独立学院],,通信工程,,,482,112324
0956,集美大学诚毅学院(厦门市)[独立学院],,自动化,,,484,109959
0956,集美大学诚毅学院(厦门市)[独立学院],,计算机科学与技术,,,487,106171
0956,集美大学诚毅学院(厦门市)[独立学院],,软件工程,,,485,108714
0956,集美大学诚毅学院(厦门市)[独立学院],,网络工程,,,477,118522
0956,集美大学诚毅学院(厦门市)[独立学院],,物联网工程,,,478,117259
0956,集美大学诚毅学院(厦门市)[独立学院],,数字媒体技术,,,484,109959
0956,集美大学诚毅学院(厦门市)[独立学院],,数据科学与大数据技术,,,479,116040
0956,集美大学诚毅学院(厦门市)[独立学院],,工程管理,,,471,126020
0956,集美大学诚毅学院(厦门市)[独立学院],,工商管理,,,488,104962
0956,集美大学诚毅学院(厦门市)[独立学院],,会计学,,,481,113547
0956,集美大学诚毅学院(厦门市)[独立学院],,供应链管理,,,471,126020
0958,集美大学(厦门市)[公办],,经济学,,,566,27894
0958,集美大学(厦门市)[公办],,财政学,,,563,30033
0958,集美大学(厦门市)[公办],,金融学,,,566,27894
0958,集美大学(厦门市)[公办],,英语,,,565,28568
0958,集美大学(厦门市)[公办],,应用物理学,,,550,40256
0958,集美大学(厦门市)[公办],,机械设计制造及其自动化,,,562,30764
0958,集美大学(厦门市)[公办],,机械电子工程,,,559,33069
0958,集美大学(厦门市)[公办],,能源与动力工程,,,558,33822
0958,集美大学(厦门市)[公办],,电气工程及其自动化,,,564,29282
0958,集美大学(厦门市)[公办],,电子信息工程,,,569,25895
0958,集美大学(厦门市)[公办],,微电子科学与工程,,,561,31495
0958,集美大学(厦门市)[公办],,光电信息科学与工程,,,561,31495
0958,集美大学(厦门市)[公办],,软件工程,,,567,27220
0958,集美大学(厦门市)[公办],,数据科学与大数据技术,,,566,27894
0958,集美大学(厦门市)[公办],,网络空间安全,,,563,30033
0958,集美大学(厦门市)[公办],,交通运输,,,557,34586
0958,集美大学(厦门市)[公办],,轮机工程(船机修造方向),,,538,50883
0958,集美大学(厦门市)[公办],,船舶与海洋工程,,,549,41073
0958,集美大学(厦门市)[公办],,环境工程,,,547,42788
0958,集美大学(厦门市)[公办],,生物工程,,,548,41891
0958,集美大学(厦门市)[公办],,水产养殖学,,,539,49949
0958,集美大学(厦门市)[公办],,海洋渔业科学与技术,,,542,47194
0958,集美大学(厦门市)[公办],,水生动物医学,,,533,55500
0958,集美大学(厦门市)[公办],,会计学,,,570,25269
0958,集美大学(厦门市)[公办],,戏剧影视文学,,,545,44494
0960,济南大学[公办],,经济学类,,,562,30764
0960,济南大学[公办],,金融数学,,,555,36191
0960,济南大学[公办],,法学,,,560,32247
0960,济南大学[公办],,社会工作,,,555,36191
0960,济南大学[公办],,思想政治教育,,,564,29282
0960,济南大学[公办],,特殊教育,,,543,46278
0960,济南大学[公办],,中国语言文学类,,,565,28568
0960,济南大学[公办],,英语,,,564,29282
0960,济南大学[公办],,新闻传播学类,,,559,33069
0960,济南大学[公办],,数学与应用数学,,,563,30033
0960,济南大学[公办],,物理学,,,554,36948
0960,济南大学[公办],,化学类,,,548,41891
0960,济南大学[公办],,生物技术,,,555,36191
0960,济南大学[公办],,应用心理学,,,555,36191
0960,济南大学[公办],,机械类,,,555,36191
0960,济南大学[公办],,工业设计,,,553,37725
0960,济南大学[公办],,材料类,,,532,56540
0960,济南大学[公办],,新能源科学与工程,,,556,35406
0960,济南大学[公办],,电子信息类,,,564,29282
0960,济南大学[公办],,光电信息科学与工程,,,558,33822
0960,济南大学[公办],,人工智能,,,565,28568
0960,济南大学[公办],,自动化类,,,560,32247
0960,济南大学[公办],,计算机类,,,571,24634
0960,济南大学[公办],,数据科学与大数据技术,,,566,27894
0960,济南大学[公办],,土木类,,,547,42788
0960,济南大学[公办],,水利类,,,547,42788
0960,济南大学[公办],,化工与制药类,,,544,45381
0960,济南大学[公办],,制药工程,,,555,36191
0960,济南大学[公办],,环境科学与工程类,,,545,44494
0960,济南大学[公办],,建筑类,,,551,40256
0960,济南大学[公办],,药学,,,555,36191
0960,济南大学[公办],,大数据管理与应用,,,561,31495
0960,济南大学[公办],,应急管理,,,544,45381
0960,济南大学[公办],,工商管理类,,,561,31495
0960,济南大学[公办],,公共管理类,,,557,34586
0960,济南大学[公办],,公共事业管理,,,544,45381
0960,济南大学[公办],,标准化工程,,,544,45381
0960,济南大学[公办],,旅游管理类,,,535,53694
0964,济宁学院[公办],,安全工程,,,487,106171
0965,济宁医学院[公办],,食品质量与安全,,,514,74839
0965,济宁医学院[公办],,临床医学,,,537,51825
0965,济宁医学院[公办],,医学影像学,,,537,51825
0965,济宁医学院[公办],,精神医学,,,518,70669
0965,济宁医学院[公办],,口腔医学,,,545,44494
0965,济宁医学院[公办],,预防医学,,,518,70669
0965,济宁医学院[公办],,针灸推拿学,,,510,79317
0965,济宁医学院[公办],,中西医临床医学,,,521,67552
0965,济宁医学院[公办],,药学,,,517,71732
0965,济宁医学院[公办],,药物制剂,,,513,75878
0965,济宁医学院[公办],,中药学,,,514,74839
0965,济宁医学院[公办],,法医学,,,524,64450
0965,济宁医学院[公办],,医学检验技术,,,518,70669
0965,济宁医学院[公办],,康复治疗学,,,510,79317
0965,济宁医学院[公办],,卫生检验与检疫,,,512,76936
0965,济宁医学院[公办],,护理学,,,508,81575
0968,暨南大学[公办],,经济统计学,,,596,11399
0968,暨南大学[公办],,金融工程,,,598,10589
0968,暨南大学[公办],,国际经济与贸易,,,595,11821
0968,暨南大学[公办],,化学,,,588,14950
0968,暨南大学[公办],,应用化学,,,586,15960
0968,暨南大学[公办],,生态学,,,581,18643
0968,暨南大学[公办],,工程力学,,,588,14950
0968,暨南大学[公办],,电子科学与技术,,,598,10589
0968,暨南大学[公办],,光电信息科学与工程,,,597,10996
0968,暨南大学[公办],,人工智能,,,597,10996
0968,暨南大学[公办],,自动化,,,601,9445
0968,暨南大学[公办],,计算机科学与技术,,,599,10212
0968,暨南大学[公办],,物联网工程,,,599,10212
0968,暨南大学[公办],,网络空间安全,,,598,10589
0968,暨南大学[公办],,土木工程,,,585,16469
0968,暨南大学[公办],,包装工程,,,584,17032
0968,暨南大学[公办],,环境科学与工程,,,583,17536
0968,暨南大学[公办],,生物医学工程,,,592,13125
0968,暨南大学[公办],,临床医学,,,599,10212
0968,暨南大学[公办],,口腔医学,,,605,8076
0968,暨南大学[公办],,中药学,,,582,18065
0968,暨南大学[公办],,电子商务,,,591,13583
0968,暨南大学[公办],,经济学(中外合作办学),,,568,26529
0968,暨南大学[公办],,经济统计学(中外合作办学),,,571,24634
0968,暨南大学[公办],,数学与应用数学(中外合作办学),,,563,30033
0968,暨南大学[公办],,信息与计算科学(中外合作办学),,,566,27894
0971,佳木斯大学[公办],,汉语言文学,,,507,82620
0971,佳木斯大学[公办],,英语,,,503,87191
0971,佳木斯大学[公办],,数学与应用数学,,,501,89173
0971,佳木斯大学[公办],,物理学,,,499,91783
0971,佳木斯大学[公办],,地理科学,,,497,94131
0971,佳木斯大学[公办],,电气工程及其自动化,,,505,84880
0971,佳木斯大学[公办],,电子信息工程,,,508,81575
0971,佳木斯大学[公办],,通信工程,,,506,83767
0971,佳木斯大学[公办],,自动化,,,503,87191
0971,佳木斯大学[公办],,计算机科学与技术,,,512,76936
0971,佳木斯大学[公办],,临床医学,,,512,76936
0971,佳木斯大学[公办],,药学,,,494,97686
0971,佳木斯大学[公办],,医学检验技术,,,498,92962
0971,佳木斯大学[公办],,康复治疗学,,,493,98867
0971,佳木斯大学[公办],,护理学,,,496,95288
0973,嘉兴南湖学院[公办],,机械设计制造及其自动化,,,502,88336
0973,嘉兴南湖学院[公办],,工业设计,,,494,97686
0973,嘉兴南湖学院[公办],,智能制造工程,,,502,88336
0973,嘉兴南湖学院[公办],,测控技术与仪器,,,492,100090
0973,嘉兴南湖学院[公办],,电气工程及其自动化,,,505,84880
0973,嘉兴南湖学院[公办],,电子信息工程,,,505,84880
0973,嘉兴南湖学院[公办],,计算机科学与技术,,,520,68611
0973,嘉兴南湖学院[公办],,土木工程,,,496,95288
0973,嘉兴南湖学院[公办],,工程管理,,,497,94131
0973,嘉兴南湖学院[公办],,大数据管理与应用,,,505,84880
0974,嘉兴学院[公办],,数学与应用数学,,,519,69642
0974,嘉兴学院[公办],,应用化学,,,503,87191
0974,嘉兴学院[公办],,机械设计制造及其自动化,,,521,67552
0974,嘉兴学院[公办],,车辆工程,,,515,73836
0974,嘉兴学院[公办],,高分子材料与工程,,,504,86042
0974,嘉兴学院[公办],,电气工程及其自动化,,,525,63402
0974,嘉兴学院[公办],,电子信息工程,,,527,61435
0974,嘉兴学院[公办],,机器人工程,,,519,69642
0974,嘉兴学院[公办],,计算机科学与技术,,,531,57544
0974,嘉兴学院[公办],,化学工程与工艺,,,503,87191
0974,嘉兴学院[公办],,制药工程,,,506,83767
0974,嘉兴学院[公办],,纺织工程,,,492,100090
0974,嘉兴学院[公办],,轻化工程,,,498,92962
0974,嘉兴学院[公办],,生物工程,,,505,84880
0974,嘉兴学院[公办],,临床医学,,,526,62390
0974,嘉兴学院[公办],,信息管理与信息系统,,,521,67552
0974,嘉兴学院[公办],,工程管理,,,509,80441
0978,江汉大学(武汉市)[公办],,环境工程,,,525,63402
0981,江南大学(无锡市)[公办],,教育技术学(师范),,,582,18065
0981,江南大学(无锡市)[公办],,英语,,,589,14462
0981,江南大学(无锡市)[公办],,信息与计算科学,,,596,11399
0981,江南大学(无锡市)[公办],,应用化学,,,584,17032
0981,江南大学(无锡市)[公办],,机械工程,,,591,13583
0981,江南大学(无锡市)[公办],,工业设计,,,595,11821
0981,江南大学(无锡市)[公办],,过程装备与控制工程,,,586,15960
0981,江南大学(无锡市)[公办],,高分子材料与工程,,,586,15960
0981,江南大学(无锡市)[公办],,微电子科学与工程,,,597,10996
0981,江南大学(无锡市)[公办],,光电信息科学与工程,,,594,12236
0981,江南大学(无锡市)[公办],,人工智能,,,597,10996
0981,江南大学(无锡市)[公办],,自动化,,,597,10996
0981,江南大学(无锡市)[公办],,机器人工程,,,595,11821
0981,江南大学(无锡市)[公办],,计算机科学与技术,,,604,8390
0981,江南大学(无锡市)[公办],,物联网工程,,,599,10212
0981,江南大学(无锡市)[公办],,数字媒体技术,,,597,10996
0981,江南大学(无锡市)[公办],,土木工程,,,587,15439
0981,江南大学(无锡市)[公办],,化学工程与工艺,,,580,19205
0981,江南大学(无锡市)[公办],,纺织工程,,,570,25269
0981,江南大学(无锡市)[公办],,服装设计与工程,,,570,25269
0981,江南大学(无锡市)[公办],,轻化工程,,,577,20936
0981,江南大学(无锡市)[公办],,环境工程,,,579,19795
0981,江南大学(无锡市)[公办],,环境科学,,,576,21536
0981,江南大学(无锡市)[公办],,食品科学与工程,,,593,12676
0981,江南大学(无锡市)[公办],,食品质量与安全,,,587,15439
0981,江南大学(无锡市)[公办],,生物工程(国家生命科学与技术人才培养基地班),,,589,14462
0981,江南大学(无锡市)[公办],,临床医学,,,596,11399
0981,江南大学(无锡市)[公办],,药学,,,584,17032
0981,江南大学(无锡市)[公办],,大数据管理与应用,,,597,10996
0981,江南大学(无锡市)[公办],,会计学,,,592,13125
0989,江苏大学(镇江市)[公办],,化学类,,,563,30033
0989,江苏大学(镇江市)[公办],,统计学,,,573,23356
0989,江苏大学(镇江市)[公办],,机械设计制造及其自动化,,,579,19795
0989,江苏大学(镇江市)[公办],,车辆工程,,,572,23984
0989,江苏大学(镇江市)[公办],,智能制造工程,,,574,22729
0989,江苏大学(镇江市)[公办],,材料类,,,563,30033
0989,江苏大学(镇江市)[公办],,金属材料工程,,,560,32247
0989,江苏大学(镇江市)[公办],,复合材料与工程,,,562,30764
0989,江苏大学(镇江市)[公办],,能源与动力工程,,,565,28568
0989,江苏大学(镇江市)[公办],,新能源科学与工程,,,577,20936
0989,江苏大学(镇江市)[公办],,电气工程及其自动化,,,583,17536
0989,江苏大学(镇江市)[公办],,电子信息工程,,,585,16469
0989,江苏大学(镇江市)[公办],,计算机科学与技术,,,588,14950
0989,江苏大学(镇江市)[公办],,软件工程,,,584,17032
0989,江苏大学(镇江市)[公办],,物联网工程,,,582,18065
0989,江苏大学(镇江市)[公办],,交通运输,,,571,24634
0989,江苏大学(镇江市)[公办],,农业机械化及其自动化,,,564,29282
0989,江苏大学(镇江市)[公办],,环境工程,,,559,33069
0989,江苏大学(镇江市)[公办],,食品科学与工程类,,,560,32247
0989,江苏大学(镇江市)[公办],,安全工程,,,568,26529
0989,江苏大学(镇江市)[公办],,临床医学,,,581,18643
0989,江苏大学(镇江市)[公办],,医学影像学,,,580,19205
0989,江苏大学(镇江市)[公办],,药学类,,,562,30764
0989,江苏大学(镇江市)[公办],,医学检验技术,,,564,29282
0989,江苏大学(镇江市)[公办],,信息管理与信息系统,,,573,23356
0990,江苏第二师范学院(南京市)[公办],,科学教育(师范),,,523,65475
0990,江苏第二师范学院(南京市)[公办],,数学与应用数学(师范),,,534,54574
0994,江苏海洋大学(连云港市)[公办],,数学与应用数学,,,543,46278
0994,江苏海洋大学(连云港市)[公办],,信息与计算科学,,,538,50883
0994,江苏海洋大学(连云港市)[公办],,海洋科学,,,528,60450
0994,江苏海洋大学(连云港市)[公办],,海洋技术,,,523,65475
0994,江苏海洋大学(连云港市)[公办],,海洋资源与环境,,,522,66475
0994,江苏海洋大学(连云港市)[公办],,机械电子工程,,,535,53694
0994,江苏海洋大学(连云港市)[公办],,高分子材料与工程,,,515,73836
0994,江苏海洋大学(连云港市)[公办],,新能源科学与工程,,,547,42788
0994,江苏海洋大学(连云港市)[公办],,电气工程及其自动化,,,542,47194
0994,江苏海洋大学(连云港市)[公办],,电子信息工程,,,541,48106
0994,江苏海洋大学(连云港市)[公办],,通信工程,,,541,48106
0994,江苏海洋大学(连云港市)[公办],,光电信息科学与工程,,,537,51825
0994,江苏海洋大学(连云港市)[公办],,海洋信息工程,,,524,64450
0994,江苏海洋大学(连云港市)[公办],,自动化,,,545,44494
0994,江苏海洋大学(连云港市)[公办],,计算机科学与技术,,,549,41073
0994,江苏海洋大学(连云港市)[公办],,网络工程,,,541,48106
0994,江苏海洋大学(连云港市)[公办],,土木工程,,,524,64450
0994,江苏海洋大学(连云港市)[公办],,港口航道与海岸工程,,,524,64450
0994,江苏海洋大学(连云港市)[公办],,测绘工程,,,520,68611
0994,江苏海洋大学(连云港市)[公办],,遥感科学与技术,,,527,61435
0994,江苏海洋大学(连云港市)[公办],,化学工程与工艺,,,516,72762
0994,江苏海洋大学(连云港市)[公办],,环境工程,,,525,63402
0994,江苏海洋大学(连云港市)[公办],,生物工程,,,520,68611
0994,江苏海洋大学(连云港市)[公办],,水产养殖学,,,510,79317
0994,江苏海洋大学(连云港市)[公办],,机器人工程(中外合作办学),,,509,80441
0994,江苏海洋大学(连云港市)[公办],,船舶与海洋工程(中外合作办学),,,506,83767
1000,江苏警官学院(南京市)[公办],,法学,,,545,44494
1000,江苏警官学院(南京市)[公办],,计算机科学与技术,,,539,49949
1000,江苏警官学院(南京市)[公办],,行政管理,,,529,59504
1002,江苏科技大学苏州理工学院(张家港市)[独立学院],,新能源材料与器件,,,476,119752
1002,江苏科技大学苏州理工学院(张家港市)[独立学院],,能源与动力工程,,,476,119752
1002,江苏科技大学苏州理工学院(张家港市)[独立学院],,信息管理与信息系统,,,485,108714
1002,江苏科技大学苏州理工学院(张家港市)[独立学院],,工程造价,,,474,122219
1003,江苏科技大学(镇江市)[公办],,应用物理学,,,551,40256
1003,江苏科技大学(镇江市)[公办],,生物技术,,,553,37725
1003,江苏科技大学(镇江市)[公办],,应用统计学,,,558,33822
1003,江苏科技大学(镇江市)[公办],,工程力学,,,550,40256
1003,江苏科技大学(镇江市)[公办],,机械类,,,556,35406
1003,江苏科技大学(镇江市)[公办],,工业设计,,,557,34586
1003,江苏科技大学(镇江市)[公办],,测控技术与仪器,,,556,35406
1003,江苏科技大学(镇江市)[公办],,材料类,,,545,44494
1003,江苏科技大学(镇江市)[公办],,能源动力类,,,557,34586
1003,江苏科技大学(镇江市)[公办],,电气工程及其自动化,,,564,29282
1003,江苏科技大学(镇江市)[公办],,电子信息类,,,562,30764
1003,江苏科技大学(镇江市)[公办],,光电信息科学与工程,,,561,31495
1003,江苏科技大学(镇江市)[公办],,电子封装技术,,,554,36948
1003,江苏科技大学(镇江市)[公办],,人工智能,,,565,28568
1003,江苏科技大学(镇江市)[公办],,自动化,,,565,28568
1003,江苏科技大学(镇江市)[公办],,土木工程,,,554,36948
1003,江苏科技大学(镇江市)[公办],,建筑环境与能源应用工程,,,548,41891
1003,江苏科技大学(镇江市)[公办],,给排水科学与工程,,,549,41073
1003,江苏科技大学(镇江市)[公办],,港口航道与海岸工程,,,552,38584
1003,江苏科技大学(镇江市)[公办],,海洋工程类,,,562,30764
1003,江苏科技大学(镇江市)[公办],,食品科学与工程类,,,549,41073
1003,江苏科技大学(镇江市)[公办],,生物工程,,,549,41073
1003,江苏科技大学(镇江市)[公办],,管理科学与工程类,,,556,35406
1003,江苏科技大学(镇江市)[公办],,工业工程,,,552,38584
1004,江苏理工学院[公办],,金融学,,,516,72762
1004,江苏理工学院[公办],,应用化学,,,509,80441
1004,江苏理工学院[公办],,材料成型及控制工程,,,504,86042
1004,江苏理工学院[公办],,智能车辆工程,,,517,71732
1004,江苏理工学院[公办],,金属材料工程,,,502,88336
1004,江苏理工学院[公办],,功能材料,,,502,88336
1004,江苏理工学院[公办],,会计学,,,530,58518
1007,江苏师范大学科文学院[独立学院],,经济学,,,466,132235
1007,江苏师范大学科文学院[独立学院],,汉语言文学,,,478,117259
1007,江苏师范大学科文学院[独立学院],,商务英语,,,466,132235
1007,江苏师范大学科文学院[独立学院],,电气工程及其自动化,,,467,130969
1007,江苏师范大学科文学院[独立学院],,电气工程与智能控制,,,463,136058
1007,江苏师范大学科文学院[独立学院],,物联网工程,,,470,127253
1007,江苏师范大学科文学院[独立学院],,数据科学与大数据技术,,,473,123482
1008,江苏师范大学(徐州市)[公办],,经济学,,,564,29282
1008,江苏师范大学(徐州市)[公办],,英语,,,575,22143
1008,江苏师范大学(徐州市)[公办],,数学与应用数学,,,572,23984
1008,江苏师范大学(徐州市)[公办],,化学,,,565,28568
1008,江苏师范大学(徐州市)[公办],,生物科学,,,568,26529
1008,江苏师范大学(徐州市)[公办],,电气工程及其自动化,,,558,33822
1008,江苏师范大学(徐州市)[公办],,智能科学与技术,,,559,33069
1008,江苏师范大学(徐州市)[公办],,数据科学与大数据技术,,,559,33069
1012,江西财经大学(南昌市)[公办],,经济学(数理经济实验班),,,594,12236
1012,江西财经大学(南昌市)[公办],,经济统计学,,,585,16469
1012,江西财经大学(南昌市)[公办],,数字经济,,,584,17032
1012,江西财经大学(南昌市)[公办],,税收学(数字税收),,,590,14004
1012,江西财经大学(南昌市)[公办],,金融学(CFA方向),,,596,11399
1012,江西财经大学(南昌市)[公办],,金融学(FRM方向),,,589,14462
1012,江西财经大学(南昌市)[公办],,国际经济与贸易(CITF方向),,,577,20936
1012,江西财经大学(南昌市)[公办],,国际经济与贸易(数字贸易),,,582,18065
1012,江西财经大学(南昌市)[公办],,法学(数据法学),,,585,16469
1012,江西财经大学(南昌市)[公办],,社会工作(数字社会治理),,,548,41891
1012,江西财经大学(南昌市)[公办],,日语(商务方向),,,555,36191
1012,江西财经大学(南昌市)[公办],,信息与计算科学(经济计量),,,571,24634
1012,江西财经大学(南昌市)[公办],,应用统计学,,,579,19795
1012,江西财经大学(南昌市)[公办],,计算机科学与技术(财经大数据管理),,,582,18065
1012,江西财经大学(南昌市)[公办],,物联网工程,,,578,20380
1012,江西财经大学(南昌市)[公办],,数据科学与大数据技术,,,579,19795
1012,江西财经大学(南昌市)[公办],,虚拟现实技术,,,578,20380
1012,江西财经大学(南昌市)[公办],,信息管理与信息系统(金融智能),,,574,22729
1012,江西财经大学(南昌市)[公办],,工程管理(投资与造价),,,564,29282
1012,江西财经大学(南昌市)[公办],,房地产开发与管理(投资与评估),,,541,48106
1012,江西财经大学(南昌市)[公办],,市场营销(国际营销),,,553,37725
1012,江西财经大学(南昌市)[公办],,会计学,,,587,15439
1012,江西财经大学(南昌市)[公办],,会计学(智能会计),,,594,12236
1012,江西财经大学(南昌市)[公办],,会计学(ACCA),,,593,12676
1012,江西财经大学(南昌市)[公办],,会计学(国际会计),,,582,18065
1012,江西财经大学(南昌市)[公办],,会计学(注册会计师),,,589,14462
1012,江西财经大学(南昌市)[公办],,国际商务(IPMP方向),,,570,25269
1012,江西财经大学(南昌市)[公办],,土地资源管理(评估与规划),,,558,33822
1012,江西财经大学(南昌市)[公办],,物流管理(智慧供应链),,,554,36948
1012,江西财经大学(南昌市)[公办],,电子商务(商务大数据分析),,,571,24634
1012,江西财经大学(南昌市)[公办],,旅游管理(数字文旅),,,551,40256
1013,江西财经大学现代经济管理学院[独立学院],,计算机科学与技术,,,472,124770
1013,江西财经大学现代经济管理学院[独立学院],,信息管理与信息系统,,,460,139765
1013,江西财经大学现代经济管理学院[独立学院],,工程管理,,,460,139765
1013,江西财经大学现代经济管理学院[独立学院],,工程造价,,,460,139765
1013,江西财经大学现代经济管理学院[独立学院],,大数据管理与应用,,,461,138513
1013,江西财经大学现代经济管理学院[独立学院],,工程审计,,,464,134859
1013,江西财经大学现代经济管理学院[独立学院],,会计学,,,471,126020
1013,江西财经大学现代经济管理学院[独立学院],,会计学(注册会计师),,,475,120971
1013,江西财经大学现代经济管理学院[独立学院],,财务管理,,,466,132235
1013,江西财经大学现代经济管理学院[独立学院],,人力资源管理,,,463,136058
1013,江西财经大学现代经济管理学院[独立学院],,物流管理,,,460,139765
1013,江西财经大学现代经济管理学院[独立学院],,电子商务,,,464,134859
1025,江西科技师范大学(南昌市)[公办],,国际经济与贸易,,,524,64450
1025,江西科技师范大学(南昌市)[公办],,法学(企业法律实务),,,532,56540
1025,江西科技师范大学(南昌市)[公办],,思想政治教育(师范),,,533,55500
1025,江西科技师范大学(南昌市)[公办],,学前教育(师范),,,520,68611
1025,江西科技师范大学(南昌市)[公办],,英语(师范),,,543,46278
1025,江西科技师范大学(南昌市)[公办],,数学与应用数学(师范),,,540,49002
1025,江西科技师范大学(南昌市)[公办],,化学(师范),,,530,58518
1025,江西科技师范大学(南昌市)[公办],,应用化学(含职教师范),,,519,69642
1025,江西科技师范大学(南昌市)[公办],,生物科学(师范),,,536,52757
1025,江西科技师范大学(南昌市)[公办],,机械设计制造及其自动化(含职教师范),,,518,70669
1025,江西科技师范大学(南昌市)[公办],,机械电子工程(含职教师范),,,512,76936
1025,江西科技师范大学(南昌市)[公办],,材料化学,,,512,76936
1025,江西科技师范大学(南昌市)[公办],,人工智能,,,531,57544
1025,江西科技师范大学(南昌市)[公办],,计算机科学与技术,,,548,41891
1025,江西科技师范大学(南昌市)[公办],,计算机科学与技术(泰豪),,,528,60450
1025,江西科技师范大学(南昌市)[公办],,虚拟现实技术(泰豪),,,523,65475
1025,江西科技师范大学(南昌市)[公办],,制药工程(含职教师范),,,508,81575
1025,江西科技师范大学(南昌市)[公办],,会计学(国际会计),,,541,48106
1025,江西科技师范大学(南昌市)[公办],,物流管理(含职教师范),,,517,71732
1026,江西科技学院(南昌市)[民办],,教育学,,,447,155919
1026,江西科技学院(南昌市)[民办],,智能制造工程,,,443,160819
1026,江西科技学院(南昌市)[民办],,人工智能,,,445,158356
1026,江西科技学院(南昌市)[民办],,计算机科学与技术,,,453,148600
1026,江西科技学院(南昌市)[民办],,软件工程,,,448,154772
1026,江西科技学院(南昌市)[民办],,工程造价,,,451,151103
1026,江西科技学院(南昌市)[民办],,大数据管理与应用,,,454,147340
1028,江西理工大学[公办],,国际经济与贸易,,,536,52757
1028,江西理工大学[公办],,信息与计算科学,,,545,44494
1028,江西理工大学[公办],,地理信息科学,,,529,59504
1028,江西理工大学[公办],,机械工程,,,536,52757
1028,江西理工大学[公办],,材料成型及控制工程,,,525,63402
1028,江西理工大学[公办],,机械电子工程,,,538,50883
1028,江西理工大学[公办],,智能制造工程,,,542,47194
1028,江西理工大学[公办],,材料科学与工程,,,527,61435
1028,江西理工大学[公办],,冶金工程,,,517,71732
1028,江西理工大学[公办],,金属材料工程,,,516,72762
1028,江西理工大学[公办],,能源与动力工程,,,537,51825
1028,江西理工大学[公办],,新能源科学与工程,,,535,53694
1028,江西理工大学[公办],,电气工程及其自动化,,,545,44494
1028,江西理工大学[公办],,电子信息类,,,544,45381
1028,江西理工大学[公办],,电子科学与技术,,,541,48106
1028,江西理工大学[公办],,电子信息科学与技术,,,543,46278
1028,江西理工大学[公办],,自动化,,,543,46278
1028,江西理工大学[公办],,机器人工程,,,542,47194
1028,江西理工大学[公办],,计算机类,,,549,41073
1028,江西理工大学[公办],,软件工程(软件开发方向),,,547,42788
1028,江西理工大学[公办],,软件工程(土木方向),,,538,50883
1028,江西理工大学[公办],,软件工程(会计方向),,,541,48106
1028,江西理工大学[公办],,软件工程(金融方向),,,541,48106
1028,江西理工大学[公办],,软件工程(物联网方向),,,544,45381
1028,江西理工大学[公办],,虚拟现实技术,,,544,45381
1028,江西理工大学[公办],,土木类,,,525,63402
1028,江西理工大学[公办],,测绘工程,,,528,60450
1028,江西理工大学[公办],,化学工程与工艺,,,527,61435
1028,江西理工大学[公办],,矿业类,,,510,79317
1028,江西理工大学[公办],,环境工程,,,519,69642
1028,江西理工大学[公办],,城乡规划,,,531,57544
1028,江西理工大学[公办],,安全工程,,,524,64450
1028,江西理工大学[公办],,生物工程,,,521,67552
1028,江西理工大学[公办],,工程管理,,,532,56540
1028,江西理工大学[公办],,工程造价,,,536,52757
1028,江西理工大学[公办],,工商管理,,,536,52757
1028,江西理工大学[公办],,会计学,,,546,43628
1028,江西理工大学[公办],,电子科学与技术(中外合作办学),,,522,66475
1028,江西理工大学[公办],,采矿工程(中外合作办学),,,489,103748
1029,江西农业大学南昌商学院[独立学院],,数字经济,,,492,100090
1029,江西农业大学南昌商学院[独立学院],,国际经济与贸易,,,458,142250
1029,江西农业大学南昌商学院[独立学院],,日语,,,466,132235
1029,江西农业大学南昌商学院[独立学院],,广告学,,,468,129759
1029,江西农业大学南昌商学院[独立学院],,电子信息工程,,,458,142250
1029,江西农业大学南昌商学院[独立学院],,物联网工程,,,460,139765
1029,江西农业大学南昌商学院[独立学院],,工程管理,,,456,144801
1029,江西农业大学南昌商学院[独立学院],,大数据管理与应用,,,460,139765
1029,江西农业大学南昌商学院[独立学院],,工商管理,,,462,137255
1029,江西农业大学南昌商学院[独立学院],,审计学,,,467,130969
1029,江西农业大学南昌商学院[独立学院],,物流管理,,,456,144801
1029,江西农业大学南昌商学院[独立学院],,电子商务,,,460,139765
1029,江西农业大学南昌商学院[独立学院],,旅游管理,,,457,143500
1030,江西农业大学(南昌市)[公办],,英语,,,519,69642
1030,江西农业大学(南昌市)[公办],,应用化学,,,511,78116
1030,江西农业大学(南昌市)[公办],,生物技术,,,508,81575
1030,江西农业大学(南昌市)[公办],,材料化学,,,502,88336
1030,江西农业大学(南昌市)[公办],,电子信息工程,,,523,65475
1030,江西农业大学(南昌市)[公办],,物联网工程,,,528,60450
1030,江西农业大学(南昌市)[公办],,土木工程,,,518,70669
1030,江西农业大学(南昌市)[公办],,制药工程,,,511,78116
1030,江西农业大学(南昌市)[公办],,农业机械化及其自动化,,,509,80441
1030,江西农业大学(南昌市)[公办],,环境科学与工程(中外高水平大学学生交流计划),,,493,98867
1030,江西农业大学(南昌市)[公办],,食品科学与工程,,,509,80441
1030,江西农业大学(南昌市)[公办],,生物工程,,,509,80441
1030,江西农业大学(南昌市)[公办],,园艺,,,502,88336
1030,江西农业大学(南昌市)[公办],,植物保护,,,505,84880
1030,江西农业大学(南昌市)[公办],,种子科学与工程,,,507,82620
1030,江西农业大学(南昌市)[公办],,动物科学,,,496,95288
1030,江西农业大学(南昌市)[公办],,动物医学,,,504,86042
1030,江西农业大学(南昌市)[公办],,动植物检疫,,,503,87191
1030,江西农业大学(南昌市)[公办],,水产养殖学,,,495,96518
1035,江西师范大学科学技术学院[独立学院],,金融工程,,,460,139765
1035,江西师范大学科学技术学院[独立学院],,学前教育,,,463,136058
1035,江西师范大学科学技术学院[独立学院],,小学教育,,,466,132235
1035,江西师范大学科学技术学院[独立学院],,电子信息工程,,,460,139765
1035,江西师范大学科学技术学院[独立学院],,会计学,,,466,132235
1035,江西师范大学科学技术学院[独立学院],,物流管理,,,458,142250
1036,江西师范大学(南昌市)[公办],,经济学,,,549,41073
1036,江西师范大学(南昌市)[公办],,金融学,,,549,41073
1036,江西师范大学(南昌市)[公办],,小学教育,,,547,42788
1036,江西师范大学(南昌市)[公办],,英语,,,563,30033
1036,江西师范大学(南昌市)[公办],,数学与应用数学,,,556,35406
1036,江西师范大学(南昌市)[公办],,物理学,,,552,38584
1036,江西师范大学(南昌市)[公办],,化学类,,,546,43628
1036,江西师范大学(南昌市)[公办],,地理科学类,,,551,40256
1036,江西师范大学(南昌市)[公办],,生物科学,,,551,40256
1036,江西师范大学(南昌市)[公办],,心理学类,,,555,36191
1036,江西师范大学(南昌市)[公办],,统计学,,,562,30764
1036,江西师范大学(南昌市)[公办],,电子信息类,,,553,37725
1036,江西师范大学(南昌市)[公办],,人工智能,,,549,41073
1036,江西师范大学(南昌市)[公办],,计算机科学与技术,,,551,40256
1036,江西师范大学(南昌市)[公办],,计算机科学与技术,,,548,41891
1036,江西师范大学(南昌市)[公办],,数据科学与大数据技术,,,557,34586
1036,江西师范大学(南昌市)[公办],,建筑学,,,541,48106
1036,江西师范大学(南昌市)[公办],,会计学,,,555,36191
1050,江西应用科技学院[民办],,宝石及材料工艺学,,,,
1050,江西应用科技学院[民办],,水利水电工程,,,442,162050
1051,江西中医药大学(南昌市)[公办],,保险学,,,501,89173
1051,江西中医药大学(南昌市)[公办],,应用心理学,,,530,58518
1051,江西中医药大学(南昌市)[公办],,医学信息工程,,,525,63402
1051,江西中医药大学(南昌市)[公办],,计算机科学与技术,,,530,58518
1051,江西中医药大学(南昌市)[公办],,中医学,,,557,34586
1051,江西中医药大学(南昌市)[公办],,针灸推拿学,,,532,56540
1051,江西中医药大学(南昌市)[公办],,中医养生学,,,513,75878
1051,江西中医药大学(南昌市)[公办],,中医骨伤科学,,,525,63402
1051,江西中医药大学(南昌市)[公办],,中西医临床医学,,,532,56540
1051,江西中医药大学(南昌市)[公办],,药学,,,527,61435
1051,江西中医药大学(南昌市)[公办],,中药学,,,527,61435
1051,江西中医药大学(南昌市)[公办],,中药制药,,,515,73836
1051,江西中医药大学(南昌市)[公办],,医学影像技术,,,524,64450
1051,江西中医药大学(南昌市)[公办],,康复治疗学,,,511,78116
1051,江西中医药大学(南昌市)[公办],,护理学,,,513,75878
1051,江西中医药大学(南昌市)[公办],,市场营销,,,507,82620
1051,江西中医药大学(南昌市)[公办],,健康服务与管理,,,510,79317
1058,金陵科技学院(南京市)[公办],,国际经济与贸易,,,522,66475
1058,金陵科技学院(南京市)[公办],,复合材料与工程,,,513,75878
1058,金陵科技学院(南京市)[公办],,宝石及材料工艺学,,,519,69642
1058,金陵科技学院(南京市)[公办],,通信工程,,,536,52757
1058,金陵科技学院(南京市)[公办],,信息工程,,,537,51825
1058,金陵科技学院(南京市)[公办],,自动化,,,536,52757
1058,金陵科技学院(南京市)[公办],,计算机科学与技术,,,544,45381
1058,金陵科技学院(南京市)[公办],,软件工程,,,541,48106
1058,金陵科技学院(南京市)[公办],,数据科学与大数据技术,,,538,50883
1058,金陵科技学院(南京市)[公办],,土木工程,,,520,68611
1058,金陵科技学院(南京市)[公办],,风景园林,,,526,62390
1058,金陵科技学院(南京市)[公办],,动物医学,,,517,71732
1058,金陵科技学院(南京市)[公办],,市场营销,,,521,67552
1061,锦州医科大学[公办],,动物医学,,,538,50883
1061,锦州医科大学[公办],,动植物检疫,,,512,76936
1061,锦州医科大学[公办],,临床医学,,,554,36948
1061,锦州医科大学[公办],,医学影像学,,,554,36948
1061,锦州医科大学[公办],,口腔医学,,,569,25895
1061,锦州医科大学[公办],,预防医学,,,525,63402
1061,锦州医科大学[公办],,药学,,,530,58518
1061,锦州医科大学[公办],,医学检验技术,,,528,60450
1061,锦州医科大学[公办],,康复治疗学,,,522,66475
1061,锦州医科大学[公办],,护理学,,,529,59504
1061,锦州医科大学[公办],,运动康复(中外合作办学),,,475,120971
1062,锦州医科大学医疗学院[独立学院],,临床医学,,,472,124770
1062,锦州医科大学医疗学院[独立学院],,麻醉学,,,469,128494
1062,锦州医科大学医疗学院[独立学院],,口腔医学,,,486,107443
1062,锦州医科大学医疗学院[独立学院],,药学,,,470,127253
1062,锦州医科大学医疗学院[独立学院],,医学检验技术,,,460,139765
1062,锦州医科大学医疗学院[独立学院],,康复治疗学,,,451,151103
1062,锦州医科大学医疗学院[独立学院],,护理学,,,458,142250
1064,晋中信息学院[民办],,机械设计制造及其自动化,,,457,143500
1064,晋中信息学院[民办],,智能制造工程,,,456,144801
1064,晋中信息学院[民办],,电气工程及其自动化,,,459,141008
1064,晋中信息学院[民办],,电子信息工程,,,457,143500
1064,晋中信息学院[民办],,通信工程,,,458,142250
1064,晋中信息学院[民办],,机器人工程,,,458,142250
1064,晋中信息学院[民办],,计算机科学与技术,,,461,138513
1064,晋中信息学院[民办],,软件工程,,,458,142250
1064,晋中信息学院[民办],,网络工程,,,461,138513
1064,晋中信息学院[民办],,物联网工程,,,458,142250
1064,晋中信息学院[民办],,数字媒体技术,,,460,139765
1064,晋中信息学院[民办],,数据科学与大数据技术,,,460,139765
1064,晋中信息学院[民办],,食品质量与安全,,,457,143500
1064,晋中信息学院[民办],,大数据管理与应用,,,457,143500
1065,晋中学院[公办],,翻译,,,494,97686
1065,晋中学院[公办],,网络与新媒体,,,492,100090
1065,晋中学院[公办],,数学与应用数学,,,491,101322
1065,晋中学院[公办],,物理学,,,483,111133
1065,晋中学院[公办],,机械设计制造及其自动化,,,490,102500
1065,晋中学院[公办],,汽车服务工程,,,471,126020
1065,晋中学院[公办],,电子科学与技术,,,487,106171
1065,晋中学院[公办],,计算机科学与技术,,,492,100090
1065,晋中学院[公办],,物联网工程,,,486,107443
1065,晋中学院[公办],,数据科学与大数据技术,,,488,104962
1066,荆楚理工学院[公办],,电气工程及其自动化,,,511,78116
1066,荆楚理工学院[公办],,机器人工程,,,506,83767
1066,荆楚理工学院[公办],,制药工程,,,492,100090
1066,荆楚理工学院[公办],,飞行器制造工程,,,500,90630
1069,荆州学院(荆州市)[民办],,学前教育,,,452,149859
1069,荆州学院(荆州市)[民办],,英语,,,454,147340
1069,荆州学院(荆州市)[民办],,数学与应用数学,,,453,148600
1069,荆州学院(荆州市)[民办],,机械设计制造及其自动化,,,453,148600
1069,荆州学院(荆州市)[民办],,车辆工程,,,450,152346
1069,荆州学院(荆州市)[民办],,新能源科学与工程,,,458,142250
1069,荆州学院(荆州市)[民办],,机器人工程,,,450,152346
1069,荆州学院(荆州市)[民办],,计算机科学与技术,,,457,143500
1069,荆州学院(荆州市)[民办],,软件工程,,,455,146091
1069,荆州学院(荆州市)[民办],,物联网工程,,,455,146091
1069,荆州学院(荆州市)[民办],,土木工程,,,447,155919
1069,荆州学院(荆州市)[民办],,石油工程,,,448,154772
1069,荆州学院(荆州市)[民办],,城乡规划,,,449,153606
1069,荆州学院(荆州市)[民办],,护理学,,,448,154772
1069,荆州学院(荆州市)[民办],,工程管理,,,448,154772
1069,荆州学院(荆州市)[民办],,工程造价,,,450,152346
1069,荆州学院(荆州市)[民办],,电子商务,,,453,148600
1071,井冈山大学(吉安市)[公办],,经济与金融,,,516,72762
1071,井冈山大学(吉安市)[公办],,社会工作,,,502,88336
1071,井冈山大学(吉安市)[公办],,汉语言文学,,,528,60450
1071,井冈山大学(吉安市)[公办],,英语,,,526,62390
1071,井冈山大学(吉安市)[公办],,日语,,,512,76936
1071,井冈山大学(吉安市)[公办],,数学与应用数学,,,518,70669
1071,井冈山大学(吉安市)[公办],,物理学,,,510,79317
1071,井冈山大学(吉安市)[公办],,化学,,,506,83767
1071,井冈山大学(吉安市)[公办],,生物科学,,,508,81575
1071,井冈山大学(吉安市)[公办],,机械设计制造及其自动化,,,513,75878
1071,井冈山大学(吉安市)[公办],,材料成型及控制工程,,,501,89173
1071,井冈山大学(吉安市)[公办],,电气工程及其自动化,,,514,74839
1071,井冈山大学(吉安市)[公办],,电子信息科学与技术,,,513,75878
1071,井冈山大学(吉安市)[公办],,计算机科学与技术,,,521,67552
1071,井冈山大学(吉安市)[公办],,数据科学与大数据技术,,,517,71732
1071,井冈山大学(吉安市)[公办],,土木工程,,,505,84880
1071,井冈山大学(吉安市)[公办],,环境工程,,,500,90630
1071,井冈山大学(吉安市)[公办],,建筑学,,,510,79317
1071,井冈山大学(吉安市)[公办],,临床医学,,,520,68611
1071,井冈山大学(吉安市)[公办],,中医学,,,510,79317
1071,井冈山大学(吉安市)[公办],,药学,,,507,82620
1071,井冈山大学(吉安市)[公办],,康复治疗学,,,502,88336
1071,井冈山大学(吉安市)[公办],,会计学,,,516,72762
1071,井冈山大学(吉安市)[公办],,行政管理,,,512,76936
1072,景德镇陶瓷大学[公办],,日语,,,507,82620
1072,景德镇陶瓷大学[公办],,信息与计算科学,,,511,78116
1072,景德镇陶瓷大学[公办],,应用统计学,,,513,75878
1072,景德镇陶瓷大学[公办],,机械设计制造及其自动化,,,510,79317
1072,景德镇陶瓷大学[公办],,材料成型及控制工程,,,507,82620
1072,景德镇陶瓷大学[公办],,机械电子工程,,,513,75878
1072,景德镇陶瓷大学[公办],,智能制造工程,,,511,78116
1072,景德镇陶瓷大学[公办],,材料物理,,,491,101322
1072,景德镇陶瓷大学[公办],,材料化学,,,499,91783
1072,景德镇陶瓷大学[公办],,无机非金属材料工程,,,500,90630
1072,景德镇陶瓷大学[公办],,粉体材料科学与工程,,,497,94131
1072,景德镇陶瓷大学[公办],,新能源材料与器件,,,514,74839
1072,景德镇陶瓷大学[公办],,能源与动力工程,,,513,75878
1072,景德镇陶瓷大学[公办],,电子信息工程,,,517,71732
1072,景德镇陶瓷大学[公办],,电子科学与技术,,,514,74839
1072,景德镇陶瓷大学[公办],,人工智能,,,519,69642
1072,景德镇陶瓷大学[公办],,自动化,,,519,69642
1072,景德镇陶瓷大学[公办],,计算机科学与技术,,,525,63402
1072,景德镇陶瓷大学[公办],,数字媒体技术,,,534,54574
1072,景德镇陶瓷大学[公办],,环境工程,,,500,90630
1072,景德镇陶瓷大学[公办],,会计学,,,524,64450
1072,景德镇陶瓷大学[公办],,财务管理,,,522,66475
1075,景德镇艺术职业大学[民办],,自动化,,,446,157125
1075,景德镇艺术职业大学[民办],,机械设计制造及自动化,,,451,151103
1077,九江学院[公办],,机械设计制造及其自动化,,,497,94131
1077,九江学院[公办],,车辆工程,,,494,97686
1077,九江学院[公办],,金属材料工程,,,485,108714
1077,九江学院[公办],,电子信息工程,,,502,88336
1077,九江学院[公办],,计算机科学与技术,,,505,84880
1077,九江学院[公办],,土木工程,,,492,100090
1077,九江学院[公办],,临床医学,,,516,72762
1077,九江学院[公办],,药学,,,495,96518
1077,九江学院[公办],,护理学,,,489,103748
1081,喀什大学[公办],,金融数学,,,473,123482
1081,喀什大学[公办],,国际经济与贸易,,,477,118522
1081,喀什大学[公办],,法学,,,491,101322
1081,喀什大学[公办],,社会工作,,,478,117259
1081,喀什大学[公办],,教育学,,,473,123482
1081,喀什大学[公办],,学前教育,,,469,128494
1081,喀什大学[公办],,小学教育,,,485,108714
1081,喀什大学[公办],,汉语言文学,,,493,98867
1081,喀什大学[公办],,英语,,,495,96518
1081,喀什大学[公办],,俄语,,,477,118522
1081,喀什大学[公办],,翻译,,,472,124770
1081,喀什大学[公办],,广播电视学,,,482,112324
1081,喀什大学[公办],,广告学,,,475,120971
1081,喀什大学[公办],,历史学,,,473,123482
1081,喀什大学[公办],,数学与应用数学,,,481,113547
1081,喀什大学[公办],,物理学,,,472,124770
1081,喀什大学[公办],,化学,,,480,114796
1081,喀什大学[公办],,地理科学,,,480,114796
1081,喀什大学[公办],,生物科学,,,473,123482
1081,喀什大学[公办],,心理学,,,483,111133
1081,喀什大学[公办],,应用统计学,,,471,126020
1081,喀什大学[公办],,电气工程及其自动化,,,496,95288
1081,喀什大学[公办],,通信工程,,,486,107443
1081,喀什大学[公办],,电子信息科学与技术,,,484,109959
1081,喀什大学[公办],,计算机科学与技术,,,488,104962
1081,喀什大学[公办],,网络工程,,,485,108714
1081,喀什大学[公办],,数字媒体技术,,,485,108714
1081,喀什大学[公办],,土木工程,,,487,106171
1081,喀什大学[公办],,给排水科学与工程,,,471,126020
1081,喀什大学[公办],,交通工程,,,477,118522
1081,喀什大学[公办],,环境科学与工程,,,469,128494
1081,喀什大学[公办],,食品科学与工程,,,477,118522
1081,喀什大学[公办],,预防医学,,,478,117259
1081,喀什大学[公办],,护理学,,,479,116040
1081,喀什大学[公办],,财务管理,,,474,122219
1081,喀什大学[公办],,物流工程,,,471,126020
1081,喀什大学[公办],,旅游管理,,,464,134859
1081,喀什大学[公办],,酒店管理,,,464,134859
1084,凯里学院[公办],,人工智能,,,482,112324
1084,凯里学院[公办],,机器人工程,,,476,119752
1084,凯里学院[公办],,计算机科学与技术(中外合作办学),,,462,137255
1086,空军军医大学[公办],,生物技术,,,590,14004
1086,空军军医大学[公办],,生物医学工程,,,588,14950
1086,空军军医大学[公办],,基础医学,,,615,5323
1086,空军军医大学[公办],,临床医学,,,626,3178
1086,空军军医大学[公办],,临床医学,,,604,8390
1086,空军军医大学[公办],,口腔医学,,,643,1176
1086,空军军医大学[公办],,口腔医学,,,619,4458
1086,空军军医大学[公办],,药学,,,585,16469
1087,昆明城市学院[民办],,金融学,,,448,154772
1087,昆明城市学院[民办],,计算机科学与技术,,,455,146091
1087,昆明城市学院[民办],,工商管理,,,445,158356
1088,昆明理工大学[公办],,金融学,,,556,35406
1088,昆明理工大学[公办],,机械工程(民航与航空学院),,,554,36948
1088,昆明理工大学[公办],,材料成型及控制工程,,,543,46278
1088,昆明理工大学[公办],,过程装备与控制工程,,,550,40256
1088,昆明理工大学[公办],,车辆工程,,,551,40256
1088,昆明理工大学[公办],,智能制造工程,,,556,35406
1088,昆明理工大学[公办],,材料科学与工程,,,542,47194
1088,昆明理工大学[公办],,冶金工程(菁英班),,,548,41891
1088,昆明理工大学[公办],,功能材料,,,541,48106
1088,昆明理工大学[公办],,能源与动力工程,,,554,36948
1088,昆明理工大学[公办],,储能科学与工程,,,548,41891
1088,昆明理工大学[公办],,电气工程及其自动化,,,565,28568
1088,昆明理工大学[公办],,通信工程,,,562,30764
1088,昆明理工大学[公办],,人工智能,,,561,31495
1088,昆明理工大学[公办],,自动化,,,562,30764
1088,昆明理工大学[公办],,机器人工程,,,555,36191
1088,昆明理工大学[公办],,计算机科学与技术,,,567,27220
1088,昆明理工大学[公办],,数据科学与大数据技术,,,565,28568
1088,昆明理工大学[公办],,土木工程,,,544,45381
1088,昆明理工大学[公办],,给排水科学与工程,,,542,47194
1088,昆明理工大学[公办],,水利类,,,544,45381
1088,昆明理工大学[公办],,制药工程,,,548,41891
1088,昆明理工大学[公办],,交通运输类,,,553,37725
1088,昆明理工大学[公办],,环境科学与工程类,,,546,43628
1088,昆明理工大学[公办],,建筑学,,,541,48106
1088,昆明理工大学[公办],,城乡规划,,,498,92962
1088,昆明理工大学[公办],,风景园林,,,529,59504
1088,昆明理工大学[公办],,生物工程(创新班),,,552,38584
1088,昆明理工大学[公办],,工商管理,,,550,40256
1088,昆明理工大学[公办],,工业工程,,,543,46278
1089,昆明理工大学津桥学院[独立学院],,法学,,,466,132235
1089,昆明理工大学津桥学院[独立学院],,英语,,,454,147340
1089,昆明理工大学津桥学院[独立学院],,通信工程,,,456,144801
1089,昆明理工大学津桥学院[独立学院],,电子信息科学与技术,,,458,142250
1089,昆明理工大学津桥学院[独立学院],,计算机科学与技术,,,459,141008
1089,昆明理工大学津桥学院[独立学院],,数字媒体技术,,,463,136058
1089,昆明理工大学津桥学院[独立学院],,水利水电工程,,,456,144801
1089,昆明理工大学津桥学院[独立学院],,建筑学,,,455,146091
1089,昆明理工大学津桥学院[独立学院],,城乡规划,,,449,153606
1089,昆明理工大学津桥学院[独立学院],,物业管理,,,442,162050
1091,昆明文理学院[民办],,数学与应用数学,,,454,147340
1091,昆明文理学院[民办],,土木工程,,,442,162050
1091,昆明文理学院[民办],,工程造价,,,447,155919
1091,昆明文理学院[民办],,财务管理,,,453,148600
1092,昆明学院[公办],,学前教育,,,502,88336
1092,昆明学院[公办],,物理学,,,496,95288
1092,昆明学院[公办],,机械设计制造及其自动化,,,504,86042
1092,昆明学院[公办],,智能制造工程,,,506,83767
1092,昆明学院[公办],,软件工程,,,514,74839
1092,昆明学院[公办],,数据科学与大数据技术,,,507,82620
1092,昆明学院[公办],,土木工程,,,496,95288
1092,昆明学院[公办],,水利水电工程,,,501,89173
1092,昆明学院[公办],,临床医学,,,514,74839
1092,昆明学院[公办],,工商管理,,,497,94131
1092,昆明学院[公办],,会计学,,,506,83767
1092,昆明学院[公办],,财务管理,,,502,88336
1093,昆明医科大学[公办],,临床医学,,,578,20380
1093,昆明医科大学[公办],,麻醉学,,,575,22143
1093,昆明医科大学[公办],,医学影像学,,,570,25269
1093,昆明医科大学[公办],,口腔医学,,,583,17536
1093,昆明医科大学[公办],,预防医学,,,554,36948
1093,昆明医科大学[公办],,药学,,,549,41073
1093,昆明医科大学[公办],,临床药学,,,564,29282
1093,昆明医科大学[公办],,法医学,,,558,33822
1093,昆明医科大学[公办],,康复物理治疗,,,532,56540
1093,昆明医科大学[公办],,康复作业治疗,,,543,46278
1094,昆明医科大学海源学院[独立学院],,临床医学,,,472,124770
1094,昆明医科大学海源学院[独立学院],,口腔医学,,,490,102500
1094,昆明医科大学海源学院[独立学院],,医学检验技术,,,479,116040
1094,昆明医科大学海源学院[独立学院],,医学影像技术,,,470,127253
1094,昆明医科大学海源学院[独立学院],,眼视光学,,,477,118522
1094,昆明医科大学海源学院[独立学院],,护理学,,,469,128494
1099,兰州博文科技学院[民办],,机械设计制造及其自动化,,,454,147340
1099,兰州博文科技学院[民办],,车辆工程,,,452,149859
1099,兰州博文科技学院[民办],,电气工程及其自动化,,,455,146091
1099,兰州博文科技学院[民办],,轨道交通信号与控制,,,456,144801
1099,兰州博文科技学院[民办],,土木工程,,,455,146091
1099,兰州博文科技学院[民办],,测绘工程,,,448,154772
1099,兰州博文科技学院[民办],,工程造价,,,451,151103
1100,兰州财经大学[公办],,经济统计学,,,531,57544
1100,兰州财经大学[公办],,财政学,,,530,58518
1100,兰州财经大学[公办],,金融工程,,,529,59504
1100,兰州财经大学[公办],,国际经济与贸易,,,525,63402
1100,兰州财经大学[公办],,法学,,,537,51825
1100,兰州财经大学[公办],,知识产权,,,522,66475
1100,兰州财经大学[公办],,自然地理与资源环境,,,515,73836
1100,兰州财经大学[公办],,人文地理与城乡规划,,,516,72762
1100,兰州财经大学[公办],,地理信息科学,,,519,69642
1100,兰州财经大学[公办],,统计学,,,532,56540
1100,兰州财经大学[公办],,应用统计学,,,533,55500
1100,兰州财经大学[公办],,计算机科学与技术,,,537,51825
1100,兰州财经大学[公办],,智能科学与技术,,,525,63402
1100,兰州财经大学[公办],,管理科学,,,518,70669
1100,兰州财经大学[公办],,会计学,,,538,50883
1100,兰州财经大学[公办],,会计学(121中美实验班),,,514,74839
1100,兰州财经大学[公办],,资产评估,,,525,63402
1100,兰州财经大学[公办],,农林经济管理,,,513,75878
1102,兰州城市学院[公办],,经济学,,,491,101322
1102,兰州城市学院[公办],,英语,,,498,92962
1102,兰州城市学院[公办],,翻译,,,489,103748
1102,兰州城市学院[公办],,数学与应用数学,,,487,106171
1102,兰州城市学院[公办],,新能源科学与工程,,,485,108714
1102,兰州城市学院[公办],,通信工程,,,493,98867
1102,兰州城市学院[公办],,软件工程,,,496,95288
1102,兰州城市学院[公办],,资源勘查工程,,,472,124770
1102,兰州城市学院[公办],,石油工程,,,476,119752
1102,兰州城市学院[公办],,油气储运工程,,,472,124770
1102,兰州城市学院[公办],,环境工程,,,478,117259
1102,兰州城市学院[公办],,建筑学,,,488,104962
1102,兰州城市学院[公办],,城乡规划,,,486,107443
1102,兰州城市学院[公办],,会计学,,,501,89173
1102,兰州城市学院[公办],,财务管理,,,496,95288
1102,兰州城市学院[公办],,审计学,,,492,100090
1103,兰州大学[公办],,经济学类,,,601,9445
1103,兰州大学[公办],,数学类,,,605,8076
1103,兰州大学[公办],,物理学类,,,601,9445
1103,兰州大学[公办],,化学类,,,598,10589
1103,兰州大学[公办],,大气科学类,,,598,10589
1103,兰州大学[公办],,生物科学类,,,598,10589
1103,兰州大学[公办],,理论与应用力学(基地班),,,598,10589
1103,兰州大学[公办],,材料类,,,596,11399
1103,兰州大学[公办],,电子信息类,,,607,7470
1103,兰州大学[公办],,计算机类,,,609,6887
1103,兰州大学[公办],,化工与制药类,,,597,10996
1103,兰州大学[公办],,临床医学类,,,599,10212
1103,兰州大学[公办],,口腔医学,,,604,8390
1103,兰州大学[公办],,工商管理类,,,598,10589
1103,兰州大学[公办],,计算机科学与技术(中外合作办学)(数据科学方向),,,578,20380
1105,兰州工商学院[民办],,金融学,,,451,151103
1105,兰州工商学院[民办],,工程造价,,,453,148600
1105,兰州工商学院[民办],,会计学(管理会计方向),,,457,143500
1105,兰州工商学院[民办],,审计学,,,456,144801
1106,兰州工业学院[公办],,经济与金融,,,495,96518
1106,兰州工业学院[公办],,材料成型及控制工程,,,491,101322
1106,兰州工业学院[公办],,机械电子工程,,,493,98867
1106,兰州工业学院[公办],,车辆工程,,,494,97686
1106,兰州工业学院[公办],,复合材料与工程,,,482,112324
1106,兰州工业学院[公办],,电子信息工程,,,498,92962
1106,兰州工业学院[公办],,通信工程,,,495,96518
1106,兰州工业学院[公办],,轨道交通信号与控制,,,494,97686
1106,兰州工业学院[公办],,网络工程,,,499,91783
1106,兰州工业学院[公办],,物联网工程,,,498,92962
1106,兰州工业学院[公办],,智能科学与技术,,,492,100090
1106,兰州工业学院[公办],,给排水科学与工程,,,484,109959
1106,兰州工业学院[公办],,财务管理,,,497,94131
1106,兰州工业学院[公办],,电子商务,,,491,101322
1108,兰州交通大学[公办],,应用物理学,,,554,36948
1108,兰州交通大学[公办],,应用化学,,,539,49949
1108,兰州交通大学[公办],,统计学,,,540,49002
1108,兰州交通大学[公办],,工程力学,,,541,48106
1108,兰州交通大学[公办],,机械设计制造及其自动化,,,548,41891
1108,兰州交通大学[公办],,材料成型及控制工程,,,535,53694
1108,兰州交通大学[公办],,机械电子工程,,,546,43628
1108,兰州交通大学[公办],,过程装备与控制工程,,,539,49949
1108,兰州交通大学[公办],,车辆工程,,,551,40256
1108,兰州交通大学[公办],,车辆工程(卓越计划班),,,561,31495
1108,兰州交通大学[公办],,测控技术与仪器,,,543,46278
1108,兰州交通大学[公办],,材料科学与工程,,,533,55500
1108,兰州交通大学[公办],,能源与动力工程,,,545,44494
1108,兰州交通大学[公办],,电气工程及其自动化,,,572,23984
1108,兰州交通大学[公办],,电气工程及其自动化(卓越计划班),,,582,18065
1108,兰州交通大学[公办],,电子科学与技术,,,551,40256
1108,兰州交通大学[公办],,通信工程,,,552,38584
1108,兰州交通大学[公办],,自动化,,,559,33069
1108,兰州交通大学[公办],,轨道交通信号与控制,,,557,34586
1108,兰州交通大学[公办],,计算机科学与技术,,,560,32247
1108,兰州交通大学[公办],,软件工程,,,555,36191
1108,兰州交通大学[公办],,物联网工程,,,557,34586
1108,兰州交通大学[公办],,数据科学与大数据技术,,,551,40256
1108,兰州交通大学[公办],,土木工程,,,545,44494
1108,兰州交通大学[公办],,土木工程(卓越计划班),,,557,34586
1108,兰州交通大学[公办],,建筑环境与能源应用工程,,,529,59504
1108,兰州交通大学[公办],,给排水科学与工程,,,531,57544
1108,兰州交通大学[公办],,建筑电气与智能化,,,551,40256
1108,兰州交通大学[公办],,道路桥梁与渡河工程,,,538,50883
1108,兰州交通大学[公办],,铁道工程,,,543,46278
1108,兰州交通大学[公办],,水利水电工程,,,545,44494
1108,兰州交通大学[公办],,测绘工程,,,530,58518
1108,兰州交通大学[公办],,遥感科学与技术,,,545,44494
1108,兰州交通大学[公办],,化学工程与工艺,,,544,45381
1108,兰州交通大学[公办],,交通运输,,,545,44494
1108,兰州交通大学[公办],,交通工程,,,555,36191
1108,兰州交通大学[公办],,环境工程,,,524,64450
1108,兰州交通大学[公办],,环境工程(生态工程),,,528,60450
1108,兰州交通大学[公办],,环境科学,,,529,59504
1108,兰州交通大学[公办],,建筑学,,,542,47194
1108,兰州交通大学[公办],,城乡规划,,,541,48106
1108,兰州交通大学[公办],,生物工程,,,536,52757
1108,兰州交通大学[公办],,生物制药,,,536,52757
1108,兰州交通大学[公办],,信息管理与信息系统,,,540,49002
1108,兰州交通大学[公办],,工程管理,,,537,51825
1108,兰州交通大学[公办],,工程造价,,,538,50883
1108,兰州交通大学[公办],,物流管理,,,533,55500
1108,兰州交通大学[公办],,工业工程,,,532,56540
1110,兰州理工大学[公办],,金融学,,,551,40256
1110,兰州理工大学[公办],,国际经济与贸易,,,532,56540
1110,兰州理工大学[公办],,应用化学,,,529,59504
1110,兰州理工大学[公办],,工程力学,,,532,56540
1110,兰州理工大学[公办],,机械设计制造及其自动化,,,548,41891
1110,兰州理工大学[公办],,材料成型及控制工程,,,538,50883
1110,兰州理工大学[公办],,机械电子工程,,,540,49002
1110,兰州理工大学[公办],,过程装备与控制工程,,,526,62390
1110,兰州理工大学[公办],,智能制造工程,,,543,46278
1110,兰州理工大学[公办],,金属材料工程,,,525,63402
1110,兰州理工大学[公办],,无机非金属材料工程,,,522,66475
1110,兰州理工大学[公办],,高分子材料与工程,,,536,52757
1110,兰州理工大学[公办],,焊接技术与工程,,,533,55500
1110,兰州理工大学[公办],,功能材料,,,510,79317
1110,兰州理工大学[公办],,能源与动力工程,,,540,49002
1110,兰州理工大学[公办],,新能源科学与工程,,,542,47194
1110,兰州理工大学[公办],,电气工程及其自动化,,,553,37725
1110,兰州理工大学[公办],,通信工程,,,548,41891
1110,兰州理工大学[公办],,电子信息科学与技术,,,548,41891
1110,兰州理工大学[公办],,自动化,,,554,36948
1110,兰州理工大学[公办],,机器人工程,,,548,41891
1110,兰州理工大学[公办],,计算机科学与技术,,,553,37725
1110,兰州理工大学[公办],,软件工程,,,547,42788
1110,兰州理工大学[公办],,物联网工程,,,548,41891
1110,兰州理工大学[公办],,数据科学与大数据技术,,,549,41073
1110,兰州理工大学[公办],,土木工程,,,533,55500
1110,兰州理工大学[公办],,道路桥梁与渡河工程,,,528,60450
1110,兰州理工大学[公办],,水利水电工程,,,539,49949
1110,兰州理工大学[公办],,化学工程与工艺,,,525,63402
1110,兰州理工大学[公办],,油气储运工程,,,528,60450
1110,兰州理工大学[公办],,环境工程,,,478,117259
1110,兰州理工大学[公办],,食品科学与工程,,,528,60450
1110,兰州理工大学[公办],,建筑学,,,537,51825
1110,兰州理工大学[公办],,生物工程,,,530,58518
1110,兰州理工大学[公办],,工程造价,,,540,49002
1110,兰州理工大学[公办],,大数据管理与应用,,,534,54574
1110,兰州理工大学[公办],,市场营销,,,527,61435
1110,兰州理工大学[公办],,财务管理,,,541,48106
1110,兰州理工大学[公办],,工业工程,,,535,53694
1111,兰州石化职业技术大学(兰州市)[公办],,智能制造工程技术,,,498,92962
1111,兰州石化职业技术大学(兰州市)[公办],,智能制造工程技术(化工装备技术),,,470,127253
1111,兰州石化职业技术大学(兰州市)[公办],,电气工程及自动化,,,489,103748
1111,兰州石化职业技术大学(兰州市)[公办],,应用化工技术(石油化工技术),,,465,133566
1111,兰州石化职业技术大学(兰州市)[公办],,化工智能制造工程技术,,,473,123482
1113,兰州文理学院[公办],,应用化学,,,487,106171
1113,兰州文理学院[公办],,电子信息工程,,,505,84880
1113,兰州文理学院[公办],,软件工程,,,502,88336
1113,兰州文理学院[公办],,数字媒体技术,,,517,71732
1113,兰州文理学院[公办],,旅游管理,,,484,109959
1114,兰州信息科技学院[民办],,机械设计制造及其自动化,,,454,147340
1114,兰州信息科技学院[民办],,材料成型及控制工程,,,452,149859
1114,兰州信息科技学院[民办],,金属材料工程,,,450,152346
1114,兰州信息科技学院[民办],,能源与动力工程,,,453,148600
1114,兰州信息科技学院[民办],,电气工程及其自动化,,,454,147340
1114,兰州信息科技学院[民办],,电子信息工程,,,457,143500
1114,兰州信息科技学院[民办],,机器人工程,,,453,148600
1114,兰州信息科技学院[民办],,软件工程,,,463,136058
1114,兰州信息科技学院[民办],,数据科学与大数据技术,,,459,141008
1114,兰州信息科技学院[民办],,土木工程,,,454,147340
1114,兰州信息科技学院[民办],,水利水电工程,,,452,149859
1114,兰州信息科技学院[民办],,化学工程与工艺,,,452,149859
1115,兰州资源环境职业技术大学[公办],,智慧气象技术,,,465,133566
1116,廊坊师范学院[公办],,保险学,,,477,118522
1116,廊坊师范学院[公办],,国际经济与贸易,,,488,104962
1116,廊坊师范学院[公办],,法学,,,499,91783
1116,廊坊师范学院[公办],,社会工作,,,483,111133
1116,廊坊师范学院[公办],,思想政治教育,,,512,76936
1116,廊坊师范学院[公办],,教育学,,,511,78116
1116,廊坊师范学院[公办],,人文教育,,,499,91783
1116,廊坊师范学院[公办],,教育技术学,,,488,104962
1116,廊坊师范学院[公办],,学前教育,,,488,104962
1116,廊坊师范学院[公办],,小学教育,,,506,83767
1116,廊坊师范学院[公办],,汉语言文学,,,532,56540
1116,廊坊师范学院[公办],,英语,,,525,63402
1116,廊坊师范学院[公办],,日语,,,479,116040
1116,廊坊师范学院[公办],,翻译,,,496,95288
1116,廊坊师范学院[公办],,商务英语,,,509,80441
1116,廊坊师范学院[公办],,新闻学,,,498,92962
1116,廊坊师范学院[公办],,数学与应用数学,,,509,80441
1116,廊坊师范学院[公办],,信息与计算科学,,,487,106171
1116,廊坊师范学院[公办],,物理学,,,494,97686
1116,廊坊师范学院[公办],,化学,,,495,96518
1116,廊坊师范学院[公办],,应用化学,,,477,118522
1116,廊坊师范学院[公办],,生物科学类,,,485,108714
1116,廊坊师范学院[公办],,心理学,,,492,100090
1116,廊坊师范学院[公办],,材料化学,,,472,124770
1116,廊坊师范学院[公办],,电气工程及其自动化,,,487,106171
1116,廊坊师范学院[公办],,通信工程,,,487,106171
1116,廊坊师范学院[公办],,信息工程,,,485,108714
1116,廊坊师范学院[公办],,电子信息科学与技术,,,486,107443
1116,廊坊师范学院[公办],,计算机科学与技术,,,499,91783
1116,廊坊师范学院[公办],,软件工程,,,494,97686
1116,廊坊师范学院[公办],,土木工程,,,479,116040
1116,廊坊师范学院[公办],,食品科学与工程,,,477,118522
1116,廊坊师范学院[公办],,历史建筑保护工程,,,476,119752
1116,廊坊师范学院[公办],,工程管理,,,476,119752
1116,廊坊师范学院[公办],,市场营销,,,486,107443
1116,廊坊师范学院[公办],,会计学,,,503,87191
1116,廊坊师范学院[公办],,财务管理,,,500,90630
1116,廊坊师范学院[公办],,人力资源管理,,,490,102500
1116,廊坊师范学院[公办],,物流管理,,,482,112324
1116,廊坊师范学院[公办],,电子商务,,,487,106171
1116,廊坊师范学院[公办],,会展经济与管理,,,476,119752
1121,乐山师范学院[公办],,林学,,,487,106171
1121,乐山师范学院[公办],,行政管理,,,481,113547
1122,丽江文化旅游学院[民办],,经济学,,,438,167058
1122,丽江文化旅游学院[民办],,金融学,,,445,158356
1122,丽江文化旅游学院[民办],,学前教育,,,445,158356
1122,丽江文化旅游学院[民办],,小学教育,,,459,141008
1122,丽江文化旅游学院[民办],,英语,,,440,164582
1122,丽江文化旅游学院[民办],,日语,,,441,163301
1122,丽江文化旅游学院[民办],,新闻学,,,450,152346
1122,丽江文化旅游学院[民办],,电子信息工程,,,441,163301
1122,丽江文化旅游学院[民办],,人工智能,,,430,177075
1122,丽江文化旅游学院[民办],,计算机科学与技术,,,434,172120
1122,丽江文化旅游学院[民办],,软件工程,,,432,174661
1122,丽江文化旅游学院[民办],,物联网工程,,,434,172120
1122,丽江文化旅游学院[民办],,数据科学与大数据技术,,,431,175849
1122,丽江文化旅游学院[民办],,护理学,,,438,167058
1122,丽江文化旅游学院[民办],,助产学,,,442,162050
1122,丽江文化旅游学院[民办],,信息管理与信息系统,,,433,173411
1122,丽江文化旅游学院[民办],,工商管理,,,437,168382
1122,丽江文化旅游学院[民办],,会计学,,,436,169642
1122,丽江文化旅游学院[民办],,财务管理,,,437,168382
1122,丽江文化旅游学院[民办],,审计学,,,440,164582
1122,丽江文化旅游学院[民办],,资产评估,,,430,177075
1122,丽江文化旅游学院[民办],,电子商务,,,435,170844
1122,丽江文化旅游学院[民办],,旅游管理,,,435,170844
1122,丽江文化旅游学院[民办],,酒店管理,,,431,175849
1123,丽水学院[公办],,国际经济与贸易,,,498,92962
1123,丽水学院[公办],,数学与应用数学(师范),,,500,90630
1123,丽水学院[公办],,物理学,,,491,101322
1123,丽水学院[公办],,机械设计制造及其自动化,,,503,87191
1123,丽水学院[公办],,电子信息工程,,,510,79317
1123,丽水学院[公办],,计算机科学与技术,,,510,79317
1123,丽水学院[公办],,化学工程与工艺,,,492,100090
1123,丽水学院[公办],,环境工程,,,494,97686
1123,丽水学院[公办],,财务管理,,,506,83767
1123,丽水学院[公办],,电子商务,,,497,94131
1126,辽东学院(丹东市)[公办],,税收学,,,495,96518
1126,辽东学院(丹东市)[公办],,电子信息工程,,,503,87191
1128,辽宁传媒学院[民办],,数字媒体技术,,,447,155919
1128,辽宁传媒学院[民办],,数字媒体技术(中外合作办学),,,434,172120
1129,辽宁大学(沈阳市)[公办],,数字经济,,,587,15439
1129,辽宁大学(沈阳市)[公办],,国际经济与贸易,,,588,14950
1129,辽宁大学(沈阳市)[公办],,物理学,,,581,18643
1129,辽宁大学(沈阳市)[公办],,化学类,,,577,20936
1129,辽宁大学(沈阳市)[公办],,电子信息类,,,589,14462
1129,辽宁大学(沈阳市)[公办],,微电子科学与工程,,,587,15439
1129,辽宁大学(沈阳市)[公办],,计算机类,,,591,13583
1129,辽宁大学(沈阳市)[公办],,环境工程,,,576,21536
1129,辽宁大学(沈阳市)[公办],,工程管理,,,579,19795
1129,辽宁大学(沈阳市)[公办],,会计学,,,592,13125
1129,辽宁大学(沈阳市)[公办],,戏剧影视文学,,,579,19795
1129,辽宁大学(沈阳市)[公办],,广播电视编导,,,576,21536
1129,辽宁大学(沈阳市)[公办],,金融学(中外合作办学),,,569,25895
1132,辽宁对外经贸学院(大连市)[民办],,金融学,,,439,165845
1132,辽宁对外经贸学院(大连市)[民办],,国际经济与贸易,,,438,167058
1132,辽宁对外经贸学院(大连市)[民办],,英语,,,445,158356
1132,辽宁对外经贸学院(大连市)[民办],,西班牙语,,,431,175849
1132,辽宁对外经贸学院(大连市)[民办],,日语,,,434,172120
1132,辽宁对外经贸学院(大连市)[民办],,朝鲜语,,,432,174661
1132,辽宁对外经贸学院(大连市)[民办],,商务英语,,,440,164582
1132,辽宁对外经贸学院(大连市)[民办],,信息管理与信息系统,,,437,168382
1132,辽宁对外经贸学院(大连市)[民办],,会计学,,,442,162050
1132,辽宁对外经贸学院(大连市)[民办],,财务管理,,,439,165845
1132,辽宁对外经贸学院(大连市)[民办],,人力资源管理,,,442,162050
1132,辽宁对外经贸学院(大连市)[民办],,资产评估,,,434,172120
1132,辽宁对外经贸学院(大连市)[民办],,养老服务管理,,,440,164582
1132,辽宁对外经贸学院(大连市)[民办],,物流管理,,,434,172120
1133,辽宁工程技术大学[公办],,金融学,,,541,48106
1133,辽宁工程技术大学[公办],,法学,,,546,43628
1133,辽宁工程技术大学[公办],,信息与计算科学,,,538,50883
1133,辽宁工程技术大学[公办],,工程力学,,,524,64450
1133,辽宁工程技术大学[公办],,机械设计制造及其自动化,,,540,49002
1133,辽宁工程技术大学[公办],,材料成型及控制工程,,,524,64450
1133,辽宁工程技术大学[公办],,工业设计,,,534,54574
1133,辽宁工程技术大学[公办],,车辆工程,,,536,52757
1133,辽宁工程技术大学[公办],,测控技术与仪器,,,528,60450
1133,辽宁工程技术大学[公办],,金属材料工程,,,510,79317
1133,辽宁工程技术大学[公办],,新能源材料与器件,,,530,58518
1133,辽宁工程技术大学[公办],,电气工程及其自动化,,,553,37725
1133,辽宁工程技术大学[公办],,电气工程与智能控制,,,542,47194
1133,辽宁工程技术大学[公办],,电子信息工程,,,541,48106
1133,辽宁工程技术大学[公办],,电子科学与技术,,,541,48106
1133,辽宁工程技术大学[公办],,通信工程,,,542,47194
1133,辽宁工程技术大学[公办],,自动化,,,540,49002
1133,辽宁工程技术大学[公办],,计算机科学与技术,,,551,40256
1133,辽宁工程技术大学[公办],,软件工程,,,542,47194
1133,辽宁工程技术大学[公办],,网络工程,,,536,52757
1133,辽宁工程技术大学[公办],,数字媒体技术,,,548,41891
1133,辽宁工程技术大学[公办],,土木工程,,,526,62390
1133,辽宁工程技术大学[公办],,建筑环境与能源应用工程,,,522,66475
1133,辽宁工程技术大学[公办],,测绘工程,,,521,67552
1133,辽宁工程技术大学[公办],,能源化学工程,,,525,63402
1133,辽宁工程技术大学[公办],,采矿工程,,,504,86042
1133,辽宁工程技术大学[公办],,智能采矿工程,,,503,87191
1133,辽宁工程技术大学[公办],,交通工程,,,527,61435
1133,辽宁工程技术大学[公办],,环境工程,,,520,68611
1133,辽宁工程技术大学[公办],,建筑学,,,527,61435
1133,辽宁工程技术大学[公办],,安全工程,,,525,63402
1133,辽宁工程技术大学[公办],,应急技术与管理,,,522,66475
1133,辽宁工程技术大学[公办],,生物工程,,,521,67552
1133,辽宁工程技术大学[公办],,工程管理,,,522,66475
1133,辽宁工程技术大学[公办],,行政管理,,,534,54574
1133,辽宁工程技术大学[公办],,电子商务,,,528,60450
1135,辽宁工业大学[公办],,机械设计制造及其自动化,,,533,55500
1135,辽宁工业大学[公办],,材料成型及控制工程,,,519,69642
1135,辽宁工业大学[公办],,机械电子工程,,,528,60450
1135,辽宁工业大学[公办],,车辆工程,,,527,61435
1135,辽宁工业大学[公办],,汽车服务工程,,,515,73836
1135,辽宁工业大学[公办],,测控技术与仪器,,,523,65475
1135,辽宁工业大学[公办],,材料科学与工程,,,518,70669
1135,辽宁工业大学[公办],,电气工程及其自动化,,,543,46278
1135,辽宁工业大学[公办],,电子信息工程,,,540,49002
1135,辽宁工业大学[公办],,通信工程,,,534,54574
1135,辽宁工业大学[公办],,自动化,,,538,50883
1135,辽宁工业大学[公办],,计算机科学与技术,,,548,41891
1135,辽宁工业大学[公办],,软件工程,,,547,42788
1135,辽宁工业大学[公办],,数据科学与大数据技术,,,546,43628
1135,辽宁工业大学[公办],,土木工程,,,523,65475
1135,辽宁工业大学[公办],,建筑环境与能源应用工程,,,517,71732
1135,辽宁工业大学[公办],,给排水科学与工程,,,520,68611
1135,辽宁工业大学[公办],,化学工程与工艺,,,513,75878
1135,辽宁工业大学[公办],,环境科学与工程,,,516,72762
1135,辽宁工业大学[公办],,建筑学,,,526,62390
1135,辽宁工业大学[公办],,工程管理,,,525,63402
1135,辽宁工业大学[公办],,工程造价,,,526,62390
1135,辽宁工业大学[公办],,市场营销,,,510,79317
1135,辽宁工业大学[公办],,软件工程(中外合作办学),,,496,95288
1138,辽宁何氏医学院[民办],,医学信息工程,,,454,147340
1138,辽宁何氏医学院[民办],,生物医学工程,,,453,148600
1138,辽宁何氏医学院[民办],,临床医学,,,464,134859
1138,辽宁何氏医学院[民办],,医学影像学,,,463,136058
1138,辽宁何氏医学院[民办],,眼视光医学,,,466,132235
1138,辽宁何氏医学院[民办],,医学影像技术,,,456,144801
1138,辽宁何氏医学院[民办],,眼视光学,,,448,154772
1142,辽宁科技大学(鞍山市)[公办],,金融学,,,547,42788
1142,辽宁科技大学(鞍山市)[公办],,金融科技,,,534,54574
1142,辽宁科技大学(鞍山市)[公办],,国际经济与贸易,,,537,51825
1142,辽宁科技大学(鞍山市)[公办],,法学,,,548,41891
1142,辽宁科技大学(鞍山市)[公办],,英语,,,537,51825
1142,辽宁科技大学(鞍山市)[公办],,数据计算及应用,,,533,55500
1142,辽宁科技大学(鞍山市)[公办],,应用物理学,,,534,54574
1142,辽宁科技大学(鞍山市)[公办],,应用化学,,,526,62390
1142,辽宁科技大学(鞍山市)[公办],,机械工程,,,534,54574
1142,辽宁科技大学(鞍山市)[公办],,机械设计制造及其自动化,,,535,53694
1142,辽宁科技大学(鞍山市)[公办],,材料成型及控制工程,,,514,74839
1142,辽宁科技大学(鞍山市)[公办],,机械电子工程,,,532,56540
1142,辽宁科技大学(鞍山市)[公办],,过程装备与控制工程,,,525,63402
1142,辽宁科技大学(鞍山市)[公办],,智能制造工程,,,530,58518
1142,辽宁科技大学(鞍山市)[公办],,测控技术与仪器,,,525,63402
1142,辽宁科技大学(鞍山市)[公办],,材料科学与工程,,,511,78116
1142,辽宁科技大学(鞍山市)[公办],,材料化学,,,518,70669
1142,辽宁科技大学(鞍山市)[公办],,冶金工程,,,511,78116
1142,辽宁科技大学(鞍山市)[公办],,无机非金属材料工程,,,508,81575
1142,辽宁科技大学(鞍山市)[公办],,功能材料,,,517,71732
1142,辽宁科技大学(鞍山市)[公办],,能源与动力工程,,,529,59504
1142,辽宁科技大学(鞍山市)[公办],,储能科学与工程,,,524,64450
1142,辽宁科技大学(鞍山市)[公办],,电气工程及其自动化,,,546,43628
1142,辽宁科技大学(鞍山市)[公办],,电子信息工程,,,539,49949
1142,辽宁科技大学(鞍山市)[公办],,通信工程,,,540,49002
1142,辽宁科技大学(鞍山市)[公办],,光电信息科学与工程,,,536,52757
1142,辽宁科技大学(鞍山市)[公办],,自动化,,,535,53694
1142,辽宁科技大学(鞍山市)[公办],,计算机科学与技术,,,552,38584
1142,辽宁科技大学(鞍山市)[公办],,软件工程,,,545,44494
1142,辽宁科技大学(鞍山市)[公办],,网络工程,,,540,49002
1142,辽宁科技大学(鞍山市)[公办],,物联网工程,,,543,46278
1142,辽宁科技大学(鞍山市)[公办],,数据科学与大数据技术,,,536,52757
1142,辽宁科技大学(鞍山市)[公办],,土木工程,,,530,58518
1142,辽宁科技大学(鞍山市)[公办],,建筑环境与能源应用工程,,,518,70669
1142,辽宁科技大学(鞍山市)[公办],,道路桥梁与渡河工程,,,528,60450
1142,辽宁科技大学(鞍山市)[公办],,智能建造,,,524,64450
1142,辽宁科技大学(鞍山市)[公办],,测绘工程,,,521,67552
1142,辽宁科技大学(鞍山市)[公办],,化学工程与工艺,,,514,74839
1142,辽宁科技大学(鞍山市)[公办],,采矿工程,,,496,95288
1142,辽宁科技大学(鞍山市)[公办],,矿物加工工程,,,504,86042
1142,辽宁科技大学(鞍山市)[公办],,环境工程,,,528,60450
1142,辽宁科技大学(鞍山市)[公办],,生物工程,,,531,57544
1142,辽宁科技大学(鞍山市)[公办],,工商管理,,,534,54574
1142,辽宁科技大学(鞍山市)[公办],,市场营销,,,520,68611
1142,辽宁科技大学(鞍山市)[公办],,会计学,,,543,46278
1142,辽宁科技大学(鞍山市)[公办],,财务管理,,,542,47194
1142,辽宁科技大学(鞍山市)[公办],,旅游管理,,,504,86042
1142,辽宁科技大学(鞍山市)[公办],,冶金工程(中外合作办学),,,474,122219
1144,辽宁科技学院(本溪市)[公办],,应用化学,,,492,100090
1144,辽宁科技学院(本溪市)[公办],,机械设计制造及其自动化,,,510,79317
1144,辽宁科技学院(本溪市)[公办],,材料成型及控制工程,,,493,98867
1144,辽宁科技学院(本溪市)[公办],,冶金工程,,,491,101322
1144,辽宁科技学院(本溪市)[公办],,自动化,,,511,78116
1144,辽宁科技学院(本溪市)[公办],,计算机科学与技术,,,511,78116
1144,辽宁科技学院(本溪市)[公办],,土木工程,,,498,92962
1144,辽宁科技学院(本溪市)[公办],,测绘工程,,,493,98867
1145,辽宁理工学院(锦州市)[民办],,国际经济与贸易,,,430,177075
1145,辽宁理工学院(锦州市)[民办],,汉语言文学,,,452,149859
1145,辽宁理工学院(锦州市)[民办],,英语,,,436,169642
1145,辽宁理工学院(锦州市)[民办],,日语,,,432,174661
1145,辽宁理工学院(锦州市)[民办],,机械电子工程,,,432,174661
1145,辽宁理工学院(锦州市)[民办],,电气工程与智能控制,,,432,174661
1145,辽宁理工学院(锦州市)[民办],,电机电器智能化,,,430,177075
1145,辽宁理工学院(锦州市)[民办],,机器人工程,,,430,177075
1145,辽宁理工学院(锦州市)[民办],,计算机科学与技术,,,435,170844
1145,辽宁理工学院(锦州市)[民办],,数字媒体技术,,,438,167058
1145,辽宁理工学院(锦州市)[民办],,智能科学与技术,,,433,173411
1145,辽宁理工学院(锦州市)[民办],,风景园林,,,432,174661
1145,辽宁理工学院(锦州市)[民办],,工程管理,,,431,175849
1145,辽宁理工学院(锦州市)[民办],,工程造价,,,433,173411
1145,辽宁理工学院(锦州市)[民办],,会计学,,,439,165845
1145,辽宁理工学院(锦州市)[民办],,财务管理,,,433,173411
1145,辽宁理工学院(锦州市)[民办],,电子商务,,,432,174661
1150,辽宁师范大学[公办],,特殊教育(师范),,,540,49002
1150,辽宁师范大学[公办],,英语(师范),,,564,29282
1150,辽宁师范大学[公办],,法语,,,547,42788
1150,辽宁师范大学[公办],,历史学(师范),,,553,37725
1150,辽宁师范大学[公办],,数学与应用数学(师范),,,563,30033
1150,辽宁师范大学[公办],,物理学(师范),,,557,34586
1150,辽宁师范大学[公办],,生物科学(师范),,,557,34586
1150,辽宁师范大学[公办],,生物技术,,,537,51825
1150,辽宁师范大学[公办],,计算机科学与技术(师范),,,550,40256
1150,辽宁师范大学[公办],,计算机科学与技术,,,553,37725
1151,辽宁师范大学海华学院[独立学院],,法学,,,456,144801
1151,辽宁师范大学海华学院[独立学院],,思想政治教育,,,460,139765
1151,辽宁师范大学海华学院[独立学院],,汉语言文学,,,461,138513
1151,辽宁师范大学海华学院[独立学院],,汉语国际教育,,,458,142250
1151,辽宁师范大学海华学院[独立学院],,英语,,,454,147340
1151,辽宁师范大学海华学院[独立学院],,新闻学,,,452,149859
1151,辽宁师范大学海华学院[独立学院],,广告学,,,457,143500
1151,辽宁师范大学海华学院[独立学院],,网络与新媒体,,,458,142250
1151,辽宁师范大学海华学院[独立学院],,计算机科学与技术,,,449,153606
1151,辽宁师范大学海华学院[独立学院],,数字媒体技术,,,451,151103
1151,辽宁师范大学海华学院[独立学院],,数据科学与大数据技术,,,451,151103
1151,辽宁师范大学海华学院[独立学院],,会计学,,,448,154772
1151,辽宁师范大学海华学院[独立学院],,审计学,,,449,153606
1151,辽宁师范大学海华学院[独立学院],,图书馆学,,,450,152346
1151,辽宁师范大学海华学院[独立学院],,旅游管理,,,446,157125
1153,辽宁石油化工大学(抚顺市)[公办],,应用化学,,,512,76936
1153,辽宁石油化工大学(抚顺市)[公办],,机械设计制造及其自动化,,,525,63402
1153,辽宁石油化工大学(抚顺市)[公办],,材料成型及控制工程,,,510,79317
1153,辽宁石油化工大学(抚顺市)[公办],,过程装备与控制工程,,,515,73836
1153,辽宁石油化工大学(抚顺市)[公办],,过程装备与控制工程(卓越计划班),,,514,74839
1153,辽宁石油化工大学(抚顺市)[公办],,智能制造工程,,,524,64450
1153,辽宁石油化工大学(抚顺市)[公办],,测控技术与仪器,,,510,79317
1153,辽宁石油化工大学(抚顺市)[公办],,材料化学,,,508,81575
1153,辽宁石油化工大学(抚顺市)[公办],,能源与动力工程,,,521,67552
1153,辽宁石油化工大学(抚顺市)[公办],,通信工程,,,531,57544
1153,辽宁石油化工大学(抚顺市)[公办],,人工智能,,,533,55500
1153,辽宁石油化工大学(抚顺市)[公办],,自动化(卓越计划班),,,540,49002
1153,辽宁石油化工大学(抚顺市)[公办],,机器人工程,,,529,59504
1153,辽宁石油化工大学(抚顺市)[公办],,计算机科学与技术,,,541,48106
1153,辽宁石油化工大学(抚顺市)[公办],,智能科学与技术,,,528,60450
1153,辽宁石油化工大学(抚顺市)[公办],,城市地下空间工程,,,507,82620
1153,辽宁石油化工大学(抚顺市)[公办],,化学工程与工艺,,,518,70669
1153,辽宁石油化工大学(抚顺市)[公办],,化学工程与工艺(卓越计划班),,,529,59504
1153,辽宁石油化工大学(抚顺市)[公办],,能源化学工程,,,510,79317
1153,辽宁石油化工大学(抚顺市)[公办],,石油工程,,,520,68611
1153,辽宁石油化工大学(抚顺市)[公办],,油气储运工程,,,513,75878
1153,辽宁石油化工大学(抚顺市)[公办],,油气储运工程(卓越计划班),,,519,69642
1153,辽宁石油化工大学(抚顺市)[公办],,海洋油气工程,,,507,82620
1153,辽宁石油化工大学(抚顺市)[公办],,交通运输,,,514,74839
1153,辽宁石油化工大学(抚顺市)[公办],,环境科学,,,510,79317
1153,辽宁石油化工大学(抚顺市)[公办],,环境生态工程,,,506,83767
1153,辽宁石油化工大学(抚顺市)[公办],,安全工程,,,511,78116
1153,辽宁石油化工大学(抚顺市)[公办],,工程管理,,,513,75878
1153,辽宁石油化工大学(抚顺市)[公办],,大数据管理与应用,,,530,58518
1153,辽宁石油化工大学(抚顺市)[公办],,电气工程及其自动化(中外合作办学),,,497,94131
1153,辽宁石油化工大学(抚顺市)[公办],,化学工程与工艺(中外合作办学),,,482,112324
1157,辽宁中医药大学[公办],,英语,,,520,68611
1157,辽宁中医药大学[公办],,中医学,,,559,33069
1157,辽宁中医药大学[公办],,中医骨伤科学,,,515,73836
1157,辽宁中医药大学[公办],,市场营销,,,501,89173
1157,辽宁中医药大学[公办],,公共事业管理,,,501,89173
1157,辽宁中医药大学[公办],,物流管理,,,501,89173
1158,辽宁中医药大学杏林学院[独立学院],,中医学,,,454,147340
1158,辽宁中医药大学杏林学院[独立学院],,针灸推拿学,,,453,148600
1158,辽宁中医药大学杏林学院[独立学院],,中西医临床医学,,,458,142250
1160,聊城大学[公办],,经济学,,,522,66475
1160,聊城大学[公办],,化学,,,520,68611
1160,聊城大学[公办],,机械设计制造及其自动化,,,523,65475
1160,聊城大学[公办],,金属材料工程,,,506,83767
1160,聊城大学[公办],,电子信息工程,,,528,60450
1160,聊城大学[公办],,软件工程,,,534,54574
1160,聊城大学[公办],,口腔医学技术,,,518,70669
1161,聊城大学东昌学院[独立学院],,食品质量与安全,,,457,143500
1161,聊城大学东昌学院[独立学院],,生物工程,,,458,142250
1161,聊城大学东昌学院[独立学院],,工程造价,,,459,141008
1164,临沂大学[公办],,应用化学,,,511,78116
1164,临沂大学[公办],,人文地理与城乡规划,,,509,80441
1164,临沂大学[公办],,电气工程及其自动化,,,527,61435
1164,临沂大学[公办],,软件工程,,,528,60450
1164,临沂大学[公办],,环境工程,,,510,79317
1164,临沂大学[公办],,药学,,,515,73836
1164,临沂大学[公办],,医学影像技术,,,515,73836
1164,临沂大学[公办],,工商管理,,,522,66475
1164,临沂大学[公办],,会计学,,,526,62390
1164,临沂大学[公办],,机械设计制造及其自动化(中外合作办学),,,494,97686
1166,岭南师范学院(湛江市)[公办],,教育技术学(师范，智慧教育创新实验班),,,498,92962
1166,岭南师范学院(湛江市)[公办],,机械设计制造及其自动化,,,498,92962
1166,岭南师范学院(湛江市)[公办],,电子信息工程,,,496,95288
1167,柳州工学院[民办],,机械类,,,437,168382
1167,柳州工学院[民办],,工业设计,,,436,169642
1167,柳州工学院[民办],,车辆工程,,,437,168382
1167,柳州工学院[民办],,汽车服务工程,,,433,173411
1167,柳州工学院[民办],,电气工程及其自动化,,,444,159559
1167,柳州工学院[民办],,电子信息工程,,,448,154772
1167,柳州工学院[民办],,自动化,,,446,157125
1167,柳州工学院[民办],,计算机科学与技术,,,451,151103
1167,柳州工学院[民办],,物联网工程,,,447,155919
1167,柳州工学院[民办],,土木工程,,,441,163301
1167,柳州工学院[民办],,测绘工程,,,437,168382
1167,柳州工学院[民办],,化学工程与工艺,,,442,162050
1167,柳州工学院[民办],,化妆品技术与工程,,,441,163301
1167,柳州工学院[民办],,食品科学与工程,,,437,168382
1167,柳州工学院[民办],,食品质量与安全,,,436,169642
1167,柳州工学院[民办],,建筑学,,,443,160819
1167,柳州工学院[民办],,工程管理,,,439,165845
1167,柳州工学院[民办],,房地产开发与管理,,,443,160819
1167,柳州工学院[民办],,工程造价,,,440,164582
1167,柳州工学院[民办],,资产评估,,,442,162050
1170,六盘水师范学院[公办],,机械类,,,475,120971
1170,六盘水师范学院[公办],,矿业类,,,465,133566
1171,龙岩学院[公办],,机械设计制造及其自动化,,,494,97686
1171,龙岩学院[公办],,软件工程,,,495,96518
1171,龙岩学院[公办],,测绘工程,,,481,113547
1172,陇东学院(庆阳市)[公办],,化学,,,474,122219
1172,陇东学院(庆阳市)[公办],,电气工程及其自动化,,,484,109959
1172,陇东学院(庆阳市)[公办],,电子信息工程(智能电子方向),,,481,113547
1172,陇东学院(庆阳市)[公办],,食品科学与工程,,,469,128494
1172,陇东学院(庆阳市)[公办],,生物制药,,,471,126020
1172,陇东学院(庆阳市)[公办],,农学,,,465,133566
1172,陇东学院(庆阳市)[公办],,健康服务与管理,,,469,128494
1173,鲁东大学[公办],,地理科学,,,531,57544
1173,鲁东大学[公办],,生物科学,,,536,52757
1173,鲁东大学[公办],,机械类,,,524,64450
1173,鲁东大学[公办],,材料类,,,515,73836
1173,鲁东大学[公办],,新能源材料与器件,,,521,67552
1173,鲁东大学[公办],,能源与动力工程,,,525,63402
1173,鲁东大学[公办],,光电信息科学与工程,,,529,59504
1173,鲁东大学[公办],,土木工程,,,517,71732
1173,鲁东大学[公办],,港口航道与海岸工程,,,514,74839
1173,鲁东大学[公办],,食品科学与工程,,,516,72762
1173,鲁东大学[公办],,生物工程,,,517,71732
1173,鲁东大学[公办],,农学,,,511,78116
1173,鲁东大学[公办],,园艺,,,510,79317
1173,鲁东大学[公办],,水产养殖学,,,502,88336
1173,鲁东大学[公办],,财务管理,,,532,56540
1176,洛阳理工学院[公办],,应用化学,,,502,88336
1176,洛阳理工学院[公办],,生物技术,,,496,95288
1176,洛阳理工学院[公办],,机械类,,,502,88336
1176,洛阳理工学院[公办],,机械设计制造及其自动化,,,508,81575
1176,洛阳理工学院[公办],,材料类,,,488,104962
1176,洛阳理工学院[公办],,金属材料工程,,,485,108714
1176,洛阳理工学院[公办],,无机非金属材料工程,,,482,112324
1176,洛阳理工学院[公办],,电气工程及其自动化,,,515,73836
1176,洛阳理工学院[公办],,电子科学与技术,,,511,78116
1176,洛阳理工学院[公办],,通信工程,,,514,74839
1176,洛阳理工学院[公办],,自动化,,,511,78116
1176,洛阳理工学院[公办],,计算机科学与技术,,,522,66475
1176,洛阳理工学院[公办],,物联网工程,,,514,74839
1176,洛阳理工学院[公办],,智能科学与技术,,,510,79317
1176,洛阳理工学院[公办],,数据科学与大数据技术,,,514,74839
1176,洛阳理工学院[公办],,建筑环境与能源应用工程,,,496,95288
1176,洛阳理工学院[公办],,给排水科学与工程,,,499,91783
1176,洛阳理工学院[公办],,资源循环科学与工程,,,490,102500
1176,洛阳理工学院[公办],,环境工程,,,494,97686
1176,洛阳理工学院[公办],,工程造价,,,505,84880
1176,洛阳理工学院[公办],,土木工程(中外合作办学),,,468,129759
1177,洛阳师范学院[公办],,数学与应用数学,,,517,71732
1177,洛阳师范学院[公办],,生物科学,,,516,72762
1177,洛阳师范学院[公办],,人工智能,,,503,87191
1177,洛阳师范学院[公办],,化学工程与工艺,,,495,96518
1177,洛阳师范学院[公办],,物流管理,,,497,94131
1180,吕梁学院[公办],,思想政治教育,,,491,101322
1180,吕梁学院[公办],,汉语言文学,,,503,87191
1180,吕梁学院[公办],,英语,,,497,94131
1180,吕梁学院[公办],,数学与应用数学,,,482,112324
1180,吕梁学院[公办],,信息与计算科学,,,478,117259
1180,吕梁学院[公办],,物理学,,,475,120971
1180,吕梁学院[公办],,化学,,,479,116040
1180,吕梁学院[公办],,生物科学,,,477,118522
1180,吕梁学院[公办],,应用心理学,,,481,113547
1180,吕梁学院[公办],,机械电子工程,,,478,117259
1180,吕梁学院[公办],,材料化学,,,469,128494
1180,吕梁学院[公办],,冶金工程,,,468,129759
1180,吕梁学院[公办],,电子信息工程,,,482,112324
1180,吕梁学院[公办],,人工智能,,,481,113547
1180,吕梁学院[公办],,软件工程,,,485,108714
1180,吕梁学院[公办],,数据科学与大数据技术,,,486,107443
1180,吕梁学院[公办],,土木工程,,,477,118522
1180,吕梁学院[公办],,测绘工程,,,469,128494
1180,吕梁学院[公办],,化学工程与工艺,,,470,127253
1180,吕梁学院[公办],,制药工程,,,474,122219
1180,吕梁学院[公办],,采矿工程,,,466,132235
1180,吕梁学院[公办],,食品科学与工程,,,472,124770
1180,吕梁学院[公办],,安全工程,,,470,127253
1180,吕梁学院[公办],,工程管理,,,477,118522
1180,吕梁学院[公办],,财务管理,,,493,98867
1180,吕梁学院[公办],,物业管理,,,470,127253
1180,吕梁学院[公办],,文化产业管理,,,478,117259
1184,茅台学院[民办],,自动化,,,467,130969
1184,茅台学院[民办],,资源循环科学与工程,,,461,138513
1184,茅台学院[民办],,包装工程,,,457,143500
1184,茅台学院[民办],,环境科学与工程,,,461,138513
1184,茅台学院[民办],,食品科学与工程,,,464,134859
1184,茅台学院[民办],,食品质量与安全,,,464,134859
1184,茅台学院[民办],,酿酒工程,,,465,133566
1184,茅台学院[民办],,葡萄与葡萄酒工程,,,464,134859
1184,茅台学院[民办],,白酒酿造工程,,,478,117259
1184,茅台学院[民办],,市场营销,,,462,137255
1184,茅台学院[民办],,物流管理,,,464,134859
1184,茅台学院[民办],,电子商务,,,464,134859
1188,绵阳城市学院[民办],,金融科技,,,454,147340
1188,绵阳城市学院[民办],,财务管理,,,456,144801
1190,绵阳师范学院[公办],,数学与应用数学,,,514,74839
1190,绵阳师范学院[公办],,生物科学,,,510,79317
1190,绵阳师范学院[公办],,环境科学与工程,,,492,100090
1198,闽江学院(福州市)[公办],,网络与新媒体,,,521,67552
1198,闽江学院(福州市)[公办],,数学与应用数学,,,509,80441
1198,闽江学院(福州市)[公办],,应用统计学,,,507,82620
1198,闽江学院(福州市)[公办],,电气工程及其自动化,,,524,64450
1198,闽江学院(福州市)[公办],,电子信息类,,,518,70669
1198,闽江学院(福州市)[公办],,信息安全,,,518,70669
1198,闽江学院(福州市)[公办],,数据科学与大数据技术,,,520,68611
1198,闽江学院(福州市)[公办],,财务管理,,,518,70669
1200,闽南师范大学(漳州市)[公办],,经济与金融,,,519,69642
1200,闽南师范大学(漳州市)[公办],,英语,,,535,53694
1200,闽南师范大学(漳州市)[公办],,物理学,,,525,63402
1200,闽南师范大学(漳州市)[公办],,统计学,,,514,74839
1200,闽南师范大学(漳州市)[公办],,电气工程及其自动化,,,519,69642
1200,闽南师范大学(漳州市)[公办],,软件工程,,,517,71732
1200,闽南师范大学(漳州市)[公办],,环境科学与工程,,,502,88336
1200,闽南师范大学(漳州市)[公办],,园林,,,500,90630
1203,牡丹江师范学院[公办],,物理学,,,487,106171
1203,牡丹江师范学院[公办],,化学,,,491,101322
1203,牡丹江师范学院[公办],,应用化学,,,480,114796
1203,牡丹江师范学院[公办],,生物科学,,,485,108714
1203,牡丹江师范学院[公办],,生物技术,,,480,114796
1203,牡丹江师范学院[公办],,软件工程,,,494,97686
1204,牡丹江医学院[公办],,制药工程,,,487,106171
1204,牡丹江医学院[公办],,生物医学工程,,,501,89173
1204,牡丹江医学院[公办],,临床医学,,,513,75878
1204,牡丹江医学院[公办],,医学影像学,,,513,75878
1204,牡丹江医学院[公办],,预防医学,,,507,82620
1204,牡丹江医学院[公办],,药学,,,492,100090
1204,牡丹江医学院[公办],,医学检验技术,,,495,96518
1204,牡丹江医学院[公办],,康复治疗学,,,490,102500
1205,南昌大学[公办],,金融数学,,,587,15439
1205,南昌大学[公办],,数学类,,,589,14462
1205,南昌大学[公办],,物理学类,,,587,15439
1205,南昌大学[公办],,化学类,,,579,19795
1205,南昌大学[公办],,生物科学类,,,581,18643
1205,南昌大学[公办],,工程力学,,,580,19205
1205,南昌大学[公办],,机械设计制造及其自动化,,,588,14950
1205,南昌大学[公办],,材料成型及控制工程,,,580,19205
1205,南昌大学[公办],,车辆工程,,,589,14462
1205,南昌大学[公办],,材料类,,,578,20380
1205,南昌大学[公办],,电气工程及其自动化,,,593,12676
1205,南昌大学[公办],,电子信息类,,,593,12676
1205,南昌大学[公办],,计算机类(计算机与大数据),,,596,11399
1205,南昌大学[公办],,计算机类(软件与网络空间),,,593,12676
1205,南昌大学[公办],,土木类,,,575,22143
1205,南昌大学[公办],,化工与制药类,,,577,20936
1205,南昌大学[公办],,环境科学与工程类,,,567,27220
1205,南昌大学[公办],,建筑类,,,579,19795
1205,南昌大学[公办],,基础医学,,,579,19795
1205,南昌大学[公办],,临床医学,,,595,11821
1205,南昌大学[公办],,麻醉学,,,592,13125
1205,南昌大学[公办],,儿科学,,,589,14462
1205,南昌大学[公办],,口腔医学,,,598,10589
1205,南昌大学[公办],,预防医学,,,577,20936
1205,南昌大学[公办],,护理学,,,559,33069
1205,南昌大学[公办],,管理科学与工程类,,,580,19205
1205,南昌大学[公办],,会计学,,,589,14462
1205,南昌大学[公办],,公共管理类,,,580,19205
1205,南昌大学[公办],,临床医学类(中外合作办学)(中英双学位合作办学),,,586,15960
1206,南昌大学共青学院(九江市)[独立学院],,电气工程及其自动化,,,457,143500
1206,南昌大学共青学院(九江市)[独立学院],,电子信息工程,,,457,143500
1206,南昌大学共青学院(九江市)[独立学院],,计算机科学与技术,,,459,141008
1206,南昌大学共青学院(九江市)[独立学院],,软件工程,,,459,141008
1206,南昌大学共青学院(九江市)[独立学院],,土木工程,,,456,144801
1206,南昌大学共青学院(九江市)[独立学院],,会计学,,,464,134859
1207,南昌大学科学技术学院[独立学院],,国际经济与贸易,,,459,141008
1207,南昌大学科学技术学院[独立学院],,法学,,,471,126020
1207,南昌大学科学技术学院[独立学院],,机械设计制造及其自动化,,,462,137255
1207,南昌大学科学技术学院[独立学院],,材料成型及控制工程,,,456,144801
1207,南昌大学科学技术学院[独立学院],,电气工程及其自动化,,,463,136058
1207,南昌大学科学技术学院[独立学院],,电子信息工程,,,464,134859
1207,南昌大学科学技术学院[独立学院],,生物工程,,,462,137255
1208,南昌工程学院[公办],,应用统计学,,,512,76936
1208,南昌工程学院[公办],,机械设计制造及其自动化,,,511,78116
1208,南昌工程学院[公办],,车辆工程,,,509,80441
1208,南昌工程学院[公办],,能源与动力工程,,,517,71732
1208,南昌工程学院[公办],,电气工程及其自动化,,,529,59504
1208,南昌工程学院[公办],,智能电网信息工程,,,526,62390
1208,南昌工程学院[公办],,通信工程,,,520,68611
1208,南昌工程学院[公办],,自动化,,,518,70669
1208,南昌工程学院[公办],,机器人工程,,,517,71732
1208,南昌工程学院[公办],,计算机科学与技术,,,527,61435
1208,南昌工程学院[公办],,数据科学与大数据技术,,,534,54574
1208,南昌工程学院[公办],,土木工程,,,504,86042
1208,南昌工程学院[公办],,给排水科学与工程,,,506,83767
1208,南昌工程学院[公办],,道路桥梁与渡河工程,,,506,83767
1208,南昌工程学院[公办],,水利水电工程,,,514,74839
1208,南昌工程学院[公办],,水文与水资源工程,,,500,90630
1208,南昌工程学院[公办],,智慧水利,,,501,89173
1208,南昌工程学院[公办],,测绘工程,,,503,87191
1208,南昌工程学院[公办],,地质工程,,,500,90630
1208,南昌工程学院[公办],,农业水利工程,,,500,90630
1208,南昌工程学院[公办],,城乡规划,,,504,86042
1208,南昌工程学院[公办],,风景园林,,,501,89173
1208,南昌工程学院[公办],,水土保持与荒漠化防治,,,492,100090
1208,南昌工程学院[公办],,园林,,,502,88336
1208,南昌工程学院[公办],,工程造价,,,512,76936
1208,南昌工程学院[公办],,审计学,,,527,61435
1208,南昌工程学院[公办],,工业工程,,,496,95288
1208,南昌工程学院[公办],,土木工程(中外合作办学)(中荷合作),,,486,107443
1209,南昌工学院[民办],,机械设计制造及其自动化,,,453,148600
1209,南昌工学院[民办],,车辆工程,,,450,152346
1209,南昌工学院[民办],,智能制造工程,,,452,149859
1209,南昌工学院[民办],,电子信息工程,,,450,152346
1209,南昌工学院[民办],,软件工程,,,456,144801
1209,南昌工学院[民办],,数字媒体技术,,,455,146091
1209,南昌工学院[民办],,数据科学与大数据技术,,,455,146091
1209,南昌工学院[民办],,土木工程(装配式建筑),,,440,164582
1209,南昌工学院[民办],,工程管理,,,444,159559
1209,南昌工学院[民办],,工程造价(BIM5D算量),,,451,151103
1210,南昌航空大学[公办],,数学与应用数学,,,560,32247
1210,南昌航空大学[公办],,应用化学,,,543,46278
1210,南昌航空大学[公办],,机械设计制造及其自动化,,,559,33069
1210,南昌航空大学[公办],,材料成型及控制工程,,,544,45381
1210,南昌航空大学[公办],,机械电子工程,,,554,36948
1210,南昌航空大学[公办],,智能制造工程,,,555,36191
1210,南昌航空大学[公办],,测控技术与仪器,,,552,38584
1210,南昌航空大学[公办],,材料化学,,,536,52757
1210,南昌航空大学[公办],,金属材料工程,,,540,49002
1210,南昌航空大学[公办],,无机非金属材料工程,,,537,51825
1210,南昌航空大学[公办],,高分子材料与工程,,,545,44494
1210,南昌航空大学[公办],,复合材料与工程,,,540,49002
1210,南昌航空大学[公办],,焊接技术与工程,,,545,44494
1210,南昌航空大学[公办],,电气工程及其自动化,,,562,30764
1210,南昌航空大学[公办],,电子信息工程,,,563,30033
1210,南昌航空大学[公办],,电子科学与技术,,,559,33069
1210,南昌航空大学[公办],,通信工程,,,559,33069
1210,南昌航空大学[公办],,光电信息科学与工程,,,556,35406
1210,南昌航空大学[公办],,电子封装技术,,,547,42788
1210,南昌航空大学[公办],,人工智能,,,559,33069
1210,南昌航空大学[公办],,自动化,,,562,30764
1210,南昌航空大学[公办],,计算机科学与技术,,,564,29282
1210,南昌航空大学[公办],,软件工程(飞行器控制技术),,,553,37725
1210,南昌航空大学[公办],,软件工程(软件设计与开发),,,557,34586
1210,南昌航空大学[公办],,网络工程,,,562,30764
1210,南昌航空大学[公办],,物联网工程,,,556,35406
1210,南昌航空大学[公办],,数据科学与大数据技术,,,560,32247
1210,南昌航空大学[公办],,土木工程,,,542,47194
1210,南昌航空大学[公办],,给排水科学与工程,,,538,50883
1210,南昌航空大学[公办],,交通工程,,,546,43628
1210,南昌航空大学[公办],,飞行器设计与工程,,,567,27220
1210,南昌航空大学[公办],,飞行器制造工程,,,565,28568
1210,南昌航空大学[公办],,飞行器制造工程(航空维修工程与技术),,,557,34586
1210,南昌航空大学[公办],,飞行器动力工程,,,560,32247
1210,南昌航空大学[公办],,环境工程,,,538,50883
1210,南昌航空大学[公办],,生物医学工程(医疗电子与软件),,,543,46278
1210,南昌航空大学[公办],,工程管理,,,537,51825
1210,南昌航空大学[公办],,会计学(国际会计),,,540,49002
1210,南昌航空大学[公办],,工业工程,,,545,44494
1210,南昌航空大学[公办],,电子信息工程(中外合作办学),,,542,47194
1210,南昌航空大学[公办],,电子信息工程(中外合作办学)(光电方向),,,538,50883
1210,南昌航空大学[公办],,网络工程(中外合作办学),,,532,56540
1211,南昌航空大学科技学院[独立学院],,材料成型及控制工程,,,459,141008
1211,南昌航空大学科技学院[独立学院],,测控技术与仪器,,,465,133566
1211,南昌航空大学科技学院[独立学院],,金属材料工程,,,458,142250
1211,南昌航空大学科技学院[独立学院],,焊接技术与工程(智能焊接技术),,,464,134859
1211,南昌航空大学科技学院[独立学院],,计算机科学与技术,,,480,114796
1211,南昌航空大学科技学院[独立学院],,软件工程,,,489,103748
1211,南昌航空大学科技学院[独立学院],,飞行器制造工程,,,469,128494
1211,南昌航空大学科技学院[独立学院],,工商管理,,,481,113547
1211,南昌航空大学科技学院[独立学院],,市场营销(数字营销),,,461,138513
1211,南昌航空大学科技学院[独立学院],,电子商务,,,473,123482
1212,南昌交通学院[民办],,机械设计制造及其自动化,,,459,141008
1212,南昌交通学院[民办],,车辆工程,,,456,144801
1212,南昌交通学院[民办],,电气工程及其自动化,,,460,139765
1212,南昌交通学院[民办],,智能科学与技术,,,457,143500
1212,南昌交通学院[民办],,土木工程,,,460,139765
1213,南昌理工学院[民办],,法学,,,460,139765
1213,南昌理工学院[民办],,新能源科学与工程,,,456,144801
1213,南昌理工学院[民办],,电子信息工程,,,460,139765
1213,南昌理工学院[民办],,通信工程,,,456,144801
1213,南昌理工学院[民办],,机器人工程,,,464,134859
1213,南昌理工学院[民办],,计算机科学与技术,,,464,134859
1213,南昌理工学院[民办],,软件工程,,,460,139765
1213,南昌理工学院[民办],,物联网工程,,,457,143500
1213,南昌理工学院[民办],,生物工程,,,456,144801
1213,南昌理工学院[民办],,护理学,,,455,146091
1213,南昌理工学院[民办],,大数据管理与应用,,,454,147340
1213,南昌理工学院[民办],,汽车服务工程(中外合作办学)(中韩合作办学),,,436,169642
1214,南昌师范学院[公办],,学前教育,,,510,79317
1214,南昌师范学院[公办],,小学教育,,,516,72762
1214,南昌师范学院[公办],,商务英语,,,511,78116
1214,南昌师范学院[公办],,数学与应用数学,,,536,52757
1214,南昌师范学院[公办],,物理学,,,520,68611
1214,南昌师范学院[公办],,化学,,,522,66475
1214,南昌师范学院[公办],,生物科学,,,521,67552
1214,南昌师范学院[公办],,电子信息工程,,,513,75878
1214,南昌师范学院[公办],,计算机科学与技术,,,520,68611
1214,南昌师范学院[公办],,电子商务,,,516,72762
1214,南昌师范学院[公办],,旅游管理,,,503,87191
1214,南昌师范学院[公办],,会展经济与管理,,,489,103748
1215,南昌医学院[公办],,临床医学,,,535,53694
1215,南昌医学院[公办],,中医学,,,521,67552
1215,南昌医学院[公办],,针灸推拿学,,,505,84880
1215,南昌医学院[公办],,中西医临床医学,,,513,75878
1215,南昌医学院[公办],,药学,,,500,90630
1215,南昌医学院[公办],,医学检验技术,,,506,83767
1215,南昌医学院[公办],,助产学,,,500,90630
1216,南昌应用技术师范学院[民办],,国际经济与贸易,,,454,147340
1216,南昌应用技术师范学院[民办],,思想政治教育,,,461,138513
1216,南昌应用技术师范学院[民办],,汉语言文学,,,465,133566
1216,南昌应用技术师范学院[民办],,数学与应用数学,,,458,142250
1216,南昌应用技术师范学院[民办],,电子信息工程,,,458,142250
1216,南昌应用技术师范学院[民办],,软件工程,,,458,142250
1216,南昌应用技术师范学院[民办],,财务管理,,,458,142250
1216,南昌应用技术师范学院[民办],,旅游管理,,,450,152346
1223,南方医科大学[公办],,生物信息学,,,573,23356
1223,南方医科大学[公办],,应用统计学(生物统计),,,573,23356
1223,南方医科大学[公办],,生物医学工程,,,575,22143
1223,南方医科大学[公办],,基础医学,,,584,17032
1223,南方医科大学[公办],,临床医学(本硕博连读),,,628,2846
1223,南方医科大学[公办],,临床医学,,,617,4895
1223,南方医科大学[公办],,预防医学,,,582,18065
1223,南方医科大学[公办],,临床药学,,,583,17536
1223,南方医科大学[公办],,医学检验技术,,,575,22143
1224,南华大学船山学院[独立学院],,电子信息工程,,,467,130969
1224,南华大学船山学院[独立学院],,土木工程,,,464,134859
1225,南华大学(衡阳市)[公办],,经济学,,,549,41073
1225,南华大学(衡阳市)[公办],,外国语言文学类,,,549,41073
1225,南华大学(衡阳市)[公办],,信息与计算科学,,,549,41073
1225,南华大学(衡阳市)[公办],,核物理,,,558,33822
1225,南华大学(衡阳市)[公办],,机械类,,,542,47194
1225,南华大学(衡阳市)[公办],,材料类,,,528,60450
1225,南华大学(衡阳市)[公办],,能源与动力工程,,,548,41891
1225,南华大学(衡阳市)[公办],,电气工程及其自动化,,,555,36191
1225,南华大学(衡阳市)[公办],,电子信息类,,,554,36948
1225,南华大学(衡阳市)[公办],,人工智能,,,552,38584
1225,南华大学(衡阳市)[公办],,自动化类,,,551,40256
1225,南华大学(衡阳市)[公办],,计算机类,,,559,33069
1225,南华大学(衡阳市)[公办],,土木类,,,526,62390
1225,南华大学(衡阳市)[公办],,城市地下空间工程,,,527,61435
1225,南华大学(衡阳市)[公办],,化工与制药类,,,532,56540
1225,南华大学(衡阳市)[公办],,矿业类,,,510,79317
1225,南华大学(衡阳市)[公办],,核工程类,,,563,30033
1225,南华大学(衡阳市)[公办],,环境工程,,,522,66475
1225,南华大学(衡阳市)[公办],,生物医学工程,,,536,52757
1225,南华大学(衡阳市)[公办],,建筑类,,,543,46278
1225,南华大学(衡阳市)[公办],,风景园林,,,535,53694
1225,南华大学(衡阳市)[公办],,安全工程(含卓越工程师班),,,542,47194
1225,南华大学(衡阳市)[公办],,临床医学类,,,572,23984
1225,南华大学(衡阳市)[公办],,护理学,,,530,58518
1225,南华大学(衡阳市)[公办],,工商管理类,,,541,48106
1225,南华大学(衡阳市)[公办],,电子商务,,,546,43628
1226,南京财经大学[公办],,经济学类,,,577,20936
1226,南京财经大学[公办],,财政学类,,,577,20936
1226,南京财经大学[公办],,金融学类,,,579,19795
1226,南京财经大学[公办],,金融数学,,,573,23356
1226,南京财经大学[公办],,计算机科学与技术,,,579,19795
1226,南京财经大学[公办],,软件工程(嵌入式培养),,,580,19205
1226,南京财经大学[公办],,食品科学与工程类,,,559,33069
1226,南京财经大学[公办],,大数据管理与应用,,,577,20936
1226,南京财经大学[公办],,工商管理类,,,580,19205
1226,南京财经大学[公办],,工商管理,,,571,24634
1226,南京财经大学[公办],,市场营销,,,561,31495
1226,南京财经大学[公办],,人力资源管理,,,568,26529
1226,南京财经大学[公办],,物流管理,,,561,31495
1226,南京财经大学[公办],,质量管理工程,,,560,32247
1226,南京财经大学[公办],,电子商务,,,570,25269
1227,南京财经大学红山学院[独立学院],,税收学,,,472,124770
1227,南京财经大学红山学院[独立学院],,金融学,,,476,119752
1227,南京财经大学红山学院[独立学院],,保险学,,,463,136058
1227,南京财经大学红山学院[独立学院],,国际经济与贸易,,,477,118522
1227,南京财经大学红山学院[独立学院],,贸易经济,,,469,128494
1227,南京财经大学红山学院[独立学院],,法学,,,483,111133
1227,南京财经大学红山学院[独立学院],,英语,,,473,123482
1227,南京财经大学红山学院[独立学院],,工商管理,,,472,124770
1227,南京财经大学红山学院[独立学院],,市场营销,,,466,132235
1227,南京财经大学红山学院[独立学院],,会计学,,,481,113547
1227,南京财经大学红山学院[独立学院],,财务管理,,,480,114796
1227,南京财经大学红山学院[独立学院],,人力资源管理,,,469,128494
1227,南京财经大学红山学院[独立学院],,审计学,,,478,117259
1227,南京财经大学红山学院[独立学院],,物流管理,,,465,133566
1227,南京财经大学红山学院[独立学院],,电子商务,,,474,122219
1230,南京大学[公办],,经济管理试验班,,,653,560
1230,南京大学[公办],,工科试验班,,,655,477
1230,南京大学[公办],,技术科学试验班,,,655,477
1230,南京大学[公办],,理科试验班类(匡亚明学院大理科班),,,658,366
1230,南京大学[公办],,理科试验班类(化学与生命科学类),,,655,477
1230,南京大学[公办],,理科试验班(数理科学类),,,655,477
1230,南京大学[公办],,金融工程(计算机金融实验班),,,656,436
1230,南京大学[公办],,电子信息类,,,656,436
1230,南京大学[公办],,人工智能,,,662,257
1230,南京大学[公办],,计算机科学与技术,,,659,342
1230,南京大学[公办],,软件工程,,,657,401
1232,南京工程学院[公办],,机械类,,,541,48106
1232,南京工程学院[公办],,材料成型及控制工程,,,529,59504
1232,南京工程学院[公办],,车辆工程,,,539,49949
1232,南京工程学院[公办],,汽车服务工程,,,528,60450
1232,南京工程学院[公办],,材料类,,,523,65475
1232,南京工程学院[公办],,能源动力类,,,546,43628
1232,南京工程学院[公办],,电气工程及其自动化(电力系统及其自动化),,,568,26529
1232,南京工程学院[公办],,电气工程与智能控制,,,565,28568
1232,南京工程学院[公办],,电子信息工程,,,558,33822
1232,南京工程学院[公办],,人工智能,,,551,40256
1232,南京工程学院[公办],,机器人工程,,,546,43628
1232,南京工程学院[公办],,软件工程,,,558,33822
1232,南京工程学院[公办],,网络工程(嵌入式培养),,,550,40256
1232,南京工程学院[公办],,数字媒体技术(嵌入式培养),,,550,40256
1232,南京工程学院[公办],,土木类,,,530,58518
1232,南京工程学院[公办],,建筑学,,,535,53694
1232,南京工程学院[公办],,信息管理与信息系统,,,545,44494
1232,南京工程学院[公办],,工业工程,,,531,57544
1232,南京工程学院[公办],,电气工程及其自动化(中外合作办学),,,551,40256
1232,南京工程学院[公办],,软件工程(中外合作办学),,,544,45381
1233,南京工业大学[公办],,应用物理学,,,574,22729
1233,南京工业大学[公办],,化学类,,,570,25269
1233,南京工业大学[公办],,智能制造工程,,,576,21536
1233,南京工业大学[公办],,材料类,,,567,27220
1233,南京工业大学[公办],,材料科学与工程,,,569,25895
1233,南京工业大学[公办],,能源动力类,,,573,23356
1233,南京工业大学[公办],,新能源科学与工程,,,578,20380
1233,南京工业大学[公办],,储能科学与工程,,,574,22729
1233,南京工业大学[公办],,电子信息类,,,583,17536
1233,南京工业大学[公办],,柔性电子学,,,577,20936
1233,南京工业大学[公办],,土木类,,,568,26529
1233,南京工业大学[公办],,给排水科学与工程,,,562,30764
1233,南京工业大学[公办],,城市地下空间工程,,,562,30764
1233,南京工业大学[公办],,化学工程与工艺,,,568,26529
1233,南京工业大学[公办],,资源循环科学与工程,,,563,30033
1233,南京工业大学[公办],,轻化工程,,,564,29282
1233,南京工业大学[公办],,环境科学与工程类,,,563,30033
1233,南京工业大学[公办],,建筑学,,,573,23356
1233,南京工业大学[公办],,生物工程,,,574,22729
1233,南京工业大学[公办],,药学类,,,563,30033
1233,南京工业大学[公办],,管理科学与工程类,,,564,29282
1235,南京工业大学浦江学院[独立学院],,汽车服务工程,,,470,127253
1235,南京工业大学浦江学院[独立学院],,通信工程(嵌入式培养),,,487,106171
1235,南京工业大学浦江学院[独立学院],,自动化,,,481,113547
1235,南京工业大学浦江学院[独立学院],,土木工程,,,476,119752
1235,南京工业大学浦江学院[独立学院],,交通工程,,,468,129759
1235,南京工业大学浦江学院[独立学院],,工商管理,,,469,128494
1235,南京工业大学浦江学院[独立学院],,工业工程,,,470,127253
1236,南京航空航天大学[公办],,信息与计算科学,,,611,6343
1236,南京航空航天大学[公办],,应用物理学,,,608,7171
1236,南京航空航天大学[公办],,应用统计学,,,608,7171
1236,南京航空航天大学[公办],,工程力学,,,610,6588
1236,南京航空航天大学[公办],,机械工程,,,609,6887
1236,南京航空航天大学[公办],,工业设计,,,608,7171
1236,南京航空航天大学[公办],,车辆工程,,,607,7470
1236,南京航空航天大学[公办],,智能制造工程,,,609,6887
1236,南京航空航天大学[公办],,测控技术与仪器,,,608,7171
1236,南京航空航天大学[公办],,材料科学与工程,,,606,7785
1236,南京航空航天大学[公办],,新能源材料与器件,,,606,7785
1236,南京航空航天大学[公办],,能源与动力工程,,,609,6887
1236,南京航空航天大学[公办],,电气工程及其自动化,,,613,5819
1236,南京航空航天大学[公办],,电子信息类,,,613,5819
1236,南京航空航天大学[公办],,微电子科学与工程(集成电路设计),,,611,6343
1236,南京航空航天大学[公办],,人工智能,,,612,6049
1236,南京航空航天大学[公办],,自动化,,,611,6343
1236,南京航空航天大学[公办],,机器人工程,,,611,6343
1236,南京航空航天大学[公办],,计算机科学与技术,,,617,4895
1236,南京航空航天大学[公办],,软件工程,,,614,5569
1236,南京航空航天大学[公办],,信息安全,,,613,5819
1236,南京航空航天大学[公办],,物联网工程,,,613,5819
1236,南京航空航天大学[公办],,土木工程,,,604,8390
1236,南京航空航天大学[公办],,交通运输(空中交通管制与签派),,,605,8076
1236,南京航空航天大学[公办],,交通运输(民航电子电气工程),,,607,7470
1236,南京航空航天大学[公办],,交通运输(民航机务工程),,,605,8076
1236,南京航空航天大学[公办],,航空航天类,,,611,6343
1236,南京航空航天大学[公办],,航空航天工程,,,616,5107
1236,南京航空航天大学[公办],,飞行器适航技术,,,608,7171
1236,南京航空航天大学[公办],,核工程类,,,605,8076
1236,南京航空航天大学[公办],,生物医学工程,,,604,8390
1236,南京航空航天大学[公办],,管理科学与工程类,,,605,8076
1236,南京航空航天大学[公办],,大数据管理与应用,,,609,6887
1236,南京航空航天大学[公办],,会计学,,,607,7470
1240,南京理工大学[公办],,经济学类,,,601,9445
1240,南京理工大学[公办],,机械类,,,605,8076
1240,南京理工大学[公办],,智能制造工程,,,606,7785
1240,南京理工大学[公办],,能源动力类,,,603,8730
1240,南京理工大学[公办],,新能源科学与工程,,,603,8730
1240,南京理工大学[公办],,电子信息类,,,609,6887
1240,南京理工大学[公办],,自动化类,,,608,7171
1240,南京理工大学[公办],,计算机类,,,612,6049
1240,南京理工大学[公办],,数据科学与大数据技术,,,609,6887
1240,南京理工大学[公办],,网络空间安全,,,609,6887
1240,南京理工大学[公办],,兵器类,,,606,7785
1240,南京理工大学[公办],,武器发射工程,,,603,8730
1240,南京理工大学[公办],,探测制导与控制技术,,,605,8076
1240,南京理工大学[公办],,信息管理与信息系统,,,605,8076
1242,南京理工大学泰州科技学院[独立学院],,化学工程与工艺,,,460,139765
1243,南京林业大学[公办],,地理信息科学,,,568,26529
1243,南京林业大学[公办],,生态学,,,563,30033
1243,南京林业大学[公办],,车辆工程,,,568,26529
1243,南京林业大学[公办],,材料类,,,561,31495
1243,南京林业大学[公办],,能源与动力工程,,,573,23356
1243,南京林业大学[公办],,自动化,,,573,23356
1243,南京林业大学[公办],,土木类,,,563,30033
1243,南京林业大学[公办],,测绘工程,,,562,30764
1243,南京林业大学[公办],,化学工程与工艺,,,566,27894
1243,南京林业大学[公办],,轻化工程,,,556,35406
1243,南京林业大学[公办],,包装工程,,,555,36191
1243,南京林业大学[公办],,木材科学与工程,,,564,29282
1243,南京林业大学[公办],,林产化工,,,560,32247
1243,南京林业大学[公办],,食品科学与工程类,,,561,31495
1243,南京林业大学[公办],,生物工程类,,,567,27220
1243,南京林业大学[公办],,水土保持与荒漠化防治,,,559,33069
1243,南京林业大学[公办],,林学类,,,566,27894
1243,南京林业大学[公办],,园林,,,572,23984
1243,南京林业大学[公办],,木材科学与工程(中外合作办学),,,544,45381
1243,南京林业大学[公办],,林学(中外合作办学),,,547,42788
1246,南京农业大学[公办],,金融学,,,593,12676
1246,南京农业大学[公办],,投资学,,,586,15960
1246,南京农业大学[公办],,国际经济与贸易,,,584,17032
1246,南京农业大学[公办],,社会学类,,,580,19205
1246,南京农业大学[公办],,英语,,,586,15960
1246,南京农业大学[公办],,信息与计算科学,,,586,15960
1246,南京农业大学[公办],,应用化学,,,576,21536
1246,南京农业大学[公办],,生物科学类,,,580,19205
1246,南京农业大学[公办],,生物科学(生物学基地班),,,586,15960
1246,南京农业大学[公办],,生物技术(生命科学与技术基地班),,,585,16469
1246,南京农业大学[公办],,统计学,,,588,14950
1246,南京农业大学[公办],,机械类,,,577,20936
1246,南京农业大学[公办],,电子信息类,,,586,15960
1246,南京农业大学[公办],,人工智能,,,590,14004
1246,南京农业大学[公办],,计算机科学与技术,,,594,12236
1246,南京农业大学[公办],,数据科学与大数据技术,,,588,14950
1246,南京农业大学[公办],,农业工程类,,,569,25895
1246,南京农业大学[公办],,环境科学与工程类,,,571,24634
1246,南京农业大学[公办],,食品科学与工程类,,,576,21536
1246,南京农业大学[公办],,食品营养与健康,,,575,22143
1246,南京农业大学[公办],,风景园林,,,589,14462
1246,南京农业大学[公办],,农学,,,574,22729
1246,南京农业大学[公办],,园艺,,,573,23356
1246,南京农业大学[公办],,植物保护,,,572,23984
1246,南京农业大学[公办],,种子科学与工程,,,585,16469
1246,南京农业大学[公办],,智慧农业,,,577,20936
1246,南京农业大学[公办],,动物医学类,,,570,25269
1246,南京农业大学[公办],,中药学,,,576,21536
1246,南京农业大学[公办],,信息管理与信息系统,,,584,17032
1246,南京农业大学[公办],,工程管理,,,577,20936
1246,南京农业大学[公办],,工商管理类,,,580,19205
1246,南京农业大学[公办],,会计学,,,590,14004
1246,南京农业大学[公办],,农林经济管理,,,580,19205
1246,南京农业大学[公办],,公共管理类,,,577,20936
1250,南京审计大学[公办],,金融学,,,589,14462
1250,南京审计大学[公办],,投资学,,,588,14950
1250,南京审计大学[公办],,数据科学与大数据技术,,,589,14462
1250,南京审计大学[公办],,工程造价,,,585,16469
1250,南京审计大学[公办],,工程审计,,,586,15960
1250,南京审计大学[公办],,会计学,,,593,12676
1250,南京审计大学[公办],,审计学,,,600,9823
1251,南京审计大学金审学院[独立学院],,税收学,,,497,94131
1251,南京审计大学金审学院[独立学院],,金融学,,,507,82620
1251,南京审计大学金审学院[独立学院],,国际经济与贸易,,,499,91783
1251,南京审计大学金审学院[独立学院],,学前教育(师范),,,479,116040
1251,南京审计大学金审学院[独立学院],,计算机科学与技术,,,506,83767
1251,南京审计大学金审学院[独立学院],,信息管理与信息系统,,,500,90630
1251,南京审计大学金审学院[独立学院],,会计学,,,509,80441
1251,南京审计大学金审学院[独立学院],,财务管理,,,506,83767
1251,南京审计大学金审学院[独立学院],,审计学,,,512,76936
1252,南京师范大学[公办],,教育技术学(师范),,,596,11399
1252,南京师范大学[公办],,数学类,,,608,7171
1252,南京师范大学[公办],,物理学(师范、非师范),,,603,8730
1252,南京师范大学[公办],,化学类,,,597,10996
1252,南京师范大学[公办],,地理科学类,,,608,7171
1252,南京师范大学[公办],,海洋资源与环境,,,578,20380
1252,南京师范大学[公办],,生物科学类,,,600,9823
1252,南京师范大学[公办],,能源动力类,,,590,14004
1252,南京师范大学[公办],,人工智能,,,601,9445
1252,南京师范大学[公办],,自动化,,,598,10589
1252,南京师范大学[公办],,计算机科学与技术,,,603,8730
1252,南京师范大学[公办],,测绘工程,,,585,16469
1252,南京师范大学[公办],,环境科学与工程类,,,586,15960
1252,南京师范大学[公办],,食品科学与工程,,,588,14950
1252,南京师范大学[公办],,生物工程,,,592,13125
1256,南京特殊教育师范学院[公办],,教育技术学,,,509,80441
1256,南京特殊教育师范学院[公办],,学前教育,,,501,89173
1256,南京特殊教育师范学院[公办],,小学教育,,,513,75878
1256,南京特殊教育师范学院[公办],,特殊教育,,,516,72762
1256,南京特殊教育师范学院[公办],,康复治疗学,,,491,101322
1257,南京体育学院[公办],,运动人体科学,,,490,102500
1259,南京晓庄学院[公办],,化学,,,532,56540
1259,南京晓庄学院[公办],,电子信息科学与技术,,,526,62390
1259,南京晓庄学院[公办],,计算机科学与技术,,,526,62390
1260,南京信息工程大学[公办],,经济统计学,,,581,18643
1260,南京信息工程大学[公办],,金融工程,,,579,19795
1260,南京信息工程大学[公办],,数学与应用数学,,,582,18065
1260,南京信息工程大学[公办],,数学与应用数学(师范),,,581,18643
1260,南京信息工程大学[公办],,信息与计算科学,,,583,17536
1260,南京信息工程大学[公办],,物理学(师范),,,576,21536
1260,南京信息工程大学[公办],,地理科学类,,,579,19795
1260,南京信息工程大学[公办],,大气科学类,,,583,17536
1260,南京信息工程大学[公办],,应用气象学,,,582,18065
1260,南京信息工程大学[公办],,气象技术与工程,,,582,18065
1260,南京信息工程大学[公办],,材料物理,,,570,25269
1260,南京信息工程大学[公办],,电气工程及其自动化,,,586,15960
1260,南京信息工程大学[公办],,电子信息类,,,587,15439
1260,南京信息工程大学[公办],,光电信息科学与工程,,,585,16469
1260,南京信息工程大学[公办],,人工智能,,,586,15960
1260,南京信息工程大学[公办],,自动化,,,586,15960
1260,南京信息工程大学[公办],,机器人工程,,,584,17032
1260,南京信息工程大学[公办],,计算机类,,,593,12676
1260,南京信息工程大学[公办],,计算机科学与技术(师范),,,585,16469
1260,南京信息工程大学[公办],,数据科学与大数据技术,,,587,15439
1260,南京信息工程大学[公办],,测绘工程,,,574,22729
1260,南京信息工程大学[公办],,遥感科学与技术,,,582,18065
1260,南京信息工程大学[公办],,环境科学与工程类,,,578,20380
1260,南京信息工程大学[公办],,环境生态工程,,,571,24634
1260,南京信息工程大学[公办],,数学与应用数学(中外合作办学),,,559,33069
1260,南京信息工程大学[公办],,地理信息科学(中外合作办学),,,562,30764
1260,南京信息工程大学[公办],,大气科学(中外合作办学),,,570,25269
1260,南京信息工程大学[公办],,人工智能(中外合作办学),,,565,28568
1260,南京信息工程大学[公办],,物联网工程(中外合作办学),,,565,28568
1260,南京信息工程大学[公办],,数据科学与大数据技术(中外合作办学),,,570,25269
1263,南京医科大学[公办],,临床医学,,,623,3705
1265,南京邮电大学[公办],,电子信息工程,,,603,8730
1265,南京邮电大学[公办],,电子科学与技术,,,605,8076
1265,南京邮电大学[公办],,通信工程,,,604,8390
1265,南京邮电大学[公办],,光电信息科学与工程,,,599,10212
1265,南京邮电大学[公办],,集成电路设计与集成系统,,,602,9065
1265,南京邮电大学[公办],,人工智能,,,601,9445
1265,南京邮电大学[公办],,柔性电子学,,,599,10212
1265,南京邮电大学[公办],,自动化,,,599,10212
1265,南京邮电大学[公办],,计算机科学与技术,,,605,8076
1265,南京邮电大学[公办],,软件工程,,,603,8730
1265,南京邮电大学[公办],,网络工程,,,600,9823
1265,南京邮电大学[公办],,信息安全,,,601,9445
1265,南京邮电大学[公办],,数据科学与大数据技术,,,602,9065
1267,南京邮电大学通达学院(扬州市)[独立学院],,电气工程及其自动化,,,486,107443
1267,南京邮电大学通达学院(扬州市)[独立学院],,电子科学与技术,,,495,96518
1267,南京邮电大学通达学院(扬州市)[独立学院],,通信工程,,,492,100090
1267,南京邮电大学通达学院(扬州市)[独立学院],,光电信息科学与工程,,,487,106171
1267,南京邮电大学通达学院(扬州市)[独立学院],,计算机科学与技术(嵌入式培养),,,499,91783
1267,南京邮电大学通达学院(扬州市)[独立学院],,物联网工程(嵌入式培养),,,488,104962
1267,南京邮电大学通达学院(扬州市)[独立学院],,数据科学与大数据技术,,,493,98867
1267,南京邮电大学通达学院(扬州市)[独立学院],,信息管理与信息系统,,,495,96518
1267,南京邮电大学通达学院(扬州市)[独立学院],,财务管理,,,489,103748
1268,南京中医药大学[公办],,中西医临床医学,,,579,19795
1268,南京中医药大学[公办],,中药学类,,,569,25895
1270,南开大学(天津市)[公办],,工科试验班(信息科学与技术),,,633,2156
1270,南开大学(天津市)[公办],,理科试验班类(物质科学与可持续发展),,,626,3178
1270,南开大学(天津市)[公办],,理科试验班(数理科学与大数据),,,638,1604
1270,南开大学(天津市)[公办],,经济学类,,,638,1604
1270,南开大学(天津市)[公办],,金融学类,,,642,1242
1270,南开大学(天津市)[公办],,临床医学(5+3一体化),,,636,1776
1270,南开大学(天津市)[公办],,口腔医学,,,632,2283
1270,南开大学(天津市)[公办],,工商管理类,,,629,2693
1271,南宁理工学院[民办],,学前教育,,,443,160819
1271,南宁理工学院[民办],,英语,,,441,163301
1271,南宁理工学院[民办],,商务英语,,,438,167058
1271,南宁理工学院[民办],,广告学,,,434,172120
1271,南宁理工学院[民办],,地理信息科学,,,441,163301
1271,南宁理工学院[民办],,电气工程及其自动化,,,434,172120
1271,南宁理工学院[民办],,电子信息工程,,,433,173411
1271,南宁理工学院[民办],,通信工程,,,441,163301
1271,南宁理工学院[民办],,人工智能,,,432,174661
1271,南宁理工学院[民办],,计算机科学与技术,,,440,164582
1271,南宁理工学院[民办],,网络工程,,,433,173411
1271,南宁理工学院[民办],,土木工程,,,432,174661
1271,南宁理工学院[民办],,建筑学,,,434,172120
1271,南宁理工学院[民办],,工程造价,,,432,174661
1271,南宁理工学院[民办],,会计学,,,435,170844
1271,南宁理工学院[民办],,财务管理,,,434,172120
1271,南宁理工学院[民办],,电子商务,,,433,173411
1272,南宁师范大学(南宁市)[公办],,新闻传播学类,,,530,58518
1272,南宁师范大学(南宁市)[公办],,数学与应用数学,,,528,60450
1272,南宁师范大学(南宁市)[公办],,化学,,,527,61435
1272,南宁师范大学(南宁市)[公办],,电子信息工程,,,520,68611
1272,南宁师范大学(南宁市)[公办],,通信工程,,,526,62390
1272,南宁师范大学(南宁市)[公办],,测绘工程,,,505,84880
1272,南宁师范大学(南宁市)[公办],,环境科学与工程类,,,501,89173
1272,南宁师范大学(南宁市)[公办],,物流管理,,,504,86042
1273,南宁师范大学师园学院[独立学院],,金融工程,,,455,146091
1273,南宁师范大学师园学院[独立学院],,小学教育,,,461,138513
1273,南宁师范大学师园学院[独立学院],,数学与应用数学,,,461,138513
1273,南宁师范大学师园学院[独立学院],,计算机科学与技术,,,460,139765
1273,南宁师范大学师园学院[独立学院],,数据科学与大数据技术,,,459,141008
1273,南宁师范大学师园学院[独立学院],,财务管理,,,464,134859
1274,南宁学院[民办],,机械设计制造及其自动化,,,453,148600
1274,南宁学院[民办],,汽车服务工程,,,447,155919
1274,南宁学院[民办],,工程审计,,,449,153606
1275,南通大学[公办],,教育技术学(师范),,,542,47194
1275,南通大学[公办],,化学(师范),,,547,42788
1275,南通大学[公办],,生物技术,,,548,41891
1275,南通大学[公办],,机械设计制造及其自动化,,,554,36948
1275,南通大学[公办],,电气工程及其自动化,,,557,34586
1275,南通大学[公办],,土木工程,,,546,43628
1275,南通大学[公办],,交通工程,,,546,43628
1275,南通大学[公办],,交通设备与控制工程,,,541,48106
1275,南通大学[公办],,临床医学,,,578,20380
1275,南通大学[公办],,儿科学,,,557,34586
1275,南通大学[公办],,医学检验技术,,,543,46278
1277,南通理工学院[民办],,汽车服务工程,,,447,155919
1277,南通理工学院[民办],,数据科学与大数据技术(嵌入式培养),,,465,133566
1277,南通理工学院[民办],,土木工程,,,454,147340
1277,南通理工学院[民办],,标准化工程,,,452,149859
1279,南阳理工学院[公办],,小学教育,,,500,90630
1279,南阳理工学院[公办],,英语,,,510,79317
1279,南阳理工学院[公办],,商务英语,,,502,88336
1279,南阳理工学院[公办],,应用化学,,,492,100090
1279,南阳理工学院[公办],,应用统计学,,,504,86042
1279,南阳理工学院[公办],,机械设计制造及其自动化,,,501,89173
1279,南阳理工学院[公办],,材料成型及控制工程,,,491,101322
1279,南阳理工学院[公办],,测控技术与仪器,,,492,100090
1279,南阳理工学院[公办],,电气工程及其自动化,,,505,84880
1279,南阳理工学院[公办],,通信工程,,,506,83767
1279,南阳理工学院[公办],,光电信息科学与工程,,,497,94131
1279,南阳理工学院[公办],,人工智能,,,504,86042
1279,南阳理工学院[公办],,物联网工程,,,505,84880
1279,南阳理工学院[公办],,数字媒体技术,,,510,79317
1279,南阳理工学院[公办],,虚拟现实技术,,,504,86042
1279,南阳理工学院[公办],,土木工程(房屋建筑方向),,,493,98867
1279,南阳理工学院[公办],,道路桥梁与渡河工程,,,490,102500
1279,南阳理工学院[公办],,化学工程与工艺,,,487,106171
1279,南阳理工学院[公办],,食品科学与工程,,,485,108714
1279,南阳理工学院[公办],,建筑学,,,501,89173
1279,南阳理工学院[公办],,历史建筑保护工程,,,487,106171
1279,南阳理工学院[公办],,生物工程,,,486,107443
1279,南阳理工学院[公办],,工程管理,,,492,100090
1279,南阳理工学院[公办],,电子商务,,,498,92962
1279,南阳理工学院[公办],,应用化学(中外合作办学),,,467,130969
1279,南阳理工学院[公办],,生物工程(中外合作办学),,,468,129759
1281,南阳师范学院[公办],,学前教育,,,498,92962
1281,南阳师范学院[公办],,应用化学,,,481,113547
1281,南阳师范学院[公办],,统计学,,,488,104962
1281,南阳师范学院[公办],,智能感知工程,,,485,108714
1281,南阳师范学院[公办],,材料化学,,,479,116040
1281,南阳师范学院[公办],,计算机类,,,495,96518
1281,南阳师范学院[公办],,软件工程(软件开发方向),,,490,102500
1281,南阳师范学院[公办],,软件工程(数据库技术应用方向),,,486,107443
1281,南阳师范学院[公办],,软件工程(网络攻防方向),,,486,107443
1281,南阳师范学院[公办],,软件工程(智能设备方向),,,485,108714
1281,南阳师范学院[公办],,测绘工程,,,479,116040
1281,南阳师范学院[公办],,环境科学与工程,,,480,114796
1281,南阳师范学院[公办],,旅游管理,,,476,119752
1284,内江师范学院[公办],,通信工程,,,495,96518
1284,内江师范学院[公办],,土木工程,,,489,103748
1284,内江师范学院[公办],,工商管理,,,496,95288
1287,内蒙古财经大学(呼和浩特市)[公办],,经济学,,,526,62390
1287,内蒙古财经大学(呼和浩特市)[公办],,经济统计学,,,517,71732
1287,内蒙古财经大学(呼和浩特市)[公办],,工商管理,,,515,73836
1289,内蒙古大学创业学院[独立学院],,金融学,,,462,137255
1289,内蒙古大学创业学院[独立学院],,英语,,,463,136058
1289,内蒙古大学创业学院[独立学院],,信息与计算科学,,,459,141008
1289,内蒙古大学创业学院[独立学院],,电子信息科学与技术,,,457,143500
1289,内蒙古大学创业学院[独立学院],,自动化,,,459,141008
1289,内蒙古大学创业学院[独立学院],,计算机科学与技术,,,463,136058
1289,内蒙古大学创业学院[独立学院],,软件工程,,,464,134859
1289,内蒙古大学创业学院[独立学院],,工程管理,,,456,144801
1289,内蒙古大学创业学院[独立学院],,会计学,,,463,136058
1289,内蒙古大学创业学院[独立学院],,财务管理,,,469,128494
1289,内蒙古大学创业学院[独立学院],,人力资源管理,,,455,146091
1290,内蒙古大学(呼和浩特市)[公办],,经济学,,,583,17536
1290,内蒙古大学(呼和浩特市)[公办],,金融学,,,580,19205
1290,内蒙古大学(呼和浩特市)[公办],,数学类,,,578,20380
1290,内蒙古大学(呼和浩特市)[公办],,数理基础科学,,,574,22729
1290,内蒙古大学(呼和浩特市)[公办],,物理学类,,,572,23984
1290,内蒙古大学(呼和浩特市)[公办],,物理学,,,576,21536
1290,内蒙古大学(呼和浩特市)[公办],,化学,,,567,27220
1290,内蒙古大学(呼和浩特市)[公办],,应用化学,,,568,26529
1290,内蒙古大学(呼和浩特市)[公办],,大气科学,,,571,24634
1290,内蒙古大学(呼和浩特市)[公办],,生物科学,,,573,23356
1290,内蒙古大学(呼和浩特市)[公办],,生物科学,,,570,25269
1290,内蒙古大学(呼和浩特市)[公办],,生物科学,,,581,18643
1290,内蒙古大学(呼和浩特市)[公办],,生物技术,,,569,25895
1290,内蒙古大学(呼和浩特市)[公办],,生物技术,,,566,27894
1290,内蒙古大学(呼和浩特市)[公办],,生态学,,,562,30764
1290,内蒙古大学(呼和浩特市)[公办],,机械工程,,,571,24634
1290,内蒙古大学(呼和浩特市)[公办],,车辆工程,,,572,23984
1290,内蒙古大学(呼和浩特市)[公办],,材料化学,,,566,27894
1290,内蒙古大学(呼和浩特市)[公办],,电子信息类,,,581,18643
1290,内蒙古大学(呼和浩特市)[公办],,电子科学与技术,,,581,18643
1290,内蒙古大学(呼和浩特市)[公办],,计算机科学与技术,,,586,15960
1290,内蒙古大学(呼和浩特市)[公办],,软件工程,,,583,17536
1290,内蒙古大学(呼和浩特市)[公办],,数据科学与大数据技术,,,585,16469
1290,内蒙古大学(呼和浩特市)[公办],,土木工程,,,566,27894
1290,内蒙古大学(呼和浩特市)[公办],,道路桥梁与渡河工程,,,563,30033
1290,内蒙古大学(呼和浩特市)[公办],,化学工程与工艺,,,564,29282
1290,内蒙古大学(呼和浩特市)[公办],,交通运输,,,568,26529
1290,内蒙古大学(呼和浩特市)[公办],,环境工程,,,566,27894
1290,内蒙古大学(呼和浩特市)[公办],,环境科学,,,565,28568
1290,内蒙古大学(呼和浩特市)[公办],,环境生态工程,,,563,30033
1290,内蒙古大学(呼和浩特市)[公办],,食品科学与工程,,,568,26529
1290,内蒙古大学(呼和浩特市)[公办],,生物工程,,,572,23984
1290,内蒙古大学(呼和浩特市)[公办],,园艺,,,561,31495
1290,内蒙古大学(呼和浩特市)[公办],,信息管理与信息系统,,,577,20936
1290,内蒙古大学(呼和浩特市)[公办],,工程管理,,,564,29282
1290,内蒙古大学(呼和浩特市)[公办],,工商管理,,,571,24634
1290,内蒙古大学(呼和浩特市)[公办],,会计学,,,582,18065
1290,内蒙古大学(呼和浩特市)[公办],,物流管理,,,560,32247
1292,内蒙古工业大学(呼和浩特市)[公办],,资源与环境经济学,,,502,88336
1292,内蒙古工业大学(呼和浩特市)[公办],,信息与计算科学,,,520,68611
1292,内蒙古工业大学(呼和浩特市)[公办],,应用化学,,,504,86042
1292,内蒙古工业大学(呼和浩特市)[公办],,工程力学,,,507,82620
1292,内蒙古工业大学(呼和浩特市)[公办],,机械设计制造及其自动化,,,525,63402
1292,内蒙古工业大学(呼和浩特市)[公办],,材料成型及控制工程,,,513,75878
1292,内蒙古工业大学(呼和浩特市)[公办],,工业设计,,,510,79317
1292,内蒙古工业大学(呼和浩特市)[公办],,过程装备与控制工程,,,509,80441
1292,内蒙古工业大学(呼和浩特市)[公办],,车辆工程,,,519,69642
1292,内蒙古工业大学(呼和浩特市)[公办],,测控技术与仪器,,,515,73836
1292,内蒙古工业大学(呼和浩特市)[公办],,材料物理,,,510,79317
1292,内蒙古工业大学(呼和浩特市)[公办],,冶金工程,,,512,76936
1292,内蒙古工业大学(呼和浩特市)[公办],,金属材料工程,,,500,90630
1292,内蒙古工业大学(呼和浩特市)[公办],,无机非金属材料工程,,,503,87191
1292,内蒙古工业大学(呼和浩特市)[公办],,能源与动力工程,,,523,65475
1292,内蒙古工业大学(呼和浩特市)[公办],,新能源科学与工程,,,527,61435
1292,内蒙古工业大学(呼和浩特市)[公办],,电气类,,,527,61435
1292,内蒙古工业大学(呼和浩特市)[公办],,电子信息工程,,,537,51825
1292,内蒙古工业大学(呼和浩特市)[公办],,机器人工程,,,524,64450
1292,内蒙古工业大学(呼和浩特市)[公办],,计算机科学与技术,,,545,44494
1292,内蒙古工业大学(呼和浩特市)[公办],,土木工程,,,514,74839
1292,内蒙古工业大学(呼和浩特市)[公办],,建筑环境与能源应用工程,,,509,80441
1292,内蒙古工业大学(呼和浩特市)[公办],,道路桥梁与渡河工程,,,506,83767
1292,内蒙古工业大学(呼和浩特市)[公办],,化学工程与工艺,,,509,80441
1292,内蒙古工业大学(呼和浩特市)[公办],,制药工程,,,508,81575
1292,内蒙古工业大学(呼和浩特市)[公办],,地质工程,,,502,88336
1292,内蒙古工业大学(呼和浩特市)[公办],,采矿工程,,,495,96518
1292,内蒙古工业大学(呼和浩特市)[公办],,纺织工程,,,489,103748
1292,内蒙古工业大学(呼和浩特市)[公办],,服装设计与工程,,,500,90630
1292,内蒙古工业大学(呼和浩特市)[公办],,交通运输(机场现场运行管理方向),,,512,76936
1292,内蒙古工业大学(呼和浩特市)[公办],,城乡规划,,,504,86042
1292,内蒙古工业大学(呼和浩特市)[公办],,风景园林,,,506,83767
1292,内蒙古工业大学(呼和浩特市)[公办],,生物工程,,,511,78116
1292,内蒙古工业大学(呼和浩特市)[公办],,工商管理,,,511,78116
1292,内蒙古工业大学(呼和浩特市)[公办],,物流管理,,,508,81575
1292,内蒙古工业大学(呼和浩特市)[公办],,工业工程,,,508,81575
1293,内蒙古鸿德文理学院[民办],,金融学,,,454,147340
1293,内蒙古鸿德文理学院[民办],,学前教育,,,458,142250
1293,内蒙古鸿德文理学院[民办],,会计学,,,458,142250
1296,内蒙古科技大学包头师范学院[公办],,新闻学,,,493,98867
1296,内蒙古科技大学包头师范学院[公办],,数学与应用数学,,,505,84880
1296,内蒙古科技大学包头师范学院[公办],,物理学,,,496,95288
1296,内蒙古科技大学包头师范学院[公办],,化学,,,494,97686
1296,内蒙古科技大学包头师范学院[公办],,应用化学,,,492,100090
1296,内蒙古科技大学包头师范学院[公办],,地理科学,,,494,97686
1296,内蒙古科技大学包头师范学院[公办],,人文地理与城乡规划,,,487,106171
1296,内蒙古科技大学包头师范学院[公办],,生物科学,,,492,100090
1296,内蒙古科技大学包头师范学院[公办],,生物技术,,,492,100090
1296,内蒙古科技大学包头师范学院[公办],,电子信息科学与技术,,,500,90630
1297,内蒙古科技大学(包头市)[公办],,应用物理学,,,507,82620
1297,内蒙古科技大学(包头市)[公办],,机械类,,,509,80441
1297,内蒙古科技大学(包头市)[公办],,材料成型及控制工程,,,500,90630
1297,内蒙古科技大学(包头市)[公办],,工业设计,,,508,81575
1297,内蒙古科技大学(包头市)[公办],,材料类,,,494,97686
1297,内蒙古科技大学(包头市)[公办],,冶金工程,,,500,90630
1297,内蒙古科技大学(包头市)[公办],,能源与动力工程,,,510,79317
1297,内蒙古科技大学(包头市)[公办],,计算机科学与技术,,,523,65475
1297,内蒙古科技大学(包头市)[公办],,智能建造,,,505,84880
1297,内蒙古科技大学(包头市)[公办],,测绘工程,,,493,98867
1297,内蒙古科技大学(包头市)[公办],,化工与制药类,,,495,96518
1297,内蒙古科技大学(包头市)[公办],,地质工程,,,494,97686
1297,内蒙古科技大学(包头市)[公办],,环境工程,,,492,100090
1297,内蒙古科技大学(包头市)[公办],,环境生态工程,,,500,90630
1297,内蒙古科技大学(包头市)[公办],,食品科学与工程,,,506,83767
1297,内蒙古科技大学(包头市)[公办],,城市设计,,,497,94131
1297,内蒙古科技大学(包头市)[公办],,安全工程,,,497,94131
1297,内蒙古科技大学(包头市)[公办],,管理科学与工程类,,,506,83767
1297,内蒙古科技大学(包头市)[公办],,信息管理与信息系统,,,520,68611
1297,内蒙古科技大学(包头市)[公办],,应急管理,,,499,91783
1298,内蒙古科技大学包头医学院[公办],,临床医学,,,517,71732
1298,内蒙古科技大学包头医学院[公办],,麻醉学,,,515,73836
1298,内蒙古科技大学包头医学院[公办],,医学检验技术,,,498,92962
1298,内蒙古科技大学包头医学院[公办],,卫生检验与检疫,,,491,101322
1298,内蒙古科技大学包头医学院[公办],,护理学,,,489,103748
1302,内蒙古民族大学(通辽市)[公办],,数学与应用数学,,,508,81575
1302,内蒙古民族大学(通辽市)[公办],,物理学,,,503,87191
1302,内蒙古民族大学(通辽市)[公办],,化学,,,513,75878
1302,内蒙古民族大学(通辽市)[公办],,生物科学,,,498,92962
1302,内蒙古民族大学(通辽市)[公办],,机械设计制造及其自动化,,,505,84880
1302,内蒙古民族大学(通辽市)[公办],,材料成型及控制工程,,,490,102500
1302,内蒙古民族大学(通辽市)[公办],,计算机科学与技术,,,515,73836
1302,内蒙古民族大学(通辽市)[公办],,数字媒体技术,,,511,78116
1302,内蒙古民族大学(通辽市)[公办],,农学,,,489,103748
1302,内蒙古民族大学(通辽市)[公办],,农业资源与环境,,,490,102500
1302,内蒙古民族大学(通辽市)[公办],,动物科学,,,491,101322
1302,内蒙古民族大学(通辽市)[公办],,动物医学,,,498,92962
1302,内蒙古民族大学(通辽市)[公办],,园林,,,489,103748
1302,内蒙古民族大学(通辽市)[公办],,草业科学,,,487,106171
1302,内蒙古民族大学(通辽市)[公办],,临床医学,,,518,70669
1302,内蒙古民族大学(通辽市)[公办],,预防医学,,,503,87191
1304,内蒙古农业大学[公办],,金融学,,,514,74839
1304,内蒙古农业大学[公办],,生物技术,,,496,95288
1304,内蒙古农业大学[公办],,应用统计学,,,511,78116
1304,内蒙古农业大学[公办],,机械设计制造及其自动化,,,510,79317
1304,内蒙古农业大学[公办],,材料科学与工程,,,497,94131
1304,内蒙古农业大学[公办],,新能源科学与工程,,,506,83767
1304,内蒙古农业大学[公办],,电气工程及其自动化,,,517,71732
1304,内蒙古农业大学[公办],,计算机类,,,523,65475
1304,内蒙古农业大学[公办],,道路桥梁与渡河工程,,,498,92962
1304,内蒙古农业大学[公办],,水利类,,,503,87191
1304,内蒙古农业大学[公办],,交通工程,,,503,87191
1304,内蒙古农业大学[公办],,农业机械化及其自动化,,,504,86042
1304,内蒙古农业大学[公办],,农业电气化,,,497,94131
1304,内蒙古农业大学[公办],,农业水利工程,,,499,91783
1304,内蒙古农业大学[公办],,木材科学与工程,,,493,98867
1304,内蒙古农业大学[公办],,家具设计与工程,,,491,101322
1304,内蒙古农业大学[公办],,食品科学与工程,,,509,80441
1304,内蒙古农业大学[公办],,食品质量与安全,,,504,86042
1304,内蒙古农业大学[公办],,乳品工程,,,496,95288
1304,内蒙古农业大学[公办],,风景园林,,,500,90630
1304,内蒙古农业大学[公办],,农学,,,494,97686
1304,内蒙古农业大学[公办],,园艺,,,495,96518
1304,内蒙古农业大学[公办],,植物保护,,,493,98867
1304,内蒙古农业大学[公办],,植物科学与技术,,,487,106171
1304,内蒙古农业大学[公办],,种子科学与工程,,,491,101322
1304,内蒙古农业大学[公办],,智慧农业,,,502,88336
1304,内蒙古农业大学[公办],,水土保持与荒漠化防治,,,492,100090
1304,内蒙古农业大学[公办],,动物医学,,,504,86042
1304,内蒙古农业大学[公办],,动物药学,,,495,96518
1304,内蒙古农业大学[公办],,动植物检疫,,,495,96518
1304,内蒙古农业大学[公办],,园林,,,499,91783
1304,内蒙古农业大学[公办],,水产养殖学,,,491,101322
1304,内蒙古农业大学[公办],,草业科学,,,496,95288
1304,内蒙古农业大学[公办],,财务管理,,,514,74839
1304,内蒙古农业大学[公办],,土地资源管理,,,497,94131
1304,内蒙古农业大学[公办],,物流管理,,,498,92962
1308,内蒙古师范大学(呼和浩特市)[公办],,物理学,,,536,52757
1308,内蒙古师范大学(呼和浩特市)[公办],,化学,,,536,52757
1308,内蒙古师范大学(呼和浩特市)[公办],,地理科学,,,531,57544
1308,内蒙古师范大学(呼和浩特市)[公办],,生物科学,,,534,54574
1308,内蒙古师范大学(呼和浩特市)[公办],,心理学,,,527,61435
1308,内蒙古师范大学(呼和浩特市)[公办],,计算机科学与技术,,,530,58518
1308,内蒙古师范大学(呼和浩特市)[公办],,物流管理(航空物流),,,491,101322
1309,内蒙古医科大学(呼和浩特市)[公办],,临床医学,,,552,38584
1309,内蒙古医科大学(呼和浩特市)[公办],,医学影像学,,,546,43628
1309,内蒙古医科大学(呼和浩特市)[公办],,口腔医学,,,554,36948
1309,内蒙古医科大学(呼和浩特市)[公办],,预防医学,,,523,65475
1309,内蒙古医科大学(呼和浩特市)[公办],,中医学,,,523,65475
1309,内蒙古医科大学(呼和浩特市)[公办],,药学,,,523,65475
1309,内蒙古医科大学(呼和浩特市)[公办],,法医学,,,522,66475
1309,内蒙古医科大学(呼和浩特市)[公办],,护理学,,,504,86042
1310,内蒙古艺术学院[公办],,文化产业管理,,,469,128494
1310,内蒙古艺术学院[公办],,艺术史论,,,465,133566
1311,宁波财经学院[民办],,金融工程,,,452,149859
1311,宁波财经学院[民办],,国际经济与贸易(大宗商品交易),,,454,147340
1311,宁波财经学院[民办],,机械电子工程,,,446,157125
1311,宁波财经学院[民办],,工业设计,,,446,157125
1311,宁波财经学院[民办],,计算机科学与技术,,,454,147340
1311,宁波财经学院[民办],,软件工程,,,457,143500
1311,宁波财经学院[民办],,数字媒体技术,,,451,151103
1311,宁波财经学院[民办],,数据科学与大数据技术,,,447,155919
1311,宁波财经学院[民办],,信息管理与信息系统,,,445,158356
1311,宁波财经学院[民办],,工商管理,,,452,149859
1311,宁波财经学院[民办],,市场营销,,,489,103748
1311,宁波财经学院[民办],,会计学,,,464,134859
1311,宁波财经学院[民办],,财务管理,,,463,136058
1311,宁波财经学院[民办],,创业管理,,,446,157125
1311,宁波财经学院[民办],,物流管理,,,453,148600
1311,宁波财经学院[民办],,电子商务,,,452,149859
1312,宁波大学[公办],,经济学类,,,580,19205
1312,宁波大学[公办],,法学类,,,588,14950
1312,宁波大学[公办],,数学类,,,579,19795
1312,宁波大学[公办],,物理学,,,575,22143
1312,宁波大学[公办],,化学类,,,563,30033
1312,宁波大学[公办],,生物科学类,,,564,29282
1312,宁波大学[公办],,工程力学,,,578,20380
1312,宁波大学[公办],,机械类,,,577,20936
1312,宁波大学[公办],,电子信息类,,,586,15960
1312,宁波大学[公办],,微电子科学与工程,,,584,17032
1312,宁波大学[公办],,土木工程,,,571,24634
1312,宁波大学[公办],,环境工程,,,565,28568
1312,宁波大学[公办],,食品科学与工程,,,568,26529
1312,宁波大学[公办],,建筑学,,,573,23356
1312,宁波大学[公办],,临床医学,,,584,17032
1312,宁波大学[公办],,海洋药学,,,564,29282
1312,宁波大学[公办],,工商管理类,,,582,18065
1312,宁波大学[公办],,数学与应用数学(中外合作办学)(中美合作精算科学与风险管理),,,557,34586
1312,宁波大学[公办],,人文地理与城乡规划(中外合作办学)(中法合作),,,549,41073
1313,宁波大学科学技术学院[独立学院],,金融学,,,462,137255
1313,宁波大学科学技术学院[独立学院],,法学,,,471,126020
1313,宁波大学科学技术学院[独立学院],,英语,,,462,137255
1313,宁波大学科学技术学院[独立学院],,翻译,,,462,137255
1313,宁波大学科学技术学院[独立学院],,应用化学,,,464,134859
1313,宁波大学科学技术学院[独立学院],,生物技术,,,457,143500
1313,宁波大学科学技术学院[独立学院],,机械设计制造及其自动化,,,454,147340
1313,宁波大学科学技术学院[独立学院],,机械设计制造及其自动化,,,455,146091
1313,宁波大学科学技术学院[独立学院],,机械电子工程,,,455,146091
1313,宁波大学科学技术学院[独立学院],,电气工程及其自动化,,,461,138513
1313,宁波大学科学技术学院[独立学院],,电子信息工程,,,463,136058
1313,宁波大学科学技术学院[独立学院],,人工智能,,,462,137255
1313,宁波大学科学技术学院[独立学院],,机器人工程,,,454,147340
1313,宁波大学科学技术学院[独立学院],,计算机科学与技术,,,466,132235
1313,宁波大学科学技术学院[独立学院],,软件工程,,,465,133566
1313,宁波大学科学技术学院[独立学院],,土木工程,,,448,154772
1313,宁波大学科学技术学院[独立学院],,建筑学,,,453,148600
1313,宁波大学科学技术学院[独立学院],,工程管理,,,456,144801
1313,宁波大学科学技术学院[独立学院],,工商管理,,,460,139765
1313,宁波大学科学技术学院[独立学院],,会计学,,,476,119752
1314,宁波工程学院[公办],,英语,,,519,69642
1314,宁波工程学院[公办],,信息与计算科学,,,523,65475
1314,宁波工程学院[公办],,机械设计制造及其自动化,,,524,64450
1314,宁波工程学院[公办],,工业设计,,,517,71732
1314,宁波工程学院[公办],,车辆工程,,,517,71732
1314,宁波工程学院[公办],,材料科学与工程,,,504,86042
1314,宁波工程学院[公办],,材料物理,,,495,96518
1314,宁波工程学院[公办],,电气工程及其自动化,,,526,62390
1314,宁波工程学院[公办],,计算机科学与技术,,,537,51825
1314,宁波工程学院[公办],,网络工程,,,531,57544
1314,宁波工程学院[公办],,土木工程,,,514,74839
1314,宁波工程学院[公办],,安全工程,,,507,82620
1314,宁波工程学院[公办],,国际商务,,,514,74839
1314,宁波工程学院[公办],,物流管理,,,513,75878
1314,宁波工程学院[公办],,物流工程,,,511,78116
1314,宁波工程学院[公办],,信息与计算科学(中外合作办学),,,485,108714
1315,宁波诺丁汉大学[中外合作办学],,经济学类(中外合作办学),,,544,45381
1315,宁波诺丁汉大学[中外合作办学],,传播学(中外合作办学),,,539,49949
1315,宁波诺丁汉大学[中外合作办学],,数学与应用数学(中外合作办学),,,542,47194
1315,宁波诺丁汉大学[中外合作办学],,数学与应用数学(中外合作办学)(2加2),,,523,65475
1315,宁波诺丁汉大学[中外合作办学],,电气类(中外合作办学),,,527,61435
1315,宁波诺丁汉大学[中外合作办学],,电气类(中外合作办学)(2加2),,,535,53694
1315,宁波诺丁汉大学[中外合作办学],,计算机科学与技术(中外合作办学),,,554,36948
1315,宁波诺丁汉大学[中外合作办学],,计算机科学与技术(中外合作办学)(2加2),,,566,27894
1315,宁波诺丁汉大学[中外合作办学],,环境科学(中外合作办学)(2加2),,,524,64450
1315,宁波诺丁汉大学[中外合作办学],,建筑学(中外合作办学),,,559,33069
1315,宁波诺丁汉大学[中外合作办学],,财务管理(中外合作办学),,,550,40256
1315,宁波诺丁汉大学[中外合作办学],,国际商务(中外合作办学),,,542,47194
1316,宁夏大学新华学院(银川市)[独立学院],,学前教育,,,456,144801
1316,宁夏大学新华学院(银川市)[独立学院],,生物技术,,,457,143500
1316,宁夏大学新华学院(银川市)[独立学院],,机械工程,,,456,144801
1316,宁夏大学新华学院(银川市)[独立学院],,电气工程及其自动化,,,455,146091
1316,宁夏大学新华学院(银川市)[独立学院],,电子信息工程,,,458,142250
1316,宁夏大学新华学院(银川市)[独立学院],,计算机科学与技术,,,463,136058
1316,宁夏大学新华学院(银川市)[独立学院],,信息管理与信息系统,,,457,143500
1316,宁夏大学新华学院(银川市)[独立学院],,工程管理,,,454,147340
1316,宁夏大学新华学院(银川市)[独立学院],,工商管理(人力资源方向),,,456,144801
1316,宁夏大学新华学院(银川市)[独立学院],,财务管理,,,456,144801
1316,宁夏大学新华学院(银川市)[独立学院],,物流管理,,,455,146091
1317,宁夏大学(银川市)[公办],,教育技术学,,,566,27894
1317,宁夏大学(银川市)[公办],,学前教育(师范),,,555,36191
1317,宁夏大学(银川市)[公办],,数学与应用数学(基础拔尖人才培养班),,,573,23356
1317,宁夏大学(银川市)[公办],,化学(基础拔尖人才培养班),,,564,29282
1317,宁夏大学(银川市)[公办],,化学(分析与检测),,,559,33069
1317,宁夏大学(银川市)[公办],,地理科学类,,,571,24634
1317,宁夏大学(银川市)[公办],,生物科学(师范),,,568,26529
1317,宁夏大学(银川市)[公办],,应用统计学,,,573,23356
1317,宁夏大学(银川市)[公办],,机械工程(卓越工程师),,,573,23356
1317,宁夏大学(银川市)[公办],,新能源材料与器件,,,565,28568
1317,宁夏大学(银川市)[公办],,电气工程及其自动化,,,581,18643
1317,宁夏大学(银川市)[公办],,电子信息类,,,576,21536
1317,宁夏大学(银川市)[公办],,计算机类,,,580,19205
1317,宁夏大学(银川市)[公办],,软件工程(与印度国家信息技术学院合作项目),,,570,25269
1317,宁夏大学(银川市)[公办],,化学工程与工艺,,,559,33069
1317,宁夏大学(银川市)[公办],,食品科学与工程,,,564,29282
1317,宁夏大学(银川市)[公办],,葡萄与葡萄酒工程,,,547,42788
1317,宁夏大学(银川市)[公办],,建筑类,,,566,27894
1317,宁夏大学(银川市)[公办],,植物生产类,,,555,36191
1317,宁夏大学(银川市)[公办],,农业资源与环境,,,561,31495
1317,宁夏大学(银川市)[公办],,动物科学(卓越农林人才计划),,,558,33822
1317,宁夏大学(银川市)[公办],,动物医学,,,563,30033
1317,宁夏大学(银川市)[公办],,林学类,,,561,31495
1317,宁夏大学(银川市)[公办],,草业科学,,,555,36191
1317,宁夏大学(银川市)[公办],,机械工程(中外合作办学),,,542,47194
1319,宁夏理工学院(石嘴山市)[民办],,汉语言文学,,,460,139765
1319,宁夏理工学院(石嘴山市)[民办],,应用化学(卓越班),,,449,153606
1319,宁夏理工学院(石嘴山市)[民办],,机械工程,,,437,168382
1319,宁夏理工学院(石嘴山市)[民办],,材料成型及控制工程(新材料智能制造),,,433,173411
1319,宁夏理工学院(石嘴山市)[民办],,汽车服务工程,,,436,169642
1319,宁夏理工学院(石嘴山市)[民办],,智能制造工程,,,445,158356
1319,宁夏理工学院(石嘴山市)[民办],,能源与动力工程,,,438,167058
1319,宁夏理工学院(石嘴山市)[民办],,电气工程及其自动化,,,445,158356
1319,宁夏理工学院(石嘴山市)[民办],,电气工程及其自动化(智能电气),,,449,153606
1319,宁夏理工学院(石嘴山市)[民办],,电子信息工程(集成电路智能制造),,,445,158356
1319,宁夏理工学院(石嘴山市)[民办],,自动化,,,441,163301
1319,宁夏理工学院(石嘴山市)[民办],,机器人工程,,,439,165845
1319,宁夏理工学院(石嘴山市)[民办],,计算机类,,,440,164582
1319,宁夏理工学院(石嘴山市)[民办],,物联网工程,,,439,165845
1319,宁夏理工学院(石嘴山市)[民办],,土木工程,,,433,173411
1319,宁夏理工学院(石嘴山市)[民办],,给排水科学与工程,,,436,169642
1319,宁夏理工学院(石嘴山市)[民办],,智能建造,,,436,169642
1319,宁夏理工学院(石嘴山市)[民办],,制药工程,,,438,167058
1319,宁夏理工学院(石嘴山市)[民办],,资源循环科学与工程,,,437,168382
1319,宁夏理工学院(石嘴山市)[民办],,能源化学工程,,,435,170844
1319,宁夏理工学院(石嘴山市)[民办],,交通运输(机场运行),,,434,172120
1319,宁夏理工学院(石嘴山市)[民办],,交通运输(航空物流),,,434,172120
1319,宁夏理工学院(石嘴山市)[民办],,环境工程,,,443,160819
1319,宁夏理工学院(石嘴山市)[民办],,安全工程,,,438,167058
1319,宁夏理工学院(石嘴山市)[民办],,工程管理,,,437,168382
1320,宁夏师范学院(固原市)[公办],,学前教育(师范),,,478,117259
1320,宁夏师范学院(固原市)[公办],,数学与应用数学(师范),,,491,101322
1320,宁夏师范学院(固原市)[公办],,电气工程及其自动化(非师范),,,488,104962
1320,宁夏师范学院(固原市)[公办],,电子信息工程(非师范),,,482,112324
1320,宁夏师范学院(固原市)[公办],,电子科学与技术(非师范),,,482,112324
1320,宁夏师范学院(固原市)[公办],,计算机科学与技术(师范),,,485,108714
1320,宁夏师范学院(固原市)[公办],,数据科学与大数据技术(非师范),,,483,111133
1320,宁夏师范学院(固原市)[公办],,化学工程与工艺(非师范),,,473,123482
1321,宁夏医科大学(银川市)[公办],,临床医学,,,565,28568
1321,宁夏医科大学(银川市)[公办],,临床医学,,,576,21536
1321,宁夏医科大学(银川市)[公办],,眼视光医学,,,564,29282
1321,宁夏医科大学(银川市)[公办],,预防医学,,,533,55500
1321,宁夏医科大学(银川市)[公办],,针灸推拿学,,,524,64450
1321,宁夏医科大学(银川市)[公办],,临床药学,,,519,69642
1321,宁夏医科大学(银川市)[公办],,中药学,,,546,43628
1321,宁夏医科大学(银川市)[公办],,康复治疗学,,,541,48106
1321,宁夏医科大学(银川市)[公办],,护理学,,,510,79317
1321,宁夏医科大学(银川市)[公办],,公共事业管理,,,518,70669
1324,攀枝花学院[公办],,车辆工程,,,489,103748
1324,攀枝花学院[公办],,材料科学与工程,,,486,107443
1324,攀枝花学院[公办],,土木工程,,,488,104962
1327,平顶山学院[公办],,英语,,,494,97686
1327,平顶山学院[公办],,网络与新媒体,,,493,98867
1327,平顶山学院[公办],,测控技术与仪器,,,475,120971
1327,平顶山学院[公办],,环境生态工程,,,474,122219
1327,平顶山学院[公办],,护理学,,,490,102500
1329,萍乡学院[公办],,无机非金属材料工程,,,469,128494
1329,萍乡学院[公办],,工程管理,,,476,119752
1330,莆田学院[公办],,机器人工程,,,495,96518
1330,莆田学院[公办],,软件工程,,,502,88336
1330,莆田学院[公办],,物联网工程,,,498,92962
1330,莆田学院[公办],,智能科学与技术,,,496,95288
1330,莆田学院[公办],,数据科学与大数据技术,,,496,95288
1330,莆田学院[公办],,公共事业管理(中外合作办学)(以培养医疗健康产业管理人才为主),,,458,142250
1334,普洱学院[公办],,数学与应用数学,,,476,119752
1336,齐鲁工业大学(济南市)[公办],,信息与计算科学,,,544,45381
1336,齐鲁工业大学(济南市)[公办],,数据计算及应用,,,544,45381
1336,齐鲁工业大学(济南市)[公办],,海洋技术,,,521,67552
1336,齐鲁工业大学(济南市)[公办],,生物技术,,,532,56540
1336,齐鲁工业大学(济南市)[公办],,应用统计学,,,544,45381
1336,齐鲁工业大学(济南市)[公办],,机械设计制造及其自动化,,,547,42788
1336,齐鲁工业大学(济南市)[公办],,材料成型及控制工程,,,538,50883
1336,齐鲁工业大学(济南市)[公办],,智能制造工程,,,544,45381
1336,齐鲁工业大学(济南市)[公办],,高分子材料与工程,,,531,57544
1336,齐鲁工业大学(济南市)[公办],,能源与动力工程,,,544,45381
1336,齐鲁工业大学(济南市)[公办],,电子信息工程,,,549,41073
1336,齐鲁工业大学(济南市)[公办],,通信工程,,,549,41073
1336,齐鲁工业大学(济南市)[公办],,光电信息科学与工程,,,547,42788
1336,齐鲁工业大学(济南市)[公办],,人工智能,,,549,41073
1336,齐鲁工业大学(济南市)[公办],,自动化,,,549,41073
1336,齐鲁工业大学(济南市)[公办],,机器人工程,,,547,42788
1336,齐鲁工业大学(济南市)[公办],,软件工程,,,551,40256
1336,齐鲁工业大学(济南市)[公办],,物联网工程,,,551,40256
1336,齐鲁工业大学(济南市)[公办],,网络空间安全,,,551,40256
1336,齐鲁工业大学(济南市)[公办],,化工与制药类,,,534,54574
1336,齐鲁工业大学(济南市)[公办],,轻化工程,,,523,65475
1336,齐鲁工业大学(济南市)[公办],,环境科学与工程类,,,529,59504
1336,齐鲁工业大学(济南市)[公办],,生物工程,,,539,49949
1336,齐鲁工业大学(济南市)[公办],,药学类,,,531,57544
1337,齐鲁理工学院[民办],,医学检验技术,,,453,148600
1337,齐鲁理工学院[民办],,护理学,,,455,146091
1337,齐鲁理工学院[民办],,工程造价,,,451,151103
1337,齐鲁理工学院[民办],,会计学,,,458,142250
1339,齐鲁医药学院(淄博市)[民办],,临床医学,,,498,92962
1339,齐鲁医药学院(淄博市)[民办],,医学影像学,,,513,75878
1339,齐鲁医药学院(淄博市)[民办],,口腔医学,,,519,69642
1339,齐鲁医药学院(淄博市)[民办],,预防医学,,,479,116040
1339,齐鲁医药学院(淄博市)[民办],,药学,,,483,111133
1339,齐鲁医药学院(淄博市)[民办],,中药学,,,487,106171
1339,齐鲁医药学院(淄博市)[民办],,医学检验技术,,,485,108714
1339,齐鲁医药学院(淄博市)[民办],,医学影像技术,,,484,109959
1339,齐鲁医药学院(淄博市)[民办],,康复治疗学,,,464,134859
1339,齐鲁医药学院(淄博市)[民办],,护理学,,,476,119752
1339,齐鲁医药学院(淄博市)[民办],,助产学,,,472,124770
1340,齐齐哈尔大学[公办],,数学类,,,517,71732
1340,齐齐哈尔大学[公办],,物理学(师范类),,,522,66475
1340,齐齐哈尔大学[公办],,应用化学,,,498,92962
1340,齐齐哈尔大学[公办],,地理科学(师范类),,,516,72762
1340,齐齐哈尔大学[公办],,生物技术,,,508,81575
1340,齐齐哈尔大学[公办],,电气工程及其自动化,,,517,71732
1340,齐齐哈尔大学[公办],,电子信息类,,,509,80441
1340,齐齐哈尔大学[公办],,人工智能,,,513,75878
1340,齐齐哈尔大学[公办],,自动化,,,513,75878
1340,齐齐哈尔大学[公办],,计算机类,,,519,69642
1340,齐齐哈尔大学[公办],,物联网工程,,,511,78116
1340,齐齐哈尔大学[公办],,数据科学与大数据技术,,,515,73836
1340,齐齐哈尔大学[公办],,土木工程,,,502,88336
1340,齐齐哈尔大学[公办],,纺织工程,,,490,102500
1340,齐齐哈尔大学[公办],,轻工类,,,493,98867
1340,齐齐哈尔大学[公办],,食品科学与工程类,,,497,94131
1340,齐齐哈尔大学[公办],,生物工程,,,502,88336
1342,齐齐哈尔工程学院[民办],,机械设计制造及其自动化,,,430,177075
1342,齐齐哈尔工程学院[民办],,电气工程及其自动化,,,431,175849
1342,齐齐哈尔工程学院[民办],,计算机科学与技术,,,435,170844
1342,齐齐哈尔工程学院[民办],,土木工程,,,430,177075
1342,齐齐哈尔工程学院[民办],,工程管理,,,431,175849
1342,齐齐哈尔工程学院[民办],,财务管理,,,433,173411
1342,齐齐哈尔工程学院[民办],,电子商务,,,433,173411
1343,齐齐哈尔医学院[公办],,临床医学,,,517,71732
1343,齐齐哈尔医学院[公办],,精神医学,,,515,73836
1343,齐齐哈尔医学院[公办],,预防医学,,,509,80441
1343,齐齐哈尔医学院[公办],,临床药学,,,516,72762
1343,齐齐哈尔医学院[公办],,医学检验技术,,,511,78116
1343,齐齐哈尔医学院[公办],,医学影像技术,,,509,80441
1343,齐齐哈尔医学院[公办],,信息管理与信息系统,,,508,81575
1343,齐齐哈尔医学院[公办],,健康服务与管理,,,473,123482
1346,黔南民族师范学院[公办],,生物技术,,,474,122219
1346,黔南民族师范学院[公办],,应用统计学,,,479,116040
1346,黔南民族师范学院[公办],,电子信息工程,,,487,106171
1346,黔南民族师范学院[公办],,人工智能,,,481,113547
1346,黔南民族师范学院[公办],,计算机类,,,509,80441
1350,青岛滨海学院[民办],,机械设计制造及其自动化,,,457,143500
1350,青岛滨海学院[民办],,智能制造工程,,,454,147340
1350,青岛滨海学院[民办],,人工智能,,,455,146091
1350,青岛滨海学院[民办],,计算机科学与技术,,,462,137255
1350,青岛滨海学院[民办],,预防医学,,,454,147340
1351,青岛城市学院[民办],,机械设计制造及其自动化,,,454,147340
1351,青岛城市学院[民办],,电气工程及其自动化,,,458,142250
1351,青岛城市学院[民办],,机器人工程,,,460,139765
1351,青岛城市学院[民办],,计算机科学与技术,,,471,126020
1351,青岛城市学院[民办],,软件工程,,,465,133566
1351,青岛城市学院[民办],,网络工程,,,462,137255
1351,青岛城市学院[民办],,物联网工程,,,463,136058
1351,青岛城市学院[民办],,数据科学与大数据技术,,,464,134859
1351,青岛城市学院[民办],,土木工程,,,453,148600
1351,青岛城市学院[民办],,智能建造,,,455,146091
1351,青岛城市学院[民办],,建筑学,,,457,143500
1351,青岛城市学院[民办],,城乡规划,,,456,144801
1351,青岛城市学院[民办],,工程管理,,,453,148600
1351,青岛城市学院[民办],,工程造价,,,465,133566
1352,青岛大学[公办],,金融学,,,575,22143
1352,青岛大学[公办],,国际经济与贸易,,,570,25269
1352,青岛大学[公办],,德语,,,565,28568
1352,青岛大学[公办],,应用物理学,,,573,23356
1352,青岛大学[公办],,生物技术,,,565,28568
1352,青岛大学[公办],,应用统计学,,,573,23356
1352,青岛大学[公办],,机械工程,,,570,25269
1352,青岛大学[公办],,材料类,,,558,33822
1352,青岛大学[公办],,能源与动力工程,,,573,23356
1352,青岛大学[公办],,新能源科学与工程,,,573,23356
1352,青岛大学[公办],,电气工程及其自动化,,,580,19205
1352,青岛大学[公办],,电子信息工程,,,579,19795
1352,青岛大学[公办],,微电子科学与工程,,,577,20936
1352,青岛大学[公办],,自动化,,,578,20380
1352,青岛大学[公办],,计算机科学与技术,,,580,19205
1352,青岛大学[公办],,软件工程,,,579,19795
1352,青岛大学[公办],,纺织工程,,,546,43628
1352,青岛大学[公办],,服装设计与工程,,,553,37725
1352,青岛大学[公办],,环境科学与工程,,,564,29282
1352,青岛大学[公办],,食品科学与工程,,,564,29282
1352,青岛大学[公办],,临床医学,,,585,16469
1352,青岛大学[公办],,预防医学,,,566,27894
1352,青岛大学[公办],,药学,,,571,24634
1352,青岛大学[公办],,护理学,,,553,37725
1352,青岛大学[公办],,信息管理与信息系统,,,572,23984
1352,青岛大学[公办],,物流管理,,,568,26529
1356,青岛工学院[民办],,金融工程,,,452,149859
1356,青岛工学院[民办],,知识产权,,,452,149859
1356,青岛工学院[民办],,汉语言文学,,,464,134859
1356,青岛工学院[民办],,英语,,,463,136058
1356,青岛工学院[民办],,机械设计制造及其自动化,,,456,144801
1356,青岛工学院[民办],,工业设计,,,452,149859
1356,青岛工学院[民办],,电气工程及其自动化,,,455,146091
1356,青岛工学院[民办],,电子信息工程,,,454,147340
1356,青岛工学院[民办],,通信工程,,,452,149859
1356,青岛工学院[民办],,人工智能,,,455,146091
1356,青岛工学院[民办],,计算机科学与技术,,,458,142250
1356,青岛工学院[民办],,软件工程,,,455,146091
1356,青岛工学院[民办],,网络工程,,,456,144801
1356,青岛工学院[民办],,信息安全,,,454,147340
1356,青岛工学院[民办],,物联网工程,,,455,146091
1356,青岛工学院[民办],,数字媒体技术,,,457,143500
1356,青岛工学院[民办],,土木工程,,,450,152346
1356,青岛工学院[民办],,化学工程与工业生物工程,,,451,151103
1356,青岛工学院[民办],,食品科学与工程,,,455,146091
1356,青岛工学院[民办],,建筑学,,,450,152346
1356,青岛工学院[民办],,工商管理,,,453,148600
1356,青岛工学院[民办],,审计学,,,460,139765
1356,青岛工学院[民办],,电子商务,,,452,149859
1358,青岛恒星科技学院[民办],,汽车服务工程,,,437,168382
1358,青岛恒星科技学院[民办],,电气工程及其自动化(校企合作，与青岛国合对外经济技术合作),,,451,151103
1358,青岛恒星科技学院[民办],,机器人工程,,,445,158356
1358,青岛恒星科技学院[民办],,软件工程(校企合作，与青岛国合对外经济技术合作),,,451,151103
1358,青岛恒星科技学院[民办],,网络工程,,,446,157125
1358,青岛恒星科技学院[民办],,土木工程,,,444,159559
1358,青岛恒星科技学院[民办],,智慧农业,,,444,159559
1358,青岛恒星科技学院[民办],,工程造价,,,441,163301
1358,青岛恒星科技学院[民办],,物流工程,,,441,163301
1359,青岛黄海学院[民办],,经济统计学,,,459,141008
1359,青岛黄海学院[民办],,互联网金融,,,462,137255
1359,青岛黄海学院[民办],,国际经济与贸易,,,449,153606
1359,青岛黄海学院[民办],,学前教育,,,455,146091
1359,青岛黄海学院[民办],,商务英语,,,459,141008
1359,青岛黄海学院[民办],,机械设计制造及其自动化,,,455,146091
1359,青岛黄海学院[民办],,车辆工程,,,455,146091
1359,青岛黄海学院[民办],,电气工程及其自动化,,,457,143500
1359,青岛黄海学院[民办],,电子信息工程,,,454,147340
1359,青岛黄海学院[民办],,计算机科学与技术,,,454,147340
1359,青岛黄海学院[民办],,数据科学与大数据技术,,,452,149859
1359,青岛黄海学院[民办],,土木工程,,,451,151103
1359,青岛黄海学院[民办],,船舶与海洋工程,,,446,157125
1359,青岛黄海学院[民办],,康复治疗学,,,466,132235
1359,青岛黄海学院[民办],,护理学,,,465,133566
1359,青岛黄海学院[民办],,工程管理,,,451,151103
1359,青岛黄海学院[民办],,工程造价,,,453,148600
1359,青岛黄海学院[民办],,市场营销,,,449,153606
1359,青岛黄海学院[民办],,财务管理,,,453,148600
1359,青岛黄海学院[民办],,国际商务,,,446,157125
1359,青岛黄海学院[民办],,物流管理,,,453,148600
1359,青岛黄海学院[民办],,电子商务,,,451,151103
1361,青岛科技大学[公办],,应用物理学,,,554,36948
1361,青岛科技大学[公办],,化学,,,553,37725
1361,青岛科技大学[公办],,应用化学,,,554,36948
1361,青岛科技大学[公办],,海洋科学,,,548,41891
1361,青岛科技大学[公办],,机械工程,,,562,30764
1361,青岛科技大学[公办],,材料成型及控制工程,,,552,38584
1361,青岛科技大学[公办],,过程装备与控制工程,,,556,35406
1361,青岛科技大学[公办],,测控技术与仪器,,,555,36191
1361,青岛科技大学[公办],,材料物理,,,549,41073
1361,青岛科技大学[公办],,材料化学,,,545,44494
1361,青岛科技大学[公办],,金属材料工程,,,543,46278
1361,青岛科技大学[公办],,无机非金属材料工程,,,546,43628
1361,青岛科技大学[公办],,高分子材料与工程(招收塑料工程方向),,,553,37725
1361,青岛科技大学[公办],,复合材料与工程,,,544,45381
1361,青岛科技大学[公办],,能源与动力工程,,,560,32247
1361,青岛科技大学[公办],,通信工程,,,569,25895
1361,青岛科技大学[公办],,自动化,,,564,29282
1361,青岛科技大学[公办],,计算机科学与技术,,,570,25269
1361,青岛科技大学[公办],,化学工程与工艺,,,554,36948
1361,青岛科技大学[公办],,制药工程,,,559,33069
1361,青岛科技大学[公办],,轻化工程,,,542,47194
1361,青岛科技大学[公办],,环境工程,,,554,36948
1361,青岛科技大学[公办],,环境科学,,,547,42788
1361,青岛科技大学[公办],,食品质量与安全,,,556,35406
1361,青岛科技大学[公办],,药物制剂,,,556,35406
1361,青岛科技大学[公办],,工商管理,,,559,33069
1361,青岛科技大学[公办],,工业工程,,,557,34586
1361,青岛科技大学[公办],,应用化学(中外合作办学)(中德合作办学),,,497,94131
1361,青岛科技大学[公办],,机械工程(中外合作办学)(中德合作办学),,,505,84880
1361,青岛科技大学[公办],,自动化(中外合作办学)(中德合作办学),,,514,74839
1362,青岛理工大学[公办],,经济学,,,566,27894
1362,青岛理工大学[公办],,数学与应用数学,,,564,29282
1362,青岛理工大学[公办],,应用物理学,,,563,30033
1362,青岛理工大学[公办],,统计学,,,565,28568
1362,青岛理工大学[公办],,工程力学,,,548,41891
1362,青岛理工大学[公办],,机械类,,,558,33822
1362,青岛理工大学[公办],,智能制造工程,,,560,32247
1362,青岛理工大学[公办],,测控技术与仪器,,,557,34586
1362,青岛理工大学[公办],,材料科学与工程,,,553,37725
1362,青岛理工大学[公办],,电气工程及其自动化,,,565,28568
1362,青岛理工大学[公办],,电子信息工程,,,565,28568
1362,青岛理工大学[公办],,自动化,,,564,29282
1362,青岛理工大学[公办],,机器人工程,,,570,25269
1362,青岛理工大学[公办],,计算机科学与技术,,,574,22729
1362,青岛理工大学[公办],,软件工程,,,573,23356
1362,青岛理工大学[公办],,网络空间安全,,,570,25269
1362,青岛理工大学[公办],,土木类,,,549,41073
1362,青岛理工大学[公办],,建筑环境与能源应用工程,,,549,41073
1362,青岛理工大学[公办],,给排水科学与工程,,,555,36191
1362,青岛理工大学[公办],,建筑电气与智能化,,,556,35406
1362,青岛理工大学[公办],,交通工程,,,556,35406
1362,青岛理工大学[公办],,环境工程,,,545,44494
1362,青岛理工大学[公办],,环境科学,,,548,41891
1362,青岛理工大学[公办],,建筑学,,,570,25269
1362,青岛理工大学[公办],,城乡规划,,,559,33069
1362,青岛理工大学[公办],,风景园林,,,566,27894
1362,青岛理工大学[公办],,安全工程,,,552,38584
1362,青岛理工大学[公办],,管理科学与工程类,,,544,45381
1362,青岛理工大学[公办],,市场营销,,,555,36191
1362,青岛理工大学[公办],,会计学,,,569,25895
1362,青岛理工大学[公办],,财务管理,,,567,27220
1362,青岛理工大学[公办],,国际商务,,,559,33069
1362,青岛理工大学[公办],,工业工程,,,550,40256
1362,青岛理工大学[公办],,土木工程(中外合作办学),,,532,56540
1362,青岛理工大学[公办],,给排水科学与工程(中外合作办学),,,532,56540
1362,青岛理工大学[公办],,建筑学(中外合作办学),,,537,51825
1362,青岛理工大学[公办],,财务管理(中外合作办学),,,544,45381
1363,青岛农业大学[公办],,国际经济与贸易,,,529,59504
1363,青岛农业大学[公办],,社会工作,,,512,76936
1363,青岛农业大学[公办],,英语,,,533,55500
1363,青岛农业大学[公办],,日语,,,520,68611
1363,青岛农业大学[公办],,朝鲜语,,,513,75878
1363,青岛农业大学[公办],,土木工程,,,520,68611
1363,青岛农业大学[公办],,化学工程与工艺,,,520,68611
1363,青岛农业大学[公办],,环境工程,,,520,68611
1363,青岛农业大学[公办],,环境科学,,,515,73836
1363,青岛农业大学[公办],,环境生态工程,,,515,73836
1363,青岛农业大学[公办],,粮食工程,,,506,83767
1363,青岛农业大学[公办],,园艺(含创新实验班30人),,,516,72762
1363,青岛农业大学[公办],,植物保护(含创新实验班30人),,,509,80441
1363,青岛农业大学[公办],,设施农业科学与工程,,,508,81575
1363,青岛农业大学[公办],,动物科学(含创新实验班30人),,,510,79317
1363,青岛农业大学[公办],,林学,,,510,79317
1363,青岛农业大学[公办],,园林(含创新实验班30人),,,523,65475
1363,青岛农业大学[公办],,水产养殖学,,,506,83767
1363,青岛农业大学[公办],,水族科学与技术,,,503,87191
1363,青岛农业大学[公办],,水生动物医学,,,500,90630
1363,青岛农业大学[公办],,草业科学(含创新实验班30人),,,499,91783
1363,青岛农业大学[公办],,草坪科学与工程,,,509,80441
1363,青岛农业大学[公办],,会计学,,,539,49949
1363,青岛农业大学[公办],,公共事业管理,,,516,72762
1364,青岛农业大学海都学院[独立学院],,国际经济与贸易,,,459,141008
1364,青岛农业大学海都学院[独立学院],,机械设计制造及其自动化,,,506,83767
1364,青岛农业大学海都学院[独立学院],,电气工程及其自动化,,,467,130969
1364,青岛农业大学海都学院[独立学院],,土木工程,,,462,137255
1364,青岛农业大学海都学院[独立学院],,食品科学与工程,,,459,141008
1364,青岛农业大学海都学院[独立学院],,食品质量与安全,,,461,138513
1364,青岛农业大学海都学院[独立学院],,园艺,,,464,134859
1364,青岛农业大学海都学院[独立学院],,动物医学,,,469,128494
1364,青岛农业大学海都学院[独立学院],,园林,,,460,139765
1364,青岛农业大学海都学院[独立学院],,财务管理,,,463,136058
1368,青海大学昆仑学院[独立学院],,机械设计制造及其自动化,,,458,142250
1368,青海大学昆仑学院[独立学院],,电气工程及其自动化,,,465,133566
1368,青海大学昆仑学院[独立学院],,自动化,,,459,141008
1368,青海大学昆仑学院[独立学院],,土木工程,,,456,144801
1368,青海大学昆仑学院[独立学院],,水利水电工程,,,456,144801
1368,青海大学昆仑学院[独立学院],,信息管理与信息系统,,,460,139765
1369,青海大学(西宁市)[公办],,经济学,,,567,27220
1369,青海大学(西宁市)[公办],,金融学,,,572,23984
1369,青海大学(西宁市)[公办],,应用化学,,,557,34586
1369,青海大学(西宁市)[公办],,生物技术,,,557,34586
1369,青海大学(西宁市)[公办],,生物技术(高原生物菁英班),,,551,40256
1369,青海大学(西宁市)[公办],,生态学(高原生物菁英班),,,557,34586
1369,青海大学(西宁市)[公办],,机械设计制造及其自动化,,,568,26529
1369,青海大学(西宁市)[公办],,材料成型及控制工程,,,556,35406
1369,青海大学(西宁市)[公办],,机械电子工程,,,566,27894
1369,青海大学(西宁市)[公办],,过程装备与控制工程,,,556,35406
1369,青海大学(西宁市)[公办],,材料科学与工程,,,559,33069
1369,青海大学(西宁市)[公办],,冶金工程,,,544,45381
1369,青海大学(西宁市)[公办],,新能源材料与器件,,,561,31495
1369,青海大学(西宁市)[公办],,电气工程及其自动化,,,571,24634
1369,青海大学(西宁市)[公办],,自动化,,,570,25269
1369,青海大学(西宁市)[公办],,计算机科学与技术,,,575,22143
1369,青海大学(西宁市)[公办],,土木工程,,,556,35406
1369,青海大学(西宁市)[公办],,给排水科学与工程,,,552,38584
1369,青海大学(西宁市)[公办],,土木、水利与交通工程,,,554,36948
1369,青海大学(西宁市)[公办],,水利水电工程,,,557,34586
1369,青海大学(西宁市)[公办],,测绘工程,,,557,34586
1369,青海大学(西宁市)[公办],,化工与制药类,,,552,38584
1369,青海大学(西宁市)[公办],,化学工程与工艺(卓越工程师),,,560,32247
1369,青海大学(西宁市)[公办],,能源化学工程,,,557,34586
1369,青海大学(西宁市)[公办],,地质工程,,,549,41073
1369,青海大学(西宁市)[公办],,资源勘查工程,,,554,36948
1369,青海大学(西宁市)[公办],,环境工程,,,561,31495
1369,青海大学(西宁市)[公办],,环境科学,,,553,37725
1369,青海大学(西宁市)[公办],,环境生态工程,,,553,37725
1369,青海大学(西宁市)[公办],,食品科学与工程,,,556,35406
1369,青海大学(西宁市)[公办],,城乡规划,,,558,33822
1369,青海大学(西宁市)[公办],,生物工程,,,558,33822
1369,青海大学(西宁市)[公办],,植物生产类,,,546,43628
1369,青海大学(西宁市)[公办],,植物保护,,,551,40256
1369,青海大学(西宁市)[公办],,农业资源与环境,,,554,36948
1369,青海大学(西宁市)[公办],,动物科学,,,550,40256
1369,青海大学(西宁市)[公办],,动物医学,,,554,36948
1369,青海大学(西宁市)[公办],,林学,,,557,34586
1369,青海大学(西宁市)[公办],,园林,,,549,41073
1369,青海大学(西宁市)[公办],,草业科学,,,552,38584
1369,青海大学(西宁市)[公办],,临床医学,,,572,23984
1369,青海大学(西宁市)[公办],,口腔医学,,,585,16469
1369,青海大学(西宁市)[公办],,预防医学,,,564,29282
1369,青海大学(西宁市)[公办],,中医学,,,564,29282
1369,青海大学(西宁市)[公办],,针灸推拿学,,,560,32247
1369,青海大学(西宁市)[公办],,药学,,,559,33069
1369,青海大学(西宁市)[公办],,中药学,,,559,33069
1369,青海大学(西宁市)[公办],,护理学,,,537,51825
1369,青海大学(西宁市)[公办],,信息管理与信息系统,,,566,27894
1369,青海大学(西宁市)[公办],,工程管理,,,557,34586
1369,青海大学(西宁市)[公办],,工商管理类,,,560,32247
1369,青海大学(西宁市)[公办],,工商管理类,,,558,33822
1371,青海民族大学(西宁市)[公办],,经济与金融,,,501,89173
1371,青海民族大学(西宁市)[公办],,生物科学,,,496,95288
1371,青海民族大学(西宁市)[公办],,统计学,,,504,86042
1371,青海民族大学(西宁市)[公办],,人工智能,,,508,81575
1371,青海民族大学(西宁市)[公办],,水利水电工程,,,500,90630
1371,青海民族大学(西宁市)[公办],,交通运输,,,497,94131
1371,青海民族大学(西宁市)[公办],,生物工程,,,495,96518
1371,青海民族大学(西宁市)[公办],,药物制剂,,,495,96518
1371,青海民族大学(西宁市)[公办],,工商管理,,,497,94131
1371,青海民族大学(西宁市)[公办],,土地资源管理(中外合作办学),,,455,146091
1372,青海师范大学(西宁市)[公办],,经济学,,,508,81575
1372,青海师范大学(西宁市)[公办],,自然地理与资源环境,,,501,89173
1372,青海师范大学(西宁市)[公办],,生物科学,,,516,72762
1372,青海师范大学(西宁市)[公办],,生态学(赴南信大交流),,,511,78116
1372,青海师范大学(西宁市)[公办],,电子信息工程,,,517,71732
1372,青海师范大学(西宁市)[公办],,软件工程,,,520,68611
1372,青海师范大学(西宁市)[公办],,人力资源管理,,,505,84880
1373,清华大学[公办],,理科试验班类(物理基础类),,,673,82
1373,清华大学[公办],,临床医学类,,,674,72
1375,琼台师范学院[公办],,科学教育,,,488,104962
1375,琼台师范学院[公办],,小学教育,,,500,90630
1375,琼台师范学院[公办],,数学与应用数学,,,493,98867
1375,琼台师范学院[公办],,软件工程,,,495,96518
1375,琼台师范学院[公办],,数据科学与大数据技术,,,494,97686
1376,曲阜师范大学[公办],,经济学,,,543,46278
1376,曲阜师范大学[公办],,英语,,,562,30764
1376,曲阜师范大学[公办],,朝鲜语,,,501,89173
1376,曲阜师范大学[公办],,数学与应用数学,,,557,34586
1376,曲阜师范大学[公办],,信息与计算科学,,,543,46278
1376,曲阜师范大学[公办],,物理学,,,554,36948
1376,曲阜师范大学[公办],,化学,,,553,37725
1376,曲阜师范大学[公办],,生物科学,,,551,40256
1376,曲阜师范大学[公办],,生态学,,,526,62390
1376,曲阜师范大学[公办],,统计学,,,545,44494
1376,曲阜师范大学[公办],,材料化学,,,536,52757
1376,曲阜师范大学[公办],,电气工程及其自动化,,,547,42788
1376,曲阜师范大学[公办],,自动化,,,545,44494
1376,曲阜师范大学[公办],,计算机科学与技术,,,553,37725
1376,曲阜师范大学[公办],,物联网工程,,,547,42788
1376,曲阜师范大学[公办],,财务管理,,,545,44494
1376,曲阜师范大学[公办],,物流管理,,,530,58518
1378,曲靖师范学院[公办],,学前教育,,,482,112324
1378,曲靖师范学院[公办],,英语,,,502,88336
1378,曲靖师范学院[公办],,信息与计算科学,,,482,112324
1378,曲靖师范学院[公办],,物理学,,,486,107443
1378,曲靖师范学院[公办],,化学,,,487,106171
1378,曲靖师范学院[公办],,人文地理与城乡规划,,,478,117259
1378,曲靖师范学院[公办],,计算机科学与技术,,,489,103748
1378,曲靖师范学院[公办],,物联网工程,,,487,106171
1378,曲靖师范学院[公办],,数据科学与大数据技术,,,487,106171
1378,曲靖师范学院[公办],,会计学,,,509,80441
1378,曲靖师范学院[公办],,物流管理,,,484,109959
1385,泉州师范学院[公办],,金融工程,,,496,95288
1385,泉州师范学院[公办],,国际经济与贸易,,,499,91783
1385,泉州师范学院[公办],,数学与应用数学,,,504,86042
1385,泉州师范学院[公办],,物理学,,,499,91783
1385,泉州师范学院[公办],,化学,,,498,92962
1385,泉州师范学院[公办],,生物科学,,,500,90630
1385,泉州师范学院[公办],,机械设计制造及其自动化,,,499,91783
1385,泉州师范学院[公办],,电气工程与智能控制,,,499,91783
1385,泉州师范学院[公办],,通信工程,,,504,86042
1385,泉州师范学院[公办],,光电信息科学与工程,,,497,94131
1385,泉州师范学院[公办],,电子信息科学与技术,,,499,91783
1385,泉州师范学院[公办],,计算机科学与技术,,,511,78116
1385,泉州师范学院[公办],,软件工程,,,499,91783
1385,泉州师范学院[公办],,数字媒体技术,,,516,72762
1385,泉州师范学院[公办],,化工与制药类,,,489,103748
1385,泉州师范学院[公办],,纺织工程,,,481,113547
1385,泉州师范学院[公办],,食品科学与工程,,,490,102500
1386,泉州信息工程学院[民办],,机械设计制造及其自动化,,,451,151103
1386,泉州信息工程学院[民办],,电气工程及其自动化,,,449,153606
1386,泉州信息工程学院[民办],,电子信息工程,,,449,153606
1386,泉州信息工程学院[民办],,通信工程,,,449,153606
1386,泉州信息工程学院[民办],,微电子科学与工程,,,451,151103
1386,泉州信息工程学院[民办],,软件工程(中外合作办学),,,436,169642
1390,三江学院[民办],,土木工程,,,452,149859
1390,三江学院[民办],,物流管理,,,459,141008
1390,三江学院[民办],,电子商务及法律,,,455,146091
1393,三明学院[公办],,机械设计制造及其自动化,,,497,94131
1393,三明学院[公办],,车辆工程,,,493,98867
1393,三明学院[公办],,人工智能,,,502,88336
1393,三明学院[公办],,机器人工程,,,493,98867
1393,三明学院[公办],,计算机科学与技术,,,504,86042
1393,三明学院[公办],,网络工程,,,503,87191
1393,三明学院[公办],,物联网工程,,,504,86042
1393,三明学院[公办],,数字媒体技术,,,509,80441
1393,三明学院[公办],,土木工程(国际课程项目),,,462,137255
1393,三明学院[公办],,环境工程,,,488,104962
1393,三明学院[公办],,工程造价,,,497,94131
1393,三明学院[公办],,财务管理(国际课程项目),,,474,122219
1393,三明学院[公办],,电子商务,,,494,97686
1395,三峡大学科技学院[独立学院],,机械设计制造及其自动化,,,463,136058
1395,三峡大学科技学院[独立学院],,电气工程及其自动化(含电力系统、输电线路工程方向),,,473,123482
1395,三峡大学科技学院[独立学院],,计算机类,,,528,60450
1395,三峡大学科技学院[独立学院],,土木类,,,459,141008
1395,三峡大学科技学院[独立学院],,水利水电工程,,,465,133566
1395,三峡大学科技学院[独立学院],,临床医学,,,472,124770
1395,三峡大学科技学院[独立学院],,管理科学与工程类,,,458,142250
1396,三峡大学(宜昌市)[公办],,法学,,,561,31495
1396,三峡大学(宜昌市)[公办],,数学类(设教师教育、大数据与科学计算2个专业方向),,,553,37725
1396,三峡大学(宜昌市)[公办],,物理学(设物理学、教师教育、光电信息3个专业方向),,,550,40256
1396,三峡大学(宜昌市)[公办],,化学,,,541,48106
1396,三峡大学(宜昌市)[公办],,生物科学,,,546,43628
1396,三峡大学(宜昌市)[公办],,机械设计制造及其自动化,,,557,34586
1396,三峡大学(宜昌市)[公办],,智能制造工程,,,557,34586
1396,三峡大学(宜昌市)[公办],,材料类,,,541,48106
1396,三峡大学(宜昌市)[公办],,能源与动力工程,,,559,33069
1396,三峡大学(宜昌市)[公办],,电气工程及其自动化,,,584,17032
1396,三峡大学(宜昌市)[公办],,电气工程及其自动化(输电线路工程方向),,,578,20380
1396,三峡大学(宜昌市)[公办],,通信工程,,,569,25895
1396,三峡大学(宜昌市)[公办],,自动化,,,568,26529
1396,三峡大学(宜昌市)[公办],,计算机类,,,569,25895
1396,三峡大学(宜昌市)[公办],,土木类,,,546,43628
1396,三峡大学(宜昌市)[公办],,水利水电工程,,,565,28568
1396,三峡大学(宜昌市)[公办],,水文与水资源工程,,,561,31495
1396,三峡大学(宜昌市)[公办],,化学工程与工艺,,,536,52757
1396,三峡大学(宜昌市)[公办],,制药工程,,,547,42788
1396,三峡大学(宜昌市)[公办],,环境工程,,,542,47194
1396,三峡大学(宜昌市)[公办],,建筑类,,,550,40256
1396,三峡大学(宜昌市)[公办],,生物工程,,,544,45381
1396,三峡大学(宜昌市)[公办],,临床医学,,,565,28568
1396,三峡大学(宜昌市)[公办],,药学,,,546,43628
1396,三峡大学(宜昌市)[公办],,工程管理(造价作为工管的专业方向),,,547,42788
1396,三峡大学(宜昌市)[公办],,电气工程及其自动化(中外合作办学),,,559,33069
1402,三亚学院[民办],,经济与金融,,,435,170844
1402,三亚学院[民办],,金融科技,,,437,168382
1402,三亚学院[民办],,金融科技(跨境投融资),,,433,173411
1402,三亚学院[民办],,国际经济与贸易,,,432,174661
1402,三亚学院[民办],,国际经济与贸易(自贸区贸易管理与服务),,,438,167058
1402,三亚学院[民办],,网络与新媒体,,,448,154772
1402,三亚学院[民办],,应用心理学,,,436,169642
1402,三亚学院[民办],,车辆工程,,,432,174661
1402,三亚学院[民办],,测控技术与仪器,,,431,175849
1402,三亚学院[民办],,电子信息工程,,,437,168382
1402,三亚学院[民办],,通信工程,,,433,173411
1402,三亚学院[民办],,计算机科学与技术,,,442,162050
1402,三亚学院[民办],,软件工程,,,439,165845
1402,三亚学院[民办],,软件工程(区块链),,,433,173411
1402,三亚学院[民办],,智能科学与技术,,,433,173411
1402,三亚学院[民办],,数据科学与大数据技术,,,436,169642
1402,三亚学院[民办],,城乡规划,,,431,175849
1402,三亚学院[民办],,风景园林,,,439,165845
1402,三亚学院[民办],,康复治疗学,,,431,175849
1402,三亚学院[民办],,护理学,,,443,160819
1402,三亚学院[民办],,工程管理(建筑数字技术与造价),,,430,177075
1402,三亚学院[民办],,工商管理,,,432,174661
1402,三亚学院[民办],,工商管理(国际产能合作服务),,,438,167058
1402,三亚学院[民办],,市场营销(数字营销),,,432,174661
1402,三亚学院[民办],,会计学,,,434,172120
1402,三亚学院[民办],,财务管理,,,432,174661
1402,三亚学院[民办],,人力资源管理,,,431,175849
1402,三亚学院[民办],,健康服务与管理,,,435,170844
1402,三亚学院[民办],,物流管理,,,432,174661
1402,三亚学院[民办],,旅游管理(智慧旅游大数据),,,446,157125
1402,三亚学院[民办],,酒店管理(奢侈品管理与开发),,,431,175849
1402,三亚学院[民办],,会展经济与管理,,,456,144801
1402,三亚学院[民办],,国际经济与贸易(中外合作办学),,,436,169642
1404,山东财经大学东方学院[独立学院],,税收学,,,464,134859
1404,山东财经大学东方学院[独立学院],,金融学,,,468,129759
1404,山东财经大学东方学院[独立学院],,国际经济与贸易,,,464,134859
1404,山东财经大学东方学院[独立学院],,数据科学与大数据技术,,,465,133566
1404,山东财经大学东方学院[独立学院],,工商管理,,,462,137255
1404,山东财经大学东方学院[独立学院],,会计学,,,481,113547
1404,山东财经大学东方学院[独立学院],,审计学,,,479,116040
1405,山东财经大学(济南市)[公办],,经济学类,,,572,23984
1405,山东财经大学(济南市)[公办],,经济统计学,,,569,25895
1405,山东财经大学(济南市)[公办],,财政学类,,,575,22143
1405,山东财经大学(济南市)[公办],,金融学,,,577,20936
1405,山东财经大学(济南市)[公办],,金融数学,,,572,23984
1405,山东财经大学(济南市)[公办],,经济与贸易类,,,571,24634
1405,山东财经大学(济南市)[公办],,国际经济发展合作,,,573,23356
1405,山东财经大学(济南市)[公办],,法学,,,568,26529
1405,山东财经大学(济南市)[公办],,外国语言文学类,,,557,34586
1405,山东财经大学(济南市)[公办],,统计学,,,575,22143
1405,山东财经大学(济南市)[公办],,计算机类,,,568,26529
1405,山东财经大学(济南市)[公办],,数据科学与大数据技术,,,569,25895
1405,山东财经大学(济南市)[公办],,管理科学与工程类,,,558,33822
1405,山东财经大学(济南市)[公办],,会计学,,,578,20380
1405,山东财经大学(济南市)[公办],,财务管理,,,576,21536
1405,山东财经大学(济南市)[公办],,资产评估,,,571,24634
1405,山东财经大学(济南市)[公办],,电子商务类,,,559,33069
1408,山东大学[公办],,经济学类,,,626,3178
1408,山东大学[公办],,法学类,,,622,3900
1408,山东大学[公办],,数学类,,,629,2693
1408,山东大学[公办],,物理学类,,,621,4073
1408,山东大学[公办],,化学类,,,608,7171
1408,山东大学[公办],,生物科学类,,,611,6343
1408,山东大学[公办],,机械类,,,613,5819
1408,山东大学[公办],,材料类,,,607,7470
1408,山东大学[公办],,能源动力类,,,612,6049
1408,山东大学[公办],,电气工程及其自动化,,,621,4073
1408,山东大学[公办],,电子信息类(通信电子与光电方向),,,620,4276
1408,山东大学[公办],,电子信息类(微电子与电路集成方向),,,619,4458
1408,山东大学[公办],,自动化类,,,619,4458
1408,山东大学[公办],,计算机类(计算机与智能方向),,,625,3338
1408,山东大学[公办],,计算机类(软件数媒与大数据方向),,,621,4073
1408,山东大学[公办],,网络空间安全,,,621,4073
1408,山东大学[公办],,土木类,,,606,7785
1408,山东大学[公办],,智能建造与智慧交通,,,610,6588
1408,山东大学[公办],,环境科学与工程类,,,610,6588
1408,山东大学[公办],,建筑学(五年制),,,612,6049
1408,山东大学[公办],,生物医学科学,,,613,5819
1408,山东大学[公办],,临床医学(5+3一体化),,,633,2156
1408,山东大学[公办],,临床医学(五年制),,,624,3506
1408,山东大学[公办],,临床医学(本博连读，齐鲁医学堂),,,641,1334
1408,山东大学[公办],,口腔医学(5+3一体化),,,630,2544
1408,山东大学[公办],,口腔医学(五年制),,,626,3178
1408,山东大学[公办],,预防医学(五年制),,,606,7785
1408,山东大学[公办],,药学类,,,611,6343
1408,山东大学[公办],,智能医学工程,,,611,6343
1408,山东大学[公办],,生物医药数据科学,,,609,6887
1408,山东大学[公办],,护理学,,,580,19205
1408,山东大学[公办],,管理科学与工程类,,,611,6343
1408,山东大学[公办],,工商管理类,,,618,4687
1410,山东大学威海分校[公办],,经济学类,,,612,6049
1410,山东大学威海分校[公办],,外国语言文学类,,,602,9065
1410,山东大学威海分校[公办],,数学类,,,609,6887
1410,山东大学威海分校[公办],,物理学,,,602,9065
1410,山东大学威海分校[公办],,海洋科学,,,602,9065
1410,山东大学威海分校[公办],,智能制造工程,,,608,7171
1410,山东大学威海分校[公办],,电子信息类,,,611,6343
1410,山东大学威海分校[公办],,自动化类,,,609,6887
1410,山东大学威海分校[公办],,计算机类,,,613,5819
1410,山东大学威海分校[公办],,工商管理类,,,604,8390
1410,山东大学威海分校[公办],,金融学(中外合作办学),,,601,9445
1410,山东大学威海分校[公办],,数学与应用数学(中外合作办学),,,600,9823
1410,山东大学威海分校[公办],,应用物理学(中外合作办学),,,593,12676
1410,山东大学威海分校[公办],,应用化学(中外合作办学),,,579,19795
1410,山东大学威海分校[公办],,生物科学(中外合作办学),,,582,18065
1410,山东大学威海分校[公办],,机械设计制造及其自动化(中外合作办学),,,595,11821
1410,山东大学威海分校[公办],,计算机科学与技术(中外合作办学),,,603,8730
1412,山东第一医科大学[公办],,生物技术,,,533,55500
1412,山东第一医科大学[公办],,电子信息类,,,528,60450
1412,山东第一医科大学[公办],,临床医学,,,574,22729
1412,山东第一医科大学[公办],,放射医学,,,565,28568
1412,山东第一医科大学[公办],,药学,,,540,49002
1412,山东第一医科大学[公办],,药物化学,,,531,57544
1412,山东第一医科大学[公办],,医学实验技术,,,536,52757
1412,山东第一医科大学[公办],,医学影像技术,,,537,51825
1412,山东第一医科大学[公办],,公共管理类,,,510,79317
1414,山东工程职业技术大学(济南市)[民办],,建筑工程,,,449,153606
1414,山东工程职业技术大学(济南市)[民办],,物联网工程技术,,,455,146091
1414,山东工程职业技术大学(济南市)[民办],,软件工程技术,,,452,149859
1414,山东工程职业技术大学(济南市)[民办],,大数据工程技术,,,454,147340
1414,山东工程职业技术大学(济南市)[民办],,大数据与会计,,,458,142250
1415,山东工商学院(烟台市)[公办],,经济学类,,,527,61435
1415,山东工商学院(烟台市)[公办],,经济统计学,,,518,70669
1415,山东工商学院(烟台市)[公办],,财政学,,,525,63402
1415,山东工商学院(烟台市)[公办],,金融学,,,524,64450
1415,山东工商学院(烟台市)[公办],,金融工程,,,530,58518
1415,山东工商学院(烟台市)[公办],,保险学,,,522,66475
1415,山东工商学院(烟台市)[公办],,投资学,,,518,70669
1415,山东工商学院(烟台市)[公办],,金融科技,,,519,69642
1415,山东工商学院(烟台市)[公办],,国际经济与贸易,,,531,57544
1415,山东工商学院(烟台市)[公办],,法学,,,537,51825
1415,山东工商学院(烟台市)[公办],,新闻传播学类,,,527,61435
1415,山东工商学院(烟台市)[公办],,数学与应用数学,,,518,70669
1415,山东工商学院(烟台市)[公办],,应用统计学,,,518,70669
1415,山东工商学院(烟台市)[公办],,电气工程及其自动化,,,524,64450
1415,山东工商学院(烟台市)[公办],,电子信息工程,,,526,62390
1415,山东工商学院(烟台市)[公办],,通信工程,,,524,64450
1415,山东工商学院(烟台市)[公办],,计算机科学与技术,,,533,55500
1415,山东工商学院(烟台市)[公办],,软件工程,,,533,55500
1415,山东工商学院(烟台市)[公办],,网络工程,,,531,57544
1415,山东工商学院(烟台市)[公办],,数字媒体技术,,,538,50883
1415,山东工商学院(烟台市)[公办],,安全工程,,,514,74839
1415,山东工商学院(烟台市)[公办],,信息管理与信息系统,,,523,65475
1415,山东工商学院(烟台市)[公办],,工程管理,,,514,74839
1415,山东工商学院(烟台市)[公办],,工程造价,,,532,56540
1415,山东工商学院(烟台市)[公办],,工商管理,,,527,61435
1415,山东工商学院(烟台市)[公办],,市场营销,,,515,73836
1415,山东工商学院(烟台市)[公办],,会计学,,,538,50883
1415,山东工商学院(烟台市)[公办],,财务管理,,,534,54574
1415,山东工商学院(烟台市)[公办],,人力资源管理,,,526,62390
1415,山东工商学院(烟台市)[公办],,审计学,,,535,53694
1415,山东工商学院(烟台市)[公办],,资产评估,,,522,66475
1415,山东工商学院(烟台市)[公办],,公共管理类,,,513,75878
1415,山东工商学院(烟台市)[公办],,物流管理,,,516,72762
1415,山东工商学院(烟台市)[公办],,工业工程,,,512,76936
1415,山东工商学院(烟台市)[公办],,电子商务,,,517,71732
1415,山东工商学院(烟台市)[公办],,旅游管理,,,510,79317
1415,山东工商学院(烟台市)[公办],,金融学(中外合作办学),,,487,106171
1415,山东工商学院(烟台市)[公办],,国际经济与贸易(中外合作办学),,,492,100090
1415,山东工商学院(烟台市)[公办],,会计学(中外合作办学),,,490,102500
1415,山东工商学院(烟台市)[公办],,财务管理(中外合作办学),,,486,107443
1417,山东工艺美术学院(济南市)[公办],,服装设计与工程,,,470,127253
1418,山东管理学院(济南市)[公办],,经济学,,,520,68611
1418,山东管理学院(济南市)[公办],,金融工程,,,518,70669
1418,山东管理学院(济南市)[公办],,机器人工程,,,511,78116
1418,山东管理学院(济南市)[公办],,安全工程,,,477,118522
1418,山东管理学院(济南市)[公办],,会计学,,,525,63402
1418,山东管理学院(济南市)[公办],,审计学,,,531,57544
1418,山东管理学院(济南市)[公办],,资产评估,,,515,73836
1418,山东管理学院(济南市)[公办],,公共关系学,,,505,84880
1420,山东华宇工学院(德州市)[民办],,商务英语,,,448,154772
1420,山东华宇工学院(德州市)[民办],,能源与动力工程,,,451,151103
1420,山东华宇工学院(德州市)[民办],,自动化,,,453,148600
1420,山东华宇工学院(德州市)[民办],,建筑环境与能源应用工程,,,446,157125
1420,山东华宇工学院(德州市)[民办],,物流工程,,,445,158356
1420,山东华宇工学院(德州市)[民办],,工业工程,,,443,160819
1422,山东建筑大学(济南市)[公办],,信息与计算科学,,,541,48106
1422,山东建筑大学(济南市)[公办],,机械工程,,,531,57544
1422,山东建筑大学(济南市)[公办],,材料成型及控制工程,,,523,65475
1422,山东建筑大学(济南市)[公办],,机械电子工程,,,532,56540
1422,山东建筑大学(济南市)[公办],,能源与动力工程,,,533,55500
1422,山东建筑大学(济南市)[公办],,电子信息工程,,,540,49002
1422,山东建筑大学(济南市)[公办],,光电信息科学与工程,,,532,56540
1422,山东建筑大学(济南市)[公办],,计算机类,,,546,43628
1422,山东建筑大学(济南市)[公办],,土木工程,,,539,49949
1422,山东建筑大学(济南市)[公办],,建筑环境与能源应用工程,,,534,54574
1422,山东建筑大学(济南市)[公办],,建筑电气与智能化,,,534,54574
1422,山东建筑大学(济南市)[公办],,建筑学,,,559,33069
1422,山东建筑大学(济南市)[公办],,工程造价,,,545,44494
1423,山东交通学院[公办],,金融工程,,,515,73836
1423,山东交通学院[公办],,国际经济与贸易,,,512,76936
1423,山东交通学院[公办],,海洋技术,,,497,94131
1423,山东交通学院[公办],,材料成型及控制工程,,,510,79317
1423,山东交通学院[公办],,机械电子工程,,,521,67552
1423,山东交通学院[公办],,智能制造工程,,,518,70669
1423,山东交通学院[公办],,材料科学与工程,,,510,79317
1423,山东交通学院[公办],,能源与动力工程,,,518,70669
1423,山东交通学院[公办],,电气工程及其自动化,,,528,60450
1423,山东交通学院[公办],,电子信息工程,,,525,63402
1423,山东交通学院[公办],,自动化,,,518,70669
1423,山东交通学院[公办],,轨道交通信号与控制,,,517,71732
1423,山东交通学院[公办],,数据科学与大数据技术,,,527,61435
1423,山东交通学院[公办],,土木类,,,513,75878
1423,山东交通学院[公办],,遥感科学与技术,,,512,76936
1423,山东交通学院[公办],,交通运输(轨道交通运营与管理方向),,,519,69642
1423,山东交通学院[公办],,交通工程,,,518,70669
1423,山东交通学院[公办],,轨道交通电气与控制,,,512,76936
1423,山东交通学院[公办],,智慧交通,,,513,75878
1423,山东交通学院[公办],,船舶与海洋工程,,,507,82620
1423,山东交通学院[公办],,飞行器制造工程,,,514,74839
1423,山东交通学院[公办],,安全工程,,,506,83767
1423,山东交通学院[公办],,市场营销,,,508,81575
1423,山东交通学院[公办],,财务管理,,,518,70669
1423,山东交通学院[公办],,交通管理,,,515,73836
1423,山东交通学院[公办],,物流工程,,,511,78116
1423,山东交通学院[公办],,计算机科学与技术(中外合作办学)(双证),,,494,97686
1423,山东交通学院[公办],,土木工程(中外合作办学)(双证),,,475,120971
1426,山东科技大学[公办],,金融学,,,567,27220
1426,山东科技大学[公办],,国际经济与贸易,,,558,33822
1426,山东科技大学[公办],,应用物理学,,,558,33822
1426,山东科技大学[公办],,应用化学,,,554,36948
1426,山东科技大学[公办],,海洋技术,,,537,51825
1426,山东科技大学[公办],,统计学,,,564,29282
1426,山东科技大学[公办],,工程力学,,,551,40256
1426,山东科技大学[公办],,机械设计制造及其自动化,,,567,27220
1426,山东科技大学[公办],,金属材料工程,,,546,43628
1426,山东科技大学[公办],,高分子材料与工程,,,552,38584
1426,山东科技大学[公办],,新能源材料与器件,,,563,30033
1426,山东科技大学[公办],,能源与动力工程,,,563,30033
1426,山东科技大学[公办],,电气工程及其自动化,,,568,26529
1426,山东科技大学[公办],,电子信息工程,,,570,25269
1426,山东科技大学[公办],,通信工程,,,571,24634
1426,山东科技大学[公办],,电子信息科学与技术,,,569,25895
1426,山东科技大学[公办],,自动化,,,565,28568
1426,山东科技大学[公办],,计算机科学与技术,,,578,20380
1426,山东科技大学[公办],,软件工程,,,576,21536
1426,山东科技大学[公办],,信息安全,,,571,24634
1426,山东科技大学[公办],,智能科学与技术,,,572,23984
1426,山东科技大学[公办],,土木类,,,551,40256
1426,山东科技大学[公办],,水文与水资源工程,,,551,40256
1426,山东科技大学[公办],,测绘工程,,,559,33069
1426,山东科技大学[公办],,遥感科学与技术,,,564,29282
1426,山东科技大学[公办],,化学工程与工艺,,,554,36948
1426,山东科技大学[公办],,地质工程,,,552,38584
1426,山东科技大学[公办],,勘查技术与工程,,,550,40256
1426,山东科技大学[公办],,资源勘查工程,,,546,43628
1426,山东科技大学[公办],,采矿工程,,,530,58518
1426,山东科技大学[公办],,交通运输,,,557,34586
1426,山东科技大学[公办],,交通工程,,,555,36191
1426,山东科技大学[公办],,船舶与海洋工程,,,544,45381
1426,山东科技大学[公办],,环境工程,,,545,44494
1426,山东科技大学[公办],,建筑学,,,559,33069
1426,山东科技大学[公办],,安全工程,,,552,38584
1426,山东科技大学[公办],,生物工程,,,546,43628
1426,山东科技大学[公办],,生物制药,,,549,41073
1426,山东科技大学[公办],,工业工程,,,551,40256
1426,山东科技大学[公办],,工业设计(中外合作办学)(就读地点济南只提供英语教学、其他语种慎报),,,500,90630
1429,山东理工大学(淄博市)[公办],,经济学,,,556,35406
1429,山东理工大学(淄博市)[公办],,国际经济与贸易,,,551,40256
1429,山东理工大学(淄博市)[公办],,法学,,,558,33822
1429,山东理工大学(淄博市)[公办],,英语(外语语种为英语),,,561,31495
1429,山东理工大学(淄博市)[公办],,数学与应用数学,,,550,40256
1429,山东理工大学(淄博市)[公办],,信息与计算科学,,,551,40256
1429,山东理工大学(淄博市)[公办],,化学,,,544,45381
1429,山东理工大学(淄博市)[公办],,应用化学,,,544,45381
1429,山东理工大学(淄博市)[公办],,生物科学,,,549,41073
1429,山东理工大学(淄博市)[公办],,统计学,,,549,41073
1429,山东理工大学(淄博市)[公办],,机械设计制造及其自动化,,,558,33822
1429,山东理工大学(淄博市)[公办],,材料成型及控制工程,,,542,47194
1429,山东理工大学(淄博市)[公办],,机械电子工程,,,551,40256
1429,山东理工大学(淄博市)[公办],,工业设计,,,547,42788
1429,山东理工大学(淄博市)[公办],,车辆工程,,,556,35406
1429,山东理工大学(淄博市)[公办],,测控技术与仪器,,,545,44494
1429,山东理工大学(淄博市)[公办],,材料科学与工程,,,539,49949
1429,山东理工大学(淄博市)[公办],,材料化学,,,534,54574
1429,山东理工大学(淄博市)[公办],,高分子材料与工程,,,547,42788
1429,山东理工大学(淄博市)[公办],,能源与动力工程,,,557,34586
1429,山东理工大学(淄博市)[公办],,电气工程及其自动化,,,566,27894
1429,山东理工大学(淄博市)[公办],,智能电网信息工程,,,557,34586
1429,山东理工大学(淄博市)[公办],,电子信息工程,,,562,30764
1429,山东理工大学(淄博市)[公办],,通信工程,,,560,32247
1429,山东理工大学(淄博市)[公办],,光电信息科学与工程,,,556,35406
1429,山东理工大学(淄博市)[公办],,自动化,,,557,34586
1429,山东理工大学(淄博市)[公办],,计算机科学与技术,,,565,28568
1429,山东理工大学(淄博市)[公办],,软件工程,,,562,30764
1429,山东理工大学(淄博市)[公办],,土木工程,,,545,44494
1429,山东理工大学(淄博市)[公办],,地理空间信息工程,,,524,64450
1429,山东理工大学(淄博市)[公办],,化学工程与工艺,,,539,49949
1429,山东理工大学(淄博市)[公办],,制药工程,,,545,44494
1429,山东理工大学(淄博市)[公办],,采矿工程,,,504,86042
1429,山东理工大学(淄博市)[公办],,矿物加工工程,,,500,90630
1429,山东理工大学(淄博市)[公办],,纺织工程,,,506,83767
1429,山东理工大学(淄博市)[公办],,交通运输,,,548,41891
1429,山东理工大学(淄博市)[公办],,交通工程,,,549,41073
1429,山东理工大学(淄博市)[公办],,农业机械化及其自动化,,,544,45381
1429,山东理工大学(淄博市)[公办],,环境工程,,,534,54574
1429,山东理工大学(淄博市)[公办],,食品科学与工程,,,543,46278
1429,山东理工大学(淄博市)[公办],,城乡规划,,,551,40256
1429,山东理工大学(淄博市)[公办],,生物工程,,,546,43628
1429,山东理工大学(淄博市)[公办],,信息管理与信息系统,,,554,36948
1429,山东理工大学(淄博市)[公办],,工商管理,,,549,41073
1429,山东理工大学(淄博市)[公办],,市场营销,,,543,46278
1429,山东理工大学(淄博市)[公办],,财务管理,,,557,34586
1429,山东理工大学(淄博市)[公办],,工业工程,,,543,46278
1434,山东农业大学(泰安市)[公办],,数字经济,,,528,60450
1434,山东农业大学(泰安市)[公办],,金融学,,,530,58518
1434,山东农业大学(泰安市)[公办],,国际经济与贸易,,,529,59504
1434,山东农业大学(泰安市)[公办],,数学类,,,524,64450
1434,山东农业大学(泰安市)[公办],,应用化学,,,512,76936
1434,山东农业大学(泰安市)[公办],,地理信息科学,,,522,66475
1434,山东农业大学(泰安市)[公办],,生物科学类,,,519,69642
1434,山东农业大学(泰安市)[公办],,生态学,,,515,73836
1434,山东农业大学(泰安市)[公办],,机械类,,,524,64450
1434,山东农业大学(泰安市)[公办],,材料化学,,,512,76936
1434,山东农业大学(泰安市)[公办],,电气工程及其自动化,,,531,57544
1434,山东农业大学(泰安市)[公办],,通信工程,,,528,60450
1434,山东农业大学(泰安市)[公办],,电子信息科学与技术,,,529,59504
1434,山东农业大学(泰安市)[公办],,人工智能,,,531,57544
1434,山东农业大学(泰安市)[公办],,自动化,,,535,53694
1434,山东农业大学(泰安市)[公办],,计算机类,,,536,52757
1434,山东农业大学(泰安市)[公办],,土木类,,,515,73836
1434,山东农业大学(泰安市)[公办],,水利类,,,509,80441
1434,山东农业大学(泰安市)[公办],,测绘类,,,514,74839
1434,山东农业大学(泰安市)[公办],,制药工程,,,520,68611
1434,山东农业大学(泰安市)[公办],,制药工程(医药方向),,,519,69642
1434,山东农业大学(泰安市)[公办],,农业机械化及其自动化,,,519,69642
1434,山东农业大学(泰安市)[公办],,土地整治工程,,,501,89173
1434,山东农业大学(泰安市)[公办],,木材科学与工程,,,503,87191
1434,山东农业大学(泰安市)[公办],,环境科学与工程类,,,514,74839
1434,山东农业大学(泰安市)[公办],,食品科学与工程类,,,512,76936
1434,山东农业大学(泰安市)[公办],,生物工程,,,516,72762
1434,山东农业大学(泰安市)[公办],,植物生产类(C),,,508,81575
1434,山东农业大学(泰安市)[公办],,植物科学与技术,,,509,80441
1434,山东农业大学(泰安市)[公办],,烟草,,,533,55500
1434,山东农业大学(泰安市)[公办],,农业资源与环境,,,512,76936
1434,山东农业大学(泰安市)[公办],,水土保持与荒漠化防治,,,504,86042
1434,山东农业大学(泰安市)[公办],,动物科学,,,511,78116
1434,山东农业大学(泰安市)[公办],,动物医学类,,,524,64450
1434,山东农业大学(泰安市)[公办],,林学(新农科实验班),,,506,83767
1434,山东农业大学(泰安市)[公办],,园林,,,511,78116
1434,山东农业大学(泰安市)[公办],,水产养殖学,,,507,82620
1434,山东农业大学(泰安市)[公办],,中药资源与开发,,,511,78116
1434,山东农业大学(泰安市)[公办],,工商管理类,,,532,56540
1434,山东农业大学(泰安市)[公办],,文化产业管理,,,519,69642
1434,山东农业大学(泰安市)[公办],,农林经济管理,,,527,61435
1434,山东农业大学(泰安市)[公办],,公共管理类,,,520,68611
1434,山东农业大学(泰安市)[公办],,土地资源管理,,,509,80441
1435,山东农业工程学院[公办],,金融工程,,,507,82620
1435,山东农业工程学院[公办],,商务英语,,,505,84880
1435,山东农业工程学院[公办],,工程造价,,,501,89173
1435,山东农业工程学院[公办],,审计学,,,509,80441
1435,山东农业工程学院[公办],,农林经济管理,,,490,102500
1435,山东农业工程学院[公办],,土地资源管理,,,493,98867
1435,山东农业工程学院[公办],,物流工程,,,498,92962
1436,山东女子学院(济南市)[公办],,国际经济与贸易,,,485,108714
1436,山东女子学院(济南市)[公办],,知识产权,,,491,101322
1436,山东女子学院(济南市)[公办],,商务英语(仅招收英语语种考生),,,507,82620
1436,山东女子学院(济南市)[公办],,计算机科学与技术,,,495,96518
1436,山东女子学院(济南市)[公办],,软件工程,,,494,97686
1436,山东女子学院(济南市)[公办],,工商管理,,,498,92962
1437,山东青年政治学院(济南市)[公办],,财务管理,,,510,79317
1442,山东师范大学(济南市)[公办],,金融学类,,,567,27220
1442,山东师范大学(济南市)[公办],,法学,,,573,23356
1442,山东师范大学(济南市)[公办],,思想政治教育,,,581,18643
1442,山东师范大学(济南市)[公办],,学前教育,,,567,27220
1442,山东师范大学(济南市)[公办],,小学教育,,,570,25269
1442,山东师范大学(济南市)[公办],,中国语言文学类,,,581,18643
1442,山东师范大学(济南市)[公办],,汉语国际教育,,,571,24634
1442,山东师范大学(济南市)[公办],,外国语言文学类,,,570,25269
1442,山东师范大学(济南市)[公办],,新闻传播学类,,,576,21536
1442,山东师范大学(济南市)[公办],,数学与应用数学,,,580,19205
1442,山东师范大学(济南市)[公办],,物理学,,,574,22729
1442,山东师范大学(济南市)[公办],,化学,,,573,23356
1442,山东师范大学(济南市)[公办],,地理科学类,,,569,25895
1442,山东师范大学(济南市)[公办],,生物科学类,,,570,25269
1442,山东师范大学(济南市)[公办],,心理学类,,,565,28568
1442,山东师范大学(济南市)[公办],,电子信息类,,,566,27894
1442,山东师范大学(济南市)[公办],,通信工程,,,567,27220
1442,山东师范大学(济南市)[公办],,计算机类,,,569,25895
1442,山东师范大学(济南市)[公办],,化学工程与工艺,,,560,32247
1442,山东师范大学(济南市)[公办],,食品科学与工程,,,551,40256
1442,山东师范大学(济南市)[公办],,信息管理与信息系统,,,561,31495
1442,山东师范大学(济南市)[公办],,工商管理类,,,563,30033
1442,山东师范大学(济南市)[公办],,公共管理类,,,553,37725
1442,山东师范大学(济南市)[公办],,旅游管理,,,551,40256
1442,山东师范大学(济南市)[公办],,财务管理(中外合作办学),,,542,47194
1442,山东师范大学(济南市)[公办],,物流管理(中外合作办学),,,510,79317
1443,山东石油化工学院(东营市)[公办],,信息与计算科学,,,491,101322
1443,山东石油化工学院(东营市)[公办],,应用化学,,,480,114796
1443,山东石油化工学院(东营市)[公办],,机械设计制造及其自动化,,,484,109959
1443,山东石油化工学院(东营市)[公办],,材料成型及控制工程,,,477,118522
1443,山东石油化工学院(东营市)[公办],,能源动力类,,,485,108714
1443,山东石油化工学院(东营市)[公办],,自动化,,,485,108714
1443,山东石油化工学院(东营市)[公办],,计算机类,,,493,98867
1443,山东石油化工学院(东营市)[公办],,化工与制药类,,,480,114796
1448,山东外国语职业技术大学(日照市)[民办],,大数据与会计,,,454,147340
1448,山东外国语职业技术大学(日照市)[民办],,市场营销,,,446,157125
1448,山东外国语职业技术大学(日照市)[民办],,电子商务,,,448,154772
1448,山东外国语职业技术大学(日照市)[民办],,现代物流管理,,,446,157125
1448,山东外国语职业技术大学(日照市)[民办],,应用英语,,,453,148600
1448,山东外国语职业技术大学(日照市)[民办],,应用日语,,,455,146091
1452,山东现代学院(济南市)[民办],,学前教育(师范类),,,456,144801
1452,山东现代学院(济南市)[民办],,计算机科学与技术,,,458,142250
1452,山东现代学院(济南市)[民办],,数字媒体技术,,,466,132235
1452,山东现代学院(济南市)[民办],,数据科学与大数据技术,,,457,143500
1452,山东现代学院(济南市)[民办],,药学,,,454,147340
1452,山东现代学院(济南市)[民办],,医学检验技术,,,453,148600
1452,山东现代学院(济南市)[民办],,护理学,,,455,146091
1452,山东现代学院(济南市)[民办],,工程造价,,,456,144801
1452,山东现代学院(济南市)[民办],,财务管理,,,456,144801
1453,山东协和学院[民办],,学前教育,,,459,141008
1453,山东协和学院[民办],,智能制造工程,,,456,144801
1453,山东协和学院[民办],,电气工程及其自动化,,,461,138513
1453,山东协和学院[民办],,土木工程,,,462,137255
1453,山东协和学院[民办],,口腔医学,,,481,113547
1453,山东协和学院[民办],,中药学,,,458,142250
1453,山东协和学院[民办],,医学检验技术,,,459,141008
1453,山东协和学院[民办],,医学影像技术,,,462,137255
1453,山东协和学院[民办],,康复治疗学,,,454,147340
1453,山东协和学院[民办],,护理学,,,460,139765
1453,山东协和学院[民办],,工程造价,,,459,141008
1453,山东协和学院[民办],,会计学,,,464,134859
1453,山东协和学院[民办],,财务管理,,,462,137255
1453,山东协和学院[民办],,审计学,,,464,134859
1459,山东英才学院[民办],,学前教育,,,442,162050
1459,山东英才学院[民办],,机械设计制造及其自动化,,,437,168382
1459,山东英才学院[民办],,智能制造工程,,,443,160819
1459,山东英才学院[民办],,智能车辆工程,,,432,174661
1459,山东英才学院[民办],,土木工程,,,430,177075
1459,山东英才学院[民办],,护理学,,,445,158356
1460,山东政法学院[公办],,经济学,,,530,58518
1460,山东政法学院[公办],,国际经济与贸易,,,526,62390
1460,山东政法学院[公办],,法学,,,546,43628
1460,山东政法学院[公办],,社区矫正,,,532,56540
1460,山东政法学院[公办],,新闻学(法治新闻方向),,,536,52757
1460,山东政法学院[公办],,编辑出版学,,,523,65475
1460,山东政法学院[公办],,网络与新媒体,,,540,49002
1460,山东政法学院[公办],,数字出版,,,520,68611
1460,山东政法学院[公办],,网络空间安全,,,545,44494
1460,山东政法学院[公办],,审计学,,,530,58518
1460,山东政法学院[公办],,行政管理,,,527,61435
1462,山东中医药大学(济南市)[公办],,应用心理学,,,543,46278
1462,山东中医药大学(济南市)[公办],,制药工程,,,543,46278
1462,山东中医药大学(济南市)[公办],,中医学,,,567,27220
1462,山东中医药大学(济南市)[公办],,针灸推拿学,,,553,37725
1462,山东中医药大学(济南市)[公办],,中医养生学,,,551,40256
1462,山东中医药大学(济南市)[公办],,中西医临床医学,,,568,26529
1462,山东中医药大学(济南市)[公办],,中药学,,,551,40256
1462,山东中医药大学(济南市)[公办],,康复治疗学,,,535,53694
1462,山东中医药大学(济南市)[公办],,康复物理治疗,,,527,61435
1462,山东中医药大学(济南市)[公办],,护理学,,,534,54574
1462,山东中医药大学(济南市)[公办],,眼视光学(中外合作办学),,,507,82620
1463,山西财经大学[公办],,经济学,,,571,24634
1463,山西财经大学[公办],,经济统计学,,,556,35406
1463,山西财经大学[公办],,资源与环境经济学,,,540,49002
1463,山西财经大学[公办],,能源经济,,,543,46278
1463,山西财经大学[公办],,财政学,,,571,24634
1463,山西财经大学[公办],,金融学,,,576,21536
1463,山西财经大学[公办],,金融工程,,,567,27220
1463,山西财经大学[公办],,保险学,,,561,31495
1463,山西财经大学[公办],,金融数学,,,555,36191
1463,山西财经大学[公办],,金融科技,,,566,27894
1463,山西财经大学[公办],,国际经济与贸易,,,556,35406
1463,山西财经大学[公办],,信息与计算科学,,,560,32247
1463,山西财经大学[公办],,人文地理与城乡规划,,,539,49949
1463,山西财经大学[公办],,地理信息科学,,,543,46278
1463,山西财经大学[公办],,统计学,,,555,36191
1463,山西财经大学[公办],,应用统计学,,,567,27220
1463,山西财经大学[公办],,计算机科学与技术,,,559,33069
1463,山西财经大学[公办],,数据科学与大数据技术,,,571,24634
1463,山西财经大学[公办],,管理科学,,,545,44494
1463,山西财经大学[公办],,信息管理与信息系统,,,563,30033
1463,山西财经大学[公办],,工程管理,,,547,42788
1463,山西财经大学[公办],,房地产开发与管理,,,532,56540
1463,山西财经大学[公办],,工程造价,,,544,45381
1463,山西财经大学[公办],,应急管理,,,533,55500
1463,山西财经大学[公办],,工商管理,,,565,28568
1463,山西财经大学[公办],,市场营销,,,538,50883
1463,山西财经大学[公办],,会计学,,,579,19795
1463,山西财经大学[公办],,财务管理,,,574,22729
1463,山西财经大学[公办],,人力资源管理,,,552,38584
1463,山西财经大学[公办],,审计学,,,579,19795
1463,山西财经大学[公办],,资产评估,,,556,35406
1463,山西财经大学[公办],,农林经济管理,,,513,75878
1463,山西财经大学[公办],,土地资源管理,,,536,52757
1463,山西财经大学[公办],,物流管理,,,533,55500
1463,山西财经大学[公办],,电子商务,,,542,47194
1463,山西财经大学[公办],,金融学(中外合作办学),,,530,58518
1463,山西财经大学[公办],,会计学(中外合作办学),,,522,66475
1464,山西传媒学院[公办],,网络与新媒体,,,517,71732
1464,山西传媒学院[公办],,虚拟现实技术,,,502,88336
1464,山西传媒学院[公办],,文化产业管理,,,490,102500
1464,山西传媒学院[公办],,影视摄影与制作(电影摄影方向),,,494,97686
1465,山西大同大学[公办],,数学与应用数学,,,519,69642
1465,山西大同大学[公办],,临床医学,,,513,75878
1466,山西大学[公办],,经济学类,,,562,30764
1466,山西大学[公办],,英语,,,569,25895
1466,山西大学[公办],,数学类,,,563,30033
1466,山西大学[公办],,物理学(国家基地),,,582,18065
1466,山西大学[公办],,化学类,,,553,37725
1466,山西大学[公办],,自然地理与资源环境,,,551,40256
1466,山西大学[公办],,生物科学类,,,556,35406
1466,山西大学[公办],,应用心理学,,,554,36948
1466,山西大学[公办],,统计学,,,566,27894
1466,山西大学[公办],,机械电子工程,,,567,27220
1466,山西大学[公办],,测控技术与仪器,,,563,30033
1466,山西大学[公办],,能源动力类,,,561,31495
1466,山西大学[公办],,电气工程及其自动化,,,568,26529
1466,山西大学[公办],,电子信息类,,,569,25895
1466,山西大学[公办],,光电信息科学与工程,,,572,23984
1466,山西大学[公办],,人工智能,,,575,22143
1466,山西大学[公办],,自动化,,,575,22143
1466,山西大学[公办],,计算机科学与技术,,,582,18065
1466,山西大学[公办],,数据科学与大数据技术,,,576,21536
1466,山西大学[公办],,土木工程,,,555,36191
1466,山西大学[公办],,资源循环科学与工程,,,555,36191
1466,山西大学[公办],,环境科学与工程类,,,553,37725
1466,山西大学[公办],,食品科学与工程,,,554,36948
1466,山西大学[公办],,食品科学与工程(食品酿造),,,552,38584
1466,山西大学[公办],,智慧建筑与建造,,,563,30033
1467,山西工程技术学院[公办],,地理信息科学,,,497,94131
1467,山西工程技术学院[公办],,机械工程,,,498,92962
1467,山西工程技术学院[公办],,机械设计制造及其自动化,,,499,91783
1467,山西工程技术学院[公办],,材料成型及控制工程,,,497,94131
1467,山西工程技术学院[公办],,机械电子工程,,,495,96518
1467,山西工程技术学院[公办],,智能制造工程,,,493,98867
1467,山西工程技术学院[公办],,材料科学与工程,,,493,98867
1467,山西工程技术学院[公办],,无机非金属材料工程,,,471,126020
1467,山西工程技术学院[公办],,电气工程及其自动化,,,504,86042
1467,山西工程技术学院[公办],,自动化,,,498,92962
1467,山西工程技术学院[公办],,计算机科学与技术,,,506,83767
1467,山西工程技术学院[公办],,物联网工程,,,498,92962
1467,山西工程技术学院[公办],,智能科学与技术,,,502,88336
1467,山西工程技术学院[公办],,数据科学与大数据技术,,,501,89173
1467,山西工程技术学院[公办],,土木工程,,,496,95288
1467,山西工程技术学院[公办],,城市地下空间工程,,,486,107443
1467,山西工程技术学院[公办],,测绘工程,,,486,107443
1467,山西工程技术学院[公办],,地质工程,,,483,111133
1467,山西工程技术学院[公办],,勘查技术与工程,,,481,113547
1467,山西工程技术学院[公办],,采矿工程,,,478,117259
1467,山西工程技术学院[公办],,安全工程,,,488,104962
1467,山西工程技术学院[公办],,工程管理,,,489,103748
1467,山西工程技术学院[公办],,工程造价,,,492,100090
1470,山西工商学院[民办],,家政学,,,454,147340
1470,山西工商学院[民办],,学前教育,,,460,139765
1470,山西工商学院[民办],,运动康复,,,451,151103
1470,山西工商学院[民办],,软件工程,,,459,141008
1470,山西工商学院[民办],,烹饪与营养教育,,,447,155919
1470,山西工商学院[民办],,工商管理,,,457,143500
1470,山西工商学院[民办],,财务管理,,,458,142250
1470,山西工商学院[民办],,健康服务与管理,,,454,147340
1471,山西工学院[公办],,国际经济与贸易,,,495,96518
1471,山西工学院[公办],,应用化学,,,480,114796
1471,山西工学院[公办],,机械设计制造及其自动化,,,486,107443
1471,山西工学院[公办],,材料成型及控制工程,,,483,111133
1471,山西工学院[公办],,机械电子工程,,,483,111133
1471,山西工学院[公办],,工业设计,,,486,107443
1471,山西工学院[公办],,车辆工程,,,485,108714
1471,山西工学院[公办],,智能制造工程,,,484,109959
1471,山西工学院[公办],,无机非金属材料工程,,,481,113547
1471,山西工学院[公办],,粉体材料科学与工程,,,479,116040
1471,山西工学院[公办],,新能源材料与器件,,,486,107443
1471,山西工学院[公办],,能源与动力工程,,,484,109959
1471,山西工学院[公办],,电气工程及其自动化,,,492,100090
1471,山西工学院[公办],,能源互联网工程,,,484,109959
1471,山西工学院[公办],,电子信息工程,,,491,101322
1471,山西工学院[公办],,通信工程,,,487,106171
1471,山西工学院[公办],,自动化,,,486,107443
1471,山西工学院[公办],,轨道交通信号与控制,,,482,112324
1471,山西工学院[公办],,计算机科学与技术,,,498,92962
1471,山西工学院[公办],,软件工程,,,489,103748
1471,山西工学院[公办],,物联网工程,,,492,100090
1471,山西工学院[公办],,土木工程,,,481,113547
1471,山西工学院[公办],,建筑环境与能源应用工程,,,479,116040
1471,山西工学院[公办],,化学工程与工艺,,,475,120971
1471,山西工学院[公办],,资源循环科学与工程,,,479,116040
1471,山西工学院[公办],,采矿工程,,,478,117259
1471,山西工学院[公办],,环境工程,,,481,113547
1471,山西工学院[公办],,建筑学,,,492,100090
1471,山西工学院[公办],,市场营销,,,482,112324
1471,山西工学院[公办],,物流管理,,,481,113547
1475,山西晋中理工学院[民办],,电子与计算机工程,,,457,143500
1479,山西能源学院[公办],,机械设计制造及其自动化,,,494,97686
1479,山西能源学院[公办],,机械电子工程,,,490,102500
1479,山西能源学院[公办],,车辆工程,,,486,107443
1479,山西能源学院[公办],,能源与动力工程,,,489,103748
1479,山西能源学院[公办],,能源与环境系统工程,,,482,112324
1479,山西能源学院[公办],,电气工程及其自动化,,,499,91783
1479,山西能源学院[公办],,测绘工程,,,478,117259
1479,山西能源学院[公办],,化学工程与工艺,,,483,111133
1479,山西能源学院[公办],,资源勘查工程,,,475,120971
1479,山西能源学院[公办],,采矿工程,,,470,127253
1479,山西能源学院[公办],,油气储运工程,,,479,116040
1479,山西能源学院[公办],,环保设备工程,,,479,116040
1479,山西能源学院[公办],,安全工程,,,480,114796
1480,山西农业大学[公办],,国际经济与贸易,,,519,69642
1480,山西农业大学[公办],,法学,,,530,58518
1480,山西农业大学[公办],,信息与计算科学,,,520,68611
1480,山西农业大学[公办],,应用化学,,,508,81575
1480,山西农业大学[公办],,地理信息科学,,,515,73836
1480,山西农业大学[公办],,生物科学类,,,504,86042
1480,山西农业大学[公办],,生物科学(卓越人才实验班),,,515,73836
1480,山西农业大学[公办],,生态学,,,505,84880
1480,山西农业大学[公办],,机械类,,,522,66475
1480,山西农业大学[公办],,电气工程及其自动化,,,527,61435
1480,山西农业大学[公办],,电子信息科学与技术,,,529,59504
1480,山西农业大学[公办],,机器人工程,,,523,65475
1480,山西农业大学[公办],,计算机类,,,529,59504
1480,山西农业大学[公办],,智能科学与技术,,,530,58518
1480,山西农业大学[公办],,数据科学与大数据技术,,,526,62390
1480,山西农业大学[公办],,土木工程,,,510,79317
1480,山西农业大学[公办],,农业工程类,,,511,78116
1480,山西农业大学[公办],,农业机械化及其自动化(卓越人才实验班),,,513,75878
1480,山西农业大学[公办],,农业水利工程,,,504,86042
1480,山西农业大学[公办],,土地整治工程,,,502,88336
1480,山西农业大学[公办],,农业智能装备工程,,,513,75878
1480,山西农业大学[公办],,环境科学,,,501,89173
1480,山西农业大学[公办],,食品科学与工程(卓越人才实验班),,,503,87191
1480,山西农业大学[公办],,食品科学与工程,,,506,83767
1480,山西农业大学[公办],,食品质量与安全(卓越人才实验班),,,502,88336
1480,山西农业大学[公办],,食品质量与安全,,,503,87191
1480,山西农业大学[公办],,葡萄与葡萄酒工程,,,496,95288
1480,山西农业大学[公办],,食用菌科学与工程,,,491,101322
1480,山西农业大学[公办],,城乡规划,,,512,76936
1480,山西农业大学[公办],,风景园林,,,513,75878
1480,山西农业大学[公办],,农学(卓越人才实验班),,,505,84880
1480,山西农业大学[公办],,农学,,,495,96518
1480,山西农业大学[公办],,园艺(花卉与景观设计方向，卓越人才实验班),,,500,90630
1480,山西农业大学[公办],,园艺,,,497,94131
1480,山西农业大学[公办],,植物保护(卓越人才实验班),,,497,94131
1480,山西农业大学[公办],,植物保护(本硕统筹培养),,,502,88336
1480,山西农业大学[公办],,植物保护,,,492,100090
1480,山西农业大学[公办],,智慧农业,,,508,81575
1480,山西农业大学[公办],,生物农药科学与工程,,,491,101322
1480,山西农业大学[公办],,农业资源与环境,,,498,92962
1480,山西农业大学[公办],,水土保持与荒漠化防治,,,500,90630
1480,山西农业大学[公办],,动物科学(卓越人才实验班),,,498,92962
1480,山西农业大学[公办],,动物科学,,,490,102500
1480,山西农业大学[公办],,经济动物学,,,493,98867
1480,山西农业大学[公办],,动物医学(本硕统筹培养),,,508,81575
1480,山西农业大学[公办],,动物医学,,,505,84880
1480,山西农业大学[公办],,动植物检疫(植物检疫方向),,,496,95288
1480,山西农业大学[公办],,动植物检疫,,,498,92962
1480,山西农业大学[公办],,兽医公共卫生,,,492,100090
1480,山西农业大学[公办],,林学类,,,492,100090
1480,山西农业大学[公办],,林学(卓越人才实验班),,,500,90630
1480,山西农业大学[公办],,园林,,,500,90630
1480,山西农业大学[公办],,草业科学,,,489,103748
1480,山西农业大学[公办],,中药资源与开发,,,498,92962
1480,山西农业大学[公办],,市场营销,,,509,80441
1480,山西农业大学[公办],,农林经济管理(卓越人才实验班),,,509,80441
1480,山西农业大学[公办],,农村区域发展,,,503,87191
1480,山西农业大学[公办],,公共事业管理,,,517,71732
1480,山西农业大学[公办],,行政管理,,,528,60450
1480,山西农业大学[公办],,土地资源管理,,,506,83767
1480,山西农业大学[公办],,土地资源管理(卓越人才实验班),,,506,83767
1480,山西农业大学[公办],,物流管理,,,515,73836
1482,山西师范大学[公办],,经济学,,,541,48106
1482,山西师范大学[公办],,法学,,,549,41073
1482,山西师范大学[公办],,社会学,,,534,54574
1482,山西师范大学[公办],,思想政治教育,,,559,33069
1482,山西师范大学[公办],,小学教育,,,567,27220
1482,山西师范大学[公办],,编辑出版学,,,533,55500
1482,山西师范大学[公办],,物理学,,,553,37725
1482,山西师范大学[公办],,人文地理与城乡规划,,,530,58518
1482,山西师范大学[公办],,地理信息科学,,,543,46278
1482,山西师范大学[公办],,生物科学类,,,543,46278
1482,山西师范大学[公办],,生态学,,,524,64450
1482,山西师范大学[公办],,电子信息工程,,,538,50883
1482,山西师范大学[公办],,环境生态工程,,,523,65475
1482,山西师范大学[公办],,食品科学与工程,,,524,64450
1482,山西师范大学[公办],,园艺,,,521,67552
1482,山西师范大学[公办],,财务管理,,,541,48106
1482,山西师范大学[公办],,旅游管理,,,459,141008
1490,山西医科大学[公办],,运动康复,,,537,51825
1490,山西医科大学[公办],,生物医学工程(临床工程),,,535,53694
1490,山西医科大学[公办],,生物制药,,,541,48106
1490,山西医科大学[公办],,基础医学,,,542,47194
1490,山西医科大学[公办],,临床医学(5+3一体化),,,598,10589
1490,山西医科大学[公办],,临床医学(5+3一体化儿科学),,,592,13125
1490,山西医科大学[公办],,临床医学,,,579,19795
1490,山西医科大学[公办],,临床医学,,,571,24634
1490,山西医科大学[公办],,麻醉学,,,576,21536
1490,山西医科大学[公办],,麻醉学,,,571,24634
1490,山西医科大学[公办],,医学影像学,,,571,24634
1490,山西医科大学[公办],,医学影像学,,,566,27894
1490,山西医科大学[公办],,眼视光医学,,,573,23356
1490,山西医科大学[公办],,眼视光医学,,,565,28568
1490,山西医科大学[公办],,精神医学,,,556,35406
1490,山西医科大学[公办],,儿科学,,,580,19205
1490,山西医科大学[公办],,口腔医学,,,581,18643
1490,山西医科大学[公办],,口腔医学,,,580,19205
1490,山西医科大学[公办],,预防医学,,,543,46278
1490,山西医科大学[公办],,药学,,,553,37725
1490,山西医科大学[公办],,临床药学,,,550,40256
1490,山西医科大学[公办],,中药学,,,537,51825
1490,山西医科大学[公办],,法医学,,,553,37725
1490,山西医科大学[公办],,医学检验技术,,,553,37725
1490,山西医科大学[公办],,医学检验技术,,,543,46278
1490,山西医科大学[公办],,医学实验技术,,,545,44494
1490,山西医科大学[公办],,医学影像技术,,,559,33069
1490,山西医科大学[公办],,眼视光学,,,547,42788
1490,山西医科大学[公办],,康复治疗学,,,536,52757
1490,山西医科大学[公办],,康复治疗学,,,533,55500
1490,山西医科大学[公办],,卫生检验与检疫,,,545,44494
1490,山西医科大学[公办],,智能医学工程,,,536,52757
1490,山西医科大学[公办],,护理学,,,539,49949
1490,山西医科大学[公办],,护理学,,,524,64450
1490,山西医科大学[公办],,助产学,,,540,49002
1490,山西医科大学[公办],,信息管理与信息系统(医学信息学方向),,,542,47194
1490,山西医科大学[公办],,健康服务与管理,,,486,107443
1491,山西应用科技学院[民办],,学前教育,,,460,139765
1491,山西应用科技学院[民办],,汽车服务工程,,,454,147340
1491,山西应用科技学院[民办],,计算机科学与技术,,,461,138513
1491,山西应用科技学院[民办],,风景园林,,,452,149859
1491,山西应用科技学院[民办],,工程审计,,,454,147340
1491,山西应用科技学院[民办],,财务管理,,,457,143500
1491,山西应用科技学院[民办],,审计学,,,458,142250
1491,山西应用科技学院[民办],,物流管理,,,454,147340
1491,山西应用科技学院[民办],,电子商务,,,458,142250
1494,山西中医药大学(晋中市)[公办],,制药工程,,,512,76936
1494,山西中医药大学(晋中市)[公办],,食品科学与工程,,,509,80441
1494,山西中医药大学(晋中市)[公办],,生物制药,,,510,79317
1494,山西中医药大学(晋中市)[公办],,中医学,,,529,59504
1494,山西中医药大学(晋中市)[公办],,针灸推拿学,,,528,60450
1494,山西中医药大学(晋中市)[公办],,中西医临床医学,,,525,63402
1494,山西中医药大学(晋中市)[公办],,药学,,,518,70669
1494,山西中医药大学(晋中市)[公办],,中药学,,,511,78116
1494,山西中医药大学(晋中市)[公办],,中药学(临床中药学方向),,,511,78116
1494,山西中医药大学(晋中市)[公办],,中药资源与开发,,,501,89173
1494,山西中医药大学(晋中市)[公办],,康复治疗学,,,504,86042
1494,山西中医药大学(晋中市)[公办],,护理学,,,511,78116
1494,山西中医药大学(晋中市)[公办],,信息管理与信息系统,,,513,75878
1501,陕西国际商贸学院[民办],,计算机科学与技术,,,452,149859
1501,陕西国际商贸学院[民办],,数据科学与大数据技术,,,454,147340
1501,陕西国际商贸学院[民办],,药学,,,451,151103
1501,陕西国际商贸学院[民办],,财务管理,,,448,154772
1506,陕西科技大学镐京学院[独立学院],,金融工程,,,442,162050
1506,陕西科技大学镐京学院[独立学院],,国际经济与贸易,,,438,167058
1506,陕西科技大学镐京学院[独立学院],,电气工程及其自动化,,,446,157125
1506,陕西科技大学镐京学院[独立学院],,电子信息工程,,,443,160819
1506,陕西科技大学镐京学院[独立学院],,计算机科学与技术,,,448,154772
1506,陕西科技大学镐京学院[独立学院],,网络工程,,,448,154772
1506,陕西科技大学镐京学院[独立学院],,物联网工程,,,443,160819
1506,陕西科技大学镐京学院[独立学院],,智能科学与技术,,,443,160819
1506,陕西科技大学镐京学院[独立学院],,服装设计与工程,,,440,164582
1506,陕西科技大学镐京学院[独立学院],,药物制剂,,,441,163301
1506,陕西科技大学镐京学院[独立学院],,信息管理与信息系统,,,440,164582
1506,陕西科技大学镐京学院[独立学院],,工商管理,,,441,163301
1506,陕西科技大学镐京学院[独立学院],,市场营销,,,441,163301
1506,陕西科技大学镐京学院[独立学院],,会计学,,,451,151103
1506,陕西科技大学镐京学院[独立学院],,财务管理,,,447,155919
1506,陕西科技大学镐京学院[独立学院],,人力资源管理,,,437,168382
1506,陕西科技大学镐京学院[独立学院],,审计学,,,452,149859
1506,陕西科技大学镐京学院[独立学院],,行政管理,,,439,165845
1506,陕西科技大学镐京学院[独立学院],,健康服务与管理,,,437,168382
1506,陕西科技大学镐京学院[独立学院],,物流管理,,,437,168382
1506,陕西科技大学镐京学院[独立学院],,物流工程,,,442,162050
1506,陕西科技大学镐京学院[独立学院],,电子商务,,,441,163301
1507,陕西科技大学(西安市)[公办],,教育技术学,,,547,42788
1507,陕西科技大学(西安市)[公办],,数学类,,,560,32247
1507,陕西科技大学(西安市)[公办],,应用物理学,,,549,41073
1507,陕西科技大学(西安市)[公办],,化学类,,,550,40256
1507,陕西科技大学(西安市)[公办],,机械类,,,556,35406
1507,陕西科技大学(西安市)[公办],,材料类,,,552,38584
1507,陕西科技大学(西安市)[公办],,材料类,,,548,41891
1507,陕西科技大学(西安市)[公办],,电气类,,,561,31495
1507,陕西科技大学(西安市)[公办],,计算机类,,,570,25269
1507,陕西科技大学(西安市)[公办],,化工与制药类,,,551,40256
1507,陕西科技大学(西安市)[公办],,非织造材料与工程,,,535,53694
1507,陕西科技大学(西安市)[公办],,轻工类,,,537,51825
1507,陕西科技大学(西安市)[公办],,轻化工程,,,545,44494
1507,陕西科技大学(西安市)[公办],,环境科学与工程类,,,545,44494
1507,陕西科技大学(西安市)[公办],,食品科学与工程类,,,548,41891
1507,陕西科技大学(西安市)[公办],,生物工程,,,551,40256
1507,陕西科技大学(西安市)[公办],,药学,,,550,40256
1507,陕西科技大学(西安市)[公办],,物流工程,,,552,38584
1507,陕西科技大学(西安市)[公办],,机械设计制造及其自动化(中外合作办学),,,501,89173
1507,陕西科技大学(西安市)[公办],,工业设计(中外合作办学),,,495,96518
1507,陕西科技大学(西安市)[公办],,计算机科学与技术(中外合作办学),,,519,69642
1508,陕西理工大学(汉中市)[公办],,数学与应用数学,,,539,49949
1508,陕西理工大学(汉中市)[公办],,应用化学,,,530,58518
1508,陕西理工大学(汉中市)[公办],,机械设计制造及其自动化,,,554,36948
1508,陕西理工大学(汉中市)[公办],,车辆工程,,,532,56540
1508,陕西理工大学(汉中市)[公办],,材料科学与工程,,,524,64450
1508,陕西理工大学(汉中市)[公办],,能源与动力工程,,,532,56540
1508,陕西理工大学(汉中市)[公办],,土木工程,,,536,52757
1508,陕西理工大学(汉中市)[公办],,食品质量与安全,,,536,52757
1508,陕西理工大学(汉中市)[公办],,生物工程,,,523,65475
1508,陕西理工大学(汉中市)[公办],,机械设计制造及其自动化(中外合作办学),,,494,97686
1508,陕西理工大学(汉中市)[公办],,电气工程及其自动化(中外合作办学),,,512,76936
1508,陕西理工大学(汉中市)[公办],,网络工程(中外合作办学),,,499,91783
1514,陕西师范大学(西安市)[公办],,经济学类,,,597,10996
1514,陕西师范大学(西安市)[公办],,数学类,,,607,7470
1514,陕西师范大学(西安市)[公办],,物理学类,,,603,8730
1514,陕西师范大学(西安市)[公办],,化学类,,,603,8730
1514,陕西师范大学(西安市)[公办],,地理科学类,,,599,10212
1514,陕西师范大学(西安市)[公办],,生物科学类,,,601,9445
1514,陕西师范大学(西安市)[公办],,心理学类,,,591,13583
1514,陕西师范大学(西安市)[公办],,材料类,,,586,15960
1514,陕西师范大学(西安市)[公办],,计算机类,,,598,10589
1514,陕西师范大学(西安市)[公办],,食品科学与工程类,,,582,18065
1514,陕西师范大学(西安市)[公办],,工商管理类,,,591,13583
1517,陕西学前师范学院[公办],,应用化学,,,494,97686
1517,陕西学前师范学院[公办],,心理学,,,502,88336
1517,陕西学前师范学院[公办],,食品科学与工程,,,501,89173
1520,陕西中医药大学(西安市)[公办],,临床医学,,,552,38584
1520,陕西中医药大学(西安市)[公办],,中医学,,,545,44494
1520,陕西中医药大学(西安市)[公办],,针灸推拿学,,,528,60450
1520,陕西中医药大学(西安市)[公办],,中西医临床医学,,,543,46278
1520,陕西中医药大学(西安市)[公办],,医学检验技术,,,532,56540
1521,汕头大学[公办],,数学与应用数学,,,564,29282
1521,汕头大学[公办],,物理学(微电子与先进光学创新班),,,558,33822
1521,汕头大学[公办],,应用化学,,,554,36948
1521,汕头大学[公办],,生物技术,,,550,40256
1521,汕头大学[公办],,材料科学与工程,,,549,41073
1521,汕头大学[公办],,光电信息科学与工程,,,560,32247
1521,汕头大学[公办],,土木工程,,,549,41073
1521,汕头大学[公办],,环境工程,,,549,41073
1521,汕头大学[公办],,建筑学,,,556,35406
1522,商洛学院[公办],,应用化学,,,483,111133
1522,商洛学院[公办],,电子信息科学与技术,,,488,104962
1522,商洛学院[公办],,计算机科学与技术,,,499,91783
1522,商洛学院[公办],,网络工程,,,490,102500
1522,商洛学院[公办],,数据科学与大数据技术,,,492,100090
1522,商洛学院[公办],,资源循环科学与工程,,,475,120971
1522,商洛学院[公办],,园林,,,477,118522
1522,商洛学院[公办],,食品卫生与营养学,,,495,96518
1522,商洛学院[公办],,工程管理,,,482,112324
1522,商洛学院[公办],,电气工程及其自动化(中外合作办学),,,472,124770
1524,商丘工学院[民办],,汽车服务工程,,,447,155919
1524,商丘工学院[民办],,电气工程及其自动化,,,454,147340
1524,商丘工学院[民办],,软件工程,,,454,147340
1524,商丘工学院[民办],,物联网工程,,,452,149859
1524,商丘工学院[民办],,土木工程,,,449,153606
1525,商丘师范学院[公办],,金融数学,,,496,95288
1525,商丘师范学院[公办],,法学,,,524,64450
1525,商丘师范学院[公办],,数学与应用数学,,,510,79317
1525,商丘师范学院[公办],,物理学,,,499,91783
1525,商丘师范学院[公办],,化学,,,500,90630
1525,商丘师范学院[公办],,地理科学,,,505,84880
1525,商丘师范学院[公办],,统计学,,,496,95288
1525,商丘师范学院[公办],,材料科学与工程,,,481,113547
1525,商丘师范学院[公办],,新能源科学与工程,,,493,98867
1525,商丘师范学院[公办],,电气工程及其自动化,,,499,91783
1525,商丘师范学院[公办],,电子信息工程,,,496,95288
1525,商丘师范学院[公办],,通信工程,,,498,92962
1525,商丘师范学院[公办],,人工智能,,,497,94131
1525,商丘师范学院[公办],,自动化,,,496,95288
1525,商丘师范学院[公办],,物联网工程,,,502,88336
1525,商丘师范学院[公办],,土木工程,,,490,102500
1525,商丘师范学院[公办],,测绘工程,,,488,104962
1525,商丘师范学院[公办],,制药工程,,,488,104962
1525,商丘师范学院[公办],,食品科学与工程,,,489,103748
1525,商丘师范学院[公办],,建筑学,,,496,95288
1525,商丘师范学院[公办],,城乡规划,,,490,102500
1525,商丘师范学院[公办],,园林,,,487,106171
1525,商丘师范学院[公办],,物流管理,,,494,97686
1525,商丘师范学院[公办],,电子商务,,,494,97686
1529,上海财经大学[公办],,经济学,,,628,2846
1529,上海财经大学[公办],,经济学(双学士学位、经济学院和数学学院培养),,,636,1776
1529,上海财经大学[公办],,财政学类,,,632,2283
1529,上海财经大学[公办],,金融学(双学士学位、金融学和统计学),,,647,886
1529,上海财经大学[公办],,法学,,,618,4687
1529,上海财经大学[公办],,数学类,,,624,3506
1529,上海财经大学[公办],,统计学类,,,632,2283
1529,上海财经大学[公办],,计算机科学与技术,,,623,3705
1529,上海财经大学[公办],,信息管理与信息系统,,,623,3705
1529,上海财经大学[公办],,会计学,,,632,2283
1529,上海财经大学[公办],,财务管理(智能化方向),,,633,2156
1529,上海财经大学[公办],,电子商务,,,620,4276
1529,上海财经大学[公办],,经济学(中外合作办学)(数量经济),,,623,3705
1529,上海财经大学[公办],,金融学(中外合作办学)(银行与国际金融),,,638,1604
1529,上海财经大学[公办],,工商管理(中外合作办学)(ACCA),,,623,3705
1531,上海财经大学浙江学院[独立学院],,应用统计学(金融统计),,,492,100090
1531,上海财经大学浙江学院[独立学院],,软件工程,,,502,88336
1531,上海财经大学浙江学院[独立学院],,会计学(国际会计ACCA),,,496,95288
1531,上海财经大学浙江学院[独立学院],,会计学(注册会计),,,508,81575
1534,上海大学[公办],,理科试验班类,,,610,6588
1534,上海大学[公办],,理科试验班,,,606,7785
1534,上海大学[公办],,经济学类,,,606,7785
1534,上海大学[公办],,材料类,,,595,11821
1534,上海大学[公办],,电气类,,,608,7171
1534,上海大学[公办],,电子信息工程(卓越工程师班),,,610,6588
1534,上海大学[公办],,通信工程(卓越工程师班),,,609,6887
1534,上海大学[公办],,机械工程(中外合作办学),,,580,19205
1534,上海大学[公办],,材料科学与工程(中外合作办学),,,579,19795
1534,上海大学[公办],,信息工程(中外合作办学),,,588,14950
1535,上海第二工业大学[公办],,信息与计算科学,,,559,33069
1535,上海第二工业大学[公办],,应用化学,,,551,40256
1535,上海第二工业大学[公办],,应用统计学,,,554,36948
1535,上海第二工业大学[公办],,机械工程,,,555,36191
1535,上海第二工业大学[公办],,材料成型及控制工程,,,540,49002
1535,上海第二工业大学[公办],,机械电子工程,,,553,37725
1535,上海第二工业大学[公办],,工业设计,,,547,42788
1535,上海第二工业大学[公办],,智能制造工程,,,550,40256
1535,上海第二工业大学[公办],,测控技术与仪器,,,548,41891
1535,上海第二工业大学[公办],,材料科学与工程,,,544,45381
1535,上海第二工业大学[公办],,材料化学,,,535,53694
1535,上海第二工业大学[公办],,复合材料成型工程,,,538,50883
1535,上海第二工业大学[公办],,电子信息工程,,,559,33069
1535,上海第二工业大学[公办],,通信工程,,,560,32247
1535,上海第二工业大学[公办],,自动化,,,553,37725
1535,上海第二工业大学[公办],,计算机科学与技术(卓越工程师班),,,568,26529
1535,上海第二工业大学[公办],,软件工程,,,565,28568
1535,上海第二工业大学[公办],,网络工程,,,561,31495
1535,上海第二工业大学[公办],,数字媒体技术,,,562,30764
1535,上海第二工业大学[公办],,智能科学与技术,,,560,32247
1535,上海第二工业大学[公办],,数据科学与大数据技术,,,562,30764
1535,上海第二工业大学[公办],,环境工程,,,536,52757
1535,上海第二工业大学[公办],,环保设备工程,,,536,52757
1535,上海第二工业大学[公办],,信息管理与信息系统,,,551,40256
1535,上海第二工业大学[公办],,工业工程,,,544,45381
1535,上海第二工业大学[公办],,电子商务,,,556,35406
1536,上海电机学院[公办],,机械类(汽车类),,,536,52757
1536,上海电机学院[公办],,机械设计制造及其自动化,,,543,46278
1536,上海电机学院[公办],,材料成型及控制工程,,,539,49949
1536,上海电机学院[公办],,电气类,,,547,42788
1536,上海电机学院[公办],,电气工程及其自动化,,,551,40256
1536,上海电机学院[公办],,计算机类,,,552,38584
1538,上海电力大学[公办],,能源与动力工程,,,583,17536
1538,上海电力大学[公办],,新能源科学与工程,,,582,18065
1538,上海电力大学[公办],,电气工程及其自动化,,,590,14004
1538,上海电力大学[公办],,自动化,,,585,16469
1538,上海电力大学[公办],,数据科学与大数据技术,,,587,15439
1538,上海电力大学[公办],,化学工程与工艺,,,565,28568
1538,上海电力大学[公办],,工程管理,,,567,27220
1542,上海对外经贸大学[公办],,金融学,,,598,10589
1542,上海对外经贸大学[公办],,保险学,,,579,19795
1542,上海对外经贸大学[公办],,国际经济与贸易,,,595,11821
1542,上海对外经贸大学[公办],,日语(商务方向),,,553,37725
1542,上海对外经贸大学[公办],,国际商务(中外合作办学)(中澳合作),,,579,19795
1542,上海对外经贸大学[公办],,物流管理(中外合作办学)(中澳合作),,,552,38584
1542,上海对外经贸大学[公办],,会展经济与管理(中外合作办学)(中德合作),,,561,31495
1544,上海工程技术大学[公办],,国际经济与贸易,,,555,36191
1544,上海工程技术大学[公办],,数据计算及应用,,,552,38584
1544,上海工程技术大学[公办],,材料成型及控制工程,,,544,45381
1544,上海工程技术大学[公办],,工业设计,,,546,43628
1544,上海工程技术大学[公办],,智能制造工程,,,553,37725
1544,上海工程技术大学[公办],,材料科学与工程,,,539,49949
1544,上海工程技术大学[公办],,焊接技术与工程,,,542,47194
1544,上海工程技术大学[公办],,能源与动力工程,,,550,40256
1544,上海工程技术大学[公办],,电子信息类,,,556,35406
1544,上海工程技术大学[公办],,电子封装技术,,,552,38584
1544,上海工程技术大学[公办],,机器人工程,,,563,30033
1544,上海工程技术大学[公办],,制药工程,,,542,47194
1544,上海工程技术大学[公办],,涂料工程,,,533,55500
1544,上海工程技术大学[公办],,纺织工程,,,525,63402
1544,上海工程技术大学[公办],,服装设计与工程,,,535,53694
1544,上海工程技术大学[公办],,交通运输,,,547,42788
1544,上海工程技术大学[公办],,飞行器制造工程,,,542,47194
1544,上海工程技术大学[公办],,环境工程,,,537,51825
1544,上海工程技术大学[公办],,信息管理与信息系统,,,550,40256
1544,上海工程技术大学[公办],,工程管理,,,541,48106
1544,上海工程技术大学[公办],,工商管理类,,,553,37725
1544,上海工程技术大学[公办],,财务管理,,,553,37725
1544,上海工程技术大学[公办],,物流管理,,,543,46278
1549,上海海事大学[公办],,经济学类,,,575,22143
1549,上海海事大学[公办],,思想政治教育,,,557,34586
1549,上海海事大学[公办],,机械类,,,567,27220
1549,上海海事大学[公办],,材料科学与工程,,,563,30033
1549,上海海事大学[公办],,能源与动力工程,,,569,25895
1549,上海海事大学[公办],,电气类,,,577,20936
1549,上海海事大学[公办],,电子信息类,,,578,20380
1549,上海海事大学[公办],,计算机类,,,580,19205
1549,上海海事大学[公办],,港口航道与海岸工程,,,564,29282
1549,上海海事大学[公办],,交通运输,,,570,25269
1549,上海海事大学[公办],,船舶与海洋工程,,,565,28568
1549,上海海事大学[公办],,管理科学,,,565,28568
1549,上海海事大学[公办],,大数据管理与应用,,,573,23356
1549,上海海事大学[公办],,交通管理(国航),,,574,22729
1550,上海海洋大学[公办],,机械类,,,568,26529
1550,上海海洋大学[公办],,计算机类,,,580,19205
1550,上海海洋大学[公办],,水产类,,,562,30764
1552,上海建桥学院[民办],,软件工程,,,473,123482
1552,上海建桥学院[民办],,工程管理,,,450,152346
1552,上海建桥学院[民办],,机械设计制造及其自动化(中外合作办学),,,452,149859
1553,上海健康医学院[公办],,数据科学与大数据技术,,,514,74839
1553,上海健康医学院[公办],,生物医学工程,,,506,83767
1553,上海健康医学院[公办],,临床工程技术,,,505,84880
1553,上海健康医学院[公办],,医学影像技术,,,514,74839
1553,上海健康医学院[公办],,口腔医学技术,,,510,79317
1553,上海健康医学院[公办],,护理学,,,507,82620
1553,上海健康医学院[公办],,助产学,,,505,84880
1554,上海交通大学[公办],,经济管理试验班(含双学士学位项目),,,663,231
1554,上海交通大学[公办],,工科试验班类(信息类),,,660,313
1554,上海交通大学[公办],,工科试验班类(机电类),,,660,313
1554,上海交通大学[公办],,理科试验班类(含致远，吴文俊、李政道班，双学士学位项目),,,662,257
1554,上海交通大学[公办],,金融学(含金融学、计算机双学士学位项目),,,667,173
1554,上海交通大学[公办],,电子信息类(IEEE试点班，含双学士学位项目),,,672,93
1554,上海交通大学[公办],,人工智能(卓越人才试点班),,,669,137
1556,上海交通大学医学院[公办],,医学试验班(卓越医学创新班),,,657,401
1556,上海交通大学医学院[公办],,临床医学(本博连读八年制),,,667,173
1556,上海交通大学医学院[公办],,口腔医学(5+3一体化),,,658,366
1560,上海理工大学[公办],,经济管理试验班,,,578,20380
1560,上海理工大学[公办],,工科试验班(智能化制造类),,,575,22143
1560,上海理工大学[公办],,工科试验班(电子与信息类),,,585,16469
1560,上海理工大学[公办],,理科试验班,,,582,18065
1560,上海理工大学[公办],,英语(中外合作办学)(中美合作),,,560,32247
1560,上海理工大学[公办],,机械设计制造及其自动化(中外合作办学)(合作高校为德国富特旺根应用技术大学),,,567,27220
1560,上海理工大学[公办],,电子信息科学与技术(中外合作办学)(中英合作),,,569,25895
1562,上海立达学院[民办],,数据科学与大数据技术,,,448,154772
1562,上海立达学院[民办],,财务管理,,,447,155919
1563,上海立信会计金融学院[公办],,经济学类,,,565,28568
1563,上海立信会计金融学院[公办],,经济统计学,,,572,23984
1563,上海立信会计金融学院[公办],,财政学类,,,572,23984
1563,上海立信会计金融学院[公办],,金融学类,,,577,20936
1563,上海立信会计金融学院[公办],,金融工程,,,565,28568
1563,上海立信会计金融学院[公办],,精算学,,,575,22143
1563,上海立信会计金融学院[公办],,金融科技,,,562,30764
1563,上海立信会计金融学院[公办],,应用统计学,,,565,28568
1563,上海立信会计金融学院[公办],,计算机科学与技术,,,565,28568
1563,上海立信会计金融学院[公办],,智能科学与技术,,,563,30033
1563,上海立信会计金融学院[公办],,数据科学与大数据技术,,,561,31495
1563,上海立信会计金融学院[公办],,工商管理类,,,558,33822
1563,上海立信会计金融学院[公办],,会计学,,,584,17032
1563,上海立信会计金融学院[公办],,财务管理,,,581,18643
1563,上海立信会计金融学院[公办],,金融工程(中外合作办学)(中美合作),,,555,36191
1568,上海杉达学院[民办],,计算机科学与技术,,,460,139765
1568,上海杉达学院[民办],,软件工程,,,462,137255
1568,上海杉达学院[民办],,数据科学与大数据技术,,,430,177075
1569,上海商学院[公办],,商务经济学,,,545,44494
1569,上海商学院[公办],,金融学,,,552,38584
1569,上海商学院[公办],,社会工作,,,527,61435
1569,上海商学院[公办],,商务英语,,,555,36191
1569,上海商学院[公办],,计算机科学与技术,,,545,44494
1569,上海商学院[公办],,园林,,,537,51825
1569,上海商学院[公办],,市场营销,,,541,48106
1569,上海商学院[公办],,旅游管理,,,525,63402
1571,上海师范大学天华学院[独立学院],,小学教育,,,472,124770
1572,上海视觉艺术学院[民办],,文化产业管理,,,462,137255
1574,上海体育学院[公办],,新闻学,,,558,33822
1575,上海外国语大学[公办],,金融学,,,616,5107
1575,上海外国语大学[公办],,国际经济与贸易,,,616,5107
1575,上海外国语大学[公办],,西班牙语,,,614,5569
1575,上海外国语大学[公办],,新闻传播学类(卓越国际新闻传播人才计划),,,616,5107
1575,上海外国语大学[公办],,工商管理类(卓越管理人才计划),,,615,5323
1577,上海外国语大学贤达经济人文学院[独立学院],,国际经济与贸易,,,481,113547
1577,上海外国语大学贤达经济人文学院[独立学院],,法学(双语班),,,514,74839
1577,上海外国语大学贤达经济人文学院[独立学院],,学前教育(双语班),,,464,134859
1577,上海外国语大学贤达经济人文学院[独立学院],,英语,,,466,132235
1577,上海外国语大学贤达经济人文学院[独立学院],,德语(商务方向),,,433,173411
1577,上海外国语大学贤达经济人文学院[独立学院],,法语(双语班),,,445,158356
1577,上海外国语大学贤达经济人文学院[独立学院],,阿拉伯语,,,442,162050
1577,上海外国语大学贤达经济人文学院[独立学院],,日语,,,455,146091
1577,上海外国语大学贤达经济人文学院[独立学院],,朝鲜语,,,440,164582
1577,上海外国语大学贤达经济人文学院[独立学院],,新闻学(新媒体方向),,,469,128494
1577,上海外国语大学贤达经济人文学院[独立学院],,广告学,,,442,162050
1577,上海外国语大学贤达经济人文学院[独立学院],,大数据管理与应用,,,467,130969
1577,上海外国语大学贤达经济人文学院[独立学院],,会计学(双语班),,,611,6343
1577,上海外国语大学贤达经济人文学院[独立学院],,会展经济与管理(全英语教学班),,,458,142250
1581,上海应用技术大学[公办],,数学与应用数学,,,553,37725
1581,上海应用技术大学[公办],,机械类,,,550,40256
1581,上海应用技术大学[公办],,机械设计制造及其自动化(卓越工程师计划试点班),,,555,36191
1581,上海应用技术大学[公办],,机械设计制造及其自动化(机辆工程方向),,,552,38584
1581,上海应用技术大学[公办],,电气工程及其自动化(卓越工程师计划试点班),,,560,32247
1581,上海应用技术大学[公办],,电子信息工程,,,558,33822
1581,上海应用技术大学[公办],,通信工程(轨道通号技术方向),,,555,36191
1581,上海应用技术大学[公办],,集成电路设计与集成系统,,,556,35406
1581,上海应用技术大学[公办],,人工智能,,,560,32247
1581,上海应用技术大学[公办],,软件工程(卓越工程师计划试点班),,,563,30033
1581,上海应用技术大学[公办],,土木工程,,,542,47194
1581,上海应用技术大学[公办],,给排水科学与工程,,,543,46278
1581,上海应用技术大学[公办],,化学工程与工艺(卓越工程师计划试点班),,,543,46278
1581,上海应用技术大学[公办],,制药工程,,,544,45381
1581,上海应用技术大学[公办],,香料香精技术与工程,,,550,40256
1581,上海应用技术大学[公办],,化妆品技术与工程,,,552,38584
1581,上海应用技术大学[公办],,建筑学,,,546,43628
1581,上海应用技术大学[公办],,大数据管理与应用,,,559,33069
1581,上海应用技术大学[公办],,机械设计制造及其自动化(中外合作办学)(中美合作),,,523,65475
1581,上海应用技术大学[公办],,电气工程及其自动化(中外合作办学)(中美合作),,,544,45381
1583,上海政法学院[公办],,法学(涉外卓越法律人才培养创新班),,,593,12676
1583,上海政法学院[公办],,法学(民商法方向),,,585,16469
1583,上海政法学院[公办],,法学(调解方向),,,582,18065
1583,上海政法学院[公办],,法学(经济法方向),,,583,17536
1583,上海政法学院[公办],,法学(国际经济法方向),,,578,20380
1583,上海政法学院[公办],,法学(刑事司法方向),,,582,18065
1583,上海政法学院[公办],,知识产权,,,574,22729
1583,上海政法学院[公办],,社区矫正,,,555,36191
1583,上海政法学院[公办],,英语,,,566,27894
1583,上海政法学院[公办],,俄语,,,556,35406
1583,上海政法学院[公办],,新闻学(卓越新闻传播人才培养试点班),,,566,27894
1583,上海政法学院[公办],,广播电视学(卓越新闻传播人才培养试点班),,,562,30764
1583,上海政法学院[公办],,财务管理,,,566,27894
1583,上海政法学院[公办],,审计学,,,569,25895
1583,上海政法学院[公办],,行政管理,,,553,37725
1583,上海政法学院[公办],,劳动与社会保障,,,554,36948
1583,上海政法学院[公办],,电子商务及法律,,,559,33069
1584,上海中侨职业技术大学[民办],,建筑工程,,,442,162050
1584,上海中侨职业技术大学[民办],,智能制造工程技术,,,439,165845
1584,上海中侨职业技术大学[民办],,机器人技术,,,449,153606
1584,上海中侨职业技术大学[民办],,汽车服务工程技术,,,451,151103
1584,上海中侨职业技术大学[民办],,物联网工程技术,,,454,147340
1584,上海中侨职业技术大学[民办],,数字媒体技术,,,457,143500
1584,上海中侨职业技术大学[民办],,大数据工程技术,,,461,138513
1585,上饶师范学院[公办],,教育技术学,,,483,111133
1585,上饶师范学院[公办],,数学与应用数学,,,488,104962
1585,上饶师范学院[公办],,应用化学,,,480,114796
1585,上饶师范学院[公办],,地理科学,,,489,103748
1585,上饶师范学院[公办],,生物科学,,,485,108714
1585,上饶师范学院[公办],,心理学,,,485,108714
1585,上饶师范学院[公办],,数据科学与大数据技术,,,491,101322
1585,上饶师范学院[公办],,环境科学,,,479,116040
1585,上饶师范学院[公办],,会计学,,,491,101322
1588,韶关学院[公办],,物理学(师范),,,486,107443
1588,韶关学院[公办],,生物科学(师范),,,485,108714
1588,韶关学院[公办],,电子信息科学与技术,,,502,88336
1589,邵阳学院[公办],,金融工程,,,491,101322
1589,邵阳学院[公办],,机械设计制造及其自动化,,,492,100090
1589,邵阳学院[公办],,能源与动力工程,,,491,101322
1589,邵阳学院[公办],,电气工程及其自动化,,,498,92962
1589,邵阳学院[公办],,自动化,,,494,97686
1589,邵阳学院[公办],,土木工程,,,487,106171
1589,邵阳学院[公办],,食品质量与安全,,,486,107443
1589,邵阳学院[公办],,城乡规划,,,486,107443
1589,邵阳学院[公办],,临床医学,,,511,78116
1589,邵阳学院[公办],,医学影像技术,,,495,96518
1589,邵阳学院[公办],,护理学,,,489,103748
1590,绍兴文理学院[公办],,应用化学,,,495,96518
1590,绍兴文理学院[公办],,应用心理学,,,497,94131
1590,绍兴文理学院[公办],,纺织工程,,,487,106171
1590,绍兴文理学院[公办],,轻化工程,,,490,102500
1590,绍兴文理学院[公办],,康复治疗学,,,495,96518
1590,绍兴文理学院[公办],,护理学,,,498,92962
1591,绍兴文理学院元培学院[独立学院],,法学,,,466,132235
1591,绍兴文理学院元培学院[独立学院],,中国语言文学类,,,461,138513
1591,绍兴文理学院元培学院[独立学院],,机械类,,,454,147340
1591,绍兴文理学院元培学院[独立学院],,电子信息工程,,,454,147340
1591,绍兴文理学院元培学院[独立学院],,计算机类,,,451,151103
1591,绍兴文理学院元培学院[独立学院],,数据科学与大数据技术,,,462,137255
1591,绍兴文理学院元培学院[独立学院],,土木工程,,,446,157125
1591,绍兴文理学院元培学院[独立学院],,药学,,,450,152346
1591,绍兴文理学院元培学院[独立学院],,管理科学与工程类,,,455,146091
1591,绍兴文理学院元培学院[独立学院],,电子商务,,,459,141008
1593,深圳北理莫斯科大学[中外合作办学],,国际经济与贸易(中外合作办学),,,547,42788
1593,深圳北理莫斯科大学[中外合作办学],,化学(中外合作办学),,,501,89173
1593,深圳北理莫斯科大学[中外合作办学],,材料科学与工程(中外合作办学),,,492,100090
1593,深圳北理莫斯科大学[中外合作办学],,电子与计算机工程(中外合作办学),,,523,65475
1594,深圳大学[公办],,金融学,,,601,9445
1594,深圳大学[公办],,金融科技,,,607,7470
1594,深圳大学[公办],,数学与应用数学,,,598,10589
1594,深圳大学[公办],,物理学,,,594,12236
1594,深圳大学[公办],,生物技术,,,598,10589
1594,深圳大学[公办],,心理学,,,599,10212
1594,深圳大学[公办],,机械设计制造及其自动化,,,597,10996
1594,深圳大学[公办],,材料科学与工程,,,595,11821
1594,深圳大学[公办],,电子信息工程,,,603,8730
1594,深圳大学[公办],,电子科学与技术,,,600,9823
1594,深圳大学[公办],,光电信息科学与工程,,,599,10212
1594,深圳大学[公办],,机器人工程,,,600,9823
1594,深圳大学[公办],,计算机科学与技术,,,607,7470
1594,深圳大学[公办],,软件工程(腾班),,,613,5819
1594,深圳大学[公办],,地理空间信息工程(智慧城市),,,591,13583
1594,深圳大学[公办],,建筑学(卓越班),,,597,10996
1594,深圳大学[公办],,临床医学(卓越班),,,612,6049
1594,深圳大学[公办],,口腔医学,,,602,9065
1594,深圳大学[公办],,信息管理与信息系统,,,598,10589
1595,深圳技术大学[公办],,汽车服务工程,,,555,36191
1595,深圳技术大学[公办],,新能源科学与工程,,,578,20380
1595,深圳技术大学[公办],,光源与照明,,,560,32247
1595,深圳技术大学[公办],,电子科学与技术,,,569,25895
1595,深圳技术大学[公办],,微电子科学与工程,,,568,26529
1595,深圳技术大学[公办],,计算机科学与技术,,,574,22729
1595,深圳技术大学[公办],,药学,,,547,42788
1595,深圳技术大学[公办],,智能医学工程,,,558,33822
1597,沈阳城市建设学院[民办],,电气工程及其自动化,,,448,154772
1597,沈阳城市建设学院[民办],,通信工程,,,440,164582
1597,沈阳城市建设学院[民办],,自动化,,,439,165845
1597,沈阳城市建设学院[民办],,计算机科学与技术,,,441,163301
1597,沈阳城市建设学院[民办],,土木工程,,,433,173411
1597,沈阳城市建设学院[民办],,给排水科学与工程,,,435,170844
1597,沈阳城市建设学院[民办],,道路桥梁与渡河工程,,,445,158356
1597,沈阳城市建设学院[民办],,测绘工程,,,432,174661
1597,沈阳城市建设学院[民办],,建筑学,,,440,164582
1597,沈阳城市建设学院[民办],,工程造价,,,457,143500
1598,沈阳城市学院[民办],,金融学,,,446,157125
1598,沈阳城市学院[民办],,国际经济与贸易,,,434,172120
1598,沈阳城市学院[民办],,英语,,,450,152346
1598,沈阳城市学院[民办],,应用心理学,,,451,151103
1598,沈阳城市学院[民办],,机器人工程,,,435,170844
1598,沈阳城市学院[民办],,智能科学与技术,,,436,169642
1598,沈阳城市学院[民办],,电影制作,,,439,165845
1598,沈阳城市学院[民办],,土木工程,,,436,169642
1598,沈阳城市学院[民办],,建筑环境与能源应用工程,,,436,169642
1598,沈阳城市学院[民办],,建筑电气与智能化,,,435,170844
1598,沈阳城市学院[民办],,建筑学,,,446,157125
1598,沈阳城市学院[民办],,医学检验技术,,,452,149859
1598,沈阳城市学院[民办],,医学影像技术,,,446,157125
1598,沈阳城市学院[民办],,智能医学工程,,,436,169642
1598,沈阳城市学院[民办],,工程造价,,,439,165845
1598,沈阳城市学院[民办],,大数据管理与应用,,,442,162050
1598,沈阳城市学院[民办],,工商管理,,,440,164582
1598,沈阳城市学院[民办],,人力资源管理,,,443,160819
1598,沈阳城市学院[民办],,健康服务与管理,,,436,169642
1598,沈阳城市学院[民办],,旅游管理,,,432,174661
1598,沈阳城市学院[民办],,酒店管理,,,431,175849
1599,沈阳大学[公办],,电子信息工程,,,549,41073
1599,沈阳大学[公办],,土木工程,,,526,62390
1600,沈阳工程学院[公办],,应用化学,,,522,66475
1600,沈阳工程学院[公办],,能源与动力工程,,,533,55500
1600,沈阳工程学院[公办],,新能源科学与工程,,,532,56540
1600,沈阳工程学院[公办],,电气工程及其自动化,,,559,33069
1600,沈阳工程学院[公办],,电气工程与智能控制,,,555,36191
1600,沈阳工程学院[公办],,自动化,,,543,46278
1600,沈阳工程学院[公办],,核工程与核技术,,,527,61435
1601,沈阳工学院[民办],,金融学,,,439,165845
1601,沈阳工学院[民办],,金融科技,,,435,170844
1601,沈阳工学院[民办],,网络与新媒体,,,447,155919
1601,沈阳工学院[民办],,时尚传播,,,439,165845
1601,沈阳工学院[民办],,机械设计制造及其自动化,,,437,168382
1601,沈阳工学院[民办],,材料成型及控制工程,,,431,175849
1601,沈阳工学院[民办],,机械电子工程,,,437,168382
1601,沈阳工学院[民办],,工业设计,,,441,163301
1601,沈阳工学院[民办],,车辆工程,,,437,168382
1601,沈阳工学院[民办],,智能制造工程,,,436,169642
1601,沈阳工学院[民办],,新能源汽车工程,,,440,164582
1601,沈阳工学院[民办],,电气工程及其自动化,,,438,167058
1601,沈阳工学院[民办],,自动化,,,436,169642
1601,沈阳工学院[民办],,机器人工程,,,444,159559
1601,沈阳工学院[民办],,计算机类,,,442,162050
1601,沈阳工学院[民办],,道路桥梁与渡河工程,,,434,172120
1601,沈阳工学院[民办],,水利水电工程,,,434,172120
1601,沈阳工学院[民办],,测绘工程,,,433,173411
1601,沈阳工学院[民办],,兵器类,,,444,159559
1601,沈阳工学院[民办],,安全工程,,,438,167058
1601,沈阳工学院[民办],,生物工程,,,439,165845
1601,沈阳工学院[民办],,动物医学,,,453,148600
1601,沈阳工学院[民办],,动植物检疫,,,445,158356
1601,沈阳工学院[民办],,园林,,,440,164582
1601,沈阳工学院[民办],,大数据管理与应用,,,436,169642
1601,沈阳工学院[民办],,市场营销,,,437,168382
1601,沈阳工学院[民办],,会计学,,,444,159559
1602,沈阳工业大学[公办],,金融工程,,,547,42788
1602,沈阳工业大学[公办],,应用化学,,,514,74839
1602,沈阳工业大学[公办],,机械设计制造及其自动化,,,558,33822
1602,沈阳工业大学[公办],,材料成型及控制工程,,,540,49002
1602,沈阳工业大学[公办],,测控技术与仪器,,,552,38584
1602,沈阳工业大学[公办],,能源与动力工程,,,523,65475
1602,沈阳工业大学[公办],,电气工程及其自动化,,,569,25895
1602,沈阳工业大学[公办],,电气工程与智能控制,,,549,41073
1602,沈阳工业大学[公办],,电子信息工程,,,559,33069
1602,沈阳工业大学[公办],,自动化,,,559,33069
1602,沈阳工业大学[公办],,计算机科学与技术,,,563,30033
1602,沈阳工业大学[公办],,电子与计算机工程,,,549,41073
1602,沈阳工业大学[公办],,土木工程,,,548,41891
1602,沈阳工业大学[公办],,建筑电气与智能化,,,520,68611
1602,沈阳工业大学[公办],,化学工程与工艺,,,512,76936
1602,沈阳工业大学[公办],,会计学,,,553,37725
1602,沈阳工业大学[公办],,通信工程(中外合作办学),,,502,88336
1604,沈阳航空航天大学[公办],,保险学,,,544,45381
1604,沈阳航空航天大学[公办],,机械设计制造及其自动化,,,564,29282
1604,沈阳航空航天大学[公办],,材料成型及控制工程,,,555,36191
1604,沈阳航空航天大学[公办],,机械电子工程,,,567,27220
1604,沈阳航空航天大学[公办],,工业设计,,,562,30764
1604,沈阳航空航天大学[公办],,智能制造工程,,,567,27220
1604,沈阳航空航天大学[公办],,功能材料,,,548,41891
1604,沈阳航空航天大学[公办],,能源与动力工程,,,562,30764
1604,沈阳航空航天大学[公办],,能源与环境系统工程,,,555,36191
1604,沈阳航空航天大学[公办],,新能源科学与工程,,,564,29282
1604,沈阳航空航天大学[公办],,电子信息工程,,,574,22729
1604,沈阳航空航天大学[公办],,通信工程,,,568,26529
1604,沈阳航空航天大学[公办],,人工智能,,,565,28568
1604,沈阳航空航天大学[公办],,自动化,,,567,27220
1604,沈阳航空航天大学[公办],,机器人工程,,,560,32247
1604,沈阳航空航天大学[公办],,计算机科学与技术,,,580,19205
1604,沈阳航空航天大学[公办],,物联网工程,,,569,25895
1604,沈阳航空航天大学[公办],,数据科学与大数据技术,,,571,24634
1604,沈阳航空航天大学[公办],,交通运输,,,558,33822
1604,沈阳航空航天大学[公办],,飞行器设计与工程,,,566,27894
1604,沈阳航空航天大学[公办],,飞行器制造工程,,,563,30033
1604,沈阳航空航天大学[公办],,飞行器动力工程,,,578,20380
1604,沈阳航空航天大学[公办],,飞行器质量与可靠性,,,574,22729
1604,沈阳航空航天大学[公办],,探测制导与控制技术,,,580,19205
1604,沈阳航空航天大学[公办],,消防工程,,,546,43628
1604,沈阳航空航天大学[公办],,自动化(中外合作办学),,,525,63402
1604,沈阳航空航天大学[公办],,飞行器设计与工程(中外合作办学),,,547,42788
1604,沈阳航空航天大学[公办],,飞行器制造工程(中外合作办学),,,529,59504
1606,沈阳化工大学[公办],,金融学,,,524,64450
1606,沈阳化工大学[公办],,国际经济与贸易,,,518,70669
1606,沈阳化工大学[公办],,国际经济与贸易(对俄贸易方向),,,523,65475
1606,沈阳化工大学[公办],,应用物理学,,,521,67552
1606,沈阳化工大学[公办],,化学,,,515,73836
1606,沈阳化工大学[公办],,应用化学,,,513,75878
1606,沈阳化工大学[公办],,机械设计制造及其自动化,,,529,59504
1606,沈阳化工大学[公办],,过程装备与控制工程,,,515,73836
1606,沈阳化工大学[公办],,测控技术与仪器,,,529,59504
1606,沈阳化工大学[公办],,材料化学,,,510,79317
1606,沈阳化工大学[公办],,金属材料工程,,,509,80441
1606,沈阳化工大学[公办],,无机非金属材料工程,,,508,81575
1606,沈阳化工大学[公办],,高分子材料与工程,,,511,78116
1606,沈阳化工大学[公办],,高分子材料与工程(卓越工程师班),,,525,63402
1606,沈阳化工大学[公办],,复合材料与工程,,,507,82620
1606,沈阳化工大学[公办],,能源与动力工程,,,526,62390
1606,沈阳化工大学[公办],,电气工程及其自动化,,,535,53694
1606,沈阳化工大学[公办],,电子信息工程,,,537,51825
1606,沈阳化工大学[公办],,电子科学与技术,,,540,49002
1606,沈阳化工大学[公办],,人工智能,,,531,57544
1606,沈阳化工大学[公办],,自动化,,,532,56540
1606,沈阳化工大学[公办],,计算机科学与技术,,,546,43628
1606,沈阳化工大学[公办],,软件工程,,,544,45381
1606,沈阳化工大学[公办],,网络工程,,,540,49002
1606,沈阳化工大学[公办],,物联网工程,,,534,54574
1606,沈阳化工大学[公办],,数据科学与大数据技术,,,540,49002
1606,沈阳化工大学[公办],,化学工程与工艺,,,514,74839
1606,沈阳化工大学[公办],,制药工程,,,516,72762
1606,沈阳化工大学[公办],,资源循环科学与工程,,,513,75878
1606,沈阳化工大学[公办],,能源化学工程,,,511,78116
1606,沈阳化工大学[公办],,油气储运工程,,,508,81575
1606,沈阳化工大学[公办],,包装工程,,,505,84880
1606,沈阳化工大学[公办],,林产化工,,,507,82620
1606,沈阳化工大学[公办],,环境工程,,,509,80441
1606,沈阳化工大学[公办],,水质科学与技术,,,514,74839
1606,沈阳化工大学[公办],,安全工程,,,513,75878
1606,沈阳化工大学[公办],,生物工程,,,513,75878
1606,沈阳化工大学[公办],,大数据管理与应用,,,546,43628
1606,沈阳化工大学[公办],,应急管理,,,520,68611
1606,沈阳化工大学[公办],,工商管理,,,534,54574
1606,沈阳化工大学[公办],,会计学,,,531,57544
1606,沈阳化工大学[公办],,能源与动力工程(中外合作办学),,,508,81575
1607,沈阳建筑大学[公办],,信息与计算科学,,,557,34586
1607,沈阳建筑大学[公办],,机械工程,,,553,37725
1607,沈阳建筑大学[公办],,机械设计制造及其自动化,,,549,41073
1607,沈阳建筑大学[公办],,机械电子工程,,,547,42788
1607,沈阳建筑大学[公办],,智能制造工程,,,548,41891
1607,沈阳建筑大学[公办],,材料化学,,,532,56540
1607,沈阳建筑大学[公办],,无机非金属材料工程,,,526,62390
1607,沈阳建筑大学[公办],,高分子材料与工程,,,528,60450
1607,沈阳建筑大学[公办],,功能材料,,,518,70669
1607,沈阳建筑大学[公办],,电气工程及其自动化,,,559,33069
1607,沈阳建筑大学[公办],,电气工程及其自动化(国际本科学术互认课程项目),,,521,67552
1607,沈阳建筑大学[公办],,通信工程,,,556,35406
1607,沈阳建筑大学[公办],,人工智能,,,555,36191
1607,沈阳建筑大学[公办],,自动化,,,551,40256
1607,沈阳建筑大学[公办],,计算机科学与技术,,,562,30764
1607,沈阳建筑大学[公办],,数据科学与大数据技术,,,560,32247
1607,沈阳建筑大学[公办],,土木工程,,,549,41073
1607,沈阳建筑大学[公办],,建筑环境与能源应用工程,,,539,49949
1607,沈阳建筑大学[公办],,给排水科学与工程,,,539,49949
1607,沈阳建筑大学[公办],,建筑电气与智能化,,,545,44494
1607,沈阳建筑大学[公办],,道路桥梁与渡河工程,,,541,48106
1607,沈阳建筑大学[公办],,道路桥梁与渡河工程(国际本科学术互认课程项目),,,494,97686
1607,沈阳建筑大学[公办],,智能建造,,,546,43628
1607,沈阳建筑大学[公办],,测绘工程,,,532,56540
1607,沈阳建筑大学[公办],,交通工程,,,542,47194
1607,沈阳建筑大学[公办],,家具设计与工程,,,532,56540
1607,沈阳建筑大学[公办],,环境工程,,,539,49949
1607,沈阳建筑大学[公办],,建筑学,,,567,27220
1607,沈阳建筑大学[公办],,城乡规划,,,558,33822
1607,沈阳建筑大学[公办],,风景园林,,,557,34586
1607,沈阳建筑大学[公办],,安全工程,,,533,55500
1607,沈阳建筑大学[公办],,工程管理,,,539,49949
1607,沈阳建筑大学[公办],,工程管理(国际本科学术互认课程项目),,,499,91783
1607,沈阳建筑大学[公办],,工程造价,,,546,43628
1607,沈阳建筑大学[公办],,应急管理,,,512,76936
1607,沈阳建筑大学[公办],,会计学,,,555,36191
1607,沈阳建筑大学[公办],,土地资源管理,,,528,60450
1607,沈阳建筑大学[公办],,城市管理,,,521,67552
1607,沈阳建筑大学[公办],,物流工程,,,533,55500
1609,沈阳科技学院[民办],,金融学,,,438,167058
1609,沈阳科技学院[民办],,互联网金融,,,441,163301
1609,沈阳科技学院[民办],,应用化学,,,448,154772
1609,沈阳科技学院[民办],,机械设计制造及其自动化,,,437,168382
1609,沈阳科技学院[民办],,智能制造工程,,,434,172120
1609,沈阳科技学院[民办],,电气工程及其自动化,,,433,173411
1609,沈阳科技学院[民办],,机器人工程,,,433,173411
1609,沈阳科技学院[民办],,计算机科学与技术,,,437,168382
1609,沈阳科技学院[民办],,物联网工程,,,441,163301
1609,沈阳科技学院[民办],,智能科学与技术,,,465,133566
1609,沈阳科技学院[民办],,化学工程与工艺,,,439,165845
1609,沈阳科技学院[民办],,制药工程,,,436,169642
1609,沈阳科技学院[民办],,生物工程,,,438,167058
1609,沈阳科技学院[民办],,工商管理,,,436,169642
1609,沈阳科技学院[民办],,会计学,,,439,165845
1609,沈阳科技学院[民办],,资产评估,,,443,160819
1610,沈阳理工大学[公办],,金融学,,,568,26529
1610,沈阳理工大学[公办],,英语,,,554,36948
1610,沈阳理工大学[公办],,信息与计算科学,,,546,43628
1610,沈阳理工大学[公办],,应用化学,,,541,48106
1610,沈阳理工大学[公办],,机械设计制造及其自动化,,,550,40256
1610,沈阳理工大学[公办],,材料成型及控制工程,,,534,54574
1610,沈阳理工大学[公办],,机械电子工程,,,548,41891
1610,沈阳理工大学[公办],,工业设计,,,543,46278
1610,沈阳理工大学[公办],,车辆工程,,,546,43628
1610,沈阳理工大学[公办],,智能车辆工程,,,546,43628
1610,沈阳理工大学[公办],,测控技术与仪器,,,540,49002
1610,沈阳理工大学[公办],,金属材料工程,,,535,53694
1610,沈阳理工大学[公办],,无机非金属材料工程,,,527,61435
1610,沈阳理工大学[公办],,粉体材料科学与工程,,,529,59504
1610,沈阳理工大学[公办],,电气工程及其自动化,,,560,32247
1610,沈阳理工大学[公办],,电子信息工程,,,557,34586
1610,沈阳理工大学[公办],,通信工程,,,555,36191
1610,沈阳理工大学[公办],,光电信息科学与工程,,,544,45381
1610,沈阳理工大学[公办],,自动化,,,549,41073
1610,沈阳理工大学[公办],,机器人工程,,,558,33822
1610,沈阳理工大学[公办],,计算机科学与技术,,,561,31495
1610,沈阳理工大学[公办],,网络工程,,,554,36948
1610,沈阳理工大学[公办],,智能科学与技术,,,559,33069
1610,沈阳理工大学[公办],,化学工程与工艺,,,543,46278
1610,沈阳理工大学[公办],,武器发射工程,,,552,38584
1610,沈阳理工大学[公办],,探测制导与控制技术,,,548,41891
1610,沈阳理工大学[公办],,弹药工程与爆炸技术,,,550,40256
1610,沈阳理工大学[公办],,特种能源技术与工程,,,547,42788
1610,沈阳理工大学[公办],,装甲车辆工程,,,547,42788
1610,沈阳理工大学[公办],,信息对抗技术,,,554,36948
1610,沈阳理工大学[公办],,智能无人系统技术,,,553,37725
1610,沈阳理工大学[公办],,环境工程,,,540,49002
1610,沈阳理工大学[公办],,安全工程,,,539,49949
1610,沈阳理工大学[公办],,信息管理与信息系统,,,548,41891
1610,沈阳理工大学[公办],,工商管理,,,539,49949
1610,沈阳理工大学[公办],,会计学,,,552,38584
1610,沈阳理工大学[公办],,机械设计制造及其自动化(中外合作办学),,,497,94131
1610,沈阳理工大学[公办],,测控技术与仪器(中外合作办学),,,491,101322
1610,沈阳理工大学[公办],,金属材料工程(中外合作办学),,,485,108714
1610,沈阳理工大学[公办],,计算机科学与技术(中外合作办学),,,522,66475
1610,沈阳理工大学[公办],,化学工程与工艺(中外合作办学),,,486,107443
1612,沈阳农业大学[公办],,应用化学,,,523,65475
1612,沈阳农业大学[公办],,大气科学,,,540,49002
1612,沈阳农业大学[公办],,生物科学类,,,522,66475
1612,沈阳农业大学[公办],,生态学,,,521,67552
1612,沈阳农业大学[公办],,机械设计制造及其自动化,,,535,53694
1612,沈阳农业大学[公办],,电气工程及其自动化,,,543,46278
1612,沈阳农业大学[公办],,电子信息工程,,,537,51825
1612,沈阳农业大学[公办],,计算机科学与技术,,,546,43628
1612,沈阳农业大学[公办],,水利水电工程,,,531,57544
1612,沈阳农业大学[公办],,测绘工程,,,528,60450
1612,沈阳农业大学[公办],,包装工程,,,503,87191
1612,沈阳农业大学[公办],,农业工程类,,,516,72762
1612,沈阳农业大学[公办],,食品科学与工程,,,529,59504
1612,沈阳农业大学[公办],,食品质量与安全,,,526,62390
1612,沈阳农业大学[公办],,风景园林,,,529,59504
1612,沈阳农业大学[公办],,农学,,,525,63402
1612,沈阳农业大学[公办],,农学(卓越计划实验班),,,522,66475
1612,沈阳农业大学[公办],,园艺(卓越计划实验班),,,526,62390
1612,沈阳农业大学[公办],,植物保护,,,528,60450
1612,沈阳农业大学[公办],,种子科学与工程,,,519,69642
1612,沈阳农业大学[公办],,设施农业科学与工程,,,515,73836
1612,沈阳农业大学[公办],,农业资源与环境,,,512,76936
1612,沈阳农业大学[公办],,动物科学,,,513,75878
1612,沈阳农业大学[公办],,动物医学,,,525,63402
1612,沈阳农业大学[公办],,动物药学,,,518,70669
1612,沈阳农业大学[公办],,林学,,,522,66475
1612,沈阳农业大学[公办],,园林,,,523,65475
1612,沈阳农业大学[公办],,会计学,,,539,49949
1612,沈阳农业大学[公办],,农林经济管理,,,522,66475
1612,沈阳农业大学[公办],,土地资源管理,,,520,68611
1612,沈阳农业大学[公办],,旅游管理,,,507,82620
1614,沈阳师范大学[公办],,生物科学(师范),,,542,47194
1614,沈阳师范大学[公办],,软件工程,,,532,56540
1614,沈阳师范大学[公办],,网络工程,,,526,62390
1614,沈阳师范大学[公办],,环境生态工程,,,509,80441
1614,沈阳师范大学[公办],,计算机科学与技术(中外合作办学),,,501,89173
1615,沈阳体育学院[公办],,运动人体科学,,,484,109959
1615,沈阳体育学院[公办],,运动康复,,,490,102500
1615,沈阳体育学院[公办],,网络与新媒体,,,491,101322
1615,沈阳体育学院[公办],,体育经济与管理,,,482,112324
1616,沈阳药科大学[公办],,应用化学,,,555,36191
1616,沈阳药科大学[公办],,制药工程,,,572,23984
1616,沈阳药科大学[公办],,环境科学,,,531,57544
1616,沈阳药科大学[公办],,生物工程,,,560,32247
1616,沈阳药科大学[公办],,生物制药(生命基地班),,,574,22729
1616,沈阳药科大学[公办],,生物制药,,,568,26529
1616,沈阳药科大学[公办],,药学类,,,564,29282
1616,沈阳药科大学[公办],,药学(理科基地班),,,575,22143
1616,沈阳药科大学[公办],,药学(英语强化班),,,573,23356
1616,沈阳药科大学[公办],,临床药学,,,568,26529
1616,沈阳药科大学[公办],,药事管理,,,549,41073
1616,沈阳药科大学[公办],,药物化学,,,556,35406
1616,沈阳药科大学[公办],,中药学类,,,550,40256
1616,沈阳药科大学[公办],,中药学(日语强化班),,,546,43628
1616,沈阳药科大学[公办],,医疗产品管理,,,554,36948
1616,沈阳药科大学[公办],,生物医学工程(中外合作办学),,,491,101322
1618,沈阳医学院[公办],,医学信息工程,,,523,65475
1618,沈阳医学院[公办],,临床医学,,,548,41891
1618,沈阳医学院[公办],,麻醉学,,,550,40256
1618,沈阳医学院[公办],,医学影像学,,,529,59504
1618,沈阳医学院[公办],,精神医学,,,523,65475
1618,沈阳医学院[公办],,口腔医学,,,552,38584
1618,沈阳医学院[公办],,预防医学,,,524,64450
1618,沈阳医学院[公办],,药学,,,533,55500
1618,沈阳医学院[公办],,中药学,,,518,70669
1618,沈阳医学院[公办],,康复治疗学,,,523,65475
1618,沈阳医学院[公办],,护理学,,,518,70669
1621,石河子大学[公办],,经济学类,,,551,40256
1621,石河子大学[公办],,教育技术学,,,547,42788
1621,石河子大学[公办],,英语,,,553,37725
1621,石河子大学[公办],,数学与应用数学,,,556,35406
1621,石河子大学[公办],,信息与计算科学,,,552,38584
1621,石河子大学[公办],,物理学,,,551,40256
1621,石河子大学[公办],,应用物理学,,,547,42788
1621,石河子大学[公办],,化学,,,549,41073
1621,石河子大学[公办],,应用化学,,,547,42788
1621,石河子大学[公办],,人文地理与城乡规划,,,542,47194
1621,石河子大学[公办],,生物科学类,,,543,46278
1621,石河子大学[公办],,应用心理学,,,548,41891
1621,石河子大学[公办],,机械设计制造及其自动化,,,556,35406
1621,石河子大学[公办],,材料科学与工程,,,543,46278
1621,石河子大学[公办],,电气工程及其自动化,,,567,27220
1621,石河子大学[公办],,电子信息工程,,,561,31495
1621,石河子大学[公办],,计算机科学与技术,,,564,29282
1621,石河子大学[公办],,软件工程,,,560,32247
1621,石河子大学[公办],,数据科学与大数据技术,,,559,33069
1621,石河子大学[公办],,网络空间安全,,,559,33069
1621,石河子大学[公办],,土木工程,,,545,44494
1621,石河子大学[公办],,给排水科学与工程,,,542,47194
1621,石河子大学[公办],,水利水电工程,,,545,44494
1621,石河子大学[公办],,化学工程与工艺,,,543,46278
1621,石河子大学[公办],,农业机械化及其自动化,,,545,44494
1621,石河子大学[公办],,农业水利工程,,,539,49949
1621,石河子大学[公办],,环境工程,,,537,51825
1621,石河子大学[公办],,食品科学与工程类,,,539,49949
1621,石河子大学[公办],,葡萄与葡萄酒工程,,,534,54574
1621,石河子大学[公办],,建筑学,,,546,43628
1621,石河子大学[公办],,植物生产类,,,530,58518
1621,石河子大学[公办],,农业资源与环境,,,532,56540
1621,石河子大学[公办],,动物科学,,,533,55500
1621,石河子大学[公办],,动物医学,,,538,50883
1621,石河子大学[公办],,林学,,,533,55500
1621,石河子大学[公办],,临床医学,,,566,27894
1621,石河子大学[公办],,口腔医学,,,577,20936
1621,石河子大学[公办],,预防医学,,,545,44494
1621,石河子大学[公办],,药学,,,546,43628
1621,石河子大学[公办],,临床药学,,,544,45381
1621,石河子大学[公办],,中药学,,,539,49949
1621,石河子大学[公办],,医学检验技术,,,548,41891
1621,石河子大学[公办],,护理学,,,522,66475
1621,石河子大学[公办],,应急管理,,,538,50883
1621,石河子大学[公办],,工商管理类,,,546,43628
1621,石河子大学[公办],,会计学,,,553,37725
1621,石河子大学[公办],,审计学,,,553,37725
1621,石河子大学[公办],,农林经济管理,,,536,52757
1621,石河子大学[公办],,土地资源管理,,,540,49002
1621,石河子大学[公办],,工业工程,,,540,49002
1621,石河子大学[公办],,旅游管理,,,536,52757
1633,石家庄铁道大学[公办],,经济与贸易类,,,540,49002
1633,石家庄铁道大学[公办],,数学与应用数学,,,535,53694
1633,石家庄铁道大学[公办],,应用物理学,,,536,52757
1633,石家庄铁道大学[公办],,工程力学,,,534,54574
1633,石家庄铁道大学[公办],,机械类,,,544,45381
1633,石家庄铁道大学[公办],,机械设计制造及其自动化,,,566,27894
1633,石家庄铁道大学[公办],,工业设计,,,541,48106
1633,石家庄铁道大学[公办],,材料类,,,523,65475
1633,石家庄铁道大学[公办],,电气类,,,556,35406
1633,石家庄铁道大学[公办],,电气工程及其自动化,,,568,26529
1633,石家庄铁道大学[公办],,电子信息类,,,554,36948
1633,石家庄铁道大学[公办],,计算机类,,,551,40256
1633,石家庄铁道大学[公办],,土木类,,,532,56540
1633,石家庄铁道大学[公办],,土木工程,,,564,29282
1633,石家庄铁道大学[公办],,建筑环境与能源应用工程,,,531,57544
1633,石家庄铁道大学[公办],,交通运输类,,,548,41891
1633,石家庄铁道大学[公办],,交通运输,,,565,28568
1633,石家庄铁道大学[公办],,建筑学,,,542,47194
1633,石家庄铁道大学[公办],,安全科学与工程类,,,530,58518
1633,石家庄铁道大学[公办],,管理科学与工程类,,,533,55500
1633,石家庄铁道大学[公办],,工商管理类,,,541,48106
1633,石家庄铁道大学[公办],,物流管理,,,533,55500
1633,石家庄铁道大学[公办],,机械设计制造及其自动化(中外合作办学),,,529,59504
1634,石家庄铁道大学(地方专项计划)[公办],,机械类,,,545,44494
1634,石家庄铁道大学(地方专项计划)[公办],,材料类,,,521,67552
1634,石家庄铁道大学(地方专项计划)[公办],,电气类,,,552,38584
1634,石家庄铁道大学(地方专项计划)[公办],,土木类,,,538,50883
1634,石家庄铁道大学(地方专项计划)[公办],,交通运输类,,,544,45381
1635,石家庄铁道大学(工程教育实验班)[公办],,电气工程及其自动化,,,525,63402
1635,石家庄铁道大学(工程教育实验班)[公办],,土木工程,,,511,78116
1635,石家庄铁道大学(工程教育实验班)[公办],,建筑环境与能源应用工程,,,504,86042
1635,石家庄铁道大学(工程教育实验班)[公办],,测绘工程,,,502,88336
1637,石家庄铁道大学(少数民族预科班)[公办],,本科预科班,,,514,74839
1638,石家庄铁道大学四方学院[独立学院],,金融学,,,463,136058
1638,石家庄铁道大学四方学院[独立学院],,机械设计制造及其自动化,,,463,136058
1638,石家庄铁道大学四方学院[独立学院],,无机非金属材料工程,,,457,143500
1638,石家庄铁道大学四方学院[独立学院],,电气工程及其自动化,,,474,122219
1638,石家庄铁道大学四方学院[独立学院],,电子信息工程,,,465,133566
1638,石家庄铁道大学四方学院[独立学院],,自动化,,,467,130969
1638,石家庄铁道大学四方学院[独立学院],,轨道交通信号与控制,,,464,134859
1638,石家庄铁道大学四方学院[独立学院],,计算机科学与技术,,,468,129759
1638,石家庄铁道大学四方学院[独立学院],,土木工程,,,458,142250
1638,石家庄铁道大学四方学院[独立学院],,建筑环境与能源应用工程,,,457,143500
1638,石家庄铁道大学四方学院[独立学院],,测绘工程,,,457,143500
1638,石家庄铁道大学四方学院[独立学院],,交通工程,,,458,142250
1638,石家庄铁道大学四方学院[独立学院],,信息管理与信息系统,,,461,138513
1638,石家庄铁道大学四方学院[独立学院],,工程管理,,,457,143500
1638,石家庄铁道大学四方学院[独立学院],,工程造价,,,462,137255
1638,石家庄铁道大学四方学院[独立学院],,市场营销,,,461,138513
1638,石家庄铁道大学四方学院[独立学院],,会计学,,,468,129759
1638,石家庄铁道大学四方学院[独立学院],,财务管理,,,466,132235
1641,石家庄学院[公办],,金融工程,,,503,87191
1641,石家庄学院[公办],,法学,,,513,75878
1641,石家庄学院[公办],,学前教育,,,498,92962
1641,石家庄学院[公办],,小学教育,,,512,76936
1641,石家庄学院[公办],,特殊教育,,,492,100090
1641,石家庄学院[公办],,英语,,,518,70669
1641,石家庄学院[公办],,俄语,,,487,106171
1641,石家庄学院[公办],,日语,,,495,96518
1641,石家庄学院[公办],,商务英语,,,506,83767
1641,石家庄学院[公办],,数学与应用数学,,,504,86042
1641,石家庄学院[公办],,信息与计算科学,,,498,92962
1641,石家庄学院[公办],,物理学,,,500,90630
1641,石家庄学院[公办],,化学,,,503,87191
1641,石家庄学院[公办],,地理科学,,,504,86042
1641,石家庄学院[公办],,人文地理与城乡规划,,,491,101322
1641,石家庄学院[公办],,地理信息科学,,,497,94131
1641,石家庄学院[公办],,应用心理学,,,498,92962
1641,石家庄学院[公办],,机械设计制造及其自动化,,,496,95288
1641,石家庄学院[公办],,工业设计,,,491,101322
1641,石家庄学院[公办],,材料科学与工程,,,484,109959
1641,石家庄学院[公办],,电气工程及其自动化,,,500,90630
1641,石家庄学院[公办],,电子信息工程,,,498,92962
1641,石家庄学院[公办],,通信工程,,,497,94131
1641,石家庄学院[公办],,机器人工程,,,493,98867
1641,石家庄学院[公办],,计算机科学与技术,,,507,82620
1641,石家庄学院[公办],,软件工程,,,503,87191
1641,石家庄学院[公办],,信息安全,,,497,94131
1641,石家庄学院[公办],,物联网工程,,,499,91783
1641,石家庄学院[公办],,数字媒体技术,,,499,91783
1641,石家庄学院[公办],,数据科学与大数据技术,,,500,90630
1641,石家庄学院[公办],,化学工程与工艺,,,485,108714
1641,石家庄学院[公办],,制药工程,,,490,102500
1641,石家庄学院[公办],,环境生态工程,,,488,104962
1641,石家庄学院[公办],,食品科学与工程,,,486,107443
1641,石家庄学院[公办],,生物工程,,,483,111133
1641,石家庄学院[公办],,农学,,,487,106171
1641,石家庄学院[公办],,药物制剂,,,487,106171
1641,石家庄学院[公办],,工程造价,,,494,97686
1641,石家庄学院[公办],,市场营销,,,491,101322
1641,石家庄学院[公办],,会计学,,,508,81575
1641,石家庄学院[公办],,物业管理,,,489,103748
1641,石家庄学院[公办],,文化产业管理,,,494,97686
1641,石家庄学院[公办],,旅游管理,,,489,103748
1641,石家庄学院[公办],,制药工程(中外合作办学),,,460,139765
1648,首都经济贸易大学[公办],,法学,,,590,14004
1648,首都经济贸易大学[公办],,新闻传播学类,,,594,12236
1648,首都经济贸易大学[公办],,数据科学与大数据技术(信息技术),,,593,12676
1648,首都经济贸易大学[公办],,安全工程(注安师),,,574,22729
1648,首都经济贸易大学[公办],,工商管理(国际会计),,,592,13125
1648,首都经济贸易大学[公办],,会计学(注册会计师专门化),,,604,8390
1648,首都经济贸易大学[公办],,资产评估(评估师),,,589,14462
1648,首都经济贸易大学[公办],,公共管理类,,,581,18643
1649,首都师范大学[公办],,教育技术学,,,589,14462
1649,首都师范大学[公办],,数学类(数理实验班),,,604,8390
1649,首都师范大学[公办],,数学类,,,599,10212
1649,首都师范大学[公办],,数学与应用数学(教育部拔尖计划实验班),,,603,8730
1649,首都师范大学[公办],,地理信息科学,,,587,15439
1649,首都师范大学[公办],,生物科学类(实验班),,,593,12676
1649,首都师范大学[公办],,生物科学类,,,595,11821
1649,首都师范大学[公办],,人工智能,,,598,10589
1649,首都师范大学[公办],,计算机科学与技术,,,599,10212
1649,首都师范大学[公办],,大数据管理与应用,,,594,12236
1650,首都师范大学科德学院[独立学院],,学前教育,,,436,169642
1650,首都师范大学科德学院[独立学院],,小学教育,,,444,159559
1650,首都师范大学科德学院[独立学院],,汉语言文学,,,452,149859
1650,首都师范大学科德学院[独立学院],,会展经济与管理(策划与经营),,,434,172120
1651,首都体育学院[公办],,运动人体科学(运动健康管理方向),,,508,81575
1651,首都体育学院[公办],,运动康复,,,514,74839
1651,首都体育学院[公办],,新闻学,,,558,33822
1651,首都体育学院[公办],,公共事业管理(体育管理方向),,,518,70669
1652,首都医科大学[公办],,生物医学工程,,,604,8390
1652,首都医科大学[公办],,基础医学,,,623,3705
1652,首都医科大学[公办],,临床医学(阶平班),,,650,710
1652,首都医科大学[公办],,临床医学(5+3一体化),,,644,1098
1652,首都医科大学[公办],,临床医学,,,637,1689
1652,首都医科大学[公办],,眼视光医学,,,633,2156
1652,首都医科大学[公办],,精神医学,,,618,4687
1652,首都医科大学[公办],,儿科学(5+3一体化),,,634,2024
1652,首都医科大学[公办],,儿科学,,,632,2283
1652,首都医科大学[公办],,口腔医学(5+3一体化),,,644,1098
1652,首都医科大学[公办],,口腔医学,,,642,1242
1652,首都医科大学[公办],,预防医学,,,607,7470
1652,首都医科大学[公办],,药学,,,609,6887
1652,首都医科大学[公办],,中药学,,,582,18065
1652,首都医科大学[公办],,医学检验技术,,,594,12236
1652,首都医科大学[公办],,医学影像技术,,,596,11399
1652,首都医科大学[公办],,卫生检验与检疫,,,590,14004
1652,首都医科大学[公办],,公共事业管理(卫生管理),,,589,14462
1659,四川大学(成都市)[公办],,工科试验班(绿色能源与智慧建造),,,617,4895
1659,四川大学(成都市)[公办],,工科试验班(绿色化工与生物医药),,,613,5819
1659,四川大学(成都市)[公办],,工科试验班(食品健康与安全),,,609,6887
1659,四川大学(成都市)[公办],,哲学,,,615,5323
1659,四川大学(成都市)[公办],,经济学类,,,622,3900
1659,四川大学(成都市)[公办],,金融学类,,,623,3705
1659,四川大学(成都市)[公办],,法学,,,622,3900
1659,四川大学(成都市)[公办],,国际政治,,,610,6588
1659,四川大学(成都市)[公办],,英语,,,617,4895
1659,四川大学(成都市)[公办],,新闻传播学类,,,622,3900
1659,四川大学(成都市)[公办],,数学类,,,628,2846
1659,四川大学(成都市)[公办],,数学与应用数学(基地班),,,630,2544
1659,四川大学(成都市)[公办],,数学与应用数学(数学经济学双学士学位),,,626,3178
1659,四川大学(成都市)[公办],,物理学类,,,621,4073
1659,四川大学(成都市)[公办],,化学类,,,611,6343
1659,四川大学(成都市)[公办],,生物科学类,,,614,5569
1659,四川大学(成都市)[公办],,工程力学,,,621,4073
1659,四川大学(成都市)[公办],,材料类(新能源与纳米材料),,,613,5819
1659,四川大学(成都市)[公办],,高分子材料与工程,,,611,6343
1659,四川大学(成都市)[公办],,电气类,,,622,3900
1659,四川大学(成都市)[公办],,电子信息类,,,624,3506
1659,四川大学(成都市)[公办],,微电子科学与工程,,,624,3506
1659,四川大学(成都市)[公办],,医学信息工程,,,617,4895
1659,四川大学(成都市)[公办],,软件工程,,,627,3008
1659,四川大学(成都市)[公办],,网络空间安全,,,627,3008
1659,四川大学(成都市)[公办],,土木工程,,,613,5819
1659,四川大学(成都市)[公办],,航空航天类,,,619,4458
1659,四川大学(成都市)[公办],,核工程与核技术,,,616,5107
1659,四川大学(成都市)[公办],,环境工程,,,611,6343
1659,四川大学(成都市)[公办],,生物医学工程,,,613,5819
1659,四川大学(成都市)[公办],,建筑学,,,613,5819
1659,四川大学(成都市)[公办],,基础医学,,,619,4458
1659,四川大学(成都市)[公办],,临床医学(五年),,,640,1428
1659,四川大学(成都市)[公办],,临床医学(八年),,,652,608
1659,四川大学(成都市)[公办],,口腔医学(五年),,,649,764
1659,四川大学(成都市)[公办],,口腔医学(八年),,,659,342
1659,四川大学(成都市)[公办],,预防医学,,,607,7470
1659,四川大学(成都市)[公办],,食品卫生与营养学,,,606,7785
1659,四川大学(成都市)[公办],,药学,,,612,6049
1659,四川大学(成都市)[公办],,临床药学,,,613,5819
1659,四川大学(成都市)[公办],,法医学(法医学与法学双学士学位),,,614,5569
1659,四川大学(成都市)[公办],,法医学,,,608,7171
1659,四川大学(成都市)[公办],,医学技术类,,,609,6887
1659,四川大学(成都市)[公办],,口腔医学技术(口腔数字化技术双学士学位),,,615,5323
1659,四川大学(成都市)[公办],,卫生检验与检疫,,,604,8390
1659,四川大学(成都市)[公办],,管理科学与工程类,,,614,5569
1659,四川大学(成都市)[公办],,工商管理类,,,619,4458
1659,四川大学(成都市)[公办],,会计学(ACCA),,,623,3705
1659,四川大学(成都市)[公办],,公共管理类,,,610,6588
1659,四川大学(成都市)[公办],,信息资源管理,,,614,5569
1661,四川大学锦江学院[独立学院],,经济学,,,468,129759
1661,四川大学锦江学院[独立学院],,经济与金融,,,475,120971
1661,四川大学锦江学院[独立学院],,汉语言文学,,,495,96518
1661,四川大学锦江学院[独立学院],,英语,,,472,124770
1661,四川大学锦江学院[独立学院],,机器人工程,,,465,133566
1661,四川大学锦江学院[独立学院],,计算机科学与技术,,,485,108714
1661,四川大学锦江学院[独立学院],,数字媒体技术,,,476,119752
1661,四川大学锦江学院[独立学院],,智能科学与技术,,,473,123482
1661,四川大学锦江学院[独立学院],,数据科学与大数据技术,,,469,128494
1661,四川大学锦江学院[独立学院],,工程造价,,,463,136058
1661,四川大学锦江学院[独立学院],,会计学,,,478,117259
1664,四川工商学院[民办],,智能制造工程,,,451,151103
1665,四川工业科技学院(德阳市)[民办],,机械类,,,458,142250
1665,四川工业科技学院(德阳市)[民办],,计算机类,,,460,139765
1672,四川美术学院(重庆市)[公办],,艺术教育,,,524,64450
1672,四川美术学院(重庆市)[公办],,工业设计,,,557,34586
1672,四川美术学院(重庆市)[公办],,建筑学,,,552,38584
1673,四川农业大学[公办],,经济学(中外高水平大学学生交流计划),,,539,49949
1673,四川农业大学[公办],,金融学,,,578,20380
1673,四川农业大学[公办],,国际经济与贸易,,,575,22143
1673,四川农业大学[公办],,社会工作,,,558,33822
1673,四川农业大学[公办],,英语,,,572,23984
1673,四川农业大学[公办],,广告学,,,566,27894
1673,四川农业大学[公办],,生物科学,,,567,27220
1673,四川农业大学[公办],,生物技术(中外高水平大学学生交流计划),,,533,55500
1673,四川农业大学[公办],,能源与动力工程,,,573,23356
1673,四川农业大学[公办],,电子科学与技术,,,580,19205
1673,四川农业大学[公办],,物联网工程,,,578,20380
1673,四川农业大学[公办],,道路桥梁与渡河工程,,,564,29282
1673,四川农业大学[公办],,农业机械化及其自动化,,,569,25895
1673,四川农业大学[公办],,农业水利工程,,,564,29282
1673,四川农业大学[公办],,环境工程,,,565,28568
1673,四川农业大学[公办],,环境生态工程,,,564,29282
1673,四川农业大学[公办],,食品科学与工程(中外高水平大学学生交流计划),,,519,69642
1673,四川农业大学[公办],,食品质量与安全,,,568,26529
1673,四川农业大学[公办],,食品营养与健康,,,562,30764
1673,四川农业大学[公办],,建筑学,,,567,27220
1673,四川农业大学[公办],,风景园林,,,571,24634
1673,四川农业大学[公办],,农学,,,568,26529
1673,四川农业大学[公办],,植物保护,,,564,29282
1673,四川农业大学[公办],,智慧农业,,,566,27894
1673,四川农业大学[公办],,农业资源与环境,,,563,30033
1673,四川农业大学[公办],,动物科学,,,567,27220
1673,四川农业大学[公办],,林学,,,563,30033
1673,四川农业大学[公办],,草坪科学与工程,,,561,31495
1673,四川农业大学[公办],,工程造价,,,568,26529
1673,四川农业大学[公办],,工商管理(中外高水平大学学生交流计划),,,523,65475
1673,四川农业大学[公办],,财务管理,,,577,20936
1673,四川农业大学[公办],,人力资源管理,,,570,25269
1673,四川农业大学[公办],,资产评估,,,569,25895
1673,四川农业大学[公办],,电子商务,,,569,25895
1675,四川轻化工大学(自贡市)[公办],,法学,,,526,62390
1675,四川轻化工大学(自贡市)[公办],,英语,,,523,65475
1675,四川轻化工大学(自贡市)[公办],,数学与应用数学,,,520,68611
1675,四川轻化工大学(自贡市)[公办],,信息与计算科学,,,525,63402
1675,四川轻化工大学(自贡市)[公办],,应用化学,,,516,72762
1675,四川轻化工大学(自贡市)[公办],,通信工程,,,528,60450
1675,四川轻化工大学(自贡市)[公办],,食品科学与工程,,,515,73836
1675,四川轻化工大学(自贡市)[公办],,工程管理,,,518,70669
1675,四川轻化工大学(自贡市)[公办],,工商管理,,,519,69642
1675,四川轻化工大学(自贡市)[公办],,行政管理,,,516,72762
1676,四川师范大学(成都市)[公办],,哲学,,,545,44494
1676,四川师范大学(成都市)[公办],,经济学,,,561,31495
1676,四川师范大学(成都市)[公办],,金融工程,,,559,33069
1676,四川师范大学(成都市)[公办],,金融数学,,,557,34586
1676,四川师范大学(成都市)[公办],,法学,,,565,28568
1676,四川师范大学(成都市)[公办],,教育学,,,562,30764
1676,四川师范大学(成都市)[公办],,科学教育,,,550,40256
1676,四川师范大学(成都市)[公办],,教育技术学,,,551,40256
1676,四川师范大学(成都市)[公办],,学前教育,,,552,38584
1676,四川师范大学(成都市)[公办],,小学教育,,,559,33069
1676,四川师范大学(成都市)[公办],,特殊教育,,,554,36948
1676,四川师范大学(成都市)[公办],,英语,,,570,25269
1676,四川师范大学(成都市)[公办],,俄语,,,556,35406
1676,四川师范大学(成都市)[公办],,法语,,,557,34586
1676,四川师范大学(成都市)[公办],,广播电视学,,,555,36191
1676,四川师范大学(成都市)[公办],,网络与新媒体,,,557,34586
1676,四川师范大学(成都市)[公办],,数学类,,,562,30764
1676,四川师范大学(成都市)[公办],,物理学,,,557,34586
1676,四川师范大学(成都市)[公办],,化学,,,556,35406
1676,四川师范大学(成都市)[公办],,地理科学类,,,560,32247
1676,四川师范大学(成都市)[公办],,生物科学,,,556,35406
1676,四川师范大学(成都市)[公办],,生物技术,,,551,40256
1676,四川师范大学(成都市)[公办],,心理学,,,564,29282
1676,四川师范大学(成都市)[公办],,统计学,,,557,34586
1676,四川师范大学(成都市)[公办],,电气工程及其自动化,,,557,34586
1676,四川师范大学(成都市)[公办],,电子信息类,,,558,33822
1676,四川师范大学(成都市)[公办],,计算机类,,,562,30764
1676,四川师范大学(成都市)[公办],,环境工程,,,545,44494
1676,四川师范大学(成都市)[公办],,食品质量与安全,,,550,40256
1676,四川师范大学(成都市)[公办],,安全工程,,,546,43628
1676,四川师范大学(成都市)[公办],,工程造价,,,552,38584
1676,四川师范大学(成都市)[公办],,工商管理,,,557,34586
1676,四川师范大学(成都市)[公办],,市场营销,,,540,49002
1676,四川师范大学(成都市)[公办],,会计学,,,563,30033
1676,四川师范大学(成都市)[公办],,会计学,,,561,31495
1676,四川师范大学(成都市)[公办],,财务管理,,,561,31495
1676,四川师范大学(成都市)[公办],,审计学,,,569,25895
1676,四川师范大学(成都市)[公办],,公共事业管理,,,551,40256
1676,四川师范大学(成都市)[公办],,旅游管理,,,549,41073
1679,四川外国语大学成都学院[独立学院],,国际经济与贸易,,,467,130969
1679,四川外国语大学成都学院[独立学院],,学前教育,,,469,128494
1679,四川外国语大学成都学院[独立学院],,汉语言文学,,,485,108714
1679,四川外国语大学成都学院[独立学院],,汉语国际教育,,,489,103748
1679,四川外国语大学成都学院[独立学院],,英语,,,493,98867
1679,四川外国语大学成都学院[独立学院],,俄语,,,478,117259
1679,四川外国语大学成都学院[独立学院],,德语,,,465,133566
1679,四川外国语大学成都学院[独立学院],,法语,,,477,118522
1679,四川外国语大学成都学院[独立学院],,西班牙语,,,473,123482
1679,四川外国语大学成都学院[独立学院],,日语,,,479,116040
1679,四川外国语大学成都学院[独立学院],,朝鲜语,,,457,143500
1679,四川外国语大学成都学院[独立学院],,葡萄牙语,,,465,133566
1679,四川外国语大学成都学院[独立学院],,意大利语,,,464,134859
1679,四川外国语大学成都学院[独立学院],,翻译,,,480,114796
1679,四川外国语大学成都学院[独立学院],,商务英语,,,481,113547
1679,四川外国语大学成都学院[独立学院],,新闻学,,,485,108714
1679,四川外国语大学成都学院[独立学院],,网络与新媒体,,,479,116040
1679,四川外国语大学成都学院[独立学院],,财务管理,,,473,123482
1679,四川外国语大学成都学院[独立学院],,跨境电子商务,,,455,146091
1679,四川外国语大学成都学院[独立学院],,会展经济与管理,,,463,136058
1680,四川外国语大学(重庆市)[公办],,金融学,,,561,31495
1680,四川外国语大学(重庆市)[公办],,金融科技,,,553,37725
1680,四川外国语大学(重庆市)[公办],,国际经济与贸易,,,561,31495
1680,四川外国语大学(重庆市)[公办],,政治学类,,,554,36948
1680,四川外国语大学(重庆市)[公办],,学前教育,,,549,41073
1680,四川外国语大学(重庆市)[公办],,中国语言文学类,,,566,27894
1680,四川外国语大学(重庆市)[公办],,英语,,,572,23984
1680,四川外国语大学(重庆市)[公办],,翻译,,,586,15960
1680,四川外国语大学(重庆市)[公办],,商务英语,,,568,26529
1680,四川外国语大学(重庆市)[公办],,国际新闻与传播,,,570,25269
1680,四川外国语大学(重庆市)[公办],,大数据管理与应用,,,557,34586
1680,四川外国语大学(重庆市)[公办],,财务管理,,,557,34586
1680,四川外国语大学(重庆市)[公办],,审计学,,,562,30764
1680,四川外国语大学(重庆市)[公办],,商务英语(中外合作办学),,,551,40256
1680,四川外国语大学(重庆市)[公办],,物流管理(中外合作办学),,,526,62390
1683,四川文化艺术学院(绵阳市)[民办],,应用心理学,,,464,134859
1683,四川文化艺术学院(绵阳市)[民办],,宝石及材料工艺学,,,451,151103
1683,四川文化艺术学院(绵阳市)[民办],,数据科学与大数据技术,,,446,157125
1683,四川文化艺术学院(绵阳市)[民办],,历史建筑保护工程,,,441,163301
1683,四川文化艺术学院(绵阳市)[民办],,会展经济与管理,,,454,147340
1684,四川文理学院(达州市)[公办],,化学类,,,485,108714
1684,四川文理学院(达州市)[公办],,化工与制药类,,,486,107443
1690,四川音乐学院(成都市)[公办],,艺术史论,,,500,90630
1690,四川音乐学院(成都市)[公办],,艺术管理,,,505,84880
1690,四川音乐学院(成都市)[公办],,广播电视编导,,,508,81575
1690,四川音乐学院(成都市)[公办],,新媒体艺术,,,508,81575
1695,苏州大学[公办],,金融数学,,,608,7171
1695,苏州大学[公办],,化学类,,,600,9823
1695,苏州大学[公办],,机械工程,,,601,9445
1695,苏州大学[公办],,冶金工程,,,590,14004
1695,苏州大学[公办],,金属材料工程,,,597,10996
1695,苏州大学[公办],,纳米材料与技术,,,601,9445
1695,苏州大学[公办],,能源与动力工程,,,605,8076
1695,苏州大学[公办],,电气工程及其自动化,,,609,6887
1695,苏州大学[公办],,电气工程与智能控制,,,608,7171
1695,苏州大学[公办],,电子信息类,,,609,6887
1695,苏州大学[公办],,人工智能,,,611,6343
1695,苏州大学[公办],,计算机科学与技术,,,611,6343
1695,苏州大学[公办],,纺织类,,,591,13583
1695,苏州大学[公办],,建筑学,,,597,10996
1695,苏州大学[公办],,城乡规划,,,595,11821
1695,苏州大学[公办],,风景园林,,,597,10996
1695,苏州大学[公办],,历史建筑保护工程,,,583,17536
1695,苏州大学[公办],,临床医学,,,621,4073
1695,苏州大学[公办],,医学影像学,,,604,8390
1695,苏州大学[公办],,放射医学,,,603,8730
1695,苏州大学[公办],,预防医学,,,597,10996
1695,苏州大学[公办],,医学检验技术,,,600,9823
1695,苏州大学[公办],,护理学,,,578,20380
1697,苏州大学应用技术学院[独立学院],,国际经济与贸易,,,472,124770
1697,苏州大学应用技术学院[独立学院],,广告学,,,487,106171
1697,苏州大学应用技术学院[独立学院],,市场营销,,,462,137255
1697,苏州大学应用技术学院[独立学院],,会计学,,,509,80441
1697,苏州大学应用技术学院[独立学院],,电子商务(嵌入式培养),,,485,108714
1703,苏州科技大学[公办],,信息与计算科学,,,567,27220
1703,苏州科技大学[公办],,物理学(师范),,,556,35406
1703,苏州科技大学[公办],,应用物理学,,,556,35406
1703,苏州科技大学[公办],,应用化学,,,554,36948
1703,苏州科技大学[公办],,生物技术,,,553,37725
1703,苏州科技大学[公办],,机械设计制造及其自动化,,,566,27894
1703,苏州科技大学[公办],,土木工程,,,556,35406
1703,苏州科技大学[公办],,环境科学与工程类,,,555,36191
1703,苏州科技大学[公办],,建筑学,,,564,29282
1703,苏州科技大学[公办],,城乡规划,,,560,32247
1703,苏州科技大学[公办],,土木工程(中外合作办学),,,531,57544
1703,苏州科技大学[公办],,工程管理(中外合作办学),,,520,68611
1709,宿州学院[公办],,生物技术,,,476,119752
1709,宿州学院[公办],,测绘工程,,,475,120971
1709,宿州学院[公办],,化学工程与工艺,,,473,123482
1709,宿州学院[公办],,食品科学与工程,,,478,117259
1709,宿州学院[公办],,物流工程,,,478,117259
1711,绥化学院[公办],,英语(师范类),,,489,103748
1711,绥化学院[公办],,数学与应用数学(师范类),,,482,112324
1711,绥化学院[公办],,汽车服务工程,,,475,120971
1711,绥化学院[公办],,电气工程及其自动化,,,487,106171
1711,绥化学院[公办],,电子信息工程,,,484,109959
1711,绥化学院[公办],,计算机科学与技术,,,489,103748
1711,绥化学院[公办],,水利水电工程,,,476,119752
1712,塔里木大学[公办],,投资学,,,464,134859
1712,塔里木大学[公办],,物理学,,,472,124770
1712,塔里木大学[公办],,化学,,,472,124770
1712,塔里木大学[公办],,应用化学,,,466,132235
1712,塔里木大学[公办],,生物信息学,,,468,129759
1712,塔里木大学[公办],,应用统计学,,,473,123482
1712,塔里木大学[公办],,机械设计制造及其自动化,,,479,116040
1712,塔里木大学[公办],,机械电子工程,,,475,120971
1712,塔里木大学[公办],,车辆工程,,,469,128494
1712,塔里木大学[公办],,材料科学与工程,,,467,130969
1712,塔里木大学[公办],,电气工程及其自动化,,,484,109959
1712,塔里木大学[公办],,通信工程,,,481,113547
1712,塔里木大学[公办],,自动化,,,478,117259
1712,塔里木大学[公办],,计算机科学与技术,,,482,112324
1712,塔里木大学[公办],,网络工程,,,480,114796
1712,塔里木大学[公办],,物联网工程,,,481,113547
1712,塔里木大学[公办],,网络空间安全,,,479,116040
1712,塔里木大学[公办],,土木工程,,,473,123482
1712,塔里木大学[公办],,给排水科学与工程,,,469,128494
1712,塔里木大学[公办],,测绘工程,,,465,133566
1712,塔里木大学[公办],,纺织工程,,,461,138513
1712,塔里木大学[公办],,农业机械化及其自动化,,,469,128494
1712,塔里木大学[公办],,农业水利工程,,,470,127253
1712,塔里木大学[公办],,环境工程,,,467,130969
1712,塔里木大学[公办],,食品科学与工程,,,471,126020
1712,塔里木大学[公办],,食品质量与安全,,,467,130969
1712,塔里木大学[公办],,酿酒工程,,,461,138513
1712,塔里木大学[公办],,建筑学,,,483,111133
1712,塔里木大学[公办],,城乡规划,,,476,119752
1712,塔里木大学[公办],,生物制药,,,476,119752
1712,塔里木大学[公办],,植物保护,,,465,133566
1712,塔里木大学[公办],,种子科学与工程,,,470,127253
1712,塔里木大学[公办],,农药化肥,,,464,134859
1712,塔里木大学[公办],,临床医学,,,497,94131
1712,塔里木大学[公办],,预防医学,,,482,112324
1712,塔里木大学[公办],,工商管理类,,,468,129759
1712,塔里木大学[公办],,农林经济管理,,,466,132235
1712,塔里木大学[公办],,物流管理,,,467,130969
1715,台州学院[公办],,数学与应用数学(师范),,,500,90630
1715,台州学院[公办],,材料物理,,,494,97686
1715,台州学院[公办],,临床医学,,,521,67552
1718,太原工业学院[公办],,经济学类,,,507,82620
1718,太原工业学院[公办],,机械类,,,503,87191
1718,太原工业学院[公办],,材料类,,,482,112324
1718,太原工业学院[公办],,电子信息类,,,505,84880
1718,太原工业学院[公办],,自动化类,,,507,82620
1718,太原工业学院[公办],,计算机类,,,514,74839
1718,太原工业学院[公办],,数据科学与大数据技术,,,513,75878
1718,太原工业学院[公办],,化工与制药类,,,488,104962
1718,太原工业学院[公办],,环境科学与工程类,,,486,107443
1718,太原工业学院[公办],,食品科学与工程类,,,486,107443
1718,太原工业学院[公办],,工商管理类,,,502,88336
1718,太原工业学院[公办],,质量管理工程,,,484,109959
1719,太原科技大学[公办],,经济学,,,540,49002
1719,太原科技大学[公办],,法学,,,541,48106
1719,太原科技大学[公办],,英语,,,547,42788
1719,太原科技大学[公办],,日语,,,506,83767
1719,太原科技大学[公办],,数据计算及应用,,,532,56540
1719,太原科技大学[公办],,应用统计学,,,534,54574
1719,太原科技大学[公办],,工程力学,,,523,65475
1719,太原科技大学[公办],,机械设计制造及其自动化,,,529,59504
1719,太原科技大学[公办],,材料成型及控制工程,,,516,72762
1719,太原科技大学[公办],,机械电子工程,,,531,57544
1719,太原科技大学[公办],,工业设计,,,525,63402
1719,太原科技大学[公办],,过程装备与控制工程,,,525,63402
1719,太原科技大学[公办],,车辆工程,,,535,53694
1719,太原科技大学[公办],,车辆工程(新能源汽车方向),,,539,49949
1719,太原科技大学[公办],,材料科学与工程,,,517,71732
1719,太原科技大学[公办],,冶金工程,,,506,83767
1719,太原科技大学[公办],,焊接技术与工程,,,513,75878
1719,太原科技大学[公办],,功能材料,,,511,78116
1719,太原科技大学[公办],,电气工程及其自动化,,,541,48106
1719,太原科技大学[公办],,电子信息工程,,,542,47194
1719,太原科技大学[公办],,光电信息科学与工程,,,539,49949
1719,太原科技大学[公办],,自动化,,,539,49949
1719,太原科技大学[公办],,机器人工程,,,536,52757
1719,太原科技大学[公办],,智能装备与系统,,,532,56540
1719,太原科技大学[公办],,计算机科学与技术,,,549,41073
1719,太原科技大学[公办],,软件工程,,,550,40256
1719,太原科技大学[公办],,物联网工程,,,545,44494
1719,太原科技大学[公办],,智能科学与技术,,,543,46278
1719,太原科技大学[公办],,化学工程与工艺,,,516,72762
1719,太原科技大学[公办],,能源化学工程,,,523,65475
1719,太原科技大学[公办],,油气储运工程,,,516,72762
1719,太原科技大学[公办],,交通运输,,,523,65475
1719,太原科技大学[公办],,交通工程,,,523,65475
1719,太原科技大学[公办],,环境工程,,,514,74839
1719,太原科技大学[公办],,环境科学,,,515,73836
1719,太原科技大学[公办],,环境生态工程,,,512,76936
1719,太原科技大学[公办],,环保设备工程,,,516,72762
1719,太原科技大学[公办],,应急技术与管理,,,514,74839
1719,太原科技大学[公办],,生物工程,,,513,75878
1719,太原科技大学[公办],,信息管理与信息系统,,,534,54574
1719,太原科技大学[公办],,市场营销,,,522,66475
1719,太原科技大学[公办],,会计学,,,545,44494
1719,太原科技大学[公办],,物流工程,,,522,66475
1719,太原科技大学[公办],,工业工程,,,529,59504
1719,太原科技大学[公办],,工业工程(标准化方向),,,520,68611
1720,太原理工大学[公办],,国际经济与贸易,,,583,17536
1720,太原理工大学[公办],,法学,,,587,15439
1720,太原理工大学[公办],,思想政治教育,,,583,17536
1720,太原理工大学[公办],,汉语国际教育,,,580,19205
1720,太原理工大学[公办],,英语,,,581,18643
1720,太原理工大学[公办],,英语(英俄双语方向),,,575,22143
1720,太原理工大学[公办],,英语(英日双语方向),,,581,18643
1720,太原理工大学[公办],,数学与应用数学,,,590,14004
1720,太原理工大学[公办],,数学与应用数学(试验班),,,589,14462
1720,太原理工大学[公办],,信息与计算科学,,,590,14004
1720,太原理工大学[公办],,应用物理学,,,586,15960
1720,太原理工大学[公办],,应用化学,,,578,20380
1720,太原理工大学[公办],,统计学,,,586,15960
1720,太原理工大学[公办],,工程力学,,,580,19205
1720,太原理工大学[公办],,机械设计制造及其自动化,,,587,15439
1720,太原理工大学[公办],,材料成型及控制工程,,,575,22143
1720,太原理工大学[公办],,机械电子工程,,,584,17032
1720,太原理工大学[公办],,工业设计,,,582,18065
1720,太原理工大学[公办],,过程装备与控制工程,,,577,20936
1720,太原理工大学[公办],,车辆工程,,,585,16469
1720,太原理工大学[公办],,智能感知工程,,,584,17032
1720,太原理工大学[公办],,材料科学与工程,,,576,21536
1720,太原理工大学[公办],,冶金工程,,,566,27894
1720,太原理工大学[公办],,金属材料工程,,,576,21536
1720,太原理工大学[公办],,高分子材料与工程,,,575,22143
1720,太原理工大学[公办],,能源与动力工程,,,583,17536
1720,太原理工大学[公办],,电气工程及其自动化(试验班),,,603,8730
1720,太原理工大学[公办],,电气工程及其自动化,,,591,13583
1720,太原理工大学[公办],,电子信息工程,,,594,12236
1720,太原理工大学[公办],,电子科学与技术,,,591,13583
1720,太原理工大学[公办],,电子科学与技术(集成电路),,,591,13583
1720,太原理工大学[公办],,通信工程,,,589,14462
1720,太原理工大学[公办],,光电信息科学与工程,,,586,15960
1720,太原理工大学[公办],,人工智能,,,592,13125
1720,太原理工大学[公办],,智能测控工程,,,584,17032
1720,太原理工大学[公办],,自动化,,,586,15960
1720,太原理工大学[公办],,机器人工程,,,589,14462
1720,太原理工大学[公办],,机器人工程(试验班),,,593,12676
1720,太原理工大学[公办],,计算机科学与技术,,,597,10996
1720,太原理工大学[公办],,计算机科学与技术(试验班),,,598,10589
1720,太原理工大学[公办],,物联网工程,,,589,14462
1720,太原理工大学[公办],,数据科学与大数据技术,,,594,12236
1720,太原理工大学[公办],,网络空间安全,,,590,14004
1720,太原理工大学[公办],,区块链工程,,,588,14950
1720,太原理工大学[公办],,土木工程(试验班),,,585,16469
1720,太原理工大学[公办],,土木工程,,,576,21536
1720,太原理工大学[公办],,建筑环境与能源应用工程,,,576,21536
1720,太原理工大学[公办],,给排水科学与工程,,,574,22729
1720,太原理工大学[公办],,城市地下空间工程,,,570,25269
1720,太原理工大学[公办],,道路桥梁与渡河工程,,,576,21536
1720,太原理工大学[公办],,水利水电工程,,,577,20936
1720,太原理工大学[公办],,水文与水资源工程,,,574,22729
1720,太原理工大学[公办],,测绘工程,,,571,24634
1720,太原理工大学[公办],,化学工程与工艺,,,578,20380
1720,太原理工大学[公办],,化学工程与工艺(试验班),,,585,16469
1720,太原理工大学[公办],,制药工程,,,576,21536
1720,太原理工大学[公办],,精细化工,,,572,23984
1720,太原理工大学[公办],,地质工程,,,572,23984
1720,太原理工大学[公办],,资源勘查工程,,,567,27220
1720,太原理工大学[公办],,资源勘查工程(煤及煤层气工程),,,565,28568
1720,太原理工大学[公办],,采矿工程,,,565,28568
1720,太原理工大学[公办],,采矿工程(煤炭智能化),,,568,26529
1720,太原理工大学[公办],,采矿工程(试验班),,,571,24634
1720,太原理工大学[公办],,矿物加工工程,,,566,27894
1720,太原理工大学[公办],,纺织工程,,,567,27220
1720,太原理工大学[公办],,飞行器设计与工程,,,583,17536
1720,太原理工大学[公办],,农业水利工程,,,575,22143
1720,太原理工大学[公办],,环境工程,,,572,23984
1720,太原理工大学[公办],,生物医学工程,,,578,20380
1720,太原理工大学[公办],,安全工程,,,575,22143
1720,太原理工大学[公办],,安全工程(试验班),,,575,22143
1720,太原理工大学[公办],,应急技术与管理,,,570,25269
1720,太原理工大学[公办],,智能医学工程,,,580,19205
1720,太原理工大学[公办],,工程管理,,,576,21536
1720,太原理工大学[公办],,会计学,,,587,15439
1720,太原理工大学[公办],,行政管理,,,585,16469
1720,太原理工大学[公办],,物流管理(航空物流),,,575,22143
1720,太原理工大学[公办],,物流管理,,,576,21536
1721,太原师范学院[公办],,学前教育,,,512,76936
1721,太原师范学院[公办],,小学教育,,,527,61435
1721,太原师范学院[公办],,英语,,,535,53694
1721,太原师范学院[公办],,数学与应用数学,,,531,57544
1721,太原师范学院[公办],,信息与计算科学,,,520,68611
1721,太原师范学院[公办],,物理学,,,521,67552
1721,太原师范学院[公办],,化学,,,523,65475
1721,太原师范学院[公办],,应用化学,,,505,84880
1721,太原师范学院[公办],,地理科学,,,522,66475
1721,太原师范学院[公办],,自然地理与资源环境,,,500,90630
1721,太原师范学院[公办],,生物科学,,,522,66475
1721,太原师范学院[公办],,计算机科学与技术,,,521,67552
1722,太原学院[公办],,应用心理学,,,499,91783
1722,太原学院[公办],,汽车服务工程,,,485,108714
1722,太原学院[公办],,网络工程,,,504,86042
1722,太原学院[公办],,物联网工程,,,500,90630
1722,太原学院[公办],,化学工程与工业生物工程,,,488,104962
1722,太原学院[公办],,风景园林,,,494,97686
1722,太原学院[公办],,财务管理,,,509,80441
1722,太原学院[公办],,人力资源管理,,,507,82620
1722,太原学院[公办],,物流工程,,,494,97686
1722,太原学院[公办],,酒店管理,,,480,114796
1724,泰山科技学院[民办],,金融学,,,441,163301
1724,泰山科技学院[民办],,机械设计制造及其自动化,,,449,153606
1724,泰山科技学院[民办],,电气工程及其自动化,,,453,148600
1724,泰山科技学院[民办],,电信工程及管理,,,448,154772
1724,泰山科技学院[民办],,计算机科学与技术,,,454,147340
1724,泰山科技学院[民办],,会计学,,,458,142250
1725,泰山学院[公办],,数学与应用数学(师范类),,,490,102500
1725,泰山学院[公办],,物理学(师范类),,,486,107443
1725,泰山学院[公办],,化学(师范类),,,489,103748
1725,泰山学院[公办],,生物科学类,,,484,109959
1725,泰山学院[公办],,机械类,,,487,106171
1725,泰山学院[公办],,电子信息类,,,492,100090
1725,泰山学院[公办],,计算机类,,,498,92962
1725,泰山学院[公办],,土木工程,,,484,109959
1725,泰山学院[公办],,化工与制药类,,,480,114796
1725,泰山学院[公办],,葡萄与葡萄酒工程,,,473,123482
1729,唐山师范学院[公办],,保险学,,,476,119752
1729,唐山师范学院[公办],,法学,,,505,84880
1729,唐山师范学院[公办],,思想政治教育,,,513,75878
1729,唐山师范学院[公办],,教育技术学,,,483,111133
1729,唐山师范学院[公办],,学前教育,,,494,97686
1729,唐山师范学院[公办],,小学教育,,,519,69642
1729,唐山师范学院[公办],,特殊教育,,,488,104962
1729,唐山师范学院[公办],,汉语言文学,,,529,59504
1729,唐山师范学院[公办],,汉语国际教育,,,508,81575
1729,唐山师范学院[公办],,秘书学,,,489,103748
1729,唐山师范学院[公办],,英语,,,520,68611
1729,唐山师范学院[公办],,德语,,,483,111133
1729,唐山师范学院[公办],,日语,,,488,104962
1729,唐山师范学院[公办],,商务英语,,,505,84880
1729,唐山师范学院[公办],,数学与应用数学,,,508,81575
1729,唐山师范学院[公办],,信息与计算科学,,,486,107443
1729,唐山师范学院[公办],,物理学,,,490,102500
1729,唐山师范学院[公办],,应用物理学,,,478,117259
1729,唐山师范学院[公办],,化学,,,491,101322
1729,唐山师范学院[公办],,应用化学,,,476,119752
1729,唐山师范学院[公办],,应用化学,,,474,122219
1729,唐山师范学院[公办],,地理科学,,,501,89173
1729,唐山师范学院[公办],,人文地理与城乡规划,,,487,106171
1729,唐山师范学院[公办],,地理信息科学,,,493,98867
1729,唐山师范学院[公办],,生物科学,,,490,102500
1729,唐山师范学院[公办],,生物技术,,,483,111133
1729,唐山师范学院[公办],,生物技术,,,476,119752
1729,唐山师范学院[公办],,应用心理学,,,490,102500
1729,唐山师范学院[公办],,统计学,,,489,103748
1729,唐山师范学院[公办],,材料化学,,,471,126020
1729,唐山师范学院[公办],,电子信息科学与技术,,,487,106171
1729,唐山师范学院[公办],,电子信息科学与技术,,,475,120971
1729,唐山师范学院[公办],,计算机科学与技术,,,490,102500
1729,唐山师范学院[公办],,网络工程,,,487,106171
1729,唐山师范学院[公办],,物联网工程,,,487,106171
1729,唐山师范学院[公办],,数字媒体技术,,,489,103748
1729,唐山师范学院[公办],,能源化学工程,,,475,120971
1729,唐山师范学院[公办],,园艺,,,476,119752
1729,唐山师范学院[公办],,信息管理与信息系统,,,484,109959
1729,唐山师范学院[公办],,资产评估,,,480,114796
1729,唐山师范学院[公办],,文化产业管理,,,483,111133
1729,唐山师范学院[公办],,物流管理,,,479,116040
1729,唐山师范学院[公办],,物流管理,,,471,126020
1729,唐山师范学院[公办],,电子商务,,,482,112324
1729,唐山师范学院[公办],,旅游管理,,,481,113547
1731,唐山学院[公办],,国际经济与贸易,,,487,106171
1731,唐山学院[公办],,法学,,,501,89173
1731,唐山学院[公办],,中国语言文学类,,,496,95288
1731,唐山学院[公办],,汉语国际教育,,,487,106171
1731,唐山学院[公办],,英语,,,505,84880
1731,唐山学院[公办],,日语,,,481,113547
1731,唐山学院[公办],,商务英语,,,496,95288
1731,唐山学院[公办],,广告学,,,488,104962
1731,唐山学院[公办],,机械类,,,482,112324
1731,唐山学院[公办],,机械设计制造及其自动化,,,492,100090
1731,唐山学院[公办],,车辆工程,,,478,117259
1731,唐山学院[公办],,智能制造工程,,,485,108714
1731,唐山学院[公办],,测控技术与仪器,,,475,120971
1731,唐山学院[公办],,新能源材料与器件,,,474,122219
1731,唐山学院[公办],,电气工程及其自动化,,,502,88336
1731,唐山学院[公办],,电子信息工程,,,489,103748
1731,唐山学院[公办],,通信工程,,,487,106171
1731,唐山学院[公办],,自动化,,,488,104962
1731,唐山学院[公办],,轨道交通信号与控制,,,483,111133
1731,唐山学院[公办],,计算机科学与技术,,,500,90630
1731,唐山学院[公办],,软件工程,,,494,97686
1731,唐山学院[公办],,物联网工程,,,489,103748
1731,唐山学院[公办],,智能科学与技术,,,485,108714
1731,唐山学院[公办],,数据科学与大数据技术,,,493,98867
1731,唐山学院[公办],,土木类,,,474,122219
1731,唐山学院[公办],,建筑电气与智能化,,,483,111133
1731,唐山学院[公办],,化学工程与工艺,,,473,123482
1731,唐山学院[公办],,环境工程,,,474,122219
1731,唐山学院[公办],,安全工程,,,471,126020
1731,唐山学院[公办],,信息管理与信息系统,,,483,111133
1731,唐山学院[公办],,工程管理,,,475,120971
1731,唐山学院[公办],,工程造价,,,482,112324
1731,唐山学院[公办],,市场营销,,,480,114796
1731,唐山学院[公办],,会计学,,,503,87191
1731,唐山学院[公办],,财务管理,,,500,90630
1731,唐山学院[公办],,审计学,,,497,94131
1731,唐山学院[公办],,物流管理,,,481,113547
1731,唐山学院[公办],,电子商务,,,486,107443
1731,唐山学院[公办],,机械设计制造及其自动化(中外合作办学),,,463,136058
1740,天津财经大学[公办],,经济统计学(金融统计与精算),,,583,17536
1740,天津财经大学[公办],,财政学类,,,584,17032
1740,天津财经大学[公办],,金融学类,,,586,15960
1740,天津财经大学[公办],,金融数学,,,580,19205
1740,天津财经大学[公办],,法学,,,582,18065
1740,天津财经大学[公办],,数学与应用数学(经济数学与数学建模),,,576,21536
1740,天津财经大学[公办],,计算机科学与技术,,,583,17536
1740,天津财经大学[公办],,软件工程,,,581,18643
1740,天津财经大学[公办],,数据科学与大数据技术,,,584,17032
1740,天津财经大学[公办],,管理科学与工程类,,,572,23984
1740,天津财经大学[公办],,工商管理类,,,577,20936
1740,天津财经大学[公办],,会计学(注册会计师),,,594,12236
1740,天津财经大学[公办],,会计学,,,586,15960
1740,天津财经大学[公办],,审计学,,,585,16469
1740,天津财经大学[公办],,公共管理类,,,573,23356
1740,天津财经大学[公办],,电子商务,,,571,24634
1740,天津财经大学[公办],,金融学(中外合作办学)(能源金融),,,552,38584
1741,天津财经大学珠江学院[独立学院],,经济统计学(数据工程),,,466,132235
1741,天津财经大学珠江学院[独立学院],,经济统计学(经济统计),,,466,132235
1741,天津财经大学珠江学院[独立学院],,税收学(税务管理与代理),,,470,127253
1741,天津财经大学珠江学院[独立学院],,金融学(财富管理),,,471,126020
1741,天津财经大学珠江学院[独立学院],,金融学(金融),,,483,111133
1741,天津财经大学珠江学院[独立学院],,金融学(国际金融),,,465,133566
1741,天津财经大学珠江学院[独立学院],,金融科技,,,461,138513
1741,天津财经大学珠江学院[独立学院],,学前教育,,,471,126020
1741,天津财经大学珠江学院[独立学院],,工商管理,,,477,118522
1741,天津财经大学珠江学院[独立学院],,会计学(注册会计师),,,487,106171
1741,天津财经大学珠江学院[独立学院],,会计学(会计),,,482,112324
1741,天津财经大学珠江学院[独立学院],,会计学(管理会计),,,477,118522
1741,天津财经大学珠江学院[独立学院],,国际商务,,,463,136058
1741,天津财经大学珠江学院[独立学院],,审计学,,,478,117259
1741,天津财经大学珠江学院[独立学院],,物联网工程(中外合作办学),,,450,152346
1742,天津城建大学[公办],,投资学,,,547,42788
1742,天津城建大学[公办],,外国语言文学类,,,551,40256
1742,天津城建大学[公办],,数学与应用数学,,,556,35406
1742,天津城建大学[公办],,应用物理学,,,547,42788
1742,天津城建大学[公办],,应用化学,,,539,49949
1742,天津城建大学[公办],,地理信息科学,,,543,46278
1742,天津城建大学[公办],,机械类,,,548,41891
1742,天津城建大学[公办],,智能制造工程,,,548,41891
1742,天津城建大学[公办],,能源与动力工程,,,549,41073
1742,天津城建大学[公办],,电气类,,,555,36191
1742,天津城建大学[公办],,电子信息类,,,553,37725
1742,天津城建大学[公办],,人工智能,,,559,33069
1742,天津城建大学[公办],,计算机类,,,557,34586
1742,天津城建大学[公办],,土木类,,,542,47194
1742,天津城建大学[公办],,建筑环境与能源应用工程,,,541,48106
1742,天津城建大学[公办],,给排水科学与工程,,,536,52757
1742,天津城建大学[公办],,智能建造,,,549,41073
1742,天津城建大学[公办],,港口航道与海岸工程,,,539,49949
1742,天津城建大学[公办],,测绘工程,,,538,50883
1742,天津城建大学[公办],,地质工程,,,538,50883
1742,天津城建大学[公办],,交通工程,,,545,44494
1742,天津城建大学[公办],,环境工程,,,533,55500
1742,天津城建大学[公办],,建筑类,,,548,41891
1742,天津城建大学[公办],,管理科学与工程类,,,544,45381
1742,天津城建大学[公办],,大数据管理与应用,,,555,36191
1742,天津城建大学[公办],,工商管理,,,555,36191
1742,天津城建大学[公办],,公共管理类,,,536,52757
1742,天津城建大学[公办],,土木工程(中外合作办学),,,509,80441
1742,天津城建大学[公办],,环境工程(中外合作办学),,,497,94131
1742,天津城建大学[公办],,建筑学(中外合作办学),,,524,64450
1742,天津城建大学[公办],,风景园林(中外合作办学),,,510,79317
1746,天津大学[公办],,经济管理试验班,,,624,3506
1746,天津大学[公办],,工科试验班(智能制造与建造),,,623,3705
1746,天津大学[公办],,工科试验班(精仪与光电信息类),,,629,2693
1746,天津大学[公办],,工科试验班(电气信息类),,,631,2418
1746,天津大学[公办],,工科试验班(智能与计算类),,,633,2156
1746,天津大学[公办],,工科试验班(化工能源与生命医药类),,,621,4073
1746,天津大学[公办],,理科试验班(生态与环境类),,,617,4895
1746,天津大学[公办],,医学试验班(新医科),,,620,4276
1746,天津大学[公办],,分子科学与工程(与南开大学合办),,,624,3506
1746,天津大学[公办],,光电信息科学与工程(与南开大学合办),,,632,2283
1746,天津大学[公办],,建筑类,,,632,2283
1749,天津工业大学[公办],,经济学类,,,579,19795
1749,天津工业大学[公办],,数学类,,,578,20380
1749,天津工业大学[公办],,应用物理学,,,577,20936
1749,天津工业大学[公办],,应用化学,,,571,24634
1749,天津工业大学[公办],,化学生物学,,,568,26529
1749,天津工业大学[公办],,机械工程,,,577,20936
1749,天津工业大学[公办],,机械电子工程,,,578,20380
1749,天津工业大学[公办],,智能制造工程,,,580,19205
1749,天津工业大学[公办],,材料科学与工程,,,567,27220
1749,天津工业大学[公办],,无机非金属材料工程,,,566,27894
1749,天津工业大学[公办],,高分子材料与工程,,,567,27220
1749,天津工业大学[公办],,电气工程及其自动化,,,583,17536
1749,天津工业大学[公办],,电子信息工程,,,584,17032
1749,天津工业大学[公办],,电子科学与技术,,,582,18065
1749,天津工业大学[公办],,通信工程,,,584,17032
1749,天津工业大学[公办],,光电信息科学与工程,,,580,19205
1749,天津工业大学[公办],,人工智能,,,584,17032
1749,天津工业大学[公办],,自动化,,,583,17536
1749,天津工业大学[公办],,计算机科学与技术,,,589,14462
1749,天津工业大学[公办],,软件工程,,,584,17032
1749,天津工业大学[公办],,物联网工程,,,586,15960
1749,天津工业大学[公办],,数据科学与大数据技术,,,584,17032
1749,天津工业大学[公办],,网络空间安全,,,584,17032
1749,天津工业大学[公办],,制药工程,,,575,22143
1749,天津工业大学[公办],,纺织工程,,,566,27894
1749,天津工业大学[公办],,非织造材料与工程,,,568,26529
1749,天津工业大学[公办],,轻化工程,,,571,24634
1749,天津工业大学[公办],,飞行器制造工程,,,577,20936
1749,天津工业大学[公办],,环境工程,,,569,25895
1749,天津工业大学[公办],,生物医学工程,,,572,23984
1749,天津工业大学[公办],,智能医学工程,,,576,21536
1749,天津工业大学[公办],,电气工程及其自动化(中外合作办学),,,563,30033
1749,天津工业大学[公办],,通信工程(中外合作办学),,,559,33069
1749,天津工业大学[公办],,信息管理与信息系统(中外合作办学),,,550,40256
1758,天津科技大学[公办],,金融学类,,,567,27220
1758,天津科技大学[公办],,国际经济与贸易,,,562,30764
1758,天津科技大学[公办],,法学类,,,571,24634
1758,天津科技大学[公办],,海洋科学类,,,549,41073
1758,天津科技大学[公办],,机械设计制造及其自动化,,,567,27220
1758,天津科技大学[公办],,机械电子工程,,,563,30033
1758,天津科技大学[公办],,工业设计,,,561,31495
1758,天津科技大学[公办],,过程装备与控制工程,,,557,34586
1758,天津科技大学[公办],,车辆工程,,,559,33069
1758,天津科技大学[公办],,测控技术与仪器,,,562,30764
1758,天津科技大学[公办],,材料化学,,,555,36191
1758,天津科技大学[公办],,高分子材料与工程,,,559,33069
1758,天津科技大学[公办],,电气工程及其自动化,,,571,24634
1758,天津科技大学[公办],,通信工程,,,570,25269
1758,天津科技大学[公办],,微电子科学与工程,,,569,25895
1758,天津科技大学[公办],,人工智能,,,573,23356
1758,天津科技大学[公办],,自动化,,,570,25269
1758,天津科技大学[公办],,机器人工程,,,567,27220
1758,天津科技大学[公办],,计算机科学与技术,,,576,21536
1758,天津科技大学[公办],,软件工程,,,574,22729
1758,天津科技大学[公办],,物联网工程,,,571,24634
1758,天津科技大学[公办],,智能科学与技术,,,568,26529
1758,天津科技大学[公办],,数据科学与大数据技术,,,571,24634
1758,天津科技大学[公办],,化学工程与工艺,,,552,38584
1758,天津科技大学[公办],,制药工程,,,558,33822
1758,天津科技大学[公办],,轻化工程,,,550,40256
1758,天津科技大学[公办],,包装工程,,,545,44494
1758,天津科技大学[公办],,印刷工程,,,543,46278
1758,天津科技大学[公办],,海洋资源开发技术,,,547,42788
1758,天津科技大学[公办],,环境科学与工程类,,,554,36948
1758,天津科技大学[公办],,食品科学与工程,,,557,34586
1758,天津科技大学[公办],,食品质量与安全,,,554,36948
1758,天津科技大学[公办],,食品营养与健康,,,550,40256
1758,天津科技大学[公办],,生物工程,,,560,32247
1758,天津科技大学[公办],,大数据管理与应用,,,566,27894
1758,天津科技大学[公办],,财务管理,,,569,25895
1758,天津科技大学[公办],,公共事业管理,,,546,43628
1758,天津科技大学[公办],,物流管理,,,559,33069
1758,天津科技大学[公办],,工业工程,,,560,32247
1758,天津科技大学[公办],,计算机科学与技术(中外合作办学)(信息处理),,,547,42788
1758,天津科技大学[公办],,生物工程(中外合作办学)(酿造与蒸馏),,,528,60450
1758,天津科技大学[公办],,财务管理(中外合作办学),,,544,45381
1760,天津理工大学[公办],,材料成型及控制工程,,,564,29282
1760,天津理工大学[公办],,机械电子工程,,,570,25269
1760,天津理工大学[公办],,电气工程及其自动化,,,575,22143
1760,天津理工大学[公办],,电子信息工程,,,577,20936
1760,天津理工大学[公办],,通信工程,,,575,22143
1760,天津理工大学[公办],,自动化,,,574,22729
1760,天津理工大学[公办],,计算机科学与技术,,,582,18065
1760,天津理工大学[公办],,信息安全,,,576,21536
1760,天津理工大学[公办],,制药工程,,,564,29282
1760,天津理工大学[公办],,大数据管理与应用,,,575,22143
1760,天津理工大学[公办],,计算机科学与技术(中外合作办学),,,551,40256
1760,天津理工大学[公办],,工商管理(中外合作办学),,,538,50883
1760,天津理工大学[公办],,工业工程(中外合作办学),,,541,48106
1761,天津理工大学中环信息学院[独立学院],,机械设计制造及其自动化,,,461,138513
1761,天津理工大学中环信息学院[独立学院],,机械电子工程,,,461,138513
1761,天津理工大学中环信息学院[独立学院],,电气工程及其自动化,,,465,133566
1761,天津理工大学中环信息学院[独立学院],,电气工程及其自动化(电力系统及其自动化方向),,,471,126020
1761,天津理工大学中环信息学院[独立学院],,智能电网信息工程,,,461,138513
1761,天津理工大学中环信息学院[独立学院],,电气工程与智能控制,,,462,137255
1761,天津理工大学中环信息学院[独立学院],,电子信息工程,,,463,136058
1761,天津理工大学中环信息学院[独立学院],,通信工程,,,462,137255
1761,天津理工大学中环信息学院[独立学院],,电子信息科学与技术,,,467,130969
1761,天津理工大学中环信息学院[独立学院],,人工智能,,,461,138513
1761,天津理工大学中环信息学院[独立学院],,自动化,,,463,136058
1761,天津理工大学中环信息学院[独立学院],,机器人工程,,,462,137255
1761,天津理工大学中环信息学院[独立学院],,计算机科学与技术,,,475,120971
1761,天津理工大学中环信息学院[独立学院],,软件工程,,,470,127253
1761,天津理工大学中环信息学院[独立学院],,物联网工程,,,466,132235
1761,天津理工大学中环信息学院[独立学院],,数字媒体技术,,,467,130969
1761,天津理工大学中环信息学院[独立学院],,数据科学与大数据技术,,,467,130969
1761,天津理工大学中环信息学院[独立学院],,工程管理,,,462,137255
1762,天津美术学院[公办],,历史建筑保护工程,,,565,28568
1763,天津农学院[公办],,国际经济与贸易,,,518,70669
1763,天津农学院[公办],,英语,,,524,64450
1763,天津农学院[公办],,应用化学,,,506,83767
1763,天津农学院[公办],,生物技术,,,507,82620
1763,天津农学院[公办],,测控技术与仪器,,,516,72762
1763,天津农学院[公办],,功能材料,,,498,92962
1763,天津农学院[公办],,新能源科学与工程,,,516,72762
1763,天津农学院[公办],,电气工程及其自动化,,,525,63402
1763,天津农学院[公办],,机器人工程,,,516,72762
1763,天津农学院[公办],,计算机科学与技术,,,526,62390
1763,天津农学院[公办],,软件工程,,,525,63402
1763,天津农学院[公办],,物联网工程,,,521,67552
1763,天津农学院[公办],,数据科学与大数据技术,,,525,63402
1763,天津农学院[公办],,水利水电工程,,,510,79317
1763,天津农学院[公办],,水文与水资源工程,,,504,86042
1763,天津农学院[公办],,农业机械化及其自动化,,,507,82620
1763,天津农学院[公办],,环境科学,,,507,82620
1763,天津农学院[公办],,食品科学与工程,,,509,80441
1763,天津农学院[公办],,食品质量与安全,,,513,75878
1763,天津农学院[公办],,生物工程,,,506,83767
1763,天津农学院[公办],,生物制药,,,511,78116
1763,天津农学院[公办],,园艺,,,503,87191
1763,天津农学院[公办],,植物保护,,,502,88336
1763,天津农学院[公办],,种子科学与工程,,,514,74839
1763,天津农学院[公办],,设施农业科学与工程,,,501,89173
1763,天津农学院[公办],,菌物科学与工程,,,498,92962
1763,天津农学院[公办],,动物科学,,,499,91783
1763,天津农学院[公办],,动物医学,,,524,64450
1763,天津农学院[公办],,动物医学(小动医方向),,,512,76936
1763,天津农学院[公办],,动物药学,,,502,88336
1763,天津农学院[公办],,林学,,,503,87191
1763,天津农学院[公办],,园林,,,505,84880
1763,天津农学院[公办],,水产养殖学,,,495,96518
1763,天津农学院[公办],,海洋渔业科学与技术,,,492,100090
1763,天津农学院[公办],,水族科学与技术,,,495,96518
1763,天津农学院[公办],,水生动物医学,,,499,91783
1763,天津农学院[公办],,工程管理,,,508,81575
1763,天津农学院[公办],,会计学,,,533,55500
1763,天津农学院[公办],,文化产业管理,,,511,78116
1763,天津农学院[公办],,农林经济管理,,,509,80441
1763,天津农学院[公办],,公共事业管理,,,511,78116
1763,天津农学院[公办],,物流管理,,,509,80441
1763,天津农学院[公办],,旅游管理,,,499,91783
1763,天津农学院[公办],,酒店管理,,,491,101322
1765,天津仁爱学院[民办],,金融工程,,,458,142250
1765,天津仁爱学院[民办],,英语,,,465,133566
1765,天津仁爱学院[民办],,传播学(网络新媒体方向),,,467,130969
1765,天津仁爱学院[民办],,机械设计制造及其自动化,,,456,144801
1765,天津仁爱学院[民办],,过程装备与控制工程(新能源方向),,,447,155919
1765,天津仁爱学院[民办],,过程装备与控制工程(智能化工方向),,,447,155919
1765,天津仁爱学院[民办],,智能制造工程,,,452,149859
1765,天津仁爱学院[民办],,智能交互设计,,,452,149859
1765,天津仁爱学院[民办],,电气工程及其自动化,,,459,141008
1765,天津仁爱学院[民办],,电子信息工程,,,458,142250
1765,天津仁爱学院[民办],,通信工程,,,456,144801
1765,天津仁爱学院[民办],,人工智能,,,456,144801
1765,天津仁爱学院[民办],,自动化,,,455,146091
1765,天津仁爱学院[民办],,计算机科学与技术,,,467,130969
1765,天津仁爱学院[民办],,计算机科学与技术(中软国际华为云学院大数据技术与应用特色班),,,459,141008
1765,天津仁爱学院[民办],,软件工程,,,463,136058
1765,天津仁爱学院[民办],,软件工程(中软国际华为云学院智能技术开发特色班),,,456,144801
1765,天津仁爱学院[民办],,物联网工程,,,460,139765
1765,天津仁爱学院[民办],,物联网工程(科大讯飞智能物联方向),,,453,148600
1765,天津仁爱学院[民办],,数据科学与大数据技术,,,460,139765
1765,天津仁爱学院[民办],,数据科学与大数据技术(中软国际华为云学院大数据分析应用特色班),,,453,148600
1765,天津仁爱学院[民办],,土木工程,,,449,153606
1765,天津仁爱学院[民办],,土木工程(国际工程方向),,,449,153606
1765,天津仁爱学院[民办],,给排水科学与工程,,,446,157125
1765,天津仁爱学院[民办],,水利水电工程,,,452,149859
1765,天津仁爱学院[民办],,港口航道与海岸工程,,,448,154772
1765,天津仁爱学院[民办],,化学工程与工艺,,,453,148600
1765,天津仁爱学院[民办],,制药工程,,,449,153606
1765,天津仁爱学院[民办],,建筑学,,,447,155919
1765,天津仁爱学院[民办],,信息管理与信息系统,,,454,147340
1765,天津仁爱学院[民办],,信息管理与信息系统(精益智造与信息管理方向),,,451,151103
1765,天津仁爱学院[民办],,工程管理,,,451,151103
1765,天津仁爱学院[民办],,财务管理,,,464,134859
1765,天津仁爱学院[民办],,物流工程,,,450,152346
1765,天津仁爱学院[民办],,物流工程(精益智造与运营管理方向),,,437,168382
1767,天津商业大学[公办],,经济学类,,,563,30033
1767,天津商业大学[公办],,法学,,,562,30764
1767,天津商业大学[公办],,英语,,,562,30764
1767,天津商业大学[公办],,日语,,,545,44494
1767,天津商业大学[公办],,应用化学,,,549,41073
1767,天津商业大学[公办],,应用心理学,,,550,40256
1767,天津商业大学[公办],,统计学类,,,558,33822
1767,天津商业大学[公办],,工业设计,,,548,41891
1767,天津商业大学[公办],,宝石及材料工艺学,,,539,49949
1767,天津商业大学[公办],,能源与动力工程,,,556,35406
1767,天津商业大学[公办],,计算机科学与技术,,,563,30033
1767,天津商业大学[公办],,数据科学与大数据技术,,,563,30033
1767,天津商业大学[公办],,建筑环境与能源应用工程,,,545,44494
1767,天津商业大学[公办],,包装工程,,,523,65475
1767,天津商业大学[公办],,工程管理,,,550,40256
1767,天津商业大学[公办],,酒店管理(中外合作办学),,,494,97686
1768,天津商业大学宝德学院[独立学院],,金融学类,,,459,141008
1768,天津商业大学宝德学院[独立学院],,英语,,,466,132235
1768,天津商业大学宝德学院[独立学院],,日语,,,465,133566
1768,天津商业大学宝德学院[独立学院],,商务英语,,,470,127253
1768,天津商业大学宝德学院[独立学院],,工商管理类(管理系),,,458,142250
1768,天津商业大学宝德学院[独立学院],,工商管理类(会计系),,,462,137255
1770,天津师范大学[公办],,经济学,,,572,23984
1770,天津师范大学[公办],,投资学,,,563,30033
1770,天津师范大学[公办],,国际经济与贸易,,,563,30033
1770,天津师范大学[公办],,法学,,,589,14462
1770,天津师范大学[公办],,社会工作,,,562,30764
1770,天津师范大学[公办],,教育学类(师范),,,575,22143
1770,天津师范大学[公办],,教育技术学(师范),,,572,23984
1770,天津师范大学[公办],,学前教育(师范),,,566,27894
1770,天津师范大学[公办],,汉语言文学(师范),,,582,18065
1770,天津师范大学[公办],,英语(师范),,,589,14462
1770,天津师范大学[公办],,俄语,,,572,23984
1770,天津师范大学[公办],,法语,,,571,24634
1770,天津师范大学[公办],,日语,,,566,27894
1770,天津师范大学[公办],,朝鲜语,,,553,37725
1770,天津师范大学[公办],,新闻学,,,579,19795
1770,天津师范大学[公办],,广告学,,,569,25895
1770,天津师范大学[公办],,数学与应用数学(师范),,,588,14950
1770,天津师范大学[公办],,信息与计算科学,,,569,25895
1770,天津师范大学[公办],,数据计算及应用,,,569,25895
1770,天津师范大学[公办],,物理学(师范),,,579,19795
1770,天津师范大学[公办],,应用物理学,,,571,24634
1770,天津师范大学[公办],,化学(师范),,,580,19205
1770,天津师范大学[公办],,化学生物学,,,566,27894
1770,天津师范大学[公办],,地理科学(师范),,,575,22143
1770,天津师范大学[公办],,人文地理与城乡规划,,,561,31495
1770,天津师范大学[公办],,地理信息科学,,,569,25895
1770,天津师范大学[公办],,生物科学(师范),,,578,20380
1770,天津师范大学[公办],,生物技术,,,563,30033
1770,天津师范大学[公办],,应用心理学(师范),,,576,21536
1770,天津师范大学[公办],,应用心理学(创新班),,,575,22143
1770,天津师范大学[公办],,通信工程,,,571,24634
1770,天津师范大学[公办],,通信工程(实验班),,,569,25895
1770,天津师范大学[公办],,电子信息科学与技术,,,571,24634
1770,天津师范大学[公办],,人工智能(师范),,,572,23984
1770,天津师范大学[公办],,计算机科学与技术(师范),,,576,21536
1770,天津师范大学[公办],,软件工程,,,563,30033
1770,天津师范大学[公办],,网络工程,,,569,25895
1770,天津师范大学[公办],,物联网工程,,,571,24634
1770,天津师范大学[公办],,智能科学与技术,,,568,26529
1770,天津师范大学[公办],,数据科学与大数据技术,,,573,23356
1770,天津师范大学[公办],,环境科学,,,558,33822
1770,天津师范大学[公办],,信息管理与信息系统,,,568,26529
1770,天津师范大学[公办],,大数据管理与应用,,,572,23984
1770,天津师范大学[公办],,工商管理,,,567,27220
1770,天津师范大学[公办],,市场营销,,,552,38584
1770,天津师范大学[公办],,会计学,,,579,19795
1770,天津师范大学[公办],,行政管理,,,565,28568
1770,天津师范大学[公办],,档案学,,,561,31495
1770,天津师范大学[公办],,物流管理,,,558,33822
1774,天津体育学院[公办],,学前教育,,,503,87191
1774,天津体育学院[公办],,运动人体科学,,,507,82620
1774,天津体育学院[公办],,运动康复,,,513,75878
1774,天津体育学院[公办],,新闻学(体育文化传媒方向),,,538,50883
1774,天津体育学院[公办],,应用心理学,,,519,69642
1774,天津体育学院[公办],,康复治疗学,,,500,90630
1774,天津体育学院[公办],,大数据管理与应用,,,513,75878
1774,天津体育学院[公办],,市场营销,,,502,88336
1774,天津体育学院[公办],,公共事业管理,,,506,83767
1776,天津天狮学院[民办],,金融学类,,,457,143500
1776,天津天狮学院[民办],,汉语国际教育,,,463,136058
1776,天津天狮学院[民办],,电子信息类,,,455,146091
1776,天津天狮学院[民办],,自动化(义齿智能制造),,,454,147340
1776,天津天狮学院[民办],,计算机科学与技术(大数据方向),,,456,144801
1776,天津天狮学院[民办],,食品科学与工程类,,,455,146091
1776,天津天狮学院[民办],,生物工程,,,449,153606
1776,天津天狮学院[民办],,药学,,,448,154772
1776,天津天狮学院[民办],,医学技术类,,,446,157125
1776,天津天狮学院[民办],,护理学,,,455,146091
1776,天津天狮学院[民办],,信息管理与信息系统,,,455,146091
1776,天津天狮学院[民办],,工商管理类,,,455,146091
1776,天津天狮学院[民办],,劳动与社会保障,,,453,148600
1776,天津天狮学院[民办],,电子商务,,,457,143500
1778,天津外国语大学[公办],,金融学,,,565,28568
1778,天津外国语大学[公办],,外交学,,,559,33069
1778,天津外国语大学[公办],,国际组织与全球治理,,,550,40256
1778,天津外国语大学[公办],,教育技术学,,,561,31495
1778,天津外国语大学[公办],,外国语言文学类(英语类),,,573,23356
1778,天津外国语大学[公办],,法语,,,573,23356
1778,天津外国语大学[公办],,阿拉伯语,,,562,30764
1778,天津外国语大学[公办],,日语,,,565,28568
1778,天津外国语大学[公办],,波斯语,,,550,40256
1778,天津外国语大学[公办],,缅甸语,,,546,43628
1778,天津外国语大学[公办],,捷克语,,,545,44494
1778,天津外国语大学[公办],,意大利语,,,561,31495
1778,天津外国语大学[公办],,新闻传播学类,,,567,27220
1778,天津外国语大学[公办],,数字媒体技术,,,567,27220
1778,天津外国语大学[公办],,大数据管理与应用,,,563,30033
1778,天津外国语大学[公办],,工商管理类,,,562,30764
1778,天津外国语大学[公办],,经济学(中外合作办学),,,544,45381
1779,天津外国语大学滨海外事学院[独立学院],,金融学,,,471,126020
1779,天津外国语大学滨海外事学院[独立学院],,学前教育,,,471,126020
1779,天津外国语大学滨海外事学院[独立学院],,英语,,,485,108714
1779,天津外国语大学滨海外事学院[独立学院],,法语,,,475,120971
1779,天津外国语大学滨海外事学院[独立学院],,西班牙语,,,461,138513
1779,天津外国语大学滨海外事学院[独立学院],,日语,,,466,132235
1779,天津外国语大学滨海外事学院[独立学院],,朝鲜语,,,459,141008
1779,天津外国语大学滨海外事学院[独立学院],,翻译,,,475,120971
1779,天津外国语大学滨海外事学院[独立学院],,商务英语,,,469,128494
1779,天津外国语大学滨海外事学院[独立学院],,新闻学,,,482,112324
1779,天津外国语大学滨海外事学院[独立学院],,护理学,,,462,137255
1779,天津外国语大学滨海外事学院[独立学院],,酒店管理,,,459,141008
1781,天津医科大学[公办],,生物医学工程,,,603,8730
1781,天津医科大学[公办],,基础医学(朱宪彝班),,,621,4073
1781,天津医科大学[公办],,临床医学(5+3一体化),,,636,1776
1781,天津医科大学[公办],,临床医学(5+3一体化，儿科学),,,624,3506
1781,天津医科大学[公办],,临床医学,,,626,3178
1781,天津医科大学[公办],,麻醉学,,,626,3178
1781,天津医科大学[公办],,眼视光医学,,,625,3338
1781,天津医科大学[公办],,口腔医学(5+3一体化),,,632,2283
1781,天津医科大学[公办],,预防医学,,,601,9445
1781,天津医科大学[公办],,药学类,,,604,8390
1781,天津医科大学[公办],,医学技术类,,,601,9445
1781,天津医科大学[公办],,智能医学工程,,,614,5569
1781,天津医科大学[公办],,护理学,,,586,15960
1783,天津医科大学临床医学院[独立学院],,法学,,,484,109959
1783,天津医科大学临床医学院[独立学院],,临床医学,,,503,87191
1783,天津医科大学临床医学院[独立学院],,口腔医学,,,523,65475
1783,天津医科大学临床医学院[独立学院],,药学,,,490,102500
1783,天津医科大学临床医学院[独立学院],,医学检验技术,,,492,100090
1783,天津医科大学临床医学院[独立学院],,医学影像技术,,,490,102500
1783,天津医科大学临床医学院[独立学院],,眼视光学,,,491,101322
1783,天津医科大学临床医学院[独立学院],,康复治疗学,,,497,94131
1783,天津医科大学临床医学院[独立学院],,护理学,,,483,111133
1783,天津医科大学临床医学院[独立学院],,市场营销,,,462,137255
1783,天津医科大学临床医学院[独立学院],,公共事业管理,,,464,134859
1783,天津医科大学临床医学院[独立学院],,健康服务与管理,,,480,114796
1787,天津职业技术师范大学[公办],,金融学,,,558,33822
1787,天津职业技术师范大学[公办],,信用管理,,,528,60450
1787,天津职业技术师范大学[公办],,教育技术学,,,554,36948
1787,天津职业技术师范大学[公办],,劳动教育,,,529,59504
1787,天津职业技术师范大学[公办],,英语,,,556,35406
1787,天津职业技术师范大学[公办],,日语,,,523,65475
1787,天津职业技术师范大学[公办],,数学与应用数学,,,544,45381
1787,天津职业技术师范大学[公办],,应用物理学,,,541,48106
1787,天津职业技术师范大学[公办],,应用心理学,,,542,47194
1787,天津职业技术师范大学[公办],,工业设计,,,543,46278
1787,天津职业技术师范大学[公办],,车辆工程,,,530,58518
1787,天津职业技术师范大学[公办],,机电技术教育,,,537,51825
1787,天津职业技术师范大学[公办],,新能源汽车工程,,,538,50883
1787,天津职业技术师范大学[公办],,测控技术与仪器,,,523,65475
1787,天津职业技术师范大学[公办],,电气工程及其自动化,,,541,48106
1787,天津职业技术师范大学[公办],,电子科学与技术,,,539,49949
1787,天津职业技术师范大学[公办],,微电子科学与工程,,,540,49002
1787,天津职业技术师范大学[公办],,人工智能,,,538,50883
1787,天津职业技术师范大学[公办],,自动化,,,538,50883
1787,天津职业技术师范大学[公办],,软件工程,,,537,51825
1787,天津职业技术师范大学[公办],,数据科学与大数据技术,,,537,51825
1787,天津职业技术师范大学[公办],,交通运输(智能交通方向),,,525,63402
1787,天津职业技术师范大学[公办],,人力资源管理,,,550,40256
1787,天津职业技术师范大学[公办],,劳动与社会保障,,,524,64450
1787,天津职业技术师范大学[公办],,物流管理,,,530,58518
1787,天津职业技术师范大学[公办],,电子信息工程(中外合作办学),,,506,83767
1788,天津中德应用技术大学[公办],,材料成型及控制工程,,,507,82620
1788,天津中德应用技术大学[公办],,汽车服务工程,,,506,83767
1788,天津中德应用技术大学[公办],,能源与动力工程,,,518,70669
1788,天津中德应用技术大学[公办],,新能源科学与工程,,,521,67552
1788,天津中德应用技术大学[公办],,电气工程与智能控制,,,522,66475
1788,天津中德应用技术大学[公办],,自动化,,,523,65475
1788,天津中德应用技术大学[公办],,软件工程,,,529,59504
1788,天津中德应用技术大学[公办],,物联网工程,,,526,62390
1788,天津中德应用技术大学[公办],,飞行器制造工程,,,514,74839
1788,天津中德应用技术大学[公办],,财务管理,,,526,62390
1788,天津中德应用技术大学[公办],,质量管理工程,,,503,87191
1789,天津中医药大学[公办],,传播学,,,554,36948
1789,天津中医药大学[公办],,应用心理学,,,564,29282
1789,天津中医药大学[公办],,应用统计学,,,552,38584
1789,天津中医药大学[公办],,医学信息工程,,,558,33822
1789,天津中医药大学[公办],,制药工程,,,556,35406
1789,天津中医药大学[公办],,临床医学,,,581,18643
1789,天津中医药大学[公办],,预防医学,,,559,33069
1789,天津中医药大学[公办],,食品卫生与营养学,,,552,38584
1789,天津中医药大学[公办],,中医学类,,,566,27894
1789,天津中医药大学[公办],,中医学(中医拔尖创新人才培养模式改革9年制),,,610,6588
1789,天津中医药大学[公办],,中医学(5+3一体化),,,597,10996
1789,天津中医药大学[公办],,中医学(5+3一体化中医儿科学),,,592,13125
1789,天津中医药大学[公办],,中西医临床医学,,,583,17536
1789,天津中医药大学[公办],,药学类,,,559,33069
1789,天津中医药大学[公办],,临床药学,,,563,30033
1789,天津中医药大学[公办],,中药学类,,,560,32247
1789,天津中医药大学[公办],,中药学(拔尖学生培养基地班),,,579,19795
1789,天津中医药大学[公办],,医学技术类,,,553,37725
1789,天津中医药大学[公办],,康复治疗学,,,556,35406
1789,天津中医药大学[公办],,护理学类,,,539,49949
1789,天津中医药大学[公办],,工商管理类,,,550,40256
1789,天津中医药大学[公办],,公共管理类,,,547,42788
1789,天津中医药大学[公办],,临床药学(中外合作办学),,,534,54574
1791,天水师范学院[公办],,生物科学类,,,471,126020
1791,天水师范学院[公办],,材料成型及控制工程,,,467,130969
1791,天水师范学院[公办],,土木工程,,,471,126020
1795,通化师范学院[公办],,数学与应用数学,,,490,102500
1795,通化师范学院[公办],,计算机科学与技术,,,491,101322
1795,通化师范学院[公办],,食品科学与工程(中外合作办学),,,457,143500
1798,同济大学(上海市)[公办],,经济管理试验班,,,640,1428
1798,同济大学(上海市)[公办],,工科试验班(建筑规划景观与设计类),,,642,1242
1798,同济大学(上海市)[公办],,工科试验班(土木与环境类),,,633,2156
1798,同济大学(上海市)[公办],,工科试验班(智能化制造与先进材料类),,,641,1334
1798,同济大学(上海市)[公办],,工科试验班(信息类),,,643,1176
1798,同济大学(上海市)[公办],,工科试验班(国豪精英班),,,651,658
1798,同济大学(上海市)[公办],,技术科学试验班(智能交通与车辆类),,,635,1889
1798,同济大学(上海市)[公办],,理科试验班,,,639,1525
1799,同济大学(医学试验班)[公办],,医学试验班,,,641,1334
1799,同济大学(医学试验班)[公办],,临床医学(5+3一体化),,,644,1098
1800,同济大学(中外合作办学)[公办],,机械类(中外合作办学),,,626,3178
1806,皖江工学院(马鞍山市)[民办],,机械工程,,,453,148600
1806,皖江工学院(马鞍山市)[民办],,车辆工程,,,450,152346
1806,皖江工学院(马鞍山市)[民办],,电气工程及其自动化,,,453,148600
1806,皖江工学院(马鞍山市)[民办],,人工智能,,,451,151103
1806,皖江工学院(马鞍山市)[民办],,自动化,,,451,151103
1806,皖江工学院(马鞍山市)[民办],,计算机科学与技术,,,459,141008
1806,皖江工学院(马鞍山市)[民办],,土木工程,,,448,154772
1806,皖江工学院(马鞍山市)[民办],,给排水科学与工程,,,446,157125
1806,皖江工学院(马鞍山市)[民办],,水利水电工程,,,453,148600
1806,皖江工学院(马鞍山市)[民办],,港口航道与海岸工程,,,444,159559
1806,皖江工学院(马鞍山市)[民办],,地理空间信息工程,,,451,151103
1806,皖江工学院(马鞍山市)[民办],,交通工程,,,444,159559
1807,皖南医学院(芜湖市)[公办],,临床医学,,,539,49949
1807,皖南医学院(芜湖市)[公办],,麻醉学,,,531,57544
1807,皖南医学院(芜湖市)[公办],,医学影像学,,,527,61435
1807,皖南医学院(芜湖市)[公办],,口腔医学,,,548,41891
1807,皖南医学院(芜湖市)[公办],,药学,,,514,74839
1807,皖南医学院(芜湖市)[公办],,法医学,,,523,65475
1813,潍坊科技学院[民办],,金融工程,,,459,141008
1813,潍坊科技学院[民办],,生物技术,,,457,143500
1813,潍坊科技学院[民办],,机械设计制造及其自动化,,,458,142250
1813,潍坊科技学院[民办],,车辆工程,,,456,144801
1813,潍坊科技学院[民办],,电子信息科学与技术,,,461,138513
1813,潍坊科技学院[民办],,化学工程与工艺,,,455,146091
1813,潍坊科技学院[民办],,环境工程,,,456,144801
1813,潍坊科技学院[民办],,设施农业科学与工程,,,454,147340
1813,潍坊科技学院[民办],,工程造价,,,456,144801
1815,潍坊学院[公办],,小学教育,,,510,79317
1815,潍坊学院[公办],,物理学,,,510,79317
1815,潍坊学院[公办],,生物科学,,,510,79317
1815,潍坊学院[公办],,生物技术,,,500,90630
1815,潍坊学院[公办],,应用统计学,,,508,81575
1815,潍坊学院[公办],,机械设计制造及其自动化,,,510,79317
1815,潍坊学院[公办],,工业设计,,,506,83767
1815,潍坊学院[公办],,车辆工程,,,504,86042
1815,潍坊学院[公办],,通信工程,,,512,76936
1815,潍坊学院[公办],,自动化,,,512,76936
1815,潍坊学院[公办],,计算机科学与技术,,,526,62390
1815,潍坊学院[公办],,软件工程,,,523,65475
1815,潍坊学院[公办],,数据科学与大数据技术,,,522,66475
1815,潍坊学院[公办],,土木工程,,,512,76936
1815,潍坊学院[公办],,化学工程与工艺,,,497,94131
1815,潍坊学院[公办],,环境工程,,,492,100090
1815,潍坊学院[公办],,园林,,,500,90630
1815,潍坊学院[公办],,工程管理,,,499,91783
1815,潍坊学院[公办],,会计学,,,513,75878
1816,潍坊医学院[公办],,食品质量与安全,,,517,71732
1816,潍坊医学院[公办],,临床医学,,,549,41073
1816,潍坊医学院[公办],,麻醉学,,,548,41891
1816,潍坊医学院[公办],,医学影像学,,,544,45381
1816,潍坊医学院[公办],,预防医学,,,524,64450
1816,潍坊医学院[公办],,药学,,,524,64450
1816,潍坊医学院[公办],,医学检验技术,,,521,67552
1816,潍坊医学院[公办],,卫生检验与检疫,,,518,70669
1816,潍坊医学院[公办],,护理学,,,518,70669
1816,潍坊医学院[公办],,公共事业管理,,,504,86042
1819,温州大学[公办],,金融工程,,,552,38584
1819,温州大学[公办],,数学与应用数学(师范),,,553,37725
1819,温州大学[公办],,信息与计算科学,,,553,37725
1819,温州大学[公办],,物理学(师范),,,553,37725
1819,温州大学[公办],,化学(师范),,,558,33822
1819,温州大学[公办],,应用化学,,,544,45381
1819,温州大学[公办],,生态学,,,541,48106
1819,温州大学[公办],,应用统计学,,,559,33069
1819,温州大学[公办],,机械工程(卓工超豪示范班),,,548,41891
1819,温州大学[公办],,电气工程及其自动化,,,560,32247
1819,温州大学[公办],,电子信息科学与技术,,,560,32247
1819,温州大学[公办],,计算机科学与技术,,,564,29282
1819,温州大学[公办],,数据科学与大数据技术,,,564,29282
1819,温州大学[公办],,土木工程,,,539,49949
1819,温州大学[公办],,工业工程,,,547,42788
1820,温州肯恩大学[中外合作办学],,金融学(中外合作办学)(国际金融方向),,,521,67552
1820,温州肯恩大学[中外合作办学],,英语(中外合作办学),,,507,82620
1820,温州肯恩大学[中外合作办学],,传播学(中外合作办学),,,507,82620
1820,温州肯恩大学[中外合作办学],,数学与应用数学(中外合作办学)(数据分析方向),,,497,94131
1820,温州肯恩大学[中外合作办学],,心理学(中外合作办学),,,496,95288
1820,温州肯恩大学[中外合作办学],,计算机科学与技术(中外合作办学),,,511,78116
1820,温州肯恩大学[中外合作办学],,建筑学(中外合作办学),,,499,91783
1820,温州肯恩大学[中外合作办学],,管理科学(中外合作办学),,,500,90630
1820,温州肯恩大学[中外合作办学],,市场营销(中外合作办学)(国际方向),,,496,95288
1820,温州肯恩大学[中外合作办学],,会计学(中外合作办学)(国际会计方向),,,510,79317
1821,温州理工学院[公办],,机械类,,,507,82620
1821,温州理工学院[公办],,电子信息工程,,,517,71732
1821,温州理工学院[公办],,土木工程,,,504,86042
1823,温州医科大学[公办],,临床医学,,,597,10996
1823,温州医科大学[公办],,眼视光医学(5+3一体化),,,617,4895
1823,温州医科大学[公办],,儿科学,,,584,17032
1823,温州医科大学[公办],,口腔医学,,,593,12676
1823,温州医科大学[公办],,医学影像技术,,,573,23356
1823,温州医科大学[公办],,卫生检验与检疫,,,556,35406
1823,温州医科大学[公办],,护理学,,,529,59504
1824,文华学院[民办],,机械设计制造及其自动化,,,465,133566
1824,文华学院[民办],,智能制造工程,,,458,142250
1824,文华学院[民办],,能源与动力工程(新能源),,,461,138513
1824,文华学院[民办],,电气工程及其自动化,,,468,129759
1824,文华学院[民办],,智能电网信息工程,,,461,138513
1824,文华学院[民办],,电子信息工程(智能信息处理与应用),,,463,136058
1824,文华学院[民办],,通信工程(智能技术与5G应用),,,468,129759
1824,文华学院[民办],,光电信息科学与工程(5G通信智能光网络技术),,,464,134859
1824,文华学院[民办],,机器人工程,,,461,138513
1824,文华学院[民办],,土木工程,,,458,142250
1824,文华学院[民办],,给排水科学与工程,,,457,143500
1824,文华学院[民办],,环境工程,,,454,147340
1824,文华学院[民办],,建筑学,,,462,137255
1824,文华学院[民办],,城乡规划,,,461,138513
1831,无锡太湖学院[民办],,金融学,,,466,132235
1831,无锡太湖学院[民办],,国际经济与贸易,,,460,139765
1831,无锡太湖学院[民办],,商务英语,,,464,134859
1831,无锡太湖学院[民办],,机械工程,,,457,143500
1831,无锡太湖学院[民办],,机械电子工程,,,459,141008
1831,无锡太湖学院[民办],,自动化,,,460,139765
1831,无锡太湖学院[民办],,土木工程,,,455,146091
1831,无锡太湖学院[民办],,护理学,,,458,142250
1831,无锡太湖学院[民办],,工程管理,,,455,146091
1831,无锡太湖学院[民办],,工商管理,,,460,139765
1831,无锡太湖学院[民办],,市场营销,,,455,146091
1831,无锡太湖学院[民办],,会计学,,,468,129759
1831,无锡太湖学院[民办],,财务管理,,,465,133566
1831,无锡太湖学院[民办],,人力资源管理,,,458,142250
1831,无锡太湖学院[民办],,审计学,,,463,136058
1831,无锡太湖学院[民办],,旅游管理,,,455,146091
1832,无锡学院[公办],,大气科学,,,527,61435
1832,无锡学院[公办],,车辆工程,,,512,76936
1832,无锡学院[公办],,电气工程及其自动化,,,519,69642
1832,无锡学院[公办],,电子信息工程,,,521,67552
1832,无锡学院[公办],,电子科学与技术,,,516,72762
1832,无锡学院[公办],,通信工程,,,522,66475
1832,无锡学院[公办],,微电子科学与工程,,,517,71732
1832,无锡学院[公办],,光电信息科学与工程,,,515,73836
1832,无锡学院[公办],,人工智能,,,519,69642
1832,无锡学院[公办],,自动化,,,517,71732
1832,无锡学院[公办],,轨道交通信号与控制,,,509,80441
1832,无锡学院[公办],,机器人工程,,,517,71732
1832,无锡学院[公办],,计算机科学与技术,,,524,64450
1832,无锡学院[公办],,软件工程,,,528,60450
1832,无锡学院[公办],,信息安全,,,521,67552
1832,无锡学院[公办],,物联网工程,,,524,64450
1832,无锡学院[公办],,数据科学与大数据技术,,,522,66475
1832,无锡学院[公办],,环境科学与工程,,,507,82620
1835,梧州学院[公办],,数学与应用数学,,,484,109959
1835,梧州学院[公办],,机械设计制造及其自动化,,,482,112324
1835,梧州学院[公办],,电子信息工程,,,485,108714
1835,梧州学院[公办],,财务管理,,,483,111133
1837,五邑大学(江门市)[公办],,汉语言文学,,,533,55500
1837,五邑大学(江门市)[公办],,电子信息工程,,,527,61435
1837,五邑大学(江门市)[公办],,通信工程,,,525,63402
1837,五邑大学(江门市)[公办],,交通工程,,,509,80441
1837,五邑大学(江门市)[公办],,食品科学与工程,,,508,81575
1838,武昌工学院[民办],,电气工程及其自动化,,,455,146091
1838,武昌工学院[民办],,电子信息工程,,,457,143500
1838,武昌工学院[民办],,计算机科学与技术,,,458,142250
1838,武昌工学院[民办],,土木工程,,,449,153606
1838,武昌工学院[民办],,大数据管理与应用,,,455,146091
1838,武昌工学院[民办],,会计学(注册会计师方向),,,460,139765
1839,武昌理工学院[民办],,软件工程(科大讯飞精英班),,,454,147340
1839,武昌理工学院[民办],,智能科学与技术(科大讯飞精英班),,,454,147340
1839,武昌理工学院[民办],,数据科学与大数据技术(科大讯飞精英班),,,457,143500
1840,武昌首义学院[民办],,机械设计制造及其自动化(智能制造方向),,,467,130969
1840,武昌首义学院[民办],,机械电子工程,,,463,136058
1840,武昌首义学院[民办],,通信工程(5G特色班),,,465,133566
1840,武昌首义学院[民办],,计算机科学与技术,,,484,109959
1840,武昌首义学院[民办],,计算机科学与技术(华为云特色班),,,483,111133
1840,武昌首义学院[民办],,软件工程,,,473,123482
1840,武昌首义学院[民办],,软件工程(华为云特色班),,,477,118522
1840,武昌首义学院[民办],,物联网工程,,,473,123482
1840,武昌首义学院[民办],,物联网工程(腾讯云精英班),,,477,118522
1840,武昌首义学院[民办],,土木工程,,,465,133566
1840,武昌首义学院[民办],,给排水科学与工程,,,465,133566
1842,武汉城市学院[民办],,机械设计制造及其自动化,,,476,119752
1842,武汉城市学院[民办],,计算机科学与技术,,,488,104962
1842,武汉城市学院[民办],,土木工程,,,470,127253
1842,武汉城市学院[民办],,护理学,,,467,130969
1842,武汉城市学院[民办],,工程造价,,,464,134859
1842,武汉城市学院[民办],,工商管理,,,466,132235
1842,武汉城市学院[民办],,会计学,,,474,122219
1846,武汉大学[公办],,工科试验班(A电气类卓越工程师培养计划),,,640,1428
1846,武汉大学[公办],,工科试验班(A智慧水电试验班),,,634,2024
1846,武汉大学[公办],,工科试验班(A土木类拔尖创新人才计划),,,632,2283
1846,武汉大学[公办],,工科试验班(B含卓越工程师教育培养计划),,,638,1604
1846,武汉大学[公办],,工科试验班(弘毅学堂),,,647,886
1846,武汉大学[公办],,理科试验班(弘毅学堂),,,648,837
1846,武汉大学[公办],,理科试验班(空间信息与资源环境类),,,631,2418
1846,武汉大学[公办],,金融学类(弘毅学堂数理经济与数理金融试验班),,,648,837
1846,武汉大学[公办],,数学类(含数学国家拔尖学生培养基地),,,641,1334
1846,武汉大学[公办],,物理学类(含物理学国家拔尖学生培养基地),,,637,1689
1846,武汉大学[公办],,化学类(含化学国家拔尖学生培养基地),,,638,1604
1846,武汉大学[公办],,生物科学类(含生物国家拔尖学生培养基地),,,638,1604
1846,武汉大学[公办],,电子信息类(含卓越工程师教育培养计划),,,639,1525
1846,武汉大学[公办],,计算机类(国家网络安全学院),,,641,1334
1846,武汉大学[公办],,计算机类(计算机学院),,,645,1016
1846,武汉大学[公办],,测绘类(含卓越工程师教育培养计划),,,633,2156
1846,武汉大学[公办],,遥感科学与技术,,,638,1604
1846,武汉大学[公办],,建筑类(含卓越工程师教育培养计划),,,632,2283
1846,武汉大学[公办],,临床医学(八年制),,,648,837
1846,武汉大学[公办],,临床医学(五加三一体化),,,639,1525
1846,武汉大学[公办],,口腔医学(五加三一体化),,,644,1098
1846,武汉大学[公办],,信息管理与信息系统,,,634,2024
1846,武汉大学[公办],,工商管理类,,,631,2418
1850,武汉纺织大学[公办],,国际经济与贸易,,,532,56540
1850,武汉纺织大学[公办],,化学类,,,524,64450
1850,武汉纺织大学[公办],,材料类,,,524,64450
1850,武汉纺织大学[公办],,微电子科学与工程,,,537,51825
1850,武汉纺织大学[公办],,计算机类,,,549,41073
1850,武汉纺织大学[公办],,纺织类,,,510,79317
1850,武汉纺织大学[公办],,化妆品技术与工程,,,519,69642
1850,武汉纺织大学[公办],,环境科学与工程类,,,519,69642
1850,武汉纺织大学[公办],,工商管理类,,,543,46278
1850,武汉纺织大学[公办],,物流管理,,,539,49949
1851,武汉纺织大学外经贸学院[独立学院],,计算机科学与技术,,,459,141008
1851,武汉纺织大学外经贸学院[独立学院],,市场营销,,,458,142250
1851,武汉纺织大学外经贸学院[独立学院],,会计学(注册会计师),,,462,137255
1852,武汉工程大学[公办],,法学类,,,567,27220
1852,武汉工程大学[公办],,信息与计算科学,,,565,28568
1852,武汉工程大学[公办],,机械工程(特种设备计算机辅助虚拟设计方向),,,563,30033
1852,武汉工程大学[公办],,机械电子工程(半导体芯片方向),,,561,31495
1852,武汉工程大学[公办],,过程装备与控制工程(含智能装备与控制、新能源装备方向),,,558,33822
1852,武汉工程大学[公办],,测控技术与仪器(智能传感器及智能化工程方向),,,556,35406
1852,武汉工程大学[公办],,材料类,,,553,37725
1852,武汉工程大学[公办],,材料物理(半导体芯片制造方向),,,559,33069
1852,武汉工程大学[公办],,新能源材料与器件(光电与智能材料方向),,,560,32247
1852,武汉工程大学[公办],,电气工程及其自动化,,,567,27220
1852,武汉工程大学[公办],,电子信息工程(含集成电路设计、模式识别与智能系统方向),,,569,25895
1852,武汉工程大学[公办],,通信工程(融合通信与智慧互联方向),,,565,28568
1852,武汉工程大学[公办],,光电信息科学与工程(含微电子、光器件方向),,,562,30764
1852,武汉工程大学[公办],,信息工程(含智能信息处理、信息系统工程方向),,,565,28568
1852,武汉工程大学[公办],,人工智能,,,565,28568
1852,武汉工程大学[公办],,人工智能(深度学习方向特色班),,,565,28568
1852,武汉工程大学[公办],,自动化(含智能机器人、智能控制与技术方向),,,564,29282
1852,武汉工程大学[公办],,机器人工程,,,563,30033
1852,武汉工程大学[公办],,计算机类,,,571,24634
1852,武汉工程大学[公办],,软件工程,,,569,25895
1852,武汉工程大学[公办],,数据科学与大数据技术,,,568,26529
1852,武汉工程大学[公办],,土木工程(含建筑工程、道桥工程、地下工程方向),,,552,38584
1852,武汉工程大学[公办],,化学工程与工艺(智能化工、精细化学品、电子化学品材料方向),,,557,34586
1852,武汉工程大学[公办],,制药工程,,,561,31495
1852,武汉工程大学[公办],,建筑类,,,560,32247
1852,武汉工程大学[公办],,工商管理(数智化人才管理方向),,,560,32247
1852,武汉工程大学[公办],,会计学(含大数据会计、智能财务方向),,,567,27220
1852,武汉工程大学[公办],,会计学(辅修英语专业双学位),,,568,26529
1852,武汉工程大学[公办],,化学工程与工艺(中外合作办学),,,525,63402
1853,武汉工程大学邮电与信息工程学院[独立学院],,材料成型及控制工程(塑料成型及模具设计方向),,,455,146091
1853,武汉工程大学邮电与信息工程学院[独立学院],,过程装备与控制工程(数字化制造方向),,,458,142250
1853,武汉工程大学邮电与信息工程学院[独立学院],,自动化(AI方向),,,465,133566
1853,武汉工程大学邮电与信息工程学院[独立学院],,计算机科学与技术,,,475,120971
1853,武汉工程大学邮电与信息工程学院[独立学院],,化学工程与工艺(精化方向),,,456,144801
1857,武汉华夏理工学院[民办],,机械类,,,459,141008
1857,武汉华夏理工学院[民办],,电子信息工程(智能信息处理与应用方向),,,461,138513
1857,武汉华夏理工学院[民办],,电子商务,,,457,143500
1860,武汉科技大学[公办],,经济与贸易类,,,567,27220
1860,武汉科技大学[公办],,外国语言文学类,,,568,26529
1860,武汉科技大学[公办],,机械类,,,569,25895
1860,武汉科技大学[公办],,材料类,,,560,32247
1860,武汉科技大学[公办],,自动化类,,,575,22143
1860,武汉科技大学[公办],,计算机类,,,581,18643
1860,武汉科技大学[公办],,土木类,,,570,25269
1860,武汉科技大学[公办],,工商管理类,,,570,25269
1861,武汉理工大学[公办],,经济学类,,,600,9823
1861,武汉理工大学[公办],,数学类,,,599,10212
1861,武汉理工大学[公办],,地理信息科学,,,591,13583
1861,武汉理工大学[公办],,机械类(车辆),,,597,10996
1861,武汉理工大学[公办],,机械类(智能制造),,,598,10589
1861,武汉理工大学[公办],,机械工程(智能制造本硕实验班),,,603,8730
1861,武汉理工大学[公办],,机械设计制造及其自动化,,,600,9823
1861,武汉理工大学[公办],,材料类,,,594,12236
1861,武汉理工大学[公办],,能源动力类,,,596,11399
1861,武汉理工大学[公办],,电子信息类,,,606,7785
1861,武汉理工大学[公办],,电子信息类(微电子本硕实验班),,,607,7470
1861,武汉理工大学[公办],,自动化类,,,603,8730
1861,武汉理工大学[公办],,计算机类,,,608,7171
1861,武汉理工大学[公办],,土木类,,,590,14004
1861,武汉理工大学[公办],,导航工程,,,596,11399
1861,武汉理工大学[公办],,化工与制药类(含生物方向),,,586,15960
1861,武汉理工大学[公办],,交通运输类,,,597,10996
1861,武汉理工大学[公办],,交通运输类(本硕实验班),,,601,9445
1861,武汉理工大学[公办],,海洋工程类,,,585,16469
1861,武汉理工大学[公办],,环境科学与工程类,,,588,14950
1861,武汉理工大学[公办],,建筑类,,,596,11399
1861,武汉理工大学[公办],,管理科学与工程类(大数据管理与安全科学),,,598,10589
1861,武汉理工大学[公办],,信息管理与信息系统,,,600,9823
1861,武汉理工大学[公办],,工商管理类,,,596,11399
1861,武汉理工大学[公办],,金融学(中外合作办学),,,585,16469
1861,武汉理工大学[公办],,生物科学类(中外合作办学),,,564,29282
1861,武汉理工大学[公办],,车辆工程(中外合作办学),,,575,22143
1864,武汉轻工大学[公办],,信息与计算科学,,,547,42788
1864,武汉轻工大学[公办],,生物技术(酶学及基因检测方向),,,535,53694
1864,武汉轻工大学[公办],,机械类,,,543,46278
1864,武汉轻工大学[公办],,材料化学(先进材料方向),,,529,59504
1864,武汉轻工大学[公办],,电子信息类,,,546,43628
1864,武汉轻工大学[公办],,计算机类,,,550,40256
1864,武汉轻工大学[公办],,土木类,,,536,52757
1864,武汉轻工大学[公办],,化学工程与工艺(国家级特色专业、工程教育认证专业),,,538,50883
1864,武汉轻工大学[公办],,制药工程(绿色智能制药方向),,,536,52757
1864,武汉轻工大学[公办],,食品科学与工程类,,,534,54574
1864,武汉轻工大学[公办],,建筑学,,,535,53694
1864,武汉轻工大学[公办],,生物工程类,,,536,52757
1865,武汉晴川学院[民办],,电气工程及其自动化,,,461,138513
1865,武汉晴川学院[民办],,计算机科学与技术,,,467,130969
1865,武汉晴川学院[民办],,物联网工程,,,464,134859
1868,武汉商学院[公办],,机器人工程,,,510,79317
1868,武汉商学院[公办],,软件工程,,,517,71732
1868,武汉商学院[公办],,物联网工程,,,515,73836
1868,武汉商学院[公办],,数据科学与大数据技术,,,515,73836
1868,武汉商学院[公办],,建筑环境与能源应用工程,,,499,91783
1870,武汉生物工程学院[民办],,生物技术,,,466,132235
1870,武汉生物工程学院[民办],,机械设计制造及其自动化,,,468,129759
1870,武汉生物工程学院[民办],,计算机科学与技术,,,477,118522
1870,武汉生物工程学院[民办],,制药工程,,,469,128494
1870,武汉生物工程学院[民办],,生物工程,,,467,130969
1870,武汉生物工程学院[民办],,医学检验技术,,,466,132235
1872,武汉体育学院体育科技学院[独立学院],,经济学,,,456,144801
1872,武汉体育学院体育科技学院[独立学院],,网络与新媒体,,,463,136058
1876,武汉文理学院[民办],,金融学,,,460,139765
1876,武汉文理学院[民办],,投资学,,,451,151103
1876,武汉文理学院[民办],,法学,,,469,128494
1876,武汉文理学院[民办],,学前教育,,,460,139765
1876,武汉文理学院[民办],,小学教育,,,464,134859
1876,武汉文理学院[民办],,外国语言文学类,,,459,141008
1876,武汉文理学院[民办],,新闻传播学类,,,463,136058
1876,武汉文理学院[民办],,应用心理学,,,464,134859
1876,武汉文理学院[民办],,计算机科学与技术(企业应用开发),,,471,126020
1876,武汉文理学院[民办],,数据科学与大数据技术(大数据开发),,,462,137255
1876,武汉文理学院[民办],,医学影像技术,,,463,136058
1876,武汉文理学院[民办],,口腔医学技术,,,461,138513
1876,武汉文理学院[民办],,护理学,,,462,137255
1877,武汉学院[民办],,财政学类,,,471,126020
1877,武汉学院[民办],,金融学类,,,470,127253
1877,武汉学院[民办],,法学,,,479,116040
1877,武汉学院[民办],,英语,,,468,129759
1877,武汉学院[民办],,物联网工程,,,472,124770
1877,武汉学院[民办],,管理科学与工程类,,,464,134859
1877,武汉学院[民办],,会计学,,,473,123482
1881,武夷学院(武夷山市)[公办],,机械设计制造及其自动化,,,500,90630
1881,武夷学院(武夷山市)[公办],,电子信息工程,,,513,75878
1881,武夷学院(武夷山市)[公办],,通信工程,,,498,92962
1881,武夷学院(武夷山市)[公办],,微电子科学与工程,,,497,94131
1881,武夷学院(武夷山市)[公办],,计算机科学与技术,,,513,75878
1881,武夷学院(武夷山市)[公办],,土木工程,,,496,95288
1881,武夷学院(武夷山市)[公办],,化学工程与工艺,,,501,89173
1881,武夷学院(武夷山市)[公办],,食品科学与工程,,,494,97686
1881,武夷学院(武夷山市)[公办],,茶学,,,493,98867
1881,武夷学院(武夷山市)[公办],,工程造价,,,495,96518
1882,西安财经大学[公办],,金融学,,,560,32247
1882,西安财经大学[公办],,贸易经济,,,556,35406
1882,西安财经大学[公办],,统计学,,,556,35406
1882,西安财经大学[公办],,计算机科学与技术,,,553,37725
1882,西安财经大学[公办],,软件工程,,,551,40256
1882,西安财经大学[公办],,信息管理与信息系统,,,550,40256
1882,西安财经大学[公办],,工程造价,,,547,42788
1882,西安财经大学[公办],,物流管理,,,543,46278
1882,西安财经大学[公办],,金融学(中外合作办学),,,518,70669
1886,西安电子科技大学[公办],,电子信息类,,,615,5323
1886,西安电子科技大学[公办],,自动化类(智能制造及智能测控),,,613,5819
1886,西安电子科技大学[公办],,计算机类,,,614,5569
1886,西安电子科技大学[公办],,电子信息工程(中外合作办学),,,584,17032
1886,西安电子科技大学[公办],,通信工程(中外合作办学),,,589,14462
1886,西安电子科技大学[公办],,大数据管理与应用(中外合作办学),,,581,18643
1890,西安工程大学[公办],,金融工程,,,551,40256
1890,西安工程大学[公办],,数学类,,,551,40256
1890,西安工程大学[公办],,应用物理学,,,547,42788
1890,西安工程大学[公办],,应用化学,,,541,48106
1890,西安工程大学[公办],,统计学,,,551,40256
1890,西安工程大学[公办],,材料成型及控制工程,,,544,45381
1890,西安工程大学[公办],,工业设计,,,549,41073
1890,西安工程大学[公办],,智能制造工程,,,553,37725
1890,西安工程大学[公办],,电气工程及其自动化,,,558,33822
1890,西安工程大学[公办],,电子信息类,,,558,33822
1890,西安工程大学[公办],,微电子科学与工程,,,556,35406
1890,西安工程大学[公办],,人工智能,,,557,34586
1890,西安工程大学[公办],,自动化,,,556,35406
1890,西安工程大学[公办],,机器人工程,,,559,33069
1890,西安工程大学[公办],,计算机类,,,561,31495
1890,西安工程大学[公办],,土木类,,,544,45381
1890,西安工程大学[公办],,化学工程与工艺,,,538,50883
1890,西安工程大学[公办],,纺织类,,,504,86042
1890,西安工程大学[公办],,纺织工程,,,514,74839
1890,西安工程大学[公办],,服装设计与工程,,,532,56540
1890,西安工程大学[公办],,轻化工程,,,541,48106
1890,西安工程大学[公办],,环境工程,,,534,54574
1890,西安工程大学[公办],,风景园林,,,539,49949
1890,西安工程大学[公办],,生物工程,,,546,43628
1890,西安工程大学[公办],,大数据管理与应用,,,556,35406
1890,西安工程大学[公办],,工商管理,,,544,45381
1890,西安工程大学[公办],,会计学,,,555,36191
1890,西安工程大学[公办],,行政管理,,,544,45381
1891,西安工商学院[民办],,电气工程及其自动化,,,458,142250
1891,西安工商学院[民办],,通信工程,,,454,147340
1891,西安工商学院[民办],,大数据管理与应用,,,453,148600
1892,西安工业大学[公办],,数学与应用数学,,,562,30764
1892,西安工业大学[公办],,信息与计算科学,,,565,28568
1892,西安工业大学[公办],,应用物理学,,,556,35406
1892,西安工业大学[公办],,机械电子工程,,,565,28568
1892,西安工业大学[公办],,智能制造工程,,,566,27894
1892,西安工业大学[公办],,测控技术与仪器,,,561,31495
1892,西安工业大学[公办],,材料类,,,546,43628
1892,西安工业大学[公办],,光电信息科学与工程,,,566,27894
1892,西安工业大学[公办],,自动化,,,576,21536
1892,西安工业大学[公办],,机器人工程,,,565,28568
1892,西安工业大学[公办],,计算机科学与技术,,,575,22143
1892,西安工业大学[公办],,智能科学与技术,,,568,26529
1892,西安工业大学[公办],,数据科学与大数据技术,,,571,24634
1892,西安工业大学[公办],,土木工程,,,553,37725
1892,西安工业大学[公办],,武器系统与工程,,,565,28568
1892,西安工业大学[公办],,信息对抗技术,,,563,30033
1892,西安工业大学[公办],,生物医学工程,,,557,34586
1892,西安工业大学[公办],,工商管理类,,,558,33822
1892,西安工业大学[公办],,工业工程,,,555,36191
1894,西安航空学院[公办],,材料成型及控制工程,,,511,78116
1894,西安航空学院[公办],,电子信息工程,,,528,60450
1894,西安航空学院[公办],,光电信息科学与工程,,,521,67552
1894,西安航空学院[公办],,飞行器制造工程,,,520,68611
1896,西安建筑科技大学[公办],,数学与应用数学,,,561,31495
1896,西安建筑科技大学[公办],,工程力学,,,556,35406
1896,西安建筑科技大学[公办],,机械类,,,565,28568
1896,西安建筑科技大学[公办],,材料成型及控制工程,,,552,38584
1896,西安建筑科技大学[公办],,材料类,,,549,41073
1896,西安建筑科技大学[公办],,冶金工程,,,534,54574
1896,西安建筑科技大学[公办],,金属材料工程,,,556,35406
1896,西安建筑科技大学[公办],,新能源材料与器件,,,558,33822
1896,西安建筑科技大学[公办],,电气工程及其自动化,,,568,26529
1896,西安建筑科技大学[公办],,通信工程,,,565,28568
1896,西安建筑科技大学[公办],,光电信息科学与工程,,,562,30764
1896,西安建筑科技大学[公办],,人工智能,,,569,25895
1896,西安建筑科技大学[公办],,自动化,,,567,27220
1896,西安建筑科技大学[公办],,计算机科学与技术,,,576,21536
1896,西安建筑科技大学[公办],,数据科学与大数据技术,,,567,27220
1896,西安建筑科技大学[公办],,土木工程,,,568,26529
1896,西安建筑科技大学[公办],,建筑环境与能源应用工程,,,561,31495
1896,西安建筑科技大学[公办],,给排水科学与工程,,,556,35406
1896,西安建筑科技大学[公办],,建筑电气与智能化,,,565,28568
1896,西安建筑科技大学[公办],,城市地下空间工程,,,560,32247
1896,西安建筑科技大学[公办],,化工与制药类,,,550,40256
1896,西安建筑科技大学[公办],,矿业类,,,525,63402
1896,西安建筑科技大学[公办],,交通运输,,,560,32247
1896,西安建筑科技大学[公办],,环境工程,,,560,32247
1896,西安建筑科技大学[公办],,建筑学,,,591,13583
1896,西安建筑科技大学[公办],,城乡规划,,,575,22143
1896,西安建筑科技大学[公办],,风景园林,,,574,22729
1896,西安建筑科技大学[公办],,历史建筑保护工程,,,564,29282
1896,西安建筑科技大学[公办],,城市设计,,,563,30033
1896,西安建筑科技大学[公办],,安全工程,,,556,35406
1896,西安建筑科技大学[公办],,大数据管理与应用,,,564,29282
1896,西安建筑科技大学[公办],,会计学,,,567,27220
1896,西安建筑科技大学[公办],,计算机科学与技术(中外合作办学),,,544,45381
1896,西安建筑科技大学[公办],,土木工程(中外合作办学),,,534,54574
1896,西安建筑科技大学[公办],,建筑电气与智能化(中外合作办学),,,538,50883
1896,西安建筑科技大学[公办],,工程管理(中外合作办学),,,527,61435
1897,西安建筑科技大学华清学院[独立学院],,机械类,,,458,142250
1897,西安建筑科技大学华清学院[独立学院],,材料科学与工程,,,457,143500
1897,西安建筑科技大学华清学院[独立学院],,电气工程及其自动化,,,464,134859
1897,西安建筑科技大学华清学院[独立学院],,土木工程,,,461,138513
1897,西安建筑科技大学华清学院[独立学院],,建筑环境与能源应用工程,,,464,134859
1897,西安建筑科技大学华清学院[独立学院],,给排水科学与工程,,,457,143500
1897,西安建筑科技大学华清学院[独立学院],,建筑学,,,472,124770
1897,西安建筑科技大学华清学院[独立学院],,风景园林,,,467,130969
1897,西安建筑科技大学华清学院[独立学院],,安全工程,,,454,147340
1897,西安建筑科技大学华清学院[独立学院],,工程管理,,,457,143500
1898,西安交通大学[公办],,工科试验班(智能电气专业预选),,,648,837
1898,西安交通大学[公办],,工科试验班(智能技术与自动化专业预选),,,648,837
1898,西安交通大学[公办],,工科试验班(智慧能源专业预选),,,644,1098
1898,西安交通大学[公办],,工科试验班(智能制造专业预选),,,641,1334
1898,西安交通大学[公办],,工科试验班(智能电气与信息类),,,640,1428
1898,西安交通大学[公办],,工科试验班(智慧能源与智能制造类),,,633,2156
1898,西安交通大学[公办],,工科试验班(经管类),,,635,1889
1898,西安交通大学[公办],,理科试验班,,,638,1604
1898,西安交通大学[公办],,数学与应用数学(国家拔尖计划),,,646,949
1898,西安交通大学[公办],,物理学(国家拔尖计划),,,642,1242
1898,西安交通大学[公办],,能源与动力工程(钱学森班本硕博),,,648,837
1898,西安交通大学[公办],,电气工程及其自动化(钱学森班本硕博),,,654,513
1898,西安交通大学[公办],,人工智能(新工科卓越计划),,,649,764
1898,西安交通大学[公办],,临床医学(侯宗濂班本博),,,643,1176
1899,西安交通大学城市学院[独立学院],,经济学类,,,466,132235
1899,西安交通大学城市学院[独立学院],,国际经济与贸易,,,464,134859
1899,西安交通大学城市学院[独立学院],,外国语言文学类,,,464,134859
1899,西安交通大学城市学院[独立学院],,网络与新媒体,,,468,129759
1899,西安交通大学城市学院[独立学院],,机械设计制造及其自动化,,,467,130969
1899,西安交通大学城市学院[独立学院],,能源与动力工程,,,465,133566
1899,西安交通大学城市学院[独立学院],,电气工程及其自动化,,,470,127253
1899,西安交通大学城市学院[独立学院],,电子信息工程,,,482,112324
1899,西安交通大学城市学院[独立学院],,通信工程,,,481,113547
1899,西安交通大学城市学院[独立学院],,自动化,,,469,128494
1899,西安交通大学城市学院[独立学院],,机器人工程,,,466,132235
1899,西安交通大学城市学院[独立学院],,计算机科学与技术,,,485,108714
1899,西安交通大学城市学院[独立学院],,软件工程,,,475,120971
1899,西安交通大学城市学院[独立学院],,网络工程,,,471,126020
1899,西安交通大学城市学院[独立学院],,物联网工程,,,471,126020
1899,西安交通大学城市学院[独立学院],,土木工程,,,462,137255
1899,西安交通大学城市学院[独立学院],,建筑环境与能源应用工程,,,458,142250
1899,西安交通大学城市学院[独立学院],,工商管理,,,462,137255
1899,西安交通大学城市学院[独立学院],,市场营销,,,464,134859
1899,西安交通大学城市学院[独立学院],,会计学,,,472,124770
1899,西安交通大学城市学院[独立学院],,财务管理,,,468,129759
1899,西安交通大学城市学院[独立学院],,人力资源管理,,,465,133566
1901,西安交通大学(中外合作办学)[公办],,工业设计(中外合作办学),,,592,13125
1901,西安交通大学(中外合作办学)[公办],,建筑学(中外合作办学),,,588,14950
1902,西安交通工程学院[民办],,电子信息工程,,,461,138513
1902,西安交通工程学院[民办],,轨道交通信号与控制,,,457,143500
1902,西安交通工程学院[民办],,物联网工程,,,459,141008
1903,西安科技大学[公办],,数学与应用数学,,,568,26529
1903,西安科技大学[公办],,应用化学,,,562,30764
1903,西安科技大学[公办],,自然地理与资源环境,,,552,38584
1903,西安科技大学[公办],,地理信息科学,,,561,31495
1903,西安科技大学[公办],,工程力学,,,542,47194
1903,西安科技大学[公办],,机械设计制造及其自动化,,,570,25269
1903,西安科技大学[公办],,智能制造工程,,,566,27894
1903,西安科技大学[公办],,材料科学与工程,,,553,37725
1903,西安科技大学[公办],,无机非金属材料工程,,,553,37725
1903,西安科技大学[公办],,高分子材料与工程,,,550,40256
1903,西安科技大学[公办],,电气工程及其自动化,,,574,22729
1903,西安科技大学[公办],,电子信息工程,,,574,22729
1903,西安科技大学[公办],,电子科学与技术,,,572,23984
1903,西安科技大学[公办],,自动化,,,572,23984
1903,西安科技大学[公办],,计算机科学与技术,,,578,20380
1903,西安科技大学[公办],,软件工程,,,577,20936
1903,西安科技大学[公办],,物联网工程,,,569,25895
1903,西安科技大学[公办],,数据科学与大数据技术,,,572,23984
1903,西安科技大学[公办],,土木工程,,,558,33822
1903,西安科技大学[公办],,建筑环境与能源应用工程,,,552,38584
1903,西安科技大学[公办],,测绘工程,,,562,30764
1903,西安科技大学[公办],,能源化学工程,,,559,33069
1903,西安科技大学[公办],,地质工程,,,553,37725
1903,西安科技大学[公办],,资源勘查工程,,,540,49002
1903,西安科技大学[公办],,采矿工程,,,532,56540
1903,西安科技大学[公办],,矿物加工工程,,,541,48106
1903,西安科技大学[公办],,环境工程,,,553,37725
1903,西安科技大学[公办],,建筑学,,,563,30033
1903,西安科技大学[公办],,城乡规划,,,559,33069
1903,西安科技大学[公办],,安全工程,,,560,32247
1903,西安科技大学[公办],,应急技术与管理,,,554,36948
1903,西安科技大学[公办],,消防工程,,,517,71732
1903,西安科技大学[公办],,信息管理与信息系统,,,564,29282
1903,西安科技大学[公办],,工程管理,,,563,30033
1903,西安科技大学[公办],,土木工程(中外合作办学),,,521,67552
1904,西安科技大学高新学院[独立学院],,能源与动力工程,,,457,143500
1904,西安科技大学高新学院[独立学院],,计算机科学与技术,,,463,136058
1904,西安科技大学高新学院[独立学院],,软件工程,,,461,138513
1904,西安科技大学高新学院[独立学院],,建筑学,,,457,143500
1904,西安科技大学高新学院[独立学院],,大数据管理与应用,,,459,141008
1905,西安理工大学[公办],,信息与计算科学,,,573,23356
1905,西安理工大学[公办],,应用物理学,,,567,27220
1905,西安理工大学[公办],,工程力学,,,562,30764
1905,西安理工大学[公办],,机械设计制造及其自动化,,,574,22729
1905,西安理工大学[公办],,材料成型及控制工程,,,560,32247
1905,西安理工大学[公办],,车辆工程,,,566,27894
1905,西安理工大学[公办],,智能制造工程,,,570,25269
1905,西安理工大学[公办],,测控技术与仪器,,,569,25895
1905,西安理工大学[公办],,材料物理,,,552,38584
1905,西安理工大学[公办],,材料化学,,,563,30033
1905,西安理工大学[公办],,电气类,,,575,22143
1905,西安理工大学[公办],,电子科学与技术,,,578,20380
1905,西安理工大学[公办],,通信工程,,,574,22729
1905,西安理工大学[公办],,微电子科学与工程,,,576,21536
1905,西安理工大学[公办],,集成电路设计与集成系统,,,574,22729
1905,西安理工大学[公办],,自动化类,,,578,20380
1905,西安理工大学[公办],,计算机科学与技术,,,580,19205
1905,西安理工大学[公办],,软件工程,,,579,19795
1905,西安理工大学[公办],,数据科学与大数据技术,,,575,22143
1905,西安理工大学[公办],,土木工程,,,565,28568
1905,西安理工大学[公办],,水利水电工程,,,570,25269
1905,西安理工大学[公办],,环境工程,,,561,31495
1905,西安理工大学[公办],,建筑学,,,566,27894
1905,西安理工大学[公办],,工程管理,,,565,28568
1905,西安理工大学[公办],,会计学,,,575,22143
1905,西安理工大学[公办],,机械设计制造及其自动化(中外合作办学),,,542,47194
1905,西安理工大学[公办],,电子科学与技术(中外合作办学),,,550,40256
1905,西安理工大学[公办],,计算机科学与技术(中外合作办学),,,547,42788
1905,西安理工大学[公办],,土木工程(中外合作办学),,,520,68611
1907,西安明德理工学院(西安市)[民办],,通信工程,,,456,144801
1907,西安明德理工学院(西安市)[民办],,人工智能,,,455,146091
1907,西安明德理工学院(西安市)[民办],,机器人工程,,,452,149859
1907,西安明德理工学院(西安市)[民办],,计算机科学与技术,,,462,137255
1907,西安明德理工学院(西安市)[民办],,软件工程,,,460,139765
1907,西安明德理工学院(西安市)[民办],,数据科学与大数据技术,,,458,142250
1908,西安欧亚学院[民办],,小学教育,,,459,141008
1908,西安欧亚学院[民办],,数字出版,,,451,151103
1908,西安欧亚学院[民办],,通信工程,,,456,144801
1908,西安欧亚学院[民办],,物联网工程,,,457,143500
1908,西安欧亚学院[民办],,土木工程,,,446,157125
1908,西安欧亚学院[民办],,智能建造,,,453,148600
1908,西安欧亚学院[民办],,工程管理,,,451,151103
1908,西安欧亚学院[民办],,房地产开发与管理,,,442,162050
1908,西安欧亚学院[民办],,工程造价,,,462,137255
1908,西安欧亚学院[民办],,软件工程(中外合作办学),,,430,177075
1909,西安培华学院[民办],,电子信息工程,,,473,123482
1909,西安培华学院[民办],,通信工程,,,462,137255
1909,西安培华学院[民办],,计算机科学与技术,,,479,116040
1909,西安培华学院[民办],,软件工程,,,475,120971
1909,西安培华学院[民办],,数据科学与大数据技术,,,464,134859
1909,西安培华学院[民办],,建筑学,,,457,143500
1909,西安培华学院[民办],,医学检验技术,,,494,97686
1909,西安培华学院[民办],,市场营销,,,455,146091
1909,西安培华学院[民办],,电子商务,,,459,141008
1910,西安汽车职业大学[民办],,人工智能工程技术,,,455,146091
1911,西安石油大学[公办],,金融学,,,550,40256
1911,西安石油大学[公办],,信息与计算科学,,,557,34586
1911,西安石油大学[公办],,数据计算及应用,,,554,36948
1911,西安石油大学[公办],,应用物理学,,,544,45381
1911,西安石油大学[公办],,地质学,,,537,51825
1911,西安石油大学[公办],,地球信息科学与技术,,,550,40256
1911,西安石油大学[公办],,机械设计制造及其自动化,,,556,35406
1911,西安石油大学[公办],,材料成型及控制工程,,,543,46278
1911,西安石油大学[公办],,机械电子工程,,,558,33822
1911,西安石油大学[公办],,工业设计,,,552,38584
1911,西安石油大学[公办],,过程装备与控制工程,,,543,46278
1911,西安石油大学[公办],,测控技术与仪器,,,551,40256
1911,西安石油大学[公办],,材料类,,,535,53694
1911,西安石油大学[公办],,焊接技术与工程,,,536,52757
1911,西安石油大学[公办],,新能源材料与器件,,,551,40256
1911,西安石油大学[公办],,能源与动力工程,,,551,40256
1911,西安石油大学[公办],,新能源科学与工程,,,554,36948
1911,西安石油大学[公办],,电气工程及其自动化,,,558,33822
1911,西安石油大学[公办],,电子信息工程,,,559,33069
1911,西安石油大学[公办],,光电信息科学与工程,,,555,36191
1911,西安石油大学[公办],,人工智能,,,558,33822
1911,西安石油大学[公办],,自动化,,,556,35406
1911,西安石油大学[公办],,计算机类,,,561,31495
1911,西安石油大学[公办],,数据科学与大数据技术,,,559,33069
1911,西安石油大学[公办],,土木工程,,,550,40256
1911,西安石油大学[公办],,化学工程与工艺,,,546,43628
1911,西安石油大学[公办],,能源化学工程,,,542,47194
1911,西安石油大学[公办],,地质工程,,,538,50883
1911,西安石油大学[公办],,勘查技术与工程,,,540,49002
1911,西安石油大学[公办],,资源勘查工程,,,545,44494
1911,西安石油大学[公办],,石油工程,,,552,38584
1911,西安石油大学[公办],,石油工程,,,554,36948
1911,西安石油大学[公办],,油气储运工程,,,551,40256
1911,西安石油大学[公办],,海洋油气工程,,,542,47194
1911,西安石油大学[公办],,环境工程,,,540,49002
1911,西安石油大学[公办],,安全工程,,,549,41073
1911,西安石油大学[公办],,工程管理,,,540,49002
1911,西安石油大学[公办],,工商管理类,,,550,40256
1912,西安思源学院[民办],,国际经济与贸易,,,457,143500
1912,西安思源学院[民办],,教育学,,,460,139765
1912,西安思源学院[民办],,学前教育,,,463,136058
1912,西安思源学院[民办],,小学教育,,,464,134859
1912,西安思源学院[民办],,中国语言文学类,,,460,139765
1912,西安思源学院[民办],,广告学,,,458,142250
1912,西安思源学院[民办],,网络与新媒体,,,461,138513
1912,西安思源学院[民办],,机械设计制造及其自动化,,,458,142250
1912,西安思源学院[民办],,增材制造工程,,,444,159559
1912,西安思源学院[民办],,电气工程及其自动化,,,458,142250
1912,西安思源学院[民办],,电子信息工程,,,460,139765
1912,西安思源学院[民办],,计算机类,,,461,138513
1912,西安思源学院[民办],,土木工程,,,457,143500
1912,西安思源学院[民办],,建筑学,,,455,146091
1912,西安思源学院[民办],,康复治疗学,,,457,143500
1912,西安思源学院[民办],,护理学,,,463,136058
1912,西安思源学院[民办],,工程造价,,,462,137255
1912,西安思源学院[民办],,大数据管理与应用,,,459,141008
1912,西安思源学院[民办],,工商管理类,,,456,144801
1912,西安思源学院[民办],,财务管理,,,462,137255
1912,西安思源学院[民办],,电子商务,,,459,141008
1915,西安外国语大学[公办],,金融学,,,567,27220
1915,西安外国语大学[公办],,英语,,,575,22143
1915,西安外国语大学[公办],,英语,,,578,20380
1915,西安外国语大学[公办],,德语,,,565,28568
1915,西安外国语大学[公办],,法语,,,569,25895
1915,西安外国语大学[公办],,西班牙语,,,561,31495
1915,西安外国语大学[公办],,葡萄牙语,,,552,38584
1915,西安外国语大学[公办],,翻译,,,574,22729
1915,西安外国语大学[公办],,商务英语,,,573,23356
1915,西安外国语大学[公办],,跨境电子商务,,,545,44494
1916,西安外事学院[民办],,机器人工程,,,452,149859
1916,西安外事学院[民办],,物流管理,,,449,153606
1917,西安文理学院[公办],,英语,,,526,62390
1917,西安文理学院[公办],,物理学,,,516,72762
1917,西安文理学院[公办],,化学,,,517,71732
1917,西安文理学院[公办],,电子信息工程,,,519,69642
1917,西安文理学院[公办],,光电信息科学与工程,,,522,66475
1917,西安文理学院[公办],,机器人工程,,,515,73836
1917,西安文理学院[公办],,物联网工程,,,517,71732
1917,西安文理学院[公办],,市场营销,,,509,80441
1918,西安信息职业大学[民办],,软件工程技术,,,459,141008
1918,西安信息职业大学[民办],,现代通信工程,,,453,148600
1918,西安信息职业大学[民办],,集成电路工程技术,,,442,162050
1920,西安医学院[公办],,临床医学,,,545,44494
1920,西安医学院[公办],,预防医学,,,524,64450
1920,西安医学院[公办],,药学,,,518,70669
1920,西安医学院[公办],,康复治疗学,,,533,55500
1920,西安医学院[公办],,助产学,,,516,72762
1922,西安邮电大学[公办],,网络与新媒体,,,585,16469
1922,西安邮电大学[公办],,测控技术与仪器,,,567,27220
1922,西安邮电大学[公办],,电子信息工程,,,581,18643
1922,西安邮电大学[公办],,通信工程,,,583,17536
1922,西安邮电大学[公办],,微电子科学与工程,,,577,20936
1922,西安邮电大学[公办],,光电信息科学与工程,,,577,20936
1922,西安邮电大学[公办],,信息工程,,,578,20380
1922,西安邮电大学[公办],,广播电视工程,,,563,30033
1922,西安邮电大学[公办],,集成电路设计与集成系统,,,577,20936
1922,西安邮电大学[公办],,电磁场与无线技术,,,576,21536
1922,西安邮电大学[公办],,自动化,,,579,19795
1922,西安邮电大学[公办],,计算机科学与技术,,,584,17032
1922,西安邮电大学[公办],,网络工程,,,579,19795
1922,西安邮电大学[公办],,智能科学与技术,,,578,20380
1922,西安邮电大学[公办],,数据科学与大数据技术,,,580,19205
1922,西安邮电大学[公办],,信息对抗技术,,,575,22143
1922,西安邮电大学[公办],,财务管理,,,577,20936
1922,西安邮电大学[公办],,物流管理,,,565,28568
1922,西安邮电大学[公办],,电子信息工程(中外合作办学),,,552,38584
1923,西安邮电大学(边防军人子女预科班)[公办],,本科预科班,,,519,69642
1925,西北大学(西安市)[公办],,物理学类,,,596,11399
1925,西北大学(西安市)[公办],,化学类,,,588,14950
1925,西北大学(西安市)[公办],,生物科学类,,,587,15439
1925,西北大学(西安市)[公办],,过程装备与控制工程,,,592,13125
1925,西北大学(西安市)[公办],,电子信息类,,,598,10589
1925,西北大学(西安市)[公办],,地质类,,,582,18065
1925,西北大学(西安市)[公办],,生物工程,,,587,15439
1925,西北大学(西安市)[公办],,临床医学,,,598,10589
1925,西北大学(西安市)[公办],,文物保护技术(中外合作办学),,,561,31495
1925,西北大学(西安市)[公办],,电子信息科学与技术(中外合作办学),,,568,26529
1926,西北大学现代学院[独立学院],,财务管理,,,465,133566
1928,西北工业大学(西安市)[公办],,数学类,,,621,4073
1928,西北工业大学(西安市)[公办],,物理学类,,,620,4276
1928,西北工业大学(西安市)[公办],,生物技术(生命科学试验班),,,618,4687
1928,西北工业大学(西安市)[公办],,生态学(生态文明交叉试验班),,,616,5107
1928,西北工业大学(西安市)[公办],,力学类(工程应用力学试验班),,,619,4458
1928,西北工业大学(西安市)[公办],,工程力学(力学拔尖基地班),,,622,3900
1928,西北工业大学(西安市)[公办],,机械类(航宇智能制造试验班),,,622,3900
1928,西北工业大学(西安市)[公办],,材料类(本研衔接班),,,624,3506
1928,西北工业大学(西安市)[公办],,材料类(新材料与化工试验班),,,616,5107
1928,西北工业大学(西安市)[公办],,能源动力类(航空动力与新能源试验班),,,622,3900
1928,西北工业大学(西安市)[公办],,电子信息类,,,626,3178
1928,西北工业大学(西安市)[公办],,微电子科学与工程,,,625,3338
1928,西北工业大学(西安市)[公办],,柔性电子学(本研衔接班),,,623,3705
1928,西北工业大学(西安市)[公办],,自动化类,,,624,3506
1928,西北工业大学(西安市)[公办],,计算机类(本研衔接班),,,635,1889
1928,西北工业大学(西安市)[公办],,计算机类,,,631,2418
1928,西北工业大学(西安市)[公办],,计算机类(网络安全),,,628,2846
1928,西北工业大学(西安市)[公办],,计算机科学与技术(计算机科学拔尖基地班),,,639,1525
1928,西北工业大学(西安市)[公办],,软件工程,,,625,3338
1928,西北工业大学(西安市)[公办],,海洋工程类(黄震中海洋班),,,622,3900
1928,西北工业大学(西安市)[公办],,海洋工程类(智慧海洋试验班),,,617,4895
1928,西北工业大学(西安市)[公办],,航空航天类(本研衔接班),,,634,2024
1928,西北工业大学(西安市)[公办],,航空航天类(黄玉珊航空班),,,644,1098
1928,西北工业大学(西安市)[公办],,航空航天类(陈士橹飞天班),,,638,1604
1928,西北工业大学(西安市)[公办],,航空航天类,,,628,2846
1928,西北工业大学(西安市)[公办],,航空航天类(民用航空),,,625,3338
1928,西北工业大学(西安市)[公办],,建筑学,,,614,5569
1928,西北工业大学(西安市)[公办],,管理科学与工程类(管理试验班),,,614,5569
1928,西北工业大学(西安市)[公办],,工商管理类(管理试验班),,,613,5819
1928,西北工业大学(西安市)[公办],,材料科学与工程(中外合作办学),,,585,16469
1928,西北工业大学(西安市)[公办],,高分子材料与工程(中外合作办学),,,579,19795
1929,西北民族大学(兰州市)[公办],,保险学,,,477,118522
1929,西北民族大学(兰州市)[公办],,国际经济与贸易,,,512,76936
1929,西北民族大学(兰州市)[公办],,数学与应用数学,,,510,79317
1929,西北民族大学(兰州市)[公办],,物理学,,,477,118522
1929,西北民族大学(兰州市)[公办],,应用化学,,,506,83767
1929,西北民族大学(兰州市)[公办],,生物技术,,,499,91783
1929,西北民族大学(兰州市)[公办],,应用心理学,,,517,71732
1929,西北民族大学(兰州市)[公办],,无机非金属材料工程,,,499,91783
1929,西北民族大学(兰州市)[公办],,高分子材料与工程,,,501,89173
1929,西北民族大学(兰州市)[公办],,电气工程及其自动化,,,515,73836
1929,西北民族大学(兰州市)[公办],,电子信息类,,,515,73836
1929,西北民族大学(兰州市)[公办],,自动化,,,515,73836
1929,西北民族大学(兰州市)[公办],,计算机类,,,523,65475
1929,西北民族大学(兰州市)[公办],,土木工程,,,507,82620
1929,西北民族大学(兰州市)[公办],,化工与制药类,,,498,92962
1929,西北民族大学(兰州市)[公办],,环境工程,,,496,95288
1929,西北民族大学(兰州市)[公办],,食品科学与工程,,,498,92962
1929,西北民族大学(兰州市)[公办],,生物工程,,,499,91783
1929,西北民族大学(兰州市)[公办],,动物科学,,,498,92962
1929,西北民族大学(兰州市)[公办],,动物医学,,,505,84880
1931,西北农林科技大学(咸阳市)[公办],,经济学类,,,592,13125
1931,西北农林科技大学(咸阳市)[公办],,经济学(基础拔尖培养班),,,594,12236
1931,西北农林科技大学(咸阳市)[公办],,社会学类,,,588,14950
1931,西北农林科技大学(咸阳市)[公办],,英语,,,592,13125
1931,西北农林科技大学(咸阳市)[公办],,信息与计算科学,,,592,13125
1931,西北农林科技大学(咸阳市)[公办],,化学类,,,584,17032
1931,西北农林科技大学(咸阳市)[公办],,地理信息科学,,,585,16469
1931,西北农林科技大学(咸阳市)[公办],,生物科学类,,,585,16469
1931,西北农林科技大学(咸阳市)[公办],,机械类,,,588,14950
1931,西北农林科技大学(咸阳市)[公办],,电气工程及其自动化,,,596,11399
1931,西北农林科技大学(咸阳市)[公办],,电子信息工程,,,596,11399
1931,西北农林科技大学(咸阳市)[公办],,光电信息科学与工程,,,592,13125
1931,西北农林科技大学(咸阳市)[公办],,计算机类,,,595,11821
1931,西北农林科技大学(咸阳市)[公办],,土木工程,,,588,14950
1931,西北农林科技大学(咸阳市)[公办],,水利类,,,584,17032
1931,西北农林科技大学(咸阳市)[公办],,水利类(卓越班),,,588,14950
1931,西北农林科技大学(咸阳市)[公办],,智慧水利,,,583,17536
1931,西北农林科技大学(咸阳市)[公办],,制药工程,,,585,16469
1931,西北农林科技大学(咸阳市)[公办],,农业机械化及其自动化,,,584,17032
1931,西北农林科技大学(咸阳市)[公办],,农业智能装备工程,,,582,18065
1931,西北农林科技大学(咸阳市)[公办],,林业工程类,,,576,21536
1931,西北农林科技大学(咸阳市)[公办],,环境科学与工程类,,,586,15960
1931,西北农林科技大学(咸阳市)[公办],,环境科学与工程类(卓越班),,,586,15960
1931,西北农林科技大学(咸阳市)[公办],,资源环境科学,,,580,19205
1931,西北农林科技大学(咸阳市)[公办],,食品科学与工程类,,,582,18065
1931,西北农林科技大学(咸阳市)[公办],,葡萄与葡萄酒工程,,,579,19795
1931,西北农林科技大学(咸阳市)[公办],,食品营养与健康(卓越班),,,585,16469
1931,西北农林科技大学(咸阳市)[公办],,城乡规划,,,583,17536
1931,西北农林科技大学(咸阳市)[公办],,风景园林,,,586,15960
1931,西北农林科技大学(咸阳市)[公办],,植物生产类(卓越班),,,579,19795
1931,西北农林科技大学(咸阳市)[公办],,农学(农学类),,,589,14462
1931,西北农林科技大学(咸阳市)[公办],,园艺(园艺类),,,578,20380
1931,西北农林科技大学(咸阳市)[公办],,植物保护,,,582,18065
1931,西北农林科技大学(咸阳市)[公办],,设施农业科学与工程,,,579,19795
1931,西北农林科技大学(咸阳市)[公办],,智慧农业,,,588,14950
1931,西北农林科技大学(咸阳市)[公办],,水土保持与荒漠化防治,,,579,19795
1931,西北农林科技大学(咸阳市)[公办],,动物科学(动物类),,,573,23356
1931,西北农林科技大学(咸阳市)[公办],,智慧牧业科学与工程,,,577,20936
1931,西北农林科技大学(咸阳市)[公办],,动物医学类,,,578,20380
1931,西北农林科技大学(咸阳市)[公办],,动物医学(卓越班),,,592,13125
1931,西北农林科技大学(咸阳市)[公办],,林学类,,,582,18065
1931,西北农林科技大学(咸阳市)[公办],,园林,,,589,14462
1931,西北农林科技大学(咸阳市)[公办],,智慧林业,,,580,19205
1931,西北农林科技大学(咸阳市)[公办],,草业科学,,,575,22143
1931,西北农林科技大学(咸阳市)[公办],,工商管理类,,,588,14950
1931,西北农林科技大学(咸阳市)[公办],,农林经济管理(卓越班),,,587,15439
1931,西北农林科技大学(咸阳市)[公办],,公共管理类,,,589,14462
1931,西北农林科技大学(咸阳市)[公办],,环境科学(中外合作办学),,,559,33069
1931,西北农林科技大学(咸阳市)[公办],,食品科学与工程(中外合作办学),,,558,33822
1932,西北师范大学(兰州市)[公办],,经济学,,,537,51825
1932,西北师范大学(兰州市)[公办],,经济统计学,,,533,55500
1932,西北师范大学(兰州市)[公办],,国际经济与贸易,,,533,55500
1932,西北师范大学(兰州市)[公办],,教育技术学,,,541,48106
1932,西北师范大学(兰州市)[公办],,特殊教育,,,531,57544
1932,西北师范大学(兰州市)[公办],,俄语,,,537,51825
1932,西北师范大学(兰州市)[公办],,信息与计算科学,,,539,49949
1932,西北师范大学(兰州市)[公办],,物理学,,,548,41891
1932,西北师范大学(兰州市)[公办],,化学,,,549,41073
1932,西北师范大学(兰州市)[公办],,地理科学,,,553,37725
1932,西北师范大学(兰州市)[公办],,地理信息科学,,,544,45381
1932,西北师范大学(兰州市)[公办],,统计学,,,535,53694
1932,西北师范大学(兰州市)[公办],,材料物理,,,528,60450
1932,西北师范大学(兰州市)[公办],,电气工程及其自动化,,,544,45381
1932,西北师范大学(兰州市)[公办],,电子信息工程,,,545,44494
1932,西北师范大学(兰州市)[公办],,计算机类,,,552,38584
1932,西北师范大学(兰州市)[公办],,计算机科学与技术,,,546,43628
1932,西北师范大学(兰州市)[公办],,制药工程,,,535,53694
1932,西北师范大学(兰州市)[公办],,环境工程,,,519,69642
1932,西北师范大学(兰州市)[公办],,物流管理,,,512,76936
1932,西北师范大学(兰州市)[公办],,化学(中外合作办学),,,482,112324
1933,西北政法大学(西安市)[公办],,经济学类,,,584,17032
1933,西北政法大学(西安市)[公办],,法学(民商法),,,601,9445
1933,西北政法大学(西安市)[公办],,法学(经济法),,,602,9065
1933,西北政法大学(西安市)[公办],,法学(行政法),,,601,9445
1934,西藏大学(拉萨市)[公办],,经济学,,,530,58518
1934,西藏大学(拉萨市)[公办],,财政学,,,541,48106
1934,西藏大学(拉萨市)[公办],,金融学,,,534,54574
1934,西藏大学(拉萨市)[公办],,学前教育,,,523,65475
1934,西藏大学(拉萨市)[公办],,英语,,,527,61435
1934,西藏大学(拉萨市)[公办],,数学与应用数学,,,533,55500
1934,西藏大学(拉萨市)[公办],,物理学,,,519,69642
1934,西藏大学(拉萨市)[公办],,应用物理学,,,514,74839
1934,西藏大学(拉萨市)[公办],,化学,,,532,56540
1934,西藏大学(拉萨市)[公办],,地理科学,,,528,60450
1934,西藏大学(拉萨市)[公办],,生物科学,,,528,60450
1934,西藏大学(拉萨市)[公办],,生态学,,,533,55500
1934,西藏大学(拉萨市)[公办],,通信工程,,,542,47194
1934,西藏大学(拉萨市)[公办],,计算机科学与技术,,,544,45381
1934,西藏大学(拉萨市)[公办],,土木工程,,,531,57544
1934,西藏大学(拉萨市)[公办],,资源勘查工程,,,523,65475
1934,西藏大学(拉萨市)[公办],,交通运输,,,530,58518
1934,西藏大学(拉萨市)[公办],,环境科学,,,528,60450
1934,西藏大学(拉萨市)[公办],,建筑学,,,525,63402
1934,西藏大学(拉萨市)[公办],,临床医学,,,537,51825
1934,西藏大学(拉萨市)[公办],,预防医学,,,536,52757
1934,西藏大学(拉萨市)[公办],,护理学,,,514,74839
1934,西藏大学(拉萨市)[公办],,工商管理,,,527,61435
1934,西藏大学(拉萨市)[公办],,市场营销,,,517,71732
1934,西藏大学(拉萨市)[公办],,会计学,,,536,52757
1934,西藏大学(拉萨市)[公办],,旅游管理,,,524,64450
1935,西藏民族大学(咸阳市)[公办],,通信工程,,,509,80441
1935,西藏民族大学(咸阳市)[公办],,网络工程,,,510,79317
1935,西藏民族大学(咸阳市)[公办],,网络空间安全,,,513,75878
1935,西藏民族大学(咸阳市)[公办],,临床医学(预防方向),,,512,76936
1935,西藏民族大学(咸阳市)[公办],,临床医学(影像诊断方向),,,511,78116
1935,西藏民族大学(咸阳市)[公办],,临床医学,,,513,75878
1935,西藏民族大学(咸阳市)[公办],,医学检验技术,,,505,84880
1936,西藏农牧学院(林芝市)[公办],,应用化学,,,460,139765
1936,西藏农牧学院(林芝市)[公办],,生物技术,,,461,138513
1936,西藏农牧学院(林芝市)[公办],,生态学,,,458,142250
1936,西藏农牧学院(林芝市)[公办],,能源与动力工程,,,460,139765
1936,西藏农牧学院(林芝市)[公办],,电气工程及其自动化,,,465,133566
1936,西藏农牧学院(林芝市)[公办],,土木工程,,,460,139765
1936,西藏农牧学院(林芝市)[公办],,水利水电工程,,,460,139765
1936,西藏农牧学院(林芝市)[公办],,农业电气化,,,457,143500
1936,西藏农牧学院(林芝市)[公办],,环境科学,,,459,141008
1936,西藏农牧学院(林芝市)[公办],,食品科学与工程,,,455,146091
1936,西藏农牧学院(林芝市)[公办],,农学,,,455,146091
1936,西藏农牧学院(林芝市)[公办],,农业资源与环境,,,456,144801
1936,西藏农牧学院(林芝市)[公办],,水土保持与荒漠化防治,,,457,143500
1936,西藏农牧学院(林芝市)[公办],,动物科学,,,455,146091
1936,西藏农牧学院(林芝市)[公办],,动物医学,,,460,139765
1936,西藏农牧学院(林芝市)[公办],,林学,,,456,144801
1936,西藏农牧学院(林芝市)[公办],,园林,,,455,146091
1936,西藏农牧学院(林芝市)[公办],,草业科学,,,455,146091
1938,西华大学(成都市)[公办],,金融科技,,,553,37725
1938,西华大学(成都市)[公办],,学前教育,,,540,49002
1938,西华大学(成都市)[公办],,应用物理学,,,544,45381
1938,西华大学(成都市)[公办],,化学,,,541,48106
1938,西华大学(成都市)[公办],,心理学,,,546,43628
1938,西华大学(成都市)[公办],,机械类,,,552,38584
1938,西华大学(成都市)[公办],,材料成型及控制工程,,,539,49949
1938,西华大学(成都市)[公办],,车辆工程,,,552,38584
1938,西华大学(成都市)[公办],,材料科学与工程,,,538,50883
1938,西华大学(成都市)[公办],,能源与动力工程,,,550,40256
1938,西华大学(成都市)[公办],,医学信息工程,,,548,41891
1938,西华大学(成都市)[公办],,制药工程,,,548,41891
1938,西华大学(成都市)[公办],,航空航天类,,,546,43628
1938,西华大学(成都市)[公办],,农业机械化及其自动化,,,546,43628
1938,西华大学(成都市)[公办],,食品质量与安全,,,544,45381
1939,西华师范大学(南充市)[公办],,教育学,,,535,53694
1939,西华师范大学(南充市)[公办],,日语,,,528,60450
1939,西华师范大学(南充市)[公办],,数学类,,,536,52757
1939,西华师范大学(南充市)[公办],,地理信息科学,,,524,64450
1939,西华师范大学(南充市)[公办],,人工智能,,,527,61435
1939,西华师范大学(南充市)[公办],,网络空间安全,,,528,60450
1939,西华师范大学(南充市)[公办],,飞行器控制与信息工程,,,521,67552
1939,西华师范大学(南充市)[公办],,环境工程,,,505,84880
1939,西华师范大学(南充市)[公办],,旅游管理,,,522,66475
1940,西交利物浦大学[中外合作办学],,金融学类(中外合作办学),,,543,46278
1940,西交利物浦大学[中外合作办学],,外国语言文学类(中外合作办学),,,536,52757
1940,西交利物浦大学[中外合作办学],,数学类(中外合作办学),,,530,58518
1940,西交利物浦大学[中外合作办学],,生物科学类(中外合作办学),,,534,54574
1940,西交利物浦大学[中外合作办学],,电子信息类(中外合作办学),,,533,55500
1940,西交利物浦大学[中外合作办学],,土木类(中外合作办学),,,532,56540
1940,西交利物浦大学[中外合作办学],,建筑类(中外合作办学),,,533,55500
1940,西交利物浦大学[中外合作办学],,工商管理类(中外合作办学),,,532,56540
1941,西京学院[民办],,国际经济与贸易,,,461,138513
1941,西京学院[民办],,英语,,,461,138513
1941,西京学院[民办],,新闻学,,,462,137255
1941,西京学院[民办],,应用化学,,,457,143500
1941,西京学院[民办],,机械设计制造及其自动化,,,459,141008
1941,西京学院[民办],,工业设计,,,455,146091
1941,西京学院[民办],,智能制造工程,,,458,142250
1941,西京学院[民办],,新能源材料与器件,,,452,149859
1941,西京学院[民办],,电气工程及其自动化,,,465,133566
1941,西京学院[民办],,电子信息工程,,,465,133566
1941,西京学院[民办],,人工智能,,,458,142250
1941,西京学院[民办],,自动化,,,459,141008
1941,西京学院[民办],,机器人工程,,,455,146091
1941,西京学院[民办],,计算机科学与技术,,,480,114796
1941,西京学院[民办],,物联网工程,,,467,130969
1941,西京学院[民办],,数据科学与大数据技术,,,466,132235
1941,西京学院[民办],,土木工程,,,454,147340
1941,西京学院[民办],,智能建造,,,456,144801
1941,西京学院[民办],,医学影像技术,,,459,141008
1941,西京学院[民办],,护理学,,,459,141008
1941,西京学院[民办],,工程管理,,,458,142250
1941,西京学院[民办],,工程造价,,,457,143500
1941,西京学院[民办],,大数据管理与应用,,,464,134859
1941,西京学院[民办],,会计学,,,468,129759
1941,西京学院[民办],,财务管理,,,463,136058
1941,西京学院[民办],,审计学,,,466,132235
1942,西南财经大学(成都市)[公办],,经济学(国家经济学基础人才培养基地班),,,617,4895
1942,西南财经大学(成都市)[公办],,数字经济,,,611,6343
1942,西南财经大学(成都市)[公办],,财政学类,,,615,5323
1942,西南财经大学(成都市)[公办],,金融学类,,,618,4687
1942,西南财经大学(成都市)[公办],,金融学类(保险方向),,,615,5323
1942,西南财经大学(成都市)[公办],,金融学(双语实验班),,,620,4276
1942,西南财经大学(成都市)[公办],,金融学(智能金融与区块链金融),,,625,3338
1942,西南财经大学(成都市)[公办],,金融学(经管国际化创新实验班),,,621,4073
1942,西南财经大学(成都市)[公办],,金融数学,,,616,5107
1942,西南财经大学(成都市)[公办],,精算学,,,617,4895
1942,西南财经大学(成都市)[公办],,金融科技,,,617,4895
1942,西南财经大学(成都市)[公办],,经济与贸易类,,,612,6049
1942,西南财经大学(成都市)[公办],,法学(法学与金融学双学位),,,614,5569
1942,西南财经大学(成都市)[公办],,法学(法学与国商双学位),,,611,6343
1942,西南财经大学(成都市)[公办],,外国语言文学类,,,599,10212
1942,西南财经大学(成都市)[公办],,数学与应用数学,,,609,6887
1942,西南财经大学(成都市)[公办],,数学与应用数学(数学与经济学双学位),,,608,7171
1942,西南财经大学(成都市)[公办],,统计学类,,,610,6588
1942,西南财经大学(成都市)[公办],,计算机类,,,609,6887
1942,西南财经大学(成都市)[公办],,计算金融,,,610,6588
1942,西南财经大学(成都市)[公办],,工商管理类,,,604,8390
1942,西南财经大学(成都市)[公办],,工商管理类(会计学院),,,613,5819
1942,西南财经大学(成都市)[公办],,工商管理(双语实验班),,,613,5819
1942,西南财经大学(成都市)[公办],,会计学(注册会计师专门化方向),,,621,4073
1942,西南财经大学(成都市)[公办],,公共管理类,,,602,9065
1942,西南财经大学(成都市)[公办],,金融数学(中外合作办学)(金融服务与量化分析方向),,,592,13125
1942,西南财经大学(成都市)[公办],,信息管理与信息系统(中外合作办学)(信息系统与数据管理方向),,,584,17032
1942,西南财经大学(成都市)[公办],,物流管理(中外合作办学)(运营管理与商务分析方向),,,573,23356
1944,西南财经大学天府学院[独立学院],,金融学,,,496,95288
1944,西南财经大学天府学院[独立学院],,计算机科学与技术,,,482,112324
1944,西南财经大学天府学院[独立学院],,会计学,,,490,102500
1945,西南大学(重庆市)[公办],,经济学类,,,600,9823
1945,西南大学(重庆市)[公办],,法学,,,605,8076
1945,西南大学(重庆市)[公办],,思想政治教育,,,601,9445
1945,西南大学(重庆市)[公办],,教育学(晏阳初创新实验班),,,597,10996
1945,西南大学(重庆市)[公办],,英语,,,611,6343
1945,西南大学(重庆市)[公办],,日语,,,587,15439
1945,西南大学(重庆市)[公办],,新闻学,,,598,10589
1945,西南大学(重庆市)[公办],,数学类,,,601,9445
1945,西南大学(重庆市)[公办],,物理学,,,596,11399
1945,西南大学(重庆市)[公办],,地理科学类,,,591,13583
1945,西南大学(重庆市)[公办],,生物科学,,,593,12676
1945,西南大学(重庆市)[公办],,生物技术,,,591,13583
1945,西南大学(重庆市)[公办],,应用心理学,,,609,6887
1945,西南大学(重庆市)[公办],,机械类,,,591,13583
1945,西南大学(重庆市)[公办],,材料类,,,585,16469
1945,西南大学(重庆市)[公办],,电气工程及其自动化,,,599,10212
1945,西南大学(重庆市)[公办],,电子信息类,,,600,9823
1945,西南大学(重庆市)[公办],,人工智能,,,599,10212
1945,西南大学(重庆市)[公办],,计算机科学与技术,,,606,7785
1945,西南大学(重庆市)[公办],,软件工程,,,603,8730
1945,西南大学(重庆市)[公办],,网络工程,,,599,10212
1945,西南大学(重庆市)[公办],,智能科学与技术,,,598,10589
1945,西南大学(重庆市)[公办],,土木类,,,585,16469
1945,西南大学(重庆市)[公办],,化学工程与工艺,,,586,15960
1945,西南大学(重庆市)[公办],,制药工程,,,587,15439
1945,西南大学(重庆市)[公办],,纺织类,,,573,23356
1945,西南大学(重庆市)[公办],,包装工程,,,585,16469
1945,西南大学(重庆市)[公办],,环境科学与工程,,,584,17032
1945,西南大学(重庆市)[公办],,食品科学与工程类,,,597,10996
1945,西南大学(重庆市)[公办],,风景园林,,,585,16469
1945,西南大学(重庆市)[公办],,植物生产类,,,574,22729
1945,西南大学(重庆市)[公办],,自然保护与环境生态类,,,581,18643
1945,西南大学(重庆市)[公办],,蚕学,,,570,25269
1945,西南大学(重庆市)[公办],,园林,,,585,16469
1945,西南大学(重庆市)[公办],,药学,,,585,16469
1945,西南大学(重庆市)[公办],,药学(全英文创新实验班),,,582,18065
1945,西南大学(重庆市)[公办],,工商管理类,,,596,11399
1945,西南大学(重庆市)[公办],,农林经济管理,,,588,14950
1945,西南大学(重庆市)[公办],,公共管理类,,,586,15960
1945,西南大学(重庆市)[公办],,土地资源管理,,,584,17032
1945,西南大学(重庆市)[公办],,经济学(中外合作办学),,,574,22729
1945,西南大学(重庆市)[公办],,生物技术(中外合作办学),,,562,30764
1945,西南大学(重庆市)[公办],,心理学(中外合作办学),,,570,25269
1945,西南大学(重庆市)[公办],,电子信息工程(中外合作办学),,,573,23356
1945,西南大学(重庆市)[公办],,自动化(中外合作办学),,,571,24634
1945,西南大学(重庆市)[公办],,计算机科学与技术(中外合作办学),,,578,20380
1945,西南大学(重庆市)[公办],,软件工程(中外合作办学),,,573,23356
1945,西南大学(重庆市)[公办],,食品质量与安全(中外合作办学),,,557,34586
1945,西南大学(重庆市)[公办],,植物科学与技术(中外合作办学),,,551,40256
1945,西南大学(重庆市)[公办],,动物科学(中外合作办学),,,546,43628
1948,西南大学(荣昌校区)[公办],,动物医学(五年制),,,578,20380
1948,西南大学(荣昌校区)[公办],,水产类,,,564,29282
1950,西南交通大学[公办],,经济与贸易类,,,599,10212
1950,西南交通大学[公办],,法学,,,603,8730
1950,西南交通大学[公办],,政治学与行政学,,,589,14462
1950,西南交通大学[公办],,数学与应用数学,,,604,8390
1950,西南交通大学[公办],,应用物理学,,,598,10589
1950,西南交通大学[公办],,统计学,,,601,9445
1950,西南交通大学[公办],,工程力学,,,599,10212
1950,西南交通大学[公办],,机械类,,,601,9445
1950,西南交通大学[公办],,车辆工程,,,602,9065
1950,西南交通大学[公办],,智能制造工程,,,601,9445
1950,西南交通大学[公办],,材料类,,,592,13125
1950,西南交通大学[公办],,能源动力类,,,599,10212
1950,西南交通大学[公办],,新能源科学与工程,,,597,10996
1950,西南交通大学[公办],,电气工程及其自动化,,,607,7470
1950,西南交通大学[公办],,电子信息类,,,612,6049
1950,西南交通大学[公办],,电子信息工程,,,608,7171
1950,西南交通大学[公办],,通信工程,,,608,7171
1950,西南交通大学[公办],,电子信息科学与技术,,,618,4687
1950,西南交通大学[公办],,人工智能,,,607,7470
1950,西南交通大学[公办],,自动化,,,607,7470
1950,西南交通大学[公办],,轨道交通信号与控制,,,605,8076
1950,西南交通大学[公办],,计算机类,,,612,6049
1950,西南交通大学[公办],,数据科学与大数据技术,,,608,7171
1950,西南交通大学[公办],,土木工程,,,592,13125
1950,西南交通大学[公办],,城市地下空间工程,,,592,13125
1950,西南交通大学[公办],,道路桥梁与渡河工程,,,593,12676
1950,西南交通大学[公办],,铁道工程,,,599,10212
1950,西南交通大学[公办],,智能建造,,,596,11399
1950,西南交通大学[公办],,测绘类,,,590,14004
1950,西南交通大学[公办],,制药工程,,,593,12676
1950,西南交通大学[公办],,地质工程,,,591,13583
1950,西南交通大学[公办],,资源勘查工程,,,591,13583
1950,西南交通大学[公办],,交通运输类,,,608,7171
1950,西南交通大学[公办],,智慧交通,,,602,9065
1950,西南交通大学[公办],,飞行器设计与工程,,,603,8730
1950,西南交通大学[公办],,环境科学与工程类,,,594,12236
1950,西南交通大学[公办],,生物医学工程,,,597,10996
1950,西南交通大学[公办],,建筑类,,,597,10996
1950,西南交通大学[公办],,建筑学,,,603,8730
1950,西南交通大学[公办],,城市设计,,,590,14004
1950,西南交通大学[公办],,安全工程,,,599,10212
1950,西南交通大学[公办],,生物工程,,,594,12236
1950,西南交通大学[公办],,工程造价,,,593,12676
1950,西南交通大学[公办],,工商管理类,,,597,10996
1950,西南交通大学[公办],,公共事业管理,,,593,12676
1950,西南交通大学[公办],,物流管理与工程类,,,596,11399
1950,西南交通大学[公办],,机械设计制造及其自动化(中外合作办学),,,567,27220
1950,西南交通大学[公办],,电子信息工程(中外合作办学),,,575,22143
1950,西南交通大学[公办],,计算机科学与技术(中外合作办学),,,580,19205
1950,西南交通大学[公办],,土木工程(中外合作办学),,,563,30033
1950,西南交通大学[公办],,环境工程(中外合作办学),,,553,37725
1950,西南交通大学[公办],,安全工程(中外合作办学),,,552,38584
1950,西南交通大学[公办],,生物工程(中外合作办学),,,569,25895
1952,西南交通大学希望学院(成都市)[独立学院],,机械设计制造及其自动化,,,469,128494
1952,西南交通大学希望学院(成都市)[独立学院],,土木工程,,,463,136058
1953,西南科技大学(绵阳市)[公办],,数学类,,,547,42788
1953,西南科技大学(绵阳市)[公办],,应用化学,,,537,51825
1953,西南科技大学(绵阳市)[公办],,地理信息科学,,,542,47194
1953,西南科技大学(绵阳市)[公办],,生物技术,,,542,47194
1953,西南科技大学(绵阳市)[公办],,工程力学,,,536,52757
1953,西南科技大学(绵阳市)[公办],,机械类,,,549,41073
1953,西南科技大学(绵阳市)[公办],,材料类,,,537,51825
1953,西南科技大学(绵阳市)[公办],,电子信息类,,,554,36948
1953,西南科技大学(绵阳市)[公办],,计算机类,,,559,33069
1953,西南科技大学(绵阳市)[公办],,土木类,,,537,51825
1953,西南科技大学(绵阳市)[公办],,测绘工程,,,534,54574
1953,西南科技大学(绵阳市)[公办],,矿业类,,,516,72762
1953,西南科技大学(绵阳市)[公办],,兵器类,,,548,41891
1953,西南科技大学(绵阳市)[公办],,核工程类,,,541,48106
1953,西南科技大学(绵阳市)[公办],,环境工程,,,534,54574
1953,西南科技大学(绵阳市)[公办],,生物医学工程,,,541,48106
1953,西南科技大学(绵阳市)[公办],,食品科学与工程,,,539,49949
1953,西南科技大学(绵阳市)[公办],,建筑类,,,533,55500
1953,西南科技大学(绵阳市)[公办],,园艺,,,525,63402
1953,西南科技大学(绵阳市)[公办],,医学影像技术,,,539,49949
1953,西南科技大学(绵阳市)[公办],,管理科学与工程类,,,541,48106
1953,西南科技大学(绵阳市)[公办],,信息管理与信息系统,,,549,41073
1953,西南科技大学(绵阳市)[公办],,工业工程,,,538,50883
1953,西南科技大学(绵阳市)[公办],,电子商务,,,541,48106
1954,西南林业大学(昆明市)[公办],,地理信息科学,,,520,68611
1954,西南林业大学(昆明市)[公办],,生物技术,,,503,87191
1954,西南林业大学(昆明市)[公办],,生态学,,,502,88336
1954,西南林业大学(昆明市)[公办],,应用统计学,,,519,69642
1954,西南林业大学(昆明市)[公办],,车辆工程,,,516,72762
1954,西南林业大学(昆明市)[公办],,材料科学与工程,,,502,88336
1954,西南林业大学(昆明市)[公办],,高分子材料与工程,,,508,81575
1954,西南林业大学(昆明市)[公办],,电子信息工程,,,521,67552
1954,西南林业大学(昆明市)[公办],,通信工程,,,526,62390
1954,西南林业大学(昆明市)[公办],,计算机科学与技术,,,529,59504
1954,西南林业大学(昆明市)[公办],,数据科学与大数据技术,,,527,61435
1954,西南林业大学(昆明市)[公办],,土木工程,,,515,73836
1954,西南林业大学(昆明市)[公办],,给排水科学与工程,,,511,78116
1954,西南林业大学(昆明市)[公办],,测绘工程,,,505,84880
1954,西南林业大学(昆明市)[公办],,交通运输,,,512,76936
1954,西南林业大学(昆明市)[公办],,森林工程,,,499,91783
1954,西南林业大学(昆明市)[公办],,木材科学与工程,,,504,86042
1954,西南林业大学(昆明市)[公办],,环境生态工程,,,501,89173
1954,西南林业大学(昆明市)[公办],,食品科学与工程,,,509,80441
1954,西南林业大学(昆明市)[公办],,风景园林,,,501,89173
1954,西南林业大学(昆明市)[公办],,农学,,,507,82620
1954,西南林业大学(昆明市)[公办],,园艺,,,497,94131
1954,西南林业大学(昆明市)[公办],,植物保护,,,503,87191
1954,西南林业大学(昆明市)[公办],,应用生物科学,,,502,88336
1954,西南林业大学(昆明市)[公办],,野生动物与自然保护区管理,,,501,89173
1954,西南林业大学(昆明市)[公办],,水土保持与荒漠化防治,,,500,90630
1954,西南林业大学(昆明市)[公办],,园林,,,509,80441
1954,西南林业大学(昆明市)[公办],,会计学,,,522,66475
1954,西南林业大学(昆明市)[公办],,公共事业管理,,,502,88336
1954,西南林业大学(昆明市)[公办],,旅游管理,,,492,100090
1955,西南民族大学(成都市)[公办],,金融学类,,,558,33822
1955,西南民族大学(成都市)[公办],,法学,,,563,30033
1955,西南民族大学(成都市)[公办],,社会学类,,,529,59504
1955,西南民族大学(成都市)[公办],,英语,,,556,35406
1955,西南民族大学(成都市)[公办],,数学类,,,543,46278
1955,西南民族大学(成都市)[公办],,化学类,,,534,54574
1955,西南民族大学(成都市)[公办],,生物技术,,,521,67552
1955,西南民族大学(成都市)[公办],,应用心理学,,,546,43628
1955,西南民族大学(成都市)[公办],,统计学,,,546,43628
1955,西南民族大学(成都市)[公办],,电气工程及其自动化,,,555,36191
1955,西南民族大学(成都市)[公办],,电子信息类,,,557,34586
1955,西南民族大学(成都市)[公办],,自动化,,,552,38584
1955,西南民族大学(成都市)[公办],,计算机类,,,560,32247
1955,西南民族大学(成都市)[公办],,制药工程,,,534,54574
1955,西南民族大学(成都市)[公办],,环境科学与工程类,,,519,69642
1955,西南民族大学(成都市)[公办],,食品科学与工程类,,,541,48106
1955,西南民族大学(成都市)[公办],,建筑类,,,538,50883
1955,西南民族大学(成都市)[公办],,动物科学,,,502,88336
1955,西南民族大学(成都市)[公办],,动物医学,,,545,44494
1955,西南民族大学(成都市)[公办],,药学类,,,550,40256
1955,西南民族大学(成都市)[公办],,中药学,,,520,68611
1955,西南民族大学(成都市)[公办],,工商管理类,,,548,41891
1955,西南民族大学(成都市)[公办],,旅游管理,,,496,95288
1957,西南石油大学(成都市)[公办],,经济学,,,570,25269
1957,西南石油大学(成都市)[公办],,国际经济与贸易,,,563,30033
1957,西南石油大学(成都市)[公办],,英语,,,566,27894
1957,西南石油大学(成都市)[公办],,俄语,,,556,35406
1957,西南石油大学(成都市)[公办],,数学与应用数学,,,562,30764
1957,西南石油大学(成都市)[公办],,信息与计算科学,,,564,29282
1957,西南石油大学(成都市)[公办],,化学,,,559,33069
1957,西南石油大学(成都市)[公办],,应用化学,,,554,36948
1957,西南石油大学(成都市)[公办],,地理信息科学,,,560,32247
1957,西南石油大学(成都市)[公办],,地质学,,,554,36948
1957,西南石油大学(成都市)[公办],,机械工程,,,563,30033
1957,西南石油大学(成都市)[公办],,机械设计制造及其自动化,,,565,28568
1957,西南石油大学(成都市)[公办],,材料成型及控制工程,,,555,36191
1957,西南石油大学(成都市)[公办],,工业设计,,,563,30033
1957,西南石油大学(成都市)[公办],,过程装备与控制工程,,,557,34586
1957,西南石油大学(成都市)[公办],,测控技术与仪器,,,560,32247
1957,西南石油大学(成都市)[公办],,智能感知工程,,,563,30033
1957,西南石油大学(成都市)[公办],,材料科学与工程,,,554,36948
1957,西南石油大学(成都市)[公办],,高分子材料与工程,,,555,36191
1957,西南石油大学(成都市)[公办],,新能源材料与器件,,,560,32247
1957,西南石油大学(成都市)[公办],,新能源科学与工程,,,566,27894
1957,西南石油大学(成都市)[公办],,储能科学与工程,,,558,33822
1957,西南石油大学(成都市)[公办],,电气工程及其自动化,,,567,27220
1957,西南石油大学(成都市)[公办],,通信工程,,,567,27220
1957,西南石油大学(成都市)[公办],,人工智能,,,573,23356
1957,西南石油大学(成都市)[公办],,自动化类,,,567,27220
1957,西南石油大学(成都市)[公办],,计算机类,,,570,25269
1957,西南石油大学(成都市)[公办],,土木工程,,,556,35406
1957,西南石油大学(成都市)[公办],,城市地下空间工程,,,554,36948
1957,西南石油大学(成都市)[公办],,测绘工程,,,554,36948
1957,西南石油大学(成都市)[公办],,化学工程与工艺,,,555,36191
1957,西南石油大学(成都市)[公办],,勘查技术与工程,,,554,36948
1957,西南石油大学(成都市)[公办],,资源勘查工程,,,556,35406
1957,西南石油大学(成都市)[公办],,石油工程,,,563,30033
1957,西南石油大学(成都市)[公办],,油气储运工程,,,566,27894
1957,西南石油大学(成都市)[公办],,海洋油气工程,,,558,33822
1957,西南石油大学(成都市)[公办],,环境工程,,,553,37725
1957,西南石油大学(成都市)[公办],,安全工程,,,554,36948
1957,西南石油大学(成都市)[公办],,工程管理,,,556,35406
1957,西南石油大学(成都市)[公办],,工商管理类,,,560,32247
1957,西南石油大学(成都市)[公办],,会计学,,,572,23984
1957,西南石油大学(成都市)[公办],,电子商务,,,564,29282
1958,西南医科大学(泸州市)[公办],,临床医学,,,554,36948
1958,西南医科大学(泸州市)[公办],,预防医学,,,526,62390
1958,西南医科大学(泸州市)[公办],,药学类,,,529,59504
1958,西南医科大学(泸州市)[公办],,中药学,,,540,49002
1958,西南医科大学(泸州市)[公办],,医学检验技术,,,536,52757
1958,西南医科大学(泸州市)[公办],,医学影像技术,,,539,49949
1958,西南医科大学(泸州市)[公办],,康复治疗学,,,517,71732
1959,西南政法大学(重庆市)[公办],,法学,,,603,8730
1959,西南政法大学(重庆市)[公办],,法学,,,611,6343
1959,西南政法大学(重庆市)[公办],,法学,,,610,6588
1959,西南政法大学(重庆市)[公办],,知识产权,,,602,9065
1963,厦门大学[公办],,人文科学试验班,,,624,3506
1963,厦门大学[公办],,工科试验班,,,623,3705
1963,厦门大学[公办],,理科试验班(海洋生态环境类),,,619,4458
1963,厦门大学[公办],,理科试验班(生命科学与医学类),,,622,3900
1963,厦门大学[公办],,经济学类,,,630,2544
1963,厦门大学[公办],,外国语言文学类,,,620,4276
1963,厦门大学[公办],,数学类(含物理类),,,624,3506
1963,厦门大学[公办],,化学类(含化学化工材料类),,,621,4073
1963,厦门大学[公办],,统计学类,,,631,2418
1963,厦门大学[公办],,能源动力类,,,623,3705
1963,厦门大学[公办],,电子信息类,,,626,3178
1963,厦门大学[公办],,计算机类,,,628,2846
1963,厦门大学[公办],,数据科学与大数据技术,,,631,2418
1963,厦门大学[公办],,土木类,,,622,3900
1963,厦门大学[公办],,建筑类,,,622,3900
1963,厦门大学[公办],,药学,,,623,3705
1963,厦门大学[公办],,工商管理类,,,625,3338
1963,厦门大学[公办],,会计学(含会计、财务、审计),,,632,2283
1965,厦门大学嘉庚学院(漳州市)[独立学院],,国际经济与贸易,,,484,109959
1965,厦门大学嘉庚学院(漳州市)[独立学院],,英语,,,492,100090
1965,厦门大学嘉庚学院(漳州市)[独立学院],,机械设计制造及其自动化,,,483,111133
1965,厦门大学嘉庚学院(漳州市)[独立学院],,机械电子工程,,,484,109959
1965,厦门大学嘉庚学院(漳州市)[独立学院],,车辆工程,,,478,117259
1965,厦门大学嘉庚学院(漳州市)[独立学院],,电气工程及其自动化,,,491,101322
1965,厦门大学嘉庚学院(漳州市)[独立学院],,电子信息工程,,,494,97686
1965,厦门大学嘉庚学院(漳州市)[独立学院],,通信工程,,,490,102500
1965,厦门大学嘉庚学院(漳州市)[独立学院],,光电信息科学与工程,,,483,111133
1965,厦门大学嘉庚学院(漳州市)[独立学院],,自动化,,,489,103748
1965,厦门大学嘉庚学院(漳州市)[独立学院],,计算机科学与技术,,,505,84880
1965,厦门大学嘉庚学院(漳州市)[独立学院],,软件工程,,,500,90630
1965,厦门大学嘉庚学院(漳州市)[独立学院],,物联网工程,,,492,100090
1965,厦门大学嘉庚学院(漳州市)[独立学院],,智能科学与技术,,,489,103748
1965,厦门大学嘉庚学院(漳州市)[独立学院],,数据科学与大数据技术,,,493,98867
1965,厦门大学嘉庚学院(漳州市)[独立学院],,土木工程,,,482,112324
1965,厦门大学嘉庚学院(漳州市)[独立学院],,给排水科学与工程,,,477,118522
1965,厦门大学嘉庚学院(漳州市)[独立学院],,环境科学与工程,,,470,127253
1965,厦门大学嘉庚学院(漳州市)[独立学院],,建筑学,,,478,117259
1965,厦门大学嘉庚学院(漳州市)[独立学院],,信息管理与信息系统,,,483,111133
1965,厦门大学嘉庚学院(漳州市)[独立学院],,工程管理,,,473,123482
1965,厦门大学嘉庚学院(漳州市)[独立学院],,工程管理,,,472,124770
1965,厦门大学嘉庚学院(漳州市)[独立学院],,工程造价,,,480,114796
1965,厦门大学嘉庚学院(漳州市)[独立学院],,大数据管理与应用,,,485,108714
1965,厦门大学嘉庚学院(漳州市)[独立学院],,会计学,,,493,98867
1965,厦门大学嘉庚学院(漳州市)[独立学院],,财务管理,,,491,101322
1965,厦门大学嘉庚学院(漳州市)[独立学院],,电子商务,,,480,114796
1966,厦门大学(马来西亚分校)[公办],,金融学(厦门大学马来西亚分校招生专业),,,591,13583
1966,厦门大学(马来西亚分校)[公办],,数学与应用数学(厦门大学马来西亚分校招生专业),,,585,16469
1966,厦门大学(马来西亚分校)[公办],,海洋技术(厦门大学马来西亚分校招生专业),,,551,40256
1966,厦门大学(马来西亚分校)[公办],,新能源科学与工程(厦门大学马来西亚分校招生专业),,,560,32247
1966,厦门大学(马来西亚分校)[公办],,电子信息工程(厦门大学马来西亚分校招生专业),,,558,33822
1966,厦门大学(马来西亚分校)[公办],,人工智能(厦门大学马来西亚分校招生专业),,,564,29282
1966,厦门大学(马来西亚分校)[公办],,计算机科学与技术(厦门大学马来西亚分校招生专业),,,572,23984
1966,厦门大学(马来西亚分校)[公办],,软件工程(厦门大学马来西亚分校招生专业),,,560,32247
1966,厦门大学(马来西亚分校)[公办],,数字媒体技术(厦门大学马来西亚分校招生专业),,,562,30764
1966,厦门大学(马来西亚分校)[公办],,数据科学与大数据技术(厦门大学马来西亚分校招生专业),,,565,28568
1966,厦门大学(马来西亚分校)[公办],,网络空间安全(厦门大学马来西亚分校招生专业),,,559,33069
1966,厦门大学(马来西亚分校)[公办],,会计学(厦门大学马来西亚分校招生专业),,,565,28568
1968,厦门工学院[民办],,商务英语,,,453,148600
1968,厦门工学院[民办],,广告学,,,452,149859
1968,厦门工学院[民办],,信息与计算科学,,,451,151103
1968,厦门工学院[民办],,机械工程,,,451,151103
1968,厦门工学院[民办],,车辆工程,,,454,147340
1968,厦门工学院[民办],,材料科学与工程,,,453,148600
1968,厦门工学院[民办],,新能源材料与器件,,,454,147340
1968,厦门工学院[民办],,电气工程及其自动化,,,458,142250
1968,厦门工学院[民办],,电子信息工程,,,461,138513
1968,厦门工学院[民办],,通信工程,,,454,147340
1968,厦门工学院[民办],,自动化,,,451,151103
1968,厦门工学院[民办],,软件工程,,,460,139765
1968,厦门工学院[民办],,物联网工程,,,456,144801
1968,厦门工学院[民办],,土木工程,,,450,152346
1968,厦门工学院[民办],,建筑学,,,454,147340
1968,厦门工学院[民办],,风景园林,,,452,149859
1968,厦门工学院[民办],,信息管理与信息系统,,,451,151103
1968,厦门工学院[民办],,工程管理,,,442,162050
1968,厦门工学院[民办],,工程造价,,,457,143500
1968,厦门工学院[民办],,市场营销,,,449,153606
1971,厦门华厦学院[民办],,金融学,,,470,127253
1971,厦门华厦学院[民办],,机械设计制造及其自动化,,,454,147340
1971,厦门华厦学院[民办],,供应链管理,,,449,153606
1972,厦门理工学院[公办],,车辆工程,,,537,51825
1972,厦门理工学院[公办],,电气工程及其自动化,,,540,49002
1972,厦门理工学院[公办],,土木工程,,,532,56540
1972,厦门理工学院[公办],,电子信息工程(中外合作办学),,,522,66475
1977,厦门医学院[公办],,临床医学,,,541,48106
1977,厦门医学院[公办],,康复治疗学,,,499,91783
1977,厦门医学院[公办],,口腔医学技术,,,517,71732
1980,咸阳师范学院[公办],,小学教育,,,504,86042
1980,咸阳师范学院[公办],,物理学,,,496,95288
1980,咸阳师范学院[公办],,化学,,,501,89173
1980,咸阳师范学院[公办],,计算机科学与技术,,,505,84880
1980,咸阳师范学院[公办],,智能科学与技术,,,497,94131
1985,湘南学院(郴州市)[公办],,金融工程,,,516,72762
1985,湘南学院(郴州市)[公办],,学前教育,,,514,74839
1985,湘南学院(郴州市)[公办],,数学与应用数学,,,500,90630
1985,湘南学院(郴州市)[公办],,信息与计算科学,,,501,89173
1985,湘南学院(郴州市)[公办],,应用化学,,,497,94131
1985,湘南学院(郴州市)[公办],,光电信息科学与工程,,,495,96518
1985,湘南学院(郴州市)[公办],,电子信息科学与技术,,,507,82620
1985,湘南学院(郴州市)[公办],,人工智能,,,499,91783
1985,湘南学院(郴州市)[公办],,计算机科学与技术,,,509,80441
1985,湘南学院(郴州市)[公办],,物联网工程,,,505,84880
1985,湘南学院(郴州市)[公办],,环境生态工程,,,493,98867
1985,湘南学院(郴州市)[公办],,临床医学,,,512,76936
1985,湘南学院(郴州市)[公办],,医学影像学,,,515,73836
1985,湘南学院(郴州市)[公办],,预防医学,,,501,89173
1985,湘南学院(郴州市)[公办],,药学,,,489,103748
1985,湘南学院(郴州市)[公办],,临床药学,,,501,89173
1985,湘南学院(郴州市)[公办],,医学检验技术,,,496,95288
1985,湘南学院(郴州市)[公办],,医学影像技术,,,499,91783
1985,湘南学院(郴州市)[公办],,康复治疗学,,,489,103748
1985,湘南学院(郴州市)[公办],,卫生检验与检疫,,,477,118522
1985,湘南学院(郴州市)[公办],,财务管理,,,502,88336
1986,湘潭大学[公办],,国际经济与贸易,,,567,27220
1986,湘潭大学[公办],,知识产权,,,580,19205
1986,湘潭大学[公办],,信用风险管理与法律防控,,,577,20936
1986,湘潭大学[公办],,数学类,,,580,19205
1986,湘潭大学[公办],,数学类(韶峰班),,,592,13125
1986,湘潭大学[公办],,物理学(韶峰班),,,579,19795
1986,湘潭大学[公办],,物理学,,,568,26529
1986,湘潭大学[公办],,化学类(韶峰班),,,568,26529
1986,湘潭大学[公办],,化学,,,562,30764
1986,湘潭大学[公办],,应用化学,,,561,31495
1986,湘潭大学[公办],,工程力学,,,560,32247
1986,湘潭大学[公办],,机械设计制造及其自动化,,,567,27220
1986,湘潭大学[公办],,工业设计,,,565,28568
1986,湘潭大学[公办],,智能制造工程,,,566,27894
1986,湘潭大学[公办],,材料类(师昌绪班),,,565,28568
1986,湘潭大学[公办],,材料科学与工程,,,557,34586
1986,湘潭大学[公办],,材料物理,,,559,33069
1986,湘潭大学[公办],,高分子材料与工程,,,557,34586
1986,湘潭大学[公办],,新能源材料与器件,,,564,29282
1986,湘潭大学[公办],,电子信息工程,,,577,20936
1986,湘潭大学[公办],,通信工程,,,574,22729
1986,湘潭大学[公办],,微电子科学与工程,,,573,23356
1986,湘潭大学[公办],,光电信息科学与工程,,,573,23356
1986,湘潭大学[公办],,人工智能,,,576,21536
1986,湘潭大学[公办],,自动化,,,572,23984
1986,湘潭大学[公办],,计算机科学与技术,,,580,19205
1986,湘潭大学[公办],,软件工程,,,580,19205
1986,湘潭大学[公办],,数据科学与大数据技术,,,578,20380
1986,湘潭大学[公办],,网络空间安全,,,576,21536
1986,湘潭大学[公办],,土木工程,,,558,33822
1986,湘潭大学[公办],,化学工程与工艺,,,556,35406
1986,湘潭大学[公办],,化学工程与工艺(韶峰班),,,562,30764
1986,湘潭大学[公办],,环境工程,,,559,33069
1986,湘潭大学[公办],,食品科学与工程,,,557,34586
1986,湘潭大学[公办],,信息管理与信息系统,,,567,27220
1986,湘潭大学[公办],,应急管理,,,559,33069
1986,湘潭大学[公办],,财务管理,,,573,23356
1987,湘潭理工学院[民办],,信息管理与信息系统,,,449,153606
1987,湘潭理工学院[民办],,工商管理,,,458,142250
1987,湘潭理工学院[民办],,电子商务,,,454,147340
1990,忻州师范学院[公办],,法学,,,497,94131
1990,忻州师范学院[公办],,科学教育,,,479,116040
1990,忻州师范学院[公办],,英语,,,498,92962
1990,忻州师范学院[公办],,数学与应用数学,,,489,103748
1990,忻州师范学院[公办],,物理学,,,489,103748
1990,忻州师范学院[公办],,化学,,,487,106171
1990,忻州师范学院[公办],,应用化学,,,475,120971
1990,忻州师范学院[公办],,地理科学,,,491,101322
1990,忻州师范学院[公办],,生物科学,,,484,109959
1990,忻州师范学院[公办],,生物技术,,,473,123482
1990,忻州师范学院[公办],,生态学,,,475,120971
1990,忻州师范学院[公办],,统计学,,,485,108714
1990,忻州师范学院[公办],,通信工程,,,486,107443
1990,忻州师范学院[公办],,电子信息科学与技术,,,486,107443
1990,忻州师范学院[公办],,计算机科学与技术,,,493,98867
1990,忻州师范学院[公办],,数字媒体技术,,,496,95288
1990,忻州师范学院[公办],,数据科学与大数据技术,,,488,104962
1990,忻州师范学院[公办],,审计学,,,493,98867
1990,忻州师范学院[公办],,旅游管理,,,472,124770
1992,新疆财经大学(乌鲁木齐市)[公办],,经济学,,,508,81575
1992,新疆财经大学(乌鲁木齐市)[公办],,经济统计学,,,504,86042
1992,新疆财经大学(乌鲁木齐市)[公办],,数字经济,,,498,92962
1992,新疆财经大学(乌鲁木齐市)[公办],,金融学,,,514,74839
1992,新疆财经大学(乌鲁木齐市)[公办],,保险学,,,504,86042
1992,新疆财经大学(乌鲁木齐市)[公办],,国际经济与贸易,,,503,87191
1992,新疆财经大学(乌鲁木齐市)[公办],,法学,,,519,69642
1992,新疆财经大学(乌鲁木齐市)[公办],,统计学,,,507,82620
1992,新疆财经大学(乌鲁木齐市)[公办],,计算机科学与技术,,,511,78116
1992,新疆财经大学(乌鲁木齐市)[公办],,网络空间安全,,,507,82620
1992,新疆财经大学(乌鲁木齐市)[公办],,信息管理与信息系统,,,499,91783
1992,新疆财经大学(乌鲁木齐市)[公办],,市场营销,,,491,101322
1992,新疆财经大学(乌鲁木齐市)[公办],,会计学,,,514,74839
1992,新疆财经大学(乌鲁木齐市)[公办],,国际商务,,,492,100090
1992,新疆财经大学(乌鲁木齐市)[公办],,人力资源管理,,,504,86042
1992,新疆财经大学(乌鲁木齐市)[公办],,审计学,,,528,60450
1992,新疆财经大学(乌鲁木齐市)[公办],,行政管理,,,508,81575
1992,新疆财经大学(乌鲁木齐市)[公办],,物流管理,,,496,95288
1992,新疆财经大学(乌鲁木齐市)[公办],,电子商务,,,492,100090
1992,新疆财经大学(乌鲁木齐市)[公办],,旅游管理,,,485,108714
1992,新疆财经大学(乌鲁木齐市)[公办],,会展经济与管理,,,485,108714
1993,新疆大学(乌鲁木齐市)[公办],,经济学,,,559,33069
1993,新疆大学(乌鲁木齐市)[公办],,金融学,,,559,33069
1993,新疆大学(乌鲁木齐市)[公办],,思想政治教育,,,548,41891
1993,新疆大学(乌鲁木齐市)[公办],,英语,,,556,35406
1993,新疆大学(乌鲁木齐市)[公办],,新闻传播学类,,,545,44494
1993,新疆大学(乌鲁木齐市)[公办],,历史学,,,541,48106
1993,新疆大学(乌鲁木齐市)[公办],,数学与应用数学,,,562,30764
1993,新疆大学(乌鲁木齐市)[公办],,信息与计算科学,,,559,33069
1993,新疆大学(乌鲁木齐市)[公办],,物理学,,,556,35406
1993,新疆大学(乌鲁木齐市)[公办],,生物科学,,,552,38584
1993,新疆大学(乌鲁木齐市)[公办],,统计学,,,558,33822
1993,新疆大学(乌鲁木齐市)[公办],,机械类,,,559,33069
1993,新疆大学(乌鲁木齐市)[公办],,机械类(智能制造技术方向),,,560,32247
1993,新疆大学(乌鲁木齐市)[公办],,机械类,,,567,27220
1993,新疆大学(乌鲁木齐市)[公办],,过程装备与控制工程,,,548,41891
1993,新疆大学(乌鲁木齐市)[公办],,材料科学与工程,,,550,40256
1993,新疆大学(乌鲁木齐市)[公办],,高分子材料与工程,,,547,42788
1993,新疆大学(乌鲁木齐市)[公办],,能源与动力工程,,,561,31495
1993,新疆大学(乌鲁木齐市)[公办],,电气工程及其自动化,,,573,23356
1993,新疆大学(乌鲁木齐市)[公办],,电子信息工程,,,568,26529
1993,新疆大学(乌鲁木齐市)[公办],,通信工程,,,563,30033
1993,新疆大学(乌鲁木齐市)[公办],,自动化,,,564,29282
1993,新疆大学(乌鲁木齐市)[公办],,计算机科学与技术,,,577,20936
1993,新疆大学(乌鲁木齐市)[公办],,软件工程,,,561,31495
1993,新疆大学(乌鲁木齐市)[公办],,信息安全,,,566,27894
1993,新疆大学(乌鲁木齐市)[公办],,网络空间安全,,,562,30764
1993,新疆大学(乌鲁木齐市)[公办],,土木工程,,,553,37725
1993,新疆大学(乌鲁木齐市)[公办],,建筑环境与能源应用工程,,,548,41891
1993,新疆大学(乌鲁木齐市)[公办],,测绘工程,,,547,42788
1993,新疆大学(乌鲁木齐市)[公办],,化学工程与工艺,,,553,37725
1993,新疆大学(乌鲁木齐市)[公办],,能源化学工程,,,560,32247
1993,新疆大学(乌鲁木齐市)[公办],,地质工程,,,545,44494
1993,新疆大学(乌鲁木齐市)[公办],,资源勘查工程,,,542,47194
1993,新疆大学(乌鲁木齐市)[公办],,采矿工程,,,535,53694
1993,新疆大学(乌鲁木齐市)[公办],,纺织工程,,,540,49002
1993,新疆大学(乌鲁木齐市)[公办],,服装设计与工程,,,533,55500
1993,新疆大学(乌鲁木齐市)[公办],,交通工程,,,556,35406
1993,新疆大学(乌鲁木齐市)[公办],,环境科学,,,549,41073
1993,新疆大学(乌鲁木齐市)[公办],,食品科学与工程,,,547,42788
1993,新疆大学(乌鲁木齐市)[公办],,城乡规划,,,553,37725
1993,新疆大学(乌鲁木齐市)[公办],,生物工程,,,547,42788
1993,新疆大学(乌鲁木齐市)[公办],,工程管理,,,548,41891
1993,新疆大学(乌鲁木齐市)[公办],,物流管理,,,544,45381
1993,新疆大学(乌鲁木齐市)[公办],,工业工程,,,552,38584
1993,新疆大学(乌鲁木齐市)[公办],,旅游管理,,,543,46278
1993,新疆大学(乌鲁木齐市)[公办],,酒店管理,,,533,55500
1994,新疆第二医学院(克拉玛依市)[公办],,临床医学,,,509,80441
1994,新疆第二医学院(克拉玛依市)[公办],,麻醉学,,,505,84880
1994,新疆第二医学院(克拉玛依市)[公办],,口腔医学,,,513,75878
1994,新疆第二医学院(克拉玛依市)[公办],,中西医临床医学,,,501,89173
1994,新疆第二医学院(克拉玛依市)[公办],,药学,,,480,114796
1994,新疆第二医学院(克拉玛依市)[公办],,医学检验技术,,,488,104962
1994,新疆第二医学院(克拉玛依市)[公办],,医学影像技术,,,484,109959
1994,新疆第二医学院(克拉玛依市)[公办],,卫生检验与检疫,,,478,117259
1994,新疆第二医学院(克拉玛依市)[公办],,护理学,,,482,112324
1994,新疆第二医学院(克拉玛依市)[公办],,信息管理与信息系统,,,468,129759
1994,新疆第二医学院(克拉玛依市)[公办],,公共事业管理,,,466,132235
1995,新疆工程学院(乌鲁木齐市)[公办],,机械设计制造及其自动化,,,466,132235
1995,新疆工程学院(乌鲁木齐市)[公办],,材料成型及控制工程,,,461,138513
1995,新疆工程学院(乌鲁木齐市)[公办],,机械电子工程,,,464,134859
1995,新疆工程学院(乌鲁木齐市)[公办],,工业设计,,,463,136058
1995,新疆工程学院(乌鲁木齐市)[公办],,测控技术与仪器,,,462,137255
1995,新疆工程学院(乌鲁木齐市)[公办],,材料科学与工程,,,460,139765
1995,新疆工程学院(乌鲁木齐市)[公办],,焊接技术与工程,,,459,141008
1995,新疆工程学院(乌鲁木齐市)[公办],,新能源科学与工程,,,465,133566
1995,新疆工程学院(乌鲁木齐市)[公办],,电气工程及其自动化,,,472,124770
1995,新疆工程学院(乌鲁木齐市)[公办],,电气工程与智能控制,,,466,132235
1995,新疆工程学院(乌鲁木齐市)[公办],,通信工程,,,464,134859
1995,新疆工程学院(乌鲁木齐市)[公办],,自动化,,,466,132235
1995,新疆工程学院(乌鲁木齐市)[公办],,轨道交通信号与控制,,,465,133566
1995,新疆工程学院(乌鲁木齐市)[公办],,机器人工程,,,472,124770
1995,新疆工程学院(乌鲁木齐市)[公办],,物联网工程,,,464,134859
1995,新疆工程学院(乌鲁木齐市)[公办],,数据科学与大数据技术,,,472,124770
1995,新疆工程学院(乌鲁木齐市)[公办],,土木工程,,,463,136058
1995,新疆工程学院(乌鲁木齐市)[公办],,建筑环境与能源应用工程,,,461,138513
1995,新疆工程学院(乌鲁木齐市)[公办],,铁道工程,,,464,134859
1995,新疆工程学院(乌鲁木齐市)[公办],,测绘工程,,,462,137255
1995,新疆工程学院(乌鲁木齐市)[公办],,化学工程与工艺,,,461,138513
1995,新疆工程学院(乌鲁木齐市)[公办],,地质工程,,,462,137255
1995,新疆工程学院(乌鲁木齐市)[公办],,勘查技术与工程,,,464,134859
1995,新疆工程学院(乌鲁木齐市)[公办],,资源勘查工程,,,463,136058
1995,新疆工程学院(乌鲁木齐市)[公办],,采矿工程,,,460,139765
1995,新疆工程学院(乌鲁木齐市)[公办],,矿物加工工程,,,461,138513
1995,新疆工程学院(乌鲁木齐市)[公办],,环境科学与工程,,,461,138513
1995,新疆工程学院(乌鲁木齐市)[公办],,安全工程,,,459,141008
1995,新疆工程学院(乌鲁木齐市)[公办],,消防工程,,,461,138513
1995,新疆工程学院(乌鲁木齐市)[公办],,国际商务,,,461,138513
1995,新疆工程学院(乌鲁木齐市)[公办],,物流工程,,,463,136058
1996,新疆科技学院[公办],,税收学,,,466,132235
1996,新疆科技学院[公办],,金融学,,,463,136058
1996,新疆科技学院[公办],,国际经济与贸易,,,462,137255
1996,新疆科技学院[公办],,计算机科学与技术,,,474,122219
1996,新疆科技学院[公办],,信息安全,,,469,128494
1996,新疆科技学院[公办],,化学工程与工艺,,,461,138513
1996,新疆科技学院[公办],,纺织工程,,,460,139765
1996,新疆科技学院[公办],,轻化工程,,,460,139765
1996,新疆科技学院[公办],,市场营销,,,465,133566
1996,新疆科技学院[公办],,会计学,,,466,132235
1996,新疆科技学院[公办],,财务管理,,,463,136058
1996,新疆科技学院[公办],,人力资源管理,,,462,137255
1996,新疆科技学院[公办],,电子商务,,,461,138513
1996,新疆科技学院[公办],,旅游管理,,,459,141008
1997,新疆理工学院[公办],,金融学,,,464,134859
1997,新疆理工学院[公办],,国际经济与贸易,,,463,136058
1997,新疆理工学院[公办],,社会工作,,,463,136058
1997,新疆理工学院[公办],,英语,,,471,126020
1997,新疆理工学院[公办],,商务英语,,,466,132235
1997,新疆理工学院[公办],,信息与计算科学,,,461,138513
1997,新疆理工学院[公办],,机械设计制造及其自动化,,,462,137255
1997,新疆理工学院[公办],,机械电子工程,,,462,137255
1997,新疆理工学院[公办],,过程装备与控制工程,,,458,142250
1997,新疆理工学院[公办],,测控技术与仪器,,,458,142250
1997,新疆理工学院[公办],,能源服务工程,,,457,143500
1997,新疆理工学院[公办],,电气工程及其自动化,,,466,132235
1997,新疆理工学院[公办],,通信工程,,,463,136058
1997,新疆理工学院[公办],,机器人工程,,,462,137255
1997,新疆理工学院[公办],,计算机科学与技术,,,470,127253
1997,新疆理工学院[公办],,软件工程,,,468,129759
1997,新疆理工学院[公办],,数字媒体技术,,,468,129759
1997,新疆理工学院[公办],,智能科学与技术,,,464,134859
1997,新疆理工学院[公办],,土木工程,,,460,139765
1997,新疆理工学院[公办],,能源化学工程,,,458,142250
1997,新疆理工学院[公办],,食品营养与检验教育,,,457,143500
1997,新疆理工学院[公办],,食品安全与检测,,,459,141008
1997,新疆理工学院[公办],,食品卫生与营养学,,,458,142250
1997,新疆理工学院[公办],,信息管理与信息系统,,,460,139765
1997,新疆理工学院[公办],,工程管理,,,459,141008
1997,新疆理工学院[公办],,工商管理,,,466,132235
1997,新疆理工学院[公办],,市场营销,,,462,137255
1997,新疆理工学院[公办],,物流管理,,,462,137255
1997,新疆理工学院[公办],,物流工程,,,458,142250
1997,新疆理工学院[公办],,旅游管理,,,459,141008
1999,新疆农业大学(乌鲁木齐市)[公办],,数学与应用数学,,,477,118522
1999,新疆农业大学(乌鲁木齐市)[公办],,应用化学,,,481,113547
1999,新疆农业大学(乌鲁木齐市)[公办],,电气工程及其自动化,,,494,97686
1999,新疆农业大学(乌鲁木齐市)[公办],,电子信息科学与技术,,,496,95288
1999,新疆农业大学(乌鲁木齐市)[公办],,物联网工程,,,495,96518
1999,新疆农业大学(乌鲁木齐市)[公办],,土木工程,,,486,107443
1999,新疆农业大学(乌鲁木齐市)[公办],,水利水电工程,,,485,108714
1999,新疆农业大学(乌鲁木齐市)[公办],,化学工程与工艺,,,475,120971
1999,新疆农业大学(乌鲁木齐市)[公办],,交通运输,,,479,116040
1999,新疆农业大学(乌鲁木齐市)[公办],,交通工程,,,477,118522
1999,新疆农业大学(乌鲁木齐市)[公办],,农业水利工程,,,477,118522
1999,新疆农业大学(乌鲁木齐市)[公办],,食品科学与工程,,,484,109959
1999,新疆农业大学(乌鲁木齐市)[公办],,葡萄与葡萄酒工程,,,481,113547
1999,新疆农业大学(乌鲁木齐市)[公办],,农学,,,483,111133
1999,新疆农业大学(乌鲁木齐市)[公办],,植物保护,,,480,114796
1999,新疆农业大学(乌鲁木齐市)[公办],,种子科学与工程,,,486,107443
1999,新疆农业大学(乌鲁木齐市)[公办],,水土保持与荒漠化防治,,,474,122219
1999,新疆农业大学(乌鲁木齐市)[公办],,动物科学,,,476,119752
1999,新疆农业大学(乌鲁木齐市)[公办],,药学,,,482,112324
1999,新疆农业大学(乌鲁木齐市)[公办],,土木工程(中外合作办学),,,474,122219
1999,新疆农业大学(乌鲁木齐市)[公办],,交通运输(中外合作办学),,,462,137255
2003,新疆师范大学(乌鲁木齐市)[公办],,经济学,,,492,100090
2003,新疆师范大学(乌鲁木齐市)[公办],,社会工作,,,487,106171
2003,新疆师范大学(乌鲁木齐市)[公办],,教育技术学,,,491,101322
2003,新疆师范大学(乌鲁木齐市)[公办],,小学教育,,,534,54574
2003,新疆师范大学(乌鲁木齐市)[公办],,特殊教育,,,497,94131
2003,新疆师范大学(乌鲁木齐市)[公办],,汉语国际教育,,,506,83767
2003,新疆师范大学(乌鲁木齐市)[公办],,英语,,,517,71732
2003,新疆师范大学(乌鲁木齐市)[公办],,俄语,,,489,103748
2003,新疆师范大学(乌鲁木齐市)[公办],,日语,,,490,102500
2003,新疆师范大学(乌鲁木齐市)[公办],,数学与应用数学,,,511,78116
2003,新疆师范大学(乌鲁木齐市)[公办],,物理学,,,504,86042
2003,新疆师范大学(乌鲁木齐市)[公办],,化学,,,516,72762
2003,新疆师范大学(乌鲁木齐市)[公办],,地理科学,,,503,87191
2003,新疆师范大学(乌鲁木齐市)[公办],,地理信息科学,,,490,102500
2003,新疆师范大学(乌鲁木齐市)[公办],,生物科学,,,502,88336
2003,新疆师范大学(乌鲁木齐市)[公办],,心理学,,,503,87191
2003,新疆师范大学(乌鲁木齐市)[公办],,应用统计学,,,493,98867
2003,新疆师范大学(乌鲁木齐市)[公办],,电子信息科学与技术,,,500,90630
2003,新疆师范大学(乌鲁木齐市)[公办],,计算机科学与技术,,,503,87191
2003,新疆师范大学(乌鲁木齐市)[公办],,软件工程,,,499,91783
2003,新疆师范大学(乌鲁木齐市)[公办],,网络工程,,,499,91783
2003,新疆师范大学(乌鲁木齐市)[公办],,国际商务,,,484,109959
2003,新疆师范大学(乌鲁木齐市)[公办],,人力资源管理,,,485,108714
2003,新疆师范大学(乌鲁木齐市)[公办],,旅游管理,,,483,111133
2005,新疆天山职业技术大学[民办],,智能制造工程技术,,,451,151103
2005,新疆天山职业技术大学[民办],,电梯工程技术,,,445,158356
2005,新疆天山职业技术大学[民办],,无人机系统应用技术,,,449,153606
2005,新疆天山职业技术大学[民办],,新能源汽车工程技术,,,449,153606
2005,新疆天山职业技术大学[民办],,数字媒体技术,,,452,149859
2005,新疆天山职业技术大学[民办],,大数据工程技术,,,452,149859
2005,新疆天山职业技术大学[民办],,现代通信工程,,,450,152346
2005,新疆天山职业技术大学[民办],,大数据与会计,,,452,149859
2005,新疆天山职业技术大学[民办],,国际经济与贸易,,,448,154772
2005,新疆天山职业技术大学[民办],,电子商务,,,451,151103
2005,新疆天山职业技术大学[民办],,旅游管理,,,447,155919
2005,新疆天山职业技术大学[民办],,学前教育,,,453,148600
2005,新疆天山职业技术大学[民办],,应用俄语,,,454,147340
2006,新疆医科大学(乌鲁木齐市)[公办],,生物医学工程,,,506,83767
2006,新疆医科大学(乌鲁木齐市)[公办],,临床医学(“5+3一体化”),,,578,20380
2006,新疆医科大学(乌鲁木齐市)[公办],,临床医学(“5+3一体化”儿科学),,,575,22143
2006,新疆医科大学(乌鲁木齐市)[公办],,临床医学,,,536,52757
2006,新疆医科大学(乌鲁木齐市)[公办],,麻醉学,,,531,57544
2006,新疆医科大学(乌鲁木齐市)[公办],,医学影像学,,,533,55500
2006,新疆医科大学(乌鲁木齐市)[公办],,精神医学,,,526,62390
2006,新疆医科大学(乌鲁木齐市)[公办],,儿科学,,,532,56540
2006,新疆医科大学(乌鲁木齐市)[公办],,口腔医学,,,554,36948
2006,新疆医科大学(乌鲁木齐市)[公办],,预防医学,,,508,81575
2006,新疆医科大学(乌鲁木齐市)[公办],,中医学,,,510,79317
2006,新疆医科大学(乌鲁木齐市)[公办],,针灸推拿学,,,505,84880
2006,新疆医科大学(乌鲁木齐市)[公办],,中医康复学,,,508,81575
2006,新疆医科大学(乌鲁木齐市)[公办],,中西医临床医学,,,520,68611
2006,新疆医科大学(乌鲁木齐市)[公办],,药学,,,522,66475
2006,新疆医科大学(乌鲁木齐市)[公办],,临床药学,,,508,81575
2006,新疆医科大学(乌鲁木齐市)[公办],,中药学,,,498,92962
2006,新疆医科大学(乌鲁木齐市)[公办],,医学影像技术,,,517,71732
2006,新疆医科大学(乌鲁木齐市)[公办],,康复治疗学,,,502,88336
2006,新疆医科大学(乌鲁木齐市)[公办],,生物医药数据科学,,,495,96518
2006,新疆医科大学(乌鲁木齐市)[公办],,护理学,,,504,86042
2006,新疆医科大学(乌鲁木齐市)[公办],,健康服务与管理,,,494,97686
2007,新疆艺术学院(乌鲁木齐市)[公办],,艺术管理,,,490,102500
2008,新疆政法学院[公办],,国际经济与贸易,,,463,136058
2008,新疆政法学院[公办],,法学,,,493,98867
2008,新疆政法学院[公办],,监狱学,,,475,120971
2008,新疆政法学院[公办],,学前教育,,,466,132235
2008,新疆政法学院[公办],,英语,,,487,106171
2008,新疆政法学院[公办],,计算机科学与技术,,,465,133566
2008,新疆政法学院[公办],,财务管理,,,483,111133
2010,新乡学院[公办],,数学类,,,485,108714
2010,新乡学院[公办],,机械类,,,486,107443
2010,新乡学院[公办],,材料类,,,472,124770
2010,新乡学院[公办],,机器人工程,,,487,106171
2010,新乡学院[公办],,计算机类,,,495,96518
2010,新乡学院[公办],,化学工程与工艺,,,475,120971
2010,新乡学院[公办],,生物医学工程,,,476,119752
2010,新乡学院[公办],,食品科学与工程类,,,481,113547
2010,新乡学院[公办],,生物制药,,,479,116040
2010,新乡学院[公办],,药学,,,478,117259
2011,新乡医学院[公办],,临床医学,,,548,41891
2011,新乡医学院[公办],,麻醉学,,,539,49949
2012,新乡医学院三全学院[独立学院],,临床医学,,,490,102500
2014,新余学院[公办],,商务英语,,,501,89173
2014,新余学院[公办],,网络与新媒体,,,501,89173
2014,新余学院[公办],,机械设计制造及其自动化,,,501,89173
2014,新余学院[公办],,材料科学与工程,,,486,107443
2014,新余学院[公办],,新能源材料与器件,,,489,103748
2014,新余学院[公办],,新能源科学与工程,,,504,86042
2014,新余学院[公办],,电气工程及其自动化,,,502,88336
2014,新余学院[公办],,电子信息工程,,,500,90630
2014,新余学院[公办],,通信工程,,,502,88336
2014,新余学院[公办],,机器人工程,,,495,96518
2014,新余学院[公办],,计算机科学与技术(软件开发),,,506,83767
2014,新余学院[公办],,软件工程,,,509,80441
2014,新余学院[公办],,数据科学与大数据技术,,,500,90630
2014,新余学院[公办],,土木工程,,,496,95288
2014,新余学院[公办],,智能建造,,,498,92962
2014,新余学院[公办],,护理学,,,497,94131
2014,新余学院[公办],,工程造价,,,501,89173
2014,新余学院[公办],,市场营销,,,498,92962
2014,新余学院[公办],,财务管理,,,503,87191
2016,信阳农林学院[公办],,网络工程,,,491,101322
2016,信阳农林学院[公办],,制药工程,,,478,117259
2016,信阳农林学院[公办],,食品质量与安全,,,478,117259
2016,信阳农林学院[公办],,中药资源与开发,,,480,114796
2018,信阳师范学院[公办],,金融工程,,,496,95288
2019,信阳学院[民办],,数学与应用数学,,,469,128494
2019,信阳学院[民办],,土木工程,,,457,143500
2022,邢台学院[公办],,金融工程,,,482,112324
2022,邢台学院[公办],,国际经济与贸易,,,480,114796
2022,邢台学院[公办],,法学,,,497,94131
2022,邢台学院[公办],,思想政治教育,,,494,97686
2022,邢台学院[公办],,教育学,,,482,112324
2022,邢台学院[公办],,学前教育,,,474,122219
2022,邢台学院[公办],,小学教育,,,490,102500
2022,邢台学院[公办],,汉语言文学,,,506,83767
2022,邢台学院[公办],,汉语国际教育,,,495,96518
2022,邢台学院[公办],,英语,,,499,91783
2022,邢台学院[公办],,翻译,,,482,112324
2022,邢台学院[公办],,历史学,,,479,116040
2022,邢台学院[公办],,数学与应用数学,,,485,108714
2022,邢台学院[公办],,物理学,,,473,123482
2022,邢台学院[公办],,化学,,,475,120971
2022,邢台学院[公办],,应用化学,,,468,129759
2022,邢台学院[公办],,地理科学,,,483,111133
2022,邢台学院[公办],,自然地理与资源环境,,,473,123482
2022,邢台学院[公办],,人文地理与城乡规划,,,477,118522
2022,邢台学院[公办],,地理信息科学,,,478,117259
2022,邢台学院[公办],,生物科学,,,475,120971
2022,邢台学院[公办],,生物技术,,,472,124770
2022,邢台学院[公办],,应用统计学,,,476,119752
2022,邢台学院[公办],,机械设计制造及其自动化,,,472,124770
2022,邢台学院[公办],,机械电子工程,,,471,126020
2022,邢台学院[公办],,材料物理,,,467,130969
2022,邢台学院[公办],,通信工程,,,477,118522
2022,邢台学院[公办],,电子信息科学与技术,,,484,109959
2022,邢台学院[公办],,自动化,,,477,118522
2022,邢台学院[公办],,机器人工程,,,473,123482
2022,邢台学院[公办],,计算机科学与技术,,,491,101322
2022,邢台学院[公办],,网络工程,,,478,117259
2022,邢台学院[公办],,物联网工程,,,477,118522
2022,邢台学院[公办],,化学工程与工艺,,,468,129759
2022,邢台学院[公办],,食品科学与工程,,,470,127253
2022,邢台学院[公办],,工商管理,,,480,114796
2022,邢台学院[公办],,市场营销,,,474,122219
2022,邢台学院[公办],,会计学,,,494,97686
2022,邢台学院[公办],,财务管理,,,489,103748
2022,邢台学院[公办],,物流管理,,,474,122219
2029,徐州工程学院[公办],,机械设计制造及其自动化,,,520,68611
2029,徐州工程学院[公办],,食品质量与安全,,,509,80441
2029,徐州工程学院[公办],,工程造价,,,508,81575
2029,徐州工程学院[公办],,物流工程,,,502,88336
2032,许昌学院[公办],,统计学,,,491,101322
2032,许昌学院[公办],,机械电子工程,,,490,102500
2032,许昌学院[公办],,材料科学与工程,,,482,112324
2032,许昌学院[公办],,电气工程及其自动化,,,508,81575
2032,许昌学院[公办],,电子信息工程,,,497,94131
2032,许昌学院[公办],,物联网工程,,,492,100090
2032,许昌学院[公办],,测绘工程,,,484,109959
2032,许昌学院[公办],,制药工程,,,486,107443
2032,许昌学院[公办],,食品科学与工程,,,486,107443
2032,许昌学院[公办],,工程造价,,,489,103748
2035,烟台大学[公办],,应用化学,,,532,56540
2035,烟台大学[公办],,生物科学,,,535,53694
2035,烟台大学[公办],,统计学,,,543,46278
2035,烟台大学[公办],,机械设计制造及其自动化,,,550,40256
2035,烟台大学[公办],,车辆工程,,,538,50883
2035,烟台大学[公办],,金属材料工程,,,530,58518
2035,烟台大学[公办],,软件工程,,,560,32247
2035,烟台大学[公办],,土木工程,,,539,49949
2035,烟台大学[公办],,化学工程与工艺,,,528,60450
2035,烟台大学[公办],,核工程与核技术,,,534,54574
2035,烟台大学[公办],,环境科学与工程,,,530,58518
2035,烟台大学[公办],,食品质量与安全,,,532,56540
2035,烟台大学[公办],,城乡规划,,,532,56540
2035,烟台大学[公办],,水产养殖学,,,517,71732
2035,烟台大学[公办],,会计学,,,552,38584
2036,烟台大学(边防军人子女预科班)[公办],,本科预科班,,,471,126020
2039,烟台科技学院(烟台市)[民办],,人工智能,,,462,137255
2039,烟台科技学院(烟台市)[民办],,机器人工程,,,457,143500
2039,烟台科技学院(烟台市)[民办],,网络工程,,,469,128494
2039,烟台科技学院(烟台市)[民办],,物联网工程,,,460,139765
2040,烟台理工学院[民办],,人工智能,,,456,144801
2040,烟台理工学院[民办],,计算机科学与技术,,,462,137255
2040,烟台理工学院[民办],,软件工程,,,461,138513
2040,烟台理工学院[民办],,生物工程,,,455,146091
2040,烟台理工学院[民办],,药学,,,464,134859
2041,烟台南山学院[民办],,金属材料工程(校企合作，与山东南山铝业股份有限公司合作),,,455,146091
2041,烟台南山学院[民办],,高分子材料与工程,,,455,146091
2041,烟台南山学院[民办],,复合材料与工程,,,454,147340
2041,烟台南山学院[民办],,电子信息工程,,,458,142250
2041,烟台南山学院[民办],,人工智能,,,458,142250
2041,烟台南山学院[民办],,自动化,,,458,142250
2041,烟台南山学院[民办],,数据科学与大数据技术,,,460,139765
2041,烟台南山学院[民办],,化学工程与工艺(校企合作，与南山裕龙石化有限公司合作),,,455,146091
2041,烟台南山学院[民办],,信息管理与信息系统,,,460,139765
2043,延安大学[公办],,经济学,,,529,59504
2043,延安大学[公办],,智能制造工程,,,535,53694
2043,延安大学[公办],,物联网工程,,,541,48106
2043,延安大学[公办],,石油工程,,,515,73836
2043,延安大学[公办],,油气储运工程,,,512,76936
2043,延安大学[公办],,环境工程,,,518,70669
2043,延安大学[公办],,人力资源管理,,,518,70669
2044,延安大学西安创新学院(西安市)[独立学院],,学前教育,,,455,146091
2044,延安大学西安创新学院(西安市)[独立学院],,小学教育,,,456,144801
2044,延安大学西安创新学院(西安市)[独立学院],,数学与应用数学,,,458,142250
2044,延安大学西安创新学院(西安市)[独立学院],,电子信息工程,,,460,139765
2044,延安大学西安创新学院(西安市)[独立学院],,计算机科学与技术,,,453,148600
2044,延安大学西安创新学院(西安市)[独立学院],,软件工程,,,469,128494
2044,延安大学西安创新学院(西安市)[独立学院],,土木工程,,,448,154772
2044,延安大学西安创新学院(西安市)[独立学院],,康复治疗学,,,454,147340
2044,延安大学西安创新学院(西安市)[独立学院],,工程造价,,,453,148600
2044,延安大学西安创新学院(西安市)[独立学院],,会计学,,,455,146091
2046,延边大学[公办],,经济学类,,,572,23984
2046,延边大学[公办],,数学类,,,571,24634
2046,延边大学[公办],,物理学,,,565,28568
2046,延边大学[公办],,化学类,,,564,29282
2046,延边大学[公办],,地理科学类,,,565,28568
2046,延边大学[公办],,机械类,,,568,26529
2046,延边大学[公办],,高分子材料与工程,,,566,27894
2046,延边大学[公办],,电子信息类,,,576,21536
2046,延边大学[公办],,人工智能,,,573,23356
2046,延边大学[公办],,土木工程,,,564,29282
2046,延边大学[公办],,食品科学与工程,,,563,30033
2046,延边大学[公办],,临床医学,,,583,17536
2046,延边大学[公办],,麻醉学,,,579,19795
2046,延边大学[公办],,预防医学,,,564,29282
2046,延边大学[公办],,中医学,,,564,29282
2046,延边大学[公办],,药学类,,,561,31495
2046,延边大学[公办],,护理学,,,552,38584
2046,延边大学[公办],,工商管理类,,,571,24634
2046,延边大学[公办],,物流管理,,,561,31495
2046,延边大学[公办],,旅游管理,,,554,36948
2046,延边大学[公办],,经济学(中外合作办学),,,549,41073
2046,延边大学[公办],,通信工程(中外合作办学),,,550,40256
2046,延边大学[公办],,食品科学与工程(中外合作办学),,,541,48106
2049,盐城工学院[公办],,过程装备与控制工程,,,498,92962
2049,盐城工学院[公办],,环境工程,,,493,98867
2051,盐城师范学院[公办],,应用化学,,,489,103748
2053,燕京理工学院(燕郊)[民办],,数字经济,,,443,160819
2053,燕京理工学院(燕郊)[民办],,金融学,,,453,148600
2053,燕京理工学院(燕郊)[民办],,金融科技,,,440,164582
2053,燕京理工学院(燕郊)[民办],,法学,,,454,147340
2053,燕京理工学院(燕郊)[民办],,学前教育,,,454,147340
2053,燕京理工学院(燕郊)[民办],,小学教育,,,455,146091
2053,燕京理工学院(燕郊)[民办],,汉语言文学,,,457,143500
2053,燕京理工学院(燕郊)[民办],,英语,,,452,149859
2053,燕京理工学院(燕郊)[民办],,商务英语,,,450,152346
2053,燕京理工学院(燕郊)[民办],,网络与新媒体,,,457,143500
2053,燕京理工学院(燕郊)[民办],,应用心理学,,,455,146091
2053,燕京理工学院(燕郊)[民办],,机械工程,,,441,163301
2053,燕京理工学院(燕郊)[民办],,车辆工程,,,441,163301
2053,燕京理工学院(燕郊)[民办],,智能制造工程,,,440,164582
2053,燕京理工学院(燕郊)[民办],,电子信息工程,,,446,157125
2053,燕京理工学院(燕郊)[民办],,通信工程,,,448,154772
2053,燕京理工学院(燕郊)[民办],,人工智能,,,443,160819
2053,燕京理工学院(燕郊)[民办],,自动化,,,448,154772
2053,燕京理工学院(燕郊)[民办],,机器人工程,,,441,163301
2053,燕京理工学院(燕郊)[民办],,计算机科学与技术,,,449,153606
2053,燕京理工学院(燕郊)[民办],,软件工程,,,445,158356
2053,燕京理工学院(燕郊)[民办],,物联网工程,,,444,159559
2053,燕京理工学院(燕郊)[民办],,数据科学与大数据技术,,,444,159559
2053,燕京理工学院(燕郊)[民办],,土木工程,,,440,164582
2053,燕京理工学院(燕郊)[民办],,制药工程,,,439,165845
2053,燕京理工学院(燕郊)[民办],,环境工程,,,439,165845
2053,燕京理工学院(燕郊)[民办],,建筑学,,,441,163301
2053,燕京理工学院(燕郊)[民办],,护理学,,,449,153606
2053,燕京理工学院(燕郊)[民办],,工程造价,,,441,163301
2053,燕京理工学院(燕郊)[民办],,大数据管理与应用,,,441,163301
2053,燕京理工学院(燕郊)[民办],,工商管理,,,453,148600
2053,燕京理工学院(燕郊)[民办],,会计学,,,444,159559
2053,燕京理工学院(燕郊)[民办],,财务管理,,,450,152346
2053,燕京理工学院(燕郊)[民办],,人力资源管理,,,449,153606
2053,燕京理工学院(燕郊)[民办],,审计学,,,448,154772
2053,燕京理工学院(燕郊)[民办],,物流管理,,,451,151103
2054,燕山大学(波兰校区)[公办],,机械设计制造及其自动化,,,475,120971
2054,燕山大学(波兰校区)[公办],,电气工程及其自动化,,,491,101322
2054,燕山大学(波兰校区)[公办],,电子科学与技术,,,495,96518
2054,燕山大学(波兰校区)[公办],,自动化,,,476,119752
2054,燕山大学(波兰校区)[公办],,化学工程与工艺,,,433,173411
2055,燕山大学(地方专项计划)[公办],,机械类,,,564,29282
2055,燕山大学(地方专项计划)[公办],,车辆工程,,,564,29282
2055,燕山大学(地方专项计划)[公办],,电气类,,,564,29282
2055,燕山大学(地方专项计划)[公办],,电子信息类,,,572,23984
2055,燕山大学(地方专项计划)[公办],,计算机科学与技术,,,580,19205
2055,燕山大学(地方专项计划)[公办],,土木类,,,555,36191
2057,燕山大学(秦皇岛市)[公办],,经济与金融,,,573,23356
2057,燕山大学(秦皇岛市)[公办],,外国语言文学类(英语),,,575,22143
2057,燕山大学(秦皇岛市)[公办],,日语,,,560,32247
2057,燕山大学(秦皇岛市)[公办],,信息与计算科学,,,572,23984
2057,燕山大学(秦皇岛市)[公办],,应用物理学,,,558,33822
2057,燕山大学(秦皇岛市)[公办],,应用化学,,,558,33822
2057,燕山大学(秦皇岛市)[公办],,统计学,,,570,25269
2057,燕山大学(秦皇岛市)[公办],,机械类,,,565,28568
2057,燕山大学(秦皇岛市)[公办],,机械设计制造及其自动化,,,585,16469
2057,燕山大学(秦皇岛市)[公办],,工业设计,,,565,28568
2057,燕山大学(秦皇岛市)[公办],,过程装备与控制工程,,,562,30764
2057,燕山大学(秦皇岛市)[公办],,车辆工程,,,566,27894
2057,燕山大学(秦皇岛市)[公办],,车辆工程,,,577,20936
2057,燕山大学(秦皇岛市)[公办],,智能感知工程,,,566,27894
2057,燕山大学(秦皇岛市)[公办],,材料类,,,555,36191
2057,燕山大学(秦皇岛市)[公办],,金属材料工程,,,533,55500
2057,燕山大学(秦皇岛市)[公办],,能源动力类,,,562,30764
2057,燕山大学(秦皇岛市)[公办],,电气类,,,568,26529
2057,燕山大学(秦皇岛市)[公办],,电子信息类,,,574,22729
2057,燕山大学(秦皇岛市)[公办],,电子信息工程,,,583,17536
2057,燕山大学(秦皇岛市)[公办],,自动化,,,582,18065
2057,燕山大学(秦皇岛市)[公办],,计算机科学与技术,,,581,18643
2057,燕山大学(秦皇岛市)[公办],,软件工程,,,576,21536
2057,燕山大学(秦皇岛市)[公办],,土木类,,,553,37725
2057,燕山大学(秦皇岛市)[公办],,土木工程,,,551,40256
2057,燕山大学(秦皇岛市)[公办],,化工与制药类,,,554,36948
2057,燕山大学(秦皇岛市)[公办],,环境工程,,,555,36191
2057,燕山大学(秦皇岛市)[公办],,建筑学,,,562,30764
2057,燕山大学(秦皇岛市)[公办],,生物工程,,,565,28568
2057,燕山大学(秦皇岛市)[公办],,智能医学工程,,,563,30033
2057,燕山大学(秦皇岛市)[公办],,工商管理类,,,567,27220
2057,燕山大学(秦皇岛市)[公办],,公共管理类,,,559,33069
2057,燕山大学(秦皇岛市)[公办],,工业工程,,,562,30764
2057,燕山大学(秦皇岛市)[公办],,机械设计制造及其自动化(中外合作办学),,,532,56540
2057,燕山大学(秦皇岛市)[公办],,电子科学与技术(中外合作办学),,,523,65475
2057,燕山大学(秦皇岛市)[公办],,自动化(中外合作办学),,,521,67552
2057,燕山大学(秦皇岛市)[公办],,软件工程(中外合作办学),,,531,57544
2057,燕山大学(秦皇岛市)[公办],,工业工程(中外合作办学),,,529,59504
2058,燕山大学(少数民族预科班)[公办],,本科预科班,,,540,49002
2059,扬州大学[公办],,数学与应用数学,,,578,20380
2059,扬州大学[公办],,生物技术,,,565,28568
2059,扬州大学[公办],,机械设计制造及其自动化,,,573,23356
2059,扬州大学[公办],,高分子材料与工程,,,565,28568
2059,扬州大学[公办],,微电子科学与工程,,,574,22729
2059,扬州大学[公办],,计算机科学与技术,,,582,18065
2059,扬州大学[公办],,土木工程,,,565,28568
2059,扬州大学[公办],,建筑环境与能源应用工程,,,563,30033
2059,扬州大学[公办],,制药工程,,,571,24634
2059,扬州大学[公办],,环境工程,,,557,34586
2059,扬州大学[公办],,烹饪与营养教育,,,552,38584
2059,扬州大学[公办],,建筑学,,,572,23984
2059,扬州大学[公办],,农学,,,563,30033
2059,扬州大学[公办],,植物保护,,,559,33069
2059,扬州大学[公办],,动物科学,,,558,33822
2059,扬州大学[公办],,动物医学,,,566,27894
2059,扬州大学[公办],,实验动物学,,,555,36191
2059,扬州大学[公办],,临床医学,,,590,14004
2059,扬州大学[公办],,工程管理,,,571,24634
2063,阳光学院(福州市)[民办],,国际经济与贸易,,,444,159559
2063,阳光学院(福州市)[民办],,应用心理学,,,446,157125
2063,阳光学院(福州市)[民办],,电子信息工程,,,444,159559
2063,阳光学院(福州市)[民办],,人工智能,,,442,162050
2063,阳光学院(福州市)[民办],,计算机科学与技术,,,446,157125
2063,阳光学院(福州市)[民办],,数字媒体技术,,,450,152346
2063,阳光学院(福州市)[民办],,数据科学与大数据技术,,,450,152346
2063,阳光学院(福州市)[民办],,土木工程,,,443,160819
2063,阳光学院(福州市)[民办],,电子商务,,,439,165845
2063,阳光学院(福州市)[民办],,电子商务(中外合作办学),,,431,175849
2066,仰恩大学[民办],,国际经济与贸易,,,451,151103
2068,伊犁师范大学[公办],,数字经济,,,468,129759
2068,伊犁师范大学[公办],,贸易经济,,,461,138513
2068,伊犁师范大学[公办],,法学,,,477,118522
2068,伊犁师范大学[公办],,教育技术学,,,466,132235
2068,伊犁师范大学[公办],,小学教育(理科方向),,,469,128494
2068,伊犁师范大学[公办],,英语,,,476,119752
2068,伊犁师范大学[公办],,俄语,,,465,133566
2068,伊犁师范大学[公办],,翻译,,,476,119752
2068,伊犁师范大学[公办],,广播电视学,,,465,133566
2068,伊犁师范大学[公办],,网络与新媒体,,,488,104962
2068,伊犁师范大学[公办],,数学与应用数学,,,468,129759
2068,伊犁师范大学[公办],,物理学,,,470,127253
2068,伊犁师范大学[公办],,应用物理学,,,465,133566
2068,伊犁师范大学[公办],,化学,,,468,129759
2068,伊犁师范大学[公办],,应用化学,,,465,133566
2068,伊犁师范大学[公办],,地理科学,,,472,124770
2068,伊犁师范大学[公办],,自然地理与资源环境,,,462,137255
2068,伊犁师范大学[公办],,生物科学,,,469,128494
2068,伊犁师范大学[公办],,应用心理学,,,468,129759
2068,伊犁师范大学[公办],,应用统计学,,,463,136058
2068,伊犁师范大学[公办],,材料化学,,,462,137255
2068,伊犁师范大学[公办],,电气工程及其自动化,,,478,117259
2068,伊犁师范大学[公办],,电子信息工程,,,471,126020
2068,伊犁师范大学[公办],,电子信息科学与技术,,,474,122219
2068,伊犁师范大学[公办],,计算机科学与技术,,,475,120971
2068,伊犁师范大学[公办],,物联网工程,,,469,128494
2068,伊犁师范大学[公办],,土木工程,,,466,132235
2068,伊犁师范大学[公办],,环境工程,,,461,138513
2068,伊犁师范大学[公办],,环境科学,,,461,138513
2068,伊犁师范大学[公办],,食品质量与安全,,,465,133566
2068,伊犁师范大学[公办],,生物工程,,,463,136058
2068,伊犁师范大学[公办],,植物保护,,,462,137255
2068,伊犁师范大学[公办],,信息管理与信息系统,,,464,134859
2068,伊犁师范大学[公办],,会计学,,,473,123482
2068,伊犁师范大学[公办],,跨境电子商务,,,462,137255
2068,伊犁师范大学[公办],,旅游管理,,,463,136058
2068,伊犁师范大学[公办],,会展经济与管理,,,464,134859
2070,宜宾学院[公办],,英语,,,498,92962
2070,宜宾学院[公办],,数学与应用数学,,,497,94131
2070,宜宾学院[公办],,信息与计算科学,,,504,86042
2070,宜宾学院[公办],,物理学,,,493,98867
2070,宜宾学院[公办],,应用化学,,,489,103748
2070,宜宾学院[公办],,机械电子工程,,,499,91783
2070,宜宾学院[公办],,食品质量与安全,,,487,106171
2070,宜宾学院[公办],,应用生物科学,,,487,106171
2071,宜春学院[公办],,法语,,,512,76936
2071,宜春学院[公办],,翻译,,,494,97686
2071,宜春学院[公办],,商务英语,,,494,97686
2071,宜春学院[公办],,数学与应用数学,,,491,101322
2071,宜春学院[公办],,化学,,,489,103748
2071,宜春学院[公办],,应用化学,,,486,107443
2071,宜春学院[公办],,人文地理与城乡规划,,,483,111133
2071,宜春学院[公办],,机械设计制造及其自动化,,,498,92962
2071,宜春学院[公办],,电子信息工程,,,499,91783
2071,宜春学院[公办],,人工智能,,,493,98867
2071,宜春学院[公办],,计算机科学与技术,,,508,81575
2071,宜春学院[公办],,软件工程,,,500,90630
2071,宜春学院[公办],,数据科学与大数据技术,,,503,87191
2071,宜春学院[公办],,土木工程,,,486,107443
2071,宜春学院[公办],,制药工程,,,486,107443
2071,宜春学院[公办],,环境科学,,,474,122219
2071,宜春学院[公办],,生物工程,,,487,106171
2071,宜春学院[公办],,农学,,,479,116040
2071,宜春学院[公办],,园艺,,,484,109959
2071,宜春学院[公办],,动物医学,,,494,97686
2071,宜春学院[公办],,预防医学,,,490,102500
2071,宜春学院[公办],,药学,,,495,96518
2071,宜春学院[公办],,护理学,,,485,108714
2071,宜春学院[公办],,城市管理,,,489,103748
2071,宜春学院[公办],,旅游管理,,,474,122219
2072,银川科技学院[民办],,机械工程,,,433,173411
2072,银川科技学院[民办],,智能制造工程,,,436,169642
2072,银川科技学院[民办],,能源与动力工程,,,438,167058
2072,银川科技学院[民办],,电气工程及其自动化,,,438,167058
2072,银川科技学院[民办],,计算机科学与技术,,,435,170844
2072,银川科技学院[民办],,工程造价,,,434,172120
2073,银川能源学院[民办],,能源经济,,,445,158356
2073,银川能源学院[民办],,金融工程,,,441,163301
2073,银川能源学院[民办],,社会工作,,,435,170844
2073,银川能源学院[民办],,学前教育,,,440,164582
2073,银川能源学院[民办],,翻译,,,451,151103
2073,银川能源学院[民办],,商务英语,,,439,165845
2073,银川能源学院[民办],,机械设计制造及其自动化,,,434,172120
2073,银川能源学院[民办],,能源与动力工程,,,436,169642
2073,银川能源学院[民办],,电气工程及其自动化,,,434,172120
2073,银川能源学院[民办],,通信工程,,,436,169642
2073,银川能源学院[民办],,物联网工程,,,437,168382
2073,银川能源学院[民办],,数字媒体技术,,,441,163301
2073,银川能源学院[民办],,数据科学与大数据技术,,,436,169642
2073,银川能源学院[民办],,土木工程,,,433,173411
2073,银川能源学院[民办],,化学工程与工艺,,,433,173411
2073,银川能源学院[民办],,能源化学工程,,,436,169642
2073,银川能源学院[民办],,食品质量与安全,,,449,153606
2073,银川能源学院[民办],,风景园林,,,436,169642
2073,银川能源学院[民办],,设施农业科学与工程,,,437,168382
2073,银川能源学院[民办],,信息管理与信息系统,,,442,162050
2073,银川能源学院[民办],,工程造价,,,435,170844
2073,银川能源学院[民办],,财务管理,,,437,168382
2073,银川能源学院[民办],,人力资源管理,,,437,168382
2073,银川能源学院[民办],,审计学,,,444,159559
2074,营口理工学院[公办],,金融工程,,,503,87191
2074,营口理工学院[公办],,机械设计制造及其自动化,,,500,90630
2074,营口理工学院[公办],,材料成型及控制工程,,,485,108714
2074,营口理工学院[公办],,机械电子工程,,,496,95288
2074,营口理工学院[公办],,新能源科学与工程,,,496,95288
2074,营口理工学院[公办],,电气工程及其自动化,,,509,80441
2074,营口理工学院[公办],,自动化,,,500,90630
2074,营口理工学院[公办],,智能科学与技术,,,498,92962
2074,营口理工学院[公办],,化学工程与工艺,,,494,97686
2074,营口理工学院[公办],,环境科学与工程,,,486,107443
2074,营口理工学院[公办],,物流管理,,,494,97686
2074,营口理工学院[公办],,供应链管理,,,491,101322
2077,右江民族医学院(百色市)[公办],,临床医学,,,512,76936
2077,右江民族医学院(百色市)[公办],,医学影像学,,,511,78116
2077,右江民族医学院(百色市)[公办],,预防医学,,,495,96518
2077,右江民族医学院(百色市)[公办],,医学检验技术,,,491,101322
2077,右江民族医学院(百色市)[公办],,医学实验技术,,,490,102500
2077,右江民族医学院(百色市)[公办],,护理学,,,491,101322
2077,右江民族医学院(百色市)[公办],,公共事业管理,,,482,112324
2077,右江民族医学院(百色市)[公办],,健康服务与管理,,,468,129759
2079,榆林学院[公办],,金融工程,,,482,112324
2079,榆林学院[公办],,生物科学,,,484,109959
2079,榆林学院[公办],,机械设计制造及其自动化,,,484,109959
2079,榆林学院[公办],,建筑环境与能源应用工程,,,475,120971
2079,榆林学院[公办],,化学工程与工艺,,,480,114796
2079,榆林学院[公办],,植物科学与技术,,,479,116040
2079,榆林学院[公办],,机械设计制造及其自动化(中外合作办学),,,474,122219
2081,玉林师范学院[公办],,信息安全,,,476,119752
2081,玉林师范学院[公办],,数据科学与大数据技术,,,479,116040
2081,玉林师范学院[公办],,财务管理,,,475,120971
2082,玉溪师范学院[公办],,数学与应用数学,,,484,109959
2082,玉溪师范学院[公办],,物理学,,,477,118522
2082,玉溪师范学院[公办],,化学,,,482,112324
2082,玉溪师范学院[公办],,环境生态工程,,,474,122219
2083,云南财经大学(昆明市)[公办],,经济学,,,540,49002
2083,云南财经大学(昆明市)[公办],,经济统计学,,,533,55500
2083,云南财经大学(昆明市)[公办],,税收学,,,539,49949
2083,云南财经大学(昆明市)[公办],,金融学,,,546,43628
2083,云南财经大学(昆明市)[公办],,金融工程,,,534,54574
2083,云南财经大学(昆明市)[公办],,金融数学,,,530,58518
2083,云南财经大学(昆明市)[公办],,精算学,,,530,58518
2083,云南财经大学(昆明市)[公办],,互联网金融,,,533,55500
2083,云南财经大学(昆明市)[公办],,国际经济与贸易,,,534,54574
2083,云南财经大学(昆明市)[公办],,法学,,,538,50883
2083,云南财经大学(昆明市)[公办],,英语,,,536,52757
2083,云南财经大学(昆明市)[公办],,数据科学与大数据技术,,,539,49949
2083,云南财经大学(昆明市)[公办],,城乡规划,,,514,74839
2083,云南财经大学(昆明市)[公办],,信息管理与信息系统,,,528,60450
2083,云南财经大学(昆明市)[公办],,工程管理,,,518,70669
2083,云南财经大学(昆明市)[公办],,市场营销,,,519,69642
2083,云南财经大学(昆明市)[公办],,会计学,,,548,41891
2083,云南财经大学(昆明市)[公办],,财务管理,,,544,45381
2083,云南财经大学(昆明市)[公办],,行政管理,,,525,63402
2083,云南财经大学(昆明市)[公办],,供应链管理,,,524,64450
2083,云南财经大学(昆明市)[公办],,会展经济与管理,,,520,68611
2086,云南大学滇池学院[独立学院],,经济学,,,451,151103
2086,云南大学滇池学院[独立学院],,金融学,,,454,147340
2086,云南大学滇池学院[独立学院],,国际经济与贸易,,,448,154772
2086,云南大学滇池学院[独立学院],,法学,,,471,126020
2086,云南大学滇池学院[独立学院],,社会工作,,,443,160819
2086,云南大学滇池学院[独立学院],,英语,,,463,136058
2086,云南大学滇池学院[独立学院],,人工智能,,,457,143500
2086,云南大学滇池学院[独立学院],,计算机科学与技术,,,452,149859
2086,云南大学滇池学院[独立学院],,软件工程,,,453,148600
2086,云南大学滇池学院[独立学院],,数字媒体技术,,,456,144801
2086,云南大学滇池学院[独立学院],,土木工程,,,452,149859
2086,云南大学滇池学院[独立学院],,建筑类,,,457,143500
2086,云南大学滇池学院[独立学院],,工程管理,,,448,154772
2086,云南大学滇池学院[独立学院],,工商管理类,,,451,151103
2086,云南大学滇池学院[独立学院],,会计学,,,454,147340
2086,云南大学滇池学院[独立学院],,财务管理,,,452,149859
2086,云南大学滇池学院[独立学院],,电子商务,,,450,152346
2087,云南大学(昆明市)[公办],,哲学,,,593,12676
2087,云南大学(昆明市)[公办],,经济学类,,,587,15439
2087,云南大学(昆明市)[公办],,法学,,,590,14004
2087,云南大学(昆明市)[公办],,政治学与行政学,,,579,19795
2087,云南大学(昆明市)[公办],,数学与应用数学,,,585,16469
2087,云南大学(昆明市)[公办],,物理学,,,585,16469
2087,云南大学(昆明市)[公办],,化学类,,,572,23984
2087,云南大学(昆明市)[公办],,地理科学,,,577,20936
2087,云南大学(昆明市)[公办],,地理信息科学,,,581,18643
2087,云南大学(昆明市)[公办],,大气科学,,,583,17536
2087,云南大学(昆明市)[公办],,地球物理学,,,571,24634
2087,云南大学(昆明市)[公办],,地质学,,,569,25895
2087,云南大学(昆明市)[公办],,生物技术,,,579,19795
2087,云南大学(昆明市)[公办],,生态学,,,579,19795
2087,云南大学(昆明市)[公办],,统计学,,,585,16469
2087,云南大学(昆明市)[公办],,材料科学与工程,,,572,23984
2087,云南大学(昆明市)[公办],,新能源科学与工程,,,579,19795
2087,云南大学(昆明市)[公办],,电子信息类,,,586,15960
2087,云南大学(昆明市)[公办],,计算机类,,,586,15960
2087,云南大学(昆明市)[公办],,数据科学与大数据技术,,,586,15960
2087,云南大学(昆明市)[公办],,土木工程,,,573,23356
2087,云南大学(昆明市)[公办],,环境科学与工程类,,,572,23984
2087,云南大学(昆明市)[公办],,建筑学,,,576,21536
2087,云南大学(昆明市)[公办],,城乡规划,,,573,23356
2087,云南大学(昆明市)[公办],,临床医学,,,593,12676
2087,云南大学(昆明市)[公办],,工商管理类,,,578,20380
2087,云南大学(昆明市)[公办],,档案学,,,579,19795
2087,云南大学(昆明市)[公办],,信息资源管理,,,582,18065
2087,云南大学(昆明市)[公办],,土木工程(中外合作办学),,,541,48106
2090,云南经济管理学院[民办],,小学教育,,,454,147340
2090,云南经济管理学院[民办],,人工智能,,,438,167058
2090,云南经济管理学院[民办],,物联网工程,,,438,167058
2090,云南经济管理学院[民办],,虚拟现实技术,,,442,162050
2090,云南经济管理学院[民办],,测绘工程,,,439,165845
2090,云南经济管理学院[民办],,建筑学,,,438,167058
2090,云南经济管理学院[民办],,康复治疗学,,,432,174661
2090,云南经济管理学院[民办],,助产学,,,436,169642
2090,云南经济管理学院[民办],,大数据管理与应用,,,440,164582
2090,云南经济管理学院[民办],,财务管理,,,447,155919
2091,云南警官学院(昆明市)[公办],,网络空间安全,,,510,79317
2094,云南民族大学(昆明市)[公办],,经济学,,,520,68611
2094,云南民族大学(昆明市)[公办],,化学,,,512,76936
2094,云南民族大学(昆明市)[公办],,应用心理学,,,522,66475
2094,云南民族大学(昆明市)[公办],,财务管理,,,527,61435
2095,云南农业大学(昆明市)[公办],,经济学,,,524,64450
2095,云南农业大学(昆明市)[公办],,社会工作,,,512,76936
2095,云南农业大学(昆明市)[公办],,英语,,,523,65475
2095,云南农业大学(昆明市)[公办],,数学与应用数学,,,514,74839
2095,云南农业大学(昆明市)[公办],,化学生物学,,,507,82620
2095,云南农业大学(昆明市)[公办],,生物技术,,,509,80441
2095,云南农业大学(昆明市)[公办],,能源与动力工程,,,516,72762
2095,云南农业大学(昆明市)[公办],,电气工程及其自动化,,,538,50883
2095,云南农业大学(昆明市)[公办],,数据科学与大数据技术,,,533,55500
2095,云南农业大学(昆明市)[公办],,土木工程,,,520,68611
2095,云南农业大学(昆明市)[公办],,水利水电工程,,,512,76936
2095,云南农业大学(昆明市)[公办],,水文与水资源工程,,,508,81575
2095,云南农业大学(昆明市)[公办],,农业机械化及其自动化,,,507,82620
2095,云南农业大学(昆明市)[公办],,食品科学与工程,,,513,75878
2095,云南农业大学(昆明市)[公办],,葡萄与葡萄酒工程,,,501,89173
2095,云南农业大学(昆明市)[公办],,风景园林,,,513,75878
2095,云南农业大学(昆明市)[公办],,农学,,,511,78116
2095,云南农业大学(昆明市)[公办],,植物保护,,,509,80441
2095,云南农业大学(昆明市)[公办],,烟草,,,526,62390
2095,云南农业大学(昆明市)[公办],,水土保持与荒漠化防治,,,501,89173
2095,云南农业大学(昆明市)[公办],,动物医学,,,524,64450
2095,云南农业大学(昆明市)[公办],,动植物检疫(植物检疫),,,498,92962
2095,云南农业大学(昆明市)[公办],,电子商务,,,518,70669
2095,云南农业大学(昆明市)[公办],,土木工程(中外合作办学)(土木与环境),,,486,107443
2095,云南农业大学(昆明市)[公办],,农林经济管理(中外合作办学),,,488,104962
2097,云南师范大学(昆明市)[公办],,法学(纪检),,,547,42788
2097,云南师范大学(昆明市)[公办],,社会学,,,537,51825
2097,云南师范大学(昆明市)[公办],,物理学,,,551,40256
2097,云南师范大学(昆明市)[公办],,化学,,,542,47194
2097,云南师范大学(昆明市)[公办],,计算机科学与技术,,,545,44494
2101,云南艺术学院文华学院[独立学院],,学前教育,,,451,151103
2101,云南艺术学院文华学院[独立学院],,小学教育,,,442,162050
2101,云南艺术学院文华学院[独立学院],,文化产业管理,,,431,175849
2102,云南中医药大学(昆明市)[公办],,医学信息工程,,,517,71732
2102,云南中医药大学(昆明市)[公办],,食品质量与安全,,,502,88336
2102,云南中医药大学(昆明市)[公办],,中医学,,,548,41891
2102,云南中医药大学(昆明市)[公办],,针灸推拿学,,,527,61435
2102,云南中医药大学(昆明市)[公办],,中医康复学,,,508,81575
2102,云南中医药大学(昆明市)[公办],,中医骨伤科学,,,519,69642
2102,云南中医药大学(昆明市)[公办],,中西医临床医学,,,523,65475
2102,云南中医药大学(昆明市)[公办],,药学,,,513,75878
2102,云南中医药大学(昆明市)[公办],,药物制剂,,,513,75878
2102,云南中医药大学(昆明市)[公办],,中药学,,,532,56540
2102,云南中医药大学(昆明市)[公办],,中药资源与开发,,,513,75878
2102,云南中医药大学(昆明市)[公办],,康复治疗学,,,522,66475
2102,云南中医药大学(昆明市)[公办],,护理学,,,515,73836
2102,云南中医药大学(昆明市)[公办],,公共事业管理,,,502,88336
2105,运城学院[公办],,金融工程,,,480,114796
2105,运城学院[公办],,数学与应用数学,,,487,106171
2105,运城学院[公办],,化学,,,483,111133
2105,运城学院[公办],,生物科学(检验与检测方向),,,474,122219
2105,运城学院[公办],,机械设计制造及其自动化,,,483,111133
2105,运城学院[公办],,电气工程及其自动化,,,488,104962
2105,运城学院[公办],,电子科学与技术,,,496,95288
2105,运城学院[公办],,通信工程,,,487,106171
2105,运城学院[公办],,数字媒体技术,,,488,104962
2105,运城学院[公办],,食品科学与工程,,,476,119752
2105,运城学院[公办],,物流管理,,,476,119752
2108,枣庄学院[公办],,材料科学与工程,,,476,119752
2108,枣庄学院[公办],,通信工程,,,489,103748
2108,枣庄学院[公办],,机器人工程,,,486,107443
2108,枣庄学院[公办],,土木类,,,475,120971
2112,张家口学院[公办],,金融工程,,,480,114796
2112,张家口学院[公办],,艺术教育,,,471,126020
2112,张家口学院[公办],,学前教育,,,476,119752
2112,张家口学院[公办],,小学教育,,,485,108714
2112,张家口学院[公办],,英语,,,493,98867
2112,张家口学院[公办],,翻译,,,481,113547
2112,张家口学院[公办],,数学与应用数学,,,479,116040
2112,张家口学院[公办],,地理科学,,,480,114796
2112,张家口学院[公办],,生态学,,,468,129759
2112,张家口学院[公办],,网络工程,,,475,120971
2112,张家口学院[公办],,物联网工程,,,476,119752
2112,张家口学院[公办],,数字媒体技术,,,477,118522
2112,张家口学院[公办],,药学,,,480,114796
2112,张家口学院[公办],,医学影像技术,,,488,104962
2112,张家口学院[公办],,康复治疗学,,,476,119752
2112,张家口学院[公办],,口腔医学技术,,,488,104962
2112,张家口学院[公办],,护理学,,,487,106171
2112,张家口学院[公办],,助产学,,,477,118522
2112,张家口学院[公办],,会计学,,,490,102500
2112,张家口学院[公办],,财务管理,,,485,108714
2112,张家口学院[公办],,健康服务与管理,,,469,128494
2112,张家口学院[公办],,旅游管理,,,468,129759
2118,肇庆学院[公办],,机械类,,,475,120971
2119,浙大城市学院[公办],,新闻传播学类,,,545,44494
2119,浙大城市学院[公办],,统计学,,,533,55500
2119,浙大城市学院[公办],,智能制造工程,,,532,56540
2119,浙大城市学院[公办],,自动化,,,540,49002
2119,浙大城市学院[公办],,计算机类,,,551,40256
2119,浙大城市学院[公办],,工商管理类,,,538,50883
2120,浙大宁波理工学院[公办],,机械设计制造及其自动化,,,530,58518
2120,浙大宁波理工学院[公办],,工业设计,,,529,59504
2120,浙大宁波理工学院[公办],,电气工程及其自动化,,,540,49002
2120,浙大宁波理工学院[公办],,电子信息工程,,,538,50883
2120,浙大宁波理工学院[公办],,计算机科学与技术,,,539,49949
2120,浙大宁波理工学院[公办],,数据科学与大数据技术,,,539,49949
2120,浙大宁波理工学院[公办],,土木工程,,,515,73836
2120,浙大宁波理工学院[公办],,化学工程与工艺,,,515,73836
2123,浙江财经大学(杭州市)[公办],,财政学类,,,584,17032
2123,浙江财经大学(杭州市)[公办],,金融学类,,,582,18065
2123,浙江财经大学(杭州市)[公办],,经济与贸易类,,,577,20936
2123,浙江财经大学(杭州市)[公办],,法学类,,,575,22143
2123,浙江财经大学(杭州市)[公办],,外国语言文学类,,,570,25269
2123,浙江财经大学(杭州市)[公办],,新闻传播学类,,,573,23356
2123,浙江财经大学(杭州市)[公办],,统计学类,,,576,21536
2123,浙江财经大学(杭州市)[公办],,计算机类,,,578,20380
2123,浙江财经大学(杭州市)[公办],,计算机类(大数据),,,580,19205
2123,浙江财经大学(杭州市)[公办],,建筑类,,,567,27220
2123,浙江财经大学(杭州市)[公办],,管理科学与工程类,,,560,32247
2123,浙江财经大学(杭州市)[公办],,工商管理类(财会类),,,581,18643
2123,浙江财经大学(杭州市)[公办],,工商管理类,,,576,21536
2123,浙江财经大学(杭州市)[公办],,公共管理类,,,561,31495
2123,浙江财经大学(杭州市)[公办],,电子商务类,,,566,27894
2123,浙江财经大学(杭州市)[公办],,金融学(中外合作办学),,,570,25269
2123,浙江财经大学(杭州市)[公办],,市场营销(中外合作办学),,,531,57544
2123,浙江财经大学(杭州市)[公办],,会计学(中外合作办学),,,567,27220
2124,浙江传媒学院[公办],,汉语言文学,,,556,35406
2124,浙江传媒学院[公办],,英语,,,549,41073
2124,浙江传媒学院[公办],,新闻学,,,560,32247
2124,浙江传媒学院[公办],,广播电视学,,,571,24634
2124,浙江传媒学院[公办],,广告学,,,556,35406
2124,浙江传媒学院[公办],,传播学,,,562,30764
2124,浙江传媒学院[公办],,编辑出版学,,,556,35406
2124,浙江传媒学院[公办],,网络与新媒体,,,560,32247
2124,浙江传媒学院[公办],,电子科学与技术(演艺工程与舞台技术),,,554,36948
2124,浙江传媒学院[公办],,广播电视工程,,,551,40256
2124,浙江传媒学院[公办],,人工智能,,,546,43628
2124,浙江传媒学院[公办],,软件工程(传媒大数据),,,558,33822
2124,浙江传媒学院[公办],,网络工程,,,557,34586
2124,浙江传媒学院[公办],,数字媒体技术,,,568,26529
2124,浙江传媒学院[公办],,文化产业管理,,,546,43628
2124,浙江传媒学院[公办],,公共关系学,,,534,54574
2124,浙江传媒学院[公办],,会展经济与管理,,,545,44494
2124,浙江传媒学院[公办],,传播学(中外合作办学),,,543,46278
2125,浙江大学(ZJUUIUC联合学院)(中外合作办学)[公办],,工科试验班(中外合作办学，ZJUUIUC联合学院),,,609,6887
2126,浙江大学(杭州市)[公办],,工科试验班,,,662,257
2126,浙江大学(杭州市)[公办],,工科试验班(信息),,,659,342
2126,浙江大学(杭州市)[公办],,工科试验班(竺可桢学院图灵班),,,667,173
2128,浙江大学医学院[公办],,医学试验班类,,,651,658
2128,浙江大学医学院[公办],,临床医学(5+3一体化培养),,,656,436
2128,浙江大学医学院[公办],,临床医学(儿科方向，5+3一体化培养),,,649,764
2128,浙江大学医学院[公办],,口腔医学(5+3一体化培养),,,651,658
2129,浙江大学医学院(ZJUUOE联合学院)(中外合作办学)[公办],,生物医学(中外合作办学)(ZJUUOE联合学院，含生物信息),,,593,12676
2131,浙江工商大学杭州商学院[独立学院],,经济统计学,,,491,101322
2131,浙江工商大学杭州商学院[独立学院],,金融学,,,499,91783
2131,浙江工商大学杭州商学院[独立学院],,互联网金融,,,482,112324
2131,浙江工商大学杭州商学院[独立学院],,应用统计学,,,480,114796
2131,浙江工商大学杭州商学院[独立学院],,工商管理,,,501,89173
2131,浙江工商大学杭州商学院[独立学院],,会计学(智能会计方向),,,501,89173
2131,浙江工商大学杭州商学院[独立学院],,跨境电子商务,,,469,128494
2132,浙江工商大学(杭州市)[公办],,社会工作,,,552,38584
2132,浙江工商大学(杭州市)[公办],,新闻传播学类,,,570,25269
2132,浙江工商大学(杭州市)[公办],,环境科学与工程类,,,543,46278
2132,浙江工商大学(杭州市)[公办],,食品科学与工程类,,,549,41073
2132,浙江工商大学(杭州市)[公办],,公共管理类,,,554,36948
2132,浙江工商大学(杭州市)[公办],,电子商务类,,,557,34586
2135,浙江工业大学(杭州市)[公办],,数学类,,,582,18065
2135,浙江工业大学(杭州市)[公办],,机械类,,,583,17536
2135,浙江工业大学(杭州市)[公办],,工业设计,,,574,22729
2135,浙江工业大学(杭州市)[公办],,电气类,,,587,15439
2135,浙江工业大学(杭州市)[公办],,机器人工程,,,583,17536
2135,浙江工业大学(杭州市)[公办],,计算机类,,,590,14004
2135,浙江工业大学(杭州市)[公办],,数据科学与大数据技术,,,588,14950
2135,浙江工业大学(杭州市)[公办],,化工与制药类(化学工程类),,,575,22143
2135,浙江工业大学(杭州市)[公办],,药学类(2011计划创新实验区),,,573,23356
2135,浙江工业大学(杭州市)[公办],,土木工程(中外合作办学),,,532,56540
2136,浙江工业大学之江学院(绍兴市)[独立学院],,机械工程,,,474,122219
2136,浙江工业大学之江学院(绍兴市)[独立学院],,电子信息工程,,,488,104962
2136,浙江工业大学之江学院(绍兴市)[独立学院],,自动化,,,476,119752
2136,浙江工业大学之江学院(绍兴市)[独立学院],,计算机科学与技术,,,486,107443
2136,浙江工业大学之江学院(绍兴市)[独立学院],,软件工程,,,482,112324
2137,浙江广厦建设职业技术大学[民办],,建筑工程,,,439,165845
2137,浙江广厦建设职业技术大学[民办],,工程造价,,,443,160819
2137,浙江广厦建设职业技术大学[民办],,机器人技术,,,442,162050
2137,浙江广厦建设职业技术大学[民办],,软件工程技术,,,443,160819
2138,浙江海洋大学(舟山市)[公办],,数学与应用数学(师范),,,542,47194
2138,浙江海洋大学(舟山市)[公办],,海洋科学类,,,530,58518
2138,浙江海洋大学(舟山市)[公办],,海洋资源与环境,,,532,56540
2138,浙江海洋大学(舟山市)[公办],,机械设计制造及其自动化,,,547,42788
2138,浙江海洋大学(舟山市)[公办],,土木工程,,,538,50883
2138,浙江海洋大学(舟山市)[公办],,港口航道与海岸工程,,,526,62390
2138,浙江海洋大学(舟山市)[公办],,化学工程与工艺,,,524,64450
2138,浙江海洋大学(舟山市)[公办],,油气储运工程,,,519,69642
2138,浙江海洋大学(舟山市)[公办],,海洋油气工程,,,524,64450
2138,浙江海洋大学(舟山市)[公办],,轮机工程(船机修造方向),,,519,69642
2138,浙江海洋大学(舟山市)[公办],,船舶与海洋工程,,,548,41891
2138,浙江海洋大学(舟山市)[公办],,食品科学与工程,,,530,58518
2138,浙江海洋大学(舟山市)[公办],,安全工程,,,535,53694
2138,浙江海洋大学(舟山市)[公办],,水产养殖学,,,520,68611
2138,浙江海洋大学(舟山市)[公办],,海洋渔业科学与技术,,,522,66475
2138,浙江海洋大学(舟山市)[公办],,水族科学与技术,,,517,71732
2138,浙江海洋大学(舟山市)[公办],,船舶与海洋工程(中外合作办学),,,506,83767
2145,浙江科技学院(杭州市)[公办],,信息与计算科学,,,537,51825
2145,浙江科技学院(杭州市)[公办],,应用物理学,,,528,60450
2145,浙江科技学院(杭州市)[公办],,机械类,,,532,56540
2145,浙江科技学院(杭州市)[公办],,机械类(中德联合培养),,,497,94131
2145,浙江科技学院(杭州市)[公办],,电子信息类,,,542,47194
2145,浙江科技学院(杭州市)[公办],,自动化,,,538,50883
2145,浙江科技学院(杭州市)[公办],,数据科学与大数据技术,,,543,46278
2145,浙江科技学院(杭州市)[公办],,土木工程,,,524,64450
2145,浙江科技学院(杭州市)[公办],,给排水科学与工程,,,495,96518
2145,浙江科技学院(杭州市)[公办],,建筑电气与智能化,,,524,64450
2146,浙江理工大学(杭州市)[公办],,经济与贸易类,,,573,23356
2146,浙江理工大学(杭州市)[公办],,外国语言文学类,,,565,28568
2146,浙江理工大学(杭州市)[公办],,数学类(按数理类培养),,,570,25269
2146,浙江理工大学(杭州市)[公办],,化学类,,,563,30033
2146,浙江理工大学(杭州市)[公办],,生物科学类,,,564,29282
2146,浙江理工大学(杭州市)[公办],,机械类,,,570,25269
2146,浙江理工大学(杭州市)[公办],,工业设计,,,566,27894
2146,浙江理工大学(杭州市)[公办],,材料类,,,559,33069
2146,浙江理工大学(杭州市)[公办],,能源与动力工程,,,572,23984
2146,浙江理工大学(杭州市)[公办],,电气类,,,577,20936
2146,浙江理工大学(杭州市)[公办],,电子信息类,,,580,19205
2146,浙江理工大学(杭州市)[公办],,计算机类,,,581,18643
2146,浙江理工大学(杭州市)[公办],,土木类,,,561,31495
2146,浙江理工大学(杭州市)[公办],,纺织类,,,544,45381
2146,浙江理工大学(杭州市)[公办],,服装设计与工程,,,562,30764
2146,浙江理工大学(杭州市)[公办],,轻化工程,,,555,36191
2146,浙江理工大学(杭州市)[公办],,海洋资源开发技术,,,559,33069
2146,浙江理工大学(杭州市)[公办],,建筑类,,,571,24634
2146,浙江理工大学(杭州市)[公办],,信息管理与信息系统,,,571,24634
2146,浙江理工大学(杭州市)[公办],,工商管理类,,,575,22143
2146,浙江理工大学(杭州市)[公办],,公共管理类,,,561,31495
2146,浙江理工大学(杭州市)[公办],,服装设计与工程(中外合作办学)(中美合作),,,520,68611
2148,浙江农林大学(杭州市)[公办],,金融工程,,,551,40256
2148,浙江农林大学(杭州市)[公办],,应用化学,,,529,59504
2148,浙江农林大学(杭州市)[公办],,地理信息科学,,,544,45381
2148,浙江农林大学(杭州市)[公办],,机械设计制造及其自动化,,,543,46278
2148,浙江农林大学(杭州市)[公办],,高分子材料与工程,,,539,49949
2148,浙江农林大学(杭州市)[公办],,计算机科学与技术,,,557,34586
2148,浙江农林大学(杭州市)[公办],,数据科学与大数据技术,,,559,33069
2148,浙江农林大学(杭州市)[公办],,土木工程,,,540,49002
2148,浙江农林大学(杭州市)[公办],,木材科学与工程,,,522,66475
2148,浙江农林大学(杭州市)[公办],,家具设计与工程,,,527,61435
2148,浙江农林大学(杭州市)[公办],,环境科学与工程,,,539,49949
2148,浙江农林大学(杭州市)[公办],,城乡规划,,,543,46278
2148,浙江农林大学(杭州市)[公办],,农学,,,540,49002
2148,浙江农林大学(杭州市)[公办],,园艺,,,553,37725
2148,浙江农林大学(杭州市)[公办],,农业资源与环境,,,533,55500
2148,浙江农林大学(杭州市)[公办],,动物科学,,,517,71732
2148,浙江农林大学(杭州市)[公办],,林学,,,545,44494
2148,浙江农林大学(杭州市)[公办],,园林,,,553,37725
2148,浙江农林大学(杭州市)[公办],,电子商务,,,550,40256
2148,浙江农林大学(杭州市)[公办],,林学(中外合作办学)(中加合作办学项目),,,516,72762
2149,浙江农林大学暨阳学院[独立学院],,机械设计制造及其自动化,,,454,147340
2149,浙江农林大学暨阳学院[独立学院],,计算机科学与技术,,,460,139765
2151,浙江师范大学[公办],,经济与贸易类,,,563,30033
2151,浙江师范大学[公办],,法学类,,,571,24634
2151,浙江师范大学[公办],,数学与应用数学(师范),,,581,18643
2151,浙江师范大学[公办],,化学(师范),,,572,23984
2151,浙江师范大学[公办],,地理科学(师范),,,572,23984
2151,浙江师范大学[公办],,智能制造工程,,,563,30033
2151,浙江师范大学[公办],,电子信息类,,,567,27220
2151,浙江师范大学[公办],,人工智能,,,566,27894
2151,浙江师范大学[公办],,机器人工程,,,560,32247
2151,浙江师范大学[公办],,交通运输,,,552,38584
2151,浙江师范大学[公办],,工商管理类,,,563,30033
2151,浙江师范大学[公办],,软件工程(中外合作办学),,,546,43628
2152,浙江水利水电学院(杭州市)[公办],,机械设计制造及其自动化,,,530,58518
2152,浙江水利水电学院(杭州市)[公办],,电气工程及其自动化,,,537,51825
2152,浙江水利水电学院(杭州市)[公办],,智能电网信息工程,,,530,58518
2152,浙江水利水电学院(杭州市)[公办],,软件工程,,,539,49949
2152,浙江水利水电学院(杭州市)[公办],,数字媒体技术,,,539,49949
2152,浙江水利水电学院(杭州市)[公办],,土木工程,,,519,69642
2152,浙江水利水电学院(杭州市)[公办],,建筑环境与能源应用工程,,,520,68611
2152,浙江水利水电学院(杭州市)[公办],,道路桥梁与渡河工程,,,513,75878
2152,浙江水利水电学院(杭州市)[公办],,水利水电工程,,,526,62390
2152,浙江水利水电学院(杭州市)[公办],,农业水利工程,,,512,76936
2152,浙江水利水电学院(杭州市)[公办],,环境生态工程,,,516,72762
2152,浙江水利水电学院(杭州市)[公办],,机械设计制造及其自动化(中外合作办学),,,516,72762
2154,浙江外国语学院(杭州市)[公办],,国际经济与贸易,,,550,40256
2154,浙江外国语学院(杭州市)[公办],,科学教育(师范),,,537,51825
2154,浙江外国语学院(杭州市)[公办],,小学教育(师范),,,541,48106
2154,浙江外国语学院(杭州市)[公办],,计算机科学与技术,,,549,41073
2154,浙江外国语学院(杭州市)[公办],,电子商务,,,546,43628
2154,浙江外国语学院(杭州市)[公办],,旅游管理(全英教学),,,525,63402
2154,浙江外国语学院(杭州市)[公办],,旅游管理,,,527,61435
2155,浙江万里学院(宁波市)[公办],,金融学类,,,485,108714
2155,浙江万里学院(宁波市)[公办],,经济与贸易类,,,479,116040
2155,浙江万里学院(宁波市)[公办],,法学,,,494,97686
2155,浙江万里学院(宁波市)[公办],,知识产权,,,484,109959
2155,浙江万里学院(宁波市)[公办],,汉语言文学,,,489,103748
2155,浙江万里学院(宁波市)[公办],,日语,,,472,124770
2155,浙江万里学院(宁波市)[公办],,新闻传播学类,,,488,104962
2155,浙江万里学院(宁波市)[公办],,统计学,,,481,113547
2155,浙江万里学院(宁波市)[公办],,机械电子工程,,,484,109959
2155,浙江万里学院(宁波市)[公办],,电气工程及其自动化,,,495,96518
2155,浙江万里学院(宁波市)[公办],,电子信息类,,,485,108714
2155,浙江万里学院(宁波市)[公办],,人工智能,,,486,107443
2155,浙江万里学院(宁波市)[公办],,计算机类,,,492,100090
2155,浙江万里学院(宁波市)[公办],,物联网工程,,,489,103748
2155,浙江万里学院(宁波市)[公办],,网络空间安全,,,481,113547
2155,浙江万里学院(宁波市)[公办],,环境科学与工程类,,,474,122219
2155,浙江万里学院(宁波市)[公办],,食品科学与工程类,,,474,122219
2155,浙江万里学院(宁波市)[公办],,生物工程类,,,478,117259
2155,浙江万里学院(宁波市)[公办],,工商管理,,,481,113547
2155,浙江万里学院(宁波市)[公办],,会计学,,,487,106171
2155,浙江万里学院(宁波市)[公办],,财务管理,,,486,107443
2155,浙江万里学院(宁波市)[公办],,物流管理,,,472,124770
2155,浙江万里学院(宁波市)[公办],,电子商务类,,,475,120971
2157,浙江越秀外国语学院[民办],,汉语言文学,,,455,146091
2157,浙江越秀外国语学院[民办],,英语,,,456,144801
2157,浙江越秀外国语学院[民办],,日语,,,486,107443
2157,浙江越秀外国语学院[民办],,商务英语,,,452,149859
2157,浙江越秀外国语学院[民办],,国际商务,,,451,151103
2157,浙江越秀外国语学院[民办],,物流管理,,,451,151103
2157,浙江越秀外国语学院[民办],,网络与新媒体(中外合作办学),,,442,162050
2157,浙江越秀外国语学院[民办],,大数据管理与应用(中外合作办学),,,439,165845
2158,浙江中医药大学(杭州市)[公办],,生物科学,,,562,30764
2158,浙江中医药大学(杭州市)[公办],,生物技术,,,559,33069
2158,浙江中医药大学(杭州市)[公办],,医学信息工程,,,563,30033
2158,浙江中医药大学(杭州市)[公办],,计算机科学与技术,,,566,27894
2158,浙江中医药大学(杭州市)[公办],,临床医学,,,577,20936
2158,浙江中医药大学(杭州市)[公办],,医学影像学,,,570,25269
2158,浙江中医药大学(杭州市)[公办],,食品卫生与营养学,,,548,41891
2158,浙江中医药大学(杭州市)[公办],,中医学(5+3一体化),,,595,11821
2158,浙江中医药大学(杭州市)[公办],,中医学,,,570,25269
2158,浙江中医药大学(杭州市)[公办],,针灸推拿学,,,560,32247
2158,浙江中医药大学(杭州市)[公办],,中医康复学,,,551,40256
2158,浙江中医药大学(杭州市)[公办],,中医骨伤科学,,,559,33069
2158,浙江中医药大学(杭州市)[公办],,中西医临床医学,,,570,25269
2158,浙江中医药大学(杭州市)[公办],,药学,,,561,31495
2158,浙江中医药大学(杭州市)[公办],,中药学,,,558,33822
2158,浙江中医药大学(杭州市)[公办],,医学检验技术,,,560,32247
2158,浙江中医药大学(杭州市)[公办],,医学影像技术,,,558,33822
2158,浙江中医药大学(杭州市)[公办],,康复治疗学,,,551,40256
2158,浙江中医药大学(杭州市)[公办],,听力与言语康复学,,,542,47194
2158,浙江中医药大学(杭州市)[公办],,护理学,,,524,64450
2158,浙江中医药大学(杭州市)[公办],,助产学,,,547,42788
2158,浙江中医药大学(杭州市)[公办],,健康服务与管理,,,533,55500
2159,郑州财经学院[民办],,金融学,,,462,137255
2159,郑州财经学院[民办],,小学教育,,,470,127253
2159,郑州财经学院[民办],,英语,,,467,130969
2159,郑州财经学院[民办],,车辆工程,,,457,143500
2159,郑州财经学院[民办],,数据科学与大数据技术,,,463,136058
2159,郑州财经学院[民办],,土木工程,,,458,142250
2159,郑州财经学院[民办],,工程造价,,,460,139765
2159,郑州财经学院[民办],,会计学,,,465,133566
2159,郑州财经学院[民办],,物流管理,,,460,139765
2159,郑州财经学院[民办],,电子商务,,,460,139765
2159,郑州财经学院[民办],,酒店管理,,,456,144801
2161,郑州大学[公办],,经济学类,,,600,9823
2161,郑州大学[公办],,法学,,,602,9065
2161,郑州大学[公办],,教育学类,,,590,14004
2161,郑州大学[公办],,中国语言文学类,,,601,9445
2161,郑州大学[公办],,外国语言文学类,,,592,13125
2161,郑州大学[公办],,新闻传播学类,,,597,10996
2161,郑州大学[公办],,数学类,,,594,12236
2161,郑州大学[公办],,物理学类,,,589,14462
2161,郑州大学[公办],,化学类,,,587,15439
2161,郑州大学[公办],,生物科学类,,,583,17536
2161,郑州大学[公办],,力学类,,,584,17032
2161,郑州大学[公办],,机械类,,,590,14004
2161,郑州大学[公办],,材料类,,,581,18643
2161,郑州大学[公办],,电子信息类,,,598,10589
2161,郑州大学[公办],,自动化类,,,596,11399
2161,郑州大学[公办],,计算机类,,,600,9823
2161,郑州大学[公办],,信息安全,,,600,9823
2161,郑州大学[公办],,土木类,,,583,17536
2161,郑州大学[公办],,水利类,,,582,18065
2161,郑州大学[公办],,环境科学与工程类,,,582,18065
2161,郑州大学[公办],,建筑类,,,585,16469
2161,郑州大学[公办],,基础医学,,,589,14462
2161,郑州大学[公办],,临床医学类,,,601,9445
2161,郑州大学[公办],,口腔医学,,,601,9445
2161,郑州大学[公办],,预防医学,,,587,15439
2161,郑州大学[公办],,药学类,,,588,14950
2161,郑州大学[公办],,医学技术类,,,584,17032
2161,郑州大学[公办],,管理科学与工程类,,,580,19205
2161,郑州大学[公办],,工商管理类,,,592,13125
2161,郑州大学[公办],,通信工程(中外合作办学),,,586,15960
2163,郑州工程技术学院[公办],,商务英语,,,499,91783
2163,郑州工程技术学院[公办],,广告学,,,508,81575
2163,郑州工程技术学院[公办],,电气工程与智能控制,,,515,73836
2163,郑州工程技术学院[公办],,电子信息工程,,,509,80441
2163,郑州工程技术学院[公办],,城市地下空间工程,,,492,100090
2163,郑州工程技术学院[公办],,化学工程与工艺,,,481,113547
2163,郑州工程技术学院[公办],,食品科学与工程,,,485,108714
2163,郑州工程技术学院[公办],,物流工程,,,489,103748
2164,郑州工商学院[民办],,机械设计制造及其自动化,,,452,149859
2164,郑州工商学院[民办],,电气工程及其自动化,,,452,149859
2164,郑州工商学院[民办],,电子信息工程,,,454,147340
2164,郑州工商学院[民办],,计算机科学与技术,,,455,146091
2164,郑州工商学院[民办],,土木工程,,,451,151103
2165,郑州航空工业管理学院[公办],,经济学类,,,508,81575
2165,郑州航空工业管理学院[公办],,金融学类,,,511,78116
2165,郑州航空工业管理学院[公办],,经济与贸易类,,,505,84880
2165,郑州航空工业管理学院[公办],,外国语言文学类,,,512,76936
2165,郑州航空工业管理学院[公办],,法语,,,513,75878
2165,郑州航空工业管理学院[公办],,广告学,,,513,75878
2165,郑州航空工业管理学院[公办],,数学与应用数学,,,507,82620
2165,郑州航空工业管理学院[公办],,机械类,,,509,80441
2165,郑州航空工业管理学院[公办],,材料类,,,496,95288
2165,郑州航空工业管理学院[公办],,电气工程及其自动化,,,514,74839
2165,郑州航空工业管理学院[公办],,电子信息类,,,512,76936
2165,郑州航空工业管理学院[公办],,人工智能,,,520,68611
2165,郑州航空工业管理学院[公办],,计算机类,,,521,67552
2165,郑州航空工业管理学院[公办],,土木类,,,504,86042
2165,郑州航空工业管理学院[公办],,交通运输(空管与签派),,,508,81575
2165,郑州航空工业管理学院[公办],,飞行器动力工程,,,510,79317
2165,郑州航空工业管理学院[公办],,飞行器质量与可靠性,,,505,84880
2165,郑州航空工业管理学院[公办],,环境工程,,,504,86042
2165,郑州航空工业管理学院[公办],,城乡规划,,,505,84880
2165,郑州航空工业管理学院[公办],,安全工程,,,499,91783
2165,郑州航空工业管理学院[公办],,工程管理,,,505,84880
2165,郑州航空工业管理学院[公办],,工商管理类,,,513,75878
2165,郑州航空工业管理学院[公办],,行政管理,,,505,84880
2165,郑州航空工业管理学院[公办],,物流管理与工程类,,,499,91783
2165,郑州航空工业管理学院[公办],,工业工程类,,,500,90630
2165,郑州航空工业管理学院[公办],,材料成型及控制工程(中外合作办学),,,476,119752
2165,郑州航空工业管理学院[公办],,自动化(中外合作办学),,,500,90630
2165,郑州航空工业管理学院[公办],,飞行器设计与工程(中外合作办学),,,476,119752
2165,郑州航空工业管理学院[公办],,信息管理与信息系统(中外合作办学),,,484,109959
2165,郑州航空工业管理学院[公办],,质量管理工程(中外合作办学),,,472,124770
2166,郑州经贸学院[民办],,电气工程及其自动化,,,456,144801
2166,郑州经贸学院[民办],,自动化,,,458,142250
2166,郑州经贸学院[民办],,轨道交通信号与控制,,,456,144801
2166,郑州经贸学院[民办],,计算机科学与技术,,,462,137255
2166,郑州经贸学院[民办],,网络工程,,,457,143500
2166,郑州经贸学院[民办],,数字媒体技术,,,459,141008
2166,郑州经贸学院[民办],,数据科学与大数据技术,,,458,142250
2166,郑州经贸学院[民办],,工程造价,,,457,143500
2169,郑州轻工业大学[公办],,数学与应用数学,,,539,49949
2169,郑州轻工业大学[公办],,信息与计算科学,,,543,46278
2169,郑州轻工业大学[公办],,化学,,,528,60450
2169,郑州轻工业大学[公办],,应用化学,,,526,62390
2169,郑州轻工业大学[公办],,生物技术,,,524,64450
2169,郑州轻工业大学[公办],,机械设计制造及其自动化,,,536,52757
2169,郑州轻工业大学[公办],,过程装备与控制工程,,,527,61435
2169,郑州轻工业大学[公办],,车辆工程,,,533,55500
2169,郑州轻工业大学[公办],,智能制造工程,,,540,49002
2169,郑州轻工业大学[公办],,测控技术与仪器,,,531,57544
2169,郑州轻工业大学[公办],,高分子材料与工程,,,530,58518
2169,郑州轻工业大学[公办],,新能源材料与器件,,,528,60450
2169,郑州轻工业大学[公办],,能源与动力工程,,,535,53694
2169,郑州轻工业大学[公办],,新能源科学与工程,,,534,54574
2169,郑州轻工业大学[公办],,电气工程及其自动化,,,550,40256
2169,郑州轻工业大学[公办],,智能电网信息工程,,,541,48106
2169,郑州轻工业大学[公办],,电子信息工程,,,544,45381
2169,郑州轻工业大学[公办],,电子科学与技术,,,540,49002
2169,郑州轻工业大学[公办],,通信工程,,,545,44494
2169,郑州轻工业大学[公办],,微电子科学与工程,,,539,49949
2169,郑州轻工业大学[公办],,自动化类,,,543,46278
2169,郑州轻工业大学[公办],,计算机科学与技术,,,553,37725
2169,郑州轻工业大学[公办],,软件工程,,,548,41891
2169,郑州轻工业大学[公办],,物联网工程,,,547,42788
2169,郑州轻工业大学[公办],,智能科学与技术,,,546,43628
2169,郑州轻工业大学[公办],,数据科学与大数据技术,,,547,42788
2169,郑州轻工业大学[公办],,建筑环境与能源应用工程,,,524,64450
2169,郑州轻工业大学[公办],,建筑电气与智能化,,,530,58518
2169,郑州轻工业大学[公办],,化学工程与工艺,,,524,64450
2169,郑州轻工业大学[公办],,环境工程,,,519,69642
2169,郑州轻工业大学[公办],,食品科学与工程,,,529,59504
2169,郑州轻工业大学[公办],,食品科学与工程(烟草科学与工程),,,536,52757
2169,郑州轻工业大学[公办],,食品质量与安全,,,526,62390
2169,郑州轻工业大学[公办],,安全工程,,,527,61435
2169,郑州轻工业大学[公办],,生物工程,,,519,69642
2169,郑州轻工业大学[公办],,烟草,,,536,52757
2169,郑州轻工业大学[公办],,软件工程(中外合作办学),,,515,73836
2169,郑州轻工业大学[公办],,食品科学与工程(中外合作办学),,,492,100090
2171,郑州商学院[民办],,投资学,,,458,142250
2171,郑州商学院[民办],,国际经济与贸易,,,460,139765
2171,郑州商学院[民办],,商务英语,,,460,139765
2171,郑州商学院[民办],,计算机科学与技术,,,461,138513
2171,郑州商学院[民办],,工程造价,,,460,139765
2171,郑州商学院[民办],,工商管理,,,461,138513
2171,郑州商学院[民办],,市场营销,,,455,146091
2171,郑州商学院[民办],,会计学,,,464,134859
2171,郑州商学院[民办],,财务管理,,,462,137255
2171,郑州商学院[民办],,国际商务,,,456,144801
2172,郑州升达经贸管理学院[民办],,金融学,,,462,137255
2172,郑州升达经贸管理学院[民办],,英语,,,466,132235
2172,郑州升达经贸管理学院[民办],,数据科学与大数据技术,,,460,139765
2172,郑州升达经贸管理学院[民办],,工商管理,,,458,142250
2172,郑州升达经贸管理学院[民办],,会计学,,,466,132235
2172,郑州升达经贸管理学院[民办],,电子商务类,,,458,142250
2173,郑州师范学院[公办],,科学教育,,,519,69642
2175,郑州西亚斯学院[民办],,国际经济与贸易,,,463,136058
2175,郑州西亚斯学院[民办],,工商管理,,,463,136058
2175,郑州西亚斯学院[民办],,英语(中外合作办学),,,460,139765
2179,中北大学[公办],,经济统计学,,,549,41073
2179,中北大学[公办],,国际经济与贸易,,,550,40256
2179,中北大学[公办],,数学类,,,553,37725
2179,中北大学[公办],,应用物理学,,,548,41891
2179,中北大学[公办],,应用化学,,,550,40256
2179,中北大学[公办],,统计学,,,553,37725
2179,中北大学[公办],,工程力学,,,548,41891
2179,中北大学[公办],,机械类,,,552,38584
2179,中北大学[公办],,材料成型及控制工程,,,551,40256
2179,中北大学[公办],,车辆工程,,,557,34586
2179,中北大学[公办],,新能源汽车工程,,,556,35406
2179,中北大学[公办],,仪器类,,,554,36948
2179,中北大学[公办],,金属材料工程,,,538,50883
2179,中北大学[公办],,无机非金属材料工程,,,534,54574
2179,中北大学[公办],,高分子材料与工程,,,541,48106
2179,中北大学[公办],,复合材料与工程,,,525,63402
2179,中北大学[公办],,能源动力类,,,552,38584
2179,中北大学[公办],,电气工程及其自动化,,,558,33822
2179,中北大学[公办],,电气工程与智能控制,,,556,35406
2179,中北大学[公办],,电子信息类,,,562,30764
2179,中北大学[公办],,光电信息科学与工程,,,557,34586
2179,中北大学[公办],,自动化,,,558,33822
2179,中北大学[公办],,轨道交通信号与控制,,,555,36191
2179,中北大学[公办],,计算机科学与技术,,,564,29282
2179,中北大学[公办],,物联网工程,,,562,30764
2179,中北大学[公办],,数据科学与大数据技术,,,562,30764
2179,中北大学[公办],,土木类,,,545,44494
2179,中北大学[公办],,化工与制药类,,,539,49949
2179,中北大学[公办],,制药工程,,,547,42788
2179,中北大学[公办],,包装工程,,,528,60450
2179,中北大学[公办],,航空航天类,,,561,31495
2179,中北大学[公办],,兵器类,,,553,37725
2179,中北大学[公办],,特种能源技术与工程,,,556,35406
2179,中北大学[公办],,信息对抗技术,,,561,31495
2179,中北大学[公办],,环境工程,,,542,47194
2179,中北大学[公办],,生物医学工程,,,543,46278
2179,中北大学[公办],,安全工程,,,549,41073
2179,中北大学[公办],,生物工程,,,542,47194
2179,中北大学[公办],,工商管理类,,,546,43628
2179,中北大学[公办],,工业工程,,,549,41073
2180,中国传媒大学(北京市)[公办],,翻译,,,599,10212
2180,中国传媒大学(北京市)[公办],,新闻学(数据新闻方向),,,618,4687
2180,中国传媒大学(北京市)[公办],,广告学,,,611,6343
2180,中国传媒大学(北京市)[公办],,广告学(计算广告双学士学位复合型人才培养项目),,,618,4687
2180,中国传媒大学(北京市)[公办],,传播学,,,611,6343
2180,中国传媒大学(北京市)[公办],,传播学(舆情分析方向),,,609,6887
2180,中国传媒大学(北京市)[公办],,国际新闻与传播,,,607,7470
2180,中国传媒大学(北京市)[公办],,电子信息工程,,,606,7785
2180,中国传媒大学(北京市)[公办],,广播电视工程,,,604,8390
2180,中国传媒大学(北京市)[公办],,人工智能,,,609,6887
2180,中国传媒大学(北京市)[公办],,计算机科学与技术,,,609,6887
2180,中国传媒大学(北京市)[公办],,智能科学与技术,,,605,8076
2180,中国传媒大学(北京市)[公办],,数据科学与大数据技术,,,608,7171
2180,中国传媒大学(北京市)[公办],,网络空间安全,,,607,7470
2180,中国传媒大学(北京市)[公办],,传播学(中外合作办学),,,597,10996
2180,中国传媒大学(北京市)[公办],,智能科学与技术(中外合作办学),,,563,30033
2182,中国地质大学(北京)[公办],,经济学,,,594,12236
2182,中国地质大学(北京)[公办],,法学,,,596,11399
2182,中国地质大学(北京)[公办],,英语,,,593,12676
2182,中国地质大学(北京)[公办],,数学与应用数学,,,599,10212
2182,中国地质大学(北京)[公办],,数据计算及应用,,,599,10212
2182,中国地质大学(北京)[公办],,地理信息科学,,,596,11399
2182,中国地质大学(北京)[公办],,海洋科学,,,581,18643
2182,中国地质大学(北京)[公办],,海洋资源与环境,,,580,19205
2182,中国地质大学(北京)[公办],,地球物理学,,,593,12676
2182,中国地质大学(北京)[公办],,地质学类(地质地矿类),,,578,20380
2182,中国地质大学(北京)[公办],,地质学(理科基地班),,,595,11821
2182,中国地质大学(北京)[公办],,机械设计制造及其自动化,,,599,10212
2182,中国地质大学(北京)[公办],,测控技术与仪器,,,595,11821
2182,中国地质大学(北京)[公办],,材料类,,,582,18065
2182,中国地质大学(北京)[公办],,宝石及材料工艺学,,,585,16469
2182,中国地质大学(北京)[公办],,电气工程及其自动化,,,603,8730
2182,中国地质大学(北京)[公办],,电子信息工程,,,603,8730
2182,中国地质大学(北京)[公办],,人工智能,,,603,8730
2182,中国地质大学(北京)[公办],,计算机科学与技术,,,610,6588
2182,中国地质大学(北京)[公办],,软件工程,,,608,7171
2182,中国地质大学(北京)[公办],,数据科学与大数据技术,,,604,8390
2182,中国地质大学(北京)[公办],,土木工程,,,591,13583
2182,中国地质大学(北京)[公办],,城市地下空间工程,,,588,14950
2182,中国地质大学(北京)[公办],,水文与水资源工程,,,591,13583
2182,中国地质大学(北京)[公办],,测绘工程,,,589,14462
2182,中国地质大学(北京)[公办],,遥感科学与技术,,,597,10996
2182,中国地质大学(北京)[公办],,地质类(能源类),,,582,18065
2182,中国地质大学(北京)[公办],,地质工程,,,585,16469
2182,中国地质大学(北京)[公办],,勘查技术与工程,,,587,15439
2182,中国地质大学(北京)[公办],,地下水科学与工程,,,591,13583
2182,中国地质大学(北京)[公办],,智能地球探测,,,584,17032
2182,中国地质大学(北京)[公办],,土地整治工程,,,588,14950
2182,中国地质大学(北京)[公办],,环境生态工程,,,584,17032
2182,中国地质大学(北京)[公办],,安全工程,,,591,13583
2182,中国地质大学(北京)[公办],,信息管理与信息系统,,,597,10996
2182,中国地质大学(北京)[公办],,工商管理类,,,594,12236
2182,中国地质大学(北京)[公办],,土地资源管理,,,588,14950
2182,中国地质大学(北京)[公办],,自然资源登记与管理,,,594,12236
2184,中国地质大学(武汉)[公办],,经济学类,,,590,14004
2184,中国地质大学(武汉)[公办],,思想政治教育,,,588,14950
2184,中国地质大学(武汉)[公办],,英语,,,591,13583
2184,中国地质大学(武汉)[公办],,广播电视学,,,593,12676
2184,中国地质大学(武汉)[公办],,数学类,,,592,13125
2184,中国地质大学(武汉)[公办],,物理学,,,586,15960
2184,中国地质大学(武汉)[公办],,应用化学,,,580,19205
2184,中国地质大学(武汉)[公办],,地理科学类,,,586,15960
2184,中国地质大学(武汉)[公办],,大气科学,,,588,14950
2184,中国地质大学(武汉)[公办],,海洋科学类,,,577,20936
2184,中国地质大学(武汉)[公办],,地球物理学类(地球物理与信息类),,,580,19205
2184,中国地质大学(武汉)[公办],,地球物理学(国家拔尖计划),,,590,14004
2184,中国地质大学(武汉)[公办],,地质学类(国家拔尖计划，国家理科基地班),,,588,14950
2184,中国地质大学(武汉)[公办],,地质学类,,,591,13583
2184,中国地质大学(武汉)[公办],,地质学类(菁英班),,,591,13583
2184,中国地质大学(武汉)[公办],,材料类,,,579,19795
2184,中国地质大学(武汉)[公办],,宝石及材料工艺学,,,580,19205
2184,中国地质大学(武汉)[公办],,电子信息类,,,596,11399
2184,中国地质大学(武汉)[公办],,电子信息类(未来技术学院),,,596,11399
2184,中国地质大学(武汉)[公办],,自动化类,,,591,13583
2184,中国地质大学(武汉)[公办],,计算机类,,,600,9823
2184,中国地质大学(武汉)[公办],,测绘类(测绘与信息类),,,583,17536
2184,中国地质大学(武汉)[公办],,地质类(资源能源),,,577,20936
2184,中国地质大学(武汉)[公办],,地质类,,,573,23356
2184,中国地质大学(武汉)[公办],,环境科学与工程类(环境地球科学类),,,578,20380
2184,中国地质大学(武汉)[公办],,管理科学与工程类,,,585,16469
2184,中国地质大学(武汉)[公办],,公共管理类(文法),,,583,17536
2184,中国地质大学(武汉)[公办],,计算机科学与技术(中外合作办学)(大数据方向),,,574,22729
2184,中国地质大学(武汉)[公办],,地下水科学与工程(中外合作办学),,,553,37725
2186,中国海洋大学(青岛市)[公办],,经济学,,,607,7470
2186,中国海洋大学(青岛市)[公办],,国际经济与贸易,,,603,8730
2186,中国海洋大学(青岛市)[公办],,法学,,,607,7470
2186,中国海洋大学(青岛市)[公办],,英语,,,600,9823
2186,中国海洋大学(青岛市)[公办],,数学类,,,606,7785
2186,中国海洋大学(青岛市)[公办],,物理学,,,602,9065
2186,中国海洋大学(青岛市)[公办],,化学,,,597,10996
2186,中国海洋大学(青岛市)[公办],,大气科学,,,601,9445
2186,中国海洋大学(青岛市)[公办],,海洋科学,,,607,7470
2186,中国海洋大学(青岛市)[公办],,海洋技术,,,605,8076
2186,中国海洋大学(青岛市)[公办],,海洋资源与环境,,,602,9065
2186,中国海洋大学(青岛市)[公办],,地质学,,,597,10996
2186,中国海洋大学(青岛市)[公办],,地球信息科学与技术,,,604,8390
2186,中国海洋大学(青岛市)[公办],,生物科学类,,,605,8076
2186,中国海洋大学(青岛市)[公办],,机械设计制造及其自动化,,,606,7785
2186,中国海洋大学(青岛市)[公办],,材料类,,,598,10589
2186,中国海洋大学(青岛市)[公办],,电子信息类,,,609,6887
2186,中国海洋大学(青岛市)[公办],,光电信息科学与工程,,,608,7171
2186,中国海洋大学(青岛市)[公办],,自动化,,,608,7171
2186,中国海洋大学(青岛市)[公办],,计算机类,,,610,6588
2186,中国海洋大学(青岛市)[公办],,土木类,,,600,9823
2186,中国海洋大学(青岛市)[公办],,港口航道与海岸工程,,,601,9445
2186,中国海洋大学(青岛市)[公办],,化学工程与工艺,,,597,10996
2186,中国海洋大学(青岛市)[公办],,勘查技术与工程,,,597,10996
2186,中国海洋大学(青岛市)[公办],,轮机工程,,,596,11399
2186,中国海洋大学(青岛市)[公办],,船舶与海洋工程,,,605,8076
2186,中国海洋大学(青岛市)[公办],,环境工程,,,598,10589
2186,中国海洋大学(青岛市)[公办],,食品科学与工程类,,,600,9823
2186,中国海洋大学(青岛市)[公办],,水产养殖学,,,599,10212
2186,中国海洋大学(青岛市)[公办],,药学,,,608,7171
2186,中国海洋大学(青岛市)[公办],,市场营销,,,596,11399
2186,中国海洋大学(青岛市)[公办],,财务管理,,,609,6887
2186,中国海洋大学(青岛市)[公办],,物流管理,,,600,9823
2186,中国海洋大学(青岛市)[公办],,法学(中外合作办学),,,588,14950
2186,中国海洋大学(青岛市)[公办],,数学与应用数学(中外合作办学),,,578,20380
2186,中国海洋大学(青岛市)[公办],,海洋科学(中外合作办学),,,574,22729
2186,中国海洋大学(青岛市)[公办],,生物技术(中外合作办学),,,572,23984
2186,中国海洋大学(青岛市)[公办],,计算机科学与技术(中外合作办学),,,588,14950
2186,中国海洋大学(青岛市)[公办],,食品科学与工程(中外合作办学),,,572,23984
2188,中国计量大学(杭州市)[公办],,金融学类,,,575,22143
2188,中国计量大学(杭州市)[公办],,物理学类,,,565,28568
2188,中国计量大学(杭州市)[公办],,应用化学,,,574,22729
2188,中国计量大学(杭州市)[公办],,机械类,,,565,28568
2188,中国计量大学(杭州市)[公办],,工业设计,,,566,27894
2188,中国计量大学(杭州市)[公办],,测控技术与仪器,,,566,27894
2188,中国计量大学(杭州市)[公办],,智能感知工程,,,567,27220
2188,中国计量大学(杭州市)[公办],,材料科学与工程,,,554,36948
2188,中国计量大学(杭州市)[公办],,能源与动力工程,,,561,31495
2188,中国计量大学(杭州市)[公办],,电子信息类,,,569,25895
2188,中国计量大学(杭州市)[公办],,电子科学与技术,,,569,25895
2188,中国计量大学(杭州市)[公办],,光电信息科学与工程,,,567,27220
2188,中国计量大学(杭州市)[公办],,人工智能,,,572,23984
2188,中国计量大学(杭州市)[公办],,自动化类,,,569,25895
2188,中国计量大学(杭州市)[公办],,计算机科学与技术,,,575,22143
2188,中国计量大学(杭州市)[公办],,数据科学与大数据技术,,,571,24634
2188,中国计量大学(杭州市)[公办],,环境工程,,,554,36948
2188,中国计量大学(杭州市)[公办],,安全工程,,,560,32247
2188,中国计量大学(杭州市)[公办],,生物工程,,,559,33069
2188,中国计量大学(杭州市)[公办],,动植物检疫,,,563,30033
2188,中国计量大学(杭州市)[公办],,药学,,,563,30033
2188,中国计量大学(杭州市)[公办],,卫生检验与检疫,,,560,32247
2188,中国计量大学(杭州市)[公办],,信息管理与信息系统,,,566,27894
2188,中国计量大学(杭州市)[公办],,工业工程,,,560,32247
2188,中国计量大学(杭州市)[公办],,质量管理工程,,,565,28568
2189,中国计量大学现代科技学院(义乌市)[独立学院],,测控技术与仪器,,,473,123482
2189,中国计量大学现代科技学院(义乌市)[独立学院],,自动化类,,,484,109959
2189,中国计量大学现代科技学院(义乌市)[独立学院],,质量管理工程,,,498,92962
2191,中国科学技术大学(合肥市)[公办],,工科试验班,,,657,401
2191,中国科学技术大学(合肥市)[公办],,理科试验班类,,,659,342
2192,中国矿业大学[公办],,金融学,,,591,13583
2192,中国矿业大学[公办],,数学类,,,589,14462
2192,中国矿业大学[公办],,物理学类,,,586,15960
2192,中国矿业大学[公办],,地球信息科学与技术,,,576,21536
2192,中国矿业大学[公办],,力学类,,,581,18643
2192,中国矿业大学[公办],,机械类,,,585,16469
2192,中国矿业大学[公办],,新能源材料与器件,,,586,15960
2192,中国矿业大学[公办],,能源动力类,,,585,16469
2192,中国矿业大学[公办],,电气类,,,594,12236
2192,中国矿业大学[公办],,电子信息类,,,592,13125
2192,中国矿业大学[公办],,人工智能,,,592,13125
2192,中国矿业大学[公办],,机器人工程,,,590,14004
2192,中国矿业大学[公办],,计算机类,,,595,11821
2192,中国矿业大学[公办],,土木类,,,583,17536
2192,中国矿业大学[公办],,测绘类,,,582,18065
2192,中国矿业大学[公办],,遥感科学与技术,,,589,14462
2192,中国矿业大学[公办],,化工与制药类,,,580,19205
2192,中国矿业大学[公办],,地质类,,,575,22143
2192,中国矿业大学[公办],,矿业类,,,575,22143
2192,中国矿业大学[公办],,环境科学与工程类,,,576,21536
2192,中国矿业大学[公办],,建筑类,,,576,21536
2192,中国矿业大学[公办],,安全科学与工程类,,,580,19205
2192,中国矿业大学[公办],,大数据管理与应用,,,591,13583
2192,中国矿业大学[公办],,应急管理,,,577,20936
2192,中国矿业大学[公办],,工商管理类,,,587,15439
2192,中国矿业大学[公办],,土木工程(中外合作办学),,,551,40256
2193,中国矿业大学(北京)[公办],,数学类,,,597,10996
2193,中国矿业大学(北京)[公办],,地球物理学,,,579,19795
2193,中国矿业大学(北京)[公办],,工程力学,,,588,14950
2193,中国矿业大学(北京)[公办],,机械类,,,595,11821
2193,中国矿业大学(北京)[公办],,材料科学与工程,,,586,15960
2193,中国矿业大学(北京)[公办],,新能源科学与工程,,,595,11821
2193,中国矿业大学(北京)[公办],,电气工程及其自动化,,,601,9445
2193,中国矿业大学(北京)[公办],,人工智能,,,601,9445
2193,中国矿业大学(北京)[公办],,计算机科学与技术,,,605,8076
2193,中国矿业大学(北京)[公办],,土木工程,,,584,17032
2193,中国矿业大学(北京)[公办],,城市地下空间工程,,,585,16469
2193,中国矿业大学(北京)[公办],,智能建造,,,591,13583
2193,中国矿业大学(北京)[公办],,测绘类,,,584,17032
2193,中国矿业大学(北京)[公办],,化学工程与工艺,,,586,15960
2193,中国矿业大学(北京)[公办],,地质类,,,577,20936
2193,中国矿业大学(北京)[公办],,采矿工程,,,585,16469
2193,中国矿业大学(北京)[公办],,矿物加工工程,,,577,20936
2193,中国矿业大学(北京)[公办],,智能采矿工程,,,575,22143
2193,中国矿业大学(北京)[公办],,碳储科学与工程,,,592,13125
2193,中国矿业大学(北京)[公办],,环境工程,,,580,19205
2193,中国矿业大学(北京)[公办],,建筑学,,,590,14004
2193,中国矿业大学(北京)[公办],,安全科学与工程类,,,582,18065
2193,中国矿业大学(北京)[公办],,工商管理类,,,589,14462
2193,中国矿业大学(北京)[公办],,工业工程,,,589,14462
2196,中国矿业大学徐海学院[独立学院],,机械工程,,,460,139765
2196,中国矿业大学徐海学院[独立学院],,智能制造工程,,,460,139765
2196,中国矿业大学徐海学院[独立学院],,电气工程及其自动化,,,463,136058
2196,中国矿业大学徐海学院[独立学院],,电子科学与技术,,,462,137255
2196,中国矿业大学徐海学院[独立学院],,计算机科学与技术,,,470,127253
2196,中国矿业大学徐海学院[独立学院],,土木工程,,,460,139765
2196,中国矿业大学徐海学院[独立学院],,会计学,,,465,133566
2197,中国劳动关系学院[公办],,经济学,,,529,59504
2197,中国劳动关系学院[公办],,法学,,,551,40256
2197,中国劳动关系学院[公办],,社会工作,,,536,52757
2197,中国劳动关系学院[公办],,新闻学,,,542,47194
2197,中国劳动关系学院[公办],,应用统计学,,,529,59504
2197,中国劳动关系学院[公办],,计算机科学与技术,,,537,51825
2197,中国劳动关系学院[公办],,应急技术与管理,,,526,62390
2197,中国劳动关系学院[公办],,工商管理,,,526,62390
2197,中国劳动关系学院[公办],,财务管理,,,532,56540
2197,中国劳动关系学院[公办],,人力资源管理,,,531,57544
2197,中国劳动关系学院[公办],,劳动关系,,,538,50883
2197,中国劳动关系学院[公办],,行政管理,,,546,43628
2197,中国劳动关系学院[公办],,劳动与社会保障,,,531,57544
2201,中国民航大学(天津市)[公办],,工科试验班(中欧航空工程师),,,580,19205
2201,中国民航大学(天津市)[公办],,工科试验班(航空航天),,,562,30764
2201,中国民航大学(天津市)[公办],,工科试验班(智能与计算机),,,572,23984
2201,中国民航大学(天津市)[公办],,工科试验班(电子信息与电气自动化),,,564,29282
2201,中国民航大学(天津市)[公办],,英语(民航外语),,,572,23984
2201,中国民航大学(天津市)[公办],,信息与计算科学,,,579,19795
2201,中国民航大学(天津市)[公办],,应用气象学(航空气象),,,575,22143
2201,中国民航大学(天津市)[公办],,应用心理学,,,568,26529
2201,中国民航大学(天津市)[公办],,统计学(民航大数据),,,572,23984
2201,中国民航大学(天津市)[公办],,材料物理(无损检测与表面工程),,,558,33822
2201,中国民航大学(天津市)[公办],,材料化学,,,557,34586
2201,中国民航大学(天津市)[公办],,信息安全,,,571,24634
2201,中国民航大学(天津市)[公办],,土木工程,,,557,34586
2201,中国民航大学(天津市)[公办],,油气储运工程(机场供油工程),,,559,33069
2201,中国民航大学(天津市)[公办],,交通运输(空中交通管制),,,570,25269
2201,中国民航大学(天津市)[公办],,交通工程,,,566,27894
2201,中国民航大学(天津市)[公办],,无人驾驶航空器系统工程,,,568,26529
2201,中国民航大学(天津市)[公办],,安全工程,,,562,30764
2201,中国民航大学(天津市)[公办],,工商管理类(航空运输管理),,,562,30764
2201,中国民航大学(天津市)[公办],,交通管理(飞行运行管理),,,562,30764
2201,中国民航大学(天津市)[公办],,物流管理,,,559,33069
2201,中国民航大学(天津市)[公办],,工业工程(航空维修工程),,,559,33069
2202,中国民用航空飞行学院(德阳市)[公办],,思想政治教育,,,510,79317
2202,中国民用航空飞行学院(德阳市)[公办],,英语,,,517,71732
2202,中国民用航空飞行学院(德阳市)[公办],,翻译,,,515,73836
2202,中国民用航空飞行学院(德阳市)[公办],,信息与计算科学,,,517,71732
2202,中国民用航空飞行学院(德阳市)[公办],,大气科学,,,527,61435
2202,中国民用航空飞行学院(德阳市)[公办],,应用气象学(机场气象预报、航空公司气象分析),,,531,57544
2202,中国民用航空飞行学院(德阳市)[公办],,应用心理学,,,510,79317
2202,中国民用航空飞行学院(德阳市)[公办],,电气工程及其自动化(航空电气设备维修),,,522,66475
2202,中国民用航空飞行学院(德阳市)[公办],,电子信息工程(航空电子设备维修),,,526,62390
2202,中国民用航空飞行学院(德阳市)[公办],,计算机科学与技术,,,527,61435
2202,中国民用航空飞行学院(德阳市)[公办],,物联网工程,,,523,65475
2202,中国民用航空飞行学院(德阳市)[公办],,数据科学与大数据技术,,,524,64450
2202,中国民用航空飞行学院(德阳市)[公办],,网络空间安全,,,522,66475
2202,中国民用航空飞行学院(德阳市)[公办],,导航工程(导航应用与规划、空管保障设施),,,526,62390
2202,中国民用航空飞行学院(德阳市)[公办],,交通运输(空中交通管制、飞行签派、航行情报),,,534,54574
2202,中国民用航空飞行学院(德阳市)[公办],,交通工程(机场管理与工程),,,532,56540
2202,中国民用航空飞行学院(德阳市)[公办],,航空航天工程(直升机维修工程),,,521,67552
2202,中国民用航空飞行学院(德阳市)[公办],,飞行器制造工程(飞机结构维修),,,515,73836
2202,中国民用航空飞行学院(德阳市)[公办],,飞行器动力工程(飞机发动机维修),,,522,66475
2202,中国民用航空飞行学院(德阳市)[公办],,飞行器适航技术,,,523,65475
2202,中国民用航空飞行学院(德阳市)[公办],,无人驾驶航空器系统工程,,,514,74839
2202,中国民用航空飞行学院(德阳市)[公办],,安全工程,,,509,80441
2202,中国民用航空飞行学院(德阳市)[公办],,消防工程,,,500,90630
2202,中国民用航空飞行学院(德阳市)[公办],,工商管理,,,512,76936
2202,中国民用航空飞行学院(德阳市)[公办],,市场营销,,,507,82620
2202,中国民用航空飞行学院(德阳市)[公办],,公共事业管理,,,506,83767
2202,中国民用航空飞行学院(德阳市)[公办],,交通管理(机场运行管理),,,538,50883
2202,中国民用航空飞行学院(德阳市)[公办],,物流工程(航空物流),,,516,72762
2204,中国农业大学(北京市)[公办],,理科试验班类(生命科学),,,624,3506
2204,中国农业大学(北京市)[公办],,理科试验班(信息科学),,,621,4073
2204,中国农业大学(北京市)[公办],,经济学类,,,614,5569
2204,中国农业大学(北京市)[公办],,数学与应用数学,,,614,5569
2204,中国农业大学(北京市)[公办],,化学类,,,603,8730
2204,中国农业大学(北京市)[公办],,地理科学类,,,605,8076
2204,中国农业大学(北京市)[公办],,生物科学类,,,617,4895
2204,中国农业大学(北京市)[公办],,机械类,,,605,8076
2204,中国农业大学(北京市)[公办],,电子信息类,,,612,6049
2204,中国农业大学(北京市)[公办],,计算机类,,,618,4687
2204,中国农业大学(北京市)[公办],,水利类,,,600,9823
2204,中国农业大学(北京市)[公办],,农业工程类,,,602,9065
2204,中国农业大学(北京市)[公办],,环境科学与工程类,,,604,8390
2204,中国农业大学(北京市)[公办],,食品科学与工程类,,,609,6887
2204,中国农业大学(北京市)[公办],,农学,,,605,8076
2204,中国农业大学(北京市)[公办],,园艺,,,599,10212
2204,中国农业大学(北京市)[公办],,植物保护,,,602,9065
2204,中国农业大学(北京市)[公办],,设施农业科学与工程,,,596,11399
2204,中国农业大学(北京市)[公办],,动物科学,,,600,9823
2204,中国农业大学(北京市)[公办],,动物医学类,,,604,8390
2204,中国农业大学(北京市)[公办],,园林,,,607,7470
2204,中国农业大学(北京市)[公办],,水产养殖学,,,583,17536
2204,中国农业大学(北京市)[公办],,草业科学,,,602,9065
2204,中国农业大学(北京市)[公办],,工商管理类,,,611,6343
2204,中国农业大学(北京市)[公办],,市场营销,,,591,13583
2204,中国农业大学(北京市)[公办],,农村区域发展,,,607,7470
2204,中国农业大学(北京市)[公办],,公共事业管理,,,598,10589
2204,中国农业大学(北京市)[公办],,国际经济与贸易(中外合作办学),,,600,9823
2204,中国农业大学(北京市)[公办],,传播学(中外合作办学),,,587,15439
2204,中国农业大学(北京市)[公办],,农林经济管理(中外合作办学),,,586,15960
2206,中国人民大学[公办],,社会科学试验班(管理学科类，含双学士学位项目),,,656,436
2206,中国人民大学[公办],,理科试验班类(含双学士学位项目，拔尖人才培养基地),,,655,477
2206,中国人民大学[公办],,经济学类(含双学士学位项目，拔尖人才培养基地),,,661,281
2206,中国人民大学[公办],,财政学类(含双学士学位项目),,,660,313
2206,中国人民大学[公办],,金融学类(含双学士学位项目),,,671,105
2206,中国人民大学[公办],,法学(含双学士学位项目),,,666,183
2206,中国人民大学[公办],,新闻传播学类(含双学士学位项目),,,657,401
2206,中国人民大学[公办],,工商管理类(含国际三学士学位项目、双学士学位项目),,,653,560
2206,中国人民大学[公办],,人力资源管理(含4加1本硕国际项目),,,654,513
2208,中国人民大学(苏州校区)[公办],,金融学(中外合作办学),,,625,3338
2208,中国人民大学(苏州校区)[公办],,数学与应用数学(中外合作办学),,,621,4073
2208,中国人民大学(苏州校区)[公办],,人力资源管理(中外合作办学),,,623,3705
2212,中国人民警察大学(廊坊市)[公办],,电子信息工程(智慧消防方向),,,546,43628
2212,中国人民警察大学(廊坊市)[公办],,消防工程,,,537,51825
2212,中国人民警察大学(廊坊市)[公办],,抢险救援指挥与技术,,,542,47194
2212,中国人民警察大学(廊坊市)[公办],,火灾勘查,,,534,54574
2212,中国人民警察大学(廊坊市)[公办],,海外安全管理,,,532,56540
2213,中国社会科学院大学[公办],,经济学,,,620,4276
2213,中国社会科学院大学[公办],,国际经济与贸易,,,613,5819
2213,中国社会科学院大学[公办],,社会学,,,601,9445
2215,中国石油大学(北京)[公办],,经济学类,,,598,10589
2215,中国石油大学(北京)[公办],,数学类,,,597,10996
2215,中国石油大学(北京)[公办],,应用化学,,,591,13583
2215,中国石油大学(北京)[公办],,地球物理学类,,,579,19795
2215,中国石油大学(北京)[公办],,机械类,,,593,12676
2215,中国石油大学(北京)[公办],,材料科学与工程,,,588,14950
2215,中国石油大学(北京)[公办],,能源与动力工程,,,594,12236
2215,中国石油大学(北京)[公办],,新能源科学与工程,,,597,10996
2215,中国石油大学(北京)[公办],,储能科学与工程,,,595,11821
2215,中国石油大学(北京)[公办],,电子信息工程,,,602,9065
2215,中国石油大学(北京)[公办],,人工智能,,,601,9445
2215,中国石油大学(北京)[公办],,自动化,,,601,9445
2215,中国石油大学(北京)[公办],,计算机科学与技术,,,604,8390
2215,中国石油大学(北京)[公办],,化工与制药类,,,586,15960
2215,中国石油大学(北京)[公办],,地质类,,,579,19795
2215,中国石油大学(北京)[公办],,石油工程,,,589,14462
2215,中国石油大学(北京)[公办],,油气储运工程,,,591,13583
2215,中国石油大学(北京)[公办],,海洋油气工程,,,586,15960
2215,中国石油大学(北京)[公办],,碳储科学与工程,,,592,13125
2215,中国石油大学(北京)[公办],,环境科学与工程类,,,585,16469
2215,中国石油大学(北京)[公办],,安全工程,,,586,15960
2215,中国石油大学(北京)[公办],,信息管理与信息系统,,,596,11399
2215,中国石油大学(北京)[公办],,工商管理类,,,593,12676
2217,中国石油大学(北京)克拉玛依校区[公办],,经济学类,,,551,40256
2217,中国石油大学(北京)克拉玛依校区[公办],,英语,,,550,40256
2217,中国石油大学(北京)克拉玛依校区[公办],,数学与应用数学,,,552,38584
2217,中国石油大学(北京)克拉玛依校区[公办],,统计学,,,551,40256
2217,中国石油大学(北京)克拉玛依校区[公办],,机械类,,,550,40256
2217,中国石油大学(北京)克拉玛依校区[公办],,自动化,,,560,32247
2217,中国石油大学(北京)克拉玛依校区[公办],,计算机类,,,563,30033
2217,中国石油大学(北京)克拉玛依校区[公办],,化学工程与工艺,,,546,43628
2217,中国石油大学(北京)克拉玛依校区[公办],,能源化学工程,,,549,41073
2217,中国石油大学(北京)克拉玛依校区[公办],,勘查技术与工程,,,550,40256
2217,中国石油大学(北京)克拉玛依校区[公办],,资源勘查工程,,,547,42788
2217,中国石油大学(北京)克拉玛依校区[公办],,石油工程,,,552,38584
2217,中国石油大学(北京)克拉玛依校区[公办],,油气储运工程,,,552,38584
2217,中国石油大学(北京)克拉玛依校区[公办],,环境工程,,,546,43628
2217,中国石油大学(北京)克拉玛依校区[公办],,安全工程,,,549,41073
2217,中国石油大学(北京)克拉玛依校区[公办],,会计学,,,554,36948
2217,中国石油大学(北京)克拉玛依校区[公办],,行政管理,,,546,43628
2220,中国石油大学(华东)(青岛市)[公办],,经济学,,,590,14004
2220,中国石油大学(华东)(青岛市)[公办],,法学,,,591,13583
2220,中国石油大学(华东)(青岛市)[公办],,汉语言文学,,,586,15960
2220,中国石油大学(华东)(青岛市)[公办],,英语,,,587,15439
2220,中国石油大学(华东)(青岛市)[公办],,俄语,,,578,20380
2220,中国石油大学(华东)(青岛市)[公办],,数学类,,,588,14950
2220,中国石油大学(华东)(青岛市)[公办],,应用物理学,,,585,16469
2220,中国石油大学(华东)(青岛市)[公办],,化学,,,587,15439
2220,中国石油大学(华东)(青岛市)[公办],,应用化学,,,581,18643
2220,中国石油大学(华东)(青岛市)[公办],,地理信息科学,,,586,15960
2220,中国石油大学(华东)(青岛市)[公办],,地球物理学,,,578,20380
2220,中国石油大学(华东)(青岛市)[公办],,地质学,,,576,21536
2220,中国石油大学(华东)(青岛市)[公办],,工程力学,,,580,19205
2220,中国石油大学(华东)(青岛市)[公办],,机械类(智能装备工程),,,586,15960
2220,中国石油大学(华东)(青岛市)[公办],,工业设计,,,587,15439
2220,中国石油大学(华东)(青岛市)[公办],,过程装备与控制工程,,,579,19795
2220,中国石油大学(华东)(青岛市)[公办],,测控技术与仪器,,,588,14950
2220,中国石油大学(华东)(青岛市)[公办],,智能感知工程,,,587,15439
2220,中国石油大学(华东)(青岛市)[公办],,材料类,,,576,21536
2220,中国石油大学(华东)(青岛市)[公办],,材料类(本研一体班),,,587,15439
2220,中国石油大学(华东)(青岛市)[公办],,能源与动力工程,,,589,14462
2220,中国石油大学(华东)(青岛市)[公办],,新能源科学与工程,,,592,13125
2220,中国石油大学(华东)(青岛市)[公办],,储能科学与工程,,,590,14004
2220,中国石油大学(华东)(青岛市)[公办],,电气工程及其自动化,,,592,13125
2220,中国石油大学(华东)(青岛市)[公办],,电子信息工程,,,595,11821
2220,中国石油大学(华东)(青岛市)[公办],,通信工程,,,594,12236
2220,中国石油大学(华东)(青岛市)[公办],,光电信息科学与工程,,,592,13125
2220,中国石油大学(华东)(青岛市)[公办],,自动化,,,594,12236
2220,中国石油大学(华东)(青岛市)[公办],,计算机科学与技术,,,598,10589
2220,中国石油大学(华东)(青岛市)[公办],,软件工程,,,595,11821
2220,中国石油大学(华东)(青岛市)[公办],,智能科学与技术,,,595,11821
2220,中国石油大学(华东)(青岛市)[公办],,数据科学与大数据技术,,,594,12236
2220,中国石油大学(华东)(青岛市)[公办],,土木工程,,,583,17536
2220,中国石油大学(华东)(青岛市)[公办],,建筑环境与能源应用工程,,,576,21536
2220,中国石油大学(华东)(青岛市)[公办],,测绘工程,,,580,19205
2220,中国石油大学(华东)(青岛市)[公办],,化学工程与工艺,,,580,19205
2220,中国石油大学(华东)(青岛市)[公办],,能源化学工程,,,584,17032
2220,中国石油大学(华东)(青岛市)[公办],,化工安全工程,,,574,22729
2220,中国石油大学(华东)(青岛市)[公办],,勘查技术与工程(测井),,,572,23984
2220,中国石油大学(华东)(青岛市)[公办],,勘查技术与工程(物探),,,577,20936
2220,中国石油大学(华东)(青岛市)[公办],,资源勘查工程,,,574,22729
2220,中国石油大学(华东)(青岛市)[公办],,石油工程,,,582,18065
2220,中国石油大学(华东)(青岛市)[公办],,油气储运工程,,,580,19205
2220,中国石油大学(华东)(青岛市)[公办],,海洋油气工程,,,580,19205
2220,中国石油大学(华东)(青岛市)[公办],,船舶与海洋工程,,,578,20380
2220,中国石油大学(华东)(青岛市)[公办],,环境工程,,,576,21536
2220,中国石油大学(华东)(青岛市)[公办],,环保设备工程,,,576,21536
2220,中国石油大学(华东)(青岛市)[公办],,建筑学,,,585,16469
2220,中国石油大学(华东)(青岛市)[公办],,安全工程,,,584,17032
2220,中国石油大学(华东)(青岛市)[公办],,管理科学与工程类,,,584,17032
2220,中国石油大学(华东)(青岛市)[公办],,市场营销,,,580,19205
2220,中国石油大学(华东)(青岛市)[公办],,会计学,,,592,13125
2226,中国药科大学(南京市)[公办],,生物技术,,,585,16469
2226,中国药科大学(南京市)[公办],,化工与制药类,,,585,16469
2226,中国药科大学(南京市)[公办],,生物制药,,,592,13125
2226,中国药科大学(南京市)[公办],,药学类,,,590,14004
2226,中国药科大学(南京市)[公办],,药学(本博贯通强基拔尖实验班),,,616,5107
2226,中国药科大学(南京市)[公办],,药学(基础药学理科基地),,,616,5107
2226,中国药科大学(南京市)[公办],,药学(国家生命科学与技术人才培养基地),,,613,5819
2226,中国药科大学(南京市)[公办],,临床药学,,,602,9065
2226,中国药科大学(南京市)[公办],,中药学类,,,584,17032
2226,中国药科大学(南京市)[公办],,临床药学(中外合作办学),,,563,30033
2228,中国医科大学(沈阳市)[公办],,临床医学,,,632,2283
2228,中国医科大学(沈阳市)[公办],,临床医学(5+3一体化),,,621,4073
2228,中国医科大学(沈阳市)[公办],,临床医学(5+3一体化，儿科学),,,613,5819
2228,中国医科大学(沈阳市)[公办],,临床医学,,,609,6887
2228,中国医科大学(沈阳市)[公办],,临床医学(检验医师培养试验班),,,620,4276
2228,中国医科大学(沈阳市)[公办],,医学影像学,,,599,10212
2228,中国医科大学(沈阳市)[公办],,口腔医学,,,615,5323
2228,中国医科大学(沈阳市)[公办],,临床药学,,,589,14462
2228,中国医科大学(沈阳市)[公办],,生物技术(中外合作办学),,,527,61435
2228,中国医科大学(沈阳市)[公办],,药物制剂(中外合作办学),,,538,50883
2230,中国政法大学(北京市)[公办],,经济学,,,619,4458
2230,中国政法大学(北京市)[公办],,金融工程(成思危现代金融菁英班),,,616,5107
2230,中国政法大学(北京市)[公办],,法学,,,627,3008
2230,中国政法大学(北京市)[公办],,法学(法学人才培养模式改革实验班),,,635,1889
2230,中国政法大学(北京市)[公办],,英语(法律英语实验班),,,617,4895
2230,中国政法大学(北京市)[公办],,新闻学,,,614,5569
2230,中国政法大学(北京市)[公办],,网络与新媒体,,,620,4276
2230,中国政法大学(北京市)[公办],,信息管理与信息系统(法治信息管理实验班),,,615,5323
2230,中国政法大学(北京市)[公办],,工商管理,,,610,6588
2230,中国政法大学(北京市)[公办],,国际商务,,,610,6588
2230,中国政法大学(北京市)[公办],,公共事业管理,,,618,4687
2232,中华女子学院(北京市)[公办],,金融学,,,533,55500
2232,中华女子学院(北京市)[公办],,法学,,,540,49002
2232,中华女子学院(北京市)[公办],,社会工作,,,527,61435
2232,中华女子学院(北京市)[公办],,数字媒体技术,,,528,60450
2232,中华女子学院(北京市)[公办],,会计学,,,530,58518
2232,中华女子学院(北京市)[公办],,人力资源管理,,,526,62390
2234,中南财经政法大学(武汉市)[公办],,经济管理试验班,,,611,6343
2234,中南财经政法大学(武汉市)[公办],,经济学类,,,609,6887
2234,中南财经政法大学(武汉市)[公办],,财政学类,,,607,7470
2234,中南财经政法大学(武汉市)[公办],,金融学类,,,611,6343
2234,中南财经政法大学(武汉市)[公办],,金融学类(保险精算),,,610,6588
2234,中南财经政法大学(武汉市)[公办],,金融数学,,,605,8076
2234,中南财经政法大学(武汉市)[公办],,法学类,,,615,5323
2234,中南财经政法大学(武汉市)[公办],,外国语言文学类,,,594,12236
2234,中南财经政法大学(武汉市)[公办],,法语,,,596,11399
2234,中南财经政法大学(武汉市)[公办],,日语,,,587,15439
2234,中南财经政法大学(武汉市)[公办],,新闻传播学类,,,600,9823
2234,中南财经政法大学(武汉市)[公办],,统计学类,,,604,8390
2234,中南财经政法大学(武汉市)[公办],,计算机类,,,600,9823
2234,中南财经政法大学(武汉市)[公办],,环境工程,,,588,14950
2234,中南财经政法大学(武汉市)[公办],,管理科学与工程类,,,597,10996
2234,中南财经政法大学(武汉市)[公办],,工商管理类,,,601,9445
2234,中南财经政法大学(武汉市)[公办],,工商管理类(会计学院),,,609,6887
2234,中南财经政法大学(武汉市)[公办],,国际商务,,,604,8390
2234,中南财经政法大学(武汉市)[公办],,公共管理类,,,597,10996
2235,中南大学(长沙市)[公办],,金融学类(经济管理类),,,618,4687
2235,中南大学(长沙市)[公办],,数学类(数学物理类),,,613,5819
2235,中南大学(长沙市)[公办],,机械类,,,609,6887
2235,中南大学(长沙市)[公办],,材料类(冶金材料类),,,601,9445
2235,中南大学(长沙市)[公办],,能源动力类(能源类),,,609,6887
2235,中南大学(长沙市)[公办],,电子信息类,,,620,4276
2235,中南大学(长沙市)[公办],,自动化类(自动化与电气类),,,616,5107
2235,中南大学(长沙市)[公办],,计算机类(计算机与通信类),,,622,3900
2235,中南大学(长沙市)[公办],,软件工程,,,619,4458
2235,中南大学(长沙市)[公办],,土木类(土木安全类),,,601,9445
2235,中南大学(长沙市)[公办],,化工与制药类(化学生物环境类),,,604,8390
2235,中南大学(长沙市)[公办],,交通运输类,,,607,7470
2235,中南大学(长沙市)[公办],,航空航天类,,,613,5819
2235,中南大学(长沙市)[公办],,建筑类(建筑城规类),,,609,6887
2235,中南大学(长沙市)[公办],,临床医学类(临床及口腔五年制医学类),,,625,3338
2235,中南大学(长沙市)[公办],,临床医学(八年制),,,649,764
2235,中南大学(长沙市)[公办],,公共卫生与预防医学类(非临床五年制医学类),,,597,10996
2235,中南大学(长沙市)[公办],,材料科学与工程(中外合作办学)(中南大学和蒙纳士大学中外合作办学项目),,,588,14950
2235,中南大学(长沙市)[公办],,土木工程(中外合作办学)(中南大学和蒙纳士大学中外合作办学项目),,,583,17536
2237,中南林业科技大学[公办],,金融学类,,,548,41891
2237,中南林业科技大学[公办],,法学,,,554,36948
2237,中南林业科技大学[公办],,外国语言文学类,,,546,43628
2237,中南林业科技大学[公办],,俄语,,,544,45381
2237,中南林业科技大学[公办],,朝鲜语,,,508,81575
2237,中南林业科技大学[公办],,信息与计算科学,,,550,40256
2237,中南林业科技大学[公办],,应用物理学,,,543,46278
2237,中南林业科技大学[公办],,地理信息科学,,,542,47194
2237,中南林业科技大学[公办],,生物科学类,,,537,51825
2237,中南林业科技大学[公办],,工程力学,,,535,53694
2237,中南林业科技大学[公办],,机械类,,,542,47194
2237,中南林业科技大学[公办],,工业设计,,,544,45381
2237,中南林业科技大学[公办],,材料类,,,525,63402
2237,中南林业科技大学[公办],,能源动力类,,,540,49002
2237,中南林业科技大学[公办],,电子信息类,,,552,38584
2237,中南林业科技大学[公办],,人工智能,,,550,40256
2237,中南林业科技大学[公办],,自动化,,,550,40256
2237,中南林业科技大学[公办],,计算机类,,,557,34586
2237,中南林业科技大学[公办],,土木类,,,530,58518
2237,中南林业科技大学[公办],,测绘工程,,,526,62390
2237,中南林业科技大学[公办],,化学工程与工艺,,,526,62390
2237,中南林业科技大学[公办],,森林工程,,,529,59504
2237,中南林业科技大学[公办],,木材科学与工程,,,512,76936
2237,中南林业科技大学[公办],,林产化工,,,521,67552
2237,中南林业科技大学[公办],,家具设计与工程,,,522,66475
2237,中南林业科技大学[公办],,环境科学与工程类,,,526,62390
2237,中南林业科技大学[公办],,食品科学与工程类,,,533,55500
2237,中南林业科技大学[公办],,建筑类,,,539,49949
2237,中南林业科技大学[公办],,风景园林,,,553,37725
2237,中南林业科技大学[公办],,生物工程,,,537,51825
2237,中南林业科技大学[公办],,园艺,,,531,57544
2237,中南林业科技大学[公办],,水土保持与荒漠化防治,,,512,76936
2237,中南林业科技大学[公办],,林学类,,,521,67552
2237,中南林业科技大学[公办],,园林,,,536,52757
2237,中南林业科技大学[公办],,工程管理,,,534,54574
2237,中南林业科技大学[公办],,工商管理类,,,540,49002
2237,中南林业科技大学[公办],,会计学,,,552,38584
2237,中南林业科技大学[公办],,行政管理,,,552,38584
2237,中南林业科技大学[公办],,土地资源管理,,,529,59504
2237,中南林业科技大学[公办],,物流管理,,,533,55500
2237,中南林业科技大学[公办],,物流工程,,,533,55500
2237,中南林业科技大学[公办],,供应链管理,,,535,53694
2237,中南林业科技大学[公办],,旅游管理类,,,511,78116
2237,中南林业科技大学[公办],,金融学(中外合作办学),,,525,63402
2237,中南林业科技大学[公办],,电子信息工程(中外合作办学),,,506,83767
2237,中南林业科技大学[公办],,林学(中外合作办学),,,502,88336
2237,中南林业科技大学[公办],,会计学(中外合作办学),,,518,70669
2239,中南民族大学(武汉市)[公办],,经济学类,,,566,27894
2239,中南民族大学(武汉市)[公办],,数学类,,,562,30764
2239,中南民族大学(武汉市)[公办],,电子信息类,,,564,29282
2239,中南民族大学(武汉市)[公办],,自动化类,,,559,33069
2239,中南民族大学(武汉市)[公办],,环境科学与工程类,,,534,54574
2239,中南民族大学(武汉市)[公办],,药学类,,,531,57544
2239,中南民族大学(武汉市)[公办],,管理科学与工程类,,,538,50883
2239,中南民族大学(武汉市)[公办],,工商管理类,,,562,30764
2240,中山大学[公办],,经济学类(珠海),,,628,2846
2240,中山大学[公办],,化学类,,,621,4073
2240,中山大学[公办],,电子信息类(广州),,,631,2418
2240,中山大学[公办],,人工智能,,,628,2846
2240,中山大学[公办],,航空航天类,,,622,3900
2240,中山大学[公办],,临床医学(八年制),,,653,560
2240,中山大学[公办],,临床医学(深圳),,,629,2693
2240,中山大学[公办],,口腔医学,,,630,2544
2240,中山大学[公办],,工商管理类(广州),,,628,2846
2242,中央财经大学(北京市)[公办],,经济学(数理经济与数理金融),,,638,1604
2242,中央财经大学(北京市)[公办],,财政学类,,,627,3008
2242,中央财经大学(北京市)[公办],,金融学类,,,638,1604
2242,中央财经大学(北京市)[公办],,金融学(国际金融与公司理财),,,641,1334
2242,中央财经大学(北京市)[公办],,保险学,,,630,2544
2242,中央财经大学(北京市)[公办],,投资学,,,630,2544
2242,中央财经大学(北京市)[公办],,精算学,,,629,2693
2242,中央财经大学(北京市)[公办],,经济与贸易类,,,627,3008
2242,中央财经大学(北京市)[公办],,数学类,,,624,3506
2242,中央财经大学(北京市)[公办],,统计学类,,,631,2418
2242,中央财经大学(北京市)[公办],,计算机类,,,624,3506
2242,中央财经大学(北京市)[公办],,大数据管理与应用(许国志大数据英才班),,,627,3008
2242,中央财经大学(北京市)[公办],,工商管理类(会计学院),,,628,2846
2242,中央财经大学(北京市)[公办],,工商管理类(商学院),,,620,4276
2242,中央财经大学(北京市)[公办],,国际经济与贸易(中外合作办学)(国际贸易、金融风险管理),,,613,5819
2245,中央民族大学(北京市)[公办],,经济学类,,,604,8390
2245,中央民族大学(北京市)[公办],,法学类,,,608,7171
2245,中央民族大学(北京市)[公办],,教育学,,,598,10589
2245,中央民族大学(北京市)[公办],,外国语言文学类,,,603,8730
2245,中央民族大学(北京市)[公办],,新闻传播学类,,,602,9065
2245,中央民族大学(北京市)[公办],,信息与计算科学,,,603,8730
2245,中央民族大学(北京市)[公办],,生物科学类,,,598,10589
2245,中央民族大学(北京市)[公办],,统计学类,,,603,8730
2245,中央民族大学(北京市)[公办],,纳米材料与技术,,,597,10996
2245,中央民族大学(北京市)[公办],,电子信息类,,,606,7785
2245,中央民族大学(北京市)[公办],,光电信息科学与工程,,,603,8730
2245,中央民族大学(北京市)[公办],,计算机类,,,608,7171
2245,中央民族大学(北京市)[公办],,环境科学与工程类,,,597,10996
2245,中央民族大学(北京市)[公办],,工商管理类,,,602,9065
2251,中原工学院(郑州市)[公办],,数学类,,,512,76936
2251,中原工学院(郑州市)[公办],,机械类,,,518,70669
2251,中原工学院(郑州市)[公办],,材料成型及控制工程,,,507,82620
2251,中原工学院(郑州市)[公办],,材料类,,,503,87191
2251,中原工学院(郑州市)[公办],,自动化,,,520,68611
2251,中原工学院(郑州市)[公办],,计算机类,,,526,62390
2251,中原工学院(郑州市)[公办],,数据科学与大数据技术,,,521,67552
2251,中原工学院(郑州市)[公办],,建筑环境与能源应用工程,,,504,86042
2251,中原工学院(郑州市)[公办],,纺织工程,,,495,96518
2251,中原工学院(郑州市)[公办],,航空航天类,,,510,79317
2251,中原工学院(郑州市)[公办],,会计学,,,518,70669
2253,周口师范学院[公办],,国际经济与贸易,,,490,102500
2253,周口师范学院[公办],,法学,,,499,91783
2253,周口师范学院[公办],,学前教育,,,488,104962
2253,周口师范学院[公办],,小学教育,,,501,89173
2253,周口师范学院[公办],,英语,,,504,86042
2253,周口师范学院[公办],,日语,,,490,102500
2253,周口师范学院[公办],,数学与应用数学,,,499,91783
2253,周口师范学院[公办],,信息与计算科学,,,491,101322
2253,周口师范学院[公办],,物理学,,,490,102500
2253,周口师范学院[公办],,化学,,,490,102500
2253,周口师范学院[公办],,应用化学,,,482,112324
2253,周口师范学院[公办],,生物科学,,,504,86042
2253,周口师范学院[公办],,生物技术,,,484,109959
2253,周口师范学院[公办],,心理学,,,491,101322
2253,周口师范学院[公办],,应用统计学,,,487,106171
2253,周口师范学院[公办],,机械设计制造及其自动化,,,490,102500
2253,周口师范学院[公办],,机械电子工程,,,488,104962
2253,周口师范学院[公办],,材料化学,,,479,116040
2253,周口师范学院[公办],,电气工程及其自动化,,,497,94131
2253,周口师范学院[公办],,电子信息工程,,,493,98867
2253,周口师范学院[公办],,光电信息科学与工程,,,483,111133
2253,周口师范学院[公办],,自动化,,,488,104962
2253,周口师范学院[公办],,机器人工程,,,487,106171
2253,周口师范学院[公办],,计算机科学与技术,,,501,89173
2253,周口师范学院[公办],,数据科学与大数据技术,,,493,98867
2253,周口师范学院[公办],,网络空间安全,,,495,96518
2253,周口师范学院[公办],,建筑电气与智能化(电气智能控制),,,482,112324
2253,周口师范学院[公办],,化学工程与工艺,,,479,116040
2253,周口师范学院[公办],,环境工程,,,482,112324
2253,周口师范学院[公办],,食品质量与安全,,,484,109959
2253,周口师范学院[公办],,生物工程,,,482,112324
2253,周口师范学院[公办],,生物制药,,,484,109959
2253,周口师范学院[公办],,人力资源管理,,,495,96518
2253,周口师范学院[公办],,物流管理,,,485,108714
2253,周口师范学院[公办],,电子商务,,,486,107443
2255,珠海科技学院[民办],,金融学,,,472,124770
2255,珠海科技学院[民办],,广告学,,,468,129759
2255,珠海科技学院[民办],,机械设计制造及其自动化,,,466,132235
2255,珠海科技学院[民办],,通信工程,,,469,128494
2255,珠海科技学院[民办],,电子信息科学与技术,,,476,119752
2255,珠海科技学院[民办],,机器人工程,,,464,134859
2255,珠海科技学院[民办],,计算机科学与技术,,,493,98867
2255,珠海科技学院[民办],,软件工程,,,485,108714
2255,珠海科技学院[民办],,智能科学与技术,,,465,133566
2255,珠海科技学院[民办],,数据科学与大数据技术,,,474,122219
2255,珠海科技学院[民办],,药物制剂,,,452,149859
2255,珠海科技学院[民办],,药物分析,,,451,151103
2255,珠海科技学院[民办],,护理学,,,456,144801
2255,珠海科技学院[民办],,会计学,,,465,133566
2255,珠海科技学院[民办],,物流工程,,,462,137255
2255,珠海科技学院[民办],,酒店管理,,,450,152346
2263,遵义医科大学[公办],,临床医学,,,561,31495
2263,遵义医科大学[公办],,临床医学,,,569,25895
2263,遵义医科大学[公办],,口腔医学,,,585,16469
